col,lig,centre_x,centre_y,kills_depuis,morts_dedans,portee_mediane_m,denivele_median_m,matchs_kills,matchs_presence,matchs_distincts,occupation_gagnants_ms,occupation_perdants_ms
-1393,-204,-696.250,-101.750,0,0,0.000,0.000,0,1,1,0.000,100.000
-52,2,-25.750,1.250,0,0,0.000,0.000,0,1,1,500.000,0.000
-52,8,-25.750,4.250,0,1,0.000,0.000,1,0,1,0.000,0.000
-52,9,-25.750,4.750,1,0,3.188,1.423,1,0,1,0.000,0.000
-52,10,-25.750,5.250,0,0,0.000,0.000,0,1,1,0.000,100.000
-51,1,-25.250,0.750,0,0,0.000,0.000,0,1,1,100.000,0.000
-51,2,-25.250,1.250,0,0,0.000,0.000,0,1,1,500.000,0.000
-51,3,-25.250,1.750,0,0,0.000,0.000,0,2,2,100.000,300.000
-51,4,-25.250,2.250,0,0,0.000,0.000,0,1,1,600.000,0.000
-51,7,-25.250,3.750,0,0,0.000,0.000,0,1,1,0.000,300.000
-51,8,-25.250,4.250,0,0,0.000,0.000,0,1,1,0.000,300.000
-51,9,-25.250,4.750,0,0,0.000,0.000,0,1,1,0.000,200.000
-51,10,-25.250,5.250,0,0,0.000,0.000,0,1,1,0.000,400.000
-51,11,-25.250,5.750,0,0,0.000,0.000,0,1,1,0.000,400.000
-51,12,-25.250,6.250,0,0,0.000,0.000,0,1,1,0.000,100.000
-51,14,-25.250,7.250,0,0,0.000,0.000,0,3,3,5000.000,5800.000
-51,15,-25.250,7.750,0,0,0.000,0.000,0,3,3,1100.000,4600.000
-50,-5,-24.750,-2.250,2,2,0.134,0.000,1,0,1,0.000,0.000
-50,-3,-24.750,-1.250,0,0,0.000,0.000,0,1,1,0.000,300.000
-50,-2,-24.750,-0.750,0,1,0.000,0.000,1,1,2,0.000,200.000
-50,-1,-24.750,-0.250,0,0,0.000,0.000,0,3,3,500.000,600.000
-50,0,-24.750,0.250,0,0,0.000,0.000,0,2,2,200.000,300.000
-50,1,-24.750,0.750,0,1,0.000,0.000,1,3,4,600.000,300.000
-50,2,-24.750,1.250,0,1,0.000,0.000,1,2,3,100.000,300.000
-50,3,-24.750,1.750,1,0,5.201,-0.009,1,2,3,500.000,100.000
-50,4,-24.750,2.250,0,0,0.000,0.000,0,2,2,800.000,500.000
-50,5,-24.750,2.750,0,0,0.000,0.000,0,2,2,1200.000,500.000
-50,6,-24.750,3.250,1,0,3.842,0.000,1,2,3,1100.000,700.000
-50,7,-24.750,3.750,2,0,5.003,0.685,2,2,4,600.000,700.000
-50,8,-24.750,4.250,0,0,0.000,0.000,0,2,2,200.000,1000.000
-50,9,-24.750,4.750,0,0,0.000,0.000,0,2,2,500.000,800.000
-50,10,-24.750,5.250,0,0,0.000,0.000,0,2,2,300.000,200.000
-50,11,-24.750,5.750,0,0,0.000,0.000,0,2,2,200.000,100.000
-50,12,-24.750,6.250,0,0,0.000,0.000,0,1,1,0.000,500.000
-50,13,-24.750,6.750,0,0,0.000,0.000,0,2,2,400.000,300.000
-50,14,-24.750,7.250,0,1,0.000,0.000,1,3,4,1000.000,1800.000
-50,15,-24.750,7.750,0,0,0.000,0.000,0,3,3,400.000,1100.000
-49,-4,-24.250,-1.750,0,0,0.000,0.000,0,1,1,0.000,200.000
-49,-3,-24.250,-1.250,0,0,0.000,0.000,0,1,1,200.000,0.000
-49,-2,-24.250,-0.750,0,0,0.000,0.000,0,3,3,900.000,400.000
-49,-1,-24.250,-0.250,0,0,0.000,0.000,0,3,3,500.000,200.000
-49,0,-24.250,0.250,0,1,0.000,0.000,1,0,1,0.000,0.000
-49,1,-24.250,0.750,0,0,0.000,0.000,0,3,3,400.000,700.000
-49,2,-24.250,1.250,0,0,0.000,0.000,0,3,3,800.000,500.000
-49,3,-24.250,1.750,0,0,0.000,0.000,0,3,3,1300.000,100.000
-49,4,-24.250,2.250,0,0,0.000,0.000,0,3,3,700.000,100.000
-49,5,-24.250,2.750,1,1,2.697,0.000,2,3,5,800.000,400.000
-49,6,-24.250,3.250,0,0,0.000,0.000,0,3,3,300.000,500.000
-49,7,-24.250,3.750,0,0,0.000,0.000,0,3,3,600.000,800.000
-49,8,-24.250,4.250,0,0,0.000,0.000,0,3,3,800.000,1000.000
-49,9,-24.250,4.750,0,1,0.000,0.000,1,2,3,300.000,0.000
-49,10,-24.250,5.250,1,0,7.896,3.022,1,2,3,300.000,400.000
-49,11,-24.250,5.750,0,0,0.000,0.000,0,2,2,400.000,600.000
-49,12,-24.250,6.250,0,0,0.000,0.000,0,2,2,200.000,600.000
-49,13,-24.250,6.750,0,0,0.000,0.000,0,2,2,400.000,500.000
-49,14,-24.250,7.250,0,0,0.000,0.000,0,3,3,500.000,2500.000
-49,15,-24.250,7.750,0,0,0.000,0.000,0,3,3,400.000,600.000
-48,-5,-23.750,-2.250,0,0,0.000,0.000,0,2,2,400.000,200.000
-48,-4,-23.750,-1.750,0,0,0.000,0.000,0,2,2,200.000,100.000
-48,-3,-23.750,-1.250,0,0,0.000,0.000,0,1,1,100.000,0.000
-48,-2,-23.750,-0.750,0,0,0.000,0.000,0,3,3,500.000,200.000
-48,-1,-23.750,-0.250,0,0,0.000,0.000,0,3,3,600.000,300.000
-48,0,-23.750,0.250,0,0,0.000,0.000,0,1,1,0.000,600.000
-48,1,-23.750,0.750,2,0,3.465,-0.061,2,2,4,700.000,300.000
-48,2,-23.750,1.250,0,0,0.000,0.000,0,2,2,800.000,400.000
-48,3,-23.750,1.750,0,0,0.000,0.000,0,2,2,300.000,200.000
-48,4,-23.750,2.250,0,0,0.000,0.000,0,2,2,500.000,200.000
-48,5,-23.750,2.750,0,0,0.000,0.000,0,1,1,0.000,100.000
-48,6,-23.750,3.250,0,1,0.000,0.000,1,1,2,0.000,600.000
-48,7,-23.750,3.750,0,0,0.000,0.000,0,2,2,300.000,200.000
-48,8,-23.750,4.250,1,0,4.466,2.723,1,2,3,200.000,1100.000
-48,9,-23.750,4.750,1,0,10.946,1.590,1,0,1,0.000,0.000
-48,10,-23.750,5.250,0,0,0.000,0.000,0,1,1,300.000,0.000
-48,12,-23.750,6.250,1,0,9.592,2.205,1,1,2,500.000,0.000
-48,13,-23.750,6.750,0,1,0.000,0.000,1,3,4,500.000,400.000
-48,14,-23.750,7.250,1,0,0.451,0.000,1,3,4,600.000,2800.000
-48,15,-23.750,7.750,0,0,0.000,0.000,0,3,3,400.000,1200.000
-47,-12,-23.250,-5.750,0,0,0.000,0.000,0,3,3,200.000,400.000
-47,-11,-23.250,-5.250,0,0,0.000,0.000,0,1,1,100.000,200.000
-47,-10,-23.250,-4.750,1,1,0.322,0.237,1,3,4,500.000,300.000
-47,-9,-23.250,-4.250,0,0,0.000,0.000,0,1,1,200.000,0.000
-47,-7,-23.250,-3.250,0,0,0.000,0.000,0,2,2,900.000,200.000
-47,-6,-23.250,-2.750,0,0,0.000,0.000,0,2,2,1600.000,900.000
-47,-5,-23.250,-2.250,0,1,0.000,0.000,1,2,3,1500.000,900.000
-47,-4,-23.250,-1.750,0,0,0.000,0.000,0,2,2,600.000,300.000
-47,-3,-23.250,-1.250,0,0,0.000,0.000,0,2,2,600.000,500.000
-47,-2,-23.250,-0.750,0,0,0.000,0.000,0,3,3,1400.000,400.000
-47,-1,-23.250,-0.250,0,0,0.000,0.000,0,3,3,1200.000,400.000
-47,0,-23.250,0.250,0,1,0.000,0.000,1,2,3,700.000,100.000
-47,1,-23.250,0.750,0,0,0.000,0.000,0,2,2,500.000,500.000
-47,2,-23.250,1.250,0,0,0.000,0.000,0,2,2,400.000,200.000
-47,3,-23.250,1.750,0,0,0.000,0.000,0,2,2,300.000,0.000
-47,4,-23.250,2.250,0,0,0.000,0.000,0,1,1,0.000,300.000
-47,5,-23.250,2.750,0,0,0.000,0.000,0,1,1,0.000,200.000
-47,7,-23.250,3.750,0,0,0.000,0.000,0,1,1,0.000,600.000
-47,8,-23.250,4.250,0,0,0.000,0.000,0,2,2,600.000,300.000
-47,9,-23.250,4.750,0,0,0.000,0.000,0,2,2,200.000,400.000
-47,11,-23.250,5.750,0,0,0.000,0.000,0,2,2,200.000,100.000
-47,12,-23.250,6.250,0,0,0.000,0.000,0,1,1,0.000,800.000
-47,13,-23.250,6.750,0,0,0.000,0.000,0,3,3,1000.000,300.000
-47,14,-23.250,7.250,0,0,0.000,0.000,0,3,3,700.000,2000.000
-47,15,-23.250,7.750,0,0,0.000,0.000,0,3,3,200.000,800.000
-46,-12,-22.750,-5.750,0,0,0.000,0.000,0,3,3,200.000,800.000
-46,-11,-22.750,-5.250,0,1,0.000,0.000,1,1,2,300.000,200.000
-46,-10,-22.750,-4.750,1,0,7.446,0.097,1,2,3,200.000,700.000
-46,-9,-22.750,-4.250,0,1,0.000,0.000,1,2,3,500.000,200.000
-46,-8,-22.750,-3.750,0,0,0.000,0.000,0,2,2,1100.000,700.000
-46,-7,-22.750,-3.250,0,0,0.000,0.000,0,2,2,2700.000,500.000
-46,-6,-22.750,-2.750,0,0,0.000,0.000,0,2,2,1300.000,300.000
-46,-5,-22.750,-2.250,0,0,0.000,0.000,0,2,2,600.000,300.000
-46,-4,-22.750,-1.750,0,0,0.000,0.000,0,2,2,1200.000,400.000
-46,-3,-22.750,-1.250,0,0,0.000,0.000,0,2,2,100.000,500.000
-46,-2,-22.750,-0.750,0,0,0.000,0.000,0,3,3,300.000,300.000
-46,-1,-22.750,-0.250,0,0,0.000,0.000,0,3,3,600.000,2100.000
-46,0,-22.750,0.250,1,0,0.331,0.000,1,2,3,500.000,300.000
-46,1,-22.750,0.750,0,0,0.000,0.000,0,2,2,800.000,500.000
-46,2,-22.750,1.250,0,0,0.000,0.000,0,1,1,1600.000,0.000
-46,3,-22.750,1.750,0,0,0.000,0.000,0,2,2,500.000,200.000
-46,4,-22.750,2.250,0,0,0.000,0.000,0,1,1,200.000,0.000
-46,5,-22.750,2.750,0,0,0.000,0.000,0,2,2,300.000,300.000
-46,7,-22.750,3.750,0,0,0.000,0.000,0,1,1,0.000,700.000
-46,8,-22.750,4.250,0,1,0.000,0.000,1,2,3,400.000,600.000
-46,9,-22.750,4.750,0,0,0.000,0.000,0,2,2,200.000,700.000
-46,10,-22.750,5.250,0,2,0.000,0.000,2,2,4,100.000,1500.000
-46,11,-22.750,5.750,0,1,0.000,0.000,1,3,4,4200.000,10600.000
-46,12,-22.750,6.250,0,0,0.000,0.000,0,1,1,0.000,100.000
-46,13,-22.750,6.750,0,0,0.000,0.000,0,2,2,400.000,400.000
-46,14,-22.750,7.250,1,0,6.713,0.351,1,3,4,1100.000,1800.000
-46,15,-22.750,7.750,0,0,0.000,0.000,0,3,3,500.000,600.000
-45,-12,-22.250,-5.750,0,1,0.000,0.000,1,2,3,0.000,600.000
-45,-11,-22.250,-5.250,0,0,0.000,0.000,0,2,2,500.000,400.000
-45,-10,-22.250,-4.750,0,0,0.000,0.000,0,3,3,1100.000,700.000
-45,-9,-22.250,-4.250,1,1,0.306,0.000,1,2,3,900.000,700.000
-45,-8,-22.250,-3.750,0,0,0.000,0.000,0,2,2,1100.000,200.000
-45,-7,-22.250,-3.250,1,1,2.174,0.773,2,2,3,1800.000,300.000
-45,-5,-22.250,-2.250,0,0,0.000,0.000,0,1,1,300.000,0.000
-45,-4,-22.250,-1.750,1,0,10.203,-0.764,1,1,2,900.000,0.000
-45,-3,-22.250,-1.250,1,0,11.554,-0.105,1,3,4,1300.000,200.000
-45,-2,-22.250,-0.750,1,1,0.465,0.228,1,2,3,300.000,300.000
-45,-1,-22.250,-0.250,1,0,9.726,0.290,1,2,3,100.000,800.000
-45,0,-22.250,0.250,1,1,2.552,0.000,2,2,4,700.000,1600.000
-45,1,-22.250,0.750,0,0,0.000,0.000,0,2,2,800.000,600.000
-45,2,-22.250,1.250,0,0,0.000,0.000,0,2,2,600.000,800.000
-45,3,-22.250,1.750,0,0,0.000,0.000,0,2,2,300.000,200.000
-45,4,-22.250,2.250,0,0,0.000,0.000,0,2,2,400.000,300.000
-45,5,-22.250,2.750,0,0,0.000,0.000,0,2,2,200.000,100.000
-45,7,-22.250,3.750,0,0,0.000,0.000,0,1,1,0.000,900.000
-45,8,-22.250,4.250,0,0,0.000,0.000,0,2,2,600.000,600.000
-45,9,-22.250,4.750,0,0,0.000,0.000,0,2,2,200.000,900.000
-45,10,-22.250,5.250,0,0,0.000,0.000,0,2,2,1800.000,1100.000
-45,11,-22.250,5.750,0,0,0.000,0.000,0,3,3,600.000,600.000
-45,12,-22.250,6.250,0,0,0.000,0.000,0,3,3,200.000,600.000
-45,13,-22.250,6.750,0,0,0.000,0.000,0,3,3,200.000,1100.000
-45,14,-22.250,7.250,1,0,6.282,2.521,1,3,4,900.000,1700.000
-45,15,-22.250,7.750,0,0,0.000,0.000,0,3,3,600.000,700.000
-44,-12,-21.750,-5.750,0,0,0.000,0.000,0,2,2,0.000,1100.000
-44,-11,-21.750,-5.250,0,0,0.000,0.000,0,2,2,1400.000,600.000
-44,-10,-21.750,-4.750,3,1,8.039,-0.105,3,3,5,1800.000,1700.000
-44,-9,-21.750,-4.250,0,1,0.000,0.000,1,2,3,1400.000,500.000
-44,-8,-21.750,-3.750,0,0,0.000,0.000,0,2,2,2000.000,500.000
-44,-7,-21.750,-3.250,1,1,0.183,-0.149,1,1,2,3100.000,0.000
-44,-4,-21.750,-1.750,0,0,0.000,0.000,0,1,1,200.000,0.000
-44,-3,-21.750,-1.250,0,0,0.000,0.000,0,3,3,1200.000,500.000
-44,-2,-21.750,-0.750,1,1,12.863,2.872,2,2,4,500.000,200.000
-44,-1,-21.750,-0.250,0,0,0.000,0.000,0,2,2,400.000,400.000
-44,0,-21.750,0.250,0,0,0.000,0.000,0,2,2,1100.000,600.000
-44,1,-21.750,0.750,0,0,0.000,0.000,0,2,2,1500.000,900.000
-44,2,-21.750,1.250,0,0,0.000,0.000,0,2,2,900.000,500.000
-44,3,-21.750,1.750,0,0,0.000,0.000,0,2,2,1200.000,100.000
-44,4,-21.750,2.250,0,0,0.000,0.000,0,2,2,1400.000,600.000
-44,7,-21.750,3.750,0,0,0.000,0.000,0,2,2,200.000,1000.000
-44,8,-21.750,4.250,1,1,3.782,-0.711,1,2,3,500.000,400.000
-44,9,-21.750,4.750,0,0,0.000,0.000,0,2,2,0.000,700.000
-44,10,-21.750,5.250,0,0,0.000,0.000,0,2,2,100.000,900.000
-44,11,-21.750,5.750,0,1,0.000,0.000,1,3,4,500.000,600.000
-44,12,-21.750,6.250,0,0,0.000,0.000,0,1,1,200.000,0.000
-44,13,-21.750,6.750,0,0,0.000,0.000,0,3,3,900.000,1000.000
-44,14,-21.750,7.250,0,0,0.000,0.000,0,3,3,1700.000,3000.000
-44,15,-21.750,7.750,0,0,0.000,0.000,0,3,3,700.000,2000.000
-43,-12,-21.250,-5.750,0,0,0.000,0.000,0,3,3,500.000,600.000
-43,-11,-21.250,-5.250,1,0,0.194,0.009,1,3,4,1700.000,1300.000
-43,-10,-21.250,-4.750,2,0,9.656,1.498,2,2,4,3700.000,1300.000
-43,-9,-21.250,-4.250,0,0,0.000,0.000,0,2,2,1800.000,1400.000
-43,-8,-21.250,-3.750,0,0,0.000,0.000,0,2,2,2300.000,700.000
-43,-7,-21.250,-3.250,1,0,2.284,1.660,1,2,3,1700.000,300.000
-43,-6,-21.250,-2.750,0,0,0.000,0.000,0,2,2,100.000,200.000
-43,-5,-21.250,-2.250,2,0,10.543,2.517,2,1,2,0.000,900.000
-43,-4,-21.250,-1.750,0,0,0.000,0.000,0,3,3,700.000,1200.000
-43,-3,-21.250,-1.250,0,0,0.000,0.000,0,3,3,600.000,700.000
-43,-2,-21.250,-0.750,1,1,0.204,0.000,2,2,4,1100.000,1600.000
-43,-1,-21.250,-0.250,1,0,5.684,0.070,1,2,3,1700.000,900.000
-43,0,-21.250,0.250,0,0,0.000,0.000,0,2,2,1300.000,800.000
-43,1,-21.250,0.750,1,0,0.238,0.000,1,2,3,1000.000,1000.000
-43,2,-21.250,1.250,0,1,0.000,0.000,1,2,3,1000.000,900.000
-43,3,-21.250,1.750,0,0,0.000,0.000,0,2,2,2100.000,900.000
-43,4,-21.250,2.250,0,0,0.000,0.000,0,2,2,4600.000,400.000
-43,5,-21.250,2.750,0,0,0.000,0.000,0,1,1,1900.000,0.000
-43,6,-21.250,3.250,1,0,3.822,-0.466,1,1,1,600.000,0.000
-43,7,-21.250,3.750,0,0,0.000,0.000,0,2,2,200.000,1500.000
-43,8,-21.250,4.250,0,0,0.000,0.000,0,2,2,400.000,900.000
-43,9,-21.250,4.750,1,1,0.248,-0.149,1,1,2,0.000,300.000
-43,10,-21.250,5.250,0,0,0.000,0.000,0,3,3,100.000,300.000
-43,11,-21.250,5.750,0,0,0.000,0.000,0,3,3,700.000,1000.000
-43,12,-21.250,6.250,0,1,0.000,0.000,1,2,3,100.000,400.000
-43,13,-21.250,6.750,0,0,0.000,0.000,0,3,3,1000.000,700.000
-43,14,-21.250,7.250,0,1,0.000,0.000,1,3,4,1100.000,2100.000
-43,15,-21.250,7.750,0,0,0.000,0.000,0,3,3,600.000,800.000
-42,-12,-20.750,-5.750,0,0,0.000,0.000,0,3,3,500.000,400.000
-42,-11,-20.750,-5.250,2,4,0.205,0.000,3,3,6,2100.000,1100.000
-42,-10,-20.750,-4.750,0,0,0.000,0.000,0,2,2,2700.000,1200.000
-42,-9,-20.750,-4.250,0,0,0.000,0.000,0,2,2,1200.000,1000.000
-42,-8,-20.750,-3.750,0,2,0.000,0.000,2,2,4,700.000,1000.000
-42,-7,-20.750,-3.250,1,1,12.467,2.881,2,2,3,1200.000,1100.000
-42,-6,-20.750,-2.750,1,0,6.952,-0.044,1,2,3,900.000,1700.000
-42,-5,-20.750,-2.250,0,0,0.000,0.000,0,3,3,1900.000,2400.000
-42,-4,-20.750,-1.750,0,0,0.000,0.000,0,3,3,1900.000,1600.000
-42,-3,-20.750,-1.250,1,2,0.270,-0.123,2,2,4,900.000,1400.000
-42,-2,-20.750,-0.750,1,0,6.825,2.275,1,2,3,1400.000,2400.000
-42,-1,-20.750,-0.250,2,0,8.529,2.222,2,2,4,1900.000,1000.000
-42,0,-20.750,0.250,0,1,0.000,0.000,1,2,3,2000.000,1000.000
-42,1,-20.750,0.750,1,0,0.384,-0.009,1,2,3,1800.000,800.000
-42,2,-20.750,1.250,1,2,5.757,2.178,3,2,5,2700.000,500.000
-42,3,-20.750,1.750,0,0,0.000,0.000,0,2,2,1900.000,1400.000
-42,4,-20.750,2.250,0,0,0.000,0.000,0,2,2,2500.000,1600.000
-42,5,-20.750,2.750,0,0,0.000,0.000,0,2,2,2000.000,1400.000
-42,6,-20.750,3.250,0,0,0.000,0.000,0,2,2,900.000,1300.000
-42,7,-20.750,3.750,0,0,0.000,0.000,0,2,2,400.000,1900.000
-42,8,-20.750,4.250,0,0,0.000,0.000,0,2,2,500.000,800.000
-42,9,-20.750,4.750,0,0,0.000,0.000,0,2,2,200.000,600.000
-42,10,-20.750,5.250,0,0,0.000,0.000,0,3,3,400.000,1000.000
-42,11,-20.750,5.750,1,0,4.374,-1.739,1,3,4,300.000,900.000
-42,12,-20.750,6.250,1,0,2.531,-0.395,1,3,4,700.000,600.000
-42,13,-20.750,6.750,0,1,0.000,0.000,1,3,4,800.000,1300.000
-42,14,-20.750,7.250,0,1,0.000,0.000,1,3,4,2000.000,2500.000
-42,15,-20.750,7.750,0,0,0.000,0.000,0,3,3,600.000,1100.000
-42,16,-20.750,8.250,0,0,0.000,0.000,0,1,1,1100.000,0.000
-41,-12,-20.250,-5.750,0,0,0.000,0.000,0,2,2,2100.000,500.000
-41,-11,-20.250,-5.250,0,1,0.000,0.000,1,3,4,2600.000,2000.000
-41,-10,-20.250,-4.750,1,0,10.970,2.670,1,2,3,2300.000,2300.000
-41,-9,-20.250,-4.250,0,0,0.000,0.000,0,3,3,2000.000,2400.000
-41,-8,-20.250,-3.750,2,3,0.926,-0.035,5,3,7,1100.000,3600.000
-41,-7,-20.250,-3.250,0,1,0.000,0.000,1,2,2,1600.000,3300.000
-41,-6,-20.250,-2.750,0,0,0.000,0.000,0,3,3,1400.000,1400.000
-41,-5,-20.250,-2.250,0,0,0.000,0.000,0,3,3,1000.000,1800.000
-41,-4,-20.250,-1.750,0,0,0.000,0.000,0,2,2,1100.000,1500.000
-41,-3,-20.250,-1.250,0,0,0.000,0.000,0,2,2,1300.000,1800.000
-41,-2,-20.250,-0.750,0,0,0.000,0.000,0,2,2,2200.000,300.000
-41,-1,-20.250,-0.250,0,0,0.000,0.000,0,2,2,1400.000,300.000
-41,0,-20.250,0.250,1,0,10.143,2.644,1,3,4,1600.000,300.000
-41,1,-20.250,0.750,0,0,0.000,0.000,0,3,3,500.000,800.000
-41,2,-20.250,1.250,1,0,13.247,-0.105,1,3,4,800.000,1500.000
-41,3,-20.250,1.750,0,0,0.000,0.000,0,3,3,400.000,1200.000
-41,4,-20.250,2.250,1,0,4.215,2.240,1,3,4,800.000,1200.000
-41,5,-20.250,2.750,0,0,0.000,0.000,0,3,3,2100.000,1900.000
-41,6,-20.250,3.250,0,0,0.000,0.000,0,3,3,2500.000,1000.000
-41,7,-20.250,3.750,1,1,10.691,-2.099,2,3,5,1100.000,1300.000
-41,8,-20.250,4.250,2,1,8.480,0.650,3,2,5,500.000,800.000
-41,9,-20.250,4.750,1,2,3.293,2.170,3,2,5,500.000,200.000
-41,10,-20.250,5.250,0,0,0.000,0.000,0,3,3,700.000,600.000
-41,11,-20.250,5.750,0,0,0.000,0.000,0,3,3,800.000,300.000
-41,12,-20.250,6.250,0,0,0.000,0.000,0,3,3,1300.000,500.000
-41,13,-20.250,6.750,0,0,0.000,0.000,0,3,3,1400.000,1200.000
-41,14,-20.250,7.250,2,3,8.219,0.751,5,3,7,1200.000,1900.000
-41,15,-20.250,7.750,1,0,12.282,-0.176,1,3,4,600.000,1700.000
-41,16,-20.250,8.250,0,0,0.000,0.000,0,1,1,800.000,0.000
-40,-12,-19.750,-5.750,1,0,13.089,0.149,1,2,3,1100.000,400.000
-40,-11,-19.750,-5.250,1,0,0.300,0.000,1,3,4,2800.000,2300.000
-40,-10,-19.750,-4.750,0,0,0.000,0.000,0,2,2,1300.000,1500.000
-40,-9,-19.750,-4.250,1,0,8.162,2.881,1,3,4,1100.000,1600.000
-40,-8,-19.750,-3.750,1,1,1.669,1.282,2,3,5,2800.000,2000.000
-40,-7,-19.750,-3.250,0,1,0.000,0.000,1,3,4,700.000,4400.000
-40,-6,-19.750,-2.750,0,0,0.000,0.000,0,3,3,600.000,500.000
-40,-5,-19.750,-2.250,0,1,0.000,0.000,1,2,3,100.000,400.000
-40,-4,-19.750,-1.750,0,0,0.000,0.000,0,1,1,100.000,0.000
-40,-3,-19.750,-1.250,0,0,0.000,0.000,0,2,2,300.000,500.000
-40,-2,-19.750,-0.750,0,0,0.000,0.000,0,2,2,400.000,200.000
-40,-1,-19.750,-0.250,0,0,0.000,0.000,0,1,1,300.000,100.000
-40,0,-19.750,0.250,0,0,0.000,0.000,0,3,3,0.000,600.000
-40,1,-19.750,0.750,0,1,0.000,0.000,1,2,3,0.000,300.000
-40,2,-19.750,1.250,0,0,0.000,0.000,0,2,2,200.000,400.000
-40,3,-19.750,1.750,0,0,0.000,0.000,0,2,2,500.000,100.000
-40,4,-19.750,2.250,0,0,0.000,0.000,0,2,2,200.000,300.000
-40,6,-19.750,3.250,0,0,0.000,0.000,0,2,2,200.000,300.000
-40,7,-19.750,3.750,0,0,0.000,0.000,0,3,3,700.000,1800.000
-40,8,-19.750,4.250,1,1,3.243,-1.186,2,3,5,500.000,1300.000
-40,9,-19.750,4.750,0,0,0.000,0.000,0,3,3,300.000,600.000
-40,10,-19.750,5.250,1,2,0.414,-0.184,2,3,5,400.000,1000.000
-40,11,-19.750,5.750,2,0,2.397,0.004,2,3,5,500.000,700.000
-40,12,-19.750,6.250,1,0,4.848,1.607,1,2,3,500.000,400.000
-40,13,-19.750,6.750,0,1,0.000,0.000,1,3,4,1400.000,1400.000
-40,14,-19.750,7.250,0,1,0.000,0.000,1,3,4,1700.000,3200.000
-40,15,-19.750,7.750,1,1,8.449,-0.720,2,3,5,1500.000,2600.000
-40,16,-19.750,8.250,0,0,0.000,0.000,0,2,2,800.000,600.000
-39,-12,-19.250,-5.750,0,0,0.000,0.000,0,2,2,1700.000,1300.000
-39,-11,-19.250,-5.250,2,0,7.839,0.650,2,3,4,1800.000,2600.000
-39,-10,-19.250,-4.750,0,1,0.000,0.000,1,2,3,1600.000,2200.000
-39,-9,-19.250,-4.250,0,1,0.000,0.000,1,3,4,600.000,1100.000
-39,-8,-19.250,-3.750,0,1,0.000,0.000,1,3,4,800.000,2100.000
-39,-7,-19.250,-3.250,1,1,4.049,1.168,2,3,5,1300.000,1600.000
-39,-6,-19.250,-2.750,0,0,0.000,0.000,0,2,2,500.000,800.000
-39,-5,-19.250,-2.250,0,0,0.000,0.000,0,2,2,1700.000,100.000
-39,-4,-19.250,-1.750,2,0,3.416,0.009,2,3,5,2000.000,200.000
-39,-3,-19.250,-1.250,0,1,0.000,0.000,1,2,3,0.000,200.000
-39,-2,-19.250,-0.750,0,0,0.000,0.000,0,1,1,0.000,100.000
-39,-1,-19.250,-0.250,0,0,0.000,0.000,0,2,2,0.000,600.000
-39,0,-19.250,0.250,0,0,0.000,0.000,0,2,2,0.000,500.000
-39,2,-19.250,1.250,0,1,0.000,0.000,1,0,1,0.000,0.000
-39,3,-19.250,1.750,0,0,0.000,0.000,0,1,1,0.000,1000.000
-39,4,-19.250,2.250,0,1,0.000,0.000,1,2,3,200.000,800.000
-39,5,-19.250,2.750,0,1,0.000,0.000,1,2,3,0.000,500.000
-39,6,-19.250,3.250,0,0,0.000,0.000,0,2,2,400.000,2000.000
-39,7,-19.250,3.750,1,1,10.346,-2.161,2,2,4,300.000,3000.000
-39,8,-19.250,4.250,1,1,1.426,-0.615,2,2,4,200.000,3400.000
-39,9,-19.250,4.750,0,1,0.000,0.000,1,2,3,400.000,1000.000
-39,10,-19.250,5.250,0,0,0.000,0.000,0,3,3,300.000,700.000
-39,11,-19.250,5.750,0,0,0.000,0.000,0,3,3,500.000,300.000
-39,12,-19.250,6.250,0,0,0.000,0.000,0,2,2,200.000,200.000
-39,13,-19.250,6.750,1,1,11.094,2.099,2,3,5,1400.000,1300.000
-39,14,-19.250,7.250,0,1,0.000,0.000,1,3,4,2400.000,1500.000
-39,15,-19.250,7.750,1,0,1.085,0.000,1,3,4,4600.000,1900.000
-39,16,-19.250,8.250,1,1,8.140,-0.668,1,3,4,400.000,900.000
-38,-12,-18.750,-5.750,0,0,0.000,0.000,0,3,3,800.000,1000.000
-38,-11,-18.750,-5.250,0,1,0.000,0.000,1,3,4,1400.000,2600.000
-38,-10,-18.750,-4.750,1,1,2.095,1.282,2,3,5,1400.000,2400.000
-38,-9,-18.750,-4.250,1,0,11.193,1.792,1,3,4,600.000,1300.000
-38,-8,-18.750,-3.750,0,0,0.000,0.000,0,3,3,1400.000,1200.000
-38,-7,-18.750,-3.250,0,0,0.000,0.000,0,3,3,600.000,800.000
-38,-6,-18.750,-2.750,1,0,1.948,1.318,1,3,3,1100.000,1500.000
-38,-5,-18.750,-2.250,0,0,0.000,0.000,0,3,3,2000.000,1400.000
-38,-4,-18.750,-1.750,0,0,0.000,0.000,0,3,3,700.000,300.000
-38,-3,-18.750,-1.250,1,0,0.691,0.659,1,2,3,300.000,400.000
-38,-2,-18.750,-0.750,0,0,0.000,0.000,0,2,2,400.000,300.000
-38,-1,-18.750,-0.250,0,0,0.000,0.000,0,2,2,0.000,1300.000
-38,1,-18.750,0.750,1,1,6.169,-0.694,2,0,2,0.000,0.000
-38,2,-18.750,1.250,0,1,0.000,0.000,1,1,2,0.000,100.000
-38,3,-18.750,1.750,0,0,0.000,0.000,0,1,1,0.000,700.000
-38,4,-18.750,2.250,0,0,0.000,0.000,0,2,2,100.000,2000.000
-38,5,-18.750,2.750,2,1,5.166,0.206,3,2,5,100.000,2300.000
-38,6,-18.750,3.250,0,0,0.000,0.000,0,2,2,400.000,2400.000
-38,7,-18.750,3.750,0,1,0.000,0.000,1,2,3,200.000,2900.000
-38,8,-18.750,4.250,0,0,0.000,0.000,0,3,3,300.000,1400.000
-38,9,-18.750,4.750,0,0,0.000,0.000,0,2,2,200.000,300.000
-38,10,-18.750,5.250,1,1,0.299,0.272,1,2,3,0.000,500.000
-38,11,-18.750,5.750,1,0,3.484,-2.143,1,1,2,400.000,100.000
-38,12,-18.750,6.250,0,0,0.000,0.000,0,2,2,0.000,400.000
-38,13,-18.750,6.750,2,0,7.572,1.423,2,3,5,1500.000,1600.000
-38,14,-18.750,7.250,1,1,9.009,0.141,1,3,4,1600.000,2000.000
-38,15,-18.750,7.750,0,1,0.000,0.000,1,3,4,1000.000,1200.000
-38,16,-18.750,8.250,1,0,6.761,-1.028,1,1,2,0.000,900.000
-37,-12,-18.250,-5.750,0,0,0.000,0.000,0,3,3,800.000,400.000
-37,-11,-18.250,-5.250,0,1,0.000,0.000,1,3,4,1300.000,2900.000
-37,-10,-18.250,-4.750,2,1,8.465,1.151,3,3,6,1000.000,3000.000
-37,-9,-18.250,-4.250,0,0,0.000,0.000,0,3,3,700.000,600.000
-37,-8,-18.250,-3.750,0,1,0.000,0.000,1,3,3,5000.000,900.000
-37,-7,-18.250,-3.250,0,0,0.000,0.000,0,2,2,500.000,400.000
-37,-6,-18.250,-2.750,1,0,2.980,1.072,1,3,4,600.000,800.000
-37,-5,-18.250,-2.250,0,0,0.000,0.000,0,3,3,1100.000,1100.000
-37,-4,-18.250,-1.750,0,0,0.000,0.000,0,3,3,500.000,1000.000
-37,-3,-18.250,-1.250,0,1,0.000,0.000,1,3,4,600.000,800.000
-37,-2,-18.250,-0.750,0,1,0.000,0.000,1,3,3,400.000,900.000
-37,-1,-18.250,-0.250,0,0,0.000,0.000,0,3,3,600.000,800.000
-37,0,-18.250,0.250,0,0,0.000,0.000,0,2,2,200.000,600.000
-37,1,-18.250,0.750,0,0,0.000,0.000,0,2,2,200.000,1100.000
-37,2,-18.250,1.250,0,0,0.000,0.000,0,2,2,300.000,1400.000
-37,3,-18.250,1.750,0,0,0.000,0.000,0,2,2,100.000,900.000
-37,4,-18.250,2.250,2,0,9.675,0.158,2,2,4,400.000,1700.000
-37,5,-18.250,2.750,1,0,8.747,0.325,1,2,3,700.000,1200.000
-37,6,-18.250,3.250,1,1,3.179,0.228,2,1,3,0.000,700.000
-37,7,-18.250,3.750,0,3,0.000,0.000,3,3,6,600.000,1500.000
-37,8,-18.250,4.250,0,0,0.000,0.000,0,3,3,200.000,1400.000
-37,9,-18.250,4.750,2,1,4.230,-0.127,3,3,5,100.000,700.000
-37,10,-18.250,5.250,0,1,0.000,0.000,1,2,3,200.000,1900.000
-37,11,-18.250,5.750,1,1,2.288,0.061,2,1,3,200.000,400.000
-37,12,-18.250,6.250,0,0,0.000,0.000,0,1,1,0.000,100.000
-37,13,-18.250,6.750,1,2,27.184,-0.246,3,3,6,600.000,1300.000
-37,14,-18.250,7.250,0,0,0.000,0.000,0,3,3,1300.000,900.000
-37,15,-18.250,7.750,1,1,12.668,0.141,2,3,5,200.000,600.000
-37,16,-18.250,8.250,0,0,0.000,0.000,0,1,1,0.000,400.000
-36,-12,-17.750,-5.750,0,0,0.000,0.000,0,3,3,700.000,2800.000
-36,-11,-17.750,-5.250,1,1,5.642,-0.070,1,3,4,2500.000,4000.000
-36,-10,-17.750,-4.750,1,0,5.583,1.159,1,3,4,1200.000,3200.000
-36,-9,-17.750,-4.250,0,0,0.000,0.000,0,3,3,1200.000,700.000
-36,-8,-17.750,-3.750,1,0,9.990,-2.969,1,3,4,1100.000,1600.000
-36,-7,-17.750,-3.250,2,1,3.717,-0.281,3,2,5,200.000,500.000
-36,-6,-17.750,-2.750,1,1,5.856,1.651,2,2,3,200.000,1000.000
-36,-5,-17.750,-2.250,1,3,0.295,-0.281,2,3,5,1400.000,1200.000
-36,-4,-17.750,-1.750,1,1,3.949,-0.053,2,3,5,300.000,400.000
-36,-3,-17.750,-1.250,1,0,4.630,0.307,1,3,4,400.000,1600.000
-36,-2,-17.750,-0.750,1,0,1.229,-0.026,1,2,3,200.000,700.000
-36,-1,-17.750,-0.250,1,2,3.263,-0.799,2,3,5,1300.000,1500.000
-36,0,-17.750,0.250,1,0,4.920,-2.143,1,3,3,400.000,1700.000
-36,1,-17.750,0.750,1,0,6.458,-1.353,1,3,4,300.000,2300.000
-36,2,-17.750,1.250,2,0,5.366,-0.663,2,3,5,500.000,1400.000
-36,3,-17.750,1.750,0,0,0.000,0.000,0,3,3,600.000,1400.000
-36,4,-17.750,2.250,1,1,8.058,-2.161,2,3,5,200.000,1100.000
-36,5,-17.750,2.750,4,1,4.695,0.053,5,2,6,300.000,1700.000
-36,6,-17.750,3.250,1,1,0.303,-0.009,1,3,4,400.000,1300.000
-36,7,-17.750,3.750,2,0,5.083,0.211,2,2,3,300.000,2300.000
-36,8,-17.750,4.250,1,1,8.300,-0.826,2,3,5,200.000,1100.000
-36,9,-17.750,4.750,0,3,0.000,0.000,3,2,3,100.000,1000.000
-36,10,-17.750,5.250,0,1,0.000,0.000,1,2,3,300.000,700.000
-36,11,-17.750,5.750,0,0,0.000,0.000,0,2,2,200.000,1000.000
-36,12,-17.750,6.250,0,0,0.000,0.000,0,3,3,0.000,700.000
-36,13,-17.750,6.750,0,1,0.000,0.000,1,3,4,1000.000,1600.000
-36,14,-17.750,7.250,1,2,12.823,-0.088,3,3,6,600.000,300.000
-36,15,-17.750,7.750,0,0,0.000,0.000,0,1,1,100.000,400.000
-36,16,-17.750,8.250,0,1,0.000,0.000,1,1,2,0.000,200.000
-36,17,-17.750,8.750,0,1,0.000,0.000,1,0,1,0.000,0.000
-35,-23,-17.250,-11.250,1,0,10.346,-2.003,1,0,1,0.000,0.000
-35,-22,-17.250,-10.750,0,1,0.000,0.000,1,0,1,0.000,0.000
-35,-21,-17.250,-10.250,1,0,3.288,0.940,1,0,1,0.000,0.000
-35,-20,-17.250,-9.750,0,0,0.000,0.000,0,1,1,0.000,100.000
-35,-19,-17.250,-9.250,0,1,0.000,0.000,1,2,3,100.000,700.000
-35,-18,-17.250,-8.750,0,0,0.000,0.000,0,2,2,200.000,1200.000
-35,-17,-17.250,-8.250,1,0,2.742,-0.176,1,3,4,400.000,300.000
-35,-16,-17.250,-7.750,0,0,0.000,0.000,0,2,2,200.000,300.000
-35,-15,-17.250,-7.250,1,1,6.171,0.220,2,2,4,1100.000,200.000
-35,-14,-17.250,-6.750,0,0,0.000,0.000,0,2,2,200.000,300.000
-35,-13,-17.250,-6.250,1,0,5.910,0.773,1,2,3,600.000,500.000
-35,-12,-17.250,-5.750,2,2,5.736,2.209,4,3,7,1700.000,700.000
-35,-11,-17.250,-5.250,3,1,6.980,-0.184,4,3,7,2600.000,5000.000
-35,-10,-17.250,-4.750,1,0,8.198,-0.105,1,3,4,1300.000,1000.000
-35,-9,-17.250,-4.250,0,0,0.000,0.000,0,2,2,1000.000,1100.000
-35,-8,-17.250,-3.750,1,0,3.740,0.404,1,3,4,1200.000,2100.000
-35,-7,-17.250,-3.250,0,0,0.000,0.000,0,3,3,1300.000,2100.000
-35,-6,-17.250,-2.750,0,0,0.000,0.000,0,3,3,300.000,2800.000
-35,-5,-17.250,-2.250,1,0,3.246,-1.256,1,3,3,1300.000,1900.000
-35,-4,-17.250,-1.750,0,1,0.000,0.000,1,3,4,700.000,2300.000
-35,-3,-17.250,-1.250,0,1,0.000,0.000,1,3,4,600.000,1200.000
-35,-2,-17.250,-0.750,2,1,2.394,-0.861,2,3,5,600.000,1000.000
-35,-1,-17.250,-0.250,1,2,1.745,-0.536,3,3,6,1000.000,400.000
-35,0,-17.250,0.250,1,0,2.256,-0.782,1,3,4,900.000,800.000
-35,1,-17.250,0.750,0,0,0.000,0.000,0,3,3,600.000,500.000
-35,2,-17.250,1.250,0,2,0.000,0.000,2,2,4,400.000,600.000
-35,3,-17.250,1.750,2,0,4.111,-1.559,2,3,5,500.000,700.000
-35,4,-17.250,2.250,0,1,0.000,0.000,1,3,4,400.000,900.000
-35,5,-17.250,2.750,1,1,7.568,-2.240,2,3,5,500.000,600.000
-35,6,-17.250,3.250,1,0,8.536,-1.318,1,3,4,500.000,1100.000
-35,7,-17.250,3.750,1,0,3.964,-0.755,1,3,4,400.000,800.000
-35,8,-17.250,4.250,0,0,0.000,0.000,0,2,2,400.000,700.000
-35,9,-17.250,4.750,2,1,3.922,-1.221,3,2,5,0.000,900.000
-35,10,-17.250,5.250,0,1,0.000,0.000,1,2,3,100.000,1000.000
-35,11,-17.250,5.750,1,0,8.435,-1.888,1,1,2,200.000,300.000
-35,12,-17.250,6.250,2,0,6.519,-1.098,2,2,4,400.000,700.000
-35,13,-17.250,6.750,0,1,0.000,0.000,1,3,4,1300.000,1300.000
-35,14,-17.250,7.250,1,2,3.244,1.335,3,3,6,900.000,1300.000
-35,15,-17.250,7.750,0,0,0.000,0.000,0,3,3,300.000,500.000
-35,16,-17.250,8.250,0,0,0.000,0.000,0,1,1,0.000,200.000
-35,17,-17.250,8.750,1,1,0.300,0.000,1,0,1,0.000,0.000
-34,-24,-16.750,-11.750,0,1,0.000,0.000,1,3,4,700.000,500.000
-34,-23,-16.750,-11.250,1,0,15.072,-2.582,1,1,2,0.000,200.000
-34,-22,-16.750,-10.750,0,1,0.000,0.000,1,3,4,600.000,6400.000
-34,-21,-16.750,-10.250,0,0,0.000,0.000,0,2,2,100.000,1400.000
-34,-20,-16.750,-9.750,0,0,0.000,0.000,0,3,3,2700.000,2000.000
-34,-19,-16.750,-9.250,0,0,0.000,0.000,0,3,3,2600.000,1300.000
-34,-18,-16.750,-8.750,0,1,0.000,0.000,1,3,4,700.000,1400.000
-34,-17,-16.750,-8.250,2,1,3.484,0.786,3,3,6,1500.000,1900.000
-34,-16,-16.750,-7.750,1,1,8.930,-0.562,2,2,4,300.000,1800.000
-34,-15,-16.750,-7.250,0,0,0.000,0.000,0,3,3,800.000,1500.000
-34,-14,-16.750,-6.750,1,0,7.146,-0.834,1,3,4,1900.000,1700.000
-34,-13,-16.750,-6.250,1,0,4.218,1.344,1,3,4,1900.000,2900.000
-34,-12,-16.750,-5.750,2,2,3.381,0.048,1,3,4,2500.000,3700.000
-34,-11,-16.750,-5.250,2,1,3.338,1.748,3,3,6,3800.000,5300.000
-34,-10,-16.750,-4.750,1,0,7.447,-0.184,1,3,4,4300.000,3400.000
-34,-9,-16.750,-4.250,1,1,3.780,-0.843,2,3,5,2800.000,2500.000
-34,-8,-16.750,-3.750,1,1,6.686,-0.061,2,3,5,1400.000,2000.000
-34,-7,-16.750,-3.250,2,1,5.303,0.514,3,3,6,1000.000,1700.000
-34,-6,-16.750,-2.750,1,1,6.013,0.870,2,3,5,1500.000,2100.000
-34,-5,-16.750,-2.250,1,0,4.576,0.220,1,3,4,1300.000,1200.000
-34,-4,-16.750,-1.750,0,1,0.000,0.000,1,3,4,1100.000,800.000
-34,-3,-16.750,-1.250,1,2,7.510,-2.205,3,3,6,500.000,500.000
-34,-2,-16.750,-0.750,1,1,4.126,-0.799,2,3,5,600.000,100.000
-34,-1,-16.750,-0.250,0,0,0.000,0.000,0,3,3,700.000,100.000
-34,0,-16.750,0.250,3,2,8.705,-0.149,5,3,8,800.000,300.000
-34,1,-16.750,0.750,0,0,0.000,0.000,0,3,3,1300.000,0.000
-34,2,-16.750,1.250,1,3,0.292,-0.193,2,3,5,1200.000,0.000
-34,3,-16.750,1.750,0,1,0.000,0.000,1,3,4,1200.000,100.000
-34,4,-16.750,2.250,0,2,0.000,0.000,2,3,5,1300.000,500.000
-34,5,-16.750,2.750,1,1,4.756,-0.483,2,3,5,1300.000,400.000
-34,6,-16.750,3.250,3,1,3.312,0.905,3,3,6,2900.000,500.000
-34,7,-16.750,3.750,0,0,0.000,0.000,0,3,3,1400.000,900.000
-34,8,-16.750,4.250,0,1,0.000,0.000,1,2,3,500.000,1600.000
-34,9,-16.750,4.750,1,0,3.277,-0.378,1,2,3,0.000,700.000
-34,10,-16.750,5.250,0,0,0.000,0.000,0,3,3,100.000,1500.000
-34,11,-16.750,5.750,0,0,0.000,0.000,0,2,2,400.000,800.000
-34,12,-16.750,6.250,1,1,1.934,-0.044,2,3,5,400.000,1400.000
-34,13,-16.750,6.750,0,0,0.000,0.000,0,3,3,1500.000,1100.000
-34,14,-16.750,7.250,0,0,0.000,0.000,0,3,3,700.000,1000.000
-34,15,-16.750,7.750,0,0,0.000,0.000,0,2,2,200.000,600.000
-34,16,-16.750,8.250,0,0,0.000,0.000,0,1,1,0.000,200.000
-34,17,-16.750,8.750,1,1,0.300,0.000,1,0,1,0.000,0.000
-34,18,-16.750,9.250,0,1,0.000,0.000,1,0,1,0.000,0.000
-33,-24,-16.250,-11.750,0,0,0.000,0.000,0,3,3,400.000,400.000
-33,-23,-16.250,-11.250,1,0,4.101,-1.449,1,3,4,1300.000,200.000
-33,-22,-16.250,-10.750,1,0,12.618,-2.503,1,3,4,1300.000,2400.000
-33,-21,-16.250,-10.250,0,1,0.000,0.000,1,3,4,600.000,2000.000
-33,-20,-16.250,-9.750,0,2,0.000,0.000,2,3,5,1400.000,2100.000
-33,-19,-16.250,-9.250,0,0,0.000,0.000,0,3,3,1600.000,900.000
-33,-18,-16.250,-8.750,1,0,7.437,-1.581,1,3,4,1500.000,700.000
-33,-17,-16.250,-8.250,1,4,5.512,0.070,4,3,7,1300.000,1400.000
-33,-16,-16.250,-7.750,3,1,2.510,-0.553,4,3,7,1800.000,3200.000
-33,-15,-16.250,-7.250,3,2,1.309,-0.905,4,3,7,3100.000,2200.000
-33,-14,-16.250,-6.750,2,1,1.931,0.439,3,3,6,2200.000,2600.000
-33,-13,-16.250,-6.250,2,3,3.683,-0.733,3,3,6,3300.000,2500.000
-33,-12,-16.250,-5.750,1,3,10.132,2.099,4,3,6,3200.000,2300.000
-33,-11,-16.250,-5.250,4,1,3.729,-0.334,5,3,8,5000.000,4200.000
-33,-10,-16.250,-4.750,0,0,0.000,0.000,0,3,3,4100.000,1800.000
-33,-9,-16.250,-4.250,1,0,3.654,1.203,1,3,4,2700.000,1100.000
-33,-8,-16.250,-3.750,2,0,4.563,0.264,2,3,5,2200.000,800.000
-33,-7,-16.250,-3.250,2,2,2.203,-0.553,3,3,6,2300.000,700.000
-33,-6,-16.250,-2.750,1,1,1.527,0.018,2,3,5,400.000,300.000
-33,-5,-16.250,-2.250,0,0,0.000,0.000,0,3,3,600.000,800.000
-33,-4,-16.250,-1.750,0,1,0.000,0.000,1,3,4,900.000,400.000
-33,-3,-16.250,-1.250,1,0,5.187,-1.871,1,3,4,800.000,500.000
-33,-2,-16.250,-0.750,1,3,0.426,-0.176,3,3,6,500.000,500.000
-33,-1,-16.250,-0.250,0,0,0.000,0.000,0,3,3,900.000,300.000
-33,0,-16.250,0.250,3,3,6.353,-2.134,4,3,7,1200.000,700.000
-33,1,-16.250,0.750,0,0,0.000,0.000,0,3,3,1100.000,400.000
-33,2,-16.250,1.250,0,0,0.000,0.000,0,3,3,900.000,300.000
-33,3,-16.250,1.750,1,0,2.336,0.070,1,2,3,1800.000,100.000
-33,4,-16.250,2.250,0,0,0.000,0.000,0,3,3,2700.000,200.000
-33,5,-16.250,2.750,1,2,2.372,-0.026,2,3,5,2300.000,100.000
-33,6,-16.250,3.250,2,1,6.703,-0.097,3,3,6,3800.000,400.000
-33,7,-16.250,3.750,0,1,0.000,0.000,1,3,4,1800.000,900.000
-33,8,-16.250,4.250,1,1,3.439,-0.861,2,3,5,1700.000,1400.000
-33,9,-16.250,4.750,0,1,0.000,0.000,1,3,4,400.000,1400.000
-33,10,-16.250,5.250,2,0,3.874,0.971,2,3,5,300.000,1000.000
-33,11,-16.250,5.750,1,1,11.381,0.404,2,1,3,200.000,0.000
-33,12,-16.250,6.250,0,3,0.000,0.000,3,3,6,300.000,1100.000
-33,13,-16.250,6.750,1,0,7.505,-1.888,1,3,4,1500.000,2000.000
-33,14,-16.250,7.250,1,1,0.297,0.009,2,2,3,700.000,1200.000
-33,15,-16.250,7.750,0,0,0.000,0.000,0,3,3,500.000,500.000
-33,16,-16.250,8.250,0,0,0.000,0.000,0,1,1,0.000,200.000
-33,18,-16.250,9.250,0,0,0.000,0.000,0,1,1,0.000,4600.000
-32,-24,-15.750,-11.750,0,0,0.000,0.000,0,3,3,200.000,600.000
-32,-23,-15.750,-11.250,0,0,0.000,0.000,0,3,3,900.000,1600.000
-32,-22,-15.750,-10.750,1,0,5.960,-0.834,1,3,4,1000.000,3400.000
-32,-21,-15.750,-10.250,1,2,16.981,-3.461,3,3,6,1100.000,1400.000
-32,-20,-15.750,-9.750,0,1,0.000,0.000,1,2,3,2100.000,1700.000
-32,-19,-15.750,-9.250,3,2,3.997,0.097,5,3,8,1400.000,2000.000
-32,-18,-15.750,-8.750,1,1,4.734,1.186,2,3,5,1400.000,2100.000
-32,-17,-15.750,-8.250,0,0,0.000,0.000,0,3,3,1400.000,1600.000
-32,-16,-15.750,-7.750,1,0,4.870,-1.063,1,3,4,2200.000,1600.000
-32,-15,-15.750,-7.250,0,1,0.000,0.000,1,3,4,700.000,1200.000
-32,-14,-15.750,-6.750,1,0,3.833,0.325,1,3,4,100.000,1000.000
-32,-13,-15.750,-6.250,0,0,0.000,0.000,0,2,2,700.000,800.000
-32,-12,-15.750,-5.750,1,3,6.738,1.836,4,2,6,800.000,1100.000
-32,-11,-15.750,-5.250,0,0,0.000,0.000,0,3,3,1600.000,3400.000
-32,-10,-15.750,-4.750,4,3,2.246,0.184,4,3,5,1500.000,1100.000
-32,-9,-15.750,-4.250,1,0,3.025,-0.878,1,3,4,300.000,1000.000
-32,-8,-15.750,-3.750,1,1,1.941,-0.861,2,3,5,200.000,700.000
-32,-7,-15.750,-3.250,1,1,0.455,0.184,1,3,4,400.000,300.000
-32,-6,-15.750,-2.750,1,1,0.362,-0.026,2,3,5,700.000,400.000
-32,-5,-15.750,-2.250,3,2,4.834,-0.957,5,2,6,200.000,800.000
-32,-4,-15.750,-1.750,0,0,0.000,0.000,0,2,2,100.000,200.000
-32,-3,-15.750,-1.250,1,0,6.897,-0.079,1,2,3,500.000,200.000
-32,-2,-15.750,-0.750,1,1,8.133,1.713,1,2,3,700.000,200.000
-32,-1,-15.750,-0.250,0,1,0.000,0.000,1,2,3,1000.000,100.000
-32,0,-15.750,0.250,0,0,0.000,0.000,0,3,3,1000.000,300.000
-32,1,-15.750,0.750,0,1,0.000,0.000,1,3,4,800.000,200.000
-32,2,-15.750,1.250,2,0,3.873,-0.395,2,3,5,1400.000,400.000
-32,3,-15.750,1.750,1,0,2.716,-0.413,1,3,4,1700.000,600.000
-32,4,-15.750,2.250,1,0,2.055,0.053,1,3,4,1200.000,600.000
-32,5,-15.750,2.750,1,1,4.184,1.572,1,3,4,900.000,600.000
-32,6,-15.750,3.250,0,0,0.000,0.000,0,3,3,1500.000,500.000
-32,7,-15.750,3.750,2,2,2.339,-0.040,4,3,6,2300.000,1200.000
-32,8,-15.750,4.250,0,1,0.000,0.000,1,3,4,1500.000,1700.000
-32,9,-15.750,4.750,1,1,12.933,3.013,2,2,4,200.000,3400.000
-32,10,-15.750,5.250,1,1,3.248,0.720,2,2,4,0.000,1900.000
-32,11,-15.750,5.750,0,1,0.000,0.000,1,3,4,1600.000,11800.000
-32,12,-15.750,6.250,2,0,4.947,0.110,2,3,5,2100.000,3300.000
-32,13,-15.750,6.750,1,2,14.283,-0.299,3,3,6,1900.000,2900.000
-32,14,-15.750,7.250,1,1,0.473,0.009,2,3,4,1100.000,500.000
-32,15,-15.750,7.750,0,1,0.000,0.000,1,1,2,0.000,300.000
-32,16,-15.750,8.250,0,0,0.000,0.000,0,1,1,0.000,700.000
-32,18,-15.750,9.250,0,0,0.000,0.000,0,1,1,0.000,500.000
-31,-24,-15.250,-11.750,1,0,3.570,0.000,1,3,4,200.000,900.000
-31,-23,-15.250,-11.250,0,0,0.000,0.000,0,3,3,1800.000,1700.000
-31,-22,-15.250,-10.750,2,2,4.417,0.132,4,3,6,1300.000,1700.000
-31,-21,-15.250,-10.250,0,1,0.000,0.000,1,3,4,3900.000,2300.000
-31,-20,-15.250,-9.750,0,2,0.000,0.000,2,3,5,2100.000,2700.000
-31,-19,-15.250,-9.250,1,0,2.608,0.061,1,3,4,1400.000,1100.000
-31,-18,-15.250,-8.750,0,0,0.000,0.000,0,3,3,1300.000,1500.000
-31,-17,-15.250,-8.250,2,0,11.906,-1.735,2,3,5,1400.000,1600.000
-31,-16,-15.250,-7.750,1,1,0.983,0.624,1,3,4,3500.000,1300.000
-31,-15,-15.250,-7.250,2,1,3.052,-1.528,3,2,5,1500.000,700.000
-31,-14,-15.250,-6.750,0,2,0.000,0.000,2,2,4,1600.000,600.000
-31,-13,-15.250,-6.250,2,1,7.904,-1.195,3,3,6,1100.000,1100.000
-31,-12,-15.250,-5.750,0,3,0.000,0.000,3,2,5,1000.000,1100.000
-31,-11,-15.250,-5.250,1,0,3.861,0.957,1,3,4,1100.000,2900.000
-31,-10,-15.250,-4.750,1,3,4.396,0.817,4,3,7,1300.000,900.000
-31,-9,-15.250,-4.250,1,2,3.852,1.888,3,2,5,600.000,300.000
-31,-8,-15.250,-3.750,2,1,5.275,1.603,3,3,6,600.000,200.000
-31,-7,-15.250,-3.250,0,0,0.000,0.000,0,2,2,400.000,200.000
-31,-6,-15.250,-2.750,1,0,10.982,-2.301,1,1,2,200.000,200.000
-31,-5,-15.250,-2.250,2,1,3.675,0.048,3,3,6,500.000,1200.000
-31,-4,-15.250,-1.750,0,2,0.000,0.000,2,3,5,300.000,1200.000
-31,-3,-15.250,-1.250,1,1,5.059,0.553,2,2,4,300.000,100.000
-31,-2,-15.250,-0.750,1,1,2.895,0.000,2,3,5,600.000,400.000
-31,-1,-15.250,-0.250,3,0,7.386,0.676,3,3,6,500.000,800.000
-31,0,-15.250,0.250,1,1,4.512,-0.053,2,2,4,300.000,500.000
-31,1,-15.250,0.750,0,1,0.000,0.000,1,3,3,1800.000,700.000
-31,2,-15.250,1.250,3,2,2.435,-0.466,5,3,7,2200.000,400.000
-31,3,-15.250,1.750,1,0,7.916,-1.177,1,3,4,700.000,200.000
-31,4,-15.250,2.250,0,2,0.000,0.000,2,2,4,600.000,0.000
-31,5,-15.250,2.750,0,0,0.000,0.000,0,3,3,300.000,100.000
-31,6,-15.250,3.250,1,1,8.347,-1.897,2,3,5,1000.000,300.000
-31,7,-15.250,3.750,1,1,0.579,0.018,1,3,4,3900.000,1000.000
-31,8,-15.250,4.250,3,0,3.270,0.061,3,2,5,1200.000,1400.000
-31,9,-15.250,4.750,0,0,0.000,0.000,0,3,3,600.000,1300.000
-31,10,-15.250,5.250,0,0,0.000,0.000,0,1,1,0.000,1100.000
-31,11,-15.250,5.750,0,0,0.000,0.000,0,3,3,600.000,7600.000
-31,12,-15.250,6.250,1,2,6.795,0.079,3,3,5,5000.000,11500.000
-31,13,-15.250,6.750,6,0,5.393,0.105,5,3,8,1600.000,3400.000
-31,14,-15.250,7.250,1,0,8.819,-0.290,1,2,3,0.000,600.000
-31,15,-15.250,7.750,0,0,0.000,0.000,0,1,1,200.000,0.000
-31,16,-15.250,8.250,0,0,0.000,0.000,0,1,1,400.000,600.000
-31,17,-15.250,8.750,0,0,0.000,0.000,0,1,1,0.000,700.000
-30,-25,-14.750,-12.250,0,0,0.000,0.000,0,1,1,400.000,0.000
-30,-24,-14.750,-11.750,1,0,2.074,0.747,1,2,3,700.000,1000.000
-30,-23,-14.750,-11.250,1,2,2.664,0.061,3,3,6,2500.000,2500.000
-30,-22,-14.750,-10.750,1,2,1.846,-0.834,3,3,6,3400.000,3100.000
-30,-21,-14.750,-10.250,2,1,4.721,-0.584,3,3,6,1900.000,1600.000
-30,-20,-14.750,-9.750,1,2,9.892,-3.294,3,3,6,1700.000,1600.000
-30,-19,-14.750,-9.250,1,2,17.636,-3.320,3,3,6,1500.000,1400.000
-30,-18,-14.750,-8.750,1,3,0.463,0.009,4,3,7,3000.000,1200.000
-30,-17,-14.750,-8.250,1,3,0.983,-0.624,3,3,6,2500.000,1200.000
-30,-16,-14.750,-7.750,0,2,0.000,0.000,2,3,5,2000.000,1100.000
-30,-15,-14.750,-7.250,0,0,0.000,0.000,0,3,3,1000.000,1200.000
-30,-14,-14.750,-6.750,0,0,0.000,0.000,0,3,3,1300.000,700.000
-30,-13,-14.750,-6.250,1,0,4.075,1.001,1,3,4,800.000,300.000
-30,-12,-14.750,-5.750,0,0,0.000,0.000,0,3,3,1700.000,800.000
-30,-11,-14.750,-5.250,2,6,3.535,-0.048,7,3,10,3400.000,3600.000
-30,-10,-14.750,-4.750,0,0,0.000,0.000,0,3,3,2200.000,1200.000
-30,-9,-14.750,-4.250,1,0,4.549,1.045,1,3,4,1100.000,500.000
-30,-8,-14.750,-3.750,0,0,0.000,0.000,0,2,2,700.000,300.000
-30,-7,-14.750,-3.250,1,1,5.756,0.580,1,2,3,600.000,200.000
-30,-6,-14.750,-2.750,1,1,0.209,-0.132,2,1,3,600.000,1200.000
-30,-5,-14.750,-2.250,0,2,0.000,0.000,2,2,4,400.000,500.000
-30,-4,-14.750,-1.750,0,0,0.000,0.000,0,2,2,500.000,1500.000
-30,-3,-14.750,-1.250,0,0,0.000,0.000,0,3,3,100.000,1200.000
-30,-2,-14.750,-0.750,0,0,0.000,0.000,0,3,3,400.000,700.000
-30,-1,-14.750,-0.250,1,2,6.162,0.641,3,2,5,400.000,400.000
-30,0,-14.750,0.250,1,0,3.013,-0.044,1,3,4,900.000,600.000
-30,1,-14.750,0.750,1,2,0.379,0.228,3,3,5,2100.000,0.000
-30,2,-14.750,1.250,0,0,0.000,0.000,0,2,2,500.000,0.000
-30,4,-14.750,2.250,0,1,0.000,0.000,1,0,1,0.000,0.000
-30,5,-14.750,2.750,1,2,3.785,-0.545,2,2,4,300.000,600.000
-30,6,-14.750,3.250,1,0,22.018,0.009,1,3,4,800.000,900.000
-30,7,-14.750,3.750,3,2,0.579,0.000,3,3,6,4800.000,2500.000
-30,8,-14.750,4.250,2,0,4.841,-2.178,2,3,5,3400.000,3500.000
-30,9,-14.750,4.750,0,0,0.000,0.000,0,3,3,3500.000,2000.000
-30,10,-14.750,5.250,0,2,0.000,0.000,2,3,5,2600.000,4100.000
-30,11,-14.750,5.750,1,0,7.601,0.228,1,3,4,3900.000,5600.000
-30,12,-14.750,6.250,4,2,6.116,0.009,5,3,8,7100.000,4200.000
-30,13,-14.750,6.750,0,1,0.000,0.000,1,3,3,4200.000,3400.000
-30,14,-14.750,7.250,2,1,2.065,0.031,2,2,4,2000.000,2200.000
-30,15,-14.750,7.750,0,1,0.000,0.000,1,2,3,2100.000,1100.000
-30,16,-14.750,8.250,0,0,0.000,0.000,0,2,2,3000.000,500.000
-30,17,-14.750,8.750,0,0,0.000,0.000,0,1,1,3000.000,300.000
-30,18,-14.750,9.250,0,0,0.000,0.000,0,1,1,2400.000,100.000
-29,-25,-14.250,-12.250,0,0,0.000,0.000,0,1,1,0.000,100.000
-29,-24,-14.250,-11.750,3,2,9.563,-2.591,3,3,6,800.000,2400.000
-29,-23,-14.250,-11.250,1,1,4.569,-1.212,2,3,5,2800.000,2000.000
-29,-22,-14.250,-10.750,2,2,5.034,0.000,4,3,7,2600.000,2800.000
-29,-21,-14.250,-10.250,2,2,0.723,0.000,3,3,5,1000.000,1400.000
-29,-20,-14.250,-9.750,0,0,0.000,0.000,0,3,3,2400.000,1500.000
-29,-19,-14.250,-9.250,1,1,16.921,-3.250,2,3,5,2300.000,1100.000
-29,-18,-14.250,-8.750,1,1,0.963,-0.088,2,3,4,2300.000,200.000
-29,-17,-14.250,-8.250,0,0,0.000,0.000,0,3,3,2000.000,100.000
-29,-16,-14.250,-7.750,0,1,0.000,0.000,1,1,1,200.000,1600.000
-29,-15,-14.250,-7.250,0,0,0.000,0.000,0,1,1,200.000,1000.000
-29,-14,-14.250,-6.750,1,0,3.258,2.372,1,1,2,300.000,0.000
-29,-13,-14.250,-6.250,0,0,0.000,0.000,0,2,2,3900.000,700.000
-29,-12,-14.250,-5.750,2,1,4.212,-0.127,3,3,5,2000.000,1500.000
-29,-11,-14.250,-5.250,6,3,7.855,0.097,8,3,11,4000.000,4400.000
-29,-10,-14.250,-4.750,0,3,0.000,0.000,3,3,6,1200.000,600.000
-29,-9,-14.250,-4.250,0,0,0.000,0.000,0,2,2,200.000,400.000
-29,-8,-14.250,-3.750,0,0,0.000,0.000,0,3,3,200.000,1100.000
-29,-7,-14.250,-3.250,1,1,2.892,0.193,2,3,5,200.000,1000.000
-29,-6,-14.250,-2.750,0,0,0.000,0.000,0,3,3,400.000,900.000
-29,-5,-14.250,-2.250,0,1,0.000,0.000,1,3,4,600.000,1200.000
-29,-4,-14.250,-1.750,1,0,3.291,-1.353,1,3,4,400.000,1700.000
-29,-3,-14.250,-1.250,1,0,9.502,-2.565,1,2,3,500.000,800.000
-29,-2,-14.250,-0.750,2,1,3.387,0.255,3,1,4,300.000,200.000
-29,-1,-14.250,-0.250,0,0,0.000,0.000,0,2,2,700.000,700.000
-29,0,-14.250,0.250,0,1,0.000,0.000,1,3,4,500.000,600.000
-29,1,-14.250,0.750,0,0,0.000,0.000,0,2,2,800.000,0.000
-29,4,-14.250,2.250,0,1,0.000,0.000,1,2,3,1300.000,700.000
-29,5,-14.250,2.750,0,0,0.000,0.000,0,3,3,300.000,300.000
-29,6,-14.250,3.250,1,1,3.811,1.572,2,3,5,7200.000,700.000
-29,7,-14.250,3.750,4,2,4.893,0.004,5,3,8,5200.000,3000.000
-29,8,-14.250,4.250,1,4,5.281,-1.932,5,3,7,3000.000,4400.000
-29,9,-14.250,4.750,1,1,7.032,0.018,2,3,4,3100.000,3400.000
-29,10,-14.250,5.250,0,0,0.000,0.000,0,3,3,4000.000,3800.000
-29,11,-14.250,5.750,1,0,4.498,-0.378,1,3,4,4200.000,2200.000
-29,12,-14.250,6.250,2,1,3.066,0.061,3,3,6,2600.000,1200.000
-29,13,-14.250,6.750,2,2,13.950,-0.184,3,2,4,2300.000,2200.000
-29,14,-14.250,7.250,0,2,0.000,0.000,2,2,4,2000.000,1300.000
-29,15,-14.250,7.750,0,0,0.000,0.000,0,2,2,2900.000,1100.000
-29,16,-14.250,8.250,1,1,0.438,0.228,1,2,3,1000.000,1400.000
-29,17,-14.250,8.750,0,0,0.000,0.000,0,2,2,1000.000,800.000
-29,18,-14.250,9.250,0,0,0.000,0.000,0,2,2,2000.000,6700.000
-28,-25,-13.750,-12.250,0,0,0.000,0.000,0,1,1,0.000,300.000
-28,-24,-13.750,-11.750,2,1,7.217,-0.277,2,3,5,800.000,2400.000
-28,-23,-13.750,-11.250,2,2,0.707,0.136,3,3,6,3100.000,2000.000
-28,-22,-13.750,-10.750,0,2,0.000,0.000,2,3,5,2100.000,3000.000
-28,-21,-13.750,-10.250,2,1,6.680,-1.107,3,3,6,2300.000,1700.000
-28,-20,-13.750,-9.750,0,1,0.000,0.000,1,3,4,3400.000,900.000
-28,-19,-13.750,-9.250,0,0,0.000,0.000,0,2,2,700.000,0.000
-28,-12,-13.750,-5.750,0,0,0.000,0.000,0,3,3,600.000,1400.000
-28,-11,-13.750,-5.250,3,1,9.511,2.301,3,3,6,4400.000,4600.000
-28,-10,-13.750,-4.750,0,0,0.000,0.000,0,3,3,1600.000,900.000
-28,-5,-13.750,-2.250,0,1,0.000,0.000,1,2,3,100.000,200.000
-28,-4,-13.750,-1.750,0,0,0.000,0.000,0,3,3,600.000,1900.000
-28,-3,-13.750,-1.250,0,1,0.000,0.000,1,2,3,300.000,600.000
-28,-2,-13.750,-0.750,4,1,5.762,-0.127,4,2,6,700.000,700.000
-28,-1,-13.750,-0.250,2,0,4.436,0.505,2,2,4,500.000,800.000
-28,0,-13.750,0.250,0,0,0.000,0.000,0,3,3,1000.000,700.000
-28,1,-13.750,0.750,0,0,0.000,0.000,0,1,1,200.000,0.000
-28,3,-13.750,1.750,1,0,4.074,-0.018,1,0,1,0.000,0.000
-28,4,-13.750,2.250,0,0,0.000,0.000,0,2,2,200.000,400.000
-28,5,-13.750,2.750,1,1,0.330,0.237,1,3,4,300.000,500.000
-28,6,-13.750,3.250,1,1,0.294,-0.009,2,3,5,1200.000,600.000
-28,7,-13.750,3.750,1,1,4.441,-1.607,2,3,5,5100.000,1900.000
-28,8,-13.750,4.250,1,1,0.337,-0.088,1,3,4,4700.000,2300.000
-28,9,-13.750,4.750,2,0,4.025,0.307,2,3,4,1700.000,1700.000
-28,10,-13.750,5.250,1,1,6.241,-0.070,2,3,5,2300.000,1400.000
-28,11,-13.750,5.750,0,0,0.000,0.000,0,3,3,1100.000,1000.000
-28,12,-13.750,6.250,0,1,0.000,0.000,1,3,4,1600.000,1300.000
-28,13,-13.750,6.750,1,1,2.918,0.290,2,2,4,6400.000,900.000
-28,14,-13.750,7.250,1,1,4.036,0.000,2,2,4,300.000,1200.000
-28,15,-13.750,7.750,0,0,0.000,0.000,0,2,2,800.000,200.000
-28,16,-13.750,8.250,0,0,0.000,0.000,0,2,2,1700.000,1800.000
-28,17,-13.750,8.750,0,1,0.000,0.000,1,3,4,1500.000,7900.000
-28,18,-13.750,9.250,0,0,0.000,0.000,0,2,2,700.000,2600.000
-27,-26,-13.250,-12.750,0,2,0.000,0.000,2,2,4,100.000,1000.000
-27,-25,-13.250,-12.250,2,0,9.283,1.036,2,2,3,2900.000,3200.000
-27,-24,-13.250,-11.750,1,1,7.510,-1.098,2,3,5,3200.000,1900.000
-27,-23,-13.250,-11.250,3,0,5.955,-0.887,2,3,5,2800.000,2700.000
-27,-22,-13.250,-10.750,2,2,2.761,0.329,4,3,7,1900.000,1400.000
-27,-21,-13.250,-10.250,1,0,3.936,1.888,1,3,4,3600.000,1300.000
-27,-20,-13.250,-9.750,1,1,4.520,1.651,2,2,4,1700.000,700.000
-27,-12,-13.250,-5.750,0,1,0.000,0.000,1,3,4,1400.000,1900.000
-27,-11,-13.250,-5.250,0,2,0.000,0.000,2,3,5,3600.000,4500.000
-27,-10,-13.250,-4.750,0,0,0.000,0.000,0,3,3,1500.000,2600.000
-27,-9,-13.250,-4.250,0,0,0.000,0.000,0,2,2,100.000,800.000
-27,-8,-13.250,-3.750,0,0,0.000,0.000,0,1,1,0.000,4500.000
-27,-7,-13.250,-3.250,0,0,0.000,0.000,0,1,1,0.000,400.000
-27,-6,-13.250,-2.750,0,0,0.000,0.000,0,1,1,0.000,6600.000
-27,-4,-13.250,-1.750,0,0,0.000,0.000,0,3,3,100.000,800.000
-27,-3,-13.250,-1.250,1,1,1.018,0.088,2,3,5,700.000,1600.000
-27,-2,-13.250,-0.750,1,1,2.095,0.167,2,2,4,700.000,800.000
-27,-1,-13.250,-0.250,0,0,0.000,0.000,0,3,3,600.000,900.000
-27,0,-13.250,0.250,0,0,0.000,0.000,0,3,3,4500.000,700.000
-27,4,-13.250,2.250,2,0,13.302,0.953,2,3,5,700.000,500.000
-27,5,-13.250,2.750,1,2,0.330,-0.237,2,3,5,1000.000,700.000
-27,6,-13.250,3.250,0,1,0.000,0.000,1,2,3,1400.000,200.000
-27,7,-13.250,3.750,0,2,0.000,0.000,2,3,5,3800.000,2900.000
-27,8,-13.250,4.250,1,4,4.259,-1.458,5,3,8,2200.000,2500.000
-27,9,-13.250,4.750,3,2,2.153,0.000,4,3,7,1500.000,2300.000
-27,10,-13.250,5.250,5,1,0.698,-0.079,5,3,8,1800.000,2000.000
-27,11,-13.250,5.750,0,2,0.000,0.000,2,3,5,400.000,700.000
-27,12,-13.250,6.250,2,0,3.647,-0.861,2,2,4,300.000,200.000
-27,13,-13.250,6.750,0,0,0.000,0.000,0,3,3,100.000,400.000
-27,14,-13.250,7.250,0,0,0.000,0.000,0,3,3,200.000,800.000
-27,15,-13.250,7.750,0,0,0.000,0.000,0,3,3,400.000,400.000
-27,16,-13.250,8.250,0,0,0.000,0.000,0,3,3,1000.000,1000.000
-27,17,-13.250,8.750,1,0,9.378,-0.694,1,3,3,2300.000,3500.000
-27,18,-13.250,9.250,0,0,0.000,0.000,0,2,2,1000.000,2400.000
-26,-26,-12.750,-12.750,1,0,3.570,-0.026,1,2,3,3200.000,3100.000
-26,-25,-12.750,-12.250,3,0,5.819,0.562,3,3,6,2000.000,1300.000
-26,-24,-12.750,-11.750,2,1,4.922,0.738,3,3,6,2500.000,1200.000
-26,-23,-12.750,-11.250,3,1,3.409,-0.088,4,3,7,2500.000,900.000
-26,-22,-12.750,-10.750,0,1,0.000,0.000,1,3,4,1300.000,1300.000
-26,-21,-12.750,-10.250,2,1,5.118,-1.379,3,3,5,6000.000,1700.000
-26,-20,-12.750,-9.750,0,0,0.000,0.000,0,2,2,700.000,300.000
-26,-12,-12.750,-5.750,0,0,0.000,0.000,0,3,3,1100.000,3800.000
-26,-11,-12.750,-5.250,0,0,0.000,0.000,0,3,3,2400.000,4300.000
-26,-10,-12.750,-4.750,1,3,2.264,0.202,4,3,6,1600.000,2600.000
-26,-9,-12.750,-4.250,1,0,10.080,0.105,1,2,3,400.000,800.000
-26,-8,-12.750,-3.750,2,0,1.778,0.501,2,1,3,300.000,500.000
-26,-7,-12.750,-3.250,1,0,3.912,0.000,1,1,2,0.000,600.000
-26,-6,-12.750,-2.750,0,0,0.000,0.000,0,1,1,0.000,300.000
-26,-3,-12.750,-1.250,1,0,4.321,-0.167,1,3,4,400.000,900.000
-26,-2,-12.750,-0.750,1,1,4.505,-0.158,2,2,4,200.000,1600.000
-26,-1,-12.750,-0.250,1,2,3.638,-0.808,3,3,6,1300.000,800.000
-26,0,-12.750,0.250,1,0,4.191,-0.369,1,3,4,1000.000,600.000
-26,1,-12.750,0.750,1,0,6.407,0.290,1,1,2,200.000,0.000
-26,2,-12.750,1.250,0,1,0.000,0.000,1,0,1,0.000,0.000
-26,4,-12.750,2.250,5,1,4.779,-0.009,5,3,8,2000.000,1500.000
-26,5,-12.750,2.750,1,1,0.602,0.518,1,2,3,1000.000,200.000
-26,6,-12.750,3.250,1,0,2.644,1.195,1,3,4,1000.000,300.000
-26,7,-12.750,3.750,1,3,0.417,-0.176,3,3,6,4300.000,3000.000
-26,8,-12.750,4.250,1,1,0.326,0.105,2,3,5,3400.000,3900.000
-26,9,-12.750,4.750,0,0,0.000,0.000,0,3,3,1700.000,600.000
-26,10,-12.750,5.250,2,0,3.296,0.312,2,2,4,800.000,1000.000
-26,11,-12.750,5.750,0,1,0.000,0.000,1,2,2,400.000,200.000
-26,13,-12.750,6.750,0,0,0.000,0.000,0,2,2,200.000,300.000
-26,14,-12.750,7.250,0,0,0.000,0.000,0,2,2,0.000,500.000
-26,15,-12.750,7.750,0,0,0.000,0.000,0,2,2,200.000,300.000
-26,16,-12.750,8.250,0,0,0.000,0.000,0,2,2,700.000,1300.000
-26,17,-12.750,8.750,0,0,0.000,0.000,0,3,3,2600.000,2700.000
-26,18,-12.750,9.250,0,0,0.000,0.000,0,1,1,200.000,1600.000
-25,-26,-12.250,-12.750,0,0,0.000,0.000,0,2,2,300.000,2400.000
-25,-25,-12.250,-12.250,0,1,0.000,0.000,1,3,4,2300.000,1600.000
-25,-24,-12.250,-11.750,0,2,0.000,0.000,2,3,5,2900.000,1100.000
-25,-23,-12.250,-11.250,1,0,5.280,-0.149,1,2,3,1900.000,900.000
-25,-22,-12.250,-10.750,2,3,4.077,0.070,4,3,7,2100.000,1300.000
-25,-21,-12.250,-10.250,1,0,1.460,0.747,1,3,4,6000.000,1300.000
-25,-20,-12.250,-9.750,1,0,6.012,-0.791,1,3,3,900.000,500.000
-25,-13,-12.250,-6.250,0,0,0.000,0.000,0,1,1,0.000,200.000
-25,-12,-12.250,-5.750,0,0,0.000,0.000,0,3,3,2700.000,2600.000
-25,-11,-12.250,-5.250,2,1,1.222,-0.189,3,3,5,2800.000,2600.000
-25,-10,-12.250,-4.750,1,0,5.959,-0.035,1,3,3,1000.000,1300.000
-25,-9,-12.250,-4.250,3,2,5.637,0.000,4,2,6,0.000,1400.000
-25,-8,-12.250,-3.750,0,0,0.000,0.000,0,1,1,0.000,400.000
-25,-7,-12.250,-3.250,1,3,4.642,-0.114,4,1,5,200.000,100.000
-25,-6,-12.250,-2.750,1,2,0.317,0.018,2,1,3,600.000,300.000
-25,-3,-12.250,-1.250,0,1,0.000,0.000,1,3,4,1200.000,1000.000
-25,-2,-12.250,-0.750,0,1,0.000,0.000,1,3,4,100.000,900.000
-25,-1,-12.250,-0.250,0,0,0.000,0.000,0,2,2,700.000,900.000
-25,0,-12.250,0.250,1,1,4.926,-0.105,2,3,5,1600.000,600.000
-25,1,-12.250,0.750,1,1,0.555,-0.061,2,1,3,600.000,0.000
-25,2,-12.250,1.250,0,1,0.000,0.000,1,0,1,0.000,0.000
-25,3,-12.250,1.750,1,0,7.026,-0.009,1,3,4,300.000,1200.000
-25,4,-12.250,2.250,1,0,3.915,-0.501,1,3,4,1300.000,200.000
-25,5,-12.250,2.750,0,1,0.000,0.000,1,3,4,800.000,600.000
-25,6,-12.250,3.250,0,1,0.000,0.000,1,3,4,1200.000,700.000
-25,7,-12.250,3.750,0,0,0.000,0.000,0,3,3,4900.000,4700.000
-25,8,-12.250,4.250,2,1,2.758,-0.408,3,3,6,4700.000,4000.000
-25,9,-12.250,4.750,0,0,0.000,0.000,0,3,3,1400.000,1300.000
-25,10,-12.250,5.250,1,1,1.841,0.097,2,3,5,500.000,300.000
-25,11,-12.250,5.750,0,1,0.000,0.000,1,1,2,200.000,100.000
-25,13,-12.250,6.750,0,0,0.000,0.000,0,3,3,200.000,400.000
-25,14,-12.250,7.250,1,0,2.085,-0.220,1,2,3,200.000,400.000
-25,15,-12.250,7.750,0,0,0.000,0.000,0,1,1,0.000,200.000
-25,16,-12.250,8.250,0,1,0.000,0.000,1,3,4,700.000,1800.000
-25,17,-12.250,8.750,0,0,0.000,0.000,0,3,3,1900.000,1100.000
-25,18,-12.250,9.250,0,0,0.000,0.000,0,1,1,200.000,1300.000
-24,-26,-11.750,-12.750,2,1,5.384,0.549,3,2,5,1300.000,1900.000
-24,-25,-11.750,-12.250,1,0,5.252,-0.149,1,3,4,2500.000,1600.000
-24,-24,-11.750,-11.750,0,1,0.000,0.000,1,3,4,3400.000,1400.000
-24,-23,-11.750,-11.250,2,1,2.575,-0.180,3,3,6,800.000,1700.000
-24,-22,-11.750,-10.750,1,3,10.501,1.827,4,3,7,4100.000,1000.000
-24,-21,-11.750,-10.250,1,1,1.670,0.053,2,3,5,5800.000,1200.000
-24,-20,-11.750,-9.750,0,0,0.000,0.000,0,3,3,2500.000,1900.000
-24,-19,-11.750,-9.250,0,0,0.000,0.000,0,1,1,600.000,100.000
-24,-18,-11.750,-8.750,0,0,0.000,0.000,0,2,2,3300.000,0.000
-24,-17,-11.750,-8.250,0,0,0.000,0.000,0,1,1,0.000,5600.000
-24,-16,-11.750,-7.750,0,0,0.000,0.000,0,1,1,0.000,100.000
-24,-15,-11.750,-7.250,0,0,0.000,0.000,0,1,1,0.000,100.000
-24,-14,-11.750,-6.750,0,0,0.000,0.000,0,1,1,200.000,0.000
-24,-13,-11.750,-6.250,2,0,4.016,0.009,2,3,5,1000.000,1000.000
-24,-12,-11.750,-5.750,1,1,13.739,0.105,2,3,4,3300.000,3000.000
-24,-11,-11.750,-5.250,0,1,0.000,0.000,1,3,4,2400.000,2200.000
-24,-10,-11.750,-4.750,0,0,0.000,0.000,0,3,3,1400.000,900.000
-24,-9,-11.750,-4.250,2,2,1.492,0.000,3,3,6,400.000,700.000
-24,-8,-11.750,-3.750,0,0,0.000,0.000,0,1,1,0.000,200.000
-24,-7,-11.750,-3.250,1,2,0.936,0.000,2,1,3,0.000,300.000
-24,-6,-11.750,-2.750,0,0,0.000,0.000,0,1,1,100.000,400.000
-24,-3,-11.750,-1.250,2,0,6.630,-1.063,2,1,3,500.000,500.000
-24,-2,-11.750,-0.750,1,0,3.904,-1.072,1,3,4,700.000,1400.000
-24,-1,-11.750,-0.250,2,1,0.184,0.018,2,2,4,900.000,200.000
-24,0,-11.750,0.250,2,1,10.746,0.549,3,3,6,1400.000,1000.000
-24,1,-11.750,0.750,0,0,0.000,0.000,0,1,1,300.000,0.000
-24,3,-11.750,1.750,0,2,0.000,0.000,2,2,4,0.000,900.000
-24,4,-11.750,2.250,0,0,0.000,0.000,0,3,3,800.000,600.000
-24,5,-11.750,2.750,2,1,1.102,-0.004,2,3,5,1100.000,1400.000
-24,6,-11.750,3.250,1,0,5.004,1.906,1,3,3,1000.000,700.000
-24,7,-11.750,3.750,7,0,3.050,-0.764,6,3,8,5700.000,5400.000
-24,8,-11.750,4.250,1,2,1.063,0.369,3,3,5,7000.000,4900.000
-24,9,-11.750,4.750,0,0,0.000,0.000,0,3,3,1900.000,900.000
-24,10,-11.750,5.250,0,0,0.000,0.000,0,3,3,200.000,300.000
-24,11,-11.750,5.750,0,0,0.000,0.000,0,1,1,100.000,0.000
-24,12,-11.750,6.250,0,1,0.000,0.000,1,2,3,200.000,0.000
-24,13,-11.750,6.750,0,0,0.000,0.000,0,3,3,400.000,400.000
-24,14,-11.750,7.250,0,0,0.000,0.000,0,2,2,200.000,0.000
-24,15,-11.750,7.750,0,0,0.000,0.000,0,2,2,300.000,300.000
-24,16,-11.750,8.250,0,0,0.000,0.000,0,2,2,400.000,1200.000
-24,17,-11.750,8.750,1,0,0.541,0.290,1,3,4,2000.000,2000.000
-24,18,-11.750,9.250,0,1,0.000,0.000,1,1,2,300.000,3700.000
-23,-26,-11.250,-12.750,1,1,4.673,1.107,2,2,4,2500.000,2300.000
-23,-25,-11.250,-12.250,1,2,0.369,-0.132,2,3,5,3000.000,1500.000
-23,-24,-11.250,-11.750,3,0,3.923,0.808,2,3,5,2000.000,1500.000
-23,-23,-11.250,-11.250,1,0,8.875,-2.574,1,3,4,2300.000,1800.000
-23,-22,-11.250,-10.750,2,2,3.867,0.518,3,3,6,2900.000,1000.000
-23,-21,-11.250,-10.250,3,1,5.979,0.966,4,3,7,7600.000,2400.000
-23,-20,-11.250,-9.750,3,5,5.299,3.584,7,3,9,14100.000,3800.000
-23,-19,-11.250,-9.250,1,2,2.538,0.000,3,3,6,4100.000,3900.000
-23,-18,-11.250,-8.750,1,0,4.088,0.580,1,3,4,3600.000,3100.000
-23,-17,-11.250,-8.250,0,0,0.000,0.000,0,3,3,4200.000,2600.000
-23,-16,-11.250,-7.750,1,0,4.764,0.000,1,3,4,4200.000,3000.000
-23,-15,-11.250,-7.250,1,0,6.230,0.000,1,3,4,1400.000,600.000
-23,-14,-11.250,-6.750,0,2,0.000,0.000,2,3,5,1500.000,600.000
-23,-13,-11.250,-6.250,0,1,0.000,0.000,1,3,4,1200.000,1600.000
-23,-12,-11.250,-5.750,2,3,1.309,-0.193,4,3,6,1600.000,3300.000
-23,-11,-11.250,-5.250,2,1,1.558,-0.400,2,3,5,1800.000,1300.000
-23,-10,-11.250,-4.750,1,1,4.269,-0.149,2,3,5,2300.000,800.000
-23,-9,-11.250,-4.250,1,2,1.867,0.000,3,3,6,600.000,1000.000
-23,-8,-11.250,-3.750,0,1,0.000,0.000,1,2,3,100.000,200.000
-23,-6,-11.250,-2.750,0,0,0.000,0.000,0,1,1,200.000,900.000
-23,-3,-11.250,-1.250,0,2,0.000,0.000,2,1,3,200.000,200.000
-23,-2,-11.250,-0.750,3,2,0.483,-0.088,4,3,7,900.000,900.000
-23,-1,-11.250,-0.250,0,0,0.000,0.000,0,2,2,400.000,200.000
-23,0,-11.250,0.250,1,4,2.389,-1.116,5,3,8,1800.000,1100.000
-23,1,-11.250,0.750,0,1,0.000,0.000,1,1,2,100.000,100.000
-23,2,-11.250,1.250,0,1,0.000,0.000,1,1,2,200.000,0.000
-23,3,-11.250,1.750,1,1,1.953,-0.685,1,1,2,0.000,100.000
-23,4,-11.250,2.250,0,0,0.000,0.000,0,3,3,1000.000,1600.000
-23,5,-11.250,2.750,1,1,4.329,0.009,2,3,5,1300.000,600.000
-23,6,-11.250,3.250,2,1,0.921,0.009,3,3,6,1800.000,1500.000
-23,7,-11.250,3.750,2,2,9.348,-0.575,4,3,7,8600.000,5000.000
-23,8,-11.250,4.250,1,0,2.456,-0.386,1,3,4,10500.000,3200.000
-23,9,-11.250,4.750,2,0,9.910,-0.628,2,2,3,2600.000,4300.000
-23,10,-11.250,5.250,1,0,6.273,1.019,1,1,2,0.000,200.000
-23,11,-11.250,5.750,0,1,0.000,0.000,1,1,2,100.000,0.000
-23,12,-11.250,6.250,0,0,0.000,0.000,0,2,2,200.000,0.000
-23,13,-11.250,6.750,0,0,0.000,0.000,0,3,3,400.000,300.000
-23,14,-11.250,7.250,0,0,0.000,0.000,0,1,1,100.000,0.000
-23,15,-11.250,7.750,0,0,0.000,0.000,0,3,3,100.000,500.000
-23,16,-11.250,8.250,1,1,2.540,-0.791,2,3,5,500.000,1400.000
-23,17,-11.250,8.750,0,0,0.000,0.000,0,2,2,2300.000,3100.000
-23,18,-11.250,9.250,0,1,0.000,0.000,1,1,2,500.000,1400.000
-22,-26,-10.750,-12.750,3,1,0.794,0.132,4,2,6,3500.000,2900.000
-22,-25,-10.750,-12.250,1,3,0.383,0.053,3,3,6,3200.000,3200.000
-22,-24,-10.750,-11.750,1,0,6.297,-0.018,1,3,4,3200.000,1100.000
-22,-23,-10.750,-11.250,1,1,1.645,-0.228,1,3,4,3000.000,1600.000
-22,-22,-10.750,-10.750,2,2,1.798,0.404,3,3,5,3900.000,2000.000
-22,-21,-10.750,-10.250,6,2,8.321,0.509,8,3,10,10200.000,3500.000
-22,-20,-10.750,-9.750,4,1,7.580,1.915,5,3,7,6600.000,7500.000
-22,-19,-10.750,-9.250,0,2,0.000,0.000,2,3,5,3000.000,5400.000
-22,-18,-10.750,-8.750,3,0,1.257,-0.009,3,3,5,2300.000,3200.000
-22,-17,-10.750,-8.250,0,0,0.000,0.000,0,3,3,3200.000,2100.000
-22,-16,-10.750,-7.750,2,2,1.261,0.000,3,3,5,3500.000,2100.000
-22,-15,-10.750,-7.250,1,2,6.727,-0.035,3,3,6,4100.000,3300.000
-22,-14,-10.750,-6.750,4,2,4.180,-0.004,6,3,8,2900.000,3300.000
-22,-13,-10.750,-6.250,3,3,3.401,0.000,5,3,8,1300.000,2100.000
-22,-12,-10.750,-5.750,0,0,0.000,0.000,0,3,3,1000.000,4900.000
-22,-11,-10.750,-5.250,0,0,0.000,0.000,0,3,3,1500.000,1800.000
-22,-10,-10.750,-4.750,2,0,4.660,-0.237,2,3,5,2100.000,1000.000
-22,-9,-10.750,-4.250,0,0,0.000,0.000,0,3,3,1300.000,2100.000
-22,-8,-10.750,-3.750,0,2,0.000,0.000,2,3,5,300.000,1100.000
-22,-7,-10.750,-3.250,1,0,2.697,0.545,1,2,3,400.000,600.000
-22,-6,-10.750,-2.750,0,1,0.000,0.000,1,2,3,1500.000,600.000
-22,-3,-10.750,-1.250,0,0,0.000,0.000,0,1,1,100.000,0.000
-22,-2,-10.750,-0.750,0,0,0.000,0.000,0,2,2,900.000,400.000
-22,-1,-10.750,-0.250,3,0,1.795,-0.430,3,3,6,700.000,700.000
-22,0,-10.750,0.250,0,2,0.000,0.000,2,3,5,1400.000,800.000
-22,1,-10.750,0.750,2,2,0.293,0.000,1,2,3,100.000,400.000
-22,2,-10.750,1.250,1,0,4.589,-3.188,1,1,2,200.000,0.000
-22,3,-10.750,1.750,0,0,0.000,0.000,0,2,2,700.000,200.000
-22,4,-10.750,2.250,1,1,0.749,0.009,2,3,5,100.000,700.000
-22,5,-10.750,2.750,1,0,5.523,0.000,1,3,4,4700.000,900.000
-22,6,-10.750,3.250,2,0,2.860,-0.162,2,3,5,3500.000,1600.000
-22,7,-10.750,3.750,4,1,2.875,-0.044,4,3,7,8200.000,5300.000
-22,8,-10.750,4.250,3,3,2.292,0.624,5,3,6,7200.000,4100.000
-22,9,-10.750,4.750,2,0,1.777,-0.162,2,3,4,2900.000,1400.000
-22,10,-10.750,5.250,1,0,1.884,-0.237,1,1,2,0.000,100.000
-22,11,-10.750,5.750,0,1,0.000,0.000,1,1,2,200.000,0.000
-22,12,-10.750,6.250,0,0,0.000,0.000,0,2,2,300.000,100.000
-22,13,-10.750,6.750,0,0,0.000,0.000,0,3,3,500.000,300.000
-22,14,-10.750,7.250,0,0,0.000,0.000,0,1,1,200.000,0.000
-22,15,-10.750,7.750,0,2,0.000,0.000,2,2,4,200.000,500.000
-22,16,-10.750,8.250,0,0,0.000,0.000,0,2,2,400.000,900.000
-22,17,-10.750,8.750,0,0,0.000,0.000,0,1,1,600.000,700.000
-22,18,-10.750,9.250,1,0,5.401,-0.018,1,1,2,200.000,1100.000
-21,-26,-10.250,-12.750,2,1,11.538,-0.404,3,3,5,5100.000,1400.000
-21,-25,-10.250,-12.250,2,1,2.916,1.054,2,3,5,6400.000,2300.000
-21,-24,-10.250,-11.750,0,0,0.000,0.000,0,3,3,4100.000,2400.000
-21,-23,-10.250,-11.250,0,0,0.000,0.000,0,3,3,3300.000,2000.000
-21,-22,-10.250,-10.750,0,1,0.000,0.000,1,3,4,6400.000,1000.000
-21,-21,-10.250,-10.250,5,2,5.376,1.010,4,3,7,16300.000,29900.000
-21,-20,-10.250,-9.750,0,2,0.000,0.000,2,3,5,7700.000,7100.000
-21,-19,-10.250,-9.250,0,0,0.000,0.000,0,3,3,1200.000,1500.000
-21,-18,-10.250,-8.750,1,0,8.244,0.211,1,2,2,2700.000,2800.000
-21,-17,-10.250,-8.250,1,2,2.462,0.878,3,2,3,800.000,1000.000
-21,-16,-10.250,-7.750,1,0,0.405,0.000,1,3,4,2600.000,2000.000
-21,-15,-10.250,-7.250,2,0,5.805,-0.009,2,3,5,1400.000,1800.000
-21,-14,-10.250,-6.750,1,1,1.202,-0.386,1,3,4,3300.000,3200.000
-21,-13,-10.250,-6.250,3,0,1.334,0.000,3,3,6,2100.000,2900.000
-21,-12,-10.250,-5.750,3,1,3.309,0.018,4,3,7,800.000,2400.000
-21,-11,-10.250,-5.250,0,0,0.000,0.000,0,3,3,1400.000,1900.000
-21,-10,-10.250,-4.750,0,0,0.000,0.000,0,3,3,1700.000,2000.000
-21,-9,-10.250,-4.250,1,1,1.876,-0.826,1,3,4,1400.000,2300.000
-21,-8,-10.250,-3.750,2,1,1.003,0.386,3,3,5,700.000,1100.000
-21,-7,-10.250,-3.250,0,0,0.000,0.000,0,2,2,1000.000,200.000
-21,-6,-10.250,-2.750,0,0,0.000,0.000,0,2,2,500.000,400.000
-21,-5,-10.250,-2.250,0,0,0.000,0.000,0,1,1,7800.000,0.000
-21,-3,-10.250,-1.250,0,1,0.000,0.000,1,1,2,100.000,0.000
-21,-2,-10.250,-0.750,0,0,0.000,0.000,0,1,1,100.000,100.000
-21,-1,-10.250,-0.250,1,2,17.699,-2.574,3,2,4,1300.000,1000.000
-21,0,-10.250,0.250,2,2,0.171,0.000,1,3,4,1100.000,1200.000
-21,1,-10.250,0.750,0,1,0.000,0.000,1,2,3,300.000,500.000
-21,2,-10.250,1.250,1,0,0.305,-0.035,1,1,2,200.000,0.000
-21,3,-10.250,1.750,0,1,0.000,0.000,1,2,3,400.000,900.000
-21,4,-10.250,2.250,0,0,0.000,0.000,0,2,2,2300.000,800.000
-21,5,-10.250,2.750,1,2,16.118,-0.035,3,3,5,5900.000,1900.000
-21,6,-10.250,3.250,3,6,4.302,0.615,7,3,9,6200.000,4600.000
-21,7,-10.250,3.750,2,5,17.791,0.009,6,3,9,6800.000,5500.000
-21,8,-10.250,4.250,3,4,3.310,-0.088,6,3,9,11700.000,7800.000
-21,9,-10.250,4.750,0,3,0.000,0.000,3,3,6,4200.000,7000.000
-21,10,-10.250,5.250,3,2,2.955,0.009,4,3,7,800.000,1800.000
-21,11,-10.250,5.750,2,0,2.939,0.018,2,3,5,1200.000,800.000
-21,12,-10.250,6.250,0,1,0.000,0.000,1,3,4,400.000,500.000
-21,13,-10.250,6.750,1,1,0.463,0.044,2,2,4,800.000,900.000
-21,14,-10.250,7.250,0,0,0.000,0.000,0,3,3,100.000,700.000
-21,15,-10.250,7.750,0,0,0.000,0.000,0,2,2,100.000,300.000
-21,16,-10.250,8.250,1,0,2.920,-1.124,1,3,4,900.000,1300.000
-21,17,-10.250,8.750,0,1,0.000,0.000,1,3,4,700.000,800.000
-21,18,-10.250,9.250,0,0,0.000,0.000,0,3,3,500.000,1400.000
-20,-26,-9.750,-12.750,1,2,7.542,2.442,3,3,6,6400.000,1600.000
-20,-25,-9.750,-12.250,2,1,1.632,-1.142,2,3,5,6100.000,2000.000
-20,-24,-9.750,-11.750,0,1,0.000,0.000,1,3,4,3000.000,1300.000
-20,-23,-9.750,-11.250,1,1,1.824,0.747,2,3,5,2700.000,1900.000
-20,-22,-9.750,-10.750,1,3,3.444,0.817,4,3,7,6300.000,1400.000
-20,-21,-9.750,-10.250,2,0,3.884,1.318,2,3,4,4000.000,2000.000
-20,-20,-9.750,-9.750,0,0,0.000,0.000,0,3,3,8800.000,600.000
-20,-14,-9.750,-6.750,0,0,0.000,0.000,0,2,2,0.000,400.000
-20,-13,-9.750,-6.250,0,2,0.000,0.000,2,3,5,2600.000,3000.000
-20,-12,-9.750,-5.750,3,1,2.618,0.386,3,3,6,3000.000,2300.000
-20,-11,-9.750,-5.250,1,0,4.544,-0.009,1,3,4,1600.000,4000.000
-20,-10,-9.750,-4.750,2,0,7.968,0.237,2,3,5,2200.000,2100.000
-20,-9,-9.750,-4.250,0,0,0.000,0.000,0,3,3,2400.000,1700.000
-20,-8,-9.750,-3.750,0,0,0.000,0.000,0,3,3,1300.000,1700.000
-20,-7,-9.750,-3.250,1,0,3.443,0.984,1,2,2,1600.000,400.000
-20,-6,-9.750,-2.750,0,0,0.000,0.000,0,2,2,600.000,200.000
-20,-3,-9.750,-1.250,0,0,0.000,0.000,0,1,1,300.000,0.000
-20,-2,-9.750,-0.750,0,1,0.000,0.000,1,1,2,200.000,0.000
-20,-1,-9.750,-0.250,1,2,0.349,0.053,2,2,4,400.000,800.000
-20,0,-9.750,0.250,2,2,2.458,-0.193,3,3,6,2200.000,1100.000
-20,1,-9.750,0.750,2,0,9.465,-0.013,2,2,4,900.000,400.000
-20,2,-9.750,1.250,0,0,0.000,0.000,0,1,1,1400.000,0.000
-20,3,-9.750,1.750,0,0,0.000,0.000,0,2,2,0.000,2800.000
-20,4,-9.750,2.250,1,2,3.093,-0.009,2,2,4,100.000,2300.000
-20,5,-9.750,2.750,2,1,18.079,0.009,3,3,6,2000.000,3200.000
-20,6,-9.750,3.250,4,5,5.425,0.009,8,3,11,3500.000,3700.000
-20,7,-9.750,3.750,6,5,11.739,0.013,10,3,12,15300.000,6000.000
-20,8,-9.750,4.250,10,8,3.917,0.009,14,3,16,12800.000,4300.000
-20,9,-9.750,4.750,1,1,18.762,-0.755,2,3,5,6200.000,5000.000
-20,10,-9.750,5.250,5,2,2.372,0.009,7,3,9,4600.000,4200.000
-20,11,-9.750,5.750,2,3,0.468,0.000,4,3,7,4700.000,3000.000
-20,12,-9.750,6.250,1,5,4.073,0.123,5,3,7,3800.000,3100.000
-20,13,-9.750,6.750,1,0,6.866,1.897,1,3,4,900.000,1800.000
-20,14,-9.750,7.250,1,2,16.210,-0.299,2,3,5,900.000,1900.000
-20,15,-9.750,7.750,0,1,0.000,0.000,1,3,4,500.000,1900.000
-20,16,-9.750,8.250,0,0,0.000,0.000,0,2,2,100.000,2100.000
-20,17,-9.750,8.750,0,0,0.000,0.000,0,2,2,200.000,3600.000
-20,18,-9.750,9.250,0,0,0.000,0.000,0,1,1,0.000,700.000
-19,-26,-9.250,-12.750,2,1,5.636,0.246,3,3,6,6300.000,2000.000
-19,-25,-9.250,-12.250,2,2,8.321,0.422,4,3,6,6200.000,3600.000
-19,-24,-9.250,-11.750,3,1,3.629,2.714,4,3,7,2700.000,600.000
-19,-23,-9.250,-11.250,3,1,2.459,0.141,4,3,7,4100.000,2600.000
-19,-22,-9.250,-10.750,1,3,1.639,0.255,3,3,5,4400.000,1600.000
-19,-21,-9.250,-10.250,0,1,0.000,0.000,1,3,4,2800.000,1800.000
-19,-20,-9.250,-9.750,0,0,0.000,0.000,0,2,2,300.000,600.000
-19,-14,-9.250,-6.750,0,0,0.000,0.000,0,1,1,300.000,0.000
-19,-13,-9.250,-6.250,0,2,0.000,0.000,2,2,4,800.000,800.000
-19,-12,-9.250,-5.750,1,1,4.859,0.009,2,3,5,1500.000,2000.000
-19,-11,-9.250,-5.250,1,2,2.875,0.000,3,3,6,1300.000,2200.000
-19,-10,-9.250,-4.750,3,2,0.409,0.176,3,3,6,2000.000,2700.000
-19,-9,-9.250,-4.250,2,2,0.234,-0.066,2,3,5,2600.000,1500.000
-19,-8,-9.250,-3.750,1,1,0.456,-0.351,1,3,4,1800.000,1100.000
-19,-7,-9.250,-3.250,0,2,0.000,0.000,2,2,4,1800.000,500.000
-19,-6,-9.250,-2.750,0,1,0.000,0.000,1,2,3,1100.000,200.000
-19,-3,-9.250,-1.250,0,0,0.000,0.000,0,1,1,400.000,0.000
-19,-2,-9.250,-0.750,0,1,0.000,0.000,1,3,4,500.000,400.000
-19,-1,-9.250,-0.250,1,1,0.502,-0.018,2,2,4,800.000,300.000
-19,0,-9.250,0.250,3,5,4.605,-0.413,8,3,10,1600.000,1600.000
-19,1,-9.250,0.750,0,2,0.000,0.000,2,2,4,2300.000,600.000
-19,2,-9.250,1.250,0,1,0.000,0.000,1,1,2,1500.000,0.000
-19,3,-9.250,1.750,0,0,0.000,0.000,0,1,1,0.000,600.000
-19,4,-9.250,2.250,0,1,0.000,0.000,1,1,2,0.000,800.000
-19,5,-9.250,2.750,0,0,0.000,0.000,0,3,3,900.000,1700.000
-19,6,-9.250,3.250,1,4,15.232,-0.026,5,3,8,3900.000,5000.000
-19,7,-9.250,3.750,8,5,15.549,0.004,10,3,13,13700.000,7800.000
-19,8,-9.250,4.250,5,3,13.385,-0.141,7,3,10,12900.000,5000.000
-19,9,-9.250,4.750,3,4,0.326,0.000,6,3,9,9500.000,3900.000
-19,10,-9.250,5.250,0,3,0.000,0.000,3,3,6,3000.000,3700.000
-19,11,-9.250,5.750,1,4,0.239,0.009,5,3,8,2200.000,3200.000
-19,12,-9.250,6.250,0,0,0.000,0.000,0,3,3,900.000,2200.000
-19,13,-9.250,6.750,0,2,0.000,0.000,2,3,5,300.000,2600.000
-19,14,-9.250,7.250,0,1,0.000,0.000,1,3,4,200.000,1300.000
-19,15,-9.250,7.750,0,0,0.000,0.000,0,3,3,300.000,3600.000
-19,16,-9.250,8.250,0,1,0.000,0.000,1,2,3,200.000,1100.000
-19,17,-9.250,8.750,0,0,0.000,0.000,0,2,2,0.000,2000.000
-19,18,-9.250,9.250,0,0,0.000,0.000,0,1,1,0.000,100.000
-18,-26,-8.750,-12.750,4,1,4.165,-0.496,5,3,8,4400.000,700.000
-18,-25,-8.750,-12.250,0,2,0.000,0.000,2,3,4,6200.000,3300.000
-18,-24,-8.750,-11.750,1,3,6.740,-0.088,3,3,6,3900.000,1600.000
-18,-23,-8.750,-11.250,0,2,0.000,0.000,2,3,5,3700.000,2300.000
-18,-22,-8.750,-10.750,3,1,7.198,-1.537,4,3,7,2100.000,1300.000
-18,-21,-8.750,-10.250,2,0,3.608,-1.282,2,3,5,2200.000,1300.000
-18,-20,-8.750,-9.750,0,0,0.000,0.000,0,2,2,300.000,600.000
-18,-14,-8.750,-6.750,0,0,0.000,0.000,0,2,2,300.000,200.000
-18,-13,-8.750,-6.250,0,1,0.000,0.000,1,2,3,500.000,900.000
-18,-12,-8.750,-5.750,1,0,0.534,0.097,1,2,3,700.000,1900.000
-18,-11,-8.750,-5.250,4,2,2.507,0.009,5,2,7,1800.000,1500.000
-18,-10,-8.750,-4.750,1,2,2.416,0.659,3,3,6,2300.000,2300.000
-18,-9,-8.750,-4.250,1,2,20.649,0.404,3,3,4,3200.000,3300.000
-18,-8,-8.750,-3.750,3,4,3.565,1.186,7,3,10,2900.000,2100.000
-18,-7,-8.750,-3.250,1,2,1.658,-0.351,3,3,6,2400.000,1000.000
-18,-6,-8.750,-2.750,1,0,0.280,0.211,1,2,3,700.000,400.000
-18,-3,-8.750,-1.250,0,1,0.000,0.000,1,3,3,800.000,100.000
-18,-2,-8.750,-0.750,2,2,0.262,0.040,3,2,5,2100.000,700.000
-18,-1,-8.750,-0.250,0,2,0.000,0.000,2,3,4,1400.000,300.000
-18,0,-8.750,0.250,2,6,3.176,0.180,6,3,9,3400.000,1100.000
-18,1,-8.750,0.750,1,0,1.642,-0.141,1,2,2,1300.000,600.000
-18,2,-8.750,1.250,0,0,0.000,0.000,0,2,2,400.000,600.000
-18,6,-8.750,3.250,0,2,0.000,0.000,2,3,5,500.000,1900.000
-18,7,-8.750,3.750,5,2,2.377,0.000,7,3,10,9200.000,12000.000
-18,8,-8.750,4.250,10,9,2.928,-0.022,16,3,17,12300.000,9900.000
-18,9,-8.750,4.750,1,2,3.445,-0.141,3,3,4,3100.000,2200.000
-18,10,-8.750,5.250,0,0,0.000,0.000,0,1,1,0.000,300.000
-18,11,-8.750,5.750,0,0,0.000,0.000,0,1,1,300.000,600.000
-18,12,-8.750,6.250,0,0,0.000,0.000,0,1,1,600.000,900.000
-18,13,-8.750,6.750,0,0,0.000,0.000,0,1,1,300.000,200.000
-18,14,-8.750,7.250,0,0,0.000,0.000,0,1,1,0.000,200.000
-18,15,-8.750,7.750,0,0,0.000,0.000,0,1,1,0.000,300.000
-18,16,-8.750,8.250,0,0,0.000,0.000,0,1,1,0.000,400.000
-18,17,-8.750,8.750,0,0,0.000,0.000,0,1,1,0.000,400.000
-17,-26,-8.250,-12.750,0,2,0.000,0.000,2,3,5,5400.000,700.000
-17,-25,-8.250,-12.250,1,2,5.135,0.896,2,3,5,7800.000,3600.000
-17,-24,-8.250,-11.750,0,1,0.000,0.000,1,3,3,3100.000,1900.000
-17,-23,-8.250,-11.250,1,0,3.366,2.038,1,3,4,1400.000,1100.000
-17,-22,-8.250,-10.750,0,1,0.000,0.000,1,3,4,2100.000,1700.000
-17,-21,-8.250,-10.250,3,2,3.295,-0.413,4,3,7,2200.000,1900.000
-17,-20,-8.250,-9.750,0,1,0.000,0.000,1,3,4,1000.000,200.000
-17,-19,-8.250,-9.250,1,1,6.175,-1.994,2,1,3,500.000,0.000
-17,-17,-8.250,-8.250,0,1,0.000,0.000,1,1,2,400.000,0.000
-17,-16,-8.250,-7.750,0,0,0.000,0.000,0,1,1,100.000,0.000
-17,-14,-8.250,-6.750,1,1,0.097,0.000,1,2,3,200.000,500.000
-17,-13,-8.250,-6.250,1,1,2.646,0.791,1,2,3,1000.000,300.000
-17,-12,-8.250,-5.750,3,3,0.265,-0.009,3,2,5,2000.000,600.000
-17,-11,-8.250,-5.250,1,0,5.297,0.887,1,2,3,2600.000,800.000
-17,-10,-8.250,-4.750,2,2,4.710,0.549,3,2,4,2100.000,1500.000
-17,-9,-8.250,-4.250,0,2,0.000,0.000,2,3,5,3200.000,3300.000
-17,-8,-8.250,-3.750,3,3,2.319,-0.026,5,3,7,6300.000,3800.000
-17,-7,-8.250,-3.250,0,4,0.000,0.000,4,3,6,8100.000,4900.000
-17,-6,-8.250,-2.750,3,1,5.095,0.747,4,3,7,2400.000,2900.000
-17,-3,-8.250,-1.250,1,3,2.714,-1.801,4,3,6,3600.000,1300.000
-17,-2,-8.250,-0.750,1,1,3.957,-0.457,2,3,5,2100.000,400.000
-17,-1,-8.250,-0.250,4,1,9.853,-1.651,4,3,7,5900.000,1100.000
-17,0,-8.250,0.250,3,5,3.138,0.000,7,3,10,4100.000,1000.000
-17,1,-8.250,0.750,2,2,3.512,-0.040,4,2,6,700.000,500.000
-17,2,-8.250,1.250,0,0,0.000,0.000,0,1,1,400.000,0.000
-17,6,-8.250,3.250,1,1,15.864,0.000,2,3,4,3500.000,1300.000
-17,7,-8.250,3.750,7,5,3.382,0.000,10,3,11,8000.000,6600.000
-17,8,-8.250,4.250,1,3,5.202,0.000,4,3,6,13500.000,4800.000
-17,9,-8.250,4.750,0,0,0.000,0.000,0,3,3,1200.000,1000.000
-16,-26,-7.750,-12.750,1,2,5.208,1.072,3,3,6,6100.000,1100.000
-16,-25,-7.750,-12.250,4,0,3.847,0.593,3,3,6,4900.000,4000.000
-16,-24,-7.750,-11.750,2,3,1.271,1.058,4,3,7,4500.000,2000.000
-16,-23,-7.750,-11.250,2,1,3.747,1.489,3,3,6,1400.000,400.000
-16,-22,-7.750,-10.750,4,4,0.858,-0.408,5,3,8,1600.000,1300.000
-16,-21,-7.750,-10.250,1,3,4.011,-0.422,4,3,7,1700.000,1300.000
-16,-20,-7.750,-9.750,1,2,6.762,1.836,3,3,6,1800.000,1200.000
-16,-19,-7.750,-9.250,0,0,0.000,0.000,0,3,3,1100.000,100.000
-16,-18,-7.750,-8.750,1,2,2.700,-0.799,2,2,4,1300.000,0.000
-16,-17,-7.750,-8.250,2,0,4.500,-0.158,2,2,4,1600.000,0.000
-16,-16,-7.750,-7.750,0,0,0.000,0.000,0,2,2,1500.000,0.000
-16,-15,-7.750,-7.250,0,2,0.000,0.000,2,2,4,2200.000,0.000
-16,-14,-7.750,-6.750,0,2,0.000,0.000,2,2,4,2700.000,8800.000
-16,-13,-7.750,-6.250,0,2,0.000,0.000,2,2,4,2400.000,400.000
-16,-12,-7.750,-5.750,1,1,2.857,0.026,2,2,4,1500.000,1000.000
-16,-11,-7.750,-5.250,2,1,10.383,0.206,3,2,4,500.000,1500.000
-16,-10,-7.750,-4.750,2,3,8.870,0.378,5,3,8,3000.000,3000.000
-16,-9,-7.750,-4.250,4,1,3.128,-0.040,5,3,8,3300.000,2700.000
-16,-8,-7.750,-3.750,2,2,6.498,0.158,4,3,7,5300.000,4600.000
-16,-7,-7.750,-3.250,6,4,4.213,0.035,9,3,12,7800.000,3800.000
-16,-6,-7.750,-2.750,1,6,8.617,0.404,7,3,10,8300.000,9000.000
-16,-5,-7.750,-2.250,1,4,17.721,0.351,5,3,8,10200.000,8300.000
-16,-4,-7.750,-1.750,4,4,4.348,0.215,7,3,9,16900.000,5000.000
-16,-3,-7.750,-1.250,4,5,0.257,0.013,6,3,9,5400.000,3800.000
-16,-2,-7.750,-0.750,3,5,7.174,0.026,6,3,9,3700.000,1600.000
-16,-1,-7.750,-0.250,3,3,3.685,0.000,5,3,8,3100.000,1500.000
-16,0,-7.750,0.250,3,3,15.183,-0.035,5,3,8,1200.000,1600.000
-16,1,-7.750,0.750,1,0,9.316,0.386,1,3,4,400.000,1100.000
-16,2,-7.750,1.250,0,2,0.000,0.000,2,3,5,2100.000,7300.000
-16,3,-7.750,1.750,0,0,0.000,0.000,0,2,2,800.000,1100.000
-16,4,-7.750,2.250,0,1,0.000,0.000,1,2,3,2900.000,900.000
-16,5,-7.750,2.750,0,0,0.000,0.000,0,2,2,100.000,100.000
-16,6,-7.750,3.250,2,3,3.259,-0.009,5,3,8,5100.000,1700.000
-16,7,-7.750,3.750,6,7,1.601,0.000,10,3,12,5800.000,4500.000
-16,8,-7.750,4.250,4,7,7.138,0.000,11,3,14,9300.000,3700.000
-16,9,-7.750,4.750,2,7,8.622,-0.149,6,3,7,8500.000,2100.000
-16,10,-7.750,5.250,1,1,0.427,-0.114,1,3,3,2500.000,800.000
-16,11,-7.750,5.750,0,0,0.000,0.000,0,3,3,3800.000,200.000
-16,12,-7.750,6.250,0,0,0.000,0.000,0,2,2,3400.000,200.000
-16,13,-7.750,6.750,0,0,0.000,0.000,0,2,2,1800.000,100.000
-16,14,-7.750,7.250,0,0,0.000,0.000,0,1,1,1000.000,0.000
-16,15,-7.750,7.750,0,1,0.000,0.000,1,1,2,600.000,0.000
-15,-26,-7.250,-12.750,3,1,4.206,0.281,4,3,7,6000.000,1800.000
-15,-25,-7.250,-12.250,2,1,4.567,-1.045,3,3,6,6000.000,2200.000
-15,-24,-7.250,-11.750,0,3,0.000,0.000,3,3,5,3300.000,2600.000
-15,-23,-7.250,-11.250,1,1,5.867,-2.890,2,3,5,600.000,300.000
-15,-22,-7.250,-10.750,2,1,3.114,-1.256,3,3,6,700.000,500.000
-15,-21,-7.250,-10.250,1,0,3.551,2.310,1,3,4,1900.000,2600.000
-15,-20,-7.250,-9.750,0,2,0.000,0.000,2,3,5,1800.000,1100.000
-15,-19,-7.250,-9.250,0,2,0.000,0.000,2,3,5,1100.000,800.000
-15,-18,-7.250,-8.750,1,1,5.178,-0.334,2,2,4,500.000,0.000
-15,-17,-7.250,-8.250,1,0,2.380,0.343,1,2,3,1200.000,0.000
-15,-16,-7.250,-7.750,0,3,0.000,0.000,3,2,5,1400.000,0.000
-15,-15,-7.250,-7.250,1,1,5.608,-2.178,2,2,4,1200.000,0.000
-15,-14,-7.250,-6.750,0,0,0.000,0.000,0,2,2,1300.000,1500.000
-15,-13,-7.250,-6.250,0,0,0.000,0.000,0,2,2,3400.000,0.000
-15,-12,-7.250,-5.750,3,2,4.185,0.009,4,2,6,900.000,0.000
-15,-11,-7.250,-5.250,0,1,0.000,0.000,1,1,2,800.000,200.000
-15,-10,-7.250,-4.750,2,2,2.647,0.369,3,3,6,3000.000,1100.000
-15,-9,-7.250,-4.250,4,4,9.129,0.404,6,3,9,3100.000,4000.000
-15,-8,-7.250,-3.750,6,3,9.771,0.404,8,3,11,4700.000,6600.000
-15,-7,-7.250,-3.250,5,0,6.782,0.404,4,3,7,5600.000,4200.000
-15,-6,-7.250,-2.750,9,8,6.343,0.009,12,3,14,6900.000,5100.000
-15,-5,-7.250,-2.250,9,7,14.539,0.404,13,3,15,10100.000,7600.000
-15,-4,-7.250,-1.750,9,9,4.379,0.378,16,3,18,13500.000,7600.000
-15,-3,-7.250,-1.250,7,8,14.748,0.413,12,3,15,14200.000,6100.000
-15,-2,-7.250,-0.750,5,6,4.997,-0.061,9,3,12,8400.000,2600.000
-15,-1,-7.250,-0.250,16,7,7.089,0.026,20,3,23,5100.000,2700.000
-15,0,-7.250,0.250,5,4,5.471,-0.009,7,3,9,5400.000,1800.000
-15,1,-7.250,0.750,3,3,1.929,0.035,6,3,9,3700.000,1500.000
-15,2,-7.250,1.250,3,4,6.397,0.009,7,3,9,3700.000,2400.000
-15,3,-7.250,1.750,2,4,0.996,-0.242,6,3,8,3800.000,1700.000
-15,4,-7.250,2.250,2,5,6.233,1.625,7,3,10,4200.000,1400.000
-15,5,-7.250,2.750,1,1,15.116,-0.378,2,3,5,3900.000,2300.000
-15,6,-7.250,3.250,4,6,4.712,-0.119,10,3,11,3600.000,2200.000
-15,7,-7.250,3.750,3,2,7.639,0.228,4,3,7,5300.000,3700.000
-15,8,-7.250,4.250,5,4,2.763,-0.026,9,3,11,5200.000,1300.000
-15,9,-7.250,4.750,3,4,3.192,0.000,5,3,8,5700.000,700.000
-15,10,-7.250,5.250,2,1,3.177,-0.022,3,3,6,3800.000,900.000
-15,11,-7.250,5.750,3,3,3.141,0.000,6,3,9,3600.000,900.000
-15,12,-7.250,6.250,1,3,2.576,0.000,4,3,7,5900.000,700.000
-15,13,-7.250,6.750,0,3,0.000,0.000,3,3,6,4600.000,700.000
-15,14,-7.250,7.250,1,0,0.606,0.000,1,3,4,5100.000,400.000
-15,15,-7.250,7.750,2,2,12.786,0.000,4,3,7,3500.000,100.000
-15,17,-7.250,8.750,1,0,3.102,0.000,1,3,4,500.000,100.000
-15,18,-7.250,9.250,1,0,2.032,-0.097,1,2,3,2000.000,0.000
-15,19,-7.250,9.750,3,2,1.673,-0.009,4,2,6,1400.000,400.000
-15,20,-7.250,10.250,1,0,3.756,0.747,1,2,3,700.000,0.000
-15,21,-7.250,10.750,0,0,0.000,0.000,0,2,2,800.000,0.000
-15,22,-7.250,11.250,0,0,0.000,0.000,0,1,1,200.000,0.000
-15,24,-7.250,12.250,0,0,0.000,0.000,0,1,1,100.000,0.000
-14,-26,-6.750,-12.750,3,6,4.413,-0.176,7,3,10,8100.000,1500.000
-14,-25,-6.750,-12.250,2,6,0.672,0.404,6,3,9,5400.000,2800.000
-14,-24,-6.750,-11.750,0,0,0.000,0.000,0,3,3,4000.000,3400.000
-14,-23,-6.750,-11.250,0,1,0.000,0.000,1,2,3,1600.000,2200.000
-14,-22,-6.750,-10.750,1,2,2.335,1.774,2,3,5,600.000,600.000
-14,-21,-6.750,-10.250,0,1,0.000,0.000,1,3,4,2900.000,1800.000
-14,-20,-6.750,-9.750,0,0,0.000,0.000,0,3,3,1500.000,600.000
-14,-19,-6.750,-9.250,3,1,1.609,-0.184,4,3,7,1000.000,1300.000
-14,-18,-6.750,-8.750,0,0,0.000,0.000,0,3,3,900.000,700.000
-14,-17,-6.750,-8.250,1,1,4.900,-2.222,2,1,3,400.000,200.000
-14,-16,-6.750,-7.750,0,2,0.000,0.000,2,1,3,200.000,200.000
-14,-15,-6.750,-7.250,0,0,0.000,0.000,0,1,1,400.000,300.000
-14,-14,-6.750,-6.750,0,0,0.000,0.000,0,2,2,900.000,300.000
-14,-13,-6.750,-6.250,0,0,0.000,0.000,0,2,2,1600.000,100.000
-14,-12,-6.750,-5.750,0,0,0.000,0.000,0,1,1,500.000,300.000
-14,-11,-6.750,-5.250,0,0,0.000,0.000,0,1,1,200.000,400.000
-14,-10,-6.750,-4.750,1,1,4.299,0.184,2,2,4,300.000,500.000
-14,-9,-6.750,-4.250,4,3,3.342,0.044,5,2,6,400.000,1000.000
-14,-8,-6.750,-3.750,1,2,15.984,-0.079,3,2,5,1200.000,2400.000
-14,-7,-6.750,-3.250,3,3,8.274,0.114,6,2,8,1900.000,1700.000
-14,-6,-6.750,-2.750,2,1,4.292,0.013,3,3,6,3300.000,600.000
-14,-5,-6.750,-2.250,1,1,7.036,0.404,2,3,5,8500.000,600.000
-14,-4,-6.750,-1.750,5,0,7.436,0.413,5,3,8,3000.000,700.000
-14,-3,-6.750,-1.250,8,6,13.516,1.032,12,3,15,7900.000,1100.000
-14,-2,-6.750,-0.750,7,0,11.137,0.202,7,3,10,5600.000,1400.000
-14,-1,-6.750,-0.250,7,6,11.577,1.291,13,3,15,5900.000,2000.000
-14,0,-6.750,0.250,5,7,9.679,0.685,10,3,12,6200.000,2000.000
-14,1,-6.750,0.750,1,3,12.327,0.931,4,3,7,4200.000,1200.000
-14,2,-6.750,1.250,1,4,5.770,0.228,5,3,8,5300.000,1100.000
-14,3,-6.750,1.750,2,2,8.072,0.773,3,3,6,4400.000,1000.000
-14,4,-6.750,2.250,4,3,1.919,-0.026,6,3,9,3300.000,900.000
-14,5,-6.750,2.750,1,4,2.442,-0.378,5,3,6,2200.000,600.000
-14,6,-6.750,3.250,4,2,10.594,0.000,5,3,8,5300.000,1400.000
-14,7,-6.750,3.750,3,3,6.663,0.000,6,3,8,3100.000,1500.000
-14,8,-6.750,4.250,4,1,11.215,-0.193,5,3,7,5400.000,700.000
-14,9,-6.750,4.750,8,4,1.265,0.000,11,3,14,5000.000,1000.000
-14,10,-6.750,5.250,3,0,13.324,0.000,3,3,6,4700.000,400.000
-14,11,-6.750,5.750,0,2,0.000,0.000,2,3,5,4900.000,700.000
-14,12,-6.750,6.250,3,6,0.296,0.000,8,3,11,6300.000,200.000
-14,13,-6.750,6.750,2,2,3.606,0.000,4,3,7,10800.000,1200.000
-14,14,-6.750,7.250,4,6,2.694,0.000,9,3,12,8500.000,1100.000
-14,15,-6.750,7.750,8,10,4.533,0.000,14,3,17,9200.000,1600.000
-14,16,-6.750,8.250,1,3,16.226,0.026,4,3,7,11400.000,1500.000
-14,17,-6.750,8.750,2,8,5.323,-0.211,10,3,13,11000.000,700.000
-14,18,-6.750,9.250,5,3,2.601,0.000,8,3,11,11400.000,600.000
-14,19,-6.750,9.750,2,2,10.792,-0.378,4,3,7,5100.000,1500.000
-14,20,-6.750,10.250,2,0,8.117,-0.202,2,3,5,1500.000,600.000
-14,21,-6.750,10.750,2,0,8.791,0.650,2,3,5,1400.000,600.000
-14,22,-6.750,11.250,1,3,0.208,0.000,3,2,5,800.000,1400.000
-14,23,-6.750,11.750,0,0,0.000,0.000,0,2,2,1100.000,0.000
-14,24,-6.750,12.250,0,0,0.000,0.000,0,1,1,300.000,0.000
-13,-26,-6.250,-12.750,2,1,3.066,-0.918,3,3,6,6900.000,1900.000
-13,-25,-6.250,-12.250,3,3,7.769,1.010,4,3,6,4700.000,2300.000
-13,-24,-6.250,-11.750,3,1,3.883,0.395,4,3,7,4000.000,2000.000
-13,-23,-6.250,-11.250,1,2,3.585,1.572,3,3,5,3100.000,2500.000
-13,-22,-6.250,-10.750,0,0,0.000,0.000,0,3,3,2000.000,500.000
-13,-21,-6.250,-10.250,3,1,3.906,0.061,4,3,6,3500.000,400.000
-13,-20,-6.250,-9.750,1,1,3.021,2.837,2,3,5,4900.000,500.000
-13,-19,-6.250,-9.250,0,0,0.000,0.000,0,3,3,1800.000,700.000
-13,-18,-6.250,-8.750,1,1,2.630,0.457,2,3,5,500.000,1100.000
-13,-17,-6.250,-8.250,1,0,2.222,0.044,1,3,4,1000.000,500.000
-13,-16,-6.250,-7.750,0,0,0.000,0.000,0,1,1,0.000,200.000
-13,-15,-6.250,-7.250,1,0,17.899,-2.749,1,1,2,0.000,200.000
-13,-14,-6.250,-6.750,0,0,0.000,0.000,0,1,1,300.000,0.000
-13,-13,-6.250,-6.250,1,1,9.907,-0.044,1,2,3,1300.000,300.000
-13,-12,-6.250,-5.750,0,0,0.000,0.000,0,2,2,500.000,0.000
-13,-11,-6.250,-5.250,0,0,0.000,0.000,0,1,1,500.000,200.000
-13,-10,-6.250,-4.750,1,1,3.008,0.070,2,1,3,0.000,1300.000
-13,-9,-6.250,-4.250,2,0,11.876,-1.190,2,0,2,0.000,0.000
-13,-8,-6.250,-3.750,1,0,1.288,-0.378,1,1,2,300.000,200.000
-13,-7,-6.250,-3.250,0,0,0.000,0.000,0,1,1,200.000,100.000
-13,-3,-6.250,-1.250,2,2,3.118,1.585,3,3,6,800.000,1100.000
-13,-2,-6.250,-0.750,4,2,4.598,1.397,6,3,9,1100.000,300.000
-13,-1,-6.250,-0.250,3,4,3.898,0.097,7,3,9,1000.000,400.000
-13,0,-6.250,0.250,3,4,1.501,0.035,6,3,9,2200.000,900.000
-13,1,-6.250,0.750,0,2,0.000,0.000,2,3,5,1100.000,600.000
-13,2,-6.250,1.250,1,0,2.958,0.553,1,1,2,200.000,100.000
-13,3,-6.250,1.750,0,0,0.000,0.000,0,1,1,500.000,0.000
-13,4,-6.250,2.250,1,0,16.301,0.000,1,3,4,1000.000,400.000
-13,5,-6.250,2.750,4,1,6.872,1.326,3,3,6,1900.000,800.000
-13,6,-6.250,3.250,2,2,12.188,2.719,3,3,5,1700.000,2000.000
-13,7,-6.250,3.750,5,3,6.185,0.597,8,3,10,3000.000,800.000
-13,8,-6.250,4.250,2,5,12.139,0.215,7,3,9,3300.000,400.000
-13,9,-6.250,4.750,2,4,4.863,-0.035,6,2,8,300.000,300.000
-13,10,-6.250,5.250,5,3,7.358,0.492,7,3,10,500.000,200.000
-13,11,-6.250,5.750,2,0,8.494,1.238,2,3,5,2100.000,800.000
-13,12,-6.250,6.250,5,1,9.279,-0.149,5,3,8,8100.000,900.000
-13,13,-6.250,6.750,4,2,12.594,0.000,5,3,7,7200.000,1000.000
-13,14,-6.250,7.250,3,6,12.805,0.000,9,3,11,3800.000,1400.000
-13,15,-6.250,7.750,3,6,13.204,0.000,9,3,12,7900.000,600.000
-13,16,-6.250,8.250,1,3,15.143,2.635,4,3,7,3100.000,1000.000
-13,17,-6.250,8.750,1,5,0.258,-0.044,5,3,8,4500.000,1100.000
-13,18,-6.250,9.250,4,1,2.335,0.000,4,3,6,15700.000,1800.000
-13,19,-6.250,9.750,3,6,2.629,0.009,7,3,10,14700.000,2700.000
-13,20,-6.250,10.250,5,2,4.076,-0.026,7,3,10,6500.000,400.000
-13,21,-6.250,10.750,3,5,1.763,-0.026,7,3,10,4000.000,500.000
-13,22,-6.250,11.250,1,0,0.230,0.000,1,3,4,1800.000,700.000
-13,23,-6.250,11.750,0,0,0.000,0.000,0,3,3,1100.000,100.000
-13,24,-6.250,12.250,0,1,0.000,0.000,1,2,3,200.000,0.000
-12,-26,-5.750,-12.750,1,0,5.765,-0.984,1,3,4,7400.000,1300.000
-12,-25,-5.750,-12.250,2,1,2.836,-0.650,3,3,6,5100.000,1800.000
-12,-24,-5.750,-11.750,2,1,3.632,-0.066,3,3,6,3600.000,1700.000
-12,-23,-5.750,-11.250,3,1,4.355,-0.088,3,3,6,4100.000,1700.000
-12,-22,-5.750,-10.750,2,1,3.435,-1.111,3,3,6,1200.000,1100.000
-12,-21,-5.750,-10.250,0,2,0.000,0.000,2,3,4,900.000,2300.000
-12,-20,-5.750,-9.750,3,1,3.043,1.493,4,3,7,800.000,200.000
-12,-19,-5.750,-9.250,1,2,20.650,-1.976,3,2,5,1600.000,400.000
-12,-18,-5.750,-8.750,2,4,6.759,0.668,6,3,9,1200.000,300.000
-12,-17,-5.750,-8.250,2,1,2.421,-0.400,2,3,5,1900.000,1100.000
-12,-16,-5.750,-7.750,2,1,3.361,-0.747,2,3,5,1200.000,900.000
-12,-15,-5.750,-7.250,0,0,0.000,0.000,0,2,2,400.000,100.000
-12,-14,-5.750,-6.750,1,2,1.943,-0.009,3,2,4,600.000,300.000
-12,-13,-5.750,-6.250,0,2,0.000,0.000,2,3,5,600.000,400.000
-12,-12,-5.750,-5.750,1,0,5.499,0.545,1,3,4,500.000,500.000
-12,-11,-5.750,-5.250,2,2,6.750,-1.050,4,2,6,800.000,2300.000
-12,-10,-5.750,-4.750,0,1,0.000,0.000,1,1,2,600.000,700.000
-12,-9,-5.750,-4.250,0,2,0.000,0.000,2,1,2,1100.000,0.000
-12,-8,-5.750,-3.750,1,0,0.335,0.220,1,1,2,500.000,0.000
-12,-7,-5.750,-3.250,4,2,3.176,-0.224,5,2,7,300.000,200.000
-12,-6,-5.750,-2.750,1,0,3.697,0.026,1,2,2,200.000,100.000
-12,-5,-5.750,-2.250,0,1,0.000,0.000,1,1,2,200.000,0.000
-12,-4,-5.750,-1.750,0,1,0.000,0.000,1,0,1,0.000,0.000
-12,-3,-5.750,-1.250,0,0,0.000,0.000,0,3,3,400.000,500.000
-12,-2,-5.750,-0.750,3,2,9.080,-0.026,5,3,8,1700.000,300.000
-12,-1,-5.750,-0.250,1,0,14.542,-1.045,1,3,4,1300.000,400.000
-12,0,-5.750,0.250,1,0,1.442,0.747,1,3,4,2000.000,0.000
-12,1,-5.750,0.750,0,0,0.000,0.000,0,3,3,1900.000,800.000
-12,2,-5.750,1.250,2,1,3.568,2.657,3,3,5,1700.000,800.000
-12,3,-5.750,1.750,0,0,0.000,0.000,0,1,1,0.000,100.000
-12,4,-5.750,2.250,3,2,7.521,2.784,5,3,7,800.000,600.000
-12,5,-5.750,2.750,4,2,11.129,2.793,5,3,8,1000.000,1300.000
-12,6,-5.750,3.250,2,1,7.053,0.334,3,3,6,600.000,3700.000
-12,7,-5.750,3.750,3,2,12.502,-0.035,5,3,8,2800.000,1500.000
-12,8,-5.750,4.250,2,2,11.517,0.575,4,3,7,900.000,800.000
-12,9,-5.750,4.750,1,1,9.604,2.407,2,2,4,600.000,1200.000
-12,10,-5.750,5.250,5,1,2.768,0.316,5,3,7,200.000,700.000
-12,11,-5.750,5.750,2,1,10.452,0.202,3,2,5,2600.000,500.000
-12,12,-5.750,6.250,1,2,14.104,0.606,2,3,5,7900.000,200.000
-12,13,-5.750,6.750,1,0,6.236,3.083,1,1,2,400.000,0.000
-12,14,-5.750,7.250,2,1,12.069,0.057,3,2,5,300.000,300.000
-12,15,-5.750,7.750,1,1,0.315,-0.018,1,3,4,1400.000,0.000
-12,18,-5.750,9.250,0,0,0.000,0.000,0,3,3,1400.000,100.000
-12,19,-5.750,9.750,2,3,9.079,-0.009,4,3,7,8700.000,1000.000
-12,20,-5.750,10.250,3,2,2.597,0.413,5,3,7,6900.000,1700.000
-12,21,-5.750,10.750,2,2,1.112,0.048,4,3,7,18000.000,1200.000
-12,22,-5.750,11.250,1,1,0.082,0.000,1,3,4,2800.000,1200.000
-12,23,-5.750,11.750,1,0,13.892,0.000,1,3,4,700.000,600.000
-12,24,-5.750,12.250,0,0,0.000,0.000,0,2,2,200.000,300.000
-11,-26,-5.250,-12.750,0,1,0.000,0.000,1,3,4,4100.000,400.000
-11,-25,-5.250,-12.250,0,1,0.000,0.000,1,3,4,6700.000,1700.000
-11,-24,-5.250,-11.750,4,2,2.921,0.224,5,3,6,3500.000,1700.000
-11,-23,-5.250,-11.250,0,3,0.000,0.000,3,3,6,2900.000,1700.000
-11,-22,-5.250,-10.750,2,2,5.788,0.303,4,2,6,1100.000,500.000
-11,-21,-5.250,-10.250,2,1,2.068,-0.224,2,3,5,4200.000,2200.000
-11,-20,-5.250,-9.750,2,1,4.157,0.404,3,3,6,1800.000,1100.000
-11,-19,-5.250,-9.250,4,2,2.480,0.852,6,3,8,1600.000,1400.000
-11,-18,-5.250,-8.750,1,2,2.126,-0.176,2,3,5,3100.000,700.000
-11,-17,-5.250,-8.250,0,1,0.000,0.000,1,3,4,2100.000,1200.000
-11,-16,-5.250,-7.750,2,1,11.781,-0.834,3,3,5,1800.000,1700.000
-11,-15,-5.250,-7.250,1,1,2.670,-0.887,2,3,5,1300.000,1700.000
-11,-14,-5.250,-6.750,2,3,6.545,-0.312,5,3,8,500.000,1500.000
-11,-13,-5.250,-6.250,2,2,8.775,-0.268,4,3,7,500.000,300.000
-11,-12,-5.250,-5.750,3,2,7.245,0.026,5,2,7,700.000,200.000
-11,-11,-5.250,-5.250,0,0,0.000,0.000,0,3,3,500.000,300.000
-11,-10,-5.250,-4.750,4,1,6.752,-0.474,5,1,6,900.000,200.000
-11,-9,-5.250,-4.250,4,3,2.872,-0.088,3,1,4,500.000,0.000
-11,-8,-5.250,-3.750,2,1,1.875,-0.215,3,1,4,300.000,0.000
-11,-7,-5.250,-3.250,0,1,0.000,0.000,1,1,2,200.000,0.000
-11,-6,-5.250,-2.750,2,1,9.316,-2.402,3,1,4,200.000,100.000
-11,-5,-5.250,-2.250,1,1,1.933,-0.369,2,1,3,0.000,200.000
-11,-4,-5.250,-1.750,1,1,6.089,-0.606,1,3,4,400.000,500.000
-11,-3,-5.250,-1.250,0,1,0.000,0.000,1,3,4,1000.000,300.000
-11,-2,-5.250,-0.750,2,2,3.521,0.097,4,3,7,1600.000,500.000
-11,-1,-5.250,-0.250,3,1,6.543,-1.520,4,3,7,1400.000,400.000
-11,0,-5.250,0.250,1,4,0.298,0.009,5,2,7,400.000,200.000
-11,1,-5.250,0.750,0,1,0.000,0.000,1,3,4,900.000,100.000
-11,2,-5.250,1.250,2,1,2.378,-0.913,3,3,6,1500.000,600.000
-11,3,-5.250,1.750,1,1,2.801,-1.388,2,3,5,1900.000,1000.000
-11,4,-5.250,2.250,1,5,3.546,0.149,6,3,9,500.000,300.000
-11,5,-5.250,2.750,2,1,9.146,0.316,3,2,5,1200.000,0.000
-11,6,-5.250,3.250,1,0,3.395,0.149,1,2,3,200.000,200.000
-11,7,-5.250,3.750,0,1,0.000,0.000,1,2,3,200.000,100.000
-11,8,-5.250,4.250,1,0,11.752,3.268,1,0,1,0.000,0.000
-11,9,-5.250,4.750,0,0,0.000,0.000,0,3,3,500.000,200.000
-11,10,-5.250,5.250,1,0,1.587,0.975,1,3,4,200.000,500.000
-11,11,-5.250,5.750,1,0,9.262,-0.659,1,1,2,600.000,0.000
-11,12,-5.250,6.250,0,1,0.000,0.000,1,0,1,0.000,0.000
-11,13,-5.250,6.750,0,1,0.000,0.000,1,0,1,0.000,0.000
-11,14,-5.250,7.250,0,2,0.000,0.000,2,0,2,0.000,0.000
-11,18,-5.250,9.250,0,0,0.000,0.000,0,3,3,600.000,100.000
-11,19,-5.250,9.750,1,4,1.050,0.000,5,3,7,4900.000,400.000
-11,20,-5.250,10.250,3,1,2.121,0.000,4,3,6,7800.000,2000.000
-11,21,-5.250,10.750,1,4,11.139,0.000,5,3,8,5300.000,1000.000
-11,22,-5.250,11.250,2,2,6.194,-0.097,4,3,7,2100.000,1400.000
-11,23,-5.250,11.750,0,1,0.000,0.000,1,3,4,700.000,1200.000
-11,24,-5.250,12.250,0,0,0.000,0.000,0,2,2,1600.000,300.000
-10,-26,-4.750,-12.750,0,1,0.000,0.000,1,3,4,2300.000,300.000
-10,-25,-4.750,-12.250,1,3,0.431,0.123,4,3,7,6300.000,1500.000
-10,-24,-4.750,-11.750,1,1,8.215,-1.414,2,3,4,3700.000,3000.000
-10,-23,-4.750,-11.250,1,2,3.099,-0.580,3,3,6,1200.000,1800.000
-10,-22,-4.750,-10.750,0,1,0.000,0.000,1,3,4,1400.000,1400.000
-10,-21,-4.750,-10.250,0,0,0.000,0.000,0,3,3,1100.000,2500.000
-10,-20,-4.750,-9.750,1,2,7.340,2.934,3,3,6,1100.000,900.000
-10,-19,-4.750,-9.250,1,1,0.680,0.466,2,3,5,1200.000,1000.000
-10,-18,-4.750,-8.750,1,1,3.295,0.176,1,3,4,2400.000,700.000
-10,-17,-4.750,-8.250,0,2,0.000,0.000,2,3,5,3500.000,800.000
-10,-16,-4.750,-7.750,0,0,0.000,0.000,0,3,3,4600.000,700.000
-10,-15,-4.750,-7.250,1,1,4.029,0.290,2,3,5,3800.000,1300.000
-10,-14,-4.750,-6.750,0,0,0.000,0.000,0,3,3,1300.000,2200.000
-10,-13,-4.750,-6.250,4,3,3.956,0.022,6,3,9,800.000,1100.000
-10,-12,-4.750,-5.750,2,2,3.206,0.580,4,3,7,1300.000,1200.000
-10,-11,-4.750,-5.250,2,0,5.619,-1.383,2,3,5,500.000,1700.000
-10,-10,-4.750,-4.750,2,1,3.613,0.136,3,3,5,800.000,1200.000
-10,-9,-4.750,-4.250,1,0,7.892,-2.178,1,2,3,1200.000,200.000
-10,-8,-4.750,-3.750,1,1,4.344,0.026,2,1,3,0.000,200.000
-10,-7,-4.750,-3.250,2,0,6.070,-0.066,2,1,3,0.000,200.000
-10,-6,-4.750,-2.750,0,0,0.000,0.000,0,2,2,200.000,100.000
-10,-5,-4.750,-2.250,2,0,2.267,0.356,2,3,5,700.000,100.000
-10,-4,-4.750,-1.750,0,0,0.000,0.000,0,3,3,600.000,200.000
-10,-3,-4.750,-1.250,2,2,5.983,-0.088,4,3,7,1000.000,200.000
-10,-2,-4.750,-0.750,4,1,5.130,-0.035,5,3,7,900.000,800.000
-10,-1,-4.750,-0.250,1,1,1.580,-0.061,2,3,5,700.000,200.000
-10,0,-4.750,0.250,1,2,2.901,0.141,3,2,5,800.000,0.000
-10,1,-4.750,0.750,1,1,7.279,0.026,2,3,5,1000.000,0.000
-10,2,-4.750,1.250,0,0,0.000,0.000,0,3,3,800.000,0.000
-10,3,-4.750,1.750,3,1,3.721,-0.044,4,2,6,1900.000,500.000
-10,4,-4.750,2.250,0,0,0.000,0.000,0,3,3,1400.000,600.000
-10,5,-4.750,2.750,0,2,0.000,0.000,2,2,4,900.000,400.000
-10,6,-4.750,3.250,0,1,0.000,0.000,1,2,3,800.000,400.000
-10,7,-4.750,3.750,0,1,0.000,0.000,1,2,3,300.000,500.000
-10,8,-4.750,4.250,2,1,1.805,-0.053,2,1,3,0.000,200.000
-10,9,-4.750,4.750,1,2,4.391,0.931,2,2,4,600.000,100.000
-10,10,-4.750,5.250,0,0,0.000,0.000,0,2,2,1100.000,400.000
-10,11,-4.750,5.750,2,0,4.528,1.353,2,0,2,0.000,0.000
-10,12,-4.750,6.250,0,0,0.000,0.000,0,2,2,200.000,200.000
-10,13,-4.750,6.750,1,2,1.628,-1.124,3,1,3,0.000,200.000
-10,14,-4.750,7.250,1,0,10.898,0.878,1,2,3,800.000,200.000
-10,15,-4.750,7.750,0,0,0.000,0.000,0,1,1,0.000,400.000
-10,17,-4.750,8.750,0,0,0.000,0.000,0,1,1,2700.000,0.000
-10,18,-4.750,9.250,0,0,0.000,0.000,0,3,3,1000.000,200.000
-10,19,-4.750,9.750,2,1,6.139,0.373,2,3,4,5300.000,1500.000
-10,20,-4.750,10.250,5,2,2.721,0.000,6,3,9,6600.000,1500.000
-10,21,-4.750,10.750,0,2,0.000,0.000,2,3,5,6200.000,2200.000
-10,22,-4.750,11.250,3,3,11.356,0.000,5,3,7,3000.000,1700.000
-10,23,-4.750,11.750,1,1,17.820,-0.378,2,2,4,1500.000,300.000
-10,24,-4.750,12.250,0,0,0.000,0.000,0,1,1,2300.000,0.000
-9,-26,-4.250,-12.750,2,1,6.193,0.514,2,3,5,3000.000,0.000
-9,-25,-4.250,-12.250,1,0,5.416,1.836,1,3,4,9800.000,4800.000
-9,-24,-4.250,-11.750,4,3,2.617,0.237,6,3,8,5500.000,3200.000
-9,-23,-4.250,-11.250,2,0,3.411,1.217,2,3,5,1900.000,3100.000
-9,-22,-4.250,-10.750,1,3,2.261,0.878,2,3,5,700.000,1800.000
-9,-21,-4.250,-10.250,0,1,0.000,0.000,1,2,3,100.000,300.000
-9,-20,-4.250,-9.750,0,0,0.000,0.000,0,2,2,1500.000,0.000
-9,-19,-4.250,-9.250,2,1,3.597,0.777,3,2,5,1200.000,400.000
-9,-18,-4.250,-8.750,2,3,3.388,0.549,4,2,6,1700.000,1100.000
-9,-17,-4.250,-8.250,0,0,0.000,0.000,0,2,2,1900.000,100.000
-9,-16,-4.250,-7.750,1,1,0.786,-0.228,2,3,5,700.000,400.000
-9,-15,-4.250,-7.250,1,2,2.721,-0.237,3,3,5,900.000,1100.000
-9,-14,-4.250,-6.750,2,1,1.393,0.110,2,3,5,3000.000,1300.000
-9,-13,-4.250,-6.250,3,0,5.256,1.616,2,3,5,3900.000,1100.000
-9,-12,-4.250,-5.750,3,1,5.194,-0.395,4,3,7,2000.000,2200.000
-9,-11,-4.250,-5.250,1,2,18.429,-2.846,3,3,6,2800.000,1300.000
-9,-10,-4.250,-4.750,2,0,9.006,-2.464,2,3,5,2900.000,1500.000
-9,-9,-4.250,-4.250,0,2,0.000,0.000,2,3,5,1400.000,1400.000
-9,-8,-4.250,-3.750,3,0,1.657,-0.044,3,3,5,1100.000,400.000
-9,-7,-4.250,-3.250,0,0,0.000,0.000,0,3,3,900.000,100.000
-9,-6,-4.250,-2.750,0,2,0.000,0.000,2,3,5,1300.000,0.000
-9,-5,-4.250,-2.250,1,1,6.116,-1.546,2,3,5,900.000,800.000
-9,-4,-4.250,-1.750,2,0,4.947,-0.584,2,3,4,1600.000,800.000
-9,-3,-4.250,-1.250,1,0,4.031,0.228,1,2,3,400.000,800.000
-9,-2,-4.250,-0.750,1,1,2.503,0.026,2,3,5,600.000,1200.000
-9,-1,-4.250,-0.250,0,1,0.000,0.000,1,3,4,900.000,100.000
-9,0,-4.250,0.250,0,1,0.000,0.000,1,2,3,800.000,0.000
-9,1,-4.250,0.750,1,1,3.859,-3.109,2,2,4,1000.000,0.000
-9,2,-4.250,1.250,3,2,0.524,-0.141,4,2,6,700.000,0.000
-9,3,-4.250,1.750,2,2,1.829,-0.408,3,3,6,1500.000,0.000
-9,4,-4.250,2.250,1,1,0.591,-0.430,2,2,4,1600.000,400.000
-9,5,-4.250,2.750,2,1,6.655,0.386,3,3,5,1000.000,500.000
-9,6,-4.250,3.250,2,2,5.035,0.057,3,2,5,900.000,300.000
-9,7,-4.250,3.750,0,1,0.000,0.000,1,3,4,700.000,100.000
-9,8,-4.250,4.250,1,0,9.586,-1.862,1,3,4,1000.000,200.000
-9,9,-4.250,4.750,0,0,0.000,0.000,0,3,3,600.000,400.000
-9,10,-4.250,5.250,1,4,0.213,0.026,4,2,6,200.000,400.000
-9,11,-4.250,5.750,1,0,4.191,2.336,1,2,3,700.000,100.000
-9,12,-4.250,6.250,1,0,6.323,1.133,1,2,2,300.000,100.000
-9,13,-4.250,6.750,1,0,12.075,-2.433,1,1,2,200.000,100.000
-9,14,-4.250,7.250,2,0,6.351,0.307,2,2,4,400.000,200.000
-9,15,-4.250,7.750,0,0,0.000,0.000,0,1,1,0.000,100.000
-9,16,-4.250,8.250,0,2,0.000,0.000,2,0,2,0.000,0.000
-9,17,-4.250,8.750,0,0,0.000,0.000,0,1,1,500.000,0.000
-9,18,-4.250,9.250,0,2,0.000,0.000,2,3,4,5800.000,3100.000
-9,19,-4.250,9.750,1,1,2.115,0.509,2,3,5,500.000,900.000
-9,20,-4.250,10.250,3,3,1.698,0.000,6,3,9,3700.000,1500.000
-9,21,-4.250,10.750,2,4,3.077,0.487,6,3,9,7200.000,2900.000
-9,22,-4.250,11.250,3,1,10.394,0.000,4,3,7,4800.000,1300.000
-9,23,-4.250,11.750,2,5,17.084,0.997,6,2,8,6800.000,0.000
-9,24,-4.250,12.250,1,0,1.276,0.000,1,1,2,1200.000,0.000
-8,-29,-3.750,-14.250,0,0,0.000,0.000,0,1,1,100.000,0.000
-8,-28,-3.750,-13.750,1,0,3.460,-0.755,1,3,4,7800.000,0.000
-8,-27,-3.750,-13.250,1,1,1.214,-1.212,1,3,4,2100.000,0.000
-8,-26,-3.750,-12.750,1,1,8.101,-1.019,2,3,5,3300.000,400.000
-8,-25,-3.750,-12.250,3,0,5.270,0.202,3,3,6,7900.000,2600.000
-8,-24,-3.750,-11.750,5,2,3.992,0.386,7,3,9,9400.000,4500.000
-8,-23,-3.750,-11.250,2,6,1.109,-0.035,6,3,9,3800.000,4000.000
-8,-22,-3.750,-10.750,4,5,2.567,0.000,5,3,8,3700.000,900.000
-8,-21,-3.750,-10.250,0,0,0.000,0.000,0,3,3,4000.000,800.000
-8,-20,-3.750,-9.750,1,1,1.203,-0.395,2,3,4,3500.000,800.000
-8,-19,-3.750,-9.250,2,2,4.233,-0.110,4,3,7,2800.000,1200.000
-8,-18,-3.750,-8.750,1,0,1.298,-0.949,1,3,4,3200.000,800.000
-8,-17,-3.750,-8.250,1,1,3.006,-0.571,2,3,5,3500.000,900.000
-8,-16,-3.750,-7.750,0,0,0.000,0.000,0,3,3,3100.000,1000.000
-8,-15,-3.750,-7.250,0,0,0.000,0.000,0,3,3,3200.000,1000.000
-8,-14,-3.750,-6.750,0,1,0.000,0.000,1,3,4,4000.000,1500.000
-8,-13,-3.750,-6.250,1,0,14.503,-2.732,1,3,4,6100.000,1200.000
-8,-12,-3.750,-5.750,0,3,0.000,0.000,3,3,6,5000.000,700.000
-8,-11,-3.750,-5.250,4,1,3.185,0.105,4,3,6,3700.000,1000.000
-8,-10,-3.750,-4.750,0,2,0.000,0.000,2,3,4,2200.000,900.000
-8,-9,-3.750,-4.250,1,1,1.757,0.123,2,3,5,1000.000,500.000
-8,-8,-3.750,-3.750,2,1,3.577,0.913,2,3,5,900.000,600.000
-8,-7,-3.750,-3.250,0,1,0.000,0.000,1,3,4,1000.000,200.000
-8,-6,-3.750,-2.750,0,2,0.000,0.000,2,2,4,300.000,200.000
-8,-5,-3.750,-2.250,1,1,8.137,-2.231,2,2,3,900.000,100.000
-8,-4,-3.750,-1.750,2,3,0.282,0.000,2,3,5,900.000,0.000
-8,-3,-3.750,-1.250,2,1,6.913,-0.351,3,3,6,1200.000,0.000
-8,-2,-3.750,-0.750,1,1,2.210,-0.755,2,2,4,1300.000,300.000
-8,-1,-3.750,-0.250,2,1,4.581,-0.725,3,2,5,200.000,500.000
-8,0,-3.750,0.250,2,1,0.431,0.048,2,3,5,500.000,100.000
-8,1,-3.750,0.750,3,3,8.454,-0.088,5,2,7,300.000,0.000
-8,2,-3.750,1.250,4,0,6.566,-0.294,3,2,5,500.000,0.000
-8,3,-3.750,1.750,3,4,8.583,-0.044,7,2,9,500.000,0.000
-8,4,-3.750,2.250,3,1,8.058,0.097,4,3,7,700.000,200.000
-8,5,-3.750,2.750,3,3,2.586,-0.009,5,3,8,1800.000,500.000
-8,6,-3.750,3.250,0,3,0.000,0.000,3,3,6,400.000,500.000
-8,7,-3.750,3.750,3,2,4.681,-0.061,5,2,7,1200.000,200.000
-8,8,-3.750,4.250,2,0,14.236,-0.949,2,2,4,900.000,0.000
-8,9,-3.750,4.750,0,0,0.000,0.000,0,2,2,200.000,200.000
-8,10,-3.750,5.250,0,4,0.000,0.000,4,3,7,300.000,400.000
-8,11,-3.750,5.750,1,2,5.959,-0.957,3,3,5,500.000,300.000
-8,12,-3.750,6.250,0,0,0.000,0.000,0,2,2,300.000,200.000
-8,13,-3.750,6.750,1,0,2.583,1.142,1,1,2,200.000,200.000
-8,14,-3.750,7.250,0,0,0.000,0.000,0,2,2,200.000,0.000
-8,15,-3.750,7.750,0,0,0.000,0.000,0,2,2,200.000,0.000
-8,16,-3.750,8.250,1,0,2.193,0.597,1,0,1,0.000,0.000
-8,17,-3.750,8.750,0,0,0.000,0.000,0,1,1,500.000,0.000
-8,20,-3.750,10.250,3,0,5.519,0.422,3,3,6,2200.000,1600.000
-8,21,-3.750,10.750,2,4,5.319,1.058,6,3,9,7800.000,1400.000
-8,22,-3.750,11.250,1,2,15.226,0.000,2,3,5,8400.000,1100.000
-7,-31,-3.250,-15.250,0,0,0.000,0.000,0,1,1,1800.000,0.000
-7,-30,-3.250,-14.750,0,0,0.000,0.000,0,1,1,700.000,8100.000
-7,-29,-3.250,-14.250,1,1,3.426,0.597,2,3,5,6300.000,1200.000
-7,-28,-3.250,-13.750,0,1,0.000,0.000,1,3,4,2900.000,4300.000
-7,-27,-3.250,-13.250,1,2,0.465,0.044,2,3,5,1200.000,400.000
-7,-26,-3.250,-12.750,2,2,6.402,1.282,3,3,6,6600.000,1900.000
-7,-25,-3.250,-12.250,2,7,0.205,0.000,7,3,10,15800.000,3500.000
-7,-24,-3.250,-11.750,6,3,12.263,-0.299,7,3,7,13700.000,5400.000
-7,-23,-3.250,-11.250,6,3,2.873,0.180,9,3,11,9600.000,3600.000
-7,-22,-3.250,-10.750,2,1,3.903,-0.408,3,3,6,2600.000,3400.000
-7,-21,-3.250,-10.250,0,2,0.000,0.000,2,3,5,1500.000,2200.000
-7,-20,-3.250,-9.750,0,2,0.000,0.000,2,3,5,2300.000,2000.000
-7,-19,-3.250,-9.250,1,1,4.387,1.555,2,3,5,3800.000,3700.000
-7,-18,-3.250,-8.750,0,4,0.000,0.000,4,3,6,3500.000,1100.000
-7,-17,-3.250,-8.250,2,0,4.247,-0.764,2,3,4,2700.000,800.000
-7,-16,-3.250,-7.750,1,4,8.233,-1.309,4,3,7,2400.000,900.000
-7,-15,-3.250,-7.250,1,3,4.557,-0.035,4,3,7,4100.000,1000.000
-7,-14,-3.250,-6.750,2,3,1.015,-0.176,4,3,6,1500.000,600.000
-7,-13,-3.250,-6.250,1,0,9.346,-0.589,1,3,4,1900.000,200.000
-7,-12,-3.250,-5.750,0,1,0.000,0.000,1,3,4,2400.000,100.000
-7,-11,-3.250,-5.250,1,0,0.303,0.000,1,3,4,1000.000,3300.000
-7,-10,-3.250,-4.750,0,2,0.000,0.000,2,3,5,1800.000,2900.000
-7,-9,-3.250,-4.250,1,0,9.980,-0.457,1,3,4,1000.000,1500.000
-7,-8,-3.250,-3.750,2,1,5.563,-0.439,3,3,6,1400.000,400.000
-7,-7,-3.250,-3.250,2,2,3.740,0.422,4,2,6,300.000,100.000
-7,-6,-3.250,-2.750,2,1,4.037,-0.316,3,1,3,300.000,0.000
-7,-5,-3.250,-2.250,2,0,4.446,0.171,2,1,3,600.000,0.000
-7,-4,-3.250,-1.750,1,0,6.153,-0.334,1,2,3,300.000,0.000
-7,-3,-3.250,-1.250,1,1,8.157,-1.282,2,3,5,700.000,0.000
-7,-2,-3.250,-0.750,0,3,0.000,0.000,3,3,6,1000.000,300.000
-7,-1,-3.250,-0.250,3,0,0.609,0.105,3,2,5,300.000,200.000
-7,0,-3.250,0.250,0,2,0.000,0.000,2,3,5,700.000,200.000
-7,1,-3.250,0.750,2,0,7.080,-0.887,2,3,5,900.000,0.000
-7,2,-3.250,1.250,0,1,0.000,0.000,1,3,4,1400.000,0.000
-7,3,-3.250,1.750,3,4,2.816,0.053,6,3,8,1200.000,200.000
-7,4,-3.250,2.250,1,1,2.548,0.044,2,3,5,1300.000,300.000
-7,5,-3.250,2.750,0,1,0.000,0.000,1,2,3,1700.000,0.000
-7,6,-3.250,3.250,3,2,5.363,0.009,4,3,7,800.000,100.000
-7,7,-3.250,3.750,0,1,0.000,0.000,1,3,4,1100.000,900.000
-7,8,-3.250,4.250,1,4,3.318,0.246,5,2,7,900.000,100.000
-7,9,-3.250,4.750,1,2,11.086,0.088,3,2,5,300.000,200.000
-7,10,-3.250,5.250,1,1,4.966,0.097,2,2,4,300.000,200.000
-7,11,-3.250,5.750,0,1,0.000,0.000,1,3,4,1200.000,800.000
-7,12,-3.250,6.250,4,2,4.246,0.088,3,2,5,1200.000,300.000
-7,13,-3.250,6.750,1,1,2.253,-0.861,2,2,4,400.000,100.000
-7,14,-3.250,7.250,2,0,3.535,0.492,2,1,3,200.000,0.000
-7,15,-3.250,7.750,0,1,0.000,0.000,1,1,2,300.000,0.000
-7,16,-3.250,8.250,1,1,0.246,0.105,1,1,2,200.000,0.000
-7,17,-3.250,8.750,0,0,0.000,0.000,0,1,1,500.000,0.000
-7,19,-3.250,9.750,0,1,0.000,0.000,1,1,2,100.000,0.000
-7,20,-3.250,10.250,0,0,0.000,0.000,0,1,1,500.000,0.000
-7,21,-3.250,10.750,0,0,0.000,0.000,0,3,3,7300.000,1200.000
-7,22,-3.250,11.250,5,4,19.175,0.272,7,3,8,6700.000,700.000
-7,23,-3.250,11.750,0,1,0.000,0.000,1,1,2,500.000,0.000
-7,24,-3.250,12.250,1,2,3.069,-0.597,2,1,3,2800.000,0.000
-7,25,-3.250,12.750,0,1,0.000,0.000,1,0,1,0.000,0.000
-6,-31,-2.750,-15.250,0,0,0.000,0.000,0,1,1,200.000,0.000
-6,-30,-2.750,-14.750,0,0,0.000,0.000,0,1,1,1700.000,1000.000
-6,-29,-2.750,-14.250,0,2,0.000,0.000,2,3,4,11600.000,1300.000
-6,-28,-2.750,-13.750,2,1,6.182,-0.610,3,3,6,5400.000,900.000
-6,-27,-2.750,-13.250,0,0,0.000,0.000,0,3,3,2700.000,800.000
-6,-26,-2.750,-12.750,3,3,0.598,0.000,5,3,8,3900.000,3200.000
-6,-25,-2.750,-12.250,3,6,0.627,0.509,6,3,8,11200.000,4100.000
-6,-24,-2.750,-11.750,6,6,2.885,-0.066,10,3,11,12500.000,5900.000
-6,-23,-2.750,-11.250,3,1,5.508,0.000,4,3,6,12300.000,4200.000
-6,-22,-2.750,-10.750,1,0,0.936,-0.097,1,3,4,5100.000,1500.000
-6,-21,-2.750,-10.250,0,2,0.000,0.000,2,3,4,9100.000,2300.000
-6,-20,-2.750,-9.750,0,2,0.000,0.000,2,3,5,5400.000,3600.000
-6,-19,-2.750,-9.250,2,3,7.379,2.244,5,3,8,9100.000,1400.000
-6,-18,-2.750,-8.750,1,5,9.933,2.029,6,3,8,5700.000,1200.000
-6,-17,-2.750,-8.250,2,0,10.124,0.158,2,3,5,3700.000,500.000
-6,-16,-2.750,-7.750,1,0,2.636,-0.852,1,3,4,10400.000,300.000
-6,-15,-2.750,-7.250,2,2,12.944,0.690,4,3,6,1600.000,400.000
-6,-14,-2.750,-6.750,2,2,2.009,0.228,3,3,5,600.000,400.000
-6,-13,-2.750,-6.250,0,0,0.000,0.000,0,2,2,600.000,0.000
-6,-12,-2.750,-5.750,1,0,6.507,2.240,1,3,4,1300.000,0.000
-6,-10,-2.750,-4.750,0,0,0.000,0.000,0,2,2,400.000,700.000
-6,-9,-2.750,-4.250,1,2,7.166,0.360,3,3,6,2400.000,200.000
-6,-8,-2.750,-3.750,1,2,0.278,-0.018,2,3,5,1000.000,200.000
-6,-7,-2.750,-3.250,1,2,9.490,-0.097,3,3,6,800.000,200.000
-6,-6,-2.750,-2.750,1,0,4.950,0.808,1,2,3,400.000,100.000
-6,-5,-2.750,-2.250,1,1,11.512,0.843,2,2,4,500.000,0.000
-6,-4,-2.750,-1.750,2,1,3.468,-0.057,2,3,5,800.000,0.000
-6,-3,-2.750,-1.250,2,3,8.117,-0.716,4,2,6,400.000,200.000
-6,-2,-2.750,-0.750,1,2,12.238,0.000,3,3,6,800.000,700.000
-6,-1,-2.750,-0.250,1,0,6.376,-0.176,1,2,3,500.000,400.000
-6,0,-2.750,0.250,0,0,0.000,0.000,0,2,2,900.000,0.000
-6,1,-2.750,0.750,2,1,4.317,-0.053,3,2,5,1000.000,0.000
-6,2,-2.750,1.250,0,1,0.000,0.000,1,2,3,700.000,0.000
-6,3,-2.750,1.750,1,4,4.022,0.044,5,2,7,300.000,300.000
-6,4,-2.750,2.250,0,1,0.000,0.000,1,3,4,700.000,0.000
-6,5,-2.750,2.750,0,0,0.000,0.000,0,2,2,1700.000,0.000
-6,6,-2.750,3.250,2,1,5.415,-1.462,3,2,5,1500.000,0.000
-6,7,-2.750,3.750,4,6,0.311,0.000,5,3,8,1000.000,200.000
-6,8,-2.750,4.250,4,1,6.664,0.022,5,3,8,1400.000,300.000
-6,9,-2.750,4.750,3,1,2.896,0.018,4,2,6,1500.000,0.000
-6,10,-2.750,5.250,3,4,3.494,0.053,5,2,7,500.000,100.000
-6,11,-2.750,5.750,0,0,0.000,0.000,0,2,2,200.000,600.000
-6,12,-2.750,6.250,2,0,1.861,-0.013,2,2,4,900.000,400.000
-6,13,-2.750,6.750,1,1,0.328,-0.035,1,3,4,800.000,600.000
-6,14,-2.750,7.250,1,1,0.524,-0.035,1,3,4,800.000,300.000
-6,15,-2.750,7.750,2,2,1.408,0.386,2,2,4,300.000,0.000
-6,16,-2.750,8.250,0,0,0.000,0.000,0,1,1,200.000,0.000
-6,17,-2.750,8.750,0,1,0.000,0.000,1,0,1,0.000,0.000
-6,18,-2.750,9.250,0,1,0.000,0.000,1,0,1,0.000,0.000
-6,19,-2.750,9.750,0,0,0.000,0.000,0,2,2,800.000,500.000
-6,20,-2.750,10.250,2,0,6.172,0.048,2,3,5,400.000,200.000
-6,21,-2.750,10.750,1,0,7.065,3.470,1,3,4,4000.000,1700.000
-6,22,-2.750,11.250,1,2,0.278,0.000,2,3,5,3100.000,600.000
-6,23,-2.750,11.750,1,1,0.344,0.000,1,2,3,500.000,0.000
-6,24,-2.750,12.250,1,0,0.230,0.070,1,2,3,3200.000,0.000
-6,25,-2.750,12.750,0,0,0.000,0.000,0,1,1,300.000,0.000
-5,-30,-2.250,-14.750,0,0,0.000,0.000,0,1,1,500.000,400.000
-5,-29,-2.250,-14.250,1,0,0.287,-0.184,1,2,3,6700.000,2500.000
-5,-28,-2.250,-13.750,1,0,4.774,0.000,1,2,3,1500.000,1100.000
-5,-27,-2.250,-13.250,0,0,0.000,0.000,0,2,2,4900.000,900.000
-5,-26,-2.250,-12.750,2,1,2.621,0.250,2,3,5,3500.000,1600.000
-5,-25,-2.250,-12.250,2,2,6.545,-0.826,4,3,6,8700.000,2900.000
-5,-24,-2.250,-11.750,3,3,3.959,0.000,6,3,8,7400.000,2100.000
-5,-23,-2.250,-11.250,3,7,11.876,2.565,9,3,12,8800.000,5300.000
-5,-22,-2.250,-10.750,1,5,1.713,0.000,6,3,8,8700.000,4200.000
-5,-21,-2.250,-10.250,0,3,0.000,0.000,2,3,5,11600.000,3000.000
-5,-20,-2.250,-9.750,3,1,2.431,0.000,4,3,7,13100.000,3500.000
-5,-19,-2.250,-9.250,2,5,10.481,-0.299,7,3,8,10300.000,3000.000
-5,-18,-2.250,-8.750,7,4,2.414,0.149,10,3,12,13000.000,6400.000
-5,-17,-2.250,-8.250,3,7,11.975,-0.597,9,3,11,13900.000,5100.000
-5,-16,-2.250,-7.750,1,3,2.484,0.000,4,3,7,13200.000,9100.000
-5,-15,-2.250,-7.250,5,4,2.708,0.000,8,3,9,7400.000,3100.000
-5,-14,-2.250,-6.750,2,3,10.840,2.025,5,3,8,3600.000,1100.000
-5,-13,-2.250,-6.250,4,1,3.787,-0.206,4,3,7,1400.000,300.000
-5,-12,-2.250,-5.750,1,3,17.081,-0.176,3,3,5,900.000,0.000
-5,-11,-2.250,-5.250,0,0,0.000,0.000,0,2,2,1500.000,0.000
-5,-10,-2.250,-4.750,0,0,0.000,0.000,0,2,2,500.000,200.000
-5,-9,-2.250,-4.250,0,0,0.000,0.000,0,3,3,1400.000,0.000
-5,-8,-2.250,-3.750,1,3,0.332,0.000,3,3,6,1200.000,300.000
-5,-7,-2.250,-3.250,1,2,7.573,-0.035,3,3,6,1300.000,100.000
-5,-6,-2.250,-2.750,1,0,4.383,-0.632,1,2,3,500.000,200.000
-5,-5,-2.250,-2.250,0,1,0.000,0.000,1,1,2,300.000,0.000
-5,-4,-2.250,-1.750,3,0,3.890,-0.132,2,3,5,500.000,100.000
-5,-3,-2.250,-1.250,1,2,4.854,-0.852,3,1,4,0.000,600.000
-5,-2,-2.250,-0.750,2,3,7.776,-0.365,5,1,6,600.000,100.000
-5,-1,-2.250,-0.250,0,4,0.000,0.000,4,1,5,800.000,0.000
-5,0,-2.250,0.250,1,3,3.632,-0.079,4,1,5,400.000,0.000
-5,2,-2.250,1.250,1,0,8.493,-0.202,1,1,2,300.000,0.000
-5,3,-2.250,1.750,0,1,0.000,0.000,1,1,2,100.000,0.000
-5,4,-2.250,2.250,1,0,10.151,1.871,1,2,3,400.000,0.000
-5,5,-2.250,2.750,0,1,0.000,0.000,1,1,2,600.000,0.000
-5,6,-2.250,3.250,2,0,4.730,-0.760,2,0,2,0.000,0.000
-5,7,-2.250,3.750,2,2,4.025,0.048,4,2,6,1500.000,0.000
-5,8,-2.250,4.250,0,1,0.000,0.000,1,3,4,900.000,600.000
-5,9,-2.250,4.750,3,1,2.507,-0.167,4,3,7,800.000,0.000
-5,10,-2.250,5.250,2,4,4.476,-0.584,6,2,8,900.000,200.000
-5,11,-2.250,5.750,1,1,0.123,0.000,1,2,3,700.000,700.000
-5,12,-2.250,6.250,4,3,0.524,-0.083,4,2,6,700.000,100.000
-5,13,-2.250,6.750,1,1,9.720,-2.618,2,2,4,600.000,300.000
-5,14,-2.250,7.250,3,2,6.177,0.325,5,3,7,600.000,200.000
-5,15,-2.250,7.750,1,1,2.275,-0.246,2,3,5,500.000,300.000
-5,16,-2.250,8.250,0,2,0.000,0.000,2,0,2,0.000,0.000
-5,17,-2.250,8.750,0,1,0.000,0.000,1,1,2,100.000,0.000
-5,18,-2.250,9.250,1,1,11.120,0.149,2,3,5,700.000,200.000
-5,19,-2.250,9.750,0,4,0.000,0.000,4,3,7,800.000,400.000
-5,20,-2.250,10.250,0,0,0.000,0.000,0,3,3,600.000,500.000
-5,21,-2.250,10.750,0,0,0.000,0.000,0,3,3,4200.000,1700.000
-5,22,-2.250,11.250,1,1,1.673,-0.527,2,3,5,4300.000,1700.000
-5,23,-2.250,11.750,0,2,0.000,0.000,2,2,4,3900.000,300.000
-5,24,-2.250,12.250,0,1,0.000,0.000,1,2,2,3600.000,0.000
-5,25,-2.250,12.750,0,0,0.000,0.000,0,1,1,700.000,0.000
-4,-30,-1.750,-14.750,0,0,0.000,0.000,0,1,1,300.000,200.000
-4,-29,-1.750,-14.250,0,1,0.000,0.000,1,2,3,6900.000,1600.000
-4,-28,-1.750,-13.750,0,0,0.000,0.000,0,2,2,1800.000,100.000
-4,-27,-1.750,-13.250,1,3,7.778,-0.413,3,3,6,2700.000,800.000
-4,-26,-1.750,-12.750,1,0,4.154,-1.195,1,3,4,1900.000,800.000
-4,-25,-1.750,-12.250,1,3,0.438,-0.281,3,3,6,2900.000,1300.000
-4,-24,-1.750,-11.750,2,1,2.723,-0.391,3,3,5,4500.000,700.000
-4,-23,-1.750,-11.250,1,2,1.902,0.000,2,3,5,5800.000,900.000
-4,-22,-1.750,-10.750,1,2,3.316,0.518,3,3,6,6200.000,1700.000
-4,-21,-1.750,-10.250,0,2,0.000,0.000,2,3,4,5200.000,2700.000
-4,-20,-1.750,-9.750,0,3,0.000,0.000,3,3,5,6300.000,2200.000
-4,-19,-1.750,-9.250,2,1,15.994,0.659,3,3,6,4900.000,10000.000
-4,-18,-1.750,-8.750,2,0,9.109,-0.290,2,3,5,5600.000,1400.000
-4,-17,-1.750,-8.250,0,2,0.000,0.000,2,3,5,11100.000,400.000
-4,-16,-1.750,-7.750,0,1,0.000,0.000,1,3,4,4600.000,0.000
-4,-15,-1.750,-7.250,5,3,1.706,0.000,4,3,7,9700.000,2100.000
-4,-14,-1.750,-6.750,1,0,8.280,1.089,1,3,4,4000.000,1800.000
-4,-13,-1.750,-6.250,3,0,1.087,0.000,3,3,6,1800.000,1400.000
-4,-12,-1.750,-5.750,0,2,0.000,0.000,2,3,5,1500.000,100.000
-4,-11,-1.750,-5.250,1,0,7.038,2.170,1,2,3,2000.000,0.000
-4,-10,-1.750,-4.750,0,1,0.000,0.000,1,2,3,1900.000,0.000
-4,-9,-1.750,-4.250,1,0,0.505,-0.237,1,3,4,2300.000,200.000
-4,-8,-1.750,-3.750,1,0,3.797,-0.659,1,3,4,1400.000,100.000
-4,-7,-1.750,-3.250,1,0,6.728,-0.026,1,3,4,800.000,200.000
-4,-6,-1.750,-2.750,1,1,9.574,-1.432,2,3,5,1300.000,200.000
-4,-5,-1.750,-2.250,2,3,4.309,1.006,5,0,5,0.000,0.000
-4,-4,-1.750,-1.750,3,0,2.419,-0.026,3,3,6,500.000,400.000
-4,-3,-1.750,-1.250,2,1,4.551,0.272,3,2,5,200.000,400.000
-4,-2,-1.750,-0.750,1,1,5.281,-0.940,2,1,3,1200.000,100.000
-4,-1,-1.750,-0.250,0,1,0.000,0.000,1,1,2,300.000,0.000
-4,0,-1.750,0.250,1,1,9.667,-0.878,2,1,3,100.000,0.000
-4,1,-1.750,0.750,1,1,2.969,-0.079,2,1,3,100.000,0.000
-4,2,-1.750,1.250,4,3,3.456,-0.044,6,2,8,600.000,0.000
-4,4,-1.750,2.250,2,0,7.051,0.382,2,3,5,600.000,0.000
-4,5,-1.750,2.750,0,2,0.000,0.000,1,2,3,500.000,0.000
-4,6,-1.750,3.250,1,2,0.571,-0.448,3,2,5,200.000,0.000
-4,7,-1.750,3.750,4,2,2.281,-0.167,5,2,7,1600.000,0.000
-4,8,-1.750,4.250,3,0,0.742,0.009,3,2,5,200.000,800.000
-4,9,-1.750,4.750,3,2,2.319,0.026,5,2,7,300.000,200.000
-4,10,-1.750,5.250,3,2,4.251,-0.378,4,3,7,1000.000,0.000
-4,11,-1.750,5.750,1,1,2.122,1.247,2,3,5,1500.000,0.000
-4,12,-1.750,6.250,0,3,0.000,0.000,3,2,5,500.000,100.000
-4,13,-1.750,6.750,0,0,0.000,0.000,0,2,2,2500.000,0.000
-4,14,-1.750,7.250,1,2,3.703,0.053,3,3,6,300.000,300.000
-4,15,-1.750,7.750,0,1,0.000,0.000,1,3,4,500.000,200.000
-4,16,-1.750,8.250,4,3,0.216,0.048,4,3,7,700.000,0.000
-4,17,-1.750,8.750,4,0,2.264,-0.040,4,3,7,500.000,100.000
-4,18,-1.750,9.250,0,0,0.000,0.000,0,2,2,400.000,800.000
-4,19,-1.750,9.750,0,3,0.000,0.000,3,1,3,200.000,500.000
-4,20,-1.750,10.250,1,0,3.423,-0.931,1,1,2,100.000,0.000
-4,21,-1.750,10.750,2,3,14.264,-0.347,5,3,8,4400.000,800.000
-4,22,-1.750,11.250,2,4,2.841,-0.444,6,3,9,4900.000,3300.000
-4,23,-1.750,11.750,1,0,8.023,1.045,1,2,3,3500.000,700.000
-4,24,-1.750,12.250,0,2,0.000,0.000,2,2,4,3400.000,0.000
-4,25,-1.750,12.750,0,0,0.000,0.000,0,2,2,1800.000,0.000
-3,-31,-1.250,-15.250,1,0,2.137,-0.650,1,0,1,0.000,0.000
-3,-30,-1.250,-14.750,2,2,3.689,0.277,3,1,4,200.000,300.000
-3,-29,-1.250,-14.250,1,0,3.273,0.000,1,2,3,7900.000,1200.000
-3,-28,-1.250,-13.750,2,0,2.304,0.211,2,2,4,700.000,300.000
-3,-27,-1.250,-13.250,0,0,0.000,0.000,0,3,3,2400.000,900.000
-3,-26,-1.250,-12.750,1,0,4.325,0.000,1,3,4,1800.000,500.000
-3,-25,-1.250,-12.250,0,0,0.000,0.000,0,3,3,1900.000,700.000
-3,-24,-1.250,-11.750,0,1,0.000,0.000,1,2,3,400.000,500.000
-3,-23,-1.250,-11.250,2,4,3.114,-0.777,5,2,7,3000.000,300.000
-3,-22,-1.250,-10.750,0,0,0.000,0.000,0,3,3,1900.000,1800.000
-3,-21,-1.250,-10.250,0,0,0.000,0.000,0,3,3,1500.000,900.000
-3,-20,-1.250,-9.750,1,1,1.505,-0.228,2,2,4,1700.000,1700.000
-3,-19,-1.250,-9.250,0,0,0.000,0.000,0,2,2,600.000,1400.000
-3,-18,-1.250,-8.750,0,0,0.000,0.000,0,1,1,400.000,0.000
-3,-16,-1.250,-7.750,1,0,3.367,0.000,1,0,1,0.000,0.000
-3,-15,-1.250,-7.250,4,3,7.030,-0.075,6,3,9,4000.000,500.000
-3,-14,-1.250,-6.750,2,3,8.467,-0.184,4,3,7,5200.000,2000.000
-3,-13,-1.250,-6.250,4,0,8.992,1.787,4,3,7,3300.000,1100.000
-3,-12,-1.250,-5.750,3,1,2.973,0.237,4,3,7,1500.000,200.000
-3,-11,-1.250,-5.250,0,0,0.000,0.000,0,2,2,600.000,0.000
-3,-10,-1.250,-4.750,0,0,0.000,0.000,0,2,2,900.000,0.000
-3,-9,-1.250,-4.250,1,1,5.615,0.044,2,3,5,1200.000,100.000
-3,-8,-1.250,-3.750,2,1,2.996,0.123,3,3,6,800.000,200.000
-3,-7,-1.250,-3.250,0,1,0.000,0.000,1,3,4,1100.000,200.000
-3,-6,-1.250,-2.750,1,1,3.113,0.553,2,3,5,1000.000,300.000
-3,-5,-1.250,-2.250,1,2,10.091,0.694,2,2,4,600.000,100.000
-3,-4,-1.250,-1.750,1,1,3.500,0.439,2,3,5,1700.000,700.000
-3,-3,-1.250,-1.250,2,1,6.970,-0.553,2,2,4,900.000,200.000
-3,-2,-1.250,-0.750,0,0,0.000,0.000,0,1,1,1000.000,0.000
-3,-1,-1.250,-0.250,0,0,0.000,0.000,0,1,1,400.000,0.000
-3,1,-1.250,0.750,0,1,0.000,0.000,1,1,2,200.000,0.000
-3,2,-1.250,1.250,0,1,0.000,0.000,1,1,2,200.000,0.000
-3,3,-1.250,1.750,1,1,1.480,0.026,2,1,3,100.000,0.000
-3,4,-1.250,2.250,1,1,1.808,1.634,2,3,5,500.000,0.000
-3,5,-1.250,2.750,0,1,0.000,0.000,1,1,2,200.000,0.000
-3,6,-1.250,3.250,5,4,4.709,-0.905,6,2,8,500.000,0.000
-3,7,-1.250,3.750,5,1,2.116,-0.018,4,3,7,1600.000,500.000
-3,8,-1.250,4.250,3,2,2.999,-0.791,4,2,6,100.000,300.000
-3,9,-1.250,4.750,1,2,1.226,-0.061,3,1,4,100.000,0.000
-3,10,-1.250,5.250,2,1,4.996,-0.224,3,1,4,300.000,0.000
-3,11,-1.250,5.750,3,5,0.504,-0.105,5,1,6,1200.000,0.000
-3,12,-1.250,6.250,2,2,0.191,0.000,1,3,4,1300.000,0.000
-3,13,-1.250,6.750,0,2,0.000,0.000,2,3,5,1400.000,100.000
-3,14,-1.250,7.250,1,0,4.081,-0.176,1,3,4,600.000,600.000
-3,15,-1.250,7.750,5,3,3.566,0.228,6,1,7,0.000,500.000
-3,16,-1.250,8.250,3,2,3.794,0.307,4,2,5,500.000,100.000
-3,17,-1.250,8.750,0,1,0.000,0.000,1,2,3,700.000,300.000
-3,18,-1.250,9.250,0,1,0.000,0.000,1,1,2,200.000,1300.000
-3,19,-1.250,9.750,1,0,6.208,1.915,1,1,2,100.000,0.000
-3,20,-1.250,10.250,0,2,0.000,0.000,2,2,4,700.000,200.000
-3,21,-1.250,10.750,1,1,8.320,1.809,2,3,5,4700.000,600.000
-3,22,-1.250,11.250,0,1,0.000,0.000,1,3,4,5400.000,1400.000
-3,23,-1.250,11.750,2,0,10.616,-0.053,2,3,5,2400.000,100.000
-3,24,-1.250,12.250,0,0,0.000,0.000,0,2,2,2200.000,0.000
-2,-30,-0.750,-14.750,1,1,6.041,-0.834,2,1,3,1500.000,200.000
-2,-29,-0.750,-14.250,0,1,0.000,0.000,1,2,3,11800.000,7000.000
-2,-28,-0.750,-13.750,0,1,0.000,0.000,1,3,4,1200.000,500.000
-2,-27,-0.750,-13.250,0,0,0.000,0.000,0,3,3,1700.000,1300.000
-2,-26,-0.750,-12.750,0,0,0.000,0.000,0,3,3,2300.000,1000.000
-2,-25,-0.750,-12.250,1,0,9.201,-0.659,1,2,3,700.000,900.000
-2,-24,-0.750,-11.750,1,0,6.741,-0.404,1,2,3,100.000,1100.000
-2,-23,-0.750,-11.250,0,1,0.000,0.000,1,1,2,0.000,1900.000
-2,-22,-0.750,-10.750,1,2,1.235,0.000,3,3,5,1400.000,600.000
-2,-21,-0.750,-10.250,0,1,0.000,0.000,1,3,4,1200.000,1000.000
-2,-20,-0.750,-9.750,0,0,0.000,0.000,0,2,2,700.000,2900.000
-2,-19,-0.750,-9.250,2,2,2.839,0.000,4,2,4,700.000,3200.000
-2,-18,-0.750,-8.750,0,0,0.000,0.000,0,2,2,300.000,100.000
-2,-17,-0.750,-8.250,0,1,0.000,0.000,1,0,1,0.000,0.000
-2,-15,-0.750,-7.250,0,2,0.000,0.000,2,3,5,3100.000,300.000
-2,-14,-0.750,-6.750,1,2,2.998,0.000,3,3,6,5200.000,1200.000
-2,-13,-0.750,-6.250,0,0,0.000,0.000,0,3,3,3000.000,1500.000
-2,-12,-0.750,-5.750,2,0,4.857,0.000,2,3,5,1000.000,500.000
-2,-11,-0.750,-5.250,2,0,7.005,0.602,2,3,5,500.000,900.000
-2,-10,-0.750,-4.750,2,1,5.620,-0.220,3,3,6,300.000,100.000
-2,-9,-0.750,-4.250,1,1,0.299,0.211,1,3,4,700.000,0.000
-2,-8,-0.750,-3.750,3,0,5.199,0.167,3,3,6,1200.000,100.000
-2,-7,-0.750,-3.250,1,0,6.062,0.624,1,3,4,1300.000,200.000
-2,-6,-0.750,-2.750,2,3,3.025,-0.026,4,2,6,300.000,100.000
-2,-5,-0.750,-2.250,2,0,7.002,-0.369,2,3,5,300.000,400.000
-2,-4,-0.750,-1.750,3,2,2.823,0.123,3,3,6,1000.000,600.000
-2,-3,-0.750,-1.250,1,0,11.122,0.202,1,1,2,500.000,0.000
-2,-2,-0.750,-0.750,0,1,0.000,0.000,1,1,2,500.000,0.000
-2,-1,-0.750,-0.250,0,0,0.000,0.000,0,2,2,500.000,0.000
-2,0,-0.750,0.250,1,1,5.651,-2.530,2,2,4,600.000,0.000
-2,1,-0.750,0.750,1,0,9.288,1.458,1,3,4,800.000,0.000
-2,2,-0.750,1.250,0,0,0.000,0.000,0,2,2,600.000,0.000
-2,3,-0.750,1.750,1,1,9.980,-1.274,1,3,4,700.000,0.000
-2,4,-0.750,2.250,1,0,8.710,-1.520,1,3,4,700.000,0.000
-2,5,-0.750,2.750,0,1,0.000,0.000,1,1,2,100.000,0.000
-2,6,-0.750,3.250,0,0,0.000,0.000,0,2,2,400.000,0.000
-2,7,-0.750,3.750,3,4,0.505,-0.018,4,3,7,1600.000,600.000
-2,8,-0.750,4.250,1,0,8.219,-2.073,1,1,2,100.000,100.000
-2,11,-0.750,5.750,0,1,0.000,0.000,1,1,2,1700.000,0.000
-2,12,-0.750,6.250,1,1,3.519,1.353,2,1,3,1500.000,0.000
-2,13,-0.750,6.750,1,0,6.458,-0.228,1,3,4,2000.000,200.000
-2,14,-0.750,7.250,0,3,0.000,0.000,3,3,6,800.000,700.000
-2,15,-0.750,7.750,1,1,6.774,0.826,2,2,4,1000.000,800.000
-2,16,-0.750,8.250,1,2,2.223,-1.028,3,2,5,1100.000,400.000
-2,17,-0.750,8.750,1,1,6.737,0.325,2,2,4,600.000,600.000
-2,18,-0.750,9.250,1,0,4.734,1.098,1,2,3,1000.000,100.000
-2,19,-0.750,9.750,1,0,5.584,2.108,1,1,2,100.000,0.000
-2,20,-0.750,10.250,1,0,2.016,0.176,1,3,4,1400.000,200.000
-2,21,-0.750,10.750,0,2,0.000,0.000,2,3,5,2700.000,400.000
-2,22,-0.750,11.250,3,1,8.178,1.159,4,3,6,5900.000,2200.000
-2,23,-0.750,11.750,0,0,0.000,0.000,0,3,3,2200.000,1100.000
-2,24,-0.750,12.250,1,1,5.528,0.035,2,3,4,3200.000,0.000
-1,-31,-0.250,-15.250,0,1,0.000,0.000,1,0,1,0.000,0.000
-1,-30,-0.250,-14.750,0,0,0.000,0.000,0,2,2,200.000,100.000
-1,-29,-0.250,-14.250,0,0,0.000,0.000,0,3,3,2900.000,800.000
-1,-28,-0.250,-13.750,0,0,0.000,0.000,0,3,3,800.000,500.000
-1,-27,-0.250,-13.250,1,0,3.732,0.000,1,2,3,2400.000,1700.000
-1,-26,-0.250,-12.750,1,0,8.074,-1.827,1,3,4,3100.000,1500.000
-1,-22,-0.250,-10.750,0,0,0.000,0.000,0,1,1,200.000,0.000
-1,-21,-0.250,-10.250,0,2,0.000,0.000,2,3,4,1700.000,1700.000
-1,-20,-0.250,-9.750,0,0,0.000,0.000,0,2,2,1000.000,700.000
-1,-19,-0.250,-9.250,0,1,0.000,0.000,1,2,3,400.000,1100.000
-1,-18,-0.250,-8.750,0,0,0.000,0.000,0,1,1,200.000,400.000
-1,-17,-0.250,-8.250,1,4,0.259,0.000,4,0,4,0.000,0.000
-1,-15,-0.250,-7.250,0,0,0.000,0.000,0,3,3,1900.000,200.000
-1,-14,-0.250,-6.750,1,2,0.369,0.009,3,3,6,5800.000,900.000
-1,-13,-0.250,-6.250,4,2,3.012,0.097,4,3,7,2400.000,1300.000
-1,-12,-0.250,-5.750,1,0,6.890,2.275,1,3,4,900.000,500.000
-1,-11,-0.250,-5.250,0,0,0.000,0.000,0,2,2,300.000,100.000
-1,-10,-0.250,-4.750,0,0,0.000,0.000,0,2,2,100.000,300.000
-1,-9,-0.250,-4.250,1,1,3.450,2.407,2,3,5,700.000,200.000
-1,-8,-0.250,-3.750,1,2,0.240,-0.114,2,3,5,1400.000,100.000
-1,-7,-0.250,-3.250,2,0,4.313,0.110,2,3,4,1200.000,200.000
-1,-6,-0.250,-2.750,1,1,4.824,-0.852,2,3,5,600.000,500.000
-1,-5,-0.250,-2.250,3,2,4.939,-0.026,5,3,8,400.000,500.000
-1,-4,-0.250,-1.750,1,3,6.948,-0.184,4,3,7,700.000,600.000
-1,-2,-0.250,-0.750,0,0,0.000,0.000,0,1,1,300.000,0.000
-1,-1,-0.250,-0.250,0,0,0.000,0.000,0,1,1,300.000,0.000
-1,0,-0.250,0.250,0,0,0.000,0.000,0,1,1,100.000,0.000
-1,1,-0.250,0.750,0,0,0.000,0.000,0,1,1,200.000,0.000
-1,2,-0.250,1.250,1,0,7.394,-1.616,1,3,4,600.000,0.000
-1,3,-0.250,1.750,2,0,7.881,-1.401,2,2,4,400.000,0.000
-1,4,-0.250,2.250,0,1,0.000,0.000,1,3,4,400.000,0.000
-1,5,-0.250,2.750,0,1,0.000,0.000,1,1,2,200.000,0.000
-1,6,-0.250,3.250,0,4,0.000,0.000,4,2,6,500.000,0.000
-1,7,-0.250,3.750,2,4,1.424,-0.013,5,3,8,1200.000,500.000
-1,8,-0.250,4.250,0,0,0.000,0.000,0,2,2,300.000,200.000
-1,9,-0.250,4.750,0,0,0.000,0.000,0,1,1,100.000,0.000
-1,10,-0.250,5.250,0,1,0.000,0.000,1,0,1,0.000,0.000
-1,11,-0.250,5.750,0,1,0.000,0.000,1,1,2,100.000,0.000
-1,12,-0.250,6.250,0,1,0.000,0.000,1,1,2,500.000,0.000
-1,13,-0.250,6.750,2,1,3.488,-0.971,3,3,6,1300.000,200.000
-1,14,-0.250,7.250,0,0,0.000,0.000,0,3,3,1600.000,300.000
-1,15,-0.250,7.750,1,2,6.718,-2.407,3,3,5,1200.000,900.000
-1,16,-0.250,8.250,1,1,4.953,0.114,1,2,3,1400.000,300.000
-1,17,-0.250,8.750,1,3,5.500,2.161,4,1,4,600.000,200.000
-1,18,-0.250,9.250,0,0,0.000,0.000,0,3,3,400.000,0.000
-1,19,-0.250,9.750,0,1,0.000,0.000,1,3,4,800.000,0.000
-1,20,-0.250,10.250,3,0,15.328,-1.151,3,3,6,900.000,200.000
-1,21,-0.250,10.750,2,2,14.027,0.518,3,3,6,1800.000,1600.000
-1,22,-0.250,11.250,1,4,4.429,-0.747,5,3,8,5700.000,5400.000
-1,23,-0.250,11.750,2,2,9.439,-0.580,2,3,4,2200.000,1900.000
-1,24,-0.250,12.250,1,1,3.069,0.597,1,3,4,1700.000,100.000
-1,25,-0.250,12.750,0,0,0.000,0.000,0,1,1,500.000,0.000
0,-31,0.250,-15.250,0,1,0.000,0.000,1,1,2,200.000,0.000
0,-30,0.250,-14.750,1,0,1.796,0.501,1,0,1,0.000,0.000
0,-29,0.250,-14.250,0,1,0.000,0.000,1,2,3,1000.000,900.000
0,-28,0.250,-13.750,0,0,0.000,0.000,0,3,3,1600.000,500.000
0,-27,0.250,-13.250,1,0,2.320,-0.870,1,3,4,2000.000,900.000
0,-26,0.250,-12.750,1,0,4.446,-0.413,1,3,4,1900.000,700.000
0,-22,0.250,-10.750,0,0,0.000,0.000,0,1,1,100.000,0.000
0,-21,0.250,-10.250,0,0,0.000,0.000,0,3,3,2300.000,1300.000
0,-20,0.250,-9.750,0,1,0.000,0.000,1,2,3,600.000,400.000
0,-19,0.250,-9.250,1,1,2.738,0.000,2,2,4,200.000,200.000
0,-18,0.250,-8.750,0,1,0.000,0.000,1,1,2,300.000,100.000
0,-15,0.250,-7.250,1,0,9.968,-0.984,1,3,4,1700.000,200.000
0,-14,0.250,-6.750,4,2,7.051,0.347,5,3,8,5600.000,1400.000
0,-13,0.250,-6.250,2,1,2.468,-0.277,3,3,6,1200.000,1300.000
0,-12,0.250,-5.750,0,1,0.000,0.000,1,3,4,400.000,400.000
0,-11,0.250,-5.250,0,0,0.000,0.000,0,1,1,0.000,100.000
0,-9,0.250,-4.250,1,1,8.234,1.783,2,3,5,1700.000,0.000
0,-8,0.250,-3.750,1,1,4.931,-0.026,2,2,4,1000.000,200.000
0,-7,0.250,-3.250,1,1,7.990,0.659,2,2,4,900.000,500.000
0,-6,0.250,-2.750,3,2,5.536,-0.158,5,3,8,1200.000,300.000
0,-5,0.250,-2.250,1,1,3.375,1.107,2,2,4,400.000,200.000
0,-4,0.250,-1.750,0,0,0.000,0.000,0,3,3,1000.000,600.000
0,-3,0.250,-1.250,1,2,9.725,-1.036,3,1,4,0.000,100.000
0,-2,0.250,-0.750,1,0,10.897,1.318,1,2,3,300.000,0.000
0,-1,0.250,-0.250,0,0,0.000,0.000,0,2,2,700.000,0.000
0,0,0.250,0.250,0,1,0.000,0.000,1,2,3,400.000,0.000
0,1,0.250,0.750,0,0,0.000,0.000,0,2,2,400.000,0.000
0,2,0.250,1.250,0,0,0.000,0.000,0,2,2,200.000,0.000
0,3,0.250,1.750,0,0,0.000,0.000,0,1,1,300.000,0.000
0,4,0.250,2.250,0,1,0.000,0.000,1,2,3,300.000,0.000
0,5,0.250,2.750,1,0,0.212,0.202,1,1,2,100.000,0.000
0,6,0.250,3.250,2,1,4.733,0.694,2,2,4,800.000,0.000
0,7,0.250,3.750,0,0,0.000,0.000,0,3,3,1000.000,500.000
0,8,0.250,4.250,2,2,8.081,-0.031,4,1,5,200.000,100.000
0,9,0.250,4.750,0,0,0.000,0.000,0,1,1,100.000,0.000
0,10,0.250,5.250,0,0,0.000,0.000,0,1,1,100.000,0.000
0,11,0.250,5.750,1,0,2.119,-0.220,1,2,3,900.000,0.000
0,12,0.250,6.250,1,3,0.580,0.255,4,2,6,600.000,0.000
0,13,0.250,6.750,0,2,0.000,0.000,2,1,3,200.000,100.000
0,14,0.250,7.250,1,3,3.621,0.817,4,3,7,1100.000,400.000
0,15,0.250,7.750,1,2,0.257,-0.061,2,3,5,700.000,1200.000
0,16,0.250,8.250,1,2,0.292,0.009,2,3,5,1300.000,100.000
0,17,0.250,8.750,0,0,0.000,0.000,0,2,2,400.000,0.000
0,18,0.250,9.250,2,0,1.705,0.536,2,1,3,100.000,0.000
0,19,0.250,9.750,1,2,5.892,-0.949,3,1,4,100.000,0.000
0,20,0.250,10.250,1,0,10.000,-1.493,1,3,4,1800.000,400.000
0,21,0.250,10.750,2,4,7.663,1.686,6,3,9,4500.000,700.000
0,22,0.250,11.250,3,3,5.381,-0.149,6,3,8,6500.000,2100.000
0,23,0.250,11.750,1,0,4.924,-0.747,1,3,4,3800.000,1200.000
0,24,0.250,12.250,0,0,0.000,0.000,0,3,3,2300.000,300.000
0,25,0.250,12.750,1,0,23.286,-0.105,1,1,2,1200.000,0.000
1,-31,0.750,-15.250,0,1,0.000,0.000,1,1,2,100.000,0.000
1,-30,0.750,-14.750,1,0,1.171,0.000,1,1,2,200.000,0.000
1,-29,0.750,-14.250,0,0,0.000,0.000,0,3,3,1800.000,1000.000
1,-28,0.750,-13.750,0,0,0.000,0.000,0,3,3,900.000,1400.000
1,-27,0.750,-13.250,3,3,2.732,0.000,5,3,7,1700.000,1000.000
1,-26,0.750,-12.750,0,2,0.000,0.000,2,3,4,1700.000,900.000
1,-25,0.750,-12.250,0,1,0.000,0.000,1,2,3,600.000,500.000
1,-24,0.750,-11.750,0,1,0.000,0.000,1,1,2,100.000,10200.000
1,-23,0.750,-11.250,1,0,0.210,-0.018,1,2,3,600.000,0.000
1,-22,0.750,-10.750,1,0,3.625,0.000,1,3,4,400.000,500.000
1,-21,0.750,-10.250,1,1,0.925,0.000,2,3,5,1900.000,1200.000
1,-20,0.750,-9.750,1,0,2.721,0.000,1,2,2,700.000,900.000
1,-19,0.750,-9.250,0,0,0.000,0.000,0,1,1,200.000,200.000
1,-18,0.750,-8.750,0,1,0.000,0.000,1,1,2,500.000,0.000
1,-17,0.750,-8.250,0,0,0.000,0.000,0,1,1,0.000,100.000
1,-15,0.750,-7.250,0,0,0.000,0.000,0,3,3,2600.000,400.000
1,-14,0.750,-6.750,2,2,6.306,0.711,4,3,6,4900.000,1800.000
1,-13,0.750,-6.250,0,0,0.000,0.000,0,3,3,1900.000,900.000
1,-12,0.750,-5.750,3,1,2.330,0.053,4,3,7,200.000,300.000
1,-10,0.750,-4.750,2,0,6.373,0.426,2,2,4,200.000,100.000
1,-9,0.750,-4.250,1,1,0.914,0.439,2,3,5,1900.000,0.000
1,-8,0.750,-3.750,3,2,6.537,-0.061,4,1,5,300.000,0.000
1,-7,0.750,-3.250,1,1,3.756,-0.817,2,3,5,800.000,300.000
1,-6,0.750,-2.750,4,3,7.415,-0.110,5,3,8,700.000,400.000
1,-5,0.750,-2.250,1,0,7.493,0.193,1,3,4,300.000,400.000
1,-4,0.750,-1.750,1,0,6.456,-1.528,1,3,4,1400.000,400.000
1,-3,0.750,-1.250,1,1,0.363,0.079,2,2,4,300.000,600.000
1,-2,0.750,-0.750,0,0,0.000,0.000,0,2,2,700.000,200.000
1,-1,0.750,-0.250,0,0,0.000,0.000,0,1,1,200.000,200.000
1,0,0.750,0.250,1,0,7.505,-0.668,1,1,2,0.000,200.000
1,1,0.750,0.750,0,0,0.000,0.000,0,3,3,300.000,200.000
1,2,0.750,1.250,0,1,0.000,0.000,1,2,3,400.000,200.000
1,3,0.750,1.750,0,0,0.000,0.000,0,1,1,400.000,200.000
1,4,0.750,2.250,0,1,0.000,0.000,1,3,4,600.000,200.000
1,5,0.750,2.750,1,0,8.838,-1.318,1,2,3,100.000,200.000
1,6,0.750,3.250,1,2,4.187,-0.044,3,2,4,600.000,100.000
1,7,0.750,3.750,1,2,0.624,-0.009,3,2,5,1200.000,600.000
1,8,0.750,4.250,0,2,0.000,0.000,2,1,3,500.000,200.000
1,9,0.750,4.750,1,1,0.185,-0.132,1,0,1,0.000,0.000
1,10,0.750,5.250,0,0,0.000,0.000,0,1,1,200.000,0.000
1,11,0.750,5.750,1,1,3.009,0.501,2,0,2,0.000,0.000
1,12,0.750,6.250,2,2,3.953,-1.436,4,1,5,500.000,0.000
1,13,0.750,6.750,3,2,0.718,0.000,4,2,5,400.000,200.000
1,14,0.750,7.250,0,1,0.000,0.000,1,3,4,600.000,300.000
1,15,0.750,7.750,1,1,3.852,0.211,2,3,5,1200.000,600.000
1,16,0.750,8.250,1,1,2.506,0.325,2,3,5,700.000,200.000
1,17,0.750,8.750,0,0,0.000,0.000,0,2,2,800.000,0.000
1,18,0.750,9.250,1,0,7.660,-2.187,1,0,1,0.000,0.000
1,19,0.750,9.750,1,1,15.050,1.968,2,0,2,0.000,0.000
1,20,0.750,10.250,0,0,0.000,0.000,0,3,3,1000.000,2900.000
1,21,0.750,10.750,1,2,5.044,-1.563,3,3,6,2200.000,500.000
1,22,0.750,11.250,3,1,9.272,-0.747,4,3,6,4700.000,2400.000
1,23,0.750,11.750,1,1,22.138,-1.537,2,3,5,1800.000,100.000
1,24,0.750,12.250,1,1,6.215,-0.747,2,3,5,2200.000,0.000
1,25,0.750,12.750,0,1,0.000,0.000,1,2,3,1100.000,0.000
2,-29,1.250,-14.250,0,1,0.000,0.000,1,3,4,2700.000,3200.000
2,-28,1.250,-13.750,0,0,0.000,0.000,0,3,3,1400.000,600.000
2,-27,1.250,-13.250,0,0,0.000,0.000,0,3,3,1300.000,1100.000
2,-26,1.250,-12.750,0,0,0.000,0.000,0,3,3,2000.000,900.000
2,-25,1.250,-12.250,3,1,0.829,-0.088,3,3,5,1700.000,1100.000
2,-24,1.250,-11.750,0,1,0.000,0.000,1,2,3,500.000,600.000
2,-23,1.250,-11.250,1,1,1.327,-0.061,2,2,4,200.000,600.000
2,-22,1.250,-10.750,0,0,0.000,0.000,0,3,3,300.000,500.000
2,-21,1.250,-10.250,1,0,1.858,0.000,1,3,4,1700.000,1800.000
2,-20,1.250,-9.750,2,0,8.139,-1.256,2,2,4,700.000,400.000
2,-19,1.250,-9.250,0,0,0.000,0.000,0,1,1,200.000,400.000
2,-18,1.250,-8.750,1,1,3.558,0.000,2,1,3,500.000,300.000
2,-17,1.250,-8.250,0,1,0.000,0.000,1,1,2,0.000,300.000
2,-15,1.250,-7.250,0,1,0.000,0.000,1,3,4,2600.000,700.000
2,-14,1.250,-6.750,4,1,8.040,-0.312,5,3,6,5100.000,2300.000
2,-13,1.250,-6.250,2,0,10.032,-0.299,2,3,5,1200.000,2200.000
2,-12,1.250,-5.750,3,0,2.646,0.070,3,3,6,200.000,700.000
2,-11,1.250,-5.250,1,0,3.078,0.061,1,3,4,200.000,500.000
2,-10,1.250,-4.750,0,1,0.000,0.000,1,2,3,600.000,400.000
2,-9,1.250,-4.250,0,2,0.000,0.000,1,2,3,800.000,300.000
2,-8,1.250,-3.750,1,0,8.191,-0.079,1,3,4,500.000,300.000
2,-7,1.250,-3.250,4,0,5.214,-0.009,4,3,7,1000.000,800.000
2,-6,1.250,-2.750,1,3,5.925,-0.070,4,2,6,400.000,400.000
2,-5,1.250,-2.250,2,0,3.068,-0.444,2,3,5,1000.000,700.000
2,-4,1.250,-1.750,1,1,2.814,-0.018,2,3,5,1200.000,500.000
2,-3,1.250,-1.250,0,3,0.000,0.000,3,3,5,1100.000,3400.000
2,-2,1.250,-0.750,0,0,0.000,0.000,0,2,2,700.000,1100.000
2,-1,1.250,-0.250,0,0,0.000,0.000,0,1,1,0.000,600.000
2,0,1.250,0.250,1,1,12.906,-1.827,2,1,3,0.000,600.000
2,1,1.250,0.750,1,1,0.395,0.307,1,1,2,100.000,300.000
2,2,1.250,1.250,0,0,0.000,0.000,0,3,3,2100.000,500.000
2,3,1.250,1.750,2,2,8.664,0.255,4,3,7,1700.000,9300.000
2,4,1.250,2.250,0,0,0.000,0.000,0,2,2,300.000,0.000
2,5,1.250,2.750,3,0,2.809,2.029,2,2,4,300.000,0.000
2,6,1.250,3.250,1,0,15.771,2.758,1,2,3,500.000,0.000
2,7,1.250,3.750,1,1,6.593,-0.940,2,2,4,1000.000,300.000
2,8,1.250,4.250,3,3,0.219,0.000,5,2,7,300.000,500.000
2,9,1.250,4.750,0,0,0.000,0.000,0,1,1,200.000,0.000
2,10,1.250,5.250,0,2,0.000,0.000,2,1,3,200.000,0.000
2,11,1.250,5.750,1,1,1.771,0.035,2,1,3,500.000,0.000
2,12,1.250,6.250,2,1,2.217,-1.260,2,2,4,800.000,200.000
2,13,1.250,6.750,1,1,3.493,-0.009,2,2,4,200.000,200.000
2,14,1.250,7.250,1,1,7.633,0.624,1,2,3,500.000,500.000
2,15,1.250,7.750,0,1,0.000,0.000,1,2,3,600.000,300.000
2,16,1.250,8.250,3,0,1.466,-0.141,3,2,5,400.000,200.000
2,17,1.250,8.750,0,1,0.000,0.000,1,3,4,900.000,0.000
2,18,1.250,9.250,0,1,0.000,0.000,1,1,2,100.000,0.000
2,20,1.250,10.250,0,1,0.000,0.000,1,3,4,1300.000,200.000
2,21,1.250,10.750,1,1,7.662,-0.694,2,3,5,2000.000,700.000
2,22,1.250,11.250,0,4,0.000,0.000,4,3,6,3800.000,2100.000
2,23,1.250,11.750,1,1,5.503,0.114,1,2,3,2000.000,0.000
2,24,1.250,12.250,0,1,0.000,0.000,1,3,4,1000.000,0.000
3,-31,1.750,-15.250,0,1,0.000,0.000,1,0,1,0.000,0.000
3,-30,1.750,-14.750,0,0,0.000,0.000,0,1,1,100.000,0.000
3,-29,1.750,-14.250,0,2,0.000,0.000,2,2,3,1900.000,1000.000
3,-28,1.750,-13.750,0,2,0.000,0.000,2,2,4,800.000,600.000
3,-27,1.750,-13.250,0,2,0.000,0.000,2,3,5,3100.000,1300.000
3,-26,1.750,-12.750,0,0,0.000,0.000,0,3,3,2200.000,1700.000
3,-25,1.750,-12.250,2,2,1.774,-0.132,4,3,6,2800.000,2500.000
3,-24,1.750,-11.750,1,1,5.712,-0.430,2,3,5,2200.000,1900.000
3,-23,1.750,-11.250,1,0,2.981,0.632,1,3,4,2900.000,1600.000
3,-22,1.750,-10.750,2,5,10.840,0.852,6,3,8,2200.000,1200.000
3,-21,1.750,-10.250,2,0,2.664,-0.303,2,3,5,3100.000,1900.000
3,-20,1.750,-9.750,3,4,0.525,0.000,5,3,8,3800.000,3900.000
3,-19,1.750,-9.250,3,1,5.030,-0.457,4,3,7,7700.000,1500.000
3,-18,1.750,-8.750,0,1,0.000,0.000,1,3,4,6200.000,1300.000
3,-17,1.750,-8.250,0,1,0.000,0.000,1,3,4,3900.000,800.000
3,-16,1.750,-7.750,0,1,0.000,0.000,1,3,4,4600.000,1100.000
3,-15,1.750,-7.250,2,5,12.927,-0.347,7,3,10,9400.000,2300.000
3,-14,1.750,-6.750,4,5,4.590,-0.233,8,3,10,4900.000,2200.000
3,-13,1.750,-6.250,3,2,4.894,-0.141,4,3,7,900.000,1000.000
3,-12,1.750,-5.750,1,0,1.489,0.018,1,2,3,100.000,1800.000
3,-11,1.750,-5.250,0,0,0.000,0.000,0,3,3,100.000,300.000
3,-10,1.750,-4.750,0,0,0.000,0.000,0,1,1,400.000,200.000
3,-9,1.750,-4.250,0,0,0.000,0.000,0,3,3,700.000,800.000
3,-8,1.750,-3.750,2,3,4.769,0.294,5,3,8,500.000,800.000
3,-7,1.750,-3.250,2,1,7.592,-0.299,3,3,6,800.000,900.000
3,-6,1.750,-2.750,0,1,0.000,0.000,1,2,3,200.000,500.000
3,-5,1.750,-2.250,1,3,3.907,-0.070,4,3,7,1400.000,800.000
3,-4,1.750,-1.750,2,0,4.438,-0.545,2,3,5,800.000,800.000
3,-3,1.750,-1.250,3,1,4.133,-0.009,4,3,7,1300.000,400.000
3,-2,1.750,-0.750,2,0,7.925,-0.264,2,3,4,500.000,1500.000
3,-1,1.750,-0.250,1,1,6.198,-0.606,2,2,4,200.000,500.000
3,0,1.750,0.250,1,0,4.544,0.711,1,1,2,400.000,0.000
3,1,1.750,0.750,0,0,0.000,0.000,0,3,3,400.000,200.000
3,2,1.750,1.250,1,2,6.129,-3.224,3,3,6,800.000,200.000
3,3,1.750,1.750,0,0,0.000,0.000,0,3,3,2900.000,900.000
3,4,1.750,2.250,0,0,0.000,0.000,0,2,2,1000.000,0.000
3,5,1.750,2.750,0,1,0.000,0.000,1,2,3,400.000,0.000
3,6,1.750,3.250,1,2,7.536,1.300,3,3,6,1100.000,0.000
3,7,1.750,3.750,3,3,7.376,-2.011,4,2,6,800.000,100.000
3,8,1.750,4.250,3,5,1.238,-0.026,5,2,7,100.000,400.000
3,9,1.750,4.750,2,0,1.666,-0.070,2,1,3,100.000,0.000
3,10,1.750,5.250,0,1,0.000,0.000,1,2,3,400.000,0.000
3,11,1.750,5.750,0,1,0.000,0.000,1,2,3,600.000,0.000
3,12,1.750,6.250,3,1,8.497,-2.284,4,3,7,800.000,400.000
3,13,1.750,6.750,0,0,0.000,0.000,0,2,2,400.000,300.000
3,14,1.750,7.250,1,1,3.571,-0.228,2,2,4,700.000,400.000
3,15,1.750,7.750,3,1,4.790,-0.764,4,2,6,500.000,400.000
3,16,1.750,8.250,1,0,4.571,-0.009,1,3,4,200.000,100.000
3,17,1.750,8.750,0,1,0.000,0.000,1,2,3,400.000,400.000
3,18,1.750,9.250,2,2,4.087,-0.760,4,3,7,800.000,300.000
3,19,1.750,9.750,2,0,8.817,-1.700,2,2,4,500.000,200.000
3,20,1.750,10.250,0,2,0.000,0.000,2,3,4,2000.000,200.000
3,21,1.750,10.750,1,3,5.447,-0.878,4,3,7,4200.000,1100.000
3,22,1.750,11.250,1,0,15.835,-1.151,1,3,4,5200.000,1900.000
3,23,1.750,11.750,1,5,2.858,-0.755,6,3,9,2600.000,1400.000
3,24,1.750,12.250,1,5,8.816,-1.774,6,2,7,700.000,0.000
3,25,1.750,12.750,0,1,0.000,0.000,1,0,1,0.000,0.000
4,-31,2.250,-15.250,0,0,0.000,0.000,0,1,1,300.000,0.000
4,-30,2.250,-14.750,0,0,0.000,0.000,0,1,1,900.000,0.000
4,-29,2.250,-14.250,2,1,2.743,0.299,2,2,4,4100.000,1900.000
4,-28,2.250,-13.750,1,0,2.798,0.000,1,2,3,1100.000,0.000
4,-27,2.250,-13.250,0,0,0.000,0.000,0,3,3,1000.000,1000.000
4,-26,2.250,-12.750,2,0,4.006,-0.892,2,3,5,3600.000,1300.000
4,-25,2.250,-12.250,2,1,4.377,-1.673,3,3,6,3200.000,4000.000
4,-24,2.250,-11.750,5,1,3.589,0.000,6,3,8,3600.000,2900.000
4,-23,2.250,-11.250,2,3,2.079,0.343,5,3,7,3400.000,2600.000
4,-22,2.250,-10.750,1,3,3.790,0.826,4,3,6,6100.000,2700.000
4,-21,2.250,-10.250,5,5,3.844,-0.158,8,3,10,6100.000,2800.000
4,-20,2.250,-9.750,3,2,13.960,0.149,4,3,6,4600.000,3200.000
4,-19,2.250,-9.250,1,6,0.236,0.000,6,3,9,5700.000,4800.000
4,-18,2.250,-8.750,4,7,10.222,0.628,11,3,13,7200.000,3400.000
4,-17,2.250,-8.250,5,3,10.133,-0.457,7,3,10,11800.000,5600.000
4,-16,2.250,-7.750,7,4,4.425,0.000,10,3,13,7200.000,4100.000
4,-15,2.250,-7.250,3,4,2.626,0.000,6,3,9,4100.000,3100.000
4,-14,2.250,-6.750,4,0,9.352,-0.083,4,3,7,3000.000,2200.000
4,-13,2.250,-6.250,6,2,8.986,1.296,8,3,10,0.000,1300.000
4,-12,2.250,-5.750,0,0,0.000,0.000,0,3,3,0.000,1100.000
4,-11,2.250,-5.250,0,0,0.000,0.000,0,3,3,800.000,600.000
4,-10,2.250,-4.750,0,0,0.000,0.000,0,2,2,200.000,100.000
4,-9,2.250,-4.250,0,0,0.000,0.000,0,3,3,700.000,200.000
4,-8,2.250,-3.750,1,1,3.439,-0.817,2,3,5,800.000,900.000
4,-7,2.250,-3.250,1,2,2.938,-0.694,2,3,5,800.000,0.000
4,-6,2.250,-2.750,2,1,9.002,-3.250,3,1,4,200.000,0.000
4,-5,2.250,-2.250,2,1,5.537,-0.048,3,3,6,700.000,600.000
4,-4,2.250,-1.750,2,1,3.696,-0.053,2,2,4,600.000,400.000
4,-3,2.250,-1.250,1,2,5.685,-2.319,3,2,5,800.000,600.000
4,-2,2.250,-0.750,2,1,2.592,0.615,3,3,6,1100.000,600.000
4,-1,2.250,-0.250,0,1,0.000,0.000,1,3,4,700.000,3400.000
4,0,2.250,0.250,1,1,5.623,-0.386,2,3,5,200.000,100.000
4,1,2.250,0.750,1,0,3.898,-0.571,1,3,4,600.000,0.000
4,2,2.250,1.250,3,1,0.393,-0.360,3,1,4,500.000,0.000
4,3,2.250,1.750,0,0,0.000,0.000,0,3,3,700.000,700.000
4,4,2.250,2.250,0,0,0.000,0.000,0,2,2,1000.000,0.000
4,5,2.250,2.750,0,1,0.000,0.000,1,2,3,500.000,0.000
4,6,2.250,3.250,0,1,0.000,0.000,1,2,3,500.000,0.000
4,7,2.250,3.750,2,0,4.552,-0.044,2,3,5,800.000,400.000
4,8,2.250,4.250,1,4,0.292,0.000,3,2,5,1000.000,100.000
4,9,2.250,4.750,1,2,7.021,-0.966,3,3,6,700.000,200.000
4,10,2.250,5.250,4,1,4.360,-0.105,4,3,7,800.000,400.000
4,11,2.250,5.750,5,2,3.684,-0.852,5,3,8,600.000,700.000
4,12,2.250,6.250,1,2,6.404,-0.905,3,2,4,500.000,600.000
4,13,2.250,6.750,1,1,5.043,1.643,2,2,4,600.000,400.000
4,14,2.250,7.250,1,0,4.241,0.009,1,2,3,400.000,500.000
4,15,2.250,7.750,0,1,0.000,0.000,1,2,3,900.000,100.000
4,16,2.250,8.250,1,0,17.101,-0.940,1,2,3,500.000,0.000
4,17,2.250,8.750,2,1,4.449,-1.291,2,3,5,900.000,200.000
4,18,2.250,9.250,0,2,0.000,0.000,2,3,5,1400.000,300.000
4,19,2.250,9.750,1,2,22.512,-0.369,3,3,6,1900.000,0.000
4,20,2.250,10.250,1,0,0.473,0.184,1,3,4,1300.000,400.000
4,21,2.250,10.750,1,1,2.568,-1.897,2,3,5,4400.000,1300.000
4,22,2.250,11.250,1,2,1.749,0.615,3,3,6,4100.000,4200.000
4,23,2.250,11.750,0,2,0.000,0.000,2,3,5,1300.000,700.000
4,24,2.250,12.250,0,0,0.000,0.000,0,2,2,900.000,200.000
4,25,2.250,12.750,0,3,0.000,0.000,3,1,4,800.000,0.000
5,-31,2.750,-15.250,0,1,0.000,0.000,1,1,2,1300.000,0.000
5,-30,2.750,-14.750,1,1,1.172,0.000,2,2,4,2300.000,0.000
5,-29,2.750,-14.250,1,3,0.291,0.000,3,2,5,5900.000,900.000
5,-28,2.750,-13.750,0,0,0.000,0.000,0,2,2,1100.000,300.000
5,-27,2.750,-13.250,0,3,0.000,0.000,3,2,4,800.000,400.000
5,-26,2.750,-12.750,1,1,0.191,-0.149,2,3,5,1900.000,1600.000
5,-25,2.750,-12.250,3,5,3.844,-0.668,8,3,10,5900.000,5900.000
5,-24,2.750,-11.750,4,3,6.177,-1.388,4,3,7,5200.000,4600.000
5,-23,2.750,-11.250,3,3,0.345,0.220,5,3,7,4300.000,2500.000
5,-22,2.750,-10.750,0,2,0.000,0.000,2,3,5,1700.000,1000.000
5,-21,2.750,-10.250,1,2,1.450,0.000,3,3,5,1700.000,300.000
5,-20,2.750,-9.750,0,0,0.000,0.000,0,2,2,700.000,100.000
5,-19,2.750,-9.250,1,1,1.230,0.000,2,3,4,3000.000,1300.000
5,-18,2.750,-8.750,1,0,1.677,0.000,1,3,4,6800.000,2000.000
5,-17,2.750,-8.250,0,0,0.000,0.000,0,2,2,1000.000,400.000
5,-16,2.750,-7.750,2,1,1.315,0.000,3,3,6,1700.000,400.000
5,-15,2.750,-7.250,1,2,1.718,0.000,3,3,5,2100.000,900.000
5,-14,2.750,-6.750,1,4,17.256,-0.606,5,3,8,1700.000,1000.000
5,-13,2.750,-6.250,0,0,0.000,0.000,0,3,3,900.000,600.000
5,-12,2.750,-5.750,1,1,1.241,-0.035,2,2,4,600.000,900.000
5,-11,2.750,-5.250,0,0,0.000,0.000,0,3,3,0.000,400.000
5,-10,2.750,-4.750,0,1,0.000,0.000,1,3,4,200.000,500.000
5,-9,2.750,-4.250,1,1,7.934,-0.861,2,3,5,700.000,1100.000
5,-8,2.750,-3.750,1,4,3.729,0.053,5,3,8,1000.000,300.000
5,-7,2.750,-3.250,3,0,1.646,-0.044,3,3,6,900.000,100.000
5,-6,2.750,-2.750,0,1,0.000,0.000,1,3,4,600.000,0.000
5,-5,2.750,-2.250,3,1,6.057,-0.079,4,3,7,1000.000,200.000
5,-4,2.750,-1.750,1,1,7.838,-2.793,1,2,3,300.000,900.000
5,-3,2.750,-1.250,0,1,0.000,0.000,1,2,3,100.000,100.000
5,-2,2.750,-0.750,0,0,0.000,0.000,0,3,3,1700.000,100.000
5,-1,2.750,-0.250,2,1,1.240,0.334,3,2,5,300.000,800.000
5,0,2.750,0.250,1,2,4.395,-0.123,3,3,6,400.000,500.000
5,1,2.750,0.750,1,1,0.354,0.009,2,3,5,100.000,1200.000
5,2,2.750,1.250,1,1,9.115,-0.659,2,1,3,100.000,0.000
5,3,2.750,1.750,2,2,3.073,-1.107,3,2,5,1100.000,0.000
5,4,2.750,2.250,0,1,0.000,0.000,1,3,4,1900.000,0.000
5,5,2.750,2.750,1,1,10.254,2.091,2,3,5,1000.000,0.000
5,6,2.750,3.250,5,3,0.444,-0.009,5,2,7,1200.000,700.000
5,7,2.750,3.750,2,2,2.702,-0.066,4,3,5,600.000,800.000
5,8,2.750,4.250,2,0,2.717,-0.316,2,3,5,1500.000,600.000
5,9,2.750,4.750,2,4,1.500,-0.325,5,3,8,700.000,600.000
5,10,2.750,5.250,2,1,6.427,-0.918,3,3,6,600.000,200.000
5,11,2.750,5.750,0,2,0.000,0.000,2,3,5,600.000,400.000
5,12,2.750,6.250,1,1,4.721,-0.694,1,3,4,500.000,100.000
5,13,2.750,6.750,1,3,0.295,0.009,3,3,6,800.000,500.000
5,14,2.750,7.250,0,1,0.000,0.000,1,3,4,1100.000,500.000
5,15,2.750,7.750,2,1,5.082,0.439,2,3,5,800.000,0.000
5,16,2.750,8.250,0,1,0.000,0.000,1,3,4,700.000,0.000
5,17,2.750,8.750,3,1,2.576,-0.922,4,3,7,1200.000,0.000
5,18,2.750,9.250,1,1,13.399,-1.449,2,2,3,800.000,0.000
5,19,2.750,9.750,0,2,0.000,0.000,2,2,4,600.000,0.000
5,20,2.750,10.250,2,3,1.526,0.127,5,3,8,1700.000,100.000
5,21,2.750,10.750,1,3,1.316,0.711,4,3,7,5600.000,1000.000
5,22,2.750,11.250,5,2,6.508,-0.009,7,3,10,7400.000,2400.000
5,23,2.750,11.750,1,2,11.088,0.993,2,3,5,1500.000,300.000
5,24,2.750,12.250,1,1,0.343,0.114,1,2,3,700.000,100.000
5,25,2.750,12.750,0,0,0.000,0.000,0,1,1,600.000,0.000
6,-31,3.250,-15.250,0,0,0.000,0.000,0,1,1,2200.000,0.000
6,-30,3.250,-14.750,0,0,0.000,0.000,0,1,1,400.000,0.000
6,-29,3.250,-14.250,1,2,5.988,0.009,3,2,4,6800.000,1800.000
6,-28,3.250,-13.750,0,0,0.000,0.000,0,2,2,400.000,1700.000
6,-27,3.250,-13.250,1,1,16.210,-0.615,2,3,4,2800.000,1900.000
6,-26,3.250,-12.750,2,1,2.218,-0.040,3,3,6,2300.000,1800.000
6,-25,3.250,-12.250,2,2,6.003,0.716,3,3,6,5500.000,7000.000
6,-24,3.250,-11.750,3,7,2.548,0.026,9,3,11,5700.000,5600.000
6,-23,3.250,-11.250,2,0,7.687,1.651,2,3,5,3900.000,3200.000
6,-22,3.250,-10.750,2,1,5.888,1.076,3,3,6,700.000,1500.000
6,-21,3.250,-10.250,0,1,0.000,0.000,1,2,3,600.000,800.000
6,-20,3.250,-9.750,2,2,2.072,-0.580,4,2,6,300.000,1100.000
6,-19,3.250,-9.250,1,1,2.608,-0.018,2,3,5,1900.000,1900.000
6,-18,3.250,-8.750,1,1,5.253,-0.413,2,3,5,1600.000,2100.000
6,-17,3.250,-8.250,0,1,0.000,0.000,1,3,4,100.000,400.000
6,-16,3.250,-7.750,0,2,0.000,0.000,2,1,3,200.000,400.000
6,-15,3.250,-7.250,0,2,0.000,0.000,2,2,4,1300.000,1300.000
6,-14,3.250,-6.750,0,1,0.000,0.000,1,2,3,1500.000,300.000
6,-13,3.250,-6.250,1,0,3.668,2.697,1,2,3,2000.000,0.000
6,-12,3.250,-5.750,0,0,0.000,0.000,0,1,1,500.000,0.000
6,-11,3.250,-5.250,2,2,3.338,0.417,3,2,5,500.000,0.000
6,-10,3.250,-4.750,1,1,2.072,0.044,2,3,5,900.000,200.000
6,-9,3.250,-4.250,1,1,5.516,-1.116,2,3,5,1300.000,800.000
6,-8,3.250,-3.750,2,1,2.187,0.009,3,3,6,1100.000,700.000
6,-7,3.250,-3.250,2,1,4.789,0.070,3,3,6,800.000,200.000
6,-6,3.250,-2.750,2,2,2.841,-0.523,3,3,6,1000.000,200.000
6,-5,3.250,-2.250,1,0,3.983,-0.061,1,3,4,1100.000,0.000
6,-4,3.250,-1.750,2,0,8.469,-0.764,2,3,5,700.000,500.000
6,-3,3.250,-1.250,1,2,4.933,-0.158,2,3,5,500.000,900.000
6,-2,3.250,-0.750,2,2,2.900,-0.492,3,3,6,900.000,500.000
6,-1,3.250,-0.250,1,1,6.653,-2.503,2,3,5,600.000,300.000
6,0,3.250,0.250,4,1,2.574,-0.720,5,3,8,1000.000,400.000
6,1,3.250,0.750,2,1,8.759,-1.269,3,3,6,1100.000,500.000
6,2,3.250,1.250,2,1,2.255,1.766,2,3,5,800.000,700.000
6,3,3.250,1.750,5,6,5.072,-0.009,8,3,11,1100.000,300.000
6,4,3.250,2.250,2,2,5.691,-0.167,4,3,7,1300.000,600.000
6,5,3.250,2.750,3,1,3.235,0.018,4,3,7,2200.000,700.000
6,6,3.250,3.250,2,1,3.378,-0.004,3,3,6,1400.000,600.000
6,7,3.250,3.750,4,1,4.870,0.061,5,3,8,1500.000,1300.000
6,8,3.250,4.250,2,2,2.150,-0.044,4,3,7,1900.000,600.000
6,9,3.250,4.750,1,3,0.324,0.009,4,3,7,900.000,200.000
6,10,3.250,5.250,3,0,6.787,-0.905,3,3,6,600.000,300.000
6,11,3.250,5.750,1,0,5.252,0.167,1,3,4,700.000,0.000
6,12,3.250,6.250,0,1,0.000,0.000,1,2,3,900.000,0.000
6,13,3.250,6.750,2,1,2.808,0.110,2,2,4,500.000,200.000
6,14,3.250,7.250,0,0,0.000,0.000,0,2,2,1300.000,0.000
6,15,3.250,7.750,0,1,0.000,0.000,1,2,3,600.000,0.000
6,16,3.250,8.250,0,0,0.000,0.000,0,1,1,200.000,0.000
6,18,3.250,9.250,0,1,0.000,0.000,1,2,3,600.000,0.000
6,19,3.250,9.750,0,0,0.000,0.000,0,2,2,300.000,0.000
6,20,3.250,10.250,1,1,0.486,0.272,2,3,5,1300.000,0.000
6,21,3.250,10.750,1,1,5.910,2.705,2,3,5,4600.000,900.000
6,22,3.250,11.250,5,1,19.359,-0.009,5,3,8,5700.000,3700.000
6,24,3.250,12.250,0,1,0.000,0.000,1,1,2,200.000,0.000
6,25,3.250,12.750,0,0,0.000,0.000,0,1,1,4800.000,0.000
7,-29,3.750,-14.250,0,0,0.000,0.000,0,1,1,2400.000,0.000
7,-27,3.750,-13.250,0,0,0.000,0.000,0,2,2,400.000,200.000
7,-26,3.750,-12.750,1,0,3.919,0.843,1,3,4,1500.000,600.000
7,-25,3.750,-12.250,0,1,0.000,0.000,1,3,4,3100.000,2900.000
7,-24,3.750,-11.750,3,3,6.809,-1.370,5,3,8,4800.000,5000.000
7,-23,3.750,-11.250,3,3,0.465,0.079,5,3,8,3800.000,3600.000
7,-22,3.750,-10.750,0,1,0.000,0.000,1,3,3,1400.000,300.000
7,-21,3.750,-10.250,0,3,0.000,0.000,3,3,6,800.000,800.000
7,-20,3.750,-9.750,0,0,0.000,0.000,0,3,3,1200.000,900.000
7,-19,3.750,-9.250,3,0,4.496,1.203,3,3,6,1500.000,1100.000
7,-18,3.750,-8.750,1,2,2.991,1.563,2,3,5,1300.000,2200.000
7,-17,3.750,-8.250,0,0,0.000,0.000,0,3,3,1000.000,1700.000
7,-16,3.750,-7.750,0,0,0.000,0.000,0,3,3,1300.000,1200.000
7,-15,3.750,-7.250,2,0,5.421,-1.546,1,3,4,1500.000,600.000
7,-14,3.750,-6.750,0,0,0.000,0.000,0,2,2,1100.000,300.000
7,-13,3.750,-6.250,2,0,4.685,-1.045,2,3,5,1000.000,700.000
7,-12,3.750,-5.750,1,3,0.322,-0.026,4,3,7,800.000,200.000
7,-11,3.750,-5.250,0,0,0.000,0.000,0,3,3,900.000,700.000
7,-10,3.750,-4.750,5,1,3.341,0.070,6,3,9,500.000,1200.000
7,-9,3.750,-4.250,1,3,14.119,-0.211,4,2,5,200.000,400.000
7,-8,3.750,-3.750,0,2,0.000,0.000,2,3,5,500.000,200.000
7,-7,3.750,-3.250,1,2,2.266,-0.518,3,3,6,500.000,200.000
7,-6,3.750,-2.750,1,4,5.139,-1.906,5,3,8,900.000,300.000
7,-5,3.750,-2.250,1,0,2.066,-0.018,1,3,4,1800.000,0.000
7,-4,3.750,-1.750,0,1,0.000,0.000,1,3,4,2100.000,400.000
7,-3,3.750,-1.250,1,3,12.669,-1.010,4,3,7,500.000,200.000
7,-2,3.750,-0.750,1,1,0.329,0.000,2,3,5,700.000,500.000
7,-1,3.750,-0.250,1,1,7.295,-0.211,2,2,4,500.000,200.000
7,0,3.750,0.250,0,1,0.000,0.000,1,3,4,300.000,200.000
7,1,3.750,0.750,4,6,5.813,-0.198,9,2,11,200.000,200.000
7,2,3.750,1.250,3,3,4.611,0.518,5,3,8,400.000,300.000
7,3,3.750,1.750,7,5,4.847,0.378,8,3,11,900.000,500.000
7,4,3.750,2.250,2,1,9.747,1.467,3,3,6,1500.000,200.000
7,5,3.750,2.750,1,0,0.401,-0.035,1,3,4,2400.000,400.000
7,6,3.750,3.250,3,0,4.530,-0.272,3,2,5,1700.000,200.000
7,7,3.750,3.750,0,1,0.000,0.000,1,2,3,1600.000,600.000
7,8,3.750,4.250,2,3,3.647,-0.571,5,2,7,600.000,0.000
7,9,3.750,4.750,1,1,2.173,0.518,2,1,3,300.000,0.000
7,10,3.750,5.250,1,0,0.445,0.026,1,1,2,500.000,0.000
7,11,3.750,5.750,0,1,0.000,0.000,1,3,4,500.000,200.000
7,12,3.750,6.250,1,1,6.965,-0.641,2,2,4,600.000,100.000
7,13,3.750,6.750,3,3,0.157,0.009,2,1,3,800.000,100.000
7,14,3.750,7.250,0,0,0.000,0.000,0,1,1,200.000,0.000
7,15,3.750,7.750,1,0,4.007,0.316,1,1,2,100.000,0.000
7,16,3.750,8.250,0,0,0.000,0.000,0,1,1,100.000,0.000
7,20,3.750,10.250,0,0,0.000,0.000,0,2,2,1900.000,0.000
7,21,3.750,10.750,4,3,6.126,0.013,7,3,10,5200.000,2100.000
7,22,3.750,11.250,4,1,8.960,-0.004,4,3,6,8300.000,2700.000
8,-26,4.250,-12.750,0,2,0.000,0.000,2,3,5,1600.000,1500.000
8,-25,4.250,-12.250,2,2,3.654,1.107,4,3,7,6300.000,4400.000
8,-24,4.250,-11.750,5,4,3.902,0.422,8,3,11,4400.000,2000.000
8,-23,4.250,-11.250,0,0,0.000,0.000,0,3,3,3600.000,2200.000
8,-22,4.250,-10.750,0,1,0.000,0.000,1,3,4,1500.000,1000.000
8,-21,4.250,-10.250,1,1,4.260,1.010,2,3,5,300.000,1700.000
8,-20,4.250,-9.750,1,0,2.096,0.000,1,3,4,900.000,600.000
8,-19,4.250,-9.250,0,1,0.000,0.000,1,3,4,1200.000,600.000
8,-18,4.250,-8.750,2,1,5.887,3.285,3,3,6,1100.000,1800.000
8,-17,4.250,-8.250,1,1,3.967,-1.282,2,3,4,1400.000,1700.000
8,-16,4.250,-7.750,2,0,4.541,0.457,2,3,5,500.000,1300.000
8,-15,4.250,-7.250,1,1,3.543,-1.159,1,3,4,2100.000,200.000
8,-14,4.250,-6.750,0,0,0.000,0.000,0,3,3,1300.000,200.000
8,-13,4.250,-6.250,2,3,2.388,-1.309,4,3,7,1500.000,300.000
8,-12,4.250,-5.750,2,1,4.109,0.004,3,3,6,1200.000,1000.000
8,-11,4.250,-5.250,3,1,5.190,-0.009,4,3,6,900.000,1500.000
8,-10,4.250,-4.750,3,2,2.198,-0.105,3,3,6,800.000,1600.000
8,-9,4.250,-4.250,1,0,9.157,-0.123,1,2,3,900.000,0.000
8,-8,4.250,-3.750,2,0,3.826,-0.268,2,3,5,1000.000,300.000
8,-7,4.250,-3.250,2,3,5.468,-0.105,5,3,8,200.000,200.000
8,-6,4.250,-2.750,0,0,0.000,0.000,0,2,2,200.000,100.000
8,-5,4.250,-2.250,1,4,6.071,0.141,5,3,7,1000.000,300.000
8,-4,4.250,-1.750,5,0,5.264,0.018,5,3,8,2300.000,300.000
8,-3,4.250,-1.250,2,0,6.214,1.792,2,3,5,1300.000,200.000
8,-2,4.250,-0.750,3,3,11.315,-0.141,6,3,9,500.000,700.000
8,-1,4.250,-0.250,3,2,4.384,-0.729,5,2,7,600.000,0.000
8,0,4.250,0.250,0,2,0.000,0.000,2,2,4,300.000,0.000
8,1,4.250,0.750,2,1,6.453,-0.119,2,3,5,300.000,0.000
8,2,4.250,1.250,2,3,3.218,-0.413,5,2,7,300.000,200.000
8,3,4.250,1.750,3,1,2.519,-0.167,4,2,6,600.000,100.000
8,4,4.250,2.250,2,3,4.225,-1.225,4,2,5,1100.000,0.000
8,5,4.250,2.750,2,2,8.473,1.814,4,3,7,1300.000,700.000
8,6,4.250,3.250,1,1,13.361,-1.458,2,2,4,800.000,400.000
8,7,4.250,3.750,3,2,0.222,0.000,3,2,5,700.000,0.000
8,8,4.250,4.250,1,1,8.166,0.167,2,2,4,1000.000,0.000
8,9,4.250,4.750,1,0,13.221,-0.606,1,2,3,1100.000,0.000
8,10,4.250,5.250,0,3,0.000,0.000,3,1,4,200.000,0.000
8,11,4.250,5.750,1,1,0.198,-0.009,2,1,3,400.000,0.000
8,12,4.250,6.250,1,4,4.018,0.571,5,3,7,1700.000,800.000
8,13,4.250,6.750,1,2,2.578,-0.984,2,2,4,1100.000,0.000
8,14,4.250,7.250,0,0,0.000,0.000,0,1,1,100.000,0.000
8,15,4.250,7.750,0,0,0.000,0.000,0,1,1,100.000,0.000
8,18,4.250,9.250,2,2,4.723,0.000,4,2,6,4500.000,500.000
8,19,4.250,9.750,1,2,3.110,0.808,3,2,5,500.000,200.000
8,20,4.250,10.250,1,2,0.576,0.290,3,3,5,2200.000,400.000
8,21,4.250,10.750,2,1,10.049,-0.079,3,3,5,5200.000,2700.000
8,22,4.250,11.250,3,3,2.968,0.413,6,3,9,10200.000,2500.000
8,23,4.250,11.750,1,0,8.867,-0.466,1,2,3,2800.000,400.000
9,-26,4.750,-12.750,1,1,2.153,-1.335,2,3,5,2100.000,600.000
9,-25,4.750,-12.250,4,0,3.395,0.628,3,3,4,3300.000,1900.000
9,-24,4.750,-11.750,0,3,0.000,0.000,3,3,5,6500.000,2300.000
9,-23,4.750,-11.250,1,5,6.472,0.413,6,3,8,2800.000,1700.000
9,-22,4.750,-10.750,0,0,0.000,0.000,0,3,3,800.000,1400.000
9,-21,4.750,-10.250,4,0,3.143,-0.035,4,3,7,1100.000,1700.000
9,-20,4.750,-9.750,1,5,2.471,-1.792,6,3,9,500.000,300.000
9,-19,4.750,-9.250,0,0,0.000,0.000,0,2,2,800.000,100.000
9,-18,4.750,-8.750,1,2,3.439,1.537,3,3,6,1300.000,900.000
9,-17,4.750,-8.250,0,2,0.000,0.000,2,3,5,1300.000,900.000
9,-16,4.750,-7.750,0,2,0.000,0.000,2,3,5,1900.000,900.000
9,-15,4.750,-7.250,1,1,0.987,-0.035,2,3,5,1800.000,500.000
9,-14,4.750,-6.750,2,0,1.337,0.176,2,3,5,1200.000,400.000
9,-13,4.750,-6.250,1,0,2.786,0.255,1,3,3,1800.000,600.000
9,-12,4.750,-5.750,1,1,4.852,-0.035,2,3,4,2200.000,1400.000
9,-11,4.750,-5.250,2,1,5.779,-1.089,3,3,6,1900.000,500.000
9,-10,4.750,-4.750,0,1,0.000,0.000,1,3,4,1200.000,800.000
9,-9,4.750,-4.250,4,4,2.185,-0.009,7,3,8,800.000,400.000
9,-8,4.750,-3.750,2,4,0.363,0.000,3,3,6,600.000,400.000
9,-7,4.750,-3.250,1,1,4.449,0.589,2,2,4,300.000,200.000
9,-6,4.750,-2.750,1,1,2.851,0.018,2,2,4,500.000,200.000
9,-5,4.750,-2.250,5,2,3.916,-0.105,6,2,8,500.000,400.000
9,-4,4.750,-1.750,3,1,6.928,0.009,4,3,7,600.000,600.000
9,-3,4.750,-1.250,1,1,1.030,-0.009,2,3,5,1400.000,500.000
9,-2,4.750,-0.750,2,1,4.891,-1.480,3,3,6,1300.000,600.000
9,-1,4.750,-0.250,1,0,3.214,-0.123,1,2,3,700.000,0.000
9,0,4.750,0.250,2,0,4.072,0.944,2,2,4,200.000,0.000
9,1,4.750,0.750,1,0,8.891,-0.509,1,2,3,200.000,100.000
9,2,4.750,1.250,1,3,0.271,0.026,4,2,5,600.000,100.000
9,3,4.750,1.750,0,0,0.000,0.000,0,2,2,200.000,200.000
9,4,4.750,2.250,5,3,3.571,0.132,6,2,8,600.000,200.000
9,5,4.750,2.750,2,0,8.335,-0.870,2,3,5,1700.000,200.000
9,6,4.750,3.250,2,0,7.515,-0.198,2,2,4,600.000,300.000
9,7,4.750,3.750,0,2,0.000,0.000,1,0,1,0.000,0.000
9,8,4.750,4.250,2,2,3.802,0.312,2,2,4,700.000,0.000
9,9,4.750,4.750,0,1,0.000,0.000,1,2,3,1500.000,0.000
9,10,4.750,5.250,0,1,0.000,0.000,1,2,3,900.000,0.000
9,11,4.750,5.750,2,0,2.200,1.098,2,1,3,100.000,0.000
9,12,4.750,6.250,0,0,0.000,0.000,0,3,3,500.000,500.000
9,13,4.750,6.750,1,2,6.953,1.537,3,2,5,500.000,0.000
9,14,4.750,7.250,0,1,0.000,0.000,1,1,2,100.000,0.000
9,15,4.750,7.750,1,2,12.333,1.238,3,0,3,0.000,0.000
9,18,4.750,9.250,3,1,2.285,-0.808,4,3,7,800.000,800.000
9,19,4.750,9.750,1,2,1.726,0.000,3,3,5,700.000,500.000
9,20,4.750,10.250,0,0,0.000,0.000,0,3,3,3300.000,900.000
9,21,4.750,10.750,2,0,2.365,0.373,2,3,5,7100.000,2300.000
9,22,4.750,11.250,4,5,5.476,0.000,7,3,9,5900.000,1200.000
9,23,4.750,11.750,1,0,14.955,-0.202,1,3,3,4700.000,200.000
9,24,4.750,12.250,1,1,6.556,-0.044,2,1,3,500.000,0.000
10,-26,5.250,-12.750,0,1,0.000,0.000,1,3,4,2200.000,800.000
10,-25,5.250,-12.250,2,1,2.536,0.338,3,3,6,2200.000,3200.000
10,-24,5.250,-11.750,1,0,6.427,-1.590,1,3,3,4600.000,2100.000
10,-23,5.250,-11.250,4,2,3.553,0.413,3,3,6,4200.000,1900.000
10,-22,5.250,-10.750,3,2,0.555,0.202,3,3,5,1500.000,1200.000
10,-21,5.250,-10.250,1,2,4.104,1.441,3,3,5,800.000,2000.000
10,-20,5.250,-9.750,0,0,0.000,0.000,0,3,3,500.000,300.000
10,-19,5.250,-9.250,1,0,3.963,1.274,1,3,4,1200.000,500.000
10,-18,5.250,-8.750,3,1,2.682,-0.343,4,2,6,500.000,900.000
10,-17,5.250,-8.250,2,1,5.410,-0.329,3,3,5,800.000,1200.000
10,-16,5.250,-7.750,0,4,0.000,0.000,4,3,7,2300.000,1200.000
10,-15,5.250,-7.250,0,1,0.000,0.000,1,3,4,1800.000,0.000
10,-14,5.250,-6.750,2,1,5.667,-0.641,3,3,6,900.000,100.000
10,-13,5.250,-6.250,0,1,0.000,0.000,1,3,4,900.000,300.000
10,-12,5.250,-5.750,2,3,2.923,-0.351,5,3,8,1600.000,1100.000
10,-11,5.250,-5.250,2,4,4.928,-0.725,5,3,8,1700.000,300.000
10,-10,5.250,-4.750,5,2,0.672,-0.009,5,3,8,1400.000,0.000
10,-9,5.250,-4.250,2,0,3.945,-0.004,2,3,5,1200.000,100.000
10,-8,5.250,-3.750,1,1,3.961,0.061,2,3,5,900.000,100.000
10,-7,5.250,-3.250,3,0,6.129,0.018,3,2,4,1000.000,300.000
10,-6,5.250,-2.750,1,2,0.201,0.018,2,2,4,700.000,0.000
10,-5,5.250,-2.250,2,2,4.555,-0.110,3,3,6,600.000,0.000
10,-4,5.250,-1.750,1,2,4.028,-0.009,3,3,6,1300.000,200.000
10,-3,5.250,-1.250,2,1,2.107,-1.296,3,3,6,1900.000,500.000
10,-2,5.250,-0.750,0,0,0.000,0.000,0,3,3,800.000,400.000
10,-1,5.250,-0.250,3,3,6.467,0.668,5,3,8,1200.000,100.000
10,0,5.250,0.250,1,0,12.321,0.439,1,2,3,700.000,0.000
10,1,5.250,0.750,1,1,1.962,0.940,2,2,4,1100.000,300.000
10,2,5.250,1.250,1,2,3.182,-0.088,3,2,5,700.000,500.000
10,3,5.250,1.750,0,1,0.000,0.000,1,1,2,500.000,0.000
10,4,5.250,2.250,1,1,3.017,0.466,2,2,4,800.000,0.000
10,5,5.250,2.750,0,1,0.000,0.000,1,3,4,2200.000,100.000
10,6,5.250,3.250,0,1,0.000,0.000,1,2,3,100.000,400.000
10,7,5.250,3.750,0,2,0.000,0.000,2,1,3,0.000,200.000
10,8,5.250,4.250,2,0,6.029,1.318,2,2,4,1900.000,0.000
10,9,5.250,4.750,0,1,0.000,0.000,1,2,3,800.000,0.000
10,10,5.250,5.250,0,1,0.000,0.000,1,2,2,700.000,0.000
10,11,5.250,5.750,0,4,0.000,0.000,4,3,6,1000.000,1600.000
10,12,5.250,6.250,0,0,0.000,0.000,0,2,2,100.000,1800.000
10,13,5.250,6.750,0,1,0.000,0.000,1,1,2,5100.000,0.000
10,14,5.250,7.250,1,0,0.440,-0.061,1,1,2,200.000,0.000
10,15,5.250,7.750,0,1,0.000,0.000,1,0,1,0.000,0.000
10,18,5.250,9.250,0,1,0.000,0.000,1,1,1,1600.000,100.000
10,19,5.250,9.750,4,4,4.619,0.000,5,2,7,1300.000,600.000
10,20,5.250,10.250,2,5,6.335,-0.004,6,3,9,4600.000,2300.000
10,21,5.250,10.750,1,1,0.855,0.000,2,3,4,4700.000,1700.000
10,22,5.250,11.250,2,0,8.093,0.000,2,3,5,2500.000,500.000
10,23,5.250,11.750,0,2,0.000,0.000,2,3,5,1100.000,700.000
10,24,5.250,12.250,1,0,4.144,-0.852,1,3,4,900.000,0.000
11,-26,5.750,-12.750,2,2,2.321,0.461,3,3,6,2200.000,2200.000
11,-25,5.750,-12.250,2,0,5.680,-0.338,2,3,5,2100.000,3400.000
11,-24,5.750,-11.750,3,3,0.334,-0.009,5,3,8,2600.000,1300.000
11,-23,5.750,-11.250,0,4,0.000,0.000,4,3,7,2300.000,1800.000
11,-22,5.750,-10.750,1,2,7.749,0.413,2,3,5,2700.000,600.000
11,-21,5.750,-10.250,1,4,0.565,0.395,4,3,5,5400.000,1400.000
11,-20,5.750,-9.750,1,0,9.012,3.215,1,3,4,2600.000,900.000
11,-19,5.750,-9.250,2,0,9.197,0.619,2,3,5,2200.000,3200.000
11,-18,5.750,-8.750,3,1,6.234,-1.423,3,3,6,2100.000,2500.000
11,-17,5.750,-8.250,0,2,0.000,0.000,2,3,5,2900.000,1200.000
11,-16,5.750,-7.750,1,3,2.489,-0.870,4,3,7,1800.000,800.000
11,-15,5.750,-7.250,5,2,3.501,-0.018,6,3,8,1000.000,200.000
11,-14,5.750,-6.750,1,1,3.170,-2.213,2,1,3,500.000,300.000
11,-13,5.750,-6.250,1,2,5.712,0.009,3,2,5,900.000,200.000
11,-12,5.750,-5.750,2,0,7.432,-1.625,2,3,5,900.000,800.000
11,-11,5.750,-5.250,0,2,0.000,0.000,2,3,5,1400.000,100.000
11,-10,5.750,-4.750,1,2,3.522,0.237,3,1,4,200.000,0.000
11,-9,5.750,-4.250,0,0,0.000,0.000,0,2,2,300.000,0.000
11,-8,5.750,-3.750,0,0,0.000,0.000,0,2,2,300.000,200.000
11,-7,5.750,-3.250,1,2,0.201,-0.018,2,3,5,400.000,400.000
11,-6,5.750,-2.750,0,0,0.000,0.000,0,3,3,300.000,100.000
11,-5,5.750,-2.250,1,1,2.582,-0.562,2,2,4,200.000,0.000
11,-4,5.750,-1.750,1,0,5.415,-1.511,1,0,1,0.000,0.000
11,-3,5.750,-1.250,2,1,3.560,-1.142,3,2,4,500.000,200.000
11,-2,5.750,-0.750,3,2,3.020,0.044,3,3,6,1900.000,700.000
11,-1,5.750,-0.250,0,2,0.000,0.000,2,3,5,2700.000,400.000
11,0,5.750,0.250,3,1,4.339,0.711,4,3,7,1400.000,300.000
11,1,5.750,0.750,2,1,4.610,1.379,2,3,5,900.000,200.000
11,2,5.750,1.250,1,0,10.451,1.476,1,3,4,2900.000,300.000
11,3,5.750,1.750,0,0,0.000,0.000,0,1,1,100.000,0.000
11,4,5.750,2.250,1,2,3.128,2.635,3,3,6,800.000,0.000
11,5,5.750,2.750,1,2,0.382,0.228,3,3,6,2500.000,300.000
11,6,5.750,3.250,1,1,17.694,-0.053,2,3,5,1500.000,0.000
11,7,5.750,3.750,0,2,0.000,0.000,2,3,5,1000.000,100.000
11,8,5.750,4.250,3,2,7.761,0.044,4,2,5,4600.000,1000.000
11,9,5.750,4.750,1,0,6.189,0.044,1,2,3,500.000,1100.000
11,10,5.750,5.250,2,1,6.526,0.132,3,2,5,200.000,1000.000
11,11,5.750,5.750,0,2,0.000,0.000,2,3,5,700.000,1100.000
11,12,5.750,6.250,0,1,0.000,0.000,1,3,4,1400.000,600.000
11,13,5.750,6.750,0,1,0.000,0.000,1,3,4,1000.000,1200.000
11,14,5.750,7.250,3,0,20.368,0.316,3,3,5,1100.000,4100.000
11,15,5.750,7.750,0,1,0.000,0.000,1,2,3,900.000,0.000
11,18,5.750,9.250,1,3,2.145,0.887,4,2,6,1100.000,100.000
11,19,5.750,9.750,0,2,0.000,0.000,2,3,5,3900.000,2000.000
11,20,5.750,10.250,2,2,3.745,-0.070,3,3,6,5800.000,1600.000
11,21,5.750,10.750,4,5,0.807,0.061,8,3,11,3200.000,2000.000
11,22,5.750,11.250,2,2,3.514,0.000,3,3,5,1500.000,500.000
11,23,5.750,11.750,2,0,9.198,-0.211,2,2,4,100.000,500.000
11,24,5.750,12.250,0,0,0.000,0.000,0,2,2,600.000,0.000
12,-26,6.250,-12.750,0,0,0.000,0.000,0,3,3,2800.000,1100.000
12,-25,6.250,-12.250,1,1,7.027,0.711,2,3,5,1900.000,2900.000
12,-24,6.250,-11.750,4,2,1.021,0.202,4,3,7,2300.000,1200.000
12,-23,6.250,-11.250,1,1,5.623,3.083,1,3,4,2700.000,1300.000
12,-22,6.250,-10.750,1,0,2.838,-1.432,1,3,4,2300.000,500.000
12,-21,6.250,-10.250,2,2,2.537,2.055,3,3,6,1500.000,1700.000
12,-20,6.250,-9.750,1,0,2.828,0.755,1,3,4,1100.000,600.000
12,-19,6.250,-9.250,2,1,1.265,-0.606,2,3,5,1200.000,1500.000
12,-18,6.250,-8.750,2,4,2.081,-0.856,4,3,6,1100.000,1900.000
12,-17,6.250,-8.250,2,0,11.656,-1.625,2,2,4,1700.000,300.000
12,-16,6.250,-7.750,1,0,4.607,0.562,1,2,3,1000.000,200.000
12,-13,6.250,-6.250,0,1,0.000,0.000,1,3,4,2300.000,500.000
12,-12,6.250,-5.750,0,0,0.000,0.000,0,3,3,1100.000,700.000
12,-11,6.250,-5.250,0,1,0.000,0.000,1,2,3,700.000,200.000
12,-10,6.250,-4.750,0,0,0.000,0.000,0,1,1,0.000,100.000
12,-9,6.250,-4.250,0,0,0.000,0.000,0,1,1,700.000,0.000
12,-8,6.250,-3.750,0,0,0.000,0.000,0,1,1,100.000,0.000
12,-7,6.250,-3.250,1,0,3.371,0.079,1,2,3,600.000,0.000
12,-6,6.250,-2.750,0,1,0.000,0.000,1,1,2,0.000,600.000
12,-5,6.250,-2.250,0,1,0.000,0.000,1,0,1,0.000,0.000
12,-3,6.250,-1.250,1,1,6.490,3.145,2,2,4,800.000,200.000
12,-2,6.250,-0.750,6,0,4.909,2.429,5,3,8,2900.000,900.000
12,-1,6.250,-0.250,2,1,6.752,-0.264,3,3,5,1800.000,1000.000
12,0,6.250,0.250,2,1,3.367,-0.479,3,3,6,2800.000,700.000
12,1,6.250,0.750,2,2,5.749,1.322,3,2,5,400.000,700.000
12,2,6.250,1.250,1,2,9.053,1.230,3,2,5,1100.000,700.000
12,4,6.250,2.250,3,0,14.557,2.591,3,2,5,2100.000,0.000
12,5,6.250,2.750,2,2,10.345,2.020,4,3,7,1400.000,300.000
12,6,6.250,3.250,1,2,18.000,0.597,3,3,5,4100.000,300.000
12,7,6.250,3.750,2,2,12.321,-0.044,4,3,7,3000.000,0.000
12,8,6.250,4.250,2,2,10.872,0.097,4,3,7,2000.000,1200.000
12,9,6.250,4.750,3,2,13.190,0.000,5,3,8,1600.000,1200.000
12,10,6.250,5.250,5,3,6.720,2.380,7,3,9,1900.000,800.000
12,11,6.250,5.750,3,2,8.664,0.000,5,3,8,2100.000,1700.000
12,12,6.250,6.250,8,2,7.833,0.000,9,3,11,2100.000,3200.000
12,13,6.250,6.750,2,4,11.766,-0.202,6,3,9,3400.000,1400.000
12,14,6.250,7.250,2,3,15.923,-0.083,5,3,8,3000.000,3600.000
12,15,6.250,7.750,1,4,0.814,-0.167,4,3,6,3700.000,1900.000
12,16,6.250,8.250,1,2,17.502,-0.404,2,3,5,1600.000,1200.000
12,17,6.250,8.750,4,2,3.946,-0.347,4,3,7,4400.000,1600.000
12,18,6.250,9.250,4,4,0.665,0.000,6,3,9,9700.000,4300.000
12,19,6.250,9.750,2,3,3.536,0.105,5,3,8,6200.000,2300.000
12,20,6.250,10.250,2,7,2.976,0.404,8,3,11,5300.000,1700.000
12,21,6.250,10.750,3,4,2.179,0.000,6,3,9,2300.000,1000.000
12,22,6.250,11.250,2,2,9.762,-0.457,2,3,5,1000.000,100.000
12,23,6.250,11.750,1,0,2.242,-0.351,1,2,3,500.000,0.000
12,24,6.250,12.250,0,2,0.000,0.000,2,2,4,300.000,0.000
13,-26,6.750,-12.750,0,2,0.000,0.000,2,3,5,4100.000,800.000
13,-25,6.750,-12.250,2,3,3.247,0.334,5,3,7,2200.000,2300.000
13,-24,6.750,-11.750,0,2,0.000,0.000,2,3,5,3000.000,2800.000
13,-23,6.750,-11.250,2,1,4.597,-2.719,2,3,5,3100.000,2000.000
13,-22,6.750,-10.750,0,0,0.000,0.000,0,3,3,1300.000,1700.000
13,-21,6.750,-10.250,1,0,3.807,1.449,1,3,4,1000.000,900.000
13,-20,6.750,-9.750,1,1,0.586,-0.070,1,3,4,700.000,1700.000
13,-19,6.750,-9.250,1,0,5.066,1.177,1,3,4,700.000,800.000
13,-18,6.750,-8.750,1,2,0.259,0.246,2,3,4,2000.000,2000.000
13,-17,6.750,-8.250,0,1,0.000,0.000,1,3,4,1300.000,700.000
13,-16,6.750,-7.750,0,0,0.000,0.000,0,3,3,800.000,500.000
13,-15,6.750,-7.250,1,0,7.141,-0.826,1,3,4,400.000,400.000
13,-14,6.750,-6.750,0,1,0.000,0.000,1,3,4,1400.000,200.000
13,-13,6.750,-6.250,1,1,9.380,-0.685,2,3,5,1600.000,300.000
13,-12,6.750,-5.750,0,0,0.000,0.000,0,3,3,2400.000,400.000
13,-11,6.750,-5.250,1,1,1.438,0.097,2,2,4,1200.000,200.000
13,-10,6.750,-4.750,3,0,2.328,0.079,3,3,6,400.000,200.000
13,-9,6.750,-4.250,2,4,6.211,0.026,5,3,7,3700.000,5300.000
13,-8,6.750,-3.750,1,1,6.453,0.404,2,3,5,3700.000,2700.000
13,-7,6.750,-3.250,1,1,1.616,-0.070,2,3,5,2000.000,3100.000
13,-6,6.750,-2.750,2,0,14.174,-0.088,2,3,5,2200.000,2000.000
13,-5,6.750,-2.250,0,1,0.000,0.000,1,3,4,1500.000,1600.000
13,-4,6.750,-1.750,5,2,8.106,0.518,7,3,9,11900.000,1400.000
13,-3,6.750,-1.250,4,1,6.172,1.467,5,3,7,5300.000,3400.000
13,-2,6.750,-0.750,2,0,6.042,1.550,2,3,5,3100.000,2500.000
13,-1,6.750,-0.250,3,4,9.810,3.092,5,3,8,3500.000,2200.000
13,0,6.750,0.250,0,4,0.000,0.000,3,3,5,1300.000,2100.000
13,1,6.750,0.750,4,7,11.549,0.386,8,3,11,1900.000,2500.000
13,2,6.750,1.250,4,3,7.581,0.461,6,3,9,4700.000,2700.000
13,3,6.750,1.750,0,1,0.000,0.000,1,3,4,2100.000,700.000
13,4,6.750,2.250,2,2,12.864,1.805,3,3,6,2200.000,600.000
13,5,6.750,2.750,5,2,4.875,0.641,7,3,9,3500.000,100.000
13,6,6.750,3.250,2,2,2.508,0.000,3,3,6,3200.000,2400.000
13,7,6.750,3.750,3,2,15.246,-0.018,5,3,8,4400.000,4200.000
13,8,6.750,4.250,2,6,12.186,-0.206,8,3,10,5000.000,5000.000
13,9,6.750,4.750,3,1,8.513,0.747,4,3,7,3500.000,1800.000
13,10,6.750,5.250,4,5,4.508,0.070,8,3,10,4000.000,1700.000
13,11,6.750,5.750,3,1,4.611,-0.404,4,3,7,4000.000,1200.000
13,12,6.750,6.250,2,6,8.814,0.874,5,3,8,3300.000,1800.000
13,13,6.750,6.750,1,4,2.685,0.000,5,3,7,4700.000,4600.000
13,14,6.750,7.250,2,5,9.513,-0.189,7,3,9,6400.000,4100.000
13,15,6.750,7.750,4,5,5.532,-0.083,7,3,9,6400.000,4300.000
13,16,6.750,8.250,2,9,1.114,0.000,9,3,11,7400.000,4900.000
13,17,6.750,8.750,4,7,3.018,-0.004,10,3,13,6900.000,4100.000
13,18,6.750,9.250,1,4,0.649,0.000,5,3,8,5100.000,1400.000
13,19,6.750,9.750,5,5,3.950,-0.009,8,3,11,3700.000,700.000
13,20,6.750,10.250,2,2,6.957,-0.202,3,3,6,2300.000,800.000
13,21,6.750,10.750,4,2,3.513,0.000,4,3,7,1300.000,300.000
13,22,6.750,11.250,0,0,0.000,0.000,0,2,2,1000.000,0.000
13,23,6.750,11.750,1,0,3.017,0.009,1,1,2,200.000,0.000
13,24,6.750,12.250,0,1,0.000,0.000,1,0,1,0.000,0.000
14,-26,7.250,-12.750,2,2,6.110,-0.259,4,3,6,4000.000,2600.000
14,-25,7.250,-12.250,3,2,5.498,0.141,5,3,7,3400.000,1900.000
14,-24,7.250,-11.750,1,3,2.248,-0.360,4,3,6,2400.000,2300.000
14,-23,7.250,-11.250,0,0,0.000,0.000,0,3,3,800.000,1700.000
14,-22,7.250,-10.750,2,1,5.283,0.114,3,3,6,1400.000,1600.000
14,-21,7.250,-10.250,1,1,0.432,0.009,2,3,5,1400.000,2100.000
14,-20,7.250,-9.750,2,0,5.479,-1.282,2,3,5,1500.000,2800.000
14,-19,7.250,-9.250,0,0,0.000,0.000,0,3,3,1900.000,2400.000
14,-18,7.250,-8.750,0,0,0.000,0.000,0,3,3,2100.000,800.000
14,-17,7.250,-8.250,1,2,0.401,-0.237,2,3,5,1800.000,600.000
14,-16,7.250,-7.750,1,1,0.410,0.184,1,3,4,1700.000,900.000
14,-15,7.250,-7.250,0,1,0.000,0.000,1,3,4,2200.000,2500.000
14,-14,7.250,-6.750,1,0,19.626,-2.758,1,3,3,3100.000,3000.000
14,-13,7.250,-6.250,0,0,0.000,0.000,0,3,3,3100.000,700.000
14,-12,7.250,-5.750,1,1,6.174,-0.246,2,3,5,1600.000,1200.000
14,-11,7.250,-5.250,0,0,0.000,0.000,0,3,3,900.000,1700.000
14,-10,7.250,-4.750,1,0,2.989,-0.457,1,3,4,800.000,2200.000
14,-9,7.250,-4.250,5,3,11.025,0.000,5,3,8,1300.000,9300.000
14,-8,7.250,-3.750,4,6,4.556,0.018,10,3,13,4100.000,5000.000
14,-7,7.250,-3.250,5,3,10.846,0.404,7,3,10,5500.000,7000.000
14,-6,7.250,-2.750,9,5,1.546,0.000,12,3,15,6300.000,7400.000
14,-5,7.250,-2.250,9,1,5.088,0.000,9,3,11,8500.000,13500.000
14,-4,7.250,-1.750,14,10,14.886,0.479,17,3,19,18900.000,19300.000
14,-3,7.250,-1.250,7,5,14.253,0.852,11,3,13,15300.000,15300.000
14,-2,7.250,-0.750,4,4,15.031,1.678,8,3,10,8200.000,10300.000
14,-1,7.250,-0.250,5,6,4.499,-0.105,10,3,13,5400.000,6600.000
14,0,7.250,0.250,0,5,0.000,0.000,5,3,8,3100.000,10100.000
14,1,7.250,0.750,2,0,7.545,0.031,2,3,4,3200.000,4200.000
14,2,7.250,1.250,2,3,2.595,0.026,5,3,8,6500.000,2600.000
14,3,7.250,1.750,2,5,2.247,-0.176,6,3,9,3600.000,1600.000
14,4,7.250,2.250,4,2,6.124,-0.162,5,3,8,2500.000,2100.000
14,5,7.250,2.750,2,3,10.082,1.146,5,3,8,3500.000,2200.000
14,6,7.250,3.250,2,3,4.083,0.426,5,3,7,3600.000,2100.000
14,7,7.250,3.750,2,4,3.789,0.356,6,3,7,4000.000,1500.000
14,8,7.250,4.250,2,3,3.353,0.167,5,3,8,4400.000,3900.000
14,9,7.250,4.750,4,3,2.507,0.000,7,3,10,4200.000,1900.000
14,10,7.250,5.250,5,1,3.519,0.000,6,3,9,4200.000,3300.000
14,11,7.250,5.750,2,2,8.529,-0.184,3,3,6,2800.000,1500.000
14,12,7.250,6.250,2,2,3.563,0.733,4,3,6,2700.000,1300.000
14,13,7.250,6.750,3,2,3.346,-0.026,4,3,7,1900.000,2200.000
14,14,7.250,7.250,0,3,0.000,0.000,2,2,3,400.000,600.000
14,15,7.250,7.750,0,1,0.000,0.000,1,1,2,300.000,200.000
14,16,7.250,8.250,0,0,0.000,0.000,0,1,1,400.000,0.000
14,17,7.250,8.750,1,2,2.483,0.000,3,2,5,1200.000,200.000
14,18,7.250,9.250,1,2,6.067,1.195,2,3,5,1200.000,600.000
14,19,7.250,9.750,0,0,0.000,0.000,0,3,3,2000.000,300.000
14,20,7.250,10.250,1,2,1.173,0.000,3,3,6,600.000,200.000
14,21,7.250,10.750,0,1,0.000,0.000,1,2,3,800.000,300.000
14,22,7.250,11.250,1,0,13.807,0.000,1,2,3,800.000,0.000
14,23,7.250,11.750,0,0,0.000,0.000,0,1,1,200.000,0.000
14,24,7.250,12.250,0,0,0.000,0.000,0,1,1,300.000,0.000
15,-26,7.750,-12.750,0,5,0.000,0.000,5,3,8,2600.000,1100.000
15,-25,7.750,-12.250,3,2,3.851,-0.009,4,3,6,4600.000,4000.000
15,-24,7.750,-11.750,1,0,2.596,-0.413,1,3,4,2700.000,2400.000
15,-23,7.750,-11.250,1,2,1.419,0.720,3,3,5,900.000,1400.000
15,-22,7.750,-10.750,1,0,4.471,0.984,1,3,3,1900.000,1500.000
15,-21,7.750,-10.250,0,1,0.000,0.000,1,3,4,1400.000,1100.000
15,-20,7.750,-9.750,0,1,0.000,0.000,1,3,4,2000.000,1500.000
15,-19,7.750,-9.250,1,1,4.216,1.414,2,3,4,1800.000,1000.000
15,-18,7.750,-8.750,0,0,0.000,0.000,0,3,3,600.000,1000.000
15,-17,7.750,-8.250,0,0,0.000,0.000,0,3,3,1100.000,1200.000
15,-16,7.750,-7.750,0,0,0.000,0.000,0,3,3,1500.000,1100.000
15,-15,7.750,-7.250,0,1,0.000,0.000,1,3,4,1400.000,800.000
15,-14,7.750,-6.750,0,1,0.000,0.000,1,3,4,1600.000,600.000
15,-13,7.750,-6.250,0,1,0.000,0.000,1,3,4,3600.000,1200.000
15,-12,7.750,-5.750,1,0,8.181,-2.143,1,3,4,1900.000,3400.000
15,-11,7.750,-5.250,2,1,12.681,0.404,2,3,5,1300.000,2400.000
15,-10,7.750,-4.750,2,0,5.098,0.097,2,3,5,2100.000,3200.000
15,-9,7.750,-4.250,5,2,10.446,0.404,6,3,9,3000.000,6000.000
15,-8,7.750,-3.750,1,3,9.815,-0.466,4,3,6,3400.000,6000.000
15,-7,7.750,-3.250,3,3,3.932,0.167,5,3,7,5500.000,7300.000
15,-6,7.750,-2.750,4,6,4.586,0.228,9,3,11,4100.000,13200.000
15,-5,7.750,-2.250,4,0,6.059,0.237,4,3,7,4500.000,17300.000
15,-4,7.750,-1.750,6,5,15.285,0.567,9,3,12,7800.000,34200.000
15,-3,7.750,-1.250,6,4,18.766,0.386,9,3,11,4100.000,6900.000
15,-2,7.750,-0.750,2,2,11.308,1.142,4,3,7,1800.000,2700.000
15,-1,7.750,-0.250,4,2,0.412,0.000,5,3,8,3000.000,3300.000
15,0,7.750,0.250,0,1,0.000,0.000,1,3,4,1300.000,1300.000
15,1,7.750,0.750,3,2,17.344,0.378,5,3,8,1600.000,800.000
15,2,7.750,1.250,0,3,0.000,0.000,3,3,6,8100.000,300.000
15,3,7.750,1.750,3,0,4.103,0.105,3,2,5,800.000,400.000
15,4,7.750,2.250,0,1,0.000,0.000,1,2,3,1000.000,100.000
15,5,7.750,2.750,1,0,14.489,0.597,1,3,4,2300.000,300.000
15,6,7.750,3.250,3,2,14.487,0.307,5,3,7,3800.000,1200.000
15,7,7.750,3.750,8,8,7.387,-0.083,13,3,15,4000.000,2500.000
15,8,7.750,4.250,4,7,2.424,0.031,10,3,13,5900.000,2100.000
15,9,7.750,4.750,2,5,10.472,0.373,6,3,9,4300.000,1600.000
15,10,7.750,5.250,1,0,0.586,0.053,1,2,3,1200.000,200.000
15,11,7.750,5.750,1,0,5.013,0.000,1,2,3,600.000,100.000
15,12,7.750,6.250,0,0,0.000,0.000,0,1,1,200.000,0.000
15,13,7.750,6.750,0,1,0.000,0.000,1,0,1,0.000,0.000
15,15,7.750,7.750,0,0,0.000,0.000,0,1,1,0.000,500.000
16,-26,8.250,-12.750,1,2,4.374,-0.966,3,3,6,2300.000,300.000
16,-25,8.250,-12.250,2,1,2.791,0.668,3,3,6,6200.000,2400.000
16,-24,8.250,-11.750,4,3,4.478,0.553,7,3,10,3100.000,3500.000
16,-23,8.250,-11.250,0,1,0.000,0.000,1,3,4,900.000,1200.000
16,-22,8.250,-10.750,1,2,3.048,0.808,2,3,5,1400.000,2100.000
16,-21,8.250,-10.250,3,0,3.642,0.755,3,3,5,1900.000,4200.000
16,-20,8.250,-9.750,1,0,3.677,-1.757,1,3,4,2200.000,1200.000
16,-19,8.250,-9.250,0,2,0.000,0.000,2,2,4,500.000,800.000
16,-18,8.250,-8.750,1,0,0.244,-0.149,1,2,3,200.000,300.000
16,-17,8.250,-8.250,0,1,0.000,0.000,1,1,2,800.000,0.000
16,-16,8.250,-7.750,1,0,0.251,0.035,1,1,2,0.000,400.000
16,-15,8.250,-7.250,1,0,3.815,0.913,1,0,1,0.000,0.000
16,-14,8.250,-6.750,0,0,0.000,0.000,0,1,1,0.000,500.000
16,-13,8.250,-6.250,1,0,7.783,0.343,1,3,4,0.000,1100.000
16,-12,8.250,-5.750,1,1,3.111,0.000,2,3,5,1000.000,1000.000
16,-11,8.250,-5.250,1,4,7.477,0.105,5,3,7,800.000,1200.000
16,-10,8.250,-4.750,0,3,0.000,0.000,3,3,6,1600.000,2900.000
16,-9,8.250,-4.250,4,1,1.826,-0.026,4,3,7,2800.000,4700.000
16,-8,8.250,-3.750,3,4,4.364,0.000,7,3,10,3200.000,6600.000
16,-7,8.250,-3.250,2,5,2.409,-0.369,7,3,10,5300.000,6000.000
16,-6,8.250,-2.750,5,3,16.152,0.404,6,3,8,800.000,4100.000
16,-5,8.250,-2.250,0,1,0.000,0.000,1,0,1,0.000,0.000
16,-3,8.250,-1.250,0,0,0.000,0.000,0,1,1,300.000,1100.000
16,-2,8.250,-0.750,1,1,0.389,0.000,1,2,3,5200.000,1100.000
16,-1,8.250,-0.250,2,5,3.383,0.408,6,3,9,5300.000,2600.000
16,0,8.250,0.250,1,7,10.108,-0.668,7,3,10,4100.000,1800.000
16,1,8.250,0.750,0,1,0.000,0.000,1,3,4,1800.000,200.000
16,2,8.250,1.250,1,0,10.312,-0.659,1,3,4,1900.000,1700.000
16,6,8.250,3.250,1,0,7.224,-0.009,1,2,3,1400.000,2900.000
16,7,8.250,3.750,5,4,3.519,0.000,8,3,11,7300.000,5000.000
16,8,8.250,4.250,7,6,1.674,0.000,10,3,13,7500.000,6500.000
16,9,8.250,4.750,2,0,9.175,-0.202,2,3,5,1200.000,2600.000
17,-26,8.750,-12.750,1,0,7.129,0.422,1,3,4,2200.000,400.000
17,-25,8.750,-12.250,1,0,0.286,-0.088,1,3,4,6900.000,2300.000
17,-24,8.750,-11.750,1,1,0.430,0.299,1,3,4,1900.000,2300.000
17,-23,8.750,-11.250,3,2,4.658,-0.070,5,3,7,1600.000,2300.000
17,-22,8.750,-10.750,0,1,0.000,0.000,1,3,4,2100.000,2600.000
17,-21,8.750,-10.250,0,3,0.000,0.000,3,3,6,2400.000,1600.000
17,-20,8.750,-9.750,0,0,0.000,0.000,0,2,2,600.000,300.000
17,-14,8.750,-6.750,0,0,0.000,0.000,0,1,1,0.000,300.000
17,-13,8.750,-6.250,0,0,0.000,0.000,0,2,2,0.000,600.000
17,-12,8.750,-5.750,0,0,0.000,0.000,0,3,3,400.000,1200.000
17,-11,8.750,-5.250,0,1,0.000,0.000,1,3,4,1400.000,2400.000
17,-10,8.750,-4.750,3,1,11.644,0.386,3,3,5,1700.000,4800.000
17,-9,8.750,-4.250,2,1,7.766,0.523,3,3,6,2100.000,5400.000
17,-8,8.750,-3.750,2,1,1.456,0.000,2,3,5,2000.000,4700.000
17,-7,8.750,-3.250,2,2,3.886,0.246,4,3,6,1200.000,1900.000
17,-6,8.750,-2.750,0,0,0.000,0.000,0,1,1,100.000,0.000
17,-3,8.750,-1.250,0,2,0.000,0.000,2,1,3,0.000,300.000
17,-2,8.750,-0.750,1,0,0.997,-0.501,1,1,2,200.000,200.000
17,-1,8.750,-0.250,0,0,0.000,0.000,0,2,2,400.000,200.000
17,0,8.750,0.250,0,2,0.000,0.000,2,3,5,3100.000,1400.000
17,1,8.750,0.750,1,1,5.180,-0.553,2,3,5,2900.000,4100.000
17,2,8.750,1.250,1,0,5.764,-0.624,1,2,3,700.000,2800.000
17,3,8.750,1.750,0,0,0.000,0.000,0,2,2,0.000,1700.000
17,6,8.750,3.250,3,5,4.994,0.000,8,3,10,3400.000,1100.000
17,7,8.750,3.750,5,2,7.065,0.000,7,3,9,10400.000,8100.000
17,8,8.750,4.250,9,5,5.574,0.000,10,3,12,11200.000,8100.000
17,9,8.750,4.750,2,1,11.591,0.158,3,3,6,4700.000,2800.000
17,11,8.750,5.750,1,0,6.355,0.000,1,1,2,200.000,0.000
17,13,8.750,6.750,0,0,0.000,0.000,0,1,1,400.000,0.000
17,14,8.750,7.250,0,0,0.000,0.000,0,1,1,500.000,0.000
17,17,8.750,8.750,0,0,0.000,0.000,0,1,1,200.000,0.000
18,-26,9.250,-12.750,1,1,3.886,0.360,2,3,5,5300.000,300.000
18,-25,9.250,-12.250,2,2,3.718,-2.451,4,3,7,2800.000,1800.000
18,-24,9.250,-11.750,0,2,0.000,0.000,2,3,5,1100.000,1000.000
18,-23,9.250,-11.250,3,1,3.749,-0.228,3,3,6,3600.000,2200.000
18,-22,9.250,-10.750,3,2,4.153,-0.035,5,3,7,4800.000,3700.000
18,-21,9.250,-10.250,0,1,0.000,0.000,1,3,4,3200.000,1700.000
18,-20,9.250,-9.750,1,0,1.100,0.808,1,3,4,1200.000,700.000
18,-13,9.250,-6.250,0,0,0.000,0.000,0,3,3,900.000,600.000
18,-12,9.250,-5.750,0,1,0.000,0.000,1,3,4,1000.000,2300.000
18,-11,9.250,-5.250,0,2,0.000,0.000,2,3,5,1300.000,2800.000
18,-10,9.250,-4.750,3,0,2.854,0.000,3,3,5,1200.000,3200.000
18,-9,9.250,-4.250,3,2,2.076,0.228,3,3,6,1400.000,4900.000
18,-8,9.250,-3.750,0,0,0.000,0.000,0,3,3,900.000,1000.000
18,-7,9.250,-3.250,0,0,0.000,0.000,0,3,3,300.000,1100.000
18,-6,9.250,-2.750,0,0,0.000,0.000,0,1,1,0.000,600.000
18,-3,9.250,-1.250,2,1,2.214,1.366,3,1,4,0.000,300.000
18,-2,9.250,-0.750,0,4,0.000,0.000,3,1,4,200.000,200.000
18,-1,9.250,-0.250,1,0,0.507,-0.167,1,0,1,0.000,0.000
18,0,9.250,0.250,1,2,4.650,-0.518,2,3,5,2300.000,400.000
18,1,9.250,0.750,0,1,0.000,0.000,1,3,4,2700.000,1600.000
18,2,9.250,1.250,2,1,1.404,0.206,2,3,5,300.000,800.000
18,3,9.250,1.750,1,2,4.821,0.000,3,2,4,0.000,800.000
18,4,9.250,2.250,4,1,1.941,-0.228,5,2,6,0.000,1000.000
18,5,9.250,2.750,1,1,1.091,0.000,2,2,4,200.000,5800.000
18,6,9.250,3.250,1,7,17.793,0.000,7,3,10,7200.000,2900.000
18,7,9.250,3.750,5,3,5.291,0.000,7,3,10,12400.000,4800.000
18,8,9.250,4.250,10,8,2.736,0.224,11,3,14,12800.000,5700.000
18,9,9.250,4.750,5,8,0.302,0.000,7,3,9,12100.000,4100.000
18,10,9.250,5.250,0,1,0.000,0.000,1,3,4,5800.000,1300.000
18,11,9.250,5.750,2,2,2.197,0.329,3,3,6,3800.000,300.000
18,12,9.250,6.250,1,1,18.282,-0.404,2,2,3,2200.000,400.000
18,13,9.250,6.750,0,2,0.000,0.000,2,3,5,800.000,400.000
18,14,9.250,7.250,0,1,0.000,0.000,1,3,4,700.000,200.000
18,15,9.250,7.750,0,0,0.000,0.000,0,2,2,900.000,300.000
18,16,9.250,8.250,1,1,2.946,0.000,2,2,4,500.000,200.000
18,17,9.250,8.750,0,0,0.000,0.000,0,2,2,600.000,0.000
18,18,9.250,9.250,0,0,0.000,0.000,0,1,1,100.000,0.000
19,-26,9.750,-12.750,0,2,0.000,0.000,2,3,4,4000.000,700.000
19,-25,9.750,-12.250,1,0,6.557,-1.414,1,3,4,2200.000,900.000
19,-24,9.750,-11.750,0,0,0.000,0.000,0,3,3,1500.000,3500.000
19,-23,9.750,-11.250,1,0,2.299,2.178,1,3,4,2900.000,1800.000
19,-22,9.750,-10.750,2,1,3.206,0.720,3,3,6,4500.000,2800.000
19,-21,9.750,-10.250,2,0,3.576,3.285,2,3,5,5600.000,3900.000
19,-20,9.750,-9.750,0,0,0.000,0.000,0,3,3,6000.000,500.000
19,-14,9.750,-6.750,0,0,0.000,0.000,0,2,2,0.000,1000.000
19,-13,9.750,-6.250,0,0,0.000,0.000,0,3,3,1700.000,2400.000
19,-12,9.750,-5.750,0,0,0.000,0.000,0,3,3,1800.000,3200.000
19,-11,9.750,-5.250,1,0,3.156,0.000,1,3,4,800.000,3300.000
19,-10,9.750,-4.750,1,3,21.365,0.404,4,3,7,1300.000,2300.000
19,-9,9.750,-4.250,0,2,0.000,0.000,2,3,5,1300.000,1600.000
19,-8,9.750,-3.750,1,1,0.365,-0.264,2,1,3,0.000,300.000
19,-7,9.750,-3.250,1,0,0.214,0.044,1,3,4,300.000,500.000
19,-6,9.750,-2.750,0,1,0.000,0.000,1,2,3,0.000,3400.000
19,-3,9.750,-1.250,0,0,0.000,0.000,0,1,1,0.000,200.000
19,-2,9.750,-0.750,1,1,2.539,-0.281,2,2,4,500.000,300.000
19,-1,9.750,-0.250,0,1,0.000,0.000,1,2,3,500.000,0.000
19,0,9.750,0.250,1,1,5.743,-0.580,2,2,3,1700.000,200.000
19,1,9.750,0.750,0,3,0.000,0.000,3,3,6,1200.000,1000.000
19,2,9.750,1.250,3,0,5.236,0.184,3,3,6,400.000,500.000
19,3,9.750,1.750,0,2,0.000,0.000,2,2,4,0.000,900.000
19,4,9.750,2.250,2,2,8.071,-0.079,4,3,7,600.000,1900.000
19,5,9.750,2.750,0,0,0.000,0.000,0,3,3,2700.000,6700.000
19,6,9.750,3.250,7,3,1.268,0.000,9,3,12,9300.000,4500.000
19,7,9.750,3.750,1,2,3.100,-0.264,2,3,5,11900.000,8600.000
19,8,9.750,4.250,5,9,2.670,0.000,12,3,15,9500.000,10000.000
19,9,9.750,4.750,0,4,0.000,0.000,4,3,7,8700.000,3200.000
19,10,9.750,5.250,4,2,12.281,-0.224,5,3,7,6900.000,1900.000
19,11,9.750,5.750,1,1,5.713,1.809,2,3,5,4200.000,2200.000
19,12,9.750,6.250,2,2,1.464,0.000,3,3,6,3900.000,1700.000
19,13,9.750,6.750,0,0,0.000,0.000,0,3,3,3700.000,1100.000
19,14,9.750,7.250,3,2,6.014,1.915,5,3,8,900.000,700.000
19,15,9.750,7.750,3,1,4.794,1.036,3,2,5,900.000,400.000
19,16,9.750,8.250,0,1,0.000,0.000,1,2,3,1200.000,800.000
19,17,9.750,8.750,0,1,0.000,0.000,1,3,4,1800.000,300.000
20,-27,10.250,-13.250,0,0,0.000,0.000,0,1,1,100.000,0.000
20,-26,10.250,-12.750,1,5,3.048,-0.808,4,3,7,3000.000,700.000
20,-25,10.250,-12.250,3,2,3.871,0.492,5,3,7,1900.000,1500.000
20,-24,10.250,-11.750,0,1,0.000,0.000,1,3,4,1400.000,900.000
20,-23,10.250,-11.250,2,1,3.961,0.466,2,3,5,2900.000,1500.000
20,-22,10.250,-10.750,1,2,1.476,-0.272,3,3,6,2600.000,1200.000
20,-21,10.250,-10.250,1,1,10.214,2.591,2,3,5,7800.000,8200.000
20,-20,10.250,-9.750,0,1,0.000,0.000,1,3,4,5300.000,14800.000
20,-19,10.250,-9.250,0,1,0.000,0.000,1,1,2,0.000,13700.000
20,-18,10.250,-8.750,1,0,4.181,0.000,1,1,2,0.000,200.000
20,-17,10.250,-8.250,3,1,4.297,0.255,3,1,4,200.000,900.000
20,-16,10.250,-7.750,1,1,3.378,0.000,2,3,5,900.000,800.000
20,-15,10.250,-7.250,1,0,0.568,0.000,1,3,4,1200.000,1300.000
20,-14,10.250,-6.750,2,1,7.637,-0.255,3,3,5,1800.000,3000.000
20,-13,10.250,-6.250,1,0,2.239,0.571,1,3,4,1900.000,2900.000
20,-12,10.250,-5.750,2,3,1.614,0.000,4,3,6,1000.000,2200.000
20,-11,10.250,-5.250,1,0,2.581,-0.834,1,3,4,800.000,2600.000
20,-10,10.250,-4.750,0,2,0.000,0.000,2,3,5,1100.000,1100.000
20,-9,10.250,-4.250,2,1,4.653,-0.171,3,3,6,400.000,1200.000
20,-8,10.250,-3.750,0,1,0.000,0.000,1,2,3,0.000,400.000
20,-7,10.250,-3.250,0,2,0.000,0.000,2,2,4,100.000,100.000
20,-6,10.250,-2.750,0,1,0.000,0.000,1,2,3,100.000,200.000
20,-3,10.250,-1.250,0,0,0.000,0.000,0,2,2,300.000,200.000
20,-2,10.250,-0.750,1,0,3.671,1.326,1,2,3,400.000,600.000
20,-1,10.250,-0.250,1,0,5.534,-0.448,1,3,4,1500.000,100.000
20,0,10.250,0.250,1,0,0.577,-0.378,1,3,4,1200.000,300.000
20,1,10.250,0.750,0,1,0.000,0.000,1,3,4,900.000,900.000
20,2,10.250,1.250,1,1,0.336,-0.167,1,3,4,800.000,500.000
20,3,10.250,1.750,0,1,0.000,0.000,1,2,3,300.000,200.000
20,4,10.250,2.250,1,0,5.188,0.000,1,3,4,2000.000,4000.000
20,5,10.250,2.750,2,0,20.225,-0.004,2,3,5,2400.000,7400.000
20,6,10.250,3.250,3,4,3.818,0.018,7,3,10,4500.000,7100.000
20,7,10.250,3.750,6,3,15.658,0.751,9,3,11,9100.000,6400.000
20,8,10.250,4.250,6,7,3.772,0.004,11,3,14,8600.000,7900.000
20,9,10.250,4.750,3,0,16.182,0.018,2,3,5,4200.000,3400.000
20,10,10.250,5.250,5,4,5.186,-0.009,9,3,12,5600.000,1300.000
20,11,10.250,5.750,0,1,0.000,0.000,1,3,4,1200.000,800.000
20,12,10.250,6.250,1,1,2.761,2.011,2,2,4,700.000,300.000
20,13,10.250,6.750,2,0,3.399,-0.523,2,2,4,1500.000,400.000
20,14,10.250,7.250,0,0,0.000,0.000,0,2,2,200.000,500.000
20,15,10.250,7.750,0,1,0.000,0.000,1,1,2,0.000,600.000
20,16,10.250,8.250,0,1,0.000,0.000,1,1,2,0.000,900.000
20,17,10.250,8.750,0,0,0.000,0.000,0,2,2,600.000,200.000
20,18,10.250,9.250,0,0,0.000,0.000,0,1,1,0.000,300.000
21,-26,10.750,-12.750,2,3,0.230,-0.070,4,3,7,1000.000,800.000
21,-25,10.750,-12.250,3,2,2.899,-0.799,4,3,7,1200.000,1500.000
21,-24,10.750,-11.750,0,0,0.000,0.000,0,3,3,1200.000,400.000
21,-23,10.750,-11.250,0,1,0.000,0.000,1,3,4,1700.000,1900.000
21,-22,10.750,-10.750,1,1,3.076,-1.959,2,3,5,2100.000,3700.000
21,-21,10.750,-10.250,3,0,4.800,0.343,3,3,6,5800.000,3600.000
21,-20,10.750,-9.750,5,0,6.308,1.001,4,3,6,5100.000,7600.000
21,-19,10.750,-9.250,1,2,8.319,0.299,3,3,5,3400.000,3900.000
21,-18,10.750,-8.750,1,0,1.251,0.000,1,3,4,2900.000,2900.000
21,-17,10.750,-8.250,1,0,3.975,-0.044,1,3,4,3000.000,2200.000
21,-16,10.750,-7.750,0,0,0.000,0.000,0,3,3,3100.000,2000.000
21,-15,10.750,-7.250,0,0,0.000,0.000,0,3,3,2800.000,2300.000
21,-14,10.750,-6.750,5,1,2.913,0.000,6,3,8,1800.000,1600.000
21,-13,10.750,-6.250,1,0,2.937,-0.307,1,3,3,900.000,1600.000
21,-12,10.750,-5.750,2,2,11.286,0.202,3,3,6,900.000,1200.000
21,-11,10.750,-5.250,1,2,0.414,0.228,3,3,6,1000.000,2400.000
21,-10,10.750,-4.750,0,0,0.000,0.000,0,3,3,700.000,900.000
21,-9,10.750,-4.250,0,4,0.000,0.000,4,3,6,300.000,1600.000
21,-8,10.750,-3.750,0,0,0.000,0.000,0,1,1,0.000,300.000
21,-7,10.750,-3.250,0,1,0.000,0.000,1,0,1,0.000,0.000
21,-6,10.750,-2.750,0,0,0.000,0.000,0,1,1,300.000,0.000
21,-3,10.750,-1.250,0,1,0.000,0.000,1,2,3,1600.000,500.000
21,-2,10.750,-0.750,0,1,0.000,0.000,1,2,3,1100.000,200.000
21,-1,10.750,-0.250,0,0,0.000,0.000,0,3,3,1800.000,200.000
21,0,10.750,0.250,1,2,6.153,-0.351,2,3,5,1200.000,500.000
21,1,10.750,0.750,0,1,0.000,0.000,1,2,3,800.000,600.000
21,2,10.750,1.250,0,1,0.000,0.000,1,3,4,1700.000,400.000
21,3,10.750,1.750,1,1,6.606,0.000,2,2,4,200.000,200.000
21,4,10.750,2.250,0,1,0.000,0.000,1,3,4,1100.000,2600.000
21,5,10.750,2.750,1,2,2.512,0.000,3,3,6,700.000,3700.000
21,6,10.750,3.250,3,2,2.298,0.018,4,3,7,3000.000,6400.000
21,7,10.750,3.750,7,4,1.871,-0.061,10,3,11,8100.000,3900.000
21,8,10.750,4.250,1,4,3.976,1.774,5,3,7,8500.000,6400.000
21,9,10.750,4.750,0,2,0.000,0.000,2,3,5,2000.000,1200.000
21,10,10.750,5.250,1,0,20.987,-1.563,1,2,2,3500.000,500.000
21,11,10.750,5.750,2,1,1.717,0.202,2,3,5,400.000,500.000
21,12,10.750,6.250,2,1,1.167,0.408,2,2,4,200.000,200.000
21,13,10.750,6.750,0,1,0.000,0.000,1,2,3,300.000,0.000
21,14,10.750,7.250,0,1,0.000,0.000,1,2,3,600.000,0.000
21,15,10.750,7.750,0,0,0.000,0.000,0,1,1,200.000,0.000
21,16,10.750,8.250,0,0,0.000,0.000,0,1,1,200.000,200.000
21,17,10.750,8.750,0,0,0.000,0.000,0,2,2,500.000,0.000
21,18,10.750,9.250,0,0,0.000,0.000,0,1,1,0.000,200.000
22,-27,11.250,-13.250,1,0,5.132,-0.711,1,1,2,0.000,400.000
22,-26,11.250,-12.750,2,0,8.139,0.369,2,3,4,500.000,700.000
22,-25,11.250,-12.250,1,1,2.928,-0.448,2,3,5,1300.000,500.000
22,-24,11.250,-11.750,1,0,1.589,-0.141,1,3,3,600.000,200.000
22,-23,11.250,-11.250,2,0,4.411,-0.022,2,3,5,1300.000,2000.000
22,-22,11.250,-10.750,0,3,0.000,0.000,3,3,6,1800.000,3500.000
22,-21,11.250,-10.250,3,1,3.662,3.118,4,3,7,5900.000,2700.000
22,-20,11.250,-9.750,0,1,0.000,0.000,1,3,4,1300.000,3600.000
22,-19,11.250,-9.250,0,0,0.000,0.000,0,3,3,1200.000,600.000
22,-18,11.250,-8.750,0,1,0.000,0.000,1,3,4,1500.000,1200.000
22,-17,11.250,-8.250,0,0,0.000,0.000,0,3,3,1100.000,1400.000
22,-16,11.250,-7.750,0,1,0.000,0.000,1,3,4,1900.000,1500.000
22,-15,11.250,-7.250,2,0,3.159,0.430,2,3,5,1100.000,1800.000
22,-14,11.250,-6.750,0,1,0.000,0.000,1,3,4,1600.000,2300.000
22,-13,11.250,-6.250,0,1,0.000,0.000,1,3,4,700.000,500.000
22,-12,11.250,-5.750,1,0,5.019,0.000,1,3,3,1200.000,1700.000
22,-11,11.250,-5.250,1,0,8.527,0.105,1,3,3,900.000,1900.000
22,-10,11.250,-4.750,3,3,0.456,0.132,5,3,8,700.000,1200.000
22,-9,11.250,-4.250,0,2,0.000,0.000,2,3,5,300.000,900.000
22,-8,11.250,-3.750,0,1,0.000,0.000,1,1,1,0.000,400.000
22,-7,11.250,-3.250,1,0,3.742,-0.439,1,1,2,300.000,0.000
22,-6,11.250,-2.750,0,0,0.000,0.000,0,1,1,100.000,0.000
22,-3,11.250,-1.250,0,0,0.000,0.000,0,2,2,1200.000,500.000
22,-2,11.250,-0.750,2,0,5.223,-0.395,2,3,5,900.000,200.000
22,-1,11.250,-0.250,1,0,3.300,0.386,1,2,3,800.000,100.000
22,0,11.250,0.250,1,2,2.279,0.334,3,3,6,1400.000,900.000
22,1,11.250,0.750,1,0,5.110,0.457,1,3,4,700.000,400.000
22,2,11.250,1.250,0,0,0.000,0.000,0,1,1,0.000,100.000
22,3,11.250,1.750,0,0,0.000,0.000,0,3,3,400.000,500.000
22,4,11.250,2.250,1,0,8.357,1.871,1,3,4,1000.000,1900.000
22,5,11.250,2.750,1,2,5.851,0.000,3,3,6,1000.000,1200.000
22,6,11.250,3.250,0,0,0.000,0.000,0,3,3,1900.000,2200.000
22,7,11.250,3.750,4,2,3.317,0.935,6,3,8,6500.000,3600.000
22,8,11.250,4.250,4,2,11.130,-0.540,6,3,9,6700.000,6800.000
22,9,11.250,4.750,0,0,0.000,0.000,0,3,3,1200.000,1300.000
22,10,11.250,5.250,1,0,2.713,0.281,1,3,4,1400.000,400.000
22,11,11.250,5.750,1,0,2.236,-0.061,1,3,4,300.000,500.000
22,12,11.250,6.250,0,1,0.000,0.000,1,3,4,600.000,800.000
22,13,11.250,6.750,0,0,0.000,0.000,0,3,3,500.000,1000.000
22,14,11.250,7.250,0,0,0.000,0.000,0,2,2,400.000,300.000
22,15,11.250,7.750,0,0,0.000,0.000,0,2,2,300.000,0.000
22,16,11.250,8.250,1,0,2.908,0.097,1,0,1,0.000,0.000
22,17,11.250,8.750,1,0,7.273,1.888,1,2,3,600.000,400.000
22,18,11.250,9.250,0,0,0.000,0.000,0,1,1,100.000,0.000
23,-26,11.750,-12.750,1,3,12.911,1.616,4,3,7,300.000,1100.000
23,-25,11.750,-12.250,2,0,4.476,-0.444,2,3,4,1300.000,1200.000
23,-24,11.750,-11.750,3,3,3.381,0.000,4,3,7,900.000,700.000
23,-23,11.750,-11.250,3,0,3.653,-0.035,3,3,5,1500.000,1600.000
23,-22,11.750,-10.750,2,0,2.658,0.940,2,3,5,2300.000,2700.000
23,-21,11.750,-10.250,0,1,0.000,0.000,1,3,4,2500.000,2100.000
23,-20,11.750,-9.750,0,2,0.000,0.000,2,3,4,100.000,2300.000
23,-14,11.750,-6.750,0,1,0.000,0.000,1,1,2,0.000,100.000
23,-13,11.750,-6.250,1,1,0.365,0.360,1,3,4,1100.000,1000.000
23,-12,11.750,-5.750,1,0,3.878,1.168,1,3,4,2000.000,1200.000
23,-11,11.750,-5.250,2,1,1.469,0.575,3,3,6,2000.000,1400.000
23,-10,11.750,-4.750,2,2,6.381,-0.321,3,3,6,1300.000,1000.000
23,-9,11.750,-4.250,0,0,0.000,0.000,0,3,3,300.000,200.000
23,-8,11.750,-3.750,0,0,0.000,0.000,0,2,2,200.000,200.000
23,-6,11.750,-2.750,0,2,0.000,0.000,2,0,2,0.000,0.000
23,-3,11.750,-1.250,1,2,4.242,0.562,3,2,5,700.000,400.000
23,-2,11.750,-0.750,1,0,5.097,-2.521,1,3,4,1300.000,300.000
23,-1,11.750,-0.250,1,0,2.844,0.492,1,2,2,1500.000,300.000
23,0,11.750,0.250,1,1,0.941,-0.070,2,3,5,1700.000,700.000
23,1,11.750,0.750,0,1,0.000,0.000,1,3,4,500.000,400.000
23,3,11.750,1.750,0,2,0.000,0.000,2,3,5,300.000,500.000
23,4,11.750,2.250,0,1,0.000,0.000,1,3,4,1400.000,1200.000
23,5,11.750,2.750,0,2,0.000,0.000,2,3,5,600.000,400.000
23,6,11.750,3.250,1,1,4.215,1.888,2,2,4,1600.000,1300.000
23,7,11.750,3.750,3,5,2.856,1.168,7,3,9,6500.000,2900.000
23,8,11.750,4.250,1,1,2.104,-0.703,1,3,4,5800.000,4600.000
23,9,11.750,4.750,0,0,0.000,0.000,0,2,2,1000.000,1600.000
23,10,11.750,5.250,2,0,4.648,0.900,2,3,5,2300.000,900.000
23,11,11.750,5.750,1,0,2.607,1.678,1,2,3,100.000,100.000
23,12,11.750,6.250,1,0,3.167,-2.178,1,0,1,0.000,0.000
23,14,11.750,7.250,1,0,2.512,-2.196,1,1,2,0.000,200.000
23,15,11.750,7.750,0,0,0.000,0.000,0,2,2,700.000,300.000
23,16,11.750,8.250,1,1,2.306,1.423,2,1,3,300.000,0.000
23,17,11.750,8.750,0,0,0.000,0.000,0,3,3,900.000,2900.000
23,18,11.750,9.250,0,0,0.000,0.000,0,1,1,300.000,0.000
24,-27,12.250,-13.250,0,0,0.000,0.000,0,1,1,0.000,200.000
24,-26,12.250,-12.750,0,1,0.000,0.000,1,3,4,500.000,1500.000
24,-25,12.250,-12.250,3,3,0.016,0.009,3,2,5,800.000,1100.000
24,-24,12.250,-11.750,2,1,2.384,-0.105,3,3,6,1100.000,1100.000
24,-23,12.250,-11.250,3,3,2.143,0.044,5,3,8,1800.000,1600.000
24,-22,12.250,-10.750,2,2,5.502,-0.791,3,3,5,2100.000,1600.000
24,-21,12.250,-10.250,2,0,2.197,-0.606,2,3,5,2300.000,1900.000
24,-20,12.250,-9.750,0,0,0.000,0.000,0,3,3,400.000,1100.000
24,-13,12.250,-6.250,0,1,0.000,0.000,1,2,3,200.000,100.000
24,-12,12.250,-5.750,3,0,5.397,0.105,3,3,6,1100.000,1100.000
24,-11,12.250,-5.250,4,0,4.445,0.000,4,3,7,1700.000,1800.000
24,-10,12.250,-4.750,1,1,2.647,-0.562,2,3,5,600.000,1200.000
24,-9,12.250,-4.250,0,1,0.000,0.000,1,2,3,300.000,200.000
24,-3,12.250,-1.250,0,0,0.000,0.000,0,2,2,700.000,200.000
24,-2,12.250,-0.750,2,1,6.054,-0.593,3,3,6,900.000,300.000
24,-1,12.250,-0.250,2,2,0.258,0.026,2,2,4,1900.000,500.000
24,0,12.250,0.250,1,0,5.464,-0.184,1,3,4,1300.000,500.000
24,1,12.250,0.750,1,0,5.771,-0.149,1,2,3,0.000,700.000
24,2,12.250,1.250,1,2,1.414,0.026,2,0,2,0.000,0.000
24,3,12.250,1.750,1,0,18.502,0.000,1,3,4,400.000,500.000
24,4,12.250,2.250,0,0,0.000,0.000,0,3,3,1600.000,200.000
24,5,12.250,2.750,0,0,0.000,0.000,0,3,3,1300.000,1100.000
24,6,12.250,3.250,1,2,1.177,0.861,3,2,5,2000.000,800.000
24,7,12.250,3.750,2,0,10.758,0.496,2,3,5,4000.000,2700.000
24,8,12.250,4.250,3,5,0.344,0.228,6,3,8,5400.000,3300.000
24,9,12.250,4.750,2,0,1.424,-0.202,2,3,5,2400.000,900.000
24,10,12.250,5.250,1,1,6.119,-0.782,2,3,5,3000.000,1100.000
24,11,12.250,5.750,0,0,0.000,0.000,0,1,1,100.000,0.000
24,12,12.250,6.250,1,0,4.440,-1.186,1,0,1,0.000,0.000
24,15,12.250,7.750,0,0,0.000,0.000,0,2,2,200.000,300.000
24,16,12.250,8.250,0,0,0.000,0.000,0,3,3,900.000,300.000
24,17,12.250,8.750,0,0,0.000,0.000,0,3,3,900.000,600.000
24,18,12.250,9.250,0,0,0.000,0.000,0,1,1,200.000,200.000
25,-27,12.750,-13.250,0,0,0.000,0.000,0,1,1,0.000,400.000
25,-26,12.750,-12.750,0,1,0.000,0.000,1,3,4,600.000,400.000
25,-25,12.750,-12.250,1,2,4.039,1.388,3,3,6,900.000,700.000
25,-24,12.750,-11.750,0,3,0.000,0.000,3,3,6,1000.000,900.000
25,-23,12.750,-11.250,3,0,2.067,0.413,3,3,6,1500.000,1100.000
25,-22,12.750,-10.750,2,0,6.554,2.951,2,3,5,2100.000,2800.000
25,-21,12.750,-10.250,0,1,0.000,0.000,1,3,4,2100.000,1800.000
25,-20,12.750,-9.750,0,0,0.000,0.000,0,3,3,400.000,1800.000
25,-14,12.750,-6.750,1,0,2.136,0.070,1,0,1,0.000,0.000
25,-12,12.750,-5.750,2,0,7.269,0.053,2,3,4,5000.000,1200.000
25,-11,12.750,-5.250,3,1,8.094,-0.764,4,3,7,1100.000,2300.000
25,-10,12.750,-4.750,0,1,0.000,0.000,1,3,4,600.000,1200.000
25,-9,12.750,-4.250,0,0,0.000,0.000,0,3,3,300.000,300.000
25,-3,12.750,-1.250,0,0,0.000,0.000,0,2,2,700.000,0.000
25,-2,12.750,-0.750,0,1,0.000,0.000,1,3,4,1200.000,900.000
25,-1,12.750,-0.250,0,1,0.000,0.000,1,3,4,2300.000,100.000
25,0,12.750,0.250,1,2,4.892,-2.556,3,3,6,1000.000,500.000
25,1,12.750,0.750,0,0,0.000,0.000,0,1,1,0.000,400.000
25,3,12.750,1.750,0,1,0.000,0.000,1,2,3,1000.000,200.000
25,4,12.750,2.250,1,1,0.292,0.237,1,3,3,2400.000,400.000
25,5,12.750,2.750,3,0,1.601,-0.176,3,3,6,1200.000,1100.000
25,6,12.750,3.250,0,0,0.000,0.000,0,3,3,1200.000,1000.000
25,7,12.750,3.750,1,2,1.846,0.272,3,3,6,2600.000,2200.000
25,8,12.750,4.250,5,5,2.003,-1.054,10,3,12,6300.000,2800.000
25,9,12.750,4.750,0,1,0.000,0.000,1,3,4,1000.000,1400.000
25,10,12.750,5.250,0,0,0.000,0.000,0,3,3,1200.000,100.000
25,11,12.750,5.750,0,1,0.000,0.000,1,1,2,500.000,400.000
25,13,12.750,6.750,0,1,0.000,0.000,1,1,2,300.000,0.000
25,14,12.750,7.250,0,0,0.000,0.000,0,1,1,200.000,0.000
25,15,12.750,7.750,0,0,0.000,0.000,0,2,2,200.000,400.000
25,16,12.750,8.250,1,0,5.401,-1.915,1,3,4,900.000,700.000
25,17,12.750,8.750,0,0,0.000,0.000,0,2,2,500.000,0.000
25,18,12.750,9.250,1,0,4.623,0.000,1,1,2,200.000,100.000
26,-25,13.250,-12.250,0,0,0.000,0.000,0,1,1,0.000,200.000
26,-24,13.250,-11.750,3,0,4.371,-0.325,3,3,6,1300.000,900.000
26,-23,13.250,-11.250,2,2,5.576,-1.269,4,3,7,1400.000,2500.000
26,-22,13.250,-10.750,2,0,3.699,-0.184,2,3,5,1200.000,2000.000
26,-21,13.250,-10.250,0,0,0.000,0.000,0,3,3,3000.000,1900.000
26,-20,13.250,-9.750,1,0,3.957,0.316,1,3,4,1000.000,1300.000
26,-14,13.250,-6.750,1,0,1.695,0.422,1,0,1,0.000,0.000
26,-12,13.250,-5.750,3,1,6.004,0.088,2,3,5,4300.000,1100.000
26,-11,13.250,-5.250,0,1,0.000,0.000,1,3,4,2200.000,2000.000
26,-10,13.250,-4.750,0,1,0.000,0.000,1,3,4,300.000,1400.000
26,-9,13.250,-4.250,1,0,2.931,-0.395,1,1,2,0.000,3100.000
26,-8,13.250,-3.750,1,0,4.974,1.098,1,0,1,0.000,0.000
26,-3,13.250,-1.250,2,0,5.682,-0.097,2,3,5,1300.000,100.000
26,-2,13.250,-0.750,1,0,5.199,-1.010,1,3,4,1100.000,700.000
26,-1,13.250,-0.250,1,0,3.216,-0.176,1,3,4,1600.000,300.000
26,0,13.250,0.250,0,1,0.000,0.000,1,3,4,1200.000,800.000
26,1,13.250,0.750,1,0,3.246,0.422,1,0,1,0.000,0.000
26,3,13.250,1.750,0,0,0.000,0.000,0,2,2,400.000,1000.000
26,4,13.250,2.250,0,0,0.000,0.000,0,2,2,900.000,300.000
26,5,13.250,2.750,0,1,0.000,0.000,1,3,4,1100.000,800.000
26,6,13.250,3.250,1,0,1.839,0.870,1,3,4,100.000,1100.000
26,7,13.250,3.750,3,2,5.505,-1.414,5,3,8,2700.000,1700.000
26,8,13.250,4.250,2,2,4.071,-0.461,4,3,7,2100.000,2100.000
26,9,13.250,4.750,1,0,4.039,2.890,1,3,4,1700.000,2400.000
26,10,13.250,5.250,1,2,3.457,0.132,3,3,5,1500.000,1000.000
26,11,13.250,5.750,0,0,0.000,0.000,0,3,3,1100.000,800.000
26,12,13.250,6.250,0,0,0.000,0.000,0,2,2,1200.000,400.000
26,13,13.250,6.750,0,0,0.000,0.000,0,2,2,500.000,300.000
26,14,13.250,7.250,0,0,0.000,0.000,0,2,2,200.000,700.000
26,15,13.250,7.750,0,0,0.000,0.000,0,2,2,200.000,800.000
26,16,13.250,8.250,0,2,0.000,0.000,2,2,4,800.000,600.000
26,17,13.250,8.750,0,0,0.000,0.000,0,3,3,800.000,1300.000
26,18,13.250,9.250,0,0,0.000,0.000,0,1,1,200.000,100.000
27,-24,13.750,-11.750,1,0,1.318,-0.018,1,3,4,600.000,800.000
27,-23,13.750,-11.250,2,1,4.785,0.404,3,3,6,1600.000,2000.000
27,-22,13.750,-10.750,1,2,10.733,-3.268,3,3,5,1500.000,2600.000
27,-21,13.750,-10.250,0,2,0.000,0.000,2,3,5,2500.000,3400.000
27,-20,13.750,-9.750,0,1,0.000,0.000,1,3,4,1900.000,1900.000
27,-19,13.750,-9.250,1,1,2.232,1.238,2,2,4,700.000,100.000
27,-18,13.750,-8.750,0,1,0.000,0.000,1,0,1,0.000,0.000
27,-12,13.750,-5.750,0,0,0.000,0.000,0,2,2,3000.000,900.000
27,-11,13.750,-5.250,1,2,5.325,0.000,3,3,6,2400.000,2700.000
27,-10,13.750,-4.750,1,2,4.596,0.000,3,2,5,200.000,500.000
27,-4,13.750,-1.750,0,0,0.000,0.000,0,3,3,400.000,200.000
27,-3,13.750,-1.250,3,1,4.648,-0.097,3,3,6,1100.000,400.000
27,-2,13.750,-0.750,3,5,4.218,-0.957,7,3,8,1200.000,500.000
27,-1,13.750,-0.250,2,2,2.630,0.097,3,3,6,900.000,300.000
27,0,13.750,0.250,2,1,5.509,0.553,3,3,6,1200.000,600.000
27,1,13.750,0.750,0,0,0.000,0.000,0,1,1,0.000,200.000
27,3,13.750,1.750,0,0,0.000,0.000,0,2,2,500.000,0.000
27,4,13.750,2.250,0,0,0.000,0.000,0,2,2,1900.000,0.000
27,5,13.750,2.750,1,0,3.827,0.000,1,3,4,800.000,500.000
27,6,13.750,3.250,2,3,2.404,0.000,5,3,8,1200.000,1100.000
27,7,13.750,3.750,2,2,3.450,-1.735,3,3,6,2800.000,1100.000
27,8,13.750,4.250,0,3,0.000,0.000,3,3,5,2600.000,2300.000
27,9,13.750,4.750,2,1,6.362,-0.747,3,3,6,700.000,1800.000
27,10,13.750,5.250,1,0,3.747,0.000,1,3,4,1900.000,1000.000
27,11,13.750,5.750,1,0,2.684,2.451,1,3,3,1800.000,1100.000
27,12,13.750,6.250,1,0,5.908,-0.562,1,3,4,1200.000,500.000
27,13,13.750,6.750,0,2,0.000,0.000,2,3,5,200.000,700.000
27,14,13.750,7.250,0,0,0.000,0.000,0,2,2,100.000,300.000
27,15,13.750,7.750,0,0,0.000,0.000,0,3,3,600.000,400.000
27,16,13.750,8.250,0,0,0.000,0.000,0,2,2,1000.000,0.000
27,17,13.750,8.750,0,0,0.000,0.000,0,3,3,1100.000,600.000
27,18,13.750,9.250,0,0,0.000,0.000,0,1,1,500.000,0.000
28,-24,14.250,-11.750,0,0,0.000,0.000,0,2,2,200.000,1300.000
28,-23,14.250,-11.250,0,2,0.000,0.000,2,3,5,600.000,1300.000
28,-22,14.250,-10.750,2,2,8.901,-1.410,4,3,7,1300.000,1500.000
28,-21,14.250,-10.250,1,3,5.718,-0.474,4,3,7,1400.000,2000.000
28,-20,14.250,-9.750,1,1,2.639,-0.070,2,3,5,2400.000,2500.000
28,-19,14.250,-9.250,2,0,3.240,-0.145,2,3,4,1600.000,2200.000
28,-18,14.250,-8.750,0,0,0.000,0.000,0,3,3,1100.000,600.000
28,-17,14.250,-8.250,0,0,0.000,0.000,0,2,2,300.000,100.000
28,-16,14.250,-7.750,0,0,0.000,0.000,0,2,2,100.000,100.000
28,-15,14.250,-7.250,0,3,0.000,0.000,3,1,4,600.000,0.000
28,-13,14.250,-6.250,0,0,0.000,0.000,0,2,2,100.000,1100.000
28,-12,14.250,-5.750,0,0,0.000,0.000,0,2,2,1000.000,1300.000
28,-11,14.250,-5.250,1,0,7.648,3.478,1,3,4,2100.000,3100.000
28,-10,14.250,-4.750,2,0,3.344,1.419,2,3,5,600.000,600.000
28,-9,14.250,-4.250,0,1,0.000,0.000,1,0,1,0.000,0.000
28,-8,14.250,-3.750,0,1,0.000,0.000,1,0,1,0.000,0.000
28,-7,14.250,-3.250,0,1,0.000,0.000,1,0,1,0.000,0.000
28,-6,14.250,-2.750,0,1,0.000,0.000,1,2,3,300.000,100.000
28,-5,14.250,-2.250,2,2,6.551,-1.094,3,2,5,400.000,300.000
28,-4,14.250,-1.750,1,2,1.830,-0.018,3,2,5,700.000,0.000
28,-3,14.250,-1.250,1,1,3.291,0.079,2,3,5,900.000,700.000
28,-2,14.250,-0.750,1,0,0.401,0.026,1,3,4,900.000,200.000
28,-1,14.250,-0.250,0,1,0.000,0.000,1,3,4,1300.000,800.000
28,0,14.250,0.250,1,1,3.574,-0.747,2,3,4,2300.000,800.000
28,1,14.250,0.750,0,2,0.000,0.000,2,3,5,600.000,300.000
28,3,14.250,1.750,0,0,0.000,0.000,0,2,2,600.000,0.000
28,4,14.250,2.250,0,0,0.000,0.000,0,2,2,800.000,0.000
28,5,14.250,2.750,1,1,4.206,0.000,2,3,5,700.000,700.000
28,6,14.250,3.250,0,2,0.000,0.000,2,3,5,1500.000,500.000
28,7,14.250,3.750,3,4,4.197,-0.193,6,3,9,4800.000,2300.000
28,8,14.250,4.250,4,6,12.392,-0.013,9,3,12,3900.000,2300.000
28,9,14.250,4.750,2,1,4.491,-1.006,3,3,6,2300.000,1100.000
28,10,14.250,5.250,2,1,4.529,-0.114,3,3,6,2100.000,1900.000
28,11,14.250,5.750,0,0,0.000,0.000,0,3,3,2500.000,1000.000
28,12,14.250,6.250,1,0,1.711,0.000,1,2,3,900.000,1100.000
28,13,14.250,6.750,3,2,4.904,-0.228,5,3,7,1200.000,700.000
28,14,14.250,7.250,1,0,4.305,0.000,1,3,4,2200.000,500.000
28,15,14.250,7.750,1,0,11.543,-0.299,1,3,4,1600.000,500.000
28,16,14.250,8.250,0,1,0.000,0.000,1,3,4,1200.000,500.000
28,17,14.250,8.750,0,1,0.000,0.000,1,3,4,2300.000,1400.000
28,18,14.250,9.250,0,0,0.000,0.000,0,1,1,200.000,0.000
29,-24,14.750,-11.750,1,0,3.499,1.107,1,1,2,0.000,1600.000
29,-23,14.750,-11.250,0,0,0.000,0.000,0,3,3,700.000,1100.000
29,-22,14.750,-10.750,0,0,0.000,0.000,0,3,3,1300.000,500.000
29,-21,14.750,-10.250,1,1,0.411,0.070,2,3,4,900.000,1000.000
29,-20,14.750,-9.750,0,1,0.000,0.000,1,3,4,800.000,2000.000
29,-19,14.750,-9.250,1,2,2.803,0.299,3,3,5,2400.000,2000.000
29,-18,14.750,-8.750,0,3,0.000,0.000,3,3,6,1100.000,1700.000
29,-17,14.750,-8.250,0,0,0.000,0.000,0,3,3,900.000,1300.000
29,-16,14.750,-7.750,0,0,0.000,0.000,0,3,3,1000.000,1100.000
29,-15,14.750,-7.250,3,3,3.901,0.264,4,3,7,900.000,600.000
29,-14,14.750,-6.750,0,0,0.000,0.000,0,3,3,1000.000,300.000
29,-13,14.750,-6.250,2,0,4.058,1.783,1,2,3,600.000,1000.000
29,-12,14.750,-5.750,2,1,4.687,0.272,3,3,6,500.000,2000.000
29,-11,14.750,-5.250,1,1,3.047,0.018,2,3,5,1900.000,3100.000
29,-10,14.750,-4.750,2,0,3.777,1.647,2,3,5,1100.000,600.000
29,-9,14.750,-4.250,1,0,6.028,-0.141,1,2,3,200.000,300.000
29,-8,14.750,-3.750,0,2,0.000,0.000,2,2,4,100.000,200.000
29,-7,14.750,-3.250,1,0,2.394,-0.044,1,3,4,400.000,200.000
29,-6,14.750,-2.750,0,0,0.000,0.000,0,2,2,300.000,0.000
29,-5,14.750,-2.250,0,0,0.000,0.000,0,2,2,300.000,100.000
29,-4,14.750,-1.750,0,3,0.000,0.000,3,2,5,100.000,400.000
29,-3,14.750,-1.250,0,0,0.000,0.000,0,3,3,900.000,400.000
29,-2,14.750,-0.750,1,2,6.668,1.019,3,3,6,500.000,700.000
29,-1,14.750,-0.250,1,1,4.221,0.685,2,3,5,1000.000,300.000
29,0,14.750,0.250,3,5,0.393,-0.184,5,3,7,1300.000,900.000
29,1,14.750,0.750,2,0,2.310,-0.018,2,3,5,2700.000,600.000
29,2,14.750,1.250,0,0,0.000,0.000,0,3,3,400.000,100.000
29,4,14.750,2.250,0,0,0.000,0.000,0,2,2,1700.000,0.000
29,5,14.750,2.750,1,0,3.153,0.000,1,3,4,3400.000,1600.000
29,6,14.750,3.250,0,2,0.000,0.000,2,2,3,200.000,0.000
29,7,14.750,3.750,5,4,4.524,0.141,8,3,9,3000.000,1700.000
29,8,14.750,4.250,0,2,0.000,0.000,2,3,5,1800.000,1300.000
29,9,14.750,4.750,1,0,4.261,-0.325,1,3,4,1300.000,1100.000
29,10,14.750,5.250,0,0,0.000,0.000,0,2,2,6100.000,900.000
29,11,14.750,5.750,3,2,4.324,0.000,5,3,7,3500.000,6500.000
29,12,14.750,6.250,1,0,6.251,-1.924,1,3,4,3200.000,2900.000
29,13,14.750,6.750,0,0,0.000,0.000,0,3,3,1500.000,1500.000
29,14,14.750,7.250,0,0,0.000,0.000,0,3,3,800.000,700.000
29,15,14.750,7.750,1,0,3.962,-0.913,1,3,4,400.000,300.000
29,16,14.750,8.250,0,0,0.000,0.000,0,3,3,1100.000,200.000
29,17,14.750,8.750,0,0,0.000,0.000,0,3,3,1800.000,1500.000
29,18,14.750,9.250,0,0,0.000,0.000,0,1,1,200.000,0.000
30,-24,15.250,-11.750,1,1,4.608,-0.026,2,1,3,0.000,600.000
30,-23,15.250,-11.250,1,1,0.574,0.571,1,3,4,100.000,1300.000
30,-22,15.250,-10.750,0,1,0.000,0.000,1,3,3,1200.000,400.000
30,-21,15.250,-10.250,1,2,0.536,-0.088,2,3,4,600.000,1000.000
30,-20,15.250,-9.750,2,2,3.797,0.382,3,3,6,1200.000,1000.000
30,-19,15.250,-9.250,0,0,0.000,0.000,0,3,3,1200.000,1600.000
30,-18,15.250,-8.750,0,2,0.000,0.000,2,3,5,2300.000,1200.000
30,-17,15.250,-8.250,2,0,3.627,0.470,2,3,5,2000.000,1200.000
30,-16,15.250,-7.750,4,5,2.773,-0.733,5,3,7,1000.000,2000.000
30,-15,15.250,-7.250,0,1,0.000,0.000,1,3,4,600.000,1400.000
30,-14,15.250,-6.750,2,0,6.270,-0.887,2,3,5,800.000,1100.000
30,-13,15.250,-6.250,0,0,0.000,0.000,0,3,3,800.000,900.000
30,-12,15.250,-5.750,3,0,6.279,1.950,3,3,6,1600.000,1200.000
30,-11,15.250,-5.250,4,0,5.140,-0.105,4,3,7,1300.000,2200.000
30,-10,15.250,-4.750,2,3,6.100,-0.048,4,3,7,700.000,700.000
30,-9,15.250,-4.250,0,1,0.000,0.000,1,3,4,500.000,300.000
30,-8,15.250,-3.750,1,0,3.002,0.931,1,3,4,200.000,500.000
30,-7,15.250,-3.250,1,1,12.173,1.001,2,1,3,0.000,200.000
30,-6,15.250,-2.750,0,0,0.000,0.000,0,3,3,400.000,200.000
30,-5,15.250,-2.250,1,1,5.643,-1.801,2,3,5,300.000,800.000
30,-4,15.250,-1.750,1,2,8.913,-0.290,3,3,6,300.000,500.000
30,-3,15.250,-1.250,1,1,5.840,1.019,2,3,5,400.000,400.000
30,-2,15.250,-0.750,1,0,4.175,-0.624,1,3,4,1000.000,400.000
30,-1,15.250,-0.250,2,1,1.083,-0.110,3,3,6,700.000,200.000
30,0,15.250,0.250,0,3,0.000,0.000,3,3,5,600.000,1300.000
30,1,15.250,0.750,1,1,0.465,0.123,1,3,4,1600.000,600.000
30,2,15.250,1.250,1,2,8.195,-2.038,3,3,6,1300.000,800.000
30,3,15.250,1.750,1,0,5.707,0.123,1,3,4,1200.000,200.000
30,4,15.250,2.250,0,1,0.000,0.000,1,2,3,700.000,0.000
30,5,15.250,2.750,0,0,0.000,0.000,0,1,1,600.000,0.000
30,6,15.250,3.250,0,0,0.000,0.000,0,3,3,1600.000,200.000
30,7,15.250,3.750,1,3,0.679,0.000,4,3,7,3000.000,2400.000
30,8,15.250,4.250,1,0,1.995,-0.931,1,3,4,1400.000,900.000
30,9,15.250,4.750,1,3,0.308,0.000,3,3,6,500.000,0.000
30,10,15.250,5.250,0,2,0.000,0.000,1,3,4,400.000,100.000
30,11,15.250,5.750,0,1,0.000,0.000,1,3,4,2000.000,800.000
30,12,15.250,6.250,2,4,4.632,0.171,6,3,9,5900.000,2800.000
30,13,15.250,6.750,2,0,8.359,-0.149,2,3,5,1400.000,1000.000
30,14,15.250,7.250,0,0,0.000,0.000,0,1,1,500.000,100.000
30,15,15.250,7.750,0,0,0.000,0.000,0,1,1,100.000,0.000
30,18,15.250,9.250,0,0,0.000,0.000,0,1,1,200.000,0.000
31,-25,15.750,-12.250,0,1,0.000,0.000,1,0,1,0.000,0.000
31,-24,15.750,-11.750,0,0,0.000,0.000,0,1,1,0.000,500.000
31,-23,15.750,-11.250,1,0,7.959,-0.202,1,3,4,300.000,1700.000
31,-22,15.750,-10.750,0,1,0.000,0.000,1,2,3,1200.000,400.000
31,-21,15.750,-10.250,0,0,0.000,0.000,0,3,3,1500.000,400.000
31,-20,15.750,-9.750,0,1,0.000,0.000,1,3,4,900.000,1700.000
31,-19,15.750,-9.250,0,0,0.000,0.000,0,3,3,800.000,2000.000
31,-18,15.750,-8.750,0,1,0.000,0.000,1,3,4,600.000,800.000
31,-17,15.750,-8.250,0,0,0.000,0.000,0,3,3,800.000,2000.000
31,-16,15.750,-7.750,4,0,3.696,-0.589,4,3,7,1500.000,700.000
31,-15,15.750,-7.250,0,1,0.000,0.000,1,3,4,1300.000,300.000
31,-14,15.750,-6.750,1,1,4.608,-0.193,2,3,5,1000.000,0.000
31,-13,15.750,-6.250,2,2,2.363,0.646,3,3,5,1500.000,300.000
31,-12,15.750,-5.750,4,0,9.781,1.015,4,3,7,1200.000,1100.000
31,-11,15.750,-5.250,1,1,6.350,-0.940,2,3,5,2300.000,2500.000
31,-10,15.750,-4.750,2,2,9.001,-1.080,4,3,7,2600.000,1000.000
31,-9,15.750,-4.250,1,0,4.467,-1.116,1,3,4,1000.000,800.000
31,-8,15.750,-3.750,0,2,0.000,0.000,1,3,4,900.000,500.000
31,-7,15.750,-3.250,0,0,0.000,0.000,0,3,3,900.000,900.000
31,-6,15.750,-2.750,0,1,0.000,0.000,1,3,4,1200.000,800.000
31,-5,15.750,-2.250,0,0,0.000,0.000,0,2,2,700.000,200.000
31,-4,15.750,-1.750,2,0,3.308,-0.035,2,3,5,700.000,200.000
31,-3,15.750,-1.250,0,0,0.000,0.000,0,2,2,900.000,0.000
31,-2,15.750,-0.750,0,1,0.000,0.000,1,3,4,1700.000,400.000
31,-1,15.750,-0.250,0,2,0.000,0.000,2,3,5,1200.000,400.000
31,0,15.750,0.250,0,1,0.000,0.000,1,3,4,500.000,1000.000
31,1,15.750,0.750,4,5,0.795,0.000,5,3,7,1100.000,500.000
31,2,15.750,1.250,0,0,0.000,0.000,0,2,2,1700.000,800.000
31,3,15.750,1.750,0,3,0.000,0.000,3,3,6,1200.000,1200.000
31,4,15.750,2.250,1,1,10.186,-2.196,2,3,5,1300.000,1200.000
31,5,15.750,2.750,1,2,1.564,0.009,3,3,6,1700.000,1000.000
31,6,15.750,3.250,0,0,0.000,0.000,0,3,3,1400.000,1500.000
31,7,15.750,3.750,1,0,3.524,-0.395,1,3,4,2000.000,1000.000
31,8,15.750,4.250,1,2,12.150,2.328,3,2,5,1400.000,900.000
31,9,15.750,4.750,0,1,0.000,0.000,1,3,4,1200.000,400.000
31,10,15.750,5.250,1,0,9.262,2.003,1,3,4,2900.000,400.000
31,11,15.750,5.750,1,0,13.292,2.178,1,3,4,2400.000,1400.000
31,12,15.750,6.250,3,1,10.556,0.000,4,3,7,4900.000,1600.000
31,13,15.750,6.750,2,1,7.732,1.976,3,3,5,2800.000,1300.000
31,14,15.750,7.250,1,0,6.298,-0.299,1,3,4,1000.000,0.000
31,15,15.750,7.750,0,0,0.000,0.000,0,2,2,800.000,0.000
31,16,15.750,8.250,0,0,0.000,0.000,0,1,1,100.000,0.000
31,17,15.750,8.750,0,1,0.000,0.000,1,0,1,0.000,0.000
31,18,15.750,9.250,0,0,0.000,0.000,0,1,1,200.000,0.000
32,-24,16.250,-11.750,0,2,0.000,0.000,2,1,3,0.000,200.000
32,-23,16.250,-11.250,0,1,0.000,0.000,1,3,4,2100.000,2000.000
32,-22,16.250,-10.750,1,1,3.475,-0.141,1,2,3,1100.000,400.000
32,-21,16.250,-10.250,2,2,4.726,-2.354,3,2,5,400.000,300.000
32,-20,16.250,-9.750,0,0,0.000,0.000,0,3,3,1200.000,900.000
32,-19,16.250,-9.250,2,0,6.429,1.116,2,2,4,1800.000,800.000
32,-18,16.250,-8.750,1,0,1.408,-0.299,1,2,3,900.000,600.000
32,-17,16.250,-8.250,0,1,0.000,0.000,1,2,3,600.000,800.000
32,-16,16.250,-7.750,0,3,0.000,0.000,3,3,6,700.000,1000.000
32,-15,16.250,-7.250,0,1,0.000,0.000,1,3,4,2100.000,1100.000
32,-14,16.250,-6.750,0,0,0.000,0.000,0,3,3,2100.000,300.000
32,-13,16.250,-6.250,3,0,6.333,-1.177,3,3,6,1300.000,500.000
32,-12,16.250,-5.750,1,3,6.002,-0.141,4,3,7,1600.000,900.000
32,-11,16.250,-5.250,2,1,3.650,1.116,3,3,6,2800.000,1900.000
32,-10,16.250,-4.750,3,1,6.811,-0.167,4,3,7,1600.000,300.000
32,-9,16.250,-4.250,0,0,0.000,0.000,0,3,3,1400.000,400.000
32,-8,16.250,-3.750,1,2,6.309,-0.026,3,3,6,1600.000,600.000
32,-7,16.250,-3.250,1,1,2.789,-0.360,2,3,5,1600.000,500.000
32,-6,16.250,-2.750,2,2,3.835,-1.089,3,3,6,2900.000,1100.000
32,-5,16.250,-2.250,2,2,7.208,0.887,4,3,7,1300.000,100.000
32,-4,16.250,-1.750,0,1,0.000,0.000,1,3,4,1100.000,200.000
32,-3,16.250,-1.250,2,1,3.971,-0.887,3,2,5,800.000,500.000
32,-2,16.250,-0.750,1,0,5.379,0.360,1,3,4,1800.000,700.000
32,-1,16.250,-0.250,3,2,6.051,0.457,4,3,7,1800.000,500.000
32,0,16.250,0.250,5,2,0.994,0.000,4,3,7,1100.000,200.000
32,1,16.250,0.750,1,1,9.985,0.272,2,3,5,1300.000,700.000
32,2,16.250,1.250,3,2,4.098,0.149,4,3,7,1000.000,700.000
32,3,16.250,1.750,1,1,0.267,0.193,1,3,4,1200.000,800.000
32,4,16.250,2.250,0,1,0.000,0.000,1,3,4,1200.000,400.000
32,5,16.250,2.750,0,0,0.000,0.000,0,3,3,1100.000,1100.000
32,6,16.250,3.250,1,2,6.352,0.325,3,3,5,1600.000,1600.000
32,7,16.250,3.750,1,2,7.998,-0.035,3,3,6,1500.000,700.000
32,8,16.250,4.250,0,0,0.000,0.000,0,3,3,2300.000,1300.000
32,9,16.250,4.750,3,1,5.779,-1.256,4,3,7,1200.000,800.000
32,10,16.250,5.250,1,0,5.749,1.941,1,3,4,900.000,1500.000
32,11,16.250,5.750,0,0,0.000,0.000,0,3,3,600.000,600.000
32,12,16.250,6.250,2,0,4.640,-1.818,2,3,4,400.000,1300.000
32,13,16.250,6.750,0,0,0.000,0.000,0,3,3,2400.000,1100.000
32,14,16.250,7.250,0,0,0.000,0.000,0,2,2,300.000,900.000
32,15,16.250,7.750,0,0,0.000,0.000,0,3,3,700.000,200.000
32,16,16.250,8.250,0,0,0.000,0.000,0,3,3,700.000,200.000
32,17,16.250,8.750,0,0,0.000,0.000,0,2,2,200.000,100.000
32,18,16.250,9.250,0,0,0.000,0.000,0,1,1,200.000,0.000
33,-24,16.750,-11.750,1,1,0.461,0.009,1,1,2,0.000,1000.000
33,-23,16.750,-11.250,1,0,3.794,-0.079,1,1,2,0.000,400.000
33,-22,16.750,-10.750,0,0,0.000,0.000,0,2,2,2800.000,1000.000
33,-21,16.750,-10.250,0,0,0.000,0.000,0,1,1,0.000,200.000
33,-20,16.750,-9.750,1,0,3.303,0.079,1,3,4,2600.000,2100.000
33,-19,16.750,-9.250,0,0,0.000,0.000,0,2,2,1700.000,500.000
33,-18,16.750,-8.750,0,1,0.000,0.000,1,2,3,600.000,500.000
33,-17,16.750,-8.250,0,0,0.000,0.000,0,2,2,100.000,700.000
33,-16,16.750,-7.750,0,1,0.000,0.000,1,2,3,400.000,500.000
33,-15,16.750,-7.250,0,7,0.000,0.000,7,2,8,400.000,600.000
33,-14,16.750,-6.750,1,0,0.313,0.246,1,3,4,600.000,1400.000
33,-13,16.750,-6.250,0,0,0.000,0.000,0,3,3,600.000,1600.000
33,-12,16.750,-5.750,2,1,4.398,1.370,3,3,6,400.000,1500.000
33,-11,16.750,-5.250,3,0,8.528,2.187,2,3,5,1700.000,1800.000
33,-10,16.750,-4.750,0,0,0.000,0.000,0,1,1,200.000,200.000
33,-9,16.750,-4.250,2,4,3.431,0.602,5,2,7,500.000,200.000
33,-8,16.750,-3.750,2,2,0.914,-0.211,3,3,6,500.000,300.000
33,-7,16.750,-3.250,1,1,0.305,0.009,2,2,4,800.000,400.000
33,-6,16.750,-2.750,0,1,0.000,0.000,1,3,4,500.000,1000.000
33,-5,16.750,-2.250,1,0,6.673,-0.123,1,3,4,500.000,500.000
33,-4,16.750,-1.750,0,1,0.000,0.000,1,3,4,800.000,800.000
33,-3,16.750,-1.250,1,2,2.555,-0.097,3,3,6,500.000,800.000
33,-2,16.750,-0.750,1,1,2.332,0.711,1,3,4,300.000,1000.000
33,-1,16.750,-0.250,4,3,4.308,-1.116,5,3,8,900.000,800.000
33,0,16.750,0.250,2,1,7.483,-2.429,3,3,6,800.000,900.000
33,1,16.750,0.750,2,0,4.756,0.830,2,3,5,800.000,400.000
33,2,16.750,1.250,2,1,3.889,0.184,3,3,6,500.000,500.000
33,3,16.750,1.750,1,2,1.728,-0.026,3,3,6,900.000,100.000
33,4,16.750,2.250,0,0,0.000,0.000,0,3,3,1200.000,400.000
33,5,16.750,2.750,3,1,3.877,0.035,4,3,7,400.000,200.000
33,6,16.750,3.250,0,1,0.000,0.000,1,3,4,900.000,800.000
33,7,16.750,3.750,2,1,2.421,-0.602,3,3,6,400.000,1000.000
33,8,16.750,4.250,0,1,0.000,0.000,1,3,4,1000.000,1600.000
33,9,16.750,4.750,1,0,4.369,-0.738,1,3,4,1500.000,1300.000
33,10,16.750,5.250,1,1,12.622,0.413,2,2,4,300.000,100.000
33,11,16.750,5.750,0,0,0.000,0.000,0,2,2,200.000,100.000
33,12,16.750,6.250,0,1,0.000,0.000,1,3,4,100.000,700.000
33,13,16.750,6.750,1,0,1.993,1.502,1,3,4,1700.000,700.000
33,14,16.750,7.250,1,0,9.974,0.246,1,3,4,600.000,700.000
33,15,16.750,7.750,1,0,3.985,-0.343,1,2,3,200.000,100.000
33,16,16.750,8.250,0,0,0.000,0.000,0,1,1,200.000,0.000
33,17,16.750,8.750,0,0,0.000,0.000,0,2,2,2200.000,1000.000
34,-24,17.250,-11.750,1,0,7.981,-3.838,1,0,1,0.000,0.000
34,-23,17.250,-11.250,0,0,0.000,0.000,0,1,1,0.000,1400.000
34,-22,17.250,-10.750,0,0,0.000,0.000,0,1,1,0.000,400.000
34,-21,17.250,-10.250,0,0,0.000,0.000,0,1,1,0.000,200.000
34,-20,17.250,-9.750,0,0,0.000,0.000,0,1,1,0.000,300.000
34,-19,17.250,-9.250,0,0,0.000,0.000,0,1,1,0.000,200.000
34,-18,17.250,-8.750,0,0,0.000,0.000,0,1,1,0.000,100.000
34,-15,17.250,-7.250,1,0,4.096,3.311,1,0,1,0.000,0.000
34,-14,17.250,-6.750,2,0,3.280,-0.637,1,0,1,0.000,0.000
34,-13,17.250,-6.250,0,0,0.000,0.000,0,1,1,300.000,0.000
34,-12,17.250,-5.750,2,3,4.479,1.344,4,3,7,1200.000,1300.000
34,-11,17.250,-5.250,3,0,6.046,0.000,3,3,6,1800.000,2100.000
34,-10,17.250,-4.750,2,0,3.248,1.217,2,1,3,400.000,0.000
34,-9,17.250,-4.250,0,0,0.000,0.000,0,3,3,100.000,500.000
34,-8,17.250,-3.750,1,3,0.125,-0.018,3,3,6,300.000,300.000
34,-7,17.250,-3.250,0,0,0.000,0.000,0,3,3,0.000,400.000
34,-6,17.250,-2.750,0,0,0.000,0.000,0,1,1,100.000,0.000
34,-5,17.250,-2.250,1,0,8.503,-0.070,1,3,4,300.000,1300.000
34,-4,17.250,-1.750,0,0,0.000,0.000,0,2,2,300.000,900.000
34,-3,17.250,-1.250,2,0,5.037,-0.294,2,3,5,100.000,600.000
34,-2,17.250,-0.750,0,1,0.000,0.000,1,3,4,200.000,300.000
34,-1,17.250,-0.250,1,1,2.064,-0.597,2,2,4,700.000,0.000
34,0,17.250,0.250,0,1,0.000,0.000,1,3,4,300.000,100.000
34,1,17.250,0.750,2,0,6.386,0.883,2,2,4,600.000,200.000
34,2,17.250,1.250,0,1,0.000,0.000,1,3,4,300.000,500.000
34,3,17.250,1.750,1,0,0.414,0.105,1,3,4,300.000,900.000
34,4,17.250,2.250,0,0,0.000,0.000,0,2,2,1000.000,600.000
34,5,17.250,2.750,2,1,5.664,-1.001,3,3,6,1000.000,900.000
34,6,17.250,3.250,1,0,3.349,0.026,1,3,4,400.000,1300.000
34,7,17.250,3.750,1,1,2.501,0.272,2,3,5,800.000,1500.000
34,8,17.250,4.250,1,0,1.506,0.044,1,3,4,700.000,1100.000
34,9,17.250,4.750,0,1,0.000,0.000,1,3,4,1500.000,1000.000
34,10,17.250,5.250,1,1,3.355,-0.949,2,2,4,500.000,0.000
34,11,17.250,5.750,0,0,0.000,0.000,0,1,1,200.000,0.000
34,12,17.250,6.250,0,0,0.000,0.000,0,3,3,200.000,500.000
34,13,17.250,6.750,2,1,4.819,0.681,3,3,5,800.000,700.000
34,14,17.250,7.250,1,0,2.942,0.184,1,3,4,900.000,700.000
34,15,17.250,7.750,0,0,0.000,0.000,0,1,1,0.000,400.000
34,17,17.250,8.750,0,1,0.000,0.000,1,0,1,0.000,0.000
34,18,17.250,9.250,0,1,0.000,0.000,1,0,1,0.000,0.000
35,-12,17.750,-5.750,0,0,0.000,0.000,0,2,2,200.000,400.000
35,-11,17.750,-5.250,0,1,0.000,0.000,1,3,4,2800.000,2400.000
35,-10,17.750,-4.750,1,2,4.939,-0.105,3,3,6,500.000,200.000
35,-9,17.750,-4.250,0,0,0.000,0.000,0,3,3,200.000,300.000
35,-8,17.750,-3.750,0,0,0.000,0.000,0,2,2,200.000,400.000
35,-7,17.750,-3.250,0,1,0.000,0.000,1,2,3,300.000,500.000
35,-6,17.750,-2.750,0,0,0.000,0.000,0,3,3,100.000,400.000
35,-5,17.750,-2.250,1,0,2.391,-1.098,1,3,4,100.000,700.000
35,-4,17.750,-1.750,2,1,7.172,-1.537,3,2,4,300.000,300.000
35,-3,17.750,-1.250,2,1,4.768,-0.101,2,1,3,300.000,200.000
35,-2,17.750,-0.750,3,1,5.422,-0.404,4,1,5,300.000,100.000
35,-1,17.750,-0.250,1,1,7.634,1.063,2,3,5,700.000,400.000
35,0,17.750,0.250,1,2,4.947,-1.537,3,3,6,900.000,400.000
35,1,17.750,0.750,1,0,5.518,-2.029,1,3,4,500.000,600.000
35,2,17.750,1.250,1,3,2.825,-1.089,4,3,7,300.000,600.000
35,3,17.750,1.750,1,0,1.752,-0.035,1,3,4,800.000,500.000
35,4,17.750,2.250,1,0,8.987,-2.336,1,3,4,1000.000,600.000
35,5,17.750,2.750,0,1,0.000,0.000,1,3,4,600.000,900.000
35,6,17.750,3.250,0,0,0.000,0.000,0,2,2,200.000,600.000
35,7,17.750,3.750,0,1,0.000,0.000,1,3,3,800.000,700.000
35,8,17.750,4.250,0,0,0.000,0.000,0,3,3,400.000,1100.000
35,9,17.750,4.750,0,0,0.000,0.000,0,3,3,300.000,500.000
35,10,17.750,5.250,0,0,0.000,0.000,0,2,2,600.000,300.000
35,11,17.750,5.750,1,0,9.682,1.739,1,1,2,200.000,0.000
35,12,17.750,6.250,1,3,7.302,-2.301,4,0,4,0.000,0.000
35,13,17.750,6.750,0,2,0.000,0.000,2,3,5,400.000,1400.000
35,14,17.750,7.250,0,0,0.000,0.000,0,3,3,1600.000,600.000
35,15,17.750,7.750,1,0,3.540,-0.720,1,1,2,0.000,200.000
35,16,17.750,8.250,0,0,0.000,0.000,0,1,1,0.000,900.000
36,-12,18.250,-5.750,1,0,10.047,-0.105,1,2,3,1200.000,400.000
36,-11,18.250,-5.250,2,0,8.690,1.616,2,3,5,1700.000,1900.000
36,-10,18.250,-4.750,0,0,0.000,0.000,0,3,3,1000.000,700.000
36,-9,18.250,-4.250,0,0,0.000,0.000,0,2,2,500.000,300.000
36,-8,18.250,-3.750,0,0,0.000,0.000,0,2,2,400.000,700.000
36,-7,18.250,-3.250,2,1,3.890,0.448,3,2,5,0.000,400.000
36,-6,18.250,-2.750,1,0,1.649,0.641,1,3,4,100.000,1000.000
36,-5,18.250,-2.250,1,1,4.152,-0.466,2,3,5,300.000,300.000
36,-4,18.250,-1.750,0,0,0.000,0.000,0,1,1,200.000,0.000
36,-3,18.250,-1.250,0,1,0.000,0.000,1,2,3,400.000,0.000
36,-2,18.250,-0.750,0,0,0.000,0.000,0,1,1,100.000,0.000
36,0,18.250,0.250,2,2,3.727,0.233,4,1,5,500.000,0.000
36,1,18.250,0.750,0,0,0.000,0.000,0,2,2,300.000,0.000
36,2,18.250,1.250,1,0,8.767,-2.328,1,2,3,400.000,0.000
36,3,18.250,1.750,0,1,0.000,0.000,1,1,2,300.000,0.000
36,4,18.250,2.250,0,2,0.000,0.000,2,1,3,200.000,0.000
36,5,18.250,2.750,1,0,3.687,-0.035,1,3,4,300.000,0.000
36,6,18.250,3.250,1,1,15.195,0.913,2,3,5,700.000,500.000
36,7,18.250,3.750,0,2,0.000,0.000,2,3,5,500.000,700.000
36,8,18.250,4.250,0,0,0.000,0.000,0,2,2,0.000,600.000
36,9,18.250,4.750,1,0,8.184,-0.887,1,3,4,100.000,900.000
36,10,18.250,5.250,1,0,3.499,0.026,1,2,3,1100.000,300.000
36,11,18.250,5.750,0,0,0.000,0.000,0,2,2,200.000,100.000
36,13,18.250,6.750,1,0,6.802,2.082,1,2,3,100.000,700.000
36,14,18.250,7.250,1,0,9.754,2.134,1,2,3,1000.000,100.000
36,15,18.250,7.750,0,0,0.000,0.000,0,3,3,300.000,600.000
37,-12,18.750,-5.750,0,0,0.000,0.000,0,2,2,800.000,400.000
37,-11,18.750,-5.250,1,1,2.533,0.870,1,3,4,1100.000,1400.000
37,-10,18.750,-4.750,0,0,0.000,0.000,0,3,3,200.000,900.000
37,-9,18.750,-4.250,0,0,0.000,0.000,0,2,2,1000.000,300.000
37,-8,18.750,-3.750,0,1,0.000,0.000,1,3,4,1400.000,600.000
37,-7,18.750,-3.250,1,0,2.357,0.589,1,3,4,700.000,2900.000
37,-6,18.750,-2.750,1,0,5.937,0.053,1,3,4,200.000,400.000
37,-5,18.750,-2.250,0,0,0.000,0.000,0,1,1,300.000,200.000
37,-4,18.750,-1.750,0,0,0.000,0.000,0,1,1,0.000,100.000
37,-3,18.750,-1.250,0,0,0.000,0.000,0,1,1,200.000,0.000
37,-2,18.750,-0.750,1,1,10.505,2.916,2,0,2,0.000,0.000
37,-1,18.750,-0.250,1,2,3.706,0.053,3,0,3,0.000,0.000
37,1,18.750,0.750,0,0,0.000,0.000,0,1,1,400.000,0.000
37,2,18.750,1.250,1,1,9.683,0.536,2,2,4,1400.000,0.000
37,3,18.750,1.750,0,2,0.000,0.000,2,1,3,700.000,0.000
37,4,18.750,2.250,0,0,0.000,0.000,0,2,2,1500.000,0.000
37,5,18.750,2.750,0,0,0.000,0.000,0,2,2,300.000,500.000
37,6,18.750,3.250,0,1,0.000,0.000,1,3,4,600.000,500.000
37,7,18.750,3.750,0,0,0.000,0.000,0,2,2,300.000,100.000
37,8,18.750,4.250,1,0,3.715,-0.492,1,0,1,0.000,0.000
37,9,18.750,4.750,0,1,0.000,0.000,1,3,4,0.000,1000.000
37,10,18.750,5.250,0,1,0.000,0.000,1,3,4,600.000,400.000
37,11,18.750,5.750,0,2,0.000,0.000,2,3,5,700.000,200.000
37,12,18.750,6.250,0,1,0.000,0.000,1,0,1,0.000,0.000
37,13,18.750,6.750,1,0,0.994,0.000,1,2,3,0.000,600.000
37,14,18.750,7.250,1,1,7.416,-0.132,1,3,4,3200.000,500.000
37,15,18.750,7.750,1,1,10.565,0.149,2,3,5,400.000,400.000
37,16,18.750,8.250,0,1,0.000,0.000,1,1,2,0.000,100.000
38,-12,19.250,-5.750,0,0,0.000,0.000,0,2,2,900.000,500.000
38,-11,19.250,-5.250,1,0,8.437,-0.913,1,3,4,700.000,900.000
38,-10,19.250,-4.750,0,1,0.000,0.000,1,3,4,200.000,700.000
38,-9,19.250,-4.250,0,1,0.000,0.000,1,1,2,800.000,0.000
38,-8,19.250,-3.750,0,0,0.000,0.000,0,2,2,500.000,300.000
38,-7,19.250,-3.250,0,1,0.000,0.000,1,2,3,300.000,0.000
38,-6,19.250,-2.750,0,1,0.000,0.000,1,2,3,100.000,400.000
38,-5,19.250,-2.250,0,0,0.000,0.000,0,3,3,1000.000,600.000
38,-4,19.250,-1.750,1,0,3.921,-0.105,1,1,2,100.000,100.000
38,-3,19.250,-1.250,0,1,0.000,0.000,1,1,2,200.000,100.000
38,-2,19.250,-0.750,1,0,0.770,-0.026,1,2,3,400.000,0.000
38,-1,19.250,-0.250,0,0,0.000,0.000,0,1,1,100.000,0.000
38,0,19.250,0.250,0,0,0.000,0.000,0,1,1,200.000,0.000
38,1,19.250,0.750,0,0,0.000,0.000,0,1,1,800.000,0.000
38,2,19.250,1.250,0,0,0.000,0.000,0,1,1,100.000,0.000
38,4,19.250,2.250,2,0,3.789,0.066,2,2,3,400.000,400.000
38,5,19.250,2.750,0,0,0.000,0.000,0,2,2,1200.000,100.000
38,6,19.250,3.250,0,1,0.000,0.000,1,2,3,800.000,200.000
38,7,19.250,3.750,1,1,2.871,0.000,2,2,4,800.000,0.000
38,9,19.250,4.750,0,1,0.000,0.000,1,3,4,100.000,900.000
38,10,19.250,5.250,1,0,2.143,-0.764,1,3,4,100.000,500.000
38,11,19.250,5.750,1,0,4.852,0.413,1,3,4,2200.000,500.000
38,12,19.250,6.250,0,0,0.000,0.000,0,2,2,1700.000,0.000
38,13,19.250,6.750,0,1,0.000,0.000,1,2,3,0.000,300.000
38,14,19.250,7.250,2,1,19.403,-0.220,3,3,6,1800.000,1300.000
38,15,19.250,7.750,1,0,11.879,0.149,1,3,4,1000.000,500.000
38,16,19.250,8.250,0,0,0.000,0.000,0,1,1,0.000,1300.000
39,-12,19.750,-5.750,0,0,0.000,0.000,0,2,2,800.000,300.000
39,-11,19.750,-5.250,1,1,11.911,-0.105,2,3,4,1200.000,1200.000
39,-10,19.750,-4.750,0,2,0.000,0.000,2,3,4,400.000,1000.000
39,-9,19.750,-4.250,0,0,0.000,0.000,0,2,2,800.000,200.000
39,-8,19.750,-3.750,0,2,0.000,0.000,2,1,3,0.000,300.000
39,-7,19.750,-3.250,0,0,0.000,0.000,0,3,3,300.000,500.000
39,-6,19.750,-2.750,1,0,5.502,0.659,1,2,3,300.000,0.000
39,-5,19.750,-2.250,1,1,5.337,2.618,2,2,4,0.000,300.000
39,-4,19.750,-1.750,0,0,0.000,0.000,0,2,2,0.000,300.000
39,-3,19.750,-1.250,1,1,5.065,2.240,2,1,3,0.000,3400.000
39,-2,19.750,-0.750,1,0,7.997,2.477,1,3,4,200.000,200.000
39,-1,19.750,-0.250,0,0,0.000,0.000,0,1,1,0.000,100.000
39,1,19.750,0.750,0,0,0.000,0.000,0,1,1,300.000,0.000
39,2,19.750,1.250,0,0,0.000,0.000,0,1,1,200.000,0.000
39,3,19.750,1.750,0,0,0.000,0.000,0,1,1,100.000,0.000
39,4,19.750,2.250,0,0,0.000,0.000,0,2,2,400.000,0.000
39,5,19.750,2.750,1,0,7.736,1.836,1,1,2,0.000,200.000
39,7,19.750,3.750,0,0,0.000,0.000,0,2,2,900.000,0.000
39,8,19.750,4.250,0,0,0.000,0.000,0,1,1,200.000,0.000
39,9,19.750,4.750,0,1,0.000,0.000,1,3,4,200.000,600.000
39,10,19.750,5.250,0,0,0.000,0.000,0,2,2,0.000,400.000
39,11,19.750,5.750,1,0,2.406,0.026,1,2,3,0.000,300.000
39,12,19.750,6.250,0,2,0.000,0.000,2,0,2,0.000,0.000
39,13,19.750,6.750,0,1,0.000,0.000,1,1,2,200.000,100.000
39,14,19.750,7.250,3,0,13.807,1.950,3,3,6,2200.000,500.000
39,15,19.750,7.750,2,2,12.201,0.400,4,3,7,900.000,600.000
39,16,19.750,8.250,0,0,0.000,0.000,0,1,1,0.000,700.000
40,-12,20.250,-5.750,0,0,0.000,0.000,0,2,2,400.000,400.000
40,-11,20.250,-5.250,1,0,9.201,2.170,1,3,4,1700.000,1500.000
40,-10,20.250,-4.750,2,0,6.874,1.884,2,3,5,900.000,900.000
40,-9,20.250,-4.250,0,1,0.000,0.000,1,1,2,3400.000,0.000
40,-8,20.250,-3.750,0,3,0.000,0.000,3,1,4,700.000,0.000
40,-7,20.250,-3.250,0,0,0.000,0.000,0,1,1,100.000,0.000
40,-6,20.250,-2.750,1,0,6.247,0.404,1,3,4,500.000,500.000
40,-5,20.250,-2.250,1,0,7.348,2.178,1,2,3,500.000,0.000
40,-4,20.250,-1.750,0,0,0.000,0.000,0,2,2,200.000,200.000
40,-3,20.250,-1.250,1,1,4.536,2.152,2,2,4,0.000,500.000
40,-2,20.250,-0.750,0,0,0.000,0.000,0,2,2,200.000,500.000
40,-1,20.250,-0.250,0,0,0.000,0.000,0,2,2,200.000,400.000
40,0,20.250,0.250,0,0,0.000,0.000,0,2,2,200.000,600.000
40,1,20.250,0.750,0,0,0.000,0.000,0,3,3,400.000,700.000
40,2,20.250,1.250,2,0,8.969,2.367,1,2,3,0.000,500.000
40,3,20.250,1.750,1,0,2.958,0.834,1,2,3,500.000,600.000
40,4,20.250,2.250,1,0,4.983,2.187,1,3,4,100.000,500.000
40,5,20.250,2.750,0,0,0.000,0.000,0,2,2,0.000,400.000
40,6,20.250,3.250,0,1,0.000,0.000,1,2,3,700.000,200.000
40,7,20.250,3.750,0,0,0.000,0.000,0,3,3,500.000,200.000
40,8,20.250,4.250,1,1,5.625,0.351,2,2,4,300.000,300.000
40,9,20.250,4.750,1,1,6.430,-0.457,1,2,3,400.000,500.000
40,10,20.250,5.250,2,0,5.578,1.405,2,3,5,0.000,900.000
40,11,20.250,5.750,0,0,0.000,0.000,0,2,2,0.000,300.000
40,12,20.250,6.250,0,0,0.000,0.000,0,1,1,0.000,100.000
40,13,20.250,6.750,1,0,1.120,-0.105,1,2,3,900.000,400.000
40,14,20.250,7.250,0,0,0.000,0.000,0,3,3,1900.000,700.000
40,15,20.250,7.750,2,0,12.579,1.195,2,3,5,1000.000,800.000
40,16,20.250,8.250,1,2,16.744,2.521,2,0,2,0.000,0.000
41,-12,20.750,-5.750,1,1,2.533,-0.870,1,2,3,400.000,500.000
41,-11,20.750,-5.250,0,0,0.000,0.000,0,3,3,1000.000,1100.000
41,-10,20.750,-4.750,0,1,0.000,0.000,1,3,4,1000.000,1100.000
41,-9,20.750,-4.250,0,0,0.000,0.000,0,2,2,200.000,500.000
41,-8,20.750,-3.750,0,1,0.000,0.000,1,2,2,200.000,500.000
41,-7,20.750,-3.250,1,0,4.801,2.635,1,2,3,200.000,600.000
41,-6,20.750,-2.750,0,0,0.000,0.000,0,3,3,200.000,1100.000
41,-5,20.750,-2.250,0,0,0.000,0.000,0,3,3,600.000,1200.000
41,-4,20.750,-1.750,0,0,0.000,0.000,0,3,3,500.000,800.000
41,-3,20.750,-1.250,0,2,0.000,0.000,2,3,5,400.000,600.000
41,-2,20.750,-0.750,1,0,11.119,-0.105,1,3,4,600.000,400.000
41,-1,20.750,-0.250,1,0,10.005,2.240,1,2,3,200.000,200.000
41,0,20.750,0.250,0,0,0.000,0.000,0,2,2,200.000,100.000
41,1,20.750,0.750,0,1,0.000,0.000,1,3,4,500.000,100.000
41,2,20.750,1.250,2,0,2.899,1.410,2,2,4,300.000,200.000
41,3,20.750,1.750,0,1,0.000,0.000,1,3,4,900.000,300.000
41,4,20.750,2.250,0,0,0.000,0.000,0,3,3,200.000,900.000
41,5,20.750,2.750,0,0,0.000,0.000,0,1,1,300.000,200.000
41,6,20.750,3.250,0,0,0.000,0.000,0,1,1,300.000,200.000
41,7,20.750,3.750,0,1,0.000,0.000,1,2,3,900.000,200.000
41,8,20.750,4.250,1,0,4.693,-1.634,1,3,4,400.000,500.000
41,9,20.750,4.750,0,0,0.000,0.000,0,2,2,200.000,400.000
41,10,20.750,5.250,1,1,6.968,0.747,2,3,4,0.000,700.000
41,11,20.750,5.750,0,0,0.000,0.000,0,2,2,0.000,400.000
41,12,20.750,6.250,2,1,1.444,0.250,2,2,4,0.000,400.000
41,13,20.750,6.750,1,1,0.884,0.026,2,3,5,600.000,500.000
41,14,20.750,7.250,1,0,2.404,-0.097,1,3,4,900.000,600.000
41,15,20.750,7.750,0,0,0.000,0.000,0,3,3,900.000,700.000
41,16,20.750,8.250,1,0,3.218,-0.439,1,0,1,0.000,0.000
42,-12,21.250,-5.750,0,0,0.000,0.000,0,2,2,100.000,400.000
42,-11,21.250,-5.250,0,1,0.000,0.000,1,3,4,1200.000,700.000
42,-10,21.250,-4.750,0,0,0.000,0.000,0,3,3,500.000,1500.000
42,-9,21.250,-4.250,1,1,1.491,0.044,1,3,4,600.000,900.000
42,-8,21.250,-3.750,0,0,0.000,0.000,0,2,2,500.000,200.000
42,-7,21.250,-3.250,0,1,0.000,0.000,1,2,3,200.000,200.000
42,-6,21.250,-2.750,0,0,0.000,0.000,0,1,1,300.000,0.000
42,-5,21.250,-2.250,0,0,0.000,0.000,0,2,2,100.000,1400.000
42,-4,21.250,-1.750,0,0,0.000,0.000,0,2,2,500.000,400.000
42,-3,21.250,-1.250,1,0,5.883,0.246,1,3,4,500.000,800.000
42,-2,21.250,-0.750,1,0,4.379,0.000,1,3,4,400.000,600.000
42,-1,21.250,-0.250,0,1,0.000,0.000,1,3,4,200.000,400.000
42,0,21.250,0.250,0,0,0.000,0.000,0,1,1,200.000,0.000
42,1,21.250,0.750,0,0,0.000,0.000,0,3,3,500.000,100.000
42,2,21.250,1.250,0,0,0.000,0.000,0,2,2,400.000,500.000
42,3,21.250,1.750,1,0,0.426,0.009,1,2,3,100.000,500.000
42,4,21.250,2.250,0,0,0.000,0.000,0,1,1,0.000,400.000
42,7,21.250,3.750,1,1,7.028,0.439,2,1,3,600.000,0.000
42,8,21.250,4.250,0,0,0.000,0.000,0,3,3,700.000,300.000
42,9,21.250,4.750,1,3,6.382,-1.054,3,2,5,400.000,200.000
42,10,21.250,5.250,0,0,0.000,0.000,0,3,3,100.000,500.000
42,11,21.250,5.750,0,0,0.000,0.000,0,3,3,0.000,500.000
42,12,21.250,6.250,0,0,0.000,0.000,0,1,1,100.000,0.000
42,13,21.250,6.750,0,0,0.000,0.000,0,2,2,600.000,600.000
42,14,21.250,7.250,0,1,0.000,0.000,1,3,4,1300.000,400.000
42,15,21.250,7.750,1,1,30.515,-0.123,2,3,5,600.000,1200.000
43,-12,21.750,-5.750,0,0,0.000,0.000,0,2,2,0.000,1000.000
43,-11,21.750,-5.250,0,1,0.000,0.000,1,3,3,800.000,900.000
43,-10,21.750,-4.750,1,1,10.475,-0.105,2,3,5,600.000,500.000
43,-9,21.750,-4.250,0,0,0.000,0.000,0,3,3,300.000,600.000
43,-8,21.750,-3.750,0,0,0.000,0.000,0,1,1,400.000,0.000
43,-4,21.750,-1.750,0,0,0.000,0.000,0,1,1,0.000,300.000
43,-3,21.750,-1.250,0,0,0.000,0.000,0,3,3,300.000,200.000
43,-2,21.750,-0.750,1,1,13.024,2.767,2,1,3,100.000,300.000
43,-1,21.750,-0.250,0,0,0.000,0.000,0,2,2,200.000,800.000
43,0,21.750,0.250,0,0,0.000,0.000,0,1,1,100.000,300.000
43,1,21.750,0.750,0,1,0.000,0.000,1,2,3,100.000,200.000
43,2,21.750,1.250,0,0,0.000,0.000,0,2,2,400.000,500.000
43,3,21.750,1.750,0,0,0.000,0.000,0,1,1,0.000,100.000
43,4,21.750,2.250,0,0,0.000,0.000,0,1,1,0.000,100.000
43,7,21.750,3.750,0,1,0.000,0.000,1,3,4,600.000,100.000
43,8,21.750,4.250,0,0,0.000,0.000,0,3,3,500.000,100.000
43,9,21.750,4.750,0,0,0.000,0.000,0,2,2,100.000,200.000
43,10,21.750,5.250,0,0,0.000,0.000,0,2,2,200.000,200.000
43,11,21.750,5.750,0,0,0.000,0.000,0,3,3,200.000,500.000
43,12,21.750,6.250,1,0,3.374,0.694,1,2,3,500.000,200.000
43,13,21.750,6.750,0,1,0.000,0.000,1,2,3,600.000,600.000
43,14,21.750,7.250,1,2,0.316,0.079,3,3,6,700.000,300.000
43,15,21.750,7.750,0,0,0.000,0.000,0,3,3,900.000,1300.000
44,-12,22.250,-5.750,0,0,0.000,0.000,0,2,2,0.000,1500.000
44,-11,22.250,-5.250,0,0,0.000,0.000,0,2,2,500.000,1000.000
44,-10,22.250,-4.750,0,0,0.000,0.000,0,3,3,400.000,400.000
44,-9,22.250,-4.250,0,0,0.000,0.000,0,3,3,500.000,700.000
44,-8,22.250,-3.750,0,0,0.000,0.000,0,2,2,400.000,500.000
44,-7,22.250,-3.250,0,1,0.000,0.000,1,0,1,0.000,0.000
44,-5,22.250,-2.250,0,1,0.000,0.000,1,0,1,0.000,0.000
44,-3,22.250,-1.250,0,0,0.000,0.000,0,1,1,0.000,300.000
44,-2,22.250,-0.750,0,0,0.000,0.000,0,3,3,400.000,200.000
44,-1,22.250,-0.250,0,1,0.000,0.000,1,2,3,0.000,400.000
44,0,22.250,0.250,0,0,0.000,0.000,0,1,1,100.000,300.000
44,1,22.250,0.750,0,0,0.000,0.000,0,2,2,700.000,100.000
44,2,22.250,1.250,0,0,0.000,0.000,0,1,1,0.000,100.000
44,3,22.250,1.750,1,0,3.248,0.000,1,1,2,0.000,300.000
44,4,22.250,2.250,0,0,0.000,0.000,0,1,1,0.000,400.000
44,5,22.250,2.750,0,0,0.000,0.000,0,1,1,0.000,500.000
44,7,22.250,3.750,0,0,0.000,0.000,0,2,2,100.000,300.000
44,8,22.250,4.250,0,0,0.000,0.000,0,2,2,300.000,0.000
44,9,22.250,4.750,0,0,0.000,0.000,0,2,2,200.000,200.000
44,10,22.250,5.250,0,0,0.000,0.000,0,1,1,100.000,300.000
44,11,22.250,5.750,0,0,0.000,0.000,0,3,3,300.000,700.000
44,12,22.250,6.250,0,0,0.000,0.000,0,1,1,0.000,100.000
44,13,22.250,6.750,1,0,7.517,2.257,1,2,3,400.000,1100.000
44,14,22.250,7.250,0,0,0.000,0.000,0,3,3,1100.000,800.000
44,15,22.250,7.750,0,0,0.000,0.000,0,3,3,200.000,600.000
45,-12,22.750,-5.750,0,0,0.000,0.000,0,2,2,0.000,1900.000
45,-11,22.750,-5.250,0,0,0.000,0.000,0,2,2,700.000,1000.000
45,-10,22.750,-4.750,0,0,0.000,0.000,0,2,2,400.000,0.000
45,-9,22.750,-4.250,1,1,1.491,-0.044,1,2,3,300.000,1200.000
45,-8,22.750,-3.750,0,0,0.000,0.000,0,2,2,200.000,200.000
45,-7,22.750,-3.250,0,0,0.000,0.000,0,2,2,500.000,500.000
45,-6,22.750,-2.750,0,0,0.000,0.000,0,1,1,0.000,200.000
45,-5,22.750,-2.250,0,0,0.000,0.000,0,1,1,0.000,200.000
45,-4,22.750,-1.750,0,0,0.000,0.000,0,1,1,0.000,200.000
45,-3,22.750,-1.250,0,0,0.000,0.000,0,1,1,0.000,300.000
45,-2,22.750,-0.750,0,0,0.000,0.000,0,3,3,400.000,700.000
45,-1,22.750,-0.250,0,0,0.000,0.000,0,3,3,100.000,500.000
45,1,22.750,0.750,1,0,2.106,-0.483,1,2,3,700.000,500.000
45,2,22.750,1.250,0,0,0.000,0.000,0,2,2,200.000,0.000
45,3,22.750,1.750,1,0,2.085,0.000,1,1,2,0.000,200.000
45,4,22.750,2.250,0,1,0.000,0.000,1,0,1,0.000,0.000
45,5,22.750,2.750,0,1,0.000,0.000,1,0,1,0.000,0.000
45,7,22.750,3.750,0,0,0.000,0.000,0,2,2,300.000,300.000
45,8,22.750,4.250,0,0,0.000,0.000,0,2,2,300.000,0.000
45,9,22.750,4.750,0,0,0.000,0.000,0,2,2,300.000,200.000
45,10,22.750,5.250,0,1,0.000,0.000,1,1,2,400.000,200.000
45,11,22.750,5.750,0,0,0.000,0.000,0,3,3,0.000,5200.000
45,12,22.750,6.250,0,0,0.000,0.000,0,1,1,0.000,100.000
45,13,22.750,6.750,2,0,10.141,0.070,2,2,4,100.000,1200.000
45,14,22.750,7.250,1,0,10.913,2.205,1,3,4,1100.000,1100.000
45,15,22.750,7.750,0,1,0.000,0.000,1,3,4,200.000,300.000
46,-11,23.250,-5.250,0,0,0.000,0.000,0,1,1,0.000,300.000
46,-9,23.250,-4.250,0,0,0.000,0.000,0,1,1,200.000,0.000
46,-8,23.250,-3.750,1,1,5.206,-1.335,2,1,3,200.000,0.000
46,-7,23.250,-3.250,0,0,0.000,0.000,0,1,1,400.000,0.000
46,-6,23.250,-2.750,0,0,0.000,0.000,0,2,2,300.000,400.000
46,-5,23.250,-2.250,0,0,0.000,0.000,0,2,2,200.000,200.000
46,-4,23.250,-1.750,0,2,0.000,0.000,2,1,3,0.000,300.000
46,-3,23.250,-1.250,0,0,0.000,0.000,0,1,1,100.000,0.000
46,-2,23.250,-0.750,0,0,0.000,0.000,0,3,3,500.000,500.000
46,-1,23.250,-0.250,0,0,0.000,0.000,0,3,3,400.000,200.000
46,0,23.250,0.250,1,0,4.358,0.000,1,2,3,300.000,200.000
46,1,23.250,0.750,0,0,0.000,0.000,0,2,2,400.000,200.000
46,2,23.250,1.250,0,1,0.000,0.000,1,2,3,400.000,500.000
46,4,23.250,2.250,0,0,0.000,0.000,0,1,1,0.000,200.000
46,6,23.250,3.250,0,1,0.000,0.000,1,0,1,0.000,0.000
46,7,23.250,3.750,0,0,0.000,0.000,0,2,2,300.000,300.000
46,8,23.250,4.250,0,0,0.000,0.000,0,3,3,600.000,200.000
46,9,23.250,4.750,0,0,0.000,0.000,0,2,2,200.000,0.000
46,10,23.250,5.250,1,0,11.010,1.221,1,1,1,200.000,200.000
46,11,23.250,5.750,1,0,9.770,0.439,1,1,2,0.000,100.000
46,12,23.250,6.250,0,1,0.000,0.000,1,3,4,100.000,800.000
46,13,23.250,6.750,0,0,0.000,0.000,0,3,3,300.000,1500.000
46,14,23.250,7.250,0,0,0.000,0.000,0,3,3,900.000,800.000
46,15,23.250,7.750,0,1,0.000,0.000,1,2,3,200.000,400.000
47,-5,23.750,-2.250,0,0,0.000,0.000,0,1,1,0.000,100.000
47,-4,23.750,-1.750,0,0,0.000,0.000,0,2,2,300.000,300.000
47,-3,23.750,-1.250,1,0,3.962,0.913,1,2,3,200.000,200.000
47,-2,23.750,-0.750,0,0,0.000,0.000,0,2,2,200.000,400.000
47,-1,23.750,-0.250,0,0,0.000,0.000,0,2,2,0.000,400.000
47,0,23.750,0.250,0,2,0.000,0.000,2,2,4,300.000,400.000
47,1,23.750,0.750,1,1,0.331,0.228,2,3,5,800.000,300.000
47,2,23.750,1.250,0,0,0.000,0.000,0,1,1,300.000,100.000
47,3,23.750,1.750,0,0,0.000,0.000,0,2,2,300.000,200.000
47,4,23.750,2.250,0,1,0.000,0.000,1,1,2,0.000,400.000
47,6,23.750,3.250,0,0,0.000,0.000,0,1,1,100.000,0.000
47,7,23.750,3.750,0,0,0.000,0.000,0,2,2,300.000,200.000
47,8,23.750,4.250,0,0,0.000,0.000,0,2,2,200.000,200.000
47,9,23.750,4.750,1,0,1.475,-0.220,1,3,4,700.000,300.000
47,10,23.750,5.250,0,0,0.000,0.000,0,2,2,200.000,200.000
47,11,23.750,5.750,0,0,0.000,0.000,0,3,3,300.000,700.000
47,12,23.750,6.250,0,0,0.000,0.000,0,2,2,200.000,400.000
47,13,23.750,6.750,0,0,0.000,0.000,0,3,3,200.000,1100.000
47,14,23.750,7.250,0,0,0.000,0.000,0,3,3,800.000,1000.000
47,15,23.750,7.750,0,0,0.000,0.000,0,2,2,300.000,100.000
48,-3,24.250,-1.250,0,1,0.000,0.000,1,0,1,0.000,0.000
48,-2,24.250,-0.750,0,0,0.000,0.000,0,2,2,300.000,400.000
48,-1,24.250,-0.250,1,0,5.949,-0.395,1,1,2,0.000,200.000
48,1,24.250,0.750,0,0,0.000,0.000,0,3,3,600.000,600.000
48,2,24.250,1.250,1,1,0.366,0.000,1,2,3,600.000,500.000
48,3,24.250,1.750,2,1,0.331,0.000,2,2,4,400.000,400.000
48,4,24.250,2.250,0,0,0.000,0.000,0,3,3,600.000,600.000
48,5,24.250,2.750,0,0,0.000,0.000,0,3,3,400.000,700.000
48,6,24.250,3.250,1,2,2.583,0.000,3,3,6,500.000,500.000
48,7,24.250,3.750,1,0,0.178,0.061,1,2,3,200.000,600.000
48,8,24.250,4.250,0,0,0.000,0.000,0,3,3,700.000,400.000
48,9,24.250,4.750,0,0,0.000,0.000,0,2,2,0.000,600.000
48,10,24.250,5.250,0,0,0.000,0.000,0,2,2,0.000,600.000
48,11,24.250,5.750,1,0,6.944,-0.571,1,1,2,0.000,200.000
48,12,24.250,6.250,0,1,0.000,0.000,1,1,2,0.000,300.000
48,13,24.250,6.750,0,0,0.000,0.000,0,2,2,300.000,400.000
48,14,24.250,7.250,0,0,0.000,0.000,0,3,3,1000.000,600.000
48,15,24.250,7.750,0,0,0.000,0.000,0,2,2,100.000,500.000
49,-1,24.750,-0.250,0,0,0.000,0.000,0,2,2,200.000,2600.000
49,0,24.750,0.250,0,0,0.000,0.000,0,1,1,200.000,0.000
49,1,24.750,0.750,0,0,0.000,0.000,0,2,2,400.000,300.000
49,2,24.750,1.250,0,0,0.000,0.000,0,1,1,200.000,0.000
49,3,24.750,1.750,0,1,0.000,0.000,1,0,1,0.000,0.000
49,4,24.750,2.250,0,0,0.000,0.000,0,1,1,0.000,100.000
49,5,24.750,2.750,0,1,0.000,0.000,1,2,3,200.000,400.000
49,6,24.750,3.250,0,0,0.000,0.000,0,2,2,200.000,1300.000
49,7,24.750,3.750,0,1,0.000,0.000,1,2,3,200.000,1000.000
49,8,24.750,4.250,0,0,0.000,0.000,0,2,2,0.000,300.000
49,9,24.750,4.750,1,0,8.789,2.178,1,2,2,0.000,600.000
49,11,24.750,5.750,0,0,0.000,0.000,0,1,1,0.000,200.000
49,12,24.750,6.250,0,0,0.000,0.000,0,1,1,0.000,300.000
49,13,24.750,6.750,0,0,0.000,0.000,0,2,2,400.000,400.000
49,14,24.750,7.250,0,0,0.000,0.000,0,3,3,1000.000,800.000
49,15,24.750,7.750,0,0,0.000,0.000,0,1,1,0.000,300.000
50,-1,25.250,-0.250,0,0,0.000,0.000,0,1,1,0.000,100.000
50,3,25.250,1.750,1,1,0.898,0.000,2,0,2,0.000,0.000
50,6,25.250,3.250,0,0,0.000,0.000,0,1,1,0.000,300.000
50,7,25.250,3.750,0,1,0.000,0.000,1,1,2,0.000,300.000
50,8,25.250,4.250,0,0,0.000,0.000,0,1,1,0.000,200.000
50,9,25.250,4.750,1,0,4.317,1.107,1,1,2,0.000,300.000
50,10,25.250,5.250,0,0,0.000,0.000,0,1,1,0.000,300.000
50,12,25.250,6.250,0,1,0.000,0.000,1,0,1,0.000,0.000
50,13,25.250,6.750,0,0,0.000,0.000,0,3,3,900.000,1900.000
50,14,25.250,7.250,0,0,0.000,0.000,0,3,3,1400.000,2000.000
50,15,25.250,7.750,0,0,0.000,0.000,0,1,1,0.000,100.000
51,12,25.750,6.250,1,0,4.872,1.432,1,0,1,0.000,0.000
