col,lig,centre_x,centre_y,kills_depuis,morts_dedans,portee_mediane_m,denivele_median_m,matchs_kills,matchs_presence,matchs_distincts,occupation_gagnants_ms,occupation_perdants_ms
-45,-100,-22.250,-49.750,0,0,0.000,0.000,0,1,1,0.000,700.000
-45,-93,-22.250,-46.250,0,0,0.000,0.000,0,1,1,0.000,1000.000
-45,-91,-22.250,-45.250,0,0,0.000,0.000,0,1,1,0.000,1000.000
-45,-90,-22.250,-44.750,0,0,0.000,0.000,0,1,1,0.000,100.000
-45,-89,-22.250,-44.250,0,0,0.000,0.000,0,1,1,0.000,400.000
-45,-88,-22.250,-43.750,0,1,0.000,0.000,1,1,2,0.000,300.000
-45,-87,-22.250,-43.250,0,0,0.000,0.000,0,1,1,0.000,400.000
-45,-86,-22.250,-42.750,0,1,0.000,0.000,1,1,2,0.000,200.000
-45,-85,-22.250,-42.250,0,0,0.000,0.000,0,1,1,0.000,100.000
-45,-83,-22.250,-41.250,0,0,0.000,0.000,0,1,1,0.000,300.000
-45,-82,-22.250,-40.750,0,0,0.000,0.000,0,1,1,0.000,300.000
-45,-81,-22.250,-40.250,0,1,0.000,0.000,1,1,2,0.000,900.000
-44,-100,-21.750,-49.750,0,0,0.000,0.000,0,1,1,0.000,300.000
-44,-98,-21.750,-48.750,0,0,0.000,0.000,0,1,1,0.000,200.000
-44,-97,-21.750,-48.250,0,0,0.000,0.000,0,1,1,0.000,200.000
-44,-96,-21.750,-47.750,0,0,0.000,0.000,0,1,1,0.000,200.000
-44,-95,-21.750,-47.250,0,0,0.000,0.000,0,1,1,0.000,200.000
-44,-94,-21.750,-46.750,0,0,0.000,0.000,0,1,1,0.000,200.000
-44,-93,-21.750,-46.250,0,0,0.000,0.000,0,1,1,0.000,600.000
-44,-92,-21.750,-45.750,1,0,4.280,0.036,1,1,2,0.000,300.000
-44,-91,-21.750,-45.250,1,0,7.518,1.832,1,1,2,0.000,900.000
-44,-90,-21.750,-44.750,1,0,6.164,0.036,1,1,2,0.000,300.000
-44,-89,-21.750,-44.250,0,0,0.000,0.000,0,1,1,0.000,3500.000
-44,-88,-21.750,-43.750,1,0,4.615,-0.209,1,1,2,0.000,1600.000
-44,-87,-21.750,-43.250,1,0,5.125,0.988,1,1,2,0.000,500.000
-44,-86,-21.750,-42.750,2,1,1.711,-0.290,3,1,4,0.000,500.000
-44,-85,-21.750,-42.250,0,1,0.000,0.000,1,1,2,0.000,500.000
-44,-84,-21.750,-41.750,0,0,0.000,0.000,0,1,1,0.000,100.000
-44,-83,-21.750,-41.250,0,0,0.000,0.000,0,1,1,0.000,200.000
-44,-82,-21.750,-40.750,0,0,0.000,0.000,0,1,1,0.000,100.000
-44,-81,-21.750,-40.250,0,0,0.000,0.000,0,1,1,0.000,800.000
-43,-101,-21.250,-50.250,1,0,4.134,-0.036,1,1,2,0.000,100.000
-43,-100,-21.250,-49.750,0,0,0.000,0.000,0,1,1,0.000,100.000
-43,-99,-21.250,-49.250,0,1,0.000,0.000,1,1,2,0.000,300.000
-43,-98,-21.250,-48.750,1,0,0.463,0.236,1,1,2,0.000,300.000
-43,-97,-21.250,-48.250,0,2,0.000,0.000,2,1,3,0.000,400.000
-43,-96,-21.250,-47.750,0,0,0.000,0.000,0,1,1,0.000,400.000
-43,-95,-21.250,-47.250,0,0,0.000,0.000,0,1,1,0.000,500.000
-43,-94,-21.250,-46.750,0,0,0.000,0.000,0,1,1,0.000,300.000
-43,-93,-21.250,-46.250,0,0,0.000,0.000,0,1,1,0.000,600.000
-43,-92,-21.250,-45.750,0,1,0.000,0.000,1,1,2,0.000,400.000
-43,-91,-21.250,-45.250,1,1,4.822,1.832,1,1,2,0.000,700.000
-43,-90,-21.250,-44.750,0,1,0.000,0.000,1,1,2,0.000,400.000
-43,-89,-21.250,-44.250,0,2,0.000,0.000,2,1,3,0.000,500.000
-43,-88,-21.250,-43.750,0,1,0.000,0.000,1,1,2,0.000,500.000
-43,-87,-21.250,-43.250,0,0,0.000,0.000,0,1,1,0.000,500.000
-43,-86,-21.250,-42.750,1,1,1.755,-0.762,2,1,3,0.000,600.000
-43,-85,-21.250,-42.250,0,0,0.000,0.000,0,1,1,0.000,800.000
-43,-84,-21.250,-41.750,0,0,0.000,0.000,0,1,1,0.000,500.000
-43,-82,-21.250,-40.750,0,1,0.000,0.000,1,1,2,0.000,500.000
-43,-81,-21.250,-40.250,3,0,3.704,-0.100,2,1,3,0.000,100.000
-43,-80,-21.250,-39.750,0,0,0.000,0.000,0,1,1,0.000,400.000
-43,-79,-21.250,-39.250,1,0,2.441,-0.045,1,0,1,0.000,0.000
-42,-101,-20.750,-50.250,0,0,0.000,0.000,0,1,1,0.000,200.000
-42,-100,-20.750,-49.750,1,1,2.247,0.027,1,1,2,0.000,400.000
-42,-99,-20.750,-49.250,0,0,0.000,0.000,0,1,1,0.000,500.000
-42,-98,-20.750,-48.750,0,0,0.000,0.000,0,1,1,0.000,100.000
-42,-97,-20.750,-48.250,0,1,0.000,0.000,1,0,1,0.000,0.000
-42,-94,-20.750,-46.750,0,0,0.000,0.000,0,1,1,0.000,100.000
-42,-93,-20.750,-46.250,0,1,0.000,0.000,1,1,2,0.000,500.000
-42,-92,-20.750,-45.750,0,0,0.000,0.000,0,1,1,0.000,300.000
-42,-91,-20.750,-45.250,1,0,16.681,-0.263,1,1,2,0.000,400.000
-42,-90,-20.750,-44.750,0,0,0.000,0.000,0,1,1,0.000,300.000
-42,-89,-20.750,-44.250,0,1,0.000,0.000,1,1,2,0.000,600.000
-42,-88,-20.750,-43.750,0,0,0.000,0.000,0,1,1,0.000,400.000
-42,-87,-20.750,-43.250,0,0,0.000,0.000,0,1,1,0.000,400.000
-42,-86,-20.750,-42.750,0,0,0.000,0.000,0,1,1,0.000,1100.000
-42,-85,-20.750,-42.250,0,0,0.000,0.000,0,1,1,0.000,500.000
-42,-84,-20.750,-41.750,0,1,0.000,0.000,1,1,2,0.000,700.000
-42,-83,-20.750,-41.250,0,0,0.000,0.000,0,1,1,0.000,1000.000
-42,-82,-20.750,-40.750,0,0,0.000,0.000,0,1,1,0.000,1300.000
-42,-80,-20.750,-39.750,0,0,0.000,0.000,0,1,1,0.000,200.000
-42,-79,-20.750,-39.250,0,1,0.000,0.000,1,1,2,0.000,200.000
-41,-101,-20.250,-50.250,0,0,0.000,0.000,0,1,1,0.000,600.000
-41,-100,-20.250,-49.750,0,0,0.000,0.000,0,1,1,0.000,400.000
-41,-99,-20.250,-49.250,0,0,0.000,0.000,0,1,1,0.000,2900.000
-41,-93,-20.250,-46.250,0,0,0.000,0.000,0,1,1,0.000,400.000
-41,-92,-20.250,-45.750,0,0,0.000,0.000,0,1,1,0.000,400.000
-41,-91,-20.250,-45.250,0,1,0.000,0.000,1,1,2,0.000,400.000
-41,-90,-20.250,-44.750,0,0,0.000,0.000,0,1,1,0.000,700.000
-41,-88,-20.250,-43.750,0,0,0.000,0.000,0,1,1,0.000,300.000
-41,-83,-20.250,-41.250,0,0,0.000,0.000,0,1,1,0.000,300.000
-41,-82,-20.250,-40.750,0,1,0.000,0.000,1,1,2,0.000,600.000
-41,-81,-20.250,-40.250,1,0,0.249,-0.009,1,1,2,0.000,1000.000
-41,-80,-20.250,-39.750,1,0,8.721,-0.952,1,1,2,0.000,400.000
-41,-79,-20.250,-39.250,1,0,2.998,-0.716,1,1,2,0.000,300.000
-41,-78,-20.250,-38.750,0,0,0.000,0.000,0,1,1,0.000,200.000
-41,-77,-20.250,-38.250,2,0,4.486,-0.689,2,0,2,0.000,0.000
-40,-103,-19.750,-51.250,1,0,3.614,0.000,1,1,2,0.000,200.000
-40,-102,-19.750,-50.750,0,0,0.000,0.000,0,1,1,0.000,400.000
-40,-101,-19.750,-50.250,0,0,0.000,0.000,0,1,1,0.000,500.000
-40,-100,-19.750,-49.750,0,0,0.000,0.000,0,1,1,0.000,100.000
-40,-99,-19.750,-49.250,0,0,0.000,0.000,0,1,1,0.000,400.000
-40,-94,-19.750,-46.750,0,0,0.000,0.000,0,1,1,0.000,100.000
-40,-93,-19.750,-46.250,0,1,0.000,0.000,1,1,2,0.000,200.000
-40,-92,-19.750,-45.750,0,1,0.000,0.000,1,1,2,0.000,500.000
-40,-91,-19.750,-45.250,0,0,0.000,0.000,0,1,1,0.000,300.000
-40,-90,-19.750,-44.750,0,0,0.000,0.000,0,1,1,0.000,600.000
-40,-88,-19.750,-43.750,1,0,2.970,0.000,1,1,2,0.000,100.000
-40,-87,-19.750,-43.250,0,0,0.000,0.000,0,1,1,0.000,200.000
-40,-83,-19.750,-41.250,0,1,0.000,0.000,1,0,1,0.000,0.000
-40,-81,-19.750,-40.250,0,0,0.000,0.000,0,1,1,200.000,0.000
-40,-80,-19.750,-39.750,0,0,0.000,0.000,0,1,1,200.000,1400.000
-40,-79,-19.750,-39.250,2,0,1.997,-0.585,2,1,3,200.000,800.000
-40,-78,-19.750,-38.750,1,2,6.245,-2.367,3,1,4,100.000,500.000
-40,-77,-19.750,-38.250,1,2,0.085,0.009,2,0,2,0.000,0.000
-40,-76,-19.750,-37.750,1,0,1.074,0.000,1,0,1,0.000,0.000
-40,-51,-19.750,-25.250,0,0,0.000,0.000,0,1,1,0.000,200.000
-39,-104,-19.250,-51.750,0,0,0.000,0.000,0,1,1,0.000,100.000
-39,-103,-19.250,-51.250,0,1,0.000,0.000,1,1,2,0.000,200.000
-39,-102,-19.250,-50.750,0,0,0.000,0.000,0,1,1,0.000,700.000
-39,-101,-19.250,-50.250,0,1,0.000,0.000,1,1,2,0.000,100.000
-39,-94,-19.250,-46.750,0,1,0.000,0.000,1,1,2,0.000,200.000
-39,-93,-19.250,-46.250,1,0,9.603,0.000,1,0,1,0.000,0.000
-39,-92,-19.250,-45.750,0,1,0.000,0.000,1,1,2,0.000,500.000
-39,-91,-19.250,-45.250,1,0,10.257,-0.925,1,1,2,0.000,500.000
-39,-90,-19.250,-44.750,0,0,0.000,0.000,0,1,1,0.000,100.000
-39,-87,-19.250,-43.250,0,0,0.000,0.000,0,1,1,0.000,200.000
-39,-86,-19.250,-42.750,1,0,3.002,0.000,1,1,2,0.000,100.000
-39,-85,-19.250,-42.250,1,0,2.113,0.009,1,0,1,0.000,0.000
-39,-82,-19.250,-40.750,2,0,2.573,-0.385,2,1,3,200.000,0.000
-39,-81,-19.250,-40.250,0,0,0.000,0.000,0,1,1,0.000,600.000
-39,-80,-19.250,-39.750,0,0,0.000,0.000,0,1,1,0.000,200.000
-39,-79,-19.250,-39.250,0,0,0.000,0.000,0,1,1,0.000,500.000
-39,-78,-19.250,-38.750,0,1,0.000,0.000,1,1,2,0.000,1100.000
-39,-77,-19.250,-38.250,0,1,0.000,0.000,1,1,2,300.000,700.000
-39,-76,-19.250,-37.750,1,0,8.326,-2.122,1,1,2,0.000,100.000
-39,-51,-19.250,-25.250,0,0,0.000,0.000,0,1,1,0.000,200.000
-38,-104,-18.750,-51.750,0,0,0.000,0.000,0,1,1,0.000,200.000
-38,-103,-18.750,-51.250,0,0,0.000,0.000,0,1,1,0.000,600.000
-38,-102,-18.750,-50.750,0,0,0.000,0.000,0,1,1,0.000,400.000
-38,-101,-18.750,-50.250,1,1,2.247,-0.027,1,0,1,0.000,0.000
-38,-94,-18.750,-46.750,0,1,0.000,0.000,1,1,2,0.000,200.000
-38,-93,-18.750,-46.250,2,0,6.290,0.227,2,0,2,0.000,0.000
-38,-92,-18.750,-45.750,1,0,13.600,-0.508,1,1,2,0.000,400.000
-38,-91,-18.750,-45.250,0,0,0.000,0.000,0,1,1,0.000,800.000
-38,-86,-18.750,-42.750,0,0,0.000,0.000,0,1,1,0.000,200.000
-38,-85,-18.750,-42.250,0,0,0.000,0.000,0,1,1,0.000,200.000
-38,-83,-18.750,-41.250,0,1,0.000,0.000,1,1,2,300.000,0.000
-38,-82,-18.750,-40.750,1,0,3.546,0.073,1,1,2,0.000,100.000
-38,-81,-18.750,-40.250,0,0,0.000,0.000,0,1,1,0.000,600.000
-38,-78,-18.750,-38.750,0,0,0.000,0.000,0,1,1,0.000,200.000
-38,-77,-18.750,-38.250,2,1,1.420,0.104,3,1,4,0.000,1200.000
-38,-76,-18.750,-37.750,0,0,0.000,0.000,0,1,1,200.000,600.000
-38,-75,-18.750,-37.250,0,0,0.000,0.000,0,1,1,100.000,200.000
-38,-74,-18.750,-36.750,0,0,0.000,0.000,0,1,1,200.000,200.000
-38,-73,-18.750,-36.250,0,0,0.000,0.000,0,1,1,200.000,200.000
-38,-72,-18.750,-35.750,0,0,0.000,0.000,0,1,1,200.000,0.000
-38,-71,-18.750,-35.250,0,0,0.000,0.000,0,1,1,200.000,200.000
-38,-70,-18.750,-34.750,0,0,0.000,0.000,0,1,1,100.000,500.000
-38,-69,-18.750,-34.250,0,0,0.000,0.000,0,1,1,200.000,500.000
-38,-68,-18.750,-33.750,0,0,0.000,0.000,0,1,1,200.000,600.000
-38,-67,-18.750,-33.250,0,0,0.000,0.000,0,1,1,0.000,1100.000
-38,-66,-18.750,-32.750,1,0,6.968,0.082,1,1,1,400.000,900.000
-38,-65,-18.750,-32.250,0,0,0.000,0.000,0,1,1,500.000,1000.000
-38,-64,-18.750,-31.750,1,0,5.363,1.161,1,1,2,300.000,900.000
-38,-63,-18.750,-31.250,1,0,1.781,0.780,1,1,2,0.000,1200.000
-38,-62,-18.750,-30.750,0,0,0.000,0.000,0,1,1,300.000,400.000
-38,-61,-18.750,-30.250,0,0,0.000,0.000,0,1,1,200.000,400.000
-38,-60,-18.750,-29.750,0,0,0.000,0.000,0,1,1,400.000,300.000
-38,-59,-18.750,-29.250,0,0,0.000,0.000,0,1,1,700.000,600.000
-38,-58,-18.750,-28.750,0,0,0.000,0.000,0,1,1,200.000,500.000
-38,-57,-18.750,-28.250,0,1,0.000,0.000,1,1,2,0.000,200.000
-38,-56,-18.750,-27.750,1,0,0.463,0.372,1,0,1,0.000,0.000
-38,-55,-18.750,-27.250,0,0,0.000,0.000,0,1,1,0.000,100.000
-38,-54,-18.750,-26.750,1,1,2.997,1.451,2,1,3,0.000,300.000
-38,-51,-18.750,-25.250,0,0,0.000,0.000,0,1,1,0.000,200.000
-37,-105,-18.250,-52.250,0,0,0.000,0.000,0,1,1,0.000,100.000
-37,-104,-18.250,-51.750,0,0,0.000,0.000,0,1,1,0.000,800.000
-37,-103,-18.250,-51.250,0,0,0.000,0.000,0,1,1,0.000,100.000
-37,-96,-18.250,-47.750,0,1,0.000,0.000,1,0,1,0.000,0.000
-37,-94,-18.250,-46.750,0,0,0.000,0.000,0,1,1,0.000,100.000
-37,-92,-18.250,-45.750,0,0,0.000,0.000,0,1,1,0.000,400.000
-37,-91,-18.250,-45.250,0,0,0.000,0.000,0,1,1,0.000,800.000
-37,-84,-18.250,-41.750,0,0,0.000,0.000,0,1,1,200.000,200.000
-37,-83,-18.250,-41.250,0,0,0.000,0.000,0,1,1,0.000,300.000
-37,-82,-18.250,-40.750,0,0,0.000,0.000,0,1,1,0.000,200.000
-37,-81,-18.250,-40.250,0,0,0.000,0.000,0,1,1,0.000,300.000
-37,-80,-18.250,-39.750,0,0,0.000,0.000,0,1,1,0.000,300.000
-37,-78,-18.250,-38.750,0,0,0.000,0.000,0,1,1,0.000,100.000
-37,-77,-18.250,-38.250,0,1,0.000,0.000,1,1,2,0.000,100.000
-37,-76,-18.250,-37.750,0,0,0.000,0.000,0,1,1,0.000,800.000
-37,-75,-18.250,-37.250,0,0,0.000,0.000,0,1,1,0.000,900.000
-37,-74,-18.250,-36.750,0,0,0.000,0.000,0,1,1,0.000,200.000
-37,-73,-18.250,-36.250,0,0,0.000,0.000,0,1,1,0.000,300.000
-37,-72,-18.250,-35.750,0,0,0.000,0.000,0,1,1,0.000,500.000
-37,-71,-18.250,-35.250,0,0,0.000,0.000,0,1,1,0.000,500.000
-37,-70,-18.250,-34.750,0,0,0.000,0.000,0,1,1,0.000,100.000
-37,-69,-18.250,-34.250,0,0,0.000,0.000,0,1,1,0.000,200.000
-37,-68,-18.250,-33.750,0,0,0.000,0.000,0,1,1,100.000,100.000
-37,-67,-18.250,-33.250,0,0,0.000,0.000,0,1,1,400.000,200.000
-37,-66,-18.250,-32.750,0,1,0.000,0.000,1,1,2,200.000,0.000
-37,-65,-18.250,-32.250,0,0,0.000,0.000,0,1,1,0.000,400.000
-37,-64,-18.250,-31.750,1,2,0.332,-0.218,2,1,3,100.000,600.000
-37,-63,-18.250,-31.250,0,1,0.000,0.000,1,1,2,500.000,400.000
-37,-62,-18.250,-30.750,1,0,5.948,0.943,1,1,2,200.000,1000.000
-37,-61,-18.250,-30.250,0,0,0.000,0.000,0,1,1,300.000,900.000
-37,-60,-18.250,-29.750,0,0,0.000,0.000,0,1,1,200.000,900.000
-37,-59,-18.250,-29.250,1,1,2.937,1.922,2,1,3,0.000,400.000
-37,-58,-18.250,-28.750,0,0,0.000,0.000,0,1,1,200.000,500.000
-37,-57,-18.250,-28.250,0,0,0.000,0.000,0,1,1,600.000,900.000
-37,-56,-18.250,-27.750,1,0,4.406,2.403,1,1,2,700.000,600.000
-37,-55,-18.250,-27.250,0,1,0.000,0.000,1,1,2,200.000,700.000
-37,-54,-18.250,-26.750,1,0,0.447,0.435,1,1,2,500.000,4900.000
-37,-53,-18.250,-26.250,2,1,5.998,3.201,3,1,4,500.000,7400.000
-37,-51,-18.250,-25.250,0,1,0.000,0.000,1,1,1,100.000,200.000
-37,-50,-18.250,-24.750,1,0,0.539,0.453,1,1,1,0.000,500.000
-37,-49,-18.250,-24.250,1,0,4.890,2.095,1,0,1,0.000,0.000
-36,-105,-17.750,-52.250,0,0,0.000,0.000,0,1,1,0.000,500.000
-36,-104,-17.750,-51.750,0,0,0.000,0.000,0,1,1,0.000,200.000
-36,-103,-17.750,-51.250,0,0,0.000,0.000,0,1,1,0.000,200.000
-36,-94,-17.750,-46.750,0,0,0.000,0.000,0,1,1,0.000,200.000
-36,-92,-17.750,-45.750,0,0,0.000,0.000,0,1,1,0.000,800.000
-36,-91,-17.750,-45.250,0,0,0.000,0.000,0,1,1,0.000,400.000
-36,-87,-17.750,-43.250,0,1,0.000,0.000,1,0,1,0.000,0.000
-36,-85,-17.750,-42.250,0,0,0.000,0.000,0,1,1,100.000,0.000
-36,-84,-17.750,-41.750,0,1,0.000,0.000,1,1,2,100.000,0.000
-36,-83,-17.750,-41.250,2,1,4.060,-0.580,3,0,3,0.000,0.000
-36,-80,-17.750,-39.750,0,0,0.000,0.000,0,1,1,0.000,300.000
-36,-78,-17.750,-38.750,0,0,0.000,0.000,0,1,1,0.000,800.000
-36,-77,-17.750,-38.250,0,0,0.000,0.000,0,1,1,0.000,500.000
-36,-76,-17.750,-37.750,2,1,1.889,0.222,2,1,3,0.000,400.000
-36,-75,-17.750,-37.250,0,0,0.000,0.000,0,1,1,0.000,900.000
-36,-74,-17.750,-36.750,1,2,0.306,0.027,2,1,3,0.000,1000.000
-36,-73,-17.750,-36.250,1,1,3.047,0.018,2,1,3,0.000,300.000
-36,-72,-17.750,-35.750,0,0,0.000,0.000,0,1,1,0.000,300.000
-36,-71,-17.750,-35.250,0,0,0.000,0.000,0,1,1,0.000,200.000
-36,-70,-17.750,-34.750,0,0,0.000,0.000,0,1,1,0.000,200.000
-36,-69,-17.750,-34.250,0,0,0.000,0.000,0,1,1,0.000,100.000
-36,-68,-17.750,-33.750,0,0,0.000,0.000,0,1,1,200.000,600.000
-36,-67,-17.750,-33.250,0,0,0.000,0.000,0,1,1,0.000,100.000
-36,-59,-17.750,-29.250,1,0,2.255,0.018,1,0,1,0.000,0.000
-36,-58,-17.750,-28.750,0,0,0.000,0.000,0,1,1,200.000,200.000
-36,-57,-17.750,-28.250,0,0,0.000,0.000,0,1,1,400.000,400.000
-36,-56,-17.750,-27.750,0,0,0.000,0.000,0,1,1,300.000,400.000
-36,-55,-17.750,-27.250,1,0,4.510,1.777,1,1,2,300.000,1100.000
-36,-54,-17.750,-26.750,0,0,0.000,0.000,0,1,1,600.000,2200.000
-36,-53,-17.750,-26.250,0,1,0.000,0.000,1,1,2,100.000,1400.000
-36,-52,-17.750,-25.750,0,0,0.000,0.000,0,1,1,0.000,800.000
-36,-51,-17.750,-25.250,0,0,0.000,0.000,0,1,1,0.000,800.000
-36,-50,-17.750,-24.750,0,0,0.000,0.000,0,1,1,300.000,1100.000
-35,-105,-17.250,-52.250,0,0,0.000,0.000,0,1,1,0.000,500.000
-35,-104,-17.250,-51.750,0,0,0.000,0.000,0,1,1,0.000,200.000
-35,-103,-17.250,-51.250,0,0,0.000,0.000,0,1,1,0.000,200.000
-35,-95,-17.250,-47.250,0,0,0.000,0.000,0,1,1,0.000,200.000
-35,-94,-17.250,-46.750,1,0,22.768,-0.299,1,0,1,0.000,0.000
-35,-93,-17.250,-46.250,0,0,0.000,0.000,0,1,1,0.000,200.000
-35,-92,-17.250,-45.750,0,1,0.000,0.000,1,1,2,0.000,1000.000
-35,-91,-17.250,-45.250,0,0,0.000,0.000,0,1,1,0.000,100.000
-35,-89,-17.250,-44.250,0,1,0.000,0.000,1,0,1,0.000,0.000
-35,-86,-17.250,-42.750,0,1,0.000,0.000,1,1,2,100.000,0.000
-35,-85,-17.250,-42.250,0,0,0.000,0.000,0,1,1,100.000,0.000
-35,-84,-17.250,-41.750,0,1,0.000,0.000,1,0,1,0.000,0.000
-35,-83,-17.250,-41.250,1,1,1.120,0.163,2,0,2,0.000,0.000
-35,-78,-17.250,-38.750,0,0,0.000,0.000,0,1,1,0.000,600.000
-35,-77,-17.250,-38.250,0,0,0.000,0.000,0,1,1,0.000,3800.000
-35,-76,-17.250,-37.750,0,0,0.000,0.000,0,1,1,0.000,900.000
-35,-75,-17.250,-37.250,0,0,0.000,0.000,0,1,1,0.000,500.000
-35,-74,-17.250,-36.750,0,1,0.000,0.000,1,1,2,0.000,400.000
-35,-73,-17.250,-36.250,0,0,0.000,0.000,0,1,1,0.000,700.000
-35,-72,-17.250,-35.750,0,0,0.000,0.000,0,1,1,0.000,300.000
-35,-71,-17.250,-35.250,0,0,0.000,0.000,0,1,1,0.000,100.000
-35,-70,-17.250,-34.750,0,0,0.000,0.000,0,1,1,0.000,700.000
-35,-69,-17.250,-34.250,0,0,0.000,0.000,0,1,1,200.000,300.000
-35,-66,-17.250,-32.750,0,0,0.000,0.000,0,1,1,0.000,400.000
-35,-62,-17.250,-30.750,0,1,0.000,0.000,1,0,1,0.000,0.000
-35,-59,-17.250,-29.250,0,1,0.000,0.000,1,1,2,0.000,100.000
-35,-58,-17.250,-28.750,0,0,0.000,0.000,0,1,1,0.000,100.000
-35,-57,-17.250,-28.250,0,0,0.000,0.000,0,1,1,1400.000,300.000
-35,-56,-17.250,-27.750,1,0,1.759,0.544,1,1,2,200.000,600.000
-35,-55,-17.250,-27.250,1,0,3.452,1.315,1,1,2,0.000,3100.000
-35,-54,-17.250,-26.750,0,0,0.000,0.000,0,1,1,0.000,1600.000
-35,-53,-17.250,-26.250,0,0,0.000,0.000,0,1,1,200.000,1200.000
-35,-52,-17.250,-25.750,0,0,0.000,0.000,0,1,1,0.000,500.000
-35,-51,-17.250,-25.250,1,0,2.519,0.000,1,1,2,0.000,800.000
-35,-50,-17.250,-24.750,0,0,0.000,0.000,0,1,1,200.000,100.000
-34,-105,-16.750,-52.250,0,1,0.000,0.000,1,1,2,0.000,400.000
-34,-104,-16.750,-51.750,0,0,0.000,0.000,0,1,1,0.000,200.000
-34,-103,-16.750,-51.250,0,0,0.000,0.000,0,1,1,0.000,200.000
-34,-95,-16.750,-47.250,0,0,0.000,0.000,0,1,1,0.000,200.000
-34,-94,-16.750,-46.750,0,2,0.000,0.000,2,1,3,0.000,200.000
-34,-93,-16.750,-46.250,0,0,0.000,0.000,0,1,1,0.000,400.000
-34,-92,-16.750,-45.750,0,1,0.000,0.000,1,1,2,0.000,700.000
-34,-91,-16.750,-45.250,0,0,0.000,0.000,0,1,1,0.000,100.000
-34,-86,-16.750,-42.750,0,0,0.000,0.000,0,1,1,200.000,0.000
-34,-85,-16.750,-42.250,0,1,0.000,0.000,1,0,1,0.000,0.000
-34,-78,-16.750,-38.750,0,0,0.000,0.000,0,1,1,0.000,2000.000
-34,-77,-16.750,-38.250,0,0,0.000,0.000,0,1,1,0.000,1100.000
-34,-76,-16.750,-37.750,1,0,6.809,0.952,1,1,2,0.000,1000.000
-34,-75,-16.750,-37.250,0,0,0.000,0.000,0,1,1,0.000,1000.000
-34,-74,-16.750,-36.750,0,0,0.000,0.000,0,1,1,0.000,200.000
-34,-73,-16.750,-36.250,0,0,0.000,0.000,0,1,1,0.000,500.000
-34,-72,-16.750,-35.750,0,0,0.000,0.000,0,1,1,0.000,1000.000
-34,-71,-16.750,-35.250,0,0,0.000,0.000,0,1,1,0.000,400.000
-34,-70,-16.750,-34.750,0,0,0.000,0.000,0,1,1,0.000,500.000
-34,-69,-16.750,-34.250,0,0,0.000,0.000,0,1,1,0.000,200.000
-34,-68,-16.750,-33.750,0,0,0.000,0.000,0,1,1,200.000,3100.000
-34,-66,-16.750,-32.750,0,0,0.000,0.000,0,1,1,0.000,1700.000
-34,-65,-16.750,-32.250,1,0,13.828,0.662,1,1,2,0.000,2500.000
-34,-64,-16.750,-31.750,1,0,20.073,0.399,1,1,2,0.000,400.000
-34,-63,-16.750,-31.250,0,1,0.000,0.000,1,1,2,0.000,700.000
-34,-62,-16.750,-30.750,2,0,7.548,0.331,2,1,3,600.000,14500.000
-34,-61,-16.750,-30.250,0,1,0.000,0.000,1,1,2,400.000,10800.000
-34,-60,-16.750,-29.750,0,0,0.000,0.000,0,1,1,100.000,6400.000
-34,-59,-16.750,-29.250,0,1,0.000,0.000,1,1,2,100.000,3400.000
-34,-58,-16.750,-28.750,1,0,0.333,0.209,1,1,2,1000.000,200.000
-34,-57,-16.750,-28.250,0,0,0.000,0.000,0,1,1,800.000,500.000
-34,-56,-16.750,-27.750,0,0,0.000,0.000,0,1,1,500.000,400.000
-34,-55,-16.750,-27.250,0,0,0.000,0.000,0,1,1,500.000,200.000
-34,-54,-16.750,-26.750,0,0,0.000,0.000,0,1,1,0.000,900.000
-34,-53,-16.750,-26.250,1,1,0.294,-0.009,1,1,1,400.000,1200.000
-34,-52,-16.750,-25.750,1,2,0.294,0.009,2,1,2,100.000,400.000
-34,-51,-16.750,-25.250,0,0,0.000,0.000,0,1,1,300.000,600.000
-33,-105,-16.250,-52.250,0,0,0.000,0.000,0,1,1,0.000,600.000
-33,-104,-16.250,-51.750,2,2,0.206,0.000,1,1,2,0.000,200.000
-33,-103,-16.250,-51.250,0,0,0.000,0.000,0,1,1,0.000,100.000
-33,-98,-16.250,-48.750,0,0,0.000,0.000,0,1,1,0.000,3700.000
-33,-95,-16.250,-47.250,0,0,0.000,0.000,0,1,1,0.000,400.000
-33,-94,-16.250,-46.750,0,0,0.000,0.000,0,1,1,0.000,200.000
-33,-93,-16.250,-46.250,0,0,0.000,0.000,0,1,1,0.000,200.000
-33,-92,-16.250,-45.750,1,0,5.558,0.000,1,1,2,0.000,700.000
-33,-91,-16.250,-45.250,0,0,0.000,0.000,0,1,1,0.000,600.000
-33,-86,-16.250,-42.750,0,0,0.000,0.000,0,1,1,200.000,0.000
-33,-84,-16.250,-41.750,0,1,0.000,0.000,1,0,1,0.000,0.000
-33,-79,-16.250,-39.250,0,0,0.000,0.000,0,1,1,0.000,200.000
-33,-78,-16.250,-38.750,0,0,0.000,0.000,0,1,1,0.000,3400.000
-33,-77,-16.250,-38.250,0,0,0.000,0.000,0,1,1,0.000,700.000
-33,-76,-16.250,-37.750,0,0,0.000,0.000,0,1,1,0.000,300.000
-33,-75,-16.250,-37.250,0,0,0.000,0.000,0,1,1,0.000,1200.000
-33,-74,-16.250,-36.750,0,1,0.000,0.000,1,1,2,0.000,200.000
-33,-73,-16.250,-36.250,0,0,0.000,0.000,0,1,1,0.000,100.000
-33,-72,-16.250,-35.750,1,1,0.295,0.109,1,1,2,0.000,100.000
-33,-71,-16.250,-35.250,1,1,0.295,-0.109,1,1,2,0.000,600.000
-33,-70,-16.250,-34.750,0,0,0.000,0.000,0,1,1,0.000,1100.000
-33,-69,-16.250,-34.250,0,0,0.000,0.000,0,1,1,0.000,1000.000
-33,-68,-16.250,-33.750,0,0,0.000,0.000,0,1,1,200.000,800.000
-33,-67,-16.250,-33.250,0,0,0.000,0.000,0,1,1,0.000,200.000
-33,-66,-16.250,-32.750,2,1,1.184,-0.005,2,1,3,0.000,800.000
-33,-65,-16.250,-32.250,2,0,21.149,0.893,1,1,2,0.000,300.000
-33,-64,-16.250,-31.750,0,0,0.000,0.000,0,1,1,0.000,600.000
-33,-63,-16.250,-31.250,1,0,13.784,0.626,1,1,2,0.000,1500.000
-33,-62,-16.250,-30.750,0,1,0.000,0.000,1,1,2,300.000,2600.000
-33,-61,-16.250,-30.250,0,0,0.000,0.000,0,1,1,300.000,12100.000
-33,-60,-16.250,-29.750,0,0,0.000,0.000,0,1,1,500.000,2700.000
-33,-59,-16.250,-29.250,0,0,0.000,0.000,0,1,1,400.000,4800.000
-33,-58,-16.250,-28.750,0,0,0.000,0.000,0,1,1,600.000,900.000
-33,-57,-16.250,-28.250,1,1,0.402,-0.354,1,1,2,1100.000,200.000
-33,-56,-16.250,-27.750,0,0,0.000,0.000,0,1,1,300.000,500.000
-33,-55,-16.250,-27.250,0,0,0.000,0.000,0,1,1,0.000,300.000
-33,-54,-16.250,-26.750,0,0,0.000,0.000,0,1,1,300.000,1500.000
-33,-53,-16.250,-26.250,0,0,0.000,0.000,0,1,1,100.000,1200.000
-33,-52,-16.250,-25.750,1,1,0.254,0.000,1,1,2,300.000,500.000
-33,-51,-16.250,-25.250,0,0,0.000,0.000,0,1,1,0.000,1100.000
-32,-105,-15.750,-52.250,0,0,0.000,0.000,0,1,1,0.000,700.000
-32,-104,-15.750,-51.750,0,0,0.000,0.000,0,1,1,0.000,500.000
-32,-103,-15.750,-51.250,0,1,0.000,0.000,1,1,2,0.000,200.000
-32,-98,-15.750,-48.750,0,0,0.000,0.000,0,1,1,0.000,500.000
-32,-97,-15.750,-48.250,0,0,0.000,0.000,0,1,1,0.000,600.000
-32,-95,-15.750,-47.250,1,0,3.017,-0.236,1,1,2,0.000,500.000
-32,-94,-15.750,-46.750,1,0,3.717,-0.925,1,1,2,0.000,300.000
-32,-93,-15.750,-46.250,1,0,26.422,0.898,1,1,2,0.000,200.000
-32,-91,-15.750,-45.250,0,1,0.000,0.000,1,1,2,0.000,500.000
-32,-90,-15.750,-44.750,0,1,0.000,0.000,1,1,2,0.000,600.000
-32,-89,-15.750,-44.250,0,0,0.000,0.000,0,1,1,0.000,300.000
-32,-87,-15.750,-43.250,0,0,0.000,0.000,0,1,1,200.000,0.000
-32,-86,-15.750,-42.750,0,0,0.000,0.000,0,1,1,100.000,0.000
-32,-84,-15.750,-41.750,1,0,6.813,0.744,1,0,1,0.000,0.000
-32,-80,-15.750,-39.750,0,0,0.000,0.000,0,1,1,0.000,100.000
-32,-79,-15.750,-39.250,0,1,0.000,0.000,1,1,1,0.000,400.000
-32,-78,-15.750,-38.750,0,0,0.000,0.000,0,1,1,0.000,100.000
-32,-77,-15.750,-38.250,1,0,7.130,0.934,1,1,2,0.000,100.000
-32,-76,-15.750,-37.750,0,0,0.000,0.000,0,1,1,0.000,100.000
-32,-75,-15.750,-37.250,0,0,0.000,0.000,0,1,1,0.000,200.000
-32,-74,-15.750,-36.750,1,0,9.161,0.762,1,1,1,0.000,1100.000
-32,-73,-15.750,-36.250,1,0,8.058,0.744,1,1,2,0.000,500.000
-32,-72,-15.750,-35.750,0,0,0.000,0.000,0,1,1,0.000,400.000
-32,-71,-15.750,-35.250,0,0,0.000,0.000,0,1,1,0.000,200.000
-32,-70,-15.750,-34.750,0,1,0.000,0.000,1,1,2,0.000,200.000
-32,-69,-15.750,-34.250,2,0,4.950,-1.093,2,1,3,0.000,1600.000
-32,-68,-15.750,-33.750,1,1,0.223,0.000,1,1,2,200.000,2200.000
-32,-67,-15.750,-33.250,1,1,0.566,0.009,1,1,2,800.000,1600.000
-32,-66,-15.750,-32.750,1,1,0.367,0.000,1,1,2,200.000,900.000
-32,-65,-15.750,-32.250,1,0,2.144,0.000,1,1,2,300.000,800.000
-32,-64,-15.750,-31.750,0,0,0.000,0.000,0,1,1,400.000,2000.000
-32,-63,-15.750,-31.250,2,2,2.970,-0.018,3,1,4,200.000,1300.000
-32,-62,-15.750,-30.750,1,0,23.372,0.009,1,1,2,300.000,2100.000
-32,-61,-15.750,-30.250,0,1,0.000,0.000,1,1,2,300.000,3000.000
-32,-60,-15.750,-29.750,0,0,0.000,0.000,0,1,1,0.000,1300.000
-32,-59,-15.750,-29.250,0,0,0.000,0.000,0,1,1,0.000,1200.000
-32,-58,-15.750,-28.750,1,0,1.937,-0.172,1,1,2,400.000,1000.000
-32,-57,-15.750,-28.250,0,0,0.000,0.000,0,1,1,1400.000,1100.000
-32,-56,-15.750,-27.750,0,1,0.000,0.000,1,1,1,600.000,1600.000
-32,-55,-15.750,-27.250,0,0,0.000,0.000,0,1,1,300.000,1500.000
-32,-54,-15.750,-26.750,2,0,2.510,0.181,2,1,2,400.000,1400.000
-32,-53,-15.750,-26.250,1,0,1.346,0.698,1,1,2,100.000,2900.000
-32,-52,-15.750,-25.750,1,1,0.254,0.000,1,1,2,100.000,600.000
-32,-51,-15.750,-25.250,0,2,0.000,0.000,2,1,3,100.000,400.000
-32,-50,-15.750,-24.750,0,0,0.000,0.000,0,1,1,0.000,1200.000
-31,-105,-15.250,-52.250,0,0,0.000,0.000,0,1,1,0.000,1900.000
-31,-104,-15.250,-51.750,0,0,0.000,0.000,0,1,1,0.000,1400.000
-31,-103,-15.250,-51.250,0,0,0.000,0.000,0,1,1,0.000,1000.000
-31,-100,-15.250,-49.750,0,0,0.000,0.000,0,1,1,0.000,6000.000
-31,-99,-15.250,-49.250,1,0,5.769,1.514,1,0,1,0.000,0.000
-31,-98,-15.250,-48.750,0,0,0.000,0.000,0,1,1,0.000,200.000
-31,-97,-15.250,-48.250,0,0,0.000,0.000,0,1,1,0.000,300.000
-31,-95,-15.250,-47.250,0,0,0.000,0.000,0,1,1,0.000,400.000
-31,-94,-15.250,-46.750,0,0,0.000,0.000,0,1,1,0.000,200.000
-31,-93,-15.250,-46.250,0,0,0.000,0.000,0,1,1,0.000,200.000
-31,-91,-15.250,-45.250,0,0,0.000,0.000,0,1,1,0.000,100.000
-31,-90,-15.250,-44.750,0,0,0.000,0.000,0,1,1,0.000,400.000
-31,-89,-15.250,-44.250,0,1,0.000,0.000,1,1,2,0.000,900.000
-31,-88,-15.250,-43.750,0,0,0.000,0.000,0,1,1,100.000,2800.000
-31,-87,-15.250,-43.250,0,0,0.000,0.000,0,1,1,100.000,31700.000
-31,-84,-15.250,-41.750,1,0,4.245,-0.036,1,1,2,0.000,22500.000
-31,-83,-15.250,-41.250,0,0,0.000,0.000,0,1,1,0.000,200.000
-31,-82,-15.250,-40.750,1,2,13.956,-1.659,3,1,3,0.000,500.000
-31,-81,-15.250,-40.250,0,0,0.000,0.000,0,1,1,0.000,400.000
-31,-80,-15.250,-39.750,0,0,0.000,0.000,0,1,1,0.000,500.000
-31,-79,-15.250,-39.250,1,0,1.502,-0.073,1,1,2,0.000,100.000
-31,-78,-15.250,-38.750,0,0,0.000,0.000,0,1,1,0.000,100.000
-31,-77,-15.250,-38.250,0,0,0.000,0.000,0,1,1,0.000,500.000
-31,-76,-15.250,-37.750,0,0,0.000,0.000,0,1,1,0.000,500.000
-31,-75,-15.250,-37.250,0,0,0.000,0.000,0,1,1,0.000,300.000
-31,-74,-15.250,-36.750,0,0,0.000,0.000,0,1,1,0.000,700.000
-31,-73,-15.250,-36.250,0,0,0.000,0.000,0,1,1,0.000,800.000
-31,-72,-15.250,-35.750,1,0,0.289,0.082,1,1,2,0.000,1000.000
-31,-71,-15.250,-35.250,1,2,0.653,-0.381,3,1,4,0.000,700.000
-31,-70,-15.250,-34.750,0,0,0.000,0.000,0,1,1,0.000,700.000
-31,-69,-15.250,-34.250,1,1,3.225,0.517,2,1,3,0.000,600.000
-31,-68,-15.250,-33.750,1,0,0.574,-0.127,1,1,2,200.000,800.000
-31,-67,-15.250,-33.250,0,0,0.000,0.000,0,1,1,100.000,1500.000
-31,-66,-15.250,-32.750,0,0,0.000,0.000,0,1,1,200.000,1900.000
-31,-65,-15.250,-32.250,1,0,0.546,-0.453,1,1,2,100.000,1500.000
-31,-64,-15.250,-31.750,1,2,0.301,0.082,2,1,3,0.000,200.000
-31,-63,-15.250,-31.250,0,1,0.000,0.000,1,1,2,200.000,700.000
-31,-62,-15.250,-30.750,1,0,31.733,0.000,1,1,2,800.000,900.000
-31,-61,-15.250,-30.250,0,2,0.000,0.000,2,1,3,1400.000,1300.000
-31,-60,-15.250,-29.750,0,2,0.000,0.000,2,1,3,700.000,1800.000
-31,-59,-15.250,-29.250,1,0,22.224,-0.109,1,1,2,400.000,2000.000
-31,-58,-15.250,-28.750,2,1,31.211,16.735,3,1,4,1000.000,1600.000
-31,-57,-15.250,-28.250,0,0,0.000,0.000,0,1,1,800.000,1500.000
-31,-56,-15.250,-27.750,1,0,3.413,-0.725,1,1,2,100.000,2200.000
-31,-55,-15.250,-27.250,0,1,0.000,0.000,1,1,2,600.000,900.000
-31,-54,-15.250,-26.750,0,1,0.000,0.000,1,1,2,400.000,1900.000
-31,-53,-15.250,-26.250,0,0,0.000,0.000,0,1,1,0.000,1300.000
-31,-52,-15.250,-25.750,1,0,5.574,-4.851,1,1,2,0.000,1100.000
-31,-51,-15.250,-25.250,0,0,0.000,0.000,0,1,1,100.000,900.000
-31,-50,-15.250,-24.750,0,0,0.000,0.000,0,1,1,0.000,600.000
-31,-49,-15.250,-24.250,0,1,0.000,0.000,1,0,1,0.000,0.000
-30,-105,-14.750,-52.250,1,0,4.902,0.843,1,1,2,0.000,800.000
-30,-104,-14.750,-51.750,0,0,0.000,0.000,0,1,1,0.000,400.000
-30,-103,-14.750,-51.250,0,1,0.000,0.000,1,1,2,0.000,300.000
-30,-100,-14.750,-49.750,0,0,0.000,0.000,0,1,1,0.000,900.000
-30,-99,-14.750,-49.250,0,0,0.000,0.000,0,1,1,0.000,100.000
-30,-98,-14.750,-48.750,0,0,0.000,0.000,0,1,1,0.000,200.000
-30,-97,-14.750,-48.250,0,0,0.000,0.000,0,1,1,0.000,200.000
-30,-96,-14.750,-47.750,1,0,4.895,-0.608,1,1,2,0.000,100.000
-30,-95,-14.750,-47.250,0,0,0.000,0.000,0,1,1,0.000,300.000
-30,-94,-14.750,-46.750,0,1,0.000,0.000,1,1,2,0.000,300.000
-30,-93,-14.750,-46.250,0,0,0.000,0.000,0,1,1,0.000,100.000
-30,-90,-14.750,-44.750,0,0,0.000,0.000,0,1,1,100.000,100.000
-30,-89,-14.750,-44.250,1,0,2.518,-0.417,1,1,2,200.000,700.000
-30,-88,-14.750,-43.750,0,0,0.000,0.000,0,1,1,100.000,300.000
-30,-87,-14.750,-43.250,0,0,0.000,0.000,0,1,1,0.000,1100.000
-30,-86,-14.750,-42.750,0,0,0.000,0.000,0,1,1,0.000,24000.000
-30,-85,-14.750,-42.250,0,1,0.000,0.000,1,1,2,0.000,23200.000
-30,-84,-14.750,-41.750,0,0,0.000,0.000,0,1,1,0.000,400.000
-30,-83,-14.750,-41.250,0,0,0.000,0.000,0,1,1,0.000,1100.000
-30,-82,-14.750,-40.750,0,0,0.000,0.000,0,1,1,0.000,500.000
-30,-81,-14.750,-40.250,0,0,0.000,0.000,0,1,1,0.000,300.000
-30,-80,-14.750,-39.750,0,0,0.000,0.000,0,1,1,0.000,500.000
-30,-79,-14.750,-39.250,0,0,0.000,0.000,0,1,1,0.000,500.000
-30,-78,-14.750,-38.750,0,0,0.000,0.000,0,1,1,0.000,600.000
-30,-77,-14.750,-38.250,0,0,0.000,0.000,0,1,1,0.000,400.000
-30,-76,-14.750,-37.750,0,0,0.000,0.000,0,1,1,0.000,500.000
-30,-75,-14.750,-37.250,0,0,0.000,0.000,0,1,1,0.000,600.000
-30,-74,-14.750,-36.750,0,0,0.000,0.000,0,1,1,0.000,700.000
-30,-73,-14.750,-36.250,0,0,0.000,0.000,0,1,1,0.000,800.000
-30,-72,-14.750,-35.750,1,0,15.463,1.106,1,1,2,0.000,900.000
-30,-71,-14.750,-35.250,0,0,0.000,0.000,0,1,1,0.000,700.000
-30,-70,-14.750,-34.750,0,1,0.000,0.000,1,1,2,0.000,400.000
-30,-69,-14.750,-34.250,0,1,0.000,0.000,1,1,2,0.000,500.000
-30,-68,-14.750,-33.750,0,1,0.000,0.000,1,1,2,200.000,500.000
-30,-67,-14.750,-33.250,0,0,0.000,0.000,0,1,1,0.000,300.000
-30,-66,-14.750,-32.750,0,0,0.000,0.000,0,1,1,0.000,300.000
-30,-65,-14.750,-32.250,0,0,0.000,0.000,0,1,1,0.000,1500.000
-30,-64,-14.750,-31.750,1,0,16.411,-0.190,1,1,2,0.000,2300.000
-30,-63,-14.750,-31.250,1,2,0.659,-0.526,2,1,3,0.000,800.000
-30,-62,-14.750,-30.750,0,1,0.000,0.000,1,1,2,200.000,1100.000
-30,-61,-14.750,-30.250,1,1,18.086,1.487,2,1,3,2100.000,1100.000
-30,-60,-14.750,-29.750,0,0,0.000,0.000,0,1,1,1600.000,900.000
-30,-59,-14.750,-29.250,1,2,22.369,0.363,3,1,4,1500.000,1100.000
-30,-58,-14.750,-28.750,0,1,0.000,0.000,1,1,2,500.000,600.000
-30,-57,-14.750,-28.250,1,0,20.675,0.907,1,1,2,0.000,600.000
-30,-56,-14.750,-27.750,0,0,0.000,0.000,0,1,1,0.000,400.000
-30,-55,-14.750,-27.250,0,0,0.000,0.000,0,1,1,0.000,300.000
-30,-54,-14.750,-26.750,1,0,2.365,0.000,1,1,2,200.000,800.000
-30,-53,-14.750,-26.250,0,1,0.000,0.000,1,1,2,300.000,600.000
-30,-52,-14.750,-25.750,1,2,0.954,0.000,3,1,4,0.000,1100.000
-30,-51,-14.750,-25.250,0,0,0.000,0.000,0,1,1,100.000,800.000
-30,-50,-14.750,-24.750,0,0,0.000,0.000,0,1,1,100.000,800.000
-29,-104,-14.250,-51.750,0,1,0.000,0.000,1,1,2,0.000,200.000
-29,-103,-14.250,-51.250,0,0,0.000,0.000,0,1,1,0.000,200.000
-29,-102,-14.250,-50.750,1,0,11.002,-1.179,1,0,1,0.000,0.000
-29,-100,-14.250,-49.750,1,1,10.831,0.997,2,1,3,0.000,200.000
-29,-99,-14.250,-49.250,0,0,0.000,0.000,0,1,1,0.000,700.000
-29,-98,-14.250,-48.750,0,0,0.000,0.000,0,1,1,0.000,100.000
-29,-97,-14.250,-48.250,0,0,0.000,0.000,0,1,1,0.000,200.000
-29,-96,-14.250,-47.750,1,0,2.801,0.000,1,1,2,0.000,500.000
-29,-95,-14.250,-47.250,0,1,0.000,0.000,1,1,2,0.000,200.000
-29,-94,-14.250,-46.750,0,0,0.000,0.000,0,1,1,0.000,200.000
-29,-93,-14.250,-46.250,0,0,0.000,0.000,0,1,1,0.000,200.000
-29,-91,-14.250,-45.250,0,0,0.000,0.000,0,1,1,100.000,200.000
-29,-90,-14.250,-44.750,0,1,0.000,0.000,1,1,2,100.000,200.000
-29,-89,-14.250,-44.250,0,0,0.000,0.000,0,1,1,0.000,100.000
-29,-87,-14.250,-43.250,1,0,4.332,-0.036,1,1,2,0.000,200.000
-29,-86,-14.250,-42.750,0,0,0.000,0.000,0,1,1,0.000,1000.000
-29,-85,-14.250,-42.250,0,0,0.000,0.000,0,1,1,0.000,700.000
-29,-84,-14.250,-41.750,0,0,0.000,0.000,0,1,1,0.000,800.000
-29,-83,-14.250,-41.250,0,0,0.000,0.000,0,1,1,0.000,300.000
-29,-82,-14.250,-40.750,0,0,0.000,0.000,0,1,1,0.000,200.000
-29,-81,-14.250,-40.250,0,0,0.000,0.000,0,1,1,0.000,600.000
-29,-80,-14.250,-39.750,0,0,0.000,0.000,0,1,1,0.000,500.000
-29,-79,-14.250,-39.250,0,0,0.000,0.000,0,1,1,0.000,500.000
-29,-78,-14.250,-38.750,0,0,0.000,0.000,0,1,1,0.000,300.000
-29,-77,-14.250,-38.250,0,0,0.000,0.000,0,1,1,0.000,100.000
-29,-74,-14.250,-36.750,0,1,0.000,0.000,1,0,1,0.000,0.000
-29,-73,-14.250,-36.250,0,0,0.000,0.000,0,1,1,0.000,100.000
-29,-72,-14.250,-35.750,0,0,0.000,0.000,0,1,1,0.000,200.000
-29,-71,-14.250,-35.250,0,0,0.000,0.000,0,1,1,0.000,400.000
-29,-68,-14.250,-33.750,0,0,0.000,0.000,0,1,1,200.000,400.000
-29,-67,-14.250,-33.250,1,0,6.625,0.000,1,0,1,0.000,0.000
-29,-65,-14.250,-32.250,0,0,0.000,0.000,0,1,1,0.000,300.000
-29,-64,-14.250,-31.750,0,0,0.000,0.000,0,1,1,0.000,1400.000
-29,-63,-14.250,-31.250,0,0,0.000,0.000,0,1,1,0.000,1700.000
-29,-62,-14.250,-30.750,1,0,4.204,0.036,1,1,2,0.000,3300.000
-29,-61,-14.250,-30.250,0,0,0.000,0.000,0,1,1,900.000,1900.000
-29,-60,-14.250,-29.750,2,1,13.917,0.354,2,1,3,500.000,1000.000
-29,-59,-14.250,-29.250,2,0,24.079,0.326,2,1,3,600.000,1000.000
-29,-58,-14.250,-28.750,1,0,12.709,1.197,1,1,2,200.000,900.000
-29,-57,-14.250,-28.250,0,0,0.000,0.000,0,1,1,0.000,500.000
-29,-56,-14.250,-27.750,1,1,10.035,0.852,2,1,3,0.000,200.000
-29,-55,-14.250,-27.250,0,0,0.000,0.000,0,1,1,0.000,400.000
-29,-54,-14.250,-26.750,0,0,0.000,0.000,0,1,1,200.000,300.000
-29,-53,-14.250,-26.250,0,2,0.000,0.000,2,1,3,0.000,500.000
-29,-52,-14.250,-25.750,1,0,5.464,-0.553,1,1,2,300.000,1300.000
-29,-51,-14.250,-25.250,0,0,0.000,0.000,0,1,1,0.000,1900.000
-29,-50,-14.250,-24.750,0,0,0.000,0.000,0,1,1,200.000,2000.000
-28,-105,-13.750,-52.250,2,1,4.857,-0.426,2,0,2,0.000,0.000
-28,-104,-13.750,-51.750,0,0,0.000,0.000,0,1,1,0.000,200.000
-28,-103,-13.750,-51.250,1,0,7.190,0.000,1,1,2,0.000,100.000
-28,-100,-13.750,-49.750,0,0,0.000,0.000,0,1,1,0.000,300.000
-28,-99,-13.750,-49.250,0,0,0.000,0.000,0,1,1,0.000,200.000
-28,-98,-13.750,-48.750,0,0,0.000,0.000,0,1,1,0.000,700.000
-28,-96,-13.750,-47.750,0,1,0.000,0.000,1,1,2,0.000,400.000
-28,-95,-13.750,-47.250,0,0,0.000,0.000,0,1,1,0.000,600.000
-28,-94,-13.750,-46.750,0,0,0.000,0.000,0,1,1,0.000,100.000
-28,-93,-13.750,-46.250,0,0,0.000,0.000,0,1,1,0.000,200.000
-28,-92,-13.750,-45.750,0,0,0.000,0.000,0,1,1,100.000,200.000
-28,-91,-13.750,-45.250,0,1,0.000,0.000,1,1,2,200.000,500.000
-28,-90,-13.750,-44.750,1,0,6.752,-0.635,1,1,2,0.000,400.000
-28,-89,-13.750,-44.250,0,0,0.000,0.000,0,1,1,0.000,300.000
-28,-88,-13.750,-43.750,0,0,0.000,0.000,0,1,1,0.000,200.000
-28,-87,-13.750,-43.250,0,0,0.000,0.000,0,1,1,0.000,100.000
-28,-86,-13.750,-42.750,0,0,0.000,0.000,0,1,1,0.000,100.000
-28,-85,-13.750,-42.250,0,0,0.000,0.000,0,1,1,0.000,700.000
-28,-84,-13.750,-41.750,0,0,0.000,0.000,0,1,1,0.000,500.000
-28,-83,-13.750,-41.250,0,0,0.000,0.000,0,1,1,0.000,600.000
-28,-82,-13.750,-40.750,0,0,0.000,0.000,0,1,1,0.000,400.000
-28,-80,-13.750,-39.750,0,0,0.000,0.000,0,1,1,0.000,200.000
-28,-79,-13.750,-39.250,0,1,0.000,0.000,1,1,2,0.000,100.000
-28,-77,-13.750,-38.250,0,0,0.000,0.000,0,1,1,0.000,100.000
-28,-76,-13.750,-37.750,0,0,0.000,0.000,0,1,1,0.000,200.000
-28,-75,-13.750,-37.250,0,0,0.000,0.000,0,1,1,0.000,100.000
-28,-74,-13.750,-36.750,0,0,0.000,0.000,0,1,1,0.000,100.000
-28,-73,-13.750,-36.250,0,0,0.000,0.000,0,1,1,0.000,200.000
-28,-72,-13.750,-35.750,1,0,7.084,-0.816,1,0,1,0.000,0.000
-28,-71,-13.750,-35.250,0,0,0.000,0.000,0,1,1,0.000,200.000
-28,-70,-13.750,-34.750,0,0,0.000,0.000,0,1,1,0.000,200.000
-28,-69,-13.750,-34.250,0,0,0.000,0.000,0,1,1,0.000,200.000
-28,-68,-13.750,-33.750,0,0,0.000,0.000,0,1,1,200.000,100.000
-28,-67,-13.750,-33.250,0,0,0.000,0.000,0,1,1,0.000,200.000
-28,-63,-13.750,-31.250,0,0,0.000,0.000,0,1,1,0.000,1300.000
-28,-62,-13.750,-30.750,0,0,0.000,0.000,0,1,1,300.000,2000.000
-28,-61,-13.750,-30.250,0,0,0.000,0.000,0,1,1,200.000,600.000
-28,-60,-13.750,-29.750,1,0,10.128,1.596,1,1,2,400.000,200.000
-28,-59,-13.750,-29.250,1,0,11.029,3.301,1,1,2,200.000,0.000
-28,-58,-13.750,-28.750,0,0,0.000,0.000,0,1,1,600.000,0.000
-28,-57,-13.750,-28.250,0,0,0.000,0.000,0,1,1,0.000,100.000
-28,-56,-13.750,-27.750,2,0,14.738,2.086,2,1,3,0.000,400.000
-28,-55,-13.750,-27.250,0,0,0.000,0.000,0,1,1,0.000,200.000
-28,-54,-13.750,-26.750,0,0,0.000,0.000,0,1,1,100.000,500.000
-28,-53,-13.750,-26.250,0,0,0.000,0.000,0,1,1,0.000,700.000
-28,-52,-13.750,-25.750,0,0,0.000,0.000,0,1,1,200.000,1000.000
-28,-51,-13.750,-25.250,0,0,0.000,0.000,0,1,1,0.000,1100.000
-28,-50,-13.750,-24.750,0,0,0.000,0.000,0,1,1,200.000,1000.000
-27,-105,-13.250,-52.250,0,1,0.000,0.000,1,0,1,0.000,0.000
-27,-104,-13.250,-51.750,1,0,12.916,-0.299,1,1,2,0.000,1300.000
-27,-103,-13.250,-51.250,0,2,0.000,0.000,2,1,3,0.000,200.000
-27,-100,-13.250,-49.750,0,0,0.000,0.000,0,1,1,0.000,1300.000
-27,-99,-13.250,-49.250,0,0,0.000,0.000,0,1,1,0.000,1000.000
-27,-98,-13.250,-48.750,1,0,5.236,1.161,1,1,2,0.000,700.000
-27,-97,-13.250,-48.250,0,0,0.000,0.000,0,1,1,0.000,100.000
-27,-96,-13.250,-47.750,0,0,0.000,0.000,0,1,1,0.000,1500.000
-27,-95,-13.250,-47.250,0,1,0.000,0.000,1,1,2,0.000,200.000
-27,-94,-13.250,-46.750,0,1,0.000,0.000,1,1,2,0.000,200.000
-27,-93,-13.250,-46.250,0,0,0.000,0.000,0,1,1,0.000,200.000
-27,-92,-13.250,-45.750,0,1,0.000,0.000,1,1,2,200.000,500.000
-27,-91,-13.250,-45.250,0,0,0.000,0.000,0,1,1,0.000,100.000
-27,-87,-13.250,-43.250,1,0,15.707,0.290,1,0,1,0.000,0.000
-27,-86,-13.250,-42.750,0,0,0.000,0.000,0,1,1,0.000,300.000
-27,-85,-13.250,-42.250,0,0,0.000,0.000,0,1,1,0.000,600.000
-27,-84,-13.250,-41.750,0,0,0.000,0.000,0,1,1,0.000,300.000
-27,-83,-13.250,-41.250,0,0,0.000,0.000,0,1,1,0.000,300.000
-27,-82,-13.250,-40.750,0,1,0.000,0.000,1,1,2,0.000,200.000
-27,-81,-13.250,-40.250,0,1,0.000,0.000,1,0,1,0.000,0.000
-27,-74,-13.250,-36.750,0,0,0.000,0.000,0,1,1,0.000,100.000
-27,-73,-13.250,-36.250,0,0,0.000,0.000,0,1,1,0.000,400.000
-27,-72,-13.250,-35.750,0,0,0.000,0.000,0,1,1,0.000,200.000
-27,-71,-13.250,-35.250,0,0,0.000,0.000,0,1,1,0.000,300.000
-27,-70,-13.250,-34.750,0,0,0.000,0.000,0,1,1,0.000,100.000
-27,-69,-13.250,-34.250,0,0,0.000,0.000,0,1,1,200.000,200.000
-27,-68,-13.250,-33.750,0,0,0.000,0.000,0,1,1,0.000,400.000
-27,-67,-13.250,-33.250,0,0,0.000,0.000,0,1,1,0.000,200.000
-27,-66,-13.250,-32.750,0,0,0.000,0.000,0,1,1,0.000,300.000
-27,-63,-13.250,-31.250,0,1,0.000,0.000,1,1,2,100.000,4700.000
-27,-62,-13.250,-30.750,0,0,0.000,0.000,0,1,1,100.000,1300.000
-27,-61,-13.250,-30.250,0,1,0.000,0.000,1,1,2,0.000,500.000
-27,-60,-13.250,-29.750,0,0,0.000,0.000,0,1,1,200.000,200.000
-27,-59,-13.250,-29.250,0,0,0.000,0.000,0,1,1,0.000,3100.000
-27,-56,-13.250,-27.750,0,1,0.000,0.000,1,1,2,0.000,200.000
-27,-55,-13.250,-27.250,0,1,0.000,0.000,1,1,1,0.000,400.000
-27,-54,-13.250,-26.750,0,0,0.000,0.000,0,1,1,200.000,200.000
-27,-53,-13.250,-26.250,0,0,0.000,0.000,0,1,1,0.000,900.000
-27,-52,-13.250,-25.750,0,1,0.000,0.000,1,1,2,200.000,1200.000
-27,-51,-13.250,-25.250,0,0,0.000,0.000,0,1,1,0.000,1100.000
-27,-50,-13.250,-24.750,0,0,0.000,0.000,0,1,1,200.000,600.000
-27,-49,-13.250,-24.250,0,0,0.000,0.000,0,1,1,0.000,200.000
-27,-48,-13.250,-23.750,0,0,0.000,0.000,0,1,1,0.000,100.000
-26,-105,-12.750,-52.250,1,1,1.501,0.807,1,0,1,0.000,0.000
-26,-104,-12.750,-51.750,0,0,0.000,0.000,0,1,1,0.000,700.000
-26,-103,-12.750,-51.250,2,0,7.404,0.186,2,1,3,0.000,500.000
-26,-102,-12.750,-50.750,0,1,0.000,0.000,1,1,2,0.000,1400.000
-26,-101,-12.750,-50.250,0,0,0.000,0.000,0,1,1,0.000,3600.000
-26,-100,-12.750,-49.750,0,0,0.000,0.000,0,1,1,0.000,400.000
-26,-99,-12.750,-49.250,1,0,16.462,-0.680,1,1,2,0.000,2300.000
-26,-98,-12.750,-48.750,0,0,0.000,0.000,0,1,1,0.000,300.000
-26,-97,-12.750,-48.250,0,0,0.000,0.000,0,1,1,0.000,600.000
-26,-96,-12.750,-47.750,0,0,0.000,0.000,0,1,1,0.000,300.000
-26,-95,-12.750,-47.250,0,0,0.000,0.000,0,1,1,0.000,500.000
-26,-94,-12.750,-46.750,0,0,0.000,0.000,0,1,1,0.000,600.000
-26,-93,-12.750,-46.250,0,0,0.000,0.000,0,1,1,300.000,400.000
-26,-92,-12.750,-45.750,1,0,4.190,-0.073,1,1,2,100.000,200.000
-26,-88,-12.750,-43.750,0,0,0.000,0.000,0,1,1,0.000,200.000
-26,-87,-12.750,-43.250,2,0,8.673,-0.077,2,1,3,0.000,400.000
-26,-86,-12.750,-42.750,0,0,0.000,0.000,0,1,1,0.000,400.000
-26,-85,-12.750,-42.250,0,0,0.000,0.000,0,1,1,0.000,400.000
-26,-83,-12.750,-41.250,1,0,8.082,2.358,1,0,1,0.000,0.000
-26,-82,-12.750,-40.750,0,0,0.000,0.000,0,1,1,0.000,200.000
-26,-81,-12.750,-40.250,0,0,0.000,0.000,0,1,1,0.000,200.000
-26,-74,-12.750,-36.750,0,0,0.000,0.000,0,1,1,0.000,200.000
-26,-73,-12.750,-36.250,0,2,0.000,0.000,1,1,2,0.000,100.000
-26,-71,-12.750,-35.250,0,0,0.000,0.000,0,1,1,0.000,100.000
-26,-70,-12.750,-34.750,0,0,0.000,0.000,0,1,1,0.000,100.000
-26,-69,-12.750,-34.250,0,0,0.000,0.000,0,1,1,200.000,0.000
-26,-68,-12.750,-33.750,0,0,0.000,0.000,0,1,1,0.000,400.000
-26,-67,-12.750,-33.250,0,0,0.000,0.000,0,1,1,0.000,200.000
-26,-66,-12.750,-32.750,0,0,0.000,0.000,0,1,1,100.000,300.000
-26,-65,-12.750,-32.250,0,0,0.000,0.000,0,1,1,200.000,600.000
-26,-64,-12.750,-31.750,0,0,0.000,0.000,0,1,1,200.000,600.000
-26,-63,-12.750,-31.250,0,0,0.000,0.000,0,1,1,100.000,900.000
-26,-62,-12.750,-30.750,1,0,5.752,1.768,1,1,2,0.000,500.000
-26,-61,-12.750,-30.250,0,0,0.000,0.000,0,1,1,0.000,200.000
-26,-60,-12.750,-29.750,0,1,0.000,0.000,1,1,2,200.000,0.000
-26,-59,-12.750,-29.250,0,0,0.000,0.000,0,1,1,0.000,700.000
-26,-58,-12.750,-28.750,0,1,0.000,0.000,1,0,1,0.000,0.000
-26,-55,-12.750,-27.250,0,0,0.000,0.000,0,1,1,100.000,600.000
-26,-54,-12.750,-26.750,0,1,0.000,0.000,1,1,2,0.000,300.000
-26,-53,-12.750,-26.250,0,0,0.000,0.000,0,1,1,0.000,400.000
-26,-52,-12.750,-25.750,0,0,0.000,0.000,0,1,1,100.000,800.000
-26,-51,-12.750,-25.250,0,0,0.000,0.000,0,1,1,100.000,500.000
-26,-50,-12.750,-24.750,0,1,0.000,0.000,1,1,2,100.000,500.000
-26,-49,-12.750,-24.250,0,0,0.000,0.000,0,1,1,100.000,800.000
-26,-48,-12.750,-23.750,0,0,0.000,0.000,0,1,1,0.000,800.000
-26,-47,-12.750,-23.250,0,0,0.000,0.000,0,1,1,0.000,100.000
-25,-104,-12.250,-51.750,0,0,0.000,0.000,0,1,1,0.000,400.000
-25,-103,-12.250,-51.250,0,1,0.000,0.000,1,1,2,0.000,100.000
-25,-102,-12.250,-50.750,0,0,0.000,0.000,0,1,1,0.000,500.000
-25,-101,-12.250,-50.250,0,0,0.000,0.000,0,1,1,0.000,400.000
-25,-100,-12.250,-49.750,1,0,11.045,-0.326,1,1,2,0.000,600.000
-25,-99,-12.250,-49.250,0,0,0.000,0.000,0,1,1,0.000,300.000
-25,-98,-12.250,-48.750,1,0,6.753,1.659,1,1,2,0.000,600.000
-25,-97,-12.250,-48.250,0,0,0.000,0.000,0,1,1,0.000,900.000
-25,-96,-12.250,-47.750,0,0,0.000,0.000,0,1,1,0.000,1200.000
-25,-95,-12.250,-47.250,0,0,0.000,0.000,0,1,1,0.000,400.000
-25,-94,-12.250,-46.750,0,0,0.000,0.000,0,1,1,0.000,100.000
-25,-93,-12.250,-46.250,0,0,0.000,0.000,0,1,1,200.000,200.000
-25,-90,-12.250,-44.750,0,0,0.000,0.000,0,1,1,0.000,300.000
-25,-89,-12.250,-44.250,0,0,0.000,0.000,0,1,1,0.000,200.000
-25,-88,-12.250,-43.750,0,0,0.000,0.000,0,1,1,0.000,200.000
-25,-87,-12.250,-43.250,0,0,0.000,0.000,0,1,1,0.000,100.000
-25,-82,-12.250,-40.750,0,0,0.000,0.000,0,1,1,0.000,200.000
-25,-81,-12.250,-40.250,1,0,7.237,2.466,1,1,2,0.000,200.000
-25,-75,-12.250,-37.250,0,0,0.000,0.000,0,1,1,0.000,200.000
-25,-74,-12.250,-36.750,0,0,0.000,0.000,0,1,1,0.000,100.000
-25,-71,-12.250,-35.250,1,0,5.914,-1.396,1,0,1,0.000,0.000
-25,-70,-12.250,-34.750,0,0,0.000,0.000,0,1,1,0.000,200.000
-25,-69,-12.250,-34.250,0,0,0.000,0.000,0,1,1,200.000,200.000
-25,-66,-12.250,-32.750,0,0,0.000,0.000,0,1,1,300.000,0.000
-25,-64,-12.250,-31.750,0,0,0.000,0.000,0,1,1,0.000,400.000
-25,-63,-12.250,-31.250,0,1,0.000,0.000,1,1,2,0.000,200.000
-25,-62,-12.250,-30.750,0,0,0.000,0.000,0,1,1,0.000,500.000
-25,-61,-12.250,-30.250,0,0,0.000,0.000,0,1,1,0.000,400.000
-25,-60,-12.250,-29.750,0,0,0.000,0.000,0,1,1,100.000,300.000
-25,-59,-12.250,-29.250,0,0,0.000,0.000,0,1,1,100.000,400.000
-25,-58,-12.250,-28.750,1,0,5.311,-2.267,1,0,1,0.000,0.000
-25,-55,-12.250,-27.250,0,0,0.000,0.000,0,1,1,0.000,300.000
-25,-54,-12.250,-26.750,1,0,6.061,-1.705,1,1,2,0.000,300.000
-25,-53,-12.250,-26.250,1,0,16.120,-0.807,1,1,2,0.000,300.000
-25,-52,-12.250,-25.750,0,2,0.000,0.000,2,1,3,0.000,200.000
-25,-51,-12.250,-25.250,0,1,0.000,0.000,1,1,2,200.000,1400.000
-25,-50,-12.250,-24.750,0,0,0.000,0.000,0,1,1,0.000,800.000
-25,-49,-12.250,-24.250,0,0,0.000,0.000,0,1,1,100.000,1100.000
-25,-48,-12.250,-23.750,0,0,0.000,0.000,0,1,1,0.000,100.000
-24,-104,-11.750,-51.750,1,0,26.409,-0.961,1,1,2,0.000,1500.000
-24,-103,-11.750,-51.250,0,1,0.000,0.000,1,1,2,0.000,600.000
-24,-102,-11.750,-50.750,0,0,0.000,0.000,0,1,1,0.000,800.000
-24,-101,-11.750,-50.250,0,0,0.000,0.000,0,1,1,0.000,1100.000
-24,-100,-11.750,-49.750,0,0,0.000,0.000,0,1,1,0.000,500.000
-24,-99,-11.750,-49.250,1,0,2.951,1.052,1,1,2,0.000,600.000
-24,-98,-11.750,-48.750,0,0,0.000,0.000,0,1,1,0.000,1000.000
-24,-97,-11.750,-48.250,0,0,0.000,0.000,0,1,1,0.000,600.000
-24,-96,-11.750,-47.750,1,1,2.956,1.224,2,1,3,0.000,800.000
-24,-95,-11.750,-47.250,0,0,0.000,0.000,0,1,1,0.000,200.000
-24,-94,-11.750,-46.750,0,1,0.000,0.000,1,1,2,0.000,400.000
-24,-93,-11.750,-46.250,0,0,0.000,0.000,0,1,1,300.000,0.000
-24,-92,-11.750,-45.750,0,0,0.000,0.000,0,1,1,0.000,100.000
-24,-91,-11.750,-45.250,0,0,0.000,0.000,0,1,1,0.000,200.000
-24,-89,-11.750,-44.250,0,1,0.000,0.000,1,1,2,0.000,300.000
-24,-81,-11.750,-40.250,0,0,0.000,0.000,0,1,1,0.000,200.000
-24,-80,-11.750,-39.750,0,0,0.000,0.000,0,1,1,0.000,4900.000
-24,-79,-11.750,-39.250,0,0,0.000,0.000,0,1,1,0.000,200.000
-24,-76,-11.750,-37.750,0,0,0.000,0.000,0,1,1,0.000,300.000
-24,-75,-11.750,-37.250,1,0,6.950,0.000,1,0,1,0.000,0.000
-24,-72,-11.750,-35.750,1,0,11.074,0.662,1,0,1,0.000,0.000
-24,-70,-11.750,-34.750,0,0,0.000,0.000,0,1,1,200.000,500.000
-24,-69,-11.750,-34.250,0,0,0.000,0.000,0,1,1,100.000,0.000
-24,-66,-11.750,-32.750,0,1,0.000,0.000,1,1,2,300.000,0.000
-24,-64,-11.750,-31.750,0,0,0.000,0.000,0,1,1,0.000,300.000
-24,-63,-11.750,-31.250,0,0,0.000,0.000,0,1,1,0.000,400.000
-24,-62,-11.750,-30.750,0,0,0.000,0.000,0,1,1,0.000,400.000
-24,-61,-11.750,-30.250,0,0,0.000,0.000,0,1,1,0.000,200.000
-24,-60,-11.750,-29.750,0,0,0.000,0.000,0,1,1,0.000,400.000
-24,-59,-11.750,-29.250,0,0,0.000,0.000,0,1,1,200.000,500.000
-24,-58,-11.750,-28.750,1,0,4.222,0.000,1,0,1,0.000,0.000
-24,-56,-11.750,-27.750,1,0,2.242,-0.218,1,1,2,0.000,400.000
-24,-55,-11.750,-27.250,0,0,0.000,0.000,0,1,1,0.000,200.000
-24,-54,-11.750,-26.750,0,1,0.000,0.000,1,1,2,0.000,700.000
-24,-53,-11.750,-26.250,0,0,0.000,0.000,0,1,1,0.000,500.000
-24,-52,-11.750,-25.750,0,0,0.000,0.000,0,1,1,0.000,400.000
-24,-51,-11.750,-25.250,1,0,10.849,-1.433,1,1,2,0.000,1100.000
-24,-50,-11.750,-24.750,1,1,9.728,1.605,1,1,1,300.000,2200.000
-24,-49,-11.750,-24.250,0,0,0.000,0.000,0,1,1,500.000,1200.000
-24,-48,-11.750,-23.750,0,0,0.000,0.000,0,1,1,100.000,0.000
-23,-104,-11.250,-51.750,0,0,0.000,0.000,0,1,1,0.000,600.000
-23,-103,-11.250,-51.250,2,1,10.313,-0.299,3,1,3,0.000,2700.000
-23,-102,-11.250,-50.750,0,1,0.000,0.000,1,1,2,0.000,1500.000
-23,-101,-11.250,-50.250,0,0,0.000,0.000,0,1,1,0.000,1600.000
-23,-100,-11.250,-49.750,0,0,0.000,0.000,0,1,1,0.000,1000.000
-23,-99,-11.250,-49.250,0,0,0.000,0.000,0,1,1,0.000,700.000
-23,-98,-11.250,-48.750,0,0,0.000,0.000,0,1,1,0.000,900.000
-23,-97,-11.250,-48.250,0,0,0.000,0.000,0,1,1,0.000,1300.000
-23,-96,-11.250,-47.750,0,0,0.000,0.000,0,1,1,0.000,800.000
-23,-95,-11.250,-47.250,1,0,11.995,-1.950,1,1,2,0.000,100.000
-23,-94,-11.250,-46.750,0,0,0.000,0.000,0,1,1,0.000,200.000
-23,-93,-11.250,-46.250,0,0,0.000,0.000,0,1,1,100.000,300.000
-23,-92,-11.250,-45.750,0,0,0.000,0.000,0,1,1,0.000,200.000
-23,-90,-11.250,-44.750,0,0,0.000,0.000,0,1,1,0.000,200.000
-23,-86,-11.250,-42.750,0,1,0.000,0.000,1,0,1,0.000,0.000
-23,-81,-11.250,-40.250,0,0,0.000,0.000,0,1,1,0.000,100.000
-23,-80,-11.250,-39.750,0,0,0.000,0.000,0,1,1,0.000,400.000
-23,-79,-11.250,-39.250,0,0,0.000,0.000,0,1,1,0.000,700.000
-23,-78,-11.250,-38.750,1,0,11.964,-2.367,1,1,2,0.000,200.000
-23,-77,-11.250,-38.250,0,0,0.000,0.000,0,1,1,0.000,200.000
-23,-73,-11.250,-36.250,0,1,0.000,0.000,1,0,1,0.000,0.000
-23,-72,-11.250,-35.750,1,1,0.476,0.363,1,1,2,0.000,100.000
-23,-71,-11.250,-35.250,0,0,0.000,0.000,0,1,1,100.000,200.000
-23,-70,-11.250,-34.750,0,0,0.000,0.000,0,1,1,100.000,200.000
-23,-68,-11.250,-33.750,0,1,0.000,0.000,1,0,1,0.000,0.000
-23,-66,-11.250,-32.750,0,0,0.000,0.000,0,1,1,200.000,0.000
-23,-65,-11.250,-32.250,0,0,0.000,0.000,0,1,1,100.000,0.000
-23,-64,-11.250,-31.750,0,0,0.000,0.000,0,1,1,0.000,200.000
-23,-63,-11.250,-31.250,0,0,0.000,0.000,0,1,1,0.000,300.000
-23,-62,-11.250,-30.750,0,0,0.000,0.000,0,1,1,0.000,700.000
-23,-61,-11.250,-30.250,0,0,0.000,0.000,0,1,1,0.000,200.000
-23,-60,-11.250,-29.750,0,1,0.000,0.000,1,0,1,0.000,0.000
-23,-59,-11.250,-29.250,0,0,0.000,0.000,0,1,1,200.000,600.000
-23,-58,-11.250,-28.750,0,0,0.000,0.000,0,1,1,0.000,1000.000
-23,-57,-11.250,-28.250,0,0,0.000,0.000,0,1,1,0.000,700.000
-23,-56,-11.250,-27.750,0,0,0.000,0.000,0,1,1,0.000,400.000
-23,-55,-11.250,-27.250,0,0,0.000,0.000,0,1,1,0.000,400.000
-23,-54,-11.250,-26.750,0,1,0.000,0.000,1,1,2,0.000,1000.000
-23,-53,-11.250,-26.250,0,0,0.000,0.000,0,1,1,0.000,400.000
-23,-52,-11.250,-25.750,1,1,20.654,-1.641,2,1,3,0.000,800.000
-23,-51,-11.250,-25.250,1,1,3.715,1.505,1,1,2,0.000,1400.000
-23,-50,-11.250,-24.750,0,0,0.000,0.000,0,1,1,0.000,1400.000
-23,-49,-11.250,-24.250,0,1,0.000,0.000,1,1,2,200.000,500.000
-23,-48,-11.250,-23.750,0,0,0.000,0.000,0,1,1,200.000,300.000
-23,-47,-11.250,-23.250,0,0,0.000,0.000,0,1,1,100.000,0.000
-22,-104,-10.750,-51.750,0,0,0.000,0.000,0,1,1,0.000,400.000
-22,-103,-10.750,-51.250,1,2,10.138,-0.680,3,1,4,0.000,2500.000
-22,-102,-10.750,-50.750,0,1,0.000,0.000,1,1,2,0.000,2300.000
-22,-101,-10.750,-50.250,1,0,18.042,1.705,1,1,1,0.000,2700.000
-22,-100,-10.750,-49.750,0,0,0.000,0.000,0,1,1,0.000,300.000
-22,-99,-10.750,-49.250,0,0,0.000,0.000,0,1,1,0.000,700.000
-22,-98,-10.750,-48.750,1,0,10.749,-0.444,1,1,2,0.000,300.000
-22,-97,-10.750,-48.250,0,0,0.000,0.000,0,1,1,0.000,1300.000
-22,-96,-10.750,-47.750,0,0,0.000,0.000,0,1,1,0.000,200.000
-22,-95,-10.750,-47.250,0,0,0.000,0.000,0,1,1,0.000,500.000
-22,-94,-10.750,-46.750,1,0,6.479,-1.070,1,1,2,0.000,300.000
-22,-93,-10.750,-46.250,0,0,0.000,0.000,0,1,1,300.000,300.000
-22,-92,-10.750,-45.750,1,0,14.926,1.306,1,0,1,0.000,0.000
-22,-91,-10.750,-45.250,0,0,0.000,0.000,0,1,1,0.000,100.000
-22,-90,-10.750,-44.750,1,0,3.247,-1.777,1,1,2,0.000,100.000
-22,-87,-10.750,-43.250,1,0,4.640,-1.668,1,0,1,0.000,0.000
-22,-85,-10.750,-42.250,1,0,6.451,-0.190,1,0,1,0.000,0.000
-22,-82,-10.750,-40.750,1,0,7.793,-0.073,1,0,1,0.000,0.000
-22,-81,-10.750,-40.250,0,0,0.000,0.000,0,1,1,0.000,200.000
-22,-79,-10.750,-39.250,0,0,0.000,0.000,0,1,1,0.000,600.000
-22,-78,-10.750,-38.750,0,0,0.000,0.000,0,1,1,0.000,900.000
-22,-77,-10.750,-38.250,0,0,0.000,0.000,0,1,1,0.000,100.000
-22,-72,-10.750,-35.750,0,0,0.000,0.000,0,1,1,200.000,200.000
-22,-71,-10.750,-35.250,0,0,0.000,0.000,0,1,1,200.000,0.000
-22,-69,-10.750,-34.250,0,0,0.000,0.000,0,1,1,0.000,200.000
-22,-68,-10.750,-33.750,0,0,0.000,0.000,0,1,1,0.000,100.000
-22,-66,-10.750,-32.750,0,0,0.000,0.000,0,1,1,100.000,0.000
-22,-65,-10.750,-32.250,0,1,0.000,0.000,1,1,1,300.000,0.000
-22,-64,-10.750,-31.750,0,0,0.000,0.000,0,1,1,200.000,100.000
-22,-63,-10.750,-31.250,0,0,0.000,0.000,0,1,1,0.000,800.000
-22,-62,-10.750,-30.750,0,0,0.000,0.000,0,1,1,0.000,400.000
-22,-61,-10.750,-30.250,0,0,0.000,0.000,0,1,1,0.000,200.000
-22,-60,-10.750,-29.750,0,0,0.000,0.000,0,1,1,0.000,100.000
-22,-59,-10.750,-29.250,0,0,0.000,0.000,0,1,1,400.000,200.000
-22,-58,-10.750,-28.750,0,0,0.000,0.000,0,1,1,0.000,200.000
-22,-57,-10.750,-28.250,0,0,0.000,0.000,0,1,1,0.000,300.000
-22,-56,-10.750,-27.750,0,0,0.000,0.000,0,1,1,0.000,700.000
-22,-55,-10.750,-27.250,0,0,0.000,0.000,0,1,1,0.000,600.000
-22,-54,-10.750,-26.750,0,0,0.000,0.000,0,1,1,0.000,800.000
-22,-53,-10.750,-26.250,1,0,12.847,-2.394,1,1,2,0.000,500.000
-22,-52,-10.750,-25.750,0,0,0.000,0.000,0,1,1,0.000,1100.000
-22,-51,-10.750,-25.250,0,0,0.000,0.000,0,1,1,0.000,2200.000
-22,-50,-10.750,-24.750,0,0,0.000,0.000,0,1,1,0.000,1400.000
-22,-49,-10.750,-24.250,0,0,0.000,0.000,0,1,1,200.000,300.000
-22,-48,-10.750,-23.750,0,0,0.000,0.000,0,1,1,200.000,200.000
-22,-9,-10.750,-4.250,0,1,0.000,0.000,1,0,1,0.000,0.000
-21,-104,-10.250,-51.750,0,0,0.000,0.000,0,1,1,0.000,400.000
-21,-103,-10.250,-51.250,0,0,0.000,0.000,0,1,1,0.000,700.000
-21,-102,-10.250,-50.750,0,2,0.000,0.000,2,1,3,0.000,1500.000
-21,-101,-10.250,-50.250,0,0,0.000,0.000,0,1,1,0.000,1700.000
-21,-100,-10.250,-49.750,0,0,0.000,0.000,0,1,1,0.000,1400.000
-21,-99,-10.250,-49.250,0,0,0.000,0.000,0,1,1,0.000,700.000
-21,-98,-10.250,-48.750,1,0,6.768,-0.798,1,1,2,0.000,1200.000
-21,-97,-10.250,-48.250,1,0,5.463,-0.617,1,1,2,0.000,800.000
-21,-96,-10.250,-47.750,1,0,5.014,-0.644,1,1,2,0.000,500.000
-21,-95,-10.250,-47.250,0,1,0.000,0.000,1,1,2,0.000,600.000
-21,-93,-10.250,-46.250,0,0,0.000,0.000,0,1,1,0.000,200.000
-21,-92,-10.250,-45.750,1,1,1.525,-0.861,1,1,2,200.000,0.000
-21,-91,-10.250,-45.250,0,1,0.000,0.000,1,1,2,0.000,200.000
-21,-90,-10.250,-44.750,0,1,0.000,0.000,1,0,1,0.000,0.000
-21,-80,-10.250,-39.750,1,0,2.655,0.000,1,1,2,0.000,500.000
-21,-79,-10.250,-39.250,0,0,0.000,0.000,0,1,1,0.000,400.000
-21,-78,-10.250,-38.750,1,0,10.081,-0.381,1,1,2,0.000,100.000
-21,-77,-10.250,-38.250,1,2,0.079,-0.036,2,1,3,0.000,600.000
-21,-73,-10.250,-36.250,0,0,0.000,0.000,0,1,1,200.000,100.000
-21,-72,-10.250,-35.750,0,1,0.000,0.000,1,1,2,100.000,100.000
-21,-68,-10.250,-33.750,0,0,0.000,0.000,0,1,1,0.000,100.000
-21,-67,-10.250,-33.250,0,0,0.000,0.000,0,1,1,200.000,100.000
-21,-66,-10.250,-32.750,0,0,0.000,0.000,0,1,1,100.000,0.000
-21,-64,-10.250,-31.750,0,0,0.000,0.000,0,1,1,100.000,100.000
-21,-63,-10.250,-31.250,0,0,0.000,0.000,0,1,1,500.000,1000.000
-21,-62,-10.250,-30.750,0,0,0.000,0.000,0,1,1,300.000,200.000
-21,-61,-10.250,-30.250,0,0,0.000,0.000,0,1,1,300.000,300.000
-21,-60,-10.250,-29.750,0,1,0.000,0.000,1,1,2,300.000,200.000
-21,-57,-10.250,-28.250,0,0,0.000,0.000,0,1,1,0.000,900.000
-21,-56,-10.250,-27.750,0,0,0.000,0.000,0,1,1,0.000,400.000
-21,-55,-10.250,-27.250,0,1,0.000,0.000,1,1,2,0.000,400.000
-21,-54,-10.250,-26.750,0,0,0.000,0.000,0,1,1,0.000,700.000
-21,-53,-10.250,-26.250,0,0,0.000,0.000,0,1,1,0.000,600.000
-21,-52,-10.250,-25.750,0,0,0.000,0.000,0,1,1,0.000,200.000
-21,-51,-10.250,-25.250,0,0,0.000,0.000,0,1,1,0.000,1800.000
-21,-50,-10.250,-24.750,2,0,6.995,0.585,2,1,3,0.000,1500.000
-21,-49,-10.250,-24.250,0,0,0.000,0.000,0,1,1,0.000,500.000
-21,-48,-10.250,-23.750,0,0,0.000,0.000,0,1,1,1000.000,300.000
-20,-104,-9.750,-51.750,0,0,0.000,0.000,0,1,1,0.000,400.000
-20,-103,-9.750,-51.250,0,1,0.000,0.000,1,1,2,0.000,900.000
-20,-102,-9.750,-50.750,0,1,0.000,0.000,1,1,2,0.000,400.000
-20,-98,-9.750,-48.750,0,1,0.000,0.000,1,1,2,0.000,3400.000
-20,-97,-9.750,-48.250,0,0,0.000,0.000,0,1,1,0.000,500.000
-20,-96,-9.750,-47.750,0,1,0.000,0.000,1,1,2,0.000,600.000
-20,-95,-9.750,-47.250,0,0,0.000,0.000,0,1,1,0.000,500.000
-20,-93,-9.750,-46.250,0,1,0.000,0.000,1,1,2,0.000,400.000
-20,-92,-9.750,-45.750,0,0,0.000,0.000,0,1,1,100.000,300.000
-20,-91,-9.750,-45.250,0,0,0.000,0.000,0,1,1,100.000,200.000
-20,-90,-9.750,-44.750,0,1,0.000,0.000,1,0,1,0.000,0.000
-20,-83,-9.750,-41.250,0,1,0.000,0.000,1,0,1,0.000,0.000
-20,-82,-9.750,-40.750,0,0,0.000,0.000,0,1,1,0.000,300.000
-20,-81,-9.750,-40.250,0,1,0.000,0.000,1,1,2,0.000,200.000
-20,-80,-9.750,-39.750,0,0,0.000,0.000,0,1,1,0.000,200.000
-20,-79,-9.750,-39.250,0,0,0.000,0.000,0,1,1,0.000,100.000
-20,-78,-9.750,-38.750,1,0,5.865,0.181,1,1,2,0.000,400.000
-20,-77,-9.750,-38.250,0,0,0.000,0.000,0,1,1,0.000,300.000
-20,-76,-9.750,-37.750,0,0,0.000,0.000,0,1,1,0.000,300.000
-20,-75,-9.750,-37.250,1,2,7.677,0.435,3,1,4,100.000,0.000
-20,-74,-9.750,-36.750,0,0,0.000,0.000,0,1,1,300.000,0.000
-20,-73,-9.750,-36.250,1,0,10.787,-1.043,1,1,2,0.000,100.000
-20,-72,-9.750,-35.750,0,0,0.000,0.000,0,1,1,100.000,0.000
-20,-71,-9.750,-35.250,0,0,0.000,0.000,0,1,1,200.000,0.000
-20,-69,-9.750,-34.250,0,0,0.000,0.000,0,1,1,200.000,0.000
-20,-68,-9.750,-33.750,0,0,0.000,0.000,0,1,1,200.000,0.000
-20,-67,-9.750,-33.250,0,0,0.000,0.000,0,1,1,0.000,200.000
-20,-66,-9.750,-32.750,0,1,0.000,0.000,1,1,2,0.000,100.000
-20,-64,-9.750,-31.750,0,0,0.000,0.000,0,1,1,0.000,200.000
-20,-63,-9.750,-31.250,0,0,0.000,0.000,0,1,1,200.000,600.000
-20,-62,-9.750,-30.750,0,0,0.000,0.000,0,1,1,200.000,400.000
-20,-61,-9.750,-30.250,0,0,0.000,0.000,0,1,1,0.000,600.000
-20,-60,-9.750,-29.750,0,0,0.000,0.000,0,1,1,0.000,300.000
-20,-59,-9.750,-29.250,0,0,0.000,0.000,0,1,1,0.000,200.000
-20,-58,-9.750,-28.750,0,0,0.000,0.000,0,1,1,0.000,400.000
-20,-57,-9.750,-28.250,0,0,0.000,0.000,0,1,1,0.000,800.000
-20,-56,-9.750,-27.750,1,0,8.660,0.000,1,1,2,0.000,400.000
-20,-55,-9.750,-27.250,0,0,0.000,0.000,0,1,1,0.000,200.000
-20,-54,-9.750,-26.750,1,0,3.018,0.354,1,1,2,0.000,500.000
-20,-53,-9.750,-26.250,0,0,0.000,0.000,0,1,1,0.000,500.000
-20,-52,-9.750,-25.750,0,0,0.000,0.000,0,1,1,0.000,300.000
-20,-51,-9.750,-25.250,0,0,0.000,0.000,0,1,1,0.000,1600.000
-20,-50,-9.750,-24.750,0,0,0.000,0.000,0,1,1,0.000,1600.000
-20,-49,-9.750,-24.250,1,0,9.110,1.496,1,1,2,600.000,700.000
-20,-48,-9.750,-23.750,1,0,2.601,-0.345,1,1,2,900.000,300.000
-19,-104,-9.250,-51.750,0,0,0.000,0.000,0,1,1,0.000,400.000
-19,-103,-9.250,-51.250,0,0,0.000,0.000,0,1,1,0.000,600.000
-19,-102,-9.250,-50.750,0,0,0.000,0.000,0,1,1,0.000,400.000
-19,-98,-9.250,-48.750,0,0,0.000,0.000,0,1,1,0.000,400.000
-19,-97,-9.250,-48.250,0,0,0.000,0.000,0,1,1,0.000,700.000
-19,-96,-9.250,-47.750,0,0,0.000,0.000,0,1,1,0.000,400.000
-19,-95,-9.250,-47.250,1,1,6.190,1.007,2,1,3,0.000,600.000
-19,-94,-9.250,-46.750,0,0,0.000,0.000,0,1,1,0.000,500.000
-19,-93,-9.250,-46.250,0,1,0.000,0.000,1,1,2,0.000,200.000
-19,-92,-9.250,-45.750,0,0,0.000,0.000,0,1,1,0.000,200.000
-19,-91,-9.250,-45.250,0,1,0.000,0.000,1,1,2,200.000,0.000
-19,-90,-9.250,-44.750,0,0,0.000,0.000,0,1,1,0.000,200.000
-19,-89,-9.250,-44.250,0,1,0.000,0.000,1,1,2,0.000,200.000
-19,-88,-9.250,-43.750,1,1,5.140,1.070,2,1,3,0.000,200.000
-19,-87,-9.250,-43.250,0,0,0.000,0.000,0,1,1,0.000,200.000
-19,-86,-9.250,-42.750,0,0,0.000,0.000,0,1,1,0.000,200.000
-19,-85,-9.250,-42.250,0,0,0.000,0.000,0,1,1,0.000,200.000
-19,-84,-9.250,-41.750,0,0,0.000,0.000,0,1,1,0.000,200.000
-19,-83,-9.250,-41.250,0,0,0.000,0.000,0,1,1,0.000,200.000
-19,-79,-9.250,-39.250,0,0,0.000,0.000,0,1,1,0.000,200.000
-19,-78,-9.250,-38.750,0,1,0.000,0.000,1,1,2,0.000,200.000
-19,-77,-9.250,-38.250,0,1,0.000,0.000,1,1,2,0.000,500.000
-19,-76,-9.250,-37.750,2,1,0.311,0.005,2,1,3,0.000,300.000
-19,-75,-9.250,-37.250,1,0,4.002,0.807,1,1,2,300.000,400.000
-19,-74,-9.250,-36.750,1,0,1.421,0.490,1,1,2,200.000,0.000
-19,-73,-9.250,-36.250,0,0,0.000,0.000,0,1,1,200.000,200.000
-19,-72,-9.250,-35.750,0,0,0.000,0.000,0,1,1,100.000,0.000
-19,-71,-9.250,-35.250,0,1,0.000,0.000,1,0,1,0.000,0.000
-19,-70,-9.250,-34.750,0,0,0.000,0.000,0,1,1,200.000,0.000
-19,-66,-9.250,-32.750,0,0,0.000,0.000,0,1,1,0.000,100.000
-19,-65,-9.250,-32.250,0,0,0.000,0.000,0,1,1,0.000,100.000
-19,-64,-9.250,-31.750,1,1,0.325,0.000,1,1,2,0.000,300.000
-19,-63,-9.250,-31.250,1,1,0.325,0.000,1,1,2,100.000,400.000
-19,-62,-9.250,-30.750,1,0,5.752,-0.481,1,1,2,400.000,200.000
-19,-61,-9.250,-30.250,0,0,0.000,0.000,0,1,1,0.000,400.000
-19,-60,-9.250,-29.750,0,0,0.000,0.000,0,1,1,0.000,100.000
-19,-58,-9.250,-28.750,0,0,0.000,0.000,0,1,1,0.000,100.000
-19,-57,-9.250,-28.250,0,0,0.000,0.000,0,1,1,0.000,300.000
-19,-56,-9.250,-27.750,0,1,0.000,0.000,1,1,2,0.000,600.000
-19,-55,-9.250,-27.250,1,0,7.523,-1.043,1,1,2,0.000,1100.000
-19,-54,-9.250,-26.750,1,0,12.667,-1.523,1,1,2,0.000,800.000
-19,-53,-9.250,-26.250,0,0,0.000,0.000,0,1,1,0.000,700.000
-19,-52,-9.250,-25.750,1,0,19.767,-1.161,1,1,2,0.000,1300.000
-19,-51,-9.250,-25.250,0,0,0.000,0.000,0,1,1,0.000,1100.000
-19,-50,-9.250,-24.750,0,1,0.000,0.000,1,1,2,0.000,2300.000
-19,-49,-9.250,-24.250,1,0,7.866,0.934,1,1,2,200.000,1100.000
-19,-48,-9.250,-23.750,0,0,0.000,0.000,0,1,1,200.000,200.000
-18,-104,-8.750,-51.750,0,2,0.000,0.000,2,1,3,0.000,200.000
-18,-103,-8.750,-51.250,1,0,12.112,0.054,1,1,2,0.000,1100.000
-18,-102,-8.750,-50.750,0,0,0.000,0.000,0,1,1,0.000,200.000
-18,-98,-8.750,-48.750,0,0,0.000,0.000,0,1,1,0.000,700.000
-18,-97,-8.750,-48.250,0,0,0.000,0.000,0,1,1,0.000,500.000
-18,-96,-8.750,-47.750,0,0,0.000,0.000,0,1,1,0.000,700.000
-18,-95,-8.750,-47.250,0,0,0.000,0.000,0,1,1,0.000,900.000
-18,-94,-8.750,-46.750,1,0,9.775,1.016,1,0,1,0.000,0.000
-18,-93,-8.750,-46.250,0,0,0.000,0.000,0,1,1,0.000,300.000
-18,-92,-8.750,-45.750,0,1,0.000,0.000,1,0,1,0.000,0.000
-18,-91,-8.750,-45.250,0,0,0.000,0.000,0,1,1,200.000,0.000
-18,-90,-8.750,-44.750,0,1,0.000,0.000,1,0,1,0.000,0.000
-18,-88,-8.750,-43.750,0,1,0.000,0.000,1,0,1,0.000,0.000
-18,-85,-8.750,-42.250,1,0,12.888,-1.805,1,0,1,0.000,0.000
-18,-84,-8.750,-41.750,0,1,0.000,0.000,1,0,1,0.000,0.000
-18,-78,-8.750,-38.750,0,0,0.000,0.000,0,1,1,0.000,100.000
-18,-77,-8.750,-38.250,0,0,0.000,0.000,0,1,1,400.000,600.000
-18,-76,-8.750,-37.750,0,1,0.000,0.000,1,1,2,500.000,200.000
-18,-75,-8.750,-37.250,0,0,0.000,0.000,0,1,1,300.000,400.000
-18,-74,-8.750,-36.750,0,0,0.000,0.000,0,1,1,0.000,400.000
-18,-73,-8.750,-36.250,0,0,0.000,0.000,0,1,1,0.000,200.000
-18,-71,-8.750,-35.250,1,0,9.643,-2.711,1,0,1,0.000,0.000
-18,-70,-8.750,-34.750,0,2,0.000,0.000,2,0,2,0.000,0.000
-18,-67,-8.750,-33.250,0,1,0.000,0.000,1,0,1,0.000,0.000
-18,-65,-8.750,-32.250,0,0,0.000,0.000,0,1,1,0.000,200.000
-18,-64,-8.750,-31.750,0,0,0.000,0.000,0,1,1,0.000,200.000
-18,-63,-8.750,-31.250,0,0,0.000,0.000,0,1,1,0.000,500.000
-18,-62,-8.750,-30.750,0,0,0.000,0.000,0,1,1,400.000,200.000
-18,-61,-8.750,-30.250,0,0,0.000,0.000,0,1,1,0.000,400.000
-18,-60,-8.750,-29.750,0,0,0.000,0.000,0,1,1,0.000,100.000
-18,-59,-8.750,-29.250,0,1,0.000,0.000,1,1,2,0.000,200.000
-18,-58,-8.750,-28.750,0,0,0.000,0.000,0,1,1,0.000,700.000
-18,-57,-8.750,-28.250,0,0,0.000,0.000,0,1,1,0.000,700.000
-18,-56,-8.750,-27.750,0,0,0.000,0.000,0,1,1,0.000,600.000
-18,-54,-8.750,-26.750,0,0,0.000,0.000,0,1,1,0.000,700.000
-18,-53,-8.750,-26.250,0,1,0.000,0.000,1,1,2,0.000,500.000
-18,-52,-8.750,-25.750,0,1,0.000,0.000,1,1,2,0.000,700.000
-18,-51,-8.750,-25.250,0,0,0.000,0.000,0,1,1,0.000,500.000
-18,-50,-8.750,-24.750,1,0,5.236,0.254,1,1,2,0.000,1900.000
-18,-49,-8.750,-24.250,0,0,0.000,0.000,0,1,1,200.000,1400.000
-18,-48,-8.750,-23.750,0,0,0.000,0.000,0,1,1,300.000,0.000
-17,-104,-8.250,-51.750,1,0,10.788,0.054,1,0,1,0.000,0.000
-17,-103,-8.250,-51.250,0,1,0.000,0.000,1,1,2,0.000,1000.000
-17,-102,-8.250,-50.750,0,0,0.000,0.000,0,1,1,0.000,400.000
-17,-98,-8.250,-48.750,1,0,12.625,-0.544,1,1,2,0.000,1500.000
-17,-97,-8.250,-48.250,1,1,8.415,-0.209,2,1,3,0.000,500.000
-17,-96,-8.250,-47.750,0,0,0.000,0.000,0,1,1,0.000,1000.000
-17,-95,-8.250,-47.250,0,0,0.000,0.000,0,1,1,0.000,300.000
-17,-94,-8.250,-46.750,0,0,0.000,0.000,0,1,1,0.000,200.000
-17,-92,-8.250,-45.750,1,0,10.712,0.644,1,1,2,100.000,0.000
-17,-91,-8.250,-45.250,0,0,0.000,0.000,0,1,1,100.000,0.000
-17,-90,-8.250,-44.750,0,1,0.000,0.000,1,0,1,0.000,0.000
-17,-88,-8.250,-43.750,0,1,0.000,0.000,1,0,1,0.000,0.000
-17,-83,-8.250,-41.250,2,0,3.689,-0.884,1,0,1,0.000,0.000
-17,-82,-8.250,-40.750,0,1,0.000,0.000,1,0,1,0.000,0.000
-17,-79,-8.250,-39.250,2,0,3.557,1.115,2,0,2,0.000,0.000
-17,-77,-8.250,-38.250,1,0,7.575,-0.825,1,1,1,600.000,200.000
-17,-76,-8.250,-37.750,2,0,3.773,-0.526,2,1,3,0.000,300.000
-17,-75,-8.250,-37.250,0,0,0.000,0.000,0,1,1,0.000,200.000
-17,-74,-8.250,-36.750,0,0,0.000,0.000,0,1,1,0.000,300.000
-17,-73,-8.250,-36.250,0,0,0.000,0.000,0,1,1,0.000,1000.000
-17,-72,-8.250,-35.750,0,0,0.000,0.000,0,1,1,0.000,300.000
-17,-66,-8.250,-32.750,1,0,7.020,-0.734,1,0,1,0.000,0.000
-17,-65,-8.250,-32.250,0,0,0.000,0.000,0,1,1,0.000,100.000
-17,-64,-8.250,-31.750,0,0,0.000,0.000,0,1,1,0.000,400.000
-17,-63,-8.250,-31.250,1,1,6.759,-2.058,2,1,3,0.000,500.000
-17,-62,-8.250,-30.750,0,1,0.000,0.000,1,1,2,400.000,200.000
-17,-61,-8.250,-30.250,0,0,0.000,0.000,0,1,1,0.000,400.000
-17,-60,-8.250,-29.750,0,0,0.000,0.000,0,1,1,0.000,200.000
-17,-59,-8.250,-29.250,0,1,0.000,0.000,1,1,2,0.000,400.000
-17,-56,-8.250,-27.750,0,0,0.000,0.000,0,1,1,0.000,700.000
-17,-55,-8.250,-27.250,0,0,0.000,0.000,0,1,1,0.000,200.000
-17,-54,-8.250,-26.750,0,0,0.000,0.000,0,1,1,0.000,200.000
-17,-53,-8.250,-26.250,1,1,19.903,-0.744,2,1,3,0.000,1600.000
-17,-52,-8.250,-25.750,0,0,0.000,0.000,0,1,1,0.000,600.000
-17,-51,-8.250,-25.250,0,0,0.000,0.000,0,1,1,0.000,100.000
-17,-50,-8.250,-24.750,0,0,0.000,0.000,0,1,1,0.000,1700.000
-17,-49,-8.250,-24.250,0,1,0.000,0.000,1,1,2,200.000,1200.000
-17,-48,-8.250,-23.750,0,2,0.000,0.000,2,1,3,200.000,100.000
-16,-104,-7.750,-51.750,0,2,0.000,0.000,1,0,1,0.000,0.000
-16,-103,-7.750,-51.250,1,0,1.717,-0.281,1,1,2,0.000,700.000
-16,-102,-7.750,-50.750,0,0,0.000,0.000,0,1,1,0.000,400.000
-16,-98,-7.750,-48.750,0,0,0.000,0.000,0,1,1,0.000,1700.000
-16,-97,-7.750,-48.250,0,1,0.000,0.000,1,1,2,0.000,800.000
-16,-96,-7.750,-47.750,1,1,2.267,-0.209,2,1,3,0.000,900.000
-16,-95,-7.750,-47.250,0,0,0.000,0.000,0,1,1,0.000,600.000
-16,-94,-7.750,-46.750,0,2,0.000,0.000,2,1,3,0.000,100.000
-16,-93,-7.750,-46.250,0,1,0.000,0.000,1,0,1,0.000,0.000
-16,-92,-7.750,-45.750,0,1,0.000,0.000,1,1,2,200.000,0.000
-16,-79,-7.750,-39.250,0,1,0.000,0.000,1,0,1,0.000,0.000
-16,-78,-7.750,-38.750,0,0,0.000,0.000,0,1,1,200.000,0.000
-16,-77,-7.750,-38.250,1,1,2.681,-0.889,2,1,3,300.000,0.000
-16,-76,-7.750,-37.750,0,0,0.000,0.000,0,1,1,0.000,300.000
-16,-75,-7.750,-37.250,0,1,0.000,0.000,1,1,2,0.000,400.000
-16,-74,-7.750,-36.750,0,0,0.000,0.000,0,1,1,0.000,300.000
-16,-73,-7.750,-36.250,0,0,0.000,0.000,0,1,1,0.000,1600.000
-16,-72,-7.750,-35.750,0,0,0.000,0.000,0,1,1,0.000,200.000
-16,-71,-7.750,-35.250,0,0,0.000,0.000,0,1,1,0.000,400.000
-16,-70,-7.750,-34.750,1,0,7.890,0.535,1,1,2,0.000,500.000
-16,-69,-7.750,-34.250,0,0,0.000,0.000,0,1,1,0.000,500.000
-16,-68,-7.750,-33.750,0,1,0.000,0.000,1,1,2,0.000,700.000
-16,-67,-7.750,-33.250,1,0,5.349,0.834,1,1,2,0.000,400.000
-16,-65,-7.750,-32.250,0,1,0.000,0.000,1,0,1,0.000,0.000
-16,-64,-7.750,-31.750,0,0,0.000,0.000,0,1,1,0.000,300.000
-16,-63,-7.750,-31.250,0,0,0.000,0.000,0,1,1,0.000,700.000
-16,-62,-7.750,-30.750,0,0,0.000,0.000,0,1,1,300.000,200.000
-16,-61,-7.750,-30.250,0,0,0.000,0.000,0,1,1,0.000,600.000
-16,-58,-7.750,-28.750,0,0,0.000,0.000,0,1,1,0.000,200.000
-16,-57,-7.750,-28.250,0,0,0.000,0.000,0,1,1,0.000,200.000
-16,-56,-7.750,-27.750,0,0,0.000,0.000,0,1,1,0.000,700.000
-16,-55,-7.750,-27.250,0,0,0.000,0.000,0,1,1,0.000,700.000
-16,-54,-7.750,-26.750,0,0,0.000,0.000,0,1,1,0.000,200.000
-16,-53,-7.750,-26.250,0,0,0.000,0.000,0,1,1,0.000,1400.000
-16,-52,-7.750,-25.750,0,0,0.000,0.000,0,1,1,0.000,900.000
-16,-51,-7.750,-25.250,1,0,6.200,2.557,1,1,2,0.000,600.000
-16,-50,-7.750,-24.750,0,1,0.000,0.000,1,1,2,0.000,2000.000
-16,-49,-7.750,-24.250,0,0,0.000,0.000,0,1,1,200.000,1600.000
-16,-48,-7.750,-23.750,0,1,0.000,0.000,1,1,2,200.000,1500.000
-16,-47,-7.750,-23.250,0,0,0.000,0.000,0,1,1,0.000,1400.000
-15,-104,-7.250,-51.750,0,0,0.000,0.000,0,1,1,0.000,200.000
-15,-103,-7.250,-51.250,1,0,3.257,0.272,1,1,2,0.000,500.000
-15,-102,-7.250,-50.750,1,0,8.580,-0.063,1,1,2,0.000,400.000
-15,-98,-7.250,-48.750,1,0,12.311,-0.218,1,1,2,0.000,1300.000
-15,-97,-7.250,-48.250,0,0,0.000,0.000,0,1,1,0.000,1500.000
-15,-96,-7.250,-47.750,0,0,0.000,0.000,0,1,1,0.000,1000.000
-15,-95,-7.250,-47.250,0,0,0.000,0.000,0,1,1,0.000,400.000
-15,-94,-7.250,-46.750,1,0,7.483,0.707,1,1,2,0.000,200.000
-15,-93,-7.250,-46.250,0,0,0.000,0.000,0,1,1,0.000,100.000
-15,-92,-7.250,-45.750,0,0,0.000,0.000,0,1,1,200.000,0.000
-15,-90,-7.250,-44.750,1,0,5.816,0.009,1,0,1,0.000,0.000
-15,-89,-7.250,-44.250,1,0,3.057,2.013,1,0,1,0.000,0.000
-15,-87,-7.250,-43.250,1,0,8.181,0.363,1,0,1,0.000,0.000
-15,-86,-7.250,-42.750,2,1,9.542,0.000,2,0,2,0.000,0.000
-15,-85,-7.250,-42.250,0,0,0.000,0.000,0,1,1,0.000,100.000
-15,-84,-7.250,-41.750,1,0,5.877,0.399,1,1,2,0.000,200.000
-15,-81,-7.250,-40.250,1,0,4.251,0.009,1,0,1,0.000,0.000
-15,-80,-7.250,-39.750,0,1,0.000,0.000,1,0,1,0.000,0.000
-15,-79,-7.250,-39.250,0,0,0.000,0.000,0,1,1,200.000,0.000
-15,-78,-7.250,-38.750,0,0,0.000,0.000,0,1,1,100.000,0.000
-15,-77,-7.250,-38.250,0,0,0.000,0.000,0,1,1,200.000,0.000
-15,-76,-7.250,-37.750,0,1,0.000,0.000,1,1,2,0.000,200.000
-15,-75,-7.250,-37.250,0,0,0.000,0.000,0,1,1,0.000,300.000
-15,-74,-7.250,-36.750,0,0,0.000,0.000,0,1,1,0.000,1100.000
-15,-73,-7.250,-36.250,1,1,3.134,0.127,2,1,3,0.000,400.000
-15,-72,-7.250,-35.750,0,0,0.000,0.000,0,1,1,0.000,200.000
-15,-71,-7.250,-35.250,1,1,1.212,-0.082,2,1,3,0.000,200.000
-15,-70,-7.250,-34.750,1,1,2.708,1.242,2,1,3,0.000,200.000
-15,-69,-7.250,-34.250,0,0,0.000,0.000,0,1,1,0.000,700.000
-15,-68,-7.250,-33.750,0,0,0.000,0.000,0,1,1,0.000,800.000
-15,-67,-7.250,-33.250,1,0,2.842,0.172,1,1,2,0.000,400.000
-15,-66,-7.250,-32.750,0,1,0.000,0.000,1,0,1,0.000,0.000
-15,-64,-7.250,-31.750,0,0,0.000,0.000,0,1,1,0.000,200.000
-15,-63,-7.250,-31.250,0,2,0.000,0.000,2,1,3,0.000,700.000
-15,-62,-7.250,-30.750,1,0,9.663,0.000,1,1,2,300.000,0.000
-15,-61,-7.250,-30.250,0,0,0.000,0.000,0,1,1,0.000,400.000
-15,-58,-7.250,-28.750,0,0,0.000,0.000,0,1,1,0.000,200.000
-15,-57,-7.250,-28.250,0,0,0.000,0.000,0,1,1,0.000,300.000
-15,-56,-7.250,-27.750,0,0,0.000,0.000,0,1,1,0.000,800.000
-15,-54,-7.250,-26.750,0,0,0.000,0.000,0,1,1,0.000,100.000
-15,-53,-7.250,-26.250,1,1,25.130,-0.925,2,1,3,0.000,900.000
-15,-52,-7.250,-25.750,0,0,0.000,0.000,0,1,1,0.000,200.000
-15,-51,-7.250,-25.250,0,0,0.000,0.000,0,1,1,0.000,500.000
-15,-50,-7.250,-24.750,0,1,0.000,0.000,1,1,2,0.000,700.000
-15,-49,-7.250,-24.250,0,0,0.000,0.000,0,1,1,100.000,1500.000
-15,-48,-7.250,-23.750,0,0,0.000,0.000,0,1,1,100.000,300.000
-15,-47,-7.250,-23.250,0,0,0.000,0.000,0,1,1,200.000,500.000
-14,-105,-6.750,-52.250,0,1,0.000,0.000,1,0,1,0.000,0.000
-14,-104,-6.750,-51.750,1,0,8.121,1.759,1,1,2,0.000,300.000
-14,-103,-6.750,-51.250,0,0,0.000,0.000,0,1,1,0.000,400.000
-14,-102,-6.750,-50.750,0,0,0.000,0.000,0,1,1,0.000,400.000
-14,-98,-6.750,-48.750,0,1,0.000,0.000,1,1,2,0.000,1500.000
-14,-97,-6.750,-48.250,2,1,3.325,-0.059,3,1,4,0.000,300.000
-14,-96,-6.750,-47.750,1,0,3.972,0.027,1,1,2,0.000,500.000
-14,-95,-6.750,-47.250,1,0,4.165,1.079,1,1,2,0.000,1200.000
-14,-94,-6.750,-46.750,1,0,4.204,-0.063,1,1,2,0.000,200.000
-14,-93,-6.750,-46.250,0,0,0.000,0.000,0,1,1,200.000,200.000
-14,-92,-6.750,-45.750,0,0,0.000,0.000,0,1,1,0.000,400.000
-14,-91,-6.750,-45.250,1,1,6.081,-0.861,2,1,3,0.000,300.000
-14,-90,-6.750,-44.750,1,2,7.068,0.716,3,1,3,200.000,200.000
-14,-89,-6.750,-44.250,3,0,5.914,0.843,3,1,4,200.000,0.000
-14,-88,-6.750,-43.750,1,0,4.699,-0.326,1,1,2,100.000,0.000
-14,-87,-6.750,-43.250,0,1,0.000,0.000,1,1,2,0.000,200.000
-14,-86,-6.750,-42.750,1,0,7.882,0.517,1,1,2,0.000,500.000
-14,-85,-6.750,-42.250,2,1,3.515,-0.027,2,1,3,0.000,700.000
-14,-84,-6.750,-41.750,0,1,0.000,0.000,1,1,2,0.000,100.000
-14,-82,-6.750,-40.750,0,0,0.000,0.000,0,1,1,0.000,100.000
-14,-81,-6.750,-40.250,0,0,0.000,0.000,0,1,1,0.000,200.000
-14,-80,-6.750,-39.750,1,0,9.045,0.073,1,1,2,100.000,0.000
-14,-79,-6.750,-39.250,0,0,0.000,0.000,0,1,1,100.000,0.000
-14,-78,-6.750,-38.750,0,1,0.000,0.000,1,0,1,0.000,0.000
-14,-77,-6.750,-38.250,0,0,0.000,0.000,0,1,1,200.000,0.000
-14,-76,-6.750,-37.750,0,1,0.000,0.000,1,0,1,0.000,0.000
-14,-75,-6.750,-37.250,0,2,0.000,0.000,2,1,3,0.000,200.000
-14,-74,-6.750,-36.750,0,0,0.000,0.000,0,1,1,0.000,1600.000
-14,-73,-6.750,-36.250,1,0,3.321,-0.617,1,1,2,0.000,300.000
-14,-70,-6.750,-34.750,0,0,0.000,0.000,0,1,1,0.000,100.000
-14,-69,-6.750,-34.250,0,1,0.000,0.000,1,1,2,0.000,700.000
-14,-68,-6.750,-33.750,2,1,3.680,0.263,3,1,4,0.000,300.000
-14,-67,-6.750,-33.250,2,0,4.847,-0.317,2,1,3,0.000,700.000
-14,-66,-6.750,-32.750,0,0,0.000,0.000,0,1,1,0.000,100.000
-14,-65,-6.750,-32.250,0,1,0.000,0.000,1,0,1,0.000,0.000
-14,-64,-6.750,-31.750,1,0,7.306,0.000,1,1,2,0.000,200.000
-14,-63,-6.750,-31.250,0,0,0.000,0.000,0,1,1,100.000,600.000
-14,-62,-6.750,-30.750,0,0,0.000,0.000,0,1,1,300.000,100.000
-14,-61,-6.750,-30.250,0,0,0.000,0.000,0,1,1,0.000,300.000
-14,-60,-6.750,-29.750,1,0,3.837,-1.678,1,0,1,0.000,0.000
-14,-59,-6.750,-29.250,0,2,0.000,0.000,2,0,2,0.000,0.000
-14,-58,-6.750,-28.750,0,0,0.000,0.000,0,1,1,0.000,100.000
-14,-57,-6.750,-28.250,0,0,0.000,0.000,0,1,1,0.000,700.000
-14,-56,-6.750,-27.750,0,0,0.000,0.000,0,1,1,0.000,400.000
-14,-55,-6.750,-27.250,0,0,0.000,0.000,0,1,1,0.000,200.000
-14,-54,-6.750,-26.750,0,0,0.000,0.000,0,1,1,0.000,200.000
-14,-53,-6.750,-26.250,0,0,0.000,0.000,0,1,1,0.000,600.000
-14,-52,-6.750,-25.750,1,0,2.058,-0.363,1,1,2,0.000,300.000
-14,-51,-6.750,-25.250,0,0,0.000,0.000,0,1,1,0.000,1200.000
-14,-50,-6.750,-24.750,0,0,0.000,0.000,0,1,1,0.000,900.000
-14,-49,-6.750,-24.250,0,0,0.000,0.000,0,1,1,200.000,1400.000
-14,-48,-6.750,-23.750,0,0,0.000,0.000,0,1,1,100.000,0.000
-14,-47,-6.750,-23.250,0,0,0.000,0.000,0,1,1,100.000,200.000
-13,-104,-6.250,-51.750,1,0,4.132,0.018,1,1,2,0.000,400.000
-13,-103,-6.250,-51.250,0,1,0.000,0.000,1,1,2,0.000,100.000
-13,-102,-6.250,-50.750,2,0,8.889,0.032,1,1,2,0.000,700.000
-13,-100,-6.250,-49.750,1,0,9.359,-0.018,1,0,1,0.000,0.000
-13,-99,-6.250,-49.250,0,0,0.000,0.000,0,1,1,100.000,0.000
-13,-98,-6.250,-48.750,1,0,10.424,0.000,1,1,2,200.000,1000.000
-13,-97,-6.250,-48.250,0,1,0.000,0.000,1,1,2,300.000,600.000
-13,-96,-6.250,-47.750,0,1,0.000,0.000,1,1,2,0.000,300.000
-13,-95,-6.250,-47.250,1,0,7.557,-0.036,1,1,2,0.000,900.000
-13,-94,-6.250,-46.750,1,0,4.915,-0.408,1,1,2,0.000,700.000
-13,-93,-6.250,-46.250,1,1,4.654,-0.816,2,1,3,400.000,400.000
-13,-92,-6.250,-45.750,0,0,0.000,0.000,0,1,1,100.000,200.000
-13,-91,-6.250,-45.250,2,1,2.583,-0.018,2,1,3,200.000,300.000
-13,-90,-6.250,-44.750,1,1,3.853,0.843,2,1,3,0.000,400.000
-13,-89,-6.250,-44.250,1,0,7.546,1.097,1,1,2,0.000,400.000
-13,-88,-6.250,-43.750,0,0,0.000,0.000,0,1,1,100.000,800.000
-13,-87,-6.250,-43.250,0,0,0.000,0.000,0,1,1,200.000,800.000
-13,-86,-6.250,-42.750,2,0,8.716,-0.209,2,1,3,0.000,500.000
-13,-85,-6.250,-42.250,2,2,3.057,-0.549,2,1,3,0.000,600.000
-13,-84,-6.250,-41.750,0,3,0.000,0.000,3,1,4,0.000,400.000
-13,-83,-6.250,-41.250,1,0,3.443,0.644,1,1,2,0.000,700.000
-13,-82,-6.250,-40.750,2,0,4.704,0.521,2,1,3,0.000,600.000
-13,-81,-6.250,-40.250,4,0,7.329,0.530,4,1,5,100.000,600.000
-13,-80,-6.250,-39.750,1,1,4.146,2.113,2,1,3,300.000,500.000
-13,-79,-6.250,-39.250,0,0,0.000,0.000,0,1,1,200.000,200.000
-13,-78,-6.250,-38.750,0,0,0.000,0.000,0,1,1,100.000,200.000
-13,-77,-6.250,-38.250,1,1,5.371,-1.288,2,1,3,200.000,300.000
-13,-76,-6.250,-37.750,0,0,0.000,0.000,0,1,1,0.000,800.000
-13,-75,-6.250,-37.250,1,1,4.593,1.215,2,1,3,0.000,600.000
-13,-74,-6.250,-36.750,1,1,5.853,1.206,2,1,3,0.000,800.000
-13,-73,-6.250,-36.250,0,1,0.000,0.000,1,1,2,0.000,200.000
-13,-72,-6.250,-35.750,0,0,0.000,0.000,0,1,1,0.000,200.000
-13,-71,-6.250,-35.250,0,1,0.000,0.000,1,1,2,0.000,300.000
-13,-70,-6.250,-34.750,0,1,0.000,0.000,1,0,1,0.000,0.000
-13,-69,-6.250,-34.250,0,1,0.000,0.000,1,1,2,0.000,400.000
-13,-68,-6.250,-33.750,2,1,12.031,1.211,2,1,3,0.000,600.000
-13,-67,-6.250,-33.250,2,1,14.024,1.129,2,1,3,0.000,300.000
-13,-66,-6.250,-32.750,0,0,0.000,0.000,0,1,1,0.000,500.000
-13,-65,-6.250,-32.250,0,0,0.000,0.000,0,1,1,0.000,200.000
-13,-64,-6.250,-31.750,0,0,0.000,0.000,0,1,1,0.000,200.000
-13,-63,-6.250,-31.250,0,0,0.000,0.000,0,1,1,200.000,600.000
-13,-62,-6.250,-30.750,0,0,0.000,0.000,0,1,1,200.000,300.000
-13,-61,-6.250,-30.250,0,0,0.000,0.000,0,1,1,0.000,200.000
-13,-59,-6.250,-29.250,1,0,0.483,0.245,1,0,1,0.000,0.000
-13,-58,-6.250,-28.750,1,0,4.613,-0.934,1,0,1,0.000,0.000
-13,-57,-6.250,-28.250,0,0,0.000,0.000,0,1,1,0.000,900.000
-13,-56,-6.250,-27.750,0,0,0.000,0.000,0,1,1,0.000,400.000
-13,-55,-6.250,-27.250,0,0,0.000,0.000,0,1,1,0.000,200.000
-13,-54,-6.250,-26.750,0,0,0.000,0.000,0,1,1,0.000,100.000
-13,-53,-6.250,-26.250,0,1,0.000,0.000,1,1,2,0.000,100.000
-13,-52,-6.250,-25.750,0,1,0.000,0.000,1,1,2,0.000,1200.000
-13,-51,-6.250,-25.250,0,0,0.000,0.000,0,1,1,0.000,1200.000
-13,-50,-6.250,-24.750,1,0,6.155,1.442,1,1,2,100.000,700.000
-13,-49,-6.250,-24.250,0,0,0.000,0.000,0,1,1,0.000,1800.000
-13,-48,-6.250,-23.750,0,1,0.000,0.000,1,1,2,0.000,100.000
-13,-47,-6.250,-23.250,0,0,0.000,0.000,0,1,1,400.000,200.000
-12,-105,-5.750,-52.250,0,0,0.000,0.000,0,1,1,0.000,300.000
-12,-104,-5.750,-51.750,0,0,0.000,0.000,0,1,1,0.000,300.000
-12,-103,-5.750,-51.250,2,1,7.731,-0.005,3,1,4,0.000,700.000
-12,-102,-5.750,-50.750,1,2,4.823,-0.073,3,1,4,0.000,1100.000
-12,-101,-5.750,-50.250,2,1,10.390,0.231,3,1,4,0.000,500.000
-12,-100,-5.750,-49.750,3,1,6.916,0.816,4,1,5,100.000,1500.000
-12,-99,-5.750,-49.250,1,1,4.432,0.861,2,1,3,200.000,1900.000
-12,-98,-5.750,-48.750,1,0,3.800,0.861,1,1,2,0.000,1200.000
-12,-97,-5.750,-48.250,1,1,5.863,1.251,2,1,3,100.000,1000.000
-12,-96,-5.750,-47.750,0,3,0.000,0.000,3,1,4,200.000,1300.000
-12,-95,-5.750,-47.250,2,0,2.944,0.227,2,1,3,0.000,1200.000
-12,-94,-5.750,-46.750,0,0,0.000,0.000,0,1,1,300.000,1500.000
-12,-93,-5.750,-46.250,0,1,0.000,0.000,1,1,2,200.000,1600.000
-12,-92,-5.750,-45.750,0,1,0.000,0.000,1,1,2,0.000,1400.000
-12,-91,-5.750,-45.250,1,1,8.649,0.209,2,1,3,0.000,1400.000
-12,-90,-5.750,-44.750,0,1,0.000,0.000,1,1,2,0.000,1200.000
-12,-89,-5.750,-44.250,0,1,0.000,0.000,1,1,2,0.000,800.000
-12,-88,-5.750,-43.750,0,0,0.000,0.000,0,1,1,0.000,1400.000
-12,-87,-5.750,-43.250,1,3,0.294,-0.190,2,1,3,0.000,900.000
-12,-86,-5.750,-42.750,1,2,1.974,0.127,3,1,3,700.000,700.000
-12,-85,-5.750,-42.250,0,1,0.000,0.000,1,1,1,300.000,600.000
-12,-84,-5.750,-41.750,1,1,1.617,-0.009,2,1,3,400.000,900.000
-12,-83,-5.750,-41.250,0,1,0.000,0.000,1,1,2,0.000,1600.000
-12,-82,-5.750,-40.750,0,1,0.000,0.000,1,1,2,0.000,1700.000
-12,-81,-5.750,-40.250,2,1,7.020,1.469,3,1,4,700.000,4200.000
-12,-80,-5.750,-39.750,0,0,0.000,0.000,0,1,1,200.000,2400.000
-12,-79,-5.750,-39.250,2,0,2.097,0.485,2,1,3,200.000,2800.000
-12,-78,-5.750,-38.750,1,1,3.326,-0.281,2,1,3,300.000,1600.000
-12,-77,-5.750,-38.250,1,0,9.810,-0.363,1,1,2,300.000,1200.000
-12,-76,-5.750,-37.750,2,0,6.630,-0.181,2,1,3,200.000,600.000
-12,-75,-5.750,-37.250,0,0,0.000,0.000,0,1,1,200.000,500.000
-12,-74,-5.750,-36.750,0,1,0.000,0.000,1,1,2,0.000,500.000
-12,-73,-5.750,-36.250,0,0,0.000,0.000,0,1,1,0.000,300.000
-12,-72,-5.750,-35.750,0,0,0.000,0.000,0,1,1,0.000,100.000
-12,-71,-5.750,-35.250,0,1,0.000,0.000,1,0,1,0.000,0.000
-12,-68,-5.750,-33.750,0,0,0.000,0.000,0,1,1,0.000,300.000
-12,-67,-5.750,-33.250,0,0,0.000,0.000,0,1,1,0.000,600.000
-12,-66,-5.750,-32.750,0,2,0.000,0.000,2,0,2,0.000,0.000
-12,-65,-5.750,-32.250,1,0,4.792,2.149,1,1,2,0.000,500.000
-12,-64,-5.750,-31.750,1,1,22.336,-0.036,2,1,2,0.000,200.000
-12,-63,-5.750,-31.250,0,0,0.000,0.000,0,1,1,100.000,800.000
-12,-62,-5.750,-30.750,0,0,0.000,0.000,0,1,1,200.000,200.000
-12,-61,-5.750,-30.250,0,0,0.000,0.000,0,1,1,0.000,200.000
-12,-60,-5.750,-29.750,1,1,8.449,-1.025,2,1,3,0.000,100.000
-12,-59,-5.750,-29.250,0,0,0.000,0.000,0,1,1,0.000,400.000
-12,-58,-5.750,-28.750,0,0,0.000,0.000,0,1,1,0.000,900.000
-12,-57,-5.750,-28.250,0,0,0.000,0.000,0,1,1,0.000,300.000
-12,-56,-5.750,-27.750,2,2,0.126,0.000,1,1,2,0.000,600.000
-12,-55,-5.750,-27.250,0,0,0.000,0.000,0,1,1,0.000,5300.000
-12,-53,-5.750,-26.250,0,0,0.000,0.000,0,1,1,0.000,200.000
-12,-52,-5.750,-25.750,1,0,2.056,0.000,1,1,2,0.000,300.000
-12,-51,-5.750,-25.250,0,0,0.000,0.000,0,1,1,0.000,1000.000
-12,-50,-5.750,-24.750,1,0,3.674,0.871,1,1,2,200.000,700.000
-12,-49,-5.750,-24.250,0,0,0.000,0.000,0,1,1,0.000,400.000
-12,-48,-5.750,-23.750,0,0,0.000,0.000,0,1,1,0.000,700.000
-12,-47,-5.750,-23.250,1,0,4.752,0.009,1,1,2,200.000,0.000
-11,-105,-5.250,-52.250,0,0,0.000,0.000,0,1,1,0.000,200.000
-11,-104,-5.250,-51.750,0,0,0.000,0.000,0,1,1,0.000,100.000
-11,-103,-5.250,-51.250,0,1,0.000,0.000,1,1,2,0.000,200.000
-11,-102,-5.250,-50.750,0,2,0.000,0.000,2,1,3,0.000,1200.000
-11,-101,-5.250,-50.250,1,0,1.259,-0.608,1,1,2,600.000,1000.000
-11,-100,-5.250,-49.750,3,2,5.262,0.000,4,1,5,200.000,1000.000
-11,-99,-5.250,-49.250,3,4,13.126,0.045,4,1,4,0.000,2700.000
-11,-98,-5.250,-48.750,1,2,4.725,-0.798,3,1,4,0.000,1100.000
-11,-97,-5.250,-48.250,0,2,0.000,0.000,2,1,3,0.000,1800.000
-11,-96,-5.250,-47.750,0,1,0.000,0.000,1,1,2,100.000,1500.000
-11,-95,-5.250,-47.250,0,2,0.000,0.000,2,1,3,200.000,1600.000
-11,-94,-5.250,-46.750,0,0,0.000,0.000,0,1,1,300.000,1400.000
-11,-93,-5.250,-46.250,0,1,0.000,0.000,1,1,2,400.000,1700.000
-11,-92,-5.250,-45.750,0,0,0.000,0.000,0,1,1,0.000,1500.000
-11,-91,-5.250,-45.250,1,0,8.258,1.025,1,1,2,0.000,1900.000
-11,-90,-5.250,-44.750,0,0,0.000,0.000,0,1,1,0.000,1700.000
-11,-89,-5.250,-44.250,0,2,0.000,0.000,2,1,3,0.000,2700.000
-11,-88,-5.250,-43.750,0,0,0.000,0.000,0,1,1,0.000,2400.000
-11,-87,-5.250,-43.250,0,1,0.000,0.000,1,1,2,0.000,1800.000
-11,-86,-5.250,-42.750,1,1,1.201,0.000,2,1,3,300.000,2000.000
-11,-85,-5.250,-42.250,3,4,10.223,0.009,4,1,5,100.000,1700.000
-11,-84,-5.250,-41.750,1,1,10.816,-0.009,2,1,3,500.000,1600.000
-11,-83,-5.250,-41.250,1,1,3.662,0.771,1,1,2,200.000,2500.000
-11,-82,-5.250,-40.750,0,0,0.000,0.000,0,1,1,700.000,3200.000
-11,-81,-5.250,-40.250,2,0,11.934,0.626,2,1,3,0.000,2200.000
-11,-80,-5.250,-39.750,1,0,10.986,0.045,1,1,2,0.000,1600.000
-11,-79,-5.250,-39.250,0,0,0.000,0.000,0,1,1,0.000,800.000
-11,-78,-5.250,-38.750,2,1,9.283,-0.222,1,1,2,0.000,900.000
-11,-77,-5.250,-38.250,0,0,0.000,0.000,0,1,1,200.000,800.000
-11,-76,-5.250,-37.750,3,1,4.921,-0.490,3,1,3,500.000,1000.000
-11,-75,-5.250,-37.250,0,2,0.000,0.000,2,1,3,700.000,500.000
-11,-74,-5.250,-36.750,0,0,0.000,0.000,0,1,1,0.000,600.000
-11,-73,-5.250,-36.250,0,0,0.000,0.000,0,1,1,0.000,700.000
-11,-72,-5.250,-35.750,0,0,0.000,0.000,0,1,1,0.000,100.000
-11,-71,-5.250,-35.250,0,1,0.000,0.000,1,1,2,0.000,400.000
-11,-70,-5.250,-34.750,0,0,0.000,0.000,0,1,1,0.000,300.000
-11,-69,-5.250,-34.250,0,1,0.000,0.000,1,1,2,0.000,200.000
-11,-68,-5.250,-33.750,1,0,1.616,0.644,1,1,2,0.000,1200.000
-11,-67,-5.250,-33.250,0,0,0.000,0.000,0,1,1,200.000,700.000
-11,-66,-5.250,-32.750,0,0,0.000,0.000,0,1,1,500.000,0.000
-11,-65,-5.250,-32.250,2,0,6.587,0.322,2,1,3,0.000,500.000
-11,-64,-5.250,-31.750,0,0,0.000,0.000,0,1,1,0.000,200.000
-11,-63,-5.250,-31.250,0,0,0.000,0.000,0,1,1,500.000,900.000
-11,-62,-5.250,-30.750,0,0,0.000,0.000,0,1,1,0.000,100.000
-11,-61,-5.250,-30.250,0,0,0.000,0.000,0,1,1,0.000,300.000
-11,-60,-5.250,-29.750,0,0,0.000,0.000,0,1,1,0.000,400.000
-11,-59,-5.250,-29.250,0,0,0.000,0.000,0,1,1,0.000,500.000
-11,-58,-5.250,-28.750,0,0,0.000,0.000,0,1,1,100.000,200.000
-11,-53,-5.250,-26.250,0,0,0.000,0.000,0,1,1,0.000,200.000
-11,-52,-5.250,-25.750,0,0,0.000,0.000,0,1,1,0.000,500.000
-11,-51,-5.250,-25.250,1,0,13.075,1.705,1,1,2,300.000,1000.000
-11,-50,-5.250,-24.750,1,1,12.774,-0.199,2,1,3,400.000,900.000
-11,-49,-5.250,-24.250,2,0,9.088,-0.508,2,1,3,0.000,300.000
-11,-48,-5.250,-23.750,0,0,0.000,0.000,0,1,1,0.000,300.000
-11,-47,-5.250,-23.250,0,0,0.000,0.000,0,1,1,200.000,0.000
-10,-105,-4.750,-52.250,0,1,0.000,0.000,1,0,1,0.000,0.000
-10,-104,-4.750,-51.750,1,0,3.789,-0.753,1,1,2,0.000,300.000
-10,-103,-4.750,-51.250,0,0,0.000,0.000,0,1,1,0.000,300.000
-10,-102,-4.750,-50.750,1,1,9.962,0.299,2,1,3,0.000,400.000
-10,-101,-4.750,-50.250,1,1,9.379,0.000,2,1,3,200.000,1000.000
-10,-100,-4.750,-49.750,2,1,10.595,0.385,3,1,4,0.000,1700.000
-10,-99,-4.750,-49.250,2,1,6.848,0.598,3,1,4,100.000,1600.000
-10,-98,-4.750,-48.750,0,1,0.000,0.000,1,1,2,300.000,1500.000
-10,-97,-4.750,-48.250,0,2,0.000,0.000,2,1,3,200.000,1200.000
-10,-96,-4.750,-47.750,1,1,10.827,0.000,2,1,3,200.000,1700.000
-10,-95,-4.750,-47.250,2,1,10.046,1.002,2,1,3,200.000,1900.000
-10,-94,-4.750,-46.750,0,0,0.000,0.000,0,1,1,800.000,1600.000
-10,-93,-4.750,-46.250,0,0,0.000,0.000,0,1,1,0.000,600.000
-10,-92,-4.750,-45.750,0,0,0.000,0.000,0,1,1,0.000,1700.000
-10,-91,-4.750,-45.250,0,1,0.000,0.000,1,1,2,0.000,4600.000
-10,-90,-4.750,-44.750,0,0,0.000,0.000,0,1,1,0.000,1100.000
-10,-89,-4.750,-44.250,0,1,0.000,0.000,1,1,2,0.000,4200.000
-10,-88,-4.750,-43.750,0,0,0.000,0.000,0,1,1,0.000,2300.000
-10,-87,-4.750,-43.250,2,0,15.015,0.884,2,1,3,0.000,6500.000
-10,-86,-4.750,-42.750,0,0,0.000,0.000,0,1,1,0.000,1800.000
-10,-85,-4.750,-42.250,2,1,5.395,0.227,3,1,4,300.000,2500.000
-10,-84,-4.750,-41.750,1,1,1.351,0.698,2,1,3,0.000,900.000
-10,-83,-4.750,-41.250,2,1,6.106,-0.005,3,1,4,400.000,2900.000
-10,-82,-4.750,-40.750,2,2,5.587,-0.100,3,1,4,200.000,1100.000
-10,-81,-4.750,-40.250,0,1,0.000,0.000,1,1,2,0.000,400.000
-10,-80,-4.750,-39.750,0,0,0.000,0.000,0,1,1,0.000,200.000
-10,-79,-4.750,-39.250,0,0,0.000,0.000,0,1,1,0.000,200.000
-10,-78,-4.750,-38.750,0,0,0.000,0.000,0,1,1,0.000,200.000
-10,-77,-4.750,-38.250,0,0,0.000,0.000,0,1,1,0.000,400.000
-10,-76,-4.750,-37.750,2,1,1.672,0.036,3,1,4,0.000,800.000
-10,-75,-4.750,-37.250,1,0,9.825,-0.490,1,1,2,400.000,400.000
-10,-74,-4.750,-36.750,0,0,0.000,0.000,0,1,1,300.000,300.000
-10,-73,-4.750,-36.250,0,1,0.000,0.000,1,1,2,200.000,300.000
-10,-72,-4.750,-35.750,1,0,2.666,-0.762,1,1,2,0.000,500.000
-10,-71,-4.750,-35.250,0,0,0.000,0.000,0,1,1,0.000,400.000
-10,-70,-4.750,-34.750,2,0,8.749,-0.190,2,1,3,0.000,400.000
-10,-69,-4.750,-34.250,2,0,7.139,-0.023,1,1,2,0.000,300.000
-10,-68,-4.750,-33.750,1,0,11.783,1.333,1,1,2,0.000,400.000
-10,-67,-4.750,-33.250,0,1,0.000,0.000,1,1,2,0.000,600.000
-10,-66,-4.750,-32.750,0,0,0.000,0.000,0,1,1,900.000,400.000
-10,-65,-4.750,-32.250,1,1,4.995,1.306,2,1,3,0.000,700.000
-10,-64,-4.750,-31.750,0,1,0.000,0.000,1,1,2,200.000,400.000
-10,-63,-4.750,-31.250,1,0,8.385,0.000,1,1,2,200.000,800.000
-10,-62,-4.750,-30.750,0,0,0.000,0.000,0,1,1,0.000,400.000
-10,-61,-4.750,-30.250,0,0,0.000,0.000,0,1,1,0.000,500.000
-10,-60,-4.750,-29.750,0,0,0.000,0.000,0,1,1,0.000,800.000
-10,-59,-4.750,-29.250,0,0,0.000,0.000,0,1,1,300.000,100.000
-10,-58,-4.750,-28.750,0,0,0.000,0.000,0,1,1,300.000,0.000
-10,-57,-4.750,-28.250,1,0,2.866,0.354,1,0,1,0.000,0.000
-10,-56,-4.750,-27.750,0,1,0.000,0.000,1,0,1,0.000,0.000
-10,-55,-4.750,-27.250,0,0,0.000,0.000,0,1,1,0.000,200.000
-10,-54,-4.750,-26.750,0,0,0.000,0.000,0,1,1,0.000,300.000
-10,-53,-4.750,-26.250,0,1,0.000,0.000,1,1,2,0.000,500.000
-10,-52,-4.750,-25.750,1,0,7.957,1.560,1,1,2,400.000,1000.000
-10,-51,-4.750,-25.250,0,1,0.000,0.000,1,1,2,200.000,400.000
-10,-50,-4.750,-24.750,1,0,0.326,0.018,1,1,2,900.000,1300.000
-10,-49,-4.750,-24.250,0,1,0.000,0.000,1,1,2,200.000,400.000
-10,-48,-4.750,-23.750,1,0,10.067,0.009,1,1,2,700.000,900.000
-10,-47,-4.750,-23.250,0,0,0.000,0.000,0,1,1,600.000,1300.000
-10,-46,-4.750,-22.750,0,0,0.000,0.000,0,1,1,0.000,200.000
-10,-44,-4.750,-21.750,0,2,0.000,0.000,2,0,2,0.000,0.000
-9,-104,-4.250,-51.750,0,0,0.000,0.000,0,1,1,0.000,100.000
-9,-103,-4.250,-51.250,1,1,6.424,0.281,2,1,3,0.000,500.000
-9,-102,-4.250,-50.750,2,0,5.875,0.267,2,1,3,0.000,600.000
-9,-101,-4.250,-50.250,1,1,8.357,-0.716,2,1,3,300.000,1400.000
-9,-100,-4.250,-49.750,1,0,4.254,0.000,1,1,2,0.000,1000.000
-9,-99,-4.250,-49.250,1,1,6.235,-0.218,2,1,3,200.000,2800.000
-9,-98,-4.250,-48.750,1,0,0.438,0.000,1,1,2,0.000,1600.000
-9,-97,-4.250,-48.250,1,1,2.698,-0.861,2,1,3,0.000,600.000
-9,-86,-4.250,-42.750,0,0,0.000,0.000,0,1,1,0.000,100.000
-9,-85,-4.250,-42.250,0,2,0.000,0.000,1,1,2,300.000,1700.000
-9,-84,-4.250,-41.750,1,1,1.908,0.000,2,1,3,200.000,2400.000
-9,-83,-4.250,-41.250,2,4,6.313,0.014,4,1,5,200.000,1500.000
-9,-82,-4.250,-40.750,0,0,0.000,0.000,0,1,1,0.000,500.000
-9,-76,-4.250,-37.750,0,1,0.000,0.000,1,1,2,0.000,900.000
-9,-75,-4.250,-37.250,0,1,0.000,0.000,1,1,2,200.000,200.000
-9,-74,-4.250,-36.750,2,0,2.785,-0.413,2,1,3,300.000,200.000
-9,-73,-4.250,-36.250,1,0,4.932,0.027,1,1,2,0.000,300.000
-9,-72,-4.250,-35.750,0,0,0.000,0.000,0,1,1,400.000,100.000
-9,-71,-4.250,-35.250,0,2,0.000,0.000,2,1,3,0.000,300.000
-9,-70,-4.250,-34.750,0,0,0.000,0.000,0,1,1,0.000,100.000
-9,-69,-4.250,-34.250,0,0,0.000,0.000,0,1,1,0.000,400.000
-9,-68,-4.250,-33.750,0,0,0.000,0.000,0,1,1,0.000,300.000
-9,-67,-4.250,-33.250,0,0,0.000,0.000,0,1,1,0.000,200.000
-9,-66,-4.250,-32.750,0,0,0.000,0.000,0,1,1,800.000,300.000
-9,-65,-4.250,-32.250,0,0,0.000,0.000,0,1,1,300.000,500.000
-9,-64,-4.250,-31.750,0,0,0.000,0.000,0,1,1,100.000,200.000
-9,-63,-4.250,-31.250,0,0,0.000,0.000,0,1,1,200.000,1000.000
-9,-62,-4.250,-30.750,0,0,0.000,0.000,0,1,1,0.000,800.000
-9,-61,-4.250,-30.250,0,0,0.000,0.000,0,1,1,0.000,600.000
-9,-60,-4.250,-29.750,0,0,0.000,0.000,0,1,1,0.000,400.000
-9,-59,-4.250,-29.250,0,0,0.000,0.000,0,1,1,500.000,0.000
-9,-58,-4.250,-28.750,0,0,0.000,0.000,0,1,1,200.000,0.000
-9,-57,-4.250,-28.250,0,0,0.000,0.000,0,1,1,200.000,0.000
-9,-56,-4.250,-27.750,1,1,18.458,-1.197,2,1,3,200.000,0.000
-9,-55,-4.250,-27.250,0,0,0.000,0.000,0,1,1,200.000,200.000
-9,-54,-4.250,-26.750,1,0,15.715,-0.653,1,1,2,300.000,200.000
-9,-53,-4.250,-26.250,0,0,0.000,0.000,0,1,1,400.000,800.000
-9,-52,-4.250,-25.750,0,0,0.000,0.000,0,1,1,400.000,1000.000
-9,-51,-4.250,-25.250,0,0,0.000,0.000,0,1,1,800.000,600.000
-9,-50,-4.250,-24.750,0,1,0.000,0.000,1,1,2,1600.000,1700.000
-9,-49,-4.250,-24.250,1,0,3.078,0.399,1,1,2,1200.000,1000.000
-9,-48,-4.250,-23.750,1,1,18.493,0.880,1,1,2,400.000,2300.000
-9,-47,-4.250,-23.250,0,0,0.000,0.000,0,1,1,800.000,1400.000
-9,-46,-4.250,-22.750,1,0,28.284,-1.197,1,1,2,0.000,800.000
-9,-45,-4.250,-22.250,1,0,15.433,-0.762,1,1,2,0.000,1200.000
-9,-44,-4.250,-21.750,2,1,1.482,0.014,2,1,3,0.000,600.000
-9,-43,-4.250,-21.250,0,0,0.000,0.000,0,1,1,0.000,1700.000
-8,-102,-3.750,-50.750,1,1,23.660,0.299,2,1,3,0.000,200.000
-8,-101,-3.750,-50.250,0,0,0.000,0.000,0,1,1,200.000,700.000
-8,-100,-3.750,-49.750,0,1,0.000,0.000,1,1,2,0.000,1600.000
-8,-99,-3.750,-49.250,1,1,9.254,-0.789,2,1,3,300.000,2900.000
-8,-98,-3.750,-48.750,0,1,0.000,0.000,1,1,2,0.000,100.000
-8,-86,-3.750,-42.750,0,0,0.000,0.000,0,1,1,300.000,0.000
-8,-85,-3.750,-42.250,0,2,0.000,0.000,2,1,3,300.000,1500.000
-8,-84,-3.750,-41.750,0,0,0.000,0.000,0,1,1,500.000,1600.000
-8,-83,-3.750,-41.250,1,1,1.516,0.000,2,1,3,100.000,2300.000
-8,-82,-3.750,-40.750,1,2,0.251,0.027,2,1,2,0.000,600.000
-8,-76,-3.750,-37.750,0,0,0.000,0.000,0,1,1,0.000,500.000
-8,-75,-3.750,-37.250,0,0,0.000,0.000,0,1,1,300.000,200.000
-8,-74,-3.750,-36.750,0,0,0.000,0.000,0,1,1,300.000,0.000
-8,-73,-3.750,-36.250,1,0,9.552,0.707,1,0,1,0.000,0.000
-8,-72,-3.750,-35.750,0,1,0.000,0.000,1,1,2,100.000,500.000
-8,-71,-3.750,-35.250,0,0,0.000,0.000,0,1,1,200.000,400.000
-8,-70,-3.750,-34.750,1,0,6.841,0.707,1,1,2,0.000,200.000
-8,-69,-3.750,-34.250,0,0,0.000,0.000,0,1,1,0.000,200.000
-8,-68,-3.750,-33.750,1,0,6.580,2.376,1,1,2,0.000,400.000
-8,-67,-3.750,-33.250,0,0,0.000,0.000,0,1,1,0.000,800.000
-8,-66,-3.750,-32.750,1,0,7.386,-0.453,1,1,2,1000.000,300.000
-8,-65,-3.750,-32.250,2,0,12.182,1.795,2,1,3,700.000,300.000
-8,-64,-3.750,-31.750,0,0,0.000,0.000,0,1,1,200.000,500.000
-8,-63,-3.750,-31.250,0,1,0.000,0.000,1,1,2,0.000,1800.000
-8,-62,-3.750,-30.750,0,0,0.000,0.000,0,1,1,0.000,100.000
-8,-61,-3.750,-30.250,0,0,0.000,0.000,0,1,1,0.000,400.000
-8,-59,-3.750,-29.250,0,0,0.000,0.000,0,1,1,100.000,0.000
-8,-58,-3.750,-28.750,0,1,0.000,0.000,1,1,2,100.000,0.000
-8,-57,-3.750,-28.250,0,0,0.000,0.000,0,1,1,100.000,200.000
-8,-56,-3.750,-27.750,0,0,0.000,0.000,0,1,1,0.000,300.000
-8,-55,-3.750,-27.250,1,0,0.356,0.000,1,1,2,0.000,100.000
-8,-54,-3.750,-26.750,0,0,0.000,0.000,0,1,1,0.000,400.000
-8,-53,-3.750,-26.250,0,2,0.000,0.000,2,1,3,100.000,100.000
-8,-52,-3.750,-25.750,0,0,0.000,0.000,0,1,1,600.000,0.000
-8,-51,-3.750,-25.250,1,0,10.957,-1.587,1,1,2,200.000,300.000
-8,-50,-3.750,-24.750,1,0,2.408,-0.018,1,1,2,500.000,1200.000
-8,-49,-3.750,-24.250,1,0,6.273,0.009,1,1,2,2100.000,1200.000
-8,-48,-3.750,-23.750,1,0,18.223,0.589,1,1,2,1800.000,1300.000
-8,-47,-3.750,-23.250,0,1,0.000,0.000,1,1,2,1100.000,800.000
-8,-46,-3.750,-22.750,2,5,1.841,0.000,3,1,4,300.000,600.000
-8,-45,-3.750,-22.250,0,1,0.000,0.000,1,1,2,0.000,400.000
-8,-44,-3.750,-21.750,0,0,0.000,0.000,0,1,1,0.000,300.000
-8,-43,-3.750,-21.250,1,0,24.994,-1.659,1,0,1,0.000,0.000
-8,-12,-3.750,-5.750,0,1,0.000,0.000,1,0,1,0.000,0.000
-7,-102,-3.250,-50.750,0,0,0.000,0.000,0,1,1,100.000,0.000
-7,-101,-3.250,-50.250,2,0,5.132,0.272,2,1,3,200.000,900.000
-7,-100,-3.250,-49.750,1,0,0.315,0.000,1,1,2,0.000,2000.000
-7,-99,-3.250,-49.250,2,3,2.309,0.272,5,1,5,200.000,1600.000
-7,-86,-3.250,-42.750,1,0,17.650,-0.780,1,0,1,0.000,0.000
-7,-85,-3.250,-42.250,0,2,0.000,0.000,2,1,3,200.000,1500.000
-7,-84,-3.250,-41.750,2,3,0.277,0.000,2,1,3,0.000,2000.000
-7,-83,-3.250,-41.250,0,0,0.000,0.000,0,1,1,500.000,3100.000
-7,-82,-3.250,-40.750,1,0,3.549,0.553,1,1,2,0.000,500.000
-7,-76,-3.250,-37.750,0,0,0.000,0.000,0,1,1,0.000,500.000
-7,-75,-3.250,-37.250,0,1,0.000,0.000,1,1,2,500.000,100.000
-7,-74,-3.250,-36.750,0,1,0.000,0.000,1,1,2,300.000,0.000
-7,-73,-3.250,-36.250,0,0,0.000,0.000,0,1,1,300.000,0.000
-7,-72,-3.250,-35.750,0,0,0.000,0.000,0,1,1,500.000,0.000
-7,-71,-3.250,-35.250,0,0,0.000,0.000,0,1,1,100.000,700.000
-7,-70,-3.250,-34.750,1,1,3.914,0.762,2,1,3,200.000,300.000
-7,-69,-3.250,-34.250,0,0,0.000,0.000,0,1,1,0.000,800.000
-7,-68,-3.250,-33.750,0,0,0.000,0.000,0,1,1,0.000,400.000
-7,-67,-3.250,-33.250,0,1,0.000,0.000,1,1,2,200.000,200.000
-7,-66,-3.250,-32.750,0,0,0.000,0.000,0,1,1,100.000,400.000
-7,-65,-3.250,-32.250,1,0,1.920,0.798,1,1,2,700.000,400.000
-7,-64,-3.250,-31.750,1,1,1.745,0.834,2,1,3,400.000,1300.000
-7,-63,-3.250,-31.250,0,0,0.000,0.000,0,1,1,0.000,1300.000
-7,-61,-3.250,-30.250,0,1,0.000,0.000,1,1,2,0.000,400.000
-7,-58,-3.250,-28.750,0,0,0.000,0.000,0,1,1,200.000,0.000
-7,-57,-3.250,-28.250,1,0,16.386,0.916,1,1,2,0.000,200.000
-7,-55,-3.250,-27.250,0,0,0.000,0.000,0,1,1,0.000,1200.000
-7,-54,-3.250,-26.750,0,0,0.000,0.000,0,1,1,0.000,400.000
-7,-53,-3.250,-26.250,0,0,0.000,0.000,0,1,1,0.000,200.000
-7,-52,-3.250,-25.750,0,0,0.000,0.000,0,1,1,0.000,300.000
-7,-51,-3.250,-25.250,0,0,0.000,0.000,0,1,1,100.000,200.000
-7,-50,-3.250,-24.750,1,0,1.995,0.000,1,1,2,500.000,500.000
-7,-49,-3.250,-24.250,2,1,9.508,-1.387,3,1,4,500.000,400.000
-7,-48,-3.250,-23.750,0,0,0.000,0.000,0,1,1,400.000,600.000
-7,-47,-3.250,-23.250,0,0,0.000,0.000,0,1,1,1300.000,500.000
-7,-46,-3.250,-22.750,0,1,0.000,0.000,1,1,1,1200.000,0.000
-7,-45,-3.250,-22.250,0,1,0.000,0.000,1,1,2,1100.000,200.000
-7,-44,-3.250,-21.750,0,0,0.000,0.000,0,1,1,0.000,500.000
-6,-102,-2.750,-50.750,0,0,0.000,0.000,0,1,1,200.000,0.000
-6,-101,-2.750,-50.250,2,1,3.601,0.898,3,1,4,0.000,600.000
-6,-100,-2.750,-49.750,1,1,4.037,-0.036,2,1,3,0.000,2300.000
-6,-99,-2.750,-49.250,0,1,0.000,0.000,1,1,2,200.000,1200.000
-6,-85,-2.750,-42.250,1,0,8.281,-0.009,1,1,2,200.000,1100.000
-6,-84,-2.750,-41.750,0,1,0.000,0.000,1,1,2,0.000,1400.000
-6,-83,-2.750,-41.250,1,3,10.490,-0.118,4,1,5,300.000,2100.000
-6,-82,-2.750,-40.750,1,0,4.439,0.100,1,1,2,0.000,200.000
-6,-76,-2.750,-37.750,0,0,0.000,0.000,0,1,1,0.000,400.000
-6,-75,-2.750,-37.250,1,0,0.270,0.000,1,1,1,700.000,200.000
-6,-74,-2.750,-36.750,2,2,0.325,0.000,1,0,1,0.000,0.000
-6,-73,-2.750,-36.250,1,0,11.587,-0.218,1,0,1,0.000,0.000
-6,-72,-2.750,-35.750,3,1,1.296,-0.009,3,1,4,200.000,0.000
-6,-71,-2.750,-35.250,0,0,0.000,0.000,0,1,1,0.000,100.000
-6,-70,-2.750,-34.750,0,0,0.000,0.000,0,1,1,0.000,400.000
-6,-69,-2.750,-34.250,0,1,0.000,0.000,1,1,2,200.000,500.000
-6,-68,-2.750,-33.750,0,0,0.000,0.000,0,1,1,0.000,200.000
-6,-67,-2.750,-33.250,0,0,0.000,0.000,0,1,1,0.000,600.000
-6,-66,-2.750,-32.750,0,0,0.000,0.000,0,1,1,300.000,200.000
-6,-65,-2.750,-32.250,0,1,0.000,0.000,1,1,2,700.000,600.000
-6,-64,-2.750,-31.750,0,1,0.000,0.000,1,1,2,500.000,800.000
-6,-63,-2.750,-31.250,3,0,4.669,0.562,2,1,3,0.000,800.000
-6,-62,-2.750,-30.750,0,0,0.000,0.000,0,1,1,0.000,600.000
-6,-58,-2.750,-28.750,1,0,12.126,-1.587,1,1,2,200.000,200.000
-6,-56,-2.750,-27.750,0,0,0.000,0.000,0,1,1,0.000,400.000
-6,-55,-2.750,-27.250,1,0,6.547,-0.671,1,0,1,0.000,0.000
-6,-50,-2.750,-24.750,0,0,0.000,0.000,0,1,1,200.000,500.000
-6,-49,-2.750,-24.250,0,1,0.000,0.000,1,1,2,200.000,400.000
-6,-48,-2.750,-23.750,0,0,0.000,0.000,0,1,1,600.000,700.000
-6,-47,-2.750,-23.250,0,0,0.000,0.000,0,1,1,3200.000,400.000
-6,-46,-2.750,-22.750,0,0,0.000,0.000,0,1,1,900.000,200.000
-6,-45,-2.750,-22.250,0,0,0.000,0.000,0,1,1,1900.000,100.000
-6,-44,-2.750,-21.750,1,1,2.628,0.000,2,1,3,500.000,300.000
-6,-43,-2.750,-21.250,2,1,1.120,-0.018,1,1,2,400.000,200.000
-5,-101,-2.250,-50.250,1,2,7.513,0.000,3,1,4,300.000,500.000
-5,-100,-2.250,-49.750,2,3,7.991,0.150,5,1,5,0.000,2700.000
-5,-99,-2.250,-49.250,3,2,7.272,0.345,4,1,4,300.000,1400.000
-5,-85,-2.250,-42.250,0,2,0.000,0.000,2,1,3,200.000,900.000
-5,-84,-2.250,-41.750,2,1,2.824,0.000,2,1,3,0.000,1600.000
-5,-83,-2.250,-41.250,2,0,4.416,-0.118,2,1,2,400.000,1500.000
-5,-82,-2.250,-40.750,1,1,3.225,-0.317,2,1,3,0.000,1000.000
-5,-76,-2.250,-37.750,0,1,0.000,0.000,1,1,2,0.000,500.000
-5,-75,-2.250,-37.250,0,1,0.000,0.000,1,1,1,200.000,200.000
-5,-74,-2.250,-36.750,0,0,0.000,0.000,0,1,1,0.000,200.000
-5,-73,-2.250,-36.250,0,0,0.000,0.000,0,1,1,200.000,0.000
-5,-72,-2.250,-35.750,1,0,5.206,-0.997,1,1,2,100.000,0.000
-5,-70,-2.250,-34.750,0,0,0.000,0.000,0,1,1,0.000,200.000
-5,-69,-2.250,-34.250,2,0,4.123,0.340,2,1,3,100.000,500.000
-5,-68,-2.250,-33.750,0,0,0.000,0.000,0,1,1,200.000,900.000
-5,-67,-2.250,-33.250,1,0,13.031,-0.045,1,1,2,100.000,100.000
-5,-66,-2.250,-32.750,1,1,8.547,-0.526,2,1,3,200.000,300.000
-5,-65,-2.250,-32.250,0,1,0.000,0.000,1,1,2,700.000,400.000
-5,-64,-2.250,-31.750,1,2,2.567,0.045,2,1,3,800.000,700.000
-5,-63,-2.250,-31.250,0,0,0.000,0.000,0,1,1,300.000,800.000
-5,-62,-2.250,-30.750,0,0,0.000,0.000,0,1,1,0.000,400.000
-5,-61,-2.250,-30.250,1,0,4.005,-0.190,1,1,2,0.000,100.000
-5,-60,-2.250,-29.750,0,1,0.000,0.000,1,0,1,0.000,0.000
-5,-58,-2.250,-28.750,0,0,0.000,0.000,0,1,1,300.000,200.000
-5,-57,-2.250,-28.250,2,0,2.175,-0.154,2,1,3,0.000,600.000
-5,-56,-2.250,-27.750,0,0,0.000,0.000,0,1,1,0.000,400.000
-5,-50,-2.250,-24.750,0,1,0.000,0.000,1,1,2,300.000,400.000
-5,-49,-2.250,-24.250,1,0,19.238,-1.605,1,1,1,0.000,400.000
-5,-48,-2.250,-23.750,1,4,4.913,-0.871,5,1,5,700.000,200.000
-5,-47,-2.250,-23.250,0,0,0.000,0.000,0,1,1,2800.000,800.000
-5,-46,-2.250,-22.750,0,1,0.000,0.000,1,1,2,500.000,600.000
-5,-45,-2.250,-22.250,0,2,0.000,0.000,2,1,2,1500.000,1000.000
-5,-44,-2.250,-21.750,0,0,0.000,0.000,0,1,1,700.000,1800.000
-5,-43,-2.250,-21.250,0,0,0.000,0.000,0,1,1,1800.000,3900.000
-5,-42,-2.250,-20.750,1,0,3.190,0.000,1,0,1,0.000,0.000
-4,-102,-1.750,-50.750,2,1,5.658,0.032,2,0,2,0.000,0.000
-4,-101,-1.750,-50.250,2,1,6.084,0.000,2,1,3,200.000,500.000
-4,-100,-1.750,-49.750,1,4,6.856,0.417,4,1,4,300.000,3100.000
-4,-99,-1.750,-49.250,0,0,0.000,0.000,0,1,1,0.000,1200.000
-4,-85,-1.750,-42.250,3,2,4.250,0.000,5,1,6,200.000,1400.000
-4,-84,-1.750,-41.750,1,1,1.445,0.372,2,1,3,200.000,900.000
-4,-83,-1.750,-41.250,1,0,2.373,-0.218,1,1,2,200.000,1200.000
-4,-82,-1.750,-40.750,0,0,0.000,0.000,0,1,1,0.000,1100.000
-4,-76,-1.750,-37.750,0,0,0.000,0.000,0,1,1,0.000,400.000
-4,-75,-1.750,-37.250,0,0,0.000,0.000,0,1,1,200.000,200.000
-4,-74,-1.750,-36.750,0,0,0.000,0.000,0,1,1,300.000,200.000
-4,-73,-1.750,-36.250,0,0,0.000,0.000,0,1,1,100.000,0.000
-4,-72,-1.750,-35.750,1,0,4.000,-0.390,1,0,1,0.000,0.000
-4,-70,-1.750,-34.750,0,1,0.000,0.000,1,1,1,0.000,100.000
-4,-69,-1.750,-34.250,0,0,0.000,0.000,0,1,1,0.000,100.000
-4,-68,-1.750,-33.750,1,1,6.094,-0.825,2,1,3,0.000,900.000
-4,-67,-1.750,-33.250,0,1,0.000,0.000,1,1,2,100.000,400.000
-4,-66,-1.750,-32.750,0,1,0.000,0.000,1,1,1,400.000,500.000
-4,-65,-1.750,-32.250,0,3,0.000,0.000,3,1,4,1000.000,700.000
-4,-64,-1.750,-31.750,0,1,0.000,0.000,1,1,2,1300.000,800.000
-4,-63,-1.750,-31.250,0,2,0.000,0.000,2,1,3,0.000,1100.000
-4,-62,-1.750,-30.750,0,1,0.000,0.000,1,1,2,200.000,500.000
-4,-61,-1.750,-30.250,0,0,0.000,0.000,0,1,1,0.000,200.000
-4,-60,-1.750,-29.750,0,0,0.000,0.000,0,1,1,0.000,300.000
-4,-59,-1.750,-29.250,0,2,0.000,0.000,2,1,3,0.000,200.000
-4,-58,-1.750,-28.750,0,0,0.000,0.000,0,1,1,100.000,400.000
-4,-57,-1.750,-28.250,0,1,0.000,0.000,1,1,2,0.000,300.000
-4,-56,-1.750,-27.750,0,1,0.000,0.000,1,0,1,0.000,0.000
-4,-50,-1.750,-24.750,1,0,0.333,-0.172,1,1,2,300.000,1100.000
-4,-49,-1.750,-24.250,1,1,0.353,0.000,1,1,2,200.000,600.000
-4,-48,-1.750,-23.750,0,1,0.000,0.000,1,1,1,500.000,200.000
-4,-47,-1.750,-23.250,0,0,0.000,0.000,0,1,1,500.000,600.000
-4,-46,-1.750,-22.750,0,0,0.000,0.000,0,1,1,200.000,1300.000
-4,-45,-1.750,-22.250,0,0,0.000,0.000,0,1,1,1200.000,800.000
-4,-44,-1.750,-21.750,1,1,0.327,0.000,1,1,2,1100.000,500.000
-4,-43,-1.750,-21.250,1,0,1.224,0.000,1,1,2,900.000,600.000
-4,-42,-1.750,-20.750,1,1,0.353,0.000,1,1,2,0.000,300.000
-4,-41,-1.750,-20.250,0,1,0.000,0.000,1,0,1,0.000,0.000
-4,-40,-1.750,-19.750,1,0,0.314,0.100,1,0,1,0.000,0.000
-4,-36,-1.750,-17.750,0,1,0.000,0.000,1,0,1,0.000,0.000
-3,-102,-1.250,-50.750,0,1,0.000,0.000,1,0,1,0.000,0.000
-3,-101,-1.250,-50.250,0,2,0.000,0.000,2,1,3,300.000,600.000
-3,-100,-1.250,-49.750,1,1,3.708,0.063,2,1,3,100.000,2100.000
-3,-99,-1.250,-49.250,0,0,0.000,0.000,0,1,1,0.000,2000.000
-3,-85,-1.250,-42.250,1,1,3.188,0.000,1,1,2,300.000,900.000
-3,-84,-1.250,-41.750,0,0,0.000,0.000,0,1,1,400.000,1800.000
-3,-83,-1.250,-41.250,0,1,0.000,0.000,1,1,1,0.000,1200.000
-3,-82,-1.250,-40.750,0,0,0.000,0.000,0,1,1,0.000,500.000
-3,-76,-1.250,-37.750,0,0,0.000,0.000,0,1,1,2800.000,200.000
-3,-75,-1.250,-37.250,0,1,0.000,0.000,1,1,2,2400.000,300.000
-3,-74,-1.250,-36.750,0,2,0.000,0.000,2,1,3,600.000,0.000
-3,-73,-1.250,-36.250,0,0,0.000,0.000,0,1,1,0.000,300.000
-3,-72,-1.250,-35.750,0,0,0.000,0.000,0,1,1,0.000,100.000
-3,-71,-1.250,-35.250,0,0,0.000,0.000,0,1,1,0.000,200.000
-3,-70,-1.250,-34.750,0,0,0.000,0.000,0,1,1,0.000,600.000
-3,-69,-1.250,-34.250,1,0,2.751,0.789,1,1,1,0.000,500.000
-3,-68,-1.250,-33.750,0,0,0.000,0.000,0,1,1,0.000,700.000
-3,-67,-1.250,-33.250,0,0,0.000,0.000,0,1,1,0.000,1000.000
-3,-66,-1.250,-32.750,0,2,0.000,0.000,2,1,3,800.000,900.000
-3,-65,-1.250,-32.250,1,3,0.075,0.000,3,1,4,900.000,1000.000
-3,-64,-1.250,-31.750,0,0,0.000,0.000,0,1,1,500.000,1400.000
-3,-63,-1.250,-31.250,1,1,5.630,1.260,2,1,3,300.000,0.000
-3,-62,-1.250,-30.750,0,2,0.000,0.000,2,1,3,400.000,500.000
-3,-61,-1.250,-30.250,0,1,0.000,0.000,1,1,2,0.000,200.000
-3,-60,-1.250,-29.750,1,1,2.766,0.689,2,1,3,0.000,400.000
-3,-59,-1.250,-29.250,1,2,0.353,0.000,2,1,3,200.000,200.000
-3,-58,-1.250,-28.750,1,3,4.407,-0.263,2,1,3,0.000,300.000
-3,-57,-1.250,-28.250,2,2,0.130,0.000,1,1,2,0.000,300.000
-3,-56,-1.250,-27.750,2,2,0.804,-0.277,1,0,1,0.000,0.000
-3,-55,-1.250,-27.250,1,1,3.448,0.898,2,0,2,0.000,0.000
-3,-51,-1.250,-25.250,0,0,0.000,0.000,0,1,1,0.000,2200.000
-3,-50,-1.250,-24.750,2,3,9.958,-1.256,3,1,4,0.000,300.000
-3,-49,-1.250,-24.250,2,3,2.248,-0.744,2,1,3,0.000,300.000
-3,-48,-1.250,-23.750,2,0,3.172,0.417,2,1,3,400.000,700.000
-3,-47,-1.250,-23.250,1,0,9.253,-0.816,1,1,1,0.000,1300.000
-3,-46,-1.250,-22.750,0,1,0.000,0.000,1,1,2,600.000,700.000
-3,-45,-1.250,-22.250,0,2,0.000,0.000,2,1,3,1200.000,800.000
-3,-44,-1.250,-21.750,0,0,0.000,0.000,0,1,1,1000.000,800.000
-3,-43,-1.250,-21.250,3,0,2.304,0.000,3,1,4,1400.000,700.000
-3,-42,-1.250,-20.750,1,2,0.353,0.000,2,1,3,0.000,2200.000
-3,-41,-1.250,-20.250,0,0,0.000,0.000,0,1,1,0.000,400.000
-3,-40,-1.250,-19.750,0,0,0.000,0.000,0,1,1,0.000,300.000
-3,-39,-1.250,-19.250,0,1,0.000,0.000,1,0,1,0.000,0.000
-3,-37,-1.250,-18.250,1,0,0.518,-0.381,1,0,1,0.000,0.000
-2,-101,-0.750,-50.250,0,2,0.000,0.000,2,1,3,700.000,700.000
-2,-100,-0.750,-49.750,1,1,2.659,0.281,2,1,3,0.000,2200.000
-2,-99,-0.750,-49.250,2,0,7.690,0.481,2,1,3,0.000,1200.000
-2,-87,-0.750,-43.250,0,0,0.000,0.000,0,1,1,10000.000,0.000
-2,-86,-0.750,-42.750,0,2,0.000,0.000,2,1,3,0.000,700.000
-2,-85,-0.750,-42.250,2,1,5.812,0.431,3,1,4,200.000,1100.000
-2,-84,-0.750,-41.750,1,0,4.380,-0.861,1,1,2,600.000,1400.000
-2,-83,-0.750,-41.250,1,0,4.737,0.172,1,1,2,700.000,2300.000
-2,-82,-0.750,-40.750,2,0,3.005,-0.249,2,1,3,100.000,500.000
-2,-67,-0.750,-33.250,0,1,0.000,0.000,1,1,1,0.000,600.000
-2,-66,-0.750,-32.750,1,2,0.212,0.000,2,1,3,500.000,1000.000
-2,-65,-0.750,-32.250,3,1,4.914,-0.054,4,1,5,1200.000,1200.000
-2,-64,-0.750,-31.750,5,1,5.332,-0.753,5,1,6,600.000,800.000
-2,-63,-0.750,-31.250,0,0,0.000,0.000,0,1,1,0.000,500.000
-2,-62,-0.750,-30.750,0,0,0.000,0.000,0,1,1,400.000,1000.000
-2,-61,-0.750,-30.250,0,0,0.000,0.000,0,1,1,200.000,200.000
-2,-60,-0.750,-29.750,0,0,0.000,0.000,0,1,1,0.000,100.000
-2,-59,-0.750,-29.250,1,2,0.247,-0.063,2,1,3,400.000,400.000
-2,-58,-0.750,-28.750,0,2,0.000,0.000,1,1,2,500.000,400.000
-2,-57,-0.750,-28.250,0,0,0.000,0.000,0,1,1,0.000,300.000
-2,-56,-0.750,-27.750,1,1,4.289,-1.442,2,1,3,0.000,200.000
-2,-55,-0.750,-27.250,1,1,0.351,-0.100,1,1,2,0.000,200.000
-2,-54,-0.750,-26.750,0,0,0.000,0.000,0,1,1,0.000,100.000
-2,-53,-0.750,-26.250,0,1,0.000,0.000,1,1,2,0.000,400.000
-2,-52,-0.750,-25.750,0,0,0.000,0.000,0,1,1,0.000,200.000
-2,-51,-0.750,-25.250,0,0,0.000,0.000,0,1,1,5300.000,600.000
-2,-50,-0.750,-24.750,2,1,2.979,-0.734,3,1,4,300.000,300.000
-2,-49,-0.750,-24.250,2,1,3.666,-0.526,3,1,4,700.000,600.000
-2,-48,-0.750,-23.750,0,2,0.000,0.000,1,1,2,700.000,1100.000
-2,-47,-0.750,-23.250,0,1,0.000,0.000,1,1,2,500.000,1600.000
-2,-46,-0.750,-22.750,0,0,0.000,0.000,0,1,1,500.000,2000.000
-2,-45,-0.750,-22.250,1,0,2.951,0.091,1,1,2,1300.000,1100.000
-2,-44,-0.750,-21.750,0,0,0.000,0.000,0,1,1,1300.000,600.000
-2,-43,-0.750,-21.250,0,1,0.000,0.000,1,1,2,1900.000,1300.000
-2,-42,-0.750,-20.750,1,0,2.288,-0.336,1,1,2,5400.000,700.000
-2,-41,-0.750,-20.250,0,0,0.000,0.000,0,1,1,200.000,300.000
-2,-40,-0.750,-19.750,0,0,0.000,0.000,0,1,1,300.000,100.000
-2,-39,-0.750,-19.250,0,0,0.000,0.000,0,1,1,200.000,400.000
-2,-38,-0.750,-18.750,0,0,0.000,0.000,0,1,1,300.000,200.000
-2,-37,-0.750,-18.250,1,1,0.099,0.000,1,1,2,300.000,0.000
-1,-101,-0.250,-50.250,1,3,0.311,-0.009,3,1,4,300.000,900.000
-1,-100,-0.250,-49.750,0,2,0.000,0.000,1,1,2,100.000,2400.000
-1,-99,-0.250,-49.250,0,2,0.000,0.000,2,1,3,0.000,800.000
-1,-87,-0.250,-43.250,0,1,0.000,0.000,1,1,2,700.000,200.000
-1,-86,-0.250,-42.750,0,0,0.000,0.000,0,1,1,400.000,1100.000
-1,-85,-0.250,-42.250,0,1,0.000,0.000,1,1,2,1200.000,300.000
-1,-84,-0.250,-41.750,1,4,0.299,0.000,4,1,5,1400.000,1300.000
-1,-83,-0.250,-41.250,1,0,5.828,0.753,1,1,1,1500.000,1700.000
-1,-82,-0.250,-40.750,1,1,2.694,0.580,2,1,3,500.000,900.000
-1,-67,-0.250,-33.250,0,0,0.000,0.000,0,1,1,0.000,200.000
-1,-66,-0.250,-32.750,0,0,0.000,0.000,0,1,1,900.000,900.000
-1,-65,-0.250,-32.250,0,1,0.000,0.000,1,1,2,300.000,1600.000
-1,-64,-0.250,-31.750,0,3,0.000,0.000,3,1,3,800.000,900.000
-1,-63,-0.250,-31.250,0,1,0.000,0.000,1,1,2,300.000,500.000
-1,-62,-0.250,-30.750,1,0,2.001,0.009,1,1,2,300.000,300.000
-1,-61,-0.250,-30.250,1,0,3.125,-0.789,1,1,2,0.000,200.000
-1,-60,-0.250,-29.750,1,3,0.489,0.027,3,1,4,600.000,200.000
-1,-59,-0.250,-29.250,1,1,4.060,1.469,2,1,3,600.000,100.000
-1,-58,-0.250,-28.750,1,1,1.754,0.472,2,1,3,400.000,700.000
-1,-57,-0.250,-28.250,1,2,1.274,-0.308,3,1,4,400.000,700.000
-1,-56,-0.250,-27.750,2,0,0.230,-0.000,2,1,3,0.000,400.000
-1,-55,-0.250,-27.250,3,1,3.101,-0.762,3,1,4,0.000,500.000
-1,-54,-0.250,-26.750,1,0,0.894,0.517,1,1,2,0.000,300.000
-1,-53,-0.250,-26.250,0,1,0.000,0.000,1,1,2,0.000,500.000
-1,-52,-0.250,-25.750,1,0,3.323,-1.152,1,1,2,0.000,400.000
-1,-51,-0.250,-25.250,0,2,0.000,0.000,2,1,3,300.000,800.000
-1,-50,-0.250,-24.750,2,1,0.348,-0.154,2,1,3,200.000,900.000
-1,-49,-0.250,-24.250,0,0,0.000,0.000,0,1,1,500.000,1400.000
-1,-48,-0.250,-23.750,0,1,0.000,0.000,1,1,2,500.000,800.000
-1,-47,-0.250,-23.250,0,0,0.000,0.000,0,1,1,400.000,1100.000
-1,-46,-0.250,-22.750,0,0,0.000,0.000,0,1,1,100.000,1000.000
-1,-45,-0.250,-22.250,0,0,0.000,0.000,0,1,1,1500.000,1400.000
-1,-44,-0.250,-21.750,0,1,0.000,0.000,1,1,2,1600.000,1600.000
-1,-43,-0.250,-21.250,1,0,4.816,0.000,1,1,1,900.000,1000.000
-1,-42,-0.250,-20.750,0,0,0.000,0.000,0,1,1,200.000,600.000
-1,-41,-0.250,-20.250,1,0,1.561,0.000,1,1,2,300.000,1100.000
-1,-40,-0.250,-19.750,0,0,0.000,0.000,0,1,1,0.000,400.000
-1,-39,-0.250,-19.250,1,1,1.367,0.000,1,0,1,0.000,0.000
-1,-38,-0.250,-18.750,0,0,0.000,0.000,0,1,1,0.000,300.000
-1,-37,-0.250,-18.250,1,0,2.129,-1.342,1,1,2,0.000,700.000
-1,-36,-0.250,-17.750,0,0,0.000,0.000,0,1,1,200.000,600.000
0,-102,0.250,-50.750,0,1,0.000,0.000,1,0,1,0.000,0.000
0,-101,0.250,-50.250,1,0,12.566,-0.580,1,1,2,200.000,1000.000
0,-100,0.250,-49.750,1,1,8.623,0.880,2,1,3,700.000,2600.000
0,-99,0.250,-49.250,0,2,0.000,0.000,2,1,3,0.000,800.000
0,-87,0.250,-43.250,0,2,0.000,0.000,2,1,3,200.000,2600.000
0,-86,0.250,-42.750,1,0,1.999,0.000,1,1,2,1200.000,1700.000
0,-85,0.250,-42.250,1,0,5.008,0.281,1,1,2,1500.000,1500.000
0,-84,0.250,-41.750,4,2,1.059,0.000,4,1,5,1600.000,1900.000
0,-83,0.250,-41.250,0,0,0.000,0.000,0,1,1,1300.000,1300.000
0,-82,0.250,-40.750,0,2,0.000,0.000,2,1,3,100.000,800.000
0,-67,0.250,-33.250,0,0,0.000,0.000,0,1,1,0.000,300.000
0,-66,0.250,-32.750,0,1,0.000,0.000,1,1,2,1200.000,600.000
0,-65,0.250,-32.250,0,0,0.000,0.000,0,1,1,200.000,1800.000
0,-64,0.250,-31.750,0,1,0.000,0.000,1,1,2,200.000,1700.000
0,-63,0.250,-31.250,0,0,0.000,0.000,0,1,1,0.000,1200.000
0,-62,0.250,-30.750,3,2,6.004,0.000,4,1,5,300.000,400.000
0,-61,0.250,-30.250,1,4,0.316,0.227,4,1,5,200.000,400.000
0,-60,0.250,-29.750,0,0,0.000,0.000,0,1,1,300.000,800.000
0,-59,0.250,-29.250,0,1,0.000,0.000,1,1,2,700.000,600.000
0,-58,0.250,-28.750,3,0,6.063,0.481,3,1,4,700.000,400.000
0,-57,0.250,-28.250,0,1,0.000,0.000,1,1,2,500.000,700.000
0,-56,0.250,-27.750,0,3,0.000,0.000,2,1,3,400.000,500.000
0,-55,0.250,-27.250,0,2,0.000,0.000,2,1,3,400.000,400.000
0,-54,0.250,-26.750,1,2,0.199,0.073,1,1,2,500.000,400.000
0,-53,0.250,-26.250,1,0,2.799,0.372,1,1,2,600.000,1800.000
0,-52,0.250,-25.750,1,0,0.745,-0.263,1,1,2,400.000,3200.000
0,-51,0.250,-25.250,1,1,3.974,-1.342,2,1,2,300.000,1500.000
0,-50,0.250,-24.750,0,1,0.000,0.000,1,1,2,200.000,1600.000
0,-49,0.250,-24.250,0,1,0.000,0.000,1,1,2,1100.000,1900.000
0,-48,0.250,-23.750,0,1,0.000,0.000,1,1,2,800.000,1300.000
0,-47,0.250,-23.250,1,0,1.131,0.000,1,1,1,1000.000,1600.000
0,-46,0.250,-22.750,0,0,0.000,0.000,0,1,1,600.000,1500.000
0,-45,0.250,-22.250,0,0,0.000,0.000,0,1,1,2200.000,1500.000
0,-44,0.250,-21.750,0,0,0.000,0.000,0,1,1,900.000,1500.000
0,-43,0.250,-21.250,0,1,0.000,0.000,1,1,2,900.000,1000.000
0,-42,0.250,-20.750,1,1,0.309,0.009,2,1,3,0.000,1000.000
0,-41,0.250,-20.250,2,1,2.822,0.009,2,1,3,0.000,1100.000
0,-40,0.250,-19.750,0,1,0.000,0.000,1,1,2,0.000,200.000
0,-39,0.250,-19.250,0,0,0.000,0.000,0,1,1,0.000,600.000
0,-38,0.250,-18.750,0,0,0.000,0.000,0,1,1,0.000,600.000
0,-37,0.250,-18.250,0,0,0.000,0.000,0,1,1,100.000,300.000
0,-36,0.250,-17.750,1,0,36.521,32.127,1,1,2,1100.000,800.000
0,-35,0.250,-17.250,0,0,0.000,0.000,0,1,1,0.000,1100.000
1,-101,0.750,-50.250,0,2,0.000,0.000,2,1,3,300.000,1000.000
1,-100,0.750,-49.750,0,3,0.000,0.000,3,1,3,700.000,1700.000
1,-99,0.750,-49.250,0,0,0.000,0.000,0,1,1,0.000,700.000
1,-87,0.750,-43.250,1,1,6.885,-0.009,2,1,3,0.000,7200.000
1,-86,0.750,-42.750,1,2,4.899,-0.009,2,1,3,800.000,700.000
1,-85,0.750,-42.250,0,2,0.000,0.000,2,1,3,600.000,800.000
1,-84,0.750,-41.750,2,0,5.290,0.286,1,1,1,700.000,700.000
1,-83,0.750,-41.250,1,3,2.096,0.608,3,1,4,1100.000,1800.000
1,-82,0.750,-40.750,0,0,0.000,0.000,0,1,1,0.000,1600.000
1,-67,0.750,-33.250,0,0,0.000,0.000,0,1,1,0.000,300.000
1,-66,0.750,-32.750,0,4,0.000,0.000,3,1,4,200.000,900.000
1,-65,0.750,-32.250,0,0,0.000,0.000,0,1,1,200.000,1300.000
1,-64,0.750,-31.750,3,3,0.296,0.000,3,1,3,100.000,400.000
1,-63,0.750,-31.250,1,1,0.602,-0.308,2,1,3,100.000,600.000
1,-62,0.750,-30.750,0,0,0.000,0.000,0,1,1,300.000,500.000
1,-61,0.750,-30.250,1,2,9.958,-0.453,3,1,4,300.000,400.000
1,-60,0.750,-29.750,0,1,0.000,0.000,1,1,2,600.000,800.000
1,-59,0.750,-29.250,2,0,1.402,-0.077,1,1,2,900.000,700.000
1,-58,0.750,-28.750,2,2,4.082,-0.159,3,1,4,1300.000,600.000
1,-57,0.750,-28.250,0,1,0.000,0.000,1,1,2,1100.000,0.000
1,-56,0.750,-27.750,1,1,0.680,0.190,2,1,3,500.000,0.000
1,-55,0.750,-27.250,0,1,0.000,0.000,1,1,2,600.000,300.000
1,-54,0.750,-26.750,0,0,0.000,0.000,0,1,1,500.000,500.000
1,-53,0.750,-26.250,1,1,5.214,0.290,1,1,2,300.000,400.000
1,-52,0.750,-25.750,0,0,0.000,0.000,0,1,1,600.000,1100.000
1,-51,0.750,-25.250,0,0,0.000,0.000,0,1,1,900.000,1300.000
1,-50,0.750,-24.750,1,1,9.144,-1.088,2,1,3,1300.000,1200.000
1,-49,0.750,-24.250,1,0,5.894,0.000,1,1,2,1600.000,1600.000
1,-48,0.750,-23.750,0,0,0.000,0.000,0,1,1,1000.000,1500.000
1,-47,0.750,-23.250,1,1,12.700,-1.723,2,1,2,2400.000,2300.000
1,-46,0.750,-22.750,0,1,0.000,0.000,1,1,2,1900.000,900.000
1,-45,0.750,-22.250,1,0,2.657,-0.780,1,1,1,2900.000,1200.000
1,-44,0.750,-21.750,2,1,3.619,0.453,3,1,3,1400.000,700.000
1,-43,0.750,-21.250,0,0,0.000,0.000,0,1,1,100.000,800.000
1,-42,0.750,-20.750,0,0,0.000,0.000,0,1,1,0.000,700.000
1,-41,0.750,-20.250,1,0,0.286,0.000,1,1,2,0.000,200.000
1,-40,0.750,-19.750,0,1,0.000,0.000,1,1,2,0.000,200.000
1,-39,0.750,-19.250,0,0,0.000,0.000,0,1,1,200.000,100.000
1,-38,0.750,-18.750,0,0,0.000,0.000,0,1,1,200.000,200.000
1,-37,0.750,-18.250,0,0,0.000,0.000,0,1,1,200.000,500.000
1,-36,0.750,-17.750,0,0,0.000,0.000,0,1,1,0.000,200.000
2,-101,1.250,-50.250,0,0,0.000,0.000,0,1,1,200.000,1100.000
2,-100,1.250,-49.750,3,4,2.931,0.000,5,1,6,600.000,1300.000
2,-99,1.250,-49.250,1,2,3.587,0.000,3,1,4,0.000,1000.000
2,-86,1.250,-42.750,1,0,3.444,0.000,1,1,2,300.000,0.000
2,-85,1.250,-42.250,3,1,5.191,0.109,3,1,4,1000.000,300.000
2,-84,1.250,-41.750,0,1,0.000,0.000,1,1,2,400.000,1800.000
2,-83,1.250,-41.250,1,0,8.013,0.027,1,1,2,200.000,700.000
2,-82,1.250,-40.750,1,0,6.357,0.000,1,1,2,0.000,700.000
2,-74,1.250,-36.750,0,0,0.000,0.000,0,1,1,0.000,700.000
2,-73,1.250,-36.250,0,0,0.000,0.000,0,1,1,0.000,200.000
2,-72,1.250,-35.750,0,0,0.000,0.000,0,1,1,0.000,200.000
2,-71,1.250,-35.250,0,1,0.000,0.000,1,1,2,0.000,300.000
2,-70,1.250,-34.750,0,0,0.000,0.000,0,1,1,0.000,200.000
2,-69,1.250,-34.250,0,0,0.000,0.000,0,1,1,0.000,100.000
2,-67,1.250,-33.250,0,0,0.000,0.000,0,1,1,0.000,600.000
2,-66,1.250,-32.750,2,3,0.115,0.000,2,1,3,200.000,1200.000
2,-65,1.250,-32.250,1,1,6.611,0.000,2,1,3,200.000,800.000
2,-64,1.250,-31.750,0,0,0.000,0.000,0,1,1,0.000,400.000
2,-63,1.250,-31.250,0,1,0.000,0.000,1,1,2,200.000,200.000
2,-62,1.250,-30.750,2,1,7.103,1.814,2,1,3,100.000,500.000
2,-61,1.250,-30.250,1,1,2.996,0.073,2,1,3,1000.000,1200.000
2,-60,1.250,-29.750,1,4,3.535,-0.190,4,1,4,1600.000,900.000
2,-59,1.250,-29.250,2,1,2.345,0.050,3,1,4,1100.000,500.000
2,-58,1.250,-28.750,0,2,0.000,0.000,2,1,3,800.000,500.000
2,-57,1.250,-28.250,2,2,4.382,0.549,3,1,4,400.000,300.000
2,-56,1.250,-27.750,1,0,2.203,-0.608,1,1,2,1600.000,200.000
2,-55,1.250,-27.250,0,0,0.000,0.000,0,1,1,0.000,500.000
2,-51,1.250,-25.250,0,1,0.000,0.000,1,1,2,3100.000,400.000
2,-50,1.250,-24.750,0,2,0.000,0.000,2,1,2,1100.000,700.000
2,-49,1.250,-24.250,0,0,0.000,0.000,0,1,1,1000.000,700.000
2,-48,1.250,-23.750,1,0,3.023,-0.453,1,1,2,2400.000,100.000
2,-47,1.250,-23.250,0,0,0.000,0.000,0,1,1,3800.000,200.000
2,-46,1.250,-22.750,0,1,0.000,0.000,1,1,2,3400.000,1100.000
2,-45,1.250,-22.250,0,0,0.000,0.000,0,1,1,2500.000,700.000
2,-44,1.250,-21.750,1,2,3.265,0.000,3,1,3,1900.000,900.000
2,-43,1.250,-21.250,0,0,0.000,0.000,0,1,1,700.000,900.000
2,-42,1.250,-20.750,0,0,0.000,0.000,0,1,1,100.000,200.000
2,-41,1.250,-20.250,0,0,0.000,0.000,0,1,1,200.000,0.000
2,-40,1.250,-19.750,0,1,0.000,0.000,1,1,2,200.000,0.000
2,-39,1.250,-19.250,0,0,0.000,0.000,0,1,1,0.000,200.000
2,-38,1.250,-18.750,0,0,0.000,0.000,0,1,1,0.000,200.000
3,-101,1.750,-50.250,1,3,1.598,-0.027,4,1,4,300.000,1000.000
3,-100,1.750,-49.750,0,1,0.000,0.000,1,1,2,400.000,700.000
3,-99,1.750,-49.250,0,0,0.000,0.000,0,1,1,0.000,800.000
3,-86,1.750,-42.750,0,0,0.000,0.000,0,1,1,400.000,0.000
3,-85,1.750,-42.250,1,0,4.343,0.000,1,1,2,700.000,600.000
3,-84,1.750,-41.750,1,2,5.837,0.263,3,1,4,600.000,1900.000
3,-83,1.750,-41.250,1,1,0.182,-0.009,2,1,3,200.000,800.000
3,-82,1.750,-40.750,0,1,0.000,0.000,1,1,2,0.000,700.000
3,-75,1.750,-37.250,0,0,0.000,0.000,0,1,1,0.000,900.000
3,-71,1.750,-35.250,0,0,0.000,0.000,0,1,1,0.000,500.000
3,-70,1.750,-34.750,0,0,0.000,0.000,0,1,1,0.000,200.000
3,-69,1.750,-34.250,0,0,0.000,0.000,0,1,1,0.000,600.000
3,-68,1.750,-33.750,1,1,0.352,0.000,1,1,2,0.000,700.000
3,-67,1.750,-33.250,0,2,0.000,0.000,2,1,3,300.000,1100.000
3,-66,1.750,-32.750,2,1,5.689,0.880,3,1,4,0.000,1000.000
3,-65,1.750,-32.250,1,0,17.721,-0.934,1,1,2,400.000,700.000
3,-64,1.750,-31.750,0,0,0.000,0.000,0,1,1,0.000,200.000
3,-63,1.750,-31.250,1,0,16.962,2.158,1,1,2,500.000,700.000
3,-62,1.750,-30.750,1,1,3.251,0.417,1,1,2,700.000,500.000
3,-61,1.750,-30.250,3,0,2.357,0.535,3,1,4,1300.000,200.000
3,-60,1.750,-29.750,2,1,1.930,-0.385,2,1,2,900.000,700.000
3,-59,1.750,-29.250,1,1,0.289,-0.091,1,1,2,100.000,300.000
3,-58,1.750,-28.750,2,1,4.195,-0.177,2,1,3,800.000,100.000
3,-57,1.750,-28.250,1,0,5.391,0.000,1,1,2,600.000,100.000
3,-56,1.750,-27.750,0,0,0.000,0.000,0,1,1,400.000,0.000
3,-50,1.750,-24.750,0,0,0.000,0.000,0,1,1,200.000,100.000
3,-49,1.750,-24.250,0,1,0.000,0.000,1,1,2,800.000,700.000
3,-48,1.750,-23.750,1,1,9.213,-0.145,2,1,3,600.000,200.000
3,-47,1.750,-23.250,1,3,0.308,0.009,3,1,3,3000.000,400.000
3,-46,1.750,-22.750,0,0,0.000,0.000,0,1,1,2100.000,1000.000
3,-45,1.750,-22.250,1,0,4.959,-1.097,1,1,2,1500.000,600.000
3,-44,1.750,-21.750,1,0,2.244,0.000,1,1,2,1500.000,1100.000
3,-43,1.750,-21.250,0,0,0.000,0.000,0,1,1,700.000,900.000
3,-42,1.750,-20.750,0,1,0.000,0.000,1,1,2,100.000,200.000
3,-41,1.750,-20.250,0,0,0.000,0.000,0,1,1,0.000,200.000
3,-40,1.750,-19.750,0,0,0.000,0.000,0,1,1,0.000,200.000
4,-102,2.250,-50.750,1,0,14.311,0.299,1,0,1,0.000,0.000
4,-101,2.250,-50.250,4,1,3.435,0.000,4,1,5,0.000,600.000
4,-100,2.250,-49.750,0,0,0.000,0.000,0,1,1,300.000,900.000
4,-99,2.250,-49.250,0,2,0.000,0.000,2,1,3,0.000,800.000
4,-86,2.250,-42.750,1,0,4.261,-0.063,1,1,2,200.000,0.000
4,-85,2.250,-42.250,0,0,0.000,0.000,0,1,1,400.000,500.000
4,-84,2.250,-41.750,2,4,3.846,0.444,3,1,3,200.000,1300.000
4,-83,2.250,-41.250,0,0,0.000,0.000,0,1,1,500.000,800.000
4,-82,2.250,-40.750,0,0,0.000,0.000,0,1,1,0.000,700.000
4,-76,2.250,-37.750,0,0,0.000,0.000,0,1,1,0.000,300.000
4,-75,2.250,-37.250,0,0,0.000,0.000,0,1,1,0.000,400.000
4,-73,2.250,-36.250,0,0,0.000,0.000,0,1,1,0.000,100.000
4,-72,2.250,-35.750,0,1,0.000,0.000,1,1,2,0.000,300.000
4,-71,2.250,-35.250,0,0,0.000,0.000,0,1,1,0.000,400.000
4,-70,2.250,-34.750,1,0,5.440,-0.154,1,1,2,0.000,200.000
4,-69,2.250,-34.250,0,2,0.000,0.000,2,1,3,0.000,300.000
4,-68,2.250,-33.750,0,0,0.000,0.000,0,1,1,200.000,700.000
4,-67,2.250,-33.250,1,1,4.744,0.363,2,1,2,200.000,500.000
4,-66,2.250,-32.750,0,0,0.000,0.000,0,1,1,0.000,1300.000
4,-65,2.250,-32.250,0,0,0.000,0.000,0,1,1,200.000,600.000
4,-64,2.250,-31.750,1,1,3.586,0.626,2,1,3,300.000,700.000
4,-63,2.250,-31.250,0,0,0.000,0.000,0,1,1,200.000,900.000
4,-62,2.250,-30.750,0,0,0.000,0.000,0,1,1,1000.000,400.000
4,-61,2.250,-30.250,1,1,7.182,0.145,2,1,3,900.000,0.000
4,-60,2.250,-29.750,0,0,0.000,0.000,0,1,1,100.000,500.000
4,-59,2.250,-29.250,0,0,0.000,0.000,0,1,1,0.000,300.000
4,-58,2.250,-28.750,1,1,3.075,0.118,2,1,3,100.000,200.000
4,-57,2.250,-28.250,2,0,6.046,-0.771,2,1,3,600.000,300.000
4,-56,2.250,-27.750,0,0,0.000,0.000,0,1,1,700.000,0.000
4,-50,2.250,-24.750,0,0,0.000,0.000,0,1,1,100.000,200.000
4,-49,2.250,-24.250,0,0,0.000,0.000,0,1,1,1400.000,700.000
4,-48,2.250,-23.750,0,0,0.000,0.000,0,1,1,1200.000,200.000
4,-47,2.250,-23.250,0,0,0.000,0.000,0,1,1,1300.000,300.000
4,-46,2.250,-22.750,2,1,1.781,-0.009,3,1,4,1700.000,1600.000
4,-45,2.250,-22.250,1,0,0.122,-0.018,1,1,2,3000.000,1000.000
4,-44,2.250,-21.750,1,0,5.238,0.000,1,1,2,2100.000,1000.000
4,-43,2.250,-21.250,0,0,0.000,0.000,0,1,1,900.000,1000.000
5,-101,2.750,-50.250,0,3,0.000,0.000,3,1,4,0.000,900.000
5,-100,2.750,-49.750,2,1,6.377,0.549,3,1,4,700.000,1000.000
5,-99,2.750,-49.250,0,0,0.000,0.000,0,1,1,0.000,400.000
5,-86,2.750,-42.750,0,0,0.000,0.000,0,1,1,0.000,500.000
5,-85,2.750,-42.250,3,0,6.100,0.000,3,1,4,900.000,700.000
5,-84,2.750,-41.750,4,1,6.529,0.712,5,1,6,300.000,1400.000
5,-83,2.750,-41.250,2,1,3.048,0.431,3,1,4,300.000,800.000
5,-82,2.750,-40.750,0,0,0.000,0.000,0,1,1,0.000,1700.000
5,-76,2.750,-37.750,0,0,0.000,0.000,0,1,1,0.000,500.000
5,-75,2.750,-37.250,0,0,0.000,0.000,0,1,1,0.000,700.000
5,-74,2.750,-36.750,0,0,0.000,0.000,0,1,1,0.000,200.000
5,-73,2.750,-36.250,0,0,0.000,0.000,0,1,1,0.000,100.000
5,-71,2.750,-35.250,0,0,0.000,0.000,0,1,1,0.000,200.000
5,-70,2.750,-34.750,0,0,0.000,0.000,0,1,1,0.000,100.000
5,-69,2.750,-34.250,0,0,0.000,0.000,0,1,1,200.000,200.000
5,-68,2.750,-33.750,1,0,6.224,0.834,1,1,2,200.000,400.000
5,-67,2.750,-33.250,1,0,13.977,0.626,1,1,2,100.000,600.000
5,-66,2.750,-32.750,0,0,0.000,0.000,0,1,1,0.000,2100.000
5,-65,2.750,-32.250,0,1,0.000,0.000,1,1,2,300.000,400.000
5,-64,2.750,-31.750,0,0,0.000,0.000,0,1,1,100.000,1500.000
5,-63,2.750,-31.250,0,0,0.000,0.000,0,1,1,100.000,600.000
5,-62,2.750,-30.750,0,0,0.000,0.000,0,1,1,1600.000,300.000
5,-61,2.750,-30.250,1,0,1.854,0.100,1,1,2,600.000,300.000
5,-60,2.750,-29.750,0,0,0.000,0.000,0,1,1,200.000,100.000
5,-59,2.750,-29.250,0,0,0.000,0.000,0,1,1,0.000,1500.000
5,-58,2.750,-28.750,0,1,0.000,0.000,1,1,2,0.000,700.000
5,-57,2.750,-28.250,1,1,1.727,0.000,1,1,2,400.000,0.000
5,-56,2.750,-27.750,1,1,0.294,0.000,1,1,2,300.000,500.000
5,-50,2.750,-24.750,0,0,0.000,0.000,0,1,1,900.000,200.000
5,-49,2.750,-24.250,1,0,1.299,0.000,1,1,2,1000.000,400.000
5,-48,2.750,-23.750,2,1,2.108,-0.036,3,1,3,900.000,700.000
5,-47,2.750,-23.250,0,1,0.000,0.000,1,1,2,1400.000,800.000
5,-46,2.750,-22.750,0,0,0.000,0.000,0,1,1,3100.000,500.000
5,-45,2.750,-22.250,0,1,0.000,0.000,1,1,2,2200.000,2800.000
5,-44,2.750,-21.750,2,0,3.195,-0.050,2,1,2,2600.000,2000.000
5,-43,2.750,-21.250,1,0,19.947,-0.898,1,1,1,3700.000,2000.000
6,-102,3.250,-50.750,1,0,3.492,0.861,1,0,1,0.000,0.000
6,-101,3.250,-50.250,4,3,2.577,-0.073,5,1,6,0.000,900.000
6,-100,3.250,-49.750,3,2,7.287,0.000,5,1,5,700.000,1100.000
6,-99,3.250,-49.250,0,0,0.000,0.000,0,1,1,0.000,300.000
6,-85,3.250,-42.250,0,2,0.000,0.000,2,1,3,1100.000,100.000
6,-84,3.250,-41.750,1,0,6.184,0.000,1,1,2,200.000,900.000
6,-83,3.250,-41.250,1,0,1.524,0.009,1,1,2,300.000,1100.000
6,-82,3.250,-40.750,0,0,0.000,0.000,0,1,1,0.000,1300.000
6,-76,3.250,-37.750,0,0,0.000,0.000,0,1,1,0.000,300.000
6,-75,3.250,-37.250,0,0,0.000,0.000,0,1,1,0.000,100.000
6,-74,3.250,-36.750,0,0,0.000,0.000,0,1,1,0.000,200.000
6,-73,3.250,-36.250,0,0,0.000,0.000,0,1,1,0.000,100.000
6,-72,3.250,-35.750,0,1,0.000,0.000,1,1,2,0.000,300.000
6,-71,3.250,-35.250,1,0,2.749,0.018,1,1,2,0.000,500.000
6,-70,3.250,-34.750,0,0,0.000,0.000,0,1,1,0.000,400.000
6,-69,3.250,-34.250,0,0,0.000,0.000,0,1,1,200.000,200.000
6,-68,3.250,-33.750,1,0,11.069,4.008,1,1,2,200.000,500.000
6,-67,3.250,-33.250,0,0,0.000,0.000,0,1,1,0.000,1100.000
6,-66,3.250,-32.750,1,0,9.484,1.895,1,1,1,100.000,1700.000
6,-65,3.250,-32.250,3,0,6.153,-0.109,3,1,4,400.000,500.000
6,-64,3.250,-31.750,0,0,0.000,0.000,0,1,1,200.000,500.000
6,-63,3.250,-31.250,0,0,0.000,0.000,0,1,1,200.000,300.000
6,-62,3.250,-30.750,0,0,0.000,0.000,0,1,1,400.000,400.000
6,-61,3.250,-30.250,1,0,4.620,0.000,1,1,2,100.000,0.000
6,-59,3.250,-29.250,0,0,0.000,0.000,0,1,1,0.000,1800.000
6,-58,3.250,-28.750,0,0,0.000,0.000,0,1,1,0.000,2000.000
6,-57,3.250,-28.250,0,0,0.000,0.000,0,1,1,200.000,200.000
6,-56,3.250,-27.750,1,1,0.294,0.000,1,1,2,700.000,600.000
6,-55,3.250,-27.250,0,0,0.000,0.000,0,1,1,200.000,200.000
6,-50,3.250,-24.750,0,1,0.000,0.000,1,1,1,1100.000,300.000
6,-49,3.250,-24.250,1,0,1.324,0.009,1,1,2,1100.000,700.000
6,-48,3.250,-23.750,1,0,5.393,0.000,1,1,2,2400.000,600.000
6,-47,3.250,-23.250,0,1,0.000,0.000,1,1,2,800.000,300.000
6,-46,3.250,-22.750,0,0,0.000,0.000,0,1,1,900.000,200.000
6,-45,3.250,-22.250,0,1,0.000,0.000,1,1,2,1600.000,2500.000
6,-44,3.250,-21.750,0,1,0.000,0.000,1,1,2,600.000,1500.000
6,-43,3.250,-21.250,1,0,7.112,-0.952,1,1,2,0.000,1400.000
7,-102,3.750,-50.750,0,1,0.000,0.000,1,1,2,0.000,200.000
7,-101,3.750,-50.250,2,1,5.372,-0.277,2,1,3,600.000,800.000
7,-100,3.750,-49.750,2,1,4.871,-0.023,2,1,3,1400.000,900.000
7,-99,3.750,-49.250,3,3,7.182,0.299,4,1,4,2000.000,600.000
7,-85,3.750,-42.250,0,0,0.000,0.000,0,1,1,900.000,200.000
7,-84,3.750,-41.750,0,1,0.000,0.000,1,1,2,600.000,400.000
7,-83,3.750,-41.250,3,0,3.668,0.263,3,1,4,0.000,1600.000
7,-82,3.750,-40.750,0,0,0.000,0.000,0,1,1,0.000,600.000
7,-76,3.750,-37.750,0,0,0.000,0.000,0,1,1,0.000,100.000
7,-75,3.750,-37.250,0,0,0.000,0.000,0,1,1,0.000,500.000
7,-74,3.750,-36.750,0,0,0.000,0.000,0,1,1,0.000,500.000
7,-73,3.750,-36.250,0,0,0.000,0.000,0,1,1,0.000,400.000
7,-72,3.750,-35.750,0,0,0.000,0.000,0,1,1,0.000,500.000
7,-71,3.750,-35.250,0,0,0.000,0.000,0,1,1,0.000,700.000
7,-70,3.750,-34.750,0,0,0.000,0.000,0,1,1,100.000,0.000
7,-69,3.750,-34.250,0,0,0.000,0.000,0,1,1,100.000,100.000
7,-68,3.750,-33.750,1,0,11.001,-0.009,1,1,2,200.000,600.000
7,-67,3.750,-33.250,3,0,6.784,1.152,3,1,4,100.000,1600.000
7,-66,3.750,-32.750,0,1,0.000,0.000,1,1,2,300.000,700.000
7,-65,3.750,-32.250,0,0,0.000,0.000,0,1,1,100.000,1800.000
7,-64,3.750,-31.750,1,0,0.939,0.000,1,1,2,300.000,700.000
7,-63,3.750,-31.250,0,0,0.000,0.000,0,1,1,100.000,200.000
7,-62,3.750,-30.750,0,0,0.000,0.000,0,1,1,400.000,200.000
7,-61,3.750,-30.250,0,0,0.000,0.000,0,1,1,300.000,0.000
7,-59,3.750,-29.250,0,0,0.000,0.000,0,1,1,0.000,500.000
7,-58,3.750,-28.750,1,1,0.198,0.000,1,1,2,0.000,1100.000
7,-57,3.750,-28.250,1,0,18.709,0.898,1,1,2,200.000,400.000
7,-56,3.750,-27.750,0,0,0.000,0.000,0,1,1,0.000,400.000
7,-55,3.750,-27.250,2,0,5.030,0.227,2,1,3,500.000,300.000
7,-54,3.750,-26.750,1,1,1.257,0.000,1,1,2,100.000,400.000
7,-50,3.750,-24.750,0,0,0.000,0.000,0,1,1,800.000,1000.000
7,-49,3.750,-24.250,2,0,11.390,0.462,2,1,3,2400.000,1500.000
7,-48,3.750,-23.750,0,0,0.000,0.000,0,1,1,2200.000,3900.000
7,-47,3.750,-23.250,1,1,18.770,0.880,2,1,2,600.000,3600.000
7,-46,3.750,-22.750,0,0,0.000,0.000,0,1,1,1100.000,1500.000
7,-45,3.750,-22.250,0,0,0.000,0.000,0,1,1,1100.000,1100.000
7,-44,3.750,-21.750,0,1,0.000,0.000,1,1,2,0.000,2000.000
7,-43,3.750,-21.250,0,0,0.000,0.000,0,1,1,0.000,1000.000
8,-103,4.250,-51.250,1,0,4.133,-0.018,1,1,2,600.000,0.000
8,-102,4.250,-50.750,1,1,3.272,-0.036,2,1,3,900.000,800.000
8,-101,4.250,-50.250,0,3,0.000,0.000,3,1,4,600.000,900.000
8,-100,4.250,-49.750,2,4,1.443,0.063,4,1,4,1100.000,200.000
8,-99,4.250,-49.250,2,2,7.820,-0.113,4,1,5,1100.000,500.000
8,-98,4.250,-48.750,1,2,3.662,0.417,3,1,4,1700.000,500.000
8,-85,4.250,-42.250,0,0,0.000,0.000,0,1,1,800.000,300.000
8,-84,4.250,-41.750,1,1,3.804,-0.898,2,1,3,700.000,900.000
8,-83,4.250,-41.250,2,2,6.249,-0.077,4,1,4,400.000,500.000
8,-82,4.250,-40.750,0,1,0.000,0.000,1,0,1,0.000,0.000
8,-76,4.250,-37.750,0,0,0.000,0.000,0,1,1,0.000,100.000
8,-75,4.250,-37.250,0,0,0.000,0.000,0,1,1,0.000,200.000
8,-74,4.250,-36.750,0,0,0.000,0.000,0,1,1,0.000,700.000
8,-73,4.250,-36.250,0,1,0.000,0.000,1,1,2,0.000,700.000
8,-72,4.250,-35.750,1,1,5.252,0.490,2,1,2,0.000,1000.000
8,-71,4.250,-35.250,1,0,8.026,0.707,1,1,2,0.000,2300.000
8,-70,4.250,-34.750,1,0,2.763,-0.725,1,1,2,200.000,1300.000
8,-69,4.250,-34.250,0,0,0.000,0.000,0,1,1,0.000,300.000
8,-68,4.250,-33.750,0,1,0.000,0.000,1,1,2,400.000,200.000
8,-67,4.250,-33.250,1,0,11.916,2.829,1,1,2,200.000,1700.000
8,-66,4.250,-32.750,1,0,8.252,2.793,1,1,2,200.000,900.000
8,-65,4.250,-32.250,1,1,4.911,1.242,2,1,3,300.000,1800.000
8,-64,4.250,-31.750,1,0,17.849,-0.199,1,1,2,200.000,400.000
8,-63,4.250,-31.250,2,0,4.126,-0.535,2,1,3,100.000,500.000
8,-62,4.250,-30.750,0,0,0.000,0.000,0,1,1,300.000,400.000
8,-61,4.250,-30.250,1,0,11.736,0.000,1,1,2,100.000,0.000
8,-59,4.250,-29.250,0,0,0.000,0.000,0,1,1,0.000,500.000
8,-58,4.250,-28.750,1,1,10.081,1.705,2,1,3,0.000,500.000
8,-57,4.250,-28.250,1,1,1.257,0.000,1,1,2,0.000,400.000
8,-56,4.250,-27.750,0,0,0.000,0.000,0,1,1,500.000,300.000
8,-55,4.250,-27.250,0,1,0.000,0.000,1,1,2,200.000,200.000
8,-54,4.250,-26.750,1,0,9.480,-0.698,1,1,2,600.000,200.000
8,-53,4.250,-26.250,2,1,7.342,-0.286,1,1,2,500.000,500.000
8,-52,4.250,-25.750,1,0,3.243,-0.281,1,1,2,500.000,600.000
8,-51,4.250,-25.250,0,0,0.000,0.000,0,1,1,400.000,700.000
8,-50,4.250,-24.750,0,2,0.000,0.000,1,1,2,800.000,3100.000
8,-49,4.250,-24.250,0,0,0.000,0.000,0,1,1,4200.000,3100.000
8,-48,4.250,-23.750,0,0,0.000,0.000,0,1,1,3800.000,2300.000
8,-47,4.250,-23.250,1,1,0.380,0.009,1,1,2,2000.000,3400.000
8,-46,4.250,-22.750,0,1,0.000,0.000,1,1,2,1000.000,1300.000
8,-45,4.250,-22.250,3,2,0.367,0.000,2,1,3,400.000,1200.000
8,-44,4.250,-21.750,1,0,5.351,-0.190,1,1,2,0.000,3600.000
8,-43,4.250,-21.250,0,0,0.000,0.000,0,1,1,0.000,1500.000
9,-104,4.750,-51.750,0,2,0.000,0.000,2,1,3,700.000,700.000
9,-103,4.750,-51.250,2,3,12.922,-0.136,4,1,5,300.000,600.000
9,-102,4.750,-50.750,1,2,3.290,0.000,3,1,4,1600.000,1400.000
9,-101,4.750,-50.250,2,2,5.607,0.258,3,1,4,4000.000,1600.000
9,-100,4.750,-49.750,5,2,2.004,0.000,5,1,6,2600.000,600.000
9,-99,4.750,-49.250,5,2,5.156,-0.662,6,1,7,2900.000,600.000
9,-98,4.750,-48.750,3,0,1.415,0.272,3,1,4,1600.000,600.000
9,-97,4.750,-48.250,1,3,0.367,0.000,3,1,4,2300.000,700.000
9,-96,4.750,-47.750,2,1,7.434,-0.340,3,1,3,1700.000,0.000
9,-95,4.750,-47.250,0,3,0.000,0.000,3,1,4,1400.000,0.000
9,-94,4.750,-46.750,0,1,0.000,0.000,1,1,2,1100.000,0.000
9,-88,4.750,-43.750,0,0,0.000,0.000,0,1,1,400.000,0.000
9,-87,4.750,-43.250,0,0,0.000,0.000,0,1,1,200.000,0.000
9,-86,4.750,-42.750,1,1,3.156,-0.272,2,1,3,800.000,0.000
9,-85,4.750,-42.250,0,0,0.000,0.000,0,1,1,1500.000,0.000
9,-84,4.750,-41.750,2,0,8.475,0.000,2,1,3,1000.000,900.000
9,-83,4.750,-41.250,3,4,6.034,0.136,6,1,6,300.000,100.000
9,-82,4.750,-40.750,0,0,0.000,0.000,0,1,1,0.000,400.000
9,-77,4.750,-38.250,0,1,0.000,0.000,1,0,1,0.000,0.000
9,-76,4.750,-37.750,0,0,0.000,0.000,0,1,1,0.000,100.000
9,-75,4.750,-37.250,1,0,8.477,-0.209,1,1,2,0.000,700.000
9,-74,4.750,-36.750,1,0,4.331,0.544,1,1,1,0.000,700.000
9,-73,4.750,-36.250,0,1,0.000,0.000,1,1,2,0.000,600.000
9,-72,4.750,-35.750,0,0,0.000,0.000,0,1,1,200.000,600.000
9,-71,4.750,-35.250,0,0,0.000,0.000,0,1,1,200.000,1200.000
9,-70,4.750,-34.750,0,1,0.000,0.000,1,1,2,1100.000,700.000
9,-69,4.750,-34.250,0,1,0.000,0.000,1,1,1,700.000,1000.000
9,-68,4.750,-33.750,1,0,12.627,0.526,1,1,1,300.000,400.000
9,-67,4.750,-33.250,0,0,0.000,0.000,0,1,1,900.000,2100.000
9,-66,4.750,-32.750,0,0,0.000,0.000,0,1,1,400.000,800.000
9,-65,4.750,-32.250,0,2,0.000,0.000,2,1,3,0.000,1900.000
9,-64,4.750,-31.750,0,0,0.000,0.000,0,1,1,300.000,0.000
9,-63,4.750,-31.250,1,1,10.995,0.000,2,1,3,0.000,200.000
9,-62,4.750,-30.750,0,0,0.000,0.000,0,1,1,500.000,300.000
9,-61,4.750,-30.250,0,0,0.000,0.000,0,1,1,200.000,300.000
9,-60,4.750,-29.750,0,0,0.000,0.000,0,1,1,100.000,0.000
9,-59,4.750,-29.250,1,0,3.354,0.118,1,1,2,200.000,0.000
9,-58,4.750,-28.750,0,0,0.000,0.000,0,1,1,400.000,0.000
9,-57,4.750,-28.250,1,2,0.392,0.209,2,1,3,400.000,0.000
9,-56,4.750,-27.750,0,0,0.000,0.000,0,1,1,300.000,0.000
9,-55,4.750,-27.250,0,0,0.000,0.000,0,1,1,400.000,600.000
9,-54,4.750,-26.750,0,0,0.000,0.000,0,1,1,900.000,600.000
9,-53,4.750,-26.250,1,2,0.386,-0.136,1,1,2,300.000,400.000
9,-52,4.750,-25.750,0,0,0.000,0.000,0,1,1,0.000,500.000
9,-51,4.750,-25.250,0,0,0.000,0.000,0,1,1,500.000,800.000
9,-50,4.750,-24.750,1,2,9.136,1.705,3,1,4,1300.000,2300.000
9,-49,4.750,-24.250,1,0,4.831,-0.580,1,1,1,3500.000,1500.000
9,-48,4.750,-23.750,1,0,8.391,-1.596,1,1,2,2100.000,1600.000
9,-47,4.750,-23.250,0,0,0.000,0.000,0,1,1,1000.000,1600.000
9,-46,4.750,-22.750,1,0,0.221,-0.181,1,1,2,300.000,400.000
9,-45,4.750,-22.250,1,0,24.292,-1.197,1,1,2,0.000,100.000
9,-44,4.750,-21.750,0,0,0.000,0.000,0,1,1,300.000,6300.000
9,-43,4.750,-21.250,1,0,14.778,-0.707,1,1,2,900.000,3300.000
10,-105,5.250,-52.250,1,0,3.190,0.018,1,1,2,2300.000,400.000
10,-104,5.250,-51.750,0,0,0.000,0.000,0,1,1,6600.000,100.000
10,-103,5.250,-51.250,1,1,4.575,0.172,2,1,3,0.000,400.000
10,-102,5.250,-50.750,3,1,2.651,0.000,3,1,4,800.000,600.000
10,-101,5.250,-50.250,1,2,7.201,0.000,3,1,4,400.000,500.000
10,-100,5.250,-49.750,2,0,2.192,0.177,2,1,3,1500.000,1000.000
10,-99,5.250,-49.250,2,3,14.502,0.150,4,1,5,1300.000,1100.000
10,-98,5.250,-48.750,1,1,0.155,0.000,1,1,2,700.000,1200.000
10,-97,5.250,-48.250,2,1,9.117,0.000,2,1,3,2600.000,1100.000
10,-96,5.250,-47.750,2,0,7.293,0.526,2,1,3,6200.000,1100.000
10,-95,5.250,-47.250,2,1,2.045,-0.018,2,1,3,4700.000,600.000
10,-94,5.250,-46.750,2,5,3.904,0.218,7,1,7,5700.000,500.000
10,-93,5.250,-46.250,1,1,0.460,0.000,2,1,3,3900.000,200.000
10,-92,5.250,-45.750,1,1,4.683,0.000,2,1,3,800.000,300.000
10,-91,5.250,-45.250,0,0,0.000,0.000,0,1,1,1400.000,100.000
10,-90,5.250,-44.750,1,0,8.816,0.009,1,1,2,1700.000,0.000
10,-89,5.250,-44.250,0,1,0.000,0.000,1,1,2,1700.000,0.000
10,-88,5.250,-43.750,0,0,0.000,0.000,0,1,1,4000.000,0.000
10,-87,5.250,-43.250,0,1,0.000,0.000,1,1,2,1600.000,0.000
10,-86,5.250,-42.750,0,1,0.000,0.000,1,1,2,2600.000,100.000
10,-85,5.250,-42.250,1,2,4.474,0.009,3,1,3,1900.000,600.000
10,-84,5.250,-41.750,2,0,1.026,-0.122,2,1,3,1000.000,500.000
10,-83,5.250,-41.250,2,0,7.178,-0.009,2,1,3,1300.000,400.000
10,-82,5.250,-40.750,1,0,0.330,-0.145,1,1,2,1300.000,400.000
10,-81,5.250,-40.250,1,3,4.867,0.009,2,1,3,0.000,300.000
10,-80,5.250,-39.750,1,1,15.778,-1.161,2,1,3,0.000,200.000
10,-79,5.250,-39.250,0,0,0.000,0.000,0,1,1,0.000,500.000
10,-78,5.250,-38.750,0,0,0.000,0.000,0,1,1,0.000,800.000
10,-77,5.250,-38.250,1,0,9.522,-0.390,1,1,1,0.000,900.000
10,-76,5.250,-37.750,0,0,0.000,0.000,0,1,1,0.000,700.000
10,-75,5.250,-37.250,0,0,0.000,0.000,0,1,1,0.000,1100.000
10,-74,5.250,-36.750,0,0,0.000,0.000,0,1,1,300.000,1300.000
10,-73,5.250,-36.250,0,1,0.000,0.000,1,1,2,600.000,600.000
10,-72,5.250,-35.750,1,0,6.940,0.209,1,1,2,700.000,600.000
10,-71,5.250,-35.250,0,0,0.000,0.000,0,1,1,700.000,600.000
10,-70,5.250,-34.750,0,0,0.000,0.000,0,1,1,1000.000,400.000
10,-69,5.250,-34.250,0,0,0.000,0.000,0,1,1,3000.000,1500.000
10,-68,5.250,-33.750,1,1,7.601,1.968,2,1,3,1600.000,1100.000
10,-67,5.250,-33.250,0,1,0.000,0.000,1,1,1,700.000,1800.000
10,-66,5.250,-32.750,0,0,0.000,0.000,0,1,1,400.000,1300.000
10,-65,5.250,-32.250,0,0,0.000,0.000,0,1,1,200.000,800.000
10,-64,5.250,-31.750,0,0,0.000,0.000,0,1,1,400.000,0.000
10,-63,5.250,-31.250,1,1,3.221,-0.045,1,1,2,300.000,200.000
10,-62,5.250,-30.750,1,0,3.770,-0.045,1,1,2,700.000,200.000
10,-61,5.250,-30.250,1,0,2.574,0.263,1,1,2,700.000,500.000
10,-60,5.250,-29.750,0,0,0.000,0.000,0,1,1,300.000,0.000
10,-59,5.250,-29.250,0,1,0.000,0.000,1,1,2,200.000,0.000
10,-53,5.250,-26.250,1,0,15.344,-0.707,1,1,2,700.000,200.000
10,-52,5.250,-25.750,1,0,3.149,0.000,1,1,2,300.000,1000.000
10,-51,5.250,-25.250,0,1,0.000,0.000,1,1,1,1900.000,2300.000
10,-50,5.250,-24.750,0,1,0.000,0.000,1,1,2,2400.000,3700.000
10,-49,5.250,-24.250,0,1,0.000,0.000,1,1,2,3000.000,800.000
10,-48,5.250,-23.750,0,0,0.000,0.000,0,1,1,1800.000,500.000
10,-47,5.250,-23.250,0,0,0.000,0.000,0,1,1,1900.000,500.000
10,-46,5.250,-22.750,0,1,0.000,0.000,1,1,2,0.000,2100.000
10,-45,5.250,-22.250,0,0,0.000,0.000,0,1,1,0.000,300.000
10,-44,5.250,-21.750,0,0,0.000,0.000,0,1,1,0.000,600.000
11,-105,5.750,-52.250,0,1,0.000,0.000,1,1,2,3000.000,300.000
11,-104,5.750,-51.750,1,1,6.843,0.000,1,1,2,3800.000,0.000
11,-103,5.750,-51.250,0,4,0.000,0.000,4,1,5,500.000,200.000
11,-102,5.750,-50.750,0,1,0.000,0.000,1,1,2,1400.000,800.000
11,-101,5.750,-50.250,1,2,4.133,0.000,3,1,4,2000.000,1200.000
11,-100,5.750,-49.750,1,2,20.038,-0.390,3,1,4,2200.000,900.000
11,-99,5.750,-49.250,0,2,0.000,0.000,2,1,3,2900.000,600.000
11,-98,5.750,-48.750,1,0,8.856,-0.798,1,1,2,2600.000,900.000
11,-97,5.750,-48.250,2,1,9.069,0.213,3,1,4,2300.000,400.000
11,-96,5.750,-47.750,3,3,7.855,0.045,5,1,6,3700.000,600.000
11,-95,5.750,-47.250,3,2,3.469,0.000,3,1,4,2900.000,500.000
11,-94,5.750,-46.750,1,1,16.095,-0.608,2,1,3,3200.000,0.000
11,-93,5.750,-46.250,2,2,2.811,0.159,3,1,4,2400.000,0.000
11,-92,5.750,-45.750,0,0,0.000,0.000,0,1,1,3400.000,0.000
11,-91,5.750,-45.250,2,1,5.079,0.000,2,1,3,7500.000,200.000
11,-90,5.750,-44.750,1,0,2.781,0.861,1,1,2,4700.000,300.000
11,-89,5.750,-44.250,0,1,0.000,0.000,1,1,2,3400.000,500.000
11,-88,5.750,-43.750,2,2,8.654,0.005,3,1,4,3800.000,500.000
11,-87,5.750,-43.250,1,2,4.748,0.045,3,1,4,3400.000,400.000
11,-86,5.750,-42.750,1,1,1.912,0.100,2,1,3,3500.000,500.000
11,-85,5.750,-42.250,0,1,0.000,0.000,1,1,2,3300.000,600.000
11,-84,5.750,-41.750,0,2,0.000,0.000,2,1,3,2300.000,200.000
11,-83,5.750,-41.250,2,3,8.878,-0.091,4,1,5,1500.000,300.000
11,-82,5.750,-40.750,1,1,5.916,0.036,2,1,2,2100.000,700.000
11,-81,5.750,-40.250,0,0,0.000,0.000,0,1,1,1800.000,1100.000
11,-80,5.750,-39.750,0,2,0.000,0.000,2,1,3,1400.000,700.000
11,-79,5.750,-39.250,0,0,0.000,0.000,0,1,1,1300.000,600.000
11,-78,5.750,-38.750,0,0,0.000,0.000,0,1,1,900.000,500.000
11,-77,5.750,-38.250,0,1,0.000,0.000,1,1,2,800.000,400.000
11,-76,5.750,-37.750,1,0,2.710,-0.218,1,1,2,1100.000,500.000
11,-75,5.750,-37.250,1,1,0.646,0.109,1,1,2,800.000,300.000
11,-74,5.750,-36.750,0,0,0.000,0.000,0,1,1,800.000,500.000
11,-73,5.750,-36.250,1,0,10.338,-0.490,1,1,2,400.000,300.000
11,-72,5.750,-35.750,0,0,0.000,0.000,0,1,1,500.000,800.000
11,-71,5.750,-35.250,1,0,11.337,-0.490,1,1,2,300.000,700.000
11,-69,5.750,-34.250,0,0,0.000,0.000,0,1,1,600.000,1000.000
11,-68,5.750,-33.750,0,1,0.000,0.000,1,1,2,700.000,700.000
11,-67,5.750,-33.250,0,1,0.000,0.000,1,1,2,400.000,700.000
11,-66,5.750,-32.750,1,2,6.016,0.326,3,1,4,500.000,1100.000
11,-65,5.750,-32.250,0,1,0.000,0.000,1,1,2,100.000,800.000
11,-64,5.750,-31.750,0,0,0.000,0.000,0,1,1,400.000,0.000
11,-63,5.750,-31.250,2,0,3.956,0.757,2,1,3,100.000,200.000
11,-62,5.750,-30.750,0,0,0.000,0.000,0,1,1,0.000,100.000
11,-61,5.750,-30.250,2,0,3.993,-0.036,2,1,2,600.000,100.000
11,-60,5.750,-29.750,1,0,3.671,-1.387,1,1,2,200.000,400.000
11,-59,5.750,-29.250,0,0,0.000,0.000,0,1,1,0.000,200.000
11,-57,5.750,-28.250,0,1,0.000,0.000,1,0,1,0.000,0.000
11,-55,5.750,-27.250,0,1,0.000,0.000,1,0,1,0.000,0.000
11,-54,5.750,-26.750,0,0,0.000,0.000,0,1,1,100.000,0.000
11,-53,5.750,-26.250,2,0,18.689,0.213,1,1,2,1000.000,0.000
11,-52,5.750,-25.750,1,0,22.198,-0.898,1,1,2,1500.000,1600.000
11,-51,5.750,-25.250,2,0,14.946,-0.449,2,1,3,600.000,2200.000
11,-50,5.750,-24.750,1,0,8.345,0.009,1,1,2,500.000,1900.000
11,-49,5.750,-24.250,1,0,7.566,0.000,1,1,1,2600.000,200.000
11,-48,5.750,-23.750,0,1,0.000,0.000,1,1,2,1500.000,500.000
11,-47,5.750,-23.250,0,0,0.000,0.000,0,1,1,300.000,400.000
12,-105,6.250,-52.250,0,0,0.000,0.000,0,1,1,400.000,0.000
12,-104,6.250,-51.750,1,0,2.561,0.871,1,1,2,2100.000,300.000
12,-103,6.250,-51.250,0,0,0.000,0.000,0,1,1,1300.000,1000.000
12,-102,6.250,-50.750,1,2,7.979,-0.317,3,1,3,600.000,1400.000
12,-101,6.250,-50.250,0,0,0.000,0.000,0,1,1,300.000,1100.000
12,-100,6.250,-49.750,0,2,0.000,0.000,2,1,3,4400.000,600.000
12,-99,6.250,-49.250,1,0,1.701,0.000,1,1,2,1800.000,800.000
12,-98,6.250,-48.750,1,2,5.432,0.771,3,1,4,1600.000,100.000
12,-97,6.250,-48.250,0,0,0.000,0.000,0,1,1,1900.000,300.000
12,-96,6.250,-47.750,0,1,0.000,0.000,1,1,1,1200.000,500.000
12,-95,6.250,-47.250,0,1,0.000,0.000,1,1,1,1700.000,400.000
12,-94,6.250,-46.750,2,0,16.606,-0.390,2,1,2,1900.000,0.000
12,-93,6.250,-46.250,1,0,1.072,0.417,1,1,2,2100.000,0.000
12,-92,6.250,-45.750,0,1,0.000,0.000,1,1,2,2700.000,0.000
12,-91,6.250,-45.250,0,3,0.000,0.000,3,1,4,7200.000,0.000
12,-90,6.250,-44.750,0,1,0.000,0.000,1,1,2,1600.000,1000.000
12,-89,6.250,-44.250,0,0,0.000,0.000,0,1,1,1700.000,100.000
12,-88,6.250,-43.750,2,0,8.127,0.326,2,1,3,1400.000,400.000
12,-87,6.250,-43.250,0,0,0.000,0.000,0,1,1,900.000,900.000
12,-86,6.250,-42.750,2,0,6.334,-0.186,2,1,3,1700.000,600.000
12,-85,6.250,-42.250,1,1,0.234,-0.118,1,1,2,1900.000,0.000
12,-84,6.250,-41.750,1,1,9.991,0.000,2,1,2,3500.000,400.000
12,-83,6.250,-41.250,1,0,8.643,0.009,1,1,2,1800.000,300.000
12,-82,6.250,-40.750,0,0,0.000,0.000,0,1,1,1400.000,1100.000
12,-81,6.250,-40.250,0,1,0.000,0.000,1,1,2,2300.000,100.000
12,-80,6.250,-39.750,1,0,7.513,-0.254,1,1,2,1500.000,200.000
12,-79,6.250,-39.250,0,1,0.000,0.000,1,1,2,1400.000,100.000
12,-78,6.250,-38.750,1,1,3.298,-0.662,2,1,3,1100.000,0.000
12,-77,6.250,-38.250,1,0,6.820,-0.036,1,1,2,200.000,0.000
12,-76,6.250,-37.750,0,1,0.000,0.000,1,1,2,200.000,0.000
12,-75,6.250,-37.250,2,0,2.457,0.803,2,1,2,600.000,0.000
12,-74,6.250,-36.750,0,0,0.000,0.000,0,1,1,1200.000,0.000
12,-73,6.250,-36.250,0,0,0.000,0.000,0,1,1,600.000,600.000
12,-72,6.250,-35.750,0,0,0.000,0.000,0,1,1,700.000,500.000
12,-71,6.250,-35.250,0,0,0.000,0.000,0,1,1,1000.000,100.000
12,-69,6.250,-34.250,1,1,0.695,-0.308,1,1,2,0.000,300.000
12,-68,6.250,-33.750,1,0,9.055,-0.199,1,1,2,400.000,1400.000
12,-67,6.250,-33.250,0,1,0.000,0.000,1,1,2,400.000,2700.000
12,-66,6.250,-32.750,0,0,0.000,0.000,0,1,1,700.000,500.000
12,-65,6.250,-32.250,0,0,0.000,0.000,0,1,1,400.000,0.000
12,-64,6.250,-31.750,0,0,0.000,0.000,0,1,1,400.000,0.000
12,-63,6.250,-31.250,0,0,0.000,0.000,0,1,1,300.000,100.000
12,-62,6.250,-30.750,0,0,0.000,0.000,0,1,1,0.000,300.000
12,-61,6.250,-30.250,0,1,0.000,0.000,1,0,1,0.000,0.000
12,-60,6.250,-29.750,0,1,0.000,0.000,1,1,1,200.000,300.000
12,-59,6.250,-29.250,0,0,0.000,0.000,0,1,1,100.000,400.000
12,-58,6.250,-28.750,0,0,0.000,0.000,0,1,1,0.000,300.000
12,-57,6.250,-28.250,0,0,0.000,0.000,0,1,1,0.000,200.000
12,-56,6.250,-27.750,0,0,0.000,0.000,0,1,1,0.000,200.000
12,-55,6.250,-27.250,0,0,0.000,0.000,0,1,1,0.000,100.000
12,-54,6.250,-26.750,0,0,0.000,0.000,0,1,1,600.000,0.000
12,-53,6.250,-26.250,0,0,0.000,0.000,0,1,1,1400.000,100.000
12,-52,6.250,-25.750,1,0,17.148,0.798,1,1,2,1200.000,800.000
12,-51,6.250,-25.250,3,0,4.135,1.133,3,1,4,600.000,800.000
12,-50,6.250,-24.750,1,0,2.610,0.082,1,1,2,400.000,1000.000
12,-49,6.250,-24.250,0,1,0.000,0.000,1,1,2,2800.000,1200.000
12,-48,6.250,-23.750,0,0,0.000,0.000,0,1,1,1500.000,900.000
12,-47,6.250,-23.250,0,0,0.000,0.000,0,1,1,300.000,200.000
13,-104,6.750,-51.750,1,2,6.940,-0.617,3,1,4,2500.000,300.000
13,-103,6.750,-51.250,2,1,1.394,-0.118,3,1,4,1100.000,900.000
13,-102,6.750,-50.750,1,0,2.887,0.281,1,1,2,800.000,200.000
13,-98,6.750,-48.750,0,0,0.000,0.000,0,1,1,1800.000,200.000
13,-97,6.750,-48.250,2,0,11.720,1.460,2,1,3,1900.000,400.000
13,-96,6.750,-47.750,0,1,0.000,0.000,1,1,1,1900.000,400.000
13,-95,6.750,-47.250,1,0,6.374,-0.036,1,1,2,1800.000,600.000
13,-94,6.750,-46.750,0,0,0.000,0.000,0,1,1,1300.000,200.000
13,-93,6.750,-46.250,1,1,6.126,-0.018,2,1,3,1000.000,200.000
13,-92,6.750,-45.750,2,0,5.563,0.517,2,1,3,1600.000,400.000
13,-91,6.750,-45.250,0,0,0.000,0.000,0,1,1,2500.000,600.000
13,-90,6.750,-44.750,4,1,3.554,0.780,4,1,4,2000.000,1100.000
13,-89,6.750,-44.250,0,2,0.000,0.000,2,1,2,1700.000,800.000
13,-88,6.750,-43.750,0,0,0.000,0.000,0,1,1,1100.000,2100.000
13,-87,6.750,-43.250,0,0,0.000,0.000,0,1,1,1500.000,1700.000
13,-86,6.750,-42.750,2,1,7.561,-0.213,3,1,3,1400.000,800.000
13,-85,6.750,-42.250,2,0,8.485,-0.136,2,1,2,1700.000,1800.000
13,-84,6.750,-41.750,3,0,5.056,0.000,3,1,4,800.000,1300.000
13,-83,6.750,-41.250,0,0,0.000,0.000,0,1,1,800.000,200.000
13,-82,6.750,-40.750,1,3,4.277,1.505,4,1,4,700.000,700.000
13,-81,6.750,-40.250,1,0,14.585,-0.354,1,1,2,400.000,0.000
13,-80,6.750,-39.750,0,1,0.000,0.000,1,1,2,500.000,0.000
13,-79,6.750,-39.250,1,0,11.687,1.016,1,1,2,500.000,200.000
13,-78,6.750,-38.750,1,0,5.326,-0.481,1,1,2,1100.000,0.000
13,-77,6.750,-38.250,0,0,0.000,0.000,0,1,1,800.000,0.000
13,-76,6.750,-37.750,0,0,0.000,0.000,0,1,1,400.000,0.000
13,-75,6.750,-37.250,1,0,10.412,2.902,1,1,2,700.000,0.000
13,-74,6.750,-36.750,0,0,0.000,0.000,0,1,1,1000.000,0.000
13,-73,6.750,-36.250,0,0,0.000,0.000,0,1,1,300.000,300.000
13,-72,6.750,-35.750,1,0,4.010,-0.263,1,1,2,200.000,300.000
13,-71,6.750,-35.250,0,1,0.000,0.000,1,1,1,0.000,300.000
13,-69,6.750,-34.250,1,1,0.695,0.308,1,1,2,0.000,600.000
13,-68,6.750,-33.750,0,0,0.000,0.000,0,1,1,200.000,800.000
13,-67,6.750,-33.250,0,0,0.000,0.000,0,1,1,0.000,1100.000
13,-66,6.750,-32.750,0,1,0.000,0.000,1,1,2,200.000,600.000
13,-64,6.750,-31.750,0,0,0.000,0.000,0,1,1,200.000,0.000
13,-63,6.750,-31.250,0,0,0.000,0.000,0,1,1,1000.000,0.000
13,-62,6.750,-30.750,0,0,0.000,0.000,0,1,1,500.000,400.000
13,-61,6.750,-30.250,3,0,4.860,0.000,3,1,4,300.000,0.000
13,-60,6.750,-29.750,1,1,13.774,-2.448,1,1,2,200.000,0.000
13,-59,6.750,-29.250,0,0,0.000,0.000,0,1,1,300.000,200.000
13,-58,6.750,-28.750,1,1,0.356,0.009,2,1,3,300.000,500.000
13,-57,6.750,-28.250,0,2,0.000,0.000,2,1,3,300.000,300.000
13,-56,6.750,-27.750,1,0,14.870,-0.807,1,1,2,900.000,0.000
13,-55,6.750,-27.250,0,0,0.000,0.000,0,1,1,0.000,500.000
13,-54,6.750,-26.750,0,0,0.000,0.000,0,1,1,0.000,200.000
13,-53,6.750,-26.250,0,0,0.000,0.000,0,1,1,2800.000,600.000
13,-52,6.750,-25.750,0,2,0.000,0.000,1,1,2,1100.000,300.000
13,-51,6.750,-25.250,0,0,0.000,0.000,0,1,1,400.000,400.000
13,-50,6.750,-24.750,0,0,0.000,0.000,0,1,1,700.000,800.000
13,-49,6.750,-24.250,2,1,0.567,-0.150,2,1,3,2900.000,400.000
13,-48,6.750,-23.750,0,1,0.000,0.000,1,1,2,1700.000,600.000
13,-47,6.750,-23.250,0,0,0.000,0.000,0,1,1,600.000,100.000
13,-46,6.750,-22.750,0,1,0.000,0.000,1,0,1,0.000,0.000
14,-104,7.250,-51.750,0,2,0.000,0.000,2,1,2,2000.000,400.000
14,-103,7.250,-51.250,0,0,0.000,0.000,0,1,1,900.000,900.000
14,-102,7.250,-50.750,0,1,0.000,0.000,1,1,2,500.000,3000.000
14,-98,7.250,-48.750,0,2,0.000,0.000,2,1,3,500.000,0.000
14,-97,7.250,-48.250,2,1,5.334,-0.068,3,1,4,2300.000,600.000
14,-96,7.250,-47.750,0,0,0.000,0.000,0,1,1,2300.000,100.000
14,-95,7.250,-47.250,0,0,0.000,0.000,0,1,1,3000.000,800.000
14,-94,7.250,-46.750,0,0,0.000,0.000,0,1,1,700.000,200.000
14,-93,7.250,-46.250,1,0,2.039,-0.127,1,1,2,1400.000,300.000
14,-92,7.250,-45.750,0,0,0.000,0.000,0,1,1,600.000,300.000
14,-91,7.250,-45.250,0,0,0.000,0.000,0,1,1,100.000,600.000
14,-90,7.250,-44.750,0,0,0.000,0.000,0,1,1,1300.000,400.000
14,-89,7.250,-44.250,0,0,0.000,0.000,0,1,1,700.000,400.000
14,-88,7.250,-43.750,0,0,0.000,0.000,0,1,1,500.000,500.000
14,-87,7.250,-43.250,0,0,0.000,0.000,0,1,1,100.000,200.000
14,-86,7.250,-42.750,1,0,10.306,0.444,1,1,2,0.000,700.000
14,-85,7.250,-42.250,0,0,0.000,0.000,0,1,1,0.000,1800.000
14,-84,7.250,-41.750,0,0,0.000,0.000,0,1,1,200.000,1200.000
14,-83,7.250,-41.250,0,0,0.000,0.000,0,1,1,0.000,300.000
14,-82,7.250,-40.750,1,0,6.784,-0.707,1,1,2,0.000,200.000
14,-79,7.250,-39.250,0,0,0.000,0.000,0,1,1,100.000,200.000
14,-78,7.250,-38.750,0,0,0.000,0.000,0,1,1,500.000,100.000
14,-77,7.250,-38.250,0,1,0.000,0.000,1,1,2,700.000,0.000
14,-76,7.250,-37.750,0,0,0.000,0.000,0,1,1,600.000,0.000
14,-75,7.250,-37.250,0,0,0.000,0.000,0,1,1,300.000,0.000
14,-74,7.250,-36.750,1,1,8.777,-1.233,2,1,3,900.000,0.000
14,-73,7.250,-36.250,2,0,8.653,0.902,2,1,3,600.000,0.000
14,-72,7.250,-35.750,1,1,4.789,0.544,2,1,3,200.000,0.000
14,-71,7.250,-35.250,0,0,0.000,0.000,0,1,1,300.000,0.000
14,-69,7.250,-34.250,0,0,0.000,0.000,0,1,1,300.000,400.000
14,-68,7.250,-33.750,1,0,8.133,-0.526,1,1,2,0.000,100.000
14,-67,7.250,-33.250,0,0,0.000,0.000,0,1,1,300.000,100.000
14,-66,7.250,-32.750,0,0,0.000,0.000,0,1,1,100.000,200.000
14,-64,7.250,-31.750,0,0,0.000,0.000,0,1,1,200.000,0.000
14,-63,7.250,-31.250,3,1,7.085,-0.027,3,1,4,800.000,0.000
14,-62,7.250,-30.750,0,0,0.000,0.000,0,1,1,0.000,200.000
14,-61,7.250,-30.250,1,0,8.540,0.000,1,1,2,200.000,300.000
14,-60,7.250,-29.750,0,1,0.000,0.000,1,0,1,0.000,0.000
14,-58,7.250,-28.750,0,0,0.000,0.000,0,1,1,200.000,0.000
14,-57,7.250,-28.250,0,0,0.000,0.000,0,1,1,0.000,200.000
14,-56,7.250,-27.750,0,0,0.000,0.000,0,1,1,600.000,300.000
14,-55,7.250,-27.250,2,3,0.328,0.000,2,0,2,0.000,0.000
14,-54,7.250,-26.750,1,0,3.561,1.741,1,1,2,200.000,300.000
14,-53,7.250,-26.250,0,0,0.000,0.000,0,1,1,1400.000,900.000
14,-52,7.250,-25.750,2,0,4.605,1.782,2,1,3,800.000,600.000
14,-51,7.250,-25.250,1,0,20.057,-0.907,1,1,2,600.000,400.000
14,-50,7.250,-24.750,0,0,0.000,0.000,0,1,1,1500.000,500.000
14,-49,7.250,-24.250,0,1,0.000,0.000,1,1,2,2300.000,300.000
14,-48,7.250,-23.750,0,0,0.000,0.000,0,1,1,1300.000,800.000
14,-47,7.250,-23.250,0,0,0.000,0.000,0,1,1,200.000,200.000
15,-104,7.750,-51.750,1,0,9.695,-0.109,1,1,2,1300.000,0.000
15,-103,7.750,-51.250,1,1,2.450,-0.199,2,1,3,1500.000,900.000
15,-102,7.750,-50.750,0,0,0.000,0.000,0,1,1,2700.000,2200.000
15,-98,7.750,-48.750,0,1,0.000,0.000,1,1,2,300.000,0.000
15,-97,7.750,-48.250,1,1,4.041,0.744,2,1,3,1500.000,400.000
15,-96,7.750,-47.750,0,0,0.000,0.000,0,1,1,3300.000,200.000
15,-95,7.750,-47.250,0,1,0.000,0.000,1,1,2,2400.000,900.000
15,-94,7.750,-46.750,0,0,0.000,0.000,0,1,1,400.000,0.000
15,-93,7.750,-46.250,0,0,0.000,0.000,0,1,1,400.000,0.000
15,-92,7.750,-45.750,1,0,3.197,1.805,1,0,1,0.000,0.000
15,-91,7.750,-45.250,1,1,7.518,1.596,2,1,3,800.000,600.000
15,-90,7.750,-44.750,0,0,0.000,0.000,0,1,1,1700.000,300.000
15,-89,7.750,-44.250,0,0,0.000,0.000,0,1,1,1000.000,0.000
15,-88,7.750,-43.750,0,0,0.000,0.000,0,1,1,1500.000,0.000
15,-86,7.750,-42.750,0,0,0.000,0.000,0,1,1,0.000,1200.000
15,-85,7.750,-42.250,0,1,0.000,0.000,1,1,2,0.000,400.000
15,-84,7.750,-41.750,0,0,0.000,0.000,0,1,1,0.000,500.000
15,-83,7.750,-41.250,0,0,0.000,0.000,0,1,1,0.000,2000.000
15,-82,7.750,-40.750,0,0,0.000,0.000,0,1,1,0.000,1400.000
15,-81,7.750,-40.250,0,0,0.000,0.000,0,1,1,0.000,1400.000
15,-79,7.750,-39.250,0,0,0.000,0.000,0,1,1,100.000,0.000
15,-78,7.750,-38.750,0,0,0.000,0.000,0,1,1,200.000,200.000
15,-77,7.750,-38.250,0,0,0.000,0.000,0,1,1,200.000,0.000
15,-76,7.750,-37.750,1,1,0.303,-0.009,1,0,1,0.000,0.000
15,-75,7.750,-37.250,0,0,0.000,0.000,0,1,1,800.000,0.000
15,-74,7.750,-36.750,1,1,12.520,-1.269,2,1,3,200.000,0.000
15,-73,7.750,-36.250,0,0,0.000,0.000,0,1,1,100.000,0.000
15,-72,7.750,-35.750,0,1,0.000,0.000,1,1,2,100.000,0.000
15,-71,7.750,-35.250,0,0,0.000,0.000,0,1,1,100.000,0.000
15,-70,7.750,-34.750,0,0,0.000,0.000,0,1,1,500.000,100.000
15,-69,7.750,-34.250,1,0,10.425,1.605,1,1,2,200.000,200.000
15,-68,7.750,-33.750,0,0,0.000,0.000,0,1,1,200.000,0.000
15,-66,7.750,-32.750,2,0,10.039,0.236,2,0,2,0.000,0.000
15,-65,7.750,-32.250,1,0,4.133,2.403,1,0,1,0.000,0.000
15,-64,7.750,-31.750,0,0,0.000,0.000,0,1,1,400.000,0.000
15,-63,7.750,-31.250,0,0,0.000,0.000,0,1,1,400.000,0.000
15,-62,7.750,-30.750,0,0,0.000,0.000,0,1,1,0.000,100.000
15,-61,7.750,-30.250,0,1,0.000,0.000,1,0,1,0.000,0.000
15,-60,7.750,-29.750,0,2,0.000,0.000,2,1,3,300.000,800.000
15,-59,7.750,-29.250,0,1,0.000,0.000,1,0,1,0.000,0.000
15,-58,7.750,-28.750,0,0,0.000,0.000,0,1,1,300.000,0.000
15,-56,7.750,-27.750,0,1,0.000,0.000,1,1,2,400.000,0.000
15,-54,7.750,-26.750,0,1,0.000,0.000,1,1,2,500.000,0.000
15,-53,7.750,-26.250,0,0,0.000,0.000,0,1,1,1400.000,1000.000
15,-52,7.750,-25.750,0,0,0.000,0.000,0,1,1,700.000,700.000
15,-51,7.750,-25.250,0,1,0.000,0.000,1,1,2,1300.000,400.000
15,-50,7.750,-24.750,1,0,0.487,0.190,1,1,2,1400.000,400.000
15,-49,7.750,-24.250,0,2,0.000,0.000,1,1,2,1800.000,300.000
15,-48,7.750,-23.750,0,0,0.000,0.000,0,1,1,1500.000,900.000
15,-47,7.750,-23.250,0,0,0.000,0.000,0,1,1,300.000,200.000
16,-104,8.250,-51.750,2,2,0.438,-0.091,2,1,3,1000.000,300.000
16,-103,8.250,-51.250,1,1,4.569,-0.245,2,1,3,2700.000,1000.000
16,-102,8.250,-50.750,0,0,0.000,0.000,0,1,1,4100.000,700.000
16,-98,8.250,-48.750,0,1,0.000,0.000,1,1,2,200.000,0.000
16,-97,8.250,-48.250,0,1,0.000,0.000,1,1,2,1800.000,200.000
16,-96,8.250,-47.750,0,0,0.000,0.000,0,1,1,1900.000,0.000
16,-95,8.250,-47.250,0,1,0.000,0.000,1,1,2,1000.000,200.000
16,-94,8.250,-46.750,0,0,0.000,0.000,0,1,1,500.000,0.000
16,-93,8.250,-46.250,0,0,0.000,0.000,0,1,1,600.000,0.000
16,-92,8.250,-45.750,2,0,5.535,-0.762,2,1,3,800.000,0.000
16,-91,8.250,-45.250,0,0,0.000,0.000,0,1,1,600.000,0.000
16,-90,8.250,-44.750,0,0,0.000,0.000,0,1,1,400.000,0.000
16,-89,8.250,-44.250,0,0,0.000,0.000,0,1,1,100.000,700.000
16,-88,8.250,-43.750,0,0,0.000,0.000,0,1,1,200.000,200.000
16,-87,8.250,-43.250,0,0,0.000,0.000,0,1,1,100.000,0.000
16,-86,8.250,-42.750,0,0,0.000,0.000,0,1,1,300.000,0.000
16,-85,8.250,-42.250,0,1,0.000,0.000,1,1,2,200.000,0.000
16,-84,8.250,-41.750,0,0,0.000,0.000,0,1,1,300.000,0.000
16,-83,8.250,-41.250,0,1,0.000,0.000,1,1,2,300.000,0.000
16,-81,8.250,-40.250,0,0,0.000,0.000,0,1,1,100.000,0.000
16,-80,8.250,-39.750,0,1,0.000,0.000,1,1,2,100.000,0.000
16,-79,8.250,-39.250,2,0,1.774,0.444,2,1,3,100.000,0.000
16,-78,8.250,-38.750,1,1,0.264,0.000,1,1,2,200.000,100.000
16,-77,8.250,-38.250,0,0,0.000,0.000,0,1,1,100.000,200.000
16,-76,8.250,-37.750,0,0,0.000,0.000,0,1,1,100.000,100.000
16,-75,8.250,-37.250,2,0,4.043,0.449,2,1,3,200.000,0.000
16,-74,8.250,-36.750,1,1,4.490,-1.451,2,1,3,400.000,0.000
16,-73,8.250,-36.250,0,0,0.000,0.000,0,1,1,500.000,0.000
16,-71,8.250,-35.250,1,0,1.645,0.417,1,0,1,0.000,0.000
16,-70,8.250,-34.750,1,0,2.432,2.367,1,1,2,0.000,300.000
16,-64,8.250,-31.750,0,1,0.000,0.000,1,1,1,0.000,100.000
16,-63,8.250,-31.250,0,0,0.000,0.000,0,1,1,300.000,0.000
16,-62,8.250,-30.750,0,0,0.000,0.000,0,1,1,200.000,200.000
16,-61,8.250,-30.250,0,1,0.000,0.000,1,0,1,0.000,0.000
16,-60,8.250,-29.750,0,0,0.000,0.000,0,1,1,0.000,400.000
16,-59,8.250,-29.250,0,0,0.000,0.000,0,1,1,300.000,200.000
16,-58,8.250,-28.750,1,0,2.557,-1.777,1,1,2,200.000,100.000
16,-56,8.250,-27.750,0,0,0.000,0.000,0,1,1,600.000,0.000
16,-54,8.250,-26.750,0,0,0.000,0.000,0,1,1,600.000,0.000
16,-53,8.250,-26.250,1,1,7.812,0.263,2,1,3,1300.000,500.000
16,-52,8.250,-25.750,1,0,3.239,-0.744,1,1,2,400.000,700.000
16,-51,8.250,-25.250,0,0,0.000,0.000,0,1,1,1700.000,200.000
16,-50,8.250,-24.750,1,0,16.492,-0.218,1,1,2,2000.000,600.000
16,-49,8.250,-24.250,1,0,5.131,-0.299,1,1,2,3200.000,200.000
16,-48,8.250,-23.750,0,2,0.000,0.000,2,1,2,2600.000,1100.000
16,-47,8.250,-23.250,0,0,0.000,0.000,0,1,1,300.000,100.000
17,-104,8.750,-51.750,0,0,0.000,0.000,0,1,1,1300.000,300.000
17,-103,8.750,-51.250,1,1,8.835,-0.861,2,1,3,3700.000,400.000
17,-102,8.750,-50.750,0,0,0.000,0.000,0,1,1,6400.000,500.000
17,-98,8.750,-48.750,0,0,0.000,0.000,0,1,1,200.000,0.000
17,-97,8.750,-48.250,1,0,12.778,-0.199,1,1,1,1200.000,300.000
17,-96,8.750,-47.750,0,0,0.000,0.000,0,1,1,2400.000,200.000
17,-95,8.750,-47.250,0,0,0.000,0.000,0,1,1,1100.000,200.000
17,-94,8.750,-46.750,0,1,0.000,0.000,1,1,2,1000.000,0.000
17,-93,8.750,-46.250,0,0,0.000,0.000,0,1,1,600.000,0.000
17,-92,8.750,-45.750,0,0,0.000,0.000,0,1,1,600.000,0.000
17,-91,8.750,-45.250,0,0,0.000,0.000,0,1,1,800.000,0.000
17,-90,8.750,-44.750,0,0,0.000,0.000,0,1,1,500.000,0.000
17,-89,8.750,-44.250,0,0,0.000,0.000,0,1,1,400.000,0.000
17,-88,8.750,-43.750,0,0,0.000,0.000,0,1,1,500.000,0.000
17,-87,8.750,-43.250,0,0,0.000,0.000,0,1,1,600.000,200.000
17,-86,8.750,-42.750,1,0,9.797,0.807,1,1,2,300.000,200.000
17,-85,8.750,-42.250,0,0,0.000,0.000,0,1,1,100.000,0.000
17,-84,8.750,-41.750,0,0,0.000,0.000,0,1,1,200.000,0.000
17,-83,8.750,-41.250,0,0,0.000,0.000,0,1,1,200.000,0.000
17,-82,8.750,-40.750,0,0,0.000,0.000,0,1,1,500.000,0.000
17,-81,8.750,-40.250,0,0,0.000,0.000,0,1,1,300.000,0.000
17,-80,8.750,-39.750,2,0,1.853,1.152,2,1,3,400.000,0.000
17,-79,8.750,-39.250,0,0,0.000,0.000,0,1,1,500.000,0.000
17,-78,8.750,-38.750,2,0,3.959,0.000,2,0,2,0.000,0.000
17,-77,8.750,-38.250,1,1,3.798,1.659,2,1,3,200.000,0.000
17,-76,8.750,-37.750,0,0,0.000,0.000,0,1,1,400.000,200.000
17,-75,8.750,-37.250,0,0,0.000,0.000,0,1,1,600.000,200.000
17,-74,8.750,-36.750,0,0,0.000,0.000,0,1,1,0.000,200.000
17,-73,8.750,-36.250,1,0,11.205,0.816,1,1,2,700.000,700.000
17,-72,8.750,-35.750,0,0,0.000,0.000,0,1,1,200.000,300.000
17,-71,8.750,-35.250,0,0,0.000,0.000,0,1,1,0.000,100.000
17,-70,8.750,-34.750,0,1,0.000,0.000,1,1,2,0.000,200.000
17,-68,8.750,-33.750,0,0,0.000,0.000,0,1,1,0.000,100.000
17,-67,8.750,-33.250,0,0,0.000,0.000,0,1,1,0.000,200.000
17,-66,8.750,-32.750,0,1,0.000,0.000,1,1,2,0.000,200.000
17,-65,8.750,-32.250,0,0,0.000,0.000,0,1,1,0.000,300.000
17,-64,8.750,-31.750,0,0,0.000,0.000,0,1,1,0.000,100.000
17,-63,8.750,-31.250,0,0,0.000,0.000,0,1,1,200.000,0.000
17,-62,8.750,-30.750,1,0,4.482,0.000,1,1,2,200.000,200.000
17,-60,8.750,-29.750,1,1,0.328,-0.009,1,1,1,0.000,500.000
17,-59,8.750,-29.250,1,1,10.893,-0.744,2,1,3,200.000,100.000
17,-58,8.750,-28.750,0,0,0.000,0.000,0,1,1,200.000,300.000
17,-57,8.750,-28.250,1,0,10.068,-0.807,1,1,2,200.000,0.000
17,-56,8.750,-27.750,0,0,0.000,0.000,0,1,1,400.000,0.000
17,-54,8.750,-26.750,0,0,0.000,0.000,0,1,1,1000.000,0.000
17,-53,8.750,-26.250,0,0,0.000,0.000,0,1,1,800.000,700.000
17,-52,8.750,-25.750,0,0,0.000,0.000,0,1,1,1100.000,500.000
17,-51,8.750,-25.250,0,0,0.000,0.000,0,1,1,1600.000,100.000
17,-50,8.750,-24.750,1,0,7.950,-2.512,1,1,1,800.000,1100.000
17,-49,8.750,-24.250,0,0,0.000,0.000,0,1,1,2200.000,500.000
17,-48,8.750,-23.750,0,0,0.000,0.000,0,1,1,2200.000,1100.000
17,-47,8.750,-23.250,0,0,0.000,0.000,0,1,1,200.000,100.000
18,-104,9.250,-51.750,1,0,6.041,0.290,1,1,1,1800.000,100.000
18,-103,9.250,-51.250,0,0,0.000,0.000,0,1,1,3800.000,500.000
18,-102,9.250,-50.750,0,0,0.000,0.000,0,1,1,6500.000,300.000
18,-98,9.250,-48.750,1,0,9.054,-1.097,1,1,2,500.000,0.000
18,-97,9.250,-48.250,0,0,0.000,0.000,0,1,1,500.000,0.000
18,-96,9.250,-47.750,1,1,4.000,-0.816,2,1,2,1600.000,100.000
18,-95,9.250,-47.250,0,0,0.000,0.000,0,1,1,1100.000,400.000
18,-94,9.250,-46.750,0,0,0.000,0.000,0,1,1,1000.000,100.000
18,-93,9.250,-46.250,0,0,0.000,0.000,0,1,1,600.000,0.000
18,-92,9.250,-45.750,0,0,0.000,0.000,0,1,1,400.000,0.000
18,-91,9.250,-45.250,0,0,0.000,0.000,0,1,1,200.000,0.000
18,-90,9.250,-44.750,1,0,8.839,-0.762,1,1,2,500.000,0.000
18,-89,9.250,-44.250,1,0,8.332,0.154,1,1,2,500.000,0.000
18,-88,9.250,-43.750,0,0,0.000,0.000,0,1,1,200.000,0.000
18,-87,9.250,-43.250,0,0,0.000,0.000,0,1,1,200.000,0.000
18,-86,9.250,-42.750,0,0,0.000,0.000,0,1,1,300.000,100.000
18,-85,9.250,-42.250,0,0,0.000,0.000,0,1,1,300.000,200.000
18,-84,9.250,-41.750,0,0,0.000,0.000,0,1,1,100.000,0.000
18,-83,9.250,-41.250,0,1,0.000,0.000,1,0,1,0.000,0.000
18,-81,9.250,-40.250,1,1,5.010,-0.979,2,0,2,0.000,0.000
18,-80,9.250,-39.750,1,2,3.585,0.000,2,0,2,0.000,0.000
18,-79,9.250,-39.250,0,0,0.000,0.000,0,1,1,100.000,0.000
18,-78,9.250,-38.750,0,0,0.000,0.000,0,1,1,600.000,0.000
18,-76,9.250,-37.750,0,0,0.000,0.000,0,1,1,500.000,0.000
18,-75,9.250,-37.250,0,0,0.000,0.000,0,1,1,500.000,0.000
18,-74,9.250,-36.750,1,2,1.340,0.000,3,1,4,200.000,0.000
18,-73,9.250,-36.250,0,0,0.000,0.000,0,1,1,100.000,200.000
18,-72,9.250,-35.750,2,1,4.951,0.299,3,1,4,0.000,400.000
18,-71,9.250,-35.250,0,0,0.000,0.000,0,1,1,200.000,600.000
18,-70,9.250,-34.750,0,0,0.000,0.000,0,1,1,200.000,200.000
18,-69,9.250,-34.250,0,0,0.000,0.000,0,1,1,200.000,200.000
18,-68,9.250,-33.750,0,0,0.000,0.000,0,1,1,200.000,100.000
18,-67,9.250,-33.250,1,0,17.282,-2.602,1,1,2,200.000,0.000
18,-66,9.250,-32.750,0,1,0.000,0.000,1,1,2,200.000,0.000
18,-65,9.250,-32.250,0,0,0.000,0.000,0,1,1,100.000,0.000
18,-63,9.250,-31.250,0,0,0.000,0.000,0,1,1,200.000,0.000
18,-62,9.250,-30.750,0,0,0.000,0.000,0,1,1,200.000,100.000
18,-61,9.250,-30.250,1,0,8.124,-0.172,1,1,2,0.000,100.000
18,-59,9.250,-29.250,1,2,0.328,0.009,2,1,2,400.000,200.000
18,-58,9.250,-28.750,0,0,0.000,0.000,0,1,1,100.000,100.000
18,-57,9.250,-28.250,0,0,0.000,0.000,0,1,1,300.000,0.000
18,-56,9.250,-27.750,0,0,0.000,0.000,0,1,1,500.000,0.000
18,-54,9.250,-26.750,1,0,8.837,-2.884,1,1,2,1100.000,0.000
18,-53,9.250,-26.250,1,0,7.011,0.734,1,1,2,1400.000,700.000
18,-52,9.250,-25.750,0,1,0.000,0.000,1,1,1,800.000,400.000
18,-51,9.250,-25.250,0,0,0.000,0.000,0,1,1,1900.000,200.000
18,-50,9.250,-24.750,0,0,0.000,0.000,0,1,1,800.000,1100.000
18,-49,9.250,-24.250,0,0,0.000,0.000,0,1,1,1900.000,400.000
18,-48,9.250,-23.750,0,0,0.000,0.000,0,1,1,1500.000,1600.000
18,-47,9.250,-23.250,0,0,0.000,0.000,0,1,1,400.000,300.000
19,-104,9.750,-51.750,1,0,5.839,-0.762,1,1,2,8100.000,500.000
19,-103,9.750,-51.250,1,0,11.036,0.054,1,1,2,6900.000,300.000
19,-102,9.750,-50.750,2,2,6.639,-0.113,4,1,4,2900.000,300.000
19,-98,9.750,-48.750,0,0,0.000,0.000,0,1,1,400.000,0.000
19,-97,9.750,-48.250,0,0,0.000,0.000,0,1,1,800.000,0.000
19,-96,9.750,-47.750,0,0,0.000,0.000,0,1,1,1100.000,100.000
19,-95,9.750,-47.250,1,1,4.812,-0.027,2,1,3,1000.000,200.000
19,-94,9.750,-46.750,0,0,0.000,0.000,0,1,1,1100.000,300.000
19,-93,9.750,-46.250,1,0,6.217,-0.472,1,1,2,600.000,200.000
19,-92,9.750,-45.750,1,0,4.749,0.127,1,1,2,200.000,0.000
19,-90,9.750,-44.750,0,1,0.000,0.000,1,0,1,0.000,0.000
19,-89,9.750,-44.250,1,1,7.161,-2.267,1,1,2,200.000,0.000
19,-88,9.750,-43.750,0,1,0.000,0.000,1,1,2,300.000,0.000
19,-87,9.750,-43.250,0,0,0.000,0.000,0,1,1,200.000,0.000
19,-85,9.750,-42.250,0,0,0.000,0.000,0,1,1,100.000,100.000
19,-84,9.750,-41.750,0,0,0.000,0.000,0,1,1,300.000,200.000
19,-83,9.750,-41.250,0,1,0.000,0.000,1,1,2,500.000,0.000
19,-82,9.750,-40.750,0,0,0.000,0.000,0,1,1,200.000,0.000
19,-81,9.750,-40.250,1,0,8.695,-1.814,1,0,1,0.000,0.000
19,-75,9.750,-37.250,0,1,0.000,0.000,1,1,2,600.000,0.000
19,-74,9.750,-36.750,0,0,0.000,0.000,0,1,1,300.000,0.000
19,-73,9.750,-36.250,1,1,10.127,0.707,1,1,2,300.000,0.000
19,-72,9.750,-35.750,0,0,0.000,0.000,0,1,1,0.000,700.000
19,-71,9.750,-35.250,0,0,0.000,0.000,0,1,1,0.000,200.000
19,-65,9.750,-32.250,1,0,6.495,-1.705,1,1,2,100.000,0.000
19,-64,9.750,-31.750,0,0,0.000,0.000,0,1,1,300.000,0.000
19,-63,9.750,-31.250,0,0,0.000,0.000,0,1,1,400.000,0.000
19,-62,9.750,-30.750,0,0,0.000,0.000,0,1,1,400.000,0.000
19,-61,9.750,-30.250,0,0,0.000,0.000,0,1,1,200.000,100.000
19,-60,9.750,-29.750,0,1,0.000,0.000,1,1,2,200.000,0.000
19,-59,9.750,-29.250,0,0,0.000,0.000,0,1,1,300.000,0.000
19,-58,9.750,-28.750,1,1,4.970,0.000,2,1,3,600.000,0.000
19,-57,9.750,-28.250,0,1,0.000,0.000,1,1,2,300.000,0.000
19,-56,9.750,-27.750,0,0,0.000,0.000,0,1,1,500.000,0.000
19,-55,9.750,-27.250,0,0,0.000,0.000,0,1,1,700.000,0.000
19,-54,9.750,-26.750,0,0,0.000,0.000,0,1,1,700.000,200.000
19,-53,9.750,-26.250,0,0,0.000,0.000,0,1,1,1700.000,700.000
19,-52,9.750,-25.750,2,1,11.492,1.700,3,1,4,800.000,0.000
19,-51,9.750,-25.250,0,0,0.000,0.000,0,1,1,4100.000,500.000
19,-50,9.750,-24.750,0,1,0.000,0.000,1,1,2,1800.000,700.000
19,-49,9.750,-24.250,1,1,4.147,-2.222,1,1,2,2100.000,1000.000
19,-48,9.750,-23.750,0,0,0.000,0.000,0,1,1,1100.000,1300.000
19,-47,9.750,-23.250,0,0,0.000,0.000,0,1,1,0.000,300.000
20,-104,10.250,-51.750,2,0,5.718,-0.417,2,1,2,1700.000,200.000
20,-103,10.250,-51.250,0,1,0.000,0.000,1,1,2,5700.000,700.000
20,-102,10.250,-50.750,0,2,0.000,0.000,2,1,3,9500.000,400.000
20,-101,10.250,-50.250,0,0,0.000,0.000,0,1,1,1000.000,200.000
20,-100,10.250,-49.750,0,0,0.000,0.000,0,1,1,2100.000,0.000
20,-99,10.250,-49.250,0,0,0.000,0.000,0,1,1,400.000,300.000
20,-98,10.250,-48.750,0,0,0.000,0.000,0,1,1,500.000,100.000
20,-97,10.250,-48.250,0,1,0.000,0.000,1,1,2,800.000,200.000
20,-96,10.250,-47.750,1,0,5.820,-1.097,1,1,2,500.000,100.000
20,-95,10.250,-47.250,0,0,0.000,0.000,0,1,1,1000.000,0.000
20,-94,10.250,-46.750,0,0,0.000,0.000,0,1,1,700.000,0.000
20,-93,10.250,-46.250,1,0,5.846,0.753,1,1,2,1000.000,100.000
20,-92,10.250,-45.750,1,0,4.938,0.236,1,1,2,400.000,300.000
20,-91,10.250,-45.250,1,0,2.560,-1.433,1,1,2,400.000,200.000
20,-90,10.250,-44.750,0,0,0.000,0.000,0,1,1,300.000,400.000
20,-89,10.250,-44.250,0,0,0.000,0.000,0,1,1,100.000,100.000
20,-88,10.250,-43.750,0,0,0.000,0.000,0,1,1,600.000,200.000
20,-87,10.250,-43.250,0,0,0.000,0.000,0,1,1,500.000,100.000
20,-86,10.250,-42.750,0,0,0.000,0.000,0,1,1,200.000,0.000
20,-85,10.250,-42.250,1,0,9.563,-1.795,1,1,2,100.000,0.000
20,-84,10.250,-41.750,0,0,0.000,0.000,0,1,1,500.000,0.000
20,-83,10.250,-41.250,0,1,0.000,0.000,1,1,2,600.000,300.000
20,-82,10.250,-40.750,0,0,0.000,0.000,0,1,1,600.000,0.000
20,-81,10.250,-40.250,1,0,7.681,-0.997,1,1,2,800.000,0.000
20,-80,10.250,-39.750,0,0,0.000,0.000,0,1,1,600.000,0.000
20,-76,10.250,-37.750,1,1,13.392,-1.270,2,0,2,0.000,0.000
20,-75,10.250,-37.250,0,0,0.000,0.000,0,1,1,400.000,0.000
20,-74,10.250,-36.750,0,0,0.000,0.000,0,1,1,400.000,0.000
20,-73,10.250,-36.250,1,0,7.358,1.623,1,1,2,1100.000,100.000
20,-72,10.250,-35.750,0,1,0.000,0.000,1,1,2,400.000,600.000
20,-71,10.250,-35.250,0,0,0.000,0.000,0,1,1,200.000,100.000
20,-63,10.250,-31.250,0,0,0.000,0.000,0,1,1,400.000,0.000
20,-61,10.250,-30.250,0,0,0.000,0.000,0,1,1,0.000,200.000
20,-58,10.250,-28.750,1,0,2.784,0.000,1,1,2,800.000,0.000
20,-57,10.250,-28.250,1,0,3.701,0.589,1,1,2,600.000,0.000
20,-56,10.250,-27.750,0,0,0.000,0.000,0,1,1,600.000,0.000
20,-55,10.250,-27.250,0,0,0.000,0.000,0,1,1,2300.000,0.000
20,-54,10.250,-26.750,0,0,0.000,0.000,0,1,1,500.000,400.000
20,-53,10.250,-26.250,0,0,0.000,0.000,0,1,1,1400.000,300.000
20,-52,10.250,-25.750,0,0,0.000,0.000,0,1,1,1100.000,300.000
20,-51,10.250,-25.250,0,0,0.000,0.000,0,1,1,2200.000,300.000
20,-50,10.250,-24.750,0,0,0.000,0.000,0,1,1,2900.000,1200.000
20,-49,10.250,-24.250,0,0,0.000,0.000,0,1,1,1700.000,2000.000
20,-48,10.250,-23.750,1,0,6.729,-0.263,1,1,2,700.000,1200.000
20,-47,10.250,-23.250,0,0,0.000,0.000,0,1,1,0.000,300.000
21,-105,10.750,-52.250,0,1,0.000,0.000,1,0,1,0.000,0.000
21,-104,10.750,-51.750,0,0,0.000,0.000,0,1,1,1900.000,0.000
21,-103,10.750,-51.250,0,1,0.000,0.000,1,1,1,4600.000,700.000
21,-102,10.750,-50.750,0,0,0.000,0.000,0,1,1,4400.000,300.000
21,-101,10.750,-50.250,1,0,9.857,0.000,1,1,2,4200.000,100.000
21,-100,10.750,-49.750,0,0,0.000,0.000,0,1,1,2000.000,300.000
21,-99,10.750,-49.250,0,0,0.000,0.000,0,1,1,1300.000,0.000
21,-98,10.750,-48.750,0,0,0.000,0.000,0,1,1,300.000,0.000
21,-97,10.750,-48.250,0,0,0.000,0.000,0,1,1,1200.000,0.000
21,-96,10.750,-47.750,0,0,0.000,0.000,0,1,1,600.000,0.000
21,-95,10.750,-47.250,0,0,0.000,0.000,0,1,1,1000.000,0.000
21,-94,10.750,-46.750,0,0,0.000,0.000,0,1,1,1000.000,0.000
21,-93,10.750,-46.250,0,0,0.000,0.000,0,1,1,400.000,0.000
21,-92,10.750,-45.750,0,0,0.000,0.000,0,1,1,300.000,0.000
21,-91,10.750,-45.250,0,0,0.000,0.000,0,1,1,200.000,0.000
21,-90,10.750,-44.750,0,0,0.000,0.000,0,1,1,400.000,0.000
21,-89,10.750,-44.250,0,0,0.000,0.000,0,1,1,900.000,0.000
21,-88,10.750,-43.750,1,0,11.504,1.886,1,1,1,1200.000,0.000
21,-87,10.750,-43.250,0,0,0.000,0.000,0,1,1,600.000,100.000
21,-86,10.750,-42.750,0,0,0.000,0.000,0,1,1,600.000,200.000
21,-85,10.750,-42.250,0,0,0.000,0.000,0,1,1,800.000,200.000
21,-84,10.750,-41.750,0,0,0.000,0.000,0,1,1,400.000,0.000
21,-83,10.750,-41.250,0,0,0.000,0.000,0,1,1,300.000,0.000
21,-82,10.750,-40.750,0,0,0.000,0.000,0,1,1,300.000,200.000
21,-81,10.750,-40.250,0,0,0.000,0.000,0,1,1,200.000,100.000
21,-80,10.750,-39.750,0,0,0.000,0.000,0,1,1,500.000,0.000
21,-79,10.750,-39.250,0,0,0.000,0.000,0,1,1,1200.000,0.000
21,-78,10.750,-38.750,0,1,0.000,0.000,1,1,2,800.000,0.000
21,-77,10.750,-38.250,0,0,0.000,0.000,0,1,1,300.000,0.000
21,-76,10.750,-37.750,0,1,0.000,0.000,1,1,2,300.000,0.000
21,-75,10.750,-37.250,0,0,0.000,0.000,0,1,1,600.000,0.000
21,-74,10.750,-36.750,0,0,0.000,0.000,0,1,1,200.000,0.000
21,-73,10.750,-36.250,1,1,4.445,-0.027,1,1,2,100.000,0.000
21,-72,10.750,-35.750,0,0,0.000,0.000,0,1,1,300.000,0.000
21,-71,10.750,-35.250,0,0,0.000,0.000,0,1,1,400.000,300.000
21,-70,10.750,-34.750,0,0,0.000,0.000,0,1,1,200.000,0.000
21,-69,10.750,-34.250,1,0,7.226,0.671,1,0,1,0.000,0.000
21,-65,10.750,-32.250,0,1,0.000,0.000,1,1,2,100.000,0.000
21,-64,10.750,-31.750,0,0,0.000,0.000,0,1,1,200.000,0.000
21,-63,10.750,-31.250,0,0,0.000,0.000,0,1,1,400.000,0.000
21,-62,10.750,-30.750,1,0,13.898,-0.816,1,1,2,200.000,0.000
21,-61,10.750,-30.250,0,0,0.000,0.000,0,1,1,100.000,200.000
21,-58,10.750,-28.750,0,0,0.000,0.000,0,1,1,400.000,0.000
21,-57,10.750,-28.250,0,0,0.000,0.000,0,1,1,800.000,0.000
21,-56,10.750,-27.750,1,0,12.843,-2.430,1,1,1,1000.000,200.000
21,-55,10.750,-27.250,1,0,6.754,-0.227,1,1,2,800.000,200.000
21,-54,10.750,-26.750,0,0,0.000,0.000,0,1,1,1000.000,300.000
21,-53,10.750,-26.250,0,0,0.000,0.000,0,1,1,1800.000,200.000
21,-52,10.750,-25.750,0,1,0.000,0.000,1,1,1,1600.000,200.000
21,-51,10.750,-25.250,0,1,0.000,0.000,1,1,1,2700.000,700.000
21,-50,10.750,-24.750,1,1,12.063,1.632,2,1,3,7800.000,600.000
21,-49,10.750,-24.250,2,1,0.750,-0.190,2,1,2,3100.000,1300.000
21,-48,10.750,-23.750,0,0,0.000,0.000,0,1,1,400.000,1000.000
22,-105,11.250,-52.250,0,0,0.000,0.000,0,1,1,100.000,0.000
22,-104,11.250,-51.750,0,0,0.000,0.000,0,1,1,1700.000,100.000
22,-103,11.250,-51.250,0,0,0.000,0.000,0,1,1,3200.000,600.000
22,-102,11.250,-50.750,0,0,0.000,0.000,0,1,1,3200.000,500.000
22,-101,11.250,-50.250,3,2,3.282,0.798,2,1,3,2500.000,200.000
22,-100,11.250,-49.750,0,0,0.000,0.000,0,1,1,1100.000,200.000
22,-99,11.250,-49.250,0,0,0.000,0.000,0,1,1,1900.000,200.000
22,-98,11.250,-48.750,0,0,0.000,0.000,0,1,1,100.000,0.000
22,-97,11.250,-48.250,0,0,0.000,0.000,0,1,1,500.000,0.000
22,-96,11.250,-47.750,0,0,0.000,0.000,0,1,1,800.000,0.000
22,-95,11.250,-47.250,0,1,0.000,0.000,1,1,2,400.000,0.000
22,-94,11.250,-46.750,0,0,0.000,0.000,0,1,1,1100.000,0.000
22,-93,11.250,-46.250,0,0,0.000,0.000,0,1,1,1400.000,0.000
22,-92,11.250,-45.750,1,0,1.985,-0.082,1,1,2,1100.000,0.000
22,-91,11.250,-45.250,0,0,0.000,0.000,0,1,1,800.000,0.000
22,-90,11.250,-44.750,0,0,0.000,0.000,0,1,1,900.000,0.000
22,-89,11.250,-44.250,1,0,6.734,0.508,1,1,2,700.000,0.000
22,-88,11.250,-43.750,0,0,0.000,0.000,0,1,1,1600.000,0.000
22,-87,11.250,-43.250,0,0,0.000,0.000,0,1,1,200.000,0.000
22,-86,11.250,-42.750,0,0,0.000,0.000,0,1,1,100.000,0.000
22,-84,11.250,-41.750,0,0,0.000,0.000,0,1,1,100.000,100.000
22,-83,11.250,-41.250,0,0,0.000,0.000,0,1,1,200.000,200.000
22,-82,11.250,-40.750,0,0,0.000,0.000,0,1,1,200.000,200.000
22,-81,11.250,-40.250,0,0,0.000,0.000,0,1,1,400.000,200.000
22,-80,11.250,-39.750,0,0,0.000,0.000,0,1,1,400.000,100.000
22,-79,11.250,-39.250,0,0,0.000,0.000,0,1,1,100.000,0.000
22,-77,11.250,-38.250,0,1,0.000,0.000,1,1,2,100.000,0.000
22,-76,11.250,-37.750,0,0,0.000,0.000,0,1,1,200.000,0.000
22,-75,11.250,-37.250,0,0,0.000,0.000,0,1,1,500.000,0.000
22,-74,11.250,-36.750,0,0,0.000,0.000,0,1,1,500.000,0.000
22,-73,11.250,-36.250,0,0,0.000,0.000,0,1,1,300.000,0.000
22,-72,11.250,-35.750,0,0,0.000,0.000,0,1,1,0.000,300.000
22,-71,11.250,-35.250,0,0,0.000,0.000,0,1,1,400.000,0.000
22,-70,11.250,-34.750,0,0,0.000,0.000,0,1,1,200.000,0.000
22,-69,11.250,-34.250,0,0,0.000,0.000,0,1,1,500.000,0.000
22,-68,11.250,-33.750,0,0,0.000,0.000,0,1,1,300.000,0.000
22,-67,11.250,-33.250,0,0,0.000,0.000,0,1,1,300.000,0.000
22,-66,11.250,-32.750,0,0,0.000,0.000,0,1,1,300.000,0.000
22,-65,11.250,-32.250,0,0,0.000,0.000,0,1,1,400.000,0.000
22,-64,11.250,-31.750,1,0,12.333,0.381,1,1,2,100.000,0.000
22,-63,11.250,-31.250,0,0,0.000,0.000,0,1,1,200.000,0.000
22,-62,11.250,-30.750,1,0,5.230,0.000,1,0,1,0.000,0.000
22,-61,11.250,-30.250,0,2,0.000,0.000,2,1,3,100.000,200.000
22,-60,11.250,-29.750,0,0,0.000,0.000,0,1,1,100.000,100.000
22,-59,11.250,-29.250,0,0,0.000,0.000,0,1,1,200.000,200.000
22,-58,11.250,-28.750,1,0,3.806,-0.236,1,1,2,200.000,200.000
22,-57,11.250,-28.250,0,0,0.000,0.000,0,1,1,1100.000,200.000
22,-56,11.250,-27.750,0,0,0.000,0.000,0,1,1,1000.000,100.000
22,-55,11.250,-27.250,0,0,0.000,0.000,0,1,1,1000.000,0.000
22,-54,11.250,-26.750,0,0,0.000,0.000,0,1,1,1800.000,300.000
22,-53,11.250,-26.250,0,1,0.000,0.000,1,1,2,1800.000,200.000
22,-52,11.250,-25.750,0,0,0.000,0.000,0,1,1,1400.000,0.000
22,-51,11.250,-25.250,1,0,0.319,0.036,1,1,2,2900.000,800.000
22,-50,11.250,-24.750,0,0,0.000,0.000,0,1,1,1600.000,500.000
22,-49,11.250,-24.250,0,1,0.000,0.000,1,1,2,600.000,900.000
22,-48,11.250,-23.750,2,0,8.131,0.562,2,1,3,500.000,600.000
23,-105,11.750,-52.250,0,1,0.000,0.000,1,1,2,600.000,0.000
23,-104,11.750,-51.750,1,0,11.037,-0.299,1,1,1,1900.000,500.000
23,-103,11.750,-51.250,1,1,17.203,-0.299,2,1,2,1900.000,800.000
23,-102,11.750,-50.750,1,1,3.562,-0.054,2,1,3,1600.000,500.000
23,-101,11.750,-50.250,0,0,0.000,0.000,0,1,1,700.000,0.000
23,-100,11.750,-49.750,0,0,0.000,0.000,0,1,1,800.000,0.000
23,-99,11.750,-49.250,0,1,0.000,0.000,1,1,2,700.000,100.000
23,-98,11.750,-48.750,0,0,0.000,0.000,0,1,1,300.000,200.000
23,-97,11.750,-48.250,0,0,0.000,0.000,0,1,1,500.000,0.000
23,-96,11.750,-47.750,0,3,0.000,0.000,3,1,4,1000.000,0.000
23,-95,11.750,-47.250,0,1,0.000,0.000,1,1,2,1400.000,0.000
23,-94,11.750,-46.750,4,2,2.317,-0.254,3,1,4,600.000,0.000
23,-93,11.750,-46.250,0,0,0.000,0.000,0,1,1,1300.000,0.000
23,-92,11.750,-45.750,0,0,0.000,0.000,0,1,1,500.000,0.000
23,-91,11.750,-45.250,0,0,0.000,0.000,0,1,1,400.000,0.000
23,-90,11.750,-44.750,0,1,0.000,0.000,1,1,2,100.000,0.000
23,-89,11.750,-44.250,0,0,0.000,0.000,0,1,1,100.000,0.000
23,-81,11.750,-40.250,0,0,0.000,0.000,0,1,1,0.000,200.000
23,-80,11.750,-39.750,0,0,0.000,0.000,0,1,1,300.000,300.000
23,-79,11.750,-39.250,0,0,0.000,0.000,0,1,1,500.000,100.000
23,-78,11.750,-38.750,0,0,0.000,0.000,0,1,1,200.000,0.000
23,-77,11.750,-38.250,0,0,0.000,0.000,0,1,1,100.000,0.000
23,-75,11.750,-37.250,0,0,0.000,0.000,0,1,1,300.000,0.000
23,-74,11.750,-36.750,0,0,0.000,0.000,0,1,1,600.000,0.000
23,-73,11.750,-36.250,0,0,0.000,0.000,0,1,1,400.000,0.000
23,-72,11.750,-35.750,0,0,0.000,0.000,0,1,1,500.000,200.000
23,-71,11.750,-35.250,0,1,0.000,0.000,1,1,2,600.000,0.000
23,-70,11.750,-34.750,0,0,0.000,0.000,0,1,1,100.000,0.000
23,-69,11.750,-34.250,0,0,0.000,0.000,0,1,1,200.000,0.000
23,-68,11.750,-33.750,0,1,0.000,0.000,1,1,2,200.000,0.000
23,-67,11.750,-33.250,0,0,0.000,0.000,0,1,1,300.000,0.000
23,-66,11.750,-32.750,0,0,0.000,0.000,0,1,1,100.000,0.000
23,-65,11.750,-32.250,0,1,0.000,0.000,1,0,1,0.000,0.000
23,-64,11.750,-31.750,3,0,5.352,-0.308,3,1,4,100.000,0.000
23,-63,11.750,-31.250,0,0,0.000,0.000,0,1,1,200.000,0.000
23,-62,11.750,-30.750,0,1,0.000,0.000,1,0,1,0.000,0.000
23,-61,11.750,-30.250,0,0,0.000,0.000,0,1,1,0.000,300.000
23,-60,11.750,-29.750,0,0,0.000,0.000,0,1,1,0.000,100.000
23,-59,11.750,-29.250,0,0,0.000,0.000,0,1,1,100.000,0.000
23,-58,11.750,-28.750,0,0,0.000,0.000,0,1,1,400.000,0.000
23,-57,11.750,-28.250,0,0,0.000,0.000,0,1,1,400.000,0.000
23,-56,11.750,-27.750,1,0,4.341,0.744,1,1,2,900.000,0.000
23,-55,11.750,-27.250,0,0,0.000,0.000,0,1,1,800.000,100.000
23,-54,11.750,-26.750,0,0,0.000,0.000,0,1,1,1200.000,500.000
23,-53,11.750,-26.250,0,0,0.000,0.000,0,1,1,700.000,400.000
23,-52,11.750,-25.750,1,0,0.572,0.472,1,1,2,1100.000,300.000
23,-51,11.750,-25.250,0,0,0.000,0.000,0,1,1,1800.000,400.000
23,-50,11.750,-24.750,0,1,0.000,0.000,1,1,2,900.000,500.000
23,-49,11.750,-24.250,0,0,0.000,0.000,0,1,1,900.000,600.000
23,-48,11.750,-23.750,0,0,0.000,0.000,0,1,1,400.000,300.000
24,-104,12.250,-51.750,1,1,11.532,-0.299,2,1,2,1500.000,400.000
24,-103,12.250,-51.250,2,0,8.044,-0.748,2,1,2,900.000,200.000
24,-102,12.250,-50.750,0,1,0.000,0.000,1,1,2,1200.000,600.000
24,-101,12.250,-50.250,1,0,2.804,0.798,1,1,2,300.000,200.000
24,-100,12.250,-49.750,1,0,16.883,-1.333,1,1,2,500.000,0.000
24,-99,12.250,-49.250,0,0,0.000,0.000,0,1,1,500.000,0.000
24,-98,12.250,-48.750,0,0,0.000,0.000,0,1,1,300.000,100.000
24,-97,12.250,-48.250,0,0,0.000,0.000,0,1,1,700.000,200.000
24,-96,12.250,-47.750,1,0,5.836,-0.798,1,1,2,700.000,0.000
24,-95,12.250,-47.250,0,0,0.000,0.000,0,1,1,1400.000,0.000
24,-94,12.250,-46.750,0,0,0.000,0.000,0,1,1,1500.000,0.000
24,-93,12.250,-46.250,0,0,0.000,0.000,0,1,1,900.000,0.000
24,-92,12.250,-45.750,0,0,0.000,0.000,0,1,1,600.000,0.000
24,-91,12.250,-45.250,0,0,0.000,0.000,0,1,1,900.000,0.000
24,-90,12.250,-44.750,0,1,0.000,0.000,1,1,2,200.000,0.000
24,-89,12.250,-44.250,0,0,0.000,0.000,0,1,1,300.000,0.000
24,-88,12.250,-43.750,0,0,0.000,0.000,0,1,1,200.000,0.000
24,-83,12.250,-41.250,1,0,14.573,-0.435,1,0,1,0.000,0.000
24,-80,12.250,-39.750,0,0,0.000,0.000,0,1,1,700.000,200.000
24,-79,12.250,-39.250,0,0,0.000,0.000,0,1,1,0.000,400.000
24,-78,12.250,-38.750,0,0,0.000,0.000,0,1,1,200.000,400.000
24,-77,12.250,-38.250,0,0,0.000,0.000,0,1,1,200.000,200.000
24,-76,12.250,-37.750,0,0,0.000,0.000,0,1,1,200.000,200.000
24,-75,12.250,-37.250,0,0,0.000,0.000,0,1,1,400.000,100.000
24,-74,12.250,-36.750,0,0,0.000,0.000,0,1,1,500.000,0.000
24,-73,12.250,-36.250,0,0,0.000,0.000,0,1,1,200.000,0.000
24,-72,12.250,-35.750,0,0,0.000,0.000,0,1,1,300.000,300.000
24,-71,12.250,-35.250,0,0,0.000,0.000,0,1,1,400.000,100.000
24,-70,12.250,-34.750,0,0,0.000,0.000,0,1,1,100.000,0.000
24,-68,12.250,-33.750,1,0,2.568,0.000,1,0,1,0.000,0.000
24,-66,12.250,-32.750,0,0,0.000,0.000,0,1,1,100.000,0.000
24,-65,12.250,-32.250,0,0,0.000,0.000,0,1,1,200.000,0.000
24,-64,12.250,-31.750,0,0,0.000,0.000,0,1,1,200.000,0.000
24,-63,12.250,-31.250,0,0,0.000,0.000,0,1,1,0.000,100.000
24,-62,12.250,-30.750,0,0,0.000,0.000,0,1,1,0.000,200.000
24,-61,12.250,-30.250,0,0,0.000,0.000,0,1,1,100.000,300.000
24,-60,12.250,-29.750,0,0,0.000,0.000,0,1,1,200.000,0.000
24,-59,12.250,-29.250,0,0,0.000,0.000,0,1,1,100.000,0.000
24,-58,12.250,-28.750,2,0,3.251,-0.685,2,1,3,300.000,200.000
24,-57,12.250,-28.250,0,0,0.000,0.000,0,1,1,500.000,500.000
24,-56,12.250,-27.750,0,0,0.000,0.000,0,1,1,300.000,700.000
24,-55,12.250,-27.250,0,0,0.000,0.000,0,1,1,700.000,300.000
24,-54,12.250,-26.750,0,1,0.000,0.000,1,1,2,700.000,100.000
24,-53,12.250,-26.250,0,0,0.000,0.000,0,1,1,700.000,500.000
24,-52,12.250,-25.750,0,1,0.000,0.000,1,1,2,300.000,600.000
24,-51,12.250,-25.250,0,0,0.000,0.000,0,1,1,1000.000,0.000
24,-50,12.250,-24.750,1,0,8.612,-5.296,1,1,2,1300.000,1000.000
24,-49,12.250,-24.250,0,0,0.000,0.000,0,1,1,2800.000,500.000
24,-48,12.250,-23.750,0,0,0.000,0.000,0,1,1,300.000,100.000
25,-104,12.750,-51.750,0,0,0.000,0.000,0,1,1,1900.000,200.000
25,-103,12.750,-51.250,1,1,8.085,0.000,2,1,3,1100.000,0.000
25,-102,12.750,-50.750,1,1,8.615,-0.299,2,1,3,1000.000,200.000
25,-101,12.750,-50.250,2,0,6.145,-0.168,2,1,3,200.000,0.000
25,-100,12.750,-49.750,1,0,19.201,0.154,1,1,2,100.000,200.000
25,-99,12.750,-49.250,0,0,0.000,0.000,0,1,1,500.000,0.000
25,-98,12.750,-48.750,1,0,11.520,-1.133,1,1,2,900.000,0.000
25,-97,12.750,-48.250,0,0,0.000,0.000,0,1,1,1000.000,100.000
25,-96,12.750,-47.750,1,0,3.240,-0.798,1,1,2,1100.000,200.000
25,-95,12.750,-47.250,0,0,0.000,0.000,0,1,1,500.000,0.000
25,-94,12.750,-46.750,0,0,0.000,0.000,0,1,1,500.000,0.000
25,-93,12.750,-46.250,0,1,0.000,0.000,1,1,2,700.000,0.000
25,-92,12.750,-45.750,0,0,0.000,0.000,0,1,1,600.000,0.000
25,-91,12.750,-45.250,0,0,0.000,0.000,0,1,1,300.000,0.000
25,-90,12.750,-44.750,0,0,0.000,0.000,0,1,1,700.000,0.000
25,-89,12.750,-44.250,0,0,0.000,0.000,0,1,1,300.000,0.000
25,-88,12.750,-43.750,1,1,0.395,0.000,1,1,2,300.000,0.000
25,-87,12.750,-43.250,0,1,0.000,0.000,1,1,2,400.000,0.000
25,-86,12.750,-42.750,0,0,0.000,0.000,0,1,1,200.000,0.000
25,-85,12.750,-42.250,0,0,0.000,0.000,0,1,1,100.000,0.000
25,-83,12.750,-41.250,1,0,11.568,-0.299,1,0,1,0.000,0.000
25,-80,12.750,-39.750,0,1,0.000,0.000,1,0,1,0.000,0.000
25,-79,12.750,-39.250,0,0,0.000,0.000,0,1,1,600.000,0.000
25,-78,12.750,-38.750,1,0,8.711,-0.816,1,1,2,200.000,100.000
25,-77,12.750,-38.250,0,0,0.000,0.000,0,1,1,200.000,200.000
25,-76,12.750,-37.750,0,0,0.000,0.000,0,1,1,500.000,100.000
25,-75,12.750,-37.250,0,0,0.000,0.000,0,1,1,100.000,100.000
25,-74,12.750,-36.750,0,0,0.000,0.000,0,1,1,500.000,200.000
25,-73,12.750,-36.250,0,0,0.000,0.000,0,1,1,400.000,200.000
25,-72,12.750,-35.750,0,0,0.000,0.000,0,1,1,0.000,400.000
25,-71,12.750,-35.250,0,0,0.000,0.000,0,1,1,600.000,400.000
25,-70,12.750,-34.750,0,0,0.000,0.000,0,1,1,800.000,0.000
25,-69,12.750,-34.250,0,0,0.000,0.000,0,1,1,200.000,0.000
25,-68,12.750,-33.750,0,1,0.000,0.000,1,1,2,200.000,0.000
25,-67,12.750,-33.250,0,0,0.000,0.000,0,1,1,200.000,0.000
25,-66,12.750,-32.750,0,0,0.000,0.000,0,1,1,200.000,0.000
25,-65,12.750,-32.250,0,0,0.000,0.000,0,1,1,100.000,600.000
25,-64,12.750,-31.750,0,0,0.000,0.000,0,1,1,500.000,400.000
25,-63,12.750,-31.250,0,0,0.000,0.000,0,1,1,300.000,100.000
25,-62,12.750,-30.750,1,0,3.861,-0.009,1,1,2,200.000,0.000
25,-61,12.750,-30.250,0,0,0.000,0.000,0,1,1,100.000,200.000
25,-60,12.750,-29.750,0,0,0.000,0.000,0,1,1,0.000,100.000
25,-59,12.750,-29.250,0,0,0.000,0.000,0,1,1,200.000,200.000
25,-58,12.750,-28.750,0,0,0.000,0.000,0,1,1,700.000,100.000
25,-57,12.750,-28.250,0,0,0.000,0.000,0,1,1,200.000,0.000
25,-55,12.750,-27.250,0,1,0.000,0.000,1,1,2,100.000,700.000
25,-54,12.750,-26.750,0,0,0.000,0.000,0,1,1,300.000,600.000
25,-53,12.750,-26.250,0,2,0.000,0.000,2,1,2,1400.000,400.000
25,-52,12.750,-25.750,0,0,0.000,0.000,0,1,1,100.000,700.000
25,-51,12.750,-25.250,0,0,0.000,0.000,0,1,1,1000.000,800.000
25,-50,12.750,-24.750,0,0,0.000,0.000,0,1,1,1100.000,800.000
25,-49,12.750,-24.250,0,0,0.000,0.000,0,1,1,1700.000,400.000
25,-48,12.750,-23.750,0,0,0.000,0.000,0,1,1,200.000,0.000
26,-104,13.250,-51.750,1,0,3.184,1.097,1,1,2,1200.000,200.000
26,-103,13.250,-51.250,0,0,0.000,0.000,0,1,1,1600.000,200.000
26,-102,13.250,-50.750,0,0,0.000,0.000,0,1,1,1100.000,400.000
26,-101,13.250,-50.250,0,0,0.000,0.000,0,1,1,600.000,0.000
26,-99,13.250,-49.250,0,1,0.000,0.000,1,1,2,800.000,300.000
26,-98,13.250,-48.750,1,0,6.103,0.009,1,1,2,800.000,0.000
26,-96,13.250,-47.750,0,0,0.000,0.000,0,1,1,400.000,100.000
26,-95,13.250,-47.250,0,0,0.000,0.000,0,1,1,1300.000,200.000
26,-94,13.250,-46.750,0,0,0.000,0.000,0,1,1,700.000,500.000
26,-93,13.250,-46.250,0,0,0.000,0.000,0,1,1,500.000,300.000
26,-92,13.250,-45.750,0,1,0.000,0.000,1,1,2,700.000,0.000
26,-91,13.250,-45.250,0,0,0.000,0.000,0,1,1,400.000,0.000
26,-90,13.250,-44.750,0,0,0.000,0.000,0,1,1,100.000,0.000
26,-89,13.250,-44.250,0,1,0.000,0.000,1,1,2,600.000,0.000
26,-88,13.250,-43.750,1,2,0.395,0.000,2,1,3,500.000,0.000
26,-87,13.250,-43.250,0,1,0.000,0.000,1,1,1,1000.000,200.000
26,-86,13.250,-42.750,0,0,0.000,0.000,0,1,1,300.000,0.000
26,-85,13.250,-42.250,0,0,0.000,0.000,0,1,1,100.000,0.000
26,-84,13.250,-41.750,0,0,0.000,0.000,0,1,1,200.000,0.000
26,-80,13.250,-39.750,0,0,0.000,0.000,0,1,1,200.000,0.000
26,-79,13.250,-39.250,0,0,0.000,0.000,0,1,1,200.000,0.000
26,-77,13.250,-38.250,0,0,0.000,0.000,0,1,1,200.000,0.000
26,-76,13.250,-37.750,0,0,0.000,0.000,0,1,1,300.000,100.000
26,-75,13.250,-37.250,0,0,0.000,0.000,0,1,1,600.000,300.000
26,-74,13.250,-36.750,0,0,0.000,0.000,0,1,1,100.000,200.000
26,-73,13.250,-36.250,0,0,0.000,0.000,0,1,1,700.000,100.000
26,-72,13.250,-35.750,2,2,0.182,0.000,1,1,2,500.000,0.000
26,-71,13.250,-35.250,0,0,0.000,0.000,0,1,1,1000.000,0.000
26,-70,13.250,-34.750,0,0,0.000,0.000,0,1,1,800.000,0.000
26,-66,13.250,-32.750,0,0,0.000,0.000,0,1,1,200.000,100.000
26,-65,13.250,-32.250,1,0,2.387,0.000,1,1,2,400.000,200.000
26,-64,13.250,-31.750,0,0,0.000,0.000,0,1,1,400.000,400.000
26,-63,13.250,-31.250,0,1,0.000,0.000,1,1,2,300.000,300.000
26,-62,13.250,-30.750,0,0,0.000,0.000,0,1,1,100.000,0.000
26,-61,13.250,-30.250,0,0,0.000,0.000,0,1,1,100.000,200.000
26,-60,13.250,-29.750,0,0,0.000,0.000,0,1,1,400.000,200.000
26,-59,13.250,-29.250,0,0,0.000,0.000,0,1,1,600.000,0.000
26,-58,13.250,-28.750,0,0,0.000,0.000,0,1,1,300.000,0.000
26,-55,13.250,-27.250,0,1,0.000,0.000,1,1,2,200.000,0.000
26,-54,13.250,-26.750,0,0,0.000,0.000,0,1,1,200.000,400.000
26,-53,13.250,-26.250,1,0,7.330,0.000,1,1,2,500.000,900.000
26,-52,13.250,-25.750,0,0,0.000,0.000,0,1,1,500.000,700.000
26,-51,13.250,-25.250,1,0,22.625,-1.805,1,1,2,1600.000,300.000
26,-50,13.250,-24.750,0,0,0.000,0.000,0,1,1,1300.000,400.000
26,-49,13.250,-24.250,1,0,9.255,1.424,1,1,2,2800.000,600.000
26,-48,13.250,-23.750,0,0,0.000,0.000,0,1,1,400.000,0.000
27,-105,13.750,-52.250,1,0,9.323,-0.925,1,0,1,0.000,0.000
27,-104,13.750,-51.750,0,0,0.000,0.000,0,1,1,1100.000,500.000
27,-103,13.750,-51.250,0,0,0.000,0.000,0,1,1,2400.000,0.000
27,-102,13.750,-50.750,0,0,0.000,0.000,0,1,1,1300.000,0.000
27,-101,13.750,-50.250,0,1,0.000,0.000,1,1,2,100.000,100.000
27,-100,13.750,-49.750,0,1,0.000,0.000,1,1,2,500.000,200.000
27,-99,13.750,-49.250,0,0,0.000,0.000,0,1,1,600.000,200.000
27,-98,13.750,-48.750,0,0,0.000,0.000,0,1,1,500.000,200.000
27,-97,13.750,-48.250,1,0,2.996,-0.435,1,1,2,400.000,100.000
27,-96,13.750,-47.750,0,0,0.000,0.000,0,1,1,300.000,0.000
27,-95,13.750,-47.250,1,0,4.207,-0.725,1,1,2,1700.000,0.000
27,-94,13.750,-46.750,0,0,0.000,0.000,0,1,1,300.000,0.000
27,-93,13.750,-46.250,0,0,0.000,0.000,0,1,1,800.000,0.000
27,-92,13.750,-45.750,0,0,0.000,0.000,0,1,1,1700.000,200.000
27,-91,13.750,-45.250,0,0,0.000,0.000,0,1,1,700.000,200.000
27,-90,13.750,-44.750,1,0,10.243,-0.299,1,1,2,300.000,200.000
27,-89,13.750,-44.250,0,0,0.000,0.000,0,1,1,800.000,200.000
27,-88,13.750,-43.750,0,0,0.000,0.000,0,1,1,400.000,100.000
27,-87,13.750,-43.250,0,0,0.000,0.000,0,1,1,100.000,300.000
27,-86,13.750,-42.750,0,0,0.000,0.000,0,1,1,700.000,200.000
27,-85,13.750,-42.250,1,0,12.340,0.190,1,1,2,200.000,200.000
27,-84,13.750,-41.750,0,0,0.000,0.000,0,1,1,200.000,200.000
27,-83,13.750,-41.250,1,0,8.011,0.553,1,0,1,0.000,0.000
27,-80,13.750,-39.750,0,0,0.000,0.000,0,1,1,200.000,0.000
27,-78,13.750,-38.750,0,0,0.000,0.000,0,1,1,0.000,200.000
27,-77,13.750,-38.250,0,0,0.000,0.000,0,1,1,500.000,300.000
27,-76,13.750,-37.750,0,0,0.000,0.000,0,1,1,100.000,500.000
27,-75,13.750,-37.250,0,0,0.000,0.000,0,1,1,400.000,100.000
27,-74,13.750,-36.750,1,0,9.814,0.199,1,0,1,0.000,0.000
27,-73,13.750,-36.250,0,0,0.000,0.000,0,1,1,1200.000,200.000
27,-72,13.750,-35.750,0,0,0.000,0.000,0,1,1,400.000,100.000
27,-71,13.750,-35.250,1,0,6.769,0.336,1,1,1,900.000,0.000
27,-70,13.750,-34.750,0,0,0.000,0.000,0,1,1,300.000,0.000
27,-69,13.750,-34.250,0,0,0.000,0.000,0,1,1,100.000,400.000
27,-68,13.750,-33.750,1,0,7.577,-0.789,1,1,1,0.000,300.000
27,-67,13.750,-33.250,0,0,0.000,0.000,0,1,1,200.000,300.000
27,-66,13.750,-32.750,0,0,0.000,0.000,0,1,1,300.000,100.000
27,-63,13.750,-31.250,0,0,0.000,0.000,0,1,1,200.000,200.000
27,-62,13.750,-30.750,1,1,12.917,3.273,2,1,2,1000.000,400.000
27,-61,13.750,-30.250,0,0,0.000,0.000,0,1,1,700.000,500.000
27,-60,13.750,-29.750,0,0,0.000,0.000,0,1,1,1400.000,200.000
27,-59,13.750,-29.250,1,0,3.054,0.000,1,1,2,1500.000,0.000
27,-58,13.750,-28.750,0,0,0.000,0.000,0,1,1,100.000,0.000
27,-55,13.750,-27.250,0,0,0.000,0.000,0,1,1,200.000,0.000
27,-54,13.750,-26.750,0,1,0.000,0.000,1,1,2,100.000,100.000
27,-53,13.750,-26.250,1,1,17.477,-2.938,2,1,3,1000.000,400.000
27,-52,13.750,-25.750,0,0,0.000,0.000,0,1,1,100.000,600.000
27,-51,13.750,-25.250,1,1,0.188,0.009,1,1,2,1500.000,300.000
27,-50,13.750,-24.750,0,0,0.000,0.000,0,1,1,2300.000,600.000
27,-49,13.750,-24.250,0,0,0.000,0.000,0,1,1,700.000,200.000
27,-48,13.750,-23.750,0,0,0.000,0.000,0,1,1,300.000,0.000
28,-104,14.250,-51.750,1,0,3.688,0.000,1,1,2,1000.000,0.000
28,-103,14.250,-51.250,3,0,8.448,-0.299,2,1,3,1500.000,400.000
28,-102,14.250,-50.750,0,0,0.000,0.000,0,1,1,900.000,200.000
28,-101,14.250,-50.250,0,0,0.000,0.000,0,1,1,1000.000,400.000
28,-100,14.250,-49.750,1,0,8.160,-0.698,1,1,2,600.000,0.000
28,-99,14.250,-49.250,0,0,0.000,0.000,0,1,1,600.000,100.000
28,-98,14.250,-48.750,0,0,0.000,0.000,0,1,1,400.000,200.000
28,-97,14.250,-48.250,0,1,0.000,0.000,1,1,2,0.000,200.000
28,-96,14.250,-47.750,0,0,0.000,0.000,0,1,1,0.000,200.000
28,-95,14.250,-47.250,1,0,0.434,0.245,1,1,2,700.000,100.000
28,-94,14.250,-46.750,1,0,6.094,-0.716,1,1,2,800.000,0.000
28,-93,14.250,-46.250,0,0,0.000,0.000,0,1,1,700.000,0.000
28,-92,14.250,-45.750,0,0,0.000,0.000,0,1,1,800.000,0.000
28,-91,14.250,-45.250,0,0,0.000,0.000,0,1,1,600.000,0.000
28,-90,14.250,-44.750,0,1,0.000,0.000,1,1,2,1100.000,0.000
28,-89,14.250,-44.250,0,0,0.000,0.000,0,1,1,600.000,0.000
28,-88,14.250,-43.750,0,0,0.000,0.000,0,1,1,1000.000,100.000
28,-87,14.250,-43.250,0,0,0.000,0.000,0,1,1,200.000,300.000
28,-86,14.250,-42.750,0,0,0.000,0.000,0,1,1,300.000,500.000
28,-85,14.250,-42.250,0,0,0.000,0.000,0,1,1,500.000,100.000
28,-84,14.250,-41.750,0,0,0.000,0.000,0,1,1,300.000,0.000
28,-83,14.250,-41.250,0,0,0.000,0.000,0,1,1,0.000,200.000
28,-82,14.250,-40.750,0,1,0.000,0.000,1,1,2,0.000,200.000
28,-81,14.250,-40.250,0,0,0.000,0.000,0,1,1,100.000,200.000
28,-80,14.250,-39.750,0,0,0.000,0.000,0,1,1,100.000,200.000
28,-79,14.250,-39.250,0,0,0.000,0.000,0,1,1,0.000,300.000
28,-78,14.250,-38.750,0,0,0.000,0.000,0,1,1,200.000,300.000
28,-77,14.250,-38.250,0,0,0.000,0.000,0,1,1,1800.000,200.000
28,-76,14.250,-37.750,1,1,5.373,1.795,2,1,3,900.000,500.000
28,-75,14.250,-37.250,0,1,0.000,0.000,1,1,2,300.000,500.000
28,-74,14.250,-36.750,0,0,0.000,0.000,0,1,1,0.000,200.000
28,-73,14.250,-36.250,0,0,0.000,0.000,0,1,1,800.000,300.000
28,-72,14.250,-35.750,0,0,0.000,0.000,0,1,1,900.000,300.000
28,-71,14.250,-35.250,1,0,5.793,-0.508,1,1,2,600.000,200.000
28,-70,14.250,-34.750,0,0,0.000,0.000,0,1,1,400.000,300.000
28,-69,14.250,-34.250,0,0,0.000,0.000,0,1,1,300.000,200.000
28,-68,14.250,-33.750,0,0,0.000,0.000,0,1,1,200.000,200.000
28,-67,14.250,-33.250,0,0,0.000,0.000,0,1,1,300.000,0.000
28,-66,14.250,-32.750,0,0,0.000,0.000,0,1,1,200.000,0.000
28,-65,14.250,-32.250,0,0,0.000,0.000,0,1,1,200.000,0.000
28,-63,14.250,-31.250,0,0,0.000,0.000,0,1,1,400.000,0.000
28,-62,14.250,-30.750,0,0,0.000,0.000,0,1,1,1300.000,300.000
28,-61,14.250,-30.250,1,0,21.765,0.689,1,1,2,1700.000,800.000
28,-60,14.250,-29.750,0,0,0.000,0.000,0,1,1,3200.000,600.000
28,-59,14.250,-29.250,2,0,17.876,0.753,1,1,2,1000.000,0.000
28,-58,14.250,-28.750,0,0,0.000,0.000,0,1,1,4300.000,0.000
28,-57,14.250,-28.250,0,0,0.000,0.000,0,1,1,2900.000,400.000
28,-56,14.250,-27.750,1,0,8.094,3.029,1,0,1,0.000,0.000
28,-55,14.250,-27.250,0,0,0.000,0.000,0,1,1,200.000,0.000
28,-54,14.250,-26.750,1,0,9.690,-1.705,1,1,2,100.000,100.000
28,-53,14.250,-26.250,0,0,0.000,0.000,0,1,1,700.000,900.000
28,-52,14.250,-25.750,0,0,0.000,0.000,0,1,1,600.000,700.000
28,-51,14.250,-25.250,1,0,9.354,0.000,1,1,2,1400.000,600.000
28,-50,14.250,-24.750,0,0,0.000,0.000,0,1,1,1100.000,300.000
28,-49,14.250,-24.250,0,0,0.000,0.000,0,1,1,200.000,200.000
28,-48,14.250,-23.750,0,0,0.000,0.000,0,1,1,200.000,0.000
29,-105,14.750,-52.250,0,1,0.000,0.000,1,1,2,1000.000,0.000
29,-104,14.750,-51.750,0,0,0.000,0.000,0,1,1,1000.000,200.000
29,-103,14.750,-51.250,0,0,0.000,0.000,0,1,1,1800.000,1400.000
29,-102,14.750,-50.750,0,0,0.000,0.000,0,1,1,100.000,100.000
29,-101,14.750,-50.250,0,1,0.000,0.000,1,1,2,1100.000,200.000
29,-100,14.750,-49.750,0,0,0.000,0.000,0,1,1,600.000,200.000
29,-99,14.750,-49.250,0,0,0.000,0.000,0,1,1,1000.000,100.000
29,-98,14.750,-48.750,0,0,0.000,0.000,0,1,1,400.000,0.000
29,-97,14.750,-48.250,1,1,2.707,-0.798,1,1,2,500.000,100.000
29,-96,14.750,-47.750,0,2,0.000,0.000,1,1,2,100.000,200.000
29,-95,14.750,-47.250,0,1,0.000,0.000,1,1,2,500.000,200.000
29,-94,14.750,-46.750,0,2,0.000,0.000,2,1,3,100.000,300.000
29,-93,14.750,-46.250,0,0,0.000,0.000,0,1,1,500.000,200.000
29,-92,14.750,-45.750,0,0,0.000,0.000,0,1,1,200.000,200.000
29,-91,14.750,-45.250,0,0,0.000,0.000,0,1,1,500.000,200.000
29,-90,14.750,-44.750,0,0,0.000,0.000,0,1,1,200.000,100.000
29,-89,14.750,-44.250,0,0,0.000,0.000,0,1,1,400.000,200.000
29,-88,14.750,-43.750,0,0,0.000,0.000,0,1,1,900.000,200.000
29,-87,14.750,-43.250,0,0,0.000,0.000,0,1,1,1100.000,100.000
29,-86,14.750,-42.750,1,0,6.721,0.308,1,1,2,2100.000,300.000
29,-85,14.750,-42.250,1,0,12.349,0.190,1,1,1,1500.000,800.000
29,-84,14.750,-41.750,0,0,0.000,0.000,0,1,1,600.000,400.000
29,-83,14.750,-41.250,0,1,0.000,0.000,1,1,2,500.000,300.000
29,-82,14.750,-40.750,0,0,0.000,0.000,0,1,1,500.000,100.000
29,-81,14.750,-40.250,0,0,0.000,0.000,0,1,1,500.000,0.000
29,-80,14.750,-39.750,0,0,0.000,0.000,0,1,1,300.000,200.000
29,-79,14.750,-39.250,0,0,0.000,0.000,0,1,1,400.000,300.000
29,-78,14.750,-38.750,0,0,0.000,0.000,0,1,1,500.000,200.000
29,-77,14.750,-38.250,0,0,0.000,0.000,0,1,1,100.000,100.000
29,-76,14.750,-37.750,0,1,0.000,0.000,1,1,1,2100.000,700.000
29,-75,14.750,-37.250,0,0,0.000,0.000,0,1,1,300.000,200.000
29,-74,14.750,-36.750,0,0,0.000,0.000,0,1,1,200.000,400.000
29,-73,14.750,-36.250,0,0,0.000,0.000,0,1,1,6700.000,200.000
29,-72,14.750,-35.750,1,0,6.925,-1.387,1,1,2,1000.000,700.000
29,-71,14.750,-35.250,0,0,0.000,0.000,0,1,1,700.000,700.000
29,-70,14.750,-34.750,0,0,0.000,0.000,0,1,1,300.000,200.000
29,-69,14.750,-34.250,0,0,0.000,0.000,0,1,1,700.000,300.000
29,-68,14.750,-33.750,0,0,0.000,0.000,0,1,1,1100.000,0.000
29,-67,14.750,-33.250,0,0,0.000,0.000,0,1,1,100.000,200.000
29,-66,14.750,-32.750,0,0,0.000,0.000,0,1,1,700.000,200.000
29,-65,14.750,-32.250,0,0,0.000,0.000,0,1,1,300.000,100.000
29,-64,14.750,-31.750,0,0,0.000,0.000,0,1,1,1400.000,200.000
29,-63,14.750,-31.250,0,2,0.000,0.000,2,1,3,600.000,200.000
29,-62,14.750,-30.750,0,0,0.000,0.000,0,1,1,3800.000,100.000
29,-61,14.750,-30.250,3,2,12.514,0.381,4,1,4,2000.000,1000.000
29,-60,14.750,-29.750,0,0,0.000,0.000,0,1,1,2000.000,500.000
29,-59,14.750,-29.250,1,1,11.652,0.889,2,1,3,1100.000,400.000
29,-58,14.750,-28.750,0,0,0.000,0.000,0,1,1,600.000,300.000
29,-57,14.750,-28.250,0,1,0.000,0.000,1,1,2,500.000,400.000
29,-56,14.750,-27.750,0,0,0.000,0.000,0,1,1,100.000,0.000
29,-55,14.750,-27.250,0,0,0.000,0.000,0,1,1,100.000,0.000
29,-54,14.750,-26.750,0,0,0.000,0.000,0,1,1,400.000,500.000
29,-53,14.750,-26.250,0,1,0.000,0.000,1,1,2,1500.000,900.000
29,-52,14.750,-25.750,0,0,0.000,0.000,0,1,1,800.000,500.000
29,-51,14.750,-25.250,0,0,0.000,0.000,0,1,1,1400.000,1100.000
29,-50,14.750,-24.750,1,1,0.248,-0.172,1,1,2,900.000,100.000
29,-49,14.750,-24.250,0,0,0.000,0.000,0,1,1,0.000,100.000
29,-48,14.750,-23.750,0,0,0.000,0.000,0,1,1,200.000,0.000
30,-105,15.250,-52.250,0,0,0.000,0.000,0,1,1,500.000,200.000
30,-104,15.250,-51.750,1,0,2.638,0.000,1,1,2,1200.000,400.000
30,-103,15.250,-51.250,1,0,3.222,0.408,1,1,2,1300.000,500.000
30,-102,15.250,-50.750,0,2,0.000,0.000,2,1,3,200.000,0.000
30,-101,15.250,-50.250,0,2,0.000,0.000,2,1,2,1000.000,0.000
30,-100,15.250,-49.750,0,1,0.000,0.000,1,1,2,1100.000,100.000
30,-99,15.250,-49.250,0,1,0.000,0.000,1,1,2,800.000,200.000
30,-98,15.250,-48.750,1,1,0.667,0.000,2,1,2,600.000,0.000
30,-97,15.250,-48.250,1,0,4.130,-0.798,1,1,2,700.000,0.000
30,-96,15.250,-47.750,0,1,0.000,0.000,1,1,2,400.000,0.000
30,-95,15.250,-47.250,0,0,0.000,0.000,0,1,1,100.000,0.000
30,-94,15.250,-46.750,0,0,0.000,0.000,0,1,1,0.000,200.000
30,-93,15.250,-46.250,0,1,0.000,0.000,1,1,2,200.000,0.000
30,-92,15.250,-45.750,1,0,8.317,-0.363,1,1,2,600.000,0.000
30,-91,15.250,-45.250,0,1,0.000,0.000,1,1,2,200.000,300.000
30,-90,15.250,-44.750,0,0,0.000,0.000,0,1,1,500.000,200.000
30,-89,15.250,-44.250,0,0,0.000,0.000,0,1,1,300.000,300.000
30,-88,15.250,-43.750,0,0,0.000,0.000,0,1,1,400.000,200.000
30,-87,15.250,-43.250,0,0,0.000,0.000,0,1,1,700.000,200.000
30,-86,15.250,-42.750,0,0,0.000,0.000,0,1,1,23200.000,300.000
30,-85,15.250,-42.250,0,0,0.000,0.000,0,1,1,24600.000,100.000
30,-84,15.250,-41.750,0,0,0.000,0.000,0,1,1,1000.000,400.000
30,-83,15.250,-41.250,0,0,0.000,0.000,0,1,1,700.000,900.000
30,-82,15.250,-40.750,0,0,0.000,0.000,0,1,1,800.000,800.000
30,-81,15.250,-40.250,1,0,12.280,-0.526,1,1,2,900.000,1400.000
30,-80,15.250,-39.750,0,0,0.000,0.000,0,1,1,800.000,600.000
30,-79,15.250,-39.250,0,0,0.000,0.000,0,1,1,400.000,300.000
30,-78,15.250,-38.750,0,0,0.000,0.000,0,1,1,400.000,300.000
30,-77,15.250,-38.250,0,0,0.000,0.000,0,1,1,300.000,300.000
30,-76,15.250,-37.750,0,0,0.000,0.000,0,1,1,200.000,1800.000
30,-75,15.250,-37.250,0,0,0.000,0.000,0,1,1,1100.000,600.000
30,-74,15.250,-36.750,1,0,15.248,0.408,1,1,2,600.000,300.000
30,-73,15.250,-36.250,0,0,0.000,0.000,0,1,1,3300.000,600.000
30,-72,15.250,-35.750,0,0,0.000,0.000,0,1,1,1300.000,500.000
30,-71,15.250,-35.250,1,0,14.101,-1.424,1,1,1,1200.000,1200.000
30,-70,15.250,-34.750,1,0,8.131,0.172,1,1,2,700.000,500.000
30,-69,15.250,-34.250,1,0,5.548,-1.079,1,1,2,900.000,500.000
30,-68,15.250,-33.750,1,0,12.733,1.795,1,1,2,1600.000,400.000
30,-67,15.250,-33.250,0,0,0.000,0.000,0,1,1,1100.000,0.000
30,-66,15.250,-32.750,0,0,0.000,0.000,0,1,1,200.000,200.000
30,-65,15.250,-32.250,0,1,0.000,0.000,1,1,2,200.000,200.000
30,-64,15.250,-31.750,0,0,0.000,0.000,0,1,1,700.000,1000.000
30,-63,15.250,-31.250,0,0,0.000,0.000,0,1,1,1100.000,800.000
30,-62,15.250,-30.750,0,0,0.000,0.000,0,1,1,1600.000,200.000
30,-61,15.250,-30.250,1,1,30.090,0.000,2,1,3,3600.000,700.000
30,-60,15.250,-29.750,0,1,0.000,0.000,1,1,2,3500.000,1000.000
30,-59,15.250,-29.250,0,0,0.000,0.000,0,1,1,1000.000,1300.000
30,-58,15.250,-28.750,1,0,16.584,0.363,1,1,2,1600.000,700.000
30,-57,15.250,-28.250,1,0,3.593,0.907,1,1,2,800.000,900.000
30,-56,15.250,-27.750,0,0,0.000,0.000,0,1,1,1100.000,400.000
30,-55,15.250,-27.250,0,1,0.000,0.000,1,1,2,600.000,600.000
30,-54,15.250,-26.750,0,0,0.000,0.000,0,1,1,1200.000,600.000
30,-53,15.250,-26.250,1,0,3.285,0.000,1,1,2,1100.000,400.000
30,-52,15.250,-25.750,0,0,0.000,0.000,0,1,1,300.000,500.000
30,-51,15.250,-25.250,0,1,0.000,0.000,1,1,2,1000.000,700.000
30,-50,15.250,-24.750,0,0,0.000,0.000,0,1,1,600.000,300.000
30,-49,15.250,-24.250,0,0,0.000,0.000,0,1,1,200.000,0.000
30,-48,15.250,-23.750,1,0,13.016,-2.031,1,0,1,0.000,0.000
31,-106,15.750,-52.750,0,0,0.000,0.000,0,1,1,0.000,100.000
31,-105,15.750,-52.250,0,0,0.000,0.000,0,1,1,800.000,500.000
31,-104,15.750,-51.750,0,0,0.000,0.000,0,1,1,1400.000,0.000
31,-103,15.750,-51.250,1,0,8.247,0.816,1,1,2,1500.000,400.000
31,-102,15.750,-50.750,0,0,0.000,0.000,0,1,1,1000.000,100.000
31,-101,15.750,-50.250,0,1,0.000,0.000,1,1,2,100.000,200.000
31,-100,15.750,-49.750,0,0,0.000,0.000,0,1,1,500.000,100.000
31,-99,15.750,-49.250,0,0,0.000,0.000,0,1,1,800.000,0.000
31,-98,15.750,-48.750,1,1,9.846,-1.097,2,1,2,1700.000,0.000
31,-97,15.750,-48.250,0,0,0.000,0.000,0,1,1,500.000,0.000
31,-96,15.750,-47.750,0,0,0.000,0.000,0,1,1,700.000,0.000
31,-95,15.750,-47.250,0,0,0.000,0.000,0,1,1,300.000,0.000
31,-94,15.750,-46.750,1,1,4.154,-1.070,2,1,3,600.000,100.000
31,-93,15.750,-46.250,0,1,0.000,0.000,1,1,2,400.000,300.000
31,-92,15.750,-45.750,1,3,0.235,0.082,4,1,5,1200.000,200.000
31,-91,15.750,-45.250,0,0,0.000,0.000,0,1,1,200.000,0.000
31,-90,15.750,-44.750,2,0,18.623,0.177,2,1,3,100.000,0.000
31,-89,15.750,-44.250,0,0,0.000,0.000,0,1,1,300.000,0.000
31,-88,15.750,-43.750,0,0,0.000,0.000,0,1,1,200.000,0.000
31,-87,15.750,-43.250,1,0,3.995,1.786,1,1,2,24800.000,0.000
31,-86,15.750,-42.750,0,1,0.000,0.000,1,1,2,500.000,0.000
31,-85,15.750,-42.250,1,0,0.229,-0.018,1,1,2,600.000,300.000
31,-84,15.750,-41.750,0,0,0.000,0.000,0,1,1,23500.000,300.000
31,-83,15.750,-41.250,0,0,0.000,0.000,0,1,1,400.000,100.000
31,-82,15.750,-40.750,0,0,0.000,0.000,0,1,1,600.000,200.000
31,-81,15.750,-40.250,0,1,0.000,0.000,1,1,2,300.000,0.000
31,-80,15.750,-39.750,0,0,0.000,0.000,0,1,1,400.000,300.000
31,-79,15.750,-39.250,0,0,0.000,0.000,0,1,1,300.000,700.000
31,-78,15.750,-38.750,0,0,0.000,0.000,0,1,1,400.000,400.000
31,-77,15.750,-38.250,0,0,0.000,0.000,0,1,1,400.000,100.000
31,-76,15.750,-37.750,0,0,0.000,0.000,0,1,1,400.000,200.000
31,-75,15.750,-37.250,0,0,0.000,0.000,0,1,1,200.000,700.000
31,-74,15.750,-36.750,0,0,0.000,0.000,0,1,1,200.000,100.000
31,-73,15.750,-36.250,0,0,0.000,0.000,0,1,1,400.000,800.000
31,-72,15.750,-35.750,0,0,0.000,0.000,0,1,1,1000.000,200.000
31,-71,15.750,-35.250,0,0,0.000,0.000,0,1,1,1100.000,0.000
31,-70,15.750,-34.750,0,1,0.000,0.000,1,1,2,1000.000,1400.000
31,-69,15.750,-34.250,3,3,0.159,-0.036,3,1,3,1400.000,1100.000
31,-68,15.750,-33.750,3,1,2.315,0.000,3,1,4,4000.000,400.000
31,-67,15.750,-33.250,0,2,0.000,0.000,1,1,2,3400.000,1500.000
31,-66,15.750,-32.750,0,0,0.000,0.000,0,1,1,3900.000,1500.000
31,-65,15.750,-32.250,1,1,2.659,0.000,2,1,2,4000.000,1800.000
31,-64,15.750,-31.750,0,0,0.000,0.000,0,1,1,22800.000,1600.000
31,-63,15.750,-31.250,0,0,0.000,0.000,0,1,1,3500.000,3800.000
31,-62,15.750,-30.750,0,2,0.000,0.000,2,1,3,6300.000,2200.000
31,-61,15.750,-30.250,1,2,0.259,-0.027,1,1,2,4400.000,1300.000
31,-60,15.750,-29.750,4,0,21.027,0.018,2,1,3,6800.000,1400.000
31,-59,15.750,-29.250,0,2,0.000,0.000,2,1,2,3800.000,700.000
31,-58,15.750,-28.750,0,0,0.000,0.000,0,1,1,3900.000,1100.000
31,-57,15.750,-28.250,1,1,2.486,-0.109,2,1,3,3300.000,900.000
31,-56,15.750,-27.750,0,0,0.000,0.000,0,1,1,2800.000,300.000
31,-55,15.750,-27.250,1,1,5.288,-1.179,2,1,2,3400.000,300.000
31,-54,15.750,-26.750,0,1,0.000,0.000,1,1,1,2700.000,200.000
31,-53,15.750,-26.250,0,1,0.000,0.000,1,1,1,1700.000,400.000
31,-52,15.750,-25.750,1,0,0.410,0.245,1,1,1,2000.000,300.000
31,-51,15.750,-25.250,0,0,0.000,0.000,0,1,1,700.000,200.000
31,-50,15.750,-24.750,0,0,0.000,0.000,0,1,1,1000.000,500.000
31,-49,15.750,-24.250,0,0,0.000,0.000,0,1,1,200.000,0.000
32,-107,16.250,-53.250,0,0,0.000,0.000,0,1,1,0.000,100.000
32,-106,16.250,-52.750,0,0,0.000,0.000,0,1,1,0.000,200.000
32,-105,16.250,-52.250,0,0,0.000,0.000,0,1,1,200.000,200.000
32,-104,16.250,-51.750,0,0,0.000,0.000,0,1,1,1200.000,0.000
32,-103,16.250,-51.250,0,2,0.000,0.000,2,1,3,500.000,700.000
32,-102,16.250,-50.750,0,0,0.000,0.000,0,1,1,300.000,200.000
32,-101,16.250,-50.250,0,0,0.000,0.000,0,1,1,600.000,0.000
32,-100,16.250,-49.750,0,0,0.000,0.000,0,1,1,500.000,0.000
32,-99,16.250,-49.250,0,0,0.000,0.000,0,1,1,700.000,0.000
32,-98,16.250,-48.750,1,0,6.340,-0.798,1,1,2,1300.000,0.000
32,-97,16.250,-48.250,0,0,0.000,0.000,0,1,1,200.000,0.000
32,-96,16.250,-47.750,0,0,0.000,0.000,0,1,1,300.000,0.000
32,-95,16.250,-47.250,1,2,1.868,1.197,3,1,4,300.000,0.000
32,-94,16.250,-46.750,0,1,0.000,0.000,1,1,2,900.000,0.000
32,-93,16.250,-46.250,0,0,0.000,0.000,0,1,1,500.000,300.000
32,-92,16.250,-45.750,1,1,9.115,-0.218,2,1,3,1400.000,100.000
32,-91,16.250,-45.250,0,0,0.000,0.000,0,1,1,100.000,0.000
32,-90,16.250,-44.750,1,0,3.460,0.970,1,0,1,0.000,0.000
32,-86,16.250,-42.750,1,0,6.283,1.759,1,1,2,1800.000,0.000
32,-85,16.250,-42.250,0,0,0.000,0.000,0,1,1,1500.000,0.000
32,-84,16.250,-41.750,1,0,11.204,-1.061,1,1,2,200.000,200.000
32,-83,16.250,-41.250,1,0,1.724,0.653,1,1,2,800.000,100.000
32,-82,16.250,-40.750,0,0,0.000,0.000,0,1,1,1600.000,100.000
32,-79,16.250,-39.250,0,0,0.000,0.000,0,1,1,200.000,100.000
32,-78,16.250,-38.750,0,0,0.000,0.000,0,1,1,100.000,100.000
32,-77,16.250,-38.250,1,1,2.085,1.768,2,1,2,1700.000,0.000
32,-76,16.250,-37.750,0,0,0.000,0.000,0,1,1,400.000,400.000
32,-75,16.250,-37.250,0,0,0.000,0.000,0,1,1,900.000,600.000
32,-74,16.250,-36.750,0,0,0.000,0.000,0,1,1,2000.000,900.000
32,-73,16.250,-36.250,0,0,0.000,0.000,0,1,1,100.000,400.000
32,-72,16.250,-35.750,0,0,0.000,0.000,0,1,1,800.000,0.000
32,-71,16.250,-35.250,0,1,0.000,0.000,1,1,2,1300.000,400.000
32,-70,16.250,-34.750,0,1,0.000,0.000,1,1,2,2000.000,400.000
32,-69,16.250,-34.250,0,0,0.000,0.000,0,1,1,2700.000,400.000
32,-68,16.250,-33.750,0,0,0.000,0.000,0,1,1,3700.000,500.000
32,-67,16.250,-33.250,2,0,1.039,0.018,2,1,3,700.000,300.000
32,-66,16.250,-32.750,1,1,31.819,0.000,2,1,3,1300.000,500.000
32,-65,16.250,-32.250,0,1,0.000,0.000,1,1,2,1400.000,200.000
32,-64,16.250,-31.750,1,0,3.127,0.000,1,1,2,2300.000,1200.000
32,-63,16.250,-31.250,1,0,15.532,0.988,1,1,2,2700.000,2800.000
32,-62,16.250,-30.750,0,1,0.000,0.000,1,1,2,6000.000,800.000
32,-61,16.250,-30.250,2,0,1.563,0.000,2,1,3,3100.000,1600.000
32,-60,16.250,-29.750,0,2,0.000,0.000,2,1,2,2700.000,800.000
32,-59,16.250,-29.250,1,0,1.941,0.000,1,1,2,2400.000,800.000
32,-58,16.250,-28.750,0,1,0.000,0.000,1,1,2,1000.000,2200.000
32,-57,16.250,-28.250,0,0,0.000,0.000,0,1,1,1400.000,400.000
32,-56,16.250,-27.750,0,0,0.000,0.000,0,1,1,1200.000,100.000
32,-55,16.250,-27.250,0,0,0.000,0.000,0,1,1,300.000,0.000
32,-54,16.250,-26.750,0,0,0.000,0.000,0,1,1,900.000,0.000
32,-53,16.250,-26.250,0,0,0.000,0.000,0,1,1,1200.000,300.000
32,-52,16.250,-25.750,0,1,0.000,0.000,1,1,2,1500.000,300.000
32,-51,16.250,-25.250,0,0,0.000,0.000,0,1,1,500.000,100.000
32,-50,16.250,-24.750,0,0,0.000,0.000,0,1,1,900.000,500.000
32,-49,16.250,-24.250,0,0,0.000,0.000,0,1,1,500.000,0.000
33,-107,16.750,-53.250,0,0,0.000,0.000,0,1,1,0.000,200.000
33,-106,16.750,-52.750,0,0,0.000,0.000,0,1,1,0.000,200.000
33,-105,16.750,-52.250,0,0,0.000,0.000,0,1,1,400.000,400.000
33,-104,16.750,-51.750,0,0,0.000,0.000,0,1,1,1500.000,300.000
33,-103,16.750,-51.250,0,0,0.000,0.000,0,1,1,600.000,500.000
33,-100,16.750,-49.750,0,0,0.000,0.000,0,1,1,600.000,0.000
33,-99,16.750,-49.250,0,1,0.000,0.000,1,0,1,0.000,0.000
33,-97,16.750,-48.250,0,0,0.000,0.000,0,1,1,200.000,0.000
33,-96,16.750,-47.750,0,0,0.000,0.000,0,1,1,400.000,0.000
33,-95,16.750,-47.250,0,0,0.000,0.000,0,1,1,400.000,0.000
33,-94,16.750,-46.750,1,0,1.931,-0.617,1,1,2,1100.000,0.000
33,-93,16.750,-46.250,0,0,0.000,0.000,0,1,1,1100.000,300.000
33,-92,16.750,-45.750,0,0,0.000,0.000,0,1,1,400.000,300.000
33,-91,16.750,-45.250,1,0,14.876,0.190,1,1,2,400.000,0.000
33,-88,16.750,-43.750,0,0,0.000,0.000,0,1,1,100.000,0.000
33,-87,16.750,-43.250,0,0,0.000,0.000,0,1,1,300.000,0.000
33,-86,16.750,-42.750,0,0,0.000,0.000,0,1,1,900.000,0.000
33,-85,16.750,-42.250,1,1,0.885,0.834,1,1,2,500.000,0.000
33,-84,16.750,-41.750,0,0,0.000,0.000,0,1,1,300.000,100.000
33,-83,16.750,-41.250,0,0,0.000,0.000,0,1,1,400.000,200.000
33,-82,16.750,-40.750,0,0,0.000,0.000,0,1,1,600.000,0.000
33,-81,16.750,-40.250,0,0,0.000,0.000,0,1,1,800.000,0.000
33,-80,16.750,-39.750,0,1,0.000,0.000,1,1,2,300.000,0.000
33,-78,16.750,-38.750,0,0,0.000,0.000,0,1,1,200.000,500.000
33,-77,16.750,-38.250,0,0,0.000,0.000,0,1,1,300.000,900.000
33,-76,16.750,-37.750,0,0,0.000,0.000,0,1,1,1900.000,400.000
33,-75,16.750,-37.250,0,1,0.000,0.000,1,1,2,2200.000,300.000
33,-74,16.750,-36.750,0,1,0.000,0.000,1,1,1,1200.000,0.000
33,-73,16.750,-36.250,1,0,6.485,0.725,1,1,2,1000.000,600.000
33,-72,16.750,-35.750,0,0,0.000,0.000,0,1,1,900.000,400.000
33,-71,16.750,-35.250,2,2,0.180,0.000,1,1,2,1100.000,100.000
33,-70,16.750,-34.750,1,0,3.683,-1.387,1,1,2,1100.000,200.000
33,-69,16.750,-34.250,0,0,0.000,0.000,0,1,1,700.000,300.000
33,-68,16.750,-33.750,0,0,0.000,0.000,0,1,1,2500.000,0.000
33,-67,16.750,-33.250,0,0,0.000,0.000,0,1,1,900.000,0.000
33,-66,16.750,-32.750,0,0,0.000,0.000,0,1,1,1500.000,100.000
33,-65,16.750,-32.250,0,0,0.000,0.000,0,1,1,1500.000,1000.000
33,-64,16.750,-31.750,3,0,12.584,-0.127,2,1,2,4300.000,11000.000
33,-63,16.750,-31.250,1,0,14.068,0.689,1,1,2,1900.000,6000.000
33,-62,16.750,-30.750,0,0,0.000,0.000,0,1,1,2000.000,3800.000
33,-61,16.750,-30.250,0,0,0.000,0.000,0,1,1,2100.000,1900.000
33,-60,16.750,-29.750,0,1,0.000,0.000,1,1,1,700.000,1600.000
33,-59,16.750,-29.250,1,1,0.235,-0.209,1,1,1,500.000,1800.000
33,-58,16.750,-28.750,0,0,0.000,0.000,0,1,1,400.000,0.000
33,-57,16.750,-28.250,2,0,10.042,1.129,2,1,3,700.000,300.000
33,-56,16.750,-27.750,0,1,0.000,0.000,1,1,1,1200.000,500.000
33,-55,16.750,-27.250,0,0,0.000,0.000,0,1,1,300.000,0.000
33,-54,16.750,-26.750,0,2,0.000,0.000,2,1,3,500.000,0.000
33,-53,16.750,-26.250,0,0,0.000,0.000,0,1,1,400.000,300.000
33,-52,16.750,-25.750,0,0,0.000,0.000,0,1,1,1300.000,400.000
33,-51,16.750,-25.250,0,0,0.000,0.000,0,1,1,500.000,100.000
33,-50,16.750,-24.750,0,0,0.000,0.000,0,1,1,400.000,500.000
33,-49,16.750,-24.250,0,0,0.000,0.000,0,1,1,600.000,0.000
34,-107,17.250,-53.250,1,0,5.322,1.605,1,1,1,0.000,600.000
34,-105,17.250,-52.250,3,1,9.575,-0.127,4,1,4,1300.000,200.000
34,-104,17.250,-51.750,0,2,0.000,0.000,2,1,3,2600.000,0.000
34,-103,17.250,-51.250,0,0,0.000,0.000,0,1,1,600.000,400.000
34,-97,17.250,-48.250,0,0,0.000,0.000,0,1,1,200.000,0.000
34,-96,17.250,-47.750,0,0,0.000,0.000,0,1,1,200.000,0.000
34,-95,17.250,-47.250,1,1,2.631,0.780,1,1,2,700.000,0.000
34,-94,17.250,-46.750,2,0,5.126,-0.245,2,1,3,1300.000,500.000
34,-93,17.250,-46.250,1,0,3.180,-0.843,1,1,2,1400.000,700.000
34,-92,17.250,-45.750,0,0,0.000,0.000,0,1,1,900.000,200.000
34,-91,17.250,-45.250,0,2,0.000,0.000,2,1,3,600.000,100.000
34,-90,17.250,-44.750,0,0,0.000,0.000,0,1,1,100.000,0.000
34,-89,17.250,-44.250,0,0,0.000,0.000,0,1,1,200.000,0.000
34,-88,17.250,-43.750,0,0,0.000,0.000,0,1,1,500.000,0.000
34,-87,17.250,-43.250,0,0,0.000,0.000,0,1,1,1400.000,0.000
34,-86,17.250,-42.750,0,0,0.000,0.000,0,1,1,1000.000,0.000
34,-85,17.250,-42.250,0,1,0.000,0.000,1,1,1,600.000,0.000
34,-84,17.250,-41.750,0,0,0.000,0.000,0,1,1,100.000,200.000
34,-83,17.250,-41.250,0,0,0.000,0.000,0,1,1,100.000,300.000
34,-82,17.250,-40.750,0,0,0.000,0.000,0,1,1,1000.000,200.000
34,-81,17.250,-40.250,0,0,0.000,0.000,0,1,1,700.000,200.000
34,-80,17.250,-39.750,0,0,0.000,0.000,0,1,1,500.000,8500.000
34,-78,17.250,-38.750,1,0,0.306,0.045,1,1,2,600.000,800.000
34,-77,17.250,-38.250,0,1,0.000,0.000,1,1,2,1200.000,300.000
34,-76,17.250,-37.750,0,1,0.000,0.000,1,1,2,1000.000,400.000
34,-75,17.250,-37.250,0,0,0.000,0.000,0,1,1,1700.000,300.000
34,-74,17.250,-36.750,0,0,0.000,0.000,0,1,1,100.000,400.000
34,-73,17.250,-36.250,0,0,0.000,0.000,0,1,1,1000.000,400.000
34,-72,17.250,-35.750,0,0,0.000,0.000,0,1,1,800.000,100.000
34,-71,17.250,-35.250,0,0,0.000,0.000,0,1,1,700.000,200.000
34,-70,17.250,-34.750,0,0,0.000,0.000,0,1,1,1400.000,0.000
34,-69,17.250,-34.250,1,1,7.770,-1.560,2,1,2,900.000,100.000
34,-68,17.250,-33.750,0,0,0.000,0.000,0,1,1,2500.000,400.000
34,-67,17.250,-33.250,1,0,5.050,1.605,1,1,1,300.000,300.000
34,-66,17.250,-32.750,1,0,4.095,2.167,1,1,2,2400.000,700.000
34,-65,17.250,-32.250,0,0,0.000,0.000,0,1,1,2500.000,400.000
34,-64,17.250,-31.750,1,2,0.071,0.009,2,1,3,3800.000,1000.000
34,-63,17.250,-31.250,1,0,4.089,-0.045,1,1,2,600.000,600.000
34,-62,17.250,-30.750,1,0,2.873,-1.451,1,1,2,500.000,500.000
34,-61,17.250,-30.250,0,0,0.000,0.000,0,1,1,200.000,100.000
34,-60,17.250,-29.750,0,0,0.000,0.000,0,1,1,400.000,1200.000
34,-59,17.250,-29.250,1,0,11.341,0.689,1,1,2,400.000,800.000
34,-58,17.250,-28.750,0,0,0.000,0.000,0,1,1,700.000,600.000
34,-57,17.250,-28.250,1,1,4.305,1.342,2,1,3,900.000,200.000
34,-56,17.250,-27.750,0,1,0.000,0.000,1,1,2,1700.000,600.000
34,-55,17.250,-27.250,0,0,0.000,0.000,0,1,1,1700.000,300.000
34,-54,17.250,-26.750,0,0,0.000,0.000,0,1,1,0.000,100.000
34,-53,17.250,-26.250,0,0,0.000,0.000,0,1,1,700.000,300.000
34,-52,17.250,-25.750,0,1,0.000,0.000,1,1,2,900.000,200.000
34,-51,17.250,-25.250,0,1,0.000,0.000,1,1,1,300.000,200.000
34,-50,17.250,-24.750,0,0,0.000,0.000,0,1,1,700.000,800.000
34,-49,17.250,-24.250,0,0,0.000,0.000,0,1,1,300.000,0.000
35,-105,17.750,-52.250,0,0,0.000,0.000,0,1,1,500.000,200.000
35,-104,17.750,-51.750,0,0,0.000,0.000,0,1,1,3000.000,0.000
35,-103,17.750,-51.250,0,1,0.000,0.000,1,1,2,1000.000,400.000
35,-97,17.750,-48.250,0,0,0.000,0.000,0,1,1,100.000,0.000
35,-96,17.750,-47.750,0,0,0.000,0.000,0,1,1,200.000,0.000
35,-95,17.750,-47.250,0,0,0.000,0.000,0,1,1,300.000,0.000
35,-94,17.750,-46.750,0,0,0.000,0.000,0,1,1,1300.000,500.000
35,-93,17.750,-46.250,2,0,5.922,0.150,2,1,3,900.000,0.000
35,-92,17.750,-45.750,0,1,0.000,0.000,1,1,2,1300.000,0.000
35,-91,17.750,-45.250,0,0,0.000,0.000,0,1,1,400.000,200.000
35,-88,17.750,-43.750,0,0,0.000,0.000,0,1,1,100.000,0.000
35,-87,17.750,-43.250,0,0,0.000,0.000,0,1,1,400.000,0.000
35,-86,17.750,-42.750,0,0,0.000,0.000,0,1,1,500.000,0.000
35,-85,17.750,-42.250,0,0,0.000,0.000,0,1,1,700.000,0.000
35,-84,17.750,-41.750,0,1,0.000,0.000,1,1,2,800.000,200.000
35,-83,17.750,-41.250,0,0,0.000,0.000,0,1,1,700.000,400.000
35,-82,17.750,-40.750,0,0,0.000,0.000,0,1,1,1100.000,0.000
35,-81,17.750,-40.250,0,0,0.000,0.000,0,1,1,200.000,0.000
35,-80,17.750,-39.750,0,0,0.000,0.000,0,1,1,500.000,1600.000
35,-78,17.750,-38.750,0,1,0.000,0.000,1,1,2,300.000,1000.000
35,-77,17.750,-38.250,0,2,0.000,0.000,2,1,3,500.000,0.000
35,-76,17.750,-37.750,1,2,1.675,-0.417,2,1,3,1600.000,0.000
35,-75,17.750,-37.250,1,0,1.647,0.000,1,1,2,1300.000,500.000
35,-74,17.750,-36.750,0,0,0.000,0.000,0,1,1,1500.000,300.000
35,-73,17.750,-36.250,1,0,1.374,0.036,1,1,2,700.000,300.000
35,-72,17.750,-35.750,1,0,8.494,-1.433,1,1,2,700.000,200.000
35,-71,17.750,-35.250,0,0,0.000,0.000,0,1,1,1200.000,0.000
35,-70,17.750,-34.750,0,0,0.000,0.000,0,1,1,2000.000,200.000
35,-69,17.750,-34.250,0,0,0.000,0.000,0,1,1,1800.000,200.000
35,-68,17.750,-33.750,0,0,0.000,0.000,0,1,1,5500.000,1000.000
35,-65,17.750,-32.250,1,0,25.601,0.898,1,1,2,0.000,400.000
35,-64,17.750,-31.750,0,0,0.000,0.000,0,1,1,900.000,0.000
35,-63,17.750,-31.250,1,0,13.296,0.825,1,0,1,0.000,0.000
35,-62,17.750,-30.750,0,2,0.000,0.000,2,0,2,0.000,0.000
35,-60,17.750,-29.750,0,0,0.000,0.000,0,1,1,0.000,100.000
35,-59,17.750,-29.250,0,0,0.000,0.000,0,1,1,0.000,700.000
35,-58,17.750,-28.750,0,0,0.000,0.000,0,1,1,800.000,400.000
35,-57,17.750,-28.250,0,1,0.000,0.000,1,1,2,1400.000,500.000
35,-56,17.750,-27.750,0,0,0.000,0.000,0,1,1,700.000,400.000
35,-55,17.750,-27.250,0,0,0.000,0.000,0,1,1,1800.000,600.000
35,-54,17.750,-26.750,1,0,2.222,-0.426,1,1,1,800.000,700.000
35,-53,17.750,-26.250,0,0,0.000,0.000,0,1,1,900.000,500.000
35,-52,17.750,-25.750,0,0,0.000,0.000,0,1,1,600.000,100.000
35,-51,17.750,-25.250,0,0,0.000,0.000,0,1,1,400.000,400.000
35,-50,17.750,-24.750,0,0,0.000,0.000,0,1,1,1000.000,200.000
36,-105,18.250,-52.250,0,1,0.000,0.000,1,1,2,500.000,300.000
36,-104,18.250,-51.750,1,0,11.772,-0.326,1,1,2,1700.000,100.000
36,-103,18.250,-51.250,0,0,0.000,0.000,0,1,1,1700.000,700.000
36,-102,18.250,-50.750,0,0,0.000,0.000,0,1,1,500.000,0.000
36,-97,18.250,-48.250,1,1,3.585,0.000,1,0,1,0.000,0.000
36,-95,18.250,-47.250,0,0,0.000,0.000,0,1,1,600.000,0.000
36,-94,18.250,-46.750,0,0,0.000,0.000,0,1,1,1300.000,200.000
36,-93,18.250,-46.250,1,0,5.513,-0.662,1,1,2,1800.000,0.000
36,-92,18.250,-45.750,1,0,17.320,-0.299,1,1,2,500.000,100.000
36,-91,18.250,-45.250,1,0,11.379,-0.345,1,1,2,1000.000,100.000
36,-88,18.250,-43.750,0,0,0.000,0.000,0,1,1,600.000,0.000
36,-87,18.250,-43.250,0,0,0.000,0.000,0,1,1,100.000,0.000
36,-86,18.250,-42.750,0,0,0.000,0.000,0,1,1,600.000,0.000
36,-85,18.250,-42.250,1,0,1.057,0.000,1,1,2,300.000,0.000
36,-84,18.250,-41.750,0,0,0.000,0.000,0,1,1,1300.000,100.000
36,-83,18.250,-41.250,1,0,1.863,0.834,1,1,2,200.000,400.000
36,-82,18.250,-40.750,0,0,0.000,0.000,0,1,1,1200.000,0.000
36,-81,18.250,-40.250,0,0,0.000,0.000,0,1,1,200.000,400.000
36,-80,18.250,-39.750,0,0,0.000,0.000,0,1,1,1000.000,5300.000
36,-78,18.250,-38.750,0,0,0.000,0.000,0,1,1,300.000,1900.000
36,-77,18.250,-38.250,0,0,0.000,0.000,0,1,1,1200.000,400.000
36,-76,18.250,-37.750,0,1,0.000,0.000,1,1,2,800.000,400.000
36,-75,18.250,-37.250,1,0,0.263,-0.009,1,1,2,900.000,500.000
36,-74,18.250,-36.750,0,0,0.000,0.000,0,1,1,800.000,200.000
36,-73,18.250,-36.250,0,0,0.000,0.000,0,1,1,1300.000,500.000
36,-72,18.250,-35.750,0,0,0.000,0.000,0,1,1,1000.000,600.000
36,-71,18.250,-35.250,0,0,0.000,0.000,0,1,1,1000.000,1200.000
36,-70,18.250,-34.750,0,0,0.000,0.000,0,1,1,1000.000,1200.000
36,-69,18.250,-34.250,0,1,0.000,0.000,1,1,2,1200.000,800.000
36,-68,18.250,-33.750,0,1,0.000,0.000,1,1,2,2700.000,600.000
36,-67,18.250,-33.250,1,0,4.394,0.626,1,1,2,600.000,300.000
36,-66,18.250,-32.750,0,1,0.000,0.000,1,1,2,800.000,400.000
36,-65,18.250,-32.250,0,0,0.000,0.000,0,1,1,700.000,900.000
36,-64,18.250,-31.750,0,0,0.000,0.000,0,1,1,900.000,400.000
36,-63,18.250,-31.250,0,0,0.000,0.000,0,1,1,300.000,200.000
36,-62,18.250,-30.750,0,1,0.000,0.000,1,1,2,0.000,100.000
36,-60,18.250,-29.750,0,0,0.000,0.000,0,1,1,200.000,0.000
36,-59,18.250,-29.250,0,3,0.000,0.000,3,1,3,800.000,300.000
36,-58,18.250,-28.750,0,0,0.000,0.000,0,1,1,2300.000,600.000
36,-57,18.250,-28.250,2,1,2.401,0.721,2,1,3,400.000,1000.000
36,-56,18.250,-27.750,0,0,0.000,0.000,0,1,1,1100.000,600.000
36,-55,18.250,-27.250,1,0,11.205,1.650,1,1,2,3900.000,700.000
36,-54,18.250,-26.750,0,0,0.000,0.000,0,1,1,11800.000,3800.000
36,-53,18.250,-26.250,2,0,4.022,1.691,2,1,3,11500.000,3100.000
36,-52,18.250,-25.750,0,0,0.000,0.000,0,1,1,600.000,400.000
36,-51,18.250,-25.250,0,0,0.000,0.000,0,1,1,500.000,200.000
36,-50,18.250,-24.750,0,0,0.000,0.000,0,1,1,1400.000,0.000
36,-49,18.250,-24.250,0,0,0.000,0.000,0,1,1,1000.000,0.000
37,-104,18.750,-51.750,0,0,0.000,0.000,0,1,1,700.000,1300.000
37,-103,18.750,-51.250,0,0,0.000,0.000,0,1,1,900.000,1000.000
37,-102,18.750,-50.750,0,0,0.000,0.000,0,1,1,1000.000,0.000
37,-101,18.750,-50.250,0,0,0.000,0.000,0,1,1,600.000,0.000
37,-96,18.750,-47.750,0,1,0.000,0.000,1,0,1,0.000,0.000
37,-94,18.750,-46.750,0,0,0.000,0.000,0,1,1,600.000,200.000
37,-93,18.750,-46.250,1,0,4.707,0.798,1,1,2,1600.000,0.000
37,-92,18.750,-45.750,1,2,5.556,0.209,3,1,4,1000.000,200.000
37,-91,18.750,-45.250,0,0,0.000,0.000,0,1,1,800.000,200.000
37,-90,18.750,-44.750,0,0,0.000,0.000,0,1,1,300.000,0.000
37,-88,18.750,-43.750,0,0,0.000,0.000,0,1,1,700.000,0.000
37,-87,18.750,-43.250,0,0,0.000,0.000,0,1,1,900.000,0.000
37,-86,18.750,-42.750,0,0,0.000,0.000,0,1,1,1500.000,0.000
37,-85,18.750,-42.250,0,0,0.000,0.000,0,1,1,500.000,0.000
37,-84,18.750,-41.750,0,0,0.000,0.000,0,1,1,900.000,200.000
37,-83,18.750,-41.250,0,0,0.000,0.000,0,1,1,1100.000,200.000
37,-82,18.750,-40.750,0,0,0.000,0.000,0,1,1,800.000,600.000
37,-81,18.750,-40.250,1,0,3.509,-0.009,1,1,2,900.000,0.000
37,-80,18.750,-39.750,0,0,0.000,0.000,0,1,1,500.000,0.000
37,-78,18.750,-38.750,1,0,13.216,-2.176,1,1,1,500.000,1400.000
37,-77,18.750,-38.250,0,0,0.000,0.000,0,1,1,1000.000,1200.000
37,-76,18.750,-37.750,0,1,0.000,0.000,1,1,2,1200.000,300.000
37,-75,18.750,-37.250,2,1,0.526,-0.172,2,1,2,1300.000,800.000
37,-74,18.750,-36.750,1,2,7.305,-1.260,3,1,3,1300.000,400.000
37,-73,18.750,-36.250,0,0,0.000,0.000,0,1,1,1500.000,400.000
37,-72,18.750,-35.750,0,1,0.000,0.000,1,1,2,1200.000,300.000
37,-71,18.750,-35.250,0,0,0.000,0.000,0,1,1,900.000,300.000
37,-70,18.750,-34.750,0,0,0.000,0.000,0,1,1,1200.000,0.000
37,-69,18.750,-34.250,2,1,5.644,-1.324,3,1,4,1300.000,0.000
37,-68,18.750,-33.750,1,0,0.388,0.272,1,1,2,2400.000,100.000
37,-67,18.750,-33.250,0,0,0.000,0.000,0,1,1,2200.000,200.000
37,-66,18.750,-32.750,1,0,1.590,0.608,1,1,2,2000.000,0.000
37,-65,18.750,-32.250,0,0,0.000,0.000,0,1,1,1800.000,200.000
37,-64,18.750,-31.750,0,0,0.000,0.000,0,1,1,2200.000,200.000
37,-63,18.750,-31.250,0,1,0.000,0.000,1,1,2,2200.000,200.000
37,-62,18.750,-30.750,1,0,4.568,-1.551,1,1,2,1700.000,400.000
37,-61,18.750,-30.250,0,0,0.000,0.000,0,1,1,1700.000,400.000
37,-60,18.750,-29.750,0,0,0.000,0.000,0,1,1,1500.000,300.000
37,-59,18.750,-29.250,1,1,0.370,0.236,2,1,3,1100.000,600.000
37,-58,18.750,-28.750,1,1,5.763,-1.306,2,1,3,500.000,100.000
37,-57,18.750,-28.250,1,1,2.786,0.036,1,1,2,500.000,200.000
37,-56,18.750,-27.750,1,0,3.307,1.614,1,1,2,600.000,800.000
37,-55,18.750,-27.250,0,0,0.000,0.000,0,1,1,700.000,0.000
37,-54,18.750,-26.750,0,1,0.000,0.000,1,1,2,900.000,100.000
37,-53,18.750,-26.250,0,0,0.000,0.000,0,1,1,2000.000,0.000
37,-52,18.750,-25.750,0,1,0.000,0.000,1,1,1,1900.000,0.000
37,-51,18.750,-25.250,0,0,0.000,0.000,0,1,1,1000.000,0.000
37,-50,18.750,-24.750,0,0,0.000,0.000,0,1,1,800.000,0.000
37,-49,18.750,-24.250,0,0,0.000,0.000,0,1,1,100.000,0.000
38,-104,19.250,-51.750,0,0,0.000,0.000,0,1,1,0.000,500.000
38,-103,19.250,-51.250,0,0,0.000,0.000,0,1,1,900.000,1500.000
38,-102,19.250,-50.750,0,0,0.000,0.000,0,1,1,700.000,500.000
38,-101,19.250,-50.250,0,0,0.000,0.000,0,1,1,1700.000,300.000
38,-100,19.250,-49.750,0,0,0.000,0.000,0,1,1,600.000,0.000
38,-94,19.250,-46.750,1,0,9.073,-0.227,1,1,2,500.000,100.000
38,-93,19.250,-46.250,1,0,4.221,-0.961,1,1,2,1700.000,300.000
38,-92,19.250,-45.750,1,0,6.081,0.000,1,1,2,1300.000,100.000
38,-91,19.250,-45.250,0,2,0.000,0.000,2,1,3,1500.000,500.000
38,-90,19.250,-44.750,0,0,0.000,0.000,0,1,1,100.000,0.000
38,-88,19.250,-43.750,0,1,0.000,0.000,1,1,2,500.000,0.000
38,-87,19.250,-43.250,0,0,0.000,0.000,0,1,1,800.000,0.000
38,-86,19.250,-42.750,0,0,0.000,0.000,0,1,1,1100.000,0.000
38,-85,19.250,-42.250,0,1,0.000,0.000,1,1,2,1000.000,0.000
38,-84,19.250,-41.750,0,0,0.000,0.000,0,1,1,700.000,200.000
38,-83,19.250,-41.250,0,1,0.000,0.000,1,1,2,1200.000,100.000
38,-82,19.250,-40.750,0,0,0.000,0.000,0,1,1,900.000,400.000
38,-81,19.250,-40.250,0,0,0.000,0.000,0,1,1,1500.000,100.000
38,-80,19.250,-39.750,0,0,0.000,0.000,0,1,1,400.000,0.000
38,-79,19.250,-39.250,0,0,0.000,0.000,0,1,1,500.000,100.000
38,-78,19.250,-38.750,0,0,0.000,0.000,0,1,1,1000.000,400.000
38,-77,19.250,-38.250,1,2,5.539,0.807,3,1,4,1100.000,100.000
38,-76,19.250,-37.750,0,2,0.000,0.000,2,1,2,1300.000,600.000
38,-75,19.250,-37.250,1,1,5.459,1.487,2,1,3,900.000,600.000
38,-74,19.250,-36.750,0,0,0.000,0.000,0,1,1,100.000,100.000
38,-52,19.250,-25.750,0,0,0.000,0.000,0,1,1,2400.000,0.000
38,-51,19.250,-25.250,0,0,0.000,0.000,0,1,1,2000.000,0.000
38,-50,19.250,-24.750,0,0,0.000,0.000,0,1,1,600.000,0.000
38,-49,19.250,-24.250,0,0,0.000,0.000,0,1,1,200.000,0.000
39,-104,19.750,-51.750,0,1,0.000,0.000,1,1,2,300.000,200.000
39,-103,19.750,-51.250,1,1,0.148,-0.136,1,1,2,1100.000,900.000
39,-102,19.750,-50.750,0,0,0.000,0.000,0,1,1,1000.000,400.000
39,-101,19.750,-50.250,0,0,0.000,0.000,0,1,1,500.000,500.000
39,-100,19.750,-49.750,1,0,0.823,0.000,1,1,1,400.000,500.000
39,-99,19.750,-49.250,0,0,0.000,0.000,0,1,1,0.000,1400.000
39,-94,19.750,-46.750,0,0,0.000,0.000,0,1,1,400.000,0.000
39,-93,19.750,-46.250,1,2,15.416,-0.299,3,1,4,1100.000,400.000
39,-92,19.750,-45.750,0,1,0.000,0.000,1,1,2,2300.000,0.000
39,-91,19.750,-45.250,0,1,0.000,0.000,1,1,2,1000.000,600.000
39,-88,19.750,-43.750,0,0,0.000,0.000,0,1,1,300.000,0.000
39,-87,19.750,-43.250,0,0,0.000,0.000,0,1,1,600.000,0.000
39,-86,19.750,-42.750,0,0,0.000,0.000,0,1,1,2200.000,0.000
39,-85,19.750,-42.250,0,0,0.000,0.000,0,1,1,800.000,0.000
39,-84,19.750,-41.750,0,0,0.000,0.000,0,1,1,400.000,200.000
39,-83,19.750,-41.250,0,1,0.000,0.000,1,1,2,1100.000,200.000
39,-82,19.750,-40.750,3,0,1.551,0.000,2,1,3,500.000,0.000
39,-81,19.750,-40.250,0,0,0.000,0.000,0,1,1,1200.000,400.000
39,-80,19.750,-39.750,1,0,0.323,-0.100,1,1,2,1600.000,200.000
39,-79,19.750,-39.250,0,0,0.000,0.000,0,1,1,1700.000,300.000
39,-78,19.750,-38.750,0,1,0.000,0.000,1,1,2,1600.000,600.000
39,-77,19.750,-38.250,0,0,0.000,0.000,0,1,1,1100.000,500.000
39,-76,19.750,-37.750,0,1,0.000,0.000,1,1,2,600.000,400.000
39,-75,19.750,-37.250,0,0,0.000,0.000,0,1,1,0.000,100.000
39,-51,19.750,-25.250,0,0,0.000,0.000,0,1,1,2200.000,0.000
39,-50,19.750,-24.750,0,0,0.000,0.000,0,1,1,200.000,0.000
39,-49,19.750,-24.250,0,0,0.000,0.000,0,1,1,8900.000,0.000
40,-103,20.250,-51.250,0,0,0.000,0.000,0,1,1,300.000,300.000
40,-102,20.250,-50.750,0,0,0.000,0.000,0,1,1,1700.000,600.000
40,-101,20.250,-50.250,0,1,0.000,0.000,1,1,1,800.000,200.000
40,-100,20.250,-49.750,0,0,0.000,0.000,0,1,1,500.000,600.000
40,-99,20.250,-49.250,0,0,0.000,0.000,0,1,1,1600.000,900.000
40,-94,20.250,-46.750,0,0,0.000,0.000,0,1,1,300.000,0.000
40,-93,20.250,-46.250,1,1,13.631,-0.308,2,1,3,900.000,200.000
40,-92,20.250,-45.750,1,0,0.261,0.009,1,1,2,2000.000,500.000
40,-91,20.250,-45.250,0,0,0.000,0.000,0,1,1,1100.000,100.000
40,-88,20.250,-43.750,0,0,0.000,0.000,0,1,1,700.000,0.000
40,-87,20.250,-43.250,0,0,0.000,0.000,0,1,1,200.000,0.000
40,-86,20.250,-42.750,0,0,0.000,0.000,0,1,1,1100.000,0.000
40,-85,20.250,-42.250,0,0,0.000,0.000,0,1,1,300.000,0.000
40,-84,20.250,-41.750,0,0,0.000,0.000,0,1,1,500.000,200.000
40,-83,20.250,-41.250,1,1,0.807,-0.508,2,1,2,400.000,100.000
40,-82,20.250,-40.750,0,1,0.000,0.000,1,1,2,1000.000,0.000
40,-81,20.250,-40.250,1,0,6.852,1.723,1,1,2,700.000,300.000
40,-80,20.250,-39.750,0,0,0.000,0.000,0,1,1,1100.000,0.000
40,-79,20.250,-39.250,2,2,0.690,0.027,3,1,4,1100.000,400.000
40,-78,20.250,-38.750,0,1,0.000,0.000,1,1,2,1200.000,700.000
40,-77,20.250,-38.250,0,0,0.000,0.000,0,1,1,500.000,500.000
40,-76,20.250,-37.750,0,0,0.000,0.000,0,1,1,0.000,100.000
40,-49,20.250,-24.250,0,1,0.000,0.000,1,0,1,0.000,0.000
41,-103,20.750,-51.250,0,1,0.000,0.000,1,1,2,0.000,200.000
41,-102,20.750,-50.750,0,1,0.000,0.000,1,1,2,100.000,300.000
41,-101,20.750,-50.250,0,0,0.000,0.000,0,1,1,1200.000,200.000
41,-100,20.750,-49.750,1,2,0.141,0.000,2,1,2,1200.000,300.000
41,-99,20.750,-49.250,0,0,0.000,0.000,0,1,1,200.000,300.000
41,-94,20.750,-46.750,0,0,0.000,0.000,0,1,1,700.000,200.000
41,-93,20.750,-46.250,0,0,0.000,0.000,0,1,1,600.000,100.000
41,-92,20.750,-45.750,0,0,0.000,0.000,0,1,1,1200.000,200.000
41,-91,20.750,-45.250,1,0,4.373,1.532,1,1,2,1900.000,500.000
41,-90,20.750,-44.750,0,0,0.000,0.000,0,1,1,200.000,100.000
41,-89,20.750,-44.250,0,2,0.000,0.000,2,0,2,0.000,0.000
41,-88,20.750,-43.750,0,0,0.000,0.000,0,1,1,2600.000,0.000
41,-86,20.750,-42.750,0,0,0.000,0.000,0,1,1,1500.000,0.000
41,-85,20.750,-42.250,0,0,0.000,0.000,0,1,1,200.000,100.000
41,-84,20.750,-41.750,0,0,0.000,0.000,0,1,1,500.000,400.000
41,-83,20.750,-41.250,0,0,0.000,0.000,0,1,1,300.000,100.000
41,-82,20.750,-40.750,0,0,0.000,0.000,0,1,1,400.000,300.000
41,-81,20.750,-40.250,0,0,0.000,0.000,0,1,1,1600.000,500.000
41,-80,20.750,-39.750,0,0,0.000,0.000,0,1,1,1400.000,500.000
41,-79,20.750,-39.250,0,0,0.000,0.000,0,1,1,1400.000,100.000
41,-78,20.750,-38.750,0,1,0.000,0.000,1,1,2,300.000,700.000
41,-77,20.750,-38.250,0,1,0.000,0.000,1,0,1,0.000,0.000
42,-103,21.250,-51.250,2,0,1.165,-0.059,2,1,3,0.000,700.000
42,-102,21.250,-50.750,0,0,0.000,0.000,0,1,1,0.000,100.000
42,-101,21.250,-50.250,0,0,0.000,0.000,0,1,1,400.000,300.000
42,-100,21.250,-49.750,1,0,5.320,0.000,1,1,2,700.000,800.000
42,-99,21.250,-49.250,3,2,0.142,0.000,1,1,1,1100.000,1000.000
42,-98,21.250,-48.750,1,1,2.181,-0.054,2,1,2,700.000,100.000
42,-97,21.250,-48.250,0,0,0.000,0.000,0,1,1,500.000,0.000
42,-96,21.250,-47.750,0,0,0.000,0.000,0,1,1,800.000,0.000
42,-95,21.250,-47.250,0,0,0.000,0.000,0,1,1,800.000,0.000
42,-94,21.250,-46.750,0,2,0.000,0.000,2,1,3,1100.000,200.000
42,-93,21.250,-46.250,0,1,0.000,0.000,1,1,1,600.000,0.000
42,-92,21.250,-45.750,0,0,0.000,0.000,0,1,1,1500.000,200.000
42,-91,21.250,-45.250,0,0,0.000,0.000,0,1,1,1100.000,300.000
42,-90,21.250,-44.750,1,0,4.528,1.759,1,1,2,1800.000,200.000
42,-89,21.250,-44.250,1,1,1.259,0.979,1,1,2,700.000,100.000
42,-88,21.250,-43.750,0,1,0.000,0.000,1,1,2,600.000,0.000
42,-87,21.250,-43.250,0,0,0.000,0.000,0,1,1,300.000,0.000
42,-86,21.250,-42.750,1,0,1.510,-0.571,1,1,2,700.000,0.000
42,-85,21.250,-42.250,0,0,0.000,0.000,0,1,1,1400.000,800.000
42,-84,21.250,-41.750,0,0,0.000,0.000,0,1,1,600.000,100.000
42,-83,21.250,-41.250,1,0,2.492,-0.136,1,1,2,900.000,200.000
42,-82,21.250,-40.750,0,1,0.000,0.000,1,1,2,1200.000,200.000
42,-81,21.250,-40.250,0,0,0.000,0.000,0,1,1,1000.000,300.000
42,-80,21.250,-39.750,0,0,0.000,0.000,0,1,1,700.000,0.000
42,-79,21.250,-39.250,0,0,0.000,0.000,0,1,1,100.000,100.000
42,-78,21.250,-38.750,0,0,0.000,0.000,0,1,1,200.000,500.000
43,-102,21.750,-50.750,1,1,0.444,0.000,1,1,2,0.000,200.000
43,-101,21.750,-50.250,1,1,0.444,0.000,1,1,2,100.000,300.000
43,-100,21.750,-49.750,0,0,0.000,0.000,0,1,1,500.000,300.000
43,-99,21.750,-49.250,0,0,0.000,0.000,0,1,1,700.000,400.000
43,-98,21.750,-48.750,0,0,0.000,0.000,0,1,1,700.000,400.000
43,-97,21.750,-48.250,0,0,0.000,0.000,0,1,1,800.000,300.000
43,-96,21.750,-47.750,0,0,0.000,0.000,0,1,1,500.000,300.000
43,-95,21.750,-47.250,0,0,0.000,0.000,0,1,1,400.000,600.000
43,-94,21.750,-46.750,0,0,0.000,0.000,0,1,1,500.000,2400.000
43,-93,21.750,-46.250,1,0,0.286,0.054,1,1,2,1800.000,1000.000
43,-92,21.750,-45.750,1,1,17.941,-0.245,2,1,3,700.000,1100.000
43,-91,21.750,-45.250,0,0,0.000,0.000,0,1,1,1600.000,700.000
43,-90,21.750,-44.750,0,0,0.000,0.000,0,1,1,1200.000,300.000
43,-89,21.750,-44.250,0,0,0.000,0.000,0,1,1,1600.000,700.000
43,-88,21.750,-43.750,0,3,0.000,0.000,3,1,4,1500.000,500.000
43,-87,21.750,-43.250,0,1,0.000,0.000,1,1,2,1600.000,300.000
43,-86,21.750,-42.750,0,0,0.000,0.000,0,1,1,1700.000,700.000
43,-85,21.750,-42.250,0,0,0.000,0.000,0,1,1,1200.000,100.000
43,-84,21.750,-41.750,0,1,0.000,0.000,1,1,2,1200.000,0.000
43,-83,21.750,-41.250,1,0,3.755,-2.222,1,1,2,1100.000,0.000
43,-82,21.750,-40.750,0,1,0.000,0.000,1,1,1,500.000,200.000
43,-81,21.750,-40.250,0,0,0.000,0.000,0,1,1,1100.000,500.000
43,-80,21.750,-39.750,0,0,0.000,0.000,0,1,1,200.000,400.000
43,-79,21.750,-39.250,0,0,0.000,0.000,0,1,1,200.000,500.000
43,-78,21.750,-38.750,0,0,0.000,0.000,0,1,1,200.000,200.000
44,-100,22.250,-49.750,0,0,0.000,0.000,0,1,1,1400.000,300.000
44,-99,22.250,-49.250,1,1,0.321,0.000,1,1,2,400.000,200.000
44,-98,22.250,-48.750,0,0,0.000,0.000,0,1,1,0.000,300.000
44,-97,22.250,-48.250,0,0,0.000,0.000,0,1,1,0.000,200.000
44,-96,22.250,-47.750,0,0,0.000,0.000,0,1,1,100.000,200.000
44,-95,22.250,-47.250,0,0,0.000,0.000,0,1,1,300.000,700.000
44,-94,22.250,-46.750,0,0,0.000,0.000,0,1,1,300.000,400.000
44,-93,22.250,-46.250,0,0,0.000,0.000,0,1,1,2300.000,800.000
44,-92,22.250,-45.750,0,0,0.000,0.000,0,1,1,1100.000,500.000
44,-91,22.250,-45.250,0,0,0.000,0.000,0,1,1,4000.000,500.000
44,-90,22.250,-44.750,0,0,0.000,0.000,0,1,1,1100.000,600.000
44,-89,22.250,-44.250,1,0,0.648,0.499,1,1,2,1300.000,300.000
44,-88,22.250,-43.750,0,0,0.000,0.000,0,1,1,700.000,300.000
44,-87,22.250,-43.250,0,0,0.000,0.000,0,1,1,700.000,300.000
44,-86,22.250,-42.750,0,1,0.000,0.000,1,1,1,1000.000,200.000
44,-85,22.250,-42.250,0,0,0.000,0.000,0,1,1,1300.000,100.000
44,-84,22.250,-41.750,0,0,0.000,0.000,0,1,1,200.000,100.000
44,-83,22.250,-41.250,0,0,0.000,0.000,0,1,1,0.000,300.000
44,-82,22.250,-40.750,0,0,0.000,0.000,0,1,1,0.000,300.000
44,-81,22.250,-40.250,1,0,5.515,0.644,1,1,1,700.000,200.000
44,-80,22.250,-39.750,0,0,0.000,0.000,0,1,1,0.000,400.000
44,-79,22.250,-39.250,0,0,0.000,0.000,0,1,1,100.000,200.000
44,-78,22.250,-38.750,0,0,0.000,0.000,0,1,1,2800.000,200.000
45,-94,22.750,-46.750,0,0,0.000,0.000,0,1,1,400.000,0.000
45,-93,22.750,-46.250,0,0,0.000,0.000,0,1,1,300.000,0.000
45,-92,22.750,-45.750,0,0,0.000,0.000,0,1,1,600.000,0.000
45,-91,22.750,-45.250,0,0,0.000,0.000,0,1,1,700.000,0.000
45,-90,22.750,-44.750,1,0,1.026,0.408,1,1,2,200.000,0.000
45,-89,22.750,-44.250,0,0,0.000,0.000,0,1,1,200.000,0.000
45,-88,22.750,-43.750,0,1,0.000,0.000,1,0,1,0.000,0.000
45,-85,22.750,-42.250,0,0,0.000,0.000,0,1,1,0.000,100.000
45,-84,22.750,-41.750,0,0,0.000,0.000,0,1,1,0.000,200.000
