film	chunk	paquet	debut_avant	S	E	verdict	genres
084a804d	10	1046	fermeture	6379	194	desaccord · E < S · depuis E non ferme · depuis S ferme	36
084a804d	10	666	fermeture	5663	372	desaccord · E < S · depuis E non ferme · depuis S ferme	1+75+0
084a804d	12	190	fermeture	7860	233	desaccord · E < S · depuis E non ferme · depuis S ferme	36
084a804d	13	846	fermeture	5575	238	desaccord · E < S · depuis E non ferme · depuis S ferme	36
084a804d	14	470	fermeture	765	436	desaccord · E < S · depuis E non ferme · depuis S ferme	36+36
084a804d	15	482	fermeture	7910	161	desaccord · E < S · depuis E non ferme · depuis S ferme	0
084a804d	17	256	fermeture	5234	544	desaccord · E < S · depuis E non ferme · depuis S ferme	0+36
084a804d	22	832	fermeture	4615	475	desaccord · E < S · depuis E non ferme · depuis S ferme	36+36
084a804d	24	166	fermeture	4750	313	desaccord · E < S · depuis E non ferme · depuis S ferme	21+36
084a804d	24	52	fermeture	678	165	desaccord · E < S · depuis E non ferme · depuis S ferme	36
084a804d	24	744	fermeture	4382	26	desaccord · E < S · depuis E non ferme · depuis S ferme	21
084a804d	25	720	fermeture	6192	236	desaccord · E < S · depuis E non ferme · depuis S ferme	36
084a804d	25	886	fermeture	6925	229	desaccord · E < S · depuis E non ferme · depuis S ferme	36
084a804d	26	784	fermeture	7434	393	desaccord · E < S · depuis E non ferme · depuis S ferme	82+36+86
084a804d	28	1088	fermeture	5707	541	desaccord · E < S · depuis E non ferme · depuis S ferme	0+36+0
084a804d	30	360	fermeture	4884	231	desaccord · E < S · depuis E non ferme · depuis S ferme	0
084a804d	30	932	fermeture	5988	615	desaccord · E < S · depuis E non ferme · depuis S ferme	0+0+0
084a804d	31	872	fermeture	5423	187	desaccord · E < S · depuis E non ferme · depuis S ferme	36
084a804d	31	900	fermeture	4863	187	desaccord · E < S · depuis E non ferme · depuis S ferme	36
084a804d	31	958	fermeture	5495	163	desaccord · E < S · depuis E non ferme · depuis S ferme	36
084a804d	36	1018	fermeture	5994	163	desaccord · E < S · depuis E non ferme · depuis S ferme	36
084a804d	37	62	fermeture	9383	1246	desaccord · E < S · depuis E non ferme · depuis S ferme	36+36+36+1+75+0+0
084a804d	38	1192	fermeture	8051	208	desaccord · E < S · depuis E non ferme · depuis S ferme	21+36
084a804d	38	28	fermeture	9051	1742	desaccord · E < S · depuis E non ferme · depuis S ferme	38+0+38+0+0+82+82+82+82+82+82+82+82+82+82+82+82+82
084a804d	39	420	fermeture	5669	1235	desaccord · E < S · depuis E non ferme · depuis S ferme	36+83+0
084a804d	39	488	fermeture	5388	208	desaccord · E < S · depuis E non ferme · depuis S ferme	36
084a804d	39	490	fermeture	7050	372	desaccord · E < S · depuis E non ferme · depuis S ferme	36+36
084a804d	4	456	fermeture	6988	297	desaccord · E < S · depuis E non ferme · depuis S ferme	38+36
084a804d	41	1026	fermeture	5886	394	desaccord · E < S · depuis E non ferme · depuis S ferme	82+82+36
084a804d	42	1044	fermeture	5651	1350	desaccord · E < S · depuis E non ferme · depuis S ferme	82+82+82+82+82+82+82+82
084a804d	46	6	fermeture	5272	428	desaccord · E < S · depuis E non ferme · depuis S ferme	36+36
084a804d	48	68	fermeture	4296	227	desaccord · E < S · depuis E non ferme · depuis S ferme	36
084a804d	49	124	fermeture	5727	522	desaccord · E < S · depuis E non ferme · depuis S ferme	36+36+45
084a804d	53	956	fermeture	3466	26	desaccord · E < S · depuis E non ferme · depuis S ferme	21
084a804d	54	970	fermeture	5078	385	desaccord · E < S · depuis E non ferme · depuis S ferme	36+36
084a804d	6	1070	fermeture	6524	271	desaccord · E < S · depuis E non ferme · depuis S ferme	36+9
084a804d	7	982	fermeture	6658	378	desaccord · E < S · depuis E non ferme · depuis S ferme	0+0
084a804d	8	1006	fermeture	5269	263	desaccord · E < S · depuis E non ferme · depuis S ferme	21+0
111fa685	10	490	fermeture	3196	499	desaccord · E < S · depuis E non ferme · depuis S ferme	82+82+82+36
111fa685	11	180	fermeture	3934	212	desaccord · E < S · depuis E non ferme · depuis S ferme	36
111fa685	12	166	fermeture	6237	541	desaccord · E < S · depuis E non ferme · depuis S ferme	0+36+0
111fa685	13	1064	fermeture	5293	208	desaccord · E < S · depuis E non ferme · depuis S ferme	36
111fa685	13	458	fermeture	4506	59	desaccord · E < S · depuis E non ferme · depuis S ferme	9
111fa685	16	252	fermeture	4835	439	desaccord · E < S · depuis E non ferme · depuis S ferme	36+36
111fa685	17	494	fermeture	3896	325	desaccord · E < S · depuis E non ferme · depuis S ferme	75+36
111fa685	17	722	fermeture	2601	176	desaccord · E < S · depuis E non ferme · depuis S ferme	82+82
111fa685	17	822	fermeture	4501	233	desaccord · E < S · depuis E non ferme · depuis S ferme	36
111fa685	18	1136	fermeture	3374	277	desaccord · E < S · depuis E non ferme · depuis S ferme	1+36
111fa685	18	392	fermeture	4861	295	desaccord · E < S · depuis E non ferme · depuis S ferme	21+36+11
111fa685	18	938	fermeture	2474	59	desaccord · E < S · depuis E non ferme · depuis S ferme	9
111fa685	18	988	fermeture	3759	474	desaccord · E < S · depuis E non ferme · depuis S ferme	36+36
111fa685	20	1162	fermeture	4208	795	desaccord · E < S · depuis E non ferme · depuis S ferme	7+82+82+36+0
111fa685	21	690	fermeture	4482	577	desaccord · E < S · depuis E non ferme · depuis S ferme	36+1+75+0
111fa685	23	554	fermeture	5041	257	desaccord · E < S · depuis E non ferme · depuis S ferme	36
111fa685	24	14	fermeture	4885	227	desaccord · E < S · depuis E non ferme · depuis S ferme	36
111fa685	26	68	fermeture	6524	519	desaccord · E < S · depuis E non ferme · depuis S ferme	21+36+36
111fa685	27	458	fermeture	6228	84	desaccord · E < S · depuis E non ferme · depuis S ferme	75
111fa685	27	8	fermeture	5524	146	desaccord · E < S · depuis E non ferme · depuis S ferme	9+82
111fa685	7	178	fermeture	4407	647	desaccord · E < S · depuis E non ferme · depuis S ferme	0+38+38+40+36+0
111fa685	8	1112	fermeture	5626	447	desaccord · E < S · depuis E non ferme · depuis S ferme	36+36
111fa685	8	908	fermeture	5280	33	desaccord · E < S · depuis E non ferme · depuis S ferme	38
111fa685	9	422	fermeture	7323	59	desaccord · E < S · depuis E non ferme · depuis S ferme	9
111fa685	9	752	fermeture	5390	330	desaccord · E < S · depuis E non ferme · depuis S ferme	21+36+22
11de8353	10	1004	fermeture	5117	416	desaccord · E < S · depuis E non ferme · depuis S ferme	82+82+36
11de8353	13	1178	fermeture	5290	238	desaccord · E < S · depuis E non ferme · depuis S ferme	36
11de8353	13	120	fermeture	6665	400	desaccord · E < S · depuis E non ferme · depuis S ferme	36+0
11de8353	16	1154	fermeture	6973	840	desaccord · E < S · depuis E non ferme · depuis S ferme	7+36+36+36+1
11de8353	18	736	fermeture	4373	50	desaccord · E < S · depuis E non ferme · depuis S ferme	21+21
11de8353	24	464	fermeture	13970	476	desaccord · E < S · depuis E non ferme · depuis S ferme	36+36
11de8353	25	834	fermeture	3438	176	desaccord · E < S · depuis E non ferme · depuis S ferme	82+82
11de8353	26	1158	fermeture	3906	238	desaccord · E < S · depuis E non ferme · depuis S ferme	36
11de8353	28	640	fermeture	4074	198	desaccord · E < S · depuis E non ferme · depuis S ferme	0
11de8353	8	1064	fermeture	3204	235	desaccord · E < S · depuis E non ferme · depuis S ferme	36
11de8353	9	762	fermeture	3837	176	desaccord · E < S · depuis E non ferme · depuis S ferme	82+82
1c4c63c2	10	1404	fermeture	4826	218	desaccord · E < S · depuis E non ferme · depuis S ferme	36
1c4c63c2	10	2060	fermeture	4167	239	desaccord · E < S · depuis E non ferme · depuis S ferme	0
1c4c63c2	10	2182	fermeture	3939	239	desaccord · E < S · depuis E non ferme · depuis S ferme	0
1c4c63c2	10	340	fermeture	8870	4386	desaccord · E < S · depuis E non ferme · depuis S ferme	36+82+82+82+82+82+82+82+82+82+82+82+82+82+82+82+82
1c4c63c2	10	370	fermeture	5254	247	desaccord · E < S · depuis E non ferme · depuis S ferme	36
1c4c63c2	10	728	fermeture	4462	156	desaccord · E < S · depuis E non ferme · depuis S ferme	0
1c4c63c2	11	1314	fermeture	5834	1705	desaccord · E < S · depuis E non ferme · depuis S ferme	82+82+82+82+82+82+82+82+82
1c4c63c2	11	1420	fermeture	4660	239	desaccord · E < S · depuis E non ferme · depuis S ferme	0
1c4c63c2	11	2126	fermeture	5413	444	desaccord · E < S · depuis E non ferme · depuis S ferme	0+0
1c4c63c2	11	384	fermeture	4585	119	desaccord · E < S · depuis E non ferme · depuis S ferme	1+9
1c4c63c2	12	1780	fermeture	5350	212	desaccord · E < S · depuis E non ferme · depuis S ferme	36
1c4c63c2	13	164	fermeture	6365	262	desaccord · E < S · depuis E non ferme · depuis S ferme	36
1c4c63c2	13	632	fermeture	6603	1078	desaccord · E < S · depuis E non ferme · depuis S ferme	1+1+1+4+1+0+1+1+0+1+75+0
1c4c63c2	13	64	fermeture	2968	266	desaccord · E < S · depuis E non ferme · depuis S ferme	36
1c4c63c2	14	194	fermeture	5918	89	desaccord · E < S · depuis E non ferme · depuis S ferme	82
1c4c63c2	14	2308	fermeture	3851	263	desaccord · E < S · depuis E non ferme · depuis S ferme	36
1c4c63c2	14	54	fermeture	4661	231	desaccord · E < S · depuis E non ferme · depuis S ferme	36+22
1c4c63c2	15	1782	fermeture	3612	26	desaccord · E < S · depuis E non ferme · depuis S ferme	21
1c4c63c2	16	1074	fermeture	3427	146	desaccord · E < S · depuis E non ferme · depuis S ferme	9+82
1c4c63c2	16	1998	fermeture	4958	176	desaccord · E < S · depuis E non ferme · depuis S ferme	82+82
1c4c63c2	16	2122	fermeture	5288	203	desaccord · E < S · depuis E non ferme · depuis S ferme	36
1c4c63c2	16	2220	fermeture	1296	241	desaccord · E < S · depuis E non ferme · depuis S ferme	36
1c4c63c2	17	1056	fermeture	4884	89	desaccord · E < S · depuis E non ferme · depuis S ferme	82
1c4c63c2	17	1276	fermeture	7006	1350	desaccord · E < S · depuis E non ferme · depuis S ferme	82+82+82+82+82+82+82+82
1c4c63c2	17	1344	fermeture	6221	176	desaccord · E < S · depuis E non ferme · depuis S ferme	82+82
1c4c63c2	17	1354	fermeture	5669	33	desaccord · E < S · depuis E non ferme · depuis S ferme	38
1c4c63c2	17	1504	fermeture	5149	233	desaccord · E < S · depuis E non ferme · depuis S ferme	36
1c4c63c2	17	1506	fermeture	5413	162	desaccord · E < S · depuis E non ferme · depuis S ferme	7
1c4c63c2	17	1684	fermeture	4948	235	desaccord · E < S · depuis E non ferme · depuis S ferme	36
1c4c63c2	17	1692	fermeture	4804	89	desaccord · E < S · depuis E non ferme · depuis S ferme	82
1c4c63c2	17	1696	fermeture	4565	244	desaccord · E < S · depuis E non ferme · depuis S ferme	36
1c4c63c2	17	1770	fermeture	4328	26	desaccord · E < S · depuis E non ferme · depuis S ferme	21
1c4c63c2	17	1804	fermeture	4451	244	desaccord · E < S · depuis E non ferme · depuis S ferme	36
1c4c63c2	17	2166	fermeture	2772	213	desaccord · E < S · depuis E non ferme · depuis S ferme	36
1c4c63c2	17	2202	fermeture	4995	543	desaccord · E < S · depuis E non ferme · depuis S ferme	36+119
1c4c63c2	17	2246	fermeture	4882	247	desaccord · E < S · depuis E non ferme · depuis S ferme	36
1c4c63c2	17	2264	fermeture	5023	247	desaccord · E < S · depuis E non ferme · depuis S ferme	36
1c4c63c2	17	2276	fermeture	5212	247	desaccord · E < S · depuis E non ferme · depuis S ferme	36
1c4c63c2	17	2288	fermeture	5300	330	desaccord · E < S · depuis E non ferme · depuis S ferme	36+26
1c4c63c2	17	2294	fermeture	1321	248	desaccord · E < S · depuis E non ferme · depuis S ferme	36+54
1c4c63c2	17	2300	fermeture	5356	247	desaccord · E < S · depuis E non ferme · depuis S ferme	36
1c4c63c2	17	2302	fermeture	5511	176	desaccord · E < S · depuis E non ferme · depuis S ferme	82+82
1c4c63c2	17	556	fermeture	5605	265	desaccord · E < S · depuis E non ferme · depuis S ferme	36
1c4c63c2	17	558	fermeture	4846	26	desaccord · E < S · depuis E non ferme · depuis S ferme	21
1c4c63c2	17	564	fermeture	5287	274	desaccord · E < S · depuis E non ferme · depuis S ferme	36
1c4c63c2	17	586	fermeture	6308	259	desaccord · E < S · depuis E non ferme · depuis S ferme	36
1c4c63c2	17	714	fermeture	5088	186	desaccord · E < S · depuis E non ferme · depuis S ferme	36
1c4c63c2	17	734	fermeture	5748	186	desaccord · E < S · depuis E non ferme · depuis S ferme	36
1c4c63c2	17	742	fermeture	5764	235	desaccord · E < S · depuis E non ferme · depuis S ferme	36
1c4c63c2	17	748	fermeture	5255	33	desaccord · E < S · depuis E non ferme · depuis S ferme	38
1c4c63c2	17	756	fermeture	5301	89	desaccord · E < S · depuis E non ferme · depuis S ferme	82
1c4c63c2	17	762	fermeture	5463	235	desaccord · E < S · depuis E non ferme · depuis S ferme	36
1c4c63c2	17	766	fermeture	5638	353	desaccord · E < S · depuis E non ferme · depuis S ferme	76+82+38+38+82
1c4c63c2	17	782	fermeture	5661	235	desaccord · E < S · depuis E non ferme · depuis S ferme	36
1c4c63c2	17	956	fermeture	4009	59	desaccord · E < S · depuis E non ferme · depuis S ferme	9
1c4c63c2	18	1046	fermeture	4822	262	desaccord · E < S · depuis E non ferme · depuis S ferme	36
1c4c63c2	18	1220	fermeture	4991	171	desaccord · E < S · depuis E non ferme · depuis S ferme	36
1c4c63c2	18	1228	fermeture	5021	33	desaccord · E < S · depuis E non ferme · depuis S ferme	38
1c4c63c2	18	1292	fermeture	4361	214	desaccord · E < S · depuis E non ferme · depuis S ferme	36
1c4c63c2	18	1366	fermeture	4973	239	desaccord · E < S · depuis E non ferme · depuis S ferme	0
1c4c63c2	18	1400	fermeture	4247	163	desaccord · E < S · depuis E non ferme · depuis S ferme	38+38+40
1c4c63c2	18	1650	fermeture	4728	426	desaccord · E < S · depuis E non ferme · depuis S ferme	36+36
1c4c63c2	18	1652	fermeture	4910	89	desaccord · E < S · depuis E non ferme · depuis S ferme	82
1c4c63c2	18	1656	fermeture	5014	239	desaccord · E < S · depuis E non ferme · depuis S ferme	0
1c4c63c2	18	2012	fermeture	6129	89	desaccord · E < S · depuis E non ferme · depuis S ferme	82
1c4c63c2	18	2086	fermeture	6234	26	desaccord · E < S · depuis E non ferme · depuis S ferme	21
1c4c63c2	18	304	fermeture	4489	212	desaccord · E < S · depuis E non ferme · depuis S ferme	36
1c4c63c2	18	694	fermeture	5221	156	desaccord · E < S · depuis E non ferme · depuis S ferme	0
1c4c63c2	18	790	fermeture	4615	89	desaccord · E < S · depuis E non ferme · depuis S ferme	82
1c4c63c2	18	792	fermeture	4845	263	desaccord · E < S · depuis E non ferme · depuis S ferme	36
1c4c63c2	18	810	fermeture	5029	263	desaccord · E < S · depuis E non ferme · depuis S ferme	36
1c4c63c2	18	864	fermeture	4678	266	desaccord · E < S · depuis E non ferme · depuis S ferme	36
1c4c63c2	18	902	fermeture	4842	117	desaccord · E < S · depuis E non ferme · depuis S ferme	76
1c4c63c2	18	904	fermeture	4861	266	desaccord · E < S · depuis E non ferme · depuis S ferme	36
1c4c63c2	19	1300	fermeture	4096	434	desaccord · E < S · depuis E non ferme · depuis S ferme	103+0+0
1c4c63c2	19	1348	fermeture	4045	176	desaccord · E < S · depuis E non ferme · depuis S ferme	82+82
1c4c63c2	19	1356	fermeture	4286	89	desaccord · E < S · depuis E non ferme · depuis S ferme	82
1c4c63c2	19	206	fermeture	3794	266	desaccord · E < S · depuis E non ferme · depuis S ferme	36
1c4c63c2	19	302	fermeture	3828	196	desaccord · E < S · depuis E non ferme · depuis S ferme	36
1c4c63c2	19	310	fermeture	3888	241	desaccord · E < S · depuis E non ferme · depuis S ferme	36
1c4c63c2	20	1482	fermeture	7222	1705	desaccord · E < S · depuis E non ferme · depuis S ferme	82+82+82+82+82+82+82+82+82
1c4c63c2	20	1590	fermeture	4615	227	desaccord · E < S · depuis E non ferme · depuis S ferme	36
1c4c63c2	20	1602	fermeture	4235	26	desaccord · E < S · depuis E non ferme · depuis S ferme	21
1c4c63c2	20	1690	fermeture	4298	156	desaccord · E < S · depuis E non ferme · depuis S ferme	0
1c4c63c2	20	1706	fermeture	4427	156	desaccord · E < S · depuis E non ferme · depuis S ferme	0
1c4c63c2	20	2034	fermeture	5246	246	desaccord · E < S · depuis E non ferme · depuis S ferme	36+22
1c4c63c2	20	2094	fermeture	4673	242	desaccord · E < S · depuis E non ferme · depuis S ferme	36
1c4c63c2	20	386	fermeture	5058	176	desaccord · E < S · depuis E non ferme · depuis S ferme	82+82
1c4c63c2	20	614	fermeture	5192	244	desaccord · E < S · depuis E non ferme · depuis S ferme	36
1c4c63c2	20	664	fermeture	5581	285	desaccord · E < S · depuis E non ferme · depuis S ferme	36
1c4c63c2	20	830	fermeture	6206	195	desaccord · E < S · depuis E non ferme · depuis S ferme	36
1c4c63c2	20	960	fermeture	5983	165	desaccord · E < S · depuis E non ferme · depuis S ferme	36
1c4c63c2	20	962	fermeture	5895	57	desaccord · E < S · depuis E non ferme · depuis S ferme	21+38
1c4c63c2	20	994	fermeture	5884	165	desaccord · E < S · depuis E non ferme · depuis S ferme	36
1c4c63c2	20	998	fermeture	7804	1575	desaccord · E < S · depuis E non ferme · depuis S ferme	36+82+82+82+82+82+82+82+82
1c4c63c2	21	1148	fermeture	5182	146	desaccord · E < S · depuis E non ferme · depuis S ferme	9+82
1c4c63c2	21	1210	fermeture	5121	238	desaccord · E < S · depuis E non ferme · depuis S ferme	36
1c4c63c2	21	1246	fermeture	5244	26	desaccord · E < S · depuis E non ferme · depuis S ferme	21
1c4c63c2	21	1578	fermeture	4988	233	desaccord · E < S · depuis E non ferme · depuis S ferme	36
1c4c63c2	21	162	fermeture	6234	89	desaccord · E < S · depuis E non ferme · depuis S ferme	82
1c4c63c2	21	1640	fermeture	4054	64	desaccord · E < S · depuis E non ferme · depuis S ferme	38+38
1c4c63c2	21	2038	fermeture	4237	85	desaccord · E < S · depuis E non ferme · depuis S ferme	75
1c4c63c2	21	262	fermeture	789	203	desaccord · E < S · depuis E non ferme · depuis S ferme	36
1c4c63c2	21	392	fermeture	5093	328	desaccord · E < S · depuis E non ferme · depuis S ferme	82+36
1c4c63c2	21	394	fermeture	6580	89	desaccord · E < S · depuis E non ferme · depuis S ferme	82
1c4c63c2	21	400	fermeture	5094	270	desaccord · E < S · depuis E non ferme · depuis S ferme	36
1c4c63c2	21	470	fermeture	5389	212	desaccord · E < S · depuis E non ferme · depuis S ferme	36
1c4c63c2	21	472	fermeture	5309	186	desaccord · E < S · depuis E non ferme · depuis S ferme	36
1c4c63c2	21	532	fermeture	5844	372	desaccord · E < S · depuis E non ferme · depuis S ferme	1+75+0
1c4c63c2	21	542	fermeture	5796	146	desaccord · E < S · depuis E non ferme · depuis S ferme	9+82
1c4c63c2	21	606	fermeture	5511	117	desaccord · E < S · depuis E non ferme · depuis S ferme	76
1c4c63c2	21	636	fermeture	5572	241	desaccord · E < S · depuis E non ferme · depuis S ferme	36
1c4c63c2	21	876	fermeture	5549	196	desaccord · E < S · depuis E non ferme · depuis S ferme	36
1c4c63c2	21	882	fermeture	5070	270	desaccord · E < S · depuis E non ferme · depuis S ferme	36
1c4c63c2	22	1026	fermeture	5081	79	desaccord · E < S · depuis E non ferme · depuis S ferme	75
1c4c63c2	22	1072	fermeture	5958	407	desaccord · E < S · depuis E non ferme · depuis S ferme	22+1+75+0
1c4c63c2	22	1350	fermeture	4607	89	desaccord · E < S · depuis E non ferme · depuis S ferme	82
1c4c63c2	22	1886	fermeture	4291	89	desaccord · E < S · depuis E non ferme · depuis S ferme	82
1c4c63c2	22	1890	fermeture	3975	89	desaccord · E < S · depuis E non ferme · depuis S ferme	82
1c4c63c2	22	2074	fermeture	4694	158	desaccord · E < S · depuis E non ferme · depuis S ferme	0
1c4c63c2	22	2076	fermeture	13284	8369	desaccord · E < S · depuis E non ferme · depuis S ferme	82+82+82+82+82+82+82+82+82+82+82+82+82+82+82+82+82+82+82+82+82+82+82+82+82+82+82+82+82+82+82+82+82+82+82+82+82+82+82+82+82+82+82+82+82+82+82+82+82+82+82+82+82+82+82+82+82+82+82+82+82+82+82+82+82+82+82+82+82+82+82+82+82
1c4c63c2	22	2078	fermeture	5697	1267	desaccord · E < S · depuis E non ferme · depuis S ferme	76+76+76+76+76+76+76+76+76+76+76
1c4c63c2	22	2082	fermeture	6008	89	desaccord · E < S · depuis E non ferme · depuis S ferme	82
1c4c63c2	22	2090	fermeture	4525	238	desaccord · E < S · depuis E non ferme · depuis S ferme	36
1c4c63c2	22	336	fermeture	5227	242	desaccord · E < S · depuis E non ferme · depuis S ferme	36
1c4c63c2	22	346	fermeture	4989	242	desaccord · E < S · depuis E non ferme · depuis S ferme	36
1c4c63c2	22	446	fermeture	5286	233	desaccord · E < S · depuis E non ferme · depuis S ferme	36
1c4c63c2	22	514	fermeture	5709	146	desaccord · E < S · depuis E non ferme · depuis S ferme	82+9
1c4c63c2	22	62	fermeture	9022	3698	desaccord · E < S · depuis E non ferme · depuis S ferme	82+82+82+82+82+82+82+82+82+82+82+82+82+82+82+82+82+82+82+82+82+82+82+82
1c4c63c2	22	624	fermeture	6575	89	desaccord · E < S · depuis E non ferme · depuis S ferme	82
1c4c63c2	22	628	fermeture	6344	117	desaccord · E < S · depuis E non ferme · depuis S ferme	76
1c4c63c2	22	642	fermeture	6376	100	desaccord · E < S · depuis E non ferme · depuis S ferme	103+9
1c4c63c2	23	1050	fermeture	4624	245	desaccord · E < S · depuis E non ferme · depuis S ferme	36
1c4c63c2	23	1090	fermeture	4564	33	desaccord · E < S · depuis E non ferme · depuis S ferme	38
1c4c63c2	23	1096	fermeture	4735	26	desaccord · E < S · depuis E non ferme · depuis S ferme	21
1c4c63c2	23	1122	fermeture	5205	257	desaccord · E < S · depuis E non ferme · depuis S ferme	36
1c4c63c2	23	1982	fermeture	4868	203	desaccord · E < S · depuis E non ferme · depuis S ferme	36
1c4c63c2	23	22	fermeture	5482	233	desaccord · E < S · depuis E non ferme · depuis S ferme	36
1c4c63c2	23	428	fermeture	4791	239	desaccord · E < S · depuis E non ferme · depuis S ferme	0
1c4c63c2	23	52	fermeture	6171	59	desaccord · E < S · depuis E non ferme · depuis S ferme	9
1c4c63c2	23	650	fermeture	5000	229	desaccord · E < S · depuis E non ferme · depuis S ferme	36
1c4c63c2	23	710	fermeture	4587	33	desaccord · E < S · depuis E non ferme · depuis S ferme	38
1c4c63c2	23	740	fermeture	4844	229	desaccord · E < S · depuis E non ferme · depuis S ferme	36
1c4c63c2	23	892	fermeture	4364	26	desaccord · E < S · depuis E non ferme · depuis S ferme	21
1c4c63c2	24	1026	fermeture	5094	333	desaccord · E < S · depuis E non ferme · depuis S ferme	76+36
1c4c63c2	24	1066	fermeture	5558	469	desaccord · E < S · depuis E non ferme · depuis S ferme	36+36
1c4c63c2	24	1074	fermeture	5438	218	desaccord · E < S · depuis E non ferme · depuis S ferme	36
1c4c63c2	24	1200	fermeture	4565	85	desaccord · E < S · depuis E non ferme · depuis S ferme	75
1c4c63c2	24	1248	fermeture	4532	26	desaccord · E < S · depuis E non ferme · depuis S ferme	21
1c4c63c2	24	1258	fermeture	4748	59	desaccord · E < S · depuis E non ferme · depuis S ferme	9
1c4c63c2	24	1272	fermeture	4845	238	desaccord · E < S · depuis E non ferme · depuis S ferme	36
1c4c63c2	24	1292	fermeture	4781	182	desaccord · E < S · depuis E non ferme · depuis S ferme	21+0
1c4c63c2	24	1300	fermeture	5210	122	desaccord · E < S · depuis E non ferme · depuis S ferme	1+1
1c4c63c2	24	156	fermeture	5677	1705	desaccord · E < S · depuis E non ferme · depuis S ferme	82+82+82+82+82+82+82+82+82
1c4c63c2	24	158	fermeture	5599	2056	desaccord · E < S · depuis E non ferme · depuis S ferme	75+82+82+82+82+82+82+82+82+82
1c4c63c2	24	170	fermeture	332	221	desaccord · E < S · depuis E non ferme · depuis S ferme	36
1c4c63c2	24	2038	fermeture	5372	242	desaccord · E < S · depuis E non ferme · depuis S ferme	36
1c4c63c2	24	2062	fermeture	4854	89	desaccord · E < S · depuis E non ferme · depuis S ferme	82
1c4c63c2	24	2184	fermeture	3102	156	desaccord · E < S · depuis E non ferme · depuis S ferme	0
1c4c63c2	24	2190	fermeture	4791	454	desaccord · E < S · depuis E non ferme · depuis S ferme	0+0+9+82
1c4c63c2	24	2212	fermeture	4358	156	desaccord · E < S · depuis E non ferme · depuis S ferme	0
1c4c63c2	24	2214	fermeture	4123	243	desaccord · E < S · depuis E non ferme · depuis S ferme	82+0
1c4c63c2	24	2216	fermeture	5038	156	desaccord · E < S · depuis E non ferme · depuis S ferme	0
1c4c63c2	24	2218	fermeture	4373	156	desaccord · E < S · depuis E non ferme · depuis S ferme	0
1c4c63c2	24	2394	fermeture	4639	176	desaccord · E < S · depuis E non ferme · depuis S ferme	82+82
1c4c63c2	24	260	fermeture	4941	233	desaccord · E < S · depuis E non ferme · depuis S ferme	21+36
1c4c63c2	24	262	fermeture	5021	217	desaccord · E < S · depuis E non ferme · depuis S ferme	36
1c4c63c2	24	350	fermeture	3393	208	desaccord · E < S · depuis E non ferme · depuis S ferme	38+0
1c4c63c2	24	510	fermeture	5201	272	desaccord · E < S · depuis E non ferme · depuis S ferme	36+22
1c4c63c2	24	520	fermeture	5587	452	desaccord · E < S · depuis E non ferme · depuis S ferme	36+36
1c4c63c2	24	526	fermeture	4919	89	desaccord · E < S · depuis E non ferme · depuis S ferme	82
1c4c63c2	24	548	fermeture	4983	33	desaccord · E < S · depuis E non ferme · depuis S ferme	38
1c4c63c2	24	60	fermeture	5405	233	desaccord · E < S · depuis E non ferme · depuis S ferme	36
1c4c63c2	24	752	fermeture	5602	212	desaccord · E < S · depuis E non ferme · depuis S ferme	36
1c4c63c2	24	766	fermeture	5539	89	desaccord · E < S · depuis E non ferme · depuis S ferme	82
1c4c63c2	24	816	fermeture	5898	247	desaccord · E < S · depuis E non ferme · depuis S ferme	36
1c4c63c2	24	818	fermeture	6160	440	desaccord · E < S · depuis E non ferme · depuis S ferme	36+0
1c4c63c2	24	820	fermeture	5944	229	desaccord · E < S · depuis E non ferme · depuis S ferme	36
1c4c63c2	24	910	fermeture	5280	238	desaccord · E < S · depuis E non ferme · depuis S ferme	21+36
1c4c63c2	25	1002	fermeture	4204	26	desaccord · E < S · depuis E non ferme · depuis S ferme	21
1c4c63c2	25	1004	fermeture	4574	212	desaccord · E < S · depuis E non ferme · depuis S ferme	36
1c4c63c2	25	1130	fermeture	4352	85	desaccord · E < S · depuis E non ferme · depuis S ferme	75
1c4c63c2	25	1292	fermeture	4866	176	desaccord · E < S · depuis E non ferme · depuis S ferme	82+82
1c4c63c2	25	1492	fermeture	4904	231	desaccord · E < S · depuis E non ferme · depuis S ferme	36+22
1c4c63c2	25	1502	fermeture	5267	250	desaccord · E < S · depuis E non ferme · depuis S ferme	36
1c4c63c2	25	1614	fermeture	4000	280	desaccord · E < S · depuis E non ferme · depuis S ferme	36
1c4c63c2	25	1676	fermeture	5388	218	desaccord · E < S · depuis E non ferme · depuis S ferme	36
1c4c63c2	25	1682	fermeture	5521	427	desaccord · E < S · depuis E non ferme · depuis S ferme	36+36
1c4c63c2	25	1684	fermeture	4963	218	desaccord · E < S · depuis E non ferme · depuis S ferme	36
1c4c63c2	25	1686	fermeture	5258	218	desaccord · E < S · depuis E non ferme · depuis S ferme	36
1c4c63c2	25	1692	fermeture	6148	664	desaccord · E < S · depuis E non ferme · depuis S ferme	82+82+36+36
1c4c63c2	25	1694	fermeture	5390	301	desaccord · E < S · depuis E non ferme · depuis S ferme	75+36
1c4c63c2	25	1696	fermeture	5253	218	desaccord · E < S · depuis E non ferme · depuis S ferme	36
1c4c63c2	25	1732	fermeture	5536	235	desaccord · E < S · depuis E non ferme · depuis S ferme	36
1c4c63c2	25	1752	fermeture	5349	231	desaccord · E < S · depuis E non ferme · depuis S ferme	36+22
1c4c63c2	25	1806	fermeture	4645	241	desaccord · E < S · depuis E non ferme · depuis S ferme	36
1c4c63c2	25	1822	fermeture	4909	26	desaccord · E < S · depuis E non ferme · depuis S ferme	21
1c4c63c2	25	1836	fermeture	5188	434	desaccord · E < S · depuis E non ferme · depuis S ferme	36+36
1c4c63c2	25	1838	fermeture	4724	59	desaccord · E < S · depuis E non ferme · depuis S ferme	9
1c4c63c2	25	1876	fermeture	5277	295	desaccord · E < S · depuis E non ferme · depuis S ferme	36+92+53+4
1c4c63c2	25	1900	fermeture	4638	233	desaccord · E < S · depuis E non ferme · depuis S ferme	36
1c4c63c2	25	1910	fermeture	4645	251	desaccord · E < S · depuis E non ferme · depuis S ferme	36
1c4c63c2	25	1914	fermeture	4903	233	desaccord · E < S · depuis E non ferme · depuis S ferme	36
1c4c63c2	25	1920	fermeture	4196	271	desaccord · E < S · depuis E non ferme · depuis S ferme	21+36
1c4c63c2	25	1926	fermeture	5085	263	desaccord · E < S · depuis E non ferme · depuis S ferme	36
1c4c63c2	25	1940	fermeture	4991	508	desaccord · E < S · depuis E non ferme · depuis S ferme	36+0
1c4c63c2	25	1946	fermeture	6453	1945	desaccord · E < S · depuis E non ferme · depuis S ferme	36+82+82+82+82+82+82+82+82+82
1c4c63c2	25	1960	fermeture	4402	269	desaccord · E < S · depuis E non ferme · depuis S ferme	36
1c4c63c2	25	1966	fermeture	4052	258	desaccord · E < S · depuis E non ferme · depuis S ferme	36
1c4c63c2	25	1972	fermeture	4572	266	desaccord · E < S · depuis E non ferme · depuis S ferme	36
1c4c63c2	25	1976	fermeture	4257	247	desaccord · E < S · depuis E non ferme · depuis S ferme	36
1c4c63c2	25	1990	fermeture	12963	269	desaccord · E < S · depuis E non ferme · depuis S ferme	36
1c4c63c2	25	2026	fermeture	618	1219	desaccord · E > S · depuis E non ferme · depuis S ferme	36+16+86
1c4c63c2	25	210	fermeture	4068	89	desaccord · E < S · depuis E non ferme · depuis S ferme	82
1c4c63c2	25	2256	fermeture	3409	33	desaccord · E < S · depuis E non ferme · depuis S ferme	38
1c4c63c2	25	270	fermeture	4349	59	desaccord · E < S · depuis E non ferme · depuis S ferme	9
1c4c63c2	25	332	fermeture	4101	208	desaccord · E < S · depuis E non ferme · depuis S ferme	38+38+9+82
1c4c63c2	25	358	fermeture	4901	272	desaccord · E < S · depuis E non ferme · depuis S ferme	36
1c4c63c2	25	426	fermeture	4676	220	desaccord · E < S · depuis E non ferme · depuis S ferme	36
1c4c63c2	25	436	fermeture	4895	220	desaccord · E < S · depuis E non ferme · depuis S ferme	36
1c4c63c2	25	448	fermeture	4537	26	desaccord · E < S · depuis E non ferme · depuis S ferme	21
1c4c63c2	25	636	fermeture	8129	1939	desaccord · E < S · depuis E non ferme · depuis S ferme	36+82+82+82+82+82+82+82+82+82
1c4c63c2	25	638	fermeture	5583	116	desaccord · E < S · depuis E non ferme · depuis S ferme	75+38
1c4c63c2	25	658	fermeture	5443	117	desaccord · E < S · depuis E non ferme · depuis S ferme	76
1c4c63c2	25	680	fermeture	5189	212	desaccord · E < S · depuis E non ferme · depuis S ferme	36
1c4c63c2	25	682	fermeture	6260	59	desaccord · E < S · depuis E non ferme · depuis S ferme	9
1c4c63c2	25	730	fermeture	5108	89	desaccord · E < S · depuis E non ferme · depuis S ferme	82
1c4c63c2	25	768	fermeture	6398	1350	desaccord · E < S · depuis E non ferme · depuis S ferme	82+82+82+82+82+82+82+82
1c4c63c2	25	856	fermeture	4901	26	desaccord · E < S · depuis E non ferme · depuis S ferme	21
1c4c63c2	25	914	fermeture	4714	59	desaccord · E < S · depuis E non ferme · depuis S ferme	9
1c4c63c2	25	916	fermeture	4754	50	desaccord · E < S · depuis E non ferme · depuis S ferme	21+21
1c4c63c2	25	928	fermeture	5083	242	desaccord · E < S · depuis E non ferme · depuis S ferme	36+118
1c4c63c2	25	936	fermeture	5658	261	desaccord · E < S · depuis E non ferme · depuis S ferme	36
1c4c63c2	25	942	fermeture	5620	296	desaccord · E < S · depuis E non ferme · depuis S ferme	36
1c4c63c2	25	944	fermeture	5018	238	desaccord · E < S · depuis E non ferme · depuis S ferme	36
1c4c63c2	26	1052	fermeture	4087	437	desaccord · E < S · depuis E non ferme · depuis S ferme	0+0
1c4c63c2	26	1326	fermeture	4108	79	desaccord · E < S · depuis E non ferme · depuis S ferme	75
1c4c63c2	26	1408	fermeture	4349	253	desaccord · E < S · depuis E non ferme · depuis S ferme	36+25
1c4c63c2	26	144	fermeture	2316	263	desaccord · E < S · depuis E non ferme · depuis S ferme	36
1c4c63c2	26	1442	fermeture	5190	209	desaccord · E < S · depuis E non ferme · depuis S ferme	36
1c4c63c2	26	1448	fermeture	4959	460	desaccord · E < S · depuis E non ferme · depuis S ferme	36+36
1c4c63c2	26	1512	fermeture	4086	117	desaccord · E < S · depuis E non ferme · depuis S ferme	76
1c4c63c2	26	1514	fermeture	4109	208	desaccord · E < S · depuis E non ferme · depuis S ferme	0
1c4c63c2	26	1516	fermeture	3679	225	desaccord · E < S · depuis E non ferme · depuis S ferme	36
1c4c63c2	26	1812	fermeture	5233	89	desaccord · E < S · depuis E non ferme · depuis S ferme	82
1c4c63c2	26	2030	fermeture	12267	241	desaccord · E < S · depuis E non ferme · depuis S ferme	36
1c4c63c2	26	358	fermeture	4529	285	desaccord · E < S · depuis E non ferme · depuis S ferme	36
1c4c63c2	26	526	fermeture	4361	212	desaccord · E < S · depuis E non ferme · depuis S ferme	36
1c4c63c2	26	536	fermeture	4626	431	desaccord · E < S · depuis E non ferme · depuis S ferme	76+75+36
1c4c63c2	26	544	fermeture	4229	233	desaccord · E < S · depuis E non ferme · depuis S ferme	36
1c4c63c2	26	548	fermeture	4445	260	desaccord · E < S · depuis E non ferme · depuis S ferme	21+36
1c4c63c2	26	564	fermeture	4693	375	desaccord · E < S · depuis E non ferme · depuis S ferme	82+36+57
1c4c63c2	26	574	fermeture	4153	452	desaccord · E < S · depuis E non ferme · depuis S ferme	36+36
1c4c63c2	26	576	fermeture	4160	176	desaccord · E < S · depuis E non ferme · depuis S ferme	82+82
1c4c63c2	26	580	fermeture	4324	236	desaccord · E < S · depuis E non ferme · depuis S ferme	36
1c4c63c2	26	584	fermeture	4301	231	desaccord · E < S · depuis E non ferme · depuis S ferme	36+22
1c4c63c2	26	588	fermeture	4527	176	desaccord · E < S · depuis E non ferme · depuis S ferme	82+82
1c4c63c2	26	594	fermeture	4270	233	desaccord · E < S · depuis E non ferme · depuis S ferme	36
1c4c63c2	26	620	fermeture	4461	89	desaccord · E < S · depuis E non ferme · depuis S ferme	82
1c4c63c2	26	622	fermeture	6365	89	desaccord · E < S · depuis E non ferme · depuis S ferme	82
1c4c63c2	26	714	fermeture	4340	239	desaccord · E < S · depuis E non ferme · depuis S ferme	0
1c4c63c2	26	718	fermeture	4401	236	desaccord · E < S · depuis E non ferme · depuis S ferme	36
1c4c63c2	26	722	fermeture	4384	250	desaccord · E < S · depuis E non ferme · depuis S ferme	36
1c4c63c2	26	872	fermeture	5909	374	desaccord · E < S · depuis E non ferme · depuis S ferme	82+82+0
1c4c63c2	26	924	fermeture	5519	454	desaccord · E < S · depuis E non ferme · depuis S ferme	36+36
1c4c63c2	26	926	fermeture	5245	233	desaccord · E < S · depuis E non ferme · depuis S ferme	36
1c4c63c2	26	932	fermeture	5302	333	desaccord · E < S · depuis E non ferme · depuis S ferme	76+36
1c4c63c2	26	934	fermeture	5262	233	desaccord · E < S · depuis E non ferme · depuis S ferme	36
1c4c63c2	26	952	fermeture	4866	239	desaccord · E < S · depuis E non ferme · depuis S ferme	0
1c4c63c2	26	990	fermeture	5116	231	desaccord · E < S · depuis E non ferme · depuis S ferme	0
1c4c63c2	27	1012	fermeture	3016	59	desaccord · E < S · depuis E non ferme · depuis S ferme	9
1c4c63c2	27	1014	fermeture	2971	85	desaccord · E < S · depuis E non ferme · depuis S ferme	75
1c4c63c2	27	1142	fermeture	4786	158	desaccord · E < S · depuis E non ferme · depuis S ferme	7
1c4c63c2	27	1168	fermeture	4888	267	desaccord · E < S · depuis E non ferme · depuis S ferme	36
1c4c63c2	27	1232	fermeture	4829	84	desaccord · E < S · depuis E non ferme · depuis S ferme	75
1c4c63c2	27	1240	fermeture	4773	186	desaccord · E < S · depuis E non ferme · depuis S ferme	36
1c4c63c2	27	1242	fermeture	4240	39	desaccord · E < S · depuis E non ferme · depuis S ferme	1
1c4c63c2	27	1250	fermeture	4709	59	desaccord · E < S · depuis E non ferme · depuis S ferme	9
1c4c63c2	27	1254	fermeture	4773	186	desaccord · E < S · depuis E non ferme · depuis S ferme	36
1c4c63c2	27	1292	fermeture	4771	186	desaccord · E < S · depuis E non ferme · depuis S ferme	36
1c4c63c2	27	1722	fermeture	6324	357	desaccord · E < S · depuis E non ferme · depuis S ferme	82+36
1c4c63c2	27	1880	fermeture	4025	241	desaccord · E < S · depuis E non ferme · depuis S ferme	36
1c4c63c2	27	190	fermeture	4999	259	desaccord · E < S · depuis E non ferme · depuis S ferme	36
1c4c63c2	27	2106	fermeture	6964	89	desaccord · E < S · depuis E non ferme · depuis S ferme	82
1c4c63c2	27	230	fermeture	4647	89	desaccord · E < S · depuis E non ferme · depuis S ferme	82
1c4c63c2	27	2326	fermeture	5815	176	desaccord · E < S · depuis E non ferme · depuis S ferme	82+82
1c4c63c2	27	548	fermeture	6061	241	desaccord · E < S · depuis E non ferme · depuis S ferme	36
1c4c63c2	27	592	fermeture	5831	503	desaccord · E < S · depuis E non ferme · depuis S ferme	36+36
1c4c63c2	27	622	fermeture	5211	220	desaccord · E < S · depuis E non ferme · depuis S ferme	36
1c4c63c2	27	664	fermeture	4702	33	desaccord · E < S · depuis E non ferme · depuis S ferme	38
1c4c63c2	27	702	fermeture	5581	241	desaccord · E < S · depuis E non ferme · depuis S ferme	36
1c4c63c2	27	728	fermeture	4932	270	desaccord · E < S · depuis E non ferme · depuis S ferme	36
1c4c63c2	27	742	fermeture	4095	59	desaccord · E < S · depuis E non ferme · depuis S ferme	9
1c4c63c2	27	746	fermeture	4240	117	desaccord · E < S · depuis E non ferme · depuis S ferme	76
1c4c63c2	28	1128	fermeture	3783	218	desaccord · E < S · depuis E non ferme · depuis S ferme	36
1c4c63c2	28	1582	fermeture	2327	59	desaccord · E < S · depuis E non ferme · depuis S ferme	9
1c4c63c2	28	512	fermeture	5031	158	desaccord · E < S · depuis E non ferme · depuis S ferme	0
1c4c63c2	28	936	fermeture	4565	218	desaccord · E < S · depuis E non ferme · depuis S ferme	36
1c4c63c2	29	2176	fermeture	3534	85	desaccord · E < S · depuis E non ferme · depuis S ferme	75
1c4c63c2	29	2290	fermeture	5561	203	desaccord · E < S · depuis E non ferme · depuis S ferme	36
1c4c63c2	29	414	fermeture	2291	1687	desaccord · E < S · depuis E non ferme · depuis S ferme	82+82+82+82+82+82+82+82+82+82
1c4c63c2	29	552	fermeture	4236	156	desaccord · E < S · depuis E non ferme · depuis S ferme	0
1c4c63c2	29	554	fermeture	4130	156	desaccord · E < S · depuis E non ferme · depuis S ferme	0
1c4c63c2	29	556	fermeture	4690	156	desaccord · E < S · depuis E non ferme · depuis S ferme	0
1c4c63c2	29	558	fermeture	4294	156	desaccord · E < S · depuis E non ferme · depuis S ferme	0
1c4c63c2	29	564	fermeture	4625	156	desaccord · E < S · depuis E non ferme · depuis S ferme	0
1c4c63c2	29	566	fermeture	4438	156	desaccord · E < S · depuis E non ferme · depuis S ferme	0
1c4c63c2	29	590	fermeture	6608	1705	desaccord · E < S · depuis E non ferme · depuis S ferme	82+82+82+82+82+82+82+82+82
1c4c63c2	29	618	fermeture	4766	156	desaccord · E < S · depuis E non ferme · depuis S ferme	0
1c4c63c2	29	620	fermeture	4840	156	desaccord · E < S · depuis E non ferme · depuis S ferme	0
1c4c63c2	29	622	fermeture	4735	156	desaccord · E < S · depuis E non ferme · depuis S ferme	0
1c4c63c2	29	626	fermeture	4999	156	desaccord · E < S · depuis E non ferme · depuis S ferme	0
1c4c63c2	30	1184	fermeture	4287	83	desaccord · E < S · depuis E non ferme · depuis S ferme	21+9
1c4c63c2	30	1318	fermeture	6944	275	desaccord · E < S · depuis E non ferme · depuis S ferme	36+21
1c4c63c2	30	1322	fermeture	5672	85	desaccord · E < S · depuis E non ferme · depuis S ferme	75
1c4c63c2	30	1326	fermeture	5677	117	desaccord · E < S · depuis E non ferme · depuis S ferme	76
1c4c63c2	30	1370	fermeture	5247	200	desaccord · E < S · depuis E non ferme · depuis S ferme	76+75
1c4c63c2	30	1372	fermeture	5355	212	desaccord · E < S · depuis E non ferme · depuis S ferme	36
1c4c63c2	30	1412	fermeture	4713	233	desaccord · E < S · depuis E non ferme · depuis S ferme	36
1c4c63c2	30	1552	fermeture	5041	242	desaccord · E < S · depuis E non ferme · depuis S ferme	36
1c4c63c2	30	1780	fermeture	5660	89	desaccord · E < S · depuis E non ferme · depuis S ferme	82
1c4c63c2	30	2208	fermeture	4206	299	desaccord · E < S · depuis E non ferme · depuis S ferme	9+36
1c4c63c2	30	304	fermeture	5478	235	desaccord · E < S · depuis E non ferme · depuis S ferme	36+24
1c4c63c2	30	308	fermeture	4793	33	desaccord · E < S · depuis E non ferme · depuis S ferme	38
1c4c63c2	30	310	fermeture	4816	26	desaccord · E < S · depuis E non ferme · depuis S ferme	21
1c4c63c2	30	416	fermeture	5209	242	desaccord · E < S · depuis E non ferme · depuis S ferme	36
1c4c63c2	30	440	fermeture	4675	247	desaccord · E < S · depuis E non ferme · depuis S ferme	36
1c4c63c2	30	656	fermeture	5000	89	desaccord · E < S · depuis E non ferme · depuis S ferme	82
1c4c63c2	30	88	fermeture	13068	273	desaccord · E < S · depuis E non ferme · depuis S ferme	36+109
1c4c63c2	30	896	fermeture	4384	89	desaccord · E < S · depuis E non ferme · depuis S ferme	82
1c4c63c2	30	898	fermeture	6765	89	desaccord · E < S · depuis E non ferme · depuis S ferme	82
1c4c63c2	30	902	fermeture	5187	213	desaccord · E < S · depuis E non ferme · depuis S ferme	36
1c4c63c2	30	912	fermeture	4847	244	desaccord · E < S · depuis E non ferme · depuis S ferme	36
1c4c63c2	30	922	fermeture	4722	186	desaccord · E < S · depuis E non ferme · depuis S ferme	36
1c4c63c2	30	924	fermeture	4517	26	desaccord · E < S · depuis E non ferme · depuis S ferme	21
1c4c63c2	30	928	fermeture	4817	89	desaccord · E < S · depuis E non ferme · depuis S ferme	82
1c4c63c2	30	932	fermeture	5213	292	desaccord · E < S · depuis E non ferme · depuis S ferme	9+36
1c4c63c2	30	942	fermeture	4868	244	desaccord · E < S · depuis E non ferme · depuis S ferme	36
1c4c63c2	30	958	fermeture	4678	150	desaccord · E < S · depuis E non ferme · depuis S ferme	75+21+1
1c4c63c2	31	1028	fermeture	4989	362	desaccord · E < S · depuis E non ferme · depuis S ferme	1+75+0
1c4c63c2	31	1102	fermeture	4486	79	desaccord · E < S · depuis E non ferme · depuis S ferme	75
1c4c63c2	31	1110	fermeture	4612	89	desaccord · E < S · depuis E non ferme · depuis S ferme	82
1c4c63c2	31	1146	fermeture	4852	304	desaccord · E < S · depuis E non ferme · depuis S ferme	36+46
1c4c63c2	31	1378	fermeture	4911	233	desaccord · E < S · depuis E non ferme · depuis S ferme	36
1c4c63c2	31	1408	fermeture	5623	418	desaccord · E < S · depuis E non ferme · depuis S ferme	38+38+40+36
1c4c63c2	31	1642	fermeture	6134	33	desaccord · E < S · depuis E non ferme · depuis S ferme	38
1c4c63c2	31	1656	fermeture	5630	227	desaccord · E < S · depuis E non ferme · depuis S ferme	36
1c4c63c2	31	874	fermeture	3676	285	desaccord · E < S · depuis E non ferme · depuis S ferme	36+21
1c4c63c2	31	970	fermeture	4176	26	desaccord · E < S · depuis E non ferme · depuis S ferme	21
1c4c63c2	32	1134	fermeture	4207	26	desaccord · E < S · depuis E non ferme · depuis S ferme	21
1c4c63c2	32	1138	fermeture	3928	239	desaccord · E < S · depuis E non ferme · depuis S ferme	0
1c4c63c2	32	1150	fermeture	4278	206	desaccord · E < S · depuis E non ferme · depuis S ferme	0+22
1c4c63c2	32	1152	fermeture	4285	398	desaccord · E < S · depuis E non ferme · depuis S ferme	0+0
1c4c63c2	32	1156	fermeture	4350	161	desaccord · E < S · depuis E non ferme · depuis S ferme	0
1c4c63c2	32	1158	fermeture	4142	161	desaccord · E < S · depuis E non ferme · depuis S ferme	0
1c4c63c2	32	1160	fermeture	4195	161	desaccord · E < S · depuis E non ferme · depuis S ferme	0
1c4c63c2	32	1162	fermeture	4343	161	desaccord · E < S · depuis E non ferme · depuis S ferme	0
1c4c63c2	32	1164	fermeture	4327	161	desaccord · E < S · depuis E non ferme · depuis S ferme	0
1c4c63c2	32	1168	fermeture	4511	398	desaccord · E < S · depuis E non ferme · depuis S ferme	0+0
1c4c63c2	32	1172	fermeture	4525	161	desaccord · E < S · depuis E non ferme · depuis S ferme	0
1c4c63c2	32	1176	fermeture	4302	161	desaccord · E < S · depuis E non ferme · depuis S ferme	0
1c4c63c2	32	1178	fermeture	4224	161	desaccord · E < S · depuis E non ferme · depuis S ferme	0
1c4c63c2	32	1186	fermeture	4499	161	desaccord · E < S · depuis E non ferme · depuis S ferme	0
1c4c63c2	32	1258	fermeture	5820	1350	desaccord · E < S · depuis E non ferme · depuis S ferme	82+82+82+82+82+82+82+82
1c4c63c2	32	1262	fermeture	4297	198	desaccord · E < S · depuis E non ferme · depuis S ferme	0
1c4c63c2	32	1264	fermeture	4340	236	desaccord · E < S · depuis E non ferme · depuis S ferme	36
1c4c63c2	32	1302	fermeture	4345	85	desaccord · E < S · depuis E non ferme · depuis S ferme	75
1c4c63c2	32	1328	fermeture	4377	59	desaccord · E < S · depuis E non ferme · depuis S ferme	9
1c4c63c2	32	1330	fermeture	4172	26	desaccord · E < S · depuis E non ferme · depuis S ferme	21
1c4c63c2	32	1336	fermeture	4678	241	desaccord · E < S · depuis E non ferme · depuis S ferme	36
1c4c63c2	32	1338	fermeture	4200	26	desaccord · E < S · depuis E non ferme · depuis S ferme	21
1c4c63c2	32	1354	fermeture	4577	227	desaccord · E < S · depuis E non ferme · depuis S ferme	36
1c4c63c2	32	1460	fermeture	4138	161	desaccord · E < S · depuis E non ferme · depuis S ferme	0
1c4c63c2	32	1462	fermeture	4108	161	desaccord · E < S · depuis E non ferme · depuis S ferme	0
1c4c63c2	32	1464	fermeture	4109	161	desaccord · E < S · depuis E non ferme · depuis S ferme	0
1c4c63c2	32	1466	fermeture	3937	161	desaccord · E < S · depuis E non ferme · depuis S ferme	0
1c4c63c2	32	1468	fermeture	4116	161	desaccord · E < S · depuis E non ferme · depuis S ferme	0
1c4c63c2	32	1722	fermeture	4644	89	desaccord · E < S · depuis E non ferme · depuis S ferme	82
1c4c63c2	32	1788	fermeture	3552	89	desaccord · E < S · depuis E non ferme · depuis S ferme	82
1c4c63c2	32	1838	fermeture	3752	227	desaccord · E < S · depuis E non ferme · depuis S ferme	36
1c4c63c2	32	1842	fermeture	3676	89	desaccord · E < S · depuis E non ferme · depuis S ferme	82
1c4c63c2	32	1900	fermeture	5100	173	desaccord · E < S · depuis E non ferme · depuis S ferme	0
1c4c63c2	32	1904	fermeture	5165	173	desaccord · E < S · depuis E non ferme · depuis S ferme	0
1c4c63c2	32	1906	fermeture	5533	322	desaccord · E < S · depuis E non ferme · depuis S ferme	0+38+38+82
1c4c63c2	32	1912	fermeture	5204	173	desaccord · E < S · depuis E non ferme · depuis S ferme	0
1c4c63c2	32	1914	fermeture	5181	173	desaccord · E < S · depuis E non ferme · depuis S ferme	0
1c4c63c2	32	1918	fermeture	5092	173	desaccord · E < S · depuis E non ferme · depuis S ferme	0
1c4c63c2	32	1924	fermeture	5789	404	desaccord · E < S · depuis E non ferme · depuis S ferme	0+36
1c4c63c2	32	1928	fermeture	5332	173	desaccord · E < S · depuis E non ferme · depuis S ferme	0
1c4c63c2	32	1932	fermeture	5540	173	desaccord · E < S · depuis E non ferme · depuis S ferme	0
1c4c63c2	32	1946	fermeture	5260	173	desaccord · E < S · depuis E non ferme · depuis S ferme	0
1c4c63c2	32	1948	fermeture	5228	173	desaccord · E < S · depuis E non ferme · depuis S ferme	0
1c4c63c2	32	1962	fermeture	5301	89	desaccord · E < S · depuis E non ferme · depuis S ferme	82
1c4c63c2	32	2174	fermeture	5560	516	desaccord · E < S · depuis E non ferme · depuis S ferme	1+0+0
1c4c63c2	32	220	fermeture	5204	89	desaccord · E < S · depuis E non ferme · depuis S ferme	82
1c4c63c2	32	2232	fermeture	5343	89	desaccord · E < S · depuis E non ferme · depuis S ferme	82
1c4c63c2	32	2240	fermeture	3599	460	desaccord · E < S · depuis E non ferme · depuis S ferme	0+0
1c4c63c2	32	784	fermeture	5692	57	desaccord · E < S · depuis E non ferme · depuis S ferme	21+38
1c4c63c2	32	854	fermeture	5378	200	desaccord · E < S · depuis E non ferme · depuis S ferme	76+75
1c4c63c2	33	1058	fermeture	5839	430	desaccord · E < S · depuis E non ferme · depuis S ferme	36+36
1c4c63c2	33	1096	fermeture	5387	196	desaccord · E < S · depuis E non ferme · depuis S ferme	36
1c4c63c2	33	1152	fermeture	4316	26	desaccord · E < S · depuis E non ferme · depuis S ferme	21
1c4c63c2	33	1158	fermeture	4770	98	desaccord · E < S · depuis E non ferme · depuis S ferme	11
1c4c63c2	33	1160	fermeture	4456	33	desaccord · E < S · depuis E non ferme · depuis S ferme	38
1c4c63c2	33	1164	fermeture	4492	33	desaccord · E < S · depuis E non ferme · depuis S ferme	38
1c4c63c2	33	1172	fermeture	5214	176	desaccord · E < S · depuis E non ferme · depuis S ferme	82+82
1c4c63c2	33	1188	fermeture	5075	241	desaccord · E < S · depuis E non ferme · depuis S ferme	36
1c4c63c2	33	1268	fermeture	5252	26	desaccord · E < S · depuis E non ferme · depuis S ferme	21
1c4c63c2	33	1324	fermeture	5257	218	desaccord · E < S · depuis E non ferme · depuis S ferme	36
1c4c63c2	33	1432	fermeture	4641	220	desaccord · E < S · depuis E non ferme · depuis S ferme	36
1c4c63c2	33	1436	fermeture	5286	417	desaccord · E < S · depuis E non ferme · depuis S ferme	36+24+53+36
1c4c63c2	33	1442	fermeture	4792	233	desaccord · E < S · depuis E non ferme · depuis S ferme	36
1c4c63c2	33	1444	fermeture	4792	259	desaccord · E < S · depuis E non ferme · depuis S ferme	21+36
1c4c63c2	33	1658	fermeture	4711	64	desaccord · E < S · depuis E non ferme · depuis S ferme	38+38
1c4c63c2	33	1784	fermeture	5211	443	desaccord · E < S · depuis E non ferme · depuis S ferme	0+36
1c4c63c2	33	1808	fermeture	3850	208	desaccord · E < S · depuis E non ferme · depuis S ferme	0
1c4c63c2	33	1814	fermeture	4590	229	desaccord · E < S · depuis E non ferme · depuis S ferme	36
1c4c63c2	33	1832	fermeture	5411	409	desaccord · E < S · depuis E non ferme · depuis S ferme	0+36
1c4c63c2	33	1872	fermeture	6595	263	desaccord · E < S · depuis E non ferme · depuis S ferme	36
1c4c63c2	33	1876	fermeture	6231	458	desaccord · E < S · depuis E non ferme · depuis S ferme	36+36
1c4c63c2	33	1878	fermeture	5548	214	desaccord · E < S · depuis E non ferme · depuis S ferme	36
1c4c63c2	33	1906	fermeture	5437	33	desaccord · E < S · depuis E non ferme · depuis S ferme	38
1c4c63c2	33	1952	fermeture	5785	219	desaccord · E < S · depuis E non ferme · depuis S ferme	36
1c4c63c2	33	2006	fermeture	5760	89	desaccord · E < S · depuis E non ferme · depuis S ferme	82
1c4c63c2	33	2008	fermeture	5780	224	desaccord · E < S · depuis E non ferme · depuis S ferme	76+75+21
1c4c63c2	33	2026	fermeture	6131	229	desaccord · E < S · depuis E non ferme · depuis S ferme	36
1c4c63c2	33	2056	fermeture	5621	57	desaccord · E < S · depuis E non ferme · depuis S ferme	21+38
1c4c63c2	33	2122	fermeture	5574	233	desaccord · E < S · depuis E non ferme · depuis S ferme	36
1c4c63c2	33	2126	fermeture	5861	337	desaccord · E < S · depuis E non ferme · depuis S ferme	82+36
1c4c63c2	33	2142	fermeture	5518	180	desaccord · E < S · depuis E non ferme · depuis S ferme	36
1c4c63c2	33	2148	fermeture	6109	279	desaccord · E < S · depuis E non ferme · depuis S ferme	75+36
1c4c63c2	33	2164	fermeture	5865	704	desaccord · E < S · depuis E non ferme · depuis S ferme	0+0+36+22
1c4c63c2	33	2168	fermeture	5865	257	desaccord · E < S · depuis E non ferme · depuis S ferme	36+24+58
1c4c63c2	33	2174	fermeture	5397	250	desaccord · E < S · depuis E non ferme · depuis S ferme	36
1c4c63c2	33	2178	fermeture	5633	216	desaccord · E < S · depuis E non ferme · depuis S ferme	36+4
1c4c63c2	33	2180	fermeture	4827	178	desaccord · E < S · depuis E non ferme · depuis S ferme	36
1c4c63c2	33	2184	fermeture	5318	192	desaccord · E < S · depuis E non ferme · depuis S ferme	36
1c4c63c2	33	2188	fermeture	5484	280	desaccord · E < S · depuis E non ferme · depuis S ferme	36
1c4c63c2	33	2190	fermeture	5074	233	desaccord · E < S · depuis E non ferme · depuis S ferme	36
1c4c63c2	33	2192	fermeture	4925	239	desaccord · E < S · depuis E non ferme · depuis S ferme	0+38
1c4c63c2	33	2194	fermeture	4990	242	desaccord · E < S · depuis E non ferme · depuis S ferme	36
1c4c63c2	33	2200	fermeture	4720	184	desaccord · E < S · depuis E non ferme · depuis S ferme	36
1c4c63c2	33	2204	fermeture	5323	473	desaccord · E < S · depuis E non ferme · depuis S ferme	36+36
1c4c63c2	33	2208	fermeture	5761	258	desaccord · E < S · depuis E non ferme · depuis S ferme	36+24+58
1c4c63c2	33	2210	fermeture	5155	233	desaccord · E < S · depuis E non ferme · depuis S ferme	36
1c4c63c2	33	2214	fermeture	5187	250	desaccord · E < S · depuis E non ferme · depuis S ferme	36
1c4c63c2	33	2220	fermeture	4679	233	desaccord · E < S · depuis E non ferme · depuis S ferme	36
1c4c63c2	33	2222	fermeture	4894	50	desaccord · E < S · depuis E non ferme · depuis S ferme	21+21
1c4c63c2	33	2228	fermeture	5668	273	desaccord · E < S · depuis E non ferme · depuis S ferme	36
1c4c63c2	33	2230	fermeture	5071	233	desaccord · E < S · depuis E non ferme · depuis S ferme	36
1c4c63c2	33	2232	fermeture	13802	203	desaccord · E < S · depuis E non ferme · depuis S ferme	36
1c4c63c2	33	2234	fermeture	5220	378	desaccord · E < S · depuis E non ferme · depuis S ferme	36+46
1c4c63c2	33	2242	fermeture	4892	184	desaccord · E < S · depuis E non ferme · depuis S ferme	36
1c4c63c2	33	2244	fermeture	4773	398	desaccord · E < S · depuis E non ferme · depuis S ferme	36+36
1c4c63c2	33	2248	fermeture	12424	259	desaccord · E < S · depuis E non ferme · depuis S ferme	36
1c4c63c2	33	2338	fermeture	7972	2224	desaccord · E < S · depuis E non ferme · depuis S ferme	76+82+82+82+82+82+82+82+82+82+82+82
1c4c63c2	33	878	fermeture	6159	505	desaccord · E < S · depuis E non ferme · depuis S ferme	36+36+24+53
1c4c63c2	33	940	fermeture	5853	350	desaccord · E < S · depuis E non ferme · depuis S ferme	36+109+22
1c4c63c2	34	102	fermeture	4934	244	desaccord · E < S · depuis E non ferme · depuis S ferme	36
1c4c63c2	34	1026	fermeture	5196	176	desaccord · E < S · depuis E non ferme · depuis S ferme	82+82
1c4c63c2	34	1102	fermeture	4648	26	desaccord · E < S · depuis E non ferme · depuis S ferme	21
1c4c63c2	34	1104	fermeture	6514	1687	desaccord · E < S · depuis E non ferme · depuis S ferme	82+82+82+82+82+82+82+82+82+82
1c4c63c2	34	122	fermeture	4903	244	desaccord · E < S · depuis E non ferme · depuis S ferme	36
1c4c63c2	34	1240	fermeture	4950	388	desaccord · E < S · depuis E non ferme · depuis S ferme	0+0
1c4c63c2	34	1474	fermeture	5056	26	desaccord · E < S · depuis E non ferme · depuis S ferme	21
1c4c63c2	34	154	fermeture	2324	89	desaccord · E < S · depuis E non ferme · depuis S ferme	82
1c4c63c2	34	1548	fermeture	5108	474	desaccord · E < S · depuis E non ferme · depuis S ferme	8+82+82+82+82+82
1c4c63c2	34	1564	fermeture	4429	79	desaccord · E < S · depuis E non ferme · depuis S ferme	75
1c4c63c2	34	1612	fermeture	4429	89	desaccord · E < S · depuis E non ferme · depuis S ferme	82
1c4c63c2	34	1638	fermeture	4612	141	desaccord · E < S · depuis E non ferme · depuis S ferme	76+21
1c4c63c2	34	1690	fermeture	4622	189	desaccord · E < S · depuis E non ferme · depuis S ferme	36
1c4c63c2	34	1692	fermeture	4468	26	desaccord · E < S · depuis E non ferme · depuis S ferme	21
1c4c63c2	34	1696	fermeture	4478	85	desaccord · E < S · depuis E non ferme · depuis S ferme	75
1c4c63c2	34	1782	fermeture	4819	196	desaccord · E < S · depuis E non ferme · depuis S ferme	36
1c4c63c2	34	1798	fermeture	4950	247	desaccord · E < S · depuis E non ferme · depuis S ferme	36
1c4c63c2	34	1818	fermeture	4473	195	desaccord · E < S · depuis E non ferme · depuis S ferme	36
1c4c63c2	34	1838	fermeture	4422	195	desaccord · E < S · depuis E non ferme · depuis S ferme	36
1c4c63c2	34	1840	fermeture	4085	85	desaccord · E < S · depuis E non ferme · depuis S ferme	75
1c4c63c2	34	1848	fermeture	4369	282	desaccord · E < S · depuis E non ferme · depuis S ferme	82+36
1c4c63c2	34	1924	fermeture	4188	33	desaccord · E < S · depuis E non ferme · depuis S ferme	38
1c4c63c2	34	1964	fermeture	4255	196	desaccord · E < S · depuis E non ferme · depuis S ferme	36
1c4c63c2	34	1968	fermeture	4446	89	desaccord · E < S · depuis E non ferme · depuis S ferme	82
1c4c63c2	34	1970	fermeture	6547	89	desaccord · E < S · depuis E non ferme · depuis S ferme	82
1c4c63c2	34	20	fermeture	5149	214	desaccord · E < S · depuis E non ferme · depuis S ferme	36
1c4c63c2	34	2202	fermeture	5249	161	desaccord · E < S · depuis E non ferme · depuis S ferme	0
1c4c63c2	34	2204	fermeture	5242	161	desaccord · E < S · depuis E non ferme · depuis S ferme	0
1c4c63c2	34	2206	fermeture	5028	161	desaccord · E < S · depuis E non ferme · depuis S ferme	0
1c4c63c2	34	2236	fermeture	4215	185	desaccord · E < S · depuis E non ferme · depuis S ferme	21+0
1c4c63c2	34	2328	fermeture	5116	196	desaccord · E < S · depuis E non ferme · depuis S ferme	36
1c4c63c2	34	248	fermeture	3410	239	desaccord · E < S · depuis E non ferme · depuis S ferme	0
1c4c63c2	34	256	fermeture	3771	33	desaccord · E < S · depuis E non ferme · depuis S ferme	38
1c4c63c2	34	26	fermeture	4847	26	desaccord · E < S · depuis E non ferme · depuis S ferme	21
1c4c63c2	34	278	fermeture	1574	239	desaccord · E < S · depuis E non ferme · depuis S ferme	0
1c4c63c2	34	322	fermeture	4374	223	desaccord · E < S · depuis E non ferme · depuis S ferme	21+36
1c4c63c2	34	332	fermeture	4214	227	desaccord · E < S · depuis E non ferme · depuis S ferme	36
1c4c63c2	34	362	fermeture	539	329	desaccord · E < S · depuis E non ferme · depuis S ferme	82+36
1c4c63c2	34	504	fermeture	6038	1687	desaccord · E < S · depuis E non ferme · depuis S ferme	82+82+82+82+82+82+82+82+82+82
1c4c63c2	34	6	fermeture	487	59	desaccord · E < S · depuis E non ferme · depuis S ferme	9
1c4c63c2	34	602	fermeture	4135	89	desaccord · E < S · depuis E non ferme · depuis S ferme	82
1c4c63c2	34	694	fermeture	4509	267	desaccord · E < S · depuis E non ferme · depuis S ferme	36+3
1c4c63c2	34	696	fermeture	4357	268	desaccord · E < S · depuis E non ferme · depuis S ferme	36
1c4c63c2	34	804	fermeture	4454	284	desaccord · E < S · depuis E non ferme · depuis S ferme	36+2
1c4c63c2	34	808	fermeture	4734	274	desaccord · E < S · depuis E non ferme · depuis S ferme	82+36
1c4c63c2	34	82	fermeture	5117	238	desaccord · E < S · depuis E non ferme · depuis S ferme	36
1c4c63c2	34	84	fermeture	4757	26	desaccord · E < S · depuis E non ferme · depuis S ferme	21
1c4c63c2	34	86	fermeture	4725	64	desaccord · E < S · depuis E non ferme · depuis S ferme	38+38
1c4c63c2	34	92	fermeture	4807	244	desaccord · E < S · depuis E non ferme · depuis S ferme	36
1c4c63c2	35	1048	fermeture	5037	89	desaccord · E < S · depuis E non ferme · depuis S ferme	82
1c4c63c2	35	1220	fermeture	5425	1687	desaccord · E < S · depuis E non ferme · depuis S ferme	82+82+82+82+82+82+82+82+82+82
1c4c63c2	35	1630	fermeture	3621	85	desaccord · E < S · depuis E non ferme · depuis S ferme	75
1c4c63c2	35	170	fermeture	5126	161	desaccord · E < S · depuis E non ferme · depuis S ferme	0
1c4c63c2	35	1802	fermeture	3530	233	desaccord · E < S · depuis E non ferme · depuis S ferme	36
1c4c63c2	35	1870	fermeture	4094	26	desaccord · E < S · depuis E non ferme · depuis S ferme	21
1c4c63c2	35	1872	fermeture	1096	329	desaccord · E < S · depuis E non ferme · depuis S ferme	82+36
1c4c63c2	35	1892	fermeture	4741	238	desaccord · E < S · depuis E non ferme · depuis S ferme	36+54
1c4c63c2	35	1896	fermeture	4732	231	desaccord · E < S · depuis E non ferme · depuis S ferme	0
1c4c63c2	35	1924	fermeture	2853	231	desaccord · E < S · depuis E non ferme · depuis S ferme	0
1c4c63c2	35	204	fermeture	4823	407	desaccord · E < S · depuis E non ferme · depuis S ferme	0+36
1c4c63c2	35	2044	fermeture	4821	460	desaccord · E < S · depuis E non ferme · depuis S ferme	0+0
1c4c63c2	35	2050	fermeture	6581	79	desaccord · E < S · depuis E non ferme · depuis S ferme	75
1c4c63c2	35	206	fermeture	5383	348	desaccord · E < S · depuis E non ferme · depuis S ferme	0+36
1c4c63c2	35	2080	fermeture	5566	918	desaccord · E < S · depuis E non ferme · depuis S ferme	0+0+0+0
1c4c63c2	35	212	fermeture	5255	239	desaccord · E < S · depuis E non ferme · depuis S ferme	0
1c4c63c2	35	2284	fermeture	5345	396	desaccord · E < S · depuis E non ferme · depuis S ferme	0+0
1c4c63c2	35	2292	fermeture	5372	199	desaccord · E < S · depuis E non ferme · depuis S ferme	0
1c4c63c2	35	2312	fermeture	3413	59	desaccord · E < S · depuis E non ferme · depuis S ferme	9
1c4c63c2	35	274	fermeture	4743	301	desaccord · E < S · depuis E non ferme · depuis S ferme	36+109
1c4c63c2	35	306	fermeture	4677	239	desaccord · E < S · depuis E non ferme · depuis S ferme	0
1c4c63c2	35	324	fermeture	4870	189	desaccord · E < S · depuis E non ferme · depuis S ferme	36
1c4c63c2	35	664	fermeture	4646	26	desaccord · E < S · depuis E non ferme · depuis S ferme	21
1c4c63c2	35	670	fermeture	5332	231	desaccord · E < S · depuis E non ferme · depuis S ferme	0
1c4c63c2	35	682	fermeture	5012	116	desaccord · E < S · depuis E non ferme · depuis S ferme	75+38
1c4c63c2	35	684	fermeture	5263	89	desaccord · E < S · depuis E non ferme · depuis S ferme	82
1c4c63c2	35	700	fermeture	5372	89	desaccord · E < S · depuis E non ferme · depuis S ferme	82
1c4c63c2	35	702	fermeture	5797	287	desaccord · E < S · depuis E non ferme · depuis S ferme	1+0
1c4c63c2	35	716	fermeture	5655	231	desaccord · E < S · depuis E non ferme · depuis S ferme	0
1c4c63c2	35	764	fermeture	7196	1687	desaccord · E < S · depuis E non ferme · depuis S ferme	82+82+82+82+82+82+82+82+82+82
1c4c63c2	35	768	fermeture	5406	406	desaccord · E < S · depuis E non ferme · depuis S ferme	0+0
1c4c63c2	35	94	fermeture	5516	476	desaccord · E < S · depuis E non ferme · depuis S ferme	0+0
1c4c63c2	35	972	fermeture	4757	26	desaccord · E < S · depuis E non ferme · depuis S ferme	21
1c4c63c2	36	1038	fermeture	3549	266	desaccord · E < S · depuis E non ferme · depuis S ferme	21+36
1c4c63c2	36	1100	fermeture	4866	178	desaccord · E < S · depuis E non ferme · depuis S ferme	38+38+40
1c4c63c2	36	1200	fermeture	4542	239	desaccord · E < S · depuis E non ferme · depuis S ferme	0
1c4c63c2	36	1274	fermeture	6167	243	desaccord · E < S · depuis E non ferme · depuis S ferme	36
1c4c63c2	36	1312	fermeture	4583	156	desaccord · E < S · depuis E non ferme · depuis S ferme	0
1c4c63c2	36	1396	fermeture	4445	156	desaccord · E < S · depuis E non ferme · depuis S ferme	0
1c4c63c2	36	1414	fermeture	5353	310	desaccord · E < S · depuis E non ferme · depuis S ferme	36+2
1c4c63c2	36	1426	fermeture	5145	227	desaccord · E < S · depuis E non ferme · depuis S ferme	36
1c4c63c2	36	1478	fermeture	4617	218	desaccord · E < S · depuis E non ferme · depuis S ferme	36
1c4c63c2	36	1484	fermeture	5376	426	desaccord · E < S · depuis E non ferme · depuis S ferme	0+36
1c4c63c2	36	1506	fermeture	3769	258	desaccord · E < S · depuis E non ferme · depuis S ferme	38+38+36
1c4c63c2	36	1528	fermeture	4447	33	desaccord · E < S · depuis E non ferme · depuis S ferme	38
1c4c63c2	36	1754	fermeture	4323	176	desaccord · E < S · depuis E non ferme · depuis S ferme	82+82
1c4c63c2	36	1802	fermeture	5623	269	desaccord · E < S · depuis E non ferme · depuis S ferme	36
1c4c63c2	36	1808	fermeture	5789	176	desaccord · E < S · depuis E non ferme · depuis S ferme	82+82
1c4c63c2	36	1816	fermeture	5509	146	desaccord · E < S · depuis E non ferme · depuis S ferme	9+82
1c4c63c2	36	1818	fermeture	5455	85	desaccord · E < S · depuis E non ferme · depuis S ferme	75
1c4c63c2	36	1830	fermeture	13925	279	desaccord · E < S · depuis E non ferme · depuis S ferme	36
1c4c63c2	36	1852	fermeture	6230	241	desaccord · E < S · depuis E non ferme · depuis S ferme	36
1c4c63c2	36	1900	fermeture	5993	434	desaccord · E < S · depuis E non ferme · depuis S ferme	36+36
1c4c63c2	36	1930	fermeture	5714	602	desaccord · E < S · depuis E non ferme · depuis S ferme	36+24+82
1c4c63c2	36	1940	fermeture	3509	241	desaccord · E < S · depuis E non ferme · depuis S ferme	36
1c4c63c2	36	2104	fermeture	4792	176	desaccord · E < S · depuis E non ferme · depuis S ferme	82+82
1c4c63c2	36	2132	fermeture	5110	89	desaccord · E < S · depuis E non ferme · depuis S ferme	82
1c4c63c2	36	2304	fermeture	6342	281	desaccord · E < S · depuis E non ferme · depuis S ferme	36
1c4c63c2	36	2308	fermeture	5325	59	desaccord · E < S · depuis E non ferme · depuis S ferme	9
1c4c63c2	36	276	fermeture	4565	419	desaccord · E < S · depuis E non ferme · depuis S ferme	36+36
1c4c63c2	36	278	fermeture	4709	176	desaccord · E < S · depuis E non ferme · depuis S ferme	82+82
1c4c63c2	36	422	fermeture	6450	1916	desaccord · E < S · depuis E non ferme · depuis S ferme	0+82+82+82+82+82+82+82+82+82+82
1c4c63c2	37	1068	fermeture	4365	241	desaccord · E < S · depuis E non ferme · depuis S ferme	36
1c4c63c2	37	1172	fermeture	5166	59	desaccord · E < S · depuis E non ferme · depuis S ferme	9
1c4c63c2	37	1174	fermeture	5398	158	desaccord · E < S · depuis E non ferme · depuis S ferme	0
1c4c63c2	37	1324	fermeture	5996	212	desaccord · E < S · depuis E non ferme · depuis S ferme	36
1c4c63c2	37	1350	fermeture	7271	1687	desaccord · E < S · depuis E non ferme · depuis S ferme	82+82+82+82+82+82+82+82+82+82
1c4c63c2	37	1458	fermeture	5582	231	desaccord · E < S · depuis E non ferme · depuis S ferme	0
1c4c63c2	37	1822	fermeture	3096	233	desaccord · E < S · depuis E non ferme · depuis S ferme	36
1c4c63c2	37	1824	fermeture	4069	413	desaccord · E < S · depuis E non ferme · depuis S ferme	0+82+82
1c4c63c2	37	1958	fermeture	3924	460	desaccord · E < S · depuis E non ferme · depuis S ferme	0+0
1c4c63c2	37	1960	fermeture	5062	214	desaccord · E < S · depuis E non ferme · depuis S ferme	36
1c4c63c2	37	2074	fermeture	5578	117	desaccord · E < S · depuis E non ferme · depuis S ferme	76
1c4c63c2	37	216	fermeture	5796	479	desaccord · E < S · depuis E non ferme · depuis S ferme	36+36
1c4c63c2	37	268	fermeture	5670	259	desaccord · E < S · depuis E non ferme · depuis S ferme	36
1c4c63c2	37	272	fermeture	5085	89	desaccord · E < S · depuis E non ferme · depuis S ferme	82
1c4c63c2	37	276	fermeture	4500	59	desaccord · E < S · depuis E non ferme · depuis S ferme	9
1c4c63c2	37	296	fermeture	4919	113	desaccord · E < S · depuis E non ferme · depuis S ferme	82+21
1c4c63c2	37	528	fermeture	3355	349	desaccord · E < S · depuis E non ferme · depuis S ferme	36+47
1c4c63c2	37	766	fermeture	5296	292	desaccord · E < S · depuis E non ferme · depuis S ferme	36
1c4c63c2	37	872	fermeture	5374	300	desaccord · E < S · depuis E non ferme · depuis S ferme	8+82+82+82
1c4c63c2	37	914	fermeture	3772	161	desaccord · E < S · depuis E non ferme · depuis S ferme	0
1c4c63c2	37	916	fermeture	4652	161	desaccord · E < S · depuis E non ferme · depuis S ferme	0
1c4c63c2	37	924	fermeture	4485	161	desaccord · E < S · depuis E non ferme · depuis S ferme	0
1c4c63c2	37	950	fermeture	4929	161	desaccord · E < S · depuis E non ferme · depuis S ferme	0
1c4c63c2	37	952	fermeture	4767	161	desaccord · E < S · depuis E non ferme · depuis S ferme	0
1c4c63c2	37	988	fermeture	5140	310	desaccord · E < S · depuis E non ferme · depuis S ferme	22+36
1c4c63c2	38	1128	fermeture	3804	151	desaccord · E < S · depuis E non ferme · depuis S ferme	38+38+82
1c4c63c2	38	1444	fermeture	3088	89	desaccord · E < S · depuis E non ferme · depuis S ferme	82
1c4c63c2	38	1534	fermeture	3716	85	desaccord · E < S · depuis E non ferme · depuis S ferme	75
1c4c63c2	38	1658	fermeture	3286	89	desaccord · E < S · depuis E non ferme · depuis S ferme	82
1c4c63c2	38	1716	fermeture	4069	238	desaccord · E < S · depuis E non ferme · depuis S ferme	36
1c4c63c2	38	2286	fermeture	4438	242	desaccord · E < S · depuis E non ferme · depuis S ferme	36
1c4c63c2	38	2348	fermeture	5631	1687	desaccord · E < S · depuis E non ferme · depuis S ferme	82+82+82+82+82+82+82+82+82+82
1c4c63c2	38	2364	fermeture	4895	64	desaccord · E < S · depuis E non ferme · depuis S ferme	38+38
1c4c63c2	38	2382	fermeture	4557	79	desaccord · E < S · depuis E non ferme · depuis S ferme	75
1c4c63c2	38	266	fermeture	2832	39	desaccord · E < S · depuis E non ferme · depuis S ferme	1
1c4c63c2	38	426	fermeture	3844	89	desaccord · E < S · depuis E non ferme · depuis S ferme	82
1c4c63c2	38	436	fermeture	2784	156	desaccord · E < S · depuis E non ferme · depuis S ferme	0
1c4c63c2	38	442	fermeture	3991	156	desaccord · E < S · depuis E non ferme · depuis S ferme	0
1c4c63c2	38	444	fermeture	3325	156	desaccord · E < S · depuis E non ferme · depuis S ferme	0
1c4c63c2	38	448	fermeture	2965	186	desaccord · E < S · depuis E non ferme · depuis S ferme	36
1c4c63c2	38	556	fermeture	3786	156	desaccord · E < S · depuis E non ferme · depuis S ferme	0
1c4c63c2	38	568	fermeture	3747	156	desaccord · E < S · depuis E non ferme · depuis S ferme	0
1c4c63c2	38	622	fermeture	5093	146	desaccord · E < S · depuis E non ferme · depuis S ferme	9+82
1c4c63c2	38	624	fermeture	4964	239	desaccord · E < S · depuis E non ferme · depuis S ferme	0
1c4c63c2	38	664	fermeture	3860	89	desaccord · E < S · depuis E non ferme · depuis S ferme	82
1c4c63c2	38	718	fermeture	4319	57	desaccord · E < S · depuis E non ferme · depuis S ferme	21+38
1c4c63c2	38	798	fermeture	6964	89	desaccord · E < S · depuis E non ferme · depuis S ferme	82
1c4c63c2	39	1050	fermeture	3912	242	desaccord · E < S · depuis E non ferme · depuis S ferme	36
1c4c63c2	39	1430	fermeture	3688	189	desaccord · E < S · depuis E non ferme · depuis S ferme	36
1c4c63c2	39	1432	fermeture	5877	1923	desaccord · E < S · depuis E non ferme · depuis S ferme	36+82+82+82+82+82+82+82+82+82+82
1c4c63c2	39	1468	fermeture	2802	163	desaccord · E < S · depuis E non ferme · depuis S ferme	36
1c4c63c2	39	1596	fermeture	3834	213	desaccord · E < S · depuis E non ferme · depuis S ferme	36
1c4c63c2	39	1632	fermeture	3853	241	desaccord · E < S · depuis E non ferme · depuis S ferme	36
1c4c63c2	39	1636	fermeture	3549	220	desaccord · E < S · depuis E non ferme · depuis S ferme	36
1c4c63c2	39	1640	fermeture	3642	89	desaccord · E < S · depuis E non ferme · depuis S ferme	82
1c4c63c2	39	1792	fermeture	4143	286	desaccord · E < S · depuis E non ferme · depuis S ferme	36+100
1c4c63c2	39	1796	fermeture	3629	89	desaccord · E < S · depuis E non ferme · depuis S ferme	82
1c4c63c2	39	1802	fermeture	4357	269	desaccord · E < S · depuis E non ferme · depuis S ferme	36
1c4c63c2	39	1812	fermeture	4460	503	desaccord · E < S · depuis E non ferme · depuis S ferme	36+36
1c4c63c2	39	1816	fermeture	4039	64	desaccord · E < S · depuis E non ferme · depuis S ferme	38+38
1c4c63c2	39	1834	fermeture	6038	1687	desaccord · E < S · depuis E non ferme · depuis S ferme	82+82+82+82+82+82+82+82+82+82
1c4c63c2	39	1848	fermeture	4629	199	desaccord · E < S · depuis E non ferme · depuis S ferme	36
1c4c63c2	39	1852	fermeture	4223	269	desaccord · E < S · depuis E non ferme · depuis S ferme	36
1c4c63c2	39	1862	fermeture	5079	356	desaccord · E < S · depuis E non ferme · depuis S ferme	82+36
1c4c63c2	39	1864	fermeture	6173	113	desaccord · E < S · depuis E non ferme · depuis S ferme	21+82
1c4c63c2	39	1866	fermeture	4934	241	desaccord · E < S · depuis E non ferme · depuis S ferme	36
1c4c63c2	39	1880	fermeture	4014	43	desaccord · E < S · depuis E non ferme · depuis S ferme	1
1c4c63c2	39	1886	fermeture	3980	26	desaccord · E < S · depuis E non ferme · depuis S ferme	21
1c4c63c2	39	1892	fermeture	4535	269	desaccord · E < S · depuis E non ferme · depuis S ferme	36
1c4c63c2	39	1910	fermeture	4449	706	desaccord · E < S · depuis E non ferme · depuis S ferme	0+36+36
1c4c63c2	39	1940	fermeture	3536	301	desaccord · E < S · depuis E non ferme · depuis S ferme	36+9
1c4c63c2	39	1988	fermeture	4071	85	desaccord · E < S · depuis E non ferme · depuis S ferme	75
1c4c63c2	39	2140	fermeture	5312	467	desaccord · E < S · depuis E non ferme · depuis S ferme	36+36
1c4c63c2	39	2170	fermeture	4023	233	desaccord · E < S · depuis E non ferme · depuis S ferme	36
1c4c63c2	39	2260	fermeture	5547	280	desaccord · E < S · depuis E non ferme · depuis S ferme	36
1c4c63c2	39	2304	fermeture	3136	242	desaccord · E < S · depuis E non ferme · depuis S ferme	36
1c4c63c2	39	2384	fermeture	4453	156	desaccord · E < S · depuis E non ferme · depuis S ferme	0
1c4c63c2	39	268	fermeture	4213	266	desaccord · E < S · depuis E non ferme · depuis S ferme	36
1c4c63c2	39	472	fermeture	4831	282	desaccord · E < S · depuis E non ferme · depuis S ferme	21+38+36
1c4c63c2	39	486	fermeture	4219	247	desaccord · E < S · depuis E non ferme · depuis S ferme	36
1c4c63c2	39	488	fermeture	4129	233	desaccord · E < S · depuis E non ferme · depuis S ferme	36
1c4c63c2	39	492	fermeture	4086	200	desaccord · E < S · depuis E non ferme · depuis S ferme	76+75
1c4c63c2	39	548	fermeture	4516	196	desaccord · E < S · depuis E non ferme · depuis S ferme	36
1c4c63c2	39	60	fermeture	2483	213	desaccord · E < S · depuis E non ferme · depuis S ferme	36
1c4c63c2	39	680	fermeture	5113	242	desaccord · E < S · depuis E non ferme · depuis S ferme	36
1c4c63c2	4	1848	fermeture	1867	281	desaccord · E < S · depuis E non ferme · depuis S ferme	36
1c4c63c2	4	2046	fermeture	5185	201	desaccord · E < S · depuis E non ferme · depuis S ferme	36
1c4c63c2	40	1206	fermeture	5665	176	desaccord · E < S · depuis E non ferme · depuis S ferme	82+82
1c4c63c2	40	1298	fermeture	4941	33	desaccord · E < S · depuis E non ferme · depuis S ferme	38
1c4c63c2	40	1306	fermeture	5061	220	desaccord · E < S · depuis E non ferme · depuis S ferme	36
1c4c63c2	40	1312	fermeture	5198	320	desaccord · E < S · depuis E non ferme · depuis S ferme	82+36
1c4c63c2	40	1314	fermeture	7438	89	desaccord · E < S · depuis E non ferme · depuis S ferme	82
1c4c63c2	40	1324	fermeture	4932	117	desaccord · E < S · depuis E non ferme · depuis S ferme	76
1c4c63c2	40	1332	fermeture	5445	426	desaccord · E < S · depuis E non ferme · depuis S ferme	75+36+11
1c4c63c2	40	1604	fermeture	5284	89	desaccord · E < S · depuis E non ferme · depuis S ferme	82
1c4c63c2	40	1654	fermeture	4791	33	desaccord · E < S · depuis E non ferme · depuis S ferme	38
1c4c63c2	40	1950	fermeture	5401	242	desaccord · E < S · depuis E non ferme · depuis S ferme	36
1c4c63c2	40	32	fermeture	4548	220	desaccord · E < S · depuis E non ferme · depuis S ferme	36
1c4c63c2	40	40	fermeture	4860	622	desaccord · E < S · depuis E non ferme · depuis S ferme	36+84
1c4c63c2	40	420	fermeture	5259	89	desaccord · E < S · depuis E non ferme · depuis S ferme	82
1c4c63c2	40	668	fermeture	3437	89	desaccord · E < S · depuis E non ferme · depuis S ferme	82
1c4c63c2	40	904	fermeture	3770	89	desaccord · E < S · depuis E non ferme · depuis S ferme	82
1c4c63c2	40	910	fermeture	6215	89	desaccord · E < S · depuis E non ferme · depuis S ferme	82
1c4c63c2	40	932	fermeture	5751	89	desaccord · E < S · depuis E non ferme · depuis S ferme	82
1c4c63c2	40	952	fermeture	4190	296	desaccord · E < S · depuis E non ferme · depuis S ferme	36
1c4c63c2	41	1480	fermeture	2942	146	desaccord · E < S · depuis E non ferme · depuis S ferme	9+82
1c4c63c2	41	870	fermeture	3544	2090	desaccord · E < S · depuis E non ferme · depuis S ferme	82+82+82+82+82+82+82+82+82+82+82+82+82+82+82+82+82+82+82+82+82+82+82+82
1c4c63c2	42	1016	fermeture	4287	239	desaccord · E < S · depuis E non ferme · depuis S ferme	0
1c4c63c2	42	1024	fermeture	4004	89	desaccord · E < S · depuis E non ferme · depuis S ferme	82
1c4c63c2	42	1036	fermeture	3974	26	desaccord · E < S · depuis E non ferme · depuis S ferme	21
1c4c63c2	42	1048	fermeture	4119	117	desaccord · E < S · depuis E non ferme · depuis S ferme	76
1c4c63c2	42	1194	fermeture	4269	231	desaccord · E < S · depuis E non ferme · depuis S ferme	0
1c4c63c2	42	1468	fermeture	4160	89	desaccord · E < S · depuis E non ferme · depuis S ferme	82
1c4c63c2	42	1578	fermeture	5226	248	desaccord · E < S · depuis E non ferme · depuis S ferme	36
1c4c63c2	42	1934	fermeture	6281	259	desaccord · E < S · depuis E non ferme · depuis S ferme	36
1c4c63c2	42	1936	fermeture	5530	212	desaccord · E < S · depuis E non ferme · depuis S ferme	36
1c4c63c2	42	1938	fermeture	5570	231	desaccord · E < S · depuis E non ferme · depuis S ferme	0
1c4c63c2	42	2076	fermeture	4260	227	desaccord · E < S · depuis E non ferme · depuis S ferme	36
1c4c63c2	42	2132	fermeture	5077	26	desaccord · E < S · depuis E non ferme · depuis S ferme	21
1c4c63c2	42	2138	fermeture	5052	242	desaccord · E < S · depuis E non ferme · depuis S ferme	36
1c4c63c2	42	2190	fermeture	5255	233	desaccord · E < S · depuis E non ferme · depuis S ferme	36
1c4c63c2	42	2270	fermeture	5300	233	desaccord · E < S · depuis E non ferme · depuis S ferme	36
1c4c63c2	42	2274	fermeture	5451	241	desaccord · E < S · depuis E non ferme · depuis S ferme	36
1c4c63c2	42	2320	fermeture	3847	241	desaccord · E < S · depuis E non ferme · depuis S ferme	36
1c4c63c2	42	2338	fermeture	4889	224	desaccord · E < S · depuis E non ferme · depuis S ferme	36
1c4c63c2	42	384	fermeture	5292	245	desaccord · E < S · depuis E non ferme · depuis S ferme	36+38+2
1c4c63c2	42	592	fermeture	4812	218	desaccord · E < S · depuis E non ferme · depuis S ferme	36
1c4c63c2	42	614	fermeture	4152	89	desaccord · E < S · depuis E non ferme · depuis S ferme	82
1c4c63c2	42	684	fermeture	4984	201	desaccord · E < S · depuis E non ferme · depuis S ferme	36
1c4c63c2	42	744	fermeture	3920	233	desaccord · E < S · depuis E non ferme · depuis S ferme	36
1c4c63c2	42	776	fermeture	4956	178	desaccord · E < S · depuis E non ferme · depuis S ferme	38+38+40
1c4c63c2	42	782	fermeture	4874	33	desaccord · E < S · depuis E non ferme · depuis S ferme	38
1c4c63c2	43	1030	fermeture	6863	2320	desaccord · E < S · depuis E non ferme · depuis S ferme	21+36+0+0+0+0+0+0+0+0+0+0
1c4c63c2	43	1038	fermeture	4939	245	desaccord · E < S · depuis E non ferme · depuis S ferme	36
1c4c63c2	43	1040	fermeture	4133	33	desaccord · E < S · depuis E non ferme · depuis S ferme	38
1c4c63c2	43	1058	fermeture	4895	387	desaccord · E < S · depuis E non ferme · depuis S ferme	0+36
1c4c63c2	43	1060	fermeture	4380	156	desaccord · E < S · depuis E non ferme · depuis S ferme	0
1c4c63c2	43	1082	fermeture	4684	310	desaccord · E < S · depuis E non ferme · depuis S ferme	0+0
1c4c63c2	43	1168	fermeture	5101	218	desaccord · E < S · depuis E non ferme · depuis S ferme	36
1c4c63c2	43	1542	fermeture	5773	59	desaccord · E < S · depuis E non ferme · depuis S ferme	9
1c4c63c2	43	2032	fermeture	13350	202	desaccord · E < S · depuis E non ferme · depuis S ferme	36
1c4c63c2	43	2038	fermeture	5254	238	desaccord · E < S · depuis E non ferme · depuis S ferme	36
1c4c63c2	43	2042	fermeture	5960	430	desaccord · E < S · depuis E non ferme · depuis S ferme	36+36
1c4c63c2	43	2222	fermeture	4331	59	desaccord · E < S · depuis E non ferme · depuis S ferme	9
1c4c63c2	43	282	fermeture	4467	85	desaccord · E < S · depuis E non ferme · depuis S ferme	75
1c4c63c2	43	330	fermeture	4255	26	desaccord · E < S · depuis E non ferme · depuis S ferme	21
1c4c63c2	43	440	fermeture	3464	26	desaccord · E < S · depuis E non ferme · depuis S ferme	21
1c4c63c2	43	512	fermeture	3944	238	desaccord · E < S · depuis E non ferme · depuis S ferme	36
1c4c63c2	43	742	fermeture	6220	1938	desaccord · E < S · depuis E non ferme · depuis S ferme	36+82+82+82+82+82+82+82+82+82
1c4c63c2	43	748	fermeture	4335	291	desaccord · E < S · depuis E non ferme · depuis S ferme	36
1c4c63c2	43	766	fermeture	5260	1073	desaccord · E < S · depuis E non ferme · depuis S ferme	36+21+16
1c4c63c2	43	826	fermeture	4750	326	desaccord · E < S · depuis E non ferme · depuis S ferme	82+0
1c4c63c2	43	938	fermeture	4333	242	desaccord · E < S · depuis E non ferme · depuis S ferme	36
1c4c63c2	43	940	fermeture	4336	247	desaccord · E < S · depuis E non ferme · depuis S ferme	36
1c4c63c2	43	946	fermeture	4415	89	desaccord · E < S · depuis E non ferme · depuis S ferme	82
1c4c63c2	43	948	fermeture	4445	242	desaccord · E < S · depuis E non ferme · depuis S ferme	36
1c4c63c2	43	986	fermeture	3910	156	desaccord · E < S · depuis E non ferme · depuis S ferme	0
1c4c63c2	43	988	fermeture	4687	243	desaccord · E < S · depuis E non ferme · depuis S ferme	82+0
1c4c63c2	43	990	fermeture	4821	553	desaccord · E < S · depuis E non ferme · depuis S ferme	82+0+36+75
1c4c63c2	43	992	fermeture	4129	156	desaccord · E < S · depuis E non ferme · depuis S ferme	0
1c4c63c2	43	994	fermeture	4155	332	desaccord · E < S · depuis E non ferme · depuis S ferme	0+38+38+40
1c4c63c2	43	996	fermeture	4218	156	desaccord · E < S · depuis E non ferme · depuis S ferme	0
1c4c63c2	44	1194	fermeture	3963	220	desaccord · E < S · depuis E non ferme · depuis S ferme	36
1c4c63c2	44	1198	fermeture	4161	450	desaccord · E < S · depuis E non ferme · depuis S ferme	36+36
1c4c63c2	44	1226	fermeture	3772	26	desaccord · E < S · depuis E non ferme · depuis S ferme	21
1c4c63c2	44	1322	fermeture	4702	84	desaccord · E < S · depuis E non ferme · depuis S ferme	75
1c4c63c2	44	1332	fermeture	4861	229	desaccord · E < S · depuis E non ferme · depuis S ferme	36
1c4c63c2	44	1664	fermeture	5052	242	desaccord · E < S · depuis E non ferme · depuis S ferme	36
1c4c63c2	44	1684	fermeture	5164	242	desaccord · E < S · depuis E non ferme · depuis S ferme	36
1c4c63c2	44	1842	fermeture	4949	218	desaccord · E < S · depuis E non ferme · depuis S ferme	36
1c4c63c2	44	1844	fermeture	5150	200	desaccord · E < S · depuis E non ferme · depuis S ferme	76+75
1c4c63c2	44	1846	fermeture	3643	190	desaccord · E < S · depuis E non ferme · depuis S ferme	0
1c4c63c2	44	1848	fermeture	5070	190	desaccord · E < S · depuis E non ferme · depuis S ferme	0
1c4c63c2	44	20	fermeture	3036	59	desaccord · E < S · depuis E non ferme · depuis S ferme	9
1c4c63c2	44	2048	fermeture	4083	236	desaccord · E < S · depuis E non ferme · depuis S ferme	36
1c4c63c2	44	2088	fermeture	4887	247	desaccord · E < S · depuis E non ferme · depuis S ferme	36
1c4c63c2	44	2114	fermeture	3403	195	desaccord · E < S · depuis E non ferme · depuis S ferme	36
1c4c63c2	44	2128	fermeture	3448	242	desaccord · E < S · depuis E non ferme · depuis S ferme	36
1c4c63c2	44	2134	fermeture	2861	238	desaccord · E < S · depuis E non ferme · depuis S ferme	36
1c4c63c2	44	2136	fermeture	3546	233	desaccord · E < S · depuis E non ferme · depuis S ferme	36
1c4c63c2	44	2142	fermeture	4836	26	desaccord · E < S · depuis E non ferme · depuis S ferme	21
1c4c63c2	44	2144	fermeture	5055	272	desaccord · E < S · depuis E non ferme · depuis S ferme	75+36
1c4c63c2	44	2154	fermeture	5268	339	desaccord · E < S · depuis E non ferme · depuis S ferme	36+9+82
1c4c63c2	44	2156	fermeture	4468	242	desaccord · E < S · depuis E non ferme · depuis S ferme	36
1c4c63c2	44	2286	fermeture	4294	117	desaccord · E < S · depuis E non ferme · depuis S ferme	76
1c4c63c2	44	2314	fermeture	3787	59	desaccord · E < S · depuis E non ferme · depuis S ferme	9
1c4c63c2	44	2362	fermeture	5127	64	desaccord · E < S · depuis E non ferme · depuis S ferme	38+38
1c4c63c2	44	326	fermeture	5068	90	desaccord · E < S · depuis E non ferme · depuis S ferme	38+9
1c4c63c2	44	40	fermeture	3701	59	desaccord · E < S · depuis E non ferme · depuis S ferme	9
1c4c63c2	44	652	fermeture	4319	238	desaccord · E < S · depuis E non ferme · depuis S ferme	36
1c4c63c2	44	696	fermeture	5117	208	desaccord · E < S · depuis E non ferme · depuis S ferme	36
1c4c63c2	44	700	fermeture	4475	33	desaccord · E < S · depuis E non ferme · depuis S ferme	38
1c4c63c2	44	702	fermeture	5798	373	desaccord · E < S · depuis E non ferme · depuis S ferme	82+82+36
1c4c63c2	44	808	fermeture	5045	33	desaccord · E < S · depuis E non ferme · depuis S ferme	38
1c4c63c2	44	864	fermeture	4704	33	desaccord · E < S · depuis E non ferme · depuis S ferme	38
1c4c63c2	44	878	fermeture	5132	278	desaccord · E < S · depuis E non ferme · depuis S ferme	36
1c4c63c2	44	888	fermeture	4791	372	desaccord · E < S · depuis E non ferme · depuis S ferme	1+75+0
1c4c63c2	44	890	fermeture	4608	85	desaccord · E < S · depuis E non ferme · depuis S ferme	75
1c4c63c2	44	912	fermeture	4483	238	desaccord · E < S · depuis E non ferme · depuis S ferme	36
1c4c63c2	45	1026	fermeture	5502	59	desaccord · E < S · depuis E non ferme · depuis S ferme	9
1c4c63c2	45	1050	fermeture	5415	146	desaccord · E < S · depuis E non ferme · depuis S ferme	9+82
1c4c63c2	45	1054	fermeture	5182	212	desaccord · E < S · depuis E non ferme · depuis S ferme	36
1c4c63c2	45	1136	fermeture	5414	298	desaccord · E < S · depuis E non ferme · depuis S ferme	36+98
1c4c63c2	45	1148	fermeture	5949	288	desaccord · E < S · depuis E non ferme · depuis S ferme	36
1c4c63c2	45	1576	fermeture	4874	241	desaccord · E < S · depuis E non ferme · depuis S ferme	75+0
1c4c63c2	45	1606	fermeture	3026	84	desaccord · E < S · depuis E non ferme · depuis S ferme	1+1
1c4c63c2	45	1636	fermeture	5186	26	desaccord · E < S · depuis E non ferme · depuis S ferme	21
1c4c63c2	45	1656	fermeture	5178	213	desaccord · E < S · depuis E non ferme · depuis S ferme	36
1c4c63c2	45	1728	fermeture	5611	146	desaccord · E < S · depuis E non ferme · depuis S ferme	9+82
1c4c63c2	45	1736	fermeture	5756	220	desaccord · E < S · depuis E non ferme · depuis S ferme	36
1c4c63c2	45	1754	fermeture	5067	176	desaccord · E < S · depuis E non ferme · depuis S ferme	82+82
1c4c63c2	45	1890	fermeture	5134	392	desaccord · E < S · depuis E non ferme · depuis S ferme	38+38+40+0
1c4c63c2	45	1908	fermeture	4981	158	desaccord · E < S · depuis E non ferme · depuis S ferme	0
1c4c63c2	45	1924	fermeture	5822	298	desaccord · E < S · depuis E non ferme · depuis S ferme	36+22+26
1c4c63c2	45	1956	fermeture	4267	242	desaccord · E < S · depuis E non ferme · depuis S ferme	36
1c4c63c2	45	1974	fermeture	6086	352	desaccord · E < S · depuis E non ferme · depuis S ferme	82+36
1c4c63c2	45	1984	fermeture	5765	835	desaccord · E < S · depuis E non ferme · depuis S ferme	36+83
1c4c63c2	45	2030	fermeture	4498	158	desaccord · E < S · depuis E non ferme · depuis S ferme	0
1c4c63c2	45	2034	fermeture	3552	258	desaccord · E < S · depuis E non ferme · depuis S ferme	36
1c4c63c2	45	204	fermeture	4991	209	desaccord · E < S · depuis E non ferme · depuis S ferme	36
1c4c63c2	45	2064	fermeture	3830	393	desaccord · E < S · depuis E non ferme · depuis S ferme	36+109
1c4c63c2	45	2094	fermeture	3707	113	desaccord · E < S · depuis E non ferme · depuis S ferme	82+21
1c4c63c2	45	2138	fermeture	4825	238	desaccord · E < S · depuis E non ferme · depuis S ferme	36
1c4c63c2	45	2140	fermeture	4738	186	desaccord · E < S · depuis E non ferme · depuis S ferme	36
1c4c63c2	45	2224	fermeture	5145	216	desaccord · E < S · depuis E non ferme · depuis S ferme	36
1c4c63c2	45	2388	fermeture	5118	499	desaccord · E < S · depuis E non ferme · depuis S ferme	36+36
1c4c63c2	45	2390	fermeture	4053	171	desaccord · E < S · depuis E non ferme · depuis S ferme	36
1c4c63c2	45	2400	fermeture	4887	411	desaccord · E < S · depuis E non ferme · depuis S ferme	36+36
1c4c63c2	45	362	fermeture	4038	233	desaccord · E < S · depuis E non ferme · depuis S ferme	36
1c4c63c2	45	364	fermeture	4776	146	desaccord · E < S · depuis E non ferme · depuis S ferme	9+82
1c4c63c2	45	480	fermeture	6914	1973	desaccord · E < S · depuis E non ferme · depuis S ferme	82+82+82+82+82+82+82+82+82
1c4c63c2	45	676	fermeture	4961	218	desaccord · E < S · depuis E non ferme · depuis S ferme	36
1c4c63c2	45	866	fermeture	3827	286	desaccord · E < S · depuis E non ferme · depuis S ferme	36
1c4c63c2	46	100	fermeture	3939	218	desaccord · E < S · depuis E non ferme · depuis S ferme	36
1c4c63c2	46	1060	fermeture	6868	89	desaccord · E < S · depuis E non ferme · depuis S ferme	82
1c4c63c2	46	1132	fermeture	7226	335	desaccord · E < S · depuis E non ferme · depuis S ferme	36+82
1c4c63c2	46	1232	fermeture	5038	212	desaccord · E < S · depuis E non ferme · depuis S ferme	36
1c4c63c2	46	1250	fermeture	14132	242	desaccord · E < S · depuis E non ferme · depuis S ferme	36+21
1c4c63c2	46	1332	fermeture	5228	156	desaccord · E < S · depuis E non ferme · depuis S ferme	0
1c4c63c2	46	1364	fermeture	4916	156	desaccord · E < S · depuis E non ferme · depuis S ferme	0
1c4c63c2	46	1424	fermeture	5157	219	desaccord · E < S · depuis E non ferme · depuis S ferme	0
1c4c63c2	46	166	fermeture	3242	233	desaccord · E < S · depuis E non ferme · depuis S ferme	36
1c4c63c2	46	1792	fermeture	3307	242	desaccord · E < S · depuis E non ferme · depuis S ferme	36
1c4c63c2	46	1842	fermeture	5946	454	desaccord · E < S · depuis E non ferme · depuis S ferme	36+36
1c4c63c2	46	1914	fermeture	4151	176	desaccord · E < S · depuis E non ferme · depuis S ferme	82+82
1c4c63c2	46	192	fermeture	4716	250	desaccord · E < S · depuis E non ferme · depuis S ferme	36
1c4c63c2	46	1960	fermeture	4349	242	desaccord · E < S · depuis E non ferme · depuis S ferme	36
1c4c63c2	46	2370	fermeture	5072	227	desaccord · E < S · depuis E non ferme · depuis S ferme	36
1c4c63c2	46	240	fermeture	3586	233	desaccord · E < S · depuis E non ferme · depuis S ferme	36
1c4c63c2	46	340	fermeture	4335	151	desaccord · E < S · depuis E non ferme · depuis S ferme	38+38+82
1c4c63c2	46	372	fermeture	3872	43	desaccord · E < S · depuis E non ferme · depuis S ferme	103
1c4c63c2	46	376	fermeture	3340	59	desaccord · E < S · depuis E non ferme · depuis S ferme	9
1c4c63c2	46	468	fermeture	5925	146	desaccord · E < S · depuis E non ferme · depuis S ferme	9+82
1c4c63c2	46	472	fermeture	4740	250	desaccord · E < S · depuis E non ferme · depuis S ferme	36
1c4c63c2	46	480	fermeture	4559	320	desaccord · E < S · depuis E non ferme · depuis S ferme	82+36
1c4c63c2	46	504	fermeture	4355	59	desaccord · E < S · depuis E non ferme · depuis S ferme	9
1c4c63c2	46	510	fermeture	5196	158	desaccord · E < S · depuis E non ferme · depuis S ferme	0
1c4c63c2	46	540	fermeture	4882	59	desaccord · E < S · depuis E non ferme · depuis S ferme	9
1c4c63c2	46	8	fermeture	4654	242	desaccord · E < S · depuis E non ferme · depuis S ferme	36
1c4c63c2	46	930	fermeture	5070	117	desaccord · E < S · depuis E non ferme · depuis S ferme	76
1c4c63c2	46	938	fermeture	5734	464	desaccord · E < S · depuis E non ferme · depuis S ferme	36+36
1c4c63c2	46	940	fermeture	5220	233	desaccord · E < S · depuis E non ferme · depuis S ferme	36
1c4c63c2	46	962	fermeture	4713	257	desaccord · E < S · depuis E non ferme · depuis S ferme	36
1c4c63c2	46	964	fermeture	4637	236	desaccord · E < S · depuis E non ferme · depuis S ferme	36
1c4c63c2	47	1268	fermeture	5094	1350	desaccord · E < S · depuis E non ferme · depuis S ferme	82+82+82+82+82+82+82+82
1c4c63c2	47	1274	fermeture	3499	89	desaccord · E < S · depuis E non ferme · depuis S ferme	82
1c4c63c2	47	1364	fermeture	3127	26	desaccord · E < S · depuis E non ferme · depuis S ferme	21
1c4c63c2	47	1810	fermeture	3885	214	desaccord · E < S · depuis E non ferme · depuis S ferme	36
1c4c63c2	47	2056	fermeture	3119	313	desaccord · E < S · depuis E non ferme · depuis S ferme	75+0
1c4c63c2	47	206	fermeture	4509	33	desaccord · E < S · depuis E non ferme · depuis S ferme	38
1c4c63c2	47	2196	fermeture	3928	89	desaccord · E < S · depuis E non ferme · depuis S ferme	82
1c4c63c2	47	2198	fermeture	4229	236	desaccord · E < S · depuis E non ferme · depuis S ferme	36
1c4c63c2	47	2210	fermeture	4381	274	desaccord · E < S · depuis E non ferme · depuis S ferme	21+36
1c4c63c2	47	2252	fermeture	3857	243	desaccord · E < S · depuis E non ferme · depuis S ferme	82+0
1c4c63c2	47	2272	fermeture	4157	156	desaccord · E < S · depuis E non ferme · depuis S ferme	0
1c4c63c2	47	2322	fermeture	3503	275	desaccord · E < S · depuis E non ferme · depuis S ferme	9+36
1c4c63c2	47	280	fermeture	5070	218	desaccord · E < S · depuis E non ferme · depuis S ferme	36
1c4c63c2	47	402	fermeture	4035	43	desaccord · E < S · depuis E non ferme · depuis S ferme	1
1c4c63c2	48	1022	fermeture	4260	454	desaccord · E < S · depuis E non ferme · depuis S ferme	0+36
1c4c63c2	48	1058	fermeture	5044	212	desaccord · E < S · depuis E non ferme · depuis S ferme	36
1c4c63c2	48	1080	fermeture	4572	33	desaccord · E < S · depuis E non ferme · depuis S ferme	38
1c4c63c2	48	1082	fermeture	3949	89	desaccord · E < S · depuis E non ferme · depuis S ferme	82
1c4c63c2	48	1084	fermeture	7876	89	desaccord · E < S · depuis E non ferme · depuis S ferme	82
1c4c63c2	48	1098	fermeture	4797	33	desaccord · E < S · depuis E non ferme · depuis S ferme	38
1c4c63c2	48	1102	fermeture	3662	156	desaccord · E < S · depuis E non ferme · depuis S ferme	0
1c4c63c2	48	1124	fermeture	5044	156	desaccord · E < S · depuis E non ferme · depuis S ferme	0
1c4c63c2	48	1128	fermeture	5149	156	desaccord · E < S · depuis E non ferme · depuis S ferme	0
1c4c63c2	48	1130	fermeture	5157	156	desaccord · E < S · depuis E non ferme · depuis S ferme	0
1c4c63c2	48	1456	fermeture	4255	227	desaccord · E < S · depuis E non ferme · depuis S ferme	36
1c4c63c2	48	1602	fermeture	3911	176	desaccord · E < S · depuis E non ferme · depuis S ferme	82+82
1c4c63c2	48	1860	fermeture	3815	89	desaccord · E < S · depuis E non ferme · depuis S ferme	82
1c4c63c2	48	1974	fermeture	2827	33	desaccord · E < S · depuis E non ferme · depuis S ferme	38
1c4c63c2	48	204	fermeture	4565	210	desaccord · E < S · depuis E non ferme · depuis S ferme	36
1c4c63c2	48	2124	fermeture	3764	59	desaccord · E < S · depuis E non ferme · depuis S ferme	9
1c4c63c2	48	2138	fermeture	3965	146	desaccord · E < S · depuis E non ferme · depuis S ferme	9+82
1c4c63c2	48	2302	fermeture	4167	146	desaccord · E < S · depuis E non ferme · depuis S ferme	9+82
1c4c63c2	48	326	fermeture	4305	1317	desaccord · E < S · depuis E non ferme · depuis S ferme	36+81
1c4c63c2	48	44	fermeture	4749	89	desaccord · E < S · depuis E non ferme · depuis S ferme	82
1c4c63c2	48	532	fermeture	4404	156	desaccord · E < S · depuis E non ferme · depuis S ferme	0
1c4c63c2	48	536	fermeture	4793	513	desaccord · E < S · depuis E non ferme · depuis S ferme	0+36+0
1c4c63c2	48	842	fermeture	4647	335	desaccord · E < S · depuis E non ferme · depuis S ferme	82+21+36
1c4c63c2	48	890	fermeture	5010	212	desaccord · E < S · depuis E non ferme · depuis S ferme	36
1c4c63c2	49	104	fermeture	4453	233	desaccord · E < S · depuis E non ferme · depuis S ferme	36
1c4c63c2	49	1044	fermeture	4329	707	desaccord · E < S · depuis E non ferme · depuis S ferme	36+0+0
1c4c63c2	49	112	fermeture	4230	151	desaccord · E < S · depuis E non ferme · depuis S ferme	38+38+82
1c4c63c2	49	1292	fermeture	6055	227	desaccord · E < S · depuis E non ferme · depuis S ferme	36
1c4c63c2	49	1332	fermeture	4015	220	desaccord · E < S · depuis E non ferme · depuis S ferme	36
1c4c63c2	49	1350	fermeture	3525	26	desaccord · E < S · depuis E non ferme · depuis S ferme	21
1c4c63c2	49	136	fermeture	4198	233	desaccord · E < S · depuis E non ferme · depuis S ferme	36
1c4c63c2	49	138	fermeture	4661	328	desaccord · E < S · depuis E non ferme · depuis S ferme	82+36
1c4c63c2	49	1396	fermeture	4047	89	desaccord · E < S · depuis E non ferme · depuis S ferme	82
1c4c63c2	49	14	fermeture	1015	250	desaccord · E < S · depuis E non ferme · depuis S ferme	36
1c4c63c2	49	140	fermeture	4151	89	desaccord · E < S · depuis E non ferme · depuis S ferme	82
1c4c63c2	49	1458	fermeture	3775	208	desaccord · E < S · depuis E non ferme · depuis S ferme	0
1c4c63c2	49	1476	fermeture	3876	59	desaccord · E < S · depuis E non ferme · depuis S ferme	9
1c4c63c2	49	1490	fermeture	4196	369	desaccord · E < S · depuis E non ferme · depuis S ferme	82+21+36
1c4c63c2	49	1500	fermeture	3855	98	desaccord · E < S · depuis E non ferme · depuis S ferme	11
1c4c63c2	49	1512	fermeture	4039	227	desaccord · E < S · depuis E non ferme · depuis S ferme	36
1c4c63c2	49	154	fermeture	4564	320	desaccord · E < S · depuis E non ferme · depuis S ferme	82+36
1c4c63c2	49	158	fermeture	4901	176	desaccord · E < S · depuis E non ferme · depuis S ferme	82+82
1c4c63c2	49	1636	fermeture	4057	89	desaccord · E < S · depuis E non ferme · depuis S ferme	82
1c4c63c2	49	164	fermeture	4438	233	desaccord · E < S · depuis E non ferme · depuis S ferme	36
1c4c63c2	49	166	fermeture	4330	89	desaccord · E < S · depuis E non ferme · depuis S ferme	82
1c4c63c2	49	1660	fermeture	4169	189	desaccord · E < S · depuis E non ferme · depuis S ferme	36
1c4c63c2	49	1666	fermeture	4989	218	desaccord · E < S · depuis E non ferme · depuis S ferme	36
1c4c63c2	49	1678	fermeture	5295	392	desaccord · E < S · depuis E non ferme · depuis S ferme	38+38+40+0
1c4c63c2	49	178	fermeture	4443	305	desaccord · E < S · depuis E non ferme · depuis S ferme	36+82
1c4c63c2	49	186	fermeture	4306	218	desaccord · E < S · depuis E non ferme · depuis S ferme	36
1c4c63c2	49	1900	fermeture	4897	329	desaccord · E < S · depuis E non ferme · depuis S ferme	82+36
1c4c63c2	49	196	fermeture	4131	218	desaccord · E < S · depuis E non ferme · depuis S ferme	36
1c4c63c2	49	1972	fermeture	4728	26	desaccord · E < S · depuis E non ferme · depuis S ferme	21
1c4c63c2	49	200	fermeture	4220	89	desaccord · E < S · depuis E non ferme · depuis S ferme	82
1c4c63c2	49	204	fermeture	4411	305	desaccord · E < S · depuis E non ferme · depuis S ferme	36+82
1c4c63c2	49	212	fermeture	3881	89	desaccord · E < S · depuis E non ferme · depuis S ferme	82
1c4c63c2	49	214	fermeture	6002	89	desaccord · E < S · depuis E non ferme · depuis S ferme	82
1c4c63c2	49	2146	fermeture	6510	259	desaccord · E < S · depuis E non ferme · depuis S ferme	36
1c4c63c2	49	2242	fermeture	3382	238	desaccord · E < S · depuis E non ferme · depuis S ferme	36
1c4c63c2	49	2374	fermeture	6038	33	desaccord · E < S · depuis E non ferme · depuis S ferme	38
1c4c63c2	49	2376	fermeture	6047	168	desaccord · E < S · depuis E non ferme · depuis S ferme	75+75
1c4c63c2	49	46	fermeture	2601	203	desaccord · E < S · depuis E non ferme · depuis S ferme	36
1c4c63c2	49	568	fermeture	5380	241	desaccord · E < S · depuis E non ferme · depuis S ferme	36
1c4c63c2	49	590	fermeture	4462	195	desaccord · E < S · depuis E non ferme · depuis S ferme	36
1c4c63c2	49	658	fermeture	3972	195	desaccord · E < S · depuis E non ferme · depuis S ferme	36
1c4c63c2	49	678	fermeture	5070	195	desaccord · E < S · depuis E non ferme · depuis S ferme	36
1c4c63c2	49	698	fermeture	4787	235	desaccord · E < S · depuis E non ferme · depuis S ferme	36
1c4c63c2	49	84	fermeture	4781	272	desaccord · E < S · depuis E non ferme · depuis S ferme	36
1c4c63c2	49	974	fermeture	5077	676	desaccord · E < S · depuis E non ferme · depuis S ferme	0+36+0
1c4c63c2	5	1312	fermeture	4778	33	desaccord · E < S · depuis E non ferme · depuis S ferme	38
1c4c63c2	5	1890	fermeture	5051	224	desaccord · E < S · depuis E non ferme · depuis S ferme	36
1c4c63c2	5	1912	fermeture	5170	477	desaccord · E < S · depuis E non ferme · depuis S ferme	36+36
1c4c63c2	5	1936	fermeture	5092	231	desaccord · E < S · depuis E non ferme · depuis S ferme	0
1c4c63c2	5	1940	fermeture	4890	231	desaccord · E < S · depuis E non ferme · depuis S ferme	0
1c4c63c2	5	2068	fermeture	3287	231	desaccord · E < S · depuis E non ferme · depuis S ferme	0
1c4c63c2	5	542	fermeture	6228	269	desaccord · E < S · depuis E non ferme · depuis S ferme	36
1c4c63c2	5	780	fermeture	8438	2151	desaccord · E < S · depuis E non ferme · depuis S ferme	36+82+82+82+82+82+82+82+82+82
1c4c63c2	50	1072	fermeture	3270	263	desaccord · E < S · depuis E non ferme · depuis S ferme	36
1c4c63c2	50	1130	fermeture	5142	146	desaccord · E < S · depuis E non ferme · depuis S ferme	9+82
1c4c63c2	50	1140	fermeture	4327	1041	desaccord · E < S · depuis E non ferme · depuis S ferme	36+16
1c4c63c2	50	1186	fermeture	4148	212	desaccord · E < S · depuis E non ferme · depuis S ferme	36
1c4c63c2	50	1206	fermeture	3730	214	desaccord · E < S · depuis E non ferme · depuis S ferme	36
1c4c63c2	50	1368	fermeture	4235	238	desaccord · E < S · depuis E non ferme · depuis S ferme	36
1c4c63c2	50	2062	fermeture	5038	146	desaccord · E < S · depuis E non ferme · depuis S ferme	9+82
1c4c63c2	50	2100	fermeture	4453	85	desaccord · E < S · depuis E non ferme · depuis S ferme	75
1c4c63c2	50	2116	fermeture	4835	298	desaccord · E < S · depuis E non ferme · depuis S ferme	36
1c4c63c2	50	244	fermeture	5453	233	desaccord · E < S · depuis E non ferme · depuis S ferme	36
1c4c63c2	50	32	fermeture	6884	261	desaccord · E < S · depuis E non ferme · depuis S ferme	36
1c4c63c2	50	364	fermeture	4212	233	desaccord · E < S · depuis E non ferme · depuis S ferme	36
1c4c63c2	50	396	fermeture	5105	496	desaccord · E < S · depuis E non ferme · depuis S ferme	36+36
1c4c63c2	50	428	fermeture	4439	233	desaccord · E < S · depuis E non ferme · depuis S ferme	36
1c4c63c2	50	76	fermeture	5918	372	desaccord · E < S · depuis E non ferme · depuis S ferme	1+75+0
1c4c63c2	51	1000	fermeture	5436	212	desaccord · E < S · depuis E non ferme · depuis S ferme	36
1c4c63c2	51	1002	fermeture	5310	64	desaccord · E < S · depuis E non ferme · depuis S ferme	38+38
1c4c63c2	51	1008	fermeture	5382	218	desaccord · E < S · depuis E non ferme · depuis S ferme	36
1c4c63c2	51	1066	fermeture	5049	233	desaccord · E < S · depuis E non ferme · depuis S ferme	36
1c4c63c2	51	1244	fermeture	4712	233	desaccord · E < S · depuis E non ferme · depuis S ferme	36
1c4c63c2	51	148	fermeture	4426	176	desaccord · E < S · depuis E non ferme · depuis S ferme	82+82
1c4c63c2	51	1670	fermeture	14013	252	desaccord · E < S · depuis E non ferme · depuis S ferme	36
1c4c63c2	51	1676	fermeture	5079	33	desaccord · E < S · depuis E non ferme · depuis S ferme	38
1c4c63c2	51	180	fermeture	5702	212	desaccord · E < S · depuis E non ferme · depuis S ferme	36
1c4c63c2	51	182	fermeture	6222	417	desaccord · E < S · depuis E non ferme · depuis S ferme	36+0
1c4c63c2	51	1918	fermeture	4223	323	desaccord · E < S · depuis E non ferme · depuis S ferme	82+36
1c4c63c2	51	1926	fermeture	4500	250	desaccord · E < S · depuis E non ferme · depuis S ferme	36
1c4c63c2	51	1932	fermeture	4255	227	desaccord · E < S · depuis E non ferme · depuis S ferme	36
1c4c63c2	51	1970	fermeture	4199	59	desaccord · E < S · depuis E non ferme · depuis S ferme	9
1c4c63c2	51	1982	fermeture	4095	227	desaccord · E < S · depuis E non ferme · depuis S ferme	36
1c4c63c2	51	2006	fermeture	4581	227	desaccord · E < S · depuis E non ferme · depuis S ferme	36
1c4c63c2	51	2012	fermeture	4558	236	desaccord · E < S · depuis E non ferme · depuis S ferme	36
1c4c63c2	51	2078	fermeture	4034	218	desaccord · E < S · depuis E non ferme · depuis S ferme	36
1c4c63c2	51	2090	fermeture	4557	212	desaccord · E < S · depuis E non ferme · depuis S ferme	36
1c4c63c2	51	2110	fermeture	4853	247	desaccord · E < S · depuis E non ferme · depuis S ferme	36
1c4c63c2	51	2160	fermeture	6064	344	desaccord · E < S · depuis E non ferme · depuis S ferme	21+36+82
1c4c63c2	51	2172	fermeture	5024	437	desaccord · E < S · depuis E non ferme · depuis S ferme	0+36
1c4c63c2	51	2176	fermeture	4342	293	desaccord · E < S · depuis E non ferme · depuis S ferme	76+38+38+40
1c4c63c2	51	2180	fermeture	4134	26	desaccord · E < S · depuis E non ferme · depuis S ferme	21
1c4c63c2	51	2254	fermeture	4827	238	desaccord · E < S · depuis E non ferme · depuis S ferme	36
1c4c63c2	51	2256	fermeture	4812	212	desaccord · E < S · depuis E non ferme · depuis S ferme	36
1c4c63c2	51	236	fermeture	6263	417	desaccord · E < S · depuis E non ferme · depuis S ferme	36+36
1c4c63c2	51	246	fermeture	5631	233	desaccord · E < S · depuis E non ferme · depuis S ferme	36
1c4c63c2	51	248	fermeture	7879	1705	desaccord · E < S · depuis E non ferme · depuis S ferme	82+82+82+82+82+82+82+82+82
1c4c63c2	51	372	fermeture	5334	467	desaccord · E < S · depuis E non ferme · depuis S ferme	36+36
1c4c63c2	51	392	fermeture	7932	1939	desaccord · E < S · depuis E non ferme · depuis S ferme	36+82+82+82+82+82+82+82+82+82
1c4c63c2	51	394	fermeture	5582	233	desaccord · E < S · depuis E non ferme · depuis S ferme	36
1c4c63c2	51	426	fermeture	5927	407	desaccord · E < S · depuis E non ferme · depuis S ferme	7+36
1c4c63c2	51	428	fermeture	5414	375	desaccord · E < S · depuis E non ferme · depuis S ferme	36+42
1c4c63c2	51	456	fermeture	5078	402	desaccord · E < S · depuis E non ferme · depuis S ferme	7+36
1c4c63c2	51	468	fermeture	5391	378	desaccord · E < S · depuis E non ferme · depuis S ferme	82+82+0
1c4c63c2	51	482	fermeture	4449	242	desaccord · E < S · depuis E non ferme · depuis S ferme	36
1c4c63c2	51	488	fermeture	5044	286	desaccord · E < S · depuis E non ferme · depuis S ferme	36+58
1c4c63c2	51	490	fermeture	4224	26	desaccord · E < S · depuis E non ferme · depuis S ferme	21
1c4c63c2	51	524	fermeture	5220	242	desaccord · E < S · depuis E non ferme · depuis S ferme	36
1c4c63c2	51	636	fermeture	5191	156	desaccord · E < S · depuis E non ferme · depuis S ferme	0
1c4c63c2	51	646	fermeture	7276	156	desaccord · E < S · depuis E non ferme · depuis S ferme	0
1c4c63c2	51	650	fermeture	5451	303	desaccord · E < S · depuis E non ferme · depuis S ferme	36+37
1c4c63c2	51	786	fermeture	5207	89	desaccord · E < S · depuis E non ferme · depuis S ferme	82
1c4c63c2	51	850	fermeture	5188	242	desaccord · E < S · depuis E non ferme · depuis S ferme	36
1c4c63c2	51	994	fermeture	5236	89	desaccord · E < S · depuis E non ferme · depuis S ferme	82
1c4c63c2	52	1054	fermeture	4858	235	desaccord · E < S · depuis E non ferme · depuis S ferme	36
1c4c63c2	52	1082	fermeture	3823	117	desaccord · E < S · depuis E non ferme · depuis S ferme	76
1c4c63c2	52	1142	fermeture	4748	113	desaccord · E < S · depuis E non ferme · depuis S ferme	82+21
1c4c63c2	52	1178	fermeture	4679	233	desaccord · E < S · depuis E non ferme · depuis S ferme	36
1c4c63c2	52	1180	fermeture	4715	235	desaccord · E < S · depuis E non ferme · depuis S ferme	36
1c4c63c2	52	1192	fermeture	5353	706	desaccord · E < S · depuis E non ferme · depuis S ferme	36+36+36
1c4c63c2	52	1200	fermeture	18611	263	desaccord · E < S · depuis E non ferme · depuis S ferme	36
1c4c63c2	52	126	fermeture	5181	258	desaccord · E < S · depuis E non ferme · depuis S ferme	36+22
1c4c63c2	52	128	fermeture	4938	242	desaccord · E < S · depuis E non ferme · depuis S ferme	36
1c4c63c2	52	1560	fermeture	5091	269	desaccord · E < S · depuis E non ferme · depuis S ferme	36
1c4c63c2	52	1666	fermeture	4314	388	desaccord · E < S · depuis E non ferme · depuis S ferme	76+38+36
1c4c63c2	52	1988	fermeture	3469	89	desaccord · E < S · depuis E non ferme · depuis S ferme	82
1c4c63c2	52	20	fermeture	4860	320	desaccord · E < S · depuis E non ferme · depuis S ferme	82+36
1c4c63c2	52	200	fermeture	3637	116	desaccord · E < S · depuis E non ferme · depuis S ferme	9+9
1c4c63c2	52	206	fermeture	3612	320	desaccord · E < S · depuis E non ferme · depuis S ferme	82+36
1c4c63c2	52	2102	fermeture	5858	227	desaccord · E < S · depuis E non ferme · depuis S ferme	36
1c4c63c2	52	2266	fermeture	6684	725	desaccord · E < S · depuis E non ferme · depuis S ferme	36+36+36
1c4c63c2	52	500	fermeture	3794	266	desaccord · E < S · depuis E non ferme · depuis S ferme	38+36
1c4c63c2	52	520	fermeture	5886	471	desaccord · E < S · depuis E non ferme · depuis S ferme	36+36
1c4c63c2	52	534	fermeture	5661	229	desaccord · E < S · depuis E non ferme · depuis S ferme	36
1c4c63c2	52	536	fermeture	5244	85	desaccord · E < S · depuis E non ferme · depuis S ferme	75
1c4c63c2	52	552	fermeture	5423	235	desaccord · E < S · depuis E non ferme · depuis S ferme	36
1c4c63c2	52	558	fermeture	5479	89	desaccord · E < S · depuis E non ferme · depuis S ferme	82
1c4c63c2	52	564	fermeture	5310	274	desaccord · E < S · depuis E non ferme · depuis S ferme	36+45
1c4c63c2	52	656	fermeture	5135	203	desaccord · E < S · depuis E non ferme · depuis S ferme	36
1c4c63c2	52	732	fermeture	4542	223	desaccord · E < S · depuis E non ferme · depuis S ferme	36
1c4c63c2	52	734	fermeture	4596	214	desaccord · E < S · depuis E non ferme · depuis S ferme	36
1c4c63c2	52	782	fermeture	4829	520	desaccord · E < S · depuis E non ferme · depuis S ferme	76+36+36
1c4c63c2	52	796	fermeture	5062	286	desaccord · E < S · depuis E non ferme · depuis S ferme	82+36
1c4c63c2	52	810	fermeture	4868	242	desaccord · E < S · depuis E non ferme · depuis S ferme	36
1c4c63c2	52	850	fermeture	4687	208	desaccord · E < S · depuis E non ferme · depuis S ferme	0
1c4c63c2	52	954	fermeture	5230	59	desaccord · E < S · depuis E non ferme · depuis S ferme	9
1c4c63c2	53	1006	fermeture	4738	235	desaccord · E < S · depuis E non ferme · depuis S ferme	36
1c4c63c2	53	1018	fermeture	5001	235	desaccord · E < S · depuis E non ferme · depuis S ferme	36
1c4c63c2	53	1142	fermeture	7099	323	desaccord · E < S · depuis E non ferme · depuis S ferme	21+36+82
1c4c63c2	53	1274	fermeture	4236	238	desaccord · E < S · depuis E non ferme · depuis S ferme	36
1c4c63c2	53	1348	fermeture	4477	242	desaccord · E < S · depuis E non ferme · depuis S ferme	36
1c4c63c2	53	1370	fermeture	4791	263	desaccord · E < S · depuis E non ferme · depuis S ferme	36
1c4c63c2	53	1418	fermeture	5142	233	desaccord · E < S · depuis E non ferme · depuis S ferme	36
1c4c63c2	53	1476	fermeture	6415	266	desaccord · E < S · depuis E non ferme · depuis S ferme	36
1c4c63c2	53	1488	fermeture	6744	593	desaccord · E < S · depuis E non ferme · depuis S ferme	38+38+36+36
1c4c63c2	53	1534	fermeture	5451	450	desaccord · E < S · depuis E non ferme · depuis S ferme	36+36
1c4c63c2	53	1564	fermeture	15599	259	desaccord · E < S · depuis E non ferme · depuis S ferme	36
1c4c63c2	53	1568	fermeture	6784	218	desaccord · E < S · depuis E non ferme · depuis S ferme	36
1c4c63c2	53	158	fermeture	1971	26	desaccord · E < S · depuis E non ferme · depuis S ferme	21
1c4c63c2	53	1590	fermeture	6687	285	desaccord · E < S · depuis E non ferme · depuis S ferme	36
1c4c63c2	53	162	fermeture	2589	33	desaccord · E < S · depuis E non ferme · depuis S ferme	38
1c4c63c2	53	1636	fermeture	5664	229	desaccord · E < S · depuis E non ferme · depuis S ferme	36
1c4c63c2	53	1646	fermeture	5231	64	desaccord · E < S · depuis E non ferme · depuis S ferme	38+38
1c4c63c2	53	1662	fermeture	5615	233	desaccord · E < S · depuis E non ferme · depuis S ferme	36
1c4c63c2	53	1726	fermeture	5064	238	desaccord · E < S · depuis E non ferme · depuis S ferme	36
1c4c63c2	53	186	fermeture	3014	59	desaccord · E < S · depuis E non ferme · depuis S ferme	9
1c4c63c2	53	2106	fermeture	5892	239	desaccord · E < S · depuis E non ferme · depuis S ferme	0
1c4c63c2	53	2108	fermeture	14852	259	desaccord · E < S · depuis E non ferme · depuis S ferme	36
1c4c63c2	53	2204	fermeture	7777	218	desaccord · E < S · depuis E non ferme · depuis S ferme	36
1c4c63c2	53	236	fermeture	3755	89	desaccord · E < S · depuis E non ferme · depuis S ferme	82
1c4c63c2	53	2390	fermeture	4880	275	desaccord · E < S · depuis E non ferme · depuis S ferme	36+9
1c4c63c2	53	264	fermeture	4482	692	desaccord · E < S · depuis E non ferme · depuis S ferme	76+76+76+76+76+76
1c4c63c2	53	44	fermeture	3186	212	desaccord · E < S · depuis E non ferme · depuis S ferme	36
1c4c63c2	53	572	fermeture	5892	238	desaccord · E < S · depuis E non ferme · depuis S ferme	36
1c4c63c2	53	574	fermeture	6860	954	desaccord · E < S · depuis E non ferme · depuis S ferme	82+82+82+82
1c4c63c2	53	58	fermeture	3445	269	desaccord · E < S · depuis E non ferme · depuis S ferme	36
1c4c63c2	54	1000	fermeture	7138	4178	desaccord · E < S · depuis E non ferme · depuis S ferme	82+82+82+82+82+82+82+82+82+82+82+82+82+82+82+82+82+82+82+82+82+82+82+82+82+82+82+82+82+82+82+82+82+82+82+82+82+82+82+82+82+82+82+82+82+82+82+82
1c4c63c2	54	1136	fermeture	3421	117	desaccord · E < S · depuis E non ferme · depuis S ferme	76
1c4c63c2	54	1252	fermeture	3294	85	desaccord · E < S · depuis E non ferme · depuis S ferme	75
1c4c63c2	54	1430	fermeture	3663	85	desaccord · E < S · depuis E non ferme · depuis S ferme	75
1c4c63c2	54	1442	fermeture	3542	26	desaccord · E < S · depuis E non ferme · depuis S ferme	21
1c4c63c2	54	1678	fermeture	3582	242	desaccord · E < S · depuis E non ferme · depuis S ferme	36
1c4c63c2	54	1682	fermeture	4149	332	desaccord · E < S · depuis E non ferme · depuis S ferme	0+82+82
1c4c63c2	54	1978	fermeture	1397	116	desaccord · E < S · depuis E non ferme · depuis S ferme	9+9
1c4c63c2	54	332	fermeture	4414	33	desaccord · E < S · depuis E non ferme · depuis S ferme	38
1c4c63c2	54	474	fermeture	3714	89	desaccord · E < S · depuis E non ferme · depuis S ferme	82
1c4c63c2	54	590	fermeture	3085	89	desaccord · E < S · depuis E non ferme · depuis S ferme	82
1c4c63c2	54	608	fermeture	3209	89	desaccord · E < S · depuis E non ferme · depuis S ferme	82
1c4c63c2	54	610	fermeture	5524	89	desaccord · E < S · depuis E non ferme · depuis S ferme	82
1c4c63c2	54	870	fermeture	3701	227	desaccord · E < S · depuis E non ferme · depuis S ferme	36
1c4c63c2	54	874	fermeture	3590	26	desaccord · E < S · depuis E non ferme · depuis S ferme	21
1c4c63c2	54	876	fermeture	13726	9166	desaccord · E < S · depuis E non ferme · depuis S ferme	82+82+82+82+82+82+82+82+82+82+82+82+82+82+82+82+82+82+82+82+82+82+82+82+82+82+82+82+82+82+82+82+82+82+82+82+82+82+82+82+82+82+82+82+82+82+82+82+82+82+82+82+82+82+82+82+82+82+82+82+82+82+82+82+82+82+82+82+82+82+82+82+82+82+82+82+82+82+82+82+82+82+82
1c4c63c2	54	894	fermeture	4989	247	desaccord · E < S · depuis E non ferme · depuis S ferme	36
1c4c63c2	54	90	fermeture	5386	205	desaccord · E < S · depuis E non ferme · depuis S ferme	36+25
1c4c63c2	54	900	fermeture	4957	235	desaccord · E < S · depuis E non ferme · depuis S ferme	36
1c4c63c2	54	920	fermeture	4878	244	desaccord · E < S · depuis E non ferme · depuis S ferme	36
1c4c63c2	54	938	fermeture	6270	1267	desaccord · E < S · depuis E non ferme · depuis S ferme	76+76+76+76+76+76+76+76+76+76+76
1c4c63c2	54	952	fermeture	3477	26	desaccord · E < S · depuis E non ferme · depuis S ferme	21
1c4c63c2	55	1238	fermeture	4077	85	desaccord · E < S · depuis E non ferme · depuis S ferme	75
1c4c63c2	55	1400	fermeture	3284	229	desaccord · E < S · depuis E non ferme · depuis S ferme	36
1c4c63c2	55	1416	fermeture	4606	239	desaccord · E < S · depuis E non ferme · depuis S ferme	0
1c4c63c2	55	1418	fermeture	4984	414	desaccord · E < S · depuis E non ferme · depuis S ferme	76+36+9
1c4c63c2	55	1430	fermeture	4881	242	desaccord · E < S · depuis E non ferme · depuis S ferme	36
1c4c63c2	55	1458	fermeture	4259	242	desaccord · E < S · depuis E non ferme · depuis S ferme	36
1c4c63c2	55	1730	fermeture	4857	235	desaccord · E < S · depuis E non ferme · depuis S ferme	36
1c4c63c2	55	1780	fermeture	4822	321	desaccord · E < S · depuis E non ferme · depuis S ferme	36+100
1c4c63c2	55	1800	fermeture	4550	244	desaccord · E < S · depuis E non ferme · depuis S ferme	36
1c4c63c2	55	1912	fermeture	5550	142	desaccord · E < S · depuis E non ferme · depuis S ferme	75+9
1c4c63c2	55	1920	fermeture	7880	1350	desaccord · E < S · depuis E non ferme · depuis S ferme	82+82+82+82+82+82+82+82
1c4c63c2	55	1962	fermeture	5734	283	desaccord · E < S · depuis E non ferme · depuis S ferme	76+75+75
1c4c63c2	55	2160	fermeture	5416	89	desaccord · E < S · depuis E non ferme · depuis S ferme	82
1c4c63c2	55	2280	fermeture	5471	218	desaccord · E < S · depuis E non ferme · depuis S ferme	36
1c4c63c2	56	1034	fermeture	4723	218	desaccord · E < S · depuis E non ferme · depuis S ferme	36
1c4c63c2	56	1270	fermeture	4618	26	desaccord · E < S · depuis E non ferme · depuis S ferme	21
1c4c63c2	56	1282	fermeture	6166	1350	desaccord · E < S · depuis E non ferme · depuis S ferme	82+82+82+82+82+82+82+82
1c4c63c2	56	1464	fermeture	4676	247	desaccord · E < S · depuis E non ferme · depuis S ferme	36
1c4c63c2	56	1550	fermeture	4282	213	desaccord · E < S · depuis E non ferme · depuis S ferme	36
1c4c63c2	56	1760	fermeture	5020	57	desaccord · E < S · depuis E non ferme · depuis S ferme	21+38
1c4c63c2	56	1762	fermeture	5515	89	desaccord · E < S · depuis E non ferme · depuis S ferme	82
1c4c63c2	56	1812	fermeture	4947	85	desaccord · E < S · depuis E non ferme · depuis S ferme	75
1c4c63c2	56	1850	fermeture	4545	26	desaccord · E < S · depuis E non ferme · depuis S ferme	21
1c4c63c2	56	2024	fermeture	4038	59	desaccord · E < S · depuis E non ferme · depuis S ferme	9
1c4c63c2	56	424	fermeture	4697	231	desaccord · E < S · depuis E non ferme · depuis S ferme	0
1c4c63c2	56	524	fermeture	4898	156	desaccord · E < S · depuis E non ferme · depuis S ferme	0
1c4c63c2	56	540	fermeture	4632	156	desaccord · E < S · depuis E non ferme · depuis S ferme	0
1c4c63c2	56	542	fermeture	4611	156	desaccord · E < S · depuis E non ferme · depuis S ferme	0
1c4c63c2	56	88	fermeture	3347	435	desaccord · E < S · depuis E non ferme · depuis S ferme	0+36
1c4c63c2	57	1012	fermeture	6225	268	desaccord · E < S · depuis E non ferme · depuis S ferme	36
1c4c63c2	57	1084	fermeture	7022	176	desaccord · E < S · depuis E non ferme · depuis S ferme	82+82
1c4c63c2	57	1086	fermeture	6172	59	desaccord · E < S · depuis E non ferme · depuis S ferme	9
1c4c63c2	57	1120	fermeture	6291	233	desaccord · E < S · depuis E non ferme · depuis S ferme	36
1c4c63c2	57	1124	fermeture	6242	33	desaccord · E < S · depuis E non ferme · depuis S ferme	38
1c4c63c2	57	1154	fermeture	7256	246	desaccord · E < S · depuis E non ferme · depuis S ferme	0
1c4c63c2	57	1172	fermeture	6472	218	desaccord · E < S · depuis E non ferme · depuis S ferme	36
1c4c63c2	57	1396	fermeture	7201	1845	desaccord · E < S · depuis E non ferme · depuis S ferme	82+82+82+82+82+82+82+82+82
1c4c63c2	57	1466	fermeture	4833	242	desaccord · E < S · depuis E non ferme · depuis S ferme	36
1c4c63c2	57	1490	fermeture	4438	59	desaccord · E < S · depuis E non ferme · depuis S ferme	9
1c4c63c2	57	1526	fermeture	3492	219	desaccord · E < S · depuis E non ferme · depuis S ferme	36
1c4c63c2	57	1534	fermeture	4402	89	desaccord · E < S · depuis E non ferme · depuis S ferme	82
1c4c63c2	57	1536	fermeture	4858	606	desaccord · E < S · depuis E non ferme · depuis S ferme	1+75+0+36
1c4c63c2	57	1566	fermeture	4145	33	desaccord · E < S · depuis E non ferme · depuis S ferme	38
1c4c63c2	57	1820	fermeture	4153	176	desaccord · E < S · depuis E non ferme · depuis S ferme	82+82
1c4c63c2	57	1920	fermeture	4138	280	desaccord · E < S · depuis E non ferme · depuis S ferme	36
1c4c63c2	57	2012	fermeture	5036	89	desaccord · E < S · depuis E non ferme · depuis S ferme	82
1c4c63c2	57	2342	fermeture	4047	290	desaccord · E < S · depuis E non ferme · depuis S ferme	36+9
1c4c63c2	57	2348	fermeture	5283	236	desaccord · E < S · depuis E non ferme · depuis S ferme	36
1c4c63c2	57	240	fermeture	4170	89	desaccord · E < S · depuis E non ferme · depuis S ferme	82
1c4c63c2	57	242	fermeture	6115	89	desaccord · E < S · depuis E non ferme · depuis S ferme	82
1c4c63c2	57	246	fermeture	5769	216	desaccord · E < S · depuis E non ferme · depuis S ferme	36
1c4c63c2	57	256	fermeture	5054	216	desaccord · E < S · depuis E non ferme · depuis S ferme	36
1c4c63c2	57	266	fermeture	4468	181	desaccord · E < S · depuis E non ferme · depuis S ferme	75+11
1c4c63c2	57	432	fermeture	6890	1705	desaccord · E < S · depuis E non ferme · depuis S ferme	82+82+82+82+82+82+82+82+82
1c4c63c2	57	610	fermeture	6065	1705	desaccord · E < S · depuis E non ferme · depuis S ferme	82+82+82+82+82+82+82+82+82
1c4c63c2	57	624	fermeture	5560	235	desaccord · E < S · depuis E non ferme · depuis S ferme	36
1c4c63c2	57	66	fermeture	3586	216	desaccord · E < S · depuis E non ferme · depuis S ferme	36
1c4c63c2	57	660	fermeture	5453	198	desaccord · E < S · depuis E non ferme · depuis S ferme	0
1c4c63c2	57	662	fermeture	7043	1942	desaccord · E < S · depuis E non ferme · depuis S ferme	0+82+82+82+82+82+82+82+82+82
1c4c63c2	57	696	fermeture	6294	218	desaccord · E < S · depuis E non ferme · depuis S ferme	36
1c4c63c2	57	704	fermeture	7464	306	desaccord · E < S · depuis E non ferme · depuis S ferme	36+41+44
1c4c63c2	57	906	fermeture	6011	239	desaccord · E < S · depuis E non ferme · depuis S ferme	36
1c4c63c2	57	940	fermeture	6368	313	desaccord · E < S · depuis E non ferme · depuis S ferme	36
1c4c63c2	57	944	fermeture	6451	269	desaccord · E < S · depuis E non ferme · depuis S ferme	36
1c4c63c2	58	1134	fermeture	4525	227	desaccord · E < S · depuis E non ferme · depuis S ferme	36
1c4c63c2	58	1464	fermeture	4455	156	desaccord · E < S · depuis E non ferme · depuis S ferme	0
1c4c63c2	58	1470	fermeture	5045	156	desaccord · E < S · depuis E non ferme · depuis S ferme	0
1c4c63c2	58	1478	fermeture	5204	156	desaccord · E < S · depuis E non ferme · depuis S ferme	0
1c4c63c2	58	1490	fermeture	5864	268	desaccord · E < S · depuis E non ferme · depuis S ferme	36
1c4c63c2	58	1512	fermeture	4403	26	desaccord · E < S · depuis E non ferme · depuis S ferme	21
1c4c63c2	58	1772	fermeture	5184	203	desaccord · E < S · depuis E non ferme · depuis S ferme	36
1c4c63c2	58	1886	fermeture	6628	1930	desaccord · E < S · depuis E non ferme · depuis S ferme	36+82+82+82+82+82+82+82+82+82
1c4c63c2	58	2302	fermeture	4458	234	desaccord · E < S · depuis E non ferme · depuis S ferme	38+36
1c4c63c2	58	2348	fermeture	4559	284	desaccord · E < S · depuis E non ferme · depuis S ferme	36
1c4c63c2	58	2374	fermeture	2351	163	desaccord · E < S · depuis E non ferme · depuis S ferme	36
1c4c63c2	58	302	fermeture	5646	239	desaccord · E < S · depuis E non ferme · depuis S ferme	0
1c4c63c2	58	6	fermeture	4833	291	desaccord · E < S · depuis E non ferme · depuis S ferme	36+53
1c4c63c2	58	612	fermeture	3977	242	desaccord · E < S · depuis E non ferme · depuis S ferme	36
1c4c63c2	58	692	fermeture	4309	233	desaccord · E < S · depuis E non ferme · depuis S ferme	36
1c4c63c2	58	738	fermeture	4147	89	desaccord · E < S · depuis E non ferme · depuis S ferme	82
1c4c63c2	58	740	fermeture	4100	233	desaccord · E < S · depuis E non ferme · depuis S ferme	36
1c4c63c2	58	742	fermeture	4353	89	desaccord · E < S · depuis E non ferme · depuis S ferme	82
1c4c63c2	58	744	fermeture	6330	176	desaccord · E < S · depuis E non ferme · depuis S ferme	82+82
1c4c63c2	58	750	fermeture	4342	242	desaccord · E < S · depuis E non ferme · depuis S ferme	36
1c4c63c2	59	108	fermeture	5159	302	desaccord · E < S · depuis E non ferme · depuis S ferme	36
1c4c63c2	59	1160	fermeture	4798	200	desaccord · E < S · depuis E non ferme · depuis S ferme	76+75
1c4c63c2	59	118	fermeture	5175	280	desaccord · E < S · depuis E non ferme · depuis S ferme	36+22
1c4c63c2	59	122	fermeture	6364	89	desaccord · E < S · depuis E non ferme · depuis S ferme	82
1c4c63c2	59	148	fermeture	3724	265	desaccord · E < S · depuis E non ferme · depuis S ferme	36
1c4c63c2	59	156	fermeture	3650	265	desaccord · E < S · depuis E non ferme · depuis S ferme	36
1c4c63c2	59	166	fermeture	3584	268	desaccord · E < S · depuis E non ferme · depuis S ferme	36
1c4c63c2	59	1986	fermeture	4909	217	desaccord · E < S · depuis E non ferme · depuis S ferme	36
1c4c63c2	59	2270	fermeture	6153	176	desaccord · E < S · depuis E non ferme · depuis S ferme	82+82
1c4c63c2	59	2376	fermeture	2306	59	desaccord · E < S · depuis E non ferme · depuis S ferme	9
1c4c63c2	59	2392	fermeture	6716	89	desaccord · E < S · depuis E non ferme · depuis S ferme	82
1c4c63c2	59	396	fermeture	3000	227	desaccord · E < S · depuis E non ferme · depuis S ferme	36
1c4c63c2	59	466	fermeture	4944	239	desaccord · E < S · depuis E non ferme · depuis S ferme	0
1c4c63c2	59	474	fermeture	4936	239	desaccord · E < S · depuis E non ferme · depuis S ferme	0
1c4c63c2	59	476	fermeture	4982	204	desaccord · E < S · depuis E non ferme · depuis S ferme	0
1c4c63c2	59	484	fermeture	5071	476	desaccord · E < S · depuis E non ferme · depuis S ferme	0+0
1c4c63c2	59	486	fermeture	5342	236	desaccord · E < S · depuis E non ferme · depuis S ferme	36
1c4c63c2	59	496	fermeture	4864	166	desaccord · E < S · depuis E non ferme · depuis S ferme	75+75
1c4c63c2	59	502	fermeture	5268	204	desaccord · E < S · depuis E non ferme · depuis S ferme	0
1c4c63c2	59	504	fermeture	5181	239	desaccord · E < S · depuis E non ferme · depuis S ferme	0
1c4c63c2	59	510	fermeture	5584	221	desaccord · E < S · depuis E non ferme · depuis S ferme	36
1c4c63c2	59	512	fermeture	5415	239	desaccord · E < S · depuis E non ferme · depuis S ferme	0
1c4c63c2	59	528	fermeture	4784	26	desaccord · E < S · depuis E non ferme · depuis S ferme	21
1c4c63c2	59	542	fermeture	5233	202	desaccord · E < S · depuis E non ferme · depuis S ferme	21+36
1c4c63c2	59	556	fermeture	5664	302	desaccord · E < S · depuis E non ferme · depuis S ferme	36
1c4c63c2	59	564	fermeture	5774	257	desaccord · E < S · depuis E non ferme · depuis S ferme	36
1c4c63c2	59	566	fermeture	5725	372	desaccord · E < S · depuis E non ferme · depuis S ferme	1+75+0
1c4c63c2	59	568	fermeture	5360	85	desaccord · E < S · depuis E non ferme · depuis S ferme	75
1c4c63c2	59	666	fermeture	5195	26	desaccord · E < S · depuis E non ferme · depuis S ferme	21
1c4c63c2	59	736	fermeture	5091	257	desaccord · E < S · depuis E non ferme · depuis S ferme	36
1c4c63c2	59	758	fermeture	6212	284	desaccord · E < S · depuis E non ferme · depuis S ferme	36
1c4c63c2	59	762	fermeture	5436	218	desaccord · E < S · depuis E non ferme · depuis S ferme	36
1c4c63c2	59	768	fermeture	4952	204	desaccord · E < S · depuis E non ferme · depuis S ferme	0
1c4c63c2	59	770	fermeture	4347	242	desaccord · E < S · depuis E non ferme · depuis S ferme	21+36
1c4c63c2	59	782	fermeture	5548	218	desaccord · E < S · depuis E non ferme · depuis S ferme	36
1c4c63c2	59	824	fermeture	5194	178	desaccord · E < S · depuis E non ferme · depuis S ferme	36
1c4c63c2	59	830	fermeture	5419	272	desaccord · E < S · depuis E non ferme · depuis S ferme	36
1c4c63c2	6	2248	fermeture	6228	1350	desaccord · E < S · depuis E non ferme · depuis S ferme	82+82+82+82+82+82+82+82
1c4c63c2	6	2280	fermeture	4958	196	desaccord · E < S · depuis E non ferme · depuis S ferme	36
1c4c63c2	6	466	fermeture	6876	214	desaccord · E < S · depuis E non ferme · depuis S ferme	36
1c4c63c2	6	694	fermeture	6418	89	desaccord · E < S · depuis E non ferme · depuis S ferme	82
1c4c63c2	60	1046	fermeture	4974	268	desaccord · E < S · depuis E non ferme · depuis S ferme	36
1c4c63c2	60	1056	fermeture	5088	315	desaccord · E < S · depuis E non ferme · depuis S ferme	21+36+86
1c4c63c2	60	1150	fermeture	5116	421	desaccord · E < S · depuis E non ferme · depuis S ferme	36+120
1c4c63c2	60	1172	fermeture	5691	259	desaccord · E < S · depuis E non ferme · depuis S ferme	36
1c4c63c2	60	1210	fermeture	4906	208	desaccord · E < S · depuis E non ferme · depuis S ferme	0
1c4c63c2	60	1282	fermeture	5700	297	desaccord · E < S · depuis E non ferme · depuis S ferme	75+36
1c4c63c2	60	1284	fermeture	5548	227	desaccord · E < S · depuis E non ferme · depuis S ferme	36
1c4c63c2	60	1526	fermeture	4845	479	desaccord · E < S · depuis E non ferme · depuis S ferme	36+36+22
1c4c63c2	60	1566	fermeture	5497	250	desaccord · E < S · depuis E non ferme · depuis S ferme	36
1c4c63c2	60	1852	fermeture	5388	247	desaccord · E < S · depuis E non ferme · depuis S ferme	36
1c4c63c2	60	1894	fermeture	2822	192	desaccord · E < S · depuis E non ferme · depuis S ferme	36
1c4c63c2	60	200	fermeture	4597	218	desaccord · E < S · depuis E non ferme · depuis S ferme	36
1c4c63c2	60	2008	fermeture	5180	229	desaccord · E < S · depuis E non ferme · depuis S ferme	36
1c4c63c2	60	2076	fermeture	5146	26	desaccord · E < S · depuis E non ferme · depuis S ferme	21
1c4c63c2	60	2128	fermeture	9677	4170	desaccord · E < S · depuis E non ferme · depuis S ferme	82+82+82+82+82+82+82+82+82+82+82+82+82+82+82+82
1c4c63c2	60	2144	fermeture	5847	207	desaccord · E < S · depuis E non ferme · depuis S ferme	38+82+82
1c4c63c2	60	286	fermeture	5924	223	desaccord · E < S · depuis E non ferme · depuis S ferme	0
1c4c63c2	60	316	fermeture	5893	223	desaccord · E < S · depuis E non ferme · depuis S ferme	0
1c4c63c2	60	358	fermeture	5175	238	desaccord · E < S · depuis E non ferme · depuis S ferme	36
1c4c63c2	60	360	fermeture	5064	117	desaccord · E < S · depuis E non ferme · depuis S ferme	76
1c4c63c2	60	468	fermeture	4804	193	desaccord · E < S · depuis E non ferme · depuis S ferme	36
1c4c63c2	60	754	fermeture	4926	214	desaccord · E < S · depuis E non ferme · depuis S ferme	36
1c4c63c2	61	1308	fermeture	4591	146	desaccord · E < S · depuis E non ferme · depuis S ferme	9+82
1c4c63c2	61	1324	fermeture	8652	4019	desaccord · E < S · depuis E non ferme · depuis S ferme	38+82+82+82+82+82+82+82+82+82+82+82+82+82+82+82+82+82
1c4c63c2	61	1326	fermeture	4353	79	desaccord · E < S · depuis E non ferme · depuis S ferme	75
1c4c63c2	61	1332	fermeture	4856	266	desaccord · E < S · depuis E non ferme · depuis S ferme	36
1c4c63c2	61	1354	fermeture	4902	117	desaccord · E < S · depuis E non ferme · depuis S ferme	76
1c4c63c2	61	140	fermeture	2867	241	desaccord · E < S · depuis E non ferme · depuis S ferme	36
1c4c63c2	61	1418	fermeture	4332	337	desaccord · E < S · depuis E non ferme · depuis S ferme	82+36
1c4c63c2	61	1554	fermeture	5281	231	desaccord · E < S · depuis E non ferme · depuis S ferme	36+22
1c4c63c2	61	1556	fermeture	5069	176	desaccord · E < S · depuis E non ferme · depuis S ferme	82+82
1c4c63c2	61	1558	fermeture	4838	64	desaccord · E < S · depuis E non ferme · depuis S ferme	38+38
1c4c63c2	61	1604	fermeture	4624	336	desaccord · E < S · depuis E non ferme · depuis S ferme	36+80
1c4c63c2	61	1718	fermeture	5064	117	desaccord · E < S · depuis E non ferme · depuis S ferme	76
1c4c63c2	61	1786	fermeture	5390	235	desaccord · E < S · depuis E non ferme · depuis S ferme	36
1c4c63c2	61	1808	fermeture	5590	26	desaccord · E < S · depuis E non ferme · depuis S ferme	21
1c4c63c2	61	1812	fermeture	5759	261	desaccord · E < S · depuis E non ferme · depuis S ferme	36
1c4c63c2	61	1824	fermeture	5478	244	desaccord · E < S · depuis E non ferme · depuis S ferme	36
1c4c63c2	61	1874	fermeture	5791	244	desaccord · E < S · depuis E non ferme · depuis S ferme	36
1c4c63c2	61	1884	fermeture	6044	269	desaccord · E < S · depuis E non ferme · depuis S ferme	36+9
1c4c63c2	61	1894	fermeture	5821	272	desaccord · E < S · depuis E non ferme · depuis S ferme	36
1c4c63c2	61	1902	fermeture	5788	272	desaccord · E < S · depuis E non ferme · depuis S ferme	36
1c4c63c2	61	1904	fermeture	5853	360	desaccord · E < S · depuis E non ferme · depuis S ferme	36+42
1c4c63c2	61	1910	fermeture	5573	196	desaccord · E < S · depuis E non ferme · depuis S ferme	36
1c4c63c2	61	1914	fermeture	5661	241	desaccord · E < S · depuis E non ferme · depuis S ferme	36+54
1c4c63c2	61	1948	fermeture	13492	192	desaccord · E < S · depuis E non ferme · depuis S ferme	36
1c4c63c2	61	1954	fermeture	5200	192	desaccord · E < S · depuis E non ferme · depuis S ferme	36
1c4c63c2	61	1960	fermeture	4869	117	desaccord · E < S · depuis E non ferme · depuis S ferme	76
1c4c63c2	61	1962	fermeture	5574	272	desaccord · E < S · depuis E non ferme · depuis S ferme	36
1c4c63c2	61	1978	fermeture	4857	151	desaccord · E < S · depuis E non ferme · depuis S ferme	38+38+82
1c4c63c2	61	2274	fermeture	5175	236	desaccord · E < S · depuis E non ferme · depuis S ferme	36
1c4c63c2	61	2328	fermeture	5125	26	desaccord · E < S · depuis E non ferme · depuis S ferme	21
1c4c63c2	61	2330	fermeture	5469	89	desaccord · E < S · depuis E non ferme · depuis S ferme	82
1c4c63c2	61	52	fermeture	4323	89	desaccord · E < S · depuis E non ferme · depuis S ferme	82
1c4c63c2	61	586	fermeture	7485	1799	desaccord · E < S · depuis E non ferme · depuis S ferme	82+82+82+82+82+82+82+82+82+82+82
1c4c63c2	61	678	fermeture	5297	218	desaccord · E < S · depuis E non ferme · depuis S ferme	36
1c4c63c2	61	70	fermeture	2839	270	desaccord · E < S · depuis E non ferme · depuis S ferme	36
1c4c63c2	61	750	fermeture	4415	89	desaccord · E < S · depuis E non ferme · depuis S ferme	82
1c4c63c2	62	1074	fermeture	3537	218	desaccord · E < S · depuis E non ferme · depuis S ferme	36
1c4c63c2	62	1114	fermeture	3623	85	desaccord · E < S · depuis E non ferme · depuis S ferme	75
1c4c63c2	62	1238	fermeture	4039	89	desaccord · E < S · depuis E non ferme · depuis S ferme	82
1c4c63c2	62	1368	fermeture	4456	33	desaccord · E < S · depuis E non ferme · depuis S ferme	38
1c4c63c2	62	1384	fermeture	5970	89	desaccord · E < S · depuis E non ferme · depuis S ferme	82
1c4c63c2	62	156	fermeture	5047	178	desaccord · E < S · depuis E non ferme · depuis S ferme	38+38+40
1c4c63c2	62	1694	fermeture	4340	238	desaccord · E < S · depuis E non ferme · depuis S ferme	36
1c4c63c2	62	1798	fermeture	4457	238	desaccord · E < S · depuis E non ferme · depuis S ferme	36
1c4c63c2	62	186	fermeture	5158	190	desaccord · E < S · depuis E non ferme · depuis S ferme	0
1c4c63c2	62	1916	fermeture	3767	59	desaccord · E < S · depuis E non ferme · depuis S ferme	9
1c4c63c2	62	2026	fermeture	5312	455	desaccord · E < S · depuis E non ferme · depuis S ferme	36+0
1c4c63c2	62	2084	fermeture	5031	235	desaccord · E < S · depuis E non ferme · depuis S ferme	36
1c4c63c2	62	2202	fermeture	6862	1494	desaccord · E < S · depuis E non ferme · depuis S ferme	9+82+82+82+82+82+82+82+82+82
1c4c63c2	62	2234	fermeture	5013	306	desaccord · E < S · depuis E non ferme · depuis S ferme	38+38+36
1c4c63c2	62	2304	fermeture	4757	64	desaccord · E < S · depuis E non ferme · depuis S ferme	38+38
1c4c63c2	62	2328	fermeture	9258	4170	desaccord · E < S · depuis E non ferme · depuis S ferme	82+82+82+82+82+82+82+82+82+82+82+82+82+82+82+82
1c4c63c2	62	320	fermeture	4840	89	desaccord · E < S · depuis E non ferme · depuis S ferme	82
1c4c63c2	62	40	fermeture	6200	1350	desaccord · E < S · depuis E non ferme · depuis S ferme	82+82+82+82+82+82+82+82
1c4c63c2	62	784	fermeture	3567	287	desaccord · E < S · depuis E non ferme · depuis S ferme	21+36
1c4c63c2	62	994	fermeture	3690	202	desaccord · E < S · depuis E non ferme · depuis S ferme	36
1c4c63c2	63	102	fermeture	7139	1705	desaccord · E < S · depuis E non ferme · depuis S ferme	82+82+82+82+82+82+82+82+82
1c4c63c2	63	1190	fermeture	3667	242	desaccord · E < S · depuis E non ferme · depuis S ferme	36
1c4c63c2	63	1444	fermeture	6398	89	desaccord · E < S · depuis E non ferme · depuis S ferme	82
1c4c63c2	63	1486	fermeture	3657	26	desaccord · E < S · depuis E non ferme · depuis S ferme	21
1c4c63c2	63	158	fermeture	5317	647	desaccord · E < S · depuis E non ferme · depuis S ferme	76+75+0+36
1c4c63c2	63	1702	fermeture	5333	236	desaccord · E < S · depuis E non ferme · depuis S ferme	36
1c4c63c2	63	1712	fermeture	5286	242	desaccord · E < S · depuis E non ferme · depuis S ferme	36
1c4c63c2	63	1732	fermeture	5383	285	desaccord · E < S · depuis E non ferme · depuis S ferme	36+37
1c4c63c2	63	1748	fermeture	5045	26	desaccord · E < S · depuis E non ferme · depuis S ferme	21
1c4c63c2	63	1752	fermeture	5453	205	desaccord · E < S · depuis E non ferme · depuis S ferme	36
1c4c63c2	63	1784	fermeture	4972	151	desaccord · E < S · depuis E non ferme · depuis S ferme	38+38+82
1c4c63c2	63	1970	fermeture	4817	458	desaccord · E < S · depuis E non ferme · depuis S ferme	36+36
1c4c63c2	63	1972	fermeture	4314	117	desaccord · E < S · depuis E non ferme · depuis S ferme	76
1c4c63c2	63	1984	fermeture	4763	214	desaccord · E < S · depuis E non ferme · depuis S ferme	36
1c4c63c2	63	1996	fermeture	4779	33	desaccord · E < S · depuis E non ferme · depuis S ferme	38
1c4c63c2	63	2078	fermeture	4138	89	desaccord · E < S · depuis E non ferme · depuis S ferme	82
1c4c63c2	63	2390	fermeture	5227	494	desaccord · E < S · depuis E non ferme · depuis S ferme	36+36
1c4c63c2	63	2400	fermeture	4261	26	desaccord · E < S · depuis E non ferme · depuis S ferme	21
1c4c63c2	63	464	fermeture	4722	59	desaccord · E < S · depuis E non ferme · depuis S ferme	9
1c4c63c2	63	490	fermeture	4102	146	desaccord · E < S · depuis E non ferme · depuis S ferme	9+82
1c4c63c2	63	542	fermeture	4417	229	desaccord · E < S · depuis E non ferme · depuis S ferme	36
1c4c63c2	63	876	fermeture	3313	59	desaccord · E < S · depuis E non ferme · depuis S ferme	9
1c4c63c2	63	92	fermeture	5393	176	desaccord · E < S · depuis E non ferme · depuis S ferme	82+82
1c4c63c2	63	98	fermeture	5229	323	desaccord · E < S · depuis E non ferme · depuis S ferme	82+36
1c4c63c2	63	992	fermeture	4126	227	desaccord · E < S · depuis E non ferme · depuis S ferme	36
1c4c63c2	64	1010	fermeture	5708	269	desaccord · E < S · depuis E non ferme · depuis S ferme	36
1c4c63c2	64	1060	fermeture	5541	220	desaccord · E < S · depuis E non ferme · depuis S ferme	36
1c4c63c2	64	1068	fermeture	5540	220	desaccord · E < S · depuis E non ferme · depuis S ferme	36
1c4c63c2	64	1154	fermeture	4612	59	desaccord · E < S · depuis E non ferme · depuis S ferme	9
1c4c63c2	64	1196	fermeture	4495	89	desaccord · E < S · depuis E non ferme · depuis S ferme	82
1c4c63c2	64	1338	fermeture	4683	227	desaccord · E < S · depuis E non ferme · depuis S ferme	21+36
1c4c63c2	64	1342	fermeture	4423	247	desaccord · E < S · depuis E non ferme · depuis S ferme	36
1c4c63c2	64	150	fermeture	5948	187	desaccord · E < S · depuis E non ferme · depuis S ferme	0+38
1c4c63c2	64	1692	fermeture	4941	146	desaccord · E < S · depuis E non ferme · depuis S ferme	9+82
1c4c63c2	64	172	fermeture	5487	156	desaccord · E < S · depuis E non ferme · depuis S ferme	0
1c4c63c2	64	174	fermeture	5242	156	desaccord · E < S · depuis E non ferme · depuis S ferme	0
1c4c63c2	64	176	fermeture	5434	156	desaccord · E < S · depuis E non ferme · depuis S ferme	0
1c4c63c2	64	178	fermeture	5455	156	desaccord · E < S · depuis E non ferme · depuis S ferme	0
1c4c63c2	64	194	fermeture	5135	156	desaccord · E < S · depuis E non ferme · depuis S ferme	0
1c4c63c2	64	2032	fermeture	5152	283	desaccord · E < S · depuis E non ferme · depuis S ferme	76+75+75
1c4c63c2	64	2074	fermeture	5513	250	desaccord · E < S · depuis E non ferme · depuis S ferme	36
1c4c63c2	64	2114	fermeture	5791	267	desaccord · E < S · depuis E non ferme · depuis S ferme	36
1c4c63c2	64	2126	fermeture	5258	242	desaccord · E < S · depuis E non ferme · depuis S ferme	36+22
1c4c63c2	64	296	fermeture	5002	146	desaccord · E < S · depuis E non ferme · depuis S ferme	9+82
1c4c63c2	64	462	fermeture	4550	33	desaccord · E < S · depuis E non ferme · depuis S ferme	38
1c4c63c2	64	550	fermeture	5127	89	desaccord · E < S · depuis E non ferme · depuis S ferme	82
1c4c63c2	64	554	fermeture	4693	146	desaccord · E < S · depuis E non ferme · depuis S ferme	9+82
1c4c63c2	64	58	fermeture	4967	218	desaccord · E < S · depuis E non ferme · depuis S ferme	36
1c4c63c2	64	6	fermeture	13278	196	desaccord · E < S · depuis E non ferme · depuis S ferme	36
1c4c63c2	64	606	fermeture	5205	241	desaccord · E < S · depuis E non ferme · depuis S ferme	36
1c4c63c2	64	668	fermeture	5029	274	desaccord · E < S · depuis E non ferme · depuis S ferme	36+58
1c4c63c2	64	684	fermeture	4765	218	desaccord · E < S · depuis E non ferme · depuis S ferme	36
1c4c63c2	64	694	fermeture	4653	218	desaccord · E < S · depuis E non ferme · depuis S ferme	36
1c4c63c2	64	726	fermeture	4525	64	desaccord · E < S · depuis E non ferme · depuis S ferme	38+38
1c4c63c2	64	730	fermeture	4413	33	desaccord · E < S · depuis E non ferme · depuis S ferme	38
1c4c63c2	64	740	fermeture	5389	248	desaccord · E < S · depuis E non ferme · depuis S ferme	36+21
1c4c63c2	64	744	fermeture	4619	117	desaccord · E < S · depuis E non ferme · depuis S ferme	76
1c4c63c2	64	746	fermeture	4830	241	desaccord · E < S · depuis E non ferme · depuis S ferme	36
1c4c63c2	64	810	fermeture	5180	488	desaccord · E < S · depuis E non ferme · depuis S ferme	0+36+9+9
1c4c63c2	64	820	fermeture	4186	255	desaccord · E < S · depuis E non ferme · depuis S ferme	21+36
1c4c63c2	64	844	fermeture	5928	1350	desaccord · E < S · depuis E non ferme · depuis S ferme	82+82+82+82+82+82+82+82
1c4c63c2	64	874	fermeture	4704	176	desaccord · E < S · depuis E non ferme · depuis S ferme	82+82
1c4c63c2	64	94	fermeture	6016	200	desaccord · E < S · depuis E non ferme · depuis S ferme	76+75
1c4c63c2	64	958	fermeture	4650	89	desaccord · E < S · depuis E non ferme · depuis S ferme	82
1c4c63c2	64	976	fermeture	5311	212	desaccord · E < S · depuis E non ferme · depuis S ferme	36
1c4c63c2	64	990	fermeture	5533	235	desaccord · E < S · depuis E non ferme · depuis S ferme	36
1c4c63c2	65	1566	fermeture	5140	269	desaccord · E < S · depuis E non ferme · depuis S ferme	36
1c4c63c2	65	1580	fermeture	4676	233	desaccord · E < S · depuis E non ferme · depuis S ferme	36
1c4c63c2	65	1778	fermeture	4101	89	desaccord · E < S · depuis E non ferme · depuis S ferme	82
1c4c63c2	65	1814	fermeture	4216	89	desaccord · E < S · depuis E non ferme · depuis S ferme	82
1c4c63c2	65	2134	fermeture	4038	236	desaccord · E < S · depuis E non ferme · depuis S ferme	36
1c4c63c2	65	2232	fermeture	4594	323	desaccord · E < S · depuis E non ferme · depuis S ferme	82+36
1c4c63c2	65	2246	fermeture	4561	280	desaccord · E < S · depuis E non ferme · depuis S ferme	36
1c4c63c2	65	2252	fermeture	4124	362	desaccord · E < S · depuis E non ferme · depuis S ferme	1+75+0
1c4c63c2	65	2254	fermeture	4085	158	desaccord · E < S · depuis E non ferme · depuis S ferme	0
1c4c63c2	65	2256	fermeture	6330	259	desaccord · E < S · depuis E non ferme · depuis S ferme	9+36
1c4c63c2	65	2266	fermeture	4194	178	desaccord · E < S · depuis E non ferme · depuis S ferme	38+38+40
1c4c63c2	65	2272	fermeture	4057	117	desaccord · E < S · depuis E non ferme · depuis S ferme	76
1c4c63c2	65	2282	fermeture	4328	362	desaccord · E < S · depuis E non ferme · depuis S ferme	1+75+0
1c4c63c2	65	2284	fermeture	4145	158	desaccord · E < S · depuis E non ferme · depuis S ferme	0
1c4c63c2	65	2288	fermeture	4219	212	desaccord · E < S · depuis E non ferme · depuis S ferme	36
1c4c63c2	65	2290	fermeture	4317	227	desaccord · E < S · depuis E non ferme · depuis S ferme	36
1c4c63c2	65	2298	fermeture	4301	218	desaccord · E < S · depuis E non ferme · depuis S ferme	36
1c4c63c2	65	2354	fermeture	6372	89	desaccord · E < S · depuis E non ferme · depuis S ferme	82
1c4c63c2	65	30	fermeture	13030	9092	desaccord · E < S · depuis E non ferme · depuis S ferme	82+82+82+82+82+82+82+82+82+82+82+82+82+82+82+82+82+82+82+82+82+82+82+82+82+82+82+82+82+82+82+82+82+82+82+82+82+82+82+82+82+82+82+82+82+82+82+82+82+82+82+82+82+82+82+82+82+82+82+82+82+82+82+82+82+82+82+82+82+82+82+82+82+82+82+82+82+82+82+82+82+82+82+82+82+82
1c4c63c2	65	32	fermeture	3750	176	desaccord · E < S · depuis E non ferme · depuis S ferme	82+82
1c4c63c2	65	414	fermeture	4135	117	desaccord · E < S · depuis E non ferme · depuis S ferme	76
1c4c63c2	65	422	fermeture	5042	233	desaccord · E < S · depuis E non ferme · depuis S ferme	36
1c4c63c2	65	424	fermeture	9112	4170	desaccord · E < S · depuis E non ferme · depuis S ferme	82+82+82+82+82+82+82+82+82+82+82+82+82+82+82+82
1c4c63c2	65	440	fermeture	4436	233	desaccord · E < S · depuis E non ferme · depuis S ferme	36
1c4c63c2	65	542	fermeture	3589	530	desaccord · E < S · depuis E non ferme · depuis S ferme	36+36+9
1c4c63c2	65	592	fermeture	5452	472	desaccord · E < S · depuis E non ferme · depuis S ferme	36+36
1c4c63c2	65	612	fermeture	4995	218	desaccord · E < S · depuis E non ferme · depuis S ferme	36
1c4c63c2	65	796	fermeture	6149	476	desaccord · E < S · depuis E non ferme · depuis S ferme	36+36+92
1c4c63c2	65	806	fermeture	5388	273	desaccord · E < S · depuis E non ferme · depuis S ferme	36
1c4c63c2	65	902	fermeture	4775	242	desaccord · E < S · depuis E non ferme · depuis S ferme	36
1c4c63c2	65	956	fermeture	4934	453	desaccord · E < S · depuis E non ferme · depuis S ferme	36+36
1c4c63c2	65	958	fermeture	4670	233	desaccord · E < S · depuis E non ferme · depuis S ferme	36
1c4c63c2	65	962	fermeture	4950	242	desaccord · E < S · depuis E non ferme · depuis S ferme	36
1c4c63c2	66	1022	fermeture	6148	242	desaccord · E < S · depuis E non ferme · depuis S ferme	21+36
1c4c63c2	66	104	fermeture	6479	284	desaccord · E < S · depuis E non ferme · depuis S ferme	36
1c4c63c2	66	1078	fermeture	6687	287	desaccord · E < S · depuis E non ferme · depuis S ferme	36
1c4c63c2	66	1116	fermeture	6141	238	desaccord · E < S · depuis E non ferme · depuis S ferme	36+23
1c4c63c2	66	1134	fermeture	4844	286	desaccord · E < S · depuis E non ferme · depuis S ferme	36
1c4c63c2	66	1136	fermeture	4228	26	desaccord · E < S · depuis E non ferme · depuis S ferme	21
1c4c63c2	66	1138	fermeture	4438	246	desaccord · E < S · depuis E non ferme · depuis S ferme	0
1c4c63c2	66	1254	fermeture	4358	26	desaccord · E < S · depuis E non ferme · depuis S ferme	21
1c4c63c2	66	1270	fermeture	4024	26	desaccord · E < S · depuis E non ferme · depuis S ferme	21
1c4c63c2	66	1462	fermeture	4869	236	desaccord · E < S · depuis E non ferme · depuis S ferme	36
1c4c63c2	66	1464	fermeture	5035	268	desaccord · E < S · depuis E non ferme · depuis S ferme	36
1c4c63c2	66	1614	fermeture	3964	89	desaccord · E < S · depuis E non ferme · depuis S ferme	82
1c4c63c2	66	168	fermeture	7173	176	desaccord · E < S · depuis E non ferme · depuis S ferme	82+82
1c4c63c2	66	1900	fermeture	3743	89	desaccord · E < S · depuis E non ferme · depuis S ferme	82
1c4c63c2	66	1910	fermeture	11826	475	desaccord · E < S · depuis E non ferme · depuis S ferme	36+36+21
1c4c63c2	66	2118	fermeture	4709	220	desaccord · E < S · depuis E non ferme · depuis S ferme	36+23
1c4c63c2	66	2198	fermeture	5333	233	desaccord · E < S · depuis E non ferme · depuis S ferme	36
1c4c63c2	66	2200	fermeture	5741	507	desaccord · E < S · depuis E non ferme · depuis S ferme	36+36
1c4c63c2	66	2202	fermeture	4792	85	desaccord · E < S · depuis E non ferme · depuis S ferme	75
1c4c63c2	66	2220	fermeture	5124	235	desaccord · E < S · depuis E non ferme · depuis S ferme	36
1c4c63c2	66	2224	fermeture	5076	33	desaccord · E < S · depuis E non ferme · depuis S ferme	38
1c4c63c2	66	2254	fermeture	6789	1705	desaccord · E < S · depuis E non ferme · depuis S ferme	82+82+82+82+82+82+82+82+82
1c4c63c2	66	2260	fermeture	8309	3007	desaccord · E < S · depuis E non ferme · depuis S ferme	82+82+82+82+82+82+82+82+82+82+82+82+82+82+82+82+82+82+82+82+76+76+76+76+76+76+76+76+76+76+76
1c4c63c2	66	2338	fermeture	6637	236	desaccord · E < S · depuis E non ferme · depuis S ferme	36
1c4c63c2	66	374	fermeture	4620	33	desaccord · E < S · depuis E non ferme · depuis S ferme	38
1c4c63c2	66	384	fermeture	5045	285	desaccord · E < S · depuis E non ferme · depuis S ferme	36+37
1c4c63c2	66	506	fermeture	5341	233	desaccord · E < S · depuis E non ferme · depuis S ferme	36
1c4c63c2	66	518	fermeture	5502	294	desaccord · E < S · depuis E non ferme · depuis S ferme	36+46
1c4c63c2	66	526	fermeture	5791	264	desaccord · E < S · depuis E non ferme · depuis S ferme	38+36
1c4c63c2	66	574	fermeture	5839	176	desaccord · E < S · depuis E non ferme · depuis S ferme	82+82
1c4c63c2	66	916	fermeture	5418	59	desaccord · E < S · depuis E non ferme · depuis S ferme	9
1c4c63c2	66	936	fermeture	6366	79	desaccord · E < S · depuis E non ferme · depuis S ferme	75
1c4c63c2	67	364	fermeture	3942	79	desaccord · E < S · depuis E non ferme · depuis S ferme	75
1c4c63c2	67	366	fermeture	4514	299	desaccord · E < S · depuis E non ferme · depuis S ferme	36+9
1c4c63c2	67	368	fermeture	4830	329	desaccord · E < S · depuis E non ferme · depuis S ferme	75+0
1c4c63c2	67	386	fermeture	4057	384	desaccord · E < S · depuis E non ferme · depuis S ferme	75+75+36
1c4c63c2	67	544	fermeture	3880	233	desaccord · E < S · depuis E non ferme · depuis S ferme	36
1c4c63c2	67	602	fermeture	4084	218	desaccord · E < S · depuis E non ferme · depuis S ferme	36
1c4c63c2	67	668	fermeture	3671	281	desaccord · E < S · depuis E non ferme · depuis S ferme	38+36
1c4c63c2	67	704	fermeture	3580	218	desaccord · E < S · depuis E non ferme · depuis S ferme	36
1c4c63c2	67	732	fermeture	3414	218	desaccord · E < S · depuis E non ferme · depuis S ferme	36
1c4c63c2	67	744	fermeture	3093	218	desaccord · E < S · depuis E non ferme · depuis S ferme	36
1c4c63c2	67	766	fermeture	3221	233	desaccord · E < S · depuis E non ferme · depuis S ferme	36
1c4c63c2	67	786	fermeture	2742	192	desaccord · E < S · depuis E non ferme · depuis S ferme	36
1c4c63c2	7	134	fermeture	5954	89	desaccord · E < S · depuis E non ferme · depuis S ferme	82
1c4c63c2	7	1464	fermeture	4955	269	desaccord · E < S · depuis E non ferme · depuis S ferme	36
1c4c63c2	9	1000	fermeture	4398	217	desaccord · E < S · depuis E non ferme · depuis S ferme	36
1c4c63c2	9	2378	fermeture	5501	176	desaccord · E < S · depuis E non ferme · depuis S ferme	82+82
1c4c63c2	9	770	fermeture	4198	217	desaccord · E < S · depuis E non ferme · depuis S ferme	36
396cfc92	3	1606	fermeture	1552	248	desaccord · E < S · depuis E non ferme · depuis S ferme	36
4f77afc1	11	132	fermeture	6599	1350	desaccord · E < S · depuis E non ferme · depuis S ferme	82+82+82+82+82+82+82+82
4f77afc1	12	1068	fermeture	6775	1973	desaccord · E < S · depuis E non ferme · depuis S ferme	82+82+82+82+82+82+82+82+82
4f77afc1	14	1190	fermeture	6777	1577	desaccord · E < S · depuis E non ferme · depuis S ferme	36+82+82+82+82+82+82+82+82
4f77afc1	16	404	fermeture	4344	178	desaccord · E < S · depuis E non ferme · depuis S ferme	36
4f77afc1	17	582	fermeture	7083	1350	desaccord · E < S · depuis E non ferme · depuis S ferme	82+82+82+82+82+82+82+82
4f77afc1	20	1094	fermeture	5215	231	desaccord · E < S · depuis E non ferme · depuis S ferme	0
4f77afc1	22	794	fermeture	4551	238	desaccord · E < S · depuis E non ferme · depuis S ferme	36
4f77afc1	22	992	fermeture	5119	920	desaccord · E < S · depuis E non ferme · depuis S ferme	21+36+36+0+0
4f77afc1	26	788	fermeture	5772	33	desaccord · E < S · depuis E non ferme · depuis S ferme	38
4f77afc1	27	110	fermeture	6663	1350	desaccord · E < S · depuis E non ferme · depuis S ferme	82+82+82+82+82+82+82+82
4f77afc1	27	490	fermeture	3609	707	desaccord · E < S · depuis E non ferme · depuis S ferme	21+36+36+0
4f77afc1	28	744	fermeture	5748	1350	desaccord · E < S · depuis E non ferme · depuis S ferme	82+82+82+82+82+82+82+82
4f77afc1	28	794	fermeture	5325	1350	desaccord · E < S · depuis E non ferme · depuis S ferme	82+82+82+82+82+82+82+82
4f77afc1	34	342	fermeture	5475	1973	desaccord · E < S · depuis E non ferme · depuis S ferme	82+82+82+82+82+82+82+82+82
4f77afc1	35	954	fermeture	7205	1350	desaccord · E < S · depuis E non ferme · depuis S ferme	82+82+82+82+82+82+82+82
4f77afc1	40	1164	fermeture	14420	8685	desaccord · E < S · depuis E non ferme · depuis S ferme	0+82+82+82+82+82+82+82+82+82+82+82+82+82+82+82+82+82+82+82+82+82+82+82+82+82+82+82+82+82+82+82+82+82+82+82+82+82+82+82+82+82+82+82+82+82+82+82+82+82+82+82+82+82+82+82+82+82+82+82+82+82+82+82+82+82+82+82+82+82+82+82+82+82+82
4f77afc1	40	196	fermeture	6164	694	desaccord · E < S · depuis E non ferme · depuis S ferme	36+0+0
4f77afc1	42	1168	fermeture	7744	2281	desaccord · E < S · depuis E non ferme · depuis S ferme	0+0+82+82+82+82+82+82+82+82+82
4f77afc1	45	606	fermeture	6176	994	desaccord · E < S · depuis E non ferme · depuis S ferme	36+36+36+0+0
4f77afc1	45	782	fermeture	7864	236	desaccord · E < S · depuis E non ferme · depuis S ferme	36
4f77afc1	46	30	fermeture	6260	618	desaccord · E < S · depuis E non ferme · depuis S ferme	0+0+0+0
4f77afc1	46	76	fermeture	7024	618	desaccord · E < S · depuis E non ferme · depuis S ferme	0+0+0+0
4f77afc1	47	10	fermeture	5540	89	desaccord · E < S · depuis E non ferme · depuis S ferme	82
4f77afc1	47	38	fermeture	5927	1511	desaccord · E < S · depuis E non ferme · depuis S ferme	36+82+82+82+82+82+82+82+82
4f77afc1	48	160	fermeture	5520	584	desaccord · E < S · depuis E non ferme · depuis S ferme	21+36+82+0
4f77afc1	48	82	fermeture	6727	242	desaccord · E < S · depuis E non ferme · depuis S ferme	36
4f77afc1	50	152	fermeture	5764	190	desaccord · E < S · depuis E non ferme · depuis S ferme	0
4f77afc1	50	242	fermeture	6036	909	desaccord · E < S · depuis E non ferme · depuis S ferme	82+82+82+36+0
4f77afc1	50	548	fermeture	6469	208	desaccord · E < S · depuis E non ferme · depuis S ferme	36
4f77afc1	50	658	fermeture	5261	696	desaccord · E < S · depuis E non ferme · depuis S ferme	36+36+0
4f77afc1	50	678	fermeture	3593	475	desaccord · E < S · depuis E non ferme · depuis S ferme	0+36
4f77afc1	51	542	fermeture	10920	6636	desaccord · E < S · depuis E non ferme · depuis S ferme	7+0+82+82+82+82+82+82+82+82+82+82+82+82+82+82+82+82+82+82+82+82+82+82+82+82+82+82+82+82+82+82+82+82+82+82+82+82+82+82+82+82+82+82+82+82+82+82+82+82+82+82+82+82+82+82+82+82+82+82+82+82+82+82+82+82+82+82+82+82+82+82+82+82
4f77afc1	52	308	fermeture	7021	531	desaccord · E < S · depuis E non ferme · depuis S ferme	103+36+36
4f77afc1	52	44	fermeture	6324	283	desaccord · E < S · depuis E non ferme · depuis S ferme	38+38+38+0
4f77afc1	52	618	fermeture	6462	244	desaccord · E < S · depuis E non ferme · depuis S ferme	36
4f77afc1	52	898	fermeture	5473	310	desaccord · E < S · depuis E non ferme · depuis S ferme	0+0
4f77afc1	52	934	fermeture	5817	59	desaccord · E < S · depuis E non ferme · depuis S ferme	9
4f77afc1	53	1040	fermeture	5541	449	desaccord · E < S · depuis E non ferme · depuis S ferme	36+0
4f77afc1	53	1062	fermeture	5442	665	desaccord · E < S · depuis E non ferme · depuis S ferme	36+36+0
4f77afc1	53	612	fermeture	4669	90	desaccord · E < S · depuis E non ferme · depuis S ferme	38+9
4f77afc1	53	714	fermeture	661	187	desaccord · E < S · depuis E non ferme · depuis S ferme	36
4f77afc1	54	166	fermeture	5142	212	desaccord · E < S · depuis E non ferme · depuis S ferme	36
4f77afc1	54	362	fermeture	4571	400	desaccord · E < S · depuis E non ferme · depuis S ferme	36+0
4f77afc1	54	448	fermeture	3486	397	desaccord · E < S · depuis E non ferme · depuis S ferme	82+0+0
4f77afc1	54	454	fermeture	5204	473	desaccord · E < S · depuis E non ferme · depuis S ferme	0+36+0
4f77afc1	54	850	fermeture	5630	818	desaccord · E < S · depuis E non ferme · depuis S ferme	36+1+75+0+1+0
4f77afc1	54	926	fermeture	5251	33	desaccord · E < S · depuis E non ferme · depuis S ferme	38
4f77afc1	55	492	fermeture	7038	1973	desaccord · E < S · depuis E non ferme · depuis S ferme	82+82+82+82+82+82+82+82+82
4f77afc1	55	656	fermeture	5708	320	desaccord · E < S · depuis E non ferme · depuis S ferme	0+0
4f77afc1	57	698	fermeture	7628	1565	desaccord · E < S · depuis E non ferme · depuis S ferme	36+82+82+82+82+82+82+82+82
4f77afc1	58	1184	fermeture	6126	1350	desaccord · E < S · depuis E non ferme · depuis S ferme	82+82+82+82+82+82+82+82
4f77afc1	58	266	fermeture	6171	896	desaccord · E < S · depuis E non ferme · depuis S ferme	36+82+82+82+82
4f77afc1	6	1144	fermeture	9235	4170	desaccord · E < S · depuis E non ferme · depuis S ferme	82+82+82+82+82+82+82+82+82+82+82+82+82+82+82+82
4f77afc1	60	644	fermeture	5263	187	desaccord · E < S · depuis E non ferme · depuis S ferme	36
4f77afc1	8	890	fermeture	5692	453	desaccord · E < S · depuis E non ferme · depuis S ferme	36+0
4f77afc1	8	896	fermeture	5628	178	desaccord · E < S · depuis E non ferme · depuis S ferme	36
4f77afc1	8	904	fermeture	8620	2632	desaccord · E < S · depuis E non ferme · depuis S ferme	36+0+1+1+1+1+1+1+1+0+0+0+0+0+0+0+0+0
51ebbc0f	22	850	fermeture	1532	453	desaccord · E < S · depuis E non ferme · depuis S ferme	36+0
51ebbc0f	23	928	fermeture	2514	218	desaccord · E < S · depuis E non ferme · depuis S ferme	36
bcb6d393	15	706	fermeture	1994	440	desaccord · E < S · depuis E non ferme · depuis S ferme	36+0
bfecd02b	21	1996	fermeture	2121	455	desaccord · E < S · depuis E non ferme · depuis S ferme	36+0
d9781168	15	1318	fermeture	1838	453	desaccord · E < S · depuis E non ferme · depuis S ferme	36+0
d9781168	22	2040	fermeture	1861	443	desaccord · E < S · depuis E non ferme · depuis S ferme	36+0
d9781168	22	212	fermeture	1392	220	desaccord · E < S · depuis E non ferme · depuis S ferme	36
d9781168	27	1758	fermeture	1217	310	desaccord · E < S · depuis E non ferme · depuis S ferme	0+0
d9781168	28	1722	fermeture	1801	244	desaccord · E < S · depuis E non ferme · depuis S ferme	36
d9781168	33	1266	fermeture	2857	455	desaccord · E < S · depuis E non ferme · depuis S ferme	36+0
d9781168	4	110	fermeture	2244	807	desaccord · E < S · depuis E non ferme · depuis S ferme	76+76+76+76+76+76+76
e5adf7b2	10	1014	fermeture	6233	414	desaccord · E < S · depuis E non ferme · depuis S ferme	0+0
e5adf7b2	10	958	fermeture	3424	669	desaccord · E < S · depuis E non ferme · depuis S ferme	82+82+36+0
e5adf7b2	12	402	fermeture	5603	400	desaccord · E < S · depuis E non ferme · depuis S ferme	36+0
e5adf7b2	13	806	fermeture	6688	1423	desaccord · E < S · depuis E non ferme · depuis S ferme	36+0+0+0+0+0
e5adf7b2	17	1182	fermeture	4059	798	desaccord · E < S · depuis E non ferme · depuis S ferme	36+36+0+0
e5adf7b2	17	432	fermeture	5175	560	desaccord · E < S · depuis E non ferme · depuis S ferme	1+75+0+36
e5adf7b2	17	742	fermeture	9638	906	desaccord · E < S · depuis E non ferme · depuis S ferme	36+36+36+0
e5adf7b2	18	1102	fermeture	654	187	desaccord · E < S · depuis E non ferme · depuis S ferme	36
e5adf7b2	22	962	fermeture	4854	59	desaccord · E < S · depuis E non ferme · depuis S ferme	9
e5adf7b2	24	192	fermeture	9176	88	desaccord · E < S · depuis E non ferme · depuis S ferme	21+38+38
e5adf7b2	26	936	fermeture	328	229	desaccord · E < S · depuis E non ferme · depuis S ferme	36
e5adf7b2	5	906	fermeture	6652	871	desaccord · E < S · depuis E non ferme · depuis S ferme	82+82+36+36+0
e5adf7b2	6	1088	fermeture	9215	84	desaccord · E < S · depuis E non ferme · depuis S ferme	75
e5adf7b2	6	1204	fermeture	6417	240	desaccord · E < S · depuis E non ferme · depuis S ferme	36
e5adf7b2	8	280	fermeture	4735	229	desaccord · E < S · depuis E non ferme · depuis S ferme	36
e5adf7b2	9	636	fermeture	4865	681	desaccord · E < S · depuis E non ferme · depuis S ferme	36+36+0
f75e7053	24	768	fermeture	1110	447	desaccord · E < S · depuis E non ferme · depuis S ferme	36+0
