chunk	paquet	genre	detail
1	-1	bloc de type 1	gen 0 vivante false pont masque vide ti=0
2	-1	bloc de type 1	gen 0 vivante false pont masque vide ti=0
3	-1	bloc de type 1	gen 0 vivante false pont masque vide ti=0
4	-1	bloc de type 1	gen 0 vivante false pont masque vide ti=0
5	-1	bloc de type 1	gen 0 vivante false pont masque vide ti=0
6	-1	bloc de type 1	gen 0 vivante false pont masque vide ti=0
7	-1	bloc de type 1	gen 0 vivante false pont masque vide ti=0
8	-1	bloc de type 1	gen 0 vivante false pont masque vide ti=0
9	-1	bloc de type 1	gen 0 vivante false pont masque vide ti=0
10	-1	bloc de type 1	gen 0 vivante false pont masque vide ti=0
11	-1	bloc de type 1	gen 0 vivante false pont masque vide ti=0
12	-1	bloc de type 1	gen 0 vivante false pont masque vide ti=0
13	-1	bloc de type 1	gen 0 vivante false pont masque vide ti=0
14	-1	bloc de type 1	gen 0 vivante false pont masque vide ti=0
15	-1	bloc de type 1	gen 0 vivante false pont masque vide ti=0
16	-1	bloc de type 1	gen 0 vivante false pont masque vide ti=0
17	-1	bloc de type 1	gen 0 vivante false pont masque vide ti=0
18	1	image-cle voisin	slot 607 ti=35 tete=1 bit 248969 (suivant 251675)
18	1	image-cle voisin	slot 608 ti=35 tete=1 bit 251675 (suivant 254357)
18	1	image-cle voisin	slot 609 ti=35 tete=1 bit 254357 (suivant 346995)
18	1	image-cle	ti=20 tete=1
18	1	image-cle voisin	slot 610 ti=20 tete=1 bit 346995 (suivant 347339)
18	1	image-cle voisin	slot 611 ti=20 tete=1 bit 347339 (suivant 354330)
18	-1	bloc de type 1	gen 0 vivante false pont masque vide ti=0
18	378	DELTA gen 1	lie ti=20 masque 0x6000003 i0(2)+i1(16) · paquet vue C : kind non porte · DERNIER RECORD AVANT UN REJET
18	380	DELTA gen 1	lie ti=20 masque 0x2000003 i0(2)+i1(16) · paquet vue C : kind non porte · DERNIER RECORD AVANT UN REJET
18	382	DELTA gen 1	lie ti=20 masque 0x2000003 i0(2)+i1(16) · paquet vue C : kind non porte · DERNIER RECORD AVANT UN REJET
18	384	DELTA gen 1	lie ti=20 masque 0x2000003 i0(2)+i1(16) · paquet vue C : kind non porte · DERNIER RECORD AVANT UN REJET
18	386	DELTA gen 1	lie ti=20 masque 0x2000003 i0(2)+i1(16) · paquet vue C : kind non porte · DERNIER RECORD AVANT UN REJET
18	388	DELTA gen 1	lie ti=20 masque 0x2000003 i0(2)+i1(16) · paquet vue C : kind non porte · DERNIER RECORD AVANT UN REJET
18	390	DELTA gen 1	lie ti=20 masque 0x2000000 aucun composant · paquet vue C : kind non porte · DERNIER RECORD AVANT UN REJET
18	400	DELTA gen 1	lie ti=20 masque 0x2200000 aucun composant · paquet hors cadre · DERNIER RECORD AVANT UN REJET
18	402	DELTA gen 1	lie ti=20 masque 0x2200000 aucun composant · paquet hors cadre · DERNIER RECORD AVANT UN REJET
18	404	DELTA gen 1	lie ti=20 masque 0x2200000 aucun composant · paquet hors cadre · DERNIER RECORD AVANT UN REJET
18	406	DELTA gen 1	lie ti=20 masque 0x2200000 aucun composant · paquet hors cadre · DERNIER RECORD AVANT UN REJET
18	408	DELTA gen 1	lie ti=20 masque 0x2208003 i0(2)+i1(16) · paquet vue C : kind non porte · DERNIER RECORD AVANT UN REJET
18	410	DELTA gen 1	lie ti=20 masque 0x2200003 i0(2)+i1(16) · paquet vue C : kind non porte · DERNIER RECORD AVANT UN REJET
18	414	DELTA gen 1	lie ti=20 masque 0x2200003 i0(2)+i1(16) · paquet hors cadre · DERNIER RECORD AVANT UN REJET
18	416	DELTA gen 1	lie ti=20 masque 0x2200003 i0(2)+i1(16) · paquet vue C : kind non porte · DERNIER RECORD AVANT UN REJET
18	418	DELTA gen 1	lie ti=20 masque 0x2200003 i0(2)+i1(16) · paquet hors cadre
18	420	DELTA gen 1	lie ti=20 masque 0x2000003 i0(2)+i1(16) · paquet hors cadre · DERNIER RECORD AVANT UN REJET
18	422	DELTA gen 1	lie ti=20 masque 0x2000001 i0(2) · paquet hors cadre
18	424	DELTA gen 1	lie ti=20 masque 0x2000003 i0(2)+i1(16) · paquet ti=43 i19 device-position-animation-name-component
18	426	DELTA gen 1	lie ti=20 masque 0x2000003 i0(2)+i1(16) · paquet vue C : kind non porte · DERNIER RECORD AVANT UN REJET
18	428	DELTA gen 1	lie ti=20 masque 0x2000003 i0(2)+i1(16) · paquet ti=43 i19 device-position-animation-name-component
18	430	DELTA gen 1	lie ti=20 masque 0x2000003 i0(2)+i1(16) · paquet hors cadre
18	432	DELTA gen 1	lie ti=20 masque 0x2200003 i0(2)+i1(16) · paquet hors cadre · DERNIER RECORD AVANT UN REJET
18	434	DELTA gen 1	lie ti=20 masque 0x2200003 i0(2)+i1(16) · paquet hors cadre · DERNIER RECORD AVANT UN REJET
18	436	DELTA gen 1	lie ti=20 masque 0x2200003 i0(2)+i1(16) · paquet hors cadre · DERNIER RECORD AVANT UN REJET
18	438	DELTA gen 1	lie ti=20 masque 0x2200003 i0(2)+i1(16) · paquet hors cadre · DERNIER RECORD AVANT UN REJET
18	440	DELTA gen 1	lie ti=20 masque 0x2200003 i0(2)+i1(16) · paquet hors cadre · DERNIER RECORD AVANT UN REJET
18	442	DELTA gen 1	lie ti=20 masque 0x2200003 i0(2)+i1(16) · paquet vue C : kind non porte
18	444	DELTA gen 1	lie ti=20 masque 0x2200003 i0(2)+i1(16) · paquet hors cadre · DERNIER RECORD AVANT UN REJET
18	446	DELTA gen 1	lie ti=20 masque 0x2200003 i0(2)+i1(16) · paquet hors cadre · DERNIER RECORD AVANT UN REJET
18	448	DELTA gen 1	lie ti=20 masque 0x2200003 i0(2)+i1(16) · paquet vue C : kind non porte · DERNIER RECORD AVANT UN REJET
18	450	DELTA gen 1	lie ti=20 masque 0x2200003 i0(2)+i1(16) · paquet hors cadre · DERNIER RECORD AVANT UN REJET
18	452	DELTA gen 1	lie ti=20 masque 0x2200003 i0(2)+i1(16) · paquet ti=43 i20 device-position-animation-control-component
18	454	DELTA gen 1	lie ti=20 masque 0x2000001 i0(2) · paquet hors cadre
18	456	DELTA gen 1	lie ti=20 masque 0x2000001 i0(2) · paquet hors cadre
18	460	DELTA gen 1	lie ti=20 masque 0x2200003 i0(2)+i1(16) · paquet ti=43 i23 device-power-group-component
18	462	DELTA gen 1	lie ti=20 masque 0x2000001 i0(2) · paquet hors cadre
18	464	DELTA gen 1	lie ti=20 masque 0x2000002000003 i0(2)+i1(16) · paquet vue C : kind non porte
18	466	DELTA gen 1	lie ti=20 masque 0x2000003 i0(2)+i1(16) · paquet hors cadre
18	468	DELTA gen 1	lie ti=20 masque 0x2000003 i0(2)+i1(16) · paquet vue C : kind non porte · DERNIER RECORD AVANT UN REJET
18	470	DELTA gen 1	lie ti=20 masque 0x2000002000003 i0(2)+i1(16) · paquet ti=43 i26 device-control-action-string-override-component
18	472	DELTA gen 1	lie ti=20 masque 0x2000003 i0(2)+i1(16) · paquet vue C : kind non porte · DERNIER RECORD AVANT UN REJET
18	474	DELTA gen 1	lie ti=20 masque 0x2000003 i0(2)+i1(16) · paquet hors cadre · DERNIER RECORD AVANT UN REJET
18	478	DELTA gen 1	lie ti=20 masque 0x2200003 i0(2)+i1(16) · paquet hors cadre
18	480	DELTA gen 1	lie ti=20 masque 0x2200003 i0(2)+i1(16) · paquet ti=43 i21 device-position-group-component
18	482	DELTA gen 1	lie ti=20 masque 0x2200003 i0(2)+i1(16) · paquet hors cadre · DERNIER RECORD AVANT UN REJET
18	484	DELTA gen 1	lie ti=20 masque 0x2000003 i0(2)+i1(16) · paquet hors cadre · DERNIER RECORD AVANT UN REJET
18	486	DELTA gen 1	lie ti=20 masque 0x2000003 i0(2)+i1(16) · paquet hors cadre · DERNIER RECORD AVANT UN REJET
18	488	DELTA gen 1	lie ti=20 masque 0x2200003 i0(2)+i1(16) · paquet vue C : kind non porte · DERNIER RECORD AVANT UN REJET
18	492	DELTA gen 1	lie ti=20 masque 0x2200003 i0(2)+i1(16) · paquet hors cadre · DERNIER RECORD AVANT UN REJET
18	494	DELTA gen 1	lie ti=20 masque 0x2200003 i0(2)+i1(16) · paquet ti=10 i4 managed-object-navpoint-component
18	500	DELTA gen 1	lie ti=20 masque 0x2200003 i0(2)+i1(16) · paquet hors cadre · DERNIER RECORD AVANT UN REJET
18	504	DELTA gen 1	lie ti=20 masque 0x2000003 i0(2)+i1(16) · paquet ti=43 i23 device-power-group-component
18	506	DELTA gen 1	lie ti=20 masque 0x2000003 i0(2)+i1(16) · paquet hors cadre · DERNIER RECORD AVANT UN REJET
18	508	DELTA gen 1	lie ti=20 masque 0x2000003 i0(2)+i1(16) · paquet hors cadre · DERNIER RECORD AVANT UN REJET
18	510	DELTA gen 1	lie ti=20 masque 0x2000003 i0(2)+i1(16) · paquet vue C : kind non porte · DERNIER RECORD AVANT UN REJET
18	512	DELTA gen 1	lie ti=20 masque 0x2000003 i0(2)+i1(16) · paquet ti=43 i22 device-power-component
18	514	DELTA gen 1	lie ti=20 masque 0x2000003 i0(2)+i1(16) · paquet hors cadre · DERNIER RECORD AVANT UN REJET
18	516	DELTA gen 1	lie ti=20 masque 0x2000003 i0(2)+i1(16) · paquet hors cadre · DERNIER RECORD AVANT UN REJET
18	518	DELTA gen 1	lie ti=20 masque 0x2000003 i0(2)+i1(16) · paquet vue C : kind non porte · DERNIER RECORD AVANT UN REJET
18	524	DELTA gen 1	lie ti=20 masque 0x2200003 i0(2)+i1(16) · paquet vue C : kind non porte · DERNIER RECORD AVANT UN REJET
18	526	DELTA gen 1	lie ti=20 masque 0x2200003 i0(2)+i1(16) · paquet ti=43 i32 device-dispenser-state-flags-component
18	528	DELTA gen 1	lie ti=20 masque 0x2200003 i0(2)+i1(16) · paquet vue C : kind non porte · DERNIER RECORD AVANT UN REJET
18	532	DELTA gen 1	lie ti=20 masque 0x2200003 i0(2)+i1(16) · paquet hors cadre · DERNIER RECORD AVANT UN REJET
18	534	DELTA gen 1	lie ti=20 masque 0x2200003 i0(2)+i1(16) · paquet hors cadre · DERNIER RECORD AVANT UN REJET
18	536	DELTA gen 1	lie ti=20 masque 0x2200003 i0(2)+i1(16) · paquet vue C : kind non porte · DERNIER RECORD AVANT UN REJET
18	538	DELTA gen 1	lie ti=20 masque 0x2200003 i0(2)+i1(16) · paquet hors cadre · DERNIER RECORD AVANT UN REJET
18	540	DELTA gen 1	lie ti=20 masque 0x2200003 i0(2)+i1(16) · paquet vue C : kind non porte
18	542	DELTA gen 1	lie ti=20 masque 0x2200003 i0(2)+i1(16) · paquet ti=43 i38 device-position-transition-velocity-component
18	544	DELTA gen 1	lie ti=20 masque 0x2200003 i0(2)+i1(16) · paquet hors cadre
18	546	DELTA gen 1	lie ti=20 masque 0x2200003 i0(2)+i1(16) · paquet hors cadre · DERNIER RECORD AVANT UN REJET
18	550	DELTA gen 1	lie ti=20 masque 0x2200003 i0(2)+i1(16) · paquet hors cadre · DERNIER RECORD AVANT UN REJET
18	552	DELTA gen 1	lie ti=20 masque 0x2000003 i0(2)+i1(16) · paquet hors cadre · DERNIER RECORD AVANT UN REJET
18	554	DELTA gen 1	lie ti=20 masque 0x2200003 i0(2)+i1(16) · paquet hors cadre · DERNIER RECORD AVANT UN REJET
18	556	DELTA gen 1	lie ti=20 masque 0x2200003 i0(2)+i1(16) · paquet ti=43 i19 device-position-animation-name-component
18	558	DELTA gen 1	lie ti=20 masque 0x2200003 i0(2)+i1(16) · paquet vue C : bloc 0xbc non porte
18	560	DELTA gen 1	lie ti=20 masque 0x2200003 i0(2)+i1(16) · paquet vue C : kind non porte · DERNIER RECORD AVANT UN REJET
18	562	DELTA gen 1	lie ti=20 masque 0x2200003 i0(2)+i1(16) · paquet hors cadre · DERNIER RECORD AVANT UN REJET
18	564	DELTA gen 1	lie ti=20 masque 0x2200003 i0(2)+i1(16) · paquet hors cadre · DERNIER RECORD AVANT UN REJET
18	566	DELTA gen 1	lie ti=20 masque 0x2000003 i0(2)+i1(16) · paquet ti=43 i36 device-dispenser-state-component
18	568	DELTA gen 1	lie ti=20 masque 0x2000003 i0(2)+i1(16) · paquet vue C : kind non porte · DERNIER RECORD AVANT UN REJET
18	572	DELTA gen 1	lie ti=20 masque 0x2200003 i0(2)+i1(16) · paquet vue C : kind non porte
18	574	DELTA gen 1	lie ti=20 masque 0x2000003 i0(2)+i1(16) · paquet hors cadre · DERNIER RECORD AVANT UN REJET
18	576	DELTA gen 1	lie ti=20 masque 0x2000001 i0(2) · paquet hors cadre
18	578	DELTA gen 1	lie ti=20 masque 0x2000001 i0(2) · paquet hors cadre
18	580	DELTA gen 1	lie ti=20 masque 0x2000003 i0(2)+i1(16) · paquet vue C : kind non porte · DERNIER RECORD AVANT UN REJET
18	582	DELTA gen 1	lie ti=20 masque 0x2000003 i0(2)+i1(16) · paquet hors cadre · DERNIER RECORD AVANT UN REJET
18	584	DELTA gen 1	lie ti=20 masque 0x2000003 i0(2)+i1(16) · paquet hors cadre · DERNIER RECORD AVANT UN REJET
18	586	DELTA gen 1	lie ti=20 masque 0x2200003 i0(2)+i1(16) · paquet ti=43 i20 device-position-animation-control-component
18	590	DELTA gen 1	lie ti=20 masque 0x2200003 i0(2)+i1(16) · paquet hors cadre · DERNIER RECORD AVANT UN REJET
18	594	DELTA gen 1	lie ti=20 masque 0x2000003 i0(2)+i1(16) · paquet ti=43 i20 device-position-animation-control-component
18	596	DELTA gen 1	lie ti=20 masque 0x2000003 i0(2)+i1(16) · paquet vue C : bloc 0xbc non porte
18	598	DELTA gen 1	lie ti=20 masque 0x2000003 i0(2)+i1(16) · paquet ti=43 i36 device-dispenser-state-component
18	600	DELTA gen 1	lie ti=20 masque 0x2000003 i0(2)+i1(16) · paquet hors cadre · DERNIER RECORD AVANT UN REJET
18	602	DELTA gen 1	lie ti=20 masque 0x2000003 i0(2)+i1(16) · paquet hors cadre · DERNIER RECORD AVANT UN REJET
18	604	DELTA gen 1	lie ti=20 masque 0x2000003 i0(2)+i1(16) · paquet vue C : kind non porte · DERNIER RECORD AVANT UN REJET
18	606	DELTA gen 1	lie ti=20 masque 0x2000003 i0(2)+i1(16) · paquet vue C : kind non porte
18	608	DELTA gen 1	lie ti=20 masque 0x2000001 i0(2) · paquet hors cadre
18	610	DELTA gen 1	lie ti=20 masque 0x2000001 i0(2) · paquet hors cadre
18	614	DELTA gen 1	lie ti=20 masque 0x2000001 i0(2) · paquet hors cadre
18	618	DELTA gen 1	lie ti=20 masque 0x2000003 i0(2)+i1(16) · paquet hors cadre · DERNIER RECORD AVANT UN REJET
18	620	DELTA gen 1	lie ti=20 masque 0x2000003 i0(2)+i1(16) · paquet vue C : kind non porte · DERNIER RECORD AVANT UN REJET
18	622	DELTA gen 1	lie ti=20 masque 0x2000003 i0(2)+i1(16) · paquet hors cadre · DERNIER RECORD AVANT UN REJET
18	624	DELTA gen 1	lie ti=20 masque 0x2000003 i0(2)+i1(16) · paquet ti=43 i19 device-position-animation-name-component
18	626	DELTA gen 1	lie ti=20 masque 0x2000003 i0(2)+i1(16) · paquet vue C : kind non porte · DERNIER RECORD AVANT UN REJET
18	628	DELTA gen 1	lie ti=20 masque 0x2000003 i0(2)+i1(16) · paquet hors cadre · DERNIER RECORD AVANT UN REJET
18	632	DELTA gen 1	lie ti=20 masque 0x2000003 i0(2)+i1(16) · paquet vue C : kind non porte · DERNIER RECORD AVANT UN REJET
18	636	DELTA gen 1	lie ti=20 masque 0x2000001 i0(2) · paquet hors cadre
18	638	DELTA gen 1	lie ti=20 masque 0x2000003 i0(2)+i1(16) · paquet hors cadre · DERNIER RECORD AVANT UN REJET
18	642	DELTA gen 1	lie ti=20 masque 0x2000001 i0(2) · paquet hors cadre
18	644	DELTA gen 1	lie ti=20 masque 0x2000003 i0(2)+i1(16) · paquet vue C : kind non porte · DERNIER RECORD AVANT UN REJET
18	646	DELTA gen 1	lie ti=20 masque 0x2000003 i0(2)+i1(16) · paquet hors cadre · DERNIER RECORD AVANT UN REJET
18	648	DELTA gen 1	lie ti=20 masque 0x2000003 i0(2)+i1(16) · paquet hors cadre · DERNIER RECORD AVANT UN REJET
18	652	DELTA gen 1	lie ti=20 masque 0x2000003 i0(2)+i1(16) · paquet hors cadre · DERNIER RECORD AVANT UN REJET
18	654	DELTA gen 1	lie ti=20 masque 0x2200003 i0(2)+i1(16) · paquet ti=43 i19 device-position-animation-name-component
18	656	DELTA gen 1	lie ti=20 masque 0x2200003 i0(2)+i1(16) · paquet vue C : kind non porte · DERNIER RECORD AVANT UN REJET
18	658	DELTA gen 1	lie ti=20 masque 0x2200003 i0(2)+i1(16) · paquet ti=53 archetype hors registre
18	660	DELTA gen 1	lie ti=20 masque 0x2200003 i0(2)+i1(16) · paquet hors cadre · DERNIER RECORD AVANT UN REJET
18	662	DELTA gen 1	lie ti=20 masque 0x2200003 i0(2)+i1(16) · paquet hors cadre · DERNIER RECORD AVANT UN REJET
18	664	DELTA gen 1	lie ti=20 masque 0x2200003 i0(2)+i1(16) · paquet ti=43 i20 device-position-animation-control-component
18	666	DELTA gen 1	lie ti=20 masque 0x2200003 i0(2)+i1(16) · paquet ti=43 i34 device-animation-layer-settings-component
18	668	DELTA gen 1	lie ti=20 masque 0x2200003 i0(2)+i1(16) · paquet vue C : kind non porte · DERNIER RECORD AVANT UN REJET
18	670	DELTA gen 1	lie ti=20 masque 0x2200003 i0(2)+i1(16) · paquet vue C : kind non porte · DERNIER RECORD AVANT UN REJET
18	672	DELTA gen 1	lie ti=20 masque 0x2200001 i0(2) · paquet hors cadre
18	674	DELTA gen 1	lie ti=20 masque 0x2200003 i0(2)+i1(16) · paquet vue C : kind non porte
18	676	DELTA gen 1	lie ti=20 masque 0x2000001 i0(2) · paquet hors cadre
18	678	DELTA gen 1	lie ti=20 masque 0x2000001 i0(2) · paquet hors cadre
18	680	DELTA gen 1	lie ti=20 masque 0x2200001 i0(2) · paquet hors cadre
18	682	DELTA gen 1	lie ti=20 masque 0x2200003 i0(2)+i1(16) · paquet hors cadre · DERNIER RECORD AVANT UN REJET
18	684	DELTA gen 1	lie ti=20 masque 0x2200003 i0(2)+i1(16) · paquet vue C : kind non porte · DERNIER RECORD AVANT UN REJET
18	686	DELTA gen 1	lie ti=20 masque 0x2200003 i0(2)+i1(16) · paquet vue C : kind non porte · DERNIER RECORD AVANT UN REJET
18	688	DELTA gen 1	lie ti=20 masque 0x2200003 i0(2)+i1(16) · paquet hors cadre · DERNIER RECORD AVANT UN REJET
18	690	DELTA gen 1	lie ti=20 masque 0x2200003 i0(2)+i1(16) · paquet hors cadre · DERNIER RECORD AVANT UN REJET
18	692	DELTA gen 1	lie ti=20 masque 0x2000003 i0(2)+i1(16) · paquet vue C : kind non porte · DERNIER RECORD AVANT UN REJET
18	694	DELTA gen 1	lie ti=20 masque 0x2000003 i0(2)+i1(16) · paquet vue C : kind non porte · DERNIER RECORD AVANT UN REJET
18	698	DELTA gen 1	lie ti=20 masque 0x2200003 i0(2)+i1(16) · paquet hors cadre · DERNIER RECORD AVANT UN REJET
18	702	DELTA gen 1	lie ti=20 masque 0x2200003 i0(2)+i1(16) · paquet hors cadre · DERNIER RECORD AVANT UN REJET
18	704	DELTA gen 1	lie ti=20 masque 0x2200003 i0(2)+i1(16) · paquet vue C : kind non porte
18	706	DELTA gen 1	lie ti=20 masque 0x2200003 i0(2)+i1(16) · paquet hors cadre · DERNIER RECORD AVANT UN REJET
18	710	DELTA gen 1	lie ti=20 masque 0x2200003 i0(2)+i1(16) · paquet hors cadre · DERNIER RECORD AVANT UN REJET
18	712	DELTA gen 1	lie ti=20 masque 0x2200003 i0(2)+i1(16) · paquet vue C : kind non porte · DERNIER RECORD AVANT UN REJET
18	716	DELTA gen 1	lie ti=20 masque 0x2200003 i0(2)+i1(16) · paquet vue C : kind non porte · DERNIER RECORD AVANT UN REJET
18	718	DELTA gen 1	lie ti=20 masque 0x2200003 i0(2)+i1(16) · paquet vue C : kind non porte · DERNIER RECORD AVANT UN REJET
18	720	DELTA gen 1	lie ti=20 masque 0x2200003 i0(2)+i1(16) · paquet hors cadre · DERNIER RECORD AVANT UN REJET
18	722	DELTA gen 1	lie ti=20 masque 0x2200003 i0(2)+i1(16) · paquet ti=43 i20 device-position-animation-control-component
18	724	DELTA gen 1	lie ti=20 masque 0x2200003 i0(2)+i1(16) · paquet vue C : kind non porte · DERNIER RECORD AVANT UN REJET
18	726	DELTA gen 1	lie ti=20 masque 0x2200003 i0(2)+i1(16) · paquet hors cadre · DERNIER RECORD AVANT UN REJET
18	728	DELTA gen 1	lie ti=20 masque 0x2200003 i0(2)+i1(16) · paquet ti=10 i8 managed-object-navpoint-component
18	732	DELTA gen 1	lie ti=20 masque 0x2200003 i0(2)+i1(16) · paquet ti=43 i19 device-position-animation-name-component
18	734	DELTA gen 1	lie ti=20 masque 0x2200003 i0(2)+i1(16) · paquet vue C : kind non porte · DERNIER RECORD AVANT UN REJET
18	738	DELTA gen 1	lie ti=20 masque 0x2200003 i0(2)+i1(16) · paquet hors cadre · DERNIER RECORD AVANT UN REJET
18	742	DELTA gen 1	lie ti=20 masque 0x2200003 i0(2)+i1(16) · paquet vue C : kind non porte · DERNIER RECORD AVANT UN REJET
18	746	DELTA gen 1	lie ti=20 masque 0x2200003 i0(2)+i1(16) · paquet ti=43 i19 device-position-animation-name-component
18	748	DELTA gen 1	lie ti=20 masque 0x2200003 i0(2)+i1(16) · paquet ti=43 i21 device-position-group-component
18	750	DELTA gen 1	lie ti=20 masque 0x2200003 i0(2)+i1(16) · paquet hors cadre
18	752	DELTA gen 1	lie ti=20 masque 0x2000003 i0(2)+i1(16) · paquet ti=43 i20 device-position-animation-control-component
18	754	DELTA gen 1	lie ti=20 masque 0x2000003 i0(2)+i1(16) · paquet ti=43 i36 device-dispenser-state-component
18	756	DELTA gen 1	lie ti=20 masque 0x2000003 i0(2)+i1(16) · paquet ti=43 i20 device-position-animation-control-component
18	758	DELTA gen 1	lie ti=20 masque 0x2000003 i0(2)+i1(16) · paquet ti=43 i21 device-position-group-component
18	760	DELTA gen 1	lie ti=20 masque 0x2000001 i0(2) · paquet hors cadre
18	762	DELTA gen 1	lie ti=20 masque 0x2000001 i0(2) · paquet hors cadre
18	764	DELTA gen 1	lie ti=20 masque 0x2000003 i0(2)+i1(16) · paquet vue C : kind non porte · DERNIER RECORD AVANT UN REJET
18	766	DELTA gen 1	lie ti=20 masque 0x2000001 i0(2) · paquet hors cadre
18	768	DELTA gen 1	lie ti=20 masque 0x2000001 i0(2) · paquet hors cadre
18	770	DELTA gen 1	lie ti=20 masque 0x2000001 i0(2) · paquet hors cadre
18	772	DELTA gen 1	lie ti=20 masque 0x2000003 i0(2)+i1(16) · paquet hors cadre · DERNIER RECORD AVANT UN REJET
18	774	DELTA gen 1	lie ti=20 masque 0x2000003 i0(2)+i1(16) · paquet ti=57 archetype hors registre
18	776	DELTA gen 1	lie ti=20 masque 0x2000003 i0(2)+i1(16) · paquet hors cadre
18	778	DELTA gen 1	lie ti=20 masque 0x2000003 i0(2)+i1(16) · paquet hors cadre · DERNIER RECORD AVANT UN REJET
18	780	DELTA gen 1	lie ti=20 masque 0x2000003 i0(2)+i1(16) · paquet vue C : kind non porte · DERNIER RECORD AVANT UN REJET
18	782	DELTA gen 1	lie ti=20 masque 0x2000003 i0(2)+i1(16) · paquet ti=43 i21 device-position-group-component
18	788	DELTA gen 1	lie ti=20 masque 0x2200003 i0(2)+i1(16) · paquet ti=43 i27 device-health-station-charges-component
18	790	DELTA gen 1	lie ti=20 masque 0x2200003 i0(2)+i1(16) · paquet ti=43 i19 device-position-animation-name-component
18	792	DELTA gen 1	lie ti=20 masque 0x2200003 i0(2)+i1(16) · paquet vue C : kind non porte · DERNIER RECORD AVANT UN REJET
18	794	DELTA gen 1	lie ti=20 masque 0x2200003 i0(2)+i1(16) · paquet hors cadre · DERNIER RECORD AVANT UN REJET
18	796	DELTA gen 1	lie ti=20 masque 0x2200003 i0(2)+i1(16) · paquet ti=43 i19 device-position-animation-name-component
18	798	DELTA gen 1	lie ti=20 masque 0x2200003 i0(2)+i1(16) · paquet vue C : kind non porte · DERNIER RECORD AVANT UN REJET
18	800	DELTA gen 1	lie ti=20 masque 0x2200003 i0(2)+i1(16) · paquet ti=43 i19 device-position-animation-name-component
18	802	DELTA gen 1	lie ti=20 masque 0x2200003 i0(2)+i1(16) · paquet ti=43 i20 device-position-animation-control-component
18	804	DELTA gen 1	lie ti=20 masque 0x2000003 i0(2)+i1(16) · paquet vue B : fin de payload
18	806	DELTA gen 1	lie ti=20 masque 0x2000003 i0(2)+i1(16) · paquet hors cadre
18	808	DELTA gen 1	lie ti=20 masque 0x2000003 i0(2)+i1(16) · paquet ti=43 i19 device-position-animation-name-component
18	810	DELTA gen 1	lie ti=20 masque 0x2000003 i0(2)+i1(16) · paquet ti=43 i36 device-dispenser-state-component
18	812	DELTA gen 1	lie ti=20 masque 0x2000003 i0(2)+i1(16) · paquet ti=10 i4 managed-object-navpoint-component
18	814	DELTA gen 1	lie ti=20 masque 0x2000003 i0(2)+i1(16) · paquet ti=10 i4 managed-object-navpoint-component
18	816	DELTA gen 1	lie ti=20 masque 0x2000003 i0(2)+i1(16) · paquet vue C : kind non porte · DERNIER RECORD AVANT UN REJET
18	818	DELTA gen 1	lie ti=20 masque 0x2000003 i0(2)+i1(16) · paquet ti=43 i36 device-dispenser-state-component
18	820	DELTA gen 1	lie ti=20 masque 0x2000003 i0(2)+i1(16) · paquet hors cadre · DERNIER RECORD AVANT UN REJET
18	822	DELTA gen 1	lie ti=20 masque 0x2000003 i0(2)+i1(16) · paquet ti=10 i3 managed-object-navpoint-component
18	824	DELTA gen 1	lie ti=20 masque 0x2000003 i0(2)+i1(16) · paquet vue C : kind non porte · DERNIER RECORD AVANT UN REJET
18	826	DELTA gen 1	lie ti=20 masque 0x2000003 i0(2)+i1(16) · paquet ti=43 i25 device-interaction-hold-time-component
18	828	DELTA gen 1	lie ti=20 masque 0x2000001 i0(2) · paquet hors cadre
18	832	DELTA gen 1	lie ti=20 masque 0x2000001 i0(2) · paquet hors cadre
18	834	DELTA gen 1	lie ti=20 masque 0x2000001 i0(2) · paquet hors cadre
18	836	DELTA gen 1	lie ti=20 masque 0x2200003 i0(2)+i1(16) · paquet vue C : kind non porte · DERNIER RECORD AVANT UN REJET
18	838	DELTA gen 1	lie ti=20 masque 0x2200003 i0(2)+i1(16) · paquet ti=43 i19 device-position-animation-name-component
18	840	DELTA gen 1	lie ti=20 masque 0x2200003 i0(2)+i1(16) · paquet hors cadre · DERNIER RECORD AVANT UN REJET
18	842	DELTA gen 1	lie ti=20 masque 0x2200003 i0(2)+i1(16) · paquet ti=10 i2 managed-object-navpoint-component
18	844	DELTA gen 1	lie ti=20 masque 0x2200003 i0(2)+i1(16) · paquet vue C : kind non porte · DERNIER RECORD AVANT UN REJET
18	846	DELTA gen 1	lie ti=20 masque 0x2200003 i0(2)+i1(16) · paquet hors cadre · DERNIER RECORD AVANT UN REJET
18	848	DELTA gen 1	lie ti=20 masque 0x2200003 i0(2)+i1(16) · paquet ti=10 i2 managed-object-navpoint-component
18	850	DELTA gen 1	lie ti=20 masque 0x2200003 i0(2)+i1(16) · paquet vue C : kind non porte · DERNIER RECORD AVANT UN REJET
18	852	DELTA gen 1	lie ti=20 masque 0x2200003 i0(2)+i1(16) · paquet hors cadre · DERNIER RECORD AVANT UN REJET
18	854	DELTA gen 1	lie ti=20 masque 0x2200003 i0(2)+i1(16) · paquet hors cadre · DERNIER RECORD AVANT UN REJET
18	856	DELTA gen 1	lie ti=20 masque 0x2000003 i0(2)+i1(16) · paquet vue B : fin de payload
18	858	DELTA gen 1	lie ti=20 masque 0x2000001 i0(2) · paquet hors cadre
18	860	DELTA gen 1	lie ti=20 masque 0x2000001 i0(2) · paquet hors cadre
18	864	DELTA gen 1	lie ti=20 masque 0x2000003 i0(2)+i1(16) · paquet hors cadre · DERNIER RECORD AVANT UN REJET
18	866	DELTA gen 1	lie ti=20 masque 0x2000001 i0(2) · paquet hors cadre
18	868	DELTA gen 1	lie ti=20 masque 0x2000001 i0(2) · paquet hors cadre
18	870	DELTA gen 1	lie ti=20 masque 0x2200003 i0(2)+i1(16) · paquet hors cadre · DERNIER RECORD AVANT UN REJET
18	872	DELTA gen 1	lie ti=20 masque 0x2200003 i0(2)+i1(16) · paquet vue C : kind non porte · DERNIER RECORD AVANT UN REJET
18	874	DELTA gen 1	lie ti=20 masque 0x2200003 i0(2)+i1(16) · paquet ti=43 i21 device-position-group-component
18	876	DELTA gen 1	lie ti=20 masque 0x2200003 i0(2)+i1(16) · paquet hors cadre · DERNIER RECORD AVANT UN REJET
18	880	DELTA gen 1	lie ti=20 masque 0x2200003 i0(2)+i1(16) · paquet ti=43 i19 device-position-animation-name-component
18	882	DELTA gen 1	lie ti=20 masque 0x2200003 i0(2)+i1(16) · paquet hors cadre · DERNIER RECORD AVANT UN REJET
18	884	DELTA gen 1	lie ti=20 masque 0x2200003 i0(2)+i1(16) · paquet vue C : kind non porte · DERNIER RECORD AVANT UN REJET
18	886	DELTA gen 1	lie ti=20 masque 0x2200003 i0(2)+i1(16) · paquet hors cadre
18	888	DELTA gen 1	lie ti=20 masque 0x2200003 i0(2)+i1(16) · paquet hors cadre · DERNIER RECORD AVANT UN REJET
18	890	DELTA gen 1	lie ti=20 masque 0x2200003 i0(2)+i1(16) · paquet vue C : kind non porte
18	892	DELTA gen 1	lie ti=20 masque 0x2200003 i0(2)+i1(16) · paquet ti=43 i29 device-exclusive-user-component
18	894	DELTA gen 1	lie ti=20 masque 0x2200003 i0(2)+i1(16) · paquet hors cadre · DERNIER RECORD AVANT UN REJET
18	896	DELTA gen 1	lie ti=20 masque 0x2000001 i0(2) · paquet hors cadre
18	898	DELTA gen 1	lie ti=20 masque 0x2000001 i0(2) · paquet hors cadre
18	900	DELTA gen 1	lie ti=20 masque 0x2000003 i0(2)+i1(16) · paquet hors cadre · DERNIER RECORD AVANT UN REJET
18	902	DELTA gen 1	lie ti=20 masque 0x2000003 i0(2)+i1(16) · paquet hors cadre · DERNIER RECORD AVANT UN REJET
18	904	DELTA gen 1	lie ti=20 masque 0x2000003 i0(2)+i1(16) · paquet vue C : kind non porte · DERNIER RECORD AVANT UN REJET
18	906	DELTA gen 1	lie ti=20 masque 0x2000001 i0(2) · paquet hors cadre
18	908	DELTA gen 1	lie ti=20 masque 0x2000001 i0(2) · paquet hors cadre
18	912	DELTA gen 1	lie ti=20 masque 0x2000001 i0(2) · paquet hors cadre
18	914	DELTA gen 1	lie ti=20 masque 0x2000001 i0(2) · paquet hors cadre
18	916	DELTA gen 1	lie ti=20 masque 0x2000003 i0(2)+i1(16) · paquet vue C : kind non porte · DERNIER RECORD AVANT UN REJET
18	918	DELTA gen 1	lie ti=20 masque 0x2000003 i0(2)+i1(16) · paquet ti=43 i21 device-position-group-component
18	922	DELTA gen 1	lie ti=20 masque 0x2000003 i0(2)+i1(16) · paquet vue C : kind non porte · DERNIER RECORD AVANT UN REJET
18	924	DELTA gen 1	lie ti=20 masque 0x2200003 i0(2)+i1(16) · paquet ti=43 i19 device-position-animation-name-component
18	926	DELTA gen 1	lie ti=20 masque 0x2200003 i0(2)+i1(16) · paquet hors cadre · DERNIER RECORD AVANT UN REJET
18	928	DELTA gen 1	lie ti=20 masque 0x2200003 i0(2)+i1(16) · paquet vue C : kind non porte · DERNIER RECORD AVANT UN REJET
18	930	DELTA gen 1	lie ti=20 masque 0x2200003 i0(2)+i1(16) · paquet ti=43 i19 device-position-animation-name-component
18	932	DELTA gen 1	lie ti=20 masque 0x2200003 i0(2)+i1(16) · paquet hors cadre · DERNIER RECORD AVANT UN REJET
18	934	DELTA gen 1	lie ti=20 masque 0x2200003 i0(2)+i1(16) · paquet hors cadre · DERNIER RECORD AVANT UN REJET
18	936	DELTA gen 1	lie ti=20 masque 0x2200003 i0(2)+i1(16) · paquet ti=43 i25 device-interaction-hold-time-component
18	938	DELTA gen 1	lie ti=20 masque 0x2200003 i0(2)+i1(16) · paquet hors cadre · DERNIER RECORD AVANT UN REJET
18	940	DELTA gen 1	lie ti=20 masque 0x2200003 i0(2)+i1(16) · paquet vue C : kind non porte · DERNIER RECORD AVANT UN REJET
18	942	DELTA gen 1	lie ti=20 masque 0x2200003 i0(2)+i1(16) · paquet ti=43 i19 device-position-animation-name-component
18	948	DELTA gen 1	lie ti=20 masque 0x2200000 aucun composant · paquet hors cadre
18	950	DELTA gen 1	lie ti=20 masque 0x2200000 aucun composant · paquet ti=10 i8 managed-object-navpoint-component
18	952	DELTA gen 1	lie ti=20 masque 0x2200000 aucun composant · paquet hors cadre · DERNIER RECORD AVANT UN REJET
18	954	DELTA gen 1	lie ti=20 masque 0x2200000 aucun composant · paquet hors cadre · DERNIER RECORD AVANT UN REJET
18	956	DELTA gen 1	lie ti=20 masque 0x2200000 aucun composant · paquet hors cadre · DERNIER RECORD AVANT UN REJET
18	962	DELTA gen 1	lie ti=20 masque 0x2200000 aucun composant · paquet hors cadre · DERNIER RECORD AVANT UN REJET
18	964	DELTA gen 1	lie ti=20 masque 0x2200000 aucun composant · paquet hors cadre · DERNIER RECORD AVANT UN REJET
18	978	DELTA gen 1	lie ti=20 masque 0x2200000 aucun composant · paquet hors cadre · DERNIER RECORD AVANT UN REJET
18	980	DELTA gen 1	lie ti=20 masque 0x2200000 aucun composant · paquet hors cadre · DERNIER RECORD AVANT UN REJET
18	982	DELTA gen 1	lie ti=20 masque 0x2200000 aucun composant · paquet hors cadre · DERNIER RECORD AVANT UN REJET
18	984	DELTA gen 1	lie ti=20 masque 0x2200000 aucun composant · paquet hors cadre · DERNIER RECORD AVANT UN REJET
18	986	DELTA gen 1	lie ti=20 masque 0x2200000 aucun composant · paquet ti=2 i13 game-engine-disabled-kill-volume-flags-component
18	988	DELTA gen 1	lie ti=20 masque 0x2200000 aucun composant · paquet hors cadre · DERNIER RECORD AVANT UN REJET
18	990	DELTA gen 1	lie ti=20 masque 0x2200000 aucun composant · paquet hors cadre · DERNIER RECORD AVANT UN REJET
18	992	DELTA gen 1	lie ti=20 masque 0x2200000 aucun composant · paquet hors cadre · DERNIER RECORD AVANT UN REJET
18	994	DELTA gen 1	lie ti=20 masque 0x2200000 aucun composant · paquet hors cadre · DERNIER RECORD AVANT UN REJET
18	996	DELTA gen 1	lie ti=20 masque 0x2200000 aucun composant · paquet hors cadre · DERNIER RECORD AVANT UN REJET
18	1000	DELTA gen 1	lie ti=20 masque 0x2200000 aucun composant · paquet hors cadre · DERNIER RECORD AVANT UN REJET
18	1002	DELTA gen 1	lie ti=20 masque 0x2200000 aucun composant · paquet hors cadre · DERNIER RECORD AVANT UN REJET
18	1004	DELTA gen 1	lie ti=20 masque 0x2200000 aucun composant · paquet hors cadre · DERNIER RECORD AVANT UN REJET
18	1006	DELTA gen 1	lie ti=20 masque 0x2200000 aucun composant · paquet hors cadre · DERNIER RECORD AVANT UN REJET
18	1008	DELTA gen 1	lie ti=20 masque 0x2200000 aucun composant · paquet hors cadre · DERNIER RECORD AVANT UN REJET
18	1010	DELTA gen 1	lie ti=20 masque 0x2200000 aucun composant · paquet vue C : kind non porte · DERNIER RECORD AVANT UN REJET
18	1012	DELTA gen 1	lie ti=20 masque 0x2200000 aucun composant · paquet hors cadre · DERNIER RECORD AVANT UN REJET
18	1014	DELTA gen 1	lie ti=20 masque 0x2200000 aucun composant · paquet hors cadre · DERNIER RECORD AVANT UN REJET
18	1016	DELTA gen 1	lie ti=20 masque 0x2200000 aucun composant · paquet hors cadre · DERNIER RECORD AVANT UN REJET
18	1018	DELTA gen 1	lie ti=20 masque 0x2200000 aucun composant · paquet vue C : kind non porte · DERNIER RECORD AVANT UN REJET
18	1020	DELTA gen 1	lie ti=20 masque 0x2200000 aucun composant · paquet vue C : kind non porte · DERNIER RECORD AVANT UN REJET
18	1022	DELTA gen 1	lie ti=20 masque 0x2200000 aucun composant · paquet vue C : kind non porte · DERNIER RECORD AVANT UN REJET
18	1026	DELTA gen 1	lie ti=20 masque 0x2200000 aucun composant · paquet hors cadre
18	1028	DELTA gen 1	lie ti=20 masque 0x2200000 aucun composant · paquet vue C : kind non porte · DERNIER RECORD AVANT UN REJET
18	1030	DELTA gen 1	lie ti=20 masque 0x2200000 aucun composant · paquet vue C : kind non porte · DERNIER RECORD AVANT UN REJET
18	1036	DELTA gen 1	lie ti=20 masque 0x2200000 aucun composant · paquet vue C : kind non porte · DERNIER RECORD AVANT UN REJET
18	1038	DELTA gen 1	lie ti=20 masque 0x2200000 aucun composant · paquet vue C : kind non porte · DERNIER RECORD AVANT UN REJET
18	1040	DELTA gen 1	lie ti=20 masque 0x2200000 aucun composant · paquet vue C : kind non porte · DERNIER RECORD AVANT UN REJET
18	1044	DELTA gen 1	lie ti=20 masque 0x2200000 aucun composant · paquet vue C : kind non porte · DERNIER RECORD AVANT UN REJET
18	1048	DELTA gen 1	lie ti=20 masque 0x2200000 aucun composant · paquet vue C : kind non porte · DERNIER RECORD AVANT UN REJET
18	1050	DELTA gen 1	lie ti=20 masque 0x2200000 aucun composant · paquet vue C : kind non porte · DERNIER RECORD AVANT UN REJET
18	1052	DELTA gen 1	lie ti=20 masque 0x2200000 aucun composant · paquet vue C : kind non porte · DERNIER RECORD AVANT UN REJET
18	1054	DELTA gen 1	lie ti=20 masque 0x2200000 aucun composant · paquet vue C : kind non porte · DERNIER RECORD AVANT UN REJET
18	1056	DELTA gen 1	lie ti=20 masque 0x2200000 aucun composant · paquet vue C : kind non porte · DERNIER RECORD AVANT UN REJET
18	1058	DELTA gen 1	lie ti=20 masque 0x2200000 aucun composant · paquet vue C : kind non porte · DERNIER RECORD AVANT UN REJET
18	1068	DELTA gen 1	lie ti=20 masque 0x2200000 aucun composant · paquet vue C : kind non porte · DERNIER RECORD AVANT UN REJET
18	1070	DELTA gen 1	lie ti=20 masque 0x2200000 aucun composant · paquet vue C : kind non porte · DERNIER RECORD AVANT UN REJET
18	1072	DELTA gen 1	lie ti=20 masque 0x2200000 aucun composant · paquet vue C : kind non porte · DERNIER RECORD AVANT UN REJET
18	1074	DELTA gen 1	lie ti=20 masque 0x2200000 aucun composant · paquet vue C : kind non porte · DERNIER RECORD AVANT UN REJET
18	1078	DELTA gen 1	lie ti=20 masque 0x2200000 aucun composant · paquet vue C : kind non porte · DERNIER RECORD AVANT UN REJET
18	1084	DELTA gen 1	lie ti=20 masque 0x2200000 aucun composant · paquet vue C : kind non porte · DERNIER RECORD AVANT UN REJET
18	1086	DELTA gen 1	lie ti=20 masque 0x2200000 aucun composant · paquet vue C : kind non porte · DERNIER RECORD AVANT UN REJET
18	1092	DELTA gen 1	lie ti=20 masque 0x2200000 aucun composant · paquet vue C : kind non porte · DERNIER RECORD AVANT UN REJET
18	1094	DELTA gen 1	lie ti=20 masque 0x2200000 aucun composant · paquet vue C : kind non porte · DERNIER RECORD AVANT UN REJET
18	1104	DELTA gen 1	lie ti=20 masque 0x2200000 aucun composant · paquet vue C : kind non porte · DERNIER RECORD AVANT UN REJET
18	1106	DELTA gen 1	lie ti=20 masque 0x2200000 aucun composant · paquet vue C : kind non porte · DERNIER RECORD AVANT UN REJET
18	1108	DELTA gen 1	lie ti=20 masque 0x2200000 aucun composant · paquet vue C : kind non porte · DERNIER RECORD AVANT UN REJET
18	1110	DELTA gen 1	lie ti=20 masque 0x2200000 aucun composant · paquet vue C : kind non porte · DERNIER RECORD AVANT UN REJET
18	1114	DELTA gen 1	lie ti=20 masque 0x2200000 aucun composant · paquet vue C : kind non porte · DERNIER RECORD AVANT UN REJET
18	1116	DELTA gen 1	lie ti=20 masque 0x2200000 aucun composant · paquet vue C : kind non porte · DERNIER RECORD AVANT UN REJET
18	1118	DELTA gen 1	lie ti=20 masque 0x2200000 aucun composant · paquet vue C : kind non porte · DERNIER RECORD AVANT UN REJET
18	1138	DELTA gen 1	lie ti=20 masque 0x2200000 aucun composant · paquet vue C : kind non porte · DERNIER RECORD AVANT UN REJET
18	1140	DELTA gen 1	lie ti=20 masque 0x2200000 aucun composant · paquet vue C : kind non porte · DERNIER RECORD AVANT UN REJET
18	1142	DELTA gen 1	lie ti=20 masque 0x2200000 aucun composant · paquet vue C : kind non porte · DERNIER RECORD AVANT UN REJET
18	1146	DELTA gen 1	lie ti=20 masque 0x2200000 aucun composant · paquet vue C : kind non porte · DERNIER RECORD AVANT UN REJET
18	1148	DELTA gen 1	lie ti=20 masque 0x2200000 aucun composant · paquet vue C : kind non porte · DERNIER RECORD AVANT UN REJET
18	1150	DELTA gen 1	lie ti=20 masque 0x2200000 aucun composant · paquet vue C : kind non porte · DERNIER RECORD AVANT UN REJET
18	1152	DELTA gen 1	lie ti=20 masque 0x2200000 aucun composant · paquet vue C : kind non porte · DERNIER RECORD AVANT UN REJET
18	1154	DELTA gen 1	lie ti=20 masque 0x2200000 aucun composant · paquet vue C : kind non porte · DERNIER RECORD AVANT UN REJET
18	1156	DELTA gen 1	lie ti=20 masque 0x2200000 aucun composant · paquet hors cadre
18	1172	DELTA gen 1	lie ti=20 masque 0x2200000 aucun composant · paquet hors cadre
18	1174	DELTA gen 1	lie ti=20 masque 0x2200000 aucun composant · paquet vue C : kind non porte · DERNIER RECORD AVANT UN REJET
18	1176	DELTA gen 1	lie ti=20 masque 0x2200000 aucun composant · paquet vue C : kind non porte · DERNIER RECORD AVANT UN REJET
18	1178	DELTA gen 1	lie ti=20 masque 0x2200000 aucun composant · paquet vue C : kind non porte · DERNIER RECORD AVANT UN REJET
18	1180	DELTA gen 1	lie ti=20 masque 0x2200000 aucun composant · paquet vue C : kind non porte · DERNIER RECORD AVANT UN REJET
18	1182	DELTA gen 1	lie ti=20 masque 0x2200000 aucun composant · paquet vue C : kind non porte · DERNIER RECORD AVANT UN REJET
18	1184	DELTA gen 1	lie ti=20 masque 0x2200000 aucun composant · paquet vue C : kind non porte · DERNIER RECORD AVANT UN REJET
18	1186	DELTA gen 1	lie ti=20 masque 0x2200000 aucun composant · paquet hors cadre
18	1190	DELTA gen 1	lie ti=20 masque 0x2200000 aucun composant · paquet vue C : kind non porte
18	1192	DELTA gen 1	lie ti=20 masque 0x2200000 aucun composant · paquet hors cadre · DERNIER RECORD AVANT UN REJET
18	1194	DELTA gen 1	lie ti=20 masque 0x2200000 aucun composant · paquet hors cadre · DERNIER RECORD AVANT UN REJET
18	1196	DELTA gen 1	lie ti=20 masque 0x2200000 aucun composant · paquet hors cadre · DERNIER RECORD AVANT UN REJET
18	1198	DELTA gen 1	lie ti=20 masque 0x2200000 aucun composant · paquet hors cadre · DERNIER RECORD AVANT UN REJET
18	1200	DELTA gen 1	lie ti=20 masque 0x2200000 aucun composant · paquet vue C : bloc 0xbc non porte · DERNIER RECORD AVANT UN REJET
18	1202	DELTA gen 1	lie ti=20 masque 0x2200000 aucun composant · paquet vue C : kind non porte · DERNIER RECORD AVANT UN REJET
18	1204	DELTA gen 1	lie ti=20 masque 0x2200000 aucun composant · paquet vue C : kind non porte · DERNIER RECORD AVANT UN REJET
19	1	image-cle voisin	slot 607 ti=35 tete=1 bit 238357 (suivant 241038)
19	1	image-cle voisin	slot 608 ti=35 tete=1 bit 241038 (suivant 243714)
19	1	image-cle voisin	slot 609 ti=35 tete=1 bit 243714 (suivant 246381)
19	1	image-cle	ti=35 tete=1
19	1	image-cle voisin	slot 610 ti=35 tete=1 bit 246381 (suivant 249155)
19	1	image-cle voisin	slot 611 ti=35 tete=1 bit 249155 (suivant 251838)
19	1	image-cle voisin	slot 612 ti=35 tete=1 bit 251838 (suivant 253992)
19	1	image-cle voisin	slot 613 ti=35 tete=1 bit 253992 (suivant 273324)
19	-1	bloc de type 1	gen 1 vivante true pont resolu ti=35
19	6	DELTA gen 1	lie ti=35 masque 0x2200000 i21(25)+i25(10) · paquet ferme
19	8	DELTA gen 1	lie ti=35 masque 0x2200000 i21(25)+i25(10) · paquet ferme
19	10	DELTA gen 1	lie ti=35 masque 0x2200000 i21(25)+i25(10) · paquet ferme
19	12	DELTA gen 1	lie ti=35 masque 0x2200000 i21(25)+i25(10) · paquet ferme
19	14	DELTA gen 1	lie ti=35 masque 0x2200000 i21(25)+i25(10) · paquet ferme
19	16	DELTA gen 1	lie ti=35 masque 0x2200000 i21(25)+i25(10) · paquet ferme
19	24	DELTA gen 1	lie ti=35 masque 0x2200000 i21(25)+i25(10) · paquet hors cadre
19	28	DELTA gen 1	lie ti=35 masque 0x2200000 i21(25)+i25(10) · paquet hors cadre
19	32	DELTA gen 1	lie ti=35 masque 0x2200000 i21(25)+i25(10) · paquet hors cadre
19	34	DELTA gen 1	lie ti=35 masque 0x2200000 i21(25)+i25(10) · paquet hors cadre
19	38	DELTA gen 1	lie ti=35 masque 0x2200000 i21(25)+i25(10) · paquet hors cadre
19	40	DELTA gen 1	lie ti=35 masque 0x2200000 i21(25)+i25(10) · paquet hors cadre
19	42	DELTA gen 1	lie ti=35 masque 0x2200000 i21(25)+i25(10) · paquet hors cadre
19	46	DELTA gen 1	lie ti=35 masque 0x2200000 i21(25)+i25(10) · paquet hors cadre
19	48	DELTA gen 1	lie ti=35 masque 0x2200000 i21(25)+i25(10) · paquet hors cadre
19	52	DELTA gen 1	lie ti=35 masque 0x2200000 i21(25)+i25(10) · paquet hors cadre
19	54	DELTA gen 1	lie ti=35 masque 0x2200000 i21(25)+i25(10) · paquet hors cadre
19	56	DELTA gen 1	lie ti=35 masque 0x2200000 i21(25)+i25(10) · paquet hors cadre
19	60	DELTA gen 1	lie ti=35 masque 0x2200000 i21(25)+i25(10) · paquet hors cadre
19	62	DELTA gen 1	lie ti=35 masque 0x2200000 i21(25)+i25(10) · paquet hors cadre
19	64	DELTA gen 1	lie ti=35 masque 0x2200000 i21(25)+i25(10) · paquet hors cadre
19	66	DELTA gen 1	lie ti=35 masque 0x2200000 i21(25)+i25(10) · paquet hors cadre
19	68	DELTA gen 1	lie ti=35 masque 0x2200000 i21(25)+i25(10) · paquet hors cadre
19	72	DELTA gen 1	lie ti=35 masque 0x2200000 i21(25)+i25(10) · paquet hors cadre
19	74	DELTA gen 1	lie ti=35 masque 0x2200000 i21(25)+i25(10) · paquet hors cadre
19	76	DELTA gen 1	lie ti=35 masque 0x2200000 i21(25)+i25(10) · paquet hors cadre
19	78	DELTA gen 1	lie ti=35 masque 0x2200000 i21(25)+i25(10) · paquet hors cadre
19	80	DELTA gen 1	lie ti=35 masque 0x2200000 i21(25)+i25(10) · paquet hors cadre
19	82	DELTA gen 1	lie ti=35 masque 0x2200000 i21(25)+i25(10) · paquet hors cadre
19	84	DELTA gen 1	lie ti=35 masque 0x2200000 i21(25)+i25(10) · paquet hors cadre
19	86	DELTA gen 1	lie ti=35 masque 0x2200000 i21(25)+i25(10) · paquet hors cadre
19	88	DELTA gen 1	lie ti=35 masque 0x2200000 i21(25)+i25(10) · paquet hors cadre
19	90	DELTA gen 1	lie ti=35 masque 0x2200000 i21(25)+i25(10) · paquet hors cadre
19	92	DELTA gen 1	lie ti=35 masque 0x2200000 i21(25)+i25(10) · paquet hors cadre
19	96	DELTA gen 1	lie ti=35 masque 0x2200000 i21(25)+i25(10) · paquet hors cadre
19	98	DELTA gen 1	lie ti=35 masque 0x2200000 i21(25)+i25(10) · paquet hors cadre
19	100	DELTA gen 1	lie ti=35 masque 0x2200000 i21(25)+i25(10) · paquet hors cadre
19	102	DELTA gen 1	lie ti=35 masque 0x2200000 i21(25)+i25(10) · paquet hors cadre
19	106	DELTA gen 1	lie ti=35 masque 0x2200000 i21(25)+i25(10) · paquet hors cadre
19	108	DELTA gen 1	lie ti=35 masque 0x2200000 i21(25)+i25(10) · paquet hors cadre
19	110	DELTA gen 1	lie ti=35 masque 0x2200000 i21(25)+i25(10) · paquet hors cadre
19	114	DELTA gen 1	lie ti=35 masque 0x2200000 i21(25)+i25(10) · paquet hors cadre
19	116	DELTA gen 1	lie ti=35 masque 0x2200000 i21(25)+i25(10) · paquet hors cadre
19	142	DELTA gen 1	lie ti=35 masque 0x2200000 i21(25)+i25(10) · paquet hors cadre
19	144	DELTA gen 1	lie ti=35 masque 0x2200000 i21(25)+i25(10) · paquet hors cadre
19	146	DELTA gen 1	lie ti=35 masque 0x2200000 i21(25)+i25(10) · paquet hors cadre
19	148	DELTA gen 1	lie ti=35 masque 0x2200000 i21(25)+i25(10) · paquet hors cadre
19	150	DELTA gen 1	lie ti=35 masque 0x2200000 i21(25)+i25(10) · paquet hors cadre
19	152	DELTA gen 1	lie ti=35 masque 0x2200000 i21(25)+i25(10) · paquet hors cadre
19	154	DELTA gen 1	lie ti=35 masque 0x2200000 i21(25)+i25(10) · paquet hors cadre
19	156	DELTA gen 1	lie ti=35 masque 0x2200000 i21(25)+i25(10) · paquet hors cadre
19	158	DELTA gen 1	lie ti=35 masque 0x2200000 i21(25)+i25(10) · paquet hors cadre
19	160	DELTA gen 1	lie ti=35 masque 0x2200000 i21(25)+i25(10) · paquet hors cadre
19	164	DELTA gen 1	lie ti=35 masque 0x2200000 i21(25)+i25(10) · paquet hors cadre
19	166	DELTA gen 1	lie ti=35 masque 0x2200000 i21(25)+i25(10) · paquet hors cadre
19	170	DELTA gen 1	lie ti=35 masque 0x2200000 i21(25)+i25(10) · paquet hors cadre
19	172	DELTA gen 1	lie ti=35 masque 0x2200000 i21(25)+i25(10) · paquet hors cadre
19	174	DELTA gen 1	lie ti=35 masque 0x2200000 i21(25)+i25(10) · paquet hors cadre
19	176	DELTA gen 1	lie ti=35 masque 0x2200000 i21(25)+i25(10) · paquet hors cadre
19	178	DELTA gen 1	lie ti=35 masque 0x2200000 i21(25)+i25(10) · paquet hors cadre
19	180	DELTA gen 1	lie ti=35 masque 0x2200000 i21(25)+i25(10) · paquet hors cadre
19	182	DELTA gen 1	lie ti=35 masque 0x2200000 i21(25)+i25(10) · paquet hors cadre
19	184	DELTA gen 1	lie ti=35 masque 0x2200000 i21(25)+i25(10) · paquet hors cadre
19	186	DELTA gen 1	lie ti=35 masque 0x2200000 i21(25)+i25(10) · paquet hors cadre
19	190	DELTA gen 1	lie ti=35 masque 0x2200000 i21(25)+i25(10) · paquet hors cadre
19	192	DELTA gen 1	lie ti=35 masque 0x2200000 i21(25)+i25(10) · paquet hors cadre
19	194	DELTA gen 1	lie ti=35 masque 0x2200000 i21(25)+i25(10) · paquet hors cadre
19	196	DELTA gen 1	lie ti=35 masque 0x2200000 i21(25)+i25(10) · paquet hors cadre
19	198	DELTA gen 1	lie ti=35 masque 0x2200000 i21(25)+i25(10) · paquet hors cadre
19	202	DELTA gen 1	lie ti=35 masque 0x2200000 i21(25)+i25(10) · paquet hors cadre
19	206	DELTA gen 1	lie ti=35 masque 0x2200000 i21(25)+i25(10) · paquet hors cadre
19	208	DELTA gen 1	lie ti=35 masque 0x2200000 i21(25)+i25(10) · paquet hors cadre
19	210	DELTA gen 1	lie ti=35 masque 0x2200000 i21(25)+i25(10) · paquet hors cadre
19	212	DELTA gen 1	lie ti=35 masque 0x2200000 i21(25)+i25(10) · paquet hors cadre
19	214	DELTA gen 1	lie ti=35 masque 0x2200000 i21(25)+i25(10) · paquet hors cadre
19	218	DELTA gen 1	lie ti=35 masque 0x2200000 i21(25)+i25(10) · paquet hors cadre
19	220	DELTA gen 1	lie ti=35 masque 0x2200000 i21(25)+i25(10) · paquet hors cadre
19	222	DELTA gen 1	lie ti=35 masque 0x2200000 i21(25)+i25(10) · paquet hors cadre
19	236	DELTA gen 1	lie ti=35 masque 0x2200000 i21(25)+i25(10) · paquet hors cadre
19	240	DELTA gen 1	lie ti=35 masque 0x2200000 i21(25)+i25(10) · paquet hors cadre
19	248	DELTA gen 1	lie ti=35 masque 0x2200000 i21(25)+i25(10) · paquet hors cadre
19	250	DELTA gen 1	lie ti=35 masque 0x2200000 i21(25)+i25(10) · paquet hors cadre
19	256	DELTA gen 1	lie ti=35 masque 0x2200000 i21(25)+i25(10) · paquet hors cadre
19	258	DELTA gen 1	lie ti=35 masque 0x2200000 i21(25)+i25(10) · paquet hors cadre
19	260	DELTA gen 1	lie ti=35 masque 0x2200000 i21(25)+i25(10) · paquet hors cadre
19	264	DELTA gen 1	lie ti=35 masque 0x2200020 i5(29)+i21(25)+i25(10) · paquet hors cadre
19	266	DELTA gen 1	lie ti=35 masque 0x20 i5(29) · paquet hors cadre
19	270	DELTA gen 1	lie ti=35 masque 0x2200020 i5(29)+i21(25)+i25(10) · paquet hors cadre
19	272	DELTA gen 1	lie ti=35 masque 0x20 i5(29) · paquet hors cadre
19	274	DELTA gen 1	lie ti=35 masque 0x20 i5(29) · paquet hors cadre
19	276	DELTA gen 1	lie ti=35 masque 0x20 i5(29) · paquet hors cadre
19	278	DELTA gen 1	lie ti=35 masque 0x20 i5(29) · paquet hors cadre
19	280	DELTA gen 1	lie ti=35 masque 0x20 i5(29) · paquet hors cadre
19	284	DELTA gen 1	lie ti=35 masque 0x2000023 i0(54)+i1(31)+i5(29)+i25(10) · paquet hors cadre
19	286	DELTA gen 1	lie ti=35 masque 0x2000023 i0(54)+i1(31)+i5(29)+i25(10) · paquet hors cadre
19	288	DELTA gen 1	lie ti=35 masque 0x200002b i0(54)+i1(31)+i3(1)+i5(29)+i25(10) · paquet hors cadre
19	290	DELTA gen 1	lie ti=35 masque 0x2000023 i0(54)+i1(31)+i5(29)+i25(10) · paquet hors cadre
19	292	DELTA gen 1	lie ti=35 masque 0x2000023 i0(54)+i1(31)+i5(29)+i25(10) · paquet hors cadre
19	294	DELTA gen 1	lie ti=35 masque 0x2000023 i0(54)+i1(31)+i5(29)+i25(10) · paquet hors cadre
19	296	DELTA gen 1	lie ti=35 masque 0x2000023 i0(54)+i1(31)+i5(29)+i25(10) · paquet hors cadre
19	302	DELTA gen 1	lie ti=35 masque 0x2000023 i0(54)+i1(31)+i5(29)+i25(10) · paquet hors cadre
19	306	DELTA gen 1	lie ti=35 masque 0x2000021 i0(54)+i5(29)+i25(10) · paquet hors cadre
19	310	DELTA gen 1	lie ti=35 masque 0x2000023 i0(54)+i1(31)+i5(29)+i25(10) · paquet hors cadre
19	312	DELTA gen 1	lie ti=35 masque 0x2000023 i0(54)+i1(31)+i5(29)+i25(10) · paquet hors cadre
19	316	DELTA gen 1	lie ti=35 masque 0x2000021 i0(54)+i5(29)+i25(10) · paquet hors cadre
19	320	DELTA gen 1	lie ti=35 masque 0x2200023 i0(54)+i1(31)+i5(29)+i21(25)+i25(10) · paquet hors cadre
19	322	DELTA gen 1	lie ti=35 masque 0x2200023 i0(54)+i1(31)+i5(29)+i21(25)+i25(10) · paquet hors cadre
19	326	DELTA gen 1	lie ti=35 masque 0x2200023 i0(54)+i1(31)+i5(29)+i21(25)+i25(10) · paquet hors cadre
19	328	DELTA gen 1	lie ti=35 masque 0x2200023 i0(54)+i1(31)+i5(29)+i21(25)+i25(10) · paquet hors cadre
19	330	DELTA gen 1	lie ti=35 masque 0x2200023 i0(54)+i1(31)+i5(29)+i21(25)+i25(10) · paquet hors cadre
19	334	DELTA gen 1	lie ti=35 masque 0x2200023 i0(54)+i1(31)+i5(29)+i21(25)+i25(10) · paquet hors cadre
19	336	DELTA gen 1	lie ti=35 masque 0x2200023 i0(54)+i1(31)+i5(29)+i21(25)+i25(10) · paquet hors cadre
19	338	DELTA gen 1	lie ti=35 masque 0x2200023 i0(54)+i1(31)+i5(29)+i21(25)+i25(10) · paquet hors cadre
19	340	DELTA gen 1	lie ti=35 masque 0x2200023 i0(54)+i1(31)+i5(29)+i21(25)+i25(10) · paquet hors cadre
19	342	DELTA gen 1	lie ti=35 masque 0x2000023 i0(54)+i1(31)+i5(29)+i25(10) · paquet hors cadre
19	344	DELTA gen 1	lie ti=35 masque 0x2200023 i0(54)+i1(31)+i5(29)+i21(25)+i25(10) · paquet hors cadre
19	346	DELTA gen 1	lie ti=35 masque 0x2000023 i0(54)+i1(31)+i5(29)+i25(10) · paquet hors cadre
19	350	DELTA gen 1	lie ti=35 masque 0x2000021 i0(54)+i5(29)+i25(10) · paquet hors cadre
19	352	DELTA gen 1	lie ti=35 masque 0x2000021 i0(54)+i5(29)+i25(10) · paquet hors cadre
19	354	DELTA gen 1	lie ti=35 masque 0x2000023 i0(54)+i1(31)+i5(29)+i25(10) · paquet hors cadre
19	356	DELTA gen 1	lie ti=35 masque 0x2000023 i0(54)+i1(31)+i5(29)+i25(10) · paquet hors cadre
19	358	DELTA gen 1	lie ti=35 masque 0x2000023 i0(54)+i1(31)+i5(29)+i25(10) · paquet hors cadre
19	362	DELTA gen 1	lie ti=35 masque 0x2200023 i0(54)+i1(31)+i5(29)+i21(25)+i25(10) · paquet hors cadre
19	366	DELTA gen 1	lie ti=35 masque 0x2200023 i0(54)+i1(31)+i5(29)+i21(25)+i25(10) · paquet hors cadre
19	368	DELTA gen 1	lie ti=35 masque 0x2200023 i0(54)+i1(31)+i5(29)+i21(25)+i25(10) · paquet hors cadre
19	370	DELTA gen 1	lie ti=35 masque 0x2200023 i0(54)+i1(31)+i5(29)+i21(25)+i25(10) · paquet hors cadre
19	374	DELTA gen 1	lie ti=35 masque 0x2000021 i0(54)+i5(29)+i25(10) · paquet hors cadre
19	376	DELTA gen 1	lie ti=35 masque 0x2000021 i0(54)+i5(29)+i25(10) · paquet hors cadre
19	378	DELTA gen 1	lie ti=35 masque 0x2200023 i0(54)+i1(31)+i5(29)+i21(25)+i25(10) · paquet hors cadre
19	380	DELTA gen 1	lie ti=35 masque 0x2000021 i0(54)+i5(29)+i25(10) · paquet hors cadre
19	386	DELTA gen 1	lie ti=35 masque 0x2000023 i0(54)+i1(31)+i5(29)+i25(10) · paquet hors cadre
19	392	DELTA gen 1	lie ti=35 masque 0x2200023 i0(54)+i1(31)+i5(29)+i21(25)+i25(10) · paquet hors cadre
19	396	DELTA gen 1	lie ti=35 masque 0x2200023 i0(54)+i1(31)+i5(29)+i21(25)+i25(10) · paquet hors cadre
19	398	DELTA gen 1	lie ti=35 masque 0x2200023 i0(54)+i1(31)+i5(29)+i21(25)+i25(10) · paquet hors cadre
19	400	DELTA gen 1	lie ti=35 masque 0x2200023 i0(54)+i1(31)+i5(29)+i21(25)+i25(10) · paquet hors cadre
19	402	DELTA gen 1	lie ti=35 masque 0x2200023 i0(54)+i1(31)+i5(29)+i21(25)+i25(10) · paquet hors cadre
19	406	DELTA gen 1	lie ti=35 masque 0x2000023 i0(54)+i1(31)+i5(29)+i25(10) · paquet hors cadre
19	408	DELTA gen 1	lie ti=35 masque 0x2200023 i0(54)+i1(31)+i5(29)+i21(25)+i25(10) · paquet hors cadre
19	410	DELTA gen 1	lie ti=35 masque 0x2200023 i0(54)+i1(31)+i5(29)+i21(25)+i25(10) · paquet hors cadre
19	412	DELTA gen 1	lie ti=35 masque 0x2200023 i0(54)+i1(31)+i5(29)+i21(25)+i25(10) · paquet hors cadre
19	414	DELTA gen 1	lie ti=35 masque 0xa00000012200023 i0(54)+i1(31)+i5(29)+i21(25)+i25(10)+i28(35)+i57(2)+i59(5) · paquet hors cadre
19	416	DELTA gen 1	lie ti=35 masque 0x2200023 i0(54)+i1(31)+i5(29)+i21(25)+i25(10) · paquet hors cadre
19	418	DELTA gen 1	lie ti=35 masque 0x2200023 i0(54)+i1(31)+i5(29)+i21(25)+i25(10) · paquet hors cadre
19	422	DELTA gen 1	lie ti=35 masque 0x2200023 i0(54)+i1(31)+i5(29)+i21(25)+i25(10) · paquet hors cadre
19	424	DELTA gen 1	lie ti=35 masque 0x2200023 i0(54)+i1(31)+i5(29)+i21(25)+i25(10) · paquet hors cadre
19	426	DELTA gen 1	lie ti=35 masque 0x2200023 i0(54)+i1(31)+i5(29)+i21(25)+i25(10) · paquet hors cadre
19	428	DELTA gen 1	lie ti=35 masque 0x2200023 i0(54)+i1(31)+i5(29)+i21(25)+i25(10) · paquet hors cadre
19	430	DELTA gen 1	lie ti=35 masque 0x2200023 i0(54)+i1(31)+i5(29)+i21(25)+i25(10) · paquet hors cadre
19	432	DELTA gen 1	lie ti=35 masque 0x2200023 i0(54)+i1(31)+i5(29)+i21(25)+i25(10) · paquet hors cadre
19	436	DELTA gen 1	lie ti=35 masque 0x2200023 i0(54)+i1(31)+i5(29)+i21(25)+i25(10) · paquet hors cadre
19	440	DELTA gen 1	lie ti=35 masque 0x2200023 i0(54)+i1(31)+i5(29)+i21(25)+i25(10) · paquet hors cadre
19	442	DELTA gen 1	lie ti=35 masque 0x2000023 i0(54)+i1(31)+i5(29)+i25(10) · paquet hors cadre
19	444	DELTA gen 1	lie ti=35 masque 0x2000023 i0(54)+i1(31)+i5(29)+i25(10) · paquet hors cadre
19	446	DELTA gen 1	lie ti=35 masque 0x2000023 i0(54)+i1(31)+i5(29)+i25(10) · paquet hors cadre
19	448	DELTA gen 1	lie ti=35 masque 0x2200023 i0(54)+i1(31)+i5(29)+i21(25)+i25(10) · paquet hors cadre
19	452	DELTA gen 1	lie ti=35 masque 0x2000023 i0(54)+i1(31)+i5(29)+i25(10) · paquet hors cadre
19	456	DELTA gen 1	lie ti=35 masque 0x2000023 i0(54)+i1(31)+i5(29)+i25(10) · paquet hors cadre
19	458	DELTA gen 1	lie ti=35 masque 0x2000023 i0(54)+i1(31)+i5(29)+i25(10) · paquet hors cadre
19	460	DELTA gen 1	lie ti=35 masque 0x2200023 i0(54)+i1(31)+i5(29)+i21(25)+i25(10) · paquet hors cadre
19	462	DELTA gen 1	lie ti=35 masque 0x2200023 i0(54)+i1(31)+i5(29)+i21(25)+i25(10) · paquet hors cadre
19	466	DELTA gen 1	lie ti=35 masque 0x2200023 i0(54)+i1(31)+i5(29)+i21(25)+i25(10) · paquet hors cadre
19	468	DELTA gen 1	lie ti=35 masque 0x2200023 i0(54)+i1(31)+i5(29)+i21(25)+i25(10) · paquet hors cadre
19	470	DELTA gen 1	lie ti=35 masque 0x2200023 i0(54)+i1(31)+i5(29)+i21(25)+i25(10) · paquet hors cadre
19	472	DELTA gen 1	lie ti=35 masque 0x2200023 i0(54)+i1(31)+i5(29)+i21(25)+i25(10) · paquet hors cadre
19	476	DELTA gen 1	lie ti=35 masque 0x20 i5(29) · paquet hors cadre
19	478	DELTA gen 1	lie ti=35 masque 0x2200020 i5(29)+i21(25)+i25(10) · paquet hors cadre
19	484	DELTA gen 1	lie ti=35 masque 0x2200020 i5(29)+i21(25)+i25(10) · paquet hors cadre
19	486	DELTA gen 1	lie ti=35 masque 0x2200020 i5(29)+i21(25)+i25(10) · paquet hors cadre
19	488	DELTA gen 1	lie ti=35 masque 0x2200020 i5(29)+i21(25)+i25(10) · paquet hors cadre
19	490	DELTA gen 1	lie ti=35 masque 0x2200020 i5(29)+i21(25)+i25(10) · paquet hors cadre
19	492	DELTA gen 1	lie ti=35 masque 0x2200020 i5(29)+i21(25)+i25(10) · paquet hors cadre
19	496	DELTA gen 1	lie ti=35 masque 0x2200020 i5(29)+i21(25)+i25(10) · paquet hors cadre
19	498	DELTA gen 1	lie ti=35 masque 0x2200020 i5(29)+i21(25)+i25(10) · paquet hors cadre
19	500	DELTA gen 1	lie ti=35 masque 0x2200020 i5(29)+i21(25)+i25(10) · paquet hors cadre
19	502	DELTA gen 1	lie ti=35 masque 0x2200020 i5(29)+i21(25)+i25(10) · paquet hors cadre
19	504	DELTA gen 1	lie ti=35 masque 0x2200020 i5(29)+i21(25)+i25(10) · paquet hors cadre
19	506	DELTA gen 1	lie ti=35 masque 0x2200020 i5(29)+i21(25)+i25(10) · paquet hors cadre
19	508	DELTA gen 1	lie ti=35 masque 0x2200020 i5(29)+i21(25)+i25(10) · paquet hors cadre
19	512	DELTA gen 1	lie ti=35 masque 0x2200020 i5(29)+i21(25)+i25(10) · paquet hors cadre
19	516	DELTA gen 1	lie ti=35 masque 0x2200020 i5(29)+i21(25)+i25(10) · paquet hors cadre
19	522	DELTA gen 1	lie ti=35 masque 0x2200020 i5(29)+i21(25)+i25(10) · paquet hors cadre
19	524	DELTA gen 1	lie ti=35 masque 0x2200020 i5(29)+i21(25)+i25(10) · paquet hors cadre
19	526	DELTA gen 1	lie ti=35 masque 0x2200020 i5(29)+i21(25)+i25(10) · paquet hors cadre
19	528	DELTA gen 1	lie ti=35 masque 0x2200020 i5(29)+i21(25)+i25(10) · paquet hors cadre
19	530	DELTA gen 1	lie ti=35 masque 0x2200020 i5(29)+i21(25)+i25(10) · paquet hors cadre
19	532	DELTA gen 1	lie ti=35 masque 0x2200020 i5(29)+i21(25)+i25(10) · paquet hors cadre
19	536	DELTA gen 1	lie ti=35 masque 0x2200020 i5(29)+i21(25)+i25(10) · paquet hors cadre
19	540	DELTA gen 1	lie ti=35 masque 0x2200020 i5(29)+i21(25)+i25(10) · paquet hors cadre
19	542	DELTA gen 1	lie ti=35 masque 0x2200020 i5(29)+i21(25)+i25(10) · paquet hors cadre
19	544	DELTA gen 1	lie ti=35 masque 0x2200020 i5(29)+i21(25)+i25(10) · paquet hors cadre
19	546	DELTA gen 1	lie ti=35 masque 0x2200020 i5(29)+i21(25)+i25(10) · paquet hors cadre
19	548	DELTA gen 1	lie ti=35 masque 0x2200020 i5(29)+i21(25)+i25(10) · paquet hors cadre
19	550	DELTA gen 1	lie ti=35 masque 0x2200020 i5(29)+i21(25)+i25(10) · paquet hors cadre
19	552	DELTA gen 1	lie ti=35 masque 0x2200020 i5(29)+i21(25)+i25(10) · paquet hors cadre
19	554	DELTA gen 1	lie ti=35 masque 0x2200020 i5(29)+i21(25)+i25(10) · paquet hors cadre
19	558	DELTA gen 1	lie ti=35 masque 0x2200020 i5(29)+i21(25)+i25(10) · paquet hors cadre
19	562	DELTA gen 1	lie ti=35 masque 0x2200020 i5(29)+i21(25)+i25(10) · paquet hors cadre
19	564	DELTA gen 1	lie ti=35 masque 0x2200020 i5(29)+i21(25)+i25(10) · paquet hors cadre
19	566	DELTA gen 1	lie ti=35 masque 0x2200020 i5(29)+i21(25)+i25(10) · paquet hors cadre
19	568	DELTA gen 1	lie ti=35 masque 0x2200020 i5(29)+i21(25)+i25(10) · paquet hors cadre
19	570	DELTA gen 1	lie ti=35 masque 0x2200020 i5(29)+i21(25)+i25(10) · paquet hors cadre
19	572	DELTA gen 1	lie ti=35 masque 0x2200000 i21(25)+i25(10) · paquet hors cadre
19	574	DELTA gen 1	lie ti=35 masque 0x2200000 i21(25)+i25(10) · paquet hors cadre
19	576	DELTA gen 1	lie ti=35 masque 0x2200000 i21(25)+i25(10) · paquet hors cadre
19	580	DELTA gen 1	lie ti=35 masque 0x2200000 i21(25)+i25(10) · paquet hors cadre
19	586	DELTA gen 1	lie ti=35 masque 0x2200000 i21(25)+i25(10) · paquet hors cadre
19	588	DELTA gen 1	lie ti=35 masque 0x2200000 i21(25)+i25(10) · paquet hors cadre
19	590	DELTA gen 1	lie ti=35 masque 0x2200000 i21(25)+i25(10) · paquet hors cadre
19	592	DELTA gen 1	lie ti=35 masque 0x2200000 i21(25)+i25(10) · paquet hors cadre
19	596	DELTA gen 1	lie ti=35 masque 0x2200000 i21(25)+i25(10) · paquet hors cadre
19	600	DELTA gen 1	lie ti=35 masque 0x2200000 i21(25)+i25(10) · paquet hors cadre
19	602	DELTA gen 1	lie ti=35 masque 0x2200000 i21(25)+i25(10) · paquet hors cadre
19	608	DELTA gen 1	lie ti=35 masque 0x2200020 i5(29)+i21(25)+i25(10) · paquet hors cadre
19	610	DELTA gen 1	lie ti=35 masque 0x2200020 i5(29)+i21(25)+i25(10) · paquet hors cadre
19	614	DELTA gen 1	lie ti=35 masque 0x2200020 i5(29)+i21(25)+i25(10) · paquet hors cadre
19	616	DELTA gen 1	lie ti=35 masque 0x2200020 i5(29)+i21(25)+i25(10) · paquet hors cadre
19	618	DELTA gen 1	lie ti=35 masque 0x2200020 i5(29)+i21(25)+i25(10) · paquet hors cadre
19	620	DELTA gen 1	lie ti=35 masque 0x2200020 i5(29)+i21(25)+i25(10) · paquet hors cadre
19	622	DELTA gen 1	lie ti=35 masque 0x2200020 i5(29)+i21(25)+i25(10) · paquet hors cadre
19	624	DELTA gen 1	lie ti=35 masque 0x2200020 i5(29)+i21(25)+i25(10) · paquet hors cadre
19	626	DELTA gen 1	lie ti=35 masque 0x2200020 i5(29)+i21(25)+i25(10) · paquet hors cadre
19	630	DELTA gen 1	lie ti=35 masque 0x2200020 i5(29)+i21(25)+i25(10) · paquet hors cadre
19	634	DELTA gen 1	lie ti=35 masque 0x2200020 i5(29)+i21(25)+i25(10) · paquet hors cadre
19	636	DELTA gen 1	lie ti=35 masque 0x2200020 i5(29)+i21(25)+i25(10) · paquet hors cadre
19	638	DELTA gen 1	lie ti=35 masque 0x2200020 i5(29)+i21(25)+i25(10) · paquet hors cadre
19	640	DELTA gen 1	lie ti=35 masque 0x2200020 i5(29)+i21(25)+i25(10) · paquet hors cadre
19	644	DELTA gen 1	lie ti=35 masque 0x2200020 i5(29)+i21(25)+i25(10) · paquet hors cadre
19	646	DELTA gen 1	lie ti=35 masque 0x2200020 i5(29)+i21(25)+i25(10) · paquet hors cadre
19	648	DELTA gen 1	lie ti=35 masque 0x2200020 i5(29)+i21(25)+i25(10) · paquet hors cadre
19	650	DELTA gen 1	lie ti=35 masque 0x2200020 i5(29)+i21(25)+i25(10) · paquet hors cadre
19	652	DELTA gen 1	lie ti=35 masque 0x2200020 i5(29)+i21(25)+i25(10) · paquet hors cadre
19	654	DELTA gen 1	lie ti=35 masque 0x20 i5(29) · paquet hors cadre
19	656	DELTA gen 1	lie ti=35 masque 0x2200020 i5(29)+i21(25)+i25(10) · paquet hors cadre
19	660	DELTA gen 1	lie ti=35 masque 0x2200020 i5(29)+i21(25)+i25(10) · paquet hors cadre
19	666	DELTA gen 1	lie ti=35 masque 0x2200020 i5(29)+i21(25)+i25(10) · paquet hors cadre
19	668	DELTA gen 1	lie ti=35 masque 0x2200020 i5(29)+i21(25)+i25(10) · paquet hors cadre
19	670	DELTA gen 1	lie ti=35 masque 0x2200020 i5(29)+i21(25)+i25(10) · paquet hors cadre
19	674	DELTA gen 1	lie ti=35 masque 0x2200020 i5(29)+i21(25)+i25(10) · paquet hors cadre
19	676	DELTA gen 1	lie ti=35 masque 0x2200020 i5(29)+i21(25)+i25(10) · paquet hors cadre
19	678	DELTA gen 1	lie ti=35 masque 0x2200020 i5(29)+i21(25)+i25(10) · paquet hors cadre
19	682	DELTA gen 1	lie ti=35 masque 0x2200020 i5(29)+i21(25)+i25(10) · paquet hors cadre
19	684	DELTA gen 1	lie ti=35 masque 0x2200020 i5(29)+i21(25)+i25(10) · paquet hors cadre
19	690	DELTA gen 1	lie ti=35 masque 0x2200020 i5(29)+i21(25)+i25(10) · paquet hors cadre
19	692	DELTA gen 1	lie ti=35 masque 0x2200020 i5(29)+i21(25)+i25(10) · paquet hors cadre
19	694	DELTA gen 1	lie ti=35 masque 0x20 i5(29) · paquet hors cadre
19	698	DELTA gen 1	lie ti=35 masque 0x2200020 i5(29)+i21(25)+i25(10) · paquet hors cadre
19	700	DELTA gen 1	lie ti=35 masque 0x2200020 i5(29)+i21(25)+i25(10) · paquet hors cadre
19	706	DELTA gen 1	lie ti=35 masque 0x2200020 i5(29)+i21(25)+i25(10) · paquet hors cadre
19	708	DELTA gen 1	lie ti=35 masque 0x20 i5(29) · paquet hors cadre
19	712	DELTA gen 1	lie ti=35 masque 0x2200020 i5(29)+i21(25)+i25(10) · paquet hors cadre
19	714	DELTA gen 1	lie ti=35 masque 0x2200020 i5(29)+i21(25)+i25(10) · paquet hors cadre
19	718	DELTA gen 1	lie ti=35 masque 0x2200020 i5(29)+i21(25)+i25(10) · paquet hors cadre
19	720	DELTA gen 1	lie ti=35 masque 0x20 i5(29) · paquet hors cadre
19	722	DELTA gen 1	lie ti=35 masque 0x2200020 i5(29)+i21(25)+i25(10) · paquet hors cadre
19	726	DELTA gen 1	lie ti=35 masque 0x20 i5(29) · paquet hors cadre
19	730	DELTA gen 1	lie ti=35 masque 0x20 i5(29) · paquet hors cadre
19	732	DELTA gen 1	lie ti=35 masque 0x20 i5(29) · paquet hors cadre
19	734	DELTA gen 1	lie ti=35 masque 0x2200020 i5(29)+i21(25)+i25(10) · paquet hors cadre
19	738	DELTA gen 1	lie ti=35 masque 0x20 i5(29) · paquet hors cadre
19	742	DELTA gen 1	lie ti=35 masque 0x2200020 i5(29)+i21(25)+i25(10) · paquet hors cadre
19	744	DELTA gen 1	lie ti=35 masque 0x2200020 i5(29)+i21(25)+i25(10) · paquet hors cadre
19	746	DELTA gen 1	lie ti=35 masque 0x2200020 i5(29)+i21(25)+i25(10) · paquet hors cadre
19	748	DELTA gen 1	lie ti=35 masque 0x20 i5(29) · paquet hors cadre
19	750	DELTA gen 1	lie ti=35 masque 0x2200020 i5(29)+i21(25)+i25(10) · paquet hors cadre
19	756	DELTA gen 1	lie ti=35 masque 0x2200020 i5(29)+i21(25)+i25(10) · paquet hors cadre
19	758	DELTA gen 1	lie ti=35 masque 0x2200020 i5(29)+i21(25)+i25(10) · paquet hors cadre
19	760	DELTA gen 1	lie ti=35 masque 0x2200020 i5(29)+i21(25)+i25(10) · paquet hors cadre
19	762	DELTA gen 1	lie ti=35 masque 0x2200020 i5(29)+i21(25)+i25(10) · paquet hors cadre
19	764	DELTA gen 1	lie ti=35 masque 0x2200020 i5(29)+i21(25)+i25(10) · paquet hors cadre
19	766	DELTA gen 1	lie ti=35 masque 0x2200020 i5(29)+i21(25)+i25(10) · paquet hors cadre
19	768	DELTA gen 1	lie ti=35 masque 0x20 i5(29) · paquet hors cadre
19	770	DELTA gen 1	lie ti=35 masque 0x20 i5(29) · paquet hors cadre
19	774	DELTA gen 1	lie ti=35 masque 0x20 i5(29) · paquet hors cadre
19	776	DELTA gen 1	lie ti=35 masque 0x2200020 i5(29)+i21(25)+i25(10) · paquet hors cadre
19	778	DELTA gen 1	lie ti=35 masque 0x20 i5(29) · paquet hors cadre
19	782	DELTA gen 1	lie ti=35 masque 0x2200020 i5(29)+i21(25)+i25(10) · paquet hors cadre
19	786	DELTA gen 1	lie ti=35 masque 0x2200020 i5(29)+i21(25)+i25(10) · paquet hors cadre
19	788	DELTA gen 1	lie ti=35 masque 0x2200020 i5(29)+i21(25)+i25(10) · paquet hors cadre
19	790	DELTA gen 1	lie ti=35 masque 0x2200020 i5(29)+i21(25)+i25(10) · paquet hors cadre
19	792	DELTA gen 1	lie ti=35 masque 0x2200020 i5(29)+i21(25)+i25(10) · paquet hors cadre
19	794	DELTA gen 1	lie ti=35 masque 0x2200020 i5(29)+i21(25)+i25(10) · paquet hors cadre
19	798	DELTA gen 1	lie ti=35 masque 0x2200020 i5(29)+i21(25)+i25(10) · paquet hors cadre
19	802	DELTA gen 1	lie ti=35 masque 0x20 i5(29) · paquet hors cadre
19	804	DELTA gen 1	lie ti=35 masque 0x2200020 i5(29)+i21(25)+i25(10) · paquet hors cadre
19	806	DELTA gen 1	lie ti=35 masque 0x2200020 i5(29)+i21(25)+i25(10) · paquet hors cadre
19	808	DELTA gen 1	lie ti=35 masque 0x2200020 i5(29)+i21(25)+i25(10) · paquet hors cadre
19	816	DELTA gen 1	lie ti=35 masque 0x2200020 i5(29)+i21(25)+i25(10) · paquet hors cadre
19	820	DELTA gen 1	lie ti=35 masque 0x2200020 i5(29)+i21(25)+i25(10) · paquet hors cadre
19	822	DELTA gen 1	lie ti=35 masque 0x2200020 i5(29)+i21(25)+i25(10) · paquet hors cadre
19	824	DELTA gen 1	lie ti=35 masque 0x2200020 i5(29)+i21(25)+i25(10) · paquet hors cadre
19	828	DELTA gen 1	lie ti=35 masque 0x2200020 i5(29)+i21(25)+i25(10) · paquet hors cadre
19	832	DELTA gen 1	lie ti=35 masque 0x2200020 i5(29)+i21(25)+i25(10) · paquet hors cadre
19	834	DELTA gen 1	lie ti=35 masque 0x2200020 i5(29)+i21(25)+i25(10) · paquet hors cadre
19	836	DELTA gen 1	lie ti=35 masque 0x2200020 i5(29)+i21(25)+i25(10) · paquet hors cadre
19	838	DELTA gen 1	lie ti=35 masque 0x2200020 i5(29)+i21(25)+i25(10) · paquet hors cadre
19	842	DELTA gen 1	lie ti=35 masque 0x20 i5(29) · paquet hors cadre
19	844	DELTA gen 1	lie ti=35 masque 0x20 i5(29) · paquet hors cadre
19	846	DELTA gen 1	lie ti=35 masque 0x2200020 i5(29)+i21(25)+i25(10) · paquet hors cadre
19	848	DELTA gen 1	lie ti=35 masque 0x2200020 i5(29)+i21(25)+i25(10) · paquet hors cadre
19	852	DELTA gen 1	lie ti=35 masque 0x2000023 i0(54)+i1(31)+i5(29)+i25(10) · paquet hors cadre
19	854	DELTA gen 1	lie ti=35 masque 0x2000023 i0(54)+i1(31)+i5(29)+i25(10) · paquet hors cadre
19	858	DELTA gen 1	lie ti=35 masque 0x2200023 i0(54)+i1(31)+i5(29)+i21(25)+i25(10) · paquet hors cadre
19	860	DELTA gen 1	lie ti=35 masque 0x2200023 i0(54)+i1(31)+i5(29)+i21(25)+i25(10) · paquet hors cadre
19	862	DELTA gen 1	lie ti=35 masque 0x2200023 i0(54)+i1(31)+i5(29)+i21(25)+i25(10) · paquet hors cadre
19	864	DELTA gen 1	lie ti=35 masque 0x2000023 i0(54)+i1(31)+i5(29)+i25(10) · paquet hors cadre
19	866	DELTA gen 1	lie ti=35 masque 0x2200023 i0(54)+i1(31)+i5(29)+i21(25)+i25(10) · paquet hors cadre
19	868	DELTA gen 1	lie ti=35 masque 0x2200023 i0(54)+i1(31)+i5(29)+i21(25)+i25(10) · paquet hors cadre
19	874	DELTA gen 1	lie ti=35 masque 0xa02200023 i0(54)+i1(31)+i5(29)+i21(25)+i25(10)+i33(14)+i35(9) · paquet hors cadre
19	876	DELTA gen 1	lie ti=35 masque 0x802200023 i0(54)+i1(31)+i5(29)+i21(25)+i25(10)+i35(9) · paquet hors cadre
19	878	DELTA gen 1	lie ti=35 masque 0x802200023 i0(54)+i1(31)+i5(29)+i21(25)+i25(10)+i35(9) · paquet hors cadre
19	880	DELTA gen 1	lie ti=35 masque 0x802200023 i0(54)+i1(31)+i5(29)+i21(25)+i25(10)+i35(9) · paquet hors cadre
19	882	DELTA gen 1	lie ti=35 masque 0x802200023 i0(54)+i1(31)+i5(29)+i21(25)+i25(10)+i35(9) · paquet hors cadre
19	888	DELTA gen 1	lie ti=35 masque 0x802200023 i0(54)+i1(31)+i5(29)+i21(25)+i25(10)+i35(9) · paquet hors cadre
19	890	DELTA gen 1	lie ti=35 masque 0x802200023 i0(54)+i1(31)+i5(29)+i21(25)+i25(10)+i35(9) · paquet hors cadre
19	892	DELTA gen 1	lie ti=35 masque 0x802200023 i0(54)+i1(31)+i5(29)+i21(25)+i25(10)+i35(9) · paquet hors cadre
19	894	DELTA gen 1	lie ti=35 masque 0x802200023 i0(54)+i1(31)+i5(29)+i21(25)+i25(10)+i35(9) · paquet hors cadre
19	896	DELTA gen 1	lie ti=35 masque 0x802200023 i0(54)+i1(31)+i5(29)+i21(25)+i25(10)+i35(9) · paquet hors cadre
19	898	DELTA gen 1	lie ti=35 masque 0x802200023 i0(54)+i1(31)+i5(29)+i21(25)+i25(10)+i35(9) · paquet hors cadre
19	900	DELTA gen 1	lie ti=35 masque 0x802200023 i0(54)+i1(31)+i5(29)+i21(25)+i25(10)+i35(9) · paquet hors cadre
19	902	DELTA gen 1	lie ti=35 masque 0x802200023 i0(54)+i1(31)+i5(29)+i21(25)+i25(10)+i35(9) · paquet hors cadre
19	904	DELTA gen 1	lie ti=35 masque 0x802200023 i0(54)+i1(31)+i5(29)+i21(25)+i25(10)+i35(9) · paquet hors cadre
19	906	DELTA gen 1	lie ti=35 masque 0x802200023 i0(54)+i1(31)+i5(29)+i21(25)+i25(10)+i35(9) · paquet hors cadre
19	912	DELTA gen 1	lie ti=35 masque 0x802200023 i0(54)+i1(31)+i5(29)+i21(25)+i25(10)+i35(9) · paquet hors cadre
19	914	DELTA gen 1	lie ti=35 masque 0x802200023 i0(54)+i1(31)+i5(29)+i21(25)+i25(10)+i35(9) · paquet hors cadre
19	918	DELTA gen 1	lie ti=35 masque 0x802200020 i5(29)+i21(25)+i25(10)+i35(9) · paquet hors cadre
19	920	DELTA gen 1	lie ti=35 masque 0x802200020 i5(29)+i21(25)+i25(10)+i35(9) · paquet ferme
19	922	DELTA gen 1	lie ti=35 masque 0x2200020 i5(29)+i21(25)+i25(10) · paquet ferme
19	926	DELTA gen 1	lie ti=35 masque 0x2200020 i5(29)+i21(25)+i25(10) · paquet ferme
19	928	DELTA gen 1	lie ti=35 masque 0x2200020 i5(29)+i21(25)+i25(10) · paquet ferme
19	930	DELTA gen 1	lie ti=35 masque 0x2200020 i5(29)+i21(25)+i25(10) · paquet ferme
19	934	DELTA gen 1	lie ti=35 masque 0x2200020 i5(29)+i21(25)+i25(10) · paquet ferme
19	936	DELTA gen 1	lie ti=35 masque 0x2200020 i5(29)+i21(25)+i25(10) · paquet ferme
19	938	DELTA gen 1	lie ti=35 masque 0x2200020 i5(29)+i21(25)+i25(10) · paquet ferme
19	942	DELTA gen 1	lie ti=35 masque 0x2200020 i5(29)+i21(25)+i25(10) · paquet hors cadre
19	944	DELTA gen 1	lie ti=35 masque 0x20 i5(29) · paquet ferme
19	946	DELTA gen 1	lie ti=35 masque 0x20 i5(29) · paquet ferme
19	948	DELTA gen 1	lie ti=35 masque 0x2200020 i5(29)+i21(25)+i25(10) · paquet ferme
19	950	DELTA gen 1	lie ti=35 masque 0x2200020 i5(29)+i21(25)+i25(10) · paquet ferme
19	952	DELTA gen 1	lie ti=35 masque 0x2200020 i5(29)+i21(25)+i25(10) · paquet ferme
19	954	DELTA gen 1	lie ti=35 masque 0x2200020 i5(29)+i21(25)+i25(10) · paquet ferme
19	956	DELTA gen 1	lie ti=35 masque 0x2200020 i5(29)+i21(25)+i25(10) · paquet ferme
19	958	DELTA gen 1	lie ti=35 masque 0x2200020 i5(29)+i21(25)+i25(10) · paquet ferme
19	960	DELTA gen 1	lie ti=35 masque 0x2200020 i5(29)+i21(25)+i25(10) · paquet ferme
19	964	DELTA gen 1	lie ti=35 masque 0x2200020 i5(29)+i21(25)+i25(10) · paquet ferme
19	968	DELTA gen 1	lie ti=35 masque 0x2200020 i5(29)+i21(25)+i25(10) · paquet ferme
19	970	DELTA gen 1	lie ti=35 masque 0x2200020 i5(29)+i21(25)+i25(10) · paquet ferme
19	972	DELTA gen 1	lie ti=35 masque 0x2200020 i5(29)+i21(25)+i25(10) · paquet ferme
19	974	DELTA gen 1	lie ti=35 masque 0x2200020 i5(29)+i21(25)+i25(10) · paquet ferme
19	976	DELTA gen 1	lie ti=35 masque 0x2200020 i5(29)+i21(25)+i25(10) · paquet ferme
19	978	DELTA gen 1	lie ti=35 masque 0x2200020 i5(29)+i21(25)+i25(10) · paquet ferme
19	982	DELTA gen 1	lie ti=35 masque 0x2200020 i5(29)+i21(25)+i25(10) · paquet ferme
19	984	DELTA gen 1	lie ti=35 masque 0x2200020 i5(29)+i21(25)+i25(10) · paquet ferme
19	988	DELTA gen 1	lie ti=35 masque 0x2200020 i5(29)+i21(25)+i25(10) · paquet ferme
19	990	DELTA gen 1	lie ti=35 masque 0x2200020 i5(29)+i21(25)+i25(10) · paquet ferme
19	992	DELTA gen 1	lie ti=35 masque 0x2200020 i5(29)+i21(25)+i25(10) · paquet ferme
19	994	DELTA gen 1	lie ti=35 masque 0x2200020 i5(29)+i21(25)+i25(10) · paquet ferme
19	998	DELTA gen 1	lie ti=35 masque 0x20 i5(29) · paquet ferme
19	1000	DELTA gen 1	lie ti=35 masque 0x20 i5(29) · paquet ferme
19	1002	DELTA gen 1	lie ti=35 masque 0x20 i5(29) · paquet ferme
19	1004	DELTA gen 1	lie ti=35 masque 0x20 i5(29) · paquet ferme
19	1008	DELTA gen 1	lie ti=35 masque 0x2200020 i5(29)+i21(25)+i25(10) · paquet ferme
19	1010	DELTA gen 1	lie ti=35 masque 0x2200020 i5(29)+i21(25)+i25(10) · paquet ferme
19	1012	DELTA gen 1	lie ti=35 masque 0x2200020 i5(29)+i21(25)+i25(10) · paquet ferme
19	1014	DELTA gen 1	lie ti=35 masque 0x2200020 i5(29)+i21(25)+i25(10) · paquet ferme
19	1016	DELTA gen 1	lie ti=35 masque 0x20 i5(29) · paquet ferme
19	1018	DELTA gen 1	lie ti=35 masque 0x20 i5(29) · paquet ferme
19	1022	DELTA gen 1	lie ti=35 masque 0x20 i5(29) · paquet ferme
19	1024	DELTA gen 1	lie ti=35 masque 0x20 i5(29) · paquet ferme
19	1026	DELTA gen 1	lie ti=35 masque 0x20 i5(29) · paquet ferme
19	1028	DELTA gen 1	lie ti=35 masque 0x20 i5(29) · paquet ferme
19	1030	DELTA gen 1	lie ti=35 masque 0x20 i5(29) · paquet ferme
19	1032	DELTA gen 1	lie ti=35 masque 0x20 i5(29) · paquet ferme
19	1034	DELTA gen 1	lie ti=35 masque 0x20 i5(29) · paquet ferme
19	1036	DELTA gen 1	lie ti=35 masque 0x2200020 i5(29)+i21(25)+i25(10) · paquet ferme
19	1038	DELTA gen 1	lie ti=35 masque 0x2200020 i5(29)+i21(25)+i25(10) · paquet ferme
19	1040	DELTA gen 1	lie ti=35 masque 0x2200020 i5(29)+i21(25)+i25(10) · paquet ferme
19	1042	DELTA gen 1	lie ti=35 masque 0x2200020 i5(29)+i21(25)+i25(10) · paquet ferme
19	1050	DELTA gen 1	lie ti=35 masque 0x20 i5(29) · paquet hors cadre
19	1052	DELTA gen 1	lie ti=35 masque 0x20 i5(29) · paquet ferme
19	1054	DELTA gen 1	lie ti=35 masque 0x20 i5(29) · paquet ferme
19	1058	DELTA gen 1	lie ti=35 masque 0x20 i5(29) · paquet ferme
19	1060	DELTA gen 1	lie ti=35 masque 0x20 i5(29) · paquet ferme
19	1062	DELTA gen 1	lie ti=35 masque 0x2200020 i5(29)+i21(25)+i25(10) · paquet ferme
19	1064	DELTA gen 1	lie ti=35 masque 0x2200020 i5(29)+i21(25)+i25(10) · paquet ferme
19	1066	DELTA gen 1	lie ti=35 masque 0x2200020 i5(29)+i21(25)+i25(10) · paquet ferme
19	1070	DELTA gen 1	lie ti=35 masque 0x2200020 i5(29)+i21(25)+i25(10) · paquet ferme
19	1072	DELTA gen 1	lie ti=35 masque 0x2200020 i5(29)+i21(25)+i25(10) · paquet ferme
19	1074	DELTA gen 1	lie ti=35 masque 0x2200020 i5(29)+i21(25)+i25(10) · paquet ferme
19	1076	DELTA gen 1	lie ti=35 masque 0x2200020 i5(29)+i21(25)+i25(10) · paquet ferme
19	1078	DELTA gen 1	lie ti=35 masque 0x2200020 i5(29)+i21(25)+i25(10) · paquet ferme
19	1080	DELTA gen 1	lie ti=35 masque 0x20 i5(29) · paquet ferme
19	1082	DELTA gen 1	lie ti=35 masque 0x20 i5(29) · paquet ferme
19	1084	DELTA gen 1	lie ti=35 masque 0x2200020 i5(29)+i21(25)+i25(10) · paquet ferme
19	1086	DELTA gen 1	lie ti=35 masque 0x2200020 i5(29)+i21(25)+i25(10) · paquet ferme
19	1088	DELTA gen 1	lie ti=35 masque 0x2200020 i5(29)+i21(25)+i25(10) · paquet ferme
19	1090	DELTA gen 1	lie ti=35 masque 0x2200020 i5(29)+i21(25)+i25(10) · paquet ferme
19	1092	DELTA gen 1	lie ti=35 masque 0x2200020 i5(29)+i21(25)+i25(10) · paquet ferme
19	1094	DELTA gen 1	lie ti=35 masque 0x2200020 i5(29)+i21(25)+i25(10) · paquet ferme
19	1096	DELTA gen 1	lie ti=35 masque 0x20 i5(29) · paquet ferme
19	1098	DELTA gen 1	lie ti=35 masque 0x2200020 i5(29)+i21(25)+i25(10) · paquet ferme
19	1100	DELTA gen 1	lie ti=35 masque 0x2200020 i5(29)+i21(25)+i25(10) · paquet ferme
19	1102	DELTA gen 1	lie ti=35 masque 0x20 i5(29) · paquet ferme
19	1104	DELTA gen 1	lie ti=35 masque 0x2200020 i5(29)+i21(25)+i25(10) · paquet ferme
19	1106	DELTA gen 1	lie ti=35 masque 0x2200020 i5(29)+i21(25)+i25(10) · paquet ferme
19	1108	DELTA gen 1	lie ti=35 masque 0x2200020 i5(29)+i21(25)+i25(10) · paquet ferme
19	1112	DELTA gen 1	lie ti=35 masque 0x2200020 i5(29)+i21(25)+i25(10) · paquet ferme
19	1114	DELTA gen 1	lie ti=35 masque 0x2200020 i5(29)+i21(25)+i25(10) · paquet ferme
19	1116	DELTA gen 1	lie ti=35 masque 0x2200020 i5(29)+i21(25)+i25(10) · paquet ferme
19	1118	DELTA gen 1	lie ti=35 masque 0x2200020 i5(29)+i21(25)+i25(10) · paquet ferme
19	1120	DELTA gen 1	lie ti=35 masque 0x2200020 i5(29)+i21(25)+i25(10) · paquet ferme
19	1122	DELTA gen 1	lie ti=35 masque 0x2200020 i5(29)+i21(25)+i25(10) · paquet ferme
19	1124	DELTA gen 1	lie ti=35 masque 0x20 i5(29) · paquet ferme
19	1126	DELTA gen 1	lie ti=35 masque 0x2200020 i5(29)+i21(25)+i25(10) · paquet ferme
19	1130	DELTA gen 1	lie ti=35 masque 0x2200020 i5(29)+i21(25)+i25(10) · paquet hors cadre
19	1132	DELTA gen 1	lie ti=35 masque 0x2200020 i5(29)+i21(25)+i25(10) · paquet hors cadre
19	1134	DELTA gen 1	lie ti=35 masque 0x2200020 i5(29)+i21(25)+i25(10) · paquet hors cadre
19	1136	DELTA gen 1	lie ti=35 masque 0x2200020 i5(29)+i21(25)+i25(10) · paquet hors cadre
19	1140	DELTA gen 1	lie ti=35 masque 0x2200020 i5(29)+i21(25)+i25(10) · paquet hors cadre
19	1142	DELTA gen 1	lie ti=35 masque 0x2200020 i5(29)+i21(25)+i25(10) · paquet hors cadre
19	1144	DELTA gen 1	lie ti=35 masque 0x2200020 i5(29)+i21(25)+i25(10) · paquet hors cadre
19	1146	DELTA gen 1	lie ti=35 masque 0x2200020 i5(29)+i21(25)+i25(10) · paquet hors cadre
19	1148	DELTA gen 1	lie ti=35 masque 0x2200020 i5(29)+i21(25)+i25(10) · paquet hors cadre
19	1150	DELTA gen 1	lie ti=35 masque 0x2200020 i5(29)+i21(25)+i25(10) · paquet hors cadre
19	1152	DELTA gen 1	lie ti=35 masque 0x2200020 i5(29)+i21(25)+i25(10) · paquet hors cadre
19	1154	DELTA gen 1	lie ti=35 masque 0x2200020 i5(29)+i21(25)+i25(10) · paquet hors cadre
19	1156	DELTA gen 1	lie ti=35 masque 0x2200020 i5(29)+i21(25)+i25(10) · paquet hors cadre
19	1158	DELTA gen 1	lie ti=35 masque 0x2200020 i5(29)+i21(25)+i25(10) · paquet hors cadre
19	1160	DELTA gen 1	lie ti=35 masque 0x2200020 i5(29)+i21(25)+i25(10) · paquet hors cadre
19	1162	DELTA gen 1	lie ti=35 masque 0x2200020 i5(29)+i21(25)+i25(10) · paquet hors cadre
19	1164	DELTA gen 1	lie ti=35 masque 0x2200020 i5(29)+i21(25)+i25(10) · paquet hors cadre
19	1166	DELTA gen 1	lie ti=35 masque 0x2200020 i5(29)+i21(25)+i25(10) · paquet hors cadre
19	1168	DELTA gen 1	lie ti=35 masque 0x2200020 i5(29)+i21(25)+i25(10) · paquet hors cadre
19	1170	DELTA gen 1	lie ti=35 masque 0x2200020 i5(29)+i21(25)+i25(10) · paquet hors cadre
19	1174	DELTA gen 1	lie ti=35 masque 0x2200020 i5(29)+i21(25)+i25(10) · paquet ferme
19	1176	DELTA gen 1	lie ti=35 masque 0x2200020 i5(29)+i21(25)+i25(10) · paquet ferme
19	1178	DELTA gen 1	lie ti=35 masque 0x2200020 i5(29)+i21(25)+i25(10) · paquet ferme
19	1180	DELTA gen 1	lie ti=35 masque 0x2200020 i5(29)+i21(25)+i25(10) · paquet ferme
19	1184	DELTA gen 1	lie ti=35 masque 0x2200020 i5(29)+i21(25)+i25(10) · paquet hors cadre
19	1188	DELTA gen 1	lie ti=35 masque 0x2200020 i5(29)+i21(25)+i25(10) · paquet hors cadre
19	1192	DELTA gen 1	lie ti=35 masque 0x2200020 i5(29)+i21(25)+i25(10) · paquet hors cadre
19	1196	DELTA gen 1	lie ti=35 masque 0x2200020 i5(29)+i21(25)+i25(10) · paquet hors cadre
19	1198	DELTA gen 1	lie ti=35 masque 0x2200020 i5(29)+i21(25)+i25(10) · paquet hors cadre
19	1200	DELTA gen 1	lie ti=35 masque 0x2200020 i5(29)+i21(25)+i25(10) · paquet hors cadre
19	1202	DELTA gen 1	lie ti=35 masque 0x2200020 i5(29)+i21(25)+i25(10) · paquet hors cadre
19	1204	DELTA gen 1	lie ti=35 masque 0x2200020 i5(29)+i21(25)+i25(10) · paquet hors cadre
19	1206	DELTA gen 1	lie ti=35 masque 0x2200020 i5(29)+i21(25)+i25(10) · paquet hors cadre
19	1208	DELTA gen 1	lie ti=35 masque 0x20 i5(29) · paquet hors cadre
19	1210	DELTA gen 1	lie ti=35 masque 0x20 i5(29) · paquet ferme
19	1212	DELTA gen 1	lie ti=35 masque 0x2200020 i5(29)+i21(25)+i25(10) · paquet ferme
19	1214	DELTA gen 1	lie ti=35 masque 0x2200020 i5(29)+i21(25)+i25(10) · paquet ferme
19	1216	DELTA gen 1	lie ti=35 masque 0x2200020 i5(29)+i21(25)+i25(10) · paquet ferme
19	1218	DELTA gen 1	lie ti=35 masque 0x2200020 i5(29)+i21(25)+i25(10) · paquet ferme
19	1220	DELTA gen 1	lie ti=35 masque 0x20 i5(29) · paquet ferme
19	1222	DELTA gen 1	lie ti=35 masque 0x20 i5(29) · paquet ferme
19	1224	DELTA gen 1	lie ti=35 masque 0x20 i5(29) · paquet ferme
20	1	image-cle voisin	slot 607 ti=35 tete=1 bit 233059 (suivant 235257)
20	1	image-cle voisin	slot 608 ti=35 tete=1 bit 235257 (suivant 237531)
20	1	image-cle	ti=35 tete=1
20	1	image-cle voisin	slot 610 ti=35 tete=1 bit 237531 (suivant 240344)
20	1	image-cle voisin	slot 611 ti=35 tete=1 bit 240344 (suivant 243135)
20	1	image-cle voisin	slot 613 ti=35 tete=1 bit 243135 (suivant 245552)
20	-1	bloc de type 1	gen 1 vivante true pont resolu ti=35
20	6	DELTA gen 1	lie ti=35 masque 0x20 i5(29) · paquet ferme
20	8	DELTA gen 1	lie ti=35 masque 0x20 i5(29) · paquet ferme
20	10	DELTA gen 1	lie ti=35 masque 0x20 i5(29) · paquet ferme
20	12	DELTA gen 1	lie ti=35 masque 0x20 i5(29) · paquet ferme
20	14	DELTA gen 1	lie ti=35 masque 0x2200020 i5(29)+i21(25)+i25(10) · paquet ferme
20	16	DELTA gen 1	lie ti=35 masque 0x2200020 i5(29)+i21(25)+i25(10) · paquet ferme
20	18	DELTA gen 1	lie ti=35 masque 0x2200020 i5(29)+i21(25)+i25(10) · paquet ferme
20	20	DELTA gen 1	lie ti=35 masque 0x2200020 i5(29)+i21(25)+i25(10) · paquet ferme
20	24	DELTA gen 1	lie ti=35 masque 0x2200020 i5(29)+i21(25)+i25(10) · paquet ferme
20	26	DELTA gen 1	lie ti=35 masque 0x2200020 i5(29)+i21(25)+i25(10) · paquet ferme
20	28	DELTA gen 1	lie ti=35 masque 0x2200020 i5(29)+i21(25)+i25(10) · paquet ferme
20	30	DELTA gen 1	lie ti=35 masque 0x2200020 i5(29)+i21(25)+i25(10) · paquet ferme
20	32	DELTA gen 1	lie ti=35 masque 0x2200020 i5(29)+i21(25)+i25(10) · paquet ferme
20	34	DELTA gen 1	lie ti=35 masque 0x20 i5(29) · paquet ferme
20	36	DELTA gen 1	lie ti=35 masque 0x20 i5(29) · paquet ferme
20	38	DELTA gen 1	lie ti=35 masque 0x20 i5(29) · paquet ferme
20	40	DELTA gen 1	lie ti=35 masque 0x20 i5(29) · paquet ferme
20	42	DELTA gen 1	lie ti=35 masque 0x20 i5(29) · paquet ferme
20	44	DELTA gen 1	lie ti=35 masque 0x20 i5(29) · paquet ferme
20	46	DELTA gen 1	lie ti=35 masque 0x20 i5(29) · paquet ferme
20	48	DELTA gen 1	lie ti=35 masque 0x20 i5(29) · paquet ferme
20	50	DELTA gen 1	lie ti=35 masque 0x20 i5(29) · paquet ferme
20	52	DELTA gen 1	lie ti=35 masque 0x20 i5(29) · paquet ferme
20	54	DELTA gen 1	lie ti=35 masque 0x20 i5(29) · paquet ferme
20	56	DELTA gen 1	lie ti=35 masque 0x2200020 i5(29)+i21(25)+i25(10) · paquet ferme
20	58	DELTA gen 1	lie ti=35 masque 0x2200020 i5(29)+i21(25)+i25(10) · paquet ferme
20	60	DELTA gen 1	lie ti=35 masque 0x2200020 i5(29)+i21(25)+i25(10) · paquet ferme
20	62	DELTA gen 1	lie ti=35 masque 0x2200020 i5(29)+i21(25)+i25(10) · paquet ferme
20	64	DELTA gen 1	lie ti=35 masque 0x20 i5(29) · paquet ferme
20	66	DELTA gen 1	lie ti=35 masque 0x20 i5(29) · paquet ferme
20	68	DELTA gen 1	lie ti=35 masque 0x2200020 i5(29)+i21(25)+i25(10) · paquet ferme
20	70	DELTA gen 1	lie ti=35 masque 0x2200020 i5(29)+i21(25)+i25(10) · paquet ferme
20	74	DELTA gen 1	lie ti=35 masque 0x2200020 i5(29)+i21(25)+i25(10) · paquet ferme
20	76	DELTA gen 1	lie ti=35 masque 0x2200020 i5(29)+i21(25)+i25(10) · paquet ferme
20	78	DELTA gen 1	lie ti=35 masque 0x2200020 i5(29)+i21(25)+i25(10) · paquet ferme
20	80	DELTA gen 1	lie ti=35 masque 0x2200020 i5(29)+i21(25)+i25(10) · paquet ferme
20	84	DELTA gen 1	lie ti=35 masque 0x20 i5(29) · paquet ferme
20	86	DELTA gen 1	lie ti=35 masque 0x20 i5(29) · paquet ferme
20	88	DELTA gen 1	lie ti=35 masque 0x20 i5(29) · paquet ferme
20	90	DELTA gen 1	lie ti=35 masque 0x20 i5(29) · paquet ferme
20	92	DELTA gen 1	lie ti=35 masque 0x2200020 i5(29)+i21(25)+i25(10) · paquet ferme
20	94	DELTA gen 1	lie ti=35 masque 0x20 i5(29) · paquet ferme
20	96	DELTA gen 1	lie ti=35 masque 0x2200020 i5(29)+i21(25)+i25(10) · paquet hors cadre
20	98	DELTA gen 1	lie ti=35 masque 0x2200020 i5(29)+i21(25)+i25(10) · paquet hors cadre
20	100	DELTA gen 1	lie ti=35 masque 0x2200020 i5(29)+i21(25)+i25(10) · paquet hors cadre
20	102	DELTA gen 1	lie ti=35 masque 0x2200020 i5(29)+i21(25)+i25(10) · paquet hors cadre
20	106	DELTA gen 1	lie ti=35 masque 0x2200020 i5(29)+i21(25)+i25(10) · paquet ferme
20	108	DELTA gen 1	lie ti=35 masque 0x2200020 i5(29)+i21(25)+i25(10) · paquet ferme
20	110	DELTA gen 1	lie ti=35 masque 0x20 i5(29) · paquet ferme
20	112	DELTA gen 1	lie ti=35 masque 0x2200020 i5(29)+i21(25)+i25(10) · paquet ferme
20	114	DELTA gen 1	lie ti=35 masque 0x2200020 i5(29)+i21(25)+i25(10) · paquet ferme
20	118	DELTA gen 1	lie ti=35 masque 0x2200020 i5(29)+i21(25)+i25(10) · paquet ferme
20	120	DELTA gen 1	lie ti=35 masque 0x2200020 i5(29)+i21(25)+i25(10) · paquet ferme
20	122	DELTA gen 1	lie ti=35 masque 0x2200020 i5(29)+i21(25)+i25(10) · paquet ferme
20	124	DELTA gen 1	lie ti=35 masque 0x2200020 i5(29)+i21(25)+i25(10) · paquet ferme
20	126	DELTA gen 1	lie ti=35 masque 0x20 i5(29) · paquet ferme
20	128	DELTA gen 1	lie ti=35 masque 0x20 i5(29) · paquet ferme
20	130	DELTA gen 1	lie ti=35 masque 0x20 i5(29) · paquet ferme
20	132	DELTA gen 1	lie ti=35 masque 0x2200020 i5(29)+i21(25)+i25(10) · paquet ferme
20	134	DELTA gen 1	lie ti=35 masque 0x2200020 i5(29)+i21(25)+i25(10) · paquet ferme
20	138	DELTA gen 1	lie ti=35 masque 0x2200020 i5(29)+i21(25)+i25(10) · paquet ferme
20	140	DELTA gen 1	lie ti=35 masque 0x20 i5(29) · paquet ferme
20	142	DELTA gen 1	lie ti=35 masque 0x2200020 i5(29)+i21(25)+i25(10) · paquet ferme
20	144	DELTA gen 1	lie ti=35 masque 0x2200020 i5(29)+i21(25)+i25(10) · paquet ferme
20	146	DELTA gen 1	lie ti=35 masque 0x2200020 i5(29)+i21(25)+i25(10) · paquet ferme
20	148	DELTA gen 1	lie ti=35 masque 0x2200020 i5(29)+i21(25)+i25(10) · paquet ferme
20	150	DELTA gen 1	lie ti=35 masque 0x2200020 i5(29)+i21(25)+i25(10) · paquet ferme
20	152	DELTA gen 1	lie ti=35 masque 0x2200020 i5(29)+i21(25)+i25(10) · paquet ferme
20	154	DELTA gen 1	lie ti=35 masque 0x2200020 i5(29)+i21(25)+i25(10) · paquet ferme
20	156	DELTA gen 1	lie ti=35 masque 0x2200020 i5(29)+i21(25)+i25(10) · paquet ferme
20	158	DELTA gen 1	lie ti=35 masque 0x2200020 i5(29)+i21(25)+i25(10) · paquet ferme
20	160	DELTA gen 1	lie ti=35 masque 0x2200020 i5(29)+i21(25)+i25(10) · paquet ferme
20	162	DELTA gen 1	lie ti=35 masque 0x2200020 i5(29)+i21(25)+i25(10) · paquet ferme
20	164	DELTA gen 1	lie ti=35 masque 0x2200020 i5(29)+i21(25)+i25(10) · paquet ferme
20	166	DELTA gen 1	lie ti=35 masque 0x2200020 i5(29)+i21(25)+i25(10) · paquet ferme
20	168	DELTA gen 1	lie ti=35 masque 0x2200020 i5(29)+i21(25)+i25(10) · paquet ferme
20	170	DELTA gen 1	lie ti=35 masque 0x2200020 i5(29)+i21(25)+i25(10) · paquet ferme
20	172	DELTA gen 1	lie ti=35 masque 0x2200020 i5(29)+i21(25)+i25(10) · paquet ferme
20	174	DELTA gen 1	lie ti=35 masque 0x2200020 i5(29)+i21(25)+i25(10) · paquet ferme
20	178	DELTA gen 1	lie ti=35 masque 0x2200020 i5(29)+i21(25)+i25(10) · paquet ferme
20	182	DELTA gen 1	lie ti=35 masque 0x2200020 i5(29)+i21(25)+i25(10) · paquet hors cadre
20	184	DELTA gen 1	lie ti=35 masque 0x2200020 i5(29)+i21(25)+i25(10) · paquet hors cadre
20	186	DELTA gen 1	lie ti=35 masque 0x2200020 i5(29)+i21(25)+i25(10) · paquet hors cadre
20	188	DELTA gen 1	lie ti=35 masque 0x2200020 i5(29)+i21(25)+i25(10) · paquet hors cadre
20	190	DELTA gen 1	lie ti=35 masque 0x2200020 i5(29)+i21(25)+i25(10) · paquet hors cadre
20	192	DELTA gen 1	lie ti=35 masque 0x20 i5(29) · paquet hors cadre
20	194	DELTA gen 1	lie ti=35 masque 0x20 i5(29) · paquet hors cadre
20	198	DELTA gen 1	lie ti=35 masque 0x20 i5(29) · paquet hors cadre
20	200	DELTA gen 1	lie ti=35 masque 0x2200020 i5(29)+i21(25)+i25(10) · paquet hors cadre
20	204	DELTA gen 1	lie ti=35 masque 0x2200020 i5(29)+i21(25)+i25(10) · paquet ferme
20	206	DELTA gen 1	lie ti=35 masque 0x2200020 i5(29)+i21(25)+i25(10) · paquet ferme
20	208	DELTA gen 1	lie ti=35 masque 0x2200020 i5(29)+i21(25)+i25(10) · paquet ferme
20	210	DELTA gen 1	lie ti=35 masque 0x2200020 i5(29)+i21(25)+i25(10) · paquet ferme
20	212	DELTA gen 1	lie ti=35 masque 0x2200020 i5(29)+i21(25)+i25(10) · paquet ferme
20	214	DELTA gen 1	lie ti=35 masque 0x2200020 i5(29)+i21(25)+i25(10) · paquet ferme
20	216	DELTA gen 1	lie ti=35 masque 0x2200020 i5(29)+i21(25)+i25(10) · paquet ferme
20	218	DELTA gen 1	lie ti=35 masque 0x2200020 i5(29)+i21(25)+i25(10) · paquet ferme
20	220	DELTA gen 1	lie ti=35 masque 0x2200020 i5(29)+i21(25)+i25(10) · paquet ferme
20	222	DELTA gen 1	lie ti=35 masque 0x2200020 i5(29)+i21(25)+i25(10) · paquet ferme
20	224	DELTA gen 1	lie ti=35 masque 0x2200020 i5(29)+i21(25)+i25(10) · paquet ferme
20	226	DELTA gen 1	lie ti=35 masque 0x2200020 i5(29)+i21(25)+i25(10) · paquet ferme
20	228	DELTA gen 1	lie ti=35 masque 0x20 i5(29) · paquet ferme
20	230	DELTA gen 1	lie ti=35 masque 0x20 i5(29) · paquet ferme
20	234	DELTA gen 1	lie ti=35 masque 0x20 i5(29) · paquet ferme
20	236	DELTA gen 1	lie ti=35 masque 0x2200020 i5(29)+i21(25)+i25(10) · paquet ferme
20	238	DELTA gen 1	lie ti=35 masque 0x2200020 i5(29)+i21(25)+i25(10) · paquet ferme
20	240	DELTA gen 1	lie ti=35 masque 0x2200020 i5(29)+i21(25)+i25(10) · paquet ferme
20	242	DELTA gen 1	lie ti=35 masque 0x2200020 i5(29)+i21(25)+i25(10) · paquet ferme
20	246	DELTA gen 1	lie ti=35 masque 0x20 i5(29) · paquet ferme
20	248	DELTA gen 1	lie ti=35 masque 0x2200020 i5(29)+i21(25)+i25(10) · paquet ferme
20	250	DELTA gen 1	lie ti=35 masque 0x2200020 i5(29)+i21(25)+i25(10) · paquet hors cadre
20	252	DELTA gen 1	lie ti=35 masque 0x20 i5(29) · paquet ferme
20	254	DELTA gen 1	lie ti=35 masque 0x20 i5(29) · paquet ferme
20	256	DELTA gen 1	lie ti=35 masque 0x2200020 i5(29)+i21(25)+i25(10) · paquet ferme
20	258	DELTA gen 1	lie ti=35 masque 0x2200020 i5(29)+i21(25)+i25(10) · paquet ferme
20	260	DELTA gen 1	lie ti=35 masque 0x2200020 i5(29)+i21(25)+i25(10) · paquet ferme
20	264	DELTA gen 1	lie ti=35 masque 0x2200020 i5(29)+i21(25)+i25(10) · paquet ferme
20	268	DELTA gen 1	lie ti=35 masque 0x2200020 i5(29)+i21(25)+i25(10) · paquet hors cadre
20	270	DELTA gen 1	lie ti=35 masque 0x2200020 i5(29)+i21(25)+i25(10) · paquet ferme
20	272	DELTA gen 1	lie ti=35 masque 0x20 i5(29) · paquet ferme
20	276	DELTA gen 1	lie ti=35 masque 0x20 i5(29) · paquet ferme
20	278	DELTA gen 1	lie ti=35 masque 0x20 i5(29) · paquet ferme
20	280	DELTA gen 1	lie ti=35 masque 0x20 i5(29) · paquet ferme
20	284	DELTA gen 1	lie ti=35 masque 0x20 i5(29) · paquet ferme
20	286	DELTA gen 1	lie ti=35 masque 0x20 i5(29) · paquet ferme
20	288	DELTA gen 1	lie ti=35 masque 0x20 i5(29) · paquet ferme
20	290	DELTA gen 1	lie ti=35 masque 0x2200020 i5(29)+i21(25)+i25(10) · paquet ferme
20	292	DELTA gen 1	lie ti=35 masque 0x2200020 i5(29)+i21(25)+i25(10) · paquet ferme
20	294	DELTA gen 1	lie ti=35 masque 0x2200020 i5(29)+i21(25)+i25(10) · paquet ferme
20	296	DELTA gen 1	lie ti=35 masque 0x2200020 i5(29)+i21(25)+i25(10) · paquet ferme
20	298	DELTA gen 1	lie ti=35 masque 0x2200020 i5(29)+i21(25)+i25(10) · paquet ferme
20	300	DELTA gen 1	lie ti=35 masque 0x2200020 i5(29)+i21(25)+i25(10) · paquet ferme
20	302	DELTA gen 1	lie ti=35 masque 0x2200020 i5(29)+i21(25)+i25(10) · paquet ferme
20	306	DELTA gen 1	lie ti=35 masque 0x20 i5(29) · paquet ferme
20	308	DELTA gen 1	lie ti=35 masque 0x20 i5(29) · paquet ferme
20	310	DELTA gen 1	lie ti=35 masque 0x2200020 i5(29)+i21(25)+i25(10) · paquet ferme
20	312	DELTA gen 1	lie ti=35 masque 0x2200020 i5(29)+i21(25)+i25(10) · paquet ferme
20	314	DELTA gen 1	lie ti=35 masque 0x2200020 i5(29)+i21(25)+i25(10) · paquet ferme
20	316	DELTA gen 1	lie ti=35 masque 0x2200020 i5(29)+i21(25)+i25(10) · paquet ferme
20	318	DELTA gen 1	lie ti=35 masque 0x2200020 i5(29)+i21(25)+i25(10) · paquet ferme
20	320	DELTA gen 1	lie ti=35 masque 0x2200020 i5(29)+i21(25)+i25(10) · paquet ferme
20	322	DELTA gen 1	lie ti=35 masque 0x2200020 i5(29)+i21(25)+i25(10) · paquet ferme
20	324	DELTA gen 1	lie ti=35 masque 0x2200020 i5(29)+i21(25)+i25(10) · paquet ferme
20	326	DELTA gen 1	lie ti=35 masque 0x2200020 i5(29)+i21(25)+i25(10) · paquet ferme
20	328	DELTA gen 1	lie ti=35 masque 0x2200020 i5(29)+i21(25)+i25(10) · paquet ferme
20	330	DELTA gen 1	lie ti=35 masque 0x2200020 i5(29)+i21(25)+i25(10) · paquet ferme
20	332	DELTA gen 1	lie ti=35 masque 0x2200020 i5(29)+i21(25)+i25(10) · paquet ferme
20	334	DELTA gen 1	lie ti=35 masque 0x2200020 i5(29)+i21(25)+i25(10) · paquet ferme
20	336	DELTA gen 1	lie ti=35 masque 0x2200020 i5(29)+i21(25)+i25(10) · paquet ferme
20	338	DELTA gen 1	lie ti=35 masque 0x2200020 i5(29)+i21(25)+i25(10) · paquet ferme
20	342	DELTA gen 1	lie ti=35 masque 0x2200020 i5(29)+i21(25)+i25(10) · paquet ferme
20	344	DELTA gen 1	lie ti=35 masque 0x2200020 i5(29)+i21(25)+i25(10) · paquet ferme
20	346	DELTA gen 1	lie ti=35 masque 0x2200020 i5(29)+i21(25)+i25(10) · paquet ferme
20	348	DELTA gen 1	lie ti=35 masque 0x2200020 i5(29)+i21(25)+i25(10) · paquet ferme
20	350	DELTA gen 1	lie ti=35 masque 0x2200020 i5(29)+i21(25)+i25(10) · paquet ferme
20	354	DELTA gen 1	lie ti=35 masque 0x2200020 i5(29)+i21(25)+i25(10) · paquet ferme
20	356	DELTA gen 1	lie ti=35 masque 0x2200020 i5(29)+i21(25)+i25(10) · paquet ferme
20	358	DELTA gen 1	lie ti=35 masque 0x2200020 i5(29)+i21(25)+i25(10) · paquet ferme
20	360	DELTA gen 1	lie ti=35 masque 0x2200020 i5(29)+i21(25)+i25(10) · paquet ferme
20	362	DELTA gen 1	lie ti=35 masque 0x2200020 i5(29)+i21(25)+i25(10) · paquet ferme
20	364	DELTA gen 1	lie ti=35 masque 0x2200020 i5(29)+i21(25)+i25(10) · paquet ferme
20	366	DELTA gen 1	lie ti=35 masque 0x20 i5(29) · paquet ferme
20	368	DELTA gen 1	lie ti=35 masque 0x20 i5(29) · paquet ferme
20	370	DELTA gen 1	lie ti=35 masque 0x20 i5(29) · paquet ferme
20	372	DELTA gen 1	lie ti=35 masque 0x20 i5(29) · paquet ferme
20	374	DELTA gen 1	lie ti=35 masque 0x20 i5(29) · paquet ferme
20	376	DELTA gen 1	lie ti=35 masque 0x20 i5(29) · paquet ferme
20	378	DELTA gen 1	lie ti=35 masque 0x20 i5(29) · paquet ferme
20	380	DELTA gen 1	lie ti=35 masque 0x20 i5(29) · paquet ferme
20	384	DELTA gen 1	lie ti=35 masque 0x20 i5(29) · paquet ferme
20	388	DELTA gen 1	lie ti=35 masque 0x2200020 i5(29)+i21(25)+i25(10) · paquet ferme
20	390	DELTA gen 1	lie ti=35 masque 0x2200020 i5(29)+i21(25)+i25(10) · paquet ferme
20	394	DELTA gen 1	lie ti=35 masque 0x2200020 i5(29)+i21(25)+i25(10) · paquet ferme
20	396	DELTA gen 1	lie ti=35 masque 0x2200020 i5(29)+i21(25)+i25(10) · paquet ferme
20	398	DELTA gen 1	lie ti=35 masque 0x2200020 i5(29)+i21(25)+i25(10) · paquet ferme
20	402	DELTA gen 1	lie ti=35 masque 0x2200020 i5(29)+i21(25)+i25(10) · paquet hors cadre
20	404	DELTA gen 1	lie ti=35 masque 0x2200020 i5(29)+i21(25)+i25(10) · paquet hors cadre
20	408	DELTA gen 1	lie ti=35 masque 0x2200020 i5(29)+i21(25)+i25(10) · paquet hors cadre
20	410	DELTA gen 1	lie ti=35 masque 0x2200020 i5(29)+i21(25)+i25(10) · paquet hors cadre
20	412	DELTA gen 1	lie ti=35 masque 0x2200020 i5(29)+i21(25)+i25(10) · paquet hors cadre
20	414	DELTA gen 1	lie ti=35 masque 0x2200020 i5(29)+i21(25)+i25(10) · paquet hors cadre
20	416	DELTA gen 1	lie ti=35 masque 0x2200020 i5(29)+i21(25)+i25(10) · paquet hors cadre
20	418	DELTA gen 1	lie ti=35 masque 0x2200020 i5(29)+i21(25)+i25(10) · paquet hors cadre
20	420	DELTA gen 1	lie ti=35 masque 0x2200020 i5(29)+i21(25)+i25(10) · paquet hors cadre
20	422	DELTA gen 1	lie ti=35 masque 0x2200020 i5(29)+i21(25)+i25(10) · paquet hors cadre
20	424	DELTA gen 1	lie ti=35 masque 0x2200020 i5(29)+i21(25)+i25(10) · paquet hors cadre
20	426	DELTA gen 1	lie ti=35 masque 0x2200020 i5(29)+i21(25)+i25(10) · paquet hors cadre
20	428	DELTA gen 1	lie ti=35 masque 0x2200020 i5(29)+i21(25)+i25(10) · paquet hors cadre
20	430	DELTA gen 1	lie ti=35 masque 0x2200020 i5(29)+i21(25)+i25(10) · paquet hors cadre
20	432	DELTA gen 1	lie ti=35 masque 0x2200020 i5(29)+i21(25)+i25(10) · paquet hors cadre
20	434	DELTA gen 1	lie ti=35 masque 0x2200020 i5(29)+i21(25)+i25(10) · paquet hors cadre
20	436	DELTA gen 1	lie ti=35 masque 0x2200020 i5(29)+i21(25)+i25(10) · paquet hors cadre
20	440	DELTA gen 1	lie ti=35 masque 0x2200020 i5(29)+i21(25)+i25(10) · paquet hors cadre
20	442	DELTA gen 1	lie ti=35 masque 0x2200020 i5(29)+i21(25)+i25(10) · paquet hors cadre
20	446	DELTA gen 1	lie ti=35 masque 0x20 i5(29) · paquet hors cadre
20	448	DELTA gen 1	lie ti=35 masque 0x20 i5(29) · paquet hors cadre
20	450	DELTA gen 1	lie ti=35 masque 0x20 i5(29) · paquet hors cadre
20	452	DELTA gen 1	lie ti=35 masque 0x20 i5(29) · paquet hors cadre
20	454	DELTA gen 1	lie ti=35 masque 0x20 i5(29) · paquet hors cadre
20	456	DELTA gen 1	lie ti=35 masque 0x20 i5(29) · paquet hors cadre
20	458	DELTA gen 1	lie ti=35 masque 0x20 i5(29) · paquet hors cadre
20	460	DELTA gen 1	lie ti=35 masque 0x20 i5(29) · paquet hors cadre
20	462	DELTA gen 1	lie ti=35 masque 0x20 i5(29) · paquet hors cadre
20	464	DELTA gen 1	lie ti=35 masque 0x2200020 i5(29)+i21(25)+i25(10) · paquet hors cadre
20	466	DELTA gen 1	lie ti=35 masque 0x2200020 i5(29)+i21(25)+i25(10) · paquet hors cadre
20	470	DELTA gen 1	lie ti=35 masque 0x2200020 i5(29)+i21(25)+i25(10) · paquet hors cadre
20	472	DELTA gen 1	lie ti=35 masque 0x2200020 i5(29)+i21(25)+i25(10) · paquet hors cadre
20	474	DELTA gen 1	lie ti=35 masque 0x2200020 i5(29)+i21(25)+i25(10) · paquet hors cadre
20	476	DELTA gen 1	lie ti=35 masque 0x2200020 i5(29)+i21(25)+i25(10) · paquet hors cadre
20	478	DELTA gen 1	lie ti=35 masque 0x2200020 i5(29)+i21(25)+i25(10) · paquet hors cadre
20	480	DELTA gen 1	lie ti=35 masque 0x2200020 i5(29)+i21(25)+i25(10) · paquet hors cadre
20	484	DELTA gen 1	lie ti=35 masque 0x2200020 i5(29)+i21(25)+i25(10) · paquet hors cadre
20	486	DELTA gen 1	lie ti=35 masque 0x2200020 i5(29)+i21(25)+i25(10) · paquet hors cadre
20	488	DELTA gen 1	lie ti=35 masque 0x2200020 i5(29)+i21(25)+i25(10) · paquet hors cadre
20	492	DELTA gen 1	lie ti=35 masque 0x2200020 i5(29)+i21(25)+i25(10) · paquet hors cadre
20	494	DELTA gen 1	lie ti=35 masque 0x2200020 i5(29)+i21(25)+i25(10) · paquet hors cadre
20	496	DELTA gen 1	lie ti=35 masque 0x2200020 i5(29)+i21(25)+i25(10) · paquet hors cadre
20	498	DELTA gen 1	lie ti=35 masque 0x2200020 i5(29)+i21(25)+i25(10) · paquet hors cadre
20	500	DELTA gen 1	lie ti=35 masque 0x2200020 i5(29)+i21(25)+i25(10) · paquet hors cadre
20	502	DELTA gen 1	lie ti=35 masque 0x2200020 i5(29)+i21(25)+i25(10) · paquet hors cadre
20	504	DELTA gen 1	lie ti=35 masque 0x2200020 i5(29)+i21(25)+i25(10) · paquet hors cadre
20	506	DELTA gen 1	lie ti=35 masque 0x2200020 i5(29)+i21(25)+i25(10) · paquet hors cadre
20	508	DELTA gen 1	lie ti=35 masque 0x2200020 i5(29)+i21(25)+i25(10) · paquet hors cadre
20	510	DELTA gen 1	lie ti=35 masque 0x2200020 i5(29)+i21(25)+i25(10) · paquet hors cadre
20	512	DELTA gen 1	lie ti=35 masque 0x20 i5(29) · paquet hors cadre
20	514	DELTA gen 1	lie ti=35 masque 0x20 i5(29) · paquet hors cadre
20	516	DELTA gen 1	lie ti=35 masque 0x2200020 i5(29)+i21(25)+i25(10) · paquet hors cadre
20	518	DELTA gen 1	lie ti=35 masque 0x20 i5(29) · paquet hors cadre
20	520	DELTA gen 1	lie ti=35 masque 0x20 i5(29) · paquet hors cadre
20	524	DELTA gen 1	lie ti=35 masque 0x20 i5(29) · paquet hors cadre
20	526	DELTA gen 1	lie ti=35 masque 0x20 i5(29) · paquet hors cadre
20	528	DELTA gen 1	lie ti=35 masque 0x20 i5(29) · paquet hors cadre
20	530	DELTA gen 1	lie ti=35 masque 0x20 i5(29) · paquet hors cadre
20	532	DELTA gen 1	lie ti=35 masque 0x20 i5(29) · paquet hors cadre
20	534	DELTA gen 1	lie ti=35 masque 0x20 i5(29) · paquet hors cadre
20	536	DELTA gen 1	lie ti=35 masque 0x2200020 i5(29)+i21(25)+i25(10) · paquet hors cadre
20	538	DELTA gen 1	lie ti=35 masque 0x2200020 i5(29)+i21(25)+i25(10) · paquet hors cadre
20	540	DELTA gen 1	lie ti=35 masque 0x2200020 i5(29)+i21(25)+i25(10) · paquet hors cadre
20	544	DELTA gen 1	lie ti=35 masque 0x2200020 i5(29)+i21(25)+i25(10) · paquet hors cadre
20	546	DELTA gen 1	lie ti=35 masque 0x20 i5(29) · paquet hors cadre
20	548	DELTA gen 1	lie ti=35 masque 0x20 i5(29) · paquet hors cadre
20	550	DELTA gen 1	lie ti=35 masque 0x2200020 i5(29)+i21(25)+i25(10) · paquet hors cadre
20	552	DELTA gen 1	lie ti=35 masque 0x2200020 i5(29)+i21(25)+i25(10) · paquet hors cadre
20	556	DELTA gen 1	lie ti=35 masque 0x2200020 i5(29)+i21(25)+i25(10) · paquet hors cadre
20	558	DELTA gen 1	lie ti=35 masque 0x2200020 i5(29)+i21(25)+i25(10) · paquet hors cadre
20	560	DELTA gen 1	lie ti=35 masque 0x2200020 i5(29)+i21(25)+i25(10) · paquet hors cadre
20	562	DELTA gen 1	lie ti=35 masque 0x2200020 i5(29)+i21(25)+i25(10) · paquet hors cadre
20	564	DELTA gen 1	lie ti=35 masque 0x2200020 i5(29)+i21(25)+i25(10) · paquet hors cadre
20	566	DELTA gen 1	lie ti=35 masque 0x2200020 i5(29)+i21(25)+i25(10) · paquet hors cadre
20	568	DELTA gen 1	lie ti=35 masque 0x2200020 i5(29)+i21(25)+i25(10) · paquet hors cadre
20	570	DELTA gen 1	lie ti=35 masque 0x2200020 i5(29)+i21(25)+i25(10) · paquet hors cadre
20	572	DELTA gen 1	lie ti=35 masque 0x2200020 i5(29)+i21(25)+i25(10) · paquet hors cadre
20	574	DELTA gen 1	lie ti=35 masque 0x2200020 i5(29)+i21(25)+i25(10) · paquet hors cadre
20	576	DELTA gen 1	lie ti=35 masque 0x2200020 i5(29)+i21(25)+i25(10) · paquet hors cadre
20	578	DELTA gen 1	lie ti=35 masque 0x2200020 i5(29)+i21(25)+i25(10) · paquet hors cadre
20	582	DELTA gen 1	lie ti=35 masque 0x2200020 i5(29)+i21(25)+i25(10) · paquet hors cadre
20	584	DELTA gen 1	lie ti=35 masque 0x2200020 i5(29)+i21(25)+i25(10) · paquet hors cadre
20	586	DELTA gen 1	lie ti=35 masque 0x2200020 i5(29)+i21(25)+i25(10) · paquet hors cadre
20	588	DELTA gen 1	lie ti=35 masque 0x20 i5(29) · paquet hors cadre
20	590	DELTA gen 1	lie ti=35 masque 0x20 i5(29) · paquet hors cadre
20	592	DELTA gen 1	lie ti=35 masque 0x2200020 i5(29)+i21(25)+i25(10) · paquet hors cadre
20	594	DELTA gen 1	lie ti=35 masque 0x2200020 i5(29)+i21(25)+i25(10) · paquet hors cadre
20	596	DELTA gen 1	lie ti=35 masque 0x2200020 i5(29)+i21(25)+i25(10) · paquet hors cadre
20	600	DELTA gen 1	lie ti=35 masque 0x2200020 i5(29)+i21(25)+i25(10) · paquet hors cadre
20	602	DELTA gen 1	lie ti=35 masque 0x2200020 i5(29)+i21(25)+i25(10) · paquet hors cadre
20	604	DELTA gen 1	lie ti=35 masque 0x2200020 i5(29)+i21(25)+i25(10) · paquet hors cadre
20	606	DELTA gen 1	lie ti=35 masque 0x2200020 i5(29)+i21(25)+i25(10) · paquet hors cadre
20	608	DELTA gen 1	lie ti=35 masque 0x2200020 i5(29)+i21(25)+i25(10) · paquet hors cadre
20	610	DELTA gen 1	lie ti=35 masque 0x2200020 i5(29)+i21(25)+i25(10) · paquet hors cadre
20	612	DELTA gen 1	lie ti=35 masque 0x2200020 i5(29)+i21(25)+i25(10) · paquet hors cadre
20	614	DELTA gen 1	lie ti=35 masque 0x2200020 i5(29)+i21(25)+i25(10) · paquet hors cadre
20	616	DELTA gen 1	lie ti=35 masque 0x2200020 i5(29)+i21(25)+i25(10) · paquet hors cadre
20	618	DELTA gen 1	lie ti=35 masque 0x2200020 i5(29)+i21(25)+i25(10) · paquet hors cadre
20	620	DELTA gen 1	lie ti=35 masque 0x2200020 i5(29)+i21(25)+i25(10) · paquet hors cadre
20	622	DELTA gen 1	lie ti=35 masque 0x2200020 i5(29)+i21(25)+i25(10) · paquet hors cadre
20	624	DELTA gen 1	lie ti=35 masque 0x2200020 i5(29)+i21(25)+i25(10) · paquet hors cadre
20	626	DELTA gen 1	lie ti=35 masque 0x20 i5(29) · paquet hors cadre
20	628	DELTA gen 1	lie ti=35 masque 0x20 i5(29) · paquet hors cadre
20	632	DELTA gen 1	lie ti=35 masque 0x2200000 i21(25)+i25(10) · paquet hors cadre
20	634	DELTA gen 1	lie ti=35 masque 0x2200000 i21(25)+i25(10) · paquet hors cadre
20	636	DELTA gen 1	lie ti=35 masque 0x2200000 i21(25)+i25(10) · paquet hors cadre
20	648	DELTA gen 1	lie ti=35 masque 0x2200000 i21(25)+i25(10) · paquet hors cadre
20	650	DELTA gen 1	lie ti=35 masque 0x2200000 i21(25)+i25(10) · paquet hors cadre
20	652	DELTA gen 1	lie ti=35 masque 0x2200000 i21(25)+i25(10) · paquet hors cadre
20	654	DELTA gen 1	lie ti=35 masque 0x2200000 i21(25)+i25(10) · paquet hors cadre
20	656	DELTA gen 1	lie ti=35 masque 0x2200000 i21(25)+i25(10) · paquet hors cadre
20	658	DELTA gen 1	lie ti=35 masque 0x2200000 i21(25)+i25(10) · paquet hors cadre
20	660	DELTA gen 1	lie ti=35 masque 0x2200000 i21(25)+i25(10) · paquet hors cadre
20	662	DELTA gen 1	lie ti=35 masque 0x2200000 i21(25)+i25(10) · paquet hors cadre
20	664	DELTA gen 1	lie ti=35 masque 0x2200000 i21(25)+i25(10) · paquet hors cadre
20	666	DELTA gen 1	lie ti=35 masque 0x2200000 i21(25)+i25(10) · paquet hors cadre
20	668	DELTA gen 1	lie ti=35 masque 0x2200000 i21(25)+i25(10) · paquet hors cadre
20	670	DELTA gen 1	lie ti=35 masque 0x2200000 i21(25)+i25(10) · paquet hors cadre
20	672	DELTA gen 1	lie ti=35 masque 0x2200000 i21(25)+i25(10) · paquet hors cadre
20	676	DELTA gen 1	lie ti=35 masque 0x2200000 i21(25)+i25(10) · paquet hors cadre
20	678	DELTA gen 1	lie ti=35 masque 0x2200000 i21(25)+i25(10) · paquet hors cadre
20	680	DELTA gen 1	lie ti=35 masque 0x2200000 i21(25)+i25(10) · paquet hors cadre
20	684	DELTA gen 1	lie ti=35 masque 0x2200000 i21(25)+i25(10) · paquet hors cadre
20	688	DELTA gen 1	lie ti=35 masque 0x2200000 i21(25)+i25(10) · paquet hors cadre
20	690	DELTA gen 1	lie ti=35 masque 0x2200000 i21(25)+i25(10) · paquet hors cadre
20	696	DELTA gen 1	lie ti=35 masque 0x2200000 i21(25)+i25(10) · paquet hors cadre
20	698	DELTA gen 1	lie ti=35 masque 0x2200000 i21(25)+i25(10) · paquet hors cadre
20	702	DELTA gen 1	lie ti=35 masque 0x2200000 i21(25)+i25(10) · paquet hors cadre
20	704	DELTA gen 1	lie ti=35 masque 0x2200000 i21(25)+i25(10) · paquet hors cadre
20	706	DELTA gen 1	lie ti=35 masque 0x2200000 i21(25)+i25(10) · paquet hors cadre
20	708	DELTA gen 1	lie ti=35 masque 0x2200000 i21(25)+i25(10) · paquet hors cadre
20	710	DELTA gen 1	lie ti=35 masque 0x2200000 i21(25)+i25(10) · paquet hors cadre
20	712	DELTA gen 1	lie ti=35 masque 0x2200000 i21(25)+i25(10) · paquet hors cadre
20	714	DELTA gen 1	lie ti=35 masque 0x2200000 i21(25)+i25(10) · paquet hors cadre
20	716	DELTA gen 1	lie ti=35 masque 0x2200000 i21(25)+i25(10) · paquet hors cadre
20	720	DELTA gen 1	lie ti=35 masque 0x2200000 i21(25)+i25(10) · paquet hors cadre
20	722	DELTA gen 1	lie ti=35 masque 0x2200000 i21(25)+i25(10) · paquet hors cadre
20	724	DELTA gen 1	lie ti=35 masque 0x2200000 i21(25)+i25(10) · paquet hors cadre
20	726	DELTA gen 1	lie ti=35 masque 0x2200000 i21(25)+i25(10) · paquet hors cadre
20	728	DELTA gen 1	lie ti=35 masque 0x2200000 i21(25)+i25(10) · paquet hors cadre
20	730	DELTA gen 1	lie ti=35 masque 0x2200000 i21(25)+i25(10) · paquet hors cadre
20	732	DELTA gen 1	lie ti=35 masque 0x2200000 i21(25)+i25(10) · paquet hors cadre
20	734	DELTA gen 1	lie ti=35 masque 0x2200000 i21(25)+i25(10) · paquet hors cadre
20	736	DELTA gen 1	lie ti=35 masque 0x2200000 i21(25)+i25(10) · paquet hors cadre
20	738	DELTA gen 1	lie ti=35 masque 0x2200000 i21(25)+i25(10) · paquet hors cadre
20	742	DELTA gen 1	lie ti=35 masque 0x2200000 i21(25)+i25(10) · paquet hors cadre
20	746	DELTA gen 1	lie ti=35 masque 0x2200000 i21(25)+i25(10) · paquet hors cadre
20	748	DELTA gen 1	lie ti=35 masque 0x2200000 i21(25)+i25(10) · paquet hors cadre
20	752	DELTA gen 1	lie ti=35 masque 0x2200000 i21(25)+i25(10) · paquet hors cadre
20	754	DELTA gen 1	lie ti=35 masque 0x2200000 i21(25)+i25(10) · paquet hors cadre
20	756	DELTA gen 1	lie ti=35 masque 0x2200000 i21(25)+i25(10) · paquet hors cadre
20	758	DELTA gen 1	lie ti=35 masque 0x2200000 i21(25)+i25(10) · paquet hors cadre
20	760	DELTA gen 1	lie ti=35 masque 0x2200000 i21(25)+i25(10) · paquet hors cadre
20	762	DELTA gen 1	lie ti=35 masque 0x2200000 i21(25)+i25(10) · paquet hors cadre
20	764	DELTA gen 1	lie ti=35 masque 0x2200000 i21(25)+i25(10) · paquet hors cadre
20	766	DELTA gen 1	lie ti=35 masque 0x2200000 i21(25)+i25(10) · paquet hors cadre
20	768	DELTA gen 1	lie ti=35 masque 0x2200000 i21(25)+i25(10) · paquet hors cadre
20	770	DELTA gen 1	lie ti=35 masque 0x2200000 i21(25)+i25(10) · paquet hors cadre
20	772	DELTA gen 1	lie ti=35 masque 0x2200000 i21(25)+i25(10) · paquet hors cadre
20	774	DELTA gen 1	lie ti=35 masque 0x2200000 i21(25)+i25(10) · paquet hors cadre
20	778	DELTA gen 1	lie ti=35 masque 0x2200000 i21(25)+i25(10) · paquet hors cadre
20	780	DELTA gen 1	lie ti=35 masque 0x2200000 i21(25)+i25(10) · paquet hors cadre
20	784	DELTA gen 1	lie ti=35 masque 0x2200000 i21(25)+i25(10) · paquet hors cadre
20	786	DELTA gen 1	lie ti=35 masque 0x2200000 i21(25)+i25(10) · paquet hors cadre
20	788	DELTA gen 1	lie ti=35 masque 0x2200000 i21(25)+i25(10) · paquet hors cadre
20	790	DELTA gen 1	lie ti=35 masque 0x2200000 i21(25)+i25(10) · paquet hors cadre
20	792	DELTA gen 1	lie ti=35 masque 0x2200000 i21(25)+i25(10) · paquet hors cadre
20	794	DELTA gen 1	lie ti=35 masque 0x2200000 i21(25)+i25(10) · paquet hors cadre
20	822	DELTA gen 1	lie ti=35 masque 0x2200000 i21(25)+i25(10) · paquet hors cadre
20	836	DELTA gen 1	lie ti=35 masque 0x2200000 i21(25)+i25(10) · paquet hors cadre
20	840	DELTA gen 1	lie ti=35 masque 0x2200000 i21(25)+i25(10) · paquet hors cadre
20	848	DELTA gen 1	lie ti=35 masque 0x2200000 i21(25)+i25(10) · paquet hors cadre
20	850	DELTA gen 1	lie ti=35 masque 0x2200000 i21(25)+i25(10) · paquet hors cadre
20	852	DELTA gen 1	lie ti=35 masque 0x2200000 i21(25)+i25(10) · paquet hors cadre
20	854	DELTA gen 1	lie ti=35 masque 0x2200000 i21(25)+i25(10) · paquet hors cadre
20	856	DELTA gen 1	lie ti=35 masque 0x2200000 i21(25)+i25(10) · paquet hors cadre
20	858	DELTA gen 1	lie ti=35 masque 0x2200000 i21(25)+i25(10) · paquet hors cadre
20	860	DELTA gen 1	lie ti=35 masque 0x2200000 i21(25)+i25(10) · paquet hors cadre
20	862	DELTA gen 1	lie ti=35 masque 0x2200000 i21(25)+i25(10) · paquet hors cadre
20	864	DELTA gen 1	lie ti=35 masque 0x2200000 i21(25)+i25(10) · paquet hors cadre
20	866	DELTA gen 1	lie ti=35 masque 0x2200000 i21(25)+i25(10) · paquet hors cadre
20	868	DELTA gen 1	lie ti=35 masque 0x2200000 i21(25)+i25(10) · paquet hors cadre
20	870	DELTA gen 1	lie ti=35 masque 0x2200000 i21(25)+i25(10) · paquet hors cadre
20	872	DELTA gen 1	lie ti=35 masque 0x2200000 i21(25)+i25(10) · paquet hors cadre
20	874	DELTA gen 1	lie ti=35 masque 0x2200000 i21(25)+i25(10) · paquet hors cadre
20	876	DELTA gen 1	lie ti=35 masque 0x2200000 i21(25)+i25(10) · paquet hors cadre
20	878	DELTA gen 1	lie ti=35 masque 0x2200000 i21(25)+i25(10) · paquet hors cadre
20	882	DELTA gen 1	lie ti=35 masque 0x2200000 i21(25)+i25(10) · paquet hors cadre
20	884	DELTA gen 1	lie ti=35 masque 0x2200000 i21(25)+i25(10) · paquet hors cadre
20	886	DELTA gen 1	lie ti=35 masque 0x2200000 i21(25)+i25(10) · paquet hors cadre
20	890	DELTA gen 1	lie ti=35 masque 0x2200000 i21(25)+i25(10) · paquet hors cadre
20	896	DELTA gen 1	lie ti=35 masque 0x2200000 i21(25)+i25(10) · paquet hors cadre
20	902	DELTA gen 1	lie ti=35 masque 0x2200000 i21(25)+i25(10) · paquet hors cadre
20	904	DELTA gen 1	lie ti=35 masque 0x2200000 i21(25)+i25(10) · paquet hors cadre
20	906	DELTA gen 1	lie ti=35 masque 0x2200000 i21(25)+i25(10) · paquet hors cadre
20	908	DELTA gen 1	lie ti=35 masque 0x2200000 i21(25)+i25(10) · paquet hors cadre
20	910	DELTA gen 1	lie ti=35 masque 0x2200000 i21(25)+i25(10) · paquet hors cadre
20	912	DELTA gen 1	lie ti=35 masque 0x2200000 i21(25)+i25(10) · paquet hors cadre
20	914	DELTA gen 1	lie ti=35 masque 0x2200000 i21(25)+i25(10) · paquet hors cadre
20	916	DELTA gen 1	lie ti=35 masque 0x2200000 i21(25)+i25(10) · paquet hors cadre
20	920	DELTA gen 1	lie ti=35 masque 0x2200000 i21(25)+i25(10) · paquet hors cadre
20	922	DELTA gen 1	lie ti=35 masque 0x2200000 i21(25)+i25(10) · paquet hors cadre
20	924	DELTA gen 1	lie ti=35 masque 0x2200000 i21(25)+i25(10) · paquet hors cadre
20	926	DELTA gen 1	lie ti=35 masque 0x2200000 i21(25)+i25(10) · paquet hors cadre
20	928	DELTA gen 1	lie ti=35 masque 0x2200000 i21(25)+i25(10) · paquet hors cadre
20	930	DELTA gen 1	lie ti=35 masque 0x2200000 i21(25)+i25(10) · paquet hors cadre
20	938	DELTA gen 1	lie ti=35 masque 0x2200000 i21(25)+i25(10) · paquet hors cadre
20	940	DELTA gen 1	lie ti=35 masque 0x2200000 i21(25)+i25(10) · paquet hors cadre
20	942	DELTA gen 1	lie ti=35 masque 0x2200000 i21(25)+i25(10) · paquet hors cadre
20	944	DELTA gen 1	lie ti=35 masque 0x2200000 i21(25)+i25(10) · paquet hors cadre
20	946	DELTA gen 1	lie ti=35 masque 0x2200000 i21(25)+i25(10) · paquet hors cadre
20	948	DELTA gen 1	lie ti=35 masque 0x2200000 i21(25)+i25(10) · paquet hors cadre
20	950	DELTA gen 1	lie ti=35 masque 0x2200000 i21(25)+i25(10) · paquet hors cadre
20	952	DELTA gen 1	lie ti=35 masque 0x2200000 i21(25)+i25(10) · paquet hors cadre
20	954	DELTA gen 1	lie ti=35 masque 0x2200000 i21(25)+i25(10) · paquet hors cadre
20	958	DELTA gen 1	lie ti=35 masque 0x2200000 i21(25)+i25(10) · paquet hors cadre
20	960	DELTA gen 1	lie ti=35 masque 0x2200000 i21(25)+i25(10) · paquet hors cadre
20	962	DELTA gen 1	lie ti=35 masque 0x2200000 i21(25)+i25(10) · paquet hors cadre
20	964	DELTA gen 1	lie ti=35 masque 0x2200000 i21(25)+i25(10) · paquet hors cadre
20	966	DELTA gen 1	lie ti=35 masque 0x2200000 i21(25)+i25(10) · paquet hors cadre
20	970	DELTA gen 1	lie ti=35 masque 0x2200000 i21(25)+i25(10) · paquet hors cadre
20	978	DELTA gen 1	lie ti=35 masque 0x2200000 i21(25)+i25(10) · paquet hors cadre
20	980	DELTA gen 1	lie ti=35 masque 0x2200000 i21(25)+i25(10) · paquet hors cadre
20	982	DELTA gen 1	lie ti=35 masque 0x2200000 i21(25)+i25(10) · paquet hors cadre
20	984	DELTA gen 1	lie ti=35 masque 0x2200000 i21(25)+i25(10) · paquet hors cadre
20	986	DELTA gen 1	lie ti=35 masque 0x2200000 i21(25)+i25(10) · paquet hors cadre
20	988	DELTA gen 1	lie ti=35 masque 0x2200000 i21(25)+i25(10) · paquet hors cadre
20	990	DELTA gen 1	lie ti=35 masque 0x2200000 i21(25)+i25(10) · paquet hors cadre
20	992	DELTA gen 1	lie ti=35 masque 0x2200000 i21(25)+i25(10) · paquet hors cadre
20	994	DELTA gen 1	lie ti=35 masque 0x2200000 i21(25)+i25(10) · paquet hors cadre
20	998	DELTA gen 1	lie ti=35 masque 0x2200000 i21(25)+i25(10) · paquet hors cadre
20	1006	DELTA gen 1	lie ti=35 masque 0x2200000 i21(25)+i25(10) · paquet hors cadre
20	1008	DELTA gen 1	lie ti=35 masque 0x2200000 i21(25)+i25(10) · paquet hors cadre
20	1012	DELTA gen 1	lie ti=35 masque 0x2200000 i21(25)+i25(10) · paquet hors cadre
20	1016	DELTA gen 1	lie ti=35 masque 0x2200003 i0(54)+i1(31)+i21(25)+i25(10) · paquet hors cadre
20	1018	DELTA gen 1	lie ti=35 masque 0x2200003 i0(54)+i1(31)+i21(25)+i25(10) · paquet hors cadre
20	1020	DELTA gen 1	lie ti=35 masque 0x2200003 i0(54)+i1(31)+i21(25)+i25(10) · paquet hors cadre
20	1022	DELTA gen 1	lie ti=35 masque 0x2200003 i0(54)+i1(31)+i21(25)+i25(10) · paquet hors cadre
20	1024	DELTA gen 1	lie ti=35 masque 0x2200003 i0(54)+i1(31)+i21(25)+i25(10) · paquet hors cadre
20	1026	DELTA gen 1	lie ti=35 masque 0x2200003 i0(54)+i1(31)+i21(25)+i25(10) · paquet hors cadre
20	1032	DELTA gen 1	lie ti=35 masque 0x2200003 i0(54)+i1(31)+i21(25)+i25(10) · paquet hors cadre
20	1034	DELTA gen 1	lie ti=35 masque 0x2200003 i0(54)+i1(31)+i21(25)+i25(10) · paquet hors cadre
20	1036	DELTA gen 1	lie ti=35 masque 0x2200003 i0(54)+i1(31)+i21(25)+i25(10) · paquet hors cadre
20	1042	DELTA gen 1	lie ti=35 masque 0x2200003 i0(54)+i1(31)+i21(25)+i25(10) · paquet hors cadre
20	1046	DELTA gen 1	lie ti=35 masque 0x2200003 i0(54)+i1(31)+i21(25)+i25(10) · paquet hors cadre
20	1048	DELTA gen 1	lie ti=35 masque 0x2200003 i0(54)+i1(31)+i21(25)+i25(10) · paquet hors cadre
20	1050	DELTA gen 1	lie ti=35 masque 0x2200003 i0(54)+i1(31)+i21(25)+i25(10) · paquet hors cadre
20	1054	DELTA gen 1	lie ti=35 masque 0x2200003 i0(54)+i1(31)+i21(25)+i25(10) · paquet hors cadre
20	1056	DELTA gen 1	lie ti=35 masque 0x2200003 i0(54)+i1(31)+i21(25)+i25(10) · paquet hors cadre
20	1060	DELTA gen 1	lie ti=35 masque 0x2200003 i0(54)+i1(31)+i21(25)+i25(10) · paquet hors cadre
20	1062	DELTA gen 1	lie ti=35 masque 0x2200003 i0(54)+i1(31)+i21(25)+i25(10) · paquet hors cadre
20	1064	DELTA gen 1	lie ti=35 masque 0x2200003 i0(54)+i1(31)+i21(25)+i25(10) · paquet hors cadre
20	1066	DELTA gen 1	lie ti=35 masque 0x2200003 i0(54)+i1(31)+i21(25)+i25(10) · paquet hors cadre
20	1068	DELTA gen 1	lie ti=35 masque 0x2200003 i0(54)+i1(31)+i21(25)+i25(10) · paquet hors cadre
20	1070	DELTA gen 1	lie ti=35 masque 0x2200003 i0(54)+i1(31)+i21(25)+i25(10) · paquet hors cadre
20	1072	DELTA gen 1	lie ti=35 masque 0x2000003 i0(54)+i1(31)+i25(10) · paquet hors cadre
20	1076	DELTA gen 1	lie ti=35 masque 0x2200003 i0(54)+i1(31)+i21(25)+i25(10) · paquet hors cadre
20	1078	DELTA gen 1	lie ti=35 masque 0x2200003 i0(54)+i1(31)+i21(25)+i25(10) · paquet hors cadre
20	1080	DELTA gen 1	lie ti=35 masque 0x2200003 i0(54)+i1(31)+i21(25)+i25(10) · paquet hors cadre
20	1082	DELTA gen 1	lie ti=35 masque 0x2200003 i0(54)+i1(31)+i21(25)+i25(10) · paquet hors cadre
20	1084	DELTA gen 1	lie ti=35 masque 0xa00000012200003 i0(54)+i1(31)+i21(25)+i25(10)+i28(10)+i57(2)+i59(5) · paquet hors cadre
20	1086	DELTA gen 1	lie ti=35 masque 0x2200003 i0(54)+i1(31)+i21(25)+i25(10) · paquet hors cadre
20	1088	DELTA gen 1	lie ti=35 masque 0x2200003 i0(54)+i1(31)+i21(25)+i25(10) · paquet hors cadre
20	1090	DELTA gen 1	lie ti=35 masque 0x2200003 i0(54)+i1(31)+i21(25)+i25(10) · paquet hors cadre
20	1092	DELTA gen 1	lie ti=35 masque 0x2200003 i0(54)+i1(31)+i21(25)+i25(10) · paquet hors cadre
20	1094	DELTA gen 1	lie ti=35 masque 0x2200003 i0(54)+i1(31)+i21(25)+i25(10) · paquet hors cadre
20	1096	DELTA gen 1	lie ti=35 masque 0x2200003 i0(54)+i1(31)+i21(25)+i25(10) · paquet hors cadre
20	1100	DELTA gen 1	lie ti=35 masque 0x2200003 i0(54)+i1(31)+i21(25)+i25(10) · paquet hors cadre
20	1102	DELTA gen 1	lie ti=35 masque 0x2200003 i0(54)+i1(31)+i21(25)+i25(10) · paquet hors cadre
20	1106	DELTA gen 1	lie ti=35 masque 0x2200003 i0(54)+i1(31)+i21(25)+i25(10) · paquet hors cadre
20	1108	DELTA gen 1	lie ti=35 masque 0x2200003 i0(54)+i1(31)+i21(25)+i25(10) · paquet hors cadre
20	1110	DELTA gen 1	lie ti=35 masque 0x2200003 i0(54)+i1(31)+i21(25)+i25(10) · paquet hors cadre
20	1112	DELTA gen 1	lie ti=35 masque 0x2200003 i0(54)+i1(31)+i21(25)+i25(10) · paquet hors cadre
20	1114	DELTA gen 1	lie ti=35 masque 0x2200003 i0(54)+i1(31)+i21(25)+i25(10) · paquet hors cadre
20	1116	DELTA gen 1	lie ti=35 masque 0x2200003 i0(54)+i1(31)+i21(25)+i25(10) · paquet hors cadre
20	1118	DELTA gen 1	lie ti=35 masque 0x2200003 i0(54)+i1(31)+i21(25)+i25(10) · paquet hors cadre
20	1120	DELTA gen 1	lie ti=35 masque 0x2200003 i0(54)+i1(31)+i21(25)+i25(10) · paquet hors cadre
20	1126	DELTA gen 1	lie ti=35 masque 0x2200000 i21(25)+i25(10) · paquet hors cadre
20	1128	DELTA gen 1	lie ti=35 masque 0x2200000 i21(25)+i25(10) · paquet hors cadre
20	1130	DELTA gen 1	lie ti=35 masque 0x2200000 i21(25)+i25(10) · paquet hors cadre
20	1132	DELTA gen 1	lie ti=35 masque 0x2200000 i21(25)+i25(10) · paquet hors cadre
20	1138	DELTA gen 1	lie ti=35 masque 0x2200000 i21(25)+i25(10) · paquet hors cadre
20	1140	DELTA gen 1	lie ti=35 masque 0x2200000 i21(25)+i25(10) · paquet hors cadre
20	1142	DELTA gen 1	lie ti=35 masque 0x2200000 i21(25)+i25(10) · paquet hors cadre
20	1144	DELTA gen 1	lie ti=35 masque 0x2200000 i21(25)+i25(10) · paquet hors cadre
20	1146	DELTA gen 1	lie ti=35 masque 0x2200000 i21(25)+i25(10) · paquet hors cadre
20	1162	DELTA gen 1	lie ti=35 masque 0x2200000 i21(25)+i25(10) · paquet hors cadre
20	1164	DELTA gen 1	lie ti=35 masque 0x2200000 i21(25)+i25(10) · paquet hors cadre
20	1166	DELTA gen 1	lie ti=35 masque 0x2200000 i21(25)+i25(10) · paquet hors cadre
20	1168	DELTA gen 1	lie ti=35 masque 0x2200000 i21(25)+i25(10) · paquet hors cadre
20	1170	DELTA gen 1	lie ti=35 masque 0x2200000 i21(25)+i25(10) · paquet hors cadre
20	1172	DELTA gen 1	lie ti=35 masque 0x2200000 i21(25)+i25(10) · paquet hors cadre
20	1174	DELTA gen 1	lie ti=35 masque 0x2200000 i21(25)+i25(10) · paquet hors cadre
20	1176	DELTA gen 1	lie ti=35 masque 0x2200000 i21(25)+i25(10) · paquet hors cadre
20	1180	DELTA gen 1	lie ti=35 masque 0x2200000 i21(25)+i25(10) · paquet hors cadre
20	1182	DELTA gen 1	lie ti=35 masque 0x2200000 i21(25)+i25(10) · paquet hors cadre
20	1184	DELTA gen 1	lie ti=35 masque 0x2200000 i21(25)+i25(10) · paquet hors cadre
20	1186	DELTA gen 1	lie ti=35 masque 0x2200000 i21(25)+i25(10) · paquet hors cadre
20	1188	DELTA gen 1	lie ti=35 masque 0x2200000 i21(25)+i25(10) · paquet hors cadre
20	1190	DELTA gen 1	lie ti=35 masque 0x2200000 i21(25)+i25(10) · paquet hors cadre
21	1	image-cle	ti=35 tete=1
21	1	image-cle voisin	slot 610 ti=35 tete=1 bit 218343 (suivant 221372)
21	1	image-cle voisin	slot 613 ti=35 tete=1 bit 221372 (suivant 223494)
21	-1	bloc de type 1	gen 1 vivante true pont resolu ti=35
21	16	DELTA gen 1	lie ti=35 masque 0x2200000 i21(25)+i25(10) · paquet ferme
21	18	DELTA gen 1	lie ti=35 masque 0x2200000 i21(25)+i25(10) · paquet ferme
21	20	DELTA gen 1	lie ti=35 masque 0x2200000 i21(25)+i25(10) · paquet ferme
21	26	DELTA gen 1	lie ti=35 masque 0x2200000 i21(25)+i25(10) · paquet ferme
21	28	DELTA gen 1	lie ti=35 masque 0x2200000 i21(25)+i25(10) · paquet hors cadre
21	88	DELTA gen 1	lie ti=35 masque 0x2200000 i21(25)+i25(10) · paquet hors cadre
21	90	DELTA gen 1	lie ti=35 masque 0x2200000 i21(25)+i25(10) · paquet hors cadre
21	100	DELTA gen 1	lie ti=35 masque 0x2200000 i21(25)+i25(10) · paquet hors cadre
21	102	DELTA gen 1	lie ti=35 masque 0x2200000 i21(25)+i25(10) · paquet hors cadre
21	104	DELTA gen 1	lie ti=35 masque 0x2200000 i21(25)+i25(10) · paquet hors cadre
21	106	DELTA gen 1	lie ti=35 masque 0x2200000 i21(25)+i25(10) · paquet hors cadre
21	108	DELTA gen 1	lie ti=35 masque 0x2200000 i21(25)+i25(10) · paquet hors cadre
21	116	DELTA gen 1	lie ti=35 masque 0x2200000 i21(25)+i25(10) · paquet hors cadre
21	144	DELTA gen 1	lie ti=35 masque 0x2200000 i21(25)+i25(10) · paquet hors cadre
21	146	DELTA gen 1	lie ti=35 masque 0x2200000 i21(25)+i25(10) · paquet hors cadre
21	148	DELTA gen 1	lie ti=35 masque 0x2200000 i21(25)+i25(10) · paquet hors cadre
21	150	DELTA gen 1	lie ti=35 masque 0x2200000 i21(25)+i25(10) · paquet hors cadre
21	152	DELTA gen 1	lie ti=35 masque 0x2200000 i21(25)+i25(10) · paquet hors cadre
21	154	DELTA gen 1	lie ti=35 masque 0x2200000 i21(25)+i25(10) · paquet hors cadre
21	156	DELTA gen 1	lie ti=35 masque 0x2200000 i21(25)+i25(10) · paquet hors cadre
21	158	DELTA gen 1	lie ti=35 masque 0x2200000 i21(25)+i25(10) · paquet hors cadre
21	160	DELTA gen 1	lie ti=35 masque 0x2200000 i21(25)+i25(10) · paquet hors cadre
21	162	DELTA gen 1	lie ti=35 masque 0x2200000 i21(25)+i25(10) · paquet hors cadre
21	164	DELTA gen 1	lie ti=35 masque 0x2200000 i21(25)+i25(10) · paquet hors cadre
21	166	DELTA gen 1	lie ti=35 masque 0x2200000 i21(25)+i25(10) · paquet hors cadre
21	168	DELTA gen 1	lie ti=35 masque 0x2200000 i21(25)+i25(10) · paquet hors cadre
21	170	DELTA gen 1	lie ti=35 masque 0x2200000 i21(25)+i25(10) · paquet hors cadre
21	172	DELTA gen 1	lie ti=35 masque 0x2200000 i21(25)+i25(10) · paquet hors cadre
21	174	DELTA gen 1	lie ti=35 masque 0x2200000 i21(25)+i25(10) · paquet hors cadre
21	176	DELTA gen 1	lie ti=35 masque 0x2200000 i21(25)+i25(10) · paquet hors cadre
21	204	DELTA gen 1	lie ti=35 masque 0x2200000 i21(25)+i25(10) · paquet hors cadre
21	208	DELTA gen 1	lie ti=35 masque 0x2200000 i21(25)+i25(10) · paquet hors cadre
21	210	DELTA gen 1	lie ti=35 masque 0x2200000 i21(25)+i25(10) · paquet hors cadre
21	212	DELTA gen 1	lie ti=35 masque 0x2200000 i21(25)+i25(10) · paquet hors cadre
21	214	DELTA gen 1	lie ti=35 masque 0x2200000 i21(25)+i25(10) · paquet hors cadre
21	216	DELTA gen 1	lie ti=35 masque 0x2200000 i21(25)+i25(10) · paquet hors cadre
21	218	DELTA gen 1	lie ti=35 masque 0x2200000 i21(25)+i25(10) · paquet hors cadre
21	220	DELTA gen 1	lie ti=35 masque 0x2200000 i21(25)+i25(10) · paquet hors cadre
21	222	DELTA gen 1	lie ti=35 masque 0x2200000 i21(25)+i25(10) · paquet hors cadre
21	224	DELTA gen 1	lie ti=35 masque 0x2200000 i21(25)+i25(10) · paquet hors cadre
21	226	DELTA gen 1	lie ti=35 masque 0x2200000 i21(25)+i25(10) · paquet hors cadre
21	228	DELTA gen 1	lie ti=35 masque 0x2200000 i21(25)+i25(10) · paquet hors cadre
21	232	DELTA gen 1	lie ti=35 masque 0x2200000 i21(25)+i25(10) · paquet hors cadre
21	234	DELTA gen 1	lie ti=35 masque 0x2200000 i21(25)+i25(10) · paquet hors cadre
21	236	DELTA gen 1	lie ti=35 masque 0x2200000 i21(25)+i25(10) · paquet hors cadre
21	238	DELTA gen 1	lie ti=35 masque 0x2200000 i21(25)+i25(10) · paquet hors cadre
21	240	DELTA gen 1	lie ti=35 masque 0x2200000 i21(25)+i25(10) · paquet hors cadre
21	242	DELTA gen 1	lie ti=35 masque 0x2200000 i21(25)+i25(10) · paquet hors cadre
21	244	DELTA gen 1	lie ti=35 masque 0x2200000 i21(25)+i25(10) · paquet hors cadre
21	246	DELTA gen 1	lie ti=35 masque 0x2200000 i21(25)+i25(10) · paquet hors cadre
21	258	DELTA gen 1	lie ti=35 masque 0x2200000 i21(25)+i25(10) · paquet hors cadre
21	260	DELTA gen 1	lie ti=35 masque 0x2200000 i21(25)+i25(10) · paquet hors cadre
21	262	DELTA gen 1	lie ti=35 masque 0x2200000 i21(25)+i25(10) · paquet hors cadre
21	264	DELTA gen 1	lie ti=35 masque 0x2200000 i21(25)+i25(10) · paquet hors cadre
21	266	DELTA gen 1	lie ti=35 masque 0x2200000 i21(25)+i25(10) · paquet hors cadre
21	268	DELTA gen 1	lie ti=35 masque 0x2200000 i21(25)+i25(10) · paquet hors cadre
21	270	DELTA gen 1	lie ti=35 masque 0x2200000 i21(25)+i25(10) · paquet hors cadre
21	274	DELTA gen 1	lie ti=35 masque 0x2200000 i21(25)+i25(10) · paquet hors cadre
21	276	DELTA gen 1	lie ti=35 masque 0x2200000 i21(25)+i25(10) · paquet hors cadre
21	278	DELTA gen 1	lie ti=35 masque 0x2200000 i21(25)+i25(10) · paquet hors cadre
21	280	DELTA gen 1	lie ti=35 masque 0x2200000 i21(25)+i25(10) · paquet hors cadre
21	282	DELTA gen 1	lie ti=35 masque 0x2200000 i21(25)+i25(10) · paquet hors cadre
21	284	DELTA gen 1	lie ti=35 masque 0x2200000 i21(25)+i25(10) · paquet hors cadre
21	286	DELTA gen 1	lie ti=35 masque 0x2200000 i21(25)+i25(10) · paquet hors cadre
21	288	DELTA gen 1	lie ti=35 masque 0x2200000 i21(25)+i25(10) · paquet hors cadre
21	290	DELTA gen 1	lie ti=35 masque 0x2200000 i21(25)+i25(10) · paquet hors cadre
21	292	DELTA gen 1	lie ti=35 masque 0x2200000 i21(25)+i25(10) · paquet hors cadre
21	294	DELTA gen 1	lie ti=35 masque 0x2200000 i21(25)+i25(10) · paquet hors cadre
21	296	DELTA gen 1	lie ti=35 masque 0x2200000 i21(25)+i25(10) · paquet hors cadre
21	298	DELTA gen 1	lie ti=35 masque 0x2200000 i21(25)+i25(10) · paquet hors cadre
21	300	DELTA gen 1	lie ti=35 masque 0x2200000 i21(25)+i25(10) · paquet hors cadre
21	302	DELTA gen 1	lie ti=35 masque 0x2200000 i21(25)+i25(10) · paquet hors cadre
21	304	DELTA gen 1	lie ti=35 masque 0x2200000 i21(25)+i25(10) · paquet hors cadre
21	308	DELTA gen 1	lie ti=35 masque 0x2200000 i21(25)+i25(10) · paquet hors cadre
21	310	DELTA gen 1	lie ti=35 masque 0x2200000 i21(25)+i25(10) · paquet hors cadre
21	312	DELTA gen 1	lie ti=35 masque 0x2200000 i21(25)+i25(10) · paquet hors cadre
21	314	DELTA gen 1	lie ti=35 masque 0x2200000 i21(25)+i25(10) · paquet hors cadre
21	316	DELTA gen 1	lie ti=35 masque 0x2200000 i21(25)+i25(10) · paquet hors cadre
21	318	DELTA gen 1	lie ti=35 masque 0x2200000 i21(25)+i25(10) · paquet hors cadre
21	320	DELTA gen 1	lie ti=35 masque 0x2200000 i21(25)+i25(10) · paquet hors cadre
21	322	DELTA gen 1	lie ti=35 masque 0x2200000 i21(25)+i25(10) · paquet hors cadre
21	324	DELTA gen 1	lie ti=35 masque 0x2200000 i21(25)+i25(10) · paquet hors cadre
21	342	DELTA gen 1	lie ti=35 masque 0x2200000 i21(25)+i25(10) · paquet hors cadre
21	344	DELTA gen 1	lie ti=35 masque 0x2200000 i21(25)+i25(10) · paquet hors cadre
21	346	DELTA gen 1	lie ti=35 masque 0x2200000 i21(25)+i25(10) · paquet hors cadre
21	354	DELTA gen 1	lie ti=35 masque 0x2200000 i21(25)+i25(10) · paquet hors cadre
21	356	DELTA gen 1	lie ti=35 masque 0x2200000 i21(25)+i25(10) · paquet hors cadre
21	358	DELTA gen 1	lie ti=35 masque 0x2200000 i21(25)+i25(10) · paquet hors cadre
21	362	DELTA gen 1	lie ti=35 masque 0x2200000 i21(25)+i25(10) · paquet hors cadre
21	368	DELTA gen 1	lie ti=35 masque 0x2200000 i21(25)+i25(10) · paquet ferme
21	370	DELTA gen 1	lie ti=35 masque 0x2200000 i21(25)+i25(10) · paquet ferme
21	372	DELTA gen 1	lie ti=35 masque 0x2200000 i21(25)+i25(10) · paquet ferme
21	374	DELTA gen 1	lie ti=35 masque 0x2200000 i21(25)+i25(10) · paquet ferme
21	376	DELTA gen 1	lie ti=35 masque 0x2200000 i21(25)+i25(10) · paquet ferme
21	378	DELTA gen 1	lie ti=35 masque 0x2200000 i21(25)+i25(10) · paquet ferme
21	380	DELTA gen 1	lie ti=35 masque 0x2200000 i21(25)+i25(10) · paquet ferme
21	382	DELTA gen 1	lie ti=35 masque 0x2200000 i21(25)+i25(10) · paquet ferme
21	384	DELTA gen 1	lie ti=35 masque 0x2200000 i21(25)+i25(10) · paquet ferme
21	386	DELTA gen 1	lie ti=35 masque 0x2200000 i21(25)+i25(10) · paquet ferme
21	388	DELTA gen 1	lie ti=35 masque 0x2200000 i21(25)+i25(10) · paquet hors cadre
21	390	DELTA gen 1	lie ti=35 masque 0x2200000 i21(25)+i25(10) · paquet hors cadre
21	392	DELTA gen 1	lie ti=35 masque 0x2200000 i21(25)+i25(10) · paquet hors cadre
21	398	DELTA gen 1	lie ti=35 masque 0x2200000 i21(25)+i25(10) · paquet hors cadre
21	400	DELTA gen 1	lie ti=35 masque 0x2200000 i21(25)+i25(10) · paquet hors cadre
21	402	DELTA gen 1	lie ti=35 masque 0x2200000 i21(25)+i25(10) · paquet hors cadre
21	404	DELTA gen 1	lie ti=35 masque 0x2200000 i21(25)+i25(10) · paquet hors cadre
21	406	DELTA gen 1	lie ti=35 masque 0x2200000 i21(25)+i25(10) · paquet hors cadre
21	410	DELTA gen 1	lie ti=35 masque 0x2200000 i21(25)+i25(10) · paquet hors cadre
21	412	DELTA gen 1	lie ti=35 masque 0x2200000 i21(25)+i25(10) · paquet hors cadre
21	414	DELTA gen 1	lie ti=35 masque 0x2200000 i21(25)+i25(10) · paquet hors cadre
21	416	DELTA gen 1	lie ti=35 masque 0x2200000 i21(25)+i25(10) · paquet hors cadre
21	418	DELTA gen 1	lie ti=35 masque 0x2200000 i21(25)+i25(10) · paquet hors cadre
21	422	DELTA gen 1	lie ti=35 masque 0x2200000 i21(25)+i25(10) · paquet hors cadre
21	424	DELTA gen 1	lie ti=35 masque 0x2200000 i21(25)+i25(10) · paquet hors cadre
21	426	DELTA gen 1	lie ti=35 masque 0x2200000 i21(25)+i25(10) · paquet hors cadre
21	428	DELTA gen 1	lie ti=35 masque 0x2200000 i21(25)+i25(10) · paquet hors cadre
21	430	DELTA gen 1	lie ti=35 masque 0x2200000 i21(25)+i25(10) · paquet hors cadre
21	432	DELTA gen 1	lie ti=35 masque 0x2200000 i21(25)+i25(10) · paquet hors cadre
21	436	DELTA gen 1	lie ti=35 masque 0x2200000 i21(25)+i25(10) · paquet hors cadre
21	438	DELTA gen 1	lie ti=35 masque 0x2200000 i21(25)+i25(10) · paquet hors cadre
21	440	DELTA gen 1	lie ti=35 masque 0x2200000 i21(25)+i25(10) · paquet hors cadre
21	442	DELTA gen 1	lie ti=35 masque 0x2200000 i21(25)+i25(10) · paquet hors cadre
21	444	DELTA gen 1	lie ti=35 masque 0x2200000 i21(25)+i25(10) · paquet hors cadre
21	446	DELTA gen 1	lie ti=35 masque 0x2200000 i21(25)+i25(10) · paquet hors cadre
21	448	DELTA gen 1	lie ti=35 masque 0x2200000 i21(25)+i25(10) · paquet hors cadre
21	450	DELTA gen 1	lie ti=35 masque 0x2200000 i21(25)+i25(10) · paquet hors cadre
21	452	DELTA gen 1	lie ti=35 masque 0x2200000 i21(25)+i25(10) · paquet hors cadre
21	454	DELTA gen 1	lie ti=35 masque 0x2200000 i21(25)+i25(10) · paquet hors cadre
21	456	DELTA gen 1	lie ti=35 masque 0x2200000 i21(25)+i25(10) · paquet hors cadre
21	458	DELTA gen 1	lie ti=35 masque 0x2200000 i21(25)+i25(10) · paquet hors cadre
21	460	DELTA gen 1	lie ti=35 masque 0x2200000 i21(25)+i25(10) · paquet hors cadre
21	462	DELTA gen 1	lie ti=35 masque 0x2200000 i21(25)+i25(10) · paquet hors cadre
21	464	DELTA gen 1	lie ti=35 masque 0x2200000 i21(25)+i25(10) · paquet hors cadre
21	466	DELTA gen 1	lie ti=35 masque 0x2200000 i21(25)+i25(10) · paquet hors cadre
21	468	DELTA gen 1	lie ti=35 masque 0x2200000 i21(25)+i25(10) · paquet hors cadre
21	470	DELTA gen 1	lie ti=35 masque 0x2200000 i21(25)+i25(10) · paquet hors cadre
21	472	DELTA gen 1	lie ti=35 masque 0x2200000 i21(25)+i25(10) · paquet hors cadre
21	478	DELTA gen 1	lie ti=35 masque 0x2200000 i21(25)+i25(10) · paquet hors cadre
21	480	DELTA gen 1	lie ti=35 masque 0x2200000 i21(25)+i25(10) · paquet hors cadre
21	486	DELTA gen 1	lie ti=35 masque 0x2200000 i21(25)+i25(10) · paquet hors cadre
21	488	DELTA gen 1	lie ti=35 masque 0x2200000 i21(25)+i25(10) · paquet hors cadre
21	490	DELTA gen 1	lie ti=35 masque 0x2200000 i21(25)+i25(10) · paquet hors cadre
21	492	DELTA gen 1	lie ti=35 masque 0x2200000 i21(25)+i25(10) · paquet hors cadre
21	494	DELTA gen 1	lie ti=35 masque 0x2200000 i21(25)+i25(10) · paquet hors cadre
21	496	DELTA gen 1	lie ti=35 masque 0x2200000 i21(25)+i25(10) · paquet hors cadre
21	498	DELTA gen 1	lie ti=35 masque 0x2200000 i21(25)+i25(10) · paquet hors cadre
21	500	DELTA gen 1	lie ti=35 masque 0x2200000 i21(25)+i25(10) · paquet hors cadre
21	502	DELTA gen 1	lie ti=35 masque 0x2200000 i21(25)+i25(10) · paquet hors cadre
21	504	DELTA gen 1	lie ti=35 masque 0x2200000 i21(25)+i25(10) · paquet hors cadre
21	506	DELTA gen 1	lie ti=35 masque 0x2200000 i21(25)+i25(10) · paquet hors cadre
21	508	DELTA gen 1	lie ti=35 masque 0x2200000 i21(25)+i25(10) · paquet hors cadre
21	510	DELTA gen 1	lie ti=35 masque 0x2200000 i21(25)+i25(10) · paquet hors cadre
21	514	DELTA gen 1	lie ti=35 masque 0x2200000 i21(25)+i25(10) · paquet hors cadre
21	516	DELTA gen 1	lie ti=35 masque 0x2200000 i21(25)+i25(10) · paquet hors cadre
21	518	DELTA gen 1	lie ti=35 masque 0x2200000 i21(25)+i25(10) · paquet hors cadre
21	520	DELTA gen 1	lie ti=35 masque 0x2200000 i21(25)+i25(10) · paquet hors cadre
21	522	DELTA gen 1	lie ti=35 masque 0x2200000 i21(25)+i25(10) · paquet hors cadre
21	524	DELTA gen 1	lie ti=35 masque 0x2200000 i21(25)+i25(10) · paquet hors cadre
21	526	DELTA gen 1	lie ti=35 masque 0x2200000 i21(25)+i25(10) · paquet hors cadre
21	532	DELTA gen 1	lie ti=35 masque 0x2200000 i21(25)+i25(10) · paquet hors cadre
21	534	DELTA gen 1	lie ti=35 masque 0x2200000 i21(25)+i25(10) · paquet hors cadre
21	536	DELTA gen 1	lie ti=35 masque 0x2200000 i21(25)+i25(10) · paquet hors cadre
21	538	DELTA gen 1	lie ti=35 masque 0x2200000 i21(25)+i25(10) · paquet hors cadre
21	540	DELTA gen 1	lie ti=35 masque 0x2200000 i21(25)+i25(10) · paquet hors cadre
21	542	DELTA gen 1	lie ti=35 masque 0x2200000 i21(25)+i25(10) · paquet hors cadre
21	546	DELTA gen 1	lie ti=35 masque 0x2200000 i21(25)+i25(10) · paquet hors cadre
21	550	DELTA gen 1	lie ti=35 masque 0x2200000 i21(25)+i25(10) · paquet hors cadre
21	554	DELTA gen 1	lie ti=35 masque 0x2200000 i21(25)+i25(10) · paquet hors cadre
21	556	DELTA gen 1	lie ti=35 masque 0x2200000 i21(25)+i25(10) · paquet hors cadre
21	558	DELTA gen 1	lie ti=35 masque 0x2200000 i21(25)+i25(10) · paquet hors cadre
21	560	DELTA gen 1	lie ti=35 masque 0x2200000 i21(25)+i25(10) · paquet hors cadre
21	566	DELTA gen 1	lie ti=35 masque 0x2200000 i21(25)+i25(10) · paquet hors cadre
21	568	DELTA gen 1	lie ti=35 masque 0x2200000 i21(25)+i25(10) · paquet hors cadre
21	570	DELTA gen 1	lie ti=35 masque 0x2200000 i21(25)+i25(10) · paquet hors cadre
21	572	DELTA gen 1	lie ti=35 masque 0x2200000 i21(25)+i25(10) · paquet hors cadre
21	574	DELTA gen 1	lie ti=35 masque 0x2200000 i21(25)+i25(10) · paquet hors cadre
21	576	DELTA gen 1	lie ti=35 masque 0x2200000 i21(25)+i25(10) · paquet hors cadre
21	580	DELTA gen 1	lie ti=35 masque 0x2200000 i21(25)+i25(10) · paquet hors cadre
21	582	DELTA gen 1	lie ti=35 masque 0x2200000 i21(25)+i25(10) · paquet hors cadre
21	584	DELTA gen 1	lie ti=35 masque 0x2200020 i5(29)+i21(25)+i25(10) · paquet hors cadre
21	586	DELTA gen 1	lie ti=35 masque 0x2200020 i5(29)+i21(25)+i25(10) · paquet hors cadre
21	588	DELTA gen 1	lie ti=35 masque 0x20 i5(29) · paquet hors cadre
21	590	DELTA gen 1	lie ti=35 masque 0x2200020 i5(29)+i21(25)+i25(10) · paquet hors cadre
21	594	DELTA gen 1	lie ti=35 masque 0x2200020 i5(29)+i21(25)+i25(10) · paquet hors cadre
21	596	DELTA gen 1	lie ti=35 masque 0x2200020 i5(29)+i21(25)+i25(10) · paquet hors cadre
21	598	DELTA gen 1	lie ti=35 masque 0x2200020 i5(29)+i21(25)+i25(10) · paquet hors cadre
21	600	DELTA gen 1	lie ti=35 masque 0x2200020 i5(29)+i21(25)+i25(10) · paquet hors cadre
21	602	DELTA gen 1	lie ti=35 masque 0x2200020 i5(29)+i21(25)+i25(10) · paquet hors cadre
21	604	DELTA gen 1	lie ti=35 masque 0x20 i5(29) · paquet hors cadre
21	608	DELTA gen 1	lie ti=35 masque 0x20 i5(29) · paquet hors cadre
21	610	DELTA gen 1	lie ti=35 masque 0x2200020 i5(29)+i21(25)+i25(10) · paquet hors cadre
21	612	DELTA gen 1	lie ti=35 masque 0x2200020 i5(29)+i21(25)+i25(10) · paquet hors cadre
21	614	DELTA gen 1	lie ti=35 masque 0x2200020 i5(29)+i21(25)+i25(10) · paquet hors cadre
21	616	DELTA gen 1	lie ti=35 masque 0x20 i5(29) · paquet hors cadre
21	618	DELTA gen 1	lie ti=35 masque 0x20 i5(29) · paquet hors cadre
21	620	DELTA gen 1	lie ti=35 masque 0x20 i5(29) · paquet hors cadre
21	622	DELTA gen 1	lie ti=35 masque 0x20 i5(29) · paquet hors cadre
21	624	DELTA gen 1	lie ti=35 masque 0x20 i5(29) · paquet hors cadre
21	626	DELTA gen 1	lie ti=35 masque 0x20 i5(29) · paquet hors cadre
21	628	DELTA gen 1	lie ti=35 masque 0x20 i5(29) · paquet hors cadre
21	630	DELTA gen 1	lie ti=35 masque 0x20 i5(29) · paquet hors cadre
21	634	DELTA gen 1	lie ti=35 masque 0x20 i5(29) · paquet hors cadre
21	636	DELTA gen 1	lie ti=35 masque 0x20 i5(29) · paquet hors cadre
21	640	DELTA gen 1	lie ti=35 masque 0x20 i5(29) · paquet hors cadre
21	642	DELTA gen 1	lie ti=35 masque 0x20 i5(29) · paquet hors cadre
21	644	DELTA gen 1	lie ti=35 masque 0x20 i5(29) · paquet hors cadre
21	646	DELTA gen 1	lie ti=35 masque 0x20 i5(29) · paquet hors cadre
21	648	DELTA gen 1	lie ti=35 masque 0x20 i5(29) · paquet hors cadre
21	650	DELTA gen 1	lie ti=35 masque 0x20 i5(29) · paquet hors cadre
21	654	DELTA gen 1	lie ti=35 masque 0x20 i5(29) · paquet hors cadre
21	656	DELTA gen 1	lie ti=35 masque 0x20 i5(29) · paquet hors cadre
21	658	DELTA gen 1	lie ti=35 masque 0x20 i5(29) · paquet hors cadre
21	662	DELTA gen 1	lie ti=35 masque 0x2200020 i5(29)+i21(25)+i25(10) · paquet hors cadre
21	664	DELTA gen 1	lie ti=35 masque 0x2200020 i5(29)+i21(25)+i25(10) · paquet hors cadre
21	668	DELTA gen 1	lie ti=35 masque 0x2200020 i5(29)+i21(25)+i25(10) · paquet hors cadre
21	670	DELTA gen 1	lie ti=35 masque 0x20 i5(29) · paquet hors cadre
21	674	DELTA gen 1	lie ti=35 masque 0x2200020 i5(29)+i21(25)+i25(10) · paquet hors cadre
21	676	DELTA gen 1	lie ti=35 masque 0x2200020 i5(29)+i21(25)+i25(10) · paquet hors cadre
21	678	DELTA gen 1	lie ti=35 masque 0x2200020 i5(29)+i21(25)+i25(10) · paquet hors cadre
21	680	DELTA gen 1	lie ti=35 masque 0x2200020 i5(29)+i21(25)+i25(10) · paquet hors cadre
21	682	DELTA gen 1	lie ti=35 masque 0x2200020 i5(29)+i21(25)+i25(10) · paquet hors cadre
21	686	DELTA gen 1	lie ti=35 masque 0x20 i5(29) · paquet hors cadre
21	688	DELTA gen 1	lie ti=35 masque 0x2200020 i5(29)+i21(25)+i25(10) · paquet hors cadre
21	690	DELTA gen 1	lie ti=35 masque 0x2200020 i5(29)+i21(25)+i25(10) · paquet hors cadre
21	692	DELTA gen 1	lie ti=35 masque 0x20 i5(29) · paquet hors cadre
21	694	DELTA gen 1	lie ti=35 masque 0x2200020 i5(29)+i21(25)+i25(10) · paquet hors cadre
21	696	DELTA gen 1	lie ti=35 masque 0x2200020 i5(29)+i21(25)+i25(10) · paquet hors cadre
21	700	DELTA gen 1	lie ti=35 masque 0x20 i5(29) · paquet hors cadre
21	704	DELTA gen 1	lie ti=35 masque 0x20 i5(29) · paquet hors cadre
21	706	DELTA gen 1	lie ti=35 masque 0x20 i5(29) · paquet hors cadre
21	708	DELTA gen 1	lie ti=35 masque 0x2200020 i5(29)+i21(25)+i25(10) · paquet hors cadre
21	710	DELTA gen 1	lie ti=35 masque 0x2200020 i5(29)+i21(25)+i25(10) · paquet hors cadre
21	714	DELTA gen 1	lie ti=35 masque 0x2200023 i0(54)+i1(31)+i5(29)+i21(25)+i25(10) · paquet hors cadre
21	716	DELTA gen 1	lie ti=35 masque 0x2200023 i0(54)+i1(31)+i5(29)+i21(25)+i25(10) · paquet hors cadre
21	718	DELTA gen 1	lie ti=35 masque 0x2200023 i0(54)+i1(31)+i5(29)+i21(25)+i25(10) · paquet hors cadre
21	720	DELTA gen 1	lie ti=35 masque 0x2200023 i0(54)+i1(31)+i5(29)+i21(25)+i25(10) · paquet hors cadre
21	722	DELTA gen 1	lie ti=35 masque 0x2200023 i0(54)+i1(31)+i5(29)+i21(25)+i25(10) · paquet hors cadre
21	724	DELTA gen 1	lie ti=35 masque 0x2200023 i0(54)+i1(31)+i5(29)+i21(25)+i25(10) · paquet hors cadre
21	728	DELTA gen 1	lie ti=35 masque 0x2200023 i0(54)+i1(31)+i5(29)+i21(25)+i25(10) · paquet hors cadre
21	730	DELTA gen 1	lie ti=35 masque 0x2200023 i0(54)+i1(31)+i5(29)+i21(25)+i25(10) · paquet vue C : kind non porte
21	732	DELTA gen 1	lie ti=35 masque 0x2200023 i0(54)+i1(31)+i5(29)+i21(25)+i25(10) · paquet hors cadre
21	734	DELTA gen 1	lie ti=35 masque 0x2000023 i0(54)+i1(31)+i5(29)+i25(10) · paquet hors cadre
21	736	DELTA gen 1	lie ti=35 masque 0x2000023 i0(54)+i1(31)+i5(29)+i25(10) · paquet hors cadre
21	738	DELTA gen 1	lie ti=35 masque 0x2000023 i0(54)+i1(31)+i5(29)+i25(10) · paquet hors cadre
21	740	DELTA gen 1	lie ti=35 masque 0x2200023 i0(54)+i1(31)+i5(29)+i21(25)+i25(10) · paquet hors cadre
21	742	DELTA gen 1	lie ti=35 masque 0x2200023 i0(54)+i1(31)+i5(29)+i21(25)+i25(10) · paquet hors cadre
21	744	DELTA gen 1	lie ti=35 masque 0x2200023 i0(54)+i1(31)+i5(29)+i21(25)+i25(10) · paquet hors cadre
21	746	DELTA gen 1	lie ti=35 masque 0x2200023 i0(54)+i1(31)+i5(29)+i21(25)+i25(10) · paquet hors cadre
21	748	DELTA gen 1	lie ti=35 masque 0x2200023 i0(54)+i1(31)+i5(29)+i21(25)+i25(10) · paquet hors cadre
21	750	DELTA gen 1	lie ti=35 masque 0x2200023 i0(54)+i1(31)+i5(29)+i21(25)+i25(10) · paquet hors cadre
21	752	DELTA gen 1	lie ti=35 masque 0x2200023 i0(54)+i1(31)+i5(29)+i21(25)+i25(10) · paquet hors cadre
21	754	DELTA gen 1	lie ti=35 masque 0x2200023 i0(54)+i1(31)+i5(29)+i21(25)+i25(10) · paquet hors cadre
21	756	DELTA gen 1	lie ti=35 masque 0x2200023 i0(54)+i1(31)+i5(29)+i21(25)+i25(10) · paquet hors cadre
21	758	DELTA gen 1	lie ti=35 masque 0x2200023 i0(54)+i1(31)+i5(29)+i21(25)+i25(10) · paquet hors cadre
21	760	DELTA gen 1	lie ti=35 masque 0x2200023 i0(54)+i1(31)+i5(29)+i21(25)+i25(10) · paquet hors cadre
21	762	DELTA gen 1	lie ti=35 masque 0x2200023 i0(54)+i1(31)+i5(29)+i21(25)+i25(10) · paquet hors cadre
21	764	DELTA gen 1	lie ti=35 masque 0x2200023 i0(54)+i1(31)+i5(29)+i21(25)+i25(10) · paquet hors cadre
21	766	DELTA gen 1	lie ti=35 masque 0x2200023 i0(54)+i1(31)+i5(29)+i21(25)+i25(10) · paquet hors cadre
21	768	DELTA gen 1	lie ti=35 masque 0x2200023 i0(54)+i1(31)+i5(29)+i21(25)+i25(10) · paquet hors cadre
21	770	DELTA gen 1	lie ti=35 masque 0x2200023 i0(54)+i1(31)+i5(29)+i21(25)+i25(10) · paquet hors cadre
21	772	DELTA gen 1	lie ti=35 masque 0x2200023 i0(54)+i1(31)+i5(29)+i21(25)+i25(10) · paquet hors cadre
21	774	DELTA gen 1	lie ti=35 masque 0x2200023 i0(54)+i1(31)+i5(29)+i21(25)+i25(10) · paquet hors cadre
21	776	DELTA gen 1	lie ti=35 masque 0x2200023 i0(54)+i1(31)+i5(29)+i21(25)+i25(10) · paquet hors cadre
21	778	DELTA gen 1	lie ti=35 masque 0x2200023 i0(54)+i1(31)+i5(29)+i21(25)+i25(10) · paquet hors cadre
21	780	DELTA gen 1	lie ti=35 masque 0x2200023 i0(54)+i1(31)+i5(29)+i21(25)+i25(10) · paquet hors cadre
21	782	DELTA gen 1	lie ti=35 masque 0x2200023 i0(54)+i1(31)+i5(29)+i21(25)+i25(10) · paquet hors cadre
21	784	DELTA gen 1	lie ti=35 masque 0x2200023 i0(54)+i1(31)+i5(29)+i21(25)+i25(10) · paquet hors cadre
21	786	DELTA gen 1	lie ti=35 masque 0x2200023 i0(54)+i1(31)+i5(29)+i21(25)+i25(10) · paquet hors cadre
21	788	DELTA gen 1	lie ti=35 masque 0xa02200023 i0(54)+i1(31)+i5(29)+i21(25)+i25(10)+i33(14)+i35(9) · paquet hors cadre
21	790	DELTA gen 1	lie ti=35 masque 0x802200023 i0(54)+i1(31)+i5(29)+i21(25)+i25(10)+i35(9) · paquet hors cadre
21	792	DELTA gen 1	lie ti=35 masque 0x802200023 i0(54)+i1(31)+i5(29)+i21(25)+i25(10)+i35(9) · paquet hors cadre
21	794	DELTA gen 1	lie ti=35 masque 0x802200023 i0(54)+i1(31)+i5(29)+i21(25)+i25(10)+i35(9) · paquet hors cadre
21	796	DELTA gen 1	lie ti=35 masque 0x802200023 i0(54)+i1(31)+i5(29)+i21(25)+i25(10)+i35(9) · paquet hors cadre
21	798	DELTA gen 1	lie ti=35 masque 0xa02200023 i0(54)+i1(31)+i5(29)+i21(25)+i25(10)+i33(14)+i35(9) · paquet hors cadre
21	800	DELTA gen 1	lie ti=35 masque 0x802200023 i0(54)+i1(31)+i5(29)+i21(25)+i25(10)+i35(9) · paquet hors cadre
21	802	DELTA gen 1	lie ti=35 masque 0x802200023 i0(54)+i1(31)+i5(29)+i21(25)+i25(10)+i35(9) · paquet hors cadre
21	804	DELTA gen 1	lie ti=35 masque 0x802200023 i0(54)+i1(31)+i5(29)+i21(25)+i25(10)+i35(9) · paquet hors cadre
21	806	DELTA gen 1	lie ti=35 masque 0xa02200023 i0(54)+i1(31)+i5(29)+i21(25)+i25(10)+i33(14)+i35(9) · paquet hors cadre
21	808	DELTA gen 1	lie ti=35 masque 0x802200023 i0(54)+i1(31)+i5(29)+i21(25)+i25(10)+i35(9) · paquet hors cadre
21	810	DELTA gen 1	lie ti=35 masque 0x802200023 i0(54)+i1(31)+i5(29)+i21(25)+i25(10)+i35(9) · paquet hors cadre
21	812	DELTA gen 1	lie ti=35 masque 0x802200023 i0(54)+i1(31)+i5(29)+i21(25)+i25(10)+i35(9) · paquet hors cadre
21	814	DELTA gen 1	lie ti=35 masque 0x802200023 i0(54)+i1(31)+i5(29)+i21(25)+i25(10)+i35(9) · paquet hors cadre
21	816	DELTA gen 1	lie ti=35 masque 0xa02200023 i0(54)+i1(31)+i5(29)+i21(25)+i25(10)+i33(14)+i35(9) · paquet hors cadre
21	818	DELTA gen 1	lie ti=35 masque 0x802200023 i0(54)+i1(31)+i5(29)+i21(25)+i25(10)+i35(9) · paquet hors cadre
21	820	DELTA gen 1	lie ti=35 masque 0x802200023 i0(54)+i1(31)+i5(29)+i21(25)+i25(10)+i35(9) · paquet hors cadre
21	822	DELTA gen 1	lie ti=35 masque 0x802200023 i0(54)+i1(31)+i5(29)+i21(25)+i25(10)+i35(9) · paquet hors cadre
21	824	DELTA gen 1	lie ti=35 masque 0x802200023 i0(54)+i1(31)+i5(29)+i21(25)+i25(10)+i35(9) · paquet hors cadre
21	826	DELTA gen 1	lie ti=35 masque 0xa02200023 i0(54)+i1(31)+i5(29)+i21(25)+i25(10)+i33(14)+i35(9) · paquet hors cadre
21	828	DELTA gen 1	lie ti=35 masque 0x802200023 i0(54)+i1(31)+i5(29)+i21(25)+i25(10)+i35(9) · paquet hors cadre
21	830	DELTA gen 1	lie ti=35 masque 0x802200023 i0(54)+i1(31)+i5(29)+i21(25)+i25(10)+i35(9) · paquet ferme
21	832	DELTA gen 1	lie ti=35 masque 0x802200023 i0(54)+i1(31)+i5(29)+i21(25)+i25(10)+i35(9) · paquet ferme
21	834	DELTA gen 1	lie ti=35 masque 0x802200023 i0(54)+i1(31)+i5(29)+i21(25)+i25(10)+i35(9) · paquet ferme
21	836	DELTA gen 1	lie ti=35 masque 0xa02200023 i0(54)+i1(31)+i5(29)+i21(25)+i25(10)+i33(14)+i35(9) · paquet ferme
21	838	DELTA gen 1	lie ti=35 masque 0x802200023 i0(54)+i1(31)+i5(29)+i21(25)+i25(10)+i35(9) · paquet ferme
21	840	DELTA gen 1	lie ti=35 masque 0x802200023 i0(54)+i1(31)+i5(29)+i21(25)+i25(10)+i35(9) · paquet ferme
21	842	DELTA gen 1	lie ti=35 masque 0x802200023 i0(54)+i1(31)+i5(29)+i21(25)+i25(10)+i35(9) · paquet ferme
21	844	DELTA gen 1	lie ti=35 masque 0xa02200023 i0(54)+i1(31)+i5(29)+i21(25)+i25(10)+i33(14)+i35(9) · paquet ferme
21	846	DELTA gen 1	lie ti=35 masque 0x802200023 i0(54)+i1(31)+i5(29)+i21(25)+i25(10)+i35(9) · paquet ferme
21	848	DELTA gen 1	lie ti=35 masque 0x802200023 i0(54)+i1(31)+i5(29)+i21(25)+i25(10)+i35(9) · paquet ferme
21	850	DELTA gen 1	lie ti=35 masque 0x802200023 i0(54)+i1(31)+i5(29)+i21(25)+i25(10)+i35(9) · paquet ferme
21	852	DELTA gen 1	lie ti=35 masque 0x802200023 i0(54)+i1(31)+i5(29)+i21(25)+i25(10)+i35(9) · paquet ferme
21	854	DELTA gen 1	lie ti=35 masque 0xa02200023 i0(54)+i1(31)+i5(29)+i21(25)+i25(10)+i33(14)+i35(9) · paquet ferme
21	856	DELTA gen 1	lie ti=35 masque 0x802200023 i0(54)+i1(31)+i5(29)+i21(25)+i25(10)+i35(9) · paquet ferme
21	858	DELTA gen 1	lie ti=35 masque 0x802200023 i0(54)+i1(31)+i5(29)+i21(25)+i25(10)+i35(9) · paquet ferme
21	860	DELTA gen 1	lie ti=35 masque 0x802200023 i0(54)+i1(31)+i5(29)+i21(25)+i25(10)+i35(9) · paquet ferme
21	864	DELTA gen 1	lie ti=35 masque 0xa02200023 i0(54)+i1(31)+i5(29)+i21(25)+i25(10)+i33(14)+i35(9) · paquet ti=63 archetype hors registre
21	866	DELTA gen 1	lie ti=35 masque 0x802200023 i0(54)+i1(31)+i5(29)+i21(25)+i25(10)+i35(9) · paquet ferme
21	870	DELTA gen 1	lie ti=35 masque 0x802200023 i0(54)+i1(31)+i5(29)+i21(25)+i25(10)+i35(9) · paquet hors cadre
21	872	DELTA gen 1	lie ti=35 masque 0xa02200023 i0(54)+i1(31)+i5(29)+i21(25)+i25(10)+i33(14)+i35(9) · paquet hors cadre
21	874	DELTA gen 1	lie ti=35 masque 0x802200023 i0(54)+i1(31)+i5(29)+i21(25)+i25(10)+i35(9) · paquet hors cadre
21	878	DELTA gen 1	lie ti=35 masque 0x802200023 i0(54)+i1(31)+i5(29)+i21(25)+i25(10)+i35(9) · paquet hors cadre
21	880	DELTA gen 1	lie ti=35 masque 0x802200023 i0(54)+i1(31)+i5(29)+i21(25)+i25(10)+i35(9) · paquet hors cadre
21	882	DELTA gen 1	lie ti=35 masque 0x802200023 i0(54)+i1(31)+i5(29)+i21(25)+i25(10)+i35(9) · paquet hors cadre
21	884	DELTA gen 1	lie ti=35 masque 0xa02200023 i0(54)+i1(31)+i5(29)+i21(25)+i25(10)+i33(14)+i35(9) · paquet hors cadre
21	888	DELTA gen 1	lie ti=35 masque 0x802200023 i0(54)+i1(31)+i5(29)+i21(25)+i25(10)+i35(9) · paquet hors cadre
21	890	DELTA gen 1	lie ti=35 masque 0x802200023 i0(54)+i1(31)+i5(29)+i21(25)+i25(10)+i35(9) · paquet hors cadre
21	892	DELTA gen 1	lie ti=35 masque 0x802200023 i0(54)+i1(31)+i5(29)+i21(25)+i25(10)+i35(9) · paquet hors cadre
21	894	DELTA gen 1	lie ti=35 masque 0xa02200023 i0(54)+i1(31)+i5(29)+i21(25)+i25(10)+i33(14)+i35(9) · paquet hors cadre
21	898	DELTA gen 1	lie ti=35 masque 0x802200023 i0(54)+i1(31)+i5(29)+i21(25)+i25(10)+i35(9) · paquet hors cadre
21	902	DELTA gen 1	lie ti=35 masque 0x802200021 i0(54)+i5(29)+i21(25)+i25(10)+i35(9) · paquet ferme
21	904	DELTA gen 1	lie ti=35 masque 0xa02200023 i0(54)+i1(31)+i5(29)+i21(25)+i25(10)+i33(14)+i35(9) · paquet ferme
21	908	DELTA gen 1	lie ti=35 masque 0x802200023 i0(54)+i1(31)+i5(29)+i21(25)+i25(10)+i35(9) · paquet ferme
21	912	DELTA gen 1	lie ti=35 masque 0x802200023 i0(54)+i1(31)+i5(29)+i21(25)+i25(10)+i35(9) · paquet ferme
21	916	DELTA gen 1	lie ti=35 masque 0xa02200023 i0(54)+i1(31)+i5(29)+i21(25)+i25(10)+i33(14)+i35(9) · paquet ferme
21	920	DELTA gen 1	lie ti=35 masque 0x802200023 i0(54)+i1(31)+i5(29)+i21(25)+i25(10)+i35(9) · paquet ferme
21	922	DELTA gen 1	lie ti=35 masque 0x802200023 i0(54)+i1(31)+i5(29)+i21(25)+i25(10)+i35(9) · paquet ferme
21	928	DELTA gen 1	lie ti=35 masque 0x802200023 i0(54)+i1(31)+i5(29)+i21(25)+i25(10)+i35(9) · paquet hors cadre
21	934	DELTA gen 1	lie ti=35 masque 0x802200023 i0(54)+i1(31)+i5(29)+i21(25)+i25(10)+i35(9) · paquet hors cadre
21	936	DELTA gen 1	lie ti=35 masque 0xa02200023 i0(54)+i1(31)+i5(29)+i21(25)+i25(10)+i33(14)+i35(9) · paquet hors cadre
21	938	DELTA gen 1	lie ti=35 masque 0x802200023 i0(54)+i1(31)+i5(29)+i21(25)+i25(10)+i35(9) · paquet hors cadre
21	942	DELTA gen 1	lie ti=35 masque 0x802200023 i0(54)+i1(31)+i5(29)+i21(25)+i25(10)+i35(9) · paquet ferme
21	950	DELTA gen 1	lie ti=35 masque 0x802200023 i0(54)+i1(31)+i5(29)+i21(25)+i25(10)+i35(9) · paquet hors cadre
21	952	DELTA gen 1	lie ti=35 masque 0x802200023 i0(54)+i1(31)+i5(29)+i21(25)+i25(10)+i35(9) · paquet hors cadre
21	954	DELTA gen 1	lie ti=35 masque 0x802200023 i0(54)+i1(31)+i5(29)+i21(25)+i25(10)+i35(9) · paquet hors cadre
21	956	DELTA gen 1	lie ti=35 masque 0x802200023 i0(54)+i1(31)+i5(29)+i21(25)+i25(10)+i35(9) · paquet hors cadre
21	962	DELTA gen 1	lie ti=35 masque 0x802200023 i0(54)+i1(31)+i5(29)+i21(25)+i25(10)+i35(9) · paquet hors cadre
21	964	DELTA gen 1	lie ti=35 masque 0x802200023 i0(54)+i1(31)+i5(29)+i21(25)+i25(10)+i35(9) · paquet hors cadre
21	968	DELTA gen 1	lie ti=35 masque 0x802200023 i0(54)+i1(31)+i5(29)+i21(25)+i25(10)+i35(9) · paquet hors cadre
21	970	DELTA gen 1	lie ti=35 masque 0x19c0a06660830 i4(11)+i5(29)+i11(191)+i17(52)+i18(2)+i21(25)+i22(35)+i25(10)+i26(22)+i33(2)+i35(9)+i42(5)+i43(7)+i44(7)+i47(9)+i48(4) · paquet hors cadre
21	974	DELTA gen 1	lie ti=35 masque 0x2200000 i21(25)+i25(10) · paquet hors cadre
21	988	DELTA gen 1	lie ti=35 masque 0x2200000 i21(25)+i25(10) · paquet hors cadre
21	990	DELTA gen 1	lie ti=35 masque 0x2200000 i21(25)+i25(10) · paquet hors cadre
21	992	DELTA gen 1	lie ti=35 masque 0x2200000 i21(25)+i25(10) · paquet hors cadre
21	1082	DELTA gen 1	lie ti=35 masque 0x2200000 i21(25)+i25(10) · paquet hors cadre
22	1	image-cle	ti=35 tete=1
22	1	image-cle voisin	slot 610 ti=35 tete=1 bit 205105 (suivant 207703)
22	-1	bloc de type 1	gen 1 vivante true pont resolu ti=35
23	-1	bloc de type 1	gen 1 vivante false pont masque vide ti=0
24	-1	bloc de type 1	gen 1 vivante false pont masque vide ti=0
25	-1	bloc de type 1	gen 1 vivante false pont masque vide ti=0
26	-1	bloc de type 1	gen 1 vivante false pont masque vide ti=0
27	-1	bloc de type 1	gen 1 vivante false pont masque vide ti=0
28	-1	bloc de type 1	gen 1 vivante false pont masque vide ti=0
29	-1	bloc de type 1	gen 1 vivante false pont masque vide ti=0
30	-1	bloc de type 1	gen 1 vivante false pont masque vide ti=0
31	-1	bloc de type 1	gen 1 vivante false pont masque vide ti=0
