film	build	variante	table	cle	n	paquets	hors_cadre	fermes	en_jeu
0797ce72	HI_1_13_0	desaveu NEW a masque impossible	g2_del	eid du DEL : aucune allocation · lie au monde apres le paquet : false	231	231	231	0	1443
0797ce72	HI_1_13_0	desaveu NEW a masque impossible	g2_del	eid du DEL : libere avant le chunk · lie au monde apres le paquet : false	3	3	3	0	19
0797ce72	HI_1_13_0	desaveu NEW a masque impossible	g2_del	eid du DEL : naissance non lue · lie au monde apres le paquet : false	3	3	3	0	21
0797ce72	HI_1_13_0	desaveu NEW a masque impossible	g2_del	eid du DEL : realloue sous une autre generation · lie au monde apres le paquet : false	2	2	2	0	17
0797ce72	HI_1_13_0	desaveu NEW a masque impossible	g2_del	eid du DEL : vivant au bloc du chunk · lie au monde apres le paquet : false	2	2	2	0	15
0797ce72	HI_1_13_0	desaveu NEW a masque impossible	g2_del_nombre_de_records	10 records lus	43	43	43	0	329
0797ce72	HI_1_13_0	desaveu NEW a masque impossible	g2_del_nombre_de_records	11 records lus	53	53	53	0	445
0797ce72	HI_1_13_0	desaveu NEW a masque impossible	g2_del_nombre_de_records	12 records lus	18	18	18	0	155
0797ce72	HI_1_13_0	desaveu NEW a masque impossible	g2_del_nombre_de_records	13 records lus	3	3	3	0	24
0797ce72	HI_1_13_0	desaveu NEW a masque impossible	g2_del_nombre_de_records	14 records lus	1	1	1	0	11
0797ce72	HI_1_13_0	desaveu NEW a masque impossible	g2_del_nombre_de_records	15 records lus	2	2	2	0	24
0797ce72	HI_1_13_0	desaveu NEW a masque impossible	g2_del_nombre_de_records	16 records lus	1	1	1	0	12
0797ce72	HI_1_13_0	desaveu NEW a masque impossible	g2_del_nombre_de_records	3 records lus	32	32	32	0	2
0797ce72	HI_1_13_0	desaveu NEW a masque impossible	g2_del_nombre_de_records	4 records lus	3	3	3	0	3
0797ce72	HI_1_13_0	desaveu NEW a masque impossible	g2_del_nombre_de_records	6 records lus	1	1	1	0	4
0797ce72	HI_1_13_0	desaveu NEW a masque impossible	g2_del_nombre_de_records	7 records lus	13	13	13	0	64
0797ce72	HI_1_13_0	desaveu NEW a masque impossible	g2_del_nombre_de_records	8 records lus	30	30	30	0	174
0797ce72	HI_1_13_0	desaveu NEW a masque impossible	g2_del_nombre_de_records	9 records lus	41	41	41	0	268
0797ce72	HI_1_13_0	desaveu NEW a masque impossible	g2_del_premier_non_del_avant	1 DEL · DELTA ti=16 i0(575)+i1(38)+i3(38)+i5(8) · masque IMPOSSIBLE sous l archetype lie · pont : masque vide	1	1	1	0	9
0797ce72	HI_1_13_0	desaveu NEW a masque impossible	g2_del_premier_non_del_avant	1 DEL · DELTA ti=2 aucun composant · masque possible · pont ti=2 (= archetype lie)	2	2	2	0	15
0797ce72	HI_1_13_0	desaveu NEW a masque impossible	g2_del_premier_non_del_avant	1 DEL · DELTA ti=21 i16(20) · masque possible · pont : masque vide	30	30	30	0	0
0797ce72	HI_1_13_0	desaveu NEW a masque impossible	g2_del_premier_non_del_avant	1 DEL · DELTA ti=35 i0(43)+i1(31)+i21(25)+i25(10)+i57(10)+i59(5) · masque possible · pont : masque vide	1	1	1	0	6
0797ce72	HI_1_13_0	desaveu NEW a masque impossible	g2_del_premier_non_del_avant	1 DEL · DELTA ti=35 i0(43)+i1(31)+i21(25)+i25(10)+i57(10)+i59(5) · masque possible · pont ti=35 (= archetype lie)	1	1	1	0	1
0797ce72	HI_1_13_0	desaveu NEW a masque impossible	g2_del_premier_non_del_avant	1 DEL · DELTA ti=35 i1(97)+i2(28)+i6(151)+i11(79)+i23(91)+i24(123)+i29(11)+i34(11)+i36(14)+i40(11)+i43(178)+i45(241)+i52(68)+i53(89)+i56(17)+i60(211)+i62(26) · masque possible · pont : masque vide	1	1	1	0	6
0797ce72	HI_1_13_0	desaveu NEW a masque impossible	g2_del_premier_non_del_avant	1 DEL · DELTA ti=35 i1(97)+i2(28)+i6(151)+i11(79)+i23(91)+i24(78)+i29(11)+i34(11)+i36(14)+i40(11)+i43(263)+i45(11)+i53(95)+i54(2)+i56(3)+i60(1)+i62(26) · masque possible · pont : masque vide	1	1	1	0	7
0797ce72	HI_1_13_0	desaveu NEW a masque impossible	g2_del_premier_non_del_avant	1 DEL · DELTA ti=37 i0(41)+i4(11)+i13(40)+i14(113)+i15(109)+i17(109)+i18(1)+i22(5)+i27(8) · masque IMPOSSIBLE sous l archetype lie · pont : masque vide	1	1	1	0	8
0797ce72	HI_1_13_0	desaveu NEW a masque impossible	g2_del_premier_non_del_avant	1 DEL · DELTA ti=37 i28(20)+i29(2) · masque possible · pont : masque vide	2	2	2	0	16
0797ce72	HI_1_13_0	desaveu NEW a masque impossible	g2_del_premier_non_del_avant	1 DEL · DELTA ti=38 i11(1)+i15(74)+i17(117)+i18(84)+i19(25) · masque IMPOSSIBLE sous l archetype lie · pont ti=38 (= archetype lie)	1	1	1	0	7
0797ce72	HI_1_13_0	desaveu NEW a masque impossible	g2_del_premier_non_del_avant	1 DEL · DELTA ti=40 i0(43)+i1(31)+i2(18)+i3(97)+i25(13) · masque possible · pont ti=40 (= archetype lie)	1	1	1	0	7
0797ce72	HI_1_13_0	desaveu NEW a masque impossible	g2_del_premier_non_del_avant	1 DEL · DELTA ti=40 i0(43)+i1(31)+i2(194)+i3(2)+i25(10) · masque possible · pont ti=40 (= archetype lie)	2	2	2	0	14
0797ce72	HI_1_13_0	desaveu NEW a masque impossible	g2_del_premier_non_del_avant	1 DEL · DELTA ti=40 i0(43)+i1(31)+i2(194)+i3(29)+i25(6) · masque possible · pont ti=40 (= archetype lie)	2	2	2	0	18
0797ce72	HI_1_13_0	desaveu NEW a masque impossible	g2_del_premier_non_del_avant	1 DEL · DELTA ti=40 i0(43)+i1(31)+i2(194)+i3(97)+i25(10) · masque possible · pont ti=40 (= archetype lie)	1	1	1	0	8
0797ce72	HI_1_13_0	desaveu NEW a masque impossible	g2_del_premier_non_del_avant	1 DEL · DELTA ti=40 i0(43)+i1(31)+i2(194)+i3(97)+i25(2) · masque possible · pont ti=40 (= archetype lie)	1	1	1	0	6
0797ce72	HI_1_13_0	desaveu NEW a masque impossible	g2_del_premier_non_del_avant	1 DEL · DELTA ti=40 i0(43)+i1(31)+i2(29)+i3(29)+i25(15) · masque possible · pont ti=40 (= archetype lie)	1	1	1	0	7
0797ce72	HI_1_13_0	desaveu NEW a masque impossible	g2_del_premier_non_del_avant	1 DEL · DELTA ti=40 i0(43)+i1(31)+i2(29)+i3(97)+i25(10) · masque possible · pont ti=40 (= archetype lie)	1	1	1	0	5
0797ce72	HI_1_13_0	desaveu NEW a masque impossible	g2_del_premier_non_del_avant	1 DEL · DELTA ti=40 i0(43)+i1(31)+i2(31)+i3(2)+i25(15) · masque possible · pont ti=40 (= archetype lie)	2	2	2	0	12
0797ce72	HI_1_13_0	desaveu NEW a masque impossible	g2_del_premier_non_del_avant	1 DEL · DELTA ti=40 i0(43)+i1(31)+i2(31)+i3(97)+i25(2) · masque possible · pont ti=40 (= archetype lie)	1	1	1	0	9
0797ce72	HI_1_13_0	desaveu NEW a masque impossible	g2_del_premier_non_del_avant	1 DEL · DELTA ti=40 i0(43)+i1(31)+i2(31)+i3(97)+i25(7) · masque possible · pont ti=40 (= archetype lie)	1	1	1	0	9
0797ce72	HI_1_13_0	desaveu NEW a masque impossible	g2_del_premier_non_del_avant	1 DEL · DELTA ti=40 i0(43)+i1(31)+i2(33)+i3(97)+i25(10) · masque possible · pont ti=40 (= archetype lie)	1	1	1	0	8
0797ce72	HI_1_13_0	desaveu NEW a masque impossible	g2_del_premier_non_del_avant	1 DEL · DELTA ti=40 i0(43)+i1(31)+i2(33)+i3(97)+i25(2) · masque possible · pont ti=40 (= archetype lie)	1	1	1	0	6
0797ce72	HI_1_13_0	desaveu NEW a masque impossible	g2_del_premier_non_del_avant	1 DEL · DELTA ti=40 i0(43)+i1(31)+i2(34)+i25(2) · masque possible · pont ti=40 (= archetype lie)	1	1	1	0	7
0797ce72	HI_1_13_0	desaveu NEW a masque impossible	g2_del_premier_non_del_avant	1 DEL · DELTA ti=40 i0(43)+i1(31)+i2(34)+i3(2)+i25(2) · masque possible · pont ti=40 (= archetype lie)	1	1	1	0	7
0797ce72	HI_1_13_0	desaveu NEW a masque impossible	g2_del_premier_non_del_avant	1 DEL · DELTA ti=40 i0(43)+i1(31)+i2(34)+i3(97)+i25(2) · masque possible · pont ti=40 (= archetype lie)	1	1	1	0	10
0797ce72	HI_1_13_0	desaveu NEW a masque impossible	g2_del_premier_non_del_avant	1 DEL · DELTA ti=40 i0(43)+i1(31)+i2(5)+i25(2) · masque possible · pont ti=40 (= archetype lie)	1	1	1	0	7
0797ce72	HI_1_13_0	desaveu NEW a masque impossible	g2_del_premier_non_del_avant	1 DEL · DELTA ti=40 i0(43)+i1(31)+i2(5)+i3(29)+i25(22) · masque possible · pont ti=40 (= archetype lie)	2	2	2	0	14
0797ce72	HI_1_13_0	desaveu NEW a masque impossible	g2_del_premier_non_del_avant	1 DEL · DELTA ti=40 i0(43)+i1(31)+i2(63)+i25(2) · masque possible · pont ti=40 (= archetype lie)	18	18	18	0	152
0797ce72	HI_1_13_0	desaveu NEW a masque impossible	g2_del_premier_non_del_avant	1 DEL · DELTA ti=40 i0(43)+i1(31)+i2(63)+i3(2)+i25(16) · masque possible · pont ti=40 (= archetype lie)	1	1	1	0	8
0797ce72	HI_1_13_0	desaveu NEW a masque impossible	g2_del_premier_non_del_avant	1 DEL · DELTA ti=40 i0(43)+i1(31)+i2(63)+i3(2)+i25(2) · masque possible · pont ti=40 (= archetype lie)	11	11	11	0	95
0797ce72	HI_1_13_0	desaveu NEW a masque impossible	g2_del_premier_non_del_avant	1 DEL · DELTA ti=40 i0(43)+i1(31)+i2(63)+i3(97)+i25(10) · masque possible · pont ti=40 (= archetype lie)	1	1	1	0	8
0797ce72	HI_1_13_0	desaveu NEW a masque impossible	g2_del_premier_non_del_avant	1 DEL · DELTA ti=40 i0(43)+i1(31)+i2(64)+i3(29)+i25(2) · masque possible · pont ti=40 (= archetype lie)	3	3	3	0	18
0797ce72	HI_1_13_0	desaveu NEW a masque impossible	g2_del_premier_non_del_avant	1 DEL · DELTA ti=40 i0(43)+i1(31)+i2(64)+i3(97)+i25(10) · masque possible · pont ti=40 (= archetype lie)	2	2	2	0	14
0797ce72	HI_1_13_0	desaveu NEW a masque impossible	g2_del_premier_non_del_avant	1 DEL · DELTA ti=40 i0(43)+i1(31)+i2(9)+i3(2)+i25(2) · masque possible · pont ti=40 (= archetype lie)	1	1	1	0	9
0797ce72	HI_1_13_0	desaveu NEW a masque impossible	g2_del_premier_non_del_avant	1 DEL · DELTA ti=40 i0(43)+i1(31)+i2(9)+i3(97)+i25(2) · masque possible · pont ti=40 (= archetype lie)	1	1	1	0	10
0797ce72	HI_1_13_0	desaveu NEW a masque impossible	g2_del_premier_non_del_avant	1 DEL · DELTA ti=40 i0(43)+i1(31)+i25(22) · masque possible · pont ti=40 (= archetype lie)	2	2	2	0	12
0797ce72	HI_1_13_0	desaveu NEW a masque impossible	g2_del_premier_non_del_avant	1 DEL · DELTA ti=40 i0(43)+i1(31)+i3(97)+i25(16) · masque possible · pont ti=40 (= archetype lie)	4	4	4	0	26
0797ce72	HI_1_13_0	desaveu NEW a masque impossible	g2_del_premier_non_del_avant	1 DEL · DELTA ti=40 i0(43)+i1(31)+i3(97)+i25(2) · masque possible · pont ti=40 (= archetype lie)	8	8	8	0	43
0797ce72	HI_1_13_0	desaveu NEW a masque impossible	g2_del_premier_non_del_avant	1 DEL · DELTA ti=40 i0(43)+i1(31)+i3(97)+i25(23) · masque possible · pont ti=40 (= archetype lie)	1	1	1	0	9
0797ce72	HI_1_13_0	desaveu NEW a masque impossible	g2_del_premier_non_del_avant	1 DEL · DELTA ti=40 i0(43)+i1(31)+i3(97)+i25(24) · masque possible · pont ti=40 (= archetype lie)	1	1	1	0	8
0797ce72	HI_1_13_0	desaveu NEW a masque impossible	g2_del_premier_non_del_avant	1 DEL · DELTA ti=40 i0(43)+i1(97)+i2(12)+i3(29)+i25(2) · masque possible · pont ti=40 (= archetype lie)	1	1	1	0	7
0797ce72	HI_1_13_0	desaveu NEW a masque impossible	g2_del_premier_non_del_avant	1 DEL · DELTA ti=40 i0(43)+i1(97)+i2(18)+i3(2)+i25(10) · masque possible · pont ti=40 (= archetype lie)	1	1	1	0	8
0797ce72	HI_1_13_0	desaveu NEW a masque impossible	g2_del_premier_non_del_avant	1 DEL · DELTA ti=40 i0(43)+i1(97)+i2(18)+i3(97)+i25(10) · masque possible · pont ti=40 (= archetype lie)	1	1	1	0	9
0797ce72	HI_1_13_0	desaveu NEW a masque impossible	g2_del_premier_non_del_avant	1 DEL · DELTA ti=40 i0(43)+i1(97)+i2(194)+i3(29)+i25(16) · masque possible · pont ti=40 (= archetype lie)	1	1	1	0	9
0797ce72	HI_1_13_0	desaveu NEW a masque impossible	g2_del_premier_non_del_avant	1 DEL · DELTA ti=40 i0(43)+i1(97)+i2(194)+i3(97)+i25(2) · masque possible · pont ti=40 (= archetype lie)	1	1	1	0	5
0797ce72	HI_1_13_0	desaveu NEW a masque impossible	g2_del_premier_non_del_avant	1 DEL · DELTA ti=40 i0(43)+i1(97)+i2(25)+i25(10) · masque possible · pont ti=40 (= archetype lie)	1	1	1	0	8
0797ce72	HI_1_13_0	desaveu NEW a masque impossible	g2_del_premier_non_del_avant	1 DEL · DELTA ti=40 i0(43)+i1(97)+i2(31)+i25(16) · masque possible · pont ti=40 (= archetype lie)	1	1	1	0	6
0797ce72	HI_1_13_0	desaveu NEW a masque impossible	g2_del_premier_non_del_avant	1 DEL · DELTA ti=40 i0(43)+i1(97)+i2(31)+i25(2) · masque possible · pont ti=40 (= archetype lie)	1	1	1	0	7
0797ce72	HI_1_13_0	desaveu NEW a masque impossible	g2_del_premier_non_del_avant	1 DEL · DELTA ti=40 i0(43)+i1(97)+i2(31)+i25(22) · masque possible · pont ti=40 (= archetype lie)	1	1	1	0	7
0797ce72	HI_1_13_0	desaveu NEW a masque impossible	g2_del_premier_non_del_avant	1 DEL · DELTA ti=40 i0(43)+i1(97)+i2(31)+i25(6) · masque possible · pont ti=40 (= archetype lie)	1	1	1	0	9
0797ce72	HI_1_13_0	desaveu NEW a masque impossible	g2_del_premier_non_del_avant	1 DEL · DELTA ti=40 i0(43)+i1(97)+i2(31)+i3(2)+i12(1)+i25(7) · masque possible · pont ti=40 (= archetype lie)	1	1	1	0	7
0797ce72	HI_1_13_0	desaveu NEW a masque impossible	g2_del_premier_non_del_avant	1 DEL · DELTA ti=40 i0(43)+i1(97)+i2(31)+i3(29)+i25(10) · masque possible · pont ti=40 (= archetype lie)	2	2	2	0	15
0797ce72	HI_1_13_0	desaveu NEW a masque impossible	g2_del_premier_non_del_avant	1 DEL · DELTA ti=40 i0(43)+i1(97)+i2(31)+i3(29)+i25(24) · masque possible · pont ti=40 (= archetype lie)	1	1	1	0	7
0797ce72	HI_1_13_0	desaveu NEW a masque impossible	g2_del_premier_non_del_avant	1 DEL · DELTA ti=40 i0(43)+i1(97)+i2(31)+i3(97)+i25(2) · masque possible · pont ti=40 (= archetype lie)	2	2	2	0	15
0797ce72	HI_1_13_0	desaveu NEW a masque impossible	g2_del_premier_non_del_avant	1 DEL · DELTA ti=40 i0(43)+i1(97)+i2(33)+i25(2) · masque possible · pont ti=40 (= archetype lie)	1	1	1	0	8
0797ce72	HI_1_13_0	desaveu NEW a masque impossible	g2_del_premier_non_del_avant	1 DEL · DELTA ti=40 i0(43)+i1(97)+i2(33)+i3(2)+i25(2) · masque possible · pont ti=40 (= archetype lie)	8	8	8	0	65
0797ce72	HI_1_13_0	desaveu NEW a masque impossible	g2_del_premier_non_del_avant	1 DEL · DELTA ti=40 i0(43)+i1(97)+i2(34)+i3(97)+i25(2) · masque possible · pont ti=40 (= archetype lie)	1	1	1	0	8
0797ce72	HI_1_13_0	desaveu NEW a masque impossible	g2_del_premier_non_del_avant	1 DEL · DELTA ti=40 i0(43)+i1(97)+i2(63)+i3(29)+i25(10) · masque possible · pont ti=40 (= archetype lie)	1	1	1	0	6
0797ce72	HI_1_13_0	desaveu NEW a masque impossible	g2_del_premier_non_del_avant	1 DEL · DELTA ti=40 i0(43)+i1(97)+i2(63)+i3(29)+i25(2) · masque possible · pont ti=40 (= archetype lie)	1	1	1	0	8
0797ce72	HI_1_13_0	desaveu NEW a masque impossible	g2_del_premier_non_del_avant	1 DEL · DELTA ti=40 i0(43)+i1(97)+i2(63)+i3(29)+i25(24) · masque possible · pont ti=40 (= archetype lie)	1	1	1	0	4
0797ce72	HI_1_13_0	desaveu NEW a masque impossible	g2_del_premier_non_del_avant	1 DEL · DELTA ti=40 i0(43)+i1(97)+i2(64)+i12(49)+i25(6) · masque possible · pont ti=40 (= archetype lie)	1	1	1	0	9
0797ce72	HI_1_13_0	desaveu NEW a masque impossible	g2_del_premier_non_del_avant	1 DEL · DELTA ti=40 i0(43)+i1(97)+i2(64)+i3(2)+i25(22) · masque possible · pont ti=40 (= archetype lie)	1	1	1	0	12
0797ce72	HI_1_13_0	desaveu NEW a masque impossible	g2_del_premier_non_del_avant	1 DEL · DELTA ti=40 i0(43)+i1(97)+i2(64)+i3(29)+i25(2) · masque possible · pont ti=40 (= archetype lie)	1	1	1	0	9
0797ce72	HI_1_13_0	desaveu NEW a masque impossible	g2_del_premier_non_del_avant	1 DEL · DELTA ti=40 i0(43)+i1(97)+i2(9)+i3(97)+i25(2) · masque possible · pont ti=40 (= archetype lie)	1	1	1	0	7
0797ce72	HI_1_13_0	desaveu NEW a masque impossible	g2_del_premier_non_del_avant	1 DEL · DELTA ti=40 i0(43)+i1(97)+i25(10) · masque possible · pont ti=40 (= archetype lie)	53	53	53	0	366
0797ce72	HI_1_13_0	desaveu NEW a masque impossible	g2_del_premier_non_del_avant	1 DEL · DELTA ti=40 i0(43)+i1(97)+i25(16) · masque possible · pont ti=40 (= archetype lie)	1	1	1	0	6
0797ce72	HI_1_13_0	desaveu NEW a masque impossible	g2_del_premier_non_del_avant	1 DEL · DELTA ti=40 i0(43)+i1(97)+i25(21) · masque possible · pont ti=40 (= archetype lie)	1	1	1	0	9
0797ce72	HI_1_13_0	desaveu NEW a masque impossible	g2_del_premier_non_del_avant	1 DEL · DELTA ti=40 i0(43)+i1(97)+i25(22) · masque possible · pont ti=40 (= archetype lie)	1	1	1	0	6
0797ce72	HI_1_13_0	desaveu NEW a masque impossible	g2_del_premier_non_del_avant	1 DEL · DELTA ti=40 i0(43)+i1(97)+i3(29)+i25(10) · masque possible · pont ti=40 (= archetype lie)	2	2	2	0	18
0797ce72	HI_1_13_0	desaveu NEW a masque impossible	g2_del_premier_non_del_avant	1 DEL · DELTA ti=40 i0(43)+i1(97)+i3(29)+i25(16) · masque possible · pont ti=40 (= archetype lie)	1	1	1	0	9
0797ce72	HI_1_13_0	desaveu NEW a masque impossible	g2_del_premier_non_del_avant	1 DEL · DELTA ti=40 i0(43)+i1(97)+i3(29)+i25(24) · masque possible · pont ti=40 (= archetype lie)	1	1	1	0	8
0797ce72	HI_1_13_0	desaveu NEW a masque impossible	g2_del_premier_non_del_avant	1 DEL · DELTA ti=42 i11(1)+i19(1) · masque IMPOSSIBLE sous l archetype lie · pont : masque vide	1	1	1	0	6
0797ce72	HI_1_13_0	desaveu NEW a masque impossible	g2_del_premier_non_del_avant	1 DEL · NEW ti=12 i0(32)	1	1	1	0	1
0797ce72	HI_1_13_0	desaveu NEW a masque impossible	g2_del_premier_non_del_avant	1 DEL · NEW ti=13 aucun composant	1	1	1	0	6
0797ce72	HI_1_13_0	desaveu NEW a masque impossible	g2_del_premier_non_del_avant	1 DEL · NEW ti=16 aucun composant	3	3	3	0	24
0797ce72	HI_1_13_0	desaveu NEW a masque impossible	g2_del_premier_non_del_avant	1 DEL · NEW ti=16 i2(38)+i3(38)	1	1	1	0	7
0797ce72	HI_1_13_0	desaveu NEW a masque impossible	g2_del_premier_non_del_avant	1 DEL · NEW ti=3 aucun composant	1	1	1	0	7
0797ce72	HI_1_13_0	desaveu NEW a masque impossible	g2_del_premier_non_del_avant	1 DEL · NEW ti=32 aucun composant	1	1	1	0	8
0797ce72	HI_1_13_0	desaveu NEW a masque impossible	g2_del_premier_non_del_avant	1 DEL · NEW ti=35 aucun composant	1	1	1	0	8
0797ce72	HI_1_13_0	desaveu NEW a masque impossible	g2_del_premier_non_del_avant	1 DEL · NEW ti=39 aucun composant	1	1	1	0	7
0797ce72	HI_1_13_0	desaveu NEW a masque impossible	g2_del_premier_non_del_avant	1 DEL · NEW ti=5 i3(2)+i4(10)+i5(5)+i9(3)+i11(64)+i14(7)+i15(6)+i19(1)+i21(32)+i23(32)+i25(16)+i26(1)	1	1	1	0	5
0797ce72	HI_1_13_0	desaveu NEW a masque impossible	g2_del_premier_non_del_avant	2 DEL · DELTA ti=35 i0(43)+i1(31)+i5(29)+i21(25)+i25(10)+i57(10)+i59(5) · masque possible · pont ti=35 (= archetype lie)	2	2	2	0	2
0797ce72	HI_1_13_0	desaveu NEW a masque impossible	g2_del_premier_non_del_avant	2 DEL · DELTA ti=40 i0(43)+i1(31)+i2(194)+i3(29)+i25(2) · masque possible · pont ti=40 (= archetype lie)	1	1	1	0	7
0797ce72	HI_1_13_0	desaveu NEW a masque impossible	g2_del_premier_non_del_avant	2 DEL · DELTA ti=40 i0(43)+i1(97)+i2(12)+i3(2)+i25(8) · masque possible · pont ti=40 (= archetype lie)	1	1	1	0	5
0797ce72	HI_1_13_0	desaveu NEW a masque impossible	g2_del_premier_non_del_avant	2 DEL · DELTA ti=40 i0(43)+i1(97)+i2(12)+i3(29)+i25(2) · masque possible · pont ti=40 (= archetype lie)	1	1	1	0	8
0797ce72	HI_1_13_0	desaveu NEW a masque impossible	g2_del_premier_non_del_avant	2 DEL · DELTA ti=40 i0(43)+i1(97)+i2(194)+i3(2)+i25(2) · masque possible · pont ti=40 (= archetype lie)	1	1	1	0	9
0797ce72	HI_1_13_0	desaveu NEW a masque impossible	g2_del_premier_non_del_avant	2 DEL · DELTA ti=40 i0(43)+i1(97)+i2(194)+i3(97)+i25(2) · masque possible · pont ti=40 (= archetype lie)	1	1	1	0	5
0797ce72	HI_1_13_0	desaveu NEW a masque impossible	g2_del_premier_non_del_avant	2 DEL · DELTA ti=40 i0(43)+i1(97)+i25(10) · masque possible · pont ti=40 (= archetype lie)	6	6	6	0	41
0797ce72	HI_1_13_0	desaveu NEW a masque impossible	g2_del_premier_non_del_avant	2 DEL · DELTA ti=40 i0(43)+i1(97)+i25(16) · masque possible · pont ti=40 (= archetype lie)	1	1	1	0	6
0797ce72	HI_1_13_0	desaveu NEW a masque impossible	g2_del_premier_non_del_avant	2 DEL · DELTA ti=41 i0(41)+i1(1)+i2(28) · masque possible · pont : masque vide	2	2	2	0	12
0797ce72	HI_1_13_0	desaveu NEW a masque impossible	g2_del_premier_non_del_avant	2 DEL · DELTA ti=41 i0(41)+i1(30)+i2(28) · masque possible · pont : masque vide	1	1	1	0	7
0797ce72	HI_1_13_0	desaveu NEW a masque impossible	g2_del_premier_non_del_avant	2 DEL · NEW ti=41 i0(41)+i2(28)+i14(113)+i15(420)+i20(1)	1	1	1	0	1
0797ce72	HI_1_13_0	desaveu NEW a masque impossible	g2_del_premier_non_del_avant	3 DEL · DELTA ti=40 i0(43)+i1(97)+i3(97)+i25(2) · masque possible · pont ti=40 (= archetype lie)	1	1	1	0	8
0797ce72	HI_1_13_0	desaveu NEW a masque impossible	g2_del_premier_non_del_avant	3 DEL · DELTA ti=41 i0(41)+i1(30)+i2(28) · masque possible · pont : masque vide	1	1	1	0	7
0797ce72	HI_1_13_0	desaveu NEW a masque impossible	g4_ti41	masque 0x7 · i0(41)+i1(1)+i2(28)	112	112	112	0	752
0797ce72	HI_1_13_0	desaveu NEW a masque impossible	g4_ti41	masque 0x7 · i0(41)+i1(30)+i2(28)	14	14	14	0	90
0797ce72	HI_1_13_0	desaveu NEW a masque impossible	g4_ti41	masque 0x7 · i0(41)+i1(30)+i2(9)	32	32	32	0	215
0797ce72	HI_1_13_0	desaveu NEW a masque impossible	g4_ti41_pont	masque possible · pont : masque vide	158	158	158	0	1057
0797ce72	HI_1_13_0	desaveu NEW a masque impossible	genre	DEL ti=0	241	241	241	0	1515
0797ce72	HI_1_13_0	desaveu NEW a masque impossible	genre	DELTA ti=41	158	158	158	0	1057
0797ce72	HI_1_13_0	desaveu NEW a masque impossible	liaison_du_masque_impossible	NEW (eid complet) · slot non declare par la 1re image-cle du chunk · bloc : gen 1 (eid gen 0), vivante false	1	1	0	0	0
0797ce72	HI_1_13_0	desaveu NEW a masque impossible	liaison_du_masque_impossible	image-cle ou joker · 1re image-cle du chunk : ti=38 · bloc : gen 1 (eid gen 3), vivante true	1	1	0	0	0
0797ce72	HI_1_13_0	desaveu NEW a masque impossible	liaison_du_masque_impossible	table de datums ou anticipation · slot non declare par la 1re image-cle du chunk · bloc : gen 0 (eid gen 1), vivante false	2	2	0	0	0
0797ce72	HI_1_13_0	desaveu des deux	g2_del	eid du DEL : aucune allocation · lie au monde apres le paquet : false	231	231	231	0	1443
0797ce72	HI_1_13_0	desaveu des deux	g2_del	eid du DEL : libere avant le chunk · lie au monde apres le paquet : false	3	3	3	0	19
0797ce72	HI_1_13_0	desaveu des deux	g2_del	eid du DEL : naissance non lue · lie au monde apres le paquet : false	3	3	3	0	21
0797ce72	HI_1_13_0	desaveu des deux	g2_del	eid du DEL : realloue sous une autre generation · lie au monde apres le paquet : false	2	2	2	0	17
0797ce72	HI_1_13_0	desaveu des deux	g2_del	eid du DEL : vivant au bloc du chunk · lie au monde apres le paquet : false	2	2	2	0	15
0797ce72	HI_1_13_0	desaveu des deux	g2_del_nombre_de_records	10 records lus	43	43	43	0	329
0797ce72	HI_1_13_0	desaveu des deux	g2_del_nombre_de_records	11 records lus	53	53	53	0	445
0797ce72	HI_1_13_0	desaveu des deux	g2_del_nombre_de_records	12 records lus	18	18	18	0	155
0797ce72	HI_1_13_0	desaveu des deux	g2_del_nombre_de_records	13 records lus	3	3	3	0	24
0797ce72	HI_1_13_0	desaveu des deux	g2_del_nombre_de_records	14 records lus	1	1	1	0	11
0797ce72	HI_1_13_0	desaveu des deux	g2_del_nombre_de_records	15 records lus	2	2	2	0	24
0797ce72	HI_1_13_0	desaveu des deux	g2_del_nombre_de_records	16 records lus	1	1	1	0	12
0797ce72	HI_1_13_0	desaveu des deux	g2_del_nombre_de_records	3 records lus	32	32	32	0	2
0797ce72	HI_1_13_0	desaveu des deux	g2_del_nombre_de_records	4 records lus	3	3	3	0	3
0797ce72	HI_1_13_0	desaveu des deux	g2_del_nombre_de_records	6 records lus	1	1	1	0	4
0797ce72	HI_1_13_0	desaveu des deux	g2_del_nombre_de_records	7 records lus	13	13	13	0	64
0797ce72	HI_1_13_0	desaveu des deux	g2_del_nombre_de_records	8 records lus	30	30	30	0	174
0797ce72	HI_1_13_0	desaveu des deux	g2_del_nombre_de_records	9 records lus	41	41	41	0	268
0797ce72	HI_1_13_0	desaveu des deux	g2_del_premier_non_del_avant	1 DEL · DELTA ti=16 i0(575)+i1(38)+i3(38)+i5(8) · masque IMPOSSIBLE sous l archetype lie · pont : masque vide	1	1	1	0	9
0797ce72	HI_1_13_0	desaveu des deux	g2_del_premier_non_del_avant	1 DEL · DELTA ti=2 aucun composant · masque possible · pont ti=2 (= archetype lie)	2	2	2	0	15
0797ce72	HI_1_13_0	desaveu des deux	g2_del_premier_non_del_avant	1 DEL · DELTA ti=21 i16(20) · masque possible · pont : masque vide	30	30	30	0	0
0797ce72	HI_1_13_0	desaveu des deux	g2_del_premier_non_del_avant	1 DEL · DELTA ti=35 i0(43)+i1(31)+i21(25)+i25(10)+i57(10)+i59(5) · masque possible · pont : masque vide	1	1	1	0	6
0797ce72	HI_1_13_0	desaveu des deux	g2_del_premier_non_del_avant	1 DEL · DELTA ti=35 i0(43)+i1(31)+i21(25)+i25(10)+i57(10)+i59(5) · masque possible · pont ti=35 (= archetype lie)	1	1	1	0	1
0797ce72	HI_1_13_0	desaveu des deux	g2_del_premier_non_del_avant	1 DEL · DELTA ti=35 i1(97)+i2(28)+i6(151)+i11(79)+i23(91)+i24(123)+i29(11)+i34(11)+i36(14)+i40(11)+i43(178)+i45(241)+i52(68)+i53(89)+i56(17)+i60(211)+i62(26) · masque possible · pont : masque vide	1	1	1	0	6
0797ce72	HI_1_13_0	desaveu des deux	g2_del_premier_non_del_avant	1 DEL · DELTA ti=35 i1(97)+i2(28)+i6(151)+i11(79)+i23(91)+i24(78)+i29(11)+i34(11)+i36(14)+i40(11)+i43(263)+i45(11)+i53(95)+i54(2)+i56(3)+i60(1)+i62(26) · masque possible · pont : masque vide	1	1	1	0	7
0797ce72	HI_1_13_0	desaveu des deux	g2_del_premier_non_del_avant	1 DEL · DELTA ti=37 i0(41)+i4(11)+i13(40)+i14(113)+i15(109)+i17(109)+i18(1)+i22(5)+i27(8) · masque IMPOSSIBLE sous l archetype lie · pont : masque vide	1	1	1	0	8
0797ce72	HI_1_13_0	desaveu des deux	g2_del_premier_non_del_avant	1 DEL · DELTA ti=37 i28(20)+i29(2) · masque possible · pont : masque vide	2	2	2	0	16
0797ce72	HI_1_13_0	desaveu des deux	g2_del_premier_non_del_avant	1 DEL · DELTA ti=38 i11(1)+i15(74)+i17(117)+i18(84)+i19(25) · masque IMPOSSIBLE sous l archetype lie · pont ti=38 (= archetype lie)	1	1	1	0	7
0797ce72	HI_1_13_0	desaveu des deux	g2_del_premier_non_del_avant	1 DEL · DELTA ti=40 i0(43)+i1(31)+i2(18)+i3(97)+i25(13) · masque possible · pont ti=40 (= archetype lie)	1	1	1	0	7
0797ce72	HI_1_13_0	desaveu des deux	g2_del_premier_non_del_avant	1 DEL · DELTA ti=40 i0(43)+i1(31)+i2(194)+i3(2)+i25(10) · masque possible · pont ti=40 (= archetype lie)	2	2	2	0	14
0797ce72	HI_1_13_0	desaveu des deux	g2_del_premier_non_del_avant	1 DEL · DELTA ti=40 i0(43)+i1(31)+i2(194)+i3(29)+i25(6) · masque possible · pont ti=40 (= archetype lie)	2	2	2	0	18
0797ce72	HI_1_13_0	desaveu des deux	g2_del_premier_non_del_avant	1 DEL · DELTA ti=40 i0(43)+i1(31)+i2(194)+i3(97)+i25(10) · masque possible · pont ti=40 (= archetype lie)	1	1	1	0	8
0797ce72	HI_1_13_0	desaveu des deux	g2_del_premier_non_del_avant	1 DEL · DELTA ti=40 i0(43)+i1(31)+i2(194)+i3(97)+i25(2) · masque possible · pont ti=40 (= archetype lie)	1	1	1	0	6
0797ce72	HI_1_13_0	desaveu des deux	g2_del_premier_non_del_avant	1 DEL · DELTA ti=40 i0(43)+i1(31)+i2(29)+i3(29)+i25(15) · masque possible · pont ti=40 (= archetype lie)	1	1	1	0	7
0797ce72	HI_1_13_0	desaveu des deux	g2_del_premier_non_del_avant	1 DEL · DELTA ti=40 i0(43)+i1(31)+i2(29)+i3(97)+i25(10) · masque possible · pont ti=40 (= archetype lie)	1	1	1	0	5
0797ce72	HI_1_13_0	desaveu des deux	g2_del_premier_non_del_avant	1 DEL · DELTA ti=40 i0(43)+i1(31)+i2(31)+i3(2)+i25(15) · masque possible · pont ti=40 (= archetype lie)	2	2	2	0	12
0797ce72	HI_1_13_0	desaveu des deux	g2_del_premier_non_del_avant	1 DEL · DELTA ti=40 i0(43)+i1(31)+i2(31)+i3(97)+i25(2) · masque possible · pont ti=40 (= archetype lie)	1	1	1	0	9
0797ce72	HI_1_13_0	desaveu des deux	g2_del_premier_non_del_avant	1 DEL · DELTA ti=40 i0(43)+i1(31)+i2(31)+i3(97)+i25(7) · masque possible · pont ti=40 (= archetype lie)	1	1	1	0	9
0797ce72	HI_1_13_0	desaveu des deux	g2_del_premier_non_del_avant	1 DEL · DELTA ti=40 i0(43)+i1(31)+i2(33)+i3(97)+i25(10) · masque possible · pont ti=40 (= archetype lie)	1	1	1	0	8
0797ce72	HI_1_13_0	desaveu des deux	g2_del_premier_non_del_avant	1 DEL · DELTA ti=40 i0(43)+i1(31)+i2(33)+i3(97)+i25(2) · masque possible · pont ti=40 (= archetype lie)	1	1	1	0	6
0797ce72	HI_1_13_0	desaveu des deux	g2_del_premier_non_del_avant	1 DEL · DELTA ti=40 i0(43)+i1(31)+i2(34)+i25(2) · masque possible · pont ti=40 (= archetype lie)	1	1	1	0	7
0797ce72	HI_1_13_0	desaveu des deux	g2_del_premier_non_del_avant	1 DEL · DELTA ti=40 i0(43)+i1(31)+i2(34)+i3(2)+i25(2) · masque possible · pont ti=40 (= archetype lie)	1	1	1	0	7
0797ce72	HI_1_13_0	desaveu des deux	g2_del_premier_non_del_avant	1 DEL · DELTA ti=40 i0(43)+i1(31)+i2(34)+i3(97)+i25(2) · masque possible · pont ti=40 (= archetype lie)	1	1	1	0	10
0797ce72	HI_1_13_0	desaveu des deux	g2_del_premier_non_del_avant	1 DEL · DELTA ti=40 i0(43)+i1(31)+i2(5)+i25(2) · masque possible · pont ti=40 (= archetype lie)	1	1	1	0	7
0797ce72	HI_1_13_0	desaveu des deux	g2_del_premier_non_del_avant	1 DEL · DELTA ti=40 i0(43)+i1(31)+i2(5)+i3(29)+i25(22) · masque possible · pont ti=40 (= archetype lie)	2	2	2	0	14
0797ce72	HI_1_13_0	desaveu des deux	g2_del_premier_non_del_avant	1 DEL · DELTA ti=40 i0(43)+i1(31)+i2(63)+i25(2) · masque possible · pont ti=40 (= archetype lie)	18	18	18	0	152
0797ce72	HI_1_13_0	desaveu des deux	g2_del_premier_non_del_avant	1 DEL · DELTA ti=40 i0(43)+i1(31)+i2(63)+i3(2)+i25(16) · masque possible · pont ti=40 (= archetype lie)	1	1	1	0	8
0797ce72	HI_1_13_0	desaveu des deux	g2_del_premier_non_del_avant	1 DEL · DELTA ti=40 i0(43)+i1(31)+i2(63)+i3(2)+i25(2) · masque possible · pont ti=40 (= archetype lie)	11	11	11	0	95
0797ce72	HI_1_13_0	desaveu des deux	g2_del_premier_non_del_avant	1 DEL · DELTA ti=40 i0(43)+i1(31)+i2(63)+i3(97)+i25(10) · masque possible · pont ti=40 (= archetype lie)	1	1	1	0	8
0797ce72	HI_1_13_0	desaveu des deux	g2_del_premier_non_del_avant	1 DEL · DELTA ti=40 i0(43)+i1(31)+i2(64)+i3(29)+i25(2) · masque possible · pont ti=40 (= archetype lie)	3	3	3	0	18
0797ce72	HI_1_13_0	desaveu des deux	g2_del_premier_non_del_avant	1 DEL · DELTA ti=40 i0(43)+i1(31)+i2(64)+i3(97)+i25(10) · masque possible · pont ti=40 (= archetype lie)	2	2	2	0	14
0797ce72	HI_1_13_0	desaveu des deux	g2_del_premier_non_del_avant	1 DEL · DELTA ti=40 i0(43)+i1(31)+i2(9)+i3(2)+i25(2) · masque possible · pont ti=40 (= archetype lie)	1	1	1	0	9
0797ce72	HI_1_13_0	desaveu des deux	g2_del_premier_non_del_avant	1 DEL · DELTA ti=40 i0(43)+i1(31)+i2(9)+i3(97)+i25(2) · masque possible · pont ti=40 (= archetype lie)	1	1	1	0	10
0797ce72	HI_1_13_0	desaveu des deux	g2_del_premier_non_del_avant	1 DEL · DELTA ti=40 i0(43)+i1(31)+i25(22) · masque possible · pont ti=40 (= archetype lie)	2	2	2	0	12
0797ce72	HI_1_13_0	desaveu des deux	g2_del_premier_non_del_avant	1 DEL · DELTA ti=40 i0(43)+i1(31)+i3(97)+i25(16) · masque possible · pont ti=40 (= archetype lie)	4	4	4	0	26
0797ce72	HI_1_13_0	desaveu des deux	g2_del_premier_non_del_avant	1 DEL · DELTA ti=40 i0(43)+i1(31)+i3(97)+i25(2) · masque possible · pont ti=40 (= archetype lie)	8	8	8	0	43
0797ce72	HI_1_13_0	desaveu des deux	g2_del_premier_non_del_avant	1 DEL · DELTA ti=40 i0(43)+i1(31)+i3(97)+i25(23) · masque possible · pont ti=40 (= archetype lie)	1	1	1	0	9
0797ce72	HI_1_13_0	desaveu des deux	g2_del_premier_non_del_avant	1 DEL · DELTA ti=40 i0(43)+i1(31)+i3(97)+i25(24) · masque possible · pont ti=40 (= archetype lie)	1	1	1	0	8
0797ce72	HI_1_13_0	desaveu des deux	g2_del_premier_non_del_avant	1 DEL · DELTA ti=40 i0(43)+i1(97)+i2(12)+i3(29)+i25(2) · masque possible · pont ti=40 (= archetype lie)	1	1	1	0	7
0797ce72	HI_1_13_0	desaveu des deux	g2_del_premier_non_del_avant	1 DEL · DELTA ti=40 i0(43)+i1(97)+i2(18)+i3(2)+i25(10) · masque possible · pont ti=40 (= archetype lie)	1	1	1	0	8
0797ce72	HI_1_13_0	desaveu des deux	g2_del_premier_non_del_avant	1 DEL · DELTA ti=40 i0(43)+i1(97)+i2(18)+i3(97)+i25(10) · masque possible · pont ti=40 (= archetype lie)	1	1	1	0	9
0797ce72	HI_1_13_0	desaveu des deux	g2_del_premier_non_del_avant	1 DEL · DELTA ti=40 i0(43)+i1(97)+i2(194)+i3(29)+i25(16) · masque possible · pont ti=40 (= archetype lie)	1	1	1	0	9
0797ce72	HI_1_13_0	desaveu des deux	g2_del_premier_non_del_avant	1 DEL · DELTA ti=40 i0(43)+i1(97)+i2(194)+i3(97)+i25(2) · masque possible · pont ti=40 (= archetype lie)	1	1	1	0	5
0797ce72	HI_1_13_0	desaveu des deux	g2_del_premier_non_del_avant	1 DEL · DELTA ti=40 i0(43)+i1(97)+i2(25)+i25(10) · masque possible · pont ti=40 (= archetype lie)	1	1	1	0	8
0797ce72	HI_1_13_0	desaveu des deux	g2_del_premier_non_del_avant	1 DEL · DELTA ti=40 i0(43)+i1(97)+i2(31)+i25(16) · masque possible · pont ti=40 (= archetype lie)	1	1	1	0	6
0797ce72	HI_1_13_0	desaveu des deux	g2_del_premier_non_del_avant	1 DEL · DELTA ti=40 i0(43)+i1(97)+i2(31)+i25(2) · masque possible · pont ti=40 (= archetype lie)	1	1	1	0	7
0797ce72	HI_1_13_0	desaveu des deux	g2_del_premier_non_del_avant	1 DEL · DELTA ti=40 i0(43)+i1(97)+i2(31)+i25(22) · masque possible · pont ti=40 (= archetype lie)	1	1	1	0	7
0797ce72	HI_1_13_0	desaveu des deux	g2_del_premier_non_del_avant	1 DEL · DELTA ti=40 i0(43)+i1(97)+i2(31)+i25(6) · masque possible · pont ti=40 (= archetype lie)	1	1	1	0	9
0797ce72	HI_1_13_0	desaveu des deux	g2_del_premier_non_del_avant	1 DEL · DELTA ti=40 i0(43)+i1(97)+i2(31)+i3(2)+i12(1)+i25(7) · masque possible · pont ti=40 (= archetype lie)	1	1	1	0	7
0797ce72	HI_1_13_0	desaveu des deux	g2_del_premier_non_del_avant	1 DEL · DELTA ti=40 i0(43)+i1(97)+i2(31)+i3(29)+i25(10) · masque possible · pont ti=40 (= archetype lie)	2	2	2	0	15
0797ce72	HI_1_13_0	desaveu des deux	g2_del_premier_non_del_avant	1 DEL · DELTA ti=40 i0(43)+i1(97)+i2(31)+i3(29)+i25(24) · masque possible · pont ti=40 (= archetype lie)	1	1	1	0	7
0797ce72	HI_1_13_0	desaveu des deux	g2_del_premier_non_del_avant	1 DEL · DELTA ti=40 i0(43)+i1(97)+i2(31)+i3(97)+i25(2) · masque possible · pont ti=40 (= archetype lie)	2	2	2	0	15
0797ce72	HI_1_13_0	desaveu des deux	g2_del_premier_non_del_avant	1 DEL · DELTA ti=40 i0(43)+i1(97)+i2(33)+i25(2) · masque possible · pont ti=40 (= archetype lie)	1	1	1	0	8
0797ce72	HI_1_13_0	desaveu des deux	g2_del_premier_non_del_avant	1 DEL · DELTA ti=40 i0(43)+i1(97)+i2(33)+i3(2)+i25(2) · masque possible · pont ti=40 (= archetype lie)	8	8	8	0	65
0797ce72	HI_1_13_0	desaveu des deux	g2_del_premier_non_del_avant	1 DEL · DELTA ti=40 i0(43)+i1(97)+i2(34)+i3(97)+i25(2) · masque possible · pont ti=40 (= archetype lie)	1	1	1	0	8
0797ce72	HI_1_13_0	desaveu des deux	g2_del_premier_non_del_avant	1 DEL · DELTA ti=40 i0(43)+i1(97)+i2(63)+i3(29)+i25(10) · masque possible · pont ti=40 (= archetype lie)	1	1	1	0	6
0797ce72	HI_1_13_0	desaveu des deux	g2_del_premier_non_del_avant	1 DEL · DELTA ti=40 i0(43)+i1(97)+i2(63)+i3(29)+i25(2) · masque possible · pont ti=40 (= archetype lie)	1	1	1	0	8
0797ce72	HI_1_13_0	desaveu des deux	g2_del_premier_non_del_avant	1 DEL · DELTA ti=40 i0(43)+i1(97)+i2(63)+i3(29)+i25(24) · masque possible · pont ti=40 (= archetype lie)	1	1	1	0	4
0797ce72	HI_1_13_0	desaveu des deux	g2_del_premier_non_del_avant	1 DEL · DELTA ti=40 i0(43)+i1(97)+i2(64)+i12(49)+i25(6) · masque possible · pont ti=40 (= archetype lie)	1	1	1	0	9
0797ce72	HI_1_13_0	desaveu des deux	g2_del_premier_non_del_avant	1 DEL · DELTA ti=40 i0(43)+i1(97)+i2(64)+i3(2)+i25(22) · masque possible · pont ti=40 (= archetype lie)	1	1	1	0	12
0797ce72	HI_1_13_0	desaveu des deux	g2_del_premier_non_del_avant	1 DEL · DELTA ti=40 i0(43)+i1(97)+i2(64)+i3(29)+i25(2) · masque possible · pont ti=40 (= archetype lie)	1	1	1	0	9
0797ce72	HI_1_13_0	desaveu des deux	g2_del_premier_non_del_avant	1 DEL · DELTA ti=40 i0(43)+i1(97)+i2(9)+i3(97)+i25(2) · masque possible · pont ti=40 (= archetype lie)	1	1	1	0	7
0797ce72	HI_1_13_0	desaveu des deux	g2_del_premier_non_del_avant	1 DEL · DELTA ti=40 i0(43)+i1(97)+i25(10) · masque possible · pont ti=40 (= archetype lie)	53	53	53	0	366
0797ce72	HI_1_13_0	desaveu des deux	g2_del_premier_non_del_avant	1 DEL · DELTA ti=40 i0(43)+i1(97)+i25(16) · masque possible · pont ti=40 (= archetype lie)	1	1	1	0	6
0797ce72	HI_1_13_0	desaveu des deux	g2_del_premier_non_del_avant	1 DEL · DELTA ti=40 i0(43)+i1(97)+i25(21) · masque possible · pont ti=40 (= archetype lie)	1	1	1	0	9
0797ce72	HI_1_13_0	desaveu des deux	g2_del_premier_non_del_avant	1 DEL · DELTA ti=40 i0(43)+i1(97)+i25(22) · masque possible · pont ti=40 (= archetype lie)	1	1	1	0	6
0797ce72	HI_1_13_0	desaveu des deux	g2_del_premier_non_del_avant	1 DEL · DELTA ti=40 i0(43)+i1(97)+i3(29)+i25(10) · masque possible · pont ti=40 (= archetype lie)	2	2	2	0	18
0797ce72	HI_1_13_0	desaveu des deux	g2_del_premier_non_del_avant	1 DEL · DELTA ti=40 i0(43)+i1(97)+i3(29)+i25(16) · masque possible · pont ti=40 (= archetype lie)	1	1	1	0	9
0797ce72	HI_1_13_0	desaveu des deux	g2_del_premier_non_del_avant	1 DEL · DELTA ti=40 i0(43)+i1(97)+i3(29)+i25(24) · masque possible · pont ti=40 (= archetype lie)	1	1	1	0	8
0797ce72	HI_1_13_0	desaveu des deux	g2_del_premier_non_del_avant	1 DEL · DELTA ti=42 i11(1)+i19(1) · masque IMPOSSIBLE sous l archetype lie · pont : masque vide	1	1	1	0	6
0797ce72	HI_1_13_0	desaveu des deux	g2_del_premier_non_del_avant	1 DEL · NEW ti=12 i0(32)	1	1	1	0	1
0797ce72	HI_1_13_0	desaveu des deux	g2_del_premier_non_del_avant	1 DEL · NEW ti=13 aucun composant	1	1	1	0	6
0797ce72	HI_1_13_0	desaveu des deux	g2_del_premier_non_del_avant	1 DEL · NEW ti=16 aucun composant	3	3	3	0	24
0797ce72	HI_1_13_0	desaveu des deux	g2_del_premier_non_del_avant	1 DEL · NEW ti=16 i2(38)+i3(38)	1	1	1	0	7
0797ce72	HI_1_13_0	desaveu des deux	g2_del_premier_non_del_avant	1 DEL · NEW ti=3 aucun composant	1	1	1	0	7
0797ce72	HI_1_13_0	desaveu des deux	g2_del_premier_non_del_avant	1 DEL · NEW ti=32 aucun composant	1	1	1	0	8
0797ce72	HI_1_13_0	desaveu des deux	g2_del_premier_non_del_avant	1 DEL · NEW ti=35 aucun composant	1	1	1	0	8
0797ce72	HI_1_13_0	desaveu des deux	g2_del_premier_non_del_avant	1 DEL · NEW ti=39 aucun composant	1	1	1	0	7
0797ce72	HI_1_13_0	desaveu des deux	g2_del_premier_non_del_avant	1 DEL · NEW ti=5 i3(2)+i4(10)+i5(5)+i9(3)+i11(64)+i14(7)+i15(6)+i19(1)+i21(32)+i23(32)+i25(16)+i26(1)	1	1	1	0	5
0797ce72	HI_1_13_0	desaveu des deux	g2_del_premier_non_del_avant	2 DEL · DELTA ti=35 i0(43)+i1(31)+i5(29)+i21(25)+i25(10)+i57(10)+i59(5) · masque possible · pont ti=35 (= archetype lie)	2	2	2	0	2
0797ce72	HI_1_13_0	desaveu des deux	g2_del_premier_non_del_avant	2 DEL · DELTA ti=40 i0(43)+i1(31)+i2(194)+i3(29)+i25(2) · masque possible · pont ti=40 (= archetype lie)	1	1	1	0	7
0797ce72	HI_1_13_0	desaveu des deux	g2_del_premier_non_del_avant	2 DEL · DELTA ti=40 i0(43)+i1(97)+i2(12)+i3(2)+i25(8) · masque possible · pont ti=40 (= archetype lie)	1	1	1	0	5
0797ce72	HI_1_13_0	desaveu des deux	g2_del_premier_non_del_avant	2 DEL · DELTA ti=40 i0(43)+i1(97)+i2(12)+i3(29)+i25(2) · masque possible · pont ti=40 (= archetype lie)	1	1	1	0	8
0797ce72	HI_1_13_0	desaveu des deux	g2_del_premier_non_del_avant	2 DEL · DELTA ti=40 i0(43)+i1(97)+i2(194)+i3(2)+i25(2) · masque possible · pont ti=40 (= archetype lie)	1	1	1	0	9
0797ce72	HI_1_13_0	desaveu des deux	g2_del_premier_non_del_avant	2 DEL · DELTA ti=40 i0(43)+i1(97)+i2(194)+i3(97)+i25(2) · masque possible · pont ti=40 (= archetype lie)	1	1	1	0	5
0797ce72	HI_1_13_0	desaveu des deux	g2_del_premier_non_del_avant	2 DEL · DELTA ti=40 i0(43)+i1(97)+i25(10) · masque possible · pont ti=40 (= archetype lie)	6	6	6	0	41
0797ce72	HI_1_13_0	desaveu des deux	g2_del_premier_non_del_avant	2 DEL · DELTA ti=40 i0(43)+i1(97)+i25(16) · masque possible · pont ti=40 (= archetype lie)	1	1	1	0	6
0797ce72	HI_1_13_0	desaveu des deux	g2_del_premier_non_del_avant	2 DEL · DELTA ti=41 i0(41)+i1(1)+i2(28) · masque possible · pont : masque vide	2	2	2	0	12
0797ce72	HI_1_13_0	desaveu des deux	g2_del_premier_non_del_avant	2 DEL · DELTA ti=41 i0(41)+i1(30)+i2(28) · masque possible · pont : masque vide	1	1	1	0	7
0797ce72	HI_1_13_0	desaveu des deux	g2_del_premier_non_del_avant	2 DEL · NEW ti=41 i0(41)+i2(28)+i14(113)+i15(420)+i20(1)	1	1	1	0	1
0797ce72	HI_1_13_0	desaveu des deux	g2_del_premier_non_del_avant	3 DEL · DELTA ti=40 i0(43)+i1(97)+i3(97)+i25(2) · masque possible · pont ti=40 (= archetype lie)	1	1	1	0	8
0797ce72	HI_1_13_0	desaveu des deux	g2_del_premier_non_del_avant	3 DEL · DELTA ti=41 i0(41)+i1(30)+i2(28) · masque possible · pont : masque vide	1	1	1	0	7
0797ce72	HI_1_13_0	desaveu des deux	g4_ti41	masque 0x7 · i0(41)+i1(1)+i2(28)	112	112	112	0	752
0797ce72	HI_1_13_0	desaveu des deux	g4_ti41	masque 0x7 · i0(41)+i1(30)+i2(28)	14	14	14	0	90
0797ce72	HI_1_13_0	desaveu des deux	g4_ti41	masque 0x7 · i0(41)+i1(30)+i2(9)	32	32	32	0	215
0797ce72	HI_1_13_0	desaveu des deux	g4_ti41_pont	masque possible · pont : masque vide	158	158	158	0	1057
0797ce72	HI_1_13_0	desaveu des deux	genre	DEL ti=0	241	241	241	0	1515
0797ce72	HI_1_13_0	desaveu des deux	genre	DELTA ti=41	158	158	158	0	1057
0797ce72	HI_1_13_0	desaveu des deux	liaison_du_masque_impossible	NEW (eid complet) · slot non declare par la 1re image-cle du chunk · bloc : gen 1 (eid gen 0), vivante false	1	1	0	0	0
0797ce72	HI_1_13_0	desaveu des deux	liaison_du_masque_impossible	image-cle ou joker · 1re image-cle du chunk : ti=38 · bloc : gen 1 (eid gen 3), vivante true	1	1	0	0	0
0797ce72	HI_1_13_0	desaveu des deux	liaison_du_masque_impossible	table de datums ou anticipation · slot non declare par la 1re image-cle du chunk · bloc : gen 0 (eid gen 1), vivante false	2	2	0	0	0
0797ce72	HI_1_13_0	desaveu image-cle hors bloc	g2_del	eid du DEL : aucune allocation · lie au monde apres le paquet : false	231	231	231	0	1443
0797ce72	HI_1_13_0	desaveu image-cle hors bloc	g2_del	eid du DEL : libere avant le chunk · lie au monde apres le paquet : false	4	4	4	0	25
0797ce72	HI_1_13_0	desaveu image-cle hors bloc	g2_del	eid du DEL : naissance non lue · lie au monde apres le paquet : false	3	3	3	0	21
0797ce72	HI_1_13_0	desaveu image-cle hors bloc	g2_del	eid du DEL : realloue sous une autre generation · lie au monde apres le paquet : false	2	2	2	0	17
0797ce72	HI_1_13_0	desaveu image-cle hors bloc	g2_del	eid du DEL : vivant au bloc du chunk · lie au monde apres le paquet : false	2	2	2	0	15
0797ce72	HI_1_13_0	desaveu image-cle hors bloc	g2_del_nombre_de_records	10 records lus	44	44	44	0	335
0797ce72	HI_1_13_0	desaveu image-cle hors bloc	g2_del_nombre_de_records	11 records lus	53	53	53	0	445
0797ce72	HI_1_13_0	desaveu image-cle hors bloc	g2_del_nombre_de_records	12 records lus	18	18	18	0	155
0797ce72	HI_1_13_0	desaveu image-cle hors bloc	g2_del_nombre_de_records	13 records lus	3	3	3	0	24
0797ce72	HI_1_13_0	desaveu image-cle hors bloc	g2_del_nombre_de_records	14 records lus	1	1	1	0	11
0797ce72	HI_1_13_0	desaveu image-cle hors bloc	g2_del_nombre_de_records	15 records lus	2	2	2	0	24
0797ce72	HI_1_13_0	desaveu image-cle hors bloc	g2_del_nombre_de_records	16 records lus	1	1	1	0	12
0797ce72	HI_1_13_0	desaveu image-cle hors bloc	g2_del_nombre_de_records	3 records lus	32	32	32	0	2
0797ce72	HI_1_13_0	desaveu image-cle hors bloc	g2_del_nombre_de_records	4 records lus	3	3	3	0	3
0797ce72	HI_1_13_0	desaveu image-cle hors bloc	g2_del_nombre_de_records	6 records lus	1	1	1	0	4
0797ce72	HI_1_13_0	desaveu image-cle hors bloc	g2_del_nombre_de_records	7 records lus	13	13	13	0	64
0797ce72	HI_1_13_0	desaveu image-cle hors bloc	g2_del_nombre_de_records	8 records lus	30	30	30	0	174
0797ce72	HI_1_13_0	desaveu image-cle hors bloc	g2_del_nombre_de_records	9 records lus	41	41	41	0	268
0797ce72	HI_1_13_0	desaveu image-cle hors bloc	g2_del_premier_non_del_avant	1 DEL · DELTA ti=16 i0(575)+i1(38)+i3(38)+i5(8) · masque IMPOSSIBLE sous l archetype lie · pont : masque vide	1	1	1	0	9
0797ce72	HI_1_13_0	desaveu image-cle hors bloc	g2_del_premier_non_del_avant	1 DEL · DELTA ti=2 aucun composant · masque possible · pont ti=2 (= archetype lie)	2	2	2	0	15
0797ce72	HI_1_13_0	desaveu image-cle hors bloc	g2_del_premier_non_del_avant	1 DEL · DELTA ti=21 i16(20) · masque possible · pont : masque vide	30	30	30	0	0
0797ce72	HI_1_13_0	desaveu image-cle hors bloc	g2_del_premier_non_del_avant	1 DEL · DELTA ti=25 aucun composant · masque IMPOSSIBLE sous l archetype lie · pont : masque vide	1	1	1	0	6
0797ce72	HI_1_13_0	desaveu image-cle hors bloc	g2_del_premier_non_del_avant	1 DEL · DELTA ti=35 i0(43)+i1(31)+i21(25)+i25(10)+i57(10)+i59(5) · masque possible · pont : masque vide	1	1	1	0	6
0797ce72	HI_1_13_0	desaveu image-cle hors bloc	g2_del_premier_non_del_avant	1 DEL · DELTA ti=35 i0(43)+i1(31)+i21(25)+i25(10)+i57(10)+i59(5) · masque possible · pont ti=35 (= archetype lie)	1	1	1	0	1
0797ce72	HI_1_13_0	desaveu image-cle hors bloc	g2_del_premier_non_del_avant	1 DEL · DELTA ti=35 i1(97)+i2(28)+i6(151)+i11(79)+i23(91)+i24(123)+i29(11)+i34(11)+i36(14)+i40(11)+i43(178)+i45(241)+i52(68)+i53(89)+i56(17)+i60(211)+i62(26) · masque possible · pont : masque vide	1	1	1	0	6
0797ce72	HI_1_13_0	desaveu image-cle hors bloc	g2_del_premier_non_del_avant	1 DEL · DELTA ti=35 i1(97)+i2(28)+i6(151)+i11(79)+i23(91)+i24(78)+i29(11)+i34(11)+i36(14)+i40(11)+i43(263)+i45(11)+i53(95)+i54(2)+i56(3)+i60(1)+i62(26) · masque possible · pont : masque vide	1	1	1	0	7
0797ce72	HI_1_13_0	desaveu image-cle hors bloc	g2_del_premier_non_del_avant	1 DEL · DELTA ti=37 i0(41)+i4(11)+i13(40)+i14(113)+i15(109)+i17(109)+i18(1)+i22(5)+i27(8) · masque IMPOSSIBLE sous l archetype lie · pont : masque vide	1	1	1	0	8
0797ce72	HI_1_13_0	desaveu image-cle hors bloc	g2_del_premier_non_del_avant	1 DEL · DELTA ti=37 i28(20)+i29(2) · masque possible · pont : masque vide	2	2	2	0	16
0797ce72	HI_1_13_0	desaveu image-cle hors bloc	g2_del_premier_non_del_avant	1 DEL · DELTA ti=38 i11(1)+i15(74)+i17(117)+i18(84)+i19(25) · masque IMPOSSIBLE sous l archetype lie · pont ti=38 (= archetype lie)	1	1	1	0	7
0797ce72	HI_1_13_0	desaveu image-cle hors bloc	g2_del_premier_non_del_avant	1 DEL · DELTA ti=40 i0(43)+i1(31)+i2(18)+i3(97)+i25(13) · masque possible · pont ti=40 (= archetype lie)	1	1	1	0	7
0797ce72	HI_1_13_0	desaveu image-cle hors bloc	g2_del_premier_non_del_avant	1 DEL · DELTA ti=40 i0(43)+i1(31)+i2(194)+i3(2)+i25(10) · masque possible · pont ti=40 (= archetype lie)	2	2	2	0	14
0797ce72	HI_1_13_0	desaveu image-cle hors bloc	g2_del_premier_non_del_avant	1 DEL · DELTA ti=40 i0(43)+i1(31)+i2(194)+i3(29)+i25(6) · masque possible · pont ti=40 (= archetype lie)	2	2	2	0	18
0797ce72	HI_1_13_0	desaveu image-cle hors bloc	g2_del_premier_non_del_avant	1 DEL · DELTA ti=40 i0(43)+i1(31)+i2(194)+i3(97)+i25(10) · masque possible · pont ti=40 (= archetype lie)	1	1	1	0	8
0797ce72	HI_1_13_0	desaveu image-cle hors bloc	g2_del_premier_non_del_avant	1 DEL · DELTA ti=40 i0(43)+i1(31)+i2(194)+i3(97)+i25(2) · masque possible · pont ti=40 (= archetype lie)	1	1	1	0	6
0797ce72	HI_1_13_0	desaveu image-cle hors bloc	g2_del_premier_non_del_avant	1 DEL · DELTA ti=40 i0(43)+i1(31)+i2(29)+i3(29)+i25(15) · masque possible · pont ti=40 (= archetype lie)	1	1	1	0	7
0797ce72	HI_1_13_0	desaveu image-cle hors bloc	g2_del_premier_non_del_avant	1 DEL · DELTA ti=40 i0(43)+i1(31)+i2(29)+i3(97)+i25(10) · masque possible · pont ti=40 (= archetype lie)	1	1	1	0	5
0797ce72	HI_1_13_0	desaveu image-cle hors bloc	g2_del_premier_non_del_avant	1 DEL · DELTA ti=40 i0(43)+i1(31)+i2(31)+i3(2)+i25(15) · masque possible · pont ti=40 (= archetype lie)	2	2	2	0	12
0797ce72	HI_1_13_0	desaveu image-cle hors bloc	g2_del_premier_non_del_avant	1 DEL · DELTA ti=40 i0(43)+i1(31)+i2(31)+i3(97)+i25(2) · masque possible · pont ti=40 (= archetype lie)	1	1	1	0	9
0797ce72	HI_1_13_0	desaveu image-cle hors bloc	g2_del_premier_non_del_avant	1 DEL · DELTA ti=40 i0(43)+i1(31)+i2(31)+i3(97)+i25(7) · masque possible · pont ti=40 (= archetype lie)	1	1	1	0	9
0797ce72	HI_1_13_0	desaveu image-cle hors bloc	g2_del_premier_non_del_avant	1 DEL · DELTA ti=40 i0(43)+i1(31)+i2(33)+i3(97)+i25(10) · masque possible · pont ti=40 (= archetype lie)	1	1	1	0	8
0797ce72	HI_1_13_0	desaveu image-cle hors bloc	g2_del_premier_non_del_avant	1 DEL · DELTA ti=40 i0(43)+i1(31)+i2(33)+i3(97)+i25(2) · masque possible · pont ti=40 (= archetype lie)	1	1	1	0	6
0797ce72	HI_1_13_0	desaveu image-cle hors bloc	g2_del_premier_non_del_avant	1 DEL · DELTA ti=40 i0(43)+i1(31)+i2(34)+i25(2) · masque possible · pont ti=40 (= archetype lie)	1	1	1	0	7
0797ce72	HI_1_13_0	desaveu image-cle hors bloc	g2_del_premier_non_del_avant	1 DEL · DELTA ti=40 i0(43)+i1(31)+i2(34)+i3(2)+i25(2) · masque possible · pont ti=40 (= archetype lie)	1	1	1	0	7
0797ce72	HI_1_13_0	desaveu image-cle hors bloc	g2_del_premier_non_del_avant	1 DEL · DELTA ti=40 i0(43)+i1(31)+i2(34)+i3(97)+i25(2) · masque possible · pont ti=40 (= archetype lie)	1	1	1	0	10
0797ce72	HI_1_13_0	desaveu image-cle hors bloc	g2_del_premier_non_del_avant	1 DEL · DELTA ti=40 i0(43)+i1(31)+i2(5)+i25(2) · masque possible · pont ti=40 (= archetype lie)	1	1	1	0	7
0797ce72	HI_1_13_0	desaveu image-cle hors bloc	g2_del_premier_non_del_avant	1 DEL · DELTA ti=40 i0(43)+i1(31)+i2(5)+i3(29)+i25(22) · masque possible · pont ti=40 (= archetype lie)	2	2	2	0	14
0797ce72	HI_1_13_0	desaveu image-cle hors bloc	g2_del_premier_non_del_avant	1 DEL · DELTA ti=40 i0(43)+i1(31)+i2(63)+i25(2) · masque possible · pont ti=40 (= archetype lie)	18	18	18	0	152
0797ce72	HI_1_13_0	desaveu image-cle hors bloc	g2_del_premier_non_del_avant	1 DEL · DELTA ti=40 i0(43)+i1(31)+i2(63)+i3(2)+i25(16) · masque possible · pont ti=40 (= archetype lie)	1	1	1	0	8
0797ce72	HI_1_13_0	desaveu image-cle hors bloc	g2_del_premier_non_del_avant	1 DEL · DELTA ti=40 i0(43)+i1(31)+i2(63)+i3(2)+i25(2) · masque possible · pont ti=40 (= archetype lie)	11	11	11	0	95
0797ce72	HI_1_13_0	desaveu image-cle hors bloc	g2_del_premier_non_del_avant	1 DEL · DELTA ti=40 i0(43)+i1(31)+i2(63)+i3(97)+i25(10) · masque possible · pont ti=40 (= archetype lie)	1	1	1	0	8
0797ce72	HI_1_13_0	desaveu image-cle hors bloc	g2_del_premier_non_del_avant	1 DEL · DELTA ti=40 i0(43)+i1(31)+i2(64)+i3(29)+i25(2) · masque possible · pont ti=40 (= archetype lie)	3	3	3	0	18
0797ce72	HI_1_13_0	desaveu image-cle hors bloc	g2_del_premier_non_del_avant	1 DEL · DELTA ti=40 i0(43)+i1(31)+i2(64)+i3(97)+i25(10) · masque possible · pont ti=40 (= archetype lie)	2	2	2	0	14
0797ce72	HI_1_13_0	desaveu image-cle hors bloc	g2_del_premier_non_del_avant	1 DEL · DELTA ti=40 i0(43)+i1(31)+i2(9)+i3(2)+i25(2) · masque possible · pont ti=40 (= archetype lie)	1	1	1	0	9
0797ce72	HI_1_13_0	desaveu image-cle hors bloc	g2_del_premier_non_del_avant	1 DEL · DELTA ti=40 i0(43)+i1(31)+i2(9)+i3(97)+i25(2) · masque possible · pont ti=40 (= archetype lie)	1	1	1	0	10
0797ce72	HI_1_13_0	desaveu image-cle hors bloc	g2_del_premier_non_del_avant	1 DEL · DELTA ti=40 i0(43)+i1(31)+i25(22) · masque possible · pont ti=40 (= archetype lie)	2	2	2	0	12
0797ce72	HI_1_13_0	desaveu image-cle hors bloc	g2_del_premier_non_del_avant	1 DEL · DELTA ti=40 i0(43)+i1(31)+i3(97)+i25(16) · masque possible · pont ti=40 (= archetype lie)	4	4	4	0	26
0797ce72	HI_1_13_0	desaveu image-cle hors bloc	g2_del_premier_non_del_avant	1 DEL · DELTA ti=40 i0(43)+i1(31)+i3(97)+i25(2) · masque possible · pont ti=40 (= archetype lie)	8	8	8	0	43
0797ce72	HI_1_13_0	desaveu image-cle hors bloc	g2_del_premier_non_del_avant	1 DEL · DELTA ti=40 i0(43)+i1(31)+i3(97)+i25(23) · masque possible · pont ti=40 (= archetype lie)	1	1	1	0	9
0797ce72	HI_1_13_0	desaveu image-cle hors bloc	g2_del_premier_non_del_avant	1 DEL · DELTA ti=40 i0(43)+i1(31)+i3(97)+i25(24) · masque possible · pont ti=40 (= archetype lie)	1	1	1	0	8
0797ce72	HI_1_13_0	desaveu image-cle hors bloc	g2_del_premier_non_del_avant	1 DEL · DELTA ti=40 i0(43)+i1(97)+i2(12)+i3(29)+i25(2) · masque possible · pont ti=40 (= archetype lie)	1	1	1	0	7
0797ce72	HI_1_13_0	desaveu image-cle hors bloc	g2_del_premier_non_del_avant	1 DEL · DELTA ti=40 i0(43)+i1(97)+i2(18)+i3(2)+i25(10) · masque possible · pont ti=40 (= archetype lie)	1	1	1	0	8
0797ce72	HI_1_13_0	desaveu image-cle hors bloc	g2_del_premier_non_del_avant	1 DEL · DELTA ti=40 i0(43)+i1(97)+i2(18)+i3(97)+i25(10) · masque possible · pont ti=40 (= archetype lie)	1	1	1	0	9
0797ce72	HI_1_13_0	desaveu image-cle hors bloc	g2_del_premier_non_del_avant	1 DEL · DELTA ti=40 i0(43)+i1(97)+i2(194)+i3(29)+i25(16) · masque possible · pont ti=40 (= archetype lie)	1	1	1	0	9
0797ce72	HI_1_13_0	desaveu image-cle hors bloc	g2_del_premier_non_del_avant	1 DEL · DELTA ti=40 i0(43)+i1(97)+i2(194)+i3(97)+i25(2) · masque possible · pont ti=40 (= archetype lie)	1	1	1	0	5
0797ce72	HI_1_13_0	desaveu image-cle hors bloc	g2_del_premier_non_del_avant	1 DEL · DELTA ti=40 i0(43)+i1(97)+i2(25)+i25(10) · masque possible · pont ti=40 (= archetype lie)	1	1	1	0	8
0797ce72	HI_1_13_0	desaveu image-cle hors bloc	g2_del_premier_non_del_avant	1 DEL · DELTA ti=40 i0(43)+i1(97)+i2(31)+i25(16) · masque possible · pont ti=40 (= archetype lie)	1	1	1	0	6
0797ce72	HI_1_13_0	desaveu image-cle hors bloc	g2_del_premier_non_del_avant	1 DEL · DELTA ti=40 i0(43)+i1(97)+i2(31)+i25(2) · masque possible · pont ti=40 (= archetype lie)	1	1	1	0	7
0797ce72	HI_1_13_0	desaveu image-cle hors bloc	g2_del_premier_non_del_avant	1 DEL · DELTA ti=40 i0(43)+i1(97)+i2(31)+i25(22) · masque possible · pont ti=40 (= archetype lie)	1	1	1	0	7
0797ce72	HI_1_13_0	desaveu image-cle hors bloc	g2_del_premier_non_del_avant	1 DEL · DELTA ti=40 i0(43)+i1(97)+i2(31)+i25(6) · masque possible · pont ti=40 (= archetype lie)	1	1	1	0	9
0797ce72	HI_1_13_0	desaveu image-cle hors bloc	g2_del_premier_non_del_avant	1 DEL · DELTA ti=40 i0(43)+i1(97)+i2(31)+i3(2)+i12(1)+i25(7) · masque possible · pont ti=40 (= archetype lie)	1	1	1	0	7
0797ce72	HI_1_13_0	desaveu image-cle hors bloc	g2_del_premier_non_del_avant	1 DEL · DELTA ti=40 i0(43)+i1(97)+i2(31)+i3(29)+i25(10) · masque possible · pont ti=40 (= archetype lie)	2	2	2	0	15
0797ce72	HI_1_13_0	desaveu image-cle hors bloc	g2_del_premier_non_del_avant	1 DEL · DELTA ti=40 i0(43)+i1(97)+i2(31)+i3(29)+i25(24) · masque possible · pont ti=40 (= archetype lie)	1	1	1	0	7
0797ce72	HI_1_13_0	desaveu image-cle hors bloc	g2_del_premier_non_del_avant	1 DEL · DELTA ti=40 i0(43)+i1(97)+i2(31)+i3(97)+i25(2) · masque possible · pont ti=40 (= archetype lie)	2	2	2	0	15
0797ce72	HI_1_13_0	desaveu image-cle hors bloc	g2_del_premier_non_del_avant	1 DEL · DELTA ti=40 i0(43)+i1(97)+i2(33)+i25(2) · masque possible · pont ti=40 (= archetype lie)	1	1	1	0	8
0797ce72	HI_1_13_0	desaveu image-cle hors bloc	g2_del_premier_non_del_avant	1 DEL · DELTA ti=40 i0(43)+i1(97)+i2(33)+i3(2)+i25(2) · masque possible · pont ti=40 (= archetype lie)	8	8	8	0	65
0797ce72	HI_1_13_0	desaveu image-cle hors bloc	g2_del_premier_non_del_avant	1 DEL · DELTA ti=40 i0(43)+i1(97)+i2(34)+i3(97)+i25(2) · masque possible · pont ti=40 (= archetype lie)	1	1	1	0	8
0797ce72	HI_1_13_0	desaveu image-cle hors bloc	g2_del_premier_non_del_avant	1 DEL · DELTA ti=40 i0(43)+i1(97)+i2(63)+i3(29)+i25(10) · masque possible · pont ti=40 (= archetype lie)	1	1	1	0	6
0797ce72	HI_1_13_0	desaveu image-cle hors bloc	g2_del_premier_non_del_avant	1 DEL · DELTA ti=40 i0(43)+i1(97)+i2(63)+i3(29)+i25(2) · masque possible · pont ti=40 (= archetype lie)	1	1	1	0	8
0797ce72	HI_1_13_0	desaveu image-cle hors bloc	g2_del_premier_non_del_avant	1 DEL · DELTA ti=40 i0(43)+i1(97)+i2(63)+i3(29)+i25(24) · masque possible · pont ti=40 (= archetype lie)	1	1	1	0	4
0797ce72	HI_1_13_0	desaveu image-cle hors bloc	g2_del_premier_non_del_avant	1 DEL · DELTA ti=40 i0(43)+i1(97)+i2(64)+i12(49)+i25(6) · masque possible · pont ti=40 (= archetype lie)	1	1	1	0	9
0797ce72	HI_1_13_0	desaveu image-cle hors bloc	g2_del_premier_non_del_avant	1 DEL · DELTA ti=40 i0(43)+i1(97)+i2(64)+i3(2)+i25(22) · masque possible · pont ti=40 (= archetype lie)	1	1	1	0	12
0797ce72	HI_1_13_0	desaveu image-cle hors bloc	g2_del_premier_non_del_avant	1 DEL · DELTA ti=40 i0(43)+i1(97)+i2(64)+i3(29)+i25(2) · masque possible · pont ti=40 (= archetype lie)	1	1	1	0	9
0797ce72	HI_1_13_0	desaveu image-cle hors bloc	g2_del_premier_non_del_avant	1 DEL · DELTA ti=40 i0(43)+i1(97)+i2(9)+i3(97)+i25(2) · masque possible · pont ti=40 (= archetype lie)	1	1	1	0	7
0797ce72	HI_1_13_0	desaveu image-cle hors bloc	g2_del_premier_non_del_avant	1 DEL · DELTA ti=40 i0(43)+i1(97)+i25(10) · masque possible · pont ti=40 (= archetype lie)	53	53	53	0	366
0797ce72	HI_1_13_0	desaveu image-cle hors bloc	g2_del_premier_non_del_avant	1 DEL · DELTA ti=40 i0(43)+i1(97)+i25(16) · masque possible · pont ti=40 (= archetype lie)	1	1	1	0	6
0797ce72	HI_1_13_0	desaveu image-cle hors bloc	g2_del_premier_non_del_avant	1 DEL · DELTA ti=40 i0(43)+i1(97)+i25(21) · masque possible · pont ti=40 (= archetype lie)	1	1	1	0	9
0797ce72	HI_1_13_0	desaveu image-cle hors bloc	g2_del_premier_non_del_avant	1 DEL · DELTA ti=40 i0(43)+i1(97)+i25(22) · masque possible · pont ti=40 (= archetype lie)	1	1	1	0	6
0797ce72	HI_1_13_0	desaveu image-cle hors bloc	g2_del_premier_non_del_avant	1 DEL · DELTA ti=40 i0(43)+i1(97)+i3(29)+i25(10) · masque possible · pont ti=40 (= archetype lie)	2	2	2	0	18
0797ce72	HI_1_13_0	desaveu image-cle hors bloc	g2_del_premier_non_del_avant	1 DEL · DELTA ti=40 i0(43)+i1(97)+i3(29)+i25(16) · masque possible · pont ti=40 (= archetype lie)	1	1	1	0	9
0797ce72	HI_1_13_0	desaveu image-cle hors bloc	g2_del_premier_non_del_avant	1 DEL · DELTA ti=40 i0(43)+i1(97)+i3(29)+i25(24) · masque possible · pont ti=40 (= archetype lie)	1	1	1	0	8
0797ce72	HI_1_13_0	desaveu image-cle hors bloc	g2_del_premier_non_del_avant	1 DEL · DELTA ti=42 i11(1)+i19(1) · masque IMPOSSIBLE sous l archetype lie · pont : masque vide	1	1	1	0	6
0797ce72	HI_1_13_0	desaveu image-cle hors bloc	g2_del_premier_non_del_avant	1 DEL · NEW ti=12 i0(32)	1	1	1	0	1
0797ce72	HI_1_13_0	desaveu image-cle hors bloc	g2_del_premier_non_del_avant	1 DEL · NEW ti=13 aucun composant	1	1	1	0	6
0797ce72	HI_1_13_0	desaveu image-cle hors bloc	g2_del_premier_non_del_avant	1 DEL · NEW ti=16 aucun composant	3	3	3	0	24
0797ce72	HI_1_13_0	desaveu image-cle hors bloc	g2_del_premier_non_del_avant	1 DEL · NEW ti=16 i2(38)+i3(38)	1	1	1	0	7
0797ce72	HI_1_13_0	desaveu image-cle hors bloc	g2_del_premier_non_del_avant	1 DEL · NEW ti=3 aucun composant	1	1	1	0	7
0797ce72	HI_1_13_0	desaveu image-cle hors bloc	g2_del_premier_non_del_avant	1 DEL · NEW ti=32 aucun composant	1	1	1	0	8
0797ce72	HI_1_13_0	desaveu image-cle hors bloc	g2_del_premier_non_del_avant	1 DEL · NEW ti=35 aucun composant	1	1	1	0	8
0797ce72	HI_1_13_0	desaveu image-cle hors bloc	g2_del_premier_non_del_avant	1 DEL · NEW ti=39 aucun composant	1	1	1	0	7
0797ce72	HI_1_13_0	desaveu image-cle hors bloc	g2_del_premier_non_del_avant	1 DEL · NEW ti=5 i3(2)+i4(10)+i5(5)+i9(3)+i11(64)+i14(7)+i15(6)+i19(1)+i21(32)+i23(32)+i25(16)+i26(1)	1	1	1	0	5
0797ce72	HI_1_13_0	desaveu image-cle hors bloc	g2_del_premier_non_del_avant	2 DEL · DELTA ti=35 i0(43)+i1(31)+i5(29)+i21(25)+i25(10)+i57(10)+i59(5) · masque possible · pont ti=35 (= archetype lie)	2	2	2	0	2
0797ce72	HI_1_13_0	desaveu image-cle hors bloc	g2_del_premier_non_del_avant	2 DEL · DELTA ti=40 i0(43)+i1(31)+i2(194)+i3(29)+i25(2) · masque possible · pont ti=40 (= archetype lie)	1	1	1	0	7
0797ce72	HI_1_13_0	desaveu image-cle hors bloc	g2_del_premier_non_del_avant	2 DEL · DELTA ti=40 i0(43)+i1(97)+i2(12)+i3(2)+i25(8) · masque possible · pont ti=40 (= archetype lie)	1	1	1	0	5
0797ce72	HI_1_13_0	desaveu image-cle hors bloc	g2_del_premier_non_del_avant	2 DEL · DELTA ti=40 i0(43)+i1(97)+i2(12)+i3(29)+i25(2) · masque possible · pont ti=40 (= archetype lie)	1	1	1	0	8
0797ce72	HI_1_13_0	desaveu image-cle hors bloc	g2_del_premier_non_del_avant	2 DEL · DELTA ti=40 i0(43)+i1(97)+i2(194)+i3(2)+i25(2) · masque possible · pont ti=40 (= archetype lie)	1	1	1	0	9
0797ce72	HI_1_13_0	desaveu image-cle hors bloc	g2_del_premier_non_del_avant	2 DEL · DELTA ti=40 i0(43)+i1(97)+i2(194)+i3(97)+i25(2) · masque possible · pont ti=40 (= archetype lie)	1	1	1	0	5
0797ce72	HI_1_13_0	desaveu image-cle hors bloc	g2_del_premier_non_del_avant	2 DEL · DELTA ti=40 i0(43)+i1(97)+i25(10) · masque possible · pont ti=40 (= archetype lie)	6	6	6	0	41
0797ce72	HI_1_13_0	desaveu image-cle hors bloc	g2_del_premier_non_del_avant	2 DEL · DELTA ti=40 i0(43)+i1(97)+i25(16) · masque possible · pont ti=40 (= archetype lie)	1	1	1	0	6
0797ce72	HI_1_13_0	desaveu image-cle hors bloc	g2_del_premier_non_del_avant	2 DEL · DELTA ti=41 i0(41)+i1(1)+i2(28) · masque possible · pont : masque vide	2	2	2	0	12
0797ce72	HI_1_13_0	desaveu image-cle hors bloc	g2_del_premier_non_del_avant	2 DEL · DELTA ti=41 i0(41)+i1(30)+i2(28) · masque possible · pont : masque vide	1	1	1	0	7
0797ce72	HI_1_13_0	desaveu image-cle hors bloc	g2_del_premier_non_del_avant	2 DEL · NEW ti=41 i0(41)+i2(28)+i14(113)+i15(420)+i20(1)	1	1	1	0	1
0797ce72	HI_1_13_0	desaveu image-cle hors bloc	g2_del_premier_non_del_avant	3 DEL · DELTA ti=40 i0(43)+i1(97)+i3(97)+i25(2) · masque possible · pont ti=40 (= archetype lie)	1	1	1	0	8
0797ce72	HI_1_13_0	desaveu image-cle hors bloc	g2_del_premier_non_del_avant	3 DEL · DELTA ti=41 i0(41)+i1(30)+i2(28) · masque possible · pont : masque vide	1	1	1	0	7
0797ce72	HI_1_13_0	desaveu image-cle hors bloc	g4_ti41	masque 0x7 · i0(41)+i1(1)+i2(28)	112	112	112	0	752
0797ce72	HI_1_13_0	desaveu image-cle hors bloc	g4_ti41	masque 0x7 · i0(41)+i1(30)+i2(28)	14	14	14	0	90
0797ce72	HI_1_13_0	desaveu image-cle hors bloc	g4_ti41	masque 0x7 · i0(41)+i1(30)+i2(9)	32	32	32	0	215
0797ce72	HI_1_13_0	desaveu image-cle hors bloc	g4_ti41_pont	masque possible · pont : masque vide	158	158	158	0	1057
0797ce72	HI_1_13_0	desaveu image-cle hors bloc	genre	DEL ti=0	242	242	242	0	1521
0797ce72	HI_1_13_0	desaveu image-cle hors bloc	genre	DELTA ti=41	158	158	158	0	1057
0797ce72	HI_1_13_0	desaveu image-cle hors bloc	liaison_du_masque_impossible	NEW (eid complet) · slot non declare par la 1re image-cle du chunk · bloc : gen 1 (eid gen 0), vivante false	1	1	0	0	0
0797ce72	HI_1_13_0	desaveu image-cle hors bloc	liaison_du_masque_impossible	NEW (eid complet), generation differente · slot non declare par la 1re image-cle du chunk · bloc : gen 0 (eid gen 3), vivante false	1	1	0	0	0
0797ce72	HI_1_13_0	desaveu image-cle hors bloc	liaison_du_masque_impossible	image-cle ou joker · 1re image-cle du chunk : ti=38 · bloc : gen 1 (eid gen 3), vivante true	1	1	0	0	0
0797ce72	HI_1_13_0	desaveu image-cle hors bloc	liaison_du_masque_impossible	table de datums ou anticipation · slot non declare par la 1re image-cle du chunk · bloc : gen 0 (eid gen 1), vivante false	2	2	0	0	0
0797ce72	HI_1_13_0	oracle archetype force ti=35	g2_del	eid du DEL : aucune allocation · lie au monde apres le paquet : false	227	227	227	0	1413
0797ce72	HI_1_13_0	oracle archetype force ti=35	g2_del	eid du DEL : libere avant le chunk · lie au monde apres le paquet : false	3	3	3	0	19
0797ce72	HI_1_13_0	oracle archetype force ti=35	g2_del	eid du DEL : naissance non lue · lie au monde apres le paquet : false	3	3	3	0	21
0797ce72	HI_1_13_0	oracle archetype force ti=35	g2_del	eid du DEL : realloue sous une autre generation · lie au monde apres le paquet : false	2	2	2	0	17
0797ce72	HI_1_13_0	oracle archetype force ti=35	g2_del	eid du DEL : vivant au bloc du chunk · lie au monde apres le paquet : false	2	2	2	0	15
0797ce72	HI_1_13_0	oracle archetype force ti=35	g2_del_nombre_de_records	10 records lus	41	41	41	0	314
0797ce72	HI_1_13_0	oracle archetype force ti=35	g2_del_nombre_de_records	11 records lus	52	52	52	0	439
0797ce72	HI_1_13_0	oracle archetype force ti=35	g2_del_nombre_de_records	12 records lus	17	17	17	0	146
0797ce72	HI_1_13_0	oracle archetype force ti=35	g2_del_nombre_de_records	13 records lus	3	3	3	0	24
0797ce72	HI_1_13_0	oracle archetype force ti=35	g2_del_nombre_de_records	14 records lus	1	1	1	0	11
0797ce72	HI_1_13_0	oracle archetype force ti=35	g2_del_nombre_de_records	15 records lus	2	2	2	0	24
0797ce72	HI_1_13_0	oracle archetype force ti=35	g2_del_nombre_de_records	16 records lus	1	1	1	0	12
0797ce72	HI_1_13_0	oracle archetype force ti=35	g2_del_nombre_de_records	3 records lus	32	32	32	0	2
0797ce72	HI_1_13_0	oracle archetype force ti=35	g2_del_nombre_de_records	4 records lus	3	3	3	0	3
0797ce72	HI_1_13_0	oracle archetype force ti=35	g2_del_nombre_de_records	6 records lus	1	1	1	0	4
0797ce72	HI_1_13_0	oracle archetype force ti=35	g2_del_nombre_de_records	7 records lus	13	13	13	0	64
0797ce72	HI_1_13_0	oracle archetype force ti=35	g2_del_nombre_de_records	8 records lus	30	30	30	0	174
0797ce72	HI_1_13_0	oracle archetype force ti=35	g2_del_nombre_de_records	9 records lus	41	41	41	0	268
0797ce72	HI_1_13_0	oracle archetype force ti=35	g2_del_premier_non_del_avant	1 DEL · DELTA ti=2 aucun composant · masque possible · pont ti=2 (= archetype lie)	2	2	2	0	15
0797ce72	HI_1_13_0	oracle archetype force ti=35	g2_del_premier_non_del_avant	1 DEL · DELTA ti=21 i16(20) · masque possible · pont : masque vide	30	30	30	0	0
0797ce72	HI_1_13_0	oracle archetype force ti=35	g2_del_premier_non_del_avant	1 DEL · DELTA ti=35 i0(43)+i1(31)+i21(25)+i25(10)+i57(10)+i59(5) · masque possible · pont : masque vide	1	1	1	0	6
0797ce72	HI_1_13_0	oracle archetype force ti=35	g2_del_premier_non_del_avant	1 DEL · DELTA ti=35 i0(43)+i1(31)+i21(25)+i25(10)+i57(10)+i59(5) · masque possible · pont ti=35 (= archetype lie)	1	1	1	0	1
0797ce72	HI_1_13_0	oracle archetype force ti=35	g2_del_premier_non_del_avant	1 DEL · DELTA ti=35 i1(97)+i2(28)+i6(151)+i11(79)+i23(91)+i24(123)+i29(11)+i34(11)+i36(14)+i40(11)+i43(178)+i45(241)+i52(68)+i53(89)+i56(17)+i60(211)+i62(26) · masque possible · pont : masque vide	1	1	1	0	6
0797ce72	HI_1_13_0	oracle archetype force ti=35	g2_del_premier_non_del_avant	1 DEL · DELTA ti=35 i1(97)+i2(28)+i6(151)+i11(79)+i23(91)+i24(78)+i29(11)+i34(11)+i36(14)+i40(11)+i43(263)+i45(11)+i53(95)+i54(2)+i56(3)+i60(1)+i62(26) · masque possible · pont : masque vide	1	1	1	0	7
0797ce72	HI_1_13_0	oracle archetype force ti=35	g2_del_premier_non_del_avant	1 DEL · DELTA ti=37 i28(20)+i29(2) · masque possible · pont : masque vide	2	2	2	0	16
0797ce72	HI_1_13_0	oracle archetype force ti=35	g2_del_premier_non_del_avant	1 DEL · DELTA ti=40 i0(43)+i1(31)+i2(18)+i3(97)+i25(13) · masque possible · pont ti=40 (= archetype lie)	1	1	1	0	7
0797ce72	HI_1_13_0	oracle archetype force ti=35	g2_del_premier_non_del_avant	1 DEL · DELTA ti=40 i0(43)+i1(31)+i2(194)+i3(2)+i25(10) · masque possible · pont ti=40 (= archetype lie)	2	2	2	0	14
0797ce72	HI_1_13_0	oracle archetype force ti=35	g2_del_premier_non_del_avant	1 DEL · DELTA ti=40 i0(43)+i1(31)+i2(194)+i3(29)+i25(6) · masque possible · pont ti=40 (= archetype lie)	2	2	2	0	18
0797ce72	HI_1_13_0	oracle archetype force ti=35	g2_del_premier_non_del_avant	1 DEL · DELTA ti=40 i0(43)+i1(31)+i2(194)+i3(97)+i25(10) · masque possible · pont ti=40 (= archetype lie)	1	1	1	0	8
0797ce72	HI_1_13_0	oracle archetype force ti=35	g2_del_premier_non_del_avant	1 DEL · DELTA ti=40 i0(43)+i1(31)+i2(194)+i3(97)+i25(2) · masque possible · pont ti=40 (= archetype lie)	1	1	1	0	6
0797ce72	HI_1_13_0	oracle archetype force ti=35	g2_del_premier_non_del_avant	1 DEL · DELTA ti=40 i0(43)+i1(31)+i2(29)+i3(29)+i25(15) · masque possible · pont ti=40 (= archetype lie)	1	1	1	0	7
0797ce72	HI_1_13_0	oracle archetype force ti=35	g2_del_premier_non_del_avant	1 DEL · DELTA ti=40 i0(43)+i1(31)+i2(29)+i3(97)+i25(10) · masque possible · pont ti=40 (= archetype lie)	1	1	1	0	5
0797ce72	HI_1_13_0	oracle archetype force ti=35	g2_del_premier_non_del_avant	1 DEL · DELTA ti=40 i0(43)+i1(31)+i2(31)+i3(2)+i25(15) · masque possible · pont ti=40 (= archetype lie)	2	2	2	0	12
0797ce72	HI_1_13_0	oracle archetype force ti=35	g2_del_premier_non_del_avant	1 DEL · DELTA ti=40 i0(43)+i1(31)+i2(31)+i3(97)+i25(2) · masque possible · pont ti=40 (= archetype lie)	1	1	1	0	9
0797ce72	HI_1_13_0	oracle archetype force ti=35	g2_del_premier_non_del_avant	1 DEL · DELTA ti=40 i0(43)+i1(31)+i2(31)+i3(97)+i25(7) · masque possible · pont ti=40 (= archetype lie)	1	1	1	0	9
0797ce72	HI_1_13_0	oracle archetype force ti=35	g2_del_premier_non_del_avant	1 DEL · DELTA ti=40 i0(43)+i1(31)+i2(33)+i3(97)+i25(10) · masque possible · pont ti=40 (= archetype lie)	1	1	1	0	8
0797ce72	HI_1_13_0	oracle archetype force ti=35	g2_del_premier_non_del_avant	1 DEL · DELTA ti=40 i0(43)+i1(31)+i2(33)+i3(97)+i25(2) · masque possible · pont ti=40 (= archetype lie)	1	1	1	0	6
0797ce72	HI_1_13_0	oracle archetype force ti=35	g2_del_premier_non_del_avant	1 DEL · DELTA ti=40 i0(43)+i1(31)+i2(34)+i25(2) · masque possible · pont ti=40 (= archetype lie)	1	1	1	0	7
0797ce72	HI_1_13_0	oracle archetype force ti=35	g2_del_premier_non_del_avant	1 DEL · DELTA ti=40 i0(43)+i1(31)+i2(34)+i3(2)+i25(2) · masque possible · pont ti=40 (= archetype lie)	1	1	1	0	7
0797ce72	HI_1_13_0	oracle archetype force ti=35	g2_del_premier_non_del_avant	1 DEL · DELTA ti=40 i0(43)+i1(31)+i2(34)+i3(97)+i25(2) · masque possible · pont ti=40 (= archetype lie)	1	1	1	0	10
0797ce72	HI_1_13_0	oracle archetype force ti=35	g2_del_premier_non_del_avant	1 DEL · DELTA ti=40 i0(43)+i1(31)+i2(5)+i25(2) · masque possible · pont ti=40 (= archetype lie)	1	1	1	0	7
0797ce72	HI_1_13_0	oracle archetype force ti=35	g2_del_premier_non_del_avant	1 DEL · DELTA ti=40 i0(43)+i1(31)+i2(5)+i3(29)+i25(22) · masque possible · pont ti=40 (= archetype lie)	2	2	2	0	14
0797ce72	HI_1_13_0	oracle archetype force ti=35	g2_del_premier_non_del_avant	1 DEL · DELTA ti=40 i0(43)+i1(31)+i2(63)+i25(2) · masque possible · pont ti=40 (= archetype lie)	18	18	18	0	152
0797ce72	HI_1_13_0	oracle archetype force ti=35	g2_del_premier_non_del_avant	1 DEL · DELTA ti=40 i0(43)+i1(31)+i2(63)+i3(2)+i25(16) · masque possible · pont ti=40 (= archetype lie)	1	1	1	0	8
0797ce72	HI_1_13_0	oracle archetype force ti=35	g2_del_premier_non_del_avant	1 DEL · DELTA ti=40 i0(43)+i1(31)+i2(63)+i3(2)+i25(2) · masque possible · pont ti=40 (= archetype lie)	11	11	11	0	95
0797ce72	HI_1_13_0	oracle archetype force ti=35	g2_del_premier_non_del_avant	1 DEL · DELTA ti=40 i0(43)+i1(31)+i2(63)+i3(97)+i25(10) · masque possible · pont ti=40 (= archetype lie)	1	1	1	0	8
0797ce72	HI_1_13_0	oracle archetype force ti=35	g2_del_premier_non_del_avant	1 DEL · DELTA ti=40 i0(43)+i1(31)+i2(64)+i3(29)+i25(2) · masque possible · pont ti=40 (= archetype lie)	3	3	3	0	18
0797ce72	HI_1_13_0	oracle archetype force ti=35	g2_del_premier_non_del_avant	1 DEL · DELTA ti=40 i0(43)+i1(31)+i2(64)+i3(97)+i25(10) · masque possible · pont ti=40 (= archetype lie)	2	2	2	0	14
0797ce72	HI_1_13_0	oracle archetype force ti=35	g2_del_premier_non_del_avant	1 DEL · DELTA ti=40 i0(43)+i1(31)+i2(9)+i3(2)+i25(2) · masque possible · pont ti=40 (= archetype lie)	1	1	1	0	9
0797ce72	HI_1_13_0	oracle archetype force ti=35	g2_del_premier_non_del_avant	1 DEL · DELTA ti=40 i0(43)+i1(31)+i2(9)+i3(97)+i25(2) · masque possible · pont ti=40 (= archetype lie)	1	1	1	0	10
0797ce72	HI_1_13_0	oracle archetype force ti=35	g2_del_premier_non_del_avant	1 DEL · DELTA ti=40 i0(43)+i1(31)+i25(22) · masque possible · pont ti=40 (= archetype lie)	2	2	2	0	12
0797ce72	HI_1_13_0	oracle archetype force ti=35	g2_del_premier_non_del_avant	1 DEL · DELTA ti=40 i0(43)+i1(31)+i3(97)+i25(16) · masque possible · pont ti=40 (= archetype lie)	4	4	4	0	26
0797ce72	HI_1_13_0	oracle archetype force ti=35	g2_del_premier_non_del_avant	1 DEL · DELTA ti=40 i0(43)+i1(31)+i3(97)+i25(2) · masque possible · pont ti=40 (= archetype lie)	8	8	8	0	43
0797ce72	HI_1_13_0	oracle archetype force ti=35	g2_del_premier_non_del_avant	1 DEL · DELTA ti=40 i0(43)+i1(31)+i3(97)+i25(23) · masque possible · pont ti=40 (= archetype lie)	1	1	1	0	9
0797ce72	HI_1_13_0	oracle archetype force ti=35	g2_del_premier_non_del_avant	1 DEL · DELTA ti=40 i0(43)+i1(31)+i3(97)+i25(24) · masque possible · pont ti=40 (= archetype lie)	1	1	1	0	8
0797ce72	HI_1_13_0	oracle archetype force ti=35	g2_del_premier_non_del_avant	1 DEL · DELTA ti=40 i0(43)+i1(97)+i2(12)+i3(29)+i25(2) · masque possible · pont ti=40 (= archetype lie)	1	1	1	0	7
0797ce72	HI_1_13_0	oracle archetype force ti=35	g2_del_premier_non_del_avant	1 DEL · DELTA ti=40 i0(43)+i1(97)+i2(18)+i3(2)+i25(10) · masque possible · pont ti=40 (= archetype lie)	1	1	1	0	8
0797ce72	HI_1_13_0	oracle archetype force ti=35	g2_del_premier_non_del_avant	1 DEL · DELTA ti=40 i0(43)+i1(97)+i2(18)+i3(97)+i25(10) · masque possible · pont ti=40 (= archetype lie)	1	1	1	0	9
0797ce72	HI_1_13_0	oracle archetype force ti=35	g2_del_premier_non_del_avant	1 DEL · DELTA ti=40 i0(43)+i1(97)+i2(194)+i3(29)+i25(16) · masque possible · pont ti=40 (= archetype lie)	1	1	1	0	9
0797ce72	HI_1_13_0	oracle archetype force ti=35	g2_del_premier_non_del_avant	1 DEL · DELTA ti=40 i0(43)+i1(97)+i2(194)+i3(97)+i25(2) · masque possible · pont ti=40 (= archetype lie)	1	1	1	0	5
0797ce72	HI_1_13_0	oracle archetype force ti=35	g2_del_premier_non_del_avant	1 DEL · DELTA ti=40 i0(43)+i1(97)+i2(25)+i25(10) · masque possible · pont ti=40 (= archetype lie)	1	1	1	0	8
0797ce72	HI_1_13_0	oracle archetype force ti=35	g2_del_premier_non_del_avant	1 DEL · DELTA ti=40 i0(43)+i1(97)+i2(31)+i25(16) · masque possible · pont ti=40 (= archetype lie)	1	1	1	0	6
0797ce72	HI_1_13_0	oracle archetype force ti=35	g2_del_premier_non_del_avant	1 DEL · DELTA ti=40 i0(43)+i1(97)+i2(31)+i25(2) · masque possible · pont ti=40 (= archetype lie)	1	1	1	0	7
0797ce72	HI_1_13_0	oracle archetype force ti=35	g2_del_premier_non_del_avant	1 DEL · DELTA ti=40 i0(43)+i1(97)+i2(31)+i25(22) · masque possible · pont ti=40 (= archetype lie)	1	1	1	0	7
0797ce72	HI_1_13_0	oracle archetype force ti=35	g2_del_premier_non_del_avant	1 DEL · DELTA ti=40 i0(43)+i1(97)+i2(31)+i25(6) · masque possible · pont ti=40 (= archetype lie)	1	1	1	0	9
0797ce72	HI_1_13_0	oracle archetype force ti=35	g2_del_premier_non_del_avant	1 DEL · DELTA ti=40 i0(43)+i1(97)+i2(31)+i3(2)+i12(1)+i25(7) · masque possible · pont ti=40 (= archetype lie)	1	1	1	0	7
0797ce72	HI_1_13_0	oracle archetype force ti=35	g2_del_premier_non_del_avant	1 DEL · DELTA ti=40 i0(43)+i1(97)+i2(31)+i3(29)+i25(10) · masque possible · pont ti=40 (= archetype lie)	2	2	2	0	15
0797ce72	HI_1_13_0	oracle archetype force ti=35	g2_del_premier_non_del_avant	1 DEL · DELTA ti=40 i0(43)+i1(97)+i2(31)+i3(29)+i25(24) · masque possible · pont ti=40 (= archetype lie)	1	1	1	0	7
0797ce72	HI_1_13_0	oracle archetype force ti=35	g2_del_premier_non_del_avant	1 DEL · DELTA ti=40 i0(43)+i1(97)+i2(31)+i3(97)+i25(2) · masque possible · pont ti=40 (= archetype lie)	2	2	2	0	15
0797ce72	HI_1_13_0	oracle archetype force ti=35	g2_del_premier_non_del_avant	1 DEL · DELTA ti=40 i0(43)+i1(97)+i2(33)+i25(2) · masque possible · pont ti=40 (= archetype lie)	1	1	1	0	8
0797ce72	HI_1_13_0	oracle archetype force ti=35	g2_del_premier_non_del_avant	1 DEL · DELTA ti=40 i0(43)+i1(97)+i2(33)+i3(2)+i25(2) · masque possible · pont ti=40 (= archetype lie)	8	8	8	0	65
0797ce72	HI_1_13_0	oracle archetype force ti=35	g2_del_premier_non_del_avant	1 DEL · DELTA ti=40 i0(43)+i1(97)+i2(34)+i3(97)+i25(2) · masque possible · pont ti=40 (= archetype lie)	1	1	1	0	8
0797ce72	HI_1_13_0	oracle archetype force ti=35	g2_del_premier_non_del_avant	1 DEL · DELTA ti=40 i0(43)+i1(97)+i2(63)+i3(29)+i25(10) · masque possible · pont ti=40 (= archetype lie)	1	1	1	0	6
0797ce72	HI_1_13_0	oracle archetype force ti=35	g2_del_premier_non_del_avant	1 DEL · DELTA ti=40 i0(43)+i1(97)+i2(63)+i3(29)+i25(2) · masque possible · pont ti=40 (= archetype lie)	1	1	1	0	8
0797ce72	HI_1_13_0	oracle archetype force ti=35	g2_del_premier_non_del_avant	1 DEL · DELTA ti=40 i0(43)+i1(97)+i2(63)+i3(29)+i25(24) · masque possible · pont ti=40 (= archetype lie)	1	1	1	0	4
0797ce72	HI_1_13_0	oracle archetype force ti=35	g2_del_premier_non_del_avant	1 DEL · DELTA ti=40 i0(43)+i1(97)+i2(64)+i12(49)+i25(6) · masque possible · pont ti=40 (= archetype lie)	1	1	1	0	9
0797ce72	HI_1_13_0	oracle archetype force ti=35	g2_del_premier_non_del_avant	1 DEL · DELTA ti=40 i0(43)+i1(97)+i2(64)+i3(2)+i25(22) · masque possible · pont ti=40 (= archetype lie)	1	1	1	0	12
0797ce72	HI_1_13_0	oracle archetype force ti=35	g2_del_premier_non_del_avant	1 DEL · DELTA ti=40 i0(43)+i1(97)+i2(64)+i3(29)+i25(2) · masque possible · pont ti=40 (= archetype lie)	1	1	1	0	9
0797ce72	HI_1_13_0	oracle archetype force ti=35	g2_del_premier_non_del_avant	1 DEL · DELTA ti=40 i0(43)+i1(97)+i2(9)+i3(97)+i25(2) · masque possible · pont ti=40 (= archetype lie)	1	1	1	0	7
0797ce72	HI_1_13_0	oracle archetype force ti=35	g2_del_premier_non_del_avant	1 DEL · DELTA ti=40 i0(43)+i1(97)+i25(10) · masque possible · pont ti=40 (= archetype lie)	53	53	53	0	366
0797ce72	HI_1_13_0	oracle archetype force ti=35	g2_del_premier_non_del_avant	1 DEL · DELTA ti=40 i0(43)+i1(97)+i25(16) · masque possible · pont ti=40 (= archetype lie)	1	1	1	0	6
0797ce72	HI_1_13_0	oracle archetype force ti=35	g2_del_premier_non_del_avant	1 DEL · DELTA ti=40 i0(43)+i1(97)+i25(21) · masque possible · pont ti=40 (= archetype lie)	1	1	1	0	9
0797ce72	HI_1_13_0	oracle archetype force ti=35	g2_del_premier_non_del_avant	1 DEL · DELTA ti=40 i0(43)+i1(97)+i25(22) · masque possible · pont ti=40 (= archetype lie)	1	1	1	0	6
0797ce72	HI_1_13_0	oracle archetype force ti=35	g2_del_premier_non_del_avant	1 DEL · DELTA ti=40 i0(43)+i1(97)+i3(29)+i25(10) · masque possible · pont ti=40 (= archetype lie)	2	2	2	0	18
0797ce72	HI_1_13_0	oracle archetype force ti=35	g2_del_premier_non_del_avant	1 DEL · DELTA ti=40 i0(43)+i1(97)+i3(29)+i25(16) · masque possible · pont ti=40 (= archetype lie)	1	1	1	0	9
0797ce72	HI_1_13_0	oracle archetype force ti=35	g2_del_premier_non_del_avant	1 DEL · DELTA ti=40 i0(43)+i1(97)+i3(29)+i25(24) · masque possible · pont ti=40 (= archetype lie)	1	1	1	0	8
0797ce72	HI_1_13_0	oracle archetype force ti=35	g2_del_premier_non_del_avant	1 DEL · NEW ti=12 i0(32)	1	1	1	0	1
0797ce72	HI_1_13_0	oracle archetype force ti=35	g2_del_premier_non_del_avant	1 DEL · NEW ti=13 aucun composant	1	1	1	0	6
0797ce72	HI_1_13_0	oracle archetype force ti=35	g2_del_premier_non_del_avant	1 DEL · NEW ti=16 aucun composant	3	3	3	0	24
0797ce72	HI_1_13_0	oracle archetype force ti=35	g2_del_premier_non_del_avant	1 DEL · NEW ti=16 i2(38)+i3(38)	1	1	1	0	7
0797ce72	HI_1_13_0	oracle archetype force ti=35	g2_del_premier_non_del_avant	1 DEL · NEW ti=3 aucun composant	1	1	1	0	7
0797ce72	HI_1_13_0	oracle archetype force ti=35	g2_del_premier_non_del_avant	1 DEL · NEW ti=32 aucun composant	1	1	1	0	8
0797ce72	HI_1_13_0	oracle archetype force ti=35	g2_del_premier_non_del_avant	1 DEL · NEW ti=35 aucun composant	1	1	1	0	8
0797ce72	HI_1_13_0	oracle archetype force ti=35	g2_del_premier_non_del_avant	1 DEL · NEW ti=39 aucun composant	1	1	1	0	7
0797ce72	HI_1_13_0	oracle archetype force ti=35	g2_del_premier_non_del_avant	1 DEL · NEW ti=5 i3(2)+i4(10)+i5(5)+i9(3)+i11(64)+i14(7)+i15(6)+i19(1)+i21(32)+i23(32)+i25(16)+i26(1)	1	1	1	0	5
0797ce72	HI_1_13_0	oracle archetype force ti=35	g2_del_premier_non_del_avant	2 DEL · DELTA ti=35 i0(43)+i1(31)+i5(29)+i21(25)+i25(10)+i57(10)+i59(5) · masque possible · pont ti=35 (= archetype lie)	2	2	2	0	2
0797ce72	HI_1_13_0	oracle archetype force ti=35	g2_del_premier_non_del_avant	2 DEL · DELTA ti=40 i0(43)+i1(31)+i2(194)+i3(29)+i25(2) · masque possible · pont ti=40 (= archetype lie)	1	1	1	0	7
0797ce72	HI_1_13_0	oracle archetype force ti=35	g2_del_premier_non_del_avant	2 DEL · DELTA ti=40 i0(43)+i1(97)+i2(12)+i3(2)+i25(8) · masque possible · pont ti=40 (= archetype lie)	1	1	1	0	5
0797ce72	HI_1_13_0	oracle archetype force ti=35	g2_del_premier_non_del_avant	2 DEL · DELTA ti=40 i0(43)+i1(97)+i2(12)+i3(29)+i25(2) · masque possible · pont ti=40 (= archetype lie)	1	1	1	0	8
0797ce72	HI_1_13_0	oracle archetype force ti=35	g2_del_premier_non_del_avant	2 DEL · DELTA ti=40 i0(43)+i1(97)+i2(194)+i3(2)+i25(2) · masque possible · pont ti=40 (= archetype lie)	1	1	1	0	9
0797ce72	HI_1_13_0	oracle archetype force ti=35	g2_del_premier_non_del_avant	2 DEL · DELTA ti=40 i0(43)+i1(97)+i2(194)+i3(97)+i25(2) · masque possible · pont ti=40 (= archetype lie)	1	1	1	0	5
0797ce72	HI_1_13_0	oracle archetype force ti=35	g2_del_premier_non_del_avant	2 DEL · DELTA ti=40 i0(43)+i1(97)+i25(10) · masque possible · pont ti=40 (= archetype lie)	6	6	6	0	41
0797ce72	HI_1_13_0	oracle archetype force ti=35	g2_del_premier_non_del_avant	2 DEL · DELTA ti=40 i0(43)+i1(97)+i25(16) · masque possible · pont ti=40 (= archetype lie)	1	1	1	0	6
0797ce72	HI_1_13_0	oracle archetype force ti=35	g2_del_premier_non_del_avant	2 DEL · DELTA ti=41 i0(41)+i1(1)+i2(28) · masque possible · pont : masque vide	2	2	2	0	12
0797ce72	HI_1_13_0	oracle archetype force ti=35	g2_del_premier_non_del_avant	2 DEL · DELTA ti=41 i0(41)+i1(30)+i2(28) · masque possible · pont : masque vide	1	1	1	0	7
0797ce72	HI_1_13_0	oracle archetype force ti=35	g2_del_premier_non_del_avant	2 DEL · NEW ti=41 i0(41)+i2(28)+i14(113)+i15(420)+i20(1)	1	1	1	0	1
0797ce72	HI_1_13_0	oracle archetype force ti=35	g2_del_premier_non_del_avant	3 DEL · DELTA ti=40 i0(43)+i1(97)+i3(97)+i25(2) · masque possible · pont ti=40 (= archetype lie)	1	1	1	0	8
0797ce72	HI_1_13_0	oracle archetype force ti=35	g2_del_premier_non_del_avant	3 DEL · DELTA ti=41 i0(41)+i1(30)+i2(28) · masque possible · pont : masque vide	1	1	1	0	7
0797ce72	HI_1_13_0	oracle archetype force ti=35	g4_ti41	masque 0x7 · i0(41)+i1(1)+i2(28)	112	112	112	0	752
0797ce72	HI_1_13_0	oracle archetype force ti=35	g4_ti41	masque 0x7 · i0(41)+i1(30)+i2(28)	14	14	14	0	90
0797ce72	HI_1_13_0	oracle archetype force ti=35	g4_ti41	masque 0x7 · i0(41)+i1(30)+i2(9)	32	32	32	0	215
0797ce72	HI_1_13_0	oracle archetype force ti=35	g4_ti41_pont	masque possible · pont : masque vide	158	158	158	0	1057
0797ce72	HI_1_13_0	oracle archetype force ti=35	genre	DEL ti=0	237	237	237	0	1485
0797ce72	HI_1_13_0	oracle archetype force ti=35	genre	DELTA ti=41	158	158	158	0	1057
0797ce72	HI_1_13_0	oracle archetype force ti=40	g2_del	eid du DEL : aucune allocation · lie au monde apres le paquet : false	227	227	227	0	1413
0797ce72	HI_1_13_0	oracle archetype force ti=40	g2_del	eid du DEL : libere avant le chunk · lie au monde apres le paquet : false	3	3	3	0	19
0797ce72	HI_1_13_0	oracle archetype force ti=40	g2_del	eid du DEL : naissance non lue · lie au monde apres le paquet : false	3	3	3	0	21
0797ce72	HI_1_13_0	oracle archetype force ti=40	g2_del	eid du DEL : realloue sous une autre generation · lie au monde apres le paquet : false	2	2	2	0	17
0797ce72	HI_1_13_0	oracle archetype force ti=40	g2_del	eid du DEL : vivant au bloc du chunk · lie au monde apres le paquet : false	2	2	2	0	15
0797ce72	HI_1_13_0	oracle archetype force ti=40	g2_del_nombre_de_records	10 records lus	41	41	41	0	314
0797ce72	HI_1_13_0	oracle archetype force ti=40	g2_del_nombre_de_records	11 records lus	52	52	52	0	439
0797ce72	HI_1_13_0	oracle archetype force ti=40	g2_del_nombre_de_records	12 records lus	17	17	17	0	146
0797ce72	HI_1_13_0	oracle archetype force ti=40	g2_del_nombre_de_records	13 records lus	3	3	3	0	24
0797ce72	HI_1_13_0	oracle archetype force ti=40	g2_del_nombre_de_records	14 records lus	1	1	1	0	11
0797ce72	HI_1_13_0	oracle archetype force ti=40	g2_del_nombre_de_records	15 records lus	2	2	2	0	24
0797ce72	HI_1_13_0	oracle archetype force ti=40	g2_del_nombre_de_records	16 records lus	1	1	1	0	12
0797ce72	HI_1_13_0	oracle archetype force ti=40	g2_del_nombre_de_records	3 records lus	32	32	32	0	2
0797ce72	HI_1_13_0	oracle archetype force ti=40	g2_del_nombre_de_records	4 records lus	3	3	3	0	3
0797ce72	HI_1_13_0	oracle archetype force ti=40	g2_del_nombre_de_records	6 records lus	1	1	1	0	4
0797ce72	HI_1_13_0	oracle archetype force ti=40	g2_del_nombre_de_records	7 records lus	13	13	13	0	64
0797ce72	HI_1_13_0	oracle archetype force ti=40	g2_del_nombre_de_records	8 records lus	30	30	30	0	174
0797ce72	HI_1_13_0	oracle archetype force ti=40	g2_del_nombre_de_records	9 records lus	41	41	41	0	268
0797ce72	HI_1_13_0	oracle archetype force ti=40	g2_del_premier_non_del_avant	1 DEL · DELTA ti=2 aucun composant · masque possible · pont ti=2 (= archetype lie)	2	2	2	0	15
0797ce72	HI_1_13_0	oracle archetype force ti=40	g2_del_premier_non_del_avant	1 DEL · DELTA ti=21 i16(20) · masque possible · pont : masque vide	30	30	30	0	0
0797ce72	HI_1_13_0	oracle archetype force ti=40	g2_del_premier_non_del_avant	1 DEL · DELTA ti=35 i0(43)+i1(31)+i21(25)+i25(10)+i57(10)+i59(5) · masque possible · pont : masque vide	1	1	1	0	6
0797ce72	HI_1_13_0	oracle archetype force ti=40	g2_del_premier_non_del_avant	1 DEL · DELTA ti=35 i0(43)+i1(31)+i21(25)+i25(10)+i57(10)+i59(5) · masque possible · pont ti=35 (= archetype lie)	1	1	1	0	1
0797ce72	HI_1_13_0	oracle archetype force ti=40	g2_del_premier_non_del_avant	1 DEL · DELTA ti=35 i1(97)+i2(28)+i6(151)+i11(79)+i23(91)+i24(123)+i29(11)+i34(11)+i36(14)+i40(11)+i43(178)+i45(241)+i52(68)+i53(89)+i56(17)+i60(211)+i62(26) · masque possible · pont : masque vide	1	1	1	0	6
0797ce72	HI_1_13_0	oracle archetype force ti=40	g2_del_premier_non_del_avant	1 DEL · DELTA ti=35 i1(97)+i2(28)+i6(151)+i11(79)+i23(91)+i24(78)+i29(11)+i34(11)+i36(14)+i40(11)+i43(263)+i45(11)+i53(95)+i54(2)+i56(3)+i60(1)+i62(26) · masque possible · pont : masque vide	1	1	1	0	7
0797ce72	HI_1_13_0	oracle archetype force ti=40	g2_del_premier_non_del_avant	1 DEL · DELTA ti=37 i28(20)+i29(2) · masque possible · pont : masque vide	2	2	2	0	16
0797ce72	HI_1_13_0	oracle archetype force ti=40	g2_del_premier_non_del_avant	1 DEL · DELTA ti=40 i0(43)+i1(31)+i2(18)+i3(97)+i25(13) · masque possible · pont ti=40 (= archetype lie)	1	1	1	0	7
0797ce72	HI_1_13_0	oracle archetype force ti=40	g2_del_premier_non_del_avant	1 DEL · DELTA ti=40 i0(43)+i1(31)+i2(194)+i3(2)+i25(10) · masque possible · pont ti=40 (= archetype lie)	2	2	2	0	14
0797ce72	HI_1_13_0	oracle archetype force ti=40	g2_del_premier_non_del_avant	1 DEL · DELTA ti=40 i0(43)+i1(31)+i2(194)+i3(29)+i25(6) · masque possible · pont ti=40 (= archetype lie)	2	2	2	0	18
0797ce72	HI_1_13_0	oracle archetype force ti=40	g2_del_premier_non_del_avant	1 DEL · DELTA ti=40 i0(43)+i1(31)+i2(194)+i3(97)+i25(10) · masque possible · pont ti=40 (= archetype lie)	1	1	1	0	8
0797ce72	HI_1_13_0	oracle archetype force ti=40	g2_del_premier_non_del_avant	1 DEL · DELTA ti=40 i0(43)+i1(31)+i2(194)+i3(97)+i25(2) · masque possible · pont ti=40 (= archetype lie)	1	1	1	0	6
0797ce72	HI_1_13_0	oracle archetype force ti=40	g2_del_premier_non_del_avant	1 DEL · DELTA ti=40 i0(43)+i1(31)+i2(29)+i3(29)+i25(15) · masque possible · pont ti=40 (= archetype lie)	1	1	1	0	7
0797ce72	HI_1_13_0	oracle archetype force ti=40	g2_del_premier_non_del_avant	1 DEL · DELTA ti=40 i0(43)+i1(31)+i2(29)+i3(97)+i25(10) · masque possible · pont ti=40 (= archetype lie)	1	1	1	0	5
0797ce72	HI_1_13_0	oracle archetype force ti=40	g2_del_premier_non_del_avant	1 DEL · DELTA ti=40 i0(43)+i1(31)+i2(31)+i3(2)+i25(15) · masque possible · pont ti=40 (= archetype lie)	2	2	2	0	12
0797ce72	HI_1_13_0	oracle archetype force ti=40	g2_del_premier_non_del_avant	1 DEL · DELTA ti=40 i0(43)+i1(31)+i2(31)+i3(97)+i25(2) · masque possible · pont ti=40 (= archetype lie)	1	1	1	0	9
0797ce72	HI_1_13_0	oracle archetype force ti=40	g2_del_premier_non_del_avant	1 DEL · DELTA ti=40 i0(43)+i1(31)+i2(31)+i3(97)+i25(7) · masque possible · pont ti=40 (= archetype lie)	1	1	1	0	9
0797ce72	HI_1_13_0	oracle archetype force ti=40	g2_del_premier_non_del_avant	1 DEL · DELTA ti=40 i0(43)+i1(31)+i2(33)+i3(97)+i25(10) · masque possible · pont ti=40 (= archetype lie)	1	1	1	0	8
0797ce72	HI_1_13_0	oracle archetype force ti=40	g2_del_premier_non_del_avant	1 DEL · DELTA ti=40 i0(43)+i1(31)+i2(33)+i3(97)+i25(2) · masque possible · pont ti=40 (= archetype lie)	1	1	1	0	6
0797ce72	HI_1_13_0	oracle archetype force ti=40	g2_del_premier_non_del_avant	1 DEL · DELTA ti=40 i0(43)+i1(31)+i2(34)+i25(2) · masque possible · pont ti=40 (= archetype lie)	1	1	1	0	7
0797ce72	HI_1_13_0	oracle archetype force ti=40	g2_del_premier_non_del_avant	1 DEL · DELTA ti=40 i0(43)+i1(31)+i2(34)+i3(2)+i25(2) · masque possible · pont ti=40 (= archetype lie)	1	1	1	0	7
0797ce72	HI_1_13_0	oracle archetype force ti=40	g2_del_premier_non_del_avant	1 DEL · DELTA ti=40 i0(43)+i1(31)+i2(34)+i3(97)+i25(2) · masque possible · pont ti=40 (= archetype lie)	1	1	1	0	10
0797ce72	HI_1_13_0	oracle archetype force ti=40	g2_del_premier_non_del_avant	1 DEL · DELTA ti=40 i0(43)+i1(31)+i2(5)+i25(2) · masque possible · pont ti=40 (= archetype lie)	1	1	1	0	7
0797ce72	HI_1_13_0	oracle archetype force ti=40	g2_del_premier_non_del_avant	1 DEL · DELTA ti=40 i0(43)+i1(31)+i2(5)+i3(29)+i25(22) · masque possible · pont ti=40 (= archetype lie)	2	2	2	0	14
0797ce72	HI_1_13_0	oracle archetype force ti=40	g2_del_premier_non_del_avant	1 DEL · DELTA ti=40 i0(43)+i1(31)+i2(63)+i25(2) · masque possible · pont ti=40 (= archetype lie)	18	18	18	0	152
0797ce72	HI_1_13_0	oracle archetype force ti=40	g2_del_premier_non_del_avant	1 DEL · DELTA ti=40 i0(43)+i1(31)+i2(63)+i3(2)+i25(16) · masque possible · pont ti=40 (= archetype lie)	1	1	1	0	8
0797ce72	HI_1_13_0	oracle archetype force ti=40	g2_del_premier_non_del_avant	1 DEL · DELTA ti=40 i0(43)+i1(31)+i2(63)+i3(2)+i25(2) · masque possible · pont ti=40 (= archetype lie)	11	11	11	0	95
0797ce72	HI_1_13_0	oracle archetype force ti=40	g2_del_premier_non_del_avant	1 DEL · DELTA ti=40 i0(43)+i1(31)+i2(63)+i3(97)+i25(10) · masque possible · pont ti=40 (= archetype lie)	1	1	1	0	8
0797ce72	HI_1_13_0	oracle archetype force ti=40	g2_del_premier_non_del_avant	1 DEL · DELTA ti=40 i0(43)+i1(31)+i2(64)+i3(29)+i25(2) · masque possible · pont ti=40 (= archetype lie)	3	3	3	0	18
0797ce72	HI_1_13_0	oracle archetype force ti=40	g2_del_premier_non_del_avant	1 DEL · DELTA ti=40 i0(43)+i1(31)+i2(64)+i3(97)+i25(10) · masque possible · pont ti=40 (= archetype lie)	2	2	2	0	14
0797ce72	HI_1_13_0	oracle archetype force ti=40	g2_del_premier_non_del_avant	1 DEL · DELTA ti=40 i0(43)+i1(31)+i2(9)+i3(2)+i25(2) · masque possible · pont ti=40 (= archetype lie)	1	1	1	0	9
0797ce72	HI_1_13_0	oracle archetype force ti=40	g2_del_premier_non_del_avant	1 DEL · DELTA ti=40 i0(43)+i1(31)+i2(9)+i3(97)+i25(2) · masque possible · pont ti=40 (= archetype lie)	1	1	1	0	10
0797ce72	HI_1_13_0	oracle archetype force ti=40	g2_del_premier_non_del_avant	1 DEL · DELTA ti=40 i0(43)+i1(31)+i25(22) · masque possible · pont ti=40 (= archetype lie)	2	2	2	0	12
0797ce72	HI_1_13_0	oracle archetype force ti=40	g2_del_premier_non_del_avant	1 DEL · DELTA ti=40 i0(43)+i1(31)+i3(97)+i25(16) · masque possible · pont ti=40 (= archetype lie)	4	4	4	0	26
0797ce72	HI_1_13_0	oracle archetype force ti=40	g2_del_premier_non_del_avant	1 DEL · DELTA ti=40 i0(43)+i1(31)+i3(97)+i25(2) · masque possible · pont ti=40 (= archetype lie)	8	8	8	0	43
0797ce72	HI_1_13_0	oracle archetype force ti=40	g2_del_premier_non_del_avant	1 DEL · DELTA ti=40 i0(43)+i1(31)+i3(97)+i25(23) · masque possible · pont ti=40 (= archetype lie)	1	1	1	0	9
0797ce72	HI_1_13_0	oracle archetype force ti=40	g2_del_premier_non_del_avant	1 DEL · DELTA ti=40 i0(43)+i1(31)+i3(97)+i25(24) · masque possible · pont ti=40 (= archetype lie)	1	1	1	0	8
0797ce72	HI_1_13_0	oracle archetype force ti=40	g2_del_premier_non_del_avant	1 DEL · DELTA ti=40 i0(43)+i1(97)+i2(12)+i3(29)+i25(2) · masque possible · pont ti=40 (= archetype lie)	1	1	1	0	7
0797ce72	HI_1_13_0	oracle archetype force ti=40	g2_del_premier_non_del_avant	1 DEL · DELTA ti=40 i0(43)+i1(97)+i2(18)+i3(2)+i25(10) · masque possible · pont ti=40 (= archetype lie)	1	1	1	0	8
0797ce72	HI_1_13_0	oracle archetype force ti=40	g2_del_premier_non_del_avant	1 DEL · DELTA ti=40 i0(43)+i1(97)+i2(18)+i3(97)+i25(10) · masque possible · pont ti=40 (= archetype lie)	1	1	1	0	9
0797ce72	HI_1_13_0	oracle archetype force ti=40	g2_del_premier_non_del_avant	1 DEL · DELTA ti=40 i0(43)+i1(97)+i2(194)+i3(29)+i25(16) · masque possible · pont ti=40 (= archetype lie)	1	1	1	0	9
0797ce72	HI_1_13_0	oracle archetype force ti=40	g2_del_premier_non_del_avant	1 DEL · DELTA ti=40 i0(43)+i1(97)+i2(194)+i3(97)+i25(2) · masque possible · pont ti=40 (= archetype lie)	1	1	1	0	5
0797ce72	HI_1_13_0	oracle archetype force ti=40	g2_del_premier_non_del_avant	1 DEL · DELTA ti=40 i0(43)+i1(97)+i2(25)+i25(10) · masque possible · pont ti=40 (= archetype lie)	1	1	1	0	8
0797ce72	HI_1_13_0	oracle archetype force ti=40	g2_del_premier_non_del_avant	1 DEL · DELTA ti=40 i0(43)+i1(97)+i2(31)+i25(16) · masque possible · pont ti=40 (= archetype lie)	1	1	1	0	6
0797ce72	HI_1_13_0	oracle archetype force ti=40	g2_del_premier_non_del_avant	1 DEL · DELTA ti=40 i0(43)+i1(97)+i2(31)+i25(2) · masque possible · pont ti=40 (= archetype lie)	1	1	1	0	7
0797ce72	HI_1_13_0	oracle archetype force ti=40	g2_del_premier_non_del_avant	1 DEL · DELTA ti=40 i0(43)+i1(97)+i2(31)+i25(22) · masque possible · pont ti=40 (= archetype lie)	1	1	1	0	7
0797ce72	HI_1_13_0	oracle archetype force ti=40	g2_del_premier_non_del_avant	1 DEL · DELTA ti=40 i0(43)+i1(97)+i2(31)+i25(6) · masque possible · pont ti=40 (= archetype lie)	1	1	1	0	9
0797ce72	HI_1_13_0	oracle archetype force ti=40	g2_del_premier_non_del_avant	1 DEL · DELTA ti=40 i0(43)+i1(97)+i2(31)+i3(2)+i12(1)+i25(7) · masque possible · pont ti=40 (= archetype lie)	1	1	1	0	7
0797ce72	HI_1_13_0	oracle archetype force ti=40	g2_del_premier_non_del_avant	1 DEL · DELTA ti=40 i0(43)+i1(97)+i2(31)+i3(29)+i25(10) · masque possible · pont ti=40 (= archetype lie)	2	2	2	0	15
0797ce72	HI_1_13_0	oracle archetype force ti=40	g2_del_premier_non_del_avant	1 DEL · DELTA ti=40 i0(43)+i1(97)+i2(31)+i3(29)+i25(24) · masque possible · pont ti=40 (= archetype lie)	1	1	1	0	7
0797ce72	HI_1_13_0	oracle archetype force ti=40	g2_del_premier_non_del_avant	1 DEL · DELTA ti=40 i0(43)+i1(97)+i2(31)+i3(97)+i25(2) · masque possible · pont ti=40 (= archetype lie)	2	2	2	0	15
0797ce72	HI_1_13_0	oracle archetype force ti=40	g2_del_premier_non_del_avant	1 DEL · DELTA ti=40 i0(43)+i1(97)+i2(33)+i25(2) · masque possible · pont ti=40 (= archetype lie)	1	1	1	0	8
0797ce72	HI_1_13_0	oracle archetype force ti=40	g2_del_premier_non_del_avant	1 DEL · DELTA ti=40 i0(43)+i1(97)+i2(33)+i3(2)+i25(2) · masque possible · pont ti=40 (= archetype lie)	8	8	8	0	65
0797ce72	HI_1_13_0	oracle archetype force ti=40	g2_del_premier_non_del_avant	1 DEL · DELTA ti=40 i0(43)+i1(97)+i2(34)+i3(97)+i25(2) · masque possible · pont ti=40 (= archetype lie)	1	1	1	0	8
0797ce72	HI_1_13_0	oracle archetype force ti=40	g2_del_premier_non_del_avant	1 DEL · DELTA ti=40 i0(43)+i1(97)+i2(63)+i3(29)+i25(10) · masque possible · pont ti=40 (= archetype lie)	1	1	1	0	6
0797ce72	HI_1_13_0	oracle archetype force ti=40	g2_del_premier_non_del_avant	1 DEL · DELTA ti=40 i0(43)+i1(97)+i2(63)+i3(29)+i25(2) · masque possible · pont ti=40 (= archetype lie)	1	1	1	0	8
0797ce72	HI_1_13_0	oracle archetype force ti=40	g2_del_premier_non_del_avant	1 DEL · DELTA ti=40 i0(43)+i1(97)+i2(63)+i3(29)+i25(24) · masque possible · pont ti=40 (= archetype lie)	1	1	1	0	4
0797ce72	HI_1_13_0	oracle archetype force ti=40	g2_del_premier_non_del_avant	1 DEL · DELTA ti=40 i0(43)+i1(97)+i2(64)+i12(49)+i25(6) · masque possible · pont ti=40 (= archetype lie)	1	1	1	0	9
0797ce72	HI_1_13_0	oracle archetype force ti=40	g2_del_premier_non_del_avant	1 DEL · DELTA ti=40 i0(43)+i1(97)+i2(64)+i3(2)+i25(22) · masque possible · pont ti=40 (= archetype lie)	1	1	1	0	12
0797ce72	HI_1_13_0	oracle archetype force ti=40	g2_del_premier_non_del_avant	1 DEL · DELTA ti=40 i0(43)+i1(97)+i2(64)+i3(29)+i25(2) · masque possible · pont ti=40 (= archetype lie)	1	1	1	0	9
0797ce72	HI_1_13_0	oracle archetype force ti=40	g2_del_premier_non_del_avant	1 DEL · DELTA ti=40 i0(43)+i1(97)+i2(9)+i3(97)+i25(2) · masque possible · pont ti=40 (= archetype lie)	1	1	1	0	7
0797ce72	HI_1_13_0	oracle archetype force ti=40	g2_del_premier_non_del_avant	1 DEL · DELTA ti=40 i0(43)+i1(97)+i25(10) · masque possible · pont ti=40 (= archetype lie)	53	53	53	0	366
0797ce72	HI_1_13_0	oracle archetype force ti=40	g2_del_premier_non_del_avant	1 DEL · DELTA ti=40 i0(43)+i1(97)+i25(16) · masque possible · pont ti=40 (= archetype lie)	1	1	1	0	6
0797ce72	HI_1_13_0	oracle archetype force ti=40	g2_del_premier_non_del_avant	1 DEL · DELTA ti=40 i0(43)+i1(97)+i25(21) · masque possible · pont ti=40 (= archetype lie)	1	1	1	0	9
0797ce72	HI_1_13_0	oracle archetype force ti=40	g2_del_premier_non_del_avant	1 DEL · DELTA ti=40 i0(43)+i1(97)+i25(22) · masque possible · pont ti=40 (= archetype lie)	1	1	1	0	6
0797ce72	HI_1_13_0	oracle archetype force ti=40	g2_del_premier_non_del_avant	1 DEL · DELTA ti=40 i0(43)+i1(97)+i3(29)+i25(10) · masque possible · pont ti=40 (= archetype lie)	2	2	2	0	18
0797ce72	HI_1_13_0	oracle archetype force ti=40	g2_del_premier_non_del_avant	1 DEL · DELTA ti=40 i0(43)+i1(97)+i3(29)+i25(16) · masque possible · pont ti=40 (= archetype lie)	1	1	1	0	9
0797ce72	HI_1_13_0	oracle archetype force ti=40	g2_del_premier_non_del_avant	1 DEL · DELTA ti=40 i0(43)+i1(97)+i3(29)+i25(24) · masque possible · pont ti=40 (= archetype lie)	1	1	1	0	8
0797ce72	HI_1_13_0	oracle archetype force ti=40	g2_del_premier_non_del_avant	1 DEL · NEW ti=12 i0(32)	1	1	1	0	1
0797ce72	HI_1_13_0	oracle archetype force ti=40	g2_del_premier_non_del_avant	1 DEL · NEW ti=13 aucun composant	1	1	1	0	6
0797ce72	HI_1_13_0	oracle archetype force ti=40	g2_del_premier_non_del_avant	1 DEL · NEW ti=16 aucun composant	3	3	3	0	24
0797ce72	HI_1_13_0	oracle archetype force ti=40	g2_del_premier_non_del_avant	1 DEL · NEW ti=16 i2(38)+i3(38)	1	1	1	0	7
0797ce72	HI_1_13_0	oracle archetype force ti=40	g2_del_premier_non_del_avant	1 DEL · NEW ti=3 aucun composant	1	1	1	0	7
0797ce72	HI_1_13_0	oracle archetype force ti=40	g2_del_premier_non_del_avant	1 DEL · NEW ti=32 aucun composant	1	1	1	0	8
0797ce72	HI_1_13_0	oracle archetype force ti=40	g2_del_premier_non_del_avant	1 DEL · NEW ti=35 aucun composant	1	1	1	0	8
0797ce72	HI_1_13_0	oracle archetype force ti=40	g2_del_premier_non_del_avant	1 DEL · NEW ti=39 aucun composant	1	1	1	0	7
0797ce72	HI_1_13_0	oracle archetype force ti=40	g2_del_premier_non_del_avant	1 DEL · NEW ti=5 i3(2)+i4(10)+i5(5)+i9(3)+i11(64)+i14(7)+i15(6)+i19(1)+i21(32)+i23(32)+i25(16)+i26(1)	1	1	1	0	5
0797ce72	HI_1_13_0	oracle archetype force ti=40	g2_del_premier_non_del_avant	2 DEL · DELTA ti=35 i0(43)+i1(31)+i5(29)+i21(25)+i25(10)+i57(10)+i59(5) · masque possible · pont ti=35 (= archetype lie)	2	2	2	0	2
0797ce72	HI_1_13_0	oracle archetype force ti=40	g2_del_premier_non_del_avant	2 DEL · DELTA ti=40 i0(43)+i1(31)+i2(194)+i3(29)+i25(2) · masque possible · pont ti=40 (= archetype lie)	1	1	1	0	7
0797ce72	HI_1_13_0	oracle archetype force ti=40	g2_del_premier_non_del_avant	2 DEL · DELTA ti=40 i0(43)+i1(97)+i2(12)+i3(2)+i25(8) · masque possible · pont ti=40 (= archetype lie)	1	1	1	0	5
0797ce72	HI_1_13_0	oracle archetype force ti=40	g2_del_premier_non_del_avant	2 DEL · DELTA ti=40 i0(43)+i1(97)+i2(12)+i3(29)+i25(2) · masque possible · pont ti=40 (= archetype lie)	1	1	1	0	8
0797ce72	HI_1_13_0	oracle archetype force ti=40	g2_del_premier_non_del_avant	2 DEL · DELTA ti=40 i0(43)+i1(97)+i2(194)+i3(2)+i25(2) · masque possible · pont ti=40 (= archetype lie)	1	1	1	0	9
0797ce72	HI_1_13_0	oracle archetype force ti=40	g2_del_premier_non_del_avant	2 DEL · DELTA ti=40 i0(43)+i1(97)+i2(194)+i3(97)+i25(2) · masque possible · pont ti=40 (= archetype lie)	1	1	1	0	5
0797ce72	HI_1_13_0	oracle archetype force ti=40	g2_del_premier_non_del_avant	2 DEL · DELTA ti=40 i0(43)+i1(97)+i25(10) · masque possible · pont ti=40 (= archetype lie)	6	6	6	0	41
0797ce72	HI_1_13_0	oracle archetype force ti=40	g2_del_premier_non_del_avant	2 DEL · DELTA ti=40 i0(43)+i1(97)+i25(16) · masque possible · pont ti=40 (= archetype lie)	1	1	1	0	6
0797ce72	HI_1_13_0	oracle archetype force ti=40	g2_del_premier_non_del_avant	2 DEL · DELTA ti=41 i0(41)+i1(1)+i2(28) · masque possible · pont : masque vide	2	2	2	0	12
0797ce72	HI_1_13_0	oracle archetype force ti=40	g2_del_premier_non_del_avant	2 DEL · DELTA ti=41 i0(41)+i1(30)+i2(28) · masque possible · pont : masque vide	1	1	1	0	7
0797ce72	HI_1_13_0	oracle archetype force ti=40	g2_del_premier_non_del_avant	2 DEL · NEW ti=41 i0(41)+i2(28)+i14(113)+i15(420)+i20(1)	1	1	1	0	1
0797ce72	HI_1_13_0	oracle archetype force ti=40	g2_del_premier_non_del_avant	3 DEL · DELTA ti=40 i0(43)+i1(97)+i3(97)+i25(2) · masque possible · pont ti=40 (= archetype lie)	1	1	1	0	8
0797ce72	HI_1_13_0	oracle archetype force ti=40	g2_del_premier_non_del_avant	3 DEL · DELTA ti=41 i0(41)+i1(30)+i2(28) · masque possible · pont : masque vide	1	1	1	0	7
0797ce72	HI_1_13_0	oracle archetype force ti=40	g4_ti41	masque 0x7 · i0(41)+i1(1)+i2(28)	112	112	112	0	752
0797ce72	HI_1_13_0	oracle archetype force ti=40	g4_ti41	masque 0x7 · i0(41)+i1(30)+i2(28)	14	14	14	0	90
0797ce72	HI_1_13_0	oracle archetype force ti=40	g4_ti41	masque 0x7 · i0(41)+i1(30)+i2(9)	32	32	32	0	215
0797ce72	HI_1_13_0	oracle archetype force ti=40	g4_ti41_pont	masque possible · pont : masque vide	158	158	158	0	1057
0797ce72	HI_1_13_0	oracle archetype force ti=40	genre	DEL ti=0	237	237	237	0	1485
0797ce72	HI_1_13_0	oracle archetype force ti=40	genre	DELTA ti=41	158	158	158	0	1057
0797ce72	HI_1_13_0	oracle du pont (masque impossible)	g2_del	eid du DEL : aucune allocation · lie au monde apres le paquet : false	231	231	231	0	1443
0797ce72	HI_1_13_0	oracle du pont (masque impossible)	g2_del	eid du DEL : libere avant le chunk · lie au monde apres le paquet : false	4	4	4	0	25
0797ce72	HI_1_13_0	oracle du pont (masque impossible)	g2_del	eid du DEL : naissance non lue · lie au monde apres le paquet : false	3	3	3	0	21
0797ce72	HI_1_13_0	oracle du pont (masque impossible)	g2_del	eid du DEL : realloue sous une autre generation · lie au monde apres le paquet : false	2	2	2	0	17
0797ce72	HI_1_13_0	oracle du pont (masque impossible)	g2_del	eid du DEL : vivant au bloc du chunk · lie au monde apres le paquet : false	2	2	2	0	15
0797ce72	HI_1_13_0	oracle du pont (masque impossible)	g2_del_nombre_de_records	10 records lus	44	44	44	0	335
0797ce72	HI_1_13_0	oracle du pont (masque impossible)	g2_del_nombre_de_records	11 records lus	53	53	53	0	445
0797ce72	HI_1_13_0	oracle du pont (masque impossible)	g2_del_nombre_de_records	12 records lus	18	18	18	0	155
0797ce72	HI_1_13_0	oracle du pont (masque impossible)	g2_del_nombre_de_records	13 records lus	3	3	3	0	24
0797ce72	HI_1_13_0	oracle du pont (masque impossible)	g2_del_nombre_de_records	14 records lus	1	1	1	0	11
0797ce72	HI_1_13_0	oracle du pont (masque impossible)	g2_del_nombre_de_records	15 records lus	2	2	2	0	24
0797ce72	HI_1_13_0	oracle du pont (masque impossible)	g2_del_nombre_de_records	16 records lus	1	1	1	0	12
0797ce72	HI_1_13_0	oracle du pont (masque impossible)	g2_del_nombre_de_records	3 records lus	32	32	32	0	2
0797ce72	HI_1_13_0	oracle du pont (masque impossible)	g2_del_nombre_de_records	4 records lus	3	3	3	0	3
0797ce72	HI_1_13_0	oracle du pont (masque impossible)	g2_del_nombre_de_records	6 records lus	1	1	1	0	4
0797ce72	HI_1_13_0	oracle du pont (masque impossible)	g2_del_nombre_de_records	7 records lus	13	13	13	0	64
0797ce72	HI_1_13_0	oracle du pont (masque impossible)	g2_del_nombre_de_records	8 records lus	30	30	30	0	174
0797ce72	HI_1_13_0	oracle du pont (masque impossible)	g2_del_nombre_de_records	9 records lus	41	41	41	0	268
0797ce72	HI_1_13_0	oracle du pont (masque impossible)	g2_del_premier_non_del_avant	1 DEL · DELTA ti=16 i0(575)+i1(38)+i3(38)+i5(8) · masque IMPOSSIBLE sous l archetype lie · pont : masque vide	1	1	1	0	9
0797ce72	HI_1_13_0	oracle du pont (masque impossible)	g2_del_premier_non_del_avant	1 DEL · DELTA ti=2 aucun composant · masque possible · pont ti=2 (= archetype lie)	2	2	2	0	15
0797ce72	HI_1_13_0	oracle du pont (masque impossible)	g2_del_premier_non_del_avant	1 DEL · DELTA ti=21 i16(20) · masque possible · pont : masque vide	30	30	30	0	0
0797ce72	HI_1_13_0	oracle du pont (masque impossible)	g2_del_premier_non_del_avant	1 DEL · DELTA ti=25 aucun composant · masque IMPOSSIBLE sous l archetype lie · pont : masque vide	1	1	1	0	6
0797ce72	HI_1_13_0	oracle du pont (masque impossible)	g2_del_premier_non_del_avant	1 DEL · DELTA ti=35 i0(43)+i1(31)+i21(25)+i25(10)+i57(10)+i59(5) · masque possible · pont : masque vide	1	1	1	0	6
0797ce72	HI_1_13_0	oracle du pont (masque impossible)	g2_del_premier_non_del_avant	1 DEL · DELTA ti=35 i0(43)+i1(31)+i21(25)+i25(10)+i57(10)+i59(5) · masque possible · pont ti=35 (= archetype lie)	1	1	1	0	1
0797ce72	HI_1_13_0	oracle du pont (masque impossible)	g2_del_premier_non_del_avant	1 DEL · DELTA ti=35 i1(97)+i2(28)+i6(151)+i11(79)+i23(91)+i24(123)+i29(11)+i34(11)+i36(14)+i40(11)+i43(178)+i45(241)+i52(68)+i53(89)+i56(17)+i60(211)+i62(26) · masque possible · pont : masque vide	1	1	1	0	6
0797ce72	HI_1_13_0	oracle du pont (masque impossible)	g2_del_premier_non_del_avant	1 DEL · DELTA ti=35 i1(97)+i2(28)+i6(151)+i11(79)+i23(91)+i24(78)+i29(11)+i34(11)+i36(14)+i40(11)+i43(263)+i45(11)+i53(95)+i54(2)+i56(3)+i60(1)+i62(26) · masque possible · pont : masque vide	1	1	1	0	7
0797ce72	HI_1_13_0	oracle du pont (masque impossible)	g2_del_premier_non_del_avant	1 DEL · DELTA ti=37 i0(41)+i4(11)+i13(40)+i14(113)+i15(109)+i17(109)+i18(1)+i22(5)+i27(8) · masque IMPOSSIBLE sous l archetype lie · pont : masque vide	1	1	1	0	8
0797ce72	HI_1_13_0	oracle du pont (masque impossible)	g2_del_premier_non_del_avant	1 DEL · DELTA ti=37 i28(20)+i29(2) · masque possible · pont : masque vide	2	2	2	0	16
0797ce72	HI_1_13_0	oracle du pont (masque impossible)	g2_del_premier_non_del_avant	1 DEL · DELTA ti=38 i11(1)+i15(74)+i17(117)+i18(84)+i19(25) · masque IMPOSSIBLE sous l archetype lie · pont ti=38 (= archetype lie)	1	1	1	0	7
0797ce72	HI_1_13_0	oracle du pont (masque impossible)	g2_del_premier_non_del_avant	1 DEL · DELTA ti=40 i0(43)+i1(31)+i2(18)+i3(97)+i25(13) · masque possible · pont ti=40 (= archetype lie)	1	1	1	0	7
0797ce72	HI_1_13_0	oracle du pont (masque impossible)	g2_del_premier_non_del_avant	1 DEL · DELTA ti=40 i0(43)+i1(31)+i2(194)+i3(2)+i25(10) · masque possible · pont ti=40 (= archetype lie)	2	2	2	0	14
0797ce72	HI_1_13_0	oracle du pont (masque impossible)	g2_del_premier_non_del_avant	1 DEL · DELTA ti=40 i0(43)+i1(31)+i2(194)+i3(29)+i25(6) · masque possible · pont ti=40 (= archetype lie)	2	2	2	0	18
0797ce72	HI_1_13_0	oracle du pont (masque impossible)	g2_del_premier_non_del_avant	1 DEL · DELTA ti=40 i0(43)+i1(31)+i2(194)+i3(97)+i25(10) · masque possible · pont ti=40 (= archetype lie)	1	1	1	0	8
0797ce72	HI_1_13_0	oracle du pont (masque impossible)	g2_del_premier_non_del_avant	1 DEL · DELTA ti=40 i0(43)+i1(31)+i2(194)+i3(97)+i25(2) · masque possible · pont ti=40 (= archetype lie)	1	1	1	0	6
0797ce72	HI_1_13_0	oracle du pont (masque impossible)	g2_del_premier_non_del_avant	1 DEL · DELTA ti=40 i0(43)+i1(31)+i2(29)+i3(29)+i25(15) · masque possible · pont ti=40 (= archetype lie)	1	1	1	0	7
0797ce72	HI_1_13_0	oracle du pont (masque impossible)	g2_del_premier_non_del_avant	1 DEL · DELTA ti=40 i0(43)+i1(31)+i2(29)+i3(97)+i25(10) · masque possible · pont ti=40 (= archetype lie)	1	1	1	0	5
0797ce72	HI_1_13_0	oracle du pont (masque impossible)	g2_del_premier_non_del_avant	1 DEL · DELTA ti=40 i0(43)+i1(31)+i2(31)+i3(2)+i25(15) · masque possible · pont ti=40 (= archetype lie)	2	2	2	0	12
0797ce72	HI_1_13_0	oracle du pont (masque impossible)	g2_del_premier_non_del_avant	1 DEL · DELTA ti=40 i0(43)+i1(31)+i2(31)+i3(97)+i25(2) · masque possible · pont ti=40 (= archetype lie)	1	1	1	0	9
0797ce72	HI_1_13_0	oracle du pont (masque impossible)	g2_del_premier_non_del_avant	1 DEL · DELTA ti=40 i0(43)+i1(31)+i2(31)+i3(97)+i25(7) · masque possible · pont ti=40 (= archetype lie)	1	1	1	0	9
0797ce72	HI_1_13_0	oracle du pont (masque impossible)	g2_del_premier_non_del_avant	1 DEL · DELTA ti=40 i0(43)+i1(31)+i2(33)+i3(97)+i25(10) · masque possible · pont ti=40 (= archetype lie)	1	1	1	0	8
0797ce72	HI_1_13_0	oracle du pont (masque impossible)	g2_del_premier_non_del_avant	1 DEL · DELTA ti=40 i0(43)+i1(31)+i2(33)+i3(97)+i25(2) · masque possible · pont ti=40 (= archetype lie)	1	1	1	0	6
0797ce72	HI_1_13_0	oracle du pont (masque impossible)	g2_del_premier_non_del_avant	1 DEL · DELTA ti=40 i0(43)+i1(31)+i2(34)+i25(2) · masque possible · pont ti=40 (= archetype lie)	1	1	1	0	7
0797ce72	HI_1_13_0	oracle du pont (masque impossible)	g2_del_premier_non_del_avant	1 DEL · DELTA ti=40 i0(43)+i1(31)+i2(34)+i3(2)+i25(2) · masque possible · pont ti=40 (= archetype lie)	1	1	1	0	7
0797ce72	HI_1_13_0	oracle du pont (masque impossible)	g2_del_premier_non_del_avant	1 DEL · DELTA ti=40 i0(43)+i1(31)+i2(34)+i3(97)+i25(2) · masque possible · pont ti=40 (= archetype lie)	1	1	1	0	10
0797ce72	HI_1_13_0	oracle du pont (masque impossible)	g2_del_premier_non_del_avant	1 DEL · DELTA ti=40 i0(43)+i1(31)+i2(5)+i25(2) · masque possible · pont ti=40 (= archetype lie)	1	1	1	0	7
0797ce72	HI_1_13_0	oracle du pont (masque impossible)	g2_del_premier_non_del_avant	1 DEL · DELTA ti=40 i0(43)+i1(31)+i2(5)+i3(29)+i25(22) · masque possible · pont ti=40 (= archetype lie)	2	2	2	0	14
0797ce72	HI_1_13_0	oracle du pont (masque impossible)	g2_del_premier_non_del_avant	1 DEL · DELTA ti=40 i0(43)+i1(31)+i2(63)+i25(2) · masque possible · pont ti=40 (= archetype lie)	18	18	18	0	152
0797ce72	HI_1_13_0	oracle du pont (masque impossible)	g2_del_premier_non_del_avant	1 DEL · DELTA ti=40 i0(43)+i1(31)+i2(63)+i3(2)+i25(16) · masque possible · pont ti=40 (= archetype lie)	1	1	1	0	8
0797ce72	HI_1_13_0	oracle du pont (masque impossible)	g2_del_premier_non_del_avant	1 DEL · DELTA ti=40 i0(43)+i1(31)+i2(63)+i3(2)+i25(2) · masque possible · pont ti=40 (= archetype lie)	11	11	11	0	95
0797ce72	HI_1_13_0	oracle du pont (masque impossible)	g2_del_premier_non_del_avant	1 DEL · DELTA ti=40 i0(43)+i1(31)+i2(63)+i3(97)+i25(10) · masque possible · pont ti=40 (= archetype lie)	1	1	1	0	8
0797ce72	HI_1_13_0	oracle du pont (masque impossible)	g2_del_premier_non_del_avant	1 DEL · DELTA ti=40 i0(43)+i1(31)+i2(64)+i3(29)+i25(2) · masque possible · pont ti=40 (= archetype lie)	3	3	3	0	18
0797ce72	HI_1_13_0	oracle du pont (masque impossible)	g2_del_premier_non_del_avant	1 DEL · DELTA ti=40 i0(43)+i1(31)+i2(64)+i3(97)+i25(10) · masque possible · pont ti=40 (= archetype lie)	2	2	2	0	14
0797ce72	HI_1_13_0	oracle du pont (masque impossible)	g2_del_premier_non_del_avant	1 DEL · DELTA ti=40 i0(43)+i1(31)+i2(9)+i3(2)+i25(2) · masque possible · pont ti=40 (= archetype lie)	1	1	1	0	9
0797ce72	HI_1_13_0	oracle du pont (masque impossible)	g2_del_premier_non_del_avant	1 DEL · DELTA ti=40 i0(43)+i1(31)+i2(9)+i3(97)+i25(2) · masque possible · pont ti=40 (= archetype lie)	1	1	1	0	10
0797ce72	HI_1_13_0	oracle du pont (masque impossible)	g2_del_premier_non_del_avant	1 DEL · DELTA ti=40 i0(43)+i1(31)+i25(22) · masque possible · pont ti=40 (= archetype lie)	2	2	2	0	12
0797ce72	HI_1_13_0	oracle du pont (masque impossible)	g2_del_premier_non_del_avant	1 DEL · DELTA ti=40 i0(43)+i1(31)+i3(97)+i25(16) · masque possible · pont ti=40 (= archetype lie)	4	4	4	0	26
0797ce72	HI_1_13_0	oracle du pont (masque impossible)	g2_del_premier_non_del_avant	1 DEL · DELTA ti=40 i0(43)+i1(31)+i3(97)+i25(2) · masque possible · pont ti=40 (= archetype lie)	8	8	8	0	43
0797ce72	HI_1_13_0	oracle du pont (masque impossible)	g2_del_premier_non_del_avant	1 DEL · DELTA ti=40 i0(43)+i1(31)+i3(97)+i25(23) · masque possible · pont ti=40 (= archetype lie)	1	1	1	0	9
0797ce72	HI_1_13_0	oracle du pont (masque impossible)	g2_del_premier_non_del_avant	1 DEL · DELTA ti=40 i0(43)+i1(31)+i3(97)+i25(24) · masque possible · pont ti=40 (= archetype lie)	1	1	1	0	8
0797ce72	HI_1_13_0	oracle du pont (masque impossible)	g2_del_premier_non_del_avant	1 DEL · DELTA ti=40 i0(43)+i1(97)+i2(12)+i3(29)+i25(2) · masque possible · pont ti=40 (= archetype lie)	1	1	1	0	7
0797ce72	HI_1_13_0	oracle du pont (masque impossible)	g2_del_premier_non_del_avant	1 DEL · DELTA ti=40 i0(43)+i1(97)+i2(18)+i3(2)+i25(10) · masque possible · pont ti=40 (= archetype lie)	1	1	1	0	8
0797ce72	HI_1_13_0	oracle du pont (masque impossible)	g2_del_premier_non_del_avant	1 DEL · DELTA ti=40 i0(43)+i1(97)+i2(18)+i3(97)+i25(10) · masque possible · pont ti=40 (= archetype lie)	1	1	1	0	9
0797ce72	HI_1_13_0	oracle du pont (masque impossible)	g2_del_premier_non_del_avant	1 DEL · DELTA ti=40 i0(43)+i1(97)+i2(194)+i3(29)+i25(16) · masque possible · pont ti=40 (= archetype lie)	1	1	1	0	9
0797ce72	HI_1_13_0	oracle du pont (masque impossible)	g2_del_premier_non_del_avant	1 DEL · DELTA ti=40 i0(43)+i1(97)+i2(194)+i3(97)+i25(2) · masque possible · pont ti=40 (= archetype lie)	1	1	1	0	5
0797ce72	HI_1_13_0	oracle du pont (masque impossible)	g2_del_premier_non_del_avant	1 DEL · DELTA ti=40 i0(43)+i1(97)+i2(25)+i25(10) · masque possible · pont ti=40 (= archetype lie)	1	1	1	0	8
0797ce72	HI_1_13_0	oracle du pont (masque impossible)	g2_del_premier_non_del_avant	1 DEL · DELTA ti=40 i0(43)+i1(97)+i2(31)+i25(16) · masque possible · pont ti=40 (= archetype lie)	1	1	1	0	6
0797ce72	HI_1_13_0	oracle du pont (masque impossible)	g2_del_premier_non_del_avant	1 DEL · DELTA ti=40 i0(43)+i1(97)+i2(31)+i25(2) · masque possible · pont ti=40 (= archetype lie)	1	1	1	0	7
0797ce72	HI_1_13_0	oracle du pont (masque impossible)	g2_del_premier_non_del_avant	1 DEL · DELTA ti=40 i0(43)+i1(97)+i2(31)+i25(22) · masque possible · pont ti=40 (= archetype lie)	1	1	1	0	7
0797ce72	HI_1_13_0	oracle du pont (masque impossible)	g2_del_premier_non_del_avant	1 DEL · DELTA ti=40 i0(43)+i1(97)+i2(31)+i25(6) · masque possible · pont ti=40 (= archetype lie)	1	1	1	0	9
0797ce72	HI_1_13_0	oracle du pont (masque impossible)	g2_del_premier_non_del_avant	1 DEL · DELTA ti=40 i0(43)+i1(97)+i2(31)+i3(2)+i12(1)+i25(7) · masque possible · pont ti=40 (= archetype lie)	1	1	1	0	7
0797ce72	HI_1_13_0	oracle du pont (masque impossible)	g2_del_premier_non_del_avant	1 DEL · DELTA ti=40 i0(43)+i1(97)+i2(31)+i3(29)+i25(10) · masque possible · pont ti=40 (= archetype lie)	2	2	2	0	15
0797ce72	HI_1_13_0	oracle du pont (masque impossible)	g2_del_premier_non_del_avant	1 DEL · DELTA ti=40 i0(43)+i1(97)+i2(31)+i3(29)+i25(24) · masque possible · pont ti=40 (= archetype lie)	1	1	1	0	7
0797ce72	HI_1_13_0	oracle du pont (masque impossible)	g2_del_premier_non_del_avant	1 DEL · DELTA ti=40 i0(43)+i1(97)+i2(31)+i3(97)+i25(2) · masque possible · pont ti=40 (= archetype lie)	2	2	2	0	15
0797ce72	HI_1_13_0	oracle du pont (masque impossible)	g2_del_premier_non_del_avant	1 DEL · DELTA ti=40 i0(43)+i1(97)+i2(33)+i25(2) · masque possible · pont ti=40 (= archetype lie)	1	1	1	0	8
0797ce72	HI_1_13_0	oracle du pont (masque impossible)	g2_del_premier_non_del_avant	1 DEL · DELTA ti=40 i0(43)+i1(97)+i2(33)+i3(2)+i25(2) · masque possible · pont ti=40 (= archetype lie)	8	8	8	0	65
0797ce72	HI_1_13_0	oracle du pont (masque impossible)	g2_del_premier_non_del_avant	1 DEL · DELTA ti=40 i0(43)+i1(97)+i2(34)+i3(97)+i25(2) · masque possible · pont ti=40 (= archetype lie)	1	1	1	0	8
0797ce72	HI_1_13_0	oracle du pont (masque impossible)	g2_del_premier_non_del_avant	1 DEL · DELTA ti=40 i0(43)+i1(97)+i2(63)+i3(29)+i25(10) · masque possible · pont ti=40 (= archetype lie)	1	1	1	0	6
0797ce72	HI_1_13_0	oracle du pont (masque impossible)	g2_del_premier_non_del_avant	1 DEL · DELTA ti=40 i0(43)+i1(97)+i2(63)+i3(29)+i25(2) · masque possible · pont ti=40 (= archetype lie)	1	1	1	0	8
0797ce72	HI_1_13_0	oracle du pont (masque impossible)	g2_del_premier_non_del_avant	1 DEL · DELTA ti=40 i0(43)+i1(97)+i2(63)+i3(29)+i25(24) · masque possible · pont ti=40 (= archetype lie)	1	1	1	0	4
0797ce72	HI_1_13_0	oracle du pont (masque impossible)	g2_del_premier_non_del_avant	1 DEL · DELTA ti=40 i0(43)+i1(97)+i2(64)+i12(49)+i25(6) · masque possible · pont ti=40 (= archetype lie)	1	1	1	0	9
0797ce72	HI_1_13_0	oracle du pont (masque impossible)	g2_del_premier_non_del_avant	1 DEL · DELTA ti=40 i0(43)+i1(97)+i2(64)+i3(2)+i25(22) · masque possible · pont ti=40 (= archetype lie)	1	1	1	0	12
0797ce72	HI_1_13_0	oracle du pont (masque impossible)	g2_del_premier_non_del_avant	1 DEL · DELTA ti=40 i0(43)+i1(97)+i2(64)+i3(29)+i25(2) · masque possible · pont ti=40 (= archetype lie)	1	1	1	0	9
0797ce72	HI_1_13_0	oracle du pont (masque impossible)	g2_del_premier_non_del_avant	1 DEL · DELTA ti=40 i0(43)+i1(97)+i2(9)+i3(97)+i25(2) · masque possible · pont ti=40 (= archetype lie)	1	1	1	0	7
0797ce72	HI_1_13_0	oracle du pont (masque impossible)	g2_del_premier_non_del_avant	1 DEL · DELTA ti=40 i0(43)+i1(97)+i25(10) · masque possible · pont ti=40 (= archetype lie)	53	53	53	0	366
0797ce72	HI_1_13_0	oracle du pont (masque impossible)	g2_del_premier_non_del_avant	1 DEL · DELTA ti=40 i0(43)+i1(97)+i25(16) · masque possible · pont ti=40 (= archetype lie)	1	1	1	0	6
0797ce72	HI_1_13_0	oracle du pont (masque impossible)	g2_del_premier_non_del_avant	1 DEL · DELTA ti=40 i0(43)+i1(97)+i25(21) · masque possible · pont ti=40 (= archetype lie)	1	1	1	0	9
0797ce72	HI_1_13_0	oracle du pont (masque impossible)	g2_del_premier_non_del_avant	1 DEL · DELTA ti=40 i0(43)+i1(97)+i25(22) · masque possible · pont ti=40 (= archetype lie)	1	1	1	0	6
0797ce72	HI_1_13_0	oracle du pont (masque impossible)	g2_del_premier_non_del_avant	1 DEL · DELTA ti=40 i0(43)+i1(97)+i3(29)+i25(10) · masque possible · pont ti=40 (= archetype lie)	2	2	2	0	18
0797ce72	HI_1_13_0	oracle du pont (masque impossible)	g2_del_premier_non_del_avant	1 DEL · DELTA ti=40 i0(43)+i1(97)+i3(29)+i25(16) · masque possible · pont ti=40 (= archetype lie)	1	1	1	0	9
0797ce72	HI_1_13_0	oracle du pont (masque impossible)	g2_del_premier_non_del_avant	1 DEL · DELTA ti=40 i0(43)+i1(97)+i3(29)+i25(24) · masque possible · pont ti=40 (= archetype lie)	1	1	1	0	8
0797ce72	HI_1_13_0	oracle du pont (masque impossible)	g2_del_premier_non_del_avant	1 DEL · DELTA ti=42 i11(1)+i19(1) · masque IMPOSSIBLE sous l archetype lie · pont : masque vide	1	1	1	0	6
0797ce72	HI_1_13_0	oracle du pont (masque impossible)	g2_del_premier_non_del_avant	1 DEL · NEW ti=12 i0(32)	1	1	1	0	1
0797ce72	HI_1_13_0	oracle du pont (masque impossible)	g2_del_premier_non_del_avant	1 DEL · NEW ti=13 aucun composant	1	1	1	0	6
0797ce72	HI_1_13_0	oracle du pont (masque impossible)	g2_del_premier_non_del_avant	1 DEL · NEW ti=16 aucun composant	3	3	3	0	24
0797ce72	HI_1_13_0	oracle du pont (masque impossible)	g2_del_premier_non_del_avant	1 DEL · NEW ti=16 i2(38)+i3(38)	1	1	1	0	7
0797ce72	HI_1_13_0	oracle du pont (masque impossible)	g2_del_premier_non_del_avant	1 DEL · NEW ti=3 aucun composant	1	1	1	0	7
0797ce72	HI_1_13_0	oracle du pont (masque impossible)	g2_del_premier_non_del_avant	1 DEL · NEW ti=32 aucun composant	1	1	1	0	8
0797ce72	HI_1_13_0	oracle du pont (masque impossible)	g2_del_premier_non_del_avant	1 DEL · NEW ti=35 aucun composant	1	1	1	0	8
0797ce72	HI_1_13_0	oracle du pont (masque impossible)	g2_del_premier_non_del_avant	1 DEL · NEW ti=39 aucun composant	1	1	1	0	7
0797ce72	HI_1_13_0	oracle du pont (masque impossible)	g2_del_premier_non_del_avant	1 DEL · NEW ti=5 i3(2)+i4(10)+i5(5)+i9(3)+i11(64)+i14(7)+i15(6)+i19(1)+i21(32)+i23(32)+i25(16)+i26(1)	1	1	1	0	5
0797ce72	HI_1_13_0	oracle du pont (masque impossible)	g2_del_premier_non_del_avant	2 DEL · DELTA ti=35 i0(43)+i1(31)+i5(29)+i21(25)+i25(10)+i57(10)+i59(5) · masque possible · pont ti=35 (= archetype lie)	2	2	2	0	2
0797ce72	HI_1_13_0	oracle du pont (masque impossible)	g2_del_premier_non_del_avant	2 DEL · DELTA ti=40 i0(43)+i1(31)+i2(194)+i3(29)+i25(2) · masque possible · pont ti=40 (= archetype lie)	1	1	1	0	7
0797ce72	HI_1_13_0	oracle du pont (masque impossible)	g2_del_premier_non_del_avant	2 DEL · DELTA ti=40 i0(43)+i1(97)+i2(12)+i3(2)+i25(8) · masque possible · pont ti=40 (= archetype lie)	1	1	1	0	5
0797ce72	HI_1_13_0	oracle du pont (masque impossible)	g2_del_premier_non_del_avant	2 DEL · DELTA ti=40 i0(43)+i1(97)+i2(12)+i3(29)+i25(2) · masque possible · pont ti=40 (= archetype lie)	1	1	1	0	8
0797ce72	HI_1_13_0	oracle du pont (masque impossible)	g2_del_premier_non_del_avant	2 DEL · DELTA ti=40 i0(43)+i1(97)+i2(194)+i3(2)+i25(2) · masque possible · pont ti=40 (= archetype lie)	1	1	1	0	9
0797ce72	HI_1_13_0	oracle du pont (masque impossible)	g2_del_premier_non_del_avant	2 DEL · DELTA ti=40 i0(43)+i1(97)+i2(194)+i3(97)+i25(2) · masque possible · pont ti=40 (= archetype lie)	1	1	1	0	5
0797ce72	HI_1_13_0	oracle du pont (masque impossible)	g2_del_premier_non_del_avant	2 DEL · DELTA ti=40 i0(43)+i1(97)+i25(10) · masque possible · pont ti=40 (= archetype lie)	6	6	6	0	41
0797ce72	HI_1_13_0	oracle du pont (masque impossible)	g2_del_premier_non_del_avant	2 DEL · DELTA ti=40 i0(43)+i1(97)+i25(16) · masque possible · pont ti=40 (= archetype lie)	1	1	1	0	6
0797ce72	HI_1_13_0	oracle du pont (masque impossible)	g2_del_premier_non_del_avant	2 DEL · DELTA ti=41 i0(41)+i1(1)+i2(28) · masque possible · pont : masque vide	2	2	2	0	12
0797ce72	HI_1_13_0	oracle du pont (masque impossible)	g2_del_premier_non_del_avant	2 DEL · DELTA ti=41 i0(41)+i1(30)+i2(28) · masque possible · pont : masque vide	1	1	1	0	7
0797ce72	HI_1_13_0	oracle du pont (masque impossible)	g2_del_premier_non_del_avant	2 DEL · NEW ti=41 i0(41)+i2(28)+i14(113)+i15(420)+i20(1)	1	1	1	0	1
0797ce72	HI_1_13_0	oracle du pont (masque impossible)	g2_del_premier_non_del_avant	3 DEL · DELTA ti=40 i0(43)+i1(97)+i3(97)+i25(2) · masque possible · pont ti=40 (= archetype lie)	1	1	1	0	8
0797ce72	HI_1_13_0	oracle du pont (masque impossible)	g2_del_premier_non_del_avant	3 DEL · DELTA ti=41 i0(41)+i1(30)+i2(28) · masque possible · pont : masque vide	1	1	1	0	7
0797ce72	HI_1_13_0	oracle du pont (masque impossible)	g4_ti41	masque 0x7 · i0(41)+i1(1)+i2(28)	112	112	112	0	752
0797ce72	HI_1_13_0	oracle du pont (masque impossible)	g4_ti41	masque 0x7 · i0(41)+i1(30)+i2(28)	14	14	14	0	90
0797ce72	HI_1_13_0	oracle du pont (masque impossible)	g4_ti41	masque 0x7 · i0(41)+i1(30)+i2(9)	32	32	32	0	215
0797ce72	HI_1_13_0	oracle du pont (masque impossible)	g4_ti41_pont	masque possible · pont : masque vide	158	158	158	0	1057
0797ce72	HI_1_13_0	oracle du pont (masque impossible)	genre	DEL ti=0	242	242	242	0	1521
0797ce72	HI_1_13_0	oracle du pont (masque impossible)	genre	DELTA ti=41	158	158	158	0	1057
0797ce72	HI_1_13_0	oracle du pont (masque impossible)	liaison_du_masque_impossible	NEW (eid complet) · slot non declare par la 1re image-cle du chunk · bloc : gen 1 (eid gen 0), vivante false	1	1	0	0	0
0797ce72	HI_1_13_0	oracle du pont (masque impossible)	liaison_du_masque_impossible	NEW (eid complet), generation differente · slot non declare par la 1re image-cle du chunk · bloc : gen 0 (eid gen 3), vivante false	1	1	0	0	0
0797ce72	HI_1_13_0	oracle du pont (masque impossible)	liaison_du_masque_impossible	image-cle ou joker · 1re image-cle du chunk : ti=38 · bloc : gen 1 (eid gen 3), vivante true	1	1	0	0	0
0797ce72	HI_1_13_0	oracle du pont (masque impossible)	liaison_du_masque_impossible	table de datums ou anticipation · slot non declare par la 1re image-cle du chunk · bloc : gen 0 (eid gen 1), vivante false	2	2	0	0	0
0797ce72	HI_1_13_0	reference	g2_del	eid du DEL : aucune allocation · lie au monde apres le paquet : false	231	231	231	0	1443
0797ce72	HI_1_13_0	reference	g2_del	eid du DEL : libere avant le chunk · lie au monde apres le paquet : false	4	4	4	0	25
0797ce72	HI_1_13_0	reference	g2_del	eid du DEL : naissance non lue · lie au monde apres le paquet : false	3	3	3	0	21
0797ce72	HI_1_13_0	reference	g2_del	eid du DEL : realloue sous une autre generation · lie au monde apres le paquet : false	2	2	2	0	17
0797ce72	HI_1_13_0	reference	g2_del	eid du DEL : vivant au bloc du chunk · lie au monde apres le paquet : false	2	2	2	0	15
0797ce72	HI_1_13_0	reference	g2_del_nombre_de_records	10 records lus	44	44	44	0	335
0797ce72	HI_1_13_0	reference	g2_del_nombre_de_records	11 records lus	53	53	53	0	445
0797ce72	HI_1_13_0	reference	g2_del_nombre_de_records	12 records lus	18	18	18	0	155
0797ce72	HI_1_13_0	reference	g2_del_nombre_de_records	13 records lus	3	3	3	0	24
0797ce72	HI_1_13_0	reference	g2_del_nombre_de_records	14 records lus	1	1	1	0	11
0797ce72	HI_1_13_0	reference	g2_del_nombre_de_records	15 records lus	2	2	2	0	24
0797ce72	HI_1_13_0	reference	g2_del_nombre_de_records	16 records lus	1	1	1	0	12
0797ce72	HI_1_13_0	reference	g2_del_nombre_de_records	3 records lus	32	32	32	0	2
0797ce72	HI_1_13_0	reference	g2_del_nombre_de_records	4 records lus	3	3	3	0	3
0797ce72	HI_1_13_0	reference	g2_del_nombre_de_records	6 records lus	1	1	1	0	4
0797ce72	HI_1_13_0	reference	g2_del_nombre_de_records	7 records lus	13	13	13	0	64
0797ce72	HI_1_13_0	reference	g2_del_nombre_de_records	8 records lus	30	30	30	0	174
0797ce72	HI_1_13_0	reference	g2_del_nombre_de_records	9 records lus	41	41	41	0	268
0797ce72	HI_1_13_0	reference	g2_del_premier_non_del_avant	1 DEL · DELTA ti=16 i0(575)+i1(38)+i3(38)+i5(8) · masque IMPOSSIBLE sous l archetype lie · pont : masque vide	1	1	1	0	9
0797ce72	HI_1_13_0	reference	g2_del_premier_non_del_avant	1 DEL · DELTA ti=2 aucun composant · masque possible · pont ti=2 (= archetype lie)	2	2	2	0	15
0797ce72	HI_1_13_0	reference	g2_del_premier_non_del_avant	1 DEL · DELTA ti=21 i16(20) · masque possible · pont : masque vide	30	30	30	0	0
0797ce72	HI_1_13_0	reference	g2_del_premier_non_del_avant	1 DEL · DELTA ti=25 aucun composant · masque IMPOSSIBLE sous l archetype lie · pont : masque vide	1	1	1	0	6
0797ce72	HI_1_13_0	reference	g2_del_premier_non_del_avant	1 DEL · DELTA ti=35 i0(43)+i1(31)+i21(25)+i25(10)+i57(10)+i59(5) · masque possible · pont : masque vide	1	1	1	0	6
0797ce72	HI_1_13_0	reference	g2_del_premier_non_del_avant	1 DEL · DELTA ti=35 i0(43)+i1(31)+i21(25)+i25(10)+i57(10)+i59(5) · masque possible · pont ti=35 (= archetype lie)	1	1	1	0	1
0797ce72	HI_1_13_0	reference	g2_del_premier_non_del_avant	1 DEL · DELTA ti=35 i1(97)+i2(28)+i6(151)+i11(79)+i23(91)+i24(123)+i29(11)+i34(11)+i36(14)+i40(11)+i43(178)+i45(241)+i52(68)+i53(89)+i56(17)+i60(211)+i62(26) · masque possible · pont : masque vide	1	1	1	0	6
0797ce72	HI_1_13_0	reference	g2_del_premier_non_del_avant	1 DEL · DELTA ti=35 i1(97)+i2(28)+i6(151)+i11(79)+i23(91)+i24(78)+i29(11)+i34(11)+i36(14)+i40(11)+i43(263)+i45(11)+i53(95)+i54(2)+i56(3)+i60(1)+i62(26) · masque possible · pont : masque vide	1	1	1	0	7
0797ce72	HI_1_13_0	reference	g2_del_premier_non_del_avant	1 DEL · DELTA ti=37 i0(41)+i4(11)+i13(40)+i14(113)+i15(109)+i17(109)+i18(1)+i22(5)+i27(8) · masque IMPOSSIBLE sous l archetype lie · pont : masque vide	1	1	1	0	8
0797ce72	HI_1_13_0	reference	g2_del_premier_non_del_avant	1 DEL · DELTA ti=37 i28(20)+i29(2) · masque possible · pont : masque vide	2	2	2	0	16
0797ce72	HI_1_13_0	reference	g2_del_premier_non_del_avant	1 DEL · DELTA ti=38 i11(1)+i15(74)+i17(117)+i18(84)+i19(25) · masque IMPOSSIBLE sous l archetype lie · pont ti=38 (= archetype lie)	1	1	1	0	7
0797ce72	HI_1_13_0	reference	g2_del_premier_non_del_avant	1 DEL · DELTA ti=40 i0(43)+i1(31)+i2(18)+i3(97)+i25(13) · masque possible · pont ti=40 (= archetype lie)	1	1	1	0	7
0797ce72	HI_1_13_0	reference	g2_del_premier_non_del_avant	1 DEL · DELTA ti=40 i0(43)+i1(31)+i2(194)+i3(2)+i25(10) · masque possible · pont ti=40 (= archetype lie)	2	2	2	0	14
0797ce72	HI_1_13_0	reference	g2_del_premier_non_del_avant	1 DEL · DELTA ti=40 i0(43)+i1(31)+i2(194)+i3(29)+i25(6) · masque possible · pont ti=40 (= archetype lie)	2	2	2	0	18
0797ce72	HI_1_13_0	reference	g2_del_premier_non_del_avant	1 DEL · DELTA ti=40 i0(43)+i1(31)+i2(194)+i3(97)+i25(10) · masque possible · pont ti=40 (= archetype lie)	1	1	1	0	8
0797ce72	HI_1_13_0	reference	g2_del_premier_non_del_avant	1 DEL · DELTA ti=40 i0(43)+i1(31)+i2(194)+i3(97)+i25(2) · masque possible · pont ti=40 (= archetype lie)	1	1	1	0	6
0797ce72	HI_1_13_0	reference	g2_del_premier_non_del_avant	1 DEL · DELTA ti=40 i0(43)+i1(31)+i2(29)+i3(29)+i25(15) · masque possible · pont ti=40 (= archetype lie)	1	1	1	0	7
0797ce72	HI_1_13_0	reference	g2_del_premier_non_del_avant	1 DEL · DELTA ti=40 i0(43)+i1(31)+i2(29)+i3(97)+i25(10) · masque possible · pont ti=40 (= archetype lie)	1	1	1	0	5
0797ce72	HI_1_13_0	reference	g2_del_premier_non_del_avant	1 DEL · DELTA ti=40 i0(43)+i1(31)+i2(31)+i3(2)+i25(15) · masque possible · pont ti=40 (= archetype lie)	2	2	2	0	12
0797ce72	HI_1_13_0	reference	g2_del_premier_non_del_avant	1 DEL · DELTA ti=40 i0(43)+i1(31)+i2(31)+i3(97)+i25(2) · masque possible · pont ti=40 (= archetype lie)	1	1	1	0	9
0797ce72	HI_1_13_0	reference	g2_del_premier_non_del_avant	1 DEL · DELTA ti=40 i0(43)+i1(31)+i2(31)+i3(97)+i25(7) · masque possible · pont ti=40 (= archetype lie)	1	1	1	0	9
0797ce72	HI_1_13_0	reference	g2_del_premier_non_del_avant	1 DEL · DELTA ti=40 i0(43)+i1(31)+i2(33)+i3(97)+i25(10) · masque possible · pont ti=40 (= archetype lie)	1	1	1	0	8
0797ce72	HI_1_13_0	reference	g2_del_premier_non_del_avant	1 DEL · DELTA ti=40 i0(43)+i1(31)+i2(33)+i3(97)+i25(2) · masque possible · pont ti=40 (= archetype lie)	1	1	1	0	6
0797ce72	HI_1_13_0	reference	g2_del_premier_non_del_avant	1 DEL · DELTA ti=40 i0(43)+i1(31)+i2(34)+i25(2) · masque possible · pont ti=40 (= archetype lie)	1	1	1	0	7
0797ce72	HI_1_13_0	reference	g2_del_premier_non_del_avant	1 DEL · DELTA ti=40 i0(43)+i1(31)+i2(34)+i3(2)+i25(2) · masque possible · pont ti=40 (= archetype lie)	1	1	1	0	7
0797ce72	HI_1_13_0	reference	g2_del_premier_non_del_avant	1 DEL · DELTA ti=40 i0(43)+i1(31)+i2(34)+i3(97)+i25(2) · masque possible · pont ti=40 (= archetype lie)	1	1	1	0	10
0797ce72	HI_1_13_0	reference	g2_del_premier_non_del_avant	1 DEL · DELTA ti=40 i0(43)+i1(31)+i2(5)+i25(2) · masque possible · pont ti=40 (= archetype lie)	1	1	1	0	7
0797ce72	HI_1_13_0	reference	g2_del_premier_non_del_avant	1 DEL · DELTA ti=40 i0(43)+i1(31)+i2(5)+i3(29)+i25(22) · masque possible · pont ti=40 (= archetype lie)	2	2	2	0	14
0797ce72	HI_1_13_0	reference	g2_del_premier_non_del_avant	1 DEL · DELTA ti=40 i0(43)+i1(31)+i2(63)+i25(2) · masque possible · pont ti=40 (= archetype lie)	18	18	18	0	152
0797ce72	HI_1_13_0	reference	g2_del_premier_non_del_avant	1 DEL · DELTA ti=40 i0(43)+i1(31)+i2(63)+i3(2)+i25(16) · masque possible · pont ti=40 (= archetype lie)	1	1	1	0	8
0797ce72	HI_1_13_0	reference	g2_del_premier_non_del_avant	1 DEL · DELTA ti=40 i0(43)+i1(31)+i2(63)+i3(2)+i25(2) · masque possible · pont ti=40 (= archetype lie)	11	11	11	0	95
0797ce72	HI_1_13_0	reference	g2_del_premier_non_del_avant	1 DEL · DELTA ti=40 i0(43)+i1(31)+i2(63)+i3(97)+i25(10) · masque possible · pont ti=40 (= archetype lie)	1	1	1	0	8
0797ce72	HI_1_13_0	reference	g2_del_premier_non_del_avant	1 DEL · DELTA ti=40 i0(43)+i1(31)+i2(64)+i3(29)+i25(2) · masque possible · pont ti=40 (= archetype lie)	3	3	3	0	18
0797ce72	HI_1_13_0	reference	g2_del_premier_non_del_avant	1 DEL · DELTA ti=40 i0(43)+i1(31)+i2(64)+i3(97)+i25(10) · masque possible · pont ti=40 (= archetype lie)	2	2	2	0	14
0797ce72	HI_1_13_0	reference	g2_del_premier_non_del_avant	1 DEL · DELTA ti=40 i0(43)+i1(31)+i2(9)+i3(2)+i25(2) · masque possible · pont ti=40 (= archetype lie)	1	1	1	0	9
0797ce72	HI_1_13_0	reference	g2_del_premier_non_del_avant	1 DEL · DELTA ti=40 i0(43)+i1(31)+i2(9)+i3(97)+i25(2) · masque possible · pont ti=40 (= archetype lie)	1	1	1	0	10
0797ce72	HI_1_13_0	reference	g2_del_premier_non_del_avant	1 DEL · DELTA ti=40 i0(43)+i1(31)+i25(22) · masque possible · pont ti=40 (= archetype lie)	2	2	2	0	12
0797ce72	HI_1_13_0	reference	g2_del_premier_non_del_avant	1 DEL · DELTA ti=40 i0(43)+i1(31)+i3(97)+i25(16) · masque possible · pont ti=40 (= archetype lie)	4	4	4	0	26
0797ce72	HI_1_13_0	reference	g2_del_premier_non_del_avant	1 DEL · DELTA ti=40 i0(43)+i1(31)+i3(97)+i25(2) · masque possible · pont ti=40 (= archetype lie)	8	8	8	0	43
0797ce72	HI_1_13_0	reference	g2_del_premier_non_del_avant	1 DEL · DELTA ti=40 i0(43)+i1(31)+i3(97)+i25(23) · masque possible · pont ti=40 (= archetype lie)	1	1	1	0	9
0797ce72	HI_1_13_0	reference	g2_del_premier_non_del_avant	1 DEL · DELTA ti=40 i0(43)+i1(31)+i3(97)+i25(24) · masque possible · pont ti=40 (= archetype lie)	1	1	1	0	8
0797ce72	HI_1_13_0	reference	g2_del_premier_non_del_avant	1 DEL · DELTA ti=40 i0(43)+i1(97)+i2(12)+i3(29)+i25(2) · masque possible · pont ti=40 (= archetype lie)	1	1	1	0	7
0797ce72	HI_1_13_0	reference	g2_del_premier_non_del_avant	1 DEL · DELTA ti=40 i0(43)+i1(97)+i2(18)+i3(2)+i25(10) · masque possible · pont ti=40 (= archetype lie)	1	1	1	0	8
0797ce72	HI_1_13_0	reference	g2_del_premier_non_del_avant	1 DEL · DELTA ti=40 i0(43)+i1(97)+i2(18)+i3(97)+i25(10) · masque possible · pont ti=40 (= archetype lie)	1	1	1	0	9
0797ce72	HI_1_13_0	reference	g2_del_premier_non_del_avant	1 DEL · DELTA ti=40 i0(43)+i1(97)+i2(194)+i3(29)+i25(16) · masque possible · pont ti=40 (= archetype lie)	1	1	1	0	9
0797ce72	HI_1_13_0	reference	g2_del_premier_non_del_avant	1 DEL · DELTA ti=40 i0(43)+i1(97)+i2(194)+i3(97)+i25(2) · masque possible · pont ti=40 (= archetype lie)	1	1	1	0	5
0797ce72	HI_1_13_0	reference	g2_del_premier_non_del_avant	1 DEL · DELTA ti=40 i0(43)+i1(97)+i2(25)+i25(10) · masque possible · pont ti=40 (= archetype lie)	1	1	1	0	8
0797ce72	HI_1_13_0	reference	g2_del_premier_non_del_avant	1 DEL · DELTA ti=40 i0(43)+i1(97)+i2(31)+i25(16) · masque possible · pont ti=40 (= archetype lie)	1	1	1	0	6
0797ce72	HI_1_13_0	reference	g2_del_premier_non_del_avant	1 DEL · DELTA ti=40 i0(43)+i1(97)+i2(31)+i25(2) · masque possible · pont ti=40 (= archetype lie)	1	1	1	0	7
0797ce72	HI_1_13_0	reference	g2_del_premier_non_del_avant	1 DEL · DELTA ti=40 i0(43)+i1(97)+i2(31)+i25(22) · masque possible · pont ti=40 (= archetype lie)	1	1	1	0	7
0797ce72	HI_1_13_0	reference	g2_del_premier_non_del_avant	1 DEL · DELTA ti=40 i0(43)+i1(97)+i2(31)+i25(6) · masque possible · pont ti=40 (= archetype lie)	1	1	1	0	9
0797ce72	HI_1_13_0	reference	g2_del_premier_non_del_avant	1 DEL · DELTA ti=40 i0(43)+i1(97)+i2(31)+i3(2)+i12(1)+i25(7) · masque possible · pont ti=40 (= archetype lie)	1	1	1	0	7
0797ce72	HI_1_13_0	reference	g2_del_premier_non_del_avant	1 DEL · DELTA ti=40 i0(43)+i1(97)+i2(31)+i3(29)+i25(10) · masque possible · pont ti=40 (= archetype lie)	2	2	2	0	15
0797ce72	HI_1_13_0	reference	g2_del_premier_non_del_avant	1 DEL · DELTA ti=40 i0(43)+i1(97)+i2(31)+i3(29)+i25(24) · masque possible · pont ti=40 (= archetype lie)	1	1	1	0	7
0797ce72	HI_1_13_0	reference	g2_del_premier_non_del_avant	1 DEL · DELTA ti=40 i0(43)+i1(97)+i2(31)+i3(97)+i25(2) · masque possible · pont ti=40 (= archetype lie)	2	2	2	0	15
0797ce72	HI_1_13_0	reference	g2_del_premier_non_del_avant	1 DEL · DELTA ti=40 i0(43)+i1(97)+i2(33)+i25(2) · masque possible · pont ti=40 (= archetype lie)	1	1	1	0	8
0797ce72	HI_1_13_0	reference	g2_del_premier_non_del_avant	1 DEL · DELTA ti=40 i0(43)+i1(97)+i2(33)+i3(2)+i25(2) · masque possible · pont ti=40 (= archetype lie)	8	8	8	0	65
0797ce72	HI_1_13_0	reference	g2_del_premier_non_del_avant	1 DEL · DELTA ti=40 i0(43)+i1(97)+i2(34)+i3(97)+i25(2) · masque possible · pont ti=40 (= archetype lie)	1	1	1	0	8
0797ce72	HI_1_13_0	reference	g2_del_premier_non_del_avant	1 DEL · DELTA ti=40 i0(43)+i1(97)+i2(63)+i3(29)+i25(10) · masque possible · pont ti=40 (= archetype lie)	1	1	1	0	6
0797ce72	HI_1_13_0	reference	g2_del_premier_non_del_avant	1 DEL · DELTA ti=40 i0(43)+i1(97)+i2(63)+i3(29)+i25(2) · masque possible · pont ti=40 (= archetype lie)	1	1	1	0	8
0797ce72	HI_1_13_0	reference	g2_del_premier_non_del_avant	1 DEL · DELTA ti=40 i0(43)+i1(97)+i2(63)+i3(29)+i25(24) · masque possible · pont ti=40 (= archetype lie)	1	1	1	0	4
0797ce72	HI_1_13_0	reference	g2_del_premier_non_del_avant	1 DEL · DELTA ti=40 i0(43)+i1(97)+i2(64)+i12(49)+i25(6) · masque possible · pont ti=40 (= archetype lie)	1	1	1	0	9
0797ce72	HI_1_13_0	reference	g2_del_premier_non_del_avant	1 DEL · DELTA ti=40 i0(43)+i1(97)+i2(64)+i3(2)+i25(22) · masque possible · pont ti=40 (= archetype lie)	1	1	1	0	12
0797ce72	HI_1_13_0	reference	g2_del_premier_non_del_avant	1 DEL · DELTA ti=40 i0(43)+i1(97)+i2(64)+i3(29)+i25(2) · masque possible · pont ti=40 (= archetype lie)	1	1	1	0	9
0797ce72	HI_1_13_0	reference	g2_del_premier_non_del_avant	1 DEL · DELTA ti=40 i0(43)+i1(97)+i2(9)+i3(97)+i25(2) · masque possible · pont ti=40 (= archetype lie)	1	1	1	0	7
0797ce72	HI_1_13_0	reference	g2_del_premier_non_del_avant	1 DEL · DELTA ti=40 i0(43)+i1(97)+i25(10) · masque possible · pont ti=40 (= archetype lie)	53	53	53	0	366
0797ce72	HI_1_13_0	reference	g2_del_premier_non_del_avant	1 DEL · DELTA ti=40 i0(43)+i1(97)+i25(16) · masque possible · pont ti=40 (= archetype lie)	1	1	1	0	6
0797ce72	HI_1_13_0	reference	g2_del_premier_non_del_avant	1 DEL · DELTA ti=40 i0(43)+i1(97)+i25(21) · masque possible · pont ti=40 (= archetype lie)	1	1	1	0	9
0797ce72	HI_1_13_0	reference	g2_del_premier_non_del_avant	1 DEL · DELTA ti=40 i0(43)+i1(97)+i25(22) · masque possible · pont ti=40 (= archetype lie)	1	1	1	0	6
0797ce72	HI_1_13_0	reference	g2_del_premier_non_del_avant	1 DEL · DELTA ti=40 i0(43)+i1(97)+i3(29)+i25(10) · masque possible · pont ti=40 (= archetype lie)	2	2	2	0	18
0797ce72	HI_1_13_0	reference	g2_del_premier_non_del_avant	1 DEL · DELTA ti=40 i0(43)+i1(97)+i3(29)+i25(16) · masque possible · pont ti=40 (= archetype lie)	1	1	1	0	9
0797ce72	HI_1_13_0	reference	g2_del_premier_non_del_avant	1 DEL · DELTA ti=40 i0(43)+i1(97)+i3(29)+i25(24) · masque possible · pont ti=40 (= archetype lie)	1	1	1	0	8
0797ce72	HI_1_13_0	reference	g2_del_premier_non_del_avant	1 DEL · DELTA ti=42 i11(1)+i19(1) · masque IMPOSSIBLE sous l archetype lie · pont : masque vide	1	1	1	0	6
0797ce72	HI_1_13_0	reference	g2_del_premier_non_del_avant	1 DEL · NEW ti=12 i0(32)	1	1	1	0	1
0797ce72	HI_1_13_0	reference	g2_del_premier_non_del_avant	1 DEL · NEW ti=13 aucun composant	1	1	1	0	6
0797ce72	HI_1_13_0	reference	g2_del_premier_non_del_avant	1 DEL · NEW ti=16 aucun composant	3	3	3	0	24
0797ce72	HI_1_13_0	reference	g2_del_premier_non_del_avant	1 DEL · NEW ti=16 i2(38)+i3(38)	1	1	1	0	7
0797ce72	HI_1_13_0	reference	g2_del_premier_non_del_avant	1 DEL · NEW ti=3 aucun composant	1	1	1	0	7
0797ce72	HI_1_13_0	reference	g2_del_premier_non_del_avant	1 DEL · NEW ti=32 aucun composant	1	1	1	0	8
0797ce72	HI_1_13_0	reference	g2_del_premier_non_del_avant	1 DEL · NEW ti=35 aucun composant	1	1	1	0	8
0797ce72	HI_1_13_0	reference	g2_del_premier_non_del_avant	1 DEL · NEW ti=39 aucun composant	1	1	1	0	7
0797ce72	HI_1_13_0	reference	g2_del_premier_non_del_avant	1 DEL · NEW ti=5 i3(2)+i4(10)+i5(5)+i9(3)+i11(64)+i14(7)+i15(6)+i19(1)+i21(32)+i23(32)+i25(16)+i26(1)	1	1	1	0	5
0797ce72	HI_1_13_0	reference	g2_del_premier_non_del_avant	2 DEL · DELTA ti=35 i0(43)+i1(31)+i5(29)+i21(25)+i25(10)+i57(10)+i59(5) · masque possible · pont ti=35 (= archetype lie)	2	2	2	0	2
0797ce72	HI_1_13_0	reference	g2_del_premier_non_del_avant	2 DEL · DELTA ti=40 i0(43)+i1(31)+i2(194)+i3(29)+i25(2) · masque possible · pont ti=40 (= archetype lie)	1	1	1	0	7
0797ce72	HI_1_13_0	reference	g2_del_premier_non_del_avant	2 DEL · DELTA ti=40 i0(43)+i1(97)+i2(12)+i3(2)+i25(8) · masque possible · pont ti=40 (= archetype lie)	1	1	1	0	5
0797ce72	HI_1_13_0	reference	g2_del_premier_non_del_avant	2 DEL · DELTA ti=40 i0(43)+i1(97)+i2(12)+i3(29)+i25(2) · masque possible · pont ti=40 (= archetype lie)	1	1	1	0	8
0797ce72	HI_1_13_0	reference	g2_del_premier_non_del_avant	2 DEL · DELTA ti=40 i0(43)+i1(97)+i2(194)+i3(2)+i25(2) · masque possible · pont ti=40 (= archetype lie)	1	1	1	0	9
0797ce72	HI_1_13_0	reference	g2_del_premier_non_del_avant	2 DEL · DELTA ti=40 i0(43)+i1(97)+i2(194)+i3(97)+i25(2) · masque possible · pont ti=40 (= archetype lie)	1	1	1	0	5
0797ce72	HI_1_13_0	reference	g2_del_premier_non_del_avant	2 DEL · DELTA ti=40 i0(43)+i1(97)+i25(10) · masque possible · pont ti=40 (= archetype lie)	6	6	6	0	41
0797ce72	HI_1_13_0	reference	g2_del_premier_non_del_avant	2 DEL · DELTA ti=40 i0(43)+i1(97)+i25(16) · masque possible · pont ti=40 (= archetype lie)	1	1	1	0	6
0797ce72	HI_1_13_0	reference	g2_del_premier_non_del_avant	2 DEL · DELTA ti=41 i0(41)+i1(1)+i2(28) · masque possible · pont : masque vide	2	2	2	0	12
0797ce72	HI_1_13_0	reference	g2_del_premier_non_del_avant	2 DEL · DELTA ti=41 i0(41)+i1(30)+i2(28) · masque possible · pont : masque vide	1	1	1	0	7
0797ce72	HI_1_13_0	reference	g2_del_premier_non_del_avant	2 DEL · NEW ti=41 i0(41)+i2(28)+i14(113)+i15(420)+i20(1)	1	1	1	0	1
0797ce72	HI_1_13_0	reference	g2_del_premier_non_del_avant	3 DEL · DELTA ti=40 i0(43)+i1(97)+i3(97)+i25(2) · masque possible · pont ti=40 (= archetype lie)	1	1	1	0	8
0797ce72	HI_1_13_0	reference	g2_del_premier_non_del_avant	3 DEL · DELTA ti=41 i0(41)+i1(30)+i2(28) · masque possible · pont : masque vide	1	1	1	0	7
0797ce72	HI_1_13_0	reference	g4_ti41	masque 0x7 · i0(41)+i1(1)+i2(28)	112	112	112	0	752
0797ce72	HI_1_13_0	reference	g4_ti41	masque 0x7 · i0(41)+i1(30)+i2(28)	14	14	14	0	90
0797ce72	HI_1_13_0	reference	g4_ti41	masque 0x7 · i0(41)+i1(30)+i2(9)	32	32	32	0	215
0797ce72	HI_1_13_0	reference	g4_ti41_pont	masque possible · pont : masque vide	158	158	158	0	1057
0797ce72	HI_1_13_0	reference	genre	DEL ti=0	242	242	242	0	1521
0797ce72	HI_1_13_0	reference	genre	DELTA ti=41	158	158	158	0	1057
0797ce72	HI_1_13_0	reference	liaison_du_masque_impossible	NEW (eid complet) · slot non declare par la 1re image-cle du chunk · bloc : gen 1 (eid gen 0), vivante false	1	1	0	0	0
0797ce72	HI_1_13_0	reference	liaison_du_masque_impossible	NEW (eid complet), generation differente · slot non declare par la 1re image-cle du chunk · bloc : gen 0 (eid gen 3), vivante false	1	1	0	0	0
0797ce72	HI_1_13_0	reference	liaison_du_masque_impossible	image-cle ou joker · 1re image-cle du chunk : ti=38 · bloc : gen 1 (eid gen 3), vivante true	1	1	0	0	0
0797ce72	HI_1_13_0	reference	liaison_du_masque_impossible	table de datums ou anticipation · slot non declare par la 1re image-cle du chunk · bloc : gen 0 (eid gen 1), vivante false	2	2	0	0	0
0797ce72	HI_1_13_0	ti20 i0 cas 2 du jeu	g2_del	eid du DEL : aucune allocation · lie au monde apres le paquet : false	231	231	231	0	1443
0797ce72	HI_1_13_0	ti20 i0 cas 2 du jeu	g2_del	eid du DEL : libere avant le chunk · lie au monde apres le paquet : false	4	4	4	0	25
0797ce72	HI_1_13_0	ti20 i0 cas 2 du jeu	g2_del	eid du DEL : naissance non lue · lie au monde apres le paquet : false	3	3	3	0	21
0797ce72	HI_1_13_0	ti20 i0 cas 2 du jeu	g2_del	eid du DEL : realloue sous une autre generation · lie au monde apres le paquet : false	2	2	2	0	17
0797ce72	HI_1_13_0	ti20 i0 cas 2 du jeu	g2_del	eid du DEL : vivant au bloc du chunk · lie au monde apres le paquet : false	2	2	2	0	15
0797ce72	HI_1_13_0	ti20 i0 cas 2 du jeu	g2_del_nombre_de_records	10 records lus	44	44	44	0	335
0797ce72	HI_1_13_0	ti20 i0 cas 2 du jeu	g2_del_nombre_de_records	11 records lus	53	53	53	0	445
0797ce72	HI_1_13_0	ti20 i0 cas 2 du jeu	g2_del_nombre_de_records	12 records lus	18	18	18	0	155
0797ce72	HI_1_13_0	ti20 i0 cas 2 du jeu	g2_del_nombre_de_records	13 records lus	3	3	3	0	24
0797ce72	HI_1_13_0	ti20 i0 cas 2 du jeu	g2_del_nombre_de_records	14 records lus	1	1	1	0	11
0797ce72	HI_1_13_0	ti20 i0 cas 2 du jeu	g2_del_nombre_de_records	15 records lus	2	2	2	0	24
0797ce72	HI_1_13_0	ti20 i0 cas 2 du jeu	g2_del_nombre_de_records	16 records lus	1	1	1	0	12
0797ce72	HI_1_13_0	ti20 i0 cas 2 du jeu	g2_del_nombre_de_records	3 records lus	32	32	32	0	2
0797ce72	HI_1_13_0	ti20 i0 cas 2 du jeu	g2_del_nombre_de_records	4 records lus	3	3	3	0	3
0797ce72	HI_1_13_0	ti20 i0 cas 2 du jeu	g2_del_nombre_de_records	6 records lus	1	1	1	0	4
0797ce72	HI_1_13_0	ti20 i0 cas 2 du jeu	g2_del_nombre_de_records	7 records lus	13	13	13	0	64
0797ce72	HI_1_13_0	ti20 i0 cas 2 du jeu	g2_del_nombre_de_records	8 records lus	30	30	30	0	174
0797ce72	HI_1_13_0	ti20 i0 cas 2 du jeu	g2_del_nombre_de_records	9 records lus	41	41	41	0	268
0797ce72	HI_1_13_0	ti20 i0 cas 2 du jeu	g2_del_premier_non_del_avant	1 DEL · DELTA ti=16 i0(575)+i1(38)+i3(38)+i5(8) · masque IMPOSSIBLE sous l archetype lie · pont : masque vide	1	1	1	0	9
0797ce72	HI_1_13_0	ti20 i0 cas 2 du jeu	g2_del_premier_non_del_avant	1 DEL · DELTA ti=2 aucun composant · masque possible · pont ti=2 (= archetype lie)	2	2	2	0	15
0797ce72	HI_1_13_0	ti20 i0 cas 2 du jeu	g2_del_premier_non_del_avant	1 DEL · DELTA ti=21 i16(20) · masque possible · pont : masque vide	30	30	30	0	0
0797ce72	HI_1_13_0	ti20 i0 cas 2 du jeu	g2_del_premier_non_del_avant	1 DEL · DELTA ti=25 aucun composant · masque IMPOSSIBLE sous l archetype lie · pont : masque vide	1	1	1	0	6
0797ce72	HI_1_13_0	ti20 i0 cas 2 du jeu	g2_del_premier_non_del_avant	1 DEL · DELTA ti=35 i0(43)+i1(31)+i21(25)+i25(10)+i57(10)+i59(5) · masque possible · pont : masque vide	1	1	1	0	6
0797ce72	HI_1_13_0	ti20 i0 cas 2 du jeu	g2_del_premier_non_del_avant	1 DEL · DELTA ti=35 i0(43)+i1(31)+i21(25)+i25(10)+i57(10)+i59(5) · masque possible · pont ti=35 (= archetype lie)	1	1	1	0	1
0797ce72	HI_1_13_0	ti20 i0 cas 2 du jeu	g2_del_premier_non_del_avant	1 DEL · DELTA ti=35 i1(97)+i2(28)+i6(151)+i11(79)+i23(91)+i24(123)+i29(11)+i34(11)+i36(14)+i40(11)+i43(178)+i45(241)+i52(68)+i53(89)+i56(17)+i60(211)+i62(26) · masque possible · pont : masque vide	1	1	1	0	6
0797ce72	HI_1_13_0	ti20 i0 cas 2 du jeu	g2_del_premier_non_del_avant	1 DEL · DELTA ti=35 i1(97)+i2(28)+i6(151)+i11(79)+i23(91)+i24(78)+i29(11)+i34(11)+i36(14)+i40(11)+i43(263)+i45(11)+i53(95)+i54(2)+i56(3)+i60(1)+i62(26) · masque possible · pont : masque vide	1	1	1	0	7
0797ce72	HI_1_13_0	ti20 i0 cas 2 du jeu	g2_del_premier_non_del_avant	1 DEL · DELTA ti=37 i0(41)+i4(11)+i13(40)+i14(113)+i15(109)+i17(109)+i18(1)+i22(5)+i27(8) · masque IMPOSSIBLE sous l archetype lie · pont : masque vide	1	1	1	0	8
0797ce72	HI_1_13_0	ti20 i0 cas 2 du jeu	g2_del_premier_non_del_avant	1 DEL · DELTA ti=37 i28(20)+i29(2) · masque possible · pont : masque vide	2	2	2	0	16
0797ce72	HI_1_13_0	ti20 i0 cas 2 du jeu	g2_del_premier_non_del_avant	1 DEL · DELTA ti=38 i11(1)+i15(74)+i17(117)+i18(84)+i19(25) · masque IMPOSSIBLE sous l archetype lie · pont ti=38 (= archetype lie)	1	1	1	0	7
0797ce72	HI_1_13_0	ti20 i0 cas 2 du jeu	g2_del_premier_non_del_avant	1 DEL · DELTA ti=40 i0(43)+i1(31)+i2(18)+i3(97)+i25(13) · masque possible · pont ti=40 (= archetype lie)	1	1	1	0	7
0797ce72	HI_1_13_0	ti20 i0 cas 2 du jeu	g2_del_premier_non_del_avant	1 DEL · DELTA ti=40 i0(43)+i1(31)+i2(194)+i3(2)+i25(10) · masque possible · pont ti=40 (= archetype lie)	2	2	2	0	14
0797ce72	HI_1_13_0	ti20 i0 cas 2 du jeu	g2_del_premier_non_del_avant	1 DEL · DELTA ti=40 i0(43)+i1(31)+i2(194)+i3(29)+i25(6) · masque possible · pont ti=40 (= archetype lie)	2	2	2	0	18
0797ce72	HI_1_13_0	ti20 i0 cas 2 du jeu	g2_del_premier_non_del_avant	1 DEL · DELTA ti=40 i0(43)+i1(31)+i2(194)+i3(97)+i25(10) · masque possible · pont ti=40 (= archetype lie)	1	1	1	0	8
0797ce72	HI_1_13_0	ti20 i0 cas 2 du jeu	g2_del_premier_non_del_avant	1 DEL · DELTA ti=40 i0(43)+i1(31)+i2(194)+i3(97)+i25(2) · masque possible · pont ti=40 (= archetype lie)	1	1	1	0	6
0797ce72	HI_1_13_0	ti20 i0 cas 2 du jeu	g2_del_premier_non_del_avant	1 DEL · DELTA ti=40 i0(43)+i1(31)+i2(29)+i3(29)+i25(15) · masque possible · pont ti=40 (= archetype lie)	1	1	1	0	7
0797ce72	HI_1_13_0	ti20 i0 cas 2 du jeu	g2_del_premier_non_del_avant	1 DEL · DELTA ti=40 i0(43)+i1(31)+i2(29)+i3(97)+i25(10) · masque possible · pont ti=40 (= archetype lie)	1	1	1	0	5
0797ce72	HI_1_13_0	ti20 i0 cas 2 du jeu	g2_del_premier_non_del_avant	1 DEL · DELTA ti=40 i0(43)+i1(31)+i2(31)+i3(2)+i25(15) · masque possible · pont ti=40 (= archetype lie)	2	2	2	0	12
0797ce72	HI_1_13_0	ti20 i0 cas 2 du jeu	g2_del_premier_non_del_avant	1 DEL · DELTA ti=40 i0(43)+i1(31)+i2(31)+i3(97)+i25(2) · masque possible · pont ti=40 (= archetype lie)	1	1	1	0	9
0797ce72	HI_1_13_0	ti20 i0 cas 2 du jeu	g2_del_premier_non_del_avant	1 DEL · DELTA ti=40 i0(43)+i1(31)+i2(31)+i3(97)+i25(7) · masque possible · pont ti=40 (= archetype lie)	1	1	1	0	9
0797ce72	HI_1_13_0	ti20 i0 cas 2 du jeu	g2_del_premier_non_del_avant	1 DEL · DELTA ti=40 i0(43)+i1(31)+i2(33)+i3(97)+i25(10) · masque possible · pont ti=40 (= archetype lie)	1	1	1	0	8
0797ce72	HI_1_13_0	ti20 i0 cas 2 du jeu	g2_del_premier_non_del_avant	1 DEL · DELTA ti=40 i0(43)+i1(31)+i2(33)+i3(97)+i25(2) · masque possible · pont ti=40 (= archetype lie)	1	1	1	0	6
0797ce72	HI_1_13_0	ti20 i0 cas 2 du jeu	g2_del_premier_non_del_avant	1 DEL · DELTA ti=40 i0(43)+i1(31)+i2(34)+i25(2) · masque possible · pont ti=40 (= archetype lie)	1	1	1	0	7
0797ce72	HI_1_13_0	ti20 i0 cas 2 du jeu	g2_del_premier_non_del_avant	1 DEL · DELTA ti=40 i0(43)+i1(31)+i2(34)+i3(2)+i25(2) · masque possible · pont ti=40 (= archetype lie)	1	1	1	0	7
0797ce72	HI_1_13_0	ti20 i0 cas 2 du jeu	g2_del_premier_non_del_avant	1 DEL · DELTA ti=40 i0(43)+i1(31)+i2(34)+i3(97)+i25(2) · masque possible · pont ti=40 (= archetype lie)	1	1	1	0	10
0797ce72	HI_1_13_0	ti20 i0 cas 2 du jeu	g2_del_premier_non_del_avant	1 DEL · DELTA ti=40 i0(43)+i1(31)+i2(5)+i25(2) · masque possible · pont ti=40 (= archetype lie)	1	1	1	0	7
0797ce72	HI_1_13_0	ti20 i0 cas 2 du jeu	g2_del_premier_non_del_avant	1 DEL · DELTA ti=40 i0(43)+i1(31)+i2(5)+i3(29)+i25(22) · masque possible · pont ti=40 (= archetype lie)	2	2	2	0	14
0797ce72	HI_1_13_0	ti20 i0 cas 2 du jeu	g2_del_premier_non_del_avant	1 DEL · DELTA ti=40 i0(43)+i1(31)+i2(63)+i25(2) · masque possible · pont ti=40 (= archetype lie)	18	18	18	0	152
0797ce72	HI_1_13_0	ti20 i0 cas 2 du jeu	g2_del_premier_non_del_avant	1 DEL · DELTA ti=40 i0(43)+i1(31)+i2(63)+i3(2)+i25(16) · masque possible · pont ti=40 (= archetype lie)	1	1	1	0	8
0797ce72	HI_1_13_0	ti20 i0 cas 2 du jeu	g2_del_premier_non_del_avant	1 DEL · DELTA ti=40 i0(43)+i1(31)+i2(63)+i3(2)+i25(2) · masque possible · pont ti=40 (= archetype lie)	11	11	11	0	95
0797ce72	HI_1_13_0	ti20 i0 cas 2 du jeu	g2_del_premier_non_del_avant	1 DEL · DELTA ti=40 i0(43)+i1(31)+i2(63)+i3(97)+i25(10) · masque possible · pont ti=40 (= archetype lie)	1	1	1	0	8
0797ce72	HI_1_13_0	ti20 i0 cas 2 du jeu	g2_del_premier_non_del_avant	1 DEL · DELTA ti=40 i0(43)+i1(31)+i2(64)+i3(29)+i25(2) · masque possible · pont ti=40 (= archetype lie)	3	3	3	0	18
0797ce72	HI_1_13_0	ti20 i0 cas 2 du jeu	g2_del_premier_non_del_avant	1 DEL · DELTA ti=40 i0(43)+i1(31)+i2(64)+i3(97)+i25(10) · masque possible · pont ti=40 (= archetype lie)	2	2	2	0	14
0797ce72	HI_1_13_0	ti20 i0 cas 2 du jeu	g2_del_premier_non_del_avant	1 DEL · DELTA ti=40 i0(43)+i1(31)+i2(9)+i3(2)+i25(2) · masque possible · pont ti=40 (= archetype lie)	1	1	1	0	9
0797ce72	HI_1_13_0	ti20 i0 cas 2 du jeu	g2_del_premier_non_del_avant	1 DEL · DELTA ti=40 i0(43)+i1(31)+i2(9)+i3(97)+i25(2) · masque possible · pont ti=40 (= archetype lie)	1	1	1	0	10
0797ce72	HI_1_13_0	ti20 i0 cas 2 du jeu	g2_del_premier_non_del_avant	1 DEL · DELTA ti=40 i0(43)+i1(31)+i25(22) · masque possible · pont ti=40 (= archetype lie)	2	2	2	0	12
0797ce72	HI_1_13_0	ti20 i0 cas 2 du jeu	g2_del_premier_non_del_avant	1 DEL · DELTA ti=40 i0(43)+i1(31)+i3(97)+i25(16) · masque possible · pont ti=40 (= archetype lie)	4	4	4	0	26
0797ce72	HI_1_13_0	ti20 i0 cas 2 du jeu	g2_del_premier_non_del_avant	1 DEL · DELTA ti=40 i0(43)+i1(31)+i3(97)+i25(2) · masque possible · pont ti=40 (= archetype lie)	8	8	8	0	43
0797ce72	HI_1_13_0	ti20 i0 cas 2 du jeu	g2_del_premier_non_del_avant	1 DEL · DELTA ti=40 i0(43)+i1(31)+i3(97)+i25(23) · masque possible · pont ti=40 (= archetype lie)	1	1	1	0	9
0797ce72	HI_1_13_0	ti20 i0 cas 2 du jeu	g2_del_premier_non_del_avant	1 DEL · DELTA ti=40 i0(43)+i1(31)+i3(97)+i25(24) · masque possible · pont ti=40 (= archetype lie)	1	1	1	0	8
0797ce72	HI_1_13_0	ti20 i0 cas 2 du jeu	g2_del_premier_non_del_avant	1 DEL · DELTA ti=40 i0(43)+i1(97)+i2(12)+i3(29)+i25(2) · masque possible · pont ti=40 (= archetype lie)	1	1	1	0	7
0797ce72	HI_1_13_0	ti20 i0 cas 2 du jeu	g2_del_premier_non_del_avant	1 DEL · DELTA ti=40 i0(43)+i1(97)+i2(18)+i3(2)+i25(10) · masque possible · pont ti=40 (= archetype lie)	1	1	1	0	8
0797ce72	HI_1_13_0	ti20 i0 cas 2 du jeu	g2_del_premier_non_del_avant	1 DEL · DELTA ti=40 i0(43)+i1(97)+i2(18)+i3(97)+i25(10) · masque possible · pont ti=40 (= archetype lie)	1	1	1	0	9
0797ce72	HI_1_13_0	ti20 i0 cas 2 du jeu	g2_del_premier_non_del_avant	1 DEL · DELTA ti=40 i0(43)+i1(97)+i2(194)+i3(29)+i25(16) · masque possible · pont ti=40 (= archetype lie)	1	1	1	0	9
0797ce72	HI_1_13_0	ti20 i0 cas 2 du jeu	g2_del_premier_non_del_avant	1 DEL · DELTA ti=40 i0(43)+i1(97)+i2(194)+i3(97)+i25(2) · masque possible · pont ti=40 (= archetype lie)	1	1	1	0	5
0797ce72	HI_1_13_0	ti20 i0 cas 2 du jeu	g2_del_premier_non_del_avant	1 DEL · DELTA ti=40 i0(43)+i1(97)+i2(25)+i25(10) · masque possible · pont ti=40 (= archetype lie)	1	1	1	0	8
0797ce72	HI_1_13_0	ti20 i0 cas 2 du jeu	g2_del_premier_non_del_avant	1 DEL · DELTA ti=40 i0(43)+i1(97)+i2(31)+i25(16) · masque possible · pont ti=40 (= archetype lie)	1	1	1	0	6
0797ce72	HI_1_13_0	ti20 i0 cas 2 du jeu	g2_del_premier_non_del_avant	1 DEL · DELTA ti=40 i0(43)+i1(97)+i2(31)+i25(2) · masque possible · pont ti=40 (= archetype lie)	1	1	1	0	7
0797ce72	HI_1_13_0	ti20 i0 cas 2 du jeu	g2_del_premier_non_del_avant	1 DEL · DELTA ti=40 i0(43)+i1(97)+i2(31)+i25(22) · masque possible · pont ti=40 (= archetype lie)	1	1	1	0	7
0797ce72	HI_1_13_0	ti20 i0 cas 2 du jeu	g2_del_premier_non_del_avant	1 DEL · DELTA ti=40 i0(43)+i1(97)+i2(31)+i25(6) · masque possible · pont ti=40 (= archetype lie)	1	1	1	0	9
0797ce72	HI_1_13_0	ti20 i0 cas 2 du jeu	g2_del_premier_non_del_avant	1 DEL · DELTA ti=40 i0(43)+i1(97)+i2(31)+i3(2)+i12(1)+i25(7) · masque possible · pont ti=40 (= archetype lie)	1	1	1	0	7
0797ce72	HI_1_13_0	ti20 i0 cas 2 du jeu	g2_del_premier_non_del_avant	1 DEL · DELTA ti=40 i0(43)+i1(97)+i2(31)+i3(29)+i25(10) · masque possible · pont ti=40 (= archetype lie)	2	2	2	0	15
0797ce72	HI_1_13_0	ti20 i0 cas 2 du jeu	g2_del_premier_non_del_avant	1 DEL · DELTA ti=40 i0(43)+i1(97)+i2(31)+i3(29)+i25(24) · masque possible · pont ti=40 (= archetype lie)	1	1	1	0	7
0797ce72	HI_1_13_0	ti20 i0 cas 2 du jeu	g2_del_premier_non_del_avant	1 DEL · DELTA ti=40 i0(43)+i1(97)+i2(31)+i3(97)+i25(2) · masque possible · pont ti=40 (= archetype lie)	2	2	2	0	15
0797ce72	HI_1_13_0	ti20 i0 cas 2 du jeu	g2_del_premier_non_del_avant	1 DEL · DELTA ti=40 i0(43)+i1(97)+i2(33)+i25(2) · masque possible · pont ti=40 (= archetype lie)	1	1	1	0	8
0797ce72	HI_1_13_0	ti20 i0 cas 2 du jeu	g2_del_premier_non_del_avant	1 DEL · DELTA ti=40 i0(43)+i1(97)+i2(33)+i3(2)+i25(2) · masque possible · pont ti=40 (= archetype lie)	8	8	8	0	65
0797ce72	HI_1_13_0	ti20 i0 cas 2 du jeu	g2_del_premier_non_del_avant	1 DEL · DELTA ti=40 i0(43)+i1(97)+i2(34)+i3(97)+i25(2) · masque possible · pont ti=40 (= archetype lie)	1	1	1	0	8
0797ce72	HI_1_13_0	ti20 i0 cas 2 du jeu	g2_del_premier_non_del_avant	1 DEL · DELTA ti=40 i0(43)+i1(97)+i2(63)+i3(29)+i25(10) · masque possible · pont ti=40 (= archetype lie)	1	1	1	0	6
0797ce72	HI_1_13_0	ti20 i0 cas 2 du jeu	g2_del_premier_non_del_avant	1 DEL · DELTA ti=40 i0(43)+i1(97)+i2(63)+i3(29)+i25(2) · masque possible · pont ti=40 (= archetype lie)	1	1	1	0	8
0797ce72	HI_1_13_0	ti20 i0 cas 2 du jeu	g2_del_premier_non_del_avant	1 DEL · DELTA ti=40 i0(43)+i1(97)+i2(63)+i3(29)+i25(24) · masque possible · pont ti=40 (= archetype lie)	1	1	1	0	4
0797ce72	HI_1_13_0	ti20 i0 cas 2 du jeu	g2_del_premier_non_del_avant	1 DEL · DELTA ti=40 i0(43)+i1(97)+i2(64)+i12(49)+i25(6) · masque possible · pont ti=40 (= archetype lie)	1	1	1	0	9
0797ce72	HI_1_13_0	ti20 i0 cas 2 du jeu	g2_del_premier_non_del_avant	1 DEL · DELTA ti=40 i0(43)+i1(97)+i2(64)+i3(2)+i25(22) · masque possible · pont ti=40 (= archetype lie)	1	1	1	0	12
0797ce72	HI_1_13_0	ti20 i0 cas 2 du jeu	g2_del_premier_non_del_avant	1 DEL · DELTA ti=40 i0(43)+i1(97)+i2(64)+i3(29)+i25(2) · masque possible · pont ti=40 (= archetype lie)	1	1	1	0	9
0797ce72	HI_1_13_0	ti20 i0 cas 2 du jeu	g2_del_premier_non_del_avant	1 DEL · DELTA ti=40 i0(43)+i1(97)+i2(9)+i3(97)+i25(2) · masque possible · pont ti=40 (= archetype lie)	1	1	1	0	7
0797ce72	HI_1_13_0	ti20 i0 cas 2 du jeu	g2_del_premier_non_del_avant	1 DEL · DELTA ti=40 i0(43)+i1(97)+i25(10) · masque possible · pont ti=40 (= archetype lie)	53	53	53	0	366
0797ce72	HI_1_13_0	ti20 i0 cas 2 du jeu	g2_del_premier_non_del_avant	1 DEL · DELTA ti=40 i0(43)+i1(97)+i25(16) · masque possible · pont ti=40 (= archetype lie)	1	1	1	0	6
0797ce72	HI_1_13_0	ti20 i0 cas 2 du jeu	g2_del_premier_non_del_avant	1 DEL · DELTA ti=40 i0(43)+i1(97)+i25(21) · masque possible · pont ti=40 (= archetype lie)	1	1	1	0	9
0797ce72	HI_1_13_0	ti20 i0 cas 2 du jeu	g2_del_premier_non_del_avant	1 DEL · DELTA ti=40 i0(43)+i1(97)+i25(22) · masque possible · pont ti=40 (= archetype lie)	1	1	1	0	6
0797ce72	HI_1_13_0	ti20 i0 cas 2 du jeu	g2_del_premier_non_del_avant	1 DEL · DELTA ti=40 i0(43)+i1(97)+i3(29)+i25(10) · masque possible · pont ti=40 (= archetype lie)	2	2	2	0	18
0797ce72	HI_1_13_0	ti20 i0 cas 2 du jeu	g2_del_premier_non_del_avant	1 DEL · DELTA ti=40 i0(43)+i1(97)+i3(29)+i25(16) · masque possible · pont ti=40 (= archetype lie)	1	1	1	0	9
0797ce72	HI_1_13_0	ti20 i0 cas 2 du jeu	g2_del_premier_non_del_avant	1 DEL · DELTA ti=40 i0(43)+i1(97)+i3(29)+i25(24) · masque possible · pont ti=40 (= archetype lie)	1	1	1	0	8
0797ce72	HI_1_13_0	ti20 i0 cas 2 du jeu	g2_del_premier_non_del_avant	1 DEL · DELTA ti=42 i11(1)+i19(1) · masque IMPOSSIBLE sous l archetype lie · pont : masque vide	1	1	1	0	6
0797ce72	HI_1_13_0	ti20 i0 cas 2 du jeu	g2_del_premier_non_del_avant	1 DEL · NEW ti=12 i0(32)	1	1	1	0	1
0797ce72	HI_1_13_0	ti20 i0 cas 2 du jeu	g2_del_premier_non_del_avant	1 DEL · NEW ti=13 aucun composant	1	1	1	0	6
0797ce72	HI_1_13_0	ti20 i0 cas 2 du jeu	g2_del_premier_non_del_avant	1 DEL · NEW ti=16 aucun composant	3	3	3	0	24
0797ce72	HI_1_13_0	ti20 i0 cas 2 du jeu	g2_del_premier_non_del_avant	1 DEL · NEW ti=16 i2(38)+i3(38)	1	1	1	0	7
0797ce72	HI_1_13_0	ti20 i0 cas 2 du jeu	g2_del_premier_non_del_avant	1 DEL · NEW ti=3 aucun composant	1	1	1	0	7
0797ce72	HI_1_13_0	ti20 i0 cas 2 du jeu	g2_del_premier_non_del_avant	1 DEL · NEW ti=32 aucun composant	1	1	1	0	8
0797ce72	HI_1_13_0	ti20 i0 cas 2 du jeu	g2_del_premier_non_del_avant	1 DEL · NEW ti=35 aucun composant	1	1	1	0	8
0797ce72	HI_1_13_0	ti20 i0 cas 2 du jeu	g2_del_premier_non_del_avant	1 DEL · NEW ti=39 aucun composant	1	1	1	0	7
0797ce72	HI_1_13_0	ti20 i0 cas 2 du jeu	g2_del_premier_non_del_avant	1 DEL · NEW ti=5 i3(2)+i4(10)+i5(5)+i9(3)+i11(64)+i14(7)+i15(6)+i19(1)+i21(32)+i23(32)+i25(16)+i26(1)	1	1	1	0	5
0797ce72	HI_1_13_0	ti20 i0 cas 2 du jeu	g2_del_premier_non_del_avant	2 DEL · DELTA ti=35 i0(43)+i1(31)+i5(29)+i21(25)+i25(10)+i57(10)+i59(5) · masque possible · pont ti=35 (= archetype lie)	2	2	2	0	2
0797ce72	HI_1_13_0	ti20 i0 cas 2 du jeu	g2_del_premier_non_del_avant	2 DEL · DELTA ti=40 i0(43)+i1(31)+i2(194)+i3(29)+i25(2) · masque possible · pont ti=40 (= archetype lie)	1	1	1	0	7
0797ce72	HI_1_13_0	ti20 i0 cas 2 du jeu	g2_del_premier_non_del_avant	2 DEL · DELTA ti=40 i0(43)+i1(97)+i2(12)+i3(2)+i25(8) · masque possible · pont ti=40 (= archetype lie)	1	1	1	0	5
0797ce72	HI_1_13_0	ti20 i0 cas 2 du jeu	g2_del_premier_non_del_avant	2 DEL · DELTA ti=40 i0(43)+i1(97)+i2(12)+i3(29)+i25(2) · masque possible · pont ti=40 (= archetype lie)	1	1	1	0	8
0797ce72	HI_1_13_0	ti20 i0 cas 2 du jeu	g2_del_premier_non_del_avant	2 DEL · DELTA ti=40 i0(43)+i1(97)+i2(194)+i3(2)+i25(2) · masque possible · pont ti=40 (= archetype lie)	1	1	1	0	9
0797ce72	HI_1_13_0	ti20 i0 cas 2 du jeu	g2_del_premier_non_del_avant	2 DEL · DELTA ti=40 i0(43)+i1(97)+i2(194)+i3(97)+i25(2) · masque possible · pont ti=40 (= archetype lie)	1	1	1	0	5
0797ce72	HI_1_13_0	ti20 i0 cas 2 du jeu	g2_del_premier_non_del_avant	2 DEL · DELTA ti=40 i0(43)+i1(97)+i25(10) · masque possible · pont ti=40 (= archetype lie)	6	6	6	0	41
0797ce72	HI_1_13_0	ti20 i0 cas 2 du jeu	g2_del_premier_non_del_avant	2 DEL · DELTA ti=40 i0(43)+i1(97)+i25(16) · masque possible · pont ti=40 (= archetype lie)	1	1	1	0	6
0797ce72	HI_1_13_0	ti20 i0 cas 2 du jeu	g2_del_premier_non_del_avant	2 DEL · DELTA ti=41 i0(41)+i1(1)+i2(28) · masque possible · pont : masque vide	2	2	2	0	12
0797ce72	HI_1_13_0	ti20 i0 cas 2 du jeu	g2_del_premier_non_del_avant	2 DEL · DELTA ti=41 i0(41)+i1(30)+i2(28) · masque possible · pont : masque vide	1	1	1	0	7
0797ce72	HI_1_13_0	ti20 i0 cas 2 du jeu	g2_del_premier_non_del_avant	2 DEL · NEW ti=41 i0(41)+i2(28)+i14(113)+i15(420)+i20(1)	1	1	1	0	1
0797ce72	HI_1_13_0	ti20 i0 cas 2 du jeu	g2_del_premier_non_del_avant	3 DEL · DELTA ti=40 i0(43)+i1(97)+i3(97)+i25(2) · masque possible · pont ti=40 (= archetype lie)	1	1	1	0	8
0797ce72	HI_1_13_0	ti20 i0 cas 2 du jeu	g2_del_premier_non_del_avant	3 DEL · DELTA ti=41 i0(41)+i1(30)+i2(28) · masque possible · pont : masque vide	1	1	1	0	7
0797ce72	HI_1_13_0	ti20 i0 cas 2 du jeu	g4_ti41	masque 0x7 · i0(41)+i1(1)+i2(28)	112	112	112	0	752
0797ce72	HI_1_13_0	ti20 i0 cas 2 du jeu	g4_ti41	masque 0x7 · i0(41)+i1(30)+i2(28)	14	14	14	0	90
0797ce72	HI_1_13_0	ti20 i0 cas 2 du jeu	g4_ti41	masque 0x7 · i0(41)+i1(30)+i2(9)	32	32	32	0	215
0797ce72	HI_1_13_0	ti20 i0 cas 2 du jeu	g4_ti41_pont	masque possible · pont : masque vide	158	158	158	0	1057
0797ce72	HI_1_13_0	ti20 i0 cas 2 du jeu	genre	DEL ti=0	242	242	242	0	1521
0797ce72	HI_1_13_0	ti20 i0 cas 2 du jeu	genre	DELTA ti=41	158	158	158	0	1057
0797ce72	HI_1_13_0	ti20 i0 cas 2 du jeu	liaison_du_masque_impossible	NEW (eid complet) · slot non declare par la 1re image-cle du chunk · bloc : gen 1 (eid gen 0), vivante false	1	1	0	0	0
0797ce72	HI_1_13_0	ti20 i0 cas 2 du jeu	liaison_du_masque_impossible	NEW (eid complet), generation differente · slot non declare par la 1re image-cle du chunk · bloc : gen 0 (eid gen 3), vivante false	1	1	0	0	0
0797ce72	HI_1_13_0	ti20 i0 cas 2 du jeu	liaison_du_masque_impossible	image-cle ou joker · 1re image-cle du chunk : ti=38 · bloc : gen 1 (eid gen 3), vivante true	1	1	0	0	0
0797ce72	HI_1_13_0	ti20 i0 cas 2 du jeu	liaison_du_masque_impossible	table de datums ou anticipation · slot non declare par la 1re image-cle du chunk · bloc : gen 0 (eid gen 1), vivante false	2	2	0	0	0
084a804d	HI_1_10_0	desaveu NEW a masque impossible	g2_del	eid du DEL : aucune allocation · lie au monde apres le paquet : false	18	18	18	0	35
084a804d	HI_1_10_0	desaveu NEW a masque impossible	g2_del	eid du DEL : libere avant le chunk · lie au monde apres le paquet : false	1	1	1	0	0
084a804d	HI_1_10_0	desaveu NEW a masque impossible	g2_del_nombre_de_records	2 records lus	13	13	13	0	5
084a804d	HI_1_10_0	desaveu NEW a masque impossible	g2_del_nombre_de_records	25 records lus	1	1	1	0	21
084a804d	HI_1_10_0	desaveu NEW a masque impossible	g2_del_nombre_de_records	3 records lus	2	2	2	0	0
084a804d	HI_1_10_0	desaveu NEW a masque impossible	g2_del_nombre_de_records	4 records lus	1	1	1	0	1
084a804d	HI_1_10_0	desaveu NEW a masque impossible	g2_del_nombre_de_records	6 records lus	1	1	1	0	4
084a804d	HI_1_10_0	desaveu NEW a masque impossible	g2_del_nombre_de_records	7 records lus	1	1	1	0	4
084a804d	HI_1_10_0	desaveu NEW a masque impossible	g2_del_premier_non_del_avant	1 DEL · DELTA ti=22 i0(65) · masque IMPOSSIBLE sous l archetype lie · pont : masque vide	1	1	1	0	1
084a804d	HI_1_10_0	desaveu NEW a masque impossible	g2_del_premier_non_del_avant	1 DEL · DELTA ti=35 i0(54)+i1(31)+i21(25)+i25(10)+i28(35)+i57(77)+i59(5) · masque possible · pont ti=35 (= archetype lie)	1	1	1	0	4
084a804d	HI_1_10_0	desaveu NEW a masque impossible	g2_del_premier_non_del_avant	1 DEL · DELTA ti=35 i4(11)+i5(29)+i25(10)+i28(35)+i57(77)+i59(5) · masque possible · pont ti=35 (= archetype lie)	1	1	1	0	4
084a804d	HI_1_10_0	desaveu NEW a masque impossible	g2_del_premier_non_del_avant	1 DEL · DELTA ti=37 i28(20)+i29(2) · masque possible · pont : masque vide	1	1	1	0	21
084a804d	HI_1_10_0	desaveu NEW a masque impossible	g2_del_premier_non_del_avant	1 DEL · DELTA ti=4 i0(8) · masque possible · pont : ambigu	3	3	3	0	0
084a804d	HI_1_10_0	desaveu NEW a masque impossible	g2_del_premier_non_del_avant	1 DEL · NEW ti=15 aucun composant	1	1	1	0	0
084a804d	HI_1_10_0	desaveu NEW a masque impossible	g2_del_premier_non_del_avant	1 DEL · NEW ti=41 aucun composant	2	2	2	0	0
084a804d	HI_1_10_0	desaveu NEW a masque impossible	g2_del_premier_non_del_avant	1 DEL · NEW ti=41 i0(51)+i1(30)+i2(28)+i3(28)+i4(11)+i5(29)+i14(113)+i16(5)+i17(64)+i20(1)+i21(1)	1	1	1	0	1
084a804d	HI_1_10_0	desaveu NEW a masque impossible	g2_del_premier_non_del_avant	1 DEL · NEW ti=41 i0(51)+i1(30)+i4(11)+i5(29)+i6(136)+i15(692)+i16(5)+i17(149)+i21(1)	1	1	1	0	1
084a804d	HI_1_10_0	desaveu NEW a masque impossible	g2_del_premier_non_del_avant	1 DEL · NEW ti=41 i0(51)+i1(30)+i4(11)+i5(55)+i6(94)+i10(115)+i11(1)+i12(17)+i15(385)+i16(5)+i17(58)+i18(21)+i19(1)	1	1	1	0	1
084a804d	HI_1_10_0	desaveu NEW a masque impossible	g2_del_premier_non_del_avant	1 DEL · NEW ti=41 i0(60)+i1(30)+i2(28)+i3(28)+i5(29)+i14(113)+i16(5)+i17(52)+i20(1)+i21(1)	1	1	1	0	1
084a804d	HI_1_10_0	desaveu NEW a masque impossible	g2_del_premier_non_del_avant	1 DEL · NEW ti=41 i0(60)+i5(29)+i7(7)+i16(5)+i18(2)+i19(1)	1	1	1	0	1
084a804d	HI_1_10_0	desaveu NEW a masque impossible	g2_del_premier_non_del_avant	1 DEL · NEW ti=41 i1(30)+i3(28)+i5(29)+i7(297)	1	1	1	0	0
084a804d	HI_1_10_0	desaveu NEW a masque impossible	g2_del_premier_non_del_avant	1 DEL · NEW ti=41 i12(17)+i17(46)	1	1	1	0	0
084a804d	HI_1_10_0	desaveu NEW a masque impossible	g2_del_premier_non_del_avant	1 DEL · NEW ti=41 i15(375)+i16(5)+i17(28)+i19(1)+i20(1)	1	1	1	0	0
084a804d	HI_1_10_0	desaveu NEW a masque impossible	g2_del_premier_non_del_avant	2 DEL · DELTA ti=4 i0(8) · masque possible · pont : ambigu	1	1	1	0	0
084a804d	HI_1_10_0	desaveu NEW a masque impossible	genre	DEL ti=0	19	19	19	0	35
084a804d	HI_1_10_0	desaveu NEW a masque impossible	liaison_du_masque_impossible	image-cle ou joker · 1re image-cle du chunk : ti=22 · bloc : gen 1 (eid gen 0), vivante true	1	1	0	0	0
084a804d	HI_1_10_0	desaveu des deux	g2_del	eid du DEL : aucune allocation · lie au monde apres le paquet : false	18	18	18	0	35
084a804d	HI_1_10_0	desaveu des deux	g2_del	eid du DEL : libere avant le chunk · lie au monde apres le paquet : false	1	1	1	0	0
084a804d	HI_1_10_0	desaveu des deux	g2_del_nombre_de_records	2 records lus	13	13	13	0	5
084a804d	HI_1_10_0	desaveu des deux	g2_del_nombre_de_records	25 records lus	1	1	1	0	21
084a804d	HI_1_10_0	desaveu des deux	g2_del_nombre_de_records	3 records lus	2	2	2	0	0
084a804d	HI_1_10_0	desaveu des deux	g2_del_nombre_de_records	4 records lus	1	1	1	0	1
084a804d	HI_1_10_0	desaveu des deux	g2_del_nombre_de_records	6 records lus	1	1	1	0	4
084a804d	HI_1_10_0	desaveu des deux	g2_del_nombre_de_records	7 records lus	1	1	1	0	4
084a804d	HI_1_10_0	desaveu des deux	g2_del_premier_non_del_avant	1 DEL · DELTA ti=22 i0(65) · masque IMPOSSIBLE sous l archetype lie · pont : masque vide	1	1	1	0	1
084a804d	HI_1_10_0	desaveu des deux	g2_del_premier_non_del_avant	1 DEL · DELTA ti=35 i0(54)+i1(31)+i21(25)+i25(10)+i28(35)+i57(77)+i59(5) · masque possible · pont ti=35 (= archetype lie)	1	1	1	0	4
084a804d	HI_1_10_0	desaveu des deux	g2_del_premier_non_del_avant	1 DEL · DELTA ti=35 i4(11)+i5(29)+i25(10)+i28(35)+i57(77)+i59(5) · masque possible · pont ti=35 (= archetype lie)	1	1	1	0	4
084a804d	HI_1_10_0	desaveu des deux	g2_del_premier_non_del_avant	1 DEL · DELTA ti=37 i28(20)+i29(2) · masque possible · pont : masque vide	1	1	1	0	21
084a804d	HI_1_10_0	desaveu des deux	g2_del_premier_non_del_avant	1 DEL · DELTA ti=4 i0(8) · masque possible · pont : ambigu	3	3	3	0	0
084a804d	HI_1_10_0	desaveu des deux	g2_del_premier_non_del_avant	1 DEL · NEW ti=15 aucun composant	1	1	1	0	0
084a804d	HI_1_10_0	desaveu des deux	g2_del_premier_non_del_avant	1 DEL · NEW ti=41 aucun composant	2	2	2	0	0
084a804d	HI_1_10_0	desaveu des deux	g2_del_premier_non_del_avant	1 DEL · NEW ti=41 i0(51)+i1(30)+i2(28)+i3(28)+i4(11)+i5(29)+i14(113)+i16(5)+i17(64)+i20(1)+i21(1)	1	1	1	0	1
084a804d	HI_1_10_0	desaveu des deux	g2_del_premier_non_del_avant	1 DEL · NEW ti=41 i0(51)+i1(30)+i4(11)+i5(29)+i6(136)+i15(692)+i16(5)+i17(149)+i21(1)	1	1	1	0	1
084a804d	HI_1_10_0	desaveu des deux	g2_del_premier_non_del_avant	1 DEL · NEW ti=41 i0(51)+i1(30)+i4(11)+i5(55)+i6(94)+i10(115)+i11(1)+i12(17)+i15(385)+i16(5)+i17(58)+i18(21)+i19(1)	1	1	1	0	1
084a804d	HI_1_10_0	desaveu des deux	g2_del_premier_non_del_avant	1 DEL · NEW ti=41 i0(60)+i1(30)+i2(28)+i3(28)+i5(29)+i14(113)+i16(5)+i17(52)+i20(1)+i21(1)	1	1	1	0	1
084a804d	HI_1_10_0	desaveu des deux	g2_del_premier_non_del_avant	1 DEL · NEW ti=41 i0(60)+i5(29)+i7(7)+i16(5)+i18(2)+i19(1)	1	1	1	0	1
084a804d	HI_1_10_0	desaveu des deux	g2_del_premier_non_del_avant	1 DEL · NEW ti=41 i1(30)+i3(28)+i5(29)+i7(297)	1	1	1	0	0
084a804d	HI_1_10_0	desaveu des deux	g2_del_premier_non_del_avant	1 DEL · NEW ti=41 i12(17)+i17(46)	1	1	1	0	0
084a804d	HI_1_10_0	desaveu des deux	g2_del_premier_non_del_avant	1 DEL · NEW ti=41 i15(375)+i16(5)+i17(28)+i19(1)+i20(1)	1	1	1	0	0
084a804d	HI_1_10_0	desaveu des deux	g2_del_premier_non_del_avant	2 DEL · DELTA ti=4 i0(8) · masque possible · pont : ambigu	1	1	1	0	0
084a804d	HI_1_10_0	desaveu des deux	genre	DEL ti=0	19	19	19	0	35
084a804d	HI_1_10_0	desaveu des deux	liaison_du_masque_impossible	image-cle ou joker · 1re image-cle du chunk : ti=22 · bloc : gen 1 (eid gen 0), vivante true	1	1	0	0	0
084a804d	HI_1_10_0	desaveu image-cle hors bloc	g2_del	eid du DEL : aucune allocation · lie au monde apres le paquet : false	18	18	18	0	35
084a804d	HI_1_10_0	desaveu image-cle hors bloc	g2_del	eid du DEL : libere avant le chunk · lie au monde apres le paquet : false	1	1	1	0	0
084a804d	HI_1_10_0	desaveu image-cle hors bloc	g2_del_nombre_de_records	2 records lus	13	13	13	0	5
084a804d	HI_1_10_0	desaveu image-cle hors bloc	g2_del_nombre_de_records	25 records lus	1	1	1	0	21
084a804d	HI_1_10_0	desaveu image-cle hors bloc	g2_del_nombre_de_records	3 records lus	2	2	2	0	0
084a804d	HI_1_10_0	desaveu image-cle hors bloc	g2_del_nombre_de_records	4 records lus	1	1	1	0	1
084a804d	HI_1_10_0	desaveu image-cle hors bloc	g2_del_nombre_de_records	6 records lus	1	1	1	0	4
084a804d	HI_1_10_0	desaveu image-cle hors bloc	g2_del_nombre_de_records	7 records lus	1	1	1	0	4
084a804d	HI_1_10_0	desaveu image-cle hors bloc	g2_del_premier_non_del_avant	1 DEL · DELTA ti=22 i0(65) · masque IMPOSSIBLE sous l archetype lie · pont : masque vide	1	1	1	0	1
084a804d	HI_1_10_0	desaveu image-cle hors bloc	g2_del_premier_non_del_avant	1 DEL · DELTA ti=35 i0(54)+i1(31)+i21(25)+i25(10)+i28(35)+i57(77)+i59(5) · masque possible · pont ti=35 (= archetype lie)	1	1	1	0	4
084a804d	HI_1_10_0	desaveu image-cle hors bloc	g2_del_premier_non_del_avant	1 DEL · DELTA ti=35 i4(11)+i5(29)+i25(10)+i28(35)+i57(77)+i59(5) · masque possible · pont ti=35 (= archetype lie)	1	1	1	0	4
084a804d	HI_1_10_0	desaveu image-cle hors bloc	g2_del_premier_non_del_avant	1 DEL · DELTA ti=37 i28(20)+i29(2) · masque possible · pont : masque vide	1	1	1	0	21
084a804d	HI_1_10_0	desaveu image-cle hors bloc	g2_del_premier_non_del_avant	1 DEL · DELTA ti=4 i0(8) · masque possible · pont : ambigu	3	3	3	0	0
084a804d	HI_1_10_0	desaveu image-cle hors bloc	g2_del_premier_non_del_avant	1 DEL · NEW ti=15 aucun composant	1	1	1	0	0
084a804d	HI_1_10_0	desaveu image-cle hors bloc	g2_del_premier_non_del_avant	1 DEL · NEW ti=41 aucun composant	2	2	2	0	0
084a804d	HI_1_10_0	desaveu image-cle hors bloc	g2_del_premier_non_del_avant	1 DEL · NEW ti=41 i0(51)+i1(30)+i2(28)+i3(28)+i4(11)+i5(29)+i14(113)+i16(5)+i17(64)+i20(1)+i21(1)	1	1	1	0	1
084a804d	HI_1_10_0	desaveu image-cle hors bloc	g2_del_premier_non_del_avant	1 DEL · NEW ti=41 i0(51)+i1(30)+i4(11)+i5(29)+i6(136)+i15(692)+i16(5)+i17(149)+i21(1)	1	1	1	0	1
084a804d	HI_1_10_0	desaveu image-cle hors bloc	g2_del_premier_non_del_avant	1 DEL · NEW ti=41 i0(51)+i1(30)+i4(11)+i5(55)+i6(94)+i10(115)+i11(1)+i12(17)+i15(385)+i16(5)+i17(58)+i18(21)+i19(1)	1	1	1	0	1
084a804d	HI_1_10_0	desaveu image-cle hors bloc	g2_del_premier_non_del_avant	1 DEL · NEW ti=41 i0(60)+i1(30)+i2(28)+i3(28)+i5(29)+i14(113)+i16(5)+i17(52)+i20(1)+i21(1)	1	1	1	0	1
084a804d	HI_1_10_0	desaveu image-cle hors bloc	g2_del_premier_non_del_avant	1 DEL · NEW ti=41 i0(60)+i5(29)+i7(7)+i16(5)+i18(2)+i19(1)	1	1	1	0	1
084a804d	HI_1_10_0	desaveu image-cle hors bloc	g2_del_premier_non_del_avant	1 DEL · NEW ti=41 i1(30)+i3(28)+i5(29)+i7(297)	1	1	1	0	0
084a804d	HI_1_10_0	desaveu image-cle hors bloc	g2_del_premier_non_del_avant	1 DEL · NEW ti=41 i12(17)+i17(46)	1	1	1	0	0
084a804d	HI_1_10_0	desaveu image-cle hors bloc	g2_del_premier_non_del_avant	1 DEL · NEW ti=41 i15(375)+i16(5)+i17(28)+i19(1)+i20(1)	1	1	1	0	0
084a804d	HI_1_10_0	desaveu image-cle hors bloc	g2_del_premier_non_del_avant	2 DEL · DELTA ti=4 i0(8) · masque possible · pont : ambigu	1	1	1	0	0
084a804d	HI_1_10_0	desaveu image-cle hors bloc	genre	DEL ti=0	19	19	19	0	35
084a804d	HI_1_10_0	desaveu image-cle hors bloc	liaison_du_masque_impossible	image-cle ou joker · 1re image-cle du chunk : ti=22 · bloc : gen 1 (eid gen 0), vivante true	1	1	0	0	0
084a804d	HI_1_10_0	oracle archetype force ti=35	g2_del	eid du DEL : aucune allocation · lie au monde apres le paquet : false	17	17	17	0	34
084a804d	HI_1_10_0	oracle archetype force ti=35	g2_del	eid du DEL : libere avant le chunk · lie au monde apres le paquet : false	1	1	1	0	0
084a804d	HI_1_10_0	oracle archetype force ti=35	g2_del_nombre_de_records	2 records lus	13	13	13	0	5
084a804d	HI_1_10_0	oracle archetype force ti=35	g2_del_nombre_de_records	25 records lus	1	1	1	0	21
084a804d	HI_1_10_0	oracle archetype force ti=35	g2_del_nombre_de_records	3 records lus	2	2	2	0	0
084a804d	HI_1_10_0	oracle archetype force ti=35	g2_del_nombre_de_records	6 records lus	1	1	1	0	4
084a804d	HI_1_10_0	oracle archetype force ti=35	g2_del_nombre_de_records	7 records lus	1	1	1	0	4
084a804d	HI_1_10_0	oracle archetype force ti=35	g2_del_premier_non_del_avant	1 DEL · DELTA ti=35 i0(54)+i1(31)+i21(25)+i25(10)+i28(35)+i57(77)+i59(5) · masque possible · pont ti=35 (= archetype lie)	1	1	1	0	4
084a804d	HI_1_10_0	oracle archetype force ti=35	g2_del_premier_non_del_avant	1 DEL · DELTA ti=35 i4(11)+i5(29)+i25(10)+i28(35)+i57(77)+i59(5) · masque possible · pont ti=35 (= archetype lie)	1	1	1	0	4
084a804d	HI_1_10_0	oracle archetype force ti=35	g2_del_premier_non_del_avant	1 DEL · DELTA ti=37 i28(20)+i29(2) · masque possible · pont : masque vide	1	1	1	0	21
084a804d	HI_1_10_0	oracle archetype force ti=35	g2_del_premier_non_del_avant	1 DEL · DELTA ti=4 i0(8) · masque possible · pont : ambigu	3	3	3	0	0
084a804d	HI_1_10_0	oracle archetype force ti=35	g2_del_premier_non_del_avant	1 DEL · NEW ti=15 aucun composant	1	1	1	0	0
084a804d	HI_1_10_0	oracle archetype force ti=35	g2_del_premier_non_del_avant	1 DEL · NEW ti=41 aucun composant	2	2	2	0	0
084a804d	HI_1_10_0	oracle archetype force ti=35	g2_del_premier_non_del_avant	1 DEL · NEW ti=41 i0(51)+i1(30)+i2(28)+i3(28)+i4(11)+i5(29)+i14(113)+i16(5)+i17(64)+i20(1)+i21(1)	1	1	1	0	1
084a804d	HI_1_10_0	oracle archetype force ti=35	g2_del_premier_non_del_avant	1 DEL · NEW ti=41 i0(51)+i1(30)+i4(11)+i5(29)+i6(136)+i15(692)+i16(5)+i17(149)+i21(1)	1	1	1	0	1
084a804d	HI_1_10_0	oracle archetype force ti=35	g2_del_premier_non_del_avant	1 DEL · NEW ti=41 i0(51)+i1(30)+i4(11)+i5(55)+i6(94)+i10(115)+i11(1)+i12(17)+i15(385)+i16(5)+i17(58)+i18(21)+i19(1)	1	1	1	0	1
084a804d	HI_1_10_0	oracle archetype force ti=35	g2_del_premier_non_del_avant	1 DEL · NEW ti=41 i0(60)+i1(30)+i2(28)+i3(28)+i5(29)+i14(113)+i16(5)+i17(52)+i20(1)+i21(1)	1	1	1	0	1
084a804d	HI_1_10_0	oracle archetype force ti=35	g2_del_premier_non_del_avant	1 DEL · NEW ti=41 i0(60)+i5(29)+i7(7)+i16(5)+i18(2)+i19(1)	1	1	1	0	1
084a804d	HI_1_10_0	oracle archetype force ti=35	g2_del_premier_non_del_avant	1 DEL · NEW ti=41 i1(30)+i3(28)+i5(29)+i7(297)	1	1	1	0	0
084a804d	HI_1_10_0	oracle archetype force ti=35	g2_del_premier_non_del_avant	1 DEL · NEW ti=41 i12(17)+i17(46)	1	1	1	0	0
084a804d	HI_1_10_0	oracle archetype force ti=35	g2_del_premier_non_del_avant	1 DEL · NEW ti=41 i15(375)+i16(5)+i17(28)+i19(1)+i20(1)	1	1	1	0	0
084a804d	HI_1_10_0	oracle archetype force ti=35	g2_del_premier_non_del_avant	2 DEL · DELTA ti=4 i0(8) · masque possible · pont : ambigu	1	1	1	0	0
084a804d	HI_1_10_0	oracle archetype force ti=35	genre	DEL ti=0	18	18	18	0	34
084a804d	HI_1_10_0	oracle archetype force ti=40	g2_del	eid du DEL : aucune allocation · lie au monde apres le paquet : false	17	17	17	0	34
084a804d	HI_1_10_0	oracle archetype force ti=40	g2_del	eid du DEL : libere avant le chunk · lie au monde apres le paquet : false	1	1	1	0	0
084a804d	HI_1_10_0	oracle archetype force ti=40	g2_del_nombre_de_records	2 records lus	13	13	13	0	5
084a804d	HI_1_10_0	oracle archetype force ti=40	g2_del_nombre_de_records	25 records lus	1	1	1	0	21
084a804d	HI_1_10_0	oracle archetype force ti=40	g2_del_nombre_de_records	3 records lus	2	2	2	0	0
084a804d	HI_1_10_0	oracle archetype force ti=40	g2_del_nombre_de_records	6 records lus	1	1	1	0	4
084a804d	HI_1_10_0	oracle archetype force ti=40	g2_del_nombre_de_records	7 records lus	1	1	1	0	4
084a804d	HI_1_10_0	oracle archetype force ti=40	g2_del_premier_non_del_avant	1 DEL · DELTA ti=35 i0(54)+i1(31)+i21(25)+i25(10)+i28(35)+i57(77)+i59(5) · masque possible · pont ti=35 (= archetype lie)	1	1	1	0	4
084a804d	HI_1_10_0	oracle archetype force ti=40	g2_del_premier_non_del_avant	1 DEL · DELTA ti=35 i4(11)+i5(29)+i25(10)+i28(35)+i57(77)+i59(5) · masque possible · pont ti=35 (= archetype lie)	1	1	1	0	4
084a804d	HI_1_10_0	oracle archetype force ti=40	g2_del_premier_non_del_avant	1 DEL · DELTA ti=37 i28(20)+i29(2) · masque possible · pont : masque vide	1	1	1	0	21
084a804d	HI_1_10_0	oracle archetype force ti=40	g2_del_premier_non_del_avant	1 DEL · DELTA ti=4 i0(8) · masque possible · pont : ambigu	3	3	3	0	0
084a804d	HI_1_10_0	oracle archetype force ti=40	g2_del_premier_non_del_avant	1 DEL · NEW ti=15 aucun composant	1	1	1	0	0
084a804d	HI_1_10_0	oracle archetype force ti=40	g2_del_premier_non_del_avant	1 DEL · NEW ti=41 aucun composant	2	2	2	0	0
084a804d	HI_1_10_0	oracle archetype force ti=40	g2_del_premier_non_del_avant	1 DEL · NEW ti=41 i0(51)+i1(30)+i2(28)+i3(28)+i4(11)+i5(29)+i14(113)+i16(5)+i17(64)+i20(1)+i21(1)	1	1	1	0	1
084a804d	HI_1_10_0	oracle archetype force ti=40	g2_del_premier_non_del_avant	1 DEL · NEW ti=41 i0(51)+i1(30)+i4(11)+i5(29)+i6(136)+i15(692)+i16(5)+i17(149)+i21(1)	1	1	1	0	1
084a804d	HI_1_10_0	oracle archetype force ti=40	g2_del_premier_non_del_avant	1 DEL · NEW ti=41 i0(51)+i1(30)+i4(11)+i5(55)+i6(94)+i10(115)+i11(1)+i12(17)+i15(385)+i16(5)+i17(58)+i18(21)+i19(1)	1	1	1	0	1
084a804d	HI_1_10_0	oracle archetype force ti=40	g2_del_premier_non_del_avant	1 DEL · NEW ti=41 i0(60)+i1(30)+i2(28)+i3(28)+i5(29)+i14(113)+i16(5)+i17(52)+i20(1)+i21(1)	1	1	1	0	1
084a804d	HI_1_10_0	oracle archetype force ti=40	g2_del_premier_non_del_avant	1 DEL · NEW ti=41 i0(60)+i5(29)+i7(7)+i16(5)+i18(2)+i19(1)	1	1	1	0	1
084a804d	HI_1_10_0	oracle archetype force ti=40	g2_del_premier_non_del_avant	1 DEL · NEW ti=41 i1(30)+i3(28)+i5(29)+i7(297)	1	1	1	0	0
084a804d	HI_1_10_0	oracle archetype force ti=40	g2_del_premier_non_del_avant	1 DEL · NEW ti=41 i12(17)+i17(46)	1	1	1	0	0
084a804d	HI_1_10_0	oracle archetype force ti=40	g2_del_premier_non_del_avant	1 DEL · NEW ti=41 i15(375)+i16(5)+i17(28)+i19(1)+i20(1)	1	1	1	0	0
084a804d	HI_1_10_0	oracle archetype force ti=40	g2_del_premier_non_del_avant	2 DEL · DELTA ti=4 i0(8) · masque possible · pont : ambigu	1	1	1	0	0
084a804d	HI_1_10_0	oracle archetype force ti=40	genre	DEL ti=0	18	18	18	0	34
084a804d	HI_1_10_0	oracle du pont (masque impossible)	g2_del	eid du DEL : aucune allocation · lie au monde apres le paquet : false	18	18	18	0	35
084a804d	HI_1_10_0	oracle du pont (masque impossible)	g2_del	eid du DEL : libere avant le chunk · lie au monde apres le paquet : false	1	1	1	0	0
084a804d	HI_1_10_0	oracle du pont (masque impossible)	g2_del_nombre_de_records	2 records lus	13	13	13	0	5
084a804d	HI_1_10_0	oracle du pont (masque impossible)	g2_del_nombre_de_records	25 records lus	1	1	1	0	21
084a804d	HI_1_10_0	oracle du pont (masque impossible)	g2_del_nombre_de_records	3 records lus	2	2	2	0	0
084a804d	HI_1_10_0	oracle du pont (masque impossible)	g2_del_nombre_de_records	4 records lus	1	1	1	0	1
084a804d	HI_1_10_0	oracle du pont (masque impossible)	g2_del_nombre_de_records	6 records lus	1	1	1	0	4
084a804d	HI_1_10_0	oracle du pont (masque impossible)	g2_del_nombre_de_records	7 records lus	1	1	1	0	4
084a804d	HI_1_10_0	oracle du pont (masque impossible)	g2_del_premier_non_del_avant	1 DEL · DELTA ti=22 i0(65) · masque IMPOSSIBLE sous l archetype lie · pont : masque vide	1	1	1	0	1
084a804d	HI_1_10_0	oracle du pont (masque impossible)	g2_del_premier_non_del_avant	1 DEL · DELTA ti=35 i0(54)+i1(31)+i21(25)+i25(10)+i28(35)+i57(77)+i59(5) · masque possible · pont ti=35 (= archetype lie)	1	1	1	0	4
084a804d	HI_1_10_0	oracle du pont (masque impossible)	g2_del_premier_non_del_avant	1 DEL · DELTA ti=35 i4(11)+i5(29)+i25(10)+i28(35)+i57(77)+i59(5) · masque possible · pont ti=35 (= archetype lie)	1	1	1	0	4
084a804d	HI_1_10_0	oracle du pont (masque impossible)	g2_del_premier_non_del_avant	1 DEL · DELTA ti=37 i28(20)+i29(2) · masque possible · pont : masque vide	1	1	1	0	21
084a804d	HI_1_10_0	oracle du pont (masque impossible)	g2_del_premier_non_del_avant	1 DEL · DELTA ti=4 i0(8) · masque possible · pont : ambigu	3	3	3	0	0
084a804d	HI_1_10_0	oracle du pont (masque impossible)	g2_del_premier_non_del_avant	1 DEL · NEW ti=15 aucun composant	1	1	1	0	0
084a804d	HI_1_10_0	oracle du pont (masque impossible)	g2_del_premier_non_del_avant	1 DEL · NEW ti=41 aucun composant	2	2	2	0	0
084a804d	HI_1_10_0	oracle du pont (masque impossible)	g2_del_premier_non_del_avant	1 DEL · NEW ti=41 i0(51)+i1(30)+i2(28)+i3(28)+i4(11)+i5(29)+i14(113)+i16(5)+i17(64)+i20(1)+i21(1)	1	1	1	0	1
084a804d	HI_1_10_0	oracle du pont (masque impossible)	g2_del_premier_non_del_avant	1 DEL · NEW ti=41 i0(51)+i1(30)+i4(11)+i5(29)+i6(136)+i15(692)+i16(5)+i17(149)+i21(1)	1	1	1	0	1
084a804d	HI_1_10_0	oracle du pont (masque impossible)	g2_del_premier_non_del_avant	1 DEL · NEW ti=41 i0(51)+i1(30)+i4(11)+i5(55)+i6(94)+i10(115)+i11(1)+i12(17)+i15(385)+i16(5)+i17(58)+i18(21)+i19(1)	1	1	1	0	1
084a804d	HI_1_10_0	oracle du pont (masque impossible)	g2_del_premier_non_del_avant	1 DEL · NEW ti=41 i0(60)+i1(30)+i2(28)+i3(28)+i5(29)+i14(113)+i16(5)+i17(52)+i20(1)+i21(1)	1	1	1	0	1
084a804d	HI_1_10_0	oracle du pont (masque impossible)	g2_del_premier_non_del_avant	1 DEL · NEW ti=41 i0(60)+i5(29)+i7(7)+i16(5)+i18(2)+i19(1)	1	1	1	0	1
084a804d	HI_1_10_0	oracle du pont (masque impossible)	g2_del_premier_non_del_avant	1 DEL · NEW ti=41 i1(30)+i3(28)+i5(29)+i7(297)	1	1	1	0	0
084a804d	HI_1_10_0	oracle du pont (masque impossible)	g2_del_premier_non_del_avant	1 DEL · NEW ti=41 i12(17)+i17(46)	1	1	1	0	0
084a804d	HI_1_10_0	oracle du pont (masque impossible)	g2_del_premier_non_del_avant	1 DEL · NEW ti=41 i15(375)+i16(5)+i17(28)+i19(1)+i20(1)	1	1	1	0	0
084a804d	HI_1_10_0	oracle du pont (masque impossible)	g2_del_premier_non_del_avant	2 DEL · DELTA ti=4 i0(8) · masque possible · pont : ambigu	1	1	1	0	0
084a804d	HI_1_10_0	oracle du pont (masque impossible)	genre	DEL ti=0	19	19	19	0	35
084a804d	HI_1_10_0	oracle du pont (masque impossible)	liaison_du_masque_impossible	image-cle ou joker · 1re image-cle du chunk : ti=22 · bloc : gen 1 (eid gen 0), vivante true	1	1	0	0	0
084a804d	HI_1_10_0	reference	g2_del	eid du DEL : aucune allocation · lie au monde apres le paquet : false	18	18	18	0	35
084a804d	HI_1_10_0	reference	g2_del	eid du DEL : libere avant le chunk · lie au monde apres le paquet : false	1	1	1	0	0
084a804d	HI_1_10_0	reference	g2_del_nombre_de_records	2 records lus	13	13	13	0	5
084a804d	HI_1_10_0	reference	g2_del_nombre_de_records	25 records lus	1	1	1	0	21
084a804d	HI_1_10_0	reference	g2_del_nombre_de_records	3 records lus	2	2	2	0	0
084a804d	HI_1_10_0	reference	g2_del_nombre_de_records	4 records lus	1	1	1	0	1
084a804d	HI_1_10_0	reference	g2_del_nombre_de_records	6 records lus	1	1	1	0	4
084a804d	HI_1_10_0	reference	g2_del_nombre_de_records	7 records lus	1	1	1	0	4
084a804d	HI_1_10_0	reference	g2_del_premier_non_del_avant	1 DEL · DELTA ti=22 i0(65) · masque IMPOSSIBLE sous l archetype lie · pont : masque vide	1	1	1	0	1
084a804d	HI_1_10_0	reference	g2_del_premier_non_del_avant	1 DEL · DELTA ti=35 i0(54)+i1(31)+i21(25)+i25(10)+i28(35)+i57(77)+i59(5) · masque possible · pont ti=35 (= archetype lie)	1	1	1	0	4
084a804d	HI_1_10_0	reference	g2_del_premier_non_del_avant	1 DEL · DELTA ti=35 i4(11)+i5(29)+i25(10)+i28(35)+i57(77)+i59(5) · masque possible · pont ti=35 (= archetype lie)	1	1	1	0	4
084a804d	HI_1_10_0	reference	g2_del_premier_non_del_avant	1 DEL · DELTA ti=37 i28(20)+i29(2) · masque possible · pont : masque vide	1	1	1	0	21
084a804d	HI_1_10_0	reference	g2_del_premier_non_del_avant	1 DEL · DELTA ti=4 i0(8) · masque possible · pont : ambigu	3	3	3	0	0
084a804d	HI_1_10_0	reference	g2_del_premier_non_del_avant	1 DEL · NEW ti=15 aucun composant	1	1	1	0	0
084a804d	HI_1_10_0	reference	g2_del_premier_non_del_avant	1 DEL · NEW ti=41 aucun composant	2	2	2	0	0
084a804d	HI_1_10_0	reference	g2_del_premier_non_del_avant	1 DEL · NEW ti=41 i0(51)+i1(30)+i2(28)+i3(28)+i4(11)+i5(29)+i14(113)+i16(5)+i17(64)+i20(1)+i21(1)	1	1	1	0	1
084a804d	HI_1_10_0	reference	g2_del_premier_non_del_avant	1 DEL · NEW ti=41 i0(51)+i1(30)+i4(11)+i5(29)+i6(136)+i15(692)+i16(5)+i17(149)+i21(1)	1	1	1	0	1
084a804d	HI_1_10_0	reference	g2_del_premier_non_del_avant	1 DEL · NEW ti=41 i0(51)+i1(30)+i4(11)+i5(55)+i6(94)+i10(115)+i11(1)+i12(17)+i15(385)+i16(5)+i17(58)+i18(21)+i19(1)	1	1	1	0	1
084a804d	HI_1_10_0	reference	g2_del_premier_non_del_avant	1 DEL · NEW ti=41 i0(60)+i1(30)+i2(28)+i3(28)+i5(29)+i14(113)+i16(5)+i17(52)+i20(1)+i21(1)	1	1	1	0	1
084a804d	HI_1_10_0	reference	g2_del_premier_non_del_avant	1 DEL · NEW ti=41 i0(60)+i5(29)+i7(7)+i16(5)+i18(2)+i19(1)	1	1	1	0	1
084a804d	HI_1_10_0	reference	g2_del_premier_non_del_avant	1 DEL · NEW ti=41 i1(30)+i3(28)+i5(29)+i7(297)	1	1	1	0	0
084a804d	HI_1_10_0	reference	g2_del_premier_non_del_avant	1 DEL · NEW ti=41 i12(17)+i17(46)	1	1	1	0	0
084a804d	HI_1_10_0	reference	g2_del_premier_non_del_avant	1 DEL · NEW ti=41 i15(375)+i16(5)+i17(28)+i19(1)+i20(1)	1	1	1	0	0
084a804d	HI_1_10_0	reference	g2_del_premier_non_del_avant	2 DEL · DELTA ti=4 i0(8) · masque possible · pont : ambigu	1	1	1	0	0
084a804d	HI_1_10_0	reference	genre	DEL ti=0	19	19	19	0	35
084a804d	HI_1_10_0	reference	liaison_du_masque_impossible	image-cle ou joker · 1re image-cle du chunk : ti=22 · bloc : gen 1 (eid gen 0), vivante true	1	1	0	0	0
084a804d	HI_1_10_0	ti20 i0 cas 2 du jeu	g2_del	eid du DEL : aucune allocation · lie au monde apres le paquet : false	18	18	18	0	35
084a804d	HI_1_10_0	ti20 i0 cas 2 du jeu	g2_del	eid du DEL : libere avant le chunk · lie au monde apres le paquet : false	1	1	1	0	0
084a804d	HI_1_10_0	ti20 i0 cas 2 du jeu	g2_del_nombre_de_records	2 records lus	13	13	13	0	5
084a804d	HI_1_10_0	ti20 i0 cas 2 du jeu	g2_del_nombre_de_records	25 records lus	1	1	1	0	21
084a804d	HI_1_10_0	ti20 i0 cas 2 du jeu	g2_del_nombre_de_records	3 records lus	2	2	2	0	0
084a804d	HI_1_10_0	ti20 i0 cas 2 du jeu	g2_del_nombre_de_records	4 records lus	1	1	1	0	1
084a804d	HI_1_10_0	ti20 i0 cas 2 du jeu	g2_del_nombre_de_records	6 records lus	1	1	1	0	4
084a804d	HI_1_10_0	ti20 i0 cas 2 du jeu	g2_del_nombre_de_records	7 records lus	1	1	1	0	4
084a804d	HI_1_10_0	ti20 i0 cas 2 du jeu	g2_del_premier_non_del_avant	1 DEL · DELTA ti=22 i0(65) · masque IMPOSSIBLE sous l archetype lie · pont : masque vide	1	1	1	0	1
084a804d	HI_1_10_0	ti20 i0 cas 2 du jeu	g2_del_premier_non_del_avant	1 DEL · DELTA ti=35 i0(54)+i1(31)+i21(25)+i25(10)+i28(35)+i57(77)+i59(5) · masque possible · pont ti=35 (= archetype lie)	1	1	1	0	4
084a804d	HI_1_10_0	ti20 i0 cas 2 du jeu	g2_del_premier_non_del_avant	1 DEL · DELTA ti=35 i4(11)+i5(29)+i25(10)+i28(35)+i57(77)+i59(5) · masque possible · pont ti=35 (= archetype lie)	1	1	1	0	4
084a804d	HI_1_10_0	ti20 i0 cas 2 du jeu	g2_del_premier_non_del_avant	1 DEL · DELTA ti=37 i28(20)+i29(2) · masque possible · pont : masque vide	1	1	1	0	21
084a804d	HI_1_10_0	ti20 i0 cas 2 du jeu	g2_del_premier_non_del_avant	1 DEL · DELTA ti=4 i0(8) · masque possible · pont : ambigu	3	3	3	0	0
084a804d	HI_1_10_0	ti20 i0 cas 2 du jeu	g2_del_premier_non_del_avant	1 DEL · NEW ti=15 aucun composant	1	1	1	0	0
084a804d	HI_1_10_0	ti20 i0 cas 2 du jeu	g2_del_premier_non_del_avant	1 DEL · NEW ti=41 aucun composant	2	2	2	0	0
084a804d	HI_1_10_0	ti20 i0 cas 2 du jeu	g2_del_premier_non_del_avant	1 DEL · NEW ti=41 i0(51)+i1(30)+i2(28)+i3(28)+i4(11)+i5(29)+i14(113)+i16(5)+i17(64)+i20(1)+i21(1)	1	1	1	0	1
084a804d	HI_1_10_0	ti20 i0 cas 2 du jeu	g2_del_premier_non_del_avant	1 DEL · NEW ti=41 i0(51)+i1(30)+i4(11)+i5(29)+i6(136)+i15(692)+i16(5)+i17(149)+i21(1)	1	1	1	0	1
084a804d	HI_1_10_0	ti20 i0 cas 2 du jeu	g2_del_premier_non_del_avant	1 DEL · NEW ti=41 i0(51)+i1(30)+i4(11)+i5(55)+i6(94)+i10(115)+i11(1)+i12(17)+i15(385)+i16(5)+i17(58)+i18(21)+i19(1)	1	1	1	0	1
084a804d	HI_1_10_0	ti20 i0 cas 2 du jeu	g2_del_premier_non_del_avant	1 DEL · NEW ti=41 i0(60)+i1(30)+i2(28)+i3(28)+i5(29)+i14(113)+i16(5)+i17(52)+i20(1)+i21(1)	1	1	1	0	1
084a804d	HI_1_10_0	ti20 i0 cas 2 du jeu	g2_del_premier_non_del_avant	1 DEL · NEW ti=41 i0(60)+i5(29)+i7(7)+i16(5)+i18(2)+i19(1)	1	1	1	0	1
084a804d	HI_1_10_0	ti20 i0 cas 2 du jeu	g2_del_premier_non_del_avant	1 DEL · NEW ti=41 i1(30)+i3(28)+i5(29)+i7(297)	1	1	1	0	0
084a804d	HI_1_10_0	ti20 i0 cas 2 du jeu	g2_del_premier_non_del_avant	1 DEL · NEW ti=41 i12(17)+i17(46)	1	1	1	0	0
084a804d	HI_1_10_0	ti20 i0 cas 2 du jeu	g2_del_premier_non_del_avant	1 DEL · NEW ti=41 i15(375)+i16(5)+i17(28)+i19(1)+i20(1)	1	1	1	0	0
084a804d	HI_1_10_0	ti20 i0 cas 2 du jeu	g2_del_premier_non_del_avant	2 DEL · DELTA ti=4 i0(8) · masque possible · pont : ambigu	1	1	1	0	0
084a804d	HI_1_10_0	ti20 i0 cas 2 du jeu	genre	DEL ti=0	19	19	19	0	35
084a804d	HI_1_10_0	ti20 i0 cas 2 du jeu	liaison_du_masque_impossible	image-cle ou joker · 1re image-cle du chunk : ti=22 · bloc : gen 1 (eid gen 0), vivante true	1	1	0	0	0
111fa685	HI_1_10_0	desaveu NEW a masque impossible	g1_g3_slot	ti=14 slot 1369 gen 2 · archetypes declares au film [14]	1	1	1	0	0
111fa685	HI_1_10_0	desaveu NEW a masque impossible	g1_g3_slot	ti=20 slot 554 gen 1 · archetypes declares au film [20 35]	319	319	319	0	3785
111fa685	HI_1_10_0	desaveu NEW a masque impossible	g1_ti20	masque 0x102000003 · i0 cas 0 · i0(2)+i1(16)	11	11	11	0	85
111fa685	HI_1_10_0	desaveu NEW a masque impossible	g1_ti20	masque 0x102200003 · i0 cas 0 · i0(2)+i1(16)	29	29	29	0	222
111fa685	HI_1_10_0	desaveu NEW a masque impossible	g1_ti20	masque 0x142200003 · i0 cas 0 · i0(2)+i1(16)	1	1	1	0	8
111fa685	HI_1_10_0	desaveu NEW a masque impossible	g1_ti20	masque 0x2000003 · i0 cas 0 · i0(2)+i1(16)	159	159	159	0	2036
111fa685	HI_1_10_0	desaveu NEW a masque impossible	g1_ti20	masque 0x2200003 · i0 cas 0 · i0(2)+i1(16)	112	112	112	0	1342
111fa685	HI_1_10_0	desaveu NEW a masque impossible	g1_ti20	masque 0x40002000003 · i0 cas 0 · i0(2)+i1(16)	1	1	1	0	17
111fa685	HI_1_10_0	desaveu NEW a masque impossible	g1_ti20	masque 0xa00000012000003 · i0 cas 0 · i0(2)+i1(16)	5	5	5	0	59
111fa685	HI_1_10_0	desaveu NEW a masque impossible	g1_ti20	masque 0xa00000012200003 · i0 cas 0 · i0(2)+i1(16)	1	1	1	0	16
111fa685	HI_1_10_0	desaveu NEW a masque impossible	g1_ti20_pont	masque IMPOSSIBLE sous l archetype lie · pont : ambigu	181	181	181	0	1554
111fa685	HI_1_10_0	desaveu NEW a masque impossible	g1_ti20_pont	masque IMPOSSIBLE sous l archetype lie · pont : masque vide	138	138	138	0	2231
111fa685	HI_1_10_0	desaveu NEW a masque impossible	g2_del	eid du DEL : aucune allocation · lie au monde apres le paquet : false	85	85	85	0	925
111fa685	HI_1_10_0	desaveu NEW a masque impossible	g2_del	eid du DEL : realloue sous une autre generation · lie au monde apres le paquet : false	1	1	1	0	0
111fa685	HI_1_10_0	desaveu NEW a masque impossible	g2_del	eid du DEL : vivant au bloc du chunk · lie au monde apres le paquet : false	1	1	1	0	0
111fa685	HI_1_10_0	desaveu NEW a masque impossible	g2_del_nombre_de_records	10 records lus	6	6	6	0	42
111fa685	HI_1_10_0	desaveu NEW a masque impossible	g2_del_nombre_de_records	11 records lus	13	13	13	0	104
111fa685	HI_1_10_0	desaveu NEW a masque impossible	g2_del_nombre_de_records	12 records lus	8	8	8	0	67
111fa685	HI_1_10_0	desaveu NEW a masque impossible	g2_del_nombre_de_records	13 records lus	5	5	5	0	48
111fa685	HI_1_10_0	desaveu NEW a masque impossible	g2_del_nombre_de_records	14 records lus	2	2	2	0	21
111fa685	HI_1_10_0	desaveu NEW a masque impossible	g2_del_nombre_de_records	15 records lus	1	1	1	0	12
111fa685	HI_1_10_0	desaveu NEW a masque impossible	g2_del_nombre_de_records	16 records lus	8	8	8	0	98
111fa685	HI_1_10_0	desaveu NEW a masque impossible	g2_del_nombre_de_records	17 records lus	3	3	3	0	40
111fa685	HI_1_10_0	desaveu NEW a masque impossible	g2_del_nombre_de_records	18 records lus	3	3	3	0	45
111fa685	HI_1_10_0	desaveu NEW a masque impossible	g2_del_nombre_de_records	19 records lus	9	9	9	0	144
111fa685	HI_1_10_0	desaveu NEW a masque impossible	g2_del_nombre_de_records	2 records lus	7	7	7	0	1
111fa685	HI_1_10_0	desaveu NEW a masque impossible	g2_del_nombre_de_records	20 records lus	15	15	15	0	252
111fa685	HI_1_10_0	desaveu NEW a masque impossible	g2_del_nombre_de_records	21 records lus	2	2	2	0	31
111fa685	HI_1_10_0	desaveu NEW a masque impossible	g2_del_nombre_de_records	22 records lus	1	1	1	0	17
111fa685	HI_1_10_0	desaveu NEW a masque impossible	g2_del_nombre_de_records	3 records lus	3	3	3	0	2
111fa685	HI_1_10_0	desaveu NEW a masque impossible	g2_del_nombre_de_records	5 records lus	1	1	1	0	1
111fa685	HI_1_10_0	desaveu NEW a masque impossible	g2_del_premier_non_del_avant	1 DEL · DELTA ti=20 i0(2)+i1(16) · masque IMPOSSIBLE sous l archetype lie · pont : ambigu	39	39	39	0	356
111fa685	HI_1_10_0	desaveu NEW a masque impossible	g2_del_premier_non_del_avant	1 DEL · DELTA ti=20 i0(2)+i1(16) · masque IMPOSSIBLE sous l archetype lie · pont : masque vide	31	31	31	0	494
111fa685	HI_1_10_0	desaveu NEW a masque impossible	g2_del_premier_non_del_avant	1 DEL · DELTA ti=37 i1(30)+i2(28)+i3(28)+i5(29)+i6(163)+i8(49)+i12(17)+i13(24)+i14(113)+i15(479)+i17(76)+i18(1)+i20(1)+i22(5)+i25(8)+i26(10)+i28(5)+i30(1) · masque IMPOSSIBLE sous l archetype lie · pont ti=37 (= archetype lie)	1	1	1	0	8
111fa685	HI_1_10_0	desaveu NEW a masque impossible	g2_del_premier_non_del_avant	1 DEL · DELTA ti=5 aucun composant · masque possible · pont ti=5 (= archetype lie)	1	1	1	0	0
111fa685	HI_1_10_0	desaveu NEW a masque impossible	g2_del_premier_non_del_avant	1 DEL · NEW ti=0 aucun composant	2	2	2	0	17
111fa685	HI_1_10_0	desaveu NEW a masque impossible	g2_del_premier_non_del_avant	1 DEL · NEW ti=16 aucun composant	1	1	1	0	17
111fa685	HI_1_10_0	desaveu NEW a masque impossible	g2_del_premier_non_del_avant	1 DEL · NEW ti=37 i11(1)+i21(13)+i24(14)	1	1	1	0	0
111fa685	HI_1_10_0	desaveu NEW a masque impossible	g2_del_premier_non_del_avant	1 DEL · NEW ti=37 i3(28)+i12(1)+i18(1)	1	1	1	0	0
111fa685	HI_1_10_0	desaveu NEW a masque impossible	g2_del_premier_non_del_avant	1 DEL · NEW ti=41 aucun composant	1	1	1	0	0
111fa685	HI_1_10_0	desaveu NEW a masque impossible	g2_del_premier_non_del_avant	1 DEL · NEW ti=41 i0(60)+i3(28)+i5(29)+i7(80)+i16(5)+i18(21)+i19(1)	1	1	1	0	1
111fa685	HI_1_10_0	desaveu NEW a masque impossible	g2_del_premier_non_del_avant	1 DEL · NEW ti=41 i2(9)+i3(28)+i5(29)+i14(113)+i16(5)+i17(64)+i20(9)+i21(1)	1	1	1	0	0
111fa685	HI_1_10_0	desaveu NEW a masque impossible	g2_del_premier_non_del_avant	1 DEL · NEW ti=41 i3(28)+i6(73)+i14(113)+i15(507)	1	1	1	0	0
111fa685	HI_1_10_0	desaveu NEW a masque impossible	g2_del_premier_non_del_avant	1 DEL · NEW ti=41 i8(61)+i20(1)	1	1	1	0	0
111fa685	HI_1_10_0	desaveu NEW a masque impossible	g2_del_premier_non_del_avant	1 DEL · NEW ti=47 i1(24)+i2(33)	1	1	1	0	7
111fa685	HI_1_10_0	desaveu NEW a masque impossible	g2_del_premier_non_del_avant	2 DEL · DELTA ti=47 aucun composant · masque IMPOSSIBLE sous l archetype lie · pont ti=47 (= archetype lie)	1	1	1	0	15
111fa685	HI_1_10_0	desaveu NEW a masque impossible	g2_del_premier_non_del_avant	2 DEL · DELTA ti=5 i9(3) · masque IMPOSSIBLE sous l archetype lie · pont ti=5 (= archetype lie)	1	1	1	0	8
111fa685	HI_1_10_0	desaveu NEW a masque impossible	g2_del_premier_non_del_avant	2 DEL · NEW ti=41 i0(51)+i1(30)+i4(11)+i5(55)+i6(91)+i12(1)+i14(113)+i15(230)+i18(2)+i20(9)+i21(1)	1	1	1	0	1
111fa685	HI_1_10_0	desaveu NEW a masque impossible	g2_del_premier_non_del_avant	2 DEL · NEW ti=41 i0(60)	1	1	1	0	1
111fa685	HI_1_10_0	desaveu NEW a masque impossible	g3_ti14	masque 0x80000 · aucun composant	1	1	1	0	0
111fa685	HI_1_10_0	desaveu NEW a masque impossible	g3_ti14_pont	masque IMPOSSIBLE sous l archetype lie · pont : masque vide	1	1	1	0	0
111fa685	HI_1_10_0	desaveu NEW a masque impossible	genre	DEL ti=0	87	87	87	0	925
111fa685	HI_1_10_0	desaveu NEW a masque impossible	genre	DELTA ti=14	1	1	1	0	0
111fa685	HI_1_10_0	desaveu NEW a masque impossible	genre	DELTA ti=20	319	319	319	0	3785
111fa685	HI_1_10_0	desaveu NEW a masque impossible	liaison_du_masque_impossible	image-cle ou joker · 1re image-cle du chunk : ti=14 · bloc : gen 1 (eid gen 2), vivante true	1	1	0	0	0
111fa685	HI_1_10_0	desaveu NEW a masque impossible	liaison_du_masque_impossible	image-cle ou joker · 1re image-cle du chunk : ti=20 · bloc : gen 1 (eid gen 1), vivante true	220	220	0	0	0
111fa685	HI_1_10_0	desaveu NEW a masque impossible	liaison_du_masque_impossible	image-cle ou joker · 1re image-cle du chunk : ti=37 · bloc : gen 1 (eid gen 2), vivante true	1	1	0	0	0
111fa685	HI_1_10_0	desaveu NEW a masque impossible	liaison_du_masque_impossible	image-cle ou joker · 1re image-cle du chunk : ti=47 · bloc : gen 1 (eid gen 0), vivante true	1	1	0	0	0
111fa685	HI_1_10_0	desaveu NEW a masque impossible	liaison_du_masque_impossible	image-cle ou joker · 1re image-cle du chunk : ti=5 · bloc : gen 1 (eid gen 3), vivante true	1	1	0	0	0
111fa685	HI_1_10_0	desaveu NEW a masque impossible	liaison_du_masque_impossible	table de datums ou anticipation · slot non declare par la 1re image-cle du chunk · bloc : gen 0 (eid gen 1), vivante false	169	169	0	0	0
111fa685	HI_1_10_0	desaveu des deux	g1_g3_slot	ti=14 slot 1369 gen 2 · archetypes declares au film [14]	1	1	1	0	0
111fa685	HI_1_10_0	desaveu des deux	g1_g3_slot	ti=20 slot 554 gen 1 · archetypes declares au film [20 35]	319	319	319	0	3785
111fa685	HI_1_10_0	desaveu des deux	g1_ti20	masque 0x102000003 · i0 cas 0 · i0(2)+i1(16)	11	11	11	0	85
111fa685	HI_1_10_0	desaveu des deux	g1_ti20	masque 0x102200003 · i0 cas 0 · i0(2)+i1(16)	29	29	29	0	222
111fa685	HI_1_10_0	desaveu des deux	g1_ti20	masque 0x142200003 · i0 cas 0 · i0(2)+i1(16)	1	1	1	0	8
111fa685	HI_1_10_0	desaveu des deux	g1_ti20	masque 0x2000003 · i0 cas 0 · i0(2)+i1(16)	159	159	159	0	2036
111fa685	HI_1_10_0	desaveu des deux	g1_ti20	masque 0x2200003 · i0 cas 0 · i0(2)+i1(16)	112	112	112	0	1342
111fa685	HI_1_10_0	desaveu des deux	g1_ti20	masque 0x40002000003 · i0 cas 0 · i0(2)+i1(16)	1	1	1	0	17
111fa685	HI_1_10_0	desaveu des deux	g1_ti20	masque 0xa00000012000003 · i0 cas 0 · i0(2)+i1(16)	5	5	5	0	59
111fa685	HI_1_10_0	desaveu des deux	g1_ti20	masque 0xa00000012200003 · i0 cas 0 · i0(2)+i1(16)	1	1	1	0	16
111fa685	HI_1_10_0	desaveu des deux	g1_ti20_pont	masque IMPOSSIBLE sous l archetype lie · pont : ambigu	181	181	181	0	1554
111fa685	HI_1_10_0	desaveu des deux	g1_ti20_pont	masque IMPOSSIBLE sous l archetype lie · pont : masque vide	138	138	138	0	2231
111fa685	HI_1_10_0	desaveu des deux	g2_del	eid du DEL : aucune allocation · lie au monde apres le paquet : false	85	85	85	0	925
111fa685	HI_1_10_0	desaveu des deux	g2_del	eid du DEL : realloue sous une autre generation · lie au monde apres le paquet : false	1	1	1	0	0
111fa685	HI_1_10_0	desaveu des deux	g2_del	eid du DEL : vivant au bloc du chunk · lie au monde apres le paquet : false	1	1	1	0	0
111fa685	HI_1_10_0	desaveu des deux	g2_del_nombre_de_records	10 records lus	6	6	6	0	42
111fa685	HI_1_10_0	desaveu des deux	g2_del_nombre_de_records	11 records lus	13	13	13	0	104
111fa685	HI_1_10_0	desaveu des deux	g2_del_nombre_de_records	12 records lus	8	8	8	0	67
111fa685	HI_1_10_0	desaveu des deux	g2_del_nombre_de_records	13 records lus	5	5	5	0	48
111fa685	HI_1_10_0	desaveu des deux	g2_del_nombre_de_records	14 records lus	2	2	2	0	21
111fa685	HI_1_10_0	desaveu des deux	g2_del_nombre_de_records	15 records lus	1	1	1	0	12
111fa685	HI_1_10_0	desaveu des deux	g2_del_nombre_de_records	16 records lus	8	8	8	0	98
111fa685	HI_1_10_0	desaveu des deux	g2_del_nombre_de_records	17 records lus	3	3	3	0	40
111fa685	HI_1_10_0	desaveu des deux	g2_del_nombre_de_records	18 records lus	3	3	3	0	45
111fa685	HI_1_10_0	desaveu des deux	g2_del_nombre_de_records	19 records lus	9	9	9	0	144
111fa685	HI_1_10_0	desaveu des deux	g2_del_nombre_de_records	2 records lus	7	7	7	0	1
111fa685	HI_1_10_0	desaveu des deux	g2_del_nombre_de_records	20 records lus	15	15	15	0	252
111fa685	HI_1_10_0	desaveu des deux	g2_del_nombre_de_records	21 records lus	2	2	2	0	31
111fa685	HI_1_10_0	desaveu des deux	g2_del_nombre_de_records	22 records lus	1	1	1	0	17
111fa685	HI_1_10_0	desaveu des deux	g2_del_nombre_de_records	3 records lus	3	3	3	0	2
111fa685	HI_1_10_0	desaveu des deux	g2_del_nombre_de_records	5 records lus	1	1	1	0	1
111fa685	HI_1_10_0	desaveu des deux	g2_del_premier_non_del_avant	1 DEL · DELTA ti=20 i0(2)+i1(16) · masque IMPOSSIBLE sous l archetype lie · pont : ambigu	39	39	39	0	356
111fa685	HI_1_10_0	desaveu des deux	g2_del_premier_non_del_avant	1 DEL · DELTA ti=20 i0(2)+i1(16) · masque IMPOSSIBLE sous l archetype lie · pont : masque vide	31	31	31	0	494
111fa685	HI_1_10_0	desaveu des deux	g2_del_premier_non_del_avant	1 DEL · DELTA ti=37 i1(30)+i2(28)+i3(28)+i5(29)+i6(163)+i8(49)+i12(17)+i13(24)+i14(113)+i15(479)+i17(76)+i18(1)+i20(1)+i22(5)+i25(8)+i26(10)+i28(5)+i30(1) · masque IMPOSSIBLE sous l archetype lie · pont ti=37 (= archetype lie)	1	1	1	0	8
111fa685	HI_1_10_0	desaveu des deux	g2_del_premier_non_del_avant	1 DEL · DELTA ti=5 aucun composant · masque possible · pont ti=5 (= archetype lie)	1	1	1	0	0
111fa685	HI_1_10_0	desaveu des deux	g2_del_premier_non_del_avant	1 DEL · NEW ti=0 aucun composant	2	2	2	0	17
111fa685	HI_1_10_0	desaveu des deux	g2_del_premier_non_del_avant	1 DEL · NEW ti=16 aucun composant	1	1	1	0	17
111fa685	HI_1_10_0	desaveu des deux	g2_del_premier_non_del_avant	1 DEL · NEW ti=37 i11(1)+i21(13)+i24(14)	1	1	1	0	0
111fa685	HI_1_10_0	desaveu des deux	g2_del_premier_non_del_avant	1 DEL · NEW ti=37 i3(28)+i12(1)+i18(1)	1	1	1	0	0
111fa685	HI_1_10_0	desaveu des deux	g2_del_premier_non_del_avant	1 DEL · NEW ti=41 aucun composant	1	1	1	0	0
111fa685	HI_1_10_0	desaveu des deux	g2_del_premier_non_del_avant	1 DEL · NEW ti=41 i0(60)+i3(28)+i5(29)+i7(80)+i16(5)+i18(21)+i19(1)	1	1	1	0	1
111fa685	HI_1_10_0	desaveu des deux	g2_del_premier_non_del_avant	1 DEL · NEW ti=41 i2(9)+i3(28)+i5(29)+i14(113)+i16(5)+i17(64)+i20(9)+i21(1)	1	1	1	0	0
111fa685	HI_1_10_0	desaveu des deux	g2_del_premier_non_del_avant	1 DEL · NEW ti=41 i3(28)+i6(73)+i14(113)+i15(507)	1	1	1	0	0
111fa685	HI_1_10_0	desaveu des deux	g2_del_premier_non_del_avant	1 DEL · NEW ti=41 i8(61)+i20(1)	1	1	1	0	0
111fa685	HI_1_10_0	desaveu des deux	g2_del_premier_non_del_avant	1 DEL · NEW ti=47 i1(24)+i2(33)	1	1	1	0	7
111fa685	HI_1_10_0	desaveu des deux	g2_del_premier_non_del_avant	2 DEL · DELTA ti=47 aucun composant · masque IMPOSSIBLE sous l archetype lie · pont ti=47 (= archetype lie)	1	1	1	0	15
111fa685	HI_1_10_0	desaveu des deux	g2_del_premier_non_del_avant	2 DEL · DELTA ti=5 i9(3) · masque IMPOSSIBLE sous l archetype lie · pont ti=5 (= archetype lie)	1	1	1	0	8
111fa685	HI_1_10_0	desaveu des deux	g2_del_premier_non_del_avant	2 DEL · NEW ti=41 i0(51)+i1(30)+i4(11)+i5(55)+i6(91)+i12(1)+i14(113)+i15(230)+i18(2)+i20(9)+i21(1)	1	1	1	0	1
111fa685	HI_1_10_0	desaveu des deux	g2_del_premier_non_del_avant	2 DEL · NEW ti=41 i0(60)	1	1	1	0	1
111fa685	HI_1_10_0	desaveu des deux	g3_ti14	masque 0x80000 · aucun composant	1	1	1	0	0
111fa685	HI_1_10_0	desaveu des deux	g3_ti14_pont	masque IMPOSSIBLE sous l archetype lie · pont : masque vide	1	1	1	0	0
111fa685	HI_1_10_0	desaveu des deux	genre	DEL ti=0	87	87	87	0	925
111fa685	HI_1_10_0	desaveu des deux	genre	DELTA ti=14	1	1	1	0	0
111fa685	HI_1_10_0	desaveu des deux	genre	DELTA ti=20	319	319	319	0	3785
111fa685	HI_1_10_0	desaveu des deux	liaison_du_masque_impossible	image-cle ou joker · 1re image-cle du chunk : ti=14 · bloc : gen 1 (eid gen 2), vivante true	1	1	0	0	0
111fa685	HI_1_10_0	desaveu des deux	liaison_du_masque_impossible	image-cle ou joker · 1re image-cle du chunk : ti=20 · bloc : gen 1 (eid gen 1), vivante true	220	220	0	0	0
111fa685	HI_1_10_0	desaveu des deux	liaison_du_masque_impossible	image-cle ou joker · 1re image-cle du chunk : ti=37 · bloc : gen 1 (eid gen 2), vivante true	1	1	0	0	0
111fa685	HI_1_10_0	desaveu des deux	liaison_du_masque_impossible	image-cle ou joker · 1re image-cle du chunk : ti=47 · bloc : gen 1 (eid gen 0), vivante true	1	1	0	0	0
111fa685	HI_1_10_0	desaveu des deux	liaison_du_masque_impossible	image-cle ou joker · 1re image-cle du chunk : ti=5 · bloc : gen 1 (eid gen 3), vivante true	1	1	0	0	0
111fa685	HI_1_10_0	desaveu des deux	liaison_du_masque_impossible	table de datums ou anticipation · slot non declare par la 1re image-cle du chunk · bloc : gen 0 (eid gen 1), vivante false	169	169	0	0	0
111fa685	HI_1_10_0	desaveu image-cle hors bloc	g1_g3_slot	ti=14 slot 1369 gen 2 · archetypes declares au film [14]	1	1	1	0	0
111fa685	HI_1_10_0	desaveu image-cle hors bloc	g1_g3_slot	ti=20 slot 554 gen 1 · archetypes declares au film [20 35]	319	319	319	0	3785
111fa685	HI_1_10_0	desaveu image-cle hors bloc	g1_ti20	masque 0x102000003 · i0 cas 0 · i0(2)+i1(16)	11	11	11	0	85
111fa685	HI_1_10_0	desaveu image-cle hors bloc	g1_ti20	masque 0x102200003 · i0 cas 0 · i0(2)+i1(16)	29	29	29	0	222
111fa685	HI_1_10_0	desaveu image-cle hors bloc	g1_ti20	masque 0x142200003 · i0 cas 0 · i0(2)+i1(16)	1	1	1	0	8
111fa685	HI_1_10_0	desaveu image-cle hors bloc	g1_ti20	masque 0x2000003 · i0 cas 0 · i0(2)+i1(16)	159	159	159	0	2036
111fa685	HI_1_10_0	desaveu image-cle hors bloc	g1_ti20	masque 0x2200003 · i0 cas 0 · i0(2)+i1(16)	112	112	112	0	1342
111fa685	HI_1_10_0	desaveu image-cle hors bloc	g1_ti20	masque 0x40002000003 · i0 cas 0 · i0(2)+i1(16)	1	1	1	0	17
111fa685	HI_1_10_0	desaveu image-cle hors bloc	g1_ti20	masque 0xa00000012000003 · i0 cas 0 · i0(2)+i1(16)	5	5	5	0	59
111fa685	HI_1_10_0	desaveu image-cle hors bloc	g1_ti20	masque 0xa00000012200003 · i0 cas 0 · i0(2)+i1(16)	1	1	1	0	16
111fa685	HI_1_10_0	desaveu image-cle hors bloc	g1_ti20_pont	masque IMPOSSIBLE sous l archetype lie · pont : ambigu	181	181	181	0	1554
111fa685	HI_1_10_0	desaveu image-cle hors bloc	g1_ti20_pont	masque IMPOSSIBLE sous l archetype lie · pont : masque vide	138	138	138	0	2231
111fa685	HI_1_10_0	desaveu image-cle hors bloc	g2_del	eid du DEL : aucune allocation · lie au monde apres le paquet : false	85	85	85	0	925
111fa685	HI_1_10_0	desaveu image-cle hors bloc	g2_del	eid du DEL : realloue sous une autre generation · lie au monde apres le paquet : false	1	1	1	0	0
111fa685	HI_1_10_0	desaveu image-cle hors bloc	g2_del	eid du DEL : vivant au bloc du chunk · lie au monde apres le paquet : false	1	1	1	0	0
111fa685	HI_1_10_0	desaveu image-cle hors bloc	g2_del_nombre_de_records	10 records lus	6	6	6	0	42
111fa685	HI_1_10_0	desaveu image-cle hors bloc	g2_del_nombre_de_records	11 records lus	13	13	13	0	104
111fa685	HI_1_10_0	desaveu image-cle hors bloc	g2_del_nombre_de_records	12 records lus	8	8	8	0	67
111fa685	HI_1_10_0	desaveu image-cle hors bloc	g2_del_nombre_de_records	13 records lus	5	5	5	0	48
111fa685	HI_1_10_0	desaveu image-cle hors bloc	g2_del_nombre_de_records	14 records lus	2	2	2	0	21
111fa685	HI_1_10_0	desaveu image-cle hors bloc	g2_del_nombre_de_records	15 records lus	1	1	1	0	12
111fa685	HI_1_10_0	desaveu image-cle hors bloc	g2_del_nombre_de_records	16 records lus	8	8	8	0	98
111fa685	HI_1_10_0	desaveu image-cle hors bloc	g2_del_nombre_de_records	17 records lus	3	3	3	0	40
111fa685	HI_1_10_0	desaveu image-cle hors bloc	g2_del_nombre_de_records	18 records lus	3	3	3	0	45
111fa685	HI_1_10_0	desaveu image-cle hors bloc	g2_del_nombre_de_records	19 records lus	9	9	9	0	144
111fa685	HI_1_10_0	desaveu image-cle hors bloc	g2_del_nombre_de_records	2 records lus	7	7	7	0	1
111fa685	HI_1_10_0	desaveu image-cle hors bloc	g2_del_nombre_de_records	20 records lus	15	15	15	0	252
111fa685	HI_1_10_0	desaveu image-cle hors bloc	g2_del_nombre_de_records	21 records lus	2	2	2	0	31
111fa685	HI_1_10_0	desaveu image-cle hors bloc	g2_del_nombre_de_records	22 records lus	1	1	1	0	17
111fa685	HI_1_10_0	desaveu image-cle hors bloc	g2_del_nombre_de_records	3 records lus	3	3	3	0	2
111fa685	HI_1_10_0	desaveu image-cle hors bloc	g2_del_nombre_de_records	5 records lus	1	1	1	0	1
111fa685	HI_1_10_0	desaveu image-cle hors bloc	g2_del_premier_non_del_avant	1 DEL · DELTA ti=20 i0(2)+i1(16) · masque IMPOSSIBLE sous l archetype lie · pont : ambigu	39	39	39	0	356
111fa685	HI_1_10_0	desaveu image-cle hors bloc	g2_del_premier_non_del_avant	1 DEL · DELTA ti=20 i0(2)+i1(16) · masque IMPOSSIBLE sous l archetype lie · pont : masque vide	31	31	31	0	494
111fa685	HI_1_10_0	desaveu image-cle hors bloc	g2_del_premier_non_del_avant	1 DEL · DELTA ti=37 i1(30)+i2(28)+i3(28)+i5(29)+i6(163)+i8(49)+i12(17)+i13(24)+i14(113)+i15(479)+i17(76)+i18(1)+i20(1)+i22(5)+i25(8)+i26(10)+i28(5)+i30(1) · masque IMPOSSIBLE sous l archetype lie · pont ti=37 (= archetype lie)	1	1	1	0	8
111fa685	HI_1_10_0	desaveu image-cle hors bloc	g2_del_premier_non_del_avant	1 DEL · DELTA ti=5 aucun composant · masque possible · pont ti=5 (= archetype lie)	1	1	1	0	0
111fa685	HI_1_10_0	desaveu image-cle hors bloc	g2_del_premier_non_del_avant	1 DEL · NEW ti=0 aucun composant	2	2	2	0	17
111fa685	HI_1_10_0	desaveu image-cle hors bloc	g2_del_premier_non_del_avant	1 DEL · NEW ti=16 aucun composant	1	1	1	0	17
111fa685	HI_1_10_0	desaveu image-cle hors bloc	g2_del_premier_non_del_avant	1 DEL · NEW ti=37 i11(1)+i21(13)+i24(14)	1	1	1	0	0
111fa685	HI_1_10_0	desaveu image-cle hors bloc	g2_del_premier_non_del_avant	1 DEL · NEW ti=37 i3(28)+i12(1)+i18(1)	1	1	1	0	0
111fa685	HI_1_10_0	desaveu image-cle hors bloc	g2_del_premier_non_del_avant	1 DEL · NEW ti=41 aucun composant	1	1	1	0	0
111fa685	HI_1_10_0	desaveu image-cle hors bloc	g2_del_premier_non_del_avant	1 DEL · NEW ti=41 i0(60)+i3(28)+i5(29)+i7(80)+i16(5)+i18(21)+i19(1)	1	1	1	0	1
111fa685	HI_1_10_0	desaveu image-cle hors bloc	g2_del_premier_non_del_avant	1 DEL · NEW ti=41 i2(9)+i3(28)+i5(29)+i14(113)+i16(5)+i17(64)+i20(9)+i21(1)	1	1	1	0	0
111fa685	HI_1_10_0	desaveu image-cle hors bloc	g2_del_premier_non_del_avant	1 DEL · NEW ti=41 i3(28)+i6(73)+i14(113)+i15(507)	1	1	1	0	0
111fa685	HI_1_10_0	desaveu image-cle hors bloc	g2_del_premier_non_del_avant	1 DEL · NEW ti=41 i8(61)+i20(1)	1	1	1	0	0
111fa685	HI_1_10_0	desaveu image-cle hors bloc	g2_del_premier_non_del_avant	1 DEL · NEW ti=47 i1(24)+i2(33)	1	1	1	0	7
111fa685	HI_1_10_0	desaveu image-cle hors bloc	g2_del_premier_non_del_avant	2 DEL · DELTA ti=47 aucun composant · masque IMPOSSIBLE sous l archetype lie · pont ti=47 (= archetype lie)	1	1	1	0	15
111fa685	HI_1_10_0	desaveu image-cle hors bloc	g2_del_premier_non_del_avant	2 DEL · DELTA ti=5 i9(3) · masque IMPOSSIBLE sous l archetype lie · pont ti=5 (= archetype lie)	1	1	1	0	8
111fa685	HI_1_10_0	desaveu image-cle hors bloc	g2_del_premier_non_del_avant	2 DEL · NEW ti=41 i0(51)+i1(30)+i4(11)+i5(55)+i6(91)+i12(1)+i14(113)+i15(230)+i18(2)+i20(9)+i21(1)	1	1	1	0	1
111fa685	HI_1_10_0	desaveu image-cle hors bloc	g2_del_premier_non_del_avant	2 DEL · NEW ti=41 i0(60)	1	1	1	0	1
111fa685	HI_1_10_0	desaveu image-cle hors bloc	g3_ti14	masque 0x80000 · aucun composant	1	1	1	0	0
111fa685	HI_1_10_0	desaveu image-cle hors bloc	g3_ti14_pont	masque IMPOSSIBLE sous l archetype lie · pont : masque vide	1	1	1	0	0
111fa685	HI_1_10_0	desaveu image-cle hors bloc	genre	DEL ti=0	87	87	87	0	925
111fa685	HI_1_10_0	desaveu image-cle hors bloc	genre	DELTA ti=14	1	1	1	0	0
111fa685	HI_1_10_0	desaveu image-cle hors bloc	genre	DELTA ti=20	319	319	319	0	3785
111fa685	HI_1_10_0	desaveu image-cle hors bloc	liaison_du_masque_impossible	image-cle ou joker · 1re image-cle du chunk : ti=14 · bloc : gen 1 (eid gen 2), vivante true	1	1	0	0	0
111fa685	HI_1_10_0	desaveu image-cle hors bloc	liaison_du_masque_impossible	image-cle ou joker · 1re image-cle du chunk : ti=20 · bloc : gen 1 (eid gen 1), vivante true	220	220	0	0	0
111fa685	HI_1_10_0	desaveu image-cle hors bloc	liaison_du_masque_impossible	image-cle ou joker · 1re image-cle du chunk : ti=37 · bloc : gen 1 (eid gen 2), vivante true	1	1	0	0	0
111fa685	HI_1_10_0	desaveu image-cle hors bloc	liaison_du_masque_impossible	image-cle ou joker · 1re image-cle du chunk : ti=47 · bloc : gen 1 (eid gen 0), vivante true	1	1	0	0	0
111fa685	HI_1_10_0	desaveu image-cle hors bloc	liaison_du_masque_impossible	image-cle ou joker · 1re image-cle du chunk : ti=5 · bloc : gen 1 (eid gen 3), vivante true	1	1	0	0	0
111fa685	HI_1_10_0	desaveu image-cle hors bloc	liaison_du_masque_impossible	table de datums ou anticipation · slot non declare par la 1re image-cle du chunk · bloc : gen 0 (eid gen 1), vivante false	169	169	0	0	0
111fa685	HI_1_10_0	oracle archetype force ti=35	g1_g3_slot	ti=20 slot 555 gen 1 · archetypes declares au film [20 35]	310	310	310	0	3805
111fa685	HI_1_10_0	oracle archetype force ti=35	g1_g3_slot	ti=20 slot 556 gen 1 · archetypes declares au film [20 35]	1	1	1	0	10
111fa685	HI_1_10_0	oracle archetype force ti=35	g1_ti20	masque 0x2000003 · i0 cas 0 · i0(2)+i1(16)	58	58	58	0	708
111fa685	HI_1_10_0	oracle archetype force ti=35	g1_ti20	masque 0x2000023 · i0 cas 0 · i0(2)+i1(16)	16	16	16	0	190
111fa685	HI_1_10_0	oracle archetype force ti=35	g1_ti20	masque 0x2008003 · i0 cas 0 · i0(2)+i1(16)	1	1	1	0	18
111fa685	HI_1_10_0	oracle archetype force ti=35	g1_ti20	masque 0x202200000 · i0 absent · aucun composant	3	3	3	0	31
111fa685	HI_1_10_0	oracle archetype force ti=35	g1_ti20	masque 0x202200003 · i0 cas 0 · i0(2)+i1(16)	1	1	1	0	9
111fa685	HI_1_10_0	oracle archetype force ti=35	g1_ti20	masque 0x2200000 · i0 absent · aucun composant	8	8	8	0	110
111fa685	HI_1_10_0	oracle archetype force ti=35	g1_ti20	masque 0x2200003 · i0 cas 0 · i0(2)+i1(16)	158	158	158	0	2034
111fa685	HI_1_10_0	oracle archetype force ti=35	g1_ti20	masque 0x2200023 · i0 cas 0 · i0(2)+i1(16)	60	60	60	0	625
111fa685	HI_1_10_0	oracle archetype force ti=35	g1_ti20	masque 0x6000003 · i0 cas 0 · i0(2)+i1(16)	1	1	1	0	18
111fa685	HI_1_10_0	oracle archetype force ti=35	g1_ti20	masque 0xa00000012000003 · i0 cas 0 · i0(2)+i1(16)	1	1	1	0	18
111fa685	HI_1_10_0	oracle archetype force ti=35	g1_ti20	masque 0xa00000012200003 · i0 cas 0 · i0(2)+i1(16)	4	4	4	0	54
111fa685	HI_1_10_0	oracle archetype force ti=35	g1_ti20_pont	masque IMPOSSIBLE sous l archetype lie · pont : ambigu	206	206	206	0	2008
111fa685	HI_1_10_0	oracle archetype force ti=35	g1_ti20_pont	masque IMPOSSIBLE sous l archetype lie · pont : masque vide	105	105	105	0	1807
111fa685	HI_1_10_0	oracle archetype force ti=35	g2_del	eid du DEL : aucune allocation · lie au monde apres le paquet : false	75	75	75	0	866
111fa685	HI_1_10_0	oracle archetype force ti=35	g2_del	eid du DEL : vivant au bloc du chunk · lie au monde apres le paquet : false	2	2	2	0	18
111fa685	HI_1_10_0	oracle archetype force ti=35	g2_del_nombre_de_records	10 records lus	2	2	2	0	14
111fa685	HI_1_10_0	oracle archetype force ti=35	g2_del_nombre_de_records	11 records lus	5	5	5	0	40
111fa685	HI_1_10_0	oracle archetype force ti=35	g2_del_nombre_de_records	12 records lus	10	10	10	0	90
111fa685	HI_1_10_0	oracle archetype force ti=35	g2_del_nombre_de_records	13 records lus	9	9	9	0	87
111fa685	HI_1_10_0	oracle archetype force ti=35	g2_del_nombre_de_records	14 records lus	3	3	3	0	33
111fa685	HI_1_10_0	oracle archetype force ti=35	g2_del_nombre_de_records	15 records lus	1	1	1	0	11
111fa685	HI_1_10_0	oracle archetype force ti=35	g2_del_nombre_de_records	16 records lus	1	1	1	0	9
111fa685	HI_1_10_0	oracle archetype force ti=35	g2_del_nombre_de_records	19 records lus	3	3	3	0	48
111fa685	HI_1_10_0	oracle archetype force ti=35	g2_del_nombre_de_records	2 records lus	6	6	6	0	1
111fa685	HI_1_10_0	oracle archetype force ti=35	g2_del_nombre_de_records	20 records lus	13	13	13	0	220
111fa685	HI_1_10_0	oracle archetype force ti=35	g2_del_nombre_de_records	21 records lus	15	15	15	0	268
111fa685	HI_1_10_0	oracle archetype force ti=35	g2_del_nombre_de_records	22 records lus	2	2	2	0	36
111fa685	HI_1_10_0	oracle archetype force ti=35	g2_del_nombre_de_records	23 records lus	1	1	1	0	18
111fa685	HI_1_10_0	oracle archetype force ti=35	g2_del_nombre_de_records	3 records lus	3	3	3	0	2
111fa685	HI_1_10_0	oracle archetype force ti=35	g2_del_nombre_de_records	4 records lus	1	1	1	0	0
111fa685	HI_1_10_0	oracle archetype force ti=35	g2_del_nombre_de_records	5 records lus	1	1	1	0	1
111fa685	HI_1_10_0	oracle archetype force ti=35	g2_del_nombre_de_records	9 records lus	1	1	1	0	6
111fa685	HI_1_10_0	oracle archetype force ti=35	g2_del_premier_non_del_avant	1 DEL · DELTA ti=20 i0(2)+i1(16) · masque IMPOSSIBLE sous l archetype lie · pont : ambigu	31	31	31	0	281
111fa685	HI_1_10_0	oracle archetype force ti=35	g2_del_premier_non_del_avant	1 DEL · DELTA ti=20 i0(2)+i1(16) · masque IMPOSSIBLE sous l archetype lie · pont : masque vide	31	31	31	0	538
111fa685	HI_1_10_0	oracle archetype force ti=35	g2_del_premier_non_del_avant	1 DEL · DELTA ti=38 i2(9)+i8(23)+i10(115)+i11(1)+i12(1)+i13(64)+i14(113)+i15(603)+i16(5)+i17(64)+i18(198)+i19(25) · masque IMPOSSIBLE sous l archetype lie · pont ti=38 (= archetype lie)	1	1	1	0	18
111fa685	HI_1_10_0	oracle archetype force ti=35	g2_del_premier_non_del_avant	1 DEL · DELTA ti=42 i5(29) · masque possible · pont : masque vide	1	1	1	0	18
111fa685	HI_1_10_0	oracle archetype force ti=35	g2_del_premier_non_del_avant	1 DEL · DELTA ti=5 aucun composant · masque possible · pont ti=5 (= archetype lie)	1	1	1	0	0
111fa685	HI_1_10_0	oracle archetype force ti=35	g2_del_premier_non_del_avant	1 DEL · NEW ti=0 aucun composant	2	2	2	0	17
111fa685	HI_1_10_0	oracle archetype force ti=35	g2_del_premier_non_del_avant	1 DEL · NEW ti=37 i3(28)+i12(1)+i18(1)	1	1	1	0	0
111fa685	HI_1_10_0	oracle archetype force ti=35	g2_del_premier_non_del_avant	1 DEL · NEW ti=41 aucun composant	1	1	1	0	0
111fa685	HI_1_10_0	oracle archetype force ti=35	g2_del_premier_non_del_avant	1 DEL · NEW ti=41 i0(60)+i3(28)+i5(29)+i7(80)+i16(5)+i18(21)+i19(1)	1	1	1	0	1
111fa685	HI_1_10_0	oracle archetype force ti=35	g2_del_premier_non_del_avant	1 DEL · NEW ti=41 i2(9)+i3(28)+i5(29)+i14(113)+i16(5)+i17(64)+i20(9)+i21(1)	1	1	1	0	0
111fa685	HI_1_10_0	oracle archetype force ti=35	g2_del_premier_non_del_avant	1 DEL · NEW ti=41 i3(28)+i6(73)+i14(113)+i15(507)	1	1	1	0	0
111fa685	HI_1_10_0	oracle archetype force ti=35	g2_del_premier_non_del_avant	1 DEL · NEW ti=41 i8(61)+i20(1)	1	1	1	0	0
111fa685	HI_1_10_0	oracle archetype force ti=35	g2_del_premier_non_del_avant	2 DEL · DELTA ti=35 i19(226) · masque possible · pont : masque vide	1	1	1	0	0
111fa685	HI_1_10_0	oracle archetype force ti=35	g2_del_premier_non_del_avant	2 DEL · NEW ti=4 aucun composant	1	1	1	0	9
111fa685	HI_1_10_0	oracle archetype force ti=35	g2_del_premier_non_del_avant	2 DEL · NEW ti=41 i0(51)+i1(30)+i4(11)+i5(55)+i6(91)+i12(1)+i14(113)+i15(230)+i18(2)+i20(9)+i21(1)	1	1	1	0	1
111fa685	HI_1_10_0	oracle archetype force ti=35	g2_del_premier_non_del_avant	2 DEL · NEW ti=41 i0(60)	1	1	1	0	1
111fa685	HI_1_10_0	oracle archetype force ti=35	genre	DEL ti=0	77	77	77	0	884
111fa685	HI_1_10_0	oracle archetype force ti=35	genre	DELTA ti=20	311	311	311	0	3815
111fa685	HI_1_10_0	oracle archetype force ti=35	liaison_du_masque_impossible	image-cle ou joker · 1re image-cle du chunk : ti=20 · bloc : gen 1 (eid gen 1), vivante true	237	237	0	0	0
111fa685	HI_1_10_0	oracle archetype force ti=35	liaison_du_masque_impossible	image-cle ou joker · 1re image-cle du chunk : ti=38 · bloc : gen 1 (eid gen 1), vivante true	1	1	0	0	0
111fa685	HI_1_10_0	oracle archetype force ti=35	liaison_du_masque_impossible	table de datums ou anticipation · slot non declare par la 1re image-cle du chunk · bloc : gen 0 (eid gen 1), vivante false	136	136	0	0	0
111fa685	HI_1_10_0	oracle archetype force ti=40	g1_g3_slot	ti=20 slot 555 gen 1 · archetypes declares au film [20 35]	262	262	262	0	3339
111fa685	HI_1_10_0	oracle archetype force ti=40	g1_g3_slot	ti=20 slot 556 gen 1 · archetypes declares au film [20 35]	1	1	1	0	10
111fa685	HI_1_10_0	oracle archetype force ti=40	g1_ti20	masque 0x2000003 · i0 cas 0 · i0(2)+i1(16)	47	47	47	0	603
111fa685	HI_1_10_0	oracle archetype force ti=40	g1_ti20	masque 0x2000023 · i0 cas 0 · i0(2)+i1(16)	15	15	15	0	179
111fa685	HI_1_10_0	oracle archetype force ti=40	g1_ti20	masque 0x2008003 · i0 cas 0 · i0(2)+i1(16)	1	1	1	0	18
111fa685	HI_1_10_0	oracle archetype force ti=40	g1_ti20	masque 0x202200000 · i0 absent · aucun composant	3	3	3	0	31
111fa685	HI_1_10_0	oracle archetype force ti=40	g1_ti20	masque 0x2200000 · i0 absent · aucun composant	8	8	8	0	110
111fa685	HI_1_10_0	oracle archetype force ti=40	g1_ti20	masque 0x2200003 · i0 cas 0 · i0(2)+i1(16)	123	123	123	0	1693
111fa685	HI_1_10_0	oracle archetype force ti=40	g1_ti20	masque 0x2200023 · i0 cas 0 · i0(2)+i1(16)	60	60	60	0	625
111fa685	HI_1_10_0	oracle archetype force ti=40	g1_ti20	masque 0x6000003 · i0 cas 0 · i0(2)+i1(16)	1	1	1	0	18
111fa685	HI_1_10_0	oracle archetype force ti=40	g1_ti20	masque 0xa00000012000003 · i0 cas 0 · i0(2)+i1(16)	1	1	1	0	18
111fa685	HI_1_10_0	oracle archetype force ti=40	g1_ti20	masque 0xa00000012200003 · i0 cas 0 · i0(2)+i1(16)	4	4	4	0	54
111fa685	HI_1_10_0	oracle archetype force ti=40	g1_ti20_pont	masque IMPOSSIBLE sous l archetype lie · pont : ambigu	163	163	163	0	1629
111fa685	HI_1_10_0	oracle archetype force ti=40	g1_ti20_pont	masque IMPOSSIBLE sous l archetype lie · pont : masque vide	100	100	100	0	1720
111fa685	HI_1_10_0	oracle archetype force ti=40	g2_del	eid du DEL : aucune allocation · lie au monde apres le paquet : false	69	69	69	0	811
111fa685	HI_1_10_0	oracle archetype force ti=40	g2_del	eid du DEL : vivant au bloc du chunk · lie au monde apres le paquet : false	2	2	2	0	18
111fa685	HI_1_10_0	oracle archetype force ti=40	g2_del_nombre_de_records	10 records lus	2	2	2	0	14
111fa685	HI_1_10_0	oracle archetype force ti=40	g2_del_nombre_de_records	11 records lus	5	5	5	0	40
111fa685	HI_1_10_0	oracle archetype force ti=40	g2_del_nombre_de_records	12 records lus	6	6	6	0	54
111fa685	HI_1_10_0	oracle archetype force ti=40	g2_del_nombre_de_records	13 records lus	8	8	8	0	77
111fa685	HI_1_10_0	oracle archetype force ti=40	g2_del_nombre_de_records	14 records lus	3	3	3	0	33
111fa685	HI_1_10_0	oracle archetype force ti=40	g2_del_nombre_de_records	15 records lus	1	1	1	0	11
111fa685	HI_1_10_0	oracle archetype force ti=40	g2_del_nombre_de_records	19 records lus	3	3	3	0	48
111fa685	HI_1_10_0	oracle archetype force ti=40	g2_del_nombre_de_records	2 records lus	6	6	6	0	1
111fa685	HI_1_10_0	oracle archetype force ti=40	g2_del_nombre_de_records	20 records lus	13	13	13	0	220
111fa685	HI_1_10_0	oracle archetype force ti=40	g2_del_nombre_de_records	21 records lus	15	15	15	0	268
111fa685	HI_1_10_0	oracle archetype force ti=40	g2_del_nombre_de_records	22 records lus	2	2	2	0	36
111fa685	HI_1_10_0	oracle archetype force ti=40	g2_del_nombre_de_records	23 records lus	1	1	1	0	18
111fa685	HI_1_10_0	oracle archetype force ti=40	g2_del_nombre_de_records	3 records lus	3	3	3	0	2
111fa685	HI_1_10_0	oracle archetype force ti=40	g2_del_nombre_de_records	4 records lus	1	1	1	0	0
111fa685	HI_1_10_0	oracle archetype force ti=40	g2_del_nombre_de_records	5 records lus	1	1	1	0	1
111fa685	HI_1_10_0	oracle archetype force ti=40	g2_del_nombre_de_records	9 records lus	1	1	1	0	6
111fa685	HI_1_10_0	oracle archetype force ti=40	g2_del_premier_non_del_avant	1 DEL · DELTA ti=20 i0(2)+i1(16) · masque IMPOSSIBLE sous l archetype lie · pont : ambigu	26	26	26	0	235
111fa685	HI_1_10_0	oracle archetype force ti=40	g2_del_premier_non_del_avant	1 DEL · DELTA ti=20 i0(2)+i1(16) · masque IMPOSSIBLE sous l archetype lie · pont : masque vide	31	31	31	0	538
111fa685	HI_1_10_0	oracle archetype force ti=40	g2_del_premier_non_del_avant	1 DEL · DELTA ti=38 i2(9)+i8(23)+i10(115)+i11(1)+i12(1)+i13(64)+i14(113)+i15(603)+i16(5)+i17(64)+i18(198)+i19(25) · masque IMPOSSIBLE sous l archetype lie · pont ti=38 (= archetype lie)	1	1	1	0	18
111fa685	HI_1_10_0	oracle archetype force ti=40	g2_del_premier_non_del_avant	1 DEL · DELTA ti=42 i5(29) · masque possible · pont : masque vide	1	1	1	0	18
111fa685	HI_1_10_0	oracle archetype force ti=40	g2_del_premier_non_del_avant	1 DEL · DELTA ti=5 aucun composant · masque possible · pont ti=5 (= archetype lie)	1	1	1	0	0
111fa685	HI_1_10_0	oracle archetype force ti=40	g2_del_premier_non_del_avant	1 DEL · NEW ti=0 aucun composant	2	2	2	0	17
111fa685	HI_1_10_0	oracle archetype force ti=40	g2_del_premier_non_del_avant	1 DEL · NEW ti=37 i3(28)+i12(1)+i18(1)	1	1	1	0	0
111fa685	HI_1_10_0	oracle archetype force ti=40	g2_del_premier_non_del_avant	1 DEL · NEW ti=41 aucun composant	1	1	1	0	0
111fa685	HI_1_10_0	oracle archetype force ti=40	g2_del_premier_non_del_avant	1 DEL · NEW ti=41 i0(60)+i3(28)+i5(29)+i7(80)+i16(5)+i18(21)+i19(1)	1	1	1	0	1
111fa685	HI_1_10_0	oracle archetype force ti=40	g2_del_premier_non_del_avant	1 DEL · NEW ti=41 i2(9)+i3(28)+i5(29)+i14(113)+i16(5)+i17(64)+i20(9)+i21(1)	1	1	1	0	0
111fa685	HI_1_10_0	oracle archetype force ti=40	g2_del_premier_non_del_avant	1 DEL · NEW ti=41 i3(28)+i6(73)+i14(113)+i15(507)	1	1	1	0	0
111fa685	HI_1_10_0	oracle archetype force ti=40	g2_del_premier_non_del_avant	1 DEL · NEW ti=41 i8(61)+i20(1)	1	1	1	0	0
111fa685	HI_1_10_0	oracle archetype force ti=40	g2_del_premier_non_del_avant	2 DEL · DELTA ti=40 i19(226) · masque possible · pont : masque vide	1	1	1	0	0
111fa685	HI_1_10_0	oracle archetype force ti=40	g2_del_premier_non_del_avant	2 DEL · NEW ti=41 i0(51)+i1(30)+i4(11)+i5(55)+i6(91)+i12(1)+i14(113)+i15(230)+i18(2)+i20(9)+i21(1)	1	1	1	0	1
111fa685	HI_1_10_0	oracle archetype force ti=40	g2_del_premier_non_del_avant	2 DEL · NEW ti=41 i0(60)	1	1	1	0	1
111fa685	HI_1_10_0	oracle archetype force ti=40	genre	DEL ti=0	71	71	71	0	829
111fa685	HI_1_10_0	oracle archetype force ti=40	genre	DELTA ti=20	263	263	263	0	3349
111fa685	HI_1_10_0	oracle archetype force ti=40	liaison_du_masque_impossible	image-cle ou joker · 1re image-cle du chunk : ti=20 · bloc : gen 1 (eid gen 1), vivante true	189	189	0	0	0
111fa685	HI_1_10_0	oracle archetype force ti=40	liaison_du_masque_impossible	image-cle ou joker · 1re image-cle du chunk : ti=38 · bloc : gen 1 (eid gen 1), vivante true	1	1	0	0	0
111fa685	HI_1_10_0	oracle archetype force ti=40	liaison_du_masque_impossible	table de datums ou anticipation · slot non declare par la 1re image-cle du chunk · bloc : gen 0 (eid gen 1), vivante false	131	131	0	0	0
111fa685	HI_1_10_0	oracle du pont (masque impossible)	g1_g3_slot	ti=14 slot 1369 gen 2 · archetypes declares au film [14]	1	1	1	0	0
111fa685	HI_1_10_0	oracle du pont (masque impossible)	g1_g3_slot	ti=20 slot 554 gen 1 · archetypes declares au film [20 35]	319	319	319	0	3785
111fa685	HI_1_10_0	oracle du pont (masque impossible)	g1_ti20	masque 0x102000003 · i0 cas 0 · i0(2)+i1(16)	11	11	11	0	85
111fa685	HI_1_10_0	oracle du pont (masque impossible)	g1_ti20	masque 0x102200003 · i0 cas 0 · i0(2)+i1(16)	29	29	29	0	222
111fa685	HI_1_10_0	oracle du pont (masque impossible)	g1_ti20	masque 0x142200003 · i0 cas 0 · i0(2)+i1(16)	1	1	1	0	8
111fa685	HI_1_10_0	oracle du pont (masque impossible)	g1_ti20	masque 0x2000003 · i0 cas 0 · i0(2)+i1(16)	159	159	159	0	2036
111fa685	HI_1_10_0	oracle du pont (masque impossible)	g1_ti20	masque 0x2200003 · i0 cas 0 · i0(2)+i1(16)	112	112	112	0	1342
111fa685	HI_1_10_0	oracle du pont (masque impossible)	g1_ti20	masque 0x40002000003 · i0 cas 0 · i0(2)+i1(16)	1	1	1	0	17
111fa685	HI_1_10_0	oracle du pont (masque impossible)	g1_ti20	masque 0xa00000012000003 · i0 cas 0 · i0(2)+i1(16)	5	5	5	0	59
111fa685	HI_1_10_0	oracle du pont (masque impossible)	g1_ti20	masque 0xa00000012200003 · i0 cas 0 · i0(2)+i1(16)	1	1	1	0	16
111fa685	HI_1_10_0	oracle du pont (masque impossible)	g1_ti20_pont	masque IMPOSSIBLE sous l archetype lie · pont : ambigu	181	181	181	0	1554
111fa685	HI_1_10_0	oracle du pont (masque impossible)	g1_ti20_pont	masque IMPOSSIBLE sous l archetype lie · pont : masque vide	138	138	138	0	2231
111fa685	HI_1_10_0	oracle du pont (masque impossible)	g2_del	eid du DEL : aucune allocation · lie au monde apres le paquet : false	85	85	85	0	925
111fa685	HI_1_10_0	oracle du pont (masque impossible)	g2_del	eid du DEL : realloue sous une autre generation · lie au monde apres le paquet : false	1	1	1	0	0
111fa685	HI_1_10_0	oracle du pont (masque impossible)	g2_del	eid du DEL : vivant au bloc du chunk · lie au monde apres le paquet : false	1	1	1	0	0
111fa685	HI_1_10_0	oracle du pont (masque impossible)	g2_del_nombre_de_records	10 records lus	6	6	6	0	42
111fa685	HI_1_10_0	oracle du pont (masque impossible)	g2_del_nombre_de_records	11 records lus	13	13	13	0	104
111fa685	HI_1_10_0	oracle du pont (masque impossible)	g2_del_nombre_de_records	12 records lus	8	8	8	0	67
111fa685	HI_1_10_0	oracle du pont (masque impossible)	g2_del_nombre_de_records	13 records lus	5	5	5	0	48
111fa685	HI_1_10_0	oracle du pont (masque impossible)	g2_del_nombre_de_records	14 records lus	2	2	2	0	21
111fa685	HI_1_10_0	oracle du pont (masque impossible)	g2_del_nombre_de_records	15 records lus	1	1	1	0	12
111fa685	HI_1_10_0	oracle du pont (masque impossible)	g2_del_nombre_de_records	16 records lus	8	8	8	0	98
111fa685	HI_1_10_0	oracle du pont (masque impossible)	g2_del_nombre_de_records	17 records lus	3	3	3	0	40
111fa685	HI_1_10_0	oracle du pont (masque impossible)	g2_del_nombre_de_records	18 records lus	3	3	3	0	45
111fa685	HI_1_10_0	oracle du pont (masque impossible)	g2_del_nombre_de_records	19 records lus	9	9	9	0	144
111fa685	HI_1_10_0	oracle du pont (masque impossible)	g2_del_nombre_de_records	2 records lus	7	7	7	0	1
111fa685	HI_1_10_0	oracle du pont (masque impossible)	g2_del_nombre_de_records	20 records lus	15	15	15	0	252
111fa685	HI_1_10_0	oracle du pont (masque impossible)	g2_del_nombre_de_records	21 records lus	2	2	2	0	31
111fa685	HI_1_10_0	oracle du pont (masque impossible)	g2_del_nombre_de_records	22 records lus	1	1	1	0	17
111fa685	HI_1_10_0	oracle du pont (masque impossible)	g2_del_nombre_de_records	3 records lus	3	3	3	0	2
111fa685	HI_1_10_0	oracle du pont (masque impossible)	g2_del_nombre_de_records	5 records lus	1	1	1	0	1
111fa685	HI_1_10_0	oracle du pont (masque impossible)	g2_del_premier_non_del_avant	1 DEL · DELTA ti=20 i0(2)+i1(16) · masque IMPOSSIBLE sous l archetype lie · pont : ambigu	39	39	39	0	356
111fa685	HI_1_10_0	oracle du pont (masque impossible)	g2_del_premier_non_del_avant	1 DEL · DELTA ti=20 i0(2)+i1(16) · masque IMPOSSIBLE sous l archetype lie · pont : masque vide	31	31	31	0	494
111fa685	HI_1_10_0	oracle du pont (masque impossible)	g2_del_premier_non_del_avant	1 DEL · DELTA ti=37 i1(30)+i2(28)+i3(28)+i5(29)+i6(163)+i8(49)+i12(17)+i13(24)+i14(113)+i15(479)+i17(76)+i18(1)+i20(1)+i22(5)+i25(8)+i26(10)+i28(5)+i30(1) · masque IMPOSSIBLE sous l archetype lie · pont ti=37 (= archetype lie)	1	1	1	0	8
111fa685	HI_1_10_0	oracle du pont (masque impossible)	g2_del_premier_non_del_avant	1 DEL · DELTA ti=5 aucun composant · masque possible · pont ti=5 (= archetype lie)	1	1	1	0	0
111fa685	HI_1_10_0	oracle du pont (masque impossible)	g2_del_premier_non_del_avant	1 DEL · NEW ti=0 aucun composant	2	2	2	0	17
111fa685	HI_1_10_0	oracle du pont (masque impossible)	g2_del_premier_non_del_avant	1 DEL · NEW ti=16 aucun composant	1	1	1	0	17
111fa685	HI_1_10_0	oracle du pont (masque impossible)	g2_del_premier_non_del_avant	1 DEL · NEW ti=37 i11(1)+i21(13)+i24(14)	1	1	1	0	0
111fa685	HI_1_10_0	oracle du pont (masque impossible)	g2_del_premier_non_del_avant	1 DEL · NEW ti=37 i3(28)+i12(1)+i18(1)	1	1	1	0	0
111fa685	HI_1_10_0	oracle du pont (masque impossible)	g2_del_premier_non_del_avant	1 DEL · NEW ti=41 aucun composant	1	1	1	0	0
111fa685	HI_1_10_0	oracle du pont (masque impossible)	g2_del_premier_non_del_avant	1 DEL · NEW ti=41 i0(60)+i3(28)+i5(29)+i7(80)+i16(5)+i18(21)+i19(1)	1	1	1	0	1
111fa685	HI_1_10_0	oracle du pont (masque impossible)	g2_del_premier_non_del_avant	1 DEL · NEW ti=41 i2(9)+i3(28)+i5(29)+i14(113)+i16(5)+i17(64)+i20(9)+i21(1)	1	1	1	0	0
111fa685	HI_1_10_0	oracle du pont (masque impossible)	g2_del_premier_non_del_avant	1 DEL · NEW ti=41 i3(28)+i6(73)+i14(113)+i15(507)	1	1	1	0	0
111fa685	HI_1_10_0	oracle du pont (masque impossible)	g2_del_premier_non_del_avant	1 DEL · NEW ti=41 i8(61)+i20(1)	1	1	1	0	0
111fa685	HI_1_10_0	oracle du pont (masque impossible)	g2_del_premier_non_del_avant	1 DEL · NEW ti=47 i1(24)+i2(33)	1	1	1	0	7
111fa685	HI_1_10_0	oracle du pont (masque impossible)	g2_del_premier_non_del_avant	2 DEL · DELTA ti=47 aucun composant · masque IMPOSSIBLE sous l archetype lie · pont ti=47 (= archetype lie)	1	1	1	0	15
111fa685	HI_1_10_0	oracle du pont (masque impossible)	g2_del_premier_non_del_avant	2 DEL · DELTA ti=5 i9(3) · masque IMPOSSIBLE sous l archetype lie · pont ti=5 (= archetype lie)	1	1	1	0	8
111fa685	HI_1_10_0	oracle du pont (masque impossible)	g2_del_premier_non_del_avant	2 DEL · NEW ti=41 i0(51)+i1(30)+i4(11)+i5(55)+i6(91)+i12(1)+i14(113)+i15(230)+i18(2)+i20(9)+i21(1)	1	1	1	0	1
111fa685	HI_1_10_0	oracle du pont (masque impossible)	g2_del_premier_non_del_avant	2 DEL · NEW ti=41 i0(60)	1	1	1	0	1
111fa685	HI_1_10_0	oracle du pont (masque impossible)	g3_ti14	masque 0x80000 · aucun composant	1	1	1	0	0
111fa685	HI_1_10_0	oracle du pont (masque impossible)	g3_ti14_pont	masque IMPOSSIBLE sous l archetype lie · pont : masque vide	1	1	1	0	0
111fa685	HI_1_10_0	oracle du pont (masque impossible)	genre	DEL ti=0	87	87	87	0	925
111fa685	HI_1_10_0	oracle du pont (masque impossible)	genre	DELTA ti=14	1	1	1	0	0
111fa685	HI_1_10_0	oracle du pont (masque impossible)	genre	DELTA ti=20	319	319	319	0	3785
111fa685	HI_1_10_0	oracle du pont (masque impossible)	liaison_du_masque_impossible	image-cle ou joker · 1re image-cle du chunk : ti=14 · bloc : gen 1 (eid gen 2), vivante true	1	1	0	0	0
111fa685	HI_1_10_0	oracle du pont (masque impossible)	liaison_du_masque_impossible	image-cle ou joker · 1re image-cle du chunk : ti=20 · bloc : gen 1 (eid gen 1), vivante true	220	220	0	0	0
111fa685	HI_1_10_0	oracle du pont (masque impossible)	liaison_du_masque_impossible	image-cle ou joker · 1re image-cle du chunk : ti=37 · bloc : gen 1 (eid gen 2), vivante true	1	1	0	0	0
111fa685	HI_1_10_0	oracle du pont (masque impossible)	liaison_du_masque_impossible	image-cle ou joker · 1re image-cle du chunk : ti=47 · bloc : gen 1 (eid gen 0), vivante true	1	1	0	0	0
111fa685	HI_1_10_0	oracle du pont (masque impossible)	liaison_du_masque_impossible	image-cle ou joker · 1re image-cle du chunk : ti=5 · bloc : gen 1 (eid gen 3), vivante true	1	1	0	0	0
111fa685	HI_1_10_0	oracle du pont (masque impossible)	liaison_du_masque_impossible	table de datums ou anticipation · slot non declare par la 1re image-cle du chunk · bloc : gen 0 (eid gen 1), vivante false	169	169	0	0	0
111fa685	HI_1_10_0	reference	g1_g3_slot	ti=14 slot 1369 gen 2 · archetypes declares au film [14]	1	1	1	0	0
111fa685	HI_1_10_0	reference	g1_g3_slot	ti=20 slot 554 gen 1 · archetypes declares au film [20 35]	319	319	319	0	3785
111fa685	HI_1_10_0	reference	g1_ti20	masque 0x102000003 · i0 cas 0 · i0(2)+i1(16)	11	11	11	0	85
111fa685	HI_1_10_0	reference	g1_ti20	masque 0x102200003 · i0 cas 0 · i0(2)+i1(16)	29	29	29	0	222
111fa685	HI_1_10_0	reference	g1_ti20	masque 0x142200003 · i0 cas 0 · i0(2)+i1(16)	1	1	1	0	8
111fa685	HI_1_10_0	reference	g1_ti20	masque 0x2000003 · i0 cas 0 · i0(2)+i1(16)	159	159	159	0	2036
111fa685	HI_1_10_0	reference	g1_ti20	masque 0x2200003 · i0 cas 0 · i0(2)+i1(16)	112	112	112	0	1342
111fa685	HI_1_10_0	reference	g1_ti20	masque 0x40002000003 · i0 cas 0 · i0(2)+i1(16)	1	1	1	0	17
111fa685	HI_1_10_0	reference	g1_ti20	masque 0xa00000012000003 · i0 cas 0 · i0(2)+i1(16)	5	5	5	0	59
111fa685	HI_1_10_0	reference	g1_ti20	masque 0xa00000012200003 · i0 cas 0 · i0(2)+i1(16)	1	1	1	0	16
111fa685	HI_1_10_0	reference	g1_ti20_pont	masque IMPOSSIBLE sous l archetype lie · pont : ambigu	181	181	181	0	1554
111fa685	HI_1_10_0	reference	g1_ti20_pont	masque IMPOSSIBLE sous l archetype lie · pont : masque vide	138	138	138	0	2231
111fa685	HI_1_10_0	reference	g2_del	eid du DEL : aucune allocation · lie au monde apres le paquet : false	85	85	85	0	925
111fa685	HI_1_10_0	reference	g2_del	eid du DEL : realloue sous une autre generation · lie au monde apres le paquet : false	1	1	1	0	0
111fa685	HI_1_10_0	reference	g2_del	eid du DEL : vivant au bloc du chunk · lie au monde apres le paquet : false	1	1	1	0	0
111fa685	HI_1_10_0	reference	g2_del_nombre_de_records	10 records lus	6	6	6	0	42
111fa685	HI_1_10_0	reference	g2_del_nombre_de_records	11 records lus	13	13	13	0	104
111fa685	HI_1_10_0	reference	g2_del_nombre_de_records	12 records lus	8	8	8	0	67
111fa685	HI_1_10_0	reference	g2_del_nombre_de_records	13 records lus	5	5	5	0	48
111fa685	HI_1_10_0	reference	g2_del_nombre_de_records	14 records lus	2	2	2	0	21
111fa685	HI_1_10_0	reference	g2_del_nombre_de_records	15 records lus	1	1	1	0	12
111fa685	HI_1_10_0	reference	g2_del_nombre_de_records	16 records lus	8	8	8	0	98
111fa685	HI_1_10_0	reference	g2_del_nombre_de_records	17 records lus	3	3	3	0	40
111fa685	HI_1_10_0	reference	g2_del_nombre_de_records	18 records lus	3	3	3	0	45
111fa685	HI_1_10_0	reference	g2_del_nombre_de_records	19 records lus	9	9	9	0	144
111fa685	HI_1_10_0	reference	g2_del_nombre_de_records	2 records lus	7	7	7	0	1
111fa685	HI_1_10_0	reference	g2_del_nombre_de_records	20 records lus	15	15	15	0	252
111fa685	HI_1_10_0	reference	g2_del_nombre_de_records	21 records lus	2	2	2	0	31
111fa685	HI_1_10_0	reference	g2_del_nombre_de_records	22 records lus	1	1	1	0	17
111fa685	HI_1_10_0	reference	g2_del_nombre_de_records	3 records lus	3	3	3	0	2
111fa685	HI_1_10_0	reference	g2_del_nombre_de_records	5 records lus	1	1	1	0	1
111fa685	HI_1_10_0	reference	g2_del_premier_non_del_avant	1 DEL · DELTA ti=20 i0(2)+i1(16) · masque IMPOSSIBLE sous l archetype lie · pont : ambigu	39	39	39	0	356
111fa685	HI_1_10_0	reference	g2_del_premier_non_del_avant	1 DEL · DELTA ti=20 i0(2)+i1(16) · masque IMPOSSIBLE sous l archetype lie · pont : masque vide	31	31	31	0	494
111fa685	HI_1_10_0	reference	g2_del_premier_non_del_avant	1 DEL · DELTA ti=37 i1(30)+i2(28)+i3(28)+i5(29)+i6(163)+i8(49)+i12(17)+i13(24)+i14(113)+i15(479)+i17(76)+i18(1)+i20(1)+i22(5)+i25(8)+i26(10)+i28(5)+i30(1) · masque IMPOSSIBLE sous l archetype lie · pont ti=37 (= archetype lie)	1	1	1	0	8
111fa685	HI_1_10_0	reference	g2_del_premier_non_del_avant	1 DEL · DELTA ti=5 aucun composant · masque possible · pont ti=5 (= archetype lie)	1	1	1	0	0
111fa685	HI_1_10_0	reference	g2_del_premier_non_del_avant	1 DEL · NEW ti=0 aucun composant	2	2	2	0	17
111fa685	HI_1_10_0	reference	g2_del_premier_non_del_avant	1 DEL · NEW ti=16 aucun composant	1	1	1	0	17
111fa685	HI_1_10_0	reference	g2_del_premier_non_del_avant	1 DEL · NEW ti=37 i11(1)+i21(13)+i24(14)	1	1	1	0	0
111fa685	HI_1_10_0	reference	g2_del_premier_non_del_avant	1 DEL · NEW ti=37 i3(28)+i12(1)+i18(1)	1	1	1	0	0
111fa685	HI_1_10_0	reference	g2_del_premier_non_del_avant	1 DEL · NEW ti=41 aucun composant	1	1	1	0	0
111fa685	HI_1_10_0	reference	g2_del_premier_non_del_avant	1 DEL · NEW ti=41 i0(60)+i3(28)+i5(29)+i7(80)+i16(5)+i18(21)+i19(1)	1	1	1	0	1
111fa685	HI_1_10_0	reference	g2_del_premier_non_del_avant	1 DEL · NEW ti=41 i2(9)+i3(28)+i5(29)+i14(113)+i16(5)+i17(64)+i20(9)+i21(1)	1	1	1	0	0
111fa685	HI_1_10_0	reference	g2_del_premier_non_del_avant	1 DEL · NEW ti=41 i3(28)+i6(73)+i14(113)+i15(507)	1	1	1	0	0
111fa685	HI_1_10_0	reference	g2_del_premier_non_del_avant	1 DEL · NEW ti=41 i8(61)+i20(1)	1	1	1	0	0
111fa685	HI_1_10_0	reference	g2_del_premier_non_del_avant	1 DEL · NEW ti=47 i1(24)+i2(33)	1	1	1	0	7
111fa685	HI_1_10_0	reference	g2_del_premier_non_del_avant	2 DEL · DELTA ti=47 aucun composant · masque IMPOSSIBLE sous l archetype lie · pont ti=47 (= archetype lie)	1	1	1	0	15
111fa685	HI_1_10_0	reference	g2_del_premier_non_del_avant	2 DEL · DELTA ti=5 i9(3) · masque IMPOSSIBLE sous l archetype lie · pont ti=5 (= archetype lie)	1	1	1	0	8
111fa685	HI_1_10_0	reference	g2_del_premier_non_del_avant	2 DEL · NEW ti=41 i0(51)+i1(30)+i4(11)+i5(55)+i6(91)+i12(1)+i14(113)+i15(230)+i18(2)+i20(9)+i21(1)	1	1	1	0	1
111fa685	HI_1_10_0	reference	g2_del_premier_non_del_avant	2 DEL · NEW ti=41 i0(60)	1	1	1	0	1
111fa685	HI_1_10_0	reference	g3_ti14	masque 0x80000 · aucun composant	1	1	1	0	0
111fa685	HI_1_10_0	reference	g3_ti14_pont	masque IMPOSSIBLE sous l archetype lie · pont : masque vide	1	1	1	0	0
111fa685	HI_1_10_0	reference	genre	DEL ti=0	87	87	87	0	925
111fa685	HI_1_10_0	reference	genre	DELTA ti=14	1	1	1	0	0
111fa685	HI_1_10_0	reference	genre	DELTA ti=20	319	319	319	0	3785
111fa685	HI_1_10_0	reference	liaison_du_masque_impossible	image-cle ou joker · 1re image-cle du chunk : ti=14 · bloc : gen 1 (eid gen 2), vivante true	1	1	0	0	0
111fa685	HI_1_10_0	reference	liaison_du_masque_impossible	image-cle ou joker · 1re image-cle du chunk : ti=20 · bloc : gen 1 (eid gen 1), vivante true	220	220	0	0	0
111fa685	HI_1_10_0	reference	liaison_du_masque_impossible	image-cle ou joker · 1re image-cle du chunk : ti=37 · bloc : gen 1 (eid gen 2), vivante true	1	1	0	0	0
111fa685	HI_1_10_0	reference	liaison_du_masque_impossible	image-cle ou joker · 1re image-cle du chunk : ti=47 · bloc : gen 1 (eid gen 0), vivante true	1	1	0	0	0
111fa685	HI_1_10_0	reference	liaison_du_masque_impossible	image-cle ou joker · 1re image-cle du chunk : ti=5 · bloc : gen 1 (eid gen 3), vivante true	1	1	0	0	0
111fa685	HI_1_10_0	reference	liaison_du_masque_impossible	table de datums ou anticipation · slot non declare par la 1re image-cle du chunk · bloc : gen 0 (eid gen 1), vivante false	169	169	0	0	0
111fa685	HI_1_10_0	ti20 i0 cas 2 du jeu	g1_g3_slot	ti=14 slot 1369 gen 2 · archetypes declares au film [14]	1	1	1	0	0
111fa685	HI_1_10_0	ti20 i0 cas 2 du jeu	g1_g3_slot	ti=20 slot 554 gen 1 · archetypes declares au film [20 35]	319	319	319	0	3785
111fa685	HI_1_10_0	ti20 i0 cas 2 du jeu	g1_ti20	masque 0x102000003 · i0 cas 0 · i0(2)+i1(16)	11	11	11	0	85
111fa685	HI_1_10_0	ti20 i0 cas 2 du jeu	g1_ti20	masque 0x102200003 · i0 cas 0 · i0(2)+i1(16)	29	29	29	0	222
111fa685	HI_1_10_0	ti20 i0 cas 2 du jeu	g1_ti20	masque 0x142200003 · i0 cas 0 · i0(2)+i1(16)	1	1	1	0	8
111fa685	HI_1_10_0	ti20 i0 cas 2 du jeu	g1_ti20	masque 0x2000003 · i0 cas 0 · i0(2)+i1(16)	159	159	159	0	2036
111fa685	HI_1_10_0	ti20 i0 cas 2 du jeu	g1_ti20	masque 0x2200003 · i0 cas 0 · i0(2)+i1(16)	112	112	112	0	1342
111fa685	HI_1_10_0	ti20 i0 cas 2 du jeu	g1_ti20	masque 0x40002000003 · i0 cas 0 · i0(2)+i1(16)	1	1	1	0	17
111fa685	HI_1_10_0	ti20 i0 cas 2 du jeu	g1_ti20	masque 0xa00000012000003 · i0 cas 0 · i0(2)+i1(16)	5	5	5	0	59
111fa685	HI_1_10_0	ti20 i0 cas 2 du jeu	g1_ti20	masque 0xa00000012200003 · i0 cas 0 · i0(2)+i1(16)	1	1	1	0	16
111fa685	HI_1_10_0	ti20 i0 cas 2 du jeu	g1_ti20_pont	masque IMPOSSIBLE sous l archetype lie · pont : ambigu	181	181	181	0	1554
111fa685	HI_1_10_0	ti20 i0 cas 2 du jeu	g1_ti20_pont	masque IMPOSSIBLE sous l archetype lie · pont : masque vide	138	138	138	0	2231
111fa685	HI_1_10_0	ti20 i0 cas 2 du jeu	g2_del	eid du DEL : aucune allocation · lie au monde apres le paquet : false	85	85	85	0	925
111fa685	HI_1_10_0	ti20 i0 cas 2 du jeu	g2_del	eid du DEL : realloue sous une autre generation · lie au monde apres le paquet : false	1	1	1	0	0
111fa685	HI_1_10_0	ti20 i0 cas 2 du jeu	g2_del	eid du DEL : vivant au bloc du chunk · lie au monde apres le paquet : false	1	1	1	0	0
111fa685	HI_1_10_0	ti20 i0 cas 2 du jeu	g2_del_nombre_de_records	10 records lus	6	6	6	0	42
111fa685	HI_1_10_0	ti20 i0 cas 2 du jeu	g2_del_nombre_de_records	11 records lus	13	13	13	0	104
111fa685	HI_1_10_0	ti20 i0 cas 2 du jeu	g2_del_nombre_de_records	12 records lus	8	8	8	0	67
111fa685	HI_1_10_0	ti20 i0 cas 2 du jeu	g2_del_nombre_de_records	13 records lus	5	5	5	0	48
111fa685	HI_1_10_0	ti20 i0 cas 2 du jeu	g2_del_nombre_de_records	14 records lus	2	2	2	0	21
111fa685	HI_1_10_0	ti20 i0 cas 2 du jeu	g2_del_nombre_de_records	15 records lus	1	1	1	0	12
111fa685	HI_1_10_0	ti20 i0 cas 2 du jeu	g2_del_nombre_de_records	16 records lus	8	8	8	0	98
111fa685	HI_1_10_0	ti20 i0 cas 2 du jeu	g2_del_nombre_de_records	17 records lus	3	3	3	0	40
111fa685	HI_1_10_0	ti20 i0 cas 2 du jeu	g2_del_nombre_de_records	18 records lus	3	3	3	0	45
111fa685	HI_1_10_0	ti20 i0 cas 2 du jeu	g2_del_nombre_de_records	19 records lus	9	9	9	0	144
111fa685	HI_1_10_0	ti20 i0 cas 2 du jeu	g2_del_nombre_de_records	2 records lus	7	7	7	0	1
111fa685	HI_1_10_0	ti20 i0 cas 2 du jeu	g2_del_nombre_de_records	20 records lus	15	15	15	0	252
111fa685	HI_1_10_0	ti20 i0 cas 2 du jeu	g2_del_nombre_de_records	21 records lus	2	2	2	0	31
111fa685	HI_1_10_0	ti20 i0 cas 2 du jeu	g2_del_nombre_de_records	22 records lus	1	1	1	0	17
111fa685	HI_1_10_0	ti20 i0 cas 2 du jeu	g2_del_nombre_de_records	3 records lus	3	3	3	0	2
111fa685	HI_1_10_0	ti20 i0 cas 2 du jeu	g2_del_nombre_de_records	5 records lus	1	1	1	0	1
111fa685	HI_1_10_0	ti20 i0 cas 2 du jeu	g2_del_premier_non_del_avant	1 DEL · DELTA ti=20 i0(2)+i1(16) · masque IMPOSSIBLE sous l archetype lie · pont : ambigu	39	39	39	0	356
111fa685	HI_1_10_0	ti20 i0 cas 2 du jeu	g2_del_premier_non_del_avant	1 DEL · DELTA ti=20 i0(2)+i1(16) · masque IMPOSSIBLE sous l archetype lie · pont : masque vide	31	31	31	0	494
111fa685	HI_1_10_0	ti20 i0 cas 2 du jeu	g2_del_premier_non_del_avant	1 DEL · DELTA ti=37 i1(30)+i2(28)+i3(28)+i5(29)+i6(163)+i8(49)+i12(17)+i13(24)+i14(113)+i15(479)+i17(76)+i18(1)+i20(1)+i22(5)+i25(8)+i26(10)+i28(5)+i30(1) · masque IMPOSSIBLE sous l archetype lie · pont ti=37 (= archetype lie)	1	1	1	0	8
111fa685	HI_1_10_0	ti20 i0 cas 2 du jeu	g2_del_premier_non_del_avant	1 DEL · DELTA ti=5 aucun composant · masque possible · pont ti=5 (= archetype lie)	1	1	1	0	0
111fa685	HI_1_10_0	ti20 i0 cas 2 du jeu	g2_del_premier_non_del_avant	1 DEL · NEW ti=0 aucun composant	2	2	2	0	17
111fa685	HI_1_10_0	ti20 i0 cas 2 du jeu	g2_del_premier_non_del_avant	1 DEL · NEW ti=16 aucun composant	1	1	1	0	17
111fa685	HI_1_10_0	ti20 i0 cas 2 du jeu	g2_del_premier_non_del_avant	1 DEL · NEW ti=37 i11(1)+i21(13)+i24(14)	1	1	1	0	0
111fa685	HI_1_10_0	ti20 i0 cas 2 du jeu	g2_del_premier_non_del_avant	1 DEL · NEW ti=37 i3(28)+i12(1)+i18(1)	1	1	1	0	0
111fa685	HI_1_10_0	ti20 i0 cas 2 du jeu	g2_del_premier_non_del_avant	1 DEL · NEW ti=41 aucun composant	1	1	1	0	0
111fa685	HI_1_10_0	ti20 i0 cas 2 du jeu	g2_del_premier_non_del_avant	1 DEL · NEW ti=41 i0(60)+i3(28)+i5(29)+i7(80)+i16(5)+i18(21)+i19(1)	1	1	1	0	1
111fa685	HI_1_10_0	ti20 i0 cas 2 du jeu	g2_del_premier_non_del_avant	1 DEL · NEW ti=41 i2(9)+i3(28)+i5(29)+i14(113)+i16(5)+i17(64)+i20(9)+i21(1)	1	1	1	0	0
111fa685	HI_1_10_0	ti20 i0 cas 2 du jeu	g2_del_premier_non_del_avant	1 DEL · NEW ti=41 i3(28)+i6(73)+i14(113)+i15(507)	1	1	1	0	0
111fa685	HI_1_10_0	ti20 i0 cas 2 du jeu	g2_del_premier_non_del_avant	1 DEL · NEW ti=41 i8(61)+i20(1)	1	1	1	0	0
111fa685	HI_1_10_0	ti20 i0 cas 2 du jeu	g2_del_premier_non_del_avant	1 DEL · NEW ti=47 i1(24)+i2(33)	1	1	1	0	7
111fa685	HI_1_10_0	ti20 i0 cas 2 du jeu	g2_del_premier_non_del_avant	2 DEL · DELTA ti=47 aucun composant · masque IMPOSSIBLE sous l archetype lie · pont ti=47 (= archetype lie)	1	1	1	0	15
111fa685	HI_1_10_0	ti20 i0 cas 2 du jeu	g2_del_premier_non_del_avant	2 DEL · DELTA ti=5 i9(3) · masque IMPOSSIBLE sous l archetype lie · pont ti=5 (= archetype lie)	1	1	1	0	8
111fa685	HI_1_10_0	ti20 i0 cas 2 du jeu	g2_del_premier_non_del_avant	2 DEL · NEW ti=41 i0(51)+i1(30)+i4(11)+i5(55)+i6(91)+i12(1)+i14(113)+i15(230)+i18(2)+i20(9)+i21(1)	1	1	1	0	1
111fa685	HI_1_10_0	ti20 i0 cas 2 du jeu	g2_del_premier_non_del_avant	2 DEL · NEW ti=41 i0(60)	1	1	1	0	1
111fa685	HI_1_10_0	ti20 i0 cas 2 du jeu	g3_ti14	masque 0x80000 · aucun composant	1	1	1	0	0
111fa685	HI_1_10_0	ti20 i0 cas 2 du jeu	g3_ti14_pont	masque IMPOSSIBLE sous l archetype lie · pont : masque vide	1	1	1	0	0
111fa685	HI_1_10_0	ti20 i0 cas 2 du jeu	genre	DEL ti=0	87	87	87	0	925
111fa685	HI_1_10_0	ti20 i0 cas 2 du jeu	genre	DELTA ti=14	1	1	1	0	0
111fa685	HI_1_10_0	ti20 i0 cas 2 du jeu	genre	DELTA ti=20	319	319	319	0	3785
111fa685	HI_1_10_0	ti20 i0 cas 2 du jeu	liaison_du_masque_impossible	image-cle ou joker · 1re image-cle du chunk : ti=14 · bloc : gen 1 (eid gen 2), vivante true	1	1	0	0	0
111fa685	HI_1_10_0	ti20 i0 cas 2 du jeu	liaison_du_masque_impossible	image-cle ou joker · 1re image-cle du chunk : ti=20 · bloc : gen 1 (eid gen 1), vivante true	220	220	0	0	0
111fa685	HI_1_10_0	ti20 i0 cas 2 du jeu	liaison_du_masque_impossible	image-cle ou joker · 1re image-cle du chunk : ti=37 · bloc : gen 1 (eid gen 2), vivante true	1	1	0	0	0
111fa685	HI_1_10_0	ti20 i0 cas 2 du jeu	liaison_du_masque_impossible	image-cle ou joker · 1re image-cle du chunk : ti=47 · bloc : gen 1 (eid gen 0), vivante true	1	1	0	0	0
111fa685	HI_1_10_0	ti20 i0 cas 2 du jeu	liaison_du_masque_impossible	image-cle ou joker · 1re image-cle du chunk : ti=5 · bloc : gen 1 (eid gen 3), vivante true	1	1	0	0	0
111fa685	HI_1_10_0	ti20 i0 cas 2 du jeu	liaison_du_masque_impossible	table de datums ou anticipation · slot non declare par la 1re image-cle du chunk · bloc : gen 0 (eid gen 1), vivante false	169	169	0	0	0
11de8353	HI_1_9_0	desaveu NEW a masque impossible	g1_g3_slot	ti=20 slot 610 gen 1 · archetypes declares au film [20 35]	94	94	94	0	1522
11de8353	HI_1_9_0	desaveu NEW a masque impossible	g1_g3_slot	ti=20 slot 611 gen 1 · archetypes declares au film [20 35]	11	11	11	0	170
11de8353	HI_1_9_0	desaveu NEW a masque impossible	g1_ti20	masque 0x2000003 · i0 cas 0 · i0(2)+i1(16)	31	31	31	0	504
11de8353	HI_1_9_0	desaveu NEW a masque impossible	g1_ti20	masque 0x2200000 · i0 absent · aucun composant	29	29	29	0	455
11de8353	HI_1_9_0	desaveu NEW a masque impossible	g1_ti20	masque 0x2200003 · i0 cas 0 · i0(2)+i1(16)	45	45	45	0	733
11de8353	HI_1_9_0	desaveu NEW a masque impossible	g1_ti20_pont	masque IMPOSSIBLE sous l archetype lie · pont : masque vide	105	105	105	0	1692
11de8353	HI_1_9_0	desaveu NEW a masque impossible	g2_del	eid du DEL : aucune allocation · lie au monde apres le paquet : false	3	3	3	0	1
11de8353	HI_1_9_0	desaveu NEW a masque impossible	g2_del	eid du DEL : vivant au bloc du chunk · lie au monde apres le paquet : false	1	1	1	0	1
11de8353	HI_1_9_0	desaveu NEW a masque impossible	g2_del_nombre_de_records	2 records lus	4	4	4	0	2
11de8353	HI_1_9_0	desaveu NEW a masque impossible	g2_del_premier_non_del_avant	1 DEL · NEW ti=41 aucun composant	1	1	1	0	0
11de8353	HI_1_9_0	desaveu NEW a masque impossible	g2_del_premier_non_del_avant	1 DEL · NEW ti=41 i0(60)+i3(1)	1	1	1	0	1
11de8353	HI_1_9_0	desaveu NEW a masque impossible	g2_del_premier_non_del_avant	1 DEL · NEW ti=41 i10(3)+i13(8)+i16(5)+i18(2)	1	1	1	0	1
11de8353	HI_1_9_0	desaveu NEW a masque impossible	g2_del_premier_non_del_avant	1 DEL · NEW ti=41 i15(975)+i17(104)	1	1	1	0	0
11de8353	HI_1_9_0	desaveu NEW a masque impossible	genre	DEL ti=0	4	4	4	0	2
11de8353	HI_1_9_0	desaveu NEW a masque impossible	genre	DELTA ti=20	105	105	105	0	1692
11de8353	HI_1_9_0	desaveu NEW a masque impossible	liaison_du_masque_impossible	image-cle ou joker · 1re image-cle du chunk : ti=20 · bloc : gen 0 (eid gen 1), vivante false	105	105	0	0	0
11de8353	HI_1_9_0	desaveu des deux	g2_del	eid du DEL : aucune allocation · lie au monde apres le paquet : false	3	3	3	0	1
11de8353	HI_1_9_0	desaveu des deux	g2_del	eid du DEL : vivant au bloc du chunk · lie au monde apres le paquet : false	1	1	1	0	1
11de8353	HI_1_9_0	desaveu des deux	g2_del_nombre_de_records	2 records lus	4	4	4	0	2
11de8353	HI_1_9_0	desaveu des deux	g2_del_premier_non_del_avant	1 DEL · NEW ti=41 aucun composant	1	1	1	0	0
11de8353	HI_1_9_0	desaveu des deux	g2_del_premier_non_del_avant	1 DEL · NEW ti=41 i0(60)+i3(1)	1	1	1	0	1
11de8353	HI_1_9_0	desaveu des deux	g2_del_premier_non_del_avant	1 DEL · NEW ti=41 i10(3)+i13(8)+i16(5)+i18(2)	1	1	1	0	1
11de8353	HI_1_9_0	desaveu des deux	g2_del_premier_non_del_avant	1 DEL · NEW ti=41 i15(975)+i17(104)	1	1	1	0	0
11de8353	HI_1_9_0	desaveu des deux	genre	DEL ti=0	4	4	4	0	2
11de8353	HI_1_9_0	desaveu image-cle hors bloc	g1_g3_slot	ti=14 slot 688 gen 1 · archetypes declares au film [35]	273	273	273	0	4317
11de8353	HI_1_9_0	desaveu image-cle hors bloc	g2_del	eid du DEL : aucune allocation · lie au monde apres le paquet : false	5	5	5	0	36
11de8353	HI_1_9_0	desaveu image-cle hors bloc	g2_del	eid du DEL : vivant au bloc du chunk · lie au monde apres le paquet : false	1	1	1	0	1
11de8353	HI_1_9_0	desaveu image-cle hors bloc	g2_del_nombre_de_records	2 records lus	4	4	4	0	2
11de8353	HI_1_9_0	desaveu image-cle hors bloc	g2_del_nombre_de_records	21 records lus	1	1	1	0	18
11de8353	HI_1_9_0	desaveu image-cle hors bloc	g2_del_nombre_de_records	22 records lus	1	1	1	0	17
11de8353	HI_1_9_0	desaveu image-cle hors bloc	g2_del_premier_non_del_avant	1 DEL · DELTA ti=35 i58(31)+i59(5) · masque possible · pont ti=35 (= archetype lie)	1	1	1	0	18
11de8353	HI_1_9_0	desaveu image-cle hors bloc	g2_del_premier_non_del_avant	1 DEL · NEW ti=41 aucun composant	1	1	1	0	0
11de8353	HI_1_9_0	desaveu image-cle hors bloc	g2_del_premier_non_del_avant	1 DEL · NEW ti=41 i0(60)+i3(1)	1	1	1	0	1
11de8353	HI_1_9_0	desaveu image-cle hors bloc	g2_del_premier_non_del_avant	1 DEL · NEW ti=41 i10(3)+i13(8)+i16(5)+i18(2)	1	1	1	0	1
11de8353	HI_1_9_0	desaveu image-cle hors bloc	g2_del_premier_non_del_avant	1 DEL · NEW ti=41 i15(975)+i17(104)	1	1	1	0	0
11de8353	HI_1_9_0	desaveu image-cle hors bloc	g2_del_premier_non_del_avant	2 DEL · NEW ti=3 aucun composant	1	1	1	0	17
11de8353	HI_1_9_0	desaveu image-cle hors bloc	g3_ti14	masque 0x101000002000003 · i0(4)+i1(1)	1	1	1	0	17
11de8353	HI_1_9_0	desaveu image-cle hors bloc	g3_ti14	masque 0x2000000 · aucun composant	1	1	1	0	17
11de8353	HI_1_9_0	desaveu image-cle hors bloc	g3_ti14	masque 0x2000002 · i1(1)	1	1	1	0	16
11de8353	HI_1_9_0	desaveu image-cle hors bloc	g3_ti14	masque 0x2000003 · i0(4)+i1(1)	71	71	71	0	1147
11de8353	HI_1_9_0	desaveu image-cle hors bloc	g3_ti14	masque 0x2008003 · i0(4)+i1(1)	1	1	1	0	17
11de8353	HI_1_9_0	desaveu image-cle hors bloc	g3_ti14	masque 0x202200003 · i0(4)+i1(1)	6	6	6	0	86
11de8353	HI_1_9_0	desaveu image-cle hors bloc	g3_ti14	masque 0x2200000 · aucun composant	31	31	31	0	471
11de8353	HI_1_9_0	desaveu image-cle hors bloc	g3_ti14	masque 0x2200002 · i1(1)	4	4	4	0	60
11de8353	HI_1_9_0	desaveu image-cle hors bloc	g3_ti14	masque 0x2200003 · i0(4)+i1(1)	155	155	155	0	2452
11de8353	HI_1_9_0	desaveu image-cle hors bloc	g3_ti14	masque 0x40002000003 · i0(4)+i1(1)	1	1	1	0	17
11de8353	HI_1_9_0	desaveu image-cle hors bloc	g3_ti14	masque 0x6000003 · i0(4)+i1(1)	1	1	1	0	17
11de8353	HI_1_9_0	desaveu image-cle hors bloc	g3_ti14_pont	masque IMPOSSIBLE sous l archetype lie · pont : masque vide	273	273	273	0	4317
11de8353	HI_1_9_0	desaveu image-cle hors bloc	genre	DEL ti=0	6	6	6	0	37
11de8353	HI_1_9_0	desaveu image-cle hors bloc	genre	DELTA ti=14	273	273	273	0	4317
11de8353	HI_1_9_0	desaveu image-cle hors bloc	liaison_du_masque_impossible	NEW (eid complet) · slot non declare par la 1re image-cle du chunk · bloc : gen 0 (eid gen 1), vivante false	273	273	0	0	0
11de8353	HI_1_9_0	oracle archetype force ti=35	g1_g3_slot	ti=20 slot 611 gen 1 · archetypes declares au film [20 35]	45	45	45	0	798
11de8353	HI_1_9_0	oracle archetype force ti=35	g1_ti20	masque 0x2000000 · i0 absent · aucun composant	1	1	1	0	15
11de8353	HI_1_9_0	oracle archetype force ti=35	g1_ti20	masque 0x2000003 · i0 cas 0 · i0(2)+i1(16)	22	22	22	0	390
11de8353	HI_1_9_0	oracle archetype force ti=35	g1_ti20	masque 0x2200003 · i0 cas 0 · i0(2)+i1(16)	22	22	22	0	393
11de8353	HI_1_9_0	oracle archetype force ti=35	g1_ti20_pont	masque IMPOSSIBLE sous l archetype lie · pont : masque vide	45	45	45	0	798
11de8353	HI_1_9_0	oracle archetype force ti=35	g2_del	eid du DEL : aucune allocation · lie au monde apres le paquet : false	4	4	4	0	19
11de8353	HI_1_9_0	oracle archetype force ti=35	g2_del	eid du DEL : vivant au bloc du chunk · lie au monde apres le paquet : false	2	2	2	0	19
11de8353	HI_1_9_0	oracle archetype force ti=35	g2_del_nombre_de_records	2 records lus	4	4	4	0	2
11de8353	HI_1_9_0	oracle archetype force ti=35	g2_del_nombre_de_records	21 records lus	1	1	1	0	18
11de8353	HI_1_9_0	oracle archetype force ti=35	g2_del_nombre_de_records	22 records lus	1	1	1	0	18
11de8353	HI_1_9_0	oracle archetype force ti=35	g2_del_premier_non_del_avant	1 DEL · DELTA ti=37 i0(60)+i4(11)+i6(31)+i8(23)+i9(790)+i10(96)+i12(17)+i13(8)+i14(113)+i16(5)+i17(104)+i18(1)+i19(6)+i21(13)+i22(5)+i26(10)+i27(8)+i28(140)+i29(19) · masque IMPOSSIBLE sous l archetype lie · pont : masque vide	1	1	1	0	18
11de8353	HI_1_9_0	oracle archetype force ti=35	g2_del_premier_non_del_avant	1 DEL · NEW ti=41 aucun composant	1	1	1	0	0
11de8353	HI_1_9_0	oracle archetype force ti=35	g2_del_premier_non_del_avant	1 DEL · NEW ti=41 i0(60)+i3(1)	1	1	1	0	1
11de8353	HI_1_9_0	oracle archetype force ti=35	g2_del_premier_non_del_avant	1 DEL · NEW ti=41 i10(3)+i13(8)+i16(5)+i18(2)	1	1	1	0	1
11de8353	HI_1_9_0	oracle archetype force ti=35	g2_del_premier_non_del_avant	1 DEL · NEW ti=41 i15(975)+i17(104)	1	1	1	0	0
11de8353	HI_1_9_0	oracle archetype force ti=35	g2_del_premier_non_del_avant	1 DEL · NEW ti=43 i9(1)	1	1	1	0	18
11de8353	HI_1_9_0	oracle archetype force ti=35	genre	DEL ti=0	6	6	6	0	38
11de8353	HI_1_9_0	oracle archetype force ti=35	genre	DELTA ti=20	45	45	45	0	798
11de8353	HI_1_9_0	oracle archetype force ti=35	liaison_du_masque_impossible	image-cle ou joker · 1re image-cle du chunk : ti=20 · bloc : gen 0 (eid gen 1), vivante false	45	45	0	0	0
11de8353	HI_1_9_0	oracle archetype force ti=35	liaison_du_masque_impossible	table de datums ou anticipation · slot non declare par la 1re image-cle du chunk · bloc : gen 0 (eid gen 1), vivante false	1	1	0	0	0
11de8353	HI_1_9_0	oracle archetype force ti=40	g1_g3_slot	ti=20 slot 611 gen 1 · archetypes declares au film [20 35]	45	45	45	0	796
11de8353	HI_1_9_0	oracle archetype force ti=40	g1_ti20	masque 0x2000000 · i0 absent · aucun composant	1	1	1	0	15
11de8353	HI_1_9_0	oracle archetype force ti=40	g1_ti20	masque 0x2000003 · i0 cas 0 · i0(2)+i1(16)	22	22	22	0	388
11de8353	HI_1_9_0	oracle archetype force ti=40	g1_ti20	masque 0x2200003 · i0 cas 0 · i0(2)+i1(16)	22	22	22	0	393
11de8353	HI_1_9_0	oracle archetype force ti=40	g1_ti20_pont	masque IMPOSSIBLE sous l archetype lie · pont : masque vide	45	45	45	0	796
11de8353	HI_1_9_0	oracle archetype force ti=40	g2_del	eid du DEL : aucune allocation · lie au monde apres le paquet : false	4	4	4	0	19
11de8353	HI_1_9_0	oracle archetype force ti=40	g2_del	eid du DEL : vivant au bloc du chunk · lie au monde apres le paquet : false	2	2	2	0	19
11de8353	HI_1_9_0	oracle archetype force ti=40	g2_del_nombre_de_records	2 records lus	4	4	4	0	2
11de8353	HI_1_9_0	oracle archetype force ti=40	g2_del_nombre_de_records	21 records lus	1	1	1	0	18
11de8353	HI_1_9_0	oracle archetype force ti=40	g2_del_nombre_de_records	22 records lus	1	1	1	0	18
11de8353	HI_1_9_0	oracle archetype force ti=40	g2_del_premier_non_del_avant	1 DEL · DELTA ti=37 i0(60)+i4(11)+i6(31)+i8(23)+i9(790)+i10(96)+i12(17)+i13(8)+i14(113)+i16(5)+i17(104)+i18(1)+i19(6)+i21(13)+i22(5)+i26(10)+i27(8)+i28(140)+i29(19) · masque IMPOSSIBLE sous l archetype lie · pont : masque vide	1	1	1	0	18
11de8353	HI_1_9_0	oracle archetype force ti=40	g2_del_premier_non_del_avant	1 DEL · NEW ti=41 aucun composant	1	1	1	0	0
11de8353	HI_1_9_0	oracle archetype force ti=40	g2_del_premier_non_del_avant	1 DEL · NEW ti=41 i0(60)+i3(1)	1	1	1	0	1
11de8353	HI_1_9_0	oracle archetype force ti=40	g2_del_premier_non_del_avant	1 DEL · NEW ti=41 i10(3)+i13(8)+i16(5)+i18(2)	1	1	1	0	1
11de8353	HI_1_9_0	oracle archetype force ti=40	g2_del_premier_non_del_avant	1 DEL · NEW ti=41 i15(975)+i17(104)	1	1	1	0	0
11de8353	HI_1_9_0	oracle archetype force ti=40	g2_del_premier_non_del_avant	1 DEL · NEW ti=43 i9(1)	1	1	1	0	18
11de8353	HI_1_9_0	oracle archetype force ti=40	genre	DEL ti=0	6	6	6	0	38
11de8353	HI_1_9_0	oracle archetype force ti=40	genre	DELTA ti=20	45	45	45	0	796
11de8353	HI_1_9_0	oracle archetype force ti=40	liaison_du_masque_impossible	image-cle ou joker · 1re image-cle du chunk : ti=20 · bloc : gen 0 (eid gen 1), vivante false	45	45	0	0	0
11de8353	HI_1_9_0	oracle archetype force ti=40	liaison_du_masque_impossible	table de datums ou anticipation · slot non declare par la 1re image-cle du chunk · bloc : gen 0 (eid gen 1), vivante false	1	1	0	0	0
11de8353	HI_1_9_0	oracle du pont (masque impossible)	g1_g3_slot	ti=14 slot 688 gen 1 · archetypes declares au film [35]	273	273	273	0	4317
11de8353	HI_1_9_0	oracle du pont (masque impossible)	g1_g3_slot	ti=20 slot 610 gen 1 · archetypes declares au film [20 35]	94	94	94	0	1522
11de8353	HI_1_9_0	oracle du pont (masque impossible)	g1_g3_slot	ti=20 slot 611 gen 1 · archetypes declares au film [20 35]	11	11	11	0	170
11de8353	HI_1_9_0	oracle du pont (masque impossible)	g1_ti20	masque 0x2000003 · i0 cas 0 · i0(2)+i1(16)	31	31	31	0	504
11de8353	HI_1_9_0	oracle du pont (masque impossible)	g1_ti20	masque 0x2200000 · i0 absent · aucun composant	29	29	29	0	455
11de8353	HI_1_9_0	oracle du pont (masque impossible)	g1_ti20	masque 0x2200003 · i0 cas 0 · i0(2)+i1(16)	45	45	45	0	733
11de8353	HI_1_9_0	oracle du pont (masque impossible)	g1_ti20_pont	masque IMPOSSIBLE sous l archetype lie · pont : masque vide	105	105	105	0	1692
11de8353	HI_1_9_0	oracle du pont (masque impossible)	g2_del	eid du DEL : aucune allocation · lie au monde apres le paquet : false	5	5	5	0	36
11de8353	HI_1_9_0	oracle du pont (masque impossible)	g2_del	eid du DEL : vivant au bloc du chunk · lie au monde apres le paquet : false	1	1	1	0	1
11de8353	HI_1_9_0	oracle du pont (masque impossible)	g2_del_nombre_de_records	2 records lus	4	4	4	0	2
11de8353	HI_1_9_0	oracle du pont (masque impossible)	g2_del_nombre_de_records	21 records lus	1	1	1	0	18
11de8353	HI_1_9_0	oracle du pont (masque impossible)	g2_del_nombre_de_records	22 records lus	1	1	1	0	17
11de8353	HI_1_9_0	oracle du pont (masque impossible)	g2_del_premier_non_del_avant	1 DEL · DELTA ti=35 i58(31)+i59(5) · masque possible · pont ti=35 (= archetype lie)	1	1	1	0	18
11de8353	HI_1_9_0	oracle du pont (masque impossible)	g2_del_premier_non_del_avant	1 DEL · NEW ti=41 aucun composant	1	1	1	0	0
11de8353	HI_1_9_0	oracle du pont (masque impossible)	g2_del_premier_non_del_avant	1 DEL · NEW ti=41 i0(60)+i3(1)	1	1	1	0	1
11de8353	HI_1_9_0	oracle du pont (masque impossible)	g2_del_premier_non_del_avant	1 DEL · NEW ti=41 i10(3)+i13(8)+i16(5)+i18(2)	1	1	1	0	1
11de8353	HI_1_9_0	oracle du pont (masque impossible)	g2_del_premier_non_del_avant	1 DEL · NEW ti=41 i15(975)+i17(104)	1	1	1	0	0
11de8353	HI_1_9_0	oracle du pont (masque impossible)	g2_del_premier_non_del_avant	2 DEL · NEW ti=3 aucun composant	1	1	1	0	17
11de8353	HI_1_9_0	oracle du pont (masque impossible)	g3_ti14	masque 0x101000002000003 · i0(4)+i1(1)	1	1	1	0	17
11de8353	HI_1_9_0	oracle du pont (masque impossible)	g3_ti14	masque 0x2000000 · aucun composant	1	1	1	0	17
11de8353	HI_1_9_0	oracle du pont (masque impossible)	g3_ti14	masque 0x2000002 · i1(1)	1	1	1	0	16
11de8353	HI_1_9_0	oracle du pont (masque impossible)	g3_ti14	masque 0x2000003 · i0(4)+i1(1)	71	71	71	0	1147
11de8353	HI_1_9_0	oracle du pont (masque impossible)	g3_ti14	masque 0x2008003 · i0(4)+i1(1)	1	1	1	0	17
11de8353	HI_1_9_0	oracle du pont (masque impossible)	g3_ti14	masque 0x202200003 · i0(4)+i1(1)	6	6	6	0	86
11de8353	HI_1_9_0	oracle du pont (masque impossible)	g3_ti14	masque 0x2200000 · aucun composant	31	31	31	0	471
11de8353	HI_1_9_0	oracle du pont (masque impossible)	g3_ti14	masque 0x2200002 · i1(1)	4	4	4	0	60
11de8353	HI_1_9_0	oracle du pont (masque impossible)	g3_ti14	masque 0x2200003 · i0(4)+i1(1)	155	155	155	0	2452
11de8353	HI_1_9_0	oracle du pont (masque impossible)	g3_ti14	masque 0x40002000003 · i0(4)+i1(1)	1	1	1	0	17
11de8353	HI_1_9_0	oracle du pont (masque impossible)	g3_ti14	masque 0x6000003 · i0(4)+i1(1)	1	1	1	0	17
11de8353	HI_1_9_0	oracle du pont (masque impossible)	g3_ti14_pont	masque IMPOSSIBLE sous l archetype lie · pont : masque vide	273	273	273	0	4317
11de8353	HI_1_9_0	oracle du pont (masque impossible)	genre	DEL ti=0	6	6	6	0	37
11de8353	HI_1_9_0	oracle du pont (masque impossible)	genre	DELTA ti=14	273	273	273	0	4317
11de8353	HI_1_9_0	oracle du pont (masque impossible)	genre	DELTA ti=20	105	105	105	0	1692
11de8353	HI_1_9_0	oracle du pont (masque impossible)	liaison_du_masque_impossible	NEW (eid complet) · slot non declare par la 1re image-cle du chunk · bloc : gen 0 (eid gen 1), vivante false	273	273	0	0	0
11de8353	HI_1_9_0	oracle du pont (masque impossible)	liaison_du_masque_impossible	image-cle ou joker · 1re image-cle du chunk : ti=20 · bloc : gen 0 (eid gen 1), vivante false	105	105	0	0	0
11de8353	HI_1_9_0	reference	g1_g3_slot	ti=14 slot 688 gen 1 · archetypes declares au film [35]	273	273	273	0	4317
11de8353	HI_1_9_0	reference	g1_g3_slot	ti=20 slot 610 gen 1 · archetypes declares au film [20 35]	94	94	94	0	1522
11de8353	HI_1_9_0	reference	g1_g3_slot	ti=20 slot 611 gen 1 · archetypes declares au film [20 35]	11	11	11	0	170
11de8353	HI_1_9_0	reference	g1_ti20	masque 0x2000003 · i0 cas 0 · i0(2)+i1(16)	31	31	31	0	504
11de8353	HI_1_9_0	reference	g1_ti20	masque 0x2200000 · i0 absent · aucun composant	29	29	29	0	455
11de8353	HI_1_9_0	reference	g1_ti20	masque 0x2200003 · i0 cas 0 · i0(2)+i1(16)	45	45	45	0	733
11de8353	HI_1_9_0	reference	g1_ti20_pont	masque IMPOSSIBLE sous l archetype lie · pont : masque vide	105	105	105	0	1692
11de8353	HI_1_9_0	reference	g2_del	eid du DEL : aucune allocation · lie au monde apres le paquet : false	5	5	5	0	36
11de8353	HI_1_9_0	reference	g2_del	eid du DEL : vivant au bloc du chunk · lie au monde apres le paquet : false	1	1	1	0	1
11de8353	HI_1_9_0	reference	g2_del_nombre_de_records	2 records lus	4	4	4	0	2
11de8353	HI_1_9_0	reference	g2_del_nombre_de_records	21 records lus	1	1	1	0	18
11de8353	HI_1_9_0	reference	g2_del_nombre_de_records	22 records lus	1	1	1	0	17
11de8353	HI_1_9_0	reference	g2_del_premier_non_del_avant	1 DEL · DELTA ti=35 i58(31)+i59(5) · masque possible · pont ti=35 (= archetype lie)	1	1	1	0	18
11de8353	HI_1_9_0	reference	g2_del_premier_non_del_avant	1 DEL · NEW ti=41 aucun composant	1	1	1	0	0
11de8353	HI_1_9_0	reference	g2_del_premier_non_del_avant	1 DEL · NEW ti=41 i0(60)+i3(1)	1	1	1	0	1
11de8353	HI_1_9_0	reference	g2_del_premier_non_del_avant	1 DEL · NEW ti=41 i10(3)+i13(8)+i16(5)+i18(2)	1	1	1	0	1
11de8353	HI_1_9_0	reference	g2_del_premier_non_del_avant	1 DEL · NEW ti=41 i15(975)+i17(104)	1	1	1	0	0
11de8353	HI_1_9_0	reference	g2_del_premier_non_del_avant	2 DEL · NEW ti=3 aucun composant	1	1	1	0	17
11de8353	HI_1_9_0	reference	g3_ti14	masque 0x101000002000003 · i0(4)+i1(1)	1	1	1	0	17
11de8353	HI_1_9_0	reference	g3_ti14	masque 0x2000000 · aucun composant	1	1	1	0	17
11de8353	HI_1_9_0	reference	g3_ti14	masque 0x2000002 · i1(1)	1	1	1	0	16
11de8353	HI_1_9_0	reference	g3_ti14	masque 0x2000003 · i0(4)+i1(1)	71	71	71	0	1147
11de8353	HI_1_9_0	reference	g3_ti14	masque 0x2008003 · i0(4)+i1(1)	1	1	1	0	17
11de8353	HI_1_9_0	reference	g3_ti14	masque 0x202200003 · i0(4)+i1(1)	6	6	6	0	86
11de8353	HI_1_9_0	reference	g3_ti14	masque 0x2200000 · aucun composant	31	31	31	0	471
11de8353	HI_1_9_0	reference	g3_ti14	masque 0x2200002 · i1(1)	4	4	4	0	60
11de8353	HI_1_9_0	reference	g3_ti14	masque 0x2200003 · i0(4)+i1(1)	155	155	155	0	2452
11de8353	HI_1_9_0	reference	g3_ti14	masque 0x40002000003 · i0(4)+i1(1)	1	1	1	0	17
11de8353	HI_1_9_0	reference	g3_ti14	masque 0x6000003 · i0(4)+i1(1)	1	1	1	0	17
11de8353	HI_1_9_0	reference	g3_ti14_pont	masque IMPOSSIBLE sous l archetype lie · pont : masque vide	273	273	273	0	4317
11de8353	HI_1_9_0	reference	genre	DEL ti=0	6	6	6	0	37
11de8353	HI_1_9_0	reference	genre	DELTA ti=14	273	273	273	0	4317
11de8353	HI_1_9_0	reference	genre	DELTA ti=20	105	105	105	0	1692
11de8353	HI_1_9_0	reference	liaison_du_masque_impossible	NEW (eid complet) · slot non declare par la 1re image-cle du chunk · bloc : gen 0 (eid gen 1), vivante false	273	273	0	0	0
11de8353	HI_1_9_0	reference	liaison_du_masque_impossible	image-cle ou joker · 1re image-cle du chunk : ti=20 · bloc : gen 0 (eid gen 1), vivante false	105	105	0	0	0
11de8353	HI_1_9_0	ti20 i0 cas 2 du jeu	g1_g3_slot	ti=14 slot 688 gen 1 · archetypes declares au film [35]	273	273	273	0	4317
11de8353	HI_1_9_0	ti20 i0 cas 2 du jeu	g1_g3_slot	ti=20 slot 610 gen 1 · archetypes declares au film [20 35]	94	94	94	0	1522
11de8353	HI_1_9_0	ti20 i0 cas 2 du jeu	g1_g3_slot	ti=20 slot 611 gen 1 · archetypes declares au film [20 35]	11	11	11	0	170
11de8353	HI_1_9_0	ti20 i0 cas 2 du jeu	g1_ti20	masque 0x2000003 · i0 cas 0 · i0(2)+i1(16)	31	31	31	0	504
11de8353	HI_1_9_0	ti20 i0 cas 2 du jeu	g1_ti20	masque 0x2200000 · i0 absent · aucun composant	29	29	29	0	455
11de8353	HI_1_9_0	ti20 i0 cas 2 du jeu	g1_ti20	masque 0x2200003 · i0 cas 0 · i0(2)+i1(16)	45	45	45	0	733
11de8353	HI_1_9_0	ti20 i0 cas 2 du jeu	g1_ti20_pont	masque IMPOSSIBLE sous l archetype lie · pont : masque vide	105	105	105	0	1692
11de8353	HI_1_9_0	ti20 i0 cas 2 du jeu	g2_del	eid du DEL : aucune allocation · lie au monde apres le paquet : false	5	5	5	0	36
11de8353	HI_1_9_0	ti20 i0 cas 2 du jeu	g2_del	eid du DEL : vivant au bloc du chunk · lie au monde apres le paquet : false	1	1	1	0	1
11de8353	HI_1_9_0	ti20 i0 cas 2 du jeu	g2_del_nombre_de_records	2 records lus	4	4	4	0	2
11de8353	HI_1_9_0	ti20 i0 cas 2 du jeu	g2_del_nombre_de_records	21 records lus	1	1	1	0	18
11de8353	HI_1_9_0	ti20 i0 cas 2 du jeu	g2_del_nombre_de_records	22 records lus	1	1	1	0	17
11de8353	HI_1_9_0	ti20 i0 cas 2 du jeu	g2_del_premier_non_del_avant	1 DEL · DELTA ti=35 i58(31)+i59(5) · masque possible · pont ti=35 (= archetype lie)	1	1	1	0	18
11de8353	HI_1_9_0	ti20 i0 cas 2 du jeu	g2_del_premier_non_del_avant	1 DEL · NEW ti=41 aucun composant	1	1	1	0	0
11de8353	HI_1_9_0	ti20 i0 cas 2 du jeu	g2_del_premier_non_del_avant	1 DEL · NEW ti=41 i0(60)+i3(1)	1	1	1	0	1
11de8353	HI_1_9_0	ti20 i0 cas 2 du jeu	g2_del_premier_non_del_avant	1 DEL · NEW ti=41 i10(3)+i13(8)+i16(5)+i18(2)	1	1	1	0	1
11de8353	HI_1_9_0	ti20 i0 cas 2 du jeu	g2_del_premier_non_del_avant	1 DEL · NEW ti=41 i15(975)+i17(104)	1	1	1	0	0
11de8353	HI_1_9_0	ti20 i0 cas 2 du jeu	g2_del_premier_non_del_avant	2 DEL · NEW ti=3 aucun composant	1	1	1	0	17
11de8353	HI_1_9_0	ti20 i0 cas 2 du jeu	g3_ti14	masque 0x101000002000003 · i0(4)+i1(1)	1	1	1	0	17
11de8353	HI_1_9_0	ti20 i0 cas 2 du jeu	g3_ti14	masque 0x2000000 · aucun composant	1	1	1	0	17
11de8353	HI_1_9_0	ti20 i0 cas 2 du jeu	g3_ti14	masque 0x2000002 · i1(1)	1	1	1	0	16
11de8353	HI_1_9_0	ti20 i0 cas 2 du jeu	g3_ti14	masque 0x2000003 · i0(4)+i1(1)	71	71	71	0	1147
11de8353	HI_1_9_0	ti20 i0 cas 2 du jeu	g3_ti14	masque 0x2008003 · i0(4)+i1(1)	1	1	1	0	17
11de8353	HI_1_9_0	ti20 i0 cas 2 du jeu	g3_ti14	masque 0x202200003 · i0(4)+i1(1)	6	6	6	0	86
11de8353	HI_1_9_0	ti20 i0 cas 2 du jeu	g3_ti14	masque 0x2200000 · aucun composant	31	31	31	0	471
11de8353	HI_1_9_0	ti20 i0 cas 2 du jeu	g3_ti14	masque 0x2200002 · i1(1)	4	4	4	0	60
11de8353	HI_1_9_0	ti20 i0 cas 2 du jeu	g3_ti14	masque 0x2200003 · i0(4)+i1(1)	155	155	155	0	2452
11de8353	HI_1_9_0	ti20 i0 cas 2 du jeu	g3_ti14	masque 0x40002000003 · i0(4)+i1(1)	1	1	1	0	17
11de8353	HI_1_9_0	ti20 i0 cas 2 du jeu	g3_ti14	masque 0x6000003 · i0(4)+i1(1)	1	1	1	0	17
11de8353	HI_1_9_0	ti20 i0 cas 2 du jeu	g3_ti14_pont	masque IMPOSSIBLE sous l archetype lie · pont : masque vide	273	273	273	0	4317
11de8353	HI_1_9_0	ti20 i0 cas 2 du jeu	genre	DEL ti=0	6	6	6	0	37
11de8353	HI_1_9_0	ti20 i0 cas 2 du jeu	genre	DELTA ti=14	273	273	273	0	4317
11de8353	HI_1_9_0	ti20 i0 cas 2 du jeu	genre	DELTA ti=20	105	105	105	0	1692
11de8353	HI_1_9_0	ti20 i0 cas 2 du jeu	liaison_du_masque_impossible	NEW (eid complet) · slot non declare par la 1re image-cle du chunk · bloc : gen 0 (eid gen 1), vivante false	273	273	0	0	0
11de8353	HI_1_9_0	ti20 i0 cas 2 du jeu	liaison_du_masque_impossible	image-cle ou joker · 1re image-cle du chunk : ti=20 · bloc : gen 0 (eid gen 1), vivante false	105	105	0	0	0
1c4c63c2	HI_1_10_0	desaveu NEW a masque impossible	g1_g3_slot	ti=20 slot 562 gen 1 · archetypes declares au film [20 35]	77	77	77	0	288
1c4c63c2	HI_1_10_0	desaveu NEW a masque impossible	g1_g3_slot	ti=20 slot 591 gen 1 · archetypes declares au film [20]	10	10	10	0	175
1c4c63c2	HI_1_10_0	desaveu NEW a masque impossible	g1_ti20	masque 0x102000023 · i0 cas 0 · i0(2)+i1(16)	3	3	3	0	11
1c4c63c2	HI_1_10_0	desaveu NEW a masque impossible	g1_ti20	masque 0x102200023 · i0 cas 0 · i0(2)+i1(16)	13	13	13	0	47
1c4c63c2	HI_1_10_0	desaveu NEW a masque impossible	g1_ti20	masque 0x2000023 · i0 cas 0 · i0(2)+i1(16)	23	23	23	0	92
1c4c63c2	HI_1_10_0	desaveu NEW a masque impossible	g1_ti20	masque 0x2200000 · i0 absent · aucun composant	18	18	18	0	194
1c4c63c2	HI_1_10_0	desaveu NEW a masque impossible	g1_ti20	masque 0x2200023 · i0 cas 0 · i0(2)+i1(16)	29	29	29	0	116
1c4c63c2	HI_1_10_0	desaveu NEW a masque impossible	g1_ti20	masque 0x9c0742640830 · i0 absent · aucun composant	1	1	1	0	3
1c4c63c2	HI_1_10_0	desaveu NEW a masque impossible	g1_ti20_pont	masque IMPOSSIBLE sous l archetype lie · pont : masque vide	10	10	10	0	175
1c4c63c2	HI_1_10_0	desaveu NEW a masque impossible	g1_ti20_pont	masque IMPOSSIBLE sous l archetype lie · pont ti=20 (= archetype lie)	77	77	77	0	288
1c4c63c2	HI_1_10_0	desaveu NEW a masque impossible	g2_del	eid du DEL : aucune allocation · lie au monde apres le paquet : false	11	11	11	0	36
1c4c63c2	HI_1_10_0	desaveu NEW a masque impossible	g2_del	eid du DEL : vivant au bloc du chunk · lie au monde apres le paquet : false	1	1	1	0	0
1c4c63c2	HI_1_10_0	desaveu NEW a masque impossible	g2_del_nombre_de_records	13 records lus	1	1	1	0	8
1c4c63c2	HI_1_10_0	desaveu NEW a masque impossible	g2_del_nombre_de_records	2 records lus	8	8	8	0	4
1c4c63c2	HI_1_10_0	desaveu NEW a masque impossible	g2_del_nombre_de_records	27 records lus	1	1	1	0	23
1c4c63c2	HI_1_10_0	desaveu NEW a masque impossible	g2_del_nombre_de_records	3 records lus	2	2	2	0	1
1c4c63c2	HI_1_10_0	desaveu NEW a masque impossible	g2_del_premier_non_del_avant	1 DEL · DELTA ti=37 i28(20)+i29(2) · masque possible · pont : masque vide	1	1	1	0	23
1c4c63c2	HI_1_10_0	desaveu NEW a masque impossible	g2_del_premier_non_del_avant	1 DEL · NEW ti=0 aucun composant	2	2	2	0	1
1c4c63c2	HI_1_10_0	desaveu NEW a masque impossible	g2_del_premier_non_del_avant	1 DEL · NEW ti=29 i0(38)+i5(38)+i6(38)+i8(33)+i14(38)+i17(33)+i18(33)+i20(38)	1	1	1	0	8
1c4c63c2	HI_1_10_0	desaveu NEW a masque impossible	g2_del_premier_non_del_avant	1 DEL · NEW ti=38 aucun composant	1	1	1	0	0
1c4c63c2	HI_1_10_0	desaveu NEW a masque impossible	g2_del_premier_non_del_avant	1 DEL · NEW ti=38 i3(1)+i5(29)+i7(366)	1	1	1	0	0
1c4c63c2	HI_1_10_0	desaveu NEW a masque impossible	g2_del_premier_non_del_avant	1 DEL · NEW ti=41 aucun composant	1	1	1	0	0
1c4c63c2	HI_1_10_0	desaveu NEW a masque impossible	g2_del_premier_non_del_avant	1 DEL · NEW ti=41 i0(51)+i1(30)+i4(11)+i5(29)+i6(37)+i10(9)+i13(91)+i15(76)+i18(21)+i19(1)+i21(1)	1	1	1	0	1
1c4c63c2	HI_1_10_0	desaveu NEW a masque impossible	g2_del_premier_non_del_avant	1 DEL · NEW ti=41 i10(3)+i13(8)+i16(5)+i18(2)	1	1	1	0	1
1c4c63c2	HI_1_10_0	desaveu NEW a masque impossible	g2_del_premier_non_del_avant	1 DEL · NEW ti=41 i11(1)+i13(8)+i14(113)+i15(670)+i16(5)+i18(2)	1	1	1	0	1
1c4c63c2	HI_1_10_0	desaveu NEW a masque impossible	g2_del_premier_non_del_avant	1 DEL · NEW ti=41 i13(8)+i16(5)	1	1	1	0	0
1c4c63c2	HI_1_10_0	desaveu NEW a masque impossible	g2_del_premier_non_del_avant	1 DEL · NEW ti=41 i4(11)+i5(29)+i6(10)+i7(470)+i16(5)+i18(21)+i19(1)	1	1	1	0	1
1c4c63c2	HI_1_10_0	desaveu NEW a masque impossible	genre	DEL ti=0	12	12	12	0	36
1c4c63c2	HI_1_10_0	desaveu NEW a masque impossible	genre	DELTA ti=20	87	87	87	0	463
1c4c63c2	HI_1_10_0	desaveu NEW a masque impossible	liaison_du_masque_impossible	image-cle ou joker · 1re image-cle du chunk : ti=20 · bloc : gen 1 (eid gen 1), vivante true	77	77	0	0	0
1c4c63c2	HI_1_10_0	desaveu NEW a masque impossible	liaison_du_masque_impossible	table de datums ou anticipation · slot non declare par la 1re image-cle du chunk · bloc : gen 0 (eid gen 1), vivante false	10	10	0	0	0
1c4c63c2	HI_1_10_0	desaveu des deux	g1_g3_slot	ti=20 slot 562 gen 1 · archetypes declares au film [20 35]	77	77	77	0	288
1c4c63c2	HI_1_10_0	desaveu des deux	g1_g3_slot	ti=20 slot 591 gen 1 · archetypes declares au film [20]	10	10	10	0	175
1c4c63c2	HI_1_10_0	desaveu des deux	g1_ti20	masque 0x102000023 · i0 cas 0 · i0(2)+i1(16)	3	3	3	0	11
1c4c63c2	HI_1_10_0	desaveu des deux	g1_ti20	masque 0x102200023 · i0 cas 0 · i0(2)+i1(16)	13	13	13	0	47
1c4c63c2	HI_1_10_0	desaveu des deux	g1_ti20	masque 0x2000023 · i0 cas 0 · i0(2)+i1(16)	23	23	23	0	92
1c4c63c2	HI_1_10_0	desaveu des deux	g1_ti20	masque 0x2200000 · i0 absent · aucun composant	18	18	18	0	194
1c4c63c2	HI_1_10_0	desaveu des deux	g1_ti20	masque 0x2200023 · i0 cas 0 · i0(2)+i1(16)	29	29	29	0	116
1c4c63c2	HI_1_10_0	desaveu des deux	g1_ti20	masque 0x9c0742640830 · i0 absent · aucun composant	1	1	1	0	3
1c4c63c2	HI_1_10_0	desaveu des deux	g1_ti20_pont	masque IMPOSSIBLE sous l archetype lie · pont : masque vide	10	10	10	0	175
1c4c63c2	HI_1_10_0	desaveu des deux	g1_ti20_pont	masque IMPOSSIBLE sous l archetype lie · pont ti=20 (= archetype lie)	77	77	77	0	288
1c4c63c2	HI_1_10_0	desaveu des deux	g2_del	eid du DEL : aucune allocation · lie au monde apres le paquet : false	11	11	11	0	36
1c4c63c2	HI_1_10_0	desaveu des deux	g2_del	eid du DEL : vivant au bloc du chunk · lie au monde apres le paquet : false	1	1	1	0	0
1c4c63c2	HI_1_10_0	desaveu des deux	g2_del_nombre_de_records	13 records lus	1	1	1	0	8
1c4c63c2	HI_1_10_0	desaveu des deux	g2_del_nombre_de_records	2 records lus	8	8	8	0	4
1c4c63c2	HI_1_10_0	desaveu des deux	g2_del_nombre_de_records	27 records lus	1	1	1	0	23
1c4c63c2	HI_1_10_0	desaveu des deux	g2_del_nombre_de_records	3 records lus	2	2	2	0	1
1c4c63c2	HI_1_10_0	desaveu des deux	g2_del_premier_non_del_avant	1 DEL · DELTA ti=37 i28(20)+i29(2) · masque possible · pont : masque vide	1	1	1	0	23
1c4c63c2	HI_1_10_0	desaveu des deux	g2_del_premier_non_del_avant	1 DEL · NEW ti=0 aucun composant	2	2	2	0	1
1c4c63c2	HI_1_10_0	desaveu des deux	g2_del_premier_non_del_avant	1 DEL · NEW ti=29 i0(38)+i5(38)+i6(38)+i8(33)+i14(38)+i17(33)+i18(33)+i20(38)	1	1	1	0	8
1c4c63c2	HI_1_10_0	desaveu des deux	g2_del_premier_non_del_avant	1 DEL · NEW ti=38 aucun composant	1	1	1	0	0
1c4c63c2	HI_1_10_0	desaveu des deux	g2_del_premier_non_del_avant	1 DEL · NEW ti=38 i3(1)+i5(29)+i7(366)	1	1	1	0	0
1c4c63c2	HI_1_10_0	desaveu des deux	g2_del_premier_non_del_avant	1 DEL · NEW ti=41 aucun composant	1	1	1	0	0
1c4c63c2	HI_1_10_0	desaveu des deux	g2_del_premier_non_del_avant	1 DEL · NEW ti=41 i0(51)+i1(30)+i4(11)+i5(29)+i6(37)+i10(9)+i13(91)+i15(76)+i18(21)+i19(1)+i21(1)	1	1	1	0	1
1c4c63c2	HI_1_10_0	desaveu des deux	g2_del_premier_non_del_avant	1 DEL · NEW ti=41 i10(3)+i13(8)+i16(5)+i18(2)	1	1	1	0	1
1c4c63c2	HI_1_10_0	desaveu des deux	g2_del_premier_non_del_avant	1 DEL · NEW ti=41 i11(1)+i13(8)+i14(113)+i15(670)+i16(5)+i18(2)	1	1	1	0	1
1c4c63c2	HI_1_10_0	desaveu des deux	g2_del_premier_non_del_avant	1 DEL · NEW ti=41 i13(8)+i16(5)	1	1	1	0	0
1c4c63c2	HI_1_10_0	desaveu des deux	g2_del_premier_non_del_avant	1 DEL · NEW ti=41 i4(11)+i5(29)+i6(10)+i7(470)+i16(5)+i18(21)+i19(1)	1	1	1	0	1
1c4c63c2	HI_1_10_0	desaveu des deux	genre	DEL ti=0	12	12	12	0	36
1c4c63c2	HI_1_10_0	desaveu des deux	genre	DELTA ti=20	87	87	87	0	463
1c4c63c2	HI_1_10_0	desaveu des deux	liaison_du_masque_impossible	image-cle ou joker · 1re image-cle du chunk : ti=20 · bloc : gen 1 (eid gen 1), vivante true	77	77	0	0	0
1c4c63c2	HI_1_10_0	desaveu des deux	liaison_du_masque_impossible	table de datums ou anticipation · slot non declare par la 1re image-cle du chunk · bloc : gen 0 (eid gen 1), vivante false	10	10	0	0	0
1c4c63c2	HI_1_10_0	desaveu image-cle hors bloc	g1_g3_slot	ti=20 slot 562 gen 1 · archetypes declares au film [20 35]	77	77	77	0	288
1c4c63c2	HI_1_10_0	desaveu image-cle hors bloc	g1_g3_slot	ti=20 slot 591 gen 1 · archetypes declares au film [20]	10	10	10	0	175
1c4c63c2	HI_1_10_0	desaveu image-cle hors bloc	g1_ti20	masque 0x102000023 · i0 cas 0 · i0(2)+i1(16)	3	3	3	0	11
1c4c63c2	HI_1_10_0	desaveu image-cle hors bloc	g1_ti20	masque 0x102200023 · i0 cas 0 · i0(2)+i1(16)	13	13	13	0	47
1c4c63c2	HI_1_10_0	desaveu image-cle hors bloc	g1_ti20	masque 0x2000023 · i0 cas 0 · i0(2)+i1(16)	23	23	23	0	92
1c4c63c2	HI_1_10_0	desaveu image-cle hors bloc	g1_ti20	masque 0x2200000 · i0 absent · aucun composant	18	18	18	0	194
1c4c63c2	HI_1_10_0	desaveu image-cle hors bloc	g1_ti20	masque 0x2200023 · i0 cas 0 · i0(2)+i1(16)	29	29	29	0	116
1c4c63c2	HI_1_10_0	desaveu image-cle hors bloc	g1_ti20	masque 0x9c0742640830 · i0 absent · aucun composant	1	1	1	0	3
1c4c63c2	HI_1_10_0	desaveu image-cle hors bloc	g1_ti20_pont	masque IMPOSSIBLE sous l archetype lie · pont : masque vide	10	10	10	0	175
1c4c63c2	HI_1_10_0	desaveu image-cle hors bloc	g1_ti20_pont	masque IMPOSSIBLE sous l archetype lie · pont ti=20 (= archetype lie)	77	77	77	0	288
1c4c63c2	HI_1_10_0	desaveu image-cle hors bloc	g2_del	eid du DEL : aucune allocation · lie au monde apres le paquet : false	11	11	11	0	36
1c4c63c2	HI_1_10_0	desaveu image-cle hors bloc	g2_del	eid du DEL : vivant au bloc du chunk · lie au monde apres le paquet : false	1	1	1	0	0
1c4c63c2	HI_1_10_0	desaveu image-cle hors bloc	g2_del_nombre_de_records	13 records lus	1	1	1	0	8
1c4c63c2	HI_1_10_0	desaveu image-cle hors bloc	g2_del_nombre_de_records	2 records lus	8	8	8	0	4
1c4c63c2	HI_1_10_0	desaveu image-cle hors bloc	g2_del_nombre_de_records	27 records lus	1	1	1	0	23
1c4c63c2	HI_1_10_0	desaveu image-cle hors bloc	g2_del_nombre_de_records	3 records lus	2	2	2	0	1
1c4c63c2	HI_1_10_0	desaveu image-cle hors bloc	g2_del_premier_non_del_avant	1 DEL · DELTA ti=37 i28(20)+i29(2) · masque possible · pont : masque vide	1	1	1	0	23
1c4c63c2	HI_1_10_0	desaveu image-cle hors bloc	g2_del_premier_non_del_avant	1 DEL · NEW ti=0 aucun composant	2	2	2	0	1
1c4c63c2	HI_1_10_0	desaveu image-cle hors bloc	g2_del_premier_non_del_avant	1 DEL · NEW ti=29 i0(38)+i5(38)+i6(38)+i8(33)+i14(38)+i17(33)+i18(33)+i20(38)	1	1	1	0	8
1c4c63c2	HI_1_10_0	desaveu image-cle hors bloc	g2_del_premier_non_del_avant	1 DEL · NEW ti=38 aucun composant	1	1	1	0	0
1c4c63c2	HI_1_10_0	desaveu image-cle hors bloc	g2_del_premier_non_del_avant	1 DEL · NEW ti=38 i3(1)+i5(29)+i7(366)	1	1	1	0	0
1c4c63c2	HI_1_10_0	desaveu image-cle hors bloc	g2_del_premier_non_del_avant	1 DEL · NEW ti=41 aucun composant	1	1	1	0	0
1c4c63c2	HI_1_10_0	desaveu image-cle hors bloc	g2_del_premier_non_del_avant	1 DEL · NEW ti=41 i0(51)+i1(30)+i4(11)+i5(29)+i6(37)+i10(9)+i13(91)+i15(76)+i18(21)+i19(1)+i21(1)	1	1	1	0	1
1c4c63c2	HI_1_10_0	desaveu image-cle hors bloc	g2_del_premier_non_del_avant	1 DEL · NEW ti=41 i10(3)+i13(8)+i16(5)+i18(2)	1	1	1	0	1
1c4c63c2	HI_1_10_0	desaveu image-cle hors bloc	g2_del_premier_non_del_avant	1 DEL · NEW ti=41 i11(1)+i13(8)+i14(113)+i15(670)+i16(5)+i18(2)	1	1	1	0	1
1c4c63c2	HI_1_10_0	desaveu image-cle hors bloc	g2_del_premier_non_del_avant	1 DEL · NEW ti=41 i13(8)+i16(5)	1	1	1	0	0
1c4c63c2	HI_1_10_0	desaveu image-cle hors bloc	g2_del_premier_non_del_avant	1 DEL · NEW ti=41 i4(11)+i5(29)+i6(10)+i7(470)+i16(5)+i18(21)+i19(1)	1	1	1	0	1
1c4c63c2	HI_1_10_0	desaveu image-cle hors bloc	genre	DEL ti=0	12	12	12	0	36
1c4c63c2	HI_1_10_0	desaveu image-cle hors bloc	genre	DELTA ti=20	87	87	87	0	463
1c4c63c2	HI_1_10_0	desaveu image-cle hors bloc	liaison_du_masque_impossible	image-cle ou joker · 1re image-cle du chunk : ti=20 · bloc : gen 1 (eid gen 1), vivante true	77	77	0	0	0
1c4c63c2	HI_1_10_0	desaveu image-cle hors bloc	liaison_du_masque_impossible	table de datums ou anticipation · slot non declare par la 1re image-cle du chunk · bloc : gen 0 (eid gen 1), vivante false	10	10	0	0	0
1c4c63c2	HI_1_10_0	oracle archetype force ti=35	g2_del	eid du DEL : aucune allocation · lie au monde apres le paquet : false	11	11	11	0	36
1c4c63c2	HI_1_10_0	oracle archetype force ti=35	g2_del	eid du DEL : vivant au bloc du chunk · lie au monde apres le paquet : false	1	1	1	0	0
1c4c63c2	HI_1_10_0	oracle archetype force ti=35	g2_del_nombre_de_records	13 records lus	1	1	1	0	8
1c4c63c2	HI_1_10_0	oracle archetype force ti=35	g2_del_nombre_de_records	2 records lus	8	8	8	0	4
1c4c63c2	HI_1_10_0	oracle archetype force ti=35	g2_del_nombre_de_records	27 records lus	1	1	1	0	23
1c4c63c2	HI_1_10_0	oracle archetype force ti=35	g2_del_nombre_de_records	3 records lus	2	2	2	0	1
1c4c63c2	HI_1_10_0	oracle archetype force ti=35	g2_del_premier_non_del_avant	1 DEL · DELTA ti=37 i28(20)+i29(2) · masque possible · pont : masque vide	1	1	1	0	23
1c4c63c2	HI_1_10_0	oracle archetype force ti=35	g2_del_premier_non_del_avant	1 DEL · NEW ti=0 aucun composant	2	2	2	0	1
1c4c63c2	HI_1_10_0	oracle archetype force ti=35	g2_del_premier_non_del_avant	1 DEL · NEW ti=29 i0(38)+i5(38)+i6(38)+i8(33)+i14(38)+i17(33)+i18(33)+i20(38)	1	1	1	0	8
1c4c63c2	HI_1_10_0	oracle archetype force ti=35	g2_del_premier_non_del_avant	1 DEL · NEW ti=38 aucun composant	1	1	1	0	0
1c4c63c2	HI_1_10_0	oracle archetype force ti=35	g2_del_premier_non_del_avant	1 DEL · NEW ti=38 i3(1)+i5(29)+i7(366)	1	1	1	0	0
1c4c63c2	HI_1_10_0	oracle archetype force ti=35	g2_del_premier_non_del_avant	1 DEL · NEW ti=41 aucun composant	1	1	1	0	0
1c4c63c2	HI_1_10_0	oracle archetype force ti=35	g2_del_premier_non_del_avant	1 DEL · NEW ti=41 i0(51)+i1(30)+i4(11)+i5(29)+i6(37)+i10(9)+i13(91)+i15(76)+i18(21)+i19(1)+i21(1)	1	1	1	0	1
1c4c63c2	HI_1_10_0	oracle archetype force ti=35	g2_del_premier_non_del_avant	1 DEL · NEW ti=41 i10(3)+i13(8)+i16(5)+i18(2)	1	1	1	0	1
1c4c63c2	HI_1_10_0	oracle archetype force ti=35	g2_del_premier_non_del_avant	1 DEL · NEW ti=41 i11(1)+i13(8)+i14(113)+i15(670)+i16(5)+i18(2)	1	1	1	0	1
1c4c63c2	HI_1_10_0	oracle archetype force ti=35	g2_del_premier_non_del_avant	1 DEL · NEW ti=41 i13(8)+i16(5)	1	1	1	0	0
1c4c63c2	HI_1_10_0	oracle archetype force ti=35	g2_del_premier_non_del_avant	1 DEL · NEW ti=41 i4(11)+i5(29)+i6(10)+i7(470)+i16(5)+i18(21)+i19(1)	1	1	1	0	1
1c4c63c2	HI_1_10_0	oracle archetype force ti=35	genre	DEL ti=0	12	12	12	0	36
1c4c63c2	HI_1_10_0	oracle archetype force ti=40	g2_del	eid du DEL : aucune allocation · lie au monde apres le paquet : false	11	11	11	0	36
1c4c63c2	HI_1_10_0	oracle archetype force ti=40	g2_del	eid du DEL : vivant au bloc du chunk · lie au monde apres le paquet : false	1	1	1	0	0
1c4c63c2	HI_1_10_0	oracle archetype force ti=40	g2_del_nombre_de_records	13 records lus	1	1	1	0	8
1c4c63c2	HI_1_10_0	oracle archetype force ti=40	g2_del_nombre_de_records	2 records lus	8	8	8	0	4
1c4c63c2	HI_1_10_0	oracle archetype force ti=40	g2_del_nombre_de_records	27 records lus	1	1	1	0	23
1c4c63c2	HI_1_10_0	oracle archetype force ti=40	g2_del_nombre_de_records	3 records lus	2	2	2	0	1
1c4c63c2	HI_1_10_0	oracle archetype force ti=40	g2_del_premier_non_del_avant	1 DEL · DELTA ti=37 i28(20)+i29(2) · masque possible · pont : masque vide	1	1	1	0	23
1c4c63c2	HI_1_10_0	oracle archetype force ti=40	g2_del_premier_non_del_avant	1 DEL · NEW ti=0 aucun composant	2	2	2	0	1
1c4c63c2	HI_1_10_0	oracle archetype force ti=40	g2_del_premier_non_del_avant	1 DEL · NEW ti=29 i0(38)+i5(38)+i6(38)+i8(33)+i14(38)+i17(33)+i18(33)+i20(38)	1	1	1	0	8
1c4c63c2	HI_1_10_0	oracle archetype force ti=40	g2_del_premier_non_del_avant	1 DEL · NEW ti=38 aucun composant	1	1	1	0	0
1c4c63c2	HI_1_10_0	oracle archetype force ti=40	g2_del_premier_non_del_avant	1 DEL · NEW ti=38 i3(1)+i5(29)+i7(366)	1	1	1	0	0
1c4c63c2	HI_1_10_0	oracle archetype force ti=40	g2_del_premier_non_del_avant	1 DEL · NEW ti=41 aucun composant	1	1	1	0	0
1c4c63c2	HI_1_10_0	oracle archetype force ti=40	g2_del_premier_non_del_avant	1 DEL · NEW ti=41 i0(51)+i1(30)+i4(11)+i5(29)+i6(37)+i10(9)+i13(91)+i15(76)+i18(21)+i19(1)+i21(1)	1	1	1	0	1
1c4c63c2	HI_1_10_0	oracle archetype force ti=40	g2_del_premier_non_del_avant	1 DEL · NEW ti=41 i10(3)+i13(8)+i16(5)+i18(2)	1	1	1	0	1
1c4c63c2	HI_1_10_0	oracle archetype force ti=40	g2_del_premier_non_del_avant	1 DEL · NEW ti=41 i11(1)+i13(8)+i14(113)+i15(670)+i16(5)+i18(2)	1	1	1	0	1
1c4c63c2	HI_1_10_0	oracle archetype force ti=40	g2_del_premier_non_del_avant	1 DEL · NEW ti=41 i13(8)+i16(5)	1	1	1	0	0
1c4c63c2	HI_1_10_0	oracle archetype force ti=40	g2_del_premier_non_del_avant	1 DEL · NEW ti=41 i4(11)+i5(29)+i6(10)+i7(470)+i16(5)+i18(21)+i19(1)	1	1	1	0	1
1c4c63c2	HI_1_10_0	oracle archetype force ti=40	genre	DEL ti=0	12	12	12	0	36
1c4c63c2	HI_1_10_0	oracle du pont (masque impossible)	g1_g3_slot	ti=20 slot 562 gen 1 · archetypes declares au film [20 35]	77	77	77	0	288
1c4c63c2	HI_1_10_0	oracle du pont (masque impossible)	g1_g3_slot	ti=20 slot 591 gen 1 · archetypes declares au film [20]	10	10	10	0	175
1c4c63c2	HI_1_10_0	oracle du pont (masque impossible)	g1_ti20	masque 0x102000023 · i0 cas 0 · i0(2)+i1(16)	3	3	3	0	11
1c4c63c2	HI_1_10_0	oracle du pont (masque impossible)	g1_ti20	masque 0x102200023 · i0 cas 0 · i0(2)+i1(16)	13	13	13	0	47
1c4c63c2	HI_1_10_0	oracle du pont (masque impossible)	g1_ti20	masque 0x2000023 · i0 cas 0 · i0(2)+i1(16)	23	23	23	0	92
1c4c63c2	HI_1_10_0	oracle du pont (masque impossible)	g1_ti20	masque 0x2200000 · i0 absent · aucun composant	18	18	18	0	194
1c4c63c2	HI_1_10_0	oracle du pont (masque impossible)	g1_ti20	masque 0x2200023 · i0 cas 0 · i0(2)+i1(16)	29	29	29	0	116
1c4c63c2	HI_1_10_0	oracle du pont (masque impossible)	g1_ti20	masque 0x9c0742640830 · i0 absent · aucun composant	1	1	1	0	3
1c4c63c2	HI_1_10_0	oracle du pont (masque impossible)	g1_ti20_pont	masque IMPOSSIBLE sous l archetype lie · pont : masque vide	10	10	10	0	175
1c4c63c2	HI_1_10_0	oracle du pont (masque impossible)	g1_ti20_pont	masque IMPOSSIBLE sous l archetype lie · pont ti=20 (= archetype lie)	77	77	77	0	288
1c4c63c2	HI_1_10_0	oracle du pont (masque impossible)	g2_del	eid du DEL : aucune allocation · lie au monde apres le paquet : false	11	11	11	0	36
1c4c63c2	HI_1_10_0	oracle du pont (masque impossible)	g2_del	eid du DEL : vivant au bloc du chunk · lie au monde apres le paquet : false	1	1	1	0	0
1c4c63c2	HI_1_10_0	oracle du pont (masque impossible)	g2_del_nombre_de_records	13 records lus	1	1	1	0	8
1c4c63c2	HI_1_10_0	oracle du pont (masque impossible)	g2_del_nombre_de_records	2 records lus	8	8	8	0	4
1c4c63c2	HI_1_10_0	oracle du pont (masque impossible)	g2_del_nombre_de_records	27 records lus	1	1	1	0	23
1c4c63c2	HI_1_10_0	oracle du pont (masque impossible)	g2_del_nombre_de_records	3 records lus	2	2	2	0	1
1c4c63c2	HI_1_10_0	oracle du pont (masque impossible)	g2_del_premier_non_del_avant	1 DEL · DELTA ti=37 i28(20)+i29(2) · masque possible · pont : masque vide	1	1	1	0	23
1c4c63c2	HI_1_10_0	oracle du pont (masque impossible)	g2_del_premier_non_del_avant	1 DEL · NEW ti=0 aucun composant	2	2	2	0	1
1c4c63c2	HI_1_10_0	oracle du pont (masque impossible)	g2_del_premier_non_del_avant	1 DEL · NEW ti=29 i0(38)+i5(38)+i6(38)+i8(33)+i14(38)+i17(33)+i18(33)+i20(38)	1	1	1	0	8
1c4c63c2	HI_1_10_0	oracle du pont (masque impossible)	g2_del_premier_non_del_avant	1 DEL · NEW ti=38 aucun composant	1	1	1	0	0
1c4c63c2	HI_1_10_0	oracle du pont (masque impossible)	g2_del_premier_non_del_avant	1 DEL · NEW ti=38 i3(1)+i5(29)+i7(366)	1	1	1	0	0
1c4c63c2	HI_1_10_0	oracle du pont (masque impossible)	g2_del_premier_non_del_avant	1 DEL · NEW ti=41 aucun composant	1	1	1	0	0
1c4c63c2	HI_1_10_0	oracle du pont (masque impossible)	g2_del_premier_non_del_avant	1 DEL · NEW ti=41 i0(51)+i1(30)+i4(11)+i5(29)+i6(37)+i10(9)+i13(91)+i15(76)+i18(21)+i19(1)+i21(1)	1	1	1	0	1
1c4c63c2	HI_1_10_0	oracle du pont (masque impossible)	g2_del_premier_non_del_avant	1 DEL · NEW ti=41 i10(3)+i13(8)+i16(5)+i18(2)	1	1	1	0	1
1c4c63c2	HI_1_10_0	oracle du pont (masque impossible)	g2_del_premier_non_del_avant	1 DEL · NEW ti=41 i11(1)+i13(8)+i14(113)+i15(670)+i16(5)+i18(2)	1	1	1	0	1
1c4c63c2	HI_1_10_0	oracle du pont (masque impossible)	g2_del_premier_non_del_avant	1 DEL · NEW ti=41 i13(8)+i16(5)	1	1	1	0	0
1c4c63c2	HI_1_10_0	oracle du pont (masque impossible)	g2_del_premier_non_del_avant	1 DEL · NEW ti=41 i4(11)+i5(29)+i6(10)+i7(470)+i16(5)+i18(21)+i19(1)	1	1	1	0	1
1c4c63c2	HI_1_10_0	oracle du pont (masque impossible)	genre	DEL ti=0	12	12	12	0	36
1c4c63c2	HI_1_10_0	oracle du pont (masque impossible)	genre	DELTA ti=20	87	87	87	0	463
1c4c63c2	HI_1_10_0	oracle du pont (masque impossible)	liaison_du_masque_impossible	image-cle ou joker · 1re image-cle du chunk : ti=20 · bloc : gen 1 (eid gen 1), vivante true	77	77	0	0	0
1c4c63c2	HI_1_10_0	oracle du pont (masque impossible)	liaison_du_masque_impossible	table de datums ou anticipation · slot non declare par la 1re image-cle du chunk · bloc : gen 0 (eid gen 1), vivante false	10	10	0	0	0
1c4c63c2	HI_1_10_0	reference	g1_g3_slot	ti=20 slot 562 gen 1 · archetypes declares au film [20 35]	77	77	77	0	288
1c4c63c2	HI_1_10_0	reference	g1_g3_slot	ti=20 slot 591 gen 1 · archetypes declares au film [20]	10	10	10	0	175
1c4c63c2	HI_1_10_0	reference	g1_ti20	masque 0x102000023 · i0 cas 0 · i0(2)+i1(16)	3	3	3	0	11
1c4c63c2	HI_1_10_0	reference	g1_ti20	masque 0x102200023 · i0 cas 0 · i0(2)+i1(16)	13	13	13	0	47
1c4c63c2	HI_1_10_0	reference	g1_ti20	masque 0x2000023 · i0 cas 0 · i0(2)+i1(16)	23	23	23	0	92
1c4c63c2	HI_1_10_0	reference	g1_ti20	masque 0x2200000 · i0 absent · aucun composant	18	18	18	0	194
1c4c63c2	HI_1_10_0	reference	g1_ti20	masque 0x2200023 · i0 cas 0 · i0(2)+i1(16)	29	29	29	0	116
1c4c63c2	HI_1_10_0	reference	g1_ti20	masque 0x9c0742640830 · i0 absent · aucun composant	1	1	1	0	3
1c4c63c2	HI_1_10_0	reference	g1_ti20_pont	masque IMPOSSIBLE sous l archetype lie · pont : masque vide	10	10	10	0	175
1c4c63c2	HI_1_10_0	reference	g1_ti20_pont	masque IMPOSSIBLE sous l archetype lie · pont ti=20 (= archetype lie)	77	77	77	0	288
1c4c63c2	HI_1_10_0	reference	g2_del	eid du DEL : aucune allocation · lie au monde apres le paquet : false	11	11	11	0	36
1c4c63c2	HI_1_10_0	reference	g2_del	eid du DEL : vivant au bloc du chunk · lie au monde apres le paquet : false	1	1	1	0	0
1c4c63c2	HI_1_10_0	reference	g2_del_nombre_de_records	13 records lus	1	1	1	0	8
1c4c63c2	HI_1_10_0	reference	g2_del_nombre_de_records	2 records lus	8	8	8	0	4
1c4c63c2	HI_1_10_0	reference	g2_del_nombre_de_records	27 records lus	1	1	1	0	23
1c4c63c2	HI_1_10_0	reference	g2_del_nombre_de_records	3 records lus	2	2	2	0	1
1c4c63c2	HI_1_10_0	reference	g2_del_premier_non_del_avant	1 DEL · DELTA ti=37 i28(20)+i29(2) · masque possible · pont : masque vide	1	1	1	0	23
1c4c63c2	HI_1_10_0	reference	g2_del_premier_non_del_avant	1 DEL · NEW ti=0 aucun composant	2	2	2	0	1
1c4c63c2	HI_1_10_0	reference	g2_del_premier_non_del_avant	1 DEL · NEW ti=29 i0(38)+i5(38)+i6(38)+i8(33)+i14(38)+i17(33)+i18(33)+i20(38)	1	1	1	0	8
1c4c63c2	HI_1_10_0	reference	g2_del_premier_non_del_avant	1 DEL · NEW ti=38 aucun composant	1	1	1	0	0
1c4c63c2	HI_1_10_0	reference	g2_del_premier_non_del_avant	1 DEL · NEW ti=38 i3(1)+i5(29)+i7(366)	1	1	1	0	0
1c4c63c2	HI_1_10_0	reference	g2_del_premier_non_del_avant	1 DEL · NEW ti=41 aucun composant	1	1	1	0	0
1c4c63c2	HI_1_10_0	reference	g2_del_premier_non_del_avant	1 DEL · NEW ti=41 i0(51)+i1(30)+i4(11)+i5(29)+i6(37)+i10(9)+i13(91)+i15(76)+i18(21)+i19(1)+i21(1)	1	1	1	0	1
1c4c63c2	HI_1_10_0	reference	g2_del_premier_non_del_avant	1 DEL · NEW ti=41 i10(3)+i13(8)+i16(5)+i18(2)	1	1	1	0	1
1c4c63c2	HI_1_10_0	reference	g2_del_premier_non_del_avant	1 DEL · NEW ti=41 i11(1)+i13(8)+i14(113)+i15(670)+i16(5)+i18(2)	1	1	1	0	1
1c4c63c2	HI_1_10_0	reference	g2_del_premier_non_del_avant	1 DEL · NEW ti=41 i13(8)+i16(5)	1	1	1	0	0
1c4c63c2	HI_1_10_0	reference	g2_del_premier_non_del_avant	1 DEL · NEW ti=41 i4(11)+i5(29)+i6(10)+i7(470)+i16(5)+i18(21)+i19(1)	1	1	1	0	1
1c4c63c2	HI_1_10_0	reference	genre	DEL ti=0	12	12	12	0	36
1c4c63c2	HI_1_10_0	reference	genre	DELTA ti=20	87	87	87	0	463
1c4c63c2	HI_1_10_0	reference	liaison_du_masque_impossible	image-cle ou joker · 1re image-cle du chunk : ti=20 · bloc : gen 1 (eid gen 1), vivante true	77	77	0	0	0
1c4c63c2	HI_1_10_0	reference	liaison_du_masque_impossible	table de datums ou anticipation · slot non declare par la 1re image-cle du chunk · bloc : gen 0 (eid gen 1), vivante false	10	10	0	0	0
1c4c63c2	HI_1_10_0	ti20 i0 cas 2 du jeu	g1_g3_slot	ti=20 slot 562 gen 1 · archetypes declares au film [20 35]	77	77	77	0	288
1c4c63c2	HI_1_10_0	ti20 i0 cas 2 du jeu	g1_g3_slot	ti=20 slot 591 gen 1 · archetypes declares au film [20]	10	10	10	0	175
1c4c63c2	HI_1_10_0	ti20 i0 cas 2 du jeu	g1_ti20	masque 0x102000023 · i0 cas 0 · i0(2)+i1(16)	3	3	3	0	11
1c4c63c2	HI_1_10_0	ti20 i0 cas 2 du jeu	g1_ti20	masque 0x102200023 · i0 cas 0 · i0(2)+i1(16)	13	13	13	0	47
1c4c63c2	HI_1_10_0	ti20 i0 cas 2 du jeu	g1_ti20	masque 0x2000023 · i0 cas 0 · i0(2)+i1(16)	23	23	23	0	92
1c4c63c2	HI_1_10_0	ti20 i0 cas 2 du jeu	g1_ti20	masque 0x2200000 · i0 absent · aucun composant	18	18	18	0	194
1c4c63c2	HI_1_10_0	ti20 i0 cas 2 du jeu	g1_ti20	masque 0x2200023 · i0 cas 0 · i0(2)+i1(16)	29	29	29	0	116
1c4c63c2	HI_1_10_0	ti20 i0 cas 2 du jeu	g1_ti20	masque 0x9c0742640830 · i0 absent · aucun composant	1	1	1	0	3
1c4c63c2	HI_1_10_0	ti20 i0 cas 2 du jeu	g1_ti20_pont	masque IMPOSSIBLE sous l archetype lie · pont : masque vide	10	10	10	0	175
1c4c63c2	HI_1_10_0	ti20 i0 cas 2 du jeu	g1_ti20_pont	masque IMPOSSIBLE sous l archetype lie · pont ti=20 (= archetype lie)	77	77	77	0	288
1c4c63c2	HI_1_10_0	ti20 i0 cas 2 du jeu	g2_del	eid du DEL : aucune allocation · lie au monde apres le paquet : false	11	11	11	0	36
1c4c63c2	HI_1_10_0	ti20 i0 cas 2 du jeu	g2_del	eid du DEL : vivant au bloc du chunk · lie au monde apres le paquet : false	1	1	1	0	0
1c4c63c2	HI_1_10_0	ti20 i0 cas 2 du jeu	g2_del_nombre_de_records	13 records lus	1	1	1	0	8
1c4c63c2	HI_1_10_0	ti20 i0 cas 2 du jeu	g2_del_nombre_de_records	2 records lus	8	8	8	0	4
1c4c63c2	HI_1_10_0	ti20 i0 cas 2 du jeu	g2_del_nombre_de_records	27 records lus	1	1	1	0	23
1c4c63c2	HI_1_10_0	ti20 i0 cas 2 du jeu	g2_del_nombre_de_records	3 records lus	2	2	2	0	1
1c4c63c2	HI_1_10_0	ti20 i0 cas 2 du jeu	g2_del_premier_non_del_avant	1 DEL · DELTA ti=37 i28(20)+i29(2) · masque possible · pont : masque vide	1	1	1	0	23
1c4c63c2	HI_1_10_0	ti20 i0 cas 2 du jeu	g2_del_premier_non_del_avant	1 DEL · NEW ti=0 aucun composant	2	2	2	0	1
1c4c63c2	HI_1_10_0	ti20 i0 cas 2 du jeu	g2_del_premier_non_del_avant	1 DEL · NEW ti=29 i0(38)+i5(38)+i6(38)+i8(33)+i14(38)+i17(33)+i18(33)+i20(38)	1	1	1	0	8
1c4c63c2	HI_1_10_0	ti20 i0 cas 2 du jeu	g2_del_premier_non_del_avant	1 DEL · NEW ti=38 aucun composant	1	1	1	0	0
1c4c63c2	HI_1_10_0	ti20 i0 cas 2 du jeu	g2_del_premier_non_del_avant	1 DEL · NEW ti=38 i3(1)+i5(29)+i7(366)	1	1	1	0	0
1c4c63c2	HI_1_10_0	ti20 i0 cas 2 du jeu	g2_del_premier_non_del_avant	1 DEL · NEW ti=41 aucun composant	1	1	1	0	0
1c4c63c2	HI_1_10_0	ti20 i0 cas 2 du jeu	g2_del_premier_non_del_avant	1 DEL · NEW ti=41 i0(51)+i1(30)+i4(11)+i5(29)+i6(37)+i10(9)+i13(91)+i15(76)+i18(21)+i19(1)+i21(1)	1	1	1	0	1
1c4c63c2	HI_1_10_0	ti20 i0 cas 2 du jeu	g2_del_premier_non_del_avant	1 DEL · NEW ti=41 i10(3)+i13(8)+i16(5)+i18(2)	1	1	1	0	1
1c4c63c2	HI_1_10_0	ti20 i0 cas 2 du jeu	g2_del_premier_non_del_avant	1 DEL · NEW ti=41 i11(1)+i13(8)+i14(113)+i15(670)+i16(5)+i18(2)	1	1	1	0	1
1c4c63c2	HI_1_10_0	ti20 i0 cas 2 du jeu	g2_del_premier_non_del_avant	1 DEL · NEW ti=41 i13(8)+i16(5)	1	1	1	0	0
1c4c63c2	HI_1_10_0	ti20 i0 cas 2 du jeu	g2_del_premier_non_del_avant	1 DEL · NEW ti=41 i4(11)+i5(29)+i6(10)+i7(470)+i16(5)+i18(21)+i19(1)	1	1	1	0	1
1c4c63c2	HI_1_10_0	ti20 i0 cas 2 du jeu	genre	DEL ti=0	12	12	12	0	36
1c4c63c2	HI_1_10_0	ti20 i0 cas 2 du jeu	genre	DELTA ti=20	87	87	87	0	463
1c4c63c2	HI_1_10_0	ti20 i0 cas 2 du jeu	liaison_du_masque_impossible	image-cle ou joker · 1re image-cle du chunk : ti=20 · bloc : gen 1 (eid gen 1), vivante true	77	77	0	0	0
1c4c63c2	HI_1_10_0	ti20 i0 cas 2 du jeu	liaison_du_masque_impossible	table de datums ou anticipation · slot non declare par la 1re image-cle du chunk · bloc : gen 0 (eid gen 1), vivante false	10	10	0	0	0
396cfc92	HI_1_13_0	desaveu NEW a masque impossible	g2_del	eid du DEL : aucune allocation · lie au monde apres le paquet : false	3	3	3	0	20
396cfc92	HI_1_13_0	desaveu NEW a masque impossible	g2_del_nombre_de_records	13 records lus	1	1	1	0	5
396cfc92	HI_1_13_0	desaveu NEW a masque impossible	g2_del_nombre_de_records	15 records lus	1	1	1	0	7
396cfc92	HI_1_13_0	desaveu NEW a masque impossible	g2_del_nombre_de_records	16 records lus	1	1	1	0	8
396cfc92	HI_1_13_0	desaveu NEW a masque impossible	g2_del_premier_non_del_avant	1 DEL · DELTA ti=37 i28(20)+i29(2) · masque possible · pont : masque vide	2	2	2	0	12
396cfc92	HI_1_13_0	desaveu NEW a masque impossible	g2_del_premier_non_del_avant	1 DEL · NEW ti=4 i0(8)	1	1	1	0	8
396cfc92	HI_1_13_0	desaveu NEW a masque impossible	genre	DEL ti=0	3	3	3	0	20
396cfc92	HI_1_13_0	desaveu des deux	g2_del	eid du DEL : aucune allocation · lie au monde apres le paquet : false	3	3	3	0	20
396cfc92	HI_1_13_0	desaveu des deux	g2_del_nombre_de_records	13 records lus	1	1	1	0	5
396cfc92	HI_1_13_0	desaveu des deux	g2_del_nombre_de_records	15 records lus	1	1	1	0	7
396cfc92	HI_1_13_0	desaveu des deux	g2_del_nombre_de_records	16 records lus	1	1	1	0	8
396cfc92	HI_1_13_0	desaveu des deux	g2_del_premier_non_del_avant	1 DEL · DELTA ti=37 i28(20)+i29(2) · masque possible · pont : masque vide	2	2	2	0	12
396cfc92	HI_1_13_0	desaveu des deux	g2_del_premier_non_del_avant	1 DEL · NEW ti=4 i0(8)	1	1	1	0	8
396cfc92	HI_1_13_0	desaveu des deux	genre	DEL ti=0	3	3	3	0	20
396cfc92	HI_1_13_0	desaveu image-cle hors bloc	g2_del	eid du DEL : aucune allocation · lie au monde apres le paquet : false	3	3	3	0	20
396cfc92	HI_1_13_0	desaveu image-cle hors bloc	g2_del_nombre_de_records	13 records lus	1	1	1	0	5
396cfc92	HI_1_13_0	desaveu image-cle hors bloc	g2_del_nombre_de_records	15 records lus	1	1	1	0	7
396cfc92	HI_1_13_0	desaveu image-cle hors bloc	g2_del_nombre_de_records	16 records lus	1	1	1	0	8
396cfc92	HI_1_13_0	desaveu image-cle hors bloc	g2_del_premier_non_del_avant	1 DEL · DELTA ti=37 i28(20)+i29(2) · masque possible · pont : masque vide	2	2	2	0	12
396cfc92	HI_1_13_0	desaveu image-cle hors bloc	g2_del_premier_non_del_avant	1 DEL · NEW ti=4 i0(8)	1	1	1	0	8
396cfc92	HI_1_13_0	desaveu image-cle hors bloc	genre	DEL ti=0	3	3	3	0	20
396cfc92	HI_1_13_0	oracle archetype force ti=35	g2_del	eid du DEL : aucune allocation · lie au monde apres le paquet : false	3	3	3	0	20
396cfc92	HI_1_13_0	oracle archetype force ti=35	g2_del_nombre_de_records	13 records lus	1	1	1	0	5
396cfc92	HI_1_13_0	oracle archetype force ti=35	g2_del_nombre_de_records	15 records lus	1	1	1	0	7
396cfc92	HI_1_13_0	oracle archetype force ti=35	g2_del_nombre_de_records	16 records lus	1	1	1	0	8
396cfc92	HI_1_13_0	oracle archetype force ti=35	g2_del_premier_non_del_avant	1 DEL · DELTA ti=37 i28(20)+i29(2) · masque possible · pont : masque vide	2	2	2	0	12
396cfc92	HI_1_13_0	oracle archetype force ti=35	g2_del_premier_non_del_avant	1 DEL · NEW ti=4 i0(8)	1	1	1	0	8
396cfc92	HI_1_13_0	oracle archetype force ti=35	genre	DEL ti=0	3	3	3	0	20
396cfc92	HI_1_13_0	oracle archetype force ti=40	g2_del	eid du DEL : aucune allocation · lie au monde apres le paquet : false	3	3	3	0	20
396cfc92	HI_1_13_0	oracle archetype force ti=40	g2_del_nombre_de_records	13 records lus	1	1	1	0	5
396cfc92	HI_1_13_0	oracle archetype force ti=40	g2_del_nombre_de_records	15 records lus	1	1	1	0	7
396cfc92	HI_1_13_0	oracle archetype force ti=40	g2_del_nombre_de_records	16 records lus	1	1	1	0	8
396cfc92	HI_1_13_0	oracle archetype force ti=40	g2_del_premier_non_del_avant	1 DEL · DELTA ti=37 i28(20)+i29(2) · masque possible · pont : masque vide	2	2	2	0	12
396cfc92	HI_1_13_0	oracle archetype force ti=40	g2_del_premier_non_del_avant	1 DEL · NEW ti=4 i0(8)	1	1	1	0	8
396cfc92	HI_1_13_0	oracle archetype force ti=40	genre	DEL ti=0	3	3	3	0	20
396cfc92	HI_1_13_0	oracle du pont (masque impossible)	g2_del	eid du DEL : aucune allocation · lie au monde apres le paquet : false	3	3	3	0	20
396cfc92	HI_1_13_0	oracle du pont (masque impossible)	g2_del_nombre_de_records	13 records lus	1	1	1	0	5
396cfc92	HI_1_13_0	oracle du pont (masque impossible)	g2_del_nombre_de_records	15 records lus	1	1	1	0	7
396cfc92	HI_1_13_0	oracle du pont (masque impossible)	g2_del_nombre_de_records	16 records lus	1	1	1	0	8
396cfc92	HI_1_13_0	oracle du pont (masque impossible)	g2_del_premier_non_del_avant	1 DEL · DELTA ti=37 i28(20)+i29(2) · masque possible · pont : masque vide	2	2	2	0	12
396cfc92	HI_1_13_0	oracle du pont (masque impossible)	g2_del_premier_non_del_avant	1 DEL · NEW ti=4 i0(8)	1	1	1	0	8
396cfc92	HI_1_13_0	oracle du pont (masque impossible)	genre	DEL ti=0	3	3	3	0	20
396cfc92	HI_1_13_0	reference	g2_del	eid du DEL : aucune allocation · lie au monde apres le paquet : false	3	3	3	0	20
396cfc92	HI_1_13_0	reference	g2_del_nombre_de_records	13 records lus	1	1	1	0	5
396cfc92	HI_1_13_0	reference	g2_del_nombre_de_records	15 records lus	1	1	1	0	7
396cfc92	HI_1_13_0	reference	g2_del_nombre_de_records	16 records lus	1	1	1	0	8
396cfc92	HI_1_13_0	reference	g2_del_premier_non_del_avant	1 DEL · DELTA ti=37 i28(20)+i29(2) · masque possible · pont : masque vide	2	2	2	0	12
396cfc92	HI_1_13_0	reference	g2_del_premier_non_del_avant	1 DEL · NEW ti=4 i0(8)	1	1	1	0	8
396cfc92	HI_1_13_0	reference	genre	DEL ti=0	3	3	3	0	20
396cfc92	HI_1_13_0	ti20 i0 cas 2 du jeu	g2_del	eid du DEL : aucune allocation · lie au monde apres le paquet : false	3	3	3	0	20
396cfc92	HI_1_13_0	ti20 i0 cas 2 du jeu	g2_del_nombre_de_records	13 records lus	1	1	1	0	5
396cfc92	HI_1_13_0	ti20 i0 cas 2 du jeu	g2_del_nombre_de_records	15 records lus	1	1	1	0	7
396cfc92	HI_1_13_0	ti20 i0 cas 2 du jeu	g2_del_nombre_de_records	16 records lus	1	1	1	0	8
396cfc92	HI_1_13_0	ti20 i0 cas 2 du jeu	g2_del_premier_non_del_avant	1 DEL · DELTA ti=37 i28(20)+i29(2) · masque possible · pont : masque vide	2	2	2	0	12
396cfc92	HI_1_13_0	ti20 i0 cas 2 du jeu	g2_del_premier_non_del_avant	1 DEL · NEW ti=4 i0(8)	1	1	1	0	8
396cfc92	HI_1_13_0	ti20 i0 cas 2 du jeu	genre	DEL ti=0	3	3	3	0	20
4f77afc1	HI_1_13_0	desaveu NEW a masque impossible	g2_del	eid du DEL : aucune allocation · lie au monde apres le paquet : false	4	4	4	0	87
4f77afc1	HI_1_13_0	desaveu NEW a masque impossible	g2_del_nombre_de_records	3 records lus	1	1	1	0	0
4f77afc1	HI_1_13_0	desaveu NEW a masque impossible	g2_del_nombre_de_records	34 records lus	1	1	1	0	27
4f77afc1	HI_1_13_0	desaveu NEW a masque impossible	g2_del_nombre_de_records	36 records lus	1	1	1	0	29
4f77afc1	HI_1_13_0	desaveu NEW a masque impossible	g2_del_nombre_de_records	40 records lus	1	1	1	0	31
4f77afc1	HI_1_13_0	desaveu NEW a masque impossible	g2_del_premier_non_del_avant	1 DEL · DELTA ti=37 i28(20)+i29(2) · masque possible · pont : masque vide	3	3	3	0	87
4f77afc1	HI_1_13_0	desaveu NEW a masque impossible	g2_del_premier_non_del_avant	1 DEL · NEW ti=3 aucun composant	1	1	1	0	0
4f77afc1	HI_1_13_0	desaveu NEW a masque impossible	genre	DEL ti=0	4	4	4	0	87
4f77afc1	HI_1_13_0	desaveu des deux	g2_del	eid du DEL : aucune allocation · lie au monde apres le paquet : false	4	4	4	0	87
4f77afc1	HI_1_13_0	desaveu des deux	g2_del_nombre_de_records	3 records lus	1	1	1	0	0
4f77afc1	HI_1_13_0	desaveu des deux	g2_del_nombre_de_records	34 records lus	1	1	1	0	27
4f77afc1	HI_1_13_0	desaveu des deux	g2_del_nombre_de_records	36 records lus	1	1	1	0	29
4f77afc1	HI_1_13_0	desaveu des deux	g2_del_nombre_de_records	40 records lus	1	1	1	0	31
4f77afc1	HI_1_13_0	desaveu des deux	g2_del_premier_non_del_avant	1 DEL · DELTA ti=37 i28(20)+i29(2) · masque possible · pont : masque vide	3	3	3	0	87
4f77afc1	HI_1_13_0	desaveu des deux	g2_del_premier_non_del_avant	1 DEL · NEW ti=3 aucun composant	1	1	1	0	0
4f77afc1	HI_1_13_0	desaveu des deux	genre	DEL ti=0	4	4	4	0	87
4f77afc1	HI_1_13_0	desaveu image-cle hors bloc	g2_del	eid du DEL : aucune allocation · lie au monde apres le paquet : false	4	4	4	0	87
4f77afc1	HI_1_13_0	desaveu image-cle hors bloc	g2_del_nombre_de_records	3 records lus	1	1	1	0	0
4f77afc1	HI_1_13_0	desaveu image-cle hors bloc	g2_del_nombre_de_records	34 records lus	1	1	1	0	27
4f77afc1	HI_1_13_0	desaveu image-cle hors bloc	g2_del_nombre_de_records	36 records lus	1	1	1	0	29
4f77afc1	HI_1_13_0	desaveu image-cle hors bloc	g2_del_nombre_de_records	40 records lus	1	1	1	0	31
4f77afc1	HI_1_13_0	desaveu image-cle hors bloc	g2_del_premier_non_del_avant	1 DEL · DELTA ti=37 i28(20)+i29(2) · masque possible · pont : masque vide	3	3	3	0	87
4f77afc1	HI_1_13_0	desaveu image-cle hors bloc	g2_del_premier_non_del_avant	1 DEL · NEW ti=3 aucun composant	1	1	1	0	0
4f77afc1	HI_1_13_0	desaveu image-cle hors bloc	genre	DEL ti=0	4	4	4	0	87
4f77afc1	HI_1_13_0	oracle archetype force ti=35	g2_del	eid du DEL : aucune allocation · lie au monde apres le paquet : false	4	4	4	0	87
4f77afc1	HI_1_13_0	oracle archetype force ti=35	g2_del_nombre_de_records	3 records lus	1	1	1	0	0
4f77afc1	HI_1_13_0	oracle archetype force ti=35	g2_del_nombre_de_records	34 records lus	1	1	1	0	27
4f77afc1	HI_1_13_0	oracle archetype force ti=35	g2_del_nombre_de_records	36 records lus	1	1	1	0	29
4f77afc1	HI_1_13_0	oracle archetype force ti=35	g2_del_nombre_de_records	40 records lus	1	1	1	0	31
4f77afc1	HI_1_13_0	oracle archetype force ti=35	g2_del_premier_non_del_avant	1 DEL · DELTA ti=37 i28(20)+i29(2) · masque possible · pont : masque vide	3	3	3	0	87
4f77afc1	HI_1_13_0	oracle archetype force ti=35	g2_del_premier_non_del_avant	1 DEL · NEW ti=3 aucun composant	1	1	1	0	0
4f77afc1	HI_1_13_0	oracle archetype force ti=35	genre	DEL ti=0	4	4	4	0	87
4f77afc1	HI_1_13_0	oracle archetype force ti=40	g2_del	eid du DEL : aucune allocation · lie au monde apres le paquet : false	4	4	4	0	87
4f77afc1	HI_1_13_0	oracle archetype force ti=40	g2_del_nombre_de_records	3 records lus	1	1	1	0	0
4f77afc1	HI_1_13_0	oracle archetype force ti=40	g2_del_nombre_de_records	34 records lus	1	1	1	0	27
4f77afc1	HI_1_13_0	oracle archetype force ti=40	g2_del_nombre_de_records	36 records lus	1	1	1	0	29
4f77afc1	HI_1_13_0	oracle archetype force ti=40	g2_del_nombre_de_records	40 records lus	1	1	1	0	31
4f77afc1	HI_1_13_0	oracle archetype force ti=40	g2_del_premier_non_del_avant	1 DEL · DELTA ti=37 i28(20)+i29(2) · masque possible · pont : masque vide	3	3	3	0	87
4f77afc1	HI_1_13_0	oracle archetype force ti=40	g2_del_premier_non_del_avant	1 DEL · NEW ti=3 aucun composant	1	1	1	0	0
4f77afc1	HI_1_13_0	oracle archetype force ti=40	genre	DEL ti=0	4	4	4	0	87
4f77afc1	HI_1_13_0	oracle du pont (masque impossible)	g2_del	eid du DEL : aucune allocation · lie au monde apres le paquet : false	4	4	4	0	87
4f77afc1	HI_1_13_0	oracle du pont (masque impossible)	g2_del_nombre_de_records	3 records lus	1	1	1	0	0
4f77afc1	HI_1_13_0	oracle du pont (masque impossible)	g2_del_nombre_de_records	34 records lus	1	1	1	0	27
4f77afc1	HI_1_13_0	oracle du pont (masque impossible)	g2_del_nombre_de_records	36 records lus	1	1	1	0	29
4f77afc1	HI_1_13_0	oracle du pont (masque impossible)	g2_del_nombre_de_records	40 records lus	1	1	1	0	31
4f77afc1	HI_1_13_0	oracle du pont (masque impossible)	g2_del_premier_non_del_avant	1 DEL · DELTA ti=37 i28(20)+i29(2) · masque possible · pont : masque vide	3	3	3	0	87
4f77afc1	HI_1_13_0	oracle du pont (masque impossible)	g2_del_premier_non_del_avant	1 DEL · NEW ti=3 aucun composant	1	1	1	0	0
4f77afc1	HI_1_13_0	oracle du pont (masque impossible)	genre	DEL ti=0	4	4	4	0	87
4f77afc1	HI_1_13_0	reference	g2_del	eid du DEL : aucune allocation · lie au monde apres le paquet : false	4	4	4	0	87
4f77afc1	HI_1_13_0	reference	g2_del_nombre_de_records	3 records lus	1	1	1	0	0
4f77afc1	HI_1_13_0	reference	g2_del_nombre_de_records	34 records lus	1	1	1	0	27
4f77afc1	HI_1_13_0	reference	g2_del_nombre_de_records	36 records lus	1	1	1	0	29
4f77afc1	HI_1_13_0	reference	g2_del_nombre_de_records	40 records lus	1	1	1	0	31
4f77afc1	HI_1_13_0	reference	g2_del_premier_non_del_avant	1 DEL · DELTA ti=37 i28(20)+i29(2) · masque possible · pont : masque vide	3	3	3	0	87
4f77afc1	HI_1_13_0	reference	g2_del_premier_non_del_avant	1 DEL · NEW ti=3 aucun composant	1	1	1	0	0
4f77afc1	HI_1_13_0	reference	genre	DEL ti=0	4	4	4	0	87
4f77afc1	HI_1_13_0	ti20 i0 cas 2 du jeu	g2_del	eid du DEL : aucune allocation · lie au monde apres le paquet : false	4	4	4	0	87
4f77afc1	HI_1_13_0	ti20 i0 cas 2 du jeu	g2_del_nombre_de_records	3 records lus	1	1	1	0	0
4f77afc1	HI_1_13_0	ti20 i0 cas 2 du jeu	g2_del_nombre_de_records	34 records lus	1	1	1	0	27
4f77afc1	HI_1_13_0	ti20 i0 cas 2 du jeu	g2_del_nombre_de_records	36 records lus	1	1	1	0	29
4f77afc1	HI_1_13_0	ti20 i0 cas 2 du jeu	g2_del_nombre_de_records	40 records lus	1	1	1	0	31
4f77afc1	HI_1_13_0	ti20 i0 cas 2 du jeu	g2_del_premier_non_del_avant	1 DEL · DELTA ti=37 i28(20)+i29(2) · masque possible · pont : masque vide	3	3	3	0	87
4f77afc1	HI_1_13_0	ti20 i0 cas 2 du jeu	g2_del_premier_non_del_avant	1 DEL · NEW ti=3 aucun composant	1	1	1	0	0
4f77afc1	HI_1_13_0	ti20 i0 cas 2 du jeu	genre	DEL ti=0	4	4	4	0	87
50247b26	version-31	desaveu NEW a masque impossible	g2_del	eid du DEL : aucune allocation · lie au monde apres le paquet : false	7	7	7	0	28
50247b26	version-31	desaveu NEW a masque impossible	g2_del	eid du DEL : libere avant le chunk · lie au monde apres le paquet : false	1	1	1	0	12
50247b26	version-31	desaveu NEW a masque impossible	g2_del	eid du DEL : vivant au bloc du chunk · lie au monde apres le paquet : false	1	1	1	0	0
50247b26	version-31	desaveu NEW a masque impossible	g2_del_nombre_de_records	14 records lus	2	2	2	0	24
50247b26	version-31	desaveu NEW a masque impossible	g2_del_nombre_de_records	16 records lus	1	1	1	0	14
50247b26	version-31	desaveu NEW a masque impossible	g2_del_nombre_de_records	2 records lus	5	5	5	0	1
50247b26	version-31	desaveu NEW a masque impossible	g2_del_nombre_de_records	3 records lus	1	1	1	0	1
50247b26	version-31	desaveu NEW a masque impossible	g2_del_premier_non_del_avant	1 DEL · DELTA ti=35 i0(51)+i1(31)+i25(10)+i41(7)+i52(36) · masque possible · pont ti=35 (= archetype lie)	1	1	1	0	14
50247b26	version-31	desaveu NEW a masque impossible	g2_del_premier_non_del_avant	1 DEL · DELTA ti=35 i0(51)+i1(31)+i5(29)+i25(10)+i52(36) · masque possible · pont ti=35 (= archetype lie)	1	1	1	0	12
50247b26	version-31	desaveu NEW a masque impossible	g2_del_premier_non_del_avant	1 DEL · DELTA ti=35 i5(29)+i21(25)+i25(10)+i41(7)+i44(9)+i52(36) · masque possible · pont ti=35 (= archetype lie)	1	1	1	0	12
50247b26	version-31	desaveu NEW a masque impossible	g2_del_premier_non_del_avant	1 DEL · DELTA ti=4 i0(8) · masque possible · pont : ambigu	1	1	1	0	0
50247b26	version-31	desaveu NEW a masque impossible	g2_del_premier_non_del_avant	1 DEL · NEW ti=41 aucun composant	2	2	2	0	0
50247b26	version-31	desaveu NEW a masque impossible	g2_del_premier_non_del_avant	1 DEL · NEW ti=42 aucun composant	1	1	1	0	0
50247b26	version-31	desaveu NEW a masque impossible	g2_del_premier_non_del_avant	1 DEL · NEW ti=42 i0(60)+i1(30)+i2(28)+i8(7)+i10(3)+i12(17)+i15(162)	1	1	1	0	1
50247b26	version-31	desaveu NEW a masque impossible	g2_del_premier_non_del_avant	2 DEL · NEW ti=41 i0(60)+i14(113)+i18(21)	1	1	1	0	1
50247b26	version-31	desaveu NEW a masque impossible	genre	DEL ti=0	9	9	9	0	40
50247b26	version-31	desaveu des deux	g2_del	eid du DEL : aucune allocation · lie au monde apres le paquet : false	7	7	7	0	28
50247b26	version-31	desaveu des deux	g2_del	eid du DEL : libere avant le chunk · lie au monde apres le paquet : false	1	1	1	0	12
50247b26	version-31	desaveu des deux	g2_del	eid du DEL : vivant au bloc du chunk · lie au monde apres le paquet : false	1	1	1	0	0
50247b26	version-31	desaveu des deux	g2_del_nombre_de_records	14 records lus	2	2	2	0	24
50247b26	version-31	desaveu des deux	g2_del_nombre_de_records	16 records lus	1	1	1	0	14
50247b26	version-31	desaveu des deux	g2_del_nombre_de_records	2 records lus	5	5	5	0	1
50247b26	version-31	desaveu des deux	g2_del_nombre_de_records	3 records lus	1	1	1	0	1
50247b26	version-31	desaveu des deux	g2_del_premier_non_del_avant	1 DEL · DELTA ti=35 i0(51)+i1(31)+i25(10)+i41(7)+i52(36) · masque possible · pont ti=35 (= archetype lie)	1	1	1	0	14
50247b26	version-31	desaveu des deux	g2_del_premier_non_del_avant	1 DEL · DELTA ti=35 i0(51)+i1(31)+i5(29)+i25(10)+i52(36) · masque possible · pont ti=35 (= archetype lie)	1	1	1	0	12
50247b26	version-31	desaveu des deux	g2_del_premier_non_del_avant	1 DEL · DELTA ti=35 i5(29)+i21(25)+i25(10)+i41(7)+i44(9)+i52(36) · masque possible · pont ti=35 (= archetype lie)	1	1	1	0	12
50247b26	version-31	desaveu des deux	g2_del_premier_non_del_avant	1 DEL · DELTA ti=4 i0(8) · masque possible · pont : ambigu	1	1	1	0	0
50247b26	version-31	desaveu des deux	g2_del_premier_non_del_avant	1 DEL · NEW ti=41 aucun composant	2	2	2	0	0
50247b26	version-31	desaveu des deux	g2_del_premier_non_del_avant	1 DEL · NEW ti=42 aucun composant	1	1	1	0	0
50247b26	version-31	desaveu des deux	g2_del_premier_non_del_avant	1 DEL · NEW ti=42 i0(60)+i1(30)+i2(28)+i8(7)+i10(3)+i12(17)+i15(162)	1	1	1	0	1
50247b26	version-31	desaveu des deux	g2_del_premier_non_del_avant	2 DEL · NEW ti=41 i0(60)+i14(113)+i18(21)	1	1	1	0	1
50247b26	version-31	desaveu des deux	genre	DEL ti=0	9	9	9	0	40
50247b26	version-31	desaveu image-cle hors bloc	g2_del	eid du DEL : aucune allocation · lie au monde apres le paquet : false	7	7	7	0	28
50247b26	version-31	desaveu image-cle hors bloc	g2_del	eid du DEL : libere avant le chunk · lie au monde apres le paquet : false	1	1	1	0	12
50247b26	version-31	desaveu image-cle hors bloc	g2_del	eid du DEL : vivant au bloc du chunk · lie au monde apres le paquet : false	1	1	1	0	0
50247b26	version-31	desaveu image-cle hors bloc	g2_del_nombre_de_records	14 records lus	2	2	2	0	24
50247b26	version-31	desaveu image-cle hors bloc	g2_del_nombre_de_records	16 records lus	1	1	1	0	14
50247b26	version-31	desaveu image-cle hors bloc	g2_del_nombre_de_records	2 records lus	5	5	5	0	1
50247b26	version-31	desaveu image-cle hors bloc	g2_del_nombre_de_records	3 records lus	1	1	1	0	1
50247b26	version-31	desaveu image-cle hors bloc	g2_del_premier_non_del_avant	1 DEL · DELTA ti=35 i0(51)+i1(31)+i25(10)+i41(7)+i52(36) · masque possible · pont ti=35 (= archetype lie)	1	1	1	0	14
50247b26	version-31	desaveu image-cle hors bloc	g2_del_premier_non_del_avant	1 DEL · DELTA ti=35 i0(51)+i1(31)+i5(29)+i25(10)+i52(36) · masque possible · pont ti=35 (= archetype lie)	1	1	1	0	12
50247b26	version-31	desaveu image-cle hors bloc	g2_del_premier_non_del_avant	1 DEL · DELTA ti=35 i5(29)+i21(25)+i25(10)+i41(7)+i44(9)+i52(36) · masque possible · pont ti=35 (= archetype lie)	1	1	1	0	12
50247b26	version-31	desaveu image-cle hors bloc	g2_del_premier_non_del_avant	1 DEL · DELTA ti=4 i0(8) · masque possible · pont : ambigu	1	1	1	0	0
50247b26	version-31	desaveu image-cle hors bloc	g2_del_premier_non_del_avant	1 DEL · NEW ti=41 aucun composant	2	2	2	0	0
50247b26	version-31	desaveu image-cle hors bloc	g2_del_premier_non_del_avant	1 DEL · NEW ti=42 aucun composant	1	1	1	0	0
50247b26	version-31	desaveu image-cle hors bloc	g2_del_premier_non_del_avant	1 DEL · NEW ti=42 i0(60)+i1(30)+i2(28)+i8(7)+i10(3)+i12(17)+i15(162)	1	1	1	0	1
50247b26	version-31	desaveu image-cle hors bloc	g2_del_premier_non_del_avant	2 DEL · NEW ti=41 i0(60)+i14(113)+i18(21)	1	1	1	0	1
50247b26	version-31	desaveu image-cle hors bloc	genre	DEL ti=0	9	9	9	0	40
50247b26	version-31	oracle archetype force ti=35	g2_del	eid du DEL : aucune allocation · lie au monde apres le paquet : false	7	7	7	0	28
50247b26	version-31	oracle archetype force ti=35	g2_del	eid du DEL : libere avant le chunk · lie au monde apres le paquet : false	1	1	1	0	12
50247b26	version-31	oracle archetype force ti=35	g2_del	eid du DEL : vivant au bloc du chunk · lie au monde apres le paquet : false	1	1	1	0	0
50247b26	version-31	oracle archetype force ti=35	g2_del_nombre_de_records	14 records lus	2	2	2	0	24
50247b26	version-31	oracle archetype force ti=35	g2_del_nombre_de_records	16 records lus	1	1	1	0	14
50247b26	version-31	oracle archetype force ti=35	g2_del_nombre_de_records	2 records lus	5	5	5	0	1
50247b26	version-31	oracle archetype force ti=35	g2_del_nombre_de_records	3 records lus	1	1	1	0	1
50247b26	version-31	oracle archetype force ti=35	g2_del_premier_non_del_avant	1 DEL · DELTA ti=35 i0(51)+i1(31)+i25(10)+i41(7)+i52(36) · masque possible · pont ti=35 (= archetype lie)	1	1	1	0	14
50247b26	version-31	oracle archetype force ti=35	g2_del_premier_non_del_avant	1 DEL · DELTA ti=35 i0(51)+i1(31)+i5(29)+i25(10)+i52(36) · masque possible · pont ti=35 (= archetype lie)	1	1	1	0	12
50247b26	version-31	oracle archetype force ti=35	g2_del_premier_non_del_avant	1 DEL · DELTA ti=35 i5(29)+i21(25)+i25(10)+i41(7)+i44(9)+i52(36) · masque possible · pont ti=35 (= archetype lie)	1	1	1	0	12
50247b26	version-31	oracle archetype force ti=35	g2_del_premier_non_del_avant	1 DEL · DELTA ti=4 i0(8) · masque possible · pont : ambigu	1	1	1	0	0
50247b26	version-31	oracle archetype force ti=35	g2_del_premier_non_del_avant	1 DEL · NEW ti=41 aucun composant	2	2	2	0	0
50247b26	version-31	oracle archetype force ti=35	g2_del_premier_non_del_avant	1 DEL · NEW ti=42 aucun composant	1	1	1	0	0
50247b26	version-31	oracle archetype force ti=35	g2_del_premier_non_del_avant	1 DEL · NEW ti=42 i0(60)+i1(30)+i2(28)+i8(7)+i10(3)+i12(17)+i15(162)	1	1	1	0	1
50247b26	version-31	oracle archetype force ti=35	g2_del_premier_non_del_avant	2 DEL · NEW ti=41 i0(60)+i14(113)+i18(21)	1	1	1	0	1
50247b26	version-31	oracle archetype force ti=35	genre	DEL ti=0	9	9	9	0	40
50247b26	version-31	oracle archetype force ti=40	g2_del	eid du DEL : aucune allocation · lie au monde apres le paquet : false	7	7	7	0	28
50247b26	version-31	oracle archetype force ti=40	g2_del	eid du DEL : libere avant le chunk · lie au monde apres le paquet : false	1	1	1	0	12
50247b26	version-31	oracle archetype force ti=40	g2_del	eid du DEL : vivant au bloc du chunk · lie au monde apres le paquet : false	1	1	1	0	0
50247b26	version-31	oracle archetype force ti=40	g2_del_nombre_de_records	14 records lus	2	2	2	0	24
50247b26	version-31	oracle archetype force ti=40	g2_del_nombre_de_records	16 records lus	1	1	1	0	14
50247b26	version-31	oracle archetype force ti=40	g2_del_nombre_de_records	2 records lus	5	5	5	0	1
50247b26	version-31	oracle archetype force ti=40	g2_del_nombre_de_records	3 records lus	1	1	1	0	1
50247b26	version-31	oracle archetype force ti=40	g2_del_premier_non_del_avant	1 DEL · DELTA ti=35 i0(51)+i1(31)+i25(10)+i41(7)+i52(36) · masque possible · pont ti=35 (= archetype lie)	1	1	1	0	14
50247b26	version-31	oracle archetype force ti=40	g2_del_premier_non_del_avant	1 DEL · DELTA ti=35 i0(51)+i1(31)+i5(29)+i25(10)+i52(36) · masque possible · pont ti=35 (= archetype lie)	1	1	1	0	12
50247b26	version-31	oracle archetype force ti=40	g2_del_premier_non_del_avant	1 DEL · DELTA ti=35 i5(29)+i21(25)+i25(10)+i41(7)+i44(9)+i52(36) · masque possible · pont ti=35 (= archetype lie)	1	1	1	0	12
50247b26	version-31	oracle archetype force ti=40	g2_del_premier_non_del_avant	1 DEL · DELTA ti=4 i0(8) · masque possible · pont : ambigu	1	1	1	0	0
50247b26	version-31	oracle archetype force ti=40	g2_del_premier_non_del_avant	1 DEL · NEW ti=41 aucun composant	2	2	2	0	0
50247b26	version-31	oracle archetype force ti=40	g2_del_premier_non_del_avant	1 DEL · NEW ti=42 aucun composant	1	1	1	0	0
50247b26	version-31	oracle archetype force ti=40	g2_del_premier_non_del_avant	1 DEL · NEW ti=42 i0(60)+i1(30)+i2(28)+i8(7)+i10(3)+i12(17)+i15(162)	1	1	1	0	1
50247b26	version-31	oracle archetype force ti=40	g2_del_premier_non_del_avant	2 DEL · NEW ti=41 i0(60)+i14(113)+i18(21)	1	1	1	0	1
50247b26	version-31	oracle archetype force ti=40	genre	DEL ti=0	9	9	9	0	40
50247b26	version-31	oracle du pont (masque impossible)	g2_del	eid du DEL : aucune allocation · lie au monde apres le paquet : false	7	7	7	0	28
50247b26	version-31	oracle du pont (masque impossible)	g2_del	eid du DEL : libere avant le chunk · lie au monde apres le paquet : false	1	1	1	0	12
50247b26	version-31	oracle du pont (masque impossible)	g2_del	eid du DEL : vivant au bloc du chunk · lie au monde apres le paquet : false	1	1	1	0	0
50247b26	version-31	oracle du pont (masque impossible)	g2_del_nombre_de_records	14 records lus	2	2	2	0	24
50247b26	version-31	oracle du pont (masque impossible)	g2_del_nombre_de_records	16 records lus	1	1	1	0	14
50247b26	version-31	oracle du pont (masque impossible)	g2_del_nombre_de_records	2 records lus	5	5	5	0	1
50247b26	version-31	oracle du pont (masque impossible)	g2_del_nombre_de_records	3 records lus	1	1	1	0	1
50247b26	version-31	oracle du pont (masque impossible)	g2_del_premier_non_del_avant	1 DEL · DELTA ti=35 i0(51)+i1(31)+i25(10)+i41(7)+i52(36) · masque possible · pont ti=35 (= archetype lie)	1	1	1	0	14
50247b26	version-31	oracle du pont (masque impossible)	g2_del_premier_non_del_avant	1 DEL · DELTA ti=35 i0(51)+i1(31)+i5(29)+i25(10)+i52(36) · masque possible · pont ti=35 (= archetype lie)	1	1	1	0	12
50247b26	version-31	oracle du pont (masque impossible)	g2_del_premier_non_del_avant	1 DEL · DELTA ti=35 i5(29)+i21(25)+i25(10)+i41(7)+i44(9)+i52(36) · masque possible · pont ti=35 (= archetype lie)	1	1	1	0	12
50247b26	version-31	oracle du pont (masque impossible)	g2_del_premier_non_del_avant	1 DEL · DELTA ti=4 i0(8) · masque possible · pont : ambigu	1	1	1	0	0
50247b26	version-31	oracle du pont (masque impossible)	g2_del_premier_non_del_avant	1 DEL · NEW ti=41 aucun composant	2	2	2	0	0
50247b26	version-31	oracle du pont (masque impossible)	g2_del_premier_non_del_avant	1 DEL · NEW ti=42 aucun composant	1	1	1	0	0
50247b26	version-31	oracle du pont (masque impossible)	g2_del_premier_non_del_avant	1 DEL · NEW ti=42 i0(60)+i1(30)+i2(28)+i8(7)+i10(3)+i12(17)+i15(162)	1	1	1	0	1
50247b26	version-31	oracle du pont (masque impossible)	g2_del_premier_non_del_avant	2 DEL · NEW ti=41 i0(60)+i14(113)+i18(21)	1	1	1	0	1
50247b26	version-31	oracle du pont (masque impossible)	genre	DEL ti=0	9	9	9	0	40
50247b26	version-31	reference	g2_del	eid du DEL : aucune allocation · lie au monde apres le paquet : false	7	7	7	0	28
50247b26	version-31	reference	g2_del	eid du DEL : libere avant le chunk · lie au monde apres le paquet : false	1	1	1	0	12
50247b26	version-31	reference	g2_del	eid du DEL : vivant au bloc du chunk · lie au monde apres le paquet : false	1	1	1	0	0
50247b26	version-31	reference	g2_del_nombre_de_records	14 records lus	2	2	2	0	24
50247b26	version-31	reference	g2_del_nombre_de_records	16 records lus	1	1	1	0	14
50247b26	version-31	reference	g2_del_nombre_de_records	2 records lus	5	5	5	0	1
50247b26	version-31	reference	g2_del_nombre_de_records	3 records lus	1	1	1	0	1
50247b26	version-31	reference	g2_del_premier_non_del_avant	1 DEL · DELTA ti=35 i0(51)+i1(31)+i25(10)+i41(7)+i52(36) · masque possible · pont ti=35 (= archetype lie)	1	1	1	0	14
50247b26	version-31	reference	g2_del_premier_non_del_avant	1 DEL · DELTA ti=35 i0(51)+i1(31)+i5(29)+i25(10)+i52(36) · masque possible · pont ti=35 (= archetype lie)	1	1	1	0	12
50247b26	version-31	reference	g2_del_premier_non_del_avant	1 DEL · DELTA ti=35 i5(29)+i21(25)+i25(10)+i41(7)+i44(9)+i52(36) · masque possible · pont ti=35 (= archetype lie)	1	1	1	0	12
50247b26	version-31	reference	g2_del_premier_non_del_avant	1 DEL · DELTA ti=4 i0(8) · masque possible · pont : ambigu	1	1	1	0	0
50247b26	version-31	reference	g2_del_premier_non_del_avant	1 DEL · NEW ti=41 aucun composant	2	2	2	0	0
50247b26	version-31	reference	g2_del_premier_non_del_avant	1 DEL · NEW ti=42 aucun composant	1	1	1	0	0
50247b26	version-31	reference	g2_del_premier_non_del_avant	1 DEL · NEW ti=42 i0(60)+i1(30)+i2(28)+i8(7)+i10(3)+i12(17)+i15(162)	1	1	1	0	1
50247b26	version-31	reference	g2_del_premier_non_del_avant	2 DEL · NEW ti=41 i0(60)+i14(113)+i18(21)	1	1	1	0	1
50247b26	version-31	reference	genre	DEL ti=0	9	9	9	0	40
50247b26	version-31	ti20 i0 cas 2 du jeu	g2_del	eid du DEL : aucune allocation · lie au monde apres le paquet : false	7	7	7	0	28
50247b26	version-31	ti20 i0 cas 2 du jeu	g2_del	eid du DEL : libere avant le chunk · lie au monde apres le paquet : false	1	1	1	0	12
50247b26	version-31	ti20 i0 cas 2 du jeu	g2_del	eid du DEL : vivant au bloc du chunk · lie au monde apres le paquet : false	1	1	1	0	0
50247b26	version-31	ti20 i0 cas 2 du jeu	g2_del_nombre_de_records	14 records lus	2	2	2	0	24
50247b26	version-31	ti20 i0 cas 2 du jeu	g2_del_nombre_de_records	16 records lus	1	1	1	0	14
50247b26	version-31	ti20 i0 cas 2 du jeu	g2_del_nombre_de_records	2 records lus	5	5	5	0	1
50247b26	version-31	ti20 i0 cas 2 du jeu	g2_del_nombre_de_records	3 records lus	1	1	1	0	1
50247b26	version-31	ti20 i0 cas 2 du jeu	g2_del_premier_non_del_avant	1 DEL · DELTA ti=35 i0(51)+i1(31)+i25(10)+i41(7)+i52(36) · masque possible · pont ti=35 (= archetype lie)	1	1	1	0	14
50247b26	version-31	ti20 i0 cas 2 du jeu	g2_del_premier_non_del_avant	1 DEL · DELTA ti=35 i0(51)+i1(31)+i5(29)+i25(10)+i52(36) · masque possible · pont ti=35 (= archetype lie)	1	1	1	0	12
50247b26	version-31	ti20 i0 cas 2 du jeu	g2_del_premier_non_del_avant	1 DEL · DELTA ti=35 i5(29)+i21(25)+i25(10)+i41(7)+i44(9)+i52(36) · masque possible · pont ti=35 (= archetype lie)	1	1	1	0	12
50247b26	version-31	ti20 i0 cas 2 du jeu	g2_del_premier_non_del_avant	1 DEL · DELTA ti=4 i0(8) · masque possible · pont : ambigu	1	1	1	0	0
50247b26	version-31	ti20 i0 cas 2 du jeu	g2_del_premier_non_del_avant	1 DEL · NEW ti=41 aucun composant	2	2	2	0	0
50247b26	version-31	ti20 i0 cas 2 du jeu	g2_del_premier_non_del_avant	1 DEL · NEW ti=42 aucun composant	1	1	1	0	0
50247b26	version-31	ti20 i0 cas 2 du jeu	g2_del_premier_non_del_avant	1 DEL · NEW ti=42 i0(60)+i1(30)+i2(28)+i8(7)+i10(3)+i12(17)+i15(162)	1	1	1	0	1
50247b26	version-31	ti20 i0 cas 2 du jeu	g2_del_premier_non_del_avant	2 DEL · NEW ti=41 i0(60)+i14(113)+i18(21)	1	1	1	0	1
50247b26	version-31	ti20 i0 cas 2 du jeu	genre	DEL ti=0	9	9	9	0	40
51ebbc0f	HI_1_13_0	desaveu NEW a masque impossible	g2_del	eid du DEL : aucune allocation · lie au monde apres le paquet : false	10	10	10	0	1
51ebbc0f	HI_1_13_0	desaveu NEW a masque impossible	g2_del	eid du DEL : realloue sous une autre generation · lie au monde apres le paquet : false	1	1	1	0	0
51ebbc0f	HI_1_13_0	desaveu NEW a masque impossible	g2_del_nombre_de_records	3 records lus	3	3	3	0	0
51ebbc0f	HI_1_13_0	desaveu NEW a masque impossible	g2_del_nombre_de_records	4 records lus	5	5	5	0	0
51ebbc0f	HI_1_13_0	desaveu NEW a masque impossible	g2_del_nombre_de_records	5 records lus	2	2	2	0	0
51ebbc0f	HI_1_13_0	desaveu NEW a masque impossible	g2_del_nombre_de_records	6 records lus	1	1	1	0	1
51ebbc0f	HI_1_13_0	desaveu NEW a masque impossible	g2_del_premier_non_del_avant	1 DEL · NEW ti=32 aucun composant	3	3	3	0	0
51ebbc0f	HI_1_13_0	desaveu NEW a masque impossible	g2_del_premier_non_del_avant	1 DEL · NEW ti=33 i0(278)	1	1	1	0	0
51ebbc0f	HI_1_13_0	desaveu NEW a masque impossible	g2_del_premier_non_del_avant	1 DEL · NEW ti=33 i0(279)	4	4	4	0	0
51ebbc0f	HI_1_13_0	desaveu NEW a masque impossible	g2_del_premier_non_del_avant	2 DEL · NEW ti=32 aucun composant	1	1	1	0	1
51ebbc0f	HI_1_13_0	desaveu NEW a masque impossible	g2_del_premier_non_del_avant	2 DEL · NEW ti=4 i0(8)	2	2	2	0	0
51ebbc0f	HI_1_13_0	desaveu NEW a masque impossible	genre	DEL ti=0	11	11	11	0	1
51ebbc0f	HI_1_13_0	desaveu des deux	g2_del	eid du DEL : aucune allocation · lie au monde apres le paquet : false	9	9	9	0	0
51ebbc0f	HI_1_13_0	desaveu des deux	g2_del	eid du DEL : realloue sous une autre generation · lie au monde apres le paquet : false	1	1	1	0	0
51ebbc0f	HI_1_13_0	desaveu des deux	g2_del_nombre_de_records	3 records lus	3	3	3	0	0
51ebbc0f	HI_1_13_0	desaveu des deux	g2_del_nombre_de_records	4 records lus	5	5	5	0	0
51ebbc0f	HI_1_13_0	desaveu des deux	g2_del_nombre_de_records	5 records lus	2	2	2	0	0
51ebbc0f	HI_1_13_0	desaveu des deux	g2_del_premier_non_del_avant	1 DEL · NEW ti=32 aucun composant	3	3	3	0	0
51ebbc0f	HI_1_13_0	desaveu des deux	g2_del_premier_non_del_avant	1 DEL · NEW ti=33 i0(278)	1	1	1	0	0
51ebbc0f	HI_1_13_0	desaveu des deux	g2_del_premier_non_del_avant	1 DEL · NEW ti=33 i0(279)	4	4	4	0	0
51ebbc0f	HI_1_13_0	desaveu des deux	g2_del_premier_non_del_avant	2 DEL · NEW ti=4 i0(8)	2	2	2	0	0
51ebbc0f	HI_1_13_0	desaveu des deux	genre	DEL ti=0	10	10	10	0	0
51ebbc0f	HI_1_13_0	desaveu image-cle hors bloc	g2_del	eid du DEL : aucune allocation · lie au monde apres le paquet : false	10	10	10	0	9
51ebbc0f	HI_1_13_0	desaveu image-cle hors bloc	g2_del	eid du DEL : libere avant le chunk · lie au monde apres le paquet : false	1	1	1	0	8
51ebbc0f	HI_1_13_0	desaveu image-cle hors bloc	g2_del	eid du DEL : realloue sous une autre generation · lie au monde apres le paquet : false	1	1	1	0	0
51ebbc0f	HI_1_13_0	desaveu image-cle hors bloc	g2_del_nombre_de_records	16 records lus	1	1	1	0	8
51ebbc0f	HI_1_13_0	desaveu image-cle hors bloc	g2_del_nombre_de_records	19 records lus	1	1	1	0	9
51ebbc0f	HI_1_13_0	desaveu image-cle hors bloc	g2_del_nombre_de_records	3 records lus	3	3	3	0	0
51ebbc0f	HI_1_13_0	desaveu image-cle hors bloc	g2_del_nombre_de_records	4 records lus	5	5	5	0	0
51ebbc0f	HI_1_13_0	desaveu image-cle hors bloc	g2_del_nombre_de_records	5 records lus	2	2	2	0	0
51ebbc0f	HI_1_13_0	desaveu image-cle hors bloc	g2_del_premier_non_del_avant	1 DEL · DELTA ti=32 i0(67) · masque IMPOSSIBLE sous l archetype lie · pont : masque vide	1	1	1	0	8
51ebbc0f	HI_1_13_0	desaveu image-cle hors bloc	g2_del_premier_non_del_avant	1 DEL · NEW ti=32 aucun composant	3	3	3	0	0
51ebbc0f	HI_1_13_0	desaveu image-cle hors bloc	g2_del_premier_non_del_avant	1 DEL · NEW ti=33 i0(278)	1	1	1	0	0
51ebbc0f	HI_1_13_0	desaveu image-cle hors bloc	g2_del_premier_non_del_avant	1 DEL · NEW ti=33 i0(279)	4	4	4	0	0
51ebbc0f	HI_1_13_0	desaveu image-cle hors bloc	g2_del_premier_non_del_avant	2 DEL · NEW ti=4 i0(8)	2	2	2	0	0
51ebbc0f	HI_1_13_0	desaveu image-cle hors bloc	g2_del_premier_non_del_avant	3 DEL · DELTA ti=32 i0(67) · masque IMPOSSIBLE sous l archetype lie · pont : masque vide	1	1	1	0	9
51ebbc0f	HI_1_13_0	desaveu image-cle hors bloc	genre	DEL ti=0	12	12	12	0	17
51ebbc0f	HI_1_13_0	desaveu image-cle hors bloc	liaison_du_masque_impossible	NEW (eid complet), generation differente · slot non declare par la 1re image-cle du chunk · bloc : gen 0 (eid gen 1), vivante false	2	2	0	0	0
51ebbc0f	HI_1_13_0	oracle archetype force ti=35	g2_del	eid du DEL : aucune allocation · lie au monde apres le paquet : false	10	10	10	0	1
51ebbc0f	HI_1_13_0	oracle archetype force ti=35	g2_del	eid du DEL : realloue sous une autre generation · lie au monde apres le paquet : false	1	1	1	0	0
51ebbc0f	HI_1_13_0	oracle archetype force ti=35	g2_del_nombre_de_records	3 records lus	3	3	3	0	0
51ebbc0f	HI_1_13_0	oracle archetype force ti=35	g2_del_nombre_de_records	4 records lus	5	5	5	0	0
51ebbc0f	HI_1_13_0	oracle archetype force ti=35	g2_del_nombre_de_records	5 records lus	2	2	2	0	0
51ebbc0f	HI_1_13_0	oracle archetype force ti=35	g2_del_nombre_de_records	6 records lus	1	1	1	0	1
51ebbc0f	HI_1_13_0	oracle archetype force ti=35	g2_del_premier_non_del_avant	1 DEL · NEW ti=32 aucun composant	3	3	3	0	0
51ebbc0f	HI_1_13_0	oracle archetype force ti=35	g2_del_premier_non_del_avant	1 DEL · NEW ti=33 i0(278)	1	1	1	0	0
51ebbc0f	HI_1_13_0	oracle archetype force ti=35	g2_del_premier_non_del_avant	1 DEL · NEW ti=33 i0(279)	4	4	4	0	0
51ebbc0f	HI_1_13_0	oracle archetype force ti=35	g2_del_premier_non_del_avant	2 DEL · NEW ti=32 aucun composant	1	1	1	0	1
51ebbc0f	HI_1_13_0	oracle archetype force ti=35	g2_del_premier_non_del_avant	2 DEL · NEW ti=4 i0(8)	2	2	2	0	0
51ebbc0f	HI_1_13_0	oracle archetype force ti=35	genre	DEL ti=0	11	11	11	0	1
51ebbc0f	HI_1_13_0	oracle archetype force ti=40	g2_del	eid du DEL : aucune allocation · lie au monde apres le paquet : false	10	10	10	0	1
51ebbc0f	HI_1_13_0	oracle archetype force ti=40	g2_del	eid du DEL : realloue sous une autre generation · lie au monde apres le paquet : false	3	3	3	0	20
51ebbc0f	HI_1_13_0	oracle archetype force ti=40	g2_del_nombre_de_records	14 records lus	2	2	2	0	20
51ebbc0f	HI_1_13_0	oracle archetype force ti=40	g2_del_nombre_de_records	3 records lus	3	3	3	0	0
51ebbc0f	HI_1_13_0	oracle archetype force ti=40	g2_del_nombre_de_records	4 records lus	5	5	5	0	0
51ebbc0f	HI_1_13_0	oracle archetype force ti=40	g2_del_nombre_de_records	5 records lus	2	2	2	0	0
51ebbc0f	HI_1_13_0	oracle archetype force ti=40	g2_del_nombre_de_records	6 records lus	1	1	1	0	1
51ebbc0f	HI_1_13_0	oracle archetype force ti=40	g2_del_premier_non_del_avant	1 DEL · DELTA ti=40 i0(72)+i1(31)+i2(33) · masque possible · pont : masque vide	2	2	2	0	20
51ebbc0f	HI_1_13_0	oracle archetype force ti=40	g2_del_premier_non_del_avant	1 DEL · NEW ti=32 aucun composant	3	3	3	0	0
51ebbc0f	HI_1_13_0	oracle archetype force ti=40	g2_del_premier_non_del_avant	1 DEL · NEW ti=33 i0(278)	1	1	1	0	0
51ebbc0f	HI_1_13_0	oracle archetype force ti=40	g2_del_premier_non_del_avant	1 DEL · NEW ti=33 i0(279)	4	4	4	0	0
51ebbc0f	HI_1_13_0	oracle archetype force ti=40	g2_del_premier_non_del_avant	2 DEL · NEW ti=32 aucun composant	1	1	1	0	1
51ebbc0f	HI_1_13_0	oracle archetype force ti=40	g2_del_premier_non_del_avant	2 DEL · NEW ti=4 i0(8)	2	2	2	0	0
51ebbc0f	HI_1_13_0	oracle archetype force ti=40	genre	DEL ti=0	13	13	13	0	21
51ebbc0f	HI_1_13_0	oracle du pont (masque impossible)	g2_del	eid du DEL : aucune allocation · lie au monde apres le paquet : false	11	11	11	0	10
51ebbc0f	HI_1_13_0	oracle du pont (masque impossible)	g2_del	eid du DEL : libere avant le chunk · lie au monde apres le paquet : false	1	1	1	0	8
51ebbc0f	HI_1_13_0	oracle du pont (masque impossible)	g2_del	eid du DEL : realloue sous une autre generation · lie au monde apres le paquet : false	1	1	1	0	0
51ebbc0f	HI_1_13_0	oracle du pont (masque impossible)	g2_del_nombre_de_records	16 records lus	1	1	1	0	8
51ebbc0f	HI_1_13_0	oracle du pont (masque impossible)	g2_del_nombre_de_records	19 records lus	1	1	1	0	9
51ebbc0f	HI_1_13_0	oracle du pont (masque impossible)	g2_del_nombre_de_records	3 records lus	3	3	3	0	0
51ebbc0f	HI_1_13_0	oracle du pont (masque impossible)	g2_del_nombre_de_records	4 records lus	5	5	5	0	0
51ebbc0f	HI_1_13_0	oracle du pont (masque impossible)	g2_del_nombre_de_records	5 records lus	2	2	2	0	0
51ebbc0f	HI_1_13_0	oracle du pont (masque impossible)	g2_del_nombre_de_records	6 records lus	1	1	1	0	1
51ebbc0f	HI_1_13_0	oracle du pont (masque impossible)	g2_del_premier_non_del_avant	1 DEL · DELTA ti=32 i0(67) · masque IMPOSSIBLE sous l archetype lie · pont : masque vide	1	1	1	0	8
51ebbc0f	HI_1_13_0	oracle du pont (masque impossible)	g2_del_premier_non_del_avant	1 DEL · NEW ti=32 aucun composant	3	3	3	0	0
51ebbc0f	HI_1_13_0	oracle du pont (masque impossible)	g2_del_premier_non_del_avant	1 DEL · NEW ti=33 i0(278)	1	1	1	0	0
51ebbc0f	HI_1_13_0	oracle du pont (masque impossible)	g2_del_premier_non_del_avant	1 DEL · NEW ti=33 i0(279)	4	4	4	0	0
51ebbc0f	HI_1_13_0	oracle du pont (masque impossible)	g2_del_premier_non_del_avant	2 DEL · NEW ti=32 aucun composant	1	1	1	0	1
51ebbc0f	HI_1_13_0	oracle du pont (masque impossible)	g2_del_premier_non_del_avant	2 DEL · NEW ti=4 i0(8)	2	2	2	0	0
51ebbc0f	HI_1_13_0	oracle du pont (masque impossible)	g2_del_premier_non_del_avant	3 DEL · DELTA ti=32 i0(67) · masque IMPOSSIBLE sous l archetype lie · pont : masque vide	1	1	1	0	9
51ebbc0f	HI_1_13_0	oracle du pont (masque impossible)	genre	DEL ti=0	13	13	13	0	18
51ebbc0f	HI_1_13_0	oracle du pont (masque impossible)	liaison_du_masque_impossible	NEW (eid complet), generation differente · slot non declare par la 1re image-cle du chunk · bloc : gen 0 (eid gen 1), vivante false	2	2	0	0	0
51ebbc0f	HI_1_13_0	reference	g2_del	eid du DEL : aucune allocation · lie au monde apres le paquet : false	11	11	11	0	10
51ebbc0f	HI_1_13_0	reference	g2_del	eid du DEL : libere avant le chunk · lie au monde apres le paquet : false	1	1	1	0	8
51ebbc0f	HI_1_13_0	reference	g2_del	eid du DEL : realloue sous une autre generation · lie au monde apres le paquet : false	1	1	1	0	0
51ebbc0f	HI_1_13_0	reference	g2_del_nombre_de_records	16 records lus	1	1	1	0	8
51ebbc0f	HI_1_13_0	reference	g2_del_nombre_de_records	19 records lus	1	1	1	0	9
51ebbc0f	HI_1_13_0	reference	g2_del_nombre_de_records	3 records lus	3	3	3	0	0
51ebbc0f	HI_1_13_0	reference	g2_del_nombre_de_records	4 records lus	5	5	5	0	0
51ebbc0f	HI_1_13_0	reference	g2_del_nombre_de_records	5 records lus	2	2	2	0	0
51ebbc0f	HI_1_13_0	reference	g2_del_nombre_de_records	6 records lus	1	1	1	0	1
51ebbc0f	HI_1_13_0	reference	g2_del_premier_non_del_avant	1 DEL · DELTA ti=32 i0(67) · masque IMPOSSIBLE sous l archetype lie · pont : masque vide	1	1	1	0	8
51ebbc0f	HI_1_13_0	reference	g2_del_premier_non_del_avant	1 DEL · NEW ti=32 aucun composant	3	3	3	0	0
51ebbc0f	HI_1_13_0	reference	g2_del_premier_non_del_avant	1 DEL · NEW ti=33 i0(278)	1	1	1	0	0
51ebbc0f	HI_1_13_0	reference	g2_del_premier_non_del_avant	1 DEL · NEW ti=33 i0(279)	4	4	4	0	0
51ebbc0f	HI_1_13_0	reference	g2_del_premier_non_del_avant	2 DEL · NEW ti=32 aucun composant	1	1	1	0	1
51ebbc0f	HI_1_13_0	reference	g2_del_premier_non_del_avant	2 DEL · NEW ti=4 i0(8)	2	2	2	0	0
51ebbc0f	HI_1_13_0	reference	g2_del_premier_non_del_avant	3 DEL · DELTA ti=32 i0(67) · masque IMPOSSIBLE sous l archetype lie · pont : masque vide	1	1	1	0	9
51ebbc0f	HI_1_13_0	reference	genre	DEL ti=0	13	13	13	0	18
51ebbc0f	HI_1_13_0	reference	liaison_du_masque_impossible	NEW (eid complet), generation differente · slot non declare par la 1re image-cle du chunk · bloc : gen 0 (eid gen 1), vivante false	2	2	0	0	0
51ebbc0f	HI_1_13_0	ti20 i0 cas 2 du jeu	g2_del	eid du DEL : aucune allocation · lie au monde apres le paquet : false	11	11	11	0	10
51ebbc0f	HI_1_13_0	ti20 i0 cas 2 du jeu	g2_del	eid du DEL : libere avant le chunk · lie au monde apres le paquet : false	1	1	1	0	8
51ebbc0f	HI_1_13_0	ti20 i0 cas 2 du jeu	g2_del	eid du DEL : realloue sous une autre generation · lie au monde apres le paquet : false	1	1	1	0	0
51ebbc0f	HI_1_13_0	ti20 i0 cas 2 du jeu	g2_del_nombre_de_records	16 records lus	1	1	1	0	8
51ebbc0f	HI_1_13_0	ti20 i0 cas 2 du jeu	g2_del_nombre_de_records	19 records lus	1	1	1	0	9
51ebbc0f	HI_1_13_0	ti20 i0 cas 2 du jeu	g2_del_nombre_de_records	3 records lus	3	3	3	0	0
51ebbc0f	HI_1_13_0	ti20 i0 cas 2 du jeu	g2_del_nombre_de_records	4 records lus	5	5	5	0	0
51ebbc0f	HI_1_13_0	ti20 i0 cas 2 du jeu	g2_del_nombre_de_records	5 records lus	2	2	2	0	0
51ebbc0f	HI_1_13_0	ti20 i0 cas 2 du jeu	g2_del_nombre_de_records	6 records lus	1	1	1	0	1
51ebbc0f	HI_1_13_0	ti20 i0 cas 2 du jeu	g2_del_premier_non_del_avant	1 DEL · DELTA ti=32 i0(67) · masque IMPOSSIBLE sous l archetype lie · pont : masque vide	1	1	1	0	8
51ebbc0f	HI_1_13_0	ti20 i0 cas 2 du jeu	g2_del_premier_non_del_avant	1 DEL · NEW ti=32 aucun composant	3	3	3	0	0
51ebbc0f	HI_1_13_0	ti20 i0 cas 2 du jeu	g2_del_premier_non_del_avant	1 DEL · NEW ti=33 i0(278)	1	1	1	0	0
51ebbc0f	HI_1_13_0	ti20 i0 cas 2 du jeu	g2_del_premier_non_del_avant	1 DEL · NEW ti=33 i0(279)	4	4	4	0	0
51ebbc0f	HI_1_13_0	ti20 i0 cas 2 du jeu	g2_del_premier_non_del_avant	2 DEL · NEW ti=32 aucun composant	1	1	1	0	1
51ebbc0f	HI_1_13_0	ti20 i0 cas 2 du jeu	g2_del_premier_non_del_avant	2 DEL · NEW ti=4 i0(8)	2	2	2	0	0
51ebbc0f	HI_1_13_0	ti20 i0 cas 2 du jeu	g2_del_premier_non_del_avant	3 DEL · DELTA ti=32 i0(67) · masque IMPOSSIBLE sous l archetype lie · pont : masque vide	1	1	1	0	9
51ebbc0f	HI_1_13_0	ti20 i0 cas 2 du jeu	genre	DEL ti=0	13	13	13	0	18
51ebbc0f	HI_1_13_0	ti20 i0 cas 2 du jeu	liaison_du_masque_impossible	NEW (eid complet), generation differente · slot non declare par la 1re image-cle du chunk · bloc : gen 0 (eid gen 1), vivante false	2	2	0	0	0
60ae07c4	HI_1_8_0	desaveu NEW a masque impossible	g1_g3_slot	ti=14 slot 1352 gen 2 · archetypes declares au film [14]	1	1	1	0	6
60ae07c4	HI_1_8_0	desaveu NEW a masque impossible	g2_del	eid du DEL : aucune allocation · lie au monde apres le paquet : false	170	170	170	0	902
60ae07c4	HI_1_8_0	desaveu NEW a masque impossible	g2_del	eid du DEL : libere avant le chunk · lie au monde apres le paquet : false	4	4	4	0	29
60ae07c4	HI_1_8_0	desaveu NEW a masque impossible	g2_del	eid du DEL : naissance non lue · lie au monde apres le paquet : false	5	5	5	0	39
60ae07c4	HI_1_8_0	desaveu NEW a masque impossible	g2_del	eid du DEL : realloue sous une autre generation · lie au monde apres le paquet : false	2	2	2	0	16
60ae07c4	HI_1_8_0	desaveu NEW a masque impossible	g2_del	eid du DEL : vivant au bloc du chunk · lie au monde apres le paquet : false	1	1	1	0	4
60ae07c4	HI_1_8_0	desaveu NEW a masque impossible	g2_del_nombre_de_records	10 records lus	38	38	38	0	280
60ae07c4	HI_1_8_0	desaveu NEW a masque impossible	g2_del_nombre_de_records	11 records lus	27	27	27	0	206
60ae07c4	HI_1_8_0	desaveu NEW a masque impossible	g2_del_nombre_de_records	12 records lus	15	15	15	0	123
60ae07c4	HI_1_8_0	desaveu NEW a masque impossible	g2_del_nombre_de_records	13 records lus	3	3	3	0	27
60ae07c4	HI_1_8_0	desaveu NEW a masque impossible	g2_del_nombre_de_records	2 records lus	1	1	1	0	1
60ae07c4	HI_1_8_0	desaveu NEW a masque impossible	g2_del_nombre_de_records	3 records lus	24	24	24	0	8
60ae07c4	HI_1_8_0	desaveu NEW a masque impossible	g2_del_nombre_de_records	4 records lus	9	9	9	0	12
60ae07c4	HI_1_8_0	desaveu NEW a masque impossible	g2_del_nombre_de_records	5 records lus	5	5	5	0	15
60ae07c4	HI_1_8_0	desaveu NEW a masque impossible	g2_del_nombre_de_records	6 records lus	17	17	17	0	68
60ae07c4	HI_1_8_0	desaveu NEW a masque impossible	g2_del_nombre_de_records	7 records lus	9	9	9	0	40
60ae07c4	HI_1_8_0	desaveu NEW a masque impossible	g2_del_nombre_de_records	8 records lus	10	10	10	0	57
60ae07c4	HI_1_8_0	desaveu NEW a masque impossible	g2_del_nombre_de_records	9 records lus	24	24	24	0	153
60ae07c4	HI_1_8_0	desaveu NEW a masque impossible	g2_del_premier_non_del_avant	1 DEL · DELTA ti=21 i16(20) · masque possible · pont : masque vide	16	16	16	0	0
60ae07c4	HI_1_8_0	desaveu NEW a masque impossible	g2_del_premier_non_del_avant	1 DEL · DELTA ti=35 i0(43)+i1(31)+i23(19)+i25(10)+i53(36)+i58(31) · masque possible · pont ti=35 (= archetype lie)	1	1	1	0	1
60ae07c4	HI_1_8_0	desaveu NEW a masque impossible	g2_del_premier_non_del_avant	1 DEL · DELTA ti=35 i0(43)+i1(31)+i25(10)+i53(72) · masque possible · pont : masque vide	1	1	1	0	5
60ae07c4	HI_1_8_0	desaveu NEW a masque impossible	g2_del_premier_non_del_avant	1 DEL · DELTA ti=35 i0(43)+i1(31)+i25(10)+i53(72) · masque possible · pont ti=35 (= archetype lie)	1	1	1	0	1
60ae07c4	HI_1_8_0	desaveu NEW a masque impossible	g2_del_premier_non_del_avant	1 DEL · DELTA ti=35 i0(43)+i1(31)+i5(29)+i23(19)+i25(10)+i53(36)+i58(31) · masque possible · pont ti=35 (= archetype lie)	1	1	1	0	1
60ae07c4	HI_1_8_0	desaveu NEW a masque impossible	g2_del_premier_non_del_avant	1 DEL · DELTA ti=35 i0(43)+i1(31)+i5(29)+i25(10)+i53(72) · masque possible · pont ti=35 (= archetype lie)	1	1	1	0	3
60ae07c4	HI_1_8_0	desaveu NEW a masque impossible	g2_del_premier_non_del_avant	1 DEL · DELTA ti=35 i0(43)+i5(29)+i25(10)+i53(72) · masque possible · pont ti=35 (= archetype lie)	1	1	1	0	1
60ae07c4	HI_1_8_0	desaveu NEW a masque impossible	g2_del_premier_non_del_avant	1 DEL · DELTA ti=37 i0(41)+i2(9)+i8(5)+i9(1) · masque IMPOSSIBLE sous l archetype lie · pont : masque vide	1	1	1	0	9
60ae07c4	HI_1_8_0	desaveu NEW a masque impossible	g2_del_premier_non_del_avant	1 DEL · DELTA ti=40 i0(43)+i1(31)+i12(1)+i25(10) · masque possible · pont ti=40 (= archetype lie)	1	1	1	0	3
60ae07c4	HI_1_8_0	desaveu NEW a masque impossible	g2_del_premier_non_del_avant	1 DEL · DELTA ti=40 i0(43)+i1(31)+i2(11)+i3(29)+i25(2) · masque possible · pont ti=40 (= archetype lie)	1	1	1	0	9
60ae07c4	HI_1_8_0	desaveu NEW a masque impossible	g2_del_premier_non_del_avant	1 DEL · DELTA ti=40 i0(43)+i1(31)+i2(193)+i25(10) · masque possible · pont ti=40 (= archetype lie)	1	1	1	0	6
60ae07c4	HI_1_8_0	desaveu NEW a masque impossible	g2_del_premier_non_del_avant	1 DEL · DELTA ti=40 i0(43)+i1(31)+i2(193)+i25(15) · masque possible · pont ti=40 (= archetype lie)	1	1	1	0	5
60ae07c4	HI_1_8_0	desaveu NEW a masque impossible	g2_del_premier_non_del_avant	1 DEL · DELTA ti=40 i0(43)+i1(31)+i2(193)+i3(2)+i25(7) · masque possible · pont ti=40 (= archetype lie)	1	1	1	0	7
60ae07c4	HI_1_8_0	desaveu NEW a masque impossible	g2_del_premier_non_del_avant	1 DEL · DELTA ti=40 i0(43)+i1(31)+i2(193)+i3(29)+i25(2) · masque possible · pont ti=40 (= archetype lie)	7	7	7	0	55
60ae07c4	HI_1_8_0	desaveu NEW a masque impossible	g2_del_premier_non_del_avant	1 DEL · DELTA ti=40 i0(43)+i1(31)+i2(193)+i3(29)+i25(7) · masque possible · pont ti=40 (= archetype lie)	1	1	1	0	7
60ae07c4	HI_1_8_0	desaveu NEW a masque impossible	g2_del_premier_non_del_avant	1 DEL · DELTA ti=40 i0(43)+i1(31)+i2(193)+i3(97)+i25(15) · masque possible · pont ti=40 (= archetype lie)	1	1	1	0	7
60ae07c4	HI_1_8_0	desaveu NEW a masque impossible	g2_del_premier_non_del_avant	1 DEL · DELTA ti=40 i0(43)+i1(31)+i2(193)+i3(97)+i25(16) · masque possible · pont ti=40 (= archetype lie)	1	1	1	0	8
60ae07c4	HI_1_8_0	desaveu NEW a masque impossible	g2_del_premier_non_del_avant	1 DEL · DELTA ti=40 i0(43)+i1(31)+i2(193)+i3(97)+i25(2) · masque possible · pont ti=40 (= archetype lie)	12	12	12	0	81
60ae07c4	HI_1_8_0	desaveu NEW a masque impossible	g2_del_premier_non_del_avant	1 DEL · DELTA ti=40 i0(43)+i1(31)+i2(193)+i3(97)+i25(21) · masque possible · pont ti=40 (= archetype lie)	1	1	1	0	4
60ae07c4	HI_1_8_0	desaveu NEW a masque impossible	g2_del_premier_non_del_avant	1 DEL · DELTA ti=40 i0(43)+i1(31)+i2(28)+i3(97)+i25(2) · masque possible · pont ti=40 (= archetype lie)	1	1	1	0	7
60ae07c4	HI_1_8_0	desaveu NEW a masque impossible	g2_del_premier_non_del_avant	1 DEL · DELTA ti=40 i0(43)+i1(31)+i2(30)+i3(2)+i25(15) · masque possible · pont ti=40 (= archetype lie)	1	1	1	0	8
60ae07c4	HI_1_8_0	desaveu NEW a masque impossible	g2_del_premier_non_del_avant	1 DEL · DELTA ti=40 i0(43)+i1(31)+i2(30)+i3(97)+i25(2) · masque possible · pont ti=40 (= archetype lie)	1	1	1	0	7
60ae07c4	HI_1_8_0	desaveu NEW a masque impossible	g2_del_premier_non_del_avant	1 DEL · DELTA ti=40 i0(43)+i1(31)+i2(30)+i3(97)+i25(8) · masque possible · pont ti=40 (= archetype lie)	3	3	3	0	20
60ae07c4	HI_1_8_0	desaveu NEW a masque impossible	g2_del_premier_non_del_avant	1 DEL · DELTA ti=40 i0(43)+i1(31)+i2(4)+i25(21) · masque possible · pont ti=40 (= archetype lie)	11	11	11	0	13
60ae07c4	HI_1_8_0	desaveu NEW a masque impossible	g2_del_premier_non_del_avant	1 DEL · DELTA ti=40 i0(43)+i1(31)+i2(4)+i3(29)+i25(2) · masque possible · pont ti=40 (= archetype lie)	2	2	2	0	12
60ae07c4	HI_1_8_0	desaveu NEW a masque impossible	g2_del_premier_non_del_avant	1 DEL · DELTA ti=40 i0(43)+i1(31)+i2(8)+i3(29)+i25(10) · masque possible · pont ti=40 (= archetype lie)	1	1	1	0	8
60ae07c4	HI_1_8_0	desaveu NEW a masque impossible	g2_del_premier_non_del_avant	1 DEL · DELTA ti=40 i0(43)+i1(31)+i3(2)+i25(14) · masque possible · pont ti=40 (= archetype lie)	1	1	1	0	10
60ae07c4	HI_1_8_0	desaveu NEW a masque impossible	g2_del_premier_non_del_avant	1 DEL · DELTA ti=40 i0(43)+i1(31)+i3(97)+i12(17)+i25(2) · masque possible · pont ti=40 (= archetype lie)	6	6	6	0	21
60ae07c4	HI_1_8_0	desaveu NEW a masque impossible	g2_del_premier_non_del_avant	1 DEL · DELTA ti=40 i0(43)+i1(31)+i3(97)+i25(10) · masque possible · pont ti=40 (= archetype lie)	3	3	3	0	15
60ae07c4	HI_1_8_0	desaveu NEW a masque impossible	g2_del_premier_non_del_avant	1 DEL · DELTA ti=40 i0(43)+i1(97)+i12(17)+i25(2) · masque possible · pont ti=40 (= archetype lie)	16	16	16	0	65
60ae07c4	HI_1_8_0	desaveu NEW a masque impossible	g2_del_premier_non_del_avant	1 DEL · DELTA ti=40 i0(43)+i1(97)+i2(11)+i3(2)+i25(2) · masque possible · pont ti=40 (= archetype lie)	2	2	2	0	3
60ae07c4	HI_1_8_0	desaveu NEW a masque impossible	g2_del_premier_non_del_avant	1 DEL · DELTA ti=40 i0(43)+i1(97)+i2(17)+i3(2)+i25(2) · masque possible · pont ti=40 (= archetype lie)	1	1	1	0	8
60ae07c4	HI_1_8_0	desaveu NEW a masque impossible	g2_del_premier_non_del_avant	1 DEL · DELTA ti=40 i0(43)+i1(97)+i2(17)+i3(97)+i25(2) · masque possible · pont ti=40 (= archetype lie)	1	1	1	0	8
60ae07c4	HI_1_8_0	desaveu NEW a masque impossible	g2_del_premier_non_del_avant	1 DEL · DELTA ti=40 i0(43)+i1(97)+i2(193)+i25(2) · masque possible · pont ti=40 (= archetype lie)	1	1	1	0	9
60ae07c4	HI_1_8_0	desaveu NEW a masque impossible	g2_del_premier_non_del_avant	1 DEL · DELTA ti=40 i0(43)+i1(97)+i2(193)+i25(24) · masque possible · pont ti=40 (= archetype lie)	1	1	1	0	6
60ae07c4	HI_1_8_0	desaveu NEW a masque impossible	g2_del_premier_non_del_avant	1 DEL · DELTA ti=40 i0(43)+i1(97)+i2(193)+i3(2)+i25(16) · masque possible · pont ti=40 (= archetype lie)	2	2	2	0	12
60ae07c4	HI_1_8_0	desaveu NEW a masque impossible	g2_del_premier_non_del_avant	1 DEL · DELTA ti=40 i0(43)+i1(97)+i2(193)+i3(2)+i25(8) · masque possible · pont ti=40 (= archetype lie)	1	1	1	0	7
60ae07c4	HI_1_8_0	desaveu NEW a masque impossible	g2_del_premier_non_del_avant	1 DEL · DELTA ti=40 i0(43)+i1(97)+i2(193)+i3(29)+i25(2) · masque possible · pont ti=40 (= archetype lie)	4	4	4	0	28
60ae07c4	HI_1_8_0	desaveu NEW a masque impossible	g2_del_premier_non_del_avant	1 DEL · DELTA ti=40 i0(43)+i1(97)+i2(193)+i3(29)+i25(5) · masque possible · pont ti=40 (= archetype lie)	1	1	1	0	8
60ae07c4	HI_1_8_0	desaveu NEW a masque impossible	g2_del_premier_non_del_avant	1 DEL · DELTA ti=40 i0(43)+i1(97)+i2(193)+i3(97)+i25(10) · masque possible · pont ti=40 (= archetype lie)	4	4	4	0	28
60ae07c4	HI_1_8_0	desaveu NEW a masque impossible	g2_del_premier_non_del_avant	1 DEL · DELTA ti=40 i0(43)+i1(97)+i2(193)+i3(97)+i25(2) · masque possible · pont ti=40 (= archetype lie)	1	1	1	0	6
60ae07c4	HI_1_8_0	desaveu NEW a masque impossible	g2_del_premier_non_del_avant	1 DEL · DELTA ti=40 i0(43)+i1(97)+i2(24)+i3(2)+i25(10) · masque possible · pont ti=40 (= archetype lie)	7	7	7	0	51
60ae07c4	HI_1_8_0	desaveu NEW a masque impossible	g2_del_premier_non_del_avant	1 DEL · DELTA ti=40 i0(43)+i1(97)+i2(30)+i25(16) · masque possible · pont ti=40 (= archetype lie)	1	1	1	0	5
60ae07c4	HI_1_8_0	desaveu NEW a masque impossible	g2_del_premier_non_del_avant	1 DEL · DELTA ti=40 i0(43)+i1(97)+i2(30)+i3(2)+i25(15) · masque possible · pont ti=40 (= archetype lie)	1	1	1	0	7
60ae07c4	HI_1_8_0	desaveu NEW a masque impossible	g2_del_premier_non_del_avant	1 DEL · DELTA ti=40 i0(43)+i1(97)+i2(30)+i3(2)+i25(2) · masque possible · pont ti=40 (= archetype lie)	1	1	1	0	7
60ae07c4	HI_1_8_0	desaveu NEW a masque impossible	g2_del_premier_non_del_avant	1 DEL · DELTA ti=40 i0(43)+i1(97)+i2(30)+i3(2)+i25(24) · masque possible · pont ti=40 (= archetype lie)	3	3	3	0	22
60ae07c4	HI_1_8_0	desaveu NEW a masque impossible	g2_del_premier_non_del_avant	1 DEL · DELTA ti=40 i0(43)+i1(97)+i2(8)+i3(29)+i25(10) · masque possible · pont ti=40 (= archetype lie)	1	1	1	0	7
60ae07c4	HI_1_8_0	desaveu NEW a masque impossible	g2_del_premier_non_del_avant	1 DEL · DELTA ti=40 i0(43)+i1(97)+i25(10) · masque possible · pont ti=40 (= archetype lie)	7	7	7	0	54
60ae07c4	HI_1_8_0	desaveu NEW a masque impossible	g2_del_premier_non_del_avant	1 DEL · DELTA ti=40 i0(43)+i1(97)+i25(13) · masque possible · pont ti=40 (= archetype lie)	1	1	1	0	8
60ae07c4	HI_1_8_0	desaveu NEW a masque impossible	g2_del_premier_non_del_avant	1 DEL · DELTA ti=40 i0(43)+i1(97)+i25(15) · masque possible · pont ti=40 (= archetype lie)	1	1	1	0	8
60ae07c4	HI_1_8_0	desaveu NEW a masque impossible	g2_del_premier_non_del_avant	1 DEL · DELTA ti=40 i0(43)+i1(97)+i25(2) · masque possible · pont ti=40 (= archetype lie)	1	1	1	0	6
60ae07c4	HI_1_8_0	desaveu NEW a masque impossible	g2_del_premier_non_del_avant	1 DEL · DELTA ti=40 i0(43)+i1(97)+i3(29)+i25(15) · masque possible · pont ti=40 (= archetype lie)	2	2	2	0	14
60ae07c4	HI_1_8_0	desaveu NEW a masque impossible	g2_del_premier_non_del_avant	1 DEL · DELTA ti=40 i0(43)+i1(97)+i3(29)+i25(16) · masque possible · pont ti=40 (= archetype lie)	1	1	1	0	9
60ae07c4	HI_1_8_0	desaveu NEW a masque impossible	g2_del_premier_non_del_avant	1 DEL · DELTA ti=40 i0(43)+i1(97)+i3(29)+i25(2) · masque possible · pont ti=40 (= archetype lie)	1	1	1	0	8
60ae07c4	HI_1_8_0	desaveu NEW a masque impossible	g2_del_premier_non_del_avant	1 DEL · DELTA ti=40 i0(43)+i2(193)+i3(29)+i25(23) · masque possible · pont ti=40 (= archetype lie)	1	1	1	0	8
60ae07c4	HI_1_8_0	desaveu NEW a masque impossible	g2_del_premier_non_del_avant	1 DEL · DELTA ti=40 i0(43)+i2(193)+i3(97)+i25(15) · masque possible · pont ti=40 (= archetype lie)	1	1	1	0	8
60ae07c4	HI_1_8_0	desaveu NEW a masque impossible	g2_del_premier_non_del_avant	1 DEL · NEW ti=1 i1(64)	1	1	1	0	4
60ae07c4	HI_1_8_0	desaveu NEW a masque impossible	g2_del_premier_non_del_avant	1 DEL · NEW ti=11 i5(32)+i12(32)+i22(32)	1	1	1	0	5
60ae07c4	HI_1_8_0	desaveu NEW a masque impossible	g2_del_premier_non_del_avant	1 DEL · NEW ti=16 aucun composant	1	1	1	0	9
60ae07c4	HI_1_8_0	desaveu NEW a masque impossible	g2_del_premier_non_del_avant	1 DEL · NEW ti=17 i1(101)	1	1	1	0	6
60ae07c4	HI_1_8_0	desaveu NEW a masque impossible	g2_del_premier_non_del_avant	1 DEL · NEW ti=21 i0(1)+i8(4)+i16(20)	1	1	1	0	9
60ae07c4	HI_1_8_0	desaveu NEW a masque impossible	g2_del_premier_non_del_avant	1 DEL · NEW ti=22 aucun composant	1	1	1	0	7
60ae07c4	HI_1_8_0	desaveu NEW a masque impossible	g2_del_premier_non_del_avant	1 DEL · NEW ti=32 aucun composant	1	1	1	0	8
60ae07c4	HI_1_8_0	desaveu NEW a masque impossible	g2_del_premier_non_del_avant	1 DEL · NEW ti=36 i11(1)+i19(1)	1	1	1	0	8
60ae07c4	HI_1_8_0	desaveu NEW a masque impossible	g2_del_premier_non_del_avant	1 DEL · NEW ti=42 i2(28)+i5(55)+i16(5)+i20(31)	1	1	1	0	1
60ae07c4	HI_1_8_0	desaveu NEW a masque impossible	g2_del_premier_non_del_avant	2 DEL · DELTA ti=40 i0(43)+i1(31)+i12(49)+i25(2) · masque possible · pont ti=40 (= archetype lie)	3	3	3	0	18
60ae07c4	HI_1_8_0	desaveu NEW a masque impossible	g2_del_premier_non_del_avant	2 DEL · DELTA ti=40 i0(43)+i1(31)+i2(13)+i3(29)+i25(14) · masque possible · pont ti=40 (= archetype lie)	3	3	3	0	22
60ae07c4	HI_1_8_0	desaveu NEW a masque impossible	g2_del_premier_non_del_avant	2 DEL · DELTA ti=40 i0(43)+i1(31)+i2(193)+i3(29)+i25(2) · masque possible · pont ti=40 (= archetype lie)	2	2	2	0	17
60ae07c4	HI_1_8_0	desaveu NEW a masque impossible	g2_del_premier_non_del_avant	2 DEL · DELTA ti=40 i0(43)+i1(31)+i2(30)+i3(2)+i25(15) · masque possible · pont ti=40 (= archetype lie)	1	1	1	0	6
60ae07c4	HI_1_8_0	desaveu NEW a masque impossible	g2_del_premier_non_del_avant	2 DEL · DELTA ti=40 i0(43)+i1(31)+i2(30)+i3(97)+i25(2) · masque possible · pont ti=40 (= archetype lie)	1	1	1	0	8
60ae07c4	HI_1_8_0	desaveu NEW a masque impossible	g2_del_premier_non_del_avant	2 DEL · DELTA ti=40 i0(43)+i1(31)+i2(8)+i3(29)+i25(7) · masque possible · pont ti=40 (= archetype lie)	1	1	1	0	8
60ae07c4	HI_1_8_0	desaveu NEW a masque impossible	g2_del_premier_non_del_avant	2 DEL · DELTA ti=40 i0(43)+i1(97)+i2(193)+i3(29)+i12(1)+i25(10) · masque possible · pont ti=40 (= archetype lie)	1	1	1	0	6
60ae07c4	HI_1_8_0	desaveu NEW a masque impossible	g2_del_premier_non_del_avant	2 DEL · DELTA ti=40 i0(43)+i1(97)+i2(193)+i3(97)+i12(49)+i25(32) · masque possible · pont ti=40 (= archetype lie)	1	1	1	0	4
60ae07c4	HI_1_8_0	desaveu NEW a masque impossible	g2_del_premier_non_del_avant	2 DEL · DELTA ti=40 i0(43)+i1(97)+i2(24)+i3(2)+i25(10) · masque possible · pont ti=40 (= archetype lie)	1	1	1	0	9
60ae07c4	HI_1_8_0	desaveu NEW a masque impossible	g2_del_premier_non_del_avant	2 DEL · DELTA ti=40 i0(43)+i1(97)+i2(30)+i25(24) · masque possible · pont ti=40 (= archetype lie)	1	1	1	0	6
60ae07c4	HI_1_8_0	desaveu NEW a masque impossible	g2_del_premier_non_del_avant	2 DEL · DELTA ti=40 i0(43)+i1(97)+i2(30)+i3(2)+i25(2) · masque possible · pont ti=40 (= archetype lie)	1	1	1	0	8
60ae07c4	HI_1_8_0	desaveu NEW a masque impossible	g2_del_premier_non_del_avant	2 DEL · DELTA ti=40 i0(43)+i1(97)+i2(30)+i3(29)+i25(2) · masque possible · pont ti=40 (= archetype lie)	1	1	1	0	8
60ae07c4	HI_1_8_0	desaveu NEW a masque impossible	g2_del_premier_non_del_avant	2 DEL · DELTA ti=40 i0(43)+i1(97)+i2(4)+i3(97)+i25(6) · masque possible · pont ti=40 (= archetype lie)	2	2	2	0	12
60ae07c4	HI_1_8_0	desaveu NEW a masque impossible	g2_del_premier_non_del_avant	2 DEL · DELTA ti=40 i0(43)+i1(97)+i2(8)+i3(97)+i25(7) · masque possible · pont ti=40 (= archetype lie)	1	1	1	0	8
60ae07c4	HI_1_8_0	desaveu NEW a masque impossible	g2_del_premier_non_del_avant	2 DEL · DELTA ti=40 i0(43)+i1(97)+i3(29)+i25(5) · masque possible · pont ti=40 (= archetype lie)	1	1	1	0	5
60ae07c4	HI_1_8_0	desaveu NEW a masque impossible	g2_del_premier_non_del_avant	2 DEL · DELTA ti=40 i0(43)+i25(10) · masque possible · pont ti=40 (= archetype lie)	3	3	3	0	24
60ae07c4	HI_1_8_0	desaveu NEW a masque impossible	g2_del_premier_non_del_avant	2 DEL · DELTA ti=41 i0(41)+i1(30)+i2(28)+i20(9) · masque possible · pont ti=41 (= archetype lie)	1	1	1	0	8
60ae07c4	HI_1_8_0	desaveu NEW a masque impossible	g2_del_premier_non_del_avant	3 DEL · DELTA ti=40 i0(43)+i1(31)+i3(97)+i25(16) · masque possible · pont ti=40 (= archetype lie)	1	1	1	0	6
60ae07c4	HI_1_8_0	desaveu NEW a masque impossible	g2_del_premier_non_del_avant	3 DEL · DELTA ti=40 i0(43)+i1(97)+i2(8)+i3(29)+i25(10) · masque possible · pont ti=40 (= archetype lie)	1	1	1	0	6
60ae07c4	HI_1_8_0	desaveu NEW a masque impossible	g3_ti14	masque 0x402000200 · aucun composant	1	1	1	0	6
60ae07c4	HI_1_8_0	desaveu NEW a masque impossible	g3_ti14_pont	masque IMPOSSIBLE sous l archetype lie · pont : masque vide	1	1	1	0	6
60ae07c4	HI_1_8_0	desaveu NEW a masque impossible	g4_ti41	masque 0x7 · i0(41)+i1(1)+i2(28)	3	3	3	0	22
60ae07c4	HI_1_8_0	desaveu NEW a masque impossible	g4_ti41_pont	masque possible · pont ti=41 (= archetype lie)	3	3	3	0	22
60ae07c4	HI_1_8_0	desaveu NEW a masque impossible	genre	DEL ti=0	182	182	182	0	990
60ae07c4	HI_1_8_0	desaveu NEW a masque impossible	genre	DELTA ti=14	1	1	1	0	6
60ae07c4	HI_1_8_0	desaveu NEW a masque impossible	genre	DELTA ti=41	3	3	3	0	22
60ae07c4	HI_1_8_0	desaveu NEW a masque impossible	liaison_du_masque_impossible	image-cle ou joker · 1re image-cle du chunk : ti=14 · bloc : gen 1 (eid gen 2), vivante true	1	1	0	0	0
60ae07c4	HI_1_8_0	desaveu NEW a masque impossible	liaison_du_masque_impossible	table de datums ou anticipation · slot non declare par la 1re image-cle du chunk · bloc : gen 0 (eid gen 1), vivante false	1	1	0	0	0
60ae07c4	HI_1_8_0	desaveu des deux	g1_g3_slot	ti=14 slot 1352 gen 2 · archetypes declares au film [14]	1	1	1	0	6
60ae07c4	HI_1_8_0	desaveu des deux	g2_del	eid du DEL : aucune allocation · lie au monde apres le paquet : false	170	170	170	0	902
60ae07c4	HI_1_8_0	desaveu des deux	g2_del	eid du DEL : libere avant le chunk · lie au monde apres le paquet : false	4	4	4	0	29
60ae07c4	HI_1_8_0	desaveu des deux	g2_del	eid du DEL : naissance non lue · lie au monde apres le paquet : false	5	5	5	0	39
60ae07c4	HI_1_8_0	desaveu des deux	g2_del	eid du DEL : realloue sous une autre generation · lie au monde apres le paquet : false	2	2	2	0	16
60ae07c4	HI_1_8_0	desaveu des deux	g2_del	eid du DEL : vivant au bloc du chunk · lie au monde apres le paquet : false	1	1	1	0	4
60ae07c4	HI_1_8_0	desaveu des deux	g2_del_nombre_de_records	10 records lus	38	38	38	0	280
60ae07c4	HI_1_8_0	desaveu des deux	g2_del_nombre_de_records	11 records lus	27	27	27	0	206
60ae07c4	HI_1_8_0	desaveu des deux	g2_del_nombre_de_records	12 records lus	15	15	15	0	123
60ae07c4	HI_1_8_0	desaveu des deux	g2_del_nombre_de_records	13 records lus	3	3	3	0	27
60ae07c4	HI_1_8_0	desaveu des deux	g2_del_nombre_de_records	2 records lus	1	1	1	0	1
60ae07c4	HI_1_8_0	desaveu des deux	g2_del_nombre_de_records	3 records lus	24	24	24	0	8
60ae07c4	HI_1_8_0	desaveu des deux	g2_del_nombre_de_records	4 records lus	9	9	9	0	12
60ae07c4	HI_1_8_0	desaveu des deux	g2_del_nombre_de_records	5 records lus	5	5	5	0	15
60ae07c4	HI_1_8_0	desaveu des deux	g2_del_nombre_de_records	6 records lus	17	17	17	0	68
60ae07c4	HI_1_8_0	desaveu des deux	g2_del_nombre_de_records	7 records lus	9	9	9	0	40
60ae07c4	HI_1_8_0	desaveu des deux	g2_del_nombre_de_records	8 records lus	10	10	10	0	57
60ae07c4	HI_1_8_0	desaveu des deux	g2_del_nombre_de_records	9 records lus	24	24	24	0	153
60ae07c4	HI_1_8_0	desaveu des deux	g2_del_premier_non_del_avant	1 DEL · DELTA ti=21 i16(20) · masque possible · pont : masque vide	16	16	16	0	0
60ae07c4	HI_1_8_0	desaveu des deux	g2_del_premier_non_del_avant	1 DEL · DELTA ti=35 i0(43)+i1(31)+i23(19)+i25(10)+i53(36)+i58(31) · masque possible · pont ti=35 (= archetype lie)	1	1	1	0	1
60ae07c4	HI_1_8_0	desaveu des deux	g2_del_premier_non_del_avant	1 DEL · DELTA ti=35 i0(43)+i1(31)+i25(10)+i53(72) · masque possible · pont : masque vide	1	1	1	0	5
60ae07c4	HI_1_8_0	desaveu des deux	g2_del_premier_non_del_avant	1 DEL · DELTA ti=35 i0(43)+i1(31)+i25(10)+i53(72) · masque possible · pont ti=35 (= archetype lie)	1	1	1	0	1
60ae07c4	HI_1_8_0	desaveu des deux	g2_del_premier_non_del_avant	1 DEL · DELTA ti=35 i0(43)+i1(31)+i5(29)+i23(19)+i25(10)+i53(36)+i58(31) · masque possible · pont ti=35 (= archetype lie)	1	1	1	0	1
60ae07c4	HI_1_8_0	desaveu des deux	g2_del_premier_non_del_avant	1 DEL · DELTA ti=35 i0(43)+i1(31)+i5(29)+i25(10)+i53(72) · masque possible · pont ti=35 (= archetype lie)	1	1	1	0	3
60ae07c4	HI_1_8_0	desaveu des deux	g2_del_premier_non_del_avant	1 DEL · DELTA ti=35 i0(43)+i5(29)+i25(10)+i53(72) · masque possible · pont ti=35 (= archetype lie)	1	1	1	0	1
60ae07c4	HI_1_8_0	desaveu des deux	g2_del_premier_non_del_avant	1 DEL · DELTA ti=37 i0(41)+i2(9)+i8(5)+i9(1) · masque IMPOSSIBLE sous l archetype lie · pont : masque vide	1	1	1	0	9
60ae07c4	HI_1_8_0	desaveu des deux	g2_del_premier_non_del_avant	1 DEL · DELTA ti=40 i0(43)+i1(31)+i12(1)+i25(10) · masque possible · pont ti=40 (= archetype lie)	1	1	1	0	3
60ae07c4	HI_1_8_0	desaveu des deux	g2_del_premier_non_del_avant	1 DEL · DELTA ti=40 i0(43)+i1(31)+i2(11)+i3(29)+i25(2) · masque possible · pont ti=40 (= archetype lie)	1	1	1	0	9
60ae07c4	HI_1_8_0	desaveu des deux	g2_del_premier_non_del_avant	1 DEL · DELTA ti=40 i0(43)+i1(31)+i2(193)+i25(10) · masque possible · pont ti=40 (= archetype lie)	1	1	1	0	6
60ae07c4	HI_1_8_0	desaveu des deux	g2_del_premier_non_del_avant	1 DEL · DELTA ti=40 i0(43)+i1(31)+i2(193)+i25(15) · masque possible · pont ti=40 (= archetype lie)	1	1	1	0	5
60ae07c4	HI_1_8_0	desaveu des deux	g2_del_premier_non_del_avant	1 DEL · DELTA ti=40 i0(43)+i1(31)+i2(193)+i3(2)+i25(7) · masque possible · pont ti=40 (= archetype lie)	1	1	1	0	7
60ae07c4	HI_1_8_0	desaveu des deux	g2_del_premier_non_del_avant	1 DEL · DELTA ti=40 i0(43)+i1(31)+i2(193)+i3(29)+i25(2) · masque possible · pont ti=40 (= archetype lie)	7	7	7	0	55
60ae07c4	HI_1_8_0	desaveu des deux	g2_del_premier_non_del_avant	1 DEL · DELTA ti=40 i0(43)+i1(31)+i2(193)+i3(29)+i25(7) · masque possible · pont ti=40 (= archetype lie)	1	1	1	0	7
60ae07c4	HI_1_8_0	desaveu des deux	g2_del_premier_non_del_avant	1 DEL · DELTA ti=40 i0(43)+i1(31)+i2(193)+i3(97)+i25(15) · masque possible · pont ti=40 (= archetype lie)	1	1	1	0	7
60ae07c4	HI_1_8_0	desaveu des deux	g2_del_premier_non_del_avant	1 DEL · DELTA ti=40 i0(43)+i1(31)+i2(193)+i3(97)+i25(16) · masque possible · pont ti=40 (= archetype lie)	1	1	1	0	8
60ae07c4	HI_1_8_0	desaveu des deux	g2_del_premier_non_del_avant	1 DEL · DELTA ti=40 i0(43)+i1(31)+i2(193)+i3(97)+i25(2) · masque possible · pont ti=40 (= archetype lie)	12	12	12	0	81
60ae07c4	HI_1_8_0	desaveu des deux	g2_del_premier_non_del_avant	1 DEL · DELTA ti=40 i0(43)+i1(31)+i2(193)+i3(97)+i25(21) · masque possible · pont ti=40 (= archetype lie)	1	1	1	0	4
60ae07c4	HI_1_8_0	desaveu des deux	g2_del_premier_non_del_avant	1 DEL · DELTA ti=40 i0(43)+i1(31)+i2(28)+i3(97)+i25(2) · masque possible · pont ti=40 (= archetype lie)	1	1	1	0	7
60ae07c4	HI_1_8_0	desaveu des deux	g2_del_premier_non_del_avant	1 DEL · DELTA ti=40 i0(43)+i1(31)+i2(30)+i3(2)+i25(15) · masque possible · pont ti=40 (= archetype lie)	1	1	1	0	8
60ae07c4	HI_1_8_0	desaveu des deux	g2_del_premier_non_del_avant	1 DEL · DELTA ti=40 i0(43)+i1(31)+i2(30)+i3(97)+i25(2) · masque possible · pont ti=40 (= archetype lie)	1	1	1	0	7
60ae07c4	HI_1_8_0	desaveu des deux	g2_del_premier_non_del_avant	1 DEL · DELTA ti=40 i0(43)+i1(31)+i2(30)+i3(97)+i25(8) · masque possible · pont ti=40 (= archetype lie)	3	3	3	0	20
60ae07c4	HI_1_8_0	desaveu des deux	g2_del_premier_non_del_avant	1 DEL · DELTA ti=40 i0(43)+i1(31)+i2(4)+i25(21) · masque possible · pont ti=40 (= archetype lie)	11	11	11	0	13
60ae07c4	HI_1_8_0	desaveu des deux	g2_del_premier_non_del_avant	1 DEL · DELTA ti=40 i0(43)+i1(31)+i2(4)+i3(29)+i25(2) · masque possible · pont ti=40 (= archetype lie)	2	2	2	0	12
60ae07c4	HI_1_8_0	desaveu des deux	g2_del_premier_non_del_avant	1 DEL · DELTA ti=40 i0(43)+i1(31)+i2(8)+i3(29)+i25(10) · masque possible · pont ti=40 (= archetype lie)	1	1	1	0	8
60ae07c4	HI_1_8_0	desaveu des deux	g2_del_premier_non_del_avant	1 DEL · DELTA ti=40 i0(43)+i1(31)+i3(2)+i25(14) · masque possible · pont ti=40 (= archetype lie)	1	1	1	0	10
60ae07c4	HI_1_8_0	desaveu des deux	g2_del_premier_non_del_avant	1 DEL · DELTA ti=40 i0(43)+i1(31)+i3(97)+i12(17)+i25(2) · masque possible · pont ti=40 (= archetype lie)	6	6	6	0	21
60ae07c4	HI_1_8_0	desaveu des deux	g2_del_premier_non_del_avant	1 DEL · DELTA ti=40 i0(43)+i1(31)+i3(97)+i25(10) · masque possible · pont ti=40 (= archetype lie)	3	3	3	0	15
60ae07c4	HI_1_8_0	desaveu des deux	g2_del_premier_non_del_avant	1 DEL · DELTA ti=40 i0(43)+i1(97)+i12(17)+i25(2) · masque possible · pont ti=40 (= archetype lie)	16	16	16	0	65
60ae07c4	HI_1_8_0	desaveu des deux	g2_del_premier_non_del_avant	1 DEL · DELTA ti=40 i0(43)+i1(97)+i2(11)+i3(2)+i25(2) · masque possible · pont ti=40 (= archetype lie)	2	2	2	0	3
60ae07c4	HI_1_8_0	desaveu des deux	g2_del_premier_non_del_avant	1 DEL · DELTA ti=40 i0(43)+i1(97)+i2(17)+i3(2)+i25(2) · masque possible · pont ti=40 (= archetype lie)	1	1	1	0	8
60ae07c4	HI_1_8_0	desaveu des deux	g2_del_premier_non_del_avant	1 DEL · DELTA ti=40 i0(43)+i1(97)+i2(17)+i3(97)+i25(2) · masque possible · pont ti=40 (= archetype lie)	1	1	1	0	8
60ae07c4	HI_1_8_0	desaveu des deux	g2_del_premier_non_del_avant	1 DEL · DELTA ti=40 i0(43)+i1(97)+i2(193)+i25(2) · masque possible · pont ti=40 (= archetype lie)	1	1	1	0	9
60ae07c4	HI_1_8_0	desaveu des deux	g2_del_premier_non_del_avant	1 DEL · DELTA ti=40 i0(43)+i1(97)+i2(193)+i25(24) · masque possible · pont ti=40 (= archetype lie)	1	1	1	0	6
60ae07c4	HI_1_8_0	desaveu des deux	g2_del_premier_non_del_avant	1 DEL · DELTA ti=40 i0(43)+i1(97)+i2(193)+i3(2)+i25(16) · masque possible · pont ti=40 (= archetype lie)	2	2	2	0	12
60ae07c4	HI_1_8_0	desaveu des deux	g2_del_premier_non_del_avant	1 DEL · DELTA ti=40 i0(43)+i1(97)+i2(193)+i3(2)+i25(8) · masque possible · pont ti=40 (= archetype lie)	1	1	1	0	7
60ae07c4	HI_1_8_0	desaveu des deux	g2_del_premier_non_del_avant	1 DEL · DELTA ti=40 i0(43)+i1(97)+i2(193)+i3(29)+i25(2) · masque possible · pont ti=40 (= archetype lie)	4	4	4	0	28
60ae07c4	HI_1_8_0	desaveu des deux	g2_del_premier_non_del_avant	1 DEL · DELTA ti=40 i0(43)+i1(97)+i2(193)+i3(29)+i25(5) · masque possible · pont ti=40 (= archetype lie)	1	1	1	0	8
60ae07c4	HI_1_8_0	desaveu des deux	g2_del_premier_non_del_avant	1 DEL · DELTA ti=40 i0(43)+i1(97)+i2(193)+i3(97)+i25(10) · masque possible · pont ti=40 (= archetype lie)	4	4	4	0	28
60ae07c4	HI_1_8_0	desaveu des deux	g2_del_premier_non_del_avant	1 DEL · DELTA ti=40 i0(43)+i1(97)+i2(193)+i3(97)+i25(2) · masque possible · pont ti=40 (= archetype lie)	1	1	1	0	6
60ae07c4	HI_1_8_0	desaveu des deux	g2_del_premier_non_del_avant	1 DEL · DELTA ti=40 i0(43)+i1(97)+i2(24)+i3(2)+i25(10) · masque possible · pont ti=40 (= archetype lie)	7	7	7	0	51
60ae07c4	HI_1_8_0	desaveu des deux	g2_del_premier_non_del_avant	1 DEL · DELTA ti=40 i0(43)+i1(97)+i2(30)+i25(16) · masque possible · pont ti=40 (= archetype lie)	1	1	1	0	5
60ae07c4	HI_1_8_0	desaveu des deux	g2_del_premier_non_del_avant	1 DEL · DELTA ti=40 i0(43)+i1(97)+i2(30)+i3(2)+i25(15) · masque possible · pont ti=40 (= archetype lie)	1	1	1	0	7
60ae07c4	HI_1_8_0	desaveu des deux	g2_del_premier_non_del_avant	1 DEL · DELTA ti=40 i0(43)+i1(97)+i2(30)+i3(2)+i25(2) · masque possible · pont ti=40 (= archetype lie)	1	1	1	0	7
60ae07c4	HI_1_8_0	desaveu des deux	g2_del_premier_non_del_avant	1 DEL · DELTA ti=40 i0(43)+i1(97)+i2(30)+i3(2)+i25(24) · masque possible · pont ti=40 (= archetype lie)	3	3	3	0	22
60ae07c4	HI_1_8_0	desaveu des deux	g2_del_premier_non_del_avant	1 DEL · DELTA ti=40 i0(43)+i1(97)+i2(8)+i3(29)+i25(10) · masque possible · pont ti=40 (= archetype lie)	1	1	1	0	7
60ae07c4	HI_1_8_0	desaveu des deux	g2_del_premier_non_del_avant	1 DEL · DELTA ti=40 i0(43)+i1(97)+i25(10) · masque possible · pont ti=40 (= archetype lie)	7	7	7	0	54
60ae07c4	HI_1_8_0	desaveu des deux	g2_del_premier_non_del_avant	1 DEL · DELTA ti=40 i0(43)+i1(97)+i25(13) · masque possible · pont ti=40 (= archetype lie)	1	1	1	0	8
60ae07c4	HI_1_8_0	desaveu des deux	g2_del_premier_non_del_avant	1 DEL · DELTA ti=40 i0(43)+i1(97)+i25(15) · masque possible · pont ti=40 (= archetype lie)	1	1	1	0	8
60ae07c4	HI_1_8_0	desaveu des deux	g2_del_premier_non_del_avant	1 DEL · DELTA ti=40 i0(43)+i1(97)+i25(2) · masque possible · pont ti=40 (= archetype lie)	1	1	1	0	6
60ae07c4	HI_1_8_0	desaveu des deux	g2_del_premier_non_del_avant	1 DEL · DELTA ti=40 i0(43)+i1(97)+i3(29)+i25(15) · masque possible · pont ti=40 (= archetype lie)	2	2	2	0	14
60ae07c4	HI_1_8_0	desaveu des deux	g2_del_premier_non_del_avant	1 DEL · DELTA ti=40 i0(43)+i1(97)+i3(29)+i25(16) · masque possible · pont ti=40 (= archetype lie)	1	1	1	0	9
60ae07c4	HI_1_8_0	desaveu des deux	g2_del_premier_non_del_avant	1 DEL · DELTA ti=40 i0(43)+i1(97)+i3(29)+i25(2) · masque possible · pont ti=40 (= archetype lie)	1	1	1	0	8
60ae07c4	HI_1_8_0	desaveu des deux	g2_del_premier_non_del_avant	1 DEL · DELTA ti=40 i0(43)+i2(193)+i3(29)+i25(23) · masque possible · pont ti=40 (= archetype lie)	1	1	1	0	8
60ae07c4	HI_1_8_0	desaveu des deux	g2_del_premier_non_del_avant	1 DEL · DELTA ti=40 i0(43)+i2(193)+i3(97)+i25(15) · masque possible · pont ti=40 (= archetype lie)	1	1	1	0	8
60ae07c4	HI_1_8_0	desaveu des deux	g2_del_premier_non_del_avant	1 DEL · NEW ti=1 i1(64)	1	1	1	0	4
60ae07c4	HI_1_8_0	desaveu des deux	g2_del_premier_non_del_avant	1 DEL · NEW ti=11 i5(32)+i12(32)+i22(32)	1	1	1	0	5
60ae07c4	HI_1_8_0	desaveu des deux	g2_del_premier_non_del_avant	1 DEL · NEW ti=16 aucun composant	1	1	1	0	9
60ae07c4	HI_1_8_0	desaveu des deux	g2_del_premier_non_del_avant	1 DEL · NEW ti=17 i1(101)	1	1	1	0	6
60ae07c4	HI_1_8_0	desaveu des deux	g2_del_premier_non_del_avant	1 DEL · NEW ti=21 i0(1)+i8(4)+i16(20)	1	1	1	0	9
60ae07c4	HI_1_8_0	desaveu des deux	g2_del_premier_non_del_avant	1 DEL · NEW ti=22 aucun composant	1	1	1	0	7
60ae07c4	HI_1_8_0	desaveu des deux	g2_del_premier_non_del_avant	1 DEL · NEW ti=32 aucun composant	1	1	1	0	8
60ae07c4	HI_1_8_0	desaveu des deux	g2_del_premier_non_del_avant	1 DEL · NEW ti=36 i11(1)+i19(1)	1	1	1	0	8
60ae07c4	HI_1_8_0	desaveu des deux	g2_del_premier_non_del_avant	1 DEL · NEW ti=42 i2(28)+i5(55)+i16(5)+i20(31)	1	1	1	0	1
60ae07c4	HI_1_8_0	desaveu des deux	g2_del_premier_non_del_avant	2 DEL · DELTA ti=40 i0(43)+i1(31)+i12(49)+i25(2) · masque possible · pont ti=40 (= archetype lie)	3	3	3	0	18
60ae07c4	HI_1_8_0	desaveu des deux	g2_del_premier_non_del_avant	2 DEL · DELTA ti=40 i0(43)+i1(31)+i2(13)+i3(29)+i25(14) · masque possible · pont ti=40 (= archetype lie)	3	3	3	0	22
60ae07c4	HI_1_8_0	desaveu des deux	g2_del_premier_non_del_avant	2 DEL · DELTA ti=40 i0(43)+i1(31)+i2(193)+i3(29)+i25(2) · masque possible · pont ti=40 (= archetype lie)	2	2	2	0	17
60ae07c4	HI_1_8_0	desaveu des deux	g2_del_premier_non_del_avant	2 DEL · DELTA ti=40 i0(43)+i1(31)+i2(30)+i3(2)+i25(15) · masque possible · pont ti=40 (= archetype lie)	1	1	1	0	6
60ae07c4	HI_1_8_0	desaveu des deux	g2_del_premier_non_del_avant	2 DEL · DELTA ti=40 i0(43)+i1(31)+i2(30)+i3(97)+i25(2) · masque possible · pont ti=40 (= archetype lie)	1	1	1	0	8
60ae07c4	HI_1_8_0	desaveu des deux	g2_del_premier_non_del_avant	2 DEL · DELTA ti=40 i0(43)+i1(31)+i2(8)+i3(29)+i25(7) · masque possible · pont ti=40 (= archetype lie)	1	1	1	0	8
60ae07c4	HI_1_8_0	desaveu des deux	g2_del_premier_non_del_avant	2 DEL · DELTA ti=40 i0(43)+i1(97)+i2(193)+i3(29)+i12(1)+i25(10) · masque possible · pont ti=40 (= archetype lie)	1	1	1	0	6
60ae07c4	HI_1_8_0	desaveu des deux	g2_del_premier_non_del_avant	2 DEL · DELTA ti=40 i0(43)+i1(97)+i2(193)+i3(97)+i12(49)+i25(32) · masque possible · pont ti=40 (= archetype lie)	1	1	1	0	4
60ae07c4	HI_1_8_0	desaveu des deux	g2_del_premier_non_del_avant	2 DEL · DELTA ti=40 i0(43)+i1(97)+i2(24)+i3(2)+i25(10) · masque possible · pont ti=40 (= archetype lie)	1	1	1	0	9
60ae07c4	HI_1_8_0	desaveu des deux	g2_del_premier_non_del_avant	2 DEL · DELTA ti=40 i0(43)+i1(97)+i2(30)+i25(24) · masque possible · pont ti=40 (= archetype lie)	1	1	1	0	6
60ae07c4	HI_1_8_0	desaveu des deux	g2_del_premier_non_del_avant	2 DEL · DELTA ti=40 i0(43)+i1(97)+i2(30)+i3(2)+i25(2) · masque possible · pont ti=40 (= archetype lie)	1	1	1	0	8
60ae07c4	HI_1_8_0	desaveu des deux	g2_del_premier_non_del_avant	2 DEL · DELTA ti=40 i0(43)+i1(97)+i2(30)+i3(29)+i25(2) · masque possible · pont ti=40 (= archetype lie)	1	1	1	0	8
60ae07c4	HI_1_8_0	desaveu des deux	g2_del_premier_non_del_avant	2 DEL · DELTA ti=40 i0(43)+i1(97)+i2(4)+i3(97)+i25(6) · masque possible · pont ti=40 (= archetype lie)	2	2	2	0	12
60ae07c4	HI_1_8_0	desaveu des deux	g2_del_premier_non_del_avant	2 DEL · DELTA ti=40 i0(43)+i1(97)+i2(8)+i3(97)+i25(7) · masque possible · pont ti=40 (= archetype lie)	1	1	1	0	8
60ae07c4	HI_1_8_0	desaveu des deux	g2_del_premier_non_del_avant	2 DEL · DELTA ti=40 i0(43)+i1(97)+i3(29)+i25(5) · masque possible · pont ti=40 (= archetype lie)	1	1	1	0	5
60ae07c4	HI_1_8_0	desaveu des deux	g2_del_premier_non_del_avant	2 DEL · DELTA ti=40 i0(43)+i25(10) · masque possible · pont ti=40 (= archetype lie)	3	3	3	0	24
60ae07c4	HI_1_8_0	desaveu des deux	g2_del_premier_non_del_avant	2 DEL · DELTA ti=41 i0(41)+i1(30)+i2(28)+i20(9) · masque possible · pont ti=41 (= archetype lie)	1	1	1	0	8
60ae07c4	HI_1_8_0	desaveu des deux	g2_del_premier_non_del_avant	3 DEL · DELTA ti=40 i0(43)+i1(31)+i3(97)+i25(16) · masque possible · pont ti=40 (= archetype lie)	1	1	1	0	6
60ae07c4	HI_1_8_0	desaveu des deux	g2_del_premier_non_del_avant	3 DEL · DELTA ti=40 i0(43)+i1(97)+i2(8)+i3(29)+i25(10) · masque possible · pont ti=40 (= archetype lie)	1	1	1	0	6
60ae07c4	HI_1_8_0	desaveu des deux	g3_ti14	masque 0x402000200 · aucun composant	1	1	1	0	6
60ae07c4	HI_1_8_0	desaveu des deux	g3_ti14_pont	masque IMPOSSIBLE sous l archetype lie · pont : masque vide	1	1	1	0	6
60ae07c4	HI_1_8_0	desaveu des deux	g4_ti41	masque 0x7 · i0(41)+i1(1)+i2(28)	3	3	3	0	22
60ae07c4	HI_1_8_0	desaveu des deux	g4_ti41_pont	masque possible · pont ti=41 (= archetype lie)	3	3	3	0	22
60ae07c4	HI_1_8_0	desaveu des deux	genre	DEL ti=0	182	182	182	0	990
60ae07c4	HI_1_8_0	desaveu des deux	genre	DELTA ti=14	1	1	1	0	6
60ae07c4	HI_1_8_0	desaveu des deux	genre	DELTA ti=41	3	3	3	0	22
60ae07c4	HI_1_8_0	desaveu des deux	liaison_du_masque_impossible	image-cle ou joker · 1re image-cle du chunk : ti=14 · bloc : gen 1 (eid gen 2), vivante true	1	1	0	0	0
60ae07c4	HI_1_8_0	desaveu des deux	liaison_du_masque_impossible	table de datums ou anticipation · slot non declare par la 1re image-cle du chunk · bloc : gen 0 (eid gen 1), vivante false	1	1	0	0	0
60ae07c4	HI_1_8_0	desaveu image-cle hors bloc	g1_g3_slot	ti=14 slot 1352 gen 2 · archetypes declares au film [14]	1	1	1	0	6
60ae07c4	HI_1_8_0	desaveu image-cle hors bloc	g2_del	eid du DEL : aucune allocation · lie au monde apres le paquet : false	167	167	167	0	879
60ae07c4	HI_1_8_0	desaveu image-cle hors bloc	g2_del	eid du DEL : libere avant le chunk · lie au monde apres le paquet : false	4	4	4	0	29
60ae07c4	HI_1_8_0	desaveu image-cle hors bloc	g2_del	eid du DEL : naissance non lue · lie au monde apres le paquet : false	5	5	5	0	39
60ae07c4	HI_1_8_0	desaveu image-cle hors bloc	g2_del	eid du DEL : realloue sous une autre generation · lie au monde apres le paquet : false	1	1	1	0	9
60ae07c4	HI_1_8_0	desaveu image-cle hors bloc	g2_del	eid du DEL : vivant au bloc du chunk · lie au monde apres le paquet : false	1	1	1	0	4
60ae07c4	HI_1_8_0	desaveu image-cle hors bloc	g2_del_nombre_de_records	10 records lus	34	34	34	0	250
60ae07c4	HI_1_8_0	desaveu image-cle hors bloc	g2_del_nombre_de_records	11 records lus	27	27	27	0	206
60ae07c4	HI_1_8_0	desaveu image-cle hors bloc	g2_del_nombre_de_records	12 records lus	15	15	15	0	123
60ae07c4	HI_1_8_0	desaveu image-cle hors bloc	g2_del_nombre_de_records	13 records lus	3	3	3	0	27
60ae07c4	HI_1_8_0	desaveu image-cle hors bloc	g2_del_nombre_de_records	2 records lus	1	1	1	0	1
60ae07c4	HI_1_8_0	desaveu image-cle hors bloc	g2_del_nombre_de_records	3 records lus	24	24	24	0	8
60ae07c4	HI_1_8_0	desaveu image-cle hors bloc	g2_del_nombre_de_records	4 records lus	9	9	9	0	12
60ae07c4	HI_1_8_0	desaveu image-cle hors bloc	g2_del_nombre_de_records	5 records lus	5	5	5	0	15
60ae07c4	HI_1_8_0	desaveu image-cle hors bloc	g2_del_nombre_de_records	6 records lus	17	17	17	0	68
60ae07c4	HI_1_8_0	desaveu image-cle hors bloc	g2_del_nombre_de_records	7 records lus	9	9	9	0	40
60ae07c4	HI_1_8_0	desaveu image-cle hors bloc	g2_del_nombre_de_records	8 records lus	10	10	10	0	57
60ae07c4	HI_1_8_0	desaveu image-cle hors bloc	g2_del_nombre_de_records	9 records lus	24	24	24	0	153
60ae07c4	HI_1_8_0	desaveu image-cle hors bloc	g2_del_premier_non_del_avant	1 DEL · DELTA ti=21 i16(20) · masque possible · pont : masque vide	16	16	16	0	0
60ae07c4	HI_1_8_0	desaveu image-cle hors bloc	g2_del_premier_non_del_avant	1 DEL · DELTA ti=35 i0(43)+i1(31)+i23(19)+i25(10)+i53(36)+i58(31) · masque possible · pont ti=35 (= archetype lie)	1	1	1	0	1
60ae07c4	HI_1_8_0	desaveu image-cle hors bloc	g2_del_premier_non_del_avant	1 DEL · DELTA ti=35 i0(43)+i1(31)+i25(10)+i53(72) · masque possible · pont : masque vide	1	1	1	0	5
60ae07c4	HI_1_8_0	desaveu image-cle hors bloc	g2_del_premier_non_del_avant	1 DEL · DELTA ti=35 i0(43)+i1(31)+i25(10)+i53(72) · masque possible · pont ti=35 (= archetype lie)	1	1	1	0	1
60ae07c4	HI_1_8_0	desaveu image-cle hors bloc	g2_del_premier_non_del_avant	1 DEL · DELTA ti=35 i0(43)+i1(31)+i5(29)+i23(19)+i25(10)+i53(36)+i58(31) · masque possible · pont ti=35 (= archetype lie)	1	1	1	0	1
60ae07c4	HI_1_8_0	desaveu image-cle hors bloc	g2_del_premier_non_del_avant	1 DEL · DELTA ti=35 i0(43)+i1(31)+i5(29)+i25(10)+i53(72) · masque possible · pont ti=35 (= archetype lie)	1	1	1	0	3
60ae07c4	HI_1_8_0	desaveu image-cle hors bloc	g2_del_premier_non_del_avant	1 DEL · DELTA ti=35 i0(43)+i5(29)+i25(10)+i53(72) · masque possible · pont ti=35 (= archetype lie)	1	1	1	0	1
60ae07c4	HI_1_8_0	desaveu image-cle hors bloc	g2_del_premier_non_del_avant	1 DEL · DELTA ti=37 i0(41)+i2(9)+i8(5)+i9(1) · masque IMPOSSIBLE sous l archetype lie · pont : masque vide	1	1	1	0	9
60ae07c4	HI_1_8_0	desaveu image-cle hors bloc	g2_del_premier_non_del_avant	1 DEL · DELTA ti=40 i0(43)+i1(31)+i12(1)+i25(10) · masque possible · pont ti=40 (= archetype lie)	1	1	1	0	3
60ae07c4	HI_1_8_0	desaveu image-cle hors bloc	g2_del_premier_non_del_avant	1 DEL · DELTA ti=40 i0(43)+i1(31)+i2(11)+i3(29)+i25(2) · masque possible · pont ti=40 (= archetype lie)	1	1	1	0	9
60ae07c4	HI_1_8_0	desaveu image-cle hors bloc	g2_del_premier_non_del_avant	1 DEL · DELTA ti=40 i0(43)+i1(31)+i2(193)+i25(10) · masque possible · pont ti=40 (= archetype lie)	1	1	1	0	6
60ae07c4	HI_1_8_0	desaveu image-cle hors bloc	g2_del_premier_non_del_avant	1 DEL · DELTA ti=40 i0(43)+i1(31)+i2(193)+i25(15) · masque possible · pont ti=40 (= archetype lie)	1	1	1	0	5
60ae07c4	HI_1_8_0	desaveu image-cle hors bloc	g2_del_premier_non_del_avant	1 DEL · DELTA ti=40 i0(43)+i1(31)+i2(193)+i3(2)+i25(7) · masque possible · pont ti=40 (= archetype lie)	1	1	1	0	7
60ae07c4	HI_1_8_0	desaveu image-cle hors bloc	g2_del_premier_non_del_avant	1 DEL · DELTA ti=40 i0(43)+i1(31)+i2(193)+i3(29)+i25(2) · masque possible · pont ti=40 (= archetype lie)	7	7	7	0	55
60ae07c4	HI_1_8_0	desaveu image-cle hors bloc	g2_del_premier_non_del_avant	1 DEL · DELTA ti=40 i0(43)+i1(31)+i2(193)+i3(29)+i25(7) · masque possible · pont ti=40 (= archetype lie)	1	1	1	0	7
60ae07c4	HI_1_8_0	desaveu image-cle hors bloc	g2_del_premier_non_del_avant	1 DEL · DELTA ti=40 i0(43)+i1(31)+i2(193)+i3(97)+i25(15) · masque possible · pont ti=40 (= archetype lie)	1	1	1	0	7
60ae07c4	HI_1_8_0	desaveu image-cle hors bloc	g2_del_premier_non_del_avant	1 DEL · DELTA ti=40 i0(43)+i1(31)+i2(193)+i3(97)+i25(16) · masque possible · pont ti=40 (= archetype lie)	1	1	1	0	8
60ae07c4	HI_1_8_0	desaveu image-cle hors bloc	g2_del_premier_non_del_avant	1 DEL · DELTA ti=40 i0(43)+i1(31)+i2(193)+i3(97)+i25(2) · masque possible · pont ti=40 (= archetype lie)	8	8	8	0	51
60ae07c4	HI_1_8_0	desaveu image-cle hors bloc	g2_del_premier_non_del_avant	1 DEL · DELTA ti=40 i0(43)+i1(31)+i2(193)+i3(97)+i25(21) · masque possible · pont ti=40 (= archetype lie)	1	1	1	0	4
60ae07c4	HI_1_8_0	desaveu image-cle hors bloc	g2_del_premier_non_del_avant	1 DEL · DELTA ti=40 i0(43)+i1(31)+i2(28)+i3(97)+i25(2) · masque possible · pont ti=40 (= archetype lie)	1	1	1	0	7
60ae07c4	HI_1_8_0	desaveu image-cle hors bloc	g2_del_premier_non_del_avant	1 DEL · DELTA ti=40 i0(43)+i1(31)+i2(30)+i3(2)+i25(15) · masque possible · pont ti=40 (= archetype lie)	1	1	1	0	8
60ae07c4	HI_1_8_0	desaveu image-cle hors bloc	g2_del_premier_non_del_avant	1 DEL · DELTA ti=40 i0(43)+i1(31)+i2(30)+i3(97)+i25(2) · masque possible · pont ti=40 (= archetype lie)	1	1	1	0	7
60ae07c4	HI_1_8_0	desaveu image-cle hors bloc	g2_del_premier_non_del_avant	1 DEL · DELTA ti=40 i0(43)+i1(31)+i2(30)+i3(97)+i25(8) · masque possible · pont ti=40 (= archetype lie)	3	3	3	0	20
60ae07c4	HI_1_8_0	desaveu image-cle hors bloc	g2_del_premier_non_del_avant	1 DEL · DELTA ti=40 i0(43)+i1(31)+i2(4)+i25(21) · masque possible · pont ti=40 (= archetype lie)	11	11	11	0	13
60ae07c4	HI_1_8_0	desaveu image-cle hors bloc	g2_del_premier_non_del_avant	1 DEL · DELTA ti=40 i0(43)+i1(31)+i2(4)+i3(29)+i25(2) · masque possible · pont ti=40 (= archetype lie)	2	2	2	0	12
60ae07c4	HI_1_8_0	desaveu image-cle hors bloc	g2_del_premier_non_del_avant	1 DEL · DELTA ti=40 i0(43)+i1(31)+i2(8)+i3(29)+i25(10) · masque possible · pont ti=40 (= archetype lie)	1	1	1	0	8
60ae07c4	HI_1_8_0	desaveu image-cle hors bloc	g2_del_premier_non_del_avant	1 DEL · DELTA ti=40 i0(43)+i1(31)+i3(2)+i25(14) · masque possible · pont ti=40 (= archetype lie)	1	1	1	0	10
60ae07c4	HI_1_8_0	desaveu image-cle hors bloc	g2_del_premier_non_del_avant	1 DEL · DELTA ti=40 i0(43)+i1(31)+i3(97)+i12(17)+i25(2) · masque possible · pont ti=40 (= archetype lie)	6	6	6	0	21
60ae07c4	HI_1_8_0	desaveu image-cle hors bloc	g2_del_premier_non_del_avant	1 DEL · DELTA ti=40 i0(43)+i1(31)+i3(97)+i25(10) · masque possible · pont ti=40 (= archetype lie)	3	3	3	0	15
60ae07c4	HI_1_8_0	desaveu image-cle hors bloc	g2_del_premier_non_del_avant	1 DEL · DELTA ti=40 i0(43)+i1(97)+i12(17)+i25(2) · masque possible · pont ti=40 (= archetype lie)	16	16	16	0	65
60ae07c4	HI_1_8_0	desaveu image-cle hors bloc	g2_del_premier_non_del_avant	1 DEL · DELTA ti=40 i0(43)+i1(97)+i2(11)+i3(2)+i25(2) · masque possible · pont ti=40 (= archetype lie)	2	2	2	0	3
60ae07c4	HI_1_8_0	desaveu image-cle hors bloc	g2_del_premier_non_del_avant	1 DEL · DELTA ti=40 i0(43)+i1(97)+i2(17)+i3(2)+i25(2) · masque possible · pont ti=40 (= archetype lie)	1	1	1	0	8
60ae07c4	HI_1_8_0	desaveu image-cle hors bloc	g2_del_premier_non_del_avant	1 DEL · DELTA ti=40 i0(43)+i1(97)+i2(17)+i3(97)+i25(2) · masque possible · pont ti=40 (= archetype lie)	1	1	1	0	8
60ae07c4	HI_1_8_0	desaveu image-cle hors bloc	g2_del_premier_non_del_avant	1 DEL · DELTA ti=40 i0(43)+i1(97)+i2(193)+i25(2) · masque possible · pont ti=40 (= archetype lie)	1	1	1	0	9
60ae07c4	HI_1_8_0	desaveu image-cle hors bloc	g2_del_premier_non_del_avant	1 DEL · DELTA ti=40 i0(43)+i1(97)+i2(193)+i25(24) · masque possible · pont ti=40 (= archetype lie)	1	1	1	0	6
60ae07c4	HI_1_8_0	desaveu image-cle hors bloc	g2_del_premier_non_del_avant	1 DEL · DELTA ti=40 i0(43)+i1(97)+i2(193)+i3(2)+i25(16) · masque possible · pont ti=40 (= archetype lie)	2	2	2	0	12
60ae07c4	HI_1_8_0	desaveu image-cle hors bloc	g2_del_premier_non_del_avant	1 DEL · DELTA ti=40 i0(43)+i1(97)+i2(193)+i3(2)+i25(8) · masque possible · pont ti=40 (= archetype lie)	1	1	1	0	7
60ae07c4	HI_1_8_0	desaveu image-cle hors bloc	g2_del_premier_non_del_avant	1 DEL · DELTA ti=40 i0(43)+i1(97)+i2(193)+i3(29)+i25(2) · masque possible · pont ti=40 (= archetype lie)	4	4	4	0	28
60ae07c4	HI_1_8_0	desaveu image-cle hors bloc	g2_del_premier_non_del_avant	1 DEL · DELTA ti=40 i0(43)+i1(97)+i2(193)+i3(29)+i25(5) · masque possible · pont ti=40 (= archetype lie)	1	1	1	0	8
60ae07c4	HI_1_8_0	desaveu image-cle hors bloc	g2_del_premier_non_del_avant	1 DEL · DELTA ti=40 i0(43)+i1(97)+i2(193)+i3(97)+i25(10) · masque possible · pont ti=40 (= archetype lie)	4	4	4	0	28
60ae07c4	HI_1_8_0	desaveu image-cle hors bloc	g2_del_premier_non_del_avant	1 DEL · DELTA ti=40 i0(43)+i1(97)+i2(193)+i3(97)+i25(2) · masque possible · pont ti=40 (= archetype lie)	1	1	1	0	6
60ae07c4	HI_1_8_0	desaveu image-cle hors bloc	g2_del_premier_non_del_avant	1 DEL · DELTA ti=40 i0(43)+i1(97)+i2(24)+i3(2)+i25(10) · masque possible · pont ti=40 (= archetype lie)	7	7	7	0	51
60ae07c4	HI_1_8_0	desaveu image-cle hors bloc	g2_del_premier_non_del_avant	1 DEL · DELTA ti=40 i0(43)+i1(97)+i2(30)+i25(16) · masque possible · pont ti=40 (= archetype lie)	1	1	1	0	5
60ae07c4	HI_1_8_0	desaveu image-cle hors bloc	g2_del_premier_non_del_avant	1 DEL · DELTA ti=40 i0(43)+i1(97)+i2(30)+i3(2)+i25(15) · masque possible · pont ti=40 (= archetype lie)	1	1	1	0	7
60ae07c4	HI_1_8_0	desaveu image-cle hors bloc	g2_del_premier_non_del_avant	1 DEL · DELTA ti=40 i0(43)+i1(97)+i2(30)+i3(2)+i25(2) · masque possible · pont ti=40 (= archetype lie)	1	1	1	0	7
60ae07c4	HI_1_8_0	desaveu image-cle hors bloc	g2_del_premier_non_del_avant	1 DEL · DELTA ti=40 i0(43)+i1(97)+i2(30)+i3(2)+i25(24) · masque possible · pont ti=40 (= archetype lie)	3	3	3	0	22
60ae07c4	HI_1_8_0	desaveu image-cle hors bloc	g2_del_premier_non_del_avant	1 DEL · DELTA ti=40 i0(43)+i1(97)+i2(8)+i3(29)+i25(10) · masque possible · pont ti=40 (= archetype lie)	1	1	1	0	7
60ae07c4	HI_1_8_0	desaveu image-cle hors bloc	g2_del_premier_non_del_avant	1 DEL · DELTA ti=40 i0(43)+i1(97)+i25(10) · masque possible · pont ti=40 (= archetype lie)	7	7	7	0	54
60ae07c4	HI_1_8_0	desaveu image-cle hors bloc	g2_del_premier_non_del_avant	1 DEL · DELTA ti=40 i0(43)+i1(97)+i25(13) · masque possible · pont ti=40 (= archetype lie)	1	1	1	0	8
60ae07c4	HI_1_8_0	desaveu image-cle hors bloc	g2_del_premier_non_del_avant	1 DEL · DELTA ti=40 i0(43)+i1(97)+i25(15) · masque possible · pont ti=40 (= archetype lie)	1	1	1	0	8
60ae07c4	HI_1_8_0	desaveu image-cle hors bloc	g2_del_premier_non_del_avant	1 DEL · DELTA ti=40 i0(43)+i1(97)+i25(2) · masque possible · pont ti=40 (= archetype lie)	1	1	1	0	6
60ae07c4	HI_1_8_0	desaveu image-cle hors bloc	g2_del_premier_non_del_avant	1 DEL · DELTA ti=40 i0(43)+i1(97)+i3(29)+i25(15) · masque possible · pont ti=40 (= archetype lie)	2	2	2	0	14
60ae07c4	HI_1_8_0	desaveu image-cle hors bloc	g2_del_premier_non_del_avant	1 DEL · DELTA ti=40 i0(43)+i1(97)+i3(29)+i25(16) · masque possible · pont ti=40 (= archetype lie)	1	1	1	0	9
60ae07c4	HI_1_8_0	desaveu image-cle hors bloc	g2_del_premier_non_del_avant	1 DEL · DELTA ti=40 i0(43)+i1(97)+i3(29)+i25(2) · masque possible · pont ti=40 (= archetype lie)	1	1	1	0	8
60ae07c4	HI_1_8_0	desaveu image-cle hors bloc	g2_del_premier_non_del_avant	1 DEL · DELTA ti=40 i0(43)+i2(193)+i3(29)+i25(23) · masque possible · pont ti=40 (= archetype lie)	1	1	1	0	8
60ae07c4	HI_1_8_0	desaveu image-cle hors bloc	g2_del_premier_non_del_avant	1 DEL · DELTA ti=40 i0(43)+i2(193)+i3(97)+i25(15) · masque possible · pont ti=40 (= archetype lie)	1	1	1	0	8
60ae07c4	HI_1_8_0	desaveu image-cle hors bloc	g2_del_premier_non_del_avant	1 DEL · NEW ti=1 i1(64)	1	1	1	0	4
60ae07c4	HI_1_8_0	desaveu image-cle hors bloc	g2_del_premier_non_del_avant	1 DEL · NEW ti=11 i5(32)+i12(32)+i22(32)	1	1	1	0	5
60ae07c4	HI_1_8_0	desaveu image-cle hors bloc	g2_del_premier_non_del_avant	1 DEL · NEW ti=16 aucun composant	1	1	1	0	9
60ae07c4	HI_1_8_0	desaveu image-cle hors bloc	g2_del_premier_non_del_avant	1 DEL · NEW ti=17 i1(101)	1	1	1	0	6
60ae07c4	HI_1_8_0	desaveu image-cle hors bloc	g2_del_premier_non_del_avant	1 DEL · NEW ti=21 i0(1)+i8(4)+i16(20)	1	1	1	0	9
60ae07c4	HI_1_8_0	desaveu image-cle hors bloc	g2_del_premier_non_del_avant	1 DEL · NEW ti=22 aucun composant	1	1	1	0	7
60ae07c4	HI_1_8_0	desaveu image-cle hors bloc	g2_del_premier_non_del_avant	1 DEL · NEW ti=32 aucun composant	1	1	1	0	8
60ae07c4	HI_1_8_0	desaveu image-cle hors bloc	g2_del_premier_non_del_avant	1 DEL · NEW ti=36 i11(1)+i19(1)	1	1	1	0	8
60ae07c4	HI_1_8_0	desaveu image-cle hors bloc	g2_del_premier_non_del_avant	1 DEL · NEW ti=42 i2(28)+i5(55)+i16(5)+i20(31)	1	1	1	0	1
60ae07c4	HI_1_8_0	desaveu image-cle hors bloc	g2_del_premier_non_del_avant	2 DEL · DELTA ti=40 i0(43)+i1(31)+i12(49)+i25(2) · masque possible · pont ti=40 (= archetype lie)	3	3	3	0	18
60ae07c4	HI_1_8_0	desaveu image-cle hors bloc	g2_del_premier_non_del_avant	2 DEL · DELTA ti=40 i0(43)+i1(31)+i2(13)+i3(29)+i25(14) · masque possible · pont ti=40 (= archetype lie)	3	3	3	0	22
60ae07c4	HI_1_8_0	desaveu image-cle hors bloc	g2_del_premier_non_del_avant	2 DEL · DELTA ti=40 i0(43)+i1(31)+i2(193)+i3(29)+i25(2) · masque possible · pont ti=40 (= archetype lie)	2	2	2	0	17
60ae07c4	HI_1_8_0	desaveu image-cle hors bloc	g2_del_premier_non_del_avant	2 DEL · DELTA ti=40 i0(43)+i1(31)+i2(30)+i3(2)+i25(15) · masque possible · pont ti=40 (= archetype lie)	1	1	1	0	6
60ae07c4	HI_1_8_0	desaveu image-cle hors bloc	g2_del_premier_non_del_avant	2 DEL · DELTA ti=40 i0(43)+i1(31)+i2(30)+i3(97)+i25(2) · masque possible · pont ti=40 (= archetype lie)	1	1	1	0	8
60ae07c4	HI_1_8_0	desaveu image-cle hors bloc	g2_del_premier_non_del_avant	2 DEL · DELTA ti=40 i0(43)+i1(31)+i2(8)+i3(29)+i25(7) · masque possible · pont ti=40 (= archetype lie)	1	1	1	0	8
60ae07c4	HI_1_8_0	desaveu image-cle hors bloc	g2_del_premier_non_del_avant	2 DEL · DELTA ti=40 i0(43)+i1(97)+i2(193)+i3(29)+i12(1)+i25(10) · masque possible · pont ti=40 (= archetype lie)	1	1	1	0	6
60ae07c4	HI_1_8_0	desaveu image-cle hors bloc	g2_del_premier_non_del_avant	2 DEL · DELTA ti=40 i0(43)+i1(97)+i2(193)+i3(97)+i12(49)+i25(32) · masque possible · pont ti=40 (= archetype lie)	1	1	1	0	4
60ae07c4	HI_1_8_0	desaveu image-cle hors bloc	g2_del_premier_non_del_avant	2 DEL · DELTA ti=40 i0(43)+i1(97)+i2(24)+i3(2)+i25(10) · masque possible · pont ti=40 (= archetype lie)	1	1	1	0	9
60ae07c4	HI_1_8_0	desaveu image-cle hors bloc	g2_del_premier_non_del_avant	2 DEL · DELTA ti=40 i0(43)+i1(97)+i2(30)+i25(24) · masque possible · pont ti=40 (= archetype lie)	1	1	1	0	6
60ae07c4	HI_1_8_0	desaveu image-cle hors bloc	g2_del_premier_non_del_avant	2 DEL · DELTA ti=40 i0(43)+i1(97)+i2(30)+i3(2)+i25(2) · masque possible · pont ti=40 (= archetype lie)	1	1	1	0	8
60ae07c4	HI_1_8_0	desaveu image-cle hors bloc	g2_del_premier_non_del_avant	2 DEL · DELTA ti=40 i0(43)+i1(97)+i2(30)+i3(29)+i25(2) · masque possible · pont ti=40 (= archetype lie)	1	1	1	0	8
60ae07c4	HI_1_8_0	desaveu image-cle hors bloc	g2_del_premier_non_del_avant	2 DEL · DELTA ti=40 i0(43)+i1(97)+i2(4)+i3(97)+i25(6) · masque possible · pont ti=40 (= archetype lie)	2	2	2	0	12
60ae07c4	HI_1_8_0	desaveu image-cle hors bloc	g2_del_premier_non_del_avant	2 DEL · DELTA ti=40 i0(43)+i1(97)+i2(8)+i3(97)+i25(7) · masque possible · pont ti=40 (= archetype lie)	1	1	1	0	8
60ae07c4	HI_1_8_0	desaveu image-cle hors bloc	g2_del_premier_non_del_avant	2 DEL · DELTA ti=40 i0(43)+i1(97)+i3(29)+i25(5) · masque possible · pont ti=40 (= archetype lie)	1	1	1	0	5
60ae07c4	HI_1_8_0	desaveu image-cle hors bloc	g2_del_premier_non_del_avant	2 DEL · DELTA ti=40 i0(43)+i25(10) · masque possible · pont ti=40 (= archetype lie)	3	3	3	0	24
60ae07c4	HI_1_8_0	desaveu image-cle hors bloc	g2_del_premier_non_del_avant	2 DEL · DELTA ti=41 i0(41)+i1(30)+i2(28)+i20(9) · masque possible · pont ti=41 (= archetype lie)	1	1	1	0	8
60ae07c4	HI_1_8_0	desaveu image-cle hors bloc	g2_del_premier_non_del_avant	3 DEL · DELTA ti=40 i0(43)+i1(31)+i3(97)+i25(16) · masque possible · pont ti=40 (= archetype lie)	1	1	1	0	6
60ae07c4	HI_1_8_0	desaveu image-cle hors bloc	g2_del_premier_non_del_avant	3 DEL · DELTA ti=40 i0(43)+i1(97)+i2(8)+i3(29)+i25(10) · masque possible · pont ti=40 (= archetype lie)	1	1	1	0	6
60ae07c4	HI_1_8_0	desaveu image-cle hors bloc	g3_ti14	masque 0x402000200 · aucun composant	1	1	1	0	6
60ae07c4	HI_1_8_0	desaveu image-cle hors bloc	g3_ti14_pont	masque IMPOSSIBLE sous l archetype lie · pont : masque vide	1	1	1	0	6
60ae07c4	HI_1_8_0	desaveu image-cle hors bloc	g4_ti41	masque 0x7 · i0(41)+i1(1)+i2(28)	3	3	3	0	22
60ae07c4	HI_1_8_0	desaveu image-cle hors bloc	g4_ti41_pont	masque possible · pont ti=41 (= archetype lie)	3	3	3	0	22
60ae07c4	HI_1_8_0	desaveu image-cle hors bloc	genre	DEL ti=0	178	178	178	0	960
60ae07c4	HI_1_8_0	desaveu image-cle hors bloc	genre	DELTA ti=14	1	1	1	0	6
60ae07c4	HI_1_8_0	desaveu image-cle hors bloc	genre	DELTA ti=41	3	3	3	0	22
60ae07c4	HI_1_8_0	desaveu image-cle hors bloc	liaison_du_masque_impossible	image-cle ou joker · 1re image-cle du chunk : ti=14 · bloc : gen 1 (eid gen 2), vivante true	1	1	0	0	0
60ae07c4	HI_1_8_0	desaveu image-cle hors bloc	liaison_du_masque_impossible	table de datums ou anticipation · slot non declare par la 1re image-cle du chunk · bloc : gen 0 (eid gen 1), vivante false	1	1	0	0	0
60ae07c4	HI_1_8_0	oracle archetype force ti=35	g2_del	eid du DEL : aucune allocation · lie au monde apres le paquet : false	167	167	167	0	879
60ae07c4	HI_1_8_0	oracle archetype force ti=35	g2_del	eid du DEL : libere avant le chunk · lie au monde apres le paquet : false	4	4	4	0	29
60ae07c4	HI_1_8_0	oracle archetype force ti=35	g2_del	eid du DEL : naissance non lue · lie au monde apres le paquet : false	4	4	4	0	30
60ae07c4	HI_1_8_0	oracle archetype force ti=35	g2_del	eid du DEL : realloue sous une autre generation · lie au monde apres le paquet : false	1	1	1	0	9
60ae07c4	HI_1_8_0	oracle archetype force ti=35	g2_del	eid du DEL : vivant au bloc du chunk · lie au monde apres le paquet : false	1	1	1	0	4
60ae07c4	HI_1_8_0	oracle archetype force ti=35	g2_del_nombre_de_records	10 records lus	34	34	34	0	250
60ae07c4	HI_1_8_0	oracle archetype force ti=35	g2_del_nombre_de_records	11 records lus	26	26	26	0	197
60ae07c4	HI_1_8_0	oracle archetype force ti=35	g2_del_nombre_de_records	12 records lus	15	15	15	0	123
60ae07c4	HI_1_8_0	oracle archetype force ti=35	g2_del_nombre_de_records	13 records lus	3	3	3	0	27
60ae07c4	HI_1_8_0	oracle archetype force ti=35	g2_del_nombre_de_records	2 records lus	1	1	1	0	1
60ae07c4	HI_1_8_0	oracle archetype force ti=35	g2_del_nombre_de_records	3 records lus	24	24	24	0	8
60ae07c4	HI_1_8_0	oracle archetype force ti=35	g2_del_nombre_de_records	4 records lus	9	9	9	0	12
60ae07c4	HI_1_8_0	oracle archetype force ti=35	g2_del_nombre_de_records	5 records lus	5	5	5	0	15
60ae07c4	HI_1_8_0	oracle archetype force ti=35	g2_del_nombre_de_records	6 records lus	17	17	17	0	68
60ae07c4	HI_1_8_0	oracle archetype force ti=35	g2_del_nombre_de_records	7 records lus	9	9	9	0	40
60ae07c4	HI_1_8_0	oracle archetype force ti=35	g2_del_nombre_de_records	8 records lus	10	10	10	0	57
60ae07c4	HI_1_8_0	oracle archetype force ti=35	g2_del_nombre_de_records	9 records lus	24	24	24	0	153
60ae07c4	HI_1_8_0	oracle archetype force ti=35	g2_del_premier_non_del_avant	1 DEL · DELTA ti=21 i16(20) · masque possible · pont : masque vide	16	16	16	0	0
60ae07c4	HI_1_8_0	oracle archetype force ti=35	g2_del_premier_non_del_avant	1 DEL · DELTA ti=35 i0(43)+i1(31)+i23(19)+i25(10)+i53(36)+i58(31) · masque possible · pont ti=35 (= archetype lie)	1	1	1	0	1
60ae07c4	HI_1_8_0	oracle archetype force ti=35	g2_del_premier_non_del_avant	1 DEL · DELTA ti=35 i0(43)+i1(31)+i25(10)+i53(72) · masque possible · pont : masque vide	1	1	1	0	5
60ae07c4	HI_1_8_0	oracle archetype force ti=35	g2_del_premier_non_del_avant	1 DEL · DELTA ti=35 i0(43)+i1(31)+i25(10)+i53(72) · masque possible · pont ti=35 (= archetype lie)	1	1	1	0	1
60ae07c4	HI_1_8_0	oracle archetype force ti=35	g2_del_premier_non_del_avant	1 DEL · DELTA ti=35 i0(43)+i1(31)+i5(29)+i23(19)+i25(10)+i53(36)+i58(31) · masque possible · pont ti=35 (= archetype lie)	1	1	1	0	1
60ae07c4	HI_1_8_0	oracle archetype force ti=35	g2_del_premier_non_del_avant	1 DEL · DELTA ti=35 i0(43)+i1(31)+i5(29)+i25(10)+i53(72) · masque possible · pont ti=35 (= archetype lie)	1	1	1	0	3
60ae07c4	HI_1_8_0	oracle archetype force ti=35	g2_del_premier_non_del_avant	1 DEL · DELTA ti=35 i0(43)+i5(29)+i25(10)+i53(72) · masque possible · pont ti=35 (= archetype lie)	1	1	1	0	1
60ae07c4	HI_1_8_0	oracle archetype force ti=35	g2_del_premier_non_del_avant	1 DEL · DELTA ti=40 i0(43)+i1(31)+i12(1)+i25(10) · masque possible · pont ti=40 (= archetype lie)	1	1	1	0	3
60ae07c4	HI_1_8_0	oracle archetype force ti=35	g2_del_premier_non_del_avant	1 DEL · DELTA ti=40 i0(43)+i1(31)+i2(11)+i3(29)+i25(2) · masque possible · pont ti=40 (= archetype lie)	1	1	1	0	9
60ae07c4	HI_1_8_0	oracle archetype force ti=35	g2_del_premier_non_del_avant	1 DEL · DELTA ti=40 i0(43)+i1(31)+i2(193)+i25(10) · masque possible · pont ti=40 (= archetype lie)	1	1	1	0	6
60ae07c4	HI_1_8_0	oracle archetype force ti=35	g2_del_premier_non_del_avant	1 DEL · DELTA ti=40 i0(43)+i1(31)+i2(193)+i25(15) · masque possible · pont ti=40 (= archetype lie)	1	1	1	0	5
60ae07c4	HI_1_8_0	oracle archetype force ti=35	g2_del_premier_non_del_avant	1 DEL · DELTA ti=40 i0(43)+i1(31)+i2(193)+i3(2)+i25(7) · masque possible · pont ti=40 (= archetype lie)	1	1	1	0	7
60ae07c4	HI_1_8_0	oracle archetype force ti=35	g2_del_premier_non_del_avant	1 DEL · DELTA ti=40 i0(43)+i1(31)+i2(193)+i3(29)+i25(2) · masque possible · pont ti=40 (= archetype lie)	7	7	7	0	55
60ae07c4	HI_1_8_0	oracle archetype force ti=35	g2_del_premier_non_del_avant	1 DEL · DELTA ti=40 i0(43)+i1(31)+i2(193)+i3(29)+i25(7) · masque possible · pont ti=40 (= archetype lie)	1	1	1	0	7
60ae07c4	HI_1_8_0	oracle archetype force ti=35	g2_del_premier_non_del_avant	1 DEL · DELTA ti=40 i0(43)+i1(31)+i2(193)+i3(97)+i25(15) · masque possible · pont ti=40 (= archetype lie)	1	1	1	0	7
60ae07c4	HI_1_8_0	oracle archetype force ti=35	g2_del_premier_non_del_avant	1 DEL · DELTA ti=40 i0(43)+i1(31)+i2(193)+i3(97)+i25(16) · masque possible · pont ti=40 (= archetype lie)	1	1	1	0	8
60ae07c4	HI_1_8_0	oracle archetype force ti=35	g2_del_premier_non_del_avant	1 DEL · DELTA ti=40 i0(43)+i1(31)+i2(193)+i3(97)+i25(2) · masque possible · pont ti=40 (= archetype lie)	8	8	8	0	51
60ae07c4	HI_1_8_0	oracle archetype force ti=35	g2_del_premier_non_del_avant	1 DEL · DELTA ti=40 i0(43)+i1(31)+i2(193)+i3(97)+i25(21) · masque possible · pont ti=40 (= archetype lie)	1	1	1	0	4
60ae07c4	HI_1_8_0	oracle archetype force ti=35	g2_del_premier_non_del_avant	1 DEL · DELTA ti=40 i0(43)+i1(31)+i2(28)+i3(97)+i25(2) · masque possible · pont ti=40 (= archetype lie)	1	1	1	0	7
60ae07c4	HI_1_8_0	oracle archetype force ti=35	g2_del_premier_non_del_avant	1 DEL · DELTA ti=40 i0(43)+i1(31)+i2(30)+i3(2)+i25(15) · masque possible · pont ti=40 (= archetype lie)	1	1	1	0	8
60ae07c4	HI_1_8_0	oracle archetype force ti=35	g2_del_premier_non_del_avant	1 DEL · DELTA ti=40 i0(43)+i1(31)+i2(30)+i3(97)+i25(2) · masque possible · pont ti=40 (= archetype lie)	1	1	1	0	7
60ae07c4	HI_1_8_0	oracle archetype force ti=35	g2_del_premier_non_del_avant	1 DEL · DELTA ti=40 i0(43)+i1(31)+i2(30)+i3(97)+i25(8) · masque possible · pont ti=40 (= archetype lie)	3	3	3	0	20
60ae07c4	HI_1_8_0	oracle archetype force ti=35	g2_del_premier_non_del_avant	1 DEL · DELTA ti=40 i0(43)+i1(31)+i2(4)+i25(21) · masque possible · pont ti=40 (= archetype lie)	11	11	11	0	13
60ae07c4	HI_1_8_0	oracle archetype force ti=35	g2_del_premier_non_del_avant	1 DEL · DELTA ti=40 i0(43)+i1(31)+i2(4)+i3(29)+i25(2) · masque possible · pont ti=40 (= archetype lie)	2	2	2	0	12
60ae07c4	HI_1_8_0	oracle archetype force ti=35	g2_del_premier_non_del_avant	1 DEL · DELTA ti=40 i0(43)+i1(31)+i2(8)+i3(29)+i25(10) · masque possible · pont ti=40 (= archetype lie)	1	1	1	0	8
60ae07c4	HI_1_8_0	oracle archetype force ti=35	g2_del_premier_non_del_avant	1 DEL · DELTA ti=40 i0(43)+i1(31)+i3(2)+i25(14) · masque possible · pont ti=40 (= archetype lie)	1	1	1	0	10
60ae07c4	HI_1_8_0	oracle archetype force ti=35	g2_del_premier_non_del_avant	1 DEL · DELTA ti=40 i0(43)+i1(31)+i3(97)+i12(17)+i25(2) · masque possible · pont ti=40 (= archetype lie)	6	6	6	0	21
60ae07c4	HI_1_8_0	oracle archetype force ti=35	g2_del_premier_non_del_avant	1 DEL · DELTA ti=40 i0(43)+i1(31)+i3(97)+i25(10) · masque possible · pont ti=40 (= archetype lie)	3	3	3	0	15
60ae07c4	HI_1_8_0	oracle archetype force ti=35	g2_del_premier_non_del_avant	1 DEL · DELTA ti=40 i0(43)+i1(97)+i12(17)+i25(2) · masque possible · pont ti=40 (= archetype lie)	16	16	16	0	65
60ae07c4	HI_1_8_0	oracle archetype force ti=35	g2_del_premier_non_del_avant	1 DEL · DELTA ti=40 i0(43)+i1(97)+i2(11)+i3(2)+i25(2) · masque possible · pont ti=40 (= archetype lie)	2	2	2	0	3
60ae07c4	HI_1_8_0	oracle archetype force ti=35	g2_del_premier_non_del_avant	1 DEL · DELTA ti=40 i0(43)+i1(97)+i2(17)+i3(2)+i25(2) · masque possible · pont ti=40 (= archetype lie)	1	1	1	0	8
60ae07c4	HI_1_8_0	oracle archetype force ti=35	g2_del_premier_non_del_avant	1 DEL · DELTA ti=40 i0(43)+i1(97)+i2(17)+i3(97)+i25(2) · masque possible · pont ti=40 (= archetype lie)	1	1	1	0	8
60ae07c4	HI_1_8_0	oracle archetype force ti=35	g2_del_premier_non_del_avant	1 DEL · DELTA ti=40 i0(43)+i1(97)+i2(193)+i25(2) · masque possible · pont ti=40 (= archetype lie)	1	1	1	0	9
60ae07c4	HI_1_8_0	oracle archetype force ti=35	g2_del_premier_non_del_avant	1 DEL · DELTA ti=40 i0(43)+i1(97)+i2(193)+i25(24) · masque possible · pont ti=40 (= archetype lie)	1	1	1	0	6
60ae07c4	HI_1_8_0	oracle archetype force ti=35	g2_del_premier_non_del_avant	1 DEL · DELTA ti=40 i0(43)+i1(97)+i2(193)+i3(2)+i25(16) · masque possible · pont ti=40 (= archetype lie)	2	2	2	0	12
60ae07c4	HI_1_8_0	oracle archetype force ti=35	g2_del_premier_non_del_avant	1 DEL · DELTA ti=40 i0(43)+i1(97)+i2(193)+i3(2)+i25(8) · masque possible · pont ti=40 (= archetype lie)	1	1	1	0	7
60ae07c4	HI_1_8_0	oracle archetype force ti=35	g2_del_premier_non_del_avant	1 DEL · DELTA ti=40 i0(43)+i1(97)+i2(193)+i3(29)+i25(2) · masque possible · pont ti=40 (= archetype lie)	4	4	4	0	28
60ae07c4	HI_1_8_0	oracle archetype force ti=35	g2_del_premier_non_del_avant	1 DEL · DELTA ti=40 i0(43)+i1(97)+i2(193)+i3(29)+i25(5) · masque possible · pont ti=40 (= archetype lie)	1	1	1	0	8
60ae07c4	HI_1_8_0	oracle archetype force ti=35	g2_del_premier_non_del_avant	1 DEL · DELTA ti=40 i0(43)+i1(97)+i2(193)+i3(97)+i25(10) · masque possible · pont ti=40 (= archetype lie)	4	4	4	0	28
60ae07c4	HI_1_8_0	oracle archetype force ti=35	g2_del_premier_non_del_avant	1 DEL · DELTA ti=40 i0(43)+i1(97)+i2(193)+i3(97)+i25(2) · masque possible · pont ti=40 (= archetype lie)	1	1	1	0	6
60ae07c4	HI_1_8_0	oracle archetype force ti=35	g2_del_premier_non_del_avant	1 DEL · DELTA ti=40 i0(43)+i1(97)+i2(24)+i3(2)+i25(10) · masque possible · pont ti=40 (= archetype lie)	7	7	7	0	51
60ae07c4	HI_1_8_0	oracle archetype force ti=35	g2_del_premier_non_del_avant	1 DEL · DELTA ti=40 i0(43)+i1(97)+i2(30)+i25(16) · masque possible · pont ti=40 (= archetype lie)	1	1	1	0	5
60ae07c4	HI_1_8_0	oracle archetype force ti=35	g2_del_premier_non_del_avant	1 DEL · DELTA ti=40 i0(43)+i1(97)+i2(30)+i3(2)+i25(15) · masque possible · pont ti=40 (= archetype lie)	1	1	1	0	7
60ae07c4	HI_1_8_0	oracle archetype force ti=35	g2_del_premier_non_del_avant	1 DEL · DELTA ti=40 i0(43)+i1(97)+i2(30)+i3(2)+i25(2) · masque possible · pont ti=40 (= archetype lie)	1	1	1	0	7
60ae07c4	HI_1_8_0	oracle archetype force ti=35	g2_del_premier_non_del_avant	1 DEL · DELTA ti=40 i0(43)+i1(97)+i2(30)+i3(2)+i25(24) · masque possible · pont ti=40 (= archetype lie)	3	3	3	0	22
60ae07c4	HI_1_8_0	oracle archetype force ti=35	g2_del_premier_non_del_avant	1 DEL · DELTA ti=40 i0(43)+i1(97)+i2(8)+i3(29)+i25(10) · masque possible · pont ti=40 (= archetype lie)	1	1	1	0	7
60ae07c4	HI_1_8_0	oracle archetype force ti=35	g2_del_premier_non_del_avant	1 DEL · DELTA ti=40 i0(43)+i1(97)+i25(10) · masque possible · pont ti=40 (= archetype lie)	7	7	7	0	54
60ae07c4	HI_1_8_0	oracle archetype force ti=35	g2_del_premier_non_del_avant	1 DEL · DELTA ti=40 i0(43)+i1(97)+i25(13) · masque possible · pont ti=40 (= archetype lie)	1	1	1	0	8
60ae07c4	HI_1_8_0	oracle archetype force ti=35	g2_del_premier_non_del_avant	1 DEL · DELTA ti=40 i0(43)+i1(97)+i25(15) · masque possible · pont ti=40 (= archetype lie)	1	1	1	0	8
60ae07c4	HI_1_8_0	oracle archetype force ti=35	g2_del_premier_non_del_avant	1 DEL · DELTA ti=40 i0(43)+i1(97)+i25(2) · masque possible · pont ti=40 (= archetype lie)	1	1	1	0	6
60ae07c4	HI_1_8_0	oracle archetype force ti=35	g2_del_premier_non_del_avant	1 DEL · DELTA ti=40 i0(43)+i1(97)+i3(29)+i25(15) · masque possible · pont ti=40 (= archetype lie)	2	2	2	0	14
60ae07c4	HI_1_8_0	oracle archetype force ti=35	g2_del_premier_non_del_avant	1 DEL · DELTA ti=40 i0(43)+i1(97)+i3(29)+i25(16) · masque possible · pont ti=40 (= archetype lie)	1	1	1	0	9
60ae07c4	HI_1_8_0	oracle archetype force ti=35	g2_del_premier_non_del_avant	1 DEL · DELTA ti=40 i0(43)+i1(97)+i3(29)+i25(2) · masque possible · pont ti=40 (= archetype lie)	1	1	1	0	8
60ae07c4	HI_1_8_0	oracle archetype force ti=35	g2_del_premier_non_del_avant	1 DEL · DELTA ti=40 i0(43)+i2(193)+i3(29)+i25(23) · masque possible · pont ti=40 (= archetype lie)	1	1	1	0	8
60ae07c4	HI_1_8_0	oracle archetype force ti=35	g2_del_premier_non_del_avant	1 DEL · DELTA ti=40 i0(43)+i2(193)+i3(97)+i25(15) · masque possible · pont ti=40 (= archetype lie)	1	1	1	0	8
60ae07c4	HI_1_8_0	oracle archetype force ti=35	g2_del_premier_non_del_avant	1 DEL · NEW ti=1 i1(64)	1	1	1	0	4
60ae07c4	HI_1_8_0	oracle archetype force ti=35	g2_del_premier_non_del_avant	1 DEL · NEW ti=11 i5(32)+i12(32)+i22(32)	1	1	1	0	5
60ae07c4	HI_1_8_0	oracle archetype force ti=35	g2_del_premier_non_del_avant	1 DEL · NEW ti=16 aucun composant	1	1	1	0	9
60ae07c4	HI_1_8_0	oracle archetype force ti=35	g2_del_premier_non_del_avant	1 DEL · NEW ti=17 i1(101)	1	1	1	0	6
60ae07c4	HI_1_8_0	oracle archetype force ti=35	g2_del_premier_non_del_avant	1 DEL · NEW ti=21 i0(1)+i8(4)+i16(20)	1	1	1	0	9
60ae07c4	HI_1_8_0	oracle archetype force ti=35	g2_del_premier_non_del_avant	1 DEL · NEW ti=22 aucun composant	1	1	1	0	7
60ae07c4	HI_1_8_0	oracle archetype force ti=35	g2_del_premier_non_del_avant	1 DEL · NEW ti=32 aucun composant	1	1	1	0	8
60ae07c4	HI_1_8_0	oracle archetype force ti=35	g2_del_premier_non_del_avant	1 DEL · NEW ti=36 i11(1)+i19(1)	1	1	1	0	8
60ae07c4	HI_1_8_0	oracle archetype force ti=35	g2_del_premier_non_del_avant	1 DEL · NEW ti=42 i2(28)+i5(55)+i16(5)+i20(31)	1	1	1	0	1
60ae07c4	HI_1_8_0	oracle archetype force ti=35	g2_del_premier_non_del_avant	2 DEL · DELTA ti=40 i0(43)+i1(31)+i12(49)+i25(2) · masque possible · pont ti=40 (= archetype lie)	3	3	3	0	18
60ae07c4	HI_1_8_0	oracle archetype force ti=35	g2_del_premier_non_del_avant	2 DEL · DELTA ti=40 i0(43)+i1(31)+i2(13)+i3(29)+i25(14) · masque possible · pont ti=40 (= archetype lie)	3	3	3	0	22
60ae07c4	HI_1_8_0	oracle archetype force ti=35	g2_del_premier_non_del_avant	2 DEL · DELTA ti=40 i0(43)+i1(31)+i2(193)+i3(29)+i25(2) · masque possible · pont ti=40 (= archetype lie)	2	2	2	0	17
60ae07c4	HI_1_8_0	oracle archetype force ti=35	g2_del_premier_non_del_avant	2 DEL · DELTA ti=40 i0(43)+i1(31)+i2(30)+i3(2)+i25(15) · masque possible · pont ti=40 (= archetype lie)	1	1	1	0	6
60ae07c4	HI_1_8_0	oracle archetype force ti=35	g2_del_premier_non_del_avant	2 DEL · DELTA ti=40 i0(43)+i1(31)+i2(30)+i3(97)+i25(2) · masque possible · pont ti=40 (= archetype lie)	1	1	1	0	8
60ae07c4	HI_1_8_0	oracle archetype force ti=35	g2_del_premier_non_del_avant	2 DEL · DELTA ti=40 i0(43)+i1(31)+i2(8)+i3(29)+i25(7) · masque possible · pont ti=40 (= archetype lie)	1	1	1	0	8
60ae07c4	HI_1_8_0	oracle archetype force ti=35	g2_del_premier_non_del_avant	2 DEL · DELTA ti=40 i0(43)+i1(97)+i2(193)+i3(29)+i12(1)+i25(10) · masque possible · pont ti=40 (= archetype lie)	1	1	1	0	6
60ae07c4	HI_1_8_0	oracle archetype force ti=35	g2_del_premier_non_del_avant	2 DEL · DELTA ti=40 i0(43)+i1(97)+i2(193)+i3(97)+i12(49)+i25(32) · masque possible · pont ti=40 (= archetype lie)	1	1	1	0	4
60ae07c4	HI_1_8_0	oracle archetype force ti=35	g2_del_premier_non_del_avant	2 DEL · DELTA ti=40 i0(43)+i1(97)+i2(24)+i3(2)+i25(10) · masque possible · pont ti=40 (= archetype lie)	1	1	1	0	9
60ae07c4	HI_1_8_0	oracle archetype force ti=35	g2_del_premier_non_del_avant	2 DEL · DELTA ti=40 i0(43)+i1(97)+i2(30)+i25(24) · masque possible · pont ti=40 (= archetype lie)	1	1	1	0	6
60ae07c4	HI_1_8_0	oracle archetype force ti=35	g2_del_premier_non_del_avant	2 DEL · DELTA ti=40 i0(43)+i1(97)+i2(30)+i3(2)+i25(2) · masque possible · pont ti=40 (= archetype lie)	1	1	1	0	8
60ae07c4	HI_1_8_0	oracle archetype force ti=35	g2_del_premier_non_del_avant	2 DEL · DELTA ti=40 i0(43)+i1(97)+i2(30)+i3(29)+i25(2) · masque possible · pont ti=40 (= archetype lie)	1	1	1	0	8
60ae07c4	HI_1_8_0	oracle archetype force ti=35	g2_del_premier_non_del_avant	2 DEL · DELTA ti=40 i0(43)+i1(97)+i2(4)+i3(97)+i25(6) · masque possible · pont ti=40 (= archetype lie)	2	2	2	0	12
60ae07c4	HI_1_8_0	oracle archetype force ti=35	g2_del_premier_non_del_avant	2 DEL · DELTA ti=40 i0(43)+i1(97)+i2(8)+i3(97)+i25(7) · masque possible · pont ti=40 (= archetype lie)	1	1	1	0	8
60ae07c4	HI_1_8_0	oracle archetype force ti=35	g2_del_premier_non_del_avant	2 DEL · DELTA ti=40 i0(43)+i1(97)+i3(29)+i25(5) · masque possible · pont ti=40 (= archetype lie)	1	1	1	0	5
60ae07c4	HI_1_8_0	oracle archetype force ti=35	g2_del_premier_non_del_avant	2 DEL · DELTA ti=40 i0(43)+i25(10) · masque possible · pont ti=40 (= archetype lie)	3	3	3	0	24
60ae07c4	HI_1_8_0	oracle archetype force ti=35	g2_del_premier_non_del_avant	2 DEL · DELTA ti=41 i0(41)+i1(30)+i2(28)+i20(9) · masque possible · pont ti=41 (= archetype lie)	1	1	1	0	8
60ae07c4	HI_1_8_0	oracle archetype force ti=35	g2_del_premier_non_del_avant	3 DEL · DELTA ti=40 i0(43)+i1(31)+i3(97)+i25(16) · masque possible · pont ti=40 (= archetype lie)	1	1	1	0	6
60ae07c4	HI_1_8_0	oracle archetype force ti=35	g2_del_premier_non_del_avant	3 DEL · DELTA ti=40 i0(43)+i1(97)+i2(8)+i3(29)+i25(10) · masque possible · pont ti=40 (= archetype lie)	1	1	1	0	6
60ae07c4	HI_1_8_0	oracle archetype force ti=35	g4_ti41	masque 0x7 · i0(41)+i1(1)+i2(28)	3	3	3	0	22
60ae07c4	HI_1_8_0	oracle archetype force ti=35	g4_ti41_pont	masque possible · pont ti=41 (= archetype lie)	3	3	3	0	22
60ae07c4	HI_1_8_0	oracle archetype force ti=35	genre	DEL ti=0	177	177	177	0	951
60ae07c4	HI_1_8_0	oracle archetype force ti=35	genre	DELTA ti=41	3	3	3	0	22
60ae07c4	HI_1_8_0	oracle archetype force ti=40	g2_del	eid du DEL : aucune allocation · lie au monde apres le paquet : false	167	167	167	0	879
60ae07c4	HI_1_8_0	oracle archetype force ti=40	g2_del	eid du DEL : libere avant le chunk · lie au monde apres le paquet : false	4	4	4	0	29
60ae07c4	HI_1_8_0	oracle archetype force ti=40	g2_del	eid du DEL : naissance non lue · lie au monde apres le paquet : false	4	4	4	0	30
60ae07c4	HI_1_8_0	oracle archetype force ti=40	g2_del	eid du DEL : realloue sous une autre generation · lie au monde apres le paquet : false	1	1	1	0	9
60ae07c4	HI_1_8_0	oracle archetype force ti=40	g2_del	eid du DEL : vivant au bloc du chunk · lie au monde apres le paquet : false	1	1	1	0	4
60ae07c4	HI_1_8_0	oracle archetype force ti=40	g2_del_nombre_de_records	10 records lus	34	34	34	0	250
60ae07c4	HI_1_8_0	oracle archetype force ti=40	g2_del_nombre_de_records	11 records lus	26	26	26	0	197
60ae07c4	HI_1_8_0	oracle archetype force ti=40	g2_del_nombre_de_records	12 records lus	15	15	15	0	123
60ae07c4	HI_1_8_0	oracle archetype force ti=40	g2_del_nombre_de_records	13 records lus	3	3	3	0	27
60ae07c4	HI_1_8_0	oracle archetype force ti=40	g2_del_nombre_de_records	2 records lus	1	1	1	0	1
60ae07c4	HI_1_8_0	oracle archetype force ti=40	g2_del_nombre_de_records	3 records lus	24	24	24	0	8
60ae07c4	HI_1_8_0	oracle archetype force ti=40	g2_del_nombre_de_records	4 records lus	9	9	9	0	12
60ae07c4	HI_1_8_0	oracle archetype force ti=40	g2_del_nombre_de_records	5 records lus	5	5	5	0	15
60ae07c4	HI_1_8_0	oracle archetype force ti=40	g2_del_nombre_de_records	6 records lus	17	17	17	0	68
60ae07c4	HI_1_8_0	oracle archetype force ti=40	g2_del_nombre_de_records	7 records lus	9	9	9	0	40
60ae07c4	HI_1_8_0	oracle archetype force ti=40	g2_del_nombre_de_records	8 records lus	10	10	10	0	57
60ae07c4	HI_1_8_0	oracle archetype force ti=40	g2_del_nombre_de_records	9 records lus	24	24	24	0	153
60ae07c4	HI_1_8_0	oracle archetype force ti=40	g2_del_premier_non_del_avant	1 DEL · DELTA ti=21 i16(20) · masque possible · pont : masque vide	16	16	16	0	0
60ae07c4	HI_1_8_0	oracle archetype force ti=40	g2_del_premier_non_del_avant	1 DEL · DELTA ti=35 i0(43)+i1(31)+i23(19)+i25(10)+i53(36)+i58(31) · masque possible · pont ti=35 (= archetype lie)	1	1	1	0	1
60ae07c4	HI_1_8_0	oracle archetype force ti=40	g2_del_premier_non_del_avant	1 DEL · DELTA ti=35 i0(43)+i1(31)+i25(10)+i53(72) · masque possible · pont : masque vide	1	1	1	0	5
60ae07c4	HI_1_8_0	oracle archetype force ti=40	g2_del_premier_non_del_avant	1 DEL · DELTA ti=35 i0(43)+i1(31)+i25(10)+i53(72) · masque possible · pont ti=35 (= archetype lie)	1	1	1	0	1
60ae07c4	HI_1_8_0	oracle archetype force ti=40	g2_del_premier_non_del_avant	1 DEL · DELTA ti=35 i0(43)+i1(31)+i5(29)+i23(19)+i25(10)+i53(36)+i58(31) · masque possible · pont ti=35 (= archetype lie)	1	1	1	0	1
60ae07c4	HI_1_8_0	oracle archetype force ti=40	g2_del_premier_non_del_avant	1 DEL · DELTA ti=35 i0(43)+i1(31)+i5(29)+i25(10)+i53(72) · masque possible · pont ti=35 (= archetype lie)	1	1	1	0	3
60ae07c4	HI_1_8_0	oracle archetype force ti=40	g2_del_premier_non_del_avant	1 DEL · DELTA ti=35 i0(43)+i5(29)+i25(10)+i53(72) · masque possible · pont ti=35 (= archetype lie)	1	1	1	0	1
60ae07c4	HI_1_8_0	oracle archetype force ti=40	g2_del_premier_non_del_avant	1 DEL · DELTA ti=40 i0(43)+i1(31)+i12(1)+i25(10) · masque possible · pont ti=40 (= archetype lie)	1	1	1	0	3
60ae07c4	HI_1_8_0	oracle archetype force ti=40	g2_del_premier_non_del_avant	1 DEL · DELTA ti=40 i0(43)+i1(31)+i2(11)+i3(29)+i25(2) · masque possible · pont ti=40 (= archetype lie)	1	1	1	0	9
60ae07c4	HI_1_8_0	oracle archetype force ti=40	g2_del_premier_non_del_avant	1 DEL · DELTA ti=40 i0(43)+i1(31)+i2(193)+i25(10) · masque possible · pont ti=40 (= archetype lie)	1	1	1	0	6
60ae07c4	HI_1_8_0	oracle archetype force ti=40	g2_del_premier_non_del_avant	1 DEL · DELTA ti=40 i0(43)+i1(31)+i2(193)+i25(15) · masque possible · pont ti=40 (= archetype lie)	1	1	1	0	5
60ae07c4	HI_1_8_0	oracle archetype force ti=40	g2_del_premier_non_del_avant	1 DEL · DELTA ti=40 i0(43)+i1(31)+i2(193)+i3(2)+i25(7) · masque possible · pont ti=40 (= archetype lie)	1	1	1	0	7
60ae07c4	HI_1_8_0	oracle archetype force ti=40	g2_del_premier_non_del_avant	1 DEL · DELTA ti=40 i0(43)+i1(31)+i2(193)+i3(29)+i25(2) · masque possible · pont ti=40 (= archetype lie)	7	7	7	0	55
60ae07c4	HI_1_8_0	oracle archetype force ti=40	g2_del_premier_non_del_avant	1 DEL · DELTA ti=40 i0(43)+i1(31)+i2(193)+i3(29)+i25(7) · masque possible · pont ti=40 (= archetype lie)	1	1	1	0	7
60ae07c4	HI_1_8_0	oracle archetype force ti=40	g2_del_premier_non_del_avant	1 DEL · DELTA ti=40 i0(43)+i1(31)+i2(193)+i3(97)+i25(15) · masque possible · pont ti=40 (= archetype lie)	1	1	1	0	7
60ae07c4	HI_1_8_0	oracle archetype force ti=40	g2_del_premier_non_del_avant	1 DEL · DELTA ti=40 i0(43)+i1(31)+i2(193)+i3(97)+i25(16) · masque possible · pont ti=40 (= archetype lie)	1	1	1	0	8
60ae07c4	HI_1_8_0	oracle archetype force ti=40	g2_del_premier_non_del_avant	1 DEL · DELTA ti=40 i0(43)+i1(31)+i2(193)+i3(97)+i25(2) · masque possible · pont ti=40 (= archetype lie)	8	8	8	0	51
60ae07c4	HI_1_8_0	oracle archetype force ti=40	g2_del_premier_non_del_avant	1 DEL · DELTA ti=40 i0(43)+i1(31)+i2(193)+i3(97)+i25(21) · masque possible · pont ti=40 (= archetype lie)	1	1	1	0	4
60ae07c4	HI_1_8_0	oracle archetype force ti=40	g2_del_premier_non_del_avant	1 DEL · DELTA ti=40 i0(43)+i1(31)+i2(28)+i3(97)+i25(2) · masque possible · pont ti=40 (= archetype lie)	1	1	1	0	7
60ae07c4	HI_1_8_0	oracle archetype force ti=40	g2_del_premier_non_del_avant	1 DEL · DELTA ti=40 i0(43)+i1(31)+i2(30)+i3(2)+i25(15) · masque possible · pont ti=40 (= archetype lie)	1	1	1	0	8
60ae07c4	HI_1_8_0	oracle archetype force ti=40	g2_del_premier_non_del_avant	1 DEL · DELTA ti=40 i0(43)+i1(31)+i2(30)+i3(97)+i25(2) · masque possible · pont ti=40 (= archetype lie)	1	1	1	0	7
60ae07c4	HI_1_8_0	oracle archetype force ti=40	g2_del_premier_non_del_avant	1 DEL · DELTA ti=40 i0(43)+i1(31)+i2(30)+i3(97)+i25(8) · masque possible · pont ti=40 (= archetype lie)	3	3	3	0	20
60ae07c4	HI_1_8_0	oracle archetype force ti=40	g2_del_premier_non_del_avant	1 DEL · DELTA ti=40 i0(43)+i1(31)+i2(4)+i25(21) · masque possible · pont ti=40 (= archetype lie)	11	11	11	0	13
60ae07c4	HI_1_8_0	oracle archetype force ti=40	g2_del_premier_non_del_avant	1 DEL · DELTA ti=40 i0(43)+i1(31)+i2(4)+i3(29)+i25(2) · masque possible · pont ti=40 (= archetype lie)	2	2	2	0	12
60ae07c4	HI_1_8_0	oracle archetype force ti=40	g2_del_premier_non_del_avant	1 DEL · DELTA ti=40 i0(43)+i1(31)+i2(8)+i3(29)+i25(10) · masque possible · pont ti=40 (= archetype lie)	1	1	1	0	8
60ae07c4	HI_1_8_0	oracle archetype force ti=40	g2_del_premier_non_del_avant	1 DEL · DELTA ti=40 i0(43)+i1(31)+i3(2)+i25(14) · masque possible · pont ti=40 (= archetype lie)	1	1	1	0	10
60ae07c4	HI_1_8_0	oracle archetype force ti=40	g2_del_premier_non_del_avant	1 DEL · DELTA ti=40 i0(43)+i1(31)+i3(97)+i12(17)+i25(2) · masque possible · pont ti=40 (= archetype lie)	6	6	6	0	21
60ae07c4	HI_1_8_0	oracle archetype force ti=40	g2_del_premier_non_del_avant	1 DEL · DELTA ti=40 i0(43)+i1(31)+i3(97)+i25(10) · masque possible · pont ti=40 (= archetype lie)	3	3	3	0	15
60ae07c4	HI_1_8_0	oracle archetype force ti=40	g2_del_premier_non_del_avant	1 DEL · DELTA ti=40 i0(43)+i1(97)+i12(17)+i25(2) · masque possible · pont ti=40 (= archetype lie)	16	16	16	0	65
60ae07c4	HI_1_8_0	oracle archetype force ti=40	g2_del_premier_non_del_avant	1 DEL · DELTA ti=40 i0(43)+i1(97)+i2(11)+i3(2)+i25(2) · masque possible · pont ti=40 (= archetype lie)	2	2	2	0	3
60ae07c4	HI_1_8_0	oracle archetype force ti=40	g2_del_premier_non_del_avant	1 DEL · DELTA ti=40 i0(43)+i1(97)+i2(17)+i3(2)+i25(2) · masque possible · pont ti=40 (= archetype lie)	1	1	1	0	8
60ae07c4	HI_1_8_0	oracle archetype force ti=40	g2_del_premier_non_del_avant	1 DEL · DELTA ti=40 i0(43)+i1(97)+i2(17)+i3(97)+i25(2) · masque possible · pont ti=40 (= archetype lie)	1	1	1	0	8
60ae07c4	HI_1_8_0	oracle archetype force ti=40	g2_del_premier_non_del_avant	1 DEL · DELTA ti=40 i0(43)+i1(97)+i2(193)+i25(2) · masque possible · pont ti=40 (= archetype lie)	1	1	1	0	9
60ae07c4	HI_1_8_0	oracle archetype force ti=40	g2_del_premier_non_del_avant	1 DEL · DELTA ti=40 i0(43)+i1(97)+i2(193)+i25(24) · masque possible · pont ti=40 (= archetype lie)	1	1	1	0	6
60ae07c4	HI_1_8_0	oracle archetype force ti=40	g2_del_premier_non_del_avant	1 DEL · DELTA ti=40 i0(43)+i1(97)+i2(193)+i3(2)+i25(16) · masque possible · pont ti=40 (= archetype lie)	2	2	2	0	12
60ae07c4	HI_1_8_0	oracle archetype force ti=40	g2_del_premier_non_del_avant	1 DEL · DELTA ti=40 i0(43)+i1(97)+i2(193)+i3(2)+i25(8) · masque possible · pont ti=40 (= archetype lie)	1	1	1	0	7
60ae07c4	HI_1_8_0	oracle archetype force ti=40	g2_del_premier_non_del_avant	1 DEL · DELTA ti=40 i0(43)+i1(97)+i2(193)+i3(29)+i25(2) · masque possible · pont ti=40 (= archetype lie)	4	4	4	0	28
60ae07c4	HI_1_8_0	oracle archetype force ti=40	g2_del_premier_non_del_avant	1 DEL · DELTA ti=40 i0(43)+i1(97)+i2(193)+i3(29)+i25(5) · masque possible · pont ti=40 (= archetype lie)	1	1	1	0	8
60ae07c4	HI_1_8_0	oracle archetype force ti=40	g2_del_premier_non_del_avant	1 DEL · DELTA ti=40 i0(43)+i1(97)+i2(193)+i3(97)+i25(10) · masque possible · pont ti=40 (= archetype lie)	4	4	4	0	28
60ae07c4	HI_1_8_0	oracle archetype force ti=40	g2_del_premier_non_del_avant	1 DEL · DELTA ti=40 i0(43)+i1(97)+i2(193)+i3(97)+i25(2) · masque possible · pont ti=40 (= archetype lie)	1	1	1	0	6
60ae07c4	HI_1_8_0	oracle archetype force ti=40	g2_del_premier_non_del_avant	1 DEL · DELTA ti=40 i0(43)+i1(97)+i2(24)+i3(2)+i25(10) · masque possible · pont ti=40 (= archetype lie)	7	7	7	0	51
60ae07c4	HI_1_8_0	oracle archetype force ti=40	g2_del_premier_non_del_avant	1 DEL · DELTA ti=40 i0(43)+i1(97)+i2(30)+i25(16) · masque possible · pont ti=40 (= archetype lie)	1	1	1	0	5
60ae07c4	HI_1_8_0	oracle archetype force ti=40	g2_del_premier_non_del_avant	1 DEL · DELTA ti=40 i0(43)+i1(97)+i2(30)+i3(2)+i25(15) · masque possible · pont ti=40 (= archetype lie)	1	1	1	0	7
60ae07c4	HI_1_8_0	oracle archetype force ti=40	g2_del_premier_non_del_avant	1 DEL · DELTA ti=40 i0(43)+i1(97)+i2(30)+i3(2)+i25(2) · masque possible · pont ti=40 (= archetype lie)	1	1	1	0	7
60ae07c4	HI_1_8_0	oracle archetype force ti=40	g2_del_premier_non_del_avant	1 DEL · DELTA ti=40 i0(43)+i1(97)+i2(30)+i3(2)+i25(24) · masque possible · pont ti=40 (= archetype lie)	3	3	3	0	22
60ae07c4	HI_1_8_0	oracle archetype force ti=40	g2_del_premier_non_del_avant	1 DEL · DELTA ti=40 i0(43)+i1(97)+i2(8)+i3(29)+i25(10) · masque possible · pont ti=40 (= archetype lie)	1	1	1	0	7
60ae07c4	HI_1_8_0	oracle archetype force ti=40	g2_del_premier_non_del_avant	1 DEL · DELTA ti=40 i0(43)+i1(97)+i25(10) · masque possible · pont ti=40 (= archetype lie)	7	7	7	0	54
60ae07c4	HI_1_8_0	oracle archetype force ti=40	g2_del_premier_non_del_avant	1 DEL · DELTA ti=40 i0(43)+i1(97)+i25(13) · masque possible · pont ti=40 (= archetype lie)	1	1	1	0	8
60ae07c4	HI_1_8_0	oracle archetype force ti=40	g2_del_premier_non_del_avant	1 DEL · DELTA ti=40 i0(43)+i1(97)+i25(15) · masque possible · pont ti=40 (= archetype lie)	1	1	1	0	8
60ae07c4	HI_1_8_0	oracle archetype force ti=40	g2_del_premier_non_del_avant	1 DEL · DELTA ti=40 i0(43)+i1(97)+i25(2) · masque possible · pont ti=40 (= archetype lie)	1	1	1	0	6
60ae07c4	HI_1_8_0	oracle archetype force ti=40	g2_del_premier_non_del_avant	1 DEL · DELTA ti=40 i0(43)+i1(97)+i3(29)+i25(15) · masque possible · pont ti=40 (= archetype lie)	2	2	2	0	14
60ae07c4	HI_1_8_0	oracle archetype force ti=40	g2_del_premier_non_del_avant	1 DEL · DELTA ti=40 i0(43)+i1(97)+i3(29)+i25(16) · masque possible · pont ti=40 (= archetype lie)	1	1	1	0	9
60ae07c4	HI_1_8_0	oracle archetype force ti=40	g2_del_premier_non_del_avant	1 DEL · DELTA ti=40 i0(43)+i1(97)+i3(29)+i25(2) · masque possible · pont ti=40 (= archetype lie)	1	1	1	0	8
60ae07c4	HI_1_8_0	oracle archetype force ti=40	g2_del_premier_non_del_avant	1 DEL · DELTA ti=40 i0(43)+i2(193)+i3(29)+i25(23) · masque possible · pont ti=40 (= archetype lie)	1	1	1	0	8
60ae07c4	HI_1_8_0	oracle archetype force ti=40	g2_del_premier_non_del_avant	1 DEL · DELTA ti=40 i0(43)+i2(193)+i3(97)+i25(15) · masque possible · pont ti=40 (= archetype lie)	1	1	1	0	8
60ae07c4	HI_1_8_0	oracle archetype force ti=40	g2_del_premier_non_del_avant	1 DEL · NEW ti=1 i1(64)	1	1	1	0	4
60ae07c4	HI_1_8_0	oracle archetype force ti=40	g2_del_premier_non_del_avant	1 DEL · NEW ti=11 i5(32)+i12(32)+i22(32)	1	1	1	0	5
60ae07c4	HI_1_8_0	oracle archetype force ti=40	g2_del_premier_non_del_avant	1 DEL · NEW ti=16 aucun composant	1	1	1	0	9
60ae07c4	HI_1_8_0	oracle archetype force ti=40	g2_del_premier_non_del_avant	1 DEL · NEW ti=17 i1(101)	1	1	1	0	6
60ae07c4	HI_1_8_0	oracle archetype force ti=40	g2_del_premier_non_del_avant	1 DEL · NEW ti=21 i0(1)+i8(4)+i16(20)	1	1	1	0	9
60ae07c4	HI_1_8_0	oracle archetype force ti=40	g2_del_premier_non_del_avant	1 DEL · NEW ti=22 aucun composant	1	1	1	0	7
60ae07c4	HI_1_8_0	oracle archetype force ti=40	g2_del_premier_non_del_avant	1 DEL · NEW ti=32 aucun composant	1	1	1	0	8
60ae07c4	HI_1_8_0	oracle archetype force ti=40	g2_del_premier_non_del_avant	1 DEL · NEW ti=36 i11(1)+i19(1)	1	1	1	0	8
60ae07c4	HI_1_8_0	oracle archetype force ti=40	g2_del_premier_non_del_avant	1 DEL · NEW ti=42 i2(28)+i5(55)+i16(5)+i20(31)	1	1	1	0	1
60ae07c4	HI_1_8_0	oracle archetype force ti=40	g2_del_premier_non_del_avant	2 DEL · DELTA ti=40 i0(43)+i1(31)+i12(49)+i25(2) · masque possible · pont ti=40 (= archetype lie)	3	3	3	0	18
60ae07c4	HI_1_8_0	oracle archetype force ti=40	g2_del_premier_non_del_avant	2 DEL · DELTA ti=40 i0(43)+i1(31)+i2(13)+i3(29)+i25(14) · masque possible · pont ti=40 (= archetype lie)	3	3	3	0	22
60ae07c4	HI_1_8_0	oracle archetype force ti=40	g2_del_premier_non_del_avant	2 DEL · DELTA ti=40 i0(43)+i1(31)+i2(193)+i3(29)+i25(2) · masque possible · pont ti=40 (= archetype lie)	2	2	2	0	17
60ae07c4	HI_1_8_0	oracle archetype force ti=40	g2_del_premier_non_del_avant	2 DEL · DELTA ti=40 i0(43)+i1(31)+i2(30)+i3(2)+i25(15) · masque possible · pont ti=40 (= archetype lie)	1	1	1	0	6
60ae07c4	HI_1_8_0	oracle archetype force ti=40	g2_del_premier_non_del_avant	2 DEL · DELTA ti=40 i0(43)+i1(31)+i2(30)+i3(97)+i25(2) · masque possible · pont ti=40 (= archetype lie)	1	1	1	0	8
60ae07c4	HI_1_8_0	oracle archetype force ti=40	g2_del_premier_non_del_avant	2 DEL · DELTA ti=40 i0(43)+i1(31)+i2(8)+i3(29)+i25(7) · masque possible · pont ti=40 (= archetype lie)	1	1	1	0	8
60ae07c4	HI_1_8_0	oracle archetype force ti=40	g2_del_premier_non_del_avant	2 DEL · DELTA ti=40 i0(43)+i1(97)+i2(193)+i3(29)+i12(1)+i25(10) · masque possible · pont ti=40 (= archetype lie)	1	1	1	0	6
60ae07c4	HI_1_8_0	oracle archetype force ti=40	g2_del_premier_non_del_avant	2 DEL · DELTA ti=40 i0(43)+i1(97)+i2(193)+i3(97)+i12(49)+i25(32) · masque possible · pont ti=40 (= archetype lie)	1	1	1	0	4
60ae07c4	HI_1_8_0	oracle archetype force ti=40	g2_del_premier_non_del_avant	2 DEL · DELTA ti=40 i0(43)+i1(97)+i2(24)+i3(2)+i25(10) · masque possible · pont ti=40 (= archetype lie)	1	1	1	0	9
60ae07c4	HI_1_8_0	oracle archetype force ti=40	g2_del_premier_non_del_avant	2 DEL · DELTA ti=40 i0(43)+i1(97)+i2(30)+i25(24) · masque possible · pont ti=40 (= archetype lie)	1	1	1	0	6
60ae07c4	HI_1_8_0	oracle archetype force ti=40	g2_del_premier_non_del_avant	2 DEL · DELTA ti=40 i0(43)+i1(97)+i2(30)+i3(2)+i25(2) · masque possible · pont ti=40 (= archetype lie)	1	1	1	0	8
60ae07c4	HI_1_8_0	oracle archetype force ti=40	g2_del_premier_non_del_avant	2 DEL · DELTA ti=40 i0(43)+i1(97)+i2(30)+i3(29)+i25(2) · masque possible · pont ti=40 (= archetype lie)	1	1	1	0	8
60ae07c4	HI_1_8_0	oracle archetype force ti=40	g2_del_premier_non_del_avant	2 DEL · DELTA ti=40 i0(43)+i1(97)+i2(4)+i3(97)+i25(6) · masque possible · pont ti=40 (= archetype lie)	2	2	2	0	12
60ae07c4	HI_1_8_0	oracle archetype force ti=40	g2_del_premier_non_del_avant	2 DEL · DELTA ti=40 i0(43)+i1(97)+i2(8)+i3(97)+i25(7) · masque possible · pont ti=40 (= archetype lie)	1	1	1	0	8
60ae07c4	HI_1_8_0	oracle archetype force ti=40	g2_del_premier_non_del_avant	2 DEL · DELTA ti=40 i0(43)+i1(97)+i3(29)+i25(5) · masque possible · pont ti=40 (= archetype lie)	1	1	1	0	5
60ae07c4	HI_1_8_0	oracle archetype force ti=40	g2_del_premier_non_del_avant	2 DEL · DELTA ti=40 i0(43)+i25(10) · masque possible · pont ti=40 (= archetype lie)	3	3	3	0	24
60ae07c4	HI_1_8_0	oracle archetype force ti=40	g2_del_premier_non_del_avant	2 DEL · DELTA ti=41 i0(41)+i1(30)+i2(28)+i20(9) · masque possible · pont ti=41 (= archetype lie)	1	1	1	0	8
60ae07c4	HI_1_8_0	oracle archetype force ti=40	g2_del_premier_non_del_avant	3 DEL · DELTA ti=40 i0(43)+i1(31)+i3(97)+i25(16) · masque possible · pont ti=40 (= archetype lie)	1	1	1	0	6
60ae07c4	HI_1_8_0	oracle archetype force ti=40	g2_del_premier_non_del_avant	3 DEL · DELTA ti=40 i0(43)+i1(97)+i2(8)+i3(29)+i25(10) · masque possible · pont ti=40 (= archetype lie)	1	1	1	0	6
60ae07c4	HI_1_8_0	oracle archetype force ti=40	g4_ti41	masque 0x7 · i0(41)+i1(1)+i2(28)	3	3	3	0	22
60ae07c4	HI_1_8_0	oracle archetype force ti=40	g4_ti41_pont	masque possible · pont ti=41 (= archetype lie)	3	3	3	0	22
60ae07c4	HI_1_8_0	oracle archetype force ti=40	genre	DEL ti=0	177	177	177	0	951
60ae07c4	HI_1_8_0	oracle archetype force ti=40	genre	DELTA ti=41	3	3	3	0	22
60ae07c4	HI_1_8_0	oracle du pont (masque impossible)	g1_g3_slot	ti=14 slot 1352 gen 2 · archetypes declares au film [14]	1	1	1	0	6
60ae07c4	HI_1_8_0	oracle du pont (masque impossible)	g2_del	eid du DEL : aucune allocation · lie au monde apres le paquet : false	167	167	167	0	879
60ae07c4	HI_1_8_0	oracle du pont (masque impossible)	g2_del	eid du DEL : libere avant le chunk · lie au monde apres le paquet : false	4	4	4	0	29
60ae07c4	HI_1_8_0	oracle du pont (masque impossible)	g2_del	eid du DEL : naissance non lue · lie au monde apres le paquet : false	5	5	5	0	39
60ae07c4	HI_1_8_0	oracle du pont (masque impossible)	g2_del	eid du DEL : realloue sous une autre generation · lie au monde apres le paquet : false	1	1	1	0	9
60ae07c4	HI_1_8_0	oracle du pont (masque impossible)	g2_del	eid du DEL : vivant au bloc du chunk · lie au monde apres le paquet : false	1	1	1	0	4
60ae07c4	HI_1_8_0	oracle du pont (masque impossible)	g2_del_nombre_de_records	10 records lus	34	34	34	0	250
60ae07c4	HI_1_8_0	oracle du pont (masque impossible)	g2_del_nombre_de_records	11 records lus	27	27	27	0	206
60ae07c4	HI_1_8_0	oracle du pont (masque impossible)	g2_del_nombre_de_records	12 records lus	15	15	15	0	123
60ae07c4	HI_1_8_0	oracle du pont (masque impossible)	g2_del_nombre_de_records	13 records lus	3	3	3	0	27
60ae07c4	HI_1_8_0	oracle du pont (masque impossible)	g2_del_nombre_de_records	2 records lus	1	1	1	0	1
60ae07c4	HI_1_8_0	oracle du pont (masque impossible)	g2_del_nombre_de_records	3 records lus	24	24	24	0	8
60ae07c4	HI_1_8_0	oracle du pont (masque impossible)	g2_del_nombre_de_records	4 records lus	9	9	9	0	12
60ae07c4	HI_1_8_0	oracle du pont (masque impossible)	g2_del_nombre_de_records	5 records lus	5	5	5	0	15
60ae07c4	HI_1_8_0	oracle du pont (masque impossible)	g2_del_nombre_de_records	6 records lus	17	17	17	0	68
60ae07c4	HI_1_8_0	oracle du pont (masque impossible)	g2_del_nombre_de_records	7 records lus	9	9	9	0	40
60ae07c4	HI_1_8_0	oracle du pont (masque impossible)	g2_del_nombre_de_records	8 records lus	10	10	10	0	57
60ae07c4	HI_1_8_0	oracle du pont (masque impossible)	g2_del_nombre_de_records	9 records lus	24	24	24	0	153
60ae07c4	HI_1_8_0	oracle du pont (masque impossible)	g2_del_premier_non_del_avant	1 DEL · DELTA ti=21 i16(20) · masque possible · pont : masque vide	16	16	16	0	0
60ae07c4	HI_1_8_0	oracle du pont (masque impossible)	g2_del_premier_non_del_avant	1 DEL · DELTA ti=35 i0(43)+i1(31)+i23(19)+i25(10)+i53(36)+i58(31) · masque possible · pont ti=35 (= archetype lie)	1	1	1	0	1
60ae07c4	HI_1_8_0	oracle du pont (masque impossible)	g2_del_premier_non_del_avant	1 DEL · DELTA ti=35 i0(43)+i1(31)+i25(10)+i53(72) · masque possible · pont : masque vide	1	1	1	0	5
60ae07c4	HI_1_8_0	oracle du pont (masque impossible)	g2_del_premier_non_del_avant	1 DEL · DELTA ti=35 i0(43)+i1(31)+i25(10)+i53(72) · masque possible · pont ti=35 (= archetype lie)	1	1	1	0	1
60ae07c4	HI_1_8_0	oracle du pont (masque impossible)	g2_del_premier_non_del_avant	1 DEL · DELTA ti=35 i0(43)+i1(31)+i5(29)+i23(19)+i25(10)+i53(36)+i58(31) · masque possible · pont ti=35 (= archetype lie)	1	1	1	0	1
60ae07c4	HI_1_8_0	oracle du pont (masque impossible)	g2_del_premier_non_del_avant	1 DEL · DELTA ti=35 i0(43)+i1(31)+i5(29)+i25(10)+i53(72) · masque possible · pont ti=35 (= archetype lie)	1	1	1	0	3
60ae07c4	HI_1_8_0	oracle du pont (masque impossible)	g2_del_premier_non_del_avant	1 DEL · DELTA ti=35 i0(43)+i5(29)+i25(10)+i53(72) · masque possible · pont ti=35 (= archetype lie)	1	1	1	0	1
60ae07c4	HI_1_8_0	oracle du pont (masque impossible)	g2_del_premier_non_del_avant	1 DEL · DELTA ti=37 i0(41)+i2(9)+i8(5)+i9(1) · masque IMPOSSIBLE sous l archetype lie · pont : masque vide	1	1	1	0	9
60ae07c4	HI_1_8_0	oracle du pont (masque impossible)	g2_del_premier_non_del_avant	1 DEL · DELTA ti=40 i0(43)+i1(31)+i12(1)+i25(10) · masque possible · pont ti=40 (= archetype lie)	1	1	1	0	3
60ae07c4	HI_1_8_0	oracle du pont (masque impossible)	g2_del_premier_non_del_avant	1 DEL · DELTA ti=40 i0(43)+i1(31)+i2(11)+i3(29)+i25(2) · masque possible · pont ti=40 (= archetype lie)	1	1	1	0	9
60ae07c4	HI_1_8_0	oracle du pont (masque impossible)	g2_del_premier_non_del_avant	1 DEL · DELTA ti=40 i0(43)+i1(31)+i2(193)+i25(10) · masque possible · pont ti=40 (= archetype lie)	1	1	1	0	6
60ae07c4	HI_1_8_0	oracle du pont (masque impossible)	g2_del_premier_non_del_avant	1 DEL · DELTA ti=40 i0(43)+i1(31)+i2(193)+i25(15) · masque possible · pont ti=40 (= archetype lie)	1	1	1	0	5
60ae07c4	HI_1_8_0	oracle du pont (masque impossible)	g2_del_premier_non_del_avant	1 DEL · DELTA ti=40 i0(43)+i1(31)+i2(193)+i3(2)+i25(7) · masque possible · pont ti=40 (= archetype lie)	1	1	1	0	7
60ae07c4	HI_1_8_0	oracle du pont (masque impossible)	g2_del_premier_non_del_avant	1 DEL · DELTA ti=40 i0(43)+i1(31)+i2(193)+i3(29)+i25(2) · masque possible · pont ti=40 (= archetype lie)	7	7	7	0	55
60ae07c4	HI_1_8_0	oracle du pont (masque impossible)	g2_del_premier_non_del_avant	1 DEL · DELTA ti=40 i0(43)+i1(31)+i2(193)+i3(29)+i25(7) · masque possible · pont ti=40 (= archetype lie)	1	1	1	0	7
60ae07c4	HI_1_8_0	oracle du pont (masque impossible)	g2_del_premier_non_del_avant	1 DEL · DELTA ti=40 i0(43)+i1(31)+i2(193)+i3(97)+i25(15) · masque possible · pont ti=40 (= archetype lie)	1	1	1	0	7
60ae07c4	HI_1_8_0	oracle du pont (masque impossible)	g2_del_premier_non_del_avant	1 DEL · DELTA ti=40 i0(43)+i1(31)+i2(193)+i3(97)+i25(16) · masque possible · pont ti=40 (= archetype lie)	1	1	1	0	8
60ae07c4	HI_1_8_0	oracle du pont (masque impossible)	g2_del_premier_non_del_avant	1 DEL · DELTA ti=40 i0(43)+i1(31)+i2(193)+i3(97)+i25(2) · masque possible · pont ti=40 (= archetype lie)	8	8	8	0	51
60ae07c4	HI_1_8_0	oracle du pont (masque impossible)	g2_del_premier_non_del_avant	1 DEL · DELTA ti=40 i0(43)+i1(31)+i2(193)+i3(97)+i25(21) · masque possible · pont ti=40 (= archetype lie)	1	1	1	0	4
60ae07c4	HI_1_8_0	oracle du pont (masque impossible)	g2_del_premier_non_del_avant	1 DEL · DELTA ti=40 i0(43)+i1(31)+i2(28)+i3(97)+i25(2) · masque possible · pont ti=40 (= archetype lie)	1	1	1	0	7
60ae07c4	HI_1_8_0	oracle du pont (masque impossible)	g2_del_premier_non_del_avant	1 DEL · DELTA ti=40 i0(43)+i1(31)+i2(30)+i3(2)+i25(15) · masque possible · pont ti=40 (= archetype lie)	1	1	1	0	8
60ae07c4	HI_1_8_0	oracle du pont (masque impossible)	g2_del_premier_non_del_avant	1 DEL · DELTA ti=40 i0(43)+i1(31)+i2(30)+i3(97)+i25(2) · masque possible · pont ti=40 (= archetype lie)	1	1	1	0	7
60ae07c4	HI_1_8_0	oracle du pont (masque impossible)	g2_del_premier_non_del_avant	1 DEL · DELTA ti=40 i0(43)+i1(31)+i2(30)+i3(97)+i25(8) · masque possible · pont ti=40 (= archetype lie)	3	3	3	0	20
60ae07c4	HI_1_8_0	oracle du pont (masque impossible)	g2_del_premier_non_del_avant	1 DEL · DELTA ti=40 i0(43)+i1(31)+i2(4)+i25(21) · masque possible · pont ti=40 (= archetype lie)	11	11	11	0	13
60ae07c4	HI_1_8_0	oracle du pont (masque impossible)	g2_del_premier_non_del_avant	1 DEL · DELTA ti=40 i0(43)+i1(31)+i2(4)+i3(29)+i25(2) · masque possible · pont ti=40 (= archetype lie)	2	2	2	0	12
60ae07c4	HI_1_8_0	oracle du pont (masque impossible)	g2_del_premier_non_del_avant	1 DEL · DELTA ti=40 i0(43)+i1(31)+i2(8)+i3(29)+i25(10) · masque possible · pont ti=40 (= archetype lie)	1	1	1	0	8
60ae07c4	HI_1_8_0	oracle du pont (masque impossible)	g2_del_premier_non_del_avant	1 DEL · DELTA ti=40 i0(43)+i1(31)+i3(2)+i25(14) · masque possible · pont ti=40 (= archetype lie)	1	1	1	0	10
60ae07c4	HI_1_8_0	oracle du pont (masque impossible)	g2_del_premier_non_del_avant	1 DEL · DELTA ti=40 i0(43)+i1(31)+i3(97)+i12(17)+i25(2) · masque possible · pont ti=40 (= archetype lie)	6	6	6	0	21
60ae07c4	HI_1_8_0	oracle du pont (masque impossible)	g2_del_premier_non_del_avant	1 DEL · DELTA ti=40 i0(43)+i1(31)+i3(97)+i25(10) · masque possible · pont ti=40 (= archetype lie)	3	3	3	0	15
60ae07c4	HI_1_8_0	oracle du pont (masque impossible)	g2_del_premier_non_del_avant	1 DEL · DELTA ti=40 i0(43)+i1(97)+i12(17)+i25(2) · masque possible · pont ti=40 (= archetype lie)	16	16	16	0	65
60ae07c4	HI_1_8_0	oracle du pont (masque impossible)	g2_del_premier_non_del_avant	1 DEL · DELTA ti=40 i0(43)+i1(97)+i2(11)+i3(2)+i25(2) · masque possible · pont ti=40 (= archetype lie)	2	2	2	0	3
60ae07c4	HI_1_8_0	oracle du pont (masque impossible)	g2_del_premier_non_del_avant	1 DEL · DELTA ti=40 i0(43)+i1(97)+i2(17)+i3(2)+i25(2) · masque possible · pont ti=40 (= archetype lie)	1	1	1	0	8
60ae07c4	HI_1_8_0	oracle du pont (masque impossible)	g2_del_premier_non_del_avant	1 DEL · DELTA ti=40 i0(43)+i1(97)+i2(17)+i3(97)+i25(2) · masque possible · pont ti=40 (= archetype lie)	1	1	1	0	8
60ae07c4	HI_1_8_0	oracle du pont (masque impossible)	g2_del_premier_non_del_avant	1 DEL · DELTA ti=40 i0(43)+i1(97)+i2(193)+i25(2) · masque possible · pont ti=40 (= archetype lie)	1	1	1	0	9
60ae07c4	HI_1_8_0	oracle du pont (masque impossible)	g2_del_premier_non_del_avant	1 DEL · DELTA ti=40 i0(43)+i1(97)+i2(193)+i25(24) · masque possible · pont ti=40 (= archetype lie)	1	1	1	0	6
60ae07c4	HI_1_8_0	oracle du pont (masque impossible)	g2_del_premier_non_del_avant	1 DEL · DELTA ti=40 i0(43)+i1(97)+i2(193)+i3(2)+i25(16) · masque possible · pont ti=40 (= archetype lie)	2	2	2	0	12
60ae07c4	HI_1_8_0	oracle du pont (masque impossible)	g2_del_premier_non_del_avant	1 DEL · DELTA ti=40 i0(43)+i1(97)+i2(193)+i3(2)+i25(8) · masque possible · pont ti=40 (= archetype lie)	1	1	1	0	7
60ae07c4	HI_1_8_0	oracle du pont (masque impossible)	g2_del_premier_non_del_avant	1 DEL · DELTA ti=40 i0(43)+i1(97)+i2(193)+i3(29)+i25(2) · masque possible · pont ti=40 (= archetype lie)	4	4	4	0	28
60ae07c4	HI_1_8_0	oracle du pont (masque impossible)	g2_del_premier_non_del_avant	1 DEL · DELTA ti=40 i0(43)+i1(97)+i2(193)+i3(29)+i25(5) · masque possible · pont ti=40 (= archetype lie)	1	1	1	0	8
60ae07c4	HI_1_8_0	oracle du pont (masque impossible)	g2_del_premier_non_del_avant	1 DEL · DELTA ti=40 i0(43)+i1(97)+i2(193)+i3(97)+i25(10) · masque possible · pont ti=40 (= archetype lie)	4	4	4	0	28
60ae07c4	HI_1_8_0	oracle du pont (masque impossible)	g2_del_premier_non_del_avant	1 DEL · DELTA ti=40 i0(43)+i1(97)+i2(193)+i3(97)+i25(2) · masque possible · pont ti=40 (= archetype lie)	1	1	1	0	6
60ae07c4	HI_1_8_0	oracle du pont (masque impossible)	g2_del_premier_non_del_avant	1 DEL · DELTA ti=40 i0(43)+i1(97)+i2(24)+i3(2)+i25(10) · masque possible · pont ti=40 (= archetype lie)	7	7	7	0	51
60ae07c4	HI_1_8_0	oracle du pont (masque impossible)	g2_del_premier_non_del_avant	1 DEL · DELTA ti=40 i0(43)+i1(97)+i2(30)+i25(16) · masque possible · pont ti=40 (= archetype lie)	1	1	1	0	5
60ae07c4	HI_1_8_0	oracle du pont (masque impossible)	g2_del_premier_non_del_avant	1 DEL · DELTA ti=40 i0(43)+i1(97)+i2(30)+i3(2)+i25(15) · masque possible · pont ti=40 (= archetype lie)	1	1	1	0	7
60ae07c4	HI_1_8_0	oracle du pont (masque impossible)	g2_del_premier_non_del_avant	1 DEL · DELTA ti=40 i0(43)+i1(97)+i2(30)+i3(2)+i25(2) · masque possible · pont ti=40 (= archetype lie)	1	1	1	0	7
60ae07c4	HI_1_8_0	oracle du pont (masque impossible)	g2_del_premier_non_del_avant	1 DEL · DELTA ti=40 i0(43)+i1(97)+i2(30)+i3(2)+i25(24) · masque possible · pont ti=40 (= archetype lie)	3	3	3	0	22
60ae07c4	HI_1_8_0	oracle du pont (masque impossible)	g2_del_premier_non_del_avant	1 DEL · DELTA ti=40 i0(43)+i1(97)+i2(8)+i3(29)+i25(10) · masque possible · pont ti=40 (= archetype lie)	1	1	1	0	7
60ae07c4	HI_1_8_0	oracle du pont (masque impossible)	g2_del_premier_non_del_avant	1 DEL · DELTA ti=40 i0(43)+i1(97)+i25(10) · masque possible · pont ti=40 (= archetype lie)	7	7	7	0	54
60ae07c4	HI_1_8_0	oracle du pont (masque impossible)	g2_del_premier_non_del_avant	1 DEL · DELTA ti=40 i0(43)+i1(97)+i25(13) · masque possible · pont ti=40 (= archetype lie)	1	1	1	0	8
60ae07c4	HI_1_8_0	oracle du pont (masque impossible)	g2_del_premier_non_del_avant	1 DEL · DELTA ti=40 i0(43)+i1(97)+i25(15) · masque possible · pont ti=40 (= archetype lie)	1	1	1	0	8
60ae07c4	HI_1_8_0	oracle du pont (masque impossible)	g2_del_premier_non_del_avant	1 DEL · DELTA ti=40 i0(43)+i1(97)+i25(2) · masque possible · pont ti=40 (= archetype lie)	1	1	1	0	6
60ae07c4	HI_1_8_0	oracle du pont (masque impossible)	g2_del_premier_non_del_avant	1 DEL · DELTA ti=40 i0(43)+i1(97)+i3(29)+i25(15) · masque possible · pont ti=40 (= archetype lie)	2	2	2	0	14
60ae07c4	HI_1_8_0	oracle du pont (masque impossible)	g2_del_premier_non_del_avant	1 DEL · DELTA ti=40 i0(43)+i1(97)+i3(29)+i25(16) · masque possible · pont ti=40 (= archetype lie)	1	1	1	0	9
60ae07c4	HI_1_8_0	oracle du pont (masque impossible)	g2_del_premier_non_del_avant	1 DEL · DELTA ti=40 i0(43)+i1(97)+i3(29)+i25(2) · masque possible · pont ti=40 (= archetype lie)	1	1	1	0	8
60ae07c4	HI_1_8_0	oracle du pont (masque impossible)	g2_del_premier_non_del_avant	1 DEL · DELTA ti=40 i0(43)+i2(193)+i3(29)+i25(23) · masque possible · pont ti=40 (= archetype lie)	1	1	1	0	8
60ae07c4	HI_1_8_0	oracle du pont (masque impossible)	g2_del_premier_non_del_avant	1 DEL · DELTA ti=40 i0(43)+i2(193)+i3(97)+i25(15) · masque possible · pont ti=40 (= archetype lie)	1	1	1	0	8
60ae07c4	HI_1_8_0	oracle du pont (masque impossible)	g2_del_premier_non_del_avant	1 DEL · NEW ti=1 i1(64)	1	1	1	0	4
60ae07c4	HI_1_8_0	oracle du pont (masque impossible)	g2_del_premier_non_del_avant	1 DEL · NEW ti=11 i5(32)+i12(32)+i22(32)	1	1	1	0	5
60ae07c4	HI_1_8_0	oracle du pont (masque impossible)	g2_del_premier_non_del_avant	1 DEL · NEW ti=16 aucun composant	1	1	1	0	9
60ae07c4	HI_1_8_0	oracle du pont (masque impossible)	g2_del_premier_non_del_avant	1 DEL · NEW ti=17 i1(101)	1	1	1	0	6
60ae07c4	HI_1_8_0	oracle du pont (masque impossible)	g2_del_premier_non_del_avant	1 DEL · NEW ti=21 i0(1)+i8(4)+i16(20)	1	1	1	0	9
60ae07c4	HI_1_8_0	oracle du pont (masque impossible)	g2_del_premier_non_del_avant	1 DEL · NEW ti=22 aucun composant	1	1	1	0	7
60ae07c4	HI_1_8_0	oracle du pont (masque impossible)	g2_del_premier_non_del_avant	1 DEL · NEW ti=32 aucun composant	1	1	1	0	8
60ae07c4	HI_1_8_0	oracle du pont (masque impossible)	g2_del_premier_non_del_avant	1 DEL · NEW ti=36 i11(1)+i19(1)	1	1	1	0	8
60ae07c4	HI_1_8_0	oracle du pont (masque impossible)	g2_del_premier_non_del_avant	1 DEL · NEW ti=42 i2(28)+i5(55)+i16(5)+i20(31)	1	1	1	0	1
60ae07c4	HI_1_8_0	oracle du pont (masque impossible)	g2_del_premier_non_del_avant	2 DEL · DELTA ti=40 i0(43)+i1(31)+i12(49)+i25(2) · masque possible · pont ti=40 (= archetype lie)	3	3	3	0	18
60ae07c4	HI_1_8_0	oracle du pont (masque impossible)	g2_del_premier_non_del_avant	2 DEL · DELTA ti=40 i0(43)+i1(31)+i2(13)+i3(29)+i25(14) · masque possible · pont ti=40 (= archetype lie)	3	3	3	0	22
60ae07c4	HI_1_8_0	oracle du pont (masque impossible)	g2_del_premier_non_del_avant	2 DEL · DELTA ti=40 i0(43)+i1(31)+i2(193)+i3(29)+i25(2) · masque possible · pont ti=40 (= archetype lie)	2	2	2	0	17
60ae07c4	HI_1_8_0	oracle du pont (masque impossible)	g2_del_premier_non_del_avant	2 DEL · DELTA ti=40 i0(43)+i1(31)+i2(30)+i3(2)+i25(15) · masque possible · pont ti=40 (= archetype lie)	1	1	1	0	6
60ae07c4	HI_1_8_0	oracle du pont (masque impossible)	g2_del_premier_non_del_avant	2 DEL · DELTA ti=40 i0(43)+i1(31)+i2(30)+i3(97)+i25(2) · masque possible · pont ti=40 (= archetype lie)	1	1	1	0	8
60ae07c4	HI_1_8_0	oracle du pont (masque impossible)	g2_del_premier_non_del_avant	2 DEL · DELTA ti=40 i0(43)+i1(31)+i2(8)+i3(29)+i25(7) · masque possible · pont ti=40 (= archetype lie)	1	1	1	0	8
60ae07c4	HI_1_8_0	oracle du pont (masque impossible)	g2_del_premier_non_del_avant	2 DEL · DELTA ti=40 i0(43)+i1(97)+i2(193)+i3(29)+i12(1)+i25(10) · masque possible · pont ti=40 (= archetype lie)	1	1	1	0	6
60ae07c4	HI_1_8_0	oracle du pont (masque impossible)	g2_del_premier_non_del_avant	2 DEL · DELTA ti=40 i0(43)+i1(97)+i2(193)+i3(97)+i12(49)+i25(32) · masque possible · pont ti=40 (= archetype lie)	1	1	1	0	4
60ae07c4	HI_1_8_0	oracle du pont (masque impossible)	g2_del_premier_non_del_avant	2 DEL · DELTA ti=40 i0(43)+i1(97)+i2(24)+i3(2)+i25(10) · masque possible · pont ti=40 (= archetype lie)	1	1	1	0	9
60ae07c4	HI_1_8_0	oracle du pont (masque impossible)	g2_del_premier_non_del_avant	2 DEL · DELTA ti=40 i0(43)+i1(97)+i2(30)+i25(24) · masque possible · pont ti=40 (= archetype lie)	1	1	1	0	6
60ae07c4	HI_1_8_0	oracle du pont (masque impossible)	g2_del_premier_non_del_avant	2 DEL · DELTA ti=40 i0(43)+i1(97)+i2(30)+i3(2)+i25(2) · masque possible · pont ti=40 (= archetype lie)	1	1	1	0	8
60ae07c4	HI_1_8_0	oracle du pont (masque impossible)	g2_del_premier_non_del_avant	2 DEL · DELTA ti=40 i0(43)+i1(97)+i2(30)+i3(29)+i25(2) · masque possible · pont ti=40 (= archetype lie)	1	1	1	0	8
60ae07c4	HI_1_8_0	oracle du pont (masque impossible)	g2_del_premier_non_del_avant	2 DEL · DELTA ti=40 i0(43)+i1(97)+i2(4)+i3(97)+i25(6) · masque possible · pont ti=40 (= archetype lie)	2	2	2	0	12
60ae07c4	HI_1_8_0	oracle du pont (masque impossible)	g2_del_premier_non_del_avant	2 DEL · DELTA ti=40 i0(43)+i1(97)+i2(8)+i3(97)+i25(7) · masque possible · pont ti=40 (= archetype lie)	1	1	1	0	8
60ae07c4	HI_1_8_0	oracle du pont (masque impossible)	g2_del_premier_non_del_avant	2 DEL · DELTA ti=40 i0(43)+i1(97)+i3(29)+i25(5) · masque possible · pont ti=40 (= archetype lie)	1	1	1	0	5
60ae07c4	HI_1_8_0	oracle du pont (masque impossible)	g2_del_premier_non_del_avant	2 DEL · DELTA ti=40 i0(43)+i25(10) · masque possible · pont ti=40 (= archetype lie)	3	3	3	0	24
60ae07c4	HI_1_8_0	oracle du pont (masque impossible)	g2_del_premier_non_del_avant	2 DEL · DELTA ti=41 i0(41)+i1(30)+i2(28)+i20(9) · masque possible · pont ti=41 (= archetype lie)	1	1	1	0	8
60ae07c4	HI_1_8_0	oracle du pont (masque impossible)	g2_del_premier_non_del_avant	3 DEL · DELTA ti=40 i0(43)+i1(31)+i3(97)+i25(16) · masque possible · pont ti=40 (= archetype lie)	1	1	1	0	6
60ae07c4	HI_1_8_0	oracle du pont (masque impossible)	g2_del_premier_non_del_avant	3 DEL · DELTA ti=40 i0(43)+i1(97)+i2(8)+i3(29)+i25(10) · masque possible · pont ti=40 (= archetype lie)	1	1	1	0	6
60ae07c4	HI_1_8_0	oracle du pont (masque impossible)	g3_ti14	masque 0x402000200 · aucun composant	1	1	1	0	6
60ae07c4	HI_1_8_0	oracle du pont (masque impossible)	g3_ti14_pont	masque IMPOSSIBLE sous l archetype lie · pont : masque vide	1	1	1	0	6
60ae07c4	HI_1_8_0	oracle du pont (masque impossible)	g4_ti41	masque 0x7 · i0(41)+i1(1)+i2(28)	3	3	3	0	22
60ae07c4	HI_1_8_0	oracle du pont (masque impossible)	g4_ti41_pont	masque possible · pont ti=41 (= archetype lie)	3	3	3	0	22
60ae07c4	HI_1_8_0	oracle du pont (masque impossible)	genre	DEL ti=0	178	178	178	0	960
60ae07c4	HI_1_8_0	oracle du pont (masque impossible)	genre	DELTA ti=14	1	1	1	0	6
60ae07c4	HI_1_8_0	oracle du pont (masque impossible)	genre	DELTA ti=41	3	3	3	0	22
60ae07c4	HI_1_8_0	oracle du pont (masque impossible)	liaison_du_masque_impossible	image-cle ou joker · 1re image-cle du chunk : ti=14 · bloc : gen 1 (eid gen 2), vivante true	1	1	0	0	0
60ae07c4	HI_1_8_0	oracle du pont (masque impossible)	liaison_du_masque_impossible	table de datums ou anticipation · slot non declare par la 1re image-cle du chunk · bloc : gen 0 (eid gen 1), vivante false	1	1	0	0	0
60ae07c4	HI_1_8_0	reference	g1_g3_slot	ti=14 slot 1352 gen 2 · archetypes declares au film [14]	1	1	1	0	6
60ae07c4	HI_1_8_0	reference	g2_del	eid du DEL : aucune allocation · lie au monde apres le paquet : false	167	167	167	0	879
60ae07c4	HI_1_8_0	reference	g2_del	eid du DEL : libere avant le chunk · lie au monde apres le paquet : false	4	4	4	0	29
60ae07c4	HI_1_8_0	reference	g2_del	eid du DEL : naissance non lue · lie au monde apres le paquet : false	5	5	5	0	39
60ae07c4	HI_1_8_0	reference	g2_del	eid du DEL : realloue sous une autre generation · lie au monde apres le paquet : false	1	1	1	0	9
60ae07c4	HI_1_8_0	reference	g2_del	eid du DEL : vivant au bloc du chunk · lie au monde apres le paquet : false	1	1	1	0	4
60ae07c4	HI_1_8_0	reference	g2_del_nombre_de_records	10 records lus	34	34	34	0	250
60ae07c4	HI_1_8_0	reference	g2_del_nombre_de_records	11 records lus	27	27	27	0	206
60ae07c4	HI_1_8_0	reference	g2_del_nombre_de_records	12 records lus	15	15	15	0	123
60ae07c4	HI_1_8_0	reference	g2_del_nombre_de_records	13 records lus	3	3	3	0	27
60ae07c4	HI_1_8_0	reference	g2_del_nombre_de_records	2 records lus	1	1	1	0	1
60ae07c4	HI_1_8_0	reference	g2_del_nombre_de_records	3 records lus	24	24	24	0	8
60ae07c4	HI_1_8_0	reference	g2_del_nombre_de_records	4 records lus	9	9	9	0	12
60ae07c4	HI_1_8_0	reference	g2_del_nombre_de_records	5 records lus	5	5	5	0	15
60ae07c4	HI_1_8_0	reference	g2_del_nombre_de_records	6 records lus	17	17	17	0	68
60ae07c4	HI_1_8_0	reference	g2_del_nombre_de_records	7 records lus	9	9	9	0	40
60ae07c4	HI_1_8_0	reference	g2_del_nombre_de_records	8 records lus	10	10	10	0	57
60ae07c4	HI_1_8_0	reference	g2_del_nombre_de_records	9 records lus	24	24	24	0	153
60ae07c4	HI_1_8_0	reference	g2_del_premier_non_del_avant	1 DEL · DELTA ti=21 i16(20) · masque possible · pont : masque vide	16	16	16	0	0
60ae07c4	HI_1_8_0	reference	g2_del_premier_non_del_avant	1 DEL · DELTA ti=35 i0(43)+i1(31)+i23(19)+i25(10)+i53(36)+i58(31) · masque possible · pont ti=35 (= archetype lie)	1	1	1	0	1
60ae07c4	HI_1_8_0	reference	g2_del_premier_non_del_avant	1 DEL · DELTA ti=35 i0(43)+i1(31)+i25(10)+i53(72) · masque possible · pont : masque vide	1	1	1	0	5
60ae07c4	HI_1_8_0	reference	g2_del_premier_non_del_avant	1 DEL · DELTA ti=35 i0(43)+i1(31)+i25(10)+i53(72) · masque possible · pont ti=35 (= archetype lie)	1	1	1	0	1
60ae07c4	HI_1_8_0	reference	g2_del_premier_non_del_avant	1 DEL · DELTA ti=35 i0(43)+i1(31)+i5(29)+i23(19)+i25(10)+i53(36)+i58(31) · masque possible · pont ti=35 (= archetype lie)	1	1	1	0	1
60ae07c4	HI_1_8_0	reference	g2_del_premier_non_del_avant	1 DEL · DELTA ti=35 i0(43)+i1(31)+i5(29)+i25(10)+i53(72) · masque possible · pont ti=35 (= archetype lie)	1	1	1	0	3
60ae07c4	HI_1_8_0	reference	g2_del_premier_non_del_avant	1 DEL · DELTA ti=35 i0(43)+i5(29)+i25(10)+i53(72) · masque possible · pont ti=35 (= archetype lie)	1	1	1	0	1
60ae07c4	HI_1_8_0	reference	g2_del_premier_non_del_avant	1 DEL · DELTA ti=37 i0(41)+i2(9)+i8(5)+i9(1) · masque IMPOSSIBLE sous l archetype lie · pont : masque vide	1	1	1	0	9
60ae07c4	HI_1_8_0	reference	g2_del_premier_non_del_avant	1 DEL · DELTA ti=40 i0(43)+i1(31)+i12(1)+i25(10) · masque possible · pont ti=40 (= archetype lie)	1	1	1	0	3
60ae07c4	HI_1_8_0	reference	g2_del_premier_non_del_avant	1 DEL · DELTA ti=40 i0(43)+i1(31)+i2(11)+i3(29)+i25(2) · masque possible · pont ti=40 (= archetype lie)	1	1	1	0	9
60ae07c4	HI_1_8_0	reference	g2_del_premier_non_del_avant	1 DEL · DELTA ti=40 i0(43)+i1(31)+i2(193)+i25(10) · masque possible · pont ti=40 (= archetype lie)	1	1	1	0	6
60ae07c4	HI_1_8_0	reference	g2_del_premier_non_del_avant	1 DEL · DELTA ti=40 i0(43)+i1(31)+i2(193)+i25(15) · masque possible · pont ti=40 (= archetype lie)	1	1	1	0	5
60ae07c4	HI_1_8_0	reference	g2_del_premier_non_del_avant	1 DEL · DELTA ti=40 i0(43)+i1(31)+i2(193)+i3(2)+i25(7) · masque possible · pont ti=40 (= archetype lie)	1	1	1	0	7
60ae07c4	HI_1_8_0	reference	g2_del_premier_non_del_avant	1 DEL · DELTA ti=40 i0(43)+i1(31)+i2(193)+i3(29)+i25(2) · masque possible · pont ti=40 (= archetype lie)	7	7	7	0	55
60ae07c4	HI_1_8_0	reference	g2_del_premier_non_del_avant	1 DEL · DELTA ti=40 i0(43)+i1(31)+i2(193)+i3(29)+i25(7) · masque possible · pont ti=40 (= archetype lie)	1	1	1	0	7
60ae07c4	HI_1_8_0	reference	g2_del_premier_non_del_avant	1 DEL · DELTA ti=40 i0(43)+i1(31)+i2(193)+i3(97)+i25(15) · masque possible · pont ti=40 (= archetype lie)	1	1	1	0	7
60ae07c4	HI_1_8_0	reference	g2_del_premier_non_del_avant	1 DEL · DELTA ti=40 i0(43)+i1(31)+i2(193)+i3(97)+i25(16) · masque possible · pont ti=40 (= archetype lie)	1	1	1	0	8
60ae07c4	HI_1_8_0	reference	g2_del_premier_non_del_avant	1 DEL · DELTA ti=40 i0(43)+i1(31)+i2(193)+i3(97)+i25(2) · masque possible · pont ti=40 (= archetype lie)	8	8	8	0	51
60ae07c4	HI_1_8_0	reference	g2_del_premier_non_del_avant	1 DEL · DELTA ti=40 i0(43)+i1(31)+i2(193)+i3(97)+i25(21) · masque possible · pont ti=40 (= archetype lie)	1	1	1	0	4
60ae07c4	HI_1_8_0	reference	g2_del_premier_non_del_avant	1 DEL · DELTA ti=40 i0(43)+i1(31)+i2(28)+i3(97)+i25(2) · masque possible · pont ti=40 (= archetype lie)	1	1	1	0	7
60ae07c4	HI_1_8_0	reference	g2_del_premier_non_del_avant	1 DEL · DELTA ti=40 i0(43)+i1(31)+i2(30)+i3(2)+i25(15) · masque possible · pont ti=40 (= archetype lie)	1	1	1	0	8
60ae07c4	HI_1_8_0	reference	g2_del_premier_non_del_avant	1 DEL · DELTA ti=40 i0(43)+i1(31)+i2(30)+i3(97)+i25(2) · masque possible · pont ti=40 (= archetype lie)	1	1	1	0	7
60ae07c4	HI_1_8_0	reference	g2_del_premier_non_del_avant	1 DEL · DELTA ti=40 i0(43)+i1(31)+i2(30)+i3(97)+i25(8) · masque possible · pont ti=40 (= archetype lie)	3	3	3	0	20
60ae07c4	HI_1_8_0	reference	g2_del_premier_non_del_avant	1 DEL · DELTA ti=40 i0(43)+i1(31)+i2(4)+i25(21) · masque possible · pont ti=40 (= archetype lie)	11	11	11	0	13
60ae07c4	HI_1_8_0	reference	g2_del_premier_non_del_avant	1 DEL · DELTA ti=40 i0(43)+i1(31)+i2(4)+i3(29)+i25(2) · masque possible · pont ti=40 (= archetype lie)	2	2	2	0	12
60ae07c4	HI_1_8_0	reference	g2_del_premier_non_del_avant	1 DEL · DELTA ti=40 i0(43)+i1(31)+i2(8)+i3(29)+i25(10) · masque possible · pont ti=40 (= archetype lie)	1	1	1	0	8
60ae07c4	HI_1_8_0	reference	g2_del_premier_non_del_avant	1 DEL · DELTA ti=40 i0(43)+i1(31)+i3(2)+i25(14) · masque possible · pont ti=40 (= archetype lie)	1	1	1	0	10
60ae07c4	HI_1_8_0	reference	g2_del_premier_non_del_avant	1 DEL · DELTA ti=40 i0(43)+i1(31)+i3(97)+i12(17)+i25(2) · masque possible · pont ti=40 (= archetype lie)	6	6	6	0	21
60ae07c4	HI_1_8_0	reference	g2_del_premier_non_del_avant	1 DEL · DELTA ti=40 i0(43)+i1(31)+i3(97)+i25(10) · masque possible · pont ti=40 (= archetype lie)	3	3	3	0	15
60ae07c4	HI_1_8_0	reference	g2_del_premier_non_del_avant	1 DEL · DELTA ti=40 i0(43)+i1(97)+i12(17)+i25(2) · masque possible · pont ti=40 (= archetype lie)	16	16	16	0	65
60ae07c4	HI_1_8_0	reference	g2_del_premier_non_del_avant	1 DEL · DELTA ti=40 i0(43)+i1(97)+i2(11)+i3(2)+i25(2) · masque possible · pont ti=40 (= archetype lie)	2	2	2	0	3
60ae07c4	HI_1_8_0	reference	g2_del_premier_non_del_avant	1 DEL · DELTA ti=40 i0(43)+i1(97)+i2(17)+i3(2)+i25(2) · masque possible · pont ti=40 (= archetype lie)	1	1	1	0	8
60ae07c4	HI_1_8_0	reference	g2_del_premier_non_del_avant	1 DEL · DELTA ti=40 i0(43)+i1(97)+i2(17)+i3(97)+i25(2) · masque possible · pont ti=40 (= archetype lie)	1	1	1	0	8
60ae07c4	HI_1_8_0	reference	g2_del_premier_non_del_avant	1 DEL · DELTA ti=40 i0(43)+i1(97)+i2(193)+i25(2) · masque possible · pont ti=40 (= archetype lie)	1	1	1	0	9
60ae07c4	HI_1_8_0	reference	g2_del_premier_non_del_avant	1 DEL · DELTA ti=40 i0(43)+i1(97)+i2(193)+i25(24) · masque possible · pont ti=40 (= archetype lie)	1	1	1	0	6
60ae07c4	HI_1_8_0	reference	g2_del_premier_non_del_avant	1 DEL · DELTA ti=40 i0(43)+i1(97)+i2(193)+i3(2)+i25(16) · masque possible · pont ti=40 (= archetype lie)	2	2	2	0	12
60ae07c4	HI_1_8_0	reference	g2_del_premier_non_del_avant	1 DEL · DELTA ti=40 i0(43)+i1(97)+i2(193)+i3(2)+i25(8) · masque possible · pont ti=40 (= archetype lie)	1	1	1	0	7
60ae07c4	HI_1_8_0	reference	g2_del_premier_non_del_avant	1 DEL · DELTA ti=40 i0(43)+i1(97)+i2(193)+i3(29)+i25(2) · masque possible · pont ti=40 (= archetype lie)	4	4	4	0	28
60ae07c4	HI_1_8_0	reference	g2_del_premier_non_del_avant	1 DEL · DELTA ti=40 i0(43)+i1(97)+i2(193)+i3(29)+i25(5) · masque possible · pont ti=40 (= archetype lie)	1	1	1	0	8
60ae07c4	HI_1_8_0	reference	g2_del_premier_non_del_avant	1 DEL · DELTA ti=40 i0(43)+i1(97)+i2(193)+i3(97)+i25(10) · masque possible · pont ti=40 (= archetype lie)	4	4	4	0	28
60ae07c4	HI_1_8_0	reference	g2_del_premier_non_del_avant	1 DEL · DELTA ti=40 i0(43)+i1(97)+i2(193)+i3(97)+i25(2) · masque possible · pont ti=40 (= archetype lie)	1	1	1	0	6
60ae07c4	HI_1_8_0	reference	g2_del_premier_non_del_avant	1 DEL · DELTA ti=40 i0(43)+i1(97)+i2(24)+i3(2)+i25(10) · masque possible · pont ti=40 (= archetype lie)	7	7	7	0	51
60ae07c4	HI_1_8_0	reference	g2_del_premier_non_del_avant	1 DEL · DELTA ti=40 i0(43)+i1(97)+i2(30)+i25(16) · masque possible · pont ti=40 (= archetype lie)	1	1	1	0	5
60ae07c4	HI_1_8_0	reference	g2_del_premier_non_del_avant	1 DEL · DELTA ti=40 i0(43)+i1(97)+i2(30)+i3(2)+i25(15) · masque possible · pont ti=40 (= archetype lie)	1	1	1	0	7
60ae07c4	HI_1_8_0	reference	g2_del_premier_non_del_avant	1 DEL · DELTA ti=40 i0(43)+i1(97)+i2(30)+i3(2)+i25(2) · masque possible · pont ti=40 (= archetype lie)	1	1	1	0	7
60ae07c4	HI_1_8_0	reference	g2_del_premier_non_del_avant	1 DEL · DELTA ti=40 i0(43)+i1(97)+i2(30)+i3(2)+i25(24) · masque possible · pont ti=40 (= archetype lie)	3	3	3	0	22
60ae07c4	HI_1_8_0	reference	g2_del_premier_non_del_avant	1 DEL · DELTA ti=40 i0(43)+i1(97)+i2(8)+i3(29)+i25(10) · masque possible · pont ti=40 (= archetype lie)	1	1	1	0	7
60ae07c4	HI_1_8_0	reference	g2_del_premier_non_del_avant	1 DEL · DELTA ti=40 i0(43)+i1(97)+i25(10) · masque possible · pont ti=40 (= archetype lie)	7	7	7	0	54
60ae07c4	HI_1_8_0	reference	g2_del_premier_non_del_avant	1 DEL · DELTA ti=40 i0(43)+i1(97)+i25(13) · masque possible · pont ti=40 (= archetype lie)	1	1	1	0	8
60ae07c4	HI_1_8_0	reference	g2_del_premier_non_del_avant	1 DEL · DELTA ti=40 i0(43)+i1(97)+i25(15) · masque possible · pont ti=40 (= archetype lie)	1	1	1	0	8
60ae07c4	HI_1_8_0	reference	g2_del_premier_non_del_avant	1 DEL · DELTA ti=40 i0(43)+i1(97)+i25(2) · masque possible · pont ti=40 (= archetype lie)	1	1	1	0	6
60ae07c4	HI_1_8_0	reference	g2_del_premier_non_del_avant	1 DEL · DELTA ti=40 i0(43)+i1(97)+i3(29)+i25(15) · masque possible · pont ti=40 (= archetype lie)	2	2	2	0	14
60ae07c4	HI_1_8_0	reference	g2_del_premier_non_del_avant	1 DEL · DELTA ti=40 i0(43)+i1(97)+i3(29)+i25(16) · masque possible · pont ti=40 (= archetype lie)	1	1	1	0	9
60ae07c4	HI_1_8_0	reference	g2_del_premier_non_del_avant	1 DEL · DELTA ti=40 i0(43)+i1(97)+i3(29)+i25(2) · masque possible · pont ti=40 (= archetype lie)	1	1	1	0	8
60ae07c4	HI_1_8_0	reference	g2_del_premier_non_del_avant	1 DEL · DELTA ti=40 i0(43)+i2(193)+i3(29)+i25(23) · masque possible · pont ti=40 (= archetype lie)	1	1	1	0	8
60ae07c4	HI_1_8_0	reference	g2_del_premier_non_del_avant	1 DEL · DELTA ti=40 i0(43)+i2(193)+i3(97)+i25(15) · masque possible · pont ti=40 (= archetype lie)	1	1	1	0	8
60ae07c4	HI_1_8_0	reference	g2_del_premier_non_del_avant	1 DEL · NEW ti=1 i1(64)	1	1	1	0	4
60ae07c4	HI_1_8_0	reference	g2_del_premier_non_del_avant	1 DEL · NEW ti=11 i5(32)+i12(32)+i22(32)	1	1	1	0	5
60ae07c4	HI_1_8_0	reference	g2_del_premier_non_del_avant	1 DEL · NEW ti=16 aucun composant	1	1	1	0	9
60ae07c4	HI_1_8_0	reference	g2_del_premier_non_del_avant	1 DEL · NEW ti=17 i1(101)	1	1	1	0	6
60ae07c4	HI_1_8_0	reference	g2_del_premier_non_del_avant	1 DEL · NEW ti=21 i0(1)+i8(4)+i16(20)	1	1	1	0	9
60ae07c4	HI_1_8_0	reference	g2_del_premier_non_del_avant	1 DEL · NEW ti=22 aucun composant	1	1	1	0	7
60ae07c4	HI_1_8_0	reference	g2_del_premier_non_del_avant	1 DEL · NEW ti=32 aucun composant	1	1	1	0	8
60ae07c4	HI_1_8_0	reference	g2_del_premier_non_del_avant	1 DEL · NEW ti=36 i11(1)+i19(1)	1	1	1	0	8
60ae07c4	HI_1_8_0	reference	g2_del_premier_non_del_avant	1 DEL · NEW ti=42 i2(28)+i5(55)+i16(5)+i20(31)	1	1	1	0	1
60ae07c4	HI_1_8_0	reference	g2_del_premier_non_del_avant	2 DEL · DELTA ti=40 i0(43)+i1(31)+i12(49)+i25(2) · masque possible · pont ti=40 (= archetype lie)	3	3	3	0	18
60ae07c4	HI_1_8_0	reference	g2_del_premier_non_del_avant	2 DEL · DELTA ti=40 i0(43)+i1(31)+i2(13)+i3(29)+i25(14) · masque possible · pont ti=40 (= archetype lie)	3	3	3	0	22
60ae07c4	HI_1_8_0	reference	g2_del_premier_non_del_avant	2 DEL · DELTA ti=40 i0(43)+i1(31)+i2(193)+i3(29)+i25(2) · masque possible · pont ti=40 (= archetype lie)	2	2	2	0	17
60ae07c4	HI_1_8_0	reference	g2_del_premier_non_del_avant	2 DEL · DELTA ti=40 i0(43)+i1(31)+i2(30)+i3(2)+i25(15) · masque possible · pont ti=40 (= archetype lie)	1	1	1	0	6
60ae07c4	HI_1_8_0	reference	g2_del_premier_non_del_avant	2 DEL · DELTA ti=40 i0(43)+i1(31)+i2(30)+i3(97)+i25(2) · masque possible · pont ti=40 (= archetype lie)	1	1	1	0	8
60ae07c4	HI_1_8_0	reference	g2_del_premier_non_del_avant	2 DEL · DELTA ti=40 i0(43)+i1(31)+i2(8)+i3(29)+i25(7) · masque possible · pont ti=40 (= archetype lie)	1	1	1	0	8
60ae07c4	HI_1_8_0	reference	g2_del_premier_non_del_avant	2 DEL · DELTA ti=40 i0(43)+i1(97)+i2(193)+i3(29)+i12(1)+i25(10) · masque possible · pont ti=40 (= archetype lie)	1	1	1	0	6
60ae07c4	HI_1_8_0	reference	g2_del_premier_non_del_avant	2 DEL · DELTA ti=40 i0(43)+i1(97)+i2(193)+i3(97)+i12(49)+i25(32) · masque possible · pont ti=40 (= archetype lie)	1	1	1	0	4
60ae07c4	HI_1_8_0	reference	g2_del_premier_non_del_avant	2 DEL · DELTA ti=40 i0(43)+i1(97)+i2(24)+i3(2)+i25(10) · masque possible · pont ti=40 (= archetype lie)	1	1	1	0	9
60ae07c4	HI_1_8_0	reference	g2_del_premier_non_del_avant	2 DEL · DELTA ti=40 i0(43)+i1(97)+i2(30)+i25(24) · masque possible · pont ti=40 (= archetype lie)	1	1	1	0	6
60ae07c4	HI_1_8_0	reference	g2_del_premier_non_del_avant	2 DEL · DELTA ti=40 i0(43)+i1(97)+i2(30)+i3(2)+i25(2) · masque possible · pont ti=40 (= archetype lie)	1	1	1	0	8
60ae07c4	HI_1_8_0	reference	g2_del_premier_non_del_avant	2 DEL · DELTA ti=40 i0(43)+i1(97)+i2(30)+i3(29)+i25(2) · masque possible · pont ti=40 (= archetype lie)	1	1	1	0	8
60ae07c4	HI_1_8_0	reference	g2_del_premier_non_del_avant	2 DEL · DELTA ti=40 i0(43)+i1(97)+i2(4)+i3(97)+i25(6) · masque possible · pont ti=40 (= archetype lie)	2	2	2	0	12
60ae07c4	HI_1_8_0	reference	g2_del_premier_non_del_avant	2 DEL · DELTA ti=40 i0(43)+i1(97)+i2(8)+i3(97)+i25(7) · masque possible · pont ti=40 (= archetype lie)	1	1	1	0	8
60ae07c4	HI_1_8_0	reference	g2_del_premier_non_del_avant	2 DEL · DELTA ti=40 i0(43)+i1(97)+i3(29)+i25(5) · masque possible · pont ti=40 (= archetype lie)	1	1	1	0	5
60ae07c4	HI_1_8_0	reference	g2_del_premier_non_del_avant	2 DEL · DELTA ti=40 i0(43)+i25(10) · masque possible · pont ti=40 (= archetype lie)	3	3	3	0	24
60ae07c4	HI_1_8_0	reference	g2_del_premier_non_del_avant	2 DEL · DELTA ti=41 i0(41)+i1(30)+i2(28)+i20(9) · masque possible · pont ti=41 (= archetype lie)	1	1	1	0	8
60ae07c4	HI_1_8_0	reference	g2_del_premier_non_del_avant	3 DEL · DELTA ti=40 i0(43)+i1(31)+i3(97)+i25(16) · masque possible · pont ti=40 (= archetype lie)	1	1	1	0	6
60ae07c4	HI_1_8_0	reference	g2_del_premier_non_del_avant	3 DEL · DELTA ti=40 i0(43)+i1(97)+i2(8)+i3(29)+i25(10) · masque possible · pont ti=40 (= archetype lie)	1	1	1	0	6
60ae07c4	HI_1_8_0	reference	g3_ti14	masque 0x402000200 · aucun composant	1	1	1	0	6
60ae07c4	HI_1_8_0	reference	g3_ti14_pont	masque IMPOSSIBLE sous l archetype lie · pont : masque vide	1	1	1	0	6
60ae07c4	HI_1_8_0	reference	g4_ti41	masque 0x7 · i0(41)+i1(1)+i2(28)	3	3	3	0	22
60ae07c4	HI_1_8_0	reference	g4_ti41_pont	masque possible · pont ti=41 (= archetype lie)	3	3	3	0	22
60ae07c4	HI_1_8_0	reference	genre	DEL ti=0	178	178	178	0	960
60ae07c4	HI_1_8_0	reference	genre	DELTA ti=14	1	1	1	0	6
60ae07c4	HI_1_8_0	reference	genre	DELTA ti=41	3	3	3	0	22
60ae07c4	HI_1_8_0	reference	liaison_du_masque_impossible	image-cle ou joker · 1re image-cle du chunk : ti=14 · bloc : gen 1 (eid gen 2), vivante true	1	1	0	0	0
60ae07c4	HI_1_8_0	reference	liaison_du_masque_impossible	table de datums ou anticipation · slot non declare par la 1re image-cle du chunk · bloc : gen 0 (eid gen 1), vivante false	1	1	0	0	0
60ae07c4	HI_1_8_0	ti20 i0 cas 2 du jeu	g1_g3_slot	ti=14 slot 1352 gen 2 · archetypes declares au film [14]	1	1	1	0	6
60ae07c4	HI_1_8_0	ti20 i0 cas 2 du jeu	g2_del	eid du DEL : aucune allocation · lie au monde apres le paquet : false	167	167	167	0	879
60ae07c4	HI_1_8_0	ti20 i0 cas 2 du jeu	g2_del	eid du DEL : libere avant le chunk · lie au monde apres le paquet : false	4	4	4	0	29
60ae07c4	HI_1_8_0	ti20 i0 cas 2 du jeu	g2_del	eid du DEL : naissance non lue · lie au monde apres le paquet : false	5	5	5	0	39
60ae07c4	HI_1_8_0	ti20 i0 cas 2 du jeu	g2_del	eid du DEL : realloue sous une autre generation · lie au monde apres le paquet : false	1	1	1	0	9
60ae07c4	HI_1_8_0	ti20 i0 cas 2 du jeu	g2_del	eid du DEL : vivant au bloc du chunk · lie au monde apres le paquet : false	1	1	1	0	4
60ae07c4	HI_1_8_0	ti20 i0 cas 2 du jeu	g2_del_nombre_de_records	10 records lus	34	34	34	0	250
60ae07c4	HI_1_8_0	ti20 i0 cas 2 du jeu	g2_del_nombre_de_records	11 records lus	27	27	27	0	206
60ae07c4	HI_1_8_0	ti20 i0 cas 2 du jeu	g2_del_nombre_de_records	12 records lus	15	15	15	0	123
60ae07c4	HI_1_8_0	ti20 i0 cas 2 du jeu	g2_del_nombre_de_records	13 records lus	3	3	3	0	27
60ae07c4	HI_1_8_0	ti20 i0 cas 2 du jeu	g2_del_nombre_de_records	2 records lus	1	1	1	0	1
60ae07c4	HI_1_8_0	ti20 i0 cas 2 du jeu	g2_del_nombre_de_records	3 records lus	24	24	24	0	8
60ae07c4	HI_1_8_0	ti20 i0 cas 2 du jeu	g2_del_nombre_de_records	4 records lus	9	9	9	0	12
60ae07c4	HI_1_8_0	ti20 i0 cas 2 du jeu	g2_del_nombre_de_records	5 records lus	5	5	5	0	15
60ae07c4	HI_1_8_0	ti20 i0 cas 2 du jeu	g2_del_nombre_de_records	6 records lus	17	17	17	0	68
60ae07c4	HI_1_8_0	ti20 i0 cas 2 du jeu	g2_del_nombre_de_records	7 records lus	9	9	9	0	40
60ae07c4	HI_1_8_0	ti20 i0 cas 2 du jeu	g2_del_nombre_de_records	8 records lus	10	10	10	0	57
60ae07c4	HI_1_8_0	ti20 i0 cas 2 du jeu	g2_del_nombre_de_records	9 records lus	24	24	24	0	153
60ae07c4	HI_1_8_0	ti20 i0 cas 2 du jeu	g2_del_premier_non_del_avant	1 DEL · DELTA ti=21 i16(20) · masque possible · pont : masque vide	16	16	16	0	0
60ae07c4	HI_1_8_0	ti20 i0 cas 2 du jeu	g2_del_premier_non_del_avant	1 DEL · DELTA ti=35 i0(43)+i1(31)+i23(19)+i25(10)+i53(36)+i58(31) · masque possible · pont ti=35 (= archetype lie)	1	1	1	0	1
60ae07c4	HI_1_8_0	ti20 i0 cas 2 du jeu	g2_del_premier_non_del_avant	1 DEL · DELTA ti=35 i0(43)+i1(31)+i25(10)+i53(72) · masque possible · pont : masque vide	1	1	1	0	5
60ae07c4	HI_1_8_0	ti20 i0 cas 2 du jeu	g2_del_premier_non_del_avant	1 DEL · DELTA ti=35 i0(43)+i1(31)+i25(10)+i53(72) · masque possible · pont ti=35 (= archetype lie)	1	1	1	0	1
60ae07c4	HI_1_8_0	ti20 i0 cas 2 du jeu	g2_del_premier_non_del_avant	1 DEL · DELTA ti=35 i0(43)+i1(31)+i5(29)+i23(19)+i25(10)+i53(36)+i58(31) · masque possible · pont ti=35 (= archetype lie)	1	1	1	0	1
60ae07c4	HI_1_8_0	ti20 i0 cas 2 du jeu	g2_del_premier_non_del_avant	1 DEL · DELTA ti=35 i0(43)+i1(31)+i5(29)+i25(10)+i53(72) · masque possible · pont ti=35 (= archetype lie)	1	1	1	0	3
60ae07c4	HI_1_8_0	ti20 i0 cas 2 du jeu	g2_del_premier_non_del_avant	1 DEL · DELTA ti=35 i0(43)+i5(29)+i25(10)+i53(72) · masque possible · pont ti=35 (= archetype lie)	1	1	1	0	1
60ae07c4	HI_1_8_0	ti20 i0 cas 2 du jeu	g2_del_premier_non_del_avant	1 DEL · DELTA ti=37 i0(41)+i2(9)+i8(5)+i9(1) · masque IMPOSSIBLE sous l archetype lie · pont : masque vide	1	1	1	0	9
60ae07c4	HI_1_8_0	ti20 i0 cas 2 du jeu	g2_del_premier_non_del_avant	1 DEL · DELTA ti=40 i0(43)+i1(31)+i12(1)+i25(10) · masque possible · pont ti=40 (= archetype lie)	1	1	1	0	3
60ae07c4	HI_1_8_0	ti20 i0 cas 2 du jeu	g2_del_premier_non_del_avant	1 DEL · DELTA ti=40 i0(43)+i1(31)+i2(11)+i3(29)+i25(2) · masque possible · pont ti=40 (= archetype lie)	1	1	1	0	9
60ae07c4	HI_1_8_0	ti20 i0 cas 2 du jeu	g2_del_premier_non_del_avant	1 DEL · DELTA ti=40 i0(43)+i1(31)+i2(193)+i25(10) · masque possible · pont ti=40 (= archetype lie)	1	1	1	0	6
60ae07c4	HI_1_8_0	ti20 i0 cas 2 du jeu	g2_del_premier_non_del_avant	1 DEL · DELTA ti=40 i0(43)+i1(31)+i2(193)+i25(15) · masque possible · pont ti=40 (= archetype lie)	1	1	1	0	5
60ae07c4	HI_1_8_0	ti20 i0 cas 2 du jeu	g2_del_premier_non_del_avant	1 DEL · DELTA ti=40 i0(43)+i1(31)+i2(193)+i3(2)+i25(7) · masque possible · pont ti=40 (= archetype lie)	1	1	1	0	7
60ae07c4	HI_1_8_0	ti20 i0 cas 2 du jeu	g2_del_premier_non_del_avant	1 DEL · DELTA ti=40 i0(43)+i1(31)+i2(193)+i3(29)+i25(2) · masque possible · pont ti=40 (= archetype lie)	7	7	7	0	55
60ae07c4	HI_1_8_0	ti20 i0 cas 2 du jeu	g2_del_premier_non_del_avant	1 DEL · DELTA ti=40 i0(43)+i1(31)+i2(193)+i3(29)+i25(7) · masque possible · pont ti=40 (= archetype lie)	1	1	1	0	7
60ae07c4	HI_1_8_0	ti20 i0 cas 2 du jeu	g2_del_premier_non_del_avant	1 DEL · DELTA ti=40 i0(43)+i1(31)+i2(193)+i3(97)+i25(15) · masque possible · pont ti=40 (= archetype lie)	1	1	1	0	7
60ae07c4	HI_1_8_0	ti20 i0 cas 2 du jeu	g2_del_premier_non_del_avant	1 DEL · DELTA ti=40 i0(43)+i1(31)+i2(193)+i3(97)+i25(16) · masque possible · pont ti=40 (= archetype lie)	1	1	1	0	8
60ae07c4	HI_1_8_0	ti20 i0 cas 2 du jeu	g2_del_premier_non_del_avant	1 DEL · DELTA ti=40 i0(43)+i1(31)+i2(193)+i3(97)+i25(2) · masque possible · pont ti=40 (= archetype lie)	8	8	8	0	51
60ae07c4	HI_1_8_0	ti20 i0 cas 2 du jeu	g2_del_premier_non_del_avant	1 DEL · DELTA ti=40 i0(43)+i1(31)+i2(193)+i3(97)+i25(21) · masque possible · pont ti=40 (= archetype lie)	1	1	1	0	4
60ae07c4	HI_1_8_0	ti20 i0 cas 2 du jeu	g2_del_premier_non_del_avant	1 DEL · DELTA ti=40 i0(43)+i1(31)+i2(28)+i3(97)+i25(2) · masque possible · pont ti=40 (= archetype lie)	1	1	1	0	7
60ae07c4	HI_1_8_0	ti20 i0 cas 2 du jeu	g2_del_premier_non_del_avant	1 DEL · DELTA ti=40 i0(43)+i1(31)+i2(30)+i3(2)+i25(15) · masque possible · pont ti=40 (= archetype lie)	1	1	1	0	8
60ae07c4	HI_1_8_0	ti20 i0 cas 2 du jeu	g2_del_premier_non_del_avant	1 DEL · DELTA ti=40 i0(43)+i1(31)+i2(30)+i3(97)+i25(2) · masque possible · pont ti=40 (= archetype lie)	1	1	1	0	7
60ae07c4	HI_1_8_0	ti20 i0 cas 2 du jeu	g2_del_premier_non_del_avant	1 DEL · DELTA ti=40 i0(43)+i1(31)+i2(30)+i3(97)+i25(8) · masque possible · pont ti=40 (= archetype lie)	3	3	3	0	20
60ae07c4	HI_1_8_0	ti20 i0 cas 2 du jeu	g2_del_premier_non_del_avant	1 DEL · DELTA ti=40 i0(43)+i1(31)+i2(4)+i25(21) · masque possible · pont ti=40 (= archetype lie)	11	11	11	0	13
60ae07c4	HI_1_8_0	ti20 i0 cas 2 du jeu	g2_del_premier_non_del_avant	1 DEL · DELTA ti=40 i0(43)+i1(31)+i2(4)+i3(29)+i25(2) · masque possible · pont ti=40 (= archetype lie)	2	2	2	0	12
60ae07c4	HI_1_8_0	ti20 i0 cas 2 du jeu	g2_del_premier_non_del_avant	1 DEL · DELTA ti=40 i0(43)+i1(31)+i2(8)+i3(29)+i25(10) · masque possible · pont ti=40 (= archetype lie)	1	1	1	0	8
60ae07c4	HI_1_8_0	ti20 i0 cas 2 du jeu	g2_del_premier_non_del_avant	1 DEL · DELTA ti=40 i0(43)+i1(31)+i3(2)+i25(14) · masque possible · pont ti=40 (= archetype lie)	1	1	1	0	10
60ae07c4	HI_1_8_0	ti20 i0 cas 2 du jeu	g2_del_premier_non_del_avant	1 DEL · DELTA ti=40 i0(43)+i1(31)+i3(97)+i12(17)+i25(2) · masque possible · pont ti=40 (= archetype lie)	6	6	6	0	21
60ae07c4	HI_1_8_0	ti20 i0 cas 2 du jeu	g2_del_premier_non_del_avant	1 DEL · DELTA ti=40 i0(43)+i1(31)+i3(97)+i25(10) · masque possible · pont ti=40 (= archetype lie)	3	3	3	0	15
60ae07c4	HI_1_8_0	ti20 i0 cas 2 du jeu	g2_del_premier_non_del_avant	1 DEL · DELTA ti=40 i0(43)+i1(97)+i12(17)+i25(2) · masque possible · pont ti=40 (= archetype lie)	16	16	16	0	65
60ae07c4	HI_1_8_0	ti20 i0 cas 2 du jeu	g2_del_premier_non_del_avant	1 DEL · DELTA ti=40 i0(43)+i1(97)+i2(11)+i3(2)+i25(2) · masque possible · pont ti=40 (= archetype lie)	2	2	2	0	3
60ae07c4	HI_1_8_0	ti20 i0 cas 2 du jeu	g2_del_premier_non_del_avant	1 DEL · DELTA ti=40 i0(43)+i1(97)+i2(17)+i3(2)+i25(2) · masque possible · pont ti=40 (= archetype lie)	1	1	1	0	8
60ae07c4	HI_1_8_0	ti20 i0 cas 2 du jeu	g2_del_premier_non_del_avant	1 DEL · DELTA ti=40 i0(43)+i1(97)+i2(17)+i3(97)+i25(2) · masque possible · pont ti=40 (= archetype lie)	1	1	1	0	8
60ae07c4	HI_1_8_0	ti20 i0 cas 2 du jeu	g2_del_premier_non_del_avant	1 DEL · DELTA ti=40 i0(43)+i1(97)+i2(193)+i25(2) · masque possible · pont ti=40 (= archetype lie)	1	1	1	0	9
60ae07c4	HI_1_8_0	ti20 i0 cas 2 du jeu	g2_del_premier_non_del_avant	1 DEL · DELTA ti=40 i0(43)+i1(97)+i2(193)+i25(24) · masque possible · pont ti=40 (= archetype lie)	1	1	1	0	6
60ae07c4	HI_1_8_0	ti20 i0 cas 2 du jeu	g2_del_premier_non_del_avant	1 DEL · DELTA ti=40 i0(43)+i1(97)+i2(193)+i3(2)+i25(16) · masque possible · pont ti=40 (= archetype lie)	2	2	2	0	12
60ae07c4	HI_1_8_0	ti20 i0 cas 2 du jeu	g2_del_premier_non_del_avant	1 DEL · DELTA ti=40 i0(43)+i1(97)+i2(193)+i3(2)+i25(8) · masque possible · pont ti=40 (= archetype lie)	1	1	1	0	7
60ae07c4	HI_1_8_0	ti20 i0 cas 2 du jeu	g2_del_premier_non_del_avant	1 DEL · DELTA ti=40 i0(43)+i1(97)+i2(193)+i3(29)+i25(2) · masque possible · pont ti=40 (= archetype lie)	4	4	4	0	28
60ae07c4	HI_1_8_0	ti20 i0 cas 2 du jeu	g2_del_premier_non_del_avant	1 DEL · DELTA ti=40 i0(43)+i1(97)+i2(193)+i3(29)+i25(5) · masque possible · pont ti=40 (= archetype lie)	1	1	1	0	8
60ae07c4	HI_1_8_0	ti20 i0 cas 2 du jeu	g2_del_premier_non_del_avant	1 DEL · DELTA ti=40 i0(43)+i1(97)+i2(193)+i3(97)+i25(10) · masque possible · pont ti=40 (= archetype lie)	4	4	4	0	28
60ae07c4	HI_1_8_0	ti20 i0 cas 2 du jeu	g2_del_premier_non_del_avant	1 DEL · DELTA ti=40 i0(43)+i1(97)+i2(193)+i3(97)+i25(2) · masque possible · pont ti=40 (= archetype lie)	1	1	1	0	6
60ae07c4	HI_1_8_0	ti20 i0 cas 2 du jeu	g2_del_premier_non_del_avant	1 DEL · DELTA ti=40 i0(43)+i1(97)+i2(24)+i3(2)+i25(10) · masque possible · pont ti=40 (= archetype lie)	7	7	7	0	51
60ae07c4	HI_1_8_0	ti20 i0 cas 2 du jeu	g2_del_premier_non_del_avant	1 DEL · DELTA ti=40 i0(43)+i1(97)+i2(30)+i25(16) · masque possible · pont ti=40 (= archetype lie)	1	1	1	0	5
60ae07c4	HI_1_8_0	ti20 i0 cas 2 du jeu	g2_del_premier_non_del_avant	1 DEL · DELTA ti=40 i0(43)+i1(97)+i2(30)+i3(2)+i25(15) · masque possible · pont ti=40 (= archetype lie)	1	1	1	0	7
60ae07c4	HI_1_8_0	ti20 i0 cas 2 du jeu	g2_del_premier_non_del_avant	1 DEL · DELTA ti=40 i0(43)+i1(97)+i2(30)+i3(2)+i25(2) · masque possible · pont ti=40 (= archetype lie)	1	1	1	0	7
60ae07c4	HI_1_8_0	ti20 i0 cas 2 du jeu	g2_del_premier_non_del_avant	1 DEL · DELTA ti=40 i0(43)+i1(97)+i2(30)+i3(2)+i25(24) · masque possible · pont ti=40 (= archetype lie)	3	3	3	0	22
60ae07c4	HI_1_8_0	ti20 i0 cas 2 du jeu	g2_del_premier_non_del_avant	1 DEL · DELTA ti=40 i0(43)+i1(97)+i2(8)+i3(29)+i25(10) · masque possible · pont ti=40 (= archetype lie)	1	1	1	0	7
60ae07c4	HI_1_8_0	ti20 i0 cas 2 du jeu	g2_del_premier_non_del_avant	1 DEL · DELTA ti=40 i0(43)+i1(97)+i25(10) · masque possible · pont ti=40 (= archetype lie)	7	7	7	0	54
60ae07c4	HI_1_8_0	ti20 i0 cas 2 du jeu	g2_del_premier_non_del_avant	1 DEL · DELTA ti=40 i0(43)+i1(97)+i25(13) · masque possible · pont ti=40 (= archetype lie)	1	1	1	0	8
60ae07c4	HI_1_8_0	ti20 i0 cas 2 du jeu	g2_del_premier_non_del_avant	1 DEL · DELTA ti=40 i0(43)+i1(97)+i25(15) · masque possible · pont ti=40 (= archetype lie)	1	1	1	0	8
60ae07c4	HI_1_8_0	ti20 i0 cas 2 du jeu	g2_del_premier_non_del_avant	1 DEL · DELTA ti=40 i0(43)+i1(97)+i25(2) · masque possible · pont ti=40 (= archetype lie)	1	1	1	0	6
60ae07c4	HI_1_8_0	ti20 i0 cas 2 du jeu	g2_del_premier_non_del_avant	1 DEL · DELTA ti=40 i0(43)+i1(97)+i3(29)+i25(15) · masque possible · pont ti=40 (= archetype lie)	2	2	2	0	14
60ae07c4	HI_1_8_0	ti20 i0 cas 2 du jeu	g2_del_premier_non_del_avant	1 DEL · DELTA ti=40 i0(43)+i1(97)+i3(29)+i25(16) · masque possible · pont ti=40 (= archetype lie)	1	1	1	0	9
60ae07c4	HI_1_8_0	ti20 i0 cas 2 du jeu	g2_del_premier_non_del_avant	1 DEL · DELTA ti=40 i0(43)+i1(97)+i3(29)+i25(2) · masque possible · pont ti=40 (= archetype lie)	1	1	1	0	8
60ae07c4	HI_1_8_0	ti20 i0 cas 2 du jeu	g2_del_premier_non_del_avant	1 DEL · DELTA ti=40 i0(43)+i2(193)+i3(29)+i25(23) · masque possible · pont ti=40 (= archetype lie)	1	1	1	0	8
60ae07c4	HI_1_8_0	ti20 i0 cas 2 du jeu	g2_del_premier_non_del_avant	1 DEL · DELTA ti=40 i0(43)+i2(193)+i3(97)+i25(15) · masque possible · pont ti=40 (= archetype lie)	1	1	1	0	8
60ae07c4	HI_1_8_0	ti20 i0 cas 2 du jeu	g2_del_premier_non_del_avant	1 DEL · NEW ti=1 i1(64)	1	1	1	0	4
60ae07c4	HI_1_8_0	ti20 i0 cas 2 du jeu	g2_del_premier_non_del_avant	1 DEL · NEW ti=11 i5(32)+i12(32)+i22(32)	1	1	1	0	5
60ae07c4	HI_1_8_0	ti20 i0 cas 2 du jeu	g2_del_premier_non_del_avant	1 DEL · NEW ti=16 aucun composant	1	1	1	0	9
60ae07c4	HI_1_8_0	ti20 i0 cas 2 du jeu	g2_del_premier_non_del_avant	1 DEL · NEW ti=17 i1(101)	1	1	1	0	6
60ae07c4	HI_1_8_0	ti20 i0 cas 2 du jeu	g2_del_premier_non_del_avant	1 DEL · NEW ti=21 i0(1)+i8(4)+i16(20)	1	1	1	0	9
60ae07c4	HI_1_8_0	ti20 i0 cas 2 du jeu	g2_del_premier_non_del_avant	1 DEL · NEW ti=22 aucun composant	1	1	1	0	7
60ae07c4	HI_1_8_0	ti20 i0 cas 2 du jeu	g2_del_premier_non_del_avant	1 DEL · NEW ti=32 aucun composant	1	1	1	0	8
60ae07c4	HI_1_8_0	ti20 i0 cas 2 du jeu	g2_del_premier_non_del_avant	1 DEL · NEW ti=36 i11(1)+i19(1)	1	1	1	0	8
60ae07c4	HI_1_8_0	ti20 i0 cas 2 du jeu	g2_del_premier_non_del_avant	1 DEL · NEW ti=42 i2(28)+i5(55)+i16(5)+i20(31)	1	1	1	0	1
60ae07c4	HI_1_8_0	ti20 i0 cas 2 du jeu	g2_del_premier_non_del_avant	2 DEL · DELTA ti=40 i0(43)+i1(31)+i12(49)+i25(2) · masque possible · pont ti=40 (= archetype lie)	3	3	3	0	18
60ae07c4	HI_1_8_0	ti20 i0 cas 2 du jeu	g2_del_premier_non_del_avant	2 DEL · DELTA ti=40 i0(43)+i1(31)+i2(13)+i3(29)+i25(14) · masque possible · pont ti=40 (= archetype lie)	3	3	3	0	22
60ae07c4	HI_1_8_0	ti20 i0 cas 2 du jeu	g2_del_premier_non_del_avant	2 DEL · DELTA ti=40 i0(43)+i1(31)+i2(193)+i3(29)+i25(2) · masque possible · pont ti=40 (= archetype lie)	2	2	2	0	17
60ae07c4	HI_1_8_0	ti20 i0 cas 2 du jeu	g2_del_premier_non_del_avant	2 DEL · DELTA ti=40 i0(43)+i1(31)+i2(30)+i3(2)+i25(15) · masque possible · pont ti=40 (= archetype lie)	1	1	1	0	6
60ae07c4	HI_1_8_0	ti20 i0 cas 2 du jeu	g2_del_premier_non_del_avant	2 DEL · DELTA ti=40 i0(43)+i1(31)+i2(30)+i3(97)+i25(2) · masque possible · pont ti=40 (= archetype lie)	1	1	1	0	8
60ae07c4	HI_1_8_0	ti20 i0 cas 2 du jeu	g2_del_premier_non_del_avant	2 DEL · DELTA ti=40 i0(43)+i1(31)+i2(8)+i3(29)+i25(7) · masque possible · pont ti=40 (= archetype lie)	1	1	1	0	8
60ae07c4	HI_1_8_0	ti20 i0 cas 2 du jeu	g2_del_premier_non_del_avant	2 DEL · DELTA ti=40 i0(43)+i1(97)+i2(193)+i3(29)+i12(1)+i25(10) · masque possible · pont ti=40 (= archetype lie)	1	1	1	0	6
60ae07c4	HI_1_8_0	ti20 i0 cas 2 du jeu	g2_del_premier_non_del_avant	2 DEL · DELTA ti=40 i0(43)+i1(97)+i2(193)+i3(97)+i12(49)+i25(32) · masque possible · pont ti=40 (= archetype lie)	1	1	1	0	4
60ae07c4	HI_1_8_0	ti20 i0 cas 2 du jeu	g2_del_premier_non_del_avant	2 DEL · DELTA ti=40 i0(43)+i1(97)+i2(24)+i3(2)+i25(10) · masque possible · pont ti=40 (= archetype lie)	1	1	1	0	9
60ae07c4	HI_1_8_0	ti20 i0 cas 2 du jeu	g2_del_premier_non_del_avant	2 DEL · DELTA ti=40 i0(43)+i1(97)+i2(30)+i25(24) · masque possible · pont ti=40 (= archetype lie)	1	1	1	0	6
60ae07c4	HI_1_8_0	ti20 i0 cas 2 du jeu	g2_del_premier_non_del_avant	2 DEL · DELTA ti=40 i0(43)+i1(97)+i2(30)+i3(2)+i25(2) · masque possible · pont ti=40 (= archetype lie)	1	1	1	0	8
60ae07c4	HI_1_8_0	ti20 i0 cas 2 du jeu	g2_del_premier_non_del_avant	2 DEL · DELTA ti=40 i0(43)+i1(97)+i2(30)+i3(29)+i25(2) · masque possible · pont ti=40 (= archetype lie)	1	1	1	0	8
60ae07c4	HI_1_8_0	ti20 i0 cas 2 du jeu	g2_del_premier_non_del_avant	2 DEL · DELTA ti=40 i0(43)+i1(97)+i2(4)+i3(97)+i25(6) · masque possible · pont ti=40 (= archetype lie)	2	2	2	0	12
60ae07c4	HI_1_8_0	ti20 i0 cas 2 du jeu	g2_del_premier_non_del_avant	2 DEL · DELTA ti=40 i0(43)+i1(97)+i2(8)+i3(97)+i25(7) · masque possible · pont ti=40 (= archetype lie)	1	1	1	0	8
60ae07c4	HI_1_8_0	ti20 i0 cas 2 du jeu	g2_del_premier_non_del_avant	2 DEL · DELTA ti=40 i0(43)+i1(97)+i3(29)+i25(5) · masque possible · pont ti=40 (= archetype lie)	1	1	1	0	5
60ae07c4	HI_1_8_0	ti20 i0 cas 2 du jeu	g2_del_premier_non_del_avant	2 DEL · DELTA ti=40 i0(43)+i25(10) · masque possible · pont ti=40 (= archetype lie)	3	3	3	0	24
60ae07c4	HI_1_8_0	ti20 i0 cas 2 du jeu	g2_del_premier_non_del_avant	2 DEL · DELTA ti=41 i0(41)+i1(30)+i2(28)+i20(9) · masque possible · pont ti=41 (= archetype lie)	1	1	1	0	8
60ae07c4	HI_1_8_0	ti20 i0 cas 2 du jeu	g2_del_premier_non_del_avant	3 DEL · DELTA ti=40 i0(43)+i1(31)+i3(97)+i25(16) · masque possible · pont ti=40 (= archetype lie)	1	1	1	0	6
60ae07c4	HI_1_8_0	ti20 i0 cas 2 du jeu	g2_del_premier_non_del_avant	3 DEL · DELTA ti=40 i0(43)+i1(97)+i2(8)+i3(29)+i25(10) · masque possible · pont ti=40 (= archetype lie)	1	1	1	0	6
60ae07c4	HI_1_8_0	ti20 i0 cas 2 du jeu	g3_ti14	masque 0x402000200 · aucun composant	1	1	1	0	6
60ae07c4	HI_1_8_0	ti20 i0 cas 2 du jeu	g3_ti14_pont	masque IMPOSSIBLE sous l archetype lie · pont : masque vide	1	1	1	0	6
60ae07c4	HI_1_8_0	ti20 i0 cas 2 du jeu	g4_ti41	masque 0x7 · i0(41)+i1(1)+i2(28)	3	3	3	0	22
60ae07c4	HI_1_8_0	ti20 i0 cas 2 du jeu	g4_ti41_pont	masque possible · pont ti=41 (= archetype lie)	3	3	3	0	22
60ae07c4	HI_1_8_0	ti20 i0 cas 2 du jeu	genre	DEL ti=0	178	178	178	0	960
60ae07c4	HI_1_8_0	ti20 i0 cas 2 du jeu	genre	DELTA ti=14	1	1	1	0	6
60ae07c4	HI_1_8_0	ti20 i0 cas 2 du jeu	genre	DELTA ti=41	3	3	3	0	22
60ae07c4	HI_1_8_0	ti20 i0 cas 2 du jeu	liaison_du_masque_impossible	image-cle ou joker · 1re image-cle du chunk : ti=14 · bloc : gen 1 (eid gen 2), vivante true	1	1	0	0	0
60ae07c4	HI_1_8_0	ti20 i0 cas 2 du jeu	liaison_du_masque_impossible	table de datums ou anticipation · slot non declare par la 1re image-cle du chunk · bloc : gen 0 (eid gen 1), vivante false	1	1	0	0	0
a349fea8	version-33	desaveu NEW a masque impossible	g2_del	eid du DEL : aucune allocation · lie au monde apres le paquet : false	12	12	12	0	29
a349fea8	version-33	desaveu NEW a masque impossible	g2_del	eid du DEL : realloue sous une autre generation · lie au monde apres le paquet : false	3	3	3	0	1
a349fea8	version-33	desaveu NEW a masque impossible	g2_del	eid du DEL : vivant au bloc du chunk · lie au monde apres le paquet : false	3	3	3	0	30
a349fea8	version-33	desaveu NEW a masque impossible	g2_del_nombre_de_records	13 records lus	1	1	1	0	10
a349fea8	version-33	desaveu NEW a masque impossible	g2_del_nombre_de_records	19 records lus	1	1	1	0	17
a349fea8	version-33	desaveu NEW a masque impossible	g2_del_nombre_de_records	2 records lus	4	4	4	0	1
a349fea8	version-33	desaveu NEW a masque impossible	g2_del_nombre_de_records	3 records lus	2	2	2	0	1
a349fea8	version-33	desaveu NEW a masque impossible	g2_del_nombre_de_records	4 records lus	4	4	4	0	0
a349fea8	version-33	desaveu NEW a masque impossible	g2_del_nombre_de_records	42 records lus	1	1	1	0	30
a349fea8	version-33	desaveu NEW a masque impossible	g2_del_nombre_de_records	5 records lus	5	5	5	0	1
a349fea8	version-33	desaveu NEW a masque impossible	g2_del_premier_non_del_avant	1 DEL · DELTA ti=21 i16(20) · masque possible · pont ti=21 (= archetype lie)	2	2	2	0	0
a349fea8	version-33	desaveu NEW a masque impossible	g2_del_premier_non_del_avant	1 DEL · DELTA ti=35 i0(56)+i1(31)+i21(25)+i25(10)+i53(36) · masque possible · pont ti=35 (= archetype lie)	1	1	1	0	1
a349fea8	version-33	desaveu NEW a masque impossible	g2_del_premier_non_del_avant	1 DEL · DELTA ti=35 i0(56)+i1(31)+i25(10)+i53(36) · masque possible · pont : masque vide	1	1	1	0	17
a349fea8	version-33	desaveu NEW a masque impossible	g2_del_premier_non_del_avant	1 DEL · DELTA ti=35 i5(29)+i21(25)+i25(10)+i53(44) · masque possible · pont ti=35 (= archetype lie)	1	1	1	0	10
a349fea8	version-33	desaveu NEW a masque impossible	g2_del_premier_non_del_avant	1 DEL · NEW ti=0 aucun composant	2	2	2	0	0
a349fea8	version-33	desaveu NEW a masque impossible	g2_del_premier_non_del_avant	1 DEL · NEW ti=35 aucun composant	1	1	1	0	30
a349fea8	version-33	desaveu NEW a masque impossible	g2_del_premier_non_del_avant	1 DEL · NEW ti=37 i10(9)	1	1	1	0	0
a349fea8	version-33	desaveu NEW a masque impossible	g2_del_premier_non_del_avant	1 DEL · NEW ti=41 i0(60)+i3(28)+i4(11)+i10(3)+i17(52)	1	1	1	0	1
a349fea8	version-33	desaveu NEW a masque impossible	g2_del_premier_non_del_avant	1 DEL · NEW ti=41 i4(11)	1	1	1	0	0
a349fea8	version-33	desaveu NEW a masque impossible	g2_del_premier_non_del_avant	1 DEL · NEW ti=42 aucun composant	1	1	1	0	0
a349fea8	version-33	desaveu NEW a masque impossible	g2_del_premier_non_del_avant	1 DEL · NEW ti=5 i0(3)	2	2	2	0	0
a349fea8	version-33	desaveu NEW a masque impossible	g2_del_premier_non_del_avant	2 DEL · DELTA ti=21 i16(20) · masque possible · pont ti=21 (= archetype lie)	2	2	2	0	0
a349fea8	version-33	desaveu NEW a masque impossible	g2_del_premier_non_del_avant	2 DEL · DELTA ti=35 i0(57)+i1(97)+i2(9)+i6(7)+i7(189)+i10(117)+i11(165)+i13(51)+i18(34)+i21(49)+i22(19)+i29(11)+i33(22)+i37(11)+i38(9)+i39(22)+i40(11)+i42(9)+i43(222)+i45(198)+i55(5)+i56(3)+i61(1) · masque possible · pont ti=35 (= archetype lie)	1	1	1	0	1
a349fea8	version-33	desaveu NEW a masque impossible	g2_del_premier_non_del_avant	3 DEL · DELTA ti=21 i16(20) · masque possible · pont ti=21 (= archetype lie)	1	1	1	0	0
a349fea8	version-33	desaveu NEW a masque impossible	genre	DEL ti=0	18	18	18	0	60
a349fea8	version-33	desaveu des deux	g2_del	eid du DEL : aucune allocation · lie au monde apres le paquet : false	12	12	12	0	29
a349fea8	version-33	desaveu des deux	g2_del	eid du DEL : realloue sous une autre generation · lie au monde apres le paquet : false	3	3	3	0	1
a349fea8	version-33	desaveu des deux	g2_del	eid du DEL : vivant au bloc du chunk · lie au monde apres le paquet : false	3	3	3	0	30
a349fea8	version-33	desaveu des deux	g2_del_nombre_de_records	13 records lus	1	1	1	0	10
a349fea8	version-33	desaveu des deux	g2_del_nombre_de_records	19 records lus	1	1	1	0	17
a349fea8	version-33	desaveu des deux	g2_del_nombre_de_records	2 records lus	4	4	4	0	1
a349fea8	version-33	desaveu des deux	g2_del_nombre_de_records	3 records lus	2	2	2	0	1
a349fea8	version-33	desaveu des deux	g2_del_nombre_de_records	4 records lus	4	4	4	0	0
a349fea8	version-33	desaveu des deux	g2_del_nombre_de_records	42 records lus	1	1	1	0	30
a349fea8	version-33	desaveu des deux	g2_del_nombre_de_records	5 records lus	5	5	5	0	1
a349fea8	version-33	desaveu des deux	g2_del_premier_non_del_avant	1 DEL · DELTA ti=21 i16(20) · masque possible · pont ti=21 (= archetype lie)	2	2	2	0	0
a349fea8	version-33	desaveu des deux	g2_del_premier_non_del_avant	1 DEL · DELTA ti=35 i0(56)+i1(31)+i21(25)+i25(10)+i53(36) · masque possible · pont ti=35 (= archetype lie)	1	1	1	0	1
a349fea8	version-33	desaveu des deux	g2_del_premier_non_del_avant	1 DEL · DELTA ti=35 i0(56)+i1(31)+i25(10)+i53(36) · masque possible · pont : masque vide	1	1	1	0	17
a349fea8	version-33	desaveu des deux	g2_del_premier_non_del_avant	1 DEL · DELTA ti=35 i5(29)+i21(25)+i25(10)+i53(44) · masque possible · pont ti=35 (= archetype lie)	1	1	1	0	10
a349fea8	version-33	desaveu des deux	g2_del_premier_non_del_avant	1 DEL · NEW ti=0 aucun composant	2	2	2	0	0
a349fea8	version-33	desaveu des deux	g2_del_premier_non_del_avant	1 DEL · NEW ti=35 aucun composant	1	1	1	0	30
a349fea8	version-33	desaveu des deux	g2_del_premier_non_del_avant	1 DEL · NEW ti=37 i10(9)	1	1	1	0	0
a349fea8	version-33	desaveu des deux	g2_del_premier_non_del_avant	1 DEL · NEW ti=41 i0(60)+i3(28)+i4(11)+i10(3)+i17(52)	1	1	1	0	1
a349fea8	version-33	desaveu des deux	g2_del_premier_non_del_avant	1 DEL · NEW ti=41 i4(11)	1	1	1	0	0
a349fea8	version-33	desaveu des deux	g2_del_premier_non_del_avant	1 DEL · NEW ti=42 aucun composant	1	1	1	0	0
a349fea8	version-33	desaveu des deux	g2_del_premier_non_del_avant	1 DEL · NEW ti=5 i0(3)	2	2	2	0	0
a349fea8	version-33	desaveu des deux	g2_del_premier_non_del_avant	2 DEL · DELTA ti=21 i16(20) · masque possible · pont ti=21 (= archetype lie)	2	2	2	0	0
a349fea8	version-33	desaveu des deux	g2_del_premier_non_del_avant	2 DEL · DELTA ti=35 i0(57)+i1(97)+i2(9)+i6(7)+i7(189)+i10(117)+i11(165)+i13(51)+i18(34)+i21(49)+i22(19)+i29(11)+i33(22)+i37(11)+i38(9)+i39(22)+i40(11)+i42(9)+i43(222)+i45(198)+i55(5)+i56(3)+i61(1) · masque possible · pont ti=35 (= archetype lie)	1	1	1	0	1
a349fea8	version-33	desaveu des deux	g2_del_premier_non_del_avant	3 DEL · DELTA ti=21 i16(20) · masque possible · pont ti=21 (= archetype lie)	1	1	1	0	0
a349fea8	version-33	desaveu des deux	genre	DEL ti=0	18	18	18	0	60
a349fea8	version-33	desaveu image-cle hors bloc	g2_del	eid du DEL : aucune allocation · lie au monde apres le paquet : false	12	12	12	0	29
a349fea8	version-33	desaveu image-cle hors bloc	g2_del	eid du DEL : realloue sous une autre generation · lie au monde apres le paquet : false	3	3	3	0	1
a349fea8	version-33	desaveu image-cle hors bloc	g2_del	eid du DEL : vivant au bloc du chunk · lie au monde apres le paquet : false	3	3	3	0	30
a349fea8	version-33	desaveu image-cle hors bloc	g2_del_nombre_de_records	13 records lus	1	1	1	0	10
a349fea8	version-33	desaveu image-cle hors bloc	g2_del_nombre_de_records	19 records lus	1	1	1	0	17
a349fea8	version-33	desaveu image-cle hors bloc	g2_del_nombre_de_records	2 records lus	4	4	4	0	1
a349fea8	version-33	desaveu image-cle hors bloc	g2_del_nombre_de_records	3 records lus	2	2	2	0	1
a349fea8	version-33	desaveu image-cle hors bloc	g2_del_nombre_de_records	4 records lus	4	4	4	0	0
a349fea8	version-33	desaveu image-cle hors bloc	g2_del_nombre_de_records	42 records lus	1	1	1	0	30
a349fea8	version-33	desaveu image-cle hors bloc	g2_del_nombre_de_records	5 records lus	5	5	5	0	1
a349fea8	version-33	desaveu image-cle hors bloc	g2_del_premier_non_del_avant	1 DEL · DELTA ti=21 i16(20) · masque possible · pont ti=21 (= archetype lie)	2	2	2	0	0
a349fea8	version-33	desaveu image-cle hors bloc	g2_del_premier_non_del_avant	1 DEL · DELTA ti=35 i0(56)+i1(31)+i21(25)+i25(10)+i53(36) · masque possible · pont ti=35 (= archetype lie)	1	1	1	0	1
a349fea8	version-33	desaveu image-cle hors bloc	g2_del_premier_non_del_avant	1 DEL · DELTA ti=35 i0(56)+i1(31)+i25(10)+i53(36) · masque possible · pont : masque vide	1	1	1	0	17
a349fea8	version-33	desaveu image-cle hors bloc	g2_del_premier_non_del_avant	1 DEL · DELTA ti=35 i5(29)+i21(25)+i25(10)+i53(44) · masque possible · pont ti=35 (= archetype lie)	1	1	1	0	10
a349fea8	version-33	desaveu image-cle hors bloc	g2_del_premier_non_del_avant	1 DEL · NEW ti=0 aucun composant	2	2	2	0	0
a349fea8	version-33	desaveu image-cle hors bloc	g2_del_premier_non_del_avant	1 DEL · NEW ti=35 aucun composant	1	1	1	0	30
a349fea8	version-33	desaveu image-cle hors bloc	g2_del_premier_non_del_avant	1 DEL · NEW ti=37 i10(9)	1	1	1	0	0
a349fea8	version-33	desaveu image-cle hors bloc	g2_del_premier_non_del_avant	1 DEL · NEW ti=41 i0(60)+i3(28)+i4(11)+i10(3)+i17(52)	1	1	1	0	1
a349fea8	version-33	desaveu image-cle hors bloc	g2_del_premier_non_del_avant	1 DEL · NEW ti=41 i4(11)	1	1	1	0	0
a349fea8	version-33	desaveu image-cle hors bloc	g2_del_premier_non_del_avant	1 DEL · NEW ti=42 aucun composant	1	1	1	0	0
a349fea8	version-33	desaveu image-cle hors bloc	g2_del_premier_non_del_avant	1 DEL · NEW ti=5 i0(3)	2	2	2	0	0
a349fea8	version-33	desaveu image-cle hors bloc	g2_del_premier_non_del_avant	2 DEL · DELTA ti=21 i16(20) · masque possible · pont ti=21 (= archetype lie)	2	2	2	0	0
a349fea8	version-33	desaveu image-cle hors bloc	g2_del_premier_non_del_avant	2 DEL · DELTA ti=35 i0(57)+i1(97)+i2(9)+i6(7)+i7(189)+i10(117)+i11(165)+i13(51)+i18(34)+i21(49)+i22(19)+i29(11)+i33(22)+i37(11)+i38(9)+i39(22)+i40(11)+i42(9)+i43(222)+i45(198)+i55(5)+i56(3)+i61(1) · masque possible · pont ti=35 (= archetype lie)	1	1	1	0	1
a349fea8	version-33	desaveu image-cle hors bloc	g2_del_premier_non_del_avant	3 DEL · DELTA ti=21 i16(20) · masque possible · pont ti=21 (= archetype lie)	1	1	1	0	0
a349fea8	version-33	desaveu image-cle hors bloc	genre	DEL ti=0	18	18	18	0	60
a349fea8	version-33	oracle archetype force ti=35	g2_del	eid du DEL : aucune allocation · lie au monde apres le paquet : false	12	12	12	0	29
a349fea8	version-33	oracle archetype force ti=35	g2_del	eid du DEL : realloue sous une autre generation · lie au monde apres le paquet : false	3	3	3	0	1
a349fea8	version-33	oracle archetype force ti=35	g2_del	eid du DEL : vivant au bloc du chunk · lie au monde apres le paquet : false	3	3	3	0	30
a349fea8	version-33	oracle archetype force ti=35	g2_del_nombre_de_records	13 records lus	1	1	1	0	10
a349fea8	version-33	oracle archetype force ti=35	g2_del_nombre_de_records	19 records lus	1	1	1	0	17
a349fea8	version-33	oracle archetype force ti=35	g2_del_nombre_de_records	2 records lus	4	4	4	0	1
a349fea8	version-33	oracle archetype force ti=35	g2_del_nombre_de_records	3 records lus	2	2	2	0	1
a349fea8	version-33	oracle archetype force ti=35	g2_del_nombre_de_records	4 records lus	4	4	4	0	0
a349fea8	version-33	oracle archetype force ti=35	g2_del_nombre_de_records	42 records lus	1	1	1	0	30
a349fea8	version-33	oracle archetype force ti=35	g2_del_nombre_de_records	5 records lus	5	5	5	0	1
a349fea8	version-33	oracle archetype force ti=35	g2_del_premier_non_del_avant	1 DEL · DELTA ti=21 i16(20) · masque possible · pont ti=21 (= archetype lie)	2	2	2	0	0
a349fea8	version-33	oracle archetype force ti=35	g2_del_premier_non_del_avant	1 DEL · DELTA ti=35 i0(56)+i1(31)+i21(25)+i25(10)+i53(36) · masque possible · pont ti=35 (= archetype lie)	1	1	1	0	1
a349fea8	version-33	oracle archetype force ti=35	g2_del_premier_non_del_avant	1 DEL · DELTA ti=35 i0(56)+i1(31)+i25(10)+i53(36) · masque possible · pont : masque vide	1	1	1	0	17
a349fea8	version-33	oracle archetype force ti=35	g2_del_premier_non_del_avant	1 DEL · DELTA ti=35 i5(29)+i21(25)+i25(10)+i53(44) · masque possible · pont ti=35 (= archetype lie)	1	1	1	0	10
a349fea8	version-33	oracle archetype force ti=35	g2_del_premier_non_del_avant	1 DEL · NEW ti=0 aucun composant	2	2	2	0	0
a349fea8	version-33	oracle archetype force ti=35	g2_del_premier_non_del_avant	1 DEL · NEW ti=35 aucun composant	1	1	1	0	30
a349fea8	version-33	oracle archetype force ti=35	g2_del_premier_non_del_avant	1 DEL · NEW ti=37 i10(9)	1	1	1	0	0
a349fea8	version-33	oracle archetype force ti=35	g2_del_premier_non_del_avant	1 DEL · NEW ti=41 i0(60)+i3(28)+i4(11)+i10(3)+i17(52)	1	1	1	0	1
a349fea8	version-33	oracle archetype force ti=35	g2_del_premier_non_del_avant	1 DEL · NEW ti=41 i4(11)	1	1	1	0	0
a349fea8	version-33	oracle archetype force ti=35	g2_del_premier_non_del_avant	1 DEL · NEW ti=42 aucun composant	1	1	1	0	0
a349fea8	version-33	oracle archetype force ti=35	g2_del_premier_non_del_avant	1 DEL · NEW ti=5 i0(3)	2	2	2	0	0
a349fea8	version-33	oracle archetype force ti=35	g2_del_premier_non_del_avant	2 DEL · DELTA ti=21 i16(20) · masque possible · pont ti=21 (= archetype lie)	2	2	2	0	0
a349fea8	version-33	oracle archetype force ti=35	g2_del_premier_non_del_avant	2 DEL · DELTA ti=35 i0(57)+i1(97)+i2(9)+i6(7)+i7(189)+i10(117)+i11(165)+i13(51)+i18(34)+i21(49)+i22(19)+i29(11)+i33(22)+i37(11)+i38(9)+i39(22)+i40(11)+i42(9)+i43(222)+i45(198)+i55(5)+i56(3)+i61(1) · masque possible · pont ti=35 (= archetype lie)	1	1	1	0	1
a349fea8	version-33	oracle archetype force ti=35	g2_del_premier_non_del_avant	3 DEL · DELTA ti=21 i16(20) · masque possible · pont ti=21 (= archetype lie)	1	1	1	0	0
a349fea8	version-33	oracle archetype force ti=35	genre	DEL ti=0	18	18	18	0	60
a349fea8	version-33	oracle archetype force ti=40	g2_del	eid du DEL : aucune allocation · lie au monde apres le paquet : false	12	12	12	0	29
a349fea8	version-33	oracle archetype force ti=40	g2_del	eid du DEL : realloue sous une autre generation · lie au monde apres le paquet : false	3	3	3	0	1
a349fea8	version-33	oracle archetype force ti=40	g2_del	eid du DEL : vivant au bloc du chunk · lie au monde apres le paquet : false	3	3	3	0	30
a349fea8	version-33	oracle archetype force ti=40	g2_del_nombre_de_records	13 records lus	1	1	1	0	10
a349fea8	version-33	oracle archetype force ti=40	g2_del_nombre_de_records	19 records lus	1	1	1	0	17
a349fea8	version-33	oracle archetype force ti=40	g2_del_nombre_de_records	2 records lus	4	4	4	0	1
a349fea8	version-33	oracle archetype force ti=40	g2_del_nombre_de_records	3 records lus	2	2	2	0	1
a349fea8	version-33	oracle archetype force ti=40	g2_del_nombre_de_records	4 records lus	4	4	4	0	0
a349fea8	version-33	oracle archetype force ti=40	g2_del_nombre_de_records	42 records lus	1	1	1	0	30
a349fea8	version-33	oracle archetype force ti=40	g2_del_nombre_de_records	5 records lus	5	5	5	0	1
a349fea8	version-33	oracle archetype force ti=40	g2_del_premier_non_del_avant	1 DEL · DELTA ti=21 i16(20) · masque possible · pont ti=21 (= archetype lie)	2	2	2	0	0
a349fea8	version-33	oracle archetype force ti=40	g2_del_premier_non_del_avant	1 DEL · DELTA ti=35 i0(56)+i1(31)+i21(25)+i25(10)+i53(36) · masque possible · pont ti=35 (= archetype lie)	1	1	1	0	1
a349fea8	version-33	oracle archetype force ti=40	g2_del_premier_non_del_avant	1 DEL · DELTA ti=35 i0(56)+i1(31)+i25(10)+i53(36) · masque possible · pont : masque vide	1	1	1	0	17
a349fea8	version-33	oracle archetype force ti=40	g2_del_premier_non_del_avant	1 DEL · DELTA ti=35 i5(29)+i21(25)+i25(10)+i53(44) · masque possible · pont ti=35 (= archetype lie)	1	1	1	0	10
a349fea8	version-33	oracle archetype force ti=40	g2_del_premier_non_del_avant	1 DEL · NEW ti=0 aucun composant	2	2	2	0	0
a349fea8	version-33	oracle archetype force ti=40	g2_del_premier_non_del_avant	1 DEL · NEW ti=35 aucun composant	1	1	1	0	30
a349fea8	version-33	oracle archetype force ti=40	g2_del_premier_non_del_avant	1 DEL · NEW ti=37 i10(9)	1	1	1	0	0
a349fea8	version-33	oracle archetype force ti=40	g2_del_premier_non_del_avant	1 DEL · NEW ti=41 i0(60)+i3(28)+i4(11)+i10(3)+i17(52)	1	1	1	0	1
a349fea8	version-33	oracle archetype force ti=40	g2_del_premier_non_del_avant	1 DEL · NEW ti=41 i4(11)	1	1	1	0	0
a349fea8	version-33	oracle archetype force ti=40	g2_del_premier_non_del_avant	1 DEL · NEW ti=42 aucun composant	1	1	1	0	0
a349fea8	version-33	oracle archetype force ti=40	g2_del_premier_non_del_avant	1 DEL · NEW ti=5 i0(3)	2	2	2	0	0
a349fea8	version-33	oracle archetype force ti=40	g2_del_premier_non_del_avant	2 DEL · DELTA ti=21 i16(20) · masque possible · pont ti=21 (= archetype lie)	2	2	2	0	0
a349fea8	version-33	oracle archetype force ti=40	g2_del_premier_non_del_avant	2 DEL · DELTA ti=35 i0(57)+i1(97)+i2(9)+i6(7)+i7(189)+i10(117)+i11(165)+i13(51)+i18(34)+i21(49)+i22(19)+i29(11)+i33(22)+i37(11)+i38(9)+i39(22)+i40(11)+i42(9)+i43(222)+i45(198)+i55(5)+i56(3)+i61(1) · masque possible · pont ti=35 (= archetype lie)	1	1	1	0	1
a349fea8	version-33	oracle archetype force ti=40	g2_del_premier_non_del_avant	3 DEL · DELTA ti=21 i16(20) · masque possible · pont ti=21 (= archetype lie)	1	1	1	0	0
a349fea8	version-33	oracle archetype force ti=40	genre	DEL ti=0	18	18	18	0	60
a349fea8	version-33	oracle du pont (masque impossible)	g2_del	eid du DEL : aucune allocation · lie au monde apres le paquet : false	12	12	12	0	29
a349fea8	version-33	oracle du pont (masque impossible)	g2_del	eid du DEL : realloue sous une autre generation · lie au monde apres le paquet : false	3	3	3	0	1
a349fea8	version-33	oracle du pont (masque impossible)	g2_del	eid du DEL : vivant au bloc du chunk · lie au monde apres le paquet : false	3	3	3	0	30
a349fea8	version-33	oracle du pont (masque impossible)	g2_del_nombre_de_records	13 records lus	1	1	1	0	10
a349fea8	version-33	oracle du pont (masque impossible)	g2_del_nombre_de_records	19 records lus	1	1	1	0	17
a349fea8	version-33	oracle du pont (masque impossible)	g2_del_nombre_de_records	2 records lus	4	4	4	0	1
a349fea8	version-33	oracle du pont (masque impossible)	g2_del_nombre_de_records	3 records lus	2	2	2	0	1
a349fea8	version-33	oracle du pont (masque impossible)	g2_del_nombre_de_records	4 records lus	4	4	4	0	0
a349fea8	version-33	oracle du pont (masque impossible)	g2_del_nombre_de_records	42 records lus	1	1	1	0	30
a349fea8	version-33	oracle du pont (masque impossible)	g2_del_nombre_de_records	5 records lus	5	5	5	0	1
a349fea8	version-33	oracle du pont (masque impossible)	g2_del_premier_non_del_avant	1 DEL · DELTA ti=21 i16(20) · masque possible · pont ti=21 (= archetype lie)	2	2	2	0	0
a349fea8	version-33	oracle du pont (masque impossible)	g2_del_premier_non_del_avant	1 DEL · DELTA ti=35 i0(56)+i1(31)+i21(25)+i25(10)+i53(36) · masque possible · pont ti=35 (= archetype lie)	1	1	1	0	1
a349fea8	version-33	oracle du pont (masque impossible)	g2_del_premier_non_del_avant	1 DEL · DELTA ti=35 i0(56)+i1(31)+i25(10)+i53(36) · masque possible · pont : masque vide	1	1	1	0	17
a349fea8	version-33	oracle du pont (masque impossible)	g2_del_premier_non_del_avant	1 DEL · DELTA ti=35 i5(29)+i21(25)+i25(10)+i53(44) · masque possible · pont ti=35 (= archetype lie)	1	1	1	0	10
a349fea8	version-33	oracle du pont (masque impossible)	g2_del_premier_non_del_avant	1 DEL · NEW ti=0 aucun composant	2	2	2	0	0
a349fea8	version-33	oracle du pont (masque impossible)	g2_del_premier_non_del_avant	1 DEL · NEW ti=35 aucun composant	1	1	1	0	30
a349fea8	version-33	oracle du pont (masque impossible)	g2_del_premier_non_del_avant	1 DEL · NEW ti=37 i10(9)	1	1	1	0	0
a349fea8	version-33	oracle du pont (masque impossible)	g2_del_premier_non_del_avant	1 DEL · NEW ti=41 i0(60)+i3(28)+i4(11)+i10(3)+i17(52)	1	1	1	0	1
a349fea8	version-33	oracle du pont (masque impossible)	g2_del_premier_non_del_avant	1 DEL · NEW ti=41 i4(11)	1	1	1	0	0
a349fea8	version-33	oracle du pont (masque impossible)	g2_del_premier_non_del_avant	1 DEL · NEW ti=42 aucun composant	1	1	1	0	0
a349fea8	version-33	oracle du pont (masque impossible)	g2_del_premier_non_del_avant	1 DEL · NEW ti=5 i0(3)	2	2	2	0	0
a349fea8	version-33	oracle du pont (masque impossible)	g2_del_premier_non_del_avant	2 DEL · DELTA ti=21 i16(20) · masque possible · pont ti=21 (= archetype lie)	2	2	2	0	0
a349fea8	version-33	oracle du pont (masque impossible)	g2_del_premier_non_del_avant	2 DEL · DELTA ti=35 i0(57)+i1(97)+i2(9)+i6(7)+i7(189)+i10(117)+i11(165)+i13(51)+i18(34)+i21(49)+i22(19)+i29(11)+i33(22)+i37(11)+i38(9)+i39(22)+i40(11)+i42(9)+i43(222)+i45(198)+i55(5)+i56(3)+i61(1) · masque possible · pont ti=35 (= archetype lie)	1	1	1	0	1
a349fea8	version-33	oracle du pont (masque impossible)	g2_del_premier_non_del_avant	3 DEL · DELTA ti=21 i16(20) · masque possible · pont ti=21 (= archetype lie)	1	1	1	0	0
a349fea8	version-33	oracle du pont (masque impossible)	genre	DEL ti=0	18	18	18	0	60
a349fea8	version-33	reference	g2_del	eid du DEL : aucune allocation · lie au monde apres le paquet : false	12	12	12	0	29
a349fea8	version-33	reference	g2_del	eid du DEL : realloue sous une autre generation · lie au monde apres le paquet : false	3	3	3	0	1
a349fea8	version-33	reference	g2_del	eid du DEL : vivant au bloc du chunk · lie au monde apres le paquet : false	3	3	3	0	30
a349fea8	version-33	reference	g2_del_nombre_de_records	13 records lus	1	1	1	0	10
a349fea8	version-33	reference	g2_del_nombre_de_records	19 records lus	1	1	1	0	17
a349fea8	version-33	reference	g2_del_nombre_de_records	2 records lus	4	4	4	0	1
a349fea8	version-33	reference	g2_del_nombre_de_records	3 records lus	2	2	2	0	1
a349fea8	version-33	reference	g2_del_nombre_de_records	4 records lus	4	4	4	0	0
a349fea8	version-33	reference	g2_del_nombre_de_records	42 records lus	1	1	1	0	30
a349fea8	version-33	reference	g2_del_nombre_de_records	5 records lus	5	5	5	0	1
a349fea8	version-33	reference	g2_del_premier_non_del_avant	1 DEL · DELTA ti=21 i16(20) · masque possible · pont ti=21 (= archetype lie)	2	2	2	0	0
a349fea8	version-33	reference	g2_del_premier_non_del_avant	1 DEL · DELTA ti=35 i0(56)+i1(31)+i21(25)+i25(10)+i53(36) · masque possible · pont ti=35 (= archetype lie)	1	1	1	0	1
a349fea8	version-33	reference	g2_del_premier_non_del_avant	1 DEL · DELTA ti=35 i0(56)+i1(31)+i25(10)+i53(36) · masque possible · pont : masque vide	1	1	1	0	17
a349fea8	version-33	reference	g2_del_premier_non_del_avant	1 DEL · DELTA ti=35 i5(29)+i21(25)+i25(10)+i53(44) · masque possible · pont ti=35 (= archetype lie)	1	1	1	0	10
a349fea8	version-33	reference	g2_del_premier_non_del_avant	1 DEL · NEW ti=0 aucun composant	2	2	2	0	0
a349fea8	version-33	reference	g2_del_premier_non_del_avant	1 DEL · NEW ti=35 aucun composant	1	1	1	0	30
a349fea8	version-33	reference	g2_del_premier_non_del_avant	1 DEL · NEW ti=37 i10(9)	1	1	1	0	0
a349fea8	version-33	reference	g2_del_premier_non_del_avant	1 DEL · NEW ti=41 i0(60)+i3(28)+i4(11)+i10(3)+i17(52)	1	1	1	0	1
a349fea8	version-33	reference	g2_del_premier_non_del_avant	1 DEL · NEW ti=41 i4(11)	1	1	1	0	0
a349fea8	version-33	reference	g2_del_premier_non_del_avant	1 DEL · NEW ti=42 aucun composant	1	1	1	0	0
a349fea8	version-33	reference	g2_del_premier_non_del_avant	1 DEL · NEW ti=5 i0(3)	2	2	2	0	0
a349fea8	version-33	reference	g2_del_premier_non_del_avant	2 DEL · DELTA ti=21 i16(20) · masque possible · pont ti=21 (= archetype lie)	2	2	2	0	0
a349fea8	version-33	reference	g2_del_premier_non_del_avant	2 DEL · DELTA ti=35 i0(57)+i1(97)+i2(9)+i6(7)+i7(189)+i10(117)+i11(165)+i13(51)+i18(34)+i21(49)+i22(19)+i29(11)+i33(22)+i37(11)+i38(9)+i39(22)+i40(11)+i42(9)+i43(222)+i45(198)+i55(5)+i56(3)+i61(1) · masque possible · pont ti=35 (= archetype lie)	1	1	1	0	1
a349fea8	version-33	reference	g2_del_premier_non_del_avant	3 DEL · DELTA ti=21 i16(20) · masque possible · pont ti=21 (= archetype lie)	1	1	1	0	0
a349fea8	version-33	reference	genre	DEL ti=0	18	18	18	0	60
a349fea8	version-33	ti20 i0 cas 2 du jeu	g2_del	eid du DEL : aucune allocation · lie au monde apres le paquet : false	12	12	12	0	29
a349fea8	version-33	ti20 i0 cas 2 du jeu	g2_del	eid du DEL : realloue sous une autre generation · lie au monde apres le paquet : false	3	3	3	0	1
a349fea8	version-33	ti20 i0 cas 2 du jeu	g2_del	eid du DEL : vivant au bloc du chunk · lie au monde apres le paquet : false	3	3	3	0	30
a349fea8	version-33	ti20 i0 cas 2 du jeu	g2_del_nombre_de_records	13 records lus	1	1	1	0	10
a349fea8	version-33	ti20 i0 cas 2 du jeu	g2_del_nombre_de_records	19 records lus	1	1	1	0	17
a349fea8	version-33	ti20 i0 cas 2 du jeu	g2_del_nombre_de_records	2 records lus	4	4	4	0	1
a349fea8	version-33	ti20 i0 cas 2 du jeu	g2_del_nombre_de_records	3 records lus	2	2	2	0	1
a349fea8	version-33	ti20 i0 cas 2 du jeu	g2_del_nombre_de_records	4 records lus	4	4	4	0	0
a349fea8	version-33	ti20 i0 cas 2 du jeu	g2_del_nombre_de_records	42 records lus	1	1	1	0	30
a349fea8	version-33	ti20 i0 cas 2 du jeu	g2_del_nombre_de_records	5 records lus	5	5	5	0	1
a349fea8	version-33	ti20 i0 cas 2 du jeu	g2_del_premier_non_del_avant	1 DEL · DELTA ti=21 i16(20) · masque possible · pont ti=21 (= archetype lie)	2	2	2	0	0
a349fea8	version-33	ti20 i0 cas 2 du jeu	g2_del_premier_non_del_avant	1 DEL · DELTA ti=35 i0(56)+i1(31)+i21(25)+i25(10)+i53(36) · masque possible · pont ti=35 (= archetype lie)	1	1	1	0	1
a349fea8	version-33	ti20 i0 cas 2 du jeu	g2_del_premier_non_del_avant	1 DEL · DELTA ti=35 i0(56)+i1(31)+i25(10)+i53(36) · masque possible · pont : masque vide	1	1	1	0	17
a349fea8	version-33	ti20 i0 cas 2 du jeu	g2_del_premier_non_del_avant	1 DEL · DELTA ti=35 i5(29)+i21(25)+i25(10)+i53(44) · masque possible · pont ti=35 (= archetype lie)	1	1	1	0	10
a349fea8	version-33	ti20 i0 cas 2 du jeu	g2_del_premier_non_del_avant	1 DEL · NEW ti=0 aucun composant	2	2	2	0	0
a349fea8	version-33	ti20 i0 cas 2 du jeu	g2_del_premier_non_del_avant	1 DEL · NEW ti=35 aucun composant	1	1	1	0	30
a349fea8	version-33	ti20 i0 cas 2 du jeu	g2_del_premier_non_del_avant	1 DEL · NEW ti=37 i10(9)	1	1	1	0	0
a349fea8	version-33	ti20 i0 cas 2 du jeu	g2_del_premier_non_del_avant	1 DEL · NEW ti=41 i0(60)+i3(28)+i4(11)+i10(3)+i17(52)	1	1	1	0	1
a349fea8	version-33	ti20 i0 cas 2 du jeu	g2_del_premier_non_del_avant	1 DEL · NEW ti=41 i4(11)	1	1	1	0	0
a349fea8	version-33	ti20 i0 cas 2 du jeu	g2_del_premier_non_del_avant	1 DEL · NEW ti=42 aucun composant	1	1	1	0	0
a349fea8	version-33	ti20 i0 cas 2 du jeu	g2_del_premier_non_del_avant	1 DEL · NEW ti=5 i0(3)	2	2	2	0	0
a349fea8	version-33	ti20 i0 cas 2 du jeu	g2_del_premier_non_del_avant	2 DEL · DELTA ti=21 i16(20) · masque possible · pont ti=21 (= archetype lie)	2	2	2	0	0
a349fea8	version-33	ti20 i0 cas 2 du jeu	g2_del_premier_non_del_avant	2 DEL · DELTA ti=35 i0(57)+i1(97)+i2(9)+i6(7)+i7(189)+i10(117)+i11(165)+i13(51)+i18(34)+i21(49)+i22(19)+i29(11)+i33(22)+i37(11)+i38(9)+i39(22)+i40(11)+i42(9)+i43(222)+i45(198)+i55(5)+i56(3)+i61(1) · masque possible · pont ti=35 (= archetype lie)	1	1	1	0	1
a349fea8	version-33	ti20 i0 cas 2 du jeu	g2_del_premier_non_del_avant	3 DEL · DELTA ti=21 i16(20) · masque possible · pont ti=21 (= archetype lie)	1	1	1	0	0
a349fea8	version-33	ti20 i0 cas 2 du jeu	genre	DEL ti=0	18	18	18	0	60
a521164d	HI_1_4_1	desaveu NEW a masque impossible	g2_del	eid du DEL : aucune allocation · lie au monde apres le paquet : false	27	27	27	0	88
a521164d	HI_1_4_1	desaveu NEW a masque impossible	g2_del_nombre_de_records	2 records lus	1	1	1	0	1
a521164d	HI_1_4_1	desaveu NEW a masque impossible	g2_del_nombre_de_records	24 records lus	1	1	1	0	20
a521164d	HI_1_4_1	desaveu NEW a masque impossible	g2_del_nombre_de_records	25 records lus	1	1	1	0	20
a521164d	HI_1_4_1	desaveu NEW a masque impossible	g2_del_nombre_de_records	27 records lus	2	2	2	0	43
a521164d	HI_1_4_1	desaveu NEW a masque impossible	g2_del_nombre_de_records	3 records lus	4	4	4	0	0
a521164d	HI_1_4_1	desaveu NEW a masque impossible	g2_del_nombre_de_records	4 records lus	13	13	13	0	1
a521164d	HI_1_4_1	desaveu NEW a masque impossible	g2_del_nombre_de_records	5 records lus	3	3	3	0	3
a521164d	HI_1_4_1	desaveu NEW a masque impossible	g2_del_nombre_de_records	6 records lus	1	1	1	0	0
a521164d	HI_1_4_1	desaveu NEW a masque impossible	g2_del_nombre_de_records	7 records lus	1	1	1	0	0
a521164d	HI_1_4_1	desaveu NEW a masque impossible	g2_del_premier_non_del_avant	1 DEL · DELTA ti=19 aucun composant · masque IMPOSSIBLE sous l archetype lie · pont : masque vide	1	1	1	0	0
a521164d	HI_1_4_1	desaveu NEW a masque impossible	g2_del_premier_non_del_avant	1 DEL · DELTA ti=21 i16(20) · masque possible · pont ti=21 (= archetype lie)	4	4	4	0	0
a521164d	HI_1_4_1	desaveu NEW a masque impossible	g2_del_premier_non_del_avant	1 DEL · DELTA ti=35 i0(56)+i25(10)+i53(36) · masque possible · pont ti=35 (= archetype lie)	1	1	1	0	3
a521164d	HI_1_4_1	desaveu NEW a masque impossible	g2_del_premier_non_del_avant	1 DEL · DELTA ti=42 i0(54)+i12(49)+i16(5) · masque IMPOSSIBLE sous l archetype lie · pont ti=42 (= archetype lie)	1	1	1	0	1
a521164d	HI_1_4_1	desaveu NEW a masque impossible	g2_del_premier_non_del_avant	1 DEL · NEW ti=0 aucun composant	2	2	2	0	0
a521164d	HI_1_4_1	desaveu NEW a masque impossible	g2_del_premier_non_del_avant	1 DEL · NEW ti=41 i0(54)+i2(28)+i8(15)+i9(134)+i15(738)	1	1	1	0	1
a521164d	HI_1_4_1	desaveu NEW a masque impossible	g2_del_premier_non_del_avant	1 DEL · NEW ti=47 i1(24)+i2(45)	1	1	1	0	0
a521164d	HI_1_4_1	desaveu NEW a masque impossible	g2_del_premier_non_del_avant	1 DEL · NEW ti=5 i0(3)	9	9	9	0	0
a521164d	HI_1_4_1	desaveu NEW a masque impossible	g2_del_premier_non_del_avant	2 DEL · DELTA ti=11 i2(64) · masque possible · pont ti=11 (= archetype lie)	4	4	4	0	83
a521164d	HI_1_4_1	desaveu NEW a masque impossible	g2_del_premier_non_del_avant	2 DEL · DELTA ti=21 i16(20) · masque possible · pont ti=21 (= archetype lie)	1	1	1	0	0
a521164d	HI_1_4_1	desaveu NEW a masque impossible	g2_del_premier_non_del_avant	2 DEL · NEW ti=41 i4(11)+i21(1)	1	1	1	0	0
a521164d	HI_1_4_1	desaveu NEW a masque impossible	g2_del_premier_non_del_avant	2 DEL · NEW ti=48 aucun composant	1	1	1	0	0
a521164d	HI_1_4_1	desaveu NEW a masque impossible	genre	DEL ti=0	27	27	27	0	88
a521164d	HI_1_4_1	desaveu NEW a masque impossible	liaison_du_masque_impossible	image-cle ou joker · 1re image-cle du chunk : ti=19 · bloc : gen 1 (eid gen 2), vivante true	1	1	0	0	0
a521164d	HI_1_4_1	desaveu NEW a masque impossible	liaison_du_masque_impossible	image-cle ou joker · 1re image-cle du chunk : ti=42 · bloc : gen 1 (eid gen 1), vivante true	1	1	0	0	0
a521164d	HI_1_4_1	desaveu des deux	g2_del	eid du DEL : aucune allocation · lie au monde apres le paquet : false	27	27	27	0	88
a521164d	HI_1_4_1	desaveu des deux	g2_del_nombre_de_records	2 records lus	1	1	1	0	1
a521164d	HI_1_4_1	desaveu des deux	g2_del_nombre_de_records	24 records lus	1	1	1	0	20
a521164d	HI_1_4_1	desaveu des deux	g2_del_nombre_de_records	25 records lus	1	1	1	0	20
a521164d	HI_1_4_1	desaveu des deux	g2_del_nombre_de_records	27 records lus	2	2	2	0	43
a521164d	HI_1_4_1	desaveu des deux	g2_del_nombre_de_records	3 records lus	4	4	4	0	0
a521164d	HI_1_4_1	desaveu des deux	g2_del_nombre_de_records	4 records lus	13	13	13	0	1
a521164d	HI_1_4_1	desaveu des deux	g2_del_nombre_de_records	5 records lus	3	3	3	0	3
a521164d	HI_1_4_1	desaveu des deux	g2_del_nombre_de_records	6 records lus	1	1	1	0	0
a521164d	HI_1_4_1	desaveu des deux	g2_del_nombre_de_records	7 records lus	1	1	1	0	0
a521164d	HI_1_4_1	desaveu des deux	g2_del_premier_non_del_avant	1 DEL · DELTA ti=19 aucun composant · masque IMPOSSIBLE sous l archetype lie · pont : masque vide	1	1	1	0	0
a521164d	HI_1_4_1	desaveu des deux	g2_del_premier_non_del_avant	1 DEL · DELTA ti=21 i16(20) · masque possible · pont ti=21 (= archetype lie)	4	4	4	0	0
a521164d	HI_1_4_1	desaveu des deux	g2_del_premier_non_del_avant	1 DEL · DELTA ti=35 i0(56)+i25(10)+i53(36) · masque possible · pont ti=35 (= archetype lie)	1	1	1	0	3
a521164d	HI_1_4_1	desaveu des deux	g2_del_premier_non_del_avant	1 DEL · DELTA ti=42 i0(54)+i12(49)+i16(5) · masque IMPOSSIBLE sous l archetype lie · pont ti=42 (= archetype lie)	1	1	1	0	1
a521164d	HI_1_4_1	desaveu des deux	g2_del_premier_non_del_avant	1 DEL · NEW ti=0 aucun composant	2	2	2	0	0
a521164d	HI_1_4_1	desaveu des deux	g2_del_premier_non_del_avant	1 DEL · NEW ti=41 i0(54)+i2(28)+i8(15)+i9(134)+i15(738)	1	1	1	0	1
a521164d	HI_1_4_1	desaveu des deux	g2_del_premier_non_del_avant	1 DEL · NEW ti=47 i1(24)+i2(45)	1	1	1	0	0
a521164d	HI_1_4_1	desaveu des deux	g2_del_premier_non_del_avant	1 DEL · NEW ti=5 i0(3)	9	9	9	0	0
a521164d	HI_1_4_1	desaveu des deux	g2_del_premier_non_del_avant	2 DEL · DELTA ti=11 i2(64) · masque possible · pont ti=11 (= archetype lie)	4	4	4	0	83
a521164d	HI_1_4_1	desaveu des deux	g2_del_premier_non_del_avant	2 DEL · DELTA ti=21 i16(20) · masque possible · pont ti=21 (= archetype lie)	1	1	1	0	0
a521164d	HI_1_4_1	desaveu des deux	g2_del_premier_non_del_avant	2 DEL · NEW ti=41 i4(11)+i21(1)	1	1	1	0	0
a521164d	HI_1_4_1	desaveu des deux	g2_del_premier_non_del_avant	2 DEL · NEW ti=48 aucun composant	1	1	1	0	0
a521164d	HI_1_4_1	desaveu des deux	genre	DEL ti=0	27	27	27	0	88
a521164d	HI_1_4_1	desaveu des deux	liaison_du_masque_impossible	image-cle ou joker · 1re image-cle du chunk : ti=19 · bloc : gen 1 (eid gen 2), vivante true	1	1	0	0	0
a521164d	HI_1_4_1	desaveu des deux	liaison_du_masque_impossible	image-cle ou joker · 1re image-cle du chunk : ti=42 · bloc : gen 1 (eid gen 1), vivante true	1	1	0	0	0
a521164d	HI_1_4_1	desaveu image-cle hors bloc	g2_del	eid du DEL : aucune allocation · lie au monde apres le paquet : false	27	27	27	0	88
a521164d	HI_1_4_1	desaveu image-cle hors bloc	g2_del_nombre_de_records	2 records lus	1	1	1	0	1
a521164d	HI_1_4_1	desaveu image-cle hors bloc	g2_del_nombre_de_records	24 records lus	1	1	1	0	20
a521164d	HI_1_4_1	desaveu image-cle hors bloc	g2_del_nombre_de_records	25 records lus	1	1	1	0	20
a521164d	HI_1_4_1	desaveu image-cle hors bloc	g2_del_nombre_de_records	27 records lus	2	2	2	0	43
a521164d	HI_1_4_1	desaveu image-cle hors bloc	g2_del_nombre_de_records	3 records lus	4	4	4	0	0
a521164d	HI_1_4_1	desaveu image-cle hors bloc	g2_del_nombre_de_records	4 records lus	13	13	13	0	1
a521164d	HI_1_4_1	desaveu image-cle hors bloc	g2_del_nombre_de_records	5 records lus	3	3	3	0	3
a521164d	HI_1_4_1	desaveu image-cle hors bloc	g2_del_nombre_de_records	6 records lus	1	1	1	0	0
a521164d	HI_1_4_1	desaveu image-cle hors bloc	g2_del_nombre_de_records	7 records lus	1	1	1	0	0
a521164d	HI_1_4_1	desaveu image-cle hors bloc	g2_del_premier_non_del_avant	1 DEL · DELTA ti=19 aucun composant · masque IMPOSSIBLE sous l archetype lie · pont : masque vide	1	1	1	0	0
a521164d	HI_1_4_1	desaveu image-cle hors bloc	g2_del_premier_non_del_avant	1 DEL · DELTA ti=21 i16(20) · masque possible · pont ti=21 (= archetype lie)	4	4	4	0	0
a521164d	HI_1_4_1	desaveu image-cle hors bloc	g2_del_premier_non_del_avant	1 DEL · DELTA ti=35 i0(56)+i25(10)+i53(36) · masque possible · pont ti=35 (= archetype lie)	1	1	1	0	3
a521164d	HI_1_4_1	desaveu image-cle hors bloc	g2_del_premier_non_del_avant	1 DEL · DELTA ti=42 i0(54)+i12(49)+i16(5) · masque IMPOSSIBLE sous l archetype lie · pont ti=42 (= archetype lie)	1	1	1	0	1
a521164d	HI_1_4_1	desaveu image-cle hors bloc	g2_del_premier_non_del_avant	1 DEL · NEW ti=0 aucun composant	2	2	2	0	0
a521164d	HI_1_4_1	desaveu image-cle hors bloc	g2_del_premier_non_del_avant	1 DEL · NEW ti=41 i0(54)+i2(28)+i8(15)+i9(134)+i15(738)	1	1	1	0	1
a521164d	HI_1_4_1	desaveu image-cle hors bloc	g2_del_premier_non_del_avant	1 DEL · NEW ti=47 i1(24)+i2(45)	1	1	1	0	0
a521164d	HI_1_4_1	desaveu image-cle hors bloc	g2_del_premier_non_del_avant	1 DEL · NEW ti=5 i0(3)	9	9	9	0	0
a521164d	HI_1_4_1	desaveu image-cle hors bloc	g2_del_premier_non_del_avant	2 DEL · DELTA ti=11 i2(64) · masque possible · pont ti=11 (= archetype lie)	4	4	4	0	83
a521164d	HI_1_4_1	desaveu image-cle hors bloc	g2_del_premier_non_del_avant	2 DEL · DELTA ti=21 i16(20) · masque possible · pont ti=21 (= archetype lie)	1	1	1	0	0
a521164d	HI_1_4_1	desaveu image-cle hors bloc	g2_del_premier_non_del_avant	2 DEL · NEW ti=41 i4(11)+i21(1)	1	1	1	0	0
a521164d	HI_1_4_1	desaveu image-cle hors bloc	g2_del_premier_non_del_avant	2 DEL · NEW ti=48 aucun composant	1	1	1	0	0
a521164d	HI_1_4_1	desaveu image-cle hors bloc	genre	DEL ti=0	27	27	27	0	88
a521164d	HI_1_4_1	desaveu image-cle hors bloc	liaison_du_masque_impossible	image-cle ou joker · 1re image-cle du chunk : ti=19 · bloc : gen 1 (eid gen 2), vivante true	1	1	0	0	0
a521164d	HI_1_4_1	desaveu image-cle hors bloc	liaison_du_masque_impossible	image-cle ou joker · 1re image-cle du chunk : ti=42 · bloc : gen 1 (eid gen 1), vivante true	1	1	0	0	0
a521164d	HI_1_4_1	oracle archetype force ti=35	g2_del	eid du DEL : aucune allocation · lie au monde apres le paquet : false	25	25	25	0	87
a521164d	HI_1_4_1	oracle archetype force ti=35	g2_del_nombre_de_records	2 records lus	1	1	1	0	1
a521164d	HI_1_4_1	oracle archetype force ti=35	g2_del_nombre_de_records	24 records lus	1	1	1	0	20
a521164d	HI_1_4_1	oracle archetype force ti=35	g2_del_nombre_de_records	25 records lus	1	1	1	0	20
a521164d	HI_1_4_1	oracle archetype force ti=35	g2_del_nombre_de_records	27 records lus	2	2	2	0	43
a521164d	HI_1_4_1	oracle archetype force ti=35	g2_del_nombre_de_records	3 records lus	4	4	4	0	0
a521164d	HI_1_4_1	oracle archetype force ti=35	g2_del_nombre_de_records	4 records lus	11	11	11	0	0
a521164d	HI_1_4_1	oracle archetype force ti=35	g2_del_nombre_de_records	5 records lus	3	3	3	0	3
a521164d	HI_1_4_1	oracle archetype force ti=35	g2_del_nombre_de_records	6 records lus	1	1	1	0	0
a521164d	HI_1_4_1	oracle archetype force ti=35	g2_del_nombre_de_records	7 records lus	1	1	1	0	0
a521164d	HI_1_4_1	oracle archetype force ti=35	g2_del_premier_non_del_avant	1 DEL · DELTA ti=21 i16(20) · masque possible · pont ti=21 (= archetype lie)	4	4	4	0	0
a521164d	HI_1_4_1	oracle archetype force ti=35	g2_del_premier_non_del_avant	1 DEL · DELTA ti=35 i0(56)+i25(10)+i53(36) · masque possible · pont ti=35 (= archetype lie)	1	1	1	0	3
a521164d	HI_1_4_1	oracle archetype force ti=35	g2_del_premier_non_del_avant	1 DEL · NEW ti=0 aucun composant	2	2	2	0	0
a521164d	HI_1_4_1	oracle archetype force ti=35	g2_del_premier_non_del_avant	1 DEL · NEW ti=41 i0(54)+i2(28)+i8(15)+i9(134)+i15(738)	1	1	1	0	1
a521164d	HI_1_4_1	oracle archetype force ti=35	g2_del_premier_non_del_avant	1 DEL · NEW ti=47 i1(24)+i2(45)	1	1	1	0	0
a521164d	HI_1_4_1	oracle archetype force ti=35	g2_del_premier_non_del_avant	1 DEL · NEW ti=5 i0(3)	9	9	9	0	0
a521164d	HI_1_4_1	oracle archetype force ti=35	g2_del_premier_non_del_avant	2 DEL · DELTA ti=11 i2(64) · masque possible · pont ti=11 (= archetype lie)	4	4	4	0	83
a521164d	HI_1_4_1	oracle archetype force ti=35	g2_del_premier_non_del_avant	2 DEL · DELTA ti=21 i16(20) · masque possible · pont ti=21 (= archetype lie)	1	1	1	0	0
a521164d	HI_1_4_1	oracle archetype force ti=35	g2_del_premier_non_del_avant	2 DEL · NEW ti=41 i4(11)+i21(1)	1	1	1	0	0
a521164d	HI_1_4_1	oracle archetype force ti=35	g2_del_premier_non_del_avant	2 DEL · NEW ti=48 aucun composant	1	1	1	0	0
a521164d	HI_1_4_1	oracle archetype force ti=35	genre	DEL ti=0	25	25	25	0	87
a521164d	HI_1_4_1	oracle archetype force ti=40	g2_del	eid du DEL : aucune allocation · lie au monde apres le paquet : false	25	25	25	0	87
a521164d	HI_1_4_1	oracle archetype force ti=40	g2_del_nombre_de_records	2 records lus	1	1	1	0	1
a521164d	HI_1_4_1	oracle archetype force ti=40	g2_del_nombre_de_records	24 records lus	1	1	1	0	20
a521164d	HI_1_4_1	oracle archetype force ti=40	g2_del_nombre_de_records	25 records lus	1	1	1	0	20
a521164d	HI_1_4_1	oracle archetype force ti=40	g2_del_nombre_de_records	27 records lus	2	2	2	0	43
a521164d	HI_1_4_1	oracle archetype force ti=40	g2_del_nombre_de_records	3 records lus	4	4	4	0	0
a521164d	HI_1_4_1	oracle archetype force ti=40	g2_del_nombre_de_records	4 records lus	11	11	11	0	0
a521164d	HI_1_4_1	oracle archetype force ti=40	g2_del_nombre_de_records	5 records lus	3	3	3	0	3
a521164d	HI_1_4_1	oracle archetype force ti=40	g2_del_nombre_de_records	6 records lus	1	1	1	0	0
a521164d	HI_1_4_1	oracle archetype force ti=40	g2_del_nombre_de_records	7 records lus	1	1	1	0	0
a521164d	HI_1_4_1	oracle archetype force ti=40	g2_del_premier_non_del_avant	1 DEL · DELTA ti=21 i16(20) · masque possible · pont ti=21 (= archetype lie)	4	4	4	0	0
a521164d	HI_1_4_1	oracle archetype force ti=40	g2_del_premier_non_del_avant	1 DEL · DELTA ti=35 i0(56)+i25(10)+i53(36) · masque possible · pont ti=35 (= archetype lie)	1	1	1	0	3
a521164d	HI_1_4_1	oracle archetype force ti=40	g2_del_premier_non_del_avant	1 DEL · NEW ti=0 aucun composant	2	2	2	0	0
a521164d	HI_1_4_1	oracle archetype force ti=40	g2_del_premier_non_del_avant	1 DEL · NEW ti=41 i0(54)+i2(28)+i8(15)+i9(134)+i15(738)	1	1	1	0	1
a521164d	HI_1_4_1	oracle archetype force ti=40	g2_del_premier_non_del_avant	1 DEL · NEW ti=47 i1(24)+i2(45)	1	1	1	0	0
a521164d	HI_1_4_1	oracle archetype force ti=40	g2_del_premier_non_del_avant	1 DEL · NEW ti=5 i0(3)	9	9	9	0	0
a521164d	HI_1_4_1	oracle archetype force ti=40	g2_del_premier_non_del_avant	2 DEL · DELTA ti=11 i2(64) · masque possible · pont ti=11 (= archetype lie)	4	4	4	0	83
a521164d	HI_1_4_1	oracle archetype force ti=40	g2_del_premier_non_del_avant	2 DEL · DELTA ti=21 i16(20) · masque possible · pont ti=21 (= archetype lie)	1	1	1	0	0
a521164d	HI_1_4_1	oracle archetype force ti=40	g2_del_premier_non_del_avant	2 DEL · NEW ti=41 i4(11)+i21(1)	1	1	1	0	0
a521164d	HI_1_4_1	oracle archetype force ti=40	g2_del_premier_non_del_avant	2 DEL · NEW ti=48 aucun composant	1	1	1	0	0
a521164d	HI_1_4_1	oracle archetype force ti=40	genre	DEL ti=0	25	25	25	0	87
a521164d	HI_1_4_1	oracle du pont (masque impossible)	g2_del	eid du DEL : aucune allocation · lie au monde apres le paquet : false	27	27	27	0	88
a521164d	HI_1_4_1	oracle du pont (masque impossible)	g2_del_nombre_de_records	2 records lus	1	1	1	0	1
a521164d	HI_1_4_1	oracle du pont (masque impossible)	g2_del_nombre_de_records	24 records lus	1	1	1	0	20
a521164d	HI_1_4_1	oracle du pont (masque impossible)	g2_del_nombre_de_records	25 records lus	1	1	1	0	20
a521164d	HI_1_4_1	oracle du pont (masque impossible)	g2_del_nombre_de_records	27 records lus	2	2	2	0	43
a521164d	HI_1_4_1	oracle du pont (masque impossible)	g2_del_nombre_de_records	3 records lus	4	4	4	0	0
a521164d	HI_1_4_1	oracle du pont (masque impossible)	g2_del_nombre_de_records	4 records lus	13	13	13	0	1
a521164d	HI_1_4_1	oracle du pont (masque impossible)	g2_del_nombre_de_records	5 records lus	3	3	3	0	3
a521164d	HI_1_4_1	oracle du pont (masque impossible)	g2_del_nombre_de_records	6 records lus	1	1	1	0	0
a521164d	HI_1_4_1	oracle du pont (masque impossible)	g2_del_nombre_de_records	7 records lus	1	1	1	0	0
a521164d	HI_1_4_1	oracle du pont (masque impossible)	g2_del_premier_non_del_avant	1 DEL · DELTA ti=19 aucun composant · masque IMPOSSIBLE sous l archetype lie · pont : masque vide	1	1	1	0	0
a521164d	HI_1_4_1	oracle du pont (masque impossible)	g2_del_premier_non_del_avant	1 DEL · DELTA ti=21 i16(20) · masque possible · pont ti=21 (= archetype lie)	4	4	4	0	0
a521164d	HI_1_4_1	oracle du pont (masque impossible)	g2_del_premier_non_del_avant	1 DEL · DELTA ti=35 i0(56)+i25(10)+i53(36) · masque possible · pont ti=35 (= archetype lie)	1	1	1	0	3
a521164d	HI_1_4_1	oracle du pont (masque impossible)	g2_del_premier_non_del_avant	1 DEL · DELTA ti=42 i0(54)+i12(49)+i16(5) · masque IMPOSSIBLE sous l archetype lie · pont ti=42 (= archetype lie)	1	1	1	0	1
a521164d	HI_1_4_1	oracle du pont (masque impossible)	g2_del_premier_non_del_avant	1 DEL · NEW ti=0 aucun composant	2	2	2	0	0
a521164d	HI_1_4_1	oracle du pont (masque impossible)	g2_del_premier_non_del_avant	1 DEL · NEW ti=41 i0(54)+i2(28)+i8(15)+i9(134)+i15(738)	1	1	1	0	1
a521164d	HI_1_4_1	oracle du pont (masque impossible)	g2_del_premier_non_del_avant	1 DEL · NEW ti=47 i1(24)+i2(45)	1	1	1	0	0
a521164d	HI_1_4_1	oracle du pont (masque impossible)	g2_del_premier_non_del_avant	1 DEL · NEW ti=5 i0(3)	9	9	9	0	0
a521164d	HI_1_4_1	oracle du pont (masque impossible)	g2_del_premier_non_del_avant	2 DEL · DELTA ti=11 i2(64) · masque possible · pont ti=11 (= archetype lie)	4	4	4	0	83
a521164d	HI_1_4_1	oracle du pont (masque impossible)	g2_del_premier_non_del_avant	2 DEL · DELTA ti=21 i16(20) · masque possible · pont ti=21 (= archetype lie)	1	1	1	0	0
a521164d	HI_1_4_1	oracle du pont (masque impossible)	g2_del_premier_non_del_avant	2 DEL · NEW ti=41 i4(11)+i21(1)	1	1	1	0	0
a521164d	HI_1_4_1	oracle du pont (masque impossible)	g2_del_premier_non_del_avant	2 DEL · NEW ti=48 aucun composant	1	1	1	0	0
a521164d	HI_1_4_1	oracle du pont (masque impossible)	genre	DEL ti=0	27	27	27	0	88
a521164d	HI_1_4_1	oracle du pont (masque impossible)	liaison_du_masque_impossible	image-cle ou joker · 1re image-cle du chunk : ti=19 · bloc : gen 1 (eid gen 2), vivante true	1	1	0	0	0
a521164d	HI_1_4_1	oracle du pont (masque impossible)	liaison_du_masque_impossible	image-cle ou joker · 1re image-cle du chunk : ti=42 · bloc : gen 1 (eid gen 1), vivante true	1	1	0	0	0
a521164d	HI_1_4_1	reference	g2_del	eid du DEL : aucune allocation · lie au monde apres le paquet : false	27	27	27	0	88
a521164d	HI_1_4_1	reference	g2_del_nombre_de_records	2 records lus	1	1	1	0	1
a521164d	HI_1_4_1	reference	g2_del_nombre_de_records	24 records lus	1	1	1	0	20
a521164d	HI_1_4_1	reference	g2_del_nombre_de_records	25 records lus	1	1	1	0	20
a521164d	HI_1_4_1	reference	g2_del_nombre_de_records	27 records lus	2	2	2	0	43
a521164d	HI_1_4_1	reference	g2_del_nombre_de_records	3 records lus	4	4	4	0	0
a521164d	HI_1_4_1	reference	g2_del_nombre_de_records	4 records lus	13	13	13	0	1
a521164d	HI_1_4_1	reference	g2_del_nombre_de_records	5 records lus	3	3	3	0	3
a521164d	HI_1_4_1	reference	g2_del_nombre_de_records	6 records lus	1	1	1	0	0
a521164d	HI_1_4_1	reference	g2_del_nombre_de_records	7 records lus	1	1	1	0	0
a521164d	HI_1_4_1	reference	g2_del_premier_non_del_avant	1 DEL · DELTA ti=19 aucun composant · masque IMPOSSIBLE sous l archetype lie · pont : masque vide	1	1	1	0	0
a521164d	HI_1_4_1	reference	g2_del_premier_non_del_avant	1 DEL · DELTA ti=21 i16(20) · masque possible · pont ti=21 (= archetype lie)	4	4	4	0	0
a521164d	HI_1_4_1	reference	g2_del_premier_non_del_avant	1 DEL · DELTA ti=35 i0(56)+i25(10)+i53(36) · masque possible · pont ti=35 (= archetype lie)	1	1	1	0	3
a521164d	HI_1_4_1	reference	g2_del_premier_non_del_avant	1 DEL · DELTA ti=42 i0(54)+i12(49)+i16(5) · masque IMPOSSIBLE sous l archetype lie · pont ti=42 (= archetype lie)	1	1	1	0	1
a521164d	HI_1_4_1	reference	g2_del_premier_non_del_avant	1 DEL · NEW ti=0 aucun composant	2	2	2	0	0
a521164d	HI_1_4_1	reference	g2_del_premier_non_del_avant	1 DEL · NEW ti=41 i0(54)+i2(28)+i8(15)+i9(134)+i15(738)	1	1	1	0	1
a521164d	HI_1_4_1	reference	g2_del_premier_non_del_avant	1 DEL · NEW ti=47 i1(24)+i2(45)	1	1	1	0	0
a521164d	HI_1_4_1	reference	g2_del_premier_non_del_avant	1 DEL · NEW ti=5 i0(3)	9	9	9	0	0
a521164d	HI_1_4_1	reference	g2_del_premier_non_del_avant	2 DEL · DELTA ti=11 i2(64) · masque possible · pont ti=11 (= archetype lie)	4	4	4	0	83
a521164d	HI_1_4_1	reference	g2_del_premier_non_del_avant	2 DEL · DELTA ti=21 i16(20) · masque possible · pont ti=21 (= archetype lie)	1	1	1	0	0
a521164d	HI_1_4_1	reference	g2_del_premier_non_del_avant	2 DEL · NEW ti=41 i4(11)+i21(1)	1	1	1	0	0
a521164d	HI_1_4_1	reference	g2_del_premier_non_del_avant	2 DEL · NEW ti=48 aucun composant	1	1	1	0	0
a521164d	HI_1_4_1	reference	genre	DEL ti=0	27	27	27	0	88
a521164d	HI_1_4_1	reference	liaison_du_masque_impossible	image-cle ou joker · 1re image-cle du chunk : ti=19 · bloc : gen 1 (eid gen 2), vivante true	1	1	0	0	0
a521164d	HI_1_4_1	reference	liaison_du_masque_impossible	image-cle ou joker · 1re image-cle du chunk : ti=42 · bloc : gen 1 (eid gen 1), vivante true	1	1	0	0	0
a521164d	HI_1_4_1	ti20 i0 cas 2 du jeu	g2_del	eid du DEL : aucune allocation · lie au monde apres le paquet : false	27	27	27	0	88
a521164d	HI_1_4_1	ti20 i0 cas 2 du jeu	g2_del_nombre_de_records	2 records lus	1	1	1	0	1
a521164d	HI_1_4_1	ti20 i0 cas 2 du jeu	g2_del_nombre_de_records	24 records lus	1	1	1	0	20
a521164d	HI_1_4_1	ti20 i0 cas 2 du jeu	g2_del_nombre_de_records	25 records lus	1	1	1	0	20
a521164d	HI_1_4_1	ti20 i0 cas 2 du jeu	g2_del_nombre_de_records	27 records lus	2	2	2	0	43
a521164d	HI_1_4_1	ti20 i0 cas 2 du jeu	g2_del_nombre_de_records	3 records lus	4	4	4	0	0
a521164d	HI_1_4_1	ti20 i0 cas 2 du jeu	g2_del_nombre_de_records	4 records lus	13	13	13	0	1
a521164d	HI_1_4_1	ti20 i0 cas 2 du jeu	g2_del_nombre_de_records	5 records lus	3	3	3	0	3
a521164d	HI_1_4_1	ti20 i0 cas 2 du jeu	g2_del_nombre_de_records	6 records lus	1	1	1	0	0
a521164d	HI_1_4_1	ti20 i0 cas 2 du jeu	g2_del_nombre_de_records	7 records lus	1	1	1	0	0
a521164d	HI_1_4_1	ti20 i0 cas 2 du jeu	g2_del_premier_non_del_avant	1 DEL · DELTA ti=19 aucun composant · masque IMPOSSIBLE sous l archetype lie · pont : masque vide	1	1	1	0	0
a521164d	HI_1_4_1	ti20 i0 cas 2 du jeu	g2_del_premier_non_del_avant	1 DEL · DELTA ti=21 i16(20) · masque possible · pont ti=21 (= archetype lie)	4	4	4	0	0
a521164d	HI_1_4_1	ti20 i0 cas 2 du jeu	g2_del_premier_non_del_avant	1 DEL · DELTA ti=35 i0(56)+i25(10)+i53(36) · masque possible · pont ti=35 (= archetype lie)	1	1	1	0	3
a521164d	HI_1_4_1	ti20 i0 cas 2 du jeu	g2_del_premier_non_del_avant	1 DEL · DELTA ti=42 i0(54)+i12(49)+i16(5) · masque IMPOSSIBLE sous l archetype lie · pont ti=42 (= archetype lie)	1	1	1	0	1
a521164d	HI_1_4_1	ti20 i0 cas 2 du jeu	g2_del_premier_non_del_avant	1 DEL · NEW ti=0 aucun composant	2	2	2	0	0
a521164d	HI_1_4_1	ti20 i0 cas 2 du jeu	g2_del_premier_non_del_avant	1 DEL · NEW ti=41 i0(54)+i2(28)+i8(15)+i9(134)+i15(738)	1	1	1	0	1
a521164d	HI_1_4_1	ti20 i0 cas 2 du jeu	g2_del_premier_non_del_avant	1 DEL · NEW ti=47 i1(24)+i2(45)	1	1	1	0	0
a521164d	HI_1_4_1	ti20 i0 cas 2 du jeu	g2_del_premier_non_del_avant	1 DEL · NEW ti=5 i0(3)	9	9	9	0	0
a521164d	HI_1_4_1	ti20 i0 cas 2 du jeu	g2_del_premier_non_del_avant	2 DEL · DELTA ti=11 i2(64) · masque possible · pont ti=11 (= archetype lie)	4	4	4	0	83
a521164d	HI_1_4_1	ti20 i0 cas 2 du jeu	g2_del_premier_non_del_avant	2 DEL · DELTA ti=21 i16(20) · masque possible · pont ti=21 (= archetype lie)	1	1	1	0	0
a521164d	HI_1_4_1	ti20 i0 cas 2 du jeu	g2_del_premier_non_del_avant	2 DEL · NEW ti=41 i4(11)+i21(1)	1	1	1	0	0
a521164d	HI_1_4_1	ti20 i0 cas 2 du jeu	g2_del_premier_non_del_avant	2 DEL · NEW ti=48 aucun composant	1	1	1	0	0
a521164d	HI_1_4_1	ti20 i0 cas 2 du jeu	genre	DEL ti=0	27	27	27	0	88
a521164d	HI_1_4_1	ti20 i0 cas 2 du jeu	liaison_du_masque_impossible	image-cle ou joker · 1re image-cle du chunk : ti=19 · bloc : gen 1 (eid gen 2), vivante true	1	1	0	0	0
a521164d	HI_1_4_1	ti20 i0 cas 2 du jeu	liaison_du_masque_impossible	image-cle ou joker · 1re image-cle du chunk : ti=42 · bloc : gen 1 (eid gen 1), vivante true	1	1	0	0	0
bcb6d393	HI_1_12_0	desaveu NEW a masque impossible	g2_del	eid du DEL : aucune allocation · lie au monde apres le paquet : false	4	4	4	0	5
bcb6d393	HI_1_12_0	desaveu NEW a masque impossible	g2_del_nombre_de_records	3 records lus	1	1	1	0	0
bcb6d393	HI_1_12_0	desaveu NEW a masque impossible	g2_del_nombre_de_records	4 records lus	1	1	1	0	0
bcb6d393	HI_1_12_0	desaveu NEW a masque impossible	g2_del_nombre_de_records	5 records lus	1	1	1	0	0
bcb6d393	HI_1_12_0	desaveu NEW a masque impossible	g2_del_nombre_de_records	7 records lus	1	1	1	0	5
bcb6d393	HI_1_12_0	desaveu NEW a masque impossible	g2_del_premier_non_del_avant	1 DEL · DELTA ti=21 i16(20) · masque possible · pont ti=21 (= archetype lie)	1	1	1	0	0
bcb6d393	HI_1_12_0	desaveu NEW a masque impossible	g2_del_premier_non_del_avant	1 DEL · DELTA ti=35 i0(47)+i1(31)+i21(25)+i25(10)+i57(10)+i59(5) · masque possible · pont ti=35 (= archetype lie)	1	1	1	0	5
bcb6d393	HI_1_12_0	desaveu NEW a masque impossible	g2_del_premier_non_del_avant	1 DEL · NEW ti=38 i0(45)+i2(64)+i16(5)	1	1	1	0	0
bcb6d393	HI_1_12_0	desaveu NEW a masque impossible	g2_del_premier_non_del_avant	2 DEL · NEW ti=42 aucun composant	1	1	1	0	0
bcb6d393	HI_1_12_0	desaveu NEW a masque impossible	genre	DEL ti=0	4	4	4	0	5
bcb6d393	HI_1_12_0	desaveu des deux	g2_del	eid du DEL : aucune allocation · lie au monde apres le paquet : false	4	4	4	0	5
bcb6d393	HI_1_12_0	desaveu des deux	g2_del_nombre_de_records	3 records lus	1	1	1	0	0
bcb6d393	HI_1_12_0	desaveu des deux	g2_del_nombre_de_records	4 records lus	1	1	1	0	0
bcb6d393	HI_1_12_0	desaveu des deux	g2_del_nombre_de_records	5 records lus	1	1	1	0	0
bcb6d393	HI_1_12_0	desaveu des deux	g2_del_nombre_de_records	7 records lus	1	1	1	0	5
bcb6d393	HI_1_12_0	desaveu des deux	g2_del_premier_non_del_avant	1 DEL · DELTA ti=21 i16(20) · masque possible · pont ti=21 (= archetype lie)	1	1	1	0	0
bcb6d393	HI_1_12_0	desaveu des deux	g2_del_premier_non_del_avant	1 DEL · DELTA ti=35 i0(47)+i1(31)+i21(25)+i25(10)+i57(10)+i59(5) · masque possible · pont ti=35 (= archetype lie)	1	1	1	0	5
bcb6d393	HI_1_12_0	desaveu des deux	g2_del_premier_non_del_avant	1 DEL · NEW ti=38 i0(45)+i2(64)+i16(5)	1	1	1	0	0
bcb6d393	HI_1_12_0	desaveu des deux	g2_del_premier_non_del_avant	2 DEL · NEW ti=42 aucun composant	1	1	1	0	0
bcb6d393	HI_1_12_0	desaveu des deux	genre	DEL ti=0	4	4	4	0	5
bcb6d393	HI_1_12_0	desaveu image-cle hors bloc	g2_del	eid du DEL : aucune allocation · lie au monde apres le paquet : false	4	4	4	0	5
bcb6d393	HI_1_12_0	desaveu image-cle hors bloc	g2_del_nombre_de_records	3 records lus	1	1	1	0	0
bcb6d393	HI_1_12_0	desaveu image-cle hors bloc	g2_del_nombre_de_records	4 records lus	1	1	1	0	0
bcb6d393	HI_1_12_0	desaveu image-cle hors bloc	g2_del_nombre_de_records	5 records lus	1	1	1	0	0
bcb6d393	HI_1_12_0	desaveu image-cle hors bloc	g2_del_nombre_de_records	7 records lus	1	1	1	0	5
bcb6d393	HI_1_12_0	desaveu image-cle hors bloc	g2_del_premier_non_del_avant	1 DEL · DELTA ti=21 i16(20) · masque possible · pont ti=21 (= archetype lie)	1	1	1	0	0
bcb6d393	HI_1_12_0	desaveu image-cle hors bloc	g2_del_premier_non_del_avant	1 DEL · DELTA ti=35 i0(47)+i1(31)+i21(25)+i25(10)+i57(10)+i59(5) · masque possible · pont ti=35 (= archetype lie)	1	1	1	0	5
bcb6d393	HI_1_12_0	desaveu image-cle hors bloc	g2_del_premier_non_del_avant	1 DEL · NEW ti=38 i0(45)+i2(64)+i16(5)	1	1	1	0	0
bcb6d393	HI_1_12_0	desaveu image-cle hors bloc	g2_del_premier_non_del_avant	2 DEL · NEW ti=42 aucun composant	1	1	1	0	0
bcb6d393	HI_1_12_0	desaveu image-cle hors bloc	genre	DEL ti=0	4	4	4	0	5
bcb6d393	HI_1_12_0	oracle archetype force ti=35	g2_del	eid du DEL : aucune allocation · lie au monde apres le paquet : false	4	4	4	0	5
bcb6d393	HI_1_12_0	oracle archetype force ti=35	g2_del_nombre_de_records	3 records lus	1	1	1	0	0
bcb6d393	HI_1_12_0	oracle archetype force ti=35	g2_del_nombre_de_records	4 records lus	1	1	1	0	0
bcb6d393	HI_1_12_0	oracle archetype force ti=35	g2_del_nombre_de_records	5 records lus	1	1	1	0	0
bcb6d393	HI_1_12_0	oracle archetype force ti=35	g2_del_nombre_de_records	7 records lus	1	1	1	0	5
bcb6d393	HI_1_12_0	oracle archetype force ti=35	g2_del_premier_non_del_avant	1 DEL · DELTA ti=21 i16(20) · masque possible · pont ti=21 (= archetype lie)	1	1	1	0	0
bcb6d393	HI_1_12_0	oracle archetype force ti=35	g2_del_premier_non_del_avant	1 DEL · DELTA ti=35 i0(47)+i1(31)+i21(25)+i25(10)+i57(10)+i59(5) · masque possible · pont ti=35 (= archetype lie)	1	1	1	0	5
bcb6d393	HI_1_12_0	oracle archetype force ti=35	g2_del_premier_non_del_avant	1 DEL · NEW ti=38 i0(45)+i2(64)+i16(5)	1	1	1	0	0
bcb6d393	HI_1_12_0	oracle archetype force ti=35	g2_del_premier_non_del_avant	2 DEL · NEW ti=42 aucun composant	1	1	1	0	0
bcb6d393	HI_1_12_0	oracle archetype force ti=35	genre	DEL ti=0	4	4	4	0	5
bcb6d393	HI_1_12_0	oracle archetype force ti=40	g2_del	eid du DEL : aucune allocation · lie au monde apres le paquet : false	4	4	4	0	5
bcb6d393	HI_1_12_0	oracle archetype force ti=40	g2_del_nombre_de_records	3 records lus	1	1	1	0	0
bcb6d393	HI_1_12_0	oracle archetype force ti=40	g2_del_nombre_de_records	4 records lus	1	1	1	0	0
bcb6d393	HI_1_12_0	oracle archetype force ti=40	g2_del_nombre_de_records	5 records lus	1	1	1	0	0
bcb6d393	HI_1_12_0	oracle archetype force ti=40	g2_del_nombre_de_records	7 records lus	1	1	1	0	5
bcb6d393	HI_1_12_0	oracle archetype force ti=40	g2_del_premier_non_del_avant	1 DEL · DELTA ti=21 i16(20) · masque possible · pont ti=21 (= archetype lie)	1	1	1	0	0
bcb6d393	HI_1_12_0	oracle archetype force ti=40	g2_del_premier_non_del_avant	1 DEL · DELTA ti=35 i0(47)+i1(31)+i21(25)+i25(10)+i57(10)+i59(5) · masque possible · pont ti=35 (= archetype lie)	1	1	1	0	5
bcb6d393	HI_1_12_0	oracle archetype force ti=40	g2_del_premier_non_del_avant	1 DEL · NEW ti=38 i0(45)+i2(64)+i16(5)	1	1	1	0	0
bcb6d393	HI_1_12_0	oracle archetype force ti=40	g2_del_premier_non_del_avant	2 DEL · NEW ti=42 aucun composant	1	1	1	0	0
bcb6d393	HI_1_12_0	oracle archetype force ti=40	genre	DEL ti=0	4	4	4	0	5
bcb6d393	HI_1_12_0	oracle du pont (masque impossible)	g2_del	eid du DEL : aucune allocation · lie au monde apres le paquet : false	4	4	4	0	5
bcb6d393	HI_1_12_0	oracle du pont (masque impossible)	g2_del_nombre_de_records	3 records lus	1	1	1	0	0
bcb6d393	HI_1_12_0	oracle du pont (masque impossible)	g2_del_nombre_de_records	4 records lus	1	1	1	0	0
bcb6d393	HI_1_12_0	oracle du pont (masque impossible)	g2_del_nombre_de_records	5 records lus	1	1	1	0	0
bcb6d393	HI_1_12_0	oracle du pont (masque impossible)	g2_del_nombre_de_records	7 records lus	1	1	1	0	5
bcb6d393	HI_1_12_0	oracle du pont (masque impossible)	g2_del_premier_non_del_avant	1 DEL · DELTA ti=21 i16(20) · masque possible · pont ti=21 (= archetype lie)	1	1	1	0	0
bcb6d393	HI_1_12_0	oracle du pont (masque impossible)	g2_del_premier_non_del_avant	1 DEL · DELTA ti=35 i0(47)+i1(31)+i21(25)+i25(10)+i57(10)+i59(5) · masque possible · pont ti=35 (= archetype lie)	1	1	1	0	5
bcb6d393	HI_1_12_0	oracle du pont (masque impossible)	g2_del_premier_non_del_avant	1 DEL · NEW ti=38 i0(45)+i2(64)+i16(5)	1	1	1	0	0
bcb6d393	HI_1_12_0	oracle du pont (masque impossible)	g2_del_premier_non_del_avant	2 DEL · NEW ti=42 aucun composant	1	1	1	0	0
bcb6d393	HI_1_12_0	oracle du pont (masque impossible)	genre	DEL ti=0	4	4	4	0	5
bcb6d393	HI_1_12_0	reference	g2_del	eid du DEL : aucune allocation · lie au monde apres le paquet : false	4	4	4	0	5
bcb6d393	HI_1_12_0	reference	g2_del_nombre_de_records	3 records lus	1	1	1	0	0
bcb6d393	HI_1_12_0	reference	g2_del_nombre_de_records	4 records lus	1	1	1	0	0
bcb6d393	HI_1_12_0	reference	g2_del_nombre_de_records	5 records lus	1	1	1	0	0
bcb6d393	HI_1_12_0	reference	g2_del_nombre_de_records	7 records lus	1	1	1	0	5
bcb6d393	HI_1_12_0	reference	g2_del_premier_non_del_avant	1 DEL · DELTA ti=21 i16(20) · masque possible · pont ti=21 (= archetype lie)	1	1	1	0	0
bcb6d393	HI_1_12_0	reference	g2_del_premier_non_del_avant	1 DEL · DELTA ti=35 i0(47)+i1(31)+i21(25)+i25(10)+i57(10)+i59(5) · masque possible · pont ti=35 (= archetype lie)	1	1	1	0	5
bcb6d393	HI_1_12_0	reference	g2_del_premier_non_del_avant	1 DEL · NEW ti=38 i0(45)+i2(64)+i16(5)	1	1	1	0	0
bcb6d393	HI_1_12_0	reference	g2_del_premier_non_del_avant	2 DEL · NEW ti=42 aucun composant	1	1	1	0	0
bcb6d393	HI_1_12_0	reference	genre	DEL ti=0	4	4	4	0	5
bcb6d393	HI_1_12_0	ti20 i0 cas 2 du jeu	g2_del	eid du DEL : aucune allocation · lie au monde apres le paquet : false	4	4	4	0	5
bcb6d393	HI_1_12_0	ti20 i0 cas 2 du jeu	g2_del_nombre_de_records	3 records lus	1	1	1	0	0
bcb6d393	HI_1_12_0	ti20 i0 cas 2 du jeu	g2_del_nombre_de_records	4 records lus	1	1	1	0	0
bcb6d393	HI_1_12_0	ti20 i0 cas 2 du jeu	g2_del_nombre_de_records	5 records lus	1	1	1	0	0
bcb6d393	HI_1_12_0	ti20 i0 cas 2 du jeu	g2_del_nombre_de_records	7 records lus	1	1	1	0	5
bcb6d393	HI_1_12_0	ti20 i0 cas 2 du jeu	g2_del_premier_non_del_avant	1 DEL · DELTA ti=21 i16(20) · masque possible · pont ti=21 (= archetype lie)	1	1	1	0	0
bcb6d393	HI_1_12_0	ti20 i0 cas 2 du jeu	g2_del_premier_non_del_avant	1 DEL · DELTA ti=35 i0(47)+i1(31)+i21(25)+i25(10)+i57(10)+i59(5) · masque possible · pont ti=35 (= archetype lie)	1	1	1	0	5
bcb6d393	HI_1_12_0	ti20 i0 cas 2 du jeu	g2_del_premier_non_del_avant	1 DEL · NEW ti=38 i0(45)+i2(64)+i16(5)	1	1	1	0	0
bcb6d393	HI_1_12_0	ti20 i0 cas 2 du jeu	g2_del_premier_non_del_avant	2 DEL · NEW ti=42 aucun composant	1	1	1	0	0
bcb6d393	HI_1_12_0	ti20 i0 cas 2 du jeu	genre	DEL ti=0	4	4	4	0	5
bf15f7ab	HI_1_13_0	desaveu NEW a masque impossible	g1_g3_slot	ti=20 slot 553 gen 1 · archetypes declares au film [20 35]	173	173	173	0	1210
bf15f7ab	HI_1_13_0	desaveu NEW a masque impossible	g1_ti20	masque 0x2000003 · i0 cas 0 · i0(2)+i1(16)	71	71	71	0	494
bf15f7ab	HI_1_13_0	desaveu NEW a masque impossible	g1_ti20	masque 0x202000003 · i0 cas 0 · i0(2)+i1(16)	1	1	1	0	7
bf15f7ab	HI_1_13_0	desaveu NEW a masque impossible	g1_ti20	masque 0x2200002 · i0 absent · i1(16)	1	1	1	0	7
bf15f7ab	HI_1_13_0	desaveu NEW a masque impossible	g1_ti20	masque 0x2200003 · i0 cas 0 · i0(2)+i1(16)	100	100	100	0	702
bf15f7ab	HI_1_13_0	desaveu NEW a masque impossible	g1_ti20_pont	masque IMPOSSIBLE sous l archetype lie · pont : masque vide	173	173	173	0	1210
bf15f7ab	HI_1_13_0	desaveu NEW a masque impossible	genre	DELTA ti=20	173	173	173	0	1210
bf15f7ab	HI_1_13_0	desaveu NEW a masque impossible	liaison_du_masque_impossible	image-cle ou joker · 1re image-cle du chunk : ti=20 · bloc : gen 0 (eid gen 1), vivante false	173	173	0	0	0
bf15f7ab	HI_1_13_0	oracle du pont (masque impossible)	g1_g3_slot	ti=20 slot 553 gen 1 · archetypes declares au film [20 35]	173	173	173	0	1210
bf15f7ab	HI_1_13_0	oracle du pont (masque impossible)	g1_ti20	masque 0x2000003 · i0 cas 0 · i0(2)+i1(16)	71	71	71	0	494
bf15f7ab	HI_1_13_0	oracle du pont (masque impossible)	g1_ti20	masque 0x202000003 · i0 cas 0 · i0(2)+i1(16)	1	1	1	0	7
bf15f7ab	HI_1_13_0	oracle du pont (masque impossible)	g1_ti20	masque 0x2200002 · i0 absent · i1(16)	1	1	1	0	7
bf15f7ab	HI_1_13_0	oracle du pont (masque impossible)	g1_ti20	masque 0x2200003 · i0 cas 0 · i0(2)+i1(16)	100	100	100	0	702
bf15f7ab	HI_1_13_0	oracle du pont (masque impossible)	g1_ti20_pont	masque IMPOSSIBLE sous l archetype lie · pont : masque vide	173	173	173	0	1210
bf15f7ab	HI_1_13_0	oracle du pont (masque impossible)	genre	DELTA ti=20	173	173	173	0	1210
bf15f7ab	HI_1_13_0	oracle du pont (masque impossible)	liaison_du_masque_impossible	image-cle ou joker · 1re image-cle du chunk : ti=20 · bloc : gen 0 (eid gen 1), vivante false	173	173	0	0	0
bf15f7ab	HI_1_13_0	reference	g1_g3_slot	ti=20 slot 553 gen 1 · archetypes declares au film [20 35]	173	173	173	0	1210
bf15f7ab	HI_1_13_0	reference	g1_ti20	masque 0x2000003 · i0 cas 0 · i0(2)+i1(16)	71	71	71	0	494
bf15f7ab	HI_1_13_0	reference	g1_ti20	masque 0x202000003 · i0 cas 0 · i0(2)+i1(16)	1	1	1	0	7
bf15f7ab	HI_1_13_0	reference	g1_ti20	masque 0x2200002 · i0 absent · i1(16)	1	1	1	0	7
bf15f7ab	HI_1_13_0	reference	g1_ti20	masque 0x2200003 · i0 cas 0 · i0(2)+i1(16)	100	100	100	0	702
bf15f7ab	HI_1_13_0	reference	g1_ti20_pont	masque IMPOSSIBLE sous l archetype lie · pont : masque vide	173	173	173	0	1210
bf15f7ab	HI_1_13_0	reference	genre	DELTA ti=20	173	173	173	0	1210
bf15f7ab	HI_1_13_0	reference	liaison_du_masque_impossible	image-cle ou joker · 1re image-cle du chunk : ti=20 · bloc : gen 0 (eid gen 1), vivante false	173	173	0	0	0
bf15f7ab	HI_1_13_0	ti20 i0 cas 2 du jeu	g1_g3_slot	ti=20 slot 553 gen 1 · archetypes declares au film [20 35]	173	173	173	0	1210
bf15f7ab	HI_1_13_0	ti20 i0 cas 2 du jeu	g1_ti20	masque 0x2000003 · i0 cas 0 · i0(2)+i1(16)	71	71	71	0	494
bf15f7ab	HI_1_13_0	ti20 i0 cas 2 du jeu	g1_ti20	masque 0x202000003 · i0 cas 0 · i0(2)+i1(16)	1	1	1	0	7
bf15f7ab	HI_1_13_0	ti20 i0 cas 2 du jeu	g1_ti20	masque 0x2200002 · i0 absent · i1(16)	1	1	1	0	7
bf15f7ab	HI_1_13_0	ti20 i0 cas 2 du jeu	g1_ti20	masque 0x2200003 · i0 cas 0 · i0(2)+i1(16)	100	100	100	0	702
bf15f7ab	HI_1_13_0	ti20 i0 cas 2 du jeu	g1_ti20_pont	masque IMPOSSIBLE sous l archetype lie · pont : masque vide	173	173	173	0	1210
bf15f7ab	HI_1_13_0	ti20 i0 cas 2 du jeu	genre	DELTA ti=20	173	173	173	0	1210
bf15f7ab	HI_1_13_0	ti20 i0 cas 2 du jeu	liaison_du_masque_impossible	image-cle ou joker · 1re image-cle du chunk : ti=20 · bloc : gen 0 (eid gen 1), vivante false	173	173	0	0	0
bfecd02b	HI_1_13_0	desaveu NEW a masque impossible	g2_del	eid du DEL : aucune allocation · lie au monde apres le paquet : false	2	2	2	0	15
bfecd02b	HI_1_13_0	desaveu NEW a masque impossible	g2_del_nombre_de_records	10 records lus	1	1	1	0	7
bfecd02b	HI_1_13_0	desaveu NEW a masque impossible	g2_del_nombre_de_records	12 records lus	1	1	1	0	8
bfecd02b	HI_1_13_0	desaveu NEW a masque impossible	g2_del_premier_non_del_avant	1 DEL · DELTA ti=37 i28(20)+i29(19) · masque possible · pont ti=37 (= archetype lie)	1	1	1	0	7
bfecd02b	HI_1_13_0	desaveu NEW a masque impossible	g2_del_premier_non_del_avant	1 DEL · DELTA ti=37 i28(20)+i29(2) · masque possible · pont : masque vide	1	1	1	0	8
bfecd02b	HI_1_13_0	desaveu NEW a masque impossible	genre	DEL ti=0	2	2	2	0	15
bfecd02b	HI_1_13_0	desaveu des deux	g2_del	eid du DEL : aucune allocation · lie au monde apres le paquet : false	2	2	2	0	15
bfecd02b	HI_1_13_0	desaveu des deux	g2_del_nombre_de_records	10 records lus	1	1	1	0	7
bfecd02b	HI_1_13_0	desaveu des deux	g2_del_nombre_de_records	12 records lus	1	1	1	0	8
bfecd02b	HI_1_13_0	desaveu des deux	g2_del_premier_non_del_avant	1 DEL · DELTA ti=37 i28(20)+i29(19) · masque possible · pont ti=37 (= archetype lie)	1	1	1	0	7
bfecd02b	HI_1_13_0	desaveu des deux	g2_del_premier_non_del_avant	1 DEL · DELTA ti=37 i28(20)+i29(2) · masque possible · pont : masque vide	1	1	1	0	8
bfecd02b	HI_1_13_0	desaveu des deux	genre	DEL ti=0	2	2	2	0	15
bfecd02b	HI_1_13_0	desaveu image-cle hors bloc	g2_del	eid du DEL : aucune allocation · lie au monde apres le paquet : false	2	2	2	0	15
bfecd02b	HI_1_13_0	desaveu image-cle hors bloc	g2_del_nombre_de_records	10 records lus	1	1	1	0	7
bfecd02b	HI_1_13_0	desaveu image-cle hors bloc	g2_del_nombre_de_records	12 records lus	1	1	1	0	8
bfecd02b	HI_1_13_0	desaveu image-cle hors bloc	g2_del_premier_non_del_avant	1 DEL · DELTA ti=37 i28(20)+i29(19) · masque possible · pont ti=37 (= archetype lie)	1	1	1	0	7
bfecd02b	HI_1_13_0	desaveu image-cle hors bloc	g2_del_premier_non_del_avant	1 DEL · DELTA ti=37 i28(20)+i29(2) · masque possible · pont : masque vide	1	1	1	0	8
bfecd02b	HI_1_13_0	desaveu image-cle hors bloc	genre	DEL ti=0	2	2	2	0	15
bfecd02b	HI_1_13_0	oracle archetype force ti=35	g2_del	eid du DEL : aucune allocation · lie au monde apres le paquet : false	2	2	2	0	15
bfecd02b	HI_1_13_0	oracle archetype force ti=35	g2_del_nombre_de_records	10 records lus	1	1	1	0	7
bfecd02b	HI_1_13_0	oracle archetype force ti=35	g2_del_nombre_de_records	12 records lus	1	1	1	0	8
bfecd02b	HI_1_13_0	oracle archetype force ti=35	g2_del_premier_non_del_avant	1 DEL · DELTA ti=37 i28(20)+i29(19) · masque possible · pont ti=37 (= archetype lie)	1	1	1	0	7
bfecd02b	HI_1_13_0	oracle archetype force ti=35	g2_del_premier_non_del_avant	1 DEL · DELTA ti=37 i28(20)+i29(2) · masque possible · pont : masque vide	1	1	1	0	8
bfecd02b	HI_1_13_0	oracle archetype force ti=35	genre	DEL ti=0	2	2	2	0	15
bfecd02b	HI_1_13_0	oracle archetype force ti=40	g2_del	eid du DEL : aucune allocation · lie au monde apres le paquet : false	2	2	2	0	15
bfecd02b	HI_1_13_0	oracle archetype force ti=40	g2_del_nombre_de_records	10 records lus	1	1	1	0	7
bfecd02b	HI_1_13_0	oracle archetype force ti=40	g2_del_nombre_de_records	12 records lus	1	1	1	0	8
bfecd02b	HI_1_13_0	oracle archetype force ti=40	g2_del_premier_non_del_avant	1 DEL · DELTA ti=37 i28(20)+i29(19) · masque possible · pont ti=37 (= archetype lie)	1	1	1	0	7
bfecd02b	HI_1_13_0	oracle archetype force ti=40	g2_del_premier_non_del_avant	1 DEL · DELTA ti=37 i28(20)+i29(2) · masque possible · pont : masque vide	1	1	1	0	8
bfecd02b	HI_1_13_0	oracle archetype force ti=40	genre	DEL ti=0	2	2	2	0	15
bfecd02b	HI_1_13_0	oracle du pont (masque impossible)	g2_del	eid du DEL : aucune allocation · lie au monde apres le paquet : false	2	2	2	0	15
bfecd02b	HI_1_13_0	oracle du pont (masque impossible)	g2_del_nombre_de_records	10 records lus	1	1	1	0	7
bfecd02b	HI_1_13_0	oracle du pont (masque impossible)	g2_del_nombre_de_records	12 records lus	1	1	1	0	8
bfecd02b	HI_1_13_0	oracle du pont (masque impossible)	g2_del_premier_non_del_avant	1 DEL · DELTA ti=37 i28(20)+i29(19) · masque possible · pont ti=37 (= archetype lie)	1	1	1	0	7
bfecd02b	HI_1_13_0	oracle du pont (masque impossible)	g2_del_premier_non_del_avant	1 DEL · DELTA ti=37 i28(20)+i29(2) · masque possible · pont : masque vide	1	1	1	0	8
bfecd02b	HI_1_13_0	oracle du pont (masque impossible)	genre	DEL ti=0	2	2	2	0	15
bfecd02b	HI_1_13_0	reference	g2_del	eid du DEL : aucune allocation · lie au monde apres le paquet : false	2	2	2	0	15
bfecd02b	HI_1_13_0	reference	g2_del_nombre_de_records	10 records lus	1	1	1	0	7
bfecd02b	HI_1_13_0	reference	g2_del_nombre_de_records	12 records lus	1	1	1	0	8
bfecd02b	HI_1_13_0	reference	g2_del_premier_non_del_avant	1 DEL · DELTA ti=37 i28(20)+i29(19) · masque possible · pont ti=37 (= archetype lie)	1	1	1	0	7
bfecd02b	HI_1_13_0	reference	g2_del_premier_non_del_avant	1 DEL · DELTA ti=37 i28(20)+i29(2) · masque possible · pont : masque vide	1	1	1	0	8
bfecd02b	HI_1_13_0	reference	genre	DEL ti=0	2	2	2	0	15
bfecd02b	HI_1_13_0	ti20 i0 cas 2 du jeu	g2_del	eid du DEL : aucune allocation · lie au monde apres le paquet : false	2	2	2	0	15
bfecd02b	HI_1_13_0	ti20 i0 cas 2 du jeu	g2_del_nombre_de_records	10 records lus	1	1	1	0	7
bfecd02b	HI_1_13_0	ti20 i0 cas 2 du jeu	g2_del_nombre_de_records	12 records lus	1	1	1	0	8
bfecd02b	HI_1_13_0	ti20 i0 cas 2 du jeu	g2_del_premier_non_del_avant	1 DEL · DELTA ti=37 i28(20)+i29(19) · masque possible · pont ti=37 (= archetype lie)	1	1	1	0	7
bfecd02b	HI_1_13_0	ti20 i0 cas 2 du jeu	g2_del_premier_non_del_avant	1 DEL · DELTA ti=37 i28(20)+i29(2) · masque possible · pont : masque vide	1	1	1	0	8
bfecd02b	HI_1_13_0	ti20 i0 cas 2 du jeu	genre	DEL ti=0	2	2	2	0	15
c75f33b8	HI_1_13_0	desaveu NEW a masque impossible	g2_del	eid du DEL : aucune allocation · lie au monde apres le paquet : false	2	2	2	0	19
c75f33b8	HI_1_13_0	desaveu NEW a masque impossible	g2_del_nombre_de_records	13 records lus	1	1	1	0	8
c75f33b8	HI_1_13_0	desaveu NEW a masque impossible	g2_del_nombre_de_records	14 records lus	1	1	1	0	11
c75f33b8	HI_1_13_0	desaveu NEW a masque impossible	g2_del_premier_non_del_avant	1 DEL · DELTA ti=37 i28(20)+i29(2) · masque possible · pont : masque vide	2	2	2	0	19
c75f33b8	HI_1_13_0	desaveu NEW a masque impossible	genre	DEL ti=0	2	2	2	0	19
c75f33b8	HI_1_13_0	desaveu des deux	g2_del	eid du DEL : aucune allocation · lie au monde apres le paquet : false	2	2	2	0	19
c75f33b8	HI_1_13_0	desaveu des deux	g2_del_nombre_de_records	13 records lus	1	1	1	0	8
c75f33b8	HI_1_13_0	desaveu des deux	g2_del_nombre_de_records	14 records lus	1	1	1	0	11
c75f33b8	HI_1_13_0	desaveu des deux	g2_del_premier_non_del_avant	1 DEL · DELTA ti=37 i28(20)+i29(2) · masque possible · pont : masque vide	2	2	2	0	19
c75f33b8	HI_1_13_0	desaveu des deux	genre	DEL ti=0	2	2	2	0	19
c75f33b8	HI_1_13_0	desaveu image-cle hors bloc	g2_del	eid du DEL : aucune allocation · lie au monde apres le paquet : false	2	2	2	0	19
c75f33b8	HI_1_13_0	desaveu image-cle hors bloc	g2_del_nombre_de_records	13 records lus	1	1	1	0	8
c75f33b8	HI_1_13_0	desaveu image-cle hors bloc	g2_del_nombre_de_records	14 records lus	1	1	1	0	11
c75f33b8	HI_1_13_0	desaveu image-cle hors bloc	g2_del_premier_non_del_avant	1 DEL · DELTA ti=37 i28(20)+i29(2) · masque possible · pont : masque vide	2	2	2	0	19
c75f33b8	HI_1_13_0	desaveu image-cle hors bloc	genre	DEL ti=0	2	2	2	0	19
c75f33b8	HI_1_13_0	oracle archetype force ti=35	g2_del	eid du DEL : aucune allocation · lie au monde apres le paquet : false	2	2	2	0	19
c75f33b8	HI_1_13_0	oracle archetype force ti=35	g2_del_nombre_de_records	13 records lus	1	1	1	0	8
c75f33b8	HI_1_13_0	oracle archetype force ti=35	g2_del_nombre_de_records	14 records lus	1	1	1	0	11
c75f33b8	HI_1_13_0	oracle archetype force ti=35	g2_del_premier_non_del_avant	1 DEL · DELTA ti=37 i28(20)+i29(2) · masque possible · pont : masque vide	2	2	2	0	19
c75f33b8	HI_1_13_0	oracle archetype force ti=35	genre	DEL ti=0	2	2	2	0	19
c75f33b8	HI_1_13_0	oracle archetype force ti=40	g2_del	eid du DEL : aucune allocation · lie au monde apres le paquet : false	2	2	2	0	19
c75f33b8	HI_1_13_0	oracle archetype force ti=40	g2_del_nombre_de_records	13 records lus	1	1	1	0	8
c75f33b8	HI_1_13_0	oracle archetype force ti=40	g2_del_nombre_de_records	14 records lus	1	1	1	0	11
c75f33b8	HI_1_13_0	oracle archetype force ti=40	g2_del_premier_non_del_avant	1 DEL · DELTA ti=37 i28(20)+i29(2) · masque possible · pont : masque vide	2	2	2	0	19
c75f33b8	HI_1_13_0	oracle archetype force ti=40	genre	DEL ti=0	2	2	2	0	19
c75f33b8	HI_1_13_0	oracle du pont (masque impossible)	g2_del	eid du DEL : aucune allocation · lie au monde apres le paquet : false	2	2	2	0	19
c75f33b8	HI_1_13_0	oracle du pont (masque impossible)	g2_del_nombre_de_records	13 records lus	1	1	1	0	8
c75f33b8	HI_1_13_0	oracle du pont (masque impossible)	g2_del_nombre_de_records	14 records lus	1	1	1	0	11
c75f33b8	HI_1_13_0	oracle du pont (masque impossible)	g2_del_premier_non_del_avant	1 DEL · DELTA ti=37 i28(20)+i29(2) · masque possible · pont : masque vide	2	2	2	0	19
c75f33b8	HI_1_13_0	oracle du pont (masque impossible)	genre	DEL ti=0	2	2	2	0	19
c75f33b8	HI_1_13_0	reference	g2_del	eid du DEL : aucune allocation · lie au monde apres le paquet : false	2	2	2	0	19
c75f33b8	HI_1_13_0	reference	g2_del_nombre_de_records	13 records lus	1	1	1	0	8
c75f33b8	HI_1_13_0	reference	g2_del_nombre_de_records	14 records lus	1	1	1	0	11
c75f33b8	HI_1_13_0	reference	g2_del_premier_non_del_avant	1 DEL · DELTA ti=37 i28(20)+i29(2) · masque possible · pont : masque vide	2	2	2	0	19
c75f33b8	HI_1_13_0	reference	genre	DEL ti=0	2	2	2	0	19
c75f33b8	HI_1_13_0	ti20 i0 cas 2 du jeu	g2_del	eid du DEL : aucune allocation · lie au monde apres le paquet : false	2	2	2	0	19
c75f33b8	HI_1_13_0	ti20 i0 cas 2 du jeu	g2_del_nombre_de_records	13 records lus	1	1	1	0	8
c75f33b8	HI_1_13_0	ti20 i0 cas 2 du jeu	g2_del_nombre_de_records	14 records lus	1	1	1	0	11
c75f33b8	HI_1_13_0	ti20 i0 cas 2 du jeu	g2_del_premier_non_del_avant	1 DEL · DELTA ti=37 i28(20)+i29(2) · masque possible · pont : masque vide	2	2	2	0	19
c75f33b8	HI_1_13_0	ti20 i0 cas 2 du jeu	genre	DEL ti=0	2	2	2	0	19
d9781168	HI_1_13_0	desaveu NEW a masque impossible	g2_del	eid du DEL : aucune allocation · lie au monde apres le paquet : false	1	1	1	0	6
d9781168	HI_1_13_0	desaveu NEW a masque impossible	g2_del_nombre_de_records	12 records lus	1	1	1	0	6
d9781168	HI_1_13_0	desaveu NEW a masque impossible	g2_del_premier_non_del_avant	1 DEL · DELTA ti=37 i28(20)+i29(2) · masque possible · pont : masque vide	1	1	1	0	6
d9781168	HI_1_13_0	desaveu NEW a masque impossible	genre	DEL ti=0	1	1	1	0	6
d9781168	HI_1_13_0	desaveu des deux	g2_del	eid du DEL : aucune allocation · lie au monde apres le paquet : false	1	1	1	0	6
d9781168	HI_1_13_0	desaveu des deux	g2_del_nombre_de_records	12 records lus	1	1	1	0	6
d9781168	HI_1_13_0	desaveu des deux	g2_del_premier_non_del_avant	1 DEL · DELTA ti=37 i28(20)+i29(2) · masque possible · pont : masque vide	1	1	1	0	6
d9781168	HI_1_13_0	desaveu des deux	genre	DEL ti=0	1	1	1	0	6
d9781168	HI_1_13_0	desaveu image-cle hors bloc	g2_del	eid du DEL : aucune allocation · lie au monde apres le paquet : false	1	1	1	0	6
d9781168	HI_1_13_0	desaveu image-cle hors bloc	g2_del_nombre_de_records	12 records lus	1	1	1	0	6
d9781168	HI_1_13_0	desaveu image-cle hors bloc	g2_del_premier_non_del_avant	1 DEL · DELTA ti=37 i28(20)+i29(2) · masque possible · pont : masque vide	1	1	1	0	6
d9781168	HI_1_13_0	desaveu image-cle hors bloc	genre	DEL ti=0	1	1	1	0	6
d9781168	HI_1_13_0	oracle archetype force ti=35	g2_del	eid du DEL : aucune allocation · lie au monde apres le paquet : false	1	1	1	0	6
d9781168	HI_1_13_0	oracle archetype force ti=35	g2_del_nombre_de_records	12 records lus	1	1	1	0	6
d9781168	HI_1_13_0	oracle archetype force ti=35	g2_del_premier_non_del_avant	1 DEL · DELTA ti=37 i28(20)+i29(2) · masque possible · pont : masque vide	1	1	1	0	6
d9781168	HI_1_13_0	oracle archetype force ti=35	genre	DEL ti=0	1	1	1	0	6
d9781168	HI_1_13_0	oracle archetype force ti=40	g2_del	eid du DEL : aucune allocation · lie au monde apres le paquet : false	1	1	1	0	6
d9781168	HI_1_13_0	oracle archetype force ti=40	g2_del_nombre_de_records	12 records lus	1	1	1	0	6
d9781168	HI_1_13_0	oracle archetype force ti=40	g2_del_premier_non_del_avant	1 DEL · DELTA ti=37 i28(20)+i29(2) · masque possible · pont : masque vide	1	1	1	0	6
d9781168	HI_1_13_0	oracle archetype force ti=40	genre	DEL ti=0	1	1	1	0	6
d9781168	HI_1_13_0	oracle du pont (masque impossible)	g2_del	eid du DEL : aucune allocation · lie au monde apres le paquet : false	1	1	1	0	6
d9781168	HI_1_13_0	oracle du pont (masque impossible)	g2_del_nombre_de_records	12 records lus	1	1	1	0	6
d9781168	HI_1_13_0	oracle du pont (masque impossible)	g2_del_premier_non_del_avant	1 DEL · DELTA ti=37 i28(20)+i29(2) · masque possible · pont : masque vide	1	1	1	0	6
d9781168	HI_1_13_0	oracle du pont (masque impossible)	genre	DEL ti=0	1	1	1	0	6
d9781168	HI_1_13_0	reference	g2_del	eid du DEL : aucune allocation · lie au monde apres le paquet : false	1	1	1	0	6
d9781168	HI_1_13_0	reference	g2_del_nombre_de_records	12 records lus	1	1	1	0	6
d9781168	HI_1_13_0	reference	g2_del_premier_non_del_avant	1 DEL · DELTA ti=37 i28(20)+i29(2) · masque possible · pont : masque vide	1	1	1	0	6
d9781168	HI_1_13_0	reference	genre	DEL ti=0	1	1	1	0	6
d9781168	HI_1_13_0	ti20 i0 cas 2 du jeu	g2_del	eid du DEL : aucune allocation · lie au monde apres le paquet : false	1	1	1	0	6
d9781168	HI_1_13_0	ti20 i0 cas 2 du jeu	g2_del_nombre_de_records	12 records lus	1	1	1	0	6
d9781168	HI_1_13_0	ti20 i0 cas 2 du jeu	g2_del_premier_non_del_avant	1 DEL · DELTA ti=37 i28(20)+i29(2) · masque possible · pont : masque vide	1	1	1	0	6
d9781168	HI_1_13_0	ti20 i0 cas 2 du jeu	genre	DEL ti=0	1	1	1	0	6
e5adf7b2	HI_1_11_0	desaveu NEW a masque impossible	g1_g3_slot	ti=20 slot 553 gen 1 · archetypes declares au film [20 35]	58	58	58	0	1134
e5adf7b2	HI_1_11_0	desaveu NEW a masque impossible	g1_ti20	masque 0x2000003 · i0 cas 0 · i0(2)+i1(16)	39	39	39	0	765
e5adf7b2	HI_1_11_0	desaveu NEW a masque impossible	g1_ti20	masque 0x2008003 · i0 cas 0 · i0(2)+i1(16)	1	1	1	0	18
e5adf7b2	HI_1_11_0	desaveu NEW a masque impossible	g1_ti20	masque 0x2200003 · i0 cas 0 · i0(2)+i1(16)	17	17	17	0	333
e5adf7b2	HI_1_11_0	desaveu NEW a masque impossible	g1_ti20	masque 0x6000003 · i0 cas 0 · i0(2)+i1(16)	1	1	1	0	18
e5adf7b2	HI_1_11_0	desaveu NEW a masque impossible	g1_ti20_pont	masque IMPOSSIBLE sous l archetype lie · pont : masque vide	58	58	58	0	1134
e5adf7b2	HI_1_11_0	desaveu NEW a masque impossible	g2_del	eid du DEL : aucune allocation · lie au monde apres le paquet : false	31	31	31	0	127
e5adf7b2	HI_1_11_0	desaveu NEW a masque impossible	g2_del	eid du DEL : libere avant le chunk · lie au monde apres le paquet : false	1	1	1	0	1
e5adf7b2	HI_1_11_0	desaveu NEW a masque impossible	g2_del	eid du DEL : realloue sous une autre generation · lie au monde apres le paquet : false	5	5	5	0	58
e5adf7b2	HI_1_11_0	desaveu NEW a masque impossible	g2_del	eid du DEL : vivant au bloc du chunk · lie au monde apres le paquet : false	5	5	5	0	0
e5adf7b2	HI_1_11_0	desaveu NEW a masque impossible	g2_del_nombre_de_records	14 records lus	1	1	1	0	11
e5adf7b2	HI_1_11_0	desaveu NEW a masque impossible	g2_del_nombre_de_records	18 records lus	1	1	1	0	15
e5adf7b2	HI_1_11_0	desaveu NEW a masque impossible	g2_del_nombre_de_records	2 records lus	7	7	7	0	4
e5adf7b2	HI_1_11_0	desaveu NEW a masque impossible	g2_del_nombre_de_records	24 records lus	3	3	3	0	62
e5adf7b2	HI_1_11_0	desaveu NEW a masque impossible	g2_del_nombre_de_records	25 records lus	3	3	3	0	66
e5adf7b2	HI_1_11_0	desaveu NEW a masque impossible	g2_del_nombre_de_records	3 records lus	5	5	5	0	1
e5adf7b2	HI_1_11_0	desaveu NEW a masque impossible	g2_del_nombre_de_records	30 records lus	1	1	1	0	26
e5adf7b2	HI_1_11_0	desaveu NEW a masque impossible	g2_del_nombre_de_records	4 records lus	14	14	14	0	1
e5adf7b2	HI_1_11_0	desaveu NEW a masque impossible	g2_del_nombre_de_records	5 records lus	2	2	2	0	0
e5adf7b2	HI_1_11_0	desaveu NEW a masque impossible	g2_del_nombre_de_records	6 records lus	4	4	4	0	0
e5adf7b2	HI_1_11_0	desaveu NEW a masque impossible	g2_del_nombre_de_records	9 records lus	1	1	1	0	0
e5adf7b2	HI_1_11_0	desaveu NEW a masque impossible	g2_del_premier_non_del_avant	1 DEL · DELTA ti=20 i0(2)+i1(16) · masque IMPOSSIBLE sous l archetype lie · pont : masque vide	6	6	6	0	123
e5adf7b2	HI_1_11_0	desaveu NEW a masque impossible	g2_del_premier_non_del_avant	1 DEL · DELTA ti=21 i16(20) · masque possible · pont ti=21 (= archetype lie)	4	4	4	0	0
e5adf7b2	HI_1_11_0	desaveu NEW a masque impossible	g2_del_premier_non_del_avant	1 DEL · DELTA ti=38 i0(53)+i3(28)+i6(31)+i7(132)+i9(38)+i11(1)+i12(17)+i13(8)+i14(113)+i19(25) · masque IMPOSSIBLE sous l archetype lie · pont : masque vide	1	1	1	0	20
e5adf7b2	HI_1_11_0	desaveu NEW a masque impossible	g2_del_premier_non_del_avant	1 DEL · DELTA ti=42 i1(30)+i4(11)+i7(30)+i9(54)+i18(1)+i20(31) · masque IMPOSSIBLE sous l archetype lie · pont : masque vide	1	1	1	0	1
e5adf7b2	HI_1_11_0	desaveu NEW a masque impossible	g2_del_premier_non_del_avant	1 DEL · DELTA ti=42 i16(5) · masque IMPOSSIBLE sous l archetype lie · pont : masque vide	1	1	1	0	0
e5adf7b2	HI_1_11_0	desaveu NEW a masque impossible	g2_del_premier_non_del_avant	1 DEL · DELTA ti=42 i5(29)+i6(82)+i8(5)+i10(115)+i12(17)+i13(8)+i18(1)+i19(1)+i20(31) · masque IMPOSSIBLE sous l archetype lie · pont : masque vide	1	1	1	0	11
e5adf7b2	HI_1_11_0	desaveu NEW a masque impossible	g2_del_premier_non_del_avant	1 DEL · NEW ti=0 aucun composant	1	1	1	0	0
e5adf7b2	HI_1_11_0	desaveu NEW a masque impossible	g2_del_premier_non_del_avant	1 DEL · NEW ti=37 i1(1)+i2(28)+i3(1)+i4(11)+i6(76)+i7(81)+i9(118)+i10(3)+i11(1)+i12(17)+i16(5)+i21(4)+i26(10)+i27(8)	1	1	1	0	0
e5adf7b2	HI_1_11_0	desaveu NEW a masque impossible	g2_del_premier_non_del_avant	1 DEL · NEW ti=4 i0(8)	1	1	1	0	0
e5adf7b2	HI_1_11_0	desaveu NEW a masque impossible	g2_del_premier_non_del_avant	1 DEL · NEW ti=41 i0(54)+i1(30)	1	1	1	0	1
e5adf7b2	HI_1_11_0	desaveu NEW a masque impossible	g2_del_premier_non_del_avant	1 DEL · NEW ti=41 i0(54)+i12(1)	1	1	1	0	1
e5adf7b2	HI_1_11_0	desaveu NEW a masque impossible	g2_del_premier_non_del_avant	1 DEL · NEW ti=41 i0(54)+i13(23)	1	1	1	0	1
e5adf7b2	HI_1_11_0	desaveu NEW a masque impossible	g2_del_premier_non_del_avant	1 DEL · NEW ti=41 i0(54)+i3(1)	1	1	1	0	1
e5adf7b2	HI_1_11_0	desaveu NEW a masque impossible	g2_del_premier_non_del_avant	1 DEL · NEW ti=41 i0(60)+i3(28)+i5(29)+i6(228)+i7(314)+i8(51)+i11(1)+i12(1)	1	1	1	0	1
e5adf7b2	HI_1_11_0	desaveu NEW a masque impossible	g2_del_premier_non_del_avant	1 DEL · NEW ti=41 i1(1)	1	1	1	0	0
e5adf7b2	HI_1_11_0	desaveu NEW a masque impossible	g2_del_premier_non_del_avant	1 DEL · NEW ti=41 i3(1)	1	1	1	0	0
e5adf7b2	HI_1_11_0	desaveu NEW a masque impossible	g2_del_premier_non_del_avant	1 DEL · NEW ti=47 aucun composant	1	1	1	0	26
e5adf7b2	HI_1_11_0	desaveu NEW a masque impossible	g2_del_premier_non_del_avant	1 DEL · NEW ti=47 i0(26)+i1(24)+i2(33)	1	1	1	0	0
e5adf7b2	HI_1_11_0	desaveu NEW a masque impossible	g2_del_premier_non_del_avant	1 DEL · NEW ti=5 i0(3)	9	9	9	0	0
e5adf7b2	HI_1_11_0	desaveu NEW a masque impossible	g2_del_premier_non_del_avant	2 DEL · DELTA ti=21 i16(20) · masque possible · pont ti=21 (= archetype lie)	4	4	4	0	0
e5adf7b2	HI_1_11_0	desaveu NEW a masque impossible	g2_del_premier_non_del_avant	2 DEL · NEW ti=0 aucun composant	1	1	1	0	0
e5adf7b2	HI_1_11_0	desaveu NEW a masque impossible	g2_del_premier_non_del_avant	3 DEL · DELTA ti=21 i16(20) · masque possible · pont ti=21 (= archetype lie)	1	1	1	0	0
e5adf7b2	HI_1_11_0	desaveu NEW a masque impossible	g2_del_premier_non_del_avant	4 DEL · NEW ti=0 aucun composant	1	1	1	0	0
e5adf7b2	HI_1_11_0	desaveu NEW a masque impossible	genre	DEL ti=0	42	42	42	0	186
e5adf7b2	HI_1_11_0	desaveu NEW a masque impossible	genre	DELTA ti=20	58	58	58	0	1134
e5adf7b2	HI_1_11_0	desaveu NEW a masque impossible	liaison_du_masque_impossible	image-cle ou joker · 1re image-cle du chunk : ti=20 · bloc : gen 0 (eid gen 1), vivante false	64	64	0	0	0
e5adf7b2	HI_1_11_0	desaveu NEW a masque impossible	liaison_du_masque_impossible	table de datums ou anticipation · slot non declare par la 1re image-cle du chunk · bloc : gen 0 (eid gen 1), vivante false	4	4	0	0	0
e5adf7b2	HI_1_11_0	desaveu des deux	g2_del	eid du DEL : aucune allocation · lie au monde apres le paquet : false	27	27	27	0	41
e5adf7b2	HI_1_11_0	desaveu des deux	g2_del	eid du DEL : libere avant le chunk · lie au monde apres le paquet : false	1	1	1	0	1
e5adf7b2	HI_1_11_0	desaveu des deux	g2_del	eid du DEL : realloue sous une autre generation · lie au monde apres le paquet : false	2	2	2	0	1
e5adf7b2	HI_1_11_0	desaveu des deux	g2_del	eid du DEL : vivant au bloc du chunk · lie au monde apres le paquet : false	5	5	5	0	0
e5adf7b2	HI_1_11_0	desaveu des deux	g2_del_nombre_de_records	14 records lus	1	1	1	0	11
e5adf7b2	HI_1_11_0	desaveu des deux	g2_del_nombre_de_records	2 records lus	7	7	7	0	4
e5adf7b2	HI_1_11_0	desaveu des deux	g2_del_nombre_de_records	3 records lus	5	5	5	0	1
e5adf7b2	HI_1_11_0	desaveu des deux	g2_del_nombre_de_records	30 records lus	1	1	1	0	26
e5adf7b2	HI_1_11_0	desaveu des deux	g2_del_nombre_de_records	4 records lus	14	14	14	0	1
e5adf7b2	HI_1_11_0	desaveu des deux	g2_del_nombre_de_records	5 records lus	2	2	2	0	0
e5adf7b2	HI_1_11_0	desaveu des deux	g2_del_nombre_de_records	6 records lus	4	4	4	0	0
e5adf7b2	HI_1_11_0	desaveu des deux	g2_del_nombre_de_records	9 records lus	1	1	1	0	0
e5adf7b2	HI_1_11_0	desaveu des deux	g2_del_premier_non_del_avant	1 DEL · DELTA ti=21 i16(20) · masque possible · pont ti=21 (= archetype lie)	4	4	4	0	0
e5adf7b2	HI_1_11_0	desaveu des deux	g2_del_premier_non_del_avant	1 DEL · DELTA ti=42 i1(30)+i4(11)+i7(30)+i9(54)+i18(1)+i20(31) · masque IMPOSSIBLE sous l archetype lie · pont : masque vide	1	1	1	0	1
e5adf7b2	HI_1_11_0	desaveu des deux	g2_del_premier_non_del_avant	1 DEL · DELTA ti=42 i16(5) · masque IMPOSSIBLE sous l archetype lie · pont : masque vide	1	1	1	0	0
e5adf7b2	HI_1_11_0	desaveu des deux	g2_del_premier_non_del_avant	1 DEL · DELTA ti=42 i5(29)+i6(82)+i8(5)+i10(115)+i12(17)+i13(8)+i18(1)+i19(1)+i20(31) · masque IMPOSSIBLE sous l archetype lie · pont : masque vide	1	1	1	0	11
e5adf7b2	HI_1_11_0	desaveu des deux	g2_del_premier_non_del_avant	1 DEL · NEW ti=0 aucun composant	1	1	1	0	0
e5adf7b2	HI_1_11_0	desaveu des deux	g2_del_premier_non_del_avant	1 DEL · NEW ti=37 i1(1)+i2(28)+i3(1)+i4(11)+i6(76)+i7(81)+i9(118)+i10(3)+i11(1)+i12(17)+i16(5)+i21(4)+i26(10)+i27(8)	1	1	1	0	0
e5adf7b2	HI_1_11_0	desaveu des deux	g2_del_premier_non_del_avant	1 DEL · NEW ti=4 i0(8)	1	1	1	0	0
e5adf7b2	HI_1_11_0	desaveu des deux	g2_del_premier_non_del_avant	1 DEL · NEW ti=41 i0(54)+i1(30)	1	1	1	0	1
e5adf7b2	HI_1_11_0	desaveu des deux	g2_del_premier_non_del_avant	1 DEL · NEW ti=41 i0(54)+i12(1)	1	1	1	0	1
e5adf7b2	HI_1_11_0	desaveu des deux	g2_del_premier_non_del_avant	1 DEL · NEW ti=41 i0(54)+i13(23)	1	1	1	0	1
e5adf7b2	HI_1_11_0	desaveu des deux	g2_del_premier_non_del_avant	1 DEL · NEW ti=41 i0(54)+i3(1)	1	1	1	0	1
e5adf7b2	HI_1_11_0	desaveu des deux	g2_del_premier_non_del_avant	1 DEL · NEW ti=41 i0(60)+i3(28)+i5(29)+i6(228)+i7(314)+i8(51)+i11(1)+i12(1)	1	1	1	0	1
e5adf7b2	HI_1_11_0	desaveu des deux	g2_del_premier_non_del_avant	1 DEL · NEW ti=41 i1(1)	1	1	1	0	0
e5adf7b2	HI_1_11_0	desaveu des deux	g2_del_premier_non_del_avant	1 DEL · NEW ti=41 i3(1)	1	1	1	0	0
e5adf7b2	HI_1_11_0	desaveu des deux	g2_del_premier_non_del_avant	1 DEL · NEW ti=47 aucun composant	1	1	1	0	26
e5adf7b2	HI_1_11_0	desaveu des deux	g2_del_premier_non_del_avant	1 DEL · NEW ti=47 i0(26)+i1(24)+i2(33)	1	1	1	0	0
e5adf7b2	HI_1_11_0	desaveu des deux	g2_del_premier_non_del_avant	1 DEL · NEW ti=5 i0(3)	9	9	9	0	0
e5adf7b2	HI_1_11_0	desaveu des deux	g2_del_premier_non_del_avant	2 DEL · DELTA ti=21 i16(20) · masque possible · pont ti=21 (= archetype lie)	4	4	4	0	0
e5adf7b2	HI_1_11_0	desaveu des deux	g2_del_premier_non_del_avant	2 DEL · NEW ti=0 aucun composant	1	1	1	0	0
e5adf7b2	HI_1_11_0	desaveu des deux	g2_del_premier_non_del_avant	3 DEL · DELTA ti=21 i16(20) · masque possible · pont ti=21 (= archetype lie)	1	1	1	0	0
e5adf7b2	HI_1_11_0	desaveu des deux	g2_del_premier_non_del_avant	4 DEL · NEW ti=0 aucun composant	1	1	1	0	0
e5adf7b2	HI_1_11_0	desaveu des deux	genre	DEL ti=0	35	35	35	0	43
e5adf7b2	HI_1_11_0	desaveu des deux	liaison_du_masque_impossible	table de datums ou anticipation · slot non declare par la 1re image-cle du chunk · bloc : gen 0 (eid gen 1), vivante false	3	3	0	0	0
e5adf7b2	HI_1_11_0	desaveu image-cle hors bloc	g2_del	eid du DEL : aucune allocation · lie au monde apres le paquet : false	23	23	23	0	41
e5adf7b2	HI_1_11_0	desaveu image-cle hors bloc	g2_del	eid du DEL : libere avant le chunk · lie au monde apres le paquet : false	1	1	1	0	1
e5adf7b2	HI_1_11_0	desaveu image-cle hors bloc	g2_del	eid du DEL : realloue sous une autre generation · lie au monde apres le paquet : false	2	2	2	0	1
e5adf7b2	HI_1_11_0	desaveu image-cle hors bloc	g2_del	eid du DEL : vivant au bloc du chunk · lie au monde apres le paquet : false	5	5	5	0	0
e5adf7b2	HI_1_11_0	desaveu image-cle hors bloc	g2_del_nombre_de_records	14 records lus	1	1	1	0	11
e5adf7b2	HI_1_11_0	desaveu image-cle hors bloc	g2_del_nombre_de_records	2 records lus	5	5	5	0	4
e5adf7b2	HI_1_11_0	desaveu image-cle hors bloc	g2_del_nombre_de_records	3 records lus	5	5	5	0	1
e5adf7b2	HI_1_11_0	desaveu image-cle hors bloc	g2_del_nombre_de_records	30 records lus	1	1	1	0	26
e5adf7b2	HI_1_11_0	desaveu image-cle hors bloc	g2_del_nombre_de_records	4 records lus	12	12	12	0	1
e5adf7b2	HI_1_11_0	desaveu image-cle hors bloc	g2_del_nombre_de_records	5 records lus	2	2	2	0	0
e5adf7b2	HI_1_11_0	desaveu image-cle hors bloc	g2_del_nombre_de_records	6 records lus	4	4	4	0	0
e5adf7b2	HI_1_11_0	desaveu image-cle hors bloc	g2_del_nombre_de_records	9 records lus	1	1	1	0	0
e5adf7b2	HI_1_11_0	desaveu image-cle hors bloc	g2_del_premier_non_del_avant	1 DEL · DELTA ti=21 i16(20) · masque possible · pont ti=21 (= archetype lie)	4	4	4	0	0
e5adf7b2	HI_1_11_0	desaveu image-cle hors bloc	g2_del_premier_non_del_avant	1 DEL · DELTA ti=42 i1(30)+i4(11)+i7(30)+i9(54)+i18(1)+i20(31) · masque IMPOSSIBLE sous l archetype lie · pont : masque vide	1	1	1	0	1
e5adf7b2	HI_1_11_0	desaveu image-cle hors bloc	g2_del_premier_non_del_avant	1 DEL · DELTA ti=42 i16(5) · masque IMPOSSIBLE sous l archetype lie · pont : masque vide	1	1	1	0	0
e5adf7b2	HI_1_11_0	desaveu image-cle hors bloc	g2_del_premier_non_del_avant	1 DEL · DELTA ti=42 i5(29)+i6(82)+i8(5)+i10(115)+i12(17)+i13(8)+i18(1)+i19(1)+i20(31) · masque IMPOSSIBLE sous l archetype lie · pont : masque vide	1	1	1	0	11
e5adf7b2	HI_1_11_0	desaveu image-cle hors bloc	g2_del_premier_non_del_avant	1 DEL · NEW ti=0 aucun composant	1	1	1	0	0
e5adf7b2	HI_1_11_0	desaveu image-cle hors bloc	g2_del_premier_non_del_avant	1 DEL · NEW ti=37 i1(1)+i2(28)+i3(1)+i4(11)+i6(76)+i7(81)+i9(118)+i10(3)+i11(1)+i12(17)+i16(5)+i21(4)+i26(10)+i27(8)	1	1	1	0	0
e5adf7b2	HI_1_11_0	desaveu image-cle hors bloc	g2_del_premier_non_del_avant	1 DEL · NEW ti=4 i0(8)	1	1	1	0	0
e5adf7b2	HI_1_11_0	desaveu image-cle hors bloc	g2_del_premier_non_del_avant	1 DEL · NEW ti=41 i0(54)+i1(30)	1	1	1	0	1
e5adf7b2	HI_1_11_0	desaveu image-cle hors bloc	g2_del_premier_non_del_avant	1 DEL · NEW ti=41 i0(54)+i12(1)	1	1	1	0	1
e5adf7b2	HI_1_11_0	desaveu image-cle hors bloc	g2_del_premier_non_del_avant	1 DEL · NEW ti=41 i0(54)+i13(23)	1	1	1	0	1
e5adf7b2	HI_1_11_0	desaveu image-cle hors bloc	g2_del_premier_non_del_avant	1 DEL · NEW ti=41 i0(54)+i3(1)	1	1	1	0	1
e5adf7b2	HI_1_11_0	desaveu image-cle hors bloc	g2_del_premier_non_del_avant	1 DEL · NEW ti=41 i0(60)+i3(28)+i5(29)+i6(228)+i7(314)+i8(51)+i11(1)+i12(1)	1	1	1	0	1
e5adf7b2	HI_1_11_0	desaveu image-cle hors bloc	g2_del_premier_non_del_avant	1 DEL · NEW ti=47 aucun composant	1	1	1	0	26
e5adf7b2	HI_1_11_0	desaveu image-cle hors bloc	g2_del_premier_non_del_avant	1 DEL · NEW ti=47 i0(26)+i1(24)+i2(33)	1	1	1	0	0
e5adf7b2	HI_1_11_0	desaveu image-cle hors bloc	g2_del_premier_non_del_avant	1 DEL · NEW ti=5 i0(3)	7	7	7	0	0
e5adf7b2	HI_1_11_0	desaveu image-cle hors bloc	g2_del_premier_non_del_avant	2 DEL · DELTA ti=21 i16(20) · masque possible · pont ti=21 (= archetype lie)	4	4	4	0	0
e5adf7b2	HI_1_11_0	desaveu image-cle hors bloc	g2_del_premier_non_del_avant	2 DEL · NEW ti=0 aucun composant	1	1	1	0	0
e5adf7b2	HI_1_11_0	desaveu image-cle hors bloc	g2_del_premier_non_del_avant	3 DEL · DELTA ti=21 i16(20) · masque possible · pont ti=21 (= archetype lie)	1	1	1	0	0
e5adf7b2	HI_1_11_0	desaveu image-cle hors bloc	g2_del_premier_non_del_avant	4 DEL · NEW ti=0 aucun composant	1	1	1	0	0
e5adf7b2	HI_1_11_0	desaveu image-cle hors bloc	genre	DEL ti=0	31	31	31	0	43
e5adf7b2	HI_1_11_0	desaveu image-cle hors bloc	liaison_du_masque_impossible	table de datums ou anticipation · slot non declare par la 1re image-cle du chunk · bloc : gen 0 (eid gen 1), vivante false	3	3	0	0	0
e5adf7b2	HI_1_11_0	oracle archetype force ti=35	g1_g3_slot	ti=20 slot 554 gen 1 · archetypes declares au film [20 35]	74	74	74	0	1544
e5adf7b2	HI_1_11_0	oracle archetype force ti=35	g1_ti20	masque 0x2000002 · i0 absent · i1(16)	1	1	1	0	23
e5adf7b2	HI_1_11_0	oracle archetype force ti=35	g1_ti20	masque 0x2000003 · i0 cas 0 · i0(2)+i1(16)	40	40	40	0	866
e5adf7b2	HI_1_11_0	oracle archetype force ti=35	g1_ti20	masque 0x2200003 · i0 cas 0 · i0(2)+i1(16)	31	31	31	0	610
e5adf7b2	HI_1_11_0	oracle archetype force ti=35	g1_ti20	masque 0x6000000 · i0 absent · aucun composant	1	1	1	0	22
e5adf7b2	HI_1_11_0	oracle archetype force ti=35	g1_ti20	masque 0xa00000012000003 · i0 cas 0 · i0(2)+i1(16)	1	1	1	0	23
e5adf7b2	HI_1_11_0	oracle archetype force ti=35	g1_ti20_pont	masque IMPOSSIBLE sous l archetype lie · pont : masque vide	74	74	74	0	1544
e5adf7b2	HI_1_11_0	oracle archetype force ti=35	g2_del	eid du DEL : aucune allocation · lie au monde apres le paquet : false	27	27	27	0	153
e5adf7b2	HI_1_11_0	oracle archetype force ti=35	g2_del	eid du DEL : libere avant le chunk · lie au monde apres le paquet : false	1	1	1	0	1
e5adf7b2	HI_1_11_0	oracle archetype force ti=35	g2_del	eid du DEL : naissance non lue · lie au monde apres le paquet : false	2	2	2	0	44
e5adf7b2	HI_1_11_0	oracle archetype force ti=35	g2_del	eid du DEL : realloue sous une autre generation · lie au monde apres le paquet : false	8	8	8	0	150
e5adf7b2	HI_1_11_0	oracle archetype force ti=35	g2_del	eid du DEL : vivant au bloc du chunk · lie au monde apres le paquet : false	5	5	5	0	0
e5adf7b2	HI_1_11_0	oracle archetype force ti=35	g2_del_nombre_de_records	2 records lus	5	5	5	0	4
e5adf7b2	HI_1_11_0	oracle archetype force ti=35	g2_del_nombre_de_records	20 records lus	1	1	1	0	16
e5adf7b2	HI_1_11_0	oracle archetype force ti=35	g2_del_nombre_de_records	22 records lus	1	1	1	0	17
e5adf7b2	HI_1_11_0	oracle archetype force ti=35	g2_del_nombre_de_records	23 records lus	2	2	2	0	40
e5adf7b2	HI_1_11_0	oracle archetype force ti=35	g2_del_nombre_de_records	24 records lus	2	2	2	0	42
e5adf7b2	HI_1_11_0	oracle archetype force ti=35	g2_del_nombre_de_records	25 records lus	5	5	5	0	110
e5adf7b2	HI_1_11_0	oracle archetype force ti=35	g2_del_nombre_de_records	26 records lus	3	3	3	0	69
e5adf7b2	HI_1_11_0	oracle archetype force ti=35	g2_del_nombre_de_records	27 records lus	1	1	1	0	23
e5adf7b2	HI_1_11_0	oracle archetype force ti=35	g2_del_nombre_de_records	3 records lus	4	4	4	0	0
e5adf7b2	HI_1_11_0	oracle archetype force ti=35	g2_del_nombre_de_records	30 records lus	1	1	1	0	26
e5adf7b2	HI_1_11_0	oracle archetype force ti=35	g2_del_nombre_de_records	4 records lus	11	11	11	0	1
e5adf7b2	HI_1_11_0	oracle archetype force ti=35	g2_del_nombre_de_records	5 records lus	2	2	2	0	0
e5adf7b2	HI_1_11_0	oracle archetype force ti=35	g2_del_nombre_de_records	6 records lus	4	4	4	0	0
e5adf7b2	HI_1_11_0	oracle archetype force ti=35	g2_del_nombre_de_records	9 records lus	1	1	1	0	0
e5adf7b2	HI_1_11_0	oracle archetype force ti=35	g2_del_premier_non_del_avant	1 DEL · DELTA ti=20 i0(2)+i1(16) · masque IMPOSSIBLE sous l archetype lie · pont : masque vide	14	14	14	0	301
e5adf7b2	HI_1_11_0	oracle archetype force ti=35	g2_del_premier_non_del_avant	1 DEL · DELTA ti=21 i16(20) · masque possible · pont ti=21 (= archetype lie)	4	4	4	0	0
e5adf7b2	HI_1_11_0	oracle archetype force ti=35	g2_del_premier_non_del_avant	1 DEL · NEW ti=0 aucun composant	1	1	1	0	0
e5adf7b2	HI_1_11_0	oracle archetype force ti=35	g2_del_premier_non_del_avant	1 DEL · NEW ti=37 i1(1)+i2(28)+i3(1)+i4(11)+i6(76)+i7(81)+i9(118)+i10(3)+i11(1)+i12(17)+i16(5)+i21(4)+i26(10)+i27(8)	1	1	1	0	0
e5adf7b2	HI_1_11_0	oracle archetype force ti=35	g2_del_premier_non_del_avant	1 DEL · NEW ti=4 i0(8)	1	1	1	0	0
e5adf7b2	HI_1_11_0	oracle archetype force ti=35	g2_del_premier_non_del_avant	1 DEL · NEW ti=41 i0(54)+i1(30)	1	1	1	0	1
e5adf7b2	HI_1_11_0	oracle archetype force ti=35	g2_del_premier_non_del_avant	1 DEL · NEW ti=41 i0(54)+i12(1)	1	1	1	0	1
e5adf7b2	HI_1_11_0	oracle archetype force ti=35	g2_del_premier_non_del_avant	1 DEL · NEW ti=41 i0(54)+i13(23)	1	1	1	0	1
e5adf7b2	HI_1_11_0	oracle archetype force ti=35	g2_del_premier_non_del_avant	1 DEL · NEW ti=41 i0(54)+i3(1)	1	1	1	0	1
e5adf7b2	HI_1_11_0	oracle archetype force ti=35	g2_del_premier_non_del_avant	1 DEL · NEW ti=41 i0(60)+i3(28)+i5(29)+i6(228)+i7(314)+i8(51)+i11(1)+i12(1)	1	1	1	0	1
e5adf7b2	HI_1_11_0	oracle archetype force ti=35	g2_del_premier_non_del_avant	1 DEL · NEW ti=47 aucun composant	1	1	1	0	26
e5adf7b2	HI_1_11_0	oracle archetype force ti=35	g2_del_premier_non_del_avant	1 DEL · NEW ti=47 i0(26)+i1(24)+i2(33)	1	1	1	0	0
e5adf7b2	HI_1_11_0	oracle archetype force ti=35	g2_del_premier_non_del_avant	1 DEL · NEW ti=5 i0(3)	7	7	7	0	0
e5adf7b2	HI_1_11_0	oracle archetype force ti=35	g2_del_premier_non_del_avant	2 DEL · DELTA ti=20 i0(2)+i1(16) · masque IMPOSSIBLE sous l archetype lie · pont : masque vide	1	1	1	0	16
e5adf7b2	HI_1_11_0	oracle archetype force ti=35	g2_del_premier_non_del_avant	2 DEL · DELTA ti=21 i16(20) · masque possible · pont ti=21 (= archetype lie)	4	4	4	0	0
e5adf7b2	HI_1_11_0	oracle archetype force ti=35	g2_del_premier_non_del_avant	2 DEL · NEW ti=0 aucun composant	1	1	1	0	0
e5adf7b2	HI_1_11_0	oracle archetype force ti=35	g2_del_premier_non_del_avant	3 DEL · DELTA ti=21 i16(20) · masque possible · pont ti=21 (= archetype lie)	1	1	1	0	0
e5adf7b2	HI_1_11_0	oracle archetype force ti=35	g2_del_premier_non_del_avant	4 DEL · NEW ti=0 aucun composant	1	1	1	0	0
e5adf7b2	HI_1_11_0	oracle archetype force ti=35	genre	DEL ti=0	43	43	43	0	348
e5adf7b2	HI_1_11_0	oracle archetype force ti=35	genre	DELTA ti=20	74	74	74	0	1544
e5adf7b2	HI_1_11_0	oracle archetype force ti=35	liaison_du_masque_impossible	image-cle ou joker · 1re image-cle du chunk : ti=20 · bloc : gen 0 (eid gen 1), vivante false	89	89	0	0	0
e5adf7b2	HI_1_11_0	oracle archetype force ti=40	g1_g3_slot	ti=20 slot 554 gen 1 · archetypes declares au film [20 35]	73	73	73	0	1528
e5adf7b2	HI_1_11_0	oracle archetype force ti=40	g1_ti20	masque 0x2000002 · i0 absent · i1(16)	1	1	1	0	23
e5adf7b2	HI_1_11_0	oracle archetype force ti=40	g1_ti20	masque 0x2000003 · i0 cas 0 · i0(2)+i1(16)	40	40	40	0	866
e5adf7b2	HI_1_11_0	oracle archetype force ti=40	g1_ti20	masque 0x2200003 · i0 cas 0 · i0(2)+i1(16)	30	30	30	0	594
e5adf7b2	HI_1_11_0	oracle archetype force ti=40	g1_ti20	masque 0x6000000 · i0 absent · aucun composant	1	1	1	0	22
e5adf7b2	HI_1_11_0	oracle archetype force ti=40	g1_ti20	masque 0xa00000012000003 · i0 cas 0 · i0(2)+i1(16)	1	1	1	0	23
e5adf7b2	HI_1_11_0	oracle archetype force ti=40	g1_ti20_pont	masque IMPOSSIBLE sous l archetype lie · pont : masque vide	73	73	73	0	1528
e5adf7b2	HI_1_11_0	oracle archetype force ti=40	g2_del	eid du DEL : aucune allocation · lie au monde apres le paquet : false	27	27	27	0	153
e5adf7b2	HI_1_11_0	oracle archetype force ti=40	g2_del	eid du DEL : libere avant le chunk · lie au monde apres le paquet : false	1	1	1	0	1
e5adf7b2	HI_1_11_0	oracle archetype force ti=40	g2_del	eid du DEL : naissance non lue · lie au monde apres le paquet : false	2	2	2	0	44
e5adf7b2	HI_1_11_0	oracle archetype force ti=40	g2_del	eid du DEL : realloue sous une autre generation · lie au monde apres le paquet : false	8	8	8	0	150
e5adf7b2	HI_1_11_0	oracle archetype force ti=40	g2_del	eid du DEL : vivant au bloc du chunk · lie au monde apres le paquet : false	5	5	5	0	0
e5adf7b2	HI_1_11_0	oracle archetype force ti=40	g2_del_nombre_de_records	2 records lus	5	5	5	0	4
e5adf7b2	HI_1_11_0	oracle archetype force ti=40	g2_del_nombre_de_records	20 records lus	1	1	1	0	16
e5adf7b2	HI_1_11_0	oracle archetype force ti=40	g2_del_nombre_de_records	22 records lus	1	1	1	0	17
e5adf7b2	HI_1_11_0	oracle archetype force ti=40	g2_del_nombre_de_records	23 records lus	2	2	2	0	40
e5adf7b2	HI_1_11_0	oracle archetype force ti=40	g2_del_nombre_de_records	24 records lus	2	2	2	0	42
e5adf7b2	HI_1_11_0	oracle archetype force ti=40	g2_del_nombre_de_records	25 records lus	5	5	5	0	110
e5adf7b2	HI_1_11_0	oracle archetype force ti=40	g2_del_nombre_de_records	26 records lus	3	3	3	0	69
e5adf7b2	HI_1_11_0	oracle archetype force ti=40	g2_del_nombre_de_records	27 records lus	1	1	1	0	23
e5adf7b2	HI_1_11_0	oracle archetype force ti=40	g2_del_nombre_de_records	3 records lus	4	4	4	0	0
e5adf7b2	HI_1_11_0	oracle archetype force ti=40	g2_del_nombre_de_records	30 records lus	1	1	1	0	26
e5adf7b2	HI_1_11_0	oracle archetype force ti=40	g2_del_nombre_de_records	4 records lus	11	11	11	0	1
e5adf7b2	HI_1_11_0	oracle archetype force ti=40	g2_del_nombre_de_records	5 records lus	2	2	2	0	0
e5adf7b2	HI_1_11_0	oracle archetype force ti=40	g2_del_nombre_de_records	6 records lus	4	4	4	0	0
e5adf7b2	HI_1_11_0	oracle archetype force ti=40	g2_del_nombre_de_records	9 records lus	1	1	1	0	0
e5adf7b2	HI_1_11_0	oracle archetype force ti=40	g2_del_premier_non_del_avant	1 DEL · DELTA ti=20 i0(2)+i1(16) · masque IMPOSSIBLE sous l archetype lie · pont : masque vide	14	14	14	0	301
e5adf7b2	HI_1_11_0	oracle archetype force ti=40	g2_del_premier_non_del_avant	1 DEL · DELTA ti=21 i16(20) · masque possible · pont ti=21 (= archetype lie)	4	4	4	0	0
e5adf7b2	HI_1_11_0	oracle archetype force ti=40	g2_del_premier_non_del_avant	1 DEL · NEW ti=0 aucun composant	1	1	1	0	0
e5adf7b2	HI_1_11_0	oracle archetype force ti=40	g2_del_premier_non_del_avant	1 DEL · NEW ti=37 i1(1)+i2(28)+i3(1)+i4(11)+i6(76)+i7(81)+i9(118)+i10(3)+i11(1)+i12(17)+i16(5)+i21(4)+i26(10)+i27(8)	1	1	1	0	0
e5adf7b2	HI_1_11_0	oracle archetype force ti=40	g2_del_premier_non_del_avant	1 DEL · NEW ti=4 i0(8)	1	1	1	0	0
e5adf7b2	HI_1_11_0	oracle archetype force ti=40	g2_del_premier_non_del_avant	1 DEL · NEW ti=41 i0(54)+i1(30)	1	1	1	0	1
e5adf7b2	HI_1_11_0	oracle archetype force ti=40	g2_del_premier_non_del_avant	1 DEL · NEW ti=41 i0(54)+i12(1)	1	1	1	0	1
e5adf7b2	HI_1_11_0	oracle archetype force ti=40	g2_del_premier_non_del_avant	1 DEL · NEW ti=41 i0(54)+i13(23)	1	1	1	0	1
e5adf7b2	HI_1_11_0	oracle archetype force ti=40	g2_del_premier_non_del_avant	1 DEL · NEW ti=41 i0(54)+i3(1)	1	1	1	0	1
e5adf7b2	HI_1_11_0	oracle archetype force ti=40	g2_del_premier_non_del_avant	1 DEL · NEW ti=41 i0(60)+i3(28)+i5(29)+i6(228)+i7(314)+i8(51)+i11(1)+i12(1)	1	1	1	0	1
e5adf7b2	HI_1_11_0	oracle archetype force ti=40	g2_del_premier_non_del_avant	1 DEL · NEW ti=47 aucun composant	1	1	1	0	26
e5adf7b2	HI_1_11_0	oracle archetype force ti=40	g2_del_premier_non_del_avant	1 DEL · NEW ti=47 i0(26)+i1(24)+i2(33)	1	1	1	0	0
e5adf7b2	HI_1_11_0	oracle archetype force ti=40	g2_del_premier_non_del_avant	1 DEL · NEW ti=5 i0(3)	7	7	7	0	0
e5adf7b2	HI_1_11_0	oracle archetype force ti=40	g2_del_premier_non_del_avant	2 DEL · DELTA ti=20 i0(2)+i1(16) · masque IMPOSSIBLE sous l archetype lie · pont : masque vide	1	1	1	0	16
e5adf7b2	HI_1_11_0	oracle archetype force ti=40	g2_del_premier_non_del_avant	2 DEL · DELTA ti=21 i16(20) · masque possible · pont ti=21 (= archetype lie)	4	4	4	0	0
e5adf7b2	HI_1_11_0	oracle archetype force ti=40	g2_del_premier_non_del_avant	2 DEL · NEW ti=0 aucun composant	1	1	1	0	0
e5adf7b2	HI_1_11_0	oracle archetype force ti=40	g2_del_premier_non_del_avant	3 DEL · DELTA ti=21 i16(20) · masque possible · pont ti=21 (= archetype lie)	1	1	1	0	0
e5adf7b2	HI_1_11_0	oracle archetype force ti=40	g2_del_premier_non_del_avant	4 DEL · NEW ti=0 aucun composant	1	1	1	0	0
e5adf7b2	HI_1_11_0	oracle archetype force ti=40	genre	DEL ti=0	43	43	43	0	348
e5adf7b2	HI_1_11_0	oracle archetype force ti=40	genre	DELTA ti=20	73	73	73	0	1528
e5adf7b2	HI_1_11_0	oracle archetype force ti=40	liaison_du_masque_impossible	image-cle ou joker · 1re image-cle du chunk : ti=20 · bloc : gen 0 (eid gen 1), vivante false	88	88	0	0	0
e5adf7b2	HI_1_11_0	oracle du pont (masque impossible)	g1_g3_slot	ti=20 slot 553 gen 1 · archetypes declares au film [20 35]	58	58	58	0	1134
e5adf7b2	HI_1_11_0	oracle du pont (masque impossible)	g1_ti20	masque 0x2000003 · i0 cas 0 · i0(2)+i1(16)	39	39	39	0	765
e5adf7b2	HI_1_11_0	oracle du pont (masque impossible)	g1_ti20	masque 0x2008003 · i0 cas 0 · i0(2)+i1(16)	1	1	1	0	18
e5adf7b2	HI_1_11_0	oracle du pont (masque impossible)	g1_ti20	masque 0x2200003 · i0 cas 0 · i0(2)+i1(16)	17	17	17	0	333
e5adf7b2	HI_1_11_0	oracle du pont (masque impossible)	g1_ti20	masque 0x6000003 · i0 cas 0 · i0(2)+i1(16)	1	1	1	0	18
e5adf7b2	HI_1_11_0	oracle du pont (masque impossible)	g1_ti20_pont	masque IMPOSSIBLE sous l archetype lie · pont : masque vide	58	58	58	0	1134
e5adf7b2	HI_1_11_0	oracle du pont (masque impossible)	g2_del	eid du DEL : aucune allocation · lie au monde apres le paquet : false	27	27	27	0	127
e5adf7b2	HI_1_11_0	oracle du pont (masque impossible)	g2_del	eid du DEL : libere avant le chunk · lie au monde apres le paquet : false	1	1	1	0	1
e5adf7b2	HI_1_11_0	oracle du pont (masque impossible)	g2_del	eid du DEL : realloue sous une autre generation · lie au monde apres le paquet : false	5	5	5	0	58
e5adf7b2	HI_1_11_0	oracle du pont (masque impossible)	g2_del	eid du DEL : vivant au bloc du chunk · lie au monde apres le paquet : false	5	5	5	0	0
e5adf7b2	HI_1_11_0	oracle du pont (masque impossible)	g2_del_nombre_de_records	14 records lus	1	1	1	0	11
e5adf7b2	HI_1_11_0	oracle du pont (masque impossible)	g2_del_nombre_de_records	18 records lus	1	1	1	0	15
e5adf7b2	HI_1_11_0	oracle du pont (masque impossible)	g2_del_nombre_de_records	2 records lus	5	5	5	0	4
e5adf7b2	HI_1_11_0	oracle du pont (masque impossible)	g2_del_nombre_de_records	24 records lus	3	3	3	0	62
e5adf7b2	HI_1_11_0	oracle du pont (masque impossible)	g2_del_nombre_de_records	25 records lus	3	3	3	0	66
e5adf7b2	HI_1_11_0	oracle du pont (masque impossible)	g2_del_nombre_de_records	3 records lus	5	5	5	0	1
e5adf7b2	HI_1_11_0	oracle du pont (masque impossible)	g2_del_nombre_de_records	30 records lus	1	1	1	0	26
e5adf7b2	HI_1_11_0	oracle du pont (masque impossible)	g2_del_nombre_de_records	4 records lus	12	12	12	0	1
e5adf7b2	HI_1_11_0	oracle du pont (masque impossible)	g2_del_nombre_de_records	5 records lus	2	2	2	0	0
e5adf7b2	HI_1_11_0	oracle du pont (masque impossible)	g2_del_nombre_de_records	6 records lus	4	4	4	0	0
e5adf7b2	HI_1_11_0	oracle du pont (masque impossible)	g2_del_nombre_de_records	9 records lus	1	1	1	0	0
e5adf7b2	HI_1_11_0	oracle du pont (masque impossible)	g2_del_premier_non_del_avant	1 DEL · DELTA ti=20 i0(2)+i1(16) · masque IMPOSSIBLE sous l archetype lie · pont : masque vide	6	6	6	0	123
e5adf7b2	HI_1_11_0	oracle du pont (masque impossible)	g2_del_premier_non_del_avant	1 DEL · DELTA ti=21 i16(20) · masque possible · pont ti=21 (= archetype lie)	4	4	4	0	0
e5adf7b2	HI_1_11_0	oracle du pont (masque impossible)	g2_del_premier_non_del_avant	1 DEL · DELTA ti=38 i0(53)+i3(28)+i6(31)+i7(132)+i9(38)+i11(1)+i12(17)+i13(8)+i14(113)+i19(25) · masque IMPOSSIBLE sous l archetype lie · pont : masque vide	1	1	1	0	20
e5adf7b2	HI_1_11_0	oracle du pont (masque impossible)	g2_del_premier_non_del_avant	1 DEL · DELTA ti=42 i1(30)+i4(11)+i7(30)+i9(54)+i18(1)+i20(31) · masque IMPOSSIBLE sous l archetype lie · pont : masque vide	1	1	1	0	1
e5adf7b2	HI_1_11_0	oracle du pont (masque impossible)	g2_del_premier_non_del_avant	1 DEL · DELTA ti=42 i16(5) · masque IMPOSSIBLE sous l archetype lie · pont : masque vide	1	1	1	0	0
e5adf7b2	HI_1_11_0	oracle du pont (masque impossible)	g2_del_premier_non_del_avant	1 DEL · DELTA ti=42 i5(29)+i6(82)+i8(5)+i10(115)+i12(17)+i13(8)+i18(1)+i19(1)+i20(31) · masque IMPOSSIBLE sous l archetype lie · pont : masque vide	1	1	1	0	11
e5adf7b2	HI_1_11_0	oracle du pont (masque impossible)	g2_del_premier_non_del_avant	1 DEL · NEW ti=0 aucun composant	1	1	1	0	0
e5adf7b2	HI_1_11_0	oracle du pont (masque impossible)	g2_del_premier_non_del_avant	1 DEL · NEW ti=37 i1(1)+i2(28)+i3(1)+i4(11)+i6(76)+i7(81)+i9(118)+i10(3)+i11(1)+i12(17)+i16(5)+i21(4)+i26(10)+i27(8)	1	1	1	0	0
e5adf7b2	HI_1_11_0	oracle du pont (masque impossible)	g2_del_premier_non_del_avant	1 DEL · NEW ti=4 i0(8)	1	1	1	0	0
e5adf7b2	HI_1_11_0	oracle du pont (masque impossible)	g2_del_premier_non_del_avant	1 DEL · NEW ti=41 i0(54)+i1(30)	1	1	1	0	1
e5adf7b2	HI_1_11_0	oracle du pont (masque impossible)	g2_del_premier_non_del_avant	1 DEL · NEW ti=41 i0(54)+i12(1)	1	1	1	0	1
e5adf7b2	HI_1_11_0	oracle du pont (masque impossible)	g2_del_premier_non_del_avant	1 DEL · NEW ti=41 i0(54)+i13(23)	1	1	1	0	1
e5adf7b2	HI_1_11_0	oracle du pont (masque impossible)	g2_del_premier_non_del_avant	1 DEL · NEW ti=41 i0(54)+i3(1)	1	1	1	0	1
e5adf7b2	HI_1_11_0	oracle du pont (masque impossible)	g2_del_premier_non_del_avant	1 DEL · NEW ti=41 i0(60)+i3(28)+i5(29)+i6(228)+i7(314)+i8(51)+i11(1)+i12(1)	1	1	1	0	1
e5adf7b2	HI_1_11_0	oracle du pont (masque impossible)	g2_del_premier_non_del_avant	1 DEL · NEW ti=47 aucun composant	1	1	1	0	26
e5adf7b2	HI_1_11_0	oracle du pont (masque impossible)	g2_del_premier_non_del_avant	1 DEL · NEW ti=47 i0(26)+i1(24)+i2(33)	1	1	1	0	0
e5adf7b2	HI_1_11_0	oracle du pont (masque impossible)	g2_del_premier_non_del_avant	1 DEL · NEW ti=5 i0(3)	7	7	7	0	0
e5adf7b2	HI_1_11_0	oracle du pont (masque impossible)	g2_del_premier_non_del_avant	2 DEL · DELTA ti=21 i16(20) · masque possible · pont ti=21 (= archetype lie)	4	4	4	0	0
e5adf7b2	HI_1_11_0	oracle du pont (masque impossible)	g2_del_premier_non_del_avant	2 DEL · NEW ti=0 aucun composant	1	1	1	0	0
e5adf7b2	HI_1_11_0	oracle du pont (masque impossible)	g2_del_premier_non_del_avant	3 DEL · DELTA ti=21 i16(20) · masque possible · pont ti=21 (= archetype lie)	1	1	1	0	0
e5adf7b2	HI_1_11_0	oracle du pont (masque impossible)	g2_del_premier_non_del_avant	4 DEL · NEW ti=0 aucun composant	1	1	1	0	0
e5adf7b2	HI_1_11_0	oracle du pont (masque impossible)	genre	DEL ti=0	38	38	38	0	186
e5adf7b2	HI_1_11_0	oracle du pont (masque impossible)	genre	DELTA ti=20	58	58	58	0	1134
e5adf7b2	HI_1_11_0	oracle du pont (masque impossible)	liaison_du_masque_impossible	image-cle ou joker · 1re image-cle du chunk : ti=20 · bloc : gen 0 (eid gen 1), vivante false	64	64	0	0	0
e5adf7b2	HI_1_11_0	oracle du pont (masque impossible)	liaison_du_masque_impossible	table de datums ou anticipation · slot non declare par la 1re image-cle du chunk · bloc : gen 0 (eid gen 1), vivante false	4	4	0	0	0
e5adf7b2	HI_1_11_0	reference	g1_g3_slot	ti=20 slot 553 gen 1 · archetypes declares au film [20 35]	58	58	58	0	1134
e5adf7b2	HI_1_11_0	reference	g1_ti20	masque 0x2000003 · i0 cas 0 · i0(2)+i1(16)	39	39	39	0	765
e5adf7b2	HI_1_11_0	reference	g1_ti20	masque 0x2008003 · i0 cas 0 · i0(2)+i1(16)	1	1	1	0	18
e5adf7b2	HI_1_11_0	reference	g1_ti20	masque 0x2200003 · i0 cas 0 · i0(2)+i1(16)	17	17	17	0	333
e5adf7b2	HI_1_11_0	reference	g1_ti20	masque 0x6000003 · i0 cas 0 · i0(2)+i1(16)	1	1	1	0	18
e5adf7b2	HI_1_11_0	reference	g1_ti20_pont	masque IMPOSSIBLE sous l archetype lie · pont : masque vide	58	58	58	0	1134
e5adf7b2	HI_1_11_0	reference	g2_del	eid du DEL : aucune allocation · lie au monde apres le paquet : false	27	27	27	0	127
e5adf7b2	HI_1_11_0	reference	g2_del	eid du DEL : libere avant le chunk · lie au monde apres le paquet : false	1	1	1	0	1
e5adf7b2	HI_1_11_0	reference	g2_del	eid du DEL : realloue sous une autre generation · lie au monde apres le paquet : false	5	5	5	0	58
e5adf7b2	HI_1_11_0	reference	g2_del	eid du DEL : vivant au bloc du chunk · lie au monde apres le paquet : false	5	5	5	0	0
e5adf7b2	HI_1_11_0	reference	g2_del_nombre_de_records	14 records lus	1	1	1	0	11
e5adf7b2	HI_1_11_0	reference	g2_del_nombre_de_records	18 records lus	1	1	1	0	15
e5adf7b2	HI_1_11_0	reference	g2_del_nombre_de_records	2 records lus	5	5	5	0	4
e5adf7b2	HI_1_11_0	reference	g2_del_nombre_de_records	24 records lus	3	3	3	0	62
e5adf7b2	HI_1_11_0	reference	g2_del_nombre_de_records	25 records lus	3	3	3	0	66
e5adf7b2	HI_1_11_0	reference	g2_del_nombre_de_records	3 records lus	5	5	5	0	1
e5adf7b2	HI_1_11_0	reference	g2_del_nombre_de_records	30 records lus	1	1	1	0	26
e5adf7b2	HI_1_11_0	reference	g2_del_nombre_de_records	4 records lus	12	12	12	0	1
e5adf7b2	HI_1_11_0	reference	g2_del_nombre_de_records	5 records lus	2	2	2	0	0
e5adf7b2	HI_1_11_0	reference	g2_del_nombre_de_records	6 records lus	4	4	4	0	0
e5adf7b2	HI_1_11_0	reference	g2_del_nombre_de_records	9 records lus	1	1	1	0	0
e5adf7b2	HI_1_11_0	reference	g2_del_premier_non_del_avant	1 DEL · DELTA ti=20 i0(2)+i1(16) · masque IMPOSSIBLE sous l archetype lie · pont : masque vide	6	6	6	0	123
e5adf7b2	HI_1_11_0	reference	g2_del_premier_non_del_avant	1 DEL · DELTA ti=21 i16(20) · masque possible · pont ti=21 (= archetype lie)	4	4	4	0	0
e5adf7b2	HI_1_11_0	reference	g2_del_premier_non_del_avant	1 DEL · DELTA ti=38 i0(53)+i3(28)+i6(31)+i7(132)+i9(38)+i11(1)+i12(17)+i13(8)+i14(113)+i19(25) · masque IMPOSSIBLE sous l archetype lie · pont : masque vide	1	1	1	0	20
e5adf7b2	HI_1_11_0	reference	g2_del_premier_non_del_avant	1 DEL · DELTA ti=42 i1(30)+i4(11)+i7(30)+i9(54)+i18(1)+i20(31) · masque IMPOSSIBLE sous l archetype lie · pont : masque vide	1	1	1	0	1
e5adf7b2	HI_1_11_0	reference	g2_del_premier_non_del_avant	1 DEL · DELTA ti=42 i16(5) · masque IMPOSSIBLE sous l archetype lie · pont : masque vide	1	1	1	0	0
e5adf7b2	HI_1_11_0	reference	g2_del_premier_non_del_avant	1 DEL · DELTA ti=42 i5(29)+i6(82)+i8(5)+i10(115)+i12(17)+i13(8)+i18(1)+i19(1)+i20(31) · masque IMPOSSIBLE sous l archetype lie · pont : masque vide	1	1	1	0	11
e5adf7b2	HI_1_11_0	reference	g2_del_premier_non_del_avant	1 DEL · NEW ti=0 aucun composant	1	1	1	0	0
e5adf7b2	HI_1_11_0	reference	g2_del_premier_non_del_avant	1 DEL · NEW ti=37 i1(1)+i2(28)+i3(1)+i4(11)+i6(76)+i7(81)+i9(118)+i10(3)+i11(1)+i12(17)+i16(5)+i21(4)+i26(10)+i27(8)	1	1	1	0	0
e5adf7b2	HI_1_11_0	reference	g2_del_premier_non_del_avant	1 DEL · NEW ti=4 i0(8)	1	1	1	0	0
e5adf7b2	HI_1_11_0	reference	g2_del_premier_non_del_avant	1 DEL · NEW ti=41 i0(54)+i1(30)	1	1	1	0	1
e5adf7b2	HI_1_11_0	reference	g2_del_premier_non_del_avant	1 DEL · NEW ti=41 i0(54)+i12(1)	1	1	1	0	1
e5adf7b2	HI_1_11_0	reference	g2_del_premier_non_del_avant	1 DEL · NEW ti=41 i0(54)+i13(23)	1	1	1	0	1
e5adf7b2	HI_1_11_0	reference	g2_del_premier_non_del_avant	1 DEL · NEW ti=41 i0(54)+i3(1)	1	1	1	0	1
e5adf7b2	HI_1_11_0	reference	g2_del_premier_non_del_avant	1 DEL · NEW ti=41 i0(60)+i3(28)+i5(29)+i6(228)+i7(314)+i8(51)+i11(1)+i12(1)	1	1	1	0	1
e5adf7b2	HI_1_11_0	reference	g2_del_premier_non_del_avant	1 DEL · NEW ti=47 aucun composant	1	1	1	0	26
e5adf7b2	HI_1_11_0	reference	g2_del_premier_non_del_avant	1 DEL · NEW ti=47 i0(26)+i1(24)+i2(33)	1	1	1	0	0
e5adf7b2	HI_1_11_0	reference	g2_del_premier_non_del_avant	1 DEL · NEW ti=5 i0(3)	7	7	7	0	0
e5adf7b2	HI_1_11_0	reference	g2_del_premier_non_del_avant	2 DEL · DELTA ti=21 i16(20) · masque possible · pont ti=21 (= archetype lie)	4	4	4	0	0
e5adf7b2	HI_1_11_0	reference	g2_del_premier_non_del_avant	2 DEL · NEW ti=0 aucun composant	1	1	1	0	0
e5adf7b2	HI_1_11_0	reference	g2_del_premier_non_del_avant	3 DEL · DELTA ti=21 i16(20) · masque possible · pont ti=21 (= archetype lie)	1	1	1	0	0
e5adf7b2	HI_1_11_0	reference	g2_del_premier_non_del_avant	4 DEL · NEW ti=0 aucun composant	1	1	1	0	0
e5adf7b2	HI_1_11_0	reference	genre	DEL ti=0	38	38	38	0	186
e5adf7b2	HI_1_11_0	reference	genre	DELTA ti=20	58	58	58	0	1134
e5adf7b2	HI_1_11_0	reference	liaison_du_masque_impossible	image-cle ou joker · 1re image-cle du chunk : ti=20 · bloc : gen 0 (eid gen 1), vivante false	64	64	0	0	0
e5adf7b2	HI_1_11_0	reference	liaison_du_masque_impossible	table de datums ou anticipation · slot non declare par la 1re image-cle du chunk · bloc : gen 0 (eid gen 1), vivante false	4	4	0	0	0
e5adf7b2	HI_1_11_0	ti20 i0 cas 2 du jeu	g1_g3_slot	ti=20 slot 553 gen 1 · archetypes declares au film [20 35]	58	58	58	0	1134
e5adf7b2	HI_1_11_0	ti20 i0 cas 2 du jeu	g1_ti20	masque 0x2000003 · i0 cas 0 · i0(2)+i1(16)	39	39	39	0	765
e5adf7b2	HI_1_11_0	ti20 i0 cas 2 du jeu	g1_ti20	masque 0x2008003 · i0 cas 0 · i0(2)+i1(16)	1	1	1	0	18
e5adf7b2	HI_1_11_0	ti20 i0 cas 2 du jeu	g1_ti20	masque 0x2200003 · i0 cas 0 · i0(2)+i1(16)	17	17	17	0	333
e5adf7b2	HI_1_11_0	ti20 i0 cas 2 du jeu	g1_ti20	masque 0x6000003 · i0 cas 0 · i0(2)+i1(16)	1	1	1	0	18
e5adf7b2	HI_1_11_0	ti20 i0 cas 2 du jeu	g1_ti20_pont	masque IMPOSSIBLE sous l archetype lie · pont : masque vide	58	58	58	0	1134
e5adf7b2	HI_1_11_0	ti20 i0 cas 2 du jeu	g2_del	eid du DEL : aucune allocation · lie au monde apres le paquet : false	27	27	27	0	127
e5adf7b2	HI_1_11_0	ti20 i0 cas 2 du jeu	g2_del	eid du DEL : libere avant le chunk · lie au monde apres le paquet : false	1	1	1	0	1
e5adf7b2	HI_1_11_0	ti20 i0 cas 2 du jeu	g2_del	eid du DEL : realloue sous une autre generation · lie au monde apres le paquet : false	5	5	5	0	58
e5adf7b2	HI_1_11_0	ti20 i0 cas 2 du jeu	g2_del	eid du DEL : vivant au bloc du chunk · lie au monde apres le paquet : false	5	5	5	0	0
e5adf7b2	HI_1_11_0	ti20 i0 cas 2 du jeu	g2_del_nombre_de_records	14 records lus	1	1	1	0	11
e5adf7b2	HI_1_11_0	ti20 i0 cas 2 du jeu	g2_del_nombre_de_records	18 records lus	1	1	1	0	15
e5adf7b2	HI_1_11_0	ti20 i0 cas 2 du jeu	g2_del_nombre_de_records	2 records lus	5	5	5	0	4
e5adf7b2	HI_1_11_0	ti20 i0 cas 2 du jeu	g2_del_nombre_de_records	24 records lus	3	3	3	0	62
e5adf7b2	HI_1_11_0	ti20 i0 cas 2 du jeu	g2_del_nombre_de_records	25 records lus	3	3	3	0	66
e5adf7b2	HI_1_11_0	ti20 i0 cas 2 du jeu	g2_del_nombre_de_records	3 records lus	5	5	5	0	1
e5adf7b2	HI_1_11_0	ti20 i0 cas 2 du jeu	g2_del_nombre_de_records	30 records lus	1	1	1	0	26
e5adf7b2	HI_1_11_0	ti20 i0 cas 2 du jeu	g2_del_nombre_de_records	4 records lus	12	12	12	0	1
e5adf7b2	HI_1_11_0	ti20 i0 cas 2 du jeu	g2_del_nombre_de_records	5 records lus	2	2	2	0	0
e5adf7b2	HI_1_11_0	ti20 i0 cas 2 du jeu	g2_del_nombre_de_records	6 records lus	4	4	4	0	0
e5adf7b2	HI_1_11_0	ti20 i0 cas 2 du jeu	g2_del_nombre_de_records	9 records lus	1	1	1	0	0
e5adf7b2	HI_1_11_0	ti20 i0 cas 2 du jeu	g2_del_premier_non_del_avant	1 DEL · DELTA ti=20 i0(2)+i1(16) · masque IMPOSSIBLE sous l archetype lie · pont : masque vide	6	6	6	0	123
e5adf7b2	HI_1_11_0	ti20 i0 cas 2 du jeu	g2_del_premier_non_del_avant	1 DEL · DELTA ti=21 i16(20) · masque possible · pont ti=21 (= archetype lie)	4	4	4	0	0
e5adf7b2	HI_1_11_0	ti20 i0 cas 2 du jeu	g2_del_premier_non_del_avant	1 DEL · DELTA ti=38 i0(53)+i3(28)+i6(31)+i7(132)+i9(38)+i11(1)+i12(17)+i13(8)+i14(113)+i19(25) · masque IMPOSSIBLE sous l archetype lie · pont : masque vide	1	1	1	0	20
e5adf7b2	HI_1_11_0	ti20 i0 cas 2 du jeu	g2_del_premier_non_del_avant	1 DEL · DELTA ti=42 i1(30)+i4(11)+i7(30)+i9(54)+i18(1)+i20(31) · masque IMPOSSIBLE sous l archetype lie · pont : masque vide	1	1	1	0	1
e5adf7b2	HI_1_11_0	ti20 i0 cas 2 du jeu	g2_del_premier_non_del_avant	1 DEL · DELTA ti=42 i16(5) · masque IMPOSSIBLE sous l archetype lie · pont : masque vide	1	1	1	0	0
e5adf7b2	HI_1_11_0	ti20 i0 cas 2 du jeu	g2_del_premier_non_del_avant	1 DEL · DELTA ti=42 i5(29)+i6(82)+i8(5)+i10(115)+i12(17)+i13(8)+i18(1)+i19(1)+i20(31) · masque IMPOSSIBLE sous l archetype lie · pont : masque vide	1	1	1	0	11
e5adf7b2	HI_1_11_0	ti20 i0 cas 2 du jeu	g2_del_premier_non_del_avant	1 DEL · NEW ti=0 aucun composant	1	1	1	0	0
e5adf7b2	HI_1_11_0	ti20 i0 cas 2 du jeu	g2_del_premier_non_del_avant	1 DEL · NEW ti=37 i1(1)+i2(28)+i3(1)+i4(11)+i6(76)+i7(81)+i9(118)+i10(3)+i11(1)+i12(17)+i16(5)+i21(4)+i26(10)+i27(8)	1	1	1	0	0
e5adf7b2	HI_1_11_0	ti20 i0 cas 2 du jeu	g2_del_premier_non_del_avant	1 DEL · NEW ti=4 i0(8)	1	1	1	0	0
e5adf7b2	HI_1_11_0	ti20 i0 cas 2 du jeu	g2_del_premier_non_del_avant	1 DEL · NEW ti=41 i0(54)+i1(30)	1	1	1	0	1
e5adf7b2	HI_1_11_0	ti20 i0 cas 2 du jeu	g2_del_premier_non_del_avant	1 DEL · NEW ti=41 i0(54)+i12(1)	1	1	1	0	1
e5adf7b2	HI_1_11_0	ti20 i0 cas 2 du jeu	g2_del_premier_non_del_avant	1 DEL · NEW ti=41 i0(54)+i13(23)	1	1	1	0	1
e5adf7b2	HI_1_11_0	ti20 i0 cas 2 du jeu	g2_del_premier_non_del_avant	1 DEL · NEW ti=41 i0(54)+i3(1)	1	1	1	0	1
e5adf7b2	HI_1_11_0	ti20 i0 cas 2 du jeu	g2_del_premier_non_del_avant	1 DEL · NEW ti=41 i0(60)+i3(28)+i5(29)+i6(228)+i7(314)+i8(51)+i11(1)+i12(1)	1	1	1	0	1
e5adf7b2	HI_1_11_0	ti20 i0 cas 2 du jeu	g2_del_premier_non_del_avant	1 DEL · NEW ti=47 aucun composant	1	1	1	0	26
e5adf7b2	HI_1_11_0	ti20 i0 cas 2 du jeu	g2_del_premier_non_del_avant	1 DEL · NEW ti=47 i0(26)+i1(24)+i2(33)	1	1	1	0	0
e5adf7b2	HI_1_11_0	ti20 i0 cas 2 du jeu	g2_del_premier_non_del_avant	1 DEL · NEW ti=5 i0(3)	7	7	7	0	0
e5adf7b2	HI_1_11_0	ti20 i0 cas 2 du jeu	g2_del_premier_non_del_avant	2 DEL · DELTA ti=21 i16(20) · masque possible · pont ti=21 (= archetype lie)	4	4	4	0	0
e5adf7b2	HI_1_11_0	ti20 i0 cas 2 du jeu	g2_del_premier_non_del_avant	2 DEL · NEW ti=0 aucun composant	1	1	1	0	0
e5adf7b2	HI_1_11_0	ti20 i0 cas 2 du jeu	g2_del_premier_non_del_avant	3 DEL · DELTA ti=21 i16(20) · masque possible · pont ti=21 (= archetype lie)	1	1	1	0	0
e5adf7b2	HI_1_11_0	ti20 i0 cas 2 du jeu	g2_del_premier_non_del_avant	4 DEL · NEW ti=0 aucun composant	1	1	1	0	0
e5adf7b2	HI_1_11_0	ti20 i0 cas 2 du jeu	genre	DEL ti=0	38	38	38	0	186
e5adf7b2	HI_1_11_0	ti20 i0 cas 2 du jeu	genre	DELTA ti=20	58	58	58	0	1134
e5adf7b2	HI_1_11_0	ti20 i0 cas 2 du jeu	liaison_du_masque_impossible	image-cle ou joker · 1re image-cle du chunk : ti=20 · bloc : gen 0 (eid gen 1), vivante false	64	64	0	0	0
e5adf7b2	HI_1_11_0	ti20 i0 cas 2 du jeu	liaison_du_masque_impossible	table de datums ou anticipation · slot non declare par la 1re image-cle du chunk · bloc : gen 0 (eid gen 1), vivante false	4	4	0	0	0
fb1a1a72	HI_1_13_0	desaveu NEW a masque impossible	g2_del	eid du DEL : aucune allocation · lie au monde apres le paquet : false	13	13	13	0	33
fb1a1a72	HI_1_13_0	desaveu NEW a masque impossible	g2_del_nombre_de_records	10 records lus	1	1	1	0	7
fb1a1a72	HI_1_13_0	desaveu NEW a masque impossible	g2_del_nombre_de_records	11 records lus	1	1	1	0	6
fb1a1a72	HI_1_13_0	desaveu NEW a masque impossible	g2_del_nombre_de_records	15 records lus	1	1	1	0	8
fb1a1a72	HI_1_13_0	desaveu NEW a masque impossible	g2_del_nombre_de_records	18 records lus	1	1	1	0	12
fb1a1a72	HI_1_13_0	desaveu NEW a masque impossible	g2_del_nombre_de_records	3 records lus	3	3	3	0	0
fb1a1a72	HI_1_13_0	desaveu NEW a masque impossible	g2_del_nombre_de_records	4 records lus	3	3	3	0	0
fb1a1a72	HI_1_13_0	desaveu NEW a masque impossible	g2_del_nombre_de_records	5 records lus	3	3	3	0	0
fb1a1a72	HI_1_13_0	desaveu NEW a masque impossible	g2_del_premier_non_del_avant	1 DEL · DELTA ti=1 i1(64) · masque possible · pont : masque vide	3	3	3	0	0
fb1a1a72	HI_1_13_0	desaveu NEW a masque impossible	g2_del_premier_non_del_avant	1 DEL · DELTA ti=22 aucun composant · masque IMPOSSIBLE sous l archetype lie · pont : masque vide	1	1	1	0	0
fb1a1a72	HI_1_13_0	desaveu NEW a masque impossible	g2_del_premier_non_del_avant	1 DEL · DELTA ti=37 i28(20)+i29(2) · masque possible · pont : masque vide	4	4	4	0	33
fb1a1a72	HI_1_13_0	desaveu NEW a masque impossible	g2_del_premier_non_del_avant	1 DEL · DELTA ti=6 i51(390) · masque possible · pont ti=6 (= archetype lie)	1	1	1	0	0
fb1a1a72	HI_1_13_0	desaveu NEW a masque impossible	g2_del_premier_non_del_avant	1 DEL · DELTA ti=6 i51(482) · masque possible · pont ti=6 (= archetype lie)	1	1	1	0	0
fb1a1a72	HI_1_13_0	desaveu NEW a masque impossible	g2_del_premier_non_del_avant	1 DEL · NEW ti=32 i0(67)	3	3	3	0	0
fb1a1a72	HI_1_13_0	desaveu NEW a masque impossible	genre	DEL ti=0	13	13	13	0	33
fb1a1a72	HI_1_13_0	desaveu NEW a masque impossible	liaison_du_masque_impossible	image-cle ou joker · 1re image-cle du chunk : ti=22 · bloc : gen 1 (eid gen 2), vivante true	1	1	0	0	0
fb1a1a72	HI_1_13_0	desaveu des deux	g2_del	eid du DEL : aucune allocation · lie au monde apres le paquet : false	13	13	13	0	33
fb1a1a72	HI_1_13_0	desaveu des deux	g2_del_nombre_de_records	10 records lus	1	1	1	0	7
fb1a1a72	HI_1_13_0	desaveu des deux	g2_del_nombre_de_records	11 records lus	1	1	1	0	6
fb1a1a72	HI_1_13_0	desaveu des deux	g2_del_nombre_de_records	15 records lus	1	1	1	0	8
fb1a1a72	HI_1_13_0	desaveu des deux	g2_del_nombre_de_records	18 records lus	1	1	1	0	12
fb1a1a72	HI_1_13_0	desaveu des deux	g2_del_nombre_de_records	3 records lus	3	3	3	0	0
fb1a1a72	HI_1_13_0	desaveu des deux	g2_del_nombre_de_records	4 records lus	3	3	3	0	0
fb1a1a72	HI_1_13_0	desaveu des deux	g2_del_nombre_de_records	5 records lus	3	3	3	0	0
fb1a1a72	HI_1_13_0	desaveu des deux	g2_del_premier_non_del_avant	1 DEL · DELTA ti=1 i1(64) · masque possible · pont : masque vide	3	3	3	0	0
fb1a1a72	HI_1_13_0	desaveu des deux	g2_del_premier_non_del_avant	1 DEL · DELTA ti=22 aucun composant · masque IMPOSSIBLE sous l archetype lie · pont : masque vide	1	1	1	0	0
fb1a1a72	HI_1_13_0	desaveu des deux	g2_del_premier_non_del_avant	1 DEL · DELTA ti=37 i28(20)+i29(2) · masque possible · pont : masque vide	4	4	4	0	33
fb1a1a72	HI_1_13_0	desaveu des deux	g2_del_premier_non_del_avant	1 DEL · DELTA ti=6 i51(390) · masque possible · pont ti=6 (= archetype lie)	1	1	1	0	0
fb1a1a72	HI_1_13_0	desaveu des deux	g2_del_premier_non_del_avant	1 DEL · DELTA ti=6 i51(482) · masque possible · pont ti=6 (= archetype lie)	1	1	1	0	0
fb1a1a72	HI_1_13_0	desaveu des deux	g2_del_premier_non_del_avant	1 DEL · NEW ti=32 i0(67)	3	3	3	0	0
fb1a1a72	HI_1_13_0	desaveu des deux	genre	DEL ti=0	13	13	13	0	33
fb1a1a72	HI_1_13_0	desaveu des deux	liaison_du_masque_impossible	image-cle ou joker · 1re image-cle du chunk : ti=22 · bloc : gen 1 (eid gen 2), vivante true	1	1	0	0	0
fb1a1a72	HI_1_13_0	desaveu image-cle hors bloc	g2_del	eid du DEL : aucune allocation · lie au monde apres le paquet : false	18	18	18	0	45
fb1a1a72	HI_1_13_0	desaveu image-cle hors bloc	g2_del	eid du DEL : libere avant le chunk · lie au monde apres le paquet : false	1	1	1	0	8
fb1a1a72	HI_1_13_0	desaveu image-cle hors bloc	g2_del_nombre_de_records	10 records lus	1	1	1	0	7
fb1a1a72	HI_1_13_0	desaveu image-cle hors bloc	g2_del_nombre_de_records	11 records lus	1	1	1	0	6
fb1a1a72	HI_1_13_0	desaveu image-cle hors bloc	g2_del_nombre_de_records	12 records lus	1	1	1	0	4
fb1a1a72	HI_1_13_0	desaveu image-cle hors bloc	g2_del_nombre_de_records	15 records lus	2	2	2	0	16
fb1a1a72	HI_1_13_0	desaveu image-cle hors bloc	g2_del_nombre_de_records	18 records lus	1	1	1	0	12
fb1a1a72	HI_1_13_0	desaveu image-cle hors bloc	g2_del_nombre_de_records	3 records lus	3	3	3	0	0
fb1a1a72	HI_1_13_0	desaveu image-cle hors bloc	g2_del_nombre_de_records	4 records lus	3	3	3	0	0
fb1a1a72	HI_1_13_0	desaveu image-cle hors bloc	g2_del_nombre_de_records	5 records lus	5	5	5	0	0
fb1a1a72	HI_1_13_0	desaveu image-cle hors bloc	g2_del_nombre_de_records	8 records lus	1	1	1	0	4
fb1a1a72	HI_1_13_0	desaveu image-cle hors bloc	g2_del_nombre_de_records	9 records lus	1	1	1	0	4
fb1a1a72	HI_1_13_0	desaveu image-cle hors bloc	g2_del_premier_non_del_avant	1 DEL · DELTA ti=1 i1(64) · masque possible · pont : masque vide	3	3	3	0	0
fb1a1a72	HI_1_13_0	desaveu image-cle hors bloc	g2_del_premier_non_del_avant	1 DEL · DELTA ti=22 aucun composant · masque IMPOSSIBLE sous l archetype lie · pont : masque vide	3	3	3	0	0
fb1a1a72	HI_1_13_0	desaveu image-cle hors bloc	g2_del_premier_non_del_avant	1 DEL · DELTA ti=33 i0(278) · masque IMPOSSIBLE sous l archetype lie · pont : masque vide	2	2	2	0	12
fb1a1a72	HI_1_13_0	desaveu image-cle hors bloc	g2_del_premier_non_del_avant	1 DEL · DELTA ti=33 i0(279) · masque IMPOSSIBLE sous l archetype lie · pont : masque vide	1	1	1	0	4
fb1a1a72	HI_1_13_0	desaveu image-cle hors bloc	g2_del_premier_non_del_avant	1 DEL · DELTA ti=37 i28(20)+i29(2) · masque possible · pont : masque vide	4	4	4	0	33
fb1a1a72	HI_1_13_0	desaveu image-cle hors bloc	g2_del_premier_non_del_avant	1 DEL · DELTA ti=6 i51(390) · masque possible · pont ti=6 (= archetype lie)	1	1	1	0	0
fb1a1a72	HI_1_13_0	desaveu image-cle hors bloc	g2_del_premier_non_del_avant	1 DEL · DELTA ti=6 i51(482) · masque possible · pont ti=6 (= archetype lie)	1	1	1	0	0
fb1a1a72	HI_1_13_0	desaveu image-cle hors bloc	g2_del_premier_non_del_avant	1 DEL · NEW ti=32 i0(67)	3	3	3	0	0
fb1a1a72	HI_1_13_0	desaveu image-cle hors bloc	g2_del_premier_non_del_avant	2 DEL · NEW ti=39 aucun composant	1	1	1	0	4
fb1a1a72	HI_1_13_0	desaveu image-cle hors bloc	genre	DEL ti=0	19	19	19	0	53
fb1a1a72	HI_1_13_0	desaveu image-cle hors bloc	liaison_du_masque_impossible	NEW (eid complet), generation differente · slot non declare par la 1re image-cle du chunk · bloc : gen 0 (eid gen 1), vivante false	3	3	0	0	0
fb1a1a72	HI_1_13_0	desaveu image-cle hors bloc	liaison_du_masque_impossible	image-cle ou joker · 1re image-cle du chunk : ti=22 · bloc : gen 1 (eid gen 2), vivante true	3	3	0	0	0
fb1a1a72	HI_1_13_0	oracle archetype force ti=35	g2_del	eid du DEL : aucune allocation · lie au monde apres le paquet : false	13	13	13	0	34
fb1a1a72	HI_1_13_0	oracle archetype force ti=35	g2_del_nombre_de_records	10 records lus	1	1	1	0	7
fb1a1a72	HI_1_13_0	oracle archetype force ti=35	g2_del_nombre_de_records	11 records lus	1	1	1	0	6
fb1a1a72	HI_1_13_0	oracle archetype force ti=35	g2_del_nombre_de_records	15 records lus	1	1	1	0	8
fb1a1a72	HI_1_13_0	oracle archetype force ti=35	g2_del_nombre_de_records	18 records lus	1	1	1	0	12
fb1a1a72	HI_1_13_0	oracle archetype force ti=35	g2_del_nombre_de_records	3 records lus	3	3	3	0	0
fb1a1a72	HI_1_13_0	oracle archetype force ti=35	g2_del_nombre_de_records	4 records lus	3	3	3	0	0
fb1a1a72	HI_1_13_0	oracle archetype force ti=35	g2_del_nombre_de_records	5 records lus	3	3	3	0	1
fb1a1a72	HI_1_13_0	oracle archetype force ti=35	g2_del_premier_non_del_avant	1 DEL · DELTA ti=1 i1(64) · masque possible · pont : masque vide	3	3	3	0	0
fb1a1a72	HI_1_13_0	oracle archetype force ti=35	g2_del_premier_non_del_avant	1 DEL · DELTA ti=35 i8(25)+i33(14)+i63(250) · masque IMPOSSIBLE sous l archetype lie · pont : masque vide	1	1	1	0	1
fb1a1a72	HI_1_13_0	oracle archetype force ti=35	g2_del_premier_non_del_avant	1 DEL · DELTA ti=37 i28(20)+i29(2) · masque possible · pont : masque vide	4	4	4	0	33
fb1a1a72	HI_1_13_0	oracle archetype force ti=35	g2_del_premier_non_del_avant	1 DEL · DELTA ti=6 i51(390) · masque possible · pont ti=6 (= archetype lie)	1	1	1	0	0
fb1a1a72	HI_1_13_0	oracle archetype force ti=35	g2_del_premier_non_del_avant	1 DEL · DELTA ti=6 i51(482) · masque possible · pont ti=6 (= archetype lie)	1	1	1	0	0
fb1a1a72	HI_1_13_0	oracle archetype force ti=35	g2_del_premier_non_del_avant	1 DEL · NEW ti=32 i0(67)	3	3	3	0	0
fb1a1a72	HI_1_13_0	oracle archetype force ti=35	genre	DEL ti=0	13	13	13	0	34
fb1a1a72	HI_1_13_0	oracle archetype force ti=35	liaison_du_masque_impossible	NEW (eid complet) · 1re image-cle du chunk : ti=22 · bloc : gen 1 (eid gen 2), vivante true	1	1	0	0	0
fb1a1a72	HI_1_13_0	oracle archetype force ti=40	g2_del	eid du DEL : aucune allocation · lie au monde apres le paquet : false	14	14	14	0	43
fb1a1a72	HI_1_13_0	oracle archetype force ti=40	g2_del_nombre_de_records	10 records lus	2	2	2	0	12
fb1a1a72	HI_1_13_0	oracle archetype force ti=40	g2_del_nombre_de_records	11 records lus	1	1	1	0	6
fb1a1a72	HI_1_13_0	oracle archetype force ti=40	g2_del_nombre_de_records	15 records lus	1	1	1	0	8
fb1a1a72	HI_1_13_0	oracle archetype force ti=40	g2_del_nombre_de_records	18 records lus	1	1	1	0	12
fb1a1a72	HI_1_13_0	oracle archetype force ti=40	g2_del_nombre_de_records	3 records lus	3	3	3	0	0
fb1a1a72	HI_1_13_0	oracle archetype force ti=40	g2_del_nombre_de_records	4 records lus	3	3	3	0	0
fb1a1a72	HI_1_13_0	oracle archetype force ti=40	g2_del_nombre_de_records	5 records lus	2	2	2	0	0
fb1a1a72	HI_1_13_0	oracle archetype force ti=40	g2_del_nombre_de_records	8 records lus	1	1	1	0	5
fb1a1a72	HI_1_13_0	oracle archetype force ti=40	g2_del_premier_non_del_avant	1 DEL · DELTA ti=1 i1(64) · masque possible · pont : masque vide	3	3	3	0	0
fb1a1a72	HI_1_13_0	oracle archetype force ti=40	g2_del_premier_non_del_avant	1 DEL · DELTA ti=37 i28(20)+i29(2) · masque possible · pont : masque vide	4	4	4	0	33
fb1a1a72	HI_1_13_0	oracle archetype force ti=40	g2_del_premier_non_del_avant	1 DEL · DELTA ti=40 i0(54)+i1(31)+i2(63)+i3(29) · masque possible · pont : masque vide	1	1	1	0	5
fb1a1a72	HI_1_13_0	oracle archetype force ti=40	g2_del_premier_non_del_avant	1 DEL · DELTA ti=40 i2(9)+i3(97) · masque possible · pont : masque vide	1	1	1	0	5
fb1a1a72	HI_1_13_0	oracle archetype force ti=40	g2_del_premier_non_del_avant	1 DEL · DELTA ti=6 i51(390) · masque possible · pont ti=6 (= archetype lie)	1	1	1	0	0
fb1a1a72	HI_1_13_0	oracle archetype force ti=40	g2_del_premier_non_del_avant	1 DEL · DELTA ti=6 i51(482) · masque possible · pont ti=6 (= archetype lie)	1	1	1	0	0
fb1a1a72	HI_1_13_0	oracle archetype force ti=40	g2_del_premier_non_del_avant	1 DEL · NEW ti=32 i0(67)	3	3	3	0	0
fb1a1a72	HI_1_13_0	oracle archetype force ti=40	genre	DEL ti=0	14	14	14	0	43
fb1a1a72	HI_1_13_0	oracle du pont (masque impossible)	g2_del	eid du DEL : aucune allocation · lie au monde apres le paquet : false	18	18	18	0	45
fb1a1a72	HI_1_13_0	oracle du pont (masque impossible)	g2_del	eid du DEL : libere avant le chunk · lie au monde apres le paquet : false	1	1	1	0	8
fb1a1a72	HI_1_13_0	oracle du pont (masque impossible)	g2_del_nombre_de_records	10 records lus	1	1	1	0	7
fb1a1a72	HI_1_13_0	oracle du pont (masque impossible)	g2_del_nombre_de_records	11 records lus	1	1	1	0	6
fb1a1a72	HI_1_13_0	oracle du pont (masque impossible)	g2_del_nombre_de_records	12 records lus	1	1	1	0	4
fb1a1a72	HI_1_13_0	oracle du pont (masque impossible)	g2_del_nombre_de_records	15 records lus	2	2	2	0	16
fb1a1a72	HI_1_13_0	oracle du pont (masque impossible)	g2_del_nombre_de_records	18 records lus	1	1	1	0	12
fb1a1a72	HI_1_13_0	oracle du pont (masque impossible)	g2_del_nombre_de_records	3 records lus	3	3	3	0	0
fb1a1a72	HI_1_13_0	oracle du pont (masque impossible)	g2_del_nombre_de_records	4 records lus	3	3	3	0	0
fb1a1a72	HI_1_13_0	oracle du pont (masque impossible)	g2_del_nombre_de_records	5 records lus	5	5	5	0	0
fb1a1a72	HI_1_13_0	oracle du pont (masque impossible)	g2_del_nombre_de_records	8 records lus	1	1	1	0	4
fb1a1a72	HI_1_13_0	oracle du pont (masque impossible)	g2_del_nombre_de_records	9 records lus	1	1	1	0	4
fb1a1a72	HI_1_13_0	oracle du pont (masque impossible)	g2_del_premier_non_del_avant	1 DEL · DELTA ti=1 i1(64) · masque possible · pont : masque vide	3	3	3	0	0
fb1a1a72	HI_1_13_0	oracle du pont (masque impossible)	g2_del_premier_non_del_avant	1 DEL · DELTA ti=22 aucun composant · masque IMPOSSIBLE sous l archetype lie · pont : masque vide	3	3	3	0	0
fb1a1a72	HI_1_13_0	oracle du pont (masque impossible)	g2_del_premier_non_del_avant	1 DEL · DELTA ti=33 i0(278) · masque IMPOSSIBLE sous l archetype lie · pont : masque vide	2	2	2	0	12
fb1a1a72	HI_1_13_0	oracle du pont (masque impossible)	g2_del_premier_non_del_avant	1 DEL · DELTA ti=33 i0(279) · masque IMPOSSIBLE sous l archetype lie · pont : masque vide	1	1	1	0	4
fb1a1a72	HI_1_13_0	oracle du pont (masque impossible)	g2_del_premier_non_del_avant	1 DEL · DELTA ti=37 i28(20)+i29(2) · masque possible · pont : masque vide	4	4	4	0	33
fb1a1a72	HI_1_13_0	oracle du pont (masque impossible)	g2_del_premier_non_del_avant	1 DEL · DELTA ti=6 i51(390) · masque possible · pont ti=6 (= archetype lie)	1	1	1	0	0
fb1a1a72	HI_1_13_0	oracle du pont (masque impossible)	g2_del_premier_non_del_avant	1 DEL · DELTA ti=6 i51(482) · masque possible · pont ti=6 (= archetype lie)	1	1	1	0	0
fb1a1a72	HI_1_13_0	oracle du pont (masque impossible)	g2_del_premier_non_del_avant	1 DEL · NEW ti=32 i0(67)	3	3	3	0	0
fb1a1a72	HI_1_13_0	oracle du pont (masque impossible)	g2_del_premier_non_del_avant	2 DEL · NEW ti=39 aucun composant	1	1	1	0	4
fb1a1a72	HI_1_13_0	oracle du pont (masque impossible)	genre	DEL ti=0	19	19	19	0	53
fb1a1a72	HI_1_13_0	oracle du pont (masque impossible)	liaison_du_masque_impossible	NEW (eid complet), generation differente · slot non declare par la 1re image-cle du chunk · bloc : gen 0 (eid gen 1), vivante false	3	3	0	0	0
fb1a1a72	HI_1_13_0	oracle du pont (masque impossible)	liaison_du_masque_impossible	image-cle ou joker · 1re image-cle du chunk : ti=22 · bloc : gen 1 (eid gen 2), vivante true	3	3	0	0	0
fb1a1a72	HI_1_13_0	reference	g2_del	eid du DEL : aucune allocation · lie au monde apres le paquet : false	18	18	18	0	45
fb1a1a72	HI_1_13_0	reference	g2_del	eid du DEL : libere avant le chunk · lie au monde apres le paquet : false	1	1	1	0	8
fb1a1a72	HI_1_13_0	reference	g2_del_nombre_de_records	10 records lus	1	1	1	0	7
fb1a1a72	HI_1_13_0	reference	g2_del_nombre_de_records	11 records lus	1	1	1	0	6
fb1a1a72	HI_1_13_0	reference	g2_del_nombre_de_records	12 records lus	1	1	1	0	4
fb1a1a72	HI_1_13_0	reference	g2_del_nombre_de_records	15 records lus	2	2	2	0	16
fb1a1a72	HI_1_13_0	reference	g2_del_nombre_de_records	18 records lus	1	1	1	0	12
fb1a1a72	HI_1_13_0	reference	g2_del_nombre_de_records	3 records lus	3	3	3	0	0
fb1a1a72	HI_1_13_0	reference	g2_del_nombre_de_records	4 records lus	3	3	3	0	0
fb1a1a72	HI_1_13_0	reference	g2_del_nombre_de_records	5 records lus	5	5	5	0	0
fb1a1a72	HI_1_13_0	reference	g2_del_nombre_de_records	8 records lus	1	1	1	0	4
fb1a1a72	HI_1_13_0	reference	g2_del_nombre_de_records	9 records lus	1	1	1	0	4
fb1a1a72	HI_1_13_0	reference	g2_del_premier_non_del_avant	1 DEL · DELTA ti=1 i1(64) · masque possible · pont : masque vide	3	3	3	0	0
fb1a1a72	HI_1_13_0	reference	g2_del_premier_non_del_avant	1 DEL · DELTA ti=22 aucun composant · masque IMPOSSIBLE sous l archetype lie · pont : masque vide	3	3	3	0	0
fb1a1a72	HI_1_13_0	reference	g2_del_premier_non_del_avant	1 DEL · DELTA ti=33 i0(278) · masque IMPOSSIBLE sous l archetype lie · pont : masque vide	2	2	2	0	12
fb1a1a72	HI_1_13_0	reference	g2_del_premier_non_del_avant	1 DEL · DELTA ti=33 i0(279) · masque IMPOSSIBLE sous l archetype lie · pont : masque vide	1	1	1	0	4
fb1a1a72	HI_1_13_0	reference	g2_del_premier_non_del_avant	1 DEL · DELTA ti=37 i28(20)+i29(2) · masque possible · pont : masque vide	4	4	4	0	33
fb1a1a72	HI_1_13_0	reference	g2_del_premier_non_del_avant	1 DEL · DELTA ti=6 i51(390) · masque possible · pont ti=6 (= archetype lie)	1	1	1	0	0
fb1a1a72	HI_1_13_0	reference	g2_del_premier_non_del_avant	1 DEL · DELTA ti=6 i51(482) · masque possible · pont ti=6 (= archetype lie)	1	1	1	0	0
fb1a1a72	HI_1_13_0	reference	g2_del_premier_non_del_avant	1 DEL · NEW ti=32 i0(67)	3	3	3	0	0
fb1a1a72	HI_1_13_0	reference	g2_del_premier_non_del_avant	2 DEL · NEW ti=39 aucun composant	1	1	1	0	4
fb1a1a72	HI_1_13_0	reference	genre	DEL ti=0	19	19	19	0	53
fb1a1a72	HI_1_13_0	reference	liaison_du_masque_impossible	NEW (eid complet), generation differente · slot non declare par la 1re image-cle du chunk · bloc : gen 0 (eid gen 1), vivante false	3	3	0	0	0
fb1a1a72	HI_1_13_0	reference	liaison_du_masque_impossible	image-cle ou joker · 1re image-cle du chunk : ti=22 · bloc : gen 1 (eid gen 2), vivante true	3	3	0	0	0
fb1a1a72	HI_1_13_0	ti20 i0 cas 2 du jeu	g2_del	eid du DEL : aucune allocation · lie au monde apres le paquet : false	18	18	18	0	45
fb1a1a72	HI_1_13_0	ti20 i0 cas 2 du jeu	g2_del	eid du DEL : libere avant le chunk · lie au monde apres le paquet : false	1	1	1	0	8
fb1a1a72	HI_1_13_0	ti20 i0 cas 2 du jeu	g2_del_nombre_de_records	10 records lus	1	1	1	0	7
fb1a1a72	HI_1_13_0	ti20 i0 cas 2 du jeu	g2_del_nombre_de_records	11 records lus	1	1	1	0	6
fb1a1a72	HI_1_13_0	ti20 i0 cas 2 du jeu	g2_del_nombre_de_records	12 records lus	1	1	1	0	4
fb1a1a72	HI_1_13_0	ti20 i0 cas 2 du jeu	g2_del_nombre_de_records	15 records lus	2	2	2	0	16
fb1a1a72	HI_1_13_0	ti20 i0 cas 2 du jeu	g2_del_nombre_de_records	18 records lus	1	1	1	0	12
fb1a1a72	HI_1_13_0	ti20 i0 cas 2 du jeu	g2_del_nombre_de_records	3 records lus	3	3	3	0	0
fb1a1a72	HI_1_13_0	ti20 i0 cas 2 du jeu	g2_del_nombre_de_records	4 records lus	3	3	3	0	0
fb1a1a72	HI_1_13_0	ti20 i0 cas 2 du jeu	g2_del_nombre_de_records	5 records lus	5	5	5	0	0
fb1a1a72	HI_1_13_0	ti20 i0 cas 2 du jeu	g2_del_nombre_de_records	8 records lus	1	1	1	0	4
fb1a1a72	HI_1_13_0	ti20 i0 cas 2 du jeu	g2_del_nombre_de_records	9 records lus	1	1	1	0	4
fb1a1a72	HI_1_13_0	ti20 i0 cas 2 du jeu	g2_del_premier_non_del_avant	1 DEL · DELTA ti=1 i1(64) · masque possible · pont : masque vide	3	3	3	0	0
fb1a1a72	HI_1_13_0	ti20 i0 cas 2 du jeu	g2_del_premier_non_del_avant	1 DEL · DELTA ti=22 aucun composant · masque IMPOSSIBLE sous l archetype lie · pont : masque vide	3	3	3	0	0
fb1a1a72	HI_1_13_0	ti20 i0 cas 2 du jeu	g2_del_premier_non_del_avant	1 DEL · DELTA ti=33 i0(278) · masque IMPOSSIBLE sous l archetype lie · pont : masque vide	2	2	2	0	12
fb1a1a72	HI_1_13_0	ti20 i0 cas 2 du jeu	g2_del_premier_non_del_avant	1 DEL · DELTA ti=33 i0(279) · masque IMPOSSIBLE sous l archetype lie · pont : masque vide	1	1	1	0	4
fb1a1a72	HI_1_13_0	ti20 i0 cas 2 du jeu	g2_del_premier_non_del_avant	1 DEL · DELTA ti=37 i28(20)+i29(2) · masque possible · pont : masque vide	4	4	4	0	33
fb1a1a72	HI_1_13_0	ti20 i0 cas 2 du jeu	g2_del_premier_non_del_avant	1 DEL · DELTA ti=6 i51(390) · masque possible · pont ti=6 (= archetype lie)	1	1	1	0	0
fb1a1a72	HI_1_13_0	ti20 i0 cas 2 du jeu	g2_del_premier_non_del_avant	1 DEL · DELTA ti=6 i51(482) · masque possible · pont ti=6 (= archetype lie)	1	1	1	0	0
fb1a1a72	HI_1_13_0	ti20 i0 cas 2 du jeu	g2_del_premier_non_del_avant	1 DEL · NEW ti=32 i0(67)	3	3	3	0	0
fb1a1a72	HI_1_13_0	ti20 i0 cas 2 du jeu	g2_del_premier_non_del_avant	2 DEL · NEW ti=39 aucun composant	1	1	1	0	4
fb1a1a72	HI_1_13_0	ti20 i0 cas 2 du jeu	genre	DEL ti=0	19	19	19	0	53
fb1a1a72	HI_1_13_0	ti20 i0 cas 2 du jeu	liaison_du_masque_impossible	NEW (eid complet), generation differente · slot non declare par la 1re image-cle du chunk · bloc : gen 0 (eid gen 1), vivante false	3	3	0	0	0
fb1a1a72	HI_1_13_0	ti20 i0 cas 2 du jeu	liaison_du_masque_impossible	image-cle ou joker · 1re image-cle du chunk : ti=22 · bloc : gen 1 (eid gen 2), vivante true	3	3	0	0	0
