col,lig,centre_x,centre_y,kills_depuis,morts_dedans,portee_mediane_m,denivele_median_m,matchs_kills,matchs_presence,matchs_distincts,occupation_gagnants_ms,occupation_perdants_ms,dir_sortante_cos,dir_sortante_sin,dir_sortante_n,dir_entrante_cos,dir_entrante_sin,dir_entrante_n,kills_ponderes,morts_ponderees,kills_rang_connu,morts_rang_connu,kills_tueur_fort,morts_tueur_fort
-1947,636,-973.250,318.250,0,0,0.000,0.000,0,1,1,0.000,4400.000,0.000,0.000,0,0.000,0.000,0,0.000,0.000,0,0,0,0
-8,2,-3.750,1.250,0,0,0.000,0.000,0,3,3,8200.000,200.000,0.000,0.000,0,0.000,0.000,0,0.000,0.000,0,0,0,0
-8,3,-3.750,1.750,0,1,0.000,0.000,1,4,5,2700.000,900.000,0.000,0.000,0,0.996,0.091,1,0.000,1.000,0,0,0,0
-8,4,-3.750,2.250,0,0,0.000,0.000,0,3,3,1800.000,0.000,0.000,0.000,0,0.000,0.000,0,0.000,0.000,0,0,0,0
-8,5,-3.750,2.750,0,1,0.000,0.000,1,6,7,2600.000,4100.000,0.000,0.000,0,0.837,0.547,1,0.000,1.000,0,0,0,0
-8,6,-3.750,3.250,0,0,0.000,0.000,0,2,2,800.000,0.000,0.000,0.000,0,0.000,0.000,0,0.000,0.000,0,0,0,0
-8,7,-3.750,3.750,0,0,0.000,0.000,0,3,3,600.000,600.000,0.000,0.000,0,0.000,0.000,0,0.000,0.000,0,0,0,0
-8,8,-3.750,4.250,0,0,0.000,0.000,0,2,2,600.000,300.000,0.000,0.000,0,0.000,0.000,0,0.000,0.000,0,0,0,0
-8,9,-3.750,4.750,1,1,4.574,-0.427,2,2,3,200.000,800.000,0.879,0.476,1,0.940,-0.340,1,1.491,1.456,1,1,1,1
-8,10,-3.750,5.250,0,1,0.000,0.000,1,1,1,0.000,200.000,0.000,0.000,0,0.604,0.797,1,0.000,1.119,0,1,0,1
-8,11,-3.750,5.750,1,1,6.751,-2.365,2,0,2,0.000,0.000,0.580,-0.815,1,0.892,-0.453,1,1.000,1.000,0,0,0,0
-8,12,-3.750,6.250,2,0,6.865,-1.221,2,1,3,500.000,0.000,1.869,-0.498,2,0.000,0.000,0,2.000,0.000,0,0,0,0
-8,13,-3.750,6.750,1,1,4.708,0.488,2,1,2,500.000,0.000,0.995,-0.104,1,0.730,-0.683,1,1.500,1.000,1,0,1,0
-7,1,-3.250,0.750,0,1,0.000,0.000,1,2,3,1100.000,0.000,0.000,0.000,0,0.658,-0.753,1,0.000,1.282,0,1,0,1
-7,2,-3.250,1.250,1,0,7.458,0.000,1,6,6,13600.000,7400.000,0.980,0.199,1,0.000,0.000,0,1.500,0.000,1,0,1,0
-7,3,-3.250,1.750,0,1,0.000,0.000,1,6,7,6300.000,12900.000,0.000,0.000,0,0.823,-0.569,1,0.000,1.000,0,0,0,0
-7,4,-3.250,2.250,1,4,0.421,0.107,4,5,8,2400.000,1200.000,0.961,0.275,1,3.161,0.142,4,1.500,5.251,1,4,1,4
-7,5,-3.250,2.750,1,1,3.968,1.968,2,6,8,5000.000,3900.000,0.432,0.902,1,0.952,-0.307,1,1.000,1.500,0,1,0,1
-7,6,-3.250,3.250,0,0,0.000,0.000,0,4,4,1700.000,1100.000,0.000,0.000,0,0.000,0.000,0,0.000,0.000,0,0,0,0
-7,7,-3.250,3.750,1,1,2.299,-0.137,2,4,6,2100.000,1100.000,0.803,0.597,1,0.847,-0.532,1,1.344,0.913,1,1,1,0
-7,8,-3.250,4.250,1,0,6.807,-0.946,1,5,6,5900.000,1300.000,0.958,0.285,1,0.000,0.000,0,1.000,0.000,0,0,0,0
-7,9,-3.250,4.750,1,1,3.146,0.443,2,3,4,800.000,200.000,0.854,0.520,1,0.978,-0.207,1,1.500,1.125,1,1,1,1
-7,10,-3.250,5.250,0,1,0.000,0.000,1,4,5,2900.000,1800.000,0.000,0.000,0,0.565,0.825,1,0.000,1.000,0,0,0,0
-7,11,-3.250,5.750,2,1,3.264,-0.648,3,6,9,114300.000,26500.000,-0.014,-0.444,2,0.446,-0.895,1,2.000,1.000,0,0,0,0
-7,12,-3.250,6.250,0,0,0.000,0.000,0,4,4,1400.000,1400.000,0.000,0.000,0,0.000,0.000,0,0.000,0.000,0,0,0,0
-7,13,-3.250,6.750,0,0,0.000,0.000,0,5,5,7000.000,6100.000,0.000,0.000,0,0.000,0.000,0,0.000,0.000,0,0,0,0
-6,0,-2.750,0.250,0,0,0.000,0.000,0,2,2,1800.000,100.000,0.000,0.000,0,0.000,0.000,0,0.000,0.000,0,0,0,0
-6,1,-2.750,0.750,0,0,0.000,0.000,0,3,3,2100.000,400.000,0.000,0.000,0,0.000,0.000,0,0.000,0.000,0,0,0,0
-6,2,-2.750,1.250,0,1,0.000,0.000,1,6,7,2800.000,1600.000,0.000,0.000,0,0.970,-0.245,1,0.000,1.500,0,1,0,1
-6,3,-2.750,1.750,2,0,5.104,-0.534,2,6,8,4900.000,2100.000,1.990,0.170,2,0.000,0.000,0,1.671,0.000,1,0,0,0
-6,4,-2.750,2.250,1,1,0.421,-0.107,1,6,7,3500.000,900.000,-0.992,0.129,1,-0.992,0.129,1,1.246,1.500,1,1,1,1
-6,5,-2.750,2.750,0,2,0.000,0.000,2,5,6,4300.000,3000.000,0.000,0.000,0,0.827,0.143,2,0.000,2.360,0,2,0,2
-6,6,-2.750,3.250,0,2,0.000,0.000,2,4,6,1700.000,1700.000,0.000,0.000,0,0.639,1.769,2,0.000,2.000,0,0,0,0
-6,7,-2.750,3.750,1,1,0.524,0.244,2,5,7,600.000,400.000,0.072,-0.997,1,0.985,0.170,1,1.000,1.500,0,1,0,1
-6,8,-2.750,4.250,1,1,4.143,0.702,2,6,8,2300.000,700.000,0.999,-0.040,1,0.991,-0.132,1,1.500,1.500,1,1,1,1
-6,9,-2.750,4.750,0,3,0.000,0.000,3,5,8,2100.000,1000.000,0.000,0.000,0,2.773,-0.565,3,0.000,3.785,0,2,0,2
-6,10,-2.750,5.250,0,0,0.000,0.000,0,5,5,2200.000,1200.000,0.000,0.000,0,0.000,0.000,0,0.000,0.000,0,0,0,0
-6,11,-2.750,5.750,2,0,2.709,-0.412,2,6,8,1700.000,1300.000,1.531,-0.500,2,0.000,0.000,0,1.500,0.000,1,0,0,0
-6,12,-2.750,6.250,0,0,0.000,0.000,0,5,5,3000.000,1200.000,0.000,0.000,0,0.000,0.000,0,0.000,0.000,0,0,0,0
-6,13,-2.750,6.750,1,0,1.498,-0.366,1,3,3,1300.000,400.000,-0.597,-0.802,1,0.000,0.000,0,1.119,0.000,1,0,1,0
-6,14,-2.750,7.250,0,0,0.000,0.000,0,1,1,200.000,0.000,0.000,0.000,0,0.000,0.000,0,0.000,0.000,0,0,0,0
-5,-1,-2.250,-0.250,0,0,0.000,0.000,0,2,2,600.000,400.000,0.000,0.000,0,0.000,0.000,0,0.000,0.000,0,0,0,0
-5,0,-2.250,0.250,0,1,0.000,0.000,1,2,3,1500.000,900.000,0.000,0.000,0,0.705,-0.709,1,0.000,1.000,0,0,0,0
-5,1,-2.250,0.750,1,2,9.906,-0.183,3,4,7,2300.000,900.000,0.738,-0.675,1,1.414,-0.180,2,1.500,2.000,1,0,1,0
-5,2,-2.250,1.250,1,1,0.441,-0.275,1,6,6,2600.000,600.000,-0.371,0.929,1,-0.293,0.956,1,1.000,1.000,0,0,0,0
-5,3,-2.250,1.750,2,4,0.285,0.008,4,6,9,3300.000,2900.000,1.052,-1.117,2,2.234,-2.727,4,2.000,4.226,0,1,0,1
-5,4,-2.250,2.250,1,4,0.272,0.000,4,6,9,2900.000,3100.000,-0.723,0.691,1,1.712,-1.749,4,1.000,4.000,0,0,0,0
-5,5,-2.250,2.750,0,1,0.000,0.000,1,6,7,3500.000,5500.000,0.000,0.000,0,0.840,-0.542,1,0.000,1.282,0,1,0,1
-5,6,-2.250,3.250,0,1,0.000,0.000,1,6,7,1900.000,3700.000,0.000,0.000,0,0.990,-0.144,1,0.000,1.000,0,0,0,0
-5,7,-2.250,3.750,2,2,5.234,-0.710,3,5,8,2000.000,2400.000,1.314,-0.846,2,1.990,0.195,2,2.500,2.717,1,2,1,2
-5,8,-2.250,4.250,1,2,0.366,0.031,2,5,7,2800.000,1500.000,-1.000,-0.027,1,1.536,0.957,2,1.000,2.500,0,1,0,1
-5,9,-2.250,4.750,3,3,3.099,0.702,6,6,12,1900.000,900.000,-0.248,-0.948,3,2.427,0.115,3,3.735,3.000,2,0,2,0
-5,10,-2.250,5.250,1,0,1.935,-0.061,1,6,7,2600.000,1000.000,0.726,-0.688,1,0.000,0.000,0,1.000,0.000,0,0,0,0
-5,11,-2.250,5.750,2,1,5.866,0.343,3,6,9,92900.000,4700.000,0.437,0.161,2,0.589,-0.808,1,2.000,1.500,0,1,0,1
-5,12,-2.250,6.250,1,1,5.175,-0.687,2,6,8,114400.000,26000.000,0.459,-0.889,1,0.433,-0.902,1,1.000,1.000,0,0,0,0
-5,13,-2.250,6.750,0,1,0.000,0.000,1,6,7,114000.000,26600.000,0.000,0.000,0,0.961,-0.275,1,0.000,1.000,0,0,0,0
-4,-2,-1.750,-0.750,0,0,0.000,0.000,0,2,2,400.000,100.000,0.000,0.000,0,0.000,0.000,0,0.000,0.000,0,0,0,0
-4,-1,-1.750,-0.250,0,1,0.000,0.000,1,4,5,3100.000,800.000,0.000,0.000,0,0.667,-0.745,1,0.000,0.683,0,1,0,0
-4,0,-1.750,0.250,0,1,0.000,0.000,1,4,5,1900.000,1200.000,0.000,0.000,0,0.868,-0.497,1,0.000,1.441,0,1,0,1
-4,1,-1.750,0.750,0,3,0.000,0.000,3,5,8,2200.000,1400.000,0.000,0.000,0,1.964,1.902,3,0.000,3.000,0,0,0,0
-4,2,-1.750,1.250,2,2,1.365,-0.420,4,6,10,1800.000,700.000,-0.013,1.284,2,1.431,-1.348,2,2.500,2.000,1,0,1,0
-4,3,-1.750,1.750,1,3,0.272,0.000,3,6,9,2700.000,2600.000,-0.999,-0.037,1,-0.048,-1.604,3,1.000,3.500,0,1,0,1
-4,4,-1.750,2.250,0,3,0.000,0.000,2,6,8,2600.000,3500.000,0.000,0.000,0,2.453,-0.997,3,0.000,2.568,0,3,0,1
-4,5,-1.750,2.750,2,2,3.621,0.000,4,5,8,3600.000,3600.000,1.941,-0.478,2,1.037,0.880,2,2.462,2.000,1,0,1,0
-4,6,-1.750,3.250,0,1,0.000,0.000,1,5,6,2500.000,700.000,0.000,0.000,0,0.552,0.834,1,0.000,1.264,0,1,0,1
-4,7,-1.750,3.750,1,0,1.331,0.702,1,5,6,1700.000,1600.000,0.138,-0.990,1,0.000,0.000,0,1.000,0.000,0,0,0,0
-4,8,-1.750,4.250,0,3,0.000,0.000,3,6,9,2500.000,1800.000,0.000,0.000,0,1.228,-0.020,3,0.000,2.500,0,1,0,0
-4,9,-1.750,4.750,4,1,2.205,0.557,4,6,10,2500.000,1300.000,-1.279,0.569,4,0.830,0.558,1,4.500,1.500,1,1,1,1
-4,10,-1.750,5.250,1,0,4.313,0.702,1,6,7,1900.000,2300.000,1.000,-0.031,1,0.000,0.000,0,1.000,0.000,0,0,0,0
-4,11,-1.750,5.750,1,1,5.585,0.702,2,6,8,2100.000,1200.000,0.858,-0.513,1,-0.404,-0.915,1,1.500,1.000,1,0,1,0
-4,12,-1.750,6.250,0,1,0.000,0.000,1,6,7,2000.000,1000.000,0.000,0.000,0,0.995,0.095,1,0.000,1.000,0,0,0,0
-4,13,-1.750,6.750,2,1,3.450,0.366,2,6,7,3100.000,1000.000,0.093,0.250,2,0.546,-0.838,1,2.500,1.261,1,1,1,1
-4,14,-1.750,7.250,1,0,2.689,-0.244,1,0,1,0.000,0.000,-0.566,-0.824,1,0.000,0.000,0,1.000,0.000,0,0,0,0
-3,-3,-1.250,-1.250,0,0,0.000,0.000,0,1,1,200.000,200.000,0.000,0.000,0,0.000,0.000,0,0.000,0.000,0,0,0,0
-3,-2,-1.250,-0.750,0,0,0.000,0.000,0,4,4,3200.000,1600.000,0.000,0.000,0,0.000,0.000,0,0.000,0.000,0,0,0,0
-3,-1,-1.250,-0.250,1,0,13.469,1.846,1,4,5,2100.000,1400.000,0.880,-0.475,1,0.000,0.000,0,1.000,0.000,0,0,0,0
-3,0,-1.250,0.250,0,3,0.000,0.000,3,6,9,2200.000,1900.000,0.000,0.000,0,2.211,-0.813,3,0.000,4.000,0,2,0,2
-3,1,-1.250,0.750,0,2,0.000,0.000,2,6,8,3700.000,2000.000,0.000,0.000,0,0.546,0.357,2,0.000,2.000,0,0,0,0
-3,2,-1.250,1.250,1,2,3.913,0.000,3,6,9,2800.000,2400.000,0.874,0.485,1,1.498,-0.603,2,1.226,3.000,1,2,1,2
-3,3,-1.250,1.750,1,0,4.259,0.732,1,5,6,2000.000,3300.000,0.944,0.329,1,0.000,0.000,0,1.491,0.000,1,0,1,0
-3,4,-1.250,2.250,2,2,8.007,1.274,4,6,9,2700.000,2000.000,0.168,-1.824,2,1.837,0.790,2,2.500,2.761,1,2,1,2
-3,5,-1.250,2.750,1,0,6.899,-0.031,1,6,7,1300.000,900.000,0.926,0.377,1,0.000,0.000,0,1.500,0.000,1,0,1,0
-3,7,-1.250,3.750,2,1,2.704,-0.137,3,4,5,1900.000,400.000,1.997,-0.083,2,0.741,-0.671,1,2.500,1.000,1,0,1,0
-3,8,-1.250,4.250,2,0,4.859,0.252,2,6,8,2800.000,3400.000,1.970,-0.344,2,0.000,0.000,0,2.500,0.000,1,0,1,0
-3,9,-1.250,4.750,2,1,6.939,0.305,2,6,8,3300.000,1800.000,1.029,1.064,2,0.031,1.000,1,2.000,1.000,0,0,0,0
-3,10,-1.250,5.250,1,4,0.213,0.076,4,5,9,2000.000,900.000,-0.410,-0.912,1,0.294,-2.819,4,1.000,4.844,0,2,0,2
-3,11,-1.250,5.750,1,2,4.434,-1.511,3,6,8,2700.000,1100.000,0.237,-0.972,1,1.513,-0.790,2,1.000,2.500,0,1,0,1
-3,12,-1.250,6.250,0,0,0.000,0.000,0,6,6,2600.000,2200.000,0.000,0.000,0,0.000,0.000,0,0.000,0.000,0,0,0,0
-3,13,-1.250,6.750,0,0,0.000,0.000,0,4,4,1400.000,1400.000,0.000,0.000,0,0.000,0.000,0,0.000,0.000,0,0,0,0
-3,14,-1.250,7.250,0,0,0.000,0.000,0,1,1,400.000,0.000,0.000,0.000,0,0.000,0.000,0,0.000,0.000,0,0,0,0
-2,-20,-0.750,-9.750,1,0,7.317,2.182,1,0,1,0.000,0.000,1.000,-0.028,1,0.000,0.000,0,1.000,0.000,0,0,0,0
-2,-18,-0.750,-8.750,0,0,0.000,0.000,0,2,2,200.000,300.000,0.000,0.000,0,0.000,0.000,0,0.000,0.000,0,0,0,0
-2,-17,-0.750,-8.250,0,0,0.000,0.000,0,2,2,100.000,400.000,0.000,0.000,0,0.000,0.000,0,0.000,0.000,0,0,0,0
-2,-15,-0.750,-7.250,0,0,0.000,0.000,0,2,2,100.000,100.000,0.000,0.000,0,0.000,0.000,0,0.000,0.000,0,0,0,0
-2,-14,-0.750,-6.750,1,1,8.960,0.320,2,2,4,200.000,100.000,-0.124,0.992,1,0.185,0.983,1,1.000,1.000,0,0,0,0
-2,-13,-0.750,-6.250,1,0,9.733,0.504,1,2,3,100.000,400.000,0.532,0.847,1,0.000,0.000,0,1.450,0.000,1,0,1,0
-2,-12,-0.750,-5.750,0,1,0.000,0.000,1,1,2,100.000,800.000,0.000,0.000,0,0.984,-0.177,1,0.000,1.444,0,1,0,1
-2,-11,-0.750,-5.250,0,0,0.000,0.000,0,2,2,400.000,900.000,0.000,0.000,0,0.000,0.000,0,0.000,0.000,0,0,0,0
-2,-10,-0.750,-4.750,0,0,0.000,0.000,0,4,4,400.000,800.000,0.000,0.000,0,0.000,0.000,0,0.000,0.000,0,0,0,0
-2,-9,-0.750,-4.250,1,0,7.363,0.000,1,5,6,1200.000,900.000,0.610,0.792,1,0.000,0.000,0,1.000,0.000,0,0,0,0
-2,-8,-0.750,-3.750,0,1,0.000,0.000,1,5,5,2000.000,1300.000,0.000,0.000,0,0.808,-0.589,1,0.000,1.125,0,1,0,1
-2,-7,-0.750,-3.250,1,0,10.816,0.000,1,6,7,1500.000,1300.000,0.567,0.824,1,0.000,0.000,0,1.000,0.000,0,0,0,0
-2,-6,-0.750,-2.750,1,0,7.121,2.045,1,6,7,1900.000,2500.000,0.857,-0.515,1,0.000,0.000,0,1.500,0.000,1,0,1,0
-2,-5,-0.750,-2.250,1,0,12.441,2.640,1,6,7,1900.000,1200.000,0.923,-0.385,1,0.000,0.000,0,1.000,0.000,0,0,0,0
-2,-4,-0.750,-1.750,2,0,9.794,-0.015,1,6,7,2400.000,2400.000,1.689,1.071,2,0.000,0.000,0,2.000,0.000,0,0,0,0
-2,-3,-0.750,-1.250,0,3,0.000,0.000,3,6,9,6200.000,3800.000,0.000,0.000,0,1.963,0.575,3,0.000,3.735,0,2,0,2
-2,-2,-0.750,-0.750,0,1,0.000,0.000,1,6,7,4600.000,2900.000,0.000,0.000,0,0.884,0.468,1,0.000,1.476,0,1,0,1
-2,-1,-0.750,-0.250,0,0,0.000,0.000,0,6,6,5300.000,3600.000,0.000,0.000,0,0.000,0.000,0,0.000,0.000,0,0,0,0
-2,0,-0.750,0.250,0,0,0.000,0.000,0,6,6,3900.000,5200.000,0.000,0.000,0,0.000,0.000,0,0.000,0.000,0,0,0,0
-2,1,-0.750,0.750,2,0,13.661,1.091,2,6,8,3400.000,3200.000,1.029,-1.583,2,0.000,0.000,0,2.500,0.000,1,0,1,0
-2,2,-0.750,1.250,0,1,0.000,0.000,1,6,7,3300.000,3100.000,0.000,0.000,0,-0.623,0.782,1,0.000,1.000,0,0,0,0
-2,3,-0.750,1.750,1,1,0.397,-0.214,2,6,8,2100.000,4400.000,-0.197,-0.980,1,0.401,-0.916,1,1.000,1.000,0,0,0,0
-2,4,-0.750,2.250,4,2,7.228,-0.214,5,6,11,2600.000,1900.000,1.646,-0.785,4,1.080,-0.166,2,4.100,2.590,2,2,1,2
-2,5,-0.750,2.750,1,1,4.821,2.106,2,6,8,1300.000,1400.000,0.781,0.624,1,0.953,0.302,1,1.146,1.500,1,1,1,1
-2,6,-0.750,3.250,0,1,0.000,0.000,1,4,4,400.000,500.000,0.000,0.000,0,0.802,0.598,1,0.000,1.000,0,0,0,0
-2,7,-0.750,3.750,1,4,2.245,-1.022,5,5,9,2600.000,1300.000,0.865,-0.503,1,0.114,0.071,4,1.000,5.000,0,2,0,2
-2,8,-0.750,4.250,2,3,6.618,0.687,4,6,10,4500.000,4000.000,1.986,0.238,2,1.588,0.965,3,2.217,4.370,1,3,1,3
-2,9,-0.750,4.750,3,3,4.124,0.702,6,6,11,4500.000,2600.000,2.012,-2.065,3,1.741,-1.763,3,3.829,3.500,2,1,2,1
-2,10,-0.750,5.250,1,1,1.692,0.854,1,6,7,2700.000,1500.000,0.904,0.428,1,0.904,0.428,1,1.450,1.090,1,1,1,1
-2,11,-0.750,5.750,1,1,0.428,0.244,2,6,7,3700.000,2800.000,-0.992,0.125,1,0.697,-0.717,1,1.000,1.500,0,1,0,1
-2,12,-0.750,6.250,1,0,0.395,0.244,1,6,7,6300.000,3100.000,0.948,-0.318,1,0.000,0.000,0,1.000,0.000,0,0,0,0
-2,13,-0.750,6.750,1,2,5.034,0.702,3,4,7,2300.000,700.000,0.936,-0.353,1,1.841,-0.782,2,1.235,2.237,1,1,1,1
-2,14,-0.750,7.250,1,0,5.628,-1.511,1,2,2,600.000,800.000,-0.452,-0.892,1,0.000,0.000,0,1.119,0.000,1,0,1,0
-1,-20,-0.250,-9.750,0,0,0.000,0.000,0,1,1,200.000,0.000,0.000,0.000,0,0.000,0.000,0,0.000,0.000,0,0,0,0
-1,-19,-0.250,-9.250,0,0,0.000,0.000,0,1,1,600.000,0.000,0.000,0.000,0,0.000,0.000,0,0.000,0.000,0,0,0,0
-1,-18,-0.250,-8.750,0,0,0.000,0.000,0,5,5,1000.000,8400.000,0.000,0.000,0,0.000,0.000,0,0.000,0.000,0,0,0,0
-1,-17,-0.250,-8.250,0,2,0.000,0.000,2,3,4,700.000,200.000,0.000,0.000,0,1.108,1.099,2,0.000,2.000,0,0,0,0
-1,-16,-0.250,-7.750,0,0,0.000,0.000,0,3,3,1200.000,1200.000,0.000,0.000,0,0.000,0.000,0,0.000,0.000,0,0,0,0
-1,-15,-0.250,-7.250,0,1,0.000,0.000,1,4,5,400.000,900.000,0.000,0.000,0,-0.039,0.999,1,0.000,1.000,0,0,0,0
-1,-14,-0.250,-6.750,0,1,0.000,0.000,1,4,5,500.000,1000.000,0.000,0.000,0,0.962,-0.273,1,0.000,1.000,0,0,0,0
-1,-13,-0.250,-6.250,3,0,6.878,0.000,3,5,8,1800.000,1000.000,1.630,0.286,3,0.000,0.000,0,3.000,0.000,0,0,0,0
-1,-12,-0.250,-5.750,1,1,12.357,2.197,2,5,7,1800.000,1100.000,0.993,-0.120,1,0.998,0.070,1,1.000,1.000,0,0,0,0
-1,-11,-0.250,-5.250,1,4,0.335,0.015,4,6,9,2300.000,1500.000,0.107,0.994,1,2.819,0.064,4,1.000,3.912,0,2,0,1
-1,-10,-0.250,-4.750,0,1,0.000,0.000,1,6,7,2900.000,1400.000,0.000,0.000,0,0.425,0.905,1,0.000,1.000,0,0,0,0
-1,-9,-0.250,-4.250,0,0,0.000,0.000,0,6,6,2200.000,1500.000,0.000,0.000,0,0.000,0.000,0,0.000,0.000,0,0,0,0
-1,-8,-0.250,-3.750,2,1,5.608,1.839,3,6,9,2000.000,1500.000,1.988,0.163,2,0.857,0.515,1,2.900,1.000,2,0,2,0
-1,-7,-0.250,-3.250,1,1,7.579,-0.015,2,6,8,3600.000,2900.000,0.728,0.686,1,0.120,0.993,1,1.000,1.000,0,0,0,0
-1,-6,-0.250,-2.750,4,3,6.475,2.190,7,6,12,3500.000,5100.000,3.655,-1.462,4,2.509,-1.354,3,5.000,4.000,2,2,2,2
-1,-5,-0.250,-2.250,1,1,6.588,2.106,2,6,8,3100.000,7000.000,0.976,-0.216,1,0.989,-0.146,1,1.500,1.456,1,1,1,1
-1,-4,-0.250,-1.750,3,2,11.049,2.182,5,6,10,2500.000,5400.000,2.563,-1.275,3,1.618,-1.112,2,3.575,2.500,2,1,2,1
-1,-3,-0.250,-1.250,1,1,8.052,2.213,2,6,8,1700.000,4300.000,0.682,-0.732,1,0.848,0.531,1,1.000,1.000,0,0,0,0
-1,-2,-0.250,-0.750,4,2,8.277,1.793,6,6,11,2500.000,3300.000,1.923,-0.738,4,1.666,-1.071,2,4.125,2.171,1,2,1,1
-1,-1,-0.250,-0.250,3,1,12.707,2.197,4,5,9,4200.000,3500.000,2.155,-1.936,3,0.862,-0.506,1,3.737,1.335,2,1,2,1
-1,0,-0.250,0.250,2,1,3.382,1.633,3,6,9,4100.000,2700.000,1.714,-0.899,2,0.810,-0.587,1,2.000,1.000,0,0,0,0
-1,1,-0.250,0.750,4,3,8.871,1.846,6,6,12,5100.000,1800.000,2.761,-1.968,4,1.144,0.696,3,4.074,3.355,2,1,1,1
-1,2,-0.250,1.250,2,2,15.554,2.197,4,6,10,4000.000,4700.000,1.183,-1.560,2,1.115,-0.088,2,2.465,2.000,1,0,1,0
-1,3,-0.250,1.750,4,5,5.270,1.228,7,6,12,3700.000,5600.000,1.871,-1.482,4,1.458,-1.523,5,4.397,5.000,1,0,1,0
-1,4,-0.250,2.250,1,1,2.543,-0.702,2,6,8,2000.000,1800.000,-0.229,0.973,1,0.323,-0.947,1,1.000,1.500,0,1,0,1
-1,5,-0.250,2.750,1,4,8.114,2.258,3,6,8,1600.000,5000.000,0.369,-0.929,1,2.820,-0.772,4,1.000,4.000,0,0,0,0
-1,6,-0.250,3.250,0,4,0.000,0.000,4,6,9,6600.000,6100.000,0.000,0.000,0,1.910,1.196,4,0.000,5.473,0,3,0,3
-1,7,-0.250,3.750,0,1,0.000,0.000,1,6,6,4800.000,4600.000,0.000,0.000,0,0.294,-0.956,1,0.000,1.000,0,0,0,0
-1,8,-0.250,4.250,0,1,0.000,0.000,1,6,7,4900.000,2600.000,0.000,0.000,0,0.468,-0.884,1,0.000,1.456,0,1,0,1
-1,9,-0.250,4.750,1,0,6.220,0.626,1,6,7,6700.000,2600.000,1.000,0.028,1,0.000,0.000,0,1.190,0.000,1,0,1,0
-1,10,-0.250,5.250,3,0,5.104,-0.153,3,6,8,3600.000,3800.000,0.886,-2.789,3,0.000,0.000,0,3.951,0.000,3,0,3,0
-1,11,-0.250,5.750,2,2,1.743,-0.404,2,6,8,6300.000,4000.000,-0.657,0.155,2,0.289,0.078,2,2.764,3.000,2,2,2,2
-1,12,-0.250,6.250,5,5,1.523,0.000,7,6,13,5400.000,4400.000,2.117,-2.638,5,-0.390,-1.940,5,6.540,6.534,4,4,3,3
-1,13,-0.250,6.750,3,2,0.452,0.015,4,6,10,4700.000,7400.000,-0.626,-1.363,3,0.164,-0.985,2,4.237,3.000,3,2,3,2
-1,14,-0.250,7.250,0,0,0.000,0.000,0,3,3,500.000,1200.000,0.000,0.000,0,0.000,0.000,0,0.000,0.000,0,0,0,0
0,-19,0.250,-9.250,0,0,0.000,0.000,0,2,2,100.000,200.000,0.000,0.000,0,0.000,0.000,0,0.000,0.000,0,0,0,0
0,-18,0.250,-8.750,0,0,0.000,0.000,0,4,4,500.000,1500.000,0.000,0.000,0,0.000,0.000,0,0.000,0.000,0,0,0,0
0,-17,0.250,-8.250,1,1,0.465,0.000,1,4,5,1000.000,1100.000,0.999,0.041,1,0.999,0.041,1,1.000,1.000,0,0,0,0
0,-16,0.250,-7.750,0,0,0.000,0.000,0,6,6,1500.000,900.000,0.000,0.000,0,0.000,0.000,0,0.000,0.000,0,0,0,0
0,-15,0.250,-7.250,0,0,0.000,0.000,0,6,6,1600.000,1100.000,0.000,0.000,0,0.000,0.000,0,0.000,0.000,0,0,0,0
0,-14,0.250,-6.750,0,0,0.000,0.000,0,6,6,2000.000,2000.000,0.000,0.000,0,0.000,0.000,0,0.000,0.000,0,0,0,0
0,-13,0.250,-6.250,1,0,8.118,0.000,1,5,6,2400.000,800.000,-0.077,0.997,1,0.000,0.000,0,1.000,0.000,0,0,0,0
0,-12,0.250,-5.750,1,0,7.885,2.213,1,5,6,2000.000,400.000,0.939,0.345,1,0.000,0.000,0,1.500,0.000,1,0,1,0
0,-11,0.250,-5.250,2,2,4.782,1.442,3,4,7,1900.000,200.000,1.905,-0.558,2,1.719,0.508,2,2.500,2.000,1,0,1,0
0,-10,0.250,-4.750,0,0,0.000,0.000,0,4,4,1200.000,600.000,0.000,0.000,0,0.000,0.000,0,0.000,0.000,0,0,0,0
0,-9,0.250,-4.250,1,1,7.759,2.213,2,5,7,1600.000,600.000,0.535,0.845,1,0.605,0.796,1,1.000,1.500,0,1,0,1
0,-8,0.250,-3.750,2,0,10.567,0.862,2,6,8,1400.000,1000.000,1.598,0.887,2,0.000,0.000,0,1.777,0.000,1,0,0,0
0,-7,0.250,-3.250,1,1,9.665,2.808,2,5,7,900.000,1400.000,0.633,-0.774,1,0.159,-0.987,1,1.500,1.000,1,0,1,0
0,-6,0.250,-2.750,0,0,0.000,0.000,0,5,5,1000.000,1400.000,0.000,0.000,0,0.000,0.000,0,0.000,0.000,0,0,0,0
0,-5,0.250,-2.250,2,1,7.877,2.197,2,5,7,800.000,1500.000,1.457,-1.227,2,0.008,1.000,1,2.000,1.000,0,0,0,0
0,-4,0.250,-1.750,3,1,7.047,1.663,4,5,9,500.000,2500.000,1.981,-2.180,3,0.926,-0.378,1,3.500,1.000,1,0,1,0
0,-3,0.250,-1.250,1,2,8.376,-1.068,3,6,9,900.000,2000.000,0.799,0.601,1,1.810,0.285,2,1.000,2.000,0,0,0,0
0,-2,0.250,-0.750,1,1,3.362,0.000,2,5,7,1200.000,2900.000,0.293,0.956,1,0.440,-0.898,1,1.000,1.353,0,1,0,1
0,-1,0.250,-0.250,0,1,0.000,0.000,1,6,6,2400.000,2700.000,0.000,0.000,0,0.847,-0.531,1,0.000,1.500,0,1,0,1
0,0,0.250,0.250,3,3,9.420,1.434,5,6,11,2700.000,3300.000,0.670,-2.796,3,1.899,-2.285,3,3.500,3.406,1,1,1,1
0,1,0.250,0.750,2,4,5.245,0.336,5,6,11,4400.000,3300.000,0.153,-1.983,2,0.869,-2.678,4,2.500,4.074,1,2,1,1
0,2,0.250,1.250,0,1,0.000,0.000,1,6,7,4600.000,4300.000,0.000,0.000,0,-0.434,0.901,1,0.000,1.000,0,0,0,0
0,3,0.250,1.750,4,4,1.232,-0.519,5,6,10,7900.000,9000.000,0.177,0.777,4,2.990,-1.358,4,3.913,4.000,1,0,0,0
0,4,0.250,2.250,2,2,8.606,1.656,2,6,8,3900.000,3700.000,0.196,-1.890,2,0.998,-0.205,2,2.370,2.740,1,2,1,2
0,5,0.250,2.750,3,3,4.434,0.092,5,6,10,3700.000,4600.000,0.309,-0.046,3,0.363,-1.930,3,3.897,4.397,2,3,2,3
0,6,0.250,3.250,3,2,3.017,0.320,4,6,9,5400.000,3700.000,0.619,1.709,3,1.314,-1.492,2,3.261,2.761,1,2,1,2
0,7,0.250,3.750,3,0,3.498,0.000,3,6,9,11300.000,10000.000,0.354,-1.065,3,0.000,0.000,0,3.217,0.000,1,0,1,0
0,8,0.250,4.250,0,0,0.000,0.000,0,6,6,6600.000,3700.000,0.000,0.000,0,0.000,0.000,0,0.000,0.000,0,0,0,0
0,9,0.250,4.750,1,2,1.869,0.900,3,6,8,3800.000,4300.000,-0.364,-0.931,1,0.658,0.959,2,1.000,2.500,0,1,0,1
0,10,0.250,5.250,0,0,0.000,0.000,0,3,3,700.000,1000.000,0.000,0.000,0,0.000,0.000,0,0.000,0.000,0,0,0,0
0,11,0.250,5.750,0,1,0.000,0.000,1,6,7,5400.000,4100.000,0.000,0.000,0,0.340,-0.940,1,0.000,1.500,0,1,0,1
0,12,0.250,6.250,2,0,7.621,0.313,2,6,8,5200.000,8400.000,0.181,0.472,2,0.000,0.000,0,1.774,0.000,1,0,0,0
0,13,0.250,6.750,0,2,0.000,0.000,2,5,7,2500.000,5300.000,0.000,0.000,0,0.740,-1.280,2,0.000,2.248,0,2,0,1
0,14,0.250,7.250,0,1,0.000,0.000,1,3,3,0.000,1000.000,0.000,0.000,0,-0.860,-0.511,1,0.000,1.491,0,1,0,1
1,-20,0.750,-9.750,1,0,8.854,1.617,1,0,1,0.000,0.000,0.849,0.528,1,0.000,0.000,0,1.000,0.000,0,0,0,0
1,-19,0.750,-9.250,0,1,0.000,0.000,1,3,4,6200.000,1200.000,0.000,0.000,0,0.978,0.209,1,0.000,1.000,0,0,0,0
1,-18,0.750,-8.750,1,0,5.888,2.167,1,5,6,3000.000,2300.000,0.971,-0.239,1,0.000,0.000,0,1.000,0.000,0,0,0,0
1,-17,0.750,-8.250,2,1,1.760,1.122,2,6,8,3400.000,2200.000,0.185,-0.662,2,-0.812,-0.583,1,1.671,1.000,1,0,0,0
1,-16,0.750,-7.750,0,1,0.000,0.000,1,6,7,3100.000,3100.000,0.000,0.000,0,0.998,0.067,1,0.000,1.500,0,1,0,1
1,-15,0.750,-7.250,1,0,10.778,0.000,1,6,7,3200.000,2700.000,0.247,0.969,1,0.000,0.000,0,1.000,0.000,0,0,0,0
1,-14,0.750,-6.750,1,0,1.989,0.946,1,6,7,1200.000,200.000,0.614,0.790,1,0.000,0.000,0,1.000,0.000,0,0,0,0
1,-13,0.750,-6.250,1,2,3.909,1.541,3,5,8,1000.000,200.000,0.122,0.993,1,1.802,-0.677,2,1.000,2.500,0,1,0,1
1,-12,0.750,-5.750,2,1,6.349,2.411,3,5,8,700.000,600.000,1.805,-0.607,2,0.372,0.928,1,2.500,1.000,1,0,1,0
1,-11,0.750,-5.250,1,1,8.085,-2.213,2,4,6,500.000,400.000,0.438,0.899,1,0.735,0.679,1,1.000,1.000,0,0,0,0
1,-10,0.750,-4.750,0,0,0.000,0.000,0,4,4,1400.000,5700.000,0.000,0.000,0,0.000,0.000,0,0.000,0.000,0,0,0,0
1,-9,0.750,-4.250,0,2,0.000,0.000,2,4,6,800.000,600.000,0.000,0.000,0,0.942,0.662,2,0.000,2.500,0,1,0,1
1,-8,0.750,-3.750,2,2,4.088,-0.748,4,6,10,1700.000,1200.000,0.914,1.484,2,1.697,0.431,2,2.500,2.211,1,1,1,1
1,-7,0.750,-3.250,0,4,0.000,0.000,4,6,8,1700.000,1700.000,0.000,0.000,0,3.323,-1.212,4,0.000,5.000,0,2,0,2
1,-6,0.750,-2.750,2,3,3.135,0.443,5,6,11,1600.000,1300.000,-0.154,-0.026,2,2.063,-0.305,3,2.500,3.726,1,2,1,2
1,-5,0.750,-2.250,1,1,8.139,1.358,2,6,8,2800.000,2100.000,0.201,-0.980,1,0.930,0.367,1,1.500,1.370,1,1,1,1
1,-4,0.750,-1.750,1,1,0.244,0.122,1,6,7,2700.000,2400.000,-1.000,0.014,1,-0.583,0.812,1,1.246,1.246,1,1,1,1
1,-3,0.750,-1.250,2,2,3.524,-0.313,2,6,8,2300.000,2500.000,0.985,-0.526,2,1.541,0.016,2,2.000,2.000,0,0,0,0
1,-2,0.750,-0.750,1,0,5.169,-0.809,1,6,7,3300.000,2400.000,0.830,0.558,1,0.000,0.000,0,1.500,0.000,1,0,1,0
1,-1,0.750,-0.250,1,2,6.251,-0.305,3,6,8,7300.000,2000.000,0.250,0.968,1,0.082,0.040,2,1.173,2.096,1,1,1,1
1,0,0.750,0.250,4,5,5.788,1.732,8,6,14,3600.000,2500.000,0.931,-1.897,4,3.014,-3.763,5,5.484,6.500,4,3,3,3
1,1,0.750,0.750,2,5,1.880,0.069,6,6,12,3500.000,3400.000,-0.335,1.498,2,1.541,-0.453,5,2.782,6.000,2,2,2,2
1,2,0.750,1.250,5,2,4.600,1.785,5,6,11,4700.000,4400.000,1.847,-2.848,5,1.142,-0.603,2,5.500,2.000,1,0,1,0
1,3,0.750,1.750,4,2,6.543,0.816,4,6,9,5700.000,5500.000,2.368,-2.329,4,0.524,-1.930,2,5.088,1.726,4,2,3,1
1,4,0.750,2.250,2,2,10.412,1.106,4,6,10,4500.000,5200.000,0.340,-1.952,2,0.993,-0.404,2,1.671,2.894,1,2,0,2
1,5,0.750,2.750,4,4,6.750,-0.206,7,6,12,3200.000,4000.000,1.495,0.618,4,1.118,0.738,4,5.261,4.226,3,1,3,1
1,6,0.750,3.250,1,1,3.209,1.511,2,6,8,2900.000,4500.000,-0.912,0.411,1,0.060,-0.998,1,1.000,1.000,0,0,0,0
1,7,0.750,3.750,4,1,1.197,0.000,5,6,11,6100.000,4000.000,3.856,1.044,4,0.242,-0.970,1,4.500,1.173,1,1,1,1
1,8,0.750,4.250,1,3,3.402,-1.953,4,6,10,10300.000,5000.000,0.847,-0.532,1,2.769,0.018,3,1.000,3.500,0,1,0,1
1,9,0.750,4.750,1,1,0.399,0.320,2,5,7,3100.000,1200.000,0.982,0.189,1,0.904,-0.428,1,1.000,1.450,0,1,0,1
1,10,0.750,5.250,0,0,0.000,0.000,0,4,4,800.000,200.000,0.000,0.000,0,0.000,0.000,0,0.000,0.000,0,0,0,0
1,11,0.750,5.750,3,5,1.692,-0.397,6,6,12,6400.000,7000.000,-1.214,-1.181,3,-0.582,-1.933,5,3.410,7.226,2,5,2,5
1,12,0.750,6.250,1,2,3.750,-0.259,3,6,8,7400.000,14700.000,0.654,-0.757,1,-0.003,0.201,2,1.500,2.233,1,2,1,1
1,13,0.750,6.750,2,1,8.071,0.832,3,5,8,2800.000,7100.000,0.040,-1.059,2,-0.946,-0.323,1,3.000,1.000,2,0,2,0
1,14,0.750,7.250,0,1,0.000,0.000,1,3,3,0.000,1800.000,0.000,0.000,0,-0.214,-0.977,1,0.000,1.000,0,0,0,0
2,-19,1.250,-9.250,2,2,9.048,-0.130,3,4,7,5900.000,4500.000,0.166,1.946,2,-0.477,1.907,2,2.000,2.000,0,0,0,0
2,-18,1.250,-8.750,1,0,5.047,2.197,1,5,6,1100.000,1500.000,0.873,-0.488,1,0.000,0.000,0,1.450,0.000,1,0,1,0
2,-17,1.250,-8.250,1,1,9.561,2.228,2,5,6,3400.000,3500.000,0.984,0.177,1,0.289,0.957,1,1.000,1.000,0,0,0,0
2,-16,1.250,-7.750,0,0,0.000,0.000,0,6,6,3300.000,2100.000,0.000,0.000,0,0.000,0.000,0,0.000,0.000,0,0,0,0
2,-15,1.250,-7.250,0,1,0.000,0.000,1,5,6,1300.000,1500.000,0.000,0.000,0,-0.222,0.975,1,0.000,1.000,0,0,0,0
2,-14,1.250,-6.750,2,0,8.494,1.808,2,3,5,400.000,400.000,0.401,1.959,2,0.000,0.000,0,2.283,0.000,2,0,1,0
2,-13,1.250,-6.250,2,1,7.296,2.281,3,3,6,200.000,300.000,1.206,1.100,2,0.851,-0.525,1,2.000,1.500,0,1,0,1
2,-12,1.250,-5.750,2,1,4.315,0.000,3,2,5,800.000,0.000,1.875,-0.513,2,0.240,0.971,1,2.000,1.090,0,1,0,1
2,-11,1.250,-5.250,0,2,0.000,0.000,2,3,5,1000.000,400.000,0.000,0.000,0,0.647,0.292,2,0.000,1.777,0,1,0,0
2,-10,1.250,-4.750,0,1,0.000,0.000,1,3,4,1000.000,600.000,0.000,0.000,0,0.183,-0.983,1,0.000,1.000,0,0,0,0
2,-9,1.250,-4.250,1,2,3.737,0.015,3,6,9,1600.000,1200.000,0.631,-0.776,1,1.208,0.258,2,1.000,2.000,0,0,0,0
2,-8,1.250,-3.750,2,3,5.164,-0.587,5,6,11,3100.000,3500.000,1.750,-0.566,2,1.974,-0.143,3,2.844,3.406,2,1,2,1
2,-7,1.250,-3.250,2,2,13.014,-0.961,4,6,10,4700.000,2900.000,1.555,0.544,2,1.999,-0.038,2,1.686,2.678,1,2,0,2
2,-6,1.250,-2.750,4,3,4.114,0.069,6,6,12,5800.000,2200.000,0.797,-0.693,4,1.335,-2.179,3,3.611,3.453,2,1,0,1
2,-5,1.250,-2.250,2,2,4.371,-0.534,3,6,9,5000.000,4800.000,-0.046,-0.001,2,1.009,-0.161,2,2.000,2.000,0,0,0,0
2,-4,1.250,-1.750,3,3,6.961,1.816,5,6,11,5500.000,4100.000,1.269,-0.306,3,0.297,1.099,3,3.903,4.190,2,3,2,3
2,-3,1.250,-1.250,2,4,4.837,0.511,5,6,11,5900.000,4200.000,1.241,-0.178,2,2.067,0.993,4,2.000,4.941,0,2,0,2
2,-2,1.250,-0.750,3,1,3.731,-1.602,4,6,10,5800.000,3800.000,0.635,1.328,3,0.648,-0.762,1,4.146,1.000,3,0,3,0
2,-1,1.250,-0.250,0,4,0.000,0.000,4,6,10,4100.000,3200.000,0.000,0.000,0,0.421,0.016,4,0.000,4.388,0,1,0,1
2,0,1.250,0.250,4,1,7.039,0.885,5,6,11,3800.000,2300.000,0.930,-1.939,4,0.808,0.589,1,5.291,1.000,3,0,3,0
2,1,1.250,0.750,1,4,7.237,2.228,5,6,11,4700.000,3000.000,0.370,-0.929,1,1.875,1.948,4,1.500,4.941,1,2,1,2
2,2,1.250,1.250,4,4,2.722,0.015,7,6,13,5200.000,4000.000,0.525,2.081,4,-1.367,-1.720,4,4.529,5.500,3,3,2,3
2,3,1.250,1.750,2,2,5.374,1.122,4,6,10,11000.000,9700.000,-0.736,-1.476,2,0.966,-0.332,2,2.214,2.737,1,2,1,2
2,4,1.250,2.250,4,2,3.933,0.000,6,6,12,5400.000,4200.000,0.988,2.434,4,-0.749,-0.835,2,4.453,2.450,1,1,1,1
2,5,1.250,2.750,4,6,1.583,0.114,8,6,13,3200.000,4400.000,1.924,0.848,4,3.678,-1.554,6,4.500,6.000,1,0,1,0
2,6,1.250,3.250,3,0,2.576,0.000,3,6,9,3200.000,4200.000,0.126,-0.877,3,0.000,0.000,0,3.000,0.000,0,0,0,0
2,7,1.250,3.750,2,3,4.324,0.984,5,6,10,4300.000,5000.000,-0.947,-0.740,2,-1.857,-1.051,3,2.125,4.000,1,2,1,2
2,8,1.250,4.250,1,2,3.734,-0.031,3,6,8,3600.000,4000.000,0.966,0.258,1,-0.004,0.142,2,1.000,2.500,0,1,0,1
2,9,1.250,4.750,0,2,0.000,0.000,2,6,8,3400.000,3300.000,0.000,0.000,0,-0.116,0.426,2,0.000,2.000,0,0,0,0
2,10,1.250,5.250,2,2,3.421,0.061,3,5,8,1800.000,3500.000,1.535,-0.808,2,0.433,-1.892,2,2.146,2.146,1,1,1,1
2,11,1.250,5.750,1,1,10.333,-0.015,2,6,8,5100.000,8400.000,0.998,-0.058,1,0.567,-0.824,1,1.000,1.400,0,1,0,1
2,12,1.250,6.250,2,1,5.046,0.443,3,6,8,5800.000,9600.000,-0.711,-1.552,2,0.978,-0.208,1,2.125,1.000,1,0,1,0
2,13,1.250,6.750,3,2,2.840,0.061,4,5,8,1800.000,4600.000,-0.334,-1.880,3,1.061,-1.617,2,3.500,2.664,1,2,1,2
2,14,1.250,7.250,0,0,0.000,0.000,0,4,4,300.000,700.000,0.000,0.000,0,0.000,0.000,0,0.000,0.000,0,0,0,0
3,-20,1.750,-9.750,0,0,0.000,0.000,0,1,1,100.000,0.000,0.000,0.000,0,0.000,0.000,0,0.000,0.000,0,0,0,0
3,-19,1.750,-9.250,0,2,0.000,0.000,2,4,6,1000.000,800.000,0.000,0.000,0,1.715,1.020,2,0.000,2.453,0,1,0,1
3,-18,1.750,-8.750,0,0,0.000,0.000,0,5,5,1000.000,1600.000,0.000,0.000,0,0.000,0.000,0,0.000,0.000,0,0,0,0
3,-17,1.750,-8.250,0,0,0.000,0.000,0,6,6,200.000,1900.000,0.000,0.000,0,0.000,0.000,0,0.000,0.000,0,0,0,0
3,-16,1.750,-7.750,0,0,0.000,0.000,0,6,6,1300.000,900.000,0.000,0.000,0,0.000,0.000,0,0.000,0.000,0,0,0,0
3,-15,1.750,-7.250,2,1,7.708,2.213,3,5,8,1100.000,600.000,0.799,1.001,2,1.000,0.026,1,2.376,1.000,1,0,1,0
3,-14,1.750,-6.750,1,0,5.028,1.846,1,4,5,700.000,400.000,0.855,-0.519,1,0.000,0.000,0,1.500,0.000,1,0,1,0
3,-13,1.750,-6.250,2,2,6.001,-0.572,3,4,7,2800.000,200.000,0.763,1.337,2,0.743,0.585,2,3.000,2.500,2,1,2,1
3,-12,1.750,-5.750,0,2,0.000,0.000,2,5,7,3300.000,800.000,0.000,0.000,0,1.259,0.832,2,0.000,2.000,0,0,0,0
3,-11,1.750,-5.250,1,2,0.486,-0.076,3,5,8,3100.000,1100.000,0.927,0.375,1,-0.120,0.062,2,1.000,2.000,0,0,0,0
3,-10,1.750,-4.750,2,1,4.022,-1.038,3,6,8,3700.000,1100.000,2.000,0.023,2,0.396,-0.918,1,1.889,1.000,1,0,0,0
3,-9,1.750,-4.250,4,1,9.636,-0.710,5,6,11,4200.000,2700.000,1.036,1.074,4,-0.749,0.663,1,4.239,1.000,2,0,1,0
3,-8,1.750,-3.750,4,0,2.401,-0.626,4,6,10,3900.000,4400.000,-0.020,-1.568,4,0.000,0.000,0,4.090,0.000,1,0,1,0
3,-7,1.750,-3.250,2,1,7.882,-1.022,3,6,8,3400.000,4000.000,-0.054,1.935,2,0.975,-0.222,1,2.500,1.500,1,1,1,1
3,-6,1.750,-2.750,3,1,4.435,-1.129,3,6,8,4300.000,3500.000,1.052,1.481,3,-0.282,0.959,1,3.000,1.000,0,0,0,0
3,-5,1.750,-2.250,1,2,4.567,0.290,3,6,9,4700.000,4400.000,0.359,-0.933,1,1.253,0.520,2,1.000,2.355,0,1,0,1
3,-4,1.750,-1.750,3,5,4.066,-0.854,6,6,12,6700.000,6000.000,-0.845,2.482,3,2.496,-0.123,5,3.500,6.000,1,2,1,2
3,-3,1.750,-1.250,2,4,3.397,-0.992,4,6,10,7100.000,4800.000,1.116,1.654,2,1.817,0.619,4,2.090,4.493,1,4,1,2
3,-2,1.750,-0.750,3,2,3.984,-0.748,4,6,9,6900.000,4700.000,2.376,1.828,3,1.058,-0.390,2,3.639,2.596,3,2,3,2
3,-1,1.750,-0.250,0,1,0.000,0.000,1,6,7,4600.000,2400.000,0.000,0.000,0,0.744,-0.668,1,0.000,1.500,0,1,0,1
3,0,1.750,0.250,4,1,3.873,0.488,4,6,10,3500.000,3400.000,1.006,-0.322,4,0.993,0.121,1,5.226,1.441,3,1,3,1
3,1,1.750,0.750,4,4,3.933,-0.023,5,6,10,6300.000,3700.000,1.292,-0.584,4,1.322,0.180,4,5.388,4.941,3,2,3,2
3,2,1.750,1.250,0,1,0.000,0.000,1,4,5,2100.000,800.000,0.000,0.000,0,0.222,-0.975,1,0.000,1.246,0,1,0,1
3,3,1.750,1.750,4,2,1.743,0.145,5,6,10,12400.000,5100.000,-0.070,-0.008,4,1.212,-0.655,2,4.735,2.726,2,2,2,2
3,4,1.750,2.250,3,4,7.974,1.404,6,6,11,6700.000,5600.000,1.405,-1.569,3,-0.631,-1.087,4,3.235,4.125,1,1,1,1
3,5,1.750,2.750,4,3,5.029,-0.427,6,6,11,4900.000,6900.000,-1.315,-0.578,4,-1.132,1.251,3,5.052,3.096,3,1,3,1
3,6,1.750,3.250,1,3,2.146,0.824,4,6,10,5900.000,3200.000,-0.994,-0.109,1,2.852,-0.159,3,1.500,3.000,1,0,1,0
3,7,1.750,3.750,8,4,2.740,0.160,10,6,16,3600.000,5400.000,0.899,-1.204,8,-0.490,-0.135,4,8.646,3.419,4,2,2,0
3,8,1.750,4.250,2,3,0.416,0.130,4,6,10,4500.000,3900.000,0.537,-0.040,2,0.584,-1.026,3,2.355,3.500,1,1,1,1
3,9,1.750,4.750,1,2,0.277,-0.015,2,6,8,3500.000,8800.000,-0.081,-0.997,1,0.719,-1.596,2,1.500,2.355,1,1,1,1
3,10,1.750,5.250,2,2,9.311,0.351,3,6,9,2400.000,6300.000,-0.274,-1.979,2,0.726,0.262,2,2.441,2.264,1,1,1,1
3,11,1.750,5.750,1,0,0.352,0.229,1,6,7,6200.000,6200.000,0.460,-0.888,1,0.000,0.000,0,1.264,0.000,1,0,1,0
3,12,1.750,6.250,4,4,3.036,0.206,5,5,10,4000.000,8300.000,-0.561,-0.506,4,-0.963,-1.137,4,4.667,5.000,2,2,2,2
3,13,1.750,6.750,0,4,0.000,0.000,3,4,5,2400.000,3700.000,0.000,0.000,0,1.915,-3.292,4,0.000,4.280,0,2,0,1
3,14,1.750,7.250,1,1,1.719,0.000,1,3,4,200.000,1600.000,0.564,-0.826,1,0.381,-0.925,1,1.000,1.000,0,0,0,0
4,-20,2.250,-9.750,0,2,0.000,0.000,2,3,5,400.000,8300.000,0.000,0.000,0,0.043,1.953,2,0.000,2.500,0,1,0,1
4,-19,2.250,-9.250,0,4,0.000,0.000,4,5,9,800.000,2600.000,0.000,0.000,0,2.744,2.268,4,0.000,4.500,0,1,0,1
4,-18,2.250,-8.750,1,1,6.633,0.809,2,5,6,1800.000,1900.000,0.950,0.312,1,0.930,0.368,1,1.494,1.500,1,1,1,1
4,-17,2.250,-8.250,1,2,6.836,1.007,3,5,6,4100.000,1800.000,0.224,0.975,1,1.995,-0.059,2,1.119,2.500,1,1,1,1
4,-16,2.250,-7.750,0,1,0.000,0.000,1,6,7,5800.000,300.000,0.000,0.000,0,0.130,0.992,1,0.000,1.500,0,1,0,1
4,-15,2.250,-7.250,1,2,9.024,1.709,2,5,7,2100.000,1000.000,0.234,0.972,1,1.229,0.881,2,0.993,2.543,1,2,0,2
4,-14,2.250,-6.750,0,3,0.000,0.000,3,5,8,3200.000,1300.000,0.000,0.000,0,2.422,-1.244,3,0.000,3.500,0,1,0,1
4,-13,2.250,-6.250,0,0,0.000,0.000,0,6,6,3500.000,3500.000,0.000,0.000,0,0.000,0.000,0,0.000,0.000,0,0,0,0
4,-12,2.250,-5.750,0,6,0.000,0.000,6,6,12,2400.000,1800.000,0.000,0.000,0,3.389,0.308,6,0.000,7.000,0,2,0,2
4,-11,2.250,-5.250,6,4,6.770,-0.328,10,6,15,2600.000,2800.000,2.687,3.552,6,1.849,2.723,4,7.233,4.948,4,3,3,3
4,-10,2.250,-4.750,1,2,0.273,-0.076,3,6,9,3900.000,3700.000,-0.174,0.985,1,0.369,-0.462,2,1.000,2.494,0,1,0,1
4,-9,2.250,-4.250,6,8,7.107,-0.076,11,6,16,4400.000,3300.000,3.741,1.290,6,3.227,-0.674,8,5.239,8.941,4,2,1,2
4,-8,2.250,-3.750,2,2,1.026,0.481,4,6,10,3700.000,4200.000,0.241,-1.839,2,0.665,0.853,2,2.000,2.000,0,0,0,0
4,-7,2.250,-3.250,2,3,10.084,-1.022,5,6,11,4500.000,4600.000,1.156,0.291,2,1.670,-0.031,3,2.202,4.000,1,2,1,2
4,-6,2.250,-2.750,2,2,9.868,-0.465,4,6,10,5500.000,2900.000,1.801,-0.863,2,1.267,0.559,2,2.500,2.000,1,0,1,0
4,-5,2.250,-2.250,2,1,4.284,0.015,2,6,8,5100.000,2900.000,0.776,1.825,2,0.546,0.838,1,2.353,1.500,1,1,1,1
4,-4,2.250,-1.750,4,4,5.408,-0.122,8,6,14,8000.000,2300.000,1.627,-1.433,4,1.909,0.586,4,4.423,4.344,1,1,1,1
4,-3,2.250,-1.250,3,5,4.606,0.168,7,6,13,7600.000,3300.000,1.397,-0.898,3,0.701,1.018,5,3.500,5.456,1,1,1,1
4,-2,2.250,-0.750,2,0,2.490,-0.778,2,6,8,6500.000,6500.000,-1.089,-0.361,2,0.000,0.000,0,2.406,0.000,1,0,1,0
4,-1,2.250,-0.250,2,1,2.886,0.839,2,6,8,7800.000,5500.000,0.430,-0.031,2,0.089,-0.996,1,2.344,1.240,1,1,1,1
4,0,2.250,0.250,1,5,1.595,0.854,5,6,11,6400.000,3000.000,0.318,-0.948,1,1.668,2.204,5,1.000,6.441,0,3,0,3
4,1,2.250,0.750,2,3,0.323,0.107,4,6,10,3700.000,3300.000,-1.262,-0.311,2,1.172,0.877,3,2.441,3.820,1,2,1,2
4,3,2.250,1.750,2,3,4.074,0.000,5,6,10,5300.000,2800.000,0.447,1.803,2,0.883,1.865,3,3.000,3.249,2,3,2,2
4,4,2.250,2.250,4,3,2.289,-0.496,7,6,13,8600.000,5200.000,-1.328,3.352,4,2.145,1.228,3,4.726,3.500,2,1,2,1
4,5,2.250,2.750,7,7,0.278,0.000,8,6,13,4900.000,5200.000,1.022,-2.174,7,1.516,-2.397,7,7.761,7.879,2,4,2,3
4,6,2.250,3.250,2,3,1.870,0.000,5,6,10,6700.000,5500.000,1.746,-0.924,2,-0.704,-0.778,3,2.965,3.726,2,2,2,2
4,7,2.250,3.750,3,2,1.310,0.000,5,6,10,5600.000,6100.000,1.778,-0.790,3,-0.177,-0.407,2,4.406,2.000,3,0,3,0
4,8,2.250,4.250,2,3,3.253,0.137,5,6,11,7300.000,4300.000,-0.144,-1.203,2,-1.246,-1.354,3,2.000,3.413,0,2,0,1
4,9,2.250,4.750,3,3,2.550,0.015,5,6,10,5000.000,6400.000,1.740,0.261,3,-0.078,-0.966,3,3.096,3.717,1,2,1,2
4,10,2.250,5.250,5,2,2.614,-0.046,6,6,11,3800.000,6600.000,2.307,-2.304,5,-0.578,-0.936,2,5.581,2.096,2,1,2,1
4,11,2.250,5.750,3,3,4.780,0.031,3,6,8,6900.000,9900.000,0.283,-2.986,3,0.250,-2.886,3,3.500,3.673,1,2,1,2
4,12,2.250,6.250,2,1,5.550,-0.359,3,6,9,4900.000,6900.000,-0.735,-1.096,2,0.104,-0.995,1,1.617,1.500,2,1,0,1
4,13,2.250,6.750,0,1,0.000,0.000,1,5,6,3200.000,14500.000,0.000,0.000,0,0.145,-0.990,1,0.000,1.500,0,1,0,1
4,14,2.250,7.250,0,1,0.000,0.000,1,4,5,1000.000,1500.000,0.000,0.000,0,0.215,-0.977,1,0.000,1.000,0,0,0,0
5,-20,2.750,-9.750,0,1,0.000,0.000,1,3,4,1800.000,2000.000,0.000,0.000,0,0.935,0.354,1,0.000,1.500,0,1,0,1
5,-19,2.750,-9.250,1,0,10.503,-1.709,1,6,7,1200.000,4000.000,0.103,0.995,1,0.000,0.000,0,1.235,0.000,1,0,1,0
5,-18,2.750,-8.750,2,3,0.895,0.252,4,6,10,1400.000,2200.000,0.856,0.421,2,0.957,1.788,3,2.226,3.500,1,1,1,1
5,-17,2.750,-8.250,4,1,6.206,0.763,5,6,10,3300.000,1800.000,2.772,2.056,4,-1.000,0.003,1,5.926,0.671,4,1,4,0
5,-16,2.750,-7.750,2,2,8.464,-0.099,4,6,10,2100.000,2300.000,0.208,1.980,2,1.148,1.294,2,2.500,2.500,1,1,1,1
5,-15,2.750,-7.250,1,2,11.417,-0.610,3,6,9,2500.000,1600.000,-0.112,0.994,1,1.978,0.167,2,1.500,2.344,1,1,1,1
5,-14,2.750,-6.750,2,1,5.799,-1.755,3,6,9,4400.000,2700.000,-0.393,1.876,2,0.061,0.998,1,2.000,1.409,0,1,0,1
5,-13,2.750,-6.250,2,3,11.760,-0.938,5,6,11,2800.000,3300.000,1.972,-0.068,2,2.010,0.769,3,2.655,4.000,2,2,2,2
5,-12,2.750,-5.750,0,2,0.000,0.000,2,6,8,2600.000,3600.000,0.000,0.000,0,0.005,0.077,2,0.000,2.000,0,0,0,0
5,-11,2.750,-5.250,2,2,11.345,-1.106,4,6,9,2700.000,3900.000,1.558,-1.057,2,-0.184,-0.130,2,2.000,2.000,0,0,0,0
5,-10,2.750,-4.750,6,6,2.062,0.000,8,6,13,3600.000,4100.000,1.770,0.687,6,0.495,2.349,6,6.000,6.491,0,1,0,1
5,-9,2.750,-4.250,5,2,3.949,-0.336,7,6,12,4400.000,3700.000,1.131,-2.014,5,0.570,0.126,2,5.500,2.985,1,2,1,2
5,-8,2.750,-3.750,6,2,4.903,-0.656,8,6,13,4500.000,3400.000,1.768,4.130,6,1.472,-1.136,2,6.500,2.973,1,2,1,2
5,-7,2.750,-3.250,5,2,3.585,-0.870,7,6,13,5800.000,3200.000,1.068,-1.419,5,0.878,0.045,2,5.000,2.500,0,1,0,1
5,-6,2.750,-2.750,4,5,4.757,-0.389,8,6,13,5400.000,2900.000,-0.319,-0.010,4,0.726,3.038,5,5.491,5.960,3,3,3,3
5,-5,2.750,-2.250,5,2,7.432,-0.015,7,6,13,4700.000,2600.000,1.377,-0.568,5,0.622,0.012,2,5.389,2.000,2,0,2,0
5,-4,2.750,-1.750,1,2,6.133,0.000,2,6,8,4500.000,3000.000,0.171,-0.985,1,0.065,0.008,2,1.000,2.000,0,0,0,0
5,-3,2.750,-1.250,3,2,1.595,-0.412,4,6,10,4800.000,2600.000,-0.641,-0.920,3,0.181,1.901,2,3.370,2.000,1,0,1,0
5,-2,2.750,-0.750,4,3,4.180,0.702,6,6,12,5400.000,2500.000,-0.253,-3.592,4,0.298,-1.175,3,4.355,3.537,1,2,1,1
5,-1,2.750,-0.250,2,1,3.734,1.358,3,6,9,5100.000,4000.000,-0.221,-0.261,2,0.280,-0.960,1,2.500,1.473,1,1,1,1
5,0,2.750,0.250,2,3,5.908,0.000,5,6,11,6700.000,5000.000,0.437,-0.030,2,0.998,-1.370,3,1.500,3.900,1,2,0,2
5,1,2.750,0.750,3,2,2.645,-0.778,4,6,10,8700.000,4300.000,0.070,0.953,3,0.030,0.004,2,3.500,2.956,1,2,1,2
5,2,2.750,1.250,1,3,1.875,0.031,3,6,7,5100.000,5500.000,0.226,0.974,1,-0.807,2.782,3,1.000,3.261,0,1,0,1
5,3,2.750,1.750,8,4,4.159,-0.023,10,6,15,7600.000,5100.000,0.241,1.830,8,-0.559,0.405,4,10.773,4.462,6,1,6,1
5,4,2.750,2.250,3,6,3.185,0.000,8,6,13,10300.000,7300.000,0.748,1.614,3,-0.958,-4.353,6,3.500,7.376,1,3,1,3
5,5,2.750,2.750,2,7,5.442,0.618,8,6,13,8800.000,5600.000,1.662,-1.044,2,-2.628,-0.175,7,1.883,7.500,1,1,0,1
5,6,2.750,3.250,5,4,2.851,-0.015,9,6,15,8100.000,10800.000,0.763,-0.646,5,-1.318,-1.484,4,6.543,4.491,4,1,4,1
5,7,2.750,3.750,3,3,2.705,0.000,6,6,12,5000.000,8300.000,0.367,-1.301,3,1.250,-2.487,3,3.500,4.000,1,2,1,2
5,8,2.750,4.250,3,6,0.318,0.000,7,6,13,3800.000,4500.000,-1.502,2.155,3,-3.268,-0.468,6,3.500,7.861,1,4,1,4
5,9,2.750,4.750,2,4,1.473,0.000,5,6,11,5500.000,5700.000,-1.322,1.114,2,0.776,-1.959,4,2.420,5.173,1,3,1,3
5,10,2.750,5.250,2,3,8.206,-0.008,5,6,11,7500.000,7200.000,1.208,-0.994,2,0.697,-2.872,3,2.161,3.465,1,1,1,1
5,11,2.750,5.750,4,6,3.068,-0.404,10,6,15,5100.000,7600.000,-1.827,-1.361,4,-0.428,-2.884,6,4.500,6.858,1,4,1,3
5,12,2.750,6.250,1,0,5.741,0.595,1,5,6,2100.000,3000.000,0.609,-0.793,1,0.000,0.000,0,1.000,0.000,0,0,0,0
5,13,2.750,6.750,0,0,0.000,0.000,0,4,4,1300.000,400.000,0.000,0.000,0,0.000,0.000,0,0.000,0.000,0,0,0,0
5,14,2.750,7.250,0,0,0.000,0.000,0,1,1,100.000,0.000,0.000,0.000,0,0.000,0.000,0,0.000,0.000,0,0,0,0
6,-20,3.250,-9.750,2,1,14.456,-0.320,3,4,7,5700.000,1600.000,0.802,1.701,2,1.000,-0.012,1,2.702,1.500,2,1,2,1
6,-19,3.250,-9.250,2,0,8.899,-0.854,2,6,8,2800.000,3400.000,0.698,1.554,2,0.000,0.000,0,2.056,0.000,2,0,1,0
6,-18,3.250,-8.750,2,2,11.008,-1.053,4,6,10,4900.000,2700.000,-0.121,1.968,2,-0.533,1.924,2,1.735,2.853,2,2,1,2
6,-17,3.250,-8.250,4,1,11.503,-1.404,5,6,9,4900.000,2400.000,-0.374,3.861,4,0.071,0.997,1,5.119,1.000,3,0,3,0
6,-16,3.250,-7.750,1,2,8.144,1.617,3,6,9,5300.000,2100.000,-0.088,0.996,1,-0.297,1.974,2,1.500,2.500,1,1,1,1
6,-15,3.250,-7.250,1,1,6.651,0.809,2,6,8,4500.000,3100.000,1.000,-0.007,1,0.837,-0.547,1,1.500,1.000,1,0,1,0
6,-14,3.250,-6.750,4,4,5.110,-0.198,5,6,11,5400.000,4100.000,0.613,1.017,4,0.892,0.702,4,4.673,4.000,2,0,2,0
6,-13,3.250,-6.250,2,2,6.520,-1.106,4,6,10,5200.000,2900.000,1.028,0.724,2,-0.232,1.922,2,1.574,1.969,1,1,0,0
6,-12,3.250,-5.750,2,1,11.446,-0.328,3,6,9,5700.000,6100.000,0.001,0.015,2,0.972,-0.233,1,2.500,1.500,1,1,1,1
6,-11,3.250,-5.250,4,3,4.859,-0.099,7,6,13,6000.000,5100.000,2.406,-0.611,4,0.434,-0.900,3,4.726,3.000,2,0,2,0
6,-10,3.250,-4.750,3,2,2.955,-0.031,4,6,10,5000.000,3800.000,0.691,0.935,3,-1.335,0.995,2,3.000,2.000,0,0,0,0
6,-9,3.250,-4.250,8,4,7.862,-0.023,11,6,16,3600.000,2200.000,2.567,0.417,8,1.621,-1.095,4,9.959,4.500,4,1,4,1
6,-8,3.250,-3.750,3,1,5.878,0.214,4,6,9,3000.000,3400.000,0.604,1.620,3,0.947,-0.322,1,3.500,1.500,1,1,1,1
6,-7,3.250,-3.250,1,2,0.200,-0.015,3,6,9,3100.000,2300.000,0.683,0.730,1,1.255,-0.714,2,1.000,2.000,0,0,0,0
6,-6,3.250,-2.750,3,1,5.741,0.290,4,6,10,5000.000,2700.000,0.629,1.724,3,0.169,0.986,1,4.000,1.500,2,1,2,1
6,-5,3.250,-2.250,4,2,8.195,0.008,6,6,11,5500.000,2700.000,0.159,0.213,4,1.047,0.739,2,5.075,2.465,3,1,3,1
6,-4,3.250,-1.750,5,1,5.570,0.000,6,6,11,4800.000,2600.000,-0.577,0.045,5,0.750,-0.661,1,6.341,1.000,3,0,3,0
6,-3,3.250,-1.250,3,2,5.916,0.565,5,6,11,4700.000,3600.000,-0.434,-1.200,3,0.967,0.739,2,3.473,3.000,1,2,1,2
6,-2,3.250,-0.750,4,1,2.833,-0.298,5,6,11,4900.000,3900.000,0.521,0.188,4,0.626,-0.780,1,5.500,1.500,3,1,3,1
6,-1,3.250,-0.250,2,1,4.572,0.366,3,6,9,4300.000,3300.000,0.053,1.975,2,0.002,-1.000,1,2.000,1.500,0,1,0,1
6,0,3.250,0.250,4,5,0.339,0.023,5,6,10,4500.000,4600.000,1.698,-2.487,4,2.778,-1.079,5,5.205,5.764,3,2,3,2
6,1,3.250,0.750,5,5,6.281,0.000,8,6,14,9500.000,7900.000,0.907,0.493,5,0.054,0.317,5,5.698,6.217,3,3,2,3
6,2,3.250,1.250,6,6,5.801,-0.328,11,6,15,6300.000,3800.000,0.593,-3.850,6,0.904,1.506,6,7.190,6.131,3,3,3,2
6,3,3.250,1.750,11,11,2.378,0.000,15,6,18,10600.000,10100.000,2.316,-0.285,11,1.391,-2.382,11,14.298,12.646,8,6,8,5
6,4,3.250,2.250,5,2,3.352,0.000,6,6,12,14600.000,15300.000,0.146,-0.596,5,1.138,0.212,2,5.820,2.000,2,0,2,0
6,5,3.250,2.750,9,12,0.698,0.000,15,6,20,14400.000,10700.000,0.427,-1.377,9,1.878,-5.158,12,10.226,13.235,3,3,3,3
6,6,3.250,3.250,5,8,1.506,0.000,11,6,15,9600.000,14300.000,2.064,-0.998,5,-0.974,-3.945,8,6.444,8.872,3,3,3,3
6,7,3.250,3.750,5,5,1.209,0.137,8,6,14,6500.000,5300.000,-0.684,-1.868,5,0.178,1.088,5,5.776,5.947,2,2,2,2
6,8,3.250,4.250,3,4,3.637,-0.122,7,6,12,5000.000,3600.000,-1.358,-2.016,3,-0.102,-0.872,4,3.655,5.355,2,3,2,3
6,9,3.250,4.750,4,0,5.412,-0.267,4,6,9,6600.000,4900.000,-0.583,-3.052,4,0.000,0.000,0,5.341,0.000,3,0,3,0
6,10,3.250,5.250,3,3,6.593,-0.015,6,6,12,9200.000,9000.000,1.269,-0.725,3,0.812,-1.772,3,3.000,3.000,0,0,0,0
6,11,3.250,5.750,5,1,7.021,-0.671,6,6,12,5600.000,5100.000,0.632,-2.621,5,0.906,-0.424,1,6.000,1.500,2,1,2,1
6,12,3.250,6.250,1,4,7.573,-0.793,4,6,10,5200.000,7600.000,-0.130,-0.991,1,-0.332,-2.454,4,1.456,4.619,1,2,1,2
6,13,3.250,6.750,0,1,0.000,0.000,1,3,4,1900.000,0.000,0.000,0.000,0,-0.153,-0.988,1,0.000,1.000,0,0,0,0
7,-20,3.750,-9.750,1,2,12.903,-1.999,3,5,8,2800.000,6100.000,-0.304,0.953,1,1.011,1.670,2,1.500,2.173,1,1,1,1
7,-19,3.750,-9.250,3,2,6.504,0.641,4,6,10,3200.000,4600.000,1.158,2.380,3,-0.149,1.121,2,3.678,2.596,2,2,2,2
7,-18,3.750,-8.750,6,0,7.321,0.290,6,6,12,4300.000,4000.000,0.685,4.756,6,0.000,0.000,0,7.575,0.000,4,0,4,0
7,-17,3.750,-8.250,3,5,6.402,1.740,7,6,12,3700.000,3100.000,0.086,2.458,3,2.245,0.895,5,3.226,5.867,1,4,1,3
7,-16,3.750,-7.750,5,5,7.082,-0.061,8,6,13,6100.000,4200.000,1.590,3.211,5,0.526,4.553,5,6.000,4.413,2,2,2,0
7,-15,3.750,-7.250,3,4,5.413,-0.031,7,6,12,6000.000,5800.000,-0.199,0.960,3,-1.477,2.102,4,3.575,5.000,2,2,2,2
7,-14,3.750,-6.750,5,1,8.510,0.000,5,6,11,6100.000,4200.000,0.726,3.954,5,-0.320,0.947,1,5.965,0.671,2,1,2,0
7,-13,3.750,-6.250,5,6,6.866,-0.015,10,6,14,6200.000,5300.000,-0.563,3.525,5,1.555,0.754,6,5.811,5.671,2,1,2,0
7,-12,3.750,-5.750,2,6,6.154,-0.755,7,6,13,5800.000,4800.000,0.013,0.008,2,0.673,3.653,6,2.000,7.425,0,4,0,3
7,-11,3.750,-5.250,0,2,0.000,0.000,2,6,8,4800.000,4900.000,0.000,0.000,0,-0.386,1.954,2,0.000,2.000,0,0,0,0
7,-10,3.750,-4.750,3,3,3.784,0.000,5,6,11,4200.000,5200.000,0.576,0.357,3,1.493,0.351,3,3.500,3.941,1,2,1,2
7,-9,3.750,-4.250,1,2,3.138,-0.946,3,6,9,3000.000,2500.000,-0.983,0.183,1,-0.403,1.957,2,1.000,2.000,0,0,0,0
7,-8,3.750,-3.750,4,2,4.926,-0.008,6,6,12,4900.000,2400.000,1.975,-0.425,4,-0.026,-0.222,2,3.777,2.400,3,1,1,1
7,-7,3.750,-3.250,3,4,4.036,-0.412,7,6,13,6000.000,2900.000,-1.796,1.672,3,2.730,0.063,4,3.037,5.000,1,2,0,2
7,-6,3.750,-2.750,3,3,7.515,-0.809,6,6,11,7000.000,4300.000,-0.948,-1.091,3,0.801,-1.814,3,3.500,3.500,1,1,1,1
7,-5,3.750,-2.250,4,4,2.916,-0.603,8,6,13,5600.000,3600.000,-2.227,1.065,4,-0.764,-1.246,4,4.000,4.997,0,2,0,2
7,-4,3.750,-1.750,6,7,3.128,-0.473,9,6,13,4300.000,3800.000,-1.705,-1.938,6,-1.734,-0.301,7,7.000,8.438,2,5,2,4
7,-3,3.750,-1.250,4,4,4.345,-0.328,8,6,14,4400.000,2600.000,-1.438,0.357,4,0.486,1.228,4,5.355,4.490,3,2,3,2
7,-2,3.750,-0.750,3,2,3.031,-0.519,4,6,10,4700.000,1800.000,-1.384,-0.197,3,0.784,-1.649,2,2.882,2.500,2,1,0,1
7,-1,3.750,-0.250,1,3,2.096,-0.748,4,6,10,6200.000,2100.000,-0.036,0.999,1,0.910,-0.974,3,1.500,3.783,1,3,1,2
7,0,3.750,0.250,3,3,3.483,0.000,5,6,10,6200.000,3000.000,-0.476,1.443,3,0.144,-0.119,3,3.000,4.000,0,2,0,2
7,1,3.750,0.750,3,4,3.521,0.092,7,6,13,9100.000,5200.000,-1.480,-1.815,3,1.502,0.494,4,3.500,4.888,1,2,1,2
7,2,3.750,1.250,10,9,3.631,0.160,18,6,23,11400.000,8800.000,3.232,-3.671,10,0.620,2.803,9,11.058,10.235,5,3,4,3
7,3,3.750,1.750,13,7,6.818,1.221,18,6,23,15900.000,13500.000,1.571,-6.453,13,0.834,-0.310,7,13.907,7.802,3,2,3,2
7,4,3.750,2.250,14,9,1.904,0.000,14,6,19,23600.000,17200.000,0.344,5.447,14,-1.388,4.233,9,15.397,9.681,3,2,3,2
7,5,3.750,2.750,7,6,16.659,-0.107,9,6,15,24400.000,15900.000,1.991,-4.681,7,-0.178,-3.638,6,7.353,7.394,5,3,3,3
7,6,3.750,3.250,0,8,0.000,0.000,8,6,13,13900.000,9900.000,0.000,0.000,0,-0.704,-2.245,8,0.000,9.103,0,4,0,3
7,7,3.750,3.750,1,5,2.101,0.000,5,6,11,5900.000,5200.000,-0.951,-0.308,1,0.622,0.667,5,1.000,5.237,0,1,0,1
7,8,3.750,4.250,10,1,2.080,0.000,9,6,15,5500.000,5700.000,-2.067,-4.833,10,-0.759,-0.651,1,12.149,1.000,5,0,5,0
7,9,3.750,4.750,4,3,6.058,-0.290,7,6,12,7000.000,8800.000,0.264,-1.240,4,-0.098,-1.265,3,4.500,3.239,1,2,1,1
7,10,3.750,5.250,7,3,3.763,0.000,10,6,16,38200.000,8900.000,1.323,-3.972,7,-0.811,0.262,3,7.931,4.235,3,3,3,3
7,11,3.750,5.750,4,2,3.762,-0.122,6,6,12,28700.000,6700.000,0.350,-3.207,4,0.730,-1.186,2,5.383,2.973,4,2,3,2
7,12,3.750,6.250,1,0,5.747,-1.297,1,6,7,7500.000,2600.000,-0.246,-0.969,1,0.000,0.000,0,1.500,0.000,1,0,1,0
7,13,3.750,6.750,0,0,0.000,0.000,0,2,2,700.000,0.000,0.000,0.000,0,0.000,0.000,0,0.000,0.000,0,0,0,0
8,-20,4.250,-9.750,2,2,8.696,-0.648,4,6,10,3400.000,2200.000,0.058,1.747,2,0.455,1.724,2,2.590,2.271,2,2,2,1
8,-19,4.250,-9.250,10,1,10.337,0.351,8,6,14,4900.000,3200.000,3.258,7.176,10,-0.396,0.918,1,14.171,1.320,10,1,10,1
8,-18,4.250,-8.750,2,4,2.503,0.183,5,6,11,8100.000,2900.000,0.263,1.824,2,1.680,0.994,4,2.500,5.500,1,3,1,3
8,-17,4.250,-8.250,1,1,4.085,0.702,2,6,8,3600.000,4500.000,-0.685,0.729,1,-0.300,0.954,1,0.777,1.000,1,0,0,0
8,-16,4.250,-7.750,4,1,7.340,0.015,4,6,10,5000.000,4400.000,-1.328,3.719,4,-0.279,0.960,1,4.900,1.491,2,1,2,1
8,-15,4.250,-7.250,3,4,3.695,-0.519,7,6,13,5400.000,4500.000,1.193,1.407,3,-1.765,3.545,4,3.355,3.969,1,1,1,0
8,-14,4.250,-6.750,2,3,4.651,-0.702,5,6,10,4700.000,3900.000,-1.443,0.675,2,-0.472,0.889,3,2.096,3.500,1,1,1,1
8,-13,4.250,-6.250,3,2,9.460,-1.343,4,6,9,4800.000,5000.000,-0.673,0.851,3,0.451,1.052,2,3.000,1.777,0,1,0,0
8,-12,4.250,-5.750,3,3,6.587,0.015,5,6,10,2600.000,6500.000,0.074,0.629,3,2.150,-1.331,3,3.500,4.500,1,3,1,3
8,-11,4.250,-5.250,0,1,0.000,0.000,1,1,2,0.000,800.000,0.000,0.000,0,-0.611,0.791,1,0.000,1.000,0,0,0,0
8,-10,4.250,-4.750,3,0,4.388,-1.678,3,5,7,1700.000,1500.000,-1.335,2.053,3,0.000,0.000,0,4.000,0.000,2,0,2,0
8,-9,4.250,-4.250,4,4,5.405,-0.710,8,6,13,2500.000,2900.000,0.029,2.966,4,0.772,-1.047,4,4.469,4.631,2,2,2,2
8,-8,4.250,-3.750,8,5,2.376,-0.320,11,6,16,2900.000,2300.000,1.863,-0.730,8,0.299,2.189,5,8.488,5.746,1,2,1,2
8,-7,4.250,-3.250,3,4,0.329,-0.015,6,6,12,6100.000,3300.000,0.680,0.401,3,1.719,-0.990,4,3.923,5.040,2,3,2,2
8,-6,4.250,-2.750,5,2,7.844,-0.702,6,6,12,4800.000,4000.000,-0.248,1.012,5,-0.319,1.974,2,6.119,2.566,3,2,3,2
8,-5,4.250,-2.250,3,3,3.213,0.000,6,6,11,3800.000,3400.000,0.475,1.574,3,-1.034,2.794,3,3.000,3.671,0,3,0,2
8,-4,4.250,-1.750,2,1,3.295,0.008,3,6,9,3600.000,1000.000,0.213,0.337,2,0.975,0.224,1,2.500,1.226,1,1,1,1
8,-3,4.250,-1.250,2,2,3.704,-0.153,4,6,10,1900.000,1800.000,-0.922,1.676,2,-0.986,-0.348,2,1.816,2.000,1,0,0,0
8,-2,4.250,-0.750,1,1,4.854,-0.015,2,6,8,2500.000,1100.000,-0.767,-0.642,1,-0.153,0.988,1,1.211,1.500,1,1,1,1
8,-1,4.250,-0.250,1,2,1.436,0.000,3,6,9,3000.000,600.000,-0.855,0.518,1,0.799,-0.226,2,1.000,3.000,0,2,0,2
8,0,4.250,0.250,2,1,5.177,0.664,3,6,9,3100.000,1100.000,-0.002,0.000,2,-0.092,-0.996,1,2.000,0.671,0,1,0,0
8,1,4.250,0.750,4,5,0.184,0.008,5,6,10,5100.000,2200.000,-3.265,-1.395,4,-3.709,-0.797,5,4.981,5.615,3,3,3,3
8,2,4.250,1.250,9,2,3.919,0.000,10,6,12,16200.000,3800.000,-2.486,-1.494,9,0.893,1.741,2,11.805,1.777,6,1,6,0
8,3,4.250,1.750,18,15,4.987,0.000,24,6,27,27400.000,18100.000,0.870,0.950,18,-0.861,-2.928,15,20.891,17.342,8,6,7,5
8,4,4.250,2.250,13,8,9.460,2.197,18,6,24,28900.000,23100.000,3.795,-4.866,13,0.712,-2.707,8,15.276,8.037,5,1,5,0
8,5,4.250,2.750,9,9,2.830,-0.015,17,6,21,23100.000,10500.000,-0.218,0.324,9,-0.696,-3.928,9,9.699,10.087,2,5,2,4
8,6,4.250,3.250,2,5,5.156,-0.381,7,6,13,9000.000,15800.000,-1.254,-0.595,2,-0.081,3.238,5,2.450,6.000,1,2,1,2
8,7,4.250,3.750,3,5,2.739,-0.031,8,6,14,5000.000,5500.000,-1.099,-2.634,3,-0.911,-2.627,5,2.739,6.000,1,2,0,2
8,8,4.250,4.250,5,2,6.600,-0.122,6,6,11,4700.000,8200.000,-4.239,-1.909,5,-1.947,-0.389,2,6.617,2.500,4,1,4,1
8,9,4.250,4.750,4,1,3.383,0.534,4,6,9,11700.000,11500.000,-2.402,-1.401,4,-0.552,-0.834,1,4.541,1.500,3,1,2,1
8,10,4.250,5.250,7,8,4.339,-0.504,12,6,17,17100.000,13900.000,1.873,-1.617,7,-1.414,-4.667,8,8.788,9.426,4,3,4,3
8,11,4.250,5.750,6,5,3.479,0.000,9,6,14,10900.000,4800.000,-0.208,-2.473,6,1.963,-3.376,5,8.060,6.000,5,2,5,2
8,12,4.250,6.250,1,1,24.078,-2.213,2,4,5,8300.000,500.000,0.716,-0.698,1,0.006,-1.000,1,1.000,1.491,0,1,0,1
8,13,4.250,6.750,0,0,0.000,0.000,0,1,1,200.000,0.000,0.000,0.000,0,0.000,0.000,0,0.000,0.000,0,0,0,0
9,-20,4.750,-9.750,2,2,6.920,-0.298,4,6,10,2700.000,2100.000,0.136,1.713,2,0.781,1.454,2,2.617,3.000,2,2,2,2
9,-19,4.750,-9.250,3,2,5.633,0.000,4,6,9,5000.000,2800.000,-0.971,2.718,3,1.324,1.498,2,3.667,2.264,2,1,2,1
9,-18,4.750,-8.750,3,3,5.837,0.351,5,6,11,7200.000,4000.000,0.176,1.823,3,0.995,0.799,3,3.235,3.869,1,3,1,3
9,-17,4.750,-8.250,2,1,7.732,-0.305,3,6,9,5100.000,3700.000,-0.279,1.027,2,-0.477,0.879,1,2.450,1.500,1,1,1,1
9,-16,4.750,-7.750,2,2,3.463,0.755,4,6,10,3900.000,3500.000,-0.530,-0.535,2,-1.251,1.456,2,2.000,2.000,0,0,0,0
9,-15,4.750,-7.250,4,3,2.057,0.000,7,6,12,3000.000,3800.000,1.665,-0.073,4,-0.447,0.930,3,4.000,3.137,0,3,0,2
9,-14,4.750,-6.750,5,2,7.232,-0.031,7,6,13,5500.000,1600.000,2.835,-1.725,5,0.223,-0.351,2,5.500,2.000,1,0,1,0
9,-13,4.750,-6.250,2,1,5.262,-0.023,3,6,9,3300.000,4100.000,0.001,0.000,2,0.989,-0.151,1,2.973,1.500,2,1,2,1
9,-12,4.750,-5.750,2,2,6.492,-0.496,4,6,9,2700.000,3800.000,-0.337,-0.182,2,0.388,-1.940,2,2.226,2.485,1,1,1,1
9,-11,4.750,-5.250,1,0,4.822,2.304,1,1,2,0.000,500.000,-0.188,0.982,1,0.000,0.000,0,1.000,0.000,0,0,0,0
9,-10,4.750,-4.750,1,4,19.980,0.351,5,4,9,1800.000,800.000,0.966,0.259,1,-2.182,2.561,4,1.355,4.789,1,3,1,2
9,-9,4.750,-4.250,7,3,6.003,0.000,10,5,14,4100.000,3500.000,5.569,-0.306,7,-1.008,-0.010,3,8.469,3.235,4,1,3,1
9,-8,4.750,-3.750,2,5,3.580,0.069,7,6,12,5600.000,5200.000,-0.047,-0.509,2,0.251,-0.672,5,2.491,6.004,1,3,1,2
9,-7,4.750,-3.250,6,1,4.629,0.153,6,6,12,4100.000,5500.000,1.653,-2.561,6,-0.274,0.962,1,8.226,0.883,5,1,5,0
9,-6,4.750,-2.750,4,2,6.167,-0.153,6,6,11,4900.000,5300.000,0.063,0.045,4,0.206,-1.417,2,5.125,2.684,3,2,3,2
9,-5,4.750,-2.250,1,1,4.435,-1.419,2,3,5,300.000,700.000,-0.056,0.998,1,-0.985,0.170,1,1.000,1.000,0,0,0,0
9,-4,4.750,-1.750,1,2,1.642,0.000,3,4,6,700.000,500.000,-0.583,0.813,1,-1.190,-1.096,2,1.370,2.625,1,2,1,2
9,-3,4.750,-1.250,2,0,4.675,-0.092,2,3,5,700.000,200.000,-0.460,1.928,2,0.000,0.000,0,2.500,0.000,1,0,1,0
9,-2,4.750,-0.750,2,0,2.731,-0.328,2,2,4,800.000,0.000,-1.486,0.479,2,0.000,0.000,0,2.870,0.000,2,0,2,0
9,-1,4.750,-0.250,0,0,0.000,0.000,0,3,3,600.000,400.000,0.000,0.000,0,0.000,0.000,0,0.000,0.000,0,0,0,0
9,0,4.750,0.250,2,1,4.212,0.298,3,2,4,700.000,0.000,-1.698,-0.393,2,-0.338,0.941,1,3.000,1.261,2,1,2,1
9,1,4.750,0.750,2,0,4.191,1.190,2,2,4,1000.000,800.000,-1.362,0.700,2,0.000,0.000,0,2.770,0.000,2,0,2,0
9,2,4.750,1.250,2,0,4.619,1.846,2,4,6,2500.000,600.000,-1.074,-1.678,2,0.000,0.000,0,2.829,0.000,2,0,2,0
9,3,4.750,1.750,12,20,4.714,0.015,25,6,30,30000.000,13100.000,6.258,3.532,12,4.574,1.686,20,13.261,24.490,3,10,3,10
9,4,4.750,2.250,5,11,7.849,0.015,15,6,20,23900.000,18900.000,0.804,-0.905,5,3.090,-1.731,11,6.000,11.867,2,4,2,4
9,5,4.750,2.750,0,3,0.000,0.000,3,5,8,300.000,1400.000,0.000,0.000,0,-1.084,-2.699,3,0.000,3.500,0,1,0,1
9,6,4.750,3.250,0,0,0.000,0.000,0,3,3,300.000,7200.000,0.000,0.000,0,0.000,0.000,0,0.000,0.000,0,0,0,0
9,7,4.750,3.750,0,2,0.000,0.000,1,3,4,1500.000,1200.000,0.000,0.000,0,-0.699,-0.195,2,0.000,2.678,0,2,0,2
9,8,4.750,4.250,1,1,4.073,-0.854,2,4,6,600.000,1600.000,-0.325,-0.946,1,0.800,0.599,1,1.000,1.000,0,0,0,0
9,9,4.750,4.750,3,1,7.651,0.015,4,6,10,7000.000,5600.000,1.804,-0.850,3,0.826,0.563,1,4.000,1.000,2,0,2,0
9,10,4.750,5.250,6,12,1.087,0.000,14,6,17,21100.000,18000.000,1.483,0.396,6,3.787,-5.301,12,7.444,14.246,5,5,5,5
9,11,4.750,5.750,3,1,3.667,0.015,3,6,9,7400.000,2700.000,2.502,-1.178,3,-0.995,-0.103,1,2.774,1.000,1,0,0,0
9,12,4.750,6.250,0,0,0.000,0.000,0,1,1,0.000,100.000,0.000,0.000,0,0.000,0.000,0,0.000,0.000,0,0,0,0
10,-33,5.250,-16.250,0,0,0.000,0.000,0,2,2,100.000,700.000,0.000,0.000,0,0.000,0.000,0,0.000,0.000,0,0,0,0
10,-32,5.250,-15.750,0,0,0.000,0.000,0,2,2,600.000,700.000,0.000,0.000,0,0.000,0.000,0,0.000,0.000,0,0,0,0
10,-31,5.250,-15.250,2,0,4.427,-0.290,2,0,2,0.000,0.000,1.999,0.009,2,0.000,0.000,0,2.000,0.000,0,0,0,0
10,-30,5.250,-14.750,2,0,11.270,-1.923,2,1,3,100.000,0.000,1.998,-0.080,2,0.000,0.000,0,2.500,0.000,1,0,1,0
10,-29,5.250,-14.250,4,3,2.859,-0.954,7,3,10,300.000,200.000,3.186,-1.437,4,2.774,0.630,3,5.056,3.491,4,1,3,1
10,-28,5.250,-13.750,0,0,0.000,0.000,0,5,5,1800.000,3500.000,0.000,0.000,0,0.000,0.000,0,0.000,0.000,0,0,0,0
10,-27,5.250,-13.250,2,1,2.318,-0.633,3,6,8,2900.000,3200.000,1.848,-0.723,2,0.831,-0.556,1,3.000,1.000,2,0,2,0
10,-26,5.250,-12.750,0,0,0.000,0.000,0,5,5,3000.000,3500.000,0.000,0.000,0,0.000,0.000,0,0.000,0.000,0,0,0,0
10,-25,5.250,-12.250,0,2,0.000,0.000,2,6,8,3200.000,3300.000,0.000,0.000,0,1.396,-1.428,2,0.000,2.500,0,1,0,1
10,-24,5.250,-11.750,0,1,0.000,0.000,1,6,7,1400.000,3100.000,0.000,0.000,0,0.163,-0.987,1,0.000,1.500,0,1,0,1
10,-23,5.250,-11.250,3,2,5.217,0.000,5,5,10,1000.000,1600.000,1.565,0.820,3,-0.608,-0.423,2,3.861,2.950,2,2,2,2
10,-22,5.250,-10.750,0,1,0.000,0.000,1,4,5,1000.000,300.000,0.000,0.000,0,0.416,-0.910,1,0.000,1.429,0,1,0,1
10,-20,5.250,-9.750,0,1,0.000,0.000,1,6,7,5000.000,3700.000,0.000,0.000,0,-0.371,0.929,1,0.000,1.438,0,1,0,1
10,-19,5.250,-9.250,3,2,5.220,-0.854,5,6,11,8300.000,6600.000,-0.777,2.641,3,0.975,-1.459,2,3.500,2.000,1,0,1,0
10,-18,5.250,-8.750,3,4,12.225,-0.748,7,6,12,5800.000,3300.000,-0.327,1.893,3,2.767,1.642,4,3.282,5.000,1,2,1,2
10,-17,5.250,-8.250,4,0,4.483,0.092,4,6,9,4200.000,4100.000,1.968,0.360,4,0.000,0.000,0,4.488,0.000,1,0,1,0
10,-16,5.250,-7.750,5,1,6.969,-0.061,5,6,11,3900.000,3800.000,0.710,1.183,5,-0.543,0.839,1,6.000,1.000,2,0,2,0
10,-15,5.250,-7.250,1,3,14.217,-0.015,4,6,10,3300.000,3500.000,0.992,0.128,1,1.583,-2.086,3,1.264,2.714,1,2,1,1
10,-14,5.250,-6.750,4,2,5.697,-0.008,6,6,12,3400.000,3100.000,2.110,-1.604,4,0.221,1.152,2,4.435,2.000,3,0,2,0
10,-13,5.250,-6.250,1,4,5.488,-0.015,5,6,11,5000.000,3100.000,0.237,-0.971,1,-1.567,1.211,4,1.000,5.353,0,3,0,3
10,-12,5.250,-5.750,2,0,11.684,-2.731,2,4,6,1800.000,2900.000,0.072,0.187,2,0.000,0.000,0,3.000,0.000,2,0,2,0
10,-10,5.250,-4.750,0,5,0.000,0.000,5,4,9,2900.000,2000.000,0.000,0.000,0,0.419,2.616,5,0.000,6.355,0,3,0,3
10,-9,5.250,-4.250,2,2,10.245,-1.152,3,6,9,2900.000,4200.000,1.838,-0.225,2,-0.070,-0.142,2,2.500,2.000,1,0,1,0
10,-8,5.250,-3.750,5,4,5.066,-0.153,7,6,13,3500.000,5300.000,0.069,1.943,5,-2.932,2.414,4,6.684,5.000,4,2,4,2
10,-7,5.250,-3.250,2,3,5.605,-0.381,5,6,10,3300.000,3900.000,-0.466,-0.394,2,-0.785,-0.901,3,2.500,3.344,1,1,1,1
10,-6,5.250,-2.750,0,1,0.000,0.000,1,6,7,4100.000,3200.000,0.000,0.000,0,-0.811,-0.586,1,0.000,1.264,0,1,0,1
10,-2,5.250,-0.750,0,0,0.000,0.000,0,1,1,100.000,100.000,0.000,0.000,0,0.000,0.000,0,0.000,0.000,0,0,0,0
10,-1,5.250,-0.250,0,2,0.000,0.000,2,2,4,400.000,400.000,0.000,0.000,0,1.656,0.847,2,0.000,2.500,0,1,0,1
10,0,5.250,0.250,1,3,1.317,1.129,3,3,6,500.000,1500.000,0.954,0.300,1,2.563,0.962,3,1.500,4.491,1,3,1,3
10,1,5.250,0.750,1,2,2.337,0.565,3,3,6,500.000,2200.000,0.783,-0.623,1,1.303,1.506,2,1.500,2.968,1,2,1,2
10,2,5.250,1.250,1,5,5.888,4.410,6,4,10,600.000,4400.000,0.777,-0.629,1,3.117,0.119,5,1.500,6.602,1,4,1,4
10,3,5.250,1.750,8,8,1.698,0.015,13,6,18,15700.000,9200.000,2.438,2.237,8,-0.227,4.051,8,9.485,8.425,7,2,4,1
10,4,5.250,2.250,16,11,3.688,0.183,19,6,24,32100.000,22800.000,6.048,-2.860,16,1.990,-4.712,11,18.351,11.714,8,6,6,3
10,5,5.250,2.750,3,9,4.297,-0.198,10,6,15,8900.000,3600.000,0.802,0.598,3,3.080,4.324,9,3.420,9.494,3,3,2,2
10,6,5.250,3.250,2,2,8.848,1.244,4,6,10,4600.000,1700.000,0.845,0.292,2,1.010,1.158,2,2.500,2.500,1,1,1,1
10,7,5.250,3.750,2,9,14.394,-0.114,11,6,16,4200.000,1600.000,1.754,-0.014,2,6.861,1.148,9,2.500,9.500,1,1,1,1
10,8,5.250,4.250,6,3,6.919,0.031,7,6,13,5200.000,2100.000,1.635,-1.109,6,2.441,-0.932,3,6.876,3.000,2,0,2,0
10,9,5.250,4.750,4,6,5.187,0.008,10,6,15,18900.000,5100.000,2.892,-0.257,4,4.022,-3.528,6,4.190,8.302,1,5,1,5
10,10,5.250,5.250,14,16,0.674,0.023,16,6,21,28400.000,15300.000,2.031,-1.157,14,3.630,-2.071,16,17.058,18.491,7,7,7,7
10,11,5.250,5.750,3,6,8.102,0.000,9,6,14,8100.000,6400.000,1.683,-2.013,3,2.912,-3.411,6,3.000,6.774,0,3,0,2
11,-33,5.750,-16.250,1,1,6.775,1.694,2,4,5,500.000,4000.000,-0.003,1.000,1,-0.048,0.999,1,1.000,1.302,0,1,0,1
11,-32,5.750,-15.750,0,0,0.000,0.000,0,6,6,6000.000,11100.000,0.000,0.000,0,0.000,0.000,0,0.000,0.000,0,0,0,0
11,-31,5.750,-15.250,1,4,1.458,1.099,4,4,8,1700.000,1300.000,0.144,0.990,1,1.529,1.859,4,1.500,4.383,1,2,1,1
11,-30,5.750,-14.750,7,2,1.336,-0.046,8,6,14,7600.000,2100.000,4.471,-0.209,7,1.003,0.796,2,9.096,2.500,5,1,5,1
11,-29,5.750,-14.250,5,5,5.243,-0.687,9,6,15,13500.000,7800.000,3.313,-0.473,5,2.552,-2.738,5,5.659,6.690,3,4,2,4
11,-28,5.750,-13.750,6,10,1.387,0.015,13,6,18,8600.000,5000.000,-0.455,2.958,6,6.433,0.943,10,6.941,12.556,2,9,2,7
11,-27,5.750,-13.250,3,5,0.270,-0.244,6,6,9,9000.000,8000.000,-0.308,-1.916,3,1.460,-1.763,5,3.000,5.214,0,1,0,1
11,-26,5.750,-12.750,4,6,3.830,-0.626,10,6,15,7700.000,8800.000,0.585,0.125,4,0.400,2.017,6,5.485,6.243,3,5,3,3
11,-25,5.750,-12.250,3,0,4.474,-0.763,3,6,9,8000.000,8200.000,0.123,0.982,3,0.000,0.000,0,3.083,0.000,2,0,1,0
11,-24,5.750,-11.750,9,1,2.673,-0.168,7,6,13,6500.000,9300.000,2.974,-2.053,9,0.638,-0.770,1,11.261,1.279,7,1,6,1
11,-23,5.750,-11.250,4,4,4.267,-0.557,6,6,12,7800.000,10200.000,0.484,0.060,4,0.159,0.098,4,4.451,5.161,2,3,2,3
11,-22,5.750,-10.750,2,5,0.528,-0.015,6,6,12,11000.000,8200.000,1.497,-1.166,2,1.806,-2.910,5,2.000,5.808,0,2,0,2
11,-21,5.750,-10.250,2,5,7.773,-2.525,7,6,13,16300.000,10000.000,0.010,0.013,2,-0.418,4.333,5,2.000,6.370,0,3,0,3
11,-20,5.750,-9.750,6,8,3.553,-0.031,11,6,15,15200.000,11400.000,0.607,0.418,6,0.209,1.638,8,7.000,10.366,2,6,2,6
11,-19,5.750,-9.250,9,8,4.335,-0.031,14,6,17,11900.000,7300.000,-0.825,3.026,9,0.140,-0.372,8,10.158,10.128,5,5,4,5
11,-18,5.750,-8.750,6,4,4.066,-0.015,8,6,13,6500.000,4800.000,-2.210,1.823,6,0.025,-1.112,4,6.603,4.500,3,1,2,1
11,-17,5.750,-8.250,4,1,5.041,-0.015,5,6,11,3500.000,5100.000,1.233,-0.727,4,0.812,0.584,1,5.000,1.000,2,0,2,0
11,-16,5.750,-7.750,1,4,7.047,-0.031,5,6,11,3500.000,3400.000,0.772,0.635,1,-2.503,0.564,4,1.500,4.671,1,3,1,2
11,-15,5.750,-7.250,0,2,0.000,0.000,2,6,7,4700.000,4800.000,0.000,0.000,0,1.815,-0.522,2,0.000,2.394,0,1,0,1
11,-14,5.750,-6.750,5,1,6.769,-0.015,5,6,11,2100.000,2600.000,-0.622,-1.038,5,0.962,-0.274,1,5.969,0.780,3,1,3,0
11,-13,5.750,-6.250,3,3,7.168,-0.015,5,6,10,5000.000,1900.000,1.174,-2.077,3,-0.550,-0.691,3,3.885,3.500,2,1,2,1
11,-12,5.750,-5.750,3,5,2.815,-0.305,6,4,9,3400.000,3800.000,1.864,0.036,3,-0.862,-1.880,5,3.540,6.165,2,4,1,3
11,-11,5.750,-5.250,1,1,6.785,2.670,2,1,3,0.000,100.000,0.059,-0.998,1,-0.396,0.918,1,1.000,1.000,0,0,0,0
11,-10,5.750,-4.750,2,3,3.031,1.534,5,5,10,3000.000,3000.000,1.285,1.481,2,2.886,0.809,3,2.000,3.661,0,2,0,2
11,-9,5.750,-4.250,4,4,2.605,-0.092,7,6,13,2600.000,3600.000,-0.056,-0.647,4,2.042,-0.101,4,4.991,5.000,2,2,2,2
11,-8,5.750,-3.750,2,6,7.464,-0.015,8,6,13,3000.000,3400.000,1.126,-1.588,2,0.452,1.711,6,2.500,7.397,1,3,1,3
11,-7,5.750,-3.250,2,2,3.280,-0.664,3,6,8,3000.000,3200.000,-1.968,0.356,2,-1.753,-0.801,2,2.456,2.000,1,0,1,0
11,-6,5.750,-2.750,4,1,4.456,0.427,5,6,11,9000.000,3700.000,2.431,-2.738,4,0.670,-0.742,1,5.425,1.500,4,1,3,1
11,-4,5.750,-1.750,1,2,9.418,-0.809,2,3,4,2100.000,4500.000,0.987,0.163,1,1.998,0.070,2,1.494,2.705,1,2,1,2
11,-3,5.750,-1.250,0,2,0.000,0.000,2,3,5,1500.000,1000.000,0.000,0.000,0,1.040,1.236,2,0.000,2.353,0,1,0,1
11,-2,5.750,-0.750,1,1,10.873,0.000,2,3,5,900.000,400.000,0.961,-0.276,1,0.982,-0.188,1,0.739,1.353,1,1,0,1
11,-1,5.750,-0.250,0,1,0.000,0.000,1,4,5,600.000,300.000,0.000,0.000,0,0.989,0.150,1,0.000,1.000,0,0,0,0
11,0,5.750,0.250,0,0,0.000,0.000,0,5,5,1300.000,1000.000,0.000,0.000,0,0.000,0.000,0,0.000,0.000,0,0,0,0
11,1,5.750,0.750,1,0,0.346,-0.061,1,6,7,2200.000,1700.000,-0.847,0.532,1,0.000,0.000,0,1.000,0.000,0,0,0,0
11,2,5.750,1.250,7,2,2.930,0.000,9,6,13,4900.000,3100.000,-0.085,0.718,7,1.625,0.019,2,7.960,2.500,3,1,3,1
11,3,5.750,1.750,12,2,5.942,0.015,13,6,16,11300.000,5700.000,5.788,4.127,12,-0.626,-1.015,2,14.162,2.500,8,1,6,1
11,4,5.750,2.250,12,11,3.426,0.000,16,6,20,18900.000,10400.000,4.329,-0.281,12,3.665,-1.558,11,14.235,11.774,5,3,5,2
11,5,5.750,2.750,14,13,2.185,0.023,24,6,27,28500.000,12400.000,0.300,-5.660,14,4.342,-3.174,13,16.909,14.006,8,4,7,3
11,6,5.750,3.250,10,5,4.057,0.000,13,6,18,15100.000,6500.000,4.722,-2.189,10,1.985,2.342,5,12.330,5.000,6,0,6,0
11,7,5.750,3.750,8,5,4.985,0.000,11,6,16,14600.000,5000.000,-0.303,-3.572,8,4.166,-0.550,5,8.525,5.861,2,2,1,2
11,8,5.750,4.250,7,6,4.608,-0.015,11,6,17,14500.000,4400.000,1.735,-4.579,7,5.010,-0.347,6,7.574,6.000,3,0,2,0
11,9,5.750,4.750,8,10,2.374,0.000,15,6,18,13700.000,7000.000,2.399,-2.179,8,0.804,-4.306,10,9.125,11.853,5,6,4,6
11,10,5.750,5.250,5,8,7.863,0.000,12,6,18,18600.000,12500.000,-1.677,-2.607,5,1.849,-3.341,8,6.500,9.500,3,3,3,3
11,11,5.750,5.750,4,3,3.083,0.015,6,6,11,4900.000,10200.000,0.057,-1.934,4,0.858,-1.568,3,4.000,3.500,0,1,0,1
12,-33,6.250,-16.250,4,0,4.450,0.862,4,5,8,500.000,9000.000,-0.562,3.952,4,0.000,0.000,0,5.090,0.000,3,0,3,0
12,-32,6.250,-15.750,4,2,4.083,0.893,5,6,11,1500.000,9000.000,0.616,3.520,4,1.557,0.866,2,4.479,2.500,3,1,2,1
12,-31,6.250,-15.250,3,2,4.655,0.778,5,6,11,3100.000,5900.000,-0.104,2.987,3,-0.479,1.808,2,4.353,2.500,3,1,3,1
12,-30,6.250,-14.750,1,0,4.844,-0.290,1,6,7,10700.000,5800.000,0.990,0.142,1,0.000,0.000,0,1.441,0.000,1,0,1,0
12,-29,6.250,-14.250,4,7,3.903,-0.473,9,6,15,7200.000,7800.000,1.867,0.123,4,4.920,0.731,7,4.226,8.944,1,4,1,4
12,-28,6.250,-13.750,2,9,4.224,-1.717,9,6,15,8500.000,11700.000,0.969,-1.062,2,4.906,0.777,9,2.000,10.497,0,3,0,3
12,-27,6.250,-13.250,3,3,2.564,0.000,4,6,9,12100.000,13700.000,1.681,0.629,3,0.328,1.057,3,3.671,2.451,3,2,2,0
12,-26,6.250,-12.750,1,5,4.501,-1.099,6,6,12,8800.000,10300.000,0.573,-0.820,1,0.033,1.041,5,1.000,5.965,0,2,0,2
12,-25,6.250,-12.250,1,2,1.838,-0.031,3,6,9,8700.000,10400.000,-0.203,0.979,1,0.925,0.799,2,1.000,2.885,0,2,0,2
12,-24,6.250,-11.750,5,11,4.181,0.015,11,6,17,9700.000,11900.000,-1.438,2.529,5,-1.327,0.978,11,5.726,14.844,2,8,2,8
12,-23,6.250,-11.250,3,4,5.733,0.015,7,6,12,12000.000,14100.000,-0.735,0.819,3,-0.090,2.074,4,3.500,4.226,1,1,1,1
12,-22,6.250,-10.750,7,9,6.112,0.000,12,6,16,15700.000,14900.000,-2.326,4.140,7,-0.651,6.465,9,8.279,11.465,3,5,3,5
12,-21,6.250,-10.250,4,7,3.522,-0.862,9,6,14,12400.000,12100.000,-2.299,0.913,4,-1.850,4.037,7,3.922,8.078,3,3,1,3
12,-20,6.250,-9.750,11,9,3.637,0.000,17,6,19,11300.000,12100.000,-4.953,0.489,11,-1.425,1.118,9,13.746,10.944,6,4,6,4
12,-19,6.250,-9.250,4,3,4.766,-0.015,6,6,12,7500.000,6500.000,-2.117,1.119,4,0.562,-0.840,3,5.500,3.370,3,1,3,1
12,-18,6.250,-8.750,3,1,5.042,-0.015,4,6,9,4700.000,4200.000,0.447,1.714,3,0.885,0.465,1,3.625,1.261,2,1,2,1
12,-17,6.250,-8.250,6,3,4.661,0.000,9,6,14,2800.000,3900.000,-0.297,2.969,6,1.594,1.778,3,7.394,3.000,3,0,3,0
12,-16,6.250,-7.750,4,5,3.306,0.122,9,6,13,2300.000,5500.000,0.762,-0.412,4,1.568,-0.334,5,4.444,5.500,1,1,1,1
12,-15,6.250,-7.250,4,1,5.245,-0.374,5,6,11,3700.000,3100.000,-0.109,-0.373,4,0.263,0.965,1,4.171,1.000,2,0,1,0
12,-14,6.250,-6.750,4,4,4.073,-0.320,8,6,14,2700.000,2600.000,-0.331,-1.911,4,2.482,-0.611,4,5.279,4.661,3,2,3,2
12,-13,6.250,-6.250,3,3,4.505,-0.061,5,6,11,4200.000,3100.000,2.594,0.391,3,1.448,-1.047,3,3.683,3.183,3,2,2,1
12,-12,6.250,-5.750,1,4,9.618,0.015,4,6,10,1900.000,4400.000,0.962,-0.272,1,-2.595,0.147,4,1.468,4.540,1,2,1,1
12,-11,6.250,-5.250,1,4,4.960,0.046,5,5,9,2800.000,4700.000,0.929,-0.370,1,2.060,-0.366,4,1.000,5.279,0,3,0,3
12,-10,6.250,-4.750,4,3,10.499,0.008,7,6,12,3500.000,4100.000,1.967,-0.729,4,-2.914,-0.582,3,5.000,3.500,2,1,2,1
12,-9,6.250,-4.250,4,3,7.461,-0.015,7,6,12,3600.000,4700.000,1.044,-0.598,4,2.771,-0.668,3,5.329,3.370,3,1,3,1
12,-8,6.250,-3.750,6,1,5.373,0.137,7,6,11,2000.000,4000.000,1.987,-0.227,6,0.956,0.295,1,5.633,1.235,3,1,1,1
12,-7,6.250,-3.250,2,2,4.906,0.092,2,5,7,1500.000,4300.000,-1.917,-0.363,2,1.310,-0.838,2,2.413,2.510,2,2,2,1
12,-6,6.250,-2.750,4,1,6.846,0.778,5,6,10,9300.000,2100.000,0.694,-3.734,4,-0.994,-0.112,1,4.934,1.500,3,1,3,1
12,-4,6.250,-1.750,1,1,5.622,0.000,2,2,4,700.000,1100.000,0.555,0.832,1,0.968,0.253,1,1.500,1.500,1,1,1,1
12,-3,6.250,-1.250,0,0,0.000,0.000,0,2,2,1000.000,0.000,0.000,0.000,0,0.000,0.000,0,0.000,0.000,0,0,0,0
12,-2,6.250,-0.750,2,1,4.395,-0.931,3,3,6,1300.000,200.000,1.071,1.143,2,1.000,-0.027,1,2.423,1.500,1,1,1,1
12,-1,6.250,-0.250,0,0,0.000,0.000,0,5,5,1500.000,500.000,0.000,0.000,0,0.000,0.000,0,0.000,0.000,0,0,0,0
12,0,6.250,0.250,2,3,3.150,-1.930,4,5,8,600.000,2100.000,-0.993,1.019,2,-1.157,1.991,3,2.500,4.000,1,2,1,2
12,1,6.250,0.750,3,0,2.462,-0.092,3,5,8,1000.000,2800.000,-0.658,2.120,3,0.000,0.000,0,3.444,0.000,1,0,1,0
12,2,6.250,1.250,4,0,4.287,1.083,4,5,9,5300.000,4300.000,0.192,0.856,4,0.000,0.000,0,5.370,0.000,3,0,3,0
12,3,6.250,1.750,7,3,5.042,1.129,10,6,15,9500.000,4200.000,4.550,-0.819,7,-0.951,0.073,3,8.670,3.764,4,2,4,2
12,4,6.250,2.250,4,2,6.358,2.396,5,6,11,7700.000,5500.000,3.421,-1.209,4,1.639,-1.115,2,5.270,2.000,3,0,3,0
12,5,6.250,2.750,10,13,3.120,0.000,17,6,22,13700.000,7600.000,-1.386,1.236,10,3.302,5.144,13,10.181,15.007,1,5,1,5
12,6,6.250,3.250,5,6,0.328,0.031,8,6,14,19800.000,8800.000,0.129,0.879,5,1.956,-1.069,6,5.178,5.925,1,1,1,0
12,7,6.250,3.750,6,4,4.413,0.366,9,6,14,13700.000,6400.000,2.060,-1.994,6,1.758,-1.770,4,7.000,4.000,2,0,2,0
12,8,6.250,4.250,11,4,4.616,0.198,10,6,16,15500.000,5200.000,5.348,-7.694,11,1.414,-3.285,4,11.450,4.000,5,0,2,0
12,9,6.250,4.750,7,7,9.253,0.351,12,6,17,15700.000,6800.000,1.979,-3.891,7,-1.662,-2.501,7,8.000,7.690,4,2,3,2
12,10,6.250,5.250,9,6,1.679,0.015,14,6,19,13300.000,7900.000,0.135,-0.820,9,2.938,-1.958,6,9.500,7.000,1,2,1,2
12,11,6.250,5.750,4,5,1.999,0.160,8,6,13,5800.000,9700.000,-0.567,-0.874,4,-0.451,-1.948,5,4.000,5.500,0,1,0,1
13,-33,6.750,-16.250,0,1,0.000,0.000,1,5,6,400.000,9900.000,0.000,0.000,0,-0.254,0.967,1,0.000,1.000,0,0,0,0
13,-32,6.750,-15.750,4,2,8.815,-0.305,5,6,11,2400.000,9600.000,1.723,2.084,4,1.941,0.306,2,4.861,3.000,4,2,3,2
13,-31,6.750,-15.250,5,3,2.767,0.671,6,6,12,3900.000,6000.000,-0.278,2.023,5,0.400,1.338,3,6.473,3.226,3,1,3,1
13,-30,6.750,-14.750,3,3,4.201,-0.366,6,6,12,6600.000,4400.000,2.925,-0.359,3,1.795,1.072,3,3.403,4.500,1,3,1,3
13,-29,6.750,-14.250,4,2,3.681,-0.481,5,6,10,8800.000,7400.000,1.942,-1.331,4,0.826,1.015,2,5.441,1.816,3,1,3,0
13,-28,6.750,-13.750,3,6,8.219,-0.015,7,6,13,8800.000,12200.000,-1.444,1.995,3,2.387,-0.305,6,2.683,7.441,1,3,0,3
13,-27,6.750,-13.250,1,4,2.444,-0.290,5,6,11,4400.000,4400.000,0.331,-0.943,1,0.077,2.358,4,1.000,4.894,0,4,0,3
13,-26,6.750,-12.750,0,0,0.000,0.000,0,6,6,1500.000,1600.000,0.000,0.000,0,0.000,0.000,0,0.000,0.000,0,0,0,0
13,-25,6.750,-12.250,0,0,0.000,0.000,0,6,6,2000.000,1000.000,0.000,0.000,0,0.000,0.000,0,0.000,0.000,0,0,0,0
13,-24,6.750,-11.750,0,2,0.000,0.000,2,6,7,1700.000,1900.000,0.000,0.000,0,-0.188,-0.033,2,0.000,2.000,0,0,0,0
13,-23,6.750,-11.250,0,0,0.000,0.000,0,6,6,1400.000,1700.000,0.000,0.000,0,0.000,0.000,0,0.000,0.000,0,0,0,0
13,-22,6.750,-10.750,1,0,9.662,-0.656,1,6,7,500.000,1300.000,-0.561,0.828,1,0.000,0.000,0,1.453,0.000,1,0,1,0
13,-20,6.750,-9.750,1,1,1.710,-0.656,2,5,7,300.000,1800.000,-0.899,0.438,1,-0.579,-0.815,1,1.500,1.000,1,0,1,0
13,-19,6.750,-9.250,2,3,9.786,-0.008,5,6,11,3000.000,3500.000,-0.398,1.592,2,0.862,2.746,3,2.235,3.692,1,3,1,2
13,-18,6.750,-8.750,3,3,0.273,0.000,4,6,10,3500.000,5500.000,1.130,0.272,3,0.637,1.169,3,3.316,4.000,2,2,1,2
13,-17,6.750,-8.250,0,2,0.000,0.000,2,6,8,3300.000,4000.000,0.000,0.000,0,-0.374,0.556,2,0.000,2.237,0,1,0,1
13,-16,6.750,-7.750,0,4,0.000,0.000,4,6,9,3000.000,3800.000,0.000,0.000,0,1.489,0.880,4,0.000,5.040,0,3,0,3
13,-15,6.750,-7.250,4,1,7.586,-0.595,5,6,11,2100.000,2800.000,0.209,-1.609,4,0.999,0.053,1,3.500,1.000,1,0,0,0
13,-14,6.750,-6.750,5,4,5.074,0.153,8,6,14,1600.000,1700.000,1.575,-0.386,5,-0.625,1.451,4,6.235,5.140,3,3,3,3
13,-13,6.750,-6.250,3,2,1.561,0.031,5,6,11,2800.000,1700.000,1.769,-1.589,3,0.717,1.551,2,3.279,2.214,1,1,1,1
13,-12,6.750,-5.750,2,4,1.414,0.458,5,6,11,3000.000,2100.000,1.734,0.202,2,0.592,-0.817,4,2.000,4.982,0,2,0,2
13,-11,6.750,-5.250,4,6,10.726,-1.053,9,6,14,3500.000,3200.000,2.376,-2.299,4,2.788,-0.885,6,4.500,6.500,1,1,1,1
13,-10,6.750,-4.750,4,4,8.937,-2.174,7,6,13,2500.000,3000.000,-1.832,0.773,4,2.992,-1.911,4,4.914,4.000,2,2,2,1
13,-9,6.750,-4.250,4,4,4.672,-0.374,8,6,14,2200.000,1700.000,0.776,-1.649,4,-0.334,-0.935,4,5.000,4.000,2,2,2,1
13,-8,6.750,-3.750,2,4,4.328,-0.854,6,5,10,1900.000,4000.000,0.012,0.239,2,0.515,-0.901,4,2.500,4.910,1,3,1,2
13,-7,6.750,-3.250,0,2,0.000,0.000,2,5,7,2200.000,2600.000,0.000,0.000,0,0.427,-0.698,2,0.000,2.420,0,1,0,1
13,-6,6.750,-2.750,0,0,0.000,0.000,0,5,5,1700.000,1400.000,0.000,0.000,0,0.000,0.000,0,0.000,0.000,0,0,0,0
13,-4,6.750,-1.750,2,0,5.053,-1.892,2,3,5,3000.000,1100.000,1.064,1.559,2,0.000,0.000,0,2.040,0.000,1,0,0,0
13,-3,6.750,-1.250,1,2,7.214,-4.120,3,4,7,1000.000,600.000,0.488,0.873,1,0.950,1.270,2,1.500,2.500,1,1,1,1
13,-2,6.750,-0.750,1,1,5.165,-4.410,2,3,5,1200.000,300.000,-0.432,0.902,1,0.957,-0.291,1,1.000,1.370,0,1,0,1
13,-1,6.750,-0.250,0,3,0.000,0.000,3,3,6,300.000,400.000,0.000,0.000,0,1.378,1.605,3,0.000,4.000,0,2,0,2
13,0,6.750,0.250,1,1,15.664,4.044,2,4,6,800.000,1700.000,0.996,-0.084,1,0.408,0.913,1,1.444,1.000,1,0,1,0
13,1,6.750,0.750,1,1,5.074,0.229,2,5,6,2200.000,3500.000,0.136,0.991,1,0.987,-0.162,1,1.013,1.000,1,0,0,0
13,2,6.750,1.250,2,0,8.380,-0.404,2,6,8,3500.000,3200.000,0.822,-0.455,2,0.000,0.000,0,2.500,0.000,1,0,1,0
13,3,6.750,1.750,1,4,3.421,-0.809,5,5,10,3200.000,3200.000,-0.990,0.141,1,-0.015,-0.935,4,1.000,4.146,0,1,0,1
13,4,6.750,2.250,4,3,8.090,-0.008,5,6,10,5500.000,2900.000,2.917,-0.163,4,2.370,0.812,3,5.270,4.152,3,3,3,3
13,5,6.750,2.750,3,3,5.844,2.197,6,6,11,3800.000,3000.000,0.198,-1.000,3,2.212,-1.942,3,3.397,3.500,1,1,1,1
13,6,6.750,3.250,3,4,3.736,0.824,6,6,11,7300.000,8100.000,2.389,0.569,3,0.742,-3.458,4,3.690,5.055,2,3,2,3
13,7,6.750,3.750,8,5,4.363,0.122,12,6,18,8700.000,5000.000,5.061,-0.994,8,0.117,-3.943,5,10.276,6.000,5,2,5,2
13,8,6.750,4.250,7,1,11.697,2.121,7,6,12,5000.000,4800.000,3.238,-4.419,7,0.477,-0.879,1,8.900,1.500,4,1,4,1
13,9,6.750,4.750,11,4,6.362,0.824,14,6,17,12600.000,10600.000,3.573,-5.586,11,0.525,-2.600,4,12.611,4.261,4,1,4,1
13,10,6.750,5.250,11,4,3.897,0.290,12,6,18,13700.000,8900.000,3.284,-3.710,11,0.413,-0.962,4,11.832,4.000,4,0,3,0
13,11,6.750,5.750,1,5,0.381,0.000,5,6,11,5600.000,6200.000,-0.533,-0.846,1,0.058,-2.466,5,1.500,5.929,1,2,1,2
14,-33,7.250,-16.250,3,0,7.191,1.038,3,6,8,9100.000,8100.000,-0.656,2.927,3,0.000,0.000,0,3.867,0.000,2,0,2,0
14,-32,7.250,-15.750,5,2,4.392,1.099,6,6,11,2600.000,9500.000,-1.404,4.769,5,0.327,1.688,2,6.214,2.504,3,2,3,2
14,-31,7.250,-15.250,4,4,8.199,0.435,7,6,13,2900.000,4400.000,1.162,1.724,4,2.357,0.353,4,4.844,5.976,2,4,2,4
14,-30,7.250,-14.750,2,3,3.053,-0.328,5,6,11,5600.000,2500.000,-0.919,1.756,2,1.001,-0.030,3,3.000,4.000,2,2,2,2
14,-29,7.250,-14.250,1,1,1.059,0.534,2,6,7,9300.000,9700.000,-0.728,0.685,1,0.999,-0.040,1,1.000,1.000,0,0,0,0
14,-28,7.250,-13.750,2,5,1.949,-0.572,6,6,11,5000.000,6100.000,-0.004,-0.275,2,2.807,-0.781,5,2.441,6.696,1,4,1,4
14,-27,7.250,-13.250,1,0,7.107,-2.167,1,5,6,300.000,700.000,0.906,-0.423,1,0.000,0.000,0,1.000,0.000,0,0,0,0
14,-18,7.250,-8.750,2,3,2.631,-0.443,4,5,9,1400.000,2000.000,-1.859,0.382,2,0.049,2.273,3,2.500,3.976,1,2,1,2
14,-17,7.250,-8.250,2,2,1.241,0.435,3,6,8,3700.000,2900.000,-1.382,-0.219,2,0.421,-0.827,2,2.894,2.500,2,1,2,1
14,-16,7.250,-7.750,5,3,3.449,-0.122,6,6,12,4500.000,3200.000,1.717,1.258,5,-1.682,-1.077,3,6.441,3.500,3,1,3,1
14,-15,7.250,-7.250,2,1,6.175,-0.923,3,6,9,2200.000,3000.000,-0.395,0.709,2,0.998,0.059,1,2.500,1.000,1,0,1,0
14,-14,7.250,-6.750,2,0,8.443,-0.542,2,6,8,1300.000,5200.000,0.002,0.041,2,0.000,0.000,0,2.453,0.000,1,0,1,0
14,-13,7.250,-6.250,3,0,9.416,-0.885,3,6,9,1700.000,2200.000,2.852,-0.505,3,0.000,0.000,0,3.000,0.000,0,0,0,0
14,-12,7.250,-5.750,2,2,7.648,-0.206,3,6,9,2300.000,3100.000,1.539,0.329,2,-0.021,1.050,2,2.500,2.261,1,1,1,1
14,-11,7.250,-5.250,0,2,0.000,0.000,2,5,6,2000.000,1900.000,0.000,0.000,0,-0.047,-0.121,2,0.000,2.500,0,1,0,1
14,-10,7.250,-4.750,2,2,6.060,-1.381,4,6,9,2400.000,3300.000,-1.835,0.623,2,-0.034,0.662,2,2.631,2.000,2,0,2,0
14,-9,7.250,-4.250,0,2,0.000,0.000,2,6,8,2600.000,1200.000,0.000,0.000,0,0.374,-0.545,2,0.000,2.941,0,2,0,2
14,-8,7.250,-3.750,3,4,6.551,-0.793,7,5,12,2700.000,3100.000,0.443,-0.684,3,-1.783,0.919,4,3.646,4.000,2,0,2,0
14,-7,7.250,-3.250,1,5,4.476,0.168,4,5,9,2500.000,3800.000,0.567,-0.824,1,-0.533,-2.361,5,1.000,6.000,0,2,0,2
14,-6,7.250,-2.750,3,1,5.402,-0.076,4,5,9,600.000,900.000,-1.223,-0.762,3,-0.161,-0.987,1,3.994,0.780,2,1,2,0
14,-4,7.250,-1.750,0,1,0.000,0.000,1,3,4,1500.000,1300.000,0.000,0.000,0,0.993,0.119,1,0.000,1.500,0,1,0,1
14,-3,7.250,-1.250,1,1,6.670,-2.213,2,3,5,500.000,500.000,-0.272,0.962,1,-0.495,0.869,1,1.090,1.335,1,1,1,1
14,-2,7.250,-0.750,1,2,4.537,-1.648,3,4,7,1200.000,700.000,0.978,-0.208,1,-0.421,1.523,2,1.000,3.000,0,2,0,2
14,-1,7.250,-0.250,1,2,3.698,0.000,3,3,6,1000.000,1000.000,-0.086,0.996,1,-0.693,1.874,2,1.000,1.777,0,1,0,0
14,0,7.250,0.250,1,1,8.039,-0.748,2,4,6,1800.000,900.000,0.758,-0.652,1,-0.132,0.991,1,1.000,1.397,0,1,0,1
14,1,7.250,0.750,0,0,0.000,0.000,0,6,6,2400.000,1800.000,0.000,0.000,0,0.000,0.000,0,0.000,0.000,0,0,0,0
14,2,7.250,1.250,0,1,0.000,0.000,1,6,7,1400.000,2100.000,0.000,0.000,0,0.957,-0.290,1,0.000,1.000,0,0,0,0
14,3,7.250,1.750,1,1,4.431,0.565,2,6,8,1700.000,1500.000,0.745,-0.667,1,-0.857,-0.515,1,1.000,1.000,0,0,0,0
14,4,7.250,2.250,1,1,1.263,-0.397,2,3,5,1600.000,0.000,-1.000,-0.028,1,0.104,0.995,1,1.000,1.000,0,0,0,0
14,5,7.250,2.750,2,4,1.387,0.397,5,5,10,1300.000,1500.000,-1.402,0.024,2,-1.990,1.984,4,2.161,4.516,1,2,1,2
14,6,7.250,3.250,2,1,3.012,0.496,3,6,9,4000.000,4100.000,-1.837,-0.786,2,0.967,0.254,1,2.000,1.500,0,1,0,1
14,7,7.250,3.750,1,3,0.736,0.732,4,6,10,7300.000,6000.000,0.788,0.616,1,0.984,0.434,3,1.320,3.500,1,1,1,1
14,8,7.250,4.250,4,1,2.871,0.008,5,6,11,6600.000,5400.000,-0.539,-0.764,4,0.163,-0.987,1,4.000,1.000,0,0,0,0
14,9,7.250,4.750,4,6,4.399,0.961,9,6,13,14600.000,6800.000,1.336,-0.711,4,3.782,-0.859,6,4.423,6.485,1,1,1,1
14,10,7.250,5.250,10,8,2.769,0.000,14,6,20,13400.000,14800.000,0.698,-4.006,10,3.602,-3.277,8,10.000,9.240,0,3,0,3
14,11,7.250,5.750,2,5,10.900,-0.008,7,6,12,10500.000,7900.000,0.063,-1.690,2,2.300,-2.200,5,2.190,5.727,1,3,1,2
15,-33,7.750,-16.250,0,0,0.000,0.000,0,6,6,3200.000,4400.000,0.000,0.000,0,0.000,0.000,0,0.000,0.000,0,0,0,0
15,-32,7.750,-15.750,2,3,3.562,0.053,5,6,11,4900.000,10100.000,0.466,1.259,2,-1.801,2.319,3,3.000,3.673,2,2,2,2
15,-31,7.750,-15.250,2,1,5.916,-0.259,2,6,8,3400.000,3000.000,0.039,0.245,2,-0.220,0.976,1,2.764,1.500,2,1,2,1
15,-30,7.750,-14.750,1,2,1.437,0.015,3,6,9,5100.000,3400.000,-0.907,0.421,1,-0.362,1.381,2,1.000,2.540,0,2,0,1
15,-29,7.750,-14.250,8,8,0.259,-0.046,10,6,15,10400.000,10800.000,-0.298,1.277,8,4.021,1.182,8,8.913,7.870,3,2,2,1
15,-28,7.750,-13.750,6,4,1.636,-0.542,8,6,14,4100.000,5200.000,0.095,-0.402,6,-0.844,-1.551,4,6.473,4.264,3,3,2,2
15,-27,7.750,-13.250,1,0,6.685,0.198,1,2,3,200.000,500.000,-0.361,0.933,1,0.000,0.000,0,0.500,0.000,1,0,0,0
15,-17,7.750,-8.250,2,1,2.039,-0.092,3,4,6,5300.000,1700.000,-0.307,0.646,2,0.970,0.244,1,2.500,1.000,1,0,1,0
15,-16,7.750,-7.750,2,4,11.269,0.420,6,6,11,4300.000,4000.000,1.912,0.222,2,1.584,0.593,4,2.500,4.988,1,2,1,2
15,-15,7.750,-7.250,2,5,2.006,0.412,5,6,10,3800.000,3600.000,1.965,-0.090,2,2.093,0.791,5,2.000,5.903,0,4,0,3
15,-14,7.750,-6.750,5,3,9.950,-0.366,7,6,13,1300.000,3700.000,-0.431,1.090,5,-0.104,-0.125,3,6.997,3.361,4,1,4,1
15,-13,7.750,-6.250,3,3,14.516,-0.885,6,6,11,1500.000,3800.000,2.619,0.282,3,2.735,0.076,3,3.991,3.500,2,1,2,1
15,-12,7.750,-5.750,1,1,17.608,-0.595,2,6,8,1800.000,2900.000,0.911,0.413,1,-0.820,0.573,1,1.000,1.000,0,0,0,0
15,-11,7.750,-5.250,6,4,7.080,-0.534,9,6,14,2000.000,2100.000,-3.100,1.481,6,-1.843,-1.168,4,6.413,4.000,2,0,1,0
15,-10,7.750,-4.750,1,3,10.446,-2.213,4,6,10,1700.000,2800.000,-0.825,0.566,1,2.447,-0.432,3,1.000,3.000,0,0,0,0
15,-9,7.750,-4.250,4,2,5.681,-0.473,5,6,11,2600.000,1900.000,-0.097,-2.055,4,1.305,-0.418,2,4.500,2.000,1,0,1,0
15,-8,7.750,-3.750,1,3,17.074,0.000,4,6,10,2100.000,1700.000,0.926,0.378,1,1.505,-0.209,3,1.000,3.500,0,1,0,1
15,-7,7.750,-3.250,1,4,12.606,-0.092,5,6,11,3700.000,2300.000,0.692,-0.722,1,-0.289,-1.483,4,1.423,4.969,1,3,1,2
15,-6,7.750,-2.750,0,0,0.000,0.000,0,5,5,300.000,1000.000,0.000,0.000,0,0.000,0.000,0,0.000,0.000,0,0,0,0
15,-4,7.750,-1.750,0,2,0.000,0.000,2,3,5,1600.000,1400.000,0.000,0.000,0,1.111,1.192,2,0.000,2.500,0,1,0,1
15,-3,7.750,-1.250,0,0,0.000,0.000,0,4,4,700.000,600.000,0.000,0.000,0,0.000,0.000,0,0.000,0.000,0,0,0,0
15,-2,7.750,-0.750,2,1,5.043,-2.304,3,4,6,1000.000,1300.000,0.400,1.939,2,-0.047,0.999,1,2.500,1.000,1,0,1,0
15,-1,7.750,-0.250,0,0,0.000,0.000,0,4,4,700.000,500.000,0.000,0.000,0,0.000,0.000,0,0.000,0.000,0,0,0,0
15,0,7.750,0.250,1,0,5.290,-0.031,1,6,7,1400.000,2200.000,0.992,0.125,1,0.000,0.000,0,1.500,0.000,1,0,1,0
15,1,7.750,0.750,2,1,4.834,0.916,3,6,8,1400.000,1100.000,0.834,0.497,2,0.999,-0.036,1,2.441,1.000,1,0,1,0
15,2,7.750,1.250,2,0,4.433,-0.427,2,6,8,1200.000,1000.000,1.829,-0.781,2,0.000,0.000,0,2.737,0.000,2,0,2,0
15,3,7.750,1.750,1,2,2.327,-0.992,3,5,8,800.000,2600.000,-0.366,-0.931,1,-0.514,1.897,2,1.500,2.500,1,1,1,1
15,4,7.750,2.250,1,0,2.157,-0.076,1,4,5,600.000,1400.000,-0.288,0.958,1,0.000,0.000,0,1.000,0.000,0,0,0,0
15,5,7.750,2.750,2,3,2.499,-1.289,5,5,10,1000.000,1900.000,-0.067,0.279,2,0.671,-0.835,3,2.500,3.619,1,2,1,2
15,6,7.750,3.250,1,4,3.356,0.900,5,6,11,2100.000,2000.000,0.730,0.683,1,0.473,-2.161,4,1.000,5.000,0,2,0,2
15,7,7.750,3.750,4,2,8.787,2.541,6,6,12,8100.000,3200.000,2.978,-2.580,4,0.168,0.771,2,5.190,2.820,3,2,3,2
15,8,7.750,4.250,4,1,4.848,0.206,5,6,11,7400.000,5200.000,1.471,0.032,4,0.896,0.444,1,4.646,1.500,2,1,2,1
15,9,7.750,4.750,11,8,5.478,0.000,15,6,20,13800.000,9400.000,3.809,-2.589,11,1.845,-0.014,8,13.311,9.456,5,3,5,3
15,10,7.750,5.250,9,10,10.690,0.000,13,6,17,18000.000,12700.000,2.143,-5.144,9,3.996,-2.514,10,8.733,11.087,1,3,0,3
15,11,7.750,5.750,7,4,3.959,0.000,9,6,14,9400.000,5900.000,1.200,-5.343,7,1.272,-2.777,4,7.330,4.500,2,1,1,1
16,-33,8.250,-16.250,1,1,1.616,-0.336,2,6,7,1400.000,3700.000,-0.792,0.611,1,-0.053,0.999,1,1.000,1.000,0,0,0,0
16,-32,8.250,-15.750,2,2,2.559,-0.275,4,6,10,5900.000,6700.000,0.031,0.887,2,0.459,0.774,2,2.976,2.500,2,1,2,1
16,-31,8.250,-15.250,0,2,0.000,0.000,2,6,8,3300.000,5500.000,0.000,0.000,0,-1.877,0.411,2,0.000,2.500,0,1,0,1
16,-30,8.250,-14.750,2,4,1.031,0.343,5,6,11,5000.000,2800.000,-1.615,1.150,2,0.253,0.598,4,2.000,4.500,0,1,0,1
16,-29,8.250,-14.250,5,3,1.607,0.031,5,6,11,7300.000,9500.000,-0.768,-1.538,5,0.659,-2.645,3,6.491,4.500,3,3,3,3
16,-28,8.250,-13.750,4,5,2.631,-0.557,7,6,13,3900.000,4400.000,2.734,-2.477,4,1.420,-0.168,5,4.274,6.000,2,2,1,2
16,-27,8.250,-13.250,1,0,2.762,-0.778,1,2,2,200.000,0.000,-0.079,-0.997,1,0.000,0.000,0,1.000,0.000,0,0,0,0
16,-17,8.250,-8.250,0,2,0.000,0.000,2,2,4,3300.000,100.000,0.000,0.000,0,-1.408,1.182,2,0.000,2.127,0,2,0,1
16,-16,8.250,-7.750,3,3,5.893,-0.687,5,6,10,3100.000,3400.000,-0.035,-1.033,3,1.509,2.593,3,2.923,3.717,2,2,1,2
16,-15,8.250,-7.250,4,6,1.350,-0.290,8,6,14,2300.000,4100.000,1.953,0.945,4,2.727,2.188,6,4.320,7.876,1,4,1,4
16,-14,8.250,-6.750,7,4,10.214,-0.015,10,5,12,2500.000,3600.000,5.005,-0.519,7,-1.973,-0.223,4,7.863,4.494,3,1,3,1
16,-13,8.250,-6.250,3,2,2.683,-0.641,4,6,10,1200.000,2800.000,-2.474,-0.757,3,-1.212,1.371,2,3.453,2.000,1,0,1,0
16,-12,8.250,-5.750,4,4,6.761,-1.160,7,6,13,2100.000,1600.000,1.075,1.761,4,-0.094,-0.029,4,5.000,4.000,2,0,2,0
16,-11,8.250,-5.250,8,4,5.526,-0.092,10,5,15,2500.000,2600.000,-3.753,-3.716,8,1.543,0.402,4,8.351,4.447,2,1,2,1
16,-10,8.250,-4.750,5,1,6.389,-0.549,5,6,11,3000.000,1800.000,0.347,0.429,5,-0.987,0.162,1,5.976,1.000,2,0,2,0
16,-9,8.250,-4.250,4,2,7.194,0.366,6,5,11,1900.000,1700.000,2.869,-1.062,4,1.774,-0.080,2,5.406,2.370,3,1,3,1
16,-8,8.250,-3.750,2,1,4.339,-0.160,2,5,7,1900.000,2200.000,-0.477,-1.131,2,-0.082,-0.997,1,2.802,1.500,2,1,2,1
16,-7,8.250,-3.250,3,0,16.409,-0.046,3,6,9,2000.000,1800.000,1.016,0.172,3,0.000,0.000,0,2.925,0.000,1,0,0,0
16,-6,8.250,-2.750,0,1,0.000,0.000,1,4,5,1000.000,1000.000,0.000,0.000,0,-0.800,-0.600,1,0.000,1.000,0,0,0,0
16,-4,8.250,-1.750,0,2,0.000,0.000,2,3,5,3300.000,2100.000,0.000,0.000,0,0.984,0.805,2,0.000,2.000,0,0,0,0
16,-3,8.250,-1.250,1,1,5.791,-1.587,2,4,5,1600.000,900.000,0.230,0.973,1,-0.772,0.636,1,1.000,1.500,0,1,0,1
16,-2,8.250,-0.750,1,3,16.912,2.228,4,3,7,700.000,500.000,0.846,-0.533,1,2.858,-0.166,3,1.497,3.493,1,2,1,1
16,-1,8.250,-0.250,3,1,7.873,0.992,4,5,8,1200.000,1500.000,2.089,0.114,3,-0.025,1.000,1,4.447,1.000,3,0,3,0
16,0,8.250,0.250,0,0,0.000,0.000,0,6,6,1400.000,1100.000,0.000,0.000,0,0.000,0.000,0,0.000,0.000,0,0,0,0
16,1,8.250,0.750,1,1,5.532,-2.228,1,6,7,1000.000,1200.000,0.389,0.921,1,0.130,0.992,1,1.000,1.000,0,0,0,0
16,2,8.250,1.250,1,0,2.710,-0.977,1,4,5,1100.000,600.000,-0.686,0.728,1,0.000,0.000,0,1.000,0.000,0,0,0,0
16,3,8.250,1.750,3,2,0.261,-0.259,2,5,7,1100.000,400.000,2.715,0.348,3,1.828,0.809,2,3.500,2.000,1,0,1,0
16,4,8.250,2.250,1,0,5.783,0.107,1,3,4,500.000,700.000,0.740,-0.672,1,0.000,0.000,0,1.500,0.000,1,0,1,0
16,5,8.250,2.750,1,0,0.374,0.122,1,5,6,1900.000,1100.000,0.801,0.599,1,0.000,0.000,0,1.000,0.000,0,0,0,0
16,6,8.250,3.250,0,3,0.000,0.000,3,5,8,2500.000,900.000,0.000,0.000,0,-0.451,-1.200,3,0.000,3.320,0,1,0,1
16,7,8.250,3.750,4,3,5.430,2.449,6,5,10,4100.000,2400.000,0.721,-2.256,4,1.539,0.178,3,4.500,3.500,1,1,1,1
16,8,8.250,4.250,5,5,3.628,1.343,8,6,14,8200.000,6500.000,2.906,-0.121,5,2.523,0.956,5,6.000,5.690,2,2,2,2
16,9,8.250,4.750,7,6,8.605,2.518,13,6,16,15000.000,12800.000,2.771,-6.168,7,1.527,-0.710,6,8.239,6.926,4,2,3,2
16,10,8.250,5.250,10,6,8.312,0.122,14,6,17,14900.000,12500.000,1.601,-5.354,10,-1.344,-1.965,6,12.052,6.500,5,1,5,1
16,11,8.250,5.750,5,2,14.728,0.000,6,6,12,8200.000,5300.000,-0.787,-3.852,5,-1.994,-0.153,2,6.376,2.423,3,1,3,1
17,-33,8.750,-16.250,0,1,0.000,0.000,1,6,7,900.000,3700.000,0.000,0.000,0,-0.629,0.778,1,0.000,1.000,0,0,0,0
17,-32,8.750,-15.750,3,5,2.374,-0.015,6,6,12,6900.000,5000.000,2.801,0.188,3,1.394,1.989,5,3.976,6.500,2,3,2,3
17,-31,8.750,-15.250,4,2,0.493,0.069,5,6,10,3100.000,6000.000,2.267,-2.118,4,0.778,0.733,2,5.000,2.500,2,1,2,1
17,-30,8.750,-14.750,3,3,5.850,-1.419,5,6,11,4600.000,4600.000,2.956,-0.499,3,1.745,1.028,3,4.409,4.000,3,2,3,2
17,-29,8.750,-14.250,2,2,2.511,0.885,4,6,9,6800.000,10600.000,-1.971,0.283,2,1.881,0.100,2,2.497,2.500,1,1,1,1
17,-28,8.750,-13.750,3,1,0.361,0.168,3,6,9,3400.000,3400.000,-0.828,-0.774,3,-0.507,-0.862,1,3.444,1.444,1,1,1,1
17,-27,8.750,-13.250,0,0,0.000,0.000,0,3,3,700.000,400.000,0.000,0.000,0,0.000,0.000,0,0.000,0.000,0,0,0,0
17,-16,8.750,-7.750,1,0,10.348,-0.015,1,4,5,3300.000,3100.000,0.976,0.218,1,0.000,0.000,0,1.400,0.000,1,0,1,0
17,-15,8.750,-7.250,6,0,8.405,-1.289,6,6,12,3000.000,3100.000,4.118,-0.474,6,0.000,0.000,0,7.000,0.000,2,0,2,0
17,-14,8.750,-6.750,6,5,8.559,-0.015,9,6,15,2100.000,4900.000,1.532,-1.042,6,4.508,0.352,5,7.450,6.442,3,4,3,4
17,-13,8.750,-6.250,2,1,7.003,-1.076,3,6,9,3600.000,1800.000,1.258,-1.551,2,-0.521,0.854,1,2.235,1.000,1,0,1,0
17,-12,8.750,-5.750,3,4,6.563,-0.870,7,6,13,2400.000,1600.000,0.804,-0.604,3,-0.025,-0.797,4,3.403,5.473,1,3,1,3
17,-11,8.750,-5.250,1,2,9.702,-2.899,3,5,7,1000.000,2700.000,0.449,-0.894,1,1.582,0.118,2,0.739,3.000,1,2,0,2
17,-10,8.750,-4.750,2,2,5.228,-1.190,3,5,8,2000.000,1900.000,-0.432,-0.472,2,1.096,-0.085,2,1.671,2.500,1,1,0,1
17,-9,8.750,-4.250,5,2,5.044,0.031,7,5,12,1400.000,3500.000,0.026,-0.760,5,-0.080,0.310,2,6.161,2.500,3,1,3,1
17,-8,8.750,-3.750,5,5,7.097,-0.031,9,5,13,2400.000,4500.000,3.190,0.527,5,0.152,-0.244,5,5.965,6.000,2,2,2,2
17,-7,8.750,-3.250,0,0,0.000,0.000,0,5,5,1500.000,1500.000,0.000,0.000,0,0.000,0.000,0,0.000,0.000,0,0,0,0
17,-6,8.750,-2.750,1,0,4.593,0.122,1,3,3,2000.000,700.000,-0.192,-0.981,1,0.000,0.000,0,1.462,0.000,1,0,1,0
17,-4,8.750,-1.750,0,1,0.000,0.000,1,4,5,1700.000,1600.000,0.000,0.000,0,0.974,-0.224,1,0.000,1.000,0,0,0,0
17,-3,8.750,-1.250,0,0,0.000,0.000,0,4,4,1300.000,700.000,0.000,0.000,0,0.000,0.000,0,0.000,0.000,0,0,0,0
17,-2,8.750,-0.750,5,1,5.919,-2.197,5,5,10,1300.000,1900.000,-0.624,2.578,5,0.694,-0.720,1,6.226,1.500,3,1,3,1
17,-1,8.750,-0.250,2,0,4.061,1.274,2,6,8,1000.000,1500.000,1.335,-1.489,2,0.000,0.000,0,2.450,0.000,1,0,1,0
17,0,8.750,0.250,0,3,0.000,0.000,3,4,7,400.000,700.000,0.000,0.000,0,2.184,0.504,3,0.000,3.000,0,0,0,0
17,1,8.750,0.750,1,0,3.457,-0.778,1,4,5,600.000,300.000,0.988,-0.152,1,0.000,0.000,0,1.000,0.000,0,0,0,0
17,2,8.750,1.250,1,0,8.704,0.732,1,4,5,1000.000,1800.000,0.729,-0.685,1,0.000,0.000,0,1.000,0.000,0,0,0,0
17,3,8.750,1.750,1,0,7.789,0.137,1,3,4,800.000,900.000,0.929,-0.369,1,0.000,0.000,0,1.500,0.000,1,0,1,0
17,4,8.750,2.250,2,0,8.721,-0.938,2,3,4,1400.000,300.000,1.216,-1.586,2,0.000,0.000,0,2.500,0.000,1,0,1,0
17,5,8.750,2.750,1,4,1.091,1.022,4,4,8,1600.000,600.000,0.930,0.368,1,-0.346,-0.312,4,1.000,5.000,0,2,0,2
17,6,8.750,3.250,1,2,4.577,0.671,3,4,7,600.000,3200.000,-0.961,-0.275,1,-0.368,-0.192,2,1.000,2.000,0,0,0,0
17,7,8.750,3.750,1,1,0.366,0.336,2,5,6,4100.000,1900.000,-0.468,-0.884,1,-0.862,-0.508,1,1.000,1.500,0,1,0,1
17,8,8.750,4.250,6,6,3.360,0.534,11,6,15,6100.000,5100.000,-1.843,0.210,6,2.598,1.008,6,6.681,7.239,2,4,2,3
17,9,8.750,4.750,9,9,5.070,0.000,16,6,20,20800.000,11400.000,-0.607,-2.531,9,6.495,2.470,9,10.500,10.394,3,3,3,3
17,10,8.750,5.250,15,8,5.615,0.320,19,6,23,18300.000,13200.000,0.300,-7.729,15,2.026,-3.207,8,18.240,9.378,9,4,8,4
17,11,8.750,5.750,7,4,4.199,0.000,10,6,15,8200.000,7500.000,1.368,-2.587,7,3.148,0.209,4,9.211,4.211,5,1,5,1
18,-33,9.250,-16.250,1,0,5.330,-1.007,1,5,6,1000.000,3200.000,0.986,0.165,1,0.000,0.000,0,1.320,0.000,1,0,1,0
18,-32,9.250,-15.750,1,1,2.077,0.580,2,6,8,5200.000,5000.000,-0.487,0.874,1,0.997,0.071,1,1.500,1.000,1,0,1,0
18,-31,9.250,-15.250,6,0,4.368,0.351,6,6,12,3800.000,5900.000,0.635,1.688,6,0.000,0.000,0,6.574,0.000,3,0,2,0
18,-30,9.250,-14.750,3,3,9.989,-1.099,6,6,12,8700.000,8000.000,1.715,0.831,3,0.998,0.201,3,3.500,4.426,1,3,1,3
18,-29,9.250,-14.250,4,2,0.783,-0.061,5,6,10,9400.000,8800.000,1.217,0.788,4,-0.124,-0.452,2,4.500,2.000,1,0,1,0
18,-28,9.250,-13.750,2,2,2.666,1.175,4,6,10,4200.000,2000.000,-1.659,-0.617,2,1.101,-1.556,2,2.678,2.000,2,0,2,0
18,-27,9.250,-13.250,0,0,0.000,0.000,0,1,1,300.000,100.000,0.000,0.000,0,0.000,0.000,0,0.000,0.000,0,0,0,0
18,-17,9.250,-8.250,1,0,18.868,-0.061,1,2,3,300.000,400.000,0.833,0.553,1,0.000,0.000,0,1.456,0.000,1,0,1,0
18,-16,9.250,-7.750,2,3,8.068,0.183,5,5,10,2500.000,3800.000,1.481,1.295,2,1.941,1.246,3,2.500,3.500,1,1,1,1
18,-15,9.250,-7.250,4,3,7.543,-0.137,7,6,13,3200.000,3800.000,-1.662,0.528,4,0.183,-1.508,3,5.000,3.246,2,1,2,1
18,-14,9.250,-6.750,7,5,8.021,0.015,11,6,16,4200.000,3500.000,1.080,-0.250,7,-0.020,0.781,5,8.223,7.273,3,5,3,5
18,-13,9.250,-6.250,3,0,10.314,-0.229,3,6,9,3100.000,3100.000,2.869,-0.737,3,0.000,0.000,0,3.385,0.000,1,0,1,0
18,-12,9.250,-5.750,2,6,3.842,-0.191,8,6,14,2600.000,2500.000,-0.529,0.381,2,1.565,0.923,6,1.500,7.122,1,3,0,3
18,-11,9.250,-5.250,9,3,7.166,0.000,11,5,16,2300.000,2600.000,3.183,-3.948,9,-0.770,-0.550,3,10.901,3.500,5,1,5,1
18,-10,9.250,-4.750,2,5,4.756,0.000,4,5,9,1700.000,2500.000,0.765,0.055,2,3.433,0.311,5,2.894,7.000,2,4,2,4
18,-9,9.250,-4.250,3,5,2.493,-0.137,7,5,12,2300.000,4500.000,-1.479,-1.112,3,0.661,-2.425,5,4.370,5.770,3,2,3,2
18,-8,9.250,-3.750,6,3,6.814,-0.191,8,5,13,3900.000,2500.000,0.400,-0.966,6,-1.048,0.210,3,8.500,3.468,5,3,5,2
18,-7,9.250,-3.250,3,0,4.209,0.015,3,5,8,5800.000,1500.000,1.434,-1.336,3,0.000,0.000,0,4.000,0.000,2,0,2,0
18,-6,9.250,-2.750,4,0,5.391,-0.038,4,4,5,1300.000,1300.000,2.433,-2.408,4,0.000,0.000,0,5.358,0.000,3,0,3,0
18,-5,9.250,-2.250,0,0,0.000,0.000,0,1,1,0.000,100.000,0.000,0.000,0,0.000,0.000,0,0.000,0.000,0,0,0,0
18,-4,9.250,-1.750,2,6,4.978,-1.137,8,4,11,3200.000,2500.000,0.907,1.092,2,3.726,2.314,6,2.500,6.555,1,4,1,2
18,-3,9.250,-1.250,2,2,2.190,-0.237,3,5,7,1800.000,1600.000,1.064,-0.689,2,0.497,0.352,2,2.500,2.500,1,1,1,1
18,-2,9.250,-0.750,0,0,0.000,0.000,0,5,5,1500.000,2100.000,0.000,0.000,0,0.000,0.000,0,0.000,0.000,0,0,0,0
18,-1,9.250,-0.250,4,0,3.664,-0.565,4,5,9,400.000,1000.000,-0.228,-0.067,4,0.000,0.000,0,4.453,0.000,1,0,1,0
18,0,9.250,0.250,1,0,3.644,0.565,1,4,5,1100.000,1600.000,-0.996,-0.088,1,0.000,0.000,0,1.000,0.000,0,0,0,0
18,1,9.250,0.750,0,0,0.000,0.000,0,5,5,1200.000,1800.000,0.000,0.000,0,0.000,0.000,0,0.000,0.000,0,0,0,0
18,2,9.250,1.250,1,0,8.565,-0.854,1,5,6,500.000,1600.000,0.870,-0.493,1,0.000,0.000,0,1.217,0.000,1,0,1,0
18,3,9.250,1.750,3,1,3.478,-0.015,4,4,7,2100.000,1000.000,0.215,0.561,3,0.378,-0.926,1,3.988,1.500,2,1,2,1
18,4,9.250,2.250,1,1,6.672,-0.168,2,5,7,1700.000,900.000,0.847,-0.532,1,0.147,-0.989,1,1.406,1.000,1,0,1,0
18,5,9.250,2.750,2,1,5.399,-0.710,3,6,9,1600.000,2000.000,0.905,0.096,2,-0.371,-0.929,1,2.735,1.000,2,0,2,0
18,6,9.250,3.250,2,3,0.391,0.305,4,6,10,1300.000,1600.000,1.166,-1.613,2,-2.130,-0.559,3,2.817,4.441,2,3,2,3
18,7,9.250,3.750,3,8,0.529,0.519,7,6,13,6200.000,8700.000,1.085,-1.486,3,1.341,-1.762,8,3.074,10.271,2,8,1,6
18,8,9.250,4.250,6,5,3.160,1.030,9,6,14,7800.000,7500.000,0.004,-1.211,6,-0.377,-0.743,5,8.161,6.081,5,3,5,3
18,9,9.250,4.750,11,17,1.449,0.015,23,6,27,28300.000,16400.000,0.190,-1.050,11,4.620,0.988,17,11.649,20.823,6,12,3,10
18,10,9.250,5.250,21,8,4.902,0.000,23,6,28,25400.000,17500.000,1.629,-6.151,21,3.210,-0.609,8,24.537,9.808,12,6,9,4
18,11,9.250,5.750,3,4,6.642,-0.046,6,6,11,6900.000,6600.000,0.020,-2.409,3,3.343,-0.592,4,3.923,4.261,2,1,2,1
19,-33,9.750,-16.250,1,1,6.459,-0.504,2,6,8,1500.000,2400.000,0.998,0.063,1,0.989,0.149,1,1.000,1.500,0,1,0,1
19,-32,9.750,-15.750,4,1,5.775,-0.732,3,6,9,4000.000,5700.000,3.522,0.925,4,-0.935,0.354,1,5.702,1.000,4,0,4,0
19,-31,9.750,-15.250,6,1,3.276,-0.168,7,6,13,3100.000,6500.000,4.475,1.918,6,0.424,0.906,1,6.963,1.000,3,0,2,0
19,-30,9.750,-14.750,4,6,2.902,-0.320,10,6,15,10200.000,8300.000,1.751,0.130,4,2.484,-2.348,6,4.500,7.077,1,4,1,3
19,-29,9.750,-14.250,0,1,0.000,0.000,1,6,7,7400.000,8400.000,0.000,0.000,0,0.989,0.148,1,0.000,1.500,0,1,0,1
19,-28,9.750,-13.750,2,2,4.223,0.488,4,6,10,3000.000,2700.000,-0.265,-0.697,2,-0.001,-0.195,2,2.968,2.500,2,1,2,1
19,-27,9.750,-13.250,0,0,0.000,0.000,0,1,1,200.000,0.000,0.000,0.000,0,0.000,0.000,0,0.000,0.000,0,0,0,0
19,-25,9.750,-12.250,0,1,0.000,0.000,1,1,2,100.000,0.000,0.000,0.000,0,0.869,0.494,1,0.000,1.000,0,0,0,0
19,-24,9.750,-11.750,0,0,0.000,0.000,0,2,2,300.000,100.000,0.000,0.000,0,0.000,0.000,0,0.000,0.000,0,0,0,0
19,-23,9.750,-11.250,0,0,0.000,0.000,0,2,2,1100.000,0.000,0.000,0.000,0,0.000,0.000,0,0.000,0.000,0,0,0,0
19,-22,9.750,-10.750,0,2,0.000,0.000,2,2,3,3300.000,0.000,0.000,0.000,0,1.270,1.490,2,0.000,2.000,0,0,0,0
19,-21,9.750,-10.250,0,0,0.000,0.000,0,3,3,400.000,100.000,0.000,0.000,0,0.000,0.000,0,0.000,0.000,0,0,0,0
19,-20,9.750,-9.750,0,0,0.000,0.000,0,2,2,0.000,700.000,0.000,0.000,0,0.000,0.000,0,0.000,0.000,0,0,0,0
19,-19,9.750,-9.250,0,0,0.000,0.000,0,3,3,100.000,600.000,0.000,0.000,0,0.000,0.000,0,0.000,0.000,0,0,0,0
19,-18,9.750,-8.750,0,0,0.000,0.000,0,4,4,500.000,1700.000,0.000,0.000,0,0.000,0.000,0,0.000,0.000,0,0,0,0
19,-17,9.750,-8.250,1,0,16.898,1.633,1,5,6,1100.000,1800.000,0.800,0.599,1,0.000,0.000,0,1.320,0.000,1,0,1,0
19,-16,9.750,-7.750,1,0,2.134,0.000,1,5,6,2300.000,3900.000,-1.000,-0.010,1,0.000,0.000,0,1.000,0.000,0,0,0,0
19,-15,9.750,-7.250,3,4,6.100,-0.122,5,6,11,3400.000,3200.000,-0.859,-0.033,3,-1.640,0.549,4,3.500,4.782,1,2,1,2
19,-14,9.750,-6.750,3,8,3.284,0.015,10,6,15,4400.000,3200.000,1.056,0.089,3,5.581,-1.862,8,3.500,9.855,1,4,1,4
19,-13,9.750,-6.250,1,3,5.609,-0.397,4,6,9,5100.000,4300.000,0.509,-0.861,1,0.531,-1.075,3,1.214,3.876,1,2,1,2
19,-12,9.750,-5.750,4,3,7.239,-0.015,7,6,13,3800.000,5100.000,-0.595,-0.909,4,0.452,-1.755,3,4.500,3.316,1,2,1,1
19,-11,9.750,-5.250,5,5,5.628,-0.824,10,6,13,2900.000,4400.000,-0.266,1.817,5,-1.947,-0.094,5,5.991,5.500,4,1,3,1
19,-10,9.750,-4.750,2,2,6.531,-0.656,4,5,9,2900.000,1900.000,0.460,-1.936,2,-0.627,-0.718,2,2.500,2.500,1,1,1,1
19,-9,9.750,-4.250,5,4,5.336,-0.031,9,5,13,3500.000,2100.000,0.661,1.943,5,1.531,0.586,4,5.500,5.453,1,3,1,3
19,-8,9.750,-3.750,7,5,6.537,0.015,11,5,16,6600.000,2800.000,4.020,2.522,7,1.839,2.211,5,8.004,5.441,3,1,2,1
19,-7,9.750,-3.250,8,3,5.066,-0.031,10,6,16,5800.000,3600.000,0.818,-0.939,8,1.361,0.377,3,10.075,2.718,5,3,5,1
19,-6,9.750,-2.750,4,5,4.399,0.000,8,6,13,2500.000,1700.000,0.502,-0.740,4,-1.666,-1.771,5,4.500,5.350,3,3,2,2
19,-5,9.750,-2.250,3,4,4.303,2.243,5,4,9,3000.000,1700.000,-0.078,2.494,3,2.284,0.252,4,4.500,5.037,3,3,3,2
19,-4,9.750,-1.750,2,3,11.323,-0.839,5,5,10,3900.000,3300.000,1.995,0.073,2,-0.189,2.074,3,2.500,4.302,1,3,1,3
19,-3,9.750,-1.250,1,2,10.697,0.626,3,4,6,1300.000,1900.000,0.990,0.138,1,0.396,0.235,2,1.500,2.500,1,1,1,1
19,-2,9.750,-0.750,1,1,1.608,0.900,2,6,7,1000.000,1400.000,0.873,0.488,1,0.508,0.862,1,1.000,1.000,0,0,0,0
19,-1,9.750,-0.250,3,1,8.216,0.839,4,3,7,600.000,2400.000,1.466,0.102,3,-0.993,-0.121,1,3.000,1.423,0,1,0,1
19,0,9.750,0.250,2,2,1.700,-0.298,3,5,7,900.000,1200.000,-0.940,1.758,2,-0.067,-0.167,2,2.462,2.462,1,1,1,1
19,1,9.750,0.750,1,1,6.545,-1.114,2,6,8,1900.000,2300.000,0.924,-0.382,1,0.825,-0.566,1,1.500,1.370,1,1,1,1
19,2,9.750,1.250,1,0,6.010,-0.137,1,5,6,1600.000,1400.000,0.831,-0.556,1,0.000,0.000,0,1.000,0.000,0,0,0,0
19,3,9.750,1.750,2,2,3.754,-2.228,3,6,9,2300.000,2300.000,0.355,1.968,2,-0.161,-0.161,2,3.000,2.195,2,2,2,1
19,4,9.750,2.250,0,3,0.000,0.000,3,6,9,1500.000,3400.000,0.000,0.000,0,1.825,-2.257,3,0.000,4.500,0,3,0,3
19,5,9.750,2.750,0,3,0.000,0.000,3,5,7,1200.000,2300.000,0.000,0.000,0,-1.821,0.534,3,0.000,4.350,0,3,0,3
19,6,9.750,3.250,1,1,0.336,0.259,1,5,6,2500.000,2400.000,0.663,-0.749,1,-0.253,0.968,1,1.500,1.500,1,1,1,1
19,7,9.750,3.750,3,9,4.572,-0.916,10,5,14,7100.000,11600.000,-1.924,-1.243,3,-5.277,-1.009,9,4.429,12.676,3,8,3,8
19,8,9.750,4.250,1,4,0.761,-0.076,4,5,9,7800.000,6600.000,-0.974,0.227,1,-0.447,-1.883,4,1.500,5.322,1,4,1,4
19,9,9.750,4.750,13,8,4.652,0.015,16,6,19,21000.000,17600.000,-1.989,-0.486,13,-0.798,-2.202,8,15.807,10.000,7,6,7,5
19,10,9.750,5.250,16,13,5.314,0.015,23,6,26,37200.000,26200.000,-6.029,-5.369,16,-5.680,-3.466,13,19.298,14.975,8,5,8,5
19,11,9.750,5.750,3,1,6.732,0.595,3,3,5,7600.000,0.000,0.111,-2.458,3,0.110,-0.994,1,4.000,1.235,2,1,2,1
20,-33,10.250,-16.250,0,1,0.000,0.000,1,6,7,1500.000,3600.000,0.000,0.000,0,-0.613,0.790,1,0.000,1.000,0,0,0,0
20,-32,10.250,-15.750,3,3,4.956,-0.763,6,6,12,4100.000,5100.000,-0.512,1.070,3,0.505,2.103,3,3.226,3.941,1,2,1,2
20,-31,10.250,-15.250,4,0,1.585,0.046,4,6,9,4600.000,6100.000,0.287,0.993,4,0.000,0.000,0,4.870,0.000,2,0,2,0
20,-30,10.250,-14.750,2,1,3.296,0.099,3,6,9,7100.000,8000.000,0.006,0.031,2,0.751,-0.660,1,2.000,1.000,0,0,0,0
20,-29,10.250,-14.250,6,6,0.392,0.000,8,6,12,7700.000,8500.000,2.097,0.152,6,0.343,-0.698,6,6.279,5.916,3,3,2,1
20,-28,10.250,-13.750,2,3,2.073,0.084,4,6,10,2700.000,2900.000,-1.094,-1.380,2,-0.251,-2.036,3,2.000,4.202,0,3,0,3
20,-27,10.250,-13.250,0,2,0.000,0.000,2,3,5,500.000,300.000,0.000,0.000,0,-0.021,-0.529,2,0.000,2.214,0,1,0,1
20,-25,10.250,-12.250,0,0,0.000,0.000,0,1,1,1800.000,0.000,0.000,0.000,0,0.000,0.000,0,0.000,0.000,0,0,0,0
20,-24,10.250,-11.750,0,1,0.000,0.000,1,2,3,900.000,200.000,0.000,0.000,0,0.693,0.721,1,0.000,1.000,0,0,0,0
20,-23,10.250,-11.250,1,1,7.447,0.870,2,3,5,1200.000,200.000,0.950,0.312,1,0.999,0.037,1,1.226,1.500,1,1,1,1
20,-22,10.250,-10.750,1,2,14.661,1.251,3,5,8,800.000,1000.000,0.980,0.201,1,0.628,1.776,2,1.438,2.000,1,0,1,0
20,-21,10.250,-10.250,3,2,15.746,0.610,4,5,8,1200.000,1700.000,0.300,1.040,3,1.971,0.233,2,3.335,2.500,1,1,1,1
20,-20,10.250,-9.750,1,2,9.347,-0.900,3,4,6,1000.000,2100.000,0.915,-0.402,1,0.560,1.785,2,1.000,2.500,0,1,0,1
20,-19,10.250,-9.250,3,2,5.394,1.297,5,4,8,900.000,2300.000,0.334,2.219,3,0.751,0.631,2,3.246,2.000,1,0,1,0
20,-18,10.250,-8.750,0,0,0.000,0.000,0,3,3,900.000,1800.000,0.000,0.000,0,0.000,0.000,0,0.000,0.000,0,0,0,0
20,-17,10.250,-8.250,2,1,5.516,0.000,3,5,8,3000.000,1800.000,1.702,-0.271,2,-0.477,0.879,1,1.500,1.406,1,1,0,1
20,-16,10.250,-7.750,5,3,3.931,0.000,5,6,11,5000.000,3800.000,-0.847,2.702,5,0.081,0.358,3,5.000,3.000,0,0,0,0
20,-15,10.250,-7.250,8,2,3.379,-0.031,10,6,15,5300.000,3900.000,0.571,2.509,8,1.500,1.311,2,9.000,3.000,2,2,2,2
20,-14,10.250,-6.750,6,6,5.418,-0.008,10,6,16,6300.000,4600.000,3.462,0.350,6,-2.746,1.718,6,8.217,6.500,5,1,5,1
20,-13,10.250,-6.250,4,7,9.401,-0.008,9,6,13,5500.000,6700.000,0.039,0.326,4,2.344,0.492,7,4.912,8.956,2,4,2,4
20,-12,10.250,-5.750,3,5,4.543,-1.114,7,6,11,4800.000,4500.000,0.434,0.049,3,1.452,0.128,5,3.080,6.465,2,3,1,3
20,-11,10.250,-5.250,5,4,7.809,-0.778,9,6,15,2600.000,2400.000,0.702,-1.693,5,-1.467,0.360,4,6.178,5.640,3,4,3,4
20,-10,10.250,-4.750,7,1,3.852,0.015,8,6,13,4500.000,2500.000,-1.805,-0.833,7,-0.961,0.277,1,8.622,1.000,4,0,4,0
20,-9,10.250,-4.250,6,6,4.251,0.015,11,6,16,7600.000,1700.000,-0.247,-1.388,6,-2.734,-0.130,6,7.822,7.277,5,6,5,4
20,-8,10.250,-3.750,10,10,5.319,-0.092,15,6,20,6500.000,3200.000,0.417,2.728,10,-4.387,-1.366,10,12.802,13.429,8,7,7,7
20,-7,10.250,-3.250,11,8,8.002,-0.015,13,5,17,7000.000,4200.000,-0.680,1.121,11,-1.906,1.350,8,13.037,9.100,5,4,5,3
20,-6,10.250,-2.750,7,9,6.317,0.000,15,6,21,4700.000,2600.000,-1.168,0.748,7,-2.305,-0.820,9,8.861,10.836,4,7,4,6
20,-5,10.250,-2.250,5,5,6.478,0.000,9,5,14,4100.000,2600.000,-0.765,0.814,5,1.231,-1.213,5,6.900,5.802,4,2,4,2
20,-4,10.250,-1.750,0,3,0.000,0.000,3,6,9,2400.000,2000.000,0.000,0.000,0,1.769,1.623,3,0.000,4.409,0,3,0,3
20,-3,10.250,-1.250,2,1,8.289,-1.633,3,6,8,2000.000,2500.000,0.759,0.982,2,-0.709,0.705,1,1.739,1.000,1,0,0,0
20,-2,10.250,-0.750,2,4,1.951,0.565,6,3,9,1300.000,700.000,0.983,0.912,2,2.773,-1.813,4,2.000,5.385,0,3,0,3
20,-1,10.250,-0.250,3,1,5.746,0.000,4,6,10,1500.000,1100.000,0.111,-0.698,3,0.992,-0.126,1,3.000,1.376,0,1,0,1
20,0,10.250,0.250,2,2,2.226,0.587,4,5,9,2600.000,800.000,-1.514,-0.582,2,-1.033,1.656,2,2.000,2.040,0,1,0,0
20,1,10.250,0.750,3,5,6.579,-0.381,6,6,12,2100.000,1400.000,2.013,-0.332,3,1.889,-2.819,5,3.646,5.453,2,3,2,1
20,2,10.250,1.250,0,0,0.000,0.000,0,5,5,1700.000,1200.000,0.000,0.000,0,0.000,0.000,0,0.000,0.000,0,0,0,0
20,3,10.250,1.750,0,0,0.000,0.000,0,5,5,600.000,800.000,0.000,0.000,0,0.000,0.000,0,0.000,0.000,0,0,0,0
20,5,10.250,2.750,1,0,2.365,0.000,1,4,5,1900.000,7800.000,0.147,0.989,1,0.000,0.000,0,1.000,0.000,0,0,0,0
20,6,10.250,3.250,0,2,0.000,0.000,2,5,7,1200.000,2700.000,0.000,0.000,0,1.885,0.463,2,0.000,2.131,0,1,0,1
20,7,10.250,3.750,4,0,4.728,1.778,3,5,8,1200.000,3900.000,1.739,1.228,4,0.000,0.000,0,3.904,0.000,3,0,1,0
20,8,10.250,4.250,0,0,0.000,0.000,0,6,6,3400.000,1500.000,0.000,0.000,0,0.000,0.000,0,0.000,0.000,0,0,0,0
20,9,10.250,4.750,15,16,3.463,0.000,26,6,30,18400.000,14800.000,3.622,0.731,15,1.509,0.729,16,16.934,18.403,7,5,6,5
20,10,10.250,5.250,21,17,2.809,0.000,29,6,31,31300.000,24600.000,-0.411,0.498,21,-3.262,-2.174,17,26.052,19.013,11,7,11,6
20,11,10.250,5.750,4,7,1.637,0.519,8,6,14,10400.000,7500.000,1.085,1.234,4,1.430,-0.380,7,4.212,7.490,4,4,2,3
20,12,10.250,6.250,4,7,0.801,-0.053,10,6,16,6000.000,4100.000,1.277,-0.314,4,2.175,1.988,7,4.235,7.000,1,0,1,0
20,13,10.250,6.750,3,3,1.868,1.083,5,6,11,7800.000,3800.000,1.879,-0.556,3,1.220,-1.719,3,3.441,3.500,1,1,1,1
20,14,10.250,7.250,2,2,1.861,-0.526,4,6,10,4600.000,6700.000,0.087,-1.983,2,1.280,-0.404,2,2.000,2.000,0,0,0,0
20,15,10.250,7.750,2,1,2.282,-0.298,3,5,7,2200.000,8400.000,0.705,-0.669,2,0.991,0.130,1,2.394,1.000,1,0,1,0
20,16,10.250,8.250,1,2,3.102,-1.160,3,5,8,2300.000,8300.000,-0.480,-0.877,1,1.905,0.575,2,1.000,2.000,0,0,0,0
20,17,10.250,8.750,0,3,0.000,0.000,2,4,6,400.000,2000.000,0.000,0.000,0,2.889,-0.583,3,0.000,3.000,0,0,0,0
20,18,10.250,9.250,0,1,0.000,0.000,1,3,4,300.000,1600.000,0.000,0.000,0,0.942,0.336,1,0.000,1.000,0,0,0,0
20,19,10.250,9.750,2,0,7.385,-0.061,2,3,5,500.000,1000.000,1.187,-1.495,2,0.000,0.000,0,2.403,0.000,1,0,1,0
20,20,10.250,10.250,0,0,0.000,0.000,0,1,1,0.000,2200.000,0.000,0.000,0,0.000,0.000,0,0.000,0.000,0,0,0,0
20,21,10.250,10.750,0,0,0.000,0.000,0,2,2,0.000,600.000,0.000,0.000,0,0.000,0.000,0,0.000,0.000,0,0,0,0
21,-33,10.750,-16.250,0,1,0.000,0.000,1,6,6,1000.000,2900.000,0.000,0.000,0,-0.849,0.529,1,0.000,1.000,0,0,0,0
21,-32,10.750,-15.750,4,2,1.146,0.740,5,6,11,4300.000,5200.000,1.392,1.104,4,0.767,1.823,2,4.420,2.420,1,1,1,1
21,-31,10.750,-15.250,3,1,2.320,0.259,4,6,10,4500.000,8100.000,0.661,0.747,3,-0.910,0.414,1,3.944,1.370,2,1,2,1
21,-30,10.750,-14.750,2,2,1.249,0.092,4,6,10,7100.000,8100.000,-0.949,-0.938,2,-1.864,-0.723,2,2.485,2.500,1,1,1,1
21,-29,10.750,-14.250,3,4,0.376,0.305,5,6,10,10400.000,10100.000,-2.063,-0.797,3,-3.743,0.842,4,4.000,5.000,2,2,2,2
21,-28,10.750,-13.750,0,3,0.000,0.000,3,6,8,4400.000,2800.000,0.000,0.000,0,0.801,-1.625,3,0.000,3.450,0,1,0,1
21,-27,10.750,-13.250,0,1,0.000,0.000,1,3,4,500.000,100.000,0.000,0.000,0,0.901,-0.434,1,0.000,1.000,0,0,0,0
21,-25,10.750,-12.250,1,2,20.896,1.297,3,1,4,1200.000,0.000,0.559,0.829,1,1.135,1.221,2,1.000,3.000,0,2,0,2
21,-24,10.750,-11.750,2,0,16.282,2.762,2,2,4,700.000,800.000,1.314,1.312,2,0.000,0.000,0,2.673,0.000,2,0,2,0
21,-23,10.750,-11.250,1,0,5.170,1.297,1,4,5,800.000,500.000,0.879,-0.476,1,0.000,0.000,0,0.574,0.000,1,0,0,0
21,-22,10.750,-10.750,2,3,11.662,0.038,4,5,9,1500.000,2000.000,1.580,0.749,2,2.156,1.551,3,2.796,4.406,2,3,2,3
21,-21,10.750,-10.250,1,0,3.311,1.938,1,5,6,1600.000,1900.000,0.637,-0.771,1,0.000,0.000,0,1.000,0.000,0,0,0,0
21,-20,10.750,-9.750,0,1,0.000,0.000,1,4,4,1500.000,1200.000,0.000,0.000,0,0.580,0.815,1,0.000,1.000,0,0,0,0
21,-19,10.750,-9.250,0,0,0.000,0.000,0,4,4,1200.000,500.000,0.000,0.000,0,0.000,0.000,0,0.000,0.000,0,0,0,0
21,-18,10.750,-8.750,0,1,0.000,0.000,1,5,6,3100.000,2500.000,0.000,0.000,0,0.690,0.724,1,0.000,1.040,0,1,0,0
21,-17,10.750,-8.250,2,3,9.578,0.023,4,6,10,2600.000,2900.000,1.761,-0.276,2,0.606,2.083,3,2.500,3.820,1,2,1,2
21,-16,10.750,-7.750,3,1,8.288,-0.031,4,6,10,3300.000,3700.000,-0.627,1.580,3,-0.796,0.606,1,3.844,1.500,2,1,2,1
21,-15,10.750,-7.250,6,6,12.744,-0.015,12,5,17,2700.000,3000.000,2.614,2.101,6,3.148,1.795,6,7.404,6.760,4,3,4,2
21,-14,10.750,-6.750,7,9,13.882,-0.748,15,6,19,8300.000,4700.000,5.520,-1.164,7,0.204,1.104,9,8.692,11.322,5,6,5,6
21,-13,10.750,-6.250,6,11,7.143,-0.137,14,6,19,7700.000,6100.000,1.163,-2.511,6,0.782,3.167,11,6.870,15.062,2,10,2,10
21,-12,10.750,-5.750,4,5,6.884,-0.473,8,4,11,5300.000,1500.000,1.260,-3.776,4,-2.259,1.872,5,5.131,6.410,3,4,3,4
21,-11,10.750,-5.250,3,7,7.223,0.000,7,5,12,6400.000,2200.000,-0.577,-1.673,3,-1.152,3.577,7,4.370,9.676,3,6,3,6
21,-10,10.750,-4.750,2,12,1.703,-0.206,12,5,17,9700.000,13900.000,-0.335,-0.375,2,-4.644,5.987,12,3.000,14.413,2,6,2,6
21,-9,10.750,-4.250,4,6,0.381,0.000,7,4,11,4600.000,4900.000,-0.438,-0.366,4,0.905,-2.859,6,4.460,8.205,2,5,1,5
21,-8,10.750,-3.750,2,5,4.652,-1.328,7,5,12,3800.000,700.000,-1.803,-0.830,2,0.194,-0.410,5,2.214,7.000,1,4,1,4
21,-7,10.750,-3.250,10,7,7.358,0.130,15,5,20,7600.000,4000.000,3.037,2.720,10,3.136,2.842,7,13.252,8.274,9,4,9,3
21,-6,10.750,-2.750,6,9,7.056,-0.008,14,6,19,7000.000,2800.000,-0.540,0.441,6,0.637,-2.333,9,7.965,10.299,4,5,4,4
21,-5,10.750,-2.250,4,3,4.208,0.023,7,6,13,4700.000,3100.000,0.960,-0.684,4,0.937,-0.898,3,4.500,3.235,1,1,1,1
21,-4,10.750,-1.750,4,3,2.495,-0.107,5,6,10,3000.000,2200.000,1.292,-2.127,4,1.126,-2.681,3,4.500,3.000,1,0,1,0
21,-3,10.750,-1.250,2,3,6.175,0.046,4,4,8,1500.000,1000.000,-1.127,-1.385,2,2.408,-1.187,3,2.000,3.932,0,2,0,2
21,-2,10.750,-0.750,2,2,5.141,-0.359,4,5,9,700.000,1200.000,1.856,-0.442,2,-1.879,0.508,2,2.500,2.000,1,0,1,0
21,-1,10.750,-0.250,4,6,5.436,-0.542,10,5,14,1200.000,800.000,1.633,-1.188,4,0.258,0.967,6,5.420,7.320,3,3,3,3
21,0,10.750,0.250,1,1,5.488,-2.213,2,5,7,1200.000,1100.000,-0.461,0.888,1,0.624,-0.781,1,1.000,1.000,0,0,0,0
21,1,10.750,0.750,0,2,0.000,0.000,2,5,7,1400.000,1200.000,0.000,0.000,0,1.292,-1.526,2,0.000,2.000,0,0,0,0
21,2,10.750,1.250,0,1,0.000,0.000,1,5,6,1800.000,1000.000,0.000,0.000,0,0.685,-0.728,1,0.000,1.155,0,1,0,1
21,5,10.750,2.750,1,2,3.307,0.015,3,3,6,300.000,300.000,0.324,0.946,1,-0.113,1.971,2,1.450,2.000,1,0,1,0
21,6,10.750,3.250,5,0,1.747,0.000,5,5,9,3500.000,1200.000,0.536,-1.312,5,0.000,0.000,0,5.631,0.000,2,0,2,0
21,7,10.750,3.750,7,2,2.501,0.000,7,6,13,10500.000,10300.000,3.929,2.235,7,1.626,-0.184,2,7.000,2.500,0,1,0,1
21,8,10.750,4.250,6,6,1.462,-0.137,9,6,15,9800.000,5000.000,2.428,0.738,6,2.670,2.459,6,6.968,6.500,2,1,2,1
21,9,10.750,4.750,10,11,3.624,-0.008,15,6,21,16600.000,11900.000,2.020,1.187,10,1.743,5.293,11,11.853,12.929,4,4,4,4
21,10,10.750,5.250,16,19,3.421,0.000,26,6,31,17500.000,11600.000,1.247,0.327,16,0.058,0.623,19,18.294,21.718,5,7,5,7
21,11,10.750,5.750,8,17,2.630,0.000,20,6,26,17200.000,11800.000,1.483,1.685,8,4.752,-0.925,17,9.906,18.568,4,5,4,4
21,12,10.750,6.250,4,6,1.890,0.282,10,6,15,14700.000,10900.000,0.653,1.950,4,3.284,-1.821,6,4.500,5.997,1,2,1,1
21,13,10.750,6.750,2,4,6.906,0.267,6,6,10,9300.000,8800.000,-0.015,0.027,2,-0.214,-2.526,4,2.000,4.500,0,1,0,1
21,14,10.750,7.250,6,5,3.794,1.556,11,6,15,7500.000,9400.000,3.824,-1.776,6,1.744,-4.478,5,6.861,5.084,2,3,2,1
21,15,10.750,7.750,4,2,3.391,-0.107,6,6,11,7400.000,9400.000,0.082,-2.056,4,-0.225,0.018,2,4.500,2.000,1,0,1,0
21,16,10.750,8.250,1,2,0.597,0.000,3,6,9,4800.000,7600.000,-0.554,0.833,1,0.453,-1.948,2,1.000,2.000,0,0,0,0
21,17,10.750,8.750,1,3,4.562,0.244,4,6,10,3000.000,4400.000,0.905,0.425,1,1.685,-0.135,3,1.000,3.500,0,1,0,1
21,18,10.750,9.250,3,3,5.804,1.083,6,6,12,2300.000,3400.000,2.969,-0.141,3,0.743,-2.444,3,3.000,3.720,0,2,0,2
21,19,10.750,9.750,1,0,3.643,-0.595,1,4,4,600.000,1900.000,0.363,-0.932,1,0.000,0.000,0,1.462,0.000,1,0,1,0
21,20,10.750,10.250,1,0,5.222,0.885,1,6,7,1900.000,1800.000,0.781,-0.624,1,0.000,0.000,0,1.000,0.000,0,0,0,0
21,21,10.750,10.750,0,0,0.000,0.000,0,4,4,1800.000,500.000,0.000,0.000,0,0.000,0.000,0,0.000,0.000,0,0,0,0
21,22,10.750,11.250,2,2,4.796,0.450,4,0,4,0.000,0.000,1.005,-1.257,2,1.830,-0.739,2,2.000,2.000,0,0,0,0
22,-33,11.250,-16.250,3,0,4.146,-0.504,2,6,7,1300.000,3100.000,1.654,1.169,3,0.000,0.000,0,4.016,0.000,3,0,3,0
22,-32,11.250,-15.750,2,3,4.196,-1.373,5,6,11,4200.000,6300.000,1.989,-0.035,2,-2.580,1.478,3,2.000,2.774,0,1,0,0
22,-31,11.250,-15.250,5,4,3.551,0.244,7,6,13,6300.000,7900.000,-0.793,1.058,5,0.734,0.956,4,6.353,4.500,3,1,3,1
22,-30,11.250,-14.750,3,2,3.902,1.511,5,6,11,7200.000,8600.000,-1.770,-0.669,3,-1.544,-0.669,2,2.500,2.000,1,0,0,0
22,-29,11.250,-14.250,4,7,0.366,-0.145,7,6,12,30200.000,34500.000,1.547,3.149,4,1.286,1.925,7,5.681,9.397,4,5,4,5
22,-28,11.250,-13.750,2,2,2.281,-0.092,4,6,10,17500.000,15700.000,0.032,-0.264,2,0.762,-0.636,2,3.000,2.611,2,2,2,2
22,-27,11.250,-13.250,2,3,1.405,0.000,5,2,7,300.000,1100.000,-1.257,-1.370,2,1.127,-1.897,3,2.441,3.973,1,2,1,2
22,-25,11.250,-12.250,0,1,0.000,0.000,1,2,3,1800.000,600.000,0.000,0.000,0,0.986,0.167,1,0.000,1.299,0,1,0,1
22,-24,11.250,-11.750,0,1,0.000,0.000,1,3,4,2000.000,2100.000,0.000,0.000,0,-0.125,0.992,1,0.000,1.226,0,1,0,1
22,-23,11.250,-11.250,3,0,5.487,0.763,3,4,7,2900.000,2500.000,1.073,2.174,3,0.000,0.000,0,3.816,0.000,3,0,2,0
22,-22,11.250,-10.750,0,2,0.000,0.000,2,5,7,1700.000,1500.000,0.000,0.000,0,0.697,0.418,2,0.000,1.493,0,2,0,0
22,-21,11.250,-10.250,2,2,14.237,0.359,4,4,8,800.000,600.000,0.462,1.835,2,0.781,1.367,2,2.900,2.423,2,1,2,1
22,-20,11.250,-9.750,2,1,10.656,0.336,3,4,6,1200.000,1000.000,1.403,0.920,2,0.207,0.978,1,2.714,1.000,2,0,2,0
22,-19,11.250,-9.250,0,4,0.000,0.000,3,5,8,1200.000,3000.000,0.000,0.000,0,-0.526,2.859,4,0.000,4.976,0,2,0,2
22,-18,11.250,-8.750,6,3,6.178,0.000,6,6,12,1100.000,2000.000,1.823,1.856,6,-0.010,2.054,3,6.997,3.000,2,0,2,0
22,-17,11.250,-8.250,1,1,0.502,0.015,2,6,8,3000.000,2400.000,-0.892,-0.452,1,0.909,-0.416,1,1.040,1.320,1,1,0,1
22,-16,11.250,-7.750,3,4,4.271,0.015,7,6,13,2000.000,2600.000,-2.048,1.705,3,1.013,0.651,4,3.000,4.991,0,2,0,2
22,-15,11.250,-7.250,3,3,0.294,0.015,5,6,11,2600.000,2600.000,-0.902,0.223,3,-0.600,1.238,3,3.923,3.000,2,0,2,0
22,-14,11.250,-6.750,6,6,12.380,-0.076,10,6,16,6900.000,3600.000,2.261,2.083,6,-0.415,1.536,6,8.013,7.320,5,3,4,3
22,-13,11.250,-6.250,2,3,13.062,-1.137,5,5,10,5000.000,1700.000,1.694,0.030,2,0.722,0.587,3,2.500,3.740,1,2,1,2
22,-10,11.250,-4.750,0,0,0.000,0.000,0,3,3,1100.000,4500.000,0.000,0.000,0,0.000,0.000,0,0.000,0.000,0,0,0,0
22,-8,11.250,-3.750,0,0,0.000,0.000,0,3,3,400.000,700.000,0.000,0.000,0,0.000,0.000,0,0.000,0.000,0,0,0,0
22,-7,11.250,-3.250,3,6,5.349,-0.015,8,5,12,3200.000,5700.000,-1.900,-0.170,3,1.391,-0.262,6,3.500,7.749,1,4,1,4
22,-6,11.250,-2.750,4,1,5.591,-0.725,4,5,9,10000.000,2400.000,1.305,-0.459,4,0.680,-0.733,1,4.836,1.000,3,0,3,0
22,-5,11.250,-2.250,10,2,4.727,0.000,10,6,15,5200.000,2300.000,-2.656,1.208,10,-0.002,-0.003,2,12.354,2.339,6,2,6,1
22,-4,11.250,-1.750,3,4,5.725,0.015,6,6,11,3900.000,2400.000,-0.635,-1.346,3,-2.879,1.018,4,3.717,4.500,2,1,2,1
22,-3,11.250,-1.250,5,6,4.170,0.000,9,5,11,2900.000,1900.000,0.739,-1.266,5,1.918,1.380,6,5.500,7.441,1,3,1,3
22,-2,11.250,-0.750,3,3,6.799,-0.015,5,6,11,1900.000,1500.000,1.228,0.237,3,1.227,0.765,3,3.500,4.000,1,2,1,2
22,-1,11.250,-0.250,2,0,5.012,-0.320,2,4,6,2000.000,900.000,1.659,-0.932,2,0.000,0.000,0,2.500,0.000,1,0,1,0
22,0,11.250,0.250,2,2,0.359,0.000,3,5,8,1600.000,1300.000,1.993,-0.030,2,1.992,-0.038,2,2.000,2.500,0,1,0,1
22,1,11.250,0.750,1,5,16.821,0.732,6,5,11,1700.000,1300.000,0.647,-0.763,1,-0.333,-1.400,5,1.500,6.686,1,5,1,4
22,5,11.250,2.750,0,0,0.000,0.000,0,2,2,1300.000,100.000,0.000,0.000,0,0.000,0.000,0,0.000,0.000,0,0,0,0
22,6,11.250,3.250,9,9,3.002,0.000,16,6,20,7200.000,2700.000,3.463,2.654,9,0.627,4.507,9,10.972,10.000,5,2,5,2
22,7,11.250,3.750,6,8,3.436,0.153,13,6,18,9800.000,5500.000,0.825,2.139,6,1.862,4.046,8,6.171,9.000,2,2,1,2
22,8,11.250,4.250,8,7,4.381,0.137,13,6,19,10600.000,8000.000,3.548,2.079,8,2.223,-0.425,7,8.500,7.500,1,1,1,1
22,9,11.250,4.750,14,12,2.065,0.000,15,6,20,12800.000,6400.000,-1.412,3.295,14,-1.820,4.106,12,16.031,14.000,7,4,5,4
22,10,11.250,5.250,16,16,0.552,0.000,21,6,26,15100.000,8200.000,-7.155,-2.240,16,-6.304,-0.188,16,18.155,16.985,5,2,5,2
22,11,11.250,5.750,9,6,1.880,0.168,12,6,18,11600.000,8300.000,1.477,4.108,9,0.129,-1.367,6,9.981,6.500,3,1,2,1
22,12,11.250,6.250,3,7,0.312,-0.031,7,6,13,10500.000,9700.000,-1.995,-1.638,3,-0.206,-3.831,7,3.500,8.080,1,4,1,2
22,13,11.250,6.750,4,3,2.559,0.038,7,6,12,11300.000,6200.000,-1.955,-3.213,4,-0.316,-0.880,3,4.500,3.000,1,0,1,0
22,14,11.250,7.250,2,7,1.666,-0.618,7,6,13,12000.000,7900.000,-0.670,-0.294,2,2.665,-2.313,7,2.403,7.903,1,2,1,2
22,15,11.250,7.750,3,1,2.132,-0.229,4,6,9,13700.000,8000.000,-0.087,-0.816,3,-0.071,-0.997,1,3.000,1.000,0,0,0,0
22,16,11.250,8.250,3,7,0.473,0.000,8,6,14,11300.000,6900.000,1.628,1.810,3,-1.133,-0.360,7,3.500,7.587,1,2,1,2
22,17,11.250,8.750,2,2,0.470,-0.008,3,6,8,8800.000,3800.000,-0.608,-1.887,2,-0.230,-1.982,2,2.000,2.000,0,0,0,0
22,18,11.250,9.250,7,2,9.304,1.083,8,6,12,4100.000,2900.000,6.346,-1.576,7,-0.048,-1.993,2,7.894,2.000,2,0,2,0
22,19,11.250,9.750,4,2,8.893,0.839,6,6,12,2600.000,3600.000,2.705,-1.356,4,1.519,-0.217,2,4.403,2.000,1,0,1,0
22,20,11.250,10.250,1,1,7.644,0.992,2,5,7,2000.000,800.000,0.988,-0.153,1,0.901,-0.434,1,1.000,1.090,0,1,0,1
22,21,11.250,10.750,1,0,2.624,0.381,1,3,4,700.000,0.000,0.522,-0.853,1,0.000,0.000,0,1.000,0.000,0,0,0,0
22,38,11.250,19.250,1,1,8.347,-2.930,1,0,1,0.000,0.000,0.845,-0.535,1,0.659,-0.752,1,1.500,1.500,1,1,1,1
22,39,11.250,19.750,0,0,0.000,0.000,0,1,1,300.000,0.000,0.000,0.000,0,0.000,0.000,0,0.000,0.000,0,0,0,0
22,40,11.250,20.250,0,0,0.000,0.000,0,1,1,100.000,0.000,0.000,0.000,0,0.000,0.000,0,0.000,0.000,0,0,0,0
23,-33,11.750,-16.250,3,0,6.134,0.000,2,6,8,1600.000,3300.000,-0.303,1.367,3,0.000,0.000,0,3.863,0.000,3,0,2,0
23,-32,11.750,-15.750,7,2,2.510,0.641,9,6,15,5100.000,6700.000,-1.638,2.383,7,0.020,0.291,2,8.181,2.500,3,1,3,1
23,-31,11.750,-15.250,1,5,0.574,-0.305,6,6,10,5400.000,7200.000,0.959,-0.284,1,-0.599,-0.177,5,1.000,6.372,0,4,0,4
23,-29,11.750,-14.250,5,3,5.430,1.938,8,6,13,29600.000,28300.000,1.803,2.486,5,2.401,1.744,3,6.271,3.497,4,1,3,1
23,-28,11.750,-13.750,4,5,4.393,1.732,6,6,11,16200.000,9500.000,1.298,0.261,4,1.218,0.565,5,5.000,7.000,2,4,2,4
23,-26,11.750,-12.750,0,0,0.000,0.000,0,1,1,600.000,0.000,0.000,0.000,0,0.000,0.000,0,0.000,0.000,0,0,0,0
23,-25,11.750,-12.250,4,3,10.474,0.000,7,5,11,1800.000,2200.000,0.874,2.983,4,2.023,0.574,3,4.950,3.850,4,2,4,2
23,-24,11.750,-11.750,2,0,3.466,1.076,2,3,5,2200.000,2400.000,0.504,1.183,2,0.000,0.000,0,2.279,0.000,1,0,1,0
23,-23,11.750,-11.250,0,1,0.000,0.000,1,5,6,1900.000,1700.000,0.000,0.000,0,0.804,-0.594,1,0.000,1.264,0,1,0,1
23,-22,11.750,-10.750,0,3,0.000,0.000,2,4,6,1500.000,400.000,0.000,0.000,0,1.642,1.911,3,0.000,3.885,0,2,0,2
23,-21,11.750,-10.250,4,3,5.865,0.000,7,5,11,1500.000,700.000,-0.540,3.729,4,1.182,2.002,3,4.937,3.226,3,1,2,1
23,-20,11.750,-9.750,2,1,11.928,-0.008,3,5,7,800.000,1700.000,0.644,-0.149,2,-0.739,0.673,1,2.000,1.367,0,1,0,1
23,-19,11.750,-9.250,1,0,0.362,0.000,1,5,6,1800.000,2100.000,0.246,0.969,1,0.000,0.000,0,1.000,0.000,0,0,0,0
23,-18,11.750,-8.750,0,3,0.000,0.000,3,6,8,2700.000,2200.000,0.000,0.000,0,0.088,-0.649,3,0.000,3.119,0,1,0,1
23,-17,11.750,-8.250,2,1,6.305,-0.008,3,5,8,1100.000,2500.000,-0.708,1.617,2,0.941,0.339,1,2.500,1.000,1,0,1,0
23,-16,11.750,-7.750,2,3,9.044,-1.091,4,4,8,1100.000,2700.000,-1.734,0.978,2,-1.081,1.329,3,2.500,3.000,1,0,1,0
23,-15,11.750,-7.250,3,4,3.694,0.000,7,4,11,1600.000,2700.000,1.631,0.267,3,1.881,-0.626,4,3.413,4.494,2,1,1,1
23,-14,11.750,-6.750,4,4,5.539,0.679,7,6,13,3900.000,2600.000,2.573,-0.075,4,-1.113,1.401,4,4.378,5.000,2,2,2,2
23,-13,11.750,-6.250,4,8,4.491,-0.008,11,5,15,2800.000,3200.000,0.750,3.281,4,-0.037,-0.428,8,5.173,10.709,3,7,3,6
23,-12,11.750,-5.750,4,0,7.178,0.458,4,3,7,800.000,700.000,2.737,0.437,4,0.000,0.000,0,4.342,0.000,4,0,2,0
23,-11,11.750,-5.250,0,4,0.000,0.000,4,3,6,9700.000,2700.000,0.000,0.000,0,0.792,2.167,4,0.000,4.681,0,2,0,2
23,-10,11.750,-4.750,4,3,8.533,0.351,5,4,9,1200.000,1700.000,3.201,2.238,4,1.432,0.146,3,5.080,4.361,4,3,2,3
23,-9,11.750,-4.250,2,3,2.257,0.954,4,4,8,3000.000,8700.000,1.916,0.548,2,1.343,1.229,3,2.479,3.543,1,2,1,2
23,-8,11.750,-3.750,3,4,8.049,-1.022,5,5,10,2900.000,6400.000,0.645,2.645,3,2.059,0.293,4,4.013,5.018,3,4,3,3
23,-7,11.750,-3.250,4,5,1.835,0.137,8,5,12,4400.000,2300.000,-0.113,0.291,4,-1.589,3.433,5,5.367,6.326,3,3,3,3
23,-6,11.750,-2.750,4,4,8.444,0.015,8,6,14,3100.000,2500.000,1.134,-0.892,4,-1.504,1.671,4,5.000,4.211,2,1,2,1
23,-5,11.750,-2.250,8,4,10.438,-0.381,10,5,14,5100.000,1600.000,0.020,-0.591,8,1.848,0.618,4,9.445,5.673,4,4,4,4
23,-4,11.750,-1.750,1,7,8.096,0.031,8,5,13,3500.000,1500.000,-0.685,-0.728,1,0.117,0.254,7,1.000,7.941,0,2,0,2
23,-3,11.750,-1.250,3,3,11.532,-0.778,6,6,12,4200.000,1400.000,1.319,-0.552,3,1.090,-1.249,3,3.537,3.183,2,2,1,1
23,-2,11.750,-0.750,3,5,8.110,-0.107,8,6,14,3400.000,1300.000,0.823,-1.122,3,-0.460,1.341,5,3.260,5.737,2,2,1,2
23,-1,11.750,-0.250,5,1,5.179,0.244,5,5,9,2100.000,1400.000,0.578,-3.173,5,-0.918,0.397,1,6.441,1.500,3,1,3,1
23,0,11.750,0.250,4,4,6.305,0.137,6,5,10,1500.000,2000.000,-1.862,-0.990,4,-2.102,-0.851,4,5.353,4.900,3,2,3,2
23,1,11.750,0.750,1,1,0.192,-0.031,2,5,7,800.000,700.000,1.000,-0.027,1,-0.803,0.596,1,1.500,1.500,1,1,1,1
23,3,11.750,1.750,3,3,3.996,0.000,5,4,7,11400.000,8200.000,0.112,2.244,3,1.104,2.418,3,4.388,3.764,3,2,3,2
23,4,11.750,2.250,2,5,1.856,-0.565,7,6,12,4700.000,2400.000,1.479,0.625,2,0.384,3.645,5,2.000,6.093,0,3,0,3
23,5,11.750,2.750,6,7,15.865,0.298,12,6,16,11000.000,3000.000,2.189,-3.335,6,1.924,-1.258,7,6.500,8.491,1,3,1,3
23,6,11.750,3.250,13,7,4.364,-0.015,17,6,23,13800.000,5600.000,0.897,0.799,13,1.181,0.460,7,14.531,8.330,4,4,4,4
23,7,11.750,3.750,5,8,2.323,0.000,11,6,15,10500.000,8000.000,1.204,0.210,5,3.199,2.529,8,6.000,9.227,2,4,2,3
23,8,11.750,4.250,10,5,4.312,0.000,12,6,17,6200.000,4300.000,0.926,4.468,10,0.521,0.219,5,11.487,6.170,4,3,3,3
23,9,11.750,4.750,4,4,3.810,0.000,7,6,11,5000.000,3900.000,-0.206,0.342,4,0.626,-1.595,4,4.900,4.500,2,1,2,1
23,10,11.750,5.250,8,8,5.263,0.069,12,6,17,6100.000,3900.000,-1.972,0.885,8,-1.039,-1.524,8,9.634,9.742,4,5,4,4
23,11,11.750,5.750,7,4,3.047,0.427,11,6,16,5500.000,4500.000,1.055,0.349,7,0.451,-0.410,4,6.883,4.950,1,2,0,2
23,12,11.750,6.250,4,3,3.495,-0.198,6,6,11,3700.000,6700.000,3.332,1.391,4,0.823,-0.221,3,4.491,3.500,1,1,1,1
23,13,11.750,6.750,0,1,0.000,0.000,1,5,5,1700.000,4300.000,0.000,0.000,0,-0.779,-0.628,1,0.000,1.000,0,0,0,0
23,14,11.750,7.250,1,1,3.223,-0.793,1,6,7,3000.000,3100.000,0.593,-0.805,1,0.948,-0.319,1,1.000,1.000,0,0,0,0
23,15,11.750,7.750,2,1,4.233,-1.266,2,6,8,1200.000,900.000,-0.041,-1.999,2,-0.564,-0.826,1,2.000,0.883,0,1,0,0
23,16,11.750,8.250,1,1,0.372,0.000,1,6,7,6200.000,5000.000,-0.907,-0.422,1,-0.050,0.999,1,1.456,1.456,1,1,1,1
23,17,11.750,8.750,1,3,0.473,0.305,3,6,9,11100.000,7000.000,-0.662,-0.750,1,1.332,-0.619,3,1.000,3.000,0,0,0,0
23,18,11.750,9.250,1,3,0.720,0.031,4,6,10,5400.000,3900.000,-0.819,0.574,1,-0.127,-2.755,3,1.000,3.381,0,2,0,1
23,19,11.750,9.750,5,4,4.016,0.473,7,5,12,3700.000,2100.000,2.123,-1.086,5,1.984,-2.357,4,5.000,4.500,0,1,0,1
23,20,11.750,10.250,1,0,4.080,0.580,1,4,5,2300.000,600.000,0.975,-0.221,1,0.000,0.000,0,1.000,0.000,0,0,0,0
23,21,11.750,10.750,2,1,4.765,1.091,3,4,7,1100.000,200.000,1.317,-1.386,2,0.971,-0.240,1,2.000,1.000,0,0,0,0
23,22,11.750,11.250,2,1,2.129,0.420,3,0,3,0.000,0.000,1.357,-1.119,2,0.843,-0.537,1,2.000,1.441,0,1,0,1
23,38,11.750,19.250,0,0,0.000,0.000,0,1,1,600.000,0.000,0.000,0.000,0,0.000,0.000,0,0.000,0.000,0,0,0,0
23,39,11.750,19.750,0,0,0.000,0.000,0,1,1,700.000,0.000,0.000,0.000,0,0.000,0.000,0,0.000,0.000,0,0,0,0
23,40,11.750,20.250,0,0,0.000,0.000,0,1,1,200.000,0.000,0.000,0.000,0,0.000,0.000,0,0.000,0.000,0,0,0,0
24,-33,12.250,-16.250,2,0,5.207,1.343,2,6,8,1800.000,4400.000,-1.838,0.770,2,0.000,0.000,0,2.735,0.000,2,0,2,0
24,-32,12.250,-15.750,2,5,1.526,-0.504,5,6,10,7300.000,8900.000,0.058,0.265,2,-0.537,0.781,5,2.000,5.000,0,0,0,0
24,-31,12.250,-15.250,1,8,0.306,0.046,6,6,11,5000.000,5400.000,0.960,0.280,1,0.912,-0.670,8,1.000,10.000,0,4,0,4
24,-29,12.250,-14.250,13,15,4.604,1.984,22,6,27,57900.000,47800.000,4.375,7.381,13,-0.753,8.204,15,17.434,18.413,10,12,10,9
24,-28,12.250,-13.750,21,7,6.332,2.274,16,6,18,45100.000,24000.000,7.364,11.303,21,0.997,0.197,7,27.525,9.254,18,6,17,6
24,-27,12.250,-13.250,3,6,13.081,2.258,8,6,13,9700.000,22100.000,0.487,2.922,3,0.882,-0.388,6,4.285,7.708,3,4,3,4
24,-26,12.250,-12.750,2,4,4.526,-0.031,5,6,11,6700.000,2900.000,0.239,0.031,2,1.076,0.085,4,2.414,5.000,1,2,1,2
24,-25,12.250,-12.250,4,11,2.853,0.374,11,6,16,4000.000,3900.000,0.556,0.265,4,1.531,7.501,11,4.993,15.726,3,10,2,10
24,-24,12.250,-11.750,4,2,7.212,0.092,6,5,11,2000.000,2200.000,1.699,2.519,4,-1.251,1.005,2,5.823,2.447,4,1,4,1
24,-23,12.250,-11.250,3,6,4.692,0.000,8,5,13,1100.000,1800.000,2.326,1.194,3,2.478,0.936,6,2.950,7.802,2,4,1,4
24,-22,12.250,-10.750,2,1,1.868,-0.008,3,4,6,600.000,1400.000,1.117,0.603,2,-0.493,0.870,1,2.456,1.302,1,1,1,1
24,-21,12.250,-10.250,2,1,10.037,0.473,3,6,9,900.000,1500.000,0.243,1.971,2,0.538,-0.843,1,1.889,1.000,1,0,0,0
24,-20,12.250,-9.750,2,3,8.966,-1.038,5,4,9,1600.000,1800.000,-0.470,1.830,2,1.311,0.464,3,2.000,3.735,0,2,0,2
24,-19,12.250,-9.250,2,4,7.231,-0.008,6,6,11,4000.000,2800.000,-0.708,1.641,2,2.139,1.747,4,2.000,4.500,0,1,0,1
24,-18,12.250,-8.750,2,4,5.372,0.008,4,5,9,3000.000,2000.000,-0.857,-0.440,2,2.419,0.649,4,2.000,3.950,0,2,0,1
24,-17,12.250,-8.250,5,2,6.668,0.000,7,4,10,1200.000,1500.000,-1.530,0.103,5,-0.181,-1.960,2,6.500,2.500,3,1,3,1
24,-16,12.250,-7.750,1,0,18.088,-0.931,1,5,5,1900.000,1400.000,0.640,0.768,1,0.000,0.000,0,1.000,0.000,0,0,0,0
24,-15,12.250,-7.250,0,1,0.000,0.000,1,4,5,900.000,3100.000,0.000,0.000,0,-0.914,0.405,1,0.000,1.000,0,0,0,0
24,-14,12.250,-6.750,2,2,11.312,-1.076,3,5,8,1200.000,1500.000,-1.940,0.212,2,-1.964,-0.223,2,2.500,2.000,1,0,1,0
24,-13,12.250,-6.250,3,1,11.994,-0.809,4,5,8,1600.000,2100.000,0.649,2.538,3,-0.982,-0.190,1,3.835,1.000,2,0,2,0
24,-12,12.250,-5.750,2,3,4.151,-0.282,5,5,10,2100.000,2200.000,1.169,1.300,2,2.277,-0.011,3,2.000,4.500,0,3,0,3
24,-11,12.250,-5.250,4,7,3.474,-0.305,10,4,12,6400.000,11200.000,3.022,-0.633,4,1.646,1.014,7,5.000,9.690,2,6,2,6
24,-10,12.250,-4.750,6,4,3.830,0.099,8,5,13,4100.000,4400.000,3.522,0.241,6,1.070,-1.145,4,9.000,5.914,6,4,6,4
24,-9,12.250,-4.250,6,5,2.481,0.710,9,5,14,2700.000,3000.000,-0.528,-0.928,6,2.427,-0.378,5,7.040,5.155,3,1,2,1
24,-8,12.250,-3.750,4,7,2.840,0.038,7,6,12,3400.000,2000.000,2.587,0.753,4,3.874,0.839,7,6.000,9.569,4,6,4,6
24,-7,12.250,-3.250,1,4,7.795,-1.907,4,6,10,4300.000,1800.000,0.933,-0.361,1,1.626,0.694,4,1.500,5.873,1,4,1,4
24,-6,12.250,-2.750,1,1,2.327,0.000,2,6,8,3600.000,1700.000,0.466,-0.885,1,-0.541,0.841,1,1.000,1.500,0,1,0,1
24,-5,12.250,-2.250,2,3,5.924,-0.320,5,5,10,5600.000,1700.000,1.253,1.119,2,2.594,-1.052,3,2.146,4.000,1,2,1,2
24,-4,12.250,-1.750,2,2,2.331,0.137,3,5,8,3200.000,1000.000,1.662,0.947,2,0.693,-0.592,2,2.336,2.796,2,2,1,2
24,-3,12.250,-1.250,5,1,6.089,0.015,6,5,11,4700.000,1400.000,-2.601,0.700,5,-0.872,0.489,1,5.941,1.500,2,1,2,1
24,-2,12.250,-0.750,3,7,4.552,0.000,9,5,13,3000.000,1700.000,-0.599,-0.810,3,0.223,-1.140,7,3.500,8.000,1,2,1,2
24,-1,12.250,-0.250,1,3,4.791,-0.015,4,5,9,3000.000,1900.000,0.226,-0.974,1,1.768,-1.450,3,1.000,3.953,0,2,0,2
24,0,12.250,0.250,1,6,1.209,0.000,7,4,11,2100.000,2900.000,-0.986,-0.168,1,3.155,-1.862,6,1.500,8.341,1,5,1,5
24,1,12.250,0.750,2,4,5.021,-0.587,4,4,8,400.000,900.000,-0.156,-0.477,2,0.925,-0.906,4,2.500,4.500,1,1,1,1
24,3,12.250,1.750,3,0,15.019,2.197,3,6,8,12800.000,1500.000,1.943,-2.280,3,0.000,0.000,0,4.000,0.000,2,0,2,0
24,4,12.250,2.250,11,16,6.492,0.000,20,6,25,20600.000,6300.000,1.608,-2.597,11,4.927,-10.917,16,13.956,19.717,6,8,6,8
24,5,12.250,2.750,18,10,16.483,0.000,21,6,26,15900.000,7400.000,4.232,-8.595,18,-1.702,-0.830,10,22.518,12.373,13,5,12,5
24,6,12.250,3.250,5,4,17.016,0.000,7,6,13,12700.000,6800.000,2.112,-2.681,5,0.201,-0.193,4,5.370,4.000,1,0,1,0
24,7,12.250,3.750,1,5,7.133,1.602,4,6,10,5500.000,3700.000,0.341,0.940,1,1.777,-0.142,5,1.500,7.000,1,4,1,4
24,8,12.250,4.250,1,1,8.501,-0.031,2,6,8,3300.000,2700.000,-0.984,0.176,1,-0.951,-0.308,1,1.500,1.000,1,0,1,0
24,9,12.250,4.750,7,4,3.751,0.000,11,6,16,3700.000,2500.000,0.079,1.942,7,-2.516,0.047,4,8.190,4.861,3,2,3,2
24,10,12.250,5.250,4,0,3.628,-0.420,4,6,10,3100.000,2500.000,-1.110,1.465,4,0.000,0.000,0,4.000,0.000,0,0,0,0
24,11,12.250,5.750,4,5,2.463,0.595,8,6,14,3800.000,2900.000,-0.440,3.811,4,0.438,-0.768,5,4.190,5.316,1,2,1,1
24,12,12.250,6.250,3,4,3.647,0.183,6,6,10,3700.000,4200.000,-1.228,-1.765,3,-0.077,-0.228,4,3.500,5.143,1,3,1,3
24,13,12.250,6.750,6,6,2.624,0.000,11,6,17,3600.000,5300.000,2.563,2.448,6,3.299,0.485,6,7.000,7.500,2,3,2,3
24,14,12.250,7.250,3,1,2.597,-0.046,4,6,10,2000.000,2900.000,0.734,0.224,3,-0.266,-0.964,1,3.000,0.671,0,1,0,0
24,15,12.250,7.750,0,0,0.000,0.000,0,6,6,1800.000,700.000,0.000,0.000,0,0.000,0.000,0,0.000,0.000,0,0,0,0
24,16,12.250,8.250,2,2,3.475,-0.717,4,6,10,1700.000,1500.000,0.277,0.042,2,0.601,-1.898,2,3.000,2.400,2,1,2,1
24,17,12.250,8.750,2,8,6.412,0.404,8,6,14,8500.000,7300.000,1.242,-1.142,2,4.008,-4.036,8,2.500,9.493,1,4,1,3
24,18,12.250,9.250,1,6,0.200,-0.092,5,6,11,6800.000,8500.000,0.159,-0.987,1,2.189,-4.254,6,1.000,6.891,0,4,0,3
24,19,12.250,9.750,2,2,4.419,-0.793,4,6,10,3400.000,4500.000,-0.385,-1.126,2,1.202,-1.567,2,2.500,2.000,1,0,1,0
24,20,12.250,10.250,5,2,5.083,-0.275,7,5,12,2900.000,200.000,0.847,-4.374,5,1.956,-0.413,2,5.900,2.000,2,0,2,0
24,21,12.250,10.750,0,0,0.000,0.000,0,3,3,700.000,0.000,0.000,0.000,0,0.000,0.000,0,0.000,0.000,0,0,0,0
24,22,12.250,11.250,0,1,0.000,0.000,1,0,1,0.000,0.000,0.000,0.000,0,-0.999,-0.039,1,0.000,1.000,0,0,0,0
24,28,12.250,14.250,0,1,0.000,0.000,1,1,1,200.000,0.000,0.000,0.000,0,0.945,0.327,1,0.000,1.000,0,0,0,0
24,36,12.250,18.250,0,0,0.000,0.000,0,1,1,200.000,0.000,0.000,0.000,0,0.000,0.000,0,0.000,0.000,0,0,0,0
24,37,12.250,18.750,0,0,0.000,0.000,0,2,2,900.000,0.000,0.000,0.000,0,0.000,0.000,0,0.000,0.000,0,0,0,0
24,38,12.250,19.250,0,1,0.000,0.000,1,2,3,1700.000,0.000,0.000,0.000,0,0.479,-0.878,1,0.000,1.000,0,0,0,0
24,39,12.250,19.750,0,0,0.000,0.000,0,2,2,1200.000,200.000,0.000,0.000,0,0.000,0.000,0,0.000,0.000,0,0,0,0
24,40,12.250,20.250,0,0,0.000,0.000,0,1,1,0.000,300.000,0.000,0.000,0,0.000,0.000,0,0.000,0.000,0,0,0,0
25,-33,12.750,-16.250,2,2,3.667,-0.290,4,6,10,2100.000,3900.000,-0.016,0.395,2,0.271,0.748,2,2.500,2.976,1,2,1,2
25,-32,12.750,-15.750,1,0,2.452,-0.916,1,6,6,8300.000,8900.000,-0.187,0.982,1,0.000,0.000,0,1.000,0.000,0,0,0,0
25,-31,12.750,-15.250,1,8,2.593,0.565,8,6,13,3700.000,5300.000,-0.659,0.752,1,-5.977,0.243,8,1.500,9.903,1,4,1,4
25,-29,12.750,-14.250,6,5,4.107,0.099,7,6,13,25800.000,8800.000,0.339,4.982,6,0.418,2.703,5,7.780,5.897,5,4,4,3
25,-28,12.750,-13.750,13,5,14.298,2.243,13,6,19,29200.000,10900.000,1.153,10.896,13,-0.249,3.266,5,17.867,6.096,12,3,12,3
25,-27,12.750,-13.250,6,4,5.629,1.396,8,6,12,14400.000,9000.000,0.463,3.867,6,0.234,-0.055,4,7.914,5.246,4,3,4,3
25,-26,12.750,-12.750,4,8,5.236,0.122,10,6,14,3200.000,5600.000,0.971,3.289,4,-0.420,1.284,8,6.000,9.881,4,5,4,5
25,-25,12.750,-12.250,6,4,3.416,-0.336,9,5,14,2900.000,2700.000,1.027,1.651,6,1.504,2.038,4,7.329,6.000,5,4,4,4
25,-24,12.750,-11.750,1,4,3.248,0.000,5,4,8,900.000,1800.000,-0.012,1.000,1,0.443,2.317,4,0.883,5.429,1,3,0,3
25,-23,12.750,-11.250,3,4,5.068,0.000,6,3,8,500.000,2100.000,-1.463,2.107,3,-0.993,1.741,4,3.860,4.796,3,2,2,2
25,-22,12.750,-10.750,1,3,8.782,-0.015,4,3,7,700.000,1300.000,-0.745,0.667,1,0.038,0.646,3,1.500,3.214,1,3,1,2
25,-21,12.750,-10.250,3,1,4.911,0.000,4,6,10,900.000,1200.000,1.277,0.568,3,-0.736,0.677,1,4.438,1.000,3,0,3,0
25,-20,12.750,-9.750,3,3,0.849,0.000,6,6,12,1500.000,1700.000,1.088,2.511,3,-0.276,2.979,3,4.237,3.407,3,2,3,2
25,-19,12.750,-9.250,2,6,13.093,-0.603,5,5,9,4400.000,2700.000,-0.735,1.551,2,-2.071,3.376,6,2.761,7.853,2,4,2,4
25,-18,12.750,-8.750,1,2,3.601,-0.885,3,5,8,4200.000,600.000,-0.806,-0.592,1,0.929,-0.909,2,1.000,2.118,0,2,0,1
25,-17,12.750,-8.250,0,4,0.000,0.000,4,2,5,100.000,600.000,0.000,0.000,0,2.471,2.366,4,0.000,5.111,0,3,0,3
25,-16,12.750,-7.750,2,3,0.397,-0.031,4,3,7,900.000,1500.000,1.822,0.724,2,-1.349,0.374,3,2.500,4.258,1,3,1,3
25,-15,12.750,-7.250,0,6,0.000,0.000,6,6,11,500.000,1900.000,0.000,0.000,0,3.912,0.120,6,0.000,6.724,0,3,0,2
25,-14,12.750,-6.750,1,2,5.298,0.031,3,6,9,700.000,1700.000,-0.971,-0.239,1,0.216,1.733,2,1.000,2.000,0,0,0,0
25,-13,12.750,-6.250,2,4,8.376,-0.351,6,4,10,300.000,1500.000,0.840,1.560,2,-1.357,-0.571,4,2.500,5.000,1,2,1,2
25,-12,12.750,-5.750,2,4,4.619,-0.427,5,4,9,800.000,800.000,0.096,-0.366,2,-0.231,0.019,4,2.500,4.000,1,0,1,0
25,-11,12.750,-5.250,1,4,7.983,1.953,5,5,9,900.000,7200.000,0.878,0.478,1,-1.100,1.950,4,1.299,5.394,1,3,1,3
25,-10,12.750,-4.750,4,3,3.585,0.046,5,5,10,2400.000,2900.000,0.773,-0.697,4,0.662,1.727,3,5.000,4.000,2,2,2,2
25,-9,12.750,-4.250,1,2,0.333,0.122,3,6,9,2600.000,3400.000,-0.862,0.508,1,0.325,1.486,2,1.000,2.040,0,1,0,0
25,-8,12.750,-3.750,4,2,4.715,0.099,5,5,9,2600.000,1800.000,0.139,-0.371,4,-1.095,-0.083,2,4.500,2.500,1,1,1,1
25,-7,12.750,-3.250,3,0,7.759,-0.488,3,6,8,2000.000,1400.000,2.346,0.063,3,0.000,0.000,0,3.482,0.000,1,0,1,0
25,-6,12.750,-2.750,2,3,11.869,-0.023,5,5,10,500.000,1400.000,1.922,0.493,2,2.212,1.893,3,3.000,4.000,2,2,2,2
25,-5,12.750,-2.250,2,0,3.954,-0.877,2,4,6,1900.000,500.000,0.898,-0.944,2,0.000,0.000,0,2.500,0.000,1,0,1,0
25,-4,12.750,-1.750,1,3,9.236,0.015,4,6,9,3100.000,1700.000,0.146,0.989,1,-0.683,-1.336,3,1.000,3.619,0,2,0,2
25,-3,12.750,-1.250,3,5,6.497,0.000,7,6,12,3000.000,1700.000,1.167,-0.368,3,1.105,-0.786,5,3.009,6.342,2,4,1,4
25,-2,12.750,-0.750,8,0,11.170,0.023,6,6,12,2500.000,1100.000,4.819,-0.893,8,0.000,0.000,0,8.288,0.000,5,0,3,0
25,-1,12.750,-0.250,5,2,4.423,1.648,6,6,11,3500.000,2100.000,-1.413,-0.029,5,-0.344,-0.569,2,5.000,2.376,0,1,0,1
25,0,12.750,0.250,4,4,7.182,-1.152,8,6,14,2800.000,1600.000,-0.706,-2.629,4,1.978,-1.217,4,5.456,3.500,3,1,3,0
25,1,12.750,0.750,5,8,9.055,2.228,13,6,19,2800.000,3000.000,0.354,-3.055,5,1.765,-0.273,8,4.671,9.109,1,4,0,3
25,2,12.750,1.250,11,5,11.199,2.289,14,6,18,15600.000,6200.000,4.757,-9.090,11,2.141,-2.480,5,13.586,6.631,7,4,7,4
25,3,12.750,1.750,27,14,13.834,1.648,27,6,31,24900.000,15600.000,8.705,-20.026,27,3.804,0.234,14,32.379,15.338,17,7,13,5
25,4,12.750,2.250,17,11,12.663,0.854,22,6,25,23800.000,10200.000,2.430,-10.321,17,2.736,-1.564,11,20.119,12.683,9,5,8,4
25,5,12.750,2.750,16,6,14.081,0.061,18,6,24,11500.000,5900.000,0.547,-10.306,16,-0.925,-0.941,6,21.193,6.903,11,2,11,2
25,6,12.750,3.250,6,5,6.810,0.183,10,6,15,9600.000,3800.000,-0.713,-0.885,6,0.579,-4.709,5,6.500,5.500,1,1,1,1
25,7,12.750,3.750,1,1,12.004,2.747,2,6,7,2300.000,2700.000,0.013,-1.000,1,-0.918,0.396,1,1.119,1.000,1,0,1,0
25,8,12.750,4.250,3,3,0.697,0.244,4,6,10,1600.000,400.000,0.200,2.976,3,-1.613,2.059,3,3.000,3.000,0,0,0,0
25,9,12.750,4.750,7,7,1.414,0.000,8,6,13,3100.000,2400.000,-0.305,-0.020,7,-2.844,-0.098,7,7.353,8.260,1,4,1,4
25,10,12.750,5.250,3,3,2.344,0.153,5,6,11,3300.000,1600.000,-0.474,-0.282,3,-0.685,-0.270,3,3.233,3.500,2,1,1,1
25,11,12.750,5.750,2,5,2.984,0.435,5,6,10,2000.000,2400.000,-0.545,1.212,2,0.641,0.321,5,2.500,6.429,1,3,1,3
25,12,12.750,6.250,2,4,5.007,-0.931,6,6,12,1800.000,2200.000,0.854,-0.536,2,0.769,-0.061,4,2.000,4.181,0,1,0,1
25,13,12.750,6.750,7,5,3.709,0.000,8,6,13,2200.000,3400.000,2.540,3.362,7,2.386,-1.277,5,7.429,5.264,1,1,1,1
25,14,12.750,7.250,2,2,2.746,-0.725,3,6,9,3000.000,3600.000,-1.303,0.216,2,0.465,-0.364,2,1.993,2.681,1,2,0,2
25,15,12.750,7.750,2,1,4.241,-0.175,3,6,9,3400.000,3800.000,0.811,-0.950,2,0.930,-0.368,1,2.316,1.000,2,0,1,0
25,16,12.750,8.250,2,3,5.186,0.473,5,6,11,3600.000,3000.000,1.146,1.051,2,-0.056,-0.092,3,2.000,3.400,0,1,0,1
25,17,12.750,8.750,7,3,3.547,-0.259,8,6,14,6200.000,5600.000,1.117,-4.019,7,1.067,-0.941,3,7.996,3.500,3,1,3,1
25,18,12.750,9.250,4,3,2.211,0.000,4,6,10,7100.000,6800.000,0.327,-0.392,4,0.298,-0.849,3,4.000,3.000,0,0,0,0
25,19,12.750,9.750,3,0,6.604,0.763,3,6,9,4800.000,2600.000,2.018,-1.458,3,0.000,0.000,0,3.000,0.000,0,0,0,0
25,20,12.750,10.250,2,2,9.700,0.198,4,6,9,2200.000,900.000,0.653,-1.129,2,0.828,-1.165,2,2.500,2.000,1,0,1,0
25,21,12.750,10.750,2,1,7.786,-0.427,3,3,6,400.000,200.000,1.052,-1.339,2,-0.438,-0.899,1,2.903,1.000,2,0,2,0
25,22,12.750,11.250,1,0,8.929,-1.343,1,0,1,0.000,0.000,-0.133,-0.991,1,0.000,0.000,0,1.000,0.000,0,0,0,0
25,28,12.750,14.250,0,0,0.000,0.000,0,1,1,300.000,0.000,0.000,0.000,0,0.000,0.000,0,0.000,0.000,0,0,0,0
25,35,12.750,17.750,0,0,0.000,0.000,0,2,2,400.000,0.000,0.000,0.000,0,0.000,0.000,0,0.000,0.000,0,0,0,0
25,36,12.750,18.250,0,0,0.000,0.000,0,2,2,600.000,0.000,0.000,0.000,0,0.000,0.000,0,0.000,0.000,0,0,0,0
25,37,12.750,18.750,0,0,0.000,0.000,0,2,2,600.000,100.000,0.000,0.000,0,0.000,0.000,0,0.000,0.000,0,0,0,0
25,38,12.750,19.250,0,0,0.000,0.000,0,2,2,200.000,200.000,0.000,0.000,0,0.000,0.000,0,0.000,0.000,0,0,0,0
25,39,12.750,19.750,0,0,0.000,0.000,0,1,1,200.000,500.000,0.000,0.000,0,0.000,0.000,0,0.000,0.000,0,0,0,0
25,40,12.750,20.250,0,0,0.000,0.000,0,1,1,0.000,200.000,0.000,0.000,0,0.000,0.000,0,0.000,0.000,0,0,0,0
25,42,12.750,21.250,0,1,0.000,0.000,1,0,1,0.000,0.000,0.000,0.000,0,0.827,-0.562,1,0.000,1.000,0,0,0,0
26,-33,13.250,-16.250,3,4,2.871,-0.473,6,6,12,1800.000,4400.000,2.988,-0.063,3,2.126,0.597,4,4.444,5.000,3,2,3,2
26,-32,13.250,-15.750,6,4,3.827,0.816,9,6,14,6700.000,10600.000,-3.701,1.220,6,3.971,-0.415,4,6.802,5.000,2,2,2,2
26,-31,13.250,-15.250,0,5,0.000,0.000,3,6,9,3500.000,5600.000,0.000,0.000,0,2.981,-0.403,5,0.000,6.500,0,3,0,3
26,-29,13.250,-14.250,0,3,0.000,0.000,3,6,8,4300.000,2100.000,0.000,0.000,0,1.077,2.436,3,0.000,3.500,0,1,0,1
26,-28,13.250,-13.750,2,3,0.362,-0.046,3,6,9,5900.000,3600.000,0.139,0.070,2,-0.555,0.824,3,2.500,3.159,1,2,1,1
26,-27,13.250,-13.250,1,1,0.321,-0.015,1,5,6,1700.000,2200.000,-0.009,1.000,1,0.566,-0.824,1,1.500,1.500,1,1,1,1
26,-26,13.250,-12.750,0,6,0.000,0.000,6,4,10,1000.000,1700.000,0.000,0.000,0,1.598,4.178,6,0.000,7.727,0,5,0,4
26,-25,13.250,-12.250,2,7,0.452,0.145,7,4,10,1200.000,5800.000,-1.195,-0.701,2,0.079,4.974,7,2.500,8.848,1,7,1,6
26,-24,13.250,-11.750,2,0,7.012,1.259,1,3,4,800.000,6500.000,-0.570,1.891,2,0.000,0.000,0,2.431,0.000,2,0,2,0
26,-23,13.250,-11.250,0,1,0.000,0.000,1,3,4,1000.000,300.000,0.000,0.000,0,0.631,0.776,1,0.000,1.000,0,0,0,0
26,-22,13.250,-10.750,2,0,3.274,1.053,2,4,6,700.000,900.000,-0.242,1.796,2,0.000,0.000,0,2.000,0.000,0,0,0,0
26,-21,13.250,-10.250,0,2,0.000,0.000,2,6,8,1100.000,1100.000,0.000,0.000,0,0.437,1.888,2,0.000,2.469,0,2,0,1
26,-20,13.250,-9.750,2,5,9.100,-0.122,7,6,12,2400.000,2000.000,1.738,0.654,2,0.518,2.861,5,2.473,6.500,1,3,1,3
26,-19,13.250,-9.250,2,3,5.521,-0.572,4,6,8,7100.000,3800.000,-1.788,0.413,2,-2.515,-0.720,3,2.261,3.499,1,2,1,2
26,-18,13.250,-8.750,1,1,15.382,3.464,2,2,4,600.000,800.000,0.317,0.948,1,-0.902,0.432,1,1.000,1.500,0,1,0,1
26,-17,13.250,-8.250,0,5,0.000,0.000,4,3,7,0.000,1300.000,0.000,0.000,0,2.821,0.409,5,0.000,6.925,0,5,0,5
26,-16,13.250,-7.750,1,2,1.822,0.580,2,6,8,600.000,700.000,-0.946,-0.324,1,-1.723,0.163,2,1.000,2.261,0,1,0,1
26,-15,13.250,-7.250,3,3,6.314,-0.015,6,5,11,700.000,1100.000,0.132,1.552,3,0.414,0.565,3,3.000,3.000,0,0,0,0
26,-14,13.250,-6.750,2,2,10.021,-1.129,4,3,7,200.000,800.000,0.665,-0.351,2,-1.947,0.266,2,2.000,2.376,0,1,0,1
26,-13,13.250,-6.250,0,0,0.000,0.000,0,4,4,800.000,700.000,0.000,0.000,0,0.000,0.000,0,0.000,0.000,0,0,0,0
26,-12,13.250,-5.750,2,2,5.672,0.717,4,3,7,100.000,800.000,0.832,0.139,2,-1.351,0.561,2,2.302,2.500,1,1,1,1
26,-11,13.250,-5.250,3,2,11.587,-1.404,4,3,7,500.000,2300.000,0.441,2.621,3,0.320,1.815,2,4.000,1.774,2,1,2,0
26,-10,13.250,-4.750,1,3,5.240,2.655,4,4,8,2300.000,2500.000,0.981,0.194,1,-0.383,2.218,3,1.000,3.000,0,0,0,0
26,-9,13.250,-4.250,2,3,9.005,-1.747,5,4,8,1700.000,1600.000,1.349,-0.359,2,2.776,-0.087,3,1.913,3.997,1,2,0,2
26,-8,13.250,-3.750,2,2,2.631,-0.870,3,5,8,1900.000,300.000,0.951,0.917,2,-0.108,0.753,2,2.500,2.655,1,2,1,2
26,-7,13.250,-3.250,2,3,4.301,0.122,4,6,10,1700.000,1200.000,0.167,0.921,2,1.574,-1.099,3,2.392,3.246,2,1,2,1
26,-6,13.250,-2.750,2,0,8.795,-1.236,2,5,7,2600.000,1500.000,-0.150,-0.118,2,0.000,0.000,0,2.500,0.000,1,0,1,0
26,-5,13.250,-2.250,2,2,9.671,-2.327,4,4,7,600.000,1600.000,-0.047,0.620,2,1.835,0.032,2,2.000,2.655,0,2,0,2
26,-4,13.250,-1.750,3,3,5.958,-0.519,6,5,10,1000.000,2600.000,2.795,1.071,3,-1.748,0.053,3,3.861,4.208,2,3,2,3
26,-3,13.250,-1.250,4,5,3.072,-0.366,9,5,13,6400.000,1400.000,-1.480,0.476,4,-0.582,2.161,5,4.488,6.510,1,4,1,4
26,-2,13.250,-0.750,4,5,6.137,-1.106,9,6,14,2800.000,800.000,-0.501,-0.349,4,0.724,-0.085,5,4.773,5.853,2,2,2,2
26,-1,13.250,-0.250,4,5,8.469,-0.710,8,6,14,3000.000,1800.000,-0.643,-0.016,4,2.442,-0.276,5,4.764,7.000,2,4,2,4
26,0,13.250,0.250,8,8,7.162,0.008,15,6,21,3900.000,3600.000,-0.639,-0.520,8,1.745,-0.236,8,10.320,8.950,7,2,5,2
26,1,13.250,0.750,12,8,2.190,0.000,13,6,17,8600.000,6700.000,-3.530,-4.695,12,-1.304,-0.975,8,14.767,11.500,8,7,7,7
26,2,13.250,1.250,10,5,6.807,0.015,10,6,15,8100.000,6100.000,-3.251,-3.233,10,2.393,0.622,5,12.500,6.025,5,3,5,3
26,3,13.250,1.750,8,4,8.246,-0.015,12,6,18,15100.000,8100.000,-0.662,-3.223,8,-1.308,-3.312,4,9.274,4.590,4,2,3,2
26,4,13.250,2.250,10,13,13.613,0.000,20,6,22,16200.000,6800.000,2.055,-4.074,10,-1.035,-1.827,13,12.500,13.324,7,6,6,4
26,5,13.250,2.750,10,3,12.822,0.114,13,6,18,6700.000,6000.000,0.318,-5.653,10,0.017,-1.012,3,12.951,3.320,7,1,7,1
26,6,13.250,3.250,4,8,5.279,0.008,9,6,15,6400.000,7300.000,0.321,-0.291,4,1.213,0.206,8,4.115,8.568,2,3,1,2
26,7,13.250,3.750,3,1,5.219,1.907,3,6,9,2100.000,1700.000,-0.061,2.994,3,-0.033,-0.999,1,3.000,1.500,0,1,0,1
26,8,13.250,4.250,1,4,1.460,0.000,5,4,8,2200.000,400.000,-0.983,-0.183,1,-0.763,3.141,4,1.000,4.233,0,2,0,1
26,9,13.250,4.750,3,3,4.128,0.015,5,6,11,2800.000,3200.000,-0.099,-0.473,3,-0.353,1.609,3,4.158,4.000,3,2,3,2
26,10,13.250,5.250,1,2,2.377,-0.580,3,5,7,3400.000,1300.000,0.808,0.590,1,-0.742,0.947,2,1.000,2.000,0,0,0,0
26,11,13.250,5.750,3,3,4.022,0.000,6,6,12,1100.000,1100.000,0.054,1.207,3,0.137,1.496,3,2.969,3.409,1,1,0,1
26,12,13.250,6.250,3,1,3.083,-0.015,4,6,10,1800.000,1400.000,0.653,0.582,3,-0.573,-0.819,1,2.686,1.000,1,0,0,0
26,13,13.250,6.750,2,4,0.988,0.000,5,6,11,2000.000,3100.000,-0.276,-0.145,2,-0.670,2.072,4,2.500,5.476,1,3,1,3
26,14,13.250,7.250,4,8,1.158,0.000,9,6,14,2500.000,3300.000,-1.793,-3.408,4,0.467,0.533,8,4.500,9.000,1,2,1,2
26,15,13.250,7.750,3,3,4.392,-1.877,5,6,10,2200.000,2300.000,-0.838,-2.762,3,1.578,1.359,3,3.000,3.000,0,0,0,0
26,16,13.250,8.250,2,1,9.490,-0.412,3,6,8,1400.000,2900.000,0.174,-0.474,2,0.985,0.170,1,2.000,1.000,0,0,0,0
26,17,13.250,8.750,3,2,5.508,-0.397,4,6,10,3400.000,4900.000,0.028,-0.787,3,-1.097,-0.014,2,3.929,2.000,2,0,2,0
26,18,13.250,9.250,2,2,6.045,-0.214,4,6,10,6100.000,5900.000,-0.077,-1.990,2,-0.857,-1.807,2,2.000,2.468,0,1,0,1
26,19,13.250,9.750,3,5,5.219,0.290,8,6,13,5100.000,2400.000,1.063,0.020,3,0.669,-4.448,5,3.385,5.285,1,1,1,1
26,20,13.250,10.250,2,5,5.459,-1.762,6,6,12,3500.000,1100.000,-0.807,-1.773,2,2.421,-2.992,5,2.400,5.450,1,1,1,1
26,21,13.250,10.750,1,1,6.542,-0.534,1,3,4,500.000,0.000,0.351,-0.936,1,0.351,-0.936,1,1.500,1.353,1,1,1,1
26,22,13.250,11.250,0,3,0.000,0.000,3,0,3,0.000,0.000,0.000,0.000,0,1.079,-2.353,3,0.000,3.037,0,1,0,0
26,26,13.250,13.250,0,1,0.000,0.000,1,0,1,0.000,0.000,0.000,0.000,0,0.867,0.498,1,0.000,1.500,0,1,0,1
26,27,13.250,13.750,0,0,0.000,0.000,0,1,1,200.000,0.000,0.000,0.000,0,0.000,0.000,0,0.000,0.000,0,0,0,0
26,34,13.250,17.250,0,0,0.000,0.000,0,2,2,500.000,0.000,0.000,0.000,0,0.000,0.000,0,0.000,0.000,0,0,0,0
26,35,13.250,17.750,0,0,0.000,0.000,0,2,2,600.000,0.000,0.000,0.000,0,0.000,0.000,0,0.000,0.000,0,0,0,0
26,36,13.250,18.250,0,0,0.000,0.000,0,2,2,600.000,200.000,0.000,0.000,0,0.000,0.000,0,0.000,0.000,0,0,0,0
26,37,13.250,18.750,0,0,0.000,0.000,0,2,2,300.000,100.000,0.000,0.000,0,0.000,0.000,0,0.000,0.000,0,0,0,0
26,38,13.250,19.250,0,0,0.000,0.000,0,1,1,200.000,300.000,0.000,0.000,0,0.000,0.000,0,0.000,0.000,0,0,0,0
27,-33,13.750,-16.250,6,6,3.429,-0.336,9,6,15,1800.000,5900.000,1.949,0.522,6,-0.669,2.150,6,8.348,7.944,6,4,5,4
27,-32,13.750,-15.750,3,6,5.398,-0.275,7,6,12,7100.000,12900.000,0.998,0.222,3,3.006,1.528,6,4.491,6.885,3,4,3,3
27,-31,13.750,-15.250,2,2,2.990,-0.221,4,6,10,2200.000,5600.000,1.563,-0.386,2,1.984,-0.228,2,1.774,2.500,1,1,0,1
27,-29,13.750,-14.250,2,2,1.862,1.526,2,6,8,4400.000,1900.000,0.106,1.506,2,-0.612,1.787,2,2.920,3.000,2,2,2,2
27,-28,13.750,-13.750,1,0,0.385,0.000,1,6,7,4300.000,2300.000,0.981,-0.193,1,0.000,0.000,0,1.500,0.000,1,0,1,0
27,-27,13.750,-13.250,1,3,0.109,0.000,2,5,7,1200.000,1400.000,-0.730,0.684,1,-1.280,2.262,3,1.500,3.500,1,1,1,1
27,-26,13.750,-12.750,2,2,1.640,0.000,3,5,7,300.000,1800.000,-1.744,0.894,2,0.818,1.693,2,2.879,3.000,2,2,2,2
27,-25,13.750,-12.250,3,4,0.219,0.000,4,3,7,700.000,3000.000,-0.022,0.689,3,-0.556,1.570,4,3.881,5.062,3,4,2,3
27,-24,13.750,-11.750,2,1,7.018,0.229,3,2,5,400.000,900.000,0.543,1.025,2,-0.062,0.998,1,1.574,1.500,1,1,0,1
27,-23,13.750,-11.250,1,1,11.134,-0.839,2,4,6,2200.000,300.000,0.997,0.076,1,0.524,0.852,1,1.500,1.456,1,1,1,1
27,-22,13.750,-10.750,1,0,0.487,0.229,1,3,4,0.000,500.000,-0.824,-0.567,1,0.000,0.000,0,1.000,0.000,0,0,0,0
27,-21,13.750,-10.250,3,2,3.777,0.000,4,6,10,1600.000,1300.000,-0.335,0.459,3,-1.372,1.454,2,3.000,2.261,0,1,0,1
27,-20,13.750,-9.750,0,2,0.000,0.000,2,6,8,2200.000,2400.000,0.000,0.000,0,1.525,0.556,2,0.000,2.500,0,1,0,1
27,-19,13.750,-9.250,7,5,9.217,0.000,11,6,17,3300.000,5200.000,1.967,1.148,7,-0.303,1.878,5,8.043,5.903,5,2,4,2
27,-18,13.750,-8.750,0,3,0.000,0.000,3,6,9,2200.000,2200.000,0.000,0.000,0,-1.022,0.539,3,0.000,3.226,0,1,0,1
27,-17,13.750,-8.250,2,2,3.049,-0.465,3,6,9,1400.000,800.000,0.027,0.478,2,0.027,-0.109,2,2.261,2.246,1,1,1,1
27,-16,13.750,-7.750,3,2,9.531,0.015,5,5,9,1700.000,600.000,0.384,2.240,3,0.183,1.748,2,3.240,2.000,1,0,1,0
27,-15,13.750,-7.250,0,1,0.000,0.000,1,5,6,900.000,600.000,0.000,0.000,0,0.183,-0.983,1,0.000,1.500,0,1,0,1
27,-14,13.750,-6.750,1,1,9.242,-0.122,2,2,4,400.000,300.000,-0.057,0.998,1,0.470,0.883,1,0.574,1.400,1,1,0,1
27,-13,13.750,-6.250,2,1,12.125,1.526,3,3,6,400.000,500.000,1.254,1.496,2,-0.462,-0.887,1,2.500,1.500,1,1,1,1
27,-12,13.750,-5.750,1,1,7.680,0.015,2,3,5,500.000,700.000,0.911,-0.412,1,-0.576,0.817,1,1.000,0.500,0,1,0,0
27,-11,13.750,-5.250,0,0,0.000,0.000,0,3,3,400.000,1300.000,0.000,0.000,0,0.000,0.000,0,0.000,0.000,0,0,0,0
27,-10,13.750,-4.750,2,4,11.056,-1.106,6,4,9,2400.000,1800.000,-0.327,1.483,2,-2.177,2.285,4,2.906,4.646,2,2,2,2
27,-9,13.750,-4.250,0,1,0.000,0.000,1,5,6,1300.000,2300.000,0.000,0.000,0,0.901,0.434,1,0.000,1.000,0,0,0,0
27,-8,13.750,-3.750,0,2,0.000,0.000,2,5,7,1500.000,600.000,0.000,0.000,0,1.478,-0.191,2,0.000,2.500,0,1,0,1
27,-7,13.750,-3.250,1,0,3.938,-0.778,1,5,6,900.000,600.000,-0.996,-0.094,1,0.000,0.000,0,1.000,0.000,0,0,0,0
27,-6,13.750,-2.750,3,4,4.583,0.015,7,5,12,1100.000,1600.000,-1.267,0.024,3,1.646,1.064,4,3.500,4.385,1,1,1,1
27,-5,13.750,-2.250,1,0,12.265,-4.395,1,6,7,1800.000,1700.000,0.726,-0.688,1,0.000,0.000,0,1.000,0.000,0,0,0,0
27,-4,13.750,-1.750,3,3,10.418,-1.373,6,6,12,1400.000,2400.000,2.481,-0.800,3,1.181,0.900,3,4.491,3.299,3,1,3,1
27,-3,13.750,-1.250,5,2,10.518,0.000,6,6,11,2100.000,1800.000,0.667,1.569,5,0.101,0.904,2,5.420,2.488,1,1,1,1
27,-2,13.750,-0.750,3,8,5.444,0.671,9,5,13,3200.000,2900.000,2.069,-1.563,3,1.936,0.482,8,3.422,8.512,2,3,1,2
27,-1,13.750,-0.250,3,2,8.633,0.961,5,6,11,5700.000,1300.000,2.951,-0.504,3,1.950,-0.063,2,2.500,2.355,1,1,0,1
27,0,13.750,0.250,6,1,8.148,0.381,7,6,13,3700.000,2300.000,4.646,-1.784,6,0.950,0.312,1,7.816,1.000,5,0,5,0
27,1,13.750,0.750,9,5,6.195,0.015,12,6,17,6900.000,9400.000,-0.372,1.367,9,-0.005,-0.879,5,10.913,6.125,5,3,5,3
27,2,13.750,1.250,8,7,5.795,0.053,14,6,19,8400.000,4700.000,-2.915,-1.866,8,-2.575,-1.225,7,8.586,8.149,5,3,3,3
27,3,13.750,1.750,7,11,4.360,0.000,13,6,18,6600.000,6300.000,-1.743,1.135,7,-1.944,-4.470,11,7.653,13.737,3,6,2,6
27,4,13.750,2.250,8,9,8.334,0.000,13,6,19,10600.000,5100.000,-1.494,-0.343,8,-1.026,2.686,9,10.693,10.519,6,4,6,4
27,5,13.750,2.750,6,5,3.825,0.061,9,6,15,7300.000,3100.000,-0.951,-0.800,6,1.002,2.064,5,7.546,6.199,4,3,4,3
27,6,13.750,3.250,3,5,2.775,0.000,8,6,14,6000.000,4600.000,-0.704,0.409,3,0.250,0.946,5,3.000,5.965,0,2,0,2
27,7,13.750,3.750,6,1,4.682,0.000,7,6,13,8400.000,3300.000,-1.860,2.178,6,-0.154,0.988,1,6.872,1.500,3,1,3,1
27,8,13.750,4.250,4,2,2.216,-0.015,6,6,12,6300.000,3600.000,0.697,-0.421,4,-0.884,-0.755,2,4.690,2.000,2,0,2,0
27,9,13.750,4.750,4,5,6.003,-0.015,9,6,14,4200.000,3000.000,-2.289,2.209,4,-3.790,1.577,5,5.000,6.190,2,3,2,3
27,10,13.750,5.250,3,5,4.847,0.305,7,6,13,3900.000,1100.000,-1.016,0.006,3,-0.087,-0.802,5,3.000,5.500,0,1,0,1
27,11,13.750,5.750,2,4,4.142,0.038,6,6,12,3200.000,1600.000,0.854,1.716,2,-0.458,0.699,4,2.000,4.226,0,1,0,1
27,12,13.750,6.250,5,3,5.467,-0.031,8,6,13,1700.000,1500.000,-0.017,-0.959,5,-0.499,-0.245,3,5.264,3.500,1,1,1,1
27,13,13.750,6.750,2,2,3.143,-0.877,4,6,10,3000.000,2100.000,-1.149,1.610,2,-0.593,0.285,2,2.000,2.450,0,1,0,1
27,14,13.750,7.250,5,6,4.588,-0.046,9,6,13,3100.000,3200.000,0.872,0.765,5,1.845,1.221,6,4.925,6.500,1,1,0,1
27,15,13.750,7.750,7,6,2.204,0.000,10,6,14,3000.000,3000.000,2.238,-0.232,7,-0.607,0.811,6,7.606,7.000,3,2,2,2
27,16,13.750,8.250,3,3,5.112,0.092,6,6,12,1700.000,3400.000,-0.032,-1.819,3,0.879,-1.855,3,3.500,3.146,1,1,1,1
27,17,13.750,8.750,5,5,3.605,0.046,9,6,14,3400.000,4600.000,-0.617,-2.632,5,1.563,-2.390,5,6.000,5.000,2,0,2,0
27,18,13.750,9.250,6,3,3.022,0.084,5,6,10,8200.000,7100.000,0.157,-1.187,6,-0.065,-0.764,3,6.000,3.000,0,0,0,0
27,19,13.750,9.750,4,5,4.502,0.565,9,6,15,4800.000,2400.000,-0.166,-3.127,4,-1.683,-4.505,5,4.000,5.829,0,2,0,2
27,20,13.750,10.250,5,2,5.711,0.046,7,6,12,2800.000,3000.000,1.965,-4.095,5,-0.278,-1.980,2,6.794,2.000,4,0,4,0
27,21,13.750,10.750,0,1,0.000,0.000,1,4,4,1000.000,0.000,0.000,0.000,0,0.912,-0.410,1,0.000,1.000,0,0,0,0
27,22,13.750,11.250,0,1,0.000,0.000,1,0,1,0.000,0.000,0.000,0.000,0,0.973,-0.231,1,0.000,1.000,0,0,0,0
27,26,13.750,13.250,0,0,0.000,0.000,0,3,3,700.000,2300.000,0.000,0.000,0,0.000,0.000,0,0.000,0.000,0,0,0,0
27,27,13.750,13.750,1,0,3.167,0.000,1,2,3,700.000,100.000,0.749,0.662,1,0.000,0.000,0,1.235,0.000,1,0,1,0
27,33,13.750,16.750,0,0,0.000,0.000,0,2,2,700.000,0.000,0.000,0.000,0,0.000,0.000,0,0.000,0.000,0,0,0,0
27,34,13.750,17.250,0,0,0.000,0.000,0,2,2,500.000,100.000,0.000,0.000,0,0.000,0.000,0,0.000,0.000,0,0,0,0
27,35,13.750,17.750,0,0,0.000,0.000,0,2,2,500.000,200.000,0.000,0.000,0,0.000,0.000,0,0.000,0.000,0,0,0,0
27,36,13.750,18.250,0,0,0.000,0.000,0,2,2,400.000,100.000,0.000,0.000,0,0.000,0.000,0,0.000,0.000,0,0,0,0
27,37,13.750,18.750,0,0,0.000,0.000,0,1,1,100.000,200.000,0.000,0.000,0,0.000,0.000,0,0.000,0.000,0,0,0,0
28,-33,14.250,-16.250,3,0,3.304,0.397,3,6,9,3200.000,7400.000,0.897,0.525,3,0.000,0.000,0,4.000,0.000,2,0,2,0
28,-32,14.250,-15.750,3,2,2.434,0.488,5,6,11,5500.000,9900.000,-0.646,-0.563,3,1.987,-0.138,2,4.500,2.000,3,0,3,0
28,-31,14.250,-15.250,2,2,4.981,-0.092,4,6,10,2600.000,6300.000,1.901,-0.415,2,-1.983,-0.165,2,2.000,2.820,0,2,0,2
28,-29,14.250,-14.250,1,4,0.673,0.412,3,6,9,3100.000,1600.000,-0.479,0.878,1,1.008,3.111,4,1.491,5.826,1,4,1,4
28,-28,14.250,-13.750,2,3,1.331,0.275,3,6,9,4000.000,2300.000,1.411,-1.096,2,-1.272,-1.580,3,2.441,4.491,1,3,1,3
28,-27,14.250,-13.250,1,1,3.083,0.000,2,5,6,1200.000,700.000,-0.578,0.816,1,-0.089,0.996,1,1.000,1.500,0,1,0,1
28,-26,14.250,-12.750,0,1,0.000,0.000,1,3,4,600.000,700.000,0.000,0.000,0,-0.124,0.992,1,0.000,1.000,0,0,0,0
28,-25,14.250,-12.250,4,1,8.562,0.000,5,4,8,700.000,1000.000,-1.062,0.994,4,0.770,0.638,1,4.802,1.000,2,0,2,0
28,-24,14.250,-11.750,3,1,17.005,-1.556,3,3,6,200.000,600.000,-0.523,1.460,3,-0.599,0.801,1,3.906,1.285,2,1,2,1
28,-23,14.250,-11.250,1,4,4.618,0.000,5,5,10,500.000,800.000,0.999,0.046,1,1.634,1.906,4,1.000,4.500,0,1,0,1
28,-22,14.250,-10.750,1,2,0.400,0.244,3,4,7,1000.000,1300.000,0.414,-0.910,1,-1.271,-0.252,2,1.000,3.000,0,2,0,2
28,-21,14.250,-10.250,1,1,4.423,2.136,2,6,8,1200.000,1500.000,0.709,0.705,1,0.236,0.972,1,1.000,1.000,0,0,0,0
28,-20,14.250,-9.750,1,2,0.342,0.137,2,6,8,2200.000,600.000,0.283,0.959,1,-1.054,0.621,2,1.000,2.178,0,1,0,1
28,-19,14.250,-9.250,1,2,0.929,0.000,3,5,8,2200.000,1300.000,-0.156,-0.988,1,-1.399,1.238,2,1.000,2.500,0,1,0,1
28,-18,14.250,-8.750,2,4,7.325,0.580,5,6,11,1800.000,600.000,0.656,0.015,2,-2.596,0.690,4,2.000,5.226,0,3,0,3
28,-17,14.250,-8.250,2,3,0.448,-0.008,3,4,7,900.000,300.000,-1.412,1.371,2,-1.271,-1.380,3,1.500,3.000,1,2,0,1
28,-16,14.250,-7.750,0,1,0.000,0.000,1,5,6,800.000,600.000,0.000,0.000,0,-0.601,0.800,1,0.000,1.000,0,0,0,0
28,-15,14.250,-7.250,1,3,5.713,0.015,4,2,6,300.000,300.000,0.982,0.188,1,-0.464,-0.973,3,1.000,2.500,0,1,0,0
28,-14,14.250,-6.750,1,2,8.601,0.015,3,4,7,400.000,1100.000,0.928,-0.374,1,-1.156,1.017,2,0.500,2.500,1,1,0,1
28,-13,14.250,-6.250,1,1,3.862,-0.458,2,2,4,0.000,700.000,0.479,0.878,1,-0.201,0.980,1,1.000,1.441,0,1,0,1
28,-12,14.250,-5.750,1,0,13.869,0.015,1,4,5,700.000,300.000,0.713,0.701,1,0.000,0.000,0,1.000,0.000,0,0,0,0
28,-11,14.250,-5.250,0,3,0.000,0.000,3,2,5,400.000,500.000,0.000,0.000,0,1.681,1.621,3,0.000,3.081,0,3,0,1
28,-10,14.250,-4.750,2,2,3.112,-0.023,4,4,8,1400.000,1700.000,0.663,0.030,2,0.389,0.526,2,2.040,2.500,1,1,0,1
28,-9,14.250,-4.250,1,4,0.406,0.259,3,5,8,2200.000,2200.000,0.098,-0.995,1,1.621,2.579,4,1.420,5.420,1,3,1,3
28,-8,14.250,-3.750,0,4,0.000,0.000,4,6,10,1200.000,1900.000,0.000,0.000,0,0.399,3.254,4,0.000,5.010,0,3,0,3
28,-7,14.250,-3.250,1,3,5.397,-2.213,4,6,10,1200.000,1300.000,0.857,-0.515,1,-1.145,2.116,3,1.000,3.829,0,2,0,2
28,-6,14.250,-2.750,2,2,0.189,0.000,1,5,6,1200.000,1300.000,-0.938,1.476,2,-0.938,1.476,2,2.000,2.000,0,0,0,0
28,-5,14.250,-2.250,1,3,12.185,-2.243,4,5,9,2200.000,2200.000,0.897,0.443,1,-0.395,0.925,3,1.000,3.500,0,1,0,1
28,-4,14.250,-1.750,2,2,0.293,0.084,4,4,8,1400.000,600.000,-0.076,-0.866,2,-1.607,0.175,2,2.000,2.681,0,2,0,2
28,-3,14.250,-1.250,1,5,7.333,-1.511,6,5,11,900.000,1300.000,0.863,-0.506,1,2.120,-0.461,5,1.500,6.176,1,3,1,3
28,-2,14.250,-0.750,4,1,6.224,1.541,5,6,11,1800.000,2500.000,2.285,-2.179,4,-0.892,0.452,1,4.938,1.178,2,1,2,1
28,-1,14.250,-0.250,1,3,3.175,0.031,4,6,10,1200.000,1100.000,-0.389,0.921,1,2.644,1.043,3,1.000,3.500,0,1,0,1
28,0,14.250,0.250,3,5,8.316,0.076,8,6,14,3900.000,2000.000,0.968,0.174,3,0.042,1.322,5,3.131,6.500,3,3,2,3
28,1,14.250,0.750,4,3,3.341,0.923,6,5,10,5000.000,2000.000,2.236,-0.369,4,-0.272,0.953,3,5.013,3.500,3,1,3,1
28,3,14.250,1.750,0,4,0.000,0.000,4,6,9,5300.000,12800.000,0.000,0.000,0,-2.561,0.862,4,0.000,5.000,0,2,0,2
28,4,14.250,2.250,1,2,9.122,0.015,3,6,9,6600.000,3900.000,-0.411,-0.912,1,-0.487,1.940,2,1.261,2.714,1,2,1,2
28,5,14.250,2.750,3,3,2.240,-0.122,5,6,11,8000.000,1900.000,-1.339,1.383,3,-1.194,0.172,3,4.000,3.471,2,3,2,2
28,6,14.250,3.250,4,3,3.645,-0.008,6,6,12,3600.000,2100.000,-2.178,-0.842,4,-0.961,0.947,3,4.500,3.500,1,1,1,1
28,7,14.250,3.750,3,2,5.128,0.000,4,6,10,3100.000,1600.000,-1.071,-0.982,3,-0.342,-0.026,2,3.720,2.820,2,2,2,2
28,8,14.250,4.250,4,4,6.251,-0.008,7,6,12,4400.000,2400.000,0.339,1.146,4,-0.515,0.008,4,4.181,4.500,1,1,1,1
28,9,14.250,4.750,4,6,3.202,0.137,10,6,14,5800.000,4300.000,0.330,1.856,4,-2.157,-2.124,6,4.500,7.265,1,4,1,3
28,10,14.250,5.250,4,6,4.674,-0.015,10,6,15,3200.000,2600.000,0.218,1.727,4,-0.689,0.986,6,4.829,8.090,2,5,2,5
28,11,14.250,5.750,1,1,3.187,-1.007,2,6,8,2900.000,2100.000,-0.742,-0.671,1,-1.000,-0.030,1,1.500,1.000,1,0,1,0
28,12,14.250,6.250,4,5,2.129,-0.244,5,5,10,3900.000,1600.000,0.101,2.451,4,-0.074,-0.601,5,4.000,5.000,0,0,0,0
28,13,14.250,6.750,2,4,2.424,0.000,6,6,12,3800.000,1600.000,-0.038,0.023,2,-2.136,-0.616,4,2.000,4.000,0,0,0,0
28,14,14.250,7.250,5,4,2.691,0.000,9,6,15,2900.000,2200.000,-0.210,2.207,5,0.026,-2.213,4,5.453,4.500,1,1,1,1
28,15,14.250,7.750,4,7,2.028,-0.130,7,6,13,2300.000,2000.000,0.689,2.788,4,1.884,0.556,7,4.000,7.068,0,4,0,2
28,16,14.250,8.250,9,5,3.048,-0.015,10,6,15,2000.000,3100.000,1.129,-2.992,9,2.077,0.655,5,9.779,5.361,2,1,2,1
28,17,14.250,8.750,5,6,1.868,-0.046,8,6,14,3300.000,5400.000,0.392,-1.910,5,1.968,-2.313,6,5.500,6.500,1,1,1,1
28,18,14.250,9.250,0,5,0.000,0.000,5,6,11,6200.000,5100.000,0.000,0.000,0,0.650,-1.381,5,0.000,5.500,0,1,0,1
28,19,14.250,9.750,11,4,4.623,-0.732,12,6,17,4900.000,3200.000,-3.003,-6.084,11,0.700,-1.071,4,11.146,4.000,1,0,1,0
28,20,14.250,10.250,3,6,3.069,0.000,8,6,14,2000.000,1200.000,0.086,-1.533,3,2.424,-1.623,6,3.950,7.232,2,3,2,3
28,21,14.250,10.750,2,3,3.966,-0.710,5,5,10,1000.000,800.000,-1.052,-1.699,2,-0.508,-2.795,3,2.500,3.000,1,0,1,0
28,22,14.250,11.250,1,0,0.280,-0.229,1,0,1,0.000,0.000,0.965,-0.264,1,0.000,0.000,0,1.000,0.000,0,0,0,0
28,26,14.250,13.250,1,0,1.502,-1.328,1,3,4,1200.000,500.000,0.905,0.426,1,0.000,0.000,0,1.500,0.000,1,0,1,0
28,27,14.250,13.750,1,0,1.331,-0.015,1,3,4,1300.000,400.000,-0.826,-0.564,1,0.000,0.000,0,1.500,0.000,1,0,1,0
28,28,14.250,14.250,0,0,0.000,0.000,0,3,3,400.000,400.000,0.000,0.000,0,0.000,0.000,0,0.000,0.000,0,0,0,0
28,29,14.250,14.750,0,1,0.000,0.000,1,1,2,0.000,100.000,0.000,0.000,0,0.995,0.098,1,0.000,0.733,0,1,0,0
28,30,14.250,15.250,2,0,3.853,1.030,2,1,2,0.000,300.000,-1.345,0.475,2,0.000,0.000,0,2.000,0.000,0,0,0,0
28,31,14.250,15.750,0,0,0.000,0.000,0,1,1,500.000,0.000,0.000,0.000,0,0.000,0.000,0,0.000,0.000,0,0,0,0
28,32,14.250,16.250,0,1,0.000,0.000,1,2,2,1600.000,0.000,0.000,0.000,0,-0.167,-0.986,1,0.000,1.000,0,0,0,0
28,33,14.250,16.750,0,0,0.000,0.000,0,2,2,400.000,200.000,0.000,0.000,0,0.000,0.000,0,0.000,0.000,0,0,0,0
28,34,14.250,17.250,0,0,0.000,0.000,0,2,2,400.000,100.000,0.000,0.000,0,0.000,0.000,0,0.000,0.000,0,0,0,0
28,35,14.250,17.750,0,0,0.000,0.000,0,2,2,400.000,200.000,0.000,0.000,0,0.000,0.000,0,0.000,0.000,0,0,0,0
28,36,14.250,18.250,0,0,0.000,0.000,0,1,1,100.000,100.000,0.000,0.000,0,0.000,0.000,0,0.000,0.000,0,0,0,0
29,-33,14.750,-16.250,4,3,6.035,1.022,7,6,12,3100.000,10300.000,-0.013,1.132,4,0.756,1.085,3,4.764,3.279,2,1,2,1
29,-32,14.750,-15.750,3,5,3.930,0.031,7,6,13,5700.000,8900.000,0.993,0.086,3,-0.950,-0.131,5,3.217,6.000,1,2,1,2
29,-31,14.750,-15.250,2,4,5.912,1.282,4,6,10,2300.000,5900.000,-0.011,-0.103,2,-2.151,0.450,4,2.991,5.199,2,3,2,3
29,-29,14.750,-14.250,0,0,0.000,0.000,0,6,6,2900.000,1700.000,0.000,0.000,0,0.000,0.000,0,0.000,0.000,0,0,0,0
29,-28,14.750,-13.750,0,1,0.000,0.000,1,6,7,5200.000,2100.000,0.000,0.000,0,-0.204,0.979,1,0.000,1.000,0,0,0,0
29,-27,14.750,-13.250,1,2,0.364,0.092,3,5,8,900.000,1200.000,-0.156,-0.988,1,-1.482,0.453,2,1.000,2.950,0,2,0,2
29,-26,14.750,-12.750,3,1,2.785,0.320,3,2,5,300.000,400.000,2.025,1.974,3,0.618,0.786,1,3.628,1.000,2,0,2,0
29,-25,14.750,-12.250,2,2,2.303,0.000,2,4,6,500.000,1000.000,1.997,0.085,2,-0.275,-0.211,2,2.500,2.500,1,1,1,1
29,-24,14.750,-11.750,1,0,14.159,5.051,1,4,5,600.000,900.000,0.308,0.951,1,0.000,0.000,0,1.000,0.000,0,0,0,0
29,-23,14.750,-11.250,0,2,0.000,0.000,2,5,6,700.000,1300.000,0.000,0.000,0,1.255,1.037,2,0.000,2.000,0,0,0,0
29,-22,14.750,-10.750,0,0,0.000,0.000,0,5,5,1200.000,1500.000,0.000,0.000,0,0.000,0.000,0,0.000,0.000,0,0,0,0
29,-21,14.750,-10.250,1,2,0.488,0.000,3,5,8,1600.000,1100.000,0.998,0.067,1,-0.260,-0.649,2,0.500,2.847,1,2,0,2
29,-20,14.750,-9.750,2,2,8.793,-0.023,3,6,9,3000.000,300.000,1.414,0.978,2,0.790,-1.798,2,2.500,2.441,1,1,1,1
29,-19,14.750,-9.250,1,2,4.419,0.290,3,5,7,1800.000,700.000,-0.231,-0.973,1,0.280,1.869,2,1.000,2.000,0,0,0,0
29,-18,14.750,-8.750,3,2,2.254,0.000,4,5,9,1000.000,800.000,1.488,-2.113,3,1.826,-0.691,2,2.500,2.000,1,0,0,0
29,-17,14.750,-8.250,2,4,11.449,0.854,6,5,11,1500.000,100.000,-0.158,1.757,2,2.449,-1.218,4,2.500,4.500,1,1,1,1
29,-16,14.750,-7.750,0,0,0.000,0.000,0,4,4,400.000,500.000,0.000,0.000,0,0.000,0.000,0,0.000,0.000,0,0,0,0
29,-15,14.750,-7.250,0,0,0.000,0.000,0,1,1,0.000,400.000,0.000,0.000,0,0.000,0.000,0,0.000,0.000,0,0,0,0
29,-14,14.750,-6.750,2,1,10.345,2.090,3,4,7,300.000,1300.000,0.289,1.973,2,0.938,-0.347,1,2.000,1.000,0,0,0,0
29,-13,14.750,-6.250,0,0,0.000,0.000,0,4,4,200.000,800.000,0.000,0.000,0,0.000,0.000,0,0.000,0.000,0,0,0,0
29,-12,14.750,-5.750,0,3,0.000,0.000,3,4,7,600.000,400.000,0.000,0.000,0,-0.325,1.248,3,0.000,3.500,0,1,0,1
29,-11,14.750,-5.250,1,3,6.153,0.198,4,5,9,1700.000,1300.000,0.048,0.999,1,-0.034,1.281,3,1.500,3.335,1,1,1,1
29,-10,14.750,-4.750,4,3,6.717,0.076,6,6,10,2600.000,3000.000,-0.663,1.060,4,-0.094,1.653,3,4.895,3.000,3,0,2,0
29,-9,14.750,-4.250,3,3,7.850,0.015,5,6,10,3600.000,4100.000,-0.410,1.240,3,-0.153,1.330,3,3.758,3.383,2,2,2,1
29,-8,14.750,-3.750,3,3,5.503,-0.031,6,5,11,1000.000,2900.000,0.746,0.872,3,0.771,2.044,3,4.000,3.500,2,1,2,1
29,-7,14.750,-3.250,0,1,0.000,0.000,1,5,6,900.000,1600.000,0.000,0.000,0,0.372,0.928,1,0.000,1.000,0,0,0,0
29,-6,14.750,-2.750,0,1,0.000,0.000,1,5,6,400.000,800.000,0.000,0.000,0,0.247,0.969,1,0.000,1.226,0,1,0,1
29,-5,14.750,-2.250,1,1,9.540,-1.465,2,3,5,500.000,200.000,-0.984,0.179,1,-0.837,0.547,1,1.353,1.000,1,0,1,0
29,-4,14.750,-1.750,0,3,0.000,0.000,3,4,7,1000.000,400.000,0.000,0.000,0,0.012,0.862,3,0.000,3.000,0,0,0,0
29,-3,14.750,-1.250,3,2,9.313,-0.214,5,5,10,1000.000,800.000,0.970,-0.035,3,-1.439,1.389,2,4.000,2.500,2,1,2,1
29,-2,14.750,-0.750,2,2,5.103,-1.106,4,6,9,2900.000,1700.000,-0.776,-1.121,2,-1.915,-0.297,2,2.500,2.429,1,1,1,1
29,-1,14.750,-0.250,2,1,2.178,1.114,2,6,8,1900.000,2100.000,0.540,-1.710,2,-0.759,0.651,1,2.500,1.500,1,1,1,1
29,0,14.750,0.250,3,2,5.594,0.031,5,6,11,3700.000,3900.000,0.891,-2.313,3,-0.377,-0.222,2,4.093,2.500,3,1,3,1
29,1,14.750,0.750,3,4,2.856,0.000,6,4,9,6100.000,5700.000,0.673,-2.543,3,-2.148,-2.754,4,3.941,3.866,2,3,2,1
29,9,14.750,4.750,2,4,8.117,1.060,5,5,10,3800.000,3400.000,0.643,1.892,2,1.308,3.776,4,3.000,5.226,2,3,2,3
29,10,14.750,5.250,2,2,7.874,-0.458,4,6,10,2900.000,1200.000,-0.192,0.521,2,-1.000,0.878,2,2.403,2.469,1,2,1,1
29,11,14.750,5.750,3,5,2.482,0.000,7,6,13,2500.000,1800.000,-1.611,-2.444,3,-1.977,2.676,5,3.740,5.361,2,1,2,1
29,12,14.750,6.250,2,5,2.802,-0.008,6,6,12,2700.000,2100.000,-0.250,0.164,2,-2.765,2.014,5,2.500,6.314,1,3,1,3
29,13,14.750,6.750,2,5,9.446,-0.526,7,6,13,3200.000,4400.000,0.194,-0.005,2,0.010,0.444,5,2.000,5.447,0,1,0,1
29,14,14.750,7.250,3,3,0.487,0.000,5,6,11,4800.000,7500.000,-0.939,-0.540,3,-1.013,-0.102,3,3.500,3.000,1,0,1,0
29,15,14.750,7.750,1,8,3.276,-0.015,9,6,15,4600.000,2600.000,0.990,0.139,1,4.576,1.490,8,1.000,7.777,0,1,0,0
29,16,14.750,8.250,4,3,4.701,0.000,5,6,11,2900.000,3200.000,1.042,-1.154,4,0.097,-1.623,3,4.000,3.000,0,0,0,0
29,17,14.750,8.750,5,5,6.916,-0.046,10,6,16,4000.000,3900.000,0.547,-1.664,5,-1.455,-3.059,5,5.493,5.000,2,0,2,0
29,18,14.750,9.250,7,6,6.237,-0.107,10,6,16,4500.000,4200.000,4.846,-2.458,7,3.799,0.605,6,8.531,6.829,4,2,4,2
29,19,14.750,9.750,9,1,5.120,-0.427,9,6,14,5500.000,3900.000,1.264,-6.532,9,0.692,-0.722,1,9.969,1.000,3,0,2,0
29,20,14.750,10.250,2,2,8.878,-1.343,4,6,10,2700.000,900.000,0.718,-1.466,2,0.518,-1.433,2,2.370,3.000,1,2,1,2
29,21,14.750,10.750,1,1,5.107,-0.198,2,5,7,1200.000,0.000,0.206,-0.979,1,-0.395,-0.919,1,0.816,1.000,1,0,0,0
29,22,14.750,11.250,1,2,0.214,0.107,2,0,2,0.000,0.000,-0.947,-0.322,1,-1.099,-1.500,2,1.500,2.500,1,1,1,1
29,25,14.750,12.750,0,0,0.000,0.000,0,1,1,21700.000,0.000,0.000,0.000,0,0.000,0.000,0,0.000,0.000,0,0,0,0
29,26,14.750,13.250,0,1,0.000,0.000,1,4,5,3000.000,900.000,0.000,0.000,0,-0.992,-0.123,1,0.000,1.500,0,1,0,1
29,27,14.750,13.750,0,0,0.000,0.000,0,5,5,1200.000,400.000,0.000,0.000,0,0.000,0.000,0,0.000,0.000,0,0,0,0
29,28,14.750,14.250,0,0,0.000,0.000,0,5,5,2800.000,700.000,0.000,0.000,0,0.000,0.000,0,0.000,0.000,0,0,0,0
29,29,14.750,14.750,0,1,0.000,0.000,1,3,4,500.000,900.000,0.000,0.000,0,0.949,-0.316,1,0.000,0.733,0,1,0,0
29,30,14.750,15.250,0,1,0.000,0.000,1,3,4,700.000,100.000,0.000,0.000,0,0.615,-0.789,1,0.000,1.000,0,0,0,0
29,31,14.750,15.750,1,0,6.872,-1.556,1,2,3,500.000,0.000,0.977,0.215,1,0.000,0.000,0,1.500,0.000,1,0,1,0
29,32,14.750,16.250,1,1,0.272,-0.122,1,2,3,700.000,300.000,-0.920,0.392,1,0.347,0.938,1,1.000,1.000,0,0,0,0
29,33,14.750,16.750,0,1,0.000,0.000,1,2,3,600.000,0.000,0.000,0.000,0,0.994,-0.113,1,0.000,1.000,0,0,0,0
29,34,14.750,17.250,0,0,0.000,0.000,0,2,2,400.000,200.000,0.000,0.000,0,0.000,0.000,0,0.000,0.000,0,0,0,0
29,35,14.750,17.750,0,0,0.000,0.000,0,1,1,0.000,100.000,0.000,0.000,0,0.000,0.000,0,0.000,0.000,0,0,0,0
29,36,14.750,18.250,0,1,0.000,0.000,1,0,1,0.000,0.000,0.000,0.000,0,0.479,-0.878,1,0.000,1.000,0,0,0,0
30,-33,15.250,-16.250,6,4,4.414,0.351,9,6,15,3200.000,8800.000,-0.105,0.808,6,0.895,1.367,4,7.500,5.205,3,3,3,3
30,-32,15.250,-15.750,2,3,4.226,0.893,4,6,10,5300.000,8600.000,0.001,-0.133,2,-1.040,0.252,3,2.500,3.420,1,1,1,1
30,-31,15.250,-15.250,1,5,10.125,2.197,6,6,12,3000.000,4500.000,-0.988,0.157,1,0.994,-0.653,5,1.497,6.802,1,4,1,4
30,-29,15.250,-14.250,2,0,5.314,1.160,2,6,8,2200.000,1700.000,-1.186,0.959,2,0.000,0.000,0,2.513,0.000,2,0,1,0
30,-28,15.250,-13.750,2,3,2.938,1.427,4,6,10,6600.000,2900.000,-0.615,1.419,2,-1.040,2.496,3,2.274,3.574,2,3,1,2
30,-27,15.250,-13.250,1,1,8.882,0.626,2,6,8,2800.000,2000.000,0.443,0.897,1,-0.090,0.996,1,1.500,1.500,1,1,1,1
30,-26,15.250,-12.750,1,3,0.354,-0.107,2,4,6,500.000,900.000,0.895,0.446,1,-1.592,2.137,3,1.146,4.102,1,3,1,3
30,-25,15.250,-12.250,1,2,0.315,0.000,3,4,7,600.000,1600.000,0.106,-0.994,1,1.373,1.357,2,1.456,3.000,1,2,1,2
30,-24,15.250,-11.750,0,2,0.000,0.000,2,4,6,600.000,1000.000,0.000,0.000,0,-0.426,0.013,2,0.000,2.177,0,2,0,1
30,-23,15.250,-11.250,0,1,0.000,0.000,1,6,7,1200.000,1300.000,0.000,0.000,0,0.381,0.925,1,0.000,1.000,0,0,0,0
30,-22,15.250,-10.750,0,1,0.000,0.000,1,6,7,1300.000,1200.000,0.000,0.000,0,-0.062,0.998,1,0.000,1.000,0,0,0,0
30,-21,15.250,-10.250,2,2,1.867,-0.290,4,4,8,600.000,1400.000,1.237,1.375,2,-0.941,0.813,2,2.500,1.500,1,1,1,0
30,-20,15.250,-9.750,1,3,16.505,0.000,4,6,10,2400.000,1100.000,-0.031,1.000,1,1.326,1.378,3,1.000,3.167,0,1,0,1
30,-19,15.250,-9.250,2,2,3.411,0.496,4,5,9,2100.000,600.000,-0.729,-0.256,2,0.472,-0.706,2,2.000,2.587,0,2,0,2
30,-18,15.250,-8.750,0,4,0.000,0.000,4,4,8,900.000,800.000,0.000,0.000,0,-1.266,1.702,4,0.000,5.291,0,3,0,3
30,-17,15.250,-8.250,3,3,15.819,-0.046,4,4,8,1100.000,200.000,1.892,1.984,3,-0.107,2.005,3,3.355,4.000,1,2,1,2
30,-16,15.250,-7.750,2,2,10.823,-0.389,4,4,8,500.000,800.000,0.008,0.063,2,-0.221,1.975,2,2.000,2.000,0,0,0,0
30,-15,15.250,-7.250,2,0,3.362,-1.129,2,2,4,0.000,600.000,1.253,-1.507,2,0.000,0.000,0,2.000,0.000,0,0,0,0
30,-14,15.250,-6.750,2,2,10.783,1.122,4,3,7,100.000,500.000,1.096,1.658,2,-1.645,0.700,2,1.590,2.000,2,0,1,0
30,-13,15.250,-6.250,2,1,6.477,0.336,3,2,5,400.000,500.000,1.008,-1.129,2,0.613,0.790,1,2.000,1.000,0,0,0,0
30,-12,15.250,-5.750,1,0,2.840,1.541,1,2,3,300.000,0.000,-0.591,0.807,1,0.000,0.000,0,1.000,0.000,0,0,0,0
30,-11,15.250,-5.250,0,0,0.000,0.000,0,3,3,1000.000,800.000,0.000,0.000,0,0.000,0.000,0,0.000,0.000,0,0,0,0
30,-10,15.250,-4.750,3,3,5.867,-0.443,6,5,10,3000.000,2300.000,-0.391,2.210,3,1.055,2.487,3,3.181,3.183,1,2,1,1
30,-9,15.250,-4.250,1,5,0.258,-0.015,5,6,11,2600.000,4300.000,-0.988,0.152,1,0.593,1.531,5,0.883,6.302,1,3,0,3
30,-8,15.250,-3.750,4,3,8.273,-1.259,7,5,12,800.000,1600.000,-2.037,1.461,4,-1.433,0.465,3,4.885,4.479,2,3,2,3
30,-7,15.250,-3.250,1,2,10.360,-0.015,3,3,6,900.000,700.000,0.242,0.970,1,1.038,1.565,2,1.000,2.500,0,1,0,1
30,-6,15.250,-2.750,1,0,12.104,1.663,1,3,4,900.000,400.000,0.743,0.669,1,0.000,0.000,0,1.040,0.000,1,0,0,0
30,-5,15.250,-2.250,4,1,3.799,0.023,5,3,8,300.000,100.000,1.810,1.244,4,-0.917,0.398,1,4.000,1.500,0,1,0,1
30,-4,15.250,-1.750,2,1,9.025,-0.282,3,3,6,0.000,700.000,0.131,0.620,2,-0.896,0.443,1,2.178,1.500,1,1,1,1
30,-3,15.250,-1.250,4,1,5.519,0.000,4,6,10,600.000,1300.000,1.272,1.946,4,-0.873,0.488,1,4.500,1.406,1,1,1,1
30,-2,15.250,-0.750,0,1,0.000,0.000,1,4,5,1000.000,800.000,0.000,0.000,0,0.281,0.960,1,0.000,1.000,0,0,0,0
30,-1,15.250,-0.250,1,3,6.617,0.778,4,6,9,2000.000,2200.000,0.545,0.839,1,-0.643,-0.499,3,1.500,3.994,1,2,1,2
30,0,15.250,0.250,5,5,0.165,0.015,4,5,9,2900.000,3000.000,-0.385,2.651,5,-0.117,2.265,5,6.128,6.628,3,4,3,4
30,1,15.250,0.750,0,3,0.000,0.000,3,6,8,3900.000,2800.000,0.000,0.000,0,-0.879,-2.765,3,0.000,3.802,0,2,0,2
30,2,15.250,1.250,3,5,6.341,-1.099,8,5,13,4300.000,2000.000,1.814,-1.061,3,2.807,-3.476,5,3.963,6.000,3,2,3,2
30,3,15.250,1.750,0,2,0.000,0.000,2,2,4,800.000,700.000,0.000,0.000,0,1.176,-1.524,2,0.000,2.920,0,2,0,2
30,6,15.250,3.250,0,1,0.000,0.000,1,0,1,0.000,0.000,0.000,0.000,0,-0.029,-1.000,1,0.000,1.000,0,0,0,0
30,9,15.250,4.750,2,3,5.112,-0.572,3,4,7,3900.000,3900.000,-1.403,0.979,2,-1.994,0.793,3,2.785,4.146,2,3,2,3
30,10,15.250,5.250,3,0,8.190,0.687,3,4,7,3500.000,2100.000,-2.738,0.732,3,0.000,0.000,0,3.500,0.000,1,0,1,0
30,11,15.250,5.750,4,4,2.147,-0.038,6,6,12,2800.000,4600.000,-3.611,1.675,4,-0.429,3.785,4,4.264,4.000,1,0,1,0
30,12,15.250,6.250,4,7,0.416,0.282,9,6,15,3100.000,4000.000,0.092,-2.751,4,-2.652,3.760,7,4.000,7.923,0,2,0,2
30,13,15.250,6.750,3,6,0.373,0.000,6,6,12,2300.000,3400.000,1.128,1.330,3,-0.704,0.748,6,3.000,6.000,0,0,0,0
30,14,15.250,7.250,6,2,1.657,0.000,8,6,12,2400.000,6100.000,-0.164,-1.593,6,-0.639,-1.538,2,6.500,2.000,1,0,1,0
30,15,15.250,7.750,3,5,3.049,-0.015,8,6,12,4900.000,2600.000,1.548,1.672,3,-0.128,2.406,5,3.000,5.329,0,1,0,1
30,16,15.250,8.250,6,11,3.280,-0.008,14,6,19,5000.000,3500.000,-0.377,-1.523,6,1.590,1.482,11,6.587,11.000,2,0,2,0
30,17,15.250,8.750,6,5,3.855,-0.778,10,6,16,4300.000,4500.000,-1.468,-2.908,6,0.321,0.291,5,6.500,5.000,1,0,1,0
30,18,15.250,9.250,1,2,7.510,-0.015,3,6,9,4100.000,4200.000,0.984,-0.181,1,-1.671,-0.327,2,1.000,2.000,0,0,0,0
30,19,15.250,9.750,3,4,5.070,-0.839,7,6,13,6200.000,3700.000,0.669,-2.338,3,2.441,-1.976,4,4.323,4.131,3,1,3,1
30,20,15.250,10.250,3,1,6.366,0.000,4,5,8,3700.000,900.000,-1.452,-2.607,3,-0.620,-0.785,1,3.988,1.000,2,0,2,0
30,21,15.250,10.750,1,4,2.007,0.595,5,4,9,3100.000,0.000,-0.033,-0.999,1,0.217,-2.440,4,1.000,5.000,0,2,0,2
30,25,15.250,12.750,0,0,0.000,0.000,0,1,1,0.000,200.000,0.000,0.000,0,0.000,0.000,0,0.000,0.000,0,0,0,0
30,26,15.250,13.250,1,0,1.965,-1.373,1,5,6,4900.000,1100.000,0.987,0.162,1,0.000,0.000,0,1.000,0.000,0,0,0,0
30,27,15.250,13.750,1,2,5.787,-0.031,2,6,7,2200.000,2200.000,0.785,0.619,1,1.188,1.535,2,1.037,2.640,1,2,0,2
30,28,15.250,14.250,2,2,3.748,-1.076,4,5,9,1300.000,700.000,1.741,-0.228,2,1.894,-0.038,2,2.226,2.465,1,1,1,1
30,29,15.250,14.750,0,0,0.000,0.000,0,4,4,1200.000,900.000,0.000,0.000,0,0.000,0.000,0,0.000,0.000,0,0,0,0
30,30,15.250,15.250,0,0,0.000,0.000,0,4,4,800.000,900.000,0.000,0.000,0,0.000,0.000,0,0.000,0.000,0,0,0,0
30,31,15.250,15.750,0,0,0.000,0.000,0,2,2,600.000,200.000,0.000,0.000,0,0.000,0.000,0,0.000,0.000,0,0,0,0
30,32,15.250,16.250,0,0,0.000,0.000,0,2,2,800.000,0.000,0.000,0.000,0,0.000,0.000,0,0.000,0.000,0,0,0,0
30,33,15.250,16.750,0,0,0.000,0.000,0,2,2,900.000,400.000,0.000,0.000,0,0.000,0.000,0,0.000,0.000,0,0,0,0
30,34,15.250,17.250,0,1,0.000,0.000,1,1,2,100.000,0.000,0.000,0.000,0,0.211,-0.977,1,0.000,1.500,0,1,0,1
31,-33,15.750,-16.250,6,6,1.536,0.389,9,6,15,2400.000,7500.000,-4.156,2.027,6,1.482,3.019,6,7.167,6.883,3,3,3,2
31,-32,15.750,-15.750,5,7,2.606,0.000,10,6,15,8500.000,9000.000,1.600,2.353,5,0.787,0.968,7,6.726,8.580,4,5,4,4
31,-31,15.750,-15.250,1,2,6.216,1.663,3,6,9,4800.000,4200.000,0.995,0.102,1,-0.485,-0.903,2,1.423,2.702,1,2,1,2
31,-29,15.750,-14.250,1,5,5.324,2.289,5,6,11,2100.000,6100.000,-0.814,0.581,1,-1.821,3.896,5,1.264,6.096,1,3,1,3
31,-28,15.750,-13.750,5,7,5.889,2.289,10,6,15,6500.000,5100.000,-1.632,4.299,5,-0.633,6.712,7,5.478,9.500,4,5,2,5
31,-27,15.750,-13.250,3,3,3.450,-0.092,5,6,10,5400.000,11600.000,-0.193,1.468,3,-0.481,1.237,3,3.941,3.441,2,1,2,1
31,-26,15.750,-12.750,1,5,0.253,0.015,5,6,10,2100.000,2600.000,0.988,-0.157,1,-0.940,2.623,5,1.000,6.299,0,3,0,3
31,-25,15.750,-12.250,0,7,0.000,0.000,6,6,12,1800.000,1900.000,0.000,0.000,0,-4.051,1.208,7,0.000,8.894,0,4,0,4
31,-24,15.750,-11.750,1,3,1.921,0.000,4,6,10,2100.000,1400.000,0.553,0.833,1,-1.141,2.547,3,0.780,4.376,1,3,0,3
31,-23,15.750,-11.250,4,2,1.516,0.107,5,6,10,2700.000,2400.000,-1.424,-1.458,4,0.159,-0.309,2,4.909,2.096,2,1,2,1
31,-22,15.750,-10.750,0,4,0.000,0.000,4,5,8,1200.000,800.000,0.000,0.000,0,0.759,1.500,4,0.000,4.838,0,2,0,2
31,-21,15.750,-10.250,2,0,3.426,0.000,2,4,5,2000.000,1200.000,-0.993,-0.981,2,0.000,0.000,0,2.226,0.000,1,0,1,0
31,-20,15.750,-9.750,0,1,0.000,0.000,1,6,6,1400.000,2000.000,0.000,0.000,0,-0.269,0.963,1,0.000,1.261,0,1,0,1
31,-19,15.750,-9.250,0,4,0.000,0.000,4,5,9,3600.000,200.000,0.000,0.000,0,0.337,3.053,4,0.000,3.739,0,1,0,0
31,-18,15.750,-8.750,2,6,7.724,0.557,8,5,12,1800.000,300.000,-1.783,0.905,2,1.481,0.802,6,2.465,6.876,1,4,1,3
31,-17,15.750,-8.250,3,4,9.334,-0.290,5,3,7,2200.000,2400.000,-1.162,-0.231,3,-2.939,-1.260,4,3.000,4.468,0,1,0,1
31,-16,15.750,-7.750,0,0,0.000,0.000,0,4,4,200.000,1000.000,0.000,0.000,0,0.000,0.000,0,0.000,0.000,0,0,0,0
31,-15,15.750,-7.250,3,1,10.843,-0.198,3,4,7,200.000,700.000,-0.072,0.581,3,-0.635,-0.772,1,3.000,1.000,0,0,0,0
31,-14,15.750,-6.750,2,0,4.728,-0.114,2,1,3,100.000,0.000,0.039,-0.747,2,0.000,0.000,0,2.000,0.000,0,0,0,0
31,-13,15.750,-6.250,2,0,11.985,1.534,2,3,5,200.000,400.000,-0.915,0.899,2,0.000,0.000,0,2.000,0.000,0,0,0,0
31,-12,15.750,-5.750,3,0,8.228,2.228,3,3,6,500.000,100.000,0.734,1.491,3,0.000,0.000,0,3.000,0.000,0,0,0,0
31,-11,15.750,-5.250,2,0,4.711,0.000,2,4,6,800.000,200.000,0.534,0.736,2,0.000,0.000,0,2.500,0.000,1,0,1,0
31,-10,15.750,-4.750,3,3,3.892,0.015,6,6,12,3200.000,1500.000,0.397,2.638,3,0.007,2.281,3,3.500,4.000,1,2,1,2
31,-9,15.750,-4.250,3,2,4.011,0.000,5,5,10,600.000,1600.000,-0.718,-0.942,3,0.135,1.676,2,3.500,2.397,1,1,1,1
31,-8,15.750,-3.750,0,1,0.000,0.000,1,4,5,900.000,1600.000,0.000,0.000,0,0.755,0.656,1,0.000,1.000,0,0,0,0
31,-7,15.750,-3.250,0,4,0.000,0.000,4,3,6,100.000,800.000,0.000,0.000,0,-0.550,1.400,4,0.000,4.596,0,2,0,2
31,-6,15.750,-2.750,0,1,0.000,0.000,1,4,5,1000.000,500.000,0.000,0.000,0,0.196,0.981,1,0.000,1.000,0,0,0,0
31,-5,15.750,-2.250,1,2,6.215,0.351,3,5,8,900.000,400.000,-0.873,0.488,1,-1.816,0.423,2,1.500,2.929,1,2,1,2
31,-4,15.750,-1.750,0,2,0.000,0.000,2,4,6,300.000,700.000,0.000,0.000,0,-0.733,1.345,2,0.000,2.681,0,2,0,2
31,-3,15.750,-1.250,1,1,10.500,-0.275,1,5,6,700.000,700.000,0.158,0.987,1,-0.930,0.369,1,1.429,1.500,1,1,1,1
31,-2,15.750,-0.750,0,1,0.000,0.000,1,5,6,200.000,1000.000,0.000,0.000,0,0.248,0.969,1,0.000,1.494,0,1,0,1
31,-1,15.750,-0.250,1,1,8.753,-0.015,2,5,7,800.000,1400.000,0.334,0.943,1,0.273,-0.962,1,1.000,1.131,0,1,0,1
31,0,15.750,0.250,1,2,5.220,-0.122,3,5,7,2100.000,2300.000,-0.178,-0.984,1,-0.649,-1.880,2,1.335,3.000,1,2,1,2
31,1,15.750,0.750,2,2,3.786,-0.122,4,6,10,3300.000,2300.000,-0.547,1.349,2,-0.062,-1.938,2,2.000,2.500,0,1,0,1
31,2,15.750,1.250,3,2,2.251,0.549,4,6,10,1000.000,1900.000,-0.531,-0.670,3,0.480,-0.013,2,3.500,2.500,1,1,1,1
31,3,15.750,1.750,2,3,3.844,-1.221,4,6,10,1500.000,2300.000,0.763,-1.814,2,-0.035,-2.755,3,2.476,3.782,1,2,1,2
31,4,15.750,2.250,1,0,7.233,-0.015,1,5,6,800.000,600.000,0.238,-0.971,1,0.000,0.000,0,1.500,0.000,1,0,1,0
31,5,15.750,2.750,0,1,0.000,0.000,1,2,3,200.000,100.000,0.000,0.000,0,0.786,0.618,1,0.000,1.500,0,1,0,1
31,6,15.750,3.250,0,0,0.000,0.000,0,3,3,1100.000,0.000,0.000,0.000,0,0.000,0.000,0,0.000,0.000,0,0,0,0
31,9,15.750,4.750,4,3,5.846,0.893,6,3,9,1300.000,4000.000,-2.000,2.816,4,-1.946,1.755,3,4.853,4.000,2,2,2,2
31,10,15.750,5.250,1,3,6.389,-0.427,4,4,6,2600.000,4800.000,-0.999,-0.033,1,-1.859,1.654,3,1.500,3.233,1,2,1,1
31,11,15.750,5.750,0,2,0.000,0.000,2,5,7,2100.000,2200.000,0.000,0.000,0,-0.996,0.433,2,0.000,1.816,0,1,0,0
31,12,15.750,6.250,1,4,6.201,-1.938,5,6,11,3800.000,6700.000,-0.840,0.543,1,-3.254,0.956,4,1.279,4.802,1,2,1,2
31,13,15.750,6.750,0,1,0.000,0.000,1,6,7,1600.000,6700.000,0.000,0.000,0,-0.255,0.967,1,0.000,1.000,0,0,0,0
31,14,15.750,7.250,0,0,0.000,0.000,0,6,6,3400.000,1300.000,0.000,0.000,0,0.000,0.000,0,0.000,0.000,0,0,0,0
31,15,15.750,7.750,5,3,2.881,-0.275,8,6,13,4200.000,4700.000,-4.357,-0.656,5,-0.961,1.632,3,5.900,3.000,2,0,2,0
31,16,15.750,8.250,6,6,2.135,-0.015,11,6,17,6500.000,4600.000,2.170,4.316,6,-1.397,-0.662,6,6.500,6.000,1,0,1,0
31,17,15.750,8.750,4,9,2.379,-0.534,11,6,17,7200.000,5400.000,-0.259,-0.884,4,-0.690,-3.048,9,4.500,9.500,1,1,1,1
31,18,15.750,9.250,6,6,1.727,-0.175,11,6,17,5800.000,5200.000,-1.331,-1.365,6,-1.502,-2.911,6,6.397,6.037,1,1,1,0
31,19,15.750,9.750,5,3,4.045,0.000,8,6,13,7600.000,3300.000,0.626,-2.609,5,-1.600,-2.193,3,5.173,3.500,1,1,1,1
31,20,15.750,10.250,5,0,6.244,0.031,5,5,9,2600.000,900.000,-1.539,-2.921,5,0.000,0.000,0,5.659,0.000,3,0,3,0
31,21,15.750,10.750,1,0,4.809,0.229,1,2,3,500.000,0.000,-0.420,-0.908,1,0.000,0.000,0,1.000,0.000,0,0,0,0
31,25,15.750,12.750,0,0,0.000,0.000,0,2,2,400.000,300.000,0.000,0.000,0,0.000,0.000,0,0.000,0.000,0,0,0,0
31,26,15.750,13.250,1,1,4.977,0.275,2,6,7,5900.000,2000.000,0.670,0.742,1,-0.042,0.999,1,1.000,1.226,0,1,0,1
31,27,15.750,13.750,0,0,0.000,0.000,0,4,4,3400.000,500.000,0.000,0.000,0,0.000,0.000,0,0.000,0.000,0,0,0,0
31,28,15.750,14.250,2,3,3.301,-0.031,4,5,9,1800.000,500.000,1.259,-0.075,2,1.863,1.748,3,2.500,4.226,1,3,1,3
31,29,15.750,14.750,1,1,0.234,0.198,1,4,5,600.000,1000.000,-0.087,-0.996,1,-0.790,-0.613,1,1.476,1.476,1,1,1,1
31,30,15.750,15.250,0,3,0.000,0.000,3,4,6,400.000,700.000,0.000,0.000,0,1.341,-0.891,3,0.000,4.000,0,2,0,2
31,31,15.750,15.750,4,0,2.932,-0.481,3,2,5,200.000,300.000,2.191,-1.852,4,0.000,0.000,0,5.383,0.000,4,0,4,0
31,32,15.750,16.250,0,0,0.000,0.000,0,3,3,300.000,500.000,0.000,0.000,0,0.000,0.000,0,0.000,0.000,0,0,0,0
31,33,15.750,16.750,0,0,0.000,0.000,0,1,1,0.000,300.000,0.000,0.000,0,0.000,0.000,0,0.000,0.000,0,0,0,0
31,41,15.750,20.750,0,1,0.000,0.000,1,0,1,0.000,0.000,0.000,0.000,0,0.295,-0.955,1,0.000,1.000,0,0,0,0
32,-33,16.250,-16.250,3,4,8.625,0.000,7,6,13,3800.000,10600.000,0.236,1.604,3,-1.892,0.421,4,3.500,5.000,1,2,1,2
32,-32,16.250,-15.750,3,4,1.878,-0.031,5,6,11,8200.000,11300.000,0.610,0.546,3,0.037,-0.163,4,3.816,5.000,3,2,2,2
32,-31,16.250,-15.250,4,2,5.152,1.900,5,6,11,5800.000,5100.000,-1.999,0.041,4,-0.015,-0.316,2,5.423,1.683,3,1,3,0
32,-29,16.250,-14.250,0,0,0.000,0.000,0,6,6,6500.000,7200.000,0.000,0.000,0,0.000,0.000,0,0.000,0.000,0,0,0,0
32,-28,16.250,-13.750,2,2,15.589,3.349,3,6,9,5100.000,7200.000,-0.162,1.983,2,-0.656,1.702,2,2.820,2.779,2,2,2,2
32,-27,16.250,-13.250,4,3,4.939,1.030,4,6,10,2900.000,2500.000,-2.459,1.400,4,-1.334,0.624,3,5.274,3.311,4,3,3,1
32,-26,16.250,-12.750,5,4,4.871,-0.015,8,6,14,5000.000,3300.000,-3.943,1.389,5,-1.863,-0.248,4,6.447,4.730,3,3,3,2
32,-25,16.250,-12.250,6,8,0.659,0.122,10,6,15,6100.000,1700.000,-0.344,2.343,6,2.614,0.888,8,7.500,9.617,3,4,3,4
32,-24,16.250,-11.750,1,0,6.687,0.885,1,4,5,700.000,1300.000,0.429,0.903,1,0.000,0.000,0,1.450,0.000,1,0,1,0
32,-23,16.250,-11.250,0,3,0.000,0.000,3,6,9,1300.000,2400.000,0.000,0.000,0,-0.070,2.679,3,0.000,3.953,0,2,0,2
32,-22,16.250,-10.750,3,1,2.981,-0.046,4,5,9,1600.000,1200.000,0.006,-0.044,3,-0.272,0.962,1,3.279,1.000,1,0,1,0
32,-21,16.250,-10.250,6,1,9.244,0.099,7,6,12,1600.000,2100.000,0.382,2.184,6,0.338,0.941,1,6.009,1.500,2,1,1,1
32,-20,16.250,-9.750,0,4,0.000,0.000,4,6,9,2000.000,4000.000,0.000,0.000,0,-2.273,0.791,4,0.000,4.096,0,1,0,1
32,-19,16.250,-9.250,3,2,0.361,0.000,4,5,9,1600.000,1200.000,-1.009,1.386,3,1.413,-1.411,2,2.746,2.438,2,1,1,1
32,-18,16.250,-8.750,1,1,7.103,-1.312,2,4,5,900.000,1100.000,-0.883,-0.470,1,0.333,0.943,1,1.000,1.456,0,1,0,1
32,-17,16.250,-8.250,2,2,13.890,0.031,3,3,6,2700.000,1200.000,0.874,0.397,2,-0.559,1.143,2,2.000,1.500,0,1,0,0
32,-16,16.250,-7.750,0,0,0.000,0.000,0,3,3,1000.000,900.000,0.000,0.000,0,0.000,0.000,0,0.000,0.000,0,0,0,0
32,-15,16.250,-7.250,0,0,0.000,0.000,0,3,3,300.000,300.000,0.000,0.000,0,0.000,0.000,0,0.000,0.000,0,0,0,0
32,-14,16.250,-6.750,3,1,0.391,0.000,4,1,5,200.000,0.000,-0.876,1.484,3,-0.738,0.674,1,3.000,1.000,0,0,0,0
32,-13,16.250,-6.250,0,5,0.000,0.000,5,4,9,500.000,400.000,0.000,0.000,0,0.550,-0.451,5,0.000,5.000,0,0,0,0
32,-12,16.250,-5.750,2,1,11.171,0.015,3,2,5,200.000,300.000,1.043,1.699,2,-0.382,0.924,1,2.279,1.000,1,0,1,0
32,-11,16.250,-5.250,0,2,0.000,0.000,2,4,5,1300.000,600.000,0.000,0.000,0,1.245,1.559,2,0.000,2.161,0,1,0,1
32,-10,16.250,-4.750,0,1,0.000,0.000,1,6,7,2500.000,3400.000,0.000,0.000,0,0.453,0.891,1,0.000,1.500,0,1,0,1
32,-9,16.250,-4.250,3,1,9.414,0.015,4,5,8,500.000,1700.000,0.172,2.463,3,0.040,0.999,1,3.500,1.000,1,0,1,0
32,-8,16.250,-3.750,3,3,7.936,-0.488,6,4,10,1300.000,1500.000,0.395,2.124,3,0.299,1.838,3,3.910,3.239,3,2,3,1
32,-7,16.250,-3.250,6,1,6.729,-0.252,6,3,9,500.000,800.000,-1.236,4.075,6,-0.839,0.544,1,6.947,1.441,2,1,2,1
32,-6,16.250,-2.750,1,3,6.909,0.015,4,3,6,200.000,800.000,0.682,0.732,1,-2.361,-0.313,3,1.500,3.596,1,2,1,2
32,-5,16.250,-2.250,1,2,9.668,-1.175,2,3,5,400.000,600.000,-0.979,0.202,1,0.998,-0.278,2,1.500,3.000,1,2,1,2
32,-4,16.250,-1.750,1,3,7.730,-1.266,3,3,6,300.000,300.000,1.000,0.023,1,0.826,1.085,3,0.615,3.425,1,2,0,1
32,-3,16.250,-1.250,2,0,7.080,-0.717,2,3,5,200.000,400.000,0.014,0.727,2,0.000,0.000,0,1.277,0.000,2,0,0,0
32,-2,16.250,-0.750,2,2,7.209,-1.312,4,5,9,500.000,900.000,1.066,1.042,2,-1.928,-0.530,2,2.500,2.040,1,1,1,0
32,-1,16.250,-0.250,3,5,5.044,-0.458,7,5,12,500.000,1900.000,-2.000,-0.062,3,1.061,2.624,5,3.631,6.361,2,3,2,3
32,0,16.250,0.250,3,1,2.923,-0.824,3,5,8,1100.000,500.000,-1.574,-2.356,3,-0.928,0.371,1,3.870,1.370,2,1,2,1
32,1,16.250,0.750,2,2,1.556,-0.404,4,6,10,3400.000,1500.000,-0.771,0.578,2,0.273,-1.981,2,2.403,2.500,1,1,1,1
32,2,16.250,1.250,2,3,8.250,-0.107,5,5,10,2000.000,600.000,-0.797,0.752,2,-1.534,-2.494,3,2.441,4.072,1,3,1,3
32,3,16.250,1.750,3,0,6.392,-0.061,3,5,8,1300.000,500.000,0.365,0.927,3,0.000,0.000,0,4.000,0.000,2,0,2,0
32,4,16.250,2.250,1,2,16.062,0.137,3,6,8,1200.000,1600.000,-0.027,-1.000,1,0.986,-1.534,2,1.000,2.000,0,0,0,0
32,5,16.250,2.750,1,2,5.022,-1.099,3,5,8,1600.000,1400.000,0.895,0.446,1,0.361,0.046,2,1.000,2.661,0,2,0,2
32,6,16.250,3.250,0,1,0.000,0.000,1,6,7,2100.000,800.000,0.000,0.000,0,-0.225,-0.974,1,0.000,1.500,0,1,0,1
32,7,16.250,3.750,1,0,13.004,-1.556,1,2,3,200.000,200.000,-0.033,-0.999,1,0.000,0.000,0,0.739,0.000,1,0,0,0
32,13,16.250,6.750,0,0,0.000,0.000,0,1,1,0.000,500.000,0.000,0.000,0,0.000,0.000,0,0.000,0.000,0,0,0,0
32,14,16.250,7.250,0,0,0.000,0.000,0,1,1,0.000,200.000,0.000,0.000,0,0.000,0.000,0,0.000,0.000,0,0,0,0
32,15,16.250,7.750,2,2,5.547,-0.702,4,6,10,900.000,3200.000,0.589,1.909,2,0.071,-0.267,2,2.500,2.500,1,1,1,1
32,16,16.250,8.250,5,7,6.443,0.046,12,6,16,5400.000,7700.000,2.368,2.010,5,-1.660,-2.493,7,5.397,8.853,1,4,1,4
32,17,16.250,8.750,9,6,4.297,0.031,14,6,19,7100.000,10100.000,-1.833,-3.855,9,-2.955,-1.788,6,10.364,6.282,3,1,3,1
32,18,16.250,9.250,5,6,5.348,0.031,10,6,16,8400.000,8800.000,1.394,-0.955,5,-0.179,-0.464,6,5.409,7.611,1,4,1,4
32,19,16.250,9.750,4,6,1.780,-0.015,9,6,15,9200.000,6800.000,0.547,-1.307,4,0.721,-2.015,6,4.956,6.406,2,1,2,1
32,20,16.250,10.250,1,3,8.236,-2.151,4,6,10,2600.000,3900.000,-0.630,-0.777,1,0.038,-1.923,3,1.000,3.186,0,2,0,1
32,21,16.250,10.750,0,0,0.000,0.000,0,1,1,0.000,200.000,0.000,0.000,0,0.000,0.000,0,0.000,0.000,0,0,0,0
32,22,16.250,11.250,0,1,0.000,0.000,1,1,2,300.000,0.000,0.000,0.000,0,0.068,-0.998,1,0.000,1.376,0,1,0,1
32,23,16.250,11.750,0,0,0.000,0.000,0,1,1,100.000,0.000,0.000,0.000,0,0.000,0.000,0,0.000,0.000,0,0,0,0
32,24,16.250,12.250,0,0,0.000,0.000,0,1,1,300.000,0.000,0.000,0.000,0,0.000,0.000,0,0.000,0.000,0,0,0,0
32,25,16.250,12.750,1,0,4.291,-0.244,1,3,4,2200.000,500.000,0.472,0.882,1,0.000,0.000,0,1.000,0.000,0,0,0,0
32,26,16.250,13.250,1,1,2.382,0.046,2,6,8,16100.000,6700.000,0.781,-0.625,1,0.685,0.728,1,1.500,1.500,1,1,1,1
32,27,16.250,13.750,0,0,0.000,0.000,0,6,6,5900.000,2800.000,0.000,0.000,0,0.000,0.000,0,0.000,0.000,0,0,0,0
32,28,16.250,14.250,3,1,0.271,0.000,4,6,10,2200.000,2300.000,-0.547,0.629,3,0.694,0.720,1,4.000,1.453,2,1,2,1
32,29,16.250,14.750,0,3,0.000,0.000,3,5,8,1300.000,900.000,0.000,0.000,0,1.200,0.327,3,0.000,4.000,0,2,0,2
32,30,16.250,15.250,1,1,3.926,1.205,2,5,7,1200.000,1000.000,0.950,0.312,1,0.970,-0.244,1,1.000,1.000,0,0,0,0
32,31,16.250,15.750,2,1,7.021,0.008,3,4,7,1100.000,800.000,0.711,-1.867,2,-0.748,-0.664,1,3.000,1.235,2,1,2,1
32,32,16.250,16.250,1,0,4.735,-1.999,1,2,3,300.000,400.000,0.984,-0.176,1,0.000,0.000,0,1.000,0.000,0,0,0,0
32,33,16.250,16.750,1,0,1.503,0.275,1,2,3,200.000,400.000,-0.413,-0.911,1,0.000,0.000,0,1.500,0.000,1,0,1,0
32,34,16.250,17.250,1,1,3.086,0.000,2,0,2,0.000,0.000,-0.235,-0.972,1,0.089,-0.996,1,1.500,1.000,1,0,1,0
33,-33,16.750,-16.250,7,2,3.420,0.824,8,6,14,6400.000,10600.000,-0.816,3.619,7,-0.227,0.831,2,9.000,2.956,4,2,4,2
33,-32,16.750,-15.750,7,2,3.677,0.656,8,6,14,6500.000,9800.000,-1.684,2.040,7,-1.990,0.009,2,8.059,3.000,4,2,3,2
33,-31,16.750,-15.250,4,3,4.345,0.420,6,6,12,10200.000,7900.000,-1.959,-0.519,4,1.040,-0.448,3,4.500,3.857,1,3,1,2
33,-30,16.750,-14.750,0,0,0.000,0.000,0,2,2,0.000,200.000,0.000,0.000,0,0.000,0.000,0,0.000,0.000,0,0,0,0
33,-29,16.750,-14.250,0,1,0.000,0.000,1,1,2,0.000,200.000,0.000,0.000,0,0.843,0.539,1,0.000,1.500,0,1,0,1
33,-26,16.750,-12.750,1,1,0.420,-0.061,2,3,5,900.000,600.000,-0.988,0.157,1,-0.811,0.586,1,0.780,1.497,1,1,0,1
33,-25,16.750,-12.250,13,14,0.620,0.000,12,6,17,3400.000,10100.000,-4.486,-2.298,13,-0.299,3.166,14,17.568,18.560,11,12,11,11
33,-24,16.750,-11.750,2,2,9.864,2.045,4,6,9,3800.000,2100.000,-0.866,0.590,2,-0.800,0.615,2,3.000,2.500,2,1,2,1
33,-23,16.750,-11.250,2,1,1.013,0.122,3,6,9,4100.000,2400.000,-1.168,0.880,2,-0.180,0.984,1,2.500,1.000,1,0,1,0
33,-22,16.750,-10.750,2,6,0.262,0.000,6,5,10,2300.000,1600.000,-0.860,-0.205,2,0.860,3.686,6,2.376,7.876,1,4,1,4
33,-21,16.750,-10.250,2,3,9.465,-0.038,4,5,9,2200.000,2500.000,0.375,1.682,2,-0.495,-0.613,3,2.000,2.780,2,3,1,1
33,-20,16.750,-9.750,3,2,2.197,0.092,5,6,11,2200.000,2500.000,0.689,0.298,3,-0.753,1.470,2,4.173,1.920,3,2,3,1
33,-19,16.750,-9.250,4,5,4.403,0.015,6,5,11,2200.000,2200.000,-0.125,1.166,4,-0.316,-1.128,5,4.465,5.320,3,3,2,2
33,-18,16.750,-8.750,1,0,3.370,-0.122,1,4,4,1800.000,1100.000,0.601,-0.799,1,0.000,0.000,0,1.500,0.000,1,0,1,0
33,-17,16.750,-8.250,1,0,17.472,-2.197,1,4,5,500.000,600.000,-0.761,0.649,1,0.000,0.000,0,1.000,0.000,0,0,0,0
33,-16,16.750,-7.750,0,1,0.000,0.000,1,4,5,600.000,400.000,0.000,0.000,0,-0.699,-0.715,1,0.000,1.000,0,0,0,0
33,-15,16.750,-7.250,1,2,8.261,-0.015,3,5,7,500.000,600.000,-0.693,0.721,1,0.874,-0.968,2,1.000,2.000,0,0,0,0
33,-14,16.750,-6.750,2,1,11.250,-1.091,3,4,5,1600.000,800.000,1.081,0.203,2,-0.535,-0.845,1,2.491,1.441,1,1,1,1
33,-13,16.750,-6.250,2,1,8.067,0.092,3,4,7,300.000,600.000,-1.520,1.280,2,0.382,-0.924,1,2.000,1.000,0,0,0,0
33,-12,16.750,-5.750,1,0,14.813,-1.968,1,1,2,0.000,200.000,-0.862,0.508,1,0.000,0.000,0,1.000,0.000,0,0,0,0
33,-11,16.750,-5.250,1,1,0.407,0.366,1,2,3,500.000,200.000,0.239,0.971,1,0.720,0.694,1,1.476,1.476,1,1,1,1
33,-10,16.750,-4.750,1,0,7.427,2.930,1,6,7,1200.000,3200.000,0.382,0.924,1,0.000,0.000,0,1.500,0.000,1,0,1,0
33,-9,16.750,-4.250,0,1,0.000,0.000,1,5,6,1300.000,1100.000,0.000,0.000,0,-0.608,0.794,1,0.000,1.000,0,0,0,0
33,-8,16.750,-3.750,0,2,0.000,0.000,2,6,8,1100.000,1000.000,0.000,0.000,0,1.052,0.048,2,0.000,1.925,0,1,0,0
33,-7,16.750,-3.250,2,3,6.925,-0.999,4,5,9,2000.000,900.000,-0.209,1.379,2,-1.144,1.104,3,2.637,3.802,2,2,2,2
33,-6,16.750,-2.750,1,4,2.364,0.015,5,6,11,1400.000,800.000,0.869,0.495,1,-3.535,0.495,4,1.000,5.217,0,3,0,3
33,-5,16.750,-2.250,0,2,0.000,0.000,2,6,8,600.000,600.000,0.000,0.000,0,-0.920,0.544,2,0.000,2.040,0,1,0,0
33,-4,16.750,-1.750,1,1,2.840,0.397,2,3,5,400.000,200.000,0.876,0.483,1,-0.991,-0.133,1,1.000,1.146,0,1,0,1
33,-3,16.750,-1.250,1,1,0.340,0.076,2,4,6,200.000,600.000,0.947,0.320,1,0.243,-0.970,1,1.500,1.500,1,1,1,1
33,-2,16.750,-0.750,1,3,2.981,-0.015,4,5,9,700.000,800.000,0.292,-0.957,1,0.150,0.934,3,1.000,3.500,0,1,0,1
33,-1,16.750,-0.250,2,2,5.778,-0.305,4,6,10,1000.000,900.000,1.873,0.372,2,0.320,-1.973,2,2.335,2.678,1,2,1,2
33,0,16.750,0.250,2,0,8.804,-0.046,2,4,6,1100.000,700.000,-0.470,0.126,2,0.000,0.000,0,3.000,0.000,2,0,2,0
33,1,16.750,0.750,0,1,0.000,0.000,1,6,7,3400.000,1000.000,0.000,0.000,0,0.907,-0.420,1,0.000,1.438,0,1,0,1
33,2,16.750,1.250,0,3,0.000,0.000,3,6,9,2700.000,1600.000,0.000,0.000,0,0.178,-0.970,3,0.000,4.025,0,3,0,2
33,3,16.750,1.750,0,2,0.000,0.000,2,4,5,1700.000,0.000,0.000,0.000,0,0.151,-1.685,2,0.000,2.000,0,0,0,0
33,4,16.750,2.250,3,1,6.538,-0.015,3,5,8,2600.000,500.000,-1.425,-2.226,3,-0.271,-0.963,1,3.491,0.913,1,1,1,0
33,5,16.750,2.750,3,4,3.013,-0.076,7,5,12,2400.000,900.000,0.812,2.880,3,0.424,-0.621,4,3.296,5.075,1,3,1,3
33,6,16.750,3.250,1,0,5.599,0.900,1,6,7,1600.000,1200.000,0.015,-1.000,1,0.000,0.000,0,1.000,0.000,0,0,0,0
33,7,16.750,3.750,3,1,8.507,-0.137,4,6,10,2600.000,1300.000,0.410,-2.968,3,0.988,-0.156,1,4.000,1.335,2,1,2,1
33,8,16.750,4.250,1,3,2.003,-0.076,4,5,9,1300.000,300.000,0.614,0.789,1,0.878,0.324,3,1.000,4.167,0,3,0,3
33,9,16.750,4.750,0,1,0.000,0.000,1,4,5,1600.000,0.000,0.000,0.000,0,0.076,-0.997,1,0.000,1.000,0,0,0,0
33,10,16.750,5.250,1,0,17.775,-3.830,1,4,4,1100.000,1000.000,0.097,-0.995,1,0.000,0.000,0,1.000,0.000,0,0,0,0
33,11,16.750,5.750,0,1,0.000,0.000,1,4,5,900.000,200.000,0.000,0.000,0,0.075,-0.997,1,0.000,1.235,0,1,0,1
33,12,16.750,6.250,0,0,0.000,0.000,0,4,4,800.000,800.000,0.000,0.000,0,0.000,0.000,0,0.000,0.000,0,0,0,0
33,13,16.750,6.750,0,2,0.000,0.000,2,4,6,1200.000,400.000,0.000,0.000,0,0.663,-1.689,2,0.000,2.500,0,1,0,1
33,14,16.750,7.250,2,4,13.254,-1.556,6,4,10,20600.000,500.000,0.449,-1.850,2,-1.089,1.206,4,2.667,4.000,2,0,2,0
33,15,16.750,7.750,2,3,3.490,0.008,5,6,10,2600.000,4200.000,-0.253,-1.959,2,0.626,0.072,3,2.500,3.000,1,0,1,0
33,16,16.750,8.250,4,7,6.339,0.008,9,6,15,6200.000,7300.000,-0.937,0.673,4,-1.727,0.140,7,4.854,8.870,3,4,2,4
33,17,16.750,8.750,2,2,8.537,-0.092,4,6,10,6900.000,8800.000,-0.738,0.496,2,0.870,1.459,2,2.000,2.000,0,0,0,0
33,18,16.750,9.250,8,5,5.095,0.008,12,6,18,6100.000,8000.000,1.218,1.498,8,0.604,1.319,5,8.500,4.883,1,1,1,0
33,19,16.750,9.750,3,6,4.422,-0.961,8,6,13,7700.000,5400.000,-0.159,-1.926,3,2.972,0.284,6,3.782,6.906,2,2,2,2
33,20,16.750,10.250,7,5,4.655,0.000,11,6,16,10700.000,6500.000,-0.656,-4.553,7,-2.563,-3.775,5,7.500,5.628,1,2,1,2
33,21,16.750,10.750,5,3,2.273,0.000,7,6,13,4800.000,2700.000,2.610,-0.693,5,-0.591,-1.811,3,6.204,4.302,4,3,3,3
33,22,16.750,11.250,5,5,7.012,0.000,9,6,15,3200.000,2300.000,0.828,-4.638,5,1.853,-3.951,5,5.994,6.450,2,3,2,3
33,23,16.750,11.750,3,1,5.511,-0.244,4,6,9,3200.000,5100.000,-0.264,-0.963,3,0.823,0.568,1,3.923,1.000,2,0,2,0
33,24,16.750,12.250,2,2,4.643,-0.320,4,6,10,3200.000,10800.000,1.483,-1.341,2,0.688,-1.742,2,2.000,2.500,0,1,0,1
33,25,16.750,12.750,2,6,0.326,0.000,6,6,12,7000.000,8500.000,1.719,0.301,2,0.523,0.255,6,2.000,6.869,0,5,0,3
33,26,16.750,13.250,6,5,2.250,0.000,7,6,12,6000.000,7000.000,1.557,0.044,6,1.287,-1.748,5,8.211,6.226,5,3,5,3
33,27,16.750,13.750,2,1,3.527,0.038,3,6,9,3400.000,2700.000,0.695,-1.875,2,0.085,-0.996,1,2.000,1.000,0,0,0,0
33,28,16.750,14.250,1,2,0.305,-0.015,1,6,7,5100.000,2200.000,0.761,0.648,1,1.599,-1.200,2,1.000,2.000,0,0,0,0
33,29,16.750,14.750,3,0,2.158,1.434,3,6,9,3000.000,2100.000,0.284,0.661,3,0.000,0.000,0,3.000,0.000,0,0,0,0
33,30,16.750,15.250,4,2,3.300,-0.008,6,5,9,2000.000,1700.000,-0.722,-0.802,4,1.836,-0.183,2,4.994,2.000,2,0,2,0
33,31,16.750,15.750,1,1,7.422,-0.748,2,4,5,1400.000,1000.000,0.275,-0.962,1,0.700,-0.714,1,1.441,1.494,1,1,1,1
33,32,16.750,16.250,0,0,0.000,0.000,0,2,2,600.000,300.000,0.000,0.000,0,0.000,0.000,0,0.000,0.000,0,0,0,0
33,33,16.750,16.750,1,0,3.665,-0.778,1,1,1,0.000,500.000,-0.487,-0.874,1,0.000,0.000,0,1.485,0.000,1,0,1,0
34,-33,17.250,-16.250,2,0,2.102,0.076,2,6,8,2400.000,5200.000,-1.980,0.274,2,0.000,0.000,0,2.500,0.000,1,0,1,0
34,-32,17.250,-15.750,4,2,2.919,0.259,6,6,12,3000.000,8600.000,0.904,0.714,4,-0.116,0.513,2,4.717,2.264,2,1,2,1
34,-31,17.250,-15.250,6,7,2.447,0.000,9,6,15,7100.000,11000.000,-0.482,0.846,6,-1.662,0.996,7,7.441,9.158,3,5,3,5
34,-30,17.250,-14.750,4,7,4.050,0.443,7,6,13,8200.000,5500.000,-0.597,0.026,4,0.368,-0.792,7,5.031,9.507,3,6,3,6
34,-29,17.250,-14.250,0,4,0.000,0.000,4,6,10,3600.000,5100.000,0.000,0.000,0,2.408,-1.106,4,0.000,4.951,0,3,0,3
34,-28,17.250,-13.750,0,1,0.000,0.000,1,2,3,400.000,0.000,0.000,0.000,0,-0.983,0.186,1,0.000,1.500,0,1,0,1
34,-26,17.250,-12.750,3,1,0.463,0.000,2,3,5,600.000,800.000,-1.483,2.567,3,-0.522,0.853,1,3.500,1.000,1,0,1,0
34,-25,17.250,-12.250,6,8,3.730,-2.129,10,3,12,1800.000,4300.000,-2.489,0.638,6,-5.838,0.492,8,6.897,8.686,4,5,3,3
34,-24,17.250,-11.750,0,3,0.000,0.000,3,6,9,2300.000,3600.000,0.000,0.000,0,-1.409,1.224,3,0.000,3.468,0,3,0,2
34,-23,17.250,-11.250,2,3,3.592,0.237,5,6,11,6200.000,3300.000,0.183,0.914,2,-0.351,1.363,3,2.190,4.500,1,3,1,3
34,-22,17.250,-10.750,4,1,4.801,-0.404,4,6,9,1400.000,1100.000,-0.044,-0.789,4,0.999,-0.045,1,4.965,1.000,2,0,2,0
34,-21,17.250,-10.250,1,0,5.883,1.587,1,6,7,1400.000,1500.000,-0.973,0.230,1,0.000,0.000,0,1.000,0.000,0,0,0,0
34,-20,17.250,-9.750,5,5,6.677,0.000,8,6,14,3200.000,2400.000,2.447,1.488,5,0.020,-1.155,5,5.673,5.500,2,5,2,3
34,-19,17.250,-9.250,5,3,4.894,0.000,8,6,13,2000.000,3500.000,0.250,-1.336,5,-1.389,1.500,3,5.965,4.494,4,3,3,3
34,-18,17.250,-8.750,0,6,0.000,0.000,6,6,12,5500.000,1300.000,0.000,0.000,0,-4.454,0.271,6,0.000,8.369,0,6,0,6
34,-17,17.250,-8.250,1,1,8.803,-0.671,2,4,6,400.000,2100.000,-0.764,0.645,1,-0.647,0.763,1,1.500,1.500,1,1,1,1
34,-16,17.250,-7.750,0,1,0.000,0.000,1,4,5,300.000,400.000,0.000,0.000,0,-0.680,0.733,1,0.000,1.285,0,1,0,1
34,-15,17.250,-7.250,1,3,14.944,0.000,4,4,8,1000.000,100.000,0.375,0.927,1,-0.046,2.640,3,1.000,3.000,0,0,0,0
34,-14,17.250,-6.750,2,1,9.478,0.717,3,4,6,900.000,400.000,0.286,-0.056,2,0.998,-0.065,1,2.500,1.500,1,1,1,1
34,-13,17.250,-6.250,2,2,9.533,1.663,4,4,8,800.000,1000.000,-0.481,1.887,2,0.946,0.027,2,2.000,2.500,0,1,0,1
34,-12,17.250,-5.750,3,0,13.762,1.694,3,2,5,0.000,500.000,-0.407,2.643,3,0.000,0.000,0,4.000,0.000,2,0,2,0
34,-11,17.250,-5.250,1,2,3.531,2.151,3,3,6,1600.000,1200.000,-0.996,0.085,1,-0.314,1.961,2,0.777,3.000,1,2,0,2
34,-10,17.250,-4.750,2,5,3.447,-0.206,5,5,9,1900.000,3200.000,-1.929,0.521,2,0.190,4.057,5,2.900,7.314,2,5,2,5
34,-9,17.250,-4.250,2,2,3.369,-0.008,3,5,7,1100.000,1300.000,0.061,0.012,2,-0.239,1.786,2,2.394,3.000,1,2,1,2
34,-8,17.250,-3.750,2,3,7.879,0.015,5,5,10,1500.000,1200.000,-1.110,1.568,2,0.698,0.694,3,2.920,4.414,2,3,2,3
34,-7,17.250,-3.250,2,2,1.611,-0.710,3,5,8,1600.000,1000.000,0.038,-0.073,2,0.097,1.745,2,2.000,2.000,0,0,0,0
34,-6,17.250,-2.750,0,1,0.000,0.000,1,5,6,1000.000,1400.000,0.000,0.000,0,-0.437,-0.899,1,0.000,1.000,0,0,0,0
34,-5,17.250,-2.250,1,1,5.535,0.015,2,2,4,0.000,600.000,0.513,0.858,1,0.627,0.779,1,1.000,0.969,0,1,0,0
34,-4,17.250,-1.750,1,0,9.011,0.015,1,3,4,100.000,400.000,-0.996,0.087,1,0.000,0.000,0,0.993,0.000,1,0,0,0
34,-3,17.250,-1.250,1,3,5.622,-1.282,4,4,8,500.000,600.000,1.000,0.009,1,0.751,1.046,3,1.500,4.000,1,2,1,2
34,-2,17.250,-0.750,5,3,10.546,-0.488,8,6,14,500.000,900.000,1.266,-0.600,5,-0.830,0.076,3,5.826,3.180,2,2,2,1
34,-1,17.250,-0.250,1,4,4.243,0.031,5,5,10,1000.000,900.000,-0.783,-0.622,1,2.235,0.220,4,1.000,5.491,0,3,0,3
34,0,17.250,0.250,0,2,0.000,0.000,2,5,7,1000.000,900.000,0.000,0.000,0,0.344,0.085,2,0.000,3.000,0,2,0,2
34,1,17.250,0.750,2,4,5.904,-0.938,6,6,12,1700.000,700.000,0.320,-0.380,2,-1.200,0.858,4,1.774,5.000,1,2,0,2
34,2,17.250,1.250,3,2,5.705,-0.015,5,6,10,4100.000,1300.000,-1.075,0.843,3,-0.271,-1.975,2,3.000,2.500,0,1,0,1
34,3,17.250,1.750,1,2,0.069,0.000,2,3,4,1800.000,200.000,-0.100,-0.995,1,-0.247,0.068,2,1.000,2.000,0,0,0,0
34,4,17.250,2.250,0,5,0.000,0.000,5,3,7,2400.000,0.000,0.000,0.000,0,0.068,-1.014,5,0.000,4.777,0,1,0,0
34,5,17.250,2.750,5,3,3.201,-0.015,6,4,10,3400.000,400.000,0.452,-0.770,5,-1.212,-0.218,3,5.000,4.000,0,2,0,2
34,6,17.250,3.250,3,3,0.021,0.000,3,5,8,1700.000,1000.000,-0.027,2.997,3,0.828,2.480,3,3.683,3.683,3,3,2,2
34,7,17.250,3.750,3,2,3.931,0.000,4,5,9,1100.000,1000.000,-0.402,-0.975,3,0.292,-1.813,2,3.655,2.500,2,1,2,1
34,8,17.250,4.250,2,2,13.998,-2.319,3,4,7,600.000,1400.000,-0.702,-1.870,2,0.434,-1.361,2,2.835,2.400,2,1,2,1
34,9,17.250,4.750,1,0,3.675,0.000,1,5,6,1200.000,1100.000,-0.044,-0.999,1,0.000,0.000,0,1.500,0.000,1,0,1,0
34,10,17.250,5.250,0,1,0.000,0.000,1,5,6,2400.000,1000.000,0.000,0.000,0,0.373,0.928,1,0.000,1.000,0,0,0,0
34,11,17.250,5.750,1,1,7.069,0.076,2,5,7,900.000,500.000,-0.301,-0.954,1,0.947,-0.323,1,1.000,1.000,0,0,0,0
34,12,17.250,6.250,2,0,6.534,-1.358,1,5,6,800.000,100.000,0.694,-1.452,2,0.000,0.000,0,2.676,0.000,2,0,2,0
34,13,17.250,6.750,0,0,0.000,0.000,0,5,5,1000.000,300.000,0.000,0.000,0,0.000,0.000,0,0.000,0.000,0,0,0,0
34,14,17.250,7.250,2,2,4.427,-0.366,3,6,9,3900.000,1000.000,-0.678,1.421,2,0.391,0.054,2,2.090,2.000,1,0,1,0
34,15,17.250,7.750,6,3,6.813,0.282,7,6,13,2900.000,4900.000,-0.388,1.299,6,2.465,1.316,3,7.941,4.000,4,2,4,2
34,16,17.250,8.250,4,2,6.212,0.000,6,6,12,5500.000,5300.000,-0.573,-1.586,4,0.767,-0.546,2,5.000,2.441,2,1,2,1
34,17,17.250,8.750,4,4,6.120,-1.038,8,6,14,4300.000,4500.000,-1.920,-2.442,4,1.032,-0.422,4,4.994,5.429,2,3,2,3
34,18,17.250,9.250,6,5,6.364,0.008,10,6,16,6900.000,4000.000,-2.136,-2.406,6,-1.529,-1.943,5,5.574,5.500,1,1,0,1
34,19,17.250,9.750,3,6,4.637,0.015,8,6,14,6900.000,6300.000,-2.319,-1.760,3,-3.215,-2.137,6,3.500,6.782,1,2,1,2
34,20,17.250,10.250,5,4,3.907,0.000,8,6,14,6500.000,6100.000,-0.347,-2.397,5,3.769,-1.120,4,6.381,4.853,4,2,3,2
34,21,17.250,10.750,9,5,4.115,0.000,11,6,17,6700.000,6600.000,1.193,-4.809,9,2.542,-1.870,5,10.096,6.500,3,3,3,3
34,22,17.250,11.250,2,4,5.608,0.076,6,6,12,6800.000,5700.000,0.947,-1.409,2,-1.680,-3.468,4,2.500,5.000,1,2,1,2
34,23,17.250,11.750,3,1,2.871,0.000,3,6,8,6000.000,8600.000,-1.047,0.266,3,0.116,0.993,1,3.000,1.000,0,0,0,0
34,24,17.250,12.250,2,6,2.520,-0.313,7,6,12,6900.000,7000.000,0.673,0.026,2,0.785,-5.541,6,2.429,7.773,1,4,1,4
34,25,17.250,12.750,2,6,4.367,0.412,8,6,14,7700.000,4600.000,0.718,-1.827,2,-1.088,-1.387,6,2.000,7.128,0,3,0,3
34,26,17.250,13.250,4,5,7.475,0.320,7,6,12,5600.000,3600.000,0.437,-0.467,4,-0.384,-0.965,5,4.000,5.367,0,1,0,1
34,27,17.250,13.750,4,3,2.748,0.038,6,6,12,3400.000,3000.000,-2.157,0.662,4,-1.262,-0.416,3,4.698,3.500,3,1,2,1
34,28,17.250,14.250,2,1,10.030,-0.786,3,5,8,3200.000,1500.000,-0.310,-1.968,2,0.682,0.731,1,2.726,1.000,2,0,2,0
34,29,17.250,14.750,1,0,6.503,0.885,1,4,5,2500.000,1300.000,0.084,-0.996,1,0.000,0.000,0,1.000,0.000,0,0,0,0
34,30,17.250,15.250,5,2,0.502,0.000,4,6,10,1900.000,2400.000,-1.912,-1.078,5,-0.027,-0.011,2,5.316,2.083,4,2,2,1
34,31,17.250,15.750,2,0,7.116,-0.359,2,5,7,2600.000,2300.000,0.183,-1.990,2,0.000,0.000,0,2.500,0.000,1,0,1,0
34,32,17.250,16.250,2,1,2.510,0.015,3,2,5,800.000,500.000,0.142,-1.982,2,-0.162,-0.987,1,2.500,1.000,1,0,1,0
34,33,17.250,16.750,0,0,0.000,0.000,0,1,1,0.000,200.000,0.000,0.000,0,0.000,0.000,0,0.000,0.000,0,0,0,0
34,34,17.250,17.250,0,0,0.000,0.000,0,1,1,0.000,500.000,0.000,0.000,0,0.000,0.000,0,0.000,0.000,0,0,0,0
34,48,17.250,24.250,0,1,0.000,0.000,1,0,1,0.000,0.000,0.000,0.000,0,0.406,-0.914,1,0.000,1.000,0,0,0,0
35,-33,17.750,-16.250,3,2,0.319,0.000,3,5,8,2400.000,4800.000,-0.394,2.826,3,0.894,1.697,2,2.237,2.021,3,2,1,1
35,-32,17.750,-15.750,8,7,2.750,0.130,11,6,17,800.000,3200.000,-1.104,0.569,8,2.410,0.667,7,9.187,8.237,5,5,4,4
35,-31,17.750,-15.250,8,5,3.744,0.252,11,6,16,4300.000,8000.000,-2.850,-0.738,8,0.092,4.482,5,9.535,4.761,5,2,4,1
35,-30,17.750,-14.750,3,0,0.426,0.000,3,6,9,7200.000,12600.000,0.313,2.086,3,0.000,0.000,0,3.235,0.000,1,0,1,0
35,-29,17.750,-14.250,9,8,0.326,0.000,10,6,16,10200.000,4500.000,2.082,3.259,9,5.353,-0.201,8,9.956,8.923,2,2,2,2
35,-28,17.750,-13.750,3,5,0.212,0.015,6,6,12,7100.000,2100.000,-1.041,-0.440,3,-0.826,-2.025,5,3.889,5.413,3,4,2,2
35,-27,17.750,-13.250,0,1,0.000,0.000,1,6,7,1000.000,400.000,0.000,0.000,0,0.950,-0.311,1,0.000,1.344,0,1,0,1
35,-23,17.750,-11.250,3,4,2.678,2.197,7,6,13,7300.000,3800.000,-1.944,1.892,3,0.591,0.314,4,3.820,5.296,2,3,2,3
35,-22,17.750,-10.750,5,4,5.333,2.197,8,6,14,5300.000,1800.000,-1.070,1.803,5,0.726,0.728,4,6.271,5.000,4,2,3,2
35,-21,17.750,-10.250,3,3,3.107,0.000,5,5,10,1800.000,2100.000,-0.603,0.974,3,-0.705,2.239,3,3.500,3.000,1,0,1,0
35,-20,17.750,-9.750,3,1,3.581,0.000,4,6,10,1000.000,1500.000,-1.031,-0.562,3,-0.812,-0.583,1,3.000,1.500,0,1,0,1
35,-19,17.750,-9.250,4,2,4.740,1.205,5,6,11,2500.000,3200.000,-1.914,-0.295,4,1.919,0.555,2,4.190,3.000,1,2,1,2
35,-18,17.750,-8.750,3,1,8.013,-0.092,4,6,10,1100.000,4000.000,1.149,1.958,3,0.944,-0.331,1,3.500,1.000,1,0,1,0
35,-17,17.750,-8.250,1,2,10.141,4.898,3,4,7,500.000,1500.000,-0.186,0.983,1,-1.410,1.399,2,1.000,2.226,0,1,0,1
35,-16,17.750,-7.750,4,1,8.193,2.937,5,3,8,400.000,500.000,-0.314,2.223,4,0.988,-0.153,1,5.000,1.000,2,0,2,0
35,-15,17.750,-7.250,1,0,6.853,0.000,1,3,4,200.000,500.000,-0.998,-0.066,1,0.000,0.000,0,1.000,0.000,0,0,0,0
35,-14,17.750,-6.750,1,0,7.072,-1.129,1,4,5,500.000,900.000,-0.939,-0.345,1,0.000,0.000,0,1.000,0.000,0,0,0,0
35,-13,17.750,-6.250,3,1,6.318,2.075,4,4,8,700.000,1300.000,-0.933,2.728,3,-0.868,0.497,1,3.678,1.000,2,0,2,0
35,-12,17.750,-5.750,2,1,11.822,1.122,3,4,7,400.000,700.000,-1.625,1.111,2,0.584,-0.812,1,2.485,1.000,1,0,1,0
35,-11,17.750,-5.250,2,2,6.038,0.435,4,4,8,4000.000,500.000,-1.379,-0.704,2,-0.314,1.967,2,2.500,3.000,1,2,1,2
35,-10,17.750,-4.750,2,8,7.001,0.290,10,5,14,3900.000,1200.000,-1.420,1.332,2,-3.261,6.153,8,2.991,9.267,2,5,2,4
35,-9,17.750,-4.250,4,1,1.506,0.114,3,6,9,2700.000,800.000,-0.713,0.204,4,-0.691,0.723,1,4.901,0.925,3,1,2,0
35,-8,17.750,-3.750,3,3,9.930,-0.275,6,6,12,1900.000,500.000,0.294,0.597,3,-0.749,-0.360,3,3.420,3.835,1,2,1,2
35,-7,17.750,-3.250,3,1,4.913,1.007,4,6,10,1900.000,700.000,-0.486,2.214,3,-0.421,0.907,1,3.540,1.000,2,0,1,0
35,-6,17.750,-2.750,1,3,1.876,-0.763,4,6,10,1600.000,1000.000,-0.122,-0.992,1,-1.475,0.927,3,0.774,3.991,1,2,0,2
35,-5,17.750,-2.250,2,1,6.538,-1.640,3,5,7,700.000,1100.000,1.541,1.098,2,0.480,0.877,1,2.500,1.500,1,1,1,1
35,-4,17.750,-1.750,0,4,0.000,0.000,4,4,8,100.000,900.000,0.000,0.000,0,-2.358,2.067,4,0.000,5.277,0,4,0,4
35,-3,17.750,-1.250,1,1,3.895,-0.610,2,2,4,0.000,300.000,-0.714,0.701,1,-0.918,-0.397,1,1.000,1.000,0,0,0,0
35,-2,17.750,-0.750,3,1,5.398,-1.282,4,5,9,1000.000,300.000,1.178,-0.820,3,0.472,-0.882,1,3.746,1.000,2,0,2,0
35,-1,17.750,-0.250,1,1,8.845,0.671,2,4,5,1600.000,500.000,-0.989,-0.148,1,-0.919,-0.393,1,0.883,1.000,1,0,0,0
35,0,17.750,0.250,2,2,9.786,-2.388,3,4,6,1300.000,700.000,-0.140,-1.990,2,0.548,-0.742,2,2.450,2.500,1,1,1,1
35,1,17.750,0.750,5,1,5.933,-0.214,4,3,7,100.000,800.000,1.907,-1.902,5,-0.768,0.641,1,7.000,1.500,4,1,4,1
35,2,17.750,1.250,3,1,13.363,-2.151,3,6,8,6000.000,2100.000,1.590,-1.808,3,0.205,-0.979,1,4.441,1.000,3,0,3,0
35,3,17.750,1.750,0,1,0.000,0.000,1,4,5,2000.000,700.000,0.000,0.000,0,-0.814,-0.580,1,0.000,1.226,0,1,0,1
35,4,17.750,2.250,0,0,0.000,0.000,0,1,1,100.000,0.000,0.000,0.000,0,0.000,0.000,0,0.000,0.000,0,0,0,0
35,5,17.750,2.750,0,0,0.000,0.000,0,1,1,100.000,0.000,0.000,0.000,0,0.000,0.000,0,0.000,0.000,0,0,0,0
35,6,17.750,3.250,1,2,5.858,-0.244,3,4,7,2400.000,500.000,-0.185,0.983,1,0.508,-0.918,2,0.883,2.637,1,2,0,2
35,7,17.750,3.750,2,1,5.799,-0.046,3,5,8,2900.000,700.000,0.176,1.981,2,0.989,-0.151,1,2.000,1.500,0,1,0,1
35,8,17.750,4.250,3,1,7.317,-0.031,4,4,7,1100.000,200.000,-0.190,2.992,3,0.609,-0.794,1,3.000,1.264,0,1,0,1
35,9,17.750,4.750,2,1,5.574,0.122,3,5,8,900.000,700.000,0.874,0.987,2,-0.315,-0.949,1,2.500,1.453,1,1,1,1
35,10,17.750,5.250,1,1,3.313,-0.626,2,6,8,1100.000,1900.000,-0.155,-0.988,1,-0.306,-0.952,1,1.000,1.000,0,0,0,0
35,11,17.750,5.750,2,2,7.919,0.137,4,6,10,2300.000,1100.000,-0.186,0.049,2,-0.856,-1.783,2,2.802,2.000,2,0,2,0
35,12,17.750,6.250,0,3,0.000,0.000,3,6,9,2100.000,800.000,0.000,0.000,0,1.429,-2.542,3,0.000,3.726,0,2,0,2
35,13,17.750,6.750,3,2,8.744,-0.015,4,6,9,2100.000,1600.000,0.910,-2.596,3,-0.246,0.025,2,3.994,2.000,2,0,2,0
35,14,17.750,7.250,4,1,9.278,-0.092,5,6,10,6700.000,10500.000,0.730,-2.099,4,0.398,0.917,1,4.994,1.000,2,0,2,0
35,15,17.750,7.750,5,4,0.434,0.000,7,6,12,4400.000,9700.000,-0.020,-0.531,5,-0.996,-0.550,4,5.167,4.667,1,2,1,2
35,16,17.750,8.250,4,8,6.462,0.038,11,6,15,7000.000,8300.000,2.026,0.290,4,-2.092,-3.535,8,5.000,8.796,2,2,2,2
35,17,17.750,8.750,8,4,2.970,-0.282,11,6,17,3900.000,6200.000,1.126,0.488,8,-0.027,2.836,4,9.000,4.000,2,0,2,0
35,18,17.750,9.250,4,4,3.341,-0.015,7,6,12,6200.000,6900.000,-3.250,-0.885,4,2.198,-2.149,4,4.000,4.500,0,1,0,1
35,19,17.750,9.750,5,7,8.166,-0.854,11,6,16,8800.000,9700.000,-1.674,-2.563,5,0.029,-0.285,7,5.726,7.726,2,2,2,2
35,20,17.750,10.250,7,3,5.946,0.000,9,6,14,8400.000,7800.000,-1.616,-4.521,7,-1.447,-1.574,3,7.500,3.000,1,0,1,0
35,21,17.750,10.750,3,5,5.824,-0.046,8,6,14,5300.000,7500.000,-1.204,-0.205,3,2.005,0.111,5,3.500,5.376,1,1,1,1
35,22,17.750,11.250,5,4,2.891,0.000,6,6,11,5100.000,6200.000,2.029,-3.951,5,-0.429,-0.058,4,6.500,4.500,3,1,3,1
35,23,17.750,11.750,5,3,4.326,0.000,8,6,13,5700.000,3600.000,-0.481,-2.864,5,-0.186,-1.014,3,6.000,2.733,2,1,2,0
35,24,17.750,12.250,1,3,0.431,-0.183,4,6,10,5900.000,4200.000,0.486,-0.874,1,-0.002,-2.946,3,0.733,3.948,1,3,0,2
35,25,17.750,12.750,3,3,2.282,-0.473,5,6,11,4700.000,4600.000,0.142,-0.787,3,1.257,-2.696,3,3.403,3.500,1,1,1,1
35,26,17.750,13.250,3,1,1.485,0.000,4,6,9,4700.000,4200.000,-1.996,-0.230,3,-0.159,0.987,1,3.867,1.500,2,1,2,1
35,27,17.750,13.750,4,4,3.171,0.099,7,6,13,6500.000,7000.000,-0.373,-3.952,4,-0.635,-1.985,4,4.906,4.000,2,0,2,0
35,28,17.750,14.250,1,4,0.276,0.000,5,4,7,5600.000,2700.000,0.822,0.569,1,0.220,-2.010,4,1.367,4.681,1,2,1,2
35,29,17.750,14.750,2,3,1.730,0.999,5,4,9,4100.000,2000.000,-1.501,-0.992,2,-0.954,1.901,3,2.000,3.000,0,0,0,0
35,30,17.750,15.250,2,3,0.299,0.130,5,6,11,2800.000,2500.000,-0.253,-1.943,2,0.768,1.633,3,2.000,3.233,0,2,0,1
35,31,17.750,15.750,1,1,0.295,-0.015,1,5,6,3700.000,2600.000,0.043,0.999,1,0.043,0.999,1,1.500,1.465,1,1,1,1
35,32,17.750,16.250,6,5,0.384,0.046,4,3,7,1000.000,1500.000,-1.211,-0.816,6,-2.177,-0.718,5,7.173,6.208,3,3,3,3
35,33,17.750,16.750,4,3,4.534,0.023,5,0,5,0.000,0.000,0.076,-3.524,4,-0.797,-2.059,3,4.904,3.976,3,2,3,2
35,34,17.750,17.250,0,1,0.000,0.000,1,1,2,0.000,400.000,0.000,0.000,0,0.999,-0.055,1,0.000,1.500,0,1,0,1
35,35,17.750,17.750,0,0,0.000,0.000,0,1,1,0.000,200.000,0.000,0.000,0,0.000,0.000,0,0.000,0.000,0,0,0,0
36,-33,18.250,-16.250,2,3,3.445,0.145,5,5,10,2400.000,5000.000,-0.904,1.240,2,-2.836,0.670,3,2.844,3.316,2,2,2,1
36,-32,18.250,-15.750,4,1,4.530,0.198,4,6,10,2100.000,4200.000,-1.042,1.465,4,-0.993,-0.118,1,6.000,1.500,4,1,4,1
36,-31,18.250,-15.250,5,3,3.304,0.000,7,6,12,2500.000,3400.000,-2.304,0.788,5,-1.648,0.923,3,6.891,3.000,4,2,4,1
36,-30,18.250,-14.750,1,4,0.065,0.000,3,6,9,6100.000,5000.000,-0.667,-0.745,1,-0.917,-2.803,4,1.167,5.566,1,4,1,4
36,-29,18.250,-14.250,3,4,2.498,0.000,6,6,12,8000.000,6000.000,0.051,1.040,3,-0.585,-0.018,4,3.000,4.000,0,0,0,0
36,-28,18.250,-13.750,6,9,1.372,-0.008,13,6,18,8700.000,5200.000,2.083,1.274,6,1.166,0.994,9,7.437,11.758,4,8,4,7
36,-27,18.250,-13.250,5,5,2.228,-0.137,10,6,15,9400.000,5600.000,0.248,-2.270,5,0.684,1.189,5,5.844,5.786,2,3,2,3
36,-26,18.250,-12.750,5,6,2.131,0.000,9,6,15,6100.000,4300.000,-0.508,-2.327,5,1.594,0.914,6,7.140,7.690,5,4,5,4
36,-25,18.250,-12.250,2,6,2.643,-0.496,8,6,12,5000.000,2800.000,-0.091,0.030,2,0.048,1.199,6,2.226,7.181,1,3,1,3
36,-24,18.250,-11.750,3,0,0.290,0.015,3,5,8,3700.000,1300.000,1.621,-2.242,3,0.000,0.000,0,3.370,0.000,1,0,1,0
36,-23,18.250,-11.250,10,9,3.939,0.000,12,6,18,11300.000,6800.000,0.691,1.330,10,2.743,1.736,9,13.475,12.379,8,7,8,7
36,-22,18.250,-10.750,13,5,6.261,1.343,15,6,20,9700.000,5400.000,-4.008,3.704,13,2.950,-0.954,5,16.867,5.500,8,1,8,1
36,-21,18.250,-10.250,7,0,7.025,2.182,7,6,13,8100.000,3900.000,-3.546,0.565,7,0.000,0.000,0,8.367,0.000,5,0,4,0
36,-20,18.250,-9.750,0,0,0.000,0.000,0,5,5,1200.000,1100.000,0.000,0.000,0,0.000,0.000,0,0.000,0.000,0,0,0,0
36,-19,18.250,-9.250,1,3,0.242,0.000,3,6,9,2000.000,2700.000,-0.995,0.098,1,-1.975,1.751,3,1.279,3.773,1,2,1,2
36,-18,18.250,-8.750,2,2,2.899,0.008,4,6,10,1300.000,2300.000,-1.645,-0.973,2,0.584,1.208,2,2.000,2.000,0,0,0,0
36,-17,18.250,-8.250,1,0,0.360,0.259,1,6,7,600.000,1700.000,-0.404,-0.915,1,0.000,0.000,0,1.000,0.000,0,0,0,0
36,-16,18.250,-7.750,3,0,6.540,0.214,3,4,7,200.000,600.000,-0.849,0.273,3,0.000,0.000,0,3.500,0.000,1,0,1,0
36,-15,18.250,-7.250,0,1,0.000,0.000,1,2,3,100.000,100.000,0.000,0.000,0,-0.999,0.053,1,0.000,1.441,0,1,0,1
36,-14,18.250,-6.750,2,2,3.136,-0.008,4,4,8,200.000,900.000,-0.095,0.323,2,-1.435,1.392,2,3.000,2.000,2,0,2,0
36,-13,18.250,-6.250,5,2,6.605,0.015,7,4,11,300.000,1100.000,-2.467,0.951,5,-1.717,0.947,2,5.457,2.000,2,0,2,0
36,-12,18.250,-5.750,3,4,7.302,1.343,7,4,11,400.000,900.000,-0.504,1.288,3,-0.127,0.131,4,3.799,4.500,2,1,2,1
36,-11,18.250,-5.250,2,0,10.558,-0.313,2,2,3,0.000,700.000,0.472,-0.033,2,0.000,0.000,0,2.500,0.000,1,0,1,0
36,-10,18.250,-4.750,0,1,0.000,0.000,1,2,3,0.000,800.000,0.000,0.000,0,0.059,-0.998,1,0.000,1.500,0,1,0,1
36,-9,18.250,-4.250,2,3,4.702,0.267,4,2,6,200.000,500.000,0.646,-1.112,2,-1.147,2.133,3,3.000,4.420,2,3,2,3
36,-8,18.250,-3.750,0,0,0.000,0.000,0,3,3,600.000,800.000,0.000,0.000,0,0.000,0.000,0,0.000,0.000,0,0,0,0
36,-7,18.250,-3.250,0,0,0.000,0.000,0,2,2,500.000,0.000,0.000,0.000,0,0.000,0.000,0,0.000,0.000,0,0,0,0
36,-6,18.250,-2.750,2,2,7.832,-1.167,3,4,7,2100.000,500.000,1.530,1.255,2,0.002,-0.002,2,3.000,3.000,2,2,2,2
36,-5,18.250,-2.250,0,2,0.000,0.000,2,5,7,1000.000,1200.000,0.000,0.000,0,-1.893,0.645,2,0.000,3.000,0,2,0,2
36,-4,18.250,-1.750,3,4,1.175,0.000,7,5,12,500.000,1100.000,0.819,2.252,3,2.314,-0.162,4,2.500,5.122,1,3,0,3
36,-3,18.250,-1.250,0,2,0.000,0.000,2,5,7,1300.000,200.000,0.000,0.000,0,-1.889,0.079,2,0.000,2.000,0,0,0,0
36,-2,18.250,-0.750,2,0,4.366,-1.045,2,5,7,1500.000,500.000,-0.782,-1.058,2,0.000,0.000,0,2.500,0.000,1,0,1,0
36,-1,18.250,-0.250,0,2,0.000,0.000,2,3,5,1100.000,100.000,0.000,0.000,0,1.019,1.662,2,0.000,2.473,0,1,0,1
36,0,18.250,0.250,0,0,0.000,0.000,0,3,3,900.000,1800.000,0.000,0.000,0,0.000,0.000,0,0.000,0.000,0,0,0,0
36,1,18.250,0.750,3,0,9.314,-0.244,3,3,6,200.000,1200.000,-0.411,-1.909,3,0.000,0.000,0,3.500,0.000,1,0,1,0
36,2,18.250,1.250,9,2,9.080,-0.824,10,6,15,5300.000,3100.000,-0.984,-6.011,9,-0.194,0.234,2,12.245,2.500,8,1,7,1
36,3,18.250,1.750,4,1,13.717,-1.701,4,5,8,1700.000,1600.000,-0.904,-3.507,4,-0.927,-0.376,1,4.695,1.131,3,1,2,1
36,5,18.250,2.750,0,1,0.000,0.000,1,1,2,0.000,1100.000,0.000,0.000,0,0.840,0.543,1,0.000,1.037,0,1,0,0
36,6,18.250,3.250,0,4,0.000,0.000,4,5,9,7800.000,700.000,0.000,0.000,0,1.100,2.856,4,0.000,5.655,0,4,0,4
36,7,18.250,3.750,2,4,3.267,-0.229,6,5,11,2000.000,1100.000,0.348,0.102,2,0.712,-3.453,4,2.329,4.500,1,3,1,2
36,8,18.250,4.250,2,2,2.703,-0.015,3,5,7,1300.000,400.000,0.649,1.760,2,0.146,0.023,2,2.000,2.500,0,1,0,1
36,9,18.250,4.750,3,3,3.962,-0.290,6,4,10,700.000,500.000,0.136,0.994,3,0.151,-2.434,3,4.000,3.369,2,2,2,1
36,10,18.250,5.250,1,1,2.004,0.031,2,5,7,1400.000,200.000,-0.099,-0.995,1,0.611,-0.792,1,1.178,1.500,1,1,1,1
36,11,18.250,5.750,3,0,7.995,-0.839,3,6,8,2300.000,1000.000,1.250,-0.341,3,0.000,0.000,0,3.681,0.000,2,0,2,0
36,12,18.250,6.250,4,5,3.722,-0.038,8,6,13,2100.000,1200.000,1.042,0.423,4,-1.025,0.894,5,4.735,5.994,2,2,2,2
36,13,18.250,6.750,2,2,5.430,-0.015,4,4,8,1300.000,500.000,-0.088,1.987,2,-0.537,-1.890,2,2.329,2.000,1,0,1,0
36,14,18.250,7.250,1,4,4.743,-0.122,5,5,10,4400.000,4900.000,-0.065,0.998,1,1.610,-0.570,4,1.409,4.994,1,2,1,2
36,15,18.250,7.750,6,5,2.350,0.221,9,6,14,2900.000,6800.000,-1.862,1.177,6,1.841,1.542,5,7.500,6.500,3,3,3,3
36,16,18.250,8.250,3,2,2.739,0.488,4,6,9,4600.000,4600.000,-0.002,1.561,3,-0.082,0.842,2,3.500,2.500,1,1,1,1
36,17,18.250,8.750,4,3,4.452,0.252,7,6,12,3800.000,5300.000,1.865,0.225,4,-0.174,1.075,3,4.876,3.500,2,1,2,1
36,18,18.250,9.250,2,5,7.681,-1.701,7,6,11,4300.000,6200.000,-1.823,-0.817,2,-2.333,-3.644,5,2.500,5.500,1,1,1,1
36,19,18.250,9.750,6,8,5.389,-0.320,13,6,18,7000.000,9600.000,-1.900,-3.487,6,2.207,3.469,8,6.985,8.044,2,2,2,1
36,20,18.250,10.250,4,1,7.784,-0.320,5,6,11,6200.000,8300.000,0.691,-2.338,4,-0.866,-0.500,1,4.000,1.000,0,0,0,0
36,21,18.250,10.750,1,0,5.502,0.732,1,6,7,1000.000,2900.000,0.618,-0.786,1,0.000,0.000,0,1.500,0.000,1,0,1,0
36,22,18.250,11.250,3,3,1.700,0.000,5,6,11,2100.000,6100.000,-0.428,0.095,3,-1.145,-1.803,3,4.285,4.500,3,3,3,3
36,23,18.250,11.750,1,1,6.319,0.748,2,6,8,2500.000,1000.000,0.597,-0.802,1,-0.798,0.603,1,1.500,1.500,1,1,1,1
36,24,18.250,12.250,0,2,0.000,0.000,2,4,6,5300.000,1000.000,0.000,0.000,0,-0.986,-1.667,2,0.000,2.167,0,1,0,1
36,25,18.250,12.750,0,0,0.000,0.000,0,1,1,0.000,200.000,0.000,0.000,0,0.000,0.000,0,0.000,0.000,0,0,0,0
36,26,18.250,13.250,1,0,2.884,0.717,1,3,4,100.000,600.000,0.390,0.921,1,0.000,0.000,0,1.000,0.000,0,0,0,0
36,27,18.250,13.750,0,0,0.000,0.000,0,1,1,0.000,300.000,0.000,0.000,0,0.000,0.000,0,0.000,0.000,0,0,0,0
36,28,18.250,14.250,0,3,0.000,0.000,3,4,7,2000.000,2900.000,0.000,0.000,0,0.675,-2.590,3,0.000,3.500,0,1,0,1
36,29,18.250,14.750,0,1,0.000,0.000,1,3,3,1300.000,600.000,0.000,0.000,0,-0.721,-0.693,1,0.000,1.367,0,1,0,1
36,30,18.250,15.250,0,0,0.000,0.000,0,4,4,1900.000,1900.000,0.000,0.000,0,0.000,0.000,0,0.000,0.000,0,0,0,0
36,31,18.250,15.750,0,2,0.000,0.000,2,6,8,3700.000,3900.000,0.000,0.000,0,0.908,-1.107,2,0.000,2.000,0,0,0,0
36,32,18.250,16.250,1,0,7.539,0.244,1,4,5,1800.000,800.000,-0.101,-0.995,1,0.000,0.000,0,1.500,0.000,1,0,1,0
36,33,18.250,16.750,1,2,0.305,0.092,3,3,6,100.000,500.000,0.958,0.287,1,-0.752,-1.840,2,0.683,2.500,1,1,0,1
36,34,18.250,17.250,1,1,0.530,-0.031,2,2,4,0.000,600.000,-0.995,-0.103,1,0.824,-0.566,1,1.500,1.000,1,0,1,0
36,35,18.250,17.750,0,0,0.000,0.000,0,1,1,0.000,100.000,0.000,0.000,0,0.000,0.000,0,0.000,0.000,0,0,0,0
37,-33,18.750,-16.250,4,2,4.047,-0.015,6,6,11,2700.000,4200.000,-2.668,1.529,4,-1.993,0.101,2,4.500,2.717,1,2,1,2
37,-32,18.750,-15.750,6,4,2.350,0.023,7,5,12,2900.000,3000.000,-0.741,0.749,6,-0.983,0.220,4,8.497,5.373,5,3,5,3
37,-31,18.750,-15.250,0,3,0.000,0.000,3,6,9,2900.000,4200.000,0.000,0.000,0,-1.414,-0.225,3,0.000,3.500,0,1,0,1
37,-30,18.750,-14.750,3,1,3.686,-0.031,3,6,9,4500.000,3700.000,-1.494,-0.107,3,-0.936,-0.352,1,3.000,1.500,0,1,0,1
37,-29,18.750,-14.250,1,1,1.854,0.000,2,6,8,5300.000,6000.000,-0.593,-0.805,1,0.151,0.989,1,1.000,1.000,0,0,0,0
37,-28,18.750,-13.750,5,3,3.309,0.000,8,6,13,8000.000,6100.000,-1.426,0.726,5,-1.796,-0.671,3,5.929,3.000,2,0,2,0
37,-27,18.750,-13.250,4,2,0.491,-0.038,6,6,10,11600.000,6600.000,-1.286,0.269,4,-0.649,-0.572,2,5.500,2.000,3,0,3,0
37,-26,18.750,-12.750,7,10,8.328,0.000,16,6,20,15600.000,13900.000,-2.015,4.109,7,0.785,3.148,10,8.885,10.799,4,4,4,3
37,-25,18.750,-12.250,9,12,1.676,0.015,16,6,21,19600.000,22800.000,0.683,0.615,9,-3.684,10.439,12,10.000,13.953,2,6,2,5
37,-24,18.750,-11.750,13,12,4.176,0.046,20,6,24,30900.000,30700.000,-1.422,-1.865,13,-5.173,5.320,12,16.125,15.341,7,7,7,7
37,-23,18.750,-11.250,18,9,7.279,0.206,19,6,23,24300.000,14200.000,-6.733,4.034,18,-1.610,2.314,9,21.370,11.788,7,6,7,6
37,-22,18.750,-10.750,8,3,10.512,1.106,11,6,16,12100.000,5900.000,-1.150,2.238,8,-1.108,-2.236,3,9.170,3.235,5,1,3,1
37,-21,18.750,-10.250,8,2,10.507,2.190,9,6,15,7200.000,4700.000,-3.915,3.902,8,-0.885,-0.672,2,10.342,2.000,6,0,6,0
37,-20,18.750,-9.750,3,1,11.665,4.410,4,4,8,1200.000,900.000,-1.596,2.426,3,-0.101,-0.995,1,3.500,1.000,1,0,1,0
37,-19,18.750,-9.250,1,2,3.381,0.793,3,6,8,1900.000,2300.000,-0.396,0.918,1,-0.228,-0.187,2,1.000,2.000,0,2,0,1
37,-18,18.750,-8.750,2,1,4.270,0.000,3,6,9,1500.000,1500.000,1.779,-0.913,2,0.909,0.416,1,2.000,1.500,0,1,0,1
37,-17,18.750,-8.250,1,2,3.375,0.458,3,6,9,700.000,1400.000,0.973,-0.229,1,-0.097,-0.300,2,1.000,2.450,0,1,0,1
37,-16,18.750,-7.750,0,1,0.000,0.000,1,6,7,800.000,900.000,0.000,0.000,0,-0.884,0.468,1,0.000,1.000,0,0,0,0
37,-15,18.750,-7.250,4,2,8.796,1.106,6,3,9,700.000,500.000,-1.538,1.933,4,0.396,1.070,2,4.000,2.000,0,0,0,0
37,-14,18.750,-6.750,3,1,9.511,-0.305,4,5,8,600.000,600.000,-0.570,-0.222,3,0.236,0.972,1,3.181,1.155,1,1,1,1
37,-13,18.750,-6.250,2,2,8.450,-0.015,4,4,8,800.000,1100.000,-1.058,-1.043,2,0.109,0.269,2,2.000,2.491,0,1,0,1
37,-12,18.750,-5.750,1,2,9.152,3.052,3,5,7,11300.000,3100.000,-0.752,0.659,1,-1.620,-0.673,2,1.453,3.000,1,2,1,2
37,-11,18.750,-5.250,0,0,0.000,0.000,0,3,3,500.000,1500.000,0.000,0.000,0,0.000,0.000,0,0.000,0.000,0,0,0,0
37,-10,18.750,-4.750,3,0,6.704,2.289,3,3,6,600.000,900.000,-2.280,-0.827,3,0.000,0.000,0,3.714,0.000,2,0,2,0
37,-9,18.750,-4.250,2,5,5.883,1.915,7,5,12,1100.000,1800.000,-1.785,0.649,2,-3.369,3.201,5,2.000,6.799,2,4,1,4
37,-8,18.750,-3.750,2,1,11.556,-0.015,3,4,7,900.000,1700.000,0.654,1.888,2,0.392,0.920,1,2.000,1.000,0,0,0,0
37,-7,18.750,-3.250,1,2,3.975,1.633,3,2,5,200.000,1500.000,-0.352,0.936,1,-0.603,0.576,2,1.500,2.500,1,1,1,1
37,-6,18.750,-2.750,3,0,4.340,2.625,3,2,5,200.000,1100.000,-0.137,-0.375,3,0.000,0.000,0,4.000,0.000,2,0,2,0
37,-5,18.750,-2.250,1,2,4.175,0.000,3,6,9,2100.000,500.000,0.488,0.873,1,-0.302,-1.390,2,1.000,2.500,0,1,0,1
37,-4,18.750,-1.750,1,5,0.266,-0.015,4,6,10,1400.000,1700.000,0.098,0.995,1,-1.935,0.319,5,1.000,5.000,0,0,0,0
37,-3,18.750,-1.250,2,5,0.130,0.000,4,4,8,800.000,1000.000,1.209,-1.495,2,1.410,-0.001,5,2.000,5.923,0,2,0,2
37,-2,18.750,-0.750,1,4,12.404,0.580,5,5,10,900.000,700.000,0.308,-0.951,1,0.060,-0.033,4,1.423,3.913,1,3,1,1
37,-1,18.750,-0.250,2,1,6.435,-0.786,3,4,7,600.000,400.000,0.015,-0.149,2,-0.972,-0.236,1,2.000,1.000,0,0,0,0
37,0,18.750,0.250,0,1,0.000,0.000,1,3,4,300.000,1600.000,0.000,0.000,0,-0.921,-0.389,1,0.000,1.388,0,1,0,1
37,1,18.750,0.750,3,4,6.038,-0.641,6,3,9,900.000,1000.000,1.200,0.122,3,-2.390,-2.596,4,4.500,4.757,3,3,3,3
37,2,18.750,1.250,2,3,12.370,-1.472,5,6,8,3100.000,2000.000,-0.416,-1.782,2,0.401,-1.440,3,2.994,3.500,2,1,2,1
37,3,18.750,1.750,3,2,11.005,-1.343,5,6,11,3800.000,2600.000,0.009,-2.481,3,-0.158,0.044,2,4.500,1.993,3,1,3,0
37,4,18.750,2.250,0,2,0.000,0.000,2,3,5,500.000,400.000,0.000,0.000,0,0.768,-1.322,2,0.000,2.037,0,1,0,0
37,5,18.750,2.750,0,2,0.000,0.000,2,5,6,3100.000,0.000,0.000,0.000,0,-0.626,0.020,2,0.000,2.500,0,1,0,1
37,6,18.750,3.250,1,3,3.083,0.000,4,5,8,4500.000,600.000,0.327,-0.945,1,0.118,-2.748,3,1.235,4.000,1,2,1,2
37,7,18.750,3.750,4,0,4.415,-0.671,4,6,10,1700.000,400.000,0.850,0.357,4,0.000,0.000,0,4.226,0.000,1,0,1,0
37,8,18.750,4.250,1,3,4.208,-2.228,4,5,9,1500.000,1100.000,0.771,-0.637,1,1.397,-2.384,3,1.500,4.000,1,2,1,2
37,9,18.750,4.750,1,1,2.486,0.000,2,4,6,700.000,900.000,0.469,-0.883,1,-0.462,-0.887,1,1.000,1.406,0,1,0,1
37,10,18.750,5.250,4,6,3.830,-0.076,10,4,12,2000.000,300.000,-0.864,-1.739,4,-1.074,-1.778,6,4.985,6.969,2,3,2,3
37,11,18.750,5.750,1,1,6.981,-0.595,2,5,7,1800.000,300.000,-0.225,0.974,1,0.028,-1.000,1,1.000,1.500,0,1,0,1
37,12,18.750,6.250,0,1,0.000,0.000,1,1,2,200.000,0.000,0.000,0.000,0,-0.959,-0.283,1,0.000,1.235,0,1,0,1
37,13,18.750,6.750,0,0,0.000,0.000,0,3,3,400.000,100.000,0.000,0.000,0,0.000,0.000,0,0.000,0.000,0,0,0,0
37,14,18.750,7.250,3,1,4.743,0.610,4,6,10,4000.000,4500.000,-0.519,1.964,3,0.477,0.879,1,3.826,1.500,2,1,2,1
37,15,18.750,7.750,4,1,4.191,0.801,5,6,9,4200.000,8200.000,-1.012,2.722,4,-0.331,-0.944,1,4.853,1.000,2,0,2,0
37,16,18.750,8.250,3,5,4.684,0.107,7,6,12,2800.000,3400.000,1.918,-1.493,3,-1.573,1.640,5,3.450,5.500,1,1,1,1
37,17,18.750,8.750,6,3,4.771,0.000,8,6,13,3400.000,4500.000,1.747,0.926,6,0.464,-0.406,3,6.000,3.705,0,2,0,2
37,18,18.750,9.250,8,6,3.922,0.000,14,5,18,3400.000,4100.000,1.659,-1.190,8,-2.103,1.092,6,8.425,6.000,2,0,1,0
37,19,18.750,9.750,5,1,4.787,0.015,6,6,12,6300.000,8100.000,-3.504,-1.988,5,0.526,-0.851,1,5.485,1.500,1,1,1,1
37,20,18.750,10.250,6,5,6.014,-0.175,8,6,14,5000.000,5100.000,-0.212,-2.826,6,-0.676,-1.613,5,6.870,5.500,2,1,2,1
37,21,18.750,10.750,3,2,3.743,0.549,4,6,10,2300.000,1000.000,0.020,1.456,3,0.090,0.053,2,3.000,1.774,0,1,0,0
37,22,18.750,11.250,2,0,8.668,2.121,2,3,5,400.000,2800.000,0.223,0.107,2,0.000,0.000,0,2.500,0.000,1,0,1,0
37,23,18.750,11.750,0,1,0.000,0.000,1,2,3,100.000,1400.000,0.000,0.000,0,-0.184,-0.983,1,0.000,1.447,0,1,0,1
37,24,18.750,12.250,0,1,0.000,0.000,1,2,3,5300.000,12100.000,0.000,0.000,0,-0.134,-0.991,1,0.000,1.329,0,1,0,1
37,27,18.750,13.750,1,0,1.032,0.549,1,3,4,0.000,600.000,-0.659,0.752,1,0.000,0.000,0,1.000,0.000,0,0,0,0
37,28,18.750,14.250,0,2,0.000,0.000,2,4,6,900.000,1200.000,0.000,0.000,0,-0.854,-1.808,2,0.000,2.000,0,0,0,0
37,29,18.750,14.750,0,1,0.000,0.000,1,4,4,400.000,700.000,0.000,0.000,0,-0.125,-0.992,1,0.000,1.000,0,0,0,0
37,30,18.750,15.250,1,0,4.140,1.038,1,4,5,800.000,200.000,0.999,0.036,1,0.000,0.000,0,1.500,0.000,1,0,1,0
37,31,18.750,15.750,1,0,0.350,-0.076,1,6,7,3100.000,3100.000,0.747,0.665,1,0.000,0.000,0,1.000,0.000,0,0,0,0
37,32,18.750,16.250,1,1,5.349,3.784,2,5,7,1700.000,1500.000,-0.990,0.138,1,0.997,-0.080,1,1.000,1.000,0,0,0,0
37,33,18.750,16.750,2,1,2.472,-0.023,3,3,6,300.000,700.000,0.249,-0.465,2,-0.987,-0.160,1,2.664,0.683,2,1,2,0
37,34,18.750,17.250,1,0,3.317,0.381,1,3,3,0.000,700.000,-0.337,-0.941,1,0.000,0.000,0,1.000,0.000,0,0,0,0
37,35,18.750,17.750,0,0,0.000,0.000,0,2,2,0.000,1900.000,0.000,0.000,0,0.000,0.000,0,0.000,0.000,0,0,0,0
38,-33,19.250,-16.250,5,1,2.363,0.000,6,6,12,4600.000,7000.000,1.562,3.455,5,-0.109,0.994,1,6.235,1.000,3,0,3,0
38,-32,19.250,-15.750,3,4,1.561,0.427,6,6,12,2500.000,4400.000,-1.013,-0.812,3,0.176,1.888,4,3.876,4.500,2,1,2,1
38,-31,19.250,-15.250,2,4,1.911,0.008,6,6,11,3100.000,4300.000,-0.899,0.495,2,-0.713,1.229,4,2.991,4.590,2,2,2,2
38,-30,19.250,-14.750,6,1,3.314,0.000,7,6,13,4200.000,3400.000,-1.336,3.844,6,0.873,-0.488,1,7.500,0.686,3,1,3,0
38,-29,19.250,-14.250,3,2,3.171,0.000,5,6,11,5500.000,4000.000,-0.952,1.254,3,1.697,-0.447,2,4.456,2.211,3,1,3,1
38,-28,19.250,-13.750,5,2,1.977,0.000,6,6,12,6300.000,3700.000,-1.698,0.991,5,-1.177,-1.119,2,5.661,2.500,4,1,3,1
38,-27,19.250,-13.250,9,8,16.280,0.000,13,6,17,8000.000,11800.000,-1.462,6.063,9,-3.512,2.345,8,9.740,10.382,2,5,2,5
38,-26,19.250,-12.750,7,6,16.009,0.000,11,6,16,21300.000,15200.000,-3.240,1.246,7,-2.451,-1.226,6,10.246,7.978,7,5,7,5
38,-25,19.250,-12.250,8,3,5.806,0.130,10,6,13,20400.000,17700.000,-3.029,3.455,8,-2.232,1.376,3,9.155,3.000,3,0,3,0
38,-24,19.250,-11.750,7,6,2.788,0.031,12,6,17,8900.000,13400.000,-2.742,2.419,7,-2.636,1.239,6,8.929,7.367,4,3,4,3
38,-23,19.250,-11.250,17,20,2.935,0.443,26,6,31,18400.000,16000.000,0.146,3.169,17,-1.025,-4.558,20,19.128,23.761,7,8,6,8
38,-22,19.250,-10.750,4,4,4.737,0.252,8,6,14,12600.000,6400.000,-1.326,-1.055,4,0.682,-0.150,4,4.000,4.000,2,0,1,0
38,-21,19.250,-10.250,3,5,8.939,2.197,8,5,12,5600.000,4000.000,-2.331,1.656,3,-1.895,0.772,5,3.500,5.500,1,1,1,1
38,-20,19.250,-9.750,1,1,0.858,0.061,2,4,6,1100.000,1700.000,-0.762,0.647,1,0.989,-0.148,1,0.500,1.000,1,0,0,0
38,-19,19.250,-9.250,0,1,0.000,0.000,1,6,7,2000.000,1500.000,0.000,0.000,0,-0.999,0.036,1,0.000,1.500,0,1,0,1
38,-18,19.250,-8.750,2,1,8.298,0.145,3,6,9,2200.000,1000.000,-0.730,-0.781,2,0.763,0.646,1,2.500,1.000,1,0,1,0
38,-17,19.250,-8.250,3,2,7.678,-0.748,5,6,11,1200.000,2000.000,1.297,0.541,3,-0.021,0.609,2,3.631,2.000,2,0,2,0
38,-16,19.250,-7.750,1,1,2.553,0.000,2,5,7,900.000,1300.000,-0.570,0.822,1,-0.580,0.814,1,1.000,1.500,0,1,0,1
38,-15,19.250,-7.250,4,0,11.686,-0.313,4,4,8,1100.000,1000.000,-1.747,2.982,4,0.000,0.000,0,4.000,0.000,0,0,0,0
38,-14,19.250,-6.750,0,4,0.000,0.000,4,5,9,1000.000,2100.000,0.000,0.000,0,-2.186,-0.097,4,0.000,4.500,0,1,0,1
38,-13,19.250,-6.250,2,0,6.910,0.809,2,5,7,300.000,1700.000,-0.839,1.526,2,0.000,0.000,0,2.385,0.000,1,0,1,0
38,-12,19.250,-5.750,0,2,0.000,0.000,1,6,7,3800.000,2500.000,0.000,0.000,0,-1.384,-0.558,2,0.000,2.950,0,2,0,2
38,-11,19.250,-5.250,5,7,11.208,0.214,10,5,14,2700.000,4600.000,-2.838,3.195,5,-4.149,1.061,7,6.000,9.204,2,6,2,5
38,-10,19.250,-4.750,1,8,13.119,-0.015,8,5,13,2400.000,3700.000,-0.678,0.735,1,-5.673,1.168,8,1.000,8.718,0,5,0,3
38,-9,19.250,-4.250,1,1,10.701,1.511,2,5,7,900.000,800.000,-0.910,0.414,1,0.242,0.970,1,1.000,1.000,0,0,0,0
38,-8,19.250,-3.750,1,4,15.342,-0.015,5,6,11,1300.000,800.000,0.225,0.974,1,-2.341,0.009,4,1.500,4.976,1,2,1,2
38,-7,19.250,-3.250,2,0,11.096,-0.031,2,6,8,800.000,1400.000,0.730,1.859,2,0.000,0.000,0,2.000,0.000,0,0,0,0
38,-6,19.250,-2.750,1,1,6.795,1.816,2,5,6,600.000,1500.000,0.038,0.999,1,-0.950,0.313,1,1.125,1.000,1,0,1,0
38,-5,19.250,-2.250,1,1,8.343,0.000,2,4,6,600.000,400.000,0.513,0.858,1,-0.914,-0.405,1,1.000,1.000,0,0,0,0
38,-4,19.250,-1.750,2,4,4.112,-0.389,5,6,11,2700.000,2100.000,-1.576,-0.554,2,-2.826,0.948,4,2.690,5.637,2,4,2,4
38,-3,19.250,-1.250,1,1,5.308,0.397,2,5,7,700.000,400.000,-0.093,0.996,1,-0.974,0.227,1,1.500,1.285,1,1,1,1
38,-2,19.250,-0.750,1,4,1.820,0.000,5,5,10,1000.000,600.000,-0.260,0.966,1,-1.860,-0.507,4,1.500,4.429,1,3,1,2
38,-1,19.250,-0.250,1,2,4.664,0.824,3,3,6,400.000,500.000,-0.933,-0.359,1,-1.859,-0.620,2,1.000,2.000,0,0,0,0
38,0,19.250,0.250,5,0,4.054,0.000,5,3,8,100.000,800.000,-3.132,-0.572,5,0.000,0.000,0,5.000,0.000,0,0,0,0
38,1,19.250,0.750,1,1,11.461,-0.488,2,5,7,600.000,1600.000,-0.112,0.994,1,-0.723,-0.691,1,1.040,1.173,1,1,0,1
38,2,19.250,1.250,2,3,3.614,0.061,5,6,11,2100.000,1800.000,1.776,-0.263,2,-2.254,-1.890,3,2.500,3.000,1,0,1,0
38,3,19.250,1.750,1,2,3.701,-0.015,3,6,9,5200.000,2100.000,-0.417,-0.909,1,-1.194,-1.456,2,1.370,3.000,1,2,1,2
38,4,19.250,2.250,1,2,0.403,0.000,3,6,8,2300.000,1200.000,0.272,0.962,1,-0.786,-1.523,2,1.000,3.000,0,2,0,2
38,5,19.250,2.750,0,2,0.000,0.000,2,6,7,2700.000,600.000,0.000,0.000,0,-0.036,-0.006,2,0.000,2.000,0,0,0,0
38,6,19.250,3.250,2,2,4.367,0.336,4,6,10,1200.000,600.000,-1.051,1.487,2,1.884,-0.670,2,2.900,1.988,2,2,2,1
38,7,19.250,3.750,1,2,0.430,0.168,3,3,6,300.000,900.000,0.798,0.602,1,0.483,-1.865,2,0.574,2.593,1,2,0,2
38,8,19.250,4.250,3,0,2.389,0.000,3,3,6,200.000,500.000,0.010,-0.974,3,0.000,0.000,0,3.493,0.000,2,0,1,0
38,9,19.250,4.750,2,1,8.609,-1.358,3,5,8,600.000,300.000,0.898,-1.322,2,0.916,0.400,1,3.000,1.000,2,0,2,0
38,10,19.250,5.250,0,0,0.000,0.000,0,5,5,1100.000,500.000,0.000,0.000,0,0.000,0.000,0,0.000,0.000,0,0,0,0
38,11,19.250,5.750,0,1,0.000,0.000,1,4,5,900.000,0.000,0.000,0.000,0,-0.072,-0.997,1,0.000,1.000,0,0,0,0
38,14,19.250,7.250,1,0,4.995,0.824,1,4,5,6800.000,1600.000,1.000,-0.007,1,0.000,0.000,0,1.476,0.000,1,0,1,0
38,15,19.250,7.750,6,5,5.351,0.633,10,6,16,4000.000,5500.000,-1.283,3.253,6,-1.089,2.635,5,7.133,6.338,4,3,3,3
38,16,19.250,8.250,3,1,9.001,0.137,4,6,10,1400.000,3900.000,-1.205,-0.926,3,-0.941,0.338,1,4.311,1.370,3,1,3,1
38,17,19.250,8.750,3,8,7.578,-1.068,8,6,14,2100.000,6200.000,-2.892,0.629,3,3.669,0.247,8,3.037,8.500,1,1,0,1
38,18,19.250,9.250,5,4,5.156,-0.641,8,6,14,4400.000,4100.000,-0.024,-2.747,5,1.091,-1.194,4,5.131,5.500,1,3,1,3
38,19,19.250,9.750,7,3,9.389,-0.015,9,6,15,6300.000,8800.000,-1.593,-3.036,7,0.243,-2.168,3,8.299,3.500,3,1,3,1
38,20,19.250,10.250,4,1,11.079,-1.091,5,6,10,5700.000,4700.000,-1.867,-1.931,4,-0.933,-0.360,1,4.000,1.000,0,0,0,0
38,21,19.250,10.750,2,1,5.086,0.298,3,4,6,1200.000,1600.000,1.131,-1.588,2,-0.898,-0.440,1,2.912,1.000,2,0,2,0
38,22,19.250,11.250,0,0,0.000,0.000,0,1,1,0.000,100.000,0.000,0.000,0,0.000,0.000,0,0.000,0.000,0,0,0,0
38,27,19.250,13.750,0,0,0.000,0.000,0,3,3,0.000,600.000,0.000,0.000,0,0.000,0.000,0,0.000,0.000,0,0,0,0
38,28,19.250,14.250,1,0,6.561,0.488,1,4,5,1000.000,1000.000,-0.562,-0.827,1,0.000,0.000,0,1.000,0.000,0,0,0,0
38,29,19.250,14.750,1,1,3.246,1.053,2,3,4,300.000,800.000,0.869,0.496,1,-0.481,-0.877,1,1.000,1.500,0,1,0,1
38,30,19.250,15.250,0,1,0.000,0.000,1,2,3,500.000,0.000,0.000,0.000,0,0.733,0.680,1,0.000,1.500,0,1,0,1
38,31,19.250,15.750,3,5,0.344,0.076,3,5,8,3300.000,2700.000,-0.758,-0.402,3,-1.453,-2.896,5,3.000,5.500,0,1,0,1
38,32,19.250,16.250,0,4,0.000,0.000,4,5,9,1800.000,1500.000,0.000,0.000,0,1.435,-2.145,4,0.000,4.000,0,0,0,0
38,33,19.250,16.750,1,0,3.964,-0.778,1,3,4,400.000,600.000,1.000,-0.009,1,0.000,0.000,0,1.000,0.000,0,0,0,0
38,34,19.250,17.250,0,1,0.000,0.000,1,3,3,0.000,1000.000,0.000,0.000,0,-0.673,-0.739,1,0.000,1.000,0,0,0,0
38,35,19.250,17.750,0,0,0.000,0.000,0,1,1,0.000,800.000,0.000,0.000,0,0.000,0.000,0,0.000,0.000,0,0,0,0
39,-33,19.750,-16.250,5,1,3.030,0.015,6,5,11,3300.000,6400.000,-0.335,4.055,5,0.984,-0.178,1,6.491,1.500,3,1,3,1
39,-32,19.750,-15.750,5,5,0.361,0.000,8,6,13,3500.000,5400.000,-0.864,-0.210,5,-0.321,2.786,5,5.913,5.991,3,2,2,2
39,-31,19.750,-15.250,4,2,2.778,0.145,6,6,12,4500.000,3300.000,-1.290,0.779,4,-1.645,0.752,2,4.027,3.000,4,2,2,2
39,-30,19.750,-14.750,1,4,0.347,-0.046,5,6,11,9600.000,3700.000,-0.943,0.332,1,-0.128,-0.985,4,0.686,4.500,1,1,0,1
39,-29,19.750,-14.250,6,5,2.504,0.000,8,6,14,8100.000,3100.000,-3.106,2.890,6,-2.960,0.797,5,5.254,4.574,6,3,2,1
39,-28,19.750,-13.750,3,5,17.334,0.000,7,6,13,8300.000,3300.000,-1.164,0.872,3,-2.632,0.252,5,3.000,5.643,0,2,0,2
39,-27,19.750,-13.250,6,6,17.976,0.366,10,6,16,12500.000,3400.000,-3.176,3.986,6,-1.417,-0.389,6,7.000,5.913,2,1,2,0
39,-26,19.750,-12.750,3,1,21.488,0.214,4,6,10,16100.000,13700.000,-1.495,2.579,3,-0.590,-0.807,1,4.000,0.774,2,1,2,0
39,-25,19.750,-12.250,1,2,3.740,0.366,3,6,9,4200.000,7100.000,0.229,-0.973,1,-1.143,-0.741,2,1.500,2.500,1,1,1,1
39,-23,19.750,-11.250,3,8,2.260,-0.443,9,6,14,6000.000,6700.000,-2.442,-0.215,3,-3.580,2.157,8,2.774,8.920,1,2,0,2
39,-22,19.750,-10.750,6,9,3.102,0.000,12,6,18,11400.000,8300.000,2.407,0.024,6,-1.638,4.261,9,5.993,8.780,1,1,0,0
39,-21,19.750,-10.250,7,3,8.036,0.000,9,6,15,5900.000,5700.000,-2.084,-0.422,7,-0.345,1.081,3,8.758,3.000,4,0,4,0
39,-20,19.750,-9.750,4,4,15.473,0.504,8,5,13,800.000,2300.000,-3.256,2.007,4,-0.029,0.578,4,4.500,4.500,1,1,1,1
39,-19,19.750,-9.250,3,2,9.597,1.312,5,6,11,2200.000,2500.000,-0.725,1.514,3,0.391,1.280,2,3.531,2.355,2,1,2,1
39,-18,19.750,-8.750,1,0,7.737,-1.877,1,6,7,1900.000,1000.000,0.108,-0.994,1,0.000,0.000,0,1.485,0.000,1,0,1,0
39,-17,19.750,-8.250,3,0,2.300,0.000,3,6,9,1300.000,2100.000,-0.608,-1.713,3,0.000,0.000,0,3.000,0.000,0,0,0,0
39,-16,19.750,-7.750,1,2,6.859,0.000,3,3,6,200.000,1000.000,-0.790,-0.613,1,0.499,0.195,2,1.000,2.500,0,1,0,1
39,-15,19.750,-7.250,2,0,4.604,-0.031,2,5,7,400.000,1500.000,-0.707,-0.724,2,0.000,0.000,0,2.000,0.000,0,0,0,0
39,-14,19.750,-6.750,1,3,2.778,1.083,4,5,8,200.000,1600.000,0.357,-0.934,1,-0.873,0.390,3,1.500,3.953,1,2,1,2
39,-13,19.750,-6.250,0,4,0.000,0.000,4,5,9,1000.000,900.000,0.000,0.000,0,-1.026,0.424,4,0.000,5.000,0,2,0,2
39,-12,19.750,-5.750,0,3,0.000,0.000,3,5,8,1700.000,600.000,0.000,0.000,0,-1.540,-0.785,3,0.000,3.950,0,2,0,2
39,-11,19.750,-5.250,1,0,11.086,0.000,1,4,5,1900.000,300.000,-0.681,0.732,1,0.000,0.000,0,1.500,0.000,1,0,1,0
39,-10,19.750,-4.750,1,4,6.880,-1.053,5,4,8,2800.000,900.000,0.333,-0.943,1,-2.565,-0.767,4,1.491,4.923,1,2,1,2
39,-9,19.750,-4.250,1,0,18.381,2.136,1,4,5,2300.000,2100.000,-0.105,0.995,1,0.000,0.000,0,1.500,0.000,1,0,1,0
39,-8,19.750,-3.750,1,2,7.701,2.213,3,4,6,700.000,500.000,-0.173,0.985,1,-1.502,-0.068,2,1.500,2.500,1,1,1,1
39,-7,19.750,-3.250,1,0,5.850,2.213,1,3,4,400.000,500.000,-0.074,0.997,1,0.000,0.000,0,1.500,0.000,1,0,1,0
39,-6,19.750,-2.750,2,1,4.801,0.923,3,3,6,400.000,500.000,0.072,1.996,2,-0.720,0.694,1,3.000,1.167,2,1,2,1
39,-5,19.750,-2.250,1,2,10.528,-2.426,3,4,7,400.000,2100.000,-0.736,-0.677,1,-0.455,-1.830,2,1.500,2.923,1,2,1,2
39,-4,19.750,-1.750,2,5,6.433,1.541,6,6,12,2700.000,2600.000,-0.706,1.583,2,-3.048,1.331,5,2.929,6.187,2,3,2,3
39,-3,19.750,-1.250,4,2,4.077,1.083,6,5,11,900.000,1600.000,1.636,0.982,4,1.180,1.532,2,4.500,1.733,1,1,1,0
39,-2,19.750,-0.750,0,0,0.000,0.000,0,3,3,800.000,600.000,0.000,0.000,0,0.000,0.000,0,0.000,0.000,0,0,0,0
39,-1,19.750,-0.250,6,1,4.988,-0.137,7,3,10,900.000,700.000,-2.889,-1.120,6,0.902,-0.432,1,6.370,1.000,1,0,1,0
39,0,19.750,0.250,2,3,3.756,-0.008,5,3,8,400.000,400.000,1.881,-0.575,2,0.720,-0.487,3,2.000,4.420,0,3,0,3
39,1,19.750,0.750,1,1,9.180,-2.228,2,4,6,400.000,700.000,-0.899,-0.439,1,-0.317,0.949,1,1.302,1.235,1,1,1,1
39,2,19.750,1.250,2,2,1.298,-0.099,3,5,8,1000.000,900.000,0.120,-1.411,2,-0.144,-1.064,2,1.500,1.973,1,2,0,1
39,3,19.750,1.750,3,4,1.095,0.000,6,6,12,3200.000,1800.000,-0.610,2.268,3,0.549,-0.916,4,3.000,5.296,0,3,0,3
39,4,19.750,2.250,3,4,0.384,-0.336,4,6,10,4000.000,1300.000,0.326,0.772,3,1.458,-0.018,4,4.447,5.447,3,3,3,3
39,5,19.750,2.750,3,2,7.708,-0.015,5,6,11,1600.000,500.000,1.394,-1.763,3,0.482,1.418,2,3.909,2.000,2,0,2,0
39,6,19.750,3.250,3,2,2.431,0.000,5,4,9,800.000,100.000,-1.986,0.013,3,1.011,-0.007,2,4.143,2.764,3,2,3,2
39,7,19.750,3.750,1,3,0.380,0.244,3,6,9,1000.000,400.000,-0.414,-0.910,1,-1.762,-0.729,3,1.000,2.574,0,1,0,0
39,8,19.750,4.250,1,2,6.749,-0.015,2,5,7,1200.000,300.000,-0.337,0.942,1,0.094,0.039,2,1.000,2.000,0,0,0,0
39,9,19.750,4.750,1,1,5.126,-0.366,2,4,6,1000.000,200.000,-0.287,-0.958,1,-0.995,-0.095,1,1.473,1.000,1,0,1,0
39,10,19.750,5.250,0,0,0.000,0.000,0,4,4,1100.000,1700.000,0.000,0.000,0,0.000,0.000,0,0.000,0.000,0,0,0,0
39,11,19.750,5.750,0,0,0.000,0.000,0,2,2,1300.000,0.000,0.000,0.000,0,0.000,0.000,0,0.000,0.000,0,0,0,0
39,14,19.750,7.250,2,0,2.944,0.854,2,5,7,300.000,1000.000,-0.019,0.649,2,0.000,0.000,0,2.235,0.000,1,0,1,0
39,15,19.750,7.750,0,3,0.000,0.000,3,6,8,5300.000,6400.000,0.000,0.000,0,-1.238,-0.357,3,0.000,4.000,0,2,0,2
39,16,19.750,8.250,1,2,7.389,-0.031,3,6,9,2100.000,4700.000,0.801,-0.598,1,-1.730,0.901,2,1.000,2.537,0,2,0,1
39,17,19.750,8.750,4,4,6.159,0.015,5,6,10,5200.000,4900.000,-2.183,-0.430,4,-1.802,0.832,4,4.000,4.000,0,0,0,0
39,18,19.750,9.250,4,3,2.406,0.000,6,6,12,6700.000,6700.000,0.366,-0.712,4,-2.690,0.349,3,4.000,3.000,0,0,0,0
39,19,19.750,9.750,5,4,4.273,0.015,8,6,14,7700.000,7200.000,2.444,-2.135,5,-3.746,-1.033,4,5.500,4.214,1,1,1,1
39,20,19.750,10.250,2,3,7.097,0.000,4,6,10,5800.000,4500.000,1.087,-1.678,2,-0.215,-1.964,3,2.000,3.000,0,0,0,0
39,21,19.750,10.750,0,0,0.000,0.000,0,3,3,800.000,600.000,0.000,0.000,0,0.000,0.000,0,0.000,0.000,0,0,0,0
39,27,19.750,13.750,1,1,4.205,0.717,2,2,4,0.000,300.000,0.981,-0.192,1,0.993,0.117,1,1.500,1.000,1,0,1,0
39,28,19.750,14.250,1,3,0.389,0.320,3,4,7,900.000,1800.000,-0.083,-0.997,1,0.598,0.542,3,1.000,3.500,0,1,0,1
39,29,19.750,14.750,1,0,1.999,-1.205,1,3,4,400.000,700.000,0.744,-0.668,1,0.000,0.000,0,1.226,0.000,1,0,1,0
39,30,19.750,15.250,2,0,2.586,-0.092,2,2,3,700.000,0.000,1.726,-0.734,2,0.000,0.000,0,2.367,0.000,1,0,1,0
39,31,19.750,15.750,0,1,0.000,0.000,1,5,6,3300.000,3000.000,0.000,0.000,0,0.988,0.152,1,0.000,1.000,0,0,0,0
39,32,19.750,16.250,0,1,0.000,0.000,1,5,6,1900.000,1500.000,0.000,0.000,0,-0.969,-0.248,1,0.000,1.000,0,0,0,0
39,33,19.750,16.750,0,0,0.000,0.000,0,5,5,600.000,800.000,0.000,0.000,0,0.000,0.000,0,0.000,0.000,0,0,0,0
39,34,19.750,17.250,2,1,4.011,0.092,2,2,4,0.000,400.000,-0.009,-1.243,2,-0.788,-0.616,1,2.655,1.037,2,1,2,0
39,35,19.750,17.750,1,0,5.872,-1.007,1,1,2,0.000,200.000,0.558,-0.830,1,0.000,0.000,0,1.500,0.000,1,0,1,0
40,-33,20.250,-16.250,4,4,2.979,-0.298,7,6,12,3500.000,6900.000,-2.035,1.988,4,-3.189,1.096,4,5.965,4.913,4,3,4,2
40,-32,20.250,-15.750,3,2,4.399,-0.275,5,6,10,6400.000,7500.000,-2.948,0.383,3,-0.787,1.839,2,3.497,2.500,1,1,1,1
40,-31,20.250,-15.250,2,1,0.857,0.511,3,6,9,4300.000,8200.000,0.387,0.772,2,-1.000,-0.004,1,2.941,1.500,2,1,2,1
40,-30,20.250,-14.750,0,5,0.000,0.000,5,6,11,3800.000,1800.000,0.000,0.000,0,-1.420,0.380,5,0.000,6.876,0,4,0,4
40,-29,20.250,-14.250,0,1,0.000,0.000,1,5,5,600.000,700.000,0.000,0.000,0,-0.430,0.903,1,0.000,1.000,0,0,0,0
40,-28,20.250,-13.750,4,5,2.046,-0.107,7,6,13,4300.000,4200.000,-1.358,0.636,4,-2.126,0.919,5,4.271,5.991,2,2,1,2
40,-27,20.250,-13.250,1,1,0.135,0.000,2,6,8,6500.000,1100.000,-0.896,-0.443,1,-0.014,-1.000,1,1.000,1.500,0,1,0,1
40,-26,20.250,-12.750,1,1,0.684,0.473,2,6,8,5600.000,2200.000,0.365,0.931,1,-0.879,0.476,1,1.000,1.500,0,1,0,1
40,-25,20.250,-12.250,2,2,4.781,-0.496,3,6,9,7900.000,12100.000,-1.029,-1.537,2,-1.595,-0.633,2,2.000,2.500,0,1,0,1
40,-23,20.250,-11.250,6,7,15.861,1.503,12,6,17,14800.000,15700.000,-2.635,3.490,6,3.727,3.596,7,6.853,7.149,2,3,2,2
40,-22,20.250,-10.750,12,6,8.599,0.000,16,6,21,17000.000,17500.000,-2.325,4.748,12,-0.382,2.572,6,13.912,6.904,6,3,5,2
40,-21,20.250,-10.250,2,2,10.369,0.000,3,6,9,8200.000,5500.000,0.243,0.490,2,-1.068,1.691,2,1.671,1.780,1,1,0,0
40,-20,20.250,-9.750,7,7,12.858,1.419,14,5,18,3500.000,2700.000,0.314,4.926,7,-5.288,2.236,7,7.938,6.385,4,3,4,1
40,-19,20.250,-9.250,0,3,0.000,0.000,3,6,9,2900.000,2700.000,0.000,0.000,0,-2.249,1.745,3,0.000,2.500,0,1,0,0
40,-18,20.250,-8.750,2,1,10.636,-1.183,3,6,9,1800.000,1500.000,-0.071,-0.059,2,0.464,-0.886,1,2.500,1.000,1,0,1,0
40,-17,20.250,-8.250,1,1,2.449,0.000,2,6,7,500.000,1400.000,-0.973,0.233,1,0.989,0.148,1,1.000,1.000,0,0,0,0
40,-16,20.250,-7.750,2,1,2.767,-0.076,3,5,8,800.000,1700.000,1.916,0.389,2,-0.847,0.532,1,2.000,1.000,0,0,0,0
40,-15,20.250,-7.250,1,0,6.269,-2.197,1,5,6,200.000,1400.000,-0.061,-0.998,1,0.000,0.000,0,1.000,0.000,0,0,0,0
40,-14,20.250,-6.750,6,0,10.268,-1.991,5,4,9,600.000,900.000,-4.271,1.563,6,0.000,0.000,0,6.000,0.000,0,0,0,0
40,-13,20.250,-6.250,1,2,12.107,-1.709,3,3,5,1000.000,200.000,-0.693,0.721,1,0.181,0.532,2,1.394,2.537,1,2,1,1
40,-12,20.250,-5.750,0,1,0.000,0.000,1,6,7,1700.000,200.000,0.000,0.000,0,-0.646,-0.763,1,0.000,1.000,0,0,0,0
40,-11,20.250,-5.250,2,3,9.089,1.320,4,6,10,3400.000,1100.000,-0.738,-0.602,2,-0.025,0.901,3,2.500,3.500,1,1,1,1
40,-10,20.250,-4.750,1,3,7.697,-0.992,4,6,9,2300.000,700.000,0.217,-0.976,1,-0.949,0.235,3,1.441,4.465,1,3,1,3
40,-9,20.250,-4.250,2,2,5.212,1.038,4,3,7,600.000,2200.000,-0.771,-0.486,2,-1.615,1.168,2,2.000,3.000,0,2,0,2
40,-4,20.250,-1.750,1,1,6.912,-1.541,2,6,8,1800.000,2000.000,0.811,0.585,1,0.657,0.753,1,1.000,1.397,0,1,0,1
40,-3,20.250,-1.250,4,4,3.529,-1.129,8,6,12,1700.000,2200.000,2.958,1.400,4,-1.228,1.779,4,4.000,4.491,0,1,0,1
40,-2,20.250,-0.750,2,3,1.784,-0.740,4,4,8,900.000,1800.000,1.706,0.899,2,-0.228,1.177,3,2.500,2.925,1,1,1,0
40,-1,20.250,-0.250,2,5,1.593,0.221,6,4,10,200.000,1100.000,-0.613,0.930,2,-2.109,1.286,5,2.000,5.934,0,3,0,2
40,0,20.250,0.250,1,3,0.422,-0.076,3,4,7,500.000,1000.000,0.020,-1.000,1,-0.049,-0.758,3,1.000,3.500,0,1,0,1
40,1,20.250,0.750,2,2,4.314,0.496,3,6,9,500.000,600.000,-1.455,-0.063,2,-1.071,1.603,2,1.500,2.000,1,2,0,1
40,2,20.250,1.250,1,2,0.874,0.793,3,5,8,1100.000,100.000,-0.337,-0.941,1,0.817,-0.687,2,1.500,2.500,1,1,1,1
40,3,20.250,1.750,2,0,4.069,0.237,2,5,7,2000.000,1100.000,-1.487,-0.040,2,0.000,0.000,0,2.000,0.000,0,0,0,0
40,4,20.250,2.250,2,3,4.975,-0.671,5,5,10,1800.000,1200.000,0.239,-0.770,2,0.401,0.950,3,3.000,3.888,2,2,2,2
40,5,20.250,2.750,1,3,4.369,-1.068,4,5,9,2800.000,800.000,-0.370,-0.929,1,-0.489,-0.861,3,1.500,3.500,1,1,1,1
40,6,20.250,3.250,4,1,3.178,0.000,4,4,8,1400.000,100.000,-2.227,0.521,4,0.378,-0.926,1,4.835,1.500,2,1,2,1
40,7,20.250,3.750,1,1,0.289,0.061,2,5,6,1400.000,1000.000,0.618,-0.786,1,0.319,-0.948,1,1.000,0.683,0,1,0,0
40,8,20.250,4.250,0,2,0.000,0.000,1,5,6,1800.000,200.000,0.000,0.000,0,-1.204,-0.334,2,0.000,2.994,0,2,0,2
40,9,20.250,4.750,3,3,8.827,-1.526,4,4,8,1000.000,300.000,0.867,-1.426,3,0.833,-1.441,3,4.473,4.025,3,3,3,3
40,10,20.250,5.250,0,0,0.000,0.000,0,3,3,800.000,400.000,0.000,0.000,0,0.000,0.000,0,0.000,0.000,0,0,0,0
40,11,20.250,5.750,0,0,0.000,0.000,0,3,3,400.000,300.000,0.000,0.000,0,0.000,0.000,0,0.000,0.000,0,0,0,0
40,14,20.250,7.250,2,6,2.219,-0.450,7,6,12,4000.000,8900.000,0.548,1.918,2,2.860,1.257,6,2.000,7.429,0,3,0,3
40,15,20.250,7.750,1,7,4.074,0.702,7,6,13,6100.000,8700.000,0.752,-0.659,1,0.038,0.791,7,1.500,8.786,1,5,1,4
40,16,20.250,8.250,3,5,7.212,-0.214,8,6,14,3800.000,6100.000,0.328,-2.176,3,0.176,-1.249,5,3.853,5.500,2,1,2,1
40,17,20.250,8.750,6,11,1.183,-0.046,11,6,16,5000.000,4900.000,-0.637,1.221,6,-3.490,0.450,11,6.469,11.572,2,2,1,2
40,18,20.250,9.250,3,2,4.104,0.198,4,6,9,4300.000,4400.000,0.536,-0.739,3,0.168,-0.376,2,3.000,2.000,0,0,0,0
40,19,20.250,9.750,1,0,0.333,0.244,1,6,7,5000.000,8000.000,0.898,0.440,1,0.000,0.000,0,1.000,0.000,0,0,0,0
40,20,20.250,10.250,6,3,4.820,0.015,9,6,14,6100.000,5000.000,-2.494,-2.595,6,-1.539,-1.534,3,6.869,2.615,3,1,3,0
40,21,20.250,10.750,1,1,3.848,-0.717,2,3,5,19500.000,400.000,0.308,-0.952,1,-0.942,-0.335,1,1.000,1.000,0,0,0,0
40,22,20.250,11.250,0,0,0.000,0.000,0,1,1,100.000,0.000,0.000,0.000,0,0.000,0.000,0,0.000,0.000,0,0,0,0
40,26,20.250,13.250,0,0,0.000,0.000,0,1,1,0.000,200.000,0.000,0.000,0,0.000,0.000,0,0.000,0.000,0,0,0,0
40,27,20.250,13.750,1,0,12.153,-0.076,1,1,2,0.000,400.000,0.303,-0.953,1,0.000,0.000,0,1.500,0.000,1,0,1,0
40,28,20.250,14.250,1,3,7.001,-1.312,4,4,8,700.000,1500.000,-0.160,-0.987,1,2.445,-1.450,3,1.000,3.500,0,1,0,1
40,29,20.250,14.750,2,0,7.890,1.602,2,4,6,500.000,900.000,-0.658,0.241,2,0.000,0.000,0,2.500,0.000,1,0,1,0
40,30,20.250,15.250,0,0,0.000,0.000,0,4,4,500.000,700.000,0.000,0.000,0,0.000,0.000,0,0.000,0.000,0,0,0,0
40,31,20.250,15.750,5,0,2.818,0.381,4,5,9,3700.000,4200.000,-0.916,-1.365,5,0.000,0.000,0,5.956,0.000,2,0,2,0
40,32,20.250,16.250,1,0,0.250,0.031,1,4,5,1100.000,800.000,-0.451,0.892,1,0.000,0.000,0,1.000,0.000,0,0,0,0
40,33,20.250,16.750,0,1,0.000,0.000,1,5,6,700.000,700.000,0.000,0.000,0,0.194,-0.981,1,0.000,1.000,0,0,0,0
40,34,20.250,17.250,1,2,5.866,0.137,3,2,5,0.000,800.000,-0.701,-0.713,1,-0.808,-1.157,2,1.500,2.711,1,2,1,2
40,35,20.250,17.750,2,1,4.320,0.572,3,2,5,0.000,300.000,-1.512,-1.304,2,0.704,-0.710,1,2.233,1.000,2,0,1,0
40,37,20.250,18.750,0,1,0.000,0.000,1,0,1,0.000,0.000,0.000,0.000,0,-0.042,-0.999,1,0.000,1.000,0,0,0,0
41,-33,20.750,-16.250,5,8,1.962,0.122,11,6,17,3300.000,5000.000,1.386,2.470,5,0.430,3.578,8,6.968,10.932,4,6,4,6
41,-32,20.750,-15.750,2,6,12.394,-0.458,7,6,13,7700.000,10800.000,-1.410,0.792,2,-2.890,1.396,6,3.000,8.468,2,5,2,5
41,-31,20.750,-15.250,3,2,4.454,-0.473,4,6,10,4200.000,2800.000,-1.794,2.173,3,-1.989,-0.206,2,3.423,2.500,1,1,1,1
41,-23,20.750,-11.250,4,3,10.737,0.000,6,6,11,5900.000,10200.000,0.703,1.974,4,0.752,2.672,3,5.500,3.882,3,2,3,2
41,-22,20.750,-10.750,6,5,14.658,1.137,11,6,16,16000.000,20700.000,-0.926,3.650,6,1.895,1.867,5,7.882,5.500,4,1,4,1
41,-21,20.750,-10.250,6,7,10.906,1.190,12,6,17,15600.000,8500.000,-0.742,1.672,6,-0.726,0.120,7,6.658,8.920,2,4,2,4
41,-20,20.750,-9.750,6,10,5.567,0.084,14,6,19,2700.000,5500.000,1.282,-0.098,6,-5.554,3.696,10,7.176,11.860,3,5,3,5
41,-19,20.750,-9.250,3,3,4.231,0.870,6,6,11,2700.000,2800.000,-0.890,0.610,3,-1.825,2.247,3,3.155,4.000,1,2,1,2
41,-18,20.750,-8.750,5,2,7.337,-0.061,7,6,11,2000.000,1900.000,2.468,1.310,5,-0.643,1.332,2,5.912,2.500,2,1,2,1
41,-17,20.750,-8.250,1,1,8.957,0.000,2,5,7,1300.000,1500.000,-0.938,-0.348,1,0.749,-0.662,1,1.370,1.261,1,1,1,1
41,-16,20.750,-7.750,0,0,0.000,0.000,0,5,5,1000.000,1200.000,0.000,0.000,0,0.000,0.000,0,0.000,0.000,0,0,0,0
41,-15,20.750,-7.250,2,1,4.983,-0.023,2,6,8,1000.000,1500.000,-1.980,-0.142,2,0.954,0.299,1,2.000,1.000,0,0,0,0
41,-14,20.750,-6.750,0,0,0.000,0.000,0,6,6,1000.000,700.000,0.000,0.000,0,0.000,0.000,0,0.000,0.000,0,0,0,0
41,-13,20.750,-6.250,1,1,14.989,0.870,2,4,6,100.000,400.000,-0.996,-0.084,1,-0.999,-0.035,1,1.000,1.000,0,0,0,0
41,-12,20.750,-5.750,1,2,10.590,-1.266,3,3,6,900.000,800.000,0.116,-0.993,1,0.082,0.252,2,1.441,2.000,1,0,1,0
41,-11,20.750,-5.250,2,1,10.429,-0.450,3,5,8,3400.000,700.000,-1.349,-0.128,2,0.098,-0.995,1,2.953,1.500,2,1,2,1
41,-10,20.750,-4.750,0,1,0.000,0.000,1,6,6,3800.000,600.000,0.000,0.000,0,-0.928,-0.372,1,0.000,1.000,0,0,0,0
41,-9,20.750,-4.250,1,0,9.480,-0.015,1,1,2,300.000,100.000,-0.996,0.090,1,0.000,0.000,0,1.447,0.000,1,0,1,0
41,-4,20.750,-1.750,2,1,7.459,0.435,3,5,8,1400.000,1200.000,-0.935,1.754,2,0.280,0.960,1,3.000,1.000,2,0,2,0
41,-3,20.750,-1.250,3,2,6.515,-1.740,5,6,10,2600.000,2500.000,-0.383,1.748,3,-1.415,1.088,2,3.861,2.500,2,1,2,1
41,-2,20.750,-0.750,4,3,6.001,0.389,5,5,10,1500.000,1300.000,-3.819,0.342,4,0.401,1.461,3,4.274,2.816,2,1,1,0
41,-1,20.750,-0.250,3,1,2.526,-0.977,4,5,9,1500.000,900.000,-0.970,1.305,3,-0.991,0.137,1,3.000,1.000,2,0,1,0
41,0,20.750,0.250,2,2,4.120,-0.191,4,5,9,700.000,200.000,0.260,-0.705,2,-0.008,-0.805,2,2.000,2.000,0,0,0,0
41,1,20.750,0.750,1,2,2.970,-1.114,2,6,8,800.000,500.000,0.457,-0.890,1,0.097,-1.327,2,0.993,2.829,1,2,0,2
41,2,20.750,1.250,0,0,0.000,0.000,0,2,2,600.000,0.000,0.000,0.000,0,0.000,0.000,0,0.000,0.000,0,0,0,0
41,3,20.750,1.750,1,3,5.352,0.885,4,3,7,1000.000,1000.000,-0.642,-0.767,1,-1.756,-0.367,3,0.969,3.000,1,0,0,0
41,4,20.750,2.250,3,0,6.862,0.549,3,5,8,1900.000,1000.000,-0.846,-2.469,3,0.000,0.000,0,4.000,0.000,2,0,2,0
41,5,20.750,2.750,4,3,4.882,-0.122,6,5,11,1900.000,1000.000,-1.580,-0.435,4,-1.370,-0.216,3,5.214,3.500,3,1,3,1
41,6,20.750,3.250,3,3,2.896,2.350,5,3,7,1000.000,500.000,-0.530,-1.927,3,-2.125,-0.783,3,4.302,3.885,3,2,3,2
41,7,20.750,3.750,0,2,0.000,0.000,2,5,7,900.000,400.000,0.000,0.000,0,-1.083,-1.681,2,0.000,2.181,0,1,0,1
41,8,20.750,4.250,4,1,4.747,-0.198,5,4,9,1100.000,400.000,-2.411,-1.594,4,0.110,0.994,1,4.528,1.500,2,1,1,1
41,9,20.750,4.750,2,2,0.217,0.008,3,6,9,1700.000,500.000,-1.351,-0.484,2,-1.807,-0.028,2,2.735,2.500,2,1,2,1
41,10,20.750,5.250,5,6,0.444,0.229,6,2,8,1700.000,400.000,-0.725,1.561,5,-0.260,2.051,6,6.249,7.897,3,4,3,4
41,11,20.750,5.750,3,5,3.890,-0.671,6,3,8,1400.000,1400.000,-1.112,-2.308,3,0.764,-2.506,5,4.167,6.149,3,3,3,3
41,13,20.750,6.750,0,1,0.000,0.000,1,2,3,100.000,400.000,0.000,0.000,0,-0.498,0.867,1,0.000,1.000,0,0,0,0
41,14,20.750,7.250,3,5,3.635,0.000,6,6,12,4300.000,6400.000,0.592,0.397,3,-0.525,0.392,5,3.829,6.066,2,3,2,3
41,15,20.750,7.750,3,4,1.426,0.000,6,6,12,6500.000,7900.000,-0.673,-0.486,3,-3.307,1.340,4,4.000,5.137,2,3,2,3
41,16,20.750,8.250,1,1,7.557,-0.504,2,6,8,5100.000,5600.000,0.751,-0.661,1,-0.986,0.169,1,1.000,1.385,0,1,0,1
41,17,20.750,8.750,2,6,3.476,0.008,7,6,12,5300.000,3600.000,-0.122,-0.115,2,0.230,-2.013,6,2.000,6.488,0,1,0,1
41,18,20.750,9.250,3,5,3.552,-0.412,8,6,14,3500.000,3500.000,0.937,0.713,3,-0.679,-1.339,5,3.353,5.785,1,2,1,2
41,19,20.750,9.750,3,5,2.874,0.839,7,5,12,3900.000,5300.000,0.868,-1.884,3,-2.467,-2.608,5,3.246,5.000,1,0,1,0
41,20,20.750,10.250,2,4,7.069,0.015,6,6,12,4400.000,5900.000,0.721,-1.860,2,0.222,-1.471,4,1.733,4.637,1,2,0,2
41,21,20.750,10.750,1,0,4.119,0.061,1,4,5,900.000,200.000,0.874,-0.486,1,0.000,0.000,0,1.000,0.000,0,0,0,0
41,22,20.750,11.250,0,1,0.000,0.000,1,4,5,400.000,600.000,0.000,0.000,0,-0.939,-0.344,1,0.000,1.131,0,1,0,1
41,23,20.750,11.750,0,0,0.000,0.000,0,1,1,100.000,0.000,0.000,0.000,0,0.000,0.000,0,0.000,0.000,0,0,0,0
41,25,20.750,12.750,0,0,0.000,0.000,0,2,2,900.000,100.000,0.000,0.000,0,0.000,0.000,0,0.000,0.000,0,0,0,0
41,26,20.750,13.250,0,2,0.000,0.000,2,2,4,2600.000,900.000,0.000,0.000,0,1.350,-0.844,2,0.000,2.233,0,2,0,1
41,27,20.750,13.750,1,1,10.380,0.565,2,2,4,0.000,1200.000,0.254,-0.967,1,0.323,-0.947,1,1.000,1.500,0,1,0,1
41,28,20.750,14.250,0,0,0.000,0.000,0,4,4,1600.000,1700.000,0.000,0.000,0,0.000,0.000,0,0.000,0.000,0,0,0,0
41,29,20.750,14.750,1,0,1.830,-0.137,1,4,4,400.000,600.000,0.804,-0.595,1,0.000,0.000,0,1.000,0.000,0,0,0,0
41,30,20.750,15.250,1,2,2.793,-1.099,3,4,7,1200.000,2000.000,0.205,-0.979,1,-0.502,-0.631,2,1.456,2.264,1,1,1,1
41,31,20.750,15.750,0,0,0.000,0.000,0,5,5,3800.000,3900.000,0.000,0.000,0,0.000,0.000,0,0.000,0.000,0,0,0,0
41,32,20.750,16.250,2,1,1.231,0.427,3,4,7,1700.000,1300.000,-0.360,-0.642,2,0.946,-0.324,1,1.615,1.000,1,0,0,0
41,33,20.750,16.750,0,0,0.000,0.000,0,4,4,700.000,600.000,0.000,0.000,0,0.000,0.000,0,0.000,0.000,0,0,0,0
41,34,20.750,17.250,0,1,0.000,0.000,1,1,2,0.000,100.000,0.000,0.000,0,0.945,-0.327,1,0.000,1.500,0,1,0,1
41,35,20.750,17.750,0,0,0.000,0.000,0,2,2,0.000,500.000,0.000,0.000,0,0.000,0.000,0,0.000,0.000,0,0,0,0
42,-33,21.250,-16.250,4,3,2.217,0.130,6,6,10,3700.000,5300.000,-0.737,2.080,4,-0.883,2.708,3,5.438,3.596,3,2,3,2
42,-32,21.250,-15.750,5,2,4.798,-0.748,5,6,11,7400.000,6500.000,-4.753,0.816,5,-0.732,0.970,2,6.941,2.353,4,1,4,1
42,-31,21.250,-15.250,1,4,0.304,0.076,4,6,9,5500.000,2800.000,0.723,-0.691,1,-0.767,1.044,4,1.000,4.941,0,2,0,2
42,-23,21.250,-11.250,9,5,14.053,0.000,10,6,15,7100.000,20300.000,-2.827,4.276,9,-1.624,3.581,5,11.102,6.879,5,4,5,4
42,-22,21.250,-10.750,10,7,4.059,0.000,14,6,19,18000.000,20100.000,-4.108,4.863,10,-1.133,2.388,7,12.283,8.923,6,4,6,4
42,-21,21.250,-10.250,14,13,5.931,0.000,22,6,28,18400.000,9200.000,-3.829,0.416,14,-9.603,7.431,13,17.907,15.108,11,5,10,5
42,-20,21.250,-9.750,2,3,7.406,0.412,5,6,11,2000.000,2700.000,-1.356,1.426,2,-0.823,0.602,3,2.370,3.000,1,0,1,0
42,-19,21.250,-9.250,1,0,13.467,-0.946,1,6,7,1500.000,2300.000,-0.960,0.281,1,0.000,0.000,0,1.473,0.000,1,0,1,0
42,-18,21.250,-8.750,2,0,9.486,0.008,2,6,8,1000.000,1600.000,-1.123,-0.840,2,0.000,0.000,0,2.888,0.000,2,0,2,0
42,-17,21.250,-8.250,1,0,0.349,0.000,1,6,7,1700.000,1800.000,0.640,0.768,1,0.000,0.000,0,1.000,0.000,0,0,0,0
42,-16,21.250,-7.750,2,2,11.260,-1.129,4,6,10,1400.000,1600.000,0.135,0.654,2,-1.914,0.474,2,2.000,2.500,0,1,0,1
42,-15,21.250,-7.250,4,1,2.177,0.572,5,6,10,1500.000,1600.000,0.524,-0.928,4,0.974,-0.227,1,4.500,1.181,1,1,1,1
42,-14,21.250,-6.750,1,0,2.939,0.000,1,4,5,700.000,900.000,-0.979,0.205,1,0.000,0.000,0,1.000,0.000,0,0,0,0
42,-13,21.250,-6.250,1,1,10.913,-1.633,2,4,6,500.000,900.000,-0.931,-0.365,1,0.127,-0.992,1,1.000,1.000,0,0,0,0
42,-12,21.250,-5.750,2,1,15.109,-1.091,3,4,7,600.000,700.000,-1.842,0.522,2,-0.793,-0.609,1,2.000,0.774,0,1,0,0
42,-11,21.250,-5.250,0,0,0.000,0.000,0,5,5,2300.000,700.000,0.000,0.000,0,0.000,0.000,0,0.000,0.000,0,0,0,0
42,-10,21.250,-4.750,0,1,0.000,0.000,1,5,6,1300.000,1900.000,0.000,0.000,0,-0.630,-0.777,1,0.000,1.173,0,1,0,1
42,-8,21.250,-3.750,0,1,0.000,0.000,1,0,1,0.000,0.000,0.000,0.000,0,-0.145,0.989,1,0.000,1.500,0,1,0,1
42,-7,21.250,-3.250,2,0,6.251,0.175,2,1,3,400.000,0.000,1.436,1.021,2,0.000,0.000,0,2.403,0.000,1,0,1,0
42,-6,21.250,-2.750,1,1,0.901,0.397,1,0,1,0.000,0.000,0.859,-0.513,1,0.859,-0.513,1,1.000,1.000,0,0,0,0
42,-5,21.250,-2.250,1,0,2.959,2.136,1,0,1,0.000,0.000,0.473,0.881,1,0.000,0.000,0,1.279,0.000,1,0,1,0
42,-4,21.250,-1.750,3,1,5.530,-0.504,4,6,9,1500.000,900.000,1.306,1.725,3,-0.978,0.207,1,4.000,1.491,2,1,2,1
42,-3,21.250,-1.250,3,4,7.014,-0.183,7,6,11,2300.000,1900.000,-0.397,0.668,3,-0.363,0.680,4,3.690,4.500,2,1,2,1
42,-2,21.250,-0.750,0,1,0.000,0.000,1,5,6,1900.000,1800.000,0.000,0.000,0,-0.987,0.162,1,0.000,0.671,0,1,0,0
42,-1,21.250,-0.250,1,0,7.281,1.801,1,5,6,800.000,700.000,-1.000,-0.022,1,0.000,0.000,0,1.500,0.000,1,0,1,0
42,0,21.250,0.250,0,1,0.000,0.000,1,3,4,400.000,300.000,0.000,0.000,0,-0.111,0.994,1,0.000,1.500,0,1,0,1
42,1,21.250,0.750,1,1,0.396,0.000,1,4,5,200.000,700.000,0.686,-0.728,1,0.686,-0.728,1,1.000,1.000,0,0,0,0
42,2,21.250,1.250,4,1,4.201,0.595,5,3,8,100.000,200.000,0.240,-0.487,4,0.700,0.714,1,4.389,1.000,2,0,1,0
42,3,21.250,1.750,0,3,0.000,0.000,3,3,6,700.000,700.000,0.000,0.000,0,0.527,1.512,3,0.000,4.500,0,3,0,3
42,4,21.250,2.250,0,3,0.000,0.000,3,5,8,800.000,700.000,0.000,0.000,0,-2.453,-0.576,3,0.000,4.000,0,2,0,2
42,5,21.250,2.750,4,2,5.569,2.174,6,5,11,1600.000,800.000,-0.555,-0.996,4,-0.290,-1.773,2,4.000,2.442,0,2,0,2
42,6,21.250,3.250,1,2,22.939,-0.885,3,5,8,1500.000,1800.000,-0.834,-0.551,1,-1.271,-1.536,2,1.000,2.500,0,1,0,1
42,7,21.250,3.750,1,1,8.496,-0.015,2,5,7,900.000,700.000,-0.241,-0.970,1,0.040,0.999,1,1.000,1.000,0,0,0,0
42,8,21.250,4.250,3,1,10.344,0.748,4,4,8,800.000,800.000,0.022,-1.162,3,-0.911,0.413,1,3.897,1.494,2,1,2,1
42,9,21.250,4.750,2,5,17.514,-0.885,5,6,11,1700.000,1500.000,-0.535,-1.927,2,0.334,-0.764,5,2.537,6.155,2,3,1,3
42,10,21.250,5.250,4,4,4.196,-0.153,7,6,13,900.000,1600.000,-0.010,-1.462,4,3.293,-1.324,4,5.500,5.429,3,3,3,3
42,11,21.250,5.750,2,1,0.488,0.229,2,3,5,1000.000,300.000,1.838,0.606,2,0.998,0.063,1,2.453,0.925,1,1,1,0
42,12,21.250,6.250,0,0,0.000,0.000,0,4,4,700.000,200.000,0.000,0.000,0,0.000,0.000,0,0.000,0.000,0,0,0,0
42,13,21.250,6.750,4,5,1.623,-0.015,7,6,13,3800.000,4400.000,2.768,-1.736,4,-0.306,0.931,5,4.646,5.956,2,2,2,2
42,14,21.250,7.250,4,4,5.299,-0.137,6,6,10,8700.000,8300.000,-0.420,-1.302,4,-0.674,0.471,4,4.000,4.500,0,1,0,1
42,15,21.250,7.750,2,0,4.960,0.008,2,6,8,5800.000,5800.000,-0.550,-0.207,2,0.000,0.000,0,2.500,0.000,1,0,1,0
42,16,21.250,8.250,4,1,4.713,0.015,5,6,10,5200.000,3100.000,1.396,-2.629,4,-0.988,0.157,1,4.000,1.000,0,0,0,0
42,17,21.250,8.750,1,4,6.950,-0.336,4,6,9,3500.000,4500.000,-1.000,0.015,1,1.977,-2.851,4,1.000,4.370,0,1,0,1
42,18,21.250,9.250,5,4,4.544,-0.031,7,5,11,3600.000,2900.000,-1.834,-0.235,5,-1.430,0.562,4,5.000,4.000,0,0,0,0
42,19,21.250,9.750,2,3,4.226,0.008,5,5,10,2800.000,3400.000,-0.105,-0.395,2,1.030,-0.918,3,2.000,3.000,0,0,0,0
42,20,21.250,10.250,2,2,5.260,-0.015,4,6,10,3600.000,3800.000,-0.475,-1.300,2,-0.676,-1.345,2,2.000,2.500,0,1,0,1
42,21,21.250,10.750,2,4,3.316,0.717,4,6,10,2900.000,1900.000,-0.320,0.003,2,1.260,-1.435,4,2.500,4.000,1,0,1,0
42,22,21.250,11.250,1,2,3.667,0.366,3,4,7,800.000,400.000,0.867,-0.499,1,0.696,-1.873,2,1.500,2.500,1,1,1,1
42,23,21.250,11.750,1,1,13.264,0.946,2,5,7,400.000,800.000,0.091,-0.996,1,-0.932,-0.362,1,1.000,1.000,0,0,0,0
42,24,21.250,12.250,2,1,5.390,0.214,3,5,8,3200.000,400.000,-1.320,-1.352,2,-0.837,-0.546,1,2.906,1.000,2,0,2,0
42,25,21.250,12.750,0,1,0.000,0.000,1,4,5,142500.000,5000.000,0.000,0.000,0,-0.204,0.979,1,0.000,1.456,0,1,0,1
42,26,21.250,13.250,1,0,0.218,-0.015,1,2,3,400.000,300.000,-0.754,0.657,1,0.000,0.000,0,1.456,0.000,1,0,1,0
42,27,21.250,13.750,0,3,0.000,0.000,3,4,7,900.000,2000.000,0.000,0.000,0,-2.617,1.404,3,0.000,3.726,0,2,0,2
42,28,21.250,14.250,0,0,0.000,0.000,0,4,4,1700.000,1400.000,0.000,0.000,0,0.000,0.000,0,0.000,0.000,0,0,0,0
42,29,21.250,14.750,3,1,3.795,-0.137,4,2,6,200.000,400.000,0.505,-0.940,3,0.138,-0.990,1,3.500,1.473,1,1,1,1
42,30,21.250,15.250,1,1,10.138,0.488,2,5,7,2300.000,4400.000,0.253,-0.967,1,-0.199,-0.980,1,1.285,1.000,1,0,1,0
42,31,21.250,15.750,3,4,4.088,-0.946,7,6,12,2400.000,2500.000,1.292,-2.558,3,-0.724,-0.724,4,3.500,4.609,1,3,1,2
42,32,21.250,16.250,1,2,0.480,-0.443,3,5,8,100.000,1100.000,-0.976,-0.220,1,1.280,-1.490,2,1.000,2.500,0,1,0,1
42,33,21.250,16.750,3,0,3.589,-0.732,3,3,5,700.000,500.000,-1.025,-2.138,3,0.000,0.000,0,3.991,0.000,2,0,2,0
42,34,21.250,17.250,1,0,2.883,-1.266,1,2,3,0.000,400.000,-0.695,-0.719,1,0.000,0.000,0,1.500,0.000,1,0,1,0
42,35,21.250,17.750,0,0,0.000,0.000,0,1,1,0.000,100.000,0.000,0.000,0,0.000,0.000,0,0.000,0.000,0,0,0,0
43,-33,21.750,-16.250,0,2,0.000,0.000,2,6,7,2200.000,6300.000,0.000,0.000,0,0.104,1.981,2,0.000,2.808,0,2,0,2
43,-32,21.750,-15.750,6,4,0.422,0.023,7,6,13,2200.000,3700.000,-0.002,5.622,6,-2.352,1.873,4,8.500,4.844,5,2,5,2
43,-31,21.750,-15.250,3,5,3.499,0.168,6,6,12,6400.000,4400.000,-1.842,0.742,3,-0.216,-2.318,5,3.953,6.997,2,4,2,4
43,-30,21.750,-14.750,0,2,0.000,0.000,2,6,8,4700.000,4000.000,0.000,0.000,0,-1.492,0.787,2,0.000,2.423,0,1,0,1
43,-29,21.750,-14.250,0,4,0.000,0.000,4,5,9,2400.000,2900.000,0.000,0.000,0,-0.910,-3.268,4,0.000,5.785,0,4,0,4
43,-28,21.750,-13.750,0,1,0.000,0.000,1,6,7,1800.000,1900.000,0.000,0.000,0,0.112,0.994,1,0.000,1.000,0,0,0,0
43,-27,21.750,-13.250,0,5,0.000,0.000,5,5,10,2000.000,1700.000,0.000,0.000,0,-0.120,0.882,5,0.000,6.370,0,3,0,3
43,-26,21.750,-12.750,1,3,4.536,0.977,4,5,9,2400.000,1700.000,0.106,0.994,1,0.694,0.986,3,1.500,4.500,1,3,1,3
43,-25,21.750,-12.250,2,5,4.100,-1.137,6,5,10,2400.000,2400.000,0.175,-1.965,2,0.892,2.401,5,2.540,7.108,2,5,2,5
43,-24,21.750,-11.750,1,2,3.610,-1.373,3,5,8,3400.000,2000.000,-0.457,0.890,1,0.596,0.016,2,1.000,2.500,0,1,0,1
43,-23,21.750,-11.250,8,4,11.867,0.000,9,6,15,14200.000,17000.000,-1.592,5.287,8,-0.564,2.502,4,10.246,5.040,5,3,5,3
43,-22,21.750,-10.750,7,15,4.918,-0.015,18,6,20,22300.000,25800.000,-0.521,0.047,7,-5.946,5.721,15,8.488,17.968,3,6,3,6
43,-21,21.750,-10.250,8,6,10.950,1.541,10,6,16,14500.000,10700.000,-2.452,2.337,8,-2.903,2.439,6,9.848,7.500,7,3,6,3
43,-20,21.750,-9.750,3,4,5.902,0.000,5,6,10,3200.000,3800.000,-0.102,-0.156,3,-0.649,-0.956,4,3.500,4.850,1,2,1,2
43,-19,21.750,-9.250,2,4,17.500,0.137,5,5,10,1800.000,2100.000,-1.630,1.149,2,1.048,2.856,4,3.000,5.500,2,3,2,3
43,-18,21.750,-8.750,4,2,3.665,0.000,5,5,8,1300.000,3600.000,0.818,-0.612,4,-1.332,1.240,2,4.920,2.000,2,0,2,0
43,-17,21.750,-8.250,3,1,6.673,0.000,3,5,8,1500.000,1900.000,-0.987,-0.066,3,-0.435,-0.900,1,3.802,1.500,2,1,2,1
43,-16,21.750,-7.750,0,3,0.000,0.000,3,5,8,900.000,2000.000,0.000,0.000,0,-2.080,-1.327,3,0.000,3.853,0,2,0,2
43,-15,21.750,-7.250,2,1,12.547,-0.641,3,6,9,900.000,1600.000,-1.946,-0.073,2,-0.880,0.474,1,2.500,1.000,1,0,1,0
43,-14,21.750,-6.750,1,1,18.592,-2.930,2,5,7,400.000,1000.000,-0.832,0.555,1,-0.748,0.664,1,1.000,0.993,0,1,0,0
43,-13,21.750,-6.250,2,0,14.584,0.168,2,5,7,800.000,900.000,-1.996,-0.126,2,0.000,0.000,0,2.000,0.000,0,0,0,0
43,-12,21.750,-5.750,0,0,0.000,0.000,0,5,5,2600.000,500.000,0.000,0.000,0,0.000,0.000,0,0.000,0.000,0,0,0,0
43,-11,21.750,-5.250,1,2,13.184,-0.626,3,5,7,1400.000,1400.000,-0.719,-0.695,1,0.471,-1.559,2,1.491,2.764,1,2,1,2
43,-10,21.750,-4.750,0,1,0.000,0.000,1,4,5,700.000,2500.000,0.000,0.000,0,-0.996,0.093,1,0.000,1.500,0,1,0,1
43,-8,21.750,-3.750,0,2,0.000,0.000,2,0,2,0.000,0.000,0.000,0.000,0,0.989,1.228,2,0.000,2.500,0,1,0,1
43,-7,21.750,-3.250,2,3,13.905,1.167,5,2,7,1400.000,700.000,0.177,1.983,2,0.376,2.970,3,3.000,4.000,2,2,2,2
43,-6,21.750,-2.750,3,2,3.716,1.114,5,3,8,800.000,500.000,1.768,1.805,3,0.305,1.965,2,3.000,2.000,0,0,0,0
43,-5,21.750,-2.250,0,1,0.000,0.000,1,1,2,0.000,200.000,0.000,0.000,0,0.898,-0.439,1,0.000,1.000,0,0,0,0
43,-4,21.750,-1.750,1,3,0.294,0.015,3,6,9,1400.000,1200.000,-0.619,-0.785,1,-0.380,1.377,3,1.000,3.500,0,1,0,1
43,-3,21.750,-1.250,2,1,10.812,-0.221,3,6,9,2400.000,1000.000,-1.498,-0.873,2,-0.993,0.115,1,2.746,1.444,2,1,2,1
43,-2,21.750,-0.750,1,3,6.526,0.687,4,5,9,2200.000,1400.000,-0.925,-0.379,1,-1.107,1.903,3,1.000,4.000,0,2,0,2
43,-1,21.750,-0.250,1,2,1.632,0.504,3,4,7,900.000,800.000,0.708,0.706,1,-1.966,-0.307,2,1.000,2.224,0,2,0,1
43,0,21.750,0.250,1,2,0.396,0.000,2,3,5,100.000,400.000,-0.822,0.570,1,-0.096,-0.118,2,1.000,2.000,0,0,0,0
43,1,21.750,0.750,0,2,0.000,0.000,2,3,5,200.000,400.000,0.000,0.000,0,-1.524,-1.290,2,0.000,2.000,0,0,0,0
43,2,21.750,1.250,0,1,0.000,0.000,1,4,5,200.000,1100.000,0.000,0.000,0,0.535,-0.845,1,0.000,0.777,0,1,0,0
43,3,21.750,1.750,3,1,6.267,0.717,4,2,6,200.000,800.000,-0.778,-0.407,3,0.195,-0.981,1,3.500,1.500,1,1,1,1
43,4,21.750,2.250,2,4,8.154,0.679,5,6,10,2100.000,1600.000,-0.716,0.424,2,0.962,-0.632,4,2.040,5.000,1,2,0,2
43,5,21.750,2.750,8,0,4.436,0.931,8,6,14,2100.000,1400.000,-1.281,-0.820,8,0.000,0.000,0,10.050,0.000,6,0,5,0
43,6,21.750,3.250,4,1,9.553,0.725,5,6,11,2200.000,3600.000,-2.567,-2.420,4,-0.780,-0.625,1,4.000,1.040,2,1,1,0
43,7,21.750,3.750,2,0,10.706,1.198,2,4,6,1900.000,2600.000,-1.348,-1.353,2,0.000,0.000,0,2.302,0.000,1,0,1,0
43,8,21.750,4.250,5,0,8.788,0.076,5,5,9,1300.000,4900.000,-0.711,0.178,5,0.000,0.000,0,6.000,0.000,2,0,2,0
43,9,21.750,4.750,4,1,9.291,0.793,5,6,10,3000.000,4200.000,-1.941,-1.693,4,0.017,1.000,1,5.441,1.500,3,1,3,1
43,10,21.750,5.250,7,2,9.117,-0.015,9,6,14,5300.000,2900.000,-3.481,-1.066,7,-0.720,-1.856,2,7.991,2.581,2,2,2,2
43,11,21.750,5.750,6,9,6.493,-0.488,11,6,15,6400.000,2700.000,-2.124,-1.738,6,-3.087,-5.540,9,7.410,10.804,6,5,4,5
43,12,21.750,6.250,6,4,7.764,-0.458,7,6,13,8200.000,4400.000,-0.584,-1.920,6,-2.054,3.059,4,7.500,5.155,3,3,3,3
43,13,21.750,6.750,3,6,4.232,0.015,8,6,12,8800.000,7400.000,0.272,-2.903,3,1.834,-3.430,6,3.500,6.000,1,0,1,0
43,14,21.750,7.250,6,10,6.834,0.076,13,6,19,6200.000,5600.000,0.494,-2.109,6,-0.443,-4.448,10,6.956,9.963,2,3,2,1
43,15,21.750,7.750,3,5,3.970,0.000,8,6,14,4600.000,4500.000,1.768,-1.521,3,-1.433,-0.608,5,4.040,5.903,3,2,2,2
43,16,21.750,8.250,6,4,3.437,0.015,9,6,15,5000.000,4100.000,2.181,-0.109,6,-0.841,-1.802,4,6.000,4.500,0,1,0,1
43,17,21.750,8.750,3,3,7.785,0.015,6,6,12,2900.000,3000.000,0.973,-0.816,3,-0.479,0.379,3,3.000,3.397,0,1,0,1
43,18,21.750,9.250,4,4,6.665,-0.084,7,5,11,3600.000,3500.000,-2.256,-0.009,4,0.091,-2.178,4,4.000,4.000,0,0,0,0
43,19,21.750,9.750,8,3,4.735,0.000,11,5,15,2500.000,3700.000,-1.209,-0.551,8,0.817,0.247,3,9.000,3.000,2,0,2,0
43,20,21.750,10.250,2,4,4.061,-0.259,5,6,11,3800.000,3700.000,-1.765,-0.909,2,-1.784,0.610,4,2.000,4.000,0,0,0,0
43,21,21.750,10.750,7,3,5.045,-0.763,10,6,15,4900.000,2500.000,-2.518,-3.194,7,1.410,-1.145,3,8.155,3.456,3,1,3,1
43,22,21.750,11.250,2,2,4.594,0.237,3,6,9,4700.000,2900.000,-0.343,-1.913,2,-0.596,-1.304,2,2.409,2.000,1,0,1,0
43,23,21.750,11.750,1,2,6.084,0.000,2,6,7,4300.000,2700.000,-0.752,-0.659,1,-1.543,-1.226,2,1.500,2.500,1,1,1,1
43,24,21.750,12.250,0,1,0.000,0.000,1,6,7,4100.000,7100.000,0.000,0.000,0,0.692,0.722,1,0.000,1.000,0,0,0,0
43,25,21.750,12.750,1,3,7.048,-0.854,2,6,8,2900.000,4000.000,-0.669,-0.744,1,-0.362,-2.715,3,1.500,3.500,1,1,1,1
43,26,21.750,13.250,0,1,0.000,0.000,1,6,7,1600.000,2800.000,0.000,0.000,0,0.553,-0.833,1,0.000,1.000,0,0,0,0
43,27,21.750,13.750,1,1,13.074,5.676,2,6,8,1800.000,3700.000,-0.395,0.919,1,0.611,-0.791,1,1.000,1.000,0,0,0,0
43,28,21.750,14.250,0,0,0.000,0.000,0,3,3,100.000,400.000,0.000,0.000,0,0.000,0.000,0,0.000,0.000,0,0,0,0
43,29,21.750,14.750,0,0,0.000,0.000,0,5,5,900.000,2100.000,0.000,0.000,0,0.000,0.000,0,0.000,0.000,0,0,0,0
43,30,21.750,15.250,3,3,0.849,-0.259,5,6,11,2400.000,2500.000,1.005,-0.103,3,1.491,-1.984,3,3.500,3.500,1,1,1,1
43,31,21.750,15.750,0,2,0.000,0.000,2,6,8,2400.000,1500.000,0.000,0.000,0,0.198,0.757,2,0.000,2.171,0,2,0,1
43,32,21.750,16.250,1,0,4.570,-2.045,1,3,4,900.000,700.000,0.105,-0.995,1,0.000,0.000,0,1.441,0.000,1,0,1,0
43,33,21.750,16.750,0,0,0.000,0.000,0,3,3,300.000,400.000,0.000,0.000,0,0.000,0.000,0,0.000,0.000,0,0,0,0
43,34,21.750,17.250,1,1,2.770,-1.099,2,1,3,0.000,200.000,0.787,-0.617,1,-0.979,-0.203,1,1.000,1.500,0,1,0,1
44,-33,22.250,-16.250,3,1,2.505,0.000,3,6,9,2000.000,4200.000,-1.399,1.835,3,0.038,-0.999,1,3.456,1.000,1,0,1,0
44,-32,22.250,-15.750,3,3,2.875,0.870,5,5,10,1100.000,1800.000,0.482,2.794,3,-1.889,0.582,3,3.420,3.920,1,2,1,2
44,-31,22.250,-15.250,4,5,1.630,0.702,6,5,11,1800.000,2000.000,-0.920,2.524,4,-3.306,-1.474,5,5.976,6.900,4,4,4,4
44,-30,22.250,-14.750,3,2,0.260,0.046,3,6,9,3500.000,3500.000,0.736,2.769,3,-0.130,0.257,2,3.906,2.500,2,1,2,1
44,-29,22.250,-14.250,2,1,3.544,0.656,3,6,9,5500.000,4200.000,-0.516,1.752,2,-0.401,-0.916,1,2.370,1.406,1,1,1,1
44,-28,22.250,-13.750,0,1,0.000,0.000,1,6,7,4800.000,3100.000,0.000,0.000,0,0.005,1.000,1,0.000,1.500,0,1,0,1
44,-27,22.250,-13.250,0,3,0.000,0.000,2,6,8,4200.000,3700.000,0.000,0.000,0,-0.289,0.972,3,0.000,3.429,0,1,0,1
44,-26,22.250,-12.750,2,1,12.888,0.153,3,6,8,4700.000,3300.000,-0.283,1.827,2,-0.441,0.898,1,2.500,1.000,1,0,1,0
44,-25,22.250,-12.250,3,0,4.100,-0.015,3,6,8,4500.000,3400.000,-1.300,-0.146,3,0.000,0.000,0,3.737,0.000,2,0,2,0
44,-24,22.250,-11.750,5,5,16.979,-1.266,8,6,13,4900.000,3500.000,-2.211,2.303,5,-2.779,3.894,5,6.712,6.000,5,2,4,2
44,-23,22.250,-11.250,3,5,15.463,0.000,7,6,12,15400.000,17800.000,-1.258,1.905,3,2.459,-0.527,5,3.000,6.000,0,2,0,2
44,-22,22.250,-10.750,11,7,4.940,0.000,17,6,22,22300.000,21300.000,0.157,2.094,11,-1.756,3.469,7,13.096,7.469,5,2,5,1
44,-21,22.250,-10.250,6,11,7.619,1.312,14,6,18,14600.000,9400.000,-3.850,-0.057,6,-5.244,1.328,11,8.217,11.379,5,3,5,2
44,-20,22.250,-9.750,3,5,2.409,-0.183,7,6,13,3000.000,3200.000,-1.739,-0.809,3,0.880,0.432,5,3.761,5.226,2,3,2,2
44,-19,22.250,-9.250,3,5,3.513,-0.839,7,6,11,2800.000,3300.000,1.971,2.246,3,-1.643,2.816,5,2.860,5.661,3,2,2,2
44,-18,22.250,-8.750,5,0,4.707,0.000,3,5,8,1800.000,4000.000,-2.060,-2.504,5,0.000,0.000,0,6.350,0.000,3,0,3,0
44,-17,22.250,-8.250,0,1,0.000,0.000,1,6,7,1800.000,2700.000,0.000,0.000,0,-0.059,-0.998,1,0.000,1.500,0,1,0,1
44,-16,22.250,-7.750,4,1,4.959,-0.267,5,5,10,1500.000,1300.000,2.673,0.235,4,-0.993,-0.121,1,4.240,1.000,1,0,1,0
44,-15,22.250,-7.250,1,3,3.281,-0.076,4,5,8,1100.000,700.000,0.969,0.249,1,0.754,0.440,3,1.000,3.965,0,2,0,2
44,-14,22.250,-6.750,0,1,0.000,0.000,1,6,6,1000.000,1400.000,0.000,0.000,0,0.989,0.148,1,0.000,1.500,0,1,0,1
44,-13,22.250,-6.250,1,1,4.037,0.061,2,5,7,800.000,700.000,-0.798,-0.602,1,-0.892,-0.452,1,1.000,1.450,0,1,0,1
44,-12,22.250,-5.750,1,0,4.857,0.000,1,5,6,1100.000,500.000,0.093,-0.996,1,0.000,0.000,0,1.226,0.000,1,0,1,0
44,-11,22.250,-5.250,1,2,8.447,-0.824,3,5,7,900.000,900.000,-0.028,-1.000,1,-1.119,-1.390,2,1.500,2.500,1,1,1,1
44,-10,22.250,-4.750,0,1,0.000,0.000,1,4,5,1600.000,2000.000,0.000,0.000,0,0.705,-0.709,1,0.000,1.000,0,0,0,0
44,-7,22.250,-3.250,2,2,4.889,0.023,3,3,6,2000.000,1700.000,-0.851,1.579,2,-0.802,1.579,2,2.226,2.302,1,1,1,1
44,-6,22.250,-2.750,5,4,5.302,1.099,8,4,12,800.000,1200.000,1.779,3.062,5,0.174,3.070,4,5.920,5.000,4,2,3,2
44,-5,22.250,-2.250,2,1,7.517,3.296,3,1,4,200.000,0.000,-0.855,1.790,2,0.466,0.885,1,2.500,1.500,1,1,1,1
44,-4,22.250,-1.750,4,2,5.093,0.420,4,6,10,1100.000,1100.000,-2.198,2.894,4,-1.572,1.007,2,4.618,2.493,3,2,2,1
44,-3,22.250,-1.250,8,6,7.350,-0.320,12,6,18,1800.000,1000.000,-5.444,2.717,8,-4.449,1.756,6,10.364,7.131,5,3,5,3
44,-2,22.250,-0.750,0,1,0.000,0.000,1,6,7,2200.000,1900.000,0.000,0.000,0,-0.524,0.852,1,0.000,1.494,0,1,0,1
44,-1,22.250,-0.250,1,3,3.190,0.961,4,5,9,1500.000,0.000,-0.865,-0.502,1,-1.507,0.037,3,1.000,4.279,0,3,0,3
44,0,22.250,0.250,1,3,1.662,0.671,3,4,7,1000.000,800.000,-0.580,0.815,1,0.644,-0.388,3,0.777,2.500,1,1,0,0
44,1,22.250,0.750,0,0,0.000,0.000,0,2,2,200.000,1300.000,0.000,0.000,0,0.000,0.000,0,0.000,0.000,0,0,0,0
44,2,22.250,1.250,2,3,2.006,0.313,4,5,9,1100.000,1300.000,1.925,0.438,2,-1.484,-2.440,3,2.500,3.500,1,1,1,1
44,3,22.250,1.750,3,3,9.164,2.197,4,3,7,600.000,300.000,-2.577,-1.516,3,0.313,-0.900,3,3.376,3.389,1,2,1,1
44,4,22.250,2.250,2,2,7.204,-0.572,4,6,10,3200.000,2500.000,-0.796,-1.335,2,-1.469,-1.305,2,2.000,2.000,0,0,0,0
44,5,22.250,2.750,7,2,11.395,0.000,9,6,15,2100.000,2100.000,-2.103,-0.095,7,-0.885,0.550,2,8.761,2.040,4,1,4,0
44,6,22.250,3.250,5,0,7.702,0.702,4,6,9,3800.000,4000.000,-1.240,-0.219,5,0.000,0.000,0,5.000,0.000,0,0,0,0
44,7,22.250,3.750,4,4,12.021,0.900,7,6,13,2700.000,1900.000,-1.978,-0.883,4,0.705,0.191,4,4.987,4.500,3,1,3,1
44,8,22.250,4.250,5,5,14.070,-0.015,8,6,13,2200.000,3100.000,-2.708,-3.937,5,0.086,0.910,5,5.409,5.811,1,2,1,2
44,9,22.250,4.750,2,3,6.832,-0.008,5,6,11,2400.000,2800.000,-0.854,-0.068,2,-1.419,-0.607,3,2.000,3.500,0,1,0,1
44,10,22.250,5.250,3,4,4.439,0.000,7,6,12,4700.000,3900.000,-0.247,2.794,3,0.367,-0.013,4,3.820,4.000,2,0,2,0
44,11,22.250,5.750,5,8,4.423,0.031,10,6,16,6900.000,6900.000,-2.423,2.683,5,-2.244,3.691,8,5.500,8.513,1,2,1,1
44,12,22.250,6.250,6,4,7.256,-0.023,10,6,15,7000.000,7100.000,-1.062,-4.108,6,1.576,-1.772,4,6.450,4.385,1,1,1,1
44,13,22.250,6.750,4,7,3.338,0.015,9,6,14,8400.000,8100.000,-1.217,1.581,4,-2.782,-2.669,7,4.500,9.385,1,5,1,5
44,14,22.250,7.250,6,4,5.753,-0.046,9,6,14,7400.000,5800.000,-0.791,-1.151,6,-0.513,-1.733,4,6.689,4.000,3,0,2,0
44,15,22.250,7.750,8,2,5.958,-0.008,9,6,13,5000.000,7900.000,-2.278,-2.133,8,0.429,-1.939,2,8.397,2.367,1,1,1,1
44,16,22.250,8.250,1,3,6.119,0.168,4,6,10,5100.000,3400.000,-0.893,0.451,1,0.318,-2.870,3,1.000,3.000,0,2,0,1
44,17,22.250,8.750,3,1,3.188,0.046,4,6,10,4800.000,3400.000,1.632,-0.313,3,0.261,-0.965,1,3.500,1.000,1,0,1,0
44,18,22.250,9.250,3,3,5.141,0.015,6,6,11,4500.000,3600.000,0.239,-2.924,3,-0.007,-0.473,3,3.000,3.000,0,0,0,0
44,19,22.250,9.750,2,3,8.922,-0.580,5,6,11,3600.000,3600.000,-0.682,-1.027,2,-0.949,-0.139,3,2.000,3.500,0,1,0,1
44,20,22.250,10.250,1,3,4.166,0.671,4,6,10,6200.000,5000.000,-0.995,-0.098,1,-0.994,-2.154,3,1.000,3.000,0,0,0,0
44,21,22.250,10.750,2,3,1.253,-0.031,4,6,10,4100.000,6200.000,0.335,1.866,2,0.320,-1.033,3,2.000,3.000,0,0,0,0
44,22,22.250,11.250,0,4,0.000,0.000,4,6,10,4400.000,4400.000,0.000,0.000,0,-0.295,-0.062,4,0.000,4.000,0,0,0,0
44,23,22.250,11.750,1,2,0.366,0.000,3,6,9,3600.000,3700.000,-0.337,-0.942,1,-1.753,-0.962,2,1.000,2.453,0,1,0,1
44,24,22.250,12.250,1,3,0.965,0.198,4,6,10,1800.000,3300.000,-0.385,0.923,1,0.818,-0.628,3,1.000,3.941,0,2,0,2
44,25,22.250,12.750,3,2,1.723,-0.031,4,6,10,8500.000,8800.000,1.383,-0.041,3,0.563,-0.939,2,3.000,2.000,0,0,0,0
44,26,22.250,13.250,0,0,0.000,0.000,0,4,4,300.000,400.000,0.000,0.000,0,0.000,0.000,0,0.000,0.000,0,0,0,0
44,27,22.250,13.750,2,2,5.273,0.229,4,2,5,600.000,0.000,0.344,-0.020,2,-1.130,1.556,2,2.000,2.491,0,1,0,1
44,28,22.250,14.250,2,0,12.541,-1.038,2,5,7,2100.000,6000.000,0.304,-1.950,2,0.000,0.000,0,2.339,0.000,2,0,1,0
44,29,22.250,14.750,0,3,0.000,0.000,3,6,9,4000.000,5600.000,0.000,0.000,0,0.739,-2.882,3,0.000,3.000,0,0,0,0
44,30,22.250,15.250,2,1,3.353,-0.473,2,6,8,2800.000,1600.000,-0.599,-0.593,2,-0.938,0.347,1,2.500,1.000,1,0,1,0
44,31,22.250,15.750,2,2,2.022,0.984,3,3,6,200.000,1400.000,-0.331,0.852,2,0.760,-1.785,2,2.000,2.000,0,0,0,0
44,32,22.250,16.250,1,2,5.374,-1.221,3,2,5,600.000,200.000,0.083,-0.997,1,-0.424,-1.307,2,0.686,2.000,1,0,0,0
44,33,22.250,16.750,1,0,2.827,-0.458,1,0,1,0.000,0.000,0.368,-0.930,1,0.000,0.000,0,1.355,0.000,1,0,1,0
44,34,22.250,17.250,0,0,0.000,0.000,0,1,1,0.000,200.000,0.000,0.000,0,0.000,0.000,0,0.000,0.000,0,0,0,0
45,-33,22.750,-16.250,0,0,0.000,0.000,0,4,4,3800.000,4900.000,0.000,0.000,0,0.000,0.000,0,0.000,0.000,0,0,0,0
45,-32,22.750,-15.750,4,3,3.173,-0.267,5,3,8,100.000,1300.000,-2.014,2.370,4,-0.274,2.952,3,5.413,3.814,4,2,3,2
45,-31,22.750,-15.250,1,0,0.570,-0.412,1,4,5,100.000,1600.000,0.111,-0.994,1,0.000,0.000,0,1.000,0.000,0,0,0,0
45,-30,22.750,-14.750,3,2,2.540,-0.412,4,3,7,900.000,900.000,-1.905,-0.289,3,-1.007,0.838,2,4.500,2.279,3,1,3,1
45,-29,22.750,-14.250,1,2,2.946,1.114,3,4,7,1800.000,1500.000,-0.353,0.936,1,-1.538,-1.247,2,1.000,3.000,0,2,0,2
45,-28,22.750,-13.750,0,2,0.000,0.000,2,5,7,2700.000,1300.000,0.000,0.000,0,-0.468,-1.870,2,0.000,2.938,0,2,0,2
45,-27,22.750,-13.250,0,0,0.000,0.000,0,5,5,5800.000,2100.000,0.000,0.000,0,0.000,0.000,0,0.000,0.000,0,0,0,0
45,-26,22.750,-12.750,1,3,3.273,-0.565,3,5,8,8000.000,2300.000,-0.031,-1.000,1,-0.486,0.881,3,1.370,3.674,1,3,1,2
45,-25,22.750,-12.250,2,3,1.575,-0.771,2,5,7,8400.000,2700.000,-0.948,-0.696,2,-0.470,2.753,3,2.779,4.423,2,3,2,3
45,-24,22.750,-11.750,3,1,2.677,0.153,3,5,8,7800.000,4000.000,-1.207,2.512,3,-0.759,0.651,1,4.450,1.299,3,1,3,1
45,-23,22.750,-11.250,2,2,13.117,-0.420,4,6,10,10800.000,7400.000,-1.794,0.689,2,-1.043,-0.571,2,2.500,3.000,1,2,1,2
45,-22,22.750,-10.750,7,3,3.204,-0.015,10,6,15,21400.000,21700.000,-1.089,-1.596,7,1.072,0.775,3,8.478,3.000,4,0,4,0
45,-21,22.750,-10.250,4,6,7.009,0.000,9,6,15,13700.000,8500.000,-3.231,-0.382,4,-1.967,1.360,6,5.000,6.569,2,4,2,3
45,-20,22.750,-9.750,1,3,0.356,0.000,4,6,9,6500.000,1600.000,-0.988,0.156,1,-2.679,1.080,3,1.226,4.471,1,3,1,3
45,-19,22.750,-9.250,3,1,13.423,0.381,3,6,9,3300.000,3800.000,-2.635,0.888,3,-0.994,0.105,1,4.500,1.000,3,0,3,0
45,-18,22.750,-8.750,1,4,6.444,0.000,5,6,11,2900.000,7400.000,0.663,0.749,1,-0.832,1.599,4,1.441,4.500,1,3,1,2
45,-17,22.750,-8.250,2,1,13.177,-0.526,3,6,9,2200.000,3400.000,-1.980,0.273,2,-0.724,0.689,1,3.000,1.500,2,1,2,1
45,-16,22.750,-7.750,4,1,3.010,0.000,4,6,10,1000.000,1200.000,-0.074,0.621,4,-0.739,0.674,1,4.355,1.000,1,0,1,0
45,-15,22.750,-7.250,1,2,14.936,-0.229,3,5,8,800.000,800.000,-1.000,-0.010,1,-0.767,-0.398,2,1.500,2.000,1,0,1,0
45,-14,22.750,-6.750,2,2,7.305,-0.542,4,6,10,1200.000,2300.000,-1.899,-0.424,2,-1.653,0.145,2,3.000,2.000,2,0,2,0
45,-13,22.750,-6.250,0,0,0.000,0.000,0,6,6,1300.000,1000.000,0.000,0.000,0,0.000,0.000,0,0.000,0.000,0,0,0,0
45,-12,22.750,-5.750,1,1,9.954,-1.266,2,5,7,2000.000,1500.000,-0.108,-0.994,1,-0.810,-0.586,1,1.000,1.000,0,0,0,0
45,-11,22.750,-5.250,1,2,3.268,0.000,3,5,8,1300.000,2400.000,-0.945,-0.328,1,-1.917,0.215,2,1.500,2.667,1,2,1,2
45,-10,22.750,-4.750,0,0,0.000,0.000,0,4,4,200.000,1300.000,0.000,0.000,0,0.000,0.000,0,0.000,0.000,0,0,0,0
45,-9,22.750,-4.250,0,3,0.000,0.000,3,2,5,0.000,400.000,0.000,0.000,0,-0.947,-1.202,3,0.000,4.497,0,3,0,3
45,-8,22.750,-3.750,0,0,0.000,0.000,0,1,1,600.000,0.000,0.000,0.000,0,0.000,0.000,0,0.000,0.000,0,0,0,0
45,-7,22.750,-3.250,3,0,4.877,0.946,3,5,8,4800.000,2400.000,1.323,1.846,3,0.000,0.000,0,4.000,0.000,2,0,2,0
45,-6,22.750,-2.750,4,3,8.278,2.213,7,5,12,3400.000,2600.000,-1.750,3.214,4,0.769,-0.793,3,3.994,3.500,2,1,1,1
45,-5,22.750,-2.250,4,3,2.754,1.633,6,5,11,1000.000,1200.000,-0.976,0.460,4,-0.351,0.920,3,4.735,3.235,2,1,2,1
45,-4,22.750,-1.750,1,5,6.442,1.297,5,4,9,1400.000,1300.000,-0.912,0.409,1,-2.214,2.818,5,1.438,5.596,1,2,1,2
45,-3,22.750,-1.250,3,7,6.275,-1.724,8,4,12,1500.000,2600.000,-0.001,0.778,3,-5.458,1.042,7,3.473,7.246,1,3,1,2
45,-2,22.750,-0.750,4,2,9.218,0.420,6,5,11,2700.000,1900.000,-3.847,0.429,4,-1.665,0.617,2,4.870,2.500,2,1,2,1
45,-1,22.750,-0.250,1,4,7.602,2.136,5,6,11,3900.000,900.000,-0.647,0.762,1,-2.308,-0.276,4,1.500,4.161,1,1,1,1
45,0,22.750,0.250,2,5,3.442,-0.252,6,6,12,3300.000,500.000,-0.986,0.715,2,-3.032,0.290,5,2.476,6.476,1,3,1,3
45,1,22.750,0.750,3,2,4.565,-0.443,4,6,9,2700.000,1100.000,-1.146,0.508,3,-0.420,0.188,2,4.491,2.409,3,1,3,1
45,2,22.750,1.250,0,3,0.000,0.000,3,6,9,1900.000,1300.000,0.000,0.000,0,-1.147,-0.601,3,0.000,3.000,0,0,0,0
45,3,22.750,1.750,6,1,4.980,0.496,7,6,12,2600.000,1100.000,-1.949,-0.467,6,0.897,0.442,1,6.698,1.000,3,0,2,0
45,4,22.750,2.250,2,3,7.646,1.518,5,6,11,2800.000,1700.000,-0.531,-1.409,2,-0.695,2.889,3,2.409,3.000,1,0,1,0
45,5,22.750,2.750,6,2,10.516,0.008,7,6,13,3100.000,1900.000,-3.512,-3.541,6,1.977,-0.247,2,6.482,2.500,3,1,2,1
45,6,22.750,3.250,3,4,7.317,-0.031,7,6,12,3600.000,2700.000,-1.570,1.564,3,0.654,2.698,4,3.000,4.000,0,0,0,0
45,7,22.750,3.750,5,1,7.374,0.000,6,6,12,2300.000,3000.000,-1.765,-2.124,5,0.207,0.978,1,6.985,1.037,4,1,4,0
45,8,22.750,4.250,8,0,5.506,-0.015,8,6,13,4500.000,3300.000,-1.491,-0.505,8,0.000,0.000,0,9.696,0.000,4,0,4,0
45,9,22.750,4.750,4,5,8.093,-0.290,6,6,12,6600.000,4300.000,-0.411,3.797,4,1.461,1.446,5,4.500,5.450,1,1,1,1
45,10,22.750,5.250,6,5,3.326,-0.023,9,6,15,7300.000,6500.000,0.264,-3.297,6,-1.347,2.114,5,6.900,5.631,2,2,2,2
45,11,22.750,5.750,8,9,8.309,-0.015,15,6,21,8200.000,6300.000,-1.212,-2.040,8,-2.608,0.784,9,8.991,9.714,2,2,2,2
45,12,22.750,6.250,3,3,3.333,0.046,5,6,11,7800.000,4600.000,-0.928,1.212,3,-0.824,-2.729,3,3.000,3.500,0,1,0,1
45,13,22.750,6.750,6,6,11.656,0.000,11,6,16,8200.000,5500.000,-3.378,-2.447,6,-0.771,-3.711,6,6.456,6.370,1,1,1,1
45,14,22.750,7.250,4,6,0.895,-0.191,9,6,14,6300.000,4400.000,-1.606,-1.653,4,-2.294,-2.266,6,3.774,6.131,1,3,0,2
45,15,22.750,7.750,9,6,7.395,0.015,11,6,15,5200.000,6000.000,-2.212,-2.259,9,-2.864,0.981,6,11.081,7.000,5,2,5,2
45,16,22.750,8.250,8,5,5.743,0.015,10,6,16,5700.000,4700.000,-1.557,-3.791,8,-1.090,-1.918,5,8.000,5.302,0,1,0,1
45,17,22.750,8.750,5,6,4.683,0.015,10,6,15,5200.000,4600.000,-2.379,-1.119,5,-3.769,-1.273,6,5.376,7.361,1,3,1,3
45,18,22.750,9.250,2,1,12.065,-0.092,3,6,8,3700.000,4500.000,-1.227,-1.042,2,-0.883,-0.469,1,2.155,1.000,1,0,1,0
45,19,22.750,9.750,2,1,6.844,0.259,3,6,9,2100.000,3900.000,-1.952,-0.425,2,-0.988,-0.151,1,2.000,1.000,0,0,0,0
45,20,22.750,10.250,3,5,8.407,0.580,7,6,12,1800.000,5300.000,-2.885,-0.819,3,-3.952,-2.185,5,2.777,5.500,1,1,0,1
45,21,22.750,10.750,5,3,4.517,-0.626,7,6,12,2200.000,1400.000,-3.344,-2.428,5,-2.743,-1.025,3,5.500,3.000,1,0,1,0
45,22,22.750,11.250,3,5,5.466,0.000,8,6,14,2300.000,1100.000,-0.418,-2.880,3,0.888,-0.904,5,3.000,5.686,0,3,0,2
45,23,22.750,11.750,4,1,3.576,-0.145,5,6,11,1500.000,1400.000,-1.030,0.044,4,-0.630,-0.777,1,4.000,1.000,0,0,0,0
45,24,22.750,12.250,0,1,0.000,0.000,1,5,6,2300.000,1900.000,0.000,0.000,0,-0.452,0.892,1,0.000,1.500,0,1,0,1
45,25,22.750,12.750,1,0,0.358,0.000,1,4,5,1600.000,1600.000,-0.989,-0.149,1,0.000,0.000,0,1.000,0.000,0,0,0,0
45,26,22.750,13.250,0,0,0.000,0.000,0,5,5,1400.000,1900.000,0.000,0.000,0,0.000,0.000,0,0.000,0.000,0,0,0,0
45,27,22.750,13.750,1,3,9.031,0.580,3,5,8,2400.000,3900.000,0.020,-1.000,1,-0.332,-1.213,3,1.000,2.777,0,1,0,0
45,28,22.750,14.250,2,3,3.710,-0.572,5,6,11,2800.000,6500.000,-1.310,-1.022,2,0.061,-2.901,3,2.000,3.320,0,1,0,1
45,29,22.750,14.750,2,1,7.913,2.525,3,6,9,2300.000,2200.000,-1.807,0.314,2,-0.200,-0.980,1,2.000,1.000,0,0,0,0
45,30,22.750,15.250,4,4,0.659,0.137,5,4,9,900.000,2000.000,1.076,2.191,4,0.262,-1.361,4,4.500,5.000,1,2,1,2
45,31,22.750,15.750,1,1,3.629,-0.687,2,2,4,600.000,200.000,0.168,-0.986,1,-0.996,0.086,1,1.000,1.000,0,0,0,0
45,32,22.750,16.250,0,0,0.000,0.000,0,2,2,500.000,0.000,0.000,0.000,0,0.000,0.000,0,0.000,0.000,0,0,0,0
45,33,22.750,16.750,1,1,13.661,-0.320,2,1,3,0.000,200.000,0.116,-0.993,1,-0.999,-0.053,1,1.000,1.000,0,0,0,0
45,34,22.750,17.250,0,0,0.000,0.000,0,1,1,0.000,100.000,0.000,0.000,0,0.000,0.000,0,0.000,0.000,0,0,0,0
46,-22,23.250,-10.750,9,8,3.289,0.000,12,6,16,19000.000,20400.000,-0.412,0.725,9,2.247,0.318,8,10.491,8.991,3,2,3,2
46,-21,23.250,-10.250,7,4,3.659,0.015,11,6,17,15100.000,6000.000,-6.596,-0.601,7,-1.944,-0.101,4,7.500,4.779,1,2,1,2
46,-19,23.250,-9.250,2,0,7.823,-0.443,2,2,4,200.000,2500.000,-1.534,0.927,2,0.000,0.000,0,3.000,0.000,2,0,2,0
46,-18,23.250,-8.750,1,4,3.857,0.000,4,6,10,1700.000,2300.000,-0.815,-0.579,1,-2.924,-0.208,4,1.000,4.723,0,2,0,2
46,-17,23.250,-8.250,1,2,0.436,0.000,2,6,8,4600.000,4400.000,0.962,0.271,1,1.355,1.469,2,1.000,2.870,0,2,0,2
46,-16,23.250,-7.750,4,4,1.208,-0.008,6,6,11,3200.000,2800.000,2.003,1.895,4,0.533,-0.634,4,4.420,4.619,1,2,1,2
46,-15,23.250,-7.250,4,4,2.014,-0.015,6,5,11,1000.000,1200.000,1.102,-1.965,4,1.039,0.385,4,4.000,4.500,0,1,0,1
46,-14,23.250,-6.750,2,2,4.712,-0.404,3,6,9,1200.000,900.000,-1.301,0.876,2,-1.095,0.792,2,2.000,2.355,0,1,0,1
46,-13,23.250,-6.250,3,4,2.019,0.000,6,6,12,2000.000,1700.000,0.365,-1.846,3,-1.197,-1.128,4,3.000,4.000,2,0,1,0
46,-12,23.250,-5.750,3,0,7.675,-0.504,3,6,9,1800.000,2200.000,-1.297,-1.578,3,0.000,0.000,0,4.000,0.000,2,0,2,0
46,-11,23.250,-5.250,0,1,0.000,0.000,1,6,7,1000.000,1200.000,0.000,0.000,0,-0.064,-0.998,1,0.000,1.420,0,1,0,1
46,-10,23.250,-4.750,1,1,0.410,-0.259,2,4,6,2200.000,2500.000,-0.603,0.798,1,-0.410,-0.912,1,1.000,1.246,0,1,0,1
46,-9,23.250,-4.250,0,1,0.000,0.000,1,3,4,0.000,1900.000,0.000,0.000,0,0.216,-0.976,1,0.000,1.000,0,0,0,0
46,-8,23.250,-3.750,0,0,0.000,0.000,0,2,2,600.000,200.000,0.000,0.000,0,0.000,0.000,0,0.000,0.000,0,0,0,0
46,-7,23.250,-3.250,6,1,7.254,0.443,6,5,10,4300.000,5100.000,-1.175,3.536,6,0.770,-0.638,1,7.392,1.500,4,1,4,1
46,-6,23.250,-2.750,4,1,7.688,1.106,5,6,11,6200.000,3200.000,-0.642,3.823,4,-0.816,0.578,1,5.167,1.000,3,0,3,0
46,-5,23.250,-2.250,3,1,6.442,1.083,3,5,8,1200.000,1000.000,0.417,2.209,3,0.881,0.473,1,3.500,1.000,1,0,1,0
46,-4,23.250,-1.750,0,3,0.000,0.000,3,6,9,3300.000,2800.000,0.000,0.000,0,-2.006,1.553,3,0.000,3.500,0,1,0,1
46,-3,23.250,-1.250,2,3,12.737,0.473,5,5,10,1000.000,1900.000,-1.991,-0.186,2,-1.997,0.486,3,3.000,3.994,2,2,2,2
46,-2,23.250,-0.750,6,4,4.264,0.290,7,5,12,2000.000,2600.000,-5.630,0.466,6,-3.741,-0.356,4,7.500,5.000,3,2,3,2
46,-1,23.250,-0.250,2,3,3.531,0.504,4,6,9,4700.000,3500.000,-0.801,0.932,2,-0.529,2.121,3,2.500,3.000,1,2,1,1
46,0,23.250,0.250,4,3,1.359,0.397,4,6,9,7000.000,2100.000,0.568,-1.624,4,0.838,0.941,3,4.261,3.000,1,0,1,0
46,1,23.250,0.750,3,4,10.530,1.282,6,6,10,5200.000,2200.000,-2.538,-1.472,3,-1.161,0.841,4,3.353,4.485,1,1,1,1
46,2,23.250,1.250,5,1,4.373,0.076,5,6,11,3500.000,2300.000,-1.628,0.138,5,0.138,-0.990,1,4.770,1.500,2,1,0,1
46,3,23.250,1.750,5,5,5.590,0.107,8,6,14,5500.000,3300.000,-1.343,-0.709,5,-1.621,1.875,5,5.000,6.743,0,4,0,4
46,4,23.250,2.250,8,1,6.391,0.557,9,6,15,7300.000,2100.000,-3.914,-2.232,8,1.000,0.003,1,10.069,1.000,5,0,5,0
46,5,23.250,2.750,2,4,10.056,0.694,6,6,12,4900.000,5000.000,-0.819,0.460,2,-3.152,0.281,4,2.438,4.500,1,1,1,1
46,6,23.250,3.250,4,2,7.838,-0.015,4,6,10,4900.000,5200.000,-3.009,-1.709,4,0.728,-0.980,2,4.000,2.000,0,0,0,0
46,7,23.250,3.750,4,8,7.477,1.099,12,6,16,7900.000,3300.000,-1.420,-0.513,4,-1.055,3.449,8,4.500,8.000,1,0,1,0
46,8,23.250,4.250,9,2,6.486,-0.015,10,6,15,8100.000,6000.000,-3.690,3.257,9,0.864,0.742,2,10.375,2.000,6,0,4,0
46,9,23.250,4.750,6,6,5.375,0.381,12,6,18,8200.000,10200.000,-0.070,2.146,6,0.854,-4.902,6,6.500,6.235,1,1,1,1
46,10,23.250,5.250,6,4,9.856,0.244,10,6,16,8800.000,7500.000,-2.737,0.278,6,-0.851,1.573,4,7.000,4.500,2,1,2,1
46,11,23.250,5.750,7,4,3.523,-0.015,9,6,15,7700.000,6800.000,-0.910,3.361,7,-2.298,-0.605,4,7.500,4.000,1,0,1,0
46,12,23.250,6.250,2,2,5.935,-0.259,4,6,10,6400.000,5200.000,-1.098,-1.373,2,-1.541,-0.290,2,2.929,2.000,2,0,2,0
46,13,23.250,6.750,4,2,3.986,0.000,6,6,11,6900.000,5900.000,-0.585,-0.277,4,1.538,-0.731,2,5.000,2.119,2,1,2,1
46,14,23.250,7.250,4,5,4.490,-0.175,9,6,15,8300.000,5800.000,-2.467,0.560,4,-1.475,-1.647,5,3.615,5.500,1,1,0,1
46,15,23.250,7.750,3,2,5.862,0.000,5,6,11,5800.000,7000.000,-1.837,0.165,3,-0.597,-1.847,2,3.425,2.211,2,1,1,1
46,16,23.250,8.250,2,2,12.399,0.427,4,6,10,4000.000,4900.000,-0.386,-1.828,2,-1.326,-0.799,2,2.491,2.000,1,0,1,0
46,17,23.250,8.750,1,2,5.756,0.153,3,6,8,4300.000,2700.000,-0.929,0.369,1,-0.706,-1.870,2,1.000,2.000,0,0,0,0
46,18,23.250,9.250,1,3,8.345,0.015,4,6,9,3800.000,4000.000,-1.000,-0.027,1,-1.313,-1.971,3,1.000,3.500,0,1,0,1
46,19,23.250,9.750,6,4,4.036,0.000,7,5,12,1600.000,2300.000,-3.326,-1.987,6,-0.425,-1.600,4,6.826,4.737,2,2,2,2
46,20,23.250,10.250,2,2,2.112,0.366,3,6,9,1500.000,2000.000,-0.206,0.029,2,-0.182,0.034,2,2.237,2.370,1,1,1,1
46,21,23.250,10.750,1,2,4.766,0.000,3,6,9,1000.000,1600.000,-0.494,0.870,1,-0.720,-1.583,2,1.264,2.376,1,1,1,1
46,22,23.250,11.250,1,0,14.067,-1.099,1,6,7,1000.000,2000.000,0.030,-1.000,1,0.000,0.000,0,1.302,0.000,1,0,1,0
46,23,23.250,11.750,3,2,5.623,-0.946,5,5,10,1400.000,2100.000,-1.753,-0.895,3,-0.314,-0.988,2,3.500,2.000,1,0,1,0
46,24,23.250,12.250,1,1,6.849,0.687,2,4,6,1900.000,1700.000,-0.120,-0.993,1,-0.182,0.983,1,1.000,1.000,0,0,0,0
46,25,23.250,12.750,2,1,3.748,0.511,3,5,7,2300.000,1600.000,-0.161,-1.335,2,-0.553,0.833,1,2.000,1.500,0,1,0,1
46,26,23.250,13.250,1,0,15.480,-0.259,1,5,6,2800.000,4500.000,-0.845,-0.534,1,0.000,0.000,0,1.000,0.000,0,0,0,0
46,27,23.250,13.750,0,0,0.000,0.000,0,6,6,2400.000,4200.000,0.000,0.000,0,0.000,0.000,0,0.000,0.000,0,0,0,0
46,28,23.250,14.250,2,2,4.743,-0.694,4,6,10,1400.000,2300.000,-0.951,-0.052,2,-0.232,-0.039,2,2.500,2.355,1,1,1,1
46,29,23.250,14.750,1,0,2.597,1.083,1,4,5,800.000,2200.000,-0.821,0.570,1,0.000,0.000,0,1.000,0.000,0,0,0,0
46,30,23.250,15.250,1,1,5.284,1.297,2,2,3,300.000,800.000,-0.990,0.144,1,-0.997,0.072,1,1.000,1.367,0,1,0,1
46,31,23.250,15.750,0,0,0.000,0.000,0,1,1,200.000,0.000,0.000,0.000,0,0.000,0.000,0,0.000,0.000,0,0,0,0
46,32,23.250,16.250,1,0,2.834,0.519,1,1,2,300.000,0.000,-0.905,0.425,1,0.000,0.000,0,1.500,0.000,1,0,1,0
46,33,23.250,16.750,0,0,0.000,0.000,0,1,1,0.000,200.000,0.000,0.000,0,0.000,0.000,0,0.000,0.000,0,0,0,0
47,-23,23.750,-11.250,0,1,0.000,0.000,1,0,1,0.000,0.000,0.000,0.000,0,0.734,0.679,1,0.000,1.000,0,0,0,0
47,-22,23.750,-10.750,3,6,3.111,0.015,8,6,14,12100.000,15000.000,-2.982,0.021,3,-3.940,0.207,6,3.000,6.000,0,0,0,0
47,-21,23.750,-10.250,2,3,4.735,-0.168,4,6,10,12600.000,11900.000,0.016,-0.137,2,-2.886,-0.390,3,2.782,3.991,2,2,2,2
47,-20,23.750,-9.750,0,0,0.000,0.000,0,3,3,1300.000,100.000,0.000,0.000,0,0.000,0.000,0,0.000,0.000,0,0,0,0
47,-19,23.750,-9.250,0,0,0.000,0.000,0,1,1,0.000,1300.000,0.000,0.000,0,0.000,0.000,0,0.000,0.000,0,0,0,0
47,-17,23.750,-8.250,0,4,0.000,0.000,4,6,10,2100.000,1800.000,0.000,0.000,0,-1.290,2.517,4,0.000,3.500,0,1,0,0
47,-16,23.750,-7.750,1,4,11.390,-0.015,5,6,10,4000.000,4300.000,-0.982,0.189,1,2.199,0.061,4,1.500,4.304,1,2,1,1
47,-15,23.750,-7.250,0,2,0.000,0.000,2,6,8,1400.000,3100.000,0.000,0.000,0,-1.990,0.198,2,0.000,2.000,0,0,0,0
47,-14,23.750,-6.750,0,3,0.000,0.000,3,6,8,1600.000,1900.000,0.000,0.000,0,-2.274,-0.963,3,0.000,3.453,0,1,0,1
47,-13,23.750,-6.250,4,1,7.998,-0.122,3,6,8,1800.000,3200.000,-2.239,0.111,4,0.870,-0.493,1,4.000,1.000,0,0,0,0
47,-12,23.750,-5.750,1,3,0.112,-0.031,3,6,8,3300.000,3000.000,0.999,0.048,1,-2.107,-1.139,3,1.000,3.673,0,2,0,2
47,-11,23.750,-5.250,0,0,0.000,0.000,0,3,3,700.000,1000.000,0.000,0.000,0,0.000,0.000,0,0.000,0.000,0,0,0,0
47,-10,23.750,-4.750,0,0,0.000,0.000,0,3,3,1000.000,2500.000,0.000,0.000,0,0.000,0.000,0,0.000,0.000,0,0,0,0
47,-9,23.750,-4.250,0,0,0.000,0.000,0,4,4,1400.000,9200.000,0.000,0.000,0,0.000,0.000,0,0.000,0.000,0,0,0,0
47,-8,23.750,-3.750,1,0,15.000,0.626,1,2,3,700.000,1700.000,-0.105,0.994,1,0.000,0.000,0,1.000,0.000,0,0,0,0
47,-7,23.750,-3.250,10,5,10.411,1.099,12,6,17,7800.000,5300.000,-2.097,8.485,10,-0.216,2.762,5,12.106,6.000,6,2,5,2
47,-6,23.750,-2.750,7,2,6.657,1.083,8,6,13,8600.000,2000.000,-1.087,6.782,7,0.230,0.032,2,7.500,2.802,1,2,1,2
47,-5,23.750,-2.250,3,0,9.117,1.053,2,5,7,6000.000,2800.000,-0.097,2.995,3,0.000,0.000,0,4.146,0.000,3,0,3,0
47,-4,23.750,-1.750,4,4,6.614,0.839,5,6,11,5000.000,2300.000,-3.309,1.427,4,-2.980,1.619,4,5.221,4.894,4,4,3,3
47,-3,23.750,-1.250,1,4,16.404,-1.648,5,5,10,3000.000,1700.000,-0.987,-0.158,1,-1.079,2.984,4,1.500,5.000,1,2,1,2
47,-2,23.750,-0.750,3,3,3.073,0.549,6,6,12,2500.000,1500.000,-1.683,1.434,3,-0.868,1.987,3,3.000,4.000,0,2,0,2
47,-1,23.750,-0.250,2,3,10.444,0.412,5,5,10,2700.000,1700.000,-1.993,0.063,2,-2.370,1.065,3,2.274,3.000,2,0,1,0
47,0,23.750,0.250,5,2,10.433,-0.534,7,5,11,5800.000,2400.000,-3.488,1.034,5,-1.569,-1.047,2,5.348,2.355,4,1,2,1
47,1,23.750,0.750,2,4,4.737,-0.740,5,5,10,5200.000,2500.000,-0.612,0.104,2,-2.853,-0.323,4,2.500,5.412,1,3,1,3
47,2,23.750,1.250,4,6,4.565,0.168,8,6,13,5000.000,2500.000,-0.236,1.944,4,-3.761,0.018,6,3.500,5.615,3,3,1,1
47,3,23.750,1.750,6,1,4.727,0.160,5,6,11,6200.000,3700.000,-0.285,-2.095,6,-0.971,-0.238,1,7.223,0.500,3,1,3,0
47,4,23.750,2.250,5,4,5.545,0.000,9,6,15,9200.000,4900.000,-2.565,-0.234,5,-0.507,2.037,4,5.500,4.274,1,2,1,1
47,5,23.750,2.750,4,2,9.549,0.679,6,6,12,6700.000,5500.000,-2.614,1.007,4,0.067,-0.520,2,5.000,2.000,2,0,2,0
47,6,23.750,3.250,9,1,7.022,-0.015,9,6,15,7500.000,4100.000,-3.568,-0.646,9,-0.640,-0.768,1,10.000,0.500,2,1,2,0
47,7,23.750,3.750,6,4,2.412,0.000,9,6,14,12100.000,6600.000,-0.094,-1.048,6,0.051,1.555,4,5.733,3.733,1,1,0,0
47,8,23.750,4.250,1,9,0.491,0.000,10,6,14,12600.000,9300.000,-0.997,-0.081,1,-0.895,5.014,9,1.000,9.718,0,3,0,2
47,9,23.750,4.750,1,5,14.111,0.916,5,6,11,7300.000,4500.000,-0.806,-0.592,1,-0.010,-1.215,5,1.400,7.000,1,4,1,4
47,10,23.750,5.250,5,4,2.957,-0.275,7,6,13,4900.000,5700.000,-0.302,-1.129,5,-0.581,-3.606,4,5.115,5.040,2,3,1,2
47,11,23.750,5.750,2,4,5.929,-0.153,5,6,11,4100.000,4900.000,-0.599,1.906,2,-2.169,3.026,4,2.277,4.701,2,3,1,2
47,12,23.750,6.250,3,5,3.631,0.031,6,6,11,4700.000,4300.000,-0.649,0.155,3,-2.173,-0.984,5,3.968,5.500,2,1,2,1
47,13,23.750,6.750,4,1,3.705,0.122,5,6,10,3800.000,4300.000,-3.087,0.201,4,-0.012,-1.000,1,4.608,1.146,4,1,3,1
47,14,23.750,7.250,3,2,2.338,0.015,4,6,10,11100.000,5500.000,-0.381,-0.103,3,-0.900,0.990,2,3.000,2.476,0,1,0,1
47,15,23.750,7.750,2,2,5.757,0.053,4,6,10,6400.000,3200.000,-1.509,0.906,2,-1.954,0.391,2,2.456,2.500,1,1,1,1
47,16,23.750,8.250,3,2,6.086,0.015,5,6,11,5100.000,2200.000,-1.309,-0.768,3,0.277,-1.947,2,4.000,2.500,2,1,2,1
47,17,23.750,8.750,6,0,5.387,0.008,6,6,12,3000.000,2200.000,-3.102,-1.236,6,0.000,0.000,0,6.000,0.000,0,0,0,0
47,18,23.750,9.250,3,4,2.491,-0.031,7,5,12,2400.000,2500.000,-1.423,-1.764,3,-2.063,0.066,4,3.000,4.500,0,1,0,1
47,19,23.750,9.750,0,1,0.000,0.000,1,5,6,900.000,1900.000,0.000,0.000,0,-0.978,-0.209,1,0.000,1.500,0,1,0,1
47,20,23.750,10.250,1,0,3.813,-0.244,1,5,6,1300.000,1200.000,-0.928,-0.373,1,0.000,0.000,0,1.000,0.000,0,0,0,0
47,21,23.750,10.750,2,3,11.794,0.328,4,6,10,800.000,1700.000,-0.988,-1.137,2,-0.793,-2.383,3,2.000,3.000,0,0,0,0
47,22,23.750,11.250,1,0,6.881,0.229,1,4,5,400.000,1900.000,-0.414,-0.910,1,0.000,0.000,0,1.000,0.000,0,0,0,0
47,23,23.750,11.750,1,2,8.280,0.000,3,5,7,1100.000,2100.000,-0.865,-0.503,1,-1.067,-1.679,2,1.000,2.000,0,0,0,0
47,24,23.750,12.250,1,1,7.998,-0.031,2,5,6,1000.000,2100.000,-0.143,-0.990,1,-0.620,0.785,1,1.000,1.000,0,0,0,0
47,25,23.750,12.750,3,3,1.919,-0.076,5,5,9,1200.000,2000.000,-1.996,-2.223,3,-0.256,-1.485,3,3.000,3.500,0,1,0,1
47,26,23.750,13.250,1,1,3.741,-0.320,2,6,8,800.000,1500.000,-0.524,-0.852,1,-0.004,-1.000,1,1.000,1.500,0,1,0,1
47,27,23.750,13.750,0,0,0.000,0.000,0,5,5,200.000,2000.000,0.000,0.000,0,0.000,0.000,0,0.000,0.000,0,0,0,0
47,28,23.750,14.250,3,0,2.720,0.107,3,2,5,400.000,1200.000,-0.887,0.536,3,0.000,0.000,0,3.494,0.000,1,0,1,0
47,29,23.750,14.750,0,0,0.000,0.000,0,2,2,400.000,800.000,0.000,0.000,0,0.000,0.000,0,0.000,0.000,0,0,0,0
47,30,23.750,15.250,2,1,4.442,-0.633,2,2,4,300.000,0.000,0.160,-1.964,2,-0.991,0.133,1,2.000,1.000,0,0,0,0
47,31,23.750,15.750,1,1,6.273,-0.565,2,1,3,200.000,0.000,-0.480,-0.877,1,-0.857,0.515,1,1.376,1.000,1,0,1,0
47,32,23.750,16.250,1,0,1.666,0.214,1,1,2,0.000,500.000,-0.965,-0.261,1,0.000,0.000,0,0.671,0.000,1,0,0,0
48,-23,24.250,-11.250,1,2,0.726,-0.198,3,3,6,600.000,300.000,-0.183,0.983,1,0.027,0.402,2,1.000,2.500,0,1,0,1
48,-22,24.250,-10.750,7,6,3.004,0.000,11,6,17,10600.000,12300.000,-1.385,2.165,7,2.546,3.138,6,6.714,5.779,2,2,1,1
48,-21,24.250,-10.250,1,4,4.321,0.000,5,6,11,13800.000,10400.000,-0.965,-0.263,1,-3.005,-1.179,4,0.500,4.441,1,1,0,1
48,-20,24.250,-9.750,0,1,0.000,0.000,1,4,5,4900.000,300.000,0.000,0.000,0,-0.966,-0.259,1,0.000,0.993,0,1,0,0
48,-17,24.250,-8.250,1,0,20.761,-2.151,1,5,6,500.000,1000.000,-0.860,0.511,1,0.000,0.000,0,1.500,0.000,1,0,1,0
48,-16,24.250,-7.750,2,2,18.238,-0.298,4,6,10,3900.000,5000.000,-1.645,1.136,2,-1.600,-0.985,2,2.950,2.438,2,1,2,1
48,-15,24.250,-7.250,1,1,0.185,-0.015,2,6,8,4000.000,3500.000,0.973,-0.233,1,-0.857,0.515,1,1.000,1.500,0,1,0,1
48,-14,24.250,-6.750,3,2,8.626,-0.259,5,6,11,3000.000,4800.000,-1.164,1.971,3,0.282,-0.496,2,3.279,2.264,1,1,1,1
48,-13,24.250,-6.250,1,2,14.689,0.031,3,6,9,3600.000,3700.000,-1.000,-0.030,1,-0.052,0.799,2,1.500,2.500,1,1,1,1
48,-12,24.250,-5.750,0,1,0.000,0.000,1,6,7,800.000,1800.000,0.000,0.000,0,-0.999,0.032,1,0.000,1.000,0,0,0,0
48,-8,24.250,-3.750,1,0,8.289,1.114,1,2,3,400.000,1300.000,-0.125,0.992,1,0.000,0.000,0,1.000,0.000,0,0,0,0
48,-7,24.250,-3.250,2,2,3.712,1.091,4,6,10,5700.000,6000.000,1.112,1.077,2,0.418,1.736,2,2.226,2.235,1,1,1,1
48,-6,24.250,-2.750,3,6,0.279,0.000,5,6,11,12500.000,3600.000,0.273,-0.967,3,-1.493,-0.589,6,3.000,7.000,0,2,0,2
48,-5,24.250,-2.250,0,1,0.000,0.000,1,5,6,1600.000,500.000,0.000,0.000,0,-0.051,0.999,1,0.000,0.615,0,1,0,0
48,-4,24.250,-1.750,1,1,2.836,0.198,2,4,6,2100.000,900.000,-0.787,0.617,1,-1.000,0.031,1,1.000,1.420,0,1,0,1
48,-3,24.250,-1.250,0,2,0.000,0.000,2,4,6,300.000,800.000,0.000,0.000,0,-1.978,0.293,2,0.000,2.835,0,2,0,2
48,-2,24.250,-0.750,0,1,0.000,0.000,1,3,4,0.000,700.000,0.000,0.000,0,-0.994,-0.110,1,0.000,1.000,0,0,0,0
48,-1,24.250,-0.250,1,1,3.867,-0.137,2,3,5,0.000,700.000,-0.203,0.979,1,-0.962,-0.274,1,1.000,1.482,0,1,0,1
48,0,24.250,0.250,1,2,6.642,1.816,3,3,6,700.000,400.000,-0.942,-0.337,1,-1.988,-0.077,2,1.155,2.000,1,0,1,0
48,1,24.250,0.750,0,0,0.000,0.000,0,3,3,600.000,300.000,0.000,0.000,0,0.000,0.000,0,0.000,0.000,0,0,0,0
48,2,24.250,1.250,1,2,5.598,1.053,3,2,5,300.000,0.000,-0.622,0.783,1,0.052,1.888,2,1.000,2.000,0,0,0,0
48,3,24.250,1.750,4,7,5.785,0.053,10,6,15,2600.000,2400.000,-1.250,-2.151,4,-4.885,-0.266,7,4.735,7.469,2,2,2,1
48,4,24.250,2.250,5,7,2.613,0.031,11,6,16,7600.000,3200.000,-3.291,2.039,5,-2.660,-0.496,7,6.760,9.441,5,5,4,5
48,5,24.250,2.750,11,4,7.375,0.031,13,6,18,5500.000,6600.000,-3.543,-0.802,11,-2.002,2.350,4,12.960,4.500,5,1,5,1
48,6,24.250,3.250,4,6,3.942,-0.114,10,6,16,9500.000,6900.000,0.124,-1.114,4,-0.055,-2.644,6,4.000,7.403,0,3,0,3
48,7,24.250,3.750,4,7,5.860,0.046,11,6,17,14600.000,9100.000,-1.556,0.151,4,-3.414,-2.916,7,4.805,7.537,2,2,2,1
48,8,24.250,4.250,3,0,6.586,-0.031,3,6,9,1500.000,1600.000,0.285,1.258,3,0.000,0.000,0,3.500,0.000,1,0,1,0
48,9,24.250,4.750,0,0,0.000,0.000,0,1,1,200.000,0.000,0.000,0.000,0,0.000,0.000,0,0.000,0.000,0,0,0,0
48,12,24.250,6.250,0,1,0.000,0.000,1,3,3,400.000,300.000,0.000,0.000,0,-0.732,0.681,1,0.000,1.491,0,1,0,1
48,13,24.250,6.750,2,0,3.681,0.069,2,6,8,700.000,1200.000,-1.076,1.023,2,0.000,0.000,0,2.000,0.000,0,0,0,0
48,14,24.250,7.250,1,0,18.408,0.015,1,6,7,2300.000,1900.000,-0.685,-0.728,1,0.000,0.000,0,1.500,0.000,1,0,1,0
48,15,24.250,7.750,1,2,14.036,-1.083,3,6,9,3300.000,2900.000,-0.998,0.062,1,0.356,-0.272,2,1.000,2.500,0,1,0,1
48,16,24.250,8.250,3,2,7.081,0.000,5,6,11,3200.000,2500.000,-2.329,-1.196,3,-0.476,1.276,2,2.889,2.500,1,1,0,1
48,17,24.250,8.750,4,2,3.826,0.305,6,6,12,3600.000,2600.000,-1.003,-0.788,4,-1.829,0.699,2,3.777,2.000,1,0,0,0
48,18,24.250,9.250,0,3,0.000,0.000,3,4,7,1500.000,1500.000,0.000,0.000,0,-2.104,1.623,3,0.000,4.000,0,2,0,2
48,19,24.250,9.750,1,2,5.726,0.000,3,5,8,1500.000,2100.000,-0.662,0.749,1,-1.435,-0.681,2,1.000,2.285,0,1,0,1
48,20,24.250,10.250,7,3,4.857,0.015,10,6,16,1700.000,900.000,-5.311,1.127,7,-0.939,-2.808,3,7.000,2.777,0,1,0,0
48,21,24.250,10.750,1,3,3.993,-0.641,3,3,6,200.000,1400.000,-0.433,0.901,1,-2.361,-1.294,3,1.000,3.000,0,0,0,0
48,22,24.250,11.250,0,0,0.000,0.000,0,4,4,600.000,1200.000,0.000,0.000,0,0.000,0.000,0,0.000,0.000,0,0,0,0
48,23,24.250,11.750,2,0,6.293,-0.450,2,5,7,1000.000,1600.000,-0.912,-1.594,2,0.000,0.000,0,2.000,0.000,0,0,0,0
48,24,24.250,12.250,1,1,5.602,-0.961,2,5,7,300.000,700.000,-0.483,-0.876,1,-0.122,-0.993,1,1.000,1.000,0,0,0,0
48,25,24.250,12.750,0,1,0.000,0.000,1,4,5,200.000,400.000,0.000,0.000,0,-0.183,-0.983,1,0.000,1.000,0,0,0,0
48,26,24.250,13.250,1,2,3.961,2.960,3,3,6,200.000,1600.000,0.316,-0.949,1,-1.469,-0.141,2,1.000,2.000,0,0,0,0
48,27,24.250,13.750,1,1,6.190,1.465,2,2,4,200.000,1000.000,-0.886,0.464,1,-0.635,-0.772,1,1.000,1.000,0,0,0,0
48,28,24.250,14.250,1,0,4.578,-0.641,1,2,3,200.000,500.000,-0.996,-0.086,1,0.000,0.000,0,1.000,0.000,0,0,0,0
48,29,24.250,14.750,1,1,10.261,-0.397,2,2,4,100.000,200.000,-0.302,-0.953,1,-0.869,-0.495,1,1.500,1.000,1,0,1,0
48,30,24.250,15.250,0,0,0.000,0.000,0,1,1,0.000,300.000,0.000,0.000,0,0.000,0.000,0,0.000,0.000,0,0,0,0
48,31,24.250,15.750,0,0,0.000,0.000,0,1,1,0.000,300.000,0.000,0.000,0,0.000,0.000,0,0.000,0.000,0,0,0,0
48,32,24.250,16.250,1,0,4.554,0.046,1,0,1,0.000,0.000,-0.996,-0.094,1,0.000,0.000,0,1.000,0.000,0,0,0,0
49,-23,24.750,-11.250,0,1,0.000,0.000,1,3,4,800.000,1400.000,0.000,0.000,0,0.999,0.051,1,0.000,1.500,0,1,0,1
49,-22,24.750,-10.750,2,3,2.204,0.092,5,6,10,8800.000,9700.000,-1.938,0.366,2,-1.083,0.511,3,2.500,3.000,1,0,1,0
49,-21,24.750,-10.250,7,5,2.046,0.000,9,6,14,14900.000,9900.000,-2.154,0.317,7,-2.630,-0.314,5,6.993,5.239,1,2,0,1
49,-20,24.750,-9.750,0,2,0.000,0.000,2,5,7,1700.000,1300.000,0.000,0.000,0,-1.449,0.406,2,0.000,3.000,0,2,0,2
49,-17,24.750,-8.250,1,0,3.428,0.381,1,5,6,800.000,1100.000,-0.949,0.314,1,0.000,0.000,0,1.181,0.000,1,0,1,0
49,-16,24.750,-7.750,1,1,0.423,0.244,2,6,8,2500.000,2100.000,0.775,0.632,1,-0.752,0.660,1,0.500,1.500,1,1,0,1
49,-15,24.750,-7.250,1,6,1.696,0.046,7,6,13,4000.000,3900.000,0.677,0.736,1,-3.253,1.026,6,1.000,7.500,0,3,0,3
49,-14,24.750,-6.750,6,2,9.300,0.053,8,6,14,4400.000,3200.000,-2.378,-0.164,6,-0.220,0.319,2,7.000,2.000,2,0,2,0
49,-13,24.750,-6.250,3,2,4.326,-0.732,5,6,11,4300.000,5300.000,-2.982,-0.065,3,1.867,0.141,2,4.000,2.500,2,1,2,1
49,-12,24.750,-5.750,0,2,0.000,0.000,2,5,7,1100.000,1700.000,0.000,0.000,0,0.001,-0.024,2,0.000,2.450,0,1,0,1
49,-8,24.750,-3.750,0,0,0.000,0.000,0,1,1,100.000,0.000,0.000,0.000,0,0.000,0.000,0,0.000,0.000,0,0,0,0
49,-7,24.750,-3.250,0,0,0.000,0.000,0,5,5,2700.000,2100.000,0.000,0.000,0,0.000,0.000,0,0.000,0.000,0,0,0,0
49,-6,24.750,-2.750,1,2,14.068,1.556,3,6,9,10600.000,3100.000,-0.077,0.997,1,-0.271,0.635,2,1.000,2.235,0,1,0,1
49,-5,24.750,-2.250,1,0,4.844,1.099,1,1,2,0.000,200.000,0.694,-0.720,1,0.000,0.000,0,1.500,0.000,1,0,1,0
49,3,24.750,1.750,2,2,12.078,0.931,4,5,9,2300.000,1500.000,-1.904,-0.539,2,-1.075,-1.354,2,2.500,1.726,1,2,1,1
49,4,24.750,2.250,3,1,3.503,0.046,4,6,10,13600.000,5200.000,-0.476,1.133,3,0.279,-0.960,1,3.870,1.000,2,0,2,0
49,5,24.750,2.750,5,7,11.402,0.320,11,6,16,7900.000,8900.000,-3.850,0.743,5,-1.776,1.498,7,6.500,7.000,3,0,3,0
49,6,24.750,3.250,7,3,15.445,0.031,10,6,16,10100.000,9100.000,-5.694,-0.671,7,-0.841,-0.350,3,8.746,3.000,4,0,4,0
49,7,24.750,3.750,5,4,10.308,0.046,9,6,15,9700.000,6500.000,-2.697,-0.535,5,-2.255,-1.029,4,5.500,4.000,1,0,1,0
49,13,24.750,6.750,0,0,0.000,0.000,0,1,1,0.000,100.000,0.000,0.000,0,0.000,0.000,0,0.000,0.000,0,0,0,0
49,14,24.750,7.250,1,1,3.944,0.870,2,1,3,0.000,500.000,-0.645,-0.764,1,-0.307,0.952,1,1.403,1.037,1,1,1,0
49,15,24.750,7.750,0,0,0.000,0.000,0,5,5,2400.000,1100.000,0.000,0.000,0,0.000,0.000,0,0.000,0.000,0,0,0,0
49,16,24.750,8.250,1,2,0.352,-0.183,3,5,7,3100.000,2600.000,-0.875,-0.484,1,0.162,-0.098,2,1.000,2.381,0,2,0,2
49,17,24.750,8.750,1,2,26.467,-2.274,3,6,9,2000.000,2600.000,-0.476,-0.879,1,-1.402,0.896,2,1.000,2.000,0,0,0,0
49,18,24.750,9.250,2,1,5.618,0.114,3,5,8,3600.000,1400.000,-1.214,-1.093,2,-0.583,-0.812,1,2.000,1.000,0,0,0,0
49,19,24.750,9.750,0,0,0.000,0.000,0,4,4,1700.000,700.000,0.000,0.000,0,0.000,0.000,0,0.000,0.000,0,0,0,0
49,20,24.750,10.250,0,4,0.000,0.000,3,6,9,2300.000,1300.000,0.000,0.000,0,-3.365,-1.802,4,0.000,4.000,0,0,0,0
49,21,24.750,10.750,1,0,21.495,0.061,1,5,6,700.000,1100.000,-0.451,-0.892,1,0.000,0.000,0,1.500,0.000,1,0,1,0
49,22,24.750,11.250,0,0,0.000,0.000,0,5,5,800.000,3100.000,0.000,0.000,0,0.000,0.000,0,0.000,0.000,0,0,0,0
49,23,24.750,11.750,1,1,5.313,1.389,2,5,7,600.000,1200.000,-0.525,0.851,1,-0.335,0.942,1,1.000,1.000,0,0,0,0
49,24,24.750,12.250,2,1,8.392,0.122,3,3,6,400.000,600.000,-1.781,-0.895,2,-0.737,-0.676,1,2.000,1.000,0,0,0,0
49,25,24.750,12.750,1,1,9.078,-0.748,1,2,3,300.000,1100.000,-0.230,-0.973,1,-0.328,-0.945,1,1.037,1.500,1,1,0,1
49,26,24.750,13.250,0,0,0.000,0.000,0,2,2,200.000,400.000,0.000,0.000,0,0.000,0.000,0,0.000,0.000,0,0,0,0
49,27,24.750,13.750,0,0,0.000,0.000,0,1,1,0.000,100.000,0.000,0.000,0,0.000,0.000,0,0.000,0.000,0,0,0,0
49,29,24.750,14.750,1,1,0.927,0.122,2,0,2,0.000,0.000,-0.018,1.000,1,-0.154,-0.988,1,1.000,1.500,0,1,0,1
49,31,24.750,15.750,0,1,0.000,0.000,1,0,1,0.000,0.000,0.000,0.000,0,-0.083,-0.997,1,0.000,1.000,0,0,0,0
50,-23,25.250,-11.250,0,1,0.000,0.000,1,3,4,600.000,1400.000,0.000,0.000,0,0.987,0.162,1,0.000,1.000,0,0,0,0
50,-22,25.250,-10.750,3,1,0.390,0.000,3,6,9,7900.000,8000.000,-1.167,-1.109,3,0.327,0.945,1,3.000,1.000,0,0,0,0
50,-21,25.250,-10.250,1,6,6.181,0.000,5,6,11,18800.000,12000.000,-0.988,-0.152,1,-1.208,0.941,6,1.261,6.761,1,2,1,2
50,-20,25.250,-9.750,1,0,7.154,0.000,1,6,7,4200.000,800.000,-0.921,-0.389,1,0.000,0.000,0,1.000,0.000,0,0,0,0
50,-17,25.250,-8.250,0,1,0.000,0.000,1,4,5,2900.000,400.000,0.000,0.000,0,-0.020,1.000,1,0.000,1.000,0,0,0,0
50,-16,25.250,-7.750,2,1,2.359,0.122,3,6,9,2400.000,1800.000,-0.618,-0.401,2,-0.906,0.424,1,2.500,1.000,1,0,1,0
50,-15,25.250,-7.250,3,4,3.420,0.046,6,6,12,4200.000,3700.000,1.638,1.549,3,-0.490,0.013,4,3.485,4.400,1,3,1,2
50,-14,25.250,-6.750,6,4,3.294,-0.732,10,6,15,7200.000,4500.000,2.203,-0.979,6,0.044,2.426,4,6.985,4.000,2,0,2,0
50,-13,25.250,-6.250,1,7,0.258,0.000,7,6,13,8100.000,5000.000,-1.000,-0.005,1,-3.369,-0.777,7,1.500,7.420,1,3,1,2
50,-12,25.250,-5.750,2,2,4.867,-0.214,4,6,9,1700.000,2800.000,-1.193,-1.605,2,1.235,0.896,2,2.388,2.000,1,0,1,0
50,-7,25.250,-3.250,0,1,0.000,0.000,1,6,7,2800.000,2400.000,0.000,0.000,0,0.735,0.678,1,0.000,1.000,0,0,0,0
50,-6,25.250,-2.750,1,1,4.603,1.099,2,6,8,8900.000,3200.000,0.724,-0.689,1,0.313,0.950,1,1.226,1.500,1,1,1,1
50,3,25.250,1.750,2,2,12.893,-0.595,4,6,10,3500.000,2600.000,-1.556,0.512,2,1.287,-0.421,2,3.000,2.500,2,1,2,1
50,4,25.250,2.250,4,5,4.208,0.084,8,6,14,8400.000,7400.000,-3.107,1.040,4,-4.617,-1.841,5,4.438,7.420,1,5,1,5
50,5,25.250,2.750,7,1,7.081,0.031,7,6,13,11200.000,10500.000,-2.853,-0.275,7,-0.933,-0.359,1,7.000,1.500,2,1,1,1
50,6,25.250,3.250,5,3,6.985,0.046,6,6,12,8600.000,7700.000,-0.527,-3.242,5,0.337,-1.051,3,5.500,3.000,1,0,1,0
50,7,25.250,3.750,5,0,4.348,0.031,5,6,11,4800.000,5700.000,0.758,-3.174,5,0.000,0.000,0,5.500,0.000,1,0,1,0
50,15,25.250,7.750,0,0,0.000,0.000,0,3,3,1000.000,0.000,0.000,0.000,0,0.000,0.000,0,0.000,0.000,0,0,0,0
50,16,25.250,8.250,0,2,0.000,0.000,2,6,8,1700.000,3100.000,0.000,0.000,0,-1.546,-1.238,2,0.000,2.000,0,0,0,0
50,17,25.250,8.750,2,0,11.216,-0.107,2,5,6,1800.000,2000.000,-1.336,-1.489,2,0.000,0.000,0,2.619,0.000,2,0,2,0
50,18,25.250,9.250,1,1,3.115,0.000,2,4,6,1000.000,1700.000,-0.977,0.213,1,-0.999,-0.033,1,1.000,1.000,0,0,0,0
50,19,25.250,9.750,0,0,0.000,0.000,0,5,5,900.000,2300.000,0.000,0.000,0,0.000,0.000,0,0.000,0.000,0,0,0,0
50,20,25.250,10.250,1,0,3.477,0.397,1,6,7,1900.000,2000.000,-0.696,-0.718,1,0.000,0.000,0,1.000,0.000,0,0,0,0
50,21,25.250,10.750,1,1,5.311,0.000,2,6,7,400.000,2800.000,-0.753,-0.658,1,-0.417,0.909,1,1.500,1.000,1,0,1,0
50,22,25.250,11.250,0,0,0.000,0.000,0,4,4,400.000,500.000,0.000,0.000,0,0.000,0.000,0,0.000,0.000,0,0,0,0
50,23,25.250,11.750,0,1,0.000,0.000,1,2,3,100.000,100.000,0.000,0.000,0,-0.352,-0.936,1,0.000,1.000,0,0,0,0
50,24,25.250,12.250,1,1,0.364,-0.046,1,0,1,0.000,0.000,-0.169,0.986,1,-0.169,0.986,1,1.000,1.000,0,0,0,0
50,25,25.250,12.750,1,2,0.364,0.046,2,0,2,0.000,0.000,0.477,-0.879,1,-0.417,-1.329,2,1.000,2.000,0,0,0,0
50,29,25.250,14.750,0,1,0.000,0.000,1,0,1,0.000,0.000,0.000,0.000,0,-0.705,-0.709,1,0.000,1.000,0,0,0,0
51,-23,25.750,-11.250,4,4,2.079,0.069,4,3,7,500.000,600.000,-1.214,2.170,4,1.954,3.277,4,5.407,4.819,4,3,4,3
51,-22,25.750,-10.750,1,3,7.640,0.000,4,6,10,5100.000,7700.000,-0.999,-0.040,1,0.151,1.320,3,1.000,3.190,0,1,0,1
51,-21,25.750,-10.250,4,4,9.915,1.572,7,6,13,25900.000,11600.000,1.444,3.418,4,1.436,3.426,4,4.441,4.873,1,2,1,2
51,-20,25.750,-9.750,2,3,3.193,0.145,3,6,9,10800.000,7500.000,-0.035,0.136,2,2.148,1.271,3,2.000,3.429,0,1,0,1
51,-19,25.750,-9.250,0,0,0.000,0.000,0,4,4,10500.000,1100.000,0.000,0.000,0,0.000,0.000,0,0.000,0.000,0,0,0,0
51,-17,25.750,-8.250,0,0,0.000,0.000,0,6,6,2900.000,600.000,0.000,0.000,0,0.000,0.000,0,0.000,0.000,0,0,0,0
51,-16,25.750,-7.750,1,3,17.316,0.015,4,6,10,1400.000,2000.000,-0.999,0.039,1,-0.009,2.130,3,1.000,4.000,0,2,0,2
51,-15,25.750,-7.250,5,2,3.133,0.015,7,6,12,1700.000,3200.000,0.376,2.178,5,0.326,1.971,2,5.000,2.000,0,0,0,0
51,-14,25.750,-6.750,4,2,3.901,0.015,6,6,12,6000.000,4100.000,-3.684,-1.041,4,-0.353,0.084,2,4.500,2.000,1,0,1,0
51,-13,25.750,-6.250,3,5,3.098,0.000,7,6,13,8400.000,8100.000,0.729,2.881,3,-2.256,1.716,5,3.361,5.500,1,1,1,1
51,-12,25.750,-5.750,2,5,7.250,-0.114,7,6,13,9800.000,7700.000,-1.866,-0.720,2,-2.361,-3.450,5,2.296,5.966,1,3,1,3
51,-11,25.750,-5.250,2,5,7.645,0.008,6,6,12,6600.000,3900.000,-0.684,0.679,2,-0.260,1.469,5,2.000,5.715,0,5,0,3
51,-10,25.750,-4.750,4,1,4.634,-0.374,5,6,11,4400.000,2600.000,1.185,1.048,4,0.227,-0.974,1,4.900,1.000,2,0,2,0
51,-9,25.750,-4.250,3,3,0.273,0.000,3,6,9,3200.000,3400.000,1.870,-1.578,3,1.823,-1.587,3,3.000,3.000,0,0,0,0
51,-8,25.750,-3.750,1,3,2.951,1.099,4,6,10,3900.000,3200.000,-0.103,-0.995,1,0.663,-1.130,3,1.000,3.000,0,0,0,0
51,-7,25.750,-3.250,1,2,3.417,0.015,3,6,9,11200.000,9100.000,0.114,-0.993,1,-1.072,-0.137,2,1.500,2.500,1,1,1,1
51,-6,25.750,-2.750,2,2,2.197,0.381,3,6,9,12000.000,8200.000,-1.386,0.729,2,-0.461,-1.498,2,2.500,2.000,1,0,1,0
51,-5,25.750,-2.250,1,4,4.869,-0.244,5,6,9,2900.000,4100.000,0.875,0.484,1,2.726,1.476,4,1.491,4.000,1,0,1,0
51,-4,25.750,-1.750,0,1,0.000,0.000,1,6,7,2400.000,3300.000,0.000,0.000,0,0.728,0.685,1,0.000,1.000,0,0,0,0
51,-3,25.750,-1.250,0,0,0.000,0.000,0,6,6,7500.000,4200.000,0.000,0.000,0,0.000,0.000,0,0.000,0.000,0,0,0,0
51,-2,25.750,-0.750,1,0,2.310,-0.381,1,4,5,900.000,1600.000,-0.174,-0.985,1,0.000,0.000,0,1.500,0.000,1,0,1,0
51,-1,25.750,-0.250,0,0,0.000,0.000,0,4,4,1400.000,1300.000,0.000,0.000,0,0.000,0.000,0,0.000,0.000,0,0,0,0
51,0,25.750,0.250,0,0,0.000,0.000,0,4,4,26000.000,700.000,0.000,0.000,0,0.000,0.000,0,0.000,0.000,0,0,0,0
51,1,25.750,0.750,2,0,10.751,-1.396,2,3,5,8900.000,500.000,0.121,-1.996,2,0.000,0.000,0,2.817,0.000,2,0,2,0
51,2,25.750,1.250,0,0,0.000,0.000,0,3,3,500.000,500.000,0.000,0.000,0,0.000,0.000,0,0.000,0.000,0,0,0,0
51,3,25.750,1.750,4,9,4.849,0.046,12,6,17,7100.000,7000.000,-1.161,2.528,4,-2.046,2.700,9,4.973,10.491,2,3,2,3
51,4,25.750,2.250,3,3,3.738,-0.366,5,6,11,11300.000,8100.000,1.007,-0.314,3,-1.039,-0.769,3,3.500,3.450,1,1,1,1
51,5,25.750,2.750,4,1,9.023,0.114,5,6,11,9100.000,9700.000,0.049,-1.790,4,-0.839,-0.544,1,4.764,1.500,2,1,2,1
51,6,25.750,3.250,4,3,2.955,0.031,5,6,11,7400.000,7100.000,-1.916,-1.672,4,-2.330,-0.524,3,4.000,3.000,0,0,0,0
51,7,25.750,3.750,2,4,10.563,-0.046,4,6,10,3100.000,6400.000,-0.704,-1.475,2,-1.822,-1.720,4,2.661,4.500,2,1,2,1
51,15,25.750,7.750,2,1,6.443,0.450,2,4,6,9000.000,2600.000,-1.086,1.670,2,-0.984,0.176,1,2.500,1.500,1,1,1,1
51,16,25.750,8.250,2,1,9.026,0.404,3,4,7,2900.000,5800.000,-1.585,0.820,2,-0.996,-0.094,1,2.000,1.500,0,1,0,1
51,17,25.750,8.750,3,0,5.553,-0.183,3,4,7,2200.000,2400.000,-2.656,0.470,3,0.000,0.000,0,3.000,0.000,0,0,0,0
51,18,25.750,9.250,1,1,11.005,0.015,2,4,6,900.000,1000.000,-0.991,-0.136,1,-0.891,-0.455,1,1.000,1.146,0,1,0,1
51,19,25.750,9.750,0,0,0.000,0.000,0,3,3,1500.000,200.000,0.000,0.000,0,0.000,0.000,0,0.000,0.000,0,0,0,0
51,20,25.750,10.250,2,0,4.999,-0.435,2,4,6,3800.000,3800.000,-1.870,-0.603,2,0.000,0.000,0,2.000,0.000,0,0,0,0
51,21,25.750,10.750,1,1,6.644,-0.244,2,1,3,300.000,0.000,-0.863,-0.505,1,-0.998,-0.068,1,1.429,1.000,1,0,1,0
52,-23,26.250,-11.250,1,0,2.041,-0.473,1,2,3,900.000,0.000,-1.000,0.011,1,0.000,0.000,0,1.500,0.000,1,0,1,0
52,-22,26.250,-10.750,3,5,3.535,0.000,6,6,12,4100.000,6000.000,-1.022,-0.223,3,-1.337,2.992,5,3.500,5.248,1,2,1,1
52,-21,26.250,-10.250,2,7,8.979,1.099,9,6,15,13400.000,8100.000,-0.865,0.852,2,0.152,4.278,7,2.423,7.000,1,0,1,0
52,-20,26.250,-9.750,6,11,2.304,-0.008,12,6,17,15800.000,11600.000,-3.445,0.160,6,0.674,7.781,11,6.929,12.540,2,4,2,3
52,-19,26.250,-9.250,5,6,8.715,2.197,9,6,15,13000.000,10300.000,2.067,3.987,5,2.026,3.694,6,6.158,7.000,3,2,3,2
52,-18,26.250,-8.750,2,3,0.234,0.000,2,6,7,3500.000,2900.000,1.117,-0.708,2,1.273,0.280,3,2.000,3.500,0,1,0,1
52,-17,26.250,-8.250,7,6,0.875,0.137,8,6,13,2300.000,3800.000,3.644,3.384,7,2.587,3.881,6,7.000,6.622,0,2,0,2
52,-16,26.250,-7.750,0,4,0.000,0.000,4,5,9,1400.000,2500.000,0.000,0.000,0,-2.696,1.046,4,0.000,4.465,0,1,0,1
52,-15,26.250,-7.250,3,2,2.612,-0.793,5,6,11,3200.000,3200.000,0.164,1.900,3,-0.910,1.003,2,3.944,2.000,2,0,2,0
52,-14,26.250,-6.750,3,3,0.384,0.000,3,6,9,3300.000,5500.000,0.667,0.932,3,0.450,0.924,3,3.965,4.465,2,3,2,3
52,-13,26.250,-6.250,9,2,6.880,0.000,11,6,16,4000.000,8100.000,-3.351,2.222,9,-0.863,0.630,2,10.376,2.000,3,0,3,0
52,-12,26.250,-5.750,6,5,4.252,-0.008,10,6,16,6500.000,6800.000,-4.019,-1.320,6,-1.585,0.814,5,7.052,5.646,3,2,3,2
52,-11,26.250,-5.250,10,8,2.025,-0.046,15,6,21,5500.000,4700.000,-2.350,-5.547,10,0.382,3.738,8,11.870,9.796,4,4,4,4
52,-10,26.250,-4.750,4,1,1.803,0.000,4,6,10,5100.000,5800.000,-1.518,0.420,4,0.295,0.956,1,4.500,1.000,3,0,2,0
52,-9,26.250,-4.250,4,4,2.899,0.008,6,6,11,4300.000,4300.000,1.412,-1.738,4,1.861,0.141,4,4.000,5.000,0,2,0,2
52,-8,26.250,-3.750,3,6,4.691,0.000,8,6,13,4600.000,3800.000,0.280,0.964,3,1.330,1.506,6,3.000,6.412,0,3,0,2
52,-7,26.250,-3.250,1,4,5.233,0.870,5,6,11,4500.000,3500.000,-0.556,-0.831,1,-0.478,3.038,4,1.000,4.000,0,0,0,0
52,-6,26.250,-2.750,4,2,4.055,0.313,6,6,12,4600.000,3500.000,0.911,0.989,4,0.624,1.846,2,4.500,2.000,1,0,1,0
52,-5,26.250,-2.250,0,3,0.000,0.000,3,6,9,4300.000,5200.000,0.000,0.000,0,-0.069,-1.071,3,0.000,3.000,0,0,0,0
52,-4,26.250,-1.750,1,2,4.967,0.015,3,6,8,4100.000,3200.000,0.128,-0.992,1,0.598,-0.038,2,1.000,2.000,0,0,0,0
52,-3,26.250,-1.250,3,1,0.455,0.000,4,6,9,2800.000,2100.000,-0.379,-2.708,3,0.271,-0.963,1,3.000,1.000,0,0,0,0
52,-2,26.250,-0.750,1,4,10.090,-2.197,5,5,10,2300.000,2100.000,-0.110,-0.994,1,2.326,0.880,4,1.000,5.453,0,3,0,3
52,-1,26.250,-0.250,1,1,10.800,-1.404,2,6,8,4200.000,3100.000,0.002,-1.000,1,-0.071,0.997,1,0.774,1.482,1,1,0,1
52,0,26.250,0.250,1,1,7.992,0.931,1,6,7,3300.000,3600.000,0.150,-0.989,1,0.043,-0.999,1,1.500,1.500,1,1,1,1
52,1,26.250,0.750,4,2,5.931,0.084,6,6,11,4000.000,4600.000,-0.070,-1.943,4,0.181,-1.990,2,4.000,2.500,0,1,0,1
52,2,26.250,1.250,2,4,6.696,-0.954,6,6,12,7900.000,5000.000,0.203,-0.019,2,-0.610,-3.076,4,2.500,4.000,1,0,1,0
52,3,26.250,1.750,0,3,0.000,0.000,3,6,9,13600.000,7500.000,0.000,0.000,0,0.991,0.019,3,0.000,3.655,0,2,0,2
52,4,26.250,2.250,5,6,0.557,0.168,9,6,15,11400.000,8700.000,-1.588,-0.079,5,0.889,-2.573,6,5.774,6.131,3,3,2,2
52,5,26.250,2.750,7,6,3.908,0.000,10,6,15,9200.000,5600.000,-0.873,-3.735,7,-0.459,-3.166,6,7.631,6.652,2,4,2,2
52,6,26.250,3.250,2,5,11.295,0.008,6,6,12,5500.000,6800.000,-0.679,-1.207,2,-1.776,0.080,5,2.500,5.000,1,0,1,0
52,7,26.250,3.750,3,1,2.502,0.000,3,6,9,4100.000,3400.000,0.520,-1.845,3,-0.746,0.665,1,3.167,1.000,1,0,1,0
52,8,26.250,4.250,1,0,4.526,-1.480,1,4,5,8000.000,2800.000,0.622,-0.783,1,0.000,0.000,0,1.000,0.000,0,0,0,0
52,31,26.250,15.750,0,1,0.000,0.000,1,0,1,0.000,0.000,0.000,0.000,0,-0.891,-0.453,1,0.000,1.000,0,0,0,0
53,-23,26.750,-11.250,0,0,0.000,0.000,0,2,2,600.000,0.000,0.000,0.000,0,0.000,0.000,0,0.000,0.000,0,0,0,0
53,-22,26.750,-10.750,1,1,2.309,0.000,2,6,8,2000.000,4800.000,-0.974,0.224,1,0.479,0.878,1,1.000,1.000,0,0,0,0
53,-21,26.750,-10.250,1,1,5.122,0.000,2,6,8,6100.000,7300.000,-0.994,-0.111,1,0.120,0.993,1,1.000,0.500,0,1,0,0
53,-20,26.750,-9.750,7,4,1.257,0.168,8,6,14,9500.000,10400.000,-1.383,2.230,7,-0.505,2.700,4,8.000,4.500,2,1,2,1
53,-19,26.750,-9.250,13,5,5.139,2.197,16,6,20,7500.000,9100.000,2.267,8.495,13,-2.209,1.996,5,13.647,5.844,3,2,2,2
53,-18,26.750,-8.750,2,1,3.653,2.251,2,5,7,3000.000,1800.000,0.885,1.793,2,0.785,-0.620,1,2.000,1.429,0,1,0,1
53,-17,26.750,-8.250,4,3,0.458,-0.015,4,6,9,3700.000,2900.000,-0.222,-0.222,4,0.652,-0.794,3,4.279,2.889,1,1,1,0
53,-16,26.750,-7.750,1,1,6.873,0.000,2,6,8,2700.000,1400.000,-0.993,0.115,1,-0.211,0.977,1,1.500,1.000,1,0,1,0
53,-15,26.750,-7.250,7,1,6.095,0.671,8,6,14,9300.000,1700.000,-1.101,3.177,7,-0.916,0.400,1,7.000,1.000,0,0,0,0
53,-14,26.750,-6.750,3,4,5.359,0.000,6,6,12,2300.000,4200.000,0.175,2.950,3,-1.032,2.624,4,3.500,4.000,1,0,1,0
53,-13,26.750,-6.250,3,4,3.714,0.137,5,6,10,3400.000,5000.000,0.042,-0.977,3,-1.788,2.461,4,3.000,4.000,0,0,0,0
53,-12,26.750,-5.750,2,3,7.414,1.152,4,6,10,5500.000,3900.000,-1.053,0.932,2,-0.980,-0.084,3,2.000,4.000,0,2,0,2
53,-11,26.750,-5.250,4,4,3.509,0.130,6,6,12,3700.000,3600.000,-3.073,-1.736,4,-2.797,-2.015,4,5.500,5.000,3,2,3,2
53,-10,26.750,-4.750,8,4,3.970,-0.008,10,6,14,5400.000,4300.000,-0.988,4.210,8,-1.479,-1.195,4,8.370,4.000,1,0,1,0
53,-9,26.750,-4.250,4,6,4.639,1.236,8,6,12,5500.000,4300.000,0.448,1.960,4,1.468,-1.276,6,4.000,6.870,0,2,0,2
53,-8,26.750,-3.750,4,4,6.163,0.298,8,6,14,6000.000,4900.000,0.355,1.969,4,-0.729,-1.765,4,4.000,4.441,0,1,0,1
53,-7,26.750,-3.250,6,2,3.038,0.000,7,6,13,7200.000,4100.000,-0.036,0.108,6,-0.135,1.995,2,6.000,2.000,0,0,0,0
53,-6,26.750,-2.750,3,2,4.654,-2.655,5,6,10,4400.000,2400.000,-0.031,-2.997,3,-1.581,0.683,2,3.000,2.450,0,1,0,1
53,-5,26.750,-2.250,1,4,4.989,0.885,5,6,11,3000.000,2400.000,-0.051,-0.999,1,0.135,-0.011,4,1.000,4.500,0,1,0,1
53,-4,26.750,-1.750,2,4,2.589,0.038,5,6,9,4200.000,3200.000,0.408,-0.007,2,-0.314,-2.152,4,2.394,4.096,1,1,1,1
53,-3,26.750,-1.250,2,9,6.344,0.725,10,6,14,4700.000,4100.000,-0.142,-1.995,2,-0.170,-3.017,9,2.344,9.096,1,1,1,1
53,-2,26.750,-0.750,1,2,5.947,0.214,2,6,8,5000.000,5200.000,-0.007,-1.000,1,0.179,-0.035,2,1.000,2.000,0,0,0,0
53,-1,26.750,-0.250,4,7,4.900,-0.023,9,6,15,6000.000,4000.000,0.012,-3.880,4,2.055,-1.478,7,4.000,8.409,0,3,0,3
53,0,26.750,0.250,1,5,10.930,-2.197,6,6,11,6300.000,5500.000,-0.075,-0.997,1,-0.383,-3.177,5,1.000,5.714,0,2,0,2
53,1,26.750,0.750,4,6,3.834,0.000,8,6,14,12500.000,9300.000,0.299,-1.160,4,-1.765,-0.706,6,5.000,7.473,2,3,2,3
53,2,26.750,1.250,5,3,5.864,-0.015,5,6,11,11200.000,5200.000,-0.906,0.705,5,-0.139,1.157,3,6.000,3.000,2,0,2,0
53,3,26.750,1.750,2,3,1.677,-0.626,5,6,11,6700.000,6800.000,-0.936,1.405,2,0.905,-0.302,3,2.000,3.090,0,1,0,1
53,4,26.750,2.250,8,2,5.700,-0.015,8,6,14,7000.000,7100.000,-2.307,-2.551,8,-0.394,-0.693,2,8.965,2.500,2,1,2,1
53,5,26.750,2.750,3,4,0.323,0.000,7,6,13,6700.000,5000.000,0.276,-1.489,3,-2.057,-2.122,4,3.000,4.000,0,0,0,0
53,6,26.750,3.250,4,4,4.574,0.069,6,6,12,4400.000,4100.000,-0.277,-1.388,4,-2.405,-2.038,4,4.500,4.764,1,2,1,2
53,7,26.750,3.750,1,2,5.139,0.000,3,5,8,3600.000,2700.000,0.005,-1.000,1,0.171,-1.954,2,1.000,2.000,0,0,0,0
53,8,26.750,4.250,0,2,0.000,0.000,1,4,5,10300.000,5700.000,0.000,0.000,0,-0.032,-2.000,2,0.000,2.000,0,0,0,0
54,-23,27.250,-11.250,1,1,0.416,0.000,1,2,3,500.000,200.000,-0.207,0.978,1,-0.207,0.978,1,1.500,1.500,1,1,1,1
54,-22,27.250,-10.750,3,6,0.416,0.000,6,6,12,1400.000,3700.000,0.559,0.606,3,-0.471,2.838,6,3.413,6.000,2,2,1,1
54,-21,27.250,-10.250,2,4,6.707,1.091,6,5,11,4000.000,5200.000,-1.024,0.868,2,-0.581,3.792,4,2.000,4.500,0,1,0,1
54,-20,27.250,-9.750,3,3,9.799,2.075,6,6,10,7800.000,9400.000,-1.059,1.713,3,-1.019,1.745,3,3.500,3.000,1,0,1,0
54,-19,27.250,-9.250,4,6,5.131,0.587,9,6,14,7100.000,8000.000,0.152,1.019,4,0.094,4.218,6,5.473,5.500,3,1,3,0
54,-18,27.250,-8.750,6,4,1.160,0.290,8,6,13,5400.000,2800.000,0.062,-0.405,6,-1.442,0.515,4,5.413,4.000,2,0,0,0
54,-17,27.250,-8.250,4,4,1.430,0.298,5,6,11,7700.000,2600.000,0.117,1.258,4,1.945,-0.034,4,4.500,4.941,1,2,1,2
54,-16,27.250,-7.750,4,2,3.001,0.687,6,6,11,4600.000,1400.000,0.608,1.803,4,-0.515,-0.442,2,5.016,2.000,3,0,3,0
54,-15,27.250,-7.250,3,1,5.141,0.366,4,6,10,2200.000,1600.000,-1.294,1.829,3,-0.141,0.990,1,3.316,1.500,2,1,1,1
54,-14,27.250,-6.750,1,1,3.903,0.259,2,6,8,3600.000,2700.000,-0.956,-0.294,1,-0.996,0.088,1,1.500,1.000,1,0,1,0
54,-13,27.250,-6.250,3,1,8.900,0.000,3,6,8,4100.000,5300.000,-0.164,1.469,3,0.807,0.590,1,3.500,1.500,1,1,1,1
54,-12,27.250,-5.750,2,4,2.868,-0.847,6,6,11,3900.000,1300.000,0.266,1.876,2,-1.938,-2.381,4,2.000,4.153,0,2,0,1
54,-11,27.250,-5.250,4,3,3.605,-0.092,5,6,10,4000.000,2800.000,-0.089,-1.392,4,0.576,0.919,3,4.000,3.000,0,0,0,0
54,-10,27.250,-4.750,2,2,4.408,0.000,3,6,8,4200.000,2900.000,-0.483,-1.547,2,-1.614,0.929,2,2.000,2.423,0,1,0,1
54,-9,27.250,-4.250,0,1,0.000,0.000,1,6,7,6100.000,4900.000,0.000,0.000,0,-0.132,0.991,1,0.000,1.000,0,0,0,0
54,-8,27.250,-3.750,1,0,7.453,-0.290,1,6,7,2200.000,2200.000,-0.005,1.000,1,0.000,0.000,0,1.000,0.000,0,0,0,0
54,-7,27.250,-3.250,1,1,6.026,-1.099,2,6,8,3300.000,2700.000,0.056,-0.998,1,-0.414,-0.910,1,0.774,1.000,1,0,0,0
54,-6,27.250,-2.750,4,2,2.396,0.488,6,5,11,1800.000,2200.000,1.455,1.209,4,-0.046,1.998,2,4.500,2.000,1,0,1,0
54,-5,27.250,-2.250,4,2,4.186,0.084,5,6,11,4100.000,2100.000,-0.476,2.118,4,-0.940,0.943,2,3.816,3.000,1,2,0,2
54,-4,27.250,-1.750,1,4,1.716,-0.015,4,6,10,4100.000,2700.000,-0.953,-0.303,1,-0.420,-3.948,4,1.000,4.000,0,0,0,0
54,-3,27.250,-1.250,5,3,2.286,0.000,4,6,8,5200.000,3500.000,-0.524,-3.190,5,-1.611,-1.461,3,5.000,3.000,0,0,0,0
54,-2,27.250,-0.750,2,0,5.087,-0.420,2,6,8,5400.000,5500.000,-0.323,-0.097,2,0.000,0.000,0,2.000,0.000,0,0,0,0
54,-1,27.250,-0.250,2,2,3.848,0.343,4,6,10,4800.000,4900.000,-1.287,-0.745,2,-0.320,-1.948,2,2.000,2.413,0,2,0,1
54,0,27.250,0.250,5,3,5.263,-0.458,7,6,13,7200.000,3900.000,-0.111,-3.078,5,1.062,-1.758,3,5.000,3.000,0,0,0,0
54,1,27.250,0.750,5,4,6.364,-0.015,9,6,15,3800.000,4700.000,-1.046,-3.140,5,-2.347,1.074,4,5.715,4.000,3,0,2,0
54,2,27.250,1.250,5,2,3.861,-0.046,7,6,13,4600.000,4700.000,-1.838,0.047,5,0.676,-1.661,2,5.500,2.000,1,0,1,0
54,3,27.250,1.750,4,6,4.379,0.000,9,6,14,4200.000,6000.000,-0.109,-3.977,4,1.140,-5.735,6,4.000,6.941,0,2,0,2
54,4,27.250,2.250,2,2,7.334,0.206,4,6,9,5600.000,5100.000,-1.087,-1.093,2,-0.020,-1.997,2,2.000,2.000,0,0,0,0
54,5,27.250,2.750,3,5,8.163,-0.015,7,6,12,4000.000,3400.000,-2.028,1.183,3,-3.768,0.646,5,3.000,5.000,0,0,0,0
54,6,27.250,3.250,3,3,3.465,0.000,6,6,12,3900.000,3500.000,1.060,-2.441,3,-1.532,-0.549,3,3.409,3.000,1,0,1,0
54,7,27.250,3.750,1,3,0.708,0.000,3,5,8,3600.000,2200.000,-0.147,-0.989,1,-0.847,-2.734,3,1.000,3.473,0,1,0,1
54,8,27.250,4.250,2,0,12.921,-0.687,2,4,5,1300.000,5100.000,-0.915,-0.524,2,0.000,0.000,0,2.000,0.000,0,0,0,0
55,-23,27.750,-11.250,0,0,0.000,0.000,0,2,2,300.000,0.000,0.000,0.000,0,0.000,0.000,0,0.000,0.000,0,0,0,0
55,-22,27.750,-10.750,2,2,2.155,0.023,3,6,9,1700.000,3700.000,-0.117,0.449,2,-0.117,0.504,2,2.353,2.441,1,1,1,1
55,-21,27.750,-10.250,3,3,7.865,0.595,5,6,10,1600.000,3900.000,-0.015,0.457,3,-2.836,0.331,3,4.205,3.500,3,1,3,1
55,-20,27.750,-9.750,5,3,5.006,0.198,7,6,13,4200.000,5700.000,-3.024,1.081,5,-0.966,-0.359,3,5.235,3.441,1,1,1,1
55,-19,27.750,-9.250,7,4,3.745,0.412,9,6,15,4500.000,4200.000,-2.250,2.193,7,-2.323,1.502,4,7.720,4.774,2,3,2,2
55,-18,27.750,-8.750,3,4,6.176,1.465,7,6,12,6000.000,4300.000,-0.955,1.346,3,-0.262,1.873,4,2.739,4.000,1,0,0,0
55,-17,27.750,-8.250,1,3,0.840,-0.732,4,6,10,11800.000,6000.000,-0.480,-0.877,1,-1.676,1.558,3,1.000,3.274,0,2,0,1
55,-16,27.750,-7.750,2,0,4.432,0.374,2,6,8,4600.000,1900.000,-0.258,1.934,2,0.000,0.000,0,2.973,0.000,2,0,2,0
55,-15,27.750,-7.250,0,0,0.000,0.000,0,6,6,2600.000,2700.000,0.000,0.000,0,0.000,0.000,0,0.000,0.000,0,0,0,0
55,-14,27.750,-6.750,2,2,7.442,0.031,3,6,8,3200.000,2900.000,-1.221,0.742,2,-0.727,1.847,2,2.596,2.394,2,1,2,1
55,-13,27.750,-6.250,3,2,4.822,1.312,4,6,10,2400.000,4100.000,-0.798,2.887,3,-0.699,-1.870,2,3.500,2.000,1,0,1,0
55,-12,27.750,-5.750,4,1,4.383,-0.031,5,6,11,4600.000,3200.000,-2.525,-1.807,4,-0.318,0.948,1,4.376,1.000,1,0,1,0
55,-11,27.750,-5.250,0,1,0.000,0.000,1,6,7,4600.000,3700.000,0.000,0.000,0,-0.034,0.999,1,0.000,1.000,0,0,0,0
55,-10,27.750,-4.750,0,3,0.000,0.000,3,6,9,4700.000,2300.000,0.000,0.000,0,-1.692,-0.410,3,0.000,3.500,0,1,0,1
55,-9,27.750,-4.250,1,1,6.602,0.504,2,6,8,3600.000,2300.000,-0.359,0.933,1,-0.175,0.984,1,1.000,1.000,0,0,0,0
55,-8,27.750,-3.750,2,0,5.400,-0.839,2,6,8,4300.000,3900.000,-1.067,-0.715,2,0.000,0.000,0,2.500,0.000,1,0,1,0
55,-7,27.750,-3.250,0,4,0.000,0.000,4,6,10,5500.000,5600.000,0.000,0.000,0,-1.324,-2.881,4,0.000,4.316,0,2,0,1
55,-6,27.750,-2.750,7,5,3.706,0.366,12,6,16,3100.000,3100.000,-1.120,-0.205,7,1.420,-3.071,5,6.923,4.739,2,1,1,0
55,-5,27.750,-2.250,3,1,6.710,-3.036,4,6,10,3200.000,3500.000,-0.765,-1.058,3,-0.225,-0.974,1,3.500,1.000,1,0,1,0
55,-4,27.750,-1.750,1,2,8.024,-2.350,2,6,8,4400.000,3200.000,-0.160,-0.987,1,-0.362,-0.087,2,1.500,2.500,1,1,1,1
55,-3,27.750,-1.250,5,7,5.931,-0.046,11,6,14,4100.000,3000.000,-0.471,-2.840,5,-1.197,-2.925,7,5.450,7.000,1,0,1,0
55,-2,27.750,-0.750,2,1,2.051,-0.137,3,6,8,4800.000,5200.000,-0.900,-1.654,2,-0.280,-0.960,1,2.000,1.000,0,0,0,0
55,-1,27.750,-0.250,1,3,4.968,-0.870,4,6,10,5200.000,3500.000,-0.302,-0.953,1,-1.698,0.257,3,1.000,3.444,0,1,0,1
55,0,27.750,0.250,3,0,2.261,-0.061,3,6,9,3300.000,5800.000,-2.000,-0.527,3,0.000,0.000,0,3.711,0.000,2,0,2,0
55,1,27.750,0.750,9,2,5.996,-0.031,9,6,14,3400.000,4000.000,-1.286,-4.024,9,0.596,0.985,2,9.735,2.000,2,0,2,0
55,2,27.750,1.250,5,5,1.624,-0.137,6,6,12,3800.000,3900.000,-0.290,1.364,5,-2.068,1.854,5,4.500,5.000,1,0,0,0
55,3,27.750,1.750,5,7,5.436,-0.046,9,6,15,2600.000,4300.000,0.311,-2.236,5,0.319,-1.524,7,5.453,7.409,1,1,1,1
55,4,27.750,2.250,4,4,4.334,-0.015,7,6,13,4400.000,3300.000,-2.582,-2.128,4,-0.787,-3.914,4,5.000,4.476,2,1,2,1
55,5,27.750,2.750,4,3,9.010,-0.015,7,6,13,2600.000,3200.000,-1.382,-3.158,4,-1.032,-1.259,3,4.500,3.000,1,0,1,0
55,6,27.750,3.250,0,0,0.000,0.000,0,6,6,1800.000,1400.000,0.000,0.000,0,0.000,0.000,0,0.000,0.000,0,0,0,0
55,7,27.750,3.750,1,1,0.221,0.183,2,6,8,2200.000,1900.000,-0.144,0.990,1,0.409,-0.912,1,1.000,1.000,0,0,0,0
55,8,27.750,4.250,1,2,5.912,0.000,3,5,8,1300.000,600.000,-0.913,-0.407,1,0.188,-1.690,2,1.000,2.500,0,1,0,1
56,-23,28.250,-11.250,1,1,3.403,-0.320,2,1,3,200.000,0.000,-0.999,0.047,1,-0.005,1.000,1,1.500,1.146,1,1,1,1
56,-22,28.250,-10.750,4,1,3.204,-0.023,4,5,9,2900.000,5200.000,-3.304,0.532,4,-0.954,-0.299,1,4.441,1.353,1,1,1,1
56,-21,28.250,-10.250,2,2,2.034,0.008,3,4,7,0.000,800.000,-0.817,-0.989,2,-1.999,0.042,2,2.407,2.566,2,2,2,2
56,-20,28.250,-9.750,3,1,2.990,0.000,4,6,10,5600.000,9700.000,-2.894,-0.732,3,-0.962,0.275,1,3.441,1.000,1,0,1,0
56,-19,28.250,-9.250,0,1,0.000,0.000,1,5,6,4100.000,2200.000,0.000,0.000,0,-0.355,0.935,1,0.000,1.000,0,0,0,0
56,-18,28.250,-8.750,2,0,3.728,0.824,2,5,7,1100.000,1500.000,-0.656,-0.011,2,0.000,0.000,0,2.000,0.000,0,0,0,0
56,-17,28.250,-8.250,1,2,1.689,1.465,3,6,9,3400.000,5300.000,-0.989,0.145,1,-1.063,1.079,2,1.500,2.261,1,1,1,1
56,-16,28.250,-7.750,4,1,2.824,0.076,4,6,10,6000.000,2600.000,0.331,2.327,4,-0.897,0.442,1,5.420,1.500,3,1,3,1
56,-15,28.250,-7.250,2,1,9.774,0.771,3,6,9,5000.000,2800.000,-1.969,0.115,2,-0.120,0.993,1,2.735,1.000,2,0,2,0
56,-14,28.250,-6.750,2,3,5.760,-0.359,5,6,11,3800.000,4800.000,-0.725,0.140,2,-2.070,-0.062,3,2.000,3.235,0,1,0,1
56,-13,28.250,-6.250,1,2,4.462,-0.763,2,6,8,3500.000,5500.000,-0.406,-0.914,1,-1.432,-1.030,2,1.000,1.913,0,1,0,0
56,-12,28.250,-5.750,1,4,3.398,-0.824,5,6,10,4100.000,2800.000,-0.779,-0.627,1,-3.377,1.012,4,1.500,4.726,1,2,1,2
56,-11,28.250,-5.250,2,4,1.204,0.580,5,6,11,5900.000,2700.000,-0.487,1.557,2,-1.415,0.582,4,2.000,4.000,0,0,0,0
56,-10,28.250,-4.750,1,2,0.097,-0.031,3,6,9,6200.000,4300.000,0.125,-0.992,1,-0.329,-0.059,2,1.000,2.000,0,0,0,0
56,-9,28.250,-4.250,2,2,0.275,0.000,1,6,7,3500.000,2000.000,1.500,0.897,2,1.500,0.897,2,2.634,2.634,2,2,2,2
56,-8,28.250,-3.750,1,3,0.419,0.061,4,5,9,3000.000,2500.000,0.297,0.955,1,-1.351,1.138,3,1.500,3.000,1,0,1,0
56,-7,28.250,-3.250,3,4,6.748,0.000,6,5,11,3500.000,2200.000,-1.084,0.872,3,0.027,-1.932,4,3.000,4.920,0,2,0,2
56,-6,28.250,-2.750,3,2,1.983,-0.061,5,5,10,2500.000,2400.000,0.060,0.552,3,-0.322,-1.967,2,3.423,2.473,1,1,1,1
56,-5,28.250,-2.250,6,1,5.119,-0.175,7,6,13,2100.000,3800.000,-1.242,-0.111,6,-0.864,-0.504,1,7.000,1.000,2,0,2,0
56,-4,28.250,-1.750,1,0,3.562,0.824,1,6,7,3200.000,3700.000,-0.281,0.960,1,0.000,0.000,0,1.000,0.000,0,0,0,0
56,-3,28.250,-1.250,2,4,0.203,0.000,3,6,9,2200.000,5600.000,-0.466,-1.658,2,-1.260,-1.779,4,1.000,3.000,2,2,0,0
56,-2,28.250,-0.750,1,2,6.955,0.168,3,6,9,3600.000,2000.000,-0.685,0.728,1,-0.458,-1.930,2,1.000,2.500,0,1,0,1
56,-1,28.250,-0.250,3,0,5.352,-0.046,3,6,9,2100.000,2200.000,-1.646,0.392,3,0.000,0.000,0,3.000,0.000,0,0,0,0
56,0,28.250,0.250,1,1,0.136,-0.092,1,6,7,2900.000,2000.000,-0.765,-0.644,1,-0.750,-0.662,1,1.000,1.000,0,0,0,0
56,1,28.250,0.750,5,6,3.928,0.000,7,6,13,2800.000,2900.000,-1.849,-4.203,5,-4.230,-0.092,6,6.000,6.000,2,0,2,0
56,2,28.250,1.250,1,1,8.944,0.748,2,6,8,3300.000,2100.000,-0.791,0.612,1,-0.323,-0.946,1,1.000,1.000,0,0,0,0
56,3,28.250,1.750,4,2,4.391,-0.031,6,6,12,1600.000,2000.000,-2.055,-2.411,4,-1.000,-0.728,2,4.000,2.000,0,0,0,0
56,4,28.250,2.250,2,1,3.616,0.023,3,6,8,3500.000,2600.000,-0.577,1.374,2,-0.092,-0.996,1,2.000,1.000,0,0,0,0
56,5,28.250,2.750,2,3,2.647,0.290,4,6,10,2300.000,3200.000,-1.202,-1.127,2,-2.084,-0.730,3,2.441,3.167,1,1,1,1
56,6,28.250,3.250,0,2,0.000,0.000,2,5,6,2400.000,1900.000,0.000,0.000,0,-1.059,-1.350,2,0.000,2.000,0,0,0,0
56,7,28.250,3.750,0,1,0.000,0.000,1,6,6,1200.000,1400.000,0.000,0.000,0,-0.871,-0.491,1,0.000,1.000,0,0,0,0
56,8,28.250,4.250,0,1,0.000,0.000,1,5,6,1200.000,400.000,0.000,0.000,0,-0.931,-0.366,1,0.000,1.500,0,1,0,1
57,-21,28.750,-10.250,2,0,3.725,-0.320,2,1,3,0.000,1300.000,-1.843,0.442,2,0.000,0.000,0,2.429,0.000,1,0,1,0
57,-19,28.750,-9.250,0,0,0.000,0.000,0,2,2,900.000,0.000,0.000,0.000,0,0.000,0.000,0,0.000,0.000,0,0,0,0
57,-17,28.750,-8.250,3,3,3.423,0.748,3,1,4,0.000,200.000,-1.799,1.306,3,-2.584,1.088,3,4.341,4.406,3,3,3,3
57,-16,28.750,-7.750,1,0,4.810,0.000,1,5,6,1300.000,500.000,-0.257,0.966,1,0.000,0.000,0,0.816,0.000,1,0,0,0
57,-15,28.750,-7.250,3,1,6.572,0.916,3,5,8,1400.000,500.000,-2.500,-0.284,3,0.088,-0.996,1,3.779,1.000,2,0,2,0
57,-14,28.750,-6.750,1,2,3.137,-0.092,2,5,7,1900.000,1000.000,-0.574,0.819,1,-1.969,-0.258,2,1.500,2.991,1,2,1,2
57,-13,28.750,-6.250,1,1,22.312,0.015,2,4,6,1600.000,2600.000,-1.000,-0.016,1,-0.738,-0.675,1,1.000,1.420,0,1,0,1
57,-12,28.750,-5.750,1,1,7.826,-2.197,2,6,8,2300.000,1400.000,-0.832,-0.555,1,-0.069,0.998,1,1.000,1.000,0,0,0,0
57,-11,28.750,-5.250,1,1,8.196,1.282,2,5,7,2800.000,1000.000,-0.330,0.944,1,-0.279,0.960,1,1.000,1.000,0,0,0,0
57,-10,28.750,-4.750,2,0,2.118,-0.542,2,5,7,2500.000,1100.000,-0.816,1.647,2,0.000,0.000,0,2.000,0.000,0,0,0,0
57,-9,28.750,-4.250,2,3,5.721,-1.366,5,5,10,2900.000,1200.000,-1.295,-1.335,2,0.836,-0.318,3,2.040,3.000,1,0,0,0
57,-8,28.750,-3.750,4,3,7.720,-1.122,6,5,11,2500.000,1800.000,-0.722,-1.844,4,-0.500,2.930,3,4.000,3.453,2,1,1,1
57,-7,28.750,-3.250,0,0,0.000,0.000,0,5,5,1200.000,2000.000,0.000,0.000,0,0.000,0.000,0,0.000,0.000,0,0,0,0
57,-6,28.750,-2.750,1,3,4.511,0.000,4,4,8,1000.000,400.000,-0.217,0.976,1,-1.739,-0.691,3,1.000,3.423,0,1,0,1
57,-5,28.750,-2.250,2,0,3.749,-0.687,2,4,5,600.000,400.000,-1.089,-1.281,2,0.000,0.000,0,1.774,0.000,1,0,0,0
57,-4,28.750,-1.750,1,0,8.048,-2.197,1,1,2,400.000,0.000,-0.311,-0.950,1,0.000,0.000,0,1.000,0.000,0,0,0,0
57,-3,28.750,-1.250,2,1,3.695,0.168,3,2,5,500.000,900.000,-0.169,1.784,2,-0.630,0.777,1,2.000,1.000,0,0,0,0
57,-2,28.750,-0.750,2,0,3.870,-0.084,2,3,5,700.000,1800.000,-1.213,1.578,2,0.000,0.000,0,2.000,0.000,0,0,0,0
57,-1,28.750,-0.250,0,1,0.000,0.000,1,5,6,600.000,1200.000,0.000,0.000,0,-0.280,-0.960,1,0.000,1.000,0,0,0,0
57,0,28.750,0.250,4,1,3.311,-0.046,5,6,11,1700.000,1900.000,-2.257,1.696,4,-0.808,0.589,1,4.500,1.000,1,0,1,0
57,1,28.750,0.750,0,1,0.000,0.000,1,6,7,4300.000,3700.000,0.000,0.000,0,0.141,-0.990,1,0.000,1.000,0,0,0,0
57,2,28.750,1.250,1,1,2.047,0.000,2,6,8,2200.000,1500.000,-0.962,0.271,1,0.724,0.690,1,1.090,1.000,1,0,1,0
57,3,28.750,1.750,2,0,5.849,-0.572,2,6,7,2300.000,2400.000,-1.554,-0.591,2,0.000,0.000,0,2.000,0.000,0,0,0,0
57,4,28.750,2.250,0,0,0.000,0.000,0,6,6,2700.000,2900.000,0.000,0.000,0,0.000,0.000,0,0.000,0.000,0,0,0,0
57,5,28.750,2.750,0,1,0.000,0.000,1,6,7,3200.000,3500.000,0.000,0.000,0,-0.980,-0.198,1,0.000,1.000,0,0,0,0
57,6,28.750,3.250,0,2,0.000,0.000,2,6,8,3600.000,2500.000,0.000,0.000,0,0.470,-0.724,2,0.000,2.000,0,0,0,0
57,7,28.750,3.750,0,1,0.000,0.000,1,6,7,1200.000,1900.000,0.000,0.000,0,-0.969,-0.248,1,0.000,0.500,0,1,0,0
57,8,28.750,4.250,0,0,0.000,0.000,0,3,3,900.000,0.000,0.000,0.000,0,0.000,0.000,0,0.000,0.000,0,0,0,0
57,31,28.750,15.750,0,1,0.000,0.000,1,0,1,0.000,0.000,0.000,0.000,0,-0.979,-0.206,1,0.000,1.000,0,0,0,0
58,-16,29.250,-7.750,0,0,0.000,0.000,0,1,1,600.000,0.000,0.000,0.000,0,0.000,0.000,0,0.000,0.000,0,0,0,0
58,-15,29.250,-7.250,0,0,0.000,0.000,0,1,1,200.000,0.000,0.000,0.000,0,0.000,0.000,0,0.000,0.000,0,0,0,0
58,-14,29.250,-6.750,0,0,0.000,0.000,0,2,2,300.000,200.000,0.000,0.000,0,0.000,0.000,0,0.000,0.000,0,0,0,0
58,-13,29.250,-6.250,1,0,7.993,1.312,1,3,4,1000.000,600.000,-0.224,0.975,1,0.000,0.000,0,1.000,0.000,0,0,0,0
58,-12,29.250,-5.750,0,0,0.000,0.000,0,3,3,500.000,300.000,0.000,0.000,0,0.000,0.000,0,0.000,0.000,0,0,0,0
58,-11,29.250,-5.250,0,1,0.000,0.000,1,1,2,200.000,200.000,0.000,0.000,0,0.160,0.987,1,0.000,1.000,0,0,0,0
58,-10,29.250,-4.750,1,0,0.519,-0.351,1,2,3,200.000,400.000,0.167,-0.986,1,0.000,0.000,0,1.000,0.000,0,0,0,0
58,-9,29.250,-4.250,1,1,0.117,0.000,2,2,4,200.000,200.000,-0.998,-0.059,1,-0.092,-0.996,1,1.000,1.500,0,1,0,1
58,-8,29.250,-3.750,0,0,0.000,0.000,0,3,3,700.000,100.000,0.000,0.000,0,0.000,0.000,0,0.000,0.000,0,0,0,0
58,-7,29.250,-3.250,2,2,0.303,0.000,1,1,2,500.000,0.000,-0.575,-1.012,2,-0.575,-1.012,2,2.000,2.000,0,0,0,0
58,-6,29.250,-2.750,0,1,0.000,0.000,1,2,3,200.000,200.000,0.000,0.000,0,-0.999,-0.036,1,0.000,1.000,0,0,0,0
58,-5,29.250,-2.250,0,0,0.000,0.000,0,2,2,100.000,1100.000,0.000,0.000,0,0.000,0.000,0,0.000,0.000,0,0,0,0
58,-2,29.250,-0.750,0,0,0.000,0.000,0,2,2,500.000,200.000,0.000,0.000,0,0.000,0.000,0,0.000,0.000,0,0,0,0
58,-1,29.250,-0.250,0,0,0.000,0.000,0,5,5,1000.000,1700.000,0.000,0.000,0,0.000,0.000,0,0.000,0.000,0,0,0,0
58,0,29.250,0.250,1,3,3.525,-0.427,4,6,9,3100.000,3600.000,-0.423,0.906,1,-1.629,-1.323,3,1.000,3.441,0,1,0,1
58,1,29.250,0.750,0,3,0.000,0.000,2,6,8,1700.000,2600.000,0.000,0.000,0,-1.008,0.874,3,0.000,3.000,0,0,0,0
58,2,29.250,1.250,1,1,6.152,-1.099,2,6,7,1500.000,2200.000,-0.758,-0.653,1,-0.287,-0.958,1,1.000,1.000,0,0,0,0
58,3,29.250,1.750,2,0,2.113,0.305,2,6,8,3200.000,2200.000,-0.384,0.803,2,0.000,0.000,0,2.000,0.000,0,0,0,0
58,4,29.250,2.250,1,0,2.311,-0.397,1,5,6,2100.000,2200.000,-0.630,0.777,1,0.000,0.000,0,1.500,0.000,1,0,1,0
58,5,29.250,2.750,0,1,0.000,0.000,1,6,7,3400.000,1700.000,0.000,0.000,0,-0.203,-0.979,1,0.000,1.000,0,0,0,0
58,6,29.250,3.250,1,0,0.349,-0.076,1,6,7,1400.000,2400.000,-0.992,0.126,1,0.000,0.000,0,1.000,0.000,0,0,0,0
58,7,29.250,3.750,1,0,0.808,-0.015,1,4,5,1000.000,1000.000,0.998,0.070,1,0.000,0.000,0,1.000,0.000,0,0,0,0
58,8,29.250,4.250,0,0,0.000,0.000,0,3,3,500.000,0.000,0.000,0.000,0,0.000,0.000,0,0.000,0.000,0,0,0,0
59,-1,29.750,-0.250,1,0,2.457,0.717,1,2,2,400.000,100.000,0.101,0.995,1,0.000,0.000,0,1.500,0.000,1,0,1,0
59,0,29.750,0.250,0,1,0.000,0.000,1,5,6,400.000,1400.000,0.000,0.000,0,-0.888,0.460,1,0.000,1.000,0,0,0,0
59,1,29.750,0.750,0,0,0.000,0.000,0,3,3,600.000,200.000,0.000,0.000,0,0.000,0.000,0,0.000,0.000,0,0,0,0
59,2,29.750,1.250,0,0,0.000,0.000,0,4,4,700.000,2300.000,0.000,0.000,0,0.000,0.000,0,0.000,0.000,0,0,0,0
59,3,29.750,1.750,0,1,0.000,0.000,1,5,6,3300.000,3100.000,0.000,0.000,0,-0.955,0.296,1,0.000,1.000,0,0,0,0
59,4,29.750,2.250,0,2,0.000,0.000,2,6,7,2400.000,5400.000,0.000,0.000,0,-1.011,-1.718,2,0.000,2.000,0,0,0,0
59,5,29.750,2.750,1,1,2.343,-0.656,2,5,7,3200.000,700.000,-0.162,-0.987,1,-0.981,0.194,1,1.000,1.000,0,0,0,0
59,6,29.750,3.250,1,0,7.946,0.000,1,5,6,2200.000,2800.000,-0.484,-0.875,1,0.000,0.000,0,1.000,0.000,0,0,0,0
59,7,29.750,3.750,0,1,0.000,0.000,1,6,7,2300.000,2600.000,0.000,0.000,0,0.991,0.134,1,0.000,1.000,0,0,0,0
59,8,29.750,4.250,0,0,0.000,0.000,0,4,4,1400.000,1500.000,0.000,0.000,0,0.000,0.000,0,0.000,0.000,0,0,0,0
59,32,29.750,16.250,0,1,0.000,0.000,1,0,1,0.000,0.000,0.000,0.000,0,-0.720,-0.694,1,0.000,1.000,0,0,0,0
60,0,30.250,0.250,0,1,0.000,0.000,1,2,2,200.000,500.000,0.000,0.000,0,-0.881,-0.474,1,0.000,1.491,0,1,0,1
60,1,30.250,0.750,0,0,0.000,0.000,0,3,3,700.000,200.000,0.000,0.000,0,0.000,0.000,0,0.000,0.000,0,0,0,0
60,2,30.250,1.250,0,0,0.000,0.000,0,2,2,1800.000,0.000,0.000,0.000,0,0.000,0.000,0,0.000,0.000,0,0,0,0
60,3,30.250,1.750,0,1,0.000,0.000,1,6,7,2500.000,700.000,0.000,0.000,0,-0.915,0.403,1,0.000,1.000,0,0,0,0
60,4,30.250,2.250,1,2,4.863,0.000,3,2,5,400.000,300.000,-0.797,-0.604,1,-0.600,-1.884,2,1.453,2.500,1,1,1,1
60,5,30.250,2.750,1,0,2.311,-0.870,1,1,2,200.000,0.000,-0.793,-0.609,1,0.000,0.000,0,1.000,0.000,0,0,0,0
60,6,30.250,3.250,0,0,0.000,0.000,0,3,3,300.000,300.000,0.000,0.000,0,0.000,0.000,0,0.000,0.000,0,0,0,0
60,7,30.250,3.750,1,1,0.625,0.015,1,2,3,1000.000,0.000,-0.967,0.256,1,-0.985,0.171,1,1.000,1.000,0,0,0,0
60,8,30.250,4.250,0,0,0.000,0.000,0,2,2,1000.000,0.000,0.000,0.000,0,0.000,0.000,0,0.000,0.000,0,0,0,0
551,-219,275.750,-109.250,0,0,0.000,0.000,0,1,1,100.000,0.000,0.000,0.000,0,0.000,0.000,0,0.000,0.000,0,0,0,0
2328,1153,1164.250,576.750,0,0,0.000,0.000,0,1,1,2900.000,0.000,0.000,0.000,0,0.000,0.000,0,0.000,0.000,0,0,0,0
