film	build	format	contexte	config	leviers	effectifs	rejoue	liaisons_l9	chunks_l1a_actifs	liaisons_desavouees_lp	paquets	fermes	fermes_sains	utiles_fermes	utiles_fermes_sains	utiles_lus	hors_cadre	rejets_hors_datum	g_ref	p_ref	gs_ref	ps_ref	ps_ref_vers_contredit	ps_ref_utiles	gs_ref_utiles	g_full	p_full	gs_full	ps_full
0797ce72	HI_1_13_0	27	production:Live Fire	L1a	L1a	L1a	oui	0	18	0	26740	20300	20276	172333	172171	209855	4329	4219	1187	11	1188	0	0	0	12816	1234	3757	1229	3768
0797ce72	HI_1_13_0	27	production:Live Fire	L1a-ref	L1a-ref	L1a-ref	oui	0	18	0	26740	20300	20276	172333	172171	209855	4329	4219	1187	11	1188	0	0	0	12816	1234	3757	1229	3768
0797ce72	HI_1_13_0	27	production:Live Fire	L2	L2	L2	oui	0	0	0	26740	19124	19088	159519	159329	205133	5558	5481	0	0	0	0	0	0	0	1245	4944	1229	4956
0797ce72	HI_1_13_0	27	production:Live Fire	L3a	L3a	L3a	oui	0	0	0	26740	19131	19092	159536	159338	205151	5562	5486	7	0	4	0	0	0	9	1246	4938	1229	4952
0797ce72	HI_1_13_0	27	production:Live Fire	L4a	L4a	L4a	oui	0	0	0	26740	19124	19088	159519	159329	205133	5561	5481	0	0	0	0	0	0	0	1245	4944	1229	4956
0797ce72	HI_1_13_0	27	production:Live Fire	L6a	L6a	L6a	oui	0	0	0	26740	22390	22368	186183	186092	212590	3720	3716	3269	3	3281	1	0	8	26745	1676	2109	1664	2111
0797ce72	HI_1_13_0	27	production:Live Fire	L6a+WO	L6a+WO	L6a+WO	oui	0	0	0	26740	22884	22863	192078	191997	215068	3349	3387	3764	4	3776	1	0	8	32633	2169	2108	2158	2110
0797ce72	HI_1_13_0	27	production:Live Fire	L6b	L6b	L6b	oui	0	0	0	26740	19124	19088	159519	159329	205130	5565	5475	0	0	0	0	0	0	0	1245	4944	1229	4956
0797ce72	HI_1_13_0	27	production:Live Fire	L6b-flock	L6b-flock	L6b-flock	oui	0	0	0	26740	19124	19088	159519	159329	205130	5565	5475	0	0	0	0	0	0	0	1245	4944	1229	4956
0797ce72	HI_1_13_0	27	production:Live Fire	L7	L7	L7	oui	0	0	0	26740	18982	18945	158046	157850	204925	5631	5554	1	143	0	143	0	1475	0	1178	5019	1162	5032
0797ce72	HI_1_13_0	27	production:Live Fire	L8	L8	L8	oui	0	0	0	26740	19124	19088	159519	159329	205133	5557	5480	0	0	0	0	0	0	0	1245	4944	1229	4956
0797ce72	HI_1_13_0	27	production:Live Fire	L8+LS	L8+LS	L8+LS	oui	0	0	0	26740	19124	19088	159519	159329	205133	5557	5480	0	0	0	0	0	0	0	1245	4944	1229	4956
0797ce72	HI_1_13_0	27	production:Live Fire	L9	L9	L9	oui	3	0	0	26740	19224	19188	160653	160463	205467	5457	5380	100	0	100	0	0	0	1134	1245	4844	1229	4856
0797ce72	HI_1_13_0	27	production:Live Fire	LM	LM	aucun	non (identique par construction a reference)	0	0	0	26740	19124	19088	159519	159329	205133	5557	5480	0	0	0	0	0	0	0	1245	4944	1229	4956
0797ce72	HI_1_13_0	27	production:Live Fire	LM+L6a	LM+L6a	L6a	non (identique par construction a L6a)	0	0	0	26740	22390	22368	186183	186092	212590	3720	3716	3269	3	3281	1	0	8	26745	1676	2109	1664	2111
0797ce72	HI_1_13_0	27	production:Live Fire	LP	LP	LP	oui	0	0	5	26740	19124	19088	159519	159329	205133	5557	5480	0	0	0	0	0	0	0	1245	4944	1229	4956
0797ce72	HI_1_13_0	27	production:Live Fire	LS	LS	LS	oui	0	0	0	26740	19124	19088	159519	159329	205133	5557	5480	0	0	0	0	0	0	0	1245	4944	1229	4956
0797ce72	HI_1_13_0	27	production:Live Fire	WO	WO	WO	oui	0	0	0	26740	19125	19088	159516	159329	205135	5556	5475	2	1	0	0	0	0	0	1247	4945	1229	4956
0797ce72	HI_1_13_0	27	production:Live Fire	controle:reference-instruments	aucun	aucun	oui	0	0	0	26740	19205	19168	160230	160030	205685	5510	5419	0	0	0	0	0	0	0	0	0	0	0
0797ce72	HI_1_13_0	27	production:Live Fire	full	L8+L2+LM+L3a+L6a+L6b+L4a+LS+L1a+LP+L7+L9	L8+L2+L3a+L6a+L6b+L4a+LS+L1a+LP+L7+L9	oui	3	23	5	26740	22823	22815	191869	191801	206852	2403	2146	4944	1245	4956	1229	3	12012	44489	0	0	0	0
0797ce72	HI_1_13_0	27	production:Live Fire	full+WO	L8+L2+LM+L3a+L6a+L6b+L4a+LS+L1a+LP+L7+L9+WO	L8+L2+L3a+L6a+L6b+L4a+LS+L1a+LP+L7+L9+WO	oui	3	23	5	26740	23699	23692	201861	201807	210051	1736	1563	5818	1243	5833	1229	4	12012	54478	876	0	877	0
0797ce72	HI_1_13_0	27	production:Live Fire	full+WO-L9	L8+L2+LM+L3a+L6a+L6b+L4a+LS+L1a+LP+L7+WO	L8+L2+L3a+L6a+L6b+L4a+LS+L1a+LP+L7+WO	oui	0	23	5	26740	23599	23592	200727	200673	209717	1836	1663	5718	1243	5733	1229	4	12012	53344	876	100	877	100
0797ce72	HI_1_13_0	27	production:Live Fire	full-L1a	L8+L2+LM+L3a+L6a+L6b+L4a+LS+LP+L7+L9	L8+L2+L3a+L6a+L6b+L4a+LS+LP+L7+L9	oui	3	0	5	26740	22608	22584	186678	186579	212801	3579	3556	3554	70	3564	68	0	707	27935	1610	1825	1597	1828
0797ce72	HI_1_13_0	27	production:Live Fire	full-L1a-L9	L8+L2+LM+L3a+L6a+L6b+L4a+LS+LP+L7	L8+L2+L3a+L6a+L6b+L4a+LS+LP+L7	oui	0	0	5	26740	22508	22484	185544	185445	212467	3679	3656	3454	70	3464	68	0	707	26801	1610	1925	1597	1928
0797ce72	HI_1_13_0	27	production:Live Fire	full-L2	L8+LM+L3a+L6a+L6b+L4a+LS+L1a+LP+L7+L9	L8+L3a+L6a+L6b+L4a+LS+L1a+LP+L7+L9	oui	3	23	5	26740	22822	22814	191861	191793	206852	2402	2146	4943	1245	4955	1229	3	12012	44481	0	1	0	1
0797ce72	HI_1_13_0	27	production:Live Fire	full-L2-L9	L8+LM+L3a+L6a+L6b+L4a+LS+L1a+LP+L7	L8+L3a+L6a+L6b+L4a+LS+L1a+LP+L7	oui	0	23	5	26740	22722	22714	190727	190659	206518	2502	2246	4843	1245	4855	1229	3	12012	43347	0	101	0	101
0797ce72	HI_1_13_0	27	production:Live Fire	full-L3a	L8+L2+LM+L6a+L6b+L4a+LS+L1a+LP+L7+L9	L8+L2+L6a+L6b+L4a+LS+L1a+LP+L7+L9	oui	3	23	5	26740	22817	22809	191858	191790	206842	2401	2146	4938	1245	4950	1229	3	12012	44478	0	6	0	6
0797ce72	HI_1_13_0	27	production:Live Fire	full-L3a-L9	L8+L2+LM+L6a+L6b+L4a+LS+L1a+LP+L7	L8+L2+L6a+L6b+L4a+LS+L1a+LP+L7	oui	0	23	5	26740	22717	22709	190724	190656	206508	2501	2246	4838	1245	4850	1229	3	12012	43344	0	106	0	106
0797ce72	HI_1_13_0	27	production:Live Fire	full-L4a	L8+L2+LM+L3a+L6a+L6b+LS+L1a+LP+L7+L9	L8+L2+L3a+L6a+L6b+LS+L1a+LP+L7+L9	oui	3	23	5	26740	22822	22814	191861	191793	206852	2402	2145	4943	1245	4955	1229	3	12012	44481	0	1	0	1
0797ce72	HI_1_13_0	27	production:Live Fire	full-L4a-L9	L8+L2+LM+L3a+L6a+L6b+LS+L1a+LP+L7	L8+L2+L3a+L6a+L6b+LS+L1a+LP+L7	oui	0	23	5	26740	22722	22714	190727	190659	206518	2502	2245	4843	1245	4855	1229	3	12012	43347	0	101	0	101
0797ce72	HI_1_13_0	27	production:Live Fire	full-L6a	L8+L2+LM+L3a+L6b+L4a+LS+L1a+LP+L7+L9	L8+L2+L3a+L6b+L4a+LS+L1a+LP+L7+L9	oui	3	15	5	26740	19282	19259	161913	161745	199399	4833	4605	943	785	944	773	1	7322	9769	536	4077	532	4088
0797ce72	HI_1_13_0	27	production:Live Fire	full-L6a-L9	L8+L2+LM+L3a+L6b+L4a+LS+L1a+LP+L7	L8+L2+L3a+L6b+L4a+LS+L1a+LP+L7	oui	0	15	5	26740	19182	19159	160779	160611	199065	4933	4705	843	785	844	773	1	7322	8635	536	4177	532	4188
0797ce72	HI_1_13_0	27	production:Live Fire	full-L6b	L8+L2+LM+L3a+L6a+L4a+LS+L1a+LP+L7+L9	L8+L2+L3a+L6a+L4a+LS+L1a+LP+L7+L9	oui	3	23	5	26740	22648	22639	191832	191764	206825	2509	2270	4769	1245	4780	1229	3	12012	44452	0	175	0	176
0797ce72	HI_1_13_0	27	production:Live Fire	full-L6b-L9	L8+L2+LM+L3a+L6a+L4a+LS+L1a+LP+L7	L8+L2+L3a+L6a+L4a+LS+L1a+LP+L7	oui	0	23	5	26740	22548	22539	190698	190630	206491	2609	2370	4669	1245	4680	1229	3	12012	43318	0	275	0	276
0797ce72	HI_1_13_0	27	production:Live Fire	full-L7	L8+L2+LM+L3a+L6a+L6b+L4a+LS+L1a+LP+L9	L8+L2+L3a+L6a+L6b+L4a+LS+L1a+LP+L9	oui	3	23	5	26740	24475	24470	207867	207817	221485	1586	1525	5367	16	5382	0	0	0	48433	1661	9	1664	9
0797ce72	HI_1_13_0	27	production:Live Fire	full-L7-L9	L8+L2+LM+L3a+L6a+L6b+L4a+LS+L1a+LP	L8+L2+L3a+L6a+L6b+L4a+LS+L1a+LP	oui	0	23	5	26740	24375	24370	206733	206683	221151	1686	1625	5267	16	5282	0	0	0	47299	1661	109	1664	109
0797ce72	HI_1_13_0	27	production:Live Fire	full-L8	L2+LM+L3a+L6a+L6b+L4a+LS+L1a+LP+L7+L9	L2+L3a+L6a+L6b+L4a+LS+L1a+LP+L7+L9	oui	3	23	5	26740	22823	22815	191869	191801	206852	2403	2146	4944	1245	4956	1229	3	12012	44489	0	0	0	0
0797ce72	HI_1_13_0	27	production:Live Fire	full-L8-L9	L2+LM+L3a+L6a+L6b+L4a+LS+L1a+LP+L7	L2+L3a+L6a+L6b+L4a+LS+L1a+LP+L7	oui	0	23	5	26740	22723	22715	190735	190667	206518	2503	2246	4844	1245	4856	1229	3	12012	43355	0	100	0	100
0797ce72	HI_1_13_0	27	production:Live Fire	full-L9	L8+L2+LM+L3a+L6a+L6b+L4a+LS+L1a+LP+L7	L8+L2+L3a+L6a+L6b+L4a+LS+L1a+LP+L7	oui	0	23	5	26740	22723	22715	190735	190667	206518	2503	2246	4844	1245	4856	1229	3	12012	43355	0	100	0	100
0797ce72	HI_1_13_0	27	production:Live Fire	full-LM	L8+L2+L3a+L6a+L6b+L4a+LS+L1a+LP+L7+L9	L8+L2+L3a+L6a+L6b+L4a+LS+L1a+LP+L7+L9	non (identique a full)	3	23	5	26740	22823	22815	191869	191801	206852	2403	2146	4944	1245	4956	1229	3	12012	44489	0	0	0	0
0797ce72	HI_1_13_0	27	production:Live Fire	full-LM-L9	L8+L2+L3a+L6a+L6b+L4a+LS+L1a+LP+L7	L8+L2+L3a+L6a+L6b+L4a+LS+L1a+LP+L7	non (identique a full-L9)	0	23	5	26740	22723	22715	190735	190667	206518	2503	2246	4844	1245	4856	1229	3	12012	43355	0	100	0	100
0797ce72	HI_1_13_0	27	production:Live Fire	full-LP	L8+L2+LM+L3a+L6a+L6b+L4a+LS+L1a+L7+L9	L8+L2+L3a+L6a+L6b+L4a+LS+L1a+L7+L9	oui	3	23	0	26740	22823	22815	191869	191801	206852	2403	2146	4944	1245	4956	1229	3	12012	44489	0	0	0	0
0797ce72	HI_1_13_0	27	production:Live Fire	full-LP-L9	L8+L2+LM+L3a+L6a+L6b+L4a+LS+L1a+L7	L8+L2+L3a+L6a+L6b+L4a+LS+L1a+L7	oui	0	23	0	26740	22723	22715	190735	190667	206518	2503	2246	4844	1245	4856	1229	3	12012	43355	0	100	0	100
0797ce72	HI_1_13_0	27	production:Live Fire	full-LS	L8+L2+LM+L3a+L6a+L6b+L4a+L1a+LP+L7+L9	L8+L2+L3a+L6a+L6b+L4a+L1a+LP+L7+L9	oui	3	23	5	26740	22823	22815	191869	191801	206852	2402	2146	4944	1245	4956	1229	3	12012	44489	0	0	0	0
0797ce72	HI_1_13_0	27	production:Live Fire	full-LS-L9	L8+L2+LM+L3a+L6a+L6b+L4a+L1a+LP+L7	L8+L2+L3a+L6a+L6b+L4a+L1a+LP+L7	oui	0	23	5	26740	22723	22715	190735	190667	206518	2502	2246	4844	1245	4856	1229	3	12012	43355	0	100	0	100
0797ce72	HI_1_13_0	27	production:Live Fire	reference	aucun	aucun	oui	0	0	0	26740	19124	19088	159519	159329	205133	5557	5480	0	0	0	0	0	0	0	1245	4944	1229	4956
084a804d	HI_1_10_0	24	instruments	L1a	L1a	L1a	oui	0	0	0	32457	5235	4774	89145	88029	535881	23082	23168	0	0	0	0	0	0	0	535	16033	222	16160
084a804d	HI_1_10_0	24	instruments	L1a-ref	L1a-ref	L1a-ref	oui	0	0	0	32457	5235	4774	89145	88029	535881	23082	23168	0	0	0	0	0	0	0	535	16033	222	16160
084a804d	HI_1_10_0	24	instruments	L2	L2	L2	oui	0	0	0	32457	5273	4773	89197	87924	535934	23082	23187	38	0	3	4	4	105	0	558	16018	225	16164
084a804d	HI_1_10_0	24	instruments	L3a	L3a	L3a	oui	0	0	0	32457	5276	4804	89951	88834	540602	23279	23369	41	0	30	0	0	0	805	546	16003	223	16131
084a804d	HI_1_10_0	24	instruments	L4a	L4a	L4a	oui	0	0	0	32457	5266	4802	89903	88784	536351	23232	23319	31	0	28	0	0	0	727	539	16006	224	16134
084a804d	HI_1_10_0	24	instruments	L6a	L6a	aucun	non (identique par construction a reference)	0	0	0	32457	5235	4774	89145	88029	535881	23082	23168	0	0	0	0	0	0	0	535	16033	222	16160
084a804d	HI_1_10_0	24	instruments	L6a+WO	L6a+WO	WO	non (identique par construction a WO)	0	0	0	32457	5230	4776	89131	88032	535917	23088	23168	55	60	3	1	1	0	2	539	16042	223	16159
084a804d	HI_1_10_0	24	instruments	L6b	L6b	L6b	oui	0	0	0	32457	5236	4774	89165	88029	535901	23082	23168	1	0	0	0	0	0	0	535	16032	222	16160
084a804d	HI_1_10_0	24	instruments	L6b-flock	L6b-flock	L6b-flock	oui	0	0	0	32457	5235	4774	89145	88029	535881	23082	23168	0	0	0	0	0	0	0	535	16033	222	16160
084a804d	HI_1_10_0	24	instruments	L7	L7	L7	oui	0	0	0	32457	5231	4766	88967	87848	535786	23040	23116	5	9	0	8	0	181	0	527	16029	215	16161
084a804d	HI_1_10_0	24	instruments	L8	L8	L8	oui	0	0	0	32457	5236	4774	89146	88029	535882	23082	23169	1	0	0	0	0	0	0	536	16033	222	16160
084a804d	HI_1_10_0	24	instruments	L8+LS	L8+LS	L8+LS	oui	0	0	0	32457	5236	4774	89146	88029	535882	23082	23169	1	0	0	0	0	0	0	536	16033	222	16160
084a804d	HI_1_10_0	24	instruments	L9	L9	L9	oui	13	0	0	32457	5263	4801	89929	88784	544882	23052	23138	28	0	27	0	0	0	755	535	16005	222	16133
084a804d	HI_1_10_0	24	instruments	LM	LM	LM	oui	0	0	0	32457	22150	21611	577530	572729	727335	6998	7101	17134	219	16883	46	13	226	484110	4459	3042	4020	3121
084a804d	HI_1_10_0	24	instruments	LM+L6a	LM+L6a	LM	non (identique par construction a LM)	0	0	0	32457	22150	21611	577530	572729	727335	6998	7101	17134	219	16883	46	13	226	484110	4459	3042	4020	3121
084a804d	HI_1_10_0	24	instruments	LP	LP	LP	oui	0	0	273	32457	5235	4774	89145	88029	535881	23082	23168	0	0	0	0	0	0	0	535	16033	222	16160
084a804d	HI_1_10_0	24	instruments	LS	LS	LS	oui	0	0	0	32457	5235	4774	89145	88029	535881	23082	23168	0	0	0	0	0	0	0	535	16033	222	16160
084a804d	HI_1_10_0	24	instruments	WO	WO	WO	oui	0	0	0	32457	5230	4776	89131	88032	535917	23088	23168	55	60	3	1	1	0	2	539	16042	223	16159
084a804d	HI_1_10_0	24	instruments	full	L8+L2+LM+L3a+L6a+L6b+L4a+LS+L1a+LP+L7+L9	L8+L2+LM+L3a+L6b+L4a+LS+L1a+LP+L7+L9	oui	14	52	273	32457	20733	20712	547353	547023	668453	5227	5465	16033	535	16160	222	1	5039	463284	0	0	0	0
084a804d	HI_1_10_0	24	instruments	full+WO	L8+L2+LM+L3a+L6a+L6b+L4a+LS+L1a+LP+L7+L9+WO	L8+L2+LM+L3a+L6b+L4a+LS+L1a+LP+L7+L9+WO	oui	14	52	273	32457	20733	20712	547324	547023	668473	5232	5465	16031	533	16160	222	1	5039	463284	2	2	0	0
084a804d	HI_1_10_0	24	instruments	full+WO-L9	L8+L2+LM+L3a+L6a+L6b+L4a+LS+L1a+LP+L7+WO	L8+L2+LM+L3a+L6b+L4a+LS+L1a+LP+L7+WO	oui	0	52	273	32457	20520	20499	540274	539973	654954	5444	5678	15819	534	15947	222	1	5039	456234	2	215	0	213
084a804d	HI_1_10_0	24	instruments	full-L1a	L8+L2+LM+L3a+L6a+L6b+L4a+LS+LP+L7+L9	L8+L2+LM+L3a+L6b+L4a+LS+LP+L7+L9	oui	13	0	273	32457	23821	23224	626775	621244	760056	5984	6079	18803	217	18501	51	15	408	532667	4871	1783	4387	1875
084a804d	HI_1_10_0	24	instruments	full-L1a-L9	L8+L2+LM+L3a+L6a+L6b+L4a+LS+LP+L7	L8+L2+LM+L3a+L6b+L4a+LS+LP+L7	oui	0	0	273	32457	23712	23117	623455	617942	747865	6089	6186	18694	217	18394	51	15	408	529365	4869	1890	4387	1982
084a804d	HI_1_10_0	24	instruments	full-L2	L8+LM+L3a+L6a+L6b+L4a+LS+L1a+LP+L7+L9	L8+LM+L3a+L6b+L4a+LS+L1a+LP+L7+L9	oui	14	52	273	32457	20730	20711	547323	547023	668446	5226	5463	16031	536	16159	222	0	5009	463260	0	3	1	2
084a804d	HI_1_10_0	24	instruments	full-L2-L9	L8+LM+L3a+L6a+L6b+L4a+LS+L1a+LP+L7	L8+LM+L3a+L6b+L4a+LS+L1a+LP+L7	oui	0	52	273	32457	20517	20498	540273	539973	654927	5438	5676	15819	537	15946	222	0	5009	456210	0	216	1	215
084a804d	HI_1_10_0	24	instruments	full-L3a	L8+L2+LM+L6a+L6b+L4a+LS+L1a+LP+L7+L9	L8+L2+LM+L6b+L4a+LS+L1a+LP+L7+L9	oui	14	52	273	32457	19437	19418	507547	507269	647711	6071	6423	14747	545	14866	222	1	5039	423540	0	1296	0	1294
084a804d	HI_1_10_0	24	instruments	full-L3a-L9	L8+L2+LM+L6a+L6b+L4a+LS+L1a+LP+L7	L8+L2+LM+L6b+L4a+LS+L1a+LP+L7	oui	0	52	273	32457	19265	19246	501831	501553	634513	6244	6597	14576	546	14694	222	1	5039	417824	0	1468	0	1466
084a804d	HI_1_10_0	24	instruments	full-L4a	L8+L2+LM+L3a+L6a+L6b+LS+L1a+LP+L7+L9	L8+L2+LM+L3a+L6b+LS+L1a+LP+L7+L9	oui	14	52	273	32457	20048	20026	526954	526598	660793	5454	5807	15353	540	15475	223	1	5039	442887	0	685	0	686
084a804d	HI_1_10_0	24	instruments	full-L4a-L9	L8+L2+LM+L3a+L6a+L6b+LS+L1a+LP+L7	L8+L2+LM+L3a+L6b+LS+L1a+LP+L7	oui	0	52	273	32457	19840	19818	520064	519708	647333	5662	6016	15146	541	15267	223	1	5039	435997	0	893	0	894
084a804d	HI_1_10_0	24	instruments	full-L6a	L8+L2+LM+L3a+L6b+L4a+LS+L1a+LP+L7+L9	L8+L2+LM+L3a+L6b+L4a+LS+L1a+LP+L7+L9	non (identique a full)	14	52	273	32457	20733	20712	547353	547023	668453	5227	5465	16033	535	16160	222	1	5039	463284	0	0	0	0
084a804d	HI_1_10_0	24	instruments	full-L6a-L9	L8+L2+LM+L3a+L6b+L4a+LS+L1a+LP+L7	L8+L2+LM+L3a+L6b+L4a+LS+L1a+LP+L7	non (identique a full-L9)	0	52	273	32457	20520	20499	540303	539973	654934	5439	5678	15821	536	15947	222	1	5039	456234	0	213	0	213
084a804d	HI_1_10_0	24	instruments	full-L6b	L8+L2+LM+L3a+L6a+L4a+LS+L1a+LP+L7+L9	L8+L2+LM+L3a+L4a+LS+L1a+LP+L7+L9	oui	14	52	273	32457	20733	20712	547353	547023	668453	5226	5465	16033	535	16160	222	1	5039	463284	0	0	0	0
084a804d	HI_1_10_0	24	instruments	full-L6b-L9	L8+L2+LM+L3a+L6a+L4a+LS+L1a+LP+L7	L8+L2+LM+L3a+L4a+LS+L1a+LP+L7	oui	0	52	273	32457	20520	20499	540303	539973	654934	5438	5678	15821	536	15947	222	1	5039	456234	0	213	0	213
084a804d	HI_1_10_0	24	instruments	full-L7	L8+L2+LM+L3a+L6a+L6b+L4a+LS+L1a+LP+L9	L8+L2+LM+L3a+L6b+L4a+LS+L1a+LP+L9	oui	13	52	273	32457	25530	25519	689575	689473	780694	3854	3877	20620	325	20783	38	1	233	600718	5048	251	5058	251
084a804d	HI_1_10_0	24	instruments	full-L7-L9	L8+L2+LM+L3a+L6a+L6b+L4a+LS+L1a+LP	L8+L2+LM+L3a+L6b+L4a+LS+L1a+LP	oui	0	52	273	32457	25317	25306	682525	682423	767179	4066	4091	20408	326	20570	38	1	233	593668	5048	464	5058	464
084a804d	HI_1_10_0	24	instruments	full-L8	L2+LM+L3a+L6a+L6b+L4a+LS+L1a+LP+L7+L9	L2+LM+L3a+L6b+L4a+LS+L1a+LP+L7+L9	oui	14	52	273	32457	20733	20712	547353	547023	668453	5226	5465	16033	535	16160	222	1	5039	463284	0	0	0	0
084a804d	HI_1_10_0	24	instruments	full-L8-L9	L2+LM+L3a+L6a+L6b+L4a+LS+L1a+LP+L7	L2+LM+L3a+L6b+L4a+LS+L1a+LP+L7	oui	0	52	273	32457	20520	20499	540303	539973	654934	5438	5678	15821	536	15947	222	1	5039	456234	0	213	0	213
084a804d	HI_1_10_0	24	instruments	full-L9	L8+L2+LM+L3a+L6a+L6b+L4a+LS+L1a+LP+L7	L8+L2+LM+L3a+L6b+L4a+LS+L1a+LP+L7	oui	0	52	273	32457	20520	20499	540303	539973	654934	5439	5678	15821	536	15947	222	1	5039	456234	0	213	0	213
084a804d	HI_1_10_0	24	instruments	full-LM	L8+L2+L3a+L6a+L6b+L4a+LS+L1a+LP+L7+L9	L8+L2+L3a+L6b+L4a+LS+L1a+LP+L7+L9	oui	13	0	273	32457	5374	4850	91409	90057	548943	23361	23461	148	9	88	12	4	286	2286	567	15926	221	16083
084a804d	HI_1_10_0	24	instruments	full-LM-L9	L8+L2+L3a+L6a+L6b+L4a+LS+L1a+LP+L7	L8+L2+L3a+L6b+L4a+LS+L1a+LP+L7	oui	0	0	273	32457	5346	4823	90625	89302	541051	23391	23491	120	9	61	12	4	286	1531	567	15954	221	16110
084a804d	HI_1_10_0	24	instruments	full-LP	L8+L2+LM+L3a+L6a+L6b+L4a+LS+L1a+L7+L9	L8+L2+LM+L3a+L6b+L4a+LS+L1a+L7+L9	oui	14	52	0	32457	20733	20712	547353	547023	668453	5227	5464	16033	535	16160	222	1	5039	463284	0	0	0	0
084a804d	HI_1_10_0	24	instruments	full-LP-L9	L8+L2+LM+L3a+L6a+L6b+L4a+LS+L1a+L7	L8+L2+LM+L3a+L6b+L4a+LS+L1a+L7	oui	0	52	0	32457	20520	20499	540303	539973	654934	5439	5677	15821	536	15947	222	1	5039	456234	0	213	0	213
084a804d	HI_1_10_0	24	instruments	full-LS	L8+L2+LM+L3a+L6a+L6b+L4a+L1a+LP+L7+L9	L8+L2+LM+L3a+L6b+L4a+L1a+LP+L7+L9	oui	14	52	273	32457	20733	20712	547353	547023	668453	5227	5465	16033	535	16160	222	1	5039	463284	0	0	0	0
084a804d	HI_1_10_0	24	instruments	full-LS-L9	L8+L2+LM+L3a+L6a+L6b+L4a+L1a+LP+L7	L8+L2+LM+L3a+L6b+L4a+L1a+LP+L7	oui	0	52	273	32457	20520	20499	540303	539973	654934	5439	5678	15821	536	15947	222	1	5039	456234	0	213	0	213
084a804d	HI_1_10_0	24	instruments	reference	aucun	aucun	oui	0	0	0	32457	5235	4774	89145	88029	535881	23082	23168	0	0	0	0	0	0	0	535	16033	222	16160
111fa685	HI_1_10_0	24	instruments	L1a	L1a	L1a	oui	0	0	0	17362	4152	4017	42832	42600	245554	10944	10706	0	0	0	0	0	0	0	372	7814	294	7865
111fa685	HI_1_10_0	24	instruments	L1a-ref	L1a-ref	L1a-ref	oui	0	0	0	17362	4152	4017	42832	42600	245554	10944	10706	0	0	0	0	0	0	0	372	7814	294	7865
111fa685	HI_1_10_0	24	instruments	L2	L2	L2	oui	0	0	0	17362	4157	4017	42832	42600	245554	10944	10708	5	0	0	0	0	0	0	376	7813	294	7865
111fa685	HI_1_10_0	24	instruments	L3a	L3a	L3a	oui	0	0	0	17362	4155	4019	42871	42622	245896	10964	10726	3	0	2	0	0	0	22	374	7813	295	7864
111fa685	HI_1_10_0	24	instruments	L4a	L4a	L4a	oui	0	0	0	17362	4167	4029	43107	42873	245618	10964	10727	15	0	12	0	0	0	273	374	7801	294	7853
111fa685	HI_1_10_0	24	instruments	L6a	L6a	aucun	non (identique par construction a reference)	0	0	0	17362	4152	4017	42832	42600	245554	10944	10706	0	0	0	0	0	0	0	372	7814	294	7865
111fa685	HI_1_10_0	24	instruments	L6a+WO	L6a+WO	WO	non (identique par construction a WO)	0	0	0	17362	4147	4017	42803	42600	245558	10953	10691	19	24	0	0	0	0	0	370	7817	294	7865
111fa685	HI_1_10_0	24	instruments	L6b	L6b	L6b	oui	0	0	0	17362	4152	4017	42832	42600	245554	10944	10706	0	0	0	0	0	0	0	372	7814	294	7865
111fa685	HI_1_10_0	24	instruments	L6b-flock	L6b-flock	L6b-flock	oui	0	0	0	17362	4152	4017	42832	42600	245554	10944	10706	0	0	0	0	0	0	0	372	7814	294	7865
111fa685	HI_1_10_0	24	instruments	L7	L7	L7	oui	0	0	0	17362	4138	4002	42492	42256	245214	10948	10709	0	14	0	15	1	325	0	372	7828	294	7880
111fa685	HI_1_10_0	24	instruments	L8	L8	L8	oui	0	0	0	17362	4151	4017	42832	42600	245554	10944	10706	0	1	0	0	0	0	0	371	7814	294	7865
111fa685	HI_1_10_0	24	instruments	L8+LS	L8+LS	L8+LS	oui	0	0	0	17362	4151	4017	42832	42600	245554	10944	10706	0	1	0	0	0	0	0	371	7814	294	7865
111fa685	HI_1_10_0	24	instruments	L9	L9	L9	oui	4	0	0	17362	4208	4072	44232	43995	246180	10887	10649	56	0	55	0	0	0	1395	373	7759	294	7810
111fa685	HI_1_10_0	24	instruments	LM	LM	LM	oui	0	0	0	17362	12044	11877	243695	242788	316622	3632	3442	7947	55	7872	12	2	38	199635	1859	1409	1723	1434
111fa685	HI_1_10_0	24	instruments	LM+L6a	LM+L6a	LM	non (identique par construction a LM)	0	0	0	17362	12044	11877	243695	242788	316622	3632	3442	7947	55	7872	12	2	38	199635	1859	1409	1723	1434
111fa685	HI_1_10_0	24	instruments	LP	LP	LP	oui	0	0	100	17362	4152	4017	42832	42600	245554	10945	10706	0	0	0	0	0	0	0	372	7814	294	7865
111fa685	HI_1_10_0	24	instruments	LS	LS	LS	oui	0	0	0	17362	4152	4017	42832	42600	245554	10944	10706	0	0	0	0	0	0	0	372	7814	294	7865
111fa685	HI_1_10_0	24	instruments	WO	WO	WO	oui	0	0	0	17362	4147	4017	42803	42600	245558	10953	10691	19	24	0	0	0	0	0	370	7817	294	7865
111fa685	HI_1_10_0	24	instruments	full	L8+L2+LM+L3a+L6a+L6b+L4a+LS+L1a+LP+L7+L9	L8+L2+LM+L3a+L6b+L4a+LS+L1a+LP+L7+L9	oui	4	26	100	17362	11594	11588	234063	233974	297451	3460	3035	7814	372	7865	294	2	6226	197271	0	0	0	0
111fa685	HI_1_10_0	24	instruments	full+WO	L8+L2+LM+L3a+L6a+L6b+L4a+LS+L1a+LP+L7+L9+WO	L8+L2+LM+L3a+L6b+L4a+LS+L1a+LP+L7+L9+WO	oui	4	26	100	17362	11594	11588	234064	233975	297453	3456	3038	7814	372	7865	294	2	6226	197272	0	0	0	0
111fa685	HI_1_10_0	24	instruments	full+WO-L9	L8+L2+LM+L3a+L6a+L6b+L4a+LS+L1a+LP+L7+WO	L8+L2+LM+L3a+L6b+L4a+LS+L1a+LP+L7+WO	oui	0	26	100	17362	11183	11177	223324	223235	293644	3848	3433	7406	375	7455	295	2	6234	186562	0	411	0	411
111fa685	HI_1_10_0	24	instruments	full-L1a	L8+L2+LM+L3a+L6a+L6b+L4a+LS+LP+L7+L9	L8+L2+LM+L3a+L6b+L4a+LS+LP+L7+L9	oui	4	0	100	17362	12282	12106	249721	248753	318315	3470	3268	8196	66	8113	24	2	322	205878	1640	952	1497	979
111fa685	HI_1_10_0	24	instruments	full-L1a-L9	L8+L2+LM+L3a+L6a+L6b+L4a+LS+LP+L7	L8+L2+LM+L3a+L6b+L4a+LS+LP+L7	oui	0	0	100	17362	11871	11693	238982	238013	314507	3862	3663	7787	68	7701	25	2	330	195168	1640	1363	1497	1392
111fa685	HI_1_10_0	24	instruments	full-L2	L8+LM+L3a+L6a+L6b+L4a+LS+L1a+LP+L7+L9	L8+LM+L3a+L6b+L4a+LS+L1a+LP+L7+L9	oui	4	26	100	17362	11593	11587	234039	233950	297451	3459	3034	7813	372	7864	294	2	6226	197247	0	1	0	1
111fa685	HI_1_10_0	24	instruments	full-L2-L9	L8+LM+L3a+L6a+L6b+L4a+LS+L1a+LP+L7	L8+LM+L3a+L6b+L4a+LS+L1a+LP+L7	oui	0	26	100	17362	11182	11176	223299	223210	293642	3851	3429	7405	375	7454	295	2	6234	186537	0	412	0	412
111fa685	HI_1_10_0	24	instruments	full-L3a	L8+L2+LM+L6a+L6b+L4a+LS+L1a+LP+L7+L9	L8+L2+LM+L6b+L4a+LS+L1a+LP+L7+L9	oui	4	26	100	17362	11576	11570	233626	233537	297070	3457	3035	7796	372	7847	294	2	6226	196835	0	18	0	18
111fa685	HI_1_10_0	24	instruments	full-L3a-L9	L8+L2+LM+L6a+L6b+L4a+LS+L1a+LP+L7	L8+L2+LM+L6b+L4a+LS+L1a+LP+L7	oui	0	26	100	17362	11165	11159	222886	222797	293261	3849	3430	7388	375	7437	295	2	6234	186125	0	429	0	429
111fa685	HI_1_10_0	24	instruments	full-L4a	L8+L2+LM+L3a+L6a+L6b+LS+L1a+LP+L7+L9	L8+L2+LM+L3a+L6b+LS+L1a+LP+L7+L9	oui	4	26	100	17362	11555	11549	232974	232885	297064	3454	3029	7775	372	7826	294	2	6226	196182	0	39	0	39
111fa685	HI_1_10_0	24	instruments	full-L4a-L9	L8+L2+LM+L3a+L6a+L6b+LS+L1a+LP+L7	L8+L2+LM+L3a+L6b+LS+L1a+LP+L7	oui	0	26	100	17362	11146	11140	222308	222219	293299	3845	3423	7369	375	7418	295	2	6234	185546	0	448	0	448
111fa685	HI_1_10_0	24	instruments	full-L6a	L8+L2+LM+L3a+L6b+L4a+LS+L1a+LP+L7+L9	L8+L2+LM+L3a+L6b+L4a+LS+L1a+LP+L7+L9	non (identique a full)	4	26	100	17362	11594	11588	234063	233974	297451	3460	3035	7814	372	7865	294	2	6226	197271	0	0	0	0
111fa685	HI_1_10_0	24	instruments	full-L6a-L9	L8+L2+LM+L3a+L6b+L4a+LS+L1a+LP+L7	L8+L2+LM+L3a+L6b+L4a+LS+L1a+LP+L7	non (identique a full-L9)	0	26	100	17362	11183	11177	223323	223234	293642	3852	3430	7406	375	7455	295	2	6234	186561	0	411	0	411
111fa685	HI_1_10_0	24	instruments	full-L6b	L8+L2+LM+L3a+L6a+L4a+LS+L1a+LP+L7+L9	L8+L2+LM+L3a+L4a+LS+L1a+LP+L7+L9	oui	4	26	100	17362	11594	11588	234063	233974	297451	3460	3034	7814	372	7865	294	2	6226	197271	0	0	0	0
111fa685	HI_1_10_0	24	instruments	full-L6b-L9	L8+L2+LM+L3a+L6a+L4a+LS+L1a+LP+L7	L8+L2+LM+L3a+L4a+LS+L1a+LP+L7	oui	0	26	100	17362	11183	11177	223323	223234	293642	3852	3429	7406	375	7455	295	2	6234	186561	0	411	0	411
111fa685	HI_1_10_0	24	instruments	full-L7	L8+L2+LM+L3a+L6a+L6b+L4a+LS+L1a+LP+L9	L8+L2+LM+L3a+L6b+L4a+LS+L1a+LP+L9	oui	4	26	100	17362	13287	13285	279601	279576	328524	2405	2312	9280	145	9340	72	0	1531	237840	2054	361	2058	361
111fa685	HI_1_10_0	24	instruments	full-L7-L9	L8+L2+LM+L3a+L6a+L6b+L4a+LS+L1a+LP	L8+L2+LM+L3a+L6b+L4a+LS+L1a+LP	oui	0	26	100	17362	12876	12874	268861	268836	324715	2797	2707	8872	148	8930	73	0	1539	227130	2054	772	2058	772
111fa685	HI_1_10_0	24	instruments	full-L8	L2+LM+L3a+L6a+L6b+L4a+LS+L1a+LP+L7+L9	L2+LM+L3a+L6b+L4a+LS+L1a+LP+L7+L9	oui	4	26	100	17362	11596	11590	234128	234039	297519	3459	3032	7816	372	7867	294	2	6226	197336	2	0	2	0
111fa685	HI_1_10_0	24	instruments	full-L8-L9	L2+LM+L3a+L6a+L6b+L4a+LS+L1a+LP+L7	L2+LM+L3a+L6b+L4a+LS+L1a+LP+L7	oui	0	26	100	17362	11185	11179	223388	223299	293710	3851	3427	7408	375	7457	295	2	6234	186626	2	411	2	411
111fa685	HI_1_10_0	24	instruments	full-L9	L8+L2+LM+L3a+L6a+L6b+L4a+LS+L1a+LP+L7	L8+L2+LM+L3a+L6b+L4a+LS+L1a+LP+L7	oui	0	26	100	17362	11183	11177	223323	223234	293642	3852	3430	7406	375	7455	295	2	6234	186561	0	411	0	411
111fa685	HI_1_10_0	24	instruments	full-LM	L8+L2+L3a+L6a+L6b+L4a+LS+L1a+LP+L7+L9	L8+L2+L3a+L6b+L4a+LS+L1a+LP+L7+L9	oui	4	0	100	17362	4207	4048	43483	43158	241864	10732	10500	90	35	69	38	4	1081	1690	380	7767	295	7835
111fa685	HI_1_10_0	24	instruments	full-LM-L9	L8+L2+L3a+L6a+L6b+L4a+LS+L1a+LP+L7	L8+L2+L3a+L6b+L4a+LS+L1a+LP+L7	oui	0	0	100	17362	4151	3993	42083	41763	241234	10789	10557	34	35	14	38	4	1081	295	379	7822	295	7890
111fa685	HI_1_10_0	24	instruments	full-LP	L8+L2+LM+L3a+L6a+L6b+L4a+LS+L1a+L7+L9	L8+L2+LM+L3a+L6b+L4a+LS+L1a+L7+L9	oui	4	26	0	17362	11594	11588	234063	233974	297451	3460	3035	7814	372	7865	294	2	6226	197271	0	0	0	0
111fa685	HI_1_10_0	24	instruments	full-LP-L9	L8+L2+LM+L3a+L6a+L6b+L4a+LS+L1a+L7	L8+L2+LM+L3a+L6b+L4a+LS+L1a+L7	oui	0	26	0	17362	11183	11177	223323	223234	293642	3852	3430	7406	375	7455	295	2	6234	186561	0	411	0	411
111fa685	HI_1_10_0	24	instruments	full-LS	L8+L2+LM+L3a+L6a+L6b+L4a+L1a+LP+L7+L9	L8+L2+LM+L3a+L6b+L4a+L1a+LP+L7+L9	oui	4	26	100	17362	11594	11588	234063	233974	297451	3427	3024	7814	372	7865	294	2	6226	197271	0	0	0	0
111fa685	HI_1_10_0	24	instruments	full-LS-L9	L8+L2+LM+L3a+L6a+L6b+L4a+L1a+LP+L7	L8+L2+LM+L3a+L6b+L4a+L1a+LP+L7	oui	0	26	100	17362	11183	11177	223323	223234	293642	3819	3419	7406	375	7455	295	2	6234	186561	0	411	0	411
111fa685	HI_1_10_0	24	instruments	reference	aucun	aucun	oui	0	0	0	17362	4152	4017	42832	42600	245554	10944	10706	0	0	0	0	0	0	0	372	7814	294	7865
11de8353	HI_1_9_0	24	instruments	L1a	L1a	L1a	oui	0	1	0	17629	5736	5615	65452	65229	248285	9792	9786	2	5	2	0	0	0	0	342	7629	265	7671
11de8353	HI_1_9_0	24	instruments	L1a-ref	L1a-ref	L1a-ref	oui	0	1	0	17629	5736	5615	65452	65229	248285	9792	9786	2	5	2	0	0	0	0	342	7629	265	7671
11de8353	HI_1_9_0	24	instruments	L2	L2	L2	oui	0	0	0	17629	5769	5614	65473	65229	248306	9821	9815	30	0	1	0	0	0	0	365	7619	265	7672
11de8353	HI_1_9_0	24	instruments	L3a	L3a	L3a	oui	0	0	0	17629	5751	5622	65698	65459	248835	9829	9825	12	0	10	1	1	0	230	349	7621	269	7668
11de8353	HI_1_9_0	24	instruments	L4a	L4a	L4a	oui	0	0	0	17629	5748	5620	65626	65390	248380	9824	9818	9	0	7	0	0	0	161	346	7621	265	7666
11de8353	HI_1_9_0	24	instruments	L6a	L6a	aucun	non (identique par construction a reference)	0	0	0	17629	5739	5613	65452	65229	248285	9792	9788	0	0	0	0	0	0	0	345	7629	265	7673
11de8353	HI_1_9_0	24	instruments	L6a+WO	L6a+WO	WO	non (identique par construction a WO)	0	0	0	17629	5893	5775	68659	68425	249780	9689	9708	169	15	163	1	1	17	3214	340	7470	265	7511
11de8353	HI_1_9_0	24	instruments	L6b	L6b	L6b	oui	0	0	0	17629	5739	5613	65452	65229	248285	9793	9789	1	1	0	0	0	0	0	345	7629	265	7673
11de8353	HI_1_9_0	24	instruments	L6b-flock	L6b-flock	L6b-flock	oui	0	0	0	17629	5738	5613	65452	65229	248285	9792	9788	0	1	0	0	0	0	0	344	7629	265	7673
11de8353	HI_1_9_0	24	instruments	L7	L7	L7	oui	0	0	0	17629	5902	5776	68666	68443	249736	9687	9707	163	0	163	0	0	0	3214	345	7466	265	7510
11de8353	HI_1_9_0	24	instruments	L8	L8	L8	oui	0	0	0	17629	5739	5613	65452	65229	248291	9774	9802	0	0	0	0	0	0	0	345	7629	265	7673
11de8353	HI_1_9_0	24	instruments	L8+LS	L8+LS	L8+LS	oui	0	0	0	17629	5739	5613	65452	65229	248291	9774	9802	0	0	0	0	0	0	0	345	7629	265	7673
11de8353	HI_1_9_0	24	instruments	L9	L9	L9	oui	2	0	0	17629	5754	5628	65846	65601	248411	9777	9772	16	1	15	0	0	0	372	346	7615	265	7658
11de8353	HI_1_9_0	24	instruments	LM	LM	LM	oui	0	0	0	17629	13589	13481	260146	259421	313765	2552	2613	7911	61	7878	10	0	10	193748	1560	994	1465	1005
11de8353	HI_1_9_0	24	instruments	LM+L6a	LM+L6a	LM	non (identique par construction a LM)	0	0	0	17629	13589	13481	260146	259421	313765	2552	2613	7911	61	7878	10	0	10	193748	1560	994	1465	1005
11de8353	HI_1_9_0	24	instruments	LP	LP	LP	oui	0	0	69	17629	5793	5667	66617	66394	249790	9919	9846	54	0	54	0	0	0	1165	352	7582	272	7626
11de8353	HI_1_9_0	24	instruments	LS	LS	LS	oui	0	0	0	17629	5739	5613	65452	65229	248285	9792	9788	0	0	0	0	0	0	0	345	7629	265	7673
11de8353	HI_1_9_0	24	instruments	WO	WO	WO	oui	0	0	0	17629	5893	5775	68659	68425	249780	9689	9708	169	15	163	1	1	17	3214	340	7470	265	7511
11de8353	HI_1_9_0	24	instruments	full	L8+L2+LM+L3a+L6a+L6b+L4a+LS+L1a+LP+L7+L9	L8+L2+LM+L3a+L6b+L4a+LS+L1a+LP+L7+L9	oui	2	26	69	17629	13023	13021	248675	248653	291906	2353	2169	7629	345	7673	265	0	5667	188784	0	0	0	0
11de8353	HI_1_9_0	24	instruments	full+WO	L8+L2+LM+L3a+L6a+L6b+L4a+LS+L1a+LP+L7+L9+WO	L8+L2+LM+L3a+L6b+L4a+LS+L1a+LP+L7+L9+WO	oui	2	26	69	17629	13023	13021	248675	248653	291906	2353	2169	7629	345	7673	265	0	5667	188784	0	0	0	0
11de8353	HI_1_9_0	24	instruments	full+WO-L9	L8+L2+LM+L3a+L6a+L6b+L4a+LS+L1a+LP+L7+WO	L8+L2+LM+L3a+L6b+L4a+LS+L1a+LP+L7+WO	oui	0	26	69	17629	12979	12977	247564	247542	291576	2392	2208	7586	346	7629	265	0	5667	187673	0	44	0	44
11de8353	HI_1_9_0	24	instruments	full-L1a	L8+L2+LM+L3a+L6a+L6b+L4a+LS+LP+L7+L9	L8+L2+LM+L3a+L6b+L4a+LS+LP+L7+L9	oui	2	0	69	17629	13731	13575	263431	262563	309620	2461	2434	8180	188	8109	147	6	2798	199722	1241	533	1103	549
11de8353	HI_1_9_0	24	instruments	full-L1a-L9	L8+L2+LM+L3a+L6a+L6b+L4a+LS+LP+L7	L8+L2+LM+L3a+L6b+L4a+LS+LP+L7	oui	0	0	69	17629	13688	13531	262321	261452	309291	2500	2474	8137	188	8065	147	6	2798	198611	1241	576	1103	593
11de8353	HI_1_9_0	24	instruments	full-L2	L8+LM+L3a+L6a+L6b+L4a+LS+L1a+LP+L7+L9	L8+LM+L3a+L6b+L4a+LS+L1a+LP+L7+L9	oui	2	26	69	17629	13021	13019	248650	248628	291906	2353	2168	7627	345	7671	265	0	5667	188759	0	2	0	2
11de8353	HI_1_9_0	24	instruments	full-L2-L9	L8+LM+L3a+L6a+L6b+L4a+LS+L1a+LP+L7	L8+LM+L3a+L6b+L4a+LS+L1a+LP+L7	oui	0	26	69	17629	12977	12975	247539	247517	291576	2392	2207	7584	346	7627	265	0	5667	187648	0	46	0	46
11de8353	HI_1_9_0	24	instruments	full-L3a	L8+L2+LM+L6a+L6b+L4a+LS+L1a+LP+L7+L9	L8+L2+LM+L6b+L4a+LS+L1a+LP+L7+L9	oui	2	26	69	17629	12931	12929	246612	246590	291107	2408	2225	7540	348	7582	266	0	5685	186749	0	92	0	92
11de8353	HI_1_9_0	24	instruments	full-L3a-L9	L8+L2+LM+L6a+L6b+L4a+LS+L1a+LP+L7	L8+L2+LM+L6b+L4a+LS+L1a+LP+L7	oui	0	26	69	17629	12887	12885	245501	245479	290777	2447	2264	7497	349	7538	266	0	5685	185638	0	136	0	136
11de8353	HI_1_9_0	24	instruments	full-L4a	L8+L2+LM+L3a+L6a+L6b+LS+L1a+LP+L7+L9	L8+L2+LM+L3a+L6b+LS+L1a+LP+L7+L9	oui	2	26	69	17629	12792	12790	242546	242524	289324	2514	2331	7401	348	7442	265	0	5667	182655	0	231	0	231
11de8353	HI_1_9_0	24	instruments	full-L4a-L9	L8+L2+LM+L3a+L6a+L6b+LS+L1a+LP+L7	L8+L2+LM+L3a+L6b+LS+L1a+LP+L7	oui	0	26	69	17629	12748	12746	241435	241413	288994	2553	2370	7358	349	7398	265	0	5667	181544	0	275	0	275
11de8353	HI_1_9_0	24	instruments	full-L6a	L8+L2+LM+L3a+L6b+L4a+LS+L1a+LP+L7+L9	L8+L2+LM+L3a+L6b+L4a+LS+L1a+LP+L7+L9	non (identique a full)	2	26	69	17629	13023	13021	248675	248653	291906	2353	2169	7629	345	7673	265	0	5667	188784	0	0	0	0
11de8353	HI_1_9_0	24	instruments	full-L6a-L9	L8+L2+LM+L3a+L6b+L4a+LS+L1a+LP+L7	L8+L2+LM+L3a+L6b+L4a+LS+L1a+LP+L7	non (identique a full-L9)	0	26	69	17629	12979	12977	247564	247542	291576	2392	2208	7586	346	7629	265	0	5667	187673	0	44	0	44
11de8353	HI_1_9_0	24	instruments	full-L6b	L8+L2+LM+L3a+L6a+L4a+LS+L1a+LP+L7+L9	L8+L2+LM+L3a+L4a+LS+L1a+LP+L7+L9	oui	2	26	69	17629	13023	13021	248675	248653	291906	2355	2169	7629	345	7673	265	0	5667	188784	0	0	0	0
11de8353	HI_1_9_0	24	instruments	full-L6b-L9	L8+L2+LM+L3a+L6a+L4a+LS+L1a+LP+L7	L8+L2+LM+L3a+L4a+LS+L1a+LP+L7	oui	0	26	69	17629	12979	12977	247564	247542	291576	2394	2208	7586	346	7629	265	0	5667	187673	0	44	0	44
11de8353	HI_1_9_0	24	instruments	full-L7	L8+L2+LM+L3a+L6a+L6b+L4a+LS+L1a+LP+L9	L8+L2+LM+L3a+L6b+L4a+LS+L1a+LP+L9	oui	2	26	69	17629	14720	14718	290333	290311	324613	1689	1661	9064	83	9115	10	0	10	224616	1747	50	1747	50
11de8353	HI_1_9_0	24	instruments	full-L7-L9	L8+L2+LM+L3a+L6a+L6b+L4a+LS+L1a+LP	L8+L2+LM+L3a+L6b+L4a+LS+L1a+LP	oui	0	26	69	17629	14676	14674	289222	289200	324283	1728	1700	9021	84	9071	10	0	10	223505	1747	94	1747	94
11de8353	HI_1_9_0	24	instruments	full-L8	L2+LM+L3a+L6a+L6b+L4a+LS+L1a+LP+L7+L9	L2+LM+L3a+L6b+L4a+LS+L1a+LP+L7+L9	oui	2	26	69	17629	13399	13397	258721	258699	303040	2132	2050	7968	308	8015	231	0	4997	198129	378	2	378	2
11de8353	HI_1_9_0	24	instruments	full-L8-L9	L2+LM+L3a+L6a+L6b+L4a+LS+L1a+LP+L7	L2+LM+L3a+L6b+L4a+LS+L1a+LP+L7	oui	0	26	69	17629	13355	13353	257610	257588	302710	2171	2089	7925	309	7971	231	0	4997	197018	378	46	378	46
11de8353	HI_1_9_0	24	instruments	full-L9	L8+L2+LM+L3a+L6a+L6b+L4a+LS+L1a+LP+L7	L8+L2+LM+L3a+L6b+L4a+LS+L1a+LP+L7	oui	0	26	69	17629	12979	12977	247564	247542	291576	2392	2208	7586	346	7629	265	0	5667	187673	0	44	0	44
11de8353	HI_1_9_0	24	instruments	full-LM	L8+L2+L3a+L6a+L6b+L4a+LS+L1a+LP+L7+L9	L8+L2+L3a+L6b+L4a+LS+L1a+LP+L7+L9	oui	2	1	69	17629	5965	5812	69522	69259	251240	9809	9796	288	62	254	55	1	1091	5121	375	7433	275	7484
11de8353	HI_1_9_0	24	instruments	full-LM-L9	L8+L2+L3a+L6a+L6b+L4a+LS+L1a+LP+L7	L8+L2+L3a+L6b+L4a+LS+L1a+LP+L7	oui	0	1	69	17629	5950	5797	69128	68887	251114	9824	9812	272	61	239	55	1	1091	4749	374	7447	275	7499
11de8353	HI_1_9_0	24	instruments	full-LP	L8+L2+LM+L3a+L6a+L6b+L4a+LS+L1a+L7+L9	L8+L2+LM+L3a+L6b+L4a+LS+L1a+L7+L9	oui	2	26	0	17629	13023	13021	248675	248653	291906	2353	2169	7629	345	7673	265	0	5667	188784	0	0	0	0
11de8353	HI_1_9_0	24	instruments	full-LP-L9	L8+L2+LM+L3a+L6a+L6b+L4a+LS+L1a+L7	L8+L2+LM+L3a+L6b+L4a+LS+L1a+L7	oui	0	26	0	17629	12979	12977	247564	247542	291576	2392	2208	7586	346	7629	265	0	5667	187673	0	44	0	44
11de8353	HI_1_9_0	24	instruments	full-LS	L8+L2+LM+L3a+L6a+L6b+L4a+L1a+LP+L7+L9	L8+L2+LM+L3a+L6b+L4a+L1a+LP+L7+L9	oui	2	26	69	17629	13023	13021	248675	248653	291906	2349	2167	7629	345	7673	265	0	5667	188784	0	0	0	0
11de8353	HI_1_9_0	24	instruments	full-LS-L9	L8+L2+LM+L3a+L6a+L6b+L4a+L1a+LP+L7	L8+L2+LM+L3a+L6b+L4a+L1a+LP+L7	oui	0	26	69	17629	12979	12977	247564	247542	291576	2388	2206	7586	346	7629	265	0	5667	187673	0	44	0	44
11de8353	HI_1_9_0	24	instruments	reference	aucun	aucun	oui	0	0	0	17629	5739	5613	65452	65229	248285	9792	9788	0	0	0	0	0	0	0	345	7629	265	7673
1c4c63c2	HI_1_10_0	24	instruments	L1a	L1a	L1a	oui	0	0	0	79550	19354	13540	170685	164875	777616	45938	49310	0	0	0	0	0	0	0	1807	28934	1236	27468
1c4c63c2	HI_1_10_0	24	instruments	L1a-ref	L1a-ref	L1a-ref	oui	0	0	0	79550	19354	13540	170685	164875	777616	45938	49310	0	0	0	0	0	0	0	1807	28934	1236	27468
1c4c63c2	HI_1_10_0	24	instruments	L2	L2	L2	oui	0	0	0	79550	19700	13512	171084	164873	777998	45941	49391	358	12	19	47	47	2	0	1992	28773	1232	27492
1c4c63c2	HI_1_10_0	24	instruments	L3a	L3a	L3a	oui	0	0	0	79550	19769	13687	171220	165198	780621	46069	49682	424	9	188	41	41	38	361	1829	28541	1236	27321
1c4c63c2	HI_1_10_0	24	instruments	L4a	L4a	L4a	oui	0	0	0	79550	19380	13549	170950	165074	777795	45979	49350	26	0	13	4	4	0	199	1815	28916	1237	27460
1c4c63c2	HI_1_10_0	24	instruments	L6a	L6a	aucun	non (identique par construction a reference)	0	0	0	79550	19354	13540	170685	164875	777616	45938	49310	0	0	0	0	0	0	0	1807	28934	1236	27468
1c4c63c2	HI_1_10_0	24	instruments	L6a+WO	L6a+WO	WO	non (identique par construction a WO)	0	0	0	79550	19300	13543	170719	164850	777129	45932	49277	268	322	61	58	53	32	7	1780	28961	1242	27471
1c4c63c2	HI_1_10_0	24	instruments	L6b	L6b	L6b	oui	0	0	0	79550	19354	13539	170711	164875	777642	45938	49306	5	5	0	1	1	0	0	1808	28935	1236	27469
1c4c63c2	HI_1_10_0	24	instruments	L6b-flock	L6b-flock	L6b-flock	oui	0	0	0	79550	19356	13540	170686	164875	777617	45938	49313	3	1	0	0	0	0	0	1808	28933	1236	27468
1c4c63c2	HI_1_10_0	24	instruments	L7	L7	L7	oui	0	0	0	79550	18854	12984	156693	150877	751923	45751	49093	36	536	6	562	44	13884	1	1800	29427	1228	28016
1c4c63c2	HI_1_10_0	24	instruments	L8	L8	L8	oui	0	0	0	79550	19357	13539	170687	164875	777618	45938	49313	5	2	0	1	1	0	0	1807	28931	1236	27469
1c4c63c2	HI_1_10_0	24	instruments	L8+LS	L8+LS	L8+LS	oui	0	0	0	79550	19866	14050	181918	176107	898016	55180	58499	516	4	512	2	1	0	11232	1845	28460	1340	27062
1c4c63c2	HI_1_10_0	24	instruments	L9	L9	L9	oui	16	0	0	79550	19834	14015	181706	175798	856517	45454	48830	480	0	476	1	1	0	10923	1818	28465	1245	27002
1c4c63c2	HI_1_10_0	24	instruments	LM	LM	LM	oui	0	0	0	79550	39087	32910	669186	652413	958878	27155	30251	21345	1612	20018	648	425	868	485737	3125	10519	2981	9843
1c4c63c2	HI_1_10_0	24	instruments	LM+L6a	LM+L6a	LM	non (identique par construction a LM)	0	0	0	79550	39087	32910	669186	652413	958878	27155	30251	21345	1612	20018	648	425	868	485737	3125	10519	2981	9843
1c4c63c2	HI_1_10_0	24	instruments	LP	LP	LP	oui	0	0	734	79550	19355	13541	170684	164875	777615	45938	49317	7	6	2	1	1	0	0	1806	28932	1235	27466
1c4c63c2	HI_1_10_0	24	instruments	LS	LS	LS	oui	0	0	0	79550	19866	14053	181964	176154	898040	55178	58495	514	2	514	1	0	0	11279	1845	28460	1342	27061
1c4c63c2	HI_1_10_0	24	instruments	WO	WO	WO	oui	0	0	0	79550	19300	13543	170719	164850	777129	45932	49277	268	322	61	58	53	32	7	1780	28961	1242	27471
1c4c63c2	HI_1_10_0	24	instruments	full	L8+L2+LM+L3a+L6a+L6b+L4a+LS+L1a+LP+L7+L9	L8+L2+LM+L3a+L6b+L4a+LS+L1a+LP+L7+L9	oui	18	10	734	79550	46481	39772	840993	818330	1215865	28206	30376	28934	1807	27468	1236	539	13052	661809	0	0	0	0
1c4c63c2	HI_1_10_0	24	instruments	full+WO	L8+L2+LM+L3a+L6a+L6b+L4a+LS+L1a+LP+L7+L9+WO	L8+L2+LM+L3a+L6b+L4a+LS+L1a+LP+L7+L9+WO	oui	18	10	734	79550	46351	39709	837243	815236	1210681	28225	30361	28812	1815	27394	1225	533	13065	658693	918	1048	863	926
1c4c63c2	HI_1_10_0	24	instruments	full+WO-L9	L8+L2+LM+L3a+L6a+L6b+L4a+LS+L1a+LP+L7+WO	L8+L2+LM+L3a+L6b+L4a+LS+L1a+LP+L7+WO	oui	0	10	734	79550	43628	37100	768541	748555	1084049	31064	33249	26057	1783	24679	1119	508	10830	590724	912	3765	869	3541
1c4c63c2	HI_1_10_0	24	instruments	full-L1a	L8+L2+LM+L3a+L6a+L6b+L4a+LS+LP+L7+L9	L8+L2+LM+L3a+L6b+L4a+LS+LP+L7+L9	oui	18	0	734	79550	48095	40803	873134	847736	1239818	27656	30106	29935	1194	28101	838	578	3173	681055	2363	749	2055	1024
1c4c63c2	HI_1_10_0	24	instruments	full-L1a-L9	L8+L2+LM+L3a+L6a+L6b+L4a+LS+LP+L7	L8+L2+LM+L3a+L6b+L4a+LS+LP+L7	oui	0	0	734	79550	45506	38309	809176	785520	1112561	30243	32741	27407	1255	25597	828	557	3187	619565	2386	3361	2091	3554
1c4c63c2	HI_1_10_0	24	instruments	full-L2	L8+LM+L3a+L6a+L6b+L4a+LS+L1a+LP+L7+L9	L8+LM+L3a+L6b+L4a+LS+L1a+LP+L7+L9	oui	18	11	734	79550	47473	41251	877246	855522	1227095	27011	29081	29948	1829	28898	1187	483	13268	699001	1434	442	1662	183
1c4c63c2	HI_1_10_0	24	instruments	full-L2-L9	L8+LM+L3a+L6a+L6b+L4a+LS+L1a+LP+L7	L8+LM+L3a+L6b+L4a+LS+L1a+LP+L7	oui	0	11	734	79550	43977	37854	790297	770673	1089426	30503	32627	26537	1914	25495	1181	464	13291	615019	620	3124	839	2757
1c4c63c2	HI_1_10_0	24	instruments	full-L3a	L8+L2+LM+L6a+L6b+L4a+LS+L1a+LP+L7+L9	L8+L2+LM+L6b+L4a+LS+L1a+LP+L7+L9	oui	18	9	734	79550	46791	40259	853459	830804	1235075	27769	30316	29189	1752	27898	1179	504	12585	673637	1494	1184	1524	1037
1c4c63c2	HI_1_10_0	24	instruments	full-L3a-L9	L8+L2+LM+L6a+L6b+L4a+LS+L1a+LP+L7	L8+L2+LM+L6b+L4a+LS+L1a+LP+L7	oui	0	9	734	79550	43493	37064	771869	751614	1094602	31043	33655	25993	1854	24700	1176	483	12599	595366	822	3810	856	3564
1c4c63c2	HI_1_10_0	24	instruments	full-L4a	L8+L2+LM+L3a+L6a+L6b+LS+L1a+LP+L7+L9	L8+L2+LM+L3a+L6b+LS+L1a+LP+L7+L9	oui	18	10	734	79550	45396	38738	811315	790006	1207267	29200	31467	27864	1822	26429	1231	534	13049	633726	2	1087	20	1054
1c4c63c2	HI_1_10_0	24	instruments	full-L4a-L9	L8+L2+LM+L3a+L6a+L6b+LS+L1a+LP+L7	L8+L2+LM+L3a+L6b+LS+L1a+LP+L7	oui	0	10	734	79550	42832	36270	748029	728442	1080207	31768	34083	25361	1883	23951	1221	513	13063	572888	25	3674	56	3558
1c4c63c2	HI_1_10_0	24	instruments	full-L6a	L8+L2+LM+L3a+L6b+L4a+LS+L1a+LP+L7+L9	L8+L2+LM+L3a+L6b+L4a+LS+L1a+LP+L7+L9	non (identique a full)	18	10	734	79550	46481	39772	840993	818330	1215865	28206	30376	28934	1807	27468	1236	539	13052	661809	0	0	0	0
1c4c63c2	HI_1_10_0	24	instruments	full-L6a-L9	L8+L2+LM+L3a+L6b+L4a+LS+L1a+LP+L7	L8+L2+LM+L3a+L6b+L4a+LS+L1a+LP+L7	non (identique a full-L9)	0	10	734	79550	43892	37278	777035	756114	1088608	30793	33011	26406	1868	24964	1226	518	13066	600319	23	2612	36	2530
1c4c63c2	HI_1_10_0	24	instruments	full-L6b	L8+L2+LM+L3a+L6a+L4a+LS+L1a+LP+L7+L9	L8+L2+LM+L3a+L4a+LS+L1a+LP+L7+L9	oui	18	10	734	79550	46480	39773	840881	818338	1215734	28209	30386	28934	1808	27469	1236	539	13052	661817	0	1	4	3
1c4c63c2	HI_1_10_0	24	instruments	full-L6b-L9	L8+L2+LM+L3a+L6a+L4a+LS+L1a+LP+L7	L8+L2+LM+L3a+L4a+LS+L1a+LP+L7	oui	0	10	734	79550	43889	37277	776886	756073	1088457	30798	33022	26404	1869	24963	1226	518	13066	600278	23	2615	38	2533
1c4c63c2	HI_1_10_0	24	instruments	full-L7	L8+L2+LM+L3a+L6a+L6b+L4a+LS+L1a+LP+L9	L8+L2+LM+L3a+L6b+L4a+LS+L1a+LP+L9	oui	18	19	734	79550	53018	47337	1025697	1005401	1312323	21450	24042	35375	1711	34938	1141	442	13157	847346	7579	1042	8410	845
1c4c63c2	HI_1_10_0	24	instruments	full-L7-L9	L8+L2+LM+L3a+L6a+L6b+L4a+LS+L1a+LP	L8+L2+LM+L3a+L6b+L4a+LS+L1a+LP	oui	0	19	734	79550	49115	43510	927912	910198	1167560	25324	28024	31578	1817	31101	1131	414	13181	753104	6234	3600	7077	3339
1c4c63c2	HI_1_10_0	24	instruments	full-L8	L2+LM+L3a+L6a+L6b+L4a+LS+L1a+LP+L7+L9	L2+LM+L3a+L6b+L4a+LS+L1a+LP+L7+L9	oui	18	10	734	79550	46494	39791	841394	818720	1215982	28191	30371	28938	1798	27476	1225	539	12835	661982	17	4	20	1
1c4c63c2	HI_1_10_0	24	instruments	full-L8-L9	L2+LM+L3a+L6a+L6b+L4a+LS+L1a+LP+L7	L2+LM+L3a+L6b+L4a+LS+L1a+LP+L7	oui	0	10	734	79550	43905	37297	777436	756504	1088725	30778	33006	26410	1859	24972	1215	518	12849	600492	40	2616	56	2531
1c4c63c2	HI_1_10_0	24	instruments	full-L9	L8+L2+LM+L3a+L6a+L6b+L4a+LS+L1a+LP+L7	L8+L2+LM+L3a+L6b+L4a+LS+L1a+LP+L7	oui	0	10	734	79550	43892	37278	777035	756114	1088608	30793	33011	26406	1868	24964	1226	518	13066	600319	23	2612	36	2530
1c4c63c2	HI_1_10_0	24	instruments	full-LM	L8+L2+L3a+L6a+L6b+L4a+LS+L1a+LP+L7+L9	L8+L2+L3a+L6b+L4a+LS+L1a+LP+L7+L9	oui	17	0	734	79550	20682	14137	180772	174105	971605	54056	57635	1841	513	1211	614	144	13057	22412	2057	27856	1322	26957
1c4c63c2	HI_1_10_0	24	instruments	full-LM-L9	L8+L2+L3a+L6a+L6b+L4a+LS+L1a+LP+L7	L8+L2+L3a+L6b+L4a+LS+L1a+LP+L7	oui	0	0	734	79550	20154	13615	168611	162042	867783	54605	58180	1313	513	687	612	142	13057	10349	2056	28383	1316	27473
1c4c63c2	HI_1_10_0	24	instruments	full-LP	L8+L2+LM+L3a+L6a+L6b+L4a+LS+L1a+L7+L9	L8+L2+LM+L3a+L6b+L4a+LS+L1a+L7+L9	oui	18	10	0	79550	46479	39767	840961	818273	1215895	28207	30367	28931	1806	27462	1235	537	13052	661752	5	7	1	6
1c4c63c2	HI_1_10_0	24	instruments	full-LP-L9	L8+L2+LM+L3a+L6a+L6b+L4a+LS+L1a+L7	L8+L2+LM+L3a+L6b+L4a+LS+L1a+L7	oui	0	10	0	79550	43890	37273	777003	756057	1088610	30794	33002	26403	1867	24958	1225	516	13066	600262	28	2619	37	2536
1c4c63c2	HI_1_10_0	24	instruments	full-LS	L8+L2+LM+L3a+L6a+L6b+L4a+L1a+LP+L7+L9	L8+L2+LM+L3a+L6b+L4a+L1a+LP+L7+L9	oui	17	10	734	79550	40794	34418	705465	687201	1029501	24511	27214	23655	2215	22013	1135	495	10844	529920	187	5874	234	5588
1c4c63c2	HI_1_10_0	24	instruments	full-LS-L9	L8+L2+LM+L3a+L6a+L6b+L4a+L1a+LP+L7	L8+L2+LM+L3a+L6b+L4a+L1a+LP+L7	oui	0	10	734	79550	38420	32143	646485	630364	924666	26689	29446	21306	2240	19724	1121	474	10843	473699	192	8253	259	7888
1c4c63c2	HI_1_10_0	24	instruments	reference	aucun	aucun	oui	0	0	0	79550	19354	13540	170685	164875	777616	45938	49310	0	0	0	0	0	0	0	1807	28934	1236	27468
396cfc92	HI_1_13_0	27	instruments	L1a	L1a	L1a	oui	0	24	0	32052	24789	24782	186727	186676	233473	6367	6316	2082	121	2083	120	6	1235	20921	965	4900	972	4898
396cfc92	HI_1_13_0	27	instruments	L1a-ref	L1a-ref	L1a-ref	oui	0	24	0	32052	24789	24782	186727	186676	233473	6367	6316	2082	121	2083	120	6	1235	20921	965	4900	972	4898
396cfc92	HI_1_13_0	27	instruments	L2	L2	L2	oui	0	0	0	32052	26915	26904	201609	201591	228348	4320	4310	4087	0	4085	0	0	0	34607	1065	2874	1071	2875
396cfc92	HI_1_13_0	27	instruments	L3a	L3a	L3a	oui	0	0	0	32052	23140	23130	169514	169499	227122	8231	8224	312	0	312	1	1	3	2506	981	6565	988	6566
396cfc92	HI_1_13_0	27	instruments	L4a	L4a	L4a	oui	0	0	0	32052	22828	22819	166999	166984	225495	8362	8355	0	0	0	0	0	0	0	974	6870	981	6870
396cfc92	HI_1_13_0	27	instruments	L6a	L6a	aucun	non (identique par construction a reference)	0	0	0	32052	22828	22819	166999	166984	225495	8362	8355	0	0	0	0	0	0	0	974	6870	981	6870
396cfc92	HI_1_13_0	27	instruments	L6a+WO	L6a+WO	WO	non (identique par construction a WO)	0	0	0	32052	22829	22819	167001	166984	225497	8362	8356	2	1	0	0	0	0	0	976	6871	981	6870
396cfc92	HI_1_13_0	27	instruments	L6b	L6b	L6b	oui	0	0	0	32052	22828	22819	166999	166984	225495	8362	8355	0	0	0	0	0	0	0	974	6870	981	6870
396cfc92	HI_1_13_0	27	instruments	L6b-flock	L6b-flock	L6b-flock	oui	0	0	0	32052	22828	22819	166999	166984	225495	8362	8355	0	0	0	0	0	0	0	974	6870	981	6870
396cfc92	HI_1_13_0	27	instruments	L7	L7	L7	oui	0	0	0	32052	22828	22819	166999	166984	225495	8362	8355	0	0	0	0	0	0	0	974	6870	981	6870
396cfc92	HI_1_13_0	27	instruments	L8	L8	L8	oui	0	0	0	32052	22828	22819	166999	166984	225495	8362	8355	0	0	0	0	0	0	0	974	6870	981	6870
396cfc92	HI_1_13_0	27	instruments	L8+LS	L8+LS	L8+LS	oui	0	0	0	32052	22828	22819	166999	166984	225495	8362	8355	0	0	0	0	0	0	0	974	6870	981	6870
396cfc92	HI_1_13_0	27	instruments	L9	L9	L9	oui	0	0	0	32052	22828	22819	166999	166984	225495	8362	8355	0	0	0	0	0	0	0	974	6870	981	6870
396cfc92	HI_1_13_0	27	instruments	LM	LM	aucun	non (identique par construction a reference)	0	0	0	32052	22828	22819	166999	166984	225495	8362	8355	0	0	0	0	0	0	0	974	6870	981	6870
396cfc92	HI_1_13_0	27	instruments	LM+L6a	LM+L6a	aucun	non (identique par construction a reference)	0	0	0	32052	22828	22819	166999	166984	225495	8362	8355	0	0	0	0	0	0	0	974	6870	981	6870
396cfc92	HI_1_13_0	27	instruments	LP	LP	LP	oui	0	0	13	32052	22828	22819	166999	166984	225495	8362	8355	0	0	0	0	0	0	0	974	6870	981	6870
396cfc92	HI_1_13_0	27	instruments	LS	LS	LS	oui	0	0	0	32052	22828	22819	166999	166984	225495	8362	8355	0	0	0	0	0	0	0	974	6870	981	6870
396cfc92	HI_1_13_0	27	instruments	WO	WO	WO	oui	0	0	0	32052	22829	22819	167001	166984	225497	8362	8356	2	1	0	0	0	0	0	976	6871	981	6870
396cfc92	HI_1_13_0	27	instruments	full	L8+L2+LM+L3a+L6a+L6b+L4a+LS+L1a+LP+L7+L9	L8+L2+L3a+L6b+L4a+LS+L1a+LP+L7+L9	oui	0	20	13	32052	28724	28708	222052	221953	238089	1988	1690	6870	974	6870	981	13	7296	62248	0	0	0	0
396cfc92	HI_1_13_0	27	instruments	full+WO	L8+L2+LM+L3a+L6a+L6b+L4a+LS+L1a+LP+L7+L9+WO	L8+L2+L3a+L6b+L4a+LS+L1a+LP+L7+L9+WO	oui	0	20	13	32052	28723	28708	222052	221953	238089	1988	1684	6870	975	6870	981	13	7296	62248	0	1	0	0
396cfc92	HI_1_13_0	27	instruments	full+WO-L9	L8+L2+LM+L3a+L6a+L6b+L4a+LS+L1a+LP+L7+WO	L8+L2+L3a+L6b+L4a+LS+L1a+LP+L7+WO	oui	0	20	13	32052	28723	28708	222052	221953	238089	1988	1684	6870	975	6870	981	13	7296	62248	0	1	0	0
396cfc92	HI_1_13_0	27	instruments	full-L1a	L8+L2+LM+L3a+L6a+L6b+L4a+LS+LP+L7+L9	L8+L2+L3a+L6b+L4a+LS+LP+L7+L9	oui	0	0	13	32052	27252	27240	204334	204316	229988	4165	4155	4424	0	4422	1	1	3	37323	1072	2544	1078	2546
396cfc92	HI_1_13_0	27	instruments	full-L1a-L9	L8+L2+LM+L3a+L6a+L6b+L4a+LS+LP+L7	L8+L2+L3a+L6b+L4a+LS+LP+L7	oui	0	0	13	32052	27252	27240	204334	204316	229988	4165	4155	4424	0	4422	1	1	3	37323	1072	2544	1078	2546
396cfc92	HI_1_13_0	27	instruments	full-L2	L8+LM+L3a+L6a+L6b+L4a+LS+L1a+LP+L7+L9	L8+L3a+L6b+L4a+LS+L1a+LP+L7+L9	oui	0	19	13	32052	24146	24131	182289	182191	234193	6517	6220	2290	972	2291	979	13	7282	22472	2	4580	2	4579
396cfc92	HI_1_13_0	27	instruments	full-L2-L9	L8+LM+L3a+L6a+L6b+L4a+LS+L1a+LP+L7	L8+L3a+L6b+L4a+LS+L1a+LP+L7	oui	0	19	13	32052	24146	24131	182289	182191	234193	6517	6220	2290	972	2291	979	13	7282	22472	2	4580	2	4579
396cfc92	HI_1_13_0	27	instruments	full-L3a	L8+L2+LM+L6a+L6b+L4a+LS+L1a+LP+L7+L9	L8+L2+L6b+L4a+LS+L1a+LP+L7+L9	oui	0	24	13	32052	29050	29042	223081	223022	236887	1990	1835	6581	359	6582	359	7	3629	59680	1051	725	1058	724
396cfc92	HI_1_13_0	27	instruments	full-L3a-L9	L8+L2+LM+L6a+L6b+L4a+LS+L1a+LP+L7	L8+L2+L6b+L4a+LS+L1a+LP+L7	oui	0	24	13	32052	29050	29042	223081	223022	236887	1990	1835	6581	359	6582	359	7	3629	59680	1051	725	1058	724
396cfc92	HI_1_13_0	27	instruments	full-L4a	L8+L2+LM+L3a+L6a+L6b+LS+L1a+LP+L7+L9	L8+L2+L3a+L6b+LS+L1a+LP+L7+L9	oui	0	20	13	32052	27858	27846	213557	213478	235919	2238	1801	6663	1633	6664	1637	11	13550	60027	5	871	5	867
396cfc92	HI_1_13_0	27	instruments	full-L4a-L9	L8+L2+LM+L3a+L6a+L6b+LS+L1a+LP+L7	L8+L2+L3a+L6b+LS+L1a+LP+L7	oui	0	20	13	32052	27858	27846	213557	213478	235919	2238	1801	6663	1633	6664	1637	11	13550	60027	5	871	5	867
396cfc92	HI_1_13_0	27	instruments	full-L6a	L8+L2+LM+L3a+L6b+L4a+LS+L1a+LP+L7+L9	L8+L2+L3a+L6b+L4a+LS+L1a+LP+L7+L9	non (identique par construction a full)	0	20	13	32052	28724	28708	222052	221953	238089	1988	1690	6870	974	6870	981	13	7296	62248	0	0	0	0
396cfc92	HI_1_13_0	27	instruments	full-L6a-L9	L8+L2+LM+L3a+L6b+L4a+LS+L1a+LP+L7	L8+L2+L3a+L6b+L4a+LS+L1a+LP+L7	non (identique par construction a full-L9)	0	20	13	32052	28724	28708	222052	221953	238089	1988	1690	6870	974	6870	981	13	7296	62248	0	0	0	0
396cfc92	HI_1_13_0	27	instruments	full-L6b	L8+L2+LM+L3a+L6a+L4a+LS+L1a+LP+L7+L9	L8+L2+L3a+L4a+LS+L1a+LP+L7+L9	oui	0	20	13	32052	28724	28708	222052	221953	238089	1988	1690	6870	974	6870	981	13	7296	62248	0	0	0	0
396cfc92	HI_1_13_0	27	instruments	full-L6b-L9	L8+L2+LM+L3a+L6a+L4a+LS+L1a+LP+L7	L8+L2+L3a+L4a+LS+L1a+LP+L7	oui	0	20	13	32052	28724	28708	222052	221953	238089	1988	1690	6870	974	6870	981	13	7296	62248	0	0	0	0
396cfc92	HI_1_13_0	27	instruments	full-L7	L8+L2+LM+L3a+L6a+L6b+L4a+LS+L1a+LP+L9	L8+L2+L3a+L6b+L4a+LS+L1a+LP+L9	oui	0	24	13	32052	29904	29903	231140	231140	239503	1520	1507	7083	7	7084	0	0	0	64123	1182	2	1195	0
396cfc92	HI_1_13_0	27	instruments	full-L7-L9	L8+L2+LM+L3a+L6a+L6b+L4a+LS+L1a+LP	L8+L2+L3a+L6b+L4a+LS+L1a+LP	oui	0	24	13	32052	29904	29903	231140	231140	239503	1520	1507	7083	7	7084	0	0	0	64123	1182	2	1195	0
396cfc92	HI_1_13_0	27	instruments	full-L8	L2+LM+L3a+L6a+L6b+L4a+LS+L1a+LP+L7+L9	L2+L3a+L6b+L4a+LS+L1a+LP+L7+L9	oui	0	20	13	32052	28724	28708	222052	221953	238096	1988	1691	6870	974	6870	981	13	7296	62248	0	0	0	0
396cfc92	HI_1_13_0	27	instruments	full-L8-L9	L2+LM+L3a+L6a+L6b+L4a+LS+L1a+LP+L7	L2+L3a+L6b+L4a+LS+L1a+LP+L7	oui	0	20	13	32052	28724	28708	222052	221953	238096	1988	1691	6870	974	6870	981	13	7296	62248	0	0	0	0
396cfc92	HI_1_13_0	27	instruments	full-L9	L8+L2+LM+L3a+L6a+L6b+L4a+LS+L1a+LP+L7	L8+L2+L3a+L6b+L4a+LS+L1a+LP+L7	oui	0	20	13	32052	28724	28708	222052	221953	238089	1988	1690	6870	974	6870	981	13	7296	62248	0	0	0	0
396cfc92	HI_1_13_0	27	instruments	full-LM	L8+L2+L3a+L6a+L6b+L4a+LS+L1a+LP+L7+L9	L8+L2+L3a+L6b+L4a+LS+L1a+LP+L7+L9	non (identique par construction a full)	0	20	13	32052	28724	28708	222052	221953	238089	1988	1690	6870	974	6870	981	13	7296	62248	0	0	0	0
396cfc92	HI_1_13_0	27	instruments	full-LM-L9	L8+L2+L3a+L6a+L6b+L4a+LS+L1a+LP+L7	L8+L2+L3a+L6b+L4a+LS+L1a+LP+L7	non (identique par construction a full-L9)	0	20	13	32052	28724	28708	222052	221953	238089	1988	1690	6870	974	6870	981	13	7296	62248	0	0	0	0
396cfc92	HI_1_13_0	27	instruments	full-LP	L8+L2+LM+L3a+L6a+L6b+L4a+LS+L1a+L7+L9	L8+L2+L3a+L6b+L4a+LS+L1a+L7+L9	oui	0	20	0	32052	28724	28708	222052	221953	238089	1988	1690	6870	974	6870	981	13	7296	62248	0	0	0	0
396cfc92	HI_1_13_0	27	instruments	full-LP-L9	L8+L2+LM+L3a+L6a+L6b+L4a+LS+L1a+L7	L8+L2+L3a+L6b+L4a+LS+L1a+L7	oui	0	20	0	32052	28724	28708	222052	221953	238089	1988	1690	6870	974	6870	981	13	7296	62248	0	0	0	0
396cfc92	HI_1_13_0	27	instruments	full-LS	L8+L2+LM+L3a+L6a+L6b+L4a+L1a+LP+L7+L9	L8+L2+L3a+L6b+L4a+L1a+LP+L7+L9	oui	0	20	13	32052	28724	28708	222052	221953	238089	1988	1690	6870	974	6870	981	13	7296	62248	0	0	0	0
396cfc92	HI_1_13_0	27	instruments	full-LS-L9	L8+L2+LM+L3a+L6a+L6b+L4a+L1a+LP+L7	L8+L2+L3a+L6b+L4a+L1a+LP+L7	oui	0	20	13	32052	28724	28708	222052	221953	238089	1988	1690	6870	974	6870	981	13	7296	62248	0	0	0	0
396cfc92	HI_1_13_0	27	instruments	reference	aucun	aucun	oui	0	0	0	32052	22828	22819	166999	166984	225495	8362	8355	0	0	0	0	0	0	0	974	6870	981	6870
4f77afc1	HI_1_13_0	27	instruments	L1a	L1a	L1a	oui	0	55	0	35499	23027	23015	563763	563760	741607	8697	8930	1162	1045	1346	307	0	8247	34094	3448	3970	3456	3963
4f77afc1	HI_1_13_0	27	instruments	L1a-ref	L1a-ref	L1a-ref	oui	0	55	0	35499	23027	23015	563763	563760	741607	8697	8930	1162	1045	1346	307	0	8247	34094	3448	3970	3456	3963
4f77afc1	HI_1_13_0	27	instruments	L2	L2	L2	oui	0	0	0	35499	23411	22453	557820	551893	738844	9290	9643	501	0	480	3	3	0	13846	4137	4275	3420	4489
4f77afc1	HI_1_13_0	27	instruments	L3a	L3a	L3a	oui	0	0	0	35499	23940	22968	574612	568536	749991	8771	9137	1031	1	997	5	5	61	30711	4124	3733	3384	3938
4f77afc1	HI_1_13_0	27	instruments	L4a	L4a	L4a	oui	0	0	0	35499	23506	22572	562595	556779	742009	9101	9409	596	0	599	3	3	23	18684	4203	4246	3497	4447
4f77afc1	HI_1_13_0	27	instruments	L6a	L6a	aucun	non (identique par construction a reference)	0	0	0	35499	22910	21976	543450	537801	735384	9535	9890	0	0	0	0	0	0	0	4065	4704	3365	4911
4f77afc1	HI_1_13_0	27	instruments	L6a+WO	L6a+WO	WO	non (identique par construction a WO)	0	0	0	35499	22902	21966	543625	537806	735560	9535	9885	64	72	10	20	20	62	62	4062	4709	3366	4922
4f77afc1	HI_1_13_0	27	instruments	L6b	L6b	L6b	oui	0	0	0	35499	22976	22041	545323	539656	735949	9482	9853	66	0	65	0	0	0	1855	4125	4698	3423	4904
4f77afc1	HI_1_13_0	27	instruments	L6b-flock	L6b-flock	L6b-flock	oui	0	0	0	35499	22910	21976	543450	537801	735384	9535	9890	0	0	0	0	0	0	0	4065	4704	3365	4911
4f77afc1	HI_1_13_0	27	instruments	L7	L7	L7	oui	0	0	0	35499	22303	21272	521065	515357	709870	9372	9731	270	877	260	964	99	28577	7168	4032	5278	3323	5573
4f77afc1	HI_1_13_0	27	instruments	L8	L8	L8	oui	0	0	0	35499	22910	21976	543448	537801	735382	9535	9891	1	1	0	0	0	0	0	4065	4704	3365	4911
4f77afc1	HI_1_13_0	27	instruments	L8+LS	L8+LS	L8+LS	oui	0	0	0	35499	22910	21976	543448	537801	735382	9535	9891	1	1	0	0	0	0	0	4065	4704	3365	4911
4f77afc1	HI_1_13_0	27	instruments	L9	L9	L9	oui	20	0	0	35499	23860	22924	572658	566695	775845	8612	8959	950	0	950	2	2	0	28754	4207	3896	3499	4097
4f77afc1	HI_1_13_0	27	instruments	LM	LM	aucun	non (identique par construction a reference)	0	0	0	35499	22910	21976	543450	537801	735384	9535	9890	0	0	0	0	0	0	0	4065	4704	3365	4911
4f77afc1	HI_1_13_0	27	instruments	LM+L6a	LM+L6a	aucun	non (identique par construction a reference)	0	0	0	35499	22910	21976	543450	537801	735384	9535	9890	0	0	0	0	0	0	0	4065	4704	3365	4911
4f77afc1	HI_1_13_0	27	instruments	LP	LP	LP	oui	0	0	216	35499	22910	21976	543450	537801	735384	9535	9890	0	0	0	0	0	0	0	4065	4704	3365	4911
4f77afc1	HI_1_13_0	27	instruments	LS	LS	LS	oui	0	0	0	35499	22910	21976	543450	537801	735384	9535	9890	0	0	0	0	0	0	0	4065	4704	3365	4911
4f77afc1	HI_1_13_0	27	instruments	WO	WO	WO	oui	0	0	0	35499	22902	21966	543625	537806	735560	9535	9885	64	72	10	20	20	62	62	4062	4709	3366	4922
4f77afc1	HI_1_13_0	27	instruments	full	L8+L2+LM+L3a+L6a+L6b+L4a+LS+L1a+LP+L7+L9	L8+L2+L3a+L6b+L4a+LS+L1a+LP+L7+L9	oui	19	55	216	35499	23549	23522	580930	580586	716736	6025	5937	4704	4065	4911	3365	8	97933	143542	0	0	0	0
4f77afc1	HI_1_13_0	27	instruments	full+WO	L8+L2+LM+L3a+L6a+L6b+L4a+LS+L1a+LP+L7+L9+WO	L8+L2+L3a+L6b+L4a+LS+L1a+LP+L7+L9+WO	oui	19	55	216	35499	23600	23571	582734	582391	717902	6012	5922	4708	4018	4913	3318	9	96203	143617	53	2	50	1
4f77afc1	HI_1_13_0	27	instruments	full+WO-L9	L8+L2+LM+L3a+L6a+L6b+L4a+LS+L1a+LP+L7+WO	L8+L2+L3a+L6b+L4a+LS+L1a+LP+L7+WO	oui	0	55	216	35499	22498	22469	549653	549310	686773	7413	7326	3621	4033	3811	3318	9	96203	110730	53	1104	50	1103
4f77afc1	HI_1_13_0	27	instruments	full-L1a	L8+L2+LM+L3a+L6a+L6b+L4a+LS+LP+L7+L9	L8+L2+L3a+L6b+L4a+LS+LP+L7+L9	oui	20	0	216	35499	26627	25535	653838	646394	786676	5903	6241	4638	921	4586	1027	118	30391	138778	4721	1643	3935	1922
4f77afc1	HI_1_13_0	27	instruments	full-L1a-L9	L8+L2+LM+L3a+L6a+L6b+L4a+LS+LP+L7	L8+L2+L3a+L6b+L4a+LS+LP+L7	oui	0	0	216	35499	25240	24145	611742	604797	741662	7221	7576	3251	921	3194	1025	116	30391	97437	4419	2728	3644	3021
4f77afc1	HI_1_13_0	27	instruments	full-L2	L8+LM+L3a+L6a+L6b+L4a+LS+L1a+LP+L7+L9	L8+L3a+L6b+L4a+LS+L1a+LP+L7+L9	oui	19	56	216	35499	22536	22520	550028	549709	707895	6799	6706	3664	4038	3861	3317	8	96203	111420	50	1063	54	1056
4f77afc1	HI_1_13_0	27	instruments	full-L2-L9	L8+LM+L3a+L6a+L6b+L4a+LS+L1a+LP+L7	L8+L3a+L6b+L4a+LS+L1a+LP+L7	oui	0	56	216	35499	21584	21568	521127	520808	677699	8065	7976	2725	4051	2909	3317	8	96203	82693	50	2015	54	2008
4f77afc1	HI_1_13_0	27	instruments	full-L3a	L8+L2+LM+L6a+L6b+L4a+LS+L1a+LP+L7+L9	L8+L2+L6b+L4a+LS+L1a+LP+L7+L9	oui	19	54	216	35499	22068	22025	535407	534972	699111	7172	7101	3208	4050	3397	3348	8	97346	97572	32	1513	17	1514
4f77afc1	HI_1_13_0	27	instruments	full-L3a-L9	L8+L2+LM+L6a+L6b+L4a+LS+L1a+LP+L7	L8+L2+L6b+L4a+LS+L1a+LP+L7	oui	0	54	216	35499	21214	21171	509113	508678	669797	8332	8265	2363	4059	2543	3348	8	97346	71452	32	2367	17	2368
4f77afc1	HI_1_13_0	27	instruments	full-L4a	L8+L2+LM+L3a+L6a+L6b+LS+L1a+LP+L7+L9	L8+L2+L3a+L6b+LS+L1a+LP+L7+L9	oui	19	55	216	35499	22249	22222	538356	538012	702531	7086	7015	3423	4084	3611	3365	8	97933	101688	0	1300	0	1300
4f77afc1	HI_1_13_0	27	instruments	full-L4a-L9	L8+L2+LM+L3a+L6a+L6b+LS+L1a+LP+L7	L8+L2+L3a+L6b+LS+L1a+LP+L7	oui	0	55	216	35499	21153	21126	505512	505168	671517	8485	8417	2342	4099	2515	3365	8	97933	69009	0	2396	0	2396
4f77afc1	HI_1_13_0	27	instruments	full-L6a	L8+L2+LM+L3a+L6b+L4a+LS+L1a+LP+L7+L9	L8+L2+L3a+L6b+L4a+LS+L1a+LP+L7+L9	non (identique par construction a full)	19	55	216	35499	23549	23522	580930	580586	716736	6025	5937	4704	4065	4911	3365	8	97933	143542	0	0	0	0
4f77afc1	HI_1_13_0	27	instruments	full-L6a-L9	L8+L2+LM+L3a+L6b+L4a+LS+L1a+LP+L7	L8+L2+L3a+L6b+L4a+LS+L1a+LP+L7	non (identique par construction a full-L9)	0	55	216	35499	22447	22420	547844	547500	685602	7425	7341	3617	4080	3809	3365	8	97933	110655	0	1102	0	1102
4f77afc1	HI_1_13_0	27	instruments	full-L6b	L8+L2+LM+L3a+L6a+L4a+LS+L1a+LP+L7+L9	L8+L2+L3a+L4a+LS+L1a+LP+L7+L9	oui	19	55	216	35499	23549	23522	580930	580586	716736	6026	5938	4704	4065	4911	3365	8	97933	143542	0	0	0	0
4f77afc1	HI_1_13_0	27	instruments	full-L6b-L9	L8+L2+LM+L3a+L6a+L4a+LS+L1a+LP+L7	L8+L2+L3a+L4a+LS+L1a+LP+L7	oui	0	55	216	35499	22447	22420	547844	547500	685602	7426	7342	3617	4080	3809	3365	8	97933	110655	0	1102	0	1102
4f77afc1	HI_1_13_0	27	instruments	full-L7	L8+L2+LM+L3a+L6a+L6b+L4a+LS+L1a+LP+L9	L8+L2+L3a+L6b+L4a+LS+L1a+LP+L9	oui	20	55	216	35499	27955	27941	714818	714792	825838	4706	4888	5757	712	6002	37	0	1033	176580	4505	99	4518	99
4f77afc1	HI_1_13_0	27	instruments	full-L7-L9	L8+L2+LM+L3a+L6a+L6b+L4a+LS+L1a+LP	L8+L2+L3a+L6b+L4a+LS+L1a+LP	oui	0	55	216	35499	26454	26440	670347	670321	779676	6124	6314	4280	736	4501	37	0	1033	132365	4106	1201	4119	1201
4f77afc1	HI_1_13_0	27	instruments	full-L8	L2+LM+L3a+L6a+L6b+L4a+LS+L1a+LP+L7+L9	L2+L3a+L6b+L4a+LS+L1a+LP+L7+L9	oui	19	55	216	35499	23549	23522	580930	580586	716737	6026	5937	4704	4065	4911	3365	8	97933	143542	0	0	0	0
4f77afc1	HI_1_13_0	27	instruments	full-L8-L9	L2+LM+L3a+L6a+L6b+L4a+LS+L1a+LP+L7	L2+L3a+L6b+L4a+LS+L1a+LP+L7	oui	0	55	216	35499	22447	22420	547844	547500	685603	7426	7341	3617	4080	3809	3365	8	97933	110655	0	1102	0	1102
4f77afc1	HI_1_13_0	27	instruments	full-L9	L8+L2+LM+L3a+L6a+L6b+L4a+LS+L1a+LP+L7	L8+L2+L3a+L6b+L4a+LS+L1a+LP+L7	oui	0	55	216	35499	22447	22420	547844	547500	685602	7425	7341	3617	4080	3809	3365	8	97933	110655	0	1102	0	1102
4f77afc1	HI_1_13_0	27	instruments	full-LM	L8+L2+L3a+L6a+L6b+L4a+LS+L1a+LP+L7+L9	L8+L2+L3a+L6b+L4a+LS+L1a+LP+L7+L9	non (identique par construction a full)	19	55	216	35499	23549	23522	580930	580586	716736	6025	5937	4704	4065	4911	3365	8	97933	143542	0	0	0	0
4f77afc1	HI_1_13_0	27	instruments	full-LM-L9	L8+L2+L3a+L6a+L6b+L4a+LS+L1a+LP+L7	L8+L2+L3a+L6b+L4a+LS+L1a+LP+L7	non (identique par construction a full-L9)	0	55	216	35499	22447	22420	547844	547500	685602	7425	7341	3617	4080	3809	3365	8	97933	110655	0	1102	0	1102
4f77afc1	HI_1_13_0	27	instruments	full-LP	L8+L2+LM+L3a+L6a+L6b+L4a+LS+L1a+L7+L9	L8+L2+L3a+L6b+L4a+LS+L1a+L7+L9	oui	19	55	0	35499	23549	23522	580930	580586	716736	6026	5937	4704	4065	4911	3365	8	97933	143542	0	0	0	0
4f77afc1	HI_1_13_0	27	instruments	full-LP-L9	L8+L2+LM+L3a+L6a+L6b+L4a+LS+L1a+L7	L8+L2+L3a+L6b+L4a+LS+L1a+L7	oui	0	55	0	35499	22447	22420	547844	547500	685602	7426	7341	3617	4080	3809	3365	8	97933	110655	0	1102	0	1102
4f77afc1	HI_1_13_0	27	instruments	full-LS	L8+L2+LM+L3a+L6a+L6b+L4a+L1a+LP+L7+L9	L8+L2+L3a+L6b+L4a+L1a+LP+L7+L9	oui	19	55	216	35499	23549	23522	580930	580586	716736	6018	5934	4704	4065	4911	3365	8	97933	143542	0	0	0	0
4f77afc1	HI_1_13_0	27	instruments	full-LS-L9	L8+L2+LM+L3a+L6a+L6b+L4a+L1a+LP+L7	L8+L2+L3a+L6b+L4a+L1a+LP+L7	oui	0	55	216	35499	22447	22420	547844	547500	685602	7418	7338	3617	4080	3809	3365	8	97933	110655	0	1102	0	1102
4f77afc1	HI_1_13_0	27	instruments	reference	aucun	aucun	oui	0	0	0	35499	22910	21976	543450	537801	735384	9535	9890	0	0	0	0	0	0	0	4065	4704	3365	4911
50247b26	version-31	20	instruments	L1a	L1a	L1a	oui	0	25	0	17919	148	148	274	274	319049	13780	10706	5	10	5	0	0	0	0	0	1	0	1
50247b26	version-31	20	instruments	L1a-ref	L1a-ref	L1a-ref	oui	0	25	0	17919	148	148	274	274	319049	13780	10706	5	10	5	0	0	0	0	0	1	0	1
50247b26	version-31	20	instruments	L2	L2	L2	oui	0	0	0	17919	154	144	301	298	319157	13856	10769	1	0	1	0	0	0	24	10	5	0	5
50247b26	version-31	20	instruments	L3a	L3a	L3a	oui	0	0	0	17919	153	143	277	274	320107	13821	10745	0	0	0	0	0	0	0	10	6	0	6
50247b26	version-31	20	instruments	L4a	L4a	L4a	oui	0	0	0	17919	153	143	277	274	319252	13851	10774	0	0	0	0	0	0	0	10	6	0	6
50247b26	version-31	20	instruments	L6a	L6a	aucun	non (identique par construction a reference)	0	0	0	17919	153	143	277	274	319053	13780	10708	0	0	0	0	0	0	0	10	6	0	6
50247b26	version-31	20	instruments	L6a+WO	L6a+WO	WO	non (identique par construction a WO)	0	0	0	17919	153	143	277	274	319054	13780	10711	0	0	0	0	0	0	0	10	6	0	6
50247b26	version-31	20	instruments	L6b	L6b	L6b	oui	0	0	0	17919	153	143	277	274	319053	13780	10708	0	0	0	0	0	0	0	10	6	0	6
50247b26	version-31	20	instruments	L6b-flock	L6b-flock	L6b-flock	oui	0	0	0	17919	153	143	277	274	319053	13780	10708	0	0	0	0	0	0	0	10	6	0	6
50247b26	version-31	20	instruments	L7	L7	L7	oui	0	0	0	17919	153	143	277	274	319053	13780	10708	0	0	0	0	0	0	0	10	6	0	6
50247b26	version-31	20	instruments	L8	L8	L8	oui	0	0	0	17919	153	143	277	274	319053	13780	10708	0	0	0	0	0	0	0	10	6	0	6
50247b26	version-31	20	instruments	L8+LS	L8+LS	L8+LS	oui	0	0	0	17919	153	143	277	274	319053	13780	10708	0	0	0	0	0	0	0	10	6	0	6
50247b26	version-31	20	instruments	L9	L9	L9	oui	0	0	0	17919	153	143	277	274	319053	13780	10708	0	0	0	0	0	0	0	10	6	0	6
50247b26	version-31	20	instruments	LM	LM	aucun	non (identique par construction a reference)	0	0	0	17919	153	143	277	274	319053	13780	10708	0	0	0	0	0	0	0	10	6	0	6
50247b26	version-31	20	instruments	LM+L6a	LM+L6a	aucun	non (identique par construction a reference)	0	0	0	17919	153	143	277	274	319053	13780	10708	0	0	0	0	0	0	0	10	6	0	6
50247b26	version-31	20	instruments	LP	LP	LP	oui	0	0	92	17919	153	143	277	274	319053	13780	10708	0	0	0	0	0	0	0	10	6	0	6
50247b26	version-31	20	instruments	LS	LS	LS	oui	0	0	0	17919	153	143	277	274	319053	13780	10708	0	0	0	0	0	0	0	10	6	0	6
50247b26	version-31	20	instruments	WO	WO	WO	oui	0	0	0	17919	153	143	277	274	319054	13780	10711	0	0	0	0	0	0	0	10	6	0	6
50247b26	version-31	20	instruments	full	L8+L2+LM+L3a+L6a+L6b+L4a+LS+L1a+LP+L7+L9	L8+L2+L3a+L6b+L4a+LS+L1a+LP+L7+L9	oui	0	25	92	17919	149	149	298	298	320285	13973	10870	6	10	6	0	0	0	24	0	0	0	0
50247b26	version-31	20	instruments	full+WO	L8+L2+LM+L3a+L6a+L6b+L4a+LS+L1a+LP+L7+L9+WO	L8+L2+L3a+L6b+L4a+LS+L1a+LP+L7+L9+WO	oui	0	25	92	17919	149	149	298	298	320304	13973	10873	6	10	6	0	0	0	24	0	0	0	0
50247b26	version-31	20	instruments	full+WO-L9	L8+L2+LM+L3a+L6a+L6b+L4a+LS+L1a+LP+L7+WO	L8+L2+L3a+L6b+L4a+LS+L1a+LP+L7+WO	oui	0	25	92	17919	149	149	298	298	320304	13973	10873	6	10	6	0	0	0	24	0	0	0	0
50247b26	version-31	20	instruments	full-L1a	L8+L2+LM+L3a+L6a+L6b+L4a+LS+LP+L7+L9	L8+L2+L3a+L6b+L4a+LS+LP+L7+L9	oui	0	0	92	17919	154	144	301	298	320410	13968	10872	1	0	1	0	0	0	24	10	5	0	5
50247b26	version-31	20	instruments	full-L1a-L9	L8+L2+LM+L3a+L6a+L6b+L4a+LS+LP+L7	L8+L2+L3a+L6b+L4a+LS+LP+L7	oui	0	0	92	17919	154	144	301	298	320410	13968	10872	1	0	1	0	0	0	24	10	5	0	5
50247b26	version-31	20	instruments	full-L2	L8+LM+L3a+L6a+L6b+L4a+LS+L1a+LP+L7+L9	L8+L3a+L6b+L4a+LS+L1a+LP+L7+L9	oui	0	25	92	17919	148	148	274	274	320190	13898	10809	5	10	5	0	0	0	0	0	1	0	1
50247b26	version-31	20	instruments	full-L2-L9	L8+LM+L3a+L6a+L6b+L4a+LS+L1a+LP+L7	L8+L3a+L6b+L4a+LS+L1a+LP+L7	oui	0	25	92	17919	148	148	274	274	320190	13898	10809	5	10	5	0	0	0	0	0	1	0	1
50247b26	version-31	20	instruments	full-L3a	L8+L2+LM+L6a+L6b+L4a+LS+L1a+LP+L7+L9	L8+L2+L6b+L4a+LS+L1a+LP+L7+L9	oui	0	25	92	17919	149	149	298	298	319231	13932	10833	6	10	6	0	0	0	24	0	0	0	0
50247b26	version-31	20	instruments	full-L3a-L9	L8+L2+LM+L6a+L6b+L4a+LS+L1a+LP+L7	L8+L2+L6b+L4a+LS+L1a+LP+L7	oui	0	25	92	17919	149	149	298	298	319231	13932	10833	6	10	6	0	0	0	24	0	0	0	0
50247b26	version-31	20	instruments	full-L4a	L8+L2+LM+L3a+L6a+L6b+LS+L1a+LP+L7+L9	L8+L2+L3a+L6b+LS+L1a+LP+L7+L9	oui	0	25	92	17919	149	149	298	298	320086	13902	10804	6	10	6	0	0	0	24	0	0	0	0
50247b26	version-31	20	instruments	full-L4a-L9	L8+L2+LM+L3a+L6a+L6b+LS+L1a+LP+L7	L8+L2+L3a+L6b+LS+L1a+LP+L7	oui	0	25	92	17919	149	149	298	298	320086	13902	10804	6	10	6	0	0	0	24	0	0	0	0
50247b26	version-31	20	instruments	full-L6a	L8+L2+LM+L3a+L6b+L4a+LS+L1a+LP+L7+L9	L8+L2+L3a+L6b+L4a+LS+L1a+LP+L7+L9	non (identique par construction a full)	0	25	92	17919	149	149	298	298	320285	13973	10870	6	10	6	0	0	0	24	0	0	0	0
50247b26	version-31	20	instruments	full-L6a-L9	L8+L2+LM+L3a+L6b+L4a+LS+L1a+LP+L7	L8+L2+L3a+L6b+L4a+LS+L1a+LP+L7	non (identique par construction a full-L9)	0	25	92	17919	149	149	298	298	320285	13973	10870	6	10	6	0	0	0	24	0	0	0	0
50247b26	version-31	20	instruments	full-L6b	L8+L2+LM+L3a+L6a+L4a+LS+L1a+LP+L7+L9	L8+L2+L3a+L4a+LS+L1a+LP+L7+L9	oui	0	25	92	17919	149	149	298	298	320285	13973	10870	6	10	6	0	0	0	24	0	0	0	0
50247b26	version-31	20	instruments	full-L6b-L9	L8+L2+LM+L3a+L6a+L4a+LS+L1a+LP+L7	L8+L2+L3a+L4a+LS+L1a+LP+L7	oui	0	25	92	17919	149	149	298	298	320285	13973	10870	6	10	6	0	0	0	24	0	0	0	0
50247b26	version-31	20	instruments	full-L7	L8+L2+LM+L3a+L6a+L6b+L4a+LS+L1a+LP+L9	L8+L2+L3a+L6b+L4a+LS+L1a+LP+L9	oui	0	25	92	17919	149	149	298	298	320406	13968	10870	6	10	6	0	0	0	24	0	0	0	0
50247b26	version-31	20	instruments	full-L7-L9	L8+L2+LM+L3a+L6a+L6b+L4a+LS+L1a+LP	L8+L2+L3a+L6b+L4a+LS+L1a+LP	oui	0	25	92	17919	149	149	298	298	320406	13968	10870	6	10	6	0	0	0	24	0	0	0	0
50247b26	version-31	20	instruments	full-L8	L2+LM+L3a+L6a+L6b+L4a+LS+L1a+LP+L7+L9	L2+L3a+L6b+L4a+LS+L1a+LP+L7+L9	oui	0	25	92	17919	149	149	298	298	320285	13973	10870	6	10	6	0	0	0	24	0	0	0	0
50247b26	version-31	20	instruments	full-L8-L9	L2+LM+L3a+L6a+L6b+L4a+LS+L1a+LP+L7	L2+L3a+L6b+L4a+LS+L1a+LP+L7	oui	0	25	92	17919	149	149	298	298	320285	13973	10870	6	10	6	0	0	0	24	0	0	0	0
50247b26	version-31	20	instruments	full-L9	L8+L2+LM+L3a+L6a+L6b+L4a+LS+L1a+LP+L7	L8+L2+L3a+L6b+L4a+LS+L1a+LP+L7	oui	0	25	92	17919	149	149	298	298	320285	13973	10870	6	10	6	0	0	0	24	0	0	0	0
50247b26	version-31	20	instruments	full-LM	L8+L2+L3a+L6a+L6b+L4a+LS+L1a+LP+L7+L9	L8+L2+L3a+L6b+L4a+LS+L1a+LP+L7+L9	non (identique par construction a full)	0	25	92	17919	149	149	298	298	320285	13973	10870	6	10	6	0	0	0	24	0	0	0	0
50247b26	version-31	20	instruments	full-LM-L9	L8+L2+L3a+L6a+L6b+L4a+LS+L1a+LP+L7	L8+L2+L3a+L6b+L4a+LS+L1a+LP+L7	non (identique par construction a full-L9)	0	25	92	17919	149	149	298	298	320285	13973	10870	6	10	6	0	0	0	24	0	0	0	0
50247b26	version-31	20	instruments	full-LP	L8+L2+LM+L3a+L6a+L6b+L4a+LS+L1a+L7+L9	L8+L2+L3a+L6b+L4a+LS+L1a+L7+L9	oui	0	25	0	17919	149	149	298	298	320285	13973	10870	6	10	6	0	0	0	24	0	0	0	0
50247b26	version-31	20	instruments	full-LP-L9	L8+L2+LM+L3a+L6a+L6b+L4a+LS+L1a+L7	L8+L2+L3a+L6b+L4a+LS+L1a+L7	oui	0	25	0	17919	149	149	298	298	320285	13973	10870	6	10	6	0	0	0	24	0	0	0	0
50247b26	version-31	20	instruments	full-LS	L8+L2+LM+L3a+L6a+L6b+L4a+L1a+LP+L7+L9	L8+L2+L3a+L6b+L4a+L1a+LP+L7+L9	oui	0	25	92	17919	149	149	298	298	320285	13973	10870	6	10	6	0	0	0	24	0	0	0	0
50247b26	version-31	20	instruments	full-LS-L9	L8+L2+LM+L3a+L6a+L6b+L4a+L1a+LP+L7	L8+L2+L3a+L6b+L4a+L1a+LP+L7	oui	0	25	92	17919	149	149	298	298	320285	13973	10870	6	10	6	0	0	0	24	0	0	0	0
50247b26	version-31	20	instruments	reference	aucun	aucun	oui	0	0	0	17919	153	143	277	274	319053	13780	10708	0	0	0	0	0	0	0	10	6	0	6
51ebbc0f	HI_1_13_0	27	instruments	L1a	L1a	L1a	oui	0	24	0	30666	10786	10772	66504	66421	91682	16123	15873	1052	113	1059	46	0	280	8100	946	11915	948	11922
51ebbc0f	HI_1_13_0	27	instruments	L1a-ref	L1a-ref	L1a-ref	oui	0	24	0	30666	10786	10772	66504	66421	91682	16123	15873	1052	113	1059	46	0	280	8100	946	11915	948	11922
51ebbc0f	HI_1_13_0	27	instruments	L2	L2	L2	oui	0	0	0	30666	9874	9786	58969	58804	88530	16932	16676	27	0	27	0	0	0	219	1005	12886	977	12937
51ebbc0f	HI_1_13_0	27	instruments	L3a	L3a	L3a	oui	0	0	0	30666	10043	9953	60351	60186	89822	17090	16836	196	0	194	0	0	0	1600	1075	12787	1047	12840
51ebbc0f	HI_1_13_0	27	instruments	L4a	L4a	L4a	oui	0	0	0	30666	9847	9759	58750	58585	88493	16929	16672	0	0	0	0	0	0	0	1004	12912	976	12963
51ebbc0f	HI_1_13_0	27	instruments	L6a	L6a	aucun	non (identique par construction a reference)	0	0	0	30666	9847	9759	58750	58585	88493	16929	16672	0	0	0	0	0	0	0	1004	12912	976	12963
51ebbc0f	HI_1_13_0	27	instruments	L6a+WO	L6a+WO	WO	non (identique par construction a WO)	0	0	0	30666	9845	9758	58752	58585	88495	16929	16674	10	12	0	1	1	0	0	1003	12913	976	12964
51ebbc0f	HI_1_13_0	27	instruments	L6b	L6b	L6b	oui	0	0	0	30666	9838	9759	58705	58581	88445	16924	16693	1	10	0	0	0	0	0	1004	12921	976	12963
51ebbc0f	HI_1_13_0	27	instruments	L6b-flock	L6b-flock	L6b-flock	oui	0	0	0	30666	9847	9759	58750	58585	88493	16929	16672	0	0	0	0	0	0	0	1004	12912	976	12963
51ebbc0f	HI_1_13_0	27	instruments	L7	L7	L7	oui	0	0	0	30666	8814	8727	50847	50691	79842	17311	16870	25	1058	26	1058	1	8106	212	1004	13945	976	13995
51ebbc0f	HI_1_13_0	27	instruments	L8	L8	L8	oui	0	0	0	30666	19872	19782	134621	134423	176478	7633	7653	10029	4	10023	0	0	0	75791	3058	4941	3024	4988
51ebbc0f	HI_1_13_0	27	instruments	L8+LS	L8+LS	L8+LS	oui	0	0	0	30666	24937	24838	179955	179713	207850	4870	4885	15090	0	15079	0	0	0	121081	6687	3505	6647	3555
51ebbc0f	HI_1_13_0	27	instruments	L9	L9	L9	oui	0	0	0	30666	9847	9759	58750	58585	88493	16929	16672	0	0	0	0	0	0	0	1004	12912	976	12963
51ebbc0f	HI_1_13_0	27	instruments	LM	LM	aucun	non (identique par construction a reference)	0	0	0	30666	9847	9759	58750	58585	88493	16929	16672	0	0	0	0	0	0	0	1004	12912	976	12963
51ebbc0f	HI_1_13_0	27	instruments	LM+L6a	LM+L6a	aucun	non (identique par construction a reference)	0	0	0	30666	9847	9759	58750	58585	88493	16929	16672	0	0	0	0	0	0	0	1004	12912	976	12963
51ebbc0f	HI_1_13_0	27	instruments	LP	LP	LP	oui	0	0	60	30666	9845	9759	58732	58585	88471	16939	16684	0	2	0	0	0	0	0	1004	12914	976	12963
51ebbc0f	HI_1_13_0	27	instruments	LS	LS	LS	oui	0	0	0	30666	13236	13137	90197	89969	110540	15968	15695	3389	0	3378	0	0	0	31374	2918	11437	2883	11492
51ebbc0f	HI_1_13_0	27	instruments	WO	WO	WO	oui	0	0	0	30666	9845	9758	58752	58585	88495	16929	16674	10	12	0	1	1	0	0	1003	12913	976	12964
51ebbc0f	HI_1_13_0	27	instruments	full	L8+L2+LM+L3a+L6a+L6b+L4a+LS+L1a+LP+L7+L9	L8+L2+L3a+L6b+L4a+LS+L1a+LP+L7+L9	oui	0	26	60	30666	21755	21746	153981	153924	196382	7068	7000	12912	1004	12963	976	3	7789	103136	0	0	0	0
51ebbc0f	HI_1_13_0	27	instruments	full+WO	L8+L2+LM+L3a+L6a+L6b+L4a+LS+L1a+LP+L7+L9+WO	L8+L2+L3a+L6b+L4a+LS+L1a+LP+L7+L9+WO	oui	0	26	60	30666	21755	21746	153981	153924	196381	7068	7000	12912	1004	12963	976	3	7789	103136	0	0	0	0
51ebbc0f	HI_1_13_0	27	instruments	full+WO-L9	L8+L2+LM+L3a+L6a+L6b+L4a+LS+L1a+LP+L7+WO	L8+L2+L3a+L6b+L4a+LS+L1a+LP+L7+WO	oui	0	26	60	30666	21755	21746	153981	153924	196381	7068	7000	12912	1004	12963	976	3	7789	103136	0	0	0	0
51ebbc0f	HI_1_13_0	27	instruments	full-L1a	L8+L2+LM+L3a+L6a+L6b+L4a+LS+LP+L7+L9	L8+L2+L3a+L6b+L4a+LS+LP+L7+L9	oui	0	0	60	30666	25679	25578	186880	186645	211785	4554	4569	15832	0	15819	0	0	0	128012	6947	3023	6905	3073
51ebbc0f	HI_1_13_0	27	instruments	full-L1a-L9	L8+L2+LM+L3a+L6a+L6b+L4a+LS+LP+L7	L8+L2+L3a+L6b+L4a+LS+LP+L7	oui	0	0	60	30666	25679	25578	186880	186645	211785	4554	4569	15832	0	15819	0	0	0	128012	6947	3023	6905	3073
51ebbc0f	HI_1_13_0	27	instruments	full-L2	L8+LM+L3a+L6a+L6b+L4a+LS+L1a+LP+L7+L9	L8+L3a+L6b+L4a+LS+L1a+LP+L7+L9	oui	0	26	60	30666	21664	21655	153233	153176	196063	7075	7007	12821	1004	12872	976	3	7789	102388	0	91	0	91
51ebbc0f	HI_1_13_0	27	instruments	full-L2-L9	L8+LM+L3a+L6a+L6b+L4a+LS+L1a+LP+L7	L8+L3a+L6b+L4a+LS+L1a+LP+L7	oui	0	26	60	30666	21664	21655	153233	153176	196063	7075	7007	12821	1004	12872	976	3	7789	102388	0	91	0	91
51ebbc0f	HI_1_13_0	27	instruments	full-L3a	L8+L2+LM+L6a+L6b+L4a+LS+L1a+LP+L7+L9	L8+L2+L6b+L4a+LS+L1a+LP+L7+L9	oui	0	26	60	30666	21316	21307	149632	149575	193207	7209	7131	12473	1004	12524	976	3	7789	98788	8	447	8	447
51ebbc0f	HI_1_13_0	27	instruments	full-L3a-L9	L8+L2+LM+L6a+L6b+L4a+LS+L1a+LP+L7	L8+L2+L6b+L4a+LS+L1a+LP+L7	oui	0	26	60	30666	21316	21307	149632	149575	193207	7209	7131	12473	1004	12524	976	3	7789	98788	8	447	8	447
51ebbc0f	HI_1_13_0	27	instruments	full-L4a	L8+L2+LM+L3a+L6a+L6b+LS+L1a+LP+L7+L9	L8+L2+L3a+L6b+LS+L1a+LP+L7+L9	oui	0	26	60	30666	21755	21746	153981	153924	196382	7067	6999	12912	1004	12963	976	3	7789	103136	0	0	0	0
51ebbc0f	HI_1_13_0	27	instruments	full-L4a-L9	L8+L2+LM+L3a+L6a+L6b+LS+L1a+LP+L7	L8+L2+L3a+L6b+LS+L1a+LP+L7	oui	0	26	60	30666	21755	21746	153981	153924	196382	7067	6999	12912	1004	12963	976	3	7789	103136	0	0	0	0
51ebbc0f	HI_1_13_0	27	instruments	full-L6a	L8+L2+LM+L3a+L6b+L4a+LS+L1a+LP+L7+L9	L8+L2+L3a+L6b+L4a+LS+L1a+LP+L7+L9	non (identique par construction a full)	0	26	60	30666	21755	21746	153981	153924	196382	7068	7000	12912	1004	12963	976	3	7789	103136	0	0	0	0
51ebbc0f	HI_1_13_0	27	instruments	full-L6a-L9	L8+L2+LM+L3a+L6b+L4a+LS+L1a+LP+L7	L8+L2+L3a+L6b+L4a+LS+L1a+LP+L7	non (identique par construction a full-L9)	0	26	60	30666	21755	21746	153981	153924	196382	7068	7000	12912	1004	12963	976	3	7789	103136	0	0	0	0
51ebbc0f	HI_1_13_0	27	instruments	full-L6b	L8+L2+LM+L3a+L6a+L4a+LS+L1a+LP+L7+L9	L8+L2+L3a+L4a+LS+L1a+LP+L7+L9	oui	0	26	60	30666	21755	21746	153981	153924	196382	7068	7000	12912	1004	12963	976	3	7789	103136	0	0	0	0
51ebbc0f	HI_1_13_0	27	instruments	full-L6b-L9	L8+L2+LM+L3a+L6a+L4a+LS+L1a+LP+L7	L8+L2+L3a+L4a+LS+L1a+LP+L7	oui	0	26	60	30666	21755	21746	153981	153924	196382	7068	7000	12912	1004	12963	976	3	7789	103136	0	0	0	0
51ebbc0f	HI_1_13_0	27	instruments	full-L7	L8+L2+LM+L3a+L6a+L6b+L4a+LS+L1a+LP+L9	L8+L2+L3a+L6b+L4a+LS+L1a+LP+L9	oui	0	26	60	30666	28902	28900	217869	217849	223827	1327	1306	19067	12	19141	0	0	0	159190	7175	28	7182	28
51ebbc0f	HI_1_13_0	27	instruments	full-L7-L9	L8+L2+LM+L3a+L6a+L6b+L4a+LS+L1a+LP	L8+L2+L3a+L6b+L4a+LS+L1a+LP	oui	0	26	60	30666	28902	28900	217869	217849	223827	1327	1306	19067	12	19141	0	0	0	159190	7175	28	7182	28
51ebbc0f	HI_1_13_0	27	instruments	full-L8	L2+LM+L3a+L6a+L6b+L4a+LS+L1a+LP+L7+L9	L2+L3a+L6b+L4a+LS+L1a+LP+L7+L9	oui	0	15	60	30666	10831	10810	69727	69666	98791	17599	17144	2210	1226	2229	1178	5	8601	19725	703	11627	701	11637
51ebbc0f	HI_1_13_0	27	instruments	full-L8-L9	L2+LM+L3a+L6a+L6b+L4a+LS+L1a+LP+L7	L2+L3a+L6b+L4a+LS+L1a+LP+L7	oui	0	15	60	30666	10831	10810	69727	69666	98791	17599	17144	2210	1226	2229	1178	5	8601	19725	703	11627	701	11637
51ebbc0f	HI_1_13_0	27	instruments	full-L9	L8+L2+LM+L3a+L6a+L6b+L4a+LS+L1a+LP+L7	L8+L2+L3a+L6b+L4a+LS+L1a+LP+L7	oui	0	26	60	30666	21755	21746	153981	153924	196382	7068	7000	12912	1004	12963	976	3	7789	103136	0	0	0	0
51ebbc0f	HI_1_13_0	27	instruments	full-LM	L8+L2+L3a+L6a+L6b+L4a+LS+L1a+LP+L7+L9	L8+L2+L3a+L6b+L4a+LS+L1a+LP+L7+L9	non (identique par construction a full)	0	26	60	30666	21755	21746	153981	153924	196382	7068	7000	12912	1004	12963	976	3	7789	103136	0	0	0	0
51ebbc0f	HI_1_13_0	27	instruments	full-LM-L9	L8+L2+L3a+L6a+L6b+L4a+LS+L1a+LP+L7	L8+L2+L3a+L6b+L4a+LS+L1a+LP+L7	non (identique par construction a full-L9)	0	26	60	30666	21755	21746	153981	153924	196382	7068	7000	12912	1004	12963	976	3	7789	103136	0	0	0	0
51ebbc0f	HI_1_13_0	27	instruments	full-LP	L8+L2+LM+L3a+L6a+L6b+L4a+LS+L1a+L7+L9	L8+L2+L3a+L6b+L4a+LS+L1a+L7+L9	oui	0	26	0	30666	21755	21746	153981	153924	196382	7068	7000	12912	1004	12963	976	3	7789	103136	0	0	0	0
51ebbc0f	HI_1_13_0	27	instruments	full-LP-L9	L8+L2+LM+L3a+L6a+L6b+L4a+LS+L1a+L7	L8+L2+L3a+L6b+L4a+LS+L1a+L7	oui	0	26	0	30666	21755	21746	153981	153924	196382	7068	7000	12912	1004	12963	976	3	7789	103136	0	0	0	0
51ebbc0f	HI_1_13_0	27	instruments	full-LS	L8+L2+LM+L3a+L6a+L6b+L4a+L1a+LP+L7+L9	L8+L2+L3a+L6b+L4a+L1a+LP+L7+L9	oui	0	26	60	30666	20271	20267	141335	141309	175939	6491	6515	11571	1147	11593	1085	3	8682	91399	6	1490	6	1485
51ebbc0f	HI_1_13_0	27	instruments	full-LS-L9	L8+L2+LM+L3a+L6a+L6b+L4a+L1a+LP+L7	L8+L2+L3a+L6b+L4a+L1a+LP+L7	oui	0	26	60	30666	20271	20267	141335	141309	175939	6491	6515	11571	1147	11593	1085	3	8682	91399	6	1490	6	1485
51ebbc0f	HI_1_13_0	27	instruments	reference	aucun	aucun	oui	0	0	0	30666	9847	9759	58750	58585	88493	16929	16672	0	0	0	0	0	0	0	1004	12912	976	12963
60ae07c4	HI_1_8_0	24	production:Live Fire - Ranked	L1a	L1a	L1a	oui	0	0	0	49696	13965	13828	83213	82888	268340	30282	29995	0	0	0	0	0	0	0	944	27839	890	27901
60ae07c4	HI_1_8_0	24	production:Live Fire - Ranked	L1a-ref	L1a-ref	L1a-ref	oui	0	0	0	49696	13965	13828	83213	82888	268340	30282	29995	0	0	0	0	0	0	0	944	27839	890	27901
60ae07c4	HI_1_8_0	24	production:Live Fire - Ranked	L2	L2	L2	oui	0	0	0	49696	13966	13828	83213	82888	268340	30281	29995	1	0	0	0	0	0	0	944	27838	890	27901
60ae07c4	HI_1_8_0	24	production:Live Fire - Ranked	L3a	L3a	L3a	oui	0	0	0	49696	14110	13972	84153	83827	271798	30666	30376	145	0	144	0	0	0	939	961	27711	907	27774
60ae07c4	HI_1_8_0	24	production:Live Fire - Ranked	L4a	L4a	L4a	oui	0	0	0	49696	13965	13828	83213	82888	268340	30282	29996	0	0	0	0	0	0	0	944	27839	890	27901
60ae07c4	HI_1_8_0	24	production:Live Fire - Ranked	L6a	L6a	L6a	oui	0	0	0	49696	15722	15618	94265	94188	269966	29937	29920	1806	49	1823	33	0	211	11498	1296	26434	1260	26481
60ae07c4	HI_1_8_0	24	production:Live Fire - Ranked	L6a+WO	L6a+WO	L6a+WO	oui	0	0	0	49696	15688	15590	94232	94164	269945	29973	29951	1821	98	1825	63	0	251	11514	1296	26468	1262	26511
60ae07c4	HI_1_8_0	24	production:Live Fire - Ranked	L6b	L6b	L6b	oui	0	0	0	49696	13976	13828	83206	82881	268332	30284	30017	19	8	8	8	1	7	0	944	27828	890	27901
60ae07c4	HI_1_8_0	24	production:Live Fire - Ranked	L6b-flock	L6b-flock	L6b-flock	oui	0	0	0	49696	13975	13828	83206	82881	268332	30285	30018	18	8	8	8	1	7	0	944	27829	890	27901
60ae07c4	HI_1_8_0	24	production:Live Fire - Ranked	L7	L7	L7	oui	0	0	0	49696	13688	13552	81222	80903	265482	30463	30184	1	278	0	276	0	1985	0	792	27964	738	28025
60ae07c4	HI_1_8_0	24	production:Live Fire - Ranked	L8	L8	L8	oui	0	0	0	49696	13965	13828	83213	82888	268340	30281	29995	0	0	0	0	0	0	0	944	27839	890	27901
60ae07c4	HI_1_8_0	24	production:Live Fire - Ranked	L8+LS	L8+LS	L8+LS	oui	0	0	0	49696	14614	14477	87585	87260	284073	32127	31823	649	0	649	0	0	0	4372	1022	27268	969	27331
60ae07c4	HI_1_8_0	24	production:Live Fire - Ranked	L9	L9	L9	oui	5	0	0	49696	14098	13961	84387	84062	268892	30149	29862	133	0	133	0	0	0	1174	946	27708	892	27770
60ae07c4	HI_1_8_0	24	production:Live Fire - Ranked	LM	LM	LM	oui	0	0	0	49696	32636	32506	236923	236605	316111	11838	11561	18757	86	18697	19	2	9	153596	2519	10743	2480	10813
60ae07c4	HI_1_8_0	24	production:Live Fire - Ranked	LM+L6a	LM+L6a	LM+L6a	oui	0	0	0	49696	36124	36022	263075	262973	321146	9764	9756	22241	82	22215	21	2	26	179946	3431	8167	3410	8227
60ae07c4	HI_1_8_0	24	production:Live Fire - Ranked	LP	LP	LP	oui	0	0	19	49696	13965	13828	83213	82888	268340	30282	29995	0	0	0	0	0	0	0	944	27839	890	27901
60ae07c4	HI_1_8_0	24	production:Live Fire - Ranked	LS	LS	LS	oui	0	0	0	49696	14614	14477	87585	87260	284073	32128	31823	649	0	649	0	0	0	4372	1022	27268	969	27331
60ae07c4	HI_1_8_0	24	production:Live Fire - Ranked	WO	WO	WO	oui	0	0	0	49696	13935	13798	83168	82848	268327	30287	29996	14	44	0	30	0	40	0	946	27871	890	27931
60ae07c4	HI_1_8_0	24	production:Live Fire - Ranked	controle:reference-instruments	aucun	aucun	oui	0	0	0	49696	13969	13828	83225	82888	268352	30283	29997	0	0	0	0	0	0	0	0	0	0	0
60ae07c4	HI_1_8_0	24	production:Live Fire - Ranked	full	L8+L2+LM+L3a+L6a+L6b+L4a+LS+L1a+LP+L7+L9	L8+L2+LM+L3a+L6a+L6b+L4a+LS+L1a+LP+L7+L9	oui	5	42	19	49696	40860	40839	302112	301999	333557	5352	4904	27839	944	27901	890	4	6240	225196	0	0	0	0
60ae07c4	HI_1_8_0	24	production:Live Fire - Ranked	full+WO	L8+L2+LM+L3a+L6a+L6b+L4a+LS+L1a+LP+L7+L9+WO	L8+L2+LM+L3a+L6a+L6b+L4a+LS+L1a+LP+L7+L9+WO	oui	5	42	19	49696	40923	40904	302755	302651	333691	5318	4857	27903	945	27966	890	3	6240	225848	65	2	66	1
60ae07c4	HI_1_8_0	24	production:Live Fire - Ranked	full+WO-L9	L8+L2+LM+L3a+L6a+L6b+L4a+LS+L1a+LP+L7+WO	L8+L2+LM+L3a+L6a+L6b+L4a+LS+L1a+LP+L7+WO	oui	0	42	19	49696	41313	41296	305563	305465	337409	5127	4765	28136	788	28200	732	1	5224	227624	684	231	687	230
60ae07c4	HI_1_8_0	24	production:Live Fire - Ranked	full-L1a	L8+L2+LM+L3a+L6a+L6b+L4a+LS+LP+L7+L9	L8+L2+LM+L3a+L6a+L6b+L4a+LS+LP+L7+L9	oui	5	0	19	49696	45168	45056	337601	337446	357792	3635	3600	31233	30	31235	7	2	19	254314	5117	809	5094	877
60ae07c4	HI_1_8_0	24	production:Live Fire - Ranked	full-L1a-L9	L8+L2+LM+L3a+L6a+L6b+L4a+LS+LP+L7	L8+L2+LM+L3a+L6a+L6b+L4a+LS+LP+L7	oui	0	0	19	49696	44922	44810	335291	335140	356918	3882	3847	30987	30	30989	7	2	19	252008	5100	1038	5077	1106
60ae07c4	HI_1_8_0	24	production:Live Fire - Ranked	full-L2	L8+LM+L3a+L6a+L6b+L4a+LS+L1a+LP+L7+L9	L8+LM+L3a+L6a+L6b+L4a+LS+L1a+LP+L7+L9	oui	5	42	19	49696	40857	40837	302102	301989	333557	5352	4903	27837	945	27899	890	3	6240	225186	0	3	0	2
60ae07c4	HI_1_8_0	24	production:Live Fire - Ranked	full-L2-L9	L8+LM+L3a+L6a+L6b+L4a+LS+L1a+LP+L7	L8+LM+L3a+L6a+L6b+L4a+LS+L1a+LP+L7	oui	0	42	19	49696	41247	41229	304910	304803	337275	5161	4812	28070	788	28133	732	1	5224	226962	619	232	621	231
60ae07c4	HI_1_8_0	24	production:Live Fire - Ranked	full-L3a	L8+L2+LM+L6a+L6b+L4a+LS+L1a+LP+L7+L9	L8+L2+LM+L6a+L6b+L4a+LS+L1a+LP+L7+L9	oui	5	42	19	49696	39663	39644	291543	291436	331865	6224	5879	26486	788	26548	732	2	5224	213595	617	1814	619	1814
60ae07c4	HI_1_8_0	24	production:Live Fire - Ranked	full-L3a-L9	L8+L2+LM+L6a+L6b+L4a+LS+L1a+LP+L7	L8+L2+LM+L6a+L6b+L4a+LS+L1a+LP+L7	oui	0	42	19	49696	39497	39478	290060	289953	331242	6392	6049	26320	788	26382	732	2	5224	212112	617	1980	619	1980
60ae07c4	HI_1_8_0	24	production:Live Fire - Ranked	full-L4a	L8+L2+LM+L3a+L6a+L6b+LS+L1a+LP+L7+L9	L8+L2+LM+L3a+L6a+L6b+LS+L1a+LP+L7+L9	oui	5	42	19	49696	40859	40838	302110	301997	333562	5352	4904	27838	944	27900	890	4	6240	225194	0	1	0	1
60ae07c4	HI_1_8_0	24	production:Live Fire - Ranked	full-L4a-L9	L8+L2+LM+L3a+L6a+L6b+LS+L1a+LP+L7	L8+L2+LM+L3a+L6a+L6b+LS+L1a+LP+L7	oui	0	42	19	49696	41249	41230	304918	304811	337281	5160	4812	28071	787	28134	732	2	5224	226970	619	230	621	230
60ae07c4	HI_1_8_0	24	production:Live Fire - Ranked	full-L6a	L8+L2+LM+L3a+L6b+L4a+LS+L1a+LP+L7+L9	L8+L2+LM+L3a+L6b+L4a+LS+L1a+LP+L7+L9	oui	5	33	19	49696	38136	38090	283898	283710	327202	7055	6365	25207	1036	25241	979	5	6612	207268	253	2977	251	3000
60ae07c4	HI_1_8_0	24	production:Live Fire - Ranked	full-L6a-L9	L8+L2+LM+L3a+L6b+L4a+LS+L1a+LP+L7	L8+L2+LM+L3a+L6b+L4a+LS+L1a+LP+L7	oui	0	33	19	49696	38526	38482	286706	286524	330920	6864	6274	25440	879	25475	821	3	5596	209044	872	3206	872	3229
60ae07c4	HI_1_8_0	24	production:Live Fire - Ranked	full-L6b	L8+L2+LM+L3a+L6a+L4a+LS+L1a+LP+L7+L9	L8+L2+LM+L3a+L6a+L4a+LS+L1a+LP+L7+L9	oui	5	42	19	49696	40643	40621	302069	301956	333515	5463	5019	27622	944	27683	890	4	6240	225153	0	217	0	218
60ae07c4	HI_1_8_0	24	production:Live Fire - Ranked	full-L6b-L9	L8+L2+LM+L3a+L6a+L4a+LS+L1a+LP+L7	L8+L2+LM+L3a+L6a+L4a+LS+L1a+LP+L7	oui	0	42	19	49696	41033	41013	304877	304770	337233	5271	4928	27855	787	27917	732	2	5224	226929	619	446	621	447
60ae07c4	HI_1_8_0	24	production:Live Fire - Ranked	full-L7	L8+L2+LM+L3a+L6a+L6b+L4a+LS+L1a+LP+L9	L8+L2+LM+L3a+L6a+L6b+L4a+LS+L1a+LP+L9	oui	5	42	19	49696	45588	45585	342048	342032	359157	2965	2910	31665	42	31767	10	0	54	258929	4732	4	4750	4
60ae07c4	HI_1_8_0	24	production:Live Fire - Ranked	full-L7-L9	L8+L2+LM+L3a+L6a+L6b+L4a+LS+L1a+LP	L8+L2+LM+L3a+L6a+L6b+L4a+LS+L1a+LP	oui	0	42	19	49696	45342	45339	339750	339734	358291	3211	3156	31420	43	31521	10	0	54	256631	4715	233	4733	233
60ae07c4	HI_1_8_0	24	production:Live Fire - Ranked	full-L8	L2+LM+L3a+L6a+L6b+L4a+LS+L1a+LP+L7+L9	L2+LM+L3a+L6a+L6b+L4a+LS+L1a+LP+L7+L9	oui	5	42	19	49696	40860	40839	302112	301999	333557	5352	4904	27839	944	27901	890	4	6240	225196	0	0	0	0
60ae07c4	HI_1_8_0	24	production:Live Fire - Ranked	full-L8-L9	L2+LM+L3a+L6a+L6b+L4a+LS+L1a+LP+L7	L2+LM+L3a+L6a+L6b+L4a+LS+L1a+LP+L7	oui	0	42	19	49696	41250	41231	304920	304813	337275	5161	4813	28072	787	28135	732	2	5224	226972	619	229	621	229
60ae07c4	HI_1_8_0	24	production:Live Fire - Ranked	full-L9	L8+L2+LM+L3a+L6a+L6b+L4a+LS+L1a+LP+L7	L8+L2+LM+L3a+L6a+L6b+L4a+LS+L1a+LP+L7	oui	0	42	19	49696	41250	41231	304920	304813	337275	5161	4813	28072	787	28135	732	2	5224	226972	619	229	621	229
60ae07c4	HI_1_8_0	24	production:Live Fire - Ranked	full-LM	L8+L2+L3a+L6a+L6b+L4a+LS+L1a+LP+L7+L9	L8+L2+L3a+L6a+L6b+L4a+LS+L1a+LP+L7+L9	oui	5	3	19	49696	16494	16388	97962	97871	283320	31442	31388	2648	119	2649	89	0	661	15638	951	25317	917	25368
60ae07c4	HI_1_8_0	24	production:Live Fire - Ranked	full-LM-L9	L8+L2+L3a+L6a+L6b+L4a+LS+L1a+LP+L7	L8+L2+L3a+L6a+L6b+L4a+LS+L1a+LP+L7	oui	0	3	19	49696	16346	16240	96654	96563	282699	31592	31538	2500	119	2501	89	0	661	14330	949	25463	915	25514
60ae07c4	HI_1_8_0	24	production:Live Fire - Ranked	full-LP	L8+L2+LM+L3a+L6a+L6b+L4a+LS+L1a+L7+L9	L8+L2+LM+L3a+L6a+L6b+L4a+LS+L1a+L7+L9	oui	5	42	0	49696	40860	40839	302112	301999	333557	5352	4904	27839	944	27901	890	4	6240	225196	0	0	0	0
60ae07c4	HI_1_8_0	24	production:Live Fire - Ranked	full-LP-L9	L8+L2+LM+L3a+L6a+L6b+L4a+LS+L1a+L7	L8+L2+LM+L3a+L6a+L6b+L4a+LS+L1a+L7	oui	0	42	0	49696	41250	41231	304920	304813	337275	5161	4813	28072	787	28135	732	2	5224	226972	619	229	621	229
60ae07c4	HI_1_8_0	24	production:Live Fire - Ranked	full-LS	L8+L2+LM+L3a+L6a+L6b+L4a+L1a+LP+L7+L9	L8+L2+LM+L3a+L6a+L6b+L4a+L1a+LP+L7+L9	oui	5	42	19	49696	35377	35366	253998	253939	309252	9036	8744	22181	769	22197	659	2	4756	175713	644	6127	651	6124
60ae07c4	HI_1_8_0	24	production:Live Fire - Ranked	full-LS-L9	L8+L2+LM+L3a+L6a+L6b+L4a+L1a+LP+L7	L8+L2+LM+L3a+L6a+L6b+L4a+L1a+LP+L7	oui	0	42	19	49696	35239	35228	252779	252720	308676	9173	8883	22043	769	22059	659	2	4756	174494	644	6265	651	6262
60ae07c4	HI_1_8_0	24	production:Live Fire - Ranked	reference	aucun	aucun	oui	0	0	0	49696	13965	13828	83213	82888	268340	30282	29995	0	0	0	0	0	0	0	944	27839	890	27901
81c02726	HI_1_13_0	27	instruments	L1a	L1a	L1a	oui	0	15	0	19933	15192	15192	123604	123604	154604	4144	4144	6	5	8	0	0	0	75	0	3733	0	3733
81c02726	HI_1_13_0	27	instruments	L1a-ref	L1a-ref	L1a-ref	oui	0	15	0	19933	15192	15192	123604	123604	154604	4144	4144	6	5	8	0	0	0	75	0	3733	0	3733
81c02726	HI_1_13_0	27	instruments	L2	L2	L2	oui	0	0	0	19933	18771	18763	157384	157363	159872	597	599	3580	0	3579	0	0	0	33838	6	160	0	162
81c02726	HI_1_13_0	27	instruments	L3a	L3a	L3a	oui	0	0	0	19933	15305	15298	124585	124566	155987	4186	4188	114	0	114	0	0	0	1041	5	3625	0	3627
81c02726	HI_1_13_0	27	instruments	L4a	L4a	L4a	oui	0	0	0	19933	15194	15187	123569	123550	154612	4152	4154	3	0	3	0	0	0	25	5	3736	0	3738
81c02726	HI_1_13_0	27	instruments	L6a	L6a	aucun	non (identique par construction a reference)	0	0	0	19933	15191	15184	123544	123525	154600	4150	4152	0	0	0	0	0	0	0	5	3739	0	3741
81c02726	HI_1_13_0	27	instruments	L6a+WO	L6a+WO	WO	non (identique par construction a WO)	0	0	0	19933	15191	15184	123545	123525	154601	4150	4152	1	1	0	0	0	0	0	6	3740	0	3741
81c02726	HI_1_13_0	27	instruments	L6b	L6b	L6b	oui	0	0	0	19933	15191	15184	123544	123525	154600	4150	4152	0	0	0	0	0	0	0	5	3739	0	3741
81c02726	HI_1_13_0	27	instruments	L6b-flock	L6b-flock	L6b-flock	oui	0	0	0	19933	15191	15184	123544	123525	154600	4150	4152	0	0	0	0	0	0	0	5	3739	0	3741
81c02726	HI_1_13_0	27	instruments	L7	L7	L7	oui	0	0	0	19933	15191	15184	123544	123525	154600	4150	4152	0	0	0	0	0	0	0	5	3739	0	3741
81c02726	HI_1_13_0	27	instruments	L8	L8	L8	oui	0	0	0	19933	15191	15184	123544	123525	154600	4150	4152	0	0	0	0	0	0	0	5	3739	0	3741
81c02726	HI_1_13_0	27	instruments	L8+LS	L8+LS	L8+LS	oui	0	0	0	19933	15191	15184	123544	123525	154600	4150	4152	0	0	0	0	0	0	0	5	3739	0	3741
81c02726	HI_1_13_0	27	instruments	L9	L9	L9	oui	0	0	0	19933	15191	15184	123544	123525	154600	4150	4152	0	0	0	0	0	0	0	5	3739	0	3741
81c02726	HI_1_13_0	27	instruments	LM	LM	aucun	non (identique par construction a reference)	0	0	0	19933	15191	15184	123544	123525	154600	4150	4152	0	0	0	0	0	0	0	5	3739	0	3741
81c02726	HI_1_13_0	27	instruments	LM+L6a	LM+L6a	aucun	non (identique par construction a reference)	0	0	0	19933	15191	15184	123544	123525	154600	4150	4152	0	0	0	0	0	0	0	5	3739	0	3741
81c02726	HI_1_13_0	27	instruments	LP	LP	LP	oui	0	0	34	19933	15191	15184	123544	123525	154600	4150	4152	0	0	0	0	0	0	0	5	3739	0	3741
81c02726	HI_1_13_0	27	instruments	LS	LS	LS	oui	0	0	0	19933	15191	15184	123544	123525	154600	4150	4152	0	0	0	0	0	0	0	5	3739	0	3741
81c02726	HI_1_13_0	27	instruments	WO	WO	WO	oui	0	0	0	19933	15191	15184	123545	123525	154601	4150	4152	1	1	0	0	0	0	0	6	3740	0	3741
81c02726	HI_1_13_0	27	instruments	full	L8+L2+LM+L3a+L6a+L6b+L4a+LS+L1a+LP+L7+L9	L8+L2+L3a+L6b+L4a+LS+L1a+LP+L7+L9	oui	0	16	34	19933	18925	18925	158889	158889	161335	593	593	3739	5	3741	0	0	0	35360	0	0	0	0
81c02726	HI_1_13_0	27	instruments	full+WO	L8+L2+LM+L3a+L6a+L6b+L4a+LS+L1a+LP+L7+L9+WO	L8+L2+L3a+L6b+L4a+LS+L1a+LP+L7+L9+WO	oui	0	16	34	19933	18925	18925	158889	158889	161335	593	593	3739	5	3741	0	0	0	35360	0	0	0	0
81c02726	HI_1_13_0	27	instruments	full+WO-L9	L8+L2+LM+L3a+L6a+L6b+L4a+LS+L1a+LP+L7+WO	L8+L2+L3a+L6b+L4a+LS+L1a+LP+L7+WO	oui	0	16	34	19933	18925	18925	158889	158889	161335	593	593	3739	5	3741	0	0	0	35360	0	0	0	0
81c02726	HI_1_13_0	27	instruments	full-L1a	L8+L2+LM+L3a+L6a+L6b+L4a+LS+LP+L7+L9	L8+L2+L3a+L6b+L4a+LS+LP+L7+L9	oui	0	0	34	19933	18924	18916	158818	158797	161320	599	601	3733	0	3732	0	0	0	35272	6	7	0	9
81c02726	HI_1_13_0	27	instruments	full-L1a-L9	L8+L2+LM+L3a+L6a+L6b+L4a+LS+LP+L7	L8+L2+L3a+L6b+L4a+LS+LP+L7	oui	0	0	34	19933	18924	18916	158818	158797	161320	599	601	3733	0	3732	0	0	0	35272	6	7	0	9
81c02726	HI_1_13_0	27	instruments	full-L2	L8+LM+L3a+L6a+L6b+L4a+LS+L1a+LP+L7+L9	L8+L3a+L6b+L4a+LS+L1a+LP+L7+L9	oui	0	16	34	19933	15310	15310	124683	124683	156016	4182	4182	124	5	126	0	0	0	1154	0	3615	0	3615
81c02726	HI_1_13_0	27	instruments	full-L2-L9	L8+LM+L3a+L6a+L6b+L4a+LS+L1a+LP+L7	L8+L3a+L6b+L4a+LS+L1a+LP+L7	oui	0	16	34	19933	15310	15310	124683	124683	156016	4182	4182	124	5	126	0	0	0	1154	0	3615	0	3615
81c02726	HI_1_13_0	27	instruments	full-L3a	L8+L2+LM+L6a+L6b+L4a+LS+L1a+LP+L7+L9	L8+L2+L6b+L4a+LS+L1a+LP+L7+L9	oui	0	15	34	19933	18776	18776	157487	157487	159886	591	591	3590	5	3592	0	0	0	33958	0	149	0	149
81c02726	HI_1_13_0	27	instruments	full-L3a-L9	L8+L2+LM+L6a+L6b+L4a+LS+L1a+LP+L7	L8+L2+L6b+L4a+LS+L1a+LP+L7	oui	0	15	34	19933	18776	18776	157487	157487	159886	591	591	3590	5	3592	0	0	0	33958	0	149	0	149
81c02726	HI_1_13_0	27	instruments	full-L4a	L8+L2+LM+L3a+L6a+L6b+LS+L1a+LP+L7+L9	L8+L2+L3a+L6b+LS+L1a+LP+L7+L9	oui	0	16	34	19933	18920	18920	158844	158844	161323	593	593	3734	5	3736	0	0	0	35315	0	5	0	5
81c02726	HI_1_13_0	27	instruments	full-L4a-L9	L8+L2+LM+L3a+L6a+L6b+LS+L1a+LP+L7	L8+L2+L3a+L6b+LS+L1a+LP+L7	oui	0	16	34	19933	18920	18920	158844	158844	161323	593	593	3734	5	3736	0	0	0	35315	0	5	0	5
81c02726	HI_1_13_0	27	instruments	full-L6a	L8+L2+LM+L3a+L6b+L4a+LS+L1a+LP+L7+L9	L8+L2+L3a+L6b+L4a+LS+L1a+LP+L7+L9	non (identique par construction a full)	0	16	34	19933	18925	18925	158889	158889	161335	593	593	3739	5	3741	0	0	0	35360	0	0	0	0
81c02726	HI_1_13_0	27	instruments	full-L6a-L9	L8+L2+LM+L3a+L6b+L4a+LS+L1a+LP+L7	L8+L2+L3a+L6b+L4a+LS+L1a+LP+L7	non (identique par construction a full-L9)	0	16	34	19933	18925	18925	158889	158889	161335	593	593	3739	5	3741	0	0	0	35360	0	0	0	0
81c02726	HI_1_13_0	27	instruments	full-L6b	L8+L2+LM+L3a+L6a+L4a+LS+L1a+LP+L7+L9	L8+L2+L3a+L4a+LS+L1a+LP+L7+L9	oui	0	16	34	19933	18925	18925	158889	158889	161335	593	593	3739	5	3741	0	0	0	35360	0	0	0	0
81c02726	HI_1_13_0	27	instruments	full-L6b-L9	L8+L2+LM+L3a+L6a+L4a+LS+L1a+LP+L7	L8+L2+L3a+L4a+LS+L1a+LP+L7	oui	0	16	34	19933	18925	18925	158889	158889	161335	593	593	3739	5	3741	0	0	0	35360	0	0	0	0
81c02726	HI_1_13_0	27	instruments	full-L7	L8+L2+LM+L3a+L6a+L6b+L4a+LS+L1a+LP+L9	L8+L2+L3a+L6b+L4a+LS+L1a+LP+L9	oui	0	16	34	19933	18925	18925	158889	158889	161335	593	593	3739	5	3741	0	0	0	35360	0	0	0	0
81c02726	HI_1_13_0	27	instruments	full-L7-L9	L8+L2+LM+L3a+L6a+L6b+L4a+LS+L1a+LP	L8+L2+L3a+L6b+L4a+LS+L1a+LP	oui	0	16	34	19933	18925	18925	158889	158889	161335	593	593	3739	5	3741	0	0	0	35360	0	0	0	0
81c02726	HI_1_13_0	27	instruments	full-L8	L2+LM+L3a+L6a+L6b+L4a+LS+L1a+LP+L7+L9	L2+L3a+L6b+L4a+LS+L1a+LP+L7+L9	oui	0	16	34	19933	18925	18925	158889	158889	161335	593	593	3739	5	3741	0	0	0	35360	0	0	0	0
81c02726	HI_1_13_0	27	instruments	full-L8-L9	L2+LM+L3a+L6a+L6b+L4a+LS+L1a+LP+L7	L2+L3a+L6b+L4a+LS+L1a+LP+L7	oui	0	16	34	19933	18925	18925	158889	158889	161335	593	593	3739	5	3741	0	0	0	35360	0	0	0	0
81c02726	HI_1_13_0	27	instruments	full-L9	L8+L2+LM+L3a+L6a+L6b+L4a+LS+L1a+LP+L7	L8+L2+L3a+L6b+L4a+LS+L1a+LP+L7	oui	0	16	34	19933	18925	18925	158889	158889	161335	593	593	3739	5	3741	0	0	0	35360	0	0	0	0
81c02726	HI_1_13_0	27	instruments	full-LM	L8+L2+L3a+L6a+L6b+L4a+LS+L1a+LP+L7+L9	L8+L2+L3a+L6b+L4a+LS+L1a+LP+L7+L9	non (identique par construction a full)	0	16	34	19933	18925	18925	158889	158889	161335	593	593	3739	5	3741	0	0	0	35360	0	0	0	0
81c02726	HI_1_13_0	27	instruments	full-LM-L9	L8+L2+L3a+L6a+L6b+L4a+LS+L1a+LP+L7	L8+L2+L3a+L6b+L4a+LS+L1a+LP+L7	non (identique par construction a full-L9)	0	16	34	19933	18925	18925	158889	158889	161335	593	593	3739	5	3741	0	0	0	35360	0	0	0	0
81c02726	HI_1_13_0	27	instruments	full-LP	L8+L2+LM+L3a+L6a+L6b+L4a+LS+L1a+L7+L9	L8+L2+L3a+L6b+L4a+LS+L1a+L7+L9	oui	0	16	0	19933	18925	18925	158889	158889	161335	593	593	3739	5	3741	0	0	0	35360	0	0	0	0
81c02726	HI_1_13_0	27	instruments	full-LP-L9	L8+L2+LM+L3a+L6a+L6b+L4a+LS+L1a+L7	L8+L2+L3a+L6b+L4a+LS+L1a+L7	oui	0	16	0	19933	18925	18925	158889	158889	161335	593	593	3739	5	3741	0	0	0	35360	0	0	0	0
81c02726	HI_1_13_0	27	instruments	full-LS	L8+L2+LM+L3a+L6a+L6b+L4a+L1a+LP+L7+L9	L8+L2+L3a+L6b+L4a+L1a+LP+L7+L9	oui	0	16	34	19933	18925	18925	158889	158889	161335	593	593	3739	5	3741	0	0	0	35360	0	0	0	0
81c02726	HI_1_13_0	27	instruments	full-LS-L9	L8+L2+LM+L3a+L6a+L6b+L4a+L1a+LP+L7	L8+L2+L3a+L6b+L4a+L1a+LP+L7	oui	0	16	34	19933	18925	18925	158889	158889	161335	593	593	3739	5	3741	0	0	0	35360	0	0	0	0
81c02726	HI_1_13_0	27	instruments	reference	aucun	aucun	oui	0	0	0	19933	15191	15184	123544	123525	154600	4150	4152	0	0	0	0	0	0	0	5	3739	0	3741
a349fea8	version-33	20	instruments	L1a	L1a	L1a	oui	0	0	0	28751	463	427	3602	3595	469451	22206	19428	0	0	0	0	0	0	0	19	22	0	22
a349fea8	version-33	20	instruments	L1a-ref	L1a-ref	L1a-ref	oui	0	0	0	28751	463	427	3602	3595	469451	22206	19428	0	0	0	0	0	0	0	19	22	0	22
a349fea8	version-33	20	instruments	L2	L2	L2	oui	0	0	0	28751	463	427	3602	3595	469609	22286	19497	0	0	0	0	0	0	0	19	22	0	22
a349fea8	version-33	20	instruments	L3a	L3a	L3a	oui	0	0	0	28751	467	431	3661	3654	479511	22678	19860	4	0	4	0	0	0	59	19	18	0	18
a349fea8	version-33	20	instruments	L4a	L4a	L4a	oui	0	0	0	28751	465	427	3604	3595	469728	22333	19542	2	0	0	0	0	0	0	20	21	0	22
a349fea8	version-33	20	instruments	L6a	L6a	aucun	non (identique par construction a reference)	0	0	0	28751	463	427	3602	3595	469451	22206	19428	0	0	0	0	0	0	0	19	22	0	22
a349fea8	version-33	20	instruments	L6a+WO	L6a+WO	WO	non (identique par construction a WO)	0	0	0	28751	466	427	3604	3595	469454	22206	19425	3	0	0	0	0	0	0	22	22	0	22
a349fea8	version-33	20	instruments	L6b	L6b	L6b	oui	0	0	0	28751	473	437	3606	3599	477220	22385	19337	10	0	10	0	0	0	4	19	12	0	12
a349fea8	version-33	20	instruments	L6b-flock	L6b-flock	L6b-flock	oui	0	0	0	28751	473	437	3606	3599	477220	22385	19337	10	0	10	0	0	0	4	19	12	0	12
a349fea8	version-33	20	instruments	L7	L7	L7	oui	0	0	0	28751	463	427	3602	3595	469451	22206	19428	0	0	0	0	0	0	0	19	22	0	22
a349fea8	version-33	20	instruments	L8	L8	L8	oui	0	0	0	28751	463	427	3602	3595	469451	22206	19428	0	0	0	0	0	0	0	19	22	0	22
a349fea8	version-33	20	instruments	L8+LS	L8+LS	L8+LS	oui	0	0	0	28751	463	427	3602	3595	469451	22206	19428	0	0	0	0	0	0	0	19	22	0	22
a349fea8	version-33	20	instruments	L9	L9	L9	oui	8	0	0	28751	463	427	3602	3595	487738	22197	19321	0	0	0	0	0	0	0	19	22	0	22
a349fea8	version-33	20	instruments	LM	LM	aucun	non (identique par construction a reference)	0	0	0	28751	463	427	3602	3595	469451	22206	19428	0	0	0	0	0	0	0	19	22	0	22
a349fea8	version-33	20	instruments	LM+L6a	LM+L6a	aucun	non (identique par construction a reference)	0	0	0	28751	463	427	3602	3595	469451	22206	19428	0	0	0	0	0	0	0	19	22	0	22
a349fea8	version-33	20	instruments	LP	LP	LP	oui	0	0	130	28751	463	427	3602	3595	469451	22206	19428	0	0	0	0	0	0	0	19	22	0	22
a349fea8	version-33	20	instruments	LS	LS	LS	oui	0	0	0	28751	463	427	3602	3595	469451	22206	19428	0	0	0	0	0	0	0	19	22	0	22
a349fea8	version-33	20	instruments	WO	WO	WO	oui	0	0	0	28751	466	427	3604	3595	469454	22206	19425	3	0	0	0	0	0	0	22	22	0	22
a349fea8	version-33	20	instruments	full	L8+L2+LM+L3a+L6a+L6b+L4a+LS+L1a+LP+L7+L9	L8+L2+L3a+L6b+L4a+LS+L1a+LP+L7+L9	oui	8	24	130	28751	466	449	3665	3659	506372	23057	19841	22	19	22	0	0	0	64	0	0	0	0
a349fea8	version-33	20	instruments	full+WO	L8+L2+LM+L3a+L6a+L6b+L4a+LS+L1a+LP+L7+L9+WO	L8+L2+L3a+L6b+L4a+LS+L1a+LP+L7+L9+WO	oui	8	23	130	28751	469	448	3668	3659	505869	23054	19814	25	19	21	0	0	0	64	4	1	0	1
a349fea8	version-33	20	instruments	full+WO-L9	L8+L2+LM+L3a+L6a+L6b+L4a+LS+L1a+LP+L7+WO	L8+L2+L3a+L6b+L4a+LS+L1a+LP+L7+WO	oui	0	23	130	28751	469	448	3668	3659	487207	23062	19925	25	19	21	0	0	0	64	4	1	0	1
a349fea8	version-33	20	instruments	full-L1a	L8+L2+LM+L3a+L6a+L6b+L4a+LS+LP+L7+L9	L8+L2+L3a+L6b+L4a+LS+LP+L7+L9	oui	8	0	130	28751	479	441	3667	3658	506382	23053	19839	16	0	14	0	0	0	63	20	7	0	8
a349fea8	version-33	20	instruments	full-L1a-L9	L8+L2+LM+L3a+L6a+L6b+L4a+LS+LP+L7	L8+L2+L3a+L6b+L4a+LS+LP+L7	oui	0	0	130	28751	479	441	3667	3658	487720	23061	19950	16	0	14	0	0	0	63	20	7	0	8
a349fea8	version-33	20	instruments	full-L2	L8+LM+L3a+L6a+L6b+L4a+LS+L1a+LP+L7+L9	L8+L3a+L6b+L4a+LS+L1a+LP+L7+L9	oui	8	35	130	28751	453	451	3660	3659	506152	22978	19766	24	34	24	0	0	0	64	3	16	3	1
a349fea8	version-33	20	instruments	full-L2-L9	L8+LM+L3a+L6a+L6b+L4a+LS+L1a+LP+L7	L8+L3a+L6b+L4a+LS+L1a+LP+L7	oui	0	38	130	28751	453	451	3660	3659	487504	22987	19877	24	34	24	0	0	0	64	3	16	3	1
a349fea8	version-33	20	instruments	full-L3a	L8+L2+LM+L6a+L6b+L4a+LS+L1a+LP+L7+L9	L8+L2+L6b+L4a+LS+L1a+LP+L7+L9	oui	8	24	130	28751	462	445	3606	3600	495946	22583	19411	18	19	18	0	0	0	5	0	4	0	4
a349fea8	version-33	20	instruments	full-L3a-L9	L8+L2+LM+L6a+L6b+L4a+LS+L1a+LP+L7	L8+L2+L6b+L4a+LS+L1a+LP+L7	oui	0	24	130	28751	462	445	3606	3600	477644	22591	19518	18	19	18	0	0	0	5	0	4	0	4
a349fea8	version-33	20	instruments	full-L4a	L8+L2+LM+L3a+L6a+L6b+LS+L1a+LP+L7+L9	L8+L2+L3a+L6b+LS+L1a+LP+L7+L9	oui	8	16	130	28751	471	446	3665	3659	506091	22930	19728	19	11	19	0	0	0	64	8	3	0	3
a349fea8	version-33	20	instruments	full-L4a-L9	L8+L2+LM+L3a+L6a+L6b+LS+L1a+LP+L7	L8+L2+L3a+L6b+LS+L1a+LP+L7	oui	0	16	130	28751	471	446	3665	3659	487429	22938	19839	19	11	19	0	0	0	64	8	3	0	3
a349fea8	version-33	20	instruments	full-L6a	L8+L2+LM+L3a+L6b+L4a+LS+L1a+LP+L7+L9	L8+L2+L3a+L6b+L4a+LS+L1a+LP+L7+L9	non (identique par construction a full)	8	24	130	28751	466	449	3665	3659	506372	23057	19841	22	19	22	0	0	0	64	0	0	0	0
a349fea8	version-33	20	instruments	full-L6a-L9	L8+L2+LM+L3a+L6b+L4a+LS+L1a+LP+L7	L8+L2+L3a+L6b+L4a+LS+L1a+LP+L7	non (identique par construction a full-L9)	0	24	130	28751	466	449	3665	3659	487710	23065	19952	22	19	22	0	0	0	64	0	0	0	0
a349fea8	version-33	20	instruments	full-L6b	L8+L2+LM+L3a+L6a+L4a+LS+L1a+LP+L7+L9	L8+L2+L3a+L4a+LS+L1a+LP+L7+L9	oui	8	0	130	28751	469	431	3663	3654	498614	22880	19935	6	0	4	0	0	0	59	20	17	0	18
a349fea8	version-33	20	instruments	full-L6b-L9	L8+L2+LM+L3a+L6a+L4a+LS+L1a+LP+L7	L8+L2+L3a+L4a+LS+L1a+LP+L7	oui	0	0	130	28751	469	431	3663	3654	479952	22888	20046	6	0	4	0	0	0	59	20	17	0	18
a349fea8	version-33	20	instruments	full-L7	L8+L2+LM+L3a+L6a+L6b+L4a+LS+L1a+LP+L9	L8+L2+L3a+L6b+L4a+LS+L1a+LP+L9	oui	8	44	130	28751	455	454	3660	3660	506367	23057	19839	26	34	27	0	0	0	65	5	16	5	0
a349fea8	version-33	20	instruments	full-L7-L9	L8+L2+LM+L3a+L6a+L6b+L4a+LS+L1a+LP	L8+L2+L3a+L6b+L4a+LS+L1a+LP	oui	0	44	130	28751	455	454	3660	3660	487705	23065	19950	26	34	27	0	0	0	65	5	16	5	0
a349fea8	version-33	20	instruments	full-L8	L2+LM+L3a+L6a+L6b+L4a+LS+L1a+LP+L7+L9	L2+L3a+L6b+L4a+LS+L1a+LP+L7+L9	oui	8	24	130	28751	466	449	3665	3659	506372	23057	19841	22	19	22	0	0	0	64	0	0	0	0
a349fea8	version-33	20	instruments	full-L8-L9	L2+LM+L3a+L6a+L6b+L4a+LS+L1a+LP+L7	L2+L3a+L6b+L4a+LS+L1a+LP+L7	oui	0	24	130	28751	466	449	3665	3659	487710	23065	19952	22	19	22	0	0	0	64	0	0	0	0
a349fea8	version-33	20	instruments	full-L9	L8+L2+LM+L3a+L6a+L6b+L4a+LS+L1a+LP+L7	L8+L2+L3a+L6b+L4a+LS+L1a+LP+L7	oui	0	24	130	28751	466	449	3665	3659	487710	23065	19952	22	19	22	0	0	0	64	0	0	0	0
a349fea8	version-33	20	instruments	full-LM	L8+L2+L3a+L6a+L6b+L4a+LS+L1a+LP+L7+L9	L8+L2+L3a+L6b+L4a+LS+L1a+LP+L7+L9	non (identique par construction a full)	8	24	130	28751	466	449	3665	3659	506372	23057	19841	22	19	22	0	0	0	64	0	0	0	0
a349fea8	version-33	20	instruments	full-LM-L9	L8+L2+L3a+L6a+L6b+L4a+LS+L1a+LP+L7	L8+L2+L3a+L6b+L4a+LS+L1a+LP+L7	non (identique par construction a full-L9)	0	24	130	28751	466	449	3665	3659	487710	23065	19952	22	19	22	0	0	0	64	0	0	0	0
a349fea8	version-33	20	instruments	full-LP	L8+L2+LM+L3a+L6a+L6b+L4a+LS+L1a+L7+L9	L8+L2+L3a+L6b+L4a+LS+L1a+L7+L9	oui	8	24	0	28751	466	449	3665	3659	506372	23057	19841	22	19	22	0	0	0	64	0	0	0	0
a349fea8	version-33	20	instruments	full-LP-L9	L8+L2+LM+L3a+L6a+L6b+L4a+LS+L1a+L7	L8+L2+L3a+L6b+L4a+LS+L1a+L7	oui	0	24	0	28751	466	449	3665	3659	487710	23065	19952	22	19	22	0	0	0	64	0	0	0	0
a349fea8	version-33	20	instruments	full-LS	L8+L2+LM+L3a+L6a+L6b+L4a+L1a+LP+L7+L9	L8+L2+L3a+L6b+L4a+L1a+LP+L7+L9	oui	8	24	130	28751	466	449	3665	3659	506372	23057	19841	22	19	22	0	0	0	64	0	0	0	0
a349fea8	version-33	20	instruments	full-LS-L9	L8+L2+LM+L3a+L6a+L6b+L4a+L1a+LP+L7	L8+L2+L3a+L6b+L4a+L1a+LP+L7	oui	0	24	130	28751	466	449	3665	3659	487710	23065	19952	22	19	22	0	0	0	64	0	0	0	0
a349fea8	version-33	20	instruments	reference	aucun	aucun	oui	0	0	0	28751	463	427	3602	3595	469451	22206	19428	0	0	0	0	0	0	0	19	22	0	22
a521164d	HI_1_4_1	21	instruments	L1a	L1a	L1a	oui	0	0	0	11130	701	692	80	78	181607	8364	6526	0	0	0	0	0	0	0	4	68	0	73
a521164d	HI_1_4_1	21	instruments	L1a-ref	L1a-ref	L1a-ref	oui	0	0	0	11130	701	692	80	78	181607	8364	6526	0	0	0	0	0	0	0	4	68	0	73
a521164d	HI_1_4_1	21	instruments	L2	L2	L2	oui	0	0	0	11130	701	692	80	78	181654	8391	6548	0	0	0	0	0	0	0	4	68	0	73
a521164d	HI_1_4_1	21	instruments	L3a	L3a	L3a	oui	0	0	0	11130	702	692	80	78	184473	8486	6625	1	0	0	0	0	0	0	5	68	0	73
a521164d	HI_1_4_1	21	instruments	L4a	L4a	L4a	oui	0	0	0	11130	701	692	80	78	181722	8429	6577	0	0	0	0	0	0	0	4	68	0	73
a521164d	HI_1_4_1	21	instruments	L6a	L6a	aucun	non (identique par construction a reference)	0	0	0	11130	701	692	80	78	181607	8364	6526	0	0	0	0	0	0	0	4	68	0	73
a521164d	HI_1_4_1	21	instruments	L6a+WO	L6a+WO	WO	non (identique par construction a WO)	0	0	0	11130	702	692	80	78	181607	8365	6528	1	0	0	0	0	0	0	5	68	0	73
a521164d	HI_1_4_1	21	instruments	L6b	L6b	L6b	oui	0	0	0	11130	765	761	80	78	189605	8476	6447	64	0	69	0	0	0	0	4	4	0	4
a521164d	HI_1_4_1	21	instruments	L6b-flock	L6b-flock	L6b-flock	oui	0	0	0	11130	765	761	80	78	189605	8476	6447	64	0	69	0	0	0	0	4	4	0	4
a521164d	HI_1_4_1	21	instruments	L7	L7	L7	oui	0	0	0	11130	701	692	80	78	181462	8359	6528	0	0	0	0	0	0	0	4	68	0	73
a521164d	HI_1_4_1	21	instruments	L8	L8	L8	oui	0	0	0	11130	701	692	80	78	181607	8364	6526	0	0	0	0	0	0	0	4	68	0	73
a521164d	HI_1_4_1	21	instruments	L8+LS	L8+LS	L8+LS	oui	0	0	0	11130	701	692	80	78	181607	8364	6526	0	0	0	0	0	0	0	4	68	0	73
a521164d	HI_1_4_1	21	instruments	L9	L9	L9	oui	0	0	0	11130	701	692	80	78	181607	8364	6526	0	0	0	0	0	0	0	4	68	0	73
a521164d	HI_1_4_1	21	instruments	LM	LM	aucun	non (identique par construction a reference)	0	0	0	11130	701	692	80	78	181607	8364	6526	0	0	0	0	0	0	0	4	68	0	73
a521164d	HI_1_4_1	21	instruments	LM+L6a	LM+L6a	aucun	non (identique par construction a reference)	0	0	0	11130	701	692	80	78	181607	8364	6526	0	0	0	0	0	0	0	4	68	0	73
a521164d	HI_1_4_1	21	instruments	LP	LP	LP	oui	0	0	128	11130	701	692	80	78	181607	8364	6526	0	0	0	0	0	0	0	4	68	0	73
a521164d	HI_1_4_1	21	instruments	LS	LS	LS	oui	0	0	0	11130	701	692	80	78	181607	8364	6526	0	0	0	0	0	0	0	4	68	0	73
a521164d	HI_1_4_1	21	instruments	WO	WO	WO	oui	0	0	0	11130	702	692	80	78	181607	8365	6528	1	0	0	0	0	0	0	5	68	0	73
a521164d	HI_1_4_1	21	instruments	full	L8+L2+LM+L3a+L6a+L6b+L4a+LS+L1a+LP+L7+L9	L8+L2+L3a+L6b+L4a+LS+L1a+LP+L7+L9	oui	0	16	128	11130	765	765	78	78	192603	8681	6615	68	4	73	0	0	0	0	0	0	0	0
a521164d	HI_1_4_1	21	instruments	full+WO	L8+L2+LM+L3a+L6a+L6b+L4a+LS+L1a+LP+L7+L9+WO	L8+L2+L3a+L6b+L4a+LS+L1a+LP+L7+L9+WO	oui	0	16	128	11130	765	765	78	78	192603	8684	6616	68	4	73	0	0	0	0	0	0	0	0
a521164d	HI_1_4_1	21	instruments	full+WO-L9	L8+L2+LM+L3a+L6a+L6b+L4a+LS+L1a+LP+L7+WO	L8+L2+L3a+L6b+L4a+LS+L1a+LP+L7+WO	oui	0	16	128	11130	765	765	78	78	192603	8684	6616	68	4	73	0	0	0	0	0	0	0	0
a521164d	HI_1_4_1	21	instruments	full-L1a	L8+L2+LM+L3a+L6a+L6b+L4a+LS+LP+L7+L9	L8+L2+L3a+L6b+L4a+LS+LP+L7+L9	oui	0	0	128	11130	766	761	80	78	192490	8682	6618	65	0	69	0	0	0	0	5	4	0	4
a521164d	HI_1_4_1	21	instruments	full-L1a-L9	L8+L2+LM+L3a+L6a+L6b+L4a+LS+LP+L7	L8+L2+L3a+L6b+L4a+LS+LP+L7	oui	0	0	128	11130	766	761	80	78	192490	8682	6618	65	0	69	0	0	0	0	5	4	0	4
a521164d	HI_1_4_1	21	instruments	full-L2	L8+LM+L3a+L6a+L6b+L4a+LS+L1a+LP+L7+L9	L8+L3a+L6b+L4a+LS+L1a+LP+L7+L9	oui	0	16	128	11130	765	765	78	78	192556	8657	6597	68	4	73	0	0	0	0	0	0	0	0
a521164d	HI_1_4_1	21	instruments	full-L2-L9	L8+LM+L3a+L6a+L6b+L4a+LS+L1a+LP+L7	L8+L3a+L6b+L4a+LS+L1a+LP+L7	oui	0	16	128	11130	765	765	78	78	192556	8657	6597	68	4	73	0	0	0	0	0	0	0	0
a521164d	HI_1_4_1	21	instruments	full-L3a	L8+L2+LM+L6a+L6b+L4a+LS+L1a+LP+L7+L9	L8+L2+L6b+L4a+LS+L1a+LP+L7+L9	oui	0	16	128	11130	765	765	78	78	189736	8559	6517	68	4	73	0	0	0	0	0	0	0	0
a521164d	HI_1_4_1	21	instruments	full-L3a-L9	L8+L2+LM+L6a+L6b+L4a+LS+L1a+LP+L7	L8+L2+L6b+L4a+LS+L1a+LP+L7	oui	0	16	128	11130	765	765	78	78	189736	8559	6517	68	4	73	0	0	0	0	0	0	0	0
a521164d	HI_1_4_1	21	instruments	full-L4a	L8+L2+LM+L3a+L6a+L6b+LS+L1a+LP+L7+L9	L8+L2+L3a+L6b+LS+L1a+LP+L7+L9	oui	0	16	128	11130	765	765	78	78	192486	8616	6563	68	4	73	0	0	0	0	0	0	0	0
a521164d	HI_1_4_1	21	instruments	full-L4a-L9	L8+L2+LM+L3a+L6a+L6b+LS+L1a+LP+L7	L8+L2+L3a+L6b+LS+L1a+LP+L7	oui	0	16	128	11130	765	765	78	78	192486	8616	6563	68	4	73	0	0	0	0	0	0	0	0
a521164d	HI_1_4_1	21	instruments	full-L6a	L8+L2+LM+L3a+L6b+L4a+LS+L1a+LP+L7+L9	L8+L2+L3a+L6b+L4a+LS+L1a+LP+L7+L9	non (identique par construction a full)	0	16	128	11130	765	765	78	78	192603	8681	6615	68	4	73	0	0	0	0	0	0	0	0
a521164d	HI_1_4_1	21	instruments	full-L6a-L9	L8+L2+LM+L3a+L6b+L4a+LS+L1a+LP+L7	L8+L2+L3a+L6b+L4a+LS+L1a+LP+L7	non (identique par construction a full-L9)	0	16	128	11130	765	765	78	78	192603	8681	6615	68	4	73	0	0	0	0	0	0	0	0
a521164d	HI_1_4_1	21	instruments	full-L6b	L8+L2+LM+L3a+L6a+L4a+LS+L1a+LP+L7+L9	L8+L2+L3a+L4a+LS+L1a+LP+L7+L9	oui	0	0	128	11130	702	692	80	78	184490	8573	6700	1	0	0	0	0	0	0	5	68	0	73
a521164d	HI_1_4_1	21	instruments	full-L6b-L9	L8+L2+LM+L3a+L6a+L4a+LS+L1a+LP+L7	L8+L2+L3a+L4a+LS+L1a+LP+L7	oui	0	0	128	11130	702	692	80	78	184490	8573	6700	1	0	0	0	0	0	0	5	68	0	73
a521164d	HI_1_4_1	21	instruments	full-L7	L8+L2+LM+L3a+L6a+L6b+L4a+LS+L1a+LP+L9	L8+L2+L3a+L6b+L4a+LS+L1a+LP+L9	oui	0	16	128	11130	765	765	78	78	192748	8686	6613	68	4	73	0	0	0	0	0	0	0	0
a521164d	HI_1_4_1	21	instruments	full-L7-L9	L8+L2+LM+L3a+L6a+L6b+L4a+LS+L1a+LP	L8+L2+L3a+L6b+L4a+LS+L1a+LP	oui	0	16	128	11130	765	765	78	78	192748	8686	6613	68	4	73	0	0	0	0	0	0	0	0
a521164d	HI_1_4_1	21	instruments	full-L8	L2+LM+L3a+L6a+L6b+L4a+LS+L1a+LP+L7+L9	L2+L3a+L6b+L4a+LS+L1a+LP+L7+L9	oui	0	16	128	11130	765	765	78	78	192603	8681	6615	68	4	73	0	0	0	0	0	0	0	0
a521164d	HI_1_4_1	21	instruments	full-L8-L9	L2+LM+L3a+L6a+L6b+L4a+LS+L1a+LP+L7	L2+L3a+L6b+L4a+LS+L1a+LP+L7	oui	0	16	128	11130	765	765	78	78	192603	8681	6615	68	4	73	0	0	0	0	0	0	0	0
a521164d	HI_1_4_1	21	instruments	full-L9	L8+L2+LM+L3a+L6a+L6b+L4a+LS+L1a+LP+L7	L8+L2+L3a+L6b+L4a+LS+L1a+LP+L7	oui	0	16	128	11130	765	765	78	78	192603	8681	6615	68	4	73	0	0	0	0	0	0	0	0
a521164d	HI_1_4_1	21	instruments	full-LM	L8+L2+L3a+L6a+L6b+L4a+LS+L1a+LP+L7+L9	L8+L2+L3a+L6b+L4a+LS+L1a+LP+L7+L9	non (identique par construction a full)	0	16	128	11130	765	765	78	78	192603	8681	6615	68	4	73	0	0	0	0	0	0	0	0
a521164d	HI_1_4_1	21	instruments	full-LM-L9	L8+L2+L3a+L6a+L6b+L4a+LS+L1a+LP+L7	L8+L2+L3a+L6b+L4a+LS+L1a+LP+L7	non (identique par construction a full-L9)	0	16	128	11130	765	765	78	78	192603	8681	6615	68	4	73	0	0	0	0	0	0	0	0
a521164d	HI_1_4_1	21	instruments	full-LP	L8+L2+LM+L3a+L6a+L6b+L4a+LS+L1a+L7+L9	L8+L2+L3a+L6b+L4a+LS+L1a+L7+L9	oui	0	16	0	11130	765	765	78	78	192603	8681	6615	68	4	73	0	0	0	0	0	0	0	0
a521164d	HI_1_4_1	21	instruments	full-LP-L9	L8+L2+LM+L3a+L6a+L6b+L4a+LS+L1a+L7	L8+L2+L3a+L6b+L4a+LS+L1a+L7	oui	0	16	0	11130	765	765	78	78	192603	8681	6615	68	4	73	0	0	0	0	0	0	0	0
a521164d	HI_1_4_1	21	instruments	full-LS	L8+L2+LM+L3a+L6a+L6b+L4a+L1a+LP+L7+L9	L8+L2+L3a+L6b+L4a+L1a+LP+L7+L9	oui	0	16	128	11130	765	765	78	78	192603	8681	6615	68	4	73	0	0	0	0	0	0	0	0
a521164d	HI_1_4_1	21	instruments	full-LS-L9	L8+L2+LM+L3a+L6a+L6b+L4a+L1a+LP+L7	L8+L2+L3a+L6b+L4a+L1a+LP+L7	oui	0	16	128	11130	765	765	78	78	192603	8681	6615	68	4	73	0	0	0	0	0	0	0	0
a521164d	HI_1_4_1	21	instruments	reference	aucun	aucun	oui	0	0	0	11130	701	692	80	78	181607	8364	6526	0	0	0	0	0	0	0	4	68	0	73
bcb6d393	HI_1_12_0	27	instruments	L1a	L1a	L1a	oui	0	15	0	21864	6362	6360	39662	39661	124241	1857	1878	529	2	530	0	0	0	4515	657	9457	657	9422
bcb6d393	HI_1_12_0	27	instruments	L1a-ref	L1a-ref	L1a-ref	oui	0	15	0	21864	6362	6360	39662	39661	124241	1857	1878	529	2	530	0	0	0	4515	657	9457	657	9422
bcb6d393	HI_1_12_0	27	instruments	L2	L2	L2	oui	0	0	0	21864	17132	17123	115229	115190	139947	4029	4048	11297	0	11293	0	0	0	80047	3500	1530	3524	1526
bcb6d393	HI_1_12_0	27	instruments	L3a	L3a	L3a	oui	0	0	0	21864	5885	5879	35507	35492	122669	3286	3305	50	0	49	0	0	0	349	660	9937	658	9904
bcb6d393	HI_1_12_0	27	instruments	L4a	L4a	L4a	oui	0	0	0	21864	5835	5830	35158	35143	121628	3249	3270	0	0	0	0	0	0	0	658	9985	656	9951
bcb6d393	HI_1_12_0	27	instruments	L6a	L6a	aucun	non (identique par construction a reference)	0	0	0	21864	5835	5830	35158	35143	121628	3249	3270	0	0	0	0	0	0	0	658	9985	656	9951
bcb6d393	HI_1_12_0	27	instruments	L6a+WO	L6a+WO	WO	non (identique par construction a WO)	0	0	0	21864	5835	5830	35158	35143	121628	3249	3270	0	0	0	0	0	0	0	658	9985	656	9951
bcb6d393	HI_1_12_0	27	instruments	L6b	L6b	L6b	oui	0	0	0	21864	5859	5854	35381	35366	122642	3252	3223	24	0	24	0	0	0	223	658	9961	656	9927
bcb6d393	HI_1_12_0	27	instruments	L6b-flock	L6b-flock	L6b-flock	oui	0	0	0	21864	5859	5854	35381	35366	122642	3252	3223	24	0	24	0	0	0	223	658	9961	656	9927
bcb6d393	HI_1_12_0	27	instruments	L7	L7	L7	oui	0	0	0	21864	5835	5830	35158	35143	120697	3249	3270	0	0	0	0	0	0	0	658	9985	656	9951
bcb6d393	HI_1_12_0	27	instruments	L8	L8	L8	oui	0	0	0	21864	5835	5830	35158	35143	121628	3249	3270	0	0	0	0	0	0	0	658	9985	656	9951
bcb6d393	HI_1_12_0	27	instruments	L8+LS	L8+LS	L8+LS	oui	0	0	0	21864	5835	5830	35158	35143	121628	3249	3270	0	0	0	0	0	0	0	658	9985	656	9951
bcb6d393	HI_1_12_0	27	instruments	L9	L9	L9	oui	0	0	0	21864	5835	5830	35158	35143	121628	3249	3270	0	0	0	0	0	0	0	658	9985	656	9951
bcb6d393	HI_1_12_0	27	instruments	LM	LM	aucun	non (identique par construction a reference)	0	0	0	21864	5835	5830	35158	35143	121628	3249	3270	0	0	0	0	0	0	0	658	9985	656	9951
bcb6d393	HI_1_12_0	27	instruments	LM+L6a	LM+L6a	aucun	non (identique par construction a reference)	0	0	0	21864	5835	5830	35158	35143	121628	3249	3270	0	0	0	0	0	0	0	658	9985	656	9951
bcb6d393	HI_1_12_0	27	instruments	LP	LP	LP	oui	0	0	49	21864	5835	5830	35158	35143	121628	3249	3270	0	0	0	0	0	0	0	658	9985	656	9951
bcb6d393	HI_1_12_0	27	instruments	LS	LS	LS	oui	0	0	0	21864	5835	5830	35158	35143	121628	3249	3270	0	0	0	0	0	0	0	658	9985	656	9951
bcb6d393	HI_1_12_0	27	instruments	WO	WO	WO	oui	0	0	0	21864	5835	5830	35158	35143	121628	3249	3270	0	0	0	0	0	0	0	658	9985	656	9951
bcb6d393	HI_1_12_0	27	instruments	full	L8+L2+LM+L3a+L6a+L6b+L4a+LS+L1a+LP+L7+L9	L8+L2+L3a+L6b+L4a+LS+L1a+LP+L7+L9	oui	0	14	49	21864	15162	15125	101238	101182	117128	4294	4075	9985	658	9951	656	0	5212	71303	0	0	0	0
bcb6d393	HI_1_12_0	27	instruments	full+WO	L8+L2+LM+L3a+L6a+L6b+L4a+LS+L1a+LP+L7+L9+WO	L8+L2+L3a+L6b+L4a+LS+L1a+LP+L7+L9+WO	oui	0	14	49	21864	15162	15125	101237	101182	117129	4265	4054	9985	658	9951	656	0	5212	71303	2	2	0	0
bcb6d393	HI_1_12_0	27	instruments	full+WO-L9	L8+L2+LM+L3a+L6a+L6b+L4a+LS+L1a+LP+L7+WO	L8+L2+L3a+L6b+L4a+LS+L1a+LP+L7+WO	oui	0	14	49	21864	15162	15125	101237	101182	117129	4265	4054	9985	658	9951	656	0	5212	71303	2	2	0	0
bcb6d393	HI_1_12_0	27	instruments	full-L1a	L8+L2+LM+L3a+L6a+L6b+L4a+LS+LP+L7+L9	L8+L2+L3a+L6b+L4a+LS+LP+L7+L9	oui	0	0	49	21864	17392	17382	117200	117161	142156	4049	4018	11557	0	11552	0	0	0	82018	3533	1303	3557	1300
bcb6d393	HI_1_12_0	27	instruments	full-L1a-L9	L8+L2+LM+L3a+L6a+L6b+L4a+LS+LP+L7	L8+L2+L3a+L6b+L4a+LS+LP+L7	oui	0	0	49	21864	17392	17382	117200	117161	142156	4049	4018	11557	0	11552	0	0	0	82018	3533	1303	3557	1300
bcb6d393	HI_1_12_0	27	instruments	full-L2	L8+LM+L3a+L6a+L6b+L4a+LS+L1a+LP+L7+L9	L8+L3a+L6b+L4a+LS+L1a+LP+L7+L9	oui	0	16	49	21864	5798	5794	35089	35081	113802	2548	2477	621	658	620	656	0	5212	5202	0	9364	0	9331
bcb6d393	HI_1_12_0	27	instruments	full-L2-L9	L8+LM+L3a+L6a+L6b+L4a+LS+L1a+LP+L7	L8+L3a+L6b+L4a+LS+L1a+LP+L7	oui	0	16	49	21864	5798	5794	35089	35081	113802	2548	2477	621	658	620	656	0	5212	5202	0	9364	0	9331
bcb6d393	HI_1_12_0	27	instruments	full-L3a	L8+L2+LM+L6a+L6b+L4a+LS+L1a+LP+L7+L9	L8+L2+L6b+L4a+LS+L1a+LP+L7+L9	oui	0	14	49	21864	15025	14989	100237	100181	116040	4272	4057	9848	658	9815	656	0	5212	70302	0	137	0	136
bcb6d393	HI_1_12_0	27	instruments	full-L3a-L9	L8+L2+LM+L6a+L6b+L4a+LS+L1a+LP+L7	L8+L2+L6b+L4a+LS+L1a+LP+L7	oui	0	14	49	21864	15025	14989	100237	100181	116040	4272	4057	9848	658	9815	656	0	5212	70302	0	137	0	136
bcb6d393	HI_1_12_0	27	instruments	full-L4a	L8+L2+LM+L3a+L6a+L6b+LS+L1a+LP+L7+L9	L8+L2+L3a+L6b+LS+L1a+LP+L7+L9	oui	0	14	49	21864	15162	15125	101238	101182	117128	4293	4075	9985	658	9951	656	0	5212	71303	0	0	0	0
bcb6d393	HI_1_12_0	27	instruments	full-L4a-L9	L8+L2+LM+L3a+L6a+L6b+LS+L1a+LP+L7	L8+L2+L3a+L6b+LS+L1a+LP+L7	oui	0	14	49	21864	15162	15125	101238	101182	117128	4293	4075	9985	658	9951	656	0	5212	71303	0	0	0	0
bcb6d393	HI_1_12_0	27	instruments	full-L6a	L8+L2+LM+L3a+L6b+L4a+LS+L1a+LP+L7+L9	L8+L2+L3a+L6b+L4a+LS+L1a+LP+L7+L9	non (identique par construction a full)	0	14	49	21864	15162	15125	101238	101182	117128	4294	4075	9985	658	9951	656	0	5212	71303	0	0	0	0
bcb6d393	HI_1_12_0	27	instruments	full-L6a-L9	L8+L2+LM+L3a+L6b+L4a+LS+L1a+LP+L7	L8+L2+L3a+L6b+L4a+LS+L1a+LP+L7	non (identique par construction a full-L9)	0	14	49	21864	15162	15125	101238	101182	117128	4294	4075	9985	658	9951	656	0	5212	71303	0	0	0	0
bcb6d393	HI_1_12_0	27	instruments	full-L6b	L8+L2+LM+L3a+L6a+L4a+LS+L1a+LP+L7+L9	L8+L2+L3a+L4a+LS+L1a+LP+L7+L9	oui	0	13	49	21864	15259	15248	100083	100046	116235	4142	3959	9986	562	9978	560	0	4359	69314	1227	1130	1247	1124
bcb6d393	HI_1_12_0	27	instruments	full-L6b-L9	L8+L2+LM+L3a+L6a+L4a+LS+L1a+LP+L7	L8+L2+L3a+L4a+LS+L1a+LP+L7	oui	0	13	49	21864	15259	15248	100083	100046	116235	4142	3959	9986	562	9978	560	0	4359	69314	1227	1130	1247	1124
bcb6d393	HI_1_12_0	27	instruments	full-L7	L8+L2+LM+L3a+L6a+L6b+L4a+LS+L1a+LP+L9	L8+L2+L3a+L6b+L4a+LS+L1a+LP+L9	oui	0	16	49	21864	19121	19118	132856	132854	148159	2323	2292	13288	2	13288	0	0	0	97708	3964	5	3994	1
bcb6d393	HI_1_12_0	27	instruments	full-L7-L9	L8+L2+LM+L3a+L6a+L6b+L4a+LS+L1a+LP	L8+L2+L3a+L6b+L4a+LS+L1a+LP	oui	0	16	49	21864	19121	19118	132856	132854	148159	2323	2292	13288	2	13288	0	0	0	97708	3964	5	3994	1
bcb6d393	HI_1_12_0	27	instruments	full-L8	L2+LM+L3a+L6a+L6b+L4a+LS+L1a+LP+L7+L9	L2+L3a+L6b+L4a+LS+L1a+LP+L7+L9	oui	0	14	49	21864	15162	15125	101238	101182	117128	4295	4074	9985	658	9951	656	0	5212	71303	0	0	0	0
bcb6d393	HI_1_12_0	27	instruments	full-L8-L9	L2+LM+L3a+L6a+L6b+L4a+LS+L1a+LP+L7	L2+L3a+L6b+L4a+LS+L1a+LP+L7	oui	0	14	49	21864	15162	15125	101238	101182	117128	4295	4074	9985	658	9951	656	0	5212	71303	0	0	0	0
bcb6d393	HI_1_12_0	27	instruments	full-L9	L8+L2+LM+L3a+L6a+L6b+L4a+LS+L1a+LP+L7	L8+L2+L3a+L6b+L4a+LS+L1a+LP+L7	oui	0	14	49	21864	15162	15125	101238	101182	117128	4294	4075	9985	658	9951	656	0	5212	71303	0	0	0	0
bcb6d393	HI_1_12_0	27	instruments	full-LM	L8+L2+L3a+L6a+L6b+L4a+LS+L1a+LP+L7+L9	L8+L2+L3a+L6b+L4a+LS+L1a+LP+L7+L9	non (identique par construction a full)	0	14	49	21864	15162	15125	101238	101182	117128	4294	4075	9985	658	9951	656	0	5212	71303	0	0	0	0
bcb6d393	HI_1_12_0	27	instruments	full-LM-L9	L8+L2+L3a+L6a+L6b+L4a+LS+L1a+LP+L7	L8+L2+L3a+L6b+L4a+LS+L1a+LP+L7	non (identique par construction a full-L9)	0	14	49	21864	15162	15125	101238	101182	117128	4294	4075	9985	658	9951	656	0	5212	71303	0	0	0	0
bcb6d393	HI_1_12_0	27	instruments	full-LP	L8+L2+LM+L3a+L6a+L6b+L4a+LS+L1a+L7+L9	L8+L2+L3a+L6b+L4a+LS+L1a+L7+L9	oui	0	14	0	21864	15162	15125	101238	101182	117128	4294	4075	9985	658	9951	656	0	5212	71303	0	0	0	0
bcb6d393	HI_1_12_0	27	instruments	full-LP-L9	L8+L2+LM+L3a+L6a+L6b+L4a+LS+L1a+L7	L8+L2+L3a+L6b+L4a+LS+L1a+L7	oui	0	14	0	21864	15162	15125	101238	101182	117128	4294	4075	9985	658	9951	656	0	5212	71303	0	0	0	0
bcb6d393	HI_1_12_0	27	instruments	full-LS	L8+L2+LM+L3a+L6a+L6b+L4a+L1a+LP+L7+L9	L8+L2+L3a+L6b+L4a+L1a+LP+L7+L9	oui	0	14	49	21864	15162	15125	101238	101182	117128	4294	4075	9985	658	9951	656	0	5212	71303	0	0	0	0
bcb6d393	HI_1_12_0	27	instruments	full-LS-L9	L8+L2+LM+L3a+L6a+L6b+L4a+L1a+LP+L7	L8+L2+L3a+L6b+L4a+L1a+LP+L7	oui	0	14	49	21864	15162	15125	101238	101182	117128	4294	4075	9985	658	9951	656	0	5212	71303	0	0	0	0
bcb6d393	HI_1_12_0	27	instruments	reference	aucun	aucun	oui	0	0	0	21864	5835	5830	35158	35143	121628	3249	3270	0	0	0	0	0	0	0	658	9985	656	9951
bf15f7ab	HI_1_13_0	27	instruments	L1a	L1a	L1a	oui	0	25	0	31053	29473	29472	224233	224224	230167	665	764	1007	10	1007	0	0	0	9236	339	745	342	746
bf15f7ab	HI_1_13_0	27	instruments	L1a-ref	L1a-ref	L1a-ref	oui	0	25	0	31053	29473	29472	224233	224224	230167	665	764	1007	10	1007	0	0	0	9236	339	745	342	746
bf15f7ab	HI_1_13_0	27	instruments	L2	L2	L2	oui	0	0	0	31053	28477	28466	215006	214982	227637	1658	1760	1	0	1	0	0	0	8	349	1751	342	1752
bf15f7ab	HI_1_13_0	27	instruments	L3a	L3a	L3a	oui	0	0	0	31053	28614	28603	216128	216104	228864	1667	1768	138	0	138	0	0	0	1128	360	1625	353	1626
bf15f7ab	HI_1_13_0	27	instruments	L4a	L4a	L4a	oui	0	0	0	31053	28476	28465	214998	214974	227637	1658	1760	0	0	0	0	0	0	0	349	1752	342	1753
bf15f7ab	HI_1_13_0	27	instruments	L6a	L6a	aucun	non (identique par construction a reference)	0	0	0	31053	28476	28465	214998	214974	227637	1658	1760	0	0	0	0	0	0	0	349	1752	342	1753
bf15f7ab	HI_1_13_0	27	instruments	L6a+WO	L6a+WO	WO	non (identique par construction a WO)	0	0	0	31053	28475	28465	214997	214974	227636	1659	1759	0	1	0	0	0	0	0	348	1752	342	1753
bf15f7ab	HI_1_13_0	27	instruments	L6b	L6b	L6b	oui	0	0	0	31053	28476	28465	214998	214974	227637	1658	1760	0	0	0	0	0	0	0	349	1752	342	1753
bf15f7ab	HI_1_13_0	27	instruments	L6b-flock	L6b-flock	L6b-flock	oui	0	0	0	31053	28476	28465	214998	214974	227637	1658	1760	0	0	0	0	0	0	0	349	1752	342	1753
bf15f7ab	HI_1_13_0	27	instruments	L7	L7	L7	oui	0	0	0	31053	28476	28465	214998	214974	227637	1658	1760	0	0	0	0	0	0	0	349	1752	342	1753
bf15f7ab	HI_1_13_0	27	instruments	L8	L8	L8	oui	0	0	0	31053	28476	28465	214998	214974	227637	1658	1760	0	0	0	0	0	0	0	349	1752	342	1753
bf15f7ab	HI_1_13_0	27	instruments	L8+LS	L8+LS	L8+LS	oui	0	0	0	31053	28476	28465	214998	214974	227637	1658	1760	0	0	0	0	0	0	0	349	1752	342	1753
bf15f7ab	HI_1_13_0	27	instruments	L9	L9	L9	oui	0	0	0	31053	28476	28465	214998	214974	227637	1658	1760	0	0	0	0	0	0	0	349	1752	342	1753
bf15f7ab	HI_1_13_0	27	instruments	LM	LM	aucun	non (identique par construction a reference)	0	0	0	31053	28476	28465	214998	214974	227637	1658	1760	0	0	0	0	0	0	0	349	1752	342	1753
bf15f7ab	HI_1_13_0	27	instruments	LM+L6a	LM+L6a	aucun	non (identique par construction a reference)	0	0	0	31053	28476	28465	214998	214974	227637	1658	1760	0	0	0	0	0	0	0	349	1752	342	1753
bf15f7ab	HI_1_13_0	27	instruments	LP	LP	LP	oui	0	0	9	31053	29081	29071	220635	220620	229052	1441	1443	605	0	606	0	0	0	5646	349	1147	342	1147
bf15f7ab	HI_1_13_0	27	instruments	LS	LS	LS	oui	0	0	0	31053	28476	28465	214998	214974	227637	1658	1760	0	0	0	0	0	0	0	349	1752	342	1753
bf15f7ab	HI_1_13_0	27	instruments	WO	WO	WO	oui	0	0	0	31053	28475	28465	214997	214974	227636	1659	1759	0	1	0	0	0	0	0	348	1752	342	1753
bf15f7ab	HI_1_13_0	27	instruments	full	L8+L2+LM+L3a+L6a+L6b+L4a+LS+L1a+LP+L7+L9	L8+L2+L3a+L6b+L4a+LS+L1a+LP+L7+L9	oui	0	25	9	31053	29879	29876	228297	228276	232463	743	696	1752	349	1753	342	3	2736	16026	0	0	0	0
bf15f7ab	HI_1_13_0	27	instruments	full+WO	L8+L2+LM+L3a+L6a+L6b+L4a+LS+L1a+LP+L7+L9+WO	L8+L2+L3a+L6b+L4a+LS+L1a+LP+L7+L9+WO	oui	0	25	9	31053	29879	29876	228297	228276	232463	743	696	1752	349	1753	342	3	2736	16026	0	0	0	0
bf15f7ab	HI_1_13_0	27	instruments	full+WO-L9	L8+L2+LM+L3a+L6a+L6b+L4a+LS+L1a+LP+L7+WO	L8+L2+L3a+L6b+L4a+LS+L1a+LP+L7+WO	oui	0	25	9	31053	29879	29876	228297	228276	232463	743	696	1752	349	1753	342	3	2736	16026	0	0	0	0
bf15f7ab	HI_1_13_0	27	instruments	full-L1a	L8+L2+LM+L3a+L6a+L6b+L4a+LS+LP+L7+L9	L8+L2+L3a+L6b+L4a+LS+LP+L7+L9	oui	0	0	9	31053	29231	29221	221872	221857	230303	1444	1446	755	0	756	0	0	0	6881	360	1008	353	1008
bf15f7ab	HI_1_13_0	27	instruments	full-L1a-L9	L8+L2+LM+L3a+L6a+L6b+L4a+LS+LP+L7	L8+L2+L3a+L6b+L4a+LS+LP+L7	oui	0	0	9	31053	29231	29221	221872	221857	230303	1444	1446	755	0	756	0	0	0	6881	360	1008	353	1008
bf15f7ab	HI_1_13_0	27	instruments	full-L2	L8+LM+L3a+L6a+L6b+L4a+LS+L1a+LP+L7+L9	L8+L3a+L6b+L4a+LS+L1a+LP+L7+L9	oui	0	25	9	31053	29878	29875	228289	228268	232463	743	696	1751	349	1752	342	3	2736	16018	0	1	0	1
bf15f7ab	HI_1_13_0	27	instruments	full-L2-L9	L8+LM+L3a+L6a+L6b+L4a+LS+L1a+LP+L7	L8+L3a+L6b+L4a+LS+L1a+LP+L7	oui	0	25	9	31053	29878	29875	228289	228268	232463	743	696	1751	349	1752	342	3	2736	16018	0	1	0	1
bf15f7ab	HI_1_13_0	27	instruments	full-L3a	L8+L2+LM+L6a+L6b+L4a+LS+L1a+LP+L7+L9	L8+L2+L6b+L4a+LS+L1a+LP+L7+L9	oui	0	25	9	31053	29753	29751	227226	227212	231280	716	702	1613	336	1614	328	2	2658	14890	14	140	14	139
bf15f7ab	HI_1_13_0	27	instruments	full-L3a-L9	L8+L2+LM+L6a+L6b+L4a+LS+L1a+LP+L7	L8+L2+L6b+L4a+LS+L1a+LP+L7	oui	0	25	9	31053	29753	29751	227226	227212	231280	716	702	1613	336	1614	328	2	2658	14890	14	140	14	139
bf15f7ab	HI_1_13_0	27	instruments	full-L4a	L8+L2+LM+L3a+L6a+L6b+LS+L1a+LP+L7+L9	L8+L2+L3a+L6b+LS+L1a+LP+L7+L9	oui	0	25	9	31053	29879	29876	228297	228276	232463	743	696	1752	349	1753	342	3	2736	16026	0	0	0	0
bf15f7ab	HI_1_13_0	27	instruments	full-L4a-L9	L8+L2+LM+L3a+L6a+L6b+LS+L1a+LP+L7	L8+L2+L3a+L6b+LS+L1a+LP+L7	oui	0	25	9	31053	29879	29876	228297	228276	232463	743	696	1752	349	1753	342	3	2736	16026	0	0	0	0
bf15f7ab	HI_1_13_0	27	instruments	full-L6a	L8+L2+LM+L3a+L6b+L4a+LS+L1a+LP+L7+L9	L8+L2+L3a+L6b+L4a+LS+L1a+LP+L7+L9	non (identique par construction a full)	0	25	9	31053	29879	29876	228297	228276	232463	743	696	1752	349	1753	342	3	2736	16026	0	0	0	0
bf15f7ab	HI_1_13_0	27	instruments	full-L6a-L9	L8+L2+LM+L3a+L6b+L4a+LS+L1a+LP+L7	L8+L2+L3a+L6b+L4a+LS+L1a+LP+L7	non (identique par construction a full-L9)	0	25	9	31053	29879	29876	228297	228276	232463	743	696	1752	349	1753	342	3	2736	16026	0	0	0	0
bf15f7ab	HI_1_13_0	27	instruments	full-L6b	L8+L2+LM+L3a+L6a+L4a+LS+L1a+LP+L7+L9	L8+L2+L3a+L4a+LS+L1a+LP+L7+L9	oui	0	25	9	31053	29879	29876	228297	228276	232463	743	696	1752	349	1753	342	3	2736	16026	0	0	0	0
bf15f7ab	HI_1_13_0	27	instruments	full-L6b-L9	L8+L2+LM+L3a+L6a+L4a+LS+L1a+LP+L7	L8+L2+L3a+L4a+LS+L1a+LP+L7	oui	0	25	9	31053	29879	29876	228297	228276	232463	743	696	1752	349	1753	342	3	2736	16026	0	0	0	0
bf15f7ab	HI_1_13_0	27	instruments	full-L7	L8+L2+LM+L3a+L6a+L6b+L4a+LS+L1a+LP+L9	L8+L2+L3a+L6b+L4a+LS+L1a+LP+L9	oui	0	25	9	31053	30229	30229	231107	231107	232833	451	450	1763	10	1764	0	0	0	16117	350	0	353	0
bf15f7ab	HI_1_13_0	27	instruments	full-L7-L9	L8+L2+LM+L3a+L6a+L6b+L4a+LS+L1a+LP	L8+L2+L3a+L6b+L4a+LS+L1a+LP	oui	0	25	9	31053	30229	30229	231107	231107	232833	451	450	1763	10	1764	0	0	0	16117	350	0	353	0
bf15f7ab	HI_1_13_0	27	instruments	full-L8	L2+LM+L3a+L6a+L6b+L4a+LS+L1a+LP+L7+L9	L2+L3a+L6b+L4a+LS+L1a+LP+L7+L9	oui	0	25	9	31053	29879	29876	228297	228276	232463	743	696	1752	349	1753	342	3	2736	16026	0	0	0	0
bf15f7ab	HI_1_13_0	27	instruments	full-L8-L9	L2+LM+L3a+L6a+L6b+L4a+LS+L1a+LP+L7	L2+L3a+L6b+L4a+LS+L1a+LP+L7	oui	0	25	9	31053	29879	29876	228297	228276	232463	743	696	1752	349	1753	342	3	2736	16026	0	0	0	0
bf15f7ab	HI_1_13_0	27	instruments	full-L9	L8+L2+LM+L3a+L6a+L6b+L4a+LS+L1a+LP+L7	L8+L2+L3a+L6b+L4a+LS+L1a+LP+L7	oui	0	25	9	31053	29879	29876	228297	228276	232463	743	696	1752	349	1753	342	3	2736	16026	0	0	0	0
bf15f7ab	HI_1_13_0	27	instruments	full-LM	L8+L2+L3a+L6a+L6b+L4a+LS+L1a+LP+L7+L9	L8+L2+L3a+L6b+L4a+LS+L1a+LP+L7+L9	non (identique par construction a full)	0	25	9	31053	29879	29876	228297	228276	232463	743	696	1752	349	1753	342	3	2736	16026	0	0	0	0
bf15f7ab	HI_1_13_0	27	instruments	full-LM-L9	L8+L2+L3a+L6a+L6b+L4a+LS+L1a+LP+L7	L8+L2+L3a+L6b+L4a+LS+L1a+LP+L7	non (identique par construction a full-L9)	0	25	9	31053	29879	29876	228297	228276	232463	743	696	1752	349	1753	342	3	2736	16026	0	0	0	0
bf15f7ab	HI_1_13_0	27	instruments	full-LP	L8+L2+LM+L3a+L6a+L6b+L4a+LS+L1a+L7+L9	L8+L2+L3a+L6b+L4a+LS+L1a+L7+L9	oui	0	25	0	31053	29879	29876	228297	228276	232463	743	696	1752	349	1753	342	3	2736	16026	0	0	0	0
bf15f7ab	HI_1_13_0	27	instruments	full-LP-L9	L8+L2+LM+L3a+L6a+L6b+L4a+LS+L1a+L7	L8+L2+L3a+L6b+L4a+LS+L1a+L7	oui	0	25	0	31053	29879	29876	228297	228276	232463	743	696	1752	349	1753	342	3	2736	16026	0	0	0	0
bf15f7ab	HI_1_13_0	27	instruments	full-LS	L8+L2+LM+L3a+L6a+L6b+L4a+L1a+LP+L7+L9	L8+L2+L3a+L6b+L4a+L1a+LP+L7+L9	oui	0	25	9	31053	29879	29876	228297	228276	232463	743	696	1752	349	1753	342	3	2736	16026	0	0	0	0
bf15f7ab	HI_1_13_0	27	instruments	full-LS-L9	L8+L2+LM+L3a+L6a+L6b+L4a+L1a+LP+L7	L8+L2+L3a+L6b+L4a+L1a+LP+L7	oui	0	25	9	31053	29879	29876	228297	228276	232463	743	696	1752	349	1753	342	3	2736	16026	0	0	0	0
bf15f7ab	HI_1_13_0	27	instruments	reference	aucun	aucun	oui	0	0	0	31053	28476	28465	214998	214974	227637	1658	1760	0	0	0	0	0	0	0	349	1752	342	1753
bfecd02b	HI_1_13_0	27	instruments	L1a	L1a	L1a	oui	0	25	0	31232	28829	28827	253616	253613	263390	712	703	2445	19	2447	0	0	0	27071	387	1550	386	1550
bfecd02b	HI_1_13_0	27	instruments	L1a-ref	L1a-ref	L1a-ref	oui	0	25	0	31232	28829	28827	253616	253613	263390	712	703	2445	19	2447	0	0	0	27071	387	1550	386	1550
bfecd02b	HI_1_13_0	27	instruments	L2	L2	L2	oui	0	0	0	31232	26403	26380	226580	226529	254963	3154	3154	0	0	0	0	0	0	0	371	3960	351	3962
bfecd02b	HI_1_13_0	27	instruments	L3a	L3a	L3a	oui	0	0	0	31232	26953	26930	232633	232582	260624	2920	2920	550	0	550	0	0	0	6026	620	3659	600	3661
bfecd02b	HI_1_13_0	27	instruments	L4a	L4a	L4a	oui	0	0	0	31232	27132	27108	232970	232918	257060	3218	3218	729	0	728	0	0	0	6389	383	3243	362	3245
bfecd02b	HI_1_13_0	27	instruments	L6a	L6a	aucun	non (identique par construction a reference)	0	0	0	31232	26403	26380	226580	226529	254963	3154	3154	0	0	0	0	0	0	0	371	3960	351	3962
bfecd02b	HI_1_13_0	27	instruments	L6a+WO	L6a+WO	WO	non (identique par construction a WO)	0	0	0	31232	26399	26380	226577	226529	254960	3154	3153	0	4	0	0	0	0	0	367	3960	351	3962
bfecd02b	HI_1_13_0	27	instruments	L6b	L6b	L6b	oui	0	0	0	31232	26403	26380	226580	226529	254963	3154	3154	0	0	0	0	0	0	0	371	3960	351	3962
bfecd02b	HI_1_13_0	27	instruments	L6b-flock	L6b-flock	L6b-flock	oui	0	0	0	31232	26403	26380	226580	226529	254963	3154	3154	0	0	0	0	0	0	0	371	3960	351	3962
bfecd02b	HI_1_13_0	27	instruments	L7	L7	L7	oui	0	0	0	31232	26403	26380	226580	226529	254963	3154	3154	0	0	0	0	0	0	0	371	3960	351	3962
bfecd02b	HI_1_13_0	27	instruments	L8	L8	L8	oui	0	0	0	31232	26403	26380	226580	226529	254963	3154	3154	0	0	0	0	0	0	0	371	3960	351	3962
bfecd02b	HI_1_13_0	27	instruments	L8+LS	L8+LS	L8+LS	oui	0	0	0	31232	26403	26380	226580	226529	254963	3154	3154	0	0	0	0	0	0	0	371	3960	351	3962
bfecd02b	HI_1_13_0	27	instruments	L9	L9	L9	oui	0	0	0	31232	26403	26380	226580	226529	254963	3154	3154	0	0	0	0	0	0	0	371	3960	351	3962
bfecd02b	HI_1_13_0	27	instruments	LM	LM	aucun	non (identique par construction a reference)	0	0	0	31232	26403	26380	226580	226529	254963	3154	3154	0	0	0	0	0	0	0	371	3960	351	3962
bfecd02b	HI_1_13_0	27	instruments	LM+L6a	LM+L6a	aucun	non (identique par construction a reference)	0	0	0	31232	26403	26380	226580	226529	254963	3154	3154	0	0	0	0	0	0	0	371	3960	351	3962
bfecd02b	HI_1_13_0	27	instruments	LP	LP	LP	oui	0	0	7	31232	26403	26380	226580	226529	254963	3154	3154	0	0	0	0	0	0	0	371	3960	351	3962
bfecd02b	HI_1_13_0	27	instruments	LS	LS	LS	oui	0	0	0	31232	26403	26380	226580	226529	254963	3154	3154	0	0	0	0	0	0	0	371	3960	351	3962
bfecd02b	HI_1_13_0	27	instruments	WO	WO	WO	oui	0	0	0	31232	26399	26380	226577	226529	254960	3154	3153	0	4	0	0	0	0	0	367	3960	351	3962
bfecd02b	HI_1_13_0	27	instruments	full	L8+L2+LM+L3a+L6a+L6b+L4a+LS+L1a+LP+L7+L9	L8+L2+L3a+L6b+L4a+LS+L1a+LP+L7+L9	oui	0	27	7	31232	29992	29991	265237	265234	266627	549	418	3960	371	3962	351	0	3330	42030	0	0	0	0
bfecd02b	HI_1_13_0	27	instruments	full+WO	L8+L2+LM+L3a+L6a+L6b+L4a+LS+L1a+LP+L7+L9+WO	L8+L2+L3a+L6b+L4a+LS+L1a+LP+L7+L9+WO	oui	0	27	7	31232	29992	29991	265237	265234	266627	549	418	3960	371	3962	351	0	3330	42030	0	0	0	0
bfecd02b	HI_1_13_0	27	instruments	full+WO-L9	L8+L2+LM+L3a+L6a+L6b+L4a+LS+L1a+LP+L7+WO	L8+L2+L3a+L6b+L4a+LS+L1a+LP+L7+WO	oui	0	27	7	31232	29992	29991	265237	265234	266627	549	418	3960	371	3962	351	0	3330	42030	0	0	0	0
bfecd02b	HI_1_13_0	27	instruments	full-L1a	L8+L2+LM+L3a+L6a+L6b+L4a+LS+LP+L7+L9	L8+L2+L3a+L6b+L4a+LS+LP+L7+L9	oui	0	0	7	31232	27691	27667	239105	239053	262748	2984	2984	1288	0	1287	0	0	0	12497	632	2933	611	2935
bfecd02b	HI_1_13_0	27	instruments	full-L1a-L9	L8+L2+LM+L3a+L6a+L6b+L4a+LS+LP+L7	L8+L2+L3a+L6b+L4a+LS+LP+L7	oui	0	0	7	31232	27691	27667	239105	239053	262748	2984	2984	1288	0	1287	0	0	0	12497	632	2933	611	2935
bfecd02b	HI_1_13_0	27	instruments	full-L2	L8+LM+L3a+L6a+L6b+L4a+LS+L1a+LP+L7+L9	L8+L3a+L6b+L4a+LS+L1a+LP+L7+L9	oui	0	27	7	31232	29991	29990	265229	265226	266627	549	418	3959	371	3961	351	0	3330	42022	0	1	0	1
bfecd02b	HI_1_13_0	27	instruments	full-L2-L9	L8+LM+L3a+L6a+L6b+L4a+LS+L1a+LP+L7	L8+L3a+L6b+L4a+LS+L1a+LP+L7	oui	0	27	7	31232	29991	29990	265229	265226	266627	549	418	3959	371	3961	351	0	3330	42022	0	1	0	1
bfecd02b	HI_1_13_0	27	instruments	full-L3a	L8+L2+LM+L6a+L6b+L4a+LS+L1a+LP+L7+L9	L8+L2+L6b+L4a+LS+L1a+LP+L7+L9	oui	0	25	7	31232	29575	29572	260194	260190	265499	747	740	3196	24	3197	5	0	55	33707	358	775	356	775
bfecd02b	HI_1_13_0	27	instruments	full-L3a-L9	L8+L2+LM+L6a+L6b+L4a+LS+L1a+LP+L7	L8+L2+L6b+L4a+LS+L1a+LP+L7	oui	0	25	7	31232	29575	29572	260194	260190	265499	747	740	3196	24	3197	5	0	55	33707	358	775	356	775
bfecd02b	HI_1_13_0	27	instruments	full-L4a	L8+L2+LM+L3a+L6a+L6b+LS+L1a+LP+L7+L9	L8+L2+L3a+L6b+LS+L1a+LP+L7+L9	oui	0	27	7	31232	29195	29194	258074	258071	264316	550	419	3164	372	3166	352	0	3338	34875	0	797	0	797
bfecd02b	HI_1_13_0	27	instruments	full-L4a-L9	L8+L2+LM+L3a+L6a+L6b+LS+L1a+LP+L7	L8+L2+L3a+L6b+LS+L1a+LP+L7	oui	0	27	7	31232	29195	29194	258074	258071	264316	550	419	3164	372	3166	352	0	3338	34875	0	797	0	797
bfecd02b	HI_1_13_0	27	instruments	full-L6a	L8+L2+LM+L3a+L6b+L4a+LS+L1a+LP+L7+L9	L8+L2+L3a+L6b+L4a+LS+L1a+LP+L7+L9	non (identique par construction a full)	0	27	7	31232	29992	29991	265237	265234	266627	549	418	3960	371	3962	351	0	3330	42030	0	0	0	0
bfecd02b	HI_1_13_0	27	instruments	full-L6a-L9	L8+L2+LM+L3a+L6b+L4a+LS+L1a+LP+L7	L8+L2+L3a+L6b+L4a+LS+L1a+LP+L7	non (identique par construction a full-L9)	0	27	7	31232	29992	29991	265237	265234	266627	549	418	3960	371	3962	351	0	3330	42030	0	0	0	0
bfecd02b	HI_1_13_0	27	instruments	full-L6b	L8+L2+LM+L3a+L6a+L4a+LS+L1a+LP+L7+L9	L8+L2+L3a+L4a+LS+L1a+LP+L7+L9	oui	0	27	7	31232	29992	29991	265237	265234	266627	549	418	3960	371	3962	351	0	3330	42030	0	0	0	0
bfecd02b	HI_1_13_0	27	instruments	full-L6b-L9	L8+L2+LM+L3a+L6a+L4a+LS+L1a+LP+L7	L8+L2+L3a+L4a+LS+L1a+LP+L7	oui	0	27	7	31232	29992	29991	265237	265234	266627	549	418	3960	371	3962	351	0	3330	42030	0	0	0	0
bfecd02b	HI_1_13_0	27	instruments	full-L7	L8+L2+LM+L3a+L6a+L6b+L4a+LS+L1a+LP+L9	L8+L2+L3a+L6b+L4a+LS+L1a+LP+L9	oui	0	27	7	31232	30638	30637	272426	272423	272952	25	16	4255	20	4257	0	0	0	45851	646	0	646	0
bfecd02b	HI_1_13_0	27	instruments	full-L7-L9	L8+L2+LM+L3a+L6a+L6b+L4a+LS+L1a+LP	L8+L2+L3a+L6b+L4a+LS+L1a+LP	oui	0	27	7	31232	30638	30637	272426	272423	272952	25	16	4255	20	4257	0	0	0	45851	646	0	646	0
bfecd02b	HI_1_13_0	27	instruments	full-L8	L2+LM+L3a+L6a+L6b+L4a+LS+L1a+LP+L7+L9	L2+L3a+L6b+L4a+LS+L1a+LP+L7+L9	oui	0	27	7	31232	29992	29991	265237	265234	266627	549	418	3960	371	3962	351	0	3330	42030	0	0	0	0
bfecd02b	HI_1_13_0	27	instruments	full-L8-L9	L2+LM+L3a+L6a+L6b+L4a+LS+L1a+LP+L7	L2+L3a+L6b+L4a+LS+L1a+LP+L7	oui	0	27	7	31232	29992	29991	265237	265234	266627	549	418	3960	371	3962	351	0	3330	42030	0	0	0	0
bfecd02b	HI_1_13_0	27	instruments	full-L9	L8+L2+LM+L3a+L6a+L6b+L4a+LS+L1a+LP+L7	L8+L2+L3a+L6b+L4a+LS+L1a+LP+L7	oui	0	27	7	31232	29992	29991	265237	265234	266627	549	418	3960	371	3962	351	0	3330	42030	0	0	0	0
bfecd02b	HI_1_13_0	27	instruments	full-LM	L8+L2+L3a+L6a+L6b+L4a+LS+L1a+LP+L7+L9	L8+L2+L3a+L6b+L4a+LS+L1a+LP+L7+L9	non (identique par construction a full)	0	27	7	31232	29992	29991	265237	265234	266627	549	418	3960	371	3962	351	0	3330	42030	0	0	0	0
bfecd02b	HI_1_13_0	27	instruments	full-LM-L9	L8+L2+L3a+L6a+L6b+L4a+LS+L1a+LP+L7	L8+L2+L3a+L6b+L4a+LS+L1a+LP+L7	non (identique par construction a full-L9)	0	27	7	31232	29992	29991	265237	265234	266627	549	418	3960	371	3962	351	0	3330	42030	0	0	0	0
bfecd02b	HI_1_13_0	27	instruments	full-LP	L8+L2+LM+L3a+L6a+L6b+L4a+LS+L1a+L7+L9	L8+L2+L3a+L6b+L4a+LS+L1a+L7+L9	oui	0	27	0	31232	29992	29991	265237	265234	266627	549	418	3960	371	3962	351	0	3330	42030	0	0	0	0
bfecd02b	HI_1_13_0	27	instruments	full-LP-L9	L8+L2+LM+L3a+L6a+L6b+L4a+LS+L1a+L7	L8+L2+L3a+L6b+L4a+LS+L1a+L7	oui	0	27	0	31232	29992	29991	265237	265234	266627	549	418	3960	371	3962	351	0	3330	42030	0	0	0	0
bfecd02b	HI_1_13_0	27	instruments	full-LS	L8+L2+LM+L3a+L6a+L6b+L4a+L1a+LP+L7+L9	L8+L2+L3a+L6b+L4a+L1a+LP+L7+L9	oui	0	27	7	31232	29992	29991	265237	265234	266627	549	418	3960	371	3962	351	0	3330	42030	0	0	0	0
bfecd02b	HI_1_13_0	27	instruments	full-LS-L9	L8+L2+LM+L3a+L6a+L6b+L4a+L1a+LP+L7	L8+L2+L3a+L6b+L4a+L1a+LP+L7	oui	0	27	7	31232	29992	29991	265237	265234	266627	549	418	3960	371	3962	351	0	3330	42030	0	0	0	0
bfecd02b	HI_1_13_0	27	instruments	reference	aucun	aucun	oui	0	0	0	31232	26403	26380	226580	226529	254963	3154	3154	0	0	0	0	0	0	0	371	3960	351	3962
c75f33b8	HI_1_13_0	27	instruments	L1a	L1a	L1a	oui	0	22	0	27800	23414	23414	147084	147084	156119	1848	1850	555	85	559	0	0	0	2654	1466	2710	1475	2710
c75f33b8	HI_1_13_0	27	instruments	L1a-ref	L1a-ref	L1a-ref	oui	0	22	0	27800	23414	23414	147084	147084	156119	1848	1850	555	85	559	0	0	0	2654	1466	2710	1475	2710
c75f33b8	HI_1_13_0	27	instruments	L2	L2	L2	oui	0	0	0	27800	22945	22856	144585	144438	155136	2296	2317	1	0	1	0	0	0	8	1489	3202	1473	3266
c75f33b8	HI_1_13_0	27	instruments	L3a	L3a	L3a	oui	0	0	0	27800	23145	23054	146359	146206	156237	2223	2245	201	0	199	0	0	0	1776	1508	3021	1491	3086
c75f33b8	HI_1_13_0	27	instruments	L4a	L4a	L4a	oui	0	0	0	27800	22944	22855	144577	144430	155136	2296	2317	0	0	0	0	0	0	0	1489	3203	1473	3267
c75f33b8	HI_1_13_0	27	instruments	L6a	L6a	aucun	non (identique par construction a reference)	0	0	0	27800	22944	22855	144577	144430	155136	2296	2317	0	0	0	0	0	0	0	1489	3203	1473	3267
c75f33b8	HI_1_13_0	27	instruments	L6a+WO	L6a+WO	WO	non (identique par construction a WO)	0	0	0	27800	22943	22855	144575	144430	155134	2296	2318	4	5	0	0	0	0	0	1489	3204	1473	3267
c75f33b8	HI_1_13_0	27	instruments	L6b	L6b	L6b	oui	0	0	0	27800	22944	22855	144577	144430	155136	2296	2317	0	0	0	0	0	0	0	1489	3203	1473	3267
c75f33b8	HI_1_13_0	27	instruments	L6b-flock	L6b-flock	L6b-flock	oui	0	0	0	27800	22944	22855	144577	144430	155136	2296	2317	0	0	0	0	0	0	0	1489	3203	1473	3267
c75f33b8	HI_1_13_0	27	instruments	L7	L7	L7	oui	0	0	0	27800	22944	22855	144577	144430	155136	2296	2317	0	0	0	0	0	0	0	1489	3203	1473	3267
c75f33b8	HI_1_13_0	27	instruments	L8	L8	L8	oui	0	0	0	27800	23760	23670	152333	152187	159175	1508	1530	817	1	815	0	0	0	7757	1668	2566	1652	2631
c75f33b8	HI_1_13_0	27	instruments	L8+LS	L8+LS	L8+LS	oui	0	0	0	27800	26030	25940	171385	171239	176908	1216	1235	3086	0	3085	0	0	0	26809	2128	756	2112	821
c75f33b8	HI_1_13_0	27	instruments	L9	L9	L9	oui	0	0	0	27800	22944	22855	144577	144430	155136	2296	2317	0	0	0	0	0	0	0	1489	3203	1473	3267
c75f33b8	HI_1_13_0	27	instruments	LM	LM	aucun	non (identique par construction a reference)	0	0	0	27800	22944	22855	144577	144430	155136	2296	2317	0	0	0	0	0	0	0	1489	3203	1473	3267
c75f33b8	HI_1_13_0	27	instruments	LM+L6a	LM+L6a	aucun	non (identique par construction a reference)	0	0	0	27800	22944	22855	144577	144430	155136	2296	2317	0	0	0	0	0	0	0	1489	3203	1473	3267
c75f33b8	HI_1_13_0	27	instruments	LP	LP	LP	oui	0	0	224	27800	22944	22855	144577	144430	155136	2296	2317	0	0	0	0	0	0	0	1489	3203	1473	3267
c75f33b8	HI_1_13_0	27	instruments	LS	LS	LS	oui	0	0	0	27800	25832	25743	169670	169523	175146	1399	1417	2888	0	2888	0	0	0	25093	2125	951	2109	1015
c75f33b8	HI_1_13_0	27	instruments	WO	WO	WO	oui	0	0	0	27800	22943	22855	144575	144430	155134	2296	2318	4	5	0	0	0	0	0	1489	3204	1473	3267
c75f33b8	HI_1_13_0	27	instruments	full	L8+L2+LM+L3a+L6a+L6b+L4a+LS+L1a+LP+L7+L9	L8+L2+L3a+L6b+L4a+LS+L1a+LP+L7+L9	oui	0	22	224	27800	24658	24649	157158	157111	171025	2348	2213	3203	1489	3267	1473	9	12168	24931	0	0	0	0
c75f33b8	HI_1_13_0	27	instruments	full+WO	L8+L2+LM+L3a+L6a+L6b+L4a+LS+L1a+LP+L7+L9+WO	L8+L2+L3a+L6b+L4a+LS+L1a+LP+L7+L9+WO	oui	0	22	224	27800	24658	24649	157158	157111	171025	2348	2213	3203	1489	3267	1473	9	12168	24931	0	0	0	0
c75f33b8	HI_1_13_0	27	instruments	full+WO-L9	L8+L2+LM+L3a+L6a+L6b+L4a+LS+L1a+LP+L7+WO	L8+L2+L3a+L6b+L4a+LS+L1a+LP+L7+WO	oui	0	22	224	27800	24658	24649	157158	157111	171025	2348	2213	3203	1489	3267	1473	9	12168	24931	0	0	0	0
c75f33b8	HI_1_13_0	27	instruments	full-L1a	L8+L2+LM+L3a+L6a+L6b+L4a+LS+LP+L7+L9	L8+L2+L3a+L6b+L4a+LS+LP+L7+L9	oui	0	0	224	27800	26243	26151	173258	173106	177982	1128	1148	3299	0	3296	0	0	0	28676	2153	568	2136	634
c75f33b8	HI_1_13_0	27	instruments	full-L1a-L9	L8+L2+LM+L3a+L6a+L6b+L4a+LS+LP+L7	L8+L2+L3a+L6b+L4a+LS+LP+L7	oui	0	0	224	27800	26243	26151	173258	173106	177982	1128	1148	3299	0	3296	0	0	0	28676	2153	568	2136	634
c75f33b8	HI_1_13_0	27	instruments	full-L2	L8+LM+L3a+L6a+L6b+L4a+LS+L1a+LP+L7+L9	L8+L3a+L6b+L4a+LS+L1a+LP+L7+L9	oui	0	22	224	27800	24656	24647	157148	157101	171025	2348	2213	3201	1489	3265	1473	9	12168	24921	0	2	0	2
c75f33b8	HI_1_13_0	27	instruments	full-L2-L9	L8+LM+L3a+L6a+L6b+L4a+LS+L1a+LP+L7	L8+L3a+L6b+L4a+LS+L1a+LP+L7	oui	0	22	224	27800	24656	24647	157148	157101	171025	2348	2213	3201	1489	3265	1473	9	12168	24921	0	2	0	2
c75f33b8	HI_1_13_0	27	instruments	full-L3a	L8+L2+LM+L6a+L6b+L4a+LS+L1a+LP+L7+L9	L8+L2+L6b+L4a+LS+L1a+LP+L7+L9	oui	0	22	224	27800	24656	24647	157749	157702	171362	2245	2196	3201	1489	3265	1473	9	12168	25522	184	186	184	186
c75f33b8	HI_1_13_0	27	instruments	full-L3a-L9	L8+L2+LM+L6a+L6b+L4a+LS+L1a+LP+L7	L8+L2+L6b+L4a+LS+L1a+LP+L7	oui	0	22	224	27800	24656	24647	157749	157702	171362	2245	2196	3201	1489	3265	1473	9	12168	25522	184	186	184	186
c75f33b8	HI_1_13_0	27	instruments	full-L4a	L8+L2+LM+L3a+L6a+L6b+LS+L1a+LP+L7+L9	L8+L2+L3a+L6b+LS+L1a+LP+L7+L9	oui	0	22	224	27800	24658	24649	157158	157111	171025	2348	2213	3203	1489	3267	1473	9	12168	24931	0	0	0	0
c75f33b8	HI_1_13_0	27	instruments	full-L4a-L9	L8+L2+LM+L3a+L6a+L6b+LS+L1a+LP+L7	L8+L2+L3a+L6b+LS+L1a+LP+L7	oui	0	22	224	27800	24658	24649	157158	157111	171025	2348	2213	3203	1489	3267	1473	9	12168	24931	0	0	0	0
c75f33b8	HI_1_13_0	27	instruments	full-L6a	L8+L2+LM+L3a+L6b+L4a+LS+L1a+LP+L7+L9	L8+L2+L3a+L6b+L4a+LS+L1a+LP+L7+L9	non (identique par construction a full)	0	22	224	27800	24658	24649	157158	157111	171025	2348	2213	3203	1489	3267	1473	9	12168	24931	0	0	0	0
c75f33b8	HI_1_13_0	27	instruments	full-L6a-L9	L8+L2+LM+L3a+L6b+L4a+LS+L1a+LP+L7	L8+L2+L3a+L6b+L4a+LS+L1a+LP+L7	non (identique par construction a full-L9)	0	22	224	27800	24658	24649	157158	157111	171025	2348	2213	3203	1489	3267	1473	9	12168	24931	0	0	0	0
c75f33b8	HI_1_13_0	27	instruments	full-L6b	L8+L2+LM+L3a+L6a+L4a+LS+L1a+LP+L7+L9	L8+L2+L3a+L4a+LS+L1a+LP+L7+L9	oui	0	22	224	27800	24658	24649	157158	157111	171025	2348	2213	3203	1489	3267	1473	9	12168	24931	0	0	0	0
c75f33b8	HI_1_13_0	27	instruments	full-L6b-L9	L8+L2+LM+L3a+L6a+L4a+LS+L1a+LP+L7	L8+L2+L3a+L4a+LS+L1a+LP+L7	oui	0	22	224	27800	24658	24649	157158	157111	171025	2348	2213	3203	1489	3267	1473	9	12168	24931	0	0	0	0
c75f33b8	HI_1_13_0	27	instruments	full-L7	L8+L2+LM+L3a+L6a+L6b+L4a+LS+L1a+LP+L9	L8+L2+L3a+L6b+L4a+LS+L1a+LP+L9	oui	0	22	224	27800	26792	26792	176109	176109	179123	573	572	3866	18	3937	0	0	0	31679	2134	0	2143	0
c75f33b8	HI_1_13_0	27	instruments	full-L7-L9	L8+L2+LM+L3a+L6a+L6b+L4a+LS+L1a+LP	L8+L2+L3a+L6b+L4a+LS+L1a+LP	oui	0	22	224	27800	26792	26792	176109	176109	179123	573	572	3866	18	3937	0	0	0	31679	2134	0	2143	0
c75f33b8	HI_1_13_0	27	instruments	full-L8	L2+LM+L3a+L6a+L6b+L4a+LS+L1a+LP+L7+L9	L2+L3a+L6b+L4a+LS+L1a+LP+L7+L9	oui	0	22	224	27800	24410	24401	155184	155137	168988	2581	2445	2955	1489	3019	1473	9	12168	22957	0	248	0	248
c75f33b8	HI_1_13_0	27	instruments	full-L8-L9	L2+LM+L3a+L6a+L6b+L4a+LS+L1a+LP+L7	L2+L3a+L6b+L4a+LS+L1a+LP+L7	oui	0	22	224	27800	24410	24401	155184	155137	168988	2581	2445	2955	1489	3019	1473	9	12168	22957	0	248	0	248
c75f33b8	HI_1_13_0	27	instruments	full-L9	L8+L2+LM+L3a+L6a+L6b+L4a+LS+L1a+LP+L7	L8+L2+L3a+L6b+L4a+LS+L1a+LP+L7	oui	0	22	224	27800	24658	24649	157158	157111	171025	2348	2213	3203	1489	3267	1473	9	12168	24931	0	0	0	0
c75f33b8	HI_1_13_0	27	instruments	full-LM	L8+L2+L3a+L6a+L6b+L4a+LS+L1a+LP+L7+L9	L8+L2+L3a+L6b+L4a+LS+L1a+LP+L7+L9	non (identique par construction a full)	0	22	224	27800	24658	24649	157158	157111	171025	2348	2213	3203	1489	3267	1473	9	12168	24931	0	0	0	0
c75f33b8	HI_1_13_0	27	instruments	full-LM-L9	L8+L2+L3a+L6a+L6b+L4a+LS+L1a+LP+L7	L8+L2+L3a+L6b+L4a+LS+L1a+LP+L7	non (identique par construction a full-L9)	0	22	224	27800	24658	24649	157158	157111	171025	2348	2213	3203	1489	3267	1473	9	12168	24931	0	0	0	0
c75f33b8	HI_1_13_0	27	instruments	full-LP	L8+L2+LM+L3a+L6a+L6b+L4a+LS+L1a+L7+L9	L8+L2+L3a+L6b+L4a+LS+L1a+L7+L9	oui	0	22	0	27800	24658	24649	157158	157111	171025	2348	2213	3203	1489	3267	1473	9	12168	24931	0	0	0	0
c75f33b8	HI_1_13_0	27	instruments	full-LP-L9	L8+L2+LM+L3a+L6a+L6b+L4a+LS+L1a+L7	L8+L2+L3a+L6b+L4a+LS+L1a+L7	oui	0	22	0	27800	24658	24649	157158	157111	171025	2348	2213	3203	1489	3267	1473	9	12168	24931	0	0	0	0
c75f33b8	HI_1_13_0	27	instruments	full-LS	L8+L2+LM+L3a+L6a+L6b+L4a+L1a+LP+L7+L9	L8+L2+L3a+L6b+L4a+L1a+LP+L7+L9	oui	0	22	224	27800	22635	22627	140601	140560	154060	2464	2328	1390	1699	1395	1623	8	13677	9867	0	2023	0	2022
c75f33b8	HI_1_13_0	27	instruments	full-LS-L9	L8+L2+LM+L3a+L6a+L6b+L4a+L1a+LP+L7	L8+L2+L3a+L6b+L4a+L1a+LP+L7	oui	0	22	224	27800	22635	22627	140601	140560	154060	2464	2328	1390	1699	1395	1623	8	13677	9867	0	2023	0	2022
c75f33b8	HI_1_13_0	27	instruments	reference	aucun	aucun	oui	0	0	0	27800	22944	22855	144577	144430	155136	2296	2317	0	0	0	0	0	0	0	1489	3203	1473	3267
d9781168	HI_1_13_0	27	instruments	L1a	L1a	L1a	oui	0	37	0	43645	28739	28739	201512	201512	252417	8994	8825	2511	236	2525	0	0	0	21421	2629	10247	2635	10235
d9781168	HI_1_13_0	27	instruments	L1a-ref	L1a-ref	L1a-ref	oui	0	37	0	43645	28739	28739	201512	201512	252417	8994	8825	2511	236	2525	0	0	0	21421	2629	10247	2635	10235
d9781168	HI_1_13_0	27	instruments	L2	L2	L2	oui	0	0	0	43645	26470	26215	180374	180061	244872	11249	11158	6	0	1	0	0	0	8	1830	11717	1787	11911
d9781168	HI_1_13_0	27	instruments	L3a	L3a	L3a	oui	0	0	0	43645	26576	26321	181169	180855	245931	11297	11205	112	0	107	0	0	0	802	1842	11623	1797	11815
d9781168	HI_1_13_0	27	instruments	L4a	L4a	L4a	oui	0	0	0	43645	26465	26214	180367	180053	244873	11249	11156	1	0	0	0	0	0	0	1830	11722	1787	11912
d9781168	HI_1_13_0	27	instruments	L6a	L6a	aucun	non (identique par construction a reference)	0	0	0	43645	26464	26214	180366	180053	244872	11249	11156	0	0	0	0	0	0	0	1830	11723	1787	11912
d9781168	HI_1_13_0	27	instruments	L6a+WO	L6a+WO	WO	non (identique par construction a WO)	0	0	0	43645	26457	26213	180375	180053	244881	11249	11148	19	26	0	1	1	0	0	1829	11729	1787	11913
d9781168	HI_1_13_0	27	instruments	L6b	L6b	L6b	oui	0	0	0	43645	26470	26214	180368	180053	244874	11249	11159	8	2	0	0	0	0	0	1830	11717	1787	11912
d9781168	HI_1_13_0	27	instruments	L6b-flock	L6b-flock	L6b-flock	oui	0	0	0	43645	26468	26214	180368	180053	244874	11249	11159	4	0	0	0	0	0	0	1830	11719	1787	11912
d9781168	HI_1_13_0	27	instruments	L7	L7	L7	oui	0	0	0	43645	26464	26214	180366	180053	244872	11249	11156	0	0	0	0	0	0	0	1830	11723	1787	11912
d9781168	HI_1_13_0	27	instruments	L8	L8	L8	oui	0	0	0	43645	26465	26214	180366	180053	244872	11249	11156	1	0	0	0	0	0	0	1830	11722	1787	11912
d9781168	HI_1_13_0	27	instruments	L8+LS	L8+LS	L8+LS	oui	0	0	0	43645	37144	36872	277805	277368	309284	5615	5517	10680	0	10658	0	0	0	97315	3196	2409	3155	2622
d9781168	HI_1_13_0	27	instruments	L9	L9	L9	oui	0	0	0	43645	26464	26214	180366	180053	244872	11249	11156	0	0	0	0	0	0	0	1830	11723	1787	11912
d9781168	HI_1_13_0	27	instruments	LM	LM	aucun	non (identique par construction a reference)	0	0	0	43645	26464	26214	180366	180053	244872	11249	11156	0	0	0	0	0	0	0	1830	11723	1787	11912
d9781168	HI_1_13_0	27	instruments	LM+L6a	LM+L6a	aucun	non (identique par construction a reference)	0	0	0	43645	26464	26214	180366	180053	244872	11249	11156	0	0	0	0	0	0	0	1830	11723	1787	11912
d9781168	HI_1_13_0	27	instruments	LP	LP	LP	oui	0	0	7	43645	26464	26214	180366	180053	244872	11249	11156	0	0	0	0	0	0	0	1830	11723	1787	11912
d9781168	HI_1_13_0	27	instruments	LS	LS	LS	oui	0	0	0	43645	37144	36873	277811	277374	309290	5615	5517	10680	0	10659	0	0	0	97321	3196	2409	3155	2621
d9781168	HI_1_13_0	27	instruments	WO	WO	WO	oui	0	0	0	43645	26457	26213	180375	180053	244881	11249	11148	19	26	0	1	1	0	0	1829	11729	1787	11913
d9781168	HI_1_13_0	27	instruments	full	L8+L2+LM+L3a+L6a+L6b+L4a+LS+L1a+LP+L7+L9	L8+L2+L3a+L6b+L4a+LS+L1a+LP+L7+L9	oui	0	37	7	43645	36357	36339	274618	274505	308203	4736	4580	11723	1830	11912	1787	5	12920	107430	0	0	0	0
d9781168	HI_1_13_0	27	instruments	full+WO	L8+L2+LM+L3a+L6a+L6b+L4a+LS+L1a+LP+L7+L9+WO	L8+L2+L3a+L6b+L4a+LS+L1a+LP+L7+L9+WO	oui	0	37	7	43645	36352	36334	274614	274491	308202	4749	4616	11723	1835	11911	1791	4	12952	107420	0	5	1	6
d9781168	HI_1_13_0	27	instruments	full+WO-L9	L8+L2+LM+L3a+L6a+L6b+L4a+LS+L1a+LP+L7+WO	L8+L2+L3a+L6b+L4a+LS+L1a+LP+L7+WO	oui	0	37	7	43645	36352	36334	274614	274491	308202	4749	4616	11723	1835	11911	1791	4	12952	107420	0	5	1	6
d9781168	HI_1_13_0	27	instruments	full-L1a	L8+L2+LM+L3a+L6a+L6b+L4a+LS+LP+L7+L9	L8+L2+L3a+L6b+L4a+LS+LP+L7+L9	oui	0	0	7	43645	37285	36993	278739	278277	310298	5633	5541	10821	0	10779	0	0	0	98224	3211	2283	3167	2513
d9781168	HI_1_13_0	27	instruments	full-L1a-L9	L8+L2+LM+L3a+L6a+L6b+L4a+LS+LP+L7	L8+L2+L3a+L6b+L4a+LS+LP+L7	oui	0	0	7	43645	37285	36993	278739	278277	310298	5633	5541	10821	0	10779	0	0	0	98224	3211	2283	3167	2513
d9781168	HI_1_13_0	27	instruments	full-L2	L8+LM+L3a+L6a+L6b+L4a+LS+L1a+LP+L7+L9	L8+L3a+L6b+L4a+LS+L1a+LP+L7+L9	oui	0	37	7	43645	36354	36336	274610	274497	308203	4735	4578	11720	1830	11909	1787	5	12920	107422	0	3	0	3
d9781168	HI_1_13_0	27	instruments	full-L2-L9	L8+LM+L3a+L6a+L6b+L4a+LS+L1a+LP+L7	L8+L3a+L6b+L4a+LS+L1a+LP+L7	oui	0	37	7	43645	36354	36336	274610	274497	308203	4735	4578	11720	1830	11909	1787	5	12920	107422	0	3	0	3
d9781168	HI_1_13_0	27	instruments	full-L3a	L8+L2+LM+L6a+L6b+L4a+LS+L1a+LP+L7+L9	L8+L2+L6b+L4a+LS+L1a+LP+L7+L9	oui	0	37	7	43645	36048	36030	271968	271855	306772	4897	4741	11414	1830	11602	1786	5	12913	104774	13	322	13	322
d9781168	HI_1_13_0	27	instruments	full-L3a-L9	L8+L2+LM+L6a+L6b+L4a+LS+L1a+LP+L7	L8+L2+L6b+L4a+LS+L1a+LP+L7	oui	0	37	7	43645	36048	36030	271968	271855	306772	4897	4741	11414	1830	11602	1786	5	12913	104774	13	322	13	322
d9781168	HI_1_13_0	27	instruments	full-L4a	L8+L2+LM+L3a+L6a+L6b+LS+L1a+LP+L7+L9	L8+L2+L3a+L6b+LS+L1a+LP+L7+L9	oui	0	37	7	43645	36357	36339	274629	274516	308214	4736	4579	11723	1830	11912	1787	5	12920	107441	0	0	0	0
d9781168	HI_1_13_0	27	instruments	full-L4a-L9	L8+L2+LM+L3a+L6a+L6b+LS+L1a+LP+L7	L8+L2+L3a+L6b+LS+L1a+LP+L7	oui	0	37	7	43645	36357	36339	274629	274516	308214	4736	4579	11723	1830	11912	1787	5	12920	107441	0	0	0	0
d9781168	HI_1_13_0	27	instruments	full-L6a	L8+L2+LM+L3a+L6b+L4a+LS+L1a+LP+L7+L9	L8+L2+L3a+L6b+L4a+LS+L1a+LP+L7+L9	non (identique par construction a full)	0	37	7	43645	36357	36339	274618	274505	308203	4736	4580	11723	1830	11912	1787	5	12920	107430	0	0	0	0
d9781168	HI_1_13_0	27	instruments	full-L6a-L9	L8+L2+LM+L3a+L6b+L4a+LS+L1a+LP+L7	L8+L2+L3a+L6b+L4a+LS+L1a+LP+L7	non (identique par construction a full-L9)	0	37	7	43645	36357	36339	274618	274505	308203	4736	4580	11723	1830	11912	1787	5	12920	107430	0	0	0	0
d9781168	HI_1_13_0	27	instruments	full-L6b	L8+L2+LM+L3a+L6a+L4a+LS+L1a+LP+L7+L9	L8+L2+L3a+L4a+LS+L1a+LP+L7+L9	oui	0	37	7	43645	36357	36339	274618	274505	308203	4738	4580	11723	1830	11912	1787	5	12920	107430	0	0	0	0
d9781168	HI_1_13_0	27	instruments	full-L6b-L9	L8+L2+LM+L3a+L6a+L4a+LS+L1a+LP+L7	L8+L2+L3a+L4a+LS+L1a+LP+L7	oui	0	37	7	43645	36357	36339	274618	274505	308203	4738	4580	11723	1830	11912	1787	5	12920	107430	0	0	0	0
d9781168	HI_1_13_0	27	instruments	full-L7	L8+L2+LM+L3a+L6a+L6b+L4a+LS+L1a+LP+L9	L8+L2+L3a+L6b+L4a+LS+L1a+LP+L9	oui	0	37	7	43645	40593	40589	309650	309622	321891	2295	2141	14153	24	14375	0	0	0	129531	4318	82	4332	82
d9781168	HI_1_13_0	27	instruments	full-L7-L9	L8+L2+LM+L3a+L6a+L6b+L4a+LS+L1a+LP	L8+L2+L3a+L6b+L4a+LS+L1a+LP	oui	0	37	7	43645	40593	40589	309650	309622	321891	2295	2141	14153	24	14375	0	0	0	129531	4318	82	4332	82
d9781168	HI_1_13_0	27	instruments	full-L8	L2+LM+L3a+L6a+L6b+L4a+LS+L1a+LP+L7+L9	L2+L3a+L6b+L4a+LS+L1a+LP+L7+L9	oui	0	37	7	43645	36357	36339	274618	274505	308203	4734	4581	11723	1830	11912	1787	5	12920	107430	0	0	0	0
d9781168	HI_1_13_0	27	instruments	full-L8-L9	L2+LM+L3a+L6a+L6b+L4a+LS+L1a+LP+L7	L2+L3a+L6b+L4a+LS+L1a+LP+L7	oui	0	37	7	43645	36357	36339	274618	274505	308203	4734	4581	11723	1830	11912	1787	5	12920	107430	0	0	0	0
d9781168	HI_1_13_0	27	instruments	full-L9	L8+L2+LM+L3a+L6a+L6b+L4a+LS+L1a+LP+L7	L8+L2+L3a+L6b+L4a+LS+L1a+LP+L7	oui	0	37	7	43645	36357	36339	274618	274505	308203	4736	4580	11723	1830	11912	1787	5	12920	107430	0	0	0	0
d9781168	HI_1_13_0	27	instruments	full-LM	L8+L2+L3a+L6a+L6b+L4a+LS+L1a+LP+L7+L9	L8+L2+L3a+L6b+L4a+LS+L1a+LP+L7+L9	non (identique par construction a full)	0	37	7	43645	36357	36339	274618	274505	308203	4736	4580	11723	1830	11912	1787	5	12920	107430	0	0	0	0
d9781168	HI_1_13_0	27	instruments	full-LM-L9	L8+L2+L3a+L6a+L6b+L4a+LS+L1a+LP+L7	L8+L2+L3a+L6b+L4a+LS+L1a+LP+L7	non (identique par construction a full-L9)	0	37	7	43645	36357	36339	274618	274505	308203	4736	4580	11723	1830	11912	1787	5	12920	107430	0	0	0	0
d9781168	HI_1_13_0	27	instruments	full-LP	L8+L2+LM+L3a+L6a+L6b+L4a+LS+L1a+L7+L9	L8+L2+L3a+L6b+L4a+LS+L1a+L7+L9	oui	0	37	0	43645	36357	36339	274618	274505	308203	4736	4580	11723	1830	11912	1787	5	12920	107430	0	0	0	0
d9781168	HI_1_13_0	27	instruments	full-LP-L9	L8+L2+LM+L3a+L6a+L6b+L4a+LS+L1a+L7	L8+L2+L3a+L6b+L4a+LS+L1a+L7	oui	0	37	0	43645	36357	36339	274618	274505	308203	4736	4580	11723	1830	11912	1787	5	12920	107430	0	0	0	0
d9781168	HI_1_13_0	27	instruments	full-LS	L8+L2+LM+L3a+L6a+L6b+L4a+L1a+LP+L7+L9	L8+L2+L3a+L6b+L4a+L1a+LP+L7+L9	oui	0	37	7	43645	26191	26185	181819	181788	243096	10660	10527	1883	2156	1893	1922	5	13914	15689	1	10167	1	10155
d9781168	HI_1_13_0	27	instruments	full-LS-L9	L8+L2+LM+L3a+L6a+L6b+L4a+L1a+LP+L7	L8+L2+L3a+L6b+L4a+L1a+LP+L7	oui	0	37	7	43645	26191	26185	181819	181788	243096	10660	10527	1883	2156	1893	1922	5	13914	15689	1	10167	1	10155
d9781168	HI_1_13_0	27	instruments	reference	aucun	aucun	oui	0	0	0	43645	26464	26214	180366	180053	244872	11249	11156	0	0	0	0	0	0	0	1830	11723	1787	11912
e5adf7b2	HI_1_11_0	25	instruments	L1a	L1a	L1a	oui	0	0	0	16824	4285	4121	80032	79402	289378	10198	10229	0	0	0	0	0	0	0	145	8702	70	8741
e5adf7b2	HI_1_11_0	25	instruments	L1a-ref	L1a-ref	L1a-ref	oui	0	0	0	16824	4285	4121	80032	79402	289378	10198	10229	0	0	0	0	0	0	0	145	8702	70	8741
e5adf7b2	HI_1_11_0	25	instruments	L2	L2	L2	oui	0	0	0	16824	4296	4121	80063	79402	289409	10202	10237	11	0	0	0	0	0	0	154	8700	70	8741
e5adf7b2	HI_1_11_0	25	instruments	L3a	L3a	L3a	oui	0	0	0	16824	4286	4122	80033	79403	289379	10199	10230	1	0	1	0	0	0	1	145	8701	70	8740
e5adf7b2	HI_1_11_0	25	instruments	L4a	L4a	L4a	oui	0	0	0	16824	4309	4144	80643	80011	289583	10289	10318	24	0	23	0	0	0	609	145	8678	70	8718
e5adf7b2	HI_1_11_0	25	instruments	L6a	L6a	aucun	non (identique par construction a reference)	0	0	0	16824	4285	4121	80032	79402	289378	10198	10229	0	0	0	0	0	0	0	145	8702	70	8741
e5adf7b2	HI_1_11_0	25	instruments	L6a+WO	L6a+WO	WO	non (identique par construction a WO)	0	0	0	16824	4275	4115	79728	79181	289227	10200	10230	18	28	0	6	0	200	0	148	8715	70	8747
e5adf7b2	HI_1_11_0	25	instruments	L6b	L6b	L6b	oui	0	0	0	16824	4578	4414	83127	82475	297057	10089	10110	293	0	293	0	0	0	3073	145	8409	70	8448
e5adf7b2	HI_1_11_0	25	instruments	L6b-flock	L6b-flock	L6b-flock	oui	0	0	0	16824	4578	4414	83127	82475	297057	10089	10110	293	0	293	0	0	0	3073	145	8409	70	8448
e5adf7b2	HI_1_11_0	25	instruments	L7	L7	L7	oui	0	0	0	16824	4270	4106	79602	78972	288134	10171	10199	0	15	0	15	0	430	0	145	8717	70	8756
e5adf7b2	HI_1_11_0	25	instruments	L8	L8	L8	oui	0	0	0	16824	4285	4121	80032	79402	289378	10198	10229	0	0	0	0	0	0	0	145	8702	70	8741
e5adf7b2	HI_1_11_0	25	instruments	L8+LS	L8+LS	L8+LS	oui	0	0	0	16824	4285	4121	80032	79402	289387	10217	10234	0	0	0	0	0	0	0	145	8702	70	8741
e5adf7b2	HI_1_11_0	25	instruments	L9	L9	L9	oui	4	0	0	16824	4306	4142	80611	79981	289581	10177	10208	21	0	21	0	0	0	579	146	8682	71	8721
e5adf7b2	HI_1_11_0	25	instruments	LM	LM	LM	oui	0	0	0	16824	12103	11953	294362	293199	357972	2865	2940	7886	68	7847	15	1	98	213538	1024	1763	941	1780
e5adf7b2	HI_1_11_0	25	instruments	LM+L6a	LM+L6a	LM	non (identique par construction a LM)	0	0	0	16824	12103	11953	294362	293199	357972	2865	2940	7886	68	7847	15	1	98	213538	1024	1763	941	1780
e5adf7b2	HI_1_11_0	25	instruments	LP	LP	LP	oui	0	0	178	16824	4318	4154	81021	80391	290427	10288	10286	33	0	33	0	0	0	989	145	8669	70	8708
e5adf7b2	HI_1_11_0	25	instruments	LS	LS	LS	oui	0	0	0	16824	4285	4121	80032	79402	289387	10217	10234	0	0	0	0	0	0	0	145	8702	70	8741
e5adf7b2	HI_1_11_0	25	instruments	WO	WO	WO	oui	0	0	0	16824	4275	4115	79728	79181	289227	10200	10230	18	28	0	6	0	200	0	148	8715	70	8747
e5adf7b2	HI_1_11_0	25	instruments	full	L8+L2+LM+L3a+L6a+L6b+L4a+LS+L1a+LP+L7+L9	L8+L2+LM+L3a+L6b+L4a+LS+L1a+LP+L7+L9	oui	4	21	178	16824	12842	12792	312741	312197	359952	2034	1975	8702	145	8741	70	1	1690	234022	0	0	0	0
e5adf7b2	HI_1_11_0	25	instruments	full+WO	L8+L2+LM+L3a+L6a+L6b+L4a+LS+L1a+LP+L7+L9+WO	L8+L2+LM+L3a+L6b+L4a+LS+L1a+LP+L7+L9+WO	oui	4	21	178	16824	12839	12795	312739	312255	359950	2037	1973	8699	145	8743	69	0	1690	234080	3	6	3	0
e5adf7b2	HI_1_11_0	25	instruments	full+WO-L9	L8+L2+LM+L3a+L6a+L6b+L4a+LS+L1a+LP+L7+WO	L8+L2+LM+L3a+L6b+L4a+LS+L1a+LP+L7+WO	oui	0	21	178	16824	12813	12769	311995	311511	359681	2062	1998	8673	145	8717	69	0	1690	233336	3	32	3	26
e5adf7b2	HI_1_11_0	25	instruments	full-L1a	L8+L2+LM+L3a+L6a+L6b+L4a+LS+LP+L7+L9	L8+L2+LM+L3a+L6b+L4a+LS+LP+L7+L9	oui	4	0	178	16824	13431	13277	329305	327842	377458	2078	2105	9206	60	9169	13	1	96	248096	1039	450	948	463
e5adf7b2	HI_1_11_0	25	instruments	full-L1a-L9	L8+L2+LM+L3a+L6a+L6b+L4a+LS+LP+L7	L8+L2+LM+L3a+L6b+L4a+LS+LP+L7	oui	0	0	178	16824	13345	13190	326646	325183	376720	2157	2185	9120	60	9082	13	1	96	245437	982	479	890	492
e5adf7b2	HI_1_11_0	25	instruments	full-L2	L8+LM+L3a+L6a+L6b+L4a+LS+L1a+LP+L7+L9	L8+LM+L3a+L6b+L4a+LS+L1a+LP+L7+L9	oui	4	21	178	16824	12841	12791	312718	312174	359952	2034	1974	8701	145	8740	70	1	1690	233999	0	1	0	1
e5adf7b2	HI_1_11_0	25	instruments	full-L2-L9	L8+LM+L3a+L6a+L6b+L4a+LS+L1a+LP+L7	L8+LM+L3a+L6b+L4a+LS+L1a+LP+L7	oui	0	21	178	16824	12815	12765	311974	311430	359683	2059	1999	8675	145	8714	70	1	1690	233255	0	27	0	27
e5adf7b2	HI_1_11_0	25	instruments	full-L3a	L8+L2+LM+L6a+L6b+L4a+LS+L1a+LP+L7+L9	L8+L2+LM+L6b+L4a+LS+L1a+LP+L7+L9	oui	4	21	178	16824	12841	12791	312740	312196	359951	2031	1973	8701	145	8740	70	1	1690	234021	0	1	0	1
e5adf7b2	HI_1_11_0	25	instruments	full-L3a-L9	L8+L2+LM+L6a+L6b+L4a+LS+L1a+LP+L7	L8+L2+LM+L6b+L4a+LS+L1a+LP+L7	oui	0	21	178	16824	12815	12765	311996	311452	359682	2056	1998	8675	145	8714	70	1	1690	233277	0	27	0	27
e5adf7b2	HI_1_11_0	25	instruments	full-L4a	L8+L2+LM+L3a+L6a+L6b+LS+L1a+LP+L7+L9	L8+L2+LM+L3a+L6b+LS+L1a+LP+L7+L9	oui	4	21	178	16824	12649	12601	307150	306679	358353	2113	2061	8493	129	8533	53	1	1159	227970	34	227	34	225
e5adf7b2	HI_1_11_0	25	instruments	full-L4a-L9	L8+L2+LM+L3a+L6a+L6b+LS+L1a+LP+L7	L8+L2+LM+L3a+L6b+LS+L1a+LP+L7	oui	0	21	178	16824	12623	12575	306406	305935	358086	2138	2086	8467	129	8507	53	1	1159	227226	34	253	34	251
e5adf7b2	HI_1_11_0	25	instruments	full-L6a	L8+L2+LM+L3a+L6b+L4a+LS+L1a+LP+L7+L9	L8+L2+LM+L3a+L6b+L4a+LS+L1a+LP+L7+L9	non (identique a full)	4	21	178	16824	12842	12792	312741	312197	359952	2034	1975	8702	145	8741	70	1	1690	234022	0	0	0	0
e5adf7b2	HI_1_11_0	25	instruments	full-L6a-L9	L8+L2+LM+L3a+L6b+L4a+LS+L1a+LP+L7	L8+L2+LM+L3a+L6b+L4a+LS+L1a+LP+L7	non (identique a full-L9)	0	21	178	16824	12816	12766	311997	311453	359683	2059	2000	8676	145	8715	70	1	1690	233278	0	26	0	26
e5adf7b2	HI_1_11_0	25	instruments	full-L6b	L8+L2+LM+L3a+L6a+L4a+LS+L1a+LP+L7+L9	L8+L2+LM+L3a+L4a+LS+L1a+LP+L7+L9	oui	4	20	178	16824	11929	11868	290457	289909	345399	2709	2666	7792	148	7817	70	1	1690	211740	4	917	1	925
e5adf7b2	HI_1_11_0	25	instruments	full-L6b-L9	L8+L2+LM+L3a+L6a+L4a+LS+L1a+LP+L7	L8+L2+LM+L3a+L4a+LS+L1a+LP+L7	oui	0	20	178	16824	11903	11842	289713	289165	345130	2734	2691	7766	148	7791	70	1	1690	210996	4	943	1	951
e5adf7b2	HI_1_11_0	25	instruments	full-L7	L8+L2+LM+L3a+L6a+L6b+L4a+LS+L1a+LP+L9	L8+L2+LM+L3a+L6b+L4a+LS+L1a+LP+L9	oui	4	21	178	16824	14057	14007	348124	347573	383476	1434	1429	9871	99	9915	29	1	626	268285	1222	7	1222	7
e5adf7b2	HI_1_11_0	25	instruments	full-L7-L9	L8+L2+LM+L3a+L6a+L6b+L4a+LS+L1a+LP	L8+L2+LM+L3a+L6b+L4a+LS+L1a+LP	oui	0	21	178	16824	13970	13920	345465	344914	382738	1513	1508	9784	99	9828	29	1	626	265626	1165	37	1164	36
e5adf7b2	HI_1_11_0	25	instruments	full-L8	L2+LM+L3a+L6a+L6b+L4a+LS+L1a+LP+L7+L9	L2+LM+L3a+L6b+L4a+LS+L1a+LP+L7+L9	oui	4	21	178	16824	12842	12792	312741	312197	359952	2034	1975	8702	145	8741	70	1	1690	234022	0	0	0	0
e5adf7b2	HI_1_11_0	25	instruments	full-L8-L9	L2+LM+L3a+L6a+L6b+L4a+LS+L1a+LP+L7	L2+LM+L3a+L6b+L4a+LS+L1a+LP+L7	oui	0	21	178	16824	12816	12766	311997	311453	359683	2059	2000	8676	145	8715	70	1	1690	233278	0	26	0	26
e5adf7b2	HI_1_11_0	25	instruments	full-L9	L8+L2+LM+L3a+L6a+L6b+L4a+LS+L1a+LP+L7	L8+L2+LM+L3a+L6b+L4a+LS+L1a+LP+L7	oui	0	21	178	16824	12816	12766	311997	311453	359683	2059	2000	8676	145	8715	70	1	1690	233278	0	26	0	26
e5adf7b2	HI_1_11_0	25	instruments	full-LM	L8+L2+L3a+L6a+L6b+L4a+LS+L1a+LP+L7+L9	L8+L2+L3a+L6b+L4a+LS+L1a+LP+L7+L9	oui	4	0	178	16824	4655	4479	84963	84278	297393	10242	10220	385	15	373	15	0	430	5306	155	8342	71	8384
e5adf7b2	HI_1_11_0	25	instruments	full-LM-L9	L8+L2+L3a+L6a+L6b+L4a+LS+L1a+LP+L7	L8+L2+L3a+L6b+L4a+LS+L1a+LP+L7	oui	0	0	178	16824	4634	4458	84384	83699	297189	10263	10241	364	15	352	15	0	430	4727	154	8362	70	8404
e5adf7b2	HI_1_11_0	25	instruments	full-LP	L8+L2+LM+L3a+L6a+L6b+L4a+LS+L1a+L7+L9	L8+L2+LM+L3a+L6b+L4a+LS+L1a+L7+L9	oui	4	21	0	16824	12584	12534	304629	304156	356483	2130	2105	8448	149	8485	72	1	1692	226067	0	258	0	258
e5adf7b2	HI_1_11_0	25	instruments	full-LP-L9	L8+L2+LM+L3a+L6a+L6b+L4a+LS+L1a+L7	L8+L2+LM+L3a+L6b+L4a+LS+L1a+L7	oui	0	21	0	16824	12558	12508	303885	303412	356214	2155	2130	8422	149	8459	72	1	1692	225323	0	284	0	284
e5adf7b2	HI_1_11_0	25	instruments	full-LS	L8+L2+LM+L3a+L6a+L6b+L4a+L1a+LP+L7+L9	L8+L2+LM+L3a+L6b+L4a+L1a+LP+L7+L9	oui	4	21	178	16824	12842	12792	312741	312197	359952	2015	1971	8702	145	8741	70	1	1690	234022	0	0	0	0
e5adf7b2	HI_1_11_0	25	instruments	full-LS-L9	L8+L2+LM+L3a+L6a+L6b+L4a+L1a+LP+L7	L8+L2+LM+L3a+L6b+L4a+L1a+LP+L7	oui	0	21	178	16824	12816	12766	311997	311453	359683	2040	1996	8676	145	8715	70	1	1690	233278	0	26	0	26
e5adf7b2	HI_1_11_0	25	instruments	reference	aucun	aucun	oui	0	0	0	16824	4285	4121	80032	79402	289378	10198	10229	0	0	0	0	0	0	0	145	8702	70	8741
f75e7053	HI_1_13_0	27	instruments	L1a	L1a	L1a	oui	0	24	0	28502	23782	23782	162761	162761	188397	3940	3942	366	7	366	0	0	0	2717	4273	1506	4273	1504
f75e7053	HI_1_13_0	27	instruments	L1a-ref	L1a-ref	L1a-ref	oui	0	24	0	28502	23782	23782	162761	162761	188397	3940	3942	366	7	366	0	0	0	2717	4273	1506	4273	1504
f75e7053	HI_1_13_0	27	instruments	L2	L2	L2	oui	0	0	0	28502	25046	25038	172600	172591	188736	2684	2687	1623	0	1622	0	0	0	12549	4477	446	4471	446
f75e7053	HI_1_13_0	27	instruments	L3a	L3a	L3a	oui	0	0	0	28502	23681	23673	162146	162137	188919	4231	4235	258	0	257	0	0	0	2093	4391	1725	4384	1724
f75e7053	HI_1_13_0	27	instruments	L4a	L4a	L4a	oui	0	0	0	28502	23423	23416	160051	160042	187304	4287	4290	0	0	0	0	0	0	0	4242	1834	4236	1833
f75e7053	HI_1_13_0	27	instruments	L6a	L6a	aucun	non (identique par construction a reference)	0	0	0	28502	23423	23416	160051	160042	187304	4287	4290	0	0	0	0	0	0	0	4242	1834	4236	1833
f75e7053	HI_1_13_0	27	instruments	L6a+WO	L6a+WO	WO	non (identique par construction a WO)	0	0	0	28502	23423	23416	160045	160042	187298	4287	4291	1	1	0	0	0	0	0	4242	1834	4236	1833
f75e7053	HI_1_13_0	27	instruments	L6b	L6b	L6b	oui	0	0	0	28502	23423	23416	160051	160042	187304	4287	4290	0	0	0	0	0	0	0	4242	1834	4236	1833
f75e7053	HI_1_13_0	27	instruments	L6b-flock	L6b-flock	L6b-flock	oui	0	0	0	28502	23423	23416	160051	160042	187304	4287	4290	0	0	0	0	0	0	0	4242	1834	4236	1833
f75e7053	HI_1_13_0	27	instruments	L7	L7	L7	oui	0	0	0	28502	23423	23416	160051	160042	187304	4287	4290	0	0	0	0	0	0	0	4242	1834	4236	1833
f75e7053	HI_1_13_0	27	instruments	L8	L8	L8	oui	0	0	0	28502	23423	23416	160051	160042	187304	4287	4290	0	0	0	0	0	0	0	4242	1834	4236	1833
f75e7053	HI_1_13_0	27	instruments	L8+LS	L8+LS	L8+LS	oui	0	0	0	28502	23423	23416	160051	160042	187304	4287	4290	0	0	0	0	0	0	0	4242	1834	4236	1833
f75e7053	HI_1_13_0	27	instruments	L9	L9	L9	oui	0	0	0	28502	23423	23416	160051	160042	187304	4287	4290	0	0	0	0	0	0	0	4242	1834	4236	1833
f75e7053	HI_1_13_0	27	instruments	LM	LM	aucun	non (identique par construction a reference)	0	0	0	28502	23423	23416	160051	160042	187304	4287	4290	0	0	0	0	0	0	0	4242	1834	4236	1833
f75e7053	HI_1_13_0	27	instruments	LM+L6a	LM+L6a	aucun	non (identique par construction a reference)	0	0	0	28502	23423	23416	160051	160042	187304	4287	4290	0	0	0	0	0	0	0	4242	1834	4236	1833
f75e7053	HI_1_13_0	27	instruments	LP	LP	LP	oui	0	0	8	28502	23423	23416	160051	160042	187304	4287	4290	0	0	0	0	0	0	0	4242	1834	4236	1833
f75e7053	HI_1_13_0	27	instruments	LS	LS	LS	oui	0	0	0	28502	23423	23416	160051	160042	187304	4287	4290	0	0	0	0	0	0	0	4242	1834	4236	1833
f75e7053	HI_1_13_0	27	instruments	WO	WO	WO	oui	0	0	0	28502	23423	23416	160045	160042	187298	4287	4291	1	1	0	0	0	0	0	4242	1834	4236	1833
f75e7053	HI_1_13_0	27	instruments	full	L8+L2+LM+L3a+L6a+L6b+L4a+LS+L1a+LP+L7+L9	L8+L2+L3a+L6b+L4a+LS+L1a+LP+L7+L9	oui	0	23	8	28502	21015	21013	141544	141544	154834	4916	4870	1834	4242	1833	4236	0	32133	13878	0	0	0	0
f75e7053	HI_1_13_0	27	instruments	full+WO	L8+L2+LM+L3a+L6a+L6b+L4a+LS+L1a+LP+L7+L9+WO	L8+L2+L3a+L6b+L4a+LS+L1a+LP+L7+L9+WO	oui	0	23	8	28502	21017	21013	141545	141544	154835	4916	4874	1835	4241	1833	4236	1	32133	13878	2	0	0	0
f75e7053	HI_1_13_0	27	instruments	full+WO-L9	L8+L2+LM+L3a+L6a+L6b+L4a+LS+L1a+LP+L7+WO	L8+L2+L3a+L6b+L4a+LS+L1a+LP+L7+WO	oui	0	23	8	28502	21017	21013	141545	141544	154835	4916	4874	1835	4241	1833	4236	1	32133	13878	2	0	0	0
f75e7053	HI_1_13_0	27	instruments	full-L1a	L8+L2+LM+L3a+L6a+L6b+L4a+LS+LP+L7+L9	L8+L2+L3a+L6b+L4a+LS+LP+L7+L9	oui	0	0	8	28502	25319	25310	174809	174800	190368	2613	2617	1896	0	1894	0	0	0	14756	4634	330	4627	330
f75e7053	HI_1_13_0	27	instruments	full-L1a-L9	L8+L2+LM+L3a+L6a+L6b+L4a+LS+LP+L7	L8+L2+L3a+L6b+L4a+LS+LP+L7	oui	0	0	8	28502	25319	25310	174809	174800	190368	2613	2617	1896	0	1894	0	0	0	14756	4634	330	4627	330
f75e7053	HI_1_13_0	27	instruments	full-L2	L8+LM+L3a+L6a+L6b+L4a+LS+L1a+LP+L7+L9	L8+L3a+L6b+L4a+LS+L1a+LP+L7+L9	oui	0	23	8	28502	19622	19620	130779	130779	153750	6293	6245	442	4243	441	4237	0	32139	3113	0	1393	0	1393
f75e7053	HI_1_13_0	27	instruments	full-L2-L9	L8+LM+L3a+L6a+L6b+L4a+LS+L1a+LP+L7	L8+L3a+L6b+L4a+LS+L1a+LP+L7	oui	0	23	8	28502	19622	19620	130779	130779	153750	6293	6245	442	4243	441	4237	0	32139	3113	0	1393	0	1393
f75e7053	HI_1_13_0	27	instruments	full-L3a	L8+L2+LM+L6a+L6b+L4a+LS+L1a+LP+L7+L9	L8+L2+L6b+L4a+LS+L1a+LP+L7+L9	oui	0	23	8	28502	20901	20899	140737	140737	153915	4846	4800	1720	4242	1719	4236	0	32133	13072	0	114	0	114
f75e7053	HI_1_13_0	27	instruments	full-L3a-L9	L8+L2+LM+L6a+L6b+L4a+LS+L1a+LP+L7	L8+L2+L6b+L4a+LS+L1a+LP+L7	oui	0	23	8	28502	20901	20899	140737	140737	153915	4846	4800	1720	4242	1719	4236	0	32133	13072	0	114	0	114
f75e7053	HI_1_13_0	27	instruments	full-L4a	L8+L2+LM+L3a+L6a+L6b+LS+L1a+LP+L7+L9	L8+L2+L3a+L6b+LS+L1a+LP+L7+L9	oui	0	23	8	28502	21015	21013	141544	141544	154834	4916	4870	1834	4242	1833	4236	0	32133	13878	0	0	0	0
f75e7053	HI_1_13_0	27	instruments	full-L4a-L9	L8+L2+LM+L3a+L6a+L6b+LS+L1a+LP+L7	L8+L2+L3a+L6b+LS+L1a+LP+L7	oui	0	23	8	28502	21015	21013	141544	141544	154834	4916	4870	1834	4242	1833	4236	0	32133	13878	0	0	0	0
f75e7053	HI_1_13_0	27	instruments	full-L6a	L8+L2+LM+L3a+L6b+L4a+LS+L1a+LP+L7+L9	L8+L2+L3a+L6b+L4a+LS+L1a+LP+L7+L9	non (identique par construction a full)	0	23	8	28502	21015	21013	141544	141544	154834	4916	4870	1834	4242	1833	4236	0	32133	13878	0	0	0	0
f75e7053	HI_1_13_0	27	instruments	full-L6a-L9	L8+L2+LM+L3a+L6b+L4a+LS+L1a+LP+L7	L8+L2+L3a+L6b+L4a+LS+L1a+LP+L7	non (identique par construction a full-L9)	0	23	8	28502	21015	21013	141544	141544	154834	4916	4870	1834	4242	1833	4236	0	32133	13878	0	0	0	0
f75e7053	HI_1_13_0	27	instruments	full-L6b	L8+L2+LM+L3a+L6a+L4a+LS+L1a+LP+L7+L9	L8+L2+L3a+L4a+LS+L1a+LP+L7+L9	oui	0	23	8	28502	21015	21013	141544	141544	154834	4916	4871	1834	4242	1833	4236	0	32133	13878	0	0	0	0
f75e7053	HI_1_13_0	27	instruments	full-L6b-L9	L8+L2+LM+L3a+L6a+L4a+LS+L1a+LP+L7	L8+L2+L3a+L4a+LS+L1a+LP+L7	oui	0	23	8	28502	21015	21013	141544	141544	154834	4916	4871	1834	4242	1833	4236	0	32133	13878	0	0	0	0
f75e7053	HI_1_13_0	27	instruments	full-L7	L8+L2+LM+L3a+L6a+L6b+L4a+LS+L1a+LP+L9	L8+L2+L3a+L6b+L4a+LS+L1a+LP+L9	oui	0	24	8	28502	25677	25677	177529	177529	191466	2265	2267	2261	7	2261	0	0	0	17483	4665	3	4665	1
f75e7053	HI_1_13_0	27	instruments	full-L7-L9	L8+L2+LM+L3a+L6a+L6b+L4a+LS+L1a+LP	L8+L2+L3a+L6b+L4a+LS+L1a+LP	oui	0	24	8	28502	25677	25677	177529	177529	191466	2265	2267	2261	7	2261	0	0	0	17483	4665	3	4665	1
f75e7053	HI_1_13_0	27	instruments	full-L8	L2+LM+L3a+L6a+L6b+L4a+LS+L1a+LP+L7+L9	L2+L3a+L6b+L4a+LS+L1a+LP+L7+L9	oui	0	23	8	28502	21015	21013	141544	141544	154834	4916	4870	1834	4242	1833	4236	0	32133	13878	0	0	0	0
f75e7053	HI_1_13_0	27	instruments	full-L8-L9	L2+LM+L3a+L6a+L6b+L4a+LS+L1a+LP+L7	L2+L3a+L6b+L4a+LS+L1a+LP+L7	oui	0	23	8	28502	21015	21013	141544	141544	154834	4916	4870	1834	4242	1833	4236	0	32133	13878	0	0	0	0
f75e7053	HI_1_13_0	27	instruments	full-L9	L8+L2+LM+L3a+L6a+L6b+L4a+LS+L1a+LP+L7	L8+L2+L3a+L6b+L4a+LS+L1a+LP+L7	oui	0	23	8	28502	21015	21013	141544	141544	154834	4916	4870	1834	4242	1833	4236	0	32133	13878	0	0	0	0
f75e7053	HI_1_13_0	27	instruments	full-LM	L8+L2+L3a+L6a+L6b+L4a+LS+L1a+LP+L7+L9	L8+L2+L3a+L6b+L4a+LS+L1a+LP+L7+L9	non (identique par construction a full)	0	23	8	28502	21015	21013	141544	141544	154834	4916	4870	1834	4242	1833	4236	0	32133	13878	0	0	0	0
f75e7053	HI_1_13_0	27	instruments	full-LM-L9	L8+L2+L3a+L6a+L6b+L4a+LS+L1a+LP+L7	L8+L2+L3a+L6b+L4a+LS+L1a+LP+L7	non (identique par construction a full-L9)	0	23	8	28502	21015	21013	141544	141544	154834	4916	4870	1834	4242	1833	4236	0	32133	13878	0	0	0	0
f75e7053	HI_1_13_0	27	instruments	full-LP	L8+L2+LM+L3a+L6a+L6b+L4a+LS+L1a+L7+L9	L8+L2+L3a+L6b+L4a+LS+L1a+L7+L9	oui	0	23	0	28502	21015	21013	141544	141544	154834	4916	4870	1834	4242	1833	4236	0	32133	13878	0	0	0	0
f75e7053	HI_1_13_0	27	instruments	full-LP-L9	L8+L2+LM+L3a+L6a+L6b+L4a+LS+L1a+L7	L8+L2+L3a+L6b+L4a+LS+L1a+L7	oui	0	23	0	28502	21015	21013	141544	141544	154834	4916	4870	1834	4242	1833	4236	0	32133	13878	0	0	0	0
f75e7053	HI_1_13_0	27	instruments	full-LS	L8+L2+LM+L3a+L6a+L6b+L4a+L1a+LP+L7+L9	L8+L2+L3a+L6b+L4a+L1a+LP+L7+L9	oui	0	23	8	28502	21015	21013	141544	141544	154834	4916	4870	1834	4242	1833	4236	0	32133	13878	0	0	0	0
f75e7053	HI_1_13_0	27	instruments	full-LS-L9	L8+L2+LM+L3a+L6a+L6b+L4a+L1a+LP+L7	L8+L2+L3a+L6b+L4a+L1a+LP+L7	oui	0	23	8	28502	21015	21013	141544	141544	154834	4916	4870	1834	4242	1833	4236	0	32133	13878	0	0	0	0
f75e7053	HI_1_13_0	27	instruments	reference	aucun	aucun	oui	0	0	0	28502	23423	23416	160051	160042	187304	4287	4290	0	0	0	0	0	0	0	4242	1834	4236	1833
fb1a1a72	HI_1_13_0	27	instruments	L1a	L1a	L1a	oui	0	39	0	48771	23009	23009	168779	168779	182169	23295	22893	722	31	730	0	0	0	7199	3295	19263	3295	19263
fb1a1a72	HI_1_13_0	27	instruments	L1a-ref	L1a-ref	L1a-ref	oui	0	39	0	48771	23009	23009	168779	168779	182169	23295	22893	722	31	730	0	0	0	7199	3295	19263	3295	19263
fb1a1a72	HI_1_13_0	27	instruments	L2	L2	L2	oui	0	0	0	48771	22436	22397	162622	162510	179468	23955	23563	118	0	118	0	0	0	944	3145	19686	3114	19694
fb1a1a72	HI_1_13_0	27	instruments	L3a	L3a	L3a	oui	0	0	0	48771	22756	22716	165755	165643	181931	24051	23652	438	0	437	0	0	0	4070	3262	19483	3230	19491
fb1a1a72	HI_1_13_0	27	instruments	L4a	L4a	L4a	oui	0	0	0	48771	22318	22279	161678	161566	179254	23941	23549	0	0	0	0	0	0	0	3132	19791	3101	19799
fb1a1a72	HI_1_13_0	27	instruments	L6a	L6a	aucun	non (identique par construction a reference)	0	0	0	48771	22318	22279	161678	161566	179254	23941	23549	0	0	0	0	0	0	0	3132	19791	3101	19799
fb1a1a72	HI_1_13_0	27	instruments	L6a+WO	L6a+WO	WO	non (identique par construction a WO)	0	0	0	48771	22320	22279	161683	161570	179259	23938	23549	5	3	1	1	1	5	9	3131	19788	3101	19799
fb1a1a72	HI_1_13_0	27	instruments	L6b	L6b	L6b	oui	0	0	0	48771	22319	22279	161678	161566	179253	23939	23540	1	0	0	0	0	0	0	3132	19790	3101	19799
fb1a1a72	HI_1_13_0	27	instruments	L6b-flock	L6b-flock	L6b-flock	oui	0	0	0	48771	22318	22279	161678	161566	179254	23941	23549	0	0	0	0	0	0	0	3132	19791	3101	19799
fb1a1a72	HI_1_13_0	27	instruments	L7	L7	L7	oui	0	0	0	48771	22216	22177	161259	161147	179421	23917	23527	36	138	36	138	0	856	437	3034	19795	3003	19803
fb1a1a72	HI_1_13_0	27	instruments	L8	L8	L8	oui	0	0	0	48771	42081	42038	312504	312345	342709	4907	4911	19764	1	19760	1	1	7	150786	6002	2898	5969	2908
fb1a1a72	HI_1_13_0	27	instruments	L8+LS	L8+LS	L8+LS	oui	0	0	0	48771	42081	42038	312504	312345	342709	4907	4911	19764	1	19760	1	1	7	150786	6002	2898	5969	2908
fb1a1a72	HI_1_13_0	27	instruments	L9	L9	L9	oui	0	0	0	48771	22318	22279	161678	161566	179254	23941	23549	0	0	0	0	0	0	0	3132	19791	3101	19799
fb1a1a72	HI_1_13_0	27	instruments	LM	LM	aucun	non (identique par construction a reference)	0	0	0	48771	22318	22279	161678	161566	179254	23941	23549	0	0	0	0	0	0	0	3132	19791	3101	19799
fb1a1a72	HI_1_13_0	27	instruments	LM+L6a	LM+L6a	aucun	non (identique par construction a reference)	0	0	0	48771	22318	22279	161678	161566	179254	23941	23549	0	0	0	0	0	0	0	3132	19791	3101	19799
fb1a1a72	HI_1_13_0	27	instruments	LP	LP	LP	oui	0	0	21	48771	22318	22279	161678	161566	179254	23941	23549	0	0	0	0	0	0	0	3132	19791	3101	19799
fb1a1a72	HI_1_13_0	27	instruments	LS	LS	LS	oui	0	0	0	48771	22318	22279	161678	161566	179254	23941	23549	0	0	0	0	0	0	0	3132	19791	3101	19799
fb1a1a72	HI_1_13_0	27	instruments	WO	WO	WO	oui	0	0	0	48771	22320	22279	161683	161570	179259	23938	23549	5	3	1	1	1	5	9	3131	19788	3101	19799
fb1a1a72	HI_1_13_0	27	instruments	full	L8+L2+LM+L3a+L6a+L6b+L4a+LS+L1a+LP+L7+L9	L8+L2+L3a+L6b+L4a+LS+L1a+LP+L7+L9	oui	0	41	21	48771	38977	38977	283526	283526	327178	7570	7344	19791	3132	19799	3101	0	28650	150682	0	0	0	0
fb1a1a72	HI_1_13_0	27	instruments	full+WO	L8+L2+LM+L3a+L6a+L6b+L4a+LS+L1a+LP+L7+L9+WO	L8+L2+L3a+L6b+L4a+LS+L1a+LP+L7+L9+WO	oui	0	41	21	48771	38977	38977	283526	283526	327179	7569	7344	19791	3132	19799	3101	0	28650	150682	0	0	0	0
fb1a1a72	HI_1_13_0	27	instruments	full+WO-L9	L8+L2+LM+L3a+L6a+L6b+L4a+LS+L1a+LP+L7+WO	L8+L2+L3a+L6b+L4a+LS+L1a+LP+L7+WO	oui	0	41	21	48771	38977	38977	283526	283526	327179	7569	7344	19791	3132	19799	3101	0	28650	150682	0	0	0	0
fb1a1a72	HI_1_13_0	27	instruments	full-L1a	L8+L2+LM+L3a+L6a+L6b+L4a+LS+LP+L7+L9	L8+L2+L3a+L6b+L4a+LS+LP+L7+L9	oui	0	0	21	48771	43538	43495	326612	326453	350270	4063	4067	21355	135	21351	135	1	824	165704	6009	1448	5976	1458
fb1a1a72	HI_1_13_0	27	instruments	full-L1a-L9	L8+L2+LM+L3a+L6a+L6b+L4a+LS+LP+L7	L8+L2+L3a+L6b+L4a+LS+LP+L7	oui	0	0	21	48771	43538	43495	326612	326453	350270	4063	4067	21355	135	21351	135	1	824	165704	6009	1448	5976	1458
fb1a1a72	HI_1_13_0	27	instruments	full-L2	L8+LM+L3a+L6a+L6b+L4a+LS+L1a+LP+L7+L9	L8+L3a+L6b+L4a+LS+L1a+LP+L7+L9	oui	0	41	21	48771	38747	38747	281683	281683	326825	7532	7306	19561	3132	19569	3101	0	28650	148839	0	230	0	230
fb1a1a72	HI_1_13_0	27	instruments	full-L2-L9	L8+LM+L3a+L6a+L6b+L4a+LS+L1a+LP+L7	L8+L3a+L6b+L4a+LS+L1a+LP+L7	oui	0	41	21	48771	38747	38747	281683	281683	326825	7532	7306	19561	3132	19569	3101	0	28650	148839	0	230	0	230
fb1a1a72	HI_1_13_0	27	instruments	full-L3a	L8+L2+LM+L6a+L6b+L4a+LS+L1a+LP+L7+L9	L8+L2+L6b+L4a+LS+L1a+LP+L7+L9	oui	0	41	21	48771	37714	37714	271613	271613	320442	8273	8049	18522	3126	18530	3095	0	28589	138710	13	1276	13	1276
fb1a1a72	HI_1_13_0	27	instruments	full-L3a-L9	L8+L2+LM+L6a+L6b+L4a+LS+L1a+LP+L7	L8+L2+L6b+L4a+LS+L1a+LP+L7	oui	0	41	21	48771	37714	37714	271613	271613	320442	8273	8049	18522	3126	18530	3095	0	28589	138710	13	1276	13	1276
fb1a1a72	HI_1_13_0	27	instruments	full-L4a	L8+L2+LM+L3a+L6a+L6b+LS+L1a+LP+L7+L9	L8+L2+L3a+L6b+LS+L1a+LP+L7+L9	oui	0	41	21	48771	38977	38977	283526	283526	327178	7570	7344	19791	3132	19799	3101	0	28650	150682	0	0	0	0
fb1a1a72	HI_1_13_0	27	instruments	full-L4a-L9	L8+L2+LM+L3a+L6a+L6b+LS+L1a+LP+L7	L8+L2+L3a+L6b+LS+L1a+LP+L7	oui	0	41	21	48771	38977	38977	283526	283526	327178	7570	7344	19791	3132	19799	3101	0	28650	150682	0	0	0	0
fb1a1a72	HI_1_13_0	27	instruments	full-L6a	L8+L2+LM+L3a+L6b+L4a+LS+L1a+LP+L7+L9	L8+L2+L3a+L6b+L4a+LS+L1a+LP+L7+L9	non (identique par construction a full)	0	41	21	48771	38977	38977	283526	283526	327178	7570	7344	19791	3132	19799	3101	0	28650	150682	0	0	0	0
fb1a1a72	HI_1_13_0	27	instruments	full-L6a-L9	L8+L2+LM+L3a+L6b+L4a+LS+L1a+LP+L7	L8+L2+L3a+L6b+L4a+LS+L1a+LP+L7	non (identique par construction a full-L9)	0	41	21	48771	38977	38977	283526	283526	327178	7570	7344	19791	3132	19799	3101	0	28650	150682	0	0	0	0
fb1a1a72	HI_1_13_0	27	instruments	full-L6b	L8+L2+LM+L3a+L6a+L4a+LS+L1a+LP+L7+L9	L8+L2+L3a+L4a+LS+L1a+LP+L7+L9	oui	0	41	21	48771	38977	38977	283526	283526	327178	7570	7344	19791	3132	19799	3101	0	28650	150682	0	0	0	0
fb1a1a72	HI_1_13_0	27	instruments	full-L6b-L9	L8+L2+LM+L3a+L6a+L4a+LS+L1a+LP+L7	L8+L2+L3a+L4a+LS+L1a+LP+L7	oui	0	41	21	48771	38977	38977	283526	283526	327178	7570	7344	19791	3132	19799	3101	0	28650	150682	0	0	0	0
fb1a1a72	HI_1_13_0	27	instruments	full-L7	L8+L2+LM+L3a+L6a+L6b+L4a+LS+L1a+LP+L9	L8+L2+L3a+L6b+L4a+LS+L1a+LP+L9	oui	0	41	21	48771	45492	45492	345033	345033	359803	2303	2298	23204	30	23213	0	0	0	183446	6575	60	6575	60
fb1a1a72	HI_1_13_0	27	instruments	full-L7-L9	L8+L2+LM+L3a+L6a+L6b+L4a+LS+L1a+LP	L8+L2+L3a+L6b+L4a+LS+L1a+LP	oui	0	41	21	48771	45492	45492	345033	345033	359803	2303	2298	23204	30	23213	0	0	0	183446	6575	60	6575	60
fb1a1a72	HI_1_13_0	27	instruments	full-L8	L2+LM+L3a+L6a+L6b+L4a+LS+L1a+LP+L7+L9	L2+L3a+L6b+L4a+LS+L1a+LP+L7+L9	oui	0	38	21	48771	20360	20356	143321	143313	168008	25421	24825	979	2937	983	2906	0	27092	8910	224	18841	222	18843
fb1a1a72	HI_1_13_0	27	instruments	full-L8-L9	L2+LM+L3a+L6a+L6b+L4a+LS+L1a+LP+L7	L2+L3a+L6b+L4a+LS+L1a+LP+L7	oui	0	38	21	48771	20360	20356	143321	143313	168008	25421	24825	979	2937	983	2906	0	27092	8910	224	18841	222	18843
fb1a1a72	HI_1_13_0	27	instruments	full-L9	L8+L2+LM+L3a+L6a+L6b+L4a+LS+L1a+LP+L7	L8+L2+L3a+L6b+L4a+LS+L1a+LP+L7	oui	0	41	21	48771	38977	38977	283526	283526	327178	7570	7344	19791	3132	19799	3101	0	28650	150682	0	0	0	0
fb1a1a72	HI_1_13_0	27	instruments	full-LM	L8+L2+L3a+L6a+L6b+L4a+LS+L1a+LP+L7+L9	L8+L2+L3a+L6b+L4a+LS+L1a+LP+L7+L9	non (identique par construction a full)	0	41	21	48771	38977	38977	283526	283526	327178	7570	7344	19791	3132	19799	3101	0	28650	150682	0	0	0	0
fb1a1a72	HI_1_13_0	27	instruments	full-LM-L9	L8+L2+L3a+L6a+L6b+L4a+LS+L1a+LP+L7	L8+L2+L3a+L6b+L4a+LS+L1a+LP+L7	non (identique par construction a full-L9)	0	41	21	48771	38977	38977	283526	283526	327178	7570	7344	19791	3132	19799	3101	0	28650	150682	0	0	0	0
fb1a1a72	HI_1_13_0	27	instruments	full-LP	L8+L2+LM+L3a+L6a+L6b+L4a+LS+L1a+L7+L9	L8+L2+L3a+L6b+L4a+LS+L1a+L7+L9	oui	0	41	0	48771	38977	38977	283526	283526	327178	7570	7344	19791	3132	19799	3101	0	28650	150682	0	0	0	0
fb1a1a72	HI_1_13_0	27	instruments	full-LP-L9	L8+L2+LM+L3a+L6a+L6b+L4a+LS+L1a+L7	L8+L2+L3a+L6b+L4a+LS+L1a+L7	oui	0	41	0	48771	38977	38977	283526	283526	327178	7570	7344	19791	3132	19799	3101	0	28650	150682	0	0	0	0
fb1a1a72	HI_1_13_0	27	instruments	full-LS	L8+L2+LM+L3a+L6a+L6b+L4a+L1a+LP+L7+L9	L8+L2+L3a+L6b+L4a+L1a+LP+L7+L9	oui	0	41	21	48771	38977	38977	283526	283526	327178	7570	7344	19791	3132	19799	3101	0	28650	150682	0	0	0	0
fb1a1a72	HI_1_13_0	27	instruments	full-LS-L9	L8+L2+LM+L3a+L6a+L6b+L4a+L1a+LP+L7	L8+L2+L3a+L6b+L4a+L1a+LP+L7	oui	0	41	21	48771	38977	38977	283526	283526	327178	7570	7344	19791	3132	19799	3101	0	28650	150682	0	0	0	0
fb1a1a72	HI_1_13_0	27	instruments	reference	aucun	aucun	oui	0	0	0	48771	22318	22279	161678	161566	179254	23941	23549	0	0	0	0	0	0	0	3132	19791	3101	19799
