film	slot	gen	creations	premiere_creation_us	images_cles	hors_bande	positions_prod	entetes_bruts	positions_vivantes	premier_us	dernier_us
084a804d	512	1	1	12293991909	2	false	750	750	750	12294040317	12341032168
084a804d	512	2	1	12980954923	0	false	0	3156	3156	12980983852	13088226029
084a804d	513	1	1	12294040317	5	false	362	362	362	12294060666	12335259910
084a804d	513	2	1	12984192095	0	false	0	1542	1542	12984221270	13070273490
084a804d	514	1	1	12294040317	2	false	646	646	646	12294060666	12337707197
084a804d	514	2	1	12994033496	0	false	0	549	549	12994062716	13012481562
084a804d	515	1	1	12294060666	6	false	2752	2752	2752	12294092318	12408335602
084a804d	515	2	1	12994432936	0	false	0	6029	6029	12994462470	13202273188
084a804d	516	1	1	12294060666	4	false	1793	1793	1793	12294092318	12376067517
084a804d	516	2	1	12994900961	0	false	0	503	503	12991592069	13012280313
084a804d	517	1	1	12294092318	3	false	981	981	981	12294125595	12349074996
084a804d	517	2	1	12997636383	0	false	0	601	601	12997665460	13018287621
084a804d	518	1	1	12294092318	3	false	765	765	765	12294125595	12341867423
084a804d	518	2	1	12997938026	0	false	0	1592	1592	12997965986	13052824147
084a804d	519	1	1	12294125595	4	false	1610	1611	1610	12294159671	12370830311
084a804d	519	2	1	12998337459	0	false	0	865	865	12998366335	13027796529
084a804d	520	1	1	12294125595	3	false	981	981	981	12294159671	12349506795
084a804d	520	2	1	13002473099	0	false	0	369	369	12771901372	13018852931
084a804d	521	1	1	12294159671	3	false	1180	1180	1180	12294193770	12356513988
084a804d	521	2	1	13003575075	0	false	0	8604	8604	13003603788	13295299624
084a804d	522	1	1	12294159671	2	false	167	167	167	12294193770	12321611289
084a804d	522	2	1	13005843317	0	false	0	675	675	13005877682	13032303390
084a804d	523	1	1	12294193770	10	false	4778	4777	4777	12294227674	12483647498
084a804d	523	2	1	13005877682	0	false	0	432	432	13005906277	13020821454
084a804d	524	1	1	12294193770	3	false	1266	1266	1266	12294227674	12358316130
084a804d	524	2	1	13010083113	0	false	0	1624	1624	13010112030	13066569839
084a804d	525	1	1	12294227674	2	false	695	695	695	12294266210	12339933847
084a804d	525	2	1	13021596685	0	false	0	984	984	13021621562	13055360011
084a804d	526	1	1	12294227674	4	false	1743	1743	1743	12294266210	12375767346
084a804d	526	2	1	13022359897	0	false	0	1641	1641	13022389009	13077348156
084a804d	527	1	1	12294266210	3	false	977	977	977	12294297123	12349339785
084a804d	527	2	1	13022526632	0	false	0	906	906	13022556800	13052892579
084a804d	528	1	1	12294266210	3	false	1299	1300	1299	12294297123	12361019054
084a804d	528	2	1	13024829508	0	false	0	142	142	13024859264	13048719635
084a804d	529	1	1	12294297123	5	false	2011	2012	2011	12294334198	12384642397
084a804d	529	2	1	13025229959	0	false	0	822	822	13025259756	13053091641
084a804d	530	1	1	12294297123	4	false	1175	1175	1175	12294334198	12374100141
084a804d	530	2	1	13028335700	0	false	0	1542	1542	13028365394	13082386400
084a804d	531	1	1	12294334198	4	false	1786	1787	1786	12294367167	12375901322
084a804d	531	2	1	13037858039	0	false	0	1837	1837	13037888246	13110848480
084a804d	532	1	1	12294334198	3	false	11	11	11	12294367167	12298287486
084a804d	532	2	1	13041649053	0	false	0	510	510	13041679177	13059663027
084a804d	533	1	1	12294367167	2	false	496	496	496	12295085380	12332825231
084a804d	533	2	1	13042017297	0	false	0	935	935	13042046644	13073776902
084a804d	534	1	1	12294367167	11	false	5361	5361	5361	12294397040	12509909979
084a804d	534	2	1	13042351330	0	false	0	971	971	13042380062	13090961592
084a804d	535	1	1	12294397040	4	false	386	386	386	12295385600	12366659323
084a804d	535	2	1	13043887240	0	false	0	1281	1281	13043914744	13091128143
084a804d	536	1	1	12342872677	1	false	315	315	315	12342901166	12354011030
084a804d	536	2	1	13045087379	0	false	0	2781	2781	13045116949	13139777788
084a804d	537	1	1	12347709981	5	false	1237	1237	1237	12347743653	12392051506
084a804d	537	2	1	13045757627	0	false	0	982	982	13045785367	13079383985
084a804d	538	1	1	12347743653	6	false	2987	2987	2987	12347771981	12453281131
084a804d	538	2	1	13048257578	0	false	0	1042	1042	13048287048	13116387617
084a804d	539	1	1	12349978260	2	false	141	141	141	12350007819	12568063957
084a804d	539	2	1	13058799991	0	false	0	1870	1870	13058827818	13127064944
084a804d	540	1	1	12351078767	2	false	438	438	438	12351108567	12366458606
084a804d	540	2	1	13062870971	0	false	0	1200	1200	13062898746	13103741862
084a804d	541	1	1	12351947563	2	false	1334	1334	1334	12351975769	12397224954
084a804d	541	2	1	13062936076	0	false	0	654	654	13062965779	13084920965
084a804d	542	1	1	12355049952	1	false	158	158	158	12355079743	12370696200
084a804d	542	2	1	13063236757	0	false	0	1237	1237	13063266224	13105710859
084a804d	543	1	1	12359121907	5	false	2871	2871	2871	12359150107	12455784020
084a804d	543	2	1	13065406948	0	false	0	3314	3313	13065435592	13183621890
084a804d	544	1	1	12359388317	2	false	836	836	836	12359418148	12396422246
084a804d	544	2	1	13068442849	0	false	0	1357	1357	13068471319	13114250874
084a804d	545	1	1	12359588758	6	false	3040	3040	3040	12359617915	12464889745
084a804d	545	2	1	13071445624	0	false	0	1599	1599	13071476338	13125695974
084a804d	546	1	1	12364060364	7	false	377	377	377	12364089779	12440400891
084a804d	546	2	1	13076617930	0	false	0	1783	1783	13076646952	13140112339
084a804d	547	1	1	12366596895	1	false	170	171	170	12366625199	12372665380
084a804d	547	2	1	13080322858	0	false	0	622	622	13080350712	13110381601
084a804d	548	1	1	12368398536	2	false	81	81	81	12368426477	12661929378
084a804d	548	2	1	13083857876	0	false	0	2128	2128	13083886948	13155495911
084a804d	549	1	1	12371067949	8	false	3783	3783	3783	12371097071	12512809575
084a804d	549	2	1	13086394178	0	false	0	374	374	13086423388	13172377099
084a804d	550	1	1	12376506515	3	false	1368	1368	1368	12376535194	12422617781
084a804d	550	2	1	13087428042	0	false	0	370	370	13087458392	13099904912
084a804d	551	1	1	12376707393	0	false	2	2	2	12376735397	12376769442
084a804d	551	2	1	13089431234	0	false	0	1938	1938	13089460767	13250857114
084a804d	552	1	1	12379374774	7	false	466	466	466	12379403930	12397557318
084a804d	552	2	1	13092434496	0	false	0	3098	3097	13092463099	13203808169
084a804d	553	1	1	12380775521	4	false	884	884	884	12380804837	12443169343
084a804d	553	2	1	13094968598	0	false	0	1432	1432	13094998438	13143246981
084a804d	554	1	1	12380909818	2	false	884	884	884	12380940137	12411438454
084a804d	554	2	1	13098273293	0	false	0	2910	2910	13098302558	13218056279
084a804d	555	1	1	12382745714	1	false	269	269	269	12382773567	12392051506
084a804d	555	2	1	13101015744	0	false	0	653	653	13101042281	13130968087
084a804d	556	1	1	12384180996	3	false	398	399	398	12384209670	12398427936
084a804d	556	2	1	13101178643	0	false	0	5370	5370	13101206535	13292364364
084a804d	557	1	1	12385816368	3	false	1106	1106	1106	12385845731	12423017780
084a804d	557	2	1	13113789287	0	false	0	2423	2423	13113817661	13197469188
084a804d	558	1	1	12385950430	1	false	323	323	323	12385978679	12396856870
084a804d	558	2	1	13115758420	0	false	0	1283	1283	13115786546	13246584495
084a804d	559	1	1	12386116670	1	false	309	309	309	12374200200	12396856870
084a804d	559	2	1	13120461654	0	false	0	143	143	13120490177	13139777788
084a804d	560	1	1	12394692265	3	false	1877	1877	1877	12394720485	12458051724
084a804d	560	2	1	13120895688	0	false	0	552	552	13120924351	13139577084
084a804d	561	1	1	12398163962	2	false	68	68	68	12398192245	12421783400
084a804d	561	2	1	13124300372	0	false	0	1745	1745	13124329057	13183689397
084a804d	562	1	1	12402133392	1	false	111	111	111	12402162500	12406970318
084a804d	562	2	1	13126435510	0	false	0	1172	1172	13126463765	13166339237
084a804d	563	1	1	12406469680	2	false	474	474	474	12406498787	12424119344
084a804d	563	2	1	13135744208	0	false	0	1514	1514	13135773696	13186689526
084a804d	564	1	1	12406937765	4	false	2108	2109	2108	12406970318	12477475015
084a804d	564	2	1	13137112757	0	false	0	329	329	13137142277	13148217968
084a804d	565	1	1	12406970318	6	false	2829	2829	2829	12407002641	12502433315
084a804d	565	2	1	13141016188	0	false	0	544	544	13141045315	13168339497
084a804d	566	1	1	12407105708	3	false	1410	1409	1409	12407133164	12454983402
084a804d	566	2	1	13143451383	0	false	0	890	890	13143480670	13173178582
084a804d	567	1	1	12407273009	3	false	1288	1287	1287	12407301635	12455483453
084a804d	567	2	1	13149623464	0	false	0	750	750	13149652870	13174911822
084a804d	568	1	1	12417047530	6	false	3474	3474	3474	12417077085	12533932340
084a804d	568	2	1	13149824327	0	false	0	324	324	13149857703	13172546817
084a804d	569	1	1	12418382525	6	false	266	267	266	12418412297	12439600384
084a804d	569	2	1	13149857703	0	false	0	1348	1348	13149887139	13195133475
084a804d	570	1	1	12421519797	2	false	610	610	610	12421548791	12442736292
084a804d	570	2	1	13150158348	0	false	0	2105	2105	12494559757	13232402909
084a804d	571	1	1	12431890276	2	false	273	273	273	12431893650	12667766365
084a804d	571	2	1	13153294959	0	false	0	708	708	13068138002	13222128482
084a804d	572	1	1	12432662485	4	false	2310	2310	2310	12432691173	12509975006
084a804d	572	2	1	13158303004	0	false	0	1805	1805	13158331115	13219155897
084a804d	573	1	1	12433063419	1	false	680	680	680	12433092089	12456117123
084a804d	573	2	1	13165576639	0	false	0	1563	1562	13165605614	13219023044
084a804d	574	1	1	12433598258	4	false	2332	2332	2332	12433626933	12518952306
084a804d	574	2	1	13170946157	0	false	0	542	542	13170974427	13190027466
084a804d	575	1	1	12434166516	2	false	990	990	990	12434194543	12468966870
084a804d	575	2	1	13176385388	0	false	0	541	541	13176413284	13195266106
084a804d	576	1	1	12442975433	2	false	734	735	734	12443003346	12472469286
084a804d	576	2	1	13178386517	0	false	0	518	518	13178418374	13195899986
084a804d	577	1	1	12443341032	4	false	1357	1357	1357	12443369604	12513944172
084a804d	577	2	1	13182590938	0	false	0	965	964	13182620152	13226498519
084a804d	578	1	1	12452784483	3	false	1668	1668	1668	12452813555	12508973051
084a804d	578	2	1	13183225800	0	false	0	764	764	13183254746	13209279201
084a804d	579	1	1	12453217910	1	false	141	141	141	12453247229	12458386849
084a804d	579	2	1	13184993859	0	false	0	1724	1724	13185023057	13247654743
084a804d	580	1	1	12463326266	2	false	722	722	722	12463356355	12487752859
084a804d	580	2	1	13193668248	0	false	0	3117	3117	13193697739	13315088618
084a804d	581	1	1	12465062260	4	false	1429	1429	1429	12465092651	12526624027
084a804d	581	2	1	13193735997	0	false	0	1260	1260	13193764124	13235874626
084a804d	582	1	1	12465562268	5	false	2475	2475	2475	12465593122	12559022093
084a804d	582	2	1	13196739661	0	false	0	2614	2613	13196768144	13287794087
084a804d	583	1	1	12465831665	5	false	2387	2387	2387	12465860410	12549479923
084a804d	583	2	1	13205180233	0	false	0	69	69	13205210513	13207778657
084a804d	584	1	1	12466198022	8	false	4155	4155	4155	12466226775	12615181010
084a804d	584	2	1	13205948113	0	false	0	1667	1667	13205977743	13262202426
084a804d	585	1	1	12468103293	5	false	2206	2206	2206	12468131558	12543306804
084a804d	585	2	1	13207514711	0	false	0	654	654	13207543465	13232238251
084a804d	586	1	1	12469208234	3	false	1368	1368	1368	12469238345	12515411726
084a804d	586	2	1	13212320573	0	false	0	2553	2553	13212348523	13298471625
084a804d	587	1	1	12473608409	2	false	1166	1166	1166	12473638140	12513042222
084a804d	587	2	1	13213855666	0	false	0	1919	1919	13213884904	13279755010
084a804d	588	1	1	12474942846	6	false	3231	3231	3231	12474971820	12585950994
084a804d	588	2	1	13219328376	0	false	0	1657	1657	13219360663	13275914824
084a804d	589	1	1	12479047559	2	false	1158	1159	1158	12479075738	12518914704
084a804d	589	2	1	13224701350	0	false	0	1875	1874	13224730096	13293865669
084a804d	590	1	1	12482683731	8	false	1636	1637	1636	12482712816	12639105823
084a804d	590	2	1	13228140229	0	false	0	329	329	13228167778	13239211602
084a804d	591	1	1	12487523725	10	false	5521	5521	5521	12487551841	12676241053
084a804d	591	2	1	13229072445	0	false	0	1821	1821	13229101088	13290594379
084a804d	592	1	1	12493731265	11	false	5742	5741	5741	12493759638	12714113831
084a804d	592	2	1	13229206219	0	false	0	525	525	13229235422	13255828049
084a804d	593	1	1	12497833718	3	false	1605	1605	1605	12497862766	12555853095
084a804d	593	2	1	13232207875	0	false	0	2123	2123	13232238251	13303239614
084a804d	594	1	1	12510279839	3	false	700	700	700	12510307963	12553917690
084a804d	594	2	1	13236545553	0	false	0	3214	3214	13236574779	13347620309
084a804d	595	1	1	12512480757	5	false	3167	3167	3167	12512510614	12618952228
084a804d	595	2	1	13240750581	0	false	0	781	781	13240779302	13267539385
084a804d	596	1	1	12513514378	2	false	921	921	921	12513543987	12545676280
084a804d	596	2	1	13242286675	0	false	0	339	339	13242314568	13255527905
084a804d	597	1	1	12519020804	1	false	552	552	552	12519049463	12538135799
084a804d	597	2	1	13242452415	0	false	0	2808	2808	13242480649	13346519596
084a804d	598	1	1	12519955038	0	false	3	3	3	12519984053	12520050473
084a804d	598	2	1	13245923370	0	false	0	1808	1808	13245950684	13306644748
084a804d	599	1	1	12520023086	4	false	1326	1329	1326	12520050473	12591854726
084a804d	599	2	1	13247058108	0	false	0	270	270	13247086993	13300703206
084a804d	600	1	1	12522856680	3	false	1333	1334	1333	12522884860	12568163489
084a804d	600	2	1	13256665520	0	false	0	752	751	13256694172	13303280813
084a804d	601	1	1	12523128726	2	false	975	975	975	12523155036	12556355478
084a804d	601	2	1	13257699117	0	false	0	280	280	13257729106	13283588881
084a804d	602	1	1	12523990221	2	false	136	136	136	12524019894	13110048108
084a804d	602	2	1	13260938101	0	false	0	636	633	13260965474	13282654787
084a804d	603	1	1	12525460959	5	false	1439	1439	1439	12525489086	13266438557
084a804d	603	2	1	13264040185	0	false	0	872	872	13261602711	13293432599
084a804d	604	1	1	12528964470	4	false	2016	2016	2016	12528997689	12597627242
084a804d	604	2	1	13265874233	0	false	0	1330	1330	13265903772	13311051582
084a804d	605	1	1	12528997689	2	false	454	454	454	12529026180	12544212687
084a804d	605	2	1	13266376139	0	false	0	2035	2035	13266404151	13335474093
084a804d	606	1	1	12536673871	6	false	654	654	654	12536701401	12654655833
084a804d	606	2	1	13270779810	0	false	0	606	606	13270808735	13295567447
084a804d	607	1	1	12542945146	2	false	526	526	526	12542973311	12575605588
084a804d	607	2	1	13272281778	0	false	0	401	401	13272310317	13288759528
084a804d	608	1	1	12544012695	1	false	455	456	455	12544042172	12559589971
084a804d	608	2	1	13277589285	0	false	0	380	380	13277619844	13296066595
084a804d	609	1	1	12548185029	3	false	1404	1404	1404	12548213401	12595893642
084a804d	609	2	1	13285962329	0	false	0	1100	1100	13285992341	13323262842
084a804d	610	1	1	12553355355	3	false	1789	1790	1789	12553383650	12613582865
084a804d	610	2	1	13289799396	0	false	0	1241	1241	12780847968	13331871658
084a804d	611	1	1	12554255576	1	false	509	509	509	12554284865	12571870079
084a804d	611	2	1	13293636682	0	false	0	999	999	13293664708	13328301839
084a804d	612	1	1	12559527056	4	false	1858	1859	1858	12559556839	12621958867
084a804d	612	2	1	13297837897	0	false	0	1038	1038	13297867585	13341549579
084a804d	613	1	1	12562630109	3	false	1628	1628	1628	12562659878	12617750108
084a804d	613	2	1	13298805745	0	false	0	1375	1375	13298834998	13345251570
084a804d	614	1	1	12563966486	4	false	1750	1750	1750	12563993716	12636468214
084a804d	614	2	1	13300675284	0	false	0	1365	1365	13300703206	13346452370
084a804d	615	1	1	12565933611	2	false	665	665	665	12565963402	12588254066
084a804d	615	2	1	13302443807	0	false	0	1096	1095	13302472804	13339179288
084a804d	616	1	1	12566399756	4	false	939	939	939	12566429634	12629095027
084a804d	616	2	1	13303513317	0	false	0	782	782	13303542002	13330069191
084a804d	617	1	1	12569069340	5	false	2430	2430	2430	12569097799	12654054034
084a804d	617	2	1	13303913309	0	false	0	382	382	13303941500	13317190039
084a804d	618	1	1	12569636600	2	false	860	860	860	12569666836	12598695824
084a804d	618	2	1	13305347534	0	false	0	1005	1004	13305376435	13339217720
084a804d	619	1	1	12571072623	3	false	330	330	330	12571100870	12582679409
084a804d	619	2	1	13305618040	0	false	0	177	177	13305645694	13311517201
084a804d	620	1	1	12578212678	5	false	2483	2483	2483	12578242282	12667267400
084a804d	620	2	1	13308520909	0	false	0	1197	1197	13308547020	13349769526
084a804d	621	1	1	12581916100	1	false	315	315	315	12581945597	12593624240
084a804d	621	2	1	13310756493	0	false	0	956	956	13310790000	13343216159
084a804d	622	1	1	12582148703	3	false	1286	1286	1286	12582177437	12626492814
084a804d	622	2	1	13311788294	0	false	0	1025	1025	13311818383	13349769526
084a804d	623	1	1	12585657072	2	false	214	214	214	12585682124	12609308931
084a804d	623	2	1	13313289984	0	false	0	343	343	12713881538	13324866830
084a804d	624	1	1	12596000098	3	false	1858	1857	1857	12596026419	12658324951
084a804d	624	2	1	13313324358	0	false	0	953	953	13313353560	13348654296
084a804d	625	1	1	12598302399	1	false	579	579	579	12598329141	12617750108
084a804d	625	2	1	13316694952	0	false	0	522	522	13316723763	13349769526
084a804d	626	1	1	12601903365	5	false	1030	1030	1030	12601933177	12661133826
084a804d	626	2	1	13321099444	0	false	0	805	804	13321127048	13348155465
084a804d	627	1	1	12603672750	2	false	303	303	303	12603701139	12630830024
084a804d	627	2	1	13325138590	0	false	0	386	386	13325166280	13349769526
084a804d	628	1	1	12605946967	12	false	6683	6683	6683	12605971483	12831332136
084a804d	628	2	1	13327238823	0	false	0	653	652	13327267036	13349769526
084a804d	629	1	1	12607678628	2	false	795	795	795	12607707724	12639038412
084a804d	629	2	1	13331208364	0	false	0	538	538	13331238493	13349769526
084a804d	630	1	1	12608746236	2	false	478	478	478	12608776058	12625592008
084a804d	630	2	1	13333309827	0	false	0	406	406	13333339713	13349622304
084a804d	631	1	1	12615954338	3	false	1501	1501	1501	12615982560	12666501001
084a804d	631	2	1	13334945550	0	false	0	387	387	13323831558	13347920036
084a804d	632	1	1	12619357200	2	false	690	690	690	12619386050	12642507804
084a804d	632	2	1	13338382311	0	false	0	153	153	13338411869	13349420749
084a804d	633	1	1	12623628986	9	false	4924	4921	4921	12623658592	12791389685
084a804d	633	2	1	13340118186	0	false	0	145	145	13340147635	13348654296
084a804d	634	1	1	12625230464	9	false	5211	5212	5211	12625259371	12801570217
084a804d	634	2	1	13341920629	0	false	0	9	9	13341949090	13345952491
084a804d	635	1	1	12627802004	4	false	1954	1954	1954	12627834381	12693597405
084a804d	636	1	1	12627834381	3	false	1064	1064	1064	12627863839	12664130320
084a804d	637	1	1	12628734342	2	false	660	660	660	12628763604	12651383212
084a804d	638	1	1	12629000121	4	false	802	802	802	12629030928	12655856590
084a804d	639	1	1	12632036833	3	false	1151	1152	1151	12632078060	12671337020
084a804d	640	1	1	12635638421	2	false	850	850	850	12635666725	12664397875
084a804d	641	1	1	12636539342	3	false	1356	1356	1356	12636568445	12683119011
084a804d	642	1	1	12639146704	5	false	824	824	824	12639172712	12741574217
084a804d	643	1	1	12640912041	2	false	794	794	794	12640941063	12668234113
084a804d	644	1	1	12646548754	2	false	261	262	261	12646577922	12680782401
084a804d	645	1	1	12649085225	3	false	1069	1070	1069	12649114298	12686520266
084a804d	646	1	1	12649153548	6	false	348	348	348	12649184479	12760357347
084a804d	647	1	1	12652558283	1	false	65	65	65	12652586308	12654722608
084a804d	648	1	1	12661433924	2	false	487	487	487	12661462588	12677677003
084a804d	649	1	1	12664102070	1	false	501	501	501	12664130320	12681548535
084a804d	650	1	1	12668371611	4	false	1971	1971	1971	12668400407	12735734111
084a804d	651	1	1	12671140164	6	false	1935	1935	1935	12671169243	12777275606
084a804d	652	1	1	12674211479	1	false	657	657	657	12674241074	12696396347
084a804d	653	1	1	12674479105	1	false	670	670	670	12674508139	12697330207
084a804d	654	1	1	12676546425	1	false	403	403	403	12676575752	12690058436
084a804d	655	1	1	12677314310	3	false	1914	1914	1914	12677344037	12741842536
084a804d	656	1	1	12678281986	1	false	428	428	428	12678310700	12693130113
084a804d	657	1	1	12681388514	1	false	363	363	363	12681415558	12693498424
084a804d	658	1	1	12683023547	1	false	495	495	495	12683052567	12699666789
084a804d	659	1	1	12686292048	1	false	409	409	409	12686320289	12699932931
084a804d	660	1	1	12690832316	2	false	37	37	37	12690863214	12692662414
084a804d	661	1	1	12691598673	3	false	1439	1440	1439	12691628273	12740341518
084a804d	662	1	1	12693205456	4	false	2115	2115	2115	12693233709	12764829582
084a804d	663	1	1	12696566202	2	false	798	798	798	12696595982	12730698571
084a804d	664	1	1	12696767097	3	false	1435	1436	1435	12696795894	12745445617
084a804d	665	1	1	12700104125	1	false	349	349	349	12700132989	12711845124
084a804d	666	1	1	12701406919	1	false	288	288	288	12701436152	12712158117
084a804d	667	1	1	12703174328	6	false	3196	3197	3196	12703203493	12813817404
084a804d	668	1	1	12703541961	8	false	4419	4419	4419	12703570270	12854587082
084a804d	669	1	1	12703641436	2	false	760	760	760	12703670428	12730163648
084a804d	670	1	1	12706443334	4	false	1595	1595	1595	12706474515	12763494358
084a804d	671	1	1	12707411320	3	false	1088	1088	1088	12707440028	12744778131
084a804d	672	1	1	12708312729	3	false	1079	1079	1079	12708340467	12744816665
084a804d	673	1	1	12709747286	2	false	582	582	582	12709774752	12729195385
084a804d	674	1	1	12709984669	4	false	2103	2103	2103	12710014576	12780780904
084a804d	675	1	1	12719322877	7	false	1055	1055	1055	12719351595	12820188044
084a804d	676	1	1	12721928147	2	false	1102	1102	1102	12721955377	12760290903
084a804d	677	1	1	12724162364	5	false	1986	1986	1986	12724190918	12803200696
084a804d	678	1	1	12730569887	4	false	1140	1141	1140	12730597314	12792857167
084a804d	679	1	1	12739241564	2	false	835	835	835	12739270396	12767300628
084a804d	680	1	1	12740210212	6	false	597	597	597	12740239729	12800598937
084a804d	681	1	1	12740746536	3	false	1506	1507	1506	12740775023	12800231240
084a804d	682	1	1	12745783646	10	false	5425	5426	5425	12745812187	12935771979
084a804d	683	1	1	12750386712	2	false	725	725	725	12750415749	12775140201
084a804d	684	1	1	12751621450	3	false	946	946	946	12751650430	12789121066
084a804d	685	1	1	12751891069	4	false	1350	1350	1350	12751918985	12817286814
084a804d	686	1	1	12754824912	2	false	906	906	906	12754860442	12785251226
084a804d	687	1	1	12754860442	5	false	2654	2653	2653	12754887934	12843678988
084a804d	688	1	1	12755493207	2	false	1070	1070	1070	12755521775	12791389685
084a804d	689	1	1	12770372244	2	false	323	323	323	12770405778	12801532112
084a804d	690	1	1	12770405778	4	false	1249	1249	1249	12770434059	12825126105
084a804d	691	1	1	12773540292	2	false	1155	1155	1155	12773569314	12813348602
084a804d	692	1	1	12774878555	3	false	1570	1570	1570	12774907147	12828529958
084a804d	693	1	1	12777381386	2	false	810	810	810	12777408664	12804500543
084a804d	694	1	1	12785190244	1	false	434	434	434	12785218033	12800365452
084a804d	695	1	1	12789594236	5	false	831	831	831	12789621461	12819288380
084a804d	696	1	1	12790828002	4	false	1862	1862	1862	12790856395	12853186988
084a804d	697	1	1	12795297090	4	false	1804	1804	1804	12795325621	12863964769
084a804d	698	1	1	12799301216	2	false	724	724	724	12799329984	12823929852
084a804d	699	1	1	12801436911	3	false	1311	1311	1311	12801470380	12845382253
084a804d	700	1	1	12801470380	3	false	1335	1335	1335	12801498481	12850718073
084a804d	701	1	1	12802904949	3	false	316	316	316	12802933472	12829429874
084a804d	702	1	1	12810280671	3	false	907	908	907	12810310957	12848617986
084a804d	703	1	1	12810415218	4	false	1318	1318	1318	12810444789	12862363262
084a804d	704	1	1	12811619131	3	false	317	317	317	12811653394	12822324076
084a804d	705	1	1	12811653394	5	false	2541	2541	2541	12811681637	12896731143
084a804d	706	1	1	12813253325	2	false	840	840	840	12813281264	12842211796
084a804d	707	1	1	12814557730	2	false	621	621	621	12814585603	12850817642
084a804d	708	1	1	12823403952	1	false	543	543	543	12823432756	12841644975
084a804d	709	1	1	12823896939	1	false	315	315	315	12823900444	12835370173
084a804d	710	1	1	12827334477	10	false	4959	4959	4959	12827361428	13014782278
084a804d	711	1	1	12833971703	5	false	969	969	969	12834001315	12936770881
084a804d	712	1	1	12835174027	1	false	476	476	476	12835203141	12851352112
084a804d	713	1	1	12838576454	1	false	346	347	346	12838604886	12850183616
084a804d	714	1	1	12841416471	2	false	940	940	940	12841442160	12873609224
084a804d	715	1	1	12845454077	2	false	788	788	788	12845482844	12874944025
084a804d	716	1	1	12851689746	3	false	45	45	45	12851719829	12853286232
084a804d	717	1	1	12852257602	5	false	1824	1824	1824	12852298070	12923293415
084a804d	718	1	1	12852925620	1	false	528	528	528	12852955066	12870739155
084a804d	719	1	1	12853724130	3	false	104	104	104	12853757834	12857758353
084a804d	720	1	1	12853757834	3	false	1571	1571	1571	12853787226	12906780257
084a804d	721	1	1	12855425361	2	false	920	920	920	12855454191	12888990877
084a804d	722	1	1	12856927986	3	false	1577	1577	1577	12856960700	12910846329
084a804d	723	1	1	12856960700	2	false	242	243	242	12856988599	12867070002
084a804d	724	1	1	12858695260	2	false	1143	1143	1143	12858725045	12897932516
084a804d	725	1	1	12860265304	1	false	181	181	181	12860294164	12866836547
084a804d	726	1	1	12860865171	10	false	5619	5619	5619	12860893681	13058393241
084a804d	727	1	1	12861400583	2	false	165	166	165	12861428030	12867436979
084a804d	728	1	1	12861867210	7	false	3555	3555	3555	12861896643	12987554655
084a804d	729	1	1	12863236063	5	false	2628	2628	2628	12863264828	12954455947
084a804d	730	1	1	12864640465	8	false	4508	4508	4508	12864667025	13015182702
084a804d	731	1	1	12872413516	3	false	1791	1791	1791	12872442516	12932735806
084a804d	732	1	1	12874313268	1	false	478	478	478	12874341129	12890560027
084a804d	733	1	1	12876982939	8	false	2756	2756	2756	12877011711	13004270714
084a804d	734	1	1	12881252713	9	false	3522	3522	3522	12881286519	13053157947
084a804d	735	1	1	12881286519	3	false	1274	1275	1274	12881315662	12924793841
084a804d	736	1	1	12883656910	6	false	2987	2989	2987	12514011288	12984388016
084a804d	737	1	1	12884990742	2	false	665	665	665	12885018569	12908510129
084a804d	738	1	1	12899037103	4	false	891	891	891	12899066852	12938940882
084a804d	739	1	1	12900637219	4	false	1858	1858	1858	12900666817	12963264152
084a804d	740	1	1	12901706433	2	false	1157	1157	1157	12901734968	12941077168
084a804d	741	1	1	12904677312	2	false	42	42	42	12904710431	12906674327
084a804d	742	1	1	12904710431	5	false	697	697	697	12904738334	12995795899
084a804d	743	1	1	12906780257	4	false	1908	1908	1908	12906812710	12970905535
084a804d	744	1	1	12907981594	3	false	1053	1053	1053	12908016160	12943244761
084a804d	745	1	1	12916154111	12	false	1290	1290	1290	12916184772	13160900262
084a804d	746	1	1	12916822302	2	false	126	126	126	12916850784	12921522994
084a804d	747	1	1	12918591480	2	false	341	341	341	12918620173	12930898417
084a804d	748	1	1	12920894181	2	false	266	267	266	12920922763	12929764924
084a804d	749	1	1	12932840260	3	false	580	580	580	12932868880	12953154895
084a804d	750	1	1	12933340190	3	false	1706	1706	1706	12933369525	13000034566
084a804d	751	1	1	12934841366	1	false	138	139	138	12934869989	12939509183
084a804d	752	1	1	12942783365	1	false	458	458	458	12942812317	12958528440
084a804d	753	1	1	12945818430	3	false	977	977	977	12945847397	12993494418
084a804d	754	1	1	12946822286	9	false	8	9	8	12946850267	12950286488
084a804d	755	1	1	12951122837	2	false	360	360	360	12951153033	12963164498
084a804d	756	1	1	12953094117	2	false	723	723	723	12953120765	12984854650
084a804d	757	1	1	12953292726	2	false	1011	1011	1011	12953321909	12988288024
084a804d	758	1	1	12954328127	3	false	1626	1626	1626	12954356333	13011546344
084a804d	759	1	1	12956830550	1	false	191	191	191	12956858770	12974142670
084a804d	760	1	1	12958965628	1	false	264	264	264	12958995726	12968369855
084a804d	761	1	1	12964537932	1	false	57	57	57	12964566854	12966435385
084a804d	762	1	1	12968575583	2	false	571	571	571	12968603565	12987888387
084a804d	763	1	1	12973243817	3	false	1838	1838	1838	12973273787	13035036218
084a804d	764	1	1	12973311603	1	false	670	670	670	12973341243	12995795899
084a804d	765	1	1	12975881477	1	false	222	222	222	12975910040	12983952574
084a804d	766	1	1	12976481514	3	false	1654	1654	1654	12976512909	13031967447
084a804d	767	1	1	12978418517	3	false	1768	1768	1768	12978446882	13038212052
1c4c63c2	512	1	1	7615153494	3	false	1152	1153	1152	7615182189	7655797197
1c4c63c2	512	2	1	8187520576	0	false	0	1582	1581	8187520753	8214233018
1c4c63c2	512	3	1	8714095917	0	false	0	7991	7991	8714107088	8850551752
1c4c63c2	513	1	1	7615182189	5	false	164	164	164	7615188814	7641033330
1c4c63c2	513	2	1	8189229056	0	false	0	1384	1384	8189229226	8213582738
1c4c63c2	513	3	1	8715524813	0	false	0	2171	2171	8715526101	8753568004
1c4c63c2	514	1	1	7615188814	4	false	354	354	354	7615205727	7669398143
1c4c63c2	514	2	1	8189369123	0	false	0	8631	8630	8189382752	8339871579
1c4c63c2	514	3	1	8715642310	0	false	0	2619	2619	8715642486	8767134456
1c4c63c2	515	1	1	7615205727	4	false	2044	2044	2044	7615221665	7671969559
1c4c63c2	515	2	1	8196215946	0	false	0	789	789	8196216132	8211946446
1c4c63c2	515	3	1	8716356823	0	false	0	3127	3127	8716369162	8773024830
1c4c63c2	516	1	1	7615221665	4	false	2076	2076	2076	7615239094	7680096581
1c4c63c2	516	2	1	8198344417	0	false	0	1839	1839	8198344611	8230711362
1c4c63c2	516	3	1	8721947464	0	false	0	7264	7264	8721947632	8853083574
1c4c63c2	517	1	1	7615239094	5	false	2912	2912	2912	7615256778	7693446624
1c4c63c2	517	2	1	8198500164	0	false	0	3250	3250	8198511605	8254223923
1c4c63c2	517	3	1	8722946494	0	false	0	1397	1397	8722961122	8747840748
1c4c63c2	518	1	1	7615256778	4	false	143	143	143	7615274560	7639863594
1c4c63c2	518	2	1	8200196486	0	false	0	2526	2526	8200207475	8308171118
1c4c63c2	518	3	1	8724961881	0	false	0	1535	1535	8724973068	8790432005
1c4c63c2	519	1	1	7615274560	3	false	1096	1096	1096	7615290608	7656578439
1c4c63c2	519	2	1	8200342432	0	false	0	1155	1155	8200342596	8224204665
1c4c63c2	519	3	1	8725916097	0	false	0	801	800	8725927702	8740127529
1c4c63c2	520	1	1	7615290608	10	false	649	650	649	7615307396	7798307000
1c4c63c2	520	2	1	8200818321	0	false	0	4980	4979	8200835189	8291767280
1c4c63c2	520	3	1	8727862950	0	false	0	2330	2330	8727863526	8768569093
1c4c63c2	521	1	1	7615307396	4	false	2200	2200	2200	7615324266	7674505962
1c4c63c2	521	2	1	8202091306	0	false	0	2143	2143	8202101996	8243197989
1c4c63c2	521	3	1	8727863745	0	false	0	4061	4061	8727867836	8798327604
1c4c63c2	522	1	1	7615324266	3	false	1465	1465	1465	7615339890	7662881282
1c4c63c2	522	2	1	8204524360	0	false	0	1191	1190	8204524523	8232480176
1c4c63c2	522	3	1	8737741989	0	false	0	8610	8609	8737753266	8896209376
1c4c63c2	523	1	1	7615339890	3	false	420	421	420	7615356756	7645329353
1c4c63c2	523	2	1	8211001918	0	false	0	2081	2081	8211011727	8246287302
1c4c63c2	523	3	1	8740178277	0	false	0	1903	1903	8740191176	8773024830
1c4c63c2	524	1	1	7615356756	3	false	153	153	153	7615372862	7640682556
1c4c63c2	524	2	1	8211451878	0	false	0	2477	2477	8211462250	8259863168
1c4c63c2	524	3	1	8746646344	0	false	0	4133	4133	8746646508	8817300705
1c4c63c2	525	1	1	7615372862	4	false	1895	1895	1895	7615390220	7683115877
1c4c63c2	525	2	1	8212185223	0	false	0	1051	1050	8212197211	8230026807
1c4c63c2	525	3	1	8750169288	0	false	0	4440	4440	8750180449	8826067106
1c4c63c2	526	1	1	7615390220	12	false	11940	11938	11938	7615409488	7842227240
1c4c63c2	526	2	1	8212919292	0	false	0	2182	2182	8212930533	8259194840
1c4c63c2	526	3	1	8755726055	0	false	0	1547	1547	8755737059	8781644437
1c4c63c2	527	1	1	7615409488	4	false	2416	2417	2416	7615425182	7679128178
1c4c63c2	527	2	1	8218872898	0	false	0	968	968	8218873111	8235100383
1c4c63c2	527	3	1	8756755030	0	false	0	2698	2698	8756755226	8809537714
1c4c63c2	528	1	1	7615425182	3	false	943	943	943	7615440870	7660002758
1c4c63c2	528	2	1	8222000297	0	false	0	1790	1790	8222011210	8253365690
1c4c63c2	528	3	1	8757908761	0	false	0	403	403	8757908940	8764965412
1c4c63c2	529	1	1	7615440870	4	false	2169	2168	2168	7615458677	7674223057
1c4c63c2	529	2	1	8223636572	0	false	0	5148	5147	8223636745	8323410077
1c4c63c2	529	3	1	8760440567	0	false	0	2340	2339	8760445203	8800129562
1c4c63c2	530	1	1	7615458677	7	false	5570	5570	5570	7615475681	7733653640
1c4c63c2	530	2	1	8232914943	0	false	0	1382	1382	8232915101	8256893150
1c4c63c2	530	3	1	8763631555	0	false	0	1679	1679	8755603743	8793126494
1c4c63c2	531	1	1	7615475681	5	false	3336	3336	3336	7615493009	7700936668
1c4c63c2	531	2	1	8234261718	0	false	0	522	522	8234266063	8242993898
1c4c63c2	531	3	1	8770704790	0	false	0	2418	2418	8770704970	8818902835
1c4c63c2	532	1	1	7615493009	3	false	1426	1426	1426	7615509805	7661595106
1c4c63c2	532	2	1	8240765192	0	false	0	2335	2335	8240776424	8285807549
1c4c63c2	532	3	1	8773173482	0	false	0	190	190	8773173690	8776838492
1c4c63c2	533	1	1	7615509805	8	false	1789	1789	1789	7615554257	7764077749
1c4c63c2	533	2	1	8240810049	0	false	0	3883	3883	8240810209	8307630479
1c4c63c2	533	3	1	8777187504	0	false	0	7245	7245	8777187694	8903601011
1c4c63c2	534	1	1	7615554257	7	false	4983	4984	4983	7615554452	7727389518
1c4c63c2	534	2	1	8242540968	0	false	0	341	340	8242586322	8264141245
1c4c63c2	534	3	1	8778622223	0	false	0	1200	1200	8778635267	8798879130
1c4c63c2	535	1	1	7615554452	4	false	1336	1336	1336	7615554645	7664253107
1c4c63c2	535	2	1	8242586322	0	false	0	906	906	8242586478	8261597633
1c4c63c2	535	3	1	8779932465	0	false	0	566	565	8779932714	8791926881
1c4c63c2	536	1	1	7665845330	4	false	3594	3595	3594	7665857498	7726117816
1c4c63c2	536	2	1	8245153021	0	false	0	6445	6445	8245164544	8354069235
1c4c63c2	536	3	1	8780124716	0	false	0	913	913	8780124890	8796241038
1c4c63c2	537	1	1	7666659739	7	false	7106	7106	7106	7666659970	7801995148
1c4c63c2	537	2	1	8245299200	0	false	0	2802	2802	8245299361	8292984720
1c4c63c2	537	3	1	8783114759	0	false	0	852	852	8783114930	8798116578
1c4c63c2	538	1	1	7668918052	6	false	4502	4501	4501	7668930048	7780333609
1c4c63c2	538	2	1	8253060592	0	false	0	435	435	8253060885	8260912316
1c4c63c2	538	3	1	8783114930	0	false	0	4075	4075	8783115090	8855379143
1c4c63c2	539	1	1	7670005594	9	false	9238	9239	9238	7670016389	7839573241
1c4c63c2	539	2	1	8256334604	0	false	0	938	938	8256346384	8749078191
1c4c63c2	539	3	1	8791706912	0	false	0	1318	1315	8791707074	8813879759
1c4c63c2	540	1	1	7671651683	2	false	1915	1915	1915	7671651844	7704831710
1c4c63c2	540	2	1	8263396396	0	false	0	1301	1300	8263407858	8285106141
1c4c63c2	540	3	1	8792313147	0	false	0	1265	1265	8792313319	8813563479
1c4c63c2	541	1	1	7672926160	2	false	898	898	898	7672938320	7688706537
1c4c63c2	541	2	1	8265327987	0	false	0	1190	1190	8265331220	8287292077
1c4c63c2	541	3	1	8800483232	0	false	0	2170	2170	8800483453	8836784835
1c4c63c2	542	1	1	7673470922	9	false	8920	8920	8920	7673471129	7826376137
1c4c63c2	542	2	1	8266950218	0	false	0	54	54	8266950430	8289214162
1c4c63c2	542	3	1	8801978424	0	false	0	2078	2077	8801978684	8836885527
1c4c63c2	543	1	1	7676643090	2	false	1784	1784	1784	7676643292	7708796131
1c4c63c2	543	2	1	8269247516	0	false	0	4851	4851	8269258891	8366873118
1c4c63c2	543	3	1	8803180526	0	false	0	4631	4631	8803180720	8884181222
1c4c63c2	544	1	1	7682020059	1	false	1004	1005	1004	7682031301	7699267794
1c4c63c2	544	2	1	8269914253	0	false	0	5814	5813	8269925924	8378511970
1c4c63c2	544	3	1	8806309465	0	false	0	3114	3114	8806309670	8883561527
1c4c63c2	545	1	1	7682070900	1	false	248	248	248	7682081976	7687355156
1c4c63c2	545	2	1	8271649298	0	false	0	1670	1670	8271661695	8301231964
1c4c63c2	545	3	1	8808155926	0	false	0	3180	3178	8808166458	8861932261
1c4c63c2	546	1	1	7684273114	7	false	6307	6307	6307	7684285092	7807136976
1c4c63c2	546	2	1	8274201923	0	false	0	947	947	8274202109	8307245725
1c4c63c2	546	3	1	8808383975	0	false	0	2786	2786	8808384146	8865482163
1c4c63c2	547	1	1	7684557705	2	false	2029	2030	2029	7684568715	7718797030
1c4c63c2	547	2	1	8282226947	0	false	0	2369	2369	8282237134	8322291754
1c4c63c2	547	3	1	8808923862	0	false	0	2033	2033	8808934796	8843539835
1c4c63c2	548	1	1	7689180120	2	false	1072	1073	1072	7689190503	7708879186
1c4c63c2	548	2	1	8285323350	0	false	0	3739	3739	8285323556	8379597418
1c4c63c2	548	3	1	8810178636	0	false	0	3251	3251	8810190112	8866416078
1c4c63c2	549	1	1	7690146158	2	false	1220	1221	1220	7690159470	7711982399
1c4c63c2	549	2	1	8293473942	0	false	0	465	465	8293485202	8302662184
1c4c63c2	549	3	1	8813776649	0	false	0	1808	1808	8813779002	8844847804
1c4c63c2	550	1	1	7690229920	3	false	1846	1846	1846	7690241568	7730026287
1c4c63c2	550	2	1	8295154687	0	false	0	3969	3969	8295154844	8361959079
1c4c63c2	550	3	1	8817640059	0	false	0	2445	2445	8817651547	8858699105
1c4c63c2	551	1	1	7693175371	2	false	1027	1027	1027	7693179108	7710661286
1c4c63c2	551	2	1	8295854148	0	false	0	1011	1010	8295854379	8313091468
1c4c63c2	551	3	1	8819592636	0	false	0	795	795	8819603485	8833344189
1c4c63c2	552	1	1	7697420252	7	false	6935	6937	6935	7689640376	7841099063
1c4c63c2	552	2	1	8297345729	0	false	0	372	372	8297345912	8306015365
1c4c63c2	552	3	1	8823627122	0	false	0	935	935	8823627286	8840139551
1c4c63c2	553	1	1	7698754231	3	false	2117	2117	2117	7698765579	7759854640
1c4c63c2	553	2	1	8299521609	0	false	0	2076	2075	8299521783	8342040683
1c4c63c2	553	3	1	8823943902	0	false	0	2046	2046	8823944076	8861395640
1c4c63c2	554	1	1	7703500983	7	false	7771	7772	7771	7703512540	7841470441
1c4c63c2	554	2	1	8301053046	0	false	0	3	3	8301056315	8301094480
1c4c63c2	554	3	1	8827340924	0	false	0	1236	1235	8827352178	8848253616
1c4c63c2	555	1	1	7709321967	1	false	755	756	755	7709334739	7722706917
1c4c63c2	555	2	1	8301839438	0	false	0	3162	3162	8301839625	8356254541
1c4c63c2	555	3	1	8828809509	0	false	0	2125	2125	8828820892	8864624396
1c4c63c2	556	1	1	7710994759	2	false	1583	1582	1582	7710994950	7737940942
1c4c63c2	556	2	1	8303046358	0	false	0	524	524	8303076550	8311868233
1c4c63c2	556	3	1	8828955906	0	false	0	2121	2121	8828956194	8870156141
1c4c63c2	557	1	1	7711704359	2	false	1943	1943	1943	7711704537	7745183982
1c4c63c2	557	2	1	8311326510	0	false	0	524	524	8311326695	8320528555
1c4c63c2	557	3	1	8836122224	0	false	0	3875	3874	8836134275	8903855716
1c4c63c2	558	1	1	7714891013	2	false	1015	1015	1015	7714891184	7732112959
1c4c63c2	558	2	1	8316061833	0	false	0	618	618	8317879073	8328222027
1c4c63c2	558	3	1	8843395233	0	false	0	1382	1382	8843405570	8868135497
1c4c63c2	559	1	1	7718850664	4	false	4273	4273	4273	7718850844	7800293814
1c4c63c2	559	2	1	8317305902	0	false	0	1000	1000	8317306052	8341490263
1c4c63c2	559	3	1	8846891878	0	false	0	2999	2999	8846892052	8897048702
1c4c63c2	560	1	1	7718933378	1	false	1183	1184	1183	7718933585	7739674980
1c4c63c2	560	2	1	8317692910	0	false	0	3574	3574	8111221102	8379664086
1c4c63c2	560	3	1	8846892052	0	false	0	2045	2045	8846892199	8883561527
1c4c63c2	561	1	1	7720724553	3	false	2450	2451	2450	7720724717	7777836598
1c4c63c2	561	2	1	8318206123	0	false	0	1318	1318	8318217581	8340739116
1c4c63c2	561	3	1	8850197636	0	false	0	1768	1768	8850197853	8880136951
1c4c63c2	562	1	1	7722032924	5	false	5873	5874	5873	7722037121	7839923215
1c4c63c2	562	2	1	8321907550	0	false	0	1302	1302	8321918412	8347344406
1c4c63c2	562	3	1	8852312478	0	false	0	2958	2958	8852317208	8903855716
1c4c63c2	563	1	1	7728858218	1	false	413	414	413	7728858411	7735786906
1c4c63c2	563	2	1	8323148474	0	false	0	2943	2943	8323159637	8373738786
1c4c63c2	563	3	1	8853598576	0	false	0	2290	2289	8853630757	8903855716
1c4c63c2	564	1	1	7732764560	2	false	1849	1849	1849	7732764797	7764077749
1c4c63c2	564	2	1	8323261213	0	false	0	1595	1595	8323261408	8354069235
1c4c63c2	564	3	1	8854907919	0	false	0	1203	1203	8854908095	8875996305
1c4c63c2	565	1	1	7736169820	5	false	5388	5388	5388	7736169967	7829976800
1c4c63c2	565	2	1	8330562810	0	false	0	582	582	8330574301	8341189737
1c4c63c2	565	3	1	8858309045	0	false	0	1993	1993	8858312899	8892695453
1c4c63c2	566	1	1	7737456458	2	false	1896	1896	1896	7737456632	7770362461
1c4c63c2	566	2	1	8330663348	0	false	0	6	6	8330674810	8330775045
1c4c63c2	566	3	1	8860575832	0	false	0	2286	2286	8860575976	8899275761
1c4c63c2	567	1	1	7740083595	2	false	1590	1590	1590	7740094244	7767834020
1c4c63c2	567	2	1	8332333287	0	false	0	1243	1242	8332344217	8356644170
1c4c63c2	567	3	1	8863126515	0	false	0	2363	2363	8863136845	8903855716
1c4c63c2	568	1	1	7742180304	4	false	5324	5324	5324	7742180475	7839080921
1c4c63c2	568	2	1	8333451537	0	false	0	2114	2114	8333463263	8368823839
1c4c63c2	568	3	1	8865437776	0	false	0	661	660	8865448681	8876933412
1c4c63c2	569	1	1	7743715928	3	false	2726	2726	2726	7743716119	7789897364
1c4c63c2	569	2	1	8343197465	0	false	0	662	662	8343208961	8354285936
1c4c63c2	569	3	1	8868759564	0	false	0	1162	1162	8868770325	8888654674
1c4c63c2	570	1	1	7745841881	4	false	5281	5283	5281	7723965966	7834195031
1c4c63c2	570	2	1	8349919744	0	false	0	1625	1625	8100359094	8379428678
1c4c63c2	570	3	1	8871445318	0	false	0	805	803	8871456722	8884915622
1c4c63c2	571	1	1	7748003933	4	false	4240	4239	4239	7748004107	7827925892
1c4c63c2	571	2	1	8350798127	0	false	0	1563	1559	8350798297	8379664086
1c4c63c2	571	3	1	8871978435	0	false	0	1902	1902	7779346356	8903855716
1c4c63c2	572	1	1	7749729257	3	false	3043	3043	3043	7749740576	7805817819
1c4c63c2	572	2	1	8351249249	0	false	0	1384	1382	8351249428	8375006217
1c4c63c2	572	3	1	8874684037	0	false	0	469	468	8874694842	8882845145
1c4c63c2	573	1	1	7755234883	1	false	572	572	572	7755246652	7765135836
1c4c63c2	573	2	1	8351538613	0	false	0	1317	1317	8351549136	8379495550
1c4c63c2	573	3	1	8875545453	0	false	0	808	807	8875545627	8889123432
1c4c63c2	574	1	1	7769912548	3	false	2264	2264	2264	7769912774	7808623438
1c4c63c2	574	2	1	8352089338	0	false	0	666	666	8352100933	8372578835
1c4c63c2	574	3	1	8876480405	0	false	0	1474	1473	8876480573	8903855716
1c4c63c2	575	1	1	7774129981	3	false	1782	1782	1782	7774139831	7807653879
1c4c63c2	575	2	1	8357409769	0	false	0	644	644	8357409955	8368859791
1c4c63c2	575	3	1	8878185751	0	false	0	1195	1195	8878185918	8898403482
1c4c63c2	576	1	1	7774175609	2	false	827	829	827	7774175761	7789876601
1c4c63c2	576	2	1	8360068882	0	false	0	858	858	8360069059	8379462491
1c4c63c2	576	3	1	8880205370	0	false	0	812	812	8880205513	8901912911
1c4c63c2	577	1	1	7775177874	3	false	2161	2161	2161	7775178054	7811325809
1c4c63c2	577	2	1	8362942861	0	false	0	4	4	8362943259	8362993877
1c4c63c2	577	3	1	8886049590	0	false	0	753	753	8886049747	8903855716
1c4c63c2	578	1	1	7777892338	1	false	1199	1199	1199	7777902695	7798941468
1c4c63c2	578	2	1	8364136036	0	false	0	581	580	8364136236	8379703597
1c4c63c2	578	3	1	8886988513	0	false	0	996	995	8887000298	8903855716
1c4c63c2	579	1	1	7780414820	2	false	2482	2483	2482	7780417501	7823243575
1c4c63c2	579	2	1	8364169640	0	false	0	533	533	8364169841	8379412664
1c4c63c2	579	3	1	8890207680	0	false	0	476	475	8890207859	8903470013
1c4c63c2	580	1	1	7787895983	1	false	459	459	459	7787896157	7795584828
1c4c63c2	580	2	1	8364354975	0	false	0	516	515	8364355137	8379703597
1c4c63c2	580	3	1	8892884058	0	false	0	398	398	8892900493	8899594407
1c4c63c2	581	1	1	7790383423	2	false	2420	2420	2420	7790394313	7831524002
1c4c63c2	581	2	1	8366316679	0	false	0	706	706	8366316875	8379630959
1c4c63c2	581	3	1	8892900493	0	false	0	273	273	8892912648	8903567397
1c4c63c2	582	1	1	7799932276	1	false	772	773	772	7799959724	7812977958
1c4c63c2	582	2	1	8366655334	0	false	0	580	578	8366655495	8379703597
1c4c63c2	582	3	1	8893618355	0	false	0	319	319	8893629198	8902247463
1c4c63c2	583	1	1	7799959724	3	false	3841	3842	3841	7799959885	7865724343
1c4c63c2	583	2	1	8367566028	0	false	0	601	601	8367566197	8379530584
1c4c63c2	583	3	1	8893662333	0	false	0	271	271	8893662483	8902063168
1c4c63c2	584	1	1	7805621769	1	false	1923	1923	1923	7805634143	7838929025
1c4c63c2	584	2	1	8380758643	0	false	0	8744	8744	8380785813	8541327414
1c4c63c2	584	3	1	8894236151	0	false	0	306	306	8894246715	8903601011
1c4c63c2	585	1	1	7808356630	1	false	279	280	279	7808356819	7813093679
1c4c63c2	585	2	1	8380822655	0	false	0	933	933	8380834491	8410318411
1c4c63c2	585	3	1	8894956919	0	false	0	517	517	8894967809	8903855716
1c4c63c2	586	1	1	7808978221	3	false	1429	1429	1429	7808990788	7876123089
1c4c63c2	586	2	1	8380988811	0	false	0	3933	3932	8381005045	8457416382
1c4c63c2	587	1	1	7810342106	1	false	1818	1818	1818	7810342273	7841297969
1c4c63c2	587	2	1	8381039177	0	false	0	3738	3738	8381056140	8456213337
1c4c63c2	588	1	1	7812032383	1	false	643	643	643	7812043393	7823001369
1c4c63c2	588	2	1	8381056140	0	false	0	905	905	8381075711	8398705179
1c4c63c2	589	1	1	7815867985	2	false	1989	1989	1989	7815880114	7850520271
1c4c63c2	589	2	1	8381075711	0	false	0	216	216	8381088449	8387451647
1c4c63c2	590	1	1	7817720541	0	false	1281	1281	1281	7817720816	7840040568
1c4c63c2	590	2	1	8381109106	0	false	0	267	267	8381127374	8438317117
1c4c63c2	591	1	1	7818228355	0	false	207	207	207	7818239682	7823315438
1c4c63c2	591	2	1	8381127374	0	false	0	1291	1291	8381138279	8425926561
1c4c63c2	592	1	1	7818680656	1	false	1861	1861	1861	7818691644	7850886779
1c4c63c2	592	2	1	8381459772	0	false	0	8945	8944	8381471530	8541174509
1c4c63c2	593	1	1	7821385181	2	false	2724	2724	2724	7821386302	7875284434
1c4c63c2	593	2	1	8381494531	0	false	0	2000	2000	8381512995	8433688934
1c4c63c2	594	1	1	7823072435	2	false	1885	1885	1885	7823072664	7858545778
1c4c63c2	594	2	1	8381512995	0	false	0	4983	4983	8381527466	8485686771
1c4c63c2	595	1	1	7823178400	0	false	680	680	680	7823178591	7834987502
1c4c63c2	595	2	1	8381527466	0	false	0	2658	2658	8381544612	8433442263
1c4c63c2	596	1	1	7833045202	1	false	843	843	843	7833045522	7847344250
1c4c63c2	596	2	1	8381544612	0	false	0	115	115	8381562557	8388905448
1c4c63c2	597	1	1	7833296481	2	false	2471	2471	2471	7833296679	7875383481
1c4c63c2	597	2	1	8381562557	0	false	0	1109	1109	8381663436	8415471061
1c4c63c2	598	1	1	7833359357	1	false	511	513	511	7833362579	7849984313
1c4c63c2	598	2	1	8381663436	0	false	0	1101	1101	8381728246	8403141946
1c4c63c2	599	1	1	7836460069	2	false	1622	1622	1622	7836477012	7866008117
1c4c63c2	599	2	1	8381728246	0	false	0	317	317	8381728438	8394644126
1c4c63c2	600	1	1	7837985123	2	false	2117	2117	2117	7837985274	7873365858
1c4c63c2	600	2	1	8381728438	0	false	0	858	858	8381728587	8398072105
1c4c63c2	601	1	1	7840012716	1	false	651	651	651	7840023608	7850920731
1c4c63c2	601	2	1	8381728587	0	false	0	2952	2951	8381728726	8433653498
1c4c63c2	602	1	1	7841577302	1	false	682	684	682	7841577472	7853056517
1c4c63c2	602	2	1	8381728726	0	false	0	2627	2627	8381728894	8480572019
1c4c63c2	603	1	1	7844252754	2	false	1369	1374	1369	7809807605	7867125436
1c4c63c2	603	2	1	8381728894	0	false	0	1448	1448	8381729054	8415819462
1c4c63c2	604	1	1	7845042320	2	false	1591	1592	1591	7845054331	7875633600
1c4c63c2	604	2	1	8381729054	0	false	0	2418	2418	8381729196	8424912873
1c4c63c2	605	1	1	7848970285	2	false	1068	1068	1068	7848982336	7866791394
1c4c63c2	605	2	1	8381729196	0	false	0	1238	1237	8381729335	8404126656
1c4c63c2	606	1	1	7849121556	2	false	1587	1587	1587	7849132888	7876123089
1c4c63c2	606	2	1	8381729335	0	false	0	868	868	8381729509	8398889115
1c4c63c2	607	1	1	7849622052	2	false	938	938	938	7849634522	7865523710
1c4c63c2	607	2	1	8382274380	0	false	0	5917	5917	8382276476	8485175334
1c4c63c2	608	1	1	7849984313	2	false	711	711	711	7849989265	7862201261
1c4c63c2	608	2	1	8404710615	0	false	0	1201	1199	8404710759	8853118662
1c4c63c2	609	1	1	7850102349	2	false	1501	1499	1499	7850102514	7876123089
1c4c63c2	609	2	1	8408121713	0	false	0	1976	1976	8408131379	8441408395
1c4c63c2	610	1	1	7851153541	2	false	979	979	979	7851153708	7869927227
1c4c63c2	610	2	1	8408756617	0	false	0	495	495	8408766207	8417844304
1c4c63c2	611	1	1	7851353804	2	false	704	704	704	7851353976	7863085486
1c4c63c2	611	2	1	8413200153	0	false	0	601	601	8413200330	8423539458
1c4c63c2	612	1	1	7851537243	2	false	1300	1300	1300	7851537461	7875968602
1c4c63c2	612	2	1	8419194039	0	false	0	2591	2591	8419205524	8475441437
1c4c63c2	613	1	1	7852288808	2	false	1174	1174	1174	7852289046	7876034922
1c4c63c2	613	2	1	8420367513	0	false	0	816	816	8420367710	8434442816
1c4c63c2	614	1	1	7857411239	1	false	744	744	744	7857411432	7869876904
1c4c63c2	614	2	1	8422967353	0	false	0	1678	1677	8422968351	8481073759
1c4c63c2	615	1	1	7860032781	1	false	861	862	861	7860032955	7875917845
1c4c63c2	615	2	1	8425534056	0	false	0	1133	1133	8425534220	8446878551
1c4c63c2	616	1	1	7860571934	1	false	551	551	551	7860582590	7875917845
1c4c63c2	616	2	1	8425879582	0	false	0	2577	2576	8425897925	8470485099
1c4c63c2	617	1	1	7860966217	1	false	549	549	549	7860966401	7871011857
1c4c63c2	617	2	1	8427886607	0	false	0	888	888	8427896720	8442809545
1c4c63c2	618	1	1	7860966401	1	false	887	887	887	7860966566	7876123089
1c4c63c2	618	2	1	8433653321	0	false	0	1042	1042	8433653498	8451239463
1c4c63c2	619	1	1	7863123485	1	false	730	732	730	7863123639	8116688687
1c4c63c2	619	2	1	8434992754	0	false	0	2306	2306	8434996514	8473604525
1c4c63c2	620	1	1	7876734102	6	false	7259	7260	7259	7876762737	8003915991
1c4c63c2	620	2	1	8434996514	0	false	0	725	725	8435008481	8449388446
1c4c63c2	621	1	1	7876933112	2	false	2769	2769	2769	7876949645	7926167009
1c4c63c2	621	2	1	8435992719	0	false	0	860	860	8435992891	8454928927
1c4c63c2	622	1	1	7876949645	1	false	985	985	985	7876967241	7901494275
1c4c63c2	622	2	1	8439008536	0	false	0	611	610	8439022975	8452075632
1c4c63c2	623	1	1	7876967241	2	false	1408	1408	1408	7876987603	7906995725
1c4c63c2	623	2	1	8443488059	0	false	0	2163	2163	8443500324	8483658483
1c4c63c2	624	1	1	7876987603	1	false	975	975	975	7876997075	7901847346
1c4c63c2	624	2	1	8443681318	0	false	0	1233	1233	8116076436	8464209785
1c4c63c2	625	1	1	7877201633	1	false	344	344	344	7877213522	7896177079
1c4c63c2	625	2	1	8443736630	0	false	0	5096	5096	8443748175	8529772681
1c4c63c2	626	1	1	7877268420	8	false	834	834	834	7877281141	7893512574
1c4c63c2	626	2	1	8444502652	0	false	0	637	637	8444502815	8455480443
1c4c63c2	627	1	1	7877350183	2	false	1582	1582	1582	7877350401	7911953739
1c4c63c2	627	2	1	8448358950	0	false	0	654	654	8448372651	8460153482
1c4c63c2	628	1	1	7877350401	3	false	2968	2968	2968	7877350618	7930773575
1c4c63c2	628	2	1	8451473436	0	false	0	747	747	8451473590	8464026263
1c4c63c2	629	1	1	7877350618	2	false	2139	2139	2139	7877353761	7915930920
1c4c63c2	629	2	1	8452374042	0	false	0	8264	8263	8452374196	8596500765
1c4c63c2	630	1	1	7877353761	5	false	1118	1118	1118	7877370479	7936313858
1c4c63c2	630	2	1	8456938009	0	false	0	594	593	8456950235	8466830435
1c4c63c2	631	1	1	7877370479	5	false	1880	1880	1880	7877381703	7968169103
1c4c63c2	631	2	1	8459453565	0	false	0	940	939	8459453738	8475490709
1c4c63c2	632	1	1	7877735991	3	false	2611	2611	2611	7877753730	7933693532
1c4c63c2	632	2	1	8461305330	0	false	0	513	513	8461305525	8469900986
1c4c63c2	633	1	1	7877753730	1	false	355	355	355	7877769620	7902015087
1c4c63c2	633	2	1	8462139210	0	false	0	3229	3229	8462139389	8589340524
1c4c63c2	634	1	1	7877769620	3	false	1573	1576	1573	7877785759	7931941649
1c4c63c2	634	2	1	8464965984	0	false	0	1137	1136	8464977778	8485014700
1c4c63c2	635	1	1	7877785759	2	false	799	800	799	7877803278	8441019208
1c4c63c2	635	2	1	8465516130	0	false	0	1260	1259	8465528328	8517191819
1c4c63c2	636	1	1	7877803278	11	false	10384	10384	10384	7877821660	8089256383
1c4c63c2	636	2	1	8466259974	0	false	0	2130	2130	8466263465	8504077506
1c4c63c2	637	1	1	7877821660	7	false	7158	7159	7158	7877838918	8005555594
1c4c63c2	637	2	1	8467464948	0	false	0	3054	3054	8467465135	8528387533
1c4c63c2	638	1	1	7877838918	1	false	836	836	836	7877855517	7893704609
1c4c63c2	638	2	1	8470189658	0	false	0	1382	1381	8470202096	8494170894
1c4c63c2	639	1	1	7877855517	1	false	660	660	660	7877896722	7895836275
1c4c63c2	639	2	1	8474088413	0	false	0	1202	1202	8474088566	8494427988
1c4c63c2	640	1	1	7877896722	1	false	943	944	943	7877896969	7895768564
1c4c63c2	640	2	1	8474272937	0	false	0	1608	1604	8474273082	8501346526
1c4c63c2	641	1	1	7877896969	3	false	2907	2907	2907	7877906290	7932724845
1c4c63c2	641	2	1	8476899798	0	false	0	1143	1142	8476900002	8497308076
1c4c63c2	642	1	1	7877906290	2	false	1075	1077	1075	7877916514	7923113285
1c4c63c2	642	2	1	8479962084	0	false	0	922	922	8479973420	8495615071
1c4c63c2	643	1	1	7879150667	3	false	2754	2754	2754	7879150846	7928937792
1c4c63c2	643	2	1	8480553742	0	false	0	1355	1355	8480553932	8503492997
1c4c63c2	644	1	1	7903720215	1	false	756	756	756	7903731133	7916449117
1c4c63c2	644	2	1	8483658483	0	false	0	4645	4645	8483687320	8561687507
1c4c63c2	645	1	1	7905811728	5	false	4892	4892	4892	7905823335	7989546351
1c4c63c2	645	2	1	8485500400	0	false	0	1818	1818	8485512465	8522999568
1c4c63c2	646	1	1	7905890055	6	false	6982	6982	6982	7905890234	8024929681
1c4c63c2	646	2	1	8485585917	0	false	0	2621	2621	8485586073	8555815274
1c4c63c2	647	1	1	7906215866	2	false	1454	1454	1454	7906227202	7933075053
1c4c63c2	647	2	1	8486168675	0	false	0	3070	3070	8486180462	8539103616
1c4c63c2	648	1	1	7911541111	1	false	836	837	836	7911553332	7926001023
1c4c63c2	648	2	1	8491132317	0	false	0	1463	1463	8491132493	8515620977
1c4c63c2	649	1	1	7911903157	1	false	491	491	491	7911903326	7920456048
1c4c63c2	649	2	1	8493705189	0	false	0	842	842	8493715661	8507962587
1c4c63c2	650	1	1	7912069833	4	false	3270	3272	3270	7912070161	7967668993
1c4c63c2	650	2	1	8495051998	0	false	0	3668	3668	8495062105	8560348074
1c4c63c2	651	1	1	7917055120	4	false	607	607	607	7917065614	7929655335
1c4c63c2	651	2	1	8495230985	0	false	0	2085	2085	8495231144	8530755908
1c4c63c2	652	1	1	7922011969	1	false	981	981	981	7922012173	7939323777
1c4c63c2	652	2	1	8495757190	0	false	0	1993	1993	8495757406	8536145228
1c4c63c2	653	1	1	7925983356	1	false	841	841	841	7925983530	7941243070
1c4c63c2	653	2	1	8497205436	0	false	0	1852	1852	8497205609	8528887770
1c4c63c2	654	1	1	7926499990	3	false	2509	2509	2509	7926500186	7969603929
1c4c63c2	654	2	1	8504225174	0	false	0	867	867	8504228505	8519895170
1c4c63c2	655	1	1	7926734404	5	false	2714	2714	2714	7926734586	7998487102
1c4c63c2	655	2	1	8504461007	0	false	0	148	148	8504461209	8507010938
1c4c63c2	656	1	1	7930495897	4	false	887	887	887	7930506245	7948942514
1c4c63c2	656	2	1	8505684432	0	false	0	1131	1131	8505684663	8525116747
1c4c63c2	657	1	1	7933176167	4	false	3728	3728	3728	7933176341	7996828314
1c4c63c2	657	2	1	8506795357	0	false	0	422	422	8506806450	8514168502
1c4c63c2	658	1	1	7936049131	3	false	2453	2453	2453	7936061550	7980117511
1c4c63c2	658	2	1	8507325550	0	false	0	796	796	8507327140	8579344853
1c4c63c2	659	1	1	7936218803	2	false	900	900	900	7936228560	7952187397
1c4c63c2	659	2	1	8511386046	0	false	0	1266	1265	8511397458	8532808016
1c4c63c2	660	1	1	7939005677	0	false	297	297	297	7939005873	7944453541
1c4c63c2	660	2	1	8513550329	0	false	0	1892	1891	8513550494	8545553027
1c4c63c2	661	1	1	7940841813	3	false	2820	2821	2820	7940842003	7990597353
1c4c63c2	661	2	1	8514123729	0	false	0	3030	3030	8514135219	8577910710
1c4c63c2	662	1	1	7942012814	1	false	1150	1150	1150	7942012956	7961973798
1c4c63c2	662	2	1	8518014995	0	false	0	2949	2949	8518025797	8570763110
1c4c63c2	663	1	1	7942790175	3	false	2438	2438	2438	7942790359	7989063339
1c4c63c2	663	2	1	8518482613	0	false	0	1496	1496	8518492998	8545452940
1c4c63c2	664	1	1	7943143065	3	false	2941	2941	2941	7943147476	8006907966
1c4c63c2	664	2	1	8524230322	0	false	0	1945	1945	8524232917	8556993274
1c4c63c2	665	1	1	7943769329	2	false	1669	1669	1669	7943784487	7973808743
1c4c63c2	665	2	1	8525684268	0	false	0	2063	2062	8525684452	8561269424
1c4c63c2	666	1	1	7949381374	1	false	727	727	727	7949381561	7970288673
1c4c63c2	666	2	1	8529944404	0	false	0	805	801	8529956144	8544731878
1c4c63c2	667	1	1	7951298252	1	false	508	510	508	7951298412	7960315477
1c4c63c2	667	2	1	8533047360	0	false	0	2626	2626	8533059070	8580895628
1c4c63c2	668	1	1	7954568187	2	false	1231	1230	1230	7954568381	7975944677
1c4c63c2	668	2	1	8535166950	0	false	0	3412	3412	8535177630	8610614049
1c4c63c2	669	1	1	7962245812	5	false	4858	4858	4858	7962245983	8049177148
1c4c63c2	669	2	1	8538424075	0	false	0	3842	3842	8538435241	8615112937
1c4c63c2	670	1	1	7970372153	1	false	663	663	663	7970372305	7981972761
1c4c63c2	670	2	1	8538938141	0	false	0	3284	3283	8538938335	8594913479
1c4c63c2	671	1	1	7972027903	2	false	1445	1445	1445	7972040329	7996828314
1c4c63c2	671	2	1	8539823087	0	false	0	959	958	8539827582	8555918898
1c4c63c2	672	1	1	7973075344	2	false	1586	1586	1586	7973075541	8000461722
1c4c63c2	672	2	1	8540811307	0	false	0	1848	1847	8540840974	8572114541
1c4c63c2	673	1	1	7977731089	1	false	962	962	962	7977731275	7998403910
1c4c63c2	673	2	1	8542872295	0	false	0	3110	3110	8542872453	8595197250
1c4c63c2	674	1	1	7978221013	1	false	1334	1334	1334	7978232771	8000940142
1c4c63c2	674	2	1	8546204686	0	false	0	657	657	8546204903	8558211036
1c4c63c2	675	1	1	7979655771	2	false	1521	1521	1521	7979666810	8005286029
1c4c63c2	675	2	1	8549168209	0	false	0	785	785	8549168373	8562982470
1c4c63c2	676	1	1	7983854118	2	false	986	987	986	7983858788	8005321984
1c4c63c2	676	2	1	8551233725	0	false	0	1828	1828	8551733844	8582514389
1c4c63c2	677	1	1	7985993799	6	false	6041	6041	6041	7985993973	8088297562
1c4c63c2	677	2	1	8551397893	0	false	0	2365	2365	8551398059	8593328870
1c4c63c2	678	1	1	7990151957	2	false	480	480	480	7990164831	8007847803
1c4c63c2	678	2	1	8554825223	0	false	0	2046	2046	8554825416	8589790758
1c4c63c2	679	1	1	7992024676	7	false	6963	6964	6963	7992035140	8112372639
1c4c63c2	679	2	1	8555510654	0	false	0	2072	2072	8555510835	8599249846
1c4c63c2	680	1	1	7994478008	5	false	4215	4213	4212	7994489525	8073206467
1c4c63c2	680	2	1	8555603800	0	false	0	1914	1913	8555615386	8588588979
1c4c63c2	681	1	1	7999143160	2	false	1834	1834	1834	7999147675	8033762171
1c4c63c2	681	2	1	8565868592	0	false	0	1302	1302	8565868820	8590558088
1c4c63c2	682	1	1	7999612722	6	false	6272	6272	6272	7999612878	8117287892
1c4c63c2	682	2	1	8565965418	0	false	0	1988	1988	8565968839	8600006190
1c4c63c2	683	1	1	8000669847	6	false	4300	4299	4299	8000701287	8127237526
1c4c63c2	683	2	1	8567046117	0	false	0	368	368	8567057634	8574186882
1c4c63c2	684	1	1	8003698597	1	false	702	702	702	8003698825	8016145930
1c4c63c2	684	2	1	8568275241	0	false	0	678	678	8568275417	8580612853
1c4c63c2	685	1	1	8003762158	5	false	982	982	982	8003767478	8023544068
1c4c63c2	685	2	1	8570402730	0	false	0	3243	3243	8570412851	8625765318
1c4c63c2	686	1	1	8006888252	1	false	259	259	259	8006888514	8011340475
1c4c63c2	686	2	1	8571319267	0	false	0	1860	1859	8571331072	8602468476
1c4c63c2	687	1	1	8006907966	1	false	972	972	972	8006919764	8023327405
1c4c63c2	687	2	1	8571736942	0	false	0	3536	3535	8571748131	8632691736
1c4c63c2	688	1	1	8008452560	2	false	2015	2016	2015	8008457040	8043797879
1c4c63c2	688	2	1	8573050356	0	false	0	604	604	8573050518	8583565295
1c4c63c2	689	1	1	8010531596	3	false	1749	1751	1749	8010531774	8046859000
1c4c63c2	689	2	1	8580805370	0	false	0	1143	1143	8580814426	8600406125
1c4c63c2	690	1	1	8010816004	2	false	1699	1699	1699	8010816178	8041628005
1c4c63c2	690	2	1	8582164118	0	false	0	1816	1816	8582164298	8612708357
1c4c63c2	691	1	1	8010977808	4	false	3043	3044	3043	8010988721	8071615083
1c4c63c2	691	2	1	8584232719	0	false	0	3933	3933	8584232882	8651697118
1c4c63c2	692	1	1	8013967149	5	false	5131	5131	5131	8013982777	8100795164
1c4c63c2	692	2	1	8587960888	0	false	0	752	752	8587972047	8603708890
1c4c63c2	693	1	1	8015343852	2	false	1656	1656	1656	8015344041	8043597866
1c4c63c2	693	2	1	8590663758	0	false	0	1449	1449	8590674990	8616004534
1c4c63c2	694	1	1	8015376974	2	false	1584	1584	1584	8015377129	8042281005
1c4c63c2	694	2	1	8590946255	0	false	0	866	866	8590958936	8606755057
1c4c63c2	695	1	1	8015609523	6	false	5729	5729	5729	8015609694	8114708295
1c4c63c2	695	2	1	8592576321	0	false	0	1513	1513	8592576532	8618594986
1c4c63c2	696	1	1	8017908653	2	false	1953	1953	1953	8017908806	8053248661
1c4c63c2	696	2	1	8593618113	0	false	0	947	946	8593629214	8609927988
1c4c63c2	697	1	1	8021387703	3	false	3125	3125	3125	8021400530	8083445559
1c4c63c2	697	2	1	8594681095	0	false	0	483	483	8594681266	8603610493
1c4c63c2	698	1	1	8026201705	2	false	1444	1444	1444	8026201883	8051129352
1c4c63c2	698	2	1	8598678426	0	false	0	556	556	8598678610	8608043824
1c4c63c2	699	1	1	8031343740	2	false	308	308	308	8031343908	8041344897
1c4c63c2	699	2	1	8599402377	0	false	0	1227	1227	8599402545	8620601916
1c4c63c2	700	1	1	8033378711	3	false	1943	1943	1943	8033378878	8073233602
1c4c63c2	700	2	1	8599855629	0	false	0	1247	1247	8599855801	8621387759
1c4c63c2	701	1	1	8034972812	2	false	1018	1018	1018	8034982840	8053531628
1c4c63c2	701	2	1	8600624621	0	false	0	914	913	8600646748	8616122886
1c4c63c2	702	1	1	8043823962	4	false	4496	4496	4496	8043850232	8127753845
1c4c63c2	702	2	1	8603394774	0	false	0	2737	2737	8603394930	8650339858
1c4c63c2	703	1	1	8050601138	2	false	1710	1708	1708	8050612275	8082812652
1c4c63c2	703	2	1	8604978904	0	false	0	642	642	8604984660	8616190383
1c4c63c2	704	1	1	8051680380	4	false	3690	3691	3690	8051680584	8117203006
1c4c63c2	704	2	1	8605259070	0	false	0	708	707	8605280670	8617237620
1c4c63c2	705	1	1	8052330936	2	false	1140	1140	1140	8052331115	8073104300
1c4c63c2	705	2	1	8606569916	0	false	0	1515	1514	8606570122	8634276985
1c4c63c2	706	1	1	8053649299	3	false	2635	2635	2635	8053649482	8103947685
1c4c63c2	706	2	1	8609306001	0	false	0	1412	1412	8609316438	8633810041
1c4c63c2	707	1	1	8053849511	3	false	1194	1195	1194	8053849677	8084800522
1c4c63c2	707	2	1	8610060704	0	false	0	1147	1147	8610060883	8629272585
1c4c63c2	708	1	1	8056922813	1	false	1408	1408	1408	8056922970	8081522266
1c4c63c2	708	2	1	8610451784	0	false	0	1093	1092	8610463023	8629738902
1c4c63c2	709	1	1	8059245020	1	false	1360	1360	1360	8059245172	8083445559
1c4c63c2	709	2	1	8612542644	0	false	0	630	630	8612542882	8623125820
1c4c63c2	710	1	1	8061194082	2	false	1678	1678	1678	8061194272	8093380662
1c4c63c2	710	2	1	8613667660	0	false	0	807	807	8613667876	8627784655
1c4c63c2	711	1	1	8063307679	2	false	1313	1313	1313	8063318984	8085750825
1c4c63c2	711	2	1	8613759074	0	false	0	1024	1024	8613772268	8631724095
1c4c63c2	712	1	1	8063579324	1	false	984	985	984	8063592780	8080130411
1c4c63c2	712	2	1	8616854094	0	false	0	334	333	8616855273	8634962997
1c4c63c2	713	1	1	8071247178	3	false	1380	1381	1380	8071258703	8125929047
1c4c63c2	713	2	1	8618109650	0	false	0	758	757	8618109806	8631573862
1c4c63c2	714	1	1	8081642209	2	false	2498	2499	2498	8081642389	8127753845
1c4c63c2	714	2	1	8619996302	0	false	0	1897	1896	8620017436	8651674766
1c4c63c2	715	1	1	8083150167	1	false	1220	1220	1220	8083161651	8103896982
1c4c63c2	715	2	1	8620658008	0	false	0	1519	1519	8620669997	8646367898
1c4c63c2	716	1	1	8083263304	2	false	1424	1424	1424	8083267573	8111038058
1c4c63c2	716	2	1	8622754857	0	false	0	408	408	8622755029	8629555508
1c4c63c2	717	1	1	8083267573	2	false	1151	1151	1151	8083279158	8112489314
1c4c63c2	717	2	1	8625165088	0	false	0	253	253	8625165357	8629406705
1c4c63c2	718	1	1	8090192263	2	false	1513	1513	1513	8090192426	8115642510
1c4c63c2	718	2	1	8626054872	0	false	0	1286	1286	8626065745	8648188555
1c4c63c2	719	1	1	8091582299	2	false	1902	1903	1902	8091592883	8125723357
1c4c63c2	719	2	1	8626171641	0	false	0	1451	1451	8626182757	8651697118
1c4c63c2	720	1	1	8092870320	2	false	2061	2061	2061	8092886862	8127724207
1c4c63c2	720	2	1	8626249071	0	false	0	755	755	8626249251	8639291235
1c4c63c2	721	1	1	8093497710	2	false	1768	1768	1768	8093497973	8123278497
1c4c63c2	721	2	1	8627302010	0	false	0	1171	1171	8627302161	8651374548
1c4c63c2	722	1	1	8093527356	2	false	1909	1909	1909	8093531093	8127574784
1c4c63c2	722	2	1	8628654070	0	false	0	1343	1343	8628654314	8651697118
1c4c63c2	723	1	1	8095788013	2	false	1612	1612	1612	8095799817	8123312296
1c4c63c2	723	2	1	8630662509	0	false	0	972	972	8630673395	8647569901
1c4c63c2	724	1	1	8098176090	1	false	1599	1599	1599	8098187280	8125377922
1c4c63c2	724	2	1	8631445554	0	false	0	1121	1121	8631457112	8651697118
1c4c63c2	725	1	1	8098354116	1	false	1321	1321	1321	8098354274	8120751221
1c4c63c2	725	2	1	8633181213	0	false	0	982	982	8633192926	8650540976
1c4c63c2	726	1	1	8099262769	1	false	1673	1673	1673	8099273180	8127753845
1c4c63c2	726	2	1	8635830950	0	false	0	935	933	7867542375	8651697118
1c4c63c2	727	1	1	8103436994	1	false	1102	1102	1102	8103446876	8122892787
1c4c63c2	727	2	1	8639329392	0	false	0	740	740	8639329558	8651697118
1c4c63c2	728	1	1	8110821378	1	false	255	255	255	8110821547	8117203006
1c4c63c2	728	2	1	8639782934	0	false	0	630	630	8639795210	8651258538
1c4c63c2	729	1	1	8110821547	1	false	797	797	797	8110821694	8127304890
1c4c63c2	729	2	1	8641618167	0	false	0	553	553	8641629565	8651697118
1c4c63c2	730	1	1	8113957603	1	false	12	12	12	8113957764	8114141594
1c4c63c2	730	2	1	8641780344	0	false	0	144	143	8641780539	8651508223
1c4c63c2	731	1	1	8113997674	1	false	273	273	273	8114008423	8119290927
1c4c63c2	731	2	1	8642736810	0	false	0	535	535	8642747187	8651697118
1c4c63c2	732	1	1	8128682213	3	false	2870	2870	2870	8128712222	8179319912
1c4c63c2	732	2	1	8652886612	0	false	0	918	918	8652919123	8672383300
1c4c63c2	733	1	1	8128882847	2	false	1225	1226	1225	8128899139	8157168220
1c4c63c2	733	2	1	8652919123	0	false	0	1320	1320	8652920292	8691038156
1c4c63c2	734	1	1	8128899139	4	false	1948	1948	1948	8128916076	8194460050
1c4c63c2	734	2	1	8652938672	0	false	0	1092	1092	8652950029	8673207663
1c4c63c2	735	1	1	8128916076	6	false	2375	2374	2374	8128935959	8224204665
1c4c63c2	735	2	1	8653140830	0	false	0	3129	3129	8653155187	8712890670
1c4c63c2	736	1	1	8128935959	6	false	2726	2726	2726	8128946284	8235199949
1c4c63c2	736	2	1	8653155187	0	false	0	704	704	8653172450	8667793140
1c4c63c2	737	1	1	8129002428	2	false	1361	1361	1361	8129014076	8154847311
1c4c63c2	737	2	1	8653172450	0	false	0	1339	1339	8653185300	8763113196
1c4c63c2	738	1	1	8129219110	2	false	1060	1060	1060	8129231051	8161257341
1c4c63c2	738	2	1	8653255511	0	false	0	2889	2889	8653272363	8714908879
1c4c63c2	739	1	1	8129252082	3	false	2071	2070	2070	8129280845	8167119027
1c4c63c2	739	2	1	8653272363	0	false	0	781	781	8653289885	8669801672
1c4c63c2	740	1	1	8129280845	2	false	196	196	196	8129281060	8137486205
1c4c63c2	740	2	1	8653289885	0	false	0	167	167	8653306735	8658911697
1c4c63c2	741	1	1	8129587616	2	false	1726	1727	1726	8129786916	8160671317
1c4c63c2	741	2	1	8653306735	0	false	0	2902	2902	8653317894	8706296427
1c4c63c2	742	1	1	8129786916	3	false	2012	2013	2012	8129787205	8166752928
1c4c63c2	742	2	1	8653623183	0	false	0	536	536	8653634911	8770071257
1c4c63c2	743	1	1	8129787205	4	false	3339	3339	3339	8129787397	8188456167
1c4c63c2	743	2	1	8653657821	0	false	0	394	394	8653673776	8888537858
1c4c63c2	744	1	1	8129787397	3	false	446	446	446	8129787534	8186158120
1c4c63c2	744	2	1	8653673776	0	false	0	2794	2794	8653690318	8704044636
1c4c63c2	745	1	1	8129787534	4	false	3778	3780	3778	8129787693	8201399605
1c4c63c2	745	2	1	8653690318	0	false	0	4659	4659	8653707955	8760645422
1c4c63c2	746	1	1	8129787693	7	false	6304	6303	6303	8129787821	8255280511
1c4c63c2	746	2	1	8653707955	0	false	0	9468	9468	8653725738	8842251412
1c4c63c2	747	1	1	8129787821	3	false	1121	1123	1121	7846271811	8174882206
1c4c63c2	747	2	1	8653725738	0	false	0	4246	4246	8653743131	8727690977
1c4c63c2	748	1	1	8129788011	2	false	1877	1877	1877	8129788176	8164548334
1c4c63c2	748	2	1	8653743131	0	false	0	1923	1923	8653759366	8688668260
1c4c63c2	749	1	1	8129788176	2	false	866	866	866	8129788407	8146337768
1c4c63c2	749	2	1	8653759366	0	false	0	2735	2735	8653775705	8705579628
1c4c63c2	750	1	1	8129788407	4	false	3074	3074	3074	8129788561	8188292534
1c4c63c2	750	2	1	8653775705	0	false	0	2124	2124	8653793141	8705463609
1c4c63c2	751	1	1	8129788561	12	false	12724	12725	12724	8129788819	8357509802
1c4c63c2	751	2	1	8653793141	0	false	0	2614	2614	8653804184	8701140585
1c4c63c2	752	1	1	8129788819	3	false	2008	2007	2007	8129788978	8168473661
1c4c63c2	752	2	1	8654226071	0	false	0	694	694	8654236553	8679978173
1c4c63c2	753	1	1	8130292011	2	false	953	953	953	8130292279	8147821605
1c4c63c2	753	2	1	8654320410	0	false	0	1641	1641	8654320571	8683485234
1c4c63c2	754	1	1	8130292279	4	false	486	486	486	8130314670	8190144936
1c4c63c2	754	2	1	8654977636	0	false	0	474	474	8654994469	8663968047
1c4c63c2	755	1	1	8130314670	8	false	8690	8690	8690	8130314854	8283438819
1c4c63c2	755	2	1	8654994469	0	false	0	157	157	8655004931	8659523220
1c4c63c2	756	1	1	8156371909	4	false	3104	3105	3104	8156383761	8208809642
1c4c63c2	756	2	1	8677875254	0	false	0	2371	2371	8677881138	8803717677
1c4c63c2	757	1	1	8157869231	1	false	1167	1167	1167	8157869417	8177454644
1c4c63c2	757	2	1	8679858655	0	false	0	1812	1812	8679858863	8715859547
1c4c63c2	758	1	1	8163953545	2	false	1515	1515	1515	8163964648	8192039518
1c4c63c2	758	2	1	8682451045	0	false	0	2099	2099	8682451200	8717762998
1c4c63c2	759	1	1	8164916149	2	false	1468	1469	1468	8164916292	8190766649
1c4c63c2	759	2	1	8683268128	0	false	0	3136	3136	8683268353	8736575329
1c4c63c2	760	1	1	8167224169	1	false	715	715	715	8167235789	8179165258
1c4c63c2	760	2	1	8689570103	0	false	0	1292	1292	8689570255	8711892584
1c4c63c2	761	1	1	8170730448	11	false	3336	3336	3336	8170741715	8235350650
1c4c63c2	761	2	1	8690037353	0	false	0	421	421	8690037533	8702475524
1c4c63c2	762	1	1	8171315294	2	false	882	882	882	8171326248	8190281423
1c4c63c2	762	2	1	8693530730	0	false	0	1651	1651	8693541857	8730113642
1c4c63c2	763	1	1	8174614362	10	false	9874	9874	9874	8174614545	8349997144
1c4c63c2	763	2	1	8698723382	0	false	0	1125	1125	8698734080	8717762998
1c4c63c2	764	1	1	8176804178	1	false	1483	1483	1483	8176804513	8202869727
1c4c63c2	764	2	1	8701079232	0	false	0	2657	2657	8701091299	8746695337
1c4c63c2	765	1	1	8177159343	2	false	1734	1734	1734	8177171164	8222850070
1c4c63c2	765	2	1	8711892584	0	false	0	248	248	8711907264	8716298641
1c4c63c2	766	1	1	8178532522	1	false	1397	1397	1397	8178543562	8202134837
1c4c63c2	766	2	1	8712527466	0	false	0	3269	3269	8712538614	8769821122
1c4c63c2	767	1	1	8184987240	1	false	898	898	898	8184987461	8200947521
1c4c63c2	767	2	1	8713923262	0	false	0	1861	1861	8713923453	8745676154
a349fea8	512	1	1	8985855375	6	false	325	326	325	9023671338	9065853947
a349fea8	513	1	1	8985946132	6	false	1519	1519	1519	9035654356	9088575680
a349fea8	513	2	1	9732077108	0	false	0	498	497	9732077378	9749496741
a349fea8	514	1	1	8985946132	5	false	275	276	275	8985972595	9042700074
a349fea8	514	2	1	9732192321	0	false	0	505	505	9732217461	9749664452
a349fea8	515	1	1	8985972595	3	false	620	620	620	8986006429	9042662138
a349fea8	515	2	1	9735019815	0	false	0	3706	3706	9735045705	9874022197
a349fea8	516	1	1	8986006429	5	false	968	968	968	9024674859	9075438200
a349fea8	516	2	1	9737624821	0	false	0	178	178	9738317495	9749397203
a349fea8	517	1	1	8986147546	9	false	418	418	418	9024339668	9038958518
a349fea8	518	1	1	8986512682	20	false	4227	4227	4227	9024071720	9374234036
a349fea8	518	2	1	9741262551	0	false	0	908	907	9741287639	9774258361
a349fea8	519	1	1	8986512682	10	false	3484	3484	3484	8986540444	9165022383
a349fea8	519	2	1	9741786856	0	false	0	944	944	9741787061	9781463469
a349fea8	520	1	1	8986679589	6	false	907	908	907	9024473511	9086042446
a349fea8	520	2	1	9742249201	0	false	0	1819	1819	9742255810	9816834493
a349fea8	521	1	1	8986679589	4	false	49	49	49	9023904656	9025508576
a349fea8	521	2	1	9752566156	0	false	0	1019	1019	9752566332	9802987857
a349fea8	522	1	1	8986713192	4	false	259	259	259	8986743934	9032285133
a349fea8	522	2	1	9759579588	0	false	0	629	629	9759605484	9785771239
a349fea8	523	1	1	8986713192	13	false	5687	5686	5686	8986743934	9234092430
a349fea8	523	2	1	9759733788	0	false	0	1281	1281	9759740480	9845516062
a349fea8	524	1	1	8986743934	9	false	331	331	331	8986781708	9161752133
a349fea8	524	2	1	9760648722	0	false	0	1767	1767	9760674266	9852720465
a349fea8	525	1	1	8986781708	4	false	118	118	118	8986845376	9026177349
a349fea8	525	2	1	9762887117	0	false	0	464	462	9763478030	9778861722
a349fea8	526	1	1	8986781708	5	false	90	91	90	8986845376	9032752367
a349fea8	526	2	1	9763329572	0	false	0	3451	3451	9763346185	9880585256
a349fea8	527	1	1	8986845376	11	false	3665	3664	3664	9023972040	9195686220
a349fea8	527	2	1	9769427302	0	false	0	639	639	9769453590	9795282128
a349fea8	528	1	1	8986845376	6	false	397	397	397	8986845565	9101158169
a349fea8	528	2	1	9777359959	0	false	0	1855	1855	9777360142	9839705404
a349fea8	529	1	1	8986845565	4	false	200	200	200	8986882599	9048766866
a349fea8	529	2	1	9781538429	0	false	0	729	729	9781563860	9812096122
a349fea8	530	1	1	8986882599	8	false	3029	3029	3029	9029083250	9135925148
a349fea8	530	2	1	9784366870	0	false	0	703	703	9784367979	9809760926
a349fea8	531	1	1	8986882599	5	false	498	499	498	8986940285	9070927422
a349fea8	531	2	1	9788957160	0	false	0	355	355	9788972494	9811963500
a349fea8	532	1	1	8987177289	6	false	970	970	970	8987206827	9098488291
a349fea8	532	2	1	9791544840	0	false	0	173	173	9499373382	9800685886
a349fea8	533	1	1	8994044879	9	false	3361	3361	3361	8994074343	9155711475
a349fea8	533	2	1	9798656402	0	false	0	1426	1426	9798683318	9846453028
a349fea8	534	1	1	8995414762	16	false	7335	7334	7334	9023537921	9305205180
a349fea8	534	2	1	9799851188	0	false	0	2559	2559	9799851380	9890296520
a349fea8	535	1	1	9002150621	3	false	33	33	33	9002180057	9024607720
a349fea8	535	2	1	9803394932	0	false	0	623	623	9803456669	9832430869
a349fea8	536	1	1	9052711626	2	false	180	180	180	9052738864	9058711738
a349fea8	536	2	1	9803456669	0	false	0	1416	1415	9803456923	9852520019
a349fea8	537	1	1	9058820628	1	false	699	699	699	9058845790	9082204627
a349fea8	537	2	1	9805330090	0	false	0	3151	3151	9805355800	9929470486
a349fea8	538	1	1	9060556093	2	false	1135	1135	1135	9060647479	9098488291
a349fea8	538	2	1	9813070976	0	false	0	1518	1518	9813097662	9866671641
a349fea8	539	1	1	9060810862	7	false	3394	3394	3394	9060816486	9186345879
a349fea8	539	2	1	9819866350	0	false	0	1964	1963	9819873680	9890799609
a349fea8	540	1	1	9067764314	3	false	1010	1010	1010	9067790740	9105360713
a349fea8	540	2	1	9822046975	0	false	0	722	722	9822072805	9847618989
a349fea8	541	1	1	9072568848	4	false	1579	1580	1579	9072594771	9127385323
a349fea8	541	2	1	9822146224	0	false	0	2009	2008	9822173649	9892134467
a349fea8	542	1	1	9075438200	2	false	1272	1272	1272	9076365827	9122181833
a349fea8	542	2	1	9826898327	0	false	0	1169	1169	9826925692	9866571661
a349fea8	543	1	1	9080878188	10	false	2197	2197	2197	9080903670	9271272035
a349fea8	543	2	1	9829567728	0	false	0	559	559	9829592753	9848320428
a349fea8	544	1	1	9083311875	4	false	1880	1880	1880	9083337760	9162187453
a349fea8	544	2	1	9830862149	0	false	0	1133	1131	9830862360	9869841587
a349fea8	545	1	1	9089784950	9	false	3416	3417	3416	9089810282	9244974103
a349fea8	545	2	1	9836531424	0	false	0	658	657	9836537258	9859296231
a349fea8	546	1	1	9092288754	3	false	1183	1185	1183	9092314529	9132354693
a349fea8	546	2	1	9842502681	0	false	0	801	801	9842677986	9869478005
a349fea8	547	1	1	9093216740	2	false	663	664	663	9093984164	9116106655
a349fea8	547	2	1	9844910506	0	false	0	1387	1387	9844911588	9895337258
a349fea8	548	1	1	9096091457	7	false	3126	3126	3126	9096119167	9233996067
a349fea8	548	2	1	9849825386	0	false	0	1860	1860	9849825577	9912267844
a349fea8	549	1	1	9098656393	2	false	1022	1024	1022	9098656606	9135624475
a349fea8	549	2	1	9852927452	0	false	0	2104	2104	9852954929	9932942244
a349fea8	550	1	1	9108537580	6	false	2942	2942	2942	9108570509	9222713900
a349fea8	550	2	1	9855597115	0	false	0	332	332	9855622804	9867139864
a349fea8	551	1	1	9108570509	2	false	384	385	384	9108596852	9121379995
a349fea8	551	2	1	9856499898	0	false	0	2294	2294	9856524083	9933740285
a349fea8	552	1	1	9111207517	2	false	854	855	854	9111233487	9142032218
a349fea8	552	2	1	9857700278	0	false	0	815	815	9857725992	9886195254
a349fea8	553	1	1	9114010379	4	false	2008	2008	2008	9114638084	9183476184
a349fea8	553	2	1	9858388821	0	false	0	2103	2102	9858395299	9933923369
a349fea8	554	1	1	9126221593	3	false	631	631	631	9126221834	9161752133
a349fea8	554	2	1	9862605867	0	false	0	657	656	9862630851	9909633396
a349fea8	555	1	1	9126221834	3	false	1544	1544	1544	9126222005	9182006764
a349fea8	555	2	1	9862799272	0	false	0	1033	1032	9862799475	9910334894
a349fea8	556	1	1	9132229087	3	false	977	977	977	9132255065	9166490788
a349fea8	556	2	1	9869408184	0	false	0	570	570	9869408382	9889429577
a349fea8	557	1	1	9137433910	1	false	282	283	282	9137460900	9147503322
a349fea8	558	1	1	9142438953	3	false	1530	1531	1530	9142464738	9193984979
a349fea8	558	2	1	9876770673	0	false	0	253	252	9876770933	9911668929
a349fea8	559	1	0	0	2	false	0	0	0	0	0
a349fea8	559	2	1	9877214239	0	false	0	696	696	9877251265	9905522726
a349fea8	560	1	1	9145709058	3	false	508	509	508	9145734824	9173864704
a349fea8	561	1	1	9146008990	8	false	4260	4261	4260	9146035775	9290988257
a349fea8	561	2	1	9879553685	0	false	0	268	267	9869207035	9908030359
a349fea8	562	1	1	9149845426	2	false	940	941	940	9149871188	9181673777
a349fea8	562	2	1	9879553685	0	false	0	929	929	9879553909	9912267844
a349fea8	563	1	0	0	2	false	0	0	0	0	0
a349fea8	563	2	1	9879892670	0	false	0	529	527	9880384738	9898743286
a349fea8	564	1	1	9152084536	4	false	1579	1579	1579	9152107702	9210904763
a349fea8	564	2	1	9884024759	0	false	0	1353	1353	9888329893	9933923369
a349fea8	565	1	1	9157555420	1	false	498	498	498	9158281411	9326492967
a349fea8	565	2	1	9890638979	0	false	0	982	982	9890665926	9932842327
a349fea8	566	1	1	9161992349	3	false	216	216	216	9163085545	9175233590
a349fea8	566	2	1	9894001062	0	false	0	1184	1182	9894001344	9933923369
a349fea8	567	1	1	9165796738	5	false	2457	2457	2457	9165822992	9255884528
a349fea8	567	2	1	9896275490	0	false	0	269	269	9896275869	9905688555
a349fea8	568	1	1	9171800655	3	false	1254	1254	1254	9171861743	9219278315
a349fea8	568	2	1	9899509687	0	false	0	877	877	9899509940	9930506013
a349fea8	569	1	1	9172235148	2	false	381	381	381	9172262265	9189112267
a349fea8	569	2	1	9900384087	0	false	0	946	945	9900410302	9933674793
a349fea8	570	1	1	9175136386	2	false	1360	1360	1360	9176034690	9227485599
a349fea8	570	2	1	9901671254	0	false	0	692	691	9901678005	9925518900
a349fea8	571	1	1	9176587340	2	false	886	886	886	9176603028	9209803339
a349fea8	571	2	1	9902244931	0	false	0	747	747	9902345545	9927271889
a349fea8	572	1	1	9178011969	1	false	498	499	498	9178037371	9199187934
a349fea8	572	2	1	9903388994	0	false	0	819	818	9903982339	9933923369
a349fea8	573	1	1	9184884479	2	false	1057	1058	1057	9184909647	9220279714
a349fea8	573	2	1	9905488178	0	false	0	781	781	9905488832	9933923369
a349fea8	574	1	1	9191757280	3	false	877	878	877	9191782868	9231623643
a349fea8	574	2	1	9907195278	0	false	0	435	435	9907195902	9930806652
a349fea8	575	1	1	9192090768	3	false	1226	1227	1226	9192116136	9233960571
a349fea8	575	2	1	9908833667	0	false	0	543	543	9909400344	9927640567
a349fea8	576	1	1	9193559599	5	false	2362	2362	2362	9193584227	9277508558
a349fea8	576	2	1	9916441015	0	false	0	402	399	9916441350	9930972111
a349fea8	577	1	1	9199161902	2	false	1258	1258	1258	9199225753	9244045997
a349fea8	577	2	1	9918116674	0	false	0	255	255	9918142737	9927271889
a349fea8	578	1	1	9200963329	6	false	2991	2990	2990	9200989049	9316584379
a349fea8	578	2	1	9919710094	0	false	0	1	0	0	0
a349fea8	579	1	1	9203694962	4	false	249	249	249	9217975309	9226284132
a349fea8	579	2	1	9920385279	0	false	0	219	219	9920410406	9932142176
a349fea8	580	1	1	9204082458	2	false	525	525	525	9204097255	9233025231
a349fea8	580	2	1	9921746169	0	false	0	155	154	9921746422	9926907264
a349fea8	581	1	1	9205764730	4	false	1731	1732	1731	9205764907	9266100959
a349fea8	581	2	1	9922320546	0	false	0	244	244	9923347903	9933640850
a349fea8	582	1	1	9209241566	4	false	1724	1726	1724	9209268879	9273505065
a349fea8	582	2	1	9922380848	0	false	0	200	199	9922381068	9929003547
a349fea8	583	1	1	9218317916	7	false	2994	2995	2994	9218343061	9349925760
a349fea8	584	1	1	9219878460	5	false	880	881	880	9219878637	9251313264
a349fea8	585	1	1	9221012514	3	false	374	374	374	9221012713	9233926648
a349fea8	586	1	1	9229329182	3	false	1041	1042	1041	9229354763	9275606059
a349fea8	587	1	1	9230328422	2	false	836	836	836	9230353627	9259489787
a349fea8	588	1	1	9232798012	3	false	837	837	837	9232957454	9264894034
a349fea8	589	1	1	9237567736	3	false	1519	1518	1518	9237593525	9293793555
a349fea8	590	1	1	9241706976	3	false	1501	1501	1501	9241732595	9304771920
a349fea8	591	1	1	9243274254	3	false	1266	1266	1266	9243300806	9285851899
a349fea8	592	1	1	9244045997	2	false	995	994	994	9244099481	9282048742
a349fea8	593	1	1	9244099481	3	false	891	891	891	9244158238	9285889631
a349fea8	594	1	1	9244168344	8	false	172	173	172	9244175335	9400855161
a349fea8	595	1	1	9254091646	4	false	1538	1540	1538	9254149987	9305910136
a349fea8	596	1	1	9255058459	4	false	1468	1468	1468	9255224821	9305943683
a349fea8	597	1	1	9265966648	3	false	1506	1506	1506	9265966843	9318283658
a349fea8	598	1	1	9269563473	3	false	1323	1323	1323	9269569794	9314746152
a349fea8	599	1	1	9276147708	3	false	1645	1645	1645	9276173793	9331397664
a349fea8	600	1	1	9280321033	4	false	219	219	219	9280346624	9335404345
a349fea8	601	1	1	9281386784	2	false	788	790	788	9281914574	9308575987
a349fea8	602	1	1	9283589497	4	false	871	871	871	9283614848	9348759213
a349fea8	603	1	1	9285785170	7	false	2281	2282	2281	9285785408	9410436613
a349fea8	604	1	0	0	2	false	0	0	0	0	0
a349fea8	605	1	1	9287582479	2	false	1007	1007	1007	9287589183	9322888190
a349fea8	606	1	1	9289095179	1	false	417	417	417	9289121637	9303036086
a349fea8	607	1	1	9292132946	2	false	735	735	735	9292158135	9317450475
a349fea8	608	1	1	9293032431	2	false	758	758	758	9293058909	9321519970
a349fea8	609	1	0	0	3	false	0	0	0	0	0
a349fea8	610	1	1	9295969933	2	false	1061	1061	1061	9180305182	9335936516
a349fea8	611	1	1	9296003080	2	false	1168	1169	1168	9296029416	9335669901
a349fea8	612	1	1	9301040910	2	false	774	774	774	9301067293	9327194290
a349fea8	613	1	1	9303904607	6	false	3294	3294	3294	9303904807	9421745350
a349fea8	614	1	1	9313085603	4	false	1574	1574	1574	9313110961	9365823817
a349fea8	615	1	1	9314854248	7	false	2995	2995	2995	9315013158	9431100701
a349fea8	616	1	1	9315317413	3	false	1535	1535	1535	9315317742	9367823975
a349fea8	617	1	1	9315955901	1	false	650	651	650	9316010226	9338373739
a349fea8	618	1	1	9316010226	3	false	290	290	290	9317184744	9365188706
a349fea8	619	1	1	9318624632	1	false	698	701	698	9318985187	9342308420
a349fea8	620	1	1	9324397251	5	false	2754	2755	2754	9324423495	9417510040
a349fea8	621	1	1	9324799269	1	false	339	340	339	9324825320	9337438548
a349fea8	622	1	1	9326634451	3	false	1316	1316	1316	9326660127	9381591498
a349fea8	623	1	1	9327501628	3	false	863	863	863	9327527436	9374132581
a349fea8	624	1	1	9328336264	4	false	1832	1832	1832	9328361290	9390140391
a349fea8	625	1	1	9331606969	5	false	2023	2024	2023	9331700490	9420011111
a349fea8	626	1	1	9333000772	6	false	1381	1381	1381	9333001046	9435142140
a349fea8	627	1	1	9337277786	1	false	554	555	554	9337305213	9356332765
a349fea8	628	1	1	9341446742	2	false	415	416	415	9341473101	9362145837
a349fea8	629	1	1	9345755287	5	false	2481	2481	2481	9345755492	9435142140
a349fea8	630	1	1	9346053802	3	false	1157	1157	1157	9346054005	9393411276
a349fea8	631	1	1	9348492408	4	false	1911	1911	1911	9348492653	9414472277
a349fea8	632	1	1	9352389000	3	false	917	918	917	9352729665	9919010201
a349fea8	633	1	1	9355005758	5	false	2022	2022	2022	9355031143	9432733528
a349fea8	634	1	1	9359568813	1	false	582	582	582	9359569044	9379456096
a349fea8	635	1	1	9359999200	2	false	365	366	365	9360002446	9373062167
a349fea8	636	1	1	9366396614	3	false	1591	1591	1591	9366421686	9423548072
a349fea8	637	1	1	9373806532	4	false	1445	1444	1444	9373833783	9428619581
a349fea8	638	1	1	9375518994	1	false	321	321	321	9375520454	9387035816
a349fea8	639	1	1	9375940633	3	false	264	264	264	9375941018	9384732261
a349fea8	640	1	1	9377896787	1	false	516	516	516	9377922056	9395679772
a349fea8	641	1	1	9384365197	5	false	1013	1013	1013	9384864633	9477761378
a349fea8	642	1	1	9385409544	1	false	557	558	557	9385434229	9404128331
a349fea8	643	1	1	9389537657	2	false	794	794	794	9390442420	9417278086
a349fea8	644	1	1	9390375431	3	false	170	170	170	9390375620	9396779804
a349fea8	645	1	1	9391650648	3	false	120	120	120	9391878103	9395846355
a349fea8	646	1	1	9398216715	1	false	735	735	735	9398786886	9511789672
a349fea8	647	1	1	9400220879	2	false	1155	1155	1155	9400721904	9439688802
a349fea8	648	1	1	9401789347	6	false	3167	3168	3167	9401789527	9516426437
a349fea8	649	1	1	9403465862	9	false	2452	2452	2452	9403492418	9577419710
a349fea8	650	1	1	9405798196	5	false	2452	2452	2452	9405798396	9493267160
a349fea8	651	1	1	9410968445	9	false	4512	4511	4511	9410968627	9568630715
a349fea8	652	1	1	9412476543	6	false	2672	2672	2672	9412500420	9507083163
a349fea8	653	1	1	9414182699	4	false	1187	1187	1187	9414209553	9466818827
a349fea8	654	1	1	9420518367	6	false	3018	3018	3017	9420546320	9531881124
a349fea8	655	1	1	9424557034	4	false	127	129	127	9424581428	9428797539
a349fea8	656	1	1	9427324593	4	false	547	547	547	9427351712	9485679261
a349fea8	657	1	1	9427586364	2	false	827	827	827	9427586554	9462382051
a349fea8	658	1	1	9430070484	3	false	1115	1115	1115	9430166511	9467352394
a349fea8	659	1	1	9431833725	4	false	1624	1623	1623	9431833938	9497872265
a349fea8	660	1	1	9433241773	2	false	845	845	845	9433268096	9463181936
a349fea8	661	1	1	9433636237	3	false	997	997	997	9433636430	9468155815
a349fea8	662	1	1	9438676834	2	false	1278	1278	1278	9438705997	9484675140
a349fea8	663	1	1	9438705997	6	false	2159	2155	2155	9439455234	9556837186
a349fea8	664	1	1	9438705997	2	false	1039	1040	1039	9439153973	9476128410
a349fea8	665	1	0	0	2	false	0	0	0	0	0
a349fea8	666	1	1	9441163593	6	false	3006	3006	3006	9441189073	9559772811
a349fea8	667	1	1	9445214238	5	false	537	539	537	9445238075	9464016844
a349fea8	668	1	1	9445238075	2	false	632	633	632	9445260867	9467284108
a349fea8	669	1	1	9445764329	1	false	242	242	242	9446298739	9454340986
a349fea8	670	1	0	0	2	false	0	0	0	0	0
a349fea8	671	1	1	9449773691	4	false	1723	1723	1723	9449802086	9514025127
a349fea8	672	1	1	9451668205	2	false	396	396	396	9451668419	9465549579
a349fea8	673	1	1	9472460015	4	false	1686	1686	1686	9472487842	9530443329
a349fea8	674	1	1	9473265015	5	false	1783	1783	1783	9473291456	9547828252
a349fea8	675	1	1	9475634810	1	false	693	693	693	9475659868	9499640889
a349fea8	676	1	1	9476902495	3	false	1324	1325	1324	9476994660	9532413114
a349fea8	677	1	1	9477369691	2	false	903	903	903	9477394974	9507918036
a349fea8	678	1	1	9477436112	2	false	1202	1202	1202	9477461375	9521103923
a349fea8	679	1	1	9478248972	1	false	623	623	623	9478264241	9499206991
a349fea8	680	1	1	9486393635	4	false	793	793	793	9486394933	9533447253
a349fea8	681	1	1	9488971023	4	false	1513	1513	1513	9488998170	9545393610
a349fea8	682	1	1	9494741807	4	false	1414	1415	1414	9499940242	9551435735
a349fea8	683	1	1	9495744032	1	false	399	399	399	9495769603	9509652776
a349fea8	684	1	1	9502348860	2	false	885	886	885	9502375979	9535616205
a349fea8	685	1	1	9503349542	3	false	1413	1412	1412	9503576015	9551499168
a349fea8	686	1	1	9508025581	3	false	1457	1457	1457	9508025830	9557269723
a349fea8	687	1	1	9509259114	3	false	1254	1254	1254	9509287815	9551398757
a349fea8	688	1	1	9509720469	2	false	660	660	660	9509720704	9533215068
a349fea8	689	1	1	9512966043	2	false	673	674	673	9512991243	9537452607
a349fea8	690	1	1	9517133260	4	false	1877	1877	1877	9517159813	9585353271
a349fea8	691	1	1	9517970306	2	false	1141	1141	1141	9517995747	9556868524
a349fea8	692	1	1	9519739945	2	false	547	547	547	9519765753	9549429481
a349fea8	693	1	1	9524110753	2	false	180	180	180	9524135376	9551598232
a349fea8	694	1	1	9526513713	7	false	3328	3328	3328	9526539726	9658211107
a349fea8	695	1	1	9531178507	2	false	425	425	425	9531178737	9545329601
a349fea8	696	1	1	9540528025	1	false	209	209	209	9540553218	9548295005
a349fea8	697	1	1	9541929071	2	false	723	723	723	9542656794	9566753373
a349fea8	698	1	1	9542463815	8	false	2765	2764	2764	9542487927	9696552386
a349fea8	699	1	1	9543297946	2	false	867	867	867	9543323383	9574873258
a349fea8	700	1	1	9545666734	3	false	959	959	959	9545694398	9585554437
a349fea8	701	1	1	9547361963	1	false	416	418	416	9547362161	9564382345
a349fea8	702	1	1	9547536285	4	false	1748	1748	1748	9547562391	9609063433
a349fea8	703	1	1	9555468289	3	false	887	887	887	9555472712	9587390899
a349fea8	704	1	1	9555472712	4	false	1930	1931	1930	9555505610	9639926822
a349fea8	705	1	1	9557911416	2	false	156	156	156	9557937471	9563849119
a349fea8	706	1	1	9558347820	6	false	1244	1245	1244	9558370779	9682005305
a349fea8	707	1	1	9560080912	8	false	2984	2985	2984	9560107207	9722290915
a349fea8	708	1	1	9561480357	2	false	714	716	714	9561517255	9587390899
a349fea8	709	1	1	9561517255	5	false	2040	2040	2040	9563749373	9650772198
a349fea8	710	1	1	9561549909	3	false	1290	1287	1287	9561575399	9611196776
a349fea8	711	1	1	9561683546	2	false	875	877	875	9561709167	9594007113
a349fea8	712	1	1	9566988818	1	false	368	368	368	9566989478	9582018673
a349fea8	713	1	1	9566989478	2	false	821	821	821	9566989663	9596480743
a349fea8	714	1	1	9567395434	3	false	1249	1249	1249	9567928642	9612799062
a349fea8	715	1	1	9569909062	3	false	1165	1165	1165	9569945098	9617804554
a349fea8	716	1	1	9574531659	10	false	2318	2318	2318	9574614344	9754835496
a349fea8	717	1	1	9574614344	2	false	855	855	855	9574615202	9604925064
a349fea8	718	1	1	9576939153	3	false	1249	1249	1249	9577053485	9632151039
a349fea8	719	1	1	9578716656	11	false	3571	3572	3571	9578716852	9789740087
a349fea8	720	1	1	9584896133	1	false	495	496	495	9585855221	9604057033
a349fea8	721	1	0	0	2	false	0	0	0	0	0
a349fea8	722	1	1	9587499521	1	false	483	484	483	9587499747	9605159141
a349fea8	723	1	1	9592076092	3	false	1288	1288	1288	9592101591	9636557533
a349fea8	724	1	1	9595478225	3	false	1355	1355	1355	9595482261	9642094272
a349fea8	725	1	1	9595647060	2	false	1098	1099	1098	9595647249	9638425951
a349fea8	726	1	1	9597475102	1	false	672	672	672	9597510985	9620038759
a349fea8	727	1	1	9597510985	3	false	1391	1393	1391	9597517973	9646064838
a349fea8	728	1	1	9604123518	6	false	2036	2035	2035	9604123703	9677865932
a349fea8	729	1	1	9606566794	2	false	1076	1076	1076	9606592624	9642528486
a349fea8	730	1	1	9612039203	3	false	1044	1044	1044	9612063378	9648299359
a349fea8	731	1	1	9614108065	1	false	267	267	267	9614133630	9623844227
a349fea8	732	1	1	9614975201	3	false	1129	1129	1129	9615502203	9653406719
a349fea8	733	1	1	9615242653	2	false	476	476	476	9615267124	9633052764
a349fea8	734	1	1	9619112759	1	false	278	278	278	9619137987	9629015388
a349fea8	735	1	1	9621307293	2	false	849	849	849	9621307478	9651272670
a349fea8	736	1	1	9622849786	5	false	2837	2837	2836	9622875300	9725018853
a349fea8	737	1	1	9627855427	4	false	1973	1973	1973	9627980224	9702490042
a349fea8	738	1	1	9630125661	2	false	861	862	861	9630150480	9659009345
a349fea8	739	1	1	9633920088	3	false	1392	1392	1392	9633920305	9681703509
a349fea8	740	1	1	9642234555	5	false	2345	2340	2340	9642261448	9731711000
a349fea8	741	1	1	9643103006	2	false	620	620	620	9644597498	9665253961
a349fea8	742	1	1	9646606166	4	false	1843	1843	1843	9646631322	9709297037
a349fea8	743	1	1	9648176114	2	false	123	123	123	9648400257	9652838458
a349fea8	744	1	1	9648473512	3	false	1490	1490	1490	9649034351	9698920855
a349fea8	745	1	1	9650004337	13	false	3649	3648	3648	9650004541	9897111131
a349fea8	746	1	1	9652578631	7	false	3017	3017	3017	9652604674	9771453547
a349fea8	747	1	1	9654274271	3	false	1353	1353	1353	9656741826	9703224656
a349fea8	748	1	1	9656116244	3	false	1688	1688	1688	9656142746	9712637506
a349fea8	749	1	1	9658350904	14	false	189	189	189	9658375444	9671791747
a349fea8	750	1	1	9660856472	7	false	2901	2901	2901	9660881703	9793347128
a349fea8	751	1	1	9661322385	6	false	2742	2742	2742	9661381163	9767115811
a349fea8	752	1	1	9663457962	7	false	3338	3338	3338	9067764314	9793347128
a349fea8	753	1	1	9668294934	3	false	1320	1320	1320	9259223646	9712600522
a349fea8	754	1	1	9669088497	3	false	1121	1121	1121	9669788488	9707694486
a349fea8	755	1	1	9675363769	12	false	1601	1601	1601	9675364000	9893300088
a349fea8	756	1	1	9681001674	3	false	1299	1299	1299	9682039484	9727538793
a349fea8	757	1	1	9691786873	2	false	794	794	794	9692548375	9722195417
a349fea8	758	1	1	9692113227	3	false	1034	1036	1034	9692113406	9731174516
a349fea8	759	1	1	9706603608	6	false	2863	2863	2863	9706630024	9820774212
a349fea8	760	1	1	9708972535	2	false	212	212	212	9708998279	9716077302
a349fea8	761	1	1	9712576297	2	false	839	839	839	9712600522	9742488159
a349fea8	762	1	1	9713319644	3	false	945	945	945	9713334555	9750599802
a349fea8	763	1	1	9717779173	4	false	2037	2037	2037	9718012165	9788606963
a349fea8	764	1	1	9719359055	2	false	936	937	936	9719428131	9752800717
a349fea8	765	1	1	9722680576	8	false	3189	3189	3189	9722733939	9883889791
a349fea8	766	1	1	9722733939	5	false	2611	2611	2611	9722879527	9819505314
a349fea8	767	1	1	9725971151	2	false	955	955	955	9726058748	9759340620
bcb6d393	512	1	1	8615028305	7	false	6065	6065	6065	8615048637	8739485374
bcb6d393	513	1	1	8615048637	4	false	1943	1943	1943	8637482595	8672856177
bcb6d393	514	1	1	8615061779	2	false	888	888	888	8615094836	8650729993
bcb6d393	515	1	1	8615079076	4	false	2789	2789	2789	8638350400	8685798255
bcb6d393	516	1	1	8615094836	4	false	2389	2389	2389	8638800802	8679675008
bcb6d393	517	1	1	8615112182	4	false	2113	2113	2113	8637599461	8672834979
bcb6d393	518	1	1	8615129353	9	false	7348	7348	7348	8615146153	8778508813
bcb6d393	519	1	1	8615146153	3	false	1253	1252	1252	8638917658	8667980439
bcb6d393	520	1	1	8660776920	2	false	1409	1409	1409	8660789565	8684296706
bcb6d393	521	1	1	8678027140	2	false	1103	1103	1103	8678039987	8706469517
bcb6d393	522	1	1	8682882542	1	false	553	553	553	8682899811	8692371433
bcb6d393	523	1	1	8682899811	1	false	1230	1230	1230	8682929548	8703516157
bcb6d393	524	1	1	8690006229	2	false	2294	2294	2294	8690019010	8728624340
bcb6d393	525	1	1	8694343557	4	false	3946	3946	3946	8694372923	8761858348
bcb6d393	526	1	1	8695845961	3	false	2001	2001	2001	8695858146	8734363919
bcb6d393	527	1	1	8702418828	1	false	891	891	891	8702431884	8717280881
bcb6d393	528	1	1	8713563811	1	false	220	220	220	8713576789	8720683088
bcb6d393	529	1	1	8716516253	1	false	326	326	326	8716529759	8722685584
bcb6d393	530	1	1	8727326352	7	false	8208	8208	8208	8727339968	8871521306
bcb6d393	531	1	1	8730730253	1	false	980	980	980	8730743400	8747376575
bcb6d393	532	1	1	8732732105	1	false	555	555	555	8732745316	8742055368
bcb6d393	533	1	1	8738671493	1	false	547	547	547	8740103059	8749212054
bcb6d393	534	1	1	8744410775	2	false	1965	1965	1965	8744440508	8777641959
bcb6d393	535	1	1	8749531823	2	false	1453	1453	1453	8749545775	8773820001
bcb6d393	536	1	1	8752101800	11	false	11399	11399	11399	8752114975	8961511043
bcb6d393	537	1	1	8757423978	2	false	1427	1426	1426	8757436864	8781244025
bcb6d393	538	1	1	8759259157	2	false	862	862	862	8759739386	8774605282
bcb6d393	539	1	1	8771905962	0	false	2	2	2	8771918960	8771935534
bcb6d393	540	1	1	8783850646	1	false	1033	1033	1033	8783863358	8804384151
bcb6d393	541	1	1	8784650943	1	false	1042	1042	1042	8784664424	8802565567
bcb6d393	542	1	1	8787687406	9	false	9189	9189	9189	8787700808	8961277429
bcb6d393	543	1	1	8788555427	1	false	920	920	920	8788567951	8804184092
bcb6d393	544	1	1	8791291430	0	false	3	3	3	8791305112	8791337561
bcb6d393	545	1	1	8806839350	1	false	1124	1124	1124	8806986810	8825807675
bcb6d393	546	1	1	8812614061	1	false	612	612	612	8812627577	8823172657
bcb6d393	547	1	1	8814233126	1	false	526	526	526	8814246288	8823072257
bcb6d393	548	1	1	8814433079	2	false	1448	1448	1448	8814446296	8838604485
bcb6d393	549	1	1	8828497004	1	false	248	248	248	8828510820	8833299465
bcb6d393	550	1	1	8833119034	1	false	740	740	740	8833266203	8845611489
bcb6d393	551	1	1	8833218734	3	false	2436	2436	2436	8833449789	8876609152
bcb6d393	552	1	1	8843346479	1	false	780	780	780	8843359704	8856739210
bcb6d393	553	1	1	8848650614	1	false	1012	1012	1012	8848714483	8866281871
bcb6d393	554	1	1	8855658500	2	false	1865	1865	1865	8855671272	8889739143
bcb6d393	555	1	1	8866785746	2	false	1806	1806	1806	8866803248	8899232471
bcb6d393	556	1	1	8866803248	2	false	2312	2312	2312	8866816189	8908424628
bcb6d393	557	1	1	8876329205	3	false	2228	2228	2228	8876342428	8913529665
bcb6d393	558	1	1	8881567935	1	false	410	410	410	8882048170	8888871722
bcb6d393	559	1	1	8886655955	1	false	391	391	391	8886669481	8893709742
bcb6d393	560	1	1	8898918322	4	false	3006	3006	3006	8899382603	8949649561
bcb6d393	561	1	1	8903755617	3	false	3274	3274	3274	8904320006	8959308197
bcb6d393	562	1	1	8905007088	1	false	1375	1375	1375	8905038267	8928527939
bcb6d393	563	1	1	8909279322	1	false	796	796	796	8909291996	8926091698
bcb6d393	564	1	1	8918471982	1	false	309	309	309	8918484858	8923973953
bcb6d393	565	1	1	8923576409	2	false	2039	2039	2039	8923590157	8961530308
bcb6d393	566	1	1	8934020043	2	false	591	591	591	8934033427	8944894822
bcb6d393	567	1	1	8936138694	2	false	1003	1003	1003	8936152336	8953335910
bcb6d393	568	1	1	8938557938	2	false	1362	1362	1362	8938588369	8961530308
fb1a1a72	512	1	1	3582476974	2	false	824	825	824	3605480811	3619229087
fb1a1a72	513	1	1	3582496720	3	false	1420	1420	1420	3605497526	3629238614
fb1a1a72	514	1	1	3582511151	4	false	2699	2699	2699	3605180246	3650493494
fb1a1a72	515	1	1	3582527589	5	false	4109	4110	4109	3606198729	3676385809
fb1a1a72	516	1	1	3582544829	3	false	1711	1711	1711	3605414070	3634024964
fb1a1a72	517	1	1	3582560864	3	false	1390	1391	1390	3604830397	3628037569
fb1a1a72	518	1	1	3582578771	3	false	1479	1479	1479	3604980332	3629672370
fb1a1a72	519	1	1	3582594783	2	false	556	557	556	3607200483	3616459673
fb1a1a72	520	1	1	3626505019	2	false	988	988	988	3627370263	3645521716
fb1a1a72	521	1	1	3629275154	3	false	2701	2701	2701	3629289318	3675201194
fb1a1a72	522	1	1	3638082662	2	false	1650	1650	1650	3638130278	3665641588
fb1a1a72	523	1	1	3639284783	1	false	1043	1043	1043	3639298475	3656733033
fb1a1a72	524	1	1	3639718785	2	false	2060	2060	2060	3639732061	3674450805
fb1a1a72	525	1	1	3644072412	1	false	807	807	807	3644171025	3657717120
fb1a1a72	526	1	1	3655567005	1	false	536	536	536	3655580600	3665641588
fb1a1a72	527	1	1	3660539818	1	false	284	284	284	3660552573	3665758209
fb1a1a72	528	1	1	3666779656	3	false	2884	2884	2884	3666793184	3716359272
fb1a1a72	529	1	1	3667763564	2	false	1901	1901	1901	3667777495	3699977300
fb1a1a72	530	1	1	3675687860	2	false	1610	1611	1610	3675702320	3703830681
fb1a1a72	531	1	1	3675720469	1	false	1411	1411	1411	3675734713	3699260019
fb1a1a72	532	1	1	3675805227	3	false	2918	2918	2918	3675818565	3725051813
fb1a1a72	533	1	1	3684495687	5	false	4931	4931	4931	3684510186	3766927429
fb1a1a72	534	1	1	3685247750	2	false	1272	1272	1272	3685261438	3707066793
fb1a1a72	535	1	1	3686433052	2	false	1470	1470	1470	3686445991	3711521330
fb1a1a72	536	1	1	3709305342	2	false	1036	1036	1036	3709318849	3726587392
fb1a1a72	537	1	1	3710023144	2	false	1003	1003	1003	3710036320	3727005069
fb1a1a72	538	1	1	3713877086	1	false	747	747	747	3713890709	3728071766
fb1a1a72	539	1	1	3717113513	3	false	3152	3152	3152	3717126884	3772281966
fb1a1a72	540	1	1	3721568535	1	false	869	869	869	3721582083	3736079107
fb1a1a72	541	1	1	3726407038	2	false	1835	1835	1835	3726420733	3758102441
fb1a1a72	542	1	1	3735098247	1	false	1638	1638	1638	3735111683	3762873781
fb1a1a72	543	1	1	3736632177	1	false	742	742	742	3736646735	3749427152
fb1a1a72	544	1	1	3737050486	5	false	5195	5195	5195	3737064033	3827372367
fb1a1a72	545	1	1	3738118028	1	false	322	322	322	3738131500	3743487653
fb1a1a72	546	1	1	3746125521	4	false	3696	3692	3692	3746139685	3810088455
fb1a1a72	547	1	1	3753533928	2	false	2748	2747	2747	3753547380	3799761100
fb1a1a72	548	1	1	3759473109	1	false	1275	1275	1275	3759486749	3780741363
fb1a1a72	549	1	1	3768148059	2	false	1278	1278	1278	3768161807	3791235889
fb1a1a72	550	1	1	3772919999	3	false	2330	2330	2330	3772932779	3812740642
fb1a1a72	551	1	1	3776974205	1	false	1082	1083	1082	3776987394	3795023153
fb1a1a72	552	1	1	3782329809	2	false	1793	1793	1793	3782343636	3812390503
fb1a1a72	553	1	1	3790787656	2	false	796	796	796	3790801939	3804098402
fb1a1a72	554	1	1	3801281302	2	false	1414	1414	1414	3801294791	3828473318
fb1a1a72	555	1	1	3805068274	1	false	833	833	833	3805082364	3818963007
fb1a1a72	556	1	1	3809807494	2	false	1063	1063	1063	3809821197	3828473318
fb1a1a72	557	1	1	3814144751	1	false	1483	1483	1483	3814158797	3838917142
fb1a1a72	558	1	1	3820133303	1	false	963	963	963	3820147946	3836214485
fb1a1a72	559	1	1	3822436187	1	false	282	282	282	3822449758	3827672690
fb1a1a72	560	1	1	3822787319	2	false	2184	2184	2184	3822801967	3860792778
fb1a1a72	561	1	1	3829010162	2	false	1735	1735	1735	3829024090	3858322940
fb1a1a72	562	1	1	3837418323	4	false	4537	4537	4537	3837431556	3915065496
fb1a1a72	563	1	1	3837717196	3	false	3053	3053	3053	3837730952	3889373753
fb1a1a72	564	1	1	3838518431	1	false	938	938	938	3838532615	3854336802
fb1a1a72	565	1	1	3838552314	4	false	3952	3952	3952	3838565790	3906940111
fb1a1a72	566	1	1	3846264228	3	false	3071	3071	3071	3846277743	3898530953
fb1a1a72	567	1	1	3848968144	3	false	3049	3049	3049	3848980670	3900166975
fb1a1a72	568	1	1	3864383031	1	false	895	895	895	3864396120	3879428464
fb1a1a72	569	1	1	3868370490	2	false	1854	1854	1854	3868384099	3899648914
fb1a1a72	570	1	1	3870840741	1	false	621	621	621	3870854408	3882130037
fb1a1a72	571	1	1	3889492234	3	false	2353	2353	2353	3889508175	3930689011
fb1a1a72	572	1	1	3892173000	2	false	1337	1337	1337	3892186436	3915833376
fb1a1a72	573	1	1	3899418617	2	false	1617	1617	1617	3900133728	3927302887
fb1a1a72	574	1	1	3908578734	1	false	357	357	357	3908592562	3914547991
fb1a1a72	575	1	1	3909695884	2	false	801	801	801	3909709334	3923097522
fb1a1a72	576	1	1	3910213850	2	false	1488	1488	1488	3910226738	3935043259
fb1a1a72	577	1	1	3916985311	1	false	884	884	884	3916999377	3933625538
fb1a1a72	578	1	1	3924585476	5	false	4938	4938	4938	3924598949	4007515829
fb1a1a72	579	1	1	3925103316	2	false	2235	2235	2235	3925116783	3962454980
fb1a1a72	580	1	1	3925872216	4	false	3584	3584	3584	3925884403	3986094411
fb1a1a72	581	1	1	3933144747	5	false	4217	4217	4217	3933157883	4003596330
fb1a1a72	582	1	1	3937348731	2	false	1972	1973	1972	3937362479	3973749936
fb1a1a72	583	1	1	3940736579	2	false	1326	1326	1326	3940749735	3963538918
fb1a1a72	584	1	1	3943673183	1	false	1129	1129	1129	3943686364	3962638202
fb1a1a72	585	1	1	3945090114	1	false	942	942	942	3945103314	3960802255
fb1a1a72	586	1	1	3970848813	4	false	3362	3362	3362	3970863443	4027892029
fb1a1a72	587	1	1	3972502340	2	false	1182	1182	1182	3972515042	3992217577
fb1a1a72	588	1	1	3972685518	2	false	900	900	900	3972698047	3988146924
fb1a1a72	589	1	1	3973585564	0	false	477	477	477	3973598375	3981540361
fb1a1a72	590	1	1	3983797277	1	false	389	389	389	3983810471	3990733023
fb1a1a72	591	1	1	3991586504	2	false	1753	1753	1753	3991599750	4021314755
fb1a1a72	592	1	1	3996141886	0	false	334	334	334	3996155394	4001977817
fb1a1a72	593	1	1	3998192464	1	false	259	259	259	3998206141	4003412871
fb1a1a72	594	1	1	4000779648	2	false	1946	1946	1946	4000793042	4035816621
fb1a1a72	595	1	1	4002265870	1	false	1034	1034	1034	4002278626	4019678853
fb1a1a72	596	1	1	4012024376	2	false	1518	1518	1518	4012037896	4037985253
fb1a1a72	597	1	1	4013457734	4	false	4901	4901	4901	4013471320	4100182669
fb1a1a72	598	1	1	4013641252	1	false	1457	1457	1457	4013655175	4037985253
fb1a1a72	599	1	1	4017563300	1	false	728	728	728	4017577045	4030093404
fb1a1a72	600	1	1	4029729820	1	false	0	1	0	0	0
fb1a1a72	601	1	1	4031365890	3	false	2528	2528	2528	4031378857	4075006212
fb1a1a72	602	1	1	4037938194	1	false	1035	1035	1035	4037951759	4055202363
fb1a1a72	603	1	1	4040140304	1	false	765	765	765	4040153875	4054819266
fb1a1a72	604	1	1	4043846188	1	false	1036	1036	1036	4043859287	4061426829
fb1a1a72	605	1	1	4045863462	1	false	718	719	718	4045876456	4058440662
fb1a1a72	606	1	1	4048031862	2	false	1263	1263	1263	4048045438	4069116931
fb1a1a72	607	1	1	4048066146	2	false	1381	1381	1381	4048562037	4071620443
fb1a1a72	608	1	1	4064865738	3	false	3077	3077	3077	4064879171	4116949082
fb1a1a72	609	1	1	4065251098	2	false	1971	1971	1971	4065264238	4098130955
fb1a1a72	610	1	1	4068486581	4	false	3381	3380	3380	4068499791	4129398677
fb1a1a72	611	1	1	4071472741	3	false	2583	2583	2583	4071486376	4115381170
fb1a1a72	612	1	1	4079163138	5	false	5826	5826	5826	4079177113	4177729584
fb1a1a72	613	1	1	4081665362	2	false	2010	2010	2010	4081678793	4116198338
fb1a1a72	614	1	1	4085052840	3	false	2388	2388	2388	4085233259	4125593790
fb1a1a72	615	1	1	4108176270	1	false	526	526	526	4108189793	4116949082
fb1a1a72	616	1	1	4110227832	2	false	1136	1136	1136	4110241745	4129398677
fb1a1a72	617	1	1	4125414394	1	false	827	827	827	4125427323	4139873792
fb1a1a72	618	1	1	4126232920	1	false	889	889	889	4126245973	4141559114
fb1a1a72	619	1	1	4126982615	4	false	3381	3381	3381	4126996894	4183486680
fb1a1a72	620	1	1	4127016871	2	false	1883	1883	1883	4127029888	4159011671
fb1a1a72	621	1	1	4135656270	1	false	1585	1585	1585	4135669299	4162916016
fb1a1a72	622	1	1	4139458472	6	false	3908	3908	3908	4139475682	4261501646
fb1a1a72	623	1	1	4139475682	5	false	5254	5254	5254	4139489061	4227617410
fb1a1a72	624	1	1	4149906781	3	false	1873	1874	1873	4149919017	4184754789
fb1a1a72	625	1	1	4151590975	8	false	8876	8876	8876	4151604101	4303126428
fb1a1a72	626	1	1	4169059414	4	false	3214	3214	3214	4169621859	4231487792
fb1a1a72	627	1	1	4172962096	2	false	1752	1752	1752	4172975009	4202822105
fb1a1a72	628	1	1	4187777575	3	false	2799	2799	2799	4187790901	4234691032
fb1a1a72	629	1	1	4193532651	2	false	2777	2777	2777	4193546514	4241014838
fb1a1a72	630	1	1	4194800169	1	false	966	966	966	4194813445	4210980534
fb1a1a72	631	1	1	4212869016	3	false	1817	1817	1817	4213349002	4243900655
fb1a1a72	632	1	1	4221028246	3	false	2572	2572	2572	4221041608	4264120436
fb1a1a72	633	1	1	4237663552	1	false	1261	1261	1261	4237677766	4262252683
fb1a1a72	634	1	1	4241535318	1	false	944	944	944	4241548691	4257765462
fb1a1a72	635	1	1	4244737775	1	false	1003	1003	1003	4244751367	4261501646
fb1a1a72	636	1	1	4251059787	2	false	1365	1365	1365	4251074271	4274664881
fb1a1a72	637	1	1	4253947130	2	false	2105	2104	2104	4253960790	4290163479
fb1a1a72	638	1	1	4267811316	1	false	569	569	569	4267824814	4277301132
fb1a1a72	639	1	1	4271547892	3	false	2554	2554	2554	4271561383	4314905669
fb1a1a72	640	1	1	4271580674	2	false	1759	1759	1759	4271594580	4300925747
fb1a1a72	641	1	1	4272298817	1	false	97	97	97	4273063092	4274664881
fb1a1a72	642	1	1	4274168307	3	false	2967	2967	2967	4274181342	4327384617
fb1a1a72	643	1	1	4284711119	3	false	2431	2431	2431	4284724902	4325298339
fb1a1a72	644	1	1	4284744193	2	false	1106	1106	1106	4284759005	4303209936
fb1a1a72	645	1	1	4287347223	1	false	150	150	150	4287361277	4290265054
fb1a1a72	646	1	1	4300209566	2	false	1133	1134	1133	4300506951	4325082712
fb1a1a72	647	1	1	4300309327	3	false	2607	2607	2607	4300323298	4344301557
fb1a1a72	648	1	1	4310971927	2	false	858	858	858	4310984949	4325298339
fb1a1a72	649	1	1	4313173222	1	false	265	265	265	4313186837	4318075956
fb1a1a72	650	1	1	4313271734	3	false	2705	2704	2704	4313272005	4360651862
fb1a1a72	651	1	1	4324951404	2	false	1861	1861	1861	4324965121	4361572639
fb1a1a72	652	1	1	4328121897	2	false	1028	1028	1028	4328135823	4345703627
fb1a1a72	653	1	1	4335129223	1	false	1240	1240	1240	4335144694	4361285661
fb1a1a72	654	1	1	4335363084	1	false	769	769	769	4335376172	4348357246
fb1a1a72	655	1	1	4335395977	1	false	1300	1300	1300	4335409827	4357080194
fb1a1a72	656	1	1	4337431590	1	false	651	651	651	4338029126	4348873786
d9781168	512	1	1	7923633068	6	false	4312	4312	4312	7923651135	8022113373
d9781168	513	1	1	7923651135	3	false	1372	1373	1372	7947021309	7970027563
d9781168	514	1	1	7923666155	3	false	1287	1287	1287	7923682953	7967775340
d9781168	515	1	1	7923682953	4	false	2119	2119	2119	7923699076	7981723574
d9781168	516	1	1	7923699076	3	false	811	811	811	7923716555	7962553605
d9781168	517	1	1	7923716555	3	false	809	809	809	7923733312	7959951245
d9781168	518	1	1	7923733312	6	false	2087	2087	2087	7923750061	8027001503
d9781168	519	1	1	7923750061	3	false	786	786	786	7923764330	7959650926
d9781168	520	1	1	7969696215	1	false	767	767	767	7969710885	7982907298
d9781168	521	1	1	7969996843	2	false	2194	2194	2194	7970010680	8010468340
d9781168	522	1	1	7972599479	2	false	1632	1632	1632	7972614552	8002243394
d9781168	523	1	1	7977821878	1	false	825	824	824	7977835652	7992533707
d9781168	524	1	1	7980075356	2	false	1619	1619	1619	7980088905	8007715568
d9781168	525	1	1	7991769525	1	false	485	485	485	7991783509	8000475737
d9781168	526	1	1	7992953400	1	false	1020	1020	1020	7992967847	8010535019
d9781168	527	1	1	8002580565	4	false	3017	3017	3017	8002593957	8060219757
d9781168	528	1	1	8010521623	1	false	663	663	663	8010535019	8022113373
d9781168	529	1	1	8012288981	1	false	1035	1035	1035	8012303168	8029554135
d9781168	530	1	1	8017762151	3	false	2315	2315	2315	8017775609	8057282658
d9781168	531	1	1	8020514848	1	false	711	711	711	8020528695	8033991784
d9781168	532	1	1	8020581609	2	false	1647	1647	1647	8020595218	8053578266
d9781168	533	1	1	8032159647	1	false	246	246	246	8032173388	8036260616
d9781168	534	1	1	8032193165	1	false	754	754	754	8032206691	8045103543
d9781168	535	1	1	8037048072	1	false	502	502	502	8037061896	8045570568
d9781168	536	1	1	8039599901	2	false	1005	1004	1004	8039613990	8056764888
d9781168	537	1	1	8044038679	2	false	1770	1770	1770	8044052121	8074215946
d9781168	538	1	1	8046307376	2	false	1928	1928	1928	8046321444	8081223875
d9781168	539	1	1	8055149844	4	false	4041	4041	4041	8055163714	8123098346
d9781168	540	1	1	8055617051	1	false	557	557	557	8055630684	8065223364
d9781168	541	1	1	8063624237	2	false	931	931	931	8063638614	8079488179
d9781168	542	1	1	8066811166	1	false	693	693	693	8066825661	8078520909
d9781168	543	1	1	8067328924	2	false	1718	1718	1718	8067342363	8096588690
d9781168	544	1	1	8070265220	1	false	1057	1057	1057	8070278461	8087962430
d9781168	545	1	1	8075270290	1	false	267	267	267	8075283774	8080989340
d9781168	546	1	1	8084262088	1	false	560	560	560	8084275981	8094069286
d9781168	547	1	1	8088565875	1	false	646	646	646	8088580503	8099341235
d9781168	548	1	1	8089533837	1	false	1065	1065	1065	8089547957	8115690911
d9781168	549	1	1	8091036261	2	false	2136	2136	2136	8091049539	8132524536
d9781168	550	1	1	8091269552	1	false	665	665	665	8091283321	8102745885
d9781168	551	1	1	8098009722	1	false	987	987	987	8098023259	8114790297
d9781168	552	1	1	8104115875	2	false	1823	1824	1823	8104129364	8136428139
d9781168	553	1	1	8106634993	1	false	1424	1424	1424	8106649300	8130772988
d9781168	554	1	1	8109387386	1	false	1693	1693	1693	8109401568	8137630812
d9781168	555	1	1	8112791384	1	false	941	941	941	8112804984	8131056486
d9781168	556	1	1	8124836452	1	false	546	546	546	8124850344	8134309529
d9781168	557	1	1	8125736998	1	false	415	416	415	8125751384	8137630812
d9781168	558	1	1	8138045138	3	false	2219	2219	2219	8140528645	8186609118
d9781168	559	1	1	8138063375	3	false	2913	2913	2913	8138078458	8190896356
d9781168	560	1	1	8138078458	1	false	858	858	858	8138095309	8155443868
d9781168	561	1	1	8138095309	3	false	2267	2267	2267	8138111500	8182487904
d9781168	562	1	1	8138111500	1	false	759	759	759	8138128904	8153658954
d9781168	563	1	1	8138128904	1	false	622	622	622	8138145820	8151273934
d9781168	564	1	1	8138145820	2	false	1077	1077	1077	8138162019	8158930524
d9781168	565	1	1	8138162019	3	false	1877	1877	1877	8138176420	8177449419
d9781168	566	1	1	8161319156	3	false	2747	2747	2747	8161333079	8209849004
d9781168	567	1	1	8163704175	3	false	2020	2020	2020	8163718685	8197803323
d9781168	568	1	1	8165490153	2	false	854	854	854	8165505030	8180268986
d9781168	569	1	1	8168977220	1	false	1241	1241	1241	8168990741	8189961532
d9781168	570	1	1	8187495492	1	false	653	654	653	8187509555	8198654152
d9781168	571	1	1	8190315099	3	false	2770	2770	2770	8190329046	8237060639
d9781168	572	1	1	8192534133	2	false	1729	1729	1729	8192547898	8222562191
d9781168	573	1	1	8196655227	2	false	704	704	704	8196668943	8225983914
d9781168	574	1	1	8200008728	1	false	797	797	797	8200022273	8214187061
d9781168	575	1	1	8200943173	8	false	8630	8630	8630	8200956673	8346070426
d9781168	576	1	1	8207849665	1	false	1176	1177	1176	8207864063	8227484046
d9781168	577	1	1	8208701007	2	false	2213	2213	2213	8208714812	8248554697
d9781168	578	1	1	8219895541	2	false	1130	1130	1130	8219909367	8239112586
d9781168	579	1	1	8224233575	2	false	1239	1239	1239	8224247471	8244904210
d9781168	580	1	1	8232608248	4	false	4522	4522	4522	8232621897	8308514986
d9781168	581	1	1	8236028607	1	false	939	939	939	8236042218	8252008507
d9781168	582	1	1	8237529799	1	false	417	417	417	8237543921	8244884486
d9781168	583	1	1	8247106335	3	false	3965	3966	3965	8247120039	8314571791
d9781168	584	1	1	8249158625	2	false	2117	2117	2117	8249172532	8284958506
d9781168	585	1	1	8254929993	2	false	1493	1493	1493	8254948444	8280220105
d9781168	586	1	1	8254948444	1	false	990	991	990	8254961264	8271494807
d9781168	587	1	1	8258601059	1	false	358	358	358	8258615042	8272946485
d9781168	588	1	1	8262056241	2	false	1458	1457	1457	8262069598	8286726822
d9781168	589	1	1	8281541295	2	false	1191	1191	1191	8281554845	8302742902
d9781168	590	1	1	8283192128	3	false	1546	1546	1546	8283206384	8318608321
d9781168	591	1	1	8290265752	1	false	1463	1463	1463	8290280155	8314755255
d9781168	592	1	1	8295004247	1	false	1119	1119	1119	8295018221	8314037670
d9781168	593	1	1	8296774015	2	false	1711	1711	1711	8296787378	8325983039
d9781168	594	1	1	8312788814	1	false	834	834	834	8312802689	8327684927
d9781168	595	1	1	8318560824	2	false	1493	1493	1493	8318574785	8348840766
d9781168	596	1	1	8324083775	2	false	361	361	361	8324097818	8332506217
d9781168	597	1	1	8324618080	2	false	693	693	693	8324631805	8336710743
d9781168	598	1	1	8324801238	2	false	747	747	747	8324815341	8337561199
d9781168	599	1	1	8328655104	1	false	1095	1094	1094	8328669064	8347220518
d9781168	600	1	1	8336029261	1	false	749	749	749	8336043149	8348840766
d9781168	601	1	1	8337730901	1	false	666	666	666	8337744650	8348840766
d9781168	602	1	1	8349256338	1	false	1122	1122	1122	8349272587	8370673714
d9781168	603	1	1	8349272587	3	false	1581	1581	1581	8351754218	8400870786
d9781168	604	1	1	8349287476	2	false	2247	2247	2247	8349304268	8393263507
d9781168	605	1	1	8349304268	3	false	3202	3202	3202	8349320477	8407026980
d9781168	606	1	1	8349320477	1	false	681	681	681	8349337914	8365001461
d9781168	607	1	1	8349337914	1	false	859	859	859	8349354747	8366853132
d9781168	608	1	1	8349354747	1	false	668	668	668	8349371025	8363283164
d9781168	609	1	1	8349371025	4	false	3745	3745	3745	8349385936	8420123896
d9781168	610	1	1	8373329110	1	false	851	851	851	8373342845	8387875237
d9781168	611	1	1	8375080633	2	false	1312	1312	1312	8375095047	8397700604
d9781168	612	1	1	8376899329	2	false	1468	1468	1468	8376913401	8402756360
d9781168	613	1	1	8380721131	2	false	1519	1519	1519	8380734624	8407026980
d9781168	614	1	1	8397920709	1	false	667	667	667	8397934349	8410547560
d9781168	615	1	1	8403309724	2	false	874	874	874	8403323638	8418388445
d9781168	616	1	1	8407746969	1	false	1279	1279	1279	8407761215	8430083163
d9781168	617	1	1	8410916833	1	false	903	903	903	8410930675	8426313042
d9781168	618	1	1	8412802541	2	false	1593	1593	1593	8412816190	8440093810
d9781168	619	1	1	8417073489	6	false	6211	6211	6211	8417087035	8524980302
d9781168	620	1	1	8417106741	1	false	856	856	856	8417120462	8431719237
d9781168	621	1	1	8420594240	2	false	1489	1489	1489	8420607722	8445649412
d9781168	622	1	1	8428435435	1	false	717	717	717	8428448931	8440795851
d9781168	623	1	1	8430169889	2	false	1886	1886	1886	8430183785	8466670178
d9781168	624	1	1	8436359237	3	false	2126	2126	2126	8436372996	8477948948
d9781168	625	1	1	8440129551	1	false	863	863	863	8440143827	8454825138
d9781168	626	1	1	8441765438	2	false	1127	1126	1126	8441779057	8461265122
d9781168	627	1	1	8450757250	1	false	411	411	411	8450771048	8457778730
d9781168	628	1	1	8450841225	1	false	388	388	388	8450854657	8457444554
d9781168	629	1	1	8455695259	2	false	1411	1411	1411	8455709407	8479683811
d9781168	630	1	1	8464870614	1	false	568	568	568	8464884911	8474762612
d9781168	631	1	1	8467490850	1	false	1145	1145	1145	8467504164	8486974770
d9781168	632	1	1	8467824362	2	false	1716	1716	1716	8467838188	8498619576
d9781168	633	1	1	8471310901	2	false	1521	1521	1521	8471324897	8497218616
d9781168	634	1	1	8476716808	1	false	748	748	748	8476730964	8490811704
d9781168	635	1	1	8484808187	2	false	642	642	642	8484822420	8496117152
d9781168	636	1	1	8487995592	2	false	1917	1917	1917	8488009613	8520391777
d9781168	637	1	1	8489730451	3	false	1404	1404	1404	8489744290	8542931269
d9781168	638	1	1	8497021203	1	false	1007	1007	1007	8497035013	8514168946
d9781168	639	1	1	8500857865	2	false	1270	1270	1270	8500872016	8524980302
d9781168	640	1	1	8506163375	2	false	1074	1074	1074	8506177362	8525513978
d9781168	641	1	1	8507265308	2	false	1933	1933	1933	8507278809	8540713090
d9781168	642	1	1	8508666655	2	false	1912	1912	1912	8508679896	8540579259
d9781168	643	1	1	8524215725	1	false	613	613	613	8524228927	8534856546
d9781168	644	1	1	8530438184	1	false	734	734	734	8530451815	8542931269
d9781168	645	1	1	8535025132	2	false	1487	1487	1487	8535039872	8565236448
d9781168	646	1	1	8535059220	1	false	1024	1024	1024	8535073147	8555727400
d9781168	647	1	1	8535560340	1	false	890	890	890	8535574058	8551239370
d9781168	648	1	1	8544902923	1	false	619	619	619	8544918707	8555594360
d9781168	649	1	1	8550624855	1	false	860	860	860	8550638317	8565236448
d9781168	650	1	1	8550758487	1	false	1118	1118	1118	8550772282	8569941378
d9781168	651	1	1	8552980582	1	false	261	261	261	8552991657	8557763205
d9781168	652	1	1	8553011099	1	false	519	519	519	8553024915	8561833184
d9781168	653	1	1	8561285438	1	false	288	288	288	8561300257	8566905201
d9781168	654	1	1	8565639894	2	false	673	673	673	8565653536	8577399026
d9781168	655	1	1	8565773956	1	false	485	485	485	8565787554	8574162852
d9781168	656	1	1	8567809786	1	false	654	654	654	8567823028	8578783650
d9781168	657	1	1	8571879659	1	false	1156	1156	1156	8571893359	8591463139
d9781168	658	1	1	8575283103	1	false	476	476	476	8575297636	8583405452
d9781168	659	1	1	8575316852	2	false	1617	1617	1617	8575330577	8604259562
d9781168	660	1	1	8576951435	1	false	677	677	677	8576965468	8588343154
d9781168	661	1	1	8579987858	3	false	2085	2085	2085	8580001491	8615203716
d9781168	662	1	1	8584209024	3	false	1936	1936	1936	8584222578	8621443000
d9781168	663	1	1	8587444985	1	false	950	950	950	8587458871	8603642224
d9781168	664	1	1	8588830561	1	false	731	731	731	8588844065	8601323561
d9781168	665	1	1	8593451419	1	false	305	305	305	8593465461	8598803835
d9781168	666	1	1	8598389303	2	false	1420	1420	1420	8598403952	8628499744
d9781168	667	1	1	8601510055	2	false	575	575	575	8601523696	8611433262
d9781168	668	1	1	8608849663	1	false	638	638	638	8608863952	8619927981
d9781168	669	1	1	8611369556	1	false	491	491	491	8611383247	8619908109
d9781168	670	1	1	8613688907	1	false	555	555	555	8613702476	8623328162
d9781168	671	1	1	8614305627	1	false	601	601	601	8614319639	8628716046
c75f33b8	512	1	1	9771437968	4	false	2838	2839	2838	9794376540	9841974757
c75f33b8	513	1	1	9771458740	2	false	687	687	687	9771472456	9882851008
c75f33b8	514	1	1	9771472456	2	false	784	784	784	9771489575	9807139640
c75f33b8	515	1	1	9771489575	4	false	2237	2237	2237	9771506066	9841939481
c75f33b8	516	1	1	9771506066	3	false	1435	1435	1435	9794176280	9818601531
c75f33b8	517	1	1	9771522000	4	false	2389	2389	2389	9793808288	9833698907
c75f33b8	518	1	1	9771539267	3	false	1151	1151	1151	9771556462	9818601531
c75f33b8	519	1	1	9771556462	2	false	938	938	938	9771569652	9810893032
c75f33b8	520	1	1	9817184779	2	false	1304	1304	1304	9817199375	9841974757
c75f33b8	521	1	1	9817220078	2	false	740	740	740	9817233048	9830395761
c75f33b8	522	1	1	9820940951	2	false	634	634	634	9820954002	9831847585
c75f33b8	523	1	1	9828646421	1	false	550	550	550	9828660895	9838653181
c75f33b8	524	1	1	9828680235	1	false	264	264	264	9828693818	9833381977
c75f33b8	525	1	1	9846733943	3	false	3689	3689	3689	9846754557	9912030128
c75f33b8	526	1	1	9846754557	1	false	1033	1032	1032	9849801199	9867018891
c75f33b8	527	1	1	9846767999	1	false	760	760	760	9846784645	9863181368
c75f33b8	528	1	1	9846784645	1	false	474	474	474	9846801649	9859761671
c75f33b8	529	1	1	9846801649	3	false	3082	3082	3082	9846818021	9904406609
c75f33b8	530	1	1	9846818021	3	false	3493	3493	3493	9846832268	9907976311
c75f33b8	531	1	1	9846852962	2	false	1485	1485	1485	9853571648	9878764116
c75f33b8	532	1	1	9846934666	0	false	112	112	112	9849783800	9851638387
c75f33b8	533	1	1	9869809004	1	false	554	554	554	9869822165	9879764691
c75f33b8	534	1	1	9873227862	2	false	1460	1460	1460	9873240951	9900002360
c75f33b8	535	1	1	9877065199	3	false	2985	2985	2985	9877079044	9927445972
c75f33b8	536	1	1	9885872946	2	false	2637	2637	2637	9885887733	9932267683
c75f33b8	537	1	1	9888810431	1	false	1389	1389	1389	9888824014	9911980071
c75f33b8	538	1	1	9889811600	2	false	2433	2433	2433	9889825081	9932267683
c75f33b8	539	1	1	9910048313	2	false	2346	2346	2346	9910062294	9949534870
c75f33b8	540	1	1	9914452610	1	false	292	292	292	9914466190	9919538625
c75f33b8	541	1	1	9918022639	2	false	1138	1138	1138	9918036305	9937706415
c75f33b8	542	1	1	9922027639	2	false	1447	1447	1447	9922040496	9946332274
c75f33b8	543	1	1	9922077160	11	false	12101	12101	12101	9922090870	10128151541
c75f33b8	544	1	1	9929585028	1	false	880	880	880	9929598123	9944580871
c75f33b8	545	1	1	9937493810	1	false	689	689	689	9937506603	9949534870
c75f33b8	546	1	1	9942314734	2	false	941	941	941	9942328368	9961882576
c75f33b8	547	1	1	9942348953	3	false	2070	2070	2070	9942361367	9978849116
c75f33b8	548	1	1	9947752967	1	false	1283	1283	1283	9947766482	9969639724
c75f33b8	549	1	1	9954627083	4	false	3679	3679	3679	9954640607	10017637687
c75f33b8	550	1	1	9956378747	1	false	859	859	859	9956392114	9971091677
c75f33b8	551	1	1	9959582223	3	false	2259	2259	2259	9959595656	9998084967
c75f33b8	552	1	1	9959615937	2	false	886	886	886	9959628752	9976229753
c75f33b8	553	1	1	9971929268	1	false	1173	1173	1173	9971942254	9992413694
c75f33b8	554	1	1	9979686450	2	false	1787	1787	1787	9979700662	10009997259
c75f33b8	555	1	1	9981139564	2	false	1753	1752	1752	9981151979	10014068640
c75f33b8	556	1	1	9986276863	1	false	547	547	547	9986290650	9996166041
c75f33b8	557	1	1	9988896825	1	false	484	484	484	9988909369	9997634759
c75f33b8	558	1	1	10002459797	2	false	1813	1813	1813	10002473048	10033504430
c75f33b8	559	1	1	10006213787	1	false	658	658	658	10006226290	10017721784
c75f33b8	560	1	1	10007681525	5	false	4550	4550	4550	10007694595	10091763559
c75f33b8	561	1	1	10008131860	3	false	3422	3422	3422	10008145396	10069357314
c75f33b8	562	1	1	10020042954	2	false	1016	1016	1016	10020056971	10037725548
c75f33b8	563	1	1	10024113919	2	false	1019	1019	1019	10024128173	10041111822
c75f33b8	564	1	1	10027685087	3	false	2891	2891	2891	10027698328	10077965156
c75f33b8	565	1	1	10027768827	1	false	1385	1385	1385	10027781807	10051572563
c75f33b8	566	1	1	10043551379	4	false	3144	3144	3144	10043564026	10096618860
c75f33b8	567	1	1	10047772210	1	false	1339	1339	1339	10047785505	10070107784
c75f33b8	568	1	1	10051159304	1	false	4	4	4	10051172289	10051222435
c75f33b8	569	1	1	10061619794	2	false	915	915	915	10061633769	10077965156
c75f33b8	570	1	1	10079403620	3	false	2484	2484	2484	10079417387	10121726666
c75f33b8	571	1	1	10079788390	2	false	1333	1333	1333	10079801212	10102024361
c75f33b8	572	1	1	10080155056	3	false	2671	2671	2671	10080168571	10128015582
c75f33b8	573	1	1	10087996662	1	false	392	392	392	10088009966	10095217207
c75f33b8	574	1	1	10088030316	1	false	625	625	625	10088043740	10098920754
c75f33b8	575	1	1	10101809601	2	false	1481	1481	1481	10101823359	10128132784
c75f33b8	576	1	1	10105263666	1	false	1303	1303	1303	10105277062	10128151541
c75f33b8	577	1	1	10106666370	1	false	371	371	371	10106682854	10113685798
c75f33b8	578	1	1	10112071462	1	false	694	694	694	10112084385	10123912045
c75f33b8	579	1	1	10128523041	3	false	2973	2973	2973	10128557234	10183093284
c75f33b8	580	1	1	10128542842	3	false	2621	2621	2621	10128557234	10182974867
c75f33b8	581	1	1	10128557234	3	false	2510	2510	2510	10131606094	10182890633
c75f33b8	582	1	1	10128574671	2	false	660	660	660	10128590256	10146671898
c75f33b8	583	1	1	10128590256	3	false	2867	2867	2867	10131623114	10182940845
c75f33b8	584	1	1	10128607073	1	false	787	787	787	10128624383	10145521171
c75f33b8	585	1	1	10128624383	1	false	598	598	598	10128637279	10141650603
c75f33b8	586	1	1	10133712516	2	false	690	690	690	10133725996	10149141165
c75f33b8	587	1	1	10151696535	0	false	4	4	4	10151710053	10151759779
c75f33b8	588	1	1	10155566429	1	false	5	5	5	10155580302	10155647336
c75f33b8	589	1	1	10156718268	1	false	220	220	220	10156732726	10161202851
c75f33b8	590	1	1	10159187178	2	false	11	11	11	10159201256	10159367283
c75f33b8	591	1	1	10162473996	1	false	565	565	565	10162504788	10172381041
bf15f7ab	512	1	1	2957174591	5	false	4697	4697	4697	2982581418	3063934568
bf15f7ab	513	1	1	2957194768	5	false	4316	4316	4316	2980212262	3055110236
bf15f7ab	514	1	1	2957207652	3	false	2327	2327	2327	2957224104	3021774130
bf15f7ab	515	1	1	2957224104	5	false	4642	4643	4642	2979527815	3059750157
bf15f7ab	516	1	1	2957240954	4	false	2811	2811	2811	2957257135	3027230478
bf15f7ab	517	1	1	2957257135	5	false	4368	4368	4368	2957274685	3057478544
bf15f7ab	518	1	1	2957274685	14	false	13134	13135	13134	2979561561	3238064343
bf15f7ab	519	1	1	2957291188	2	false	813	813	813	2957305804	2993261710
bf15f7ab	520	1	1	3001306396	1	false	1345	1345	1345	3001320327	3024459960
bf15f7ab	521	1	1	3029818277	1	false	392	392	392	3029831953	3036772515
bf15f7ab	522	1	1	3032504600	2	false	1645	1645	1645	3032519060	3060549276
bf15f7ab	523	1	1	3035273474	0	false	325	325	325	3035287218	3040827052
bf15f7ab	524	1	1	3044816855	2	false	2008	2008	2008	3044830410	3079734946
bf15f7ab	525	1	1	3048870899	3	false	2184	2184	2184	3048884410	3087058457
bf15f7ab	526	1	1	3063153510	1	false	1079	1079	1079	3063167130	3081436226
bf15f7ab	527	1	1	3065522492	1	false	943	943	943	3065536846	3082304494
bf15f7ab	528	1	1	3067791488	2	false	1167	1167	1167	3067805816	3087259141
bf15f7ab	529	1	1	3068592960	2	false	1075	1075	1075	3068605977	3088059128
bf15f7ab	530	1	1	3071979942	5	false	3937	3937	3937	3071993885	3146152426
bf15f7ab	531	1	1	3087779657	1	false	904	904	904	3087792337	3104609432
bf15f7ab	532	1	1	3089481251	4	false	3464	3464	3464	3089494408	3149304483
bf15f7ab	533	1	1	3090347739	2	false	1090	1090	1090	3090361575	3110099105
bf15f7ab	534	1	1	3095102967	1	false	877	877	877	3095116003	3110215904
bf15f7ab	535	1	1	3095302561	7	false	8090	8090	8090	3095316574	3243703871
bf15f7ab	536	1	1	3096103514	2	false	1943	1943	1943	3096117497	3128517686
bf15f7ab	537	1	1	3112654133	2	false	892	892	892	3112668203	3127566032
bf15f7ab	538	1	1	3118142557	1	false	818	818	818	3118156551	3133521569
bf15f7ab	539	1	1	3118259734	1	false	644	644	644	3118273261	3129018971
bf15f7ab	540	1	1	3135610118	1	false	593	593	593	3135623979	3146001729
bf15f7ab	541	1	1	3136561832	1	false	1274	1274	1274	3136575458	3157913309
bf15f7ab	542	1	1	3137062034	1	false	516	516	516	3137075556	3146152426
bf15f7ab	543	1	1	3141566167	3	false	3006	3006	3006	3141579707	3193887414
bf15f7ab	544	1	1	3154044768	8	false	8707	8707	8707	3154058734	3306383182
bf15f7ab	545	1	1	3154195156	0	false	519	519	519	3154209148	3163072820
bf15f7ab	546	1	1	3154228845	1	false	821	821	821	3154242526	3171029706
bf15f7ab	547	1	1	3157349424	2	false	2075	2075	2075	3157363457	3194086832
bf15f7ab	548	1	1	3165961418	1	false	305	305	305	3165974868	3171046096
bf15f7ab	549	1	1	3171116162	6	false	5977	5977	5977	3171129990	3271431342
bf15f7ab	550	1	1	3179090362	3	false	3625	3625	3625	3179104290	3240933978
bf15f7ab	551	1	1	3179124105	3	false	2823	2824	2823	3179138199	3227737394
bf15f7ab	552	1	1	3201914276	1	false	1047	1047	1047	3201928554	3224217404
bf15f7ab	553	1	1	3202115655	2	false	1646	1646	1646	3202128264	3230390111
bf15f7ab	554	1	1	3232261402	1	false	443	443	443	3232275244	3240500072
bf15f7ab	555	1	1	3235781170	0	false	337	337	337	3235795147	3241951531
bf15f7ab	556	1	1	3238435319	3	false	3647	3647	3647	3238447965	3301344207
bf15f7ab	557	1	1	3246108127	3	false	964	964	964	3246122063	3296157010
bf15f7ab	558	1	1	3248543373	2	false	2112	2112	2112	3248557566	3283943502
bf15f7ab	559	1	1	3248977517	2	false	1320	1320	1320	3248992222	3271096941
bf15f7ab	560	1	1	3249996069	2	false	1733	1733	1733	3250009373	3279772927
bf15f7ab	561	1	1	3251748096	2	false	1204	1204	1204	3251761614	3272415679
bf15f7ab	562	1	1	3279141063	1	false	1004	1004	1004	3279155197	3295889495
bf15f7ab	563	1	1	3279475474	1	false	1104	1104	1104	3279489044	3297958616
bf15f7ab	564	1	1	3280460247	7	false	7183	7183	7183	3280474218	3418481361
bf15f7ab	565	1	1	3287817037	2	false	1157	1157	1157	3287831160	3308302391
bf15f7ab	566	1	1	3291988366	2	false	1145	1145	1145	3292002867	3314257273
bf15f7ab	567	1	1	3303933651	1	false	1001	1001	1001	3303947063	3321131486
bf15f7ab	568	1	1	3304200115	6	false	4297	4297	4297	3304214413	3412191851
bf15f7ab	569	1	1	3306003065	2	false	1382	1382	1382	3306016354	3329055829
bf15f7ab	570	1	1	3309389201	2	false	1677	1677	1677	3309403072	3337715061
bf15f7ab	571	1	1	3314427621	2	false	1810	1810	1810	3314441421	3346123070
bf15f7ab	572	1	1	3316346846	2	false	2045	2045	2045	3316360239	3362307275
bf15f7ab	573	1	1	3322302214	1	false	722	722	722	3322315791	3334895470
bf15f7ab	574	1	1	3329175860	1	false	771	771	771	3329189176	3342036443
bf15f7ab	575	1	1	3337100399	1	false	914	914	914	3337114898	3361922880
bf15f7ab	576	1	1	3342940013	1	false	604	604	604	3342953399	3353748925
bf15f7ab	577	1	1	3345759387	3	false	3337	3337	3337	3345772532	3403398008
bf15f7ab	578	1	1	3350080265	1	false	387	387	387	3350093924	3356534050
bf15f7ab	579	1	1	3354168764	2	false	2576	2576	2576	3354181857	3400977635
bf15f7ab	580	1	1	3361791516	1	false	971	971	971	3361805907	3380375896
bf15f7ab	581	1	1	3364577766	1	false	823	823	823	3364591789	3378305399
bf15f7ab	582	1	1	3369967449	4	false	4364	4364	4364	3369980499	3444756665
bf15f7ab	583	1	1	3370350793	2	false	1456	1456	1456	3370364593	3396924825
bf15f7ab	584	1	1	3386349612	1	false	424	424	424	3386363429	3393988302
bf15f7ab	585	1	1	3388418691	1	false	486	486	486	3388432666	3397224268
bf15f7ab	586	1	1	3402032824	1	false	1098	1098	1098	3402046091	3420550179
bf15f7ab	587	1	1	3404969738	2	false	2295	2295	2295	3404983556	3446094356
bf15f7ab	588	1	1	3405270783	1	false	1020	1020	1020	3405284419	3423152455
bf15f7ab	589	1	1	3409024101	2	false	1955	1955	1955	3409037922	3445941445
bf15f7ab	590	1	1	3411444077	2	false	1714	1714	1714	3411457490	3445908171
bf15f7ab	591	1	1	3420235773	1	false	947	947	947	3420249548	3442788548
bf15f7ab	592	1	1	3426525363	1	false	1038	1038	1038	3426539493	3445924378
bf15f7ab	593	1	1	3428594706	1	false	596	596	596	3428607972	3438535195
bf15f7ab	594	1	1	3431200273	1	false	502	502	502	3431213225	3442070980
51ebbc0f	512	1	1	2845764970	4	false	2658	2658	2658	2868117780	2912628570
51ebbc0f	513	1	1	2845783022	3	false	1100	1101	1100	2868234141	2887287397
51ebbc0f	514	1	1	2845796779	3	false	1456	1456	1456	2868267885	2892724670
51ebbc0f	515	1	1	2845813424	3	false	1255	1256	1255	2868651532	2889572732
51ebbc0f	516	1	1	2845830564	4	false	2086	2086	2086	2869301708	2904971829
51ebbc0f	517	1	1	2845847236	11	false	11563	11563	11563	2868267885	3069702978
51ebbc0f	518	1	1	2845863966	3	false	1694	1694	1694	2868468322	2896729215
51ebbc0f	519	1	1	2845880967	3	false	901	901	901	2868484782	2884334454
51ebbc0f	520	1	1	2894380261	2	false	2362	2362	2362	2894393568	2935869350
51ebbc0f	521	1	1	2897332992	1	false	1211	1211	1210	2897345984	2917950907
51ebbc0f	522	1	1	2899619647	3	false	3248	3248	3248	2899632769	2954221097
51ebbc0f	523	1	1	2902772384	3	false	2415	2415	2415	2902786018	2943610383
51ebbc0f	524	1	1	2906776614	4	false	3749	3749	3749	2906790118	2969370053
51ebbc0f	525	1	1	2915018947	2	false	1986	1986	1986	2915032275	2948297831
51ebbc0f	526	1	1	2922676029	3	false	2755	2755	2755	2922688664	2969720015
51ebbc0f	527	1	1	2927998744	2	false	1612	1612	1612	2928011826	2955089075
51ebbc0f	528	1	1	2945917608	1	false	907	907	907	2945930453	2961311813
51ebbc0f	529	1	1	2953656758	2	false	1722	1722	1722	2953670553	2983300349
51ebbc0f	530	1	1	2958344824	1	false	1014	1014	1014	2958358472	2975559516
51ebbc0f	531	1	1	2964267329	3	false	2317	2317	2317	2964280725	3002920707
51ebbc0f	532	1	1	2965135441	2	false	1479	1479	1479	2965248723	2990006048
51ebbc0f	533	1	1	2971360038	2	false	657	657	657	2972006338	2982966593
51ebbc0f	534	1	1	2979415948	2	false	2518	2518	2518	2979429719	3021721629
51ebbc0f	535	1	1	2979766893	3	false	3676	3676	3676	2979780147	3041542285
51ebbc0f	536	1	1	2985606115	2	false	1496	1496	1496	2985619630	3010728053
51ebbc0f	537	1	1	2993030044	2	false	1672	1672	1672	2993030412	3021172067
51ebbc0f	538	1	1	2993346313	2	false	1747	1747	1747	2993777770	3024875518
51ebbc0f	539	1	1	3000054434	3	false	4126	4126	4126	3000067334	3070687026
51ebbc0f	540	1	1	3012966888	2	false	1019	1019	1019	3012980263	3030131259
51ebbc0f	541	1	1	3020774899	1	false	919	919	919	3020788328	3037855357
51ebbc0f	542	1	1	3031218848	2	false	2138	2138	2138	3031232043	3070554332
51ebbc0f	543	1	1	3031769414	2	false	774	774	774	3032749940	3045646677
51ebbc0f	544	1	1	3034922364	1	false	1015	1015	1015	3034935918	3052019609
51ebbc0f	545	1	1	3040177041	1	false	1216	1218	1216	3040190224	3060661407
51ebbc0f	546	1	1	3047901741	1	false	1173	1173	1173	3047915649	3070705888
51ebbc0f	547	1	1	3051589584	1	false	738	739	738	3051602349	3063897920
51ebbc0f	548	1	1	3055692953	0	false	579	579	579	3055706538	3067484565
51ebbc0f	549	1	1	3062065229	0	false	180	180	180	3062078525	3066316878
51ebbc0f	550	1	1	3072309724	3	false	2603	2596	2596	3075392695	3118820119
51ebbc0f	551	1	1	3072342070	3	false	2427	2427	2427	3075392695	3116634228
51ebbc0f	552	1	1	3072358285	2	false	978	978	978	3077027948	3093327574
51ebbc0f	553	1	1	3072391885	3	false	2674	2674	2674	3076243616	3120905261
51ebbc0f	554	1	1	3072625945	2	false	1012	1012	1012	3075593136	3092459316
51ebbc0f	555	1	1	3073160130	3	false	3476	3469	3469	3075542947	3138722085
51ebbc0f	556	1	1	3073243314	3	false	3230	3230	3230	3075609637	3129764186
51ebbc0f	557	1	1	3073259953	2	false	2555	2555	2555	3076110136	3118703037
51ebbc0f	558	1	1	3102506942	2	false	1837	1837	1837	3102737305	3133451221
51ebbc0f	559	1	1	3103374277	1	false	389	389	389	3103387877	3110460986
51ebbc0f	560	1	1	3120507901	3	false	2611	2611	2611	3120521249	3164449129
51ebbc0f	561	1	1	3126681558	3	false	2425	2425	2425	3126694801	3167885975
51ebbc0f	562	1	1	3128749200	1	false	611	611	611	3128762616	3139089322
51ebbc0f	563	1	1	3128867322	2	false	1546	1546	1546	3128879127	3156474873
51ebbc0f	564	1	1	3130952528	2	false	784	784	784	3130966164	3144027283
51ebbc0f	565	1	1	3139810799	4	false	4237	4237	4237	3139824190	3210862543
51ebbc0f	566	1	1	3143496970	5	false	5274	5274	5274	3143510573	3231667788
51ebbc0f	567	1	1	3148769393	1	false	731	732	731	3148782825	3161496174
51ebbc0f	568	1	1	3149136974	4	false	2531	2531	2531	3149150046	3214699328
51ebbc0f	569	1	1	3154074722	3	false	3642	3642	3642	3154087810	3214966302
51ebbc0f	570	1	1	3166520809	3	false	2687	2687	2687	3166533979	3211579942
51ebbc0f	571	1	1	3171542423	5	false	4373	4373	4373	3171556044	3259528283
51ebbc0f	572	1	1	3174495477	1	false	869	869	869	3174509093	3189008373
51ebbc0f	573	1	1	3177933038	1	false	773	773	773	3177946095	3197748893
51ebbc0f	574	1	1	3199054031	1	false	1119	1119	1119	3199067185	3218920759
51ebbc0f	575	1	1	3207795945	2	false	1584	1584	1584	3207808210	3234302582
51ebbc0f	576	1	1	3220908738	3	false	3252	3252	3252	3220922174	3275410225
51ebbc0f	577	1	1	3221626250	5	false	5796	5796	5796	3221639524	3319472446
51ebbc0f	578	1	1	3224746094	1	false	635	635	635	3224759529	3235519584
51ebbc0f	579	1	1	3225013974	2	false	1979	1979	1979	3225026839	3258210414
51ebbc0f	580	1	1	3228968011	1	false	715	715	715	3228980485	3241142818
51ebbc0f	581	1	1	3241713610	2	false	1660	1660	1660	3241726469	3269703935
51ebbc0f	582	1	1	3244349266	1	false	856	856	856	3244362652	3258794042
51ebbc0f	583	1	1	3245567054	2	false	1718	1718	1718	3245580666	3277545749
51ebbc0f	584	1	1	3251188637	2	false	1228	1228	1228	3251202094	3272174922
51ebbc0f	585	1	1	3268256679	1	false	772	772	772	3268269895	3281134113
51ebbc0f	586	1	1	3268841255	2	false	1701	1701	1701	3268854031	3297565795
51ebbc0f	587	1	1	3269574838	2	false	956	956	956	3269587868	3286154320
51ebbc0f	588	1	1	3279751272	2	false	2340	2340	2340	3279764583	3319472446
51ebbc0f	589	1	1	3282219565	2	false	2107	2107	2107	3282233282	3319453623
51ebbc0f	590	1	1	3285457280	2	false	1175	1175	1175	3285469392	3305057029
51ebbc0f	591	1	1	3287592877	1	false	474	474	474	3287606262	3295497184
51ebbc0f	592	1	1	3291179758	2	false	801	801	801	3291192879	3304539606
51ebbc0f	593	1	1	3296201537	1	false	727	727	727	3296214585	3319186757
51ebbc0f	594	1	1	3305544714	1	false	569	569	569	3305558079	3315550537
51ebbc0f	595	1	1	3307612261	1	false	704	704	704	3307625371	3319472446
0797ce72	512	1	1	3598583226	2	false	404	404	404	3598599142	3627643840
0797ce72	513	1	1	3598599142	3	false	2268	2268	2268	3598616024	3662261221
0797ce72	514	1	1	3598616024	2	false	658	658	658	3598632825	3634599877
0797ce72	515	1	1	3598632825	2	false	442	442	442	3598649642	3628210984
0797ce72	516	1	1	3598649642	3	false	1902	1902	1902	3598666161	3656572434
0797ce72	517	1	1	3598666161	2	false	555	555	555	3598683187	3630196528
0797ce72	518	1	1	3598683187	2	false	1128	1128	1128	3598699253	3639704957
0797ce72	519	1	1	3598699253	3	false	2141	2141	2141	3621019577	3666699064
0797ce72	520	1	0	0	2	false	0	0	0	0	0
0797ce72	521	1	1	3635688572	3	false	3170	3170	3170	3635701757	3689138778
0797ce72	522	1	1	3636255628	1	false	1018	1018	1018	3636452062	3654837327
0797ce72	523	1	1	3638240415	2	false	2321	2321	2321	3638253680	3677510348
0797ce72	524	1	1	3642644665	1	false	833	833	833	3643425795	3658107516
0797ce72	525	1	1	3647749828	1	false	444	444	444	3647763114	3655521332
0797ce72	526	1	1	3662881948	1	false	1057	1057	1057	3662895418	3680780371
0797ce72	527	1	1	3663565621	1	false	497	497	497	3663579051	3672154467
0797ce72	528	1	1	3664616659	1	false	888	888	888	3664630051	3679513064
0797ce72	529	1	1	3666151209	3	false	2457	2456	2456	3666164929	3707995126
0797ce72	530	1	1	3670306139	2	false	1966	1966	1966	3670854714	3705174884
0797ce72	531	1	1	3674743914	1	false	2204	2204	2204	3674757506	3712566232
0797ce72	532	1	1	3680198939	2	false	2304	2304	2304	3680214107	3719739971
0797ce72	533	1	1	3685553959	1	false	479	479	479	3686067968	3694060431
0797ce72	534	1	1	3687556745	1	false	722	722	722	3687687984	3699715684
0797ce72	535	1	1	3688824728	1	false	622	622	622	3689338713	3699715684
0797ce72	536	1	1	3697184998	1	false	732	732	732	3697196882	3709413073
0797ce72	537	1	1	3702105784	1	false	434	434	434	3702637112	3710113589
0797ce72	538	1	1	3707764556	3	false	3306	3306	3306	3707778203	3763951725
0797ce72	539	1	1	3707797559	1	false	589	589	589	3707811838	3718105193
0797ce72	540	1	1	3713219820	2	false	1055	1055	1055	3713233485	3731435301
0797ce72	541	1	1	3716056087	2	false	1871	1871	1871	3716903585	3749087318
0797ce72	542	1	1	3717457639	1	false	1091	1091	1091	3717971306	3736173451
0797ce72	543	1	1	3718158943	0	false	514	514	514	3718172099	3726799644
0797ce72	544	1	1	3720610687	3	false	2485	2485	2485	3720941824	3769990896
0797ce72	545	1	1	3726151064	3	false	2831	2831	2831	3726297215	3773744286
0797ce72	546	1	1	3727784630	1	false	546	546	546	3728282290	3737375484
0797ce72	547	1	1	3734841452	4	false	4380	4380	4380	3734855637	3808445914
0797ce72	548	1	1	3739479791	2	false	1914	1914	1914	3739493577	3772993922
0797ce72	549	1	1	3744218648	2	false	1457	1457	1457	3744231743	3768539016
0797ce72	550	1	1	3745419404	1	false	585	585	585	3746000832	3755760115
0797ce72	551	1	1	3757131033	2	false	1841	1841	1841	3757144485	3788575637
0797ce72	552	1	1	3763804510	2	false	1378	1380	1378	3764051801	3787274100
0797ce72	553	1	1	3771996432	2	false	1494	1494	1494	3772009999	3797500999
0797ce72	554	1	1	3776583293	2	false	2291	2291	2291	3776597078	3815401967
0797ce72	555	1	1	3778034885	1	false	1025	1025	1025	3778265719	3795415077
0797ce72	556	1	1	3781038124	1	false	749	750	749	3781051970	3794330829
0797ce72	557	1	1	3781788975	0	false	503	503	503	3781802531	3790327073
0797ce72	558	1	1	3795318055	0	false	545	545	545	3795765858	3804841628
0797ce72	559	1	1	3796619545	0	false	819	819	819	3796633131	3810914275
0797ce72	560	1	1	3798371246	1	false	615	615	615	3798384889	3808629316
0797ce72	561	1	1	3802375989	3	false	3355	3355	3355	3802389598	3859664251
0797ce72	562	1	1	3803460009	3	false	2579	2579	2579	3803573844	3847735844
0797ce72	563	1	1	3805545529	3	false	2758	2757	2757	3805559302	3852874600
0797ce72	564	1	1	3812885832	1	false	720	720	720	3812900370	3825213183
0797ce72	565	1	1	3816489972	9	false	10641	10641	10641	3816503134	4002524501
0797ce72	566	1	1	3816672919	1	false	1508	1508	1508	3816686751	3843031539
0797ce72	567	1	1	3818958733	2	false	2476	2476	2476	3818972994	3861851236
0797ce72	568	1	1	3823448225	3	false	2531	2531	2531	3823461496	3866804715
0797ce72	569	1	1	3833256951	2	false	794	794	794	3833270533	3846835381
0797ce72	570	1	0	0	2	false	0	0	0	0	0
0797ce72	571	1	1	3851074847	2	false	1996	1996	1996	3851222597	3885440249
0797ce72	572	1	1	3854878309	0	false	302	302	302	3854892156	3860448731
0797ce72	573	1	1	3855780676	0	false	463	463	463	3855893810	3863602429
0797ce72	574	1	1	3860920277	1	false	1284	1284	1284	3861483045	3883588309
0797ce72	575	1	1	3867708192	2	false	1258	1257	1257	3868323206	3890527976
0797ce72	576	1	1	3868492678	3	false	2774	2774	2774	3868506772	3917421800
0797ce72	577	1	1	3869894556	2	false	2087	2087	2087	3869908338	3905426178
0797ce72	578	1	1	3871645938	2	false	1698	1698	1698	3871859681	3900205028
0797ce72	579	1	1	3874850495	0	false	470	470	470	3874913534	3882737493
0797ce72	580	1	1	3890782443	1	false	879	879	879	3890862081	3905510006
0797ce72	581	1	1	3891632411	4	false	3064	3064	3064	3891645869	3948536753
0797ce72	582	1	1	3893567987	1	false	570	570	570	3894181951	3903825666
0797ce72	583	1	1	3898573529	3	false	2883	2883	2883	3898586359	3948536753
0797ce72	584	1	1	3908249033	2	false	1198	1198	1198	3908446527	3928450066
0797ce72	585	1	1	3911868866	3	false	3048	3047	3047	3911882896	3963652097
0797ce72	586	1	1	3913470718	2	false	1112	1112	1112	3913484507	3932838110
0797ce72	587	1	1	3913555318	1	false	262	262	262	3913568413	3918072549
0797ce72	588	1	1	3925466965	1	false	752	752	752	3926180873	3938760312
0797ce72	589	1	1	3926117426	2	false	2264	2264	2264	3926130934	3964837397
0797ce72	590	1	1	3936495316	0	false	333	333	333	3936509061	3942514666
0797ce72	591	1	1	3940882234	1	false	1391	1391	1391	3940895825	3964786683
0797ce72	592	1	1	3946804599	2	false	1907	1907	1907	3947185496	3979868312
0797ce72	593	1	1	3950558972	2	false	1260	1260	1260	3950839115	3971843166
0797ce72	594	1	1	3956581432	0	false	386	386	386	3957495643	3963935717
0797ce72	595	1	1	3956614740	1	false	1141	1141	1141	3956628750	3976731613
0797ce72	596	1	1	3971695131	2	false	938	938	938	3971709556	3987359044
0797ce72	597	1	1	3971979064	1	false	332	332	332	3971993224	3978400898
0797ce72	598	1	1	3972830520	3	false	2624	2624	2624	3973561876	4017322339
0797ce72	599	1	1	3972880930	1	false	610	610	610	3972894240	3983070979
0797ce72	600	1	1	3979890824	1	false	371	371	371	3979902259	3987425454
0797ce72	601	1	1	3984775572	1	false	823	823	823	3984789561	3998787753
0797ce72	602	1	1	3986443639	2	false	2348	2348	2348	3986457987	4027699802
0797ce72	603	1	1	3987912869	1	false	936	936	936	3987926806	4003843404
0797ce72	604	1	1	3991115565	2	false	1014	1014	1014	3991128979	4008030008
0797ce72	605	1	1	3995403411	2	false	2378	2378	2378	3995416654	4035257489
0797ce72	606	1	1	3995470473	2	false	2339	2339	2339	3995483562	4035257489
0797ce72	607	1	1	4006831183	1	false	567	567	567	4006845212	4016872401
0797ce72	608	1	1	4010568162	2	false	1470	1470	1470	4010582459	4035257489
0797ce72	609	1	1	4011886586	1	false	746	746	746	4011900415	4024596797
0797ce72	610	1	1	4016074899	1	false	806	806	806	4016088630	4034789637
0797ce72	611	1	1	4024916184	1	false	591	592	591	4024930353	4035257489
0797ce72	612	1	1	4025367552	1	false	281	282	281	4025380597	4035039763
111fa685	512	1	1	6697911191	2	false	538	538	538	6697939107	6739709563
111fa685	513	1	1	6697939107	5	false	2116	2116	2116	6697969962	6791861422
111fa685	514	1	1	6697939107	3	false	703	703	703	6697969962	6743346416
111fa685	515	1	1	6697969962	6	false	2816	2816	2816	6698002518	6814248114
111fa685	516	1	1	6697969962	4	false	1902	1900	1900	6698002518	6786223380
111fa685	517	1	1	6698002518	4	false	1520	1520	1520	6698037017	6776246730
111fa685	518	1	1	6698002518	10	false	5707	5706	5706	6698037017	6910881688
111fa685	519	1	1	6698037017	4	false	1269	1269	1269	6698071298	6762599172
111fa685	520	1	1	6698037017	4	false	446	446	446	6698071298	6735605696
111fa685	521	1	1	6698071298	3	false	690	690	690	6698105900	6743679143
111fa685	522	1	1	6698071298	4	false	997	997	997	6698105900	6790693771
111fa685	523	1	1	6698105900	4	false	1188	1189	1188	6698141011	6763399526
111fa685	524	1	1	6698105900	3	false	995	995	995	6698141011	6755024005
111fa685	525	1	1	6698141011	4	false	1450	1450	1450	6698177677	6768836135
111fa685	526	1	1	6698141011	3	false	924	924	924	6698177677	6751354660
111fa685	527	1	1	6698177677	3	false	878	879	878	6698212040	6749684141
111fa685	528	1	1	6698177677	3	false	641	641	641	6698212040	6743112991
111fa685	529	1	1	6698212040	4	false	1831	1831	1831	6698246069	6781818232
111fa685	530	1	1	6698212040	7	false	72	72	72	6698246069	6722491109
111fa685	531	1	1	6698246069	8	false	2790	2790	2790	6698280069	6866871962
111fa685	532	1	1	6698246069	3	false	838	838	838	6698280069	6749184413
111fa685	533	1	1	6698280069	3	false	988	988	988	6698303335	6753196297
111fa685	534	1	1	6698280069	3	false	831	831	831	6698303335	6758462912
111fa685	535	1	1	6749792308	2	false	489	489	489	6749818724	6768335920
111fa685	536	1	1	6753171565	2	false	865	865	865	6753196297	6811615637
111fa685	537	1	1	6753399997	1	false	192	192	192	6753422081	6760230585
111fa685	538	1	1	6753728911	1	false	619	619	619	6753756656	6774844128
111fa685	539	1	1	6759266888	4	false	2605	2606	2605	6759294778	6846380721
111fa685	540	1	1	6759735451	1	false	714	714	714	6759762073	6784254630
111fa685	541	1	1	6761405858	1	false	404	404	404	6761431885	6775413546
111fa685	542	1	1	6763240114	2	false	1598	1598	1598	6763266540	6817119363
111fa685	543	1	1	6765076591	2	false	1345	1345	1345	6765103888	6809946940
111fa685	544	1	1	6768509711	1	false	588	588	588	6768536850	6788330293
111fa685	545	1	1	6770279922	3	false	2604	2604	2604	6770305255	6858561994
111fa685	546	1	1	6772647386	1	false	1633	1633	1633	6772674504	6828163073
111fa685	547	1	1	6773447663	0	false	1064	1064	1064	6773473939	6809312197
111fa685	548	1	1	6778386482	0	false	874	874	874	6778413383	6808212583
111fa685	549	1	1	6778888218	1	false	1376	1376	1376	6778914922	6829299016
111fa685	550	1	1	6784894310	1	false	1318	1318	1318	6784921361	6829465423
111fa685	551	1	1	6785462584	0	false	663	663	663	6785490770	6808014066
111fa685	552	1	1	6786329443	0	false	691	691	691	6786356062	6812982899
111fa685	553	1	1	6791906206	1	false	890	890	890	6791928263	6821700076
111fa685	554	1	1	6794303097	2	false	1868	1868	1868	6794328925	6857226634
111fa685	555	1	1	6796306041	2	false	1398	1398	1398	6796332411	6844079716
111fa685	556	1	1	6798406218	1	false	673	673	673	6798432320	6824893471
111fa685	557	1	1	6800746529	7	false	3446	3446	3446	6800770054	6944014904
111fa685	558	1	1	6801910466	2	false	1570	1570	1570	6801936317	6855692025
111fa685	559	1	1	6801978222	1	false	555	555	555	6802005342	6842010317
111fa685	560	1	1	6818092589	1	false	644	644	644	6818119527	6839611327
111fa685	561	1	1	6818260348	1	false	322	322	322	6818287410	6829465423
111fa685	562	1	1	6819393960	4	false	2087	2087	2087	6819422082	6890463226
111fa685	563	1	1	6819998508	5	false	2832	2832	2832	6820023537	6915583456
111fa685	564	1	1	6821700076	1	false	357	356	356	6821731478	6833601916
111fa685	565	1	1	6823033332	2	false	949	949	949	6823059652	6855692025
111fa685	566	1	1	6824301049	2	false	737	737	737	6824326892	6849551450
111fa685	567	1	1	6827202789	2	false	980	980	980	6827230160	6861096511
111fa685	568	1	1	6831744428	1	false	904	904	904	6831767528	6862032072
111fa685	569	1	1	6834943009	2	false	1293	1293	1293	6834969487	6879183561
111fa685	570	1	1	6838215936	2	false	1020	1020	1020	6838240644	6872610417
111fa685	571	1	1	6839382275	1	false	452	452	452	6839409199	6854525789
111fa685	572	1	1	6839519614	4	false	2022	2021	2021	6839552232	6908078392
111fa685	573	1	1	6839552232	4	false	2122	2122	2122	6839577396	6913047922
111fa685	574	1	1	6843685872	3	false	408	409	408	6843714571	6886725059
111fa685	575	1	1	6849657330	3	false	1068	1068	1068	6849685042	6885622244
111fa685	576	1	1	6852061483	3	false	1757	1757	1757	6852088799	6912147987
111fa685	577	1	1	6854163735	1	false	529	529	529	6854189982	6872116448
111fa685	578	1	1	6856464565	5	false	3110	3110	3110	6856492141	6962566875
111fa685	579	1	1	6859604870	2	false	1308	1308	1308	6859629171	6903507929
111fa685	580	1	1	6860369434	6	false	3074	3073	3073	6860395543	6967772738
111fa685	581	1	1	6864605732	6	false	3176	3176	3176	6864632363	6974952243
111fa685	582	1	1	6865742702	8	false	4096	4096	4096	6865776605	7007079497
111fa685	583	1	1	6865776605	3	false	1237	1237	1237	6865801739	6910078222
111fa685	584	1	1	6867277108	3	false	1342	1342	1342	6867302743	6912582389
111fa685	585	1	1	6868611095	2	false	431	431	431	6868636804	6883052631
111fa685	586	1	1	6871181380	2	false	947	948	947	6871207880	6905176611
111fa685	587	1	1	6872116448	2	false	991	991	991	6872147525	6905376367
111fa685	588	1	1	6876920681	2	false	1084	1084	1084	6876947599	6914184378
111fa685	589	1	1	6882159666	2	false	678	678	678	6882185501	6905176611
111fa685	590	1	1	6882659243	4	false	2098	2098	2098	6882686286	6953525023
111fa685	591	1	1	6889233843	2	false	336	336	336	6889259815	6901070241
111fa685	592	1	1	6893137931	3	false	1881	1881	1881	6893165812	6956025939
111fa685	593	1	1	6895672886	1	false	701	701	701	6895698493	6919087505
111fa685	594	1	1	6896773025	1	false	189	189	189	6896799397	6910980883
111fa685	595	1	1	6900509788	2	false	582	582	582	6900537619	6919923205
111fa685	596	1	1	6911121458	1	false	813	813	813	6911150410	6939576002
111fa685	597	1	1	6913587582	1	false	481	481	481	6913615943	6929667377
111fa685	598	1	1	6915223964	1	false	292	292	292	6915255944	6925194625
111fa685	599	1	1	6915255944	1	false	464	464	464	6915283209	6931104380
111fa685	600	1	1	6915423574	3	false	1645	1645	1645	6915450206	6970574794
111fa685	601	1	1	6918126552	7	false	3763	3763	3763	6918153966	7044685325
111fa685	602	1	1	6920128867	2	false	1008	1009	1008	6920155696	6954091711
111fa685	603	1	1	6920928771	2	false	866	866	866	6920956154	6950958424
111fa685	604	1	1	6921062254	2	false	663	663	663	6921090005	6944083368
111fa685	605	1	1	6922196607	1	false	427	427	427	6922224518	6937039909
111fa685	606	1	1	6922634611	3	false	1344	1344	1344	6922659948	6968274935
111fa685	607	1	1	6923099640	7	false	3647	3647	3647	6923126243	7052389694
111fa685	608	1	1	6924266306	6	false	3404	3404	3404	6924292824	7040181435
111fa685	609	1	1	6925667834	2	false	934	934	934	6925695540	6956860844
111fa685	610	1	1	6929173402	3	false	1046	1046	1046	6929201039	6964902996
111fa685	611	1	1	6929976071	9	false	4650	4649	4649	6930002235	7091963906
111fa685	612	1	1	6935245481	1	false	623	623	623	6935272164	6956126127
111fa685	613	1	1	6939749415	6	false	2976	2976	2976	6939775505	7040481673
111fa685	614	1	1	6941152614	2	false	729	729	729	6941179232	6966704004
111fa685	615	1	1	6947122981	2	false	670	670	670	6947149667	6972542344
111fa685	616	1	1	6949659554	4	false	2008	2008	2008	6949687015	7017156573
111fa685	617	1	1	6954066814	2	false	1203	1203	1203	6954091711	6997503161
111fa685	618	1	1	6954135824	9	false	135	135	135	6954160594	6970741625
111fa685	619	1	1	6961006845	10	false	5658	5658	5658	6961032742	7150421758
111fa685	620	1	1	6961939650	3	false	1156	1155	1155	6961968198	7000807028
111fa685	621	1	1	6963575523	1	false	253	253	253	6963601723	6972143281
111fa685	622	1	1	6964144267	2	false	784	784	784	6964169552	6990730089
111fa685	623	1	1	6966110115	1	false	356	356	356	6966139706	6978683983
111fa685	624	1	1	6966177052	7	false	3156	3156	3156	6966203628	7081154054
111fa685	625	1	1	6966913536	2	false	440	440	440	6966944313	6981621047
111fa685	626	1	1	6972616304	2	false	1161	1161	1161	6972642870	7011948826
111fa685	627	1	1	6974952243	2	false	797	797	797	6974985207	7002145545
111fa685	628	1	1	6976753890	2	false	741	741	741	6976780683	7002044775
111fa685	629	1	1	6977823200	4	false	1907	1907	1907	6977850204	7044183219
111fa685	630	1	1	6978323645	4	false	1977	1977	1977	6978349876	7044317063
111fa685	631	1	1	6980625503	5	false	2445	2445	2445	6980652613	7063071869
111fa685	632	1	1	6982194087	3	false	1202	1202	1202	6982221540	7023961906
111fa685	633	1	1	6982628986	6	false	2436	2436	2436	6982654549	7098337287
111fa685	634	1	1	6985028445	2	false	940	940	940	6985055484	7016888585
111fa685	635	1	1	6988735514	2	false	649	649	649	6988762046	7010981672
111fa685	636	1	1	6991673778	5	false	3182	3182	3182	6991699283	7098375461
111fa685	637	1	1	7000780103	2	false	903	903	903	7000807028	7031035823
111fa685	638	1	1	7008223036	2	false	492	492	492	7008246488	7026130198
111fa685	639	1	1	7010855921	1	false	666	666	666	7010882186	7033439213
111fa685	640	1	1	7012091704	0	false	223	223	223	7012116063	7019756481
111fa685	641	1	1	7012191532	2	false	997	997	997	7012218447	7050054818
111fa685	642	1	1	7017132079	0	false	252	252	252	7017156573	7026429900
111fa685	643	1	1	7021064977	4	false	1933	1933	1933	7021091857	7086390270
111fa685	644	1	1	7021999432	5	false	2811	2811	2811	7022025906	7116755722
111fa685	645	1	1	7026937781	4	false	1593	1593	1593	7026964375	7080753075
111fa685	646	1	1	7027205247	1	false	164	164	164	7027231821	7032837564
111fa685	647	1	1	7029806270	3	false	1125	1125	1125	7029833184	7070476540
111fa685	648	1	1	7034012622	2	false	874	874	874	7034037274	7063603274
111fa685	649	1	1	7036214253	1	false	641	641	641	7036239863	7058194593
111fa685	650	1	1	7036481568	1	false	427	427	427	7036506314	7050825794
111fa685	651	1	1	7041089537	7	false	4095	4095	4095	7041113677	7178282115
111fa685	652	1	1	7042888654	5	false	2671	2671	2671	7042915067	7132771672
111fa685	653	1	1	7043488983	2	false	263	263	263	7043514528	7067639173
111fa685	654	1	1	7050230956	3	false	1317	1317	1317	7050257623	7097071664
111fa685	655	1	1	7050533828	3	false	1521	1521	1521	7050556600	7101507436
111fa685	656	1	1	7054265184	3	false	1703	1703	1703	7054291591	7113387079
111fa685	657	1	1	7054399087	1	false	551	551	551	7054424733	7073446529
111fa685	658	1	1	7054733435	1	false	400	400	400	7054758536	7068615117
111fa685	659	1	1	7060141176	0	false	252	252	252	7060165180	7068575557
111fa685	660	1	1	7060907034	3	false	1202	1202	1202	7060932294	7101041065
111fa685	661	1	1	7062478433	2	false	866	866	866	7062503776	7095505743
111fa685	662	1	1	7068281077	4	false	1550	1550	1550	7068307286	7126331718
111fa685	663	1	1	7073152766	4	false	2491	2491	2491	7073177965	7156799414
111fa685	664	1	1	7073651305	1	false	486	486	486	7073677225	7090394445
111fa685	665	1	1	7077756741	3	false	1543	1543	1543	7077782792	7129871581
111fa685	666	1	1	7078622574	3	false	1283	1283	1283	7078656691	7121992391
111fa685	667	1	1	7078656691	3	false	1643	1643	1643	7078683018	7135143188
111fa685	668	1	1	7080527475	2	false	732	732	732	7080552886	7105744464
111fa685	669	1	1	7083496859	5	false	2503	2503	2503	7083522925	7167672561
111fa685	670	1	1	7090801633	1	false	764	764	764	7090828866	7116755722
111fa685	671	1	1	7091202433	2	false	879	879	879	7091228357	7120658616
111fa685	672	1	1	7096445732	4	false	1918	1918	1918	7096469694	7166304480
111fa685	673	1	1	7100480505	2	false	980	980	980	7100507039	7133472846
111fa685	674	1	1	7102015328	1	false	419	419	419	7102041092	7115989969
111fa685	675	1	1	7107119102	4	false	1479	1479	1479	7107144737	7177147751
111fa685	676	1	1	7107419742	2	false	707	708	707	7107447090	7131569361
111fa685	677	1	1	7108426617	2	false	103	103	103	7108446234	7112985019
111fa685	678	1	1	7108426617	4	false	1961	1961	1961	7108446234	7174345687
111fa685	679	1	1	7111091953	1	false	513	513	513	7111115912	7128232835
111fa685	680	1	1	7111558356	2	false	1229	1229	1229	7111583850	7156761344
111fa685	681	1	1	7115796908	3	false	1888	1888	1888	7115822442	7179951056
111fa685	682	1	1	7123435497	2	false	695	695	695	7123461842	7146619023
111fa685	683	1	1	7126036647	3	false	1469	1469	1469	7126064511	7175479489
111fa685	684	1	1	7126806016	5	false	2826	2826	2826	7126840480	7222694736
111fa685	685	1	1	7126840480	1	false	387	387	387	7126867168	7139781937
111fa685	686	1	1	7130710707	4	false	1473	1473	1473	7130736759	7180551437
111fa685	687	1	1	7132046470	1	false	506	506	506	7132071200	7148921471
111fa685	688	1	1	7136413644	1	false	638	638	638	7136440923	7158195629
111fa685	689	1	1	7138315711	3	false	1220	1220	1220	7138342587	7199239088
111fa685	690	1	1	7139921131	3	false	1383	1383	1383	7139947092	7186090600
111fa685	691	1	1	7141619515	3	false	1279	1279	1279	7141645932	7188593188
111fa685	692	1	1	7142821138	3	false	1295	1295	1295	7142846223	7186090600
111fa685	693	1	1	7143521322	4	false	1689	1689	1689	7143547411	7200739870
111fa685	694	1	1	7143990361	3	false	1423	1423	1423	7144024332	7195398064
111fa685	695	1	1	7144024332	4	false	1494	1494	1494	7144050356	7218590024
111fa685	696	1	1	7145191732	2	false	773	773	773	7145217761	7171542960
111fa685	697	1	1	7149829664	3	false	1165	1165	1165	7149855193	7189293643
111fa685	698	1	1	7156667403	2	false	1044	1044	1044	7156694350	7191595370
111fa685	699	1	1	7158969422	2	false	776	776	776	7158996775	7185021431
111fa685	700	1	1	7160505066	2	false	1030	1030	1030	7160531442	7195398064
111fa685	701	1	1	7166812874	3	false	1724	1724	1724	7166845601	7224401687
111fa685	702	1	1	7166845601	3	false	1716	1716	1716	7166872600	7224401687
111fa685	703	1	1	7168281020	3	false	1505	1505	1505	7168307649	7224294695
111fa685	704	1	1	7176353736	2	false	1431	1431	1431	7176382095	7224401687
111fa685	705	1	1	7177721594	2	false	941	941	941	7177748634	7210548528
111fa685	706	1	1	7181591794	2	false	1184	1184	1184	7181617761	7224294695
111fa685	707	1	1	7184395405	2	false	576	576	576	7184421287	7204309046
111fa685	708	1	1	7185564543	1	false	325	325	325	7185592643	7196466738
111fa685	709	1	1	7187198686	2	false	571	571	571	7187224359	7210616346
111fa685	710	1	1	7188332990	2	false	1051	1051	1051	7188359143	7224401687
111fa685	711	1	1	7190001959	2	false	607	607	607	7190028521	7210883873
111fa685	712	1	1	7190603773	2	false	807	807	807	7190628647	7217790269
111fa685	713	1	1	7195073051	1	false	814	814	814	7195098180	7224294695
111fa685	714	1	1	7196174966	1	false	593	593	593	7196207305	7216821532
111fa685	715	1	1	7196207305	1	false	797	797	797	7196234198	7223125960
111fa685	716	1	1	7198645222	1	false	660	660	660	7198670263	7221125138
111fa685	717	1	1	7199344472	1	false	747	747	747	7199371889	7224401687
111fa685	718	1	1	7201680385	1	false	501	501	501	7201706351	7218424008
111fa685	719	1	1	7205484109	1	false	567	567	567	7205517326	7224401687
111fa685	720	1	1	7205517326	1	false	478	478	478	7205544085	7223659060
111fa685	721	1	1	7206518044	1	false	533	533	533	7206544025	7224401687
111fa685	722	1	1	7209322297	1	false	351	352	351	7209347987	7223759472
111fa685	723	1	1	7210791857	1	false	388	388	388	7210815733	7224401687
e5adf7b2	512	1	1	9253296497	5	false	1295	1295	1295	9253600148	9332172500
e5adf7b2	513	1	1	9253332412	6	false	1926	1926	1926	9275878312	9361968431
e5adf7b2	514	1	1	9253332412	4	false	887	887	887	9286022842	9316087831
e5adf7b2	515	1	1	9253362498	8	false	3513	3513	3513	9253394344	9397507651
e5adf7b2	516	1	1	9253362498	7	false	2485	2485	2485	9275677635	9359467834
e5adf7b2	517	1	1	9253394344	3	false	888	888	888	9253428613	9306679922
e5adf7b2	518	1	1	9253394344	3	false	955	955	955	9276044931	9311284877
e5adf7b2	519	1	1	9253428613	4	false	967	967	967	9276579710	9391664238
e5adf7b2	520	1	1	9253428613	5	false	1659	1660	1659	9277113352	9332806272
e5adf7b2	521	1	1	9253462402	4	false	955	955	955	9278048558	9315220332
e5adf7b2	522	1	1	9253462402	3	false	770	770	770	9275744329	9301875071
e5adf7b2	523	1	1	9253499435	6	false	2038	2038	2038	9276579710	9354362172
e5adf7b2	524	1	1	9253499435	7	false	630	630	630	9253531396	9384695151
e5adf7b2	525	1	1	9253531396	2	false	113	113	113	9253565662	9288428553
e5adf7b2	526	1	1	9253531396	6	false	1354	1354	1354	9253565662	9357164337
e5adf7b2	527	1	1	9253565662	5	false	1565	1565	1565	9253600148	9327368411
e5adf7b2	528	1	1	9253565662	4	false	283	283	283	9253600148	9311284877
e5adf7b2	529	1	1	9253600148	4	false	957	957	957	9276345672	9308248367
e5adf7b2	530	1	1	9253600148	4	false	1283	1284	1283	9276278601	9319059437
e5adf7b2	531	1	1	9253634023	4	false	1123	1123	1123	9253668664	9312518118
e5adf7b2	532	1	1	9253634023	4	false	1059	1059	1059	9253668664	9309683271
e5adf7b2	533	1	1	9253668664	8	false	3307	3307	3307	9253695137	9391298007
e5adf7b2	534	1	1	9253668664	9	false	4090	4090	4090	9253695137	9411770474
e5adf7b2	535	1	1	9311925895	2	false	669	669	669	9311951652	9334675504
e5adf7b2	536	1	1	9316729168	5	false	2352	2352	2352	9316755940	9397541943
e5adf7b2	537	1	1	9317895897	2	false	879	879	879	9317923182	9350824989
e5adf7b2	538	1	1	9318331400	1	false	505	505	505	9318358353	9335175251
e5adf7b2	539	1	1	9318798119	3	false	1495	1495	1495	9318824625	9373414389
e5adf7b2	540	1	1	9319731844	1	false	452	452	452	9319760452	9335609958
e5adf7b2	541	1	1	9321335128	3	false	1708	1708	1708	9322028717	9386028630
e5adf7b2	542	1	1	9321368763	2	false	793	793	793	9321395084	9355130386
e5adf7b2	543	1	1	9322569447	1	false	371	371	371	9322596257	9335175251
e5adf7b2	544	1	1	9325272104	4	false	1757	1756	1756	9325300393	9395772003
e5adf7b2	545	1	1	9326173743	2	false	817	817	817	9326200111	9354997889
e5adf7b2	546	1	1	9329109863	3	false	1575	1575	1575	9329235686	9381956348
e5adf7b2	547	1	1	9337418353	2	false	475	475	475	9337444201	9353361753
e5adf7b2	548	1	1	9340120117	1	false	520	520	520	9340146734	9360502073
e5adf7b2	549	1	1	9342256156	1	false	374	374	374	9342282418	9354729550
e5adf7b2	550	1	1	9342857041	2	false	1179	1179	1179	9342882482	9383058720
e5adf7b2	551	1	1	9344725071	2	false	837	837	837	9344752082	9375384816
e5adf7b2	552	1	1	9345226086	1	false	324	324	324	9345419891	9356198775
e5adf7b2	553	1	1	9345259376	2	false	809	809	809	9345285650	9373514935
e5adf7b2	554	1	1	9345660966	1	false	389	389	389	9345987373	9359467834
e5adf7b2	555	1	1	9360874449	4	false	909	909	909	9360901318	9437096765
e5adf7b2	556	1	1	9363442877	2	false	1012	1012	1012	9363469449	9406282844
e5adf7b2	557	1	1	9364443359	2	false	744	744	744	9364470261	9389396947
e5adf7b2	558	1	1	9364777471	6	false	3254	3254	3254	9364804784	9484917709
e5adf7b2	559	1	1	9365044567	5	false	2915	2915	2915	9365070962	9463527021
e5adf7b2	560	1	1	9365178592	2	false	900	900	900	9365205389	9395908016
e5adf7b2	561	1	1	9366247073	1	false	528	528	528	9366272916	9383960643
e5adf7b2	562	1	1	9367215146	1	false	111	111	111	9367240730	9371479207
e5adf7b2	563	1	1	9369517258	6	false	3025	3024	3024	9369543305	9471835334
e5adf7b2	564	1	1	9370552065	5	false	2507	2507	2507	9370578923	9457379923
e5adf7b2	565	1	1	9372053759	3	false	965	965	965	9372080429	9405013487
e5adf7b2	566	1	1	9383466440	2	false	734	734	734	9383492351	9409134113
e5adf7b2	567	1	1	9384366734	4	false	2287	2287	2287	9384393720	9464531083
e5adf7b2	568	1	1	9385001255	6	false	3582	3582	3582	9385027597	9504834966
e5adf7b2	569	1	1	9385468940	3	false	1251	1251	1251	9385494293	9442900540
e5adf7b2	570	1	1	9392039130	3	false	1244	1244	1244	9392065761	9433725858
e5adf7b2	571	1	1	9393105637	3	false	1731	1731	1731	9393133443	9453047146
e5adf7b2	572	1	1	9393540412	2	false	950	950	950	9393567305	9426885530
e5adf7b2	573	1	1	9394044554	5	false	2169	2169	2169	9394070184	9475742168
e5adf7b2	574	1	1	9394743337	10	false	5179	5179	5179	9394768991	9572774981
e5adf7b2	575	1	1	9396081482	2	false	686	686	686	9396205896	9421880150
e5adf7b2	576	1	0	0	2	false	0	0	0	0	0
e5adf7b2	577	1	1	9399447961	11	false	6159	6159	6159	9399474513	9615584380
e5adf7b2	578	1	1	9401350370	1	false	450	450	450	9401376027	9416407840
e5adf7b2	579	1	0	0	2	false	0	0	0	0	0
e5adf7b2	580	1	1	9405822403	2	false	818	818	818	9405848380	9433592065
e5adf7b2	581	1	1	9405955612	2	false	864	864	864	9405982311	9435028281
e5adf7b2	582	1	1	9407592466	2	false	1161	1161	1161	9407616209	9448372472
e5adf7b2	583	1	1	9413446773	2	false	778	778	778	9413471482	9440601368
e5adf7b2	584	1	1	9416350105	7	false	3215	3215	3215	9416375463	9542073377
e5adf7b2	585	1	1	9419188283	1	false	132	132	132	9419211661	9425517269
e5adf7b2	586	1	1	9421822720	2	false	931	931	931	9421847171	9453009381
e5adf7b2	587	1	1	9426495616	2	false	401	401	401	9426518447	9447971207
e5adf7b2	588	1	1	9431564325	3	false	1191	1191	1191	9431590038	9475140131
e5adf7b2	589	1	1	9431933417	4	false	1677	1677	1677	9431957245	9492022896
e5adf7b2	590	1	1	9436973056	2	false	851	851	851	9436996703	9465530040
e5adf7b2	591	1	1	9443777460	3	false	1653	1653	1653	9443802037	9500964766
e5adf7b2	592	1	1	9445077310	2	false	1218	1217	1217	9445668956	9487555597
e5adf7b2	593	1	1	9447146314	5	false	2612	2612	2612	9447171397	9537436957
e5adf7b2	594	1	1	9450649217	1	false	398	398	398	9450674103	9463995142
e5adf7b2	595	1	1	9452583883	3	false	910	910	910	9452608916	9488588338
e5adf7b2	596	1	1	9452950623	3	false	1257	1257	1257	9453009381	9495725506
e5adf7b2	597	1	1	9454786591	4	false	1924	1924	1924	9454811053	9526159375
e5adf7b2	598	1	1	9458023883	2	false	1588	1588	1588	9458048368	9511074955
e5adf7b2	599	1	1	9458424124	1	false	359	359	359	9458449092	9470568044
e5adf7b2	600	1	1	9463068508	2	false	1278	1278	1278	9463101457	9506137489
e5adf7b2	601	1	1	9463101457	2	false	159	159	159	9463126753	9469098566
e5adf7b2	602	1	1	9467472567	2	false	433	433	433	9467498060	9493656653
e5adf7b2	603	1	1	9473611557	9	false	5073	5073	5073	9473636925	9645346367
e5adf7b2	604	1	1	9474045586	1	false	355	355	355	9474071043	9485952805
e5adf7b2	605	1	1	9474580519	2	false	527	527	527	9474605561	9492156470
e5adf7b2	606	1	1	9475580656	2	false	406	406	406	9475607261	9489123002
e5adf7b2	607	1	1	9481886545	3	false	499	498	498	9488722215	9532698793
e5adf7b2	608	1	1	9484456985	2	false	682	682	682	9484481942	9525391571
e5adf7b2	609	1	1	9485223856	0	false	0	1	0	0	0
e5adf7b2	610	1	1	9485792991	2	false	739	739	739	9485823389	9511208127
e5adf7b2	611	1	1	9494964563	1	false	337	337	337	9494991659	9506206081
e5adf7b2	612	1	1	9495999375	3	false	1120	1120	1120	9496026120	9534933985
e5adf7b2	613	1	1	9498669871	1	false	192	192	192	9498698141	9505736477
e5adf7b2	614	1	1	9499169777	6	false	3456	3455	3455	9499201986	9620253442
e5adf7b2	615	1	1	9502073007	4	false	1888	1888	1888	9502099259	9568605325
e5adf7b2	616	1	1	9502206947	1	false	349	349	349	9502232897	9513876426
e5adf7b2	617	1	1	9503708913	1	false	116	117	116	9503734832	9508106114
e5adf7b2	618	1	1	9505812420	2	false	879	879	879	9505836879	9536312407
e5adf7b2	619	1	1	9509213606	5	false	2576	2576	2576	9510106984	9599801426
e5adf7b2	620	1	1	9511017073	4	false	1367	1367	1367	9511041156	9576142837
e5adf7b2	621	1	1	9514884693	4	false	1386	1386	1386	9514912031	9575908937
e5adf7b2	622	1	1	9516188713	6	false	2532	2532	2532	9516255327	9608010840
e5adf7b2	623	1	1	9516255327	6	false	2316	2316	2316	9516281841	9631609560
e5adf7b2	624	1	1	9518158694	3	false	1563	1563	1563	9518185244	9571206688
e5adf7b2	625	1	1	9518326698	7	false	3082	3082	3082	9518351530	9664699179
e5adf7b2	626	1	1	9521127477	2	false	1036	1037	1036	9521153857	9557158805
e5adf7b2	627	1	1	9521294810	3	false	1907	1907	1907	9521321050	9585918937
e5adf7b2	628	1	0	0	2	false	0	0	0	0	0
e5adf7b2	629	1	1	9523930626	2	false	679	679	679	9524024011	9557424354
e5adf7b2	630	1	1	9530537841	4	false	1970	1970	1970	9530562649	9606675279
e5adf7b2	631	1	0	0	2	false	0	0	0	0	0
e5adf7b2	632	1	1	9535843601	2	false	6	6	6	9535868761	9536638231
e5adf7b2	633	1	1	9536211877	3	false	1141	1141	1141	9537170962	9587620593
e5adf7b2	634	1	1	9542748000	2	false	1137	1137	1137	9542774485	9581280897
e5adf7b2	635	1	1	9544985527	7	false	3430	3430	3430	9545010665	9671905304
e5adf7b2	636	1	1	9546353682	2	false	477	477	477	9546378368	9562663297
e5adf7b2	637	1	1	9547489321	8	false	680	680	680	9547514131	9667534194
e5adf7b2	638	1	1	9552126388	1	false	407	407	407	9552251055	9565833946
e5adf7b2	639	1	1	9567207478	2	false	872	872	872	9567233999	9596329612
e5adf7b2	640	1	1	9567643615	8	false	6	6	6	9567667951	9567838323
e5adf7b2	641	1	1	9575882866	3	false	1343	1343	1343	9575908937	9621554840
e5adf7b2	642	1	1	9576750370	4	false	1372	1372	1372	9576776877	9636271552
e5adf7b2	643	1	1	9578654023	1	false	126	126	126	9578677242	9598899728
e5adf7b2	644	1	1	9580854468	7	false	3699	3699	3699	9580880665	9712015555
e5adf7b2	645	1	1	9581255138	1	false	464	464	464	9581380994	9596897994
e5adf7b2	646	1	1	9582389415	2	false	198	198	198	9582415903	9589722882
e5adf7b2	647	1	1	9582823335	0	false	134	134	134	9582916751	9587420576
e5adf7b2	648	1	1	9585993726	2	false	878	878	878	9587253033	9617451668
e5adf7b2	649	1	1	9586193461	1	false	508	508	508	9586219767	9603639331
e5adf7b2	650	1	1	9591330881	1	false	316	316	316	9591357173	9601870351
e5adf7b2	651	1	1	9595970322	2	false	360	360	360	9595995762	9614450210
e5adf7b2	652	1	1	9597475818	2	false	455	455	455	9597499245	9612848529
e5adf7b2	653	1	1	9597675898	3	false	1353	1353	1353	9597703887	9643978245
e5adf7b2	654	1	1	9606383237	2	false	1178	1178	1178	9606409915	9645779933
e5adf7b2	655	1	1	9606950633	1	false	347	347	347	9606977381	9620253442
e5adf7b2	656	1	1	9608951481	2	false	959	959	959	9608977119	9642677171
e5adf7b2	657	1	1	9609852492	4	false	1944	1944	1944	9609877778	9677846206
e5adf7b2	658	1	1	9611956253	2	false	605	605	605	9611980836	9633301362
e5adf7b2	659	1	1	9613723757	6	false	501	501	501	9613750057	9721957647
e5adf7b2	660	1	1	9616726549	3	false	927	927	927	9616852578	9648281077
e5adf7b2	661	1	1	9618094316	6	false	3518	3518	3518	9618119346	9736073615
e5adf7b2	662	1	1	9622896455	8	false	3956	3956	3956	9622922120	9769769473
e5adf7b2	663	1	1	9624498712	5	false	2599	2598	2598	9624524934	9716253153
e5adf7b2	664	1	1	9625632863	1	false	379	379	379	9625658176	9638340168
e5adf7b2	665	1	1	9625866669	2	false	1157	1157	1157	9625992149	9666834637
e5adf7b2	666	1	1	9627501837	2	false	929	929	929	9627526966	9659394334
e5adf7b2	667	1	1	9630306626	7	false	2686	2686	2686	9630339751	9746079699
e5adf7b2	668	1	1	9630339751	1	false	373	373	373	9630364326	9642776350
e5adf7b2	669	1	1	9631609560	3	false	1333	1333	1333	9631640458	9678812513
e5adf7b2	670	1	1	9641682780	1	false	569	569	569	9641909377	9660864764
e5adf7b2	671	1	1	9643351477	2	false	956	956	956	9643678366	9677144610
e5adf7b2	672	1	1	9646321614	1	false	531	531	531	9646348230	9665467616
e5adf7b2	673	1	1	9648389630	1	false	526	526	526	9648415291	9666200992
e5adf7b2	674	1	1	9652725491	1	false	165	165	165	9652752172	9658627740
e5adf7b2	675	1	1	9652859637	2	false	583	583	583	9652886030	9672338905
e5adf7b2	676	1	1	9654031250	1	false	280	280	280	9654055206	9663799774
e5adf7b2	677	1	1	9655397455	3	false	1208	1208	1208	9655422989	9696398973
e5adf7b2	678	1	1	9655832848	5	false	1610	1610	1610	9655857761	9734872249
e5adf7b2	679	1	1	9658334974	2	false	1012	1012	1012	9658460208	9692228144
e5adf7b2	680	1	1	9668708938	4	false	2083	2083	2083	9668735841	9741042578
e5adf7b2	681	1	1	9669442502	1	false	405	406	405	9670070279	9683550285
e5adf7b2	682	1	1	9670945072	2	false	429	429	429	9671037890	9685619172
e5adf7b2	683	1	1	9674148918	2	false	718	718	718	9674674782	9698666709
e5adf7b2	684	1	1	9674782998	2	false	738	738	738	9674808968	9700269543
e5adf7b2	685	1	1	9675517766	3	false	839	839	839	9675543246	9716552164
e5adf7b2	686	1	1	9676251968	2	false	709	709	709	9676745231	9700369588
e5adf7b2	687	1	1	9676886913	3	false	1126	1126	1126	9676911147	9715051558
e5adf7b2	688	1	1	9681957021	2	false	1106	1106	1106	9682048893	9719188326
e5adf7b2	689	1	1	9682391152	1	false	155	155	155	9682616708	9701470217
e5adf7b2	690	1	1	9687195590	3	false	1320	1320	1320	9688422253	9732436284
e5adf7b2	691	1	1	9687929566	2	false	1045	1045	1045	9687954995	9723625544
e5adf7b2	692	1	1	9688898224	3	false	1334	1334	1334	9688924077	9737408098
e5adf7b2	693	1	1	9693603646	3	false	321	321	321	9693996815	9734104115
e5adf7b2	694	1	1	9702310940	1	false	534	534	534	9702337263	9720323456
e5adf7b2	695	1	1	9706446648	3	false	1611	1611	1611	9706473173	9761494883
e5adf7b2	696	1	0	0	3	false	0	0	0	0	0
e5adf7b2	697	1	1	9708751044	2	false	515	515	515	9708777665	9736640495
e5adf7b2	698	1	1	9710319640	2	false	966	966	966	9710346235	9743545735
e5adf7b2	699	1	1	9710420112	3	false	1463	1463	1463	9710453560	9759428403
e5adf7b2	700	1	1	9710453560	4	false	1800	1800	1800	9710479992	9774942316
e5adf7b2	701	1	1	9711555115	2	false	968	968	968	9711580966	9743944756
e5adf7b2	702	1	0	0	3	false	0	0	0	0	0
e5adf7b2	703	1	1	9717028327	3	false	1419	1419	1419	9717053124	9764631648
e5adf7b2	704	1	1	9722063800	1	false	385	385	385	9722159717	9734972591
e5adf7b2	705	1	1	9725100001	1	false	441	441	441	9725126102	9741876165
e5adf7b2	706	1	1	9726301979	4	false	1929	1929	1929	9726328562	9793158842
e5adf7b2	707	1	1	9726602819	2	false	539	539	539	9726628213	9752719719
e5adf7b2	708	1	1	9729238700	2	false	1034	1034	1034	9729332366	9763997219
e5adf7b2	709	1	1	9730406484	3	false	1445	1445	1445	9730432005	9783384790
e5adf7b2	710	1	1	9732043190	2	false	581	581	581	9732068299	9751418304
e5adf7b2	711	1	1	9733677992	3	false	1542	1542	1542	9733703773	9785520128
e5adf7b2	712	1	1	9742483664	1	false	453	453	453	9742509592	9758327149
e5adf7b2	713	1	1	9744150743	1	false	2	2	2	9744178541	9744211451
e5adf7b2	714	1	1	9744919714	2	false	1220	1220	1220	9744945896	9785620345
e5adf7b2	715	1	1	9746154995	1	false	626	626	626	9746181055	9767034432
e5adf7b2	716	1	1	9746688144	3	false	1368	1368	1368	9746748665	9793264236
e5adf7b2	717	1	1	9747488184	3	false	1121	1121	1121	9747514510	9792190830
e5adf7b2	718	1	1	9748225540	2	false	945	945	945	9748249220	9779881237
e5adf7b2	719	1	1	9751093373	2	false	906	906	906	9751121092	9785687121
e5adf7b2	720	1	1	9751961075	1	false	372	372	372	9751986792	9765065942
e5adf7b2	721	1	1	9753629952	2	false	771	771	771	9753655000	9781749805
e5adf7b2	722	1	1	9753995736	2	false	643	643	643	9754022600	9777713420
e5adf7b2	723	1	1	9756132503	3	false	118	118	118	9756157819	9760227091
e5adf7b2	724	1	1	9761470186	2	false	245	245	245	9761494883	9769636261
e5adf7b2	725	1	1	9762770467	2	false	699	699	699	9762796569	9793057683
e5adf7b2	726	1	1	9768407647	2	false	531	531	531	9768435231	9793264236
e5adf7b2	727	1	1	9769476598	1	false	242	242	242	9769502085	9777713420
e5adf7b2	728	1	1	9771544624	2	false	599	599	599	9771571295	9793264236
e5adf7b2	729	1	1	9774049719	2	false	573	573	573	9774075073	9793264236
e5adf7b2	730	1	1	9774684065	1	false	353	353	353	9774710056	9786487946
e5adf7b2	731	1	1	9775118300	1	false	388	388	388	9775144746	9788756145
e5adf7b2	732	1	1	9777125232	2	false	343	343	343	9777146438	9789022436
e5adf7b2	733	1	1	9779822003	1	false	383	383	383	9780482609	9793264236
e5adf7b2	734	1	1	9784993596	1	false	90	90	90	9785020343	9787988556
60ae07c4	512	1	1	15059812731	2	false	510	511	510	15059831516	15090076947
60ae07c4	513	1	1	15059831516	4	false	2248	2248	2248	15059845873	15119587825
60ae07c4	514	1	1	15059845873	2	false	828	828	828	15059862693	15094996952
60ae07c4	515	1	1	15059862693	3	false	1574	1574	1574	15059879756	15107376212
60ae07c4	516	1	1	15059879756	3	false	2124	2124	2124	15059896451	15116836007
60ae07c4	517	1	1	15059896451	3	false	0	0	0	0	0
60ae07c4	518	1	1	15059913030	3	false	1145	1145	1145	15059930675	15100536061
60ae07c4	519	1	1	15059930675	3	false	2140	2141	2140	15059945023	15116935637
60ae07c4	520	1	0	0	1	false	0	0	0	0	0
60ae07c4	521	1	1	15100122441	3	false	2709	2708	2708	15100136333	15145597257
60ae07c4	522	1	1	15105043342	3	false	2196	2196	2196	15105057190	15141927979
60ae07c4	523	1	1	15110581668	1	false	949	950	949	15111196394	15129814993
60ae07c4	524	1	1	15117421591	2	false	1395	1395	1395	15117435941	15141927979
60ae07c4	525	1	1	15117622130	1	false	656	656	656	15117636261	15128596948
60ae07c4	526	1	1	15126881476	3	false	2674	2674	2674	15126895579	15171523348
60ae07c4	527	1	1	15126982587	6	false	5536	5536	5536	15127612779	15226728992
60ae07c4	528	1	1	15129635241	2	false	1798	1798	1798	15130182575	15160196173
60ae07c4	529	1	1	15138643563	2	false	1511	1512	1511	15138657135	15164166950
60ae07c4	530	1	1	15139861643	5	false	4646	4646	4646	15139875212	15218154136
60ae07c4	531	1	1	15151973675	1	false	1252	1252	1252	15151990136	15172858302
60ae07c4	532	1	1	15151990136	0	false	211	211	211	15152037855	15155541057
60ae07c4	533	1	1	15155644147	3	false	3652	3652	3652	15156142060	15217136672
60ae07c4	534	1	1	15165586740	2	false	1151	1151	1151	15165600864	15184803689
60ae07c4	535	1	1	15170242081	1	false	1124	1125	1124	15170255571	15189792359
60ae07c4	536	1	1	15174213121	1	false	1102	1102	1102	15174226863	15193179417
60ae07c4	537	1	1	15181569809	1	false	642	642	642	15181583740	15192361981
60ae07c4	538	1	1	15182904816	3	false	2148	2148	2148	15182985941	15218804288
60ae07c4	539	1	1	15194850301	1	false	933	933	933	15194864107	15210413134
60ae07c4	540	1	1	15199838459	4	false	3546	3546	3546	15200352698	15261318042
60ae07c4	541	1	1	15202407829	1	false	504	504	504	15202538629	15210930328
60ae07c4	542	1	1	15203226030	2	false	885	885	885	15203239173	15218121363
60ae07c4	543	1	1	15220458594	1	false	972	972	972	15220472680	15236705425
60ae07c4	544	1	1	15220976308	2	false	1546	1546	1546	15220990025	15246866536
60ae07c4	545	1	1	15227183053	2	false	604	604	604	15227796724	15237857052
60ae07c4	546	1	1	15228167175	1	false	1651	1652	1651	15228530875	15256059452
60ae07c4	547	1	1	15228200642	1	false	1464	1464	1464	15228965047	15253372784
60ae07c4	548	1	1	15228850998	2	false	2203	2203	2203	15228864638	15266109793
60ae07c4	549	1	1	15236775934	4	false	4545	4545	4545	15236789184	15315376215
60ae07c4	550	1	1	15246752193	3	false	1399	1399	1399	15246765823	15279174475
60ae07c4	551	1	1	15247903029	4	false	3751	3750	3750	15247916937	15311022775
60ae07c4	552	1	1	15256912553	3	false	3176	3177	3175	15256926153	15310455093
60ae07c4	553	1	1	15263422602	1	false	804	804	804	15263436773	15277621471
60ae07c4	554	1	1	15266109793	1	false	594	594	594	15266127355	15276370735
60ae07c4	555	1	1	15271365208	1	false	944	944	944	15271378994	15287531584
60ae07c4	556	1	1	15276157518	3	false	3290	3290	3290	15276171020	15333011502
60ae07c4	557	1	1	15286416879	1	false	585	585	585	15286947786	15296690802
60ae07c4	558	1	1	15287667826	3	false	2405	2405	2405	15287681626	15328273577
60ae07c4	559	1	1	15289219999	0	false	0	0	0	0	0
60ae07c4	560	1	1	15297579342	1	false	613	613	613	15297592337	15307819241
60ae07c4	561	1	0	0	2	false	0	0	0	0	0
60ae07c4	562	1	1	15306737606	1	false	618	618	618	15306751060	15317411290
60ae07c4	563	1	1	15307872334	2	false	1330	1330	1330	15307935921	15330108849
60ae07c4	564	1	1	15317864889	2	false	1230	1231	1230	15317878702	15338516017
60ae07c4	565	1	1	15320501013	1	false	866	866	866	15320514443	15335429718
60ae07c4	566	1	1	15321069018	1	false	844	844	844	15321115869	15335563226
60ae07c4	567	1	1	15325423172	2	false	1421	1421	1421	15325436767	15349327204
60ae07c4	568	1	1	15327458449	2	false	1424	1424	1424	15327472172	15351245604
60ae07c4	569	1	1	15338318592	1	false	731	731	731	15338950081	15351129682
60ae07c4	570	1	1	15340154670	1	false	748	748	748	15340168611	15352630281
60ae07c4	571	1	1	15343056833	1	false	571	571	571	15343071122	15352597221
60ae07c4	572	1	1	15345475960	3	false	2244	2246	2244	15345489546	15382944044
60ae07c4	573	1	1	15345609229	1	false	654	653	653	15345656485	15356550122
60ae07c4	574	1	1	15348562577	2	false	2119	2119	2119	15348576385	15383911470
60ae07c4	575	1	1	15359373523	4	false	3619	3619	3619	15359386726	15422867849
60ae07c4	576	1	1	15361174999	3	false	3170	3170	3170	15361188600	15414526749
60ae07c4	577	1	1	15361291773	2	false	1601	1601	1601	15361305329	15388332746
60ae07c4	578	1	1	15362642769	2	false	1822	1822	1822	15362723760	15393121391
60ae07c4	579	1	1	15362676265	1	false	678	678	678	15362690238	15373985916
60ae07c4	580	1	1	15366597510	3	false	2144	2144	2144	15367112107	15403215215
60ae07c4	581	1	1	15384032313	2	false	1370	1370	1370	15384045563	15406918523
60ae07c4	582	1	1	15392990275	2	false	1578	1578	1578	15393105460	15419414376
60ae07c4	583	1	1	15393957512	1	false	1275	1275	1275	15393971771	15415779404
60ae07c4	584	1	1	15398380333	2	false	1807	1807	1807	15398393728	15428756833
60ae07c4	585	1	1	15403168436	2	false	1251	1251	1251	15403849583	15424702645
60ae07c4	586	1	1	15413261760	2	false	2115	2115	2115	15413876204	15449145311
60ae07c4	587	1	1	15416965395	1	false	780	780	780	15416979405	15429975980
60ae07c4	588	1	1	15424572482	2	false	1137	1137	1137	15424585976	15443955917
60ae07c4	589	1	1	15425824179	2	false	1427	1427	1427	15425837716	15450029362
60ae07c4	590	1	1	15429460415	1	false	1001	1001	1001	15429474512	15446209326
60ae07c4	591	1	1	15432914936	1	false	1012	1012	1012	15432928450	15450379389
60ae07c4	592	1	1	15434749385	1	false	689	689	689	15434763108	15446242150
60ae07c4	593	1	1	15438804540	2	false	2352	2352	2352	15438817651	15478423357
60ae07c4	594	1	1	15440023420	2	false	2519	2519	2519	15440086501	15484195177
60ae07c4	595	1	1	15454001661	1	false	1050	1050	1050	15454015602	15471818174
60ae07c4	596	1	1	15456253685	1	false	1249	1249	1249	15456267933	15477222780
60ae07c4	597	1	1	15456287022	1	false	1386	1386	1386	15456301196	15479457475
60ae07c4	598	1	1	15459191172	1	false	1335	1334	1334	15459521249	15481776536
60ae07c4	599	1	1	15460075378	1	false	537	537	537	15460340690	15469281469
60ae07c4	600	1	1	15460426093	1	false	781	781	781	15460439236	15473769173
60ae07c4	601	1	1	15486253115	2	false	1253	1253	1253	15486271181	15510592227
60ae07c4	602	1	1	15486271181	4	false	3471	3471	3471	15486284977	15550415409
60ae07c4	603	1	1	15486336961	2	false	777	777	777	15486353423	15502234283
60ae07c4	604	1	1	15486353423	2	false	647	647	647	15486368768	15500182648
60ae07c4	605	1	1	15486720096	2	false	1590	1590	1590	15486735304	15516631742
60ae07c4	606	1	1	15486755221	2	false	813	813	813	15486768807	15502800915
60ae07c4	607	1	1	15486787552	3	false	2163	2162	2162	15486804754	15526124948
60ae07c4	608	1	1	15486804754	3	false	1888	1888	1888	15488369675	15521203681
60ae07c4	609	1	1	15510228389	2	false	1760	1760	1760	15510291830	15539638684
60ae07c4	610	1	1	15512280425	1	false	1322	1322	1322	15512293958	15534383518
60ae07c4	611	1	1	15512847638	2	false	2052	2052	2052	15512861406	15547679731
60ae07c4	612	1	1	15520638623	1	false	770	771	770	15520685683	15533515616
60ae07c4	613	1	1	15526678241	1	false	268	268	268	15526691511	15531563511
60ae07c4	614	1	1	15531250660	1	false	1487	1487	1487	15531463390	15556454756
60ae07c4	615	1	1	15536172704	1	false	662	662	662	15536568502	15547597744
60ae07c4	616	1	1	15541610377	2	false	1340	1340	1340	15541840950	15564362832
60ae07c4	617	1	1	15543561590	2	false	1117	1117	1117	15543575394	15562427816
60ae07c4	618	1	1	15544430524	3	false	2271	2271	2271	15544443280	15583349099
60ae07c4	619	1	1	15549684839	1	false	711	711	711	15549748784	15561593610
60ae07c4	620	1	1	15557642472	2	false	2134	2134	2134	15557656192	15593458745
60ae07c4	621	1	1	15557726009	1	false	738	738	738	15557840152	15570135979
60ae07c4	622	1	1	15560462018	3	false	2805	2805	2805	15560475925	15607423540
60ae07c4	623	1	1	15566501050	4	false	3205	3205	3205	15566514644	15621336955
60ae07c4	624	1	1	15571640224	1	false	1018	1018	1018	15571653834	15588904393
60ae07c4	625	1	1	15572474264	1	false	1014	1014	1014	15573005548	15589905217
60ae07c4	626	1	1	15574409011	2	false	1796	1796	1796	15574422913	15604620422
60ae07c4	627	1	1	15580183306	3	false	2905	2905	2905	15580196385	15629345429
60ae07c4	628	1	1	15593394906	1	false	563	563	563	15593408550	15602784942
60ae07c4	629	1	1	15598951616	1	false	845	845	845	15598965201	15613062104
60ae07c4	630	1	1	15599951734	1	false	495	495	495	15599965895	15608891497
60ae07c4	631	1	1	15603505493	1	false	480	480	480	15603520040	15611627211
60ae07c4	632	1	1	15612831230	2	false	1886	1887	1886	15612845047	15644310431
60ae07c4	633	1	1	15614666252	4	false	4592	4592	4592	15615014346	15691675960
60ae07c4	634	1	1	15617469081	2	false	1828	1828	1828	15617482668	15649999624
60ae07c4	635	1	1	15618938277	2	false	1758	1758	1758	15618952041	15648747998
60ae07c4	636	1	1	15621674192	2	false	1844	1844	1844	15621687554	15653468978
60ae07c4	637	1	1	15623109400	1	false	616	616	616	15623123023	15633799827
60ae07c4	638	1	1	15631383730	1	false	922	922	922	15631397346	15646980301
60ae07c4	639	1	1	15639391073	4	false	3454	3454	3454	15639405041	15700718269
60ae07c4	640	1	1	15643847324	2	false	1834	1834	1834	15643860971	15674825871
60ae07c4	641	1	1	15654357377	1	false	872	873	872	15654370319	15669553747
60ae07c4	642	1	1	15657027188	2	false	1349	1349	1349	15657340199	15680215035
60ae07c4	643	1	1	15658794982	1	false	638	638	638	15658807825	15669988180
60ae07c4	644	1	1	15660046551	2	false	2253	2253	2253	15660093229	15697681804
60ae07c4	645	1	1	15663517823	5	false	4531	4531	4531	15663531789	15743043991
60ae07c4	646	1	1	15679599491	3	false	2935	2935	2935	15679613533	15731482036
60ae07c4	647	1	1	15680034952	1	false	410	410	410	15680081556	15686904197
60ae07c4	648	1	1	15684872118	2	false	1076	1076	1076	15684885536	15704305019
60ae07c4	649	1	1	15690261810	1	false	756	756	756	15691042918	15704089187
60ae07c4	650	1	1	15696951180	4	false	3698	3698	3698	15696964707	15759543885
60ae07c4	651	1	1	15701722405	2	false	1205	1205	1205	15701735927	15722439925
60ae07c4	652	1	1	15707728157	6	false	5994	5993	5993	15707741694	15808442886
60ae07c4	653	1	1	15710763989	1	false	1038	1038	1038	15710778227	15728129436
60ae07c4	654	1	1	15714135743	2	false	2113	2113	2113	15714332002	15749834403
60ae07c4	655	1	1	15714351656	1	false	1071	1071	1071	15714365373	15732216461
60ae07c4	656	1	1	15732485562	3	false	3504	3504	3504	15732499452	15791309041
60ae07c4	657	1	1	15738176056	1	false	657	657	657	15738289676	15749233797
60ae07c4	658	1	1	15741528083	1	false	641	641	641	15741675566	15752370046
60ae07c4	659	1	1	15742262964	4	false	3723	3723	3723	15742276417	15804722347
60ae07c4	660	1	1	15753090421	1	false	704	704	704	15753921997	15765649688
60ae07c4	661	1	1	15759279941	1	false	521	521	521	15759293580	15768569532
60ae07c4	662	1	1	15759881091	1	false	491	491	491	15759894314	15768636202
60ae07c4	663	1	1	15762416333	2	false	1039	1039	1039	15762430292	15779747275
60ae07c4	664	1	1	15769589604	0	false	436	436	436	15769603469	15776861429
60ae07c4	665	1	1	15775695927	2	false	1315	1315	1315	15776260553	15800001111
60ae07c4	666	1	1	15778615829	1	false	1024	1024	1024	15778629709	15796380919
60ae07c4	667	1	1	15778682990	2	false	2113	2113	2113	15779247005	15815033249
60ae07c4	668	1	1	15786908210	2	false	994	994	994	15786921923	15803854960
60ae07c4	669	1	1	15789793744	2	false	1853	1853	1853	15789807372	15820989552
60ae07c4	670	1	1	15801354643	2	false	1069	1069	1069	15801369133	15819403529
60ae07c4	671	1	1	15806426879	2	false	1437	1437	1437	15806440616	15830464680
60ae07c4	672	1	1	15810047832	1	false	1027	1026	1026	15810061119	15827895897
60ae07c4	673	1	1	15813901798	3	false	2702	2702	2702	15813914908	15859377658
60ae07c4	674	1	1	15814769524	1	false	460	460	460	15814782897	15822440068
60ae07c4	675	1	1	15818489602	3	false	2899	2900	2899	15818502558	15867368226
60ae07c4	676	1	1	15825079589	2	false	1314	1314	1314	15815533227	15847565038
60ae07c4	677	1	1	15829450093	1	false	758	758	758	15829463645	15842460207
60ae07c4	678	1	1	15831035840	0	false	402	402	402	15831048756	15837788914
60ae07c4	679	1	1	15832486960	2	false	1467	1467	1467	15832550294	15857042125
60ae07c4	680	1	1	15837943012	2	false	1176	1176	1176	15837955988	15858559641
60ae07c4	681	1	1	15840510953	2	false	1083	1083	1082	15840524939	15858726502
60ae07c4	682	1	1	15847835893	2	false	1147	1147	1147	15847848690	15867251871
60ae07c4	683	1	1	15852506336	1	false	1123	1123	1123	15852519923	15871455335
60ae07c4	684	1	1	15857611455	1	false	442	442	442	15858176611	15871488599
a521164d	512	1	1	1047303876	4	false	970	971	970	1064681834	1112282615
a521164d	513	1	1	1047376079	3	false	774	774	774	1064848593	1090653283
a521164d	514	1	1	1047376079	3	false	779	779	779	1064882074	1092719815
a521164d	515	1	1	1047431937	4	false	74	75	74	1065215620	1067657389
a521164d	516	1	1	1047431937	4	false	1532	1532	1532	1072694062	1123877048
a521164d	517	1	1	1047431937	3	false	333	333	333	1047493429	1085113540
a521164d	518	1	1	1047431937	5	false	1791	1791	1791	1065816832	1141857946
a521164d	519	1	1	1047493429	7	false	1486	1484	1484	1047512953	1183803546
a521164d	520	1	1	1047493429	5	false	2162	2162	2162	1047512953	1147694433
a521164d	521	1	1	1047493429	4	false	436	436	436	1047512953	1079403062
a521164d	522	1	1	1047512953	5	false	18	18	18	1138372659	1138941903
a521164d	523	1	1	1047512953	8	false	3193	3193	3193	1065181737	1197254503
a521164d	524	1	1	1047512953	3	false	1123	1123	1123	1065317172	1292262441
a521164d	525	1	1	1047544239	5	false	1572	1572	1572	1047591875	1147428458
a521164d	526	1	1	1047544239	4	false	1432	1432	1432	1047591875	1111642535
a521164d	527	1	1	1047591875	3	false	548	548	548	1047727733	1096255741
a521164d	528	1	1	1047591875	4	false	826	826	826	1065983509	1115460636
a521164d	529	1	1	1047727733	4	false	1673	1673	1673	1047728132	1119269623
a521164d	530	1	1	1047727733	4	false	78	78	78	1047728132	1067254833
a521164d	531	1	1	1047727733	4	false	1225	1225	1225	1047728132	1110872544
a521164d	532	1	1	1047728132	6	false	846	846	846	1047769833	1153300954
a521164d	533	1	1	1047728132	4	false	1401	1401	1401	1047769833	1118498644
a521164d	534	1	1	1047728132	5	false	2091	2090	2090	1047769833	1139209137
a521164d	535	1	1	1100722481	3	false	983	982	982	1100728212	1164815918
a521164d	536	1	1	1102804687	1	false	521	521	521	1102829944	1120840738
a521164d	537	1	1	1106340306	3	false	1198	1198	1198	1106768431	1150365708
a521164d	538	1	1	1109898456	1	false	452	452	452	1109939011	1125111252
a521164d	539	1	1	1116895926	3	false	1343	1343	1343	1116896100	1162411567
a521164d	540	1	1	1120976693	2	false	1056	1056	1056	1120976925	1164246204
a521164d	541	1	1	1121748631	2	false	903	903	903	1121774291	1153067675
a521164d	542	1	1	1121913337	2	false	464	464	464	1121973618	1153738428
a521164d	543	1	1	1121973618	3	false	1129	1129	1129	1121973804	1173323604
a521164d	544	1	1	1122348438	2	false	1079	1079	1079	1122374784	1159643347
a521164d	545	1	1	1122909402	2	false	1039	1039	1039	1122909829	1158409543
a521164d	546	1	1	1127487377	2	false	896	897	896	1127512783	1161578318
a521164d	547	1	1	1128561579	2	false	337	337	337	1128585747	1140215824
a521164d	548	1	1	1129331092	2	false	585	585	585	1129392317	1150467006
a521164d	549	1	1	1130901913	7	false	3732	3732	3732	1130926313	1261539781
a521164d	550	1	1	1133967501	2	false	563	563	563	1133967749	1152733288
a521164d	551	1	1	1138558864	3	false	1008	1008	1008	1138574127	1173556795
a521164d	552	1	1	1149286481	6	false	3168	3168	3168	1149297413	1258534627
a521164d	553	1	1	1149794884	5	false	4	4	4	1149799222	1149898849
a521164d	554	1	1	1151907922	1	false	562	562	562	1152168176	1170888587
a521164d	555	1	1	1157509263	4	false	1891	1891	1891	1158275768	1227931366
a521164d	556	1	1	1157772023	2	false	997	998	997	1157776361	1191611350
a521164d	557	1	1	1160418864	2	false	1599	1599	1599	1160443868	1216036376
a521164d	558	1	1	1160551611	3	false	1677	1677	1677	1160577222	1216937465
a521164d	559	1	1	1162816357	2	false	1300	1301	1300	1164851618	1208444609
a521164d	560	1	1	1163151738	2	false	1114	1114	1114	1163179864	1204810855
a521164d	561	1	1	1163413941	4	false	1650	1651	1650	1163414119	1224752374
a521164d	562	1	1	1163820723	8	false	4354	4354	4354	1164414249	1327077875
a521164d	563	1	1	1167056443	3	false	1263	1263	1263	1167084490	1210082552
a521164d	564	1	1	1168458005	2	false	853	853	853	1168484005	1199221114
a521164d	565	1	1	1169725646	7	false	3419	3419	3419	1170119584	1301308999
a521164d	566	1	1	1171630112	3	false	702	702	702	1171657015	1221215384
a521164d	567	1	1	1172463858	2	false	511	511	511	1173525157	1190910731
a521164d	568	1	1	1174360520	2	false	662	663	662	1174360707	1197421816
a521164d	569	1	1	1174867842	8	false	3100	3100	3100	1174892940	1325010795
a521164d	570	1	1	1182208618	5	false	707	707	707	1257531219	1281336342
a521164d	571	1	1	1183408529	3	false	1378	1378	1378	1183602800	1229900665
a521164d	572	1	1	1183643821	3	false	788	788	788	1183669716	1241350605
a521164d	573	1	0	0	2	false	0	0	0	0	0
a521164d	574	1	0	0	2	false	0	0	0	0	0
a521164d	575	1	1	1193914797	5	false	1649	1649	1649	1193915025	1273787804
a521164d	576	1	1	1201003537	1	false	428	428	428	1202043041	1216304124
a521164d	577	1	1	1201681372	2	false	595	595	595	1201709679	1223417487
a521164d	578	1	1	1207316946	3	false	1541	1542	1541	1207342663	1261239223
a521164d	579	1	1	1207483022	3	false	1085	1085	1085	1207509566	1249486917
a521164d	580	1	1	1209315764	2	false	110	110	110	1198219267	1212951702
a521164d	581	1	1	1213662521	8	false	4129	4128	4128	1213687371	1360244494
a521164d	582	1	1	1214903142	2	false	212	212	212	1214968642	1234203649
a521164d	583	1	1	1218541789	3	false	1135	1135	1135	1218542069	1257933180
a521164d	584	1	1	1220183856	3	false	255	255	255	1220184803	1246306017
a521164d	585	1	1	1226129542	7	false	457	457	457	1226182476	1247488027
a521164d	586	1	1	1226365174	3	false	1449	1449	1449	1226392323	1283775635
a521164d	587	1	1	1227027010	2	false	859	859	859	1227027226	1255827627
a521164d	588	1	1	1231292946	3	false	1410	1410	1410	1231302588	1287984814
a521164d	589	1	1	1238004762	3	false	917	917	917	1238008331	1281708166
a521164d	590	1	1	1244361690	0	false	169	171	169	1244361950	1250455119
a521164d	591	1	1	1246267642	1	false	528	528	528	1246272845	1264673559
a521164d	592	1	1	1251458364	2	false	812	812	812	1251525119	1278697791
a521164d	593	1	1	1252158777	1	false	319	319	319	1252159553	1263242740
a521164d	594	1	1	1256482697	7	false	3598	3598	3598	1256504821	1380284029
a521164d	595	1	1	1256504821	7	false	3220	3220	3220	1256534059	1380683220
a521164d	596	1	1	1259575513	2	false	518	518	518	1259599790	1277631040
a521164d	597	1	1	1265882931	5	false	1877	1876	1876	1265908323	1329981113
a521164d	598	1	1	1267984825	3	false	1585	1585	1585	1268010737	1326042658
a521164d	599	1	1	1268589243	2	false	1125	1125	1125	1268612358	1306714899
a521164d	600	1	1	1271322917	6	false	2890	2892	2890	1271347757	1373911732
a521164d	601	1	1	1271649996	2	false	995	995	995	1271650188	1304881366
a521164d	602	1	1	1273330642	2	false	552	552	552	1274389009	1292829996
a521164d	603	1	1	1274741378	5	false	1722	1722	1722	1274758310	1333086871
a521164d	604	1	1	1283875769	2	false	746	746	746	1283878201	1316260219
a521164d	605	1	1	1285714429	1	false	307	307	307	1285714627	1298470151
a521164d	606	1	1	1287691878	1	false	455	455	455	1287718993	1305046200
a521164d	607	1	1	1288785575	2	false	800	800	800	1288819531	1315694822
a521164d	608	1	1	1289765746	2	false	738	739	738	1290691075	1315393062
a521164d	609	1	1	1291669184	1	false	196	196	196	1292496147	1299004844
a521164d	610	1	1	1291771712	5	false	2536	2536	2536	1291799144	1386384301
a521164d	611	1	1	1292797699	5	false	2610	2610	2610	1292797962	1387150367
a521164d	612	1	1	1293863503	2	false	716	716	716	1293863686	1320802743
a521164d	613	1	1	1298069010	4	false	699	699	699	1298069193	1331982101
a521164d	614	1	1	1302911596	1	false	247	247	247	1305313069	1313755095
a521164d	615	1	1	1308582882	3	false	689	689	689	1308583131	1332149925
a521164d	616	1	1	1311420712	4	false	1144	1145	1144	1311421199	1360044672
a521164d	617	1	1	1314952302	4	false	1762	1762	1762	1314960101	1384585826
a521164d	618	1	1	1315099491	3	false	1032	1032	1032	1315124631	1352258115
a521164d	619	1	1	1316799080	4	false	1606	1606	1606	1316799284	1373073401
a521164d	620	1	1	1325448635	2	false	369	369	369	1325473050	1354278097
a521164d	621	1	1	1325751639	2	false	349	349	349	1325842464	1337473691
a521164d	622	1	1	1326319630	3	false	708	708	708	1326343004	1350231314
a521164d	623	1	1	1330892114	2	false	403	403	403	1331781382	1348939030
a521164d	624	1	1	1335088687	3	false	655	655	655	1335088922	1380683220
a521164d	625	1	1	1336161191	2	false	132	132	132	1336174793	1340713625
a521164d	626	1	1	1336161191	2	false	460	461	460	1336174793	1353997485
a521164d	627	1	0	0	2	false	0	1	0	0	0
a521164d	628	1	1	1337173345	3	false	436	436	436	1337173592	1373743723
a521164d	629	1	1	1340083163	2	false	1356	1356	1356	1340115264	1387150367
a521164d	630	1	0	0	2	false	0	0	0	0	0
a521164d	631	1	1	1346361790	1	false	5	5	5	1346389407	1346524154
a521164d	632	1	1	1347627214	1	false	255	255	255	1347635873	1356119638
a521164d	633	1	1	1350805065	1	false	373	373	373	1350810545	1363915346
a521164d	634	1	1	1355556096	2	false	270	270	270	1355585845	1365020602
a521164d	635	1	1	1356531644	2	false	822	822	822	1356965187	1387150367
a521164d	636	1	1	1362187750	1	false	681	681	681	1362215925	1385685668
a521164d	637	1	1	1362322337	1	false	70	70	70	1362348535	1369627062
a521164d	638	1	1	1362523569	1	false	394	394	394	1362550447	1382383560
a521164d	639	1	1	1364057112	1	false	207	207	207	1364084341	1384884809
a521164d	640	1	1	1364386370	1	false	131	131	131	1364386551	1368759338
a521164d	641	1	1	1366216613	1	false	326	326	326	1366221719	1382516559
a521164d	642	1	1	1370331014	1	false	487	488	487	1370807077	1387150367
a521164d	643	1	1	1373989261	1	false	382	382	382	1374017361	1387150367
11de8353	512	1	1	2295024918	4	false	1587	1587	1587	2295067274	2373321507
11de8353	513	1	1	2295067274	4	false	1693	1693	1693	2295098781	2377354177
11de8353	514	1	1	2295067274	7	false	3131	3131	3131	2295098781	2428340751
11de8353	515	1	1	2295098781	3	false	255	255	255	2295131690	2331268842
11de8353	516	1	1	2295098781	3	false	1121	1121	1121	2295131690	2364037306
11de8353	517	1	1	2295131690	6	false	2032	2032	2032	2295163756	2398477813
11de8353	518	1	1	2295131690	11	false	5076	5076	5076	2296193732	2506658056
11de8353	519	1	1	2295163756	3	false	933	933	933	2295199790	2346784495
11de8353	520	1	1	2295163756	3	false	998	998	998	2295199790	2357796157
11de8353	521	1	1	2295199790	2	false	279	279	279	2295894233	2327597429
11de8353	522	1	1	2295199790	5	false	2259	2259	2259	2295234632	2396608232
11de8353	523	1	1	2295234632	3	false	959	959	959	2295269580	2348453392
11de8353	524	1	1	2295234632	5	false	2037	2037	2037	2295860590	2393074043
11de8353	525	1	1	2295269580	7	false	2095	2095	2095	2295303366	2421902198
11de8353	526	1	1	2295269580	4	false	264	265	264	2316813548	2325595392
11de8353	527	1	1	2295303366	9	false	4562	4562	4562	2295338133	2472185332
11de8353	528	1	1	2295303366	5	false	2256	2256	2256	2295338133	2392770996
11de8353	529	1	1	2295338133	15	false	7210	7210	7210	2295371090	2595253396
11de8353	530	1	1	2295338133	4	false	1274	1274	1274	2295371090	2359133427
11de8353	531	1	1	2295371090	3	false	744	744	744	2297361219	2343082397
11de8353	532	1	1	2295371090	4	false	1665	1665	1665	2295405684	2373282763
11de8353	533	1	1	2295405684	4	false	1562	1562	1562	2295428505	2367742442
11de8353	534	1	1	2295405684	5	false	1927	1927	1927	2295428505	2388545105
11de8353	535	1	1	2337650875	1	false	728	728	728	2337674621	2363670036
11de8353	536	1	1	2353166492	1	false	706	706	706	2353191391	2376720233
11de8353	537	1	1	2356871211	1	false	417	417	417	2356895889	2371281092
11de8353	538	1	1	2358473879	3	false	13	15	13	2358506414	2362169817
11de8353	539	1	1	2358506414	3	false	1581	1581	1581	2358531403	2411761052
11de8353	540	1	1	2367850252	2	false	361	361	361	2367874874	2393272949
11de8353	541	1	1	2369185942	7	false	4135	4134	4134	2369210344	2511327776
11de8353	542	1	1	2373361051	2	false	949	949	949	2373383450	2405618306
11de8353	543	1	1	2373758795	4	false	2085	2085	2085	2373783383	2449565235
11de8353	544	1	1	2374127244	2	false	860	860	860	2374150471	2404719101
11de8353	545	1	1	2377797807	3	false	1429	1429	1429	2377821882	2425704886
11de8353	546	1	1	2381331709	2	false	584	584	584	2381356913	2401047678
11de8353	547	1	1	2383337560	4	false	1560	1560	1560	2383369650	2450967793
11de8353	548	1	1	2383369650	4	false	1387	1387	1387	2383392724	2444427689
11de8353	549	1	1	2383534458	2	false	744	744	744	2383559743	2410023302
11de8353	550	1	1	2386776155	7	false	1640	1640	1640	2386797658	2445661976
11de8353	551	1	1	2387408223	3	false	925	925	925	2387431738	2422402675
11de8353	552	1	1	2398585652	3	false	1069	1069	1069	2398611088	2434312565
11de8353	553	1	1	2402823987	3	false	1116	1116	1116	2402848288	2440089277
11de8353	554	1	1	2403157087	2	false	773	773	773	2403182399	2436015453
11de8353	555	1	1	2403328312	3	false	1048	1048	1048	2403350411	2450037701
11de8353	556	1	1	2406662319	13	false	6621	6621	6621	2406686858	2651477023
11de8353	557	1	1	2408532066	2	false	670	670	670	2408568813	2431109307
11de8353	558	1	1	2411136433	2	false	1162	1162	1162	2411158763	2449997291
11de8353	559	1	1	2414771320	2	false	1071	1071	1071	2414795251	2459608489
11de8353	560	1	1	2415672216	3	false	794	794	794	2415695738	2469215618
11de8353	561	1	1	2420079374	2	false	565	566	565	2420102453	2439425761
11de8353	562	1	1	2421811865	3	false	1560	1560	1560	2421834799	2474557220
11de8353	563	1	1	2427949615	2	false	3	3	3	2427973308	2428041640
11de8353	564	1	1	2431953040	5	false	1205	1205	1205	2431977015	2535152704
11de8353	565	1	1	2432454055	1	false	553	553	553	2432479109	2451700988
11de8353	566	1	1	2435756498	3	false	1696	1696	1696	2435781105	2493112999
11de8353	567	1	1	2438397930	8	false	4234	4234	4234	2438420360	2585943522
11de8353	568	1	1	2441166515	9	false	5193	5193	5193	2441191107	2616374915
11de8353	569	1	1	2446069882	2	false	530	530	530	2446094948	2465412991
11de8353	570	1	1	2449473288	2	false	972	972	972	2449497942	2482240599
11de8353	571	1	1	2450140154	0	false	374	374	374	2450165223	2462610911
11de8353	572	1	1	2452308403	1	false	565	565	565	2452332760	2471551445
11de8353	573	1	1	2454479887	1	false	348	348	348	2454501737	2467046988
11de8353	574	1	1	2454978840	1	false	527	527	527	2455002271	2476090371
11de8353	575	1	1	2459650512	3	false	1151	1151	1151	2459676374	2499553087
11de8353	576	1	1	2460051709	2	false	1093	1093	1093	2460084198	2507126500
11de8353	577	1	1	2460084198	1	false	380	380	380	2460109068	2473387990
11de8353	578	1	1	2461019639	8	false	4109	4109	4109	2461043915	2612937773
11de8353	579	1	1	2461752326	3	false	1405	1405	1405	2461777521	2512229869
11de8353	580	1	1	2472661979	7	false	3870	3869	3869	2472687202	2602793353
11de8353	581	1	1	2475464865	1	false	629	629	629	2475491544	2497153599
11de8353	582	1	1	2477100991	3	false	1647	1647	1647	2477124568	2533084658
11de8353	583	1	1	2479301927	3	false	1482	1482	1482	2479325470	2529081499
11de8353	584	1	1	2481603977	3	false	1390	1390	1390	2481828220	2529182323
11de8353	585	1	1	2482240599	3	false	1342	1342	1342	2482266531	2534017532
11de8353	586	1	1	2483443240	2	false	242	242	242	2483466961	2516633121
11de8353	587	1	1	2484611765	7	false	3601	3601	3601	2484635920	2605396595
11de8353	588	1	1	2486147382	3	false	1217	1217	1217	2486171426	2527479502
11de8353	589	1	1	2492288543	6	false	3235	3235	3235	2492311759	2600692694
11de8353	590	1	1	2503162557	2	false	809	809	809	2503187927	2530183158
11de8353	591	1	1	2507102174	2	false	603	603	603	2507126500	2527479502
11de8353	592	1	1	2507200663	2	false	550	551	550	2507226162	2529950440
11de8353	593	1	1	2509602118	2	false	1065	1065	1065	2509626753	2547666252
11de8353	594	1	1	2513940900	2	false	303	303	303	2513965546	2537955166
11de8353	595	1	1	2516709068	3	false	822	822	822	2516733614	2564550659
11de8353	596	1	1	2517878204	2	false	934	934	934	2517902281	2549037387
11de8353	597	1	1	2521382261	6	false	2796	2796	2796	2521405091	2619811655
11de8353	598	1	1	2522315209	2	false	924	924	924	2522339826	2554305465
11de8353	599	1	1	2526723273	5	false	972	972	972	2526746237	2606465393
11de8353	600	1	1	2537564274	1	false	205	205	205	2537597395	2544797865
11de8353	601	1	1	2537597395	0	false	5	5	5	2537622336	2539590123
11de8353	602	1	1	2539131241	3	false	1461	1461	1461	2539155749	2588212725
11de8353	603	1	1	2539265165	3	false	1374	1374	1374	2539289965	2585943522
11de8353	604	1	1	2540000346	3	false	497	497	497	2540024669	2585007918
11de8353	605	1	1	2540269348	3	false	1469	1469	1469	2540292647	2592448793
11de8353	606	1	1	2543173952	2	false	608	608	608	2543196043	2564983868
11de8353	607	1	1	2544107794	3	false	1050	1050	1050	2544130221	2579368983
11de8353	608	1	1	2545206346	3	false	1156	1156	1156	2545364463	2584444279
11de8353	609	1	1	2548010528	2	false	636	636	636	2548033633	2570189554
11de8353	610	1	1	2554850939	4	false	582	582	582	2554875644	2624816522
11de8353	611	1	1	2557722688	2	false	962	962	962	2557744569	2591514449
11de8353	612	1	1	2559093102	1	false	262	262	262	2559113964	2567853032
11de8353	613	1	1	2564363394	3	false	1051	1051	1051	2564383016	2600193158
11de8353	614	1	1	2574603627	2	false	725	725	725	2574628757	2599425849
11de8353	615	1	1	2577945739	3	false	1710	1710	1710	2577967957	2636162548
11de8353	616	1	1	2580282542	3	false	522	522	522	2580304760	2635294447
11de8353	617	1	1	2589454587	2	false	1011	1011	1011	2589481309	2624582312
11de8353	618	1	1	2594493818	2	false	877	877	877	2594517549	2624350510
11de8353	619	1	1	2595060970	2	false	602	602	602	2595085290	2632234771
11de8353	620	1	1	2595992957	11	false	5914	5914	5914	2596027220	2794818761
11de8353	621	1	1	2596027220	2	false	1081	1081	1081	2596052830	2632296396
11de8353	622	1	1	2596461371	1	false	454	454	454	2596486261	2615073412
11de8353	623	1	1	2598298145	2	false	283	283	283	2598324032	2632192824
11de8353	624	1	1	2601569407	4	false	865	865	865	2601594180	2663222330
11de8353	625	1	1	2602502358	4	false	2285	2285	2285	2602527038	2679837110
11de8353	626	1	1	2605340569	2	false	788	788	788	2605363968	2632025591
11de8353	627	1	1	2609475802	2	false	1145	1146	1145	2609501395	2651877110
11de8353	628	1	1	2610244530	3	false	1580	1580	1580	2610268920	2671795706
11de8353	629	1	1	2610778605	3	false	1863	1863	1863	2610802837	2676366624
11de8353	630	1	1	2613746262	3	false	1856	1856	1856	2613771712	2676234912
11de8353	631	1	1	2615448684	3	false	1626	1626	1626	2615473836	2670328463
11de8353	632	1	1	2616518161	2	false	483	483	483	2616541539	2650110360
11de8353	633	1	1	2623022882	1	false	351	351	351	2623046902	2634893980
11de8353	634	1	1	2625158572	2	false	478	478	478	2625185239	2641264903
11de8353	635	1	1	2626461922	3	false	1102	1102	1102	2626487110	2663355106
11de8353	636	1	1	2629864800	3	false	2010	2009	2009	2629890866	2697353686
11de8353	637	1	1	2634433446	5	false	2725	2725	2725	2634459740	2726183157
11de8353	638	1	1	2634667261	4	false	2139	2139	2139	2634693912	2708365431
11de8353	639	1	1	2634869165	1	false	465	465	465	2634893980	2650509488
11de8353	640	1	1	2642074352	7	false	3712	3712	3712	2642099210	2772897107
11de8353	641	1	1	2642282381	5	false	1805	1805	1805	2642299932	2732192113
11de8353	642	1	1	2642282381	1	false	337	337	337	2642299932	2663456622
11de8353	643	1	1	2642343343	2	false	555	555	555	2642367583	2661988939
11de8353	644	1	1	2644943306	8	false	3904	3904	3904	2644968626	2789747061
11de8353	645	1	1	2645378686	4	false	455	455	455	2645403358	2717108813
11de8353	646	1	1	2646212033	2	false	952	952	952	2646237870	2678138228
11de8353	647	1	1	2651319349	2	false	1285	1285	1285	2651343580	2694752648
11de8353	648	1	1	2660162934	2	false	748	748	748	2660184298	2688412842
11de8353	649	1	1	2660593692	8	false	1970	1970	1970	2660619035	2776835121
11de8353	650	1	1	2661530471	1	false	246	246	246	2661553468	2670095499
11de8353	651	1	1	2661931110	3	false	1445	1445	1445	2661954410	2717777081
11de8353	652	1	1	2672037411	0	false	9	9	9	2672062805	2676133438
11de8353	653	1	1	2673305102	1	false	419	419	419	2673330336	2687310665
11de8353	654	1	1	2673405782	3	false	1398	1398	1398	2673430978	2721313952
11de8353	655	1	1	2673507771	2	false	1080	1080	1080	2673532562	2713605493
11de8353	656	1	1	2680182078	2	false	936	936	936	2680204077	2711402427
11de8353	657	1	1	2680382056	2	false	1033	1033	1033	2680405282	2715875478
11de8353	658	1	1	2681847669	1	false	153	153	153	2681872732	2687478241
11de8353	659	1	1	2686319056	3	false	1190	1190	1190	2686342993	2730155844
11de8353	660	1	1	2686419872	4	false	1877	1877	1877	2686443995	2749806760
11de8353	661	1	1	2688186242	3	false	1353	1353	1353	2688213279	2736128552
11de8353	662	1	1	2697401471	2	false	661	661	661	2697423093	2720011332
11de8353	663	1	1	2697563321	2	false	190	190	190	2697588058	2704497148
11de8353	664	1	1	2698498728	2	false	593	593	593	2698522703	2737328780
11de8353	665	1	1	2704804927	2	false	545	545	545	2704831550	2730455232
11de8353	666	1	1	2707407755	6	false	3032	3032	3032	2707433300	2809438864
11de8353	667	1	1	2718450807	5	false	2207	2208	2207	2718478175	2808999684
11de8353	668	1	1	2721453188	2	false	825	825	825	2721479035	2753510841
11de8353	669	1	1	2723688137	2	false	596	596	596	2723714965	2752041537
11de8353	670	1	1	2725924348	5	false	2486	2486	2486	2725950265	2809438864
11de8353	671	1	1	2727157391	2	false	666	667	666	2727184256	2752779424
11de8353	672	1	1	2727826733	3	false	1000	1000	1000	2727852362	2763562651
11de8353	673	1	1	2730064648	4	false	1491	1491	1491	2730088497	2809065700
11de8353	674	1	1	2731366007	2	false	845	845	845	2731390161	2760019110
11de8353	675	1	1	2736270986	3	false	1499	1499	1499	2736296214	2786779280
11de8353	676	1	1	2739604426	4	false	1640	1640	1640	2739632782	2794818761
11de8353	677	1	1	2740241069	2	false	713	713	713	2740265584	2764588495
11de8353	678	1	1	2740538929	2	false	550	550	550	2741064206	2759417800
11de8353	679	1	1	2742241965	4	false	1790	1790	1790	2742265810	2809438864
11de8353	680	1	1	2746177686	4	false	1883	1883	1883	2746202734	2809399188
11de8353	681	1	1	2747379369	4	false	575	575	575	2747404768	2809365537
11de8353	682	1	1	2759860129	3	false	978	978	978	2759887394	2794585999
11de8353	683	1	1	2762827306	2	false	392	392	392	2762855140	2785079161
11de8353	684	1	1	2763227483	3	false	818	818	818	2763254564	2801858185
11de8353	685	1	1	2763562651	3	false	1226	1226	1226	2763591932	2804727767
11de8353	686	1	1	2769468134	1	false	801	801	801	2769492940	2796187555
11de8353	687	1	1	2770104193	2	false	811	811	811	2770129672	2797756265
11de8353	688	1	1	2773606733	2	false	860	860	860	2773631878	2809438864
11de8353	689	1	1	2774640808	2	false	980	980	980	2774665805	2807329621
11de8353	690	1	1	2783150349	2	false	775	775	775	2783173867	2809438864
11de8353	691	1	1	2795126893	1	false	9	9	9	2795152578	2799224089
11de8353	692	1	1	2796830341	1	false	364	364	364	2796855747	2809438864
11de8353	693	1	1	2799798537	1	false	289	289	289	2799823908	2809438864
50247b26	512	1	1	6410862072	6	false	1376	1376	1376	6410948072	6527225208
50247b26	513	1	1	6410948285	4	false	1157	1157	1157	6455784140	6494627477
50247b26	514	1	1	6412256676	25	false	488	488	488	6466466002	6904162794
50247b26	515	1	1	6412256676	21	false	555	555	555	6455784140	6816793569
50247b26	516	1	1	6412256676	8	false	2946	2946	2946	6455818060	6572039434
50247b26	517	1	1	6412256676	4	false	603	603	603	6412281349	6475608730
50247b26	518	1	1	6412281349	15	false	2411	2412	2411	6462827386	6591524683
50247b26	519	1	1	6412281349	15	false	491	491	491	6412306044	6713813810
50247b26	520	1	1	6412339219	14	false	4343	4343	4343	6459189928	6676380009
50247b26	521	1	1	6412471673	5	false	1234	1234	1234	6412509717	6504670117
50247b26	522	1	1	6412509717	7	false	2661	2661	2661	6412535004	6560160508
50247b26	523	1	1	6414245541	13	false	3996	3996	3996	6456118800	6644313662
50247b26	524	1	1	6414245541	20	false	629	629	629	6455818060	6803574605
50247b26	525	1	1	6414278732	4	false	1048	1048	1048	6456352345	6492758772
50247b26	526	1	1	6414278732	2	false	43	43	43	6456385812	6457787517
50247b26	527	1	1	6414311420	9	false	269	269	269	6570436892	6579380304
50247b26	528	1	1	6414311420	3	false	255	255	255	6414339534	6475176159
50247b26	529	1	1	6416045098	6	false	1813	1814	1813	6416074297	6665702376
50247b26	530	1	1	6416278538	1	false	8	8	8	6416308704	6418176616
50247b26	531	1	1	6423086269	0	false	0	0	0	0	0
50247b26	532	1	1	6425253910	12	false	541	541	541	6425316700	6626295752
50247b26	533	1	1	6426825081	5	false	2045	2046	2045	6456453700	6528961717
50247b26	534	1	1	6426825081	3	false	815	815	815	6426852794	6485016393
50247b26	535	1	1	6434397322	10	false	4215	4215	4215	6457387125	6619186317
50247b26	536	1	1	6485256508	2	false	160	161	160	6485283164	6497429583
50247b26	537	1	1	6486325092	1	false	523	523	523	6486351756	6515347661
50247b26	538	1	1	6495069024	2	false	921	921	921	6495095041	6528126689
50247b26	539	1	1	6502841639	5	false	2359	2359	2359	6503635276	6586620127
50247b26	540	1	1	6504714840	2	false	444	444	444	6505003930	6519886772
50247b26	541	1	1	6507477960	3	false	1201	1201	1201	6507505402	6559693651
50247b26	542	1	1	6513317914	3	false	0	1	0	0	0
50247b26	543	1	1	6514753639	4	false	1723	1723	1723	6514779518	6577882028
50247b26	544	1	1	6525430530	2	false	333	333	333	6525457510	6537436572
50247b26	545	1	1	6530768883	1	false	460	460	460	6530796889	6546445949
50247b26	546	1	1	6537275291	6	false	3185	3186	3185	6537303494	6648149603
50247b26	547	1	1	6538210166	2	false	673	673	673	6538238314	6565229553
50247b26	548	1	1	6539010857	2	false	566	567	566	6539038779	6558026313
50247b26	549	1	1	6540313973	2	false	499	499	499	6540340488	6557758539
50247b26	550	1	1	6547519507	0	false	187	187	187	6547546754	6555358394
50247b26	551	1	1	6556496475	2	false	515	515	515	6556523518	6576413710
50247b26	552	1	1	6565403688	7	false	3171	3171	3171	6566099566	6682618861
50247b26	553	1	1	6567837204	5	false	2836	2837	2836	6567865639	6668971234
50247b26	554	1	1	6568105559	1	false	347	348	347	6568133108	6581081743
50247b26	555	1	1	6569741406	5	false	2573	2573	2573	6570035474	6661767016
50247b26	556	1	1	6570242958	1	false	695	695	695	6570504390	6593694456
50247b26	557	1	1	6571644628	1	false	13	13	13	6571672172	6575845920
50247b26	558	1	1	6575281502	1	false	377	377	377	6575309206	6590824058
50247b26	559	1	0	0	1	false	0	0	0	0	0
50247b26	560	1	1	6582087263	2	false	817	817	817	6582115205	6611144875
50247b26	561	1	1	6586490952	5	false	2692	2691	2691	6586520159	6677379395
50247b26	562	1	1	6587959932	1	false	664	665	664	6587986528	6612446475
50247b26	563	1	1	6589427688	0	false	122	122	122	6589455715	6594061537
50247b26	564	1	1	6589928199	6	false	7	7	7	6637741356	6640246643
50247b26	565	1	1	6591164209	4	false	1885	1885	1885	6591192127	6660464679
50247b26	566	1	1	6594401192	4	false	0	0	0	0	0
50247b26	567	1	1	6596704560	3	false	1253	1253	1253	6597631336	6640643763
50247b26	568	1	1	6596868890	2	false	895	895	895	6596896697	6627497077
50247b26	569	1	1	6600908661	4	false	1727	1728	1727	6600935016	6672274956
50247b26	570	1	1	6603778894	2	false	1148	1148	1148	6604339759	6643046516
50247b26	571	1	1	6604145955	2	false	409	409	409	6604172018	6619720736
50247b26	572	1	1	6621194785	8	false	1445	1446	1445	6621627112	6770073604
50247b26	573	1	1	6622498336	5	false	2346	2346	2346	6624192122	6713379982
50247b26	574	1	1	6629270053	2	false	1115	1115	1115	6629296385	6669006392
50247b26	575	1	1	6631637862	3	false	818	818	818	6631665809	6660731275
50247b26	576	1	0	0	3	false	0	0	0	0	0
50247b26	577	1	1	6637547261	5	false	1623	1623	1623	6640246643	6720257339
50247b26	578	1	0	0	2	false	0	0	0	0	0
50247b26	579	1	1	6650691703	8	false	3609	3609	3609	6650718270	6795933204
50247b26	580	1	1	6651626849	1	false	289	290	289	6651653161	6661999560
50247b26	581	1	1	6653094908	2	false	799	799	799	6653356426	6680016596
50247b26	582	1	1	6658228652	2	false	840	841	840	6658228880	6686722781
50247b26	583	1	1	6666203421	6	false	206	206	206	6666203712	6791028353
50247b26	584	1	1	6670514051	2	false	173	173	173	6670540886	6682662132
50247b26	585	1	1	6671914516	1	false	229	229	229	6671940866	6682484964
50247b26	586	1	1	6672049483	1	false	568	568	568	6672074587	6691095620
50247b26	587	1	1	6679088185	4	false	1647	1647	1647	6679120879	6738038842
50247b26	588	1	1	6679120879	2	false	728	728	728	6679281769	6709677399
50247b26	589	1	1	6682662132	1	false	255	255	255	6684853252	6693329111
50247b26	590	1	1	6686430302	2	false	1056	1056	1056	6686455414	6729829801
50247b26	591	1	1	6687463573	1	false	352	352	352	6687490836	6699903688
50247b26	592	1	1	6690068002	5	false	2077	2075	2075	6690091564	6790160263
50247b26	593	1	1	6692533681	1	false	303	304	303	6692561470	6705139573
50247b26	594	1	1	6692701302	1	false	241	241	241	6692728843	6701176778
50247b26	595	1	1	6696806624	2	false	195	195	195	6696832816	6703671800
50247b26	596	1	1	6697739463	2	false	850	850	850	6697767418	6728835700
50247b26	597	1	1	6701176778	2	false	732	732	732	6701208453	6725860867
50247b26	598	1	1	6703410932	2	false	530	531	530	6703439218	6722722291
50247b26	599	1	1	6710586458	2	false	957	957	957	6710979000	6743244409
50247b26	600	1	1	6711219338	2	false	1042	1042	1042	6711246789	6749349002
50247b26	601	1	1	6715188867	2	false	612	612	612	6715215899	6736771827
50247b26	602	1	1	6716356901	1	false	553	553	553	6716683464	6735270765
50247b26	603	1	1	6716390276	2	false	398	399	398	6716417541	6738606319
50247b26	604	1	1	6719729106	2	false	629	629	629	6719755486	6740774226
50247b26	605	1	1	6723464698	3	false	1105	1105	1105	6723490558	6767969899
50247b26	606	1	1	6723898803	3	false	1011	1011	1011	6726493881	6761696888
50247b26	607	1	1	6728835700	1	false	415	415	415	6728868900	6751817893
50247b26	608	1	1	6730302791	0	false	13	13	13	6730330294	6734501867
50247b26	609	1	1	6732771884	2	false	828	828	828	6732801296	6770008060
50247b26	610	1	1	6735944263	4	false	1885	1885	1885	6735970172	6801639478
50247b26	611	1	1	6738910862	7	false	1379	1379	1379	6738938914	6788091432
50247b26	612	1	1	6739914053	3	false	778	778	778	6745009823	6780383810
50247b26	613	1	1	6745348983	6	false	2684	2684	2684	6745378055	6843433813
50247b26	614	1	1	6746818265	1	false	273	273	273	6746846588	6756867854
50247b26	615	1	1	6748120922	2	false	995	995	995	6749248755	6783753979
50247b26	616	1	1	6748687602	4	false	1931	1931	1931	6748714224	6822795104
50247b26	617	1	1	6750856091	6	false	3498	3498	3498	6750882602	6868729347
50247b26	618	1	1	6753127736	5	false	2614	2613	2613	6753155525	6842657904
50247b26	619	1	1	6753297641	3	false	753	753	753	6753322898	6779081234
50247b26	620	1	1	6756867854	7	false	963	964	963	6756897401	6879470128
50247b26	621	1	1	6759434457	2	false	642	642	642	6759462411	6783355227
50247b26	622	1	1	6765874610	7	false	1352	1352	1352	6765902289	6885846549
50247b26	623	1	1	6766942145	5	false	2730	2730	2730	6766968799	6863621756
50247b26	624	1	1	6771748731	3	false	473	473	473	6771773330	6806882560
50247b26	625	1	1	6778122045	3	false	783	783	783	6778146938	6820594826
50247b26	626	1	1	6780056546	2	false	769	770	769	6780083754	6807017491
50247b26	627	1	1	6780125714	2	false	905	905	905	6780820402	6811319333
50247b26	628	1	0	0	1	false	0	0	0	0	0
50247b26	629	1	1	6790435383	2	false	811	811	811	6790594073	6821528852
50247b26	630	1	1	6793436996	4	false	1070	1071	1070	6793462899	6834010823
50247b26	631	1	1	6793837548	8	false	895	895	895	6794697773	6824797465
50247b26	632	1	1	6800211822	10	false	4670	4670	4670	6800238087	6977779713
50247b26	633	1	1	6801078982	10	false	1627	1627	1627	6801106838	6984587449
50247b26	634	1	1	6806045241	6	false	3039	3039	3039	6806045488	6910837201
50247b26	635	1	1	6811719604	2	false	1052	1052	1052	6811719808	6847304311
50247b26	636	1	1	6816367870	5	false	513	513	513	6816394503	6909969250
50247b26	637	1	0	0	2	false	0	0	0	0	0
50247b26	638	1	1	6817069099	3	false	1343	1343	1343	6817095248	6867393235
50247b26	639	1	1	6821368601	2	false	681	681	681	6821863202	6844602223
50247b26	640	1	1	6824604394	9	false	656	656	656	6824630232	6987187700
50247b26	641	1	1	6825472227	3	false	1568	1568	1568	6826700104	6881240648
50247b26	642	1	1	6826874669	7	false	618	618	618	6826901183	6968070441
50247b26	643	1	1	6827510382	8	false	443	444	443	6827533555	6964925615
50247b26	644	1	1	6830645486	3	false	1727	1727	1727	6830670234	6894819165
50247b26	645	1	1	6831580020	5	false	2154	2154	2154	6831606368	6919841317
50247b26	646	1	1	6832893525	2	false	300	300	300	6834743257	6845004032
50247b26	647	1	1	6852715443	1	false	333	333	333	6852741845	6867126444
50247b26	648	1	1	6853515727	1	false	505	505	505	6853978114	6870794881
50247b26	649	1	1	6854675940	7	false	3764	3765	3764	6855147381	6982451929
50247b26	650	1	1	6857384988	5	false	2122	2122	2122	6857385188	6944467635
50247b26	651	1	1	6869234131	2	false	563	563	563	6869262219	6889212459
50247b26	652	1	1	6873669130	1	false	105	105	105	6873697256	6877502340
50247b26	653	1	1	6877175358	1	false	243	243	243	6877201487	6885746316
50247b26	654	1	1	6877473924	1	false	130	130	130	6877502340	6882975625
50247b26	655	1	1	6878740610	2	false	580	579	579	6878769593	6910935806
50247b26	656	1	1	6878808646	4	false	1882	1882	1882	6878836362	6942102622
50247b26	657	1	1	6880178690	2	false	792	792	792	6880205235	6910070545
50247b26	658	1	1	6880874096	2	false	796	796	796	6880874342	6910837201
50247b26	659	1	1	6889518293	1	false	115	115	115	6889545489	6896087766
50247b26	660	1	1	6891320678	5	false	3019	3019	3019	6891349359	6998828723
50247b26	661	1	1	6892221006	1	false	418	418	418	6892249714	6907566814
50247b26	662	1	1	6893023392	3	false	1365	1366	1365	6894086098	6939730084
50247b26	663	1	1	6895827776	2	false	668	668	668	6895855615	6921748950
50247b26	664	1	1	6895954517	0	false	8	9	8	6895954709	6898990741
50247b26	665	1	1	6904905842	3	false	833	833	833	6905262287	6943467993
50247b26	666	1	1	6906137928	2	false	552	552	552	6906169954	6925950753
50247b26	667	1	1	6911941890	4	false	1653	1653	1653	6911968113	6988521255
50247b26	668	1	1	6914244352	4	false	842	842	842	6914268986	6945902070
50247b26	669	1	1	6917614612	1	false	406	406	406	6917873908	6931689575
50247b26	670	1	1	6920018032	4	false	1016	1016	1016	6920043165	6993894224
50247b26	671	1	1	6920116801	1	false	179	179	179	6920143631	6926618297
50247b26	672	1	1	6920886017	4	false	2126	2126	2126	6921814233	6998427626
50247b26	673	1	1	6920919606	2	false	667	667	667	6920946508	6943833703
50247b26	674	1	1	6921045735	2	false	358	358	358	6921046029	6938131445
50247b26	675	1	1	6929894497	3	false	1425	1425	1425	6937398543	6999076280
50247b26	676	1	1	6931830142	2	false	505	505	505	6931857390	6949238411
50247b26	677	1	1	6936002665	1	false	290	291	290	6936829975	6949038719
50247b26	678	1	1	6936697063	3	false	1493	1493	1493	6936697278	6991457601
50247b26	679	1	1	6941741242	3	false	1439	1436	1436	6941768376	6992625527
50247b26	680	1	1	6948175832	1	false	500	500	500	6949338344	6966293662
50247b26	681	1	1	6949777023	1	false	285	285	285	6949806798	6959985651
50247b26	682	1	1	6952148984	2	false	1353	1353	1353	6952174914	6998028026
50247b26	683	1	1	6952315352	2	false	1180	1180	1180	6955580058	6999076280
50247b26	684	1	1	6953817771	2	false	929	929	929	6955414015	6998427626
50247b26	685	1	1	6953918139	2	false	1027	1027	1027	6953944562	6989989850
50247b26	686	1	1	6954519305	2	false	1306	1306	1306	6954545694	6998427626
50247b26	687	1	1	6959123367	2	false	705	705	705	6959151100	6985887116
50247b26	688	1	0	0	2	false	0	0	0	0	0
50247b26	689	1	1	6970043268	1	false	716	717	716	6970939394	6994794420
50247b26	690	1	1	6976471010	1	false	314	314	314	6976477943	6987487418
50247b26	691	1	1	6978180232	1	false	295	295	295	6978914055	6988720534
50247b26	692	1	1	6984820800	1	false	228	228	228	6987320205	6998194414
bfecd02b	512	1	1	1673680747	3	false	790	791	790	1696049273	1713986218
bfecd02b	513	1	1	1673701697	4	false	1335	1335	1335	1673714339	1725881227
bfecd02b	514	1	1	1673714339	3	false	1176	1176	1176	1673730403	1716404571
bfecd02b	515	1	1	1673730403	7	false	5797	5797	5797	1673748302	1799188279
bfecd02b	516	1	1	1673748302	2	false	951	951	951	1673765093	1712551355
bfecd02b	517	1	1	1673765093	3	false	2151	2151	2151	1673781762	1732255584
bfecd02b	518	1	1	1673781762	9	false	7952	7952	7952	1673798746	1835358784
bfecd02b	519	1	1	1673798746	4	false	2301	2302	2301	1696116297	1735740723
bfecd02b	520	1	1	1720597539	2	false	1027	1027	1027	1720608808	1741145228
bfecd02b	521	1	1	1722032205	1	false	618	618	618	1722043874	1733171811
bfecd02b	522	1	1	1724452057	1	false	565	564	564	1724462598	1734373637
bfecd02b	523	1	1	1740300137	5	false	4663	4663	4663	1740311799	1821143096
bfecd02b	524	1	1	1741217697	0	false	483	483	483	1741229237	1749288146
bfecd02b	525	1	1	1742418318	1	false	1716	1716	1716	1742431047	1771760121
bfecd02b	526	1	1	1743787428	1	false	1342	1342	1342	1743798683	1767421549
bfecd02b	527	1	1	1749193665	1	false	717	717	717	1749204499	1761683352
bfecd02b	528	1	1	1757334211	3	false	2319	2319	2319	1757345692	1796335444
bfecd02b	529	1	1	1758419360	11	false	4199	4199	4199	1758430103	1963036347
bfecd02b	530	1	1	1769729495	1	false	818	818	818	1769740766	1783956123
bfecd02b	531	1	1	1775470394	1	false	830	831	830	1775481291	1789962283
bfecd02b	532	1	1	1779807727	3	false	3064	3064	3064	1779818201	1832021531
bfecd02b	533	1	1	1792003200	3	false	2979	2979	2979	1792014085	1848321788
bfecd02b	534	1	1	1798009256	1	false	297	297	297	1798019568	1802958293
bfecd02b	535	1	1	1804382249	1	false	644	644	644	1804393509	1815153610
bfecd02b	536	1	1	1807235449	0	false	276	276	276	1807245674	1812000871
bfecd02b	537	1	1	1811006074	1	false	683	683	683	1811017128	1822394060
bfecd02b	538	1	1	1820047072	9	false	8983	8983	8983	1820058408	1976266562
bfecd02b	539	1	1	1823200297	1	false	1002	1002	1002	1823211654	1839929423
bfecd02b	540	1	1	1829189622	3	false	3170	3170	3170	1829201105	1882590560
bfecd02b	541	1	1	1830442692	1	false	955	955	955	1830453476	1846687090
bfecd02b	542	1	1	1840068087	5	false	4475	4475	4475	1840079770	1915805684
bfecd02b	543	1	1	1843405737	1	false	1188	1187	1187	1843416592	1863504550
bfecd02b	544	1	1	1847976200	2	false	1718	1718	1718	1847987791	1876850412
bfecd02b	545	1	1	1854734422	1	false	607	607	607	1854744825	1871896024
bfecd02b	546	1	1	1856369519	1	false	356	356	356	1856379819	1863921182
bfecd02b	547	1	1	1871549562	2	false	1537	1537	1537	1871561752	1897187183
bfecd02b	548	1	1	1871968480	2	false	2396	2397	2396	1871979389	1912670541
bfecd02b	549	1	1	1879942220	3	false	2006	2007	2006	1879953282	1915222637
bfecd02b	550	1	1	1884896790	1	false	614	614	614	1884908933	1895953094
bfecd02b	551	1	1	1890635047	1	false	415	415	415	1890647577	1897639353
bfecd02b	552	1	1	1903997759	14	false	9055	9054	9054	1904010198	2057347875
bfecd02b	553	1	1	1905234020	5	false	4571	4571	4571	1905245426	1997487913
bfecd02b	554	1	1	1905683565	1	false	744	744	744	1905695627	1918124311
bfecd02b	555	1	1	1920714339	2	false	1415	1415	1415	1920727007	1946269685
bfecd02b	556	1	1	1923268060	1	false	1332	1332	1332	1923279098	1945519710
bfecd02b	557	1	1	1923851024	0	false	215	215	215	1923863687	1929153299
bfecd02b	558	1	1	1926169809	1	false	1026	1026	1026	1926182181	1943750957
bfecd02b	559	1	1	1937198207	2	false	1632	1632	1632	1937210415	1964741896
bfecd02b	560	1	1	1951796226	4	false	3290	3291	3290	1951808145	2015822793
bfecd02b	561	1	1	1953564770	2	false	1800	1800	1800	1953576551	1985158614
bfecd02b	562	1	1	1954316908	1	false	614	614	614	1954328068	1967625318
bfecd02b	563	1	1	1971081733	2	false	1530	1530	1530	1971093855	1997271866
bfecd02b	564	1	1	1972783578	3	false	2157	2157	2157	1972795862	2013169967
bfecd02b	565	1	1	1975671252	3	false	2573	2573	2573	1975682400	2021795101
bfecd02b	566	1	1	1984313577	1	false	754	754	754	1984325046	1997438086
bfecd02b	567	1	1	1993206461	1	false	1104	1104	1104	1993217358	2011619853
bfecd02b	568	1	1	2005316770	0	false	399	399	399	2005328964	2012552508
bfecd02b	569	1	1	2005483972	1	false	718	717	717	2005495555	2017707409
bfecd02b	570	1	1	2005534122	7	false	7837	7837	7837	2005545490	2137445938
bfecd02b	571	1	1	2019664618	1	false	603	603	603	2019676257	2029737600
bfecd02b	572	1	1	2020598701	2	false	1230	1230	1230	2020610156	2041398827
bfecd02b	573	1	1	2021233657	2	false	1216	1216	1216	2021235492	2042249429
bfecd02b	574	1	1	2023869292	2	false	2274	2274	2274	2023881300	2062036575
bfecd02b	575	1	1	2025754575	1	false	1203	1203	1203	2025766619	2046103655
bfecd02b	576	1	1	2029842567	1	false	185	185	185	2029854002	2034307634
bfecd02b	577	1	1	2037783754	2	false	1261	1262	1261	2037795026	2058867077
bfecd02b	578	1	1	2043006822	1	false	688	688	688	2043017775	2060818790
bfecd02b	579	1	1	2049444465	1	false	620	621	620	2049456332	2060368095
bfecd02b	580	1	1	2050296578	1	false	735	735	735	2050308091	2062871007
bfecd02b	581	1	1	2054149689	7	false	6928	6928	6928	2054160987	2176486756
bfecd02b	582	1	1	2066912123	1	false	791	791	791	2066923857	2080605199
bfecd02b	583	1	1	2068413155	2	false	1872	1871	1870	2068424888	2100074350
bfecd02b	584	1	1	2068863981	1	false	548	548	548	2068875621	2080404409
bfecd02b	585	1	1	2070082117	2	false	2138	2138	2138	2070093769	2106980927
bfecd02b	586	1	1	2070916488	2	false	1931	1931	1931	2070928058	2103762025
bfecd02b	587	1	1	2088449990	1	false	1212	1212	1212	2088461836	2111084457
bfecd02b	588	1	1	2088651334	1	false	1117	1117	1117	2088662714	2107965049
bfecd02b	589	1	1	2108120919	1	false	55	55	55	2108132614	2120245023
bfecd02b	590	1	1	2111807350	2	false	2306	2306	2306	2111818934	2151326084
bfecd02b	591	1	1	2115027076	1	false	524	524	524	2115038279	2123764715
bfecd02b	592	1	1	2116011817	4	false	3572	3572	3572	2116023009	2176972579
bfecd02b	593	1	1	2119131946	1	false	479	479	479	2119143412	2128084538
bfecd02b	594	1	1	2128290692	1	false	648	648	648	2128302011	2139581467
bfecd02b	595	1	1	2131810656	2	false	1319	1319	1319	2131822877	2155063279
bfecd02b	596	1	1	2136132609	1	false	803	803	803	2136144280	2151459581
bfecd02b	597	1	1	2145492375	2	false	1731	1731	1731	2145503556	2175251571
bfecd02b	598	1	1	2147627273	1	false	485	485	485	2147639130	2156197507
bfecd02b	599	1	1	2159371853	2	false	941	941	941	2159383775	2176972579
bfecd02b	600	1	1	2159506545	1	false	486	486	486	2159517570	2173066350
bfecd02b	601	1	1	2163108990	1	false	653	653	653	2163120811	2176972579
4f77afc1	512	1	1	7375043680	11	false	3558	3558	3558	7375152118	7537305492
4f77afc1	512	2	1	8233087451	0	false	0	1226	1226	8233111293	8275020536
4f77afc1	513	1	1	7375152118	3	false	491	491	491	7375152651	7411980312
4f77afc1	513	2	1	8235388277	0	false	0	746	746	8235412517	8260807537
4f77afc1	514	1	1	7375152118	4	false	599	599	599	7375152651	7435068657
4f77afc1	514	2	1	8237556755	0	false	0	1139	1138	8237582254	8275586846
4f77afc1	515	1	1	7375152651	11	false	5546	5546	5546	7375152853	7584356008
4f77afc1	515	2	1	8239393687	0	false	0	98	98	8239423676	8282025625
4f77afc1	516	1	1	7375152651	7	false	991	991	991	7375152853	7512312276
4f77afc1	516	2	1	8242861709	0	false	0	262	262	7931842643	8308321470
4f77afc1	517	1	1	7375152651	3	false	530	530	530	7375152853	7427562519
4f77afc1	517	2	1	8243898828	0	false	0	639	639	8243922483	8275954868
4f77afc1	518	1	1	7375152853	6	false	2195	2196	2195	7375184732	7480617549
4f77afc1	518	2	1	8255840979	0	false	0	3098	3097	8255869442	8359673967
4f77afc1	519	1	1	7375152853	7	false	3456	3456	3456	7376309649	7515515296
4f77afc1	519	2	1	8258243696	0	false	0	45	45	8258271768	8259738978
4f77afc1	520	1	1	7375184732	5	false	1010	1010	1010	7376208466	7463366047
4f77afc1	520	2	1	8263747014	0	false	0	541	541	8263776425	8282093179
4f77afc1	521	1	1	7375184732	6	false	136	136	136	7375255498	7401834492
4f77afc1	521	2	1	8265984587	0	false	0	277	277	8266011143	8275887899
4f77afc1	522	1	1	7375255498	7	false	1570	1571	1570	7445979314	7507542150
4f77afc1	522	2	1	8266251317	0	false	0	238	238	8266277638	8274557465
4f77afc1	523	1	1	7375255498	4	false	234	235	234	7397828360	7408724918
4f77afc1	523	2	1	8269819422	0	false	0	77	76	8269847397	8272351188
4f77afc1	524	1	1	7375255498	1	false	196	196	196	7375289330	7403037655
4f77afc1	524	2	1	8270859428	0	false	0	697	697	8270891194	8294106752
4f77afc1	525	1	1	7375255727	4	false	147	147	147	7397460457	7458258700
4f77afc1	525	2	1	8270891194	0	false	0	401	401	8270916930	8286007957
4f77afc1	526	1	1	7375255727	5	false	2028	2028	2028	7375289330	7463132055
4f77afc1	526	2	1	8281932997	0	false	0	388	387	8281959831	8294840005
4f77afc1	527	1	1	7375289330	4	false	510	510	510	7376175753	7424058365
4f77afc1	527	2	1	8282831129	0	false	0	481	481	8282859918	8306955027
4f77afc1	528	1	1	7375289330	8	false	2050	2051	2050	7397460457	7531600020
4f77afc1	528	2	1	8283399951	0	false	0	2653	2653	8283428608	8404085519
4f77afc1	529	1	1	7375386403	5	false	320	320	320	7376110040	7463171296
4f77afc1	529	2	1	8285071527	0	false	0	3184	3183	8285095935	8396075068
4f77afc1	530	1	1	7375386403	4	false	326	327	326	7398695913	7409544318
4f77afc1	530	2	1	8285637623	0	false	0	371	371	8285666327	8298108942
4f77afc1	531	1	1	7375386603	3	false	915	915	915	7375611838	7427393633
4f77afc1	531	2	1	8285970683	0	false	0	413	413	8286007957	8299847066
4f77afc1	532	1	1	7375386603	5	false	2160	2160	2160	7375386748	7469503357
4f77afc1	532	2	1	8286007957	0	false	0	763	763	8286033133	8317463126
4f77afc1	533	1	1	7375386748	3	false	495	495	495	7375411499	7427562519
4f77afc1	533	2	1	8288138349	0	false	0	540	538	8288166716	8377790666
4f77afc1	534	1	1	7375652217	1	false	212	212	212	7376408705	7404310204
4f77afc1	534	2	1	8292074210	0	false	0	375	374	8292103131	8304715225
4f77afc1	535	1	1	7375818696	1	false	236	236	236	7376443680	7405073817
4f77afc1	535	2	1	8292141129	0	false	0	589	589	8292169867	8311957606
4f77afc1	536	1	1	7414318930	3	false	1578	1578	1578	7414347858	7468504516
4f77afc1	536	2	1	8296248323	0	false	0	926	926	8296274080	8373316819
4f77afc1	537	1	1	7435040476	1	false	602	602	602	7435068657	7455157193
4f77afc1	537	2	1	8302287284	0	false	0	227	227	8302320257	8310256255
4f77afc1	538	1	1	7437442902	2	false	820	820	820	7437469765	7465599375
4f77afc1	538	2	1	8302320257	0	false	0	2582	2582	8302345916	8388968461
4f77afc1	539	1	1	7437610436	13	false	6068	6068	6068	7437641833	7695110945
4f77afc1	539	2	1	8304189807	0	false	0	4229	4228	8304213686	8486179623
4f77afc1	540	1	1	7437641833	1	false	432	432	432	7437670413	7452051724
4f77afc1	540	2	1	8304758521	0	false	0	3657	3657	8304782419	8464981598
4f77afc1	541	1	1	7449620323	2	false	1129	1129	1129	7449647849	7493427554
4f77afc1	541	2	1	8304891860	0	false	0	953	952	8304916881	8337786289
4f77afc1	542	1	1	7452355529	1	false	173	173	173	7452384313	7458126196
4f77afc1	542	2	1	8307959420	0	false	0	1820	1820	8307987053	8368749736
4f77afc1	543	1	1	7456395952	3	false	643	643	643	7456424292	7518221886
4f77afc1	543	2	1	8308197524	0	false	0	1124	1124	8308222669	8348060100
4f77afc1	544	1	1	7456567312	4	false	1990	1990	1990	7456591167	7523889781
4f77afc1	544	2	1	8309928717	0	false	0	1425	1425	8309955297	8397177170
4f77afc1	545	1	1	7456929521	2	false	845	845	845	7456959334	7486153427
4f77afc1	545	2	1	8314765593	0	false	0	581	581	8314793688	8347860858
4f77afc1	546	1	1	7465204764	3	false	1186	1186	1186	7465233126	7505073698
4f77afc1	546	2	1	8317034612	0	false	0	1283	1283	8317062153	8363709332
4f77afc1	547	1	1	7468310873	2	false	209	209	209	7468340759	7475709425
4f77afc1	547	2	1	8318369174	0	false	0	2438	2438	8318397244	8400049537
4f77afc1	548	1	1	7468340759	3	false	1385	1385	1385	7468369556	7514881674
4f77afc1	548	2	1	8324512621	0	false	0	854	854	8324540355	8356633301
4f77afc1	549	1	1	7472008898	1	false	543	543	543	7472038163	7490324787
4f77afc1	549	2	1	8327547693	0	false	0	1381	1381	8327573325	8393169485
4f77afc1	550	1	1	7473177480	2	false	1200	1200	1200	7473213322	7513414147
4f77afc1	550	2	1	8329651995	0	false	0	1523	1523	8329676937	8381193610
4f77afc1	551	1	1	7473213322	2	false	842	842	842	7473238133	7518089452
4f77afc1	551	2	1	8347297596	0	false	0	1421	1421	8347325224	8396075068
4f77afc1	552	1	1	7473412113	2	false	1113	1113	1113	7473439467	7517216700
4f77afc1	552	2	1	8347832964	0	false	0	1044	1044	8347860858	8389005965
4f77afc1	553	1	1	7475650989	3	false	1706	1706	1706	7475675589	7534470335
4f77afc1	553	2	1	8354607933	0	false	0	453	452	8354632424	8401118023
4f77afc1	554	1	1	7479555210	4	false	1895	1895	1895	7479579583	7548317289
4f77afc1	554	2	1	8357914590	0	false	0	2610	2610	8357943635	8475589153
4f77afc1	555	1	1	7490565439	1	false	409	409	409	7490591431	7504339976
4f77afc1	555	2	1	8357943635	0	false	0	387	387	8357969999	8404986126
4f77afc1	556	1	1	7490667565	3	false	1500	1500	1500	7490698233	7541243636
4f77afc1	556	2	1	8358150069	0	false	0	600	600	8358172758	8378622980
4f77afc1	557	1	1	7494635150	3	false	1421	1421	1421	7494660614	7542512031
4f77afc1	557	2	1	8366685633	0	false	0	283	283	8366713006	8376591743
4f77afc1	558	1	1	7496200699	5	false	2085	2086	2085	7496229674	7566802844
4f77afc1	558	2	1	8369755220	0	false	0	2216	2216	8369782445	8443959908
4f77afc1	559	1	1	7500372753	1	false	269	269	269	7500401052	7509376561
4f77afc1	559	2	1	8373758077	0	false	0	4	4	8373785524	8373887149
4f77afc1	560	1	1	7500707904	5	false	1910	1909	1909	7500735148	7565102160
4f77afc1	560	2	1	8375865159	0	false	0	3184	3184	8375890864	8486179623
4f77afc1	561	1	1	7503479405	8	false	516	515	515	7503505154	7543277670
4f77afc1	561	2	1	8378499913	0	false	0	1881	1881	8378524847	8485932434
4f77afc1	562	1	1	7514421272	4	false	2043	2043	2043	7514448400	7582821749
4f77afc1	562	2	1	8378796903	0	false	0	142	142	8378823378	8395774122
4f77afc1	563	1	1	7515119833	2	false	524	524	524	7515148761	7532702507
4f77afc1	563	2	1	8383372688	0	false	0	1020	1020	8383396323	8418002515
4f77afc1	564	1	1	7517627655	2	false	628	628	628	7517627848	7539273736
4f77afc1	564	2	1	8391243237	0	false	0	664	663	8391269726	8413363884
4f77afc1	565	1	1	7519462990	7	false	3474	3474	3474	7519489708	7647197027
4f77afc1	565	2	1	8394146072	0	false	0	1547	1546	8394175928	8446794602
4f77afc1	566	1	1	7522363472	5	false	715	715	715	7522387357	7604643595
4f77afc1	566	2	1	8399089008	0	false	0	2322	2321	8399089202	8476625985
4f77afc1	567	1	1	7523498089	2	false	459	459	459	7523522878	7538973880
4f77afc1	567	2	1	8399089008	0	false	0	2035	2034	8399089202	8473056923
4f77afc1	568	1	1	7524929345	6	false	280	279	279	7524958017	7534338178
4f77afc1	568	2	1	8401955466	0	false	0	371	371	8401983498	8467751614
4f77afc1	569	1	1	7525563680	2	false	815	815	815	7525591395	7553222433
4f77afc1	569	2	1	8403227858	0	false	0	740	740	8403252644	8438987268
4f77afc1	570	1	1	7527267141	7	false	496	496	496	7527294582	7640057906
4f77afc1	570	2	1	8405824291	0	false	0	207	207	8405851641	8413329445
4f77afc1	571	1	1	7528173124	8	false	1191	1191	1191	7528195946	7677428152
4f77afc1	571	2	1	8406129032	0	false	0	524	523	8406153613	8423742121
4f77afc1	572	1	1	7528272568	5	false	1344	1344	1344	7528295356	7617500405
4f77afc1	572	2	1	8407227470	0	false	0	1308	1308	8407254088	8459809160
4f77afc1	573	1	1	7533944918	2	false	740	740	740	7533968522	7558627545
4f77afc1	573	2	1	8410094845	0	false	0	472	472	8410124679	8483432494
4f77afc1	574	1	1	7541653031	4	false	2069	2070	2069	7541676804	7611721158
4f77afc1	574	2	1	8411170111	0	false	0	437	437	8411193850	8426409683
4f77afc1	575	1	1	7544525357	3	false	1210	1210	1210	7544550644	7585755314
4f77afc1	575	2	1	8414136324	0	false	0	678	678	8414167709	8437921179
4f77afc1	576	1	1	7549025462	3	false	1839	1839	1839	7549051080	7615265962
4f77afc1	576	2	1	8415036687	0	false	0	239	239	8415065181	8423105139
4f77afc1	577	1	1	7549322444	2	false	577	577	577	7549350130	7569337760
4f77afc1	577	2	1	8423413897	0	false	0	1824	1823	8423439556	8484932883
4f77afc1	578	1	1	7551295497	2	false	307	307	307	7551319690	7566369377
4f77afc1	578	2	1	8428082700	0	false	0	530	529	8428108907	8446193947
4f77afc1	579	1	1	7552566508	2	false	600	600	600	7552588182	7572577598
4f77afc1	579	2	1	8433824949	0	false	0	1546	1546	8433849384	8486179623
4f77afc1	580	1	1	7558370885	17	false	5526	5526	5525	7558395022	7889931743
4f77afc1	580	2	1	8436461212	0	false	0	1346	1345	8436485346	8486179623
4f77afc1	581	1	1	7558439277	2	false	625	625	625	7558463916	7579982743
4f77afc1	581	2	1	8449105988	0	false	0	614	614	8449130698	8485731569
4f77afc1	582	1	1	7563305991	5	false	2270	2270	2270	7563334101	7643560211
4f77afc1	582	2	1	8452074265	0	false	0	1021	1021	8452100314	8486179623
4f77afc1	583	1	1	7568479017	2	false	162	162	162	7568508185	7578217736
4f77afc1	583	2	1	8454008747	0	false	0	779	779	8454035063	8480397641
4f77afc1	584	1	1	7568679402	4	false	1547	1547	1547	7568703847	7620570145
4f77afc1	584	2	1	8456846173	0	false	0	818	818	8456874102	8485999165
4f77afc1	585	1	1	7575148606	3	false	394	394	394	7575177112	7588291794
4f77afc1	585	2	1	8467728463	0	false	0	495	495	8467751614	8485367117
4f77afc1	586	1	1	7576851829	3	false	854	854	854	7576878668	7605511157
4f77afc1	586	2	1	8469860579	0	false	0	3	3	8469888889	8473355994
4f77afc1	587	1	1	7580894870	6	false	1820	1820	1820	7580919147	7680533604
4f77afc1	587	2	1	8475031245	0	false	0	236	236	8475056888	8483297999
4f77afc1	588	1	1	7582628961	3	false	1260	1260	1260	7582653290	7628144593
4f77afc1	588	2	1	8477833148	0	false	0	2	2	8477862413	8477895912
4f77afc1	589	1	1	7590063743	4	false	2103	2103	2103	7590097759	7674190001
4f77afc1	590	1	1	7590097759	11	false	4952	4952	4952	7590126452	7815370021
4f77afc1	591	1	1	7592866649	3	false	488	488	488	7592894416	7655474928
4f77afc1	592	1	1	7594402117	8	false	4296	4296	4296	7594429783	7740526722
4f77afc1	593	1	1	7595807832	2	false	1053	1053	1053	7595832178	7631480994
4f77afc1	594	1	1	7597543336	6	false	2380	2380	2380	7597566819	7699251737
4f77afc1	595	1	1	7614706110	5	false	2471	2471	2471	7614730356	7698150695
4f77afc1	596	1	1	7621778626	5	false	2666	2665	2665	7621804064	7713765577
4f77afc1	597	1	1	7625315808	4	false	1686	1687	1686	7625342925	7693076151
4f77afc1	598	1	1	7627585005	2	false	323	323	323	7627609053	7638356947
4f77afc1	599	1	1	7630618911	3	false	276	276	276	7630655998	7681367455
4f77afc1	600	1	1	7630655998	3	false	265	265	265	7630680025	7639624828
4f77afc1	601	1	1	7638198441	2	false	320	321	320	7638223715	7662448013
4f77afc1	602	1	1	7641533627	4	false	1824	1824	1824	7641558080	7707423247
4f77afc1	603	1	1	7643432187	2	false	208	208	208	7643466151	7667952771
4f77afc1	604	1	1	7643466151	2	false	161	161	161	7643492848	7649600289
4f77afc1	605	1	1	7646836633	7	false	2472	2472	2472	7646862968	7777764396
4f77afc1	606	1	1	7650105588	6	false	3274	3274	3274	7650134042	7766951480
4f77afc1	607	1	1	7653643259	3	false	1268	1268	1268	7653672480	7698216579
4f77afc1	608	1	1	7655348397	3	false	327	327	327	7655381987	7669051034
4f77afc1	609	1	1	7655381987	2	false	247	247	247	7655407155	7663649012
4f77afc1	610	1	1	7657247548	4	false	2025	2027	2025	7657274551	7725208999
4f77afc1	611	1	1	7665556803	5	false	2574	2574	2574	7665584638	7752970985
4f77afc1	612	1	1	7672534324	2	false	238	238	238	7672557778	7710430717
4f77afc1	613	1	1	7675163507	4	false	1842	1842	1842	7675189598	7738892341
4f77afc1	614	1	1	7678001215	3	false	1807	1807	1807	7678028974	7738656917
4f77afc1	615	1	1	7684241023	8	false	2508	2508	2508	7684268479	7829351413
4f77afc1	616	1	1	7687479837	2	false	489	489	489	7687503274	7716700860
4f77afc1	617	1	1	7690584342	6	false	3669	3669	3669	7690616575	7817204871
4f77afc1	618	1	1	7690616575	1	false	334	334	334	7690649956	7701753472
4f77afc1	619	1	1	7690649956	2	false	206	206	206	7690674844	7697513761
4f77afc1	620	1	1	7691414808	9	false	4786	4786	4786	7691442728	7877119577
4f77afc1	621	1	1	7703597507	2	false	645	645	645	7703620592	7725475990
4f77afc1	622	1	1	7705196866	5	false	1876	1876	1876	7705223051	7797885938
4f77afc1	623	1	1	7708236091	2	false	328	328	328	7708260235	7721038298
4f77afc1	624	1	1	7708298803	4	false	1735	1735	1735	7708326468	7766951480
4f77afc1	625	1	1	7709338668	2	false	969	971	969	7709461622	7755006520
4f77afc1	626	1	1	7713007537	2	false	441	441	441	7713031327	7727746849
4f77afc1	627	1	1	7717476365	2	false	61	61	61	7717501967	7720136792
4f77afc1	628	1	1	7719546933	4	false	1995	1996	1995	7719569293	7787541377
4f77afc1	629	1	1	7723817480	5	false	2065	2064	2064	7723841887	7818505391
4f77afc1	630	1	1	7726753909	16	false	7184	7184	7184	7726778101	8026907162
4f77afc1	631	1	1	7732291297	2	false	822	822	822	7732324613	7772459804
4f77afc1	632	1	1	7732324613	2	false	498	498	498	7732350421	7778398626
4f77afc1	633	1	1	7735259994	11	false	4458	4458	4458	7735287839	7947489702
4f77afc1	634	1	1	7735563013	3	false	1036	1036	1036	7735586894	7791144065
4f77afc1	635	1	1	7748740580	3	false	925	925	925	7748765745	7797986160
4f77afc1	636	1	1	7749005026	4	false	1439	1440	1439	7749027964	7799355049
4f77afc1	637	1	1	7749046243	3	false	298	298	298	7749076622	7759546387
4f77afc1	638	1	1	7749076622	6	false	3072	3072	3072	7749100865	7875517004
4f77afc1	639	1	1	7750609151	7	false	4009	4009	4009	7750636069	7892700569
4f77afc1	640	1	1	7763018536	2	false	377	376	376	7763046995	7786509465
4f77afc1	641	1	1	7765060134	6	false	2376	2376	2376	7766619525	8432981971
4f77afc1	642	1	1	7777034841	3	false	994	994	994	7777067264	7810899228
4f77afc1	643	1	1	7777067264	4	false	1995	1995	1995	7777096329	7849757755
4f77afc1	644	1	1	7782511138	3	false	1060	1060	1060	7782537246	7826845829
4f77afc1	645	1	1	7787813665	5	false	2411	2411	2411	7787840069	7868644374
4f77afc1	646	1	1	7788450019	3	false	284	284	284	7788474838	7797928813
4f77afc1	647	1	1	7796557467	2	false	319	319	319	7796584173	7807225712
4f77afc1	648	1	1	7797627891	7	false	2441	2441	2441	7797653009	7920229455
4f77afc1	649	1	1	7801194753	2	false	995	995	995	7801223795	7835156350
4f77afc1	650	1	1	7807934269	35	false	17626	17626	17626	7807961658	8486179623
4f77afc1	651	1	1	7808031388	4	false	465	465	465	7808059394	7867211046
4f77afc1	652	1	1	7809401312	5	false	1111	1111	1111	7809428756	7878656352
4f77afc1	653	1	1	7825448593	3	false	1010	1010	1010	7825476971	7861305253
4f77afc1	654	1	1	7826185151	2	false	522	522	522	7826211801	7843619370
4f77afc1	655	1	1	7827252510	10	false	404	404	404	7827279248	7841283269
4f77afc1	656	1	1	7828589594	4	false	1256	1257	1256	7828616255	7887297503
4f77afc1	657	1	1	7828955548	4	false	1005	1004	1004	7828984216	7887297503
4f77afc1	658	1	1	7836931387	1	false	636	636	636	7836955549	7858333655
4f77afc1	659	1	1	7839420228	17	false	6919	6919	6918	7839449600	8173320345
4f77afc1	660	1	1	7841955382	10	false	790	790	790	7841982243	7868308836
4f77afc1	661	1	1	7845227047	6	false	2335	2335	2335	7845253032	7945653967
4f77afc1	662	1	1	7845862314	3	false	337	337	337	7845888197	7885728155
4f77afc1	663	1	1	7853673314	2	false	899	899	899	7853695790	7884593653
4f77afc1	664	1	1	7859843330	3	false	327	327	327	7859870209	7906117632
4f77afc1	665	1	1	7868384324	5	false	2320	2320	2320	7868410688	7947624153
4f77afc1	666	1	1	7871354246	1	false	341	342	341	7871381980	7883260841
4f77afc1	667	1	1	7876593519	2	false	1092	1094	1092	7422823767	7913589831
4f77afc1	668	1	1	7878697174	2	false	774	774	774	7878723402	7904883626
4f77afc1	669	1	1	7880996400	7	false	173	173	173	7881025442	7886762394
4f77afc1	670	1	1	7885567500	4	false	120	120	120	7885594659	7889563817
4f77afc1	671	1	1	7887168693	4	false	1642	1642	1642	7887196339	7943123543
4f77afc1	672	1	1	7893310763	3	false	789	790	789	7893337454	7939984201
4f77afc1	673	1	1	7894644219	2	false	1050	1050	1050	7894670280	7931144590
4f77afc1	674	1	1	7895777023	7	false	1947	1946	1946	7895804117	8028006567
4f77afc1	675	1	1	7897344210	1	false	406	406	406	7897379665	7913425101
4f77afc1	676	1	1	7897379665	7	false	3670	3670	3670	7897406361	8028574028
4f77afc1	677	1	1	7899983455	7	false	3375	3375	3375	7900009406	8035076961
4f77afc1	678	1	1	7902751127	9	false	2146	2146	2146	7902781506	8036310872
4f77afc1	679	1	1	7914931367	9	false	4764	4764	4763	7914957814	8080222458
4f77afc1	680	1	1	7916164376	2	false	1059	1059	1059	7916193007	7957267617
4f77afc1	681	1	1	7917399244	5	false	470	470	470	7917427665	8000414279
4f77afc1	682	1	1	7923470354	3	false	1030	1030	1030	7923498132	7961704086
4f77afc1	683	1	1	7923642258	3	false	1590	1590	1590	7923666230	7978523461
4f77afc1	684	1	1	7924075146	1	false	6	6	6	7924099267	7927237410
4f77afc1	685	1	1	7930283282	2	false	1056	1056	1056	7930306614	7965510001
4f77afc1	686	1	1	7941194998	1	false	457	457	457	7941218164	7957267617
4f77afc1	687	1	1	7946063166	4	false	1992	1992	1992	7946088471	8014924985
4f77afc1	688	1	1	7950031149	2	false	1138	1137	1137	7950060723	7988399479
4f77afc1	689	1	1	7953168781	8	false	4178	4178	4178	7953195296	8104584241
4f77afc1	690	1	1	7955740021	3	false	1410	1410	1410	7955764581	8004816014
4f77afc1	691	1	1	7957538282	2	false	986	986	986	7957566540	7990634888
4f77afc1	692	1	1	7957708328	3	false	1371	1372	1371	7957732518	8004451014
4f77afc1	693	1	1	7963147880	4	false	158	158	158	7963173704	7968410546
4f77afc1	694	1	1	7967314682	4	false	1540	1540	1540	7967352951	8026610538
4f77afc1	695	1	1	7967352951	3	false	1192	1192	1192	7967377357	8008754158
4f77afc1	696	1	1	7971754989	3	false	880	880	880	7971782070	8030172257
4f77afc1	697	1	1	7975563254	13	false	6886	6886	6886	7975654825	8225335314
4f77afc1	698	1	1	7988610605	3	false	931	931	931	7988632770	8022765350
4f77afc1	699	1	1	7998454015	2	false	373	374	373	7998479623	8038114231
4f77afc1	700	1	1	8000687273	4	false	2003	2004	2003	8000712326	8067845319
4f77afc1	701	1	1	8010460370	3	false	1361	1362	1361	8010487678	8075286030
4f77afc1	702	1	1	8014502702	2	false	923	923	923	8014527746	8054096834
4f77afc1	703	1	1	8014867080	3	false	337	337	337	8014901738	8075519997
4f77afc1	704	1	1	8014901738	2	false	1093	1093	1093	8014924985	8052128659
4f77afc1	705	1	1	8018805567	3	false	1335	1332	1332	8018828120	8432880888
4f77afc1	706	1	1	8021973823	3	false	1146	1146	1146	8021999208	8060671366
4f77afc1	707	1	1	8024976337	10	false	5309	5309	5309	8025001902	8218062771
4f77afc1	708	1	1	8029747251	1	false	186	186	186	8029772669	8035944790
4f77afc1	709	1	1	8032848862	2	false	985	985	985	8032876039	8068880658
4f77afc1	710	1	1	8034483716	4	false	1856	1856	1856	8034509916	8111590675
4f77afc1	711	1	1	8036650135	2	false	388	388	388	8036677137	8070916431
4f77afc1	712	1	1	8036954977	4	false	1289	1289	1289	8036978643	8080290547
4f77afc1	713	1	1	8038054162	3	false	1683	1683	1683	8038080733	8094572299
4f77afc1	714	1	1	8038658247	4	false	2020	2020	2020	8038682225	8108453528
4f77afc1	715	1	1	8040255786	3	false	512	512	512	8040283945	8085026892
4f77afc1	716	1	1	8045130661	2	false	940	940	940	8045155161	8077687253
4f77afc1	717	1	1	8048164019	3	false	667	667	667	8048191757	8085195713
4f77afc1	718	1	1	8056041264	8	false	4513	4513	4513	8056066448	8207986053
4f77afc1	719	1	1	8062181737	4	false	1862	1861	1861	8062207386	8127138318
4f77afc1	720	1	1	8064149387	3	false	666	666	666	8064175642	8086963374
4f77afc1	721	1	1	8070756503	4	false	1110	1110	1110	8070784074	8120668630
4f77afc1	722	1	1	8070822918	3	false	1141	1141	1141	8070851024	8125068747
4f77afc1	723	1	1	8073861234	8	false	4245	4245	4245	8073884872	8223036371
4f77afc1	724	1	1	8078961796	4	false	1594	1594	1594	8078988067	8143889109
4f77afc1	725	1	1	8079794425	6	false	1243	1243	1243	8079821404	8182926974
4f77afc1	726	1	1	8080962613	6	false	1506	1506	1506	8080991526	8142787164
4f77afc1	727	1	1	8085333919	7	false	976	976	976	8085363676	8119299514
4f77afc1	728	1	1	8085570749	7	false	1671	1671	1670	8085595865	8204418402
4f77afc1	729	1	1	8087741876	4	false	1585	1585	1585	8087766715	8140786305
4f77afc1	730	1	1	8090307592	2	false	1411	1411	1411	8090334024	8137516996
4f77afc1	731	1	1	8095245374	1	false	510	510	510	8095274675	8113724587
4f77afc1	732	1	1	8096046903	4	false	1618	1619	1618	8096073126	8177525792
4f77afc1	733	1	1	8104626267	8	false	4280	4281	4280	8104651194	8248162109
4f77afc1	734	1	1	8111163616	5	false	2642	2642	2642	8111187831	8200411182
4f77afc1	735	1	1	8114664699	9	false	5008	5008	5008	8114691477	8294707050
4f77afc1	736	1	1	8115336151	7	false	425	425	425	8115360777	8256169072
4f77afc1	737	1	1	8118510494	9	false	500	500	500	8118534771	8135749749
4f77afc1	738	1	1	8121642884	13	false	664	664	664	8121666993	8368415236
4f77afc1	739	1	1	8123773552	3	false	898	898	898	8123802910	8176121619
4f77afc1	740	1	1	8135119067	2	false	1089	1089	1089	8135146745	8175620419
4f77afc1	741	1	1	8137224158	3	false	1280	1280	1280	8137248618	8182627285
4f77afc1	742	1	1	8147567255	3	false	161	161	161	8147594660	8152930436
4f77afc1	743	1	1	8150869602	2	false	921	921	921	8150895950	8181993970
4f77afc1	744	1	1	8153938902	2	false	1081	1081	1081	8153967177	8191535155
4f77afc1	745	1	1	8156676445	2	false	677	677	677	8156702036	8179860278
4f77afc1	746	1	1	8183368553	1	false	153	153	153	8183395567	8188966989
4f77afc1	747	1	1	8185669357	4	false	1792	1792	1792	8185696389	8245790146
4f77afc1	748	1	1	8186168879	3	false	519	519	519	8186196698	8203982407
4f77afc1	749	1	1	8187571657	3	false	579	579	579	8187599449	8209020385
4f77afc1	750	1	1	8189908875	1	false	418	418	418	8189935099	8204348654
4f77afc1	751	1	1	8192077470	2	false	151	151	151	8192102870	8197542686
4f77afc1	752	1	1	8192677178	2	false	903	903	903	8192703099	8222905696
4f77afc1	753	1	1	8192977331	2	false	1190	1190	1190	8193003531	8232775607
4f77afc1	754	1	1	8193475187	4	false	1355	1355	1355	8193508207	8273353024
4f77afc1	755	1	1	8193508207	1	false	485	485	485	8193537256	8209687909
4f77afc1	756	1	1	8199049201	4	false	1912	1912	1912	8199075950	8272751357
4f77afc1	757	1	1	8201587432	4	false	853	853	853	8201612507	8260807537
4f77afc1	758	1	1	8210464276	1	false	695	695	695	8210495151	8233845751
4f77afc1	759	1	1	8210495151	1	false	562	562	562	8210522868	8229305887
4f77afc1	760	1	1	8214400463	7	false	3395	3395	3395	8214425324	8344526379
4f77afc1	761	1	1	8214466218	3	false	1263	1263	1263	8214494227	8278057389
4f77afc1	762	1	1	8218039887	6	false	637	638	637	8218062771	8319599404
4f77afc1	763	1	1	8219771419	6	false	3491	3491	3491	8219797486	8337248418
4f77afc1	764	1	1	8228115671	8	false	3163	3163	3163	8228139771	8365811065
4f77afc1	765	1	1	8232984589	2	false	1164	1160	1160	8233016274	8271851718
4f77afc1	766	1	1	8233016274	1	false	199	199	199	8233049978	8240587948
4f77afc1	767	1	1	8233049978	1	false	284	284	284	8233087451	8243456332
396cfc92	512	1	1	2144308335	8	false	5773	5773	5773	2166829382	2292690189
396cfc92	513	1	1	2144328790	2	false	560	560	560	2168280882	2177657774
396cfc92	514	1	1	2144342608	3	false	1397	1397	1397	2166995598	2201597018
396cfc92	515	1	1	2144359245	4	false	2140	2141	2140	2185965454	2221650880
396cfc92	516	1	1	2144375723	0	false	0	0	0	0	0
396cfc92	517	1	1	2144392097	3	false	1410	1410	1410	2167680562	2193223279
396cfc92	518	1	1	2144409212	10	false	8816	8816	8816	2175187513	2330677222
396cfc92	519	1	1	2144425738	3	false	1471	1471	1471	2170399921	2201463858
396cfc92	520	1	1	2156204376	1	false	601	601	601	2166646602	2176891882
396cfc92	521	1	1	2187704396	2	false	2179	2179	2179	2188718579	2226656137
396cfc92	522	1	1	2203269472	5	false	5413	5413	5413	2203483513	2301748994
396cfc92	523	1	1	2209208557	2	false	1995	1995	1995	2209322645	2243406098
396cfc92	524	1	1	2211510678	3	false	2832	2832	2832	2212058559	2262659686
396cfc92	525	1	1	2211645071	2	false	1577	1577	1577	2211657389	2238484825
396cfc92	526	1	1	2231697595	14	false	15509	15509	15509	2231711157	2500731459
396cfc92	527	1	1	2236704694	3	false	1549	1549	1549	2236716899	2285748813
396cfc92	528	1	1	2248532220	2	false	1444	1444	1444	2248862567	2275905472
396cfc92	529	1	1	2253454118	4	false	4190	4190	4190	2253550038	2325589067
396cfc92	530	1	1	2272705912	2	false	1144	1144	1144	2272719735	2292005768
396cfc92	531	1	1	2285954079	1	false	655	655	655	2286199405	2297110196
396cfc92	532	1	1	2295796631	5	false	3695	3695	3695	2298829035	2376223111
396cfc92	533	1	1	2302052492	2	false	1638	1638	1638	2302065170	2334130278
396cfc92	534	1	1	2302736142	1	false	656	656	656	2303016021	2313945344
396cfc92	535	1	1	2307157386	6	false	5966	5966	5966	2307169876	2408622584
396cfc92	536	1	1	2311796595	4	false	3315	3315	3315	2311808713	2371117587
396cfc92	537	1	1	2323992031	1	false	1072	1072	1072	2324337765	2342739521
396cfc92	538	1	1	2335635185	4	false	2850	2850	2850	2335648494	2388885920
396cfc92	539	1	1	2340727010	0	false	230	230	230	2340737029	2345408666
396cfc92	540	1	1	2344177294	1	false	1269	1269	1269	2344574233	2365729353
396cfc92	541	1	1	2352786212	12	false	11369	11369	11369	2352799058	2569350368
396cfc92	542	1	1	2355455927	2	false	899	899	899	2356553040	2376022575
396cfc92	543	1	1	2375775883	5	false	4063	4063	4063	2375789357	2461375549
396cfc92	544	1	1	2381164377	0	false	187	187	187	2381594651	2384698028
396cfc92	545	1	1	2386069734	6	false	6310	6310	6310	2386232686	2493991406
396cfc92	546	1	1	2386269717	1	false	681	681	681	2386282864	2400282118
396cfc92	547	1	1	2394746168	2	false	1276	1276	1276	2395209301	2416481069
396cfc92	548	1	1	2398934136	1	false	579	579	579	2398946821	2408622584
396cfc92	549	1	1	2410328887	1	false	2	2	2	2410341389	2410358076
396cfc92	550	1	1	2418686206	2	false	728	728	728	2418686503	2431846050
396cfc92	551	1	1	2418704980	3	false	3403	3403	3403	2418799910	2477374747
396cfc92	552	1	1	2426528099	2	false	2020	2020	2020	2426824313	2460507818
396cfc92	553	1	1	2433117503	1	false	118	118	118	2434398126	2436366776
396cfc92	554	1	1	2441892412	1	false	1217	1217	1217	2441905474	2462976990
396cfc92	555	1	1	2446647861	6	false	5629	5629	5629	2447912251	2560792659
396cfc92	556	1	1	2470554533	2	false	1197	1197	1197	2470934499	2490905869
396cfc92	557	1	1	2471422527	1	false	856	856	856	2471618842	2485883826
396cfc92	558	1	1	2473024191	5	false	5323	5323	5323	2473521063	2563362425
396cfc92	559	1	1	2487422133	1	false	983	984	983	2487501718	2503884801
396cfc92	560	1	1	2495930569	2	false	1190	1190	1190	2495943578	2520468133
396cfc92	561	1	1	2500952081	1	false	1441	1441	1441	2501649563	2527775649
396cfc92	562	1	1	2504038537	1	false	599	599	599	2504451930	2514462349
396cfc92	563	1	1	2510778455	5	false	5292	5292	5292	2510958494	2599231800
396cfc92	564	1	1	2513932299	2	false	1483	1483	1483	2514045345	2540404940
396cfc92	565	1	1	2524509074	4	false	2848	2848	2848	2524939295	2594926752
396cfc92	566	1	1	2530515163	5	false	5248	5248	5248	2531746140	2620669413
396cfc92	567	1	1	2537822965	2	false	1489	1489	1489	2538439626	2563279485
396cfc92	568	1	1	2550451960	2	false	1823	1823	1823	2550464891	2580979092
396cfc92	569	1	1	2570921733	3	false	3010	3010	3010	2572536875	2627909609
396cfc92	570	1	1	2573324740	1	false	451	451	451	2573504777	2581012801
396cfc92	571	1	1	2573408118	1	false	330	330	330	2573421233	2579177394
396cfc92	572	1	1	2579397757	1	false	927	927	927	2579627615	2595093483
396cfc92	573	1	1	2589224161	2	false	2129	2129	2129	2589737855	2625640790
396cfc92	574	1	1	2591059378	3	false	2716	2716	2716	2591155622	2637552796
396cfc92	575	1	1	2591092270	4	false	3922	3922	3922	2591105916	2663077867
396cfc92	576	1	1	2604974976	2	false	1818	1818	1818	2604987298	2636501798
396cfc92	577	1	1	2605140826	3	false	3010	3010	3010	2605354100	2656071063
396cfc92	578	1	1	2609279566	1	false	788	788	788	2609291743	2622588278
396cfc92	579	1	1	2630715847	2	false	1801	1801	1801	2631095979	2668516429
396cfc92	580	1	1	2632634689	2	false	1817	1817	1817	2632647620	2666914774
396cfc92	581	1	1	2635688007	2	false	899	899	899	2636284686	2651266730
396cfc92	582	1	1	2637956655	2	false	1232	1232	1232	2639221059	2659758458
396cfc92	583	1	1	2646548839	1	false	687	687	687	2646579079	2658040128
396cfc92	584	1	1	2647599846	1	false	851	852	851	2647696880	2663377918
