mode: set
levelup/go-api/internal/analysis/citations.go:27.25,30.29 2 1
levelup/go-api/internal/analysis/citations.go:30.29,32.3 1 1
levelup/go-api/internal/analysis/citations.go:34.2,35.30 2 1
levelup/go-api/internal/analysis/citations.go:35.30,36.19 1 1
levelup/go-api/internal/analysis/citations.go:36.19,37.12 1 1
levelup/go-api/internal/analysis/citations.go:39.3,40.10 2 1
levelup/go-api/internal/analysis/citations.go:40.10,48.12 2 1
levelup/go-api/internal/analysis/citations.go:50.3,57.5 1 1
levelup/go-api/internal/analysis/citations.go:61.2,61.40 1 1
levelup/go-api/internal/analysis/citations.go:61.40,62.45 1 1
levelup/go-api/internal/analysis/citations.go:62.45,64.4 1 1
levelup/go-api/internal/analysis/citations.go:65.3,65.41 1 1
levelup/go-api/internal/analysis/citations.go:67.2,67.14 1 1
levelup/go-api/internal/analysis/citations.go:71.62,74.29 3 1
levelup/go-api/internal/analysis/citations.go:74.29,75.27 1 1
levelup/go-api/internal/analysis/citations.go:75.27,78.4 2 1
levelup/go-api/internal/analysis/citations.go:80.2,81.13 2 1
levelup/go-api/internal/analysis/citations.go:92.29,95.32 2 1
levelup/go-api/internal/analysis/citations.go:95.32,97.3 1 1
levelup/go-api/internal/analysis/citations.go:99.2,100.31 2 1
levelup/go-api/internal/analysis/citations.go:100.31,101.25 1 1
levelup/go-api/internal/analysis/citations.go:101.25,102.12 1 0
levelup/go-api/internal/analysis/citations.go:104.3,105.10 2 1
levelup/go-api/internal/analysis/citations.go:105.10,112.12 2 1
levelup/go-api/internal/analysis/citations.go:114.3,120.5 1 1
levelup/go-api/internal/analysis/citations.go:124.2,124.40 1 1
levelup/go-api/internal/analysis/citations.go:124.40,125.45 1 1
levelup/go-api/internal/analysis/citations.go:125.45,127.4 1 1
levelup/go-api/internal/analysis/citations.go:128.3,128.41 1 0
levelup/go-api/internal/analysis/citations.go:130.2,130.14 1 1
levelup/go-api/internal/analysis/citations.go:134.98,135.21 1 1
levelup/go-api/internal/analysis/citations.go:135.21,137.3 1 1
levelup/go-api/internal/analysis/citations.go:140.2,142.29 3 1
levelup/go-api/internal/analysis/citations.go:142.29,144.17 2 1
levelup/go-api/internal/analysis/citations.go:144.17,147.4 2 1
levelup/go-api/internal/analysis/citations.go:150.2,151.31 2 1
levelup/go-api/internal/analysis/citations.go:151.31,154.3 2 1
levelup/go-api/internal/analysis/citations.go:156.2,156.29 1 1
levelup/go-api/internal/analysis/citations.go:156.29,161.3 4 1
levelup/go-api/internal/analysis/citations.go:163.2,164.31 2 1
levelup/go-api/internal/analysis/citations.go:164.31,167.3 2 1
levelup/go-api/internal/analysis/citations.go:168.2,168.15 1 1
levelup/go-api/internal/analysis/home.go:46.65,47.23 1 1
levelup/go-api/internal/analysis/home.go:47.23,49.3 1 1
levelup/go-api/internal/analysis/home.go:50.2,54.28 4 1
levelup/go-api/internal/analysis/home.go:54.28,55.34 1 1
levelup/go-api/internal/analysis/home.go:55.34,57.4 1 1
levelup/go-api/internal/analysis/home.go:57.9,57.42 1 1
levelup/go-api/internal/analysis/home.go:57.42,59.4 1 1
levelup/go-api/internal/analysis/home.go:60.3,60.21 1 1
levelup/go-api/internal/analysis/home.go:60.21,63.4 2 1
levelup/go-api/internal/analysis/home.go:64.3,64.24 1 1
levelup/go-api/internal/analysis/home.go:64.24,67.4 2 1
levelup/go-api/internal/analysis/home.go:70.2,77.20 3 1
levelup/go-api/internal/analysis/home.go:77.20,80.3 2 1
levelup/go-api/internal/analysis/home.go:81.2,81.18 1 1
levelup/go-api/internal/analysis/home.go:81.18,84.3 2 1
levelup/go-api/internal/analysis/home.go:85.2,85.13 1 1
levelup/go-api/internal/analysis/home.go:94.80,95.29 1 1
levelup/go-api/internal/analysis/home.go:95.29,97.3 1 1
levelup/go-api/internal/analysis/home.go:99.2,101.20 3 1
levelup/go-api/internal/analysis/home.go:101.20,103.3 1 0
levelup/go-api/internal/analysis/home.go:105.2,108.34 3 1
levelup/go-api/internal/analysis/home.go:108.34,111.3 2 1
levelup/go-api/internal/analysis/home.go:113.2,114.34 2 1
levelup/go-api/internal/analysis/home.go:114.34,117.3 2 0
levelup/go-api/internal/analysis/home.go:119.2,124.14 5 1
levelup/go-api/internal/analysis/home.go:132.88,136.2 3 1
levelup/go-api/internal/analysis/home.go:143.76,144.23 1 1
levelup/go-api/internal/analysis/home.go:144.23,146.3 1 0
levelup/go-api/internal/analysis/home.go:147.2,151.22 3 1
levelup/go-api/internal/analysis/home.go:151.22,153.3 1 1
levelup/go-api/internal/analysis/home.go:154.2,155.38 2 1
levelup/go-api/internal/analysis/home.go:155.38,161.3 1 1
levelup/go-api/internal/analysis/home.go:164.2,165.45 2 1
levelup/go-api/internal/analysis/home.go:165.45,167.28 2 1
levelup/go-api/internal/analysis/home.go:167.28,169.4 1 0
levelup/go-api/internal/analysis/home.go:170.3,172.32 3 1
levelup/go-api/internal/analysis/home.go:172.32,174.17 2 1
levelup/go-api/internal/analysis/home.go:174.17,176.5 1 0
levelup/go-api/internal/analysis/home.go:178.3,182.5 1 1
levelup/go-api/internal/analysis/home.go:186.2,186.25 1 1
levelup/go-api/internal/analysis/home.go:186.25,188.23 2 1
levelup/go-api/internal/analysis/home.go:188.23,190.4 1 1
levelup/go-api/internal/analysis/home.go:191.3,193.30 3 1
levelup/go-api/internal/analysis/home.go:193.30,195.4 1 1
levelup/go-api/internal/analysis/home.go:196.3,200.5 1 1
levelup/go-api/internal/analysis/home.go:203.2,203.25 1 1
levelup/go-api/internal/analysis/home.go:203.25,205.3 1 0
levelup/go-api/internal/analysis/home.go:206.2,206.19 1 1
levelup/go-api/internal/analysis/home.go:214.92,215.23 1 1
levelup/go-api/internal/analysis/home.go:215.23,217.3 1 1
levelup/go-api/internal/analysis/home.go:218.2,218.26 1 1
levelup/go-api/internal/analysis/home.go:218.26,220.3 1 1
levelup/go-api/internal/analysis/home.go:221.2,222.28 2 1
levelup/go-api/internal/analysis/home.go:222.28,223.22 1 1
levelup/go-api/internal/analysis/home.go:223.22,224.12 1 0
levelup/go-api/internal/analysis/home.go:226.3,229.21 4 1
levelup/go-api/internal/analysis/home.go:229.21,231.4 1 1
levelup/go-api/internal/analysis/home.go:232.3,233.24 2 1
levelup/go-api/internal/analysis/home.go:233.24,235.4 1 1
levelup/go-api/internal/analysis/home.go:236.3,244.5 2 1
levelup/go-api/internal/analysis/home.go:246.2,246.14 1 1
levelup/go-api/internal/analysis/home.go:258.30,259.45 1 1
levelup/go-api/internal/analysis/home.go:259.45,261.3 1 0
levelup/go-api/internal/analysis/home.go:264.2,265.29 2 1
levelup/go-api/internal/analysis/home.go:265.29,266.60 1 1
levelup/go-api/internal/analysis/home.go:266.60,268.4 1 1
levelup/go-api/internal/analysis/home.go:270.2,270.24 1 1
levelup/go-api/internal/analysis/home.go:270.24,272.3 1 0
levelup/go-api/internal/analysis/home.go:275.2,276.23 2 1
levelup/go-api/internal/analysis/home.go:276.23,278.3 1 0
levelup/go-api/internal/analysis/home.go:281.2,282.29 2 1
levelup/go-api/internal/analysis/home.go:282.29,283.62 1 1
levelup/go-api/internal/analysis/home.go:283.62,285.4 1 1
levelup/go-api/internal/analysis/home.go:287.2,287.26 1 1
levelup/go-api/internal/analysis/home.go:287.26,289.3 1 0
levelup/go-api/internal/analysis/home.go:292.2,293.28 2 1
levelup/go-api/internal/analysis/home.go:293.28,294.28 1 1
levelup/go-api/internal/analysis/home.go:294.28,296.4 1 1
levelup/go-api/internal/analysis/home.go:298.2,298.30 1 1
levelup/go-api/internal/analysis/home.go:298.30,300.3 1 0
levelup/go-api/internal/analysis/home.go:302.2,310.68 3 1
levelup/go-api/internal/analysis/home.go:310.68,312.3 1 1
levelup/go-api/internal/analysis/home.go:313.2,313.13 1 1
levelup/go-api/internal/analysis/home.go:321.88,322.21 1 1
levelup/go-api/internal/analysis/home.go:322.21,324.3 1 1
levelup/go-api/internal/analysis/home.go:325.2,325.24 1 1
levelup/go-api/internal/analysis/home.go:325.24,327.3 1 1
levelup/go-api/internal/analysis/home.go:328.2,329.26 2 1
levelup/go-api/internal/analysis/home.go:329.26,330.23 1 1
levelup/go-api/internal/analysis/home.go:330.23,331.12 1 1
levelup/go-api/internal/analysis/home.go:333.3,337.5 1 1
levelup/go-api/internal/analysis/home.go:339.2,339.14 1 1
levelup/go-api/internal/analysis/home.go:346.32,346.64 1 1
levelup/go-api/internal/analysis/home.go:347.32,347.66 1 1
levelup/go-api/internal/analysis/home.go:348.32,348.68 1 1
levelup/go-api/internal/analysis/home.go:349.32,349.70 1 1
levelup/go-api/internal/analysis/home.go:351.56,353.28 2 1
levelup/go-api/internal/analysis/home.go:353.28,354.21 1 1
levelup/go-api/internal/analysis/home.go:354.21,357.4 2 1
levelup/go-api/internal/analysis/home.go:359.2,359.16 1 1
levelup/go-api/internal/analysis/home.go:359.16,361.3 1 1
levelup/go-api/internal/analysis/home.go:362.2,363.11 2 1
levelup/go-api/internal/analysis/home.go:366.59,368.28 2 1
levelup/go-api/internal/analysis/home.go:368.28,369.24 1 1
levelup/go-api/internal/analysis/home.go:369.24,372.4 2 1
levelup/go-api/internal/analysis/home.go:374.2,374.16 1 1
levelup/go-api/internal/analysis/home.go:374.16,376.3 1 1
levelup/go-api/internal/analysis/home.go:377.2,378.11 2 1
levelup/go-api/internal/analysis/home.go:381.53,382.23 1 1
levelup/go-api/internal/analysis/home.go:382.23,384.3 1 1
levelup/go-api/internal/analysis/home.go:385.2,386.28 2 1
levelup/go-api/internal/analysis/home.go:386.28,387.34 1 1
levelup/go-api/internal/analysis/home.go:387.34,389.4 1 1
levelup/go-api/internal/analysis/home.go:391.2,391.46 1 1
levelup/go-api/internal/analysis/home.go:394.73,396.25 2 1
levelup/go-api/internal/analysis/home.go:396.25,397.30 1 1
levelup/go-api/internal/analysis/home.go:397.30,398.12 1 1
levelup/go-api/internal/analysis/home.go:400.3,400.53 1 1
levelup/go-api/internal/analysis/home.go:400.53,402.4 1 1
levelup/go-api/internal/analysis/home.go:404.2,404.13 1 1
levelup/go-api/internal/analysis/home.go:407.36,408.42 1 1
levelup/go-api/internal/analysis/home.go:408.42,410.3 1 1
levelup/go-api/internal/analysis/home.go:411.2,411.14 1 1
levelup/go-api/internal/analysis/home.go:414.35,415.41 1 1
levelup/go-api/internal/analysis/home.go:415.41,417.3 1 1
levelup/go-api/internal/analysis/home.go:418.2,418.14 1 1
levelup/go-api/internal/analysis/home.go:421.66,425.41 3 1
levelup/go-api/internal/analysis/home.go:425.41,426.33 1 1
levelup/go-api/internal/analysis/home.go:426.33,428.4 1 0
levelup/go-api/internal/analysis/home.go:429.3,429.33 1 1
levelup/go-api/internal/analysis/home.go:429.33,431.4 1 0
levelup/go-api/internal/analysis/home.go:432.3,432.57 1 1
levelup/go-api/internal/analysis/home.go:434.2,434.27 1 1
levelup/go-api/internal/analysis/home.go:434.27,435.53 1 1
levelup/go-api/internal/analysis/home.go:435.53,437.4 1 1
levelup/go-api/internal/analysis/home.go:439.2,439.11 1 1
levelup/go-api/internal/analysis/home.go:442.66,444.25 2 1
levelup/go-api/internal/analysis/home.go:444.25,446.45 2 1
levelup/go-api/internal/analysis/home.go:446.45,448.4 1 1
levelup/go-api/internal/analysis/home.go:450.2,450.17 1 1
levelup/go-api/internal/analysis/kill_attribution.go:24.56,25.28 1 1
levelup/go-api/internal/analysis/kill_attribution.go:25.28,27.3 1 1
levelup/go-api/internal/analysis/kill_attribution.go:28.2,28.20 1 1
levelup/go-api/internal/analysis/killer_victim.go:47.78,48.21 1 1
levelup/go-api/internal/analysis/killer_victim.go:48.21,50.3 1 1
levelup/go-api/internal/analysis/killer_victim.go:52.2,58.27 3 1
levelup/go-api/internal/analysis/killer_victim.go:58.27,59.22 1 1
levelup/go-api/internal/analysis/killer_victim.go:60.15,61.50 1 1
levelup/go-api/internal/analysis/killer_victim.go:62.16,63.52 1 1
levelup/go-api/internal/analysis/killer_victim.go:67.2,67.41 1 1
levelup/go-api/internal/analysis/killer_victim.go:67.41,69.3 1 1
levelup/go-api/internal/analysis/killer_victim.go:72.2,72.40 1 1
levelup/go-api/internal/analysis/killer_victim.go:72.40,72.74 1 1
levelup/go-api/internal/analysis/killer_victim.go:73.2,73.41 1 1
levelup/go-api/internal/analysis/killer_victim.go:73.41,73.77 1 1
levelup/go-api/internal/analysis/killer_victim.go:75.2,76.27 2 1
levelup/go-api/internal/analysis/killer_victim.go:76.27,78.3 1 1
levelup/go-api/internal/analysis/killer_victim.go:80.2,83.26 3 1
levelup/go-api/internal/analysis/killer_victim.go:83.26,86.15 3 1
levelup/go-api/internal/analysis/killer_victim.go:86.15,87.12 1 1
levelup/go-api/internal/analysis/killer_victim.go:90.3,92.34 3 1
levelup/go-api/internal/analysis/killer_victim.go:92.34,93.25 1 1
levelup/go-api/internal/analysis/killer_victim.go:93.25,94.13 1 0
levelup/go-api/internal/analysis/killer_victim.go:96.4,97.42 2 1
levelup/go-api/internal/analysis/killer_victim.go:97.42,100.5 2 1
levelup/go-api/internal/analysis/killer_victim.go:103.3,103.20 1 1
levelup/go-api/internal/analysis/killer_victim.go:103.20,104.12 1 0
levelup/go-api/internal/analysis/killer_victim.go:107.3,111.21 4 1
levelup/go-api/internal/analysis/killer_victim.go:111.21,113.4 1 1
levelup/go-api/internal/analysis/killer_victim.go:114.3,115.21 2 1
levelup/go-api/internal/analysis/killer_victim.go:115.21,117.4 1 1
levelup/go-api/internal/analysis/killer_victim.go:119.3,125.5 1 1
levelup/go-api/internal/analysis/killer_victim.go:128.2,128.12 1 1
levelup/go-api/internal/analysis/killer_victim.go:133.99,136.26 3 1
levelup/go-api/internal/analysis/killer_victim.go:136.26,137.29 1 1
levelup/go-api/internal/analysis/killer_victim.go:137.29,139.4 1 1
levelup/go-api/internal/analysis/killer_victim.go:139.9,139.36 1 1
levelup/go-api/internal/analysis/killer_victim.go:139.36,141.4 1 1
levelup/go-api/internal/analysis/killer_victim.go:143.2,143.29 1 1
levelup/go-api/internal/analysis/killer_victim.go:151.48,152.48 1 1
levelup/go-api/internal/analysis/killer_victim.go:152.48,152.75 1 1
levelup/go-api/internal/analysis/killer_victim.go:156.48,157.48 1 1
levelup/go-api/internal/analysis/killer_victim.go:157.48,157.74 1 1
levelup/go-api/internal/analysis/killer_victim.go:160.27,161.11 1 1
levelup/go-api/internal/analysis/killer_victim.go:161.11,163.3 1 1
levelup/go-api/internal/analysis/killer_victim.go:164.2,164.10 1 1
levelup/go-api/internal/analysis/performance_score.go:57.12,58.42 1 1
levelup/go-api/internal/analysis/performance_score.go:58.42,60.3 1 1
levelup/go-api/internal/analysis/performance_score.go:62.2,84.36 17 1
levelup/go-api/internal/analysis/performance_score.go:84.36,88.3 3 1
levelup/go-api/internal/analysis/performance_score.go:89.2,89.24 1 1
levelup/go-api/internal/analysis/performance_score.go:89.24,91.3 1 0
levelup/go-api/internal/analysis/performance_score.go:92.2,94.20 2 1
levelup/go-api/internal/analysis/performance_score.go:94.20,96.3 1 1
levelup/go-api/internal/analysis/performance_score.go:98.2,100.17 3 1
levelup/go-api/internal/analysis/performance_score.go:105.74,106.23 1 1
levelup/go-api/internal/analysis/performance_score.go:106.23,108.3 1 1
levelup/go-api/internal/analysis/performance_score.go:109.2,110.30 2 1
levelup/go-api/internal/analysis/performance_score.go:110.30,112.43 2 1
levelup/go-api/internal/analysis/performance_score.go:112.43,114.12 2 1
levelup/go-api/internal/analysis/performance_score.go:116.3,116.67 1 0
levelup/go-api/internal/analysis/performance_score.go:118.2,118.15 1 1
levelup/go-api/internal/analysis/performance_score.go:151.56,152.64 1 1
levelup/go-api/internal/analysis/performance_score.go:152.64,154.3 1 1
levelup/go-api/internal/analysis/performance_score.go:155.2,155.31 1 1
levelup/go-api/internal/analysis/performance_score.go:158.75,163.20 4 1
levelup/go-api/internal/analysis/performance_score.go:163.20,165.3 1 1
levelup/go-api/internal/analysis/performance_score.go:167.2,175.30 2 1
levelup/go-api/internal/analysis/performance_score.go:175.30,178.3 2 1
levelup/go-api/internal/analysis/performance_score.go:179.2,179.28 1 1
levelup/go-api/internal/analysis/performance_score.go:179.28,182.3 2 1
levelup/go-api/internal/analysis/performance_score.go:185.2,185.66 1 1
levelup/go-api/internal/analysis/performance_score.go:185.66,190.3 4 1
levelup/go-api/internal/analysis/performance_score.go:192.2,192.56 1 1
levelup/go-api/internal/analysis/performance_score.go:192.56,195.3 2 1
levelup/go-api/internal/analysis/performance_score.go:197.2,197.58 1 1
levelup/go-api/internal/analysis/performance_score.go:197.58,200.3 2 1
levelup/go-api/internal/analysis/performance_score.go:202.2,202.10 1 1
levelup/go-api/internal/analysis/performance_score.go:205.75,213.30 3 1
levelup/go-api/internal/analysis/performance_score.go:213.30,219.24 6 1
levelup/go-api/internal/analysis/performance_score.go:219.24,221.4 1 1
levelup/go-api/internal/analysis/performance_score.go:222.3,222.20 1 1
levelup/go-api/internal/analysis/performance_score.go:222.20,224.4 1 1
levelup/go-api/internal/analysis/performance_score.go:225.3,225.25 1 1
levelup/go-api/internal/analysis/performance_score.go:225.25,227.4 1 1
levelup/go-api/internal/analysis/performance_score.go:228.3,228.28 1 1
levelup/go-api/internal/analysis/performance_score.go:228.28,230.4 1 0
levelup/go-api/internal/analysis/performance_score.go:231.3,231.31 1 1
levelup/go-api/internal/analysis/performance_score.go:231.31,233.4 1 0
levelup/go-api/internal/analysis/performance_score.go:234.3,234.32 1 1
levelup/go-api/internal/analysis/performance_score.go:234.32,236.4 1 0
levelup/go-api/internal/analysis/performance_score.go:238.2,238.10 1 1
levelup/go-api/internal/analysis/performance_score.go:245.62,246.21 1 1
levelup/go-api/internal/analysis/performance_score.go:246.21,248.3 1 1
levelup/go-api/internal/analysis/performance_score.go:249.2,250.27 2 1
levelup/go-api/internal/analysis/performance_score.go:250.27,251.17 1 1
levelup/go-api/internal/analysis/performance_score.go:251.17,253.4 1 1
levelup/go-api/internal/analysis/performance_score.go:255.2,255.77 1 1
levelup/go-api/internal/analysis/performance_score.go:259.69,260.21 1 1
levelup/go-api/internal/analysis/performance_score.go:260.21,262.3 1 0
levelup/go-api/internal/analysis/performance_score.go:263.2,264.27 2 1
levelup/go-api/internal/analysis/performance_score.go:264.27,265.17 1 1
levelup/go-api/internal/analysis/performance_score.go:265.17,267.4 1 1
levelup/go-api/internal/analysis/performance_score.go:269.2,269.77 1 1
levelup/go-api/internal/analysis/performance_score.go:279.3,280.21 1 1
levelup/go-api/internal/analysis/performance_score.go:280.21,282.3 1 1
levelup/go-api/internal/analysis/performance_score.go:283.2,284.9 2 1
levelup/go-api/internal/analysis/performance_score.go:284.9,286.3 1 1
levelup/go-api/internal/analysis/performance_score.go:287.2,288.13 2 1
levelup/go-api/internal/analysis/performance_score.go:288.13,290.3 1 1
levelup/go-api/internal/analysis/performance_score.go:290.8,292.3 1 1
levelup/go-api/internal/analysis/performance_score.go:293.2,294.22 2 1
levelup/go-api/internal/analysis/performance_score.go:304.3,305.37 1 1
levelup/go-api/internal/analysis/performance_score.go:305.37,307.3 1 1
levelup/go-api/internal/analysis/performance_score.go:308.2,308.69 1 1
levelup/go-api/internal/analysis/performance_score.go:313.69,316.67 3 1
levelup/go-api/internal/analysis/performance_score.go:316.67,319.3 2 1
levelup/go-api/internal/analysis/performance_score.go:320.2,321.11 2 1
levelup/go-api/internal/analysis/performance_score.go:321.11,323.3 1 1
levelup/go-api/internal/analysis/performance_score.go:323.8,325.3 1 1
levelup/go-api/internal/analysis/performance_score.go:326.2,326.22 1 1
levelup/go-api/internal/analysis/performance_score.go:331.95,332.26 1 1
levelup/go-api/internal/analysis/performance_score.go:332.26,335.3 2 1
levelup/go-api/internal/analysis/performance_score.go:336.2,337.31 2 1
levelup/go-api/internal/analysis/performance_score.go:337.31,338.19 1 1
levelup/go-api/internal/analysis/performance_score.go:338.19,340.4 1 1
levelup/go-api/internal/analysis/performance_score.go:340.9,343.4 2 1
levelup/go-api/internal/analysis/performance_score.go:345.2,346.20 2 1
levelup/go-api/internal/analysis/performance_score.go:346.20,348.3 1 1
levelup/go-api/internal/analysis/performance_score.go:348.8,350.3 1 1
levelup/go-api/internal/analysis/performance_score.go:351.2,355.13 5 1
levelup/go-api/internal/analysis/performance_score.go:359.42,360.13 1 1
levelup/go-api/internal/analysis/performance_score.go:360.13,362.3 1 1
levelup/go-api/internal/analysis/performance_score.go:363.2,363.13 1 1
levelup/go-api/internal/analysis/performance_score.go:363.13,365.3 1 1
levelup/go-api/internal/analysis/performance_score.go:366.2,366.10 1 1
levelup/go-api/internal/analysis/sessions.go:21.59,28.2 1 1
levelup/go-api/internal/analysis/sessions.go:31.96,32.20 1 1
levelup/go-api/internal/analysis/sessions.go:32.20,34.3 1 0
levelup/go-api/internal/analysis/sessions.go:35.2,35.21 1 1
levelup/go-api/internal/analysis/sessions.go:35.21,37.3 1 0
levelup/go-api/internal/analysis/sessions.go:38.2,42.27 5 1
levelup/go-api/internal/analysis/sessions.go:42.27,43.74 1 1
levelup/go-api/internal/analysis/sessions.go:43.74,45.4 1 1
levelup/go-api/internal/analysis/sessions.go:46.3,46.78 1 1
levelup/go-api/internal/analysis/sessions.go:48.2,48.12 1 1
levelup/go-api/internal/analysis/sessions.go:52.126,53.20 1 1
levelup/go-api/internal/analysis/sessions.go:53.20,55.3 1 0
levelup/go-api/internal/analysis/sessions.go:56.2,56.26 1 1
levelup/go-api/internal/analysis/sessions.go:56.26,58.3 1 0
levelup/go-api/internal/analysis/sessions.go:59.2,64.27 6 1
levelup/go-api/internal/analysis/sessions.go:64.27,65.12 1 1
levelup/go-api/internal/analysis/sessions.go:65.12,70.49 5 1
levelup/go-api/internal/analysis/sessions.go:70.49,72.5 1 1
levelup/go-api/internal/analysis/sessions.go:74.3,74.78 1 1
levelup/go-api/internal/analysis/sessions.go:76.2,76.12 1 1
levelup/go-api/internal/analysis/sessions.go:80.118,81.27 1 1
levelup/go-api/internal/analysis/sessions.go:81.27,83.3 1 0
levelup/go-api/internal/analysis/sessions.go:84.2,86.25 3 1
levelup/go-api/internal/analysis/sessions.go:86.25,88.30 2 1
levelup/go-api/internal/analysis/sessions.go:88.30,90.4 1 1
levelup/go-api/internal/analysis/sessions.go:92.2,100.32 4 1
levelup/go-api/internal/analysis/sessions.go:100.32,103.42 3 1
levelup/go-api/internal/analysis/sessions.go:103.42,105.4 1 1
levelup/go-api/internal/analysis/sessions.go:105.9,108.29 3 1
levelup/go-api/internal/analysis/sessions.go:108.29,110.5 1 0
levelup/go-api/internal/analysis/sessions.go:111.4,111.26 1 1
levelup/go-api/internal/analysis/sessions.go:111.26,113.5 1 1
levelup/go-api/internal/analysis/sessions.go:115.3,115.26 1 1
levelup/go-api/internal/analysis/sessions.go:115.26,117.4 1 0
levelup/go-api/internal/analysis/sessions.go:119.2,120.36 2 1
levelup/go-api/internal/analysis/sessions.go:120.36,122.10 2 1
levelup/go-api/internal/analysis/sessions.go:122.10,123.12 1 0
levelup/go-api/internal/analysis/sessions.go:125.3,132.5 2 1
levelup/go-api/internal/analysis/sessions.go:134.2,134.15 1 1
levelup/go-api/internal/analysis/sessions.go:138.122,140.27 2 1
levelup/go-api/internal/analysis/sessions.go:140.27,142.3 1 1
levelup/go-api/internal/analysis/sessions.go:143.2,144.32 2 1
levelup/go-api/internal/analysis/sessions.go:144.32,150.3 1 1
levelup/go-api/internal/analysis/sessions.go:151.2,151.12 1 1
levelup/go-api/internal/analysis/sessions.go:155.79,160.25 5 1
levelup/go-api/internal/analysis/sessions.go:160.25,162.3 1 1
levelup/go-api/internal/analysis/sessions.go:163.2,163.29 1 1
levelup/go-api/internal/analysis/sessions.go:163.29,165.3 1 1
levelup/go-api/internal/analysis/sessions.go:166.2,166.14 1 0
levelup/go-api/internal/analysis/sessions.go:170.52,171.9 1 1
levelup/go-api/internal/analysis/sessions.go:172.16,173.70 1 1
levelup/go-api/internal/analysis/sessions.go:174.17,175.68 1 1
levelup/go-api/internal/analysis/sessions.go:176.18,177.66 1 1
levelup/go-api/internal/analysis/sessions.go:178.18,179.70 1 1
levelup/go-api/internal/analysis/sessions.go:180.10,181.68 1 1
levelup/go-api/internal/analysis/sessions.go:185.80,188.41 3 1
levelup/go-api/internal/analysis/sessions.go:188.41,190.3 1 1
levelup/go-api/internal/analysis/sessions.go:191.2,191.15 1 1
levelup/go-api/internal/analysis/sessions.go:194.57,195.21 1 1
levelup/go-api/internal/analysis/sessions.go:195.21,197.3 1 1
levelup/go-api/internal/analysis/sessions.go:198.2,199.26 2 1
levelup/go-api/internal/analysis/sessions.go:199.26,201.3 1 1
levelup/go-api/internal/analysis/sessions.go:202.2,202.12 1 1
levelup/go-api/internal/analysis/sessions.go:205.85,208.24 3 1
levelup/go-api/internal/analysis/sessions.go:208.24,210.3 1 1
levelup/go-api/internal/analysis/sessions.go:211.2,211.22 1 1
levelup/go-api/internal/analysis/sessions.go:211.22,213.3 1 1
levelup/go-api/internal/analysis/sessions.go:214.2,216.51 3 1
levelup/go-api/internal/analysis/sessions.go:216.51,218.3 1 1
levelup/go-api/internal/analysis/sessions.go:219.2,219.35 1 1
levelup/go-api/internal/analysis/sessions.go:219.35,220.39 1 1
levelup/go-api/internal/analysis/sessions.go:220.39,222.4 1 1
levelup/go-api/internal/analysis/sessions.go:224.2,224.14 1 0
levelup/go-api/internal/analysis/sessions.go:227.38,228.15 1 1
levelup/go-api/internal/analysis/sessions.go:228.15,230.3 1 1
levelup/go-api/internal/analysis/sessions.go:231.2,233.26 3 1
levelup/go-api/internal/analysis/sessions.go:233.26,234.40 1 1
levelup/go-api/internal/analysis/sessions.go:234.40,236.4 1 1
levelup/go-api/internal/analysis/sessions.go:238.2,238.12 1 1
levelup/go-api/internal/analysis/sessions.go:241.76,243.26 2 1
levelup/go-api/internal/analysis/sessions.go:243.26,244.32 1 1
levelup/go-api/internal/analysis/sessions.go:244.32,246.4 1 1
levelup/go-api/internal/analysis/sessions.go:248.2,248.12 1 1
levelup/go-api/internal/analysis/sessions.go:251.53,252.26 1 1
levelup/go-api/internal/analysis/sessions.go:252.26,253.15 1 1
levelup/go-api/internal/analysis/sessions.go:253.15,255.4 1 1
levelup/go-api/internal/analysis/sessions.go:257.2,257.14 1 1
levelup/go-api/internal/analysis/sessions.go:260.36,261.14 1 1
levelup/go-api/internal/analysis/sessions.go:261.14,263.3 1 1
levelup/go-api/internal/analysis/sessions.go:264.2,264.11 1 1
levelup/go-api/internal/analysis/sessions.go:267.64,270.24 3 1
levelup/go-api/internal/analysis/sessions.go:270.24,272.3 1 0
levelup/go-api/internal/analysis/sessions.go:273.2,273.95 1 1
levelup/go-api/internal/analysis/skill_rating.go:62.36,67.2 1 1
levelup/go-api/internal/analysis/skill_rating.go:74.28,75.20 1 1
levelup/go-api/internal/analysis/skill_rating.go:75.20,77.3 1 1
levelup/go-api/internal/analysis/skill_rating.go:79.2,81.41 3 1
levelup/go-api/internal/analysis/skill_rating.go:81.41,83.3 1 1
levelup/go-api/internal/analysis/skill_rating.go:85.2,89.29 4 1
levelup/go-api/internal/analysis/skill_rating.go:89.29,93.33 3 1
levelup/go-api/internal/analysis/skill_rating.go:93.33,96.4 2 1
levelup/go-api/internal/analysis/skill_rating.go:98.3,120.26 14 1
levelup/go-api/internal/analysis/skill_rating.go:120.26,122.4 1 0
levelup/go-api/internal/analysis/skill_rating.go:123.3,123.55 1 1
levelup/go-api/internal/analysis/skill_rating.go:123.55,125.17 2 0
levelup/go-api/internal/analysis/skill_rating.go:125.17,128.5 2 0
levelup/go-api/internal/analysis/skill_rating.go:131.3,136.5 1 1
levelup/go-api/internal/analysis/skill_rating.go:138.2,138.16 1 1
levelup/go-api/internal/analysis/skill_rating.go:142.104,155.2 10 1
levelup/go-api/internal/analysis/skill_rating.go:158.56,159.37 1 1
levelup/go-api/internal/analysis/skill_rating.go:159.37,161.3 1 1
levelup/go-api/internal/analysis/skill_rating.go:162.2,164.42 3 1
levelup/go-api/internal/analysis/skill_rating.go:167.67,169.2 1 1
levelup/go-api/internal/analysis/skill_rating.go:171.35,174.2 2 1
levelup/go-api/internal/analysis/skill_rating.go:176.35,178.19 2 1
levelup/go-api/internal/analysis/skill_rating.go:178.19,180.3 1 0
levelup/go-api/internal/analysis/skill_rating.go:181.2,181.31 1 1
levelup/go-api/internal/analysis/skill_rating.go:190.11,193.56 2 1
levelup/go-api/internal/analysis/skill_rating.go:193.56,196.3 2 1
levelup/go-api/internal/analysis/skill_rating.go:198.2,198.58 1 1
levelup/go-api/internal/analysis/skill_rating.go:198.58,201.3 2 1
levelup/go-api/internal/analysis/skill_rating.go:203.2,203.24 1 1
levelup/go-api/internal/analysis/skill_rating.go:203.24,204.49 1 1
levelup/go-api/internal/analysis/skill_rating.go:204.49,206.4 1 1
levelup/go-api/internal/analysis/skill_rating.go:209.2,209.54 1 1
levelup/go-api/internal/analysis/skill_rating.go:209.54,211.16 2 0
levelup/go-api/internal/analysis/skill_rating.go:211.16,214.4 2 0
levelup/go-api/internal/analysis/skill_rating.go:217.2,217.39 1 1
levelup/go-api/internal/analysis/skill_rating.go:217.39,220.3 2 0
levelup/go-api/internal/analysis/skill_rating.go:222.2,224.35 3 1
levelup/go-api/internal/analysis/skill_rating.go:224.35,228.3 3 1
levelup/go-api/internal/analysis/skill_rating.go:229.2,229.24 1 1
levelup/go-api/internal/analysis/skill_rating.go:229.24,231.3 1 1
levelup/go-api/internal/analysis/skill_rating.go:232.2,232.50 1 1
levelup/go-api/internal/analysis/skill_rating.go:235.47,236.18 1 1
levelup/go-api/internal/analysis/skill_rating.go:236.18,238.3 1 1
levelup/go-api/internal/analysis/skill_rating.go:239.2,240.44 2 1
levelup/go-api/internal/analysis/skill_rating.go:243.97,245.33 2 1
levelup/go-api/internal/analysis/skill_rating.go:245.33,247.3 1 1
levelup/go-api/internal/analysis/skill_rating.go:248.2,248.12 1 1
levelup/go-api/internal/analysis/skill_rating.go:251.79,252.21 1 1
levelup/go-api/internal/analysis/skill_rating.go:252.21,254.3 1 1
levelup/go-api/internal/analysis/skill_rating.go:255.2,257.26 3 1
levelup/go-api/internal/analysis/skill_rating.go:257.26,258.29 1 1
levelup/go-api/internal/analysis/skill_rating.go:258.29,261.4 2 1
levelup/go-api/internal/analysis/skill_rating.go:263.2,263.16 1 1
levelup/go-api/internal/analysis/skill_rating.go:263.16,265.3 1 1
levelup/go-api/internal/analysis/skill_rating.go:266.2,268.26 3 1
levelup/go-api/internal/analysis/skill_rating.go:268.26,269.29 1 1
levelup/go-api/internal/analysis/skill_rating.go:269.29,272.4 2 1
levelup/go-api/internal/analysis/skill_rating.go:274.2,275.20 2 1
levelup/go-api/internal/analysis/skill_rating.go:281.48,282.26 1 1
levelup/go-api/internal/analysis/skill_rating.go:282.26,283.75 1 1
levelup/go-api/internal/analysis/skill_rating.go:283.75,285.4 1 1
levelup/go-api/internal/analysis/skill_rating.go:285.9,287.4 1 1
levelup/go-api/internal/analysis/skill_rating.go:289.2,289.27 1 1
levelup/go-api/internal/analysis/skill_rating.go:295.29,296.23 1 1
levelup/go-api/internal/analysis/skill_rating.go:296.23,298.3 1 1
levelup/go-api/internal/analysis/skill_rating.go:299.2,300.33 2 1
levelup/go-api/internal/analysis/skill_rating.go:300.33,303.3 2 1
levelup/go-api/internal/analysis/skill_rating.go:303.8,305.3 1 0
levelup/go-api/internal/analysis/skill_rating.go:306.2,306.36 1 1
levelup/go-api/internal/analysis/skill_rating.go:309.59,310.21 1 1
levelup/go-api/internal/analysis/skill_rating.go:310.21,312.3 1 1
levelup/go-api/internal/analysis/skill_rating.go:313.2,315.26 3 1
levelup/go-api/internal/analysis/skill_rating.go:315.26,316.29 1 1
levelup/go-api/internal/analysis/skill_rating.go:316.29,319.4 2 1
levelup/go-api/internal/analysis/skill_rating.go:321.2,321.16 1 1
levelup/go-api/internal/analysis/skill_rating.go:321.16,323.3 1 0
levelup/go-api/internal/analysis/skill_rating.go:324.2,324.29 1 1
levelup/go-api/internal/analysis/skill_rating.go:327.65,329.51 2 1
levelup/go-api/internal/analysis/skill_rating.go:329.51,330.38 1 1
levelup/go-api/internal/analysis/skill_rating.go:330.38,332.4 1 1
levelup/go-api/internal/analysis/skill_rating.go:334.2,334.16 1 1
levelup/go-api/internal/analysis/skill_rating.go:337.82,338.32 1 1
levelup/go-api/internal/analysis/skill_rating.go:338.32,340.3 1 1
levelup/go-api/internal/analysis/skill_rating.go:341.2,343.10 3 1
levelup/go-api/internal/analysis/skill_rating.go:346.75,348.26 2 1
levelup/go-api/internal/analysis/skill_rating.go:348.26,350.3 1 1
levelup/go-api/internal/analysis/skill_rating.go:351.2,351.14 1 1
levelup/go-api/internal/analysis/skill_rating.go:354.49,355.21 1 1
levelup/go-api/internal/analysis/skill_rating.go:355.21,357.3 1 1
levelup/go-api/internal/analysis/skill_rating.go:358.2,359.26 2 1
levelup/go-api/internal/analysis/skill_rating.go:359.26,361.3 1 1
levelup/go-api/internal/analysis/skill_rating.go:362.2,362.34 1 1
levelup/go-api/internal/analysis/skill_rating.go:365.33,366.14 1 1
levelup/go-api/internal/analysis/skill_rating.go:366.14,368.3 1 1
levelup/go-api/internal/analysis/skill_rating.go:369.2,369.13 1 1
levelup/go-api/internal/analysis/skill_rating.go:369.13,371.3 1 1
levelup/go-api/internal/analysis/skill_rating.go:372.2,373.9 2 1
levelup/go-api/internal/analysis/skill_rating.go:373.9,375.3 1 1
levelup/go-api/internal/analysis/skill_rating.go:376.2,380.9 4 1
levelup/go-api/internal/analysis/skill_rating.go:380.9,382.3 1 1
levelup/go-api/internal/analysis/skill_rating.go:383.2,383.12 1 1
levelup/go-api/internal/analysis/skill_rating.go:386.33,388.2 1 1
levelup/go-api/internal/analysis/skill_rating.go:390.36,391.26 1 1
levelup/go-api/internal/analysis/skill_rating.go:391.26,393.3 1 1
levelup/go-api/internal/analysis/skill_rating.go:394.2,394.13 1 1
levelup/go-api/internal/analysis/skill_rating.go:394.13,396.3 1 0
levelup/go-api/internal/analysis/skill_rating.go:397.2,397.58 1 1
levelup/go-api/internal/analysis/skill_rating.go:400.40,406.2 5 1
levelup/go-api/internal/analysis/spawn_detection.go:90.11,91.21 1 1
levelup/go-api/internal/analysis/spawn_detection.go:91.21,93.3 1 1
levelup/go-api/internal/analysis/spawn_detection.go:95.2,96.33 2 1
levelup/go-api/internal/analysis/spawn_detection.go:96.33,98.3 1 1
levelup/go-api/internal/analysis/spawn_detection.go:100.2,101.16 2 1
levelup/go-api/internal/analysis/spawn_detection.go:101.16,103.3 1 0
levelup/go-api/internal/analysis/spawn_detection.go:106.2,106.53 1 1
levelup/go-api/internal/analysis/spawn_detection.go:106.53,108.3 1 1
levelup/go-api/internal/analysis/spawn_detection.go:109.2,109.16 1 1
levelup/go-api/internal/analysis/spawn_detection.go:109.16,111.3 1 1
levelup/go-api/internal/analysis/spawn_detection.go:112.2,112.15 1 1
levelup/go-api/internal/analysis/spawn_detection.go:122.62,130.31 3 1
levelup/go-api/internal/analysis/spawn_detection.go:130.31,133.35 3 1
levelup/go-api/internal/analysis/spawn_detection.go:133.35,135.98 1 1
levelup/go-api/internal/analysis/spawn_detection.go:135.98,137.13 2 1
levelup/go-api/internal/analysis/spawn_detection.go:139.4,140.11 2 1
levelup/go-api/internal/analysis/spawn_detection.go:140.11,142.13 2 0
levelup/go-api/internal/analysis/spawn_detection.go:145.4,146.15 2 1
levelup/go-api/internal/analysis/spawn_detection.go:146.15,151.13 5 1
levelup/go-api/internal/analysis/spawn_detection.go:155.4,155.47 1 1
levelup/go-api/internal/analysis/spawn_detection.go:155.47,167.5 3 1
levelup/go-api/internal/analysis/spawn_detection.go:168.4,169.9 2 1
levelup/go-api/internal/analysis/spawn_detection.go:174.2,175.29 2 1
levelup/go-api/internal/analysis/spawn_detection.go:175.29,176.25 1 1
levelup/go-api/internal/analysis/spawn_detection.go:176.25,178.4 1 1
levelup/go-api/internal/analysis/spawn_detection.go:180.2,180.15 1 1
levelup/go-api/internal/analysis/spawn_detection.go:185.89,186.25 1 1
levelup/go-api/internal/analysis/spawn_detection.go:186.25,188.3 1 1
levelup/go-api/internal/analysis/spawn_detection.go:190.2,191.31 2 1
levelup/go-api/internal/analysis/spawn_detection.go:191.31,193.3 1 1
levelup/go-api/internal/analysis/spawn_detection.go:195.2,196.23 2 1
levelup/go-api/internal/analysis/spawn_detection.go:196.23,198.3 1 1
levelup/go-api/internal/analysis/spawn_detection.go:200.2,200.54 1 1
levelup/go-api/internal/analysis/spawn_detection.go:200.54,202.3 1 1
levelup/go-api/internal/analysis/spawn_detection.go:204.2,204.24 1 1
levelup/go-api/internal/analysis/spawn_detection.go:204.24,206.3 1 0
levelup/go-api/internal/analysis/spawn_detection.go:207.2,208.22 2 1
levelup/go-api/internal/analysis/spawn_detection.go:208.22,210.3 1 0
levelup/go-api/internal/analysis/spawn_detection.go:212.2,212.25 1 1
levelup/go-api/internal/analysis/spawn_detection.go:212.25,214.3 1 0
levelup/go-api/internal/analysis/spawn_detection.go:215.2,220.8 5 1
levelup/go-api/internal/analysis/spawn_detection.go:224.69,225.58 1 1
levelup/go-api/internal/analysis/spawn_detection.go:225.58,227.3 1 1
levelup/go-api/internal/analysis/spawn_detection.go:228.2,229.58 2 1
levelup/go-api/internal/analysis/spawn_detection.go:238.103,239.25 1 1
levelup/go-api/internal/analysis/spawn_detection.go:239.25,241.3 1 1
levelup/go-api/internal/analysis/spawn_detection.go:244.2,244.44 1 1
levelup/go-api/internal/analysis/spawn_detection.go:244.44,246.3 1 1
levelup/go-api/internal/analysis/spawn_detection.go:249.2,252.30 3 1
levelup/go-api/internal/analysis/spawn_detection.go:252.30,256.39 4 1
levelup/go-api/internal/analysis/spawn_detection.go:256.39,257.44 1 1
levelup/go-api/internal/analysis/spawn_detection.go:257.44,258.10 1 1
levelup/go-api/internal/analysis/spawn_detection.go:260.4,260.39 1 1
levelup/go-api/internal/analysis/spawn_detection.go:260.39,263.5 2 1
levelup/go-api/internal/analysis/spawn_detection.go:265.3,265.25 1 1
levelup/go-api/internal/analysis/spawn_detection.go:265.25,268.4 2 1
levelup/go-api/internal/analysis/spawn_detection.go:270.2,270.15 1 1
levelup/go-api/internal/analysis/spawn_detection.go:280.76,281.25 1 1
levelup/go-api/internal/analysis/spawn_detection.go:281.25,283.3 1 1
levelup/go-api/internal/analysis/spawn_detection.go:284.2,284.44 1 1
levelup/go-api/internal/analysis/spawn_detection.go:284.44,286.3 1 1
levelup/go-api/internal/analysis/spawn_detection.go:289.2,293.30 3 1
levelup/go-api/internal/analysis/spawn_detection.go:293.30,295.29 2 1
levelup/go-api/internal/analysis/spawn_detection.go:295.29,299.4 3 1
levelup/go-api/internal/analysis/spawn_detection.go:302.2,302.24 1 1
levelup/go-api/internal/analysis/spawn_detection.go:302.24,304.3 1 0
levelup/go-api/internal/analysis/spawn_detection.go:307.2,307.32 1 1
levelup/go-api/internal/analysis/spawn_detection.go:307.32,309.3 1 0
levelup/go-api/internal/analysis/spawn_detection.go:310.2,310.17 1 1
levelup/go-api/internal/analysis/squad_breakdown.go:19.84,20.20 1 1
levelup/go-api/internal/analysis/squad_breakdown.go:20.20,22.3 1 1
levelup/go-api/internal/analysis/squad_breakdown.go:23.2,27.25 4 1
levelup/go-api/internal/analysis/squad_breakdown.go:27.25,28.72 1 1
levelup/go-api/internal/analysis/squad_breakdown.go:28.72,30.38 2 1
levelup/go-api/internal/analysis/squad_breakdown.go:30.38,32.5 1 1
levelup/go-api/internal/analysis/squad_breakdown.go:34.3,34.19 1 1
levelup/go-api/internal/analysis/squad_breakdown.go:34.19,37.4 2 1
levelup/go-api/internal/analysis/squad_breakdown.go:38.3,39.11 2 1
levelup/go-api/internal/analysis/squad_breakdown.go:42.2,43.17 2 1
levelup/go-api/internal/analysis/squad_breakdown.go:43.17,45.3 1 1
levelup/go-api/internal/analysis/squad_breakdown.go:46.2,47.14 2 1
levelup/go-api/internal/analysis/squad_breakdown.go:47.14,49.3 1 1
levelup/go-api/internal/analysis/squad_breakdown.go:50.2,51.16 2 1
levelup/go-api/internal/analysis/squad_breakdown.go:51.16,53.3 1 1
levelup/go-api/internal/analysis/squad_breakdown.go:55.2,60.3 1 1
levelup/go-api/internal/analysis/squad_breakdown.go:69.86,71.25 2 1
levelup/go-api/internal/analysis/squad_breakdown.go:71.25,73.23 2 1
levelup/go-api/internal/analysis/squad_breakdown.go:73.23,75.4 1 1
levelup/go-api/internal/analysis/squad_breakdown.go:76.3,81.5 1 1
levelup/go-api/internal/analysis/squad_breakdown.go:83.2,83.14 1 1
levelup/go-api/internal/analysis/squad_breakdown.go:88.73,89.20 1 1
levelup/go-api/internal/analysis/squad_breakdown.go:89.20,91.3 1 0
levelup/go-api/internal/analysis/squad_breakdown.go:93.2,105.25 3 1
levelup/go-api/internal/analysis/squad_breakdown.go:105.25,107.14 2 1
levelup/go-api/internal/analysis/squad_breakdown.go:107.14,109.4 1 0
levelup/go-api/internal/analysis/squad_breakdown.go:110.3,112.10 3 1
levelup/go-api/internal/analysis/squad_breakdown.go:112.10,115.4 2 1
levelup/go-api/internal/analysis/squad_breakdown.go:116.3,116.72 1 1
levelup/go-api/internal/analysis/squad_breakdown.go:116.72,118.38 2 1
levelup/go-api/internal/analysis/squad_breakdown.go:118.38,120.5 1 1
levelup/go-api/internal/analysis/squad_breakdown.go:122.3,124.19 3 1
levelup/go-api/internal/analysis/squad_breakdown.go:124.19,127.4 2 0
levelup/go-api/internal/analysis/squad_breakdown.go:128.3,128.14 1 1
levelup/go-api/internal/analysis/squad_breakdown.go:132.2,137.29 3 1
levelup/go-api/internal/analysis/squad_breakdown.go:137.29,138.20 1 1
levelup/go-api/internal/analysis/squad_breakdown.go:138.20,139.12 1 1
levelup/go-api/internal/analysis/squad_breakdown.go:141.3,142.20 2 1
levelup/go-api/internal/analysis/squad_breakdown.go:142.20,144.4 1 1
levelup/go-api/internal/analysis/squad_breakdown.go:145.3,146.20 2 1
levelup/go-api/internal/analysis/squad_breakdown.go:146.20,149.4 2 1
levelup/go-api/internal/analysis/squad_breakdown.go:150.3,150.19 1 1
levelup/go-api/internal/analysis/squad_breakdown.go:150.19,152.4 1 0
levelup/go-api/internal/analysis/squad_breakdown.go:153.3,163.5 1 1
levelup/go-api/internal/analysis/squad_breakdown.go:165.2,165.45 1 1
levelup/go-api/internal/analysis/squad_breakdown.go:165.45,165.91 1 1
levelup/go-api/internal/analysis/squad_breakdown.go:167.2,169.31 3 1
levelup/go-api/internal/analysis/squad_breakdown.go:169.31,170.23 1 1
levelup/go-api/internal/analysis/squad_breakdown.go:170.23,171.9 1 0
levelup/go-api/internal/analysis/squad_breakdown.go:173.3,173.35 1 1
levelup/go-api/internal/analysis/squad_breakdown.go:175.2,175.15 1 1
levelup/go-api/internal/analysis/squad_breakdown.go:180.86,181.20 1 0
levelup/go-api/internal/analysis/squad_breakdown.go:181.20,183.3 1 0
levelup/go-api/internal/analysis/squad_breakdown.go:185.2,197.25 3 0
levelup/go-api/internal/analysis/squad_breakdown.go:197.25,199.14 2 0
levelup/go-api/internal/analysis/squad_breakdown.go:199.14,201.4 1 0
levelup/go-api/internal/analysis/squad_breakdown.go:202.3,204.10 3 0
levelup/go-api/internal/analysis/squad_breakdown.go:204.10,207.4 2 0
levelup/go-api/internal/analysis/squad_breakdown.go:208.3,208.72 1 0
levelup/go-api/internal/analysis/squad_breakdown.go:208.72,210.38 2 0
levelup/go-api/internal/analysis/squad_breakdown.go:210.38,212.5 1 0
levelup/go-api/internal/analysis/squad_breakdown.go:214.3,216.19 3 0
levelup/go-api/internal/analysis/squad_breakdown.go:216.19,219.4 2 0
levelup/go-api/internal/analysis/squad_breakdown.go:220.3,220.14 1 0
levelup/go-api/internal/analysis/squad_breakdown.go:223.2,228.29 3 0
levelup/go-api/internal/analysis/squad_breakdown.go:228.29,229.20 1 0
levelup/go-api/internal/analysis/squad_breakdown.go:229.20,230.12 1 0
levelup/go-api/internal/analysis/squad_breakdown.go:232.3,233.20 2 0
levelup/go-api/internal/analysis/squad_breakdown.go:233.20,235.4 1 0
levelup/go-api/internal/analysis/squad_breakdown.go:236.3,236.20 1 0
levelup/go-api/internal/analysis/squad_breakdown.go:236.20,239.4 2 0
levelup/go-api/internal/analysis/squad_breakdown.go:240.3,240.19 1 0
levelup/go-api/internal/analysis/squad_breakdown.go:240.19,242.4 1 0
levelup/go-api/internal/analysis/squad_breakdown.go:243.3,253.5 1 0
levelup/go-api/internal/analysis/squad_breakdown.go:255.2,255.45 1 0
levelup/go-api/internal/analysis/squad_breakdown.go:255.45,255.91 1 0
levelup/go-api/internal/analysis/squad_breakdown.go:257.2,259.31 3 0
levelup/go-api/internal/analysis/squad_breakdown.go:259.31,260.23 1 0
levelup/go-api/internal/analysis/squad_breakdown.go:260.23,261.9 1 0
levelup/go-api/internal/analysis/squad_breakdown.go:263.3,263.35 1 0
levelup/go-api/internal/analysis/squad_breakdown.go:265.2,265.15 1 0
levelup/go-api/internal/analysis/squad_breakdown.go:270.106,274.25 4 1
levelup/go-api/internal/analysis/squad_breakdown.go:274.25,275.33 1 1
levelup/go-api/internal/analysis/squad_breakdown.go:275.33,276.12 1 1
levelup/go-api/internal/analysis/squad_breakdown.go:278.3,279.72 2 1
levelup/go-api/internal/analysis/squad_breakdown.go:279.72,281.38 2 1
levelup/go-api/internal/analysis/squad_breakdown.go:281.38,283.5 1 1
levelup/go-api/internal/analysis/squad_breakdown.go:285.3,286.19 2 1
levelup/go-api/internal/analysis/squad_breakdown.go:286.19,289.4 2 1
levelup/go-api/internal/analysis/squad_breakdown.go:291.2,291.21 1 1
levelup/go-api/internal/analysis/squad_breakdown.go:291.21,293.3 1 1
levelup/go-api/internal/analysis/squad_breakdown.go:294.2,295.15 2 1
levelup/go-api/internal/analysis/squad_breakdown.go:295.15,297.3 1 1
levelup/go-api/internal/analysis/squad_breakdown.go:298.2,299.14 2 1
levelup/go-api/internal/analysis/squad_breakdown.go:299.14,301.3 1 1
levelup/go-api/internal/analysis/squad_breakdown.go:302.2,307.3 1 1
levelup/go-api/internal/analysis/squad_breakdown.go:315.95,323.25 7 1
levelup/go-api/internal/analysis/squad_breakdown.go:323.25,324.33 1 1
levelup/go-api/internal/analysis/squad_breakdown.go:324.33,325.12 1 0
levelup/go-api/internal/analysis/squad_breakdown.go:327.3,328.72 2 1
levelup/go-api/internal/analysis/squad_breakdown.go:328.72,330.38 2 1
levelup/go-api/internal/analysis/squad_breakdown.go:330.38,332.5 1 1
levelup/go-api/internal/analysis/squad_breakdown.go:334.3,334.19 1 1
levelup/go-api/internal/analysis/squad_breakdown.go:334.19,337.4 2 1
levelup/go-api/internal/analysis/squad_breakdown.go:338.3,338.24 1 1
levelup/go-api/internal/analysis/squad_breakdown.go:338.24,341.4 2 1
levelup/go-api/internal/analysis/squad_breakdown.go:342.3,342.32 1 1
levelup/go-api/internal/analysis/squad_breakdown.go:342.32,345.4 2 1
levelup/go-api/internal/analysis/squad_breakdown.go:346.3,347.55 2 1
levelup/go-api/internal/analysis/squad_breakdown.go:347.55,350.4 2 1
levelup/go-api/internal/analysis/squad_breakdown.go:353.2,353.26 1 1
levelup/go-api/internal/analysis/squad_breakdown.go:353.26,355.3 1 1
levelup/go-api/internal/analysis/squad_breakdown.go:356.2,357.17 2 1
levelup/go-api/internal/analysis/squad_breakdown.go:357.17,359.3 1 1
levelup/go-api/internal/analysis/squad_breakdown.go:360.2,360.14 1 1
levelup/go-api/internal/analysis/squad_breakdown.go:360.14,363.3 2 1
levelup/go-api/internal/analysis/squad_breakdown.go:364.2,364.14 1 1
levelup/go-api/internal/analysis/squad_breakdown.go:364.14,367.3 2 1
levelup/go-api/internal/analysis/squad_breakdown.go:368.2,368.15 1 1
levelup/go-api/internal/analysis/squad_breakdown.go:368.15,371.3 2 1
levelup/go-api/internal/analysis/squad_breakdown.go:372.2,372.15 1 1
levelup/go-api/internal/analysis/squad_breakdown.go:372.15,376.23 4 1
levelup/go-api/internal/analysis/squad_breakdown.go:376.23,379.4 2 1
levelup/go-api/internal/analysis/squad_breakdown.go:381.2,381.13 1 1
levelup/go-api/internal/analysis/squad_breakdown.go:385.95,409.2 7 1
levelup/go-api/internal/analysis/squad_breakdown.go:412.91,414.25 2 1
levelup/go-api/internal/analysis/squad_breakdown.go:414.25,421.3 4 1
levelup/go-api/internal/analysis/squad_breakdown.go:422.2,423.25 2 1
levelup/go-api/internal/analysis/squad_breakdown.go:423.25,424.27 1 1
levelup/go-api/internal/analysis/squad_breakdown.go:424.27,425.24 1 1
levelup/go-api/internal/analysis/squad_breakdown.go:425.24,427.5 1 1
levelup/go-api/internal/analysis/squad_breakdown.go:430.2,430.14 1 1
levelup/go-api/internal/analysis/squad_breakdown.go:433.32,434.14 1 1
levelup/go-api/internal/analysis/squad_breakdown.go:434.14,436.3 1 1
levelup/go-api/internal/analysis/squad_breakdown.go:437.2,437.11 1 0
levelup/go-api/internal/analysis/squad_breakdown.go:440.31,442.2 1 1
levelup/go-api/internal/analysis/squad_breakdown.go:444.35,445.14 1 1
levelup/go-api/internal/analysis/squad_breakdown.go:445.14,447.3 1 1
levelup/go-api/internal/analysis/squad_breakdown.go:448.2,448.32 1 0
levelup/go-api/internal/analysis/squad_breakdown.go:451.35,452.14 1 1
levelup/go-api/internal/analysis/squad_breakdown.go:452.14,454.3 1 1
levelup/go-api/internal/analysis/squad_breakdown.go:455.2,455.32 1 0
levelup/go-api/internal/analysis/squad_impact.go:21.22,22.22 1 1
levelup/go-api/internal/analysis/squad_impact.go:22.22,24.3 1 1
levelup/go-api/internal/analysis/squad_impact.go:27.2,32.27 3 1
levelup/go-api/internal/analysis/squad_impact.go:32.27,33.32 1 1
levelup/go-api/internal/analysis/squad_impact.go:33.32,35.4 1 1
levelup/go-api/internal/analysis/squad_impact.go:36.3,36.22 1 1
levelup/go-api/internal/analysis/squad_impact.go:37.15,38.66 1 1
levelup/go-api/internal/analysis/squad_impact.go:39.16,40.68 1 0
levelup/go-api/internal/analysis/squad_impact.go:44.2,46.29 2 1
levelup/go-api/internal/analysis/squad_impact.go:46.29,49.41 2 1
levelup/go-api/internal/analysis/squad_impact.go:49.41,49.85 1 1
levelup/go-api/internal/analysis/squad_impact.go:50.3,50.21 1 1
levelup/go-api/internal/analysis/squad_impact.go:50.21,51.25 1 1
levelup/go-api/internal/analysis/squad_impact.go:52.16,53.20 1 1
levelup/go-api/internal/analysis/squad_impact.go:54.20,55.20 1 1
levelup/go-api/internal/analysis/squad_impact.go:59.3,59.21 1 1
levelup/go-api/internal/analysis/squad_impact.go:59.21,61.21 2 1
levelup/go-api/internal/analysis/squad_impact.go:62.16,63.18 1 1
levelup/go-api/internal/analysis/squad_impact.go:64.20,65.18 1 1
levelup/go-api/internal/analysis/squad_impact.go:70.3,70.22 1 1
levelup/go-api/internal/analysis/squad_impact.go:70.22,72.28 2 0
levelup/go-api/internal/analysis/squad_impact.go:72.28,73.27 1 0
levelup/go-api/internal/analysis/squad_impact.go:73.27,74.20 1 0
levelup/go-api/internal/analysis/squad_impact.go:75.18,76.17 1 0
levelup/go-api/internal/analysis/squad_impact.go:77.22,78.17 1 0
levelup/go-api/internal/analysis/squad_impact.go:84.3,85.42 2 1
levelup/go-api/internal/analysis/squad_impact.go:85.42,85.88 1 0
levelup/go-api/internal/analysis/squad_impact.go:86.3,86.22 1 1
levelup/go-api/internal/analysis/squad_impact.go:86.22,87.26 1 0
levelup/go-api/internal/analysis/squad_impact.go:88.16,89.20 1 0
levelup/go-api/internal/analysis/squad_impact.go:90.20,91.20 1 0
levelup/go-api/internal/analysis/squad_impact.go:96.2,104.3 2 1
levelup/go-api/internal/analysis/squad_profiles.go:20.111,21.20 1 1
levelup/go-api/internal/analysis/squad_profiles.go:21.20,23.3 1 1
levelup/go-api/internal/analysis/squad_profiles.go:25.2,29.25 2 1
levelup/go-api/internal/analysis/squad_profiles.go:29.25,36.24 7 1
levelup/go-api/internal/analysis/squad_profiles.go:36.24,39.4 2 1
levelup/go-api/internal/analysis/squad_profiles.go:40.3,40.27 1 1
levelup/go-api/internal/analysis/squad_profiles.go:40.27,44.4 3 1
levelup/go-api/internal/analysis/squad_profiles.go:45.3,45.19 1 1
levelup/go-api/internal/analysis/squad_profiles.go:45.19,48.4 2 1
levelup/go-api/internal/analysis/squad_profiles.go:51.2,51.40 1 1
levelup/go-api/internal/analysis/squad_profiles.go:51.40,52.13 1 1
levelup/go-api/internal/analysis/squad_profiles.go:52.13,54.4 1 0
levelup/go-api/internal/analysis/squad_profiles.go:55.3,55.46 1 1
levelup/go-api/internal/analysis/squad_profiles.go:58.2,69.3 1 1
levelup/go-api/internal/analysis/squad_profiles.go:73.109,74.20 1 1
levelup/go-api/internal/analysis/squad_profiles.go:74.20,76.3 1 1
levelup/go-api/internal/analysis/squad_profiles.go:78.2,82.25 2 0
levelup/go-api/internal/analysis/squad_profiles.go:82.25,89.24 7 0
levelup/go-api/internal/analysis/squad_profiles.go:89.24,92.4 2 0
levelup/go-api/internal/analysis/squad_profiles.go:93.3,93.27 1 0
levelup/go-api/internal/analysis/squad_profiles.go:93.27,97.4 3 0
levelup/go-api/internal/analysis/squad_profiles.go:98.3,98.21 1 0
levelup/go-api/internal/analysis/squad_profiles.go:98.21,101.4 2 0
levelup/go-api/internal/analysis/squad_profiles.go:104.2,104.40 1 0
levelup/go-api/internal/analysis/squad_profiles.go:104.40,105.13 1 0
levelup/go-api/internal/analysis/squad_profiles.go:105.13,107.4 1 0
levelup/go-api/internal/analysis/squad_profiles.go:108.3,108.46 1 0
levelup/go-api/internal/analysis/squad_profiles.go:111.2,122.3 1 0
levelup/go-api/internal/analysis/squad_profiles.go:135.50,135.86 2 1
levelup/go-api/internal/analysis/squad_profiles.go:136.51,136.88 2 1
levelup/go-api/internal/analysis/squad_profiles.go:137.52,137.90 2 1
levelup/go-api/internal/analysis/squad_profiles.go:138.48,138.64 1 1
levelup/go-api/internal/analysis/squad_profiles.go:139.53,139.74 1 1
levelup/go-api/internal/analysis/squad_profiles.go:145.75,147.33 2 1
levelup/go-api/internal/analysis/squad_profiles.go:147.33,149.3 1 1
levelup/go-api/internal/analysis/squad_profiles.go:150.2,150.20 1 1
levelup/go-api/internal/analysis/squad_profiles.go:150.20,152.3 1 1
levelup/go-api/internal/analysis/squad_profiles.go:153.2,153.33 1 1
levelup/go-api/internal/analysis/squad_profiles.go:153.33,154.28 1 1
levelup/go-api/internal/analysis/squad_profiles.go:154.28,156.16 2 1
levelup/go-api/internal/analysis/squad_profiles.go:156.16,157.13 1 1
levelup/go-api/internal/analysis/squad_profiles.go:159.4,160.18 2 1
levelup/go-api/internal/analysis/squad_profiles.go:160.18,163.13 3 1
levelup/go-api/internal/analysis/squad_profiles.go:165.4,165.28 1 1
levelup/go-api/internal/analysis/squad_profiles.go:165.28,168.5 2 1
levelup/go-api/internal/analysis/squad_profiles.go:168.10,168.36 1 1
levelup/go-api/internal/analysis/squad_profiles.go:168.36,171.5 2 1
levelup/go-api/internal/analysis/squad_profiles.go:174.2,174.15 1 1
levelup/go-api/internal/analysis/squad_profiles.go:178.81,185.54 2 1
levelup/go-api/internal/analysis/squad_profiles.go:185.54,185.90 2 0
levelup/go-api/internal/analysis/squad_profiles.go:186.55,186.92 2 0
levelup/go-api/internal/analysis/squad_profiles.go:187.56,187.94 2 0
levelup/go-api/internal/analysis/squad_profiles.go:188.52,188.70 1 0
levelup/go-api/internal/analysis/squad_profiles.go:189.57,189.78 1 0
levelup/go-api/internal/analysis/squad_profiles.go:191.2,192.28 2 1
levelup/go-api/internal/analysis/squad_profiles.go:192.28,194.3 1 1
levelup/go-api/internal/analysis/squad_profiles.go:195.2,195.28 1 1
levelup/go-api/internal/analysis/squad_profiles.go:195.28,196.28 1 1
levelup/go-api/internal/analysis/squad_profiles.go:196.28,198.16 2 0
levelup/go-api/internal/analysis/squad_profiles.go:198.16,199.13 1 0
levelup/go-api/internal/analysis/squad_profiles.go:201.4,202.18 2 0
levelup/go-api/internal/analysis/squad_profiles.go:202.18,205.13 3 0
levelup/go-api/internal/analysis/squad_profiles.go:207.4,207.28 1 0
levelup/go-api/internal/analysis/squad_profiles.go:207.28,210.5 2 0
levelup/go-api/internal/analysis/squad_profiles.go:210.10,210.36 1 0
levelup/go-api/internal/analysis/squad_profiles.go:210.36,213.5 2 0
levelup/go-api/internal/analysis/squad_profiles.go:216.2,216.15 1 1
levelup/go-api/internal/analysis/squad_score.go:26.32,29.27 2 1
levelup/go-api/internal/analysis/squad_score.go:29.27,30.15 1 1
levelup/go-api/internal/analysis/squad_score.go:30.15,32.4 1 1
levelup/go-api/internal/analysis/squad_score.go:34.2,34.21 1 1
levelup/go-api/internal/analysis/squad_score.go:34.21,40.3 1 1
levelup/go-api/internal/analysis/squad_score.go:41.2,42.26 2 1
levelup/go-api/internal/analysis/squad_score.go:42.26,44.3 1 1
levelup/go-api/internal/analysis/squad_score.go:45.2,51.23 4 1
levelup/go-api/internal/analysis/squad_score.go:51.23,53.31 2 1
levelup/go-api/internal/analysis/squad_score.go:53.31,55.4 1 1
levelup/go-api/internal/analysis/squad_score.go:56.3,58.20 3 1
levelup/go-api/internal/analysis/squad_score.go:58.20,60.4 1 1
levelup/go-api/internal/analysis/squad_score.go:64.2,64.24 1 1
levelup/go-api/internal/analysis/squad_score.go:64.24,66.35 2 1
levelup/go-api/internal/analysis/squad_score.go:66.35,67.18 1 1
levelup/go-api/internal/analysis/squad_score.go:67.18,69.5 1 0
levelup/go-api/internal/analysis/squad_score.go:71.3,71.19 1 1
levelup/go-api/internal/analysis/squad_score.go:71.19,74.4 2 1
levelup/go-api/internal/analysis/squad_score.go:78.2,78.25 1 1
levelup/go-api/internal/analysis/squad_score.go:78.25,80.31 2 1
levelup/go-api/internal/analysis/squad_score.go:80.31,82.4 1 1
levelup/go-api/internal/analysis/squad_score.go:83.3,85.31 3 1
levelup/go-api/internal/analysis/squad_score.go:85.31,88.4 2 1
levelup/go-api/internal/analysis/squad_score.go:89.3,92.16 4 1
levelup/go-api/internal/analysis/squad_score.go:92.16,94.4 1 1
levelup/go-api/internal/analysis/squad_score.go:97.2,105.3 4 1
levelup/go-api/internal/analysis/squad_score.go:110.46,111.9 1 1
levelup/go-api/internal/analysis/squad_score.go:112.19,113.13 1 1
levelup/go-api/internal/analysis/squad_score.go:114.19,115.13 1 1
levelup/go-api/internal/analysis/squad_score.go:116.19,117.13 1 1
levelup/go-api/internal/analysis/squad_score.go:118.19,119.13 1 1
levelup/go-api/internal/analysis/squad_score.go:120.19,121.13 1 1
levelup/go-api/internal/analysis/squad_score.go:122.10,123.13 1 1
levelup/go-api/internal/analysis/squad_score.go:131.44,132.12 1 1
levelup/go-api/internal/analysis/squad_score.go:132.12,134.3 1 0
levelup/go-api/internal/analysis/squad_score.go:135.2,135.12 1 1
levelup/go-api/internal/analysis/squad_score.go:135.12,137.3 1 1
levelup/go-api/internal/analysis/squad_score.go:138.2,138.10 1 1
levelup/go-api/internal/analysis/squad_timeseries.go:22.104,23.20 1 1
levelup/go-api/internal/analysis/squad_timeseries.go:23.20,25.3 1 1
levelup/go-api/internal/analysis/squad_timeseries.go:28.2,29.24 2 1
levelup/go-api/internal/analysis/squad_timeseries.go:29.24,31.3 1 0
levelup/go-api/internal/analysis/squad_timeseries.go:34.2,34.43 1 1
levelup/go-api/internal/analysis/squad_timeseries.go:38.85,41.25 2 1
levelup/go-api/internal/analysis/squad_timeseries.go:41.25,42.25 1 1
levelup/go-api/internal/analysis/squad_timeseries.go:42.25,44.9 2 1
levelup/go-api/internal/analysis/squad_timeseries.go:47.2,47.17 1 1
levelup/go-api/internal/analysis/squad_timeseries.go:47.17,49.3 1 1
levelup/go-api/internal/analysis/squad_timeseries.go:51.2,62.25 3 1
levelup/go-api/internal/analysis/squad_timeseries.go:62.25,63.25 1 1
levelup/go-api/internal/analysis/squad_timeseries.go:63.25,64.12 1 0
levelup/go-api/internal/analysis/squad_timeseries.go:66.3,68.10 3 1
levelup/go-api/internal/analysis/squad_timeseries.go:68.10,70.58 2 1
levelup/go-api/internal/analysis/squad_timeseries.go:70.58,72.5 1 1
levelup/go-api/internal/analysis/squad_timeseries.go:73.4,74.24 2 1
levelup/go-api/internal/analysis/squad_timeseries.go:76.3,76.32 1 1
levelup/go-api/internal/analysis/squad_timeseries.go:76.32,79.4 2 1
levelup/go-api/internal/analysis/squad_timeseries.go:80.3,82.37 3 1
levelup/go-api/internal/analysis/squad_timeseries.go:82.37,84.4 1 1
levelup/go-api/internal/analysis/squad_timeseries.go:84.9,84.45 1 1
levelup/go-api/internal/analysis/squad_timeseries.go:84.45,86.4 1 1
levelup/go-api/internal/analysis/squad_timeseries.go:90.2,91.28 2 1
levelup/go-api/internal/analysis/squad_timeseries.go:91.28,93.3 1 1
levelup/go-api/internal/analysis/squad_timeseries.go:94.2,97.25 3 1
levelup/go-api/internal/analysis/squad_timeseries.go:97.25,100.24 3 1
levelup/go-api/internal/analysis/squad_timeseries.go:100.24,103.4 2 1
levelup/go-api/internal/analysis/squad_timeseries.go:104.3,112.16 4 1
levelup/go-api/internal/analysis/squad_timeseries.go:112.16,115.4 2 1
levelup/go-api/internal/analysis/squad_timeseries.go:116.3,116.29 1 1
levelup/go-api/internal/analysis/squad_timeseries.go:118.2,118.15 1 1
levelup/go-api/internal/analysis/squad_timeseries.go:122.98,124.50 1 1
levelup/go-api/internal/analysis/squad_timeseries.go:124.50,126.32 2 1
levelup/go-api/internal/analysis/squad_timeseries.go:126.32,128.4 1 1
levelup/go-api/internal/analysis/squad_timeseries.go:130.2,130.36 1 0
levelup/go-api/internal/analysis/squad_timeseries.go:134.93,146.25 3 1
levelup/go-api/internal/analysis/squad_timeseries.go:146.25,149.23 3 1
levelup/go-api/internal/analysis/squad_timeseries.go:149.23,152.15 2 1
levelup/go-api/internal/analysis/squad_timeseries.go:152.15,154.5 1 0
levelup/go-api/internal/analysis/squad_timeseries.go:155.4,156.34 2 1
levelup/go-api/internal/analysis/squad_timeseries.go:157.9,160.4 2 1
levelup/go-api/internal/analysis/squad_timeseries.go:162.3,163.10 2 1
levelup/go-api/internal/analysis/squad_timeseries.go:163.10,166.4 2 1
levelup/go-api/internal/analysis/squad_timeseries.go:167.3,167.32 1 1
levelup/go-api/internal/analysis/squad_timeseries.go:167.32,170.4 2 0
levelup/go-api/internal/analysis/squad_timeseries.go:171.3,173.37 3 1
levelup/go-api/internal/analysis/squad_timeseries.go:173.37,175.4 1 1
levelup/go-api/internal/analysis/squad_timeseries.go:175.9,175.45 1 1
levelup/go-api/internal/analysis/squad_timeseries.go:175.45,177.4 1 1
levelup/go-api/internal/analysis/squad_timeseries.go:181.2,182.26 2 1
levelup/go-api/internal/analysis/squad_timeseries.go:182.26,184.3 1 1
levelup/go-api/internal/analysis/squad_timeseries.go:185.2,185.42 1 1
levelup/go-api/internal/analysis/squad_timeseries.go:185.42,185.82 1 1
levelup/go-api/internal/analysis/squad_timeseries.go:187.2,188.28 2 1
levelup/go-api/internal/analysis/squad_timeseries.go:188.28,191.24 3 1
levelup/go-api/internal/analysis/squad_timeseries.go:191.24,194.4 2 0
levelup/go-api/internal/analysis/squad_timeseries.go:195.3,203.16 4 1
levelup/go-api/internal/analysis/squad_timeseries.go:203.16,206.4 2 1
levelup/go-api/internal/analysis/squad_timeseries.go:207.3,207.29 1 1
levelup/go-api/internal/analysis/squad_timeseries.go:209.2,209.15 1 1
levelup/go-api/internal/analysis/weapon_correlation.go:43.21,47.44 3 1
levelup/go-api/internal/analysis/weapon_correlation.go:47.44,49.3 1 0
levelup/go-api/internal/analysis/weapon_correlation.go:52.2,54.46 3 1
levelup/go-api/internal/analysis/weapon_correlation.go:54.46,56.3 1 0
levelup/go-api/internal/analysis/weapon_correlation.go:58.2,60.35 2 1
levelup/go-api/internal/analysis/weapon_correlation.go:60.35,63.19 2 1
levelup/go-api/internal/analysis/weapon_correlation.go:63.19,65.4 1 1
levelup/go-api/internal/analysis/weapon_correlation.go:65.9,65.28 1 1
levelup/go-api/internal/analysis/weapon_correlation.go:65.28,67.4 1 1
levelup/go-api/internal/analysis/weapon_correlation.go:67.9,73.33 5 1
levelup/go-api/internal/analysis/weapon_correlation.go:73.33,74.51 1 1
levelup/go-api/internal/analysis/weapon_correlation.go:74.51,75.14 1 0
levelup/go-api/internal/analysis/weapon_correlation.go:77.5,77.38 1 1
levelup/go-api/internal/analysis/weapon_correlation.go:77.38,78.11 1 0
levelup/go-api/internal/analysis/weapon_correlation.go:80.5,80.44 1 1
levelup/go-api/internal/analysis/weapon_correlation.go:80.44,81.14 1 0
levelup/go-api/internal/analysis/weapon_correlation.go:83.5,83.61 1 1
levelup/go-api/internal/analysis/weapon_correlation.go:83.61,86.6 2 1
levelup/go-api/internal/analysis/weapon_correlation.go:89.4,89.20 1 1
levelup/go-api/internal/analysis/weapon_correlation.go:89.20,93.5 2 1
levelup/go-api/internal/analysis/weapon_correlation.go:93.10,96.14 2 1
levelup/go-api/internal/analysis/weapon_correlation.go:96.14,98.6 1 1
levelup/go-api/internal/analysis/weapon_correlation.go:99.5,99.100 1 1
levelup/go-api/internal/analysis/weapon_correlation.go:103.3,103.34 1 1
levelup/go-api/internal/analysis/weapon_correlation.go:106.2,106.16 1 1
levelup/go-api/internal/analysis/weapon_correlation.go:109.79,119.2 2 1
levelup/go-api/internal/analysis/weapon_correlation.go:128.19,130.49 2 1
levelup/go-api/internal/analysis/weapon_correlation.go:130.49,132.54 2 0
levelup/go-api/internal/analysis/weapon_correlation.go:132.54,133.53 1 0
levelup/go-api/internal/analysis/weapon_correlation.go:133.53,134.51 1 0
levelup/go-api/internal/analysis/weapon_correlation.go:134.51,138.6 3 0
levelup/go-api/internal/analysis/weapon_correlation.go:142.2,142.9 1 1
levelup/go-api/internal/analysis/weapon_correlation.go:142.9,145.3 1 1
levelup/go-api/internal/analysis/weapon_correlation.go:147.2,165.3 6 1
levelup/go-api/internal/analysis/weapon_correlation.go:177.19,182.38 4 1
levelup/go-api/internal/analysis/weapon_correlation.go:182.38,184.43 2 1
levelup/go-api/internal/analysis/weapon_correlation.go:184.43,186.4 1 0
levelup/go-api/internal/analysis/weapon_correlation.go:189.3,189.24 1 1
levelup/go-api/internal/analysis/weapon_correlation.go:189.24,190.55 1 0
levelup/go-api/internal/analysis/weapon_correlation.go:190.55,191.42 1 0
levelup/go-api/internal/analysis/weapon_correlation.go:191.42,192.52 1 0
levelup/go-api/internal/analysis/weapon_correlation.go:192.52,195.7 2 0
levelup/go-api/internal/analysis/weapon_correlation.go:201.3,201.20 1 1
levelup/go-api/internal/analysis/weapon_correlation.go:201.20,202.56 1 1
levelup/go-api/internal/analysis/weapon_correlation.go:202.56,203.49 1 1
levelup/go-api/internal/analysis/weapon_correlation.go:203.49,204.60 1 1
levelup/go-api/internal/analysis/weapon_correlation.go:204.60,206.7 1 0
levelup/go-api/internal/analysis/weapon_correlation.go:206.12,209.7 2 1
levelup/go-api/internal/analysis/weapon_correlation.go:210.6,210.101 1 1
levelup/go-api/internal/analysis/weapon_correlation.go:216.2,217.9 2 1
levelup/go-api/internal/analysis/weapon_correlation.go:218.30,219.18 1 1
levelup/go-api/internal/analysis/weapon_correlation.go:220.21,221.15 1 0
levelup/go-api/internal/analysis/weapon_correlation.go:222.10,223.16 1 1
levelup/go-api/internal/analysis/weapon_correlation.go:226.2,227.12 2 1
levelup/go-api/internal/analysis/weapon_correlation.go:227.12,229.3 1 1
levelup/go-api/internal/analysis/weapon_correlation.go:231.2,240.3 1 1
levelup/go-api/internal/analysis/weapon_data.go:30.36,30.76 1 1
levelup/go-api/internal/analysis/weapon_data.go:57.13,115.28 9 1
levelup/go-api/internal/analysis/weapon_data.go:115.28,123.3 7 1
levelup/go-api/internal/analysis/weapon_data.go:127.26,129.25 2 1
levelup/go-api/internal/analysis/weapon_data.go:129.25,131.3 1 1
levelup/go-api/internal/analysis/weapon_data.go:132.2,132.10 1 1
levelup/go-api/internal/analysis/weapon_data.go:135.32,137.2 1 1
levelup/go-api/internal/analysis/weapon_data.go:139.29,140.9 1 1
levelup/go-api/internal/analysis/weapon_data.go:141.28,142.17 1 1
levelup/go-api/internal/analysis/weapon_data.go:143.28,144.22 1 1
levelup/go-api/internal/analysis/weapon_data.go:145.28,146.22 1 0
levelup/go-api/internal/analysis/weapon_data.go:148.2,148.10 1 0
levelup/go-api/internal/analysis/weapon_data.go:207.13,209.42 2 1
levelup/go-api/internal/analysis/weapon_data.go:209.42,210.41 1 1
levelup/go-api/internal/analysis/weapon_data.go:210.41,212.4 1 1
levelup/go-api/internal/analysis/weapon_data.go:217.46,218.45 1 1
levelup/go-api/internal/analysis/weapon_data.go:218.45,220.3 1 0
levelup/go-api/internal/analysis/weapon_data.go:221.2,221.22 1 1
levelup/go-api/internal/analysis/weapon_data.go:244.13,246.46 2 1
levelup/go-api/internal/analysis/weapon_data.go:246.46,249.17 3 1
levelup/go-api/internal/analysis/weapon_data.go:249.17,251.4 1 1
levelup/go-api/internal/analysis/weapon_data.go:279.13,281.32 2 1
levelup/go-api/internal/analysis/weapon_data.go:281.32,285.3 3 1
levelup/go-api/internal/analysis/weapon_parser.go:31.74,34.2 2 1
levelup/go-api/internal/analysis/weapon_parser.go:37.84,40.25 3 1
levelup/go-api/internal/analysis/weapon_parser.go:40.25,41.36 1 0
levelup/go-api/internal/analysis/weapon_parser.go:41.36,43.4 1 0
levelup/go-api/internal/analysis/weapon_parser.go:45.2,45.17 1 1
levelup/go-api/internal/analysis/weapon_parser.go:65.78,68.26 2 1
levelup/go-api/internal/analysis/weapon_parser.go:68.26,70.3 1 1
levelup/go-api/internal/analysis/weapon_parser.go:71.2,80.30 3 1
levelup/go-api/internal/analysis/weapon_parser.go:80.30,87.32 5 1
levelup/go-api/internal/analysis/weapon_parser.go:87.32,89.41 2 0
levelup/go-api/internal/analysis/weapon_parser.go:89.41,91.5 1 0
levelup/go-api/internal/analysis/weapon_parser.go:92.4,92.53 1 0
levelup/go-api/internal/analysis/weapon_parser.go:94.3,96.36 3 1
levelup/go-api/internal/analysis/weapon_parser.go:96.36,97.21 1 0
levelup/go-api/internal/analysis/weapon_parser.go:97.21,99.5 1 0
levelup/go-api/internal/analysis/weapon_parser.go:101.3,110.31 5 1
levelup/go-api/internal/analysis/weapon_parser.go:110.31,112.4 1 0
levelup/go-api/internal/analysis/weapon_parser.go:113.3,113.31 1 1
levelup/go-api/internal/analysis/weapon_parser.go:116.2,116.20 1 1
levelup/go-api/internal/analysis/weapon_parser.go:120.77,121.35 1 1
levelup/go-api/internal/analysis/weapon_parser.go:121.35,122.75 1 1
levelup/go-api/internal/analysis/weapon_parser.go:122.75,124.4 1 1
levelup/go-api/internal/analysis/weapon_parser.go:126.2,126.27 1 1
levelup/go-api/internal/analysis/weapon_parser.go:126.27,128.3 1 1
levelup/go-api/internal/analysis/weapon_parser.go:129.2,129.10 1 1
levelup/go-api/internal/analysis/weapon_parser.go:137.61,139.24 2 1
levelup/go-api/internal/analysis/weapon_parser.go:139.24,141.3 1 1
levelup/go-api/internal/analysis/weapon_parser.go:142.2,142.28 1 1
levelup/go-api/internal/analysis/weapon_parser.go:142.28,144.3 1 0
levelup/go-api/internal/analysis/weapon_parser.go:145.2,145.14 1 1
levelup/go-api/internal/analysis/weapon_parser.go:153.72,155.33 2 1
levelup/go-api/internal/analysis/weapon_parser.go:155.33,157.17 2 1
levelup/go-api/internal/analysis/weapon_parser.go:157.17,159.4 1 1
levelup/go-api/internal/analysis/weapon_parser.go:161.2,161.15 1 1
levelup/go-api/internal/analysis/weapon_reconciliation.go:13.21,17.23 3 1
levelup/go-api/internal/analysis/weapon_reconciliation.go:17.23,19.3 1 1
levelup/go-api/internal/analysis/weapon_reconciliation.go:21.2,24.25 3 0
levelup/go-api/internal/analysis/weapon_reconciliation.go:24.25,26.54 2 0
levelup/go-api/internal/analysis/weapon_reconciliation.go:26.54,27.12 1 0
levelup/go-api/internal/analysis/weapon_reconciliation.go:29.3,29.52 1 0
levelup/go-api/internal/analysis/weapon_reconciliation.go:29.52,30.12 1 0
levelup/go-api/internal/analysis/weapon_reconciliation.go:32.3,32.34 1 0
levelup/go-api/internal/analysis/weapon_reconciliation.go:32.34,33.12 1 0
levelup/go-api/internal/analysis/weapon_reconciliation.go:36.3,37.21 2 0
levelup/go-api/internal/analysis/weapon_reconciliation.go:37.21,38.9 1 0
levelup/go-api/internal/analysis/weapon_reconciliation.go:41.3,43.29 3 0
levelup/go-api/internal/analysis/weapon_reconciliation.go:43.29,45.4 1 0
levelup/go-api/internal/analysis/weapon_reconciliation.go:48.2,48.16 1 0
levelup/go-api/internal/analysis/weapon_reconciliation.go:55.21,59.25 3 1
levelup/go-api/internal/analysis/weapon_reconciliation.go:59.25,62.68 3 0
levelup/go-api/internal/analysis/weapon_reconciliation.go:62.68,64.4 1 0
levelup/go-api/internal/analysis/weapon_reconciliation.go:67.2,67.16 1 1
levelup/go-api/internal/analysis/weapon_reconciliation.go:71.80,73.33 2 1
levelup/go-api/internal/analysis/weapon_reconciliation.go:73.33,74.80 1 1
levelup/go-api/internal/analysis/weapon_reconciliation.go:74.80,76.4 1 1
levelup/go-api/internal/analysis/weapon_reconciliation.go:78.2,78.15 1 1
levelup/go-api/internal/analysis/weapon_reconciliation.go:82.89,84.35 2 1
levelup/go-api/internal/analysis/weapon_reconciliation.go:84.35,85.23 1 1
levelup/go-api/internal/analysis/weapon_reconciliation.go:85.23,86.12 1 0
levelup/go-api/internal/analysis/weapon_reconciliation.go:88.3,90.15 3 1
levelup/go-api/internal/analysis/weapon_reconciliation.go:90.15,92.4 1 1
levelup/go-api/internal/analysis/weapon_reconciliation.go:94.2,94.16 1 1
levelup/go-api/internal/analysis/weapon_reconciliation.go:98.54,99.23 1 1
levelup/go-api/internal/analysis/weapon_reconciliation.go:99.23,101.3 1 1
levelup/go-api/internal/analysis/weapon_reconciliation.go:102.2,104.34 3 1
levelup/go-api/internal/analysis/weapon_reconciliation.go:104.34,105.24 1 1
levelup/go-api/internal/analysis/weapon_reconciliation.go:105.24,108.4 2 1
levelup/go-api/internal/analysis/weapon_reconciliation.go:110.2,110.17 1 1
levelup/go-api/internal/analysis/weapon_reconciliation.go:114.25,115.12 1 1
levelup/go-api/internal/analysis/weapon_reconciliation.go:115.12,117.3 1 1
levelup/go-api/internal/analysis/weapon_reconciliation.go:118.2,119.9 2 1
levelup/go-api/internal/analysis/weapon_reconciliation.go:119.9,121.3 1 1
levelup/go-api/internal/analysis/weapon_reconciliation.go:122.2,124.12 3 1
levelup/go-api/internal/analysis/weapon_reconciliation.go:124.12,128.3 3 1
levelup/go-api/internal/analysis/weapon_reconciliation.go:129.2,129.9 1 1
levelup/go-api/internal/analysis/weapon_reconciliation.go:129.9,132.3 2 1
levelup/go-api/internal/analysis/weapon_reconciliation.go:133.2,133.26 1 1
levelup/go-api/internal/analysis/weapon_scanner.go:72.44,74.18 2 1
levelup/go-api/internal/analysis/weapon_scanner.go:74.18,76.14 2 1
levelup/go-api/internal/analysis/weapon_scanner.go:76.14,77.9 1 1
levelup/go-api/internal/analysis/weapon_scanner.go:79.3,80.17 2 0
levelup/go-api/internal/analysis/weapon_scanner.go:82.2,82.18 1 1
levelup/go-api/internal/analysis/weapon_scanner.go:86.81,90.17 4 1
levelup/go-api/internal/analysis/weapon_scanner.go:90.17,92.3 1 0
levelup/go-api/internal/analysis/weapon_scanner.go:92.8,94.3 1 1
levelup/go-api/internal/analysis/weapon_scanner.go:95.2,95.35 1 1
levelup/go-api/internal/analysis/weapon_scanner.go:95.35,98.16 3 1
levelup/go-api/internal/analysis/weapon_scanner.go:98.16,100.30 2 0
levelup/go-api/internal/analysis/weapon_scanner.go:100.30,103.5 2 0
levelup/go-api/internal/analysis/weapon_scanner.go:103.10,105.5 1 0
levelup/go-api/internal/analysis/weapon_scanner.go:107.3,107.57 1 1
levelup/go-api/internal/analysis/weapon_scanner.go:116.49,119.6 3 1
levelup/go-api/internal/analysis/weapon_scanner.go:119.6,121.39 2 1
levelup/go-api/internal/analysis/weapon_scanner.go:121.39,122.9 1 1
levelup/go-api/internal/analysis/weapon_scanner.go:124.3,129.22 5 0
levelup/go-api/internal/analysis/weapon_scanner.go:129.22,131.4 1 0
levelup/go-api/internal/analysis/weapon_scanner.go:133.3,134.43 2 0
levelup/go-api/internal/analysis/weapon_scanner.go:134.43,136.15 2 0
levelup/go-api/internal/analysis/weapon_scanner.go:136.15,137.13 1 0
levelup/go-api/internal/analysis/weapon_scanner.go:139.4,141.23 3 0
levelup/go-api/internal/analysis/weapon_scanner.go:141.23,142.13 1 0
levelup/go-api/internal/analysis/weapon_scanner.go:144.4,144.36 1 0
levelup/go-api/internal/analysis/weapon_scanner.go:144.36,147.28 3 0
levelup/go-api/internal/analysis/weapon_scanner.go:147.28,148.14 1 0
levelup/go-api/internal/analysis/weapon_scanner.go:151.4,151.36 1 0
levelup/go-api/internal/analysis/weapon_scanner.go:151.36,153.5 1 0
levelup/go-api/internal/analysis/weapon_scanner.go:155.3,155.18 1 0
levelup/go-api/internal/analysis/weapon_scanner.go:155.18,157.21 2 0
levelup/go-api/internal/analysis/weapon_scanner.go:157.21,165.5 3 0
levelup/go-api/internal/analysis/weapon_scanner.go:167.3,167.19 1 0
levelup/go-api/internal/analysis/weapon_scanner.go:169.2,169.16 1 1
levelup/go-api/internal/analysis/weapon_scanner.go:173.51,174.19 1 1
levelup/go-api/internal/analysis/weapon_scanner.go:174.19,176.3 1 1
levelup/go-api/internal/analysis/weapon_scanner.go:178.2,179.35 2 0
levelup/go-api/internal/analysis/weapon_scanner.go:179.35,181.3 1 0
levelup/go-api/internal/analysis/weapon_scanner.go:183.2,184.33 2 0
levelup/go-api/internal/analysis/weapon_scanner.go:184.33,185.19 1 0
levelup/go-api/internal/analysis/weapon_scanner.go:185.19,186.12 1 0
levelup/go-api/internal/analysis/weapon_scanner.go:188.3,189.7 2 0
levelup/go-api/internal/analysis/weapon_scanner.go:189.7,191.13 2 0
levelup/go-api/internal/analysis/weapon_scanner.go:191.13,192.10 1 0
levelup/go-api/internal/analysis/weapon_scanner.go:194.4,195.39 2 0
levelup/go-api/internal/analysis/weapon_scanner.go:195.39,202.5 2 0
levelup/go-api/internal/analysis/weapon_scanner.go:203.4,203.18 1 0
levelup/go-api/internal/analysis/weapon_scanner.go:207.2,207.42 1 0
levelup/go-api/internal/analysis/weapon_scanner.go:207.42,207.90 1 0
levelup/go-api/internal/analysis/weapon_scanner.go:208.2,208.16 1 0
levelup/go-api/internal/analysis/weapon_scanner.go:217.78,222.87 3 1
levelup/go-api/internal/analysis/weapon_scanner.go:222.87,223.35 1 0
levelup/go-api/internal/analysis/weapon_scanner.go:223.35,224.12 1 0
levelup/go-api/internal/analysis/weapon_scanner.go:227.3,231.33 4 0
levelup/go-api/internal/analysis/weapon_scanner.go:231.33,232.12 1 0
levelup/go-api/internal/analysis/weapon_scanner.go:235.3,239.75 4 0
levelup/go-api/internal/analysis/weapon_scanner.go:239.75,240.12 1 0
levelup/go-api/internal/analysis/weapon_scanner.go:243.3,245.33 3 0
levelup/go-api/internal/analysis/weapon_scanner.go:245.33,247.4 1 0
levelup/go-api/internal/analysis/weapon_scanner.go:248.3,249.33 2 0
levelup/go-api/internal/analysis/weapon_scanner.go:249.33,251.4 1 0
levelup/go-api/internal/analysis/weapon_scanner.go:253.3,254.23 2 0
levelup/go-api/internal/analysis/weapon_scanner.go:254.23,256.4 1 0
levelup/go-api/internal/analysis/weapon_scanner.go:258.3,261.32 4 0
levelup/go-api/internal/analysis/weapon_scanner.go:261.32,267.4 5 0
levelup/go-api/internal/analysis/weapon_scanner.go:269.3,281.5 1 0
levelup/go-api/internal/analysis/weapon_scanner.go:285.2,285.41 1 1
levelup/go-api/internal/analysis/weapon_scanner.go:285.41,285.89 1 0
levelup/go-api/internal/analysis/weapon_scanner.go:286.2,288.28 3 1
levelup/go-api/internal/analysis/weapon_scanner.go:288.28,289.44 1 0
levelup/go-api/internal/analysis/weapon_scanner.go:289.44,292.4 2 0
levelup/go-api/internal/analysis/weapon_scanner.go:296.2,296.42 1 1
levelup/go-api/internal/analysis/weapon_scanner.go:296.42,296.100 1 0
levelup/go-api/internal/analysis/weapon_scanner.go:297.2,297.16 1 1
levelup/go-api/internal/analysis/weapon_scanner.go:305.50,306.42 1 1
levelup/go-api/internal/analysis/weapon_scanner.go:306.42,311.27 5 1
levelup/go-api/internal/analysis/weapon_scanner.go:311.27,313.4 1 1
levelup/go-api/internal/analysis/weapon_scanner.go:315.2,315.13 1 0
levelup/go-api/internal/analysis/weapon_scanner.go:319.56,321.25 2 1
levelup/go-api/internal/analysis/weapon_scanner.go:321.25,326.3 4 1
levelup/go-api/internal/analysis/weapon_scanner.go:327.2,327.15 1 1
levelup/go-api/internal/analysis/weapon_scanner.go:331.54,333.25 2 1
levelup/go-api/internal/analysis/weapon_scanner.go:333.25,338.3 4 1
levelup/go-api/internal/analysis/weapon_scanner.go:339.2,339.15 1 1
levelup/go-api/internal/analysis/weapon_scanner.go:343.49,345.2 1 1
levelup/go-api/cmd/msal-poc/main.go:39.13,41.20 2 0
levelup/go-api/cmd/msal-poc/main.go:41.20,43.3 1 0
levelup/go-api/cmd/msal-poc/main.go:45.2,52.16 6 0
levelup/go-api/cmd/msal-poc/main.go:52.16,55.3 2 0
levelup/go-api/cmd/msal-poc/main.go:56.2,63.16 5 0
levelup/go-api/cmd/msal-poc/main.go:63.16,66.3 2 0
levelup/go-api/cmd/msal-poc/main.go:69.2,83.50 13 0
levelup/go-api/cmd/server/main.go:41.13,43.56 1 0
levelup/go-api/cmd/server/main.go:43.56,45.52 2 0
levelup/go-api/cmd/server/main.go:45.52,47.18 2 0
levelup/go-api/cmd/server/main.go:47.18,49.5 1 0
levelup/go-api/cmd/server/main.go:50.4,50.27 1 0
levelup/go-api/cmd/server/main.go:52.3,54.17 3 0
levelup/go-api/cmd/server/main.go:54.17,57.4 1 0
levelup/go-api/cmd/server/main.go:58.3,58.17 1 0
levelup/go-api/cmd/server/main.go:58.17,61.4 2 0
levelup/go-api/cmd/server/main.go:62.3,63.39 2 0
levelup/go-api/cmd/server/main.go:63.39,66.4 2 0
levelup/go-api/cmd/server/main.go:67.3,67.13 1 0
levelup/go-api/cmd/server/main.go:72.2,74.13 3 0
levelup/go-api/cmd/server/main.go:74.13,76.3 1 0
levelup/go-api/cmd/server/main.go:76.8,78.3 1 0
levelup/go-api/cmd/server/main.go:79.2,83.16 3 0
levelup/go-api/cmd/server/main.go:83.16,86.3 2 0
levelup/go-api/cmd/server/main.go:88.2,88.49 1 0
levelup/go-api/cmd/server/main.go:88.49,90.3 1 0
levelup/go-api/cmd/server/main.go:91.2,103.18 4 0
levelup/go-api/cmd/server/main.go:103.18,108.32 2 0
levelup/go-api/cmd/server/main.go:108.32,109.55 1 0
levelup/go-api/cmd/server/main.go:109.55,111.46 2 0
levelup/go-api/cmd/server/main.go:111.46,114.6 2 0
levelup/go-api/cmd/server/main.go:119.2,122.65 2 0
levelup/go-api/cmd/server/main.go:122.65,125.3 2 0
levelup/go-api/cmd/server/main.go:126.2,129.16 3 0
levelup/go-api/cmd/server/main.go:129.16,132.3 2 0
levelup/go-api/cmd/server/main.go:133.2,134.16 2 0
levelup/go-api/cmd/server/main.go:134.16,137.3 2 0
levelup/go-api/cmd/server/main.go:138.2,146.52 5 0
levelup/go-api/cmd/server/main.go:146.52,149.3 2 0
levelup/go-api/cmd/server/main.go:150.2,153.16 3 0
levelup/go-api/cmd/server/main.go:153.16,155.3 1 0
levelup/go-api/cmd/server/main.go:155.8,157.3 1 0
levelup/go-api/cmd/server/main.go:160.2,174.12 5 0
levelup/go-api/cmd/server/main.go:174.12,176.77 2 0
levelup/go-api/cmd/server/main.go:176.77,179.4 2 0
levelup/go-api/cmd/server/main.go:182.2,188.50 5 0
levelup/go-api/cmd/server/main.go:188.50,190.3 1 0
levelup/go-api/cmd/server/main.go:191.2,191.41 1 0
levelup/go-api/cmd/server/main.go:191.41,193.3 1 0
levelup/go-api/cmd/server/main.go:194.2,194.39 1 0
levelup/go-api/cmd/server/main.go:194.39,196.3 1 0
levelup/go-api/cmd/server/main.go:197.2,198.15 2 0
levelup/go-api/cmd/server/main.go:201.31,201.44 1 0
levelup/go-api/cmd/server/main.go:206.78,212.16 3 0
levelup/go-api/cmd/server/main.go:212.16,214.3 1 0
levelup/go-api/cmd/server/main.go:215.2,215.85 1 0
levelup/go-api/cmd/server/main.go:215.85,218.3 2 0
levelup/go-api/cmd/server/main.go:219.2,223.16 3 0
levelup/go-api/cmd/server/main.go:223.16,225.3 1 0
levelup/go-api/cmd/server/main.go:226.2,226.85 1 0
levelup/go-api/cmd/server/main.go:226.85,229.3 2 0
levelup/go-api/cmd/server/main.go:230.2,234.44 3 0
levelup/go-api/cmd/server/main.go:234.44,236.17 2 0
levelup/go-api/cmd/server/main.go:236.17,238.4 1 0
levelup/go-api/cmd/server/main.go:239.3,239.86 1 0
levelup/go-api/cmd/server/main.go:239.86,242.4 2 0
levelup/go-api/cmd/server/main.go:243.3,243.16 1 0
levelup/go-api/cmd/server/main.go:246.2,246.12 1 0
levelup/go-api/cmd/server/main.go:251.53,253.16 2 0
levelup/go-api/cmd/server/main.go:253.16,255.3 1 0
levelup/go-api/cmd/server/main.go:256.2,257.63 2 0
levelup/go-api/cmd/levelup/cmd_data.go:22.60,28.39 6 0
levelup/go-api/cmd/levelup/cmd_data.go:28.39,30.3 1 0
levelup/go-api/cmd/levelup/cmd_data.go:31.2,31.21 1 0
levelup/go-api/cmd/levelup/cmd_data.go:31.21,33.3 1 0
levelup/go-api/cmd/levelup/cmd_data.go:34.2,37.18 4 0
levelup/go-api/cmd/levelup/cmd_data.go:37.18,39.3 1 0
levelup/go-api/cmd/levelup/cmd_data.go:40.2,47.16 2 0
levelup/go-api/cmd/levelup/cmd_data.go:47.16,49.3 1 0
levelup/go-api/cmd/levelup/cmd_data.go:50.2,52.37 3 0
levelup/go-api/cmd/levelup/cmd_data.go:52.37,54.3 1 0
levelup/go-api/cmd/levelup/cmd_data.go:55.2,55.12 1 0
levelup/go-api/cmd/levelup/cmd_data.go:62.61,70.39 8 0
levelup/go-api/cmd/levelup/cmd_data.go:70.39,72.3 1 0
levelup/go-api/cmd/levelup/cmd_data.go:73.2,73.41 1 0
levelup/go-api/cmd/levelup/cmd_data.go:73.41,75.3 1 0
levelup/go-api/cmd/levelup/cmd_data.go:76.2,79.19 4 0
levelup/go-api/cmd/levelup/cmd_data.go:79.19,81.3 1 0
levelup/go-api/cmd/levelup/cmd_data.go:82.2,90.16 2 0
levelup/go-api/cmd/levelup/cmd_data.go:90.16,92.3 1 0
levelup/go-api/cmd/levelup/cmd_data.go:93.2,95.12 3 0
levelup/go-api/cmd/levelup/cmd_data.go:102.61,110.39 8 0
levelup/go-api/cmd/levelup/cmd_data.go:110.39,112.3 1 0
levelup/go-api/cmd/levelup/cmd_data.go:113.2,113.56 1 0
levelup/go-api/cmd/levelup/cmd_data.go:113.56,115.3 1 0
levelup/go-api/cmd/levelup/cmd_data.go:116.2,117.16 2 0
levelup/go-api/cmd/levelup/cmd_data.go:117.16,119.3 1 0
levelup/go-api/cmd/levelup/cmd_data.go:120.2,132.16 3 0
levelup/go-api/cmd/levelup/cmd_data.go:132.16,134.3 1 0
levelup/go-api/cmd/levelup/cmd_data.go:135.2,136.12 2 0
levelup/go-api/cmd/levelup/cmd_data.go:143.64,149.39 6 0
levelup/go-api/cmd/levelup/cmd_data.go:149.39,151.3 1 0
levelup/go-api/cmd/levelup/cmd_data.go:152.2,152.21 1 0
levelup/go-api/cmd/levelup/cmd_data.go:152.21,154.3 1 0
levelup/go-api/cmd/levelup/cmd_data.go:155.2,163.16 3 0
levelup/go-api/cmd/levelup/cmd_data.go:163.16,165.3 1 0
levelup/go-api/cmd/levelup/cmd_data.go:166.2,170.34 5 0
levelup/go-api/cmd/levelup/cmd_data.go:170.34,172.3 1 0
levelup/go-api/cmd/levelup/cmd_data.go:173.2,173.12 1 0
levelup/go-api/cmd/levelup/cmd_data.go:180.58,181.20 1 0
levelup/go-api/cmd/levelup/cmd_data.go:181.20,183.3 1 0
levelup/go-api/cmd/levelup/cmd_data.go:185.2,192.17 5 0
levelup/go-api/cmd/levelup/cmd_data.go:193.22,194.42 1 0
levelup/go-api/cmd/levelup/cmd_data.go:195.27,196.47 1 0
levelup/go-api/cmd/levelup/cmd_data.go:197.16,198.47 1 0
levelup/go-api/cmd/levelup/cmd_data.go:199.10,200.98 1 0
levelup/go-api/cmd/levelup/cmd_data.go:202.2,202.16 1 0
levelup/go-api/cmd/levelup/cmd_data.go:202.16,204.3 1 0
levelup/go-api/cmd/levelup/cmd_data.go:205.2,206.12 2 0
levelup/go-api/cmd/levelup/cmd_migrate.go:16.61,21.39 5 0
levelup/go-api/cmd/levelup/cmd_migrate.go:21.39,23.3 1 0
levelup/go-api/cmd/levelup/cmd_migrate.go:25.2,25.15 1 0
levelup/go-api/cmd/levelup/cmd_migrate.go:26.17,27.65 1 0
levelup/go-api/cmd/levelup/cmd_migrate.go:28.15,29.64 1 0
levelup/go-api/cmd/levelup/cmd_migrate.go:30.18,31.54 1 0
levelup/go-api/cmd/levelup/cmd_migrate.go:32.10,33.84 1 0
levelup/go-api/cmd/levelup/cmd_migrate.go:37.70,39.16 2 0
levelup/go-api/cmd/levelup/cmd_migrate.go:39.16,41.3 1 0
levelup/go-api/cmd/levelup/cmd_migrate.go:43.2,43.12 1 0
levelup/go-api/cmd/levelup/cmd_migrate.go:43.12,45.17 2 0
levelup/go-api/cmd/levelup/cmd_migrate.go:45.17,47.4 1 0
levelup/go-api/cmd/levelup/cmd_migrate.go:48.3,49.13 2 0
levelup/go-api/cmd/levelup/cmd_migrate.go:52.2,53.37 2 0
levelup/go-api/cmd/levelup/cmd_migrate.go:53.37,55.15 2 0
levelup/go-api/cmd/levelup/cmd_migrate.go:55.15,57.4 1 0
levelup/go-api/cmd/levelup/cmd_migrate.go:58.3,58.61 1 0
levelup/go-api/cmd/levelup/cmd_migrate.go:60.2,60.28 1 0
levelup/go-api/cmd/levelup/cmd_migrate.go:60.28,62.35 2 0
levelup/go-api/cmd/levelup/cmd_migrate.go:62.35,64.4 1 0
levelup/go-api/cmd/levelup/cmd_migrate.go:66.2,68.12 3 0
levelup/go-api/cmd/levelup/cmd_migrate.go:71.69,73.16 2 0
levelup/go-api/cmd/levelup/cmd_migrate.go:73.16,75.3 1 0
levelup/go-api/cmd/levelup/cmd_migrate.go:77.2,77.31 1 0
levelup/go-api/cmd/levelup/cmd_migrate.go:77.31,80.3 2 0
levelup/go-api/cmd/levelup/cmd_migrate.go:82.2,83.16 2 0
levelup/go-api/cmd/levelup/cmd_migrate.go:83.16,85.3 1 0
levelup/go-api/cmd/levelup/cmd_migrate.go:87.2,87.12 1 0
levelup/go-api/cmd/levelup/cmd_migrate.go:87.12,89.17 2 0
levelup/go-api/cmd/levelup/cmd_migrate.go:89.17,91.4 1 0
levelup/go-api/cmd/levelup/cmd_migrate.go:92.3,93.13 2 0
levelup/go-api/cmd/levelup/cmd_migrate.go:96.2,98.12 3 0
levelup/go-api/cmd/levelup/cmd_migrate.go:101.59,102.62 1 0
levelup/go-api/cmd/levelup/cmd_migrate.go:102.62,104.3 1 0
levelup/go-api/cmd/levelup/cmd_migrate.go:105.2,106.12 2 0
levelup/go-api/cmd/levelup/cmd_notify.go:18.67,21.39 3 0
levelup/go-api/cmd/levelup/cmd_notify.go:21.39,23.3 1 0
levelup/go-api/cmd/levelup/cmd_notify.go:24.2,24.20 1 0
levelup/go-api/cmd/levelup/cmd_notify.go:24.20,26.3 1 0
levelup/go-api/cmd/levelup/cmd_notify.go:27.2,29.10 3 0
levelup/go-api/cmd/levelup/cmd_notify.go:29.10,31.3 1 0
levelup/go-api/cmd/levelup/cmd_notify.go:31.8,33.3 1 0
levelup/go-api/cmd/levelup/cmd_notify.go:34.2,34.12 1 0
levelup/go-api/cmd/levelup/cmd_notify.go:41.64,47.39 6 0
levelup/go-api/cmd/levelup/cmd_notify.go:47.39,49.3 1 0
levelup/go-api/cmd/levelup/cmd_notify.go:50.2,50.21 1 0
levelup/go-api/cmd/levelup/cmd_notify.go:50.21,52.3 1 0
levelup/go-api/cmd/levelup/cmd_notify.go:53.2,61.12 7 0
levelup/go-api/cmd/levelup/cmd_ops.go:20.65,23.39 3 0
levelup/go-api/cmd/levelup/cmd_ops.go:23.39,25.3 1 0
levelup/go-api/cmd/levelup/cmd_ops.go:26.2,31.16 3 0
levelup/go-api/cmd/levelup/cmd_ops.go:31.16,33.3 1 0
levelup/go-api/cmd/levelup/cmd_ops.go:34.2,34.12 1 0
levelup/go-api/cmd/levelup/cmd_ops.go:41.39,45.39 4 0
levelup/go-api/cmd/levelup/cmd_ops.go:45.39,47.3 1 0
levelup/go-api/cmd/levelup/cmd_ops.go:48.2,48.19 1 0
levelup/go-api/cmd/levelup/cmd_ops.go:48.19,50.3 1 0
levelup/go-api/cmd/levelup/cmd_ops.go:51.2,52.16 2 0
levelup/go-api/cmd/levelup/cmd_ops.go:52.16,54.3 1 0
levelup/go-api/cmd/levelup/cmd_ops.go:55.2,56.12 2 0
levelup/go-api/cmd/levelup/cmd_ops.go:63.47,72.16 8 0
levelup/go-api/cmd/levelup/cmd_ops.go:72.16,74.3 1 0
levelup/go-api/cmd/levelup/cmd_ops.go:75.2,75.12 1 0
levelup/go-api/cmd/levelup/cmd_ops.go:82.61,87.39 5 0
levelup/go-api/cmd/levelup/cmd_ops.go:87.39,89.3 1 0
levelup/go-api/cmd/levelup/cmd_ops.go:90.2,90.36 1 0
levelup/go-api/cmd/levelup/cmd_ops.go:90.36,92.3 1 0
levelup/go-api/cmd/levelup/cmd_ops.go:93.2,94.16 2 0
levelup/go-api/cmd/levelup/cmd_ops.go:94.16,96.3 1 0
levelup/go-api/cmd/levelup/cmd_ops.go:97.2,97.13 1 0
levelup/go-api/cmd/levelup/cmd_ops.go:97.13,101.3 3 0
levelup/go-api/cmd/levelup/cmd_ops.go:102.2,103.23 2 0
levelup/go-api/cmd/levelup/cmd_ops.go:103.23,105.3 1 0
levelup/go-api/cmd/levelup/cmd_ops.go:106.2,106.12 1 0
levelup/go-api/cmd/levelup/cmd_ops.go:113.63,117.39 4 0
levelup/go-api/cmd/levelup/cmd_ops.go:117.39,119.3 1 0
levelup/go-api/cmd/levelup/cmd_ops.go:120.2,126.13 3 0
levelup/go-api/cmd/levelup/cmd_ops.go:126.13,130.3 3 0
levelup/go-api/cmd/levelup/cmd_ops.go:131.2,132.23 2 0
levelup/go-api/cmd/levelup/cmd_ops.go:132.23,134.3 1 0
levelup/go-api/cmd/levelup/cmd_ops.go:135.2,135.12 1 0
levelup/go-api/cmd/levelup/cmd_ops.go:142.67,145.39 3 0
levelup/go-api/cmd/levelup/cmd_ops.go:145.39,147.3 1 0
levelup/go-api/cmd/levelup/cmd_ops.go:149.2,157.39 4 0
levelup/go-api/cmd/levelup/cmd_ops.go:157.39,162.3 1 0
levelup/go-api/cmd/levelup/cmd_ops.go:164.2,164.13 1 0
levelup/go-api/cmd/levelup/cmd_ops.go:164.13,166.3 1 0
levelup/go-api/cmd/levelup/cmd_ops.go:168.2,170.12 3 0
levelup/go-api/cmd/levelup/cmd_ops.go:170.12,172.3 1 0
levelup/go-api/cmd/levelup/cmd_ops.go:173.2,174.28 2 0
levelup/go-api/cmd/levelup/cmd_ops.go:174.28,176.28 2 0
levelup/go-api/cmd/levelup/cmd_ops.go:176.28,178.4 1 0
levelup/go-api/cmd/levelup/cmd_ops.go:179.3,179.69 1 0
levelup/go-api/cmd/levelup/cmd_ops.go:181.2,182.12 2 0
levelup/go-api/cmd/levelup/main.go:34.13,35.22 1 0
levelup/go-api/cmd/levelup/main.go:35.22,38.3 2 0
levelup/go-api/cmd/levelup/main.go:40.2,41.16 2 0
levelup/go-api/cmd/levelup/main.go:41.16,44.3 2 0
levelup/go-api/cmd/levelup/main.go:46.2,50.16 4 0
levelup/go-api/cmd/levelup/main.go:51.16,52.33 1 0
levelup/go-api/cmd/levelup/main.go:53.17,54.34 1 0
levelup/go-api/cmd/levelup/main.go:55.21,56.38 1 0
levelup/go-api/cmd/levelup/main.go:57.18,58.30 1 0
levelup/go-api/cmd/levelup/main.go:59.19,60.29 1 0
levelup/go-api/cmd/levelup/main.go:61.17,62.34 1 0
levelup/go-api/cmd/levelup/main.go:63.21,64.37 1 0
levelup/go-api/cmd/levelup/main.go:65.14,66.31 1 0
levelup/go-api/cmd/levelup/main.go:67.24,68.40 1 0
levelup/go-api/cmd/levelup/main.go:69.21,70.37 1 0
levelup/go-api/cmd/levelup/main.go:71.20,72.36 1 0
levelup/go-api/cmd/levelup/main.go:73.20,74.36 1 0
levelup/go-api/cmd/levelup/main.go:75.24,76.40 1 0
levelup/go-api/cmd/levelup/main.go:77.17,78.34 1 0
levelup/go-api/cmd/levelup/main.go:79.30,80.15 1 0
levelup/go-api/cmd/levelup/main.go:81.10,84.13 3 0
levelup/go-api/cmd/levelup/main.go:87.2,87.20 1 0
levelup/go-api/cmd/levelup/main.go:87.20,90.3 2 0
levelup/go-api/cmd/levelup/main.go:93.19,123.2 1 0
levelup/go-api/internal/api/registry.go:29.65,31.77 1 1
levelup/go-api/internal/api/registry.go:31.77,34.4 2 0
levelup/go-api/internal/api/registry.go:43.96,45.16 2 0
levelup/go-api/internal/api/registry.go:45.16,47.3 1 0
levelup/go-api/internal/api/registry.go:48.2,48.65 1 0
levelup/go-api/internal/api/registry.go:52.98,54.16 2 0
levelup/go-api/internal/api/registry.go:54.16,56.3 1 0
levelup/go-api/internal/api/registry.go:57.2,57.67 1 0
levelup/go-api/internal/api/registry.go:61.102,63.16 2 0
levelup/go-api/internal/api/registry.go:63.16,65.3 1 0
levelup/go-api/internal/api/registry.go:66.2,66.67 1 0
levelup/go-api/internal/api/registry.go:70.102,72.16 2 0
levelup/go-api/internal/api/registry.go:72.16,74.3 1 0
levelup/go-api/internal/api/registry.go:75.2,75.91 1 0
levelup/go-api/internal/api/registry.go:79.94,81.16 2 0
levelup/go-api/internal/api/registry.go:81.16,83.3 1 0
levelup/go-api/internal/api/registry.go:84.2,84.63 1 0
levelup/go-api/internal/api/registry.go:91.3,93.16 2 0
levelup/go-api/internal/api/registry.go:93.16,95.3 1 0
levelup/go-api/internal/api/registry.go:96.2,97.65 2 0
levelup/go-api/internal/api/registry.go:101.100,103.16 2 0
levelup/go-api/internal/api/registry.go:103.16,105.3 1 0
levelup/go-api/internal/api/registry.go:106.2,106.69 1 0
levelup/go-api/internal/api/registry.go:110.112,112.16 2 0
levelup/go-api/internal/api/registry.go:112.16,114.3 1 0
levelup/go-api/internal/api/registry.go:115.2,117.71 3 0
levelup/go-api/internal/api/registry.go:121.94,123.16 2 0
levelup/go-api/internal/api/registry.go:123.16,125.3 1 0
levelup/go-api/internal/api/registry.go:126.2,126.63 1 0
levelup/go-api/internal/api/registry.go:130.104,132.16 2 0
levelup/go-api/internal/api/registry.go:132.16,134.3 1 0
levelup/go-api/internal/api/registry.go:135.2,135.68 1 0
levelup/go-api/internal/api/registry.go:145.121,147.16 2 0
levelup/go-api/internal/api/registry.go:147.16,149.3 1 0
levelup/go-api/internal/api/registry.go:150.2,151.41 2 0
levelup/go-api/internal/api/registry.go:155.119,157.16 2 0
levelup/go-api/internal/api/registry.go:157.16,159.3 1 0
levelup/go-api/internal/api/registry.go:160.2,161.41 2 0
levelup/go-api/internal/api/registry.go:165.111,167.16 2 0
levelup/go-api/internal/api/registry.go:167.16,169.3 1 0
levelup/go-api/internal/api/registry.go:170.2,171.41 2 0
levelup/go-api/internal/api/registry.go:175.127,177.16 2 0
levelup/go-api/internal/api/registry.go:177.16,179.3 1 0
levelup/go-api/internal/api/registry.go:180.2,181.41 2 0
levelup/go-api/internal/api/registry.go:185.113,187.16 2 0
levelup/go-api/internal/api/registry.go:187.16,189.3 1 0
levelup/go-api/internal/api/registry.go:190.2,191.41 2 0
levelup/go-api/internal/api/registry.go:195.112,197.16 2 0
levelup/go-api/internal/api/registry.go:197.16,199.3 1 0
levelup/go-api/internal/api/registry.go:200.2,200.81 1 0
levelup/go-api/internal/api/registry.go:204.121,206.16 2 0
levelup/go-api/internal/api/registry.go:206.16,208.3 1 0
levelup/go-api/internal/api/registry.go:209.2,210.41 2 0
levelup/go-api/internal/api/server.go:36.16,74.30 22 1
levelup/go-api/internal/api/server.go:74.30,76.3 1 0
levelup/go-api/internal/api/server.go:79.2,83.93 3 1
levelup/go-api/internal/api/server.go:83.93,85.3 1 1
levelup/go-api/internal/api/server.go:85.8,87.3 1 0
levelup/go-api/internal/api/server.go:90.2,93.40 2 1
levelup/go-api/internal/api/server.go:93.40,129.56 20 1
levelup/go-api/internal/api/server.go:129.56,200.4 42 1
levelup/go-api/internal/api/server.go:204.3,204.88 1 1
levelup/go-api/internal/api/server.go:207.2,207.10 1 1
levelup/go-api/internal/notify/discord.go:81.57,85.16 3 0
levelup/go-api/internal/notify/discord.go:85.16,87.3 1 0
levelup/go-api/internal/notify/discord.go:88.2,89.48 2 0
levelup/go-api/internal/notify/discord.go:89.48,91.3 1 0
levelup/go-api/internal/notify/discord.go:93.2,93.50 1 0
levelup/go-api/internal/notify/discord.go:93.50,95.3 1 0
levelup/go-api/internal/notify/discord.go:98.2,99.15 2 0
levelup/go-api/internal/notify/discord.go:99.15,101.3 1 0
levelup/go-api/internal/notify/discord.go:102.2,102.66 1 0
levelup/go-api/internal/notify/discord.go:102.66,103.16 1 0
levelup/go-api/internal/notify/discord.go:103.16,105.4 1 0
levelup/go-api/internal/notify/discord.go:106.3,106.11 1 0
levelup/go-api/internal/notify/discord.go:108.2,114.12 7 0
levelup/go-api/internal/notify/discord.go:125.66,126.22 1 0
levelup/go-api/internal/notify/discord.go:126.22,128.3 1 0
levelup/go-api/internal/notify/discord.go:129.2,130.16 2 0
levelup/go-api/internal/notify/discord.go:130.16,133.3 2 0
levelup/go-api/internal/notify/discord.go:134.2,135.16 2 0
levelup/go-api/internal/notify/discord.go:135.16,138.3 2 0
levelup/go-api/internal/notify/discord.go:139.2,143.16 4 0
levelup/go-api/internal/notify/discord.go:143.16,146.3 2 0
levelup/go-api/internal/notify/discord.go:147.2,149.9 3 0
levelup/go-api/internal/notify/discord.go:149.9,151.3 1 0
levelup/go-api/internal/notify/discord.go:152.2,152.11 1 0
levelup/go-api/internal/notify/discord.go:246.46,247.16 1 1
levelup/go-api/internal/notify/discord.go:247.16,249.3 1 0
levelup/go-api/internal/notify/discord.go:250.2,251.9 2 1
levelup/go-api/internal/notify/discord.go:251.9,253.3 1 1
levelup/go-api/internal/notify/discord.go:254.2,255.9 2 1
levelup/go-api/internal/notify/discord.go:255.9,257.3 1 0
levelup/go-api/internal/notify/discord.go:258.2,258.40 1 1
levelup/go-api/internal/notify/discord.go:258.40,260.3 1 1
levelup/go-api/internal/notify/discord.go:262.2,262.38 1 1
levelup/go-api/internal/notify/discord.go:262.38,266.3 3 1
levelup/go-api/internal/notify/discord.go:267.2,267.13 1 1
levelup/go-api/internal/notify/discord.go:274.49,276.9 2 1
levelup/go-api/internal/notify/discord.go:276.9,278.3 1 1
levelup/go-api/internal/notify/discord.go:279.2,280.16 2 1
levelup/go-api/internal/notify/discord.go:283.66,285.9 2 1
levelup/go-api/internal/notify/discord.go:285.9,287.3 1 1
levelup/go-api/internal/notify/discord.go:288.2,289.9 2 1
levelup/go-api/internal/notify/discord.go:289.9,291.3 1 0
levelup/go-api/internal/notify/discord.go:292.2,292.10 1 1
levelup/go-api/internal/notify/discord.go:295.50,297.9 2 1
levelup/go-api/internal/notify/discord.go:297.9,299.3 1 1
levelup/go-api/internal/notify/discord.go:300.2,301.10 2 1
levelup/go-api/internal/notify/discord.go:304.69,306.13 2 1
levelup/go-api/internal/notify/discord.go:306.13,308.3 1 1
levelup/go-api/internal/notify/discord.go:309.2,309.10 1 1
levelup/go-api/internal/notify/embeds.go:77.9,83.14 5 1
levelup/go-api/internal/notify/embeds.go:83.14,86.3 2 1
levelup/go-api/internal/notify/embeds.go:86.8,86.36 1 1
levelup/go-api/internal/notify/embeds.go:86.36,89.3 2 1
levelup/go-api/internal/notify/embeds.go:89.8,89.29 1 1
levelup/go-api/internal/notify/embeds.go:89.29,91.3 1 0
levelup/go-api/internal/notify/embeds.go:93.2,100.28 3 1
levelup/go-api/internal/notify/embeds.go:100.28,102.3 1 1
levelup/go-api/internal/notify/embeds.go:103.2,109.49 2 1
levelup/go-api/internal/notify/embeds.go:109.49,113.3 3 1
levelup/go-api/internal/notify/embeds.go:115.2,126.28 3 1
levelup/go-api/internal/notify/embeds.go:126.28,132.3 2 1
levelup/go-api/internal/notify/embeds.go:134.2,134.14 1 1
levelup/go-api/internal/notify/embeds.go:141.77,146.35 3 1
levelup/go-api/internal/notify/embeds.go:146.35,147.27 1 1
levelup/go-api/internal/notify/embeds.go:147.27,149.4 1 1
levelup/go-api/internal/notify/embeds.go:149.9,151.4 1 1
levelup/go-api/internal/notify/embeds.go:152.8,153.27 1 0
levelup/go-api/internal/notify/embeds.go:153.27,155.4 1 0
levelup/go-api/internal/notify/embeds.go:155.9,157.4 1 0
levelup/go-api/internal/notify/embeds.go:161.2,161.19 1 1
levelup/go-api/internal/notify/embeds.go:161.19,163.23 2 1
levelup/go-api/internal/notify/embeds.go:163.23,165.4 1 0
levelup/go-api/internal/notify/embeds.go:166.3,166.73 1 1
levelup/go-api/internal/notify/embeds.go:167.8,167.31 1 1
levelup/go-api/internal/notify/embeds.go:167.31,169.3 1 1
levelup/go-api/internal/notify/embeds.go:169.8,171.3 1 1
levelup/go-api/internal/notify/embeds.go:174.2,177.24 2 1
levelup/go-api/internal/notify/embeds.go:177.24,179.3 1 1
levelup/go-api/internal/notify/embeds.go:181.2,181.40 1 1
levelup/go-api/internal/notify/embeds.go:184.61,203.28 4 1
levelup/go-api/internal/notify/embeds.go:203.28,204.18 1 1
levelup/go-api/internal/notify/embeds.go:204.18,206.4 1 1
levelup/go-api/internal/notify/embeds.go:208.2,208.14 1 1
levelup/go-api/internal/notify/embeds.go:211.62,220.16 4 1
levelup/go-api/internal/notify/embeds.go:220.16,222.3 1 0
levelup/go-api/internal/notify/embeds.go:223.2,224.44 2 1
levelup/go-api/internal/notify/embeds.go:224.44,226.3 1 1
levelup/go-api/internal/notify/embeds.go:227.2,228.17 2 1
levelup/go-api/internal/notify/embeds.go:228.17,230.3 1 1
levelup/go-api/internal/notify/embeds.go:231.2,233.28 3 1
levelup/go-api/internal/notify/embeds.go:233.28,235.3 1 1
levelup/go-api/internal/notify/embeds.go:236.2,245.30 4 1
levelup/go-api/internal/notify/embeds.go:245.30,248.3 2 1
levelup/go-api/internal/notify/embeds.go:249.2,249.14 1 1
levelup/go-api/internal/notify/embeds.go:256.45,257.9 1 1
levelup/go-api/internal/notify/embeds.go:258.43,259.42 1 1
levelup/go-api/internal/notify/embeds.go:260.41,261.41 1 1
levelup/go-api/internal/notify/embeds.go:262.41,263.40 1 1
levelup/go-api/internal/notify/embeds.go:264.10,265.12 1 1
levelup/go-api/internal/notify/embeds.go:269.50,271.15 2 1
levelup/go-api/internal/notify/embeds.go:271.15,273.3 1 1
levelup/go-api/internal/notify/embeds.go:274.2,274.16 1 1
levelup/go-api/internal/notify/embeds.go:274.16,276.3 1 1
levelup/go-api/internal/notify/embeds.go:277.2,278.15 2 1
levelup/go-api/internal/notify/embeds.go:278.15,280.3 1 1
levelup/go-api/internal/notify/embeds.go:281.2,283.56 3 1
levelup/go-api/internal/notify/embeds.go:286.54,287.28 1 1
levelup/go-api/internal/notify/embeds.go:287.28,288.41 1 1
levelup/go-api/internal/notify/embeds.go:288.41,290.4 1 1
levelup/go-api/internal/notify/embeds.go:292.2,292.14 1 1
levelup/go-api/internal/notify/embeds.go:295.47,296.28 1 1
levelup/go-api/internal/notify/embeds.go:296.28,297.26 1 1
levelup/go-api/internal/notify/embeds.go:297.26,299.4 1 1
levelup/go-api/internal/notify/embeds.go:301.2,301.13 1 1
levelup/go-api/internal/notify/embeds.go:304.41,306.23 2 1
levelup/go-api/internal/notify/embeds.go:306.23,308.3 1 1
levelup/go-api/internal/notify/embeds.go:309.2,309.28 1 1
levelup/go-api/internal/notify/notifiers.go:33.3,34.15 1 0
levelup/go-api/internal/notify/notifiers.go:34.15,35.31 1 0
levelup/go-api/internal/notify/notifiers.go:35.31,37.4 1 0
levelup/go-api/internal/notify/notifiers.go:40.2,40.26 1 0
levelup/go-api/internal/notify/notifiers.go:40.26,42.3 1 0
levelup/go-api/internal/notify/notifiers.go:43.2,43.62 1 0
levelup/go-api/internal/notify/notifiers.go:43.62,46.3 2 0
levelup/go-api/internal/notify/notifiers.go:47.2,47.59 1 0
levelup/go-api/internal/notify/notifiers.go:47.59,50.3 2 0
levelup/go-api/internal/notify/notifiers.go:51.2,51.23 1 0
levelup/go-api/internal/notify/notifiers.go:51.23,54.3 2 0
levelup/go-api/internal/notify/notifiers.go:57.2,57.34 1 0
levelup/go-api/internal/notify/notifiers.go:57.34,60.74 3 0
levelup/go-api/internal/notify/notifiers.go:60.74,62.4 1 0
levelup/go-api/internal/notify/notifiers.go:63.3,63.9 1 0
levelup/go-api/internal/notify/notifiers.go:66.2,67.73 2 0
levelup/go-api/internal/notify/notifiers.go:67.73,69.3 1 0
levelup/go-api/internal/notify/notifiers.go:69.8,71.3 1 0
levelup/go-api/internal/notify/notifiers.go:83.64,84.15 1 0
levelup/go-api/internal/notify/notifiers.go:84.15,85.31 1 0
levelup/go-api/internal/notify/notifiers.go:85.31,87.4 1 0
levelup/go-api/internal/notify/notifiers.go:90.2,90.49 1 0
levelup/go-api/internal/notify/notifiers.go:90.49,92.3 1 0
levelup/go-api/internal/notify/notifiers.go:94.2,95.16 2 0
levelup/go-api/internal/notify/notifiers.go:95.16,98.3 2 0
levelup/go-api/internal/notify/notifiers.go:99.2,102.34 3 0
levelup/go-api/internal/notify/notifiers.go:102.34,104.3 1 0
levelup/go-api/internal/notify/notifiers.go:106.2,109.74 3 0
levelup/go-api/internal/notify/notifiers.go:109.74,112.3 2 0
levelup/go-api/internal/notify/notifiers.go:114.2,115.25 2 0
levelup/go-api/internal/notify/notifiers.go:115.25,117.3 1 0
levelup/go-api/internal/notify/notifiers.go:118.2,118.53 1 0
levelup/go-api/internal/notify/notifiers.go:118.53,120.3 1 0
levelup/go-api/internal/notify/notifiers.go:134.59,149.16 3 0
levelup/go-api/internal/notify/notifiers.go:149.16,152.3 1 0
levelup/go-api/internal/notify/notifiers.go:153.2,156.18 3 0
levelup/go-api/internal/notify/notifiers.go:156.18,158.82 2 0
levelup/go-api/internal/notify/notifiers.go:158.82,159.12 1 0
levelup/go-api/internal/notify/notifiers.go:161.3,161.29 1 0
levelup/go-api/internal/notify/notifiers.go:163.2,163.27 1 0
levelup/go-api/internal/notify/notifiers.go:166.62,167.25 1 0
levelup/go-api/internal/notify/notifiers.go:167.25,169.3 1 0
levelup/go-api/internal/notify/notifiers.go:170.2,174.30 5 0
levelup/go-api/internal/notify/notifiers.go:174.30,177.3 2 0
levelup/go-api/internal/notify/notifiers.go:178.2,183.12 3 0
levelup/go-api/internal/notify/notifiers.go:190.68,192.25 2 1
levelup/go-api/internal/notify/notifiers.go:192.25,193.24 1 1
levelup/go-api/internal/notify/notifiers.go:193.24,195.4 1 1
levelup/go-api/internal/notify/notifiers.go:195.9,197.4 1 0
levelup/go-api/internal/notify/notifiers.go:200.2,203.9 3 1
levelup/go-api/internal/notify/notifiers.go:204.34,205.74 1 0
levelup/go-api/internal/notify/notifiers.go:206.19,207.59 1 1
levelup/go-api/internal/notify/notifiers.go:208.10,209.59 1 0
levelup/go-api/internal/notify/notifiers.go:212.2,222.25 3 1
levelup/go-api/internal/notify/notifiers.go:222.25,223.21 1 1
levelup/go-api/internal/notify/notifiers.go:223.21,229.9 3 0
levelup/go-api/internal/notify/notifiers.go:231.3,232.24 2 1
levelup/go-api/internal/notify/notifiers.go:232.24,234.4 1 1
levelup/go-api/internal/notify/notifiers.go:235.3,236.22 2 1
levelup/go-api/internal/notify/notifiers.go:236.22,238.4 1 1
levelup/go-api/internal/notify/notifiers.go:239.3,243.5 1 1
levelup/go-api/internal/notify/notifiers.go:246.2,246.14 1 1
levelup/go-api/internal/notify/notifiers.go:249.24,250.11 1 1
levelup/go-api/internal/notify/notifiers.go:250.11,252.3 1 1
levelup/go-api/internal/notify/notifiers.go:253.2,253.10 1 1
levelup/go-api/internal/notify/notifiers.go:262.29,264.65 2 1
levelup/go-api/internal/notify/notifiers.go:264.65,266.3 1 1
levelup/go-api/internal/notify/notifiers.go:267.2,267.11 1 1
levelup/go-api/internal/notify/version.go:34.69,35.24 1 0
levelup/go-api/internal/notify/version.go:35.24,37.3 1 0
levelup/go-api/internal/notify/version.go:38.2,38.49 1 0
levelup/go-api/internal/notify/version.go:38.49,41.3 2 0
levelup/go-api/internal/notify/version.go:42.2,42.26 1 0
levelup/go-api/internal/notify/version.go:42.26,44.3 1 0
levelup/go-api/internal/notify/version.go:47.2,50.24 2 0
levelup/go-api/internal/notify/version.go:50.24,54.3 3 0
levelup/go-api/internal/notify/version.go:57.2,57.36 1 0
levelup/go-api/internal/notify/version.go:57.36,60.3 2 0
levelup/go-api/internal/notify/version.go:63.2,63.55 1 0
levelup/go-api/internal/notify/version.go:63.55,68.3 3 0
levelup/go-api/internal/notify/version.go:71.2,75.9 4 0
levelup/go-api/internal/notify/version.go:75.9,78.3 2 0
levelup/go-api/internal/notify/version.go:81.2,81.83 1 0
levelup/go-api/internal/notify/version.go:81.83,83.3 1 0
levelup/go-api/internal/notify/version.go:84.2,85.13 2 0
levelup/go-api/internal/notify/version.go:89.63,94.16 4 1
levelup/go-api/internal/notify/version.go:94.16,96.3 1 0
levelup/go-api/internal/notify/version.go:98.2,98.40 1 1
levelup/go-api/internal/notify/version.go:98.40,101.3 2 1
levelup/go-api/internal/notify/version.go:103.2,108.3 1 1
levelup/go-api/internal/notify/version.go:117.50,118.15 1 1
levelup/go-api/internal/notify/version.go:118.15,120.3 1 1
levelup/go-api/internal/notify/version.go:121.2,123.18 3 1
levelup/go-api/internal/notify/version.go:123.18,126.3 1 1
levelup/go-api/internal/notify/version.go:127.2,127.37 1 1
levelup/go-api/internal/notify/version.go:130.49,133.20 3 1
levelup/go-api/internal/notify/version.go:133.20,135.3 1 1
levelup/go-api/internal/notify/version.go:136.2,138.32 3 1
levelup/go-api/internal/notify/version.go:138.32,140.3 1 1
levelup/go-api/internal/notify/version.go:141.2,141.23 1 1
levelup/go-api/internal/notify/version.go:148.58,150.16 2 1
levelup/go-api/internal/notify/version.go:150.16,152.3 1 1
levelup/go-api/internal/notify/version.go:153.2,154.48 2 1
levelup/go-api/internal/notify/version.go:154.48,156.3 1 0
levelup/go-api/internal/notify/version.go:157.2,158.29 2 1
levelup/go-api/internal/notify/version.go:163.67,165.16 2 1
levelup/go-api/internal/notify/version.go:165.16,168.3 1 0
levelup/go-api/internal/notify/version.go:169.2,170.48 2 1
levelup/go-api/internal/notify/version.go:170.48,172.3 1 0
levelup/go-api/internal/notify/version.go:173.2,176.16 3 1
levelup/go-api/internal/notify/version.go:176.16,178.3 1 0
levelup/go-api/internal/notify/version.go:181.2,183.16 3 1
levelup/go-api/internal/notify/version.go:183.16,185.3 1 0
levelup/go-api/internal/notify/version.go:186.2,189.21 4 1
levelup/go-api/internal/notify/version.go:189.21,192.3 2 0
levelup/go-api/internal/notify/version.go:193.2,193.21 1 1
levelup/go-api/internal/notify/version.go:193.21,196.3 2 0
levelup/go-api/internal/notify/version.go:197.2,197.57 1 1
levelup/go-api/internal/notify/version.go:197.57,200.3 2 0
levelup/go-api/internal/notify/version.go:201.2,201.12 1 1
levelup/go-api/internal/notify/version.go:210.59,213.16 3 1
levelup/go-api/internal/notify/version.go:213.16,215.3 1 1
levelup/go-api/internal/notify/version.go:216.2,219.20 3 1
levelup/go-api/internal/notify/version.go:219.20,221.3 1 0
levelup/go-api/internal/notify/version.go:222.2,228.21 5 1
levelup/go-api/internal/notify/version.go:228.21,232.17 3 1
levelup/go-api/internal/notify/version.go:232.17,233.43 1 1
levelup/go-api/internal/notify/version.go:233.43,236.5 2 1
levelup/go-api/internal/notify/version.go:237.4,237.12 1 1
levelup/go-api/internal/notify/version.go:241.3,241.91 1 1
levelup/go-api/internal/notify/version.go:241.91,242.9 1 1
levelup/go-api/internal/notify/version.go:244.3,244.41 1 1
levelup/go-api/internal/notify/version.go:244.41,245.9 1 0
levelup/go-api/internal/notify/version.go:247.3,247.42 1 1
levelup/go-api/internal/notify/version.go:250.2,250.57 1 1
levelup/go-api/internal/config/config.go:43.56,44.64 1 1
levelup/go-api/internal/config/config.go:44.64,46.3 1 1
levelup/go-api/internal/config/config.go:47.2,48.16 2 1
levelup/go-api/internal/config/config.go:48.16,50.3 1 1
levelup/go-api/internal/config/config.go:51.2,52.49 2 1
levelup/go-api/internal/config/config.go:52.49,54.3 1 1
levelup/go-api/internal/config/config.go:55.2,55.52 1 1
levelup/go-api/internal/config/config.go:55.52,56.64 1 1
levelup/go-api/internal/config/config.go:56.64,58.4 1 1
levelup/go-api/internal/config/config.go:60.2,60.11 1 1
levelup/go-api/internal/config/config.go:65.33,89.2 6 1
levelup/go-api/internal/config/config.go:115.88,116.16 1 1
levelup/go-api/internal/config/config.go:116.16,124.3 1 0
levelup/go-api/internal/config/config.go:126.2,127.16 2 1
levelup/go-api/internal/config/config.go:127.16,128.25 1 0
levelup/go-api/internal/config/config.go:128.25,130.4 1 0
levelup/go-api/internal/config/config.go:131.3,131.63 1 0
levelup/go-api/internal/config/config.go:135.2,138.60 2 1
levelup/go-api/internal/config/config.go:138.60,140.3 1 0
levelup/go-api/internal/config/config.go:142.2,142.35 1 1
levelup/go-api/internal/config/config.go:142.35,144.3 1 1
levelup/go-api/internal/config/config.go:145.2,145.46 1 1
levelup/go-api/internal/config/config.go:149.103,151.52 2 1
levelup/go-api/internal/config/config.go:151.52,153.3 1 0
levelup/go-api/internal/config/config.go:156.2,157.26 2 1
levelup/go-api/internal/config/config.go:157.26,159.3 1 1
levelup/go-api/internal/config/config.go:160.2,160.47 1 1
levelup/go-api/internal/config/config.go:160.47,162.3 1 1
levelup/go-api/internal/config/config.go:164.2,165.41 2 1
levelup/go-api/internal/config/config.go:165.41,167.15 2 1
levelup/go-api/internal/config/config.go:167.15,169.4 1 0
levelup/go-api/internal/config/config.go:170.3,176.5 1 1
levelup/go-api/internal/config/config.go:178.2,178.21 1 1
levelup/go-api/internal/config/config.go:182.103,184.52 2 1
levelup/go-api/internal/config/config.go:184.52,186.3 1 0
levelup/go-api/internal/config/config.go:188.2,189.26 2 1
levelup/go-api/internal/config/config.go:189.26,191.3 1 1
levelup/go-api/internal/config/config.go:193.2,194.54 2 1
levelup/go-api/internal/config/config.go:194.54,195.42 1 1
levelup/go-api/internal/config/config.go:195.42,196.12 1 1
levelup/go-api/internal/config/config.go:198.3,198.42 1 1
levelup/go-api/internal/config/config.go:198.42,200.16 2 1
levelup/go-api/internal/config/config.go:200.16,202.5 1 0
levelup/go-api/internal/config/config.go:203.4,209.6 1 1
levelup/go-api/internal/config/config.go:212.2,212.21 1 1
levelup/go-api/internal/config/config.go:216.71,218.16 2 1
levelup/go-api/internal/config/config.go:218.16,219.25 1 1
levelup/go-api/internal/config/config.go:219.25,221.4 1 1
levelup/go-api/internal/config/config.go:222.3,222.64 1 0
levelup/go-api/internal/config/config.go:225.2,226.56 2 1
levelup/go-api/internal/config/config.go:226.56,228.3 1 1
levelup/go-api/internal/config/config.go:229.2,229.22 1 1
levelup/go-api/internal/config/config.go:233.41,235.2 1 1
levelup/go-api/internal/config/config.go:239.46,240.34 1 1
levelup/go-api/internal/config/config.go:240.34,242.3 1 1
levelup/go-api/internal/config/config.go:243.2,243.12 1 1
levelup/go-api/internal/config/config.go:246.41,248.13 2 1
levelup/go-api/internal/config/config.go:248.13,250.3 1 1
levelup/go-api/internal/config/config.go:251.2,252.51 2 1
levelup/go-api/internal/config/config.go:252.51,254.3 1 1
levelup/go-api/internal/config/config.go:255.2,255.10 1 1
levelup/go-api/internal/config/config.go:258.42,259.13 1 1
levelup/go-api/internal/config/config.go:259.13,261.3 1 1
levelup/go-api/internal/config/config.go:262.2,264.26 3 1
levelup/go-api/internal/config/config.go:264.26,265.53 1 1
levelup/go-api/internal/config/config.go:265.53,267.4 1 1
levelup/go-api/internal/config/config.go:269.2,269.12 1 1
levelup/go-api/internal/config/config.go:274.34,278.16 2 1
levelup/go-api/internal/config/config.go:278.16,280.3 1 0
levelup/go-api/internal/config/config.go:281.2,283.25 2 1
levelup/go-api/internal/config/config.go:283.25,284.84 1 1
levelup/go-api/internal/config/config.go:284.84,286.4 1 0
levelup/go-api/internal/config/config.go:287.3,288.20 2 1
levelup/go-api/internal/config/config.go:288.20,289.9 1 1
levelup/go-api/internal/config/config.go:291.3,291.15 1 1
levelup/go-api/internal/config/config.go:293.2,293.12 1 1
levelup/go-api/internal/config/fanout_factory.go:18.54,20.2 1 0
levelup/go-api/internal/config/fanout_factory.go:26.34,28.16 2 0
levelup/go-api/internal/config/fanout_factory.go:28.16,30.3 1 0
levelup/go-api/internal/config/fanout_factory.go:31.2,31.39 1 0
levelup/go-api/internal/config/feature_flags.go:82.41,97.2 1 1
levelup/go-api/internal/config/feature_flags.go:101.62,116.2 1 1
levelup/go-api/internal/config/feature_flags.go:119.55,120.42 1 1
levelup/go-api/internal/config/feature_flags.go:120.42,122.3 1 1
levelup/go-api/internal/config/feature_flags.go:123.2,123.18 1 0
levelup/go-api/internal/config/feature_flags.go:127.40,128.32 1 1
levelup/go-api/internal/config/feature_flags.go:128.32,129.36 1 1
levelup/go-api/internal/config/feature_flags.go:129.36,131.4 1 1
levelup/go-api/internal/config/feature_flags.go:133.2,133.13 1 1
levelup/go-api/internal/config/feature_flags.go:138.60,143.2 4 1
levelup/go-api/internal/config/feature_flags.go:146.59,148.16 2 1
levelup/go-api/internal/config/feature_flags.go:148.16,150.3 1 1
levelup/go-api/internal/config/feature_flags.go:151.2,154.81 2 1
levelup/go-api/internal/config/feature_flags.go:154.81,156.3 1 0
levelup/go-api/internal/config/feature_flags.go:157.2,157.37 1 1
levelup/go-api/internal/config/feature_flags.go:161.38,163.32 2 1
levelup/go-api/internal/config/feature_flags.go:163.32,165.39 2 1
levelup/go-api/internal/config/feature_flags.go:165.39,167.4 1 1
levelup/go-api/internal/config/feature_flags.go:169.2,169.24 1 1
levelup/go-api/internal/config/feature_flags.go:173.59,175.30 2 1
levelup/go-api/internal/config/feature_flags.go:175.30,176.46 1 1
levelup/go-api/internal/config/feature_flags.go:176.46,178.4 1 1
levelup/go-api/internal/config/feature_flags.go:183.37,184.36 1 1
levelup/go-api/internal/config/feature_flags.go:184.36,186.3 1 1
levelup/go-api/internal/config/feature_flags.go:187.2,187.18 1 1
levelup/go-api/internal/config/player_resolver.go:22.107,23.21 1 0
levelup/go-api/internal/config/player_resolver.go:23.21,25.3 1 0
levelup/go-api/internal/config/player_resolver.go:26.2,26.18 1 0
levelup/go-api/internal/config/player_resolver.go:26.18,28.3 1 0
levelup/go-api/internal/config/player_resolver.go:29.2,29.53 1 0
levelup/go-api/internal/config/player_resolver.go:33.105,36.16 3 0
levelup/go-api/internal/config/player_resolver.go:36.16,39.3 1 0
levelup/go-api/internal/config/player_resolver.go:40.2,48.36 2 0
levelup/go-api/internal/config/player_resolver.go:52.111,54.16 2 0
levelup/go-api/internal/config/player_resolver.go:54.16,56.3 1 0
levelup/go-api/internal/config/player_resolver.go:58.2,59.25 2 0
levelup/go-api/internal/config/player_resolver.go:59.25,60.36 1 0
levelup/go-api/internal/config/player_resolver.go:60.36,62.9 2 0
levelup/go-api/internal/config/player_resolver.go:65.2,65.18 1 0
levelup/go-api/internal/config/player_resolver.go:65.18,67.3 1 0
levelup/go-api/internal/config/player_resolver.go:69.2,70.36 2 0
levelup/go-api/internal/config/player_resolver.go:75.105,81.27 3 0
levelup/go-api/internal/config/player_resolver.go:81.27,90.3 1 0
levelup/go-api/internal/config/player_resolver.go:92.2,99.3 1 0
levelup/go-api/internal/config/player_resolver.go:104.60,105.21 1 1
levelup/go-api/internal/config/player_resolver.go:105.21,107.3 1 1
levelup/go-api/internal/config/player_resolver.go:108.2,108.18 1 1
levelup/go-api/internal/config/player_resolver.go:108.18,110.3 1 1
levelup/go-api/internal/config/player_resolver.go:111.2,113.27 3 1
levelup/go-api/internal/config/player_resolver.go:113.27,115.3 1 1
levelup/go-api/internal/config/player_resolver.go:116.2,116.32 1 0
levelup/go-api/internal/config/player_resolver.go:120.48,122.16 2 1
levelup/go-api/internal/config/player_resolver.go:122.16,124.3 1 1
levelup/go-api/internal/config/player_resolver.go:125.2,126.16 2 1
levelup/go-api/internal/config/player_resolver.go:126.16,128.3 1 1
levelup/go-api/internal/config/player_resolver.go:129.2,129.18 1 1
levelup/go-api/internal/ctxkeys/ctxkeys.go:19.70,21.2 1 1
levelup/go-api/internal/ctxkeys/ctxkeys.go:25.44,26.62 1 1
levelup/go-api/internal/ctxkeys/ctxkeys.go:26.62,28.3 1 1
levelup/go-api/internal/ctxkeys/ctxkeys.go:29.2,29.24 1 1
levelup/go-api/internal/ctxkeys/ctxkeys.go:33.96,36.2 2 1
levelup/go-api/internal/ctxkeys/ctxkeys.go:39.57,42.2 2 1
levelup/go-api/internal/ctxkeys/ctxkeys.go:45.43,48.2 2 1
levelup/go-api/internal/domain/title/registry.go:51.62,52.35 1 1
levelup/go-api/internal/domain/title/registry.go:52.35,53.15 1 1
levelup/go-api/internal/domain/title/registry.go:53.15,55.4 1 1
levelup/go-api/internal/domain/title/registry.go:57.2,57.14 1 1
levelup/go-api/internal/domain/title/registry.go:74.30,91.2 3 1
levelup/go-api/internal/domain/title/registry.go:94.52,98.2 3 1
levelup/go-api/internal/domain/title/registry.go:101.54,105.2 3 1
levelup/go-api/internal/domain/title/registry.go:108.45,113.2 4 1
levelup/go-api/internal/domain/title/registry.go:116.45,120.29 4 1
levelup/go-api/internal/domain/title/registry.go:120.29,122.3 1 1
levelup/go-api/internal/domain/title/registry.go:123.2,123.12 1 1
levelup/go-api/internal/domain/title/registry.go:127.47,129.2 1 1
levelup/go-api/internal/domain/title/registry.go:145.76,147.45 2 1
levelup/go-api/internal/domain/title/registry.go:147.45,149.3 1 1
levelup/go-api/internal/domain/title/registry.go:149.8,151.3 1 0
levelup/go-api/internal/domain/title/registry.go:152.2,152.57 1 1
levelup/go-api/internal/domain/title/registry.go:156.42,158.2 1 1
levelup/go-api/internal/domain/title/registry.go:164.62,166.2 1 1
levelup/go-api/internal/domain/title/registry.go:170.62,172.2 1 1
levelup/go-api/internal/domain/title/registry.go:176.62,178.2 1 1
levelup/go-api/internal/domain/title/registry.go:182.64,184.2 1 1
levelup/go-api/internal/domain/title/registry.go:188.65,190.2 1 1
levelup/go-api/internal/domain/title/registry.go:194.69,196.2 1 1
levelup/go-api/internal/domain/title/registry.go:200.72,202.2 1 1
levelup/go-api/internal/domain/title/registry.go:206.76,208.2 1 1
levelup/go-api/internal/domain/title/registry.go:212.77,214.2 1 1
levelup/go-api/internal/domain/title/registry.go:218.69,220.2 1 1
levelup/go-api/internal/domain/title/registry.go:224.65,226.2 1 1
levelup/go-api/internal/domain/title/registry.go:232.44,234.2 1 1
levelup/go-api/internal/domain/title/registry.go:238.47,240.2 1 1
levelup/go-api/internal/domain/title/registry.go:243.48,245.2 1 1
levelup/go-api/internal/domain/title/registry.go:248.49,250.2 1 1
levelup/go-api/internal/domain/title/registry.go:256.52,258.2 1 1
levelup/go-api/internal/domain/title/registry.go:261.52,263.2 1 1
levelup/go-api/internal/domain/title/registry.go:266.54,268.2 1 1
levelup/go-api/internal/domain/title/registry.go:271.64,273.2 1 1
levelup/go-api/internal/domain/title/registry.go:276.55,278.2 1 1
levelup/go-api/internal/domain/title/registry.go:283.57,284.16 1 1
levelup/go-api/internal/domain/title/registry.go:284.16,286.3 1 1
levelup/go-api/internal/domain/title/registry.go:287.2,287.30 1 1
levelup/go-api/internal/domain/title/registry.go:287.30,289.3 1 1
levelup/go-api/internal/domain/title/registry.go:290.2,290.12 1 1
levelup/go-api/internal/domain/chart/base.go:83.36,84.14 1 1
levelup/go-api/internal/domain/chart/base.go:85.9,86.24 1 1
levelup/go-api/internal/domain/chart/base.go:87.9,88.25 1 1
levelup/go-api/internal/domain/chart/base.go:89.12,90.24 1 1
levelup/go-api/internal/domain/chart/base.go:91.10,92.19 1 1
levelup/go-api/internal/domain/chart/base.go:97.38,98.9 1 1
levelup/go-api/internal/domain/chart/base.go:99.19,100.30 1 1
levelup/go-api/internal/domain/chart/base.go:101.19,102.29 1 1
levelup/go-api/internal/domain/chart/base.go:103.19,104.29 1 1
levelup/go-api/internal/domain/chart/base.go:105.10,106.29 1 1
levelup/go-api/internal/domain/common.go:14.35,14.71 1 1
levelup/go-api/internal/domain/common.go:17.49,23.2 1 1
levelup/go-api/internal/domain/common.go:26.42,28.2 1 1
levelup/go-api/internal/domain/common.go:31.40,33.2 1 1
levelup/go-api/internal/domain/filters.go:71.46,72.59 1 1
levelup/go-api/internal/domain/filters.go:72.59,74.3 1 1
levelup/go-api/internal/domain/filters.go:75.2,75.58 1 1
levelup/go-api/internal/domain/filters.go:75.58,76.52 1 1
levelup/go-api/internal/domain/filters.go:76.52,79.4 1 1
levelup/go-api/internal/domain/filters.go:81.2,81.31 1 1
levelup/go-api/internal/domain/filters.go:81.31,83.3 1 1
levelup/go-api/internal/domain/filters.go:84.2,84.12 1 1
levelup/go-api/internal/domain/job.go:76.40,77.23 1 1
levelup/go-api/internal/domain/job.go:77.23,79.3 1 1
levelup/go-api/internal/domain/job.go:80.2,80.24 1 1
levelup/go-api/internal/domain/job.go:84.53,87.2 2 1
levelup/go-api/internal/domain/job.go:90.44,91.18 1 1
levelup/go-api/internal/domain/job.go:92.85,93.14 1 1
levelup/go-api/internal/domain/job.go:94.10,95.15 1 1
levelup/go-api/internal/domain/match_history.go:106.52,107.27 1 1
levelup/go-api/internal/domain/match_history.go:107.27,109.3 1 1
levelup/go-api/internal/domain/match_history.go:110.2,110.31 1 1
levelup/go-api/internal/domain/match_history.go:110.31,112.3 1 1
levelup/go-api/internal/domain/match_history.go:113.2,113.41 1 1
levelup/go-api/internal/domain/match_history.go:113.41,115.3 1 1
levelup/go-api/internal/domain/match_history.go:116.2,116.45 1 1
levelup/go-api/internal/domain/match_history.go:116.45,118.3 1 1
levelup/go-api/internal/domain/match_history.go:119.2,119.12 1 1
levelup/go-api/internal/domain/sync.go:38.39,39.23 1 1
levelup/go-api/internal/domain/sync.go:39.23,41.3 1 1
levelup/go-api/internal/domain/sync.go:42.2,42.39 1 1
levelup/go-api/internal/domain/sync.go:42.39,44.3 1 1
levelup/go-api/internal/domain/sync.go:45.2,45.22 1 1
levelup/go-api/internal/domain/sync.go:45.22,47.3 1 1
levelup/go-api/internal/domain/sync.go:48.2,48.29 1 1
levelup/go-api/internal/domain/sync.go:48.29,50.3 1 1
levelup/go-api/internal/domain/sync.go:51.2,51.12 1 1
levelup/go-api/internal/domain/sync.go:55.39,63.2 1 1
levelup/go-api/internal/domain/sync.go:82.38,83.24 1 1
levelup/go-api/internal/domain/sync.go:83.24,85.3 1 1
levelup/go-api/internal/domain/sync.go:86.2,86.27 1 1
levelup/go-api/internal/domain/sync.go:86.27,88.3 1 1
levelup/go-api/internal/domain/sync.go:89.2,89.18 1 1
levelup/go-api/internal/domain/sync.go:93.43,95.2 1 1
levelup/go-api/internal/domain/sync.go:98.45,100.2 1 1
levelup/go-api/internal/ops/migrate/migrate.go:49.59,57.32 5 1
levelup/go-api/internal/ops/migrate/migrate.go:57.32,63.3 1 1
levelup/go-api/internal/ops/migrate/migrate.go:63.8,65.3 1 1
levelup/go-api/internal/ops/migrate/migrate.go:68.2,70.16 3 1
levelup/go-api/internal/ops/migrate/migrate.go:70.16,71.25 1 1
levelup/go-api/internal/ops/migrate/migrate.go:71.25,73.4 1 1
levelup/go-api/internal/ops/migrate/migrate.go:73.9,75.4 1 0
levelup/go-api/internal/ops/migrate/migrate.go:77.2,77.28 1 1
levelup/go-api/internal/ops/migrate/migrate.go:77.28,78.17 1 1
levelup/go-api/internal/ops/migrate/migrate.go:78.17,79.12 1 0
levelup/go-api/internal/ops/migrate/migrate.go:81.3,86.5 2 1
levelup/go-api/internal/ops/migrate/migrate.go:89.2,89.18 1 1
levelup/go-api/internal/ops/migrate/migrate.go:93.60,100.37 2 1
levelup/go-api/internal/ops/migrate/migrate.go:100.37,102.67 1 1
levelup/go-api/internal/ops/migrate/migrate.go:102.67,104.4 1 0
levelup/go-api/internal/ops/migrate/migrate.go:107.3,107.45 1 1
levelup/go-api/internal/ops/migrate/migrate.go:107.45,109.4 1 0
levelup/go-api/internal/ops/migrate/migrate.go:111.3,112.55 2 1
levelup/go-api/internal/ops/migrate/migrate.go:112.55,114.4 1 0
levelup/go-api/internal/ops/migrate/migrate.go:115.3,115.56 1 1
levelup/go-api/internal/ops/migrate/migrate.go:119.2,120.62 2 1
levelup/go-api/internal/ops/migrate/migrate.go:120.62,122.3 1 0
levelup/go-api/internal/ops/migrate/migrate.go:124.2,124.22 1 1
levelup/go-api/internal/ops/migrate/migrate.go:128.49,131.16 3 1
levelup/go-api/internal/ops/migrate/migrate.go:131.16,133.3 1 0
levelup/go-api/internal/ops/migrate/migrate.go:135.2,136.56 2 1
levelup/go-api/internal/ops/migrate/migrate.go:136.56,138.3 1 0
levelup/go-api/internal/ops/migrate/migrate.go:140.2,140.25 1 1
levelup/go-api/internal/ops/migrate/migrate.go:140.25,142.3 1 1
levelup/go-api/internal/ops/migrate/migrate.go:145.2,145.53 1 1
levelup/go-api/internal/ops/migrate/migrate.go:145.53,150.69 3 1
levelup/go-api/internal/ops/migrate/migrate.go:150.69,152.4 1 0
levelup/go-api/internal/ops/migrate/migrate.go:154.3,154.55 1 1
levelup/go-api/internal/ops/migrate/migrate.go:154.55,156.4 1 0
levelup/go-api/internal/ops/migrate/migrate.go:160.2,163.63 4 1
levelup/go-api/internal/ops/migrate/migrate.go:163.63,165.3 1 0
levelup/go-api/internal/ops/migrate/migrate.go:167.2,167.12 1 1
levelup/go-api/internal/ops/migrate/migrate.go:172.34,175.2 2 1
levelup/go-api/internal/ops/migrate/migrate.go:177.52,178.63 1 1
levelup/go-api/internal/ops/migrate/migrate.go:178.63,180.3 1 0
levelup/go-api/internal/ops/migrate/migrate.go:181.2,182.16 2 1
levelup/go-api/internal/ops/migrate/migrate.go:182.16,184.3 1 0
levelup/go-api/internal/ops/migrate/migrate.go:185.2,185.40 1 1
levelup/go-api/internal/platform/jobs/store.go:31.35,38.2 3 1
levelup/go-api/internal/platform/jobs/store.go:41.90,60.2 9 1
levelup/go-api/internal/platform/jobs/store.go:63.58,68.9 4 1
levelup/go-api/internal/platform/jobs/store.go:68.9,70.3 1 1
levelup/go-api/internal/platform/jobs/store.go:72.2,72.47 1 1
levelup/go-api/internal/platform/jobs/store.go:72.47,73.49 1 1
levelup/go-api/internal/platform/jobs/store.go:73.49,75.4 1 1
levelup/go-api/internal/platform/jobs/store.go:78.2,79.12 2 1
levelup/go-api/internal/platform/jobs/store.go:85.76,90.9 4 1
levelup/go-api/internal/platform/jobs/store.go:90.9,92.3 1 0
levelup/go-api/internal/platform/jobs/store.go:93.2,95.13 3 1
levelup/go-api/internal/platform/jobs/store.go:99.85,100.56 1 1
levelup/go-api/internal/platform/jobs/store.go:100.56,102.18 2 1
levelup/go-api/internal/platform/jobs/store.go:102.18,104.4 1 1
levelup/go-api/internal/platform/jobs/store.go:105.3,105.62 1 1
levelup/go-api/internal/platform/jobs/store.go:105.62,108.4 2 0
levelup/go-api/internal/platform/jobs/store.go:109.3,109.21 1 1
levelup/go-api/internal/platform/jobs/store.go:109.21,112.4 2 1
levelup/go-api/internal/platform/jobs/store.go:117.81,119.2 1 1
levelup/go-api/internal/platform/jobs/store.go:122.97,126.29 3 1
levelup/go-api/internal/platform/jobs/store.go:126.29,129.22 1 1
levelup/go-api/internal/platform/jobs/store.go:129.22,132.4 2 1
levelup/go-api/internal/platform/jobs/store.go:134.2,134.12 1 1
levelup/go-api/internal/platform/jobs/store.go:143.24,145.16 2 1
levelup/go-api/internal/platform/jobs/store.go:145.16,146.26 1 1
levelup/go-api/internal/platform/jobs/store.go:146.26,148.4 1 0
levelup/go-api/internal/platform/jobs/store.go:149.3,149.9 1 1
levelup/go-api/internal/platform/jobs/store.go:152.2,153.54 2 1
levelup/go-api/internal/platform/jobs/store.go:153.54,156.3 2 0
levelup/go-api/internal/platform/jobs/store.go:158.2,160.30 3 1
levelup/go-api/internal/platform/jobs/store.go:160.30,161.84 1 1
levelup/go-api/internal/platform/jobs/store.go:161.84,165.4 3 1
levelup/go-api/internal/platform/jobs/store.go:166.3,166.19 1 1
levelup/go-api/internal/platform/jobs/store.go:168.2,168.81 1 1
levelup/go-api/internal/platform/jobs/store.go:172.30,173.65 1 1
levelup/go-api/internal/platform/jobs/store.go:173.65,176.3 2 0
levelup/go-api/internal/platform/jobs/store.go:177.2,178.16 2 1
levelup/go-api/internal/platform/jobs/store.go:178.16,181.3 2 0
levelup/go-api/internal/platform/jobs/store.go:182.2,182.58 1 1
levelup/go-api/internal/platform/jobs/store.go:182.58,184.3 1 0
levelup/go-api/internal/platform/jobs/store.go:189.38,190.30 1 1
levelup/go-api/internal/platform/jobs/store.go:190.30,191.48 1 0
levelup/go-api/internal/platform/jobs/store.go:191.48,192.50 1 0
levelup/go-api/internal/platform/jobs/store.go:192.50,194.5 1 0
levelup/go-api/internal/platform/jobs/store.go:200.24,202.2 1 1
levelup/go-api/internal/api/gen/types.gen.go:22.50,23.11 1 0
levelup/go-api/internal/api/gen/types.gen.go:24.41,25.14 1 0
levelup/go-api/internal/api/gen/types.gen.go:26.41,27.14 1 0
levelup/go-api/internal/api/gen/types.gen.go:28.39,29.14 1 0
levelup/go-api/internal/api/gen/types.gen.go:30.10,31.15 1 0
levelup/go-api/internal/api/gen/types.gen.go:44.51,45.11 1 0
levelup/go-api/internal/api/gen/types.gen.go:46.54,47.14 1 0
levelup/go-api/internal/api/gen/types.gen.go:48.45,49.14 1 0
levelup/go-api/internal/api/gen/types.gen.go:50.53,51.14 1 0
levelup/go-api/internal/api/gen/types.gen.go:52.40,53.14 1 0
levelup/go-api/internal/api/gen/types.gen.go:54.10,55.15 1 0
levelup/go-api/internal/api/gen/types.gen.go:66.45,67.11 1 0
levelup/go-api/internal/api/gen/types.gen.go:68.12,69.14 1 0
levelup/go-api/internal/api/gen/types.gen.go:70.13,71.14 1 0
levelup/go-api/internal/api/gen/types.gen.go:72.10,73.15 1 0
levelup/go-api/internal/api/gen/types.gen.go:85.54,86.11 1 0
levelup/go-api/internal/api/gen/types.gen.go:87.11,88.14 1 0
levelup/go-api/internal/api/gen/types.gen.go:89.12,90.14 1 0
levelup/go-api/internal/api/gen/types.gen.go:91.13,92.14 1 0
levelup/go-api/internal/api/gen/types.gen.go:93.10,94.15 1 0
levelup/go-api/internal/api/gen/types.gen.go:105.52,106.11 1 0
levelup/go-api/internal/api/gen/types.gen.go:107.14,108.14 1 0
levelup/go-api/internal/api/gen/types.gen.go:109.16,110.14 1 0
levelup/go-api/internal/api/gen/types.gen.go:111.10,112.15 1 0
levelup/go-api/internal/api/gen/types.gen.go:124.43,125.11 1 0
levelup/go-api/internal/api/gen/types.gen.go:126.14,127.14 1 0
levelup/go-api/internal/api/gen/types.gen.go:128.12,129.14 1 0
levelup/go-api/internal/api/gen/types.gen.go:130.13,131.14 1 0
levelup/go-api/internal/api/gen/types.gen.go:132.10,133.15 1 0
levelup/go-api/internal/api/gen/types.gen.go:145.47,146.11 1 0
levelup/go-api/internal/api/gen/types.gen.go:147.13,148.14 1 0
levelup/go-api/internal/api/gen/types.gen.go:149.13,150.14 1 0
levelup/go-api/internal/api/gen/types.gen.go:151.15,152.14 1 0
levelup/go-api/internal/api/gen/types.gen.go:153.10,154.15 1 0
levelup/go-api/internal/api/gen/types.gen.go:166.44,167.11 1 0
levelup/go-api/internal/api/gen/types.gen.go:168.16,169.14 1 0
levelup/go-api/internal/api/gen/types.gen.go:170.12,171.14 1 0
levelup/go-api/internal/api/gen/types.gen.go:172.10,173.14 1 0
levelup/go-api/internal/api/gen/types.gen.go:174.10,175.15 1 0
levelup/go-api/internal/api/gen/types.gen.go:187.47,188.11 1 0
levelup/go-api/internal/api/gen/types.gen.go:189.11,190.14 1 0
levelup/go-api/internal/api/gen/types.gen.go:191.12,192.14 1 0
levelup/go-api/internal/api/gen/types.gen.go:193.12,194.14 1 0
levelup/go-api/internal/api/gen/types.gen.go:195.10,196.15 1 0
levelup/go-api/internal/api/gen/types.gen.go:207.52,208.11 1 0
levelup/go-api/internal/api/gen/types.gen.go:209.13,210.14 1 0
levelup/go-api/internal/api/gen/types.gen.go:211.14,212.14 1 0
levelup/go-api/internal/api/gen/types.gen.go:213.10,214.15 1 0
levelup/go-api/internal/api/gen/types.gen.go:225.51,226.11 1 0
levelup/go-api/internal/api/gen/types.gen.go:227.10,228.14 1 0
levelup/go-api/internal/api/gen/types.gen.go:229.10,230.14 1 0
levelup/go-api/internal/api/gen/types.gen.go:231.10,232.15 1 0
levelup/go-api/internal/api/gen/types.gen.go:243.41,244.11 1 0
levelup/go-api/internal/api/gen/types.gen.go:245.11,246.14 1 0
levelup/go-api/internal/api/gen/types.gen.go:247.12,248.14 1 0
levelup/go-api/internal/api/gen/types.gen.go:249.10,250.15 1 0
levelup/go-api/internal/api/gen/types.gen.go:1066.92,1070.2 3 0
levelup/go-api/internal/api/gen/types.gen.go:1073.93,1077.2 3 0
levelup/go-api/internal/api/gen/types.gen.go:1080.94,1082.16 2 0
levelup/go-api/internal/api/gen/types.gen.go:1082.16,1084.3 1 0
levelup/go-api/internal/api/gen/types.gen.go:1086.2,1088.12 3 0
levelup/go-api/internal/api/gen/types.gen.go:1092.92,1096.2 3 0
levelup/go-api/internal/api/gen/types.gen.go:1099.93,1103.2 3 0
levelup/go-api/internal/api/gen/types.gen.go:1106.94,1108.16 2 0
levelup/go-api/internal/api/gen/types.gen.go:1108.16,1110.3 1 0
levelup/go-api/internal/api/gen/types.gen.go:1112.2,1114.12 3 0
levelup/go-api/internal/api/gen/types.gen.go:1117.63,1120.2 2 0
levelup/go-api/internal/api/gen/types.gen.go:1122.64,1125.2 2 0
levelup/go-api/internal/platform/session/store.go:48.68,49.48 1 1
levelup/go-api/internal/platform/session/store.go:49.48,52.3 1 0
levelup/go-api/internal/platform/session/store.go:53.2,57.3 1 1
levelup/go-api/internal/platform/session/store.go:61.43,72.2 3 1
levelup/go-api/internal/platform/session/store.go:75.60,78.16 3 1
levelup/go-api/internal/platform/session/store.go:78.16,80.3 1 1
levelup/go-api/internal/platform/session/store.go:81.2,82.52 2 1
levelup/go-api/internal/platform/session/store.go:82.52,84.3 1 0
levelup/go-api/internal/platform/session/store.go:85.2,85.24 1 1
levelup/go-api/internal/platform/session/store.go:85.24,88.3 2 0
levelup/go-api/internal/platform/session/store.go:89.2,89.14 1 1
levelup/go-api/internal/platform/session/store.go:93.54,95.16 2 1
levelup/go-api/internal/platform/session/store.go:95.16,97.3 1 0
levelup/go-api/internal/platform/session/store.go:98.2,98.58 1 1
levelup/go-api/internal/platform/session/store.go:102.55,105.2 2 1
levelup/go-api/internal/platform/session/store.go:108.48,110.24 2 1
levelup/go-api/internal/platform/session/store.go:110.24,112.3 1 0
levelup/go-api/internal/platform/session/store.go:113.2,113.12 1 1
levelup/go-api/internal/platform/session/store.go:117.36,119.16 2 1
levelup/go-api/internal/platform/session/store.go:119.16,121.3 1 0
levelup/go-api/internal/platform/session/store.go:122.2,123.28 2 1
levelup/go-api/internal/platform/session/store.go:123.28,124.57 1 1
levelup/go-api/internal/platform/session/store.go:124.57,125.12 1 0
levelup/go-api/internal/platform/session/store.go:127.3,129.17 3 1
levelup/go-api/internal/platform/session/store.go:129.17,132.12 3 0
levelup/go-api/internal/platform/session/store.go:134.3,135.75 2 1
levelup/go-api/internal/platform/session/store.go:135.75,138.4 2 1
levelup/go-api/internal/platform/session/store.go:140.2,140.16 1 1
levelup/go-api/internal/platform/session/store.go:148.53,151.2 2 1
levelup/go-api/internal/platform/session/store.go:154.57,156.13 2 1
levelup/go-api/internal/platform/session/store.go:156.13,158.3 1 1
levelup/go-api/internal/platform/session/store.go:159.2,163.54 4 1
levelup/go-api/internal/platform/session/store.go:163.54,165.3 1 0
levelup/go-api/internal/platform/session/store.go:166.2,166.18 1 1
levelup/go-api/internal/platform/session/store.go:174.47,178.2 3 1
levelup/go-api/internal/platform/session/store.go:181.47,184.2 2 1
levelup/go-api/internal/platform/session/store.go:187.58,190.2 2 1
levelup/go-api/internal/platform/session/store.go:193.35,195.23 2 1
levelup/go-api/internal/platform/session/store.go:195.23,196.60 1 1
levelup/go-api/internal/platform/session/store.go:196.60,198.4 1 1
levelup/go-api/internal/platform/session/store.go:200.2,200.19 1 1
levelup/go-api/internal/platform/settings/store.go:58.35,60.2 1 1
levelup/go-api/internal/platform/settings/store.go:64.46,69.16 4 1
levelup/go-api/internal/platform/settings/store.go:69.16,70.25 1 1
levelup/go-api/internal/platform/settings/store.go:70.25,72.4 1 1
levelup/go-api/internal/platform/settings/store.go:73.3,73.51 1 0
levelup/go-api/internal/platform/settings/store.go:77.2,78.51 2 1
levelup/go-api/internal/platform/settings/store.go:78.51,80.3 1 1
levelup/go-api/internal/platform/settings/store.go:83.2,84.50 2 1
levelup/go-api/internal/platform/settings/store.go:84.50,86.3 1 0
levelup/go-api/internal/platform/settings/store.go:87.2,90.45 2 1
levelup/go-api/internal/platform/settings/store.go:90.45,92.3 1 1
levelup/go-api/internal/platform/settings/store.go:94.2,94.49 1 1
levelup/go-api/internal/platform/settings/store.go:94.49,96.3 1 1
levelup/go-api/internal/platform/settings/store.go:98.2,98.17 1 1
levelup/go-api/internal/platform/settings/store.go:102.46,108.28 4 1
levelup/go-api/internal/platform/settings/store.go:108.28,110.3 1 1
levelup/go-api/internal/platform/settings/store.go:113.2,114.16 2 1
levelup/go-api/internal/platform/settings/store.go:114.16,116.3 1 0
levelup/go-api/internal/platform/settings/store.go:117.2,118.57 2 1
levelup/go-api/internal/platform/settings/store.go:118.57,120.3 1 0
levelup/go-api/internal/platform/settings/store.go:121.2,121.29 1 1
levelup/go-api/internal/platform/settings/store.go:121.29,123.3 1 1
levelup/go-api/internal/platform/settings/store.go:125.2,126.16 2 1
levelup/go-api/internal/platform/settings/store.go:126.16,128.3 1 0
levelup/go-api/internal/platform/settings/store.go:130.2,130.58 1 1
levelup/go-api/internal/platform/settings/store.go:130.58,132.3 1 0
levelup/go-api/internal/platform/settings/store.go:133.2,133.12 1 1
levelup/go-api/internal/platform/settings/store.go:137.65,138.21 1 1
levelup/go-api/internal/platform/settings/store.go:138.21,140.3 1 1
levelup/go-api/internal/platform/settings/store.go:141.2,141.28 1 1
levelup/go-api/internal/platform/settings/store.go:141.28,143.3 1 1
levelup/go-api/internal/platform/settings/store.go:144.2,144.29 1 1
levelup/go-api/internal/platform/settings/store.go:144.29,146.3 1 0
levelup/go-api/internal/platform/settings/store.go:147.2,147.36 1 1
levelup/go-api/internal/platform/settings/store.go:147.36,149.3 1 1
levelup/go-api/internal/platform/settings/store.go:150.2,150.28 1 1
levelup/go-api/internal/platform/settings/store.go:150.28,152.3 1 0
levelup/go-api/internal/platform/settings/store.go:153.2,153.36 1 1
levelup/go-api/internal/platform/settings/store.go:153.36,155.3 1 0
levelup/go-api/internal/platform/settings/store.go:156.2,156.36 1 1
levelup/go-api/internal/platform/settings/store.go:156.36,158.3 1 0
levelup/go-api/internal/platform/settings/store.go:159.2,159.37 1 1
levelup/go-api/internal/platform/settings/store.go:159.37,161.3 1 1
levelup/go-api/internal/platform/settings/store.go:162.2,162.38 1 1
levelup/go-api/internal/platform/settings/store.go:162.38,164.3 1 1
levelup/go-api/internal/platform/settings/store.go:165.2,165.44 1 1
levelup/go-api/internal/platform/settings/store.go:165.44,167.3 1 1
levelup/go-api/internal/platform/settings/store.go:168.2,168.34 1 1
levelup/go-api/internal/platform/settings/store.go:168.34,170.3 1 0
levelup/go-api/internal/platform/settings/store.go:171.2,171.34 1 1
levelup/go-api/internal/platform/settings/store.go:171.34,173.3 1 0
levelup/go-api/internal/platform/settings/store.go:174.2,174.38 1 1
levelup/go-api/internal/platform/settings/store.go:174.38,176.3 1 0
levelup/go-api/internal/platform/settings/store.go:177.2,177.40 1 1
levelup/go-api/internal/platform/settings/store.go:177.40,179.3 1 0
levelup/go-api/internal/platform/settings/store.go:180.2,180.38 1 1
levelup/go-api/internal/platform/settings/store.go:180.38,182.3 1 0
levelup/go-api/internal/platform/settings/store.go:183.2,183.41 1 1
levelup/go-api/internal/platform/settings/store.go:183.41,185.3 1 1
levelup/go-api/internal/platform/settings/store.go:186.2,186.43 1 1
levelup/go-api/internal/platform/settings/store.go:186.43,188.3 1 1
levelup/go-api/internal/platform/settings/store.go:189.2,189.42 1 1
levelup/go-api/internal/platform/settings/store.go:189.42,191.3 1 1
levelup/go-api/internal/platform/settings/store.go:192.2,192.44 1 1
levelup/go-api/internal/platform/settings/store.go:192.44,194.3 1 1
levelup/go-api/internal/platform/settings/store.go:195.2,195.51 1 1
levelup/go-api/internal/platform/settings/store.go:195.51,197.3 1 1
levelup/go-api/internal/platform/settings/store.go:198.2,198.47 1 1
levelup/go-api/internal/platform/settings/store.go:198.47,200.3 1 1
levelup/go-api/internal/platform/settings/store.go:201.2,201.41 1 1
levelup/go-api/internal/platform/settings/store.go:201.41,203.3 1 1
levelup/go-api/internal/platform/settings/store.go:204.2,204.43 1 1
levelup/go-api/internal/platform/settings/store.go:204.43,206.3 1 1
levelup/go-api/internal/platform/settings/store.go:207.2,207.44 1 1
levelup/go-api/internal/platform/settings/store.go:207.44,209.3 1 1
levelup/go-api/internal/platform/settings/store.go:213.60,240.2 1 1
levelup/go-api/internal/platform/settings/store.go:243.30,245.2 1 1
levelup/go-api/internal/platform/settings/store.go:248.37,257.2 1 1
levelup/go-api/internal/api/handlers/auth.go:35.116,41.2 1 1
levelup/go-api/internal/api/handlers/auth.go:45.79,46.16 1 1
levelup/go-api/internal/api/handlers/auth.go:46.16,49.3 2 1
levelup/go-api/internal/api/handlers/auth.go:51.2,52.17 2 0
levelup/go-api/internal/api/handlers/auth.go:52.17,55.3 2 0
levelup/go-api/internal/api/handlers/auth.go:58.2,59.12 2 0
levelup/go-api/internal/api/handlers/auth.go:59.12,62.3 2 0
levelup/go-api/internal/api/handlers/auth.go:65.2,67.16 3 0
levelup/go-api/internal/api/handlers/auth.go:67.16,68.71 1 0
levelup/go-api/internal/api/handlers/auth.go:68.71,72.4 3 0
levelup/go-api/internal/api/handlers/auth.go:73.3,74.9 2 0
levelup/go-api/internal/api/handlers/auth.go:78.2,78.70 1 0
levelup/go-api/internal/api/handlers/auth.go:78.70,83.3 4 0
levelup/go-api/internal/api/handlers/auth.go:86.2,89.64 3 0
levelup/go-api/internal/api/handlers/auth.go:94.83,97.17 3 1
levelup/go-api/internal/api/handlers/auth.go:97.17,100.3 2 0
levelup/go-api/internal/api/handlers/auth.go:102.2,103.61 2 1
levelup/go-api/internal/api/handlers/auth.go:103.61,106.3 2 1
levelup/go-api/internal/api/handlers/auth.go:109.2,109.73 1 0
levelup/go-api/internal/api/handlers/auth.go:109.73,111.30 2 0
levelup/go-api/internal/api/handlers/auth.go:111.30,116.4 1 0
levelup/go-api/internal/api/handlers/auth.go:118.3,118.34 1 0
levelup/go-api/internal/api/handlers/auth.go:118.34,123.4 1 0
levelup/go-api/internal/api/handlers/auth.go:124.3,124.32 1 0
levelup/go-api/internal/api/handlers/auth.go:127.2,127.65 1 0
levelup/go-api/internal/api/handlers/auth.go:136.92,141.16 4 0
levelup/go-api/internal/api/handlers/auth.go:141.16,142.63 1 0
levelup/go-api/internal/api/handlers/auth.go:142.63,146.4 3 0
levelup/go-api/internal/api/handlers/auth.go:147.3,147.9 1 0
levelup/go-api/internal/api/handlers/auth.go:151.2,152.16 2 0
levelup/go-api/internal/api/handlers/auth.go:152.16,153.63 1 0
levelup/go-api/internal/api/handlers/auth.go:153.63,157.4 3 0
levelup/go-api/internal/api/handlers/auth.go:158.3,158.9 1 0
levelup/go-api/internal/api/handlers/auth.go:163.2,163.62 1 0
levelup/go-api/internal/api/handlers/auth.go:163.62,169.3 5 0
levelup/go-api/internal/api/handlers/auth.go:176.87,184.2 1 1
levelup/go-api/internal/api/handlers/auth.go:186.89,191.22 2 1
levelup/go-api/internal/api/handlers/auth.go:191.22,193.3 1 1
levelup/go-api/internal/api/handlers/auth.go:194.2,194.18 1 1
levelup/go-api/internal/api/handlers/auth.go:194.18,196.3 1 1
levelup/go-api/internal/api/handlers/auth.go:197.2,197.23 1 1
levelup/go-api/internal/api/handlers/auth.go:197.23,199.3 1 1
levelup/go-api/internal/api/handlers/auth.go:200.2,200.25 1 1
levelup/go-api/internal/api/handlers/auth.go:200.25,202.3 1 1
levelup/go-api/internal/api/handlers/auth.go:203.2,203.13 1 1
levelup/go-api/internal/api/handlers/backfill.go:31.87,33.2 1 0
levelup/go-api/internal/api/handlers/backfill.go:37.81,39.61 2 0
levelup/go-api/internal/api/handlers/backfill.go:39.61,42.3 2 0
levelup/go-api/internal/api/handlers/backfill.go:44.2,44.54 1 0
levelup/go-api/internal/api/handlers/backfill.go:44.54,47.3 2 0
levelup/go-api/internal/api/handlers/backfill.go:50.2,51.16 2 0
levelup/go-api/internal/api/handlers/backfill.go:51.16,55.3 2 0
levelup/go-api/internal/api/handlers/backfill.go:56.2,57.28 2 0
levelup/go-api/internal/api/handlers/backfill.go:57.28,58.37 1 0
levelup/go-api/internal/api/handlers/backfill.go:58.37,61.9 3 0
levelup/go-api/internal/api/handlers/backfill.go:64.2,64.20 1 0
levelup/go-api/internal/api/handlers/backfill.go:64.20,68.3 2 0
levelup/go-api/internal/api/handlers/backfill.go:71.2,71.95 1 0
levelup/go-api/internal/api/handlers/backfill.go:71.95,75.3 2 0
levelup/go-api/internal/api/handlers/backfill.go:78.2,80.17 3 0
levelup/go-api/internal/api/handlers/backfill.go:80.17,82.3 1 0
levelup/go-api/internal/api/handlers/backfill.go:85.2,89.12 3 0
levelup/go-api/internal/api/handlers/backfill.go:89.12,97.17 5 0
levelup/go-api/internal/api/handlers/backfill.go:97.17,99.64 2 0
levelup/go-api/internal/api/handlers/backfill.go:99.64,102.5 2 0
levelup/go-api/internal/api/handlers/backfill.go:103.4,103.10 1 0
levelup/go-api/internal/api/handlers/backfill.go:106.3,109.63 4 0
levelup/go-api/internal/api/handlers/backfill.go:109.63,113.4 3 0
levelup/go-api/internal/api/handlers/backfill.go:115.3,115.31 1 0
levelup/go-api/internal/api/handlers/backfill.go:115.31,118.64 3 0
levelup/go-api/internal/api/handlers/backfill.go:118.64,122.5 3 0
levelup/go-api/internal/api/handlers/backfill.go:123.4,123.10 1 0
levelup/go-api/internal/api/handlers/backfill.go:127.3,128.20 2 0
levelup/go-api/internal/api/handlers/backfill.go:128.20,129.21 1 0
levelup/go-api/internal/api/handlers/backfill.go:129.21,130.65 1 0
levelup/go-api/internal/api/handlers/backfill.go:130.65,133.6 1 0
levelup/go-api/internal/api/handlers/backfill.go:134.10,136.65 2 0
levelup/go-api/internal/api/handlers/backfill.go:136.65,138.6 1 0
levelup/go-api/internal/api/handlers/backfill.go:139.5,142.21 2 0
levelup/go-api/internal/api/handlers/backfill.go:142.21,143.66 1 0
levelup/go-api/internal/api/handlers/backfill.go:143.66,146.7 1 0
levelup/go-api/internal/api/handlers/backfill.go:148.5,148.31 1 0
levelup/go-api/internal/api/handlers/backfill.go:153.3,161.63 5 0
levelup/go-api/internal/api/handlers/backfill.go:161.63,166.4 4 0
levelup/go-api/internal/api/handlers/backfill.go:169.2,169.40 1 0
levelup/go-api/internal/api/handlers/backfill.go:173.73,181.46 2 0
levelup/go-api/internal/api/handlers/backfill.go:181.46,192.3 9 0
levelup/go-api/internal/api/handlers/backfill.go:192.8,201.3 8 0
levelup/go-api/internal/api/handlers/backfill.go:203.2,203.21 1 0
levelup/go-api/internal/api/handlers/backfill.go:203.21,208.3 4 0
levelup/go-api/internal/api/handlers/backfill.go:210.2,211.14 2 0
levelup/go-api/internal/api/handlers/backfill.go:216.85,218.18 2 0
levelup/go-api/internal/api/handlers/backfill.go:218.18,220.3 1 0
levelup/go-api/internal/api/handlers/backfill.go:221.2,221.18 1 0
levelup/go-api/internal/api/handlers/backfill.go:221.18,223.3 1 0
levelup/go-api/internal/api/handlers/backfill.go:224.2,224.17 1 0
levelup/go-api/internal/api/handlers/backfill.go:224.17,226.3 1 0
levelup/go-api/internal/api/handlers/backfill.go:227.2,227.26 1 0
levelup/go-api/internal/api/handlers/backfill.go:227.26,229.3 1 0
levelup/go-api/internal/api/handlers/backfill.go:230.2,230.29 1 0
levelup/go-api/internal/api/handlers/backfill.go:230.29,232.3 1 0
levelup/go-api/internal/api/handlers/backfill.go:233.2,233.19 1 0
levelup/go-api/internal/api/handlers/backfill.go:233.19,235.3 1 0
levelup/go-api/internal/api/handlers/backfill.go:236.2,236.16 1 0
levelup/go-api/internal/api/handlers/backfill.go:236.16,238.3 1 0
levelup/go-api/internal/api/handlers/backfill.go:239.2,239.21 1 0
levelup/go-api/internal/api/handlers/backfill.go:239.21,241.3 1 0
levelup/go-api/internal/api/handlers/backfill.go:242.2,246.58 2 0
levelup/go-api/internal/api/handlers/backfill.go:246.58,248.3 1 0
levelup/go-api/internal/api/handlers/bootstrap.go:17.75,19.2 1 1
levelup/go-api/internal/api/handlers/bootstrap.go:22.78,25.16 3 1
levelup/go-api/internal/api/handlers/bootstrap.go:25.16,28.3 2 0
levelup/go-api/internal/api/handlers/bootstrap.go:29.2,29.35 1 1
levelup/go-api/internal/api/handlers/bootstrap.go:38.71,40.2 1 1
levelup/go-api/internal/api/handlers/bootstrap.go:43.76,45.16 2 1
levelup/go-api/internal/api/handlers/bootstrap.go:45.16,48.3 2 0
levelup/go-api/internal/api/handlers/bootstrap.go:49.2,49.35 1 1
levelup/go-api/internal/api/handlers/career.go:27.81,29.2 1 1
levelup/go-api/internal/api/handlers/career.go:32.75,35.16 3 1
levelup/go-api/internal/api/handlers/career.go:35.16,38.3 2 1
levelup/go-api/internal/api/handlers/career.go:39.2,40.16 2 1
levelup/go-api/internal/api/handlers/career.go:40.16,43.3 2 1
levelup/go-api/internal/api/handlers/career.go:44.2,44.35 1 1
levelup/go-api/internal/api/handlers/career.go:48.79,51.16 3 1
levelup/go-api/internal/api/handlers/career.go:51.16,54.3 2 1
levelup/go-api/internal/api/handlers/career.go:55.2,56.16 2 1
levelup/go-api/internal/api/handlers/career.go:56.16,59.3 2 1
levelup/go-api/internal/api/handlers/career.go:60.2,60.35 1 1
levelup/go-api/internal/api/handlers/career.go:64.79,67.16 3 1
levelup/go-api/internal/api/handlers/career.go:67.16,70.3 2 1
levelup/go-api/internal/api/handlers/career.go:71.2,72.16 2 1
levelup/go-api/internal/api/handlers/career.go:72.16,75.3 2 1
levelup/go-api/internal/api/handlers/career.go:76.2,76.35 1 1
levelup/go-api/internal/api/handlers/changelog.go:23.60,28.2 1 1
levelup/go-api/internal/api/handlers/changelog.go:31.81,33.16 2 1
levelup/go-api/internal/api/handlers/changelog.go:33.16,36.3 2 1
levelup/go-api/internal/api/handlers/changelog.go:37.2,37.68 1 1
levelup/go-api/internal/api/handlers/changelog.go:40.57,42.59 2 1
levelup/go-api/internal/api/handlers/changelog.go:42.59,45.3 2 1
levelup/go-api/internal/api/handlers/changelog.go:46.2,52.59 4 1
levelup/go-api/internal/api/handlers/changelog.go:52.59,54.3 1 0
levelup/go-api/internal/api/handlers/changelog.go:56.2,57.16 2 1
levelup/go-api/internal/api/handlers/changelog.go:57.16,59.3 1 1
levelup/go-api/internal/api/handlers/changelog.go:60.2,62.22 3 1
levelup/go-api/internal/api/handlers/citations.go:25.90,27.2 1 1
levelup/go-api/internal/api/handlers/citations.go:32.81,35.16 3 1
levelup/go-api/internal/api/handlers/citations.go:35.16,38.3 2 1
levelup/go-api/internal/api/handlers/citations.go:40.2,42.25 2 1
levelup/go-api/internal/api/handlers/citations.go:42.25,43.62 1 1
levelup/go-api/internal/api/handlers/citations.go:43.62,46.4 2 1
levelup/go-api/internal/api/handlers/citations.go:49.2,50.16 2 1
levelup/go-api/internal/api/handlers/citations.go:50.16,53.3 2 1
levelup/go-api/internal/api/handlers/citations.go:56.2,56.24 1 1
levelup/go-api/internal/api/handlers/citations.go:56.24,58.3 1 1
levelup/go-api/internal/api/handlers/citations.go:60.2,60.35 1 1
levelup/go-api/internal/api/handlers/citations.go:66.85,69.16 3 1
levelup/go-api/internal/api/handlers/citations.go:69.16,72.3 2 0
levelup/go-api/internal/api/handlers/citations.go:74.2,75.25 2 1
levelup/go-api/internal/api/handlers/citations.go:75.25,76.62 1 1
levelup/go-api/internal/api/handlers/citations.go:76.62,79.4 2 0
levelup/go-api/internal/api/handlers/citations.go:82.2,83.16 2 1
levelup/go-api/internal/api/handlers/citations.go:83.16,86.3 2 1
levelup/go-api/internal/api/handlers/citations.go:89.2,89.24 1 1
levelup/go-api/internal/api/handlers/citations.go:89.24,91.3 1 1
levelup/go-api/internal/api/handlers/citations.go:93.2,93.35 1 1
levelup/go-api/internal/api/handlers/citations.go:101.115,103.35 2 1
levelup/go-api/internal/api/handlers/citations.go:103.35,104.29 1 1
levelup/go-api/internal/api/handlers/citations.go:104.29,106.4 1 1
levelup/go-api/internal/api/handlers/citations.go:108.2,112.3 1 1
levelup/go-api/internal/api/handlers/citations.go:116.127,119.38 3 1
levelup/go-api/internal/api/handlers/citations.go:119.38,120.31 1 1
levelup/go-api/internal/api/handlers/citations.go:120.31,123.4 2 1
levelup/go-api/internal/api/handlers/citations.go:125.2,128.3 1 1
levelup/go-api/internal/api/handlers/explorer.go:26.20,31.2 1 1
levelup/go-api/internal/api/handlers/explorer.go:36.79,39.16 3 1
levelup/go-api/internal/api/handlers/explorer.go:39.16,42.3 2 1
levelup/go-api/internal/api/handlers/explorer.go:44.2,45.61 2 1
levelup/go-api/internal/api/handlers/explorer.go:45.61,48.3 2 0
levelup/go-api/internal/api/handlers/explorer.go:49.2,49.30 1 1
levelup/go-api/internal/api/handlers/explorer.go:49.30,52.3 2 1
levelup/go-api/internal/api/handlers/explorer.go:54.2,55.16 2 1
levelup/go-api/internal/api/handlers/explorer.go:55.16,58.3 2 1
levelup/go-api/internal/api/handlers/explorer.go:59.2,59.35 1 1
levelup/go-api/internal/api/handlers/explorer.go:65.80,68.16 3 1
levelup/go-api/internal/api/handlers/explorer.go:68.16,71.3 2 1
levelup/go-api/internal/api/handlers/explorer.go:73.2,74.61 2 1
levelup/go-api/internal/api/handlers/explorer.go:74.61,77.3 2 1
levelup/go-api/internal/api/handlers/explorer.go:80.2,88.16 3 1
levelup/go-api/internal/api/handlers/explorer.go:88.16,91.3 2 1
levelup/go-api/internal/api/handlers/explorer.go:94.2,95.42 2 1
levelup/go-api/internal/api/handlers/explorer.go:95.42,110.3 1 0
levelup/go-api/internal/api/handlers/explorer.go:112.2,121.35 2 1
levelup/go-api/internal/api/handlers/filters.go:20.84,22.2 1 1
levelup/go-api/internal/api/handlers/filters.go:25.74,28.16 3 1
levelup/go-api/internal/api/handlers/filters.go:28.16,31.3 2 1
levelup/go-api/internal/api/handlers/filters.go:33.2,34.63 2 1
levelup/go-api/internal/api/handlers/filters.go:34.63,37.3 2 0
levelup/go-api/internal/api/handlers/filters.go:39.2,39.41 1 1
levelup/go-api/internal/api/handlers/filters.go:39.41,42.3 2 0
levelup/go-api/internal/api/handlers/filters.go:44.2,45.16 2 1
levelup/go-api/internal/api/handlers/filters.go:45.16,48.3 2 1
levelup/go-api/internal/api/handlers/filters.go:49.2,49.37 1 1
levelup/go-api/internal/api/handlers/gamertag.go:18.74,20.2 1 1
levelup/go-api/internal/api/handlers/gamertag.go:23.74,25.18 1 1
levelup/go-api/internal/api/handlers/gamertag.go:25.18,28.3 2 0
levelup/go-api/internal/api/handlers/gamertag.go:30.2,31.13 2 1
levelup/go-api/internal/api/handlers/gamertag.go:31.13,34.3 2 1
levelup/go-api/internal/api/handlers/gamertag.go:36.2,37.16 2 1
levelup/go-api/internal/api/handlers/gamertag.go:37.16,40.3 2 1
levelup/go-api/internal/api/handlers/gamertag.go:41.2,41.18 1 1
levelup/go-api/internal/api/handlers/gamertag.go:41.18,43.3 1 0
levelup/go-api/internal/api/handlers/gamertag.go:44.2,44.84 1 1
levelup/go-api/internal/api/handlers/health.go:21.69,23.2 1 1
levelup/go-api/internal/api/handlers/health.go:26.96,28.2 1 1
levelup/go-api/internal/api/handlers/health.go:31.75,33.16 2 1
levelup/go-api/internal/api/handlers/health.go:33.16,37.3 2 1
levelup/go-api/internal/api/handlers/health.go:39.2,52.4 4 1
levelup/go-api/internal/api/handlers/helpers.go:10.66,13.53 3 1
levelup/go-api/internal/api/handlers/helpers.go:13.53,17.3 1 0
levelup/go-api/internal/api/handlers/helpers.go:21.74,27.2 1 1
levelup/go-api/internal/api/handlers/home.go:24.75,26.2 1 1
levelup/go-api/internal/api/handlers/home.go:30.75,33.16 3 1
levelup/go-api/internal/api/handlers/home.go:33.16,36.3 2 1
levelup/go-api/internal/api/handlers/home.go:38.2,39.16 2 1
levelup/go-api/internal/api/handlers/home.go:39.16,42.3 2 1
levelup/go-api/internal/api/handlers/home.go:44.2,44.35 1 1
levelup/go-api/internal/api/handlers/home.go:49.77,52.16 3 1
levelup/go-api/internal/api/handlers/home.go:52.16,55.3 2 1
levelup/go-api/internal/api/handlers/home.go:57.2,58.35 2 1
levelup/go-api/internal/api/handlers/home.go:63.77,66.16 3 1
levelup/go-api/internal/api/handlers/home.go:66.16,69.3 2 1
levelup/go-api/internal/api/handlers/home.go:71.2,72.35 2 1
levelup/go-api/internal/api/handlers/jobs.go:20.53,22.2 1 1
levelup/go-api/internal/api/handlers/jobs.go:26.70,28.17 2 1
levelup/go-api/internal/api/handlers/jobs.go:28.17,31.3 2 0
levelup/go-api/internal/api/handlers/jobs.go:33.2,34.16 2 1
levelup/go-api/internal/api/handlers/jobs.go:34.16,38.3 2 1
levelup/go-api/internal/api/handlers/jobs.go:40.2,40.34 1 1
levelup/go-api/internal/api/handlers/last_match.go:22.90,24.2 1 1
levelup/go-api/internal/api/handlers/last_match.go:27.76,30.16 3 1
levelup/go-api/internal/api/handlers/last_match.go:30.16,33.3 2 1
levelup/go-api/internal/api/handlers/last_match.go:35.2,36.92 2 1
levelup/go-api/internal/api/handlers/last_match.go:36.92,39.3 2 1
levelup/go-api/internal/api/handlers/last_match.go:41.2,42.19 2 1
levelup/go-api/internal/api/handlers/last_match.go:42.19,45.3 2 1
levelup/go-api/internal/api/handlers/last_match.go:47.2,47.35 1 1
levelup/go-api/internal/api/handlers/match_exclusion.go:26.105,28.2 1 1
levelup/go-api/internal/api/handlers/match_exclusion.go:34.86,39.16 4 1
levelup/go-api/internal/api/handlers/match_exclusion.go:39.16,42.3 2 1
levelup/go-api/internal/api/handlers/match_exclusion.go:44.2,45.61 2 1
levelup/go-api/internal/api/handlers/match_exclusion.go:45.61,48.3 2 0
levelup/go-api/internal/api/handlers/match_exclusion.go:50.2,50.77 1 1
levelup/go-api/internal/api/handlers/match_exclusion.go:50.77,57.3 3 1
levelup/go-api/internal/api/handlers/match_exclusion.go:59.2,64.37 2 1
levelup/go-api/internal/api/handlers/match_exclusion.go:70.88,74.16 3 1
levelup/go-api/internal/api/handlers/match_exclusion.go:74.16,77.3 2 0
levelup/go-api/internal/api/handlers/match_exclusion.go:79.2,80.16 2 1
levelup/go-api/internal/api/handlers/match_exclusion.go:80.16,87.3 3 0
levelup/go-api/internal/api/handlers/match_exclusion.go:89.2,89.20 1 1
levelup/go-api/internal/api/handlers/match_exclusion.go:89.20,91.3 1 1
levelup/go-api/internal/api/handlers/match_exclusion.go:92.2,92.38 1 1
levelup/go-api/internal/api/handlers/match_history.go:27.99,29.2 1 1
levelup/go-api/internal/api/handlers/match_history.go:32.77,35.16 3 1
levelup/go-api/internal/api/handlers/match_history.go:35.16,38.3 2 1
levelup/go-api/internal/api/handlers/match_history.go:40.2,41.61 2 1
levelup/go-api/internal/api/handlers/match_history.go:41.61,44.3 2 0
levelup/go-api/internal/api/handlers/match_history.go:46.2,46.39 1 1
levelup/go-api/internal/api/handlers/match_history.go:46.39,49.3 2 0
levelup/go-api/internal/api/handlers/match_history.go:51.2,52.16 2 1
levelup/go-api/internal/api/handlers/match_history.go:52.16,55.3 2 1
levelup/go-api/internal/api/handlers/match_history.go:58.2,58.53 1 1
levelup/go-api/internal/api/handlers/match_history.go:58.53,60.17 2 1
levelup/go-api/internal/api/handlers/match_history.go:60.17,62.4 1 1
levelup/go-api/internal/api/handlers/match_history.go:65.2,65.35 1 1
levelup/go-api/internal/api/handlers/match_history.go:71.78,74.16 3 1
levelup/go-api/internal/api/handlers/match_history.go:74.16,77.3 2 1
levelup/go-api/internal/api/handlers/match_history.go:79.2,80.17 2 1
levelup/go-api/internal/api/handlers/match_history.go:80.17,83.3 2 1
levelup/go-api/internal/api/handlers/match_history.go:85.2,86.16 2 1
levelup/go-api/internal/api/handlers/match_history.go:86.16,89.3 2 1
levelup/go-api/internal/api/handlers/match_history.go:91.2,92.16 2 1
levelup/go-api/internal/api/handlers/match_history.go:92.16,95.3 2 1
levelup/go-api/internal/api/handlers/match_history.go:97.2,110.27 6 1
levelup/go-api/internal/api/handlers/match_history.go:110.27,116.42 6 1
levelup/go-api/internal/api/handlers/match_history.go:116.42,118.4 1 0
levelup/go-api/internal/api/handlers/match_history.go:119.3,131.5 1 1
levelup/go-api/internal/api/handlers/match_history.go:133.2,133.12 1 1
levelup/go-api/internal/api/handlers/match_history.go:140.77,142.16 2 1
levelup/go-api/internal/api/handlers/match_history.go:142.16,144.3 1 0
levelup/go-api/internal/api/handlers/match_history.go:145.2,145.53 1 1
levelup/go-api/internal/api/handlers/match_history.go:148.79,150.16 2 1
levelup/go-api/internal/api/handlers/match_history.go:150.16,152.3 1 1
levelup/go-api/internal/api/handlers/match_history.go:153.2,154.51 2 1
levelup/go-api/internal/api/handlers/match_history.go:154.51,156.3 1 1
levelup/go-api/internal/api/handlers/match_history.go:157.2,157.17 1 1
levelup/go-api/internal/api/handlers/match_history.go:160.40,161.14 1 1
levelup/go-api/internal/api/handlers/match_history.go:161.14,163.3 1 1
levelup/go-api/internal/api/handlers/match_history.go:164.2,164.32 1 1
levelup/go-api/internal/api/handlers/match_history.go:167.31,168.14 1 1
levelup/go-api/internal/api/handlers/match_history.go:168.14,170.3 1 1
levelup/go-api/internal/api/handlers/match_history.go:171.2,171.11 1 1
levelup/go-api/internal/api/handlers/match_view.go:21.90,23.2 1 1
levelup/go-api/internal/api/handlers/match_view.go:27.81,30.16 3 1
levelup/go-api/internal/api/handlers/match_view.go:30.16,33.3 2 1
levelup/go-api/internal/api/handlers/match_view.go:35.2,36.19 2 1
levelup/go-api/internal/api/handlers/match_view.go:36.19,39.3 2 0
levelup/go-api/internal/api/handlers/match_view.go:41.2,42.16 2 1
levelup/go-api/internal/api/handlers/match_view.go:42.16,44.60 2 1
levelup/go-api/internal/api/handlers/match_view.go:44.60,47.4 2 0
levelup/go-api/internal/api/handlers/match_view.go:48.3,48.105 1 1
levelup/go-api/internal/api/handlers/match_view.go:48.105,51.4 2 0
levelup/go-api/internal/api/handlers/match_view.go:52.3,53.9 2 1
levelup/go-api/internal/api/handlers/match_view.go:55.2,55.35 1 1
levelup/go-api/internal/api/handlers/media.go:54.17,56.2 1 1
levelup/go-api/internal/api/handlers/media.go:61.80,64.16 3 1
levelup/go-api/internal/api/handlers/media.go:64.16,67.3 2 1
levelup/go-api/internal/api/handlers/media.go:69.2,70.25 2 1
levelup/go-api/internal/api/handlers/media.go:70.25,71.62 1 1
levelup/go-api/internal/api/handlers/media.go:71.62,74.4 2 1
levelup/go-api/internal/api/handlers/media.go:76.2,76.18 1 1
levelup/go-api/internal/api/handlers/media.go:76.18,78.3 1 0
levelup/go-api/internal/api/handlers/media.go:80.2,81.16 2 1
levelup/go-api/internal/api/handlers/media.go:81.16,84.3 2 1
levelup/go-api/internal/api/handlers/media.go:86.2,86.35 1 1
levelup/go-api/internal/api/handlers/media.go:92.80,93.24 1 1
levelup/go-api/internal/api/handlers/media.go:93.24,96.3 2 1
levelup/go-api/internal/api/handlers/media.go:98.2,100.16 3 1
levelup/go-api/internal/api/handlers/media.go:100.16,103.3 2 1
levelup/go-api/internal/api/handlers/media.go:105.2,106.55 2 1
levelup/go-api/internal/api/handlers/media.go:106.55,110.3 2 0
levelup/go-api/internal/api/handlers/media.go:112.2,113.16 2 1
levelup/go-api/internal/api/handlers/media.go:113.16,116.3 2 0
levelup/go-api/internal/api/handlers/media.go:117.2,117.21 1 1
levelup/go-api/internal/api/handlers/media.go:117.21,121.3 2 1
levelup/go-api/internal/api/handlers/media.go:123.2,135.16 5 1
levelup/go-api/internal/api/handlers/media.go:135.16,139.3 3 1
levelup/go-api/internal/api/handlers/media.go:141.2,141.37 1 1
levelup/go-api/internal/api/handlers/media.go:146.73,148.23 2 1
levelup/go-api/internal/api/handlers/media.go:148.23,150.3 1 0
levelup/go-api/internal/api/handlers/media.go:151.2,151.35 1 1
levelup/go-api/internal/api/handlers/media.go:151.35,153.3 1 0
levelup/go-api/internal/api/handlers/media.go:155.2,156.29 2 1
levelup/go-api/internal/api/handlers/media.go:156.29,158.29 2 1
levelup/go-api/internal/api/handlers/media.go:158.29,160.12 2 1
levelup/go-api/internal/api/handlers/media.go:162.3,163.17 2 1
levelup/go-api/internal/api/handlers/media.go:163.17,165.4 1 0
levelup/go-api/internal/api/handlers/media.go:166.3,168.17 3 1
levelup/go-api/internal/api/handlers/media.go:168.17,170.4 1 0
levelup/go-api/internal/api/handlers/media.go:171.3,174.5 1 1
levelup/go-api/internal/api/handlers/media.go:176.2,176.17 1 1
levelup/go-api/internal/api/handlers/media.go:183.60,184.21 1 1
levelup/go-api/internal/api/handlers/media.go:184.21,186.3 1 1
levelup/go-api/internal/api/handlers/media.go:187.2,187.63 1 1
levelup/go-api/internal/api/handlers/session_compare.go:22.105,24.2 1 1
levelup/go-api/internal/api/handlers/session_compare.go:27.81,30.16 3 1
levelup/go-api/internal/api/handlers/session_compare.go:30.16,33.3 2 1
levelup/go-api/internal/api/handlers/session_compare.go:35.2,36.92 2 1
levelup/go-api/internal/api/handlers/session_compare.go:36.92,39.3 2 1
levelup/go-api/internal/api/handlers/session_compare.go:41.2,42.19 2 1
levelup/go-api/internal/api/handlers/session_compare.go:42.19,45.3 2 1
levelup/go-api/internal/api/handlers/session_compare.go:47.2,47.35 1 1
levelup/go-api/internal/api/handlers/session_context.go:25.62,27.2 1 1
levelup/go-api/internal/api/handlers/session_context.go:31.78,33.17 2 1
levelup/go-api/internal/api/handlers/session_context.go:33.17,36.3 2 0
levelup/go-api/internal/api/handlers/session_context.go:38.2,39.61 2 1
levelup/go-api/internal/api/handlers/session_context.go:39.61,42.3 2 1
levelup/go-api/internal/api/handlers/session_context.go:44.2,44.27 1 1
levelup/go-api/internal/api/handlers/session_context.go:44.27,46.3 1 1
levelup/go-api/internal/api/handlers/session_context.go:47.2,47.50 1 1
levelup/go-api/internal/api/handlers/session_context.go:47.50,50.33 2 1
levelup/go-api/internal/api/handlers/session_context.go:50.33,55.4 2 1
levelup/go-api/internal/api/handlers/session_context.go:57.2,57.23 1 1
levelup/go-api/internal/api/handlers/session_context.go:57.23,59.3 1 1
levelup/go-api/internal/api/handlers/session_context.go:61.2,61.43 1 1
levelup/go-api/internal/api/handlers/session_context.go:61.43,64.3 2 0
levelup/go-api/internal/api/handlers/session_context.go:66.2,73.4 1 1
levelup/go-api/internal/api/handlers/sessions.go:21.87,23.2 1 1
levelup/go-api/internal/api/handlers/sessions.go:26.79,29.16 3 1
levelup/go-api/internal/api/handlers/sessions.go:29.16,32.3 2 1
levelup/go-api/internal/api/handlers/sessions.go:35.2,36.62 2 1
levelup/go-api/internal/api/handlers/sessions.go:36.62,38.80 2 1
levelup/go-api/internal/api/handlers/sessions.go:38.80,40.4 1 1
levelup/go-api/internal/api/handlers/sessions.go:42.2,42.57 1 1
levelup/go-api/internal/api/handlers/sessions.go:42.57,44.3 1 1
levelup/go-api/internal/api/handlers/sessions.go:45.2,45.77 1 1
levelup/go-api/internal/api/handlers/sessions.go:45.77,47.3 1 1
levelup/go-api/internal/api/handlers/sessions.go:49.2,50.19 2 1
levelup/go-api/internal/api/handlers/sessions.go:50.19,53.3 2 1
levelup/go-api/internal/api/handlers/sessions.go:55.2,55.35 1 1
levelup/go-api/internal/api/handlers/settings.go:29.127,31.2 1 1
levelup/go-api/internal/api/handlers/settings.go:40.20,47.2 1 1
levelup/go-api/internal/api/handlers/settings.go:51.79,52.20 1 1
levelup/go-api/internal/api/handlers/settings.go:52.20,57.3 3 1
levelup/go-api/internal/api/handlers/settings.go:59.2,60.16 2 1
levelup/go-api/internal/api/handlers/settings.go:60.16,63.3 2 0
levelup/go-api/internal/api/handlers/settings.go:64.2,64.64 1 1
levelup/go-api/internal/api/handlers/settings.go:69.81,70.20 1 1
levelup/go-api/internal/api/handlers/settings.go:70.20,74.3 2 1
levelup/go-api/internal/api/handlers/settings.go:76.2,77.61 2 1
levelup/go-api/internal/api/handlers/settings.go:77.61,80.3 2 1
levelup/go-api/internal/api/handlers/settings.go:82.2,83.16 2 1
levelup/go-api/internal/api/handlers/settings.go:83.16,86.3 2 0
levelup/go-api/internal/api/handlers/settings.go:88.2,90.50 2 1
levelup/go-api/internal/api/handlers/settings.go:90.50,93.3 2 0
levelup/go-api/internal/api/handlers/settings.go:95.2,95.64 1 1
levelup/go-api/internal/api/handlers/settings.go:101.87,103.61 2 1
levelup/go-api/internal/api/handlers/settings.go:103.61,106.3 2 1
levelup/go-api/internal/api/handlers/settings.go:108.2,108.29 1 1
levelup/go-api/internal/api/handlers/settings.go:108.29,112.3 2 1
levelup/go-api/internal/api/handlers/settings.go:114.2,116.12 2 1
levelup/go-api/internal/api/handlers/settings.go:116.12,127.17 4 1
levelup/go-api/internal/api/handlers/settings.go:127.17,129.64 2 1
levelup/go-api/internal/api/handlers/settings.go:129.64,135.5 2 1
levelup/go-api/internal/api/handlers/settings.go:136.4,136.10 1 1
levelup/go-api/internal/api/handlers/settings.go:139.3,141.63 3 1
levelup/go-api/internal/api/handlers/settings.go:141.63,145.4 3 1
levelup/go-api/internal/api/handlers/settings.go:148.2,148.40 1 1
levelup/go-api/internal/api/handlers/setup.go:41.17,49.2 1 1
levelup/go-api/internal/api/handlers/setup.go:58.77,61.16 2 1
levelup/go-api/internal/api/handlers/setup.go:61.16,64.3 2 0
levelup/go-api/internal/api/handlers/setup.go:65.2,65.30 1 1
levelup/go-api/internal/api/handlers/setup.go:65.30,69.3 2 1
levelup/go-api/internal/api/handlers/setup.go:71.2,72.61 2 1
levelup/go-api/internal/api/handlers/setup.go:72.61,75.3 2 1
levelup/go-api/internal/api/handlers/setup.go:77.2,78.50 2 1
levelup/go-api/internal/api/handlers/setup.go:78.50,81.3 2 1
levelup/go-api/internal/api/handlers/setup.go:82.2,82.27 1 1
levelup/go-api/internal/api/handlers/setup.go:82.27,84.3 1 0
levelup/go-api/internal/api/handlers/setup.go:87.2,88.21 2 1
levelup/go-api/internal/api/handlers/setup.go:88.21,90.3 1 0
levelup/go-api/internal/api/handlers/setup.go:91.2,94.31 2 1
levelup/go-api/internal/api/handlers/setup.go:94.31,96.52 2 1
levelup/go-api/internal/api/handlers/setup.go:96.52,99.25 3 0
levelup/go-api/internal/api/handlers/setup.go:99.25,103.5 2 0
levelup/go-api/internal/api/handlers/setup.go:104.4,104.104 1 0
levelup/go-api/internal/api/handlers/setup.go:104.104,108.5 2 0
levelup/go-api/internal/api/handlers/setup.go:109.9,109.59 1 1
levelup/go-api/internal/api/handlers/setup.go:109.59,113.4 2 1
levelup/go-api/internal/api/handlers/setup.go:117.2,118.16 2 1
levelup/go-api/internal/api/handlers/setup.go:118.16,123.3 3 1
levelup/go-api/internal/api/handlers/setup.go:126.2,126.61 1 1
levelup/go-api/internal/api/handlers/setup.go:126.61,130.3 3 1
levelup/go-api/internal/api/handlers/setup.go:133.2,148.4 5 1
levelup/go-api/internal/api/handlers/setup.go:153.74,156.12 2 1
levelup/go-api/internal/api/handlers/setup.go:156.12,163.58 4 1
levelup/go-api/internal/api/handlers/setup.go:163.58,165.4 1 1
levelup/go-api/internal/api/handlers/setup.go:168.3,168.54 1 1
levelup/go-api/internal/api/handlers/setup.go:168.54,170.4 1 0
levelup/go-api/internal/api/handlers/setup.go:173.3,173.59 1 1
levelup/go-api/internal/api/handlers/setup.go:173.59,175.4 1 0
levelup/go-api/internal/api/handlers/setup.go:177.3,179.63 3 1
levelup/go-api/internal/api/handlers/setup.go:179.63,184.26 5 1
levelup/go-api/internal/api/handlers/setup.go:184.26,186.5 1 0
levelup/go-api/internal/api/handlers/setup.go:186.10,188.5 1 1
levelup/go-api/internal/api/handlers/setup.go:192.2,192.40 1 1
levelup/go-api/internal/api/handlers/setup.go:200.35,203.2 2 1
levelup/go-api/internal/api/handlers/squad.go:26.78,28.2 1 1
levelup/go-api/internal/api/handlers/squad.go:32.77,35.16 3 1
levelup/go-api/internal/api/handlers/squad.go:35.16,38.3 2 1
levelup/go-api/internal/api/handlers/squad.go:40.2,43.16 3 1
levelup/go-api/internal/api/handlers/squad.go:43.16,46.3 2 0
levelup/go-api/internal/api/handlers/squad.go:48.2,48.35 1 1
levelup/go-api/internal/api/handlers/squad.go:54.81,57.16 3 1
levelup/go-api/internal/api/handlers/squad.go:57.16,60.3 2 1
levelup/go-api/internal/api/handlers/squad.go:63.2,64.25 2 1
levelup/go-api/internal/api/handlers/squad.go:64.25,65.62 1 1
levelup/go-api/internal/api/handlers/squad.go:65.62,68.4 2 0
levelup/go-api/internal/api/handlers/squad.go:70.2,73.16 3 1
levelup/go-api/internal/api/handlers/squad.go:73.16,76.3 2 1
levelup/go-api/internal/api/handlers/squad.go:78.2,78.35 1 1
levelup/go-api/internal/api/handlers/stats.go:20.78,22.2 1 1
levelup/go-api/internal/api/handlers/stats.go:27.72,30.16 3 1
levelup/go-api/internal/api/handlers/stats.go:30.16,33.3 2 1
levelup/go-api/internal/api/handlers/stats.go:35.2,36.92 2 1
levelup/go-api/internal/api/handlers/stats.go:36.92,39.3 2 0
levelup/go-api/internal/api/handlers/stats.go:40.2,40.19 1 1
levelup/go-api/internal/api/handlers/stats.go:40.19,42.3 1 1
levelup/go-api/internal/api/handlers/stats.go:44.2,45.19 2 1
levelup/go-api/internal/api/handlers/stats.go:45.19,48.3 2 0
levelup/go-api/internal/api/handlers/stats.go:50.2,50.35 1 1
levelup/go-api/internal/api/handlers/sync_handler.go:32.119,38.2 1 1
levelup/go-api/internal/api/handlers/sync_handler.go:42.80,44.16 2 1
levelup/go-api/internal/api/handlers/sync_handler.go:44.16,47.3 2 0
levelup/go-api/internal/api/handlers/sync_handler.go:48.2,48.33 1 1
levelup/go-api/internal/api/handlers/sync_handler.go:48.33,52.3 2 1
levelup/go-api/internal/api/handlers/sync_handler.go:54.2,55.61 2 1
levelup/go-api/internal/api/handlers/sync_handler.go:55.61,58.3 2 1
levelup/go-api/internal/api/handlers/sync_handler.go:60.2,60.54 1 1
levelup/go-api/internal/api/handlers/sync_handler.go:60.54,63.3 2 1
levelup/go-api/internal/api/handlers/sync_handler.go:64.2,64.25 1 1
levelup/go-api/internal/api/handlers/sync_handler.go:64.25,66.3 1 0
levelup/go-api/internal/api/handlers/sync_handler.go:67.2,67.49 1 1
levelup/go-api/internal/api/handlers/sync_handler.go:67.49,70.3 2 1
levelup/go-api/internal/api/handlers/sync_handler.go:72.2,72.79 1 1
levelup/go-api/internal/api/handlers/sync_handler.go:72.79,76.3 2 1
levelup/go-api/internal/api/handlers/sync_handler.go:78.2,79.43 2 1
levelup/go-api/internal/api/handlers/sync_handler.go:79.43,83.3 2 1
levelup/go-api/internal/api/handlers/sync_handler.go:84.2,87.16 3 0
levelup/go-api/internal/api/handlers/sync_handler.go:87.16,90.3 2 0
levelup/go-api/internal/api/handlers/sync_handler.go:91.2,92.28 2 0
levelup/go-api/internal/api/handlers/sync_handler.go:92.28,93.37 1 0
levelup/go-api/internal/api/handlers/sync_handler.go:93.37,96.9 3 0
levelup/go-api/internal/api/handlers/sync_handler.go:99.2,99.20 1 0
levelup/go-api/internal/api/handlers/sync_handler.go:99.20,103.3 2 0
levelup/go-api/internal/api/handlers/sync_handler.go:105.2,107.12 2 0
levelup/go-api/internal/api/handlers/sync_handler.go:107.12,113.17 5 0
levelup/go-api/internal/api/handlers/sync_handler.go:113.17,117.4 3 0
levelup/go-api/internal/api/handlers/sync_handler.go:118.3,121.71 2 0
levelup/go-api/internal/api/handlers/sync_handler.go:124.2,124.40 1 0
levelup/go-api/internal/api/handlers/teammates.go:22.90,24.2 1 1
levelup/go-api/internal/api/handlers/teammates.go:27.76,30.16 3 1
levelup/go-api/internal/api/handlers/teammates.go:30.16,33.3 2 1
levelup/go-api/internal/api/handlers/teammates.go:35.2,36.92 2 1
levelup/go-api/internal/api/handlers/teammates.go:36.92,39.3 2 1
levelup/go-api/internal/api/handlers/teammates.go:41.2,42.19 2 1
levelup/go-api/internal/api/handlers/teammates.go:42.19,45.3 2 1
levelup/go-api/internal/api/handlers/teammates.go:47.2,47.35 1 1
levelup/go-api/internal/api/handlers/timeseries.go:22.93,24.2 1 1
levelup/go-api/internal/api/handlers/timeseries.go:27.77,30.16 3 1
levelup/go-api/internal/api/handlers/timeseries.go:30.16,33.3 2 1
levelup/go-api/internal/api/handlers/timeseries.go:35.2,36.92 2 1
levelup/go-api/internal/api/handlers/timeseries.go:36.92,39.3 2 1
levelup/go-api/internal/api/handlers/timeseries.go:41.2,42.19 2 1
levelup/go-api/internal/api/handlers/timeseries.go:42.19,45.3 2 1
levelup/go-api/internal/api/handlers/timeseries.go:47.2,47.35 1 1
levelup/go-api/internal/sync/aggregates.go:75.55,77.45 2 0
levelup/go-api/internal/sync/aggregates.go:77.45,78.64 1 0
levelup/go-api/internal/sync/aggregates.go:78.64,80.12 2 0
levelup/go-api/internal/sync/aggregates.go:82.3,82.10 1 0
levelup/go-api/internal/sync/aggregates.go:84.2,84.19 1 0
levelup/go-api/internal/sync/aggregates.go:88.56,90.35 2 0
levelup/go-api/internal/sync/aggregates.go:90.35,91.54 1 0
levelup/go-api/internal/sync/aggregates.go:91.54,93.12 2 0
levelup/go-api/internal/sync/aggregates.go:95.3,95.10 1 0
levelup/go-api/internal/sync/aggregates.go:97.2,97.19 1 0
levelup/go-api/internal/sync/aggregates.go:101.70,103.41 2 0
levelup/go-api/internal/sync/aggregates.go:103.41,105.3 1 0
levelup/go-api/internal/sync/aggregates.go:106.2,107.43 2 0
levelup/go-api/internal/sync/aggregates.go:107.43,109.3 1 0
levelup/go-api/internal/sync/aggregates.go:110.2,110.12 1 0
levelup/go-api/internal/sync/aggregates.go:114.60,116.41 2 0
levelup/go-api/internal/sync/aggregates.go:116.41,118.3 1 0
levelup/go-api/internal/sync/aggregates.go:119.2,119.12 1 0
levelup/go-api/internal/sync/backfill.go:28.21,29.18 1 0
levelup/go-api/internal/sync/backfill.go:29.18,31.3 1 0
levelup/go-api/internal/sync/backfill.go:34.2,34.23 1 0
levelup/go-api/internal/sync/backfill.go:34.23,37.3 2 0
levelup/go-api/internal/sync/backfill.go:40.2,49.27 4 0
levelup/go-api/internal/sync/backfill.go:49.27,52.17 3 0
levelup/go-api/internal/sync/backfill.go:52.17,54.4 1 0
levelup/go-api/internal/sync/backfill.go:56.3,56.22 1 0
levelup/go-api/internal/sync/backfill.go:56.22,58.4 1 0
levelup/go-api/internal/sync/backfill.go:62.2,63.16 2 0
levelup/go-api/internal/sync/backfill.go:63.16,65.3 1 0
levelup/go-api/internal/sync/backfill.go:68.2,68.29 1 0
levelup/go-api/internal/sync/backfill.go:68.29,70.36 2 0
levelup/go-api/internal/sync/backfill.go:70.36,72.4 1 0
levelup/go-api/internal/sync/backfill.go:73.3,74.37 2 0
levelup/go-api/internal/sync/backfill.go:74.37,75.17 1 0
levelup/go-api/internal/sync/backfill.go:75.17,78.5 2 0
levelup/go-api/internal/sync/backfill.go:80.3,80.21 1 0
levelup/go-api/internal/sync/backfill.go:83.2,83.27 1 0
levelup/go-api/internal/sync/backfill.go:96.21,98.11 2 0
levelup/go-api/internal/sync/backfill.go:98.11,100.3 1 0
levelup/go-api/internal/sync/backfill.go:100.8,102.3 1 0
levelup/go-api/internal/sync/backfill.go:104.2,112.20 3 0
levelup/go-api/internal/sync/backfill.go:112.20,114.3 1 0
levelup/go-api/internal/sync/backfill.go:116.2,117.16 2 0
levelup/go-api/internal/sync/backfill.go:117.16,119.3 1 0
levelup/go-api/internal/sync/backfill.go:120.2,123.18 3 0
levelup/go-api/internal/sync/backfill.go:123.18,125.45 2 0
levelup/go-api/internal/sync/backfill.go:125.45,127.4 1 0
levelup/go-api/internal/sync/backfill.go:128.3,128.35 1 0
levelup/go-api/internal/sync/backfill.go:130.2,130.27 1 0
levelup/go-api/internal/sync/backfill.go:138.40,141.41 3 0
levelup/go-api/internal/sync/backfill.go:141.41,143.3 1 0
levelup/go-api/internal/sync/backfill.go:144.2,144.25 1 0
levelup/go-api/internal/sync/backfill.go:148.50,154.41 3 0
levelup/go-api/internal/sync/backfill.go:154.41,156.3 1 0
levelup/go-api/internal/sync/backfill.go:157.2,157.18 1 0
levelup/go-api/internal/sync/backfill.go:162.55,163.15 1 0
levelup/go-api/internal/sync/backfill.go:163.15,165.3 1 0
levelup/go-api/internal/sync/backfill.go:166.2,167.21 2 0
levelup/go-api/internal/sync/backfill.go:167.21,169.3 1 0
levelup/go-api/internal/sync/backfill.go:170.2,170.79 1 0
levelup/go-api/internal/sync/backfill.go:176.76,178.18 2 0
levelup/go-api/internal/sync/backfill.go:178.18,180.3 1 0
levelup/go-api/internal/sync/backfill.go:180.8,182.3 1 0
levelup/go-api/internal/sync/backfill.go:184.2,185.16 2 0
levelup/go-api/internal/sync/backfill.go:185.16,187.3 1 0
levelup/go-api/internal/sync/backfill.go:188.2,191.18 3 0
levelup/go-api/internal/sync/backfill.go:191.18,193.40 2 0
levelup/go-api/internal/sync/backfill.go:193.40,194.12 1 0
levelup/go-api/internal/sync/backfill.go:196.3,196.32 1 0
levelup/go-api/internal/sync/backfill.go:198.2,198.23 1 0
levelup/go-api/internal/sync/backfill.go:198.23,200.3 1 0
levelup/go-api/internal/sync/backfill.go:203.2,204.29 2 0
levelup/go-api/internal/sync/backfill.go:204.29,205.25 1 0
levelup/go-api/internal/sync/backfill.go:205.25,207.4 1 0
levelup/go-api/internal/sync/backfill.go:209.2,209.32 1 0
levelup/go-api/internal/sync/backfill.go:209.32,211.3 1 0
levelup/go-api/internal/sync/backfill.go:212.2,212.84 1 0
levelup/go-api/internal/sync/backfill.go:221.21,226.18 3 0
levelup/go-api/internal/sync/backfill.go:226.18,229.3 1 0
levelup/go-api/internal/sync/backfill.go:232.2,232.18 1 0
levelup/go-api/internal/sync/backfill.go:232.18,234.3 1 0
levelup/go-api/internal/sync/backfill.go:237.2,237.17 1 0
levelup/go-api/internal/sync/backfill.go:237.17,238.23 1 0
levelup/go-api/internal/sync/backfill.go:238.23,240.4 1 0
levelup/go-api/internal/sync/backfill.go:240.9,244.4 1 0
levelup/go-api/internal/sync/backfill.go:248.2,248.26 1 0
levelup/go-api/internal/sync/backfill.go:248.26,251.3 1 0
levelup/go-api/internal/sync/backfill.go:254.2,254.29 1 0
levelup/go-api/internal/sync/backfill.go:254.29,255.35 1 0
levelup/go-api/internal/sync/backfill.go:255.35,257.4 1 0
levelup/go-api/internal/sync/backfill.go:257.9,260.4 1 0
levelup/go-api/internal/sync/backfill.go:264.2,264.20 1 0
levelup/go-api/internal/sync/backfill.go:264.20,265.26 1 0
levelup/go-api/internal/sync/backfill.go:265.26,267.4 1 0
levelup/go-api/internal/sync/backfill.go:267.9,269.4 1 0
levelup/go-api/internal/sync/backfill.go:273.2,273.17 1 0
levelup/go-api/internal/sync/backfill.go:273.17,274.23 1 0
levelup/go-api/internal/sync/backfill.go:274.23,276.4 1 0
levelup/go-api/internal/sync/backfill.go:276.9,278.4 1 0
levelup/go-api/internal/sync/backfill.go:282.2,282.20 1 0
levelup/go-api/internal/sync/backfill.go:282.20,284.3 1 0
levelup/go-api/internal/sync/backfill.go:287.2,287.18 1 0
levelup/go-api/internal/sync/backfill.go:287.18,290.24 2 0
levelup/go-api/internal/sync/backfill.go:290.24,292.4 1 0
levelup/go-api/internal/sync/backfill.go:292.9,294.4 1 0
levelup/go-api/internal/sync/backfill.go:298.2,298.24 1 0
levelup/go-api/internal/sync/backfill.go:298.24,300.3 1 0
levelup/go-api/internal/sync/backfill.go:303.2,303.24 1 0
levelup/go-api/internal/sync/backfill.go:303.24,304.30 1 0
levelup/go-api/internal/sync/backfill.go:304.30,306.4 1 0
levelup/go-api/internal/sync/backfill.go:306.9,308.4 1 0
levelup/go-api/internal/sync/backfill.go:312.2,312.20 1 0
levelup/go-api/internal/sync/backfill.go:312.20,314.26 2 0
levelup/go-api/internal/sync/backfill.go:314.26,316.4 1 0
levelup/go-api/internal/sync/backfill.go:316.9,319.4 1 0
levelup/go-api/internal/sync/backfill.go:323.2,323.19 1 0
levelup/go-api/internal/sync/backfill.go:323.19,326.25 3 0
levelup/go-api/internal/sync/backfill.go:326.25,328.4 1 0
levelup/go-api/internal/sync/backfill.go:328.9,332.4 1 0
levelup/go-api/internal/sync/backfill.go:336.2,336.28 1 0
levelup/go-api/internal/sync/backfill.go:336.28,337.34 1 0
levelup/go-api/internal/sync/backfill.go:337.34,339.4 1 0
levelup/go-api/internal/sync/backfill.go:339.9,344.4 1 0
levelup/go-api/internal/sync/backfill.go:347.2,347.26 1 0
levelup/go-api/internal/sync/backfill.go:347.26,349.3 1 0
levelup/go-api/internal/sync/backfill.go:351.2,355.18 3 0
levelup/go-api/internal/sync/backfill.go:355.18,357.3 1 0
levelup/go-api/internal/sync/backfill.go:359.2,367.26 3 0
levelup/go-api/internal/sync/backfill.go:367.26,369.3 1 0
levelup/go-api/internal/sync/backfill.go:371.2,372.16 2 0
levelup/go-api/internal/sync/backfill.go:372.16,375.3 2 0
levelup/go-api/internal/sync/backfill.go:376.2,379.18 3 0
levelup/go-api/internal/sync/backfill.go:379.18,381.45 2 0
levelup/go-api/internal/sync/backfill.go:381.45,382.12 1 0
levelup/go-api/internal/sync/backfill.go:384.3,384.35 1 0
levelup/go-api/internal/sync/backfill.go:386.2,386.27 1 0
levelup/go-api/internal/sync/backfill.go:395.21,400.30 3 0
levelup/go-api/internal/sync/backfill.go:400.30,403.3 1 0
levelup/go-api/internal/sync/backfill.go:406.2,406.27 1 0
levelup/go-api/internal/sync/backfill.go:406.27,410.3 1 0
levelup/go-api/internal/sync/backfill.go:413.2,413.29 1 0
levelup/go-api/internal/sync/backfill.go:413.29,414.35 1 0
levelup/go-api/internal/sync/backfill.go:414.35,416.4 1 0
levelup/go-api/internal/sync/backfill.go:416.9,420.4 1 0
levelup/go-api/internal/sync/backfill.go:424.2,424.30 1 0
levelup/go-api/internal/sync/backfill.go:424.30,425.36 1 0
levelup/go-api/internal/sync/backfill.go:425.36,427.4 1 0
levelup/go-api/internal/sync/backfill.go:427.9,431.4 1 0
levelup/go-api/internal/sync/backfill.go:435.2,435.31 1 0
levelup/go-api/internal/sync/backfill.go:435.31,436.37 1 0
levelup/go-api/internal/sync/backfill.go:436.37,438.4 1 0
levelup/go-api/internal/sync/backfill.go:438.9,441.4 1 0
levelup/go-api/internal/sync/backfill.go:444.2,444.26 1 0
levelup/go-api/internal/sync/backfill.go:444.26,446.3 1 0
levelup/go-api/internal/sync/backfill.go:448.2,457.26 3 0
levelup/go-api/internal/sync/backfill.go:457.26,459.3 1 0
levelup/go-api/internal/sync/backfill.go:461.2,462.16 2 0
levelup/go-api/internal/sync/backfill.go:462.16,465.3 2 0
levelup/go-api/internal/sync/backfill.go:466.2,469.18 3 0
levelup/go-api/internal/sync/backfill.go:469.18,471.45 2 0
levelup/go-api/internal/sync/backfill.go:471.45,472.12 1 0
levelup/go-api/internal/sync/backfill.go:474.3,474.35 1 0
levelup/go-api/internal/sync/backfill.go:476.2,476.27 1 0
levelup/go-api/internal/sync/backfill.go:481.37,482.34 1 0
levelup/go-api/internal/sync/backfill.go:482.34,484.3 1 0
levelup/go-api/internal/sync/backfill.go:485.2,485.23 1 0
levelup/go-api/internal/sync/backfill.go:485.23,486.96 1 0
levelup/go-api/internal/sync/backfill.go:486.96,488.4 1 0
levelup/go-api/internal/sync/backfill.go:490.2,490.13 1 0
levelup/go-api/internal/sync/backfill_cli.go:27.69,183.2 102 0
levelup/go-api/internal/sync/backfill_flags.go:137.47,139.26 2 1
levelup/go-api/internal/sync/backfill_flags.go:139.26,140.38 1 1
levelup/go-api/internal/sync/backfill_flags.go:140.38,142.4 1 1
levelup/go-api/internal/sync/backfill_flags.go:144.2,144.13 1 1
levelup/go-api/internal/sync/backfill_flags.go:151.70,153.37 2 0
levelup/go-api/internal/sync/backfill_flags.go:153.37,154.41 1 0
levelup/go-api/internal/sync/backfill_flags.go:154.41,156.4 1 0
levelup/go-api/internal/sync/backfill_flags.go:158.2,175.13 18 0
levelup/go-api/internal/sync/backfill_weapons.go:36.17,39.16 2 0
levelup/go-api/internal/sync/backfill_weapons.go:39.16,41.3 1 0
levelup/go-api/internal/sync/backfill_weapons.go:42.2,42.12 1 0
levelup/go-api/internal/sync/backfill_weapons.go:42.12,45.3 2 0
levelup/go-api/internal/sync/backfill_weapons.go:48.2,49.33 2 0
levelup/go-api/internal/sync/backfill_weapons.go:49.33,55.3 1 0
levelup/go-api/internal/sync/backfill_weapons.go:58.2,62.35 3 0
levelup/go-api/internal/sync/backfill_weapons.go:62.35,66.3 3 0
levelup/go-api/internal/sync/backfill_weapons.go:69.2,70.16 2 0
levelup/go-api/internal/sync/backfill_weapons.go:70.16,72.3 1 0
levelup/go-api/internal/sync/backfill_weapons.go:73.2,73.21 1 0
levelup/go-api/internal/sync/backfill_weapons.go:73.21,76.3 2 0
levelup/go-api/internal/sync/backfill_weapons.go:78.2,79.16 2 0
levelup/go-api/internal/sync/backfill_weapons.go:79.16,82.3 2 0
levelup/go-api/internal/sync/backfill_weapons.go:85.2,100.73 3 0
levelup/go-api/internal/sync/backfill_weapons.go:100.73,102.3 1 0
levelup/go-api/internal/sync/backfill_weapons.go:103.2,103.70 1 0
levelup/go-api/internal/sync/backfill_weapons.go:103.70,105.3 1 0
levelup/go-api/internal/sync/backfill_weapons.go:107.2,107.18 1 0
levelup/go-api/internal/sync/backfill_weapons.go:119.33,121.16 2 0
levelup/go-api/internal/sync/backfill_weapons.go:121.16,123.3 1 0
levelup/go-api/internal/sync/backfill_weapons.go:124.2,128.35 3 0
levelup/go-api/internal/sync/backfill_weapons.go:128.35,129.23 1 0
levelup/go-api/internal/sync/backfill_weapons.go:129.23,130.9 1 0
levelup/go-api/internal/sync/backfill_weapons.go:132.3,133.21 2 0
levelup/go-api/internal/sync/backfill_weapons.go:133.21,135.12 2 0
levelup/go-api/internal/sync/backfill_weapons.go:137.3,137.12 1 0
levelup/go-api/internal/sync/backfill_weapons.go:137.12,139.4 1 0
levelup/go-api/internal/sync/backfill_weapons.go:139.9,141.4 1 0
levelup/go-api/internal/sync/backfill_weapons.go:143.2,143.26 1 0
levelup/go-api/internal/sync/backfill_weapons.go:152.83,164.16 2 0
levelup/go-api/internal/sync/backfill_weapons.go:164.16,166.3 1 0
levelup/go-api/internal/sync/backfill_weapons.go:167.2,170.18 3 0
levelup/go-api/internal/sync/backfill_weapons.go:170.18,176.66 2 0
levelup/go-api/internal/sync/backfill_weapons.go:176.66,177.12 1 0
levelup/go-api/internal/sync/backfill_weapons.go:179.3,180.20 2 0
levelup/go-api/internal/sync/backfill_weapons.go:180.20,182.4 1 0
levelup/go-api/internal/sync/backfill_weapons.go:183.3,189.5 1 0
levelup/go-api/internal/sync/backfill_weapons.go:191.2,191.26 1 0
levelup/go-api/internal/sync/backfill_weapons.go:196.70,201.16 2 0
levelup/go-api/internal/sync/backfill_weapons.go:201.16,203.3 1 0
levelup/go-api/internal/sync/backfill_weapons.go:204.2,208.18 4 0
levelup/go-api/internal/sync/backfill_weapons.go:208.18,210.40 2 0
levelup/go-api/internal/sync/backfill_weapons.go:210.40,211.12 1 0
levelup/go-api/internal/sync/backfill_weapons.go:213.3,214.8 2 0
levelup/go-api/internal/sync/backfill_weapons.go:216.2,216.27 1 0
levelup/go-api/internal/sync/backfill_weapons.go:224.88,226.26 2 0
levelup/go-api/internal/sync/backfill_weapons.go:226.26,227.21 1 0
levelup/go-api/internal/sync/backfill_weapons.go:227.21,228.12 1 0
levelup/go-api/internal/sync/backfill_weapons.go:230.3,240.5 1 0
levelup/go-api/internal/sync/backfill_weapons.go:242.2,242.13 1 0
levelup/go-api/internal/sync/career.go:38.28,40.35 1 0
levelup/go-api/internal/sync/career.go:40.35,42.3 1 0
levelup/go-api/internal/sync/career.go:43.2,43.25 1 0
levelup/go-api/internal/sync/career.go:43.25,44.26 1 0
levelup/go-api/internal/sync/career.go:44.26,46.4 1 0
levelup/go-api/internal/sync/career.go:48.2,48.38 1 0
levelup/go-api/internal/sync/career.go:48.38,50.3 1 0
levelup/go-api/internal/sync/career.go:51.2,51.40 1 0
levelup/go-api/internal/sync/career.go:55.80,58.34 2 0
levelup/go-api/internal/sync/career.go:58.34,59.49 1 0
levelup/go-api/internal/sync/career.go:59.49,60.41 1 0
levelup/go-api/internal/sync/career.go:60.41,62.5 1 0
levelup/go-api/internal/sync/career.go:63.4,63.39 1 0
levelup/go-api/internal/sync/career.go:63.39,65.5 1 0
levelup/go-api/internal/sync/career.go:66.4,66.39 1 0
levelup/go-api/internal/sync/career.go:66.39,68.5 1 0
levelup/go-api/internal/sync/career.go:72.2,72.39 1 0
levelup/go-api/internal/sync/career.go:72.39,73.47 1 0
levelup/go-api/internal/sync/career.go:73.47,74.51 1 0
levelup/go-api/internal/sync/career.go:74.51,76.5 1 0
levelup/go-api/internal/sync/career.go:77.4,77.56 1 0
levelup/go-api/internal/sync/career.go:77.56,79.5 1 0
levelup/go-api/internal/sync/career.go:80.4,80.47 1 0
levelup/go-api/internal/sync/career.go:80.47,82.5 1 0
levelup/go-api/internal/sync/career.go:83.4,83.42 1 0
levelup/go-api/internal/sync/career.go:83.42,85.5 1 0
levelup/go-api/internal/sync/career.go:89.2,89.49 1 0
levelup/go-api/internal/sync/career.go:89.49,91.3 1 0
levelup/go-api/internal/sync/career.go:92.2,92.45 1 0
levelup/go-api/internal/sync/career.go:92.45,94.3 1 0
levelup/go-api/internal/sync/career.go:96.2,96.13 1 0
levelup/go-api/internal/sync/career.go:100.61,112.16 3 0
levelup/go-api/internal/sync/career.go:112.16,114.3 1 0
levelup/go-api/internal/sync/career.go:117.2,120.12 3 0
levelup/go-api/internal/sync/engine.go:53.15,61.2 1 0
levelup/go-api/internal/sync/engine.go:65.104,67.2 1 0
levelup/go-api/internal/sync/engine.go:70.103,72.2 1 0
levelup/go-api/internal/sync/engine.go:76.91,81.16 3 0
levelup/go-api/internal/sync/engine.go:81.16,83.3 1 0
levelup/go-api/internal/sync/engine.go:84.2,87.16 3 0
levelup/go-api/internal/sync/engine.go:87.16,89.3 1 0
levelup/go-api/internal/sync/engine.go:90.2,92.66 2 0
levelup/go-api/internal/sync/engine.go:96.113,100.40 2 0
levelup/go-api/internal/sync/engine.go:100.40,102.3 1 0
levelup/go-api/internal/sync/engine.go:105.2,106.16 2 0
levelup/go-api/internal/sync/engine.go:106.16,108.3 1 0
levelup/go-api/internal/sync/engine.go:109.2,112.16 3 0
levelup/go-api/internal/sync/engine.go:112.16,114.3 1 0
levelup/go-api/internal/sync/engine.go:115.2,119.16 3 0
levelup/go-api/internal/sync/engine.go:119.16,121.3 1 0
levelup/go-api/internal/sync/engine.go:122.2,125.16 3 0
levelup/go-api/internal/sync/engine.go:125.16,127.3 1 0
levelup/go-api/internal/sync/engine.go:128.2,132.16 3 0
levelup/go-api/internal/sync/engine.go:132.16,134.3 1 0
levelup/go-api/internal/sync/engine.go:137.2,143.34 4 0
levelup/go-api/internal/sync/engine.go:143.34,145.35 1 0
levelup/go-api/internal/sync/engine.go:145.35,146.9 1 0
levelup/go-api/internal/sync/engine.go:149.3,150.17 2 0
levelup/go-api/internal/sync/engine.go:150.17,152.9 2 0
levelup/go-api/internal/sync/engine.go:154.3,154.24 1 0
levelup/go-api/internal/sync/engine.go:154.24,155.9 1 0
levelup/go-api/internal/sync/engine.go:158.3,159.33 2 0
levelup/go-api/internal/sync/engine.go:159.33,160.36 1 0
levelup/go-api/internal/sync/engine.go:160.36,161.10 1 0
levelup/go-api/internal/sync/engine.go:163.4,163.28 1 0
levelup/go-api/internal/sync/engine.go:163.28,165.16 2 0
levelup/go-api/internal/sync/engine.go:165.16,167.15 1 0
levelup/go-api/internal/sync/engine.go:169.5,169.13 1 0
levelup/go-api/internal/sync/engine.go:171.4,173.104 2 0
levelup/go-api/internal/sync/engine.go:173.104,175.5 1 0
levelup/go-api/internal/sync/engine.go:175.10,177.5 1 0
levelup/go-api/internal/sync/engine.go:180.3,180.26 1 0
levelup/go-api/internal/sync/engine.go:180.26,181.9 1 0
levelup/go-api/internal/sync/engine.go:183.3,183.24 1 0
levelup/go-api/internal/sync/engine.go:188.2,188.32 1 0
levelup/go-api/internal/sync/engine.go:188.32,191.3 2 0
levelup/go-api/internal/sync/engine.go:194.2,194.104 1 0
levelup/go-api/internal/sync/engine.go:194.104,196.3 1 0
levelup/go-api/internal/sync/engine.go:198.2,200.20 3 0
levelup/go-api/internal/sync/engine.go:211.9,213.16 2 0
levelup/go-api/internal/sync/engine.go:213.16,215.3 1 0
levelup/go-api/internal/sync/engine.go:218.2,219.16 2 0
levelup/go-api/internal/sync/engine.go:219.16,221.3 1 0
levelup/go-api/internal/sync/engine.go:222.2,222.66 1 0
levelup/go-api/internal/sync/engine.go:222.66,224.3 1 0
levelup/go-api/internal/sync/engine.go:227.2,227.27 1 0
levelup/go-api/internal/sync/engine.go:227.27,229.68 2 0
levelup/go-api/internal/sync/engine.go:229.68,231.4 1 0
levelup/go-api/internal/sync/engine.go:232.3,235.34 2 0
levelup/go-api/internal/sync/engine.go:235.34,236.46 1 0
levelup/go-api/internal/sync/engine.go:236.46,238.5 1 0
levelup/go-api/internal/sync/engine.go:243.2,243.21 1 0
levelup/go-api/internal/sync/engine.go:243.21,245.56 2 0
levelup/go-api/internal/sync/engine.go:245.56,247.4 1 0
levelup/go-api/internal/sync/engine.go:248.3,248.39 1 0
levelup/go-api/internal/sync/engine.go:252.2,252.70 1 0
levelup/go-api/internal/sync/engine.go:252.70,254.3 1 0
levelup/go-api/internal/sync/engine.go:256.2,258.12 3 0
levelup/go-api/internal/sync/engine.go:263.61,265.16 2 0
levelup/go-api/internal/sync/engine.go:265.16,268.3 1 0
levelup/go-api/internal/sync/engine.go:269.2,272.18 3 0
levelup/go-api/internal/sync/engine.go:272.18,274.40 2 0
levelup/go-api/internal/sync/engine.go:274.40,276.4 1 0
levelup/go-api/internal/sync/engine.go:278.2,278.26 1 0
levelup/go-api/internal/sync/engine.go:290.25,294.85 2 0
levelup/go-api/internal/sync/engine.go:294.85,296.3 1 0
levelup/go-api/internal/sync/engine.go:296.8,298.3 1 0
levelup/go-api/internal/sync/engine.go:301.2,301.72 1 0
levelup/go-api/internal/sync/engine.go:301.72,303.3 1 0
levelup/go-api/internal/sync/engine.go:303.8,305.3 1 0
levelup/go-api/internal/sync/engine.go:308.2,308.66 1 0
levelup/go-api/internal/sync/engine.go:308.66,310.3 1 0
levelup/go-api/internal/sync/engine.go:310.8,310.24 1 0
levelup/go-api/internal/sync/engine.go:310.24,311.56 1 0
levelup/go-api/internal/sync/engine.go:311.56,313.4 1 0
levelup/go-api/internal/sync/engine.go:313.9,315.4 1 0
levelup/go-api/internal/sync/engine.go:319.2,319.55 1 0
levelup/go-api/internal/sync/engine.go:319.55,321.3 1 0
levelup/go-api/internal/sync/engine.go:321.8,323.3 1 0
levelup/go-api/internal/sync/engine.go:324.2,324.56 1 0
levelup/go-api/internal/sync/engine.go:324.56,326.3 1 0
levelup/go-api/internal/sync/engine.go:326.8,328.3 1 0
levelup/go-api/internal/sync/engine.go:330.2,330.10 1 0
levelup/go-api/internal/sync/halo_client.go:88.98,89.28 1 1
levelup/go-api/internal/sync/halo_client.go:89.28,91.3 1 0
levelup/go-api/internal/sync/halo_client.go:92.2,99.3 1 1
levelup/go-api/internal/sync/halo_client.go:113.32,114.39 1 1
levelup/go-api/internal/sync/halo_client.go:114.39,116.3 1 1
levelup/go-api/internal/sync/halo_client.go:117.2,117.33 1 1
levelup/go-api/internal/sync/halo_client.go:117.33,119.3 1 1
levelup/go-api/internal/sync/halo_client.go:120.2,120.15 1 1
levelup/go-api/internal/sync/halo_client.go:120.15,122.3 1 1
levelup/go-api/internal/sync/halo_client.go:123.2,123.40 1 1
levelup/go-api/internal/sync/halo_client.go:123.40,125.3 1 1
levelup/go-api/internal/sync/halo_client.go:126.2,133.16 4 1
levelup/go-api/internal/sync/halo_client.go:133.16,135.3 1 1
levelup/go-api/internal/sync/halo_client.go:137.2,145.52 2 0
levelup/go-api/internal/sync/halo_client.go:145.52,147.3 1 0
levelup/go-api/internal/sync/halo_client.go:149.2,150.33 2 0
levelup/go-api/internal/sync/halo_client.go:150.33,155.3 1 0
levelup/go-api/internal/sync/halo_client.go:156.2,156.21 1 0
levelup/go-api/internal/sync/halo_client.go:161.100,162.35 1 1
levelup/go-api/internal/sync/halo_client.go:162.35,164.3 1 1
levelup/go-api/internal/sync/halo_client.go:165.2,167.16 3 0
levelup/go-api/internal/sync/halo_client.go:167.16,169.3 1 0
levelup/go-api/internal/sync/halo_client.go:171.2,172.54 2 0
levelup/go-api/internal/sync/halo_client.go:172.54,174.3 1 0
levelup/go-api/internal/sync/halo_client.go:175.2,175.20 1 0
levelup/go-api/internal/sync/halo_client.go:203.112,204.35 1 1
levelup/go-api/internal/sync/halo_client.go:204.35,206.3 1 1
levelup/go-api/internal/sync/halo_client.go:207.2,209.16 3 0
levelup/go-api/internal/sync/halo_client.go:209.16,211.25 1 0
levelup/go-api/internal/sync/halo_client.go:211.25,213.4 1 0
levelup/go-api/internal/sync/halo_client.go:214.3,214.79 1 0
levelup/go-api/internal/sync/halo_client.go:217.2,218.56 2 0
levelup/go-api/internal/sync/halo_client.go:218.56,220.3 1 0
levelup/go-api/internal/sync/halo_client.go:222.2,223.22 2 0
levelup/go-api/internal/sync/halo_client.go:223.22,225.3 1 0
levelup/go-api/internal/sync/halo_client.go:227.2,228.31 2 0
levelup/go-api/internal/sync/halo_client.go:228.31,230.17 2 0
levelup/go-api/internal/sync/halo_client.go:230.17,232.4 1 0
levelup/go-api/internal/sync/halo_client.go:233.3,237.4 1 0
levelup/go-api/internal/sync/halo_client.go:239.2,239.26 1 0
levelup/go-api/internal/sync/halo_client.go:250.36,251.16 1 0
levelup/go-api/internal/sync/halo_client.go:251.16,253.3 1 0
levelup/go-api/internal/sync/halo_client.go:254.2,255.95 2 0
levelup/go-api/internal/sync/halo_client.go:258.35,260.2 1 1
levelup/go-api/internal/sync/halo_client.go:262.38,263.40 1 1
levelup/go-api/internal/sync/halo_client.go:263.40,264.29 1 1
levelup/go-api/internal/sync/halo_client.go:264.29,266.4 1 0
levelup/go-api/internal/sync/halo_client.go:268.2,268.14 1 1
levelup/go-api/internal/sync/halo_client.go:272.91,275.16 3 0
levelup/go-api/internal/sync/halo_client.go:275.16,277.3 1 0
levelup/go-api/internal/sync/halo_client.go:278.2,279.16 2 0
levelup/go-api/internal/sync/halo_client.go:279.16,281.3 1 0
levelup/go-api/internal/sync/halo_client.go:282.2,283.38 2 0
levelup/go-api/internal/sync/halo_client.go:283.38,285.3 1 0
levelup/go-api/internal/sync/halo_client.go:286.2,286.30 1 0
levelup/go-api/internal/sync/halo_client.go:291.83,293.52 2 1
levelup/go-api/internal/sync/halo_client.go:293.52,298.17 3 1
levelup/go-api/internal/sync/halo_client.go:298.17,300.4 1 0
levelup/go-api/internal/sync/halo_client.go:301.3,306.17 5 1
levelup/go-api/internal/sync/halo_client.go:306.17,309.12 3 0
levelup/go-api/internal/sync/halo_client.go:312.3,316.92 3 1
levelup/go-api/internal/sync/halo_client.go:316.92,318.4 1 1
levelup/go-api/internal/sync/halo_client.go:320.3,320.83 1 0
levelup/go-api/internal/sync/halo_client.go:320.83,322.4 1 0
levelup/go-api/internal/sync/halo_client.go:323.3,323.39 1 0
levelup/go-api/internal/sync/halo_client.go:323.39,326.12 3 0
levelup/go-api/internal/sync/halo_client.go:328.3,328.21 1 0
levelup/go-api/internal/sync/halo_client.go:328.21,331.12 3 0
levelup/go-api/internal/sync/halo_client.go:333.3,333.19 1 0
levelup/go-api/internal/sync/halo_client.go:335.2,335.98 1 0
levelup/go-api/internal/sync/halo_client.go:339.55,340.28 1 1
levelup/go-api/internal/sync/halo_client.go:340.28,343.3 2 1
levelup/go-api/internal/sync/halo_client.go:344.2,345.14 2 0
levelup/go-api/internal/sync/halo_client.go:345.14,346.10 1 0
levelup/go-api/internal/sync/halo_client.go:347.21,347.21 0 0
levelup/go-api/internal/sync/halo_client.go:348.27,348.27 0 0
levelup/go-api/internal/sync/halo_client.go:351.2,351.28 1 0
levelup/go-api/internal/sync/halo_client.go:355.67,357.28 2 0
levelup/go-api/internal/sync/halo_client.go:357.28,359.3 1 0
levelup/go-api/internal/sync/halo_client.go:360.2,360.9 1 0
levelup/go-api/internal/sync/halo_client.go:361.20,361.20 0 0
levelup/go-api/internal/sync/halo_client.go:362.27,362.27 0 0
levelup/go-api/internal/sync/halo_client.go:368.98,369.35 1 0
levelup/go-api/internal/sync/halo_client.go:369.35,371.3 1 0
levelup/go-api/internal/sync/halo_client.go:372.2,377.16 3 0
levelup/go-api/internal/sync/halo_client.go:377.16,379.3 1 0
levelup/go-api/internal/sync/halo_client.go:380.2,386.16 6 0
levelup/go-api/internal/sync/halo_client.go:386.16,388.3 1 0
levelup/go-api/internal/sync/halo_client.go:389.2,391.91 2 0
levelup/go-api/internal/sync/halo_client.go:391.91,393.3 1 0
levelup/go-api/internal/sync/halo_client.go:394.2,394.38 1 0
levelup/go-api/internal/sync/halo_client.go:394.38,396.3 1 0
levelup/go-api/internal/sync/halo_client.go:398.2,399.65 2 0
levelup/go-api/internal/sync/halo_client.go:399.65,401.3 1 0
levelup/go-api/internal/sync/halo_client.go:402.2,402.41 1 0
levelup/go-api/internal/sync/lease.go:25.42,28.32 3 0
levelup/go-api/internal/sync/lease.go:28.32,30.3 1 0
levelup/go-api/internal/sync/lease.go:31.2,33.11 3 0
levelup/go-api/internal/sync/lease.go:46.71,50.6 3 0
levelup/go-api/internal/sync/lease.go:50.6,51.19 1 0
levelup/go-api/internal/sync/lease.go:51.19,52.18 1 0
levelup/go-api/internal/sync/lease.go:52.18,52.33 1 0
levelup/go-api/internal/sync/lease.go:54.3,54.33 1 0
levelup/go-api/internal/sync/lease.go:54.33,56.4 1 0
levelup/go-api/internal/sync/lease.go:57.3,57.35 1 0
levelup/go-api/internal/sync/performance.go:64.57,66.19 2 0
levelup/go-api/internal/sync/performance.go:66.19,68.3 1 0
levelup/go-api/internal/sync/performance.go:69.2,76.14 6 0
levelup/go-api/internal/sync/performance.go:76.14,78.3 1 0
levelup/go-api/internal/sync/performance.go:80.2,86.22 2 0
levelup/go-api/internal/sync/performance.go:86.22,89.3 2 0
levelup/go-api/internal/sync/performance.go:90.2,90.27 1 0
levelup/go-api/internal/sync/performance.go:90.27,93.3 2 0
levelup/go-api/internal/sync/performance.go:94.2,94.25 1 0
levelup/go-api/internal/sync/performance.go:94.25,97.3 2 0
levelup/go-api/internal/sync/performance.go:98.2,98.18 1 0
levelup/go-api/internal/sync/performance.go:98.18,101.3 2 0
levelup/go-api/internal/sync/performance.go:102.2,102.21 1 0
levelup/go-api/internal/sync/performance.go:102.21,105.3 2 0
levelup/go-api/internal/sync/performance.go:106.2,106.22 1 0
levelup/go-api/internal/sync/performance.go:106.22,109.3 2 0
levelup/go-api/internal/sync/performance.go:110.2,110.27 1 0
levelup/go-api/internal/sync/performance.go:110.27,113.3 2 0
levelup/go-api/internal/sync/performance.go:114.2,114.42 1 0
levelup/go-api/internal/sync/performance.go:114.42,117.3 2 0
levelup/go-api/internal/sync/performance.go:118.2,118.10 1 0
levelup/go-api/internal/sync/performance.go:124.62,125.21 1 0
levelup/go-api/internal/sync/performance.go:125.21,127.3 1 0
levelup/go-api/internal/sync/performance.go:128.2,129.27 2 0
levelup/go-api/internal/sync/performance.go:129.27,130.17 1 0
levelup/go-api/internal/sync/performance.go:130.17,132.4 1 0
levelup/go-api/internal/sync/performance.go:134.2,134.66 1 0
levelup/go-api/internal/sync/performance.go:138.69,139.21 1 0
levelup/go-api/internal/sync/performance.go:139.21,141.3 1 0
levelup/go-api/internal/sync/performance.go:142.2,143.27 2 0
levelup/go-api/internal/sync/performance.go:143.27,144.17 1 0
levelup/go-api/internal/sync/performance.go:144.17,146.4 1 0
levelup/go-api/internal/sync/performance.go:148.2,148.66 1 0
levelup/go-api/internal/sync/performance.go:155.90,156.42 1 0
levelup/go-api/internal/sync/performance.go:156.42,158.3 1 0
levelup/go-api/internal/sync/performance.go:160.2,161.20 2 0
levelup/go-api/internal/sync/performance.go:161.20,163.3 1 0
levelup/go-api/internal/sync/performance.go:166.2,173.38 5 0
levelup/go-api/internal/sync/performance.go:173.38,175.10 2 0
levelup/go-api/internal/sync/performance.go:175.10,176.12 1 0
levelup/go-api/internal/sync/performance.go:178.3,179.31 2 0
levelup/go-api/internal/sync/performance.go:179.31,180.12 1 0
levelup/go-api/internal/sync/performance.go:182.3,183.42 2 0
levelup/go-api/internal/sync/performance.go:187.2,187.68 1 0
levelup/go-api/internal/sync/performance.go:187.68,190.3 2 0
levelup/go-api/internal/sync/performance.go:193.2,193.78 1 0
levelup/go-api/internal/sync/performance.go:193.78,195.22 2 0
levelup/go-api/internal/sync/performance.go:195.22,198.4 2 0
levelup/go-api/internal/sync/performance.go:202.2,203.33 2 0
levelup/go-api/internal/sync/performance.go:203.33,205.10 2 0
levelup/go-api/internal/sync/performance.go:205.10,206.12 1 0
levelup/go-api/internal/sync/performance.go:208.3,209.31 2 0
levelup/go-api/internal/sync/performance.go:209.31,210.12 1 0
levelup/go-api/internal/sync/performance.go:212.3,213.42 2 0
levelup/go-api/internal/sync/performance.go:216.2,216.27 1 0
levelup/go-api/internal/sync/performance.go:216.27,218.3 1 0
levelup/go-api/internal/sync/performance.go:220.2,221.32 2 0
levelup/go-api/internal/sync/performance.go:221.32,223.3 1 0
levelup/go-api/internal/sync/performance.go:224.2,224.22 1 0
levelup/go-api/internal/sync/performance.go:224.22,226.3 1 0
levelup/go-api/internal/sync/performance.go:228.2,229.32 2 0
levelup/go-api/internal/sync/performance.go:229.32,231.3 1 0
levelup/go-api/internal/sync/performance.go:232.2,234.15 3 0
levelup/go-api/internal/sync/performance.go:238.105,243.29 5 0
levelup/go-api/internal/sync/performance.go:243.29,245.3 1 0
levelup/go-api/internal/sync/performance.go:246.2,247.11 2 0
levelup/go-api/internal/sync/performance.go:251.66,252.13 1 0
levelup/go-api/internal/sync/performance.go:253.13,254.21 1 0
levelup/go-api/internal/sync/performance.go:255.20,256.27 1 0
levelup/go-api/internal/sync/performance.go:257.13,258.21 1 0
levelup/go-api/internal/sync/performance.go:259.13,260.21 1 0
levelup/go-api/internal/sync/performance.go:261.18,262.24 1 0
levelup/go-api/internal/sync/performance.go:262.24,264.4 1 0
levelup/go-api/internal/sync/performance.go:265.3,265.18 1 0
levelup/go-api/internal/sync/performance.go:266.14,267.20 1 0
levelup/go-api/internal/sync/performance.go:267.20,269.4 1 0
levelup/go-api/internal/sync/performance.go:270.3,270.18 1 0
levelup/go-api/internal/sync/performance.go:271.20,272.25 1 0
levelup/go-api/internal/sync/performance.go:272.25,274.4 1 0
levelup/go-api/internal/sync/performance.go:275.3,275.18 1 0
levelup/go-api/internal/sync/performance.go:276.27,277.31 1 0
levelup/go-api/internal/sync/performance.go:277.31,279.4 1 0
levelup/go-api/internal/sync/performance.go:280.3,280.18 1 0
levelup/go-api/internal/sync/performance.go:281.28,282.32 1 0
levelup/go-api/internal/sync/performance.go:282.32,284.4 1 0
levelup/go-api/internal/sync/performance.go:285.3,285.18 1 0
levelup/go-api/internal/sync/performance.go:287.2,287.17 1 0
levelup/go-api/internal/sync/performance.go:291.71,306.30 3 0
levelup/go-api/internal/sync/performance.go:306.30,308.15 2 0
levelup/go-api/internal/sync/performance.go:308.15,309.12 1 0
levelup/go-api/internal/sync/performance.go:311.3,315.24 5 0
levelup/go-api/internal/sync/performance.go:315.24,317.4 1 0
levelup/go-api/internal/sync/performance.go:318.3,318.20 1 0
levelup/go-api/internal/sync/performance.go:318.20,320.4 1 0
levelup/go-api/internal/sync/performance.go:321.3,321.25 1 0
levelup/go-api/internal/sync/performance.go:321.25,323.4 1 0
levelup/go-api/internal/sync/performance.go:324.3,324.61 1 0
levelup/go-api/internal/sync/performance.go:324.61,328.4 3 0
levelup/go-api/internal/sync/performance.go:329.3,329.31 1 0
levelup/go-api/internal/sync/performance.go:329.31,331.4 1 0
levelup/go-api/internal/sync/performance.go:332.3,332.32 1 0
levelup/go-api/internal/sync/performance.go:332.32,334.4 1 0
levelup/go-api/internal/sync/performance.go:338.2,338.27 1 0
levelup/go-api/internal/sync/performance.go:338.27,341.3 2 0
levelup/go-api/internal/sync/performance.go:342.2,342.15 1 0
levelup/go-api/internal/sync/performance.go:348.78,365.16 2 0
levelup/go-api/internal/sync/performance.go:365.16,367.3 1 0
levelup/go-api/internal/sync/performance.go:368.2,371.18 3 0
levelup/go-api/internal/sync/performance.go:371.18,381.17 3 0
levelup/go-api/internal/sync/performance.go:381.17,382.12 1 0
levelup/go-api/internal/sync/performance.go:384.3,384.31 1 0
levelup/go-api/internal/sync/performance.go:386.2,386.28 1 0
levelup/go-api/internal/sync/performance.go:391.90,393.16 2 0
levelup/go-api/internal/sync/performance.go:393.16,395.3 1 0
levelup/go-api/internal/sync/performance.go:396.2,396.26 1 0
levelup/go-api/internal/sync/performance.go:396.26,398.3 1 0
levelup/go-api/internal/sync/performance.go:401.2,404.16 3 0
levelup/go-api/internal/sync/performance.go:404.16,406.24 2 0
levelup/go-api/internal/sync/performance.go:406.24,408.35 2 0
levelup/go-api/internal/sync/performance.go:408.35,410.5 1 0
levelup/go-api/internal/sync/performance.go:414.2,418.35 4 0
levelup/go-api/internal/sync/performance.go:418.35,419.30 1 0
levelup/go-api/internal/sync/performance.go:419.30,420.12 1 0
levelup/go-api/internal/sync/performance.go:422.3,422.32 1 0
levelup/go-api/internal/sync/performance.go:422.32,423.12 1 0
levelup/go-api/internal/sync/performance.go:427.3,428.16 2 0
levelup/go-api/internal/sync/performance.go:428.16,430.4 1 0
levelup/go-api/internal/sync/performance.go:431.3,434.19 3 0
levelup/go-api/internal/sync/performance.go:434.19,435.12 1 0
levelup/go-api/internal/sync/performance.go:438.3,445.17 2 0
levelup/go-api/internal/sync/performance.go:445.17,446.12 1 0
levelup/go-api/internal/sync/performance.go:448.3,448.12 1 0
levelup/go-api/internal/sync/performance.go:450.2,450.21 1 0
levelup/go-api/internal/sync/pve.go:58.83,60.23 2 0
levelup/go-api/internal/sync/pve.go:60.23,62.3 1 0
levelup/go-api/internal/sync/pve.go:63.2,64.28 2 0
levelup/go-api/internal/sync/pve.go:64.28,66.10 2 0
levelup/go-api/internal/sync/pve.go:66.10,67.12 1 0
levelup/go-api/internal/sync/pve.go:69.3,70.17 2 0
levelup/go-api/internal/sync/pve.go:70.17,71.12 1 0
levelup/go-api/internal/sync/pve.go:73.3,74.21 2 0
levelup/go-api/internal/sync/pve.go:74.21,75.12 1 0
levelup/go-api/internal/sync/pve.go:77.3,77.70 1 0
levelup/go-api/internal/sync/pve.go:79.2,79.13 1 0
levelup/go-api/internal/sync/pve.go:85.64,87.19 2 0
levelup/go-api/internal/sync/pve.go:87.19,89.3 1 0
levelup/go-api/internal/sync/pve.go:90.2,91.9 2 0
levelup/go-api/internal/sync/pve.go:91.9,93.3 1 0
levelup/go-api/internal/sync/pve.go:94.2,95.15 2 0
levelup/go-api/internal/sync/pve.go:95.15,97.3 1 0
levelup/go-api/internal/sync/pve.go:98.2,98.81 1 0
levelup/go-api/internal/sync/pve.go:98.81,99.46 1 0
levelup/go-api/internal/sync/pve.go:99.46,101.4 1 0
levelup/go-api/internal/sync/pve.go:104.2,104.41 1 0
levelup/go-api/internal/sync/pve.go:104.41,106.3 1 0
levelup/go-api/internal/sync/pve.go:107.2,107.12 1 0
levelup/go-api/internal/sync/pve.go:111.57,113.51 1 0
levelup/go-api/internal/sync/pve.go:113.51,114.58 1 0
levelup/go-api/internal/sync/pve.go:114.58,116.4 1 0
levelup/go-api/internal/sync/pve.go:119.2,120.20 2 0
levelup/go-api/internal/sync/pve.go:120.20,121.49 1 0
levelup/go-api/internal/sync/pve.go:121.49,122.48 1 0
levelup/go-api/internal/sync/pve.go:122.48,124.5 1 0
levelup/go-api/internal/sync/pve.go:127.2,127.11 1 0
levelup/go-api/internal/sync/pve.go:131.35,135.2 3 0
levelup/go-api/internal/sync/pve.go:138.92,154.2 5 0
levelup/go-api/internal/sync/pve.go:157.68,158.65 1 0
levelup/go-api/internal/sync/pve.go:158.65,172.3 13 0
levelup/go-api/internal/sync/pve.go:174.2,185.51 12 0
levelup/go-api/internal/sync/pve.go:189.49,191.24 2 0
levelup/go-api/internal/sync/pve.go:191.24,193.3 1 0
levelup/go-api/internal/sync/pve.go:194.2,194.23 1 0
levelup/go-api/internal/sync/pve.go:194.23,196.3 1 0
levelup/go-api/internal/sync/pve.go:197.2,197.24 1 0
levelup/go-api/internal/sync/pve.go:197.24,199.3 1 0
levelup/go-api/internal/sync/pve.go:200.2,200.24 1 0
levelup/go-api/internal/sync/pve.go:200.24,202.3 1 0
levelup/go-api/internal/sync/pve.go:203.2,203.25 1 0
levelup/go-api/internal/sync/pve.go:203.25,205.3 1 0
levelup/go-api/internal/sync/pve.go:206.2,206.24 1 0
levelup/go-api/internal/sync/pve.go:206.24,208.3 1 0
levelup/go-api/internal/sync/pve.go:209.2,209.25 1 0
levelup/go-api/internal/sync/pve.go:209.25,211.3 1 0
levelup/go-api/internal/sync/pve.go:212.2,212.26 1 0
levelup/go-api/internal/sync/pve.go:212.26,214.3 1 0
levelup/go-api/internal/sync/pve.go:215.2,215.26 1 0
levelup/go-api/internal/sync/pve.go:215.26,217.3 1 0
levelup/go-api/internal/sync/pve.go:218.2,218.26 1 0
levelup/go-api/internal/sync/pve.go:218.26,220.3 1 0
levelup/go-api/internal/sync/pve.go:221.2,221.25 1 0
levelup/go-api/internal/sync/pve.go:221.25,223.3 1 0
levelup/go-api/internal/sync/pve.go:224.2,224.25 1 0
levelup/go-api/internal/sync/pve.go:224.25,226.3 1 0
levelup/go-api/internal/sync/pve.go:227.2,227.27 1 0
levelup/go-api/internal/sync/pve.go:227.27,229.3 1 0
levelup/go-api/internal/sync/pve.go:230.2,230.25 1 0
levelup/go-api/internal/sync/pve.go:230.25,232.3 1 0
levelup/go-api/internal/sync/pve.go:233.2,233.13 1 0
levelup/go-api/internal/sync/pve.go:237.56,240.2 2 0
levelup/go-api/internal/sync/pve.go:248.71,249.20 1 0
levelup/go-api/internal/sync/pve.go:249.20,251.3 1 0
levelup/go-api/internal/sync/pve.go:252.2,269.25 3 0
levelup/go-api/internal/sync/pve.go:269.25,277.17 1 0
levelup/go-api/internal/sync/pve.go:277.17,279.4 1 0
levelup/go-api/internal/sync/pve.go:280.3,280.13 1 0
levelup/go-api/internal/sync/pve.go:282.2,282.22 1 0
levelup/go-api/internal/sync/pve.go:287.63,294.2 2 0
levelup/go-api/internal/sync/schema.go:175.43,177.2 1 0
levelup/go-api/internal/sync/schema.go:181.43,183.2 1 0
levelup/go-api/internal/sync/schema.go:187.49,188.63 1 0
levelup/go-api/internal/sync/schema.go:188.63,190.3 1 0
levelup/go-api/internal/sync/schema.go:191.2,192.16 2 0
levelup/go-api/internal/sync/schema.go:192.16,194.3 1 0
levelup/go-api/internal/sync/schema.go:196.2,197.47 2 0
levelup/go-api/internal/sync/schema.go:197.47,200.3 2 0
levelup/go-api/internal/sync/schema.go:201.2,201.16 1 0
levelup/go-api/internal/sync/schema.go:206.49,207.63 1 0
levelup/go-api/internal/sync/schema.go:207.63,209.3 1 0
levelup/go-api/internal/sync/schema.go:210.2,211.16 2 0
levelup/go-api/internal/sync/schema.go:211.16,213.3 1 0
levelup/go-api/internal/sync/schema.go:214.2,215.47 2 0
levelup/go-api/internal/sync/schema.go:215.47,218.3 2 0
levelup/go-api/internal/sync/schema.go:219.2,219.16 1 0
levelup/go-api/internal/sync/schema.go:223.50,224.40 1 0
levelup/go-api/internal/sync/schema.go:224.40,225.42 1 0
levelup/go-api/internal/sync/schema.go:225.42,227.4 1 0
levelup/go-api/internal/sync/schema.go:229.2,229.12 1 0
levelup/go-api/internal/sync/schema.go:233.39,236.35 3 0
levelup/go-api/internal/sync/schema.go:236.35,238.16 2 0
levelup/go-api/internal/sync/schema.go:238.16,240.15 2 0
levelup/go-api/internal/sync/schema.go:240.15,242.5 1 0
levelup/go-api/internal/sync/schema.go:243.4,243.17 1 0
levelup/go-api/internal/sync/schema.go:244.9,246.4 1 0
levelup/go-api/internal/sync/schema.go:248.2,248.42 1 0
levelup/go-api/internal/sync/schema.go:248.42,250.3 1 0
levelup/go-api/internal/sync/schema.go:251.2,251.14 1 0
levelup/go-api/internal/sync/schema.go:254.33,256.99 2 0
levelup/go-api/internal/sync/schema.go:256.99,258.3 1 0
levelup/go-api/internal/sync/schema.go:259.2,259.99 1 0
levelup/go-api/internal/sync/schema.go:259.99,261.3 1 0
levelup/go-api/internal/sync/schema.go:262.2,262.21 1 0
levelup/go-api/internal/sync/schema.go:265.41,266.19 1 0
levelup/go-api/internal/sync/schema.go:266.19,268.3 1 0
levelup/go-api/internal/sync/schema.go:269.2,269.24 1 0
levelup/go-api/internal/sync/scope.go:142.21,142.40 1 1
levelup/go-api/internal/sync/scope.go:143.21,143.40 1 1
levelup/go-api/internal/sync/scope.go:144.21,144.39 1 1
levelup/go-api/internal/sync/scope.go:145.21,145.48 1 1
levelup/go-api/internal/sync/scope.go:146.21,146.51 1 1
levelup/go-api/internal/sync/scope.go:147.21,147.41 1 1
levelup/go-api/internal/sync/scope.go:148.21,148.42 1 1
levelup/go-api/internal/sync/scope.go:149.21,149.42 1 1
levelup/go-api/internal/sync/scope.go:150.21,150.40 1 1
levelup/go-api/internal/sync/scope.go:151.21,151.46 1 1
levelup/go-api/internal/sync/scope.go:152.21,152.52 1 1
levelup/go-api/internal/sync/scope.go:153.21,153.49 1 1
levelup/go-api/internal/sync/scope.go:154.21,154.51 1 1
levelup/go-api/internal/sync/scope.go:155.21,155.52 1 1
levelup/go-api/internal/sync/scope.go:156.21,156.53 1 1
levelup/go-api/internal/sync/scope.go:157.21,157.46 1 1
levelup/go-api/internal/sync/scope.go:158.21,158.41 1 1
levelup/go-api/internal/sync/scope.go:159.21,159.42 1 1
levelup/go-api/internal/sync/scope.go:160.21,160.39 1 1
levelup/go-api/internal/sync/scope.go:161.21,161.43 1 1
levelup/go-api/internal/sync/scope.go:162.21,162.52 1 1
levelup/go-api/internal/sync/scope.go:163.21,163.46 1 1
levelup/go-api/internal/sync/scope.go:164.21,164.41 1 1
levelup/go-api/internal/sync/scope.go:165.21,165.47 1 1
levelup/go-api/internal/sync/scope.go:166.21,166.48 1 1
levelup/go-api/internal/sync/scope.go:167.21,167.49 1 1
levelup/go-api/internal/sync/scope.go:168.21,168.40 1 1
levelup/go-api/internal/sync/scope.go:169.21,169.41 1 1
levelup/go-api/internal/sync/scope.go:170.21,170.46 1 1
levelup/go-api/internal/sync/scope.go:171.21,171.44 1 1
levelup/go-api/internal/sync/scope.go:172.21,172.50 1 1
levelup/go-api/internal/sync/scope.go:173.21,173.47 1 1
levelup/go-api/internal/sync/scope.go:174.21,174.42 1 1
levelup/go-api/internal/sync/scope.go:175.21,175.43 1 1
levelup/go-api/internal/sync/scope.go:176.21,176.44 1 1
levelup/go-api/internal/sync/scope.go:177.21,177.37 1 1
levelup/go-api/internal/sync/scope.go:178.21,178.42 1 1
levelup/go-api/internal/sync/scope.go:179.21,179.40 1 1
levelup/go-api/internal/sync/scope.go:180.21,180.45 1 1
levelup/go-api/internal/sync/scope.go:181.21,181.43 1 1
levelup/go-api/internal/sync/scope.go:182.21,182.42 1 1
levelup/go-api/internal/sync/scope.go:183.21,183.41 1 1
levelup/go-api/internal/sync/scope.go:184.21,184.38 1 1
levelup/go-api/internal/sync/scope.go:185.21,185.37 1 1
levelup/go-api/internal/sync/scope.go:186.21,186.43 1 1
levelup/go-api/internal/sync/scope.go:187.21,187.48 1 1
levelup/go-api/internal/sync/scope.go:188.21,188.50 1 1
levelup/go-api/internal/sync/scope.go:201.31,203.15 1 1
levelup/go-api/internal/sync/scope.go:203.15,204.40 1 1
levelup/go-api/internal/sync/scope.go:204.40,206.4 1 1
levelup/go-api/internal/sync/scope.go:210.2,210.17 1 1
levelup/go-api/internal/sync/scope.go:210.17,216.3 5 1
levelup/go-api/internal/sync/scope.go:219.2,219.14 1 1
levelup/go-api/internal/sync/scope.go:219.14,223.3 3 1
levelup/go-api/internal/sync/scope.go:224.2,224.19 1 1
levelup/go-api/internal/sync/scope.go:224.19,229.3 4 1
levelup/go-api/internal/sync/scope.go:232.2,232.11 1 1
levelup/go-api/internal/sync/scope.go:232.11,235.3 2 1
levelup/go-api/internal/sync/scope.go:236.2,236.16 1 1
levelup/go-api/internal/sync/scope.go:236.16,240.3 3 1
levelup/go-api/internal/sync/scope.go:242.2,242.13 1 1
levelup/go-api/internal/sync/scope.go:242.13,248.3 5 1
levelup/go-api/internal/sync/scope.go:251.2,251.17 1 1
levelup/go-api/internal/sync/scope.go:251.17,254.3 2 1
levelup/go-api/internal/sync/scope.go:255.2,255.22 1 1
levelup/go-api/internal/sync/scope.go:255.22,258.3 2 1
levelup/go-api/internal/sync/scope.go:261.2,261.28 1 1
levelup/go-api/internal/sync/scope.go:265.46,266.41 1 1
levelup/go-api/internal/sync/scope.go:266.41,267.23 1 1
levelup/go-api/internal/sync/scope.go:267.23,269.4 1 1
levelup/go-api/internal/sync/scope.go:271.2,312.54 42 1
levelup/go-api/internal/sync/scope.go:316.45,320.2 3 1
levelup/go-api/internal/sync/scope.go:323.41,337.26 2 1
levelup/go-api/internal/sync/scope.go:337.26,338.8 1 1
levelup/go-api/internal/sync/scope.go:338.8,340.4 1 1
levelup/go-api/internal/sync/scope.go:342.2,342.14 1 1
levelup/go-api/internal/sync/scope.go:346.37,353.2 1 1
levelup/go-api/internal/sync/scope.go:356.43,359.2 1 0
levelup/go-api/internal/sync/scope.go:388.47,412.51 3 1
levelup/go-api/internal/sync/scope.go:412.51,413.27 1 1
levelup/go-api/internal/sync/scope.go:413.27,415.4 1 1
levelup/go-api/internal/sync/scope.go:417.2,417.15 1 1
levelup/go-api/internal/sync/skill_config.go:99.62,101.25 2 0
levelup/go-api/internal/sync/skill_config.go:101.25,103.3 1 0
levelup/go-api/internal/sync/skill_config.go:104.2,105.21 2 0
levelup/go-api/internal/sync/skill_config.go:105.21,107.3 1 0
levelup/go-api/internal/sync/skill_config.go:109.2,109.37 1 0
levelup/go-api/internal/sync/skill_config.go:109.37,110.56 1 0
levelup/go-api/internal/sync/skill_config.go:110.56,112.4 1 0
levelup/go-api/internal/sync/skill_config.go:113.3,113.54 1 0
levelup/go-api/internal/sync/skill_config.go:113.54,115.4 1 0
levelup/go-api/internal/sync/skill_config.go:116.3,118.59 1 0
levelup/go-api/internal/sync/skill_config.go:118.59,120.4 1 0
levelup/go-api/internal/sync/skill_config.go:122.2,122.16 1 0
levelup/go-api/internal/sync/skill_config.go:150.57,151.28 1 0
levelup/go-api/internal/sync/skill_config.go:151.28,153.52 2 0
levelup/go-api/internal/sync/skill_config.go:153.52,154.23 1 0
levelup/go-api/internal/sync/skill_config.go:154.23,156.5 1 0
levelup/go-api/internal/sync/skill_config.go:157.4,159.24 3 0
levelup/go-api/internal/sync/skill_config.go:159.24,161.5 1 0
levelup/go-api/internal/sync/skill_config.go:162.4,162.17 1 0
levelup/go-api/internal/sync/skill_config.go:165.2,165.15 1 0
levelup/go-api/internal/sync/skill_config.go:169.45,171.17 2 0
levelup/go-api/internal/sync/skill_config.go:171.17,173.3 1 0
levelup/go-api/internal/sync/skill_config.go:174.2,174.14 1 0
levelup/go-api/internal/sync/skill_config.go:174.14,176.3 1 0
levelup/go-api/internal/sync/skill_config.go:177.2,178.9 2 0
levelup/go-api/internal/sync/skill_config.go:178.9,180.3 1 0
levelup/go-api/internal/sync/skill_config.go:181.2,181.30 1 0
levelup/go-api/internal/sync/skill_config.go:186.40,187.12 1 0
levelup/go-api/internal/sync/skill_config.go:187.12,189.3 1 0
levelup/go-api/internal/sync/skill_config.go:190.2,190.12 1 0
levelup/go-api/internal/sync/skill_config.go:190.12,192.3 1 0
levelup/go-api/internal/sync/skill_config.go:193.2,193.10 1 0
levelup/go-api/internal/sync/skill_config.go:196.47,197.16 1 0
levelup/go-api/internal/sync/skill_config.go:197.16,199.3 1 0
levelup/go-api/internal/sync/skill_config.go:200.2,201.36 2 0
levelup/go-api/internal/sync/skill_config.go:205.39,206.22 1 0
levelup/go-api/internal/sync/skill_config.go:206.22,208.3 1 0
levelup/go-api/internal/sync/skill_config.go:209.2,209.26 1 0
levelup/go-api/internal/sync/skill_config.go:209.26,211.3 1 0
levelup/go-api/internal/sync/skill_config.go:212.2,214.43 3 0
levelup/go-api/internal/sync/skill_config.go:214.43,215.35 1 0
levelup/go-api/internal/sync/skill_config.go:215.35,217.4 1 0
levelup/go-api/internal/sync/skill_config.go:219.2,219.14 1 0
levelup/go-api/internal/sync/skill_config.go:222.36,224.30 2 0
levelup/go-api/internal/sync/skill_config.go:224.30,226.27 2 0
levelup/go-api/internal/sync/skill_config.go:226.27,228.4 1 0
levelup/go-api/internal/sync/skill_config.go:229.3,229.11 1 0
levelup/go-api/internal/sync/skill_config.go:231.2,231.18 1 0
levelup/go-api/internal/sync/skill_config.go:235.39,236.26 1 1
levelup/go-api/internal/sync/skill_config.go:236.26,238.3 1 0
levelup/go-api/internal/sync/skill_config.go:239.2,240.14 2 1
levelup/go-api/internal/sync/skill_config.go:240.14,242.3 1 0
levelup/go-api/internal/sync/skill_config.go:243.2,244.17 2 1
levelup/go-api/internal/sync/skill_rating.go:27.36,29.2 1 0
levelup/go-api/internal/sync/skill_rating.go:33.43,35.2 1 1
levelup/go-api/internal/sync/skill_rating.go:37.43,39.2 1 1
levelup/go-api/internal/sync/skill_rating.go:41.35,44.19 3 1
levelup/go-api/internal/sync/skill_rating.go:44.19,46.3 1 0
levelup/go-api/internal/sync/skill_rating.go:47.2,47.37 1 1
levelup/go-api/internal/sync/skill_rating.go:50.35,54.2 3 1
levelup/go-api/internal/sync/skill_rating.go:61.104,78.2 12 1
levelup/go-api/internal/sync/skill_rating.go:81.64,83.38 2 0
levelup/go-api/internal/sync/skill_rating.go:83.38,85.3 1 0
levelup/go-api/internal/sync/skill_rating.go:86.2,87.48 2 0
levelup/go-api/internal/sync/skill_rating.go:110.11,120.27 4 0
levelup/go-api/internal/sync/skill_rating.go:120.27,122.74 2 0
levelup/go-api/internal/sync/skill_rating.go:122.74,126.4 3 0
levelup/go-api/internal/sync/skill_rating.go:127.3,127.83 1 0
levelup/go-api/internal/sync/skill_rating.go:131.2,131.28 1 0
levelup/go-api/internal/sync/skill_rating.go:131.28,134.3 2 0
levelup/go-api/internal/sync/skill_rating.go:137.2,137.24 1 0
levelup/go-api/internal/sync/skill_rating.go:137.24,139.23 2 0
levelup/go-api/internal/sync/skill_rating.go:140.10,141.18 1 0
levelup/go-api/internal/sync/skill_rating.go:142.10,143.18 1 0
levelup/go-api/internal/sync/skill_rating.go:144.10,145.18 1 0
levelup/go-api/internal/sync/skill_rating.go:146.10,147.19 1 0
levelup/go-api/internal/sync/skill_rating.go:148.11,149.18 1 0
levelup/go-api/internal/sync/skill_rating.go:151.3,151.72 1 0
levelup/go-api/internal/sync/skill_rating.go:155.2,156.15 2 0
levelup/go-api/internal/sync/skill_rating.go:156.15,159.47 3 0
levelup/go-api/internal/sync/skill_rating.go:159.47,161.4 1 0
levelup/go-api/internal/sync/skill_rating.go:162.3,162.86 1 0
levelup/go-api/internal/sync/skill_rating.go:166.2,166.64 1 0
levelup/go-api/internal/sync/skill_rating.go:166.64,169.3 2 0
levelup/go-api/internal/sync/skill_rating.go:171.2,171.21 1 0
levelup/go-api/internal/sync/skill_rating.go:171.21,173.3 1 0
levelup/go-api/internal/sync/skill_rating.go:174.2,175.26 2 0
levelup/go-api/internal/sync/skill_rating.go:175.26,177.3 1 0
levelup/go-api/internal/sync/skill_rating.go:178.2,178.25 1 0
levelup/go-api/internal/sync/skill_rating.go:178.25,180.3 1 0
levelup/go-api/internal/sync/skill_rating.go:181.2,182.26 2 0
levelup/go-api/internal/sync/skill_rating.go:182.26,184.3 1 0
levelup/go-api/internal/sync/skill_rating.go:185.2,185.42 1 0
levelup/go-api/internal/sync/skill_rating.go:190.90,191.23 1 0
levelup/go-api/internal/sync/skill_rating.go:191.23,193.3 1 0
levelup/go-api/internal/sync/skill_rating.go:194.2,195.37 2 0
levelup/go-api/internal/sync/skill_rating.go:199.108,200.24 1 0
levelup/go-api/internal/sync/skill_rating.go:200.24,202.3 1 0
levelup/go-api/internal/sync/skill_rating.go:203.2,204.30 2 0
levelup/go-api/internal/sync/skill_rating.go:204.30,207.3 2 0
levelup/go-api/internal/sync/skill_rating.go:208.2,209.32 2 0
levelup/go-api/internal/sync/skill_rating.go:209.32,211.3 1 0
levelup/go-api/internal/sync/skill_rating.go:212.2,214.27 2 0
levelup/go-api/internal/sync/skill_rating.go:214.27,216.3 1 0
levelup/go-api/internal/sync/skill_rating.go:217.2,218.32 2 0
levelup/go-api/internal/sync/skill_rating.go:218.32,220.3 1 0
levelup/go-api/internal/sync/skill_rating.go:221.2,223.21 3 0
levelup/go-api/internal/sync/skill_rating.go:232.77,235.16 2 0
levelup/go-api/internal/sync/skill_rating.go:235.16,237.3 1 0
levelup/go-api/internal/sync/skill_rating.go:238.2,238.23 1 0
levelup/go-api/internal/sync/skill_rating.go:238.23,240.3 1 0
levelup/go-api/internal/sync/skill_rating.go:243.2,244.28 2 0
levelup/go-api/internal/sync/skill_rating.go:244.28,246.3 1 0
levelup/go-api/internal/sync/skill_rating.go:247.2,248.16 2 0
levelup/go-api/internal/sync/skill_rating.go:248.16,250.3 1 0
levelup/go-api/internal/sync/skill_rating.go:253.2,259.29 5 0
levelup/go-api/internal/sync/skill_rating.go:259.29,261.3 1 0
levelup/go-api/internal/sync/skill_rating.go:264.2,265.28 2 0
levelup/go-api/internal/sync/skill_rating.go:265.28,266.56 1 0
levelup/go-api/internal/sync/skill_rating.go:266.56,267.12 1 0
levelup/go-api/internal/sync/skill_rating.go:269.3,269.37 1 0
levelup/go-api/internal/sync/skill_rating.go:271.2,271.26 1 0
levelup/go-api/internal/sync/skill_rating.go:271.26,273.3 1 0
levelup/go-api/internal/sync/skill_rating.go:276.2,277.23 2 0
levelup/go-api/internal/sync/skill_rating.go:277.23,279.3 1 0
levelup/go-api/internal/sync/skill_rating.go:282.2,282.85 1 0
levelup/go-api/internal/sync/skill_rating.go:290.16,291.19 1 0
levelup/go-api/internal/sync/skill_rating.go:291.19,293.3 1 0
levelup/go-api/internal/sync/skill_rating.go:294.2,296.32 2 0
levelup/go-api/internal/sync/skill_rating.go:296.32,300.9 4 0
levelup/go-api/internal/sync/skill_rating.go:300.9,302.4 1 0
levelup/go-api/internal/sync/skill_rating.go:304.3,305.14 2 0
levelup/go-api/internal/sync/skill_rating.go:305.14,308.4 2 0
levelup/go-api/internal/sync/skill_rating.go:311.3,311.33 1 0
levelup/go-api/internal/sync/skill_rating.go:311.33,315.4 3 0
levelup/go-api/internal/sync/skill_rating.go:318.3,329.63 6 0
levelup/go-api/internal/sync/skill_rating.go:329.63,331.44 2 0
levelup/go-api/internal/sync/skill_rating.go:331.44,333.5 1 0
levelup/go-api/internal/sync/skill_rating.go:334.4,335.17 2 0
levelup/go-api/internal/sync/skill_rating.go:339.3,340.64 2 0
levelup/go-api/internal/sync/skill_rating.go:340.64,342.45 2 0
levelup/go-api/internal/sync/skill_rating.go:342.45,344.5 1 0
levelup/go-api/internal/sync/skill_rating.go:345.4,346.20 2 0
levelup/go-api/internal/sync/skill_rating.go:350.3,351.27 2 0
levelup/go-api/internal/sync/skill_rating.go:351.27,353.35 2 0
levelup/go-api/internal/sync/skill_rating.go:353.35,355.5 1 0
levelup/go-api/internal/sync/skill_rating.go:356.4,357.24 2 0
levelup/go-api/internal/sync/skill_rating.go:361.3,361.27 1 0
levelup/go-api/internal/sync/skill_rating.go:361.27,371.12 5 0
levelup/go-api/internal/sync/skill_rating.go:375.3,396.25 9 0
levelup/go-api/internal/sync/skill_rating.go:396.25,398.56 2 0
levelup/go-api/internal/sync/skill_rating.go:398.56,400.5 1 0
levelup/go-api/internal/sync/skill_rating.go:404.3,405.19 2 0
levelup/go-api/internal/sync/skill_rating.go:405.19,408.57 3 0
levelup/go-api/internal/sync/skill_rating.go:408.57,410.5 1 0
levelup/go-api/internal/sync/skill_rating.go:413.3,418.5 1 0
levelup/go-api/internal/sync/skill_rating.go:420.2,420.16 1 0
levelup/go-api/internal/sync/skill_rating_loaders.go:50.80,66.16 2 0
levelup/go-api/internal/sync/skill_rating_loaders.go:66.16,68.3 1 0
levelup/go-api/internal/sync/skill_rating_loaders.go:69.2,72.18 3 0
levelup/go-api/internal/sync/skill_rating_loaders.go:72.18,83.17 5 0
levelup/go-api/internal/sync/skill_rating_loaders.go:83.17,84.12 1 0
levelup/go-api/internal/sync/skill_rating_loaders.go:86.3,86.19 1 0
levelup/go-api/internal/sync/skill_rating_loaders.go:86.19,88.4 1 0
levelup/go-api/internal/sync/skill_rating_loaders.go:89.3,89.21 1 0
levelup/go-api/internal/sync/skill_rating_loaders.go:89.21,91.4 1 0
levelup/go-api/internal/sync/skill_rating_loaders.go:92.3,92.20 1 0
levelup/go-api/internal/sync/skill_rating_loaders.go:92.20,95.4 2 0
levelup/go-api/internal/sync/skill_rating_loaders.go:96.3,96.19 1 0
levelup/go-api/internal/sync/skill_rating_loaders.go:96.19,99.4 2 0
levelup/go-api/internal/sync/skill_rating_loaders.go:100.3,100.29 1 0
levelup/go-api/internal/sync/skill_rating_loaders.go:102.2,102.27 1 0
levelup/go-api/internal/sync/skill_rating_loaders.go:105.102,107.24 2 0
levelup/go-api/internal/sync/skill_rating_loaders.go:107.24,109.3 1 0
levelup/go-api/internal/sync/skill_rating_loaders.go:112.2,114.30 3 0
levelup/go-api/internal/sync/skill_rating_loaders.go:114.30,115.12 1 0
levelup/go-api/internal/sync/skill_rating_loaders.go:115.12,117.4 1 0
levelup/go-api/internal/sync/skill_rating_loaders.go:118.3,119.15 2 0
levelup/go-api/internal/sync/skill_rating_loaders.go:121.2,124.16 3 0
levelup/go-api/internal/sync/skill_rating_loaders.go:124.16,126.3 1 0
levelup/go-api/internal/sync/skill_rating_loaders.go:127.2,129.18 2 0
levelup/go-api/internal/sync/skill_rating_loaders.go:129.18,132.83 3 0
levelup/go-api/internal/sync/skill_rating_loaders.go:132.83,133.12 1 0
levelup/go-api/internal/sync/skill_rating_loaders.go:135.3,135.19 1 0
levelup/go-api/internal/sync/skill_rating_loaders.go:135.19,138.4 2 0
levelup/go-api/internal/sync/skill_rating_loaders.go:139.3,139.51 1 0
levelup/go-api/internal/sync/skill_rating_loaders.go:141.2,141.27 1 0
levelup/go-api/internal/sync/skill_rating_loaders.go:144.81,147.16 3 0
levelup/go-api/internal/sync/skill_rating_loaders.go:147.16,149.3 1 0
levelup/go-api/internal/sync/skill_rating_loaders.go:150.2,151.18 2 0
levelup/go-api/internal/sync/skill_rating_loaders.go:151.18,153.29 2 0
levelup/go-api/internal/sync/skill_rating_loaders.go:153.29,155.4 1 0
levelup/go-api/internal/sync/skill_rating_loaders.go:157.2,157.15 1 0
levelup/go-api/internal/sync/skill_rating_loaders.go:160.71,173.16 3 0
levelup/go-api/internal/sync/skill_rating_loaders.go:173.16,175.3 1 0
levelup/go-api/internal/sync/skill_rating_loaders.go:176.2,177.18 2 0
levelup/go-api/internal/sync/skill_rating_loaders.go:177.18,180.38 3 0
levelup/go-api/internal/sync/skill_rating_loaders.go:180.38,181.12 1 0
levelup/go-api/internal/sync/skill_rating_loaders.go:183.3,184.15 2 0
levelup/go-api/internal/sync/skill_rating_loaders.go:184.15,186.4 1 0
levelup/go-api/internal/sync/skill_rating_loaders.go:187.3,187.15 1 0
levelup/go-api/internal/sync/skill_rating_loaders.go:187.15,189.4 1 0
levelup/go-api/internal/sync/skill_rating_loaders.go:190.3,190.17 1 0
levelup/go-api/internal/sync/skill_rating_loaders.go:192.2,192.15 1 0
levelup/go-api/internal/sync/skill_rating_loaders.go:200.16,203.33 3 0
levelup/go-api/internal/sync/skill_rating_loaders.go:203.33,205.3 1 0
levelup/go-api/internal/sync/skill_rating_loaders.go:207.2,208.28 2 0
levelup/go-api/internal/sync/skill_rating_loaders.go:208.28,209.29 1 0
levelup/go-api/internal/sync/skill_rating_loaders.go:209.29,210.12 1 0
levelup/go-api/internal/sync/skill_rating_loaders.go:212.3,212.30 1 0
levelup/go-api/internal/sync/skill_rating_loaders.go:212.30,213.12 1 0
levelup/go-api/internal/sync/skill_rating_loaders.go:216.3,218.50 3 0
levelup/go-api/internal/sync/skill_rating_loaders.go:218.50,220.41 2 0
levelup/go-api/internal/sync/skill_rating_loaders.go:220.41,221.21 1 0
levelup/go-api/internal/sync/skill_rating_loaders.go:221.21,223.6 1 0
levelup/go-api/internal/sync/skill_rating_loaders.go:223.11,225.6 1 0
levelup/go-api/internal/sync/skill_rating_loaders.go:226.5,226.34 1 0
levelup/go-api/internal/sync/skill_rating_loaders.go:228.4,228.21 1 0
levelup/go-api/internal/sync/skill_rating_loaders.go:230.3,234.18 4 0
levelup/go-api/internal/sync/skill_rating_loaders.go:234.18,239.4 4 0
levelup/go-api/internal/sync/skill_rating_loaders.go:241.3,261.17 2 0
levelup/go-api/internal/sync/skill_rating_loaders.go:261.17,262.12 1 0
levelup/go-api/internal/sync/skill_rating_loaders.go:264.3,264.12 1 0
levelup/go-api/internal/sync/skill_rating_loaders.go:266.2,266.21 1 0
levelup/go-api/internal/sync/skill_rating_loaders.go:271.77,273.33 2 0
levelup/go-api/internal/sync/skill_rating_loaders.go:273.33,274.26 1 0
levelup/go-api/internal/sync/skill_rating_loaders.go:274.26,276.4 1 0
levelup/go-api/internal/sync/skill_rating_loaders.go:278.2,278.24 1 0
levelup/go-api/internal/sync/skill_rating_loaders.go:278.24,280.3 1 0
levelup/go-api/internal/sync/skill_rating_loaders.go:281.2,283.29 3 0
levelup/go-api/internal/sync/skill_rating_loaders.go:283.29,285.3 1 0
levelup/go-api/internal/sync/skill_rating_loaders.go:286.2,287.23 2 0
levelup/go-api/internal/sync/skill_rating_loaders.go:287.23,289.3 1 0
levelup/go-api/internal/sync/skill_rating_loaders.go:290.2,291.29 2 0
levelup/go-api/internal/sync/skill_rating_loaders.go:291.29,293.3 1 0
levelup/go-api/internal/sync/skill_rating_loaders.go:294.2,296.14 3 0
levelup/go-api/internal/sync/skill_rating_loaders.go:296.14,298.3 1 0
levelup/go-api/internal/sync/skill_rating_loaders.go:299.2,299.17 1 0
levelup/go-api/internal/sync/skill_rating_loaders.go:302.100,304.25 2 0
levelup/go-api/internal/sync/skill_rating_loaders.go:304.25,305.34 1 0
levelup/go-api/internal/sync/skill_rating_loaders.go:305.34,306.27 1 0
levelup/go-api/internal/sync/skill_rating_loaders.go:306.27,308.5 1 0
levelup/go-api/internal/sync/skill_rating_loaders.go:310.3,310.31 1 0
levelup/go-api/internal/sync/skill_rating_loaders.go:312.2,312.33 1 0
levelup/go-api/internal/sync/skill_rating_loaders.go:312.33,313.52 1 0
levelup/go-api/internal/sync/skill_rating_loaders.go:313.52,314.27 1 0
levelup/go-api/internal/sync/skill_rating_loaders.go:314.27,316.5 1 0
levelup/go-api/internal/sync/skill_rating_loaders.go:317.9,318.27 1 0
levelup/go-api/internal/sync/skill_rating_loaders.go:318.27,320.5 1 0
levelup/go-api/internal/sync/skill_rating_loaders.go:323.2,323.30 1 0
levelup/go-api/internal/sync/transforms.go:90.90,92.19 2 0
levelup/go-api/internal/sync/transforms.go:92.19,94.3 1 0
levelup/go-api/internal/sync/transforms.go:96.2,97.9 2 0
levelup/go-api/internal/sync/transforms.go:97.9,99.3 1 0
levelup/go-api/internal/sync/transforms.go:101.2,102.16 2 0
levelup/go-api/internal/sync/transforms.go:102.16,104.3 1 0
levelup/go-api/internal/sync/transforms.go:106.2,132.25 16 0
levelup/go-api/internal/sync/transforms.go:132.25,134.3 1 0
levelup/go-api/internal/sync/transforms.go:137.2,141.71 3 0
levelup/go-api/internal/sync/transforms.go:141.71,143.3 1 0
levelup/go-api/internal/sync/transforms.go:143.8,143.39 1 0
levelup/go-api/internal/sync/transforms.go:143.39,146.3 2 0
levelup/go-api/internal/sync/transforms.go:149.2,149.70 1 0
levelup/go-api/internal/sync/transforms.go:149.70,151.21 2 0
levelup/go-api/internal/sync/transforms.go:151.21,154.4 2 0
levelup/go-api/internal/sync/transforms.go:158.2,162.17 4 0
levelup/go-api/internal/sync/transforms.go:171.69,173.19 2 0
levelup/go-api/internal/sync/transforms.go:173.19,175.3 1 0
levelup/go-api/internal/sync/transforms.go:177.2,181.28 4 0
levelup/go-api/internal/sync/transforms.go:181.28,183.10 2 0
levelup/go-api/internal/sync/transforms.go:183.10,184.12 1 0
levelup/go-api/internal/sync/transforms.go:186.3,187.31 2 0
levelup/go-api/internal/sync/transforms.go:187.31,188.12 1 0
levelup/go-api/internal/sync/transforms.go:190.3,198.50 3 0
levelup/go-api/internal/sync/transforms.go:198.50,201.4 2 0
levelup/go-api/internal/sync/transforms.go:202.3,202.47 1 0
levelup/go-api/internal/sync/transforms.go:202.47,205.4 2 0
levelup/go-api/internal/sync/transforms.go:206.3,206.44 1 0
levelup/go-api/internal/sync/transforms.go:206.44,209.4 2 0
levelup/go-api/internal/sync/transforms.go:212.3,213.18 2 0
levelup/go-api/internal/sync/transforms.go:213.18,226.67 11 0
levelup/go-api/internal/sync/transforms.go:226.67,228.15 2 0
levelup/go-api/internal/sync/transforms.go:228.15,230.6 1 0
levelup/go-api/internal/sync/transforms.go:231.5,232.19 2 0
levelup/go-api/internal/sync/transforms.go:236.4,236.75 1 0
levelup/go-api/internal/sync/transforms.go:236.75,239.5 2 0
levelup/go-api/internal/sync/transforms.go:243.3,244.15 2 0
levelup/go-api/internal/sync/transforms.go:244.15,246.4 1 0
levelup/go-api/internal/sync/transforms.go:247.3,247.15 1 0
levelup/go-api/internal/sync/transforms.go:247.15,249.4 1 0
levelup/go-api/internal/sync/transforms.go:252.3,252.91 1 0
levelup/go-api/internal/sync/transforms.go:252.91,254.4 1 0
levelup/go-api/internal/sync/transforms.go:256.3,256.27 1 0
levelup/go-api/internal/sync/transforms.go:258.2,258.13 1 0
levelup/go-api/internal/sync/transforms.go:267.57,269.19 2 0
levelup/go-api/internal/sync/transforms.go:269.19,271.3 1 0
levelup/go-api/internal/sync/transforms.go:273.2,276.28 3 0
levelup/go-api/internal/sync/transforms.go:276.28,278.10 2 0
levelup/go-api/internal/sync/transforms.go:278.10,279.12 1 0
levelup/go-api/internal/sync/transforms.go:281.3,282.17 2 0
levelup/go-api/internal/sync/transforms.go:282.17,283.12 1 0
levelup/go-api/internal/sync/transforms.go:285.3,286.18 2 0
levelup/go-api/internal/sync/transforms.go:286.18,287.12 1 0
levelup/go-api/internal/sync/transforms.go:289.3,290.28 2 0
levelup/go-api/internal/sync/transforms.go:290.28,292.11 2 0
levelup/go-api/internal/sync/transforms.go:292.11,293.13 1 0
levelup/go-api/internal/sync/transforms.go:295.4,297.33 3 0
levelup/go-api/internal/sync/transforms.go:297.33,298.13 1 0
levelup/go-api/internal/sync/transforms.go:300.4,305.6 1 0
levelup/go-api/internal/sync/transforms.go:308.2,308.13 1 0
levelup/go-api/internal/sync/transforms_helpers.go:30.42,31.59 1 1
levelup/go-api/internal/sync/transforms_helpers.go:31.59,33.3 1 1
levelup/go-api/internal/sync/transforms_helpers.go:34.2,34.11 1 1
levelup/go-api/internal/sync/transforms_helpers.go:38.66,40.16 2 1
levelup/go-api/internal/sync/transforms_helpers.go:40.16,42.3 1 1
levelup/go-api/internal/sync/transforms_helpers.go:43.2,44.11 2 1
levelup/go-api/internal/sync/transforms_helpers.go:48.69,50.16 2 1
levelup/go-api/internal/sync/transforms_helpers.go:50.16,52.3 1 0
levelup/go-api/internal/sync/transforms_helpers.go:53.2,54.13 2 1
levelup/go-api/internal/sync/transforms_helpers.go:58.58,60.25 2 0
levelup/go-api/internal/sync/transforms_helpers.go:60.25,62.10 2 0
levelup/go-api/internal/sync/transforms_helpers.go:62.10,63.12 1 0
levelup/go-api/internal/sync/transforms_helpers.go:65.3,66.19 2 0
levelup/go-api/internal/sync/transforms_helpers.go:66.19,67.12 1 0
levelup/go-api/internal/sync/transforms_helpers.go:69.3,70.18 2 0
levelup/go-api/internal/sync/transforms_helpers.go:70.18,72.4 1 0
levelup/go-api/internal/sync/transforms_helpers.go:74.2,74.12 1 0
levelup/go-api/internal/sync/transforms_helpers.go:79.54,81.21 2 0
levelup/go-api/internal/sync/transforms_helpers.go:81.21,83.3 1 0
levelup/go-api/internal/sync/transforms_helpers.go:84.2,85.55 2 0
levelup/go-api/internal/sync/transforms_helpers.go:85.55,87.3 1 0
levelup/go-api/internal/sync/transforms_helpers.go:88.2,88.46 1 0
levelup/go-api/internal/sync/transforms_helpers.go:88.46,89.26 1 0
levelup/go-api/internal/sync/transforms_helpers.go:89.26,90.65 1 0
levelup/go-api/internal/sync/transforms_helpers.go:90.65,92.5 1 0
levelup/go-api/internal/sync/transforms_helpers.go:95.2,95.14 1 0
levelup/go-api/internal/sync/transforms_helpers.go:100.54,102.63 1 0
levelup/go-api/internal/sync/transforms_helpers.go:102.63,104.30 2 0
levelup/go-api/internal/sync/transforms_helpers.go:104.30,106.4 1 0
levelup/go-api/internal/sync/transforms_helpers.go:108.2,108.64 1 0
levelup/go-api/internal/sync/transforms_helpers.go:108.64,110.59 2 0
levelup/go-api/internal/sync/transforms_helpers.go:110.59,112.4 1 0
levelup/go-api/internal/sync/transforms_helpers.go:114.2,114.14 1 0
levelup/go-api/internal/sync/transforms_helpers.go:119.52,121.9 2 1
levelup/go-api/internal/sync/transforms_helpers.go:122.41,123.18 1 1
levelup/go-api/internal/sync/transforms_helpers.go:124.44,125.21 1 1
levelup/go-api/internal/sync/transforms_helpers.go:126.116,127.15 1 1
levelup/go-api/internal/sync/transforms_helpers.go:128.41,129.18 1 1
levelup/go-api/internal/sync/transforms_helpers.go:130.43,131.20 1 1
levelup/go-api/internal/sync/transforms_helpers.go:132.10,133.17 1 1
levelup/go-api/internal/sync/transforms_helpers.go:139.67,142.26 3 0
levelup/go-api/internal/sync/transforms_helpers.go:142.26,144.10 2 0
levelup/go-api/internal/sync/transforms_helpers.go:144.10,145.12 1 0
levelup/go-api/internal/sync/transforms_helpers.go:147.3,149.19 3 0
levelup/go-api/internal/sync/transforms_helpers.go:149.19,150.12 1 0
levelup/go-api/internal/sync/transforms_helpers.go:152.3,153.18 2 0
levelup/go-api/internal/sync/transforms_helpers.go:153.18,154.12 1 0
levelup/go-api/internal/sync/transforms_helpers.go:156.3,157.21 2 0
levelup/go-api/internal/sync/transforms_helpers.go:159.2,159.22 1 0
levelup/go-api/internal/sync/transforms_helpers.go:159.22,161.3 1 0
levelup/go-api/internal/sync/transforms_helpers.go:162.2,165.9 4 0
levelup/go-api/internal/sync/transforms_helpers.go:165.9,167.3 1 0
levelup/go-api/internal/sync/transforms_helpers.go:168.2,168.9 1 0
levelup/go-api/internal/sync/transforms_helpers.go:168.9,170.3 1 0
levelup/go-api/internal/sync/transforms_helpers.go:171.2,171.15 1 0
levelup/go-api/internal/sync/transforms_helpers.go:176.37,177.13 1 1
levelup/go-api/internal/sync/transforms_helpers.go:177.13,179.3 1 1
levelup/go-api/internal/sync/transforms_helpers.go:180.2,181.14 2 1
levelup/go-api/internal/sync/transforms_helpers.go:181.14,183.3 1 1
levelup/go-api/internal/sync/transforms_helpers.go:184.2,185.16 2 1
levelup/go-api/internal/sync/transforms_helpers.go:185.16,188.3 2 1
levelup/go-api/internal/sync/transforms_helpers.go:189.2,189.16 1 1
levelup/go-api/internal/sync/transforms_helpers.go:189.16,192.3 2 1
levelup/go-api/internal/sync/transforms_helpers.go:193.2,193.16 1 1
levelup/go-api/internal/sync/transforms_helpers.go:193.16,196.3 2 1
levelup/go-api/internal/sync/transforms_helpers.go:197.2,197.15 1 1
levelup/go-api/internal/sync/transforms_helpers.go:201.44,202.13 1 1
levelup/go-api/internal/sync/transforms_helpers.go:202.13,204.3 1 1
levelup/go-api/internal/sync/transforms_helpers.go:205.2,211.28 2 1
levelup/go-api/internal/sync/transforms_helpers.go:211.28,212.45 1 1
levelup/go-api/internal/sync/transforms_helpers.go:212.45,214.4 1 1
levelup/go-api/internal/sync/transforms_helpers.go:216.2,216.72 1 0
levelup/go-api/internal/sync/transforms_helpers.go:223.29,224.14 1 0
levelup/go-api/internal/sync/transforms_helpers.go:224.14,226.3 1 0
levelup/go-api/internal/sync/transforms_helpers.go:227.2,228.10 2 0
levelup/go-api/internal/sync/transforms_helpers.go:231.31,232.13 1 0
levelup/go-api/internal/sync/transforms_helpers.go:232.13,234.3 1 0
levelup/go-api/internal/sync/transforms_helpers.go:235.2,235.11 1 0
levelup/go-api/internal/sync/transforms_helpers.go:238.43,239.26 1 0
levelup/go-api/internal/sync/transforms_helpers.go:239.26,241.3 1 0
levelup/go-api/internal/sync/transforms_helpers.go:242.2,242.10 1 0
levelup/go-api/internal/sync/transforms_helpers.go:245.52,247.9 2 0
levelup/go-api/internal/sync/transforms_helpers.go:247.9,249.3 1 0
levelup/go-api/internal/sync/transforms_helpers.go:250.2,251.11 2 0
levelup/go-api/internal/sync/transforms_helpers.go:254.58,256.9 2 0
levelup/go-api/internal/sync/transforms_helpers.go:256.9,258.3 1 0
levelup/go-api/internal/sync/transforms_helpers.go:259.2,259.11 1 0
levelup/go-api/internal/sync/transforms_helpers.go:262.48,265.2 2 0
levelup/go-api/internal/sync/transforms_helpers.go:267.52,270.2 2 0
levelup/go-api/internal/sync/transforms_helpers.go:273.42,275.2 1 1
levelup/go-api/internal/sync/writes.go:20.72,57.16 3 0
levelup/go-api/internal/sync/writes.go:57.16,59.3 1 0
levelup/go-api/internal/sync/writes.go:60.2,60.12 1 0
levelup/go-api/internal/sync/writes.go:65.66,66.20 1 0
levelup/go-api/internal/sync/writes.go:66.20,68.3 1 0
levelup/go-api/internal/sync/writes.go:69.2,70.27 2 0
levelup/go-api/internal/sync/writes.go:70.27,95.17 2 0
levelup/go-api/internal/sync/writes.go:95.17,97.4 1 0
levelup/go-api/internal/sync/writes.go:99.2,99.12 1 0
levelup/go-api/internal/sync/writes.go:104.54,105.20 1 0
levelup/go-api/internal/sync/writes.go:105.20,107.3 1 0
levelup/go-api/internal/sync/writes.go:108.2,109.27 2 0
levelup/go-api/internal/sync/writes.go:109.27,115.17 2 0
levelup/go-api/internal/sync/writes.go:115.17,117.4 1 0
levelup/go-api/internal/sync/writes.go:119.2,119.12 1 0
levelup/go-api/internal/sync/writes.go:124.63,125.34 1 0
levelup/go-api/internal/sync/writes.go:125.34,127.3 1 0
levelup/go-api/internal/sync/writes.go:128.2,138.16 3 0
levelup/go-api/internal/sync/writes.go:138.16,140.3 1 0
levelup/go-api/internal/sync/writes.go:141.2,141.12 1 0
levelup/go-api/internal/sync/writes.go:150.77,161.16 3 0
levelup/go-api/internal/sync/writes.go:161.16,163.3 1 0
levelup/go-api/internal/sync/writes.go:164.2,164.12 1 0
levelup/go-api/internal/sync/writes.go:169.55,176.16 3 0
levelup/go-api/internal/sync/writes.go:176.16,178.3 1 0
levelup/go-api/internal/sync/writes.go:179.2,179.12 1 0
levelup/go-api/internal/sync/writes.go:183.32,184.13 1 0
levelup/go-api/internal/sync/writes.go:184.13,186.3 1 0
levelup/go-api/internal/sync/writes.go:187.2,187.11 1 0
levelup/go-api/internal/sync/writes.go:196.87,198.16 2 0
levelup/go-api/internal/sync/writes.go:198.16,200.3 1 0
levelup/go-api/internal/sync/writes.go:201.2,203.110 2 0
levelup/go-api/internal/sync/writes.go:203.110,205.3 1 0
levelup/go-api/internal/sync/writes.go:207.2,207.26 1 0
levelup/go-api/internal/sync/writes.go:207.26,217.17 1 0
levelup/go-api/internal/sync/writes.go:217.17,219.4 1 0
levelup/go-api/internal/sync/writes.go:221.2,221.20 1 0
levelup/go-api/internal/sync/writes.go:239.73,241.12 2 0
levelup/go-api/internal/sync/writes.go:241.12,243.3 1 0
levelup/go-api/internal/sync/writes.go:244.2,248.16 2 0
levelup/go-api/internal/sync/writes.go:248.16,250.3 1 0
levelup/go-api/internal/sync/writes.go:251.2,251.12 1 0
levelup/go-api/internal/platform/auth/attempt_store.go:54.38,59.2 1 1
levelup/go-api/internal/platform/auth/attempt_store.go:64.71,68.42 3 1
levelup/go-api/internal/platform/auth/attempt_store.go:68.42,69.61 1 1
levelup/go-api/internal/platform/auth/attempt_store.go:69.61,71.4 1 1
levelup/go-api/internal/platform/auth/attempt_store.go:74.2,82.16 4 1
levelup/go-api/internal/platform/auth/attempt_store.go:87.66,91.37 4 1
levelup/go-api/internal/platform/auth/attempt_store.go:91.37,93.3 1 1
levelup/go-api/internal/platform/auth/attempt_store.go:94.2,94.10 1 1
levelup/go-api/internal/platform/auth/attempt_store.go:98.68,101.40 3 1
levelup/go-api/internal/platform/auth/attempt_store.go:101.40,103.3 1 1
levelup/go-api/internal/platform/auth/attempt_store.go:107.60,111.9 4 1
levelup/go-api/internal/platform/auth/attempt_store.go:111.9,113.3 1 1
levelup/go-api/internal/platform/auth/attempt_store.go:114.2,115.14 2 1
levelup/go-api/internal/platform/auth/halo_exchange.go:46.92,51.16 3 0
levelup/go-api/internal/platform/auth/halo_exchange.go:51.16,53.3 1 0
levelup/go-api/internal/platform/auth/halo_exchange.go:56.2,57.16 2 0
levelup/go-api/internal/platform/auth/halo_exchange.go:57.16,59.3 1 0
levelup/go-api/internal/platform/auth/halo_exchange.go:62.2,63.16 2 0
levelup/go-api/internal/platform/auth/halo_exchange.go:63.16,65.3 1 0
levelup/go-api/internal/platform/auth/halo_exchange.go:68.2,69.16 2 0
levelup/go-api/internal/platform/auth/halo_exchange.go:69.16,71.3 1 0
levelup/go-api/internal/platform/auth/halo_exchange.go:73.2,80.8 1 0
levelup/go-api/internal/platform/auth/halo_exchange.go:88.101,101.16 3 1
levelup/go-api/internal/platform/auth/halo_exchange.go:101.16,103.3 1 0
levelup/go-api/internal/platform/auth/halo_exchange.go:104.2,105.24 2 1
levelup/go-api/internal/platform/auth/halo_exchange.go:105.24,107.3 1 1
levelup/go-api/internal/platform/auth/halo_exchange.go:108.2,108.19 1 1
levelup/go-api/internal/platform/auth/halo_exchange.go:113.129,125.16 3 1
levelup/go-api/internal/platform/auth/halo_exchange.go:125.16,127.3 1 0
levelup/go-api/internal/platform/auth/halo_exchange.go:128.2,129.24 2 1
levelup/go-api/internal/platform/auth/halo_exchange.go:129.24,131.3 1 1
levelup/go-api/internal/platform/auth/halo_exchange.go:134.2,135.35 2 1
levelup/go-api/internal/platform/auth/halo_exchange.go:139.65,141.9 2 1
levelup/go-api/internal/platform/auth/halo_exchange.go:141.9,143.3 1 1
levelup/go-api/internal/platform/auth/halo_exchange.go:144.2,145.29 2 1
levelup/go-api/internal/platform/auth/halo_exchange.go:145.29,147.3 1 1
levelup/go-api/internal/platform/auth/halo_exchange.go:148.2,149.9 2 1
levelup/go-api/internal/platform/auth/halo_exchange.go:149.9,151.3 1 0
levelup/go-api/internal/platform/auth/halo_exchange.go:152.2,154.23 3 1
levelup/go-api/internal/platform/auth/halo_exchange.go:158.102,169.16 3 1
levelup/go-api/internal/platform/auth/halo_exchange.go:169.16,171.3 1 0
levelup/go-api/internal/platform/auth/halo_exchange.go:172.2,173.24 2 1
levelup/go-api/internal/platform/auth/halo_exchange.go:173.24,175.3 1 1
levelup/go-api/internal/platform/auth/halo_exchange.go:176.2,176.19 1 1
levelup/go-api/internal/platform/auth/halo_exchange.go:180.107,182.16 2 1
levelup/go-api/internal/platform/auth/halo_exchange.go:182.16,184.3 1 0
levelup/go-api/internal/platform/auth/halo_exchange.go:185.2,189.16 4 1
levelup/go-api/internal/platform/auth/halo_exchange.go:189.16,191.3 1 0
levelup/go-api/internal/platform/auth/halo_exchange.go:192.2,194.38 2 1
levelup/go-api/internal/platform/auth/halo_exchange.go:194.38,196.3 1 1
levelup/go-api/internal/platform/auth/halo_exchange.go:198.2,199.65 2 1
levelup/go-api/internal/platform/auth/halo_exchange.go:199.65,201.3 1 0
levelup/go-api/internal/platform/auth/halo_exchange.go:203.2,204.24 2 1
levelup/go-api/internal/platform/auth/halo_exchange.go:204.24,206.3 1 1
levelup/go-api/internal/platform/auth/halo_exchange.go:207.2,207.19 1 1
levelup/go-api/internal/platform/auth/halo_exchange.go:215.130,217.16 2 1
levelup/go-api/internal/platform/auth/halo_exchange.go:217.16,219.3 1 0
levelup/go-api/internal/platform/auth/halo_exchange.go:220.2,221.16 2 1
levelup/go-api/internal/platform/auth/halo_exchange.go:221.16,223.3 1 0
levelup/go-api/internal/platform/auth/halo_exchange.go:224.2,225.28 2 1
levelup/go-api/internal/platform/auth/halo_exchange.go:225.28,227.3 1 1
levelup/go-api/internal/platform/auth/halo_exchange.go:229.2,230.16 2 1
levelup/go-api/internal/platform/auth/halo_exchange.go:230.16,232.3 1 0
levelup/go-api/internal/platform/auth/halo_exchange.go:233.2,236.16 3 1
levelup/go-api/internal/platform/auth/halo_exchange.go:236.16,238.3 1 0
levelup/go-api/internal/platform/auth/halo_exchange.go:239.2,239.53 1 1
levelup/go-api/internal/platform/auth/halo_exchange.go:239.53,241.3 1 1
levelup/go-api/internal/platform/auth/halo_exchange.go:243.2,244.51 2 1
levelup/go-api/internal/platform/auth/halo_exchange.go:244.51,246.3 1 1
levelup/go-api/internal/platform/auth/halo_exchange.go:247.2,247.18 1 1
levelup/go-api/internal/platform/auth/msal_client.go:54.76,56.16 2 0
levelup/go-api/internal/platform/auth/msal_client.go:56.16,58.3 1 0
levelup/go-api/internal/platform/auth/msal_client.go:59.2,59.32 1 0
levelup/go-api/internal/platform/auth/msal_client.go:64.102,68.26 2 0
levelup/go-api/internal/platform/auth/msal_client.go:68.26,70.3 1 0
levelup/go-api/internal/platform/auth/msal_client.go:72.2,73.16 2 0
levelup/go-api/internal/platform/auth/msal_client.go:73.16,75.3 1 0
levelup/go-api/internal/platform/auth/msal_client.go:77.2,78.16 2 0
levelup/go-api/internal/platform/auth/msal_client.go:78.16,80.3 1 0
levelup/go-api/internal/platform/auth/msal_client.go:82.2,83.19 2 0
levelup/go-api/internal/platform/auth/msal_client.go:83.19,85.3 1 0
levelup/go-api/internal/platform/auth/msal_client.go:87.2,93.8 1 0
levelup/go-api/internal/platform/auth/msal_client.go:98.97,102.26 2 0
levelup/go-api/internal/platform/auth/msal_client.go:102.26,104.3 1 0
levelup/go-api/internal/platform/auth/msal_client.go:106.2,107.16 2 0
levelup/go-api/internal/platform/auth/msal_client.go:107.16,109.3 1 0
levelup/go-api/internal/platform/auth/msal_client.go:111.2,112.38 2 0
levelup/go-api/internal/platform/auth/msal_client.go:112.38,114.3 1 0
levelup/go-api/internal/platform/auth/msal_client.go:116.2,117.16 2 0
levelup/go-api/internal/platform/auth/msal_client.go:117.16,119.3 1 0
levelup/go-api/internal/platform/auth/msal_client.go:120.2,120.32 1 0
levelup/go-api/internal/platform/auth/msal_client.go:135.115,138.22 3 1
levelup/go-api/internal/platform/auth/msal_client.go:138.22,140.3 1 1
levelup/go-api/internal/platform/auth/msal_client.go:141.2,141.28 1 1
levelup/go-api/internal/platform/auth/msal_client.go:145.111,147.16 2 1
levelup/go-api/internal/platform/auth/msal_client.go:147.16,149.3 1 0
levelup/go-api/internal/platform/auth/msal_client.go:150.2,153.12 4 1
levelup/go-api/internal/platform/auth/msal_client.go:157.61,160.22 3 1
levelup/go-api/internal/platform/auth/msal_client.go:160.22,162.3 1 1
levelup/go-api/internal/platform/auth/msal_client.go:163.2,164.53 2 1
levelup/go-api/internal/platform/auth/msal_client.go:164.53,166.3 1 0
levelup/go-api/internal/platform/auth/msal_client.go:167.2,167.28 1 1
levelup/go-api/internal/api/middleware/contract_validate.go:28.55,29.22 1 1
levelup/go-api/internal/api/middleware/contract_validate.go:29.22,31.3 1 1
levelup/go-api/internal/api/middleware/contract_validate.go:32.2,32.71 1 0
levelup/go-api/internal/api/middleware/contract_validate.go:32.71,41.49 3 0
levelup/go-api/internal/api/middleware/contract_validate.go:41.49,43.4 1 0
levelup/go-api/internal/api/middleware/contract_validate.go:45.3,46.52 2 0
levelup/go-api/internal/api/middleware/contract_validate.go:46.52,53.4 1 0
levelup/go-api/internal/api/middleware/contract_validate.go:55.3,56.21 2 0
levelup/go-api/internal/api/middleware/contract_validate.go:56.21,58.4 1 0
levelup/go-api/internal/api/middleware/contract_validate.go:60.3,61.55 2 0
levelup/go-api/internal/api/middleware/contract_validate.go:61.55,69.4 2 0
levelup/go-api/internal/api/middleware/contract_validate.go:72.3,72.23 1 0
levelup/go-api/internal/api/middleware/contract_validate.go:72.23,74.4 1 0
levelup/go-api/internal/api/middleware/contract_validate.go:79.66,81.9 2 1
levelup/go-api/internal/api/middleware/contract_validate.go:81.9,88.3 2 1
levelup/go-api/internal/api/middleware/contract_validate.go:89.2,90.65 2 1
levelup/go-api/internal/api/middleware/contract_validate.go:90.65,91.37 1 1
levelup/go-api/internal/api/middleware/contract_validate.go:91.37,93.4 1 1
levelup/go-api/internal/api/middleware/contract_validate.go:95.2,95.22 1 1
levelup/go-api/internal/api/middleware/contract_validate.go:95.22,102.3 1 1
levelup/go-api/internal/api/middleware/contract_validate.go:113.57,114.15 1 1
levelup/go-api/internal/api/middleware/contract_validate.go:114.15,117.3 2 1
levelup/go-api/internal/api/middleware/contract_validate.go:118.2,118.37 1 1
levelup/go-api/internal/api/middleware/contract_validate.go:121.64,122.15 1 1
levelup/go-api/internal/api/middleware/contract_validate.go:122.15,125.3 2 1
levelup/go-api/internal/api/middleware/contract_validate.go:126.2,127.35 2 1
levelup/go-api/internal/api/middleware/cors.go:13.68,22.2 1 1
levelup/go-api/internal/api/middleware/csrf.go:16.68,18.35 2 1
levelup/go-api/internal/api/middleware/csrf.go:18.35,20.3 1 1
levelup/go-api/internal/api/middleware/csrf.go:22.2,22.46 1 1
levelup/go-api/internal/api/middleware/csrf.go:22.46,23.72 1 1
levelup/go-api/internal/api/middleware/csrf.go:23.72,24.99 1 1
levelup/go-api/internal/api/middleware/csrf.go:24.99,27.5 2 1
levelup/go-api/internal/api/middleware/csrf.go:29.4,30.20 2 1
levelup/go-api/internal/api/middleware/csrf.go:30.20,32.5 1 1
levelup/go-api/internal/api/middleware/csrf.go:34.4,34.57 1 1
levelup/go-api/internal/api/middleware/csrf.go:34.57,37.5 2 1
levelup/go-api/internal/api/middleware/csrf.go:39.4,39.24 1 1
levelup/go-api/internal/api/middleware/csrf.go:45.42,46.18 1 1
levelup/go-api/internal/api/middleware/csrf.go:46.18,48.3 1 1
levelup/go-api/internal/api/middleware/csrf.go:49.2,50.32 2 1
levelup/go-api/internal/api/middleware/csrf.go:50.32,52.3 1 0
levelup/go-api/internal/api/middleware/csrf.go:53.2,53.34 1 1
levelup/go-api/internal/api/middleware/csrf.go:57.71,61.2 3 1
levelup/go-api/internal/api/middleware/error_tracker.go:51.60,52.29 1 1
levelup/go-api/internal/api/middleware/error_tracker.go:52.29,54.3 1 1
levelup/go-api/internal/api/middleware/error_tracker.go:55.2,55.28 1 1
levelup/go-api/internal/api/middleware/error_tracker.go:55.28,57.3 1 1
levelup/go-api/internal/api/middleware/error_tracker.go:58.2,61.3 1 1
levelup/go-api/internal/api/middleware/error_tracker.go:65.68,66.71 1 1
levelup/go-api/internal/api/middleware/error_tracker.go:66.71,71.24 4 1
levelup/go-api/internal/api/middleware/error_tracker.go:71.24,73.31 2 1
levelup/go-api/internal/api/middleware/error_tracker.go:73.31,75.5 1 0
levelup/go-api/internal/api/middleware/error_tracker.go:78.3,78.19 1 1
levelup/go-api/internal/api/middleware/error_tracker.go:83.39,87.46 3 1
levelup/go-api/internal/api/middleware/error_tracker.go:87.46,89.3 1 1
levelup/go-api/internal/api/middleware/error_tracker.go:92.2,96.47 4 1
levelup/go-api/internal/api/middleware/error_tracker.go:96.47,98.3 1 1
levelup/go-api/internal/api/middleware/error_tracker.go:100.2,101.34 2 1
levelup/go-api/internal/api/middleware/error_tracker.go:101.34,103.57 1 1
levelup/go-api/internal/api/middleware/error_tracker.go:103.57,106.4 2 1
levelup/go-api/internal/api/middleware/error_tracker.go:111.66,114.2 2 1
levelup/go-api/internal/api/middleware/error_tracker.go:117.74,123.2 2 1
levelup/go-api/internal/api/middleware/error_tracker.go:126.61,128.16 2 1
levelup/go-api/internal/api/middleware/error_tracker.go:128.16,131.3 2 0
levelup/go-api/internal/api/middleware/error_tracker.go:133.2,135.16 3 1
levelup/go-api/internal/api/middleware/error_tracker.go:135.16,138.3 2 0
levelup/go-api/internal/api/middleware/error_tracker.go:139.2,142.16 3 1
levelup/go-api/internal/api/middleware/error_tracker.go:142.16,145.3 2 1
levelup/go-api/internal/api/middleware/error_tracker.go:146.2,148.28 2 1
levelup/go-api/internal/api/middleware/error_tracker.go:148.28,150.3 1 1
levelup/go-api/internal/api/middleware/error_tracker.go:154.58,156.2 1 1
levelup/go-api/internal/api/middleware/error_tracker.go:165.51,166.15 1 1
levelup/go-api/internal/api/middleware/error_tracker.go:166.15,169.3 2 1
levelup/go-api/internal/api/middleware/error_tracker.go:170.2,170.37 1 1
levelup/go-api/internal/api/middleware/error_tracker.go:173.58,174.15 1 1
levelup/go-api/internal/api/middleware/error_tracker.go:174.15,177.3 2 1
levelup/go-api/internal/api/middleware/error_tracker.go:178.2,178.35 1 1
levelup/go-api/internal/api/middleware/rate_limit.go:21.63,23.14 2 1
levelup/go-api/internal/api/middleware/rate_limit.go:23.14,25.3 1 1
levelup/go-api/internal/api/middleware/rate_limit.go:26.2,26.51 1 1
levelup/go-api/internal/api/middleware/request_id.go:14.48,15.71 1 1
levelup/go-api/internal/api/middleware/request_id.go:15.71,17.15 2 1
levelup/go-api/internal/api/middleware/request_id.go:17.15,19.4 1 1
levelup/go-api/internal/api/middleware/request_id.go:20.3,21.23 2 1
levelup/go-api/internal/api/middleware/session.go:23.91,24.46 1 1
levelup/go-api/internal/api/middleware/session.go:24.46,25.72 1 1
levelup/go-api/internal/api/middleware/session.go:25.72,30.30 5 1
levelup/go-api/internal/api/middleware/session.go:30.30,32.39 2 1
levelup/go-api/internal/api/middleware/session.go:32.39,34.6 1 1
levelup/go-api/internal/api/middleware/session.go:35.5,35.59 1 1
levelup/go-api/internal/api/middleware/session.go:37.4,37.41 1 1
levelup/go-api/internal/api/middleware/session.go:43.58,45.14 2 1
levelup/go-api/internal/api/middleware/session.go:45.14,47.3 1 1
levelup/go-api/internal/api/middleware/session.go:48.2,48.32 1 1
levelup/go-api/internal/api/middleware/session.go:52.78,54.33 2 1
levelup/go-api/internal/api/middleware/session.go:54.33,55.64 1 1
levelup/go-api/internal/api/middleware/session.go:55.64,56.50 1 1
levelup/go-api/internal/api/middleware/session.go:56.50,58.5 1 1
levelup/go-api/internal/api/middleware/session.go:61.2,61.20 1 1
levelup/go-api/internal/api/middleware/session.go:65.100,76.2 2 1
levelup/go-api/internal/api/middleware/shadow.go:37.63,38.46 1 1
levelup/go-api/internal/api/middleware/shadow.go:38.46,39.72 1 1
levelup/go-api/internal/api/middleware/shadow.go:39.72,40.27 1 1
levelup/go-api/internal/api/middleware/shadow.go:40.27,43.5 2 1
levelup/go-api/internal/api/middleware/shadow.go:46.4,47.45 2 1
levelup/go-api/internal/api/middleware/shadow.go:47.45,52.5 4 0
levelup/go-api/internal/api/middleware/shadow.go:55.4,59.71 3 1
levelup/go-api/internal/api/middleware/shadow.go:70.3,77.16 5 1
levelup/go-api/internal/api/middleware/shadow.go:77.16,80.3 2 0
levelup/go-api/internal/api/middleware/shadow.go:82.2,82.71 1 1
levelup/go-api/internal/api/middleware/shadow.go:82.71,83.36 1 1
levelup/go-api/internal/api/middleware/shadow.go:83.36,85.4 1 0
levelup/go-api/internal/api/middleware/shadow.go:88.2,91.16 4 1
levelup/go-api/internal/api/middleware/shadow.go:91.16,94.3 2 1
levelup/go-api/internal/api/middleware/shadow.go:95.2,98.16 3 1
levelup/go-api/internal/api/middleware/shadow.go:98.16,101.3 2 0
levelup/go-api/internal/api/middleware/shadow.go:104.2,108.12 4 1
levelup/go-api/internal/api/middleware/shadow.go:108.12,120.3 1 1
levelup/go-api/internal/api/middleware/shadow.go:120.8,126.3 1 1
levelup/go-api/internal/api/middleware/shadow.go:137.55,138.21 1 1
levelup/go-api/internal/api/middleware/shadow.go:138.21,141.3 2 1
levelup/go-api/internal/api/middleware/shadow.go:142.2,142.37 1 1
levelup/go-api/internal/api/middleware/shadow.go:145.62,148.2 2 1
levelup/go-api/internal/api/middleware/slog_logger.go:16.49,17.71 1 1
levelup/go-api/internal/api/middleware/slog_logger.go:17.71,33.3 4 1
levelup/go-api/internal/api/middleware/slog_logger.go:44.55,45.21 1 1
levelup/go-api/internal/api/middleware/slog_logger.go:45.21,48.3 2 1
levelup/go-api/internal/api/middleware/slog_logger.go:49.2,49.37 1 1
levelup/go-api/internal/api/middleware/slog_logger.go:52.62,56.2 3 1
levelup/go-api/internal/api/middleware/title.go:19.82,20.46 1 1
levelup/go-api/internal/api/middleware/title.go:20.46,21.72 1 1
levelup/go-api/internal/api/middleware/title.go:21.72,25.4 3 1
levelup/go-api/internal/api/middleware/title.go:30.76,32.51 1 1
levelup/go-api/internal/api/middleware/title.go:32.51,33.25 1 1
levelup/go-api/internal/api/middleware/title.go:33.25,35.4 1 1
levelup/go-api/internal/api/middleware/title.go:39.2,39.50 1 1
levelup/go-api/internal/api/middleware/title.go:39.50,40.76 1 0
levelup/go-api/internal/api/middleware/title.go:40.76,42.4 1 0
levelup/go-api/internal/api/middleware/title.go:46.2,46.29 1 1
levelup/go-api/internal/migration/helpers.go:10.67,16.16 3 0
levelup/go-api/internal/migration/helpers.go:16.16,18.3 1 0
levelup/go-api/internal/migration/helpers.go:19.2,19.23 1 0
levelup/go-api/internal/migration/helpers.go:23.58,29.16 3 0
levelup/go-api/internal/migration/helpers.go:29.16,31.3 1 0
levelup/go-api/internal/migration/helpers.go:32.2,32.23 1 0
levelup/go-api/internal/migration/helpers.go:36.74,38.16 2 0
levelup/go-api/internal/migration/helpers.go:38.16,40.3 1 0
levelup/go-api/internal/migration/helpers.go:41.2,41.12 1 0
levelup/go-api/internal/migration/helpers.go:41.12,43.3 1 0
levelup/go-api/internal/migration/helpers.go:44.2,45.16 2 0
levelup/go-api/internal/migration/helpers.go:45.16,47.54 1 0
levelup/go-api/internal/migration/helpers.go:47.54,49.4 1 0
levelup/go-api/internal/migration/helpers.go:50.3,50.78 1 0
levelup/go-api/internal/migration/helpers.go:52.2,52.12 1 0
levelup/go-api/internal/migration/helpers.go:56.52,60.52 2 0
levelup/go-api/internal/migration/helpers.go:60.52,62.3 1 0
levelup/go-api/internal/migration/helpers.go:63.2,63.12 1 0
levelup/go-api/internal/migration/helpers.go:67.50,68.40 1 0
levelup/go-api/internal/migration/helpers.go:68.40,69.42 1 0
levelup/go-api/internal/migration/helpers.go:69.42,71.4 1 0
levelup/go-api/internal/migration/helpers.go:73.2,73.12 1 0
levelup/go-api/internal/migration/helpers.go:77.39,80.35 3 0
levelup/go-api/internal/migration/helpers.go:80.35,81.23 1 0
levelup/go-api/internal/migration/helpers.go:81.23,83.15 2 0
levelup/go-api/internal/migration/helpers.go:83.15,85.5 1 0
levelup/go-api/internal/migration/helpers.go:86.4,86.15 1 0
levelup/go-api/internal/migration/helpers.go:87.9,89.4 1 0
levelup/go-api/internal/migration/helpers.go:91.2,91.51 1 0
levelup/go-api/internal/migration/helpers.go:91.51,93.3 1 0
levelup/go-api/internal/migration/helpers.go:94.2,94.14 1 0
levelup/go-api/internal/migration/registry.go:38.28,40.2 1 0
levelup/go-api/internal/migration/registry.go:43.24,45.2 1 0
levelup/go-api/internal/migration/registry.go:48.45,50.29 2 0
levelup/go-api/internal/migration/registry.go:50.29,51.27 1 0
levelup/go-api/internal/migration/registry.go:51.27,53.4 1 0
levelup/go-api/internal/migration/registry.go:55.2,55.12 1 0
levelup/go-api/internal/migration/registry.go:65.45,76.2 2 0
levelup/go-api/internal/migration/registry.go:79.64,81.16 2 0
levelup/go-api/internal/migration/registry.go:81.16,83.3 1 0
levelup/go-api/internal/migration/registry.go:84.2,86.18 3 0
levelup/go-api/internal/migration/registry.go:86.18,89.74 3 0
levelup/go-api/internal/migration/registry.go:89.74,91.4 1 0
levelup/go-api/internal/migration/registry.go:92.3,92.20 1 0
levelup/go-api/internal/migration/registry.go:94.2,94.28 1 0
levelup/go-api/internal/migration/registry.go:102.50,103.49 1 0
levelup/go-api/internal/migration/registry.go:103.49,105.3 1 0
levelup/go-api/internal/migration/registry.go:106.2,107.16 2 0
levelup/go-api/internal/migration/registry.go:107.16,109.3 1 0
levelup/go-api/internal/migration/registry.go:111.2,112.31 2 0
levelup/go-api/internal/migration/registry.go:112.31,115.14 2 0
levelup/go-api/internal/migration/registry.go:115.14,118.44 2 0
levelup/go-api/internal/migration/registry.go:118.44,120.5 1 0
levelup/go-api/internal/migration/registry.go:121.4,126.18 2 0
levelup/go-api/internal/migration/registry.go:126.18,128.5 1 0
levelup/go-api/internal/migration/registry.go:129.4,129.72 1 0
levelup/go-api/internal/migration/registry.go:133.3,133.72 1 0
levelup/go-api/internal/migration/registry.go:133.72,134.21 1 0
levelup/go-api/internal/migration/registry.go:134.21,136.13 2 0
levelup/go-api/internal/migration/registry.go:138.4,139.46 2 0
levelup/go-api/internal/migration/registry.go:139.46,141.13 2 0
levelup/go-api/internal/migration/registry.go:143.4,146.18 1 0
levelup/go-api/internal/migration/registry.go:146.18,148.5 1 0
levelup/go-api/internal/migration/registry.go:151.2,151.12 1 0
levelup/go-api/internal/migration/steps_metadata.go:13.13,18.39 1 0
levelup/go-api/internal/migration/steps_metadata.go:18.39,38.4 1 0
levelup/go-api/internal/migration/steps_metadata.go:41.2,45.39 1 0
levelup/go-api/internal/migration/steps_metadata.go:45.39,62.4 1 0
levelup/go-api/internal/migration/steps_metadata.go:65.2,69.39 1 0
levelup/go-api/internal/migration/steps_metadata.go:69.39,102.4 1 0
levelup/go-api/internal/migration/steps_metadata.go:105.2,109.39 1 0
levelup/go-api/internal/migration/steps_metadata.go:109.39,129.4 1 0
levelup/go-api/internal/migration/steps_metadata.go:132.2,136.39 1 0
levelup/go-api/internal/migration/steps_metadata.go:136.39,147.4 1 0
levelup/go-api/internal/migration/steps_metadata.go:150.2,161.39 2 0
levelup/go-api/internal/migration/steps_metadata.go:161.39,166.4 1 0
levelup/go-api/internal/migration/steps_metadata.go:171.42,178.17 1 0
levelup/go-api/internal/migration/steps_metadata.go:178.17,180.3 1 0
levelup/go-api/internal/migration/steps_metadata.go:187.2,237.27 3 0
levelup/go-api/internal/migration/steps_metadata.go:237.27,244.51 2 0
levelup/go-api/internal/migration/steps_metadata.go:244.51,246.4 1 0
levelup/go-api/internal/migration/steps_metadata.go:248.2,248.12 1 0
levelup/go-api/internal/migration/steps_player.go:14.13,19.39 1 0
levelup/go-api/internal/migration/steps_player.go:19.39,72.4 1 0
levelup/go-api/internal/migration/steps_player.go:75.2,79.39 1 0
levelup/go-api/internal/migration/steps_player.go:79.39,81.4 1 0
levelup/go-api/internal/migration/steps_player.go:84.2,95.39 2 0
levelup/go-api/internal/migration/steps_player.go:95.39,115.4 1 0
levelup/go-api/internal/migration/steps_player.go:118.2,122.39 1 0
levelup/go-api/internal/migration/steps_player.go:122.39,124.4 1 0
levelup/go-api/internal/migration/steps_player.go:127.2,131.39 1 0
levelup/go-api/internal/migration/steps_player.go:131.39,134.29 2 0
levelup/go-api/internal/migration/steps_player.go:134.29,136.5 1 0
levelup/go-api/internal/migration/steps_player.go:137.4,137.84 1 0
levelup/go-api/internal/migration/steps_player.go:141.2,145.39 1 0
levelup/go-api/internal/migration/steps_player.go:145.39,148.29 2 0
levelup/go-api/internal/migration/steps_player.go:148.29,150.5 1 0
levelup/go-api/internal/migration/steps_player.go:151.4,161.27 2 0
levelup/go-api/internal/migration/steps_player.go:161.27,162.80 1 0
levelup/go-api/internal/migration/steps_player.go:162.80,164.6 1 0
levelup/go-api/internal/migration/steps_player.go:166.4,166.14 1 0
levelup/go-api/internal/migration/steps_player.go:170.2,174.39 1 0
levelup/go-api/internal/migration/steps_player.go:174.39,176.59 1 0
levelup/go-api/internal/migration/steps_player.go:176.59,185.33 2 0
levelup/go-api/internal/migration/steps_player.go:185.33,187.6 1 0
levelup/go-api/internal/migration/steps_player.go:189.4,190.14 2 0
levelup/go-api/internal/migration/steps_player.go:194.2,198.39 1 0
levelup/go-api/internal/migration/steps_player.go:198.39,200.4 1 0
levelup/go-api/internal/migration/steps_player.go:203.2,207.39 1 0
levelup/go-api/internal/migration/steps_player.go:207.39,234.19 1 0
levelup/go-api/internal/migration/steps_player.go:234.19,236.5 1 0
levelup/go-api/internal/migration/steps_player.go:238.4,242.6 1 0
levelup/go-api/internal/migration/steps_player.go:242.6,244.5 1 0
levelup/go-api/internal/migration/steps_player.go:245.4,245.14 1 0
levelup/go-api/internal/migration/steps_player.go:249.2,260.39 2 0
levelup/go-api/internal/migration/steps_player.go:260.39,262.4 1 0
levelup/go-api/internal/migration/steps_player.go:267.55,273.66 3 0
levelup/go-api/internal/migration/steps_player.go:273.66,277.3 2 0
levelup/go-api/internal/migration/steps_player.go:280.2,281.104 2 0
levelup/go-api/internal/migration/steps_player.go:281.104,295.3 1 0
levelup/go-api/internal/migration/steps_player.go:297.2,313.15 2 0
levelup/go-api/internal/migration/steps_player.go:317.47,319.27 2 0
levelup/go-api/internal/migration/steps_player.go:319.27,321.3 1 0
levelup/go-api/internal/migration/steps_player.go:324.2,328.41 3 0
levelup/go-api/internal/migration/steps_player.go:328.41,330.3 1 0
levelup/go-api/internal/migration/steps_player.go:332.2,344.4 1 0
levelup/go-api/internal/migration/steps_shared.go:11.13,16.39 1 0
levelup/go-api/internal/migration/steps_shared.go:16.39,133.4 1 0
levelup/go-api/internal/migration/steps_shared.go:136.2,140.39 1 0
levelup/go-api/internal/migration/steps_shared.go:140.39,142.4 1 0
levelup/go-api/internal/migration/steps_shared.go:145.2,156.39 2 0
levelup/go-api/internal/migration/steps_shared.go:156.39,187.27 2 0
levelup/go-api/internal/migration/steps_shared.go:187.27,188.87 1 0
levelup/go-api/internal/migration/steps_shared.go:188.87,190.6 1 0
levelup/go-api/internal/migration/steps_shared.go:192.4,192.119 1 0
levelup/go-api/internal/migration/steps_shared.go:196.2,221.39 4 0
levelup/go-api/internal/migration/steps_shared.go:221.39,230.32 2 0
levelup/go-api/internal/migration/steps_shared.go:230.32,232.5 1 0
levelup/go-api/internal/migration/steps_shared.go:233.4,233.14 1 0
levelup/go-api/internal/migration/steps_shared.go:237.2,241.39 1 0
levelup/go-api/internal/migration/steps_shared.go:241.39,242.107 1 0
levelup/go-api/internal/migration/steps_shared.go:242.107,244.5 1 0
levelup/go-api/internal/migration/steps_shared.go:245.4,245.83 1 0
levelup/go-api/internal/migration/steps_shared.go:249.2,260.39 2 0
levelup/go-api/internal/migration/steps_shared.go:260.39,262.4 1 0
levelup/go-api/internal/migration/steps_shared.go:265.2,269.39 1 0
levelup/go-api/internal/migration/steps_shared.go:269.39,270.97 1 0
levelup/go-api/internal/migration/steps_shared.go:270.97,272.5 1 0
levelup/go-api/internal/migration/steps_shared.go:273.4,273.81 1 0
levelup/go-api/internal/migration/steps_shared.go:275.41,290.4 2 0
levelup/go-api/internal/migration/steps_shared.go:293.2,297.39 1 0
levelup/go-api/internal/migration/steps_shared.go:297.39,311.4 1 0
levelup/go-api/internal/migration/steps_shared.go:314.2,318.39 1 0
levelup/go-api/internal/migration/steps_shared.go:318.39,327.4 5 0
levelup/go-api/internal/migration/steps_shared.go:330.2,341.39 2 0
levelup/go-api/internal/migration/steps_shared.go:341.39,347.4 2 0
levelup/go-api/internal/migration/steps_shared.go:350.2,354.39 1 0
levelup/go-api/internal/migration/steps_shared.go:354.39,361.4 2 0
levelup/go-api/internal/migration/steps_shared.go:364.2,375.39 2 0
levelup/go-api/internal/migration/steps_shared.go:375.39,379.4 1 0
levelup/go-api/internal/migration/steps_shared.go:384.58,387.27 2 0
levelup/go-api/internal/migration/steps_shared.go:387.27,402.3 1 0
levelup/go-api/internal/migration/steps_shared.go:404.2,408.66 3 0
levelup/go-api/internal/migration/steps_shared.go:408.66,410.3 1 0
levelup/go-api/internal/migration/steps_shared.go:412.2,432.15 4 0
levelup/go-api/internal/migration/steps_shared.go:436.42,442.40 3 0
levelup/go-api/internal/migration/steps_shared.go:442.40,444.3 1 0
levelup/go-api/internal/migration/steps_shared.go:446.2,458.4 1 0
levelup/go-api/internal/migration/steps_shared.go:462.57,464.27 2 0
levelup/go-api/internal/migration/steps_shared.go:464.27,466.3 1 0
levelup/go-api/internal/migration/steps_shared.go:468.2,485.4 1 0
levelup/go-api/internal/migration/steps_shared.go:489.45,514.65 3 0
levelup/go-api/internal/migration/steps_shared.go:514.65,525.3 1 0
levelup/go-api/internal/migration/steps_shared.go:528.2,528.58 1 0
levelup/go-api/internal/migration/steps_shared.go:528.58,534.3 1 0
levelup/go-api/internal/migration/steps_shared.go:536.2,536.12 1 0
levelup/go-api/internal/migration/steps_shared.go:540.49,596.2 2 0
levelup/go-api/internal/migration/steps_shared_pve.go:7.13,12.39 1 0
levelup/go-api/internal/migration/steps_shared_pve.go:12.39,37.4 1 0
levelup/go-api/internal/platform/duckdb/bootstrap_repo.go:18.64,20.2 1 0
levelup/go-api/internal/platform/duckdb/bootstrap_repo.go:23.73,29.16 5 0
levelup/go-api/internal/platform/duckdb/bootstrap_repo.go:29.16,31.3 1 0
levelup/go-api/internal/platform/duckdb/bootstrap_repo.go:32.2,32.19 1 0
levelup/go-api/internal/platform/duckdb/bootstrap_repo.go:36.75,42.16 5 0
levelup/go-api/internal/platform/duckdb/bootstrap_repo.go:42.16,45.18 2 0
levelup/go-api/internal/platform/duckdb/bootstrap_repo.go:45.18,47.4 1 0
levelup/go-api/internal/platform/duckdb/bootstrap_repo.go:49.2,49.21 1 0
levelup/go-api/internal/platform/duckdb/bootstrap_repo.go:53.74,59.16 5 0
levelup/go-api/internal/platform/duckdb/bootstrap_repo.go:59.16,61.3 1 0
levelup/go-api/internal/platform/duckdb/bootstrap_repo.go:62.2,62.19 1 0
levelup/go-api/internal/platform/duckdb/bootstrap_repo.go:66.80,72.16 5 0
levelup/go-api/internal/platform/duckdb/bootstrap_repo.go:72.16,74.3 1 0
levelup/go-api/internal/platform/duckdb/bootstrap_repo.go:75.2,75.15 1 0
levelup/go-api/internal/platform/duckdb/bootstrap_repo.go:80.66,88.16 5 0
levelup/go-api/internal/platform/duckdb/bootstrap_repo.go:88.16,90.3 1 0
levelup/go-api/internal/platform/duckdb/bootstrap_repo.go:91.2,91.33 1 0
levelup/go-api/internal/platform/duckdb/bootstrap_repo.go:91.33,93.3 1 0
levelup/go-api/internal/platform/duckdb/bootstrap_repo.go:96.2,99.16 3 0
levelup/go-api/internal/platform/duckdb/bootstrap_repo.go:99.16,101.3 1 0
levelup/go-api/internal/platform/duckdb/bootstrap_repo.go:102.2,102.19 1 0
levelup/go-api/internal/platform/duckdb/bootstrap_repo.go:102.19,104.3 1 0
levelup/go-api/internal/platform/duckdb/bootstrap_repo.go:107.2,109.16 3 0
levelup/go-api/internal/platform/duckdb/bootstrap_repo.go:109.16,111.3 1 0
levelup/go-api/internal/platform/duckdb/bootstrap_repo.go:112.2,112.11 1 0
levelup/go-api/internal/platform/duckdb/bootstrap_repo.go:112.11,114.3 1 0
levelup/go-api/internal/platform/duckdb/bootstrap_repo.go:116.2,116.12 1 0
levelup/go-api/internal/platform/duckdb/bootstrap_repo.go:120.80,126.16 5 0
levelup/go-api/internal/platform/duckdb/bootstrap_repo.go:126.16,128.3 1 0
levelup/go-api/internal/platform/duckdb/bootstrap_repo.go:129.2,129.19 1 0
levelup/go-api/internal/platform/duckdb/career_repo.go:18.47,20.2 1 0
levelup/go-api/internal/platform/duckdb/career_repo.go:23.89,39.16 5 0
levelup/go-api/internal/platform/duckdb/career_repo.go:39.16,41.3 1 0
levelup/go-api/internal/platform/duckdb/career_repo.go:42.2,42.18 1 0
levelup/go-api/internal/platform/duckdb/career_repo.go:46.89,51.16 4 0
levelup/go-api/internal/platform/duckdb/career_repo.go:51.16,53.3 1 0
levelup/go-api/internal/platform/duckdb/career_repo.go:54.2,57.18 3 0
levelup/go-api/internal/platform/duckdb/career_repo.go:57.18,59.96 2 0
levelup/go-api/internal/platform/duckdb/career_repo.go:59.96,61.4 1 0
levelup/go-api/internal/platform/duckdb/career_repo.go:62.3,62.31 1 0
levelup/go-api/internal/platform/duckdb/career_repo.go:64.2,64.28 1 0
levelup/go-api/internal/platform/duckdb/career_repo.go:68.94,73.16 4 0
levelup/go-api/internal/platform/duckdb/career_repo.go:73.16,75.3 1 0
levelup/go-api/internal/platform/duckdb/career_repo.go:76.2,79.18 3 0
levelup/go-api/internal/platform/duckdb/career_repo.go:79.18,83.17 2 0
levelup/go-api/internal/platform/duckdb/career_repo.go:83.17,85.4 1 0
levelup/go-api/internal/platform/duckdb/career_repo.go:86.3,86.32 1 0
levelup/go-api/internal/platform/duckdb/career_repo.go:88.2,88.28 1 0
levelup/go-api/internal/platform/duckdb/career_repo.go:92.90,97.16 4 0
levelup/go-api/internal/platform/duckdb/career_repo.go:97.16,99.3 1 0
levelup/go-api/internal/platform/duckdb/career_repo.go:100.2,103.18 3 0
levelup/go-api/internal/platform/duckdb/career_repo.go:103.18,110.17 2 0
levelup/go-api/internal/platform/duckdb/career_repo.go:110.17,112.4 1 0
levelup/go-api/internal/platform/duckdb/career_repo.go:113.3,113.31 1 0
levelup/go-api/internal/platform/duckdb/career_repo.go:115.2,115.28 1 0
levelup/go-api/internal/platform/duckdb/career_repo.go:119.91,124.16 4 0
levelup/go-api/internal/platform/duckdb/career_repo.go:124.16,126.3 1 0
levelup/go-api/internal/platform/duckdb/career_repo.go:127.2,130.18 3 0
levelup/go-api/internal/platform/duckdb/career_repo.go:130.18,134.17 2 0
levelup/go-api/internal/platform/duckdb/career_repo.go:134.17,136.4 1 0
levelup/go-api/internal/platform/duckdb/career_repo.go:137.3,137.31 1 0
levelup/go-api/internal/platform/duckdb/career_repo.go:139.2,139.28 1 0
levelup/go-api/internal/platform/duckdb/citations_repo.go:18.53,20.2 1 0
levelup/go-api/internal/platform/duckdb/citations_repo.go:24.104,29.16 4 0
levelup/go-api/internal/platform/duckdb/citations_repo.go:29.16,31.3 1 0
levelup/go-api/internal/platform/duckdb/citations_repo.go:32.2,35.18 3 0
levelup/go-api/internal/platform/duckdb/citations_repo.go:35.18,45.17 2 0
levelup/go-api/internal/platform/duckdb/citations_repo.go:45.17,47.4 1 0
levelup/go-api/internal/platform/duckdb/citations_repo.go:48.3,48.31 1 0
levelup/go-api/internal/platform/duckdb/citations_repo.go:50.2,50.27 1 0
levelup/go-api/internal/platform/duckdb/citations_repo.go:54.100,59.16 4 0
levelup/go-api/internal/platform/duckdb/citations_repo.go:59.16,61.3 1 0
levelup/go-api/internal/platform/duckdb/citations_repo.go:62.2,65.18 3 0
levelup/go-api/internal/platform/duckdb/citations_repo.go:65.18,70.17 2 0
levelup/go-api/internal/platform/duckdb/citations_repo.go:70.17,72.4 1 0
levelup/go-api/internal/platform/duckdb/citations_repo.go:73.3,73.31 1 0
levelup/go-api/internal/platform/duckdb/citations_repo.go:75.2,75.27 1 0
levelup/go-api/internal/platform/duckdb/citations_repo.go:79.108,84.16 4 0
levelup/go-api/internal/platform/duckdb/citations_repo.go:84.16,86.3 1 0
levelup/go-api/internal/platform/duckdb/citations_repo.go:87.2,90.18 3 0
levelup/go-api/internal/platform/duckdb/citations_repo.go:90.18,95.17 2 0
levelup/go-api/internal/platform/duckdb/citations_repo.go:95.17,97.4 1 0
levelup/go-api/internal/platform/duckdb/citations_repo.go:98.3,98.31 1 0
levelup/go-api/internal/platform/duckdb/citations_repo.go:100.2,100.27 1 0
levelup/go-api/internal/platform/duckdb/citations_repo.go:105.107,110.16 4 0
levelup/go-api/internal/platform/duckdb/citations_repo.go:110.16,112.3 1 0
levelup/go-api/internal/platform/duckdb/citations_repo.go:113.2,116.18 3 0
levelup/go-api/internal/platform/duckdb/citations_repo.go:116.18,123.17 2 0
levelup/go-api/internal/platform/duckdb/citations_repo.go:123.17,125.4 1 0
levelup/go-api/internal/platform/duckdb/citations_repo.go:126.3,126.31 1 0
levelup/go-api/internal/platform/duckdb/citations_repo.go:128.2,128.27 1 0
levelup/go-api/internal/platform/duckdb/db.go:35.45,40.32 4 0
levelup/go-api/internal/platform/duckdb/db.go:40.32,42.3 1 0
levelup/go-api/internal/platform/duckdb/db.go:44.2,46.16 3 0
levelup/go-api/internal/platform/duckdb/db.go:46.16,48.3 1 0
levelup/go-api/internal/platform/duckdb/db.go:50.2,50.37 1 0
levelup/go-api/internal/platform/duckdb/db.go:50.37,53.3 2 0
levelup/go-api/internal/platform/duckdb/db.go:56.2,61.16 5 0
levelup/go-api/internal/platform/duckdb/db.go:66.46,71.32 4 0
levelup/go-api/internal/platform/duckdb/db.go:71.32,73.3 1 0
levelup/go-api/internal/platform/duckdb/db.go:75.2,76.16 2 0
levelup/go-api/internal/platform/duckdb/db.go:76.16,78.3 1 0
levelup/go-api/internal/platform/duckdb/db.go:79.2,79.37 1 0
levelup/go-api/internal/platform/duckdb/db.go:79.37,82.3 2 0
levelup/go-api/internal/platform/duckdb/db.go:83.2,88.16 5 0
levelup/go-api/internal/platform/duckdb/db.go:92.29,98.2 5 0
levelup/go-api/internal/platform/duckdb/db.go:101.89,103.2 1 0
levelup/go-api/internal/platform/duckdb/db.go:106.96,108.2 1 0
levelup/go-api/internal/platform/duckdb/db.go:111.96,113.2 1 0
levelup/go-api/internal/platform/duckdb/db.go:116.31,116.50 1 0
levelup/go-api/internal/platform/duckdb/db.go:119.29,119.47 1 0
levelup/go-api/internal/platform/duckdb/explorer_repo.go:20.64,22.2 1 0
levelup/go-api/internal/platform/duckdb/explorer_repo.go:27.116,29.16 2 0
levelup/go-api/internal/platform/duckdb/explorer_repo.go:29.16,31.3 1 0
levelup/go-api/internal/platform/duckdb/explorer_repo.go:32.2,35.18 3 0
levelup/go-api/internal/platform/duckdb/explorer_repo.go:35.18,48.17 2 0
levelup/go-api/internal/platform/duckdb/explorer_repo.go:48.17,50.4 1 0
levelup/go-api/internal/platform/duckdb/explorer_repo.go:51.3,51.31 1 0
levelup/go-api/internal/platform/duckdb/explorer_repo.go:53.2,53.35 1 0
levelup/go-api/internal/platform/duckdb/explorer_repo.go:53.35,55.3 1 0
levelup/go-api/internal/platform/duckdb/explorer_repo.go:56.2,56.21 1 0
levelup/go-api/internal/platform/duckdb/explorer_repo.go:60.100,64.40 4 0
levelup/go-api/internal/platform/duckdb/explorer_repo.go:64.40,66.3 1 0
levelup/go-api/internal/platform/duckdb/explorer_repo.go:67.2,67.18 1 0
levelup/go-api/internal/platform/duckdb/fanout_repo.go:15.47,17.2 1 0
levelup/go-api/internal/platform/duckdb/fanout_repo.go:25.16,26.24 1 0
levelup/go-api/internal/platform/duckdb/fanout_repo.go:26.24,28.3 1 0
levelup/go-api/internal/platform/duckdb/fanout_repo.go:29.2,37.19 4 0
levelup/go-api/internal/platform/duckdb/fanout_repo.go:45.28,47.24 2 0
levelup/go-api/internal/platform/duckdb/fanout_repo.go:47.24,49.3 1 0
levelup/go-api/internal/platform/duckdb/fanout_repo.go:50.2,56.16 3 0
levelup/go-api/internal/platform/duckdb/fanout_repo.go:56.16,58.3 1 0
levelup/go-api/internal/platform/duckdb/fanout_repo.go:59.2,61.18 2 0
levelup/go-api/internal/platform/duckdb/fanout_repo.go:61.18,63.41 2 0
levelup/go-api/internal/platform/duckdb/fanout_repo.go:63.41,65.4 1 0
levelup/go-api/internal/platform/duckdb/fanout_repo.go:66.3,66.21 1 0
levelup/go-api/internal/platform/duckdb/fanout_repo.go:68.2,68.27 1 0
levelup/go-api/internal/platform/duckdb/fanout_repo.go:77.16,81.31 3 0
levelup/go-api/internal/platform/duckdb/fanout_repo.go:81.31,86.17 2 0
levelup/go-api/internal/platform/duckdb/fanout_repo.go:86.17,88.12 2 0
levelup/go-api/internal/platform/duckdb/fanout_repo.go:90.3,90.13 1 0
levelup/go-api/internal/platform/duckdb/fanout_repo.go:92.2,92.22 1 0
levelup/go-api/internal/platform/duckdb/filters_repo.go:18.49,20.2 1 0
levelup/go-api/internal/platform/duckdb/filters_repo.go:24.99,30.11 5 0
levelup/go-api/internal/platform/duckdb/filters_repo.go:30.11,32.3 1 0
levelup/go-api/internal/platform/duckdb/filters_repo.go:32.8,34.3 1 0
levelup/go-api/internal/platform/duckdb/filters_repo.go:36.2,37.16 2 0
levelup/go-api/internal/platform/duckdb/filters_repo.go:37.16,39.3 1 0
levelup/go-api/internal/platform/duckdb/filters_repo.go:40.2,43.18 3 0
levelup/go-api/internal/platform/duckdb/filters_repo.go:43.18,58.17 2 0
levelup/go-api/internal/platform/duckdb/filters_repo.go:58.17,60.4 1 0
levelup/go-api/internal/platform/duckdb/filters_repo.go:61.3,61.31 1 0
levelup/go-api/internal/platform/duckdb/filters_repo.go:63.2,63.28 1 0
levelup/go-api/internal/platform/duckdb/filters_repo.go:67.71,73.2 5 0
levelup/go-api/internal/platform/duckdb/filters_repo.go:76.77,83.2 6 0
levelup/go-api/internal/platform/duckdb/filters_repo.go:86.68,90.16 4 0
levelup/go-api/internal/platform/duckdb/filters_repo.go:90.16,92.3 1 0
levelup/go-api/internal/platform/duckdb/filters_repo.go:93.2,94.13 2 0
levelup/go-api/internal/platform/duckdb/filters_repo.go:98.95,114.16 5 0
levelup/go-api/internal/platform/duckdb/filters_repo.go:114.16,116.3 1 0
levelup/go-api/internal/platform/duckdb/filters_repo.go:117.2,120.18 3 0
levelup/go-api/internal/platform/duckdb/filters_repo.go:120.18,122.57 2 0
levelup/go-api/internal/platform/duckdb/filters_repo.go:122.57,124.4 1 0
levelup/go-api/internal/platform/duckdb/filters_repo.go:125.3,125.32 1 0
levelup/go-api/internal/platform/duckdb/filters_repo.go:127.2,127.28 1 0
levelup/go-api/internal/platform/duckdb/filters_repo.go:131.90,146.16 5 0
levelup/go-api/internal/platform/duckdb/filters_repo.go:146.16,148.3 1 0
levelup/go-api/internal/platform/duckdb/filters_repo.go:149.2,152.18 3 0
levelup/go-api/internal/platform/duckdb/filters_repo.go:152.18,154.57 2 0
levelup/go-api/internal/platform/duckdb/filters_repo.go:154.57,156.4 1 0
levelup/go-api/internal/platform/duckdb/filters_repo.go:157.3,157.32 1 0
levelup/go-api/internal/platform/duckdb/filters_repo.go:159.2,159.28 1 0
levelup/go-api/internal/platform/duckdb/gamertag_repo.go:19.50,21.2 1 0
levelup/go-api/internal/platform/duckdb/gamertag_repo.go:25.105,30.16 4 0
levelup/go-api/internal/platform/duckdb/gamertag_repo.go:30.16,32.3 1 0
levelup/go-api/internal/platform/duckdb/gamertag_repo.go:33.2,36.18 3 0
levelup/go-api/internal/platform/duckdb/gamertag_repo.go:36.18,39.66 3 0
levelup/go-api/internal/platform/duckdb/gamertag_repo.go:39.66,41.4 1 0
levelup/go-api/internal/platform/duckdb/gamertag_repo.go:42.3,47.5 1 0
levelup/go-api/internal/platform/duckdb/gamertag_repo.go:49.2,49.28 1 0
levelup/go-api/internal/platform/duckdb/home_repo.go:18.43,20.2 1 0
levelup/go-api/internal/platform/duckdb/home_repo.go:23.88,25.16 2 0
levelup/go-api/internal/platform/duckdb/home_repo.go:25.16,27.3 1 0
levelup/go-api/internal/platform/duckdb/home_repo.go:28.2,31.18 3 0
levelup/go-api/internal/platform/duckdb/home_repo.go:31.18,51.17 2 0
levelup/go-api/internal/platform/duckdb/home_repo.go:51.17,53.4 1 0
levelup/go-api/internal/platform/duckdb/home_repo.go:54.3,54.31 1 0
levelup/go-api/internal/platform/duckdb/home_repo.go:56.2,56.27 1 0
levelup/go-api/internal/platform/duckdb/home_repo.go:60.91,62.16 2 0
levelup/go-api/internal/platform/duckdb/home_repo.go:62.16,64.3 1 0
levelup/go-api/internal/platform/duckdb/home_repo.go:65.2,68.18 3 0
levelup/go-api/internal/platform/duckdb/home_repo.go:68.18,76.17 2 0
levelup/go-api/internal/platform/duckdb/home_repo.go:76.17,78.4 1 0
levelup/go-api/internal/platform/duckdb/home_repo.go:79.3,79.31 1 0
levelup/go-api/internal/platform/duckdb/home_repo.go:81.2,81.27 1 0
levelup/go-api/internal/platform/duckdb/home_repo.go:86.99,88.16 2 0
levelup/go-api/internal/platform/duckdb/home_repo.go:88.16,90.30 1 0
levelup/go-api/internal/platform/duckdb/home_repo.go:90.30,92.4 1 0
levelup/go-api/internal/platform/duckdb/home_repo.go:93.3,93.18 1 0
levelup/go-api/internal/platform/duckdb/home_repo.go:95.2,98.18 3 0
levelup/go-api/internal/platform/duckdb/home_repo.go:98.18,102.77 4 0
levelup/go-api/internal/platform/duckdb/home_repo.go:102.77,104.4 1 0
levelup/go-api/internal/platform/duckdb/home_repo.go:105.3,105.20 1 0
levelup/go-api/internal/platform/duckdb/home_repo.go:105.20,107.4 1 0
levelup/go-api/internal/platform/duckdb/home_repo.go:108.3,108.27 1 0
levelup/go-api/internal/platform/duckdb/home_repo.go:108.27,110.4 1 0
levelup/go-api/internal/platform/duckdb/home_repo.go:111.3,111.31 1 0
levelup/go-api/internal/platform/duckdb/home_repo.go:113.2,113.27 1 0
levelup/go-api/internal/platform/duckdb/home_repo.go:117.41,118.16 1 0
levelup/go-api/internal/platform/duckdb/home_repo.go:118.16,120.3 1 0
levelup/go-api/internal/platform/duckdb/home_repo.go:121.2,124.41 2 0
levelup/go-api/internal/platform/duckdb/match_exclusion_repo.go:18.63,20.2 1 0
levelup/go-api/internal/platform/duckdb/match_exclusion_repo.go:24.101,29.16 4 0
levelup/go-api/internal/platform/duckdb/match_exclusion_repo.go:29.16,31.3 1 0
levelup/go-api/internal/platform/duckdb/match_exclusion_repo.go:33.2,40.16 2 0
levelup/go-api/internal/platform/duckdb/match_exclusion_repo.go:40.16,42.3 1 0
levelup/go-api/internal/platform/duckdb/match_exclusion_repo.go:43.2,43.12 1 0
levelup/go-api/internal/platform/duckdb/match_exclusion_repo.go:47.96,62.16 4 0
levelup/go-api/internal/platform/duckdb/match_exclusion_repo.go:62.16,64.3 1 0
levelup/go-api/internal/platform/duckdb/match_exclusion_repo.go:65.2,68.18 3 0
levelup/go-api/internal/platform/duckdb/match_exclusion_repo.go:68.18,70.86 2 0
levelup/go-api/internal/platform/duckdb/match_exclusion_repo.go:70.86,72.4 1 0
levelup/go-api/internal/platform/duckdb/match_exclusion_repo.go:73.3,73.31 1 0
levelup/go-api/internal/platform/duckdb/match_exclusion_repo.go:75.2,75.28 1 0
levelup/go-api/internal/platform/duckdb/match_history_repo.go:18.59,20.2 1 0
levelup/go-api/internal/platform/duckdb/match_history_repo.go:23.94,28.16 4 0
levelup/go-api/internal/platform/duckdb/match_history_repo.go:28.16,30.3 1 0
levelup/go-api/internal/platform/duckdb/match_history_repo.go:31.2,34.18 3 0
levelup/go-api/internal/platform/duckdb/match_history_repo.go:34.18,61.17 2 0
levelup/go-api/internal/platform/duckdb/match_history_repo.go:61.17,63.4 1 0
levelup/go-api/internal/platform/duckdb/match_history_repo.go:64.3,64.31 1 0
levelup/go-api/internal/platform/duckdb/match_history_repo.go:66.2,66.28 1 0
levelup/go-api/internal/platform/duckdb/match_history_repo.go:71.92,85.16 5 0
levelup/go-api/internal/platform/duckdb/match_history_repo.go:85.16,87.3 1 0
levelup/go-api/internal/platform/duckdb/match_history_repo.go:88.2,91.18 3 0
levelup/go-api/internal/platform/duckdb/match_history_repo.go:91.18,94.60 3 0
levelup/go-api/internal/platform/duckdb/match_history_repo.go:94.60,96.4 1 0
levelup/go-api/internal/platform/duckdb/match_history_repo.go:97.3,97.40 1 0
levelup/go-api/internal/platform/duckdb/match_history_repo.go:99.2,99.27 1 0
levelup/go-api/internal/platform/duckdb/match_view_repo.go:19.66,21.2 1 0
levelup/go-api/internal/platform/duckdb/match_view_repo.go:24.105,39.16 5 0
levelup/go-api/internal/platform/duckdb/match_view_repo.go:39.16,41.3 1 0
levelup/go-api/internal/platform/duckdb/match_view_repo.go:42.2,42.18 1 0
levelup/go-api/internal/platform/duckdb/match_view_repo.go:46.125,68.16 5 0
levelup/go-api/internal/platform/duckdb/match_view_repo.go:68.16,71.3 1 0
levelup/go-api/internal/platform/duckdb/match_view_repo.go:72.2,72.16 1 0
levelup/go-api/internal/platform/duckdb/match_view_repo.go:76.117,86.16 5 0
levelup/go-api/internal/platform/duckdb/match_view_repo.go:86.16,89.3 1 0
levelup/go-api/internal/platform/duckdb/match_view_repo.go:90.2,90.16 1 0
levelup/go-api/internal/platform/duckdb/match_view_repo.go:94.113,99.16 4 0
levelup/go-api/internal/platform/duckdb/match_view_repo.go:99.16,101.3 1 0
levelup/go-api/internal/platform/duckdb/match_view_repo.go:102.2,105.18 3 0
levelup/go-api/internal/platform/duckdb/match_view_repo.go:105.18,132.17 2 0
levelup/go-api/internal/platform/duckdb/match_view_repo.go:132.17,134.4 1 0
levelup/go-api/internal/platform/duckdb/match_view_repo.go:135.3,135.31 1 0
levelup/go-api/internal/platform/duckdb/match_view_repo.go:137.2,137.28 1 0
levelup/go-api/internal/platform/duckdb/match_view_repo.go:141.110,146.16 4 0
levelup/go-api/internal/platform/duckdb/match_view_repo.go:146.16,148.3 1 0
levelup/go-api/internal/platform/duckdb/match_view_repo.go:149.2,152.18 3 0
levelup/go-api/internal/platform/duckdb/match_view_repo.go:152.18,154.67 2 0
levelup/go-api/internal/platform/duckdb/match_view_repo.go:154.67,156.4 1 0
levelup/go-api/internal/platform/duckdb/match_view_repo.go:157.3,157.31 1 0
levelup/go-api/internal/platform/duckdb/match_view_repo.go:159.2,159.28 1 0
levelup/go-api/internal/platform/duckdb/match_view_repo.go:163.104,168.16 4 0
levelup/go-api/internal/platform/duckdb/match_view_repo.go:168.16,171.3 1 0
levelup/go-api/internal/platform/duckdb/match_view_repo.go:172.2,175.18 3 0
levelup/go-api/internal/platform/duckdb/match_view_repo.go:175.18,178.80 3 0
levelup/go-api/internal/platform/duckdb/match_view_repo.go:178.80,180.4 1 0
levelup/go-api/internal/platform/duckdb/match_view_repo.go:181.3,181.31 1 0
levelup/go-api/internal/platform/duckdb/match_view_repo.go:183.2,183.28 1 0
levelup/go-api/internal/platform/duckdb/match_view_repo.go:187.120,192.16 4 0
levelup/go-api/internal/platform/duckdb/match_view_repo.go:192.16,194.3 1 0
levelup/go-api/internal/platform/duckdb/match_view_repo.go:195.2,198.18 3 0
levelup/go-api/internal/platform/duckdb/match_view_repo.go:198.18,200.74 2 0
levelup/go-api/internal/platform/duckdb/match_view_repo.go:200.74,202.4 1 0
levelup/go-api/internal/platform/duckdb/match_view_repo.go:203.3,203.31 1 0
levelup/go-api/internal/platform/duckdb/match_view_repo.go:205.2,205.28 1 0
levelup/go-api/internal/platform/duckdb/match_view_repo.go:209.106,214.16 4 0
levelup/go-api/internal/platform/duckdb/match_view_repo.go:214.16,217.3 1 0
levelup/go-api/internal/platform/duckdb/match_view_repo.go:218.2,221.18 3 0
levelup/go-api/internal/platform/duckdb/match_view_repo.go:221.18,230.17 2 0
levelup/go-api/internal/platform/duckdb/match_view_repo.go:230.17,232.4 1 0
levelup/go-api/internal/platform/duckdb/match_view_repo.go:233.3,233.32 1 0
levelup/go-api/internal/platform/duckdb/match_view_repo.go:235.2,235.28 1 0
levelup/go-api/internal/platform/duckdb/media_repo.go:18.45,20.2 1 0
levelup/go-api/internal/platform/duckdb/media_repo.go:23.107,28.16 4 0
levelup/go-api/internal/platform/duckdb/media_repo.go:28.16,30.3 1 0
levelup/go-api/internal/platform/duckdb/media_repo.go:31.2,34.18 3 0
levelup/go-api/internal/platform/duckdb/media_repo.go:34.18,44.17 2 0
levelup/go-api/internal/platform/duckdb/media_repo.go:44.17,46.4 1 0
levelup/go-api/internal/platform/duckdb/media_repo.go:47.3,47.31 1 0
levelup/go-api/internal/platform/duckdb/media_repo.go:49.2,49.27 1 0
levelup/go-api/internal/platform/duckdb/media_repo.go:53.71,59.16 5 0
levelup/go-api/internal/platform/duckdb/media_repo.go:59.16,61.3 1 0
levelup/go-api/internal/platform/duckdb/media_repo.go:62.2,62.19 1 0
levelup/go-api/internal/platform/duckdb/pool.go:30.44,31.23 1 0
levelup/go-api/internal/platform/duckdb/pool.go:31.23,33.3 1 0
levelup/go-api/internal/platform/duckdb/pool.go:34.2,34.19 1 0
levelup/go-api/internal/platform/duckdb/pool.go:56.78,58.41 2 0
levelup/go-api/internal/platform/duckdb/pool.go:58.41,60.3 1 0
levelup/go-api/internal/platform/duckdb/pool.go:63.2,63.64 1 0
levelup/go-api/internal/platform/duckdb/pool.go:63.64,65.42 1 0
levelup/go-api/internal/platform/duckdb/pool.go:65.42,67.4 1 0
levelup/go-api/internal/platform/duckdb/pool.go:68.3,69.21 2 0
levelup/go-api/internal/platform/duckdb/pool.go:69.21,71.4 1 0
levelup/go-api/internal/platform/duckdb/pool.go:72.3,73.18 2 0
levelup/go-api/internal/platform/duckdb/pool.go:75.2,75.16 1 0
levelup/go-api/internal/platform/duckdb/pool.go:75.16,77.3 1 0
levelup/go-api/internal/platform/duckdb/pool.go:78.2,78.32 1 0
levelup/go-api/internal/platform/duckdb/pool.go:82.17,83.45 1 0
levelup/go-api/internal/platform/duckdb/pool.go:83.45,90.3 6 0
levelup/go-api/internal/platform/duckdb/pool.go:94.81,96.16 2 0
levelup/go-api/internal/platform/duckdb/pool.go:96.16,98.3 1 0
levelup/go-api/internal/platform/duckdb/pool.go:100.2,101.16 2 0
levelup/go-api/internal/platform/duckdb/pool.go:101.16,104.3 2 0
levelup/go-api/internal/platform/duckdb/pool.go:106.2,107.16 2 0
levelup/go-api/internal/platform/duckdb/pool.go:107.16,111.3 3 0
levelup/go-api/internal/platform/duckdb/pool.go:114.2,114.70 1 0
levelup/go-api/internal/platform/duckdb/pool.go:114.70,119.3 4 0
levelup/go-api/internal/platform/duckdb/pool.go:122.2,122.66 1 0
levelup/go-api/internal/platform/duckdb/pool.go:122.66,127.3 4 0
levelup/go-api/internal/platform/duckdb/pool.go:129.2,136.8 1 0
levelup/go-api/internal/platform/duckdb/pool.go:141.73,145.16 2 0
levelup/go-api/internal/platform/duckdb/pool.go:145.16,149.21 3 0
levelup/go-api/internal/platform/duckdb/pool.go:149.21,151.4 1 0
levelup/go-api/internal/platform/duckdb/pool.go:154.2,154.12 1 0
levelup/go-api/internal/platform/duckdb/pool.go:160.69,164.16 2 0
levelup/go-api/internal/platform/duckdb/pool.go:164.16,168.21 3 0
levelup/go-api/internal/platform/duckdb/pool.go:168.21,170.4 1 0
levelup/go-api/internal/platform/duckdb/pool.go:172.2,172.12 1 0
levelup/go-api/internal/platform/duckdb/pool.go:176.63,179.16 3 0
levelup/go-api/internal/platform/duckdb/pool.go:179.16,181.3 1 0
levelup/go-api/internal/platform/duckdb/pool.go:182.2,182.18 1 0
levelup/go-api/internal/platform/duckdb/sessions_repo.go:18.51,20.2 1 0
levelup/go-api/internal/platform/duckdb/sessions_repo.go:23.98,28.16 4 0
levelup/go-api/internal/platform/duckdb/sessions_repo.go:28.16,30.3 1 0
levelup/go-api/internal/platform/duckdb/sessions_repo.go:31.2,34.18 3 0
levelup/go-api/internal/platform/duckdb/sessions_repo.go:34.18,44.17 3 0
levelup/go-api/internal/platform/duckdb/sessions_repo.go:44.17,46.4 1 0
levelup/go-api/internal/platform/duckdb/sessions_repo.go:47.3,48.31 2 0
levelup/go-api/internal/platform/duckdb/sessions_repo.go:50.2,50.35 1 0
levelup/go-api/internal/platform/duckdb/sessions_repo.go:50.35,52.3 1 0
levelup/go-api/internal/platform/duckdb/sessions_repo.go:53.2,53.21 1 0
levelup/go-api/internal/platform/duckdb/squad_repo.go:19.45,21.2 1 0
levelup/go-api/internal/platform/duckdb/squad_repo.go:24.105,29.16 4 0
levelup/go-api/internal/platform/duckdb/squad_repo.go:29.16,31.3 1 0
levelup/go-api/internal/platform/duckdb/squad_repo.go:32.2,35.18 3 0
levelup/go-api/internal/platform/duckdb/squad_repo.go:35.18,46.17 2 0
levelup/go-api/internal/platform/duckdb/squad_repo.go:46.17,48.4 1 0
levelup/go-api/internal/platform/duckdb/squad_repo.go:49.3,49.31 1 0
levelup/go-api/internal/platform/duckdb/squad_repo.go:51.2,51.27 1 0
levelup/go-api/internal/platform/duckdb/squad_repo.go:55.124,60.16 4 0
levelup/go-api/internal/platform/duckdb/squad_repo.go:60.16,62.3 1 0
levelup/go-api/internal/platform/duckdb/squad_repo.go:63.2,66.18 3 0
levelup/go-api/internal/platform/duckdb/squad_repo.go:66.18,89.17 2 0
levelup/go-api/internal/platform/duckdb/squad_repo.go:89.17,91.4 1 0
levelup/go-api/internal/platform/duckdb/squad_repo.go:92.3,92.31 1 0
levelup/go-api/internal/platform/duckdb/squad_repo.go:94.2,94.27 1 0
levelup/go-api/internal/platform/duckdb/squad_repo.go:98.130,103.16 4 0
levelup/go-api/internal/platform/duckdb/squad_repo.go:103.16,105.3 1 0
levelup/go-api/internal/platform/duckdb/squad_repo.go:106.2,109.18 3 0
levelup/go-api/internal/platform/duckdb/squad_repo.go:109.18,124.17 2 0
levelup/go-api/internal/platform/duckdb/squad_repo.go:124.17,126.4 1 0
levelup/go-api/internal/platform/duckdb/squad_repo.go:127.3,127.31 1 0
levelup/go-api/internal/platform/duckdb/squad_repo.go:129.2,129.27 1 0
levelup/go-api/internal/platform/duckdb/squad_repo.go:134.111,135.24 1 0
levelup/go-api/internal/platform/duckdb/squad_repo.go:135.24,137.3 1 0
levelup/go-api/internal/platform/duckdb/squad_repo.go:138.2,144.30 5 0
levelup/go-api/internal/platform/duckdb/squad_repo.go:144.30,147.3 2 0
levelup/go-api/internal/platform/duckdb/squad_repo.go:148.2,151.16 3 0
levelup/go-api/internal/platform/duckdb/squad_repo.go:151.16,153.3 1 0
levelup/go-api/internal/platform/duckdb/squad_repo.go:154.2,157.18 3 0
levelup/go-api/internal/platform/duckdb/squad_repo.go:157.18,165.17 2 0
levelup/go-api/internal/platform/duckdb/squad_repo.go:165.17,167.4 1 0
levelup/go-api/internal/platform/duckdb/squad_repo.go:168.3,168.31 1 0
levelup/go-api/internal/platform/duckdb/squad_repo.go:170.2,170.27 1 0
levelup/go-api/internal/platform/duckdb/squad_repo.go:174.114,179.16 4 0
levelup/go-api/internal/platform/duckdb/squad_repo.go:179.16,181.3 1 0
levelup/go-api/internal/platform/duckdb/squad_repo.go:182.2,185.18 3 0
levelup/go-api/internal/platform/duckdb/squad_repo.go:185.18,192.17 2 0
levelup/go-api/internal/platform/duckdb/squad_repo.go:192.17,194.4 1 0
levelup/go-api/internal/platform/duckdb/squad_repo.go:195.3,195.31 1 0
levelup/go-api/internal/platform/duckdb/squad_repo.go:197.2,197.27 1 0
levelup/go-api/internal/platform/duckdb/squad_repo.go:201.112,206.16 4 0
levelup/go-api/internal/platform/duckdb/squad_repo.go:206.16,208.3 1 0
levelup/go-api/internal/platform/duckdb/squad_repo.go:209.2,212.18 3 0
levelup/go-api/internal/platform/duckdb/squad_repo.go:212.18,225.17 2 0
levelup/go-api/internal/platform/duckdb/squad_repo.go:225.17,227.4 1 0
levelup/go-api/internal/platform/duckdb/squad_repo.go:228.3,228.31 1 0
levelup/go-api/internal/platform/duckdb/squad_repo.go:230.2,230.27 1 0
levelup/go-api/internal/platform/duckdb/stats_repo.go:18.45,20.2 1 0
levelup/go-api/internal/platform/duckdb/stats_repo.go:25.91,30.16 4 0
levelup/go-api/internal/platform/duckdb/stats_repo.go:30.16,32.3 1 0
levelup/go-api/internal/platform/duckdb/stats_repo.go:33.2,36.18 3 0
levelup/go-api/internal/platform/duckdb/stats_repo.go:36.18,63.17 2 0
levelup/go-api/internal/platform/duckdb/stats_repo.go:63.17,65.4 1 0
levelup/go-api/internal/platform/duckdb/stats_repo.go:66.3,66.31 1 0
levelup/go-api/internal/platform/duckdb/stats_repo.go:68.2,68.35 1 0
levelup/go-api/internal/platform/duckdb/stats_repo.go:68.35,70.3 1 0
levelup/go-api/internal/platform/duckdb/stats_repo.go:71.2,71.21 1 0
levelup/go-api/internal/platform/duckdb/stats_repo.go:75.92,80.16 4 0
levelup/go-api/internal/platform/duckdb/stats_repo.go:80.16,82.3 1 0
levelup/go-api/internal/platform/duckdb/stats_repo.go:83.2,86.18 3 0
levelup/go-api/internal/platform/duckdb/stats_repo.go:86.18,93.17 2 0
levelup/go-api/internal/platform/duckdb/stats_repo.go:93.17,95.4 1 0
levelup/go-api/internal/platform/duckdb/stats_repo.go:96.3,96.31 1 0
levelup/go-api/internal/platform/duckdb/stats_repo.go:98.2,98.35 1 0
levelup/go-api/internal/platform/duckdb/stats_repo.go:98.35,100.3 1 0
levelup/go-api/internal/platform/duckdb/stats_repo.go:101.2,101.21 1 0
levelup/go-api/internal/platform/duckdb/stats_repo.go:106.97,111.16 4 0
levelup/go-api/internal/platform/duckdb/stats_repo.go:111.16,113.3 1 0
levelup/go-api/internal/platform/duckdb/stats_repo.go:114.2,117.18 3 0
levelup/go-api/internal/platform/duckdb/stats_repo.go:117.18,125.17 2 0
levelup/go-api/internal/platform/duckdb/stats_repo.go:125.17,127.4 1 0
levelup/go-api/internal/platform/duckdb/stats_repo.go:128.3,128.31 1 0
levelup/go-api/internal/platform/duckdb/stats_repo.go:130.2,130.35 1 0
levelup/go-api/internal/platform/duckdb/stats_repo.go:130.35,132.3 1 0
levelup/go-api/internal/platform/duckdb/stats_repo.go:133.2,133.21 1 0
levelup/go-api/internal/service/bootstrap_service.go:22.102,24.2 1 1
levelup/go-api/internal/service/bootstrap_service.go:28.116,30.16 2 1
levelup/go-api/internal/service/bootstrap_service.go:30.16,33.3 2 0
levelup/go-api/internal/service/bootstrap_service.go:35.2,36.16 2 1
levelup/go-api/internal/service/bootstrap_service.go:36.16,39.3 2 0
levelup/go-api/internal/service/bootstrap_service.go:41.2,49.22 7 1
levelup/go-api/internal/service/bootstrap_service.go:49.22,52.3 2 1
levelup/go-api/internal/service/bootstrap_service.go:55.2,56.48 2 1
levelup/go-api/internal/service/bootstrap_service.go:56.48,58.3 1 1
levelup/go-api/internal/service/bootstrap_service.go:60.2,74.8 1 1
levelup/go-api/internal/service/bootstrap_service.go:78.101,80.16 2 1
levelup/go-api/internal/service/bootstrap_service.go:80.16,82.3 1 0
levelup/go-api/internal/service/bootstrap_service.go:83.2,84.22 2 1
levelup/go-api/internal/service/bootstrap_service.go:84.22,87.3 2 1
levelup/go-api/internal/service/bootstrap_service.go:88.2,91.8 1 1
levelup/go-api/internal/service/bootstrap_service.go:96.101,109.2 2 1
levelup/go-api/internal/service/bootstrap_service.go:111.106,119.2 2 1
levelup/go-api/internal/service/bootstrap_service.go:121.100,129.2 1 1
levelup/go-api/internal/service/bootstrap_service.go:131.63,132.23 1 1
levelup/go-api/internal/service/bootstrap_service.go:132.23,134.3 1 1
levelup/go-api/internal/service/bootstrap_service.go:136.2,136.32 1 1
levelup/go-api/internal/service/bootstrap_service.go:140.56,141.36 1 1
levelup/go-api/internal/service/bootstrap_service.go:141.36,143.3 1 1
levelup/go-api/internal/service/bootstrap_service.go:144.2,144.78 1 1
levelup/go-api/internal/service/bootstrap_service.go:144.78,146.3 1 1
levelup/go-api/internal/service/bootstrap_service.go:147.2,147.16 1 1
levelup/go-api/internal/service/bootstrap_service.go:151.82,152.51 1 1
levelup/go-api/internal/service/bootstrap_service.go:152.51,154.3 1 1
levelup/go-api/internal/service/bootstrap_service.go:155.2,158.3 1 1
levelup/go-api/internal/service/bootstrap_service.go:161.81,162.32 1 1
levelup/go-api/internal/service/bootstrap_service.go:162.32,163.28 1 1
levelup/go-api/internal/service/bootstrap_service.go:163.28,165.4 1 1
levelup/go-api/internal/service/bootstrap_service.go:167.2,167.12 1 1
levelup/go-api/internal/service/bootstrap_service.go:170.80,171.32 1 1
levelup/go-api/internal/service/bootstrap_service.go:171.32,172.41 1 1
levelup/go-api/internal/service/bootstrap_service.go:172.41,174.4 1 1
levelup/go-api/internal/service/bootstrap_service.go:176.2,176.12 1 1
levelup/go-api/internal/service/bootstrap_service.go:181.51,185.24 4 1
levelup/go-api/internal/service/bootstrap_service.go:185.24,187.36 2 1
levelup/go-api/internal/service/bootstrap_service.go:187.36,189.4 1 1
levelup/go-api/internal/service/bootstrap_service.go:190.3,197.5 1 1
levelup/go-api/internal/service/bootstrap_service.go:199.2,199.12 1 1
levelup/go-api/internal/service/career_service.go:30.66,32.2 1 1
levelup/go-api/internal/service/career_service.go:35.95,37.16 2 1
levelup/go-api/internal/service/career_service.go:37.16,39.3 1 1
levelup/go-api/internal/service/career_service.go:40.2,41.16 2 1
levelup/go-api/internal/service/career_service.go:41.16,43.3 1 1
levelup/go-api/internal/service/career_service.go:44.2,45.16 2 1
levelup/go-api/internal/service/career_service.go:45.16,47.3 1 1
levelup/go-api/internal/service/career_service.go:49.2,62.8 6 1
levelup/go-api/internal/service/career_service.go:66.101,68.16 2 1
levelup/go-api/internal/service/career_service.go:68.16,70.3 1 1
levelup/go-api/internal/service/career_service.go:74.2,83.8 5 1
levelup/go-api/internal/service/career_service.go:87.101,89.16 2 1
levelup/go-api/internal/service/career_service.go:89.16,91.3 1 1
levelup/go-api/internal/service/career_service.go:93.2,94.25 2 1
levelup/go-api/internal/service/career_service.go:94.25,103.32 2 1
levelup/go-api/internal/service/career_service.go:103.32,105.4 1 1
levelup/go-api/internal/service/career_service.go:105.9,107.4 1 1
levelup/go-api/internal/service/career_service.go:110.2,114.8 1 1
levelup/go-api/internal/service/career_service.go:121.79,122.17 1 1
levelup/go-api/internal/service/career_service.go:122.17,124.3 1 1
levelup/go-api/internal/service/career_service.go:125.2,127.31 3 1
levelup/go-api/internal/service/career_service.go:127.31,129.3 1 1
levelup/go-api/internal/service/career_service.go:130.2,131.25 2 1
levelup/go-api/internal/service/career_service.go:131.25,133.3 1 1
levelup/go-api/internal/service/career_service.go:134.2,135.26 2 1
levelup/go-api/internal/service/career_service.go:135.26,137.3 1 1
levelup/go-api/internal/service/career_service.go:138.2,139.26 2 1
levelup/go-api/internal/service/career_service.go:139.26,141.3 1 1
levelup/go-api/internal/service/career_service.go:142.2,155.3 3 1
levelup/go-api/internal/service/career_service.go:158.58,159.52 1 1
levelup/go-api/internal/service/career_service.go:159.52,161.3 1 1
levelup/go-api/internal/service/career_service.go:162.2,163.50 2 1
levelup/go-api/internal/service/career_service.go:163.50,165.3 1 1
levelup/go-api/internal/service/career_service.go:166.2,166.50 1 1
levelup/go-api/internal/service/career_service.go:166.50,168.3 1 1
levelup/go-api/internal/service/career_service.go:169.2,169.20 1 1
levelup/go-api/internal/service/career_service.go:169.20,171.31 2 1
levelup/go-api/internal/service/career_service.go:171.31,173.4 1 1
levelup/go-api/internal/service/career_service.go:174.3,174.16 1 1
levelup/go-api/internal/service/career_service.go:176.2,176.48 1 1
levelup/go-api/internal/service/career_service.go:179.75,180.15 1 1
levelup/go-api/internal/service/career_service.go:180.15,182.3 1 1
levelup/go-api/internal/service/career_service.go:183.2,183.20 1 1
levelup/go-api/internal/service/career_service.go:183.20,185.3 1 1
levelup/go-api/internal/service/career_service.go:186.2,187.17 2 1
levelup/go-api/internal/service/career_service.go:187.17,189.3 1 1
levelup/go-api/internal/service/career_service.go:190.2,190.34 1 1
levelup/go-api/internal/service/career_service.go:193.54,194.40 1 1
levelup/go-api/internal/service/career_service.go:194.40,196.3 1 1
levelup/go-api/internal/service/career_service.go:197.2,197.22 1 1
levelup/go-api/internal/service/career_service.go:200.57,202.19 2 1
levelup/go-api/internal/service/career_service.go:202.19,204.3 1 1
levelup/go-api/internal/service/career_service.go:205.2,207.17 3 1
levelup/go-api/internal/service/career_service.go:207.17,209.3 1 1
levelup/go-api/internal/service/career_service.go:210.2,215.3 1 1
levelup/go-api/internal/service/career_service.go:218.94,219.22 1 1
levelup/go-api/internal/service/career_service.go:219.22,221.3 1 1
levelup/go-api/internal/service/career_service.go:222.2,227.46 5 1
levelup/go-api/internal/service/career_service.go:227.46,233.3 5 1
levelup/go-api/internal/service/career_service.go:235.2,239.3 1 1
levelup/go-api/internal/service/career_service.go:244.69,245.22 1 1
levelup/go-api/internal/service/career_service.go:245.22,247.3 1 1
levelup/go-api/internal/service/career_service.go:248.2,251.18 4 1
levelup/go-api/internal/service/career_service.go:251.18,253.3 1 0
levelup/go-api/internal/service/career_service.go:254.2,255.36 2 1
levelup/go-api/internal/service/career_service.go:255.36,259.35 4 1
levelup/go-api/internal/service/career_service.go:259.35,261.4 1 1
levelup/go-api/internal/service/career_service.go:261.9,263.4 1 0
levelup/go-api/internal/service/career_service.go:265.2,265.26 1 1
levelup/go-api/internal/service/career_service.go:265.26,267.3 1 0
levelup/go-api/internal/service/career_service.go:268.2,268.43 1 1
levelup/go-api/internal/service/career_service.go:272.72,275.31 3 1
levelup/go-api/internal/service/career_service.go:275.31,277.3 1 1
levelup/go-api/internal/service/career_service.go:278.2,278.32 1 1
levelup/go-api/internal/service/career_service.go:281.78,282.23 1 1
levelup/go-api/internal/service/career_service.go:282.23,284.3 1 1
levelup/go-api/internal/service/career_service.go:286.2,287.29 2 1
levelup/go-api/internal/service/career_service.go:287.29,288.40 1 1
levelup/go-api/internal/service/career_service.go:288.40,290.4 1 1
levelup/go-api/internal/service/career_service.go:292.2,293.23 2 1
levelup/go-api/internal/service/career_service.go:293.23,296.10 3 1
levelup/go-api/internal/service/career_service.go:297.18,298.35 1 1
levelup/go-api/internal/service/career_service.go:299.18,300.34 1 1
levelup/go-api/internal/service/career_service.go:301.11,302.16 1 0
levelup/go-api/internal/service/career_service.go:304.3,304.18 1 1
levelup/go-api/internal/service/career_service.go:306.2,312.3 1 1
levelup/go-api/internal/service/career_service.go:319.87,322.14 3 1
levelup/go-api/internal/service/career_service.go:322.14,324.3 1 1
levelup/go-api/internal/service/career_service.go:325.2,325.31 1 1
levelup/go-api/internal/service/career_service.go:328.54,329.53 1 1
levelup/go-api/internal/service/career_service.go:329.53,331.3 1 1
levelup/go-api/internal/service/career_service.go:334.75,336.25 2 1
levelup/go-api/internal/service/career_service.go:336.25,340.18 4 1
levelup/go-api/internal/service/career_service.go:340.18,342.4 1 0
levelup/go-api/internal/service/career_service.go:343.3,343.19 1 1
levelup/go-api/internal/service/career_service.go:343.19,345.4 1 0
levelup/go-api/internal/service/career_service.go:346.3,356.5 1 1
levelup/go-api/internal/service/career_service.go:358.2,358.12 1 1
levelup/go-api/internal/service/citations_service.go:18.75,20.2 1 1
levelup/go-api/internal/service/citations_service.go:23.105,25.16 2 1
levelup/go-api/internal/service/citations_service.go:25.16,27.3 1 1
levelup/go-api/internal/service/citations_service.go:29.2,30.16 2 1
levelup/go-api/internal/service/citations_service.go:30.16,33.3 1 1
levelup/go-api/internal/service/citations_service.go:35.2,41.8 3 1
levelup/go-api/internal/service/citations_service.go:48.46,50.16 2 1
levelup/go-api/internal/service/citations_service.go:50.16,52.3 1 1
levelup/go-api/internal/service/citations_service.go:54.2,55.16 2 1
levelup/go-api/internal/service/citations_service.go:55.16,58.3 1 1
levelup/go-api/internal/service/citations_service.go:60.2,66.8 3 1
levelup/go-api/internal/service/citations_service.go:70.63,72.25 2 1
levelup/go-api/internal/service/citations_service.go:72.25,74.3 1 1
levelup/go-api/internal/service/citations_service.go:75.2,75.14 1 1
levelup/go-api/internal/service/explorer_service.go:21.85,23.2 1 1
levelup/go-api/internal/service/explorer_service.go:31.47,33.16 2 1
levelup/go-api/internal/service/explorer_service.go:33.16,36.3 1 1
levelup/go-api/internal/service/explorer_service.go:38.2,39.16 2 1
levelup/go-api/internal/service/explorer_service.go:39.16,42.3 1 1
levelup/go-api/internal/service/explorer_service.go:44.2,50.8 2 1
levelup/go-api/internal/service/explorer_service.go:54.91,55.19 1 1
levelup/go-api/internal/service/explorer_service.go:55.19,57.3 1 1
levelup/go-api/internal/service/explorer_service.go:59.2,60.30 2 1
levelup/go-api/internal/service/explorer_service.go:60.30,62.3 1 1
levelup/go-api/internal/service/explorer_service.go:64.2,65.27 2 1
levelup/go-api/internal/service/explorer_service.go:65.27,82.3 3 1
levelup/go-api/internal/service/explorer_service.go:83.2,83.15 1 1
levelup/go-api/internal/service/fanout_service.go:27.61,32.2 1 1
levelup/go-api/internal/service/fanout_service.go:40.31,41.32 1 1
levelup/go-api/internal/service/fanout_service.go:41.32,46.3 1 1
levelup/go-api/internal/service/fanout_service.go:48.2,49.16 2 0
levelup/go-api/internal/service/fanout_service.go:49.16,51.3 1 0
levelup/go-api/internal/service/fanout_service.go:54.2,55.16 2 0
levelup/go-api/internal/service/fanout_service.go:55.16,57.3 1 0
levelup/go-api/internal/service/fanout_service.go:59.2,65.28 2 0
levelup/go-api/internal/service/fanout_service.go:65.28,66.47 1 0
levelup/go-api/internal/service/fanout_service.go:66.47,67.12 1 0
levelup/go-api/internal/service/fanout_service.go:70.3,71.17 2 0
levelup/go-api/internal/service/fanout_service.go:71.17,74.12 2 0
levelup/go-api/internal/service/fanout_service.go:76.3,76.17 1 0
levelup/go-api/internal/service/fanout_service.go:76.17,77.12 1 0
levelup/go-api/internal/service/fanout_service.go:80.3,85.5 1 0
levelup/go-api/internal/service/fanout_service.go:88.2,94.18 2 0
levelup/go-api/internal/service/fanout_service.go:103.23,105.43 2 1
levelup/go-api/internal/service/fanout_service.go:105.43,107.3 1 1
levelup/go-api/internal/service/fanout_service.go:109.2,109.38 1 1
levelup/go-api/internal/service/fanout_service.go:109.38,111.17 2 1
levelup/go-api/internal/service/fanout_service.go:111.17,114.12 2 1
levelup/go-api/internal/service/fanout_service.go:116.3,122.4 3 0
levelup/go-api/internal/service/fanout_service.go:125.2,125.15 1 1
levelup/go-api/internal/service/fanout_service.go:133.16,135.16 2 1
levelup/go-api/internal/service/fanout_service.go:135.16,137.3 1 1
levelup/go-api/internal/service/fanout_service.go:140.2,141.16 2 0
levelup/go-api/internal/service/fanout_service.go:141.16,143.3 1 0
levelup/go-api/internal/service/fanout_service.go:145.2,146.31 2 0
levelup/go-api/internal/service/fanout_service.go:146.31,147.21 1 0
levelup/go-api/internal/service/fanout_service.go:147.21,149.4 1 0
levelup/go-api/internal/service/fanout_service.go:152.2,152.23 1 0
levelup/go-api/internal/service/fanout_service.go:152.23,154.3 1 0
levelup/go-api/internal/service/fanout_service.go:158.2,159.16 2 0
levelup/go-api/internal/service/fanout_service.go:159.16,161.3 1 0
levelup/go-api/internal/service/fanout_service.go:163.2,163.22 1 0
levelup/go-api/internal/service/filters_service.go:32.69,34.2 1 1
levelup/go-api/internal/service/filters_service.go:40.41,42.16 2 1
levelup/go-api/internal/service/filters_service.go:42.16,44.3 1 1
levelup/go-api/internal/service/filters_service.go:45.2,45.49 1 1
levelup/go-api/internal/service/filters_service.go:52.32,57.22 4 1
levelup/go-api/internal/service/filters_service.go:57.22,59.3 1 1
levelup/go-api/internal/service/filters_service.go:62.2,63.40 2 1
levelup/go-api/internal/service/filters_service.go:63.40,65.3 1 0
levelup/go-api/internal/service/filters_service.go:65.8,67.3 1 1
levelup/go-api/internal/service/filters_service.go:70.2,83.3 3 1
levelup/go-api/internal/service/filters_service.go:90.39,95.2 4 1
levelup/go-api/internal/service/filters_service.go:97.47,99.15 2 1
levelup/go-api/internal/service/filters_service.go:99.15,101.3 1 1
levelup/go-api/internal/service/filters_service.go:102.2,102.29 1 1
levelup/go-api/internal/service/filters_service.go:105.46,106.43 1 1
levelup/go-api/internal/service/filters_service.go:106.43,108.3 1 1
levelup/go-api/internal/service/filters_service.go:109.2,109.30 1 1
levelup/go-api/internal/service/filters_service.go:112.51,114.2 1 1
levelup/go-api/internal/service/filters_service.go:116.33,117.14 1 1
levelup/go-api/internal/service/filters_service.go:117.14,119.3 1 1
levelup/go-api/internal/service/filters_service.go:120.2,120.11 1 1
levelup/go-api/internal/service/filters_service.go:127.78,135.25 4 1
levelup/go-api/internal/service/filters_service.go:135.25,137.16 2 1
levelup/go-api/internal/service/filters_service.go:137.16,138.12 1 1
levelup/go-api/internal/service/filters_service.go:140.3,142.22 3 1
levelup/go-api/internal/service/filters_service.go:142.22,144.4 1 1
levelup/go-api/internal/service/filters_service.go:145.3,146.46 2 1
levelup/go-api/internal/service/filters_service.go:146.46,148.4 1 1
levelup/go-api/internal/service/filters_service.go:151.2,152.23 2 1
levelup/go-api/internal/service/filters_service.go:152.23,154.3 1 1
levelup/go-api/internal/service/filters_service.go:155.2,159.29 4 1
levelup/go-api/internal/service/filters_service.go:159.29,162.16 3 1
levelup/go-api/internal/service/filters_service.go:162.16,164.4 1 0
levelup/go-api/internal/service/filters_service.go:165.3,172.16 3 1
levelup/go-api/internal/service/filters_service.go:172.16,174.4 1 1
levelup/go-api/internal/service/filters_service.go:174.9,176.4 1 1
levelup/go-api/internal/service/filters_service.go:178.2,182.3 1 1
levelup/go-api/internal/service/filters_service.go:189.100,190.44 1 1
levelup/go-api/internal/service/filters_service.go:190.44,192.3 1 1
levelup/go-api/internal/service/filters_service.go:193.2,194.25 2 1
levelup/go-api/internal/service/filters_service.go:194.25,195.25 1 1
levelup/go-api/internal/service/filters_service.go:195.25,196.12 1 1
levelup/go-api/internal/service/filters_service.go:198.3,199.51 2 1
levelup/go-api/internal/service/filters_service.go:199.51,200.12 1 1
levelup/go-api/internal/service/filters_service.go:202.3,202.23 1 1
levelup/go-api/internal/service/filters_service.go:202.23,204.20 2 1
levelup/go-api/internal/service/filters_service.go:204.20,205.13 1 1
levelup/go-api/internal/service/filters_service.go:208.3,208.23 1 1
levelup/go-api/internal/service/filters_service.go:210.2,210.12 1 1
levelup/go-api/internal/service/filters_service.go:213.104,215.26 2 1
levelup/go-api/internal/service/filters_service.go:215.26,216.16 1 1
levelup/go-api/internal/service/filters_service.go:216.16,218.4 1 1
levelup/go-api/internal/service/filters_service.go:220.2,223.39 4 1
levelup/go-api/internal/service/filters_service.go:223.39,225.3 1 1
levelup/go-api/internal/service/filters_service.go:226.2,226.20 1 1
levelup/go-api/internal/service/filters_service.go:226.20,228.3 1 1
levelup/go-api/internal/service/filters_service.go:229.2,230.25 2 1
levelup/go-api/internal/service/filters_service.go:230.25,231.49 1 1
levelup/go-api/internal/service/filters_service.go:231.49,232.30 1 1
levelup/go-api/internal/service/filters_service.go:232.30,234.5 1 1
levelup/go-api/internal/service/filters_service.go:237.2,237.12 1 1
levelup/go-api/internal/service/filters_service.go:240.103,246.2 5 1
levelup/go-api/internal/service/filters_service.go:248.98,249.60 1 1
levelup/go-api/internal/service/filters_service.go:249.60,251.3 1 1
levelup/go-api/internal/service/filters_service.go:252.2,253.26 2 1
levelup/go-api/internal/service/filters_service.go:253.26,255.10 2 1
levelup/go-api/internal/service/filters_service.go:256.73,257.18 1 1
levelup/go-api/internal/service/filters_service.go:258.74,259.21 1 1
levelup/go-api/internal/service/filters_service.go:260.11,261.23 1 0
levelup/go-api/internal/service/filters_service.go:264.2,265.25 2 1
levelup/go-api/internal/service/filters_service.go:265.25,266.10 1 1
levelup/go-api/internal/service/filters_service.go:267.33,268.24 1 1
levelup/go-api/internal/service/filters_service.go:269.51,270.24 1 1
levelup/go-api/internal/service/filters_service.go:271.54,272.24 1 0
levelup/go-api/internal/service/filters_service.go:275.2,275.12 1 1
levelup/go-api/internal/service/filters_service.go:278.128,279.22 1 1
levelup/go-api/internal/service/filters_service.go:279.22,281.3 1 1
levelup/go-api/internal/service/filters_service.go:282.2,283.27 2 1
levelup/go-api/internal/service/filters_service.go:283.27,285.3 1 1
levelup/go-api/internal/service/filters_service.go:286.2,287.25 2 1
levelup/go-api/internal/service/filters_service.go:287.25,288.30 1 1
levelup/go-api/internal/service/filters_service.go:288.30,290.4 1 1
levelup/go-api/internal/service/filters_service.go:292.2,292.12 1 1
levelup/go-api/internal/service/filters_service.go:299.112,301.39 2 1
levelup/go-api/internal/service/filters_service.go:301.39,303.3 1 1
levelup/go-api/internal/service/filters_service.go:305.2,319.3 7 1
levelup/go-api/internal/service/filters_service.go:322.113,324.25 2 1
levelup/go-api/internal/service/filters_service.go:324.25,325.26 1 1
levelup/go-api/internal/service/filters_service.go:325.26,327.4 1 1
levelup/go-api/internal/service/filters_service.go:329.2,330.22 2 1
levelup/go-api/internal/service/filters_service.go:330.22,332.3 1 1
levelup/go-api/internal/service/filters_service.go:333.2,335.25 3 1
levelup/go-api/internal/service/filters_service.go:335.25,337.3 1 1
levelup/go-api/internal/service/filters_service.go:338.2,338.12 1 1
levelup/go-api/internal/service/filters_service.go:345.77,347.78 2 1
levelup/go-api/internal/service/filters_service.go:347.78,349.3 1 1
levelup/go-api/internal/service/filters_service.go:350.2,351.11 2 1
levelup/go-api/internal/service/filters_service.go:354.114,356.39 2 1
levelup/go-api/internal/service/filters_service.go:356.39,358.3 1 1
levelup/go-api/internal/service/filters_service.go:359.2,364.3 1 1
levelup/go-api/internal/service/home_service.go:20.60,25.2 1 1
levelup/go-api/internal/service/home_service.go:29.107,31.16 2 1
levelup/go-api/internal/service/home_service.go:31.16,33.3 1 1
levelup/go-api/internal/service/home_service.go:35.2,36.16 2 1
levelup/go-api/internal/service/home_service.go:36.16,38.3 1 1
levelup/go-api/internal/service/home_service.go:40.2,41.16 2 1
levelup/go-api/internal/service/home_service.go:41.16,44.3 1 1
levelup/go-api/internal/service/home_service.go:46.2,60.8 7 1
levelup/go-api/internal/service/home_service.go:65.84,67.2 1 1
levelup/go-api/internal/service/home_service.go:71.84,73.2 1 1
levelup/go-api/internal/service/last_match_service.go:21.76,23.2 1 1
levelup/go-api/internal/service/last_match_service.go:29.44,31.16 2 1
levelup/go-api/internal/service/last_match_service.go:31.16,33.3 1 1
levelup/go-api/internal/service/last_match_service.go:35.2,35.23 1 1
levelup/go-api/internal/service/last_match_service.go:35.23,37.3 1 1
levelup/go-api/internal/service/last_match_service.go:40.2,40.42 1 1
levelup/go-api/internal/service/last_match_service.go:40.42,42.3 1 1
levelup/go-api/internal/service/last_match_service.go:44.2,45.91 2 1
levelup/go-api/internal/service/last_match_service.go:45.91,47.3 1 1
levelup/go-api/internal/service/last_match_service.go:49.2,52.13 3 1
levelup/go-api/internal/service/last_match_service.go:52.13,54.3 1 1
levelup/go-api/internal/service/last_match_service.go:55.2,55.26 1 1
levelup/go-api/internal/service/last_match_service.go:55.26,57.3 1 1
levelup/go-api/internal/service/last_match_service.go:60.2,61.64 2 1
levelup/go-api/internal/service/last_match_service.go:61.64,63.3 1 1
levelup/go-api/internal/service/last_match_service.go:65.2,72.8 1 1
levelup/go-api/internal/service/match_exclusion_service.go:17.90,19.2 1 0
levelup/go-api/internal/service/match_exclusion_service.go:22.104,24.2 1 0
levelup/go-api/internal/service/match_exclusion_service.go:27.99,29.2 1 0
levelup/go-api/internal/service/match_history_service.go:49.107,51.2 1 1
levelup/go-api/internal/service/match_history_service.go:57.44,59.16 2 1
levelup/go-api/internal/service/match_history_service.go:59.16,61.3 1 1
levelup/go-api/internal/service/match_history_service.go:62.2,84.46 10 1
levelup/go-api/internal/service/match_history_service.go:84.46,89.3 1 1
levelup/go-api/internal/service/match_history_service.go:91.2,105.8 1 1
levelup/go-api/internal/service/match_history_service.go:113.37,115.16 2 1
levelup/go-api/internal/service/match_history_service.go:115.16,117.3 1 1
levelup/go-api/internal/service/match_history_service.go:119.2,125.19 6 1
levelup/go-api/internal/service/match_history_service.go:133.87,136.25 3 1
levelup/go-api/internal/service/match_history_service.go:136.25,137.19 1 1
levelup/go-api/internal/service/match_history_service.go:137.19,139.4 1 1
levelup/go-api/internal/service/match_history_service.go:139.9,141.4 1 1
levelup/go-api/internal/service/match_history_service.go:143.2,143.18 1 1
levelup/go-api/internal/service/match_history_service.go:143.18,148.3 1 1
levelup/go-api/internal/service/match_history_service.go:149.2,149.12 1 1
levelup/go-api/internal/service/match_history_service.go:152.120,154.25 2 1
levelup/go-api/internal/service/match_history_service.go:154.25,156.3 1 1
levelup/go-api/internal/service/match_history_service.go:157.2,162.32 5 1
levelup/go-api/internal/service/match_history_service.go:162.32,164.3 1 1
levelup/go-api/internal/service/match_history_service.go:165.2,166.25 2 1
levelup/go-api/internal/service/match_history_service.go:166.25,167.38 1 1
levelup/go-api/internal/service/match_history_service.go:167.38,169.4 1 1
levelup/go-api/internal/service/match_history_service.go:171.2,171.12 1 1
levelup/go-api/internal/service/match_history_service.go:174.105,177.32 3 1
levelup/go-api/internal/service/match_history_service.go:177.32,179.3 1 0
levelup/go-api/internal/service/match_history_service.go:179.8,181.3 1 1
levelup/go-api/internal/service/match_history_service.go:182.2,182.48 1 1
levelup/go-api/internal/service/match_history_service.go:185.74,200.2 1 1
levelup/go-api/internal/service/match_history_service.go:206.77,208.25 2 1
levelup/go-api/internal/service/match_history_service.go:208.25,210.17 2 1
levelup/go-api/internal/service/match_history_service.go:210.17,211.12 1 1
levelup/go-api/internal/service/match_history_service.go:213.3,215.21 3 1
levelup/go-api/internal/service/match_history_service.go:215.21,217.4 1 1
levelup/go-api/internal/service/match_history_service.go:218.3,218.18 1 1
levelup/go-api/internal/service/match_history_service.go:220.2,220.10 1 1
levelup/go-api/internal/service/match_history_service.go:227.118,229.25 2 1
levelup/go-api/internal/service/match_history_service.go:229.25,231.3 1 1
levelup/go-api/internal/service/match_history_service.go:232.2,232.12 1 1
levelup/go-api/internal/service/match_history_service.go:235.110,241.24 5 1
levelup/go-api/internal/service/match_history_service.go:241.24,243.3 1 1
levelup/go-api/internal/service/match_history_service.go:244.2,247.43 3 1
levelup/go-api/internal/service/match_history_service.go:247.43,250.3 2 0
levelup/go-api/internal/service/match_history_service.go:252.2,254.45 3 1
levelup/go-api/internal/service/match_history_service.go:254.45,255.51 1 1
levelup/go-api/internal/service/match_history_service.go:255.51,259.4 3 1
levelup/go-api/internal/service/match_history_service.go:262.2,283.3 2 1
levelup/go-api/internal/service/match_history_service.go:290.67,291.17 1 1
levelup/go-api/internal/service/match_history_service.go:291.17,293.3 1 1
levelup/go-api/internal/service/match_history_service.go:294.2,294.15 1 1
levelup/go-api/internal/service/match_history_service.go:294.15,296.3 1 1
levelup/go-api/internal/service/match_history_service.go:297.2,299.46 2 1
levelup/go-api/internal/service/match_history_service.go:299.46,301.17 2 1
levelup/go-api/internal/service/match_history_service.go:301.17,303.4 1 1
levelup/go-api/internal/service/match_history_service.go:304.3,304.14 1 0
levelup/go-api/internal/service/match_history_service.go:308.78,309.15 1 1
levelup/go-api/internal/service/match_history_service.go:310.22,311.39 1 1
levelup/go-api/internal/service/match_history_service.go:312.18,313.44 1 1
levelup/go-api/internal/service/match_history_service.go:314.19,315.46 1 1
levelup/go-api/internal/service/match_history_service.go:316.23,317.52 1 1
levelup/go-api/internal/service/match_history_service.go:318.36,319.76 1 1
levelup/go-api/internal/service/match_history_service.go:320.10,321.41 1 1
levelup/go-api/internal/service/match_history_service.go:325.127,328.19 3 1
levelup/go-api/internal/service/match_history_service.go:328.19,330.3 1 0
levelup/go-api/internal/service/match_history_service.go:331.2,332.15 2 1
levelup/go-api/internal/service/match_history_service.go:332.15,334.3 1 0
levelup/go-api/internal/service/match_history_service.go:335.2,336.21 2 1
levelup/go-api/internal/service/match_history_service.go:336.21,338.3 1 1
levelup/go-api/internal/service/match_history_service.go:339.2,339.23 1 1
levelup/go-api/internal/service/match_history_service.go:339.23,341.3 1 0
levelup/go-api/internal/service/match_history_service.go:342.2,344.17 3 1
levelup/go-api/internal/service/match_history_service.go:344.17,346.3 1 1
levelup/go-api/internal/service/match_history_service.go:347.2,348.19 2 1
levelup/go-api/internal/service/match_history_service.go:348.19,350.3 1 1
levelup/go-api/internal/service/match_history_service.go:351.2,358.24 2 1
levelup/go-api/internal/service/match_history_service.go:365.36,366.40 1 1
levelup/go-api/internal/service/match_history_service.go:366.40,368.3 1 1
levelup/go-api/internal/service/match_history_service.go:369.2,369.12 1 1
levelup/go-api/internal/service/match_history_service.go:372.39,373.16 1 1
levelup/go-api/internal/service/match_history_service.go:373.16,375.3 1 1
levelup/go-api/internal/service/match_history_service.go:376.2,376.37 1 1
levelup/go-api/internal/service/match_history_service.go:379.46,380.17 1 1
levelup/go-api/internal/service/match_history_service.go:380.17,382.3 1 1
levelup/go-api/internal/service/match_history_service.go:383.2,384.15 2 1
levelup/go-api/internal/service/match_history_service.go:384.15,386.3 1 1
levelup/go-api/internal/service/match_history_service.go:387.2,389.39 3 1
levelup/go-api/internal/service/match_history_service.go:392.53,394.14 2 1
levelup/go-api/internal/service/match_history_service.go:394.14,396.3 1 1
levelup/go-api/internal/service/match_history_service.go:397.2,397.91 1 1
levelup/go-api/internal/service/match_history_service.go:400.60,401.32 1 1
levelup/go-api/internal/service/match_history_service.go:401.32,403.3 1 1
levelup/go-api/internal/service/match_history_service.go:404.2,405.44 2 1
levelup/go-api/internal/service/match_history_service.go:405.44,407.3 1 1
levelup/go-api/internal/service/match_history_service.go:408.2,409.24 2 1
levelup/go-api/internal/service/match_history_service.go:409.24,411.3 1 1
levelup/go-api/internal/service/match_history_service.go:412.2,412.22 1 1
levelup/go-api/internal/service/match_history_service.go:412.22,414.3 1 1
levelup/go-api/internal/service/match_history_service.go:415.2,416.13 2 1
levelup/go-api/internal/service/match_history_service.go:419.36,420.26 1 1
levelup/go-api/internal/service/match_history_service.go:420.26,422.3 1 1
levelup/go-api/internal/service/match_history_service.go:423.2,423.14 1 1
levelup/go-api/internal/service/match_history_service.go:423.14,425.3 1 1
levelup/go-api/internal/service/match_history_service.go:426.2,426.11 1 1
levelup/go-api/internal/service/match_history_service.go:429.31,430.13 1 1
levelup/go-api/internal/service/match_history_service.go:430.13,432.3 1 1
levelup/go-api/internal/service/match_history_service.go:433.2,433.11 1 1
levelup/go-api/internal/service/match_history_service.go:436.39,437.14 1 1
levelup/go-api/internal/service/match_history_service.go:437.14,439.3 1 1
levelup/go-api/internal/service/match_history_service.go:440.2,440.14 1 1
levelup/go-api/internal/service/match_history_service.go:440.14,442.3 1 1
levelup/go-api/internal/service/match_history_service.go:443.2,443.16 1 1
levelup/go-api/internal/service/match_history_service.go:446.33,447.14 1 1
levelup/go-api/internal/service/match_history_service.go:447.14,449.3 1 1
levelup/go-api/internal/service/match_history_service.go:450.2,450.14 1 1
levelup/go-api/internal/service/match_history_service.go:450.14,452.3 1 1
levelup/go-api/internal/service/match_history_service.go:453.2,453.16 1 1
levelup/go-api/internal/service/match_view_service.go:34.88,36.2 1 1
levelup/go-api/internal/service/match_view_service.go:39.112,41.16 2 1
levelup/go-api/internal/service/match_view_service.go:41.16,43.3 1 1
levelup/go-api/internal/service/match_view_service.go:45.2,46.16 2 1
levelup/go-api/internal/service/match_view_service.go:46.16,48.3 1 1
levelup/go-api/internal/service/match_view_service.go:49.2,50.16 2 1
levelup/go-api/internal/service/match_view_service.go:50.16,52.3 1 1
levelup/go-api/internal/service/match_view_service.go:53.2,54.16 2 1
levelup/go-api/internal/service/match_view_service.go:54.16,56.3 1 1
levelup/go-api/internal/service/match_view_service.go:57.2,58.16 2 1
levelup/go-api/internal/service/match_view_service.go:58.16,60.3 1 1
levelup/go-api/internal/service/match_view_service.go:61.2,62.16 2 1
levelup/go-api/internal/service/match_view_service.go:62.16,64.3 1 1
levelup/go-api/internal/service/match_view_service.go:65.2,66.16 2 1
levelup/go-api/internal/service/match_view_service.go:66.16,68.3 1 1
levelup/go-api/internal/service/match_view_service.go:69.2,70.16 2 1
levelup/go-api/internal/service/match_view_service.go:70.16,72.3 1 1
levelup/go-api/internal/service/match_view_service.go:74.2,88.8 6 1
levelup/go-api/internal/service/match_view_service.go:101.26,109.17 2 1
levelup/go-api/internal/service/match_view_service.go:109.17,111.3 1 1
levelup/go-api/internal/service/match_view_service.go:113.2,114.27 2 1
levelup/go-api/internal/service/match_view_service.go:114.27,116.3 1 1
levelup/go-api/internal/service/match_view_service.go:117.2,117.25 1 1
levelup/go-api/internal/service/match_view_service.go:117.25,119.3 1 1
levelup/go-api/internal/service/match_view_service.go:120.2,120.26 1 1
levelup/go-api/internal/service/match_view_service.go:120.26,122.3 1 1
levelup/go-api/internal/service/match_view_service.go:123.2,123.30 1 1
levelup/go-api/internal/service/match_view_service.go:123.30,125.3 1 1
levelup/go-api/internal/service/match_view_service.go:127.2,127.44 1 1
levelup/go-api/internal/service/match_view_service.go:127.44,133.3 5 1
levelup/go-api/internal/service/match_view_service.go:135.2,135.19 1 1
levelup/go-api/internal/service/match_view_service.go:135.19,136.37 1 1
levelup/go-api/internal/service/match_view_service.go:136.37,142.4 5 0
levelup/go-api/internal/service/match_view_service.go:143.3,143.35 1 1
levelup/go-api/internal/service/match_view_service.go:146.2,146.10 1 1
levelup/go-api/internal/service/match_view_service.go:150.64,152.33 2 1
levelup/go-api/internal/service/match_view_service.go:152.33,153.52 1 1
levelup/go-api/internal/service/match_view_service.go:153.52,154.12 1 1
levelup/go-api/internal/service/match_view_service.go:156.3,156.48 1 1
levelup/go-api/internal/service/match_view_service.go:158.2,158.26 1 1
levelup/go-api/internal/service/match_view_service.go:158.26,160.3 1 1
levelup/go-api/internal/service/match_view_service.go:161.2,162.30 2 1
levelup/go-api/internal/service/match_view_service.go:162.30,164.3 1 1
levelup/go-api/internal/service/match_view_service.go:166.2,167.21 2 1
levelup/go-api/internal/service/match_view_service.go:167.21,169.3 1 1
levelup/go-api/internal/service/match_view_service.go:170.2,170.11 1 0
levelup/go-api/internal/service/match_view_service.go:177.106,186.18 2 1
levelup/go-api/internal/service/match_view_service.go:186.18,188.3 1 1
levelup/go-api/internal/service/match_view_service.go:190.2,199.28 2 1
levelup/go-api/internal/service/match_view_service.go:199.28,201.33 2 1
levelup/go-api/internal/service/match_view_service.go:201.33,203.4 1 0
levelup/go-api/internal/service/match_view_service.go:204.3,209.4 1 1
levelup/go-api/internal/service/match_view_service.go:212.2,212.12 1 1
levelup/go-api/internal/service/match_view_service.go:215.63,216.19 1 1
levelup/go-api/internal/service/match_view_service.go:216.19,218.3 1 1
levelup/go-api/internal/service/match_view_service.go:219.2,220.24 2 1
levelup/go-api/internal/service/match_view_service.go:220.24,226.3 1 1
levelup/go-api/internal/service/match_view_service.go:227.2,227.15 1 1
levelup/go-api/internal/service/match_view_service.go:234.101,236.28 2 1
levelup/go-api/internal/service/match_view_service.go:236.28,242.3 1 1
levelup/go-api/internal/service/match_view_service.go:244.2,245.27 2 1
levelup/go-api/internal/service/match_view_service.go:245.27,251.3 1 1
levelup/go-api/internal/service/match_view_service.go:253.2,257.3 1 1
levelup/go-api/internal/service/match_view_service.go:264.117,266.31 2 1
levelup/go-api/internal/service/match_view_service.go:266.31,289.22 2 1
levelup/go-api/internal/service/match_view_service.go:289.22,292.4 2 0
levelup/go-api/internal/service/match_view_service.go:293.3,293.27 1 1
levelup/go-api/internal/service/match_view_service.go:297.2,299.37 3 1
levelup/go-api/internal/service/match_view_service.go:299.37,306.3 1 0
levelup/go-api/internal/service/match_view_service.go:307.2,312.3 2 1
levelup/go-api/internal/service/match_view_service.go:325.28,327.31 2 1
levelup/go-api/internal/service/match_view_service.go:327.31,329.3 1 1
levelup/go-api/internal/service/match_view_service.go:331.2,332.29 2 1
levelup/go-api/internal/service/match_view_service.go:332.29,333.30 1 1
levelup/go-api/internal/service/match_view_service.go:333.30,334.43 1 1
levelup/go-api/internal/service/match_view_service.go:334.43,336.17 2 1
levelup/go-api/internal/service/match_view_service.go:336.17,338.6 1 1
levelup/go-api/internal/service/match_view_service.go:339.5,339.56 1 1
levelup/go-api/internal/service/match_view_service.go:341.4,341.50 1 1
levelup/go-api/internal/service/match_view_service.go:343.3,343.30 1 1
levelup/go-api/internal/service/match_view_service.go:343.30,344.43 1 1
levelup/go-api/internal/service/match_view_service.go:344.43,346.17 2 0
levelup/go-api/internal/service/match_view_service.go:346.17,348.6 1 0
levelup/go-api/internal/service/match_view_service.go:349.5,349.56 1 0
levelup/go-api/internal/service/match_view_service.go:351.4,351.49 1 1
levelup/go-api/internal/service/match_view_service.go:354.2,354.15 1 1
levelup/go-api/internal/service/match_view_service.go:362.36,363.38 1 1
levelup/go-api/internal/service/match_view_service.go:363.38,365.3 1 1
levelup/go-api/internal/service/match_view_service.go:366.2,366.18 1 1
levelup/go-api/internal/service/match_view_service.go:369.38,370.9 1 1
levelup/go-api/internal/service/match_view_service.go:371.19,372.19 1 1
levelup/go-api/internal/service/match_view_service.go:373.19,374.19 1 1
levelup/go-api/internal/service/match_view_service.go:375.19,376.19 1 1
levelup/go-api/internal/service/match_view_service.go:377.10,378.19 1 1
levelup/go-api/internal/service/match_view_service.go:384.43,393.2 3 1
levelup/go-api/internal/service/match_view_service.go:395.24,396.30 1 1
levelup/go-api/internal/service/match_view_service.go:396.30,397.43 1 1
levelup/go-api/internal/service/match_view_service.go:397.43,399.4 1 1
levelup/go-api/internal/service/match_view_service.go:403.56,404.30 1 1
levelup/go-api/internal/service/match_view_service.go:404.30,405.61 1 1
levelup/go-api/internal/service/match_view_service.go:405.61,407.4 1 1
levelup/go-api/internal/service/media_index_service.go:35.44,37.2 1 0
levelup/go-api/internal/service/media_index_service.go:46.9,50.16 3 0
levelup/go-api/internal/service/media_index_service.go:50.16,52.25 1 0
levelup/go-api/internal/service/media_index_service.go:52.25,56.4 3 0
levelup/go-api/internal/service/media_index_service.go:57.3,57.72 1 0
levelup/go-api/internal/service/media_index_service.go:61.2,62.28 2 0
levelup/go-api/internal/service/media_index_service.go:62.28,63.16 1 0
levelup/go-api/internal/service/media_index_service.go:63.16,65.4 1 0
levelup/go-api/internal/service/media_index_service.go:68.2,69.16 2 0
levelup/go-api/internal/service/media_index_service.go:69.16,73.3 3 0
levelup/go-api/internal/service/media_index_service.go:75.2,75.35 1 0
levelup/go-api/internal/service/media_index_service.go:75.35,76.23 1 0
levelup/go-api/internal/service/media_index_service.go:76.23,78.4 1 0
levelup/go-api/internal/service/media_index_service.go:80.3,86.57 5 0
levelup/go-api/internal/service/media_index_service.go:86.57,89.4 2 0
levelup/go-api/internal/service/media_index_service.go:91.3,91.55 1 0
levelup/go-api/internal/service/media_index_service.go:91.55,93.58 1 0
levelup/go-api/internal/service/media_index_service.go:93.58,96.5 2 0
levelup/go-api/internal/service/media_index_service.go:97.4,97.12 1 0
levelup/go-api/internal/service/media_index_service.go:100.3,100.19 1 0
levelup/go-api/internal/service/media_index_service.go:100.19,102.50 2 0
levelup/go-api/internal/service/media_index_service.go:102.50,105.59 3 0
levelup/go-api/internal/service/media_index_service.go:105.59,108.6 2 0
levelup/go-api/internal/service/media_index_service.go:110.5,115.20 1 0
levelup/go-api/internal/service/media_index_service.go:115.20,116.60 1 0
levelup/go-api/internal/service/media_index_service.go:116.60,119.7 2 0
levelup/go-api/internal/service/media_index_service.go:125.2,125.12 1 0
levelup/go-api/internal/service/media_index_service.go:130.49,131.51 1 0
levelup/go-api/internal/service/media_index_service.go:131.51,133.3 1 0
levelup/go-api/internal/service/media_index_service.go:135.2,136.16 2 0
levelup/go-api/internal/service/media_index_service.go:136.16,138.3 1 0
levelup/go-api/internal/service/media_index_service.go:139.2,141.75 2 0
levelup/go-api/internal/service/media_index_service.go:141.75,143.3 1 0
levelup/go-api/internal/service/media_index_service.go:144.2,144.62 1 0
levelup/go-api/internal/service/media_index_service.go:144.62,146.3 1 0
levelup/go-api/internal/service/media_index_service.go:147.2,147.12 1 0
levelup/go-api/internal/service/media_service.go:24.63,26.2 1 1
levelup/go-api/internal/service/media_service.go:32.38,33.14 1 1
levelup/go-api/internal/service/media_service.go:33.14,35.3 1 1
levelup/go-api/internal/service/media_service.go:36.2,40.16 4 1
levelup/go-api/internal/service/media_service.go:40.16,42.3 1 1
levelup/go-api/internal/service/media_service.go:44.2,45.16 2 1
levelup/go-api/internal/service/media_service.go:45.16,47.3 1 1
levelup/go-api/internal/service/media_service.go:49.2,57.8 2 1
levelup/go-api/internal/service/media_service.go:62.113,65.25 2 1
levelup/go-api/internal/service/media_service.go:65.25,67.3 1 1
levelup/go-api/internal/service/media_service.go:69.2,69.60 1 1
levelup/go-api/internal/service/media_service.go:69.60,71.3 1 0
levelup/go-api/internal/service/media_service.go:73.2,73.30 1 1
levelup/go-api/internal/service/media_service.go:73.30,75.59 2 1
levelup/go-api/internal/service/media_service.go:75.59,79.12 3 0
levelup/go-api/internal/service/media_service.go:81.3,83.41 2 1
levelup/go-api/internal/service/media_service.go:86.2,86.23 1 1
levelup/go-api/internal/service/media_service.go:86.23,89.3 2 0
levelup/go-api/internal/service/media_service.go:91.2,92.14 2 1
levelup/go-api/internal/service/media_service.go:92.14,94.3 1 1
levelup/go-api/internal/service/media_service.go:96.2,104.16 3 1
levelup/go-api/internal/service/media_service.go:104.16,107.3 2 0
levelup/go-api/internal/service/media_service.go:108.2,116.24 7 1
levelup/go-api/internal/service/media_service.go:116.24,119.3 2 1
levelup/go-api/internal/service/media_service.go:121.2,128.20 2 1
levelup/go-api/internal/service/media_service.go:131.69,133.25 2 1
levelup/go-api/internal/service/media_service.go:133.25,143.3 1 1
levelup/go-api/internal/service/media_service.go:144.2,144.14 1 1
levelup/go-api/internal/service/profile_service.go:24.73,26.2 1 1
levelup/go-api/internal/service/profile_service.go:49.104,51.21 2 1
levelup/go-api/internal/service/profile_service.go:51.21,53.3 1 1
levelup/go-api/internal/service/profile_service.go:55.2,56.39 2 1
levelup/go-api/internal/service/profile_service.go:56.39,58.3 1 0
levelup/go-api/internal/service/profile_service.go:60.2,62.41 2 1
levelup/go-api/internal/service/profile_service.go:62.41,64.3 1 1
levelup/go-api/internal/service/profile_service.go:65.2,69.31 3 1
levelup/go-api/internal/service/profile_service.go:69.31,70.41 1 1
levelup/go-api/internal/service/profile_service.go:70.41,72.9 2 0
levelup/go-api/internal/service/profile_service.go:76.2,80.19 4 1
levelup/go-api/internal/service/profile_service.go:80.19,82.3 1 0
levelup/go-api/internal/service/profile_service.go:84.2,88.20 2 1
levelup/go-api/internal/service/profile_service.go:88.20,90.3 1 1
levelup/go-api/internal/service/profile_service.go:93.2,93.49 1 1
levelup/go-api/internal/service/profile_service.go:93.49,94.44 1 0
levelup/go-api/internal/service/profile_service.go:94.44,96.4 1 0
levelup/go-api/internal/service/profile_service.go:98.2,103.16 4 1
levelup/go-api/internal/service/profile_service.go:103.16,105.3 1 0
levelup/go-api/internal/service/profile_service.go:106.2,106.67 1 1
levelup/go-api/internal/service/profile_service.go:106.67,108.3 1 0
levelup/go-api/internal/service/profile_service.go:111.2,112.54 2 1
levelup/go-api/internal/service/profile_service.go:112.54,114.3 1 0
levelup/go-api/internal/service/profile_service.go:116.2,116.27 1 1
levelup/go-api/internal/service/profile_service.go:121.79,122.20 1 1
levelup/go-api/internal/service/profile_service.go:122.20,127.3 1 1
levelup/go-api/internal/service/profile_service.go:129.2,132.60 2 1
levelup/go-api/internal/service/profile_service.go:132.60,134.3 1 0
levelup/go-api/internal/service/profile_service.go:136.2,136.35 1 1
levelup/go-api/internal/service/profile_service.go:136.35,138.51 2 1
levelup/go-api/internal/service/profile_service.go:138.51,139.26 1 1
levelup/go-api/internal/service/profile_service.go:139.26,141.5 1 0
levelup/go-api/internal/service/profile_service.go:142.4,142.13 1 1
levelup/go-api/internal/service/profile_service.go:147.2,148.50 2 1
levelup/go-api/internal/service/profile_service.go:148.50,150.3 1 0
levelup/go-api/internal/service/profile_service.go:152.2,156.26 2 1
levelup/go-api/internal/service/profile_service.go:156.26,158.3 1 1
levelup/go-api/internal/service/profile_service.go:159.2,159.15 1 1
levelup/go-api/internal/service/session_compare_service.go:29.26,34.2 1 1
levelup/go-api/internal/service/session_compare_service.go:40.42,43.16 2 1
levelup/go-api/internal/service/session_compare_service.go:43.16,45.3 1 1
levelup/go-api/internal/service/session_compare_service.go:48.2,50.28 2 1
levelup/go-api/internal/service/session_compare_service.go:50.28,57.3 1 1
levelup/go-api/internal/service/session_compare_service.go:60.2,79.8 8 0
levelup/go-api/internal/service/session_compare_service.go:86.68,89.28 3 1
levelup/go-api/internal/service/session_compare_service.go:89.28,90.54 1 1
levelup/go-api/internal/service/session_compare_service.go:90.54,93.4 2 1
levelup/go-api/internal/service/session_compare_service.go:96.2,97.15 2 1
levelup/go-api/internal/service/session_compare_service.go:100.58,101.40 1 1
levelup/go-api/internal/service/session_compare_service.go:101.40,103.3 1 1
levelup/go-api/internal/service/session_compare_service.go:104.2,104.22 1 1
levelup/go-api/internal/service/session_compare_service.go:104.22,106.3 1 1
levelup/go-api/internal/service/session_compare_service.go:107.2,107.30 1 1
levelup/go-api/internal/service/session_compare_service.go:110.64,111.40 1 1
levelup/go-api/internal/service/session_compare_service.go:111.40,113.3 1 0
levelup/go-api/internal/service/session_compare_service.go:114.2,114.21 1 1
levelup/go-api/internal/service/session_compare_service.go:114.21,116.3 1 1
levelup/go-api/internal/service/session_compare_service.go:117.2,117.30 1 1
levelup/go-api/internal/service/session_compare_service.go:120.91,121.17 1 1
levelup/go-api/internal/service/session_compare_service.go:121.17,123.3 1 1
levelup/go-api/internal/service/session_compare_service.go:124.2,125.28 2 1
levelup/go-api/internal/service/session_compare_service.go:125.28,126.56 1 1
levelup/go-api/internal/service/session_compare_service.go:126.56,128.4 1 1
levelup/go-api/internal/service/session_compare_service.go:130.2,130.12 1 1
levelup/go-api/internal/service/session_compare_service.go:133.98,134.38 1 1
levelup/go-api/internal/service/session_compare_service.go:134.38,136.3 1 1
levelup/go-api/internal/service/session_compare_service.go:137.2,140.28 4 1
levelup/go-api/internal/service/session_compare_service.go:140.28,141.13 1 1
levelup/go-api/internal/service/session_compare_service.go:141.13,144.4 2 1
levelup/go-api/internal/service/session_compare_service.go:145.3,145.34 1 1
levelup/go-api/internal/service/session_compare_service.go:145.34,147.4 1 0
levelup/go-api/internal/service/session_compare_service.go:148.3,148.33 1 1
levelup/go-api/internal/service/session_compare_service.go:148.33,150.4 1 1
levelup/go-api/internal/service/session_compare_service.go:151.3,151.23 1 1
levelup/go-api/internal/service/session_compare_service.go:151.23,152.41 1 1
levelup/go-api/internal/service/session_compare_service.go:152.41,154.5 1 1
levelup/go-api/internal/service/session_compare_service.go:154.10,154.49 1 0
levelup/go-api/internal/service/session_compare_service.go:154.49,156.5 1 0
levelup/go-api/internal/service/session_compare_service.go:158.3,159.26 2 1
levelup/go-api/internal/service/session_compare_service.go:162.2,163.21 2 1
levelup/go-api/internal/service/session_compare_service.go:163.21,166.3 2 1
levelup/go-api/internal/service/session_compare_service.go:168.2,179.3 3 1
levelup/go-api/internal/service/session_compare_service.go:182.88,202.2 14 1
levelup/go-api/internal/service/session_compare_service.go:204.54,205.23 1 1
levelup/go-api/internal/service/session_compare_service.go:205.23,207.3 1 1
levelup/go-api/internal/service/session_compare_service.go:208.2,209.28 2 1
levelup/go-api/internal/service/session_compare_service.go:209.28,210.60 1 1
levelup/go-api/internal/service/session_compare_service.go:210.60,212.4 1 1
levelup/go-api/internal/service/session_compare_service.go:214.2,214.52 1 1
levelup/go-api/internal/service/session_compare_service.go:217.52,218.23 1 1
levelup/go-api/internal/service/session_compare_service.go:218.23,220.3 1 1
levelup/go-api/internal/service/session_compare_service.go:221.2,222.28 2 1
levelup/go-api/internal/service/session_compare_service.go:222.28,225.3 2 1
levelup/go-api/internal/service/session_compare_service.go:226.2,226.12 1 1
levelup/go-api/internal/service/session_compare_service.go:226.12,228.3 1 1
levelup/go-api/internal/service/session_compare_service.go:229.2,229.32 1 1
levelup/go-api/internal/service/session_compare_service.go:232.59,233.23 1 1
levelup/go-api/internal/service/session_compare_service.go:233.23,235.3 1 1
levelup/go-api/internal/service/session_compare_service.go:236.2,237.28 2 1
levelup/go-api/internal/service/session_compare_service.go:237.28,239.3 1 1
levelup/go-api/internal/service/session_compare_service.go:240.2,240.47 1 1
levelup/go-api/internal/service/session_compare_service.go:243.60,244.23 1 1
levelup/go-api/internal/service/session_compare_service.go:244.23,246.3 1 1
levelup/go-api/internal/service/session_compare_service.go:247.2,248.28 2 1
levelup/go-api/internal/service/session_compare_service.go:248.28,250.3 1 1
levelup/go-api/internal/service/session_compare_service.go:251.2,251.47 1 1
levelup/go-api/internal/service/session_compare_service.go:254.99,263.2 5 1
levelup/go-api/internal/service/session_compare_service.go:265.106,274.2 5 1
levelup/go-api/internal/service/session_compare_service.go:276.44,278.29 2 1
levelup/go-api/internal/service/session_compare_service.go:278.29,281.3 2 1
levelup/go-api/internal/service/session_compare_service.go:282.2,282.11 1 1
levelup/go-api/internal/service/session_compare_service.go:282.11,285.3 2 1
levelup/go-api/internal/service/session_compare_service.go:286.2,287.11 2 1
levelup/go-api/internal/service/sessions_service.go:22.72,24.2 1 1
levelup/go-api/internal/service/sessions_service.go:30.36,32.16 2 1
levelup/go-api/internal/service/sessions_service.go:32.16,34.3 1 1
levelup/go-api/internal/service/sessions_service.go:35.2,35.20 1 1
levelup/go-api/internal/service/sessions_service.go:35.20,40.3 1 1
levelup/go-api/internal/service/sessions_service.go:43.2,44.19 2 1
levelup/go-api/internal/service/sessions_service.go:45.29,46.64 1 1
levelup/go-api/internal/service/sessions_service.go:47.10,48.64 1 1
levelup/go-api/internal/service/sessions_service.go:52.2,64.8 5 1
levelup/go-api/internal/service/sessions_service.go:68.62,69.20 1 1
levelup/go-api/internal/service/sessions_service.go:69.20,71.3 1 0
levelup/go-api/internal/service/sessions_service.go:72.2,73.25 2 1
levelup/go-api/internal/service/sessions_service.go:73.25,74.13 1 1
levelup/go-api/internal/service/sessions_service.go:74.13,77.12 3 1
levelup/go-api/internal/service/sessions_service.go:79.3,79.32 1 1
levelup/go-api/internal/service/sessions_service.go:79.32,81.4 1 0
levelup/go-api/internal/service/sessions_service.go:82.3,82.30 1 1
levelup/go-api/internal/service/sessions_service.go:82.30,84.4 1 1
levelup/go-api/internal/service/sessions_service.go:86.2,86.39 1 1
levelup/go-api/internal/service/squad_service.go:18.63,20.2 1 1
levelup/go-api/internal/service/squad_service.go:26.38,28.16 2 1
levelup/go-api/internal/service/squad_service.go:28.16,30.3 1 1
levelup/go-api/internal/service/squad_service.go:31.2,33.24 2 1
levelup/go-api/internal/service/squad_service.go:33.24,35.3 1 1
levelup/go-api/internal/service/squad_service.go:37.2,38.16 2 1
levelup/go-api/internal/service/squad_service.go:38.16,40.3 1 1
levelup/go-api/internal/service/squad_service.go:41.2,42.16 2 1
levelup/go-api/internal/service/squad_service.go:42.16,44.3 1 0
levelup/go-api/internal/service/squad_service.go:46.2,60.30 11 1
levelup/go-api/internal/service/squad_service.go:60.30,61.22 1 1
levelup/go-api/internal/service/squad_service.go:61.22,63.4 1 1
levelup/go-api/internal/service/squad_service.go:63.9,65.4 1 0
levelup/go-api/internal/service/squad_service.go:68.2,86.8 3 1
levelup/go-api/internal/service/squad_service.go:94.42,97.16 2 1
levelup/go-api/internal/service/squad_service.go:97.16,99.3 1 1
levelup/go-api/internal/service/squad_service.go:101.2,115.8 6 1
levelup/go-api/internal/service/squad_service.go:122.75,124.25 2 1
levelup/go-api/internal/service/squad_service.go:124.25,134.3 1 1
levelup/go-api/internal/service/squad_service.go:135.2,135.15 1 1
levelup/go-api/internal/service/squad_service.go:138.76,139.25 1 1
levelup/go-api/internal/service/squad_service.go:139.25,140.21 1 1
levelup/go-api/internal/service/squad_service.go:140.21,142.4 1 1
levelup/go-api/internal/service/squad_service.go:144.2,144.13 1 0
levelup/go-api/internal/service/squad_service.go:147.60,149.25 2 1
levelup/go-api/internal/service/squad_service.go:149.25,151.3 1 1
levelup/go-api/internal/service/squad_service.go:152.2,152.12 1 1
levelup/go-api/internal/service/squad_service.go:155.85,158.24 3 1
levelup/go-api/internal/service/squad_service.go:158.24,160.3 1 1
levelup/go-api/internal/service/squad_service.go:161.2,161.24 1 1
levelup/go-api/internal/service/squad_service.go:161.24,163.3 1 1
levelup/go-api/internal/service/squad_service.go:164.2,164.22 1 1
levelup/go-api/internal/service/squad_service.go:164.22,166.3 1 1
levelup/go-api/internal/service/squad_service.go:167.2,167.15 1 1
levelup/go-api/internal/service/squad_service.go:173.76,177.27 4 1
levelup/go-api/internal/service/squad_service.go:177.27,179.39 2 1
levelup/go-api/internal/service/squad_service.go:179.39,181.22 2 1
levelup/go-api/internal/service/squad_service.go:181.22,183.5 1 1
levelup/go-api/internal/service/squad_service.go:185.3,185.19 1 1
levelup/go-api/internal/service/squad_service.go:185.19,188.4 2 0
levelup/go-api/internal/service/squad_service.go:189.3,189.42 1 1
levelup/go-api/internal/service/squad_service.go:191.2,191.15 1 1
levelup/go-api/internal/service/squad_service.go:191.15,193.3 1 1
levelup/go-api/internal/service/squad_service.go:194.2,194.14 1 1
levelup/go-api/internal/service/squad_service.go:194.14,196.3 1 0
levelup/go-api/internal/service/squad_service.go:197.2,199.27 3 1
levelup/go-api/internal/service/squad_service.go:199.27,200.21 1 1
levelup/go-api/internal/service/squad_service.go:200.21,203.4 2 0
levelup/go-api/internal/service/squad_service.go:205.2,205.16 1 1
levelup/go-api/internal/service/squad_service.go:205.16,207.3 1 0
levelup/go-api/internal/service/squad_service.go:208.2,208.8 1 1
levelup/go-api/internal/service/stats_service.go:29.63,31.2 1 1
levelup/go-api/internal/service/stats_service.go:37.37,39.16 2 1
levelup/go-api/internal/service/stats_service.go:39.16,41.3 1 1
levelup/go-api/internal/service/stats_service.go:43.2,49.23 3 1
levelup/go-api/internal/service/stats_service.go:49.23,51.3 1 1
levelup/go-api/internal/service/stats_service.go:53.2,53.17 1 1
levelup/go-api/internal/service/stats_service.go:54.22,56.22 2 1
levelup/go-api/internal/service/stats_service.go:57.18,59.23 2 1
levelup/go-api/internal/service/stats_service.go:60.19,62.24 2 1
levelup/go-api/internal/service/stats_service.go:63.14,65.19 2 1
levelup/go-api/internal/service/stats_service.go:66.14,68.17 2 1
levelup/go-api/internal/service/stats_service.go:68.17,70.4 1 0
levelup/go-api/internal/service/stats_service.go:71.3,71.19 1 1
levelup/go-api/internal/service/stats_service.go:72.13,78.17 6 1
levelup/go-api/internal/service/stats_service.go:78.17,80.4 1 0
levelup/go-api/internal/service/stats_service.go:81.3,85.18 5 1
levelup/go-api/internal/service/stats_service.go:88.2,88.18 1 1
levelup/go-api/internal/service/stats_service.go:93.80,105.28 10 1
levelup/go-api/internal/service/stats_service.go:105.28,107.23 2 1
levelup/go-api/internal/service/stats_service.go:107.23,109.4 1 1
levelup/go-api/internal/service/stats_service.go:110.3,115.37 2 1
levelup/go-api/internal/service/stats_service.go:115.37,117.4 1 1
levelup/go-api/internal/service/stats_service.go:120.3,128.29 3 1
levelup/go-api/internal/service/stats_service.go:128.29,130.4 1 1
levelup/go-api/internal/service/stats_service.go:131.3,139.42 3 1
levelup/go-api/internal/service/stats_service.go:139.42,141.4 1 0
levelup/go-api/internal/service/stats_service.go:142.3,143.36 2 1
levelup/go-api/internal/service/stats_service.go:143.36,144.32 1 1
levelup/go-api/internal/service/stats_service.go:144.32,146.5 1 1
levelup/go-api/internal/service/stats_service.go:148.3,148.89 1 1
levelup/go-api/internal/service/stats_service.go:151.2,152.22 2 1
levelup/go-api/internal/service/stats_service.go:152.22,154.3 1 1
levelup/go-api/internal/service/stats_service.go:156.2,163.3 1 1
levelup/go-api/internal/service/stats_service.go:168.82,174.28 5 1
levelup/go-api/internal/service/stats_service.go:174.28,175.24 1 1
levelup/go-api/internal/service/stats_service.go:175.24,182.4 3 1
levelup/go-api/internal/service/stats_service.go:183.3,183.87 1 1
levelup/go-api/internal/service/stats_service.go:183.87,186.4 2 1
levelup/go-api/internal/service/stats_service.go:189.2,190.15 2 1
levelup/go-api/internal/service/stats_service.go:190.15,192.3 1 1
levelup/go-api/internal/service/stats_service.go:194.2,199.3 1 1
levelup/go-api/internal/service/stats_service.go:204.84,210.28 5 1
levelup/go-api/internal/service/stats_service.go:210.28,217.29 3 1
levelup/go-api/internal/service/stats_service.go:217.29,220.4 2 1
levelup/go-api/internal/service/stats_service.go:223.2,224.22 2 1
levelup/go-api/internal/service/stats_service.go:224.22,226.3 1 1
levelup/go-api/internal/service/stats_service.go:228.2,233.3 1 1
levelup/go-api/internal/service/stats_service.go:238.74,244.28 5 1
levelup/go-api/internal/service/stats_service.go:244.28,246.45 2 1
levelup/go-api/internal/service/stats_service.go:246.45,248.4 1 1
levelup/go-api/internal/service/stats_service.go:249.3,249.19 1 1
levelup/go-api/internal/service/stats_service.go:249.19,252.4 2 1
levelup/go-api/internal/service/stats_service.go:253.3,257.4 1 1
levelup/go-api/internal/service/stats_service.go:260.2,261.15 2 1
levelup/go-api/internal/service/stats_service.go:261.15,264.3 2 1
levelup/go-api/internal/service/stats_service.go:266.2,270.3 1 1
levelup/go-api/internal/service/stats_service.go:278.35,281.16 2 1
levelup/go-api/internal/service/stats_service.go:281.16,283.3 1 0
levelup/go-api/internal/service/stats_service.go:285.2,287.28 3 1
levelup/go-api/internal/service/stats_service.go:287.28,294.3 1 1
levelup/go-api/internal/service/stats_service.go:296.2,297.21 2 1
levelup/go-api/internal/service/stats_service.go:297.21,300.3 2 1
levelup/go-api/internal/service/stats_service.go:302.2,306.8 1 1
levelup/go-api/internal/service/stats_service.go:312.85,313.23 1 1
levelup/go-api/internal/service/stats_service.go:313.23,315.3 1 1
levelup/go-api/internal/service/stats_service.go:316.2,318.28 3 1
levelup/go-api/internal/service/stats_service.go:318.28,319.32 1 1
levelup/go-api/internal/service/stats_service.go:319.32,321.4 1 0
levelup/go-api/internal/service/stats_service.go:322.3,322.30 1 1
levelup/go-api/internal/service/stats_service.go:322.30,324.4 1 0
levelup/go-api/internal/service/stats_service.go:326.2,327.37 2 1
levelup/go-api/internal/service/teammates_service.go:24.71,26.2 1 1
levelup/go-api/internal/service/teammates_service.go:33.41,35.16 2 1
levelup/go-api/internal/service/teammates_service.go:35.16,37.3 1 1
levelup/go-api/internal/service/teammates_service.go:40.2,44.16 3 1
levelup/go-api/internal/service/teammates_service.go:44.16,46.3 1 0
levelup/go-api/internal/service/teammates_service.go:47.2,52.43 4 1
levelup/go-api/internal/service/teammates_service.go:52.43,54.17 2 0
levelup/go-api/internal/service/teammates_service.go:54.17,55.12 1 0
levelup/go-api/internal/service/teammates_service.go:57.3,57.17 1 0
levelup/go-api/internal/service/teammates_service.go:57.17,59.4 1 0
levelup/go-api/internal/service/teammates_service.go:62.2,67.8 1 1
levelup/go-api/internal/service/teammates_service.go:71.81,73.25 2 1
levelup/go-api/internal/service/teammates_service.go:73.25,80.3 2 1
levelup/go-api/internal/service/teammates_service.go:81.2,81.13 1 1
levelup/go-api/internal/service/teammates_service.go:90.32,94.28 3 0
levelup/go-api/internal/service/teammates_service.go:94.28,95.29 1 0
levelup/go-api/internal/service/teammates_service.go:95.29,98.9 3 0
levelup/go-api/internal/service/teammates_service.go:101.2,101.24 1 0
levelup/go-api/internal/service/teammates_service.go:101.24,103.3 1 0
levelup/go-api/internal/service/teammates_service.go:106.2,107.16 2 0
levelup/go-api/internal/service/teammates_service.go:107.16,109.3 1 0
levelup/go-api/internal/service/teammates_service.go:111.2,115.33 3 0
levelup/go-api/internal/service/teammates_service.go:115.33,117.3 1 0
levelup/go-api/internal/service/teammates_service.go:118.2,122.27 4 0
levelup/go-api/internal/service/teammates_service.go:122.27,124.34 2 0
levelup/go-api/internal/service/teammates_service.go:124.34,125.28 1 0
levelup/go-api/internal/service/teammates_service.go:125.28,127.5 1 0
levelup/go-api/internal/service/teammates_service.go:129.3,129.16 1 0
levelup/go-api/internal/service/teammates_service.go:132.2,139.8 1 0
levelup/go-api/internal/service/teammates_service.go:143.86,145.12 2 1
levelup/go-api/internal/service/teammates_service.go:145.12,147.3 1 1
levelup/go-api/internal/service/teammates_service.go:148.2,151.28 4 1
levelup/go-api/internal/service/teammates_service.go:151.28,152.39 1 1
levelup/go-api/internal/service/teammates_service.go:152.39,154.4 1 1
levelup/go-api/internal/service/teammates_service.go:155.3,158.24 4 1
levelup/go-api/internal/service/teammates_service.go:158.24,161.4 2 1
levelup/go-api/internal/service/teammates_service.go:163.2,167.18 5 1
levelup/go-api/internal/service/teammates_service.go:167.18,170.3 2 1
levelup/go-api/internal/service/teammates_service.go:171.2,179.3 1 1
levelup/go-api/internal/service/teammates_service.go:186.23,188.28 2 1
levelup/go-api/internal/service/teammates_service.go:188.28,189.26 1 1
levelup/go-api/internal/service/teammates_service.go:189.26,191.4 1 1
levelup/go-api/internal/service/teammates_service.go:193.2,194.12 2 1
levelup/go-api/internal/service/teammates_service.go:194.12,196.3 1 1
levelup/go-api/internal/service/teammates_service.go:197.2,199.29 3 1
levelup/go-api/internal/service/teammates_service.go:199.29,200.39 1 1
levelup/go-api/internal/service/teammates_service.go:200.39,202.4 1 1
levelup/go-api/internal/service/teammates_service.go:203.3,204.26 2 1
levelup/go-api/internal/service/teammates_service.go:206.2,214.3 3 1
levelup/go-api/internal/service/teammates_service.go:218.84,220.28 2 1
levelup/go-api/internal/service/teammates_service.go:220.28,221.23 1 1
levelup/go-api/internal/service/teammates_service.go:221.23,223.4 1 1
levelup/go-api/internal/service/teammates_service.go:225.2,225.20 1 1
levelup/go-api/internal/service/teammates_service.go:225.20,227.3 1 1
levelup/go-api/internal/service/teammates_service.go:228.2,229.14 2 1
levelup/go-api/internal/service/teammates_service.go:232.36,233.12 1 1
levelup/go-api/internal/service/teammates_service.go:233.12,235.3 1 1
levelup/go-api/internal/service/teammates_service.go:236.2,236.22 1 1
levelup/go-api/internal/service/teammates_service.go:239.32,241.2 1 1
levelup/go-api/internal/service/timeseries_service.go:28.73,30.2 1 1
levelup/go-api/internal/service/timeseries_service.go:36.42,38.16 2 1
levelup/go-api/internal/service/timeseries_service.go:38.16,40.3 1 1
levelup/go-api/internal/service/timeseries_service.go:42.2,51.18 2 1
levelup/go-api/internal/service/timeseries_service.go:58.92,61.12 3 1
levelup/go-api/internal/service/timeseries_service.go:61.12,63.3 1 1
levelup/go-api/internal/service/timeseries_service.go:65.2,67.28 3 1
levelup/go-api/internal/service/timeseries_service.go:67.28,68.60 1 1
levelup/go-api/internal/service/timeseries_service.go:68.60,70.4 1 1
levelup/go-api/internal/service/timeseries_service.go:71.3,73.24 3 1
levelup/go-api/internal/service/timeseries_service.go:73.24,76.4 2 1
levelup/go-api/internal/service/timeseries_service.go:79.2,81.21 3 1
levelup/go-api/internal/service/timeseries_service.go:81.21,83.3 1 1
levelup/go-api/internal/service/timeseries_service.go:85.2,92.14 2 1
levelup/go-api/internal/service/timeseries_service.go:92.14,97.3 2 1
levelup/go-api/internal/service/timeseries_service.go:99.2,99.53 1 1
levelup/go-api/internal/service/timeseries_service.go:106.78,108.12 2 1
levelup/go-api/internal/service/timeseries_service.go:108.12,110.3 1 1
levelup/go-api/internal/service/timeseries_service.go:112.2,119.28 6 1
levelup/go-api/internal/service/timeseries_service.go:119.28,124.22 4 1
levelup/go-api/internal/service/timeseries_service.go:124.22,126.4 1 1
levelup/go-api/internal/service/timeseries_service.go:127.3,139.16 6 1
levelup/go-api/internal/service/timeseries_service.go:139.16,141.4 1 1
levelup/go-api/internal/service/timeseries_service.go:142.3,143.31 2 1
levelup/go-api/internal/service/timeseries_service.go:143.31,146.4 2 1
levelup/go-api/internal/service/timeseries_service.go:147.3,148.13 2 1
levelup/go-api/internal/service/timeseries_service.go:148.13,150.4 1 1
levelup/go-api/internal/service/timeseries_service.go:151.3,153.5 1 1
levelup/go-api/internal/service/timeseries_service.go:156.2,160.3 1 1
levelup/go-api/internal/service/timeseries_service.go:167.86,174.28 5 1
levelup/go-api/internal/service/timeseries_service.go:174.28,176.19 2 1
levelup/go-api/internal/service/timeseries_service.go:176.19,178.4 1 1
levelup/go-api/internal/service/timeseries_service.go:179.3,179.13 1 1
levelup/go-api/internal/service/timeseries_service.go:179.13,181.4 1 1
levelup/go-api/internal/service/timeseries_service.go:181.9,183.4 1 1
levelup/go-api/internal/service/timeseries_service.go:184.3,187.5 1 1
levelup/go-api/internal/service/timeseries_service.go:190.2,193.3 1 1
levelup/go-api/internal/service/timeseries_service.go:197.94,201.21 3 1
levelup/go-api/internal/service/timeseries_service.go:201.21,203.3 1 1
levelup/go-api/internal/service/timeseries_service.go:206.2,208.28 3 1
levelup/go-api/internal/service/timeseries_service.go:208.28,210.19 2 1
levelup/go-api/internal/service/timeseries_service.go:210.19,212.4 1 1
levelup/go-api/internal/service/timeseries_service.go:213.3,218.10 6 1
levelup/go-api/internal/service/timeseries_service.go:221.2,221.25 1 1
levelup/go-api/internal/service/timeseries_service.go:221.25,223.3 1 0
levelup/go-api/internal/service/timeseries_service.go:225.2,227.16 3 1
levelup/go-api/internal/service/timeseries_service.go:227.16,229.3 1 0
levelup/go-api/internal/service/timeseries_service.go:231.2,237.28 5 1
levelup/go-api/internal/service/timeseries_service.go:237.28,239.19 2 1
levelup/go-api/internal/service/timeseries_service.go:239.19,241.4 1 1
levelup/go-api/internal/service/timeseries_service.go:242.3,244.39 3 1
levelup/go-api/internal/service/timeseries_service.go:247.2,248.15 2 1
levelup/go-api/internal/service/timeseries_service.go:248.15,251.3 2 1
levelup/go-api/internal/service/timeseries_service.go:253.2,257.29 3 1
levelup/go-api/internal/service/timeseries_service.go:257.29,260.3 2 1
levelup/go-api/internal/service/timeseries_service.go:260.8,260.22 1 1
levelup/go-api/internal/service/timeseries_service.go:260.22,263.3 2 1
levelup/go-api/internal/service/timeseries_service.go:263.8,266.3 2 1
levelup/go-api/internal/service/timeseries_service.go:268.2,273.3 1 1
levelup/go-api/internal/service/timeseries_service.go:281.86,282.23 1 1
levelup/go-api/internal/service/timeseries_service.go:282.23,287.3 1 1
levelup/go-api/internal/service/timeseries_service.go:290.2,297.28 4 1
levelup/go-api/internal/service/timeseries_service.go:297.28,304.10 6 1
levelup/go-api/internal/service/timeseries_service.go:304.10,307.4 2 1
levelup/go-api/internal/service/timeseries_service.go:308.3,314.87 5 1
levelup/go-api/internal/service/timeseries_service.go:314.87,316.4 1 1
levelup/go-api/internal/service/timeseries_service.go:317.3,320.5 1 1
levelup/go-api/internal/service/timeseries_service.go:323.2,324.30 2 1
levelup/go-api/internal/service/timeseries_service.go:324.30,326.19 2 1
levelup/go-api/internal/service/timeseries_service.go:326.19,328.4 1 1
levelup/go-api/internal/service/timeseries_service.go:329.3,334.5 1 1
levelup/go-api/internal/service/timeseries_service.go:337.2,340.3 1 1
levelup/go-api/internal/service/timeseries_service.go:348.94,349.23 1 1
levelup/go-api/internal/service/timeseries_service.go:349.23,356.3 1 1
levelup/go-api/internal/service/timeseries_service.go:358.2,367.3 4 1
levelup/go-api/internal/service/timeseries_service.go:371.82,379.28 4 1
levelup/go-api/internal/service/timeseries_service.go:379.28,381.19 2 1
levelup/go-api/internal/service/timeseries_service.go:381.19,383.4 1 1
levelup/go-api/internal/service/timeseries_service.go:384.3,385.21 2 1
levelup/go-api/internal/service/timeseries_service.go:385.21,387.4 1 0
levelup/go-api/internal/service/timeseries_service.go:388.3,388.16 1 1
levelup/go-api/internal/service/timeseries_service.go:391.2,392.27 2 1
levelup/go-api/internal/service/timeseries_service.go:392.27,393.13 1 1
levelup/go-api/internal/service/timeseries_service.go:393.13,394.12 1 1
levelup/go-api/internal/service/timeseries_service.go:396.3,398.19 3 1
levelup/go-api/internal/service/timeseries_service.go:398.19,400.4 1 0
levelup/go-api/internal/service/timeseries_service.go:401.3,405.5 1 1
levelup/go-api/internal/service/timeseries_service.go:407.2,407.16 1 1
levelup/go-api/internal/service/timeseries_service.go:411.84,414.28 3 1
levelup/go-api/internal/service/timeseries_service.go:414.28,415.25 1 1
levelup/go-api/internal/service/timeseries_service.go:415.25,417.4 1 1
levelup/go-api/internal/service/timeseries_service.go:419.2,422.28 3 1
levelup/go-api/internal/service/timeseries_service.go:422.28,424.20 2 1
levelup/go-api/internal/service/timeseries_service.go:424.20,426.4 1 0
levelup/go-api/internal/service/timeseries_service.go:427.3,427.16 1 1
levelup/go-api/internal/service/timeseries_service.go:430.2,431.27 2 1
levelup/go-api/internal/service/timeseries_service.go:431.27,432.13 1 1
levelup/go-api/internal/service/timeseries_service.go:432.13,433.12 1 1
levelup/go-api/internal/service/timeseries_service.go:435.3,441.5 3 1
levelup/go-api/internal/service/timeseries_service.go:443.2,443.16 1 1
levelup/go-api/internal/service/timeseries_service.go:447.90,449.28 2 1
levelup/go-api/internal/service/timeseries_service.go:449.28,451.19 2 1
levelup/go-api/internal/service/timeseries_service.go:451.19,453.4 1 1
levelup/go-api/internal/service/timeseries_service.go:454.3,458.5 1 1
levelup/go-api/internal/service/timeseries_service.go:460.2,460.15 1 1
levelup/go-api/internal/port/repository.go:52.82,52.99 1 0
levelup/go-api/internal/port/repository.go:53.82,53.100 1 0
levelup/go-api/internal/port/repository.go:54.82,54.99 1 0
levelup/go-api/internal/port/repository.go:55.82,55.101 1 0
levelup/go-api/internal/port/repository.go:60.78,60.95 1 0
levelup/go-api/internal/port/repository.go:61.78,61.97 1 0
levelup/go-api/internal/port/repository.go:62.78,62.99 1 0
levelup/go-api/internal/port/repository.go:146.101,148.2 1 0
levelup/go-api/internal/port/repository.go:149.79,149.96 1 0
levelup/go-api/internal/port/repository.go:150.79,150.96 1 0
levelup/go-api/internal/port/repository.go:151.97,153.2 1 0
levelup/go-api/internal/port/repository.go:154.92,156.2 1 0
levelup/go-api/internal/port/repository.go:161.96,163.2 1 0
levelup/go-api/internal/port/repository.go:164.94,166.2 1 0
levelup/go-api/internal/port/repository.go:171.91,173.2 1 0
levelup/go-api/internal/port/repository.go:174.91,176.2 1 0
levelup/go-api/internal/port/repository.go:177.96,179.2 1 0
levelup/go-api/internal/port/repository.go:180.92,182.2 1 0
levelup/go-api/internal/port/repository.go:183.93,185.2 1 0
levelup/go-api/internal/port/repository.go:190.103,192.2 1 0
levelup/go-api/internal/port/repository.go:197.101,199.2 1 0
levelup/go-api/internal/port/repository.go:200.118,202.2 1 0
levelup/go-api/internal/port/repository.go:203.113,205.2 1 0
levelup/go-api/internal/port/repository.go:206.109,208.2 1 0
levelup/go-api/internal/port/repository.go:209.103,211.2 1 0
levelup/go-api/internal/port/repository.go:212.100,214.2 1 0
levelup/go-api/internal/port/repository.go:215.113,217.2 1 0
levelup/go-api/internal/port/repository.go:218.102,220.2 1 0
levelup/go-api/internal/port/repository.go:225.110,227.2 1 0
levelup/go-api/internal/port/repository.go:228.95,230.2 1 0
levelup/go-api/internal/port/repository.go:261.100,263.2 1 0
levelup/go-api/internal/port/repository.go:268.93,270.2 1 0
levelup/go-api/internal/port/repository.go:271.94,273.2 1 0
levelup/go-api/internal/port/repository.go:274.99,276.2 1 0
levelup/go-api/internal/port/repository.go:310.90,312.2 1 0
levelup/go-api/internal/port/repository.go:313.93,315.2 1 0
levelup/go-api/internal/port/repository.go:316.97,318.2 1 0
levelup/go-api/internal/port/repository.go:388.104,390.2 1 0
levelup/go-api/internal/port/repository.go:391.106,393.2 1 0
levelup/go-api/internal/port/repository.go:394.112,396.2 1 0
levelup/go-api/internal/port/repository.go:397.106,399.2 1 0
levelup/go-api/internal/port/repository.go:400.113,402.2 1 0
levelup/go-api/internal/port/repository.go:403.111,405.2 1 0
levelup/go-api/internal/port/repository.go:410.106,412.2 1 0
levelup/go-api/internal/port/repository.go:413.102,415.2 1 0
levelup/go-api/internal/port/repository.go:416.107,418.2 1 0
levelup/go-api/internal/port/repository.go:419.109,421.2 1 0
levelup/go-api/internal/port/repository.go:426.100,428.2 1 0
levelup/go-api/internal/port/repository.go:429.73,429.90 1 0
levelup/go-api/internal/validation/compare.go:87.81,89.16 2 1
levelup/go-api/internal/validation/compare.go:89.16,91.3 1 1
levelup/go-api/internal/validation/compare.go:92.2,95.16 3 1
levelup/go-api/internal/validation/compare.go:95.16,97.3 1 1
levelup/go-api/internal/validation/compare.go:98.2,108.16 4 1
levelup/go-api/internal/validation/compare.go:108.16,110.3 1 0
levelup/go-api/internal/validation/compare.go:111.2,112.16 2 1
levelup/go-api/internal/validation/compare.go:112.16,114.3 1 0
levelup/go-api/internal/validation/compare.go:116.2,120.16 3 1
levelup/go-api/internal/validation/compare.go:120.16,122.3 1 1
levelup/go-api/internal/validation/compare.go:125.2,126.16 2 1
levelup/go-api/internal/validation/compare.go:126.16,128.3 1 1
levelup/go-api/internal/validation/compare.go:130.2,132.20 3 1
levelup/go-api/internal/validation/compare.go:139.54,143.16 2 1
levelup/go-api/internal/validation/compare.go:143.16,145.3 1 0
levelup/go-api/internal/validation/compare.go:146.2,148.18 3 1
levelup/go-api/internal/validation/compare.go:148.18,150.42 2 1
levelup/go-api/internal/validation/compare.go:150.42,152.4 1 0
levelup/go-api/internal/validation/compare.go:153.3,153.22 1 1
levelup/go-api/internal/validation/compare.go:155.2,155.27 1 1
levelup/go-api/internal/validation/compare.go:158.57,162.2 3 1
levelup/go-api/internal/validation/compare.go:164.99,167.26 2 1
levelup/go-api/internal/validation/compare.go:167.26,169.3 1 1
levelup/go-api/internal/validation/compare.go:170.2,170.26 1 1
levelup/go-api/internal/validation/compare.go:170.26,172.3 1 1
levelup/go-api/internal/validation/compare.go:175.2,180.31 3 1
levelup/go-api/internal/validation/compare.go:180.31,181.18 1 1
levelup/go-api/internal/validation/compare.go:181.18,182.12 1 0
levelup/go-api/internal/validation/compare.go:184.3,189.10 4 1
levelup/go-api/internal/validation/compare.go:190.23,191.12 1 0
levelup/go-api/internal/validation/compare.go:192.22,195.41 3 1
levelup/go-api/internal/validation/compare.go:196.22,199.45 3 1
levelup/go-api/internal/validation/compare.go:200.11,204.25 4 1
levelup/go-api/internal/validation/compare.go:204.25,206.5 1 1
levelup/go-api/internal/validation/compare.go:207.4,207.54 1 1
levelup/go-api/internal/validation/compare.go:209.3,209.30 1 1
levelup/go-api/internal/validation/compare.go:211.2,211.15 1 1
levelup/go-api/internal/validation/compare.go:214.48,215.16 1 1
levelup/go-api/internal/validation/compare.go:215.16,217.3 1 1
levelup/go-api/internal/validation/compare.go:218.2,218.17 1 1
levelup/go-api/internal/validation/compare.go:218.17,220.3 1 1
levelup/go-api/internal/validation/compare.go:221.2,222.16 2 1
levelup/go-api/internal/validation/compare.go:222.16,224.3 1 1
levelup/go-api/internal/validation/compare.go:225.2,225.22 1 1
levelup/go-api/internal/validation/compare.go:228.66,251.34 8 1
levelup/go-api/internal/validation/compare.go:251.34,253.3 1 0
levelup/go-api/internal/validation/compare.go:255.2,260.17 5 1
levelup/go-api/internal/validation/compare.go:260.17,262.3 1 1
levelup/go-api/internal/validation/compare.go:263.2,263.17 1 1
levelup/go-api/internal/validation/compare.go:263.17,265.3 1 1
levelup/go-api/internal/validation/compare.go:267.2,268.31 2 1
levelup/go-api/internal/validation/compare.go:268.31,270.3 1 1
levelup/go-api/internal/validation/compare.go:271.2,271.32 1 1
levelup/go-api/internal/validation/compare.go:271.32,273.3 1 1
levelup/go-api/internal/validation/compare.go:275.2,284.19 2 1
levelup/go-api/internal/validation/compare.go:287.65,290.16 2 1
levelup/go-api/internal/validation/compare.go:290.16,292.3 1 0
levelup/go-api/internal/validation/compare.go:293.2,294.16 2 1
levelup/go-api/internal/validation/compare.go:294.16,296.3 1 0
levelup/go-api/internal/validation/compare.go:298.2,300.24 3 1
levelup/go-api/internal/validation/compare.go:300.24,301.16 1 1
levelup/go-api/internal/validation/compare.go:301.16,303.4 1 1
levelup/go-api/internal/validation/compare.go:303.9,305.4 1 1
levelup/go-api/internal/validation/compare.go:307.2,311.15 4 1
levelup/go-api/internal/validation/compare.go:311.15,313.3 1 1
levelup/go-api/internal/validation/compare.go:315.2,320.8 1 1
levelup/go-api/internal/validation/compare.go:323.56,325.16 2 1
levelup/go-api/internal/validation/compare.go:325.16,327.3 1 0
levelup/go-api/internal/validation/compare.go:328.2,330.18 3 1
levelup/go-api/internal/validation/compare.go:330.18,332.40 2 1
levelup/go-api/internal/validation/compare.go:332.40,334.4 1 0
levelup/go-api/internal/validation/compare.go:335.3,335.17 1 1
levelup/go-api/internal/validation/compare.go:337.2,337.24 1 1
levelup/go-api/internal/validation/compare.go:340.43,341.30 1 1
levelup/go-api/internal/validation/compare.go:341.30,342.62 1 1
levelup/go-api/internal/validation/compare.go:342.62,344.4 1 1
levelup/go-api/internal/validation/compare.go:346.2,346.31 1 1
levelup/go-api/internal/validation/compare.go:346.31,347.26 1 1
levelup/go-api/internal/validation/compare.go:347.26,349.4 1 1
levelup/go-api/internal/validation/compare.go:351.2,351.65 1 1
levelup/go-api/internal/validation/compare.go:351.65,353.3 1 1
levelup/go-api/internal/validation/compare.go:354.2,354.13 1 1
levelup/go-api/internal/validation/compare.go:357.47,367.30 7 1
levelup/go-api/internal/validation/compare.go:367.30,368.20 1 1
levelup/go-api/internal/validation/compare.go:369.13,370.8 1 1
levelup/go-api/internal/validation/compare.go:371.19,372.10 1 0
levelup/go-api/internal/validation/compare.go:373.22,374.13 1 0
levelup/go-api/internal/validation/compare.go:375.35,376.10 1 0
levelup/go-api/internal/validation/compare.go:378.3,381.52 3 1
levelup/go-api/internal/validation/compare.go:381.52,383.4 1 1
levelup/go-api/internal/validation/compare.go:384.3,384.21 1 1
levelup/go-api/internal/validation/compare.go:386.2,390.27 2 1
levelup/go-api/internal/validation/compare.go:390.27,398.3 6 1
levelup/go-api/internal/validation/compare.go:401.2,401.25 1 1
levelup/go-api/internal/validation/compare.go:401.25,403.32 2 1
levelup/go-api/internal/validation/compare.go:403.32,406.4 1 1
levelup/go-api/internal/validation/compare.go:407.3,407.21 1 1
levelup/go-api/internal/validation/compare.go:411.2,411.17 1 1
levelup/go-api/internal/validation/compare.go:411.17,413.3 1 1
levelup/go-api/internal/validation/compare.go:413.8,415.3 1 1
levelup/go-api/internal/validation/compare.go:416.2,416.20 1 1
levelup/go-api/internal/validation/compare.go:419.39,420.16 1 1
levelup/go-api/internal/validation/compare.go:421.12,422.15 1 1
levelup/go-api/internal/validation/compare.go:423.18,424.18 1 1
levelup/go-api/internal/validation/compare.go:425.21,426.15 1 1
levelup/go-api/internal/validation/compare.go:427.20,428.16 1 1
levelup/go-api/internal/validation/compare.go:429.20,430.16 1 1
levelup/go-api/internal/validation/compare.go:431.10,432.14 1 1
levelup/go-api/internal/validation/compare.go:436.37,437.9 1 1
levelup/go-api/internal/validation/compare.go:438.17,439.23 1 1
levelup/go-api/internal/validation/compare.go:440.17,441.26 1 0
levelup/go-api/internal/validation/compare.go:442.17,443.29 1 1
levelup/go-api/internal/validation/compare.go:444.10,445.34 1 1
levelup/go-api/internal/validation/gate.go:43.38,49.31 5 1
levelup/go-api/internal/validation/gate.go:49.31,51.19 2 1
levelup/go-api/internal/validation/gate.go:51.19,54.4 2 1
levelup/go-api/internal/validation/gate.go:54.9,56.4 1 1
levelup/go-api/internal/validation/gate.go:57.3,58.25 2 1
levelup/go-api/internal/validation/gate.go:58.25,60.4 1 1
levelup/go-api/internal/validation/gate.go:63.2,64.17 2 1
levelup/go-api/internal/validation/gate.go:64.17,67.3 2 1
levelup/go-api/internal/validation/gate.go:67.8,71.3 2 1
levelup/go-api/internal/validation/gate.go:72.2,72.20 1 1
levelup/go-api/internal/validation/gate.go:88.53,105.26 4 1
levelup/go-api/internal/validation/gate.go:105.26,107.5 1 1
levelup/go-api/internal/validation/gate.go:112.26,114.5 1 1
levelup/go-api/internal/validation/gate.go:119.26,121.5 1 1
levelup/go-api/internal/validation/gate.go:126.26,128.5 1 1
levelup/go-api/internal/validation/gate.go:133.26,135.5 1 1
levelup/go-api/internal/validation/gate.go:140.26,141.27 1 1
levelup/go-api/internal/validation/gate.go:141.27,143.6 1 1
levelup/go-api/internal/validation/gate.go:144.5,146.6 1 0
levelup/go-api/internal/validation/gate.go:152.26,153.27 1 1
levelup/go-api/internal/validation/gate.go:153.27,155.6 1 1
levelup/go-api/internal/validation/gate.go:156.5,156.103 1 0
levelup/go-api/internal/validation/gate.go:162.26,164.5 1 1
levelup/go-api/internal/validation/gate.go:169.26,171.5 1 1
levelup/go-api/internal/validation/gate.go:175.2,176.27 2 1
levelup/go-api/internal/validation/gate.go:176.27,178.14 2 1
levelup/go-api/internal/validation/gate.go:178.14,180.4 1 1
levelup/go-api/internal/validation/gate.go:181.3,186.5 1 1
levelup/go-api/internal/validation/gate.go:188.2,189.15 2 1
levelup/go-api/internal/validation/gate.go:196.50,203.31 2 1
levelup/go-api/internal/validation/gate.go:203.31,204.59 1 1
levelup/go-api/internal/validation/gate.go:204.59,206.4 1 1
levelup/go-api/internal/validation/gate.go:208.2,208.91 1 1
levelup/go-api/internal/validation/gate.go:211.54,212.43 1 1
levelup/go-api/internal/validation/gate.go:212.43,214.3 1 1
levelup/go-api/internal/validation/gate.go:215.2,216.16 2 1
levelup/go-api/internal/validation/gate.go:216.16,218.3 1 0
levelup/go-api/internal/validation/gate.go:219.2,220.34 2 1
levelup/go-api/internal/validation/gate.go:220.34,222.3 1 0
levelup/go-api/internal/validation/gate.go:223.2,223.17 1 1
levelup/go-api/internal/validation/gate.go:226.54,235.43 2 1
levelup/go-api/internal/validation/gate.go:235.43,237.3 1 1
levelup/go-api/internal/validation/gate.go:238.2,239.16 2 1
levelup/go-api/internal/validation/gate.go:239.16,241.3 1 0
levelup/go-api/internal/validation/gate.go:242.2,245.22 3 1
levelup/go-api/internal/validation/gate.go:245.22,247.3 1 1
levelup/go-api/internal/validation/gate.go:248.2,248.75 1 0
levelup/go-api/internal/validation/gate.go:251.53,257.43 2 1
levelup/go-api/internal/validation/gate.go:257.43,259.3 1 1
levelup/go-api/internal/validation/gate.go:260.2,261.16 2 1
levelup/go-api/internal/validation/gate.go:261.16,263.3 1 0
levelup/go-api/internal/validation/gate.go:264.2,267.22 3 1
levelup/go-api/internal/validation/gate.go:267.22,269.3 1 1
levelup/go-api/internal/validation/gate.go:270.2,270.46 1 0
levelup/go-api/internal/validation/gate.go:273.71,276.43 3 1
levelup/go-api/internal/validation/gate.go:276.43,278.3 1 1
levelup/go-api/internal/validation/gate.go:279.2,280.16 2 0
levelup/go-api/internal/validation/gate.go:280.16,282.3 1 0
levelup/go-api/internal/validation/gate.go:283.2,286.89 3 0
levelup/go-api/internal/validation/gate.go:286.89,288.3 1 0
levelup/go-api/internal/validation/gate.go:289.2,289.14 1 0
levelup/go-api/internal/validation/gate.go:289.14,291.3 1 0
levelup/go-api/internal/validation/gate.go:292.2,292.81 1 0
levelup/go-api/internal/validation/gate.go:295.50,296.43 1 1
levelup/go-api/internal/validation/gate.go:296.43,298.3 1 1
levelup/go-api/internal/validation/gate.go:299.2,300.16 2 1
levelup/go-api/internal/validation/gate.go:300.16,302.3 1 0
levelup/go-api/internal/validation/gate.go:303.2,306.95 3 1
levelup/go-api/internal/validation/gate.go:306.95,308.3 1 1
levelup/go-api/internal/validation/gate.go:309.2,309.14 1 1
levelup/go-api/internal/validation/gate.go:309.14,311.3 1 1
levelup/go-api/internal/validation/gate.go:312.2,312.69 1 0
levelup/go-api/internal/validation/gate.go:315.58,316.49 1 1
levelup/go-api/internal/validation/gate.go:316.49,318.3 1 1
levelup/go-api/internal/validation/gate.go:319.2,320.16 2 1
levelup/go-api/internal/validation/gate.go:320.16,322.3 1 0
levelup/go-api/internal/validation/gate.go:323.2,324.57 2 1
levelup/go-api/internal/validation/gate.go:324.57,326.3 1 1
levelup/go-api/internal/validation/gate.go:327.2,327.43 1 1
levelup/go-api/internal/validation/gate.go:330.57,331.56 1 1
levelup/go-api/internal/validation/gate.go:331.56,332.66 1 1
levelup/go-api/internal/validation/gate.go:332.66,334.4 1 1
levelup/go-api/internal/validation/gate.go:335.3,335.102 1 1
levelup/go-api/internal/validation/gate.go:338.2,339.49 2 1
levelup/go-api/internal/validation/gate.go:339.49,341.3 1 1
levelup/go-api/internal/validation/gate.go:342.2,343.16 2 1
levelup/go-api/internal/validation/gate.go:343.16,345.3 1 0
levelup/go-api/internal/validation/gate.go:346.2,347.71 1 1
levelup/go-api/internal/validation/gate.go:347.71,349.3 1 1
levelup/go-api/internal/validation/gate.go:350.2,350.91 1 0
levelup/go-api/internal/validation/gate.go:357.61,359.27 2 1
levelup/go-api/internal/validation/gate.go:359.27,364.29 3 1
levelup/go-api/internal/validation/gate.go:364.29,366.4 1 1
levelup/go-api/internal/validation/gate.go:368.2,368.16 1 1
levelup/go-api/internal/validation/gate.go:371.59,373.26 2 1
levelup/go-api/internal/validation/gate.go:373.26,378.29 3 1
levelup/go-api/internal/validation/gate.go:378.29,380.4 1 1
levelup/go-api/internal/validation/gate.go:382.2,382.16 1 1
levelup/go-api/internal/platform/halo/provider.go:37.52,44.2 1 1
levelup/go-api/internal/platform/halo/provider.go:47.58,54.28 6 1
levelup/go-api/internal/platform/halo/provider.go:54.28,56.3 1 1
levelup/go-api/internal/platform/halo/provider.go:57.2,59.21 2 1
levelup/go-api/internal/platform/halo/provider.go:59.21,62.3 2 1
levelup/go-api/internal/platform/halo/provider.go:63.2,64.20 2 0
levelup/go-api/internal/platform/halo/provider.go:68.55,69.6 1 1
levelup/go-api/internal/platform/halo/provider.go:69.6,71.9 2 1
levelup/go-api/internal/platform/halo/provider.go:71.9,73.4 1 1
levelup/go-api/internal/platform/halo/provider.go:74.3,74.10 1 0
levelup/go-api/internal/platform/halo/provider.go:75.21,76.20 1 0
levelup/go-api/internal/platform/halo/provider.go:77.27,77.27 0 0
levelup/go-api/internal/platform/halo/provider.go:115.38,123.2 1 1
levelup/go-api/internal/platform/halo/provider.go:132.85,135.33 3 1
levelup/go-api/internal/platform/halo/provider.go:135.33,138.3 2 1
levelup/go-api/internal/platform/halo/provider.go:140.2,141.16 2 1
levelup/go-api/internal/platform/halo/provider.go:141.16,145.3 3 1
levelup/go-api/internal/platform/halo/provider.go:146.2,146.13 1 1
levelup/go-api/internal/platform/halo/provider.go:162.136,164.16 2 1
levelup/go-api/internal/platform/halo/provider.go:164.16,166.3 1 0
levelup/go-api/internal/platform/halo/provider.go:167.2,170.16 3 1
levelup/go-api/internal/platform/halo/provider.go:170.16,172.3 1 1
levelup/go-api/internal/platform/halo/provider.go:174.2,178.51 2 1
levelup/go-api/internal/platform/halo/provider.go:178.51,180.3 1 1
levelup/go-api/internal/platform/halo/provider.go:182.2,189.8 3 1
levelup/go-api/internal/platform/halo/provider.go:193.111,195.27 2 1
levelup/go-api/internal/platform/halo/provider.go:195.27,196.38 1 1
levelup/go-api/internal/platform/halo/provider.go:196.38,198.4 1 1
levelup/go-api/internal/platform/halo/provider.go:201.2,201.21 1 1
levelup/go-api/internal/platform/halo/provider.go:201.21,203.3 1 1
levelup/go-api/internal/platform/halo/provider.go:204.2,204.25 1 1
levelup/go-api/internal/platform/halo/provider.go:214.85,217.33 3 1
levelup/go-api/internal/platform/halo/provider.go:217.33,220.3 2 1
levelup/go-api/internal/platform/halo/provider.go:222.2,223.16 2 1
levelup/go-api/internal/platform/halo/provider.go:223.16,227.3 3 1
levelup/go-api/internal/platform/halo/provider.go:228.2,228.13 1 1
levelup/go-api/internal/platform/halo/provider.go:232.136,234.16 2 1
levelup/go-api/internal/platform/halo/provider.go:234.16,236.3 1 0
levelup/go-api/internal/platform/halo/provider.go:237.2,240.16 3 1
levelup/go-api/internal/platform/halo/provider.go:240.16,242.3 1 1
levelup/go-api/internal/platform/halo/provider.go:244.2,253.51 2 1
levelup/go-api/internal/platform/halo/provider.go:253.51,255.3 1 0
levelup/go-api/internal/platform/halo/provider.go:257.2,265.22 4 1
levelup/go-api/internal/platform/halo/provider.go:265.22,267.3 1 1
levelup/go-api/internal/platform/halo/provider.go:268.2,268.18 1 1
levelup/go-api/internal/platform/halo/provider.go:278.55,279.29 1 1
levelup/go-api/internal/platform/halo/provider.go:279.29,282.45 3 1
levelup/go-api/internal/platform/halo/provider.go:282.45,286.51 2 1
levelup/go-api/internal/platform/halo/provider.go:286.51,288.5 1 1
levelup/go-api/internal/platform/halo/provider.go:290.3,290.52 1 1
levelup/go-api/internal/platform/halo/provider.go:290.52,291.44 1 1
levelup/go-api/internal/platform/halo/provider.go:291.44,293.5 1 1
levelup/go-api/internal/platform/halo/provider.go:296.2,296.8 1 1
levelup/go-api/internal/platform/halo/provider.go:305.109,307.54 2 1
levelup/go-api/internal/platform/halo/provider.go:307.54,308.45 1 1
levelup/go-api/internal/platform/halo/provider.go:308.45,310.4 1 0
levelup/go-api/internal/platform/halo/provider.go:312.3,313.17 2 1
levelup/go-api/internal/platform/halo/provider.go:313.17,315.4 1 0
levelup/go-api/internal/platform/halo/provider.go:316.3,318.34 3 1
levelup/go-api/internal/platform/halo/provider.go:318.34,320.4 1 1
levelup/go-api/internal/platform/halo/provider.go:322.3,323.17 2 1
levelup/go-api/internal/platform/halo/provider.go:323.17,326.12 3 0
levelup/go-api/internal/platform/halo/provider.go:329.3,333.92 3 1
levelup/go-api/internal/platform/halo/provider.go:333.92,335.4 1 1
levelup/go-api/internal/platform/halo/provider.go:337.3,337.83 1 1
levelup/go-api/internal/platform/halo/provider.go:337.83,339.4 1 0
levelup/go-api/internal/platform/halo/provider.go:340.3,340.39 1 1
levelup/go-api/internal/platform/halo/provider.go:340.39,343.12 3 1
levelup/go-api/internal/platform/halo/provider.go:345.3,345.21 1 1
levelup/go-api/internal/platform/halo/provider.go:345.21,348.12 3 0
levelup/go-api/internal/platform/halo/provider.go:350.3,350.19 1 1
levelup/go-api/internal/platform/halo/provider.go:352.2,352.100 1 0
levelup/go-api/internal/platform/halo/provider.go:356.66,358.28 2 1
levelup/go-api/internal/platform/halo/provider.go:358.28,360.3 1 0
levelup/go-api/internal/platform/halo/provider.go:361.2,361.9 1 1
levelup/go-api/internal/platform/halo/provider.go:362.20,362.20 0 0
levelup/go-api/internal/platform/halo/provider.go:363.27,363.27 0 1
levelup/go-api/internal/ops/archive.go:54.65,55.60 1 0
levelup/go-api/internal/ops/archive.go:55.60,57.3 1 0
levelup/go-api/internal/ops/archive.go:59.2,60.16 2 0
levelup/go-api/internal/ops/archive.go:60.16,62.3 1 0
levelup/go-api/internal/ops/archive.go:63.2,71.58 3 0
levelup/go-api/internal/ops/archive.go:71.58,73.3 1 0
levelup/go-api/internal/ops/archive.go:75.2,75.16 1 0
levelup/go-api/internal/ops/archive.go:75.16,81.3 1 0
levelup/go-api/internal/ops/archive.go:83.2,83.17 1 0
levelup/go-api/internal/ops/archive.go:83.17,90.3 1 0
levelup/go-api/internal/ops/archive.go:92.2,93.17 2 0
levelup/go-api/internal/ops/archive.go:93.17,95.17 2 0
levelup/go-api/internal/ops/archive.go:95.17,97.4 1 0
levelup/go-api/internal/ops/archive.go:98.3,98.30 1 0
levelup/go-api/internal/ops/archive.go:98.30,100.76 2 0
levelup/go-api/internal/ops/archive.go:100.76,102.5 1 0
levelup/go-api/internal/ops/archive.go:103.4,103.34 1 0
levelup/go-api/internal/ops/archive.go:105.8,108.85 2 0
levelup/go-api/internal/ops/archive.go:108.85,110.4 1 0
levelup/go-api/internal/ops/archive.go:111.3,111.33 1 0
levelup/go-api/internal/ops/archive.go:115.2,115.105 1 0
levelup/go-api/internal/ops/archive.go:115.105,117.3 1 0
levelup/go-api/internal/ops/archive.go:119.2,119.41 1 0
levelup/go-api/internal/ops/archive.go:119.41,121.17 2 0
levelup/go-api/internal/ops/archive.go:121.17,123.4 1 0
levelup/go-api/internal/ops/archive.go:124.3,125.86 2 0
levelup/go-api/internal/ops/archive.go:125.86,127.4 1 0
levelup/go-api/internal/ops/archive.go:130.2,136.8 1 0
levelup/go-api/internal/ops/archive.go:139.84,147.16 2 1
levelup/go-api/internal/ops/archive.go:147.16,149.3 1 0
levelup/go-api/internal/ops/archive.go:150.2,152.18 3 1
levelup/go-api/internal/ops/archive.go:152.18,154.39 2 0
levelup/go-api/internal/ops/archive.go:154.39,156.4 1 0
levelup/go-api/internal/ops/archive.go:157.3,157.27 1 0
levelup/go-api/internal/ops/archive.go:159.2,159.26 1 1
levelup/go-api/internal/ops/archive.go:162.83,172.2 3 0
levelup/go-api/internal/ops/archive.go:174.90,184.2 3 0
levelup/go-api/internal/ops/archive.go:186.82,195.2 2 0
levelup/go-api/internal/ops/archive.go:205.97,214.16 3 1
levelup/go-api/internal/ops/archive.go:214.16,216.3 1 0
levelup/go-api/internal/ops/archive.go:217.2,217.76 1 1
levelup/go-api/internal/ops/backup.go:53.61,54.32 1 0
levelup/go-api/internal/ops/backup.go:54.32,56.3 1 0
levelup/go-api/internal/ops/backup.go:57.2,57.59 1 0
levelup/go-api/internal/ops/backup.go:57.59,59.3 1 0
levelup/go-api/internal/ops/backup.go:61.2,62.16 2 0
levelup/go-api/internal/ops/backup.go:62.16,64.3 1 0
levelup/go-api/internal/ops/backup.go:65.2,68.16 3 0
levelup/go-api/internal/ops/backup.go:68.16,70.3 1 0
levelup/go-api/internal/ops/backup.go:72.2,75.31 3 0
levelup/go-api/internal/ops/backup.go:75.31,78.17 3 0
levelup/go-api/internal/ops/backup.go:78.17,80.4 1 0
levelup/go-api/internal/ops/backup.go:81.3,83.16 3 0
levelup/go-api/internal/ops/backup.go:83.16,85.4 1 0
levelup/go-api/internal/ops/backup.go:86.3,90.4 1 0
levelup/go-api/internal/ops/backup.go:93.2,101.26 2 0
levelup/go-api/internal/ops/backup.go:101.26,103.78 2 0
levelup/go-api/internal/ops/backup.go:103.78,105.4 1 0
levelup/go-api/internal/ops/backup.go:107.2,107.20 1 0
levelup/go-api/internal/ops/backup.go:111.51,117.16 2 1
levelup/go-api/internal/ops/backup.go:117.16,119.3 1 0
levelup/go-api/internal/ops/backup.go:120.2,122.18 3 1
levelup/go-api/internal/ops/backup.go:122.18,124.42 2 1
levelup/go-api/internal/ops/backup.go:124.42,126.4 1 0
levelup/go-api/internal/ops/backup.go:127.3,127.32 1 1
levelup/go-api/internal/ops/backup.go:129.2,129.27 1 1
levelup/go-api/internal/ops/backup.go:133.99,136.96 2 0
levelup/go-api/internal/ops/backup.go:136.96,138.3 1 0
levelup/go-api/internal/ops/backup.go:140.2,144.38 2 0
levelup/go-api/internal/ops/backup.go:144.38,146.3 1 0
levelup/go-api/internal/ops/backup.go:147.2,147.19 1 0
levelup/go-api/internal/ops/backup.go:160.76,169.16 3 1
levelup/go-api/internal/ops/backup.go:169.16,171.3 1 0
levelup/go-api/internal/ops/backup.go:172.2,172.40 1 1
levelup/go-api/internal/ops/diagnose.go:54.63,56.16 2 1
levelup/go-api/internal/ops/diagnose.go:56.16,58.3 1 1
levelup/go-api/internal/ops/diagnose.go:59.2,63.74 3 1
levelup/go-api/internal/ops/diagnose.go:63.74,65.3 1 0
levelup/go-api/internal/ops/diagnose.go:66.2,66.51 1 1
levelup/go-api/internal/ops/diagnose.go:66.51,68.3 1 0
levelup/go-api/internal/ops/diagnose.go:69.2,69.55 1 1
levelup/go-api/internal/ops/diagnose.go:69.55,71.3 1 0
levelup/go-api/internal/ops/diagnose.go:72.2,72.20 1 1
levelup/go-api/internal/ops/diagnose.go:76.73,82.16 2 1
levelup/go-api/internal/ops/diagnose.go:82.16,84.3 1 0
levelup/go-api/internal/ops/diagnose.go:85.2,87.18 3 1
levelup/go-api/internal/ops/diagnose.go:87.18,89.42 2 1
levelup/go-api/internal/ops/diagnose.go:89.42,91.4 1 0
levelup/go-api/internal/ops/diagnose.go:92.3,92.40 1 1
levelup/go-api/internal/ops/diagnose.go:94.2,94.35 1 1
levelup/go-api/internal/ops/diagnose.go:94.35,96.3 1 0
levelup/go-api/internal/ops/diagnose.go:98.2,99.34 2 1
levelup/go-api/internal/ops/diagnose.go:99.34,101.17 2 1
levelup/go-api/internal/ops/diagnose.go:101.17,103.4 1 0
levelup/go-api/internal/ops/diagnose.go:104.3,104.30 1 1
levelup/go-api/internal/ops/diagnose.go:106.2,106.20 1 1
levelup/go-api/internal/ops/diagnose.go:110.82,119.16 3 1
levelup/go-api/internal/ops/diagnose.go:119.16,121.3 1 0
levelup/go-api/internal/ops/diagnose.go:122.2,123.18 2 1
levelup/go-api/internal/ops/diagnose.go:123.18,126.72 3 1
levelup/go-api/internal/ops/diagnose.go:126.72,128.4 1 0
levelup/go-api/internal/ops/diagnose.go:129.3,130.39 2 1
levelup/go-api/internal/ops/diagnose.go:132.2,132.35 1 1
levelup/go-api/internal/ops/diagnose.go:132.35,134.3 1 0
levelup/go-api/internal/ops/diagnose.go:136.2,136.15 1 1
levelup/go-api/internal/ops/diagnose.go:136.15,137.102 1 1
levelup/go-api/internal/ops/diagnose.go:137.102,139.4 1 0
levelup/go-api/internal/ops/diagnose.go:141.2,141.16 1 1
levelup/go-api/internal/ops/diagnose.go:145.46,151.16 2 1
levelup/go-api/internal/ops/diagnose.go:151.16,153.3 1 0
levelup/go-api/internal/ops/diagnose.go:154.2,156.18 3 1
levelup/go-api/internal/ops/diagnose.go:156.18,158.42 2 1
levelup/go-api/internal/ops/diagnose.go:158.42,160.4 1 0
levelup/go-api/internal/ops/diagnose.go:161.3,161.30 1 1
levelup/go-api/internal/ops/diagnose.go:163.2,163.26 1 1
levelup/go-api/internal/ops/diagnose.go:167.51,173.16 2 1
levelup/go-api/internal/ops/diagnose.go:173.16,176.3 1 1
levelup/go-api/internal/ops/diagnose.go:177.2,179.18 3 0
levelup/go-api/internal/ops/diagnose.go:179.18,181.62 2 0
levelup/go-api/internal/ops/diagnose.go:181.62,182.12 1 0
levelup/go-api/internal/ops/diagnose.go:184.3,184.27 1 0
levelup/go-api/internal/ops/diagnose.go:186.2,186.18 1 0
levelup/go-api/internal/ops/diagnose.go:190.52,194.29 4 1
levelup/go-api/internal/ops/diagnose.go:194.29,196.22 2 1
levelup/go-api/internal/ops/diagnose.go:196.22,198.4 1 1
levelup/go-api/internal/ops/diagnose.go:199.3,199.21 1 1
levelup/go-api/internal/ops/diagnose.go:201.2,203.20 3 1
levelup/go-api/internal/ops/healthcheck.go:52.59,69.74 6 1
levelup/go-api/internal/ops/healthcheck.go:69.74,71.3 1 1
levelup/go-api/internal/ops/healthcheck.go:74.2,77.4 1 1
levelup/go-api/internal/ops/healthcheck.go:77.4,79.3 1 1
levelup/go-api/internal/ops/healthcheck.go:82.2,85.4 1 1
levelup/go-api/internal/ops/healthcheck.go:85.4,87.3 1 1
levelup/go-api/internal/ops/healthcheck.go:90.2,91.44 2 1
levelup/go-api/internal/ops/healthcheck.go:91.44,93.3 1 0
levelup/go-api/internal/ops/healthcheck.go:96.2,97.56 2 1
levelup/go-api/internal/ops/healthcheck.go:97.56,98.29 1 0
levelup/go-api/internal/ops/healthcheck.go:98.29,99.18 1 0
levelup/go-api/internal/ops/healthcheck.go:99.18,100.13 1 0
levelup/go-api/internal/ops/healthcheck.go:102.4,103.68 2 0
levelup/go-api/internal/ops/healthcheck.go:107.2,108.27 2 1
levelup/go-api/internal/ops/healthcheck.go:108.27,109.12 1 1
levelup/go-api/internal/ops/healthcheck.go:109.12,111.9 2 1
levelup/go-api/internal/ops/healthcheck.go:114.2,118.3 1 1
levelup/go-api/internal/ops/healthcheck.go:122.40,124.29 2 1
levelup/go-api/internal/ops/healthcheck.go:124.29,126.12 2 1
levelup/go-api/internal/ops/healthcheck.go:126.12,128.4 1 1
levelup/go-api/internal/ops/healthcheck.go:129.3,129.75 1 1
levelup/go-api/internal/ops/healthcheck.go:131.2,132.10 2 1
levelup/go-api/internal/ops/healthcheck.go:132.10,134.3 1 1
levelup/go-api/internal/ops/healthcheck.go:134.8,136.3 1 1
levelup/go-api/internal/ops/healthcheck.go:137.2,137.20 1 1
levelup/go-api/internal/ops/healthcheck.go:144.52,145.41 1 1
levelup/go-api/internal/ops/healthcheck.go:145.41,147.3 1 1
levelup/go-api/internal/ops/healthcheck.go:148.2,148.57 1 1
levelup/go-api/internal/ops/healthcheck.go:151.53,152.41 1 1
levelup/go-api/internal/ops/healthcheck.go:152.41,154.3 1 1
levelup/go-api/internal/ops/healthcheck.go:155.2,155.63 1 1
levelup/go-api/internal/ops/healthcheck.go:159.49,160.41 1 1
levelup/go-api/internal/ops/healthcheck.go:160.41,162.3 1 1
levelup/go-api/internal/ops/healthcheck.go:163.2,164.16 2 1
levelup/go-api/internal/ops/healthcheck.go:164.16,166.3 1 0
levelup/go-api/internal/ops/healthcheck.go:167.2,170.131 3 1
levelup/go-api/internal/ops/healthcheck.go:170.131,172.3 1 0
levelup/go-api/internal/ops/healthcheck.go:173.2,173.84 1 1
levelup/go-api/internal/ops/media.go:61.67,62.28 1 0
levelup/go-api/internal/ops/media.go:62.28,64.3 1 0
levelup/go-api/internal/ops/media.go:66.2,67.16 2 0
levelup/go-api/internal/ops/media.go:67.16,69.3 1 0
levelup/go-api/internal/ops/media.go:70.2,72.46 2 0
levelup/go-api/internal/ops/media.go:72.46,74.3 1 0
levelup/go-api/internal/ops/media.go:76.2,77.16 2 0
levelup/go-api/internal/ops/media.go:77.16,79.3 1 0
levelup/go-api/internal/ops/media.go:81.2,83.16 3 0
levelup/go-api/internal/ops/media.go:83.16,85.3 1 0
levelup/go-api/internal/ops/media.go:86.2,88.34 2 0
levelup/go-api/internal/ops/media.go:88.34,90.17 2 0
levelup/go-api/internal/ops/media.go:90.17,92.12 2 0
levelup/go-api/internal/ops/media.go:94.3,94.39 1 0
levelup/go-api/internal/ops/media.go:94.39,95.12 1 0
levelup/go-api/internal/ops/media.go:97.3,97.57 1 0
levelup/go-api/internal/ops/media.go:97.57,99.12 2 0
levelup/go-api/internal/ops/media.go:101.3,101.20 1 0
levelup/go-api/internal/ops/media.go:105.2,106.16 2 0
levelup/go-api/internal/ops/media.go:106.16,108.3 1 0
levelup/go-api/internal/ops/media.go:108.8,110.3 1 0
levelup/go-api/internal/ops/media.go:112.2,112.20 1 0
levelup/go-api/internal/ops/media.go:117.75,131.16 3 0
levelup/go-api/internal/ops/media.go:131.16,133.3 1 0
levelup/go-api/internal/ops/media.go:134.2,135.20 2 0
levelup/go-api/internal/ops/media.go:145.70,151.16 5 0
levelup/go-api/internal/ops/media.go:151.16,153.3 1 0
levelup/go-api/internal/ops/media.go:155.2,155.28 1 0
levelup/go-api/internal/ops/media.go:155.28,156.16 1 0
levelup/go-api/internal/ops/media.go:156.16,157.12 1 0
levelup/go-api/internal/ops/media.go:159.3,160.42 2 0
levelup/go-api/internal/ops/media.go:160.42,161.12 1 0
levelup/go-api/internal/ops/media.go:163.3,165.47 3 0
levelup/go-api/internal/ops/media.go:165.47,166.12 1 0
levelup/go-api/internal/ops/media.go:168.3,169.63 2 0
levelup/go-api/internal/ops/media.go:169.63,171.12 2 0
levelup/go-api/internal/ops/media.go:173.3,173.14 1 0
levelup/go-api/internal/ops/media.go:175.2,175.24 1 0
levelup/go-api/internal/ops/media.go:179.59,190.2 4 0
levelup/go-api/internal/ops/media.go:196.42,209.16 2 1
levelup/go-api/internal/ops/media.go:209.16,211.3 1 0
levelup/go-api/internal/ops/media.go:212.2,220.12 2 1
levelup/go-api/internal/ops/media.go:223.59,225.16 2 1
levelup/go-api/internal/ops/media.go:225.16,227.3 1 1
levelup/go-api/internal/ops/media.go:228.2,230.18 3 1
levelup/go-api/internal/ops/media.go:230.18,232.39 2 1
levelup/go-api/internal/ops/media.go:232.39,233.12 1 0
levelup/go-api/internal/ops/media.go:235.3,235.18 1 1
levelup/go-api/internal/ops/media.go:237.2,237.26 1 1
levelup/go-api/internal/ops/media.go:240.49,241.48 1 1
levelup/go-api/internal/ops/media.go:241.48,243.3 1 1
levelup/go-api/internal/ops/media.go:244.2,245.81 2 1
levelup/go-api/internal/ops/media.go:245.81,246.17 1 1
levelup/go-api/internal/ops/media.go:246.17,248.4 1 0
levelup/go-api/internal/ops/media.go:250.3,250.19 1 1
levelup/go-api/internal/ops/media.go:250.19,251.31 1 1
levelup/go-api/internal/ops/media.go:251.31,253.5 1 1
levelup/go-api/internal/ops/media.go:254.4,254.14 1 1
levelup/go-api/internal/ops/media.go:256.3,257.44 2 1
levelup/go-api/internal/ops/media.go:257.44,259.4 1 1
levelup/go-api/internal/ops/media.go:260.3,260.13 1 1
levelup/go-api/internal/ops/media.go:262.2,262.19 1 1
levelup/go-api/internal/ops/media.go:265.44,267.16 2 1
levelup/go-api/internal/ops/media.go:267.16,269.3 1 1
levelup/go-api/internal/ops/media.go:270.2,272.41 3 1
levelup/go-api/internal/ops/media.go:272.41,274.3 1 0
levelup/go-api/internal/ops/media.go:275.2,275.48 1 1
levelup/go-api/internal/ops/media.go:278.59,283.15 5 0
levelup/go-api/internal/ops/media.go:283.15,286.3 2 0
levelup/go-api/internal/ops/media.go:287.2,291.12 2 0
levelup/go-api/internal/ops/restore.go:49.64,51.16 2 0
levelup/go-api/internal/ops/restore.go:51.16,53.3 1 0
levelup/go-api/internal/ops/restore.go:54.2,54.28 1 0
levelup/go-api/internal/ops/restore.go:54.28,56.3 1 0
levelup/go-api/internal/ops/restore.go:59.2,59.26 1 0
levelup/go-api/internal/ops/restore.go:59.26,61.33 2 0
levelup/go-api/internal/ops/restore.go:61.33,63.4 1 0
levelup/go-api/internal/ops/restore.go:64.3,65.34 2 0
levelup/go-api/internal/ops/restore.go:65.34,66.15 1 0
levelup/go-api/internal/ops/restore.go:66.15,68.5 1 0
levelup/go-api/internal/ops/restore.go:70.3,70.26 1 0
levelup/go-api/internal/ops/restore.go:73.2,78.17 2 0
levelup/go-api/internal/ops/restore.go:78.17,79.31 1 0
levelup/go-api/internal/ops/restore.go:79.31,81.4 1 0
levelup/go-api/internal/ops/restore.go:82.3,85.21 4 0
levelup/go-api/internal/ops/restore.go:88.2,89.16 2 0
levelup/go-api/internal/ops/restore.go:89.16,91.3 1 0
levelup/go-api/internal/ops/restore.go:92.2,94.44 2 0
levelup/go-api/internal/ops/restore.go:94.44,95.73 1 0
levelup/go-api/internal/ops/restore.go:95.73,97.4 1 0
levelup/go-api/internal/ops/restore.go:98.3,98.59 1 0
levelup/go-api/internal/ops/restore.go:100.2,103.20 4 0
levelup/go-api/internal/ops/restore.go:108.82,110.16 2 1
levelup/go-api/internal/ops/restore.go:110.16,112.3 1 0
levelup/go-api/internal/ops/restore.go:115.2,116.28 2 1
levelup/go-api/internal/ops/restore.go:116.28,117.94 1 1
levelup/go-api/internal/ops/restore.go:117.94,119.21 2 1
levelup/go-api/internal/ops/restore.go:119.21,121.5 1 1
levelup/go-api/internal/ops/restore.go:126.2,126.20 1 1
levelup/go-api/internal/ops/restore.go:126.20,127.29 1 1
levelup/go-api/internal/ops/restore.go:127.29,128.47 1 1
levelup/go-api/internal/ops/restore.go:128.47,130.24 2 1
levelup/go-api/internal/ops/restore.go:130.24,132.23 2 1
levelup/go-api/internal/ops/restore.go:132.23,134.7 1 1
levelup/go-api/internal/ops/restore.go:140.2,140.20 1 1
levelup/go-api/internal/ops/restore.go:140.20,142.3 1 1
levelup/go-api/internal/ops/restore.go:145.2,146.28 2 1
levelup/go-api/internal/ops/restore.go:146.28,148.43 2 1
levelup/go-api/internal/ops/restore.go:148.43,149.12 1 1
levelup/go-api/internal/ops/restore.go:151.3,151.73 1 1
levelup/go-api/internal/ops/restore.go:151.73,152.12 1 0
levelup/go-api/internal/ops/restore.go:154.3,155.49 2 1
levelup/go-api/internal/ops/restore.go:157.2,157.30 1 1
levelup/go-api/internal/ops/restore.go:161.75,162.13 1 1
levelup/go-api/internal/ops/restore.go:162.13,163.83 1 1
levelup/go-api/internal/ops/restore.go:163.83,165.4 1 0
levelup/go-api/internal/ops/restore.go:167.2,171.38 2 1
levelup/go-api/internal/ops/restore.go:171.38,173.3 1 1
levelup/go-api/internal/ops/restore.go:174.2,174.12 1 0
levelup/go-api/internal/ops/restore.go:178.63,180.16 2 1
levelup/go-api/internal/ops/restore.go:180.16,181.25 1 1
levelup/go-api/internal/ops/restore.go:181.25,183.4 1 1
levelup/go-api/internal/ops/restore.go:184.3,184.18 1 0
levelup/go-api/internal/ops/restore.go:186.2,188.28 3 1
levelup/go-api/internal/ops/restore.go:188.28,189.54 1 1
levelup/go-api/internal/ops/restore.go:189.54,191.17 2 1
levelup/go-api/internal/ops/restore.go:191.17,194.5 2 1
levelup/go-api/internal/ops/restore.go:197.2,198.24 2 1
levelup/go-api/internal/ops/restore.go:202.71,205.16 3 1
levelup/go-api/internal/ops/restore.go:205.16,207.3 1 1
levelup/go-api/internal/ops/restore.go:208.2,209.42 2 1
levelup/go-api/internal/ops/seed.go:53.60,56.16 3 1
levelup/go-api/internal/ops/seed.go:56.16,58.3 1 1
levelup/go-api/internal/ops/seed.go:59.2,60.53 2 1
levelup/go-api/internal/ops/seed.go:60.53,62.3 1 1
levelup/go-api/internal/ops/seed.go:64.2,65.16 2 1
levelup/go-api/internal/ops/seed.go:65.16,67.3 1 0
levelup/go-api/internal/ops/seed.go:68.2,75.18 2 1
levelup/go-api/internal/ops/seed.go:75.18,77.3 1 0
levelup/go-api/internal/ops/seed.go:79.2,80.26 2 1
levelup/go-api/internal/ops/seed.go:80.26,83.17 2 1
levelup/go-api/internal/ops/seed.go:83.17,85.4 1 0
levelup/go-api/internal/ops/seed.go:86.3,86.41 1 1
levelup/go-api/internal/ops/seed.go:86.41,88.4 1 1
levelup/go-api/internal/ops/seed.go:88.9,90.4 1 1
levelup/go-api/internal/ops/seed.go:92.2,97.8 1 1
levelup/go-api/internal/ops/seed.go:114.65,116.16 2 1
levelup/go-api/internal/ops/seed.go:116.16,118.3 1 0
levelup/go-api/internal/ops/seed.go:119.2,127.18 2 1
levelup/go-api/internal/ops/seed.go:127.18,129.3 1 0
levelup/go-api/internal/ops/seed.go:131.2,133.29 3 1
levelup/go-api/internal/ops/seed.go:133.29,134.38 1 1
levelup/go-api/internal/ops/seed.go:134.38,137.18 2 1
levelup/go-api/internal/ops/seed.go:137.18,139.5 1 0
levelup/go-api/internal/ops/seed.go:140.4,140.42 1 1
levelup/go-api/internal/ops/seed.go:140.42,142.5 1 1
levelup/go-api/internal/ops/seed.go:142.10,144.5 1 1
levelup/go-api/internal/ops/seed.go:147.2,152.8 1 1
levelup/go-api/internal/ops/seed.go:157.50,183.2 1 1
levelup/go-api/internal/ops/seed.go:192.65,194.16 2 1
levelup/go-api/internal/ops/seed.go:194.16,196.3 1 0
levelup/go-api/internal/ops/seed.go:197.2,200.152 3 1
levelup/go-api/internal/ops/seed.go:200.152,205.3 1 1
levelup/go-api/internal/ops/seed.go:206.2,206.91 1 1
levelup/go-api/internal/ops/seed.go:206.91,208.3 1 0
levelup/go-api/internal/ops/seed.go:209.2,213.8 1 1
