mode: set
levelup/go-api/internal/api/registry.go:39.94,41.77 1 0
levelup/go-api/internal/api/registry.go:41.77,44.4 2 0
levelup/go-api/internal/api/registry.go:54.96,56.16 2 0
levelup/go-api/internal/api/registry.go:56.16,58.3 1 0
levelup/go-api/internal/api/registry.go:59.2,59.65 1 0
levelup/go-api/internal/api/registry.go:63.98,65.16 2 0
levelup/go-api/internal/api/registry.go:65.16,67.3 1 0
levelup/go-api/internal/api/registry.go:68.2,68.67 1 0
levelup/go-api/internal/api/registry.go:72.102,74.16 2 0
levelup/go-api/internal/api/registry.go:74.16,76.3 1 0
levelup/go-api/internal/api/registry.go:77.2,77.67 1 0
levelup/go-api/internal/api/registry.go:81.102,83.16 2 0
levelup/go-api/internal/api/registry.go:83.16,85.3 1 0
levelup/go-api/internal/api/registry.go:86.2,86.91 1 0
levelup/go-api/internal/api/registry.go:90.94,92.16 2 0
levelup/go-api/internal/api/registry.go:92.16,94.3 1 0
levelup/go-api/internal/api/registry.go:95.2,95.63 1 0
levelup/go-api/internal/api/registry.go:102.3,104.16 2 0
levelup/go-api/internal/api/registry.go:104.16,106.3 1 0
levelup/go-api/internal/api/registry.go:107.2,109.29 3 0
levelup/go-api/internal/api/registry.go:109.29,111.3 1 0
levelup/go-api/internal/api/registry.go:112.2,112.83 1 0
levelup/go-api/internal/api/registry.go:116.96,118.16 2 0
levelup/go-api/internal/api/registry.go:118.16,120.3 1 0
levelup/go-api/internal/api/registry.go:121.2,121.65 1 0
levelup/go-api/internal/api/registry.go:125.100,127.16 2 0
levelup/go-api/internal/api/registry.go:127.16,129.3 1 0
levelup/go-api/internal/api/registry.go:130.2,130.69 1 0
levelup/go-api/internal/api/registry.go:134.112,136.16 2 0
levelup/go-api/internal/api/registry.go:136.16,138.3 1 0
levelup/go-api/internal/api/registry.go:139.2,141.71 3 0
levelup/go-api/internal/api/registry.go:145.106,147.16 2 0
levelup/go-api/internal/api/registry.go:147.16,149.3 1 0
levelup/go-api/internal/api/registry.go:150.2,150.69 1 0
levelup/go-api/internal/api/registry.go:154.94,156.16 2 0
levelup/go-api/internal/api/registry.go:156.16,158.3 1 0
levelup/go-api/internal/api/registry.go:159.2,159.63 1 0
levelup/go-api/internal/api/registry.go:163.104,165.16 2 0
levelup/go-api/internal/api/registry.go:165.16,167.3 1 0
levelup/go-api/internal/api/registry.go:168.2,168.68 1 0
levelup/go-api/internal/api/registry.go:178.121,180.16 2 0
levelup/go-api/internal/api/registry.go:180.16,182.3 1 0
levelup/go-api/internal/api/registry.go:183.2,184.41 2 0
levelup/go-api/internal/api/registry.go:188.119,190.16 2 0
levelup/go-api/internal/api/registry.go:190.16,192.3 1 0
levelup/go-api/internal/api/registry.go:193.2,194.41 2 0
levelup/go-api/internal/api/registry.go:198.111,200.16 2 0
levelup/go-api/internal/api/registry.go:200.16,202.3 1 0
levelup/go-api/internal/api/registry.go:203.2,205.41 2 0
levelup/go-api/internal/api/registry.go:212.136,214.16 2 0
levelup/go-api/internal/api/registry.go:214.16,216.3 1 0
levelup/go-api/internal/api/registry.go:217.2,227.51 7 0
levelup/go-api/internal/api/registry.go:232.132,234.16 2 0
levelup/go-api/internal/api/registry.go:234.16,236.3 1 0
levelup/go-api/internal/api/registry.go:237.2,248.27 9 0
levelup/go-api/internal/api/registry.go:252.107,253.36 1 0
levelup/go-api/internal/api/registry.go:253.36,255.3 1 0
levelup/go-api/internal/api/registry.go:256.2,257.63 2 0
levelup/go-api/internal/api/registry.go:257.63,259.3 1 0
levelup/go-api/internal/api/registry.go:260.2,261.19 2 0
levelup/go-api/internal/api/registry.go:261.19,264.3 2 0
levelup/go-api/internal/api/registry.go:265.2,265.12 1 0
levelup/go-api/internal/api/registry.go:274.124,277.35 2 0
levelup/go-api/internal/api/registry.go:277.35,279.38 2 0
levelup/go-api/internal/api/registry.go:279.38,281.35 2 0
levelup/go-api/internal/api/registry.go:281.35,284.5 2 0
levelup/go-api/internal/api/registry.go:285.4,285.103 1 0
levelup/go-api/internal/api/registry.go:286.9,286.24 1 0
levelup/go-api/internal/api/registry.go:286.24,288.4 1 0
levelup/go-api/internal/api/registry.go:294.2,295.24 2 0
levelup/go-api/internal/api/registry.go:295.24,297.3 1 0
levelup/go-api/internal/api/registry.go:298.2,298.24 1 0
levelup/go-api/internal/api/registry.go:298.24,300.38 2 0
levelup/go-api/internal/api/registry.go:300.38,302.35 2 0
levelup/go-api/internal/api/registry.go:302.35,305.5 2 0
levelup/go-api/internal/api/registry.go:306.4,306.107 1 0
levelup/go-api/internal/api/registry.go:307.9,307.24 1 0
levelup/go-api/internal/api/registry.go:307.24,309.4 1 0
levelup/go-api/internal/api/registry.go:312.2,313.12 2 0
levelup/go-api/internal/api/registry.go:317.127,319.16 2 0
levelup/go-api/internal/api/registry.go:319.16,321.3 1 0
levelup/go-api/internal/api/registry.go:322.2,323.41 2 0
levelup/go-api/internal/api/registry.go:327.113,329.16 2 0
levelup/go-api/internal/api/registry.go:329.16,331.3 1 0
levelup/go-api/internal/api/registry.go:332.2,333.41 2 0
levelup/go-api/internal/api/registry.go:337.112,339.16 2 0
levelup/go-api/internal/api/registry.go:339.16,341.3 1 0
levelup/go-api/internal/api/registry.go:342.2,342.81 1 0
levelup/go-api/internal/api/registry.go:346.121,348.16 2 0
levelup/go-api/internal/api/registry.go:348.16,350.3 1 0
levelup/go-api/internal/api/registry.go:351.2,352.41 2 0
levelup/go-api/internal/api/registry.go:359.114,361.16 2 0
levelup/go-api/internal/api/registry.go:361.16,363.3 1 0
levelup/go-api/internal/api/registry.go:364.2,370.41 2 0
levelup/go-api/internal/api/registry.go:374.122,376.16 2 0
levelup/go-api/internal/api/registry.go:376.16,378.3 1 0
levelup/go-api/internal/api/registry.go:379.2,380.41 2 0
levelup/go-api/internal/api/registry.go:387.121,389.16 2 0
levelup/go-api/internal/api/registry.go:389.16,391.3 1 0
levelup/go-api/internal/api/registry.go:392.2,393.41 2 0
levelup/go-api/internal/api/registry.go:404.57,405.20 1 0
levelup/go-api/internal/api/registry.go:405.20,407.3 1 0
levelup/go-api/internal/api/registry.go:409.2,410.38 2 0
levelup/go-api/internal/api/registry.go:410.38,411.39 1 0
levelup/go-api/internal/api/registry.go:411.39,413.4 1 0
levelup/go-api/internal/api/registry.go:414.3,414.11 1 0
levelup/go-api/internal/api/registry.go:416.2,416.54 1 0
levelup/go-api/internal/api/server.go:40.16,90.93 29 0
levelup/go-api/internal/api/server.go:90.93,92.3 1 0
levelup/go-api/internal/api/server.go:92.8,94.3 1 0
levelup/go-api/internal/api/server.go:97.2,104.40 4 0
levelup/go-api/internal/api/server.go:104.40,131.40 15 0
levelup/go-api/internal/api/server.go:131.40,141.4 9 0
levelup/go-api/internal/api/server.go:144.3,166.56 14 0
levelup/go-api/internal/api/server.go:166.56,262.4 55 0
levelup/go-api/internal/api/server.go:266.3,271.42 4 0
levelup/go-api/internal/api/server.go:271.42,278.4 6 0
levelup/go-api/internal/api/server.go:281.2,281.10 1 0
levelup/go-api/internal/api/handlers/admin.go:32.92,34.2 1 0
levelup/go-api/internal/api/handlers/admin.go:38.74,40.16 2 0
levelup/go-api/internal/api/handlers/admin.go:40.16,43.3 2 0
levelup/go-api/internal/api/handlers/admin.go:44.2,44.36 1 0
levelup/go-api/internal/api/handlers/admin.go:49.75,51.49 2 0
levelup/go-api/internal/api/handlers/admin.go:51.49,52.48 1 0
levelup/go-api/internal/api/handlers/admin.go:52.48,55.4 2 0
levelup/go-api/internal/api/handlers/admin.go:56.3,58.9 3 0
levelup/go-api/internal/api/handlers/admin.go:60.2,61.37 2 0
levelup/go-api/internal/api/handlers/admin.go:66.75,71.62 3 0
levelup/go-api/internal/api/handlers/admin.go:71.62,74.3 2 0
levelup/go-api/internal/api/handlers/admin.go:75.2,75.67 1 0
levelup/go-api/internal/api/handlers/admin.go:75.67,78.3 2 0
levelup/go-api/internal/api/handlers/admin.go:79.2,79.61 1 0
levelup/go-api/internal/api/handlers/admin.go:79.61,80.48 1 0
levelup/go-api/internal/api/handlers/admin.go:80.48,83.4 2 0
levelup/go-api/internal/api/handlers/admin.go:84.3,86.9 3 0
levelup/go-api/internal/api/handlers/admin.go:88.2,89.37 2 0
levelup/go-api/internal/api/handlers/admin.go:94.78,99.62 3 0
levelup/go-api/internal/api/handlers/admin.go:99.62,102.3 2 0
levelup/go-api/internal/api/handlers/admin.go:103.2,103.74 1 0
levelup/go-api/internal/api/handlers/admin.go:103.74,104.48 1 0
levelup/go-api/internal/api/handlers/admin.go:104.48,107.4 2 0
levelup/go-api/internal/api/handlers/admin.go:108.3,108.52 1 0
levelup/go-api/internal/api/handlers/admin.go:108.52,111.4 2 0
levelup/go-api/internal/api/handlers/admin.go:112.3,114.9 3 0
levelup/go-api/internal/api/handlers/admin.go:116.2,117.37 2 0
levelup/go-api/internal/api/handlers/admin.go:122.76,124.16 2 0
levelup/go-api/internal/api/handlers/admin.go:124.16,127.3 2 0
levelup/go-api/internal/api/handlers/admin.go:128.2,128.38 1 0
levelup/go-api/internal/api/handlers/admin.go:133.79,137.62 2 0
levelup/go-api/internal/api/handlers/admin.go:137.62,140.3 1 0
levelup/go-api/internal/api/handlers/admin.go:141.2,141.29 1 0
levelup/go-api/internal/api/handlers/admin.go:141.29,143.3 1 0
levelup/go-api/internal/api/handlers/admin.go:146.2,148.41 3 0
levelup/go-api/internal/api/handlers/admin.go:148.41,150.3 1 0
levelup/go-api/internal/api/handlers/admin.go:152.2,153.16 2 0
levelup/go-api/internal/api/handlers/admin.go:153.16,157.3 3 0
levelup/go-api/internal/api/handlers/admin.go:158.2,159.42 2 0
levelup/go-api/internal/api/handlers/admin.go:164.77,166.47 2 0
levelup/go-api/internal/api/handlers/admin.go:166.47,167.50 1 0
levelup/go-api/internal/api/handlers/admin.go:167.50,170.4 2 0
levelup/go-api/internal/api/handlers/admin.go:171.3,173.9 3 0
levelup/go-api/internal/api/handlers/admin.go:175.2,176.37 2 0
levelup/go-api/internal/api/handlers/admin.go:180.65,182.2 1 0
levelup/go-api/internal/api/handlers/admin.go:185.44,187.41 2 0
levelup/go-api/internal/api/handlers/admin.go:187.41,189.3 1 0
levelup/go-api/internal/api/handlers/admin.go:190.2,190.18 1 0
levelup/go-api/internal/api/handlers/assets.go:43.63,45.2 1 0
levelup/go-api/internal/api/handlers/assets.go:48.65,50.2 1 0
levelup/go-api/internal/api/handlers/assets.go:54.78,59.16 4 0
levelup/go-api/internal/api/handlers/assets.go:59.16,62.3 2 0
levelup/go-api/internal/api/handlers/assets.go:64.2,67.16 3 0
levelup/go-api/internal/api/handlers/assets.go:67.16,70.3 2 0
levelup/go-api/internal/api/handlers/assets.go:73.2,73.42 1 0
levelup/go-api/internal/api/handlers/assets.go:73.42,76.3 2 0
levelup/go-api/internal/api/handlers/assets.go:79.2,80.66 2 0
levelup/go-api/internal/api/handlers/assets.go:80.66,82.3 1 0
levelup/go-api/internal/api/handlers/assets.go:83.2,83.16 1 0
levelup/go-api/internal/api/handlers/assets.go:83.16,86.3 2 0
levelup/go-api/internal/api/handlers/assets.go:88.2,99.47 3 0
levelup/go-api/internal/api/handlers/assets.go:105.72,112.16 3 0
levelup/go-api/internal/api/handlers/assets.go:112.16,114.3 1 0
levelup/go-api/internal/api/handlers/assets.go:115.2,118.44 3 0
levelup/go-api/internal/api/handlers/assets.go:118.44,123.3 1 0
levelup/go-api/internal/api/handlers/assets.go:124.2,124.17 1 0
levelup/go-api/internal/api/handlers/assets.go:127.36,130.2 2 0
levelup/go-api/internal/api/handlers/auth.go:42.154,49.2 1 0
levelup/go-api/internal/api/handlers/auth.go:52.65,55.2 2 0
levelup/go-api/internal/api/handlers/auth.go:59.79,60.16 1 0
levelup/go-api/internal/api/handlers/auth.go:60.16,63.3 2 0
levelup/go-api/internal/api/handlers/auth.go:65.2,66.17 2 0
levelup/go-api/internal/api/handlers/auth.go:66.17,69.3 2 0
levelup/go-api/internal/api/handlers/auth.go:72.2,73.12 2 0
levelup/go-api/internal/api/handlers/auth.go:73.12,76.3 2 0
levelup/go-api/internal/api/handlers/auth.go:79.2,80.16 2 0
levelup/go-api/internal/api/handlers/auth.go:80.16,81.71 1 0
levelup/go-api/internal/api/handlers/auth.go:81.71,85.4 3 0
levelup/go-api/internal/api/handlers/auth.go:86.3,87.9 2 0
levelup/go-api/internal/api/handlers/auth.go:91.2,91.70 1 0
levelup/go-api/internal/api/handlers/auth.go:91.70,96.3 4 0
levelup/go-api/internal/api/handlers/auth.go:99.2,102.64 3 0
levelup/go-api/internal/api/handlers/auth.go:107.83,110.17 3 0
levelup/go-api/internal/api/handlers/auth.go:110.17,113.3 2 0
levelup/go-api/internal/api/handlers/auth.go:115.2,116.61 2 0
levelup/go-api/internal/api/handlers/auth.go:116.61,119.3 2 0
levelup/go-api/internal/api/handlers/auth.go:122.2,122.73 1 0
levelup/go-api/internal/api/handlers/auth.go:122.73,124.30 2 0
levelup/go-api/internal/api/handlers/auth.go:124.30,129.4 1 0
levelup/go-api/internal/api/handlers/auth.go:131.3,131.34 1 0
levelup/go-api/internal/api/handlers/auth.go:131.34,136.4 1 0
levelup/go-api/internal/api/handlers/auth.go:138.3,138.76 1 0
levelup/go-api/internal/api/handlers/auth.go:138.76,142.4 3 0
levelup/go-api/internal/api/handlers/auth.go:143.3,143.32 1 0
levelup/go-api/internal/api/handlers/auth.go:146.2,146.65 1 0
levelup/go-api/internal/api/handlers/auth.go:155.92,160.16 4 0
levelup/go-api/internal/api/handlers/auth.go:160.16,161.63 1 0
levelup/go-api/internal/api/handlers/auth.go:161.63,165.4 3 0
levelup/go-api/internal/api/handlers/auth.go:166.3,166.9 1 0
levelup/go-api/internal/api/handlers/auth.go:170.2,171.16 2 0
levelup/go-api/internal/api/handlers/auth.go:171.16,172.63 1 0
levelup/go-api/internal/api/handlers/auth.go:172.63,176.4 3 0
levelup/go-api/internal/api/handlers/auth.go:177.3,177.9 1 0
levelup/go-api/internal/api/handlers/auth.go:182.2,182.62 1 0
levelup/go-api/internal/api/handlers/auth.go:182.62,188.3 5 0
levelup/go-api/internal/api/handlers/auth.go:195.87,203.2 1 0
levelup/go-api/internal/api/handlers/auth.go:205.89,210.22 2 0
levelup/go-api/internal/api/handlers/auth.go:210.22,212.3 1 0
levelup/go-api/internal/api/handlers/auth.go:213.2,213.18 1 0
levelup/go-api/internal/api/handlers/auth.go:213.18,215.3 1 0
levelup/go-api/internal/api/handlers/auth.go:216.2,216.23 1 0
levelup/go-api/internal/api/handlers/auth.go:216.23,218.3 1 0
levelup/go-api/internal/api/handlers/auth.go:219.2,219.25 1 0
levelup/go-api/internal/api/handlers/auth.go:219.25,221.3 1 0
levelup/go-api/internal/api/handlers/auth.go:222.2,222.13 1 0
levelup/go-api/internal/api/handlers/backfill.go:31.87,33.2 1 0
levelup/go-api/internal/api/handlers/backfill.go:37.81,39.61 2 0
levelup/go-api/internal/api/handlers/backfill.go:39.61,42.3 2 0
levelup/go-api/internal/api/handlers/backfill.go:44.2,44.54 1 0
levelup/go-api/internal/api/handlers/backfill.go:44.54,47.3 2 0
levelup/go-api/internal/api/handlers/backfill.go:50.2,51.16 2 0
levelup/go-api/internal/api/handlers/backfill.go:51.16,55.3 2 0
levelup/go-api/internal/api/handlers/backfill.go:56.2,57.28 2 0
levelup/go-api/internal/api/handlers/backfill.go:57.28,58.37 1 0
levelup/go-api/internal/api/handlers/backfill.go:58.37,61.9 3 0
levelup/go-api/internal/api/handlers/backfill.go:64.2,64.20 1 0
levelup/go-api/internal/api/handlers/backfill.go:64.20,68.3 2 0
levelup/go-api/internal/api/handlers/backfill.go:71.2,71.95 1 0
levelup/go-api/internal/api/handlers/backfill.go:71.95,75.3 2 0
levelup/go-api/internal/api/handlers/backfill.go:78.2,80.17 3 0
levelup/go-api/internal/api/handlers/backfill.go:80.17,82.3 1 0
levelup/go-api/internal/api/handlers/backfill.go:85.2,89.12 3 0
levelup/go-api/internal/api/handlers/backfill.go:89.12,97.17 5 0
levelup/go-api/internal/api/handlers/backfill.go:97.17,99.64 2 0
levelup/go-api/internal/api/handlers/backfill.go:99.64,102.5 2 0
levelup/go-api/internal/api/handlers/backfill.go:103.4,103.10 1 0
levelup/go-api/internal/api/handlers/backfill.go:106.3,109.63 4 0
levelup/go-api/internal/api/handlers/backfill.go:109.63,113.4 3 0
levelup/go-api/internal/api/handlers/backfill.go:115.3,115.31 1 0
levelup/go-api/internal/api/handlers/backfill.go:115.31,118.64 3 0
levelup/go-api/internal/api/handlers/backfill.go:118.64,122.5 3 0
levelup/go-api/internal/api/handlers/backfill.go:123.4,123.10 1 0
levelup/go-api/internal/api/handlers/backfill.go:127.3,128.20 2 0
levelup/go-api/internal/api/handlers/backfill.go:128.20,129.21 1 0
levelup/go-api/internal/api/handlers/backfill.go:129.21,130.65 1 0
levelup/go-api/internal/api/handlers/backfill.go:130.65,133.6 1 0
levelup/go-api/internal/api/handlers/backfill.go:134.10,136.65 2 0
levelup/go-api/internal/api/handlers/backfill.go:136.65,138.6 1 0
levelup/go-api/internal/api/handlers/backfill.go:139.5,142.21 2 0
levelup/go-api/internal/api/handlers/backfill.go:142.21,143.66 1 0
levelup/go-api/internal/api/handlers/backfill.go:143.66,146.7 1 0
levelup/go-api/internal/api/handlers/backfill.go:148.5,148.31 1 0
levelup/go-api/internal/api/handlers/backfill.go:153.3,161.63 5 0
levelup/go-api/internal/api/handlers/backfill.go:161.63,166.4 4 0
levelup/go-api/internal/api/handlers/backfill.go:169.2,169.40 1 0
levelup/go-api/internal/api/handlers/backfill.go:173.73,181.46 2 0
levelup/go-api/internal/api/handlers/backfill.go:181.46,192.3 9 0
levelup/go-api/internal/api/handlers/backfill.go:192.8,201.3 8 0
levelup/go-api/internal/api/handlers/backfill.go:203.2,203.21 1 0
levelup/go-api/internal/api/handlers/backfill.go:203.21,208.3 4 0
levelup/go-api/internal/api/handlers/backfill.go:210.2,211.14 2 0
levelup/go-api/internal/api/handlers/backfill.go:216.85,218.18 2 0
levelup/go-api/internal/api/handlers/backfill.go:218.18,220.3 1 0
levelup/go-api/internal/api/handlers/backfill.go:221.2,221.18 1 0
levelup/go-api/internal/api/handlers/backfill.go:221.18,223.3 1 0
levelup/go-api/internal/api/handlers/backfill.go:224.2,224.17 1 0
levelup/go-api/internal/api/handlers/backfill.go:224.17,226.3 1 0
levelup/go-api/internal/api/handlers/backfill.go:227.2,227.26 1 0
levelup/go-api/internal/api/handlers/backfill.go:227.26,229.3 1 0
levelup/go-api/internal/api/handlers/backfill.go:230.2,230.29 1 0
levelup/go-api/internal/api/handlers/backfill.go:230.29,232.3 1 0
levelup/go-api/internal/api/handlers/backfill.go:233.2,233.19 1 0
levelup/go-api/internal/api/handlers/backfill.go:233.19,235.3 1 0
levelup/go-api/internal/api/handlers/backfill.go:236.2,236.16 1 0
levelup/go-api/internal/api/handlers/backfill.go:236.16,238.3 1 0
levelup/go-api/internal/api/handlers/backfill.go:239.2,239.21 1 0
levelup/go-api/internal/api/handlers/backfill.go:239.21,241.3 1 0
levelup/go-api/internal/api/handlers/backfill.go:242.2,246.58 2 0
levelup/go-api/internal/api/handlers/backfill.go:246.58,248.3 1 0
levelup/go-api/internal/api/handlers/bootstrap.go:17.75,19.2 1 0
levelup/go-api/internal/api/handlers/bootstrap.go:22.78,25.16 3 0
levelup/go-api/internal/api/handlers/bootstrap.go:25.16,28.3 2 0
levelup/go-api/internal/api/handlers/bootstrap.go:29.2,29.35 1 0
levelup/go-api/internal/api/handlers/bootstrap.go:38.71,40.2 1 0
levelup/go-api/internal/api/handlers/bootstrap.go:43.76,45.16 2 0
levelup/go-api/internal/api/handlers/bootstrap.go:45.16,48.3 2 0
levelup/go-api/internal/api/handlers/bootstrap.go:49.2,49.35 1 0
levelup/go-api/internal/api/handlers/career.go:27.81,29.2 1 0
levelup/go-api/internal/api/handlers/career.go:32.75,35.16 3 0
levelup/go-api/internal/api/handlers/career.go:35.16,38.3 2 0
levelup/go-api/internal/api/handlers/career.go:39.2,40.16 2 0
levelup/go-api/internal/api/handlers/career.go:40.16,43.3 2 0
levelup/go-api/internal/api/handlers/career.go:44.2,44.35 1 0
levelup/go-api/internal/api/handlers/career.go:48.79,51.16 3 0
levelup/go-api/internal/api/handlers/career.go:51.16,54.3 2 0
levelup/go-api/internal/api/handlers/career.go:55.2,56.16 2 0
levelup/go-api/internal/api/handlers/career.go:56.16,59.3 2 0
levelup/go-api/internal/api/handlers/career.go:60.2,60.35 1 0
levelup/go-api/internal/api/handlers/career.go:64.79,67.16 3 0
levelup/go-api/internal/api/handlers/career.go:67.16,70.3 2 0
levelup/go-api/internal/api/handlers/career.go:71.2,72.16 2 0
levelup/go-api/internal/api/handlers/career.go:72.16,75.3 2 0
levelup/go-api/internal/api/handlers/career.go:76.2,76.35 1 0
levelup/go-api/internal/api/handlers/changelog.go:23.60,28.2 1 0
levelup/go-api/internal/api/handlers/changelog.go:31.81,33.16 2 0
levelup/go-api/internal/api/handlers/changelog.go:33.16,36.3 2 0
levelup/go-api/internal/api/handlers/changelog.go:37.2,37.68 1 0
levelup/go-api/internal/api/handlers/changelog.go:40.57,42.59 2 0
levelup/go-api/internal/api/handlers/changelog.go:42.59,45.3 2 0
levelup/go-api/internal/api/handlers/changelog.go:46.2,52.59 4 0
levelup/go-api/internal/api/handlers/changelog.go:52.59,54.3 1 0
levelup/go-api/internal/api/handlers/changelog.go:56.2,57.16 2 0
levelup/go-api/internal/api/handlers/changelog.go:57.16,59.3 1 0
levelup/go-api/internal/api/handlers/changelog.go:60.2,62.22 3 0
levelup/go-api/internal/api/handlers/citations.go:25.90,27.2 1 0
levelup/go-api/internal/api/handlers/citations.go:32.81,35.16 3 0
levelup/go-api/internal/api/handlers/citations.go:35.16,38.3 2 0
levelup/go-api/internal/api/handlers/citations.go:40.2,42.25 2 0
levelup/go-api/internal/api/handlers/citations.go:42.25,43.62 1 0
levelup/go-api/internal/api/handlers/citations.go:43.62,46.4 2 0
levelup/go-api/internal/api/handlers/citations.go:49.2,50.16 2 0
levelup/go-api/internal/api/handlers/citations.go:50.16,53.3 2 0
levelup/go-api/internal/api/handlers/citations.go:56.2,56.24 1 0
levelup/go-api/internal/api/handlers/citations.go:56.24,58.3 1 0
levelup/go-api/internal/api/handlers/citations.go:60.2,60.35 1 0
levelup/go-api/internal/api/handlers/citations.go:66.85,69.16 3 0
levelup/go-api/internal/api/handlers/citations.go:69.16,72.3 2 0
levelup/go-api/internal/api/handlers/citations.go:74.2,75.25 2 0
levelup/go-api/internal/api/handlers/citations.go:75.25,76.62 1 0
levelup/go-api/internal/api/handlers/citations.go:76.62,79.4 2 0
levelup/go-api/internal/api/handlers/citations.go:82.2,83.16 2 0
levelup/go-api/internal/api/handlers/citations.go:83.16,86.3 2 0
levelup/go-api/internal/api/handlers/citations.go:89.2,89.24 1 0
levelup/go-api/internal/api/handlers/citations.go:89.24,91.3 1 0
levelup/go-api/internal/api/handlers/citations.go:93.2,93.35 1 0
levelup/go-api/internal/api/handlers/citations.go:101.115,103.35 2 0
levelup/go-api/internal/api/handlers/citations.go:103.35,104.29 1 0
levelup/go-api/internal/api/handlers/citations.go:104.29,106.4 1 0
levelup/go-api/internal/api/handlers/citations.go:108.2,112.3 1 0
levelup/go-api/internal/api/handlers/citations.go:116.127,119.38 3 0
levelup/go-api/internal/api/handlers/citations.go:119.38,120.31 1 0
levelup/go-api/internal/api/handlers/citations.go:120.31,123.4 2 0
levelup/go-api/internal/api/handlers/citations.go:125.2,128.3 1 0
levelup/go-api/internal/api/handlers/compare.go:26.84,28.2 1 0
levelup/go-api/internal/api/handlers/compare.go:32.82,35.16 3 0
levelup/go-api/internal/api/handlers/compare.go:35.16,38.3 2 0
levelup/go-api/internal/api/handlers/compare.go:40.2,41.61 2 0
levelup/go-api/internal/api/handlers/compare.go:41.61,44.3 2 0
levelup/go-api/internal/api/handlers/compare.go:45.2,45.39 1 0
levelup/go-api/internal/api/handlers/compare.go:45.39,48.3 2 0
levelup/go-api/internal/api/handlers/compare.go:50.2,51.16 2 0
levelup/go-api/internal/api/handlers/compare.go:51.16,54.3 2 0
levelup/go-api/internal/api/handlers/compare.go:56.2,56.35 1 0
levelup/go-api/internal/api/handlers/explorer.go:26.20,31.2 1 0
levelup/go-api/internal/api/handlers/explorer.go:36.79,39.16 3 0
levelup/go-api/internal/api/handlers/explorer.go:39.16,42.3 2 0
levelup/go-api/internal/api/handlers/explorer.go:44.2,45.61 2 0
levelup/go-api/internal/api/handlers/explorer.go:45.61,48.3 2 0
levelup/go-api/internal/api/handlers/explorer.go:49.2,49.30 1 0
levelup/go-api/internal/api/handlers/explorer.go:49.30,52.3 2 0
levelup/go-api/internal/api/handlers/explorer.go:54.2,55.16 2 0
levelup/go-api/internal/api/handlers/explorer.go:55.16,58.3 2 0
levelup/go-api/internal/api/handlers/explorer.go:59.2,59.35 1 0
levelup/go-api/internal/api/handlers/explorer.go:65.80,68.16 3 0
levelup/go-api/internal/api/handlers/explorer.go:68.16,71.3 2 0
levelup/go-api/internal/api/handlers/explorer.go:73.2,74.61 2 0
levelup/go-api/internal/api/handlers/explorer.go:74.61,77.3 2 0
levelup/go-api/internal/api/handlers/explorer.go:80.2,88.16 3 0
levelup/go-api/internal/api/handlers/explorer.go:88.16,91.3 2 0
levelup/go-api/internal/api/handlers/explorer.go:94.2,95.42 2 0
levelup/go-api/internal/api/handlers/explorer.go:95.42,110.3 1 0
levelup/go-api/internal/api/handlers/explorer.go:112.2,121.35 2 0
levelup/go-api/internal/api/handlers/filters.go:20.84,22.2 1 0
levelup/go-api/internal/api/handlers/filters.go:25.74,28.16 3 0
levelup/go-api/internal/api/handlers/filters.go:28.16,31.3 2 0
levelup/go-api/internal/api/handlers/filters.go:33.2,34.63 2 0
levelup/go-api/internal/api/handlers/filters.go:34.63,37.3 2 0
levelup/go-api/internal/api/handlers/filters.go:39.2,39.41 1 0
levelup/go-api/internal/api/handlers/filters.go:39.41,42.3 2 0
levelup/go-api/internal/api/handlers/filters.go:44.2,45.16 2 0
levelup/go-api/internal/api/handlers/filters.go:45.16,48.3 2 0
levelup/go-api/internal/api/handlers/filters.go:49.2,49.37 1 0
levelup/go-api/internal/api/handlers/gamertag.go:18.74,20.2 1 0
levelup/go-api/internal/api/handlers/gamertag.go:23.74,25.18 1 0
levelup/go-api/internal/api/handlers/gamertag.go:25.18,28.3 2 0
levelup/go-api/internal/api/handlers/gamertag.go:30.2,31.13 2 0
levelup/go-api/internal/api/handlers/gamertag.go:31.13,34.3 2 0
levelup/go-api/internal/api/handlers/gamertag.go:36.2,37.16 2 0
levelup/go-api/internal/api/handlers/gamertag.go:37.16,40.3 2 0
levelup/go-api/internal/api/handlers/gamertag.go:41.2,41.18 1 0
levelup/go-api/internal/api/handlers/gamertag.go:41.18,43.3 1 0
levelup/go-api/internal/api/handlers/gamertag.go:44.2,44.84 1 0
levelup/go-api/internal/api/handlers/health.go:21.69,23.2 1 0
levelup/go-api/internal/api/handlers/health.go:26.96,28.2 1 0
levelup/go-api/internal/api/handlers/health.go:31.75,33.16 2 0
levelup/go-api/internal/api/handlers/health.go:33.16,37.3 2 0
levelup/go-api/internal/api/handlers/health.go:39.2,52.4 4 0
levelup/go-api/internal/api/handlers/helpers.go:10.66,13.53 3 0
levelup/go-api/internal/api/handlers/helpers.go:13.53,17.3 1 0
levelup/go-api/internal/api/handlers/helpers.go:21.74,27.2 1 0
levelup/go-api/internal/api/handlers/home.go:28.58,30.2 1 0
levelup/go-api/internal/api/handlers/home.go:34.75,37.16 3 0
levelup/go-api/internal/api/handlers/home.go:37.16,40.3 2 0
levelup/go-api/internal/api/handlers/home.go:42.2,43.16 2 0
levelup/go-api/internal/api/handlers/home.go:43.16,46.3 2 0
levelup/go-api/internal/api/handlers/home.go:48.2,48.35 1 0
levelup/go-api/internal/api/handlers/home.go:53.77,56.16 3 0
levelup/go-api/internal/api/handlers/home.go:56.16,59.3 2 0
levelup/go-api/internal/api/handlers/home.go:61.2,62.35 2 0
levelup/go-api/internal/api/handlers/home.go:67.77,70.16 3 0
levelup/go-api/internal/api/handlers/home.go:70.16,73.3 2 0
levelup/go-api/internal/api/handlers/home.go:75.2,76.35 2 0
levelup/go-api/internal/api/handlers/jobs.go:20.53,22.2 1 0
levelup/go-api/internal/api/handlers/jobs.go:26.70,28.17 2 0
levelup/go-api/internal/api/handlers/jobs.go:28.17,31.3 2 0
levelup/go-api/internal/api/handlers/jobs.go:33.2,34.16 2 0
levelup/go-api/internal/api/handlers/jobs.go:34.16,38.3 2 0
levelup/go-api/internal/api/handlers/jobs.go:40.2,40.34 1 0
levelup/go-api/internal/api/handlers/lab.go:19.57,21.2 1 0
levelup/go-api/internal/api/handlers/lab.go:24.75,26.9 2 0
levelup/go-api/internal/api/handlers/lab.go:26.9,28.3 1 0
levelup/go-api/internal/api/handlers/lab.go:29.2,30.16 2 0
levelup/go-api/internal/api/handlers/lab.go:30.16,33.3 2 0
levelup/go-api/internal/api/handlers/lab.go:34.2,34.35 1 0
levelup/go-api/internal/api/handlers/lab.go:38.75,40.16 2 0
levelup/go-api/internal/api/handlers/lab.go:40.16,43.3 2 0
levelup/go-api/internal/api/handlers/lab.go:44.2,44.35 1 0
levelup/go-api/internal/api/handlers/lab.go:48.77,50.16 2 0
levelup/go-api/internal/api/handlers/lab.go:50.16,53.3 2 0
levelup/go-api/internal/api/handlers/lab.go:54.2,54.35 1 0
levelup/go-api/internal/api/handlers/lab.go:57.102,65.38 3 0
levelup/go-api/internal/api/handlers/lab.go:65.38,67.17 2 0
levelup/go-api/internal/api/handlers/lab.go:67.17,70.4 2 0
levelup/go-api/internal/api/handlers/lab.go:71.3,71.22 1 0
levelup/go-api/internal/api/handlers/lab.go:73.2,73.41 1 0
levelup/go-api/internal/api/handlers/lab.go:73.41,75.17 2 0
levelup/go-api/internal/api/handlers/lab.go:75.17,78.4 2 0
levelup/go-api/internal/api/handlers/lab.go:79.3,79.26 1 0
levelup/go-api/internal/api/handlers/lab.go:81.2,81.20 1 0
levelup/go-api/internal/api/handlers/lab.go:84.54,85.45 1 0
levelup/go-api/internal/api/handlers/lab.go:85.45,88.3 2 0
levelup/go-api/internal/api/handlers/lab.go:89.2,89.73 1 0
levelup/go-api/internal/api/handlers/last_match.go:22.90,24.2 1 0
levelup/go-api/internal/api/handlers/last_match.go:27.76,30.16 3 0
levelup/go-api/internal/api/handlers/last_match.go:30.16,33.3 2 0
levelup/go-api/internal/api/handlers/last_match.go:35.2,36.92 2 0
levelup/go-api/internal/api/handlers/last_match.go:36.92,39.3 2 0
levelup/go-api/internal/api/handlers/last_match.go:41.2,42.19 2 0
levelup/go-api/internal/api/handlers/last_match.go:42.19,45.3 2 0
levelup/go-api/internal/api/handlers/last_match.go:47.2,47.35 1 0
levelup/go-api/internal/api/handlers/leaderboard.go:25.96,27.2 1 0
levelup/go-api/internal/api/handlers/leaderboard.go:31.89,34.16 3 0
levelup/go-api/internal/api/handlers/leaderboard.go:34.16,37.3 2 0
levelup/go-api/internal/api/handlers/leaderboard.go:39.2,46.16 3 0
levelup/go-api/internal/api/handlers/leaderboard.go:46.16,49.3 2 0
levelup/go-api/internal/api/handlers/leaderboard.go:51.2,51.35 1 0
levelup/go-api/internal/api/handlers/match_exclusion.go:26.105,28.2 1 0
levelup/go-api/internal/api/handlers/match_exclusion.go:34.86,39.16 4 0
levelup/go-api/internal/api/handlers/match_exclusion.go:39.16,42.3 2 0
levelup/go-api/internal/api/handlers/match_exclusion.go:44.2,45.61 2 0
levelup/go-api/internal/api/handlers/match_exclusion.go:45.61,48.3 2 0
levelup/go-api/internal/api/handlers/match_exclusion.go:50.2,50.77 1 0
levelup/go-api/internal/api/handlers/match_exclusion.go:50.77,57.3 3 0
levelup/go-api/internal/api/handlers/match_exclusion.go:59.2,64.37 2 0
levelup/go-api/internal/api/handlers/match_exclusion.go:70.88,74.16 3 0
levelup/go-api/internal/api/handlers/match_exclusion.go:74.16,77.3 2 0
levelup/go-api/internal/api/handlers/match_exclusion.go:79.2,80.16 2 0
levelup/go-api/internal/api/handlers/match_exclusion.go:80.16,87.3 3 0
levelup/go-api/internal/api/handlers/match_exclusion.go:89.2,89.20 1 0
levelup/go-api/internal/api/handlers/match_exclusion.go:89.20,91.3 1 0
levelup/go-api/internal/api/handlers/match_exclusion.go:92.2,92.38 1 0
levelup/go-api/internal/api/handlers/match_favorite.go:25.95,27.2 1 0
levelup/go-api/internal/api/handlers/match_favorite.go:31.91,35.19 3 0
levelup/go-api/internal/api/handlers/match_favorite.go:35.19,38.3 2 0
levelup/go-api/internal/api/handlers/match_favorite.go:40.2,41.16 2 0
levelup/go-api/internal/api/handlers/match_favorite.go:41.16,44.3 2 0
levelup/go-api/internal/api/handlers/match_favorite.go:46.2,47.61 2 0
levelup/go-api/internal/api/handlers/match_favorite.go:47.61,50.3 2 0
levelup/go-api/internal/api/handlers/match_favorite.go:51.2,54.66 3 0
levelup/go-api/internal/api/handlers/match_favorite.go:54.66,59.3 3 0
levelup/go-api/internal/api/handlers/match_favorite.go:61.2,68.4 2 0
levelup/go-api/internal/api/handlers/match_history.go:27.99,29.2 1 0
levelup/go-api/internal/api/handlers/match_history.go:32.77,35.16 3 0
levelup/go-api/internal/api/handlers/match_history.go:35.16,38.3 2 0
levelup/go-api/internal/api/handlers/match_history.go:40.2,41.61 2 0
levelup/go-api/internal/api/handlers/match_history.go:41.61,44.3 2 0
levelup/go-api/internal/api/handlers/match_history.go:46.2,46.39 1 0
levelup/go-api/internal/api/handlers/match_history.go:46.39,49.3 2 0
levelup/go-api/internal/api/handlers/match_history.go:51.2,52.16 2 0
levelup/go-api/internal/api/handlers/match_history.go:52.16,55.3 2 0
levelup/go-api/internal/api/handlers/match_history.go:58.2,58.53 1 0
levelup/go-api/internal/api/handlers/match_history.go:58.53,60.17 2 0
levelup/go-api/internal/api/handlers/match_history.go:60.17,62.4 1 0
levelup/go-api/internal/api/handlers/match_history.go:65.2,65.35 1 0
levelup/go-api/internal/api/handlers/match_history.go:71.78,74.16 3 0
levelup/go-api/internal/api/handlers/match_history.go:74.16,77.3 2 0
levelup/go-api/internal/api/handlers/match_history.go:79.2,80.17 2 0
levelup/go-api/internal/api/handlers/match_history.go:80.17,83.3 2 0
levelup/go-api/internal/api/handlers/match_history.go:85.2,86.16 2 0
levelup/go-api/internal/api/handlers/match_history.go:86.16,89.3 2 0
levelup/go-api/internal/api/handlers/match_history.go:91.2,92.16 2 0
levelup/go-api/internal/api/handlers/match_history.go:92.16,95.3 2 0
levelup/go-api/internal/api/handlers/match_history.go:97.2,110.27 6 0
levelup/go-api/internal/api/handlers/match_history.go:110.27,116.42 6 0
levelup/go-api/internal/api/handlers/match_history.go:116.42,118.4 1 0
levelup/go-api/internal/api/handlers/match_history.go:119.3,131.5 1 0
levelup/go-api/internal/api/handlers/match_history.go:133.2,133.12 1 0
levelup/go-api/internal/api/handlers/match_history.go:140.77,142.16 2 0
levelup/go-api/internal/api/handlers/match_history.go:142.16,144.3 1 0
levelup/go-api/internal/api/handlers/match_history.go:145.2,145.53 1 0
levelup/go-api/internal/api/handlers/match_history.go:148.79,150.16 2 0
levelup/go-api/internal/api/handlers/match_history.go:150.16,152.3 1 0
levelup/go-api/internal/api/handlers/match_history.go:153.2,154.51 2 0
levelup/go-api/internal/api/handlers/match_history.go:154.51,156.3 1 0
levelup/go-api/internal/api/handlers/match_history.go:157.2,157.17 1 0
levelup/go-api/internal/api/handlers/match_history.go:160.40,161.14 1 0
levelup/go-api/internal/api/handlers/match_history.go:161.14,163.3 1 0
levelup/go-api/internal/api/handlers/match_history.go:164.2,164.32 1 0
levelup/go-api/internal/api/handlers/match_history.go:167.31,168.14 1 0
levelup/go-api/internal/api/handlers/match_history.go:168.14,170.3 1 0
levelup/go-api/internal/api/handlers/match_history.go:171.2,171.11 1 0
levelup/go-api/internal/api/handlers/match_view.go:21.90,23.2 1 0
levelup/go-api/internal/api/handlers/match_view.go:27.81,30.16 3 0
levelup/go-api/internal/api/handlers/match_view.go:30.16,33.3 2 0
levelup/go-api/internal/api/handlers/match_view.go:35.2,36.19 2 0
levelup/go-api/internal/api/handlers/match_view.go:36.19,39.3 2 0
levelup/go-api/internal/api/handlers/match_view.go:41.2,42.16 2 0
levelup/go-api/internal/api/handlers/match_view.go:42.16,44.60 2 0
levelup/go-api/internal/api/handlers/match_view.go:44.60,47.4 2 0
levelup/go-api/internal/api/handlers/match_view.go:48.3,48.105 1 0
levelup/go-api/internal/api/handlers/match_view.go:48.105,51.4 2 0
levelup/go-api/internal/api/handlers/match_view.go:52.3,53.9 2 0
levelup/go-api/internal/api/handlers/match_view.go:55.2,55.35 1 0
levelup/go-api/internal/api/handlers/media.go:57.17,59.2 1 0
levelup/go-api/internal/api/handlers/media.go:64.80,67.16 3 0
levelup/go-api/internal/api/handlers/media.go:67.16,70.3 2 0
levelup/go-api/internal/api/handlers/media.go:72.2,73.25 2 0
levelup/go-api/internal/api/handlers/media.go:73.25,74.62 1 0
levelup/go-api/internal/api/handlers/media.go:74.62,77.4 2 0
levelup/go-api/internal/api/handlers/media.go:79.2,79.18 1 0
levelup/go-api/internal/api/handlers/media.go:79.18,81.3 1 0
levelup/go-api/internal/api/handlers/media.go:83.2,84.16 2 0
levelup/go-api/internal/api/handlers/media.go:84.16,87.3 2 0
levelup/go-api/internal/api/handlers/media.go:89.2,89.35 1 0
levelup/go-api/internal/api/handlers/media.go:94.79,97.16 3 0
levelup/go-api/internal/api/handlers/media.go:97.16,100.3 2 0
levelup/go-api/internal/api/handlers/media.go:102.2,103.61 2 0
levelup/go-api/internal/api/handlers/media.go:103.61,106.3 2 0
levelup/go-api/internal/api/handlers/media.go:108.2,109.16 2 0
levelup/go-api/internal/api/handlers/media.go:109.16,111.30 2 0
levelup/go-api/internal/api/handlers/media.go:111.30,112.23 1 0
levelup/go-api/internal/api/handlers/media.go:113.23,115.11 2 0
levelup/go-api/internal/api/handlers/media.go:116.21,118.11 2 0
levelup/go-api/internal/api/handlers/media.go:121.3,122.9 2 0
levelup/go-api/internal/api/handlers/media.go:125.2,126.24 2 0
levelup/go-api/internal/api/handlers/media.go:132.80,133.24 1 0
levelup/go-api/internal/api/handlers/media.go:133.24,136.3 2 0
levelup/go-api/internal/api/handlers/media.go:138.2,140.16 3 0
levelup/go-api/internal/api/handlers/media.go:140.16,143.3 2 0
levelup/go-api/internal/api/handlers/media.go:145.2,146.55 2 0
levelup/go-api/internal/api/handlers/media.go:146.55,150.3 2 0
levelup/go-api/internal/api/handlers/media.go:152.2,153.16 2 0
levelup/go-api/internal/api/handlers/media.go:153.16,156.3 2 0
levelup/go-api/internal/api/handlers/media.go:157.2,157.21 1 0
levelup/go-api/internal/api/handlers/media.go:157.21,161.3 2 0
levelup/go-api/internal/api/handlers/media.go:163.2,176.16 5 0
levelup/go-api/internal/api/handlers/media.go:176.16,180.3 3 0
levelup/go-api/internal/api/handlers/media.go:182.2,183.24 2 0
levelup/go-api/internal/api/handlers/media.go:188.73,190.23 2 0
levelup/go-api/internal/api/handlers/media.go:190.23,192.3 1 0
levelup/go-api/internal/api/handlers/media.go:193.2,193.35 1 0
levelup/go-api/internal/api/handlers/media.go:193.35,195.3 1 0
levelup/go-api/internal/api/handlers/media.go:197.2,198.29 2 0
levelup/go-api/internal/api/handlers/media.go:198.29,200.29 2 0
levelup/go-api/internal/api/handlers/media.go:200.29,202.12 2 0
levelup/go-api/internal/api/handlers/media.go:204.3,205.17 2 0
levelup/go-api/internal/api/handlers/media.go:205.17,207.4 1 0
levelup/go-api/internal/api/handlers/media.go:208.3,210.17 3 0
levelup/go-api/internal/api/handlers/media.go:210.17,212.4 1 0
levelup/go-api/internal/api/handlers/media.go:213.3,216.5 1 0
levelup/go-api/internal/api/handlers/media.go:218.2,218.17 1 0
levelup/go-api/internal/api/handlers/media.go:225.60,226.21 1 0
levelup/go-api/internal/api/handlers/media.go:226.21,228.3 1 0
levelup/go-api/internal/api/handlers/media.go:229.2,229.63 1 0
levelup/go-api/internal/api/handlers/media.go:242.29,244.2 1 0
levelup/go-api/internal/api/handlers/media.go:248.66,251.2 2 0
levelup/go-api/internal/api/handlers/season_pass.go:26.76,28.2 1 0
levelup/go-api/internal/api/handlers/season_pass.go:32.83,35.16 3 0
levelup/go-api/internal/api/handlers/season_pass.go:35.16,38.3 2 0
levelup/go-api/internal/api/handlers/season_pass.go:40.2,41.16 2 0
levelup/go-api/internal/api/handlers/season_pass.go:41.16,44.3 2 0
levelup/go-api/internal/api/handlers/season_pass.go:46.2,46.35 1 0
levelup/go-api/internal/api/handlers/session_compare.go:22.105,24.2 1 0
levelup/go-api/internal/api/handlers/session_compare.go:27.81,30.16 3 0
levelup/go-api/internal/api/handlers/session_compare.go:30.16,33.3 2 0
levelup/go-api/internal/api/handlers/session_compare.go:35.2,36.92 2 0
levelup/go-api/internal/api/handlers/session_compare.go:36.92,39.3 2 0
levelup/go-api/internal/api/handlers/session_compare.go:41.2,42.19 2 0
levelup/go-api/internal/api/handlers/session_compare.go:42.19,45.3 2 0
levelup/go-api/internal/api/handlers/session_compare.go:47.2,47.35 1 0
levelup/go-api/internal/api/handlers/session_context.go:25.62,27.2 1 0
levelup/go-api/internal/api/handlers/session_context.go:31.78,33.17 2 0
levelup/go-api/internal/api/handlers/session_context.go:33.17,36.3 2 0
levelup/go-api/internal/api/handlers/session_context.go:38.2,39.61 2 0
levelup/go-api/internal/api/handlers/session_context.go:39.61,42.3 2 0
levelup/go-api/internal/api/handlers/session_context.go:44.2,44.27 1 0
levelup/go-api/internal/api/handlers/session_context.go:44.27,46.3 1 0
levelup/go-api/internal/api/handlers/session_context.go:47.2,47.50 1 0
levelup/go-api/internal/api/handlers/session_context.go:47.50,50.33 2 0
levelup/go-api/internal/api/handlers/session_context.go:50.33,55.4 2 0
levelup/go-api/internal/api/handlers/session_context.go:57.2,57.23 1 0
levelup/go-api/internal/api/handlers/session_context.go:57.23,59.3 1 0
levelup/go-api/internal/api/handlers/session_context.go:61.2,61.43 1 0
levelup/go-api/internal/api/handlers/session_context.go:61.43,64.3 2 0
levelup/go-api/internal/api/handlers/session_context.go:66.2,73.4 1 0
levelup/go-api/internal/api/handlers/session_page.go:21.96,23.2 1 0
levelup/go-api/internal/api/handlers/session_page.go:26.78,29.16 3 0
levelup/go-api/internal/api/handlers/session_page.go:29.16,33.3 3 0
levelup/go-api/internal/api/handlers/session_page.go:35.2,36.25 2 0
levelup/go-api/internal/api/handlers/session_page.go:36.25,37.93 1 0
levelup/go-api/internal/api/handlers/session_page.go:37.93,41.4 3 0
levelup/go-api/internal/api/handlers/session_page.go:43.2,43.39 1 0
levelup/go-api/internal/api/handlers/session_page.go:43.39,47.3 3 0
levelup/go-api/internal/api/handlers/session_page.go:49.2,57.16 3 0
levelup/go-api/internal/api/handlers/session_page.go:57.16,61.3 3 0
levelup/go-api/internal/api/handlers/session_page.go:63.2,70.35 2 0
levelup/go-api/internal/api/handlers/session_page.go:73.43,74.18 1 0
levelup/go-api/internal/api/handlers/session_page.go:74.18,76.3 1 0
levelup/go-api/internal/api/handlers/session_page.go:77.2,77.15 1 0
levelup/go-api/internal/api/handlers/session_page.go:80.66,81.18 1 0
levelup/go-api/internal/api/handlers/session_page.go:81.18,83.3 1 0
levelup/go-api/internal/api/handlers/session_page.go:84.2,84.27 1 0
levelup/go-api/internal/api/handlers/sessions.go:21.87,23.2 1 0
levelup/go-api/internal/api/handlers/sessions.go:26.79,29.16 3 0
levelup/go-api/internal/api/handlers/sessions.go:29.16,32.3 2 0
levelup/go-api/internal/api/handlers/sessions.go:35.2,36.62 2 0
levelup/go-api/internal/api/handlers/sessions.go:36.62,38.80 2 0
levelup/go-api/internal/api/handlers/sessions.go:38.80,40.4 1 0
levelup/go-api/internal/api/handlers/sessions.go:42.2,42.57 1 0
levelup/go-api/internal/api/handlers/sessions.go:42.57,44.3 1 0
levelup/go-api/internal/api/handlers/sessions.go:45.2,45.77 1 0
levelup/go-api/internal/api/handlers/sessions.go:45.77,47.3 1 0
levelup/go-api/internal/api/handlers/sessions.go:49.2,50.19 2 0
levelup/go-api/internal/api/handlers/sessions.go:50.19,53.3 2 0
levelup/go-api/internal/api/handlers/sessions.go:55.2,55.35 1 0
levelup/go-api/internal/api/handlers/settings.go:29.127,31.2 1 0
levelup/go-api/internal/api/handlers/settings.go:40.20,47.2 1 0
levelup/go-api/internal/api/handlers/settings.go:51.79,52.20 1 0
levelup/go-api/internal/api/handlers/settings.go:52.20,57.3 3 0
levelup/go-api/internal/api/handlers/settings.go:59.2,60.16 2 0
levelup/go-api/internal/api/handlers/settings.go:60.16,63.3 2 0
levelup/go-api/internal/api/handlers/settings.go:64.2,64.64 1 0
levelup/go-api/internal/api/handlers/settings.go:69.81,70.20 1 0
levelup/go-api/internal/api/handlers/settings.go:70.20,74.3 2 0
levelup/go-api/internal/api/handlers/settings.go:76.2,77.61 2 0
levelup/go-api/internal/api/handlers/settings.go:77.61,80.3 2 0
levelup/go-api/internal/api/handlers/settings.go:82.2,83.16 2 0
levelup/go-api/internal/api/handlers/settings.go:83.16,86.3 2 0
levelup/go-api/internal/api/handlers/settings.go:88.2,90.50 2 0
levelup/go-api/internal/api/handlers/settings.go:90.50,93.3 2 0
levelup/go-api/internal/api/handlers/settings.go:95.2,95.64 1 0
levelup/go-api/internal/api/handlers/settings.go:101.87,103.61 2 0
levelup/go-api/internal/api/handlers/settings.go:103.61,106.3 2 0
levelup/go-api/internal/api/handlers/settings.go:108.2,108.29 1 0
levelup/go-api/internal/api/handlers/settings.go:108.29,112.3 2 0
levelup/go-api/internal/api/handlers/settings.go:114.2,116.12 2 0
levelup/go-api/internal/api/handlers/settings.go:116.12,127.17 4 0
levelup/go-api/internal/api/handlers/settings.go:127.17,129.64 2 0
levelup/go-api/internal/api/handlers/settings.go:129.64,135.5 2 0
levelup/go-api/internal/api/handlers/settings.go:136.4,136.10 1 0
levelup/go-api/internal/api/handlers/settings.go:139.3,141.63 3 0
levelup/go-api/internal/api/handlers/settings.go:141.63,145.4 3 0
levelup/go-api/internal/api/handlers/settings.go:148.2,148.40 1 0
levelup/go-api/internal/api/handlers/setup.go:41.17,49.2 1 0
levelup/go-api/internal/api/handlers/setup.go:58.77,61.16 2 0
levelup/go-api/internal/api/handlers/setup.go:61.16,64.3 2 0
levelup/go-api/internal/api/handlers/setup.go:65.2,65.30 1 0
levelup/go-api/internal/api/handlers/setup.go:65.30,69.3 2 0
levelup/go-api/internal/api/handlers/setup.go:71.2,72.61 2 0
levelup/go-api/internal/api/handlers/setup.go:72.61,75.3 2 0
levelup/go-api/internal/api/handlers/setup.go:77.2,78.50 2 0
levelup/go-api/internal/api/handlers/setup.go:78.50,81.3 2 0
levelup/go-api/internal/api/handlers/setup.go:82.2,82.27 1 0
levelup/go-api/internal/api/handlers/setup.go:82.27,84.3 1 0
levelup/go-api/internal/api/handlers/setup.go:87.2,88.21 2 0
levelup/go-api/internal/api/handlers/setup.go:88.21,90.3 1 0
levelup/go-api/internal/api/handlers/setup.go:91.2,94.31 2 0
levelup/go-api/internal/api/handlers/setup.go:94.31,96.52 2 0
levelup/go-api/internal/api/handlers/setup.go:96.52,99.25 3 0
levelup/go-api/internal/api/handlers/setup.go:99.25,103.5 2 0
levelup/go-api/internal/api/handlers/setup.go:104.4,104.104 1 0
levelup/go-api/internal/api/handlers/setup.go:104.104,108.5 2 0
levelup/go-api/internal/api/handlers/setup.go:109.9,109.59 1 0
levelup/go-api/internal/api/handlers/setup.go:109.59,113.4 2 0
levelup/go-api/internal/api/handlers/setup.go:117.2,118.16 2 0
levelup/go-api/internal/api/handlers/setup.go:118.16,123.3 3 0
levelup/go-api/internal/api/handlers/setup.go:126.2,126.61 1 0
levelup/go-api/internal/api/handlers/setup.go:126.61,130.3 3 0
levelup/go-api/internal/api/handlers/setup.go:133.2,148.4 5 0
levelup/go-api/internal/api/handlers/setup.go:153.74,156.12 2 0
levelup/go-api/internal/api/handlers/setup.go:156.12,163.58 4 0
levelup/go-api/internal/api/handlers/setup.go:163.58,165.4 1 0
levelup/go-api/internal/api/handlers/setup.go:168.3,168.54 1 0
levelup/go-api/internal/api/handlers/setup.go:168.54,170.4 1 0
levelup/go-api/internal/api/handlers/setup.go:173.3,173.59 1 0
levelup/go-api/internal/api/handlers/setup.go:173.59,175.4 1 0
levelup/go-api/internal/api/handlers/setup.go:177.3,179.63 3 0
levelup/go-api/internal/api/handlers/setup.go:179.63,184.26 5 0
levelup/go-api/internal/api/handlers/setup.go:184.26,186.5 1 0
levelup/go-api/internal/api/handlers/setup.go:186.10,188.5 1 0
levelup/go-api/internal/api/handlers/setup.go:192.2,192.40 1 0
levelup/go-api/internal/api/handlers/setup.go:200.35,203.2 2 0
levelup/go-api/internal/api/handlers/squad.go:26.78,28.2 1 0
levelup/go-api/internal/api/handlers/squad.go:32.77,35.16 3 0
levelup/go-api/internal/api/handlers/squad.go:35.16,38.3 2 0
levelup/go-api/internal/api/handlers/squad.go:40.2,43.16 3 0
levelup/go-api/internal/api/handlers/squad.go:43.16,46.3 2 0
levelup/go-api/internal/api/handlers/squad.go:48.2,48.35 1 0
levelup/go-api/internal/api/handlers/squad.go:54.81,57.16 3 0
levelup/go-api/internal/api/handlers/squad.go:57.16,60.3 2 0
levelup/go-api/internal/api/handlers/squad.go:63.2,64.25 2 0
levelup/go-api/internal/api/handlers/squad.go:64.25,65.62 1 0
levelup/go-api/internal/api/handlers/squad.go:65.62,68.4 2 0
levelup/go-api/internal/api/handlers/squad.go:70.2,73.16 3 0
levelup/go-api/internal/api/handlers/squad.go:73.16,76.3 2 0
levelup/go-api/internal/api/handlers/squad.go:78.2,78.35 1 0
levelup/go-api/internal/api/handlers/stats.go:20.78,22.2 1 0
levelup/go-api/internal/api/handlers/stats.go:27.72,30.16 3 0
levelup/go-api/internal/api/handlers/stats.go:30.16,33.3 2 0
levelup/go-api/internal/api/handlers/stats.go:35.2,36.92 2 0
levelup/go-api/internal/api/handlers/stats.go:36.92,39.3 2 0
levelup/go-api/internal/api/handlers/stats.go:40.2,40.19 1 0
levelup/go-api/internal/api/handlers/stats.go:40.19,42.3 1 0
levelup/go-api/internal/api/handlers/stats.go:44.2,45.19 2 0
levelup/go-api/internal/api/handlers/stats.go:45.19,48.3 2 0
levelup/go-api/internal/api/handlers/stats.go:50.2,50.35 1 0
levelup/go-api/internal/api/handlers/sync_handler.go:32.119,38.2 1 0
levelup/go-api/internal/api/handlers/sync_handler.go:42.80,44.16 2 0
levelup/go-api/internal/api/handlers/sync_handler.go:44.16,47.3 2 0
levelup/go-api/internal/api/handlers/sync_handler.go:48.2,48.33 1 0
levelup/go-api/internal/api/handlers/sync_handler.go:48.33,52.3 2 0
levelup/go-api/internal/api/handlers/sync_handler.go:54.2,55.61 2 0
levelup/go-api/internal/api/handlers/sync_handler.go:55.61,58.3 2 0
levelup/go-api/internal/api/handlers/sync_handler.go:60.2,60.54 1 0
levelup/go-api/internal/api/handlers/sync_handler.go:60.54,63.3 2 0
levelup/go-api/internal/api/handlers/sync_handler.go:64.2,64.25 1 0
levelup/go-api/internal/api/handlers/sync_handler.go:64.25,66.3 1 0
levelup/go-api/internal/api/handlers/sync_handler.go:67.2,67.49 1 0
levelup/go-api/internal/api/handlers/sync_handler.go:67.49,70.3 2 0
levelup/go-api/internal/api/handlers/sync_handler.go:72.2,72.79 1 0
levelup/go-api/internal/api/handlers/sync_handler.go:72.79,76.3 2 0
levelup/go-api/internal/api/handlers/sync_handler.go:78.2,79.43 2 0
levelup/go-api/internal/api/handlers/sync_handler.go:79.43,83.3 2 0
levelup/go-api/internal/api/handlers/sync_handler.go:84.2,87.16 3 0
levelup/go-api/internal/api/handlers/sync_handler.go:87.16,90.3 2 0
levelup/go-api/internal/api/handlers/sync_handler.go:91.2,92.28 2 0
levelup/go-api/internal/api/handlers/sync_handler.go:92.28,93.37 1 0
levelup/go-api/internal/api/handlers/sync_handler.go:93.37,96.9 3 0
levelup/go-api/internal/api/handlers/sync_handler.go:99.2,99.20 1 0
levelup/go-api/internal/api/handlers/sync_handler.go:99.20,103.3 2 0
levelup/go-api/internal/api/handlers/sync_handler.go:105.2,107.12 2 0
levelup/go-api/internal/api/handlers/sync_handler.go:107.12,113.17 5 0
levelup/go-api/internal/api/handlers/sync_handler.go:113.17,117.4 3 0
levelup/go-api/internal/api/handlers/sync_handler.go:118.3,121.71 2 0
levelup/go-api/internal/api/handlers/sync_handler.go:124.2,124.40 1 0
levelup/go-api/internal/api/handlers/sync_handler.go:130.78,132.22 2 0
levelup/go-api/internal/api/handlers/sync_handler.go:132.22,135.3 2 0
levelup/go-api/internal/api/handlers/sync_handler.go:137.2,137.75 1 0
levelup/go-api/internal/api/handlers/sync_handler.go:137.75,141.3 2 0
levelup/go-api/internal/api/handlers/sync_handler.go:143.2,144.43 2 0
levelup/go-api/internal/api/handlers/sync_handler.go:144.43,148.3 2 0
levelup/go-api/internal/api/handlers/sync_handler.go:149.2,152.16 3 0
levelup/go-api/internal/api/handlers/sync_handler.go:152.16,155.3 2 0
levelup/go-api/internal/api/handlers/sync_handler.go:156.2,157.28 2 0
levelup/go-api/internal/api/handlers/sync_handler.go:157.28,158.33 1 0
levelup/go-api/internal/api/handlers/sync_handler.go:158.33,161.9 3 0
levelup/go-api/internal/api/handlers/sync_handler.go:164.2,164.20 1 0
levelup/go-api/internal/api/handlers/sync_handler.go:164.20,168.3 2 0
levelup/go-api/internal/api/handlers/sync_handler.go:170.2,172.12 2 0
levelup/go-api/internal/api/handlers/sync_handler.go:172.12,177.17 4 0
levelup/go-api/internal/api/handlers/sync_handler.go:177.17,181.4 3 0
levelup/go-api/internal/api/handlers/sync_handler.go:182.3,185.71 2 0
levelup/go-api/internal/api/handlers/sync_handler.go:188.2,188.40 1 0
levelup/go-api/internal/api/handlers/sync_handler.go:193.76,195.43 2 0
levelup/go-api/internal/api/handlers/sync_handler.go:195.43,198.3 2 0
levelup/go-api/internal/api/handlers/sync_handler.go:199.2,202.16 3 0
levelup/go-api/internal/api/handlers/sync_handler.go:202.16,205.3 2 0
levelup/go-api/internal/api/handlers/sync_handler.go:206.2,206.23 1 0
levelup/go-api/internal/api/handlers/sync_handler.go:206.23,209.3 2 0
levelup/go-api/internal/api/handlers/sync_handler.go:211.2,213.12 2 0
levelup/go-api/internal/api/handlers/sync_handler.go:213.12,216.29 3 0
levelup/go-api/internal/api/handlers/sync_handler.go:216.29,218.64 2 0
levelup/go-api/internal/api/handlers/sync_handler.go:218.64,222.5 3 0
levelup/go-api/internal/api/handlers/sync_handler.go:224.4,226.73 3 0
levelup/go-api/internal/api/handlers/sync_handler.go:226.73,228.5 1 0
levelup/go-api/internal/api/handlers/sync_handler.go:228.10,230.5 1 0
levelup/go-api/internal/api/handlers/sync_handler.go:233.3,234.17 2 0
levelup/go-api/internal/api/handlers/sync_handler.go:234.17,236.4 1 0
levelup/go-api/internal/api/handlers/sync_handler.go:236.9,238.4 1 0
levelup/go-api/internal/api/handlers/sync_handler.go:241.2,241.40 1 0
levelup/go-api/internal/api/handlers/synthesis.go:28.90,30.2 1 0
levelup/go-api/internal/api/handlers/synthesis.go:35.85,38.16 3 0
levelup/go-api/internal/api/handlers/synthesis.go:38.16,42.3 3 0
levelup/go-api/internal/api/handlers/synthesis.go:44.2,45.25 2 0
levelup/go-api/internal/api/handlers/synthesis.go:45.25,46.62 1 0
levelup/go-api/internal/api/handlers/synthesis.go:46.62,50.4 3 0
levelup/go-api/internal/api/handlers/synthesis.go:53.2,56.16 3 0
levelup/go-api/internal/api/handlers/synthesis.go:56.16,60.3 3 0
levelup/go-api/internal/api/handlers/synthesis.go:62.2,67.35 2 0
levelup/go-api/internal/api/handlers/teammates.go:23.90,25.2 1 0
levelup/go-api/internal/api/handlers/teammates.go:28.76,31.16 3 0
levelup/go-api/internal/api/handlers/teammates.go:31.16,34.3 2 0
levelup/go-api/internal/api/handlers/teammates.go:36.2,37.92 2 0
levelup/go-api/internal/api/handlers/teammates.go:37.92,40.3 2 0
levelup/go-api/internal/api/handlers/teammates.go:42.2,43.19 2 0
levelup/go-api/internal/api/handlers/teammates.go:43.19,47.3 3 0
levelup/go-api/internal/api/handlers/teammates.go:49.2,49.35 1 0
levelup/go-api/internal/api/handlers/timeseries.go:23.93,25.2 1 0
levelup/go-api/internal/api/handlers/timeseries.go:28.77,31.16 3 0
levelup/go-api/internal/api/handlers/timeseries.go:31.16,34.3 2 0
levelup/go-api/internal/api/handlers/timeseries.go:36.2,37.92 2 0
levelup/go-api/internal/api/handlers/timeseries.go:37.92,40.3 2 0
levelup/go-api/internal/api/handlers/timeseries.go:42.2,43.19 2 0
levelup/go-api/internal/api/handlers/timeseries.go:43.19,47.3 3 0
levelup/go-api/internal/api/handlers/timeseries.go:49.2,49.35 1 0
levelup/go-api/internal/api/handlers/user_auth.go:34.20,41.2 1 0
levelup/go-api/internal/api/handlers/user_auth.go:45.73,47.61 2 0
levelup/go-api/internal/api/handlers/user_auth.go:47.61,50.3 2 0
levelup/go-api/internal/api/handlers/user_auth.go:52.2,53.16 2 0
levelup/go-api/internal/api/handlers/user_auth.go:53.16,54.54 1 0
levelup/go-api/internal/api/handlers/user_auth.go:54.54,58.4 3 0
levelup/go-api/internal/api/handlers/user_auth.go:59.3,61.9 3 0
levelup/go-api/internal/api/handlers/user_auth.go:64.2,64.63 1 0
levelup/go-api/internal/api/handlers/user_auth.go:64.63,66.3 1 0
levelup/go-api/internal/api/handlers/user_auth.go:69.2,70.17 2 0
levelup/go-api/internal/api/handlers/user_auth.go:70.17,73.3 2 0
levelup/go-api/internal/api/handlers/user_auth.go:74.2,78.50 5 0
levelup/go-api/internal/api/handlers/user_auth.go:78.50,80.3 1 0
levelup/go-api/internal/api/handlers/user_auth.go:82.2,88.4 2 0
levelup/go-api/internal/api/handlers/user_auth.go:93.76,95.61 2 0
levelup/go-api/internal/api/handlers/user_auth.go:95.61,98.3 2 0
levelup/go-api/internal/api/handlers/user_auth.go:101.2,102.16 2 0
levelup/go-api/internal/api/handlers/user_auth.go:102.16,105.3 2 0
levelup/go-api/internal/api/handlers/user_auth.go:107.2,108.11 2 0
levelup/go-api/internal/api/handlers/user_auth.go:108.11,112.3 2 0
levelup/go-api/internal/api/handlers/user_auth.go:112.8,114.28 1 0
levelup/go-api/internal/api/handlers/user_auth.go:114.28,117.4 2 0
levelup/go-api/internal/api/handlers/user_auth.go:118.3,118.28 1 0
levelup/go-api/internal/api/handlers/user_auth.go:118.28,119.28 1 0
levelup/go-api/internal/api/handlers/user_auth.go:119.28,122.5 2 0
levelup/go-api/internal/api/handlers/user_auth.go:123.4,123.61 1 0
levelup/go-api/internal/api/handlers/user_auth.go:123.61,126.5 2 0
levelup/go-api/internal/api/handlers/user_auth.go:130.2,131.16 2 0
levelup/go-api/internal/api/handlers/user_auth.go:131.16,132.53 1 0
levelup/go-api/internal/api/handlers/user_auth.go:132.53,136.4 3 0
levelup/go-api/internal/api/handlers/user_auth.go:137.3,137.100 1 0
levelup/go-api/internal/api/handlers/user_auth.go:137.100,140.4 2 0
levelup/go-api/internal/api/handlers/user_auth.go:141.3,142.9 2 0
levelup/go-api/internal/api/handlers/user_auth.go:146.2,146.36 1 0
levelup/go-api/internal/api/handlers/user_auth.go:146.36,147.74 1 0
levelup/go-api/internal/api/handlers/user_auth.go:147.74,149.4 1 0
levelup/go-api/internal/api/handlers/user_auth.go:153.2,154.17 2 0
levelup/go-api/internal/api/handlers/user_auth.go:154.17,158.51 4 0
levelup/go-api/internal/api/handlers/user_auth.go:158.51,160.4 1 0
levelup/go-api/internal/api/handlers/user_auth.go:163.2,168.4 2 0
levelup/go-api/internal/api/handlers/user_auth.go:173.74,175.17 2 0
levelup/go-api/internal/api/handlers/user_auth.go:175.17,177.27 2 0
levelup/go-api/internal/api/handlers/user_auth.go:177.27,179.4 1 0
levelup/go-api/internal/api/handlers/user_auth.go:180.3,182.51 3 0
levelup/go-api/internal/api/handlers/user_auth.go:182.51,184.4 1 0
levelup/go-api/internal/api/handlers/user_auth.go:185.3,185.50 1 0
levelup/go-api/internal/api/handlers/user_auth.go:187.2,187.37 1 0
levelup/go-api/internal/api/handlers/user_auth.go:191.89,192.40 1 0
levelup/go-api/internal/api/handlers/user_auth.go:192.40,194.3 1 0
levelup/go-api/internal/api/handlers/user_auth.go:195.2,196.32 2 0
levelup/go-api/internal/api/handlers/watcher_handler.go:46.19,56.2 2 0
levelup/go-api/internal/api/handlers/watcher_handler.go:92.76,94.16 2 0
levelup/go-api/internal/api/handlers/watcher_handler.go:94.16,97.3 2 0
levelup/go-api/internal/api/handlers/watcher_handler.go:99.2,103.38 2 0
levelup/go-api/internal/api/handlers/watcher_handler.go:103.38,105.3 1 0
levelup/go-api/internal/api/handlers/watcher_handler.go:108.2,109.16 2 0
levelup/go-api/internal/api/handlers/watcher_handler.go:109.16,111.44 2 0
levelup/go-api/internal/api/handlers/watcher_handler.go:111.44,113.4 1 0
levelup/go-api/internal/api/handlers/watcher_handler.go:114.3,114.43 1 0
levelup/go-api/internal/api/handlers/watcher_handler.go:118.2,118.21 1 0
levelup/go-api/internal/api/handlers/watcher_handler.go:118.21,122.28 4 0
levelup/go-api/internal/api/handlers/watcher_handler.go:122.28,124.4 1 0
levelup/go-api/internal/api/handlers/watcher_handler.go:127.2,127.35 1 0
levelup/go-api/internal/api/handlers/watcher_handler.go:132.76,134.12 2 0
levelup/go-api/internal/api/handlers/watcher_handler.go:134.12,142.3 2 0
levelup/go-api/internal/api/handlers/watcher_handler.go:144.2,145.16 2 0
levelup/go-api/internal/api/handlers/watcher_handler.go:145.16,146.78 1 0
levelup/go-api/internal/api/handlers/watcher_handler.go:146.78,150.4 3 0
levelup/go-api/internal/api/handlers/watcher_handler.go:151.3,152.9 2 0
levelup/go-api/internal/api/handlers/watcher_handler.go:155.2,155.77 1 0
levelup/go-api/internal/api/handlers/watcher_handler.go:155.77,160.3 4 0
levelup/go-api/internal/api/handlers/watcher_handler.go:163.2,171.4 3 0
levelup/go-api/internal/api/handlers/watcher_handler.go:176.80,179.17 3 0
levelup/go-api/internal/api/handlers/watcher_handler.go:179.17,182.3 2 0
levelup/go-api/internal/api/handlers/watcher_handler.go:184.2,189.4 1 0
levelup/go-api/internal/api/handlers/watcher_handler.go:194.85,196.61 2 0
levelup/go-api/internal/api/handlers/watcher_handler.go:196.61,199.3 2 0
levelup/go-api/internal/api/handlers/watcher_handler.go:201.2,202.16 2 0
levelup/go-api/internal/api/handlers/watcher_handler.go:202.16,205.3 2 0
levelup/go-api/internal/api/handlers/watcher_handler.go:207.2,208.23 2 0
levelup/go-api/internal/api/handlers/watcher_handler.go:208.23,210.3 1 0
levelup/go-api/internal/api/handlers/watcher_handler.go:211.2,213.50 2 0
levelup/go-api/internal/api/handlers/watcher_handler.go:213.50,216.3 2 0
levelup/go-api/internal/api/handlers/watcher_handler.go:219.2,219.45 1 0
levelup/go-api/internal/api/handlers/watcher_handler.go:219.45,221.3 1 0
levelup/go-api/internal/api/handlers/watcher_handler.go:223.2,226.4 2 0
levelup/go-api/internal/api/handlers/watcher_handler.go:230.123,240.16 6 0
levelup/go-api/internal/api/handlers/watcher_handler.go:240.16,241.70 1 0
levelup/go-api/internal/api/handlers/watcher_handler.go:241.70,245.4 3 0
levelup/go-api/internal/api/handlers/watcher_handler.go:246.3,247.9 2 0
levelup/go-api/internal/api/handlers/watcher_handler.go:250.2,254.16 3 0
levelup/go-api/internal/api/handlers/watcher_handler.go:254.16,255.70 1 0
levelup/go-api/internal/api/handlers/watcher_handler.go:255.70,259.4 3 0
levelup/go-api/internal/api/handlers/watcher_handler.go:260.3,261.9 2 0
levelup/go-api/internal/api/handlers/watcher_handler.go:265.2,266.19 2 0
levelup/go-api/internal/api/handlers/watcher_handler.go:266.19,268.3 1 0
levelup/go-api/internal/api/handlers/watcher_handler.go:269.2,276.50 7 0
levelup/go-api/internal/api/handlers/watcher_handler.go:276.50,278.3 1 0
levelup/go-api/internal/api/handlers/watcher_handler.go:281.2,281.21 1 0
levelup/go-api/internal/api/handlers/watcher_handler.go:281.21,283.3 1 0
levelup/go-api/internal/api/handlers/watcher_handler.go:285.2,285.69 1 0
levelup/go-api/internal/api/handlers/watcher_handler.go:285.69,291.3 5 0
levelup/go-api/internal/api/handlers/watcher_handler.go:293.2,296.3 1 0
levelup/go-api/internal/service/bootstrap_service.go:26.102,28.2 1 0
levelup/go-api/internal/service/bootstrap_service.go:31.90,34.2 2 0
levelup/go-api/internal/service/bootstrap_service.go:38.98,41.2 2 0
levelup/go-api/internal/service/bootstrap_service.go:44.90,47.2 2 0
levelup/go-api/internal/service/bootstrap_service.go:51.116,53.16 2 0
levelup/go-api/internal/service/bootstrap_service.go:53.16,56.3 2 0
levelup/go-api/internal/service/bootstrap_service.go:58.2,59.16 2 0
levelup/go-api/internal/service/bootstrap_service.go:59.16,62.3 2 0
levelup/go-api/internal/service/bootstrap_service.go:64.2,72.22 7 0
levelup/go-api/internal/service/bootstrap_service.go:72.22,75.51 2 0
levelup/go-api/internal/service/bootstrap_service.go:75.51,76.30 1 0
levelup/go-api/internal/service/bootstrap_service.go:76.30,77.48 1 0
levelup/go-api/internal/service/bootstrap_service.go:77.48,79.11 2 0
levelup/go-api/internal/service/bootstrap_service.go:83.3,84.21 2 0
levelup/go-api/internal/service/bootstrap_service.go:88.2,89.48 2 0
levelup/go-api/internal/service/bootstrap_service.go:89.48,91.3 1 0
levelup/go-api/internal/service/bootstrap_service.go:95.2,96.54 2 0
levelup/go-api/internal/service/bootstrap_service.go:96.54,97.31 1 0
levelup/go-api/internal/service/bootstrap_service.go:97.31,100.51 2 0
levelup/go-api/internal/service/bootstrap_service.go:100.51,108.5 2 0
levelup/go-api/internal/service/bootstrap_service.go:111.3,111.50 1 0
levelup/go-api/internal/service/bootstrap_service.go:111.50,112.112 1 0
levelup/go-api/internal/service/bootstrap_service.go:112.112,119.5 2 0
levelup/go-api/internal/service/bootstrap_service.go:123.2,143.8 1 0
levelup/go-api/internal/service/bootstrap_service.go:148.111,156.12 5 0
levelup/go-api/internal/service/bootstrap_service.go:156.12,158.17 2 0
levelup/go-api/internal/service/bootstrap_service.go:158.17,162.4 3 0
levelup/go-api/internal/service/bootstrap_service.go:163.3,163.21 1 0
levelup/go-api/internal/service/bootstrap_service.go:166.2,166.9 1 0
levelup/go-api/internal/service/bootstrap_service.go:167.17,168.16 1 0
levelup/go-api/internal/service/bootstrap_service.go:169.27,171.13 2 0
levelup/go-api/internal/service/bootstrap_service.go:176.101,178.16 2 0
levelup/go-api/internal/service/bootstrap_service.go:178.16,180.3 1 0
levelup/go-api/internal/service/bootstrap_service.go:181.2,182.22 2 0
levelup/go-api/internal/service/bootstrap_service.go:182.22,185.3 2 0
levelup/go-api/internal/service/bootstrap_service.go:186.2,189.8 1 0
levelup/go-api/internal/service/bootstrap_service.go:194.101,207.2 2 0
levelup/go-api/internal/service/bootstrap_service.go:209.106,217.2 2 0
levelup/go-api/internal/service/bootstrap_service.go:219.100,221.22 2 0
levelup/go-api/internal/service/bootstrap_service.go:221.22,223.3 1 0
levelup/go-api/internal/service/bootstrap_service.go:224.2,230.3 1 0
levelup/go-api/internal/service/bootstrap_service.go:233.106,234.23 1 0
levelup/go-api/internal/service/bootstrap_service.go:234.23,236.3 1 0
levelup/go-api/internal/service/bootstrap_service.go:238.2,238.23 1 0
levelup/go-api/internal/service/bootstrap_service.go:238.23,240.3 1 0
levelup/go-api/internal/service/bootstrap_service.go:241.2,242.16 2 0
levelup/go-api/internal/service/bootstrap_service.go:242.16,245.3 2 0
levelup/go-api/internal/service/bootstrap_service.go:246.2,246.15 1 0
levelup/go-api/internal/service/bootstrap_service.go:246.15,248.3 1 0
levelup/go-api/internal/service/bootstrap_service.go:249.2,249.32 1 0
levelup/go-api/internal/service/bootstrap_service.go:253.56,254.17 1 0
levelup/go-api/internal/service/bootstrap_service.go:254.17,256.3 1 0
levelup/go-api/internal/service/bootstrap_service.go:257.2,257.22 1 0
levelup/go-api/internal/service/bootstrap_service.go:261.49,262.29 1 0
levelup/go-api/internal/service/bootstrap_service.go:262.29,264.3 1 0
levelup/go-api/internal/service/bootstrap_service.go:265.2,266.16 2 0
levelup/go-api/internal/service/bootstrap_service.go:266.16,269.3 2 0
levelup/go-api/internal/service/bootstrap_service.go:270.2,270.14 1 0
levelup/go-api/internal/service/bootstrap_service.go:274.56,275.36 1 0
levelup/go-api/internal/service/bootstrap_service.go:275.36,277.3 1 0
levelup/go-api/internal/service/bootstrap_service.go:278.2,278.78 1 0
levelup/go-api/internal/service/bootstrap_service.go:278.78,280.3 1 0
levelup/go-api/internal/service/bootstrap_service.go:281.2,281.16 1 0
levelup/go-api/internal/service/bootstrap_service.go:285.82,286.51 1 0
levelup/go-api/internal/service/bootstrap_service.go:286.51,288.3 1 0
levelup/go-api/internal/service/bootstrap_service.go:289.2,292.3 1 0
levelup/go-api/internal/service/bootstrap_service.go:295.81,296.32 1 0
levelup/go-api/internal/service/bootstrap_service.go:296.32,297.28 1 0
levelup/go-api/internal/service/bootstrap_service.go:297.28,299.4 1 0
levelup/go-api/internal/service/bootstrap_service.go:301.2,301.12 1 0
levelup/go-api/internal/service/bootstrap_service.go:304.80,305.32 1 0
levelup/go-api/internal/service/bootstrap_service.go:305.32,306.41 1 0
levelup/go-api/internal/service/bootstrap_service.go:306.41,308.4 1 0
levelup/go-api/internal/service/bootstrap_service.go:310.2,310.12 1 0
levelup/go-api/internal/service/bootstrap_service.go:315.51,319.24 4 0
levelup/go-api/internal/service/bootstrap_service.go:319.24,321.36 2 0
levelup/go-api/internal/service/bootstrap_service.go:321.36,323.4 1 0
levelup/go-api/internal/service/bootstrap_service.go:324.3,331.5 1 0
levelup/go-api/internal/service/bootstrap_service.go:333.2,333.12 1 0
levelup/go-api/internal/service/career_service.go:31.66,33.2 1 0
levelup/go-api/internal/service/career_service.go:36.84,39.2 2 0
levelup/go-api/internal/service/career_service.go:42.95,44.16 2 0
levelup/go-api/internal/service/career_service.go:44.16,46.3 1 0
levelup/go-api/internal/service/career_service.go:47.2,48.16 2 0
levelup/go-api/internal/service/career_service.go:48.16,50.3 1 0
levelup/go-api/internal/service/career_service.go:51.2,52.16 2 0
levelup/go-api/internal/service/career_service.go:52.16,54.3 1 0
levelup/go-api/internal/service/career_service.go:56.2,72.8 7 0
levelup/go-api/internal/service/career_service.go:76.101,78.16 2 0
levelup/go-api/internal/service/career_service.go:78.16,80.3 1 0
levelup/go-api/internal/service/career_service.go:84.2,93.8 5 0
levelup/go-api/internal/service/career_service.go:97.101,99.16 2 0
levelup/go-api/internal/service/career_service.go:99.16,101.3 1 0
levelup/go-api/internal/service/career_service.go:103.2,104.25 2 0
levelup/go-api/internal/service/career_service.go:104.25,113.32 2 0
levelup/go-api/internal/service/career_service.go:113.32,115.4 1 0
levelup/go-api/internal/service/career_service.go:115.9,117.4 1 0
levelup/go-api/internal/service/career_service.go:120.2,124.8 1 0
levelup/go-api/internal/service/career_service.go:131.79,132.17 1 0
levelup/go-api/internal/service/career_service.go:132.17,134.3 1 0
levelup/go-api/internal/service/career_service.go:135.2,137.31 3 0
levelup/go-api/internal/service/career_service.go:137.31,139.3 1 0
levelup/go-api/internal/service/career_service.go:140.2,141.25 2 0
levelup/go-api/internal/service/career_service.go:141.25,143.3 1 0
levelup/go-api/internal/service/career_service.go:144.2,145.26 2 0
levelup/go-api/internal/service/career_service.go:145.26,147.3 1 0
levelup/go-api/internal/service/career_service.go:148.2,149.26 2 0
levelup/go-api/internal/service/career_service.go:149.26,151.3 1 0
levelup/go-api/internal/service/career_service.go:152.2,165.3 3 0
levelup/go-api/internal/service/career_service.go:168.58,169.52 1 0
levelup/go-api/internal/service/career_service.go:169.52,171.3 1 0
levelup/go-api/internal/service/career_service.go:172.2,173.50 2 0
levelup/go-api/internal/service/career_service.go:173.50,175.3 1 0
levelup/go-api/internal/service/career_service.go:176.2,176.50 1 0
levelup/go-api/internal/service/career_service.go:176.50,178.3 1 0
levelup/go-api/internal/service/career_service.go:179.2,179.20 1 0
levelup/go-api/internal/service/career_service.go:179.20,181.31 2 0
levelup/go-api/internal/service/career_service.go:181.31,183.4 1 0
levelup/go-api/internal/service/career_service.go:184.3,184.16 1 0
levelup/go-api/internal/service/career_service.go:186.2,186.48 1 0
levelup/go-api/internal/service/career_service.go:189.75,190.15 1 0
levelup/go-api/internal/service/career_service.go:190.15,192.3 1 0
levelup/go-api/internal/service/career_service.go:193.2,193.20 1 0
levelup/go-api/internal/service/career_service.go:193.20,195.3 1 0
levelup/go-api/internal/service/career_service.go:196.2,197.17 2 0
levelup/go-api/internal/service/career_service.go:197.17,199.3 1 0
levelup/go-api/internal/service/career_service.go:200.2,200.34 1 0
levelup/go-api/internal/service/career_service.go:203.54,204.40 1 0
levelup/go-api/internal/service/career_service.go:204.40,206.3 1 0
levelup/go-api/internal/service/career_service.go:207.2,207.22 1 0
levelup/go-api/internal/service/career_service.go:210.57,212.19 2 0
levelup/go-api/internal/service/career_service.go:212.19,214.3 1 0
levelup/go-api/internal/service/career_service.go:215.2,217.17 3 0
levelup/go-api/internal/service/career_service.go:217.17,219.3 1 0
levelup/go-api/internal/service/career_service.go:220.2,225.3 1 0
levelup/go-api/internal/service/career_service.go:228.94,229.22 1 0
levelup/go-api/internal/service/career_service.go:229.22,231.3 1 0
levelup/go-api/internal/service/career_service.go:232.2,237.46 5 0
levelup/go-api/internal/service/career_service.go:237.46,243.3 5 0
levelup/go-api/internal/service/career_service.go:245.2,249.3 1 0
levelup/go-api/internal/service/career_service.go:254.69,255.22 1 0
levelup/go-api/internal/service/career_service.go:255.22,257.3 1 0
levelup/go-api/internal/service/career_service.go:258.2,261.18 4 0
levelup/go-api/internal/service/career_service.go:261.18,263.3 1 0
levelup/go-api/internal/service/career_service.go:264.2,265.36 2 0
levelup/go-api/internal/service/career_service.go:265.36,269.35 4 0
levelup/go-api/internal/service/career_service.go:269.35,271.4 1 0
levelup/go-api/internal/service/career_service.go:271.9,273.4 1 0
levelup/go-api/internal/service/career_service.go:275.2,275.26 1 0
levelup/go-api/internal/service/career_service.go:275.26,277.3 1 0
levelup/go-api/internal/service/career_service.go:278.2,278.43 1 0
levelup/go-api/internal/service/career_service.go:282.72,285.31 3 0
levelup/go-api/internal/service/career_service.go:285.31,287.3 1 0
levelup/go-api/internal/service/career_service.go:288.2,288.32 1 0
levelup/go-api/internal/service/career_service.go:291.78,292.23 1 0
levelup/go-api/internal/service/career_service.go:292.23,294.3 1 0
levelup/go-api/internal/service/career_service.go:296.2,297.29 2 0
levelup/go-api/internal/service/career_service.go:297.29,298.40 1 0
levelup/go-api/internal/service/career_service.go:298.40,300.4 1 0
levelup/go-api/internal/service/career_service.go:302.2,303.23 2 0
levelup/go-api/internal/service/career_service.go:303.23,306.10 3 0
levelup/go-api/internal/service/career_service.go:307.18,308.35 1 0
levelup/go-api/internal/service/career_service.go:309.18,310.34 1 0
levelup/go-api/internal/service/career_service.go:311.11,312.16 1 0
levelup/go-api/internal/service/career_service.go:314.3,314.18 1 0
levelup/go-api/internal/service/career_service.go:316.2,322.3 1 0
levelup/go-api/internal/service/career_service.go:329.87,332.14 3 0
levelup/go-api/internal/service/career_service.go:332.14,334.3 1 0
levelup/go-api/internal/service/career_service.go:335.2,335.31 1 0
levelup/go-api/internal/service/career_service.go:338.54,339.53 1 0
levelup/go-api/internal/service/career_service.go:339.53,341.3 1 0
levelup/go-api/internal/service/career_service.go:344.75,346.25 2 0
levelup/go-api/internal/service/career_service.go:346.25,350.18 4 0
levelup/go-api/internal/service/career_service.go:350.18,352.4 1 0
levelup/go-api/internal/service/career_service.go:353.3,353.19 1 0
levelup/go-api/internal/service/career_service.go:353.19,355.4 1 0
levelup/go-api/internal/service/career_service.go:356.3,366.5 1 0
levelup/go-api/internal/service/career_service.go:368.2,368.12 1 0
levelup/go-api/internal/service/career_service.go:376.95,377.23 1 0
levelup/go-api/internal/service/career_service.go:377.23,379.3 1 0
levelup/go-api/internal/service/career_service.go:380.2,382.33 3 0
levelup/go-api/internal/service/career_service.go:382.33,384.3 1 0
levelup/go-api/internal/service/career_service.go:385.2,385.52 1 0
levelup/go-api/internal/service/career_service.go:389.58,398.2 1 0
levelup/go-api/internal/service/citations_service.go:18.75,20.2 1 0
levelup/go-api/internal/service/citations_service.go:23.105,25.16 2 0
levelup/go-api/internal/service/citations_service.go:25.16,27.3 1 0
levelup/go-api/internal/service/citations_service.go:29.2,30.16 2 0
levelup/go-api/internal/service/citations_service.go:30.16,33.3 1 0
levelup/go-api/internal/service/citations_service.go:35.2,41.8 3 0
levelup/go-api/internal/service/citations_service.go:48.46,50.16 2 0
levelup/go-api/internal/service/citations_service.go:50.16,52.3 1 0
levelup/go-api/internal/service/citations_service.go:54.2,55.16 2 0
levelup/go-api/internal/service/citations_service.go:55.16,58.3 1 0
levelup/go-api/internal/service/citations_service.go:60.2,66.8 3 0
levelup/go-api/internal/service/citations_service.go:70.63,72.25 2 0
levelup/go-api/internal/service/citations_service.go:72.25,74.3 1 0
levelup/go-api/internal/service/citations_service.go:75.2,75.14 1 0
levelup/go-api/internal/service/compare_service.go:27.129,29.2 1 0
levelup/go-api/internal/service/compare_service.go:32.114,33.39 1 0
levelup/go-api/internal/service/compare_service.go:33.39,35.3 1 0
levelup/go-api/internal/service/compare_service.go:37.2,40.20 3 0
levelup/go-api/internal/service/compare_service.go:40.20,44.3 3 0
levelup/go-api/internal/service/compare_service.go:46.2,46.20 1 0
levelup/go-api/internal/service/compare_service.go:46.20,49.18 2 0
levelup/go-api/internal/service/compare_service.go:49.18,52.34 2 0
levelup/go-api/internal/service/compare_service.go:52.34,55.5 2 0
levelup/go-api/internal/service/compare_service.go:58.3,59.17 2 0
levelup/go-api/internal/service/compare_service.go:59.17,61.4 1 0
levelup/go-api/internal/service/compare_service.go:62.3,63.13 2 0
levelup/go-api/internal/service/compare_service.go:66.2,66.33 1 0
levelup/go-api/internal/service/compare_service.go:66.33,68.3 1 0
levelup/go-api/internal/service/compare_service.go:70.2,76.8 2 0
levelup/go-api/internal/service/compare_service.go:80.80,103.25 4 0
levelup/go-api/internal/service/compare_service.go:103.25,107.33 3 0
levelup/go-api/internal/service/compare_service.go:107.33,108.19 1 0
levelup/go-api/internal/service/compare_service.go:108.19,110.5 1 0
levelup/go-api/internal/service/compare_service.go:110.10,110.26 1 0
levelup/go-api/internal/service/compare_service.go:110.26,112.5 1 0
levelup/go-api/internal/service/compare_service.go:113.9,114.31 1 0
levelup/go-api/internal/service/compare_service.go:114.31,115.20 1 0
levelup/go-api/internal/service/compare_service.go:115.20,117.6 1 0
levelup/go-api/internal/service/compare_service.go:117.11,119.6 1 0
levelup/go-api/internal/service/compare_service.go:122.3,129.5 1 0
levelup/go-api/internal/service/compare_service.go:131.2,131.13 1 0
levelup/go-api/internal/service/explorer_service.go:21.85,23.2 1 0
levelup/go-api/internal/service/explorer_service.go:31.47,33.16 2 0
levelup/go-api/internal/service/explorer_service.go:33.16,36.3 1 0
levelup/go-api/internal/service/explorer_service.go:38.2,39.16 2 0
levelup/go-api/internal/service/explorer_service.go:39.16,42.3 1 0
levelup/go-api/internal/service/explorer_service.go:44.2,50.8 2 0
levelup/go-api/internal/service/explorer_service.go:54.91,55.19 1 0
levelup/go-api/internal/service/explorer_service.go:55.19,57.3 1 0
levelup/go-api/internal/service/explorer_service.go:59.2,60.30 2 0
levelup/go-api/internal/service/explorer_service.go:60.30,62.3 1 0
levelup/go-api/internal/service/explorer_service.go:64.2,65.27 2 0
levelup/go-api/internal/service/explorer_service.go:65.27,82.3 3 0
levelup/go-api/internal/service/explorer_service.go:83.2,83.15 1 0
levelup/go-api/internal/service/fanout_service.go:27.61,32.2 1 0
levelup/go-api/internal/service/fanout_service.go:40.31,41.32 1 0
levelup/go-api/internal/service/fanout_service.go:41.32,46.3 1 0
levelup/go-api/internal/service/fanout_service.go:48.2,49.16 2 0
levelup/go-api/internal/service/fanout_service.go:49.16,51.3 1 0
levelup/go-api/internal/service/fanout_service.go:54.2,55.16 2 0
levelup/go-api/internal/service/fanout_service.go:55.16,57.3 1 0
levelup/go-api/internal/service/fanout_service.go:59.2,65.28 2 0
levelup/go-api/internal/service/fanout_service.go:65.28,66.47 1 0
levelup/go-api/internal/service/fanout_service.go:66.47,67.12 1 0
levelup/go-api/internal/service/fanout_service.go:70.3,71.17 2 0
levelup/go-api/internal/service/fanout_service.go:71.17,74.12 2 0
levelup/go-api/internal/service/fanout_service.go:76.3,76.17 1 0
levelup/go-api/internal/service/fanout_service.go:76.17,77.12 1 0
levelup/go-api/internal/service/fanout_service.go:80.3,85.5 1 0
levelup/go-api/internal/service/fanout_service.go:88.2,94.18 2 0
levelup/go-api/internal/service/fanout_service.go:103.23,105.43 2 0
levelup/go-api/internal/service/fanout_service.go:105.43,107.3 1 0
levelup/go-api/internal/service/fanout_service.go:109.2,109.38 1 0
levelup/go-api/internal/service/fanout_service.go:109.38,111.17 2 0
levelup/go-api/internal/service/fanout_service.go:111.17,114.12 2 0
levelup/go-api/internal/service/fanout_service.go:116.3,122.4 3 0
levelup/go-api/internal/service/fanout_service.go:125.2,125.15 1 0
levelup/go-api/internal/service/fanout_service.go:133.16,135.16 2 0
levelup/go-api/internal/service/fanout_service.go:135.16,137.3 1 0
levelup/go-api/internal/service/fanout_service.go:140.2,141.16 2 0
levelup/go-api/internal/service/fanout_service.go:141.16,143.3 1 0
levelup/go-api/internal/service/fanout_service.go:145.2,146.31 2 0
levelup/go-api/internal/service/fanout_service.go:146.31,147.21 1 0
levelup/go-api/internal/service/fanout_service.go:147.21,149.4 1 0
levelup/go-api/internal/service/fanout_service.go:152.2,152.23 1 0
levelup/go-api/internal/service/fanout_service.go:152.23,154.3 1 0
levelup/go-api/internal/service/fanout_service.go:158.2,159.16 2 0
levelup/go-api/internal/service/fanout_service.go:159.16,161.3 1 0
levelup/go-api/internal/service/fanout_service.go:163.2,163.22 1 0
levelup/go-api/internal/service/filters_service.go:32.69,34.2 1 0
levelup/go-api/internal/service/filters_service.go:40.41,42.16 2 0
levelup/go-api/internal/service/filters_service.go:42.16,44.3 1 0
levelup/go-api/internal/service/filters_service.go:45.2,45.49 1 0
levelup/go-api/internal/service/filters_service.go:52.32,57.22 4 0
levelup/go-api/internal/service/filters_service.go:57.22,59.3 1 0
levelup/go-api/internal/service/filters_service.go:62.2,63.40 2 0
levelup/go-api/internal/service/filters_service.go:63.40,65.3 1 0
levelup/go-api/internal/service/filters_service.go:65.8,67.3 1 0
levelup/go-api/internal/service/filters_service.go:70.2,83.3 3 0
levelup/go-api/internal/service/filters_service.go:90.39,95.2 4 0
levelup/go-api/internal/service/filters_service.go:97.47,99.15 2 0
levelup/go-api/internal/service/filters_service.go:99.15,101.3 1 0
levelup/go-api/internal/service/filters_service.go:102.2,102.29 1 0
levelup/go-api/internal/service/filters_service.go:105.46,106.43 1 0
levelup/go-api/internal/service/filters_service.go:106.43,108.3 1 0
levelup/go-api/internal/service/filters_service.go:109.2,109.30 1 0
levelup/go-api/internal/service/filters_service.go:112.51,114.2 1 0
levelup/go-api/internal/service/filters_service.go:116.33,117.14 1 1
levelup/go-api/internal/service/filters_service.go:117.14,119.3 1 1
levelup/go-api/internal/service/filters_service.go:120.2,120.11 1 1
levelup/go-api/internal/service/filters_service.go:127.78,135.25 4 0
levelup/go-api/internal/service/filters_service.go:135.25,137.16 2 0
levelup/go-api/internal/service/filters_service.go:137.16,138.12 1 0
levelup/go-api/internal/service/filters_service.go:140.3,142.22 3 0
levelup/go-api/internal/service/filters_service.go:142.22,144.4 1 0
levelup/go-api/internal/service/filters_service.go:145.3,146.46 2 0
levelup/go-api/internal/service/filters_service.go:146.46,148.4 1 0
levelup/go-api/internal/service/filters_service.go:151.2,152.23 2 0
levelup/go-api/internal/service/filters_service.go:152.23,154.3 1 0
levelup/go-api/internal/service/filters_service.go:155.2,159.29 4 0
levelup/go-api/internal/service/filters_service.go:159.29,162.16 3 0
levelup/go-api/internal/service/filters_service.go:162.16,164.4 1 0
levelup/go-api/internal/service/filters_service.go:165.3,172.16 3 0
levelup/go-api/internal/service/filters_service.go:172.16,174.4 1 0
levelup/go-api/internal/service/filters_service.go:174.9,176.4 1 0
levelup/go-api/internal/service/filters_service.go:178.2,182.3 1 0
levelup/go-api/internal/service/filters_service.go:189.100,190.44 1 1
levelup/go-api/internal/service/filters_service.go:190.44,192.3 1 1
levelup/go-api/internal/service/filters_service.go:193.2,194.25 2 1
levelup/go-api/internal/service/filters_service.go:194.25,195.25 1 1
levelup/go-api/internal/service/filters_service.go:195.25,196.12 1 0
levelup/go-api/internal/service/filters_service.go:198.3,199.51 2 1
levelup/go-api/internal/service/filters_service.go:199.51,200.12 1 1
levelup/go-api/internal/service/filters_service.go:202.3,202.23 1 1
levelup/go-api/internal/service/filters_service.go:202.23,204.20 2 1
levelup/go-api/internal/service/filters_service.go:204.20,205.13 1 0
levelup/go-api/internal/service/filters_service.go:208.3,208.23 1 1
levelup/go-api/internal/service/filters_service.go:210.2,210.12 1 1
levelup/go-api/internal/service/filters_service.go:213.104,215.26 2 1
levelup/go-api/internal/service/filters_service.go:215.26,216.16 1 1
levelup/go-api/internal/service/filters_service.go:216.16,218.4 1 1
levelup/go-api/internal/service/filters_service.go:220.2,223.39 4 1
levelup/go-api/internal/service/filters_service.go:223.39,225.3 1 1
levelup/go-api/internal/service/filters_service.go:226.2,226.20 1 1
levelup/go-api/internal/service/filters_service.go:226.20,228.3 1 0
levelup/go-api/internal/service/filters_service.go:229.2,230.25 2 1
levelup/go-api/internal/service/filters_service.go:230.25,231.49 1 1
levelup/go-api/internal/service/filters_service.go:231.49,232.30 1 1
levelup/go-api/internal/service/filters_service.go:232.30,234.5 1 1
levelup/go-api/internal/service/filters_service.go:237.2,237.12 1 1
levelup/go-api/internal/service/filters_service.go:240.103,246.2 5 1
levelup/go-api/internal/service/filters_service.go:248.98,249.60 1 1
levelup/go-api/internal/service/filters_service.go:249.60,251.3 1 1
levelup/go-api/internal/service/filters_service.go:252.2,253.26 2 0
levelup/go-api/internal/service/filters_service.go:253.26,255.10 2 0
levelup/go-api/internal/service/filters_service.go:256.73,257.18 1 0
levelup/go-api/internal/service/filters_service.go:258.74,259.21 1 0
levelup/go-api/internal/service/filters_service.go:260.11,261.23 1 0
levelup/go-api/internal/service/filters_service.go:264.2,265.25 2 0
levelup/go-api/internal/service/filters_service.go:265.25,266.10 1 0
levelup/go-api/internal/service/filters_service.go:267.33,268.24 1 0
levelup/go-api/internal/service/filters_service.go:269.51,270.24 1 0
levelup/go-api/internal/service/filters_service.go:271.54,272.24 1 0
levelup/go-api/internal/service/filters_service.go:275.2,275.12 1 0
levelup/go-api/internal/service/filters_service.go:278.128,279.22 1 1
levelup/go-api/internal/service/filters_service.go:279.22,281.3 1 1
levelup/go-api/internal/service/filters_service.go:282.2,283.27 2 0
levelup/go-api/internal/service/filters_service.go:283.27,285.3 1 0
levelup/go-api/internal/service/filters_service.go:286.2,287.25 2 0
levelup/go-api/internal/service/filters_service.go:287.25,288.30 1 0
levelup/go-api/internal/service/filters_service.go:288.30,290.4 1 0
levelup/go-api/internal/service/filters_service.go:292.2,292.12 1 0
levelup/go-api/internal/service/filters_service.go:299.112,301.39 2 0
levelup/go-api/internal/service/filters_service.go:301.39,303.3 1 0
levelup/go-api/internal/service/filters_service.go:305.2,319.3 7 0
levelup/go-api/internal/service/filters_service.go:322.113,324.25 2 0
levelup/go-api/internal/service/filters_service.go:324.25,325.26 1 0
levelup/go-api/internal/service/filters_service.go:325.26,327.4 1 0
levelup/go-api/internal/service/filters_service.go:329.2,330.22 2 0
levelup/go-api/internal/service/filters_service.go:330.22,332.3 1 0
levelup/go-api/internal/service/filters_service.go:333.2,335.25 3 0
levelup/go-api/internal/service/filters_service.go:335.25,337.3 1 0
levelup/go-api/internal/service/filters_service.go:338.2,338.12 1 0
levelup/go-api/internal/service/filters_service.go:345.77,347.78 2 1
levelup/go-api/internal/service/filters_service.go:347.78,349.3 1 0
levelup/go-api/internal/service/filters_service.go:350.2,351.11 2 1
levelup/go-api/internal/service/filters_service.go:354.114,356.39 2 0
levelup/go-api/internal/service/filters_service.go:356.39,358.3 1 0
levelup/go-api/internal/service/filters_service.go:359.2,364.3 1 0
levelup/go-api/internal/service/home_service.go:31.60,36.2 1 1
levelup/go-api/internal/service/home_service.go:40.82,41.21 1 0
levelup/go-api/internal/service/home_service.go:41.21,43.3 1 0
levelup/go-api/internal/service/home_service.go:44.2,44.10 1 0
levelup/go-api/internal/service/home_service.go:49.78,52.2 2 0
levelup/go-api/internal/service/home_service.go:56.84,59.2 2 0
levelup/go-api/internal/service/home_service.go:63.94,67.2 3 0
levelup/go-api/internal/service/home_service.go:71.107,73.16 2 1
levelup/go-api/internal/service/home_service.go:73.16,75.3 1 0
levelup/go-api/internal/service/home_service.go:77.2,78.16 2 1
levelup/go-api/internal/service/home_service.go:78.16,81.3 1 0
levelup/go-api/internal/service/home_service.go:83.2,84.16 2 1
levelup/go-api/internal/service/home_service.go:84.16,86.3 1 1
levelup/go-api/internal/service/home_service.go:88.2,89.16 2 0
levelup/go-api/internal/service/home_service.go:89.16,92.3 1 0
levelup/go-api/internal/service/home_service.go:95.2,96.47 2 0
levelup/go-api/internal/service/home_service.go:96.47,97.82 1 0
levelup/go-api/internal/service/home_service.go:97.82,99.4 1 0
levelup/go-api/internal/service/home_service.go:99.9,101.4 1 0
levelup/go-api/internal/service/home_service.go:104.2,120.8 8 0
levelup/go-api/internal/service/home_service.go:125.143,126.27 1 0
levelup/go-api/internal/service/home_service.go:126.27,128.3 1 0
levelup/go-api/internal/service/home_service.go:130.2,132.32 3 0
levelup/go-api/internal/service/home_service.go:132.32,133.22 1 0
levelup/go-api/internal/service/home_service.go:133.22,135.4 1 0
levelup/go-api/internal/service/home_service.go:137.2,137.18 1 0
levelup/go-api/internal/service/home_service.go:144.84,145.24 1 0
levelup/go-api/internal/service/home_service.go:145.24,146.103 1 0
levelup/go-api/internal/service/home_service.go:146.103,149.4 2 0
levelup/go-api/internal/service/home_service.go:151.2,153.64 3 0
levelup/go-api/internal/service/home_service.go:153.64,155.3 1 0
levelup/go-api/internal/service/home_service.go:156.2,156.13 1 0
levelup/go-api/internal/service/home_service.go:163.84,164.24 1 0
levelup/go-api/internal/service/home_service.go:164.24,165.103 1 0
levelup/go-api/internal/service/home_service.go:165.103,166.44 1 0
levelup/go-api/internal/service/home_service.go:166.44,169.5 2 0
levelup/go-api/internal/service/home_service.go:170.4,170.80 1 0
levelup/go-api/internal/service/home_service.go:173.2,175.37 3 0
levelup/go-api/internal/service/home_service.go:175.37,177.3 1 0
levelup/go-api/internal/service/home_service.go:178.2,178.13 1 0
levelup/go-api/internal/service/home_service.go:181.73,182.17 1 0
levelup/go-api/internal/service/home_service.go:182.17,184.3 1 0
levelup/go-api/internal/service/home_service.go:185.2,185.25 1 0
levelup/go-api/internal/service/home_service.go:185.25,187.3 1 0
levelup/go-api/internal/service/home_service.go:188.2,188.81 1 0
levelup/go-api/internal/service/home_service.go:188.81,190.3 1 0
levelup/go-api/internal/service/home_service.go:191.2,191.13 1 0
levelup/go-api/internal/service/lab_service.go:29.82,31.2 1 0
levelup/go-api/internal/service/lab_service.go:37.41,38.42 1 0
levelup/go-api/internal/service/lab_service.go:38.42,40.3 1 0
levelup/go-api/internal/service/lab_service.go:41.2,41.87 1 0
levelup/go-api/internal/service/lab_service.go:45.94,46.42 1 0
levelup/go-api/internal/service/lab_service.go:46.42,48.3 1 0
levelup/go-api/internal/service/lab_service.go:49.2,49.37 1 0
levelup/go-api/internal/service/lab_service.go:53.98,54.42 1 0
levelup/go-api/internal/service/lab_service.go:54.42,56.3 1 0
levelup/go-api/internal/service/lab_service.go:57.2,57.63 1 0
levelup/go-api/internal/service/lab_service.go:60.44,62.16 2 0
levelup/go-api/internal/service/lab_service.go:62.16,64.3 1 0
levelup/go-api/internal/service/lab_service.go:65.2,65.52 1 0
levelup/go-api/internal/service/lab_service.go:65.52,66.48 1 0
levelup/go-api/internal/service/lab_service.go:66.48,68.4 1 0
levelup/go-api/internal/service/lab_service.go:70.2,70.12 1 0
levelup/go-api/internal/service/lab_service.go:73.81,74.22 1 0
levelup/go-api/internal/service/lab_service.go:74.22,76.3 1 0
levelup/go-api/internal/service/lab_service.go:77.2,77.31 1 0
levelup/go-api/internal/service/lab_service.go:77.31,79.3 1 0
levelup/go-api/internal/service/lab_service.go:80.2,80.14 1 0
levelup/go-api/internal/service/last_match_service.go:21.76,23.2 1 0
levelup/go-api/internal/service/last_match_service.go:29.44,31.16 2 0
levelup/go-api/internal/service/last_match_service.go:31.16,33.3 1 0
levelup/go-api/internal/service/last_match_service.go:35.2,35.23 1 0
levelup/go-api/internal/service/last_match_service.go:35.23,37.3 1 0
levelup/go-api/internal/service/last_match_service.go:40.2,40.42 1 0
levelup/go-api/internal/service/last_match_service.go:40.42,42.3 1 0
levelup/go-api/internal/service/last_match_service.go:44.2,45.91 2 0
levelup/go-api/internal/service/last_match_service.go:45.91,47.3 1 0
levelup/go-api/internal/service/last_match_service.go:49.2,52.13 3 0
levelup/go-api/internal/service/last_match_service.go:52.13,54.3 1 0
levelup/go-api/internal/service/last_match_service.go:55.2,55.26 1 0
levelup/go-api/internal/service/last_match_service.go:55.26,57.3 1 0
levelup/go-api/internal/service/last_match_service.go:60.2,61.64 2 0
levelup/go-api/internal/service/last_match_service.go:61.64,63.3 1 0
levelup/go-api/internal/service/last_match_service.go:65.2,72.8 1 0
levelup/go-api/internal/service/leaderboard_service.go:20.81,22.2 1 0
levelup/go-api/internal/service/leaderboard_service.go:27.126,29.16 2 0
levelup/go-api/internal/service/leaderboard_service.go:29.16,31.3 1 0
levelup/go-api/internal/service/leaderboard_service.go:34.2,34.23 1 0
levelup/go-api/internal/service/leaderboard_service.go:34.23,36.3 1 0
levelup/go-api/internal/service/leaderboard_service.go:38.2,44.8 1 0
levelup/go-api/internal/service/match_exclusion_service.go:17.90,19.2 1 0
levelup/go-api/internal/service/match_exclusion_service.go:22.104,24.2 1 0
levelup/go-api/internal/service/match_exclusion_service.go:27.99,29.2 1 0
levelup/go-api/internal/service/match_history_service.go:49.107,51.2 1 0
levelup/go-api/internal/service/match_history_service.go:57.44,59.16 2 0
levelup/go-api/internal/service/match_history_service.go:59.16,61.3 1 0
levelup/go-api/internal/service/match_history_service.go:62.2,84.46 10 0
levelup/go-api/internal/service/match_history_service.go:84.46,89.3 1 0
levelup/go-api/internal/service/match_history_service.go:91.2,105.8 1 0
levelup/go-api/internal/service/match_history_service.go:113.37,115.16 2 0
levelup/go-api/internal/service/match_history_service.go:115.16,117.3 1 0
levelup/go-api/internal/service/match_history_service.go:119.2,125.19 6 0
levelup/go-api/internal/service/match_history_service.go:133.87,136.25 3 0
levelup/go-api/internal/service/match_history_service.go:136.25,137.19 1 0
levelup/go-api/internal/service/match_history_service.go:137.19,139.4 1 0
levelup/go-api/internal/service/match_history_service.go:139.9,141.4 1 0
levelup/go-api/internal/service/match_history_service.go:143.2,143.18 1 0
levelup/go-api/internal/service/match_history_service.go:143.18,148.3 1 0
levelup/go-api/internal/service/match_history_service.go:149.2,149.12 1 0
levelup/go-api/internal/service/match_history_service.go:152.120,154.25 2 0
levelup/go-api/internal/service/match_history_service.go:154.25,156.3 1 0
levelup/go-api/internal/service/match_history_service.go:157.2,162.32 5 0
levelup/go-api/internal/service/match_history_service.go:162.32,164.3 1 0
levelup/go-api/internal/service/match_history_service.go:165.2,166.25 2 0
levelup/go-api/internal/service/match_history_service.go:166.25,167.38 1 0
levelup/go-api/internal/service/match_history_service.go:167.38,169.4 1 0
levelup/go-api/internal/service/match_history_service.go:171.2,171.12 1 0
levelup/go-api/internal/service/match_history_service.go:174.105,177.32 3 1
levelup/go-api/internal/service/match_history_service.go:177.32,179.3 1 0
levelup/go-api/internal/service/match_history_service.go:179.8,181.3 1 1
levelup/go-api/internal/service/match_history_service.go:182.2,182.48 1 1
levelup/go-api/internal/service/match_history_service.go:185.74,200.2 1 0
levelup/go-api/internal/service/match_history_service.go:206.77,208.25 2 0
levelup/go-api/internal/service/match_history_service.go:208.25,210.17 2 0
levelup/go-api/internal/service/match_history_service.go:210.17,211.12 1 0
levelup/go-api/internal/service/match_history_service.go:213.3,215.21 3 0
levelup/go-api/internal/service/match_history_service.go:215.21,217.4 1 0
levelup/go-api/internal/service/match_history_service.go:218.3,218.18 1 0
levelup/go-api/internal/service/match_history_service.go:220.2,220.10 1 0
levelup/go-api/internal/service/match_history_service.go:227.118,229.25 2 0
levelup/go-api/internal/service/match_history_service.go:229.25,231.3 1 0
levelup/go-api/internal/service/match_history_service.go:232.2,232.12 1 0
levelup/go-api/internal/service/match_history_service.go:235.110,241.24 5 0
levelup/go-api/internal/service/match_history_service.go:241.24,243.3 1 0
levelup/go-api/internal/service/match_history_service.go:244.2,247.43 3 0
levelup/go-api/internal/service/match_history_service.go:247.43,250.3 2 0
levelup/go-api/internal/service/match_history_service.go:252.2,254.45 3 0
levelup/go-api/internal/service/match_history_service.go:254.45,255.51 1 0
levelup/go-api/internal/service/match_history_service.go:255.51,259.4 3 0
levelup/go-api/internal/service/match_history_service.go:262.2,283.3 2 0
levelup/go-api/internal/service/match_history_service.go:290.67,291.17 1 0
levelup/go-api/internal/service/match_history_service.go:291.17,293.3 1 0
levelup/go-api/internal/service/match_history_service.go:294.2,294.15 1 0
levelup/go-api/internal/service/match_history_service.go:294.15,296.3 1 0
levelup/go-api/internal/service/match_history_service.go:297.2,299.46 2 0
levelup/go-api/internal/service/match_history_service.go:299.46,301.17 2 0
levelup/go-api/internal/service/match_history_service.go:301.17,303.4 1 0
levelup/go-api/internal/service/match_history_service.go:304.3,304.14 1 0
levelup/go-api/internal/service/match_history_service.go:308.78,309.15 1 0
levelup/go-api/internal/service/match_history_service.go:310.22,311.39 1 0
levelup/go-api/internal/service/match_history_service.go:312.18,313.44 1 0
levelup/go-api/internal/service/match_history_service.go:314.19,315.46 1 0
levelup/go-api/internal/service/match_history_service.go:316.23,317.52 1 0
levelup/go-api/internal/service/match_history_service.go:318.36,319.76 1 0
levelup/go-api/internal/service/match_history_service.go:320.10,321.41 1 0
levelup/go-api/internal/service/match_history_service.go:325.127,328.19 3 0
levelup/go-api/internal/service/match_history_service.go:328.19,330.3 1 0
levelup/go-api/internal/service/match_history_service.go:331.2,332.15 2 0
levelup/go-api/internal/service/match_history_service.go:332.15,334.3 1 0
levelup/go-api/internal/service/match_history_service.go:335.2,336.21 2 0
levelup/go-api/internal/service/match_history_service.go:336.21,338.3 1 0
levelup/go-api/internal/service/match_history_service.go:339.2,339.23 1 0
levelup/go-api/internal/service/match_history_service.go:339.23,341.3 1 0
levelup/go-api/internal/service/match_history_service.go:342.2,344.17 3 0
levelup/go-api/internal/service/match_history_service.go:344.17,346.3 1 0
levelup/go-api/internal/service/match_history_service.go:347.2,348.19 2 0
levelup/go-api/internal/service/match_history_service.go:348.19,350.3 1 0
levelup/go-api/internal/service/match_history_service.go:351.2,358.24 2 0
levelup/go-api/internal/service/match_history_service.go:365.36,366.40 1 0
levelup/go-api/internal/service/match_history_service.go:366.40,368.3 1 0
levelup/go-api/internal/service/match_history_service.go:369.2,369.12 1 0
levelup/go-api/internal/service/match_history_service.go:372.39,373.16 1 0
levelup/go-api/internal/service/match_history_service.go:373.16,375.3 1 0
levelup/go-api/internal/service/match_history_service.go:376.2,376.37 1 0
levelup/go-api/internal/service/match_history_service.go:379.46,380.17 1 0
levelup/go-api/internal/service/match_history_service.go:380.17,382.3 1 0
levelup/go-api/internal/service/match_history_service.go:383.2,384.15 2 0
levelup/go-api/internal/service/match_history_service.go:384.15,386.3 1 0
levelup/go-api/internal/service/match_history_service.go:387.2,389.39 3 0
levelup/go-api/internal/service/match_history_service.go:392.53,394.14 2 0
levelup/go-api/internal/service/match_history_service.go:394.14,396.3 1 0
levelup/go-api/internal/service/match_history_service.go:397.2,397.91 1 0
levelup/go-api/internal/service/match_history_service.go:400.60,401.32 1 0
levelup/go-api/internal/service/match_history_service.go:401.32,403.3 1 0
levelup/go-api/internal/service/match_history_service.go:404.2,405.44 2 0
levelup/go-api/internal/service/match_history_service.go:405.44,407.3 1 0
levelup/go-api/internal/service/match_history_service.go:408.2,409.24 2 0
levelup/go-api/internal/service/match_history_service.go:409.24,411.3 1 0
levelup/go-api/internal/service/match_history_service.go:412.2,412.22 1 0
levelup/go-api/internal/service/match_history_service.go:412.22,414.3 1 0
levelup/go-api/internal/service/match_history_service.go:415.2,416.13 2 0
levelup/go-api/internal/service/match_history_service.go:419.36,420.26 1 0
levelup/go-api/internal/service/match_history_service.go:420.26,422.3 1 0
levelup/go-api/internal/service/match_history_service.go:423.2,423.14 1 0
levelup/go-api/internal/service/match_history_service.go:423.14,425.3 1 0
levelup/go-api/internal/service/match_history_service.go:426.2,426.11 1 0
levelup/go-api/internal/service/match_history_service.go:429.31,430.13 1 0
levelup/go-api/internal/service/match_history_service.go:430.13,432.3 1 0
levelup/go-api/internal/service/match_history_service.go:433.2,433.11 1 0
levelup/go-api/internal/service/match_history_service.go:436.39,437.14 1 0
levelup/go-api/internal/service/match_history_service.go:437.14,439.3 1 0
levelup/go-api/internal/service/match_history_service.go:440.2,440.14 1 0
levelup/go-api/internal/service/match_history_service.go:440.14,442.3 1 0
levelup/go-api/internal/service/match_history_service.go:443.2,443.16 1 0
levelup/go-api/internal/service/match_history_service.go:446.33,447.14 1 0
levelup/go-api/internal/service/match_history_service.go:447.14,449.3 1 0
levelup/go-api/internal/service/match_history_service.go:450.2,450.14 1 0
levelup/go-api/internal/service/match_history_service.go:450.14,452.3 1 0
levelup/go-api/internal/service/match_history_service.go:453.2,453.16 1 0
levelup/go-api/internal/service/match_view_service.go:34.88,36.2 1 0
levelup/go-api/internal/service/match_view_service.go:39.112,41.16 2 0
levelup/go-api/internal/service/match_view_service.go:41.16,43.3 1 0
levelup/go-api/internal/service/match_view_service.go:45.2,46.16 2 0
levelup/go-api/internal/service/match_view_service.go:46.16,48.3 1 0
levelup/go-api/internal/service/match_view_service.go:49.2,50.16 2 0
levelup/go-api/internal/service/match_view_service.go:50.16,52.3 1 0
levelup/go-api/internal/service/match_view_service.go:53.2,54.16 2 0
levelup/go-api/internal/service/match_view_service.go:54.16,56.3 1 0
levelup/go-api/internal/service/match_view_service.go:57.2,58.16 2 0
levelup/go-api/internal/service/match_view_service.go:58.16,60.3 1 0
levelup/go-api/internal/service/match_view_service.go:61.2,62.16 2 0
levelup/go-api/internal/service/match_view_service.go:62.16,64.3 1 0
levelup/go-api/internal/service/match_view_service.go:65.2,66.16 2 0
levelup/go-api/internal/service/match_view_service.go:66.16,68.3 1 0
levelup/go-api/internal/service/match_view_service.go:69.2,70.16 2 0
levelup/go-api/internal/service/match_view_service.go:70.16,72.3 1 0
levelup/go-api/internal/service/match_view_service.go:74.2,88.8 6 0
levelup/go-api/internal/service/match_view_service.go:101.26,109.17 2 0
levelup/go-api/internal/service/match_view_service.go:109.17,111.3 1 0
levelup/go-api/internal/service/match_view_service.go:113.2,114.27 2 0
levelup/go-api/internal/service/match_view_service.go:114.27,116.3 1 0
levelup/go-api/internal/service/match_view_service.go:117.2,117.25 1 0
levelup/go-api/internal/service/match_view_service.go:117.25,119.3 1 0
levelup/go-api/internal/service/match_view_service.go:120.2,120.26 1 0
levelup/go-api/internal/service/match_view_service.go:120.26,122.3 1 0
levelup/go-api/internal/service/match_view_service.go:123.2,123.30 1 0
levelup/go-api/internal/service/match_view_service.go:123.30,125.3 1 0
levelup/go-api/internal/service/match_view_service.go:127.2,127.44 1 0
levelup/go-api/internal/service/match_view_service.go:127.44,133.3 5 0
levelup/go-api/internal/service/match_view_service.go:135.2,135.19 1 0
levelup/go-api/internal/service/match_view_service.go:135.19,136.37 1 0
levelup/go-api/internal/service/match_view_service.go:136.37,142.4 5 0
levelup/go-api/internal/service/match_view_service.go:143.3,143.35 1 0
levelup/go-api/internal/service/match_view_service.go:146.2,146.10 1 0
levelup/go-api/internal/service/match_view_service.go:150.64,152.33 2 0
levelup/go-api/internal/service/match_view_service.go:152.33,153.52 1 0
levelup/go-api/internal/service/match_view_service.go:153.52,154.12 1 0
levelup/go-api/internal/service/match_view_service.go:156.3,156.48 1 0
levelup/go-api/internal/service/match_view_service.go:158.2,158.26 1 0
levelup/go-api/internal/service/match_view_service.go:158.26,160.3 1 0
levelup/go-api/internal/service/match_view_service.go:161.2,162.30 2 0
levelup/go-api/internal/service/match_view_service.go:162.30,164.3 1 0
levelup/go-api/internal/service/match_view_service.go:166.2,167.21 2 0
levelup/go-api/internal/service/match_view_service.go:167.21,169.3 1 0
levelup/go-api/internal/service/match_view_service.go:170.2,170.11 1 0
levelup/go-api/internal/service/match_view_service.go:177.106,186.18 2 0
levelup/go-api/internal/service/match_view_service.go:186.18,188.3 1 0
levelup/go-api/internal/service/match_view_service.go:190.2,199.28 2 0
levelup/go-api/internal/service/match_view_service.go:199.28,201.33 2 0
levelup/go-api/internal/service/match_view_service.go:201.33,203.4 1 0
levelup/go-api/internal/service/match_view_service.go:204.3,209.4 1 0
levelup/go-api/internal/service/match_view_service.go:212.2,212.12 1 0
levelup/go-api/internal/service/match_view_service.go:215.63,216.19 1 0
levelup/go-api/internal/service/match_view_service.go:216.19,218.3 1 0
levelup/go-api/internal/service/match_view_service.go:219.2,220.24 2 0
levelup/go-api/internal/service/match_view_service.go:220.24,226.3 1 0
levelup/go-api/internal/service/match_view_service.go:227.2,227.15 1 0
levelup/go-api/internal/service/match_view_service.go:234.101,236.28 2 0
levelup/go-api/internal/service/match_view_service.go:236.28,242.3 1 0
levelup/go-api/internal/service/match_view_service.go:244.2,245.27 2 0
levelup/go-api/internal/service/match_view_service.go:245.27,251.3 1 0
levelup/go-api/internal/service/match_view_service.go:253.2,257.3 1 0
levelup/go-api/internal/service/match_view_service.go:264.117,266.31 2 0
levelup/go-api/internal/service/match_view_service.go:266.31,289.22 2 0
levelup/go-api/internal/service/match_view_service.go:289.22,292.4 2 0
levelup/go-api/internal/service/match_view_service.go:293.3,293.27 1 0
levelup/go-api/internal/service/match_view_service.go:297.2,299.37 3 0
levelup/go-api/internal/service/match_view_service.go:299.37,306.3 1 0
levelup/go-api/internal/service/match_view_service.go:307.2,312.3 2 0
levelup/go-api/internal/service/match_view_service.go:325.28,327.31 2 0
levelup/go-api/internal/service/match_view_service.go:327.31,329.3 1 0
levelup/go-api/internal/service/match_view_service.go:331.2,332.29 2 0
levelup/go-api/internal/service/match_view_service.go:332.29,333.30 1 0
levelup/go-api/internal/service/match_view_service.go:333.30,334.43 1 0
levelup/go-api/internal/service/match_view_service.go:334.43,336.17 2 0
levelup/go-api/internal/service/match_view_service.go:336.17,338.6 1 0
levelup/go-api/internal/service/match_view_service.go:339.5,339.56 1 0
levelup/go-api/internal/service/match_view_service.go:341.4,341.50 1 0
levelup/go-api/internal/service/match_view_service.go:343.3,343.30 1 0
levelup/go-api/internal/service/match_view_service.go:343.30,344.43 1 0
levelup/go-api/internal/service/match_view_service.go:344.43,346.17 2 0
levelup/go-api/internal/service/match_view_service.go:346.17,348.6 1 0
levelup/go-api/internal/service/match_view_service.go:349.5,349.56 1 0
levelup/go-api/internal/service/match_view_service.go:351.4,351.49 1 0
levelup/go-api/internal/service/match_view_service.go:354.2,354.15 1 0
levelup/go-api/internal/service/match_view_service.go:362.36,363.38 1 0
levelup/go-api/internal/service/match_view_service.go:363.38,365.3 1 0
levelup/go-api/internal/service/match_view_service.go:366.2,366.18 1 0
levelup/go-api/internal/service/match_view_service.go:369.38,370.9 1 0
levelup/go-api/internal/service/match_view_service.go:371.19,372.19 1 0
levelup/go-api/internal/service/match_view_service.go:373.19,374.19 1 0
levelup/go-api/internal/service/match_view_service.go:375.19,376.19 1 0
levelup/go-api/internal/service/match_view_service.go:377.10,378.19 1 0
levelup/go-api/internal/service/match_view_service.go:384.43,393.2 3 0
levelup/go-api/internal/service/match_view_service.go:395.24,396.30 1 0
levelup/go-api/internal/service/match_view_service.go:396.30,397.43 1 0
levelup/go-api/internal/service/match_view_service.go:397.43,399.4 1 0
levelup/go-api/internal/service/match_view_service.go:403.56,404.30 1 0
levelup/go-api/internal/service/match_view_service.go:404.30,405.61 1 0
levelup/go-api/internal/service/match_view_service.go:405.61,407.4 1 0
levelup/go-api/internal/service/media_index_service.go:35.44,37.2 1 0
levelup/go-api/internal/service/media_index_service.go:46.9,50.16 3 0
levelup/go-api/internal/service/media_index_service.go:50.16,52.25 1 0
levelup/go-api/internal/service/media_index_service.go:52.25,56.4 3 0
levelup/go-api/internal/service/media_index_service.go:57.3,57.72 1 0
levelup/go-api/internal/service/media_index_service.go:61.2,62.28 2 0
levelup/go-api/internal/service/media_index_service.go:62.28,63.16 1 0
levelup/go-api/internal/service/media_index_service.go:63.16,65.4 1 0
levelup/go-api/internal/service/media_index_service.go:68.2,69.16 2 0
levelup/go-api/internal/service/media_index_service.go:69.16,73.3 3 0
levelup/go-api/internal/service/media_index_service.go:75.2,75.35 1 0
levelup/go-api/internal/service/media_index_service.go:75.35,76.23 1 0
levelup/go-api/internal/service/media_index_service.go:76.23,78.4 1 0
levelup/go-api/internal/service/media_index_service.go:80.3,86.57 5 0
levelup/go-api/internal/service/media_index_service.go:86.57,89.4 2 0
levelup/go-api/internal/service/media_index_service.go:91.3,91.55 1 0
levelup/go-api/internal/service/media_index_service.go:91.55,93.58 1 0
levelup/go-api/internal/service/media_index_service.go:93.58,96.5 2 0
levelup/go-api/internal/service/media_index_service.go:97.4,97.12 1 0
levelup/go-api/internal/service/media_index_service.go:100.3,100.19 1 0
levelup/go-api/internal/service/media_index_service.go:100.19,102.50 2 0
levelup/go-api/internal/service/media_index_service.go:102.50,105.59 3 0
levelup/go-api/internal/service/media_index_service.go:105.59,108.6 2 0
levelup/go-api/internal/service/media_index_service.go:110.5,116.20 1 0
levelup/go-api/internal/service/media_index_service.go:116.20,117.60 1 0
levelup/go-api/internal/service/media_index_service.go:117.60,120.7 2 0
levelup/go-api/internal/service/media_index_service.go:126.2,126.12 1 0
levelup/go-api/internal/service/media_index_service.go:131.49,132.51 1 0
levelup/go-api/internal/service/media_index_service.go:132.51,134.3 1 0
levelup/go-api/internal/service/media_index_service.go:136.2,137.16 2 0
levelup/go-api/internal/service/media_index_service.go:137.16,139.3 1 0
levelup/go-api/internal/service/media_index_service.go:140.2,142.75 2 0
levelup/go-api/internal/service/media_index_service.go:142.75,144.3 1 0
levelup/go-api/internal/service/media_index_service.go:145.2,145.62 1 0
levelup/go-api/internal/service/media_index_service.go:145.62,147.3 1 0
levelup/go-api/internal/service/media_index_service.go:148.2,148.12 1 0
levelup/go-api/internal/service/media_service.go:27.63,29.2 1 0
levelup/go-api/internal/service/media_service.go:35.38,42.22 5 0
levelup/go-api/internal/service/media_service.go:42.22,44.3 1 0
levelup/go-api/internal/service/media_service.go:45.2,54.16 3 0
levelup/go-api/internal/service/media_service.go:54.16,56.3 1 0
levelup/go-api/internal/service/media_service.go:58.2,59.16 2 0
levelup/go-api/internal/service/media_service.go:59.16,61.3 1 0
levelup/go-api/internal/service/media_service.go:63.2,70.27 5 0
levelup/go-api/internal/service/media_service.go:70.27,72.3 1 0
levelup/go-api/internal/service/media_service.go:73.2,73.91 1 0
levelup/go-api/internal/service/media_service.go:73.91,74.24 1 0
levelup/go-api/internal/service/media_service.go:74.24,75.52 1 0
levelup/go-api/internal/service/media_service.go:75.52,79.5 3 0
levelup/go-api/internal/service/media_service.go:83.2,98.8 1 0
levelup/go-api/internal/service/media_service.go:105.38,106.24 1 0
levelup/go-api/internal/service/media_service.go:106.24,108.3 1 0
levelup/go-api/internal/service/media_service.go:110.2,111.16 2 0
levelup/go-api/internal/service/media_service.go:111.16,113.3 1 0
levelup/go-api/internal/service/media_service.go:114.2,114.9 1 0
levelup/go-api/internal/service/media_service.go:114.9,116.3 1 0
levelup/go-api/internal/service/media_service.go:119.2,119.25 1 0
levelup/go-api/internal/service/media_service.go:119.25,121.26 2 0
levelup/go-api/internal/service/media_service.go:121.26,123.4 1 0
levelup/go-api/internal/service/media_service.go:124.3,124.109 1 0
levelup/go-api/internal/service/media_service.go:124.109,127.4 1 0
levelup/go-api/internal/service/media_service.go:131.2,136.86 2 0
levelup/go-api/internal/service/media_service.go:136.86,137.46 1 0
levelup/go-api/internal/service/media_service.go:137.46,141.4 3 0
levelup/go-api/internal/service/media_service.go:143.2,143.18 1 0
levelup/go-api/internal/service/media_service.go:148.113,151.25 2 0
levelup/go-api/internal/service/media_service.go:151.25,153.3 1 0
levelup/go-api/internal/service/media_service.go:155.2,155.60 1 0
levelup/go-api/internal/service/media_service.go:155.60,157.3 1 0
levelup/go-api/internal/service/media_service.go:159.2,159.30 1 0
levelup/go-api/internal/service/media_service.go:159.30,161.59 2 0
levelup/go-api/internal/service/media_service.go:161.59,165.12 3 0
levelup/go-api/internal/service/media_service.go:167.3,169.41 2 0
levelup/go-api/internal/service/media_service.go:172.2,172.23 1 0
levelup/go-api/internal/service/media_service.go:172.23,175.3 2 0
levelup/go-api/internal/service/media_service.go:177.2,178.14 2 0
levelup/go-api/internal/service/media_service.go:178.14,180.3 1 0
levelup/go-api/internal/service/media_service.go:182.2,191.16 3 0
levelup/go-api/internal/service/media_service.go:191.16,194.3 2 0
levelup/go-api/internal/service/media_service.go:195.2,203.24 7 0
levelup/go-api/internal/service/media_service.go:203.24,206.3 2 0
levelup/go-api/internal/service/media_service.go:208.2,215.20 2 0
levelup/go-api/internal/service/media_service.go:218.69,220.25 2 0
levelup/go-api/internal/service/media_service.go:220.25,222.21 2 0
levelup/go-api/internal/service/media_service.go:222.21,224.4 1 0
levelup/go-api/internal/service/media_service.go:225.3,238.5 1 0
levelup/go-api/internal/service/media_service.go:240.2,240.14 1 0
levelup/go-api/internal/service/media_service.go:247.29,251.16 3 0
levelup/go-api/internal/service/media_service.go:251.16,254.3 2 0
levelup/go-api/internal/service/media_service.go:256.2,256.28 1 0
levelup/go-api/internal/service/media_service.go:256.28,258.3 1 0
levelup/go-api/internal/service/media_service.go:259.2,259.29 1 0
levelup/go-api/internal/service/media_service.go:259.29,261.3 1 0
levelup/go-api/internal/service/media_service.go:262.2,262.16 1 0
levelup/go-api/internal/service/media_service.go:265.92,267.78 1 0
levelup/go-api/internal/service/media_service.go:267.78,267.100 1 0
levelup/go-api/internal/service/media_service.go:268.78,268.101 1 0
levelup/go-api/internal/service/media_service.go:275.23,278.27 3 0
levelup/go-api/internal/service/media_service.go:278.27,280.22 2 0
levelup/go-api/internal/service/media_service.go:280.22,281.12 1 0
levelup/go-api/internal/service/media_service.go:283.3,284.18 2 0
levelup/go-api/internal/service/media_service.go:284.18,285.12 1 0
levelup/go-api/internal/service/media_service.go:287.3,287.39 1 0
levelup/go-api/internal/service/media_service.go:287.39,288.12 1 0
levelup/go-api/internal/service/media_service.go:290.3,291.33 2 0
levelup/go-api/internal/service/media_service.go:294.2,296.31 3 0
levelup/go-api/internal/service/media_service.go:296.31,298.3 1 0
levelup/go-api/internal/service/media_service.go:299.2,299.16 1 0
levelup/go-api/internal/service/media_service.go:302.38,303.11 1 0
levelup/go-api/internal/service/media_service.go:303.11,305.3 1 0
levelup/go-api/internal/service/media_service.go:306.2,306.10 1 0
levelup/go-api/internal/service/profile_service.go:24.73,26.2 1 0
levelup/go-api/internal/service/profile_service.go:49.104,51.21 2 0
levelup/go-api/internal/service/profile_service.go:51.21,53.3 1 0
levelup/go-api/internal/service/profile_service.go:55.2,56.39 2 0
levelup/go-api/internal/service/profile_service.go:56.39,58.3 1 0
levelup/go-api/internal/service/profile_service.go:60.2,62.41 2 0
levelup/go-api/internal/service/profile_service.go:62.41,64.3 1 0
levelup/go-api/internal/service/profile_service.go:65.2,69.31 3 0
levelup/go-api/internal/service/profile_service.go:69.31,70.41 1 0
levelup/go-api/internal/service/profile_service.go:70.41,72.9 2 0
levelup/go-api/internal/service/profile_service.go:76.2,80.19 4 0
levelup/go-api/internal/service/profile_service.go:80.19,82.3 1 0
levelup/go-api/internal/service/profile_service.go:84.2,88.20 2 0
levelup/go-api/internal/service/profile_service.go:88.20,90.3 1 0
levelup/go-api/internal/service/profile_service.go:93.2,93.49 1 0
levelup/go-api/internal/service/profile_service.go:93.49,94.44 1 0
levelup/go-api/internal/service/profile_service.go:94.44,96.4 1 0
levelup/go-api/internal/service/profile_service.go:98.2,103.16 4 0
levelup/go-api/internal/service/profile_service.go:103.16,105.3 1 0
levelup/go-api/internal/service/profile_service.go:106.2,106.67 1 0
levelup/go-api/internal/service/profile_service.go:106.67,108.3 1 0
levelup/go-api/internal/service/profile_service.go:111.2,112.54 2 0
levelup/go-api/internal/service/profile_service.go:112.54,114.3 1 0
levelup/go-api/internal/service/profile_service.go:116.2,116.27 1 0
levelup/go-api/internal/service/profile_service.go:121.79,122.20 1 0
levelup/go-api/internal/service/profile_service.go:122.20,127.3 1 0
levelup/go-api/internal/service/profile_service.go:129.2,132.60 2 0
levelup/go-api/internal/service/profile_service.go:132.60,134.3 1 0
levelup/go-api/internal/service/profile_service.go:136.2,136.35 1 0
levelup/go-api/internal/service/profile_service.go:136.35,138.51 2 0
levelup/go-api/internal/service/profile_service.go:138.51,139.26 1 0
levelup/go-api/internal/service/profile_service.go:139.26,141.5 1 0
levelup/go-api/internal/service/profile_service.go:142.4,142.13 1 0
levelup/go-api/internal/service/profile_service.go:147.2,148.50 2 0
levelup/go-api/internal/service/profile_service.go:148.50,150.3 1 0
levelup/go-api/internal/service/profile_service.go:152.2,156.26 2 0
levelup/go-api/internal/service/profile_service.go:156.26,158.3 1 0
levelup/go-api/internal/service/profile_service.go:159.2,159.15 1 0
levelup/go-api/internal/service/season_pass_service.go:22.128,29.2 1 0
levelup/go-api/internal/service/season_pass_service.go:33.107,37.16 3 0
levelup/go-api/internal/service/season_pass_service.go:37.16,48.3 3 0
levelup/go-api/internal/service/season_pass_service.go:50.2,58.24 2 0
levelup/go-api/internal/service/season_pass_service.go:58.24,59.25 1 0
levelup/go-api/internal/service/season_pass_service.go:59.25,61.9 2 0
levelup/go-api/internal/service/season_pass_service.go:64.2,64.22 1 0
levelup/go-api/internal/service/season_pass_service.go:64.22,67.3 2 0
levelup/go-api/internal/service/season_pass_service.go:69.2,69.18 1 0
levelup/go-api/internal/service/session_compare_service.go:30.26,35.2 1 1
levelup/go-api/internal/service/session_compare_service.go:41.42,44.16 2 1
levelup/go-api/internal/service/session_compare_service.go:44.16,46.3 1 1
levelup/go-api/internal/service/session_compare_service.go:47.2,52.28 3 1
levelup/go-api/internal/service/session_compare_service.go:52.28,59.3 1 1
levelup/go-api/internal/service/session_compare_service.go:62.2,81.8 8 1
levelup/go-api/internal/service/session_compare_service.go:88.68,91.28 3 1
levelup/go-api/internal/service/session_compare_service.go:91.28,92.54 1 1
levelup/go-api/internal/service/session_compare_service.go:92.54,95.4 2 1
levelup/go-api/internal/service/session_compare_service.go:98.2,99.15 2 1
levelup/go-api/internal/service/session_compare_service.go:102.58,103.40 1 1
levelup/go-api/internal/service/session_compare_service.go:103.40,105.3 1 1
levelup/go-api/internal/service/session_compare_service.go:106.2,106.22 1 1
levelup/go-api/internal/service/session_compare_service.go:106.22,108.3 1 0
levelup/go-api/internal/service/session_compare_service.go:109.2,109.30 1 1
levelup/go-api/internal/service/session_compare_service.go:112.64,113.40 1 1
levelup/go-api/internal/service/session_compare_service.go:113.40,115.3 1 0
levelup/go-api/internal/service/session_compare_service.go:116.2,116.21 1 1
levelup/go-api/internal/service/session_compare_service.go:116.21,118.3 1 0
levelup/go-api/internal/service/session_compare_service.go:119.2,119.30 1 1
levelup/go-api/internal/service/session_compare_service.go:122.91,123.17 1 1
levelup/go-api/internal/service/session_compare_service.go:123.17,125.3 1 0
levelup/go-api/internal/service/session_compare_service.go:126.2,127.28 2 1
levelup/go-api/internal/service/session_compare_service.go:127.28,128.56 1 1
levelup/go-api/internal/service/session_compare_service.go:128.56,130.4 1 1
levelup/go-api/internal/service/session_compare_service.go:132.2,132.12 1 1
levelup/go-api/internal/service/session_compare_service.go:135.98,136.38 1 1
levelup/go-api/internal/service/session_compare_service.go:136.38,138.3 1 1
levelup/go-api/internal/service/session_compare_service.go:139.2,142.28 4 1
levelup/go-api/internal/service/session_compare_service.go:142.28,143.13 1 1
levelup/go-api/internal/service/session_compare_service.go:143.13,146.4 2 1
levelup/go-api/internal/service/session_compare_service.go:147.3,147.34 1 1
levelup/go-api/internal/service/session_compare_service.go:147.34,149.4 1 0
levelup/go-api/internal/service/session_compare_service.go:150.3,150.33 1 1
levelup/go-api/internal/service/session_compare_service.go:150.33,152.4 1 1
levelup/go-api/internal/service/session_compare_service.go:153.3,153.23 1 1
levelup/go-api/internal/service/session_compare_service.go:153.23,154.41 1 1
levelup/go-api/internal/service/session_compare_service.go:154.41,156.5 1 1
levelup/go-api/internal/service/session_compare_service.go:156.10,156.49 1 0
levelup/go-api/internal/service/session_compare_service.go:156.49,158.5 1 0
levelup/go-api/internal/service/session_compare_service.go:160.3,161.26 2 1
levelup/go-api/internal/service/session_compare_service.go:164.2,165.21 2 1
levelup/go-api/internal/service/session_compare_service.go:165.21,168.3 2 1
levelup/go-api/internal/service/session_compare_service.go:170.2,183.3 3 1
levelup/go-api/internal/service/session_compare_service.go:186.88,207.30 16 1
levelup/go-api/internal/service/session_compare_service.go:207.30,215.3 1 1
levelup/go-api/internal/service/session_compare_service.go:217.2,217.16 1 1
levelup/go-api/internal/service/session_compare_service.go:220.71,223.32 3 1
levelup/go-api/internal/service/session_compare_service.go:223.32,224.37 1 1
levelup/go-api/internal/service/session_compare_service.go:224.37,225.12 1 1
levelup/go-api/internal/service/session_compare_service.go:227.3,228.36 2 1
levelup/go-api/internal/service/session_compare_service.go:230.2,230.16 1 1
levelup/go-api/internal/service/session_compare_service.go:230.16,232.3 1 1
levelup/go-api/internal/service/session_compare_service.go:233.2,234.15 2 1
levelup/go-api/internal/service/session_compare_service.go:237.73,239.20 2 1
levelup/go-api/internal/service/session_compare_service.go:239.20,241.3 1 0
levelup/go-api/internal/service/session_compare_service.go:242.2,242.18 1 1
levelup/go-api/internal/service/session_compare_service.go:245.69,246.23 1 1
levelup/go-api/internal/service/session_compare_service.go:246.23,248.3 1 0
levelup/go-api/internal/service/session_compare_service.go:249.2,250.32 2 1
levelup/go-api/internal/service/session_compare_service.go:250.32,253.3 2 1
levelup/go-api/internal/service/session_compare_service.go:254.2,256.35 3 1
levelup/go-api/internal/service/session_compare_service.go:256.35,257.24 1 1
levelup/go-api/internal/service/session_compare_service.go:257.24,260.4 2 1
levelup/go-api/internal/service/session_compare_service.go:262.2,262.18 1 1
levelup/go-api/internal/service/session_compare_service.go:265.59,266.23 1 1
levelup/go-api/internal/service/session_compare_service.go:266.23,268.3 1 0
levelup/go-api/internal/service/session_compare_service.go:269.2,270.32 2 1
levelup/go-api/internal/service/session_compare_service.go:270.32,271.21 1 1
levelup/go-api/internal/service/session_compare_service.go:271.21,273.4 1 1
levelup/go-api/internal/service/session_compare_service.go:275.2,275.33 1 1
levelup/go-api/internal/service/session_compare_service.go:278.65,280.9 2 1
levelup/go-api/internal/service/session_compare_service.go:281.44,282.21 1 0
levelup/go-api/internal/service/session_compare_service.go:283.97,284.18 1 1
levelup/go-api/internal/service/session_compare_service.go:285.77,286.15 1 1
levelup/go-api/internal/service/session_compare_service.go:287.10,288.17 1 1
levelup/go-api/internal/service/session_compare_service.go:292.56,293.22 1 1
levelup/go-api/internal/service/session_compare_service.go:293.22,295.3 1 0
levelup/go-api/internal/service/session_compare_service.go:296.2,296.23 1 1
levelup/go-api/internal/service/session_compare_service.go:296.23,299.3 2 0
levelup/go-api/internal/service/session_compare_service.go:300.2,301.15 2 1
levelup/go-api/internal/service/session_compare_service.go:304.43,305.18 1 1
levelup/go-api/internal/service/session_compare_service.go:305.18,307.3 1 0
levelup/go-api/internal/service/session_compare_service.go:308.2,308.15 1 1
levelup/go-api/internal/service/session_compare_service.go:311.54,312.23 1 1
levelup/go-api/internal/service/session_compare_service.go:312.23,314.3 1 0
levelup/go-api/internal/service/session_compare_service.go:315.2,316.28 2 1
levelup/go-api/internal/service/session_compare_service.go:316.28,317.60 1 1
levelup/go-api/internal/service/session_compare_service.go:317.60,319.4 1 1
levelup/go-api/internal/service/session_compare_service.go:321.2,321.52 1 1
levelup/go-api/internal/service/session_compare_service.go:324.52,325.23 1 1
levelup/go-api/internal/service/session_compare_service.go:325.23,327.3 1 0
levelup/go-api/internal/service/session_compare_service.go:328.2,329.28 2 1
levelup/go-api/internal/service/session_compare_service.go:329.28,332.3 2 1
levelup/go-api/internal/service/session_compare_service.go:333.2,333.12 1 1
levelup/go-api/internal/service/session_compare_service.go:333.12,335.3 1 0
levelup/go-api/internal/service/session_compare_service.go:336.2,336.32 1 1
levelup/go-api/internal/service/session_compare_service.go:339.59,340.23 1 1
levelup/go-api/internal/service/session_compare_service.go:340.23,342.3 1 0
levelup/go-api/internal/service/session_compare_service.go:343.2,344.28 2 1
levelup/go-api/internal/service/session_compare_service.go:344.28,346.3 1 1
levelup/go-api/internal/service/session_compare_service.go:347.2,347.47 1 1
levelup/go-api/internal/service/session_compare_service.go:350.60,351.23 1 1
levelup/go-api/internal/service/session_compare_service.go:351.23,353.3 1 0
levelup/go-api/internal/service/session_compare_service.go:354.2,355.28 2 1
levelup/go-api/internal/service/session_compare_service.go:355.28,357.3 1 1
levelup/go-api/internal/service/session_compare_service.go:358.2,358.47 1 1
levelup/go-api/internal/service/session_compare_service.go:361.99,370.2 5 1
levelup/go-api/internal/service/session_compare_service.go:372.106,381.2 5 1
levelup/go-api/internal/service/session_compare_service.go:383.44,385.29 2 1
levelup/go-api/internal/service/session_compare_service.go:385.29,388.3 2 1
levelup/go-api/internal/service/session_compare_service.go:389.2,389.11 1 1
levelup/go-api/internal/service/session_compare_service.go:389.11,392.3 2 1
levelup/go-api/internal/service/session_compare_service.go:393.2,394.11 2 1
levelup/go-api/internal/service/session_page_service.go:21.80,23.2 1 1
levelup/go-api/internal/service/session_page_service.go:29.39,30.39 1 1
levelup/go-api/internal/service/session_page_service.go:30.39,32.3 1 0
levelup/go-api/internal/service/session_page_service.go:34.2,35.16 2 1
levelup/go-api/internal/service/session_page_service.go:35.16,37.3 1 0
levelup/go-api/internal/service/session_page_service.go:39.2,41.22 3 1
levelup/go-api/internal/service/session_page_service.go:41.22,48.3 2 1
levelup/go-api/internal/service/session_page_service.go:50.2,53.25 4 1
levelup/go-api/internal/service/session_page_service.go:53.25,63.3 2 1
levelup/go-api/internal/service/session_page_service.go:65.2,78.20 5 1
levelup/go-api/internal/service/session_page_service.go:78.20,81.33 3 1
levelup/go-api/internal/service/session_page_service.go:81.33,83.4 1 1
levelup/go-api/internal/service/session_page_service.go:83.9,89.4 2 1
levelup/go-api/internal/service/session_page_service.go:92.2,102.18 2 1
levelup/go-api/internal/service/session_page_service.go:117.43,119.24 2 1
levelup/go-api/internal/service/session_page_service.go:119.24,121.3 1 0
levelup/go-api/internal/service/session_page_service.go:123.2,129.41 6 1
levelup/go-api/internal/service/session_page_service.go:129.41,132.27 3 1
levelup/go-api/internal/service/session_page_service.go:132.27,133.12 1 0
levelup/go-api/internal/service/session_page_service.go:135.3,137.24 3 1
levelup/go-api/internal/service/session_page_service.go:137.24,140.4 2 1
levelup/go-api/internal/service/session_page_service.go:143.2,143.25 1 1
levelup/go-api/internal/service/session_page_service.go:143.25,145.3 1 1
levelup/go-api/internal/service/session_page_service.go:147.2,148.76 2 1
levelup/go-api/internal/service/session_page_service.go:148.76,150.34 2 1
levelup/go-api/internal/service/session_page_service.go:150.34,152.4 1 1
levelup/go-api/internal/service/session_page_service.go:155.2,159.19 1 1
levelup/go-api/internal/service/session_page_service.go:165.34,167.27 2 1
levelup/go-api/internal/service/session_page_service.go:167.27,187.3 1 1
levelup/go-api/internal/service/session_page_service.go:188.2,188.12 1 1
levelup/go-api/internal/service/session_page_service.go:191.98,199.2 1 1
levelup/go-api/internal/service/session_page_service.go:201.69,203.44 2 1
levelup/go-api/internal/service/session_page_service.go:203.44,205.3 1 1
levelup/go-api/internal/service/session_page_service.go:206.2,206.44 1 1
levelup/go-api/internal/service/session_page_service.go:206.44,208.3 1 1
levelup/go-api/internal/service/session_page_service.go:209.2,210.9 2 1
levelup/go-api/internal/service/session_page_service.go:211.17,212.13 1 1
levelup/go-api/internal/service/session_page_service.go:213.17,214.13 1 1
levelup/go-api/internal/service/session_page_service.go:215.17,216.13 1 0
levelup/go-api/internal/service/session_page_service.go:217.17,218.13 1 0
levelup/go-api/internal/service/session_page_service.go:220.2,221.19 2 1
levelup/go-api/internal/service/session_page_service.go:221.19,223.3 1 1
levelup/go-api/internal/service/session_page_service.go:223.8,223.26 1 1
levelup/go-api/internal/service/session_page_service.go:223.26,225.3 1 1
levelup/go-api/internal/service/session_page_service.go:226.2,226.14 1 1
levelup/go-api/internal/service/session_page_service.go:229.72,231.44 2 1
levelup/go-api/internal/service/session_page_service.go:231.44,233.3 1 1
levelup/go-api/internal/service/session_page_service.go:234.2,234.44 1 1
levelup/go-api/internal/service/session_page_service.go:234.44,235.25 1 1
levelup/go-api/internal/service/session_page_service.go:235.25,237.4 1 1
levelup/go-api/internal/service/session_page_service.go:237.9,239.4 1 0
levelup/go-api/internal/service/session_page_service.go:241.2,242.15 2 1
levelup/go-api/internal/service/session_page_service.go:242.15,244.3 1 1
levelup/go-api/internal/service/session_page_service.go:244.8,246.3 1 1
levelup/go-api/internal/service/session_page_service.go:247.2,247.21 1 1
levelup/go-api/internal/service/session_page_service.go:247.21,249.3 1 0
levelup/go-api/internal/service/session_page_service.go:250.2,250.36 1 1
levelup/go-api/internal/service/session_page_service.go:256.10,257.70 1 1
levelup/go-api/internal/service/session_page_service.go:257.70,259.3 1 1
levelup/go-api/internal/service/session_page_service.go:260.2,260.23 1 1
levelup/go-api/internal/service/session_page_service.go:260.23,262.3 1 1
levelup/go-api/internal/service/session_page_service.go:263.2,263.32 1 1
levelup/go-api/internal/service/session_page_service.go:266.65,267.14 1 1
levelup/go-api/internal/service/session_page_service.go:267.14,269.3 1 1
levelup/go-api/internal/service/session_page_service.go:270.2,270.23 1 1
levelup/go-api/internal/service/session_page_service.go:273.40,274.18 1 1
levelup/go-api/internal/service/session_page_service.go:274.18,276.3 1 0
levelup/go-api/internal/service/session_page_service.go:277.2,277.15 1 1
levelup/go-api/internal/service/session_page_service.go:280.62,281.35 1 1
levelup/go-api/internal/service/session_page_service.go:281.35,282.22 1 1
levelup/go-api/internal/service/session_page_service.go:282.22,284.4 1 1
levelup/go-api/internal/service/session_page_service.go:286.2,286.11 1 0
levelup/go-api/internal/service/session_page_service.go:289.28,290.15 1 1
levelup/go-api/internal/service/session_page_service.go:290.15,292.3 1 0
levelup/go-api/internal/service/session_page_service.go:293.2,293.14 1 1
levelup/go-api/internal/service/sessions_service.go:22.72,24.2 1 1
levelup/go-api/internal/service/sessions_service.go:30.36,32.16 2 1
levelup/go-api/internal/service/sessions_service.go:32.16,34.3 1 1
levelup/go-api/internal/service/sessions_service.go:35.2,35.20 1 1
levelup/go-api/internal/service/sessions_service.go:35.20,40.3 1 1
levelup/go-api/internal/service/sessions_service.go:43.2,44.19 2 1
levelup/go-api/internal/service/sessions_service.go:45.29,46.64 1 1
levelup/go-api/internal/service/sessions_service.go:47.10,48.64 1 1
levelup/go-api/internal/service/sessions_service.go:52.2,64.8 5 1
levelup/go-api/internal/service/sessions_service.go:68.62,69.20 1 1
levelup/go-api/internal/service/sessions_service.go:69.20,71.3 1 0
levelup/go-api/internal/service/sessions_service.go:72.2,73.25 2 1
levelup/go-api/internal/service/sessions_service.go:73.25,74.13 1 1
levelup/go-api/internal/service/sessions_service.go:74.13,77.12 3 1
levelup/go-api/internal/service/sessions_service.go:79.3,79.32 1 1
levelup/go-api/internal/service/sessions_service.go:79.32,81.4 1 0
levelup/go-api/internal/service/sessions_service.go:82.3,82.30 1 1
levelup/go-api/internal/service/sessions_service.go:82.30,84.4 1 1
levelup/go-api/internal/service/sessions_service.go:86.2,86.39 1 1
levelup/go-api/internal/service/social_service.go:17.66,19.2 1 0
levelup/go-api/internal/service/social_service.go:22.105,24.2 1 0
levelup/go-api/internal/service/squad_service.go:18.63,20.2 1 0
levelup/go-api/internal/service/squad_service.go:26.38,28.16 2 0
levelup/go-api/internal/service/squad_service.go:28.16,30.3 1 0
levelup/go-api/internal/service/squad_service.go:31.2,33.24 2 0
levelup/go-api/internal/service/squad_service.go:33.24,35.3 1 0
levelup/go-api/internal/service/squad_service.go:37.2,38.16 2 0
levelup/go-api/internal/service/squad_service.go:38.16,40.3 1 0
levelup/go-api/internal/service/squad_service.go:41.2,42.16 2 0
levelup/go-api/internal/service/squad_service.go:42.16,44.3 1 0
levelup/go-api/internal/service/squad_service.go:46.2,60.30 11 0
levelup/go-api/internal/service/squad_service.go:60.30,61.22 1 0
levelup/go-api/internal/service/squad_service.go:61.22,63.4 1 0
levelup/go-api/internal/service/squad_service.go:63.9,65.4 1 0
levelup/go-api/internal/service/squad_service.go:68.2,86.8 3 0
levelup/go-api/internal/service/squad_service.go:94.42,97.16 2 0
levelup/go-api/internal/service/squad_service.go:97.16,99.3 1 0
levelup/go-api/internal/service/squad_service.go:101.2,115.8 6 0
levelup/go-api/internal/service/squad_service.go:122.75,124.25 2 0
levelup/go-api/internal/service/squad_service.go:124.25,134.3 1 0
levelup/go-api/internal/service/squad_service.go:135.2,135.15 1 0
levelup/go-api/internal/service/squad_service.go:138.76,139.25 1 0
levelup/go-api/internal/service/squad_service.go:139.25,140.21 1 0
levelup/go-api/internal/service/squad_service.go:140.21,142.4 1 0
levelup/go-api/internal/service/squad_service.go:144.2,144.13 1 0
levelup/go-api/internal/service/squad_service.go:147.60,149.25 2 0
levelup/go-api/internal/service/squad_service.go:149.25,151.3 1 0
levelup/go-api/internal/service/squad_service.go:152.2,152.12 1 0
levelup/go-api/internal/service/squad_service.go:155.85,158.24 3 0
levelup/go-api/internal/service/squad_service.go:158.24,160.3 1 0
levelup/go-api/internal/service/squad_service.go:161.2,161.24 1 0
levelup/go-api/internal/service/squad_service.go:161.24,163.3 1 0
levelup/go-api/internal/service/squad_service.go:164.2,164.22 1 0
levelup/go-api/internal/service/squad_service.go:164.22,166.3 1 0
levelup/go-api/internal/service/squad_service.go:167.2,167.15 1 0
levelup/go-api/internal/service/squad_service.go:173.76,177.27 4 0
levelup/go-api/internal/service/squad_service.go:177.27,179.39 2 0
levelup/go-api/internal/service/squad_service.go:179.39,181.22 2 0
levelup/go-api/internal/service/squad_service.go:181.22,183.5 1 0
levelup/go-api/internal/service/squad_service.go:185.3,185.19 1 0
levelup/go-api/internal/service/squad_service.go:185.19,188.4 2 0
levelup/go-api/internal/service/squad_service.go:189.3,189.42 1 0
levelup/go-api/internal/service/squad_service.go:191.2,191.15 1 0
levelup/go-api/internal/service/squad_service.go:191.15,193.3 1 0
levelup/go-api/internal/service/squad_service.go:194.2,194.14 1 0
levelup/go-api/internal/service/squad_service.go:194.14,196.3 1 0
levelup/go-api/internal/service/squad_service.go:197.2,199.27 3 0
levelup/go-api/internal/service/squad_service.go:199.27,200.21 1 0
levelup/go-api/internal/service/squad_service.go:200.21,203.4 2 0
levelup/go-api/internal/service/squad_service.go:205.2,205.16 1 0
levelup/go-api/internal/service/squad_service.go:205.16,207.3 1 0
levelup/go-api/internal/service/squad_service.go:208.2,208.8 1 0
levelup/go-api/internal/service/stats_filters.go:6.108,8.25 2 1
levelup/go-api/internal/service/stats_filters.go:8.25,18.3 1 1
levelup/go-api/internal/service/stats_filters.go:20.2,22.31 3 1
levelup/go-api/internal/service/stats_filters.go:22.31,24.3 1 1
levelup/go-api/internal/service/stats_filters.go:26.2,27.27 2 1
levelup/go-api/internal/service/stats_filters.go:27.27,28.40 1 1
levelup/go-api/internal/service/stats_filters.go:28.40,30.4 1 1
levelup/go-api/internal/service/stats_filters.go:32.2,32.12 1 1
levelup/go-api/internal/service/stats_service.go:30.63,32.2 1 0
levelup/go-api/internal/service/stats_service.go:35.82,38.2 2 0
levelup/go-api/internal/service/stats_service.go:44.37,46.16 2 0
levelup/go-api/internal/service/stats_service.go:46.16,48.3 1 0
levelup/go-api/internal/service/stats_service.go:50.2,56.23 3 0
levelup/go-api/internal/service/stats_service.go:56.23,58.3 1 0
levelup/go-api/internal/service/stats_service.go:60.2,60.17 1 0
levelup/go-api/internal/service/stats_service.go:61.22,63.22 2 0
levelup/go-api/internal/service/stats_service.go:64.18,66.23 2 0
levelup/go-api/internal/service/stats_service.go:67.19,69.24 2 0
levelup/go-api/internal/service/stats_service.go:70.14,72.19 2 0
levelup/go-api/internal/service/stats_service.go:73.14,75.17 2 0
levelup/go-api/internal/service/stats_service.go:75.17,77.4 1 0
levelup/go-api/internal/service/stats_service.go:78.3,78.19 1 0
levelup/go-api/internal/service/stats_service.go:79.13,85.17 6 0
levelup/go-api/internal/service/stats_service.go:85.17,87.4 1 0
levelup/go-api/internal/service/stats_service.go:88.3,92.18 5 0
levelup/go-api/internal/service/stats_service.go:96.2,98.18 2 0
levelup/go-api/internal/service/stats_service.go:103.80,115.28 10 0
levelup/go-api/internal/service/stats_service.go:115.28,117.23 2 0
levelup/go-api/internal/service/stats_service.go:117.23,119.4 1 0
levelup/go-api/internal/service/stats_service.go:120.3,125.37 2 0
levelup/go-api/internal/service/stats_service.go:125.37,127.4 1 0
levelup/go-api/internal/service/stats_service.go:130.3,138.29 3 0
levelup/go-api/internal/service/stats_service.go:138.29,140.4 1 0
levelup/go-api/internal/service/stats_service.go:141.3,149.42 3 0
levelup/go-api/internal/service/stats_service.go:149.42,151.4 1 0
levelup/go-api/internal/service/stats_service.go:152.3,153.36 2 0
levelup/go-api/internal/service/stats_service.go:153.36,154.32 1 0
levelup/go-api/internal/service/stats_service.go:154.32,156.5 1 0
levelup/go-api/internal/service/stats_service.go:158.3,158.89 1 0
levelup/go-api/internal/service/stats_service.go:161.2,162.22 2 0
levelup/go-api/internal/service/stats_service.go:162.22,164.3 1 0
levelup/go-api/internal/service/stats_service.go:166.2,173.3 1 0
levelup/go-api/internal/service/stats_service.go:178.82,184.28 5 0
levelup/go-api/internal/service/stats_service.go:184.28,185.24 1 0
levelup/go-api/internal/service/stats_service.go:185.24,192.4 3 0
levelup/go-api/internal/service/stats_service.go:193.3,193.87 1 0
levelup/go-api/internal/service/stats_service.go:193.87,196.4 2 0
levelup/go-api/internal/service/stats_service.go:199.2,200.15 2 0
levelup/go-api/internal/service/stats_service.go:200.15,202.3 1 0
levelup/go-api/internal/service/stats_service.go:204.2,209.3 1 0
levelup/go-api/internal/service/stats_service.go:214.84,220.28 5 0
levelup/go-api/internal/service/stats_service.go:220.28,227.29 3 0
levelup/go-api/internal/service/stats_service.go:227.29,230.4 2 0
levelup/go-api/internal/service/stats_service.go:233.2,234.22 2 0
levelup/go-api/internal/service/stats_service.go:234.22,236.3 1 0
levelup/go-api/internal/service/stats_service.go:238.2,243.3 1 0
levelup/go-api/internal/service/stats_service.go:248.74,254.28 5 0
levelup/go-api/internal/service/stats_service.go:254.28,256.45 2 0
levelup/go-api/internal/service/stats_service.go:256.45,258.4 1 0
levelup/go-api/internal/service/stats_service.go:259.3,259.19 1 0
levelup/go-api/internal/service/stats_service.go:259.19,262.4 2 0
levelup/go-api/internal/service/stats_service.go:263.3,267.4 1 0
levelup/go-api/internal/service/stats_service.go:270.2,271.15 2 0
levelup/go-api/internal/service/stats_service.go:271.15,274.3 2 0
levelup/go-api/internal/service/stats_service.go:276.2,280.3 1 0
levelup/go-api/internal/service/stats_service.go:288.35,291.16 2 0
levelup/go-api/internal/service/stats_service.go:291.16,293.3 1 0
levelup/go-api/internal/service/stats_service.go:295.2,297.28 3 0
levelup/go-api/internal/service/stats_service.go:297.28,304.3 1 0
levelup/go-api/internal/service/stats_service.go:306.2,307.21 2 0
levelup/go-api/internal/service/stats_service.go:307.21,310.3 2 0
levelup/go-api/internal/service/stats_service.go:312.2,316.8 1 0
levelup/go-api/internal/service/stats_service.go:322.85,323.23 1 0
levelup/go-api/internal/service/stats_service.go:323.23,325.3 1 0
levelup/go-api/internal/service/stats_service.go:326.2,328.28 3 0
levelup/go-api/internal/service/stats_service.go:328.28,329.32 1 0
levelup/go-api/internal/service/stats_service.go:329.32,331.4 1 0
levelup/go-api/internal/service/stats_service.go:332.3,332.30 1 0
levelup/go-api/internal/service/stats_service.go:332.30,334.4 1 0
levelup/go-api/internal/service/stats_service.go:336.2,337.37 2 0
levelup/go-api/internal/service/stats_service.go:343.94,344.23 1 0
levelup/go-api/internal/service/stats_service.go:344.23,346.3 1 0
levelup/go-api/internal/service/stats_service.go:347.2,348.33 2 0
levelup/go-api/internal/service/stats_service.go:348.33,350.3 1 0
levelup/go-api/internal/service/stats_service.go:351.2,351.52 1 0
levelup/go-api/internal/service/synthesis_service.go:25.75,27.2 1 0
levelup/go-api/internal/service/synthesis_service.go:35.44,37.18 2 0
levelup/go-api/internal/service/synthesis_service.go:37.18,39.3 1 0
levelup/go-api/internal/service/synthesis_service.go:41.2,42.16 2 0
levelup/go-api/internal/service/synthesis_service.go:42.16,44.3 1 0
levelup/go-api/internal/service/synthesis_service.go:47.2,88.8 14 0
levelup/go-api/internal/service/synthesis_service.go:101.52,108.16 5 0
levelup/go-api/internal/service/synthesis_service.go:109.12,112.64 3 0
levelup/go-api/internal/service/synthesis_service.go:113.12,116.64 3 0
levelup/go-api/internal/service/synthesis_service.go:117.12,120.64 3 0
levelup/go-api/internal/service/synthesis_service.go:121.12,124.64 3 0
levelup/go-api/internal/service/synthesis_service.go:125.10,125.10 0 0
levelup/go-api/internal/service/synthesis_service.go:129.2,129.19 1 0
levelup/go-api/internal/service/synthesis_service.go:129.19,131.3 1 0
levelup/go-api/internal/service/synthesis_service.go:133.2,134.25 2 0
levelup/go-api/internal/service/synthesis_service.go:134.25,135.35 1 0
levelup/go-api/internal/service/synthesis_service.go:135.35,137.4 1 0
levelup/go-api/internal/service/synthesis_service.go:139.2,139.35 1 0
levelup/go-api/internal/service/synthesis_service.go:143.118,149.25 5 0
levelup/go-api/internal/service/synthesis_service.go:149.25,152.21 3 0
levelup/go-api/internal/service/synthesis_service.go:152.21,155.29 3 0
levelup/go-api/internal/service/synthesis_service.go:155.29,157.5 1 0
levelup/go-api/internal/service/synthesis_service.go:158.9,161.4 2 0
levelup/go-api/internal/service/synthesis_service.go:162.3,162.26 1 0
levelup/go-api/internal/service/synthesis_service.go:162.26,164.4 1 0
levelup/go-api/internal/service/synthesis_service.go:165.3,165.39 1 0
levelup/go-api/internal/service/synthesis_service.go:165.39,167.4 1 0
levelup/go-api/internal/service/synthesis_service.go:170.2,180.29 3 0
levelup/go-api/internal/service/synthesis_service.go:180.29,182.3 1 0
levelup/go-api/internal/service/synthesis_service.go:183.2,183.11 1 0
levelup/go-api/internal/service/synthesis_service.go:183.11,188.3 4 0
levelup/go-api/internal/service/synthesis_service.go:189.2,189.38 1 0
levelup/go-api/internal/service/synthesis_service.go:189.38,191.3 1 0
levelup/go-api/internal/service/synthesis_service.go:192.2,192.19 1 0
levelup/go-api/internal/service/synthesis_service.go:192.19,194.3 1 0
levelup/go-api/internal/service/synthesis_service.go:195.2,195.17 1 0
levelup/go-api/internal/service/synthesis_service.go:195.17,197.3 1 0
levelup/go-api/internal/service/synthesis_service.go:198.2,198.11 1 0
levelup/go-api/internal/service/synthesis_service.go:201.66,210.9 3 0
levelup/go-api/internal/service/synthesis_service.go:210.9,212.3 1 0
levelup/go-api/internal/service/synthesis_service.go:213.2,213.59 1 0
levelup/go-api/internal/service/synthesis_service.go:224.96,225.20 1 0
levelup/go-api/internal/service/synthesis_service.go:225.20,227.3 1 0
levelup/go-api/internal/service/synthesis_service.go:228.2,228.81 1 0
levelup/go-api/internal/service/synthesis_service.go:228.81,237.3 1 0
levelup/go-api/internal/service/synthesis_service.go:239.2,239.89 1 0
levelup/go-api/internal/service/synthesis_service.go:239.89,241.3 1 0
levelup/go-api/internal/service/synthesis_service.go:242.2,242.87 1 0
levelup/go-api/internal/service/synthesis_service.go:242.87,244.19 2 0
levelup/go-api/internal/service/synthesis_service.go:244.19,246.4 1 0
levelup/go-api/internal/service/synthesis_service.go:247.3,248.19 2 0
levelup/go-api/internal/service/synthesis_service.go:248.19,250.4 1 0
levelup/go-api/internal/service/synthesis_service.go:251.3,251.17 1 0
levelup/go-api/internal/service/synthesis_service.go:253.2,253.92 1 0
levelup/go-api/internal/service/synthesis_service.go:253.92,255.3 1 0
levelup/go-api/internal/service/synthesis_service.go:257.2,257.83 1 0
levelup/go-api/internal/service/synthesis_service.go:257.83,259.25 2 0
levelup/go-api/internal/service/synthesis_service.go:259.25,261.4 1 0
levelup/go-api/internal/service/synthesis_service.go:262.3,262.13 1 0
levelup/go-api/internal/service/synthesis_service.go:264.2,268.3 1 0
levelup/go-api/internal/service/synthesis_service.go:272.131,276.40 3 0
levelup/go-api/internal/service/synthesis_service.go:276.40,278.36 2 0
levelup/go-api/internal/service/synthesis_service.go:278.36,279.31 1 0
levelup/go-api/internal/service/synthesis_service.go:279.31,281.5 1 0
levelup/go-api/internal/service/synthesis_service.go:283.3,283.40 1 0
levelup/go-api/internal/service/synthesis_service.go:285.2,285.17 1 0
levelup/go-api/internal/service/synthesis_service.go:285.17,287.3 1 0
levelup/go-api/internal/service/synthesis_service.go:288.2,288.15 1 0
levelup/go-api/internal/service/synthesis_service.go:292.92,293.20 1 0
levelup/go-api/internal/service/synthesis_service.go:293.20,295.3 1 0
levelup/go-api/internal/service/synthesis_service.go:296.2,296.79 1 0
levelup/go-api/internal/service/synthesis_service.go:296.79,305.3 1 0
levelup/go-api/internal/service/synthesis_service.go:307.2,308.25 2 0
levelup/go-api/internal/service/synthesis_service.go:308.25,309.31 1 0
levelup/go-api/internal/service/synthesis_service.go:309.31,311.4 1 0
levelup/go-api/internal/service/synthesis_service.go:311.9,313.4 1 0
levelup/go-api/internal/service/synthesis_service.go:314.3,314.47 1 0
levelup/go-api/internal/service/synthesis_service.go:314.47,315.9 1 0
levelup/go-api/internal/service/synthesis_service.go:318.2,318.24 1 0
levelup/go-api/internal/service/synthesis_service.go:318.24,320.3 1 0
levelup/go-api/internal/service/synthesis_service.go:321.2,321.22 1 0
levelup/go-api/internal/service/synthesis_service.go:321.22,323.3 1 0
levelup/go-api/internal/service/synthesis_service.go:324.2,328.3 1 0
levelup/go-api/internal/service/synthesis_service.go:332.84,333.20 1 0
levelup/go-api/internal/service/synthesis_service.go:333.20,335.3 1 0
levelup/go-api/internal/service/synthesis_service.go:337.2,339.25 3 0
levelup/go-api/internal/service/synthesis_service.go:339.25,349.3 8 0
levelup/go-api/internal/service/synthesis_service.go:351.2,352.30 2 0
levelup/go-api/internal/service/synthesis_service.go:352.30,354.15 2 0
levelup/go-api/internal/service/synthesis_service.go:354.15,356.4 1 0
levelup/go-api/internal/service/synthesis_service.go:357.3,362.5 1 0
levelup/go-api/internal/service/synthesis_service.go:364.2,365.31 2 0
levelup/go-api/internal/service/synthesis_service.go:365.31,367.15 2 0
levelup/go-api/internal/service/synthesis_service.go:367.15,369.4 1 0
levelup/go-api/internal/service/synthesis_service.go:370.3,375.5 1 0
levelup/go-api/internal/service/synthesis_service.go:378.2,380.26 3 0
levelup/go-api/internal/service/synthesis_service.go:380.26,382.3 1 0
levelup/go-api/internal/service/synthesis_service.go:383.2,383.27 1 0
levelup/go-api/internal/service/synthesis_service.go:383.27,385.3 1 0
levelup/go-api/internal/service/synthesis_service.go:386.2,386.79 1 0
levelup/go-api/internal/service/synthesis_service.go:389.51,390.32 1 0
levelup/go-api/internal/service/synthesis_service.go:390.32,391.35 1 0
levelup/go-api/internal/service/synthesis_service.go:391.35,392.41 1 0
levelup/go-api/internal/service/synthesis_service.go:392.41,394.5 1 0
levelup/go-api/internal/service/synthesis_service.go:399.53,400.32 1 0
levelup/go-api/internal/service/synthesis_service.go:400.32,401.35 1 0
levelup/go-api/internal/service/synthesis_service.go:401.35,402.41 1 0
levelup/go-api/internal/service/synthesis_service.go:402.41,404.5 1 0
levelup/go-api/internal/service/teammates_service.go:25.71,27.2 1 0
levelup/go-api/internal/service/teammates_service.go:34.41,36.16 2 0
levelup/go-api/internal/service/teammates_service.go:36.16,38.3 1 0
levelup/go-api/internal/service/teammates_service.go:41.2,45.16 3 0
levelup/go-api/internal/service/teammates_service.go:45.16,47.3 1 0
levelup/go-api/internal/service/teammates_service.go:50.2,63.43 8 0
levelup/go-api/internal/service/teammates_service.go:63.43,65.17 2 0
levelup/go-api/internal/service/teammates_service.go:65.17,67.12 2 0
levelup/go-api/internal/service/teammates_service.go:69.3,69.17 1 0
levelup/go-api/internal/service/teammates_service.go:69.17,73.4 3 0
levelup/go-api/internal/service/teammates_service.go:77.2,79.27 3 0
levelup/go-api/internal/service/teammates_service.go:79.27,82.3 2 0
levelup/go-api/internal/service/teammates_service.go:84.2,93.8 1 0
levelup/go-api/internal/service/teammates_service.go:97.97,100.28 3 0
levelup/go-api/internal/service/teammates_service.go:100.28,101.53 1 0
levelup/go-api/internal/service/teammates_service.go:101.53,102.12 1 0
levelup/go-api/internal/service/teammates_service.go:104.3,104.22 1 0
levelup/go-api/internal/service/teammates_service.go:104.22,106.4 1 0
levelup/go-api/internal/service/teammates_service.go:106.9,108.4 1 0
levelup/go-api/internal/service/teammates_service.go:110.2,111.25 2 0
levelup/go-api/internal/service/teammates_service.go:111.25,113.3 1 0
levelup/go-api/internal/service/teammates_service.go:114.2,115.26 2 0
levelup/go-api/internal/service/teammates_service.go:115.26,117.3 1 0
levelup/go-api/internal/service/teammates_service.go:118.2,118.59 1 0
levelup/go-api/internal/service/teammates_service.go:129.30,130.45 1 0
levelup/go-api/internal/service/teammates_service.go:130.45,132.3 1 0
levelup/go-api/internal/service/teammates_service.go:133.2,134.28 2 0
levelup/go-api/internal/service/teammates_service.go:134.28,136.28 2 0
levelup/go-api/internal/service/teammates_service.go:136.28,138.4 1 0
levelup/go-api/internal/service/teammates_service.go:139.3,139.68 1 0
levelup/go-api/internal/service/teammates_service.go:139.68,141.12 2 0
levelup/go-api/internal/service/teammates_service.go:143.3,143.69 1 0
levelup/go-api/internal/service/teammates_service.go:143.69,145.4 1 0
levelup/go-api/internal/service/teammates_service.go:147.2,147.17 1 0
levelup/go-api/internal/service/teammates_service.go:151.81,153.25 2 0
levelup/go-api/internal/service/teammates_service.go:153.25,160.3 2 0
levelup/go-api/internal/service/teammates_service.go:161.2,161.13 1 0
levelup/go-api/internal/service/teammates_service.go:170.56,174.28 3 0
levelup/go-api/internal/service/teammates_service.go:174.28,175.29 1 0
levelup/go-api/internal/service/teammates_service.go:175.29,178.9 3 0
levelup/go-api/internal/service/teammates_service.go:181.2,181.24 1 0
levelup/go-api/internal/service/teammates_service.go:181.24,183.3 1 0
levelup/go-api/internal/service/teammates_service.go:186.2,187.16 2 0
levelup/go-api/internal/service/teammates_service.go:187.16,189.3 1 0
levelup/go-api/internal/service/teammates_service.go:191.2,195.33 3 0
levelup/go-api/internal/service/teammates_service.go:195.33,197.3 1 0
levelup/go-api/internal/service/teammates_service.go:198.2,202.27 4 0
levelup/go-api/internal/service/teammates_service.go:202.27,204.34 2 0
levelup/go-api/internal/service/teammates_service.go:204.34,205.28 1 0
levelup/go-api/internal/service/teammates_service.go:205.28,207.5 1 0
levelup/go-api/internal/service/teammates_service.go:209.3,209.16 1 0
levelup/go-api/internal/service/teammates_service.go:212.2,219.22 1 0
levelup/go-api/internal/service/teammates_service.go:223.86,225.12 2 0
levelup/go-api/internal/service/teammates_service.go:225.12,227.3 1 0
levelup/go-api/internal/service/teammates_service.go:228.2,232.28 5 0
levelup/go-api/internal/service/teammates_service.go:232.28,233.39 1 0
levelup/go-api/internal/service/teammates_service.go:233.39,235.4 1 0
levelup/go-api/internal/service/teammates_service.go:236.3,241.24 6 0
levelup/go-api/internal/service/teammates_service.go:241.24,244.4 2 0
levelup/go-api/internal/service/teammates_service.go:246.2,252.18 7 0
levelup/go-api/internal/service/teammates_service.go:252.18,255.3 2 0
levelup/go-api/internal/service/teammates_service.go:256.2,266.3 1 0
levelup/go-api/internal/service/teammates_service.go:273.23,275.28 2 0
levelup/go-api/internal/service/teammates_service.go:275.28,276.26 1 0
levelup/go-api/internal/service/teammates_service.go:276.26,278.4 1 0
levelup/go-api/internal/service/teammates_service.go:280.2,281.12 2 0
levelup/go-api/internal/service/teammates_service.go:281.12,283.3 1 0
levelup/go-api/internal/service/teammates_service.go:284.2,286.29 3 0
levelup/go-api/internal/service/teammates_service.go:286.29,287.39 1 0
levelup/go-api/internal/service/teammates_service.go:287.39,289.4 1 0
levelup/go-api/internal/service/teammates_service.go:290.3,291.26 2 0
levelup/go-api/internal/service/teammates_service.go:293.2,301.3 3 0
levelup/go-api/internal/service/teammates_service.go:305.84,307.28 2 0
levelup/go-api/internal/service/teammates_service.go:307.28,308.23 1 0
levelup/go-api/internal/service/teammates_service.go:308.23,310.4 1 0
levelup/go-api/internal/service/teammates_service.go:312.2,312.20 1 0
levelup/go-api/internal/service/teammates_service.go:312.20,314.3 1 0
levelup/go-api/internal/service/teammates_service.go:315.2,316.14 2 0
levelup/go-api/internal/service/teammates_service.go:319.36,320.12 1 0
levelup/go-api/internal/service/teammates_service.go:320.12,322.3 1 0
levelup/go-api/internal/service/teammates_service.go:323.2,323.22 1 0
levelup/go-api/internal/service/teammates_service.go:326.32,328.2 1 0
levelup/go-api/internal/service/teammates_service.go:331.83,334.28 3 0
levelup/go-api/internal/service/teammates_service.go:334.28,336.16 2 0
levelup/go-api/internal/service/teammates_service.go:336.16,338.4 1 0
levelup/go-api/internal/service/teammates_service.go:339.3,339.27 1 0
levelup/go-api/internal/service/teammates_service.go:339.27,341.4 1 0
levelup/go-api/internal/service/teammates_service.go:342.3,343.39 2 0
levelup/go-api/internal/service/teammates_service.go:343.39,345.4 1 0
levelup/go-api/internal/service/teammates_service.go:347.2,348.26 2 0
levelup/go-api/internal/service/teammates_service.go:348.26,354.3 1 0
levelup/go-api/internal/service/teammates_service.go:355.2,355.15 1 0
levelup/go-api/internal/service/teammates_service.go:359.86,361.28 2 0
levelup/go-api/internal/service/teammates_service.go:361.28,370.3 1 0
levelup/go-api/internal/service/teammates_service.go:371.2,371.15 1 0
levelup/go-api/internal/service/timeseries_service.go:30.73,32.2 1 0
levelup/go-api/internal/service/timeseries_service.go:38.42,40.16 2 0
levelup/go-api/internal/service/timeseries_service.go:40.16,43.3 2 0
levelup/go-api/internal/service/timeseries_service.go:45.2,61.18 4 0
levelup/go-api/internal/service/timeseries_service.go:68.92,71.12 3 0
levelup/go-api/internal/service/timeseries_service.go:71.12,73.3 1 0
levelup/go-api/internal/service/timeseries_service.go:75.2,77.28 3 0
levelup/go-api/internal/service/timeseries_service.go:77.28,78.60 1 0
levelup/go-api/internal/service/timeseries_service.go:78.60,80.4 1 0
levelup/go-api/internal/service/timeseries_service.go:81.3,83.24 3 0
levelup/go-api/internal/service/timeseries_service.go:83.24,86.4 2 0
levelup/go-api/internal/service/timeseries_service.go:89.2,91.21 3 0
levelup/go-api/internal/service/timeseries_service.go:91.21,93.3 1 0
levelup/go-api/internal/service/timeseries_service.go:95.2,102.14 2 0
levelup/go-api/internal/service/timeseries_service.go:102.14,107.3 2 0
levelup/go-api/internal/service/timeseries_service.go:109.2,109.53 1 0
levelup/go-api/internal/service/timeseries_service.go:116.78,118.12 2 0
levelup/go-api/internal/service/timeseries_service.go:118.12,120.3 1 0
levelup/go-api/internal/service/timeseries_service.go:122.2,129.28 6 0
levelup/go-api/internal/service/timeseries_service.go:129.28,134.22 4 0
levelup/go-api/internal/service/timeseries_service.go:134.22,136.4 1 0
levelup/go-api/internal/service/timeseries_service.go:137.3,149.16 6 0
levelup/go-api/internal/service/timeseries_service.go:149.16,151.4 1 0
levelup/go-api/internal/service/timeseries_service.go:152.3,153.31 2 0
levelup/go-api/internal/service/timeseries_service.go:153.31,156.4 2 0
levelup/go-api/internal/service/timeseries_service.go:157.3,158.13 2 0
levelup/go-api/internal/service/timeseries_service.go:158.13,160.4 1 0
levelup/go-api/internal/service/timeseries_service.go:161.3,163.5 1 0
levelup/go-api/internal/service/timeseries_service.go:166.2,170.3 1 0
levelup/go-api/internal/service/timeseries_service.go:177.86,185.28 5 0
levelup/go-api/internal/service/timeseries_service.go:185.28,187.19 2 0
levelup/go-api/internal/service/timeseries_service.go:187.19,189.4 1 0
levelup/go-api/internal/service/timeseries_service.go:190.3,190.13 1 0
levelup/go-api/internal/service/timeseries_service.go:190.13,192.4 1 0
levelup/go-api/internal/service/timeseries_service.go:192.9,194.4 1 0
levelup/go-api/internal/service/timeseries_service.go:195.3,198.5 1 0
levelup/go-api/internal/service/timeseries_service.go:201.2,204.3 1 0
levelup/go-api/internal/service/timeseries_service.go:208.94,212.21 3 0
levelup/go-api/internal/service/timeseries_service.go:212.21,214.3 1 0
levelup/go-api/internal/service/timeseries_service.go:217.2,219.28 3 0
levelup/go-api/internal/service/timeseries_service.go:219.28,221.19 2 0
levelup/go-api/internal/service/timeseries_service.go:221.19,223.4 1 0
levelup/go-api/internal/service/timeseries_service.go:224.3,229.10 6 0
levelup/go-api/internal/service/timeseries_service.go:232.2,232.25 1 0
levelup/go-api/internal/service/timeseries_service.go:232.25,234.3 1 0
levelup/go-api/internal/service/timeseries_service.go:236.2,238.16 3 0
levelup/go-api/internal/service/timeseries_service.go:238.16,240.3 1 0
levelup/go-api/internal/service/timeseries_service.go:242.2,248.28 5 0
levelup/go-api/internal/service/timeseries_service.go:248.28,250.19 2 0
levelup/go-api/internal/service/timeseries_service.go:250.19,252.4 1 0
levelup/go-api/internal/service/timeseries_service.go:253.3,255.39 3 0
levelup/go-api/internal/service/timeseries_service.go:258.2,259.15 2 0
levelup/go-api/internal/service/timeseries_service.go:259.15,262.3 2 0
levelup/go-api/internal/service/timeseries_service.go:264.2,268.29 3 0
levelup/go-api/internal/service/timeseries_service.go:268.29,271.3 2 0
levelup/go-api/internal/service/timeseries_service.go:271.8,271.22 1 0
levelup/go-api/internal/service/timeseries_service.go:271.22,274.3 2 0
levelup/go-api/internal/service/timeseries_service.go:274.8,277.3 2 0
levelup/go-api/internal/service/timeseries_service.go:279.2,284.3 1 0
levelup/go-api/internal/service/timeseries_service.go:292.86,293.23 1 0
levelup/go-api/internal/service/timeseries_service.go:293.23,298.3 1 0
levelup/go-api/internal/service/timeseries_service.go:301.2,308.28 4 0
levelup/go-api/internal/service/timeseries_service.go:308.28,315.10 6 0
levelup/go-api/internal/service/timeseries_service.go:315.10,318.4 2 0
levelup/go-api/internal/service/timeseries_service.go:319.3,325.87 5 0
levelup/go-api/internal/service/timeseries_service.go:325.87,327.4 1 0
levelup/go-api/internal/service/timeseries_service.go:328.3,331.5 1 0
levelup/go-api/internal/service/timeseries_service.go:334.2,335.30 2 0
levelup/go-api/internal/service/timeseries_service.go:335.30,337.19 2 0
levelup/go-api/internal/service/timeseries_service.go:337.19,339.4 1 0
levelup/go-api/internal/service/timeseries_service.go:340.3,345.5 1 0
levelup/go-api/internal/service/timeseries_service.go:348.2,351.3 1 0
levelup/go-api/internal/service/timeseries_service.go:359.94,360.23 1 0
levelup/go-api/internal/service/timeseries_service.go:360.23,370.3 1 0
levelup/go-api/internal/service/timeseries_service.go:372.2,380.3 1 0
levelup/go-api/internal/service/timeseries_service.go:384.82,392.28 4 0
levelup/go-api/internal/service/timeseries_service.go:392.28,394.19 2 0
levelup/go-api/internal/service/timeseries_service.go:394.19,396.4 1 0
levelup/go-api/internal/service/timeseries_service.go:397.3,398.21 2 0
levelup/go-api/internal/service/timeseries_service.go:398.21,400.4 1 0
levelup/go-api/internal/service/timeseries_service.go:401.3,401.16 1 0
levelup/go-api/internal/service/timeseries_service.go:404.2,405.27 2 0
levelup/go-api/internal/service/timeseries_service.go:405.27,406.13 1 0
levelup/go-api/internal/service/timeseries_service.go:406.13,407.12 1 0
levelup/go-api/internal/service/timeseries_service.go:409.3,411.19 3 0
levelup/go-api/internal/service/timeseries_service.go:411.19,413.4 1 0
levelup/go-api/internal/service/timeseries_service.go:414.3,418.5 1 0
levelup/go-api/internal/service/timeseries_service.go:420.2,420.16 1 0
levelup/go-api/internal/service/timeseries_service.go:424.84,427.28 3 0
levelup/go-api/internal/service/timeseries_service.go:427.28,428.25 1 0
levelup/go-api/internal/service/timeseries_service.go:428.25,430.4 1 0
levelup/go-api/internal/service/timeseries_service.go:432.2,435.28 3 0
levelup/go-api/internal/service/timeseries_service.go:435.28,437.20 2 0
levelup/go-api/internal/service/timeseries_service.go:437.20,439.4 1 0
levelup/go-api/internal/service/timeseries_service.go:440.3,440.16 1 0
levelup/go-api/internal/service/timeseries_service.go:443.2,444.27 2 0
levelup/go-api/internal/service/timeseries_service.go:444.27,445.13 1 0
levelup/go-api/internal/service/timeseries_service.go:445.13,446.12 1 0
levelup/go-api/internal/service/timeseries_service.go:448.3,454.5 3 0
levelup/go-api/internal/service/timeseries_service.go:456.2,456.16 1 0
levelup/go-api/internal/service/timeseries_service.go:460.90,462.28 2 0
levelup/go-api/internal/service/timeseries_service.go:462.28,464.19 2 0
levelup/go-api/internal/service/timeseries_service.go:464.19,466.4 1 0
levelup/go-api/internal/service/timeseries_service.go:468.3,469.61 2 0
levelup/go-api/internal/service/timeseries_service.go:469.61,471.4 1 0
levelup/go-api/internal/service/timeseries_service.go:474.3,482.40 3 0
levelup/go-api/internal/service/timeseries_service.go:482.40,486.4 1 0
levelup/go-api/internal/service/timeseries_service.go:488.3,496.44 3 0
levelup/go-api/internal/service/timeseries_service.go:496.44,500.4 1 0
levelup/go-api/internal/service/timeseries_service.go:502.2,502.15 1 0
levelup/go-api/internal/service/timeseries_service.go:510.81,512.28 2 0
levelup/go-api/internal/service/timeseries_service.go:512.28,530.3 1 0
levelup/go-api/internal/service/timeseries_service.go:531.2,531.13 1 0
levelup/go-api/internal/service/timeseries_service.go:539.87,543.28 3 0
levelup/go-api/internal/service/timeseries_service.go:543.28,544.24 1 0
levelup/go-api/internal/service/timeseries_service.go:544.24,545.12 1 0
levelup/go-api/internal/service/timeseries_service.go:547.3,549.25 3 0
levelup/go-api/internal/service/timeseries_service.go:549.25,551.4 1 0
levelup/go-api/internal/service/timeseries_service.go:552.3,552.16 1 0
levelup/go-api/internal/service/timeseries_service.go:555.2,556.27 2 0
levelup/go-api/internal/service/timeseries_service.go:556.27,557.13 1 0
levelup/go-api/internal/service/timeseries_service.go:557.13,558.12 1 0
levelup/go-api/internal/service/timeseries_service.go:560.3,563.5 2 0
levelup/go-api/internal/service/timeseries_service.go:565.2,565.16 1 0
levelup/go-api/internal/service/timeseries_service.go:569.90,573.28 3 0
levelup/go-api/internal/service/timeseries_service.go:573.28,574.88 1 0
levelup/go-api/internal/service/timeseries_service.go:574.88,575.12 1 0
levelup/go-api/internal/service/timeseries_service.go:577.3,579.16 3 0
levelup/go-api/internal/service/timeseries_service.go:582.2,583.29 2 0
levelup/go-api/internal/service/timeseries_service.go:583.29,588.3 2 0
levelup/go-api/internal/service/timeseries_service.go:589.2,589.42 1 0
levelup/go-api/internal/service/timeseries_service.go:589.42,589.94 1 0
levelup/go-api/internal/service/timeseries_service.go:590.2,590.16 1 0
levelup/go-api/internal/service/timeseries_service.go:594.88,601.25 3 0
levelup/go-api/internal/service/timeseries_service.go:601.25,603.16 2 0
levelup/go-api/internal/service/timeseries_service.go:603.16,605.4 1 0
levelup/go-api/internal/service/timeseries_service.go:606.3,607.31 2 0
levelup/go-api/internal/service/timeseries_service.go:607.31,608.79 1 0
levelup/go-api/internal/service/timeseries_service.go:608.79,610.5 1 0
levelup/go-api/internal/service/timeseries_service.go:612.3,615.25 4 0
levelup/go-api/internal/service/timeseries_service.go:615.25,617.4 1 0
levelup/go-api/internal/service/timeseries_service.go:618.3,618.16 1 0
levelup/go-api/internal/service/timeseries_service.go:621.2,622.27 2 0
levelup/go-api/internal/service/timeseries_service.go:622.27,623.13 1 0
levelup/go-api/internal/service/timeseries_service.go:623.13,624.12 1 0
levelup/go-api/internal/service/timeseries_service.go:626.3,629.5 2 0
levelup/go-api/internal/service/timeseries_service.go:631.2,631.16 1 0
levelup/go-api/internal/api/registry.go:39.94,41.77 1 1
levelup/go-api/internal/api/registry.go:41.77,44.4 2 0
levelup/go-api/internal/api/registry.go:54.96,56.16 2 0
levelup/go-api/internal/api/registry.go:56.16,58.3 1 0
levelup/go-api/internal/api/registry.go:59.2,59.65 1 0
levelup/go-api/internal/api/registry.go:63.98,65.16 2 0
levelup/go-api/internal/api/registry.go:65.16,67.3 1 0
levelup/go-api/internal/api/registry.go:68.2,68.67 1 0
levelup/go-api/internal/api/registry.go:72.102,74.16 2 0
levelup/go-api/internal/api/registry.go:74.16,76.3 1 0
levelup/go-api/internal/api/registry.go:77.2,77.67 1 0
levelup/go-api/internal/api/registry.go:81.102,83.16 2 0
levelup/go-api/internal/api/registry.go:83.16,85.3 1 0
levelup/go-api/internal/api/registry.go:86.2,86.91 1 0
levelup/go-api/internal/api/registry.go:90.94,92.16 2 0
levelup/go-api/internal/api/registry.go:92.16,94.3 1 0
levelup/go-api/internal/api/registry.go:95.2,95.63 1 0
levelup/go-api/internal/api/registry.go:102.3,104.16 2 0
levelup/go-api/internal/api/registry.go:104.16,106.3 1 0
levelup/go-api/internal/api/registry.go:107.2,109.29 3 0
levelup/go-api/internal/api/registry.go:109.29,111.3 1 0
levelup/go-api/internal/api/registry.go:112.2,112.83 1 0
levelup/go-api/internal/api/registry.go:116.96,118.16 2 0
levelup/go-api/internal/api/registry.go:118.16,120.3 1 0
levelup/go-api/internal/api/registry.go:121.2,121.65 1 0
levelup/go-api/internal/api/registry.go:125.100,127.16 2 1
levelup/go-api/internal/api/registry.go:127.16,129.3 1 1
levelup/go-api/internal/api/registry.go:130.2,130.69 1 0
levelup/go-api/internal/api/registry.go:134.112,136.16 2 1
levelup/go-api/internal/api/registry.go:136.16,138.3 1 1
levelup/go-api/internal/api/registry.go:139.2,141.71 3 0
levelup/go-api/internal/api/registry.go:145.106,147.16 2 0
levelup/go-api/internal/api/registry.go:147.16,149.3 1 0
levelup/go-api/internal/api/registry.go:150.2,150.69 1 0
levelup/go-api/internal/api/registry.go:154.94,156.16 2 0
levelup/go-api/internal/api/registry.go:156.16,158.3 1 0
levelup/go-api/internal/api/registry.go:159.2,159.63 1 0
levelup/go-api/internal/api/registry.go:163.104,165.16 2 0
levelup/go-api/internal/api/registry.go:165.16,167.3 1 0
levelup/go-api/internal/api/registry.go:168.2,168.68 1 0
levelup/go-api/internal/api/registry.go:178.121,180.16 2 0
levelup/go-api/internal/api/registry.go:180.16,182.3 1 0
levelup/go-api/internal/api/registry.go:183.2,184.41 2 0
levelup/go-api/internal/api/registry.go:188.119,190.16 2 0
levelup/go-api/internal/api/registry.go:190.16,192.3 1 0
levelup/go-api/internal/api/registry.go:193.2,194.41 2 0
levelup/go-api/internal/api/registry.go:198.111,200.16 2 0
levelup/go-api/internal/api/registry.go:200.16,202.3 1 0
levelup/go-api/internal/api/registry.go:203.2,205.41 2 0
levelup/go-api/internal/api/registry.go:212.136,214.16 2 0
levelup/go-api/internal/api/registry.go:214.16,216.3 1 0
levelup/go-api/internal/api/registry.go:217.2,227.51 7 0
levelup/go-api/internal/api/registry.go:232.132,234.16 2 0
levelup/go-api/internal/api/registry.go:234.16,236.3 1 0
levelup/go-api/internal/api/registry.go:237.2,248.27 9 0
levelup/go-api/internal/api/registry.go:252.107,253.36 1 0
levelup/go-api/internal/api/registry.go:253.36,255.3 1 0
levelup/go-api/internal/api/registry.go:256.2,257.63 2 0
levelup/go-api/internal/api/registry.go:257.63,259.3 1 0
levelup/go-api/internal/api/registry.go:260.2,261.19 2 0
levelup/go-api/internal/api/registry.go:261.19,264.3 2 0
levelup/go-api/internal/api/registry.go:265.2,265.12 1 0
levelup/go-api/internal/api/registry.go:274.124,277.35 2 0
levelup/go-api/internal/api/registry.go:277.35,279.38 2 0
levelup/go-api/internal/api/registry.go:279.38,281.35 2 0
levelup/go-api/internal/api/registry.go:281.35,284.5 2 0
levelup/go-api/internal/api/registry.go:285.4,285.103 1 0
levelup/go-api/internal/api/registry.go:286.9,286.24 1 0
levelup/go-api/internal/api/registry.go:286.24,288.4 1 0
levelup/go-api/internal/api/registry.go:294.2,295.24 2 0
levelup/go-api/internal/api/registry.go:295.24,297.3 1 0
levelup/go-api/internal/api/registry.go:298.2,298.24 1 0
levelup/go-api/internal/api/registry.go:298.24,300.38 2 0
levelup/go-api/internal/api/registry.go:300.38,302.35 2 0
levelup/go-api/internal/api/registry.go:302.35,305.5 2 0
levelup/go-api/internal/api/registry.go:306.4,306.107 1 0
levelup/go-api/internal/api/registry.go:307.9,307.24 1 0
levelup/go-api/internal/api/registry.go:307.24,309.4 1 0
levelup/go-api/internal/api/registry.go:312.2,313.12 2 0
levelup/go-api/internal/api/registry.go:317.127,319.16 2 0
levelup/go-api/internal/api/registry.go:319.16,321.3 1 0
levelup/go-api/internal/api/registry.go:322.2,323.41 2 0
levelup/go-api/internal/api/registry.go:327.113,329.16 2 0
levelup/go-api/internal/api/registry.go:329.16,331.3 1 0
levelup/go-api/internal/api/registry.go:332.2,333.41 2 0
levelup/go-api/internal/api/registry.go:337.112,339.16 2 0
levelup/go-api/internal/api/registry.go:339.16,341.3 1 0
levelup/go-api/internal/api/registry.go:342.2,342.81 1 0
levelup/go-api/internal/api/registry.go:346.121,348.16 2 0
levelup/go-api/internal/api/registry.go:348.16,350.3 1 0
levelup/go-api/internal/api/registry.go:351.2,352.41 2 0
levelup/go-api/internal/api/registry.go:359.114,361.16 2 0
levelup/go-api/internal/api/registry.go:361.16,363.3 1 0
levelup/go-api/internal/api/registry.go:364.2,370.41 2 0
levelup/go-api/internal/api/registry.go:374.122,376.16 2 0
levelup/go-api/internal/api/registry.go:376.16,378.3 1 0
levelup/go-api/internal/api/registry.go:379.2,380.41 2 0
levelup/go-api/internal/api/registry.go:387.121,389.16 2 0
levelup/go-api/internal/api/registry.go:389.16,391.3 1 0
levelup/go-api/internal/api/registry.go:392.2,393.41 2 0
levelup/go-api/internal/api/registry.go:404.57,405.20 1 0
levelup/go-api/internal/api/registry.go:405.20,407.3 1 0
levelup/go-api/internal/api/registry.go:409.2,410.38 2 0
levelup/go-api/internal/api/registry.go:410.38,411.39 1 0
levelup/go-api/internal/api/registry.go:411.39,413.4 1 0
levelup/go-api/internal/api/registry.go:414.3,414.11 1 0
levelup/go-api/internal/api/registry.go:416.2,416.54 1 0
levelup/go-api/internal/api/server.go:40.16,90.93 29 1
levelup/go-api/internal/api/server.go:90.93,92.3 1 1
levelup/go-api/internal/api/server.go:92.8,94.3 1 0
levelup/go-api/internal/api/server.go:97.2,104.40 4 1
levelup/go-api/internal/api/server.go:104.40,131.40 15 1
levelup/go-api/internal/api/server.go:131.40,141.4 9 1
levelup/go-api/internal/api/server.go:144.3,166.56 14 1
levelup/go-api/internal/api/server.go:166.56,262.4 55 1
levelup/go-api/internal/api/server.go:266.3,271.42 4 1
levelup/go-api/internal/api/server.go:271.42,278.4 6 1
levelup/go-api/internal/api/server.go:281.2,281.10 1 1
levelup/go-api/internal/api/handlers/admin.go:32.92,34.2 1 1
levelup/go-api/internal/api/handlers/admin.go:38.74,40.16 2 0
levelup/go-api/internal/api/handlers/admin.go:40.16,43.3 2 0
levelup/go-api/internal/api/handlers/admin.go:44.2,44.36 1 0
levelup/go-api/internal/api/handlers/admin.go:49.75,51.49 2 0
levelup/go-api/internal/api/handlers/admin.go:51.49,52.48 1 0
levelup/go-api/internal/api/handlers/admin.go:52.48,55.4 2 0
levelup/go-api/internal/api/handlers/admin.go:56.3,58.9 3 0
levelup/go-api/internal/api/handlers/admin.go:60.2,61.37 2 0
levelup/go-api/internal/api/handlers/admin.go:66.75,71.62 3 0
levelup/go-api/internal/api/handlers/admin.go:71.62,74.3 2 0
levelup/go-api/internal/api/handlers/admin.go:75.2,75.67 1 0
levelup/go-api/internal/api/handlers/admin.go:75.67,78.3 2 0
levelup/go-api/internal/api/handlers/admin.go:79.2,79.61 1 0
levelup/go-api/internal/api/handlers/admin.go:79.61,80.48 1 0
levelup/go-api/internal/api/handlers/admin.go:80.48,83.4 2 0
levelup/go-api/internal/api/handlers/admin.go:84.3,86.9 3 0
levelup/go-api/internal/api/handlers/admin.go:88.2,89.37 2 0
levelup/go-api/internal/api/handlers/admin.go:94.78,99.62 3 0
levelup/go-api/internal/api/handlers/admin.go:99.62,102.3 2 0
levelup/go-api/internal/api/handlers/admin.go:103.2,103.74 1 0
levelup/go-api/internal/api/handlers/admin.go:103.74,104.48 1 0
levelup/go-api/internal/api/handlers/admin.go:104.48,107.4 2 0
levelup/go-api/internal/api/handlers/admin.go:108.3,108.52 1 0
levelup/go-api/internal/api/handlers/admin.go:108.52,111.4 2 0
levelup/go-api/internal/api/handlers/admin.go:112.3,114.9 3 0
levelup/go-api/internal/api/handlers/admin.go:116.2,117.37 2 0
levelup/go-api/internal/api/handlers/admin.go:122.76,124.16 2 0
levelup/go-api/internal/api/handlers/admin.go:124.16,127.3 2 0
levelup/go-api/internal/api/handlers/admin.go:128.2,128.38 1 0
levelup/go-api/internal/api/handlers/admin.go:133.79,137.62 2 0
levelup/go-api/internal/api/handlers/admin.go:137.62,140.3 1 0
levelup/go-api/internal/api/handlers/admin.go:141.2,141.29 1 0
levelup/go-api/internal/api/handlers/admin.go:141.29,143.3 1 0
levelup/go-api/internal/api/handlers/admin.go:146.2,148.41 3 0
levelup/go-api/internal/api/handlers/admin.go:148.41,150.3 1 0
levelup/go-api/internal/api/handlers/admin.go:152.2,153.16 2 0
levelup/go-api/internal/api/handlers/admin.go:153.16,157.3 3 0
levelup/go-api/internal/api/handlers/admin.go:158.2,159.42 2 0
levelup/go-api/internal/api/handlers/admin.go:164.77,166.47 2 0
levelup/go-api/internal/api/handlers/admin.go:166.47,167.50 1 0
levelup/go-api/internal/api/handlers/admin.go:167.50,170.4 2 0
levelup/go-api/internal/api/handlers/admin.go:171.3,173.9 3 0
levelup/go-api/internal/api/handlers/admin.go:175.2,176.37 2 0
levelup/go-api/internal/api/handlers/admin.go:180.65,182.2 1 0
levelup/go-api/internal/api/handlers/admin.go:185.44,187.41 2 0
levelup/go-api/internal/api/handlers/admin.go:187.41,189.3 1 0
levelup/go-api/internal/api/handlers/admin.go:190.2,190.18 1 0
levelup/go-api/internal/api/handlers/assets.go:43.63,45.2 1 0
levelup/go-api/internal/api/handlers/assets.go:48.65,50.2 1 0
levelup/go-api/internal/api/handlers/assets.go:54.78,59.16 4 0
levelup/go-api/internal/api/handlers/assets.go:59.16,62.3 2 0
levelup/go-api/internal/api/handlers/assets.go:64.2,67.16 3 0
levelup/go-api/internal/api/handlers/assets.go:67.16,70.3 2 0
levelup/go-api/internal/api/handlers/assets.go:73.2,73.42 1 0
levelup/go-api/internal/api/handlers/assets.go:73.42,76.3 2 0
levelup/go-api/internal/api/handlers/assets.go:79.2,80.66 2 0
levelup/go-api/internal/api/handlers/assets.go:80.66,82.3 1 0
levelup/go-api/internal/api/handlers/assets.go:83.2,83.16 1 0
levelup/go-api/internal/api/handlers/assets.go:83.16,86.3 2 0
levelup/go-api/internal/api/handlers/assets.go:88.2,99.47 3 0
levelup/go-api/internal/api/handlers/assets.go:105.72,112.16 3 0
levelup/go-api/internal/api/handlers/assets.go:112.16,114.3 1 0
levelup/go-api/internal/api/handlers/assets.go:115.2,118.44 3 0
levelup/go-api/internal/api/handlers/assets.go:118.44,123.3 1 0
levelup/go-api/internal/api/handlers/assets.go:124.2,124.17 1 0
levelup/go-api/internal/api/handlers/assets.go:127.36,130.2 2 0
levelup/go-api/internal/api/handlers/auth.go:42.154,49.2 1 1
levelup/go-api/internal/api/handlers/auth.go:52.65,55.2 2 1
levelup/go-api/internal/api/handlers/auth.go:59.79,60.16 1 0
levelup/go-api/internal/api/handlers/auth.go:60.16,63.3 2 0
levelup/go-api/internal/api/handlers/auth.go:65.2,66.17 2 0
levelup/go-api/internal/api/handlers/auth.go:66.17,69.3 2 0
levelup/go-api/internal/api/handlers/auth.go:72.2,73.12 2 0
levelup/go-api/internal/api/handlers/auth.go:73.12,76.3 2 0
levelup/go-api/internal/api/handlers/auth.go:79.2,80.16 2 0
levelup/go-api/internal/api/handlers/auth.go:80.16,81.71 1 0
levelup/go-api/internal/api/handlers/auth.go:81.71,85.4 3 0
levelup/go-api/internal/api/handlers/auth.go:86.3,87.9 2 0
levelup/go-api/internal/api/handlers/auth.go:91.2,91.70 1 0
levelup/go-api/internal/api/handlers/auth.go:91.70,96.3 4 0
levelup/go-api/internal/api/handlers/auth.go:99.2,102.64 3 0
levelup/go-api/internal/api/handlers/auth.go:107.83,110.17 3 0
levelup/go-api/internal/api/handlers/auth.go:110.17,113.3 2 0
levelup/go-api/internal/api/handlers/auth.go:115.2,116.61 2 0
levelup/go-api/internal/api/handlers/auth.go:116.61,119.3 2 0
levelup/go-api/internal/api/handlers/auth.go:122.2,122.73 1 0
levelup/go-api/internal/api/handlers/auth.go:122.73,124.30 2 0
levelup/go-api/internal/api/handlers/auth.go:124.30,129.4 1 0
levelup/go-api/internal/api/handlers/auth.go:131.3,131.34 1 0
levelup/go-api/internal/api/handlers/auth.go:131.34,136.4 1 0
levelup/go-api/internal/api/handlers/auth.go:138.3,138.76 1 0
levelup/go-api/internal/api/handlers/auth.go:138.76,142.4 3 0
levelup/go-api/internal/api/handlers/auth.go:143.3,143.32 1 0
levelup/go-api/internal/api/handlers/auth.go:146.2,146.65 1 0
levelup/go-api/internal/api/handlers/auth.go:155.92,160.16 4 0
levelup/go-api/internal/api/handlers/auth.go:160.16,161.63 1 0
levelup/go-api/internal/api/handlers/auth.go:161.63,165.4 3 0
levelup/go-api/internal/api/handlers/auth.go:166.3,166.9 1 0
levelup/go-api/internal/api/handlers/auth.go:170.2,171.16 2 0
levelup/go-api/internal/api/handlers/auth.go:171.16,172.63 1 0
levelup/go-api/internal/api/handlers/auth.go:172.63,176.4 3 0
levelup/go-api/internal/api/handlers/auth.go:177.3,177.9 1 0
levelup/go-api/internal/api/handlers/auth.go:182.2,182.62 1 0
levelup/go-api/internal/api/handlers/auth.go:182.62,188.3 5 0
levelup/go-api/internal/api/handlers/auth.go:195.87,203.2 1 0
levelup/go-api/internal/api/handlers/auth.go:205.89,210.22 2 0
levelup/go-api/internal/api/handlers/auth.go:210.22,212.3 1 0
levelup/go-api/internal/api/handlers/auth.go:213.2,213.18 1 0
levelup/go-api/internal/api/handlers/auth.go:213.18,215.3 1 0
levelup/go-api/internal/api/handlers/auth.go:216.2,216.23 1 0
levelup/go-api/internal/api/handlers/auth.go:216.23,218.3 1 0
levelup/go-api/internal/api/handlers/auth.go:219.2,219.25 1 0
levelup/go-api/internal/api/handlers/auth.go:219.25,221.3 1 0
levelup/go-api/internal/api/handlers/auth.go:222.2,222.13 1 0
levelup/go-api/internal/api/handlers/backfill.go:31.87,33.2 1 1
levelup/go-api/internal/api/handlers/backfill.go:37.81,39.61 2 0
levelup/go-api/internal/api/handlers/backfill.go:39.61,42.3 2 0
levelup/go-api/internal/api/handlers/backfill.go:44.2,44.54 1 0
levelup/go-api/internal/api/handlers/backfill.go:44.54,47.3 2 0
levelup/go-api/internal/api/handlers/backfill.go:50.2,51.16 2 0
levelup/go-api/internal/api/handlers/backfill.go:51.16,55.3 2 0
levelup/go-api/internal/api/handlers/backfill.go:56.2,57.28 2 0
levelup/go-api/internal/api/handlers/backfill.go:57.28,58.37 1 0
levelup/go-api/internal/api/handlers/backfill.go:58.37,61.9 3 0
levelup/go-api/internal/api/handlers/backfill.go:64.2,64.20 1 0
levelup/go-api/internal/api/handlers/backfill.go:64.20,68.3 2 0
levelup/go-api/internal/api/handlers/backfill.go:71.2,71.95 1 0
levelup/go-api/internal/api/handlers/backfill.go:71.95,75.3 2 0
levelup/go-api/internal/api/handlers/backfill.go:78.2,80.17 3 0
levelup/go-api/internal/api/handlers/backfill.go:80.17,82.3 1 0
levelup/go-api/internal/api/handlers/backfill.go:85.2,89.12 3 0
levelup/go-api/internal/api/handlers/backfill.go:89.12,97.17 5 0
levelup/go-api/internal/api/handlers/backfill.go:97.17,99.64 2 0
levelup/go-api/internal/api/handlers/backfill.go:99.64,102.5 2 0
levelup/go-api/internal/api/handlers/backfill.go:103.4,103.10 1 0
levelup/go-api/internal/api/handlers/backfill.go:106.3,109.63 4 0
levelup/go-api/internal/api/handlers/backfill.go:109.63,113.4 3 0
levelup/go-api/internal/api/handlers/backfill.go:115.3,115.31 1 0
levelup/go-api/internal/api/handlers/backfill.go:115.31,118.64 3 0
levelup/go-api/internal/api/handlers/backfill.go:118.64,122.5 3 0
levelup/go-api/internal/api/handlers/backfill.go:123.4,123.10 1 0
levelup/go-api/internal/api/handlers/backfill.go:127.3,128.20 2 0
levelup/go-api/internal/api/handlers/backfill.go:128.20,129.21 1 0
levelup/go-api/internal/api/handlers/backfill.go:129.21,130.65 1 0
levelup/go-api/internal/api/handlers/backfill.go:130.65,133.6 1 0
levelup/go-api/internal/api/handlers/backfill.go:134.10,136.65 2 0
levelup/go-api/internal/api/handlers/backfill.go:136.65,138.6 1 0
levelup/go-api/internal/api/handlers/backfill.go:139.5,142.21 2 0
levelup/go-api/internal/api/handlers/backfill.go:142.21,143.66 1 0
levelup/go-api/internal/api/handlers/backfill.go:143.66,146.7 1 0
levelup/go-api/internal/api/handlers/backfill.go:148.5,148.31 1 0
levelup/go-api/internal/api/handlers/backfill.go:153.3,161.63 5 0
levelup/go-api/internal/api/handlers/backfill.go:161.63,166.4 4 0
levelup/go-api/internal/api/handlers/backfill.go:169.2,169.40 1 0
levelup/go-api/internal/api/handlers/backfill.go:173.73,181.46 2 0
levelup/go-api/internal/api/handlers/backfill.go:181.46,192.3 9 0
levelup/go-api/internal/api/handlers/backfill.go:192.8,201.3 8 0
levelup/go-api/internal/api/handlers/backfill.go:203.2,203.21 1 0
levelup/go-api/internal/api/handlers/backfill.go:203.21,208.3 4 0
levelup/go-api/internal/api/handlers/backfill.go:210.2,211.14 2 0
levelup/go-api/internal/api/handlers/backfill.go:216.85,218.18 2 0
levelup/go-api/internal/api/handlers/backfill.go:218.18,220.3 1 0
levelup/go-api/internal/api/handlers/backfill.go:221.2,221.18 1 0
levelup/go-api/internal/api/handlers/backfill.go:221.18,223.3 1 0
levelup/go-api/internal/api/handlers/backfill.go:224.2,224.17 1 0
levelup/go-api/internal/api/handlers/backfill.go:224.17,226.3 1 0
levelup/go-api/internal/api/handlers/backfill.go:227.2,227.26 1 0
levelup/go-api/internal/api/handlers/backfill.go:227.26,229.3 1 0
levelup/go-api/internal/api/handlers/backfill.go:230.2,230.29 1 0
levelup/go-api/internal/api/handlers/backfill.go:230.29,232.3 1 0
levelup/go-api/internal/api/handlers/backfill.go:233.2,233.19 1 0
levelup/go-api/internal/api/handlers/backfill.go:233.19,235.3 1 0
levelup/go-api/internal/api/handlers/backfill.go:236.2,236.16 1 0
levelup/go-api/internal/api/handlers/backfill.go:236.16,238.3 1 0
levelup/go-api/internal/api/handlers/backfill.go:239.2,239.21 1 0
levelup/go-api/internal/api/handlers/backfill.go:239.21,241.3 1 0
levelup/go-api/internal/api/handlers/backfill.go:242.2,246.58 2 0
levelup/go-api/internal/api/handlers/backfill.go:246.58,248.3 1 0
levelup/go-api/internal/api/handlers/bootstrap.go:17.75,19.2 1 1
levelup/go-api/internal/api/handlers/bootstrap.go:22.78,25.16 3 1
levelup/go-api/internal/api/handlers/bootstrap.go:25.16,28.3 2 0
levelup/go-api/internal/api/handlers/bootstrap.go:29.2,29.35 1 1
levelup/go-api/internal/api/handlers/bootstrap.go:38.71,40.2 1 1
levelup/go-api/internal/api/handlers/bootstrap.go:43.76,45.16 2 1
levelup/go-api/internal/api/handlers/bootstrap.go:45.16,48.3 2 0
levelup/go-api/internal/api/handlers/bootstrap.go:49.2,49.35 1 1
levelup/go-api/internal/api/handlers/career.go:27.81,29.2 1 1
levelup/go-api/internal/api/handlers/career.go:32.75,35.16 3 0
levelup/go-api/internal/api/handlers/career.go:35.16,38.3 2 0
levelup/go-api/internal/api/handlers/career.go:39.2,40.16 2 0
levelup/go-api/internal/api/handlers/career.go:40.16,43.3 2 0
levelup/go-api/internal/api/handlers/career.go:44.2,44.35 1 0
levelup/go-api/internal/api/handlers/career.go:48.79,51.16 3 0
levelup/go-api/internal/api/handlers/career.go:51.16,54.3 2 0
levelup/go-api/internal/api/handlers/career.go:55.2,56.16 2 0
levelup/go-api/internal/api/handlers/career.go:56.16,59.3 2 0
levelup/go-api/internal/api/handlers/career.go:60.2,60.35 1 0
levelup/go-api/internal/api/handlers/career.go:64.79,67.16 3 0
levelup/go-api/internal/api/handlers/career.go:67.16,70.3 2 0
levelup/go-api/internal/api/handlers/career.go:71.2,72.16 2 0
levelup/go-api/internal/api/handlers/career.go:72.16,75.3 2 0
levelup/go-api/internal/api/handlers/career.go:76.2,76.35 1 0
levelup/go-api/internal/api/handlers/changelog.go:23.60,28.2 1 1
levelup/go-api/internal/api/handlers/changelog.go:31.81,33.16 2 0
levelup/go-api/internal/api/handlers/changelog.go:33.16,36.3 2 0
levelup/go-api/internal/api/handlers/changelog.go:37.2,37.68 1 0
levelup/go-api/internal/api/handlers/changelog.go:40.57,42.59 2 0
levelup/go-api/internal/api/handlers/changelog.go:42.59,45.3 2 0
levelup/go-api/internal/api/handlers/changelog.go:46.2,52.59 4 0
levelup/go-api/internal/api/handlers/changelog.go:52.59,54.3 1 0
levelup/go-api/internal/api/handlers/changelog.go:56.2,57.16 2 0
levelup/go-api/internal/api/handlers/changelog.go:57.16,59.3 1 0
levelup/go-api/internal/api/handlers/changelog.go:60.2,62.22 3 0
levelup/go-api/internal/api/handlers/citations.go:25.90,27.2 1 1
levelup/go-api/internal/api/handlers/citations.go:32.81,35.16 3 0
levelup/go-api/internal/api/handlers/citations.go:35.16,38.3 2 0
levelup/go-api/internal/api/handlers/citations.go:40.2,42.25 2 0
levelup/go-api/internal/api/handlers/citations.go:42.25,43.62 1 0
levelup/go-api/internal/api/handlers/citations.go:43.62,46.4 2 0
levelup/go-api/internal/api/handlers/citations.go:49.2,50.16 2 0
levelup/go-api/internal/api/handlers/citations.go:50.16,53.3 2 0
levelup/go-api/internal/api/handlers/citations.go:56.2,56.24 1 0
levelup/go-api/internal/api/handlers/citations.go:56.24,58.3 1 0
levelup/go-api/internal/api/handlers/citations.go:60.2,60.35 1 0
levelup/go-api/internal/api/handlers/citations.go:66.85,69.16 3 0
levelup/go-api/internal/api/handlers/citations.go:69.16,72.3 2 0
levelup/go-api/internal/api/handlers/citations.go:74.2,75.25 2 0
levelup/go-api/internal/api/handlers/citations.go:75.25,76.62 1 0
levelup/go-api/internal/api/handlers/citations.go:76.62,79.4 2 0
levelup/go-api/internal/api/handlers/citations.go:82.2,83.16 2 0
levelup/go-api/internal/api/handlers/citations.go:83.16,86.3 2 0
levelup/go-api/internal/api/handlers/citations.go:89.2,89.24 1 0
levelup/go-api/internal/api/handlers/citations.go:89.24,91.3 1 0
levelup/go-api/internal/api/handlers/citations.go:93.2,93.35 1 0
levelup/go-api/internal/api/handlers/citations.go:101.115,103.35 2 0
levelup/go-api/internal/api/handlers/citations.go:103.35,104.29 1 0
levelup/go-api/internal/api/handlers/citations.go:104.29,106.4 1 0
levelup/go-api/internal/api/handlers/citations.go:108.2,112.3 1 0
levelup/go-api/internal/api/handlers/citations.go:116.127,119.38 3 0
levelup/go-api/internal/api/handlers/citations.go:119.38,120.31 1 0
levelup/go-api/internal/api/handlers/citations.go:120.31,123.4 2 0
levelup/go-api/internal/api/handlers/citations.go:125.2,128.3 1 0
levelup/go-api/internal/api/handlers/compare.go:26.84,28.2 1 1
levelup/go-api/internal/api/handlers/compare.go:32.82,35.16 3 0
levelup/go-api/internal/api/handlers/compare.go:35.16,38.3 2 0
levelup/go-api/internal/api/handlers/compare.go:40.2,41.61 2 0
levelup/go-api/internal/api/handlers/compare.go:41.61,44.3 2 0
levelup/go-api/internal/api/handlers/compare.go:45.2,45.39 1 0
levelup/go-api/internal/api/handlers/compare.go:45.39,48.3 2 0
levelup/go-api/internal/api/handlers/compare.go:50.2,51.16 2 0
levelup/go-api/internal/api/handlers/compare.go:51.16,54.3 2 0
levelup/go-api/internal/api/handlers/compare.go:56.2,56.35 1 0
levelup/go-api/internal/api/handlers/explorer.go:26.20,31.2 1 1
levelup/go-api/internal/api/handlers/explorer.go:36.79,39.16 3 0
levelup/go-api/internal/api/handlers/explorer.go:39.16,42.3 2 0
levelup/go-api/internal/api/handlers/explorer.go:44.2,45.61 2 0
levelup/go-api/internal/api/handlers/explorer.go:45.61,48.3 2 0
levelup/go-api/internal/api/handlers/explorer.go:49.2,49.30 1 0
levelup/go-api/internal/api/handlers/explorer.go:49.30,52.3 2 0
levelup/go-api/internal/api/handlers/explorer.go:54.2,55.16 2 0
levelup/go-api/internal/api/handlers/explorer.go:55.16,58.3 2 0
levelup/go-api/internal/api/handlers/explorer.go:59.2,59.35 1 0
levelup/go-api/internal/api/handlers/explorer.go:65.80,68.16 3 0
levelup/go-api/internal/api/handlers/explorer.go:68.16,71.3 2 0
levelup/go-api/internal/api/handlers/explorer.go:73.2,74.61 2 0
levelup/go-api/internal/api/handlers/explorer.go:74.61,77.3 2 0
levelup/go-api/internal/api/handlers/explorer.go:80.2,88.16 3 0
levelup/go-api/internal/api/handlers/explorer.go:88.16,91.3 2 0
levelup/go-api/internal/api/handlers/explorer.go:94.2,95.42 2 0
levelup/go-api/internal/api/handlers/explorer.go:95.42,110.3 1 0
levelup/go-api/internal/api/handlers/explorer.go:112.2,121.35 2 0
levelup/go-api/internal/api/handlers/filters.go:20.84,22.2 1 1
levelup/go-api/internal/api/handlers/filters.go:25.74,28.16 3 0
levelup/go-api/internal/api/handlers/filters.go:28.16,31.3 2 0
levelup/go-api/internal/api/handlers/filters.go:33.2,34.63 2 0
levelup/go-api/internal/api/handlers/filters.go:34.63,37.3 2 0
levelup/go-api/internal/api/handlers/filters.go:39.2,39.41 1 0
levelup/go-api/internal/api/handlers/filters.go:39.41,42.3 2 0
levelup/go-api/internal/api/handlers/filters.go:44.2,45.16 2 0
levelup/go-api/internal/api/handlers/filters.go:45.16,48.3 2 0
levelup/go-api/internal/api/handlers/filters.go:49.2,49.37 1 0
levelup/go-api/internal/api/handlers/gamertag.go:18.74,20.2 1 1
levelup/go-api/internal/api/handlers/gamertag.go:23.74,25.18 1 0
levelup/go-api/internal/api/handlers/gamertag.go:25.18,28.3 2 0
levelup/go-api/internal/api/handlers/gamertag.go:30.2,31.13 2 0
levelup/go-api/internal/api/handlers/gamertag.go:31.13,34.3 2 0
levelup/go-api/internal/api/handlers/gamertag.go:36.2,37.16 2 0
levelup/go-api/internal/api/handlers/gamertag.go:37.16,40.3 2 0
levelup/go-api/internal/api/handlers/gamertag.go:41.2,41.18 1 0
levelup/go-api/internal/api/handlers/gamertag.go:41.18,43.3 1 0
levelup/go-api/internal/api/handlers/gamertag.go:44.2,44.84 1 0
levelup/go-api/internal/api/handlers/health.go:21.69,23.2 1 0
levelup/go-api/internal/api/handlers/health.go:26.96,28.2 1 1
levelup/go-api/internal/api/handlers/health.go:31.75,33.16 2 1
levelup/go-api/internal/api/handlers/health.go:33.16,37.3 2 0
levelup/go-api/internal/api/handlers/health.go:39.2,52.4 4 1
levelup/go-api/internal/api/handlers/helpers.go:10.66,13.53 3 1
levelup/go-api/internal/api/handlers/helpers.go:13.53,17.3 1 0
levelup/go-api/internal/api/handlers/helpers.go:21.74,27.2 1 1
levelup/go-api/internal/api/handlers/home.go:28.58,30.2 1 1
levelup/go-api/internal/api/handlers/home.go:34.75,37.16 3 0
levelup/go-api/internal/api/handlers/home.go:37.16,40.3 2 0
levelup/go-api/internal/api/handlers/home.go:42.2,43.16 2 0
levelup/go-api/internal/api/handlers/home.go:43.16,46.3 2 0
levelup/go-api/internal/api/handlers/home.go:48.2,48.35 1 0
levelup/go-api/internal/api/handlers/home.go:53.77,56.16 3 0
levelup/go-api/internal/api/handlers/home.go:56.16,59.3 2 0
levelup/go-api/internal/api/handlers/home.go:61.2,62.35 2 0
levelup/go-api/internal/api/handlers/home.go:67.77,70.16 3 0
levelup/go-api/internal/api/handlers/home.go:70.16,73.3 2 0
levelup/go-api/internal/api/handlers/home.go:75.2,76.35 2 0
levelup/go-api/internal/api/handlers/jobs.go:20.53,22.2 1 1
levelup/go-api/internal/api/handlers/jobs.go:26.70,28.17 2 1
levelup/go-api/internal/api/handlers/jobs.go:28.17,31.3 2 0
levelup/go-api/internal/api/handlers/jobs.go:33.2,34.16 2 1
levelup/go-api/internal/api/handlers/jobs.go:34.16,38.3 2 1
levelup/go-api/internal/api/handlers/jobs.go:40.2,40.34 1 0
levelup/go-api/internal/api/handlers/lab.go:19.57,21.2 1 0
levelup/go-api/internal/api/handlers/lab.go:24.75,26.9 2 0
levelup/go-api/internal/api/handlers/lab.go:26.9,28.3 1 0
levelup/go-api/internal/api/handlers/lab.go:29.2,30.16 2 0
levelup/go-api/internal/api/handlers/lab.go:30.16,33.3 2 0
levelup/go-api/internal/api/handlers/lab.go:34.2,34.35 1 0
levelup/go-api/internal/api/handlers/lab.go:38.75,40.16 2 0
levelup/go-api/internal/api/handlers/lab.go:40.16,43.3 2 0
levelup/go-api/internal/api/handlers/lab.go:44.2,44.35 1 0
levelup/go-api/internal/api/handlers/lab.go:48.77,50.16 2 0
levelup/go-api/internal/api/handlers/lab.go:50.16,53.3 2 0
levelup/go-api/internal/api/handlers/lab.go:54.2,54.35 1 0
levelup/go-api/internal/api/handlers/lab.go:57.102,65.38 3 0
levelup/go-api/internal/api/handlers/lab.go:65.38,67.17 2 0
levelup/go-api/internal/api/handlers/lab.go:67.17,70.4 2 0
levelup/go-api/internal/api/handlers/lab.go:71.3,71.22 1 0
levelup/go-api/internal/api/handlers/lab.go:73.2,73.41 1 0
levelup/go-api/internal/api/handlers/lab.go:73.41,75.17 2 0
levelup/go-api/internal/api/handlers/lab.go:75.17,78.4 2 0
levelup/go-api/internal/api/handlers/lab.go:79.3,79.26 1 0
levelup/go-api/internal/api/handlers/lab.go:81.2,81.20 1 0
levelup/go-api/internal/api/handlers/lab.go:84.54,85.45 1 0
levelup/go-api/internal/api/handlers/lab.go:85.45,88.3 2 0
levelup/go-api/internal/api/handlers/lab.go:89.2,89.73 1 0
levelup/go-api/internal/api/handlers/last_match.go:22.90,24.2 1 1
levelup/go-api/internal/api/handlers/last_match.go:27.76,30.16 3 0
levelup/go-api/internal/api/handlers/last_match.go:30.16,33.3 2 0
levelup/go-api/internal/api/handlers/last_match.go:35.2,36.92 2 0
levelup/go-api/internal/api/handlers/last_match.go:36.92,39.3 2 0
levelup/go-api/internal/api/handlers/last_match.go:41.2,42.19 2 0
levelup/go-api/internal/api/handlers/last_match.go:42.19,45.3 2 0
levelup/go-api/internal/api/handlers/last_match.go:47.2,47.35 1 0
levelup/go-api/internal/api/handlers/leaderboard.go:25.96,27.2 1 1
levelup/go-api/internal/api/handlers/leaderboard.go:31.89,34.16 3 0
levelup/go-api/internal/api/handlers/leaderboard.go:34.16,37.3 2 0
levelup/go-api/internal/api/handlers/leaderboard.go:39.2,46.16 3 0
levelup/go-api/internal/api/handlers/leaderboard.go:46.16,49.3 2 0
levelup/go-api/internal/api/handlers/leaderboard.go:51.2,51.35 1 0
levelup/go-api/internal/api/handlers/match_exclusion.go:26.105,28.2 1 1
levelup/go-api/internal/api/handlers/match_exclusion.go:34.86,39.16 4 0
levelup/go-api/internal/api/handlers/match_exclusion.go:39.16,42.3 2 0
levelup/go-api/internal/api/handlers/match_exclusion.go:44.2,45.61 2 0
levelup/go-api/internal/api/handlers/match_exclusion.go:45.61,48.3 2 0
levelup/go-api/internal/api/handlers/match_exclusion.go:50.2,50.77 1 0
levelup/go-api/internal/api/handlers/match_exclusion.go:50.77,57.3 3 0
levelup/go-api/internal/api/handlers/match_exclusion.go:59.2,64.37 2 0
levelup/go-api/internal/api/handlers/match_exclusion.go:70.88,74.16 3 0
levelup/go-api/internal/api/handlers/match_exclusion.go:74.16,77.3 2 0
levelup/go-api/internal/api/handlers/match_exclusion.go:79.2,80.16 2 0
levelup/go-api/internal/api/handlers/match_exclusion.go:80.16,87.3 3 0
levelup/go-api/internal/api/handlers/match_exclusion.go:89.2,89.20 1 0
levelup/go-api/internal/api/handlers/match_exclusion.go:89.20,91.3 1 0
levelup/go-api/internal/api/handlers/match_exclusion.go:92.2,92.38 1 0
levelup/go-api/internal/api/handlers/match_favorite.go:25.95,27.2 1 1
levelup/go-api/internal/api/handlers/match_favorite.go:31.91,35.19 3 0
levelup/go-api/internal/api/handlers/match_favorite.go:35.19,38.3 2 0
levelup/go-api/internal/api/handlers/match_favorite.go:40.2,41.16 2 0
levelup/go-api/internal/api/handlers/match_favorite.go:41.16,44.3 2 0
levelup/go-api/internal/api/handlers/match_favorite.go:46.2,47.61 2 0
levelup/go-api/internal/api/handlers/match_favorite.go:47.61,50.3 2 0
levelup/go-api/internal/api/handlers/match_favorite.go:51.2,54.66 3 0
levelup/go-api/internal/api/handlers/match_favorite.go:54.66,59.3 3 0
levelup/go-api/internal/api/handlers/match_favorite.go:61.2,68.4 2 0
levelup/go-api/internal/api/handlers/match_history.go:27.99,29.2 1 1
levelup/go-api/internal/api/handlers/match_history.go:32.77,35.16 3 0
levelup/go-api/internal/api/handlers/match_history.go:35.16,38.3 2 0
levelup/go-api/internal/api/handlers/match_history.go:40.2,41.61 2 0
levelup/go-api/internal/api/handlers/match_history.go:41.61,44.3 2 0
levelup/go-api/internal/api/handlers/match_history.go:46.2,46.39 1 0
levelup/go-api/internal/api/handlers/match_history.go:46.39,49.3 2 0
levelup/go-api/internal/api/handlers/match_history.go:51.2,52.16 2 0
levelup/go-api/internal/api/handlers/match_history.go:52.16,55.3 2 0
levelup/go-api/internal/api/handlers/match_history.go:58.2,58.53 1 0
levelup/go-api/internal/api/handlers/match_history.go:58.53,60.17 2 0
levelup/go-api/internal/api/handlers/match_history.go:60.17,62.4 1 0
levelup/go-api/internal/api/handlers/match_history.go:65.2,65.35 1 0
levelup/go-api/internal/api/handlers/match_history.go:71.78,74.16 3 0
levelup/go-api/internal/api/handlers/match_history.go:74.16,77.3 2 0
levelup/go-api/internal/api/handlers/match_history.go:79.2,80.17 2 0
levelup/go-api/internal/api/handlers/match_history.go:80.17,83.3 2 0
levelup/go-api/internal/api/handlers/match_history.go:85.2,86.16 2 0
levelup/go-api/internal/api/handlers/match_history.go:86.16,89.3 2 0
levelup/go-api/internal/api/handlers/match_history.go:91.2,92.16 2 0
levelup/go-api/internal/api/handlers/match_history.go:92.16,95.3 2 0
levelup/go-api/internal/api/handlers/match_history.go:97.2,110.27 6 0
levelup/go-api/internal/api/handlers/match_history.go:110.27,116.42 6 0
levelup/go-api/internal/api/handlers/match_history.go:116.42,118.4 1 0
levelup/go-api/internal/api/handlers/match_history.go:119.3,131.5 1 0
levelup/go-api/internal/api/handlers/match_history.go:133.2,133.12 1 0
levelup/go-api/internal/api/handlers/match_history.go:140.77,142.16 2 0
levelup/go-api/internal/api/handlers/match_history.go:142.16,144.3 1 0
levelup/go-api/internal/api/handlers/match_history.go:145.2,145.53 1 0
levelup/go-api/internal/api/handlers/match_history.go:148.79,150.16 2 0
levelup/go-api/internal/api/handlers/match_history.go:150.16,152.3 1 0
levelup/go-api/internal/api/handlers/match_history.go:153.2,154.51 2 0
levelup/go-api/internal/api/handlers/match_history.go:154.51,156.3 1 0
levelup/go-api/internal/api/handlers/match_history.go:157.2,157.17 1 0
levelup/go-api/internal/api/handlers/match_history.go:160.40,161.14 1 0
levelup/go-api/internal/api/handlers/match_history.go:161.14,163.3 1 0
levelup/go-api/internal/api/handlers/match_history.go:164.2,164.32 1 0
levelup/go-api/internal/api/handlers/match_history.go:167.31,168.14 1 0
levelup/go-api/internal/api/handlers/match_history.go:168.14,170.3 1 0
levelup/go-api/internal/api/handlers/match_history.go:171.2,171.11 1 0
levelup/go-api/internal/api/handlers/match_view.go:21.90,23.2 1 1
levelup/go-api/internal/api/handlers/match_view.go:27.81,30.16 3 0
levelup/go-api/internal/api/handlers/match_view.go:30.16,33.3 2 0
levelup/go-api/internal/api/handlers/match_view.go:35.2,36.19 2 0
levelup/go-api/internal/api/handlers/match_view.go:36.19,39.3 2 0
levelup/go-api/internal/api/handlers/match_view.go:41.2,42.16 2 0
levelup/go-api/internal/api/handlers/match_view.go:42.16,44.60 2 0
levelup/go-api/internal/api/handlers/match_view.go:44.60,47.4 2 0
levelup/go-api/internal/api/handlers/match_view.go:48.3,48.105 1 0
levelup/go-api/internal/api/handlers/match_view.go:48.105,51.4 2 0
levelup/go-api/internal/api/handlers/match_view.go:52.3,53.9 2 0
levelup/go-api/internal/api/handlers/match_view.go:55.2,55.35 1 0
levelup/go-api/internal/api/handlers/media.go:57.17,59.2 1 1
levelup/go-api/internal/api/handlers/media.go:64.80,67.16 3 0
levelup/go-api/internal/api/handlers/media.go:67.16,70.3 2 0
levelup/go-api/internal/api/handlers/media.go:72.2,73.25 2 0
levelup/go-api/internal/api/handlers/media.go:73.25,74.62 1 0
levelup/go-api/internal/api/handlers/media.go:74.62,77.4 2 0
levelup/go-api/internal/api/handlers/media.go:79.2,79.18 1 0
levelup/go-api/internal/api/handlers/media.go:79.18,81.3 1 0
levelup/go-api/internal/api/handlers/media.go:83.2,84.16 2 0
levelup/go-api/internal/api/handlers/media.go:84.16,87.3 2 0
levelup/go-api/internal/api/handlers/media.go:89.2,89.35 1 0
levelup/go-api/internal/api/handlers/media.go:94.79,97.16 3 0
levelup/go-api/internal/api/handlers/media.go:97.16,100.3 2 0
levelup/go-api/internal/api/handlers/media.go:102.2,103.61 2 0
levelup/go-api/internal/api/handlers/media.go:103.61,106.3 2 0
levelup/go-api/internal/api/handlers/media.go:108.2,109.16 2 0
levelup/go-api/internal/api/handlers/media.go:109.16,111.30 2 0
levelup/go-api/internal/api/handlers/media.go:111.30,112.23 1 0
levelup/go-api/internal/api/handlers/media.go:113.23,115.11 2 0
levelup/go-api/internal/api/handlers/media.go:116.21,118.11 2 0
levelup/go-api/internal/api/handlers/media.go:121.3,122.9 2 0
levelup/go-api/internal/api/handlers/media.go:125.2,126.24 2 0
levelup/go-api/internal/api/handlers/media.go:132.80,133.24 1 0
levelup/go-api/internal/api/handlers/media.go:133.24,136.3 2 0
levelup/go-api/internal/api/handlers/media.go:138.2,140.16 3 0
levelup/go-api/internal/api/handlers/media.go:140.16,143.3 2 0
levelup/go-api/internal/api/handlers/media.go:145.2,146.55 2 0
levelup/go-api/internal/api/handlers/media.go:146.55,150.3 2 0
levelup/go-api/internal/api/handlers/media.go:152.2,153.16 2 0
levelup/go-api/internal/api/handlers/media.go:153.16,156.3 2 0
levelup/go-api/internal/api/handlers/media.go:157.2,157.21 1 0
levelup/go-api/internal/api/handlers/media.go:157.21,161.3 2 0
levelup/go-api/internal/api/handlers/media.go:163.2,176.16 5 0
levelup/go-api/internal/api/handlers/media.go:176.16,180.3 3 0
levelup/go-api/internal/api/handlers/media.go:182.2,183.24 2 0
levelup/go-api/internal/api/handlers/media.go:188.73,190.23 2 0
levelup/go-api/internal/api/handlers/media.go:190.23,192.3 1 0
levelup/go-api/internal/api/handlers/media.go:193.2,193.35 1 0
levelup/go-api/internal/api/handlers/media.go:193.35,195.3 1 0
levelup/go-api/internal/api/handlers/media.go:197.2,198.29 2 0
levelup/go-api/internal/api/handlers/media.go:198.29,200.29 2 0
levelup/go-api/internal/api/handlers/media.go:200.29,202.12 2 0
levelup/go-api/internal/api/handlers/media.go:204.3,205.17 2 0
levelup/go-api/internal/api/handlers/media.go:205.17,207.4 1 0
levelup/go-api/internal/api/handlers/media.go:208.3,210.17 3 0
levelup/go-api/internal/api/handlers/media.go:210.17,212.4 1 0
levelup/go-api/internal/api/handlers/media.go:213.3,216.5 1 0
levelup/go-api/internal/api/handlers/media.go:218.2,218.17 1 0
levelup/go-api/internal/api/handlers/media.go:225.60,226.21 1 0
levelup/go-api/internal/api/handlers/media.go:226.21,228.3 1 0
levelup/go-api/internal/api/handlers/media.go:229.2,229.63 1 0
levelup/go-api/internal/api/handlers/media.go:242.29,244.2 1 0
levelup/go-api/internal/api/handlers/media.go:248.66,251.2 2 0
levelup/go-api/internal/api/handlers/season_pass.go:26.76,28.2 1 1
levelup/go-api/internal/api/handlers/season_pass.go:32.83,35.16 3 0
levelup/go-api/internal/api/handlers/season_pass.go:35.16,38.3 2 0
levelup/go-api/internal/api/handlers/season_pass.go:40.2,41.16 2 0
levelup/go-api/internal/api/handlers/season_pass.go:41.16,44.3 2 0
levelup/go-api/internal/api/handlers/season_pass.go:46.2,46.35 1 0
levelup/go-api/internal/api/handlers/session_compare.go:22.105,24.2 1 1
levelup/go-api/internal/api/handlers/session_compare.go:27.81,30.16 3 0
levelup/go-api/internal/api/handlers/session_compare.go:30.16,33.3 2 0
levelup/go-api/internal/api/handlers/session_compare.go:35.2,36.92 2 0
levelup/go-api/internal/api/handlers/session_compare.go:36.92,39.3 2 0
levelup/go-api/internal/api/handlers/session_compare.go:41.2,42.19 2 0
levelup/go-api/internal/api/handlers/session_compare.go:42.19,45.3 2 0
levelup/go-api/internal/api/handlers/session_compare.go:47.2,47.35 1 0
levelup/go-api/internal/api/handlers/session_context.go:25.62,27.2 1 1
levelup/go-api/internal/api/handlers/session_context.go:31.78,33.17 2 0
levelup/go-api/internal/api/handlers/session_context.go:33.17,36.3 2 0
levelup/go-api/internal/api/handlers/session_context.go:38.2,39.61 2 0
levelup/go-api/internal/api/handlers/session_context.go:39.61,42.3 2 0
levelup/go-api/internal/api/handlers/session_context.go:44.2,44.27 1 0
levelup/go-api/internal/api/handlers/session_context.go:44.27,46.3 1 0
levelup/go-api/internal/api/handlers/session_context.go:47.2,47.50 1 0
levelup/go-api/internal/api/handlers/session_context.go:47.50,50.33 2 0
levelup/go-api/internal/api/handlers/session_context.go:50.33,55.4 2 0
levelup/go-api/internal/api/handlers/session_context.go:57.2,57.23 1 0
levelup/go-api/internal/api/handlers/session_context.go:57.23,59.3 1 0
levelup/go-api/internal/api/handlers/session_context.go:61.2,61.43 1 0
levelup/go-api/internal/api/handlers/session_context.go:61.43,64.3 2 0
levelup/go-api/internal/api/handlers/session_context.go:66.2,73.4 1 0
levelup/go-api/internal/api/handlers/session_page.go:21.96,23.2 1 1
levelup/go-api/internal/api/handlers/session_page.go:26.78,29.16 3 0
levelup/go-api/internal/api/handlers/session_page.go:29.16,33.3 3 0
levelup/go-api/internal/api/handlers/session_page.go:35.2,36.25 2 0
levelup/go-api/internal/api/handlers/session_page.go:36.25,37.93 1 0
levelup/go-api/internal/api/handlers/session_page.go:37.93,41.4 3 0
levelup/go-api/internal/api/handlers/session_page.go:43.2,43.39 1 0
levelup/go-api/internal/api/handlers/session_page.go:43.39,47.3 3 0
levelup/go-api/internal/api/handlers/session_page.go:49.2,57.16 3 0
levelup/go-api/internal/api/handlers/session_page.go:57.16,61.3 3 0
levelup/go-api/internal/api/handlers/session_page.go:63.2,70.35 2 0
levelup/go-api/internal/api/handlers/session_page.go:73.43,74.18 1 0
levelup/go-api/internal/api/handlers/session_page.go:74.18,76.3 1 0
levelup/go-api/internal/api/handlers/session_page.go:77.2,77.15 1 0
levelup/go-api/internal/api/handlers/session_page.go:80.66,81.18 1 0
levelup/go-api/internal/api/handlers/session_page.go:81.18,83.3 1 0
levelup/go-api/internal/api/handlers/session_page.go:84.2,84.27 1 0
levelup/go-api/internal/api/handlers/sessions.go:21.87,23.2 1 1
levelup/go-api/internal/api/handlers/sessions.go:26.79,29.16 3 0
levelup/go-api/internal/api/handlers/sessions.go:29.16,32.3 2 0
levelup/go-api/internal/api/handlers/sessions.go:35.2,36.62 2 0
levelup/go-api/internal/api/handlers/sessions.go:36.62,38.80 2 0
levelup/go-api/internal/api/handlers/sessions.go:38.80,40.4 1 0
levelup/go-api/internal/api/handlers/sessions.go:42.2,42.57 1 0
levelup/go-api/internal/api/handlers/sessions.go:42.57,44.3 1 0
levelup/go-api/internal/api/handlers/sessions.go:45.2,45.77 1 0
levelup/go-api/internal/api/handlers/sessions.go:45.77,47.3 1 0
levelup/go-api/internal/api/handlers/sessions.go:49.2,50.19 2 0
levelup/go-api/internal/api/handlers/sessions.go:50.19,53.3 2 0
levelup/go-api/internal/api/handlers/sessions.go:55.2,55.35 1 0
levelup/go-api/internal/api/handlers/settings.go:29.127,31.2 1 1
levelup/go-api/internal/api/handlers/settings.go:40.20,47.2 1 1
levelup/go-api/internal/api/handlers/settings.go:51.79,52.20 1 1
levelup/go-api/internal/api/handlers/settings.go:52.20,57.3 3 1
levelup/go-api/internal/api/handlers/settings.go:59.2,60.16 2 0
levelup/go-api/internal/api/handlers/settings.go:60.16,63.3 2 0
levelup/go-api/internal/api/handlers/settings.go:64.2,64.64 1 0
levelup/go-api/internal/api/handlers/settings.go:69.81,70.20 1 0
levelup/go-api/internal/api/handlers/settings.go:70.20,74.3 2 0
levelup/go-api/internal/api/handlers/settings.go:76.2,77.61 2 0
levelup/go-api/internal/api/handlers/settings.go:77.61,80.3 2 0
levelup/go-api/internal/api/handlers/settings.go:82.2,83.16 2 0
levelup/go-api/internal/api/handlers/settings.go:83.16,86.3 2 0
levelup/go-api/internal/api/handlers/settings.go:88.2,90.50 2 0
levelup/go-api/internal/api/handlers/settings.go:90.50,93.3 2 0
levelup/go-api/internal/api/handlers/settings.go:95.2,95.64 1 0
levelup/go-api/internal/api/handlers/settings.go:101.87,103.61 2 0
levelup/go-api/internal/api/handlers/settings.go:103.61,106.3 2 0
levelup/go-api/internal/api/handlers/settings.go:108.2,108.29 1 0
levelup/go-api/internal/api/handlers/settings.go:108.29,112.3 2 0
levelup/go-api/internal/api/handlers/settings.go:114.2,116.12 2 0
levelup/go-api/internal/api/handlers/settings.go:116.12,127.17 4 0
levelup/go-api/internal/api/handlers/settings.go:127.17,129.64 2 0
levelup/go-api/internal/api/handlers/settings.go:129.64,135.5 2 0
levelup/go-api/internal/api/handlers/settings.go:136.4,136.10 1 0
levelup/go-api/internal/api/handlers/settings.go:139.3,141.63 3 0
levelup/go-api/internal/api/handlers/settings.go:141.63,145.4 3 0
levelup/go-api/internal/api/handlers/settings.go:148.2,148.40 1 0
levelup/go-api/internal/api/handlers/setup.go:41.17,49.2 1 1
levelup/go-api/internal/api/handlers/setup.go:58.77,61.16 2 0
levelup/go-api/internal/api/handlers/setup.go:61.16,64.3 2 0
levelup/go-api/internal/api/handlers/setup.go:65.2,65.30 1 0
levelup/go-api/internal/api/handlers/setup.go:65.30,69.3 2 0
levelup/go-api/internal/api/handlers/setup.go:71.2,72.61 2 0
levelup/go-api/internal/api/handlers/setup.go:72.61,75.3 2 0
levelup/go-api/internal/api/handlers/setup.go:77.2,78.50 2 0
levelup/go-api/internal/api/handlers/setup.go:78.50,81.3 2 0
levelup/go-api/internal/api/handlers/setup.go:82.2,82.27 1 0
levelup/go-api/internal/api/handlers/setup.go:82.27,84.3 1 0
levelup/go-api/internal/api/handlers/setup.go:87.2,88.21 2 0
levelup/go-api/internal/api/handlers/setup.go:88.21,90.3 1 0
levelup/go-api/internal/api/handlers/setup.go:91.2,94.31 2 0
levelup/go-api/internal/api/handlers/setup.go:94.31,96.52 2 0
levelup/go-api/internal/api/handlers/setup.go:96.52,99.25 3 0
levelup/go-api/internal/api/handlers/setup.go:99.25,103.5 2 0
levelup/go-api/internal/api/handlers/setup.go:104.4,104.104 1 0
levelup/go-api/internal/api/handlers/setup.go:104.104,108.5 2 0
levelup/go-api/internal/api/handlers/setup.go:109.9,109.59 1 0
levelup/go-api/internal/api/handlers/setup.go:109.59,113.4 2 0
levelup/go-api/internal/api/handlers/setup.go:117.2,118.16 2 0
levelup/go-api/internal/api/handlers/setup.go:118.16,123.3 3 0
levelup/go-api/internal/api/handlers/setup.go:126.2,126.61 1 0
levelup/go-api/internal/api/handlers/setup.go:126.61,130.3 3 0
levelup/go-api/internal/api/handlers/setup.go:133.2,148.4 5 0
levelup/go-api/internal/api/handlers/setup.go:153.74,156.12 2 0
levelup/go-api/internal/api/handlers/setup.go:156.12,163.58 4 0
levelup/go-api/internal/api/handlers/setup.go:163.58,165.4 1 0
levelup/go-api/internal/api/handlers/setup.go:168.3,168.54 1 0
levelup/go-api/internal/api/handlers/setup.go:168.54,170.4 1 0
levelup/go-api/internal/api/handlers/setup.go:173.3,173.59 1 0
levelup/go-api/internal/api/handlers/setup.go:173.59,175.4 1 0
levelup/go-api/internal/api/handlers/setup.go:177.3,179.63 3 0
levelup/go-api/internal/api/handlers/setup.go:179.63,184.26 5 0
levelup/go-api/internal/api/handlers/setup.go:184.26,186.5 1 0
levelup/go-api/internal/api/handlers/setup.go:186.10,188.5 1 0
levelup/go-api/internal/api/handlers/setup.go:192.2,192.40 1 0
levelup/go-api/internal/api/handlers/setup.go:200.35,203.2 2 0
levelup/go-api/internal/api/handlers/squad.go:26.78,28.2 1 1
levelup/go-api/internal/api/handlers/squad.go:32.77,35.16 3 0
levelup/go-api/internal/api/handlers/squad.go:35.16,38.3 2 0
levelup/go-api/internal/api/handlers/squad.go:40.2,43.16 3 0
levelup/go-api/internal/api/handlers/squad.go:43.16,46.3 2 0
levelup/go-api/internal/api/handlers/squad.go:48.2,48.35 1 0
levelup/go-api/internal/api/handlers/squad.go:54.81,57.16 3 0
levelup/go-api/internal/api/handlers/squad.go:57.16,60.3 2 0
levelup/go-api/internal/api/handlers/squad.go:63.2,64.25 2 0
levelup/go-api/internal/api/handlers/squad.go:64.25,65.62 1 0
levelup/go-api/internal/api/handlers/squad.go:65.62,68.4 2 0
levelup/go-api/internal/api/handlers/squad.go:70.2,73.16 3 0
levelup/go-api/internal/api/handlers/squad.go:73.16,76.3 2 0
levelup/go-api/internal/api/handlers/squad.go:78.2,78.35 1 0
levelup/go-api/internal/api/handlers/stats.go:20.78,22.2 1 1
levelup/go-api/internal/api/handlers/stats.go:27.72,30.16 3 0
levelup/go-api/internal/api/handlers/stats.go:30.16,33.3 2 0
levelup/go-api/internal/api/handlers/stats.go:35.2,36.92 2 0
levelup/go-api/internal/api/handlers/stats.go:36.92,39.3 2 0
levelup/go-api/internal/api/handlers/stats.go:40.2,40.19 1 0
levelup/go-api/internal/api/handlers/stats.go:40.19,42.3 1 0
levelup/go-api/internal/api/handlers/stats.go:44.2,45.19 2 0
levelup/go-api/internal/api/handlers/stats.go:45.19,48.3 2 0
levelup/go-api/internal/api/handlers/stats.go:50.2,50.35 1 0
levelup/go-api/internal/api/handlers/sync_handler.go:32.119,38.2 1 1
levelup/go-api/internal/api/handlers/sync_handler.go:42.80,44.16 2 0
levelup/go-api/internal/api/handlers/sync_handler.go:44.16,47.3 2 0
levelup/go-api/internal/api/handlers/sync_handler.go:48.2,48.33 1 0
levelup/go-api/internal/api/handlers/sync_handler.go:48.33,52.3 2 0
levelup/go-api/internal/api/handlers/sync_handler.go:54.2,55.61 2 0
levelup/go-api/internal/api/handlers/sync_handler.go:55.61,58.3 2 0
levelup/go-api/internal/api/handlers/sync_handler.go:60.2,60.54 1 0
levelup/go-api/internal/api/handlers/sync_handler.go:60.54,63.3 2 0
levelup/go-api/internal/api/handlers/sync_handler.go:64.2,64.25 1 0
levelup/go-api/internal/api/handlers/sync_handler.go:64.25,66.3 1 0
levelup/go-api/internal/api/handlers/sync_handler.go:67.2,67.49 1 0
levelup/go-api/internal/api/handlers/sync_handler.go:67.49,70.3 2 0
levelup/go-api/internal/api/handlers/sync_handler.go:72.2,72.79 1 0
levelup/go-api/internal/api/handlers/sync_handler.go:72.79,76.3 2 0
levelup/go-api/internal/api/handlers/sync_handler.go:78.2,79.43 2 0
levelup/go-api/internal/api/handlers/sync_handler.go:79.43,83.3 2 0
levelup/go-api/internal/api/handlers/sync_handler.go:84.2,87.16 3 0
levelup/go-api/internal/api/handlers/sync_handler.go:87.16,90.3 2 0
levelup/go-api/internal/api/handlers/sync_handler.go:91.2,92.28 2 0
levelup/go-api/internal/api/handlers/sync_handler.go:92.28,93.37 1 0
levelup/go-api/internal/api/handlers/sync_handler.go:93.37,96.9 3 0
levelup/go-api/internal/api/handlers/sync_handler.go:99.2,99.20 1 0
levelup/go-api/internal/api/handlers/sync_handler.go:99.20,103.3 2 0
levelup/go-api/internal/api/handlers/sync_handler.go:105.2,107.12 2 0
levelup/go-api/internal/api/handlers/sync_handler.go:107.12,113.17 5 0
levelup/go-api/internal/api/handlers/sync_handler.go:113.17,117.4 3 0
levelup/go-api/internal/api/handlers/sync_handler.go:118.3,121.71 2 0
levelup/go-api/internal/api/handlers/sync_handler.go:124.2,124.40 1 0
levelup/go-api/internal/api/handlers/sync_handler.go:130.78,132.22 2 0
levelup/go-api/internal/api/handlers/sync_handler.go:132.22,135.3 2 0
levelup/go-api/internal/api/handlers/sync_handler.go:137.2,137.75 1 0
levelup/go-api/internal/api/handlers/sync_handler.go:137.75,141.3 2 0
levelup/go-api/internal/api/handlers/sync_handler.go:143.2,144.43 2 0
levelup/go-api/internal/api/handlers/sync_handler.go:144.43,148.3 2 0
levelup/go-api/internal/api/handlers/sync_handler.go:149.2,152.16 3 0
levelup/go-api/internal/api/handlers/sync_handler.go:152.16,155.3 2 0
levelup/go-api/internal/api/handlers/sync_handler.go:156.2,157.28 2 0
levelup/go-api/internal/api/handlers/sync_handler.go:157.28,158.33 1 0
levelup/go-api/internal/api/handlers/sync_handler.go:158.33,161.9 3 0
levelup/go-api/internal/api/handlers/sync_handler.go:164.2,164.20 1 0
levelup/go-api/internal/api/handlers/sync_handler.go:164.20,168.3 2 0
levelup/go-api/internal/api/handlers/sync_handler.go:170.2,172.12 2 0
levelup/go-api/internal/api/handlers/sync_handler.go:172.12,177.17 4 0
levelup/go-api/internal/api/handlers/sync_handler.go:177.17,181.4 3 0
levelup/go-api/internal/api/handlers/sync_handler.go:182.3,185.71 2 0
levelup/go-api/internal/api/handlers/sync_handler.go:188.2,188.40 1 0
levelup/go-api/internal/api/handlers/sync_handler.go:193.76,195.43 2 0
levelup/go-api/internal/api/handlers/sync_handler.go:195.43,198.3 2 0
levelup/go-api/internal/api/handlers/sync_handler.go:199.2,202.16 3 0
levelup/go-api/internal/api/handlers/sync_handler.go:202.16,205.3 2 0
levelup/go-api/internal/api/handlers/sync_handler.go:206.2,206.23 1 0
levelup/go-api/internal/api/handlers/sync_handler.go:206.23,209.3 2 0
levelup/go-api/internal/api/handlers/sync_handler.go:211.2,213.12 2 0
levelup/go-api/internal/api/handlers/sync_handler.go:213.12,216.29 3 0
levelup/go-api/internal/api/handlers/sync_handler.go:216.29,218.64 2 0
levelup/go-api/internal/api/handlers/sync_handler.go:218.64,222.5 3 0
levelup/go-api/internal/api/handlers/sync_handler.go:224.4,226.73 3 0
levelup/go-api/internal/api/handlers/sync_handler.go:226.73,228.5 1 0
levelup/go-api/internal/api/handlers/sync_handler.go:228.10,230.5 1 0
levelup/go-api/internal/api/handlers/sync_handler.go:233.3,234.17 2 0
levelup/go-api/internal/api/handlers/sync_handler.go:234.17,236.4 1 0
levelup/go-api/internal/api/handlers/sync_handler.go:236.9,238.4 1 0
levelup/go-api/internal/api/handlers/sync_handler.go:241.2,241.40 1 0
levelup/go-api/internal/api/handlers/synthesis.go:28.90,30.2 1 1
levelup/go-api/internal/api/handlers/synthesis.go:35.85,38.16 3 0
levelup/go-api/internal/api/handlers/synthesis.go:38.16,42.3 3 0
levelup/go-api/internal/api/handlers/synthesis.go:44.2,45.25 2 0
levelup/go-api/internal/api/handlers/synthesis.go:45.25,46.62 1 0
levelup/go-api/internal/api/handlers/synthesis.go:46.62,50.4 3 0
levelup/go-api/internal/api/handlers/synthesis.go:53.2,56.16 3 0
levelup/go-api/internal/api/handlers/synthesis.go:56.16,60.3 3 0
levelup/go-api/internal/api/handlers/synthesis.go:62.2,67.35 2 0
levelup/go-api/internal/api/handlers/teammates.go:23.90,25.2 1 1
levelup/go-api/internal/api/handlers/teammates.go:28.76,31.16 3 0
levelup/go-api/internal/api/handlers/teammates.go:31.16,34.3 2 0
levelup/go-api/internal/api/handlers/teammates.go:36.2,37.92 2 0
levelup/go-api/internal/api/handlers/teammates.go:37.92,40.3 2 0
levelup/go-api/internal/api/handlers/teammates.go:42.2,43.19 2 0
levelup/go-api/internal/api/handlers/teammates.go:43.19,47.3 3 0
levelup/go-api/internal/api/handlers/teammates.go:49.2,49.35 1 0
levelup/go-api/internal/api/handlers/timeseries.go:23.93,25.2 1 1
levelup/go-api/internal/api/handlers/timeseries.go:28.77,31.16 3 0
levelup/go-api/internal/api/handlers/timeseries.go:31.16,34.3 2 0
levelup/go-api/internal/api/handlers/timeseries.go:36.2,37.92 2 0
levelup/go-api/internal/api/handlers/timeseries.go:37.92,40.3 2 0
levelup/go-api/internal/api/handlers/timeseries.go:42.2,43.19 2 0
levelup/go-api/internal/api/handlers/timeseries.go:43.19,47.3 3 0
levelup/go-api/internal/api/handlers/timeseries.go:49.2,49.35 1 0
levelup/go-api/internal/api/handlers/user_auth.go:34.20,41.2 1 1
levelup/go-api/internal/api/handlers/user_auth.go:45.73,47.61 2 0
levelup/go-api/internal/api/handlers/user_auth.go:47.61,50.3 2 0
levelup/go-api/internal/api/handlers/user_auth.go:52.2,53.16 2 0
levelup/go-api/internal/api/handlers/user_auth.go:53.16,54.54 1 0
levelup/go-api/internal/api/handlers/user_auth.go:54.54,58.4 3 0
levelup/go-api/internal/api/handlers/user_auth.go:59.3,61.9 3 0
levelup/go-api/internal/api/handlers/user_auth.go:64.2,64.63 1 0
levelup/go-api/internal/api/handlers/user_auth.go:64.63,66.3 1 0
levelup/go-api/internal/api/handlers/user_auth.go:69.2,70.17 2 0
levelup/go-api/internal/api/handlers/user_auth.go:70.17,73.3 2 0
levelup/go-api/internal/api/handlers/user_auth.go:74.2,78.50 5 0
levelup/go-api/internal/api/handlers/user_auth.go:78.50,80.3 1 0
levelup/go-api/internal/api/handlers/user_auth.go:82.2,88.4 2 0
levelup/go-api/internal/api/handlers/user_auth.go:93.76,95.61 2 0
levelup/go-api/internal/api/handlers/user_auth.go:95.61,98.3 2 0
levelup/go-api/internal/api/handlers/user_auth.go:101.2,102.16 2 0
levelup/go-api/internal/api/handlers/user_auth.go:102.16,105.3 2 0
levelup/go-api/internal/api/handlers/user_auth.go:107.2,108.11 2 0
levelup/go-api/internal/api/handlers/user_auth.go:108.11,112.3 2 0
levelup/go-api/internal/api/handlers/user_auth.go:112.8,114.28 1 0
levelup/go-api/internal/api/handlers/user_auth.go:114.28,117.4 2 0
levelup/go-api/internal/api/handlers/user_auth.go:118.3,118.28 1 0
levelup/go-api/internal/api/handlers/user_auth.go:118.28,119.28 1 0
levelup/go-api/internal/api/handlers/user_auth.go:119.28,122.5 2 0
levelup/go-api/internal/api/handlers/user_auth.go:123.4,123.61 1 0
levelup/go-api/internal/api/handlers/user_auth.go:123.61,126.5 2 0
levelup/go-api/internal/api/handlers/user_auth.go:130.2,131.16 2 0
levelup/go-api/internal/api/handlers/user_auth.go:131.16,132.53 1 0
levelup/go-api/internal/api/handlers/user_auth.go:132.53,136.4 3 0
levelup/go-api/internal/api/handlers/user_auth.go:137.3,137.100 1 0
levelup/go-api/internal/api/handlers/user_auth.go:137.100,140.4 2 0
levelup/go-api/internal/api/handlers/user_auth.go:141.3,142.9 2 0
levelup/go-api/internal/api/handlers/user_auth.go:146.2,146.36 1 0
levelup/go-api/internal/api/handlers/user_auth.go:146.36,147.74 1 0
levelup/go-api/internal/api/handlers/user_auth.go:147.74,149.4 1 0
levelup/go-api/internal/api/handlers/user_auth.go:153.2,154.17 2 0
levelup/go-api/internal/api/handlers/user_auth.go:154.17,158.51 4 0
levelup/go-api/internal/api/handlers/user_auth.go:158.51,160.4 1 0
levelup/go-api/internal/api/handlers/user_auth.go:163.2,168.4 2 0
levelup/go-api/internal/api/handlers/user_auth.go:173.74,175.17 2 0
levelup/go-api/internal/api/handlers/user_auth.go:175.17,177.27 2 0
levelup/go-api/internal/api/handlers/user_auth.go:177.27,179.4 1 0
levelup/go-api/internal/api/handlers/user_auth.go:180.3,182.51 3 0
levelup/go-api/internal/api/handlers/user_auth.go:182.51,184.4 1 0
levelup/go-api/internal/api/handlers/user_auth.go:185.3,185.50 1 0
levelup/go-api/internal/api/handlers/user_auth.go:187.2,187.37 1 0
levelup/go-api/internal/api/handlers/user_auth.go:191.89,192.40 1 0
levelup/go-api/internal/api/handlers/user_auth.go:192.40,194.3 1 0
levelup/go-api/internal/api/handlers/user_auth.go:195.2,196.32 2 0
levelup/go-api/internal/api/handlers/watcher_handler.go:46.19,56.2 2 1
levelup/go-api/internal/api/handlers/watcher_handler.go:92.76,94.16 2 0
levelup/go-api/internal/api/handlers/watcher_handler.go:94.16,97.3 2 0
levelup/go-api/internal/api/handlers/watcher_handler.go:99.2,103.38 2 0
levelup/go-api/internal/api/handlers/watcher_handler.go:103.38,105.3 1 0
levelup/go-api/internal/api/handlers/watcher_handler.go:108.2,109.16 2 0
levelup/go-api/internal/api/handlers/watcher_handler.go:109.16,111.44 2 0
levelup/go-api/internal/api/handlers/watcher_handler.go:111.44,113.4 1 0
levelup/go-api/internal/api/handlers/watcher_handler.go:114.3,114.43 1 0
levelup/go-api/internal/api/handlers/watcher_handler.go:118.2,118.21 1 0
levelup/go-api/internal/api/handlers/watcher_handler.go:118.21,122.28 4 0
levelup/go-api/internal/api/handlers/watcher_handler.go:122.28,124.4 1 0
levelup/go-api/internal/api/handlers/watcher_handler.go:127.2,127.35 1 0
levelup/go-api/internal/api/handlers/watcher_handler.go:132.76,134.12 2 0
levelup/go-api/internal/api/handlers/watcher_handler.go:134.12,142.3 2 0
levelup/go-api/internal/api/handlers/watcher_handler.go:144.2,145.16 2 0
levelup/go-api/internal/api/handlers/watcher_handler.go:145.16,146.78 1 0
levelup/go-api/internal/api/handlers/watcher_handler.go:146.78,150.4 3 0
levelup/go-api/internal/api/handlers/watcher_handler.go:151.3,152.9 2 0
levelup/go-api/internal/api/handlers/watcher_handler.go:155.2,155.77 1 0
levelup/go-api/internal/api/handlers/watcher_handler.go:155.77,160.3 4 0
levelup/go-api/internal/api/handlers/watcher_handler.go:163.2,171.4 3 0
levelup/go-api/internal/api/handlers/watcher_handler.go:176.80,179.17 3 0
levelup/go-api/internal/api/handlers/watcher_handler.go:179.17,182.3 2 0
levelup/go-api/internal/api/handlers/watcher_handler.go:184.2,189.4 1 0
levelup/go-api/internal/api/handlers/watcher_handler.go:194.85,196.61 2 0
levelup/go-api/internal/api/handlers/watcher_handler.go:196.61,199.3 2 0
levelup/go-api/internal/api/handlers/watcher_handler.go:201.2,202.16 2 0
levelup/go-api/internal/api/handlers/watcher_handler.go:202.16,205.3 2 0
levelup/go-api/internal/api/handlers/watcher_handler.go:207.2,208.23 2 0
levelup/go-api/internal/api/handlers/watcher_handler.go:208.23,210.3 1 0
levelup/go-api/internal/api/handlers/watcher_handler.go:211.2,213.50 2 0
levelup/go-api/internal/api/handlers/watcher_handler.go:213.50,216.3 2 0
levelup/go-api/internal/api/handlers/watcher_handler.go:219.2,219.45 1 0
levelup/go-api/internal/api/handlers/watcher_handler.go:219.45,221.3 1 0
levelup/go-api/internal/api/handlers/watcher_handler.go:223.2,226.4 2 0
levelup/go-api/internal/api/handlers/watcher_handler.go:230.123,240.16 6 0
levelup/go-api/internal/api/handlers/watcher_handler.go:240.16,241.70 1 0
levelup/go-api/internal/api/handlers/watcher_handler.go:241.70,245.4 3 0
levelup/go-api/internal/api/handlers/watcher_handler.go:246.3,247.9 2 0
levelup/go-api/internal/api/handlers/watcher_handler.go:250.2,254.16 3 0
levelup/go-api/internal/api/handlers/watcher_handler.go:254.16,255.70 1 0
levelup/go-api/internal/api/handlers/watcher_handler.go:255.70,259.4 3 0
levelup/go-api/internal/api/handlers/watcher_handler.go:260.3,261.9 2 0
levelup/go-api/internal/api/handlers/watcher_handler.go:265.2,266.19 2 0
levelup/go-api/internal/api/handlers/watcher_handler.go:266.19,268.3 1 0
levelup/go-api/internal/api/handlers/watcher_handler.go:269.2,276.50 7 0
levelup/go-api/internal/api/handlers/watcher_handler.go:276.50,278.3 1 0
levelup/go-api/internal/api/handlers/watcher_handler.go:281.2,281.21 1 0
levelup/go-api/internal/api/handlers/watcher_handler.go:281.21,283.3 1 0
levelup/go-api/internal/api/handlers/watcher_handler.go:285.2,285.69 1 0
levelup/go-api/internal/api/handlers/watcher_handler.go:285.69,291.3 5 0
levelup/go-api/internal/api/handlers/watcher_handler.go:293.2,296.3 1 0
levelup/go-api/internal/service/bootstrap_service.go:26.102,28.2 1 1
levelup/go-api/internal/service/bootstrap_service.go:31.90,34.2 2 0
levelup/go-api/internal/service/bootstrap_service.go:38.98,41.2 2 0
levelup/go-api/internal/service/bootstrap_service.go:44.90,47.2 2 0
levelup/go-api/internal/service/bootstrap_service.go:51.116,53.16 2 1
levelup/go-api/internal/service/bootstrap_service.go:53.16,56.3 2 0
levelup/go-api/internal/service/bootstrap_service.go:58.2,59.16 2 1
levelup/go-api/internal/service/bootstrap_service.go:59.16,62.3 2 0
levelup/go-api/internal/service/bootstrap_service.go:64.2,72.22 7 1
levelup/go-api/internal/service/bootstrap_service.go:72.22,75.51 2 1
levelup/go-api/internal/service/bootstrap_service.go:75.51,76.30 1 0
levelup/go-api/internal/service/bootstrap_service.go:76.30,77.48 1 0
levelup/go-api/internal/service/bootstrap_service.go:77.48,79.11 2 0
levelup/go-api/internal/service/bootstrap_service.go:83.3,84.21 2 1
levelup/go-api/internal/service/bootstrap_service.go:88.2,89.48 2 1
levelup/go-api/internal/service/bootstrap_service.go:89.48,91.3 1 0
levelup/go-api/internal/service/bootstrap_service.go:95.2,96.54 2 1
levelup/go-api/internal/service/bootstrap_service.go:96.54,97.31 1 1
levelup/go-api/internal/service/bootstrap_service.go:97.31,100.51 2 0
levelup/go-api/internal/service/bootstrap_service.go:100.51,108.5 2 0
levelup/go-api/internal/service/bootstrap_service.go:111.3,111.50 1 1
levelup/go-api/internal/service/bootstrap_service.go:111.50,112.112 1 0
levelup/go-api/internal/service/bootstrap_service.go:112.112,119.5 2 0
levelup/go-api/internal/service/bootstrap_service.go:123.2,143.8 1 1
levelup/go-api/internal/service/bootstrap_service.go:148.111,156.12 5 0
levelup/go-api/internal/service/bootstrap_service.go:156.12,158.17 2 0
levelup/go-api/internal/service/bootstrap_service.go:158.17,162.4 3 0
levelup/go-api/internal/service/bootstrap_service.go:163.3,163.21 1 0
levelup/go-api/internal/service/bootstrap_service.go:166.2,166.9 1 0
levelup/go-api/internal/service/bootstrap_service.go:167.17,168.16 1 0
levelup/go-api/internal/service/bootstrap_service.go:169.27,171.13 2 0
levelup/go-api/internal/service/bootstrap_service.go:176.101,178.16 2 1
levelup/go-api/internal/service/bootstrap_service.go:178.16,180.3 1 0
levelup/go-api/internal/service/bootstrap_service.go:181.2,182.22 2 1
levelup/go-api/internal/service/bootstrap_service.go:182.22,185.3 2 1
levelup/go-api/internal/service/bootstrap_service.go:186.2,189.8 1 1
levelup/go-api/internal/service/bootstrap_service.go:194.101,207.2 2 1
levelup/go-api/internal/service/bootstrap_service.go:209.106,217.2 2 1
levelup/go-api/internal/service/bootstrap_service.go:219.100,221.22 2 1
levelup/go-api/internal/service/bootstrap_service.go:221.22,223.3 1 1
levelup/go-api/internal/service/bootstrap_service.go:224.2,230.3 1 1
levelup/go-api/internal/service/bootstrap_service.go:233.106,234.23 1 1
levelup/go-api/internal/service/bootstrap_service.go:234.23,236.3 1 0
levelup/go-api/internal/service/bootstrap_service.go:238.2,238.23 1 1
levelup/go-api/internal/service/bootstrap_service.go:238.23,240.3 1 0
levelup/go-api/internal/service/bootstrap_service.go:241.2,242.16 2 1
levelup/go-api/internal/service/bootstrap_service.go:242.16,245.3 2 0
levelup/go-api/internal/service/bootstrap_service.go:246.2,246.15 1 1
levelup/go-api/internal/service/bootstrap_service.go:246.15,248.3 1 0
levelup/go-api/internal/service/bootstrap_service.go:249.2,249.32 1 1
levelup/go-api/internal/service/bootstrap_service.go:253.56,254.17 1 1
levelup/go-api/internal/service/bootstrap_service.go:254.17,256.3 1 0
levelup/go-api/internal/service/bootstrap_service.go:257.2,257.22 1 1
levelup/go-api/internal/service/bootstrap_service.go:261.49,262.29 1 1
levelup/go-api/internal/service/bootstrap_service.go:262.29,264.3 1 1
levelup/go-api/internal/service/bootstrap_service.go:265.2,266.16 2 0
levelup/go-api/internal/service/bootstrap_service.go:266.16,269.3 2 0
levelup/go-api/internal/service/bootstrap_service.go:270.2,270.14 1 0
levelup/go-api/internal/service/bootstrap_service.go:274.56,275.36 1 1
levelup/go-api/internal/service/bootstrap_service.go:275.36,277.3 1 1
levelup/go-api/internal/service/bootstrap_service.go:278.2,278.78 1 0
levelup/go-api/internal/service/bootstrap_service.go:278.78,280.3 1 0
levelup/go-api/internal/service/bootstrap_service.go:281.2,281.16 1 0
levelup/go-api/internal/service/bootstrap_service.go:285.82,286.51 1 1
levelup/go-api/internal/service/bootstrap_service.go:286.51,288.3 1 1
levelup/go-api/internal/service/bootstrap_service.go:289.2,292.3 1 0
levelup/go-api/internal/service/bootstrap_service.go:295.81,296.32 1 1
levelup/go-api/internal/service/bootstrap_service.go:296.32,297.28 1 0
levelup/go-api/internal/service/bootstrap_service.go:297.28,299.4 1 0
levelup/go-api/internal/service/bootstrap_service.go:301.2,301.12 1 1
levelup/go-api/internal/service/bootstrap_service.go:304.80,305.32 1 1
levelup/go-api/internal/service/bootstrap_service.go:305.32,306.41 1 0
levelup/go-api/internal/service/bootstrap_service.go:306.41,308.4 1 0
levelup/go-api/internal/service/bootstrap_service.go:310.2,310.12 1 1
levelup/go-api/internal/service/bootstrap_service.go:315.51,319.24 4 1
levelup/go-api/internal/service/bootstrap_service.go:319.24,321.36 2 1
levelup/go-api/internal/service/bootstrap_service.go:321.36,323.4 1 1
levelup/go-api/internal/service/bootstrap_service.go:324.3,331.5 1 1
levelup/go-api/internal/service/bootstrap_service.go:333.2,333.12 1 1
levelup/go-api/internal/service/career_service.go:31.66,33.2 1 0
levelup/go-api/internal/service/career_service.go:36.84,39.2 2 0
levelup/go-api/internal/service/career_service.go:42.95,44.16 2 0
levelup/go-api/internal/service/career_service.go:44.16,46.3 1 0
levelup/go-api/internal/service/career_service.go:47.2,48.16 2 0
levelup/go-api/internal/service/career_service.go:48.16,50.3 1 0
levelup/go-api/internal/service/career_service.go:51.2,52.16 2 0
levelup/go-api/internal/service/career_service.go:52.16,54.3 1 0
levelup/go-api/internal/service/career_service.go:56.2,72.8 7 0
levelup/go-api/internal/service/career_service.go:76.101,78.16 2 0
levelup/go-api/internal/service/career_service.go:78.16,80.3 1 0
levelup/go-api/internal/service/career_service.go:84.2,93.8 5 0
levelup/go-api/internal/service/career_service.go:97.101,99.16 2 0
levelup/go-api/internal/service/career_service.go:99.16,101.3 1 0
levelup/go-api/internal/service/career_service.go:103.2,104.25 2 0
levelup/go-api/internal/service/career_service.go:104.25,113.32 2 0
levelup/go-api/internal/service/career_service.go:113.32,115.4 1 0
levelup/go-api/internal/service/career_service.go:115.9,117.4 1 0
levelup/go-api/internal/service/career_service.go:120.2,124.8 1 0
levelup/go-api/internal/service/career_service.go:131.79,132.17 1 0
levelup/go-api/internal/service/career_service.go:132.17,134.3 1 0
levelup/go-api/internal/service/career_service.go:135.2,137.31 3 0
levelup/go-api/internal/service/career_service.go:137.31,139.3 1 0
levelup/go-api/internal/service/career_service.go:140.2,141.25 2 0
levelup/go-api/internal/service/career_service.go:141.25,143.3 1 0
levelup/go-api/internal/service/career_service.go:144.2,145.26 2 0
levelup/go-api/internal/service/career_service.go:145.26,147.3 1 0
levelup/go-api/internal/service/career_service.go:148.2,149.26 2 0
levelup/go-api/internal/service/career_service.go:149.26,151.3 1 0
levelup/go-api/internal/service/career_service.go:152.2,165.3 3 0
levelup/go-api/internal/service/career_service.go:168.58,169.52 1 0
levelup/go-api/internal/service/career_service.go:169.52,171.3 1 0
levelup/go-api/internal/service/career_service.go:172.2,173.50 2 0
levelup/go-api/internal/service/career_service.go:173.50,175.3 1 0
levelup/go-api/internal/service/career_service.go:176.2,176.50 1 0
levelup/go-api/internal/service/career_service.go:176.50,178.3 1 0
levelup/go-api/internal/service/career_service.go:179.2,179.20 1 0
levelup/go-api/internal/service/career_service.go:179.20,181.31 2 0
levelup/go-api/internal/service/career_service.go:181.31,183.4 1 0
levelup/go-api/internal/service/career_service.go:184.3,184.16 1 0
levelup/go-api/internal/service/career_service.go:186.2,186.48 1 0
levelup/go-api/internal/service/career_service.go:189.75,190.15 1 0
levelup/go-api/internal/service/career_service.go:190.15,192.3 1 0
levelup/go-api/internal/service/career_service.go:193.2,193.20 1 0
levelup/go-api/internal/service/career_service.go:193.20,195.3 1 0
levelup/go-api/internal/service/career_service.go:196.2,197.17 2 0
levelup/go-api/internal/service/career_service.go:197.17,199.3 1 0
levelup/go-api/internal/service/career_service.go:200.2,200.34 1 0
levelup/go-api/internal/service/career_service.go:203.54,204.40 1 0
levelup/go-api/internal/service/career_service.go:204.40,206.3 1 0
levelup/go-api/internal/service/career_service.go:207.2,207.22 1 0
levelup/go-api/internal/service/career_service.go:210.57,212.19 2 0
levelup/go-api/internal/service/career_service.go:212.19,214.3 1 0
levelup/go-api/internal/service/career_service.go:215.2,217.17 3 0
levelup/go-api/internal/service/career_service.go:217.17,219.3 1 0
levelup/go-api/internal/service/career_service.go:220.2,225.3 1 0
levelup/go-api/internal/service/career_service.go:228.94,229.22 1 0
levelup/go-api/internal/service/career_service.go:229.22,231.3 1 0
levelup/go-api/internal/service/career_service.go:232.2,237.46 5 0
levelup/go-api/internal/service/career_service.go:237.46,243.3 5 0
levelup/go-api/internal/service/career_service.go:245.2,249.3 1 0
levelup/go-api/internal/service/career_service.go:254.69,255.22 1 0
levelup/go-api/internal/service/career_service.go:255.22,257.3 1 0
levelup/go-api/internal/service/career_service.go:258.2,261.18 4 0
levelup/go-api/internal/service/career_service.go:261.18,263.3 1 0
levelup/go-api/internal/service/career_service.go:264.2,265.36 2 0
levelup/go-api/internal/service/career_service.go:265.36,269.35 4 0
levelup/go-api/internal/service/career_service.go:269.35,271.4 1 0
levelup/go-api/internal/service/career_service.go:271.9,273.4 1 0
levelup/go-api/internal/service/career_service.go:275.2,275.26 1 0
levelup/go-api/internal/service/career_service.go:275.26,277.3 1 0
levelup/go-api/internal/service/career_service.go:278.2,278.43 1 0
levelup/go-api/internal/service/career_service.go:282.72,285.31 3 0
levelup/go-api/internal/service/career_service.go:285.31,287.3 1 0
levelup/go-api/internal/service/career_service.go:288.2,288.32 1 0
levelup/go-api/internal/service/career_service.go:291.78,292.23 1 0
levelup/go-api/internal/service/career_service.go:292.23,294.3 1 0
levelup/go-api/internal/service/career_service.go:296.2,297.29 2 0
levelup/go-api/internal/service/career_service.go:297.29,298.40 1 0
levelup/go-api/internal/service/career_service.go:298.40,300.4 1 0
levelup/go-api/internal/service/career_service.go:302.2,303.23 2 0
levelup/go-api/internal/service/career_service.go:303.23,306.10 3 0
levelup/go-api/internal/service/career_service.go:307.18,308.35 1 0
levelup/go-api/internal/service/career_service.go:309.18,310.34 1 0
levelup/go-api/internal/service/career_service.go:311.11,312.16 1 0
levelup/go-api/internal/service/career_service.go:314.3,314.18 1 0
levelup/go-api/internal/service/career_service.go:316.2,322.3 1 0
levelup/go-api/internal/service/career_service.go:329.87,332.14 3 0
levelup/go-api/internal/service/career_service.go:332.14,334.3 1 0
levelup/go-api/internal/service/career_service.go:335.2,335.31 1 0
levelup/go-api/internal/service/career_service.go:338.54,339.53 1 0
levelup/go-api/internal/service/career_service.go:339.53,341.3 1 0
levelup/go-api/internal/service/career_service.go:344.75,346.25 2 0
levelup/go-api/internal/service/career_service.go:346.25,350.18 4 0
levelup/go-api/internal/service/career_service.go:350.18,352.4 1 0
levelup/go-api/internal/service/career_service.go:353.3,353.19 1 0
levelup/go-api/internal/service/career_service.go:353.19,355.4 1 0
levelup/go-api/internal/service/career_service.go:356.3,366.5 1 0
levelup/go-api/internal/service/career_service.go:368.2,368.12 1 0
levelup/go-api/internal/service/career_service.go:376.95,377.23 1 0
levelup/go-api/internal/service/career_service.go:377.23,379.3 1 0
levelup/go-api/internal/service/career_service.go:380.2,382.33 3 0
levelup/go-api/internal/service/career_service.go:382.33,384.3 1 0
levelup/go-api/internal/service/career_service.go:385.2,385.52 1 0
levelup/go-api/internal/service/career_service.go:389.58,398.2 1 0
levelup/go-api/internal/service/citations_service.go:18.75,20.2 1 0
levelup/go-api/internal/service/citations_service.go:23.105,25.16 2 0
levelup/go-api/internal/service/citations_service.go:25.16,27.3 1 0
levelup/go-api/internal/service/citations_service.go:29.2,30.16 2 0
levelup/go-api/internal/service/citations_service.go:30.16,33.3 1 0
levelup/go-api/internal/service/citations_service.go:35.2,41.8 3 0
levelup/go-api/internal/service/citations_service.go:48.46,50.16 2 0
levelup/go-api/internal/service/citations_service.go:50.16,52.3 1 0
levelup/go-api/internal/service/citations_service.go:54.2,55.16 2 0
levelup/go-api/internal/service/citations_service.go:55.16,58.3 1 0
levelup/go-api/internal/service/citations_service.go:60.2,66.8 3 0
levelup/go-api/internal/service/citations_service.go:70.63,72.25 2 0
levelup/go-api/internal/service/citations_service.go:72.25,74.3 1 0
levelup/go-api/internal/service/citations_service.go:75.2,75.14 1 0
levelup/go-api/internal/service/compare_service.go:27.129,29.2 1 0
levelup/go-api/internal/service/compare_service.go:32.114,33.39 1 0
levelup/go-api/internal/service/compare_service.go:33.39,35.3 1 0
levelup/go-api/internal/service/compare_service.go:37.2,40.20 3 0
levelup/go-api/internal/service/compare_service.go:40.20,44.3 3 0
levelup/go-api/internal/service/compare_service.go:46.2,46.20 1 0
levelup/go-api/internal/service/compare_service.go:46.20,49.18 2 0
levelup/go-api/internal/service/compare_service.go:49.18,52.34 2 0
levelup/go-api/internal/service/compare_service.go:52.34,55.5 2 0
levelup/go-api/internal/service/compare_service.go:58.3,59.17 2 0
levelup/go-api/internal/service/compare_service.go:59.17,61.4 1 0
levelup/go-api/internal/service/compare_service.go:62.3,63.13 2 0
levelup/go-api/internal/service/compare_service.go:66.2,66.33 1 0
levelup/go-api/internal/service/compare_service.go:66.33,68.3 1 0
levelup/go-api/internal/service/compare_service.go:70.2,76.8 2 0
levelup/go-api/internal/service/compare_service.go:80.80,103.25 4 0
levelup/go-api/internal/service/compare_service.go:103.25,107.33 3 0
levelup/go-api/internal/service/compare_service.go:107.33,108.19 1 0
levelup/go-api/internal/service/compare_service.go:108.19,110.5 1 0
levelup/go-api/internal/service/compare_service.go:110.10,110.26 1 0
levelup/go-api/internal/service/compare_service.go:110.26,112.5 1 0
levelup/go-api/internal/service/compare_service.go:113.9,114.31 1 0
levelup/go-api/internal/service/compare_service.go:114.31,115.20 1 0
levelup/go-api/internal/service/compare_service.go:115.20,117.6 1 0
levelup/go-api/internal/service/compare_service.go:117.11,119.6 1 0
levelup/go-api/internal/service/compare_service.go:122.3,129.5 1 0
levelup/go-api/internal/service/compare_service.go:131.2,131.13 1 0
levelup/go-api/internal/service/explorer_service.go:21.85,23.2 1 0
levelup/go-api/internal/service/explorer_service.go:31.47,33.16 2 0
levelup/go-api/internal/service/explorer_service.go:33.16,36.3 1 0
levelup/go-api/internal/service/explorer_service.go:38.2,39.16 2 0
levelup/go-api/internal/service/explorer_service.go:39.16,42.3 1 0
levelup/go-api/internal/service/explorer_service.go:44.2,50.8 2 0
levelup/go-api/internal/service/explorer_service.go:54.91,55.19 1 0
levelup/go-api/internal/service/explorer_service.go:55.19,57.3 1 0
levelup/go-api/internal/service/explorer_service.go:59.2,60.30 2 0
levelup/go-api/internal/service/explorer_service.go:60.30,62.3 1 0
levelup/go-api/internal/service/explorer_service.go:64.2,65.27 2 0
levelup/go-api/internal/service/explorer_service.go:65.27,82.3 3 0
levelup/go-api/internal/service/explorer_service.go:83.2,83.15 1 0
levelup/go-api/internal/service/fanout_service.go:27.61,32.2 1 0
levelup/go-api/internal/service/fanout_service.go:40.31,41.32 1 0
levelup/go-api/internal/service/fanout_service.go:41.32,46.3 1 0
levelup/go-api/internal/service/fanout_service.go:48.2,49.16 2 0
levelup/go-api/internal/service/fanout_service.go:49.16,51.3 1 0
levelup/go-api/internal/service/fanout_service.go:54.2,55.16 2 0
levelup/go-api/internal/service/fanout_service.go:55.16,57.3 1 0
levelup/go-api/internal/service/fanout_service.go:59.2,65.28 2 0
levelup/go-api/internal/service/fanout_service.go:65.28,66.47 1 0
levelup/go-api/internal/service/fanout_service.go:66.47,67.12 1 0
levelup/go-api/internal/service/fanout_service.go:70.3,71.17 2 0
levelup/go-api/internal/service/fanout_service.go:71.17,74.12 2 0
levelup/go-api/internal/service/fanout_service.go:76.3,76.17 1 0
levelup/go-api/internal/service/fanout_service.go:76.17,77.12 1 0
levelup/go-api/internal/service/fanout_service.go:80.3,85.5 1 0
levelup/go-api/internal/service/fanout_service.go:88.2,94.18 2 0
levelup/go-api/internal/service/fanout_service.go:103.23,105.43 2 0
levelup/go-api/internal/service/fanout_service.go:105.43,107.3 1 0
levelup/go-api/internal/service/fanout_service.go:109.2,109.38 1 0
levelup/go-api/internal/service/fanout_service.go:109.38,111.17 2 0
levelup/go-api/internal/service/fanout_service.go:111.17,114.12 2 0
levelup/go-api/internal/service/fanout_service.go:116.3,122.4 3 0
levelup/go-api/internal/service/fanout_service.go:125.2,125.15 1 0
levelup/go-api/internal/service/fanout_service.go:133.16,135.16 2 0
levelup/go-api/internal/service/fanout_service.go:135.16,137.3 1 0
levelup/go-api/internal/service/fanout_service.go:140.2,141.16 2 0
levelup/go-api/internal/service/fanout_service.go:141.16,143.3 1 0
levelup/go-api/internal/service/fanout_service.go:145.2,146.31 2 0
levelup/go-api/internal/service/fanout_service.go:146.31,147.21 1 0
levelup/go-api/internal/service/fanout_service.go:147.21,149.4 1 0
levelup/go-api/internal/service/fanout_service.go:152.2,152.23 1 0
levelup/go-api/internal/service/fanout_service.go:152.23,154.3 1 0
levelup/go-api/internal/service/fanout_service.go:158.2,159.16 2 0
levelup/go-api/internal/service/fanout_service.go:159.16,161.3 1 0
levelup/go-api/internal/service/fanout_service.go:163.2,163.22 1 0
levelup/go-api/internal/service/filters_service.go:32.69,34.2 1 0
levelup/go-api/internal/service/filters_service.go:40.41,42.16 2 0
levelup/go-api/internal/service/filters_service.go:42.16,44.3 1 0
levelup/go-api/internal/service/filters_service.go:45.2,45.49 1 0
levelup/go-api/internal/service/filters_service.go:52.32,57.22 4 0
levelup/go-api/internal/service/filters_service.go:57.22,59.3 1 0
levelup/go-api/internal/service/filters_service.go:62.2,63.40 2 0
levelup/go-api/internal/service/filters_service.go:63.40,65.3 1 0
levelup/go-api/internal/service/filters_service.go:65.8,67.3 1 0
levelup/go-api/internal/service/filters_service.go:70.2,83.3 3 0
levelup/go-api/internal/service/filters_service.go:90.39,95.2 4 0
levelup/go-api/internal/service/filters_service.go:97.47,99.15 2 0
levelup/go-api/internal/service/filters_service.go:99.15,101.3 1 0
levelup/go-api/internal/service/filters_service.go:102.2,102.29 1 0
levelup/go-api/internal/service/filters_service.go:105.46,106.43 1 0
levelup/go-api/internal/service/filters_service.go:106.43,108.3 1 0
levelup/go-api/internal/service/filters_service.go:109.2,109.30 1 0
levelup/go-api/internal/service/filters_service.go:112.51,114.2 1 0
levelup/go-api/internal/service/filters_service.go:116.33,117.14 1 0
levelup/go-api/internal/service/filters_service.go:117.14,119.3 1 0
levelup/go-api/internal/service/filters_service.go:120.2,120.11 1 0
levelup/go-api/internal/service/filters_service.go:127.78,135.25 4 0
levelup/go-api/internal/service/filters_service.go:135.25,137.16 2 0
levelup/go-api/internal/service/filters_service.go:137.16,138.12 1 0
levelup/go-api/internal/service/filters_service.go:140.3,142.22 3 0
levelup/go-api/internal/service/filters_service.go:142.22,144.4 1 0
levelup/go-api/internal/service/filters_service.go:145.3,146.46 2 0
levelup/go-api/internal/service/filters_service.go:146.46,148.4 1 0
levelup/go-api/internal/service/filters_service.go:151.2,152.23 2 0
levelup/go-api/internal/service/filters_service.go:152.23,154.3 1 0
levelup/go-api/internal/service/filters_service.go:155.2,159.29 4 0
levelup/go-api/internal/service/filters_service.go:159.29,162.16 3 0
levelup/go-api/internal/service/filters_service.go:162.16,164.4 1 0
levelup/go-api/internal/service/filters_service.go:165.3,172.16 3 0
levelup/go-api/internal/service/filters_service.go:172.16,174.4 1 0
levelup/go-api/internal/service/filters_service.go:174.9,176.4 1 0
levelup/go-api/internal/service/filters_service.go:178.2,182.3 1 0
levelup/go-api/internal/service/filters_service.go:189.100,190.44 1 0
levelup/go-api/internal/service/filters_service.go:190.44,192.3 1 0
levelup/go-api/internal/service/filters_service.go:193.2,194.25 2 0
levelup/go-api/internal/service/filters_service.go:194.25,195.25 1 0
levelup/go-api/internal/service/filters_service.go:195.25,196.12 1 0
levelup/go-api/internal/service/filters_service.go:198.3,199.51 2 0
levelup/go-api/internal/service/filters_service.go:199.51,200.12 1 0
levelup/go-api/internal/service/filters_service.go:202.3,202.23 1 0
levelup/go-api/internal/service/filters_service.go:202.23,204.20 2 0
levelup/go-api/internal/service/filters_service.go:204.20,205.13 1 0
levelup/go-api/internal/service/filters_service.go:208.3,208.23 1 0
levelup/go-api/internal/service/filters_service.go:210.2,210.12 1 0
levelup/go-api/internal/service/filters_service.go:213.104,215.26 2 0
levelup/go-api/internal/service/filters_service.go:215.26,216.16 1 0
levelup/go-api/internal/service/filters_service.go:216.16,218.4 1 0
levelup/go-api/internal/service/filters_service.go:220.2,223.39 4 0
levelup/go-api/internal/service/filters_service.go:223.39,225.3 1 0
levelup/go-api/internal/service/filters_service.go:226.2,226.20 1 0
levelup/go-api/internal/service/filters_service.go:226.20,228.3 1 0
levelup/go-api/internal/service/filters_service.go:229.2,230.25 2 0
levelup/go-api/internal/service/filters_service.go:230.25,231.49 1 0
levelup/go-api/internal/service/filters_service.go:231.49,232.30 1 0
levelup/go-api/internal/service/filters_service.go:232.30,234.5 1 0
levelup/go-api/internal/service/filters_service.go:237.2,237.12 1 0
levelup/go-api/internal/service/filters_service.go:240.103,246.2 5 0
levelup/go-api/internal/service/filters_service.go:248.98,249.60 1 0
levelup/go-api/internal/service/filters_service.go:249.60,251.3 1 0
levelup/go-api/internal/service/filters_service.go:252.2,253.26 2 0
levelup/go-api/internal/service/filters_service.go:253.26,255.10 2 0
levelup/go-api/internal/service/filters_service.go:256.73,257.18 1 0
levelup/go-api/internal/service/filters_service.go:258.74,259.21 1 0
levelup/go-api/internal/service/filters_service.go:260.11,261.23 1 0
levelup/go-api/internal/service/filters_service.go:264.2,265.25 2 0
levelup/go-api/internal/service/filters_service.go:265.25,266.10 1 0
levelup/go-api/internal/service/filters_service.go:267.33,268.24 1 0
levelup/go-api/internal/service/filters_service.go:269.51,270.24 1 0
levelup/go-api/internal/service/filters_service.go:271.54,272.24 1 0
levelup/go-api/internal/service/filters_service.go:275.2,275.12 1 0
levelup/go-api/internal/service/filters_service.go:278.128,279.22 1 0
levelup/go-api/internal/service/filters_service.go:279.22,281.3 1 0
levelup/go-api/internal/service/filters_service.go:282.2,283.27 2 0
levelup/go-api/internal/service/filters_service.go:283.27,285.3 1 0
levelup/go-api/internal/service/filters_service.go:286.2,287.25 2 0
levelup/go-api/internal/service/filters_service.go:287.25,288.30 1 0
levelup/go-api/internal/service/filters_service.go:288.30,290.4 1 0
levelup/go-api/internal/service/filters_service.go:292.2,292.12 1 0
levelup/go-api/internal/service/filters_service.go:299.112,301.39 2 0
levelup/go-api/internal/service/filters_service.go:301.39,303.3 1 0
levelup/go-api/internal/service/filters_service.go:305.2,319.3 7 0
levelup/go-api/internal/service/filters_service.go:322.113,324.25 2 0
levelup/go-api/internal/service/filters_service.go:324.25,325.26 1 0
levelup/go-api/internal/service/filters_service.go:325.26,327.4 1 0
levelup/go-api/internal/service/filters_service.go:329.2,330.22 2 0
levelup/go-api/internal/service/filters_service.go:330.22,332.3 1 0
levelup/go-api/internal/service/filters_service.go:333.2,335.25 3 0
levelup/go-api/internal/service/filters_service.go:335.25,337.3 1 0
levelup/go-api/internal/service/filters_service.go:338.2,338.12 1 0
levelup/go-api/internal/service/filters_service.go:345.77,347.78 2 0
levelup/go-api/internal/service/filters_service.go:347.78,349.3 1 0
levelup/go-api/internal/service/filters_service.go:350.2,351.11 2 0
levelup/go-api/internal/service/filters_service.go:354.114,356.39 2 0
levelup/go-api/internal/service/filters_service.go:356.39,358.3 1 0
levelup/go-api/internal/service/filters_service.go:359.2,364.3 1 0
levelup/go-api/internal/service/home_service.go:31.60,36.2 1 0
levelup/go-api/internal/service/home_service.go:40.82,41.21 1 0
levelup/go-api/internal/service/home_service.go:41.21,43.3 1 0
levelup/go-api/internal/service/home_service.go:44.2,44.10 1 0
levelup/go-api/internal/service/home_service.go:49.78,52.2 2 0
levelup/go-api/internal/service/home_service.go:56.84,59.2 2 0
levelup/go-api/internal/service/home_service.go:63.94,67.2 3 0
levelup/go-api/internal/service/home_service.go:71.107,73.16 2 0
levelup/go-api/internal/service/home_service.go:73.16,75.3 1 0
levelup/go-api/internal/service/home_service.go:77.2,78.16 2 0
levelup/go-api/internal/service/home_service.go:78.16,81.3 1 0
levelup/go-api/internal/service/home_service.go:83.2,84.16 2 0
levelup/go-api/internal/service/home_service.go:84.16,86.3 1 0
levelup/go-api/internal/service/home_service.go:88.2,89.16 2 0
levelup/go-api/internal/service/home_service.go:89.16,92.3 1 0
levelup/go-api/internal/service/home_service.go:95.2,96.47 2 0
levelup/go-api/internal/service/home_service.go:96.47,97.82 1 0
levelup/go-api/internal/service/home_service.go:97.82,99.4 1 0
levelup/go-api/internal/service/home_service.go:99.9,101.4 1 0
levelup/go-api/internal/service/home_service.go:104.2,120.8 8 0
levelup/go-api/internal/service/home_service.go:125.143,126.27 1 0
levelup/go-api/internal/service/home_service.go:126.27,128.3 1 0
levelup/go-api/internal/service/home_service.go:130.2,132.32 3 0
levelup/go-api/internal/service/home_service.go:132.32,133.22 1 0
levelup/go-api/internal/service/home_service.go:133.22,135.4 1 0
levelup/go-api/internal/service/home_service.go:137.2,137.18 1 0
levelup/go-api/internal/service/home_service.go:144.84,145.24 1 0
levelup/go-api/internal/service/home_service.go:145.24,146.103 1 0
levelup/go-api/internal/service/home_service.go:146.103,149.4 2 0
levelup/go-api/internal/service/home_service.go:151.2,153.64 3 0
levelup/go-api/internal/service/home_service.go:153.64,155.3 1 0
levelup/go-api/internal/service/home_service.go:156.2,156.13 1 0
levelup/go-api/internal/service/home_service.go:163.84,164.24 1 0
levelup/go-api/internal/service/home_service.go:164.24,165.103 1 0
levelup/go-api/internal/service/home_service.go:165.103,166.44 1 0
levelup/go-api/internal/service/home_service.go:166.44,169.5 2 0
levelup/go-api/internal/service/home_service.go:170.4,170.80 1 0
levelup/go-api/internal/service/home_service.go:173.2,175.37 3 0
levelup/go-api/internal/service/home_service.go:175.37,177.3 1 0
levelup/go-api/internal/service/home_service.go:178.2,178.13 1 0
levelup/go-api/internal/service/home_service.go:181.73,182.17 1 0
levelup/go-api/internal/service/home_service.go:182.17,184.3 1 0
levelup/go-api/internal/service/home_service.go:185.2,185.25 1 0
levelup/go-api/internal/service/home_service.go:185.25,187.3 1 0
levelup/go-api/internal/service/home_service.go:188.2,188.81 1 0
levelup/go-api/internal/service/home_service.go:188.81,190.3 1 0
levelup/go-api/internal/service/home_service.go:191.2,191.13 1 0
levelup/go-api/internal/service/lab_service.go:29.82,31.2 1 0
levelup/go-api/internal/service/lab_service.go:37.41,38.42 1 0
levelup/go-api/internal/service/lab_service.go:38.42,40.3 1 0
levelup/go-api/internal/service/lab_service.go:41.2,41.87 1 0
levelup/go-api/internal/service/lab_service.go:45.94,46.42 1 0
levelup/go-api/internal/service/lab_service.go:46.42,48.3 1 0
levelup/go-api/internal/service/lab_service.go:49.2,49.37 1 0
levelup/go-api/internal/service/lab_service.go:53.98,54.42 1 0
levelup/go-api/internal/service/lab_service.go:54.42,56.3 1 0
levelup/go-api/internal/service/lab_service.go:57.2,57.63 1 0
levelup/go-api/internal/service/lab_service.go:60.44,62.16 2 0
levelup/go-api/internal/service/lab_service.go:62.16,64.3 1 0
levelup/go-api/internal/service/lab_service.go:65.2,65.52 1 0
levelup/go-api/internal/service/lab_service.go:65.52,66.48 1 0
levelup/go-api/internal/service/lab_service.go:66.48,68.4 1 0
levelup/go-api/internal/service/lab_service.go:70.2,70.12 1 0
levelup/go-api/internal/service/lab_service.go:73.81,74.22 1 0
levelup/go-api/internal/service/lab_service.go:74.22,76.3 1 0
levelup/go-api/internal/service/lab_service.go:77.2,77.31 1 0
levelup/go-api/internal/service/lab_service.go:77.31,79.3 1 0
levelup/go-api/internal/service/lab_service.go:80.2,80.14 1 0
levelup/go-api/internal/service/last_match_service.go:21.76,23.2 1 0
levelup/go-api/internal/service/last_match_service.go:29.44,31.16 2 0
levelup/go-api/internal/service/last_match_service.go:31.16,33.3 1 0
levelup/go-api/internal/service/last_match_service.go:35.2,35.23 1 0
levelup/go-api/internal/service/last_match_service.go:35.23,37.3 1 0
levelup/go-api/internal/service/last_match_service.go:40.2,40.42 1 0
levelup/go-api/internal/service/last_match_service.go:40.42,42.3 1 0
levelup/go-api/internal/service/last_match_service.go:44.2,45.91 2 0
levelup/go-api/internal/service/last_match_service.go:45.91,47.3 1 0
levelup/go-api/internal/service/last_match_service.go:49.2,52.13 3 0
levelup/go-api/internal/service/last_match_service.go:52.13,54.3 1 0
levelup/go-api/internal/service/last_match_service.go:55.2,55.26 1 0
levelup/go-api/internal/service/last_match_service.go:55.26,57.3 1 0
levelup/go-api/internal/service/last_match_service.go:60.2,61.64 2 0
levelup/go-api/internal/service/last_match_service.go:61.64,63.3 1 0
levelup/go-api/internal/service/last_match_service.go:65.2,72.8 1 0
levelup/go-api/internal/service/leaderboard_service.go:20.81,22.2 1 0
levelup/go-api/internal/service/leaderboard_service.go:27.126,29.16 2 0
levelup/go-api/internal/service/leaderboard_service.go:29.16,31.3 1 0
levelup/go-api/internal/service/leaderboard_service.go:34.2,34.23 1 0
levelup/go-api/internal/service/leaderboard_service.go:34.23,36.3 1 0
levelup/go-api/internal/service/leaderboard_service.go:38.2,44.8 1 0
levelup/go-api/internal/service/match_exclusion_service.go:17.90,19.2 1 0
levelup/go-api/internal/service/match_exclusion_service.go:22.104,24.2 1 0
levelup/go-api/internal/service/match_exclusion_service.go:27.99,29.2 1 0
levelup/go-api/internal/service/match_history_service.go:49.107,51.2 1 0
levelup/go-api/internal/service/match_history_service.go:57.44,59.16 2 0
levelup/go-api/internal/service/match_history_service.go:59.16,61.3 1 0
levelup/go-api/internal/service/match_history_service.go:62.2,84.46 10 0
levelup/go-api/internal/service/match_history_service.go:84.46,89.3 1 0
levelup/go-api/internal/service/match_history_service.go:91.2,105.8 1 0
levelup/go-api/internal/service/match_history_service.go:113.37,115.16 2 0
levelup/go-api/internal/service/match_history_service.go:115.16,117.3 1 0
levelup/go-api/internal/service/match_history_service.go:119.2,125.19 6 0
levelup/go-api/internal/service/match_history_service.go:133.87,136.25 3 0
levelup/go-api/internal/service/match_history_service.go:136.25,137.19 1 0
levelup/go-api/internal/service/match_history_service.go:137.19,139.4 1 0
levelup/go-api/internal/service/match_history_service.go:139.9,141.4 1 0
levelup/go-api/internal/service/match_history_service.go:143.2,143.18 1 0
levelup/go-api/internal/service/match_history_service.go:143.18,148.3 1 0
levelup/go-api/internal/service/match_history_service.go:149.2,149.12 1 0
levelup/go-api/internal/service/match_history_service.go:152.120,154.25 2 0
levelup/go-api/internal/service/match_history_service.go:154.25,156.3 1 0
levelup/go-api/internal/service/match_history_service.go:157.2,162.32 5 0
levelup/go-api/internal/service/match_history_service.go:162.32,164.3 1 0
levelup/go-api/internal/service/match_history_service.go:165.2,166.25 2 0
levelup/go-api/internal/service/match_history_service.go:166.25,167.38 1 0
levelup/go-api/internal/service/match_history_service.go:167.38,169.4 1 0
levelup/go-api/internal/service/match_history_service.go:171.2,171.12 1 0
levelup/go-api/internal/service/match_history_service.go:174.105,177.32 3 0
levelup/go-api/internal/service/match_history_service.go:177.32,179.3 1 0
levelup/go-api/internal/service/match_history_service.go:179.8,181.3 1 0
levelup/go-api/internal/service/match_history_service.go:182.2,182.48 1 0
levelup/go-api/internal/service/match_history_service.go:185.74,200.2 1 0
levelup/go-api/internal/service/match_history_service.go:206.77,208.25 2 0
levelup/go-api/internal/service/match_history_service.go:208.25,210.17 2 0
levelup/go-api/internal/service/match_history_service.go:210.17,211.12 1 0
levelup/go-api/internal/service/match_history_service.go:213.3,215.21 3 0
levelup/go-api/internal/service/match_history_service.go:215.21,217.4 1 0
levelup/go-api/internal/service/match_history_service.go:218.3,218.18 1 0
levelup/go-api/internal/service/match_history_service.go:220.2,220.10 1 0
levelup/go-api/internal/service/match_history_service.go:227.118,229.25 2 0
levelup/go-api/internal/service/match_history_service.go:229.25,231.3 1 0
levelup/go-api/internal/service/match_history_service.go:232.2,232.12 1 0
levelup/go-api/internal/service/match_history_service.go:235.110,241.24 5 0
levelup/go-api/internal/service/match_history_service.go:241.24,243.3 1 0
levelup/go-api/internal/service/match_history_service.go:244.2,247.43 3 0
levelup/go-api/internal/service/match_history_service.go:247.43,250.3 2 0
levelup/go-api/internal/service/match_history_service.go:252.2,254.45 3 0
levelup/go-api/internal/service/match_history_service.go:254.45,255.51 1 0
levelup/go-api/internal/service/match_history_service.go:255.51,259.4 3 0
levelup/go-api/internal/service/match_history_service.go:262.2,283.3 2 0
levelup/go-api/internal/service/match_history_service.go:290.67,291.17 1 0
levelup/go-api/internal/service/match_history_service.go:291.17,293.3 1 0
levelup/go-api/internal/service/match_history_service.go:294.2,294.15 1 0
levelup/go-api/internal/service/match_history_service.go:294.15,296.3 1 0
levelup/go-api/internal/service/match_history_service.go:297.2,299.46 2 0
levelup/go-api/internal/service/match_history_service.go:299.46,301.17 2 0
levelup/go-api/internal/service/match_history_service.go:301.17,303.4 1 0
levelup/go-api/internal/service/match_history_service.go:304.3,304.14 1 0
levelup/go-api/internal/service/match_history_service.go:308.78,309.15 1 0
levelup/go-api/internal/service/match_history_service.go:310.22,311.39 1 0
levelup/go-api/internal/service/match_history_service.go:312.18,313.44 1 0
levelup/go-api/internal/service/match_history_service.go:314.19,315.46 1 0
levelup/go-api/internal/service/match_history_service.go:316.23,317.52 1 0
levelup/go-api/internal/service/match_history_service.go:318.36,319.76 1 0
levelup/go-api/internal/service/match_history_service.go:320.10,321.41 1 0
levelup/go-api/internal/service/match_history_service.go:325.127,328.19 3 0
levelup/go-api/internal/service/match_history_service.go:328.19,330.3 1 0
levelup/go-api/internal/service/match_history_service.go:331.2,332.15 2 0
levelup/go-api/internal/service/match_history_service.go:332.15,334.3 1 0
levelup/go-api/internal/service/match_history_service.go:335.2,336.21 2 0
levelup/go-api/internal/service/match_history_service.go:336.21,338.3 1 0
levelup/go-api/internal/service/match_history_service.go:339.2,339.23 1 0
levelup/go-api/internal/service/match_history_service.go:339.23,341.3 1 0
levelup/go-api/internal/service/match_history_service.go:342.2,344.17 3 0
levelup/go-api/internal/service/match_history_service.go:344.17,346.3 1 0
levelup/go-api/internal/service/match_history_service.go:347.2,348.19 2 0
levelup/go-api/internal/service/match_history_service.go:348.19,350.3 1 0
levelup/go-api/internal/service/match_history_service.go:351.2,358.24 2 0
levelup/go-api/internal/service/match_history_service.go:365.36,366.40 1 0
levelup/go-api/internal/service/match_history_service.go:366.40,368.3 1 0
levelup/go-api/internal/service/match_history_service.go:369.2,369.12 1 0
levelup/go-api/internal/service/match_history_service.go:372.39,373.16 1 0
levelup/go-api/internal/service/match_history_service.go:373.16,375.3 1 0
levelup/go-api/internal/service/match_history_service.go:376.2,376.37 1 0
levelup/go-api/internal/service/match_history_service.go:379.46,380.17 1 0
levelup/go-api/internal/service/match_history_service.go:380.17,382.3 1 0
levelup/go-api/internal/service/match_history_service.go:383.2,384.15 2 0
levelup/go-api/internal/service/match_history_service.go:384.15,386.3 1 0
levelup/go-api/internal/service/match_history_service.go:387.2,389.39 3 0
levelup/go-api/internal/service/match_history_service.go:392.53,394.14 2 0
levelup/go-api/internal/service/match_history_service.go:394.14,396.3 1 0
levelup/go-api/internal/service/match_history_service.go:397.2,397.91 1 0
levelup/go-api/internal/service/match_history_service.go:400.60,401.32 1 0
levelup/go-api/internal/service/match_history_service.go:401.32,403.3 1 0
levelup/go-api/internal/service/match_history_service.go:404.2,405.44 2 0
levelup/go-api/internal/service/match_history_service.go:405.44,407.3 1 0
levelup/go-api/internal/service/match_history_service.go:408.2,409.24 2 0
levelup/go-api/internal/service/match_history_service.go:409.24,411.3 1 0
levelup/go-api/internal/service/match_history_service.go:412.2,412.22 1 0
levelup/go-api/internal/service/match_history_service.go:412.22,414.3 1 0
levelup/go-api/internal/service/match_history_service.go:415.2,416.13 2 0
levelup/go-api/internal/service/match_history_service.go:419.36,420.26 1 0
levelup/go-api/internal/service/match_history_service.go:420.26,422.3 1 0
levelup/go-api/internal/service/match_history_service.go:423.2,423.14 1 0
levelup/go-api/internal/service/match_history_service.go:423.14,425.3 1 0
levelup/go-api/internal/service/match_history_service.go:426.2,426.11 1 0
levelup/go-api/internal/service/match_history_service.go:429.31,430.13 1 0
levelup/go-api/internal/service/match_history_service.go:430.13,432.3 1 0
levelup/go-api/internal/service/match_history_service.go:433.2,433.11 1 0
levelup/go-api/internal/service/match_history_service.go:436.39,437.14 1 0
levelup/go-api/internal/service/match_history_service.go:437.14,439.3 1 0
levelup/go-api/internal/service/match_history_service.go:440.2,440.14 1 0
levelup/go-api/internal/service/match_history_service.go:440.14,442.3 1 0
levelup/go-api/internal/service/match_history_service.go:443.2,443.16 1 0
levelup/go-api/internal/service/match_history_service.go:446.33,447.14 1 0
levelup/go-api/internal/service/match_history_service.go:447.14,449.3 1 0
levelup/go-api/internal/service/match_history_service.go:450.2,450.14 1 0
levelup/go-api/internal/service/match_history_service.go:450.14,452.3 1 0
levelup/go-api/internal/service/match_history_service.go:453.2,453.16 1 0
levelup/go-api/internal/service/match_view_service.go:34.88,36.2 1 0
levelup/go-api/internal/service/match_view_service.go:39.112,41.16 2 0
levelup/go-api/internal/service/match_view_service.go:41.16,43.3 1 0
levelup/go-api/internal/service/match_view_service.go:45.2,46.16 2 0
levelup/go-api/internal/service/match_view_service.go:46.16,48.3 1 0
levelup/go-api/internal/service/match_view_service.go:49.2,50.16 2 0
levelup/go-api/internal/service/match_view_service.go:50.16,52.3 1 0
levelup/go-api/internal/service/match_view_service.go:53.2,54.16 2 0
levelup/go-api/internal/service/match_view_service.go:54.16,56.3 1 0
levelup/go-api/internal/service/match_view_service.go:57.2,58.16 2 0
levelup/go-api/internal/service/match_view_service.go:58.16,60.3 1 0
levelup/go-api/internal/service/match_view_service.go:61.2,62.16 2 0
levelup/go-api/internal/service/match_view_service.go:62.16,64.3 1 0
levelup/go-api/internal/service/match_view_service.go:65.2,66.16 2 0
levelup/go-api/internal/service/match_view_service.go:66.16,68.3 1 0
levelup/go-api/internal/service/match_view_service.go:69.2,70.16 2 0
levelup/go-api/internal/service/match_view_service.go:70.16,72.3 1 0
levelup/go-api/internal/service/match_view_service.go:74.2,88.8 6 0
levelup/go-api/internal/service/match_view_service.go:101.26,109.17 2 0
levelup/go-api/internal/service/match_view_service.go:109.17,111.3 1 0
levelup/go-api/internal/service/match_view_service.go:113.2,114.27 2 0
levelup/go-api/internal/service/match_view_service.go:114.27,116.3 1 0
levelup/go-api/internal/service/match_view_service.go:117.2,117.25 1 0
levelup/go-api/internal/service/match_view_service.go:117.25,119.3 1 0
levelup/go-api/internal/service/match_view_service.go:120.2,120.26 1 0
levelup/go-api/internal/service/match_view_service.go:120.26,122.3 1 0
levelup/go-api/internal/service/match_view_service.go:123.2,123.30 1 0
levelup/go-api/internal/service/match_view_service.go:123.30,125.3 1 0
levelup/go-api/internal/service/match_view_service.go:127.2,127.44 1 0
levelup/go-api/internal/service/match_view_service.go:127.44,133.3 5 0
levelup/go-api/internal/service/match_view_service.go:135.2,135.19 1 0
levelup/go-api/internal/service/match_view_service.go:135.19,136.37 1 0
levelup/go-api/internal/service/match_view_service.go:136.37,142.4 5 0
levelup/go-api/internal/service/match_view_service.go:143.3,143.35 1 0
levelup/go-api/internal/service/match_view_service.go:146.2,146.10 1 0
levelup/go-api/internal/service/match_view_service.go:150.64,152.33 2 0
levelup/go-api/internal/service/match_view_service.go:152.33,153.52 1 0
levelup/go-api/internal/service/match_view_service.go:153.52,154.12 1 0
levelup/go-api/internal/service/match_view_service.go:156.3,156.48 1 0
levelup/go-api/internal/service/match_view_service.go:158.2,158.26 1 0
levelup/go-api/internal/service/match_view_service.go:158.26,160.3 1 0
levelup/go-api/internal/service/match_view_service.go:161.2,162.30 2 0
levelup/go-api/internal/service/match_view_service.go:162.30,164.3 1 0
levelup/go-api/internal/service/match_view_service.go:166.2,167.21 2 0
levelup/go-api/internal/service/match_view_service.go:167.21,169.3 1 0
levelup/go-api/internal/service/match_view_service.go:170.2,170.11 1 0
levelup/go-api/internal/service/match_view_service.go:177.106,186.18 2 0
levelup/go-api/internal/service/match_view_service.go:186.18,188.3 1 0
levelup/go-api/internal/service/match_view_service.go:190.2,199.28 2 0
levelup/go-api/internal/service/match_view_service.go:199.28,201.33 2 0
levelup/go-api/internal/service/match_view_service.go:201.33,203.4 1 0
levelup/go-api/internal/service/match_view_service.go:204.3,209.4 1 0
levelup/go-api/internal/service/match_view_service.go:212.2,212.12 1 0
levelup/go-api/internal/service/match_view_service.go:215.63,216.19 1 0
levelup/go-api/internal/service/match_view_service.go:216.19,218.3 1 0
levelup/go-api/internal/service/match_view_service.go:219.2,220.24 2 0
levelup/go-api/internal/service/match_view_service.go:220.24,226.3 1 0
levelup/go-api/internal/service/match_view_service.go:227.2,227.15 1 0
levelup/go-api/internal/service/match_view_service.go:234.101,236.28 2 0
levelup/go-api/internal/service/match_view_service.go:236.28,242.3 1 0
levelup/go-api/internal/service/match_view_service.go:244.2,245.27 2 0
levelup/go-api/internal/service/match_view_service.go:245.27,251.3 1 0
levelup/go-api/internal/service/match_view_service.go:253.2,257.3 1 0
levelup/go-api/internal/service/match_view_service.go:264.117,266.31 2 0
levelup/go-api/internal/service/match_view_service.go:266.31,289.22 2 0
levelup/go-api/internal/service/match_view_service.go:289.22,292.4 2 0
levelup/go-api/internal/service/match_view_service.go:293.3,293.27 1 0
levelup/go-api/internal/service/match_view_service.go:297.2,299.37 3 0
levelup/go-api/internal/service/match_view_service.go:299.37,306.3 1 0
levelup/go-api/internal/service/match_view_service.go:307.2,312.3 2 0
levelup/go-api/internal/service/match_view_service.go:325.28,327.31 2 0
levelup/go-api/internal/service/match_view_service.go:327.31,329.3 1 0
levelup/go-api/internal/service/match_view_service.go:331.2,332.29 2 0
levelup/go-api/internal/service/match_view_service.go:332.29,333.30 1 0
levelup/go-api/internal/service/match_view_service.go:333.30,334.43 1 0
levelup/go-api/internal/service/match_view_service.go:334.43,336.17 2 0
levelup/go-api/internal/service/match_view_service.go:336.17,338.6 1 0
levelup/go-api/internal/service/match_view_service.go:339.5,339.56 1 0
levelup/go-api/internal/service/match_view_service.go:341.4,341.50 1 0
levelup/go-api/internal/service/match_view_service.go:343.3,343.30 1 0
levelup/go-api/internal/service/match_view_service.go:343.30,344.43 1 0
levelup/go-api/internal/service/match_view_service.go:344.43,346.17 2 0
levelup/go-api/internal/service/match_view_service.go:346.17,348.6 1 0
levelup/go-api/internal/service/match_view_service.go:349.5,349.56 1 0
levelup/go-api/internal/service/match_view_service.go:351.4,351.49 1 0
levelup/go-api/internal/service/match_view_service.go:354.2,354.15 1 0
levelup/go-api/internal/service/match_view_service.go:362.36,363.38 1 0
levelup/go-api/internal/service/match_view_service.go:363.38,365.3 1 0
levelup/go-api/internal/service/match_view_service.go:366.2,366.18 1 0
levelup/go-api/internal/service/match_view_service.go:369.38,370.9 1 0
levelup/go-api/internal/service/match_view_service.go:371.19,372.19 1 0
levelup/go-api/internal/service/match_view_service.go:373.19,374.19 1 0
levelup/go-api/internal/service/match_view_service.go:375.19,376.19 1 0
levelup/go-api/internal/service/match_view_service.go:377.10,378.19 1 0
levelup/go-api/internal/service/match_view_service.go:384.43,393.2 3 0
levelup/go-api/internal/service/match_view_service.go:395.24,396.30 1 0
levelup/go-api/internal/service/match_view_service.go:396.30,397.43 1 0
levelup/go-api/internal/service/match_view_service.go:397.43,399.4 1 0
levelup/go-api/internal/service/match_view_service.go:403.56,404.30 1 0
levelup/go-api/internal/service/match_view_service.go:404.30,405.61 1 0
levelup/go-api/internal/service/match_view_service.go:405.61,407.4 1 0
levelup/go-api/internal/service/media_index_service.go:35.44,37.2 1 1
levelup/go-api/internal/service/media_index_service.go:46.9,50.16 3 0
levelup/go-api/internal/service/media_index_service.go:50.16,52.25 1 0
levelup/go-api/internal/service/media_index_service.go:52.25,56.4 3 0
levelup/go-api/internal/service/media_index_service.go:57.3,57.72 1 0
levelup/go-api/internal/service/media_index_service.go:61.2,62.28 2 0
levelup/go-api/internal/service/media_index_service.go:62.28,63.16 1 0
levelup/go-api/internal/service/media_index_service.go:63.16,65.4 1 0
levelup/go-api/internal/service/media_index_service.go:68.2,69.16 2 0
levelup/go-api/internal/service/media_index_service.go:69.16,73.3 3 0
levelup/go-api/internal/service/media_index_service.go:75.2,75.35 1 0
levelup/go-api/internal/service/media_index_service.go:75.35,76.23 1 0
levelup/go-api/internal/service/media_index_service.go:76.23,78.4 1 0
levelup/go-api/internal/service/media_index_service.go:80.3,86.57 5 0
levelup/go-api/internal/service/media_index_service.go:86.57,89.4 2 0
levelup/go-api/internal/service/media_index_service.go:91.3,91.55 1 0
levelup/go-api/internal/service/media_index_service.go:91.55,93.58 1 0
levelup/go-api/internal/service/media_index_service.go:93.58,96.5 2 0
levelup/go-api/internal/service/media_index_service.go:97.4,97.12 1 0
levelup/go-api/internal/service/media_index_service.go:100.3,100.19 1 0
levelup/go-api/internal/service/media_index_service.go:100.19,102.50 2 0
levelup/go-api/internal/service/media_index_service.go:102.50,105.59 3 0
levelup/go-api/internal/service/media_index_service.go:105.59,108.6 2 0
levelup/go-api/internal/service/media_index_service.go:110.5,116.20 1 0
levelup/go-api/internal/service/media_index_service.go:116.20,117.60 1 0
levelup/go-api/internal/service/media_index_service.go:117.60,120.7 2 0
levelup/go-api/internal/service/media_index_service.go:126.2,126.12 1 0
levelup/go-api/internal/service/media_index_service.go:131.49,132.51 1 0
levelup/go-api/internal/service/media_index_service.go:132.51,134.3 1 0
levelup/go-api/internal/service/media_index_service.go:136.2,137.16 2 0
levelup/go-api/internal/service/media_index_service.go:137.16,139.3 1 0
levelup/go-api/internal/service/media_index_service.go:140.2,142.75 2 0
levelup/go-api/internal/service/media_index_service.go:142.75,144.3 1 0
levelup/go-api/internal/service/media_index_service.go:145.2,145.62 1 0
levelup/go-api/internal/service/media_index_service.go:145.62,147.3 1 0
levelup/go-api/internal/service/media_index_service.go:148.2,148.12 1 0
levelup/go-api/internal/service/media_service.go:27.63,29.2 1 0
levelup/go-api/internal/service/media_service.go:35.38,42.22 5 0
levelup/go-api/internal/service/media_service.go:42.22,44.3 1 0
levelup/go-api/internal/service/media_service.go:45.2,54.16 3 0
levelup/go-api/internal/service/media_service.go:54.16,56.3 1 0
levelup/go-api/internal/service/media_service.go:58.2,59.16 2 0
levelup/go-api/internal/service/media_service.go:59.16,61.3 1 0
levelup/go-api/internal/service/media_service.go:63.2,70.27 5 0
levelup/go-api/internal/service/media_service.go:70.27,72.3 1 0
levelup/go-api/internal/service/media_service.go:73.2,73.91 1 0
levelup/go-api/internal/service/media_service.go:73.91,74.24 1 0
levelup/go-api/internal/service/media_service.go:74.24,75.52 1 0
levelup/go-api/internal/service/media_service.go:75.52,79.5 3 0
levelup/go-api/internal/service/media_service.go:83.2,98.8 1 0
levelup/go-api/internal/service/media_service.go:105.38,106.24 1 0
levelup/go-api/internal/service/media_service.go:106.24,108.3 1 0
levelup/go-api/internal/service/media_service.go:110.2,111.16 2 0
levelup/go-api/internal/service/media_service.go:111.16,113.3 1 0
levelup/go-api/internal/service/media_service.go:114.2,114.9 1 0
levelup/go-api/internal/service/media_service.go:114.9,116.3 1 0
levelup/go-api/internal/service/media_service.go:119.2,119.25 1 0
levelup/go-api/internal/service/media_service.go:119.25,121.26 2 0
levelup/go-api/internal/service/media_service.go:121.26,123.4 1 0
levelup/go-api/internal/service/media_service.go:124.3,124.109 1 0
levelup/go-api/internal/service/media_service.go:124.109,127.4 1 0
levelup/go-api/internal/service/media_service.go:131.2,136.86 2 0
levelup/go-api/internal/service/media_service.go:136.86,137.46 1 0
levelup/go-api/internal/service/media_service.go:137.46,141.4 3 0
levelup/go-api/internal/service/media_service.go:143.2,143.18 1 0
levelup/go-api/internal/service/media_service.go:148.113,151.25 2 0
levelup/go-api/internal/service/media_service.go:151.25,153.3 1 0
levelup/go-api/internal/service/media_service.go:155.2,155.60 1 0
levelup/go-api/internal/service/media_service.go:155.60,157.3 1 0
levelup/go-api/internal/service/media_service.go:159.2,159.30 1 0
levelup/go-api/internal/service/media_service.go:159.30,161.59 2 0
levelup/go-api/internal/service/media_service.go:161.59,165.12 3 0
levelup/go-api/internal/service/media_service.go:167.3,169.41 2 0
levelup/go-api/internal/service/media_service.go:172.2,172.23 1 0
levelup/go-api/internal/service/media_service.go:172.23,175.3 2 0
levelup/go-api/internal/service/media_service.go:177.2,178.14 2 0
levelup/go-api/internal/service/media_service.go:178.14,180.3 1 0
levelup/go-api/internal/service/media_service.go:182.2,191.16 3 0
levelup/go-api/internal/service/media_service.go:191.16,194.3 2 0
levelup/go-api/internal/service/media_service.go:195.2,203.24 7 0
levelup/go-api/internal/service/media_service.go:203.24,206.3 2 0
levelup/go-api/internal/service/media_service.go:208.2,215.20 2 0
levelup/go-api/internal/service/media_service.go:218.69,220.25 2 0
levelup/go-api/internal/service/media_service.go:220.25,222.21 2 0
levelup/go-api/internal/service/media_service.go:222.21,224.4 1 0
levelup/go-api/internal/service/media_service.go:225.3,238.5 1 0
levelup/go-api/internal/service/media_service.go:240.2,240.14 1 0
levelup/go-api/internal/service/media_service.go:247.29,251.16 3 0
levelup/go-api/internal/service/media_service.go:251.16,254.3 2 0
levelup/go-api/internal/service/media_service.go:256.2,256.28 1 0
levelup/go-api/internal/service/media_service.go:256.28,258.3 1 0
levelup/go-api/internal/service/media_service.go:259.2,259.29 1 0
levelup/go-api/internal/service/media_service.go:259.29,261.3 1 0
levelup/go-api/internal/service/media_service.go:262.2,262.16 1 0
levelup/go-api/internal/service/media_service.go:265.92,267.78 1 0
levelup/go-api/internal/service/media_service.go:267.78,267.100 1 0
levelup/go-api/internal/service/media_service.go:268.78,268.101 1 0
levelup/go-api/internal/service/media_service.go:275.23,278.27 3 0
levelup/go-api/internal/service/media_service.go:278.27,280.22 2 0
levelup/go-api/internal/service/media_service.go:280.22,281.12 1 0
levelup/go-api/internal/service/media_service.go:283.3,284.18 2 0
levelup/go-api/internal/service/media_service.go:284.18,285.12 1 0
levelup/go-api/internal/service/media_service.go:287.3,287.39 1 0
levelup/go-api/internal/service/media_service.go:287.39,288.12 1 0
levelup/go-api/internal/service/media_service.go:290.3,291.33 2 0
levelup/go-api/internal/service/media_service.go:294.2,296.31 3 0
levelup/go-api/internal/service/media_service.go:296.31,298.3 1 0
levelup/go-api/internal/service/media_service.go:299.2,299.16 1 0
levelup/go-api/internal/service/media_service.go:302.38,303.11 1 0
levelup/go-api/internal/service/media_service.go:303.11,305.3 1 0
levelup/go-api/internal/service/media_service.go:306.2,306.10 1 0
levelup/go-api/internal/service/profile_service.go:24.73,26.2 1 1
levelup/go-api/internal/service/profile_service.go:49.104,51.21 2 0
levelup/go-api/internal/service/profile_service.go:51.21,53.3 1 0
levelup/go-api/internal/service/profile_service.go:55.2,56.39 2 0
levelup/go-api/internal/service/profile_service.go:56.39,58.3 1 0
levelup/go-api/internal/service/profile_service.go:60.2,62.41 2 0
levelup/go-api/internal/service/profile_service.go:62.41,64.3 1 0
levelup/go-api/internal/service/profile_service.go:65.2,69.31 3 0
levelup/go-api/internal/service/profile_service.go:69.31,70.41 1 0
levelup/go-api/internal/service/profile_service.go:70.41,72.9 2 0
levelup/go-api/internal/service/profile_service.go:76.2,80.19 4 0
levelup/go-api/internal/service/profile_service.go:80.19,82.3 1 0
levelup/go-api/internal/service/profile_service.go:84.2,88.20 2 0
levelup/go-api/internal/service/profile_service.go:88.20,90.3 1 0
levelup/go-api/internal/service/profile_service.go:93.2,93.49 1 0
levelup/go-api/internal/service/profile_service.go:93.49,94.44 1 0
levelup/go-api/internal/service/profile_service.go:94.44,96.4 1 0
levelup/go-api/internal/service/profile_service.go:98.2,103.16 4 0
levelup/go-api/internal/service/profile_service.go:103.16,105.3 1 0
levelup/go-api/internal/service/profile_service.go:106.2,106.67 1 0
levelup/go-api/internal/service/profile_service.go:106.67,108.3 1 0
levelup/go-api/internal/service/profile_service.go:111.2,112.54 2 0
levelup/go-api/internal/service/profile_service.go:112.54,114.3 1 0
levelup/go-api/internal/service/profile_service.go:116.2,116.27 1 0
levelup/go-api/internal/service/profile_service.go:121.79,122.20 1 0
levelup/go-api/internal/service/profile_service.go:122.20,127.3 1 0
levelup/go-api/internal/service/profile_service.go:129.2,132.60 2 0
levelup/go-api/internal/service/profile_service.go:132.60,134.3 1 0
levelup/go-api/internal/service/profile_service.go:136.2,136.35 1 0
levelup/go-api/internal/service/profile_service.go:136.35,138.51 2 0
levelup/go-api/internal/service/profile_service.go:138.51,139.26 1 0
levelup/go-api/internal/service/profile_service.go:139.26,141.5 1 0
levelup/go-api/internal/service/profile_service.go:142.4,142.13 1 0
levelup/go-api/internal/service/profile_service.go:147.2,148.50 2 0
levelup/go-api/internal/service/profile_service.go:148.50,150.3 1 0
levelup/go-api/internal/service/profile_service.go:152.2,156.26 2 0
levelup/go-api/internal/service/profile_service.go:156.26,158.3 1 0
levelup/go-api/internal/service/profile_service.go:159.2,159.15 1 0
levelup/go-api/internal/service/season_pass_service.go:22.128,29.2 1 0
levelup/go-api/internal/service/season_pass_service.go:33.107,37.16 3 0
levelup/go-api/internal/service/season_pass_service.go:37.16,48.3 3 0
levelup/go-api/internal/service/season_pass_service.go:50.2,58.24 2 0
levelup/go-api/internal/service/season_pass_service.go:58.24,59.25 1 0
levelup/go-api/internal/service/season_pass_service.go:59.25,61.9 2 0
levelup/go-api/internal/service/season_pass_service.go:64.2,64.22 1 0
levelup/go-api/internal/service/season_pass_service.go:64.22,67.3 2 0
levelup/go-api/internal/service/season_pass_service.go:69.2,69.18 1 0
levelup/go-api/internal/service/session_compare_service.go:30.26,35.2 1 0
levelup/go-api/internal/service/session_compare_service.go:41.42,44.16 2 0
levelup/go-api/internal/service/session_compare_service.go:44.16,46.3 1 0
levelup/go-api/internal/service/session_compare_service.go:47.2,52.28 3 0
levelup/go-api/internal/service/session_compare_service.go:52.28,59.3 1 0
levelup/go-api/internal/service/session_compare_service.go:62.2,81.8 8 0
levelup/go-api/internal/service/session_compare_service.go:88.68,91.28 3 0
levelup/go-api/internal/service/session_compare_service.go:91.28,92.54 1 0
levelup/go-api/internal/service/session_compare_service.go:92.54,95.4 2 0
levelup/go-api/internal/service/session_compare_service.go:98.2,99.15 2 0
levelup/go-api/internal/service/session_compare_service.go:102.58,103.40 1 0
levelup/go-api/internal/service/session_compare_service.go:103.40,105.3 1 0
levelup/go-api/internal/service/session_compare_service.go:106.2,106.22 1 0
levelup/go-api/internal/service/session_compare_service.go:106.22,108.3 1 0
levelup/go-api/internal/service/session_compare_service.go:109.2,109.30 1 0
levelup/go-api/internal/service/session_compare_service.go:112.64,113.40 1 0
levelup/go-api/internal/service/session_compare_service.go:113.40,115.3 1 0
levelup/go-api/internal/service/session_compare_service.go:116.2,116.21 1 0
levelup/go-api/internal/service/session_compare_service.go:116.21,118.3 1 0
levelup/go-api/internal/service/session_compare_service.go:119.2,119.30 1 0
levelup/go-api/internal/service/session_compare_service.go:122.91,123.17 1 0
levelup/go-api/internal/service/session_compare_service.go:123.17,125.3 1 0
levelup/go-api/internal/service/session_compare_service.go:126.2,127.28 2 0
levelup/go-api/internal/service/session_compare_service.go:127.28,128.56 1 0
levelup/go-api/internal/service/session_compare_service.go:128.56,130.4 1 0
levelup/go-api/internal/service/session_compare_service.go:132.2,132.12 1 0
levelup/go-api/internal/service/session_compare_service.go:135.98,136.38 1 0
levelup/go-api/internal/service/session_compare_service.go:136.38,138.3 1 0
levelup/go-api/internal/service/session_compare_service.go:139.2,142.28 4 0
levelup/go-api/internal/service/session_compare_service.go:142.28,143.13 1 0
levelup/go-api/internal/service/session_compare_service.go:143.13,146.4 2 0
levelup/go-api/internal/service/session_compare_service.go:147.3,147.34 1 0
levelup/go-api/internal/service/session_compare_service.go:147.34,149.4 1 0
levelup/go-api/internal/service/session_compare_service.go:150.3,150.33 1 0
levelup/go-api/internal/service/session_compare_service.go:150.33,152.4 1 0
levelup/go-api/internal/service/session_compare_service.go:153.3,153.23 1 0
levelup/go-api/internal/service/session_compare_service.go:153.23,154.41 1 0
levelup/go-api/internal/service/session_compare_service.go:154.41,156.5 1 0
levelup/go-api/internal/service/session_compare_service.go:156.10,156.49 1 0
levelup/go-api/internal/service/session_compare_service.go:156.49,158.5 1 0
levelup/go-api/internal/service/session_compare_service.go:160.3,161.26 2 0
levelup/go-api/internal/service/session_compare_service.go:164.2,165.21 2 0
levelup/go-api/internal/service/session_compare_service.go:165.21,168.3 2 0
levelup/go-api/internal/service/session_compare_service.go:170.2,183.3 3 0
levelup/go-api/internal/service/session_compare_service.go:186.88,207.30 16 0
levelup/go-api/internal/service/session_compare_service.go:207.30,215.3 1 0
levelup/go-api/internal/service/session_compare_service.go:217.2,217.16 1 0
levelup/go-api/internal/service/session_compare_service.go:220.71,223.32 3 0
levelup/go-api/internal/service/session_compare_service.go:223.32,224.37 1 0
levelup/go-api/internal/service/session_compare_service.go:224.37,225.12 1 0
levelup/go-api/internal/service/session_compare_service.go:227.3,228.36 2 0
levelup/go-api/internal/service/session_compare_service.go:230.2,230.16 1 0
levelup/go-api/internal/service/session_compare_service.go:230.16,232.3 1 0
levelup/go-api/internal/service/session_compare_service.go:233.2,234.15 2 0
levelup/go-api/internal/service/session_compare_service.go:237.73,239.20 2 0
levelup/go-api/internal/service/session_compare_service.go:239.20,241.3 1 0
levelup/go-api/internal/service/session_compare_service.go:242.2,242.18 1 0
levelup/go-api/internal/service/session_compare_service.go:245.69,246.23 1 0
levelup/go-api/internal/service/session_compare_service.go:246.23,248.3 1 0
levelup/go-api/internal/service/session_compare_service.go:249.2,250.32 2 0
levelup/go-api/internal/service/session_compare_service.go:250.32,253.3 2 0
levelup/go-api/internal/service/session_compare_service.go:254.2,256.35 3 0
levelup/go-api/internal/service/session_compare_service.go:256.35,257.24 1 0
levelup/go-api/internal/service/session_compare_service.go:257.24,260.4 2 0
levelup/go-api/internal/service/session_compare_service.go:262.2,262.18 1 0
levelup/go-api/internal/service/session_compare_service.go:265.59,266.23 1 0
levelup/go-api/internal/service/session_compare_service.go:266.23,268.3 1 0
levelup/go-api/internal/service/session_compare_service.go:269.2,270.32 2 0
levelup/go-api/internal/service/session_compare_service.go:270.32,271.21 1 0
levelup/go-api/internal/service/session_compare_service.go:271.21,273.4 1 0
levelup/go-api/internal/service/session_compare_service.go:275.2,275.33 1 0
levelup/go-api/internal/service/session_compare_service.go:278.65,280.9 2 0
levelup/go-api/internal/service/session_compare_service.go:281.44,282.21 1 0
levelup/go-api/internal/service/session_compare_service.go:283.97,284.18 1 0
levelup/go-api/internal/service/session_compare_service.go:285.77,286.15 1 0
levelup/go-api/internal/service/session_compare_service.go:287.10,288.17 1 0
levelup/go-api/internal/service/session_compare_service.go:292.56,293.22 1 0
levelup/go-api/internal/service/session_compare_service.go:293.22,295.3 1 0
levelup/go-api/internal/service/session_compare_service.go:296.2,296.23 1 0
levelup/go-api/internal/service/session_compare_service.go:296.23,299.3 2 0
levelup/go-api/internal/service/session_compare_service.go:300.2,301.15 2 0
levelup/go-api/internal/service/session_compare_service.go:304.43,305.18 1 0
levelup/go-api/internal/service/session_compare_service.go:305.18,307.3 1 0
levelup/go-api/internal/service/session_compare_service.go:308.2,308.15 1 0
levelup/go-api/internal/service/session_compare_service.go:311.54,312.23 1 0
levelup/go-api/internal/service/session_compare_service.go:312.23,314.3 1 0
levelup/go-api/internal/service/session_compare_service.go:315.2,316.28 2 0
levelup/go-api/internal/service/session_compare_service.go:316.28,317.60 1 0
levelup/go-api/internal/service/session_compare_service.go:317.60,319.4 1 0
levelup/go-api/internal/service/session_compare_service.go:321.2,321.52 1 0
levelup/go-api/internal/service/session_compare_service.go:324.52,325.23 1 0
levelup/go-api/internal/service/session_compare_service.go:325.23,327.3 1 0
levelup/go-api/internal/service/session_compare_service.go:328.2,329.28 2 0
levelup/go-api/internal/service/session_compare_service.go:329.28,332.3 2 0
levelup/go-api/internal/service/session_compare_service.go:333.2,333.12 1 0
levelup/go-api/internal/service/session_compare_service.go:333.12,335.3 1 0
levelup/go-api/internal/service/session_compare_service.go:336.2,336.32 1 0
levelup/go-api/internal/service/session_compare_service.go:339.59,340.23 1 0
levelup/go-api/internal/service/session_compare_service.go:340.23,342.3 1 0
levelup/go-api/internal/service/session_compare_service.go:343.2,344.28 2 0
levelup/go-api/internal/service/session_compare_service.go:344.28,346.3 1 0
levelup/go-api/internal/service/session_compare_service.go:347.2,347.47 1 0
levelup/go-api/internal/service/session_compare_service.go:350.60,351.23 1 0
levelup/go-api/internal/service/session_compare_service.go:351.23,353.3 1 0
levelup/go-api/internal/service/session_compare_service.go:354.2,355.28 2 0
levelup/go-api/internal/service/session_compare_service.go:355.28,357.3 1 0
levelup/go-api/internal/service/session_compare_service.go:358.2,358.47 1 0
levelup/go-api/internal/service/session_compare_service.go:361.99,370.2 5 0
levelup/go-api/internal/service/session_compare_service.go:372.106,381.2 5 0
levelup/go-api/internal/service/session_compare_service.go:383.44,385.29 2 0
levelup/go-api/internal/service/session_compare_service.go:385.29,388.3 2 0
levelup/go-api/internal/service/session_compare_service.go:389.2,389.11 1 0
levelup/go-api/internal/service/session_compare_service.go:389.11,392.3 2 0
levelup/go-api/internal/service/session_compare_service.go:393.2,394.11 2 0
levelup/go-api/internal/service/session_page_service.go:21.80,23.2 1 0
levelup/go-api/internal/service/session_page_service.go:29.39,30.39 1 0
levelup/go-api/internal/service/session_page_service.go:30.39,32.3 1 0
levelup/go-api/internal/service/session_page_service.go:34.2,35.16 2 0
levelup/go-api/internal/service/session_page_service.go:35.16,37.3 1 0
levelup/go-api/internal/service/session_page_service.go:39.2,41.22 3 0
levelup/go-api/internal/service/session_page_service.go:41.22,48.3 2 0
levelup/go-api/internal/service/session_page_service.go:50.2,53.25 4 0
levelup/go-api/internal/service/session_page_service.go:53.25,63.3 2 0
levelup/go-api/internal/service/session_page_service.go:65.2,78.20 5 0
levelup/go-api/internal/service/session_page_service.go:78.20,81.33 3 0
levelup/go-api/internal/service/session_page_service.go:81.33,83.4 1 0
levelup/go-api/internal/service/session_page_service.go:83.9,89.4 2 0
levelup/go-api/internal/service/session_page_service.go:92.2,102.18 2 0
levelup/go-api/internal/service/session_page_service.go:117.43,119.24 2 0
levelup/go-api/internal/service/session_page_service.go:119.24,121.3 1 0
levelup/go-api/internal/service/session_page_service.go:123.2,129.41 6 0
levelup/go-api/internal/service/session_page_service.go:129.41,132.27 3 0
levelup/go-api/internal/service/session_page_service.go:132.27,133.12 1 0
levelup/go-api/internal/service/session_page_service.go:135.3,137.24 3 0
levelup/go-api/internal/service/session_page_service.go:137.24,140.4 2 0
levelup/go-api/internal/service/session_page_service.go:143.2,143.25 1 0
levelup/go-api/internal/service/session_page_service.go:143.25,145.3 1 0
levelup/go-api/internal/service/session_page_service.go:147.2,148.76 2 0
levelup/go-api/internal/service/session_page_service.go:148.76,150.34 2 0
levelup/go-api/internal/service/session_page_service.go:150.34,152.4 1 0
levelup/go-api/internal/service/session_page_service.go:155.2,159.19 1 0
levelup/go-api/internal/service/session_page_service.go:165.34,167.27 2 0
levelup/go-api/internal/service/session_page_service.go:167.27,187.3 1 0
levelup/go-api/internal/service/session_page_service.go:188.2,188.12 1 0
levelup/go-api/internal/service/session_page_service.go:191.98,199.2 1 0
levelup/go-api/internal/service/session_page_service.go:201.69,203.44 2 0
levelup/go-api/internal/service/session_page_service.go:203.44,205.3 1 0
levelup/go-api/internal/service/session_page_service.go:206.2,206.44 1 0
levelup/go-api/internal/service/session_page_service.go:206.44,208.3 1 0
levelup/go-api/internal/service/session_page_service.go:209.2,210.9 2 0
levelup/go-api/internal/service/session_page_service.go:211.17,212.13 1 0
levelup/go-api/internal/service/session_page_service.go:213.17,214.13 1 0
levelup/go-api/internal/service/session_page_service.go:215.17,216.13 1 0
levelup/go-api/internal/service/session_page_service.go:217.17,218.13 1 0
levelup/go-api/internal/service/session_page_service.go:220.2,221.19 2 0
levelup/go-api/internal/service/session_page_service.go:221.19,223.3 1 0
levelup/go-api/internal/service/session_page_service.go:223.8,223.26 1 0
levelup/go-api/internal/service/session_page_service.go:223.26,225.3 1 0
levelup/go-api/internal/service/session_page_service.go:226.2,226.14 1 0
levelup/go-api/internal/service/session_page_service.go:229.72,231.44 2 0
levelup/go-api/internal/service/session_page_service.go:231.44,233.3 1 0
levelup/go-api/internal/service/session_page_service.go:234.2,234.44 1 0
levelup/go-api/internal/service/session_page_service.go:234.44,235.25 1 0
levelup/go-api/internal/service/session_page_service.go:235.25,237.4 1 0
levelup/go-api/internal/service/session_page_service.go:237.9,239.4 1 0
levelup/go-api/internal/service/session_page_service.go:241.2,242.15 2 0
levelup/go-api/internal/service/session_page_service.go:242.15,244.3 1 0
levelup/go-api/internal/service/session_page_service.go:244.8,246.3 1 0
levelup/go-api/internal/service/session_page_service.go:247.2,247.21 1 0
levelup/go-api/internal/service/session_page_service.go:247.21,249.3 1 0
levelup/go-api/internal/service/session_page_service.go:250.2,250.36 1 0
levelup/go-api/internal/service/session_page_service.go:256.10,257.70 1 0
levelup/go-api/internal/service/session_page_service.go:257.70,259.3 1 0
levelup/go-api/internal/service/session_page_service.go:260.2,260.23 1 0
levelup/go-api/internal/service/session_page_service.go:260.23,262.3 1 0
levelup/go-api/internal/service/session_page_service.go:263.2,263.32 1 0
levelup/go-api/internal/service/session_page_service.go:266.65,267.14 1 0
levelup/go-api/internal/service/session_page_service.go:267.14,269.3 1 0
levelup/go-api/internal/service/session_page_service.go:270.2,270.23 1 0
levelup/go-api/internal/service/session_page_service.go:273.40,274.18 1 0
levelup/go-api/internal/service/session_page_service.go:274.18,276.3 1 0
levelup/go-api/internal/service/session_page_service.go:277.2,277.15 1 0
levelup/go-api/internal/service/session_page_service.go:280.62,281.35 1 0
levelup/go-api/internal/service/session_page_service.go:281.35,282.22 1 0
levelup/go-api/internal/service/session_page_service.go:282.22,284.4 1 0
levelup/go-api/internal/service/session_page_service.go:286.2,286.11 1 0
levelup/go-api/internal/service/session_page_service.go:289.28,290.15 1 0
levelup/go-api/internal/service/session_page_service.go:290.15,292.3 1 0
levelup/go-api/internal/service/session_page_service.go:293.2,293.14 1 0
levelup/go-api/internal/service/sessions_service.go:22.72,24.2 1 0
levelup/go-api/internal/service/sessions_service.go:30.36,32.16 2 0
levelup/go-api/internal/service/sessions_service.go:32.16,34.3 1 0
levelup/go-api/internal/service/sessions_service.go:35.2,35.20 1 0
levelup/go-api/internal/service/sessions_service.go:35.20,40.3 1 0
levelup/go-api/internal/service/sessions_service.go:43.2,44.19 2 0
levelup/go-api/internal/service/sessions_service.go:45.29,46.64 1 0
levelup/go-api/internal/service/sessions_service.go:47.10,48.64 1 0
levelup/go-api/internal/service/sessions_service.go:52.2,64.8 5 0
levelup/go-api/internal/service/sessions_service.go:68.62,69.20 1 0
levelup/go-api/internal/service/sessions_service.go:69.20,71.3 1 0
levelup/go-api/internal/service/sessions_service.go:72.2,73.25 2 0
levelup/go-api/internal/service/sessions_service.go:73.25,74.13 1 0
levelup/go-api/internal/service/sessions_service.go:74.13,77.12 3 0
levelup/go-api/internal/service/sessions_service.go:79.3,79.32 1 0
levelup/go-api/internal/service/sessions_service.go:79.32,81.4 1 0
levelup/go-api/internal/service/sessions_service.go:82.3,82.30 1 0
levelup/go-api/internal/service/sessions_service.go:82.30,84.4 1 0
levelup/go-api/internal/service/sessions_service.go:86.2,86.39 1 0
levelup/go-api/internal/service/social_service.go:17.66,19.2 1 0
levelup/go-api/internal/service/social_service.go:22.105,24.2 1 0
levelup/go-api/internal/service/squad_service.go:18.63,20.2 1 0
levelup/go-api/internal/service/squad_service.go:26.38,28.16 2 0
levelup/go-api/internal/service/squad_service.go:28.16,30.3 1 0
levelup/go-api/internal/service/squad_service.go:31.2,33.24 2 0
levelup/go-api/internal/service/squad_service.go:33.24,35.3 1 0
levelup/go-api/internal/service/squad_service.go:37.2,38.16 2 0
levelup/go-api/internal/service/squad_service.go:38.16,40.3 1 0
levelup/go-api/internal/service/squad_service.go:41.2,42.16 2 0
levelup/go-api/internal/service/squad_service.go:42.16,44.3 1 0
levelup/go-api/internal/service/squad_service.go:46.2,60.30 11 0
levelup/go-api/internal/service/squad_service.go:60.30,61.22 1 0
levelup/go-api/internal/service/squad_service.go:61.22,63.4 1 0
levelup/go-api/internal/service/squad_service.go:63.9,65.4 1 0
levelup/go-api/internal/service/squad_service.go:68.2,86.8 3 0
levelup/go-api/internal/service/squad_service.go:94.42,97.16 2 0
levelup/go-api/internal/service/squad_service.go:97.16,99.3 1 0
levelup/go-api/internal/service/squad_service.go:101.2,115.8 6 0
levelup/go-api/internal/service/squad_service.go:122.75,124.25 2 0
levelup/go-api/internal/service/squad_service.go:124.25,134.3 1 0
levelup/go-api/internal/service/squad_service.go:135.2,135.15 1 0
levelup/go-api/internal/service/squad_service.go:138.76,139.25 1 0
levelup/go-api/internal/service/squad_service.go:139.25,140.21 1 0
levelup/go-api/internal/service/squad_service.go:140.21,142.4 1 0
levelup/go-api/internal/service/squad_service.go:144.2,144.13 1 0
levelup/go-api/internal/service/squad_service.go:147.60,149.25 2 0
levelup/go-api/internal/service/squad_service.go:149.25,151.3 1 0
levelup/go-api/internal/service/squad_service.go:152.2,152.12 1 0
levelup/go-api/internal/service/squad_service.go:155.85,158.24 3 0
levelup/go-api/internal/service/squad_service.go:158.24,160.3 1 0
levelup/go-api/internal/service/squad_service.go:161.2,161.24 1 0
levelup/go-api/internal/service/squad_service.go:161.24,163.3 1 0
levelup/go-api/internal/service/squad_service.go:164.2,164.22 1 0
levelup/go-api/internal/service/squad_service.go:164.22,166.3 1 0
levelup/go-api/internal/service/squad_service.go:167.2,167.15 1 0
levelup/go-api/internal/service/squad_service.go:173.76,177.27 4 0
levelup/go-api/internal/service/squad_service.go:177.27,179.39 2 0
levelup/go-api/internal/service/squad_service.go:179.39,181.22 2 0
levelup/go-api/internal/service/squad_service.go:181.22,183.5 1 0
levelup/go-api/internal/service/squad_service.go:185.3,185.19 1 0
levelup/go-api/internal/service/squad_service.go:185.19,188.4 2 0
levelup/go-api/internal/service/squad_service.go:189.3,189.42 1 0
levelup/go-api/internal/service/squad_service.go:191.2,191.15 1 0
levelup/go-api/internal/service/squad_service.go:191.15,193.3 1 0
levelup/go-api/internal/service/squad_service.go:194.2,194.14 1 0
levelup/go-api/internal/service/squad_service.go:194.14,196.3 1 0
levelup/go-api/internal/service/squad_service.go:197.2,199.27 3 0
levelup/go-api/internal/service/squad_service.go:199.27,200.21 1 0
levelup/go-api/internal/service/squad_service.go:200.21,203.4 2 0
levelup/go-api/internal/service/squad_service.go:205.2,205.16 1 0
levelup/go-api/internal/service/squad_service.go:205.16,207.3 1 0
levelup/go-api/internal/service/squad_service.go:208.2,208.8 1 0
levelup/go-api/internal/service/stats_filters.go:6.108,8.25 2 0
levelup/go-api/internal/service/stats_filters.go:8.25,18.3 1 0
levelup/go-api/internal/service/stats_filters.go:20.2,22.31 3 0
levelup/go-api/internal/service/stats_filters.go:22.31,24.3 1 0
levelup/go-api/internal/service/stats_filters.go:26.2,27.27 2 0
levelup/go-api/internal/service/stats_filters.go:27.27,28.40 1 0
levelup/go-api/internal/service/stats_filters.go:28.40,30.4 1 0
levelup/go-api/internal/service/stats_filters.go:32.2,32.12 1 0
levelup/go-api/internal/service/stats_service.go:30.63,32.2 1 0
levelup/go-api/internal/service/stats_service.go:35.82,38.2 2 0
levelup/go-api/internal/service/stats_service.go:44.37,46.16 2 0
levelup/go-api/internal/service/stats_service.go:46.16,48.3 1 0
levelup/go-api/internal/service/stats_service.go:50.2,56.23 3 0
levelup/go-api/internal/service/stats_service.go:56.23,58.3 1 0
levelup/go-api/internal/service/stats_service.go:60.2,60.17 1 0
levelup/go-api/internal/service/stats_service.go:61.22,63.22 2 0
levelup/go-api/internal/service/stats_service.go:64.18,66.23 2 0
levelup/go-api/internal/service/stats_service.go:67.19,69.24 2 0
levelup/go-api/internal/service/stats_service.go:70.14,72.19 2 0
levelup/go-api/internal/service/stats_service.go:73.14,75.17 2 0
levelup/go-api/internal/service/stats_service.go:75.17,77.4 1 0
levelup/go-api/internal/service/stats_service.go:78.3,78.19 1 0
levelup/go-api/internal/service/stats_service.go:79.13,85.17 6 0
levelup/go-api/internal/service/stats_service.go:85.17,87.4 1 0
levelup/go-api/internal/service/stats_service.go:88.3,92.18 5 0
levelup/go-api/internal/service/stats_service.go:96.2,98.18 2 0
levelup/go-api/internal/service/stats_service.go:103.80,115.28 10 0
levelup/go-api/internal/service/stats_service.go:115.28,117.23 2 0
levelup/go-api/internal/service/stats_service.go:117.23,119.4 1 0
levelup/go-api/internal/service/stats_service.go:120.3,125.37 2 0
levelup/go-api/internal/service/stats_service.go:125.37,127.4 1 0
levelup/go-api/internal/service/stats_service.go:130.3,138.29 3 0
levelup/go-api/internal/service/stats_service.go:138.29,140.4 1 0
levelup/go-api/internal/service/stats_service.go:141.3,149.42 3 0
levelup/go-api/internal/service/stats_service.go:149.42,151.4 1 0
levelup/go-api/internal/service/stats_service.go:152.3,153.36 2 0
levelup/go-api/internal/service/stats_service.go:153.36,154.32 1 0
levelup/go-api/internal/service/stats_service.go:154.32,156.5 1 0
levelup/go-api/internal/service/stats_service.go:158.3,158.89 1 0
levelup/go-api/internal/service/stats_service.go:161.2,162.22 2 0
levelup/go-api/internal/service/stats_service.go:162.22,164.3 1 0
levelup/go-api/internal/service/stats_service.go:166.2,173.3 1 0
levelup/go-api/internal/service/stats_service.go:178.82,184.28 5 0
levelup/go-api/internal/service/stats_service.go:184.28,185.24 1 0
levelup/go-api/internal/service/stats_service.go:185.24,192.4 3 0
levelup/go-api/internal/service/stats_service.go:193.3,193.87 1 0
levelup/go-api/internal/service/stats_service.go:193.87,196.4 2 0
levelup/go-api/internal/service/stats_service.go:199.2,200.15 2 0
levelup/go-api/internal/service/stats_service.go:200.15,202.3 1 0
levelup/go-api/internal/service/stats_service.go:204.2,209.3 1 0
levelup/go-api/internal/service/stats_service.go:214.84,220.28 5 0
levelup/go-api/internal/service/stats_service.go:220.28,227.29 3 0
levelup/go-api/internal/service/stats_service.go:227.29,230.4 2 0
levelup/go-api/internal/service/stats_service.go:233.2,234.22 2 0
levelup/go-api/internal/service/stats_service.go:234.22,236.3 1 0
levelup/go-api/internal/service/stats_service.go:238.2,243.3 1 0
levelup/go-api/internal/service/stats_service.go:248.74,254.28 5 0
levelup/go-api/internal/service/stats_service.go:254.28,256.45 2 0
levelup/go-api/internal/service/stats_service.go:256.45,258.4 1 0
levelup/go-api/internal/service/stats_service.go:259.3,259.19 1 0
levelup/go-api/internal/service/stats_service.go:259.19,262.4 2 0
levelup/go-api/internal/service/stats_service.go:263.3,267.4 1 0
levelup/go-api/internal/service/stats_service.go:270.2,271.15 2 0
levelup/go-api/internal/service/stats_service.go:271.15,274.3 2 0
levelup/go-api/internal/service/stats_service.go:276.2,280.3 1 0
levelup/go-api/internal/service/stats_service.go:288.35,291.16 2 0
levelup/go-api/internal/service/stats_service.go:291.16,293.3 1 0
levelup/go-api/internal/service/stats_service.go:295.2,297.28 3 0
levelup/go-api/internal/service/stats_service.go:297.28,304.3 1 0
levelup/go-api/internal/service/stats_service.go:306.2,307.21 2 0
levelup/go-api/internal/service/stats_service.go:307.21,310.3 2 0
levelup/go-api/internal/service/stats_service.go:312.2,316.8 1 0
levelup/go-api/internal/service/stats_service.go:322.85,323.23 1 0
levelup/go-api/internal/service/stats_service.go:323.23,325.3 1 0
levelup/go-api/internal/service/stats_service.go:326.2,328.28 3 0
levelup/go-api/internal/service/stats_service.go:328.28,329.32 1 0
levelup/go-api/internal/service/stats_service.go:329.32,331.4 1 0
levelup/go-api/internal/service/stats_service.go:332.3,332.30 1 0
levelup/go-api/internal/service/stats_service.go:332.30,334.4 1 0
levelup/go-api/internal/service/stats_service.go:336.2,337.37 2 0
levelup/go-api/internal/service/stats_service.go:343.94,344.23 1 0
levelup/go-api/internal/service/stats_service.go:344.23,346.3 1 0
levelup/go-api/internal/service/stats_service.go:347.2,348.33 2 0
levelup/go-api/internal/service/stats_service.go:348.33,350.3 1 0
levelup/go-api/internal/service/stats_service.go:351.2,351.52 1 0
levelup/go-api/internal/service/synthesis_service.go:25.75,27.2 1 0
levelup/go-api/internal/service/synthesis_service.go:35.44,37.18 2 0
levelup/go-api/internal/service/synthesis_service.go:37.18,39.3 1 0
levelup/go-api/internal/service/synthesis_service.go:41.2,42.16 2 0
levelup/go-api/internal/service/synthesis_service.go:42.16,44.3 1 0
levelup/go-api/internal/service/synthesis_service.go:47.2,88.8 14 0
levelup/go-api/internal/service/synthesis_service.go:101.52,108.16 5 0
levelup/go-api/internal/service/synthesis_service.go:109.12,112.64 3 0
levelup/go-api/internal/service/synthesis_service.go:113.12,116.64 3 0
levelup/go-api/internal/service/synthesis_service.go:117.12,120.64 3 0
levelup/go-api/internal/service/synthesis_service.go:121.12,124.64 3 0
levelup/go-api/internal/service/synthesis_service.go:125.10,125.10 0 0
levelup/go-api/internal/service/synthesis_service.go:129.2,129.19 1 0
levelup/go-api/internal/service/synthesis_service.go:129.19,131.3 1 0
levelup/go-api/internal/service/synthesis_service.go:133.2,134.25 2 0
levelup/go-api/internal/service/synthesis_service.go:134.25,135.35 1 0
levelup/go-api/internal/service/synthesis_service.go:135.35,137.4 1 0
levelup/go-api/internal/service/synthesis_service.go:139.2,139.35 1 0
levelup/go-api/internal/service/synthesis_service.go:143.118,149.25 5 0
levelup/go-api/internal/service/synthesis_service.go:149.25,152.21 3 0
levelup/go-api/internal/service/synthesis_service.go:152.21,155.29 3 0
levelup/go-api/internal/service/synthesis_service.go:155.29,157.5 1 0
levelup/go-api/internal/service/synthesis_service.go:158.9,161.4 2 0
levelup/go-api/internal/service/synthesis_service.go:162.3,162.26 1 0
levelup/go-api/internal/service/synthesis_service.go:162.26,164.4 1 0
levelup/go-api/internal/service/synthesis_service.go:165.3,165.39 1 0
levelup/go-api/internal/service/synthesis_service.go:165.39,167.4 1 0
levelup/go-api/internal/service/synthesis_service.go:170.2,180.29 3 0
levelup/go-api/internal/service/synthesis_service.go:180.29,182.3 1 0
levelup/go-api/internal/service/synthesis_service.go:183.2,183.11 1 0
levelup/go-api/internal/service/synthesis_service.go:183.11,188.3 4 0
levelup/go-api/internal/service/synthesis_service.go:189.2,189.38 1 0
levelup/go-api/internal/service/synthesis_service.go:189.38,191.3 1 0
levelup/go-api/internal/service/synthesis_service.go:192.2,192.19 1 0
levelup/go-api/internal/service/synthesis_service.go:192.19,194.3 1 0
levelup/go-api/internal/service/synthesis_service.go:195.2,195.17 1 0
levelup/go-api/internal/service/synthesis_service.go:195.17,197.3 1 0
levelup/go-api/internal/service/synthesis_service.go:198.2,198.11 1 0
levelup/go-api/internal/service/synthesis_service.go:201.66,210.9 3 0
levelup/go-api/internal/service/synthesis_service.go:210.9,212.3 1 0
levelup/go-api/internal/service/synthesis_service.go:213.2,213.59 1 0
levelup/go-api/internal/service/synthesis_service.go:224.96,225.20 1 0
levelup/go-api/internal/service/synthesis_service.go:225.20,227.3 1 0
levelup/go-api/internal/service/synthesis_service.go:228.2,228.81 1 0
levelup/go-api/internal/service/synthesis_service.go:228.81,237.3 1 0
levelup/go-api/internal/service/synthesis_service.go:239.2,239.89 1 0
levelup/go-api/internal/service/synthesis_service.go:239.89,241.3 1 0
levelup/go-api/internal/service/synthesis_service.go:242.2,242.87 1 0
levelup/go-api/internal/service/synthesis_service.go:242.87,244.19 2 0
levelup/go-api/internal/service/synthesis_service.go:244.19,246.4 1 0
levelup/go-api/internal/service/synthesis_service.go:247.3,248.19 2 0
levelup/go-api/internal/service/synthesis_service.go:248.19,250.4 1 0
levelup/go-api/internal/service/synthesis_service.go:251.3,251.17 1 0
levelup/go-api/internal/service/synthesis_service.go:253.2,253.92 1 0
levelup/go-api/internal/service/synthesis_service.go:253.92,255.3 1 0
levelup/go-api/internal/service/synthesis_service.go:257.2,257.83 1 0
levelup/go-api/internal/service/synthesis_service.go:257.83,259.25 2 0
levelup/go-api/internal/service/synthesis_service.go:259.25,261.4 1 0
levelup/go-api/internal/service/synthesis_service.go:262.3,262.13 1 0
levelup/go-api/internal/service/synthesis_service.go:264.2,268.3 1 0
levelup/go-api/internal/service/synthesis_service.go:272.131,276.40 3 0
levelup/go-api/internal/service/synthesis_service.go:276.40,278.36 2 0
levelup/go-api/internal/service/synthesis_service.go:278.36,279.31 1 0
levelup/go-api/internal/service/synthesis_service.go:279.31,281.5 1 0
levelup/go-api/internal/service/synthesis_service.go:283.3,283.40 1 0
levelup/go-api/internal/service/synthesis_service.go:285.2,285.17 1 0
levelup/go-api/internal/service/synthesis_service.go:285.17,287.3 1 0
levelup/go-api/internal/service/synthesis_service.go:288.2,288.15 1 0
levelup/go-api/internal/service/synthesis_service.go:292.92,293.20 1 0
levelup/go-api/internal/service/synthesis_service.go:293.20,295.3 1 0
levelup/go-api/internal/service/synthesis_service.go:296.2,296.79 1 0
levelup/go-api/internal/service/synthesis_service.go:296.79,305.3 1 0
levelup/go-api/internal/service/synthesis_service.go:307.2,308.25 2 0
levelup/go-api/internal/service/synthesis_service.go:308.25,309.31 1 0
levelup/go-api/internal/service/synthesis_service.go:309.31,311.4 1 0
levelup/go-api/internal/service/synthesis_service.go:311.9,313.4 1 0
levelup/go-api/internal/service/synthesis_service.go:314.3,314.47 1 0
levelup/go-api/internal/service/synthesis_service.go:314.47,315.9 1 0
levelup/go-api/internal/service/synthesis_service.go:318.2,318.24 1 0
levelup/go-api/internal/service/synthesis_service.go:318.24,320.3 1 0
levelup/go-api/internal/service/synthesis_service.go:321.2,321.22 1 0
levelup/go-api/internal/service/synthesis_service.go:321.22,323.3 1 0
levelup/go-api/internal/service/synthesis_service.go:324.2,328.3 1 0
levelup/go-api/internal/service/synthesis_service.go:332.84,333.20 1 0
levelup/go-api/internal/service/synthesis_service.go:333.20,335.3 1 0
levelup/go-api/internal/service/synthesis_service.go:337.2,339.25 3 0
levelup/go-api/internal/service/synthesis_service.go:339.25,349.3 8 0
levelup/go-api/internal/service/synthesis_service.go:351.2,352.30 2 0
levelup/go-api/internal/service/synthesis_service.go:352.30,354.15 2 0
levelup/go-api/internal/service/synthesis_service.go:354.15,356.4 1 0
levelup/go-api/internal/service/synthesis_service.go:357.3,362.5 1 0
levelup/go-api/internal/service/synthesis_service.go:364.2,365.31 2 0
levelup/go-api/internal/service/synthesis_service.go:365.31,367.15 2 0
levelup/go-api/internal/service/synthesis_service.go:367.15,369.4 1 0
levelup/go-api/internal/service/synthesis_service.go:370.3,375.5 1 0
levelup/go-api/internal/service/synthesis_service.go:378.2,380.26 3 0
levelup/go-api/internal/service/synthesis_service.go:380.26,382.3 1 0
levelup/go-api/internal/service/synthesis_service.go:383.2,383.27 1 0
levelup/go-api/internal/service/synthesis_service.go:383.27,385.3 1 0
levelup/go-api/internal/service/synthesis_service.go:386.2,386.79 1 0
levelup/go-api/internal/service/synthesis_service.go:389.51,390.32 1 0
levelup/go-api/internal/service/synthesis_service.go:390.32,391.35 1 0
levelup/go-api/internal/service/synthesis_service.go:391.35,392.41 1 0
levelup/go-api/internal/service/synthesis_service.go:392.41,394.5 1 0
levelup/go-api/internal/service/synthesis_service.go:399.53,400.32 1 0
levelup/go-api/internal/service/synthesis_service.go:400.32,401.35 1 0
levelup/go-api/internal/service/synthesis_service.go:401.35,402.41 1 0
levelup/go-api/internal/service/synthesis_service.go:402.41,404.5 1 0
levelup/go-api/internal/service/teammates_service.go:25.71,27.2 1 0
levelup/go-api/internal/service/teammates_service.go:34.41,36.16 2 0
levelup/go-api/internal/service/teammates_service.go:36.16,38.3 1 0
levelup/go-api/internal/service/teammates_service.go:41.2,45.16 3 0
levelup/go-api/internal/service/teammates_service.go:45.16,47.3 1 0
levelup/go-api/internal/service/teammates_service.go:50.2,63.43 8 0
levelup/go-api/internal/service/teammates_service.go:63.43,65.17 2 0
levelup/go-api/internal/service/teammates_service.go:65.17,67.12 2 0
levelup/go-api/internal/service/teammates_service.go:69.3,69.17 1 0
levelup/go-api/internal/service/teammates_service.go:69.17,73.4 3 0
levelup/go-api/internal/service/teammates_service.go:77.2,79.27 3 0
levelup/go-api/internal/service/teammates_service.go:79.27,82.3 2 0
levelup/go-api/internal/service/teammates_service.go:84.2,93.8 1 0
levelup/go-api/internal/service/teammates_service.go:97.97,100.28 3 0
levelup/go-api/internal/service/teammates_service.go:100.28,101.53 1 0
levelup/go-api/internal/service/teammates_service.go:101.53,102.12 1 0
levelup/go-api/internal/service/teammates_service.go:104.3,104.22 1 0
levelup/go-api/internal/service/teammates_service.go:104.22,106.4 1 0
levelup/go-api/internal/service/teammates_service.go:106.9,108.4 1 0
levelup/go-api/internal/service/teammates_service.go:110.2,111.25 2 0
levelup/go-api/internal/service/teammates_service.go:111.25,113.3 1 0
levelup/go-api/internal/service/teammates_service.go:114.2,115.26 2 0
levelup/go-api/internal/service/teammates_service.go:115.26,117.3 1 0
levelup/go-api/internal/service/teammates_service.go:118.2,118.59 1 0
levelup/go-api/internal/service/teammates_service.go:129.30,130.45 1 0
levelup/go-api/internal/service/teammates_service.go:130.45,132.3 1 0
levelup/go-api/internal/service/teammates_service.go:133.2,134.28 2 0
levelup/go-api/internal/service/teammates_service.go:134.28,136.28 2 0
levelup/go-api/internal/service/teammates_service.go:136.28,138.4 1 0
levelup/go-api/internal/service/teammates_service.go:139.3,139.68 1 0
levelup/go-api/internal/service/teammates_service.go:139.68,141.12 2 0
levelup/go-api/internal/service/teammates_service.go:143.3,143.69 1 0
levelup/go-api/internal/service/teammates_service.go:143.69,145.4 1 0
levelup/go-api/internal/service/teammates_service.go:147.2,147.17 1 0
levelup/go-api/internal/service/teammates_service.go:151.81,153.25 2 0
levelup/go-api/internal/service/teammates_service.go:153.25,160.3 2 0
levelup/go-api/internal/service/teammates_service.go:161.2,161.13 1 0
levelup/go-api/internal/service/teammates_service.go:170.56,174.28 3 0
levelup/go-api/internal/service/teammates_service.go:174.28,175.29 1 0
levelup/go-api/internal/service/teammates_service.go:175.29,178.9 3 0
levelup/go-api/internal/service/teammates_service.go:181.2,181.24 1 0
levelup/go-api/internal/service/teammates_service.go:181.24,183.3 1 0
levelup/go-api/internal/service/teammates_service.go:186.2,187.16 2 0
levelup/go-api/internal/service/teammates_service.go:187.16,189.3 1 0
levelup/go-api/internal/service/teammates_service.go:191.2,195.33 3 0
levelup/go-api/internal/service/teammates_service.go:195.33,197.3 1 0
levelup/go-api/internal/service/teammates_service.go:198.2,202.27 4 0
levelup/go-api/internal/service/teammates_service.go:202.27,204.34 2 0
levelup/go-api/internal/service/teammates_service.go:204.34,205.28 1 0
levelup/go-api/internal/service/teammates_service.go:205.28,207.5 1 0
levelup/go-api/internal/service/teammates_service.go:209.3,209.16 1 0
levelup/go-api/internal/service/teammates_service.go:212.2,219.22 1 0
levelup/go-api/internal/service/teammates_service.go:223.86,225.12 2 0
levelup/go-api/internal/service/teammates_service.go:225.12,227.3 1 0
levelup/go-api/internal/service/teammates_service.go:228.2,232.28 5 0
levelup/go-api/internal/service/teammates_service.go:232.28,233.39 1 0
levelup/go-api/internal/service/teammates_service.go:233.39,235.4 1 0
levelup/go-api/internal/service/teammates_service.go:236.3,241.24 6 0
levelup/go-api/internal/service/teammates_service.go:241.24,244.4 2 0
levelup/go-api/internal/service/teammates_service.go:246.2,252.18 7 0
levelup/go-api/internal/service/teammates_service.go:252.18,255.3 2 0
levelup/go-api/internal/service/teammates_service.go:256.2,266.3 1 0
levelup/go-api/internal/service/teammates_service.go:273.23,275.28 2 0
levelup/go-api/internal/service/teammates_service.go:275.28,276.26 1 0
levelup/go-api/internal/service/teammates_service.go:276.26,278.4 1 0
levelup/go-api/internal/service/teammates_service.go:280.2,281.12 2 0
levelup/go-api/internal/service/teammates_service.go:281.12,283.3 1 0
levelup/go-api/internal/service/teammates_service.go:284.2,286.29 3 0
levelup/go-api/internal/service/teammates_service.go:286.29,287.39 1 0
levelup/go-api/internal/service/teammates_service.go:287.39,289.4 1 0
levelup/go-api/internal/service/teammates_service.go:290.3,291.26 2 0
levelup/go-api/internal/service/teammates_service.go:293.2,301.3 3 0
levelup/go-api/internal/service/teammates_service.go:305.84,307.28 2 0
levelup/go-api/internal/service/teammates_service.go:307.28,308.23 1 0
levelup/go-api/internal/service/teammates_service.go:308.23,310.4 1 0
levelup/go-api/internal/service/teammates_service.go:312.2,312.20 1 0
levelup/go-api/internal/service/teammates_service.go:312.20,314.3 1 0
levelup/go-api/internal/service/teammates_service.go:315.2,316.14 2 0
levelup/go-api/internal/service/teammates_service.go:319.36,320.12 1 0
levelup/go-api/internal/service/teammates_service.go:320.12,322.3 1 0
levelup/go-api/internal/service/teammates_service.go:323.2,323.22 1 0
levelup/go-api/internal/service/teammates_service.go:326.32,328.2 1 0
levelup/go-api/internal/service/teammates_service.go:331.83,334.28 3 0
levelup/go-api/internal/service/teammates_service.go:334.28,336.16 2 0
levelup/go-api/internal/service/teammates_service.go:336.16,338.4 1 0
levelup/go-api/internal/service/teammates_service.go:339.3,339.27 1 0
levelup/go-api/internal/service/teammates_service.go:339.27,341.4 1 0
levelup/go-api/internal/service/teammates_service.go:342.3,343.39 2 0
levelup/go-api/internal/service/teammates_service.go:343.39,345.4 1 0
levelup/go-api/internal/service/teammates_service.go:347.2,348.26 2 0
levelup/go-api/internal/service/teammates_service.go:348.26,354.3 1 0
levelup/go-api/internal/service/teammates_service.go:355.2,355.15 1 0
levelup/go-api/internal/service/teammates_service.go:359.86,361.28 2 0
levelup/go-api/internal/service/teammates_service.go:361.28,370.3 1 0
levelup/go-api/internal/service/teammates_service.go:371.2,371.15 1 0
levelup/go-api/internal/service/timeseries_service.go:30.73,32.2 1 0
levelup/go-api/internal/service/timeseries_service.go:38.42,40.16 2 0
levelup/go-api/internal/service/timeseries_service.go:40.16,43.3 2 0
levelup/go-api/internal/service/timeseries_service.go:45.2,61.18 4 0
levelup/go-api/internal/service/timeseries_service.go:68.92,71.12 3 0
levelup/go-api/internal/service/timeseries_service.go:71.12,73.3 1 0
levelup/go-api/internal/service/timeseries_service.go:75.2,77.28 3 0
levelup/go-api/internal/service/timeseries_service.go:77.28,78.60 1 0
levelup/go-api/internal/service/timeseries_service.go:78.60,80.4 1 0
levelup/go-api/internal/service/timeseries_service.go:81.3,83.24 3 0
levelup/go-api/internal/service/timeseries_service.go:83.24,86.4 2 0
levelup/go-api/internal/service/timeseries_service.go:89.2,91.21 3 0
levelup/go-api/internal/service/timeseries_service.go:91.21,93.3 1 0
levelup/go-api/internal/service/timeseries_service.go:95.2,102.14 2 0
levelup/go-api/internal/service/timeseries_service.go:102.14,107.3 2 0
levelup/go-api/internal/service/timeseries_service.go:109.2,109.53 1 0
levelup/go-api/internal/service/timeseries_service.go:116.78,118.12 2 0
levelup/go-api/internal/service/timeseries_service.go:118.12,120.3 1 0
levelup/go-api/internal/service/timeseries_service.go:122.2,129.28 6 0
levelup/go-api/internal/service/timeseries_service.go:129.28,134.22 4 0
levelup/go-api/internal/service/timeseries_service.go:134.22,136.4 1 0
levelup/go-api/internal/service/timeseries_service.go:137.3,149.16 6 0
levelup/go-api/internal/service/timeseries_service.go:149.16,151.4 1 0
levelup/go-api/internal/service/timeseries_service.go:152.3,153.31 2 0
levelup/go-api/internal/service/timeseries_service.go:153.31,156.4 2 0
levelup/go-api/internal/service/timeseries_service.go:157.3,158.13 2 0
levelup/go-api/internal/service/timeseries_service.go:158.13,160.4 1 0
levelup/go-api/internal/service/timeseries_service.go:161.3,163.5 1 0
levelup/go-api/internal/service/timeseries_service.go:166.2,170.3 1 0
levelup/go-api/internal/service/timeseries_service.go:177.86,185.28 5 0
levelup/go-api/internal/service/timeseries_service.go:185.28,187.19 2 0
levelup/go-api/internal/service/timeseries_service.go:187.19,189.4 1 0
levelup/go-api/internal/service/timeseries_service.go:190.3,190.13 1 0
levelup/go-api/internal/service/timeseries_service.go:190.13,192.4 1 0
levelup/go-api/internal/service/timeseries_service.go:192.9,194.4 1 0
levelup/go-api/internal/service/timeseries_service.go:195.3,198.5 1 0
levelup/go-api/internal/service/timeseries_service.go:201.2,204.3 1 0
levelup/go-api/internal/service/timeseries_service.go:208.94,212.21 3 0
levelup/go-api/internal/service/timeseries_service.go:212.21,214.3 1 0
levelup/go-api/internal/service/timeseries_service.go:217.2,219.28 3 0
levelup/go-api/internal/service/timeseries_service.go:219.28,221.19 2 0
levelup/go-api/internal/service/timeseries_service.go:221.19,223.4 1 0
levelup/go-api/internal/service/timeseries_service.go:224.3,229.10 6 0
levelup/go-api/internal/service/timeseries_service.go:232.2,232.25 1 0
levelup/go-api/internal/service/timeseries_service.go:232.25,234.3 1 0
levelup/go-api/internal/service/timeseries_service.go:236.2,238.16 3 0
levelup/go-api/internal/service/timeseries_service.go:238.16,240.3 1 0
levelup/go-api/internal/service/timeseries_service.go:242.2,248.28 5 0
levelup/go-api/internal/service/timeseries_service.go:248.28,250.19 2 0
levelup/go-api/internal/service/timeseries_service.go:250.19,252.4 1 0
levelup/go-api/internal/service/timeseries_service.go:253.3,255.39 3 0
levelup/go-api/internal/service/timeseries_service.go:258.2,259.15 2 0
levelup/go-api/internal/service/timeseries_service.go:259.15,262.3 2 0
levelup/go-api/internal/service/timeseries_service.go:264.2,268.29 3 0
levelup/go-api/internal/service/timeseries_service.go:268.29,271.3 2 0
levelup/go-api/internal/service/timeseries_service.go:271.8,271.22 1 0
levelup/go-api/internal/service/timeseries_service.go:271.22,274.3 2 0
levelup/go-api/internal/service/timeseries_service.go:274.8,277.3 2 0
levelup/go-api/internal/service/timeseries_service.go:279.2,284.3 1 0
levelup/go-api/internal/service/timeseries_service.go:292.86,293.23 1 0
levelup/go-api/internal/service/timeseries_service.go:293.23,298.3 1 0
levelup/go-api/internal/service/timeseries_service.go:301.2,308.28 4 0
levelup/go-api/internal/service/timeseries_service.go:308.28,315.10 6 0
levelup/go-api/internal/service/timeseries_service.go:315.10,318.4 2 0
levelup/go-api/internal/service/timeseries_service.go:319.3,325.87 5 0
levelup/go-api/internal/service/timeseries_service.go:325.87,327.4 1 0
levelup/go-api/internal/service/timeseries_service.go:328.3,331.5 1 0
levelup/go-api/internal/service/timeseries_service.go:334.2,335.30 2 0
levelup/go-api/internal/service/timeseries_service.go:335.30,337.19 2 0
levelup/go-api/internal/service/timeseries_service.go:337.19,339.4 1 0
levelup/go-api/internal/service/timeseries_service.go:340.3,345.5 1 0
levelup/go-api/internal/service/timeseries_service.go:348.2,351.3 1 0
levelup/go-api/internal/service/timeseries_service.go:359.94,360.23 1 0
levelup/go-api/internal/service/timeseries_service.go:360.23,370.3 1 0
levelup/go-api/internal/service/timeseries_service.go:372.2,380.3 1 0
levelup/go-api/internal/service/timeseries_service.go:384.82,392.28 4 0
levelup/go-api/internal/service/timeseries_service.go:392.28,394.19 2 0
levelup/go-api/internal/service/timeseries_service.go:394.19,396.4 1 0
levelup/go-api/internal/service/timeseries_service.go:397.3,398.21 2 0
levelup/go-api/internal/service/timeseries_service.go:398.21,400.4 1 0
levelup/go-api/internal/service/timeseries_service.go:401.3,401.16 1 0
levelup/go-api/internal/service/timeseries_service.go:404.2,405.27 2 0
levelup/go-api/internal/service/timeseries_service.go:405.27,406.13 1 0
levelup/go-api/internal/service/timeseries_service.go:406.13,407.12 1 0
levelup/go-api/internal/service/timeseries_service.go:409.3,411.19 3 0
levelup/go-api/internal/service/timeseries_service.go:411.19,413.4 1 0
levelup/go-api/internal/service/timeseries_service.go:414.3,418.5 1 0
levelup/go-api/internal/service/timeseries_service.go:420.2,420.16 1 0
levelup/go-api/internal/service/timeseries_service.go:424.84,427.28 3 0
levelup/go-api/internal/service/timeseries_service.go:427.28,428.25 1 0
levelup/go-api/internal/service/timeseries_service.go:428.25,430.4 1 0
levelup/go-api/internal/service/timeseries_service.go:432.2,435.28 3 0
levelup/go-api/internal/service/timeseries_service.go:435.28,437.20 2 0
levelup/go-api/internal/service/timeseries_service.go:437.20,439.4 1 0
levelup/go-api/internal/service/timeseries_service.go:440.3,440.16 1 0
levelup/go-api/internal/service/timeseries_service.go:443.2,444.27 2 0
levelup/go-api/internal/service/timeseries_service.go:444.27,445.13 1 0
levelup/go-api/internal/service/timeseries_service.go:445.13,446.12 1 0
levelup/go-api/internal/service/timeseries_service.go:448.3,454.5 3 0
levelup/go-api/internal/service/timeseries_service.go:456.2,456.16 1 0
levelup/go-api/internal/service/timeseries_service.go:460.90,462.28 2 0
levelup/go-api/internal/service/timeseries_service.go:462.28,464.19 2 0
levelup/go-api/internal/service/timeseries_service.go:464.19,466.4 1 0
levelup/go-api/internal/service/timeseries_service.go:468.3,469.61 2 0
levelup/go-api/internal/service/timeseries_service.go:469.61,471.4 1 0
levelup/go-api/internal/service/timeseries_service.go:474.3,482.40 3 0
levelup/go-api/internal/service/timeseries_service.go:482.40,486.4 1 0
levelup/go-api/internal/service/timeseries_service.go:488.3,496.44 3 0
levelup/go-api/internal/service/timeseries_service.go:496.44,500.4 1 0
levelup/go-api/internal/service/timeseries_service.go:502.2,502.15 1 0
levelup/go-api/internal/service/timeseries_service.go:510.81,512.28 2 0
levelup/go-api/internal/service/timeseries_service.go:512.28,530.3 1 0
levelup/go-api/internal/service/timeseries_service.go:531.2,531.13 1 0
levelup/go-api/internal/service/timeseries_service.go:539.87,543.28 3 0
levelup/go-api/internal/service/timeseries_service.go:543.28,544.24 1 0
levelup/go-api/internal/service/timeseries_service.go:544.24,545.12 1 0
levelup/go-api/internal/service/timeseries_service.go:547.3,549.25 3 0
levelup/go-api/internal/service/timeseries_service.go:549.25,551.4 1 0
levelup/go-api/internal/service/timeseries_service.go:552.3,552.16 1 0
levelup/go-api/internal/service/timeseries_service.go:555.2,556.27 2 0
levelup/go-api/internal/service/timeseries_service.go:556.27,557.13 1 0
levelup/go-api/internal/service/timeseries_service.go:557.13,558.12 1 0
levelup/go-api/internal/service/timeseries_service.go:560.3,563.5 2 0
levelup/go-api/internal/service/timeseries_service.go:565.2,565.16 1 0
levelup/go-api/internal/service/timeseries_service.go:569.90,573.28 3 0
levelup/go-api/internal/service/timeseries_service.go:573.28,574.88 1 0
levelup/go-api/internal/service/timeseries_service.go:574.88,575.12 1 0
levelup/go-api/internal/service/timeseries_service.go:577.3,579.16 3 0
levelup/go-api/internal/service/timeseries_service.go:582.2,583.29 2 0
levelup/go-api/internal/service/timeseries_service.go:583.29,588.3 2 0
levelup/go-api/internal/service/timeseries_service.go:589.2,589.42 1 0
levelup/go-api/internal/service/timeseries_service.go:589.42,589.94 1 0
levelup/go-api/internal/service/timeseries_service.go:590.2,590.16 1 0
levelup/go-api/internal/service/timeseries_service.go:594.88,601.25 3 0
levelup/go-api/internal/service/timeseries_service.go:601.25,603.16 2 0
levelup/go-api/internal/service/timeseries_service.go:603.16,605.4 1 0
levelup/go-api/internal/service/timeseries_service.go:606.3,607.31 2 0
levelup/go-api/internal/service/timeseries_service.go:607.31,608.79 1 0
levelup/go-api/internal/service/timeseries_service.go:608.79,610.5 1 0
levelup/go-api/internal/service/timeseries_service.go:612.3,615.25 4 0
levelup/go-api/internal/service/timeseries_service.go:615.25,617.4 1 0
levelup/go-api/internal/service/timeseries_service.go:618.3,618.16 1 0
levelup/go-api/internal/service/timeseries_service.go:621.2,622.27 2 0
levelup/go-api/internal/service/timeseries_service.go:622.27,623.13 1 0
levelup/go-api/internal/service/timeseries_service.go:623.13,624.12 1 0
levelup/go-api/internal/service/timeseries_service.go:626.3,629.5 2 0
levelup/go-api/internal/service/timeseries_service.go:631.2,631.16 1 0
levelup/go-api/internal/api/registry.go:39.94,41.77 1 0
levelup/go-api/internal/api/registry.go:41.77,44.4 2 0
levelup/go-api/internal/api/registry.go:54.96,56.16 2 0
levelup/go-api/internal/api/registry.go:56.16,58.3 1 0
levelup/go-api/internal/api/registry.go:59.2,59.65 1 0
levelup/go-api/internal/api/registry.go:63.98,65.16 2 0
levelup/go-api/internal/api/registry.go:65.16,67.3 1 0
levelup/go-api/internal/api/registry.go:68.2,68.67 1 0
levelup/go-api/internal/api/registry.go:72.102,74.16 2 0
levelup/go-api/internal/api/registry.go:74.16,76.3 1 0
levelup/go-api/internal/api/registry.go:77.2,77.67 1 0
levelup/go-api/internal/api/registry.go:81.102,83.16 2 0
levelup/go-api/internal/api/registry.go:83.16,85.3 1 0
levelup/go-api/internal/api/registry.go:86.2,86.91 1 0
levelup/go-api/internal/api/registry.go:90.94,92.16 2 0
levelup/go-api/internal/api/registry.go:92.16,94.3 1 0
levelup/go-api/internal/api/registry.go:95.2,95.63 1 0
levelup/go-api/internal/api/registry.go:102.3,104.16 2 0
levelup/go-api/internal/api/registry.go:104.16,106.3 1 0
levelup/go-api/internal/api/registry.go:107.2,109.29 3 0
levelup/go-api/internal/api/registry.go:109.29,111.3 1 0
levelup/go-api/internal/api/registry.go:112.2,112.83 1 0
levelup/go-api/internal/api/registry.go:116.96,118.16 2 0
levelup/go-api/internal/api/registry.go:118.16,120.3 1 0
levelup/go-api/internal/api/registry.go:121.2,121.65 1 0
levelup/go-api/internal/api/registry.go:125.100,127.16 2 0
levelup/go-api/internal/api/registry.go:127.16,129.3 1 0
levelup/go-api/internal/api/registry.go:130.2,130.69 1 0
levelup/go-api/internal/api/registry.go:134.112,136.16 2 0
levelup/go-api/internal/api/registry.go:136.16,138.3 1 0
levelup/go-api/internal/api/registry.go:139.2,141.71 3 0
levelup/go-api/internal/api/registry.go:145.106,147.16 2 0
levelup/go-api/internal/api/registry.go:147.16,149.3 1 0
levelup/go-api/internal/api/registry.go:150.2,150.69 1 0
levelup/go-api/internal/api/registry.go:154.94,156.16 2 0
levelup/go-api/internal/api/registry.go:156.16,158.3 1 0
levelup/go-api/internal/api/registry.go:159.2,159.63 1 0
levelup/go-api/internal/api/registry.go:163.104,165.16 2 0
levelup/go-api/internal/api/registry.go:165.16,167.3 1 0
levelup/go-api/internal/api/registry.go:168.2,168.68 1 0
levelup/go-api/internal/api/registry.go:178.121,180.16 2 0
levelup/go-api/internal/api/registry.go:180.16,182.3 1 0
levelup/go-api/internal/api/registry.go:183.2,184.41 2 0
levelup/go-api/internal/api/registry.go:188.119,190.16 2 0
levelup/go-api/internal/api/registry.go:190.16,192.3 1 0
levelup/go-api/internal/api/registry.go:193.2,194.41 2 0
levelup/go-api/internal/api/registry.go:198.111,200.16 2 0
levelup/go-api/internal/api/registry.go:200.16,202.3 1 0
levelup/go-api/internal/api/registry.go:203.2,205.41 2 0
levelup/go-api/internal/api/registry.go:212.136,214.16 2 0
levelup/go-api/internal/api/registry.go:214.16,216.3 1 0
levelup/go-api/internal/api/registry.go:217.2,227.51 7 0
levelup/go-api/internal/api/registry.go:232.132,234.16 2 0
levelup/go-api/internal/api/registry.go:234.16,236.3 1 0
levelup/go-api/internal/api/registry.go:237.2,248.27 9 0
levelup/go-api/internal/api/registry.go:252.107,253.36 1 0
levelup/go-api/internal/api/registry.go:253.36,255.3 1 0
levelup/go-api/internal/api/registry.go:256.2,257.63 2 0
levelup/go-api/internal/api/registry.go:257.63,259.3 1 0
levelup/go-api/internal/api/registry.go:260.2,261.19 2 0
levelup/go-api/internal/api/registry.go:261.19,264.3 2 0
levelup/go-api/internal/api/registry.go:265.2,265.12 1 0
levelup/go-api/internal/api/registry.go:274.124,277.35 2 0
levelup/go-api/internal/api/registry.go:277.35,279.38 2 0
levelup/go-api/internal/api/registry.go:279.38,281.35 2 0
levelup/go-api/internal/api/registry.go:281.35,284.5 2 0
levelup/go-api/internal/api/registry.go:285.4,285.103 1 0
levelup/go-api/internal/api/registry.go:286.9,286.24 1 0
levelup/go-api/internal/api/registry.go:286.24,288.4 1 0
levelup/go-api/internal/api/registry.go:294.2,295.24 2 0
levelup/go-api/internal/api/registry.go:295.24,297.3 1 0
levelup/go-api/internal/api/registry.go:298.2,298.24 1 0
levelup/go-api/internal/api/registry.go:298.24,300.38 2 0
levelup/go-api/internal/api/registry.go:300.38,302.35 2 0
levelup/go-api/internal/api/registry.go:302.35,305.5 2 0
levelup/go-api/internal/api/registry.go:306.4,306.107 1 0
levelup/go-api/internal/api/registry.go:307.9,307.24 1 0
levelup/go-api/internal/api/registry.go:307.24,309.4 1 0
levelup/go-api/internal/api/registry.go:312.2,313.12 2 0
levelup/go-api/internal/api/registry.go:317.127,319.16 2 0
levelup/go-api/internal/api/registry.go:319.16,321.3 1 0
levelup/go-api/internal/api/registry.go:322.2,323.41 2 0
levelup/go-api/internal/api/registry.go:327.113,329.16 2 0
levelup/go-api/internal/api/registry.go:329.16,331.3 1 0
levelup/go-api/internal/api/registry.go:332.2,333.41 2 0
levelup/go-api/internal/api/registry.go:337.112,339.16 2 0
levelup/go-api/internal/api/registry.go:339.16,341.3 1 0
levelup/go-api/internal/api/registry.go:342.2,342.81 1 0
levelup/go-api/internal/api/registry.go:346.121,348.16 2 0
levelup/go-api/internal/api/registry.go:348.16,350.3 1 0
levelup/go-api/internal/api/registry.go:351.2,352.41 2 0
levelup/go-api/internal/api/registry.go:359.114,361.16 2 0
levelup/go-api/internal/api/registry.go:361.16,363.3 1 0
levelup/go-api/internal/api/registry.go:364.2,370.41 2 0
levelup/go-api/internal/api/registry.go:374.122,376.16 2 0
levelup/go-api/internal/api/registry.go:376.16,378.3 1 0
levelup/go-api/internal/api/registry.go:379.2,380.41 2 0
levelup/go-api/internal/api/registry.go:387.121,389.16 2 0
levelup/go-api/internal/api/registry.go:389.16,391.3 1 0
levelup/go-api/internal/api/registry.go:392.2,393.41 2 0
levelup/go-api/internal/api/registry.go:404.57,405.20 1 0
levelup/go-api/internal/api/registry.go:405.20,407.3 1 0
levelup/go-api/internal/api/registry.go:409.2,410.38 2 0
levelup/go-api/internal/api/registry.go:410.38,411.39 1 0
levelup/go-api/internal/api/registry.go:411.39,413.4 1 0
levelup/go-api/internal/api/registry.go:414.3,414.11 1 0
levelup/go-api/internal/api/registry.go:416.2,416.54 1 0
levelup/go-api/internal/api/server.go:40.16,90.93 29 0
levelup/go-api/internal/api/server.go:90.93,92.3 1 0
levelup/go-api/internal/api/server.go:92.8,94.3 1 0
levelup/go-api/internal/api/server.go:97.2,104.40 4 0
levelup/go-api/internal/api/server.go:104.40,131.40 15 0
levelup/go-api/internal/api/server.go:131.40,141.4 9 0
levelup/go-api/internal/api/server.go:144.3,166.56 14 0
levelup/go-api/internal/api/server.go:166.56,262.4 55 0
levelup/go-api/internal/api/server.go:266.3,271.42 4 0
levelup/go-api/internal/api/server.go:271.42,278.4 6 0
levelup/go-api/internal/api/server.go:281.2,281.10 1 0
levelup/go-api/internal/api/handlers/admin.go:32.92,34.2 1 0
levelup/go-api/internal/api/handlers/admin.go:38.74,40.16 2 0
levelup/go-api/internal/api/handlers/admin.go:40.16,43.3 2 0
levelup/go-api/internal/api/handlers/admin.go:44.2,44.36 1 0
levelup/go-api/internal/api/handlers/admin.go:49.75,51.49 2 0
levelup/go-api/internal/api/handlers/admin.go:51.49,52.48 1 0
levelup/go-api/internal/api/handlers/admin.go:52.48,55.4 2 0
levelup/go-api/internal/api/handlers/admin.go:56.3,58.9 3 0
levelup/go-api/internal/api/handlers/admin.go:60.2,61.37 2 0
levelup/go-api/internal/api/handlers/admin.go:66.75,71.62 3 0
levelup/go-api/internal/api/handlers/admin.go:71.62,74.3 2 0
levelup/go-api/internal/api/handlers/admin.go:75.2,75.67 1 0
levelup/go-api/internal/api/handlers/admin.go:75.67,78.3 2 0
levelup/go-api/internal/api/handlers/admin.go:79.2,79.61 1 0
levelup/go-api/internal/api/handlers/admin.go:79.61,80.48 1 0
levelup/go-api/internal/api/handlers/admin.go:80.48,83.4 2 0
levelup/go-api/internal/api/handlers/admin.go:84.3,86.9 3 0
levelup/go-api/internal/api/handlers/admin.go:88.2,89.37 2 0
levelup/go-api/internal/api/handlers/admin.go:94.78,99.62 3 0
levelup/go-api/internal/api/handlers/admin.go:99.62,102.3 2 0
levelup/go-api/internal/api/handlers/admin.go:103.2,103.74 1 0
levelup/go-api/internal/api/handlers/admin.go:103.74,104.48 1 0
levelup/go-api/internal/api/handlers/admin.go:104.48,107.4 2 0
levelup/go-api/internal/api/handlers/admin.go:108.3,108.52 1 0
levelup/go-api/internal/api/handlers/admin.go:108.52,111.4 2 0
levelup/go-api/internal/api/handlers/admin.go:112.3,114.9 3 0
levelup/go-api/internal/api/handlers/admin.go:116.2,117.37 2 0
levelup/go-api/internal/api/handlers/admin.go:122.76,124.16 2 0
levelup/go-api/internal/api/handlers/admin.go:124.16,127.3 2 0
levelup/go-api/internal/api/handlers/admin.go:128.2,128.38 1 0
levelup/go-api/internal/api/handlers/admin.go:133.79,137.62 2 0
levelup/go-api/internal/api/handlers/admin.go:137.62,140.3 1 0
levelup/go-api/internal/api/handlers/admin.go:141.2,141.29 1 0
levelup/go-api/internal/api/handlers/admin.go:141.29,143.3 1 0
levelup/go-api/internal/api/handlers/admin.go:146.2,148.41 3 0
levelup/go-api/internal/api/handlers/admin.go:148.41,150.3 1 0
levelup/go-api/internal/api/handlers/admin.go:152.2,153.16 2 0
levelup/go-api/internal/api/handlers/admin.go:153.16,157.3 3 0
levelup/go-api/internal/api/handlers/admin.go:158.2,159.42 2 0
levelup/go-api/internal/api/handlers/admin.go:164.77,166.47 2 0
levelup/go-api/internal/api/handlers/admin.go:166.47,167.50 1 0
levelup/go-api/internal/api/handlers/admin.go:167.50,170.4 2 0
levelup/go-api/internal/api/handlers/admin.go:171.3,173.9 3 0
levelup/go-api/internal/api/handlers/admin.go:175.2,176.37 2 0
levelup/go-api/internal/api/handlers/admin.go:180.65,182.2 1 0
levelup/go-api/internal/api/handlers/admin.go:185.44,187.41 2 0
levelup/go-api/internal/api/handlers/admin.go:187.41,189.3 1 0
levelup/go-api/internal/api/handlers/admin.go:190.2,190.18 1 0
levelup/go-api/internal/api/handlers/assets.go:43.63,45.2 1 0
levelup/go-api/internal/api/handlers/assets.go:48.65,50.2 1 0
levelup/go-api/internal/api/handlers/assets.go:54.78,59.16 4 0
levelup/go-api/internal/api/handlers/assets.go:59.16,62.3 2 0
levelup/go-api/internal/api/handlers/assets.go:64.2,67.16 3 0
levelup/go-api/internal/api/handlers/assets.go:67.16,70.3 2 0
levelup/go-api/internal/api/handlers/assets.go:73.2,73.42 1 0
levelup/go-api/internal/api/handlers/assets.go:73.42,76.3 2 0
levelup/go-api/internal/api/handlers/assets.go:79.2,80.66 2 0
levelup/go-api/internal/api/handlers/assets.go:80.66,82.3 1 0
levelup/go-api/internal/api/handlers/assets.go:83.2,83.16 1 0
levelup/go-api/internal/api/handlers/assets.go:83.16,86.3 2 0
levelup/go-api/internal/api/handlers/assets.go:88.2,99.47 3 0
levelup/go-api/internal/api/handlers/assets.go:105.72,112.16 3 0
levelup/go-api/internal/api/handlers/assets.go:112.16,114.3 1 0
levelup/go-api/internal/api/handlers/assets.go:115.2,118.44 3 0
levelup/go-api/internal/api/handlers/assets.go:118.44,123.3 1 0
levelup/go-api/internal/api/handlers/assets.go:124.2,124.17 1 0
levelup/go-api/internal/api/handlers/assets.go:127.36,130.2 2 0
levelup/go-api/internal/api/handlers/auth.go:42.154,49.2 1 0
levelup/go-api/internal/api/handlers/auth.go:52.65,55.2 2 0
levelup/go-api/internal/api/handlers/auth.go:59.79,60.16 1 0
levelup/go-api/internal/api/handlers/auth.go:60.16,63.3 2 0
levelup/go-api/internal/api/handlers/auth.go:65.2,66.17 2 0
levelup/go-api/internal/api/handlers/auth.go:66.17,69.3 2 0
levelup/go-api/internal/api/handlers/auth.go:72.2,73.12 2 0
levelup/go-api/internal/api/handlers/auth.go:73.12,76.3 2 0
levelup/go-api/internal/api/handlers/auth.go:79.2,80.16 2 0
levelup/go-api/internal/api/handlers/auth.go:80.16,81.71 1 0
levelup/go-api/internal/api/handlers/auth.go:81.71,85.4 3 0
levelup/go-api/internal/api/handlers/auth.go:86.3,87.9 2 0
levelup/go-api/internal/api/handlers/auth.go:91.2,91.70 1 0
levelup/go-api/internal/api/handlers/auth.go:91.70,96.3 4 0
levelup/go-api/internal/api/handlers/auth.go:99.2,102.64 3 0
levelup/go-api/internal/api/handlers/auth.go:107.83,110.17 3 0
levelup/go-api/internal/api/handlers/auth.go:110.17,113.3 2 0
levelup/go-api/internal/api/handlers/auth.go:115.2,116.61 2 0
levelup/go-api/internal/api/handlers/auth.go:116.61,119.3 2 0
levelup/go-api/internal/api/handlers/auth.go:122.2,122.73 1 0
levelup/go-api/internal/api/handlers/auth.go:122.73,124.30 2 0
levelup/go-api/internal/api/handlers/auth.go:124.30,129.4 1 0
levelup/go-api/internal/api/handlers/auth.go:131.3,131.34 1 0
levelup/go-api/internal/api/handlers/auth.go:131.34,136.4 1 0
levelup/go-api/internal/api/handlers/auth.go:138.3,138.76 1 0
levelup/go-api/internal/api/handlers/auth.go:138.76,142.4 3 0
levelup/go-api/internal/api/handlers/auth.go:143.3,143.32 1 0
levelup/go-api/internal/api/handlers/auth.go:146.2,146.65 1 0
levelup/go-api/internal/api/handlers/auth.go:155.92,160.16 4 0
levelup/go-api/internal/api/handlers/auth.go:160.16,161.63 1 0
levelup/go-api/internal/api/handlers/auth.go:161.63,165.4 3 0
levelup/go-api/internal/api/handlers/auth.go:166.3,166.9 1 0
levelup/go-api/internal/api/handlers/auth.go:170.2,171.16 2 0
levelup/go-api/internal/api/handlers/auth.go:171.16,172.63 1 0
levelup/go-api/internal/api/handlers/auth.go:172.63,176.4 3 0
levelup/go-api/internal/api/handlers/auth.go:177.3,177.9 1 0
levelup/go-api/internal/api/handlers/auth.go:182.2,182.62 1 0
levelup/go-api/internal/api/handlers/auth.go:182.62,188.3 5 0
levelup/go-api/internal/api/handlers/auth.go:195.87,203.2 1 0
levelup/go-api/internal/api/handlers/auth.go:205.89,210.22 2 0
levelup/go-api/internal/api/handlers/auth.go:210.22,212.3 1 0
levelup/go-api/internal/api/handlers/auth.go:213.2,213.18 1 0
levelup/go-api/internal/api/handlers/auth.go:213.18,215.3 1 0
levelup/go-api/internal/api/handlers/auth.go:216.2,216.23 1 0
levelup/go-api/internal/api/handlers/auth.go:216.23,218.3 1 0
levelup/go-api/internal/api/handlers/auth.go:219.2,219.25 1 0
levelup/go-api/internal/api/handlers/auth.go:219.25,221.3 1 0
levelup/go-api/internal/api/handlers/auth.go:222.2,222.13 1 0
levelup/go-api/internal/api/handlers/backfill.go:31.87,33.2 1 0
levelup/go-api/internal/api/handlers/backfill.go:37.81,39.61 2 0
levelup/go-api/internal/api/handlers/backfill.go:39.61,42.3 2 0
levelup/go-api/internal/api/handlers/backfill.go:44.2,44.54 1 0
levelup/go-api/internal/api/handlers/backfill.go:44.54,47.3 2 0
levelup/go-api/internal/api/handlers/backfill.go:50.2,51.16 2 0
levelup/go-api/internal/api/handlers/backfill.go:51.16,55.3 2 0
levelup/go-api/internal/api/handlers/backfill.go:56.2,57.28 2 0
levelup/go-api/internal/api/handlers/backfill.go:57.28,58.37 1 0
levelup/go-api/internal/api/handlers/backfill.go:58.37,61.9 3 0
levelup/go-api/internal/api/handlers/backfill.go:64.2,64.20 1 0
levelup/go-api/internal/api/handlers/backfill.go:64.20,68.3 2 0
levelup/go-api/internal/api/handlers/backfill.go:71.2,71.95 1 0
levelup/go-api/internal/api/handlers/backfill.go:71.95,75.3 2 0
levelup/go-api/internal/api/handlers/backfill.go:78.2,80.17 3 0
levelup/go-api/internal/api/handlers/backfill.go:80.17,82.3 1 0
levelup/go-api/internal/api/handlers/backfill.go:85.2,89.12 3 0
levelup/go-api/internal/api/handlers/backfill.go:89.12,97.17 5 0
levelup/go-api/internal/api/handlers/backfill.go:97.17,99.64 2 0
levelup/go-api/internal/api/handlers/backfill.go:99.64,102.5 2 0
levelup/go-api/internal/api/handlers/backfill.go:103.4,103.10 1 0
levelup/go-api/internal/api/handlers/backfill.go:106.3,109.63 4 0
levelup/go-api/internal/api/handlers/backfill.go:109.63,113.4 3 0
levelup/go-api/internal/api/handlers/backfill.go:115.3,115.31 1 0
levelup/go-api/internal/api/handlers/backfill.go:115.31,118.64 3 0
levelup/go-api/internal/api/handlers/backfill.go:118.64,122.5 3 0
levelup/go-api/internal/api/handlers/backfill.go:123.4,123.10 1 0
levelup/go-api/internal/api/handlers/backfill.go:127.3,128.20 2 0
levelup/go-api/internal/api/handlers/backfill.go:128.20,129.21 1 0
levelup/go-api/internal/api/handlers/backfill.go:129.21,130.65 1 0
levelup/go-api/internal/api/handlers/backfill.go:130.65,133.6 1 0
levelup/go-api/internal/api/handlers/backfill.go:134.10,136.65 2 0
levelup/go-api/internal/api/handlers/backfill.go:136.65,138.6 1 0
levelup/go-api/internal/api/handlers/backfill.go:139.5,142.21 2 0
levelup/go-api/internal/api/handlers/backfill.go:142.21,143.66 1 0
levelup/go-api/internal/api/handlers/backfill.go:143.66,146.7 1 0
levelup/go-api/internal/api/handlers/backfill.go:148.5,148.31 1 0
levelup/go-api/internal/api/handlers/backfill.go:153.3,161.63 5 0
levelup/go-api/internal/api/handlers/backfill.go:161.63,166.4 4 0
levelup/go-api/internal/api/handlers/backfill.go:169.2,169.40 1 0
levelup/go-api/internal/api/handlers/backfill.go:173.73,181.46 2 0
levelup/go-api/internal/api/handlers/backfill.go:181.46,192.3 9 0
levelup/go-api/internal/api/handlers/backfill.go:192.8,201.3 8 0
levelup/go-api/internal/api/handlers/backfill.go:203.2,203.21 1 0
levelup/go-api/internal/api/handlers/backfill.go:203.21,208.3 4 0
levelup/go-api/internal/api/handlers/backfill.go:210.2,211.14 2 0
levelup/go-api/internal/api/handlers/backfill.go:216.85,218.18 2 0
levelup/go-api/internal/api/handlers/backfill.go:218.18,220.3 1 0
levelup/go-api/internal/api/handlers/backfill.go:221.2,221.18 1 0
levelup/go-api/internal/api/handlers/backfill.go:221.18,223.3 1 0
levelup/go-api/internal/api/handlers/backfill.go:224.2,224.17 1 0
levelup/go-api/internal/api/handlers/backfill.go:224.17,226.3 1 0
levelup/go-api/internal/api/handlers/backfill.go:227.2,227.26 1 0
levelup/go-api/internal/api/handlers/backfill.go:227.26,229.3 1 0
levelup/go-api/internal/api/handlers/backfill.go:230.2,230.29 1 0
levelup/go-api/internal/api/handlers/backfill.go:230.29,232.3 1 0
levelup/go-api/internal/api/handlers/backfill.go:233.2,233.19 1 0
levelup/go-api/internal/api/handlers/backfill.go:233.19,235.3 1 0
levelup/go-api/internal/api/handlers/backfill.go:236.2,236.16 1 0
levelup/go-api/internal/api/handlers/backfill.go:236.16,238.3 1 0
levelup/go-api/internal/api/handlers/backfill.go:239.2,239.21 1 0
levelup/go-api/internal/api/handlers/backfill.go:239.21,241.3 1 0
levelup/go-api/internal/api/handlers/backfill.go:242.2,246.58 2 0
levelup/go-api/internal/api/handlers/backfill.go:246.58,248.3 1 0
levelup/go-api/internal/api/handlers/bootstrap.go:17.75,19.2 1 0
levelup/go-api/internal/api/handlers/bootstrap.go:22.78,25.16 3 0
levelup/go-api/internal/api/handlers/bootstrap.go:25.16,28.3 2 0
levelup/go-api/internal/api/handlers/bootstrap.go:29.2,29.35 1 0
levelup/go-api/internal/api/handlers/bootstrap.go:38.71,40.2 1 0
levelup/go-api/internal/api/handlers/bootstrap.go:43.76,45.16 2 0
levelup/go-api/internal/api/handlers/bootstrap.go:45.16,48.3 2 0
levelup/go-api/internal/api/handlers/bootstrap.go:49.2,49.35 1 0
levelup/go-api/internal/api/handlers/career.go:27.81,29.2 1 0
levelup/go-api/internal/api/handlers/career.go:32.75,35.16 3 0
levelup/go-api/internal/api/handlers/career.go:35.16,38.3 2 0
levelup/go-api/internal/api/handlers/career.go:39.2,40.16 2 0
levelup/go-api/internal/api/handlers/career.go:40.16,43.3 2 0
levelup/go-api/internal/api/handlers/career.go:44.2,44.35 1 0
levelup/go-api/internal/api/handlers/career.go:48.79,51.16 3 0
levelup/go-api/internal/api/handlers/career.go:51.16,54.3 2 0
levelup/go-api/internal/api/handlers/career.go:55.2,56.16 2 0
levelup/go-api/internal/api/handlers/career.go:56.16,59.3 2 0
levelup/go-api/internal/api/handlers/career.go:60.2,60.35 1 0
levelup/go-api/internal/api/handlers/career.go:64.79,67.16 3 0
levelup/go-api/internal/api/handlers/career.go:67.16,70.3 2 0
levelup/go-api/internal/api/handlers/career.go:71.2,72.16 2 0
levelup/go-api/internal/api/handlers/career.go:72.16,75.3 2 0
levelup/go-api/internal/api/handlers/career.go:76.2,76.35 1 0
levelup/go-api/internal/api/handlers/changelog.go:23.60,28.2 1 0
levelup/go-api/internal/api/handlers/changelog.go:31.81,33.16 2 0
levelup/go-api/internal/api/handlers/changelog.go:33.16,36.3 2 0
levelup/go-api/internal/api/handlers/changelog.go:37.2,37.68 1 0
levelup/go-api/internal/api/handlers/changelog.go:40.57,42.59 2 0
levelup/go-api/internal/api/handlers/changelog.go:42.59,45.3 2 0
levelup/go-api/internal/api/handlers/changelog.go:46.2,52.59 4 0
levelup/go-api/internal/api/handlers/changelog.go:52.59,54.3 1 0
levelup/go-api/internal/api/handlers/changelog.go:56.2,57.16 2 0
levelup/go-api/internal/api/handlers/changelog.go:57.16,59.3 1 0
levelup/go-api/internal/api/handlers/changelog.go:60.2,62.22 3 0
levelup/go-api/internal/api/handlers/citations.go:25.90,27.2 1 0
levelup/go-api/internal/api/handlers/citations.go:32.81,35.16 3 0
levelup/go-api/internal/api/handlers/citations.go:35.16,38.3 2 0
levelup/go-api/internal/api/handlers/citations.go:40.2,42.25 2 0
levelup/go-api/internal/api/handlers/citations.go:42.25,43.62 1 0
levelup/go-api/internal/api/handlers/citations.go:43.62,46.4 2 0
levelup/go-api/internal/api/handlers/citations.go:49.2,50.16 2 0
levelup/go-api/internal/api/handlers/citations.go:50.16,53.3 2 0
levelup/go-api/internal/api/handlers/citations.go:56.2,56.24 1 0
levelup/go-api/internal/api/handlers/citations.go:56.24,58.3 1 0
levelup/go-api/internal/api/handlers/citations.go:60.2,60.35 1 0
levelup/go-api/internal/api/handlers/citations.go:66.85,69.16 3 0
levelup/go-api/internal/api/handlers/citations.go:69.16,72.3 2 0
levelup/go-api/internal/api/handlers/citations.go:74.2,75.25 2 0
levelup/go-api/internal/api/handlers/citations.go:75.25,76.62 1 0
levelup/go-api/internal/api/handlers/citations.go:76.62,79.4 2 0
levelup/go-api/internal/api/handlers/citations.go:82.2,83.16 2 0
levelup/go-api/internal/api/handlers/citations.go:83.16,86.3 2 0
levelup/go-api/internal/api/handlers/citations.go:89.2,89.24 1 0
levelup/go-api/internal/api/handlers/citations.go:89.24,91.3 1 0
levelup/go-api/internal/api/handlers/citations.go:93.2,93.35 1 0
levelup/go-api/internal/api/handlers/citations.go:101.115,103.35 2 0
levelup/go-api/internal/api/handlers/citations.go:103.35,104.29 1 0
levelup/go-api/internal/api/handlers/citations.go:104.29,106.4 1 0
levelup/go-api/internal/api/handlers/citations.go:108.2,112.3 1 0
levelup/go-api/internal/api/handlers/citations.go:116.127,119.38 3 0
levelup/go-api/internal/api/handlers/citations.go:119.38,120.31 1 0
levelup/go-api/internal/api/handlers/citations.go:120.31,123.4 2 0
levelup/go-api/internal/api/handlers/citations.go:125.2,128.3 1 0
levelup/go-api/internal/api/handlers/compare.go:26.84,28.2 1 0
levelup/go-api/internal/api/handlers/compare.go:32.82,35.16 3 0
levelup/go-api/internal/api/handlers/compare.go:35.16,38.3 2 0
levelup/go-api/internal/api/handlers/compare.go:40.2,41.61 2 0
levelup/go-api/internal/api/handlers/compare.go:41.61,44.3 2 0
levelup/go-api/internal/api/handlers/compare.go:45.2,45.39 1 0
levelup/go-api/internal/api/handlers/compare.go:45.39,48.3 2 0
levelup/go-api/internal/api/handlers/compare.go:50.2,51.16 2 0
levelup/go-api/internal/api/handlers/compare.go:51.16,54.3 2 0
levelup/go-api/internal/api/handlers/compare.go:56.2,56.35 1 0
levelup/go-api/internal/api/handlers/explorer.go:26.20,31.2 1 0
levelup/go-api/internal/api/handlers/explorer.go:36.79,39.16 3 0
levelup/go-api/internal/api/handlers/explorer.go:39.16,42.3 2 0
levelup/go-api/internal/api/handlers/explorer.go:44.2,45.61 2 0
levelup/go-api/internal/api/handlers/explorer.go:45.61,48.3 2 0
levelup/go-api/internal/api/handlers/explorer.go:49.2,49.30 1 0
levelup/go-api/internal/api/handlers/explorer.go:49.30,52.3 2 0
levelup/go-api/internal/api/handlers/explorer.go:54.2,55.16 2 0
levelup/go-api/internal/api/handlers/explorer.go:55.16,58.3 2 0
levelup/go-api/internal/api/handlers/explorer.go:59.2,59.35 1 0
levelup/go-api/internal/api/handlers/explorer.go:65.80,68.16 3 0
levelup/go-api/internal/api/handlers/explorer.go:68.16,71.3 2 0
levelup/go-api/internal/api/handlers/explorer.go:73.2,74.61 2 0
levelup/go-api/internal/api/handlers/explorer.go:74.61,77.3 2 0
levelup/go-api/internal/api/handlers/explorer.go:80.2,88.16 3 0
levelup/go-api/internal/api/handlers/explorer.go:88.16,91.3 2 0
levelup/go-api/internal/api/handlers/explorer.go:94.2,95.42 2 0
levelup/go-api/internal/api/handlers/explorer.go:95.42,110.3 1 0
levelup/go-api/internal/api/handlers/explorer.go:112.2,121.35 2 0
levelup/go-api/internal/api/handlers/filters.go:20.84,22.2 1 0
levelup/go-api/internal/api/handlers/filters.go:25.74,28.16 3 0
levelup/go-api/internal/api/handlers/filters.go:28.16,31.3 2 0
levelup/go-api/internal/api/handlers/filters.go:33.2,34.63 2 0
levelup/go-api/internal/api/handlers/filters.go:34.63,37.3 2 0
levelup/go-api/internal/api/handlers/filters.go:39.2,39.41 1 0
levelup/go-api/internal/api/handlers/filters.go:39.41,42.3 2 0
levelup/go-api/internal/api/handlers/filters.go:44.2,45.16 2 0
levelup/go-api/internal/api/handlers/filters.go:45.16,48.3 2 0
levelup/go-api/internal/api/handlers/filters.go:49.2,49.37 1 0
levelup/go-api/internal/api/handlers/gamertag.go:18.74,20.2 1 0
levelup/go-api/internal/api/handlers/gamertag.go:23.74,25.18 1 0
levelup/go-api/internal/api/handlers/gamertag.go:25.18,28.3 2 0
levelup/go-api/internal/api/handlers/gamertag.go:30.2,31.13 2 0
levelup/go-api/internal/api/handlers/gamertag.go:31.13,34.3 2 0
levelup/go-api/internal/api/handlers/gamertag.go:36.2,37.16 2 0
levelup/go-api/internal/api/handlers/gamertag.go:37.16,40.3 2 0
levelup/go-api/internal/api/handlers/gamertag.go:41.2,41.18 1 0
levelup/go-api/internal/api/handlers/gamertag.go:41.18,43.3 1 0
levelup/go-api/internal/api/handlers/gamertag.go:44.2,44.84 1 0
levelup/go-api/internal/api/handlers/health.go:21.69,23.2 1 0
levelup/go-api/internal/api/handlers/health.go:26.96,28.2 1 0
levelup/go-api/internal/api/handlers/health.go:31.75,33.16 2 0
levelup/go-api/internal/api/handlers/health.go:33.16,37.3 2 0
levelup/go-api/internal/api/handlers/health.go:39.2,52.4 4 0
levelup/go-api/internal/api/handlers/helpers.go:10.66,13.53 3 1
levelup/go-api/internal/api/handlers/helpers.go:13.53,17.3 1 0
levelup/go-api/internal/api/handlers/helpers.go:21.74,27.2 1 1
levelup/go-api/internal/api/handlers/home.go:28.58,30.2 1 0
levelup/go-api/internal/api/handlers/home.go:34.75,37.16 3 0
levelup/go-api/internal/api/handlers/home.go:37.16,40.3 2 0
levelup/go-api/internal/api/handlers/home.go:42.2,43.16 2 0
levelup/go-api/internal/api/handlers/home.go:43.16,46.3 2 0
levelup/go-api/internal/api/handlers/home.go:48.2,48.35 1 0
levelup/go-api/internal/api/handlers/home.go:53.77,56.16 3 0
levelup/go-api/internal/api/handlers/home.go:56.16,59.3 2 0
levelup/go-api/internal/api/handlers/home.go:61.2,62.35 2 0
levelup/go-api/internal/api/handlers/home.go:67.77,70.16 3 0
levelup/go-api/internal/api/handlers/home.go:70.16,73.3 2 0
levelup/go-api/internal/api/handlers/home.go:75.2,76.35 2 0
levelup/go-api/internal/api/handlers/jobs.go:20.53,22.2 1 0
levelup/go-api/internal/api/handlers/jobs.go:26.70,28.17 2 0
levelup/go-api/internal/api/handlers/jobs.go:28.17,31.3 2 0
levelup/go-api/internal/api/handlers/jobs.go:33.2,34.16 2 0
levelup/go-api/internal/api/handlers/jobs.go:34.16,38.3 2 0
levelup/go-api/internal/api/handlers/jobs.go:40.2,40.34 1 0
levelup/go-api/internal/api/handlers/lab.go:19.57,21.2 1 1
levelup/go-api/internal/api/handlers/lab.go:24.75,26.9 2 0
levelup/go-api/internal/api/handlers/lab.go:26.9,28.3 1 0
levelup/go-api/internal/api/handlers/lab.go:29.2,30.16 2 0
levelup/go-api/internal/api/handlers/lab.go:30.16,33.3 2 0
levelup/go-api/internal/api/handlers/lab.go:34.2,34.35 1 0
levelup/go-api/internal/api/handlers/lab.go:38.75,40.16 2 1
levelup/go-api/internal/api/handlers/lab.go:40.16,43.3 2 0
levelup/go-api/internal/api/handlers/lab.go:44.2,44.35 1 1
levelup/go-api/internal/api/handlers/lab.go:48.77,50.16 2 0
levelup/go-api/internal/api/handlers/lab.go:50.16,53.3 2 0
levelup/go-api/internal/api/handlers/lab.go:54.2,54.35 1 0
levelup/go-api/internal/api/handlers/lab.go:57.102,65.38 3 0
levelup/go-api/internal/api/handlers/lab.go:65.38,67.17 2 0
levelup/go-api/internal/api/handlers/lab.go:67.17,70.4 2 0
levelup/go-api/internal/api/handlers/lab.go:71.3,71.22 1 0
levelup/go-api/internal/api/handlers/lab.go:73.2,73.41 1 0
levelup/go-api/internal/api/handlers/lab.go:73.41,75.17 2 0
levelup/go-api/internal/api/handlers/lab.go:75.17,78.4 2 0
levelup/go-api/internal/api/handlers/lab.go:79.3,79.26 1 0
levelup/go-api/internal/api/handlers/lab.go:81.2,81.20 1 0
levelup/go-api/internal/api/handlers/lab.go:84.54,85.45 1 0
levelup/go-api/internal/api/handlers/lab.go:85.45,88.3 2 0
levelup/go-api/internal/api/handlers/lab.go:89.2,89.73 1 0
levelup/go-api/internal/api/handlers/last_match.go:22.90,24.2 1 0
levelup/go-api/internal/api/handlers/last_match.go:27.76,30.16 3 0
levelup/go-api/internal/api/handlers/last_match.go:30.16,33.3 2 0
levelup/go-api/internal/api/handlers/last_match.go:35.2,36.92 2 0
levelup/go-api/internal/api/handlers/last_match.go:36.92,39.3 2 0
levelup/go-api/internal/api/handlers/last_match.go:41.2,42.19 2 0
levelup/go-api/internal/api/handlers/last_match.go:42.19,45.3 2 0
levelup/go-api/internal/api/handlers/last_match.go:47.2,47.35 1 0
levelup/go-api/internal/api/handlers/leaderboard.go:25.96,27.2 1 0
levelup/go-api/internal/api/handlers/leaderboard.go:31.89,34.16 3 0
levelup/go-api/internal/api/handlers/leaderboard.go:34.16,37.3 2 0
levelup/go-api/internal/api/handlers/leaderboard.go:39.2,46.16 3 0
levelup/go-api/internal/api/handlers/leaderboard.go:46.16,49.3 2 0
levelup/go-api/internal/api/handlers/leaderboard.go:51.2,51.35 1 0
levelup/go-api/internal/api/handlers/match_exclusion.go:26.105,28.2 1 0
levelup/go-api/internal/api/handlers/match_exclusion.go:34.86,39.16 4 0
levelup/go-api/internal/api/handlers/match_exclusion.go:39.16,42.3 2 0
levelup/go-api/internal/api/handlers/match_exclusion.go:44.2,45.61 2 0
levelup/go-api/internal/api/handlers/match_exclusion.go:45.61,48.3 2 0
levelup/go-api/internal/api/handlers/match_exclusion.go:50.2,50.77 1 0
levelup/go-api/internal/api/handlers/match_exclusion.go:50.77,57.3 3 0
levelup/go-api/internal/api/handlers/match_exclusion.go:59.2,64.37 2 0
levelup/go-api/internal/api/handlers/match_exclusion.go:70.88,74.16 3 0
levelup/go-api/internal/api/handlers/match_exclusion.go:74.16,77.3 2 0
levelup/go-api/internal/api/handlers/match_exclusion.go:79.2,80.16 2 0
levelup/go-api/internal/api/handlers/match_exclusion.go:80.16,87.3 3 0
levelup/go-api/internal/api/handlers/match_exclusion.go:89.2,89.20 1 0
levelup/go-api/internal/api/handlers/match_exclusion.go:89.20,91.3 1 0
levelup/go-api/internal/api/handlers/match_exclusion.go:92.2,92.38 1 0
levelup/go-api/internal/api/handlers/match_favorite.go:25.95,27.2 1 0
levelup/go-api/internal/api/handlers/match_favorite.go:31.91,35.19 3 0
levelup/go-api/internal/api/handlers/match_favorite.go:35.19,38.3 2 0
levelup/go-api/internal/api/handlers/match_favorite.go:40.2,41.16 2 0
levelup/go-api/internal/api/handlers/match_favorite.go:41.16,44.3 2 0
levelup/go-api/internal/api/handlers/match_favorite.go:46.2,47.61 2 0
levelup/go-api/internal/api/handlers/match_favorite.go:47.61,50.3 2 0
levelup/go-api/internal/api/handlers/match_favorite.go:51.2,54.66 3 0
levelup/go-api/internal/api/handlers/match_favorite.go:54.66,59.3 3 0
levelup/go-api/internal/api/handlers/match_favorite.go:61.2,68.4 2 0
levelup/go-api/internal/api/handlers/match_history.go:27.99,29.2 1 0
levelup/go-api/internal/api/handlers/match_history.go:32.77,35.16 3 0
levelup/go-api/internal/api/handlers/match_history.go:35.16,38.3 2 0
levelup/go-api/internal/api/handlers/match_history.go:40.2,41.61 2 0
levelup/go-api/internal/api/handlers/match_history.go:41.61,44.3 2 0
levelup/go-api/internal/api/handlers/match_history.go:46.2,46.39 1 0
levelup/go-api/internal/api/handlers/match_history.go:46.39,49.3 2 0
levelup/go-api/internal/api/handlers/match_history.go:51.2,52.16 2 0
levelup/go-api/internal/api/handlers/match_history.go:52.16,55.3 2 0
levelup/go-api/internal/api/handlers/match_history.go:58.2,58.53 1 0
levelup/go-api/internal/api/handlers/match_history.go:58.53,60.17 2 0
levelup/go-api/internal/api/handlers/match_history.go:60.17,62.4 1 0
levelup/go-api/internal/api/handlers/match_history.go:65.2,65.35 1 0
levelup/go-api/internal/api/handlers/match_history.go:71.78,74.16 3 0
levelup/go-api/internal/api/handlers/match_history.go:74.16,77.3 2 0
levelup/go-api/internal/api/handlers/match_history.go:79.2,80.17 2 0
levelup/go-api/internal/api/handlers/match_history.go:80.17,83.3 2 0
levelup/go-api/internal/api/handlers/match_history.go:85.2,86.16 2 0
levelup/go-api/internal/api/handlers/match_history.go:86.16,89.3 2 0
levelup/go-api/internal/api/handlers/match_history.go:91.2,92.16 2 0
levelup/go-api/internal/api/handlers/match_history.go:92.16,95.3 2 0
levelup/go-api/internal/api/handlers/match_history.go:97.2,110.27 6 0
levelup/go-api/internal/api/handlers/match_history.go:110.27,116.42 6 0
levelup/go-api/internal/api/handlers/match_history.go:116.42,118.4 1 0
levelup/go-api/internal/api/handlers/match_history.go:119.3,131.5 1 0
levelup/go-api/internal/api/handlers/match_history.go:133.2,133.12 1 0
levelup/go-api/internal/api/handlers/match_history.go:140.77,142.16 2 0
levelup/go-api/internal/api/handlers/match_history.go:142.16,144.3 1 0
levelup/go-api/internal/api/handlers/match_history.go:145.2,145.53 1 0
levelup/go-api/internal/api/handlers/match_history.go:148.79,150.16 2 0
levelup/go-api/internal/api/handlers/match_history.go:150.16,152.3 1 0
levelup/go-api/internal/api/handlers/match_history.go:153.2,154.51 2 0
levelup/go-api/internal/api/handlers/match_history.go:154.51,156.3 1 0
levelup/go-api/internal/api/handlers/match_history.go:157.2,157.17 1 0
levelup/go-api/internal/api/handlers/match_history.go:160.40,161.14 1 0
levelup/go-api/internal/api/handlers/match_history.go:161.14,163.3 1 0
levelup/go-api/internal/api/handlers/match_history.go:164.2,164.32 1 0
levelup/go-api/internal/api/handlers/match_history.go:167.31,168.14 1 0
levelup/go-api/internal/api/handlers/match_history.go:168.14,170.3 1 0
levelup/go-api/internal/api/handlers/match_history.go:171.2,171.11 1 0
levelup/go-api/internal/api/handlers/match_view.go:21.90,23.2 1 0
levelup/go-api/internal/api/handlers/match_view.go:27.81,30.16 3 0
levelup/go-api/internal/api/handlers/match_view.go:30.16,33.3 2 0
levelup/go-api/internal/api/handlers/match_view.go:35.2,36.19 2 0
levelup/go-api/internal/api/handlers/match_view.go:36.19,39.3 2 0
levelup/go-api/internal/api/handlers/match_view.go:41.2,42.16 2 0
levelup/go-api/internal/api/handlers/match_view.go:42.16,44.60 2 0
levelup/go-api/internal/api/handlers/match_view.go:44.60,47.4 2 0
levelup/go-api/internal/api/handlers/match_view.go:48.3,48.105 1 0
levelup/go-api/internal/api/handlers/match_view.go:48.105,51.4 2 0
levelup/go-api/internal/api/handlers/match_view.go:52.3,53.9 2 0
levelup/go-api/internal/api/handlers/match_view.go:55.2,55.35 1 0
levelup/go-api/internal/api/handlers/media.go:57.17,59.2 1 0
levelup/go-api/internal/api/handlers/media.go:64.80,67.16 3 0
levelup/go-api/internal/api/handlers/media.go:67.16,70.3 2 0
levelup/go-api/internal/api/handlers/media.go:72.2,73.25 2 0
levelup/go-api/internal/api/handlers/media.go:73.25,74.62 1 0
levelup/go-api/internal/api/handlers/media.go:74.62,77.4 2 0
levelup/go-api/internal/api/handlers/media.go:79.2,79.18 1 0
levelup/go-api/internal/api/handlers/media.go:79.18,81.3 1 0
levelup/go-api/internal/api/handlers/media.go:83.2,84.16 2 0
levelup/go-api/internal/api/handlers/media.go:84.16,87.3 2 0
levelup/go-api/internal/api/handlers/media.go:89.2,89.35 1 0
levelup/go-api/internal/api/handlers/media.go:94.79,97.16 3 0
levelup/go-api/internal/api/handlers/media.go:97.16,100.3 2 0
levelup/go-api/internal/api/handlers/media.go:102.2,103.61 2 0
levelup/go-api/internal/api/handlers/media.go:103.61,106.3 2 0
levelup/go-api/internal/api/handlers/media.go:108.2,109.16 2 0
levelup/go-api/internal/api/handlers/media.go:109.16,111.30 2 0
levelup/go-api/internal/api/handlers/media.go:111.30,112.23 1 0
levelup/go-api/internal/api/handlers/media.go:113.23,115.11 2 0
levelup/go-api/internal/api/handlers/media.go:116.21,118.11 2 0
levelup/go-api/internal/api/handlers/media.go:121.3,122.9 2 0
levelup/go-api/internal/api/handlers/media.go:125.2,126.24 2 0
levelup/go-api/internal/api/handlers/media.go:132.80,133.24 1 0
levelup/go-api/internal/api/handlers/media.go:133.24,136.3 2 0
levelup/go-api/internal/api/handlers/media.go:138.2,140.16 3 0
levelup/go-api/internal/api/handlers/media.go:140.16,143.3 2 0
levelup/go-api/internal/api/handlers/media.go:145.2,146.55 2 0
levelup/go-api/internal/api/handlers/media.go:146.55,150.3 2 0
levelup/go-api/internal/api/handlers/media.go:152.2,153.16 2 0
levelup/go-api/internal/api/handlers/media.go:153.16,156.3 2 0
levelup/go-api/internal/api/handlers/media.go:157.2,157.21 1 0
levelup/go-api/internal/api/handlers/media.go:157.21,161.3 2 0
levelup/go-api/internal/api/handlers/media.go:163.2,176.16 5 0
levelup/go-api/internal/api/handlers/media.go:176.16,180.3 3 0
levelup/go-api/internal/api/handlers/media.go:182.2,183.24 2 0
levelup/go-api/internal/api/handlers/media.go:188.73,190.23 2 0
levelup/go-api/internal/api/handlers/media.go:190.23,192.3 1 0
levelup/go-api/internal/api/handlers/media.go:193.2,193.35 1 0
levelup/go-api/internal/api/handlers/media.go:193.35,195.3 1 0
levelup/go-api/internal/api/handlers/media.go:197.2,198.29 2 0
levelup/go-api/internal/api/handlers/media.go:198.29,200.29 2 0
levelup/go-api/internal/api/handlers/media.go:200.29,202.12 2 0
levelup/go-api/internal/api/handlers/media.go:204.3,205.17 2 0
levelup/go-api/internal/api/handlers/media.go:205.17,207.4 1 0
levelup/go-api/internal/api/handlers/media.go:208.3,210.17 3 0
levelup/go-api/internal/api/handlers/media.go:210.17,212.4 1 0
levelup/go-api/internal/api/handlers/media.go:213.3,216.5 1 0
levelup/go-api/internal/api/handlers/media.go:218.2,218.17 1 0
levelup/go-api/internal/api/handlers/media.go:225.60,226.21 1 0
levelup/go-api/internal/api/handlers/media.go:226.21,228.3 1 0
levelup/go-api/internal/api/handlers/media.go:229.2,229.63 1 0
levelup/go-api/internal/api/handlers/media.go:242.29,244.2 1 0
levelup/go-api/internal/api/handlers/media.go:248.66,251.2 2 0
levelup/go-api/internal/api/handlers/season_pass.go:26.76,28.2 1 0
levelup/go-api/internal/api/handlers/season_pass.go:32.83,35.16 3 0
levelup/go-api/internal/api/handlers/season_pass.go:35.16,38.3 2 0
levelup/go-api/internal/api/handlers/season_pass.go:40.2,41.16 2 0
levelup/go-api/internal/api/handlers/season_pass.go:41.16,44.3 2 0
levelup/go-api/internal/api/handlers/season_pass.go:46.2,46.35 1 0
levelup/go-api/internal/api/handlers/session_compare.go:22.105,24.2 1 1
levelup/go-api/internal/api/handlers/session_compare.go:27.81,30.16 3 1
levelup/go-api/internal/api/handlers/session_compare.go:30.16,33.3 2 1
levelup/go-api/internal/api/handlers/session_compare.go:35.2,36.92 2 1
levelup/go-api/internal/api/handlers/session_compare.go:36.92,39.3 2 1
levelup/go-api/internal/api/handlers/session_compare.go:41.2,42.19 2 1
levelup/go-api/internal/api/handlers/session_compare.go:42.19,45.3 2 1
levelup/go-api/internal/api/handlers/session_compare.go:47.2,47.35 1 1
levelup/go-api/internal/api/handlers/session_context.go:25.62,27.2 1 0
levelup/go-api/internal/api/handlers/session_context.go:31.78,33.17 2 0
levelup/go-api/internal/api/handlers/session_context.go:33.17,36.3 2 0
levelup/go-api/internal/api/handlers/session_context.go:38.2,39.61 2 0
levelup/go-api/internal/api/handlers/session_context.go:39.61,42.3 2 0
levelup/go-api/internal/api/handlers/session_context.go:44.2,44.27 1 0
levelup/go-api/internal/api/handlers/session_context.go:44.27,46.3 1 0
levelup/go-api/internal/api/handlers/session_context.go:47.2,47.50 1 0
levelup/go-api/internal/api/handlers/session_context.go:47.50,50.33 2 0
levelup/go-api/internal/api/handlers/session_context.go:50.33,55.4 2 0
levelup/go-api/internal/api/handlers/session_context.go:57.2,57.23 1 0
levelup/go-api/internal/api/handlers/session_context.go:57.23,59.3 1 0
levelup/go-api/internal/api/handlers/session_context.go:61.2,61.43 1 0
levelup/go-api/internal/api/handlers/session_context.go:61.43,64.3 2 0
levelup/go-api/internal/api/handlers/session_context.go:66.2,73.4 1 0
levelup/go-api/internal/api/handlers/session_page.go:21.96,23.2 1 1
levelup/go-api/internal/api/handlers/session_page.go:26.78,29.16 3 1
levelup/go-api/internal/api/handlers/session_page.go:29.16,33.3 3 1
levelup/go-api/internal/api/handlers/session_page.go:35.2,36.25 2 1
levelup/go-api/internal/api/handlers/session_page.go:36.25,37.93 1 1
levelup/go-api/internal/api/handlers/session_page.go:37.93,41.4 3 1
levelup/go-api/internal/api/handlers/session_page.go:43.2,43.39 1 1
levelup/go-api/internal/api/handlers/session_page.go:43.39,47.3 3 1
levelup/go-api/internal/api/handlers/session_page.go:49.2,57.16 3 1
levelup/go-api/internal/api/handlers/session_page.go:57.16,61.3 3 1
levelup/go-api/internal/api/handlers/session_page.go:63.2,70.35 2 1
levelup/go-api/internal/api/handlers/session_page.go:73.43,74.18 1 1
levelup/go-api/internal/api/handlers/session_page.go:74.18,76.3 1 1
levelup/go-api/internal/api/handlers/session_page.go:77.2,77.15 1 1
levelup/go-api/internal/api/handlers/session_page.go:80.66,81.18 1 1
levelup/go-api/internal/api/handlers/session_page.go:81.18,83.3 1 1
levelup/go-api/internal/api/handlers/session_page.go:84.2,84.27 1 1
levelup/go-api/internal/api/handlers/sessions.go:21.87,23.2 1 1
levelup/go-api/internal/api/handlers/sessions.go:26.79,29.16 3 1
levelup/go-api/internal/api/handlers/sessions.go:29.16,32.3 2 1
levelup/go-api/internal/api/handlers/sessions.go:35.2,36.62 2 1
levelup/go-api/internal/api/handlers/sessions.go:36.62,38.80 2 1
levelup/go-api/internal/api/handlers/sessions.go:38.80,40.4 1 1
levelup/go-api/internal/api/handlers/sessions.go:42.2,42.57 1 1
levelup/go-api/internal/api/handlers/sessions.go:42.57,44.3 1 1
levelup/go-api/internal/api/handlers/sessions.go:45.2,45.77 1 1
levelup/go-api/internal/api/handlers/sessions.go:45.77,47.3 1 1
levelup/go-api/internal/api/handlers/sessions.go:49.2,50.19 2 1
levelup/go-api/internal/api/handlers/sessions.go:50.19,53.3 2 1
levelup/go-api/internal/api/handlers/sessions.go:55.2,55.35 1 1
levelup/go-api/internal/api/handlers/settings.go:29.127,31.2 1 0
levelup/go-api/internal/api/handlers/settings.go:40.20,47.2 1 0
levelup/go-api/internal/api/handlers/settings.go:51.79,52.20 1 0
levelup/go-api/internal/api/handlers/settings.go:52.20,57.3 3 0
levelup/go-api/internal/api/handlers/settings.go:59.2,60.16 2 0
levelup/go-api/internal/api/handlers/settings.go:60.16,63.3 2 0
levelup/go-api/internal/api/handlers/settings.go:64.2,64.64 1 0
levelup/go-api/internal/api/handlers/settings.go:69.81,70.20 1 0
levelup/go-api/internal/api/handlers/settings.go:70.20,74.3 2 0
levelup/go-api/internal/api/handlers/settings.go:76.2,77.61 2 0
levelup/go-api/internal/api/handlers/settings.go:77.61,80.3 2 0
levelup/go-api/internal/api/handlers/settings.go:82.2,83.16 2 0
levelup/go-api/internal/api/handlers/settings.go:83.16,86.3 2 0
levelup/go-api/internal/api/handlers/settings.go:88.2,90.50 2 0
levelup/go-api/internal/api/handlers/settings.go:90.50,93.3 2 0
levelup/go-api/internal/api/handlers/settings.go:95.2,95.64 1 0
levelup/go-api/internal/api/handlers/settings.go:101.87,103.61 2 0
levelup/go-api/internal/api/handlers/settings.go:103.61,106.3 2 0
levelup/go-api/internal/api/handlers/settings.go:108.2,108.29 1 0
levelup/go-api/internal/api/handlers/settings.go:108.29,112.3 2 0
levelup/go-api/internal/api/handlers/settings.go:114.2,116.12 2 0
levelup/go-api/internal/api/handlers/settings.go:116.12,127.17 4 0
levelup/go-api/internal/api/handlers/settings.go:127.17,129.64 2 0
levelup/go-api/internal/api/handlers/settings.go:129.64,135.5 2 0
levelup/go-api/internal/api/handlers/settings.go:136.4,136.10 1 0
levelup/go-api/internal/api/handlers/settings.go:139.3,141.63 3 0
levelup/go-api/internal/api/handlers/settings.go:141.63,145.4 3 0
levelup/go-api/internal/api/handlers/settings.go:148.2,148.40 1 0
levelup/go-api/internal/api/handlers/setup.go:41.17,49.2 1 0
levelup/go-api/internal/api/handlers/setup.go:58.77,61.16 2 0
levelup/go-api/internal/api/handlers/setup.go:61.16,64.3 2 0
levelup/go-api/internal/api/handlers/setup.go:65.2,65.30 1 0
levelup/go-api/internal/api/handlers/setup.go:65.30,69.3 2 0
levelup/go-api/internal/api/handlers/setup.go:71.2,72.61 2 0
levelup/go-api/internal/api/handlers/setup.go:72.61,75.3 2 0
levelup/go-api/internal/api/handlers/setup.go:77.2,78.50 2 0
levelup/go-api/internal/api/handlers/setup.go:78.50,81.3 2 0
levelup/go-api/internal/api/handlers/setup.go:82.2,82.27 1 0
levelup/go-api/internal/api/handlers/setup.go:82.27,84.3 1 0
levelup/go-api/internal/api/handlers/setup.go:87.2,88.21 2 0
levelup/go-api/internal/api/handlers/setup.go:88.21,90.3 1 0
levelup/go-api/internal/api/handlers/setup.go:91.2,94.31 2 0
levelup/go-api/internal/api/handlers/setup.go:94.31,96.52 2 0
levelup/go-api/internal/api/handlers/setup.go:96.52,99.25 3 0
levelup/go-api/internal/api/handlers/setup.go:99.25,103.5 2 0
levelup/go-api/internal/api/handlers/setup.go:104.4,104.104 1 0
levelup/go-api/internal/api/handlers/setup.go:104.104,108.5 2 0
levelup/go-api/internal/api/handlers/setup.go:109.9,109.59 1 0
levelup/go-api/internal/api/handlers/setup.go:109.59,113.4 2 0
levelup/go-api/internal/api/handlers/setup.go:117.2,118.16 2 0
levelup/go-api/internal/api/handlers/setup.go:118.16,123.3 3 0
levelup/go-api/internal/api/handlers/setup.go:126.2,126.61 1 0
levelup/go-api/internal/api/handlers/setup.go:126.61,130.3 3 0
levelup/go-api/internal/api/handlers/setup.go:133.2,148.4 5 0
levelup/go-api/internal/api/handlers/setup.go:153.74,156.12 2 0
levelup/go-api/internal/api/handlers/setup.go:156.12,163.58 4 0
levelup/go-api/internal/api/handlers/setup.go:163.58,165.4 1 0
levelup/go-api/internal/api/handlers/setup.go:168.3,168.54 1 0
levelup/go-api/internal/api/handlers/setup.go:168.54,170.4 1 0
levelup/go-api/internal/api/handlers/setup.go:173.3,173.59 1 0
levelup/go-api/internal/api/handlers/setup.go:173.59,175.4 1 0
levelup/go-api/internal/api/handlers/setup.go:177.3,179.63 3 0
levelup/go-api/internal/api/handlers/setup.go:179.63,184.26 5 0
levelup/go-api/internal/api/handlers/setup.go:184.26,186.5 1 0
levelup/go-api/internal/api/handlers/setup.go:186.10,188.5 1 0
levelup/go-api/internal/api/handlers/setup.go:192.2,192.40 1 0
levelup/go-api/internal/api/handlers/setup.go:200.35,203.2 2 0
levelup/go-api/internal/api/handlers/squad.go:26.78,28.2 1 0
levelup/go-api/internal/api/handlers/squad.go:32.77,35.16 3 0
levelup/go-api/internal/api/handlers/squad.go:35.16,38.3 2 0
levelup/go-api/internal/api/handlers/squad.go:40.2,43.16 3 0
levelup/go-api/internal/api/handlers/squad.go:43.16,46.3 2 0
levelup/go-api/internal/api/handlers/squad.go:48.2,48.35 1 0
levelup/go-api/internal/api/handlers/squad.go:54.81,57.16 3 0
levelup/go-api/internal/api/handlers/squad.go:57.16,60.3 2 0
levelup/go-api/internal/api/handlers/squad.go:63.2,64.25 2 0
levelup/go-api/internal/api/handlers/squad.go:64.25,65.62 1 0
levelup/go-api/internal/api/handlers/squad.go:65.62,68.4 2 0
levelup/go-api/internal/api/handlers/squad.go:70.2,73.16 3 0
levelup/go-api/internal/api/handlers/squad.go:73.16,76.3 2 0
levelup/go-api/internal/api/handlers/squad.go:78.2,78.35 1 0
levelup/go-api/internal/api/handlers/stats.go:20.78,22.2 1 0
levelup/go-api/internal/api/handlers/stats.go:27.72,30.16 3 0
levelup/go-api/internal/api/handlers/stats.go:30.16,33.3 2 0
levelup/go-api/internal/api/handlers/stats.go:35.2,36.92 2 0
levelup/go-api/internal/api/handlers/stats.go:36.92,39.3 2 0
levelup/go-api/internal/api/handlers/stats.go:40.2,40.19 1 0
levelup/go-api/internal/api/handlers/stats.go:40.19,42.3 1 0
levelup/go-api/internal/api/handlers/stats.go:44.2,45.19 2 0
levelup/go-api/internal/api/handlers/stats.go:45.19,48.3 2 0
levelup/go-api/internal/api/handlers/stats.go:50.2,50.35 1 0
levelup/go-api/internal/api/handlers/sync_handler.go:32.119,38.2 1 0
levelup/go-api/internal/api/handlers/sync_handler.go:42.80,44.16 2 0
levelup/go-api/internal/api/handlers/sync_handler.go:44.16,47.3 2 0
levelup/go-api/internal/api/handlers/sync_handler.go:48.2,48.33 1 0
levelup/go-api/internal/api/handlers/sync_handler.go:48.33,52.3 2 0
levelup/go-api/internal/api/handlers/sync_handler.go:54.2,55.61 2 0
levelup/go-api/internal/api/handlers/sync_handler.go:55.61,58.3 2 0
levelup/go-api/internal/api/handlers/sync_handler.go:60.2,60.54 1 0
levelup/go-api/internal/api/handlers/sync_handler.go:60.54,63.3 2 0
levelup/go-api/internal/api/handlers/sync_handler.go:64.2,64.25 1 0
levelup/go-api/internal/api/handlers/sync_handler.go:64.25,66.3 1 0
levelup/go-api/internal/api/handlers/sync_handler.go:67.2,67.49 1 0
levelup/go-api/internal/api/handlers/sync_handler.go:67.49,70.3 2 0
levelup/go-api/internal/api/handlers/sync_handler.go:72.2,72.79 1 0
levelup/go-api/internal/api/handlers/sync_handler.go:72.79,76.3 2 0
levelup/go-api/internal/api/handlers/sync_handler.go:78.2,79.43 2 0
levelup/go-api/internal/api/handlers/sync_handler.go:79.43,83.3 2 0
levelup/go-api/internal/api/handlers/sync_handler.go:84.2,87.16 3 0
levelup/go-api/internal/api/handlers/sync_handler.go:87.16,90.3 2 0
levelup/go-api/internal/api/handlers/sync_handler.go:91.2,92.28 2 0
levelup/go-api/internal/api/handlers/sync_handler.go:92.28,93.37 1 0
levelup/go-api/internal/api/handlers/sync_handler.go:93.37,96.9 3 0
levelup/go-api/internal/api/handlers/sync_handler.go:99.2,99.20 1 0
levelup/go-api/internal/api/handlers/sync_handler.go:99.20,103.3 2 0
levelup/go-api/internal/api/handlers/sync_handler.go:105.2,107.12 2 0
levelup/go-api/internal/api/handlers/sync_handler.go:107.12,113.17 5 0
levelup/go-api/internal/api/handlers/sync_handler.go:113.17,117.4 3 0
levelup/go-api/internal/api/handlers/sync_handler.go:118.3,121.71 2 0
levelup/go-api/internal/api/handlers/sync_handler.go:124.2,124.40 1 0
levelup/go-api/internal/api/handlers/sync_handler.go:130.78,132.22 2 0
levelup/go-api/internal/api/handlers/sync_handler.go:132.22,135.3 2 0
levelup/go-api/internal/api/handlers/sync_handler.go:137.2,137.75 1 0
levelup/go-api/internal/api/handlers/sync_handler.go:137.75,141.3 2 0
levelup/go-api/internal/api/handlers/sync_handler.go:143.2,144.43 2 0
levelup/go-api/internal/api/handlers/sync_handler.go:144.43,148.3 2 0
levelup/go-api/internal/api/handlers/sync_handler.go:149.2,152.16 3 0
levelup/go-api/internal/api/handlers/sync_handler.go:152.16,155.3 2 0
levelup/go-api/internal/api/handlers/sync_handler.go:156.2,157.28 2 0
levelup/go-api/internal/api/handlers/sync_handler.go:157.28,158.33 1 0
levelup/go-api/internal/api/handlers/sync_handler.go:158.33,161.9 3 0
levelup/go-api/internal/api/handlers/sync_handler.go:164.2,164.20 1 0
levelup/go-api/internal/api/handlers/sync_handler.go:164.20,168.3 2 0
levelup/go-api/internal/api/handlers/sync_handler.go:170.2,172.12 2 0
levelup/go-api/internal/api/handlers/sync_handler.go:172.12,177.17 4 0
levelup/go-api/internal/api/handlers/sync_handler.go:177.17,181.4 3 0
levelup/go-api/internal/api/handlers/sync_handler.go:182.3,185.71 2 0
levelup/go-api/internal/api/handlers/sync_handler.go:188.2,188.40 1 0
levelup/go-api/internal/api/handlers/sync_handler.go:193.76,195.43 2 0
levelup/go-api/internal/api/handlers/sync_handler.go:195.43,198.3 2 0
levelup/go-api/internal/api/handlers/sync_handler.go:199.2,202.16 3 0
levelup/go-api/internal/api/handlers/sync_handler.go:202.16,205.3 2 0
levelup/go-api/internal/api/handlers/sync_handler.go:206.2,206.23 1 0
levelup/go-api/internal/api/handlers/sync_handler.go:206.23,209.3 2 0
levelup/go-api/internal/api/handlers/sync_handler.go:211.2,213.12 2 0
levelup/go-api/internal/api/handlers/sync_handler.go:213.12,216.29 3 0
levelup/go-api/internal/api/handlers/sync_handler.go:216.29,218.64 2 0
levelup/go-api/internal/api/handlers/sync_handler.go:218.64,222.5 3 0
levelup/go-api/internal/api/handlers/sync_handler.go:224.4,226.73 3 0
levelup/go-api/internal/api/handlers/sync_handler.go:226.73,228.5 1 0
levelup/go-api/internal/api/handlers/sync_handler.go:228.10,230.5 1 0
levelup/go-api/internal/api/handlers/sync_handler.go:233.3,234.17 2 0
levelup/go-api/internal/api/handlers/sync_handler.go:234.17,236.4 1 0
levelup/go-api/internal/api/handlers/sync_handler.go:236.9,238.4 1 0
levelup/go-api/internal/api/handlers/sync_handler.go:241.2,241.40 1 0
levelup/go-api/internal/api/handlers/synthesis.go:28.90,30.2 1 0
levelup/go-api/internal/api/handlers/synthesis.go:35.85,38.16 3 0
levelup/go-api/internal/api/handlers/synthesis.go:38.16,42.3 3 0
levelup/go-api/internal/api/handlers/synthesis.go:44.2,45.25 2 0
levelup/go-api/internal/api/handlers/synthesis.go:45.25,46.62 1 0
levelup/go-api/internal/api/handlers/synthesis.go:46.62,50.4 3 0
levelup/go-api/internal/api/handlers/synthesis.go:53.2,56.16 3 0
levelup/go-api/internal/api/handlers/synthesis.go:56.16,60.3 3 0
levelup/go-api/internal/api/handlers/synthesis.go:62.2,67.35 2 0
levelup/go-api/internal/api/handlers/teammates.go:23.90,25.2 1 0
levelup/go-api/internal/api/handlers/teammates.go:28.76,31.16 3 0
levelup/go-api/internal/api/handlers/teammates.go:31.16,34.3 2 0
levelup/go-api/internal/api/handlers/teammates.go:36.2,37.92 2 0
levelup/go-api/internal/api/handlers/teammates.go:37.92,40.3 2 0
levelup/go-api/internal/api/handlers/teammates.go:42.2,43.19 2 0
levelup/go-api/internal/api/handlers/teammates.go:43.19,47.3 3 0
levelup/go-api/internal/api/handlers/teammates.go:49.2,49.35 1 0
levelup/go-api/internal/api/handlers/timeseries.go:23.93,25.2 1 0
levelup/go-api/internal/api/handlers/timeseries.go:28.77,31.16 3 0
levelup/go-api/internal/api/handlers/timeseries.go:31.16,34.3 2 0
levelup/go-api/internal/api/handlers/timeseries.go:36.2,37.92 2 0
levelup/go-api/internal/api/handlers/timeseries.go:37.92,40.3 2 0
levelup/go-api/internal/api/handlers/timeseries.go:42.2,43.19 2 0
levelup/go-api/internal/api/handlers/timeseries.go:43.19,47.3 3 0
levelup/go-api/internal/api/handlers/timeseries.go:49.2,49.35 1 0
levelup/go-api/internal/api/handlers/user_auth.go:34.20,41.2 1 0
levelup/go-api/internal/api/handlers/user_auth.go:45.73,47.61 2 0
levelup/go-api/internal/api/handlers/user_auth.go:47.61,50.3 2 0
levelup/go-api/internal/api/handlers/user_auth.go:52.2,53.16 2 0
levelup/go-api/internal/api/handlers/user_auth.go:53.16,54.54 1 0
levelup/go-api/internal/api/handlers/user_auth.go:54.54,58.4 3 0
levelup/go-api/internal/api/handlers/user_auth.go:59.3,61.9 3 0
levelup/go-api/internal/api/handlers/user_auth.go:64.2,64.63 1 0
levelup/go-api/internal/api/handlers/user_auth.go:64.63,66.3 1 0
levelup/go-api/internal/api/handlers/user_auth.go:69.2,70.17 2 0
levelup/go-api/internal/api/handlers/user_auth.go:70.17,73.3 2 0
levelup/go-api/internal/api/handlers/user_auth.go:74.2,78.50 5 0
levelup/go-api/internal/api/handlers/user_auth.go:78.50,80.3 1 0
levelup/go-api/internal/api/handlers/user_auth.go:82.2,88.4 2 0
levelup/go-api/internal/api/handlers/user_auth.go:93.76,95.61 2 0
levelup/go-api/internal/api/handlers/user_auth.go:95.61,98.3 2 0
levelup/go-api/internal/api/handlers/user_auth.go:101.2,102.16 2 0
levelup/go-api/internal/api/handlers/user_auth.go:102.16,105.3 2 0
levelup/go-api/internal/api/handlers/user_auth.go:107.2,108.11 2 0
levelup/go-api/internal/api/handlers/user_auth.go:108.11,112.3 2 0
levelup/go-api/internal/api/handlers/user_auth.go:112.8,114.28 1 0
levelup/go-api/internal/api/handlers/user_auth.go:114.28,117.4 2 0
levelup/go-api/internal/api/handlers/user_auth.go:118.3,118.28 1 0
levelup/go-api/internal/api/handlers/user_auth.go:118.28,119.28 1 0
levelup/go-api/internal/api/handlers/user_auth.go:119.28,122.5 2 0
levelup/go-api/internal/api/handlers/user_auth.go:123.4,123.61 1 0
levelup/go-api/internal/api/handlers/user_auth.go:123.61,126.5 2 0
levelup/go-api/internal/api/handlers/user_auth.go:130.2,131.16 2 0
levelup/go-api/internal/api/handlers/user_auth.go:131.16,132.53 1 0
levelup/go-api/internal/api/handlers/user_auth.go:132.53,136.4 3 0
levelup/go-api/internal/api/handlers/user_auth.go:137.3,137.100 1 0
levelup/go-api/internal/api/handlers/user_auth.go:137.100,140.4 2 0
levelup/go-api/internal/api/handlers/user_auth.go:141.3,142.9 2 0
levelup/go-api/internal/api/handlers/user_auth.go:146.2,146.36 1 0
levelup/go-api/internal/api/handlers/user_auth.go:146.36,147.74 1 0
levelup/go-api/internal/api/handlers/user_auth.go:147.74,149.4 1 0
levelup/go-api/internal/api/handlers/user_auth.go:153.2,154.17 2 0
levelup/go-api/internal/api/handlers/user_auth.go:154.17,158.51 4 0
levelup/go-api/internal/api/handlers/user_auth.go:158.51,160.4 1 0
levelup/go-api/internal/api/handlers/user_auth.go:163.2,168.4 2 0
levelup/go-api/internal/api/handlers/user_auth.go:173.74,175.17 2 0
levelup/go-api/internal/api/handlers/user_auth.go:175.17,177.27 2 0
levelup/go-api/internal/api/handlers/user_auth.go:177.27,179.4 1 0
levelup/go-api/internal/api/handlers/user_auth.go:180.3,182.51 3 0
levelup/go-api/internal/api/handlers/user_auth.go:182.51,184.4 1 0
levelup/go-api/internal/api/handlers/user_auth.go:185.3,185.50 1 0
levelup/go-api/internal/api/handlers/user_auth.go:187.2,187.37 1 0
levelup/go-api/internal/api/handlers/user_auth.go:191.89,192.40 1 0
levelup/go-api/internal/api/handlers/user_auth.go:192.40,194.3 1 0
levelup/go-api/internal/api/handlers/user_auth.go:195.2,196.32 2 0
levelup/go-api/internal/api/handlers/watcher_handler.go:46.19,56.2 2 0
levelup/go-api/internal/api/handlers/watcher_handler.go:92.76,94.16 2 0
levelup/go-api/internal/api/handlers/watcher_handler.go:94.16,97.3 2 0
levelup/go-api/internal/api/handlers/watcher_handler.go:99.2,103.38 2 0
levelup/go-api/internal/api/handlers/watcher_handler.go:103.38,105.3 1 0
levelup/go-api/internal/api/handlers/watcher_handler.go:108.2,109.16 2 0
levelup/go-api/internal/api/handlers/watcher_handler.go:109.16,111.44 2 0
levelup/go-api/internal/api/handlers/watcher_handler.go:111.44,113.4 1 0
levelup/go-api/internal/api/handlers/watcher_handler.go:114.3,114.43 1 0
levelup/go-api/internal/api/handlers/watcher_handler.go:118.2,118.21 1 0
levelup/go-api/internal/api/handlers/watcher_handler.go:118.21,122.28 4 0
levelup/go-api/internal/api/handlers/watcher_handler.go:122.28,124.4 1 0
levelup/go-api/internal/api/handlers/watcher_handler.go:127.2,127.35 1 0
levelup/go-api/internal/api/handlers/watcher_handler.go:132.76,134.12 2 0
levelup/go-api/internal/api/handlers/watcher_handler.go:134.12,142.3 2 0
levelup/go-api/internal/api/handlers/watcher_handler.go:144.2,145.16 2 0
levelup/go-api/internal/api/handlers/watcher_handler.go:145.16,146.78 1 0
levelup/go-api/internal/api/handlers/watcher_handler.go:146.78,150.4 3 0
levelup/go-api/internal/api/handlers/watcher_handler.go:151.3,152.9 2 0
levelup/go-api/internal/api/handlers/watcher_handler.go:155.2,155.77 1 0
levelup/go-api/internal/api/handlers/watcher_handler.go:155.77,160.3 4 0
levelup/go-api/internal/api/handlers/watcher_handler.go:163.2,171.4 3 0
levelup/go-api/internal/api/handlers/watcher_handler.go:176.80,179.17 3 0
levelup/go-api/internal/api/handlers/watcher_handler.go:179.17,182.3 2 0
levelup/go-api/internal/api/handlers/watcher_handler.go:184.2,189.4 1 0
levelup/go-api/internal/api/handlers/watcher_handler.go:194.85,196.61 2 0
levelup/go-api/internal/api/handlers/watcher_handler.go:196.61,199.3 2 0
levelup/go-api/internal/api/handlers/watcher_handler.go:201.2,202.16 2 0
levelup/go-api/internal/api/handlers/watcher_handler.go:202.16,205.3 2 0
levelup/go-api/internal/api/handlers/watcher_handler.go:207.2,208.23 2 0
levelup/go-api/internal/api/handlers/watcher_handler.go:208.23,210.3 1 0
levelup/go-api/internal/api/handlers/watcher_handler.go:211.2,213.50 2 0
levelup/go-api/internal/api/handlers/watcher_handler.go:213.50,216.3 2 0
levelup/go-api/internal/api/handlers/watcher_handler.go:219.2,219.45 1 0
levelup/go-api/internal/api/handlers/watcher_handler.go:219.45,221.3 1 0
levelup/go-api/internal/api/handlers/watcher_handler.go:223.2,226.4 2 0
levelup/go-api/internal/api/handlers/watcher_handler.go:230.123,240.16 6 0
levelup/go-api/internal/api/handlers/watcher_handler.go:240.16,241.70 1 0
levelup/go-api/internal/api/handlers/watcher_handler.go:241.70,245.4 3 0
levelup/go-api/internal/api/handlers/watcher_handler.go:246.3,247.9 2 0
levelup/go-api/internal/api/handlers/watcher_handler.go:250.2,254.16 3 0
levelup/go-api/internal/api/handlers/watcher_handler.go:254.16,255.70 1 0
levelup/go-api/internal/api/handlers/watcher_handler.go:255.70,259.4 3 0
levelup/go-api/internal/api/handlers/watcher_handler.go:260.3,261.9 2 0
levelup/go-api/internal/api/handlers/watcher_handler.go:265.2,266.19 2 0
levelup/go-api/internal/api/handlers/watcher_handler.go:266.19,268.3 1 0
levelup/go-api/internal/api/handlers/watcher_handler.go:269.2,276.50 7 0
levelup/go-api/internal/api/handlers/watcher_handler.go:276.50,278.3 1 0
levelup/go-api/internal/api/handlers/watcher_handler.go:281.2,281.21 1 0
levelup/go-api/internal/api/handlers/watcher_handler.go:281.21,283.3 1 0
levelup/go-api/internal/api/handlers/watcher_handler.go:285.2,285.69 1 0
levelup/go-api/internal/api/handlers/watcher_handler.go:285.69,291.3 5 0
levelup/go-api/internal/api/handlers/watcher_handler.go:293.2,296.3 1 0
levelup/go-api/internal/service/bootstrap_service.go:26.102,28.2 1 0
levelup/go-api/internal/service/bootstrap_service.go:31.90,34.2 2 0
levelup/go-api/internal/service/bootstrap_service.go:38.98,41.2 2 0
levelup/go-api/internal/service/bootstrap_service.go:44.90,47.2 2 0
levelup/go-api/internal/service/bootstrap_service.go:51.116,53.16 2 0
levelup/go-api/internal/service/bootstrap_service.go:53.16,56.3 2 0
levelup/go-api/internal/service/bootstrap_service.go:58.2,59.16 2 0
levelup/go-api/internal/service/bootstrap_service.go:59.16,62.3 2 0
levelup/go-api/internal/service/bootstrap_service.go:64.2,72.22 7 0
levelup/go-api/internal/service/bootstrap_service.go:72.22,75.51 2 0
levelup/go-api/internal/service/bootstrap_service.go:75.51,76.30 1 0
levelup/go-api/internal/service/bootstrap_service.go:76.30,77.48 1 0
levelup/go-api/internal/service/bootstrap_service.go:77.48,79.11 2 0
levelup/go-api/internal/service/bootstrap_service.go:83.3,84.21 2 0
levelup/go-api/internal/service/bootstrap_service.go:88.2,89.48 2 0
levelup/go-api/internal/service/bootstrap_service.go:89.48,91.3 1 0
levelup/go-api/internal/service/bootstrap_service.go:95.2,96.54 2 0
levelup/go-api/internal/service/bootstrap_service.go:96.54,97.31 1 0
levelup/go-api/internal/service/bootstrap_service.go:97.31,100.51 2 0
levelup/go-api/internal/service/bootstrap_service.go:100.51,108.5 2 0
levelup/go-api/internal/service/bootstrap_service.go:111.3,111.50 1 0
levelup/go-api/internal/service/bootstrap_service.go:111.50,112.112 1 0
levelup/go-api/internal/service/bootstrap_service.go:112.112,119.5 2 0
levelup/go-api/internal/service/bootstrap_service.go:123.2,143.8 1 0
levelup/go-api/internal/service/bootstrap_service.go:148.111,156.12 5 0
levelup/go-api/internal/service/bootstrap_service.go:156.12,158.17 2 0
levelup/go-api/internal/service/bootstrap_service.go:158.17,162.4 3 0
levelup/go-api/internal/service/bootstrap_service.go:163.3,163.21 1 0
levelup/go-api/internal/service/bootstrap_service.go:166.2,166.9 1 0
levelup/go-api/internal/service/bootstrap_service.go:167.17,168.16 1 0
levelup/go-api/internal/service/bootstrap_service.go:169.27,171.13 2 0
levelup/go-api/internal/service/bootstrap_service.go:176.101,178.16 2 0
levelup/go-api/internal/service/bootstrap_service.go:178.16,180.3 1 0
levelup/go-api/internal/service/bootstrap_service.go:181.2,182.22 2 0
levelup/go-api/internal/service/bootstrap_service.go:182.22,185.3 2 0
levelup/go-api/internal/service/bootstrap_service.go:186.2,189.8 1 0
levelup/go-api/internal/service/bootstrap_service.go:194.101,207.2 2 0
levelup/go-api/internal/service/bootstrap_service.go:209.106,217.2 2 0
levelup/go-api/internal/service/bootstrap_service.go:219.100,221.22 2 0
levelup/go-api/internal/service/bootstrap_service.go:221.22,223.3 1 0
levelup/go-api/internal/service/bootstrap_service.go:224.2,230.3 1 0
levelup/go-api/internal/service/bootstrap_service.go:233.106,234.23 1 0
levelup/go-api/internal/service/bootstrap_service.go:234.23,236.3 1 0
levelup/go-api/internal/service/bootstrap_service.go:238.2,238.23 1 0
levelup/go-api/internal/service/bootstrap_service.go:238.23,240.3 1 0
levelup/go-api/internal/service/bootstrap_service.go:241.2,242.16 2 0
levelup/go-api/internal/service/bootstrap_service.go:242.16,245.3 2 0
levelup/go-api/internal/service/bootstrap_service.go:246.2,246.15 1 0
levelup/go-api/internal/service/bootstrap_service.go:246.15,248.3 1 0
levelup/go-api/internal/service/bootstrap_service.go:249.2,249.32 1 0
levelup/go-api/internal/service/bootstrap_service.go:253.56,254.17 1 0
levelup/go-api/internal/service/bootstrap_service.go:254.17,256.3 1 0
levelup/go-api/internal/service/bootstrap_service.go:257.2,257.22 1 0
levelup/go-api/internal/service/bootstrap_service.go:261.49,262.29 1 0
levelup/go-api/internal/service/bootstrap_service.go:262.29,264.3 1 0
levelup/go-api/internal/service/bootstrap_service.go:265.2,266.16 2 0
levelup/go-api/internal/service/bootstrap_service.go:266.16,269.3 2 0
levelup/go-api/internal/service/bootstrap_service.go:270.2,270.14 1 0
levelup/go-api/internal/service/bootstrap_service.go:274.56,275.36 1 0
levelup/go-api/internal/service/bootstrap_service.go:275.36,277.3 1 0
levelup/go-api/internal/service/bootstrap_service.go:278.2,278.78 1 0
levelup/go-api/internal/service/bootstrap_service.go:278.78,280.3 1 0
levelup/go-api/internal/service/bootstrap_service.go:281.2,281.16 1 0
levelup/go-api/internal/service/bootstrap_service.go:285.82,286.51 1 0
levelup/go-api/internal/service/bootstrap_service.go:286.51,288.3 1 0
levelup/go-api/internal/service/bootstrap_service.go:289.2,292.3 1 0
levelup/go-api/internal/service/bootstrap_service.go:295.81,296.32 1 0
levelup/go-api/internal/service/bootstrap_service.go:296.32,297.28 1 0
levelup/go-api/internal/service/bootstrap_service.go:297.28,299.4 1 0
levelup/go-api/internal/service/bootstrap_service.go:301.2,301.12 1 0
levelup/go-api/internal/service/bootstrap_service.go:304.80,305.32 1 0
levelup/go-api/internal/service/bootstrap_service.go:305.32,306.41 1 0
levelup/go-api/internal/service/bootstrap_service.go:306.41,308.4 1 0
levelup/go-api/internal/service/bootstrap_service.go:310.2,310.12 1 0
levelup/go-api/internal/service/bootstrap_service.go:315.51,319.24 4 0
levelup/go-api/internal/service/bootstrap_service.go:319.24,321.36 2 0
levelup/go-api/internal/service/bootstrap_service.go:321.36,323.4 1 0
levelup/go-api/internal/service/bootstrap_service.go:324.3,331.5 1 0
levelup/go-api/internal/service/bootstrap_service.go:333.2,333.12 1 0
levelup/go-api/internal/service/career_service.go:31.66,33.2 1 0
levelup/go-api/internal/service/career_service.go:36.84,39.2 2 0
levelup/go-api/internal/service/career_service.go:42.95,44.16 2 0
levelup/go-api/internal/service/career_service.go:44.16,46.3 1 0
levelup/go-api/internal/service/career_service.go:47.2,48.16 2 0
levelup/go-api/internal/service/career_service.go:48.16,50.3 1 0
levelup/go-api/internal/service/career_service.go:51.2,52.16 2 0
levelup/go-api/internal/service/career_service.go:52.16,54.3 1 0
levelup/go-api/internal/service/career_service.go:56.2,72.8 7 0
levelup/go-api/internal/service/career_service.go:76.101,78.16 2 0
levelup/go-api/internal/service/career_service.go:78.16,80.3 1 0
levelup/go-api/internal/service/career_service.go:84.2,93.8 5 0
levelup/go-api/internal/service/career_service.go:97.101,99.16 2 0
levelup/go-api/internal/service/career_service.go:99.16,101.3 1 0
levelup/go-api/internal/service/career_service.go:103.2,104.25 2 0
levelup/go-api/internal/service/career_service.go:104.25,113.32 2 0
levelup/go-api/internal/service/career_service.go:113.32,115.4 1 0
levelup/go-api/internal/service/career_service.go:115.9,117.4 1 0
levelup/go-api/internal/service/career_service.go:120.2,124.8 1 0
levelup/go-api/internal/service/career_service.go:131.79,132.17 1 0
levelup/go-api/internal/service/career_service.go:132.17,134.3 1 0
levelup/go-api/internal/service/career_service.go:135.2,137.31 3 0
levelup/go-api/internal/service/career_service.go:137.31,139.3 1 0
levelup/go-api/internal/service/career_service.go:140.2,141.25 2 0
levelup/go-api/internal/service/career_service.go:141.25,143.3 1 0
levelup/go-api/internal/service/career_service.go:144.2,145.26 2 0
levelup/go-api/internal/service/career_service.go:145.26,147.3 1 0
levelup/go-api/internal/service/career_service.go:148.2,149.26 2 0
levelup/go-api/internal/service/career_service.go:149.26,151.3 1 0
levelup/go-api/internal/service/career_service.go:152.2,165.3 3 0
levelup/go-api/internal/service/career_service.go:168.58,169.52 1 0
levelup/go-api/internal/service/career_service.go:169.52,171.3 1 0
levelup/go-api/internal/service/career_service.go:172.2,173.50 2 0
levelup/go-api/internal/service/career_service.go:173.50,175.3 1 0
levelup/go-api/internal/service/career_service.go:176.2,176.50 1 0
levelup/go-api/internal/service/career_service.go:176.50,178.3 1 0
levelup/go-api/internal/service/career_service.go:179.2,179.20 1 0
levelup/go-api/internal/service/career_service.go:179.20,181.31 2 0
levelup/go-api/internal/service/career_service.go:181.31,183.4 1 0
levelup/go-api/internal/service/career_service.go:184.3,184.16 1 0
levelup/go-api/internal/service/career_service.go:186.2,186.48 1 0
levelup/go-api/internal/service/career_service.go:189.75,190.15 1 0
levelup/go-api/internal/service/career_service.go:190.15,192.3 1 0
levelup/go-api/internal/service/career_service.go:193.2,193.20 1 0
levelup/go-api/internal/service/career_service.go:193.20,195.3 1 0
levelup/go-api/internal/service/career_service.go:196.2,197.17 2 0
levelup/go-api/internal/service/career_service.go:197.17,199.3 1 0
levelup/go-api/internal/service/career_service.go:200.2,200.34 1 0
levelup/go-api/internal/service/career_service.go:203.54,204.40 1 0
levelup/go-api/internal/service/career_service.go:204.40,206.3 1 0
levelup/go-api/internal/service/career_service.go:207.2,207.22 1 0
levelup/go-api/internal/service/career_service.go:210.57,212.19 2 0
levelup/go-api/internal/service/career_service.go:212.19,214.3 1 0
levelup/go-api/internal/service/career_service.go:215.2,217.17 3 0
levelup/go-api/internal/service/career_service.go:217.17,219.3 1 0
levelup/go-api/internal/service/career_service.go:220.2,225.3 1 0
levelup/go-api/internal/service/career_service.go:228.94,229.22 1 0
levelup/go-api/internal/service/career_service.go:229.22,231.3 1 0
levelup/go-api/internal/service/career_service.go:232.2,237.46 5 0
levelup/go-api/internal/service/career_service.go:237.46,243.3 5 0
levelup/go-api/internal/service/career_service.go:245.2,249.3 1 0
levelup/go-api/internal/service/career_service.go:254.69,255.22 1 0
levelup/go-api/internal/service/career_service.go:255.22,257.3 1 0
levelup/go-api/internal/service/career_service.go:258.2,261.18 4 0
levelup/go-api/internal/service/career_service.go:261.18,263.3 1 0
levelup/go-api/internal/service/career_service.go:264.2,265.36 2 0
levelup/go-api/internal/service/career_service.go:265.36,269.35 4 0
levelup/go-api/internal/service/career_service.go:269.35,271.4 1 0
levelup/go-api/internal/service/career_service.go:271.9,273.4 1 0
levelup/go-api/internal/service/career_service.go:275.2,275.26 1 0
levelup/go-api/internal/service/career_service.go:275.26,277.3 1 0
levelup/go-api/internal/service/career_service.go:278.2,278.43 1 0
levelup/go-api/internal/service/career_service.go:282.72,285.31 3 0
levelup/go-api/internal/service/career_service.go:285.31,287.3 1 0
levelup/go-api/internal/service/career_service.go:288.2,288.32 1 0
levelup/go-api/internal/service/career_service.go:291.78,292.23 1 0
levelup/go-api/internal/service/career_service.go:292.23,294.3 1 0
levelup/go-api/internal/service/career_service.go:296.2,297.29 2 0
levelup/go-api/internal/service/career_service.go:297.29,298.40 1 0
levelup/go-api/internal/service/career_service.go:298.40,300.4 1 0
levelup/go-api/internal/service/career_service.go:302.2,303.23 2 0
levelup/go-api/internal/service/career_service.go:303.23,306.10 3 0
levelup/go-api/internal/service/career_service.go:307.18,308.35 1 0
levelup/go-api/internal/service/career_service.go:309.18,310.34 1 0
levelup/go-api/internal/service/career_service.go:311.11,312.16 1 0
levelup/go-api/internal/service/career_service.go:314.3,314.18 1 0
levelup/go-api/internal/service/career_service.go:316.2,322.3 1 0
levelup/go-api/internal/service/career_service.go:329.87,332.14 3 0
levelup/go-api/internal/service/career_service.go:332.14,334.3 1 0
levelup/go-api/internal/service/career_service.go:335.2,335.31 1 0
levelup/go-api/internal/service/career_service.go:338.54,339.53 1 0
levelup/go-api/internal/service/career_service.go:339.53,341.3 1 0
levelup/go-api/internal/service/career_service.go:344.75,346.25 2 0
levelup/go-api/internal/service/career_service.go:346.25,350.18 4 0
levelup/go-api/internal/service/career_service.go:350.18,352.4 1 0
levelup/go-api/internal/service/career_service.go:353.3,353.19 1 0
levelup/go-api/internal/service/career_service.go:353.19,355.4 1 0
levelup/go-api/internal/service/career_service.go:356.3,366.5 1 0
levelup/go-api/internal/service/career_service.go:368.2,368.12 1 0
levelup/go-api/internal/service/career_service.go:376.95,377.23 1 0
levelup/go-api/internal/service/career_service.go:377.23,379.3 1 0
levelup/go-api/internal/service/career_service.go:380.2,382.33 3 0
levelup/go-api/internal/service/career_service.go:382.33,384.3 1 0
levelup/go-api/internal/service/career_service.go:385.2,385.52 1 0
levelup/go-api/internal/service/career_service.go:389.58,398.2 1 0
levelup/go-api/internal/service/citations_service.go:18.75,20.2 1 0
levelup/go-api/internal/service/citations_service.go:23.105,25.16 2 0
levelup/go-api/internal/service/citations_service.go:25.16,27.3 1 0
levelup/go-api/internal/service/citations_service.go:29.2,30.16 2 0
levelup/go-api/internal/service/citations_service.go:30.16,33.3 1 0
levelup/go-api/internal/service/citations_service.go:35.2,41.8 3 0
levelup/go-api/internal/service/citations_service.go:48.46,50.16 2 0
levelup/go-api/internal/service/citations_service.go:50.16,52.3 1 0
levelup/go-api/internal/service/citations_service.go:54.2,55.16 2 0
levelup/go-api/internal/service/citations_service.go:55.16,58.3 1 0
levelup/go-api/internal/service/citations_service.go:60.2,66.8 3 0
levelup/go-api/internal/service/citations_service.go:70.63,72.25 2 0
levelup/go-api/internal/service/citations_service.go:72.25,74.3 1 0
levelup/go-api/internal/service/citations_service.go:75.2,75.14 1 0
levelup/go-api/internal/service/compare_service.go:27.129,29.2 1 0
levelup/go-api/internal/service/compare_service.go:32.114,33.39 1 0
levelup/go-api/internal/service/compare_service.go:33.39,35.3 1 0
levelup/go-api/internal/service/compare_service.go:37.2,40.20 3 0
levelup/go-api/internal/service/compare_service.go:40.20,44.3 3 0
levelup/go-api/internal/service/compare_service.go:46.2,46.20 1 0
levelup/go-api/internal/service/compare_service.go:46.20,49.18 2 0
levelup/go-api/internal/service/compare_service.go:49.18,52.34 2 0
levelup/go-api/internal/service/compare_service.go:52.34,55.5 2 0
levelup/go-api/internal/service/compare_service.go:58.3,59.17 2 0
levelup/go-api/internal/service/compare_service.go:59.17,61.4 1 0
levelup/go-api/internal/service/compare_service.go:62.3,63.13 2 0
levelup/go-api/internal/service/compare_service.go:66.2,66.33 1 0
levelup/go-api/internal/service/compare_service.go:66.33,68.3 1 0
levelup/go-api/internal/service/compare_service.go:70.2,76.8 2 0
levelup/go-api/internal/service/compare_service.go:80.80,103.25 4 0
levelup/go-api/internal/service/compare_service.go:103.25,107.33 3 0
levelup/go-api/internal/service/compare_service.go:107.33,108.19 1 0
levelup/go-api/internal/service/compare_service.go:108.19,110.5 1 0
levelup/go-api/internal/service/compare_service.go:110.10,110.26 1 0
levelup/go-api/internal/service/compare_service.go:110.26,112.5 1 0
levelup/go-api/internal/service/compare_service.go:113.9,114.31 1 0
levelup/go-api/internal/service/compare_service.go:114.31,115.20 1 0
levelup/go-api/internal/service/compare_service.go:115.20,117.6 1 0
levelup/go-api/internal/service/compare_service.go:117.11,119.6 1 0
levelup/go-api/internal/service/compare_service.go:122.3,129.5 1 0
levelup/go-api/internal/service/compare_service.go:131.2,131.13 1 0
levelup/go-api/internal/service/explorer_service.go:21.85,23.2 1 0
levelup/go-api/internal/service/explorer_service.go:31.47,33.16 2 0
levelup/go-api/internal/service/explorer_service.go:33.16,36.3 1 0
levelup/go-api/internal/service/explorer_service.go:38.2,39.16 2 0
levelup/go-api/internal/service/explorer_service.go:39.16,42.3 1 0
levelup/go-api/internal/service/explorer_service.go:44.2,50.8 2 0
levelup/go-api/internal/service/explorer_service.go:54.91,55.19 1 0
levelup/go-api/internal/service/explorer_service.go:55.19,57.3 1 0
levelup/go-api/internal/service/explorer_service.go:59.2,60.30 2 0
levelup/go-api/internal/service/explorer_service.go:60.30,62.3 1 0
levelup/go-api/internal/service/explorer_service.go:64.2,65.27 2 0
levelup/go-api/internal/service/explorer_service.go:65.27,82.3 3 0
levelup/go-api/internal/service/explorer_service.go:83.2,83.15 1 0
levelup/go-api/internal/service/fanout_service.go:27.61,32.2 1 0
levelup/go-api/internal/service/fanout_service.go:40.31,41.32 1 0
levelup/go-api/internal/service/fanout_service.go:41.32,46.3 1 0
levelup/go-api/internal/service/fanout_service.go:48.2,49.16 2 0
levelup/go-api/internal/service/fanout_service.go:49.16,51.3 1 0
levelup/go-api/internal/service/fanout_service.go:54.2,55.16 2 0
levelup/go-api/internal/service/fanout_service.go:55.16,57.3 1 0
levelup/go-api/internal/service/fanout_service.go:59.2,65.28 2 0
levelup/go-api/internal/service/fanout_service.go:65.28,66.47 1 0
levelup/go-api/internal/service/fanout_service.go:66.47,67.12 1 0
levelup/go-api/internal/service/fanout_service.go:70.3,71.17 2 0
levelup/go-api/internal/service/fanout_service.go:71.17,74.12 2 0
levelup/go-api/internal/service/fanout_service.go:76.3,76.17 1 0
levelup/go-api/internal/service/fanout_service.go:76.17,77.12 1 0
levelup/go-api/internal/service/fanout_service.go:80.3,85.5 1 0
levelup/go-api/internal/service/fanout_service.go:88.2,94.18 2 0
levelup/go-api/internal/service/fanout_service.go:103.23,105.43 2 0
levelup/go-api/internal/service/fanout_service.go:105.43,107.3 1 0
levelup/go-api/internal/service/fanout_service.go:109.2,109.38 1 0
levelup/go-api/internal/service/fanout_service.go:109.38,111.17 2 0
levelup/go-api/internal/service/fanout_service.go:111.17,114.12 2 0
levelup/go-api/internal/service/fanout_service.go:116.3,122.4 3 0
levelup/go-api/internal/service/fanout_service.go:125.2,125.15 1 0
levelup/go-api/internal/service/fanout_service.go:133.16,135.16 2 0
levelup/go-api/internal/service/fanout_service.go:135.16,137.3 1 0
levelup/go-api/internal/service/fanout_service.go:140.2,141.16 2 0
levelup/go-api/internal/service/fanout_service.go:141.16,143.3 1 0
levelup/go-api/internal/service/fanout_service.go:145.2,146.31 2 0
levelup/go-api/internal/service/fanout_service.go:146.31,147.21 1 0
levelup/go-api/internal/service/fanout_service.go:147.21,149.4 1 0
levelup/go-api/internal/service/fanout_service.go:152.2,152.23 1 0
levelup/go-api/internal/service/fanout_service.go:152.23,154.3 1 0
levelup/go-api/internal/service/fanout_service.go:158.2,159.16 2 0
levelup/go-api/internal/service/fanout_service.go:159.16,161.3 1 0
levelup/go-api/internal/service/fanout_service.go:163.2,163.22 1 0
levelup/go-api/internal/service/filters_service.go:32.69,34.2 1 0
levelup/go-api/internal/service/filters_service.go:40.41,42.16 2 0
levelup/go-api/internal/service/filters_service.go:42.16,44.3 1 0
levelup/go-api/internal/service/filters_service.go:45.2,45.49 1 0
levelup/go-api/internal/service/filters_service.go:52.32,57.22 4 0
levelup/go-api/internal/service/filters_service.go:57.22,59.3 1 0
levelup/go-api/internal/service/filters_service.go:62.2,63.40 2 0
levelup/go-api/internal/service/filters_service.go:63.40,65.3 1 0
levelup/go-api/internal/service/filters_service.go:65.8,67.3 1 0
levelup/go-api/internal/service/filters_service.go:70.2,83.3 3 0
levelup/go-api/internal/service/filters_service.go:90.39,95.2 4 0
levelup/go-api/internal/service/filters_service.go:97.47,99.15 2 0
levelup/go-api/internal/service/filters_service.go:99.15,101.3 1 0
levelup/go-api/internal/service/filters_service.go:102.2,102.29 1 0
levelup/go-api/internal/service/filters_service.go:105.46,106.43 1 0
levelup/go-api/internal/service/filters_service.go:106.43,108.3 1 0
levelup/go-api/internal/service/filters_service.go:109.2,109.30 1 0
levelup/go-api/internal/service/filters_service.go:112.51,114.2 1 0
levelup/go-api/internal/service/filters_service.go:116.33,117.14 1 0
levelup/go-api/internal/service/filters_service.go:117.14,119.3 1 0
levelup/go-api/internal/service/filters_service.go:120.2,120.11 1 0
levelup/go-api/internal/service/filters_service.go:127.78,135.25 4 0
levelup/go-api/internal/service/filters_service.go:135.25,137.16 2 0
levelup/go-api/internal/service/filters_service.go:137.16,138.12 1 0
levelup/go-api/internal/service/filters_service.go:140.3,142.22 3 0
levelup/go-api/internal/service/filters_service.go:142.22,144.4 1 0
levelup/go-api/internal/service/filters_service.go:145.3,146.46 2 0
levelup/go-api/internal/service/filters_service.go:146.46,148.4 1 0
levelup/go-api/internal/service/filters_service.go:151.2,152.23 2 0
levelup/go-api/internal/service/filters_service.go:152.23,154.3 1 0
levelup/go-api/internal/service/filters_service.go:155.2,159.29 4 0
levelup/go-api/internal/service/filters_service.go:159.29,162.16 3 0
levelup/go-api/internal/service/filters_service.go:162.16,164.4 1 0
levelup/go-api/internal/service/filters_service.go:165.3,172.16 3 0
levelup/go-api/internal/service/filters_service.go:172.16,174.4 1 0
levelup/go-api/internal/service/filters_service.go:174.9,176.4 1 0
levelup/go-api/internal/service/filters_service.go:178.2,182.3 1 0
levelup/go-api/internal/service/filters_service.go:189.100,190.44 1 0
levelup/go-api/internal/service/filters_service.go:190.44,192.3 1 0
levelup/go-api/internal/service/filters_service.go:193.2,194.25 2 0
levelup/go-api/internal/service/filters_service.go:194.25,195.25 1 0
levelup/go-api/internal/service/filters_service.go:195.25,196.12 1 0
levelup/go-api/internal/service/filters_service.go:198.3,199.51 2 0
levelup/go-api/internal/service/filters_service.go:199.51,200.12 1 0
levelup/go-api/internal/service/filters_service.go:202.3,202.23 1 0
levelup/go-api/internal/service/filters_service.go:202.23,204.20 2 0
levelup/go-api/internal/service/filters_service.go:204.20,205.13 1 0
levelup/go-api/internal/service/filters_service.go:208.3,208.23 1 0
levelup/go-api/internal/service/filters_service.go:210.2,210.12 1 0
levelup/go-api/internal/service/filters_service.go:213.104,215.26 2 0
levelup/go-api/internal/service/filters_service.go:215.26,216.16 1 0
levelup/go-api/internal/service/filters_service.go:216.16,218.4 1 0
levelup/go-api/internal/service/filters_service.go:220.2,223.39 4 0
levelup/go-api/internal/service/filters_service.go:223.39,225.3 1 0
levelup/go-api/internal/service/filters_service.go:226.2,226.20 1 0
levelup/go-api/internal/service/filters_service.go:226.20,228.3 1 0
levelup/go-api/internal/service/filters_service.go:229.2,230.25 2 0
levelup/go-api/internal/service/filters_service.go:230.25,231.49 1 0
levelup/go-api/internal/service/filters_service.go:231.49,232.30 1 0
levelup/go-api/internal/service/filters_service.go:232.30,234.5 1 0
levelup/go-api/internal/service/filters_service.go:237.2,237.12 1 0
levelup/go-api/internal/service/filters_service.go:240.103,246.2 5 0
levelup/go-api/internal/service/filters_service.go:248.98,249.60 1 0
levelup/go-api/internal/service/filters_service.go:249.60,251.3 1 0
levelup/go-api/internal/service/filters_service.go:252.2,253.26 2 0
levelup/go-api/internal/service/filters_service.go:253.26,255.10 2 0
levelup/go-api/internal/service/filters_service.go:256.73,257.18 1 0
levelup/go-api/internal/service/filters_service.go:258.74,259.21 1 0
levelup/go-api/internal/service/filters_service.go:260.11,261.23 1 0
levelup/go-api/internal/service/filters_service.go:264.2,265.25 2 0
levelup/go-api/internal/service/filters_service.go:265.25,266.10 1 0
levelup/go-api/internal/service/filters_service.go:267.33,268.24 1 0
levelup/go-api/internal/service/filters_service.go:269.51,270.24 1 0
levelup/go-api/internal/service/filters_service.go:271.54,272.24 1 0
levelup/go-api/internal/service/filters_service.go:275.2,275.12 1 0
levelup/go-api/internal/service/filters_service.go:278.128,279.22 1 0
levelup/go-api/internal/service/filters_service.go:279.22,281.3 1 0
levelup/go-api/internal/service/filters_service.go:282.2,283.27 2 0
levelup/go-api/internal/service/filters_service.go:283.27,285.3 1 0
levelup/go-api/internal/service/filters_service.go:286.2,287.25 2 0
levelup/go-api/internal/service/filters_service.go:287.25,288.30 1 0
levelup/go-api/internal/service/filters_service.go:288.30,290.4 1 0
levelup/go-api/internal/service/filters_service.go:292.2,292.12 1 0
levelup/go-api/internal/service/filters_service.go:299.112,301.39 2 0
levelup/go-api/internal/service/filters_service.go:301.39,303.3 1 0
levelup/go-api/internal/service/filters_service.go:305.2,319.3 7 0
levelup/go-api/internal/service/filters_service.go:322.113,324.25 2 0
levelup/go-api/internal/service/filters_service.go:324.25,325.26 1 0
levelup/go-api/internal/service/filters_service.go:325.26,327.4 1 0
levelup/go-api/internal/service/filters_service.go:329.2,330.22 2 0
levelup/go-api/internal/service/filters_service.go:330.22,332.3 1 0
levelup/go-api/internal/service/filters_service.go:333.2,335.25 3 0
levelup/go-api/internal/service/filters_service.go:335.25,337.3 1 0
levelup/go-api/internal/service/filters_service.go:338.2,338.12 1 0
levelup/go-api/internal/service/filters_service.go:345.77,347.78 2 0
levelup/go-api/internal/service/filters_service.go:347.78,349.3 1 0
levelup/go-api/internal/service/filters_service.go:350.2,351.11 2 0
levelup/go-api/internal/service/filters_service.go:354.114,356.39 2 0
levelup/go-api/internal/service/filters_service.go:356.39,358.3 1 0
levelup/go-api/internal/service/filters_service.go:359.2,364.3 1 0
levelup/go-api/internal/service/home_service.go:31.60,36.2 1 0
levelup/go-api/internal/service/home_service.go:40.82,41.21 1 0
levelup/go-api/internal/service/home_service.go:41.21,43.3 1 0
levelup/go-api/internal/service/home_service.go:44.2,44.10 1 0
levelup/go-api/internal/service/home_service.go:49.78,52.2 2 0
levelup/go-api/internal/service/home_service.go:56.84,59.2 2 0
levelup/go-api/internal/service/home_service.go:63.94,67.2 3 0
levelup/go-api/internal/service/home_service.go:71.107,73.16 2 0
levelup/go-api/internal/service/home_service.go:73.16,75.3 1 0
levelup/go-api/internal/service/home_service.go:77.2,78.16 2 0
levelup/go-api/internal/service/home_service.go:78.16,81.3 1 0
levelup/go-api/internal/service/home_service.go:83.2,84.16 2 0
levelup/go-api/internal/service/home_service.go:84.16,86.3 1 0
levelup/go-api/internal/service/home_service.go:88.2,89.16 2 0
levelup/go-api/internal/service/home_service.go:89.16,92.3 1 0
levelup/go-api/internal/service/home_service.go:95.2,96.47 2 0
levelup/go-api/internal/service/home_service.go:96.47,97.82 1 0
levelup/go-api/internal/service/home_service.go:97.82,99.4 1 0
levelup/go-api/internal/service/home_service.go:99.9,101.4 1 0
levelup/go-api/internal/service/home_service.go:104.2,120.8 8 0
levelup/go-api/internal/service/home_service.go:125.143,126.27 1 0
levelup/go-api/internal/service/home_service.go:126.27,128.3 1 0
levelup/go-api/internal/service/home_service.go:130.2,132.32 3 0
levelup/go-api/internal/service/home_service.go:132.32,133.22 1 0
levelup/go-api/internal/service/home_service.go:133.22,135.4 1 0
levelup/go-api/internal/service/home_service.go:137.2,137.18 1 0
levelup/go-api/internal/service/home_service.go:144.84,145.24 1 0
levelup/go-api/internal/service/home_service.go:145.24,146.103 1 0
levelup/go-api/internal/service/home_service.go:146.103,149.4 2 0
levelup/go-api/internal/service/home_service.go:151.2,153.64 3 0
levelup/go-api/internal/service/home_service.go:153.64,155.3 1 0
levelup/go-api/internal/service/home_service.go:156.2,156.13 1 0
levelup/go-api/internal/service/home_service.go:163.84,164.24 1 0
levelup/go-api/internal/service/home_service.go:164.24,165.103 1 0
levelup/go-api/internal/service/home_service.go:165.103,166.44 1 0
levelup/go-api/internal/service/home_service.go:166.44,169.5 2 0
levelup/go-api/internal/service/home_service.go:170.4,170.80 1 0
levelup/go-api/internal/service/home_service.go:173.2,175.37 3 0
levelup/go-api/internal/service/home_service.go:175.37,177.3 1 0
levelup/go-api/internal/service/home_service.go:178.2,178.13 1 0
levelup/go-api/internal/service/home_service.go:181.73,182.17 1 0
levelup/go-api/internal/service/home_service.go:182.17,184.3 1 0
levelup/go-api/internal/service/home_service.go:185.2,185.25 1 0
levelup/go-api/internal/service/home_service.go:185.25,187.3 1 0
levelup/go-api/internal/service/home_service.go:188.2,188.81 1 0
levelup/go-api/internal/service/home_service.go:188.81,190.3 1 0
levelup/go-api/internal/service/home_service.go:191.2,191.13 1 0
levelup/go-api/internal/service/lab_service.go:29.82,31.2 1 1
levelup/go-api/internal/service/lab_service.go:37.41,38.42 1 0
levelup/go-api/internal/service/lab_service.go:38.42,40.3 1 0
levelup/go-api/internal/service/lab_service.go:41.2,41.87 1 0
levelup/go-api/internal/service/lab_service.go:45.94,46.42 1 1
levelup/go-api/internal/service/lab_service.go:46.42,48.3 1 0
levelup/go-api/internal/service/lab_service.go:49.2,49.37 1 1
levelup/go-api/internal/service/lab_service.go:53.98,54.42 1 0
levelup/go-api/internal/service/lab_service.go:54.42,56.3 1 0
levelup/go-api/internal/service/lab_service.go:57.2,57.63 1 0
levelup/go-api/internal/service/lab_service.go:60.44,62.16 2 1
levelup/go-api/internal/service/lab_service.go:62.16,64.3 1 0
levelup/go-api/internal/service/lab_service.go:65.2,65.52 1 1
levelup/go-api/internal/service/lab_service.go:65.52,66.48 1 0
levelup/go-api/internal/service/lab_service.go:66.48,68.4 1 0
levelup/go-api/internal/service/lab_service.go:70.2,70.12 1 1
levelup/go-api/internal/service/lab_service.go:73.81,74.22 1 0
levelup/go-api/internal/service/lab_service.go:74.22,76.3 1 0
levelup/go-api/internal/service/lab_service.go:77.2,77.31 1 0
levelup/go-api/internal/service/lab_service.go:77.31,79.3 1 0
levelup/go-api/internal/service/lab_service.go:80.2,80.14 1 0
levelup/go-api/internal/service/last_match_service.go:21.76,23.2 1 0
levelup/go-api/internal/service/last_match_service.go:29.44,31.16 2 0
levelup/go-api/internal/service/last_match_service.go:31.16,33.3 1 0
levelup/go-api/internal/service/last_match_service.go:35.2,35.23 1 0
levelup/go-api/internal/service/last_match_service.go:35.23,37.3 1 0
levelup/go-api/internal/service/last_match_service.go:40.2,40.42 1 0
levelup/go-api/internal/service/last_match_service.go:40.42,42.3 1 0
levelup/go-api/internal/service/last_match_service.go:44.2,45.91 2 0
levelup/go-api/internal/service/last_match_service.go:45.91,47.3 1 0
levelup/go-api/internal/service/last_match_service.go:49.2,52.13 3 0
levelup/go-api/internal/service/last_match_service.go:52.13,54.3 1 0
levelup/go-api/internal/service/last_match_service.go:55.2,55.26 1 0
levelup/go-api/internal/service/last_match_service.go:55.26,57.3 1 0
levelup/go-api/internal/service/last_match_service.go:60.2,61.64 2 0
levelup/go-api/internal/service/last_match_service.go:61.64,63.3 1 0
levelup/go-api/internal/service/last_match_service.go:65.2,72.8 1 0
levelup/go-api/internal/service/leaderboard_service.go:20.81,22.2 1 0
levelup/go-api/internal/service/leaderboard_service.go:27.126,29.16 2 0
levelup/go-api/internal/service/leaderboard_service.go:29.16,31.3 1 0
levelup/go-api/internal/service/leaderboard_service.go:34.2,34.23 1 0
levelup/go-api/internal/service/leaderboard_service.go:34.23,36.3 1 0
levelup/go-api/internal/service/leaderboard_service.go:38.2,44.8 1 0
levelup/go-api/internal/service/match_exclusion_service.go:17.90,19.2 1 0
levelup/go-api/internal/service/match_exclusion_service.go:22.104,24.2 1 0
levelup/go-api/internal/service/match_exclusion_service.go:27.99,29.2 1 0
levelup/go-api/internal/service/match_history_service.go:49.107,51.2 1 0
levelup/go-api/internal/service/match_history_service.go:57.44,59.16 2 0
levelup/go-api/internal/service/match_history_service.go:59.16,61.3 1 0
levelup/go-api/internal/service/match_history_service.go:62.2,84.46 10 0
levelup/go-api/internal/service/match_history_service.go:84.46,89.3 1 0
levelup/go-api/internal/service/match_history_service.go:91.2,105.8 1 0
levelup/go-api/internal/service/match_history_service.go:113.37,115.16 2 0
levelup/go-api/internal/service/match_history_service.go:115.16,117.3 1 0
levelup/go-api/internal/service/match_history_service.go:119.2,125.19 6 0
levelup/go-api/internal/service/match_history_service.go:133.87,136.25 3 0
levelup/go-api/internal/service/match_history_service.go:136.25,137.19 1 0
levelup/go-api/internal/service/match_history_service.go:137.19,139.4 1 0
levelup/go-api/internal/service/match_history_service.go:139.9,141.4 1 0
levelup/go-api/internal/service/match_history_service.go:143.2,143.18 1 0
levelup/go-api/internal/service/match_history_service.go:143.18,148.3 1 0
levelup/go-api/internal/service/match_history_service.go:149.2,149.12 1 0
levelup/go-api/internal/service/match_history_service.go:152.120,154.25 2 0
levelup/go-api/internal/service/match_history_service.go:154.25,156.3 1 0
levelup/go-api/internal/service/match_history_service.go:157.2,162.32 5 0
levelup/go-api/internal/service/match_history_service.go:162.32,164.3 1 0
levelup/go-api/internal/service/match_history_service.go:165.2,166.25 2 0
levelup/go-api/internal/service/match_history_service.go:166.25,167.38 1 0
levelup/go-api/internal/service/match_history_service.go:167.38,169.4 1 0
levelup/go-api/internal/service/match_history_service.go:171.2,171.12 1 0
levelup/go-api/internal/service/match_history_service.go:174.105,177.32 3 0
levelup/go-api/internal/service/match_history_service.go:177.32,179.3 1 0
levelup/go-api/internal/service/match_history_service.go:179.8,181.3 1 0
levelup/go-api/internal/service/match_history_service.go:182.2,182.48 1 0
levelup/go-api/internal/service/match_history_service.go:185.74,200.2 1 0
levelup/go-api/internal/service/match_history_service.go:206.77,208.25 2 0
levelup/go-api/internal/service/match_history_service.go:208.25,210.17 2 0
levelup/go-api/internal/service/match_history_service.go:210.17,211.12 1 0
levelup/go-api/internal/service/match_history_service.go:213.3,215.21 3 0
levelup/go-api/internal/service/match_history_service.go:215.21,217.4 1 0
levelup/go-api/internal/service/match_history_service.go:218.3,218.18 1 0
levelup/go-api/internal/service/match_history_service.go:220.2,220.10 1 0
levelup/go-api/internal/service/match_history_service.go:227.118,229.25 2 0
levelup/go-api/internal/service/match_history_service.go:229.25,231.3 1 0
levelup/go-api/internal/service/match_history_service.go:232.2,232.12 1 0
levelup/go-api/internal/service/match_history_service.go:235.110,241.24 5 0
levelup/go-api/internal/service/match_history_service.go:241.24,243.3 1 0
levelup/go-api/internal/service/match_history_service.go:244.2,247.43 3 0
levelup/go-api/internal/service/match_history_service.go:247.43,250.3 2 0
levelup/go-api/internal/service/match_history_service.go:252.2,254.45 3 0
levelup/go-api/internal/service/match_history_service.go:254.45,255.51 1 0
levelup/go-api/internal/service/match_history_service.go:255.51,259.4 3 0
levelup/go-api/internal/service/match_history_service.go:262.2,283.3 2 0
levelup/go-api/internal/service/match_history_service.go:290.67,291.17 1 0
levelup/go-api/internal/service/match_history_service.go:291.17,293.3 1 0
levelup/go-api/internal/service/match_history_service.go:294.2,294.15 1 0
levelup/go-api/internal/service/match_history_service.go:294.15,296.3 1 0
levelup/go-api/internal/service/match_history_service.go:297.2,299.46 2 0
levelup/go-api/internal/service/match_history_service.go:299.46,301.17 2 0
levelup/go-api/internal/service/match_history_service.go:301.17,303.4 1 0
levelup/go-api/internal/service/match_history_service.go:304.3,304.14 1 0
levelup/go-api/internal/service/match_history_service.go:308.78,309.15 1 0
levelup/go-api/internal/service/match_history_service.go:310.22,311.39 1 0
levelup/go-api/internal/service/match_history_service.go:312.18,313.44 1 0
levelup/go-api/internal/service/match_history_service.go:314.19,315.46 1 0
levelup/go-api/internal/service/match_history_service.go:316.23,317.52 1 0
levelup/go-api/internal/service/match_history_service.go:318.36,319.76 1 0
levelup/go-api/internal/service/match_history_service.go:320.10,321.41 1 0
levelup/go-api/internal/service/match_history_service.go:325.127,328.19 3 0
levelup/go-api/internal/service/match_history_service.go:328.19,330.3 1 0
levelup/go-api/internal/service/match_history_service.go:331.2,332.15 2 0
levelup/go-api/internal/service/match_history_service.go:332.15,334.3 1 0
levelup/go-api/internal/service/match_history_service.go:335.2,336.21 2 0
levelup/go-api/internal/service/match_history_service.go:336.21,338.3 1 0
levelup/go-api/internal/service/match_history_service.go:339.2,339.23 1 0
levelup/go-api/internal/service/match_history_service.go:339.23,341.3 1 0
levelup/go-api/internal/service/match_history_service.go:342.2,344.17 3 0
levelup/go-api/internal/service/match_history_service.go:344.17,346.3 1 0
levelup/go-api/internal/service/match_history_service.go:347.2,348.19 2 0
levelup/go-api/internal/service/match_history_service.go:348.19,350.3 1 0
levelup/go-api/internal/service/match_history_service.go:351.2,358.24 2 0
levelup/go-api/internal/service/match_history_service.go:365.36,366.40 1 0
levelup/go-api/internal/service/match_history_service.go:366.40,368.3 1 0
levelup/go-api/internal/service/match_history_service.go:369.2,369.12 1 0
levelup/go-api/internal/service/match_history_service.go:372.39,373.16 1 0
levelup/go-api/internal/service/match_history_service.go:373.16,375.3 1 0
levelup/go-api/internal/service/match_history_service.go:376.2,376.37 1 0
levelup/go-api/internal/service/match_history_service.go:379.46,380.17 1 0
levelup/go-api/internal/service/match_history_service.go:380.17,382.3 1 0
levelup/go-api/internal/service/match_history_service.go:383.2,384.15 2 0
levelup/go-api/internal/service/match_history_service.go:384.15,386.3 1 0
levelup/go-api/internal/service/match_history_service.go:387.2,389.39 3 0
levelup/go-api/internal/service/match_history_service.go:392.53,394.14 2 0
levelup/go-api/internal/service/match_history_service.go:394.14,396.3 1 0
levelup/go-api/internal/service/match_history_service.go:397.2,397.91 1 0
levelup/go-api/internal/service/match_history_service.go:400.60,401.32 1 0
levelup/go-api/internal/service/match_history_service.go:401.32,403.3 1 0
levelup/go-api/internal/service/match_history_service.go:404.2,405.44 2 0
levelup/go-api/internal/service/match_history_service.go:405.44,407.3 1 0
levelup/go-api/internal/service/match_history_service.go:408.2,409.24 2 0
levelup/go-api/internal/service/match_history_service.go:409.24,411.3 1 0
levelup/go-api/internal/service/match_history_service.go:412.2,412.22 1 0
levelup/go-api/internal/service/match_history_service.go:412.22,414.3 1 0
levelup/go-api/internal/service/match_history_service.go:415.2,416.13 2 0
levelup/go-api/internal/service/match_history_service.go:419.36,420.26 1 0
levelup/go-api/internal/service/match_history_service.go:420.26,422.3 1 0
levelup/go-api/internal/service/match_history_service.go:423.2,423.14 1 0
levelup/go-api/internal/service/match_history_service.go:423.14,425.3 1 0
levelup/go-api/internal/service/match_history_service.go:426.2,426.11 1 0
levelup/go-api/internal/service/match_history_service.go:429.31,430.13 1 0
levelup/go-api/internal/service/match_history_service.go:430.13,432.3 1 0
levelup/go-api/internal/service/match_history_service.go:433.2,433.11 1 0
levelup/go-api/internal/service/match_history_service.go:436.39,437.14 1 0
levelup/go-api/internal/service/match_history_service.go:437.14,439.3 1 0
levelup/go-api/internal/service/match_history_service.go:440.2,440.14 1 0
levelup/go-api/internal/service/match_history_service.go:440.14,442.3 1 0
levelup/go-api/internal/service/match_history_service.go:443.2,443.16 1 0
levelup/go-api/internal/service/match_history_service.go:446.33,447.14 1 0
levelup/go-api/internal/service/match_history_service.go:447.14,449.3 1 0
levelup/go-api/internal/service/match_history_service.go:450.2,450.14 1 0
levelup/go-api/internal/service/match_history_service.go:450.14,452.3 1 0
levelup/go-api/internal/service/match_history_service.go:453.2,453.16 1 0
levelup/go-api/internal/service/match_view_service.go:34.88,36.2 1 0
levelup/go-api/internal/service/match_view_service.go:39.112,41.16 2 0
levelup/go-api/internal/service/match_view_service.go:41.16,43.3 1 0
levelup/go-api/internal/service/match_view_service.go:45.2,46.16 2 0
levelup/go-api/internal/service/match_view_service.go:46.16,48.3 1 0
levelup/go-api/internal/service/match_view_service.go:49.2,50.16 2 0
levelup/go-api/internal/service/match_view_service.go:50.16,52.3 1 0
levelup/go-api/internal/service/match_view_service.go:53.2,54.16 2 0
levelup/go-api/internal/service/match_view_service.go:54.16,56.3 1 0
levelup/go-api/internal/service/match_view_service.go:57.2,58.16 2 0
levelup/go-api/internal/service/match_view_service.go:58.16,60.3 1 0
levelup/go-api/internal/service/match_view_service.go:61.2,62.16 2 0
levelup/go-api/internal/service/match_view_service.go:62.16,64.3 1 0
levelup/go-api/internal/service/match_view_service.go:65.2,66.16 2 0
levelup/go-api/internal/service/match_view_service.go:66.16,68.3 1 0
levelup/go-api/internal/service/match_view_service.go:69.2,70.16 2 0
levelup/go-api/internal/service/match_view_service.go:70.16,72.3 1 0
levelup/go-api/internal/service/match_view_service.go:74.2,88.8 6 0
levelup/go-api/internal/service/match_view_service.go:101.26,109.17 2 0
levelup/go-api/internal/service/match_view_service.go:109.17,111.3 1 0
levelup/go-api/internal/service/match_view_service.go:113.2,114.27 2 0
levelup/go-api/internal/service/match_view_service.go:114.27,116.3 1 0
levelup/go-api/internal/service/match_view_service.go:117.2,117.25 1 0
levelup/go-api/internal/service/match_view_service.go:117.25,119.3 1 0
levelup/go-api/internal/service/match_view_service.go:120.2,120.26 1 0
levelup/go-api/internal/service/match_view_service.go:120.26,122.3 1 0
levelup/go-api/internal/service/match_view_service.go:123.2,123.30 1 0
levelup/go-api/internal/service/match_view_service.go:123.30,125.3 1 0
levelup/go-api/internal/service/match_view_service.go:127.2,127.44 1 0
levelup/go-api/internal/service/match_view_service.go:127.44,133.3 5 0
levelup/go-api/internal/service/match_view_service.go:135.2,135.19 1 0
levelup/go-api/internal/service/match_view_service.go:135.19,136.37 1 0
levelup/go-api/internal/service/match_view_service.go:136.37,142.4 5 0
levelup/go-api/internal/service/match_view_service.go:143.3,143.35 1 0
levelup/go-api/internal/service/match_view_service.go:146.2,146.10 1 0
levelup/go-api/internal/service/match_view_service.go:150.64,152.33 2 0
levelup/go-api/internal/service/match_view_service.go:152.33,153.52 1 0
levelup/go-api/internal/service/match_view_service.go:153.52,154.12 1 0
levelup/go-api/internal/service/match_view_service.go:156.3,156.48 1 0
levelup/go-api/internal/service/match_view_service.go:158.2,158.26 1 0
levelup/go-api/internal/service/match_view_service.go:158.26,160.3 1 0
levelup/go-api/internal/service/match_view_service.go:161.2,162.30 2 0
levelup/go-api/internal/service/match_view_service.go:162.30,164.3 1 0
levelup/go-api/internal/service/match_view_service.go:166.2,167.21 2 0
levelup/go-api/internal/service/match_view_service.go:167.21,169.3 1 0
levelup/go-api/internal/service/match_view_service.go:170.2,170.11 1 0
levelup/go-api/internal/service/match_view_service.go:177.106,186.18 2 0
levelup/go-api/internal/service/match_view_service.go:186.18,188.3 1 0
levelup/go-api/internal/service/match_view_service.go:190.2,199.28 2 0
levelup/go-api/internal/service/match_view_service.go:199.28,201.33 2 0
levelup/go-api/internal/service/match_view_service.go:201.33,203.4 1 0
levelup/go-api/internal/service/match_view_service.go:204.3,209.4 1 0
levelup/go-api/internal/service/match_view_service.go:212.2,212.12 1 0
levelup/go-api/internal/service/match_view_service.go:215.63,216.19 1 0
levelup/go-api/internal/service/match_view_service.go:216.19,218.3 1 0
levelup/go-api/internal/service/match_view_service.go:219.2,220.24 2 0
levelup/go-api/internal/service/match_view_service.go:220.24,226.3 1 0
levelup/go-api/internal/service/match_view_service.go:227.2,227.15 1 0
levelup/go-api/internal/service/match_view_service.go:234.101,236.28 2 0
levelup/go-api/internal/service/match_view_service.go:236.28,242.3 1 0
levelup/go-api/internal/service/match_view_service.go:244.2,245.27 2 0
levelup/go-api/internal/service/match_view_service.go:245.27,251.3 1 0
levelup/go-api/internal/service/match_view_service.go:253.2,257.3 1 0
levelup/go-api/internal/service/match_view_service.go:264.117,266.31 2 0
levelup/go-api/internal/service/match_view_service.go:266.31,289.22 2 0
levelup/go-api/internal/service/match_view_service.go:289.22,292.4 2 0
levelup/go-api/internal/service/match_view_service.go:293.3,293.27 1 0
levelup/go-api/internal/service/match_view_service.go:297.2,299.37 3 0
levelup/go-api/internal/service/match_view_service.go:299.37,306.3 1 0
levelup/go-api/internal/service/match_view_service.go:307.2,312.3 2 0
levelup/go-api/internal/service/match_view_service.go:325.28,327.31 2 0
levelup/go-api/internal/service/match_view_service.go:327.31,329.3 1 0
levelup/go-api/internal/service/match_view_service.go:331.2,332.29 2 0
levelup/go-api/internal/service/match_view_service.go:332.29,333.30 1 0
levelup/go-api/internal/service/match_view_service.go:333.30,334.43 1 0
levelup/go-api/internal/service/match_view_service.go:334.43,336.17 2 0
levelup/go-api/internal/service/match_view_service.go:336.17,338.6 1 0
levelup/go-api/internal/service/match_view_service.go:339.5,339.56 1 0
levelup/go-api/internal/service/match_view_service.go:341.4,341.50 1 0
levelup/go-api/internal/service/match_view_service.go:343.3,343.30 1 0
levelup/go-api/internal/service/match_view_service.go:343.30,344.43 1 0
levelup/go-api/internal/service/match_view_service.go:344.43,346.17 2 0
levelup/go-api/internal/service/match_view_service.go:346.17,348.6 1 0
levelup/go-api/internal/service/match_view_service.go:349.5,349.56 1 0
levelup/go-api/internal/service/match_view_service.go:351.4,351.49 1 0
levelup/go-api/internal/service/match_view_service.go:354.2,354.15 1 0
levelup/go-api/internal/service/match_view_service.go:362.36,363.38 1 0
levelup/go-api/internal/service/match_view_service.go:363.38,365.3 1 0
levelup/go-api/internal/service/match_view_service.go:366.2,366.18 1 0
levelup/go-api/internal/service/match_view_service.go:369.38,370.9 1 0
levelup/go-api/internal/service/match_view_service.go:371.19,372.19 1 0
levelup/go-api/internal/service/match_view_service.go:373.19,374.19 1 0
levelup/go-api/internal/service/match_view_service.go:375.19,376.19 1 0
levelup/go-api/internal/service/match_view_service.go:377.10,378.19 1 0
levelup/go-api/internal/service/match_view_service.go:384.43,393.2 3 0
levelup/go-api/internal/service/match_view_service.go:395.24,396.30 1 0
levelup/go-api/internal/service/match_view_service.go:396.30,397.43 1 0
levelup/go-api/internal/service/match_view_service.go:397.43,399.4 1 0
levelup/go-api/internal/service/match_view_service.go:403.56,404.30 1 0
levelup/go-api/internal/service/match_view_service.go:404.30,405.61 1 0
levelup/go-api/internal/service/match_view_service.go:405.61,407.4 1 0
levelup/go-api/internal/service/media_index_service.go:35.44,37.2 1 0
levelup/go-api/internal/service/media_index_service.go:46.9,50.16 3 0
levelup/go-api/internal/service/media_index_service.go:50.16,52.25 1 0
levelup/go-api/internal/service/media_index_service.go:52.25,56.4 3 0
levelup/go-api/internal/service/media_index_service.go:57.3,57.72 1 0
levelup/go-api/internal/service/media_index_service.go:61.2,62.28 2 0
levelup/go-api/internal/service/media_index_service.go:62.28,63.16 1 0
levelup/go-api/internal/service/media_index_service.go:63.16,65.4 1 0
levelup/go-api/internal/service/media_index_service.go:68.2,69.16 2 0
levelup/go-api/internal/service/media_index_service.go:69.16,73.3 3 0
levelup/go-api/internal/service/media_index_service.go:75.2,75.35 1 0
levelup/go-api/internal/service/media_index_service.go:75.35,76.23 1 0
levelup/go-api/internal/service/media_index_service.go:76.23,78.4 1 0
levelup/go-api/internal/service/media_index_service.go:80.3,86.57 5 0
levelup/go-api/internal/service/media_index_service.go:86.57,89.4 2 0
levelup/go-api/internal/service/media_index_service.go:91.3,91.55 1 0
levelup/go-api/internal/service/media_index_service.go:91.55,93.58 1 0
levelup/go-api/internal/service/media_index_service.go:93.58,96.5 2 0
levelup/go-api/internal/service/media_index_service.go:97.4,97.12 1 0
levelup/go-api/internal/service/media_index_service.go:100.3,100.19 1 0
levelup/go-api/internal/service/media_index_service.go:100.19,102.50 2 0
levelup/go-api/internal/service/media_index_service.go:102.50,105.59 3 0
levelup/go-api/internal/service/media_index_service.go:105.59,108.6 2 0
levelup/go-api/internal/service/media_index_service.go:110.5,116.20 1 0
levelup/go-api/internal/service/media_index_service.go:116.20,117.60 1 0
levelup/go-api/internal/service/media_index_service.go:117.60,120.7 2 0
levelup/go-api/internal/service/media_index_service.go:126.2,126.12 1 0
levelup/go-api/internal/service/media_index_service.go:131.49,132.51 1 0
levelup/go-api/internal/service/media_index_service.go:132.51,134.3 1 0
levelup/go-api/internal/service/media_index_service.go:136.2,137.16 2 0
levelup/go-api/internal/service/media_index_service.go:137.16,139.3 1 0
levelup/go-api/internal/service/media_index_service.go:140.2,142.75 2 0
levelup/go-api/internal/service/media_index_service.go:142.75,144.3 1 0
levelup/go-api/internal/service/media_index_service.go:145.2,145.62 1 0
levelup/go-api/internal/service/media_index_service.go:145.62,147.3 1 0
levelup/go-api/internal/service/media_index_service.go:148.2,148.12 1 0
levelup/go-api/internal/service/media_service.go:27.63,29.2 1 0
levelup/go-api/internal/service/media_service.go:35.38,42.22 5 0
levelup/go-api/internal/service/media_service.go:42.22,44.3 1 0
levelup/go-api/internal/service/media_service.go:45.2,54.16 3 0
levelup/go-api/internal/service/media_service.go:54.16,56.3 1 0
levelup/go-api/internal/service/media_service.go:58.2,59.16 2 0
levelup/go-api/internal/service/media_service.go:59.16,61.3 1 0
levelup/go-api/internal/service/media_service.go:63.2,70.27 5 0
levelup/go-api/internal/service/media_service.go:70.27,72.3 1 0
levelup/go-api/internal/service/media_service.go:73.2,73.91 1 0
levelup/go-api/internal/service/media_service.go:73.91,74.24 1 0
levelup/go-api/internal/service/media_service.go:74.24,75.52 1 0
levelup/go-api/internal/service/media_service.go:75.52,79.5 3 0
levelup/go-api/internal/service/media_service.go:83.2,98.8 1 0
levelup/go-api/internal/service/media_service.go:105.38,106.24 1 0
levelup/go-api/internal/service/media_service.go:106.24,108.3 1 0
levelup/go-api/internal/service/media_service.go:110.2,111.16 2 0
levelup/go-api/internal/service/media_service.go:111.16,113.3 1 0
levelup/go-api/internal/service/media_service.go:114.2,114.9 1 0
levelup/go-api/internal/service/media_service.go:114.9,116.3 1 0
levelup/go-api/internal/service/media_service.go:119.2,119.25 1 0
levelup/go-api/internal/service/media_service.go:119.25,121.26 2 0
levelup/go-api/internal/service/media_service.go:121.26,123.4 1 0
levelup/go-api/internal/service/media_service.go:124.3,124.109 1 0
levelup/go-api/internal/service/media_service.go:124.109,127.4 1 0
levelup/go-api/internal/service/media_service.go:131.2,136.86 2 0
levelup/go-api/internal/service/media_service.go:136.86,137.46 1 0
levelup/go-api/internal/service/media_service.go:137.46,141.4 3 0
levelup/go-api/internal/service/media_service.go:143.2,143.18 1 0
levelup/go-api/internal/service/media_service.go:148.113,151.25 2 0
levelup/go-api/internal/service/media_service.go:151.25,153.3 1 0
levelup/go-api/internal/service/media_service.go:155.2,155.60 1 0
levelup/go-api/internal/service/media_service.go:155.60,157.3 1 0
levelup/go-api/internal/service/media_service.go:159.2,159.30 1 0
levelup/go-api/internal/service/media_service.go:159.30,161.59 2 0
levelup/go-api/internal/service/media_service.go:161.59,165.12 3 0
levelup/go-api/internal/service/media_service.go:167.3,169.41 2 0
levelup/go-api/internal/service/media_service.go:172.2,172.23 1 0
levelup/go-api/internal/service/media_service.go:172.23,175.3 2 0
levelup/go-api/internal/service/media_service.go:177.2,178.14 2 0
levelup/go-api/internal/service/media_service.go:178.14,180.3 1 0
levelup/go-api/internal/service/media_service.go:182.2,191.16 3 0
levelup/go-api/internal/service/media_service.go:191.16,194.3 2 0
levelup/go-api/internal/service/media_service.go:195.2,203.24 7 0
levelup/go-api/internal/service/media_service.go:203.24,206.3 2 0
levelup/go-api/internal/service/media_service.go:208.2,215.20 2 0
levelup/go-api/internal/service/media_service.go:218.69,220.25 2 0
levelup/go-api/internal/service/media_service.go:220.25,222.21 2 0
levelup/go-api/internal/service/media_service.go:222.21,224.4 1 0
levelup/go-api/internal/service/media_service.go:225.3,238.5 1 0
levelup/go-api/internal/service/media_service.go:240.2,240.14 1 0
levelup/go-api/internal/service/media_service.go:247.29,251.16 3 0
levelup/go-api/internal/service/media_service.go:251.16,254.3 2 0
levelup/go-api/internal/service/media_service.go:256.2,256.28 1 0
levelup/go-api/internal/service/media_service.go:256.28,258.3 1 0
levelup/go-api/internal/service/media_service.go:259.2,259.29 1 0
levelup/go-api/internal/service/media_service.go:259.29,261.3 1 0
levelup/go-api/internal/service/media_service.go:262.2,262.16 1 0
levelup/go-api/internal/service/media_service.go:265.92,267.78 1 0
levelup/go-api/internal/service/media_service.go:267.78,267.100 1 0
levelup/go-api/internal/service/media_service.go:268.78,268.101 1 0
levelup/go-api/internal/service/media_service.go:275.23,278.27 3 0
levelup/go-api/internal/service/media_service.go:278.27,280.22 2 0
levelup/go-api/internal/service/media_service.go:280.22,281.12 1 0
levelup/go-api/internal/service/media_service.go:283.3,284.18 2 0
levelup/go-api/internal/service/media_service.go:284.18,285.12 1 0
levelup/go-api/internal/service/media_service.go:287.3,287.39 1 0
levelup/go-api/internal/service/media_service.go:287.39,288.12 1 0
levelup/go-api/internal/service/media_service.go:290.3,291.33 2 0
levelup/go-api/internal/service/media_service.go:294.2,296.31 3 0
levelup/go-api/internal/service/media_service.go:296.31,298.3 1 0
levelup/go-api/internal/service/media_service.go:299.2,299.16 1 0
levelup/go-api/internal/service/media_service.go:302.38,303.11 1 0
levelup/go-api/internal/service/media_service.go:303.11,305.3 1 0
levelup/go-api/internal/service/media_service.go:306.2,306.10 1 0
levelup/go-api/internal/service/profile_service.go:24.73,26.2 1 0
levelup/go-api/internal/service/profile_service.go:49.104,51.21 2 0
levelup/go-api/internal/service/profile_service.go:51.21,53.3 1 0
levelup/go-api/internal/service/profile_service.go:55.2,56.39 2 0
levelup/go-api/internal/service/profile_service.go:56.39,58.3 1 0
levelup/go-api/internal/service/profile_service.go:60.2,62.41 2 0
levelup/go-api/internal/service/profile_service.go:62.41,64.3 1 0
levelup/go-api/internal/service/profile_service.go:65.2,69.31 3 0
levelup/go-api/internal/service/profile_service.go:69.31,70.41 1 0
levelup/go-api/internal/service/profile_service.go:70.41,72.9 2 0
levelup/go-api/internal/service/profile_service.go:76.2,80.19 4 0
levelup/go-api/internal/service/profile_service.go:80.19,82.3 1 0
levelup/go-api/internal/service/profile_service.go:84.2,88.20 2 0
levelup/go-api/internal/service/profile_service.go:88.20,90.3 1 0
levelup/go-api/internal/service/profile_service.go:93.2,93.49 1 0
levelup/go-api/internal/service/profile_service.go:93.49,94.44 1 0
levelup/go-api/internal/service/profile_service.go:94.44,96.4 1 0
levelup/go-api/internal/service/profile_service.go:98.2,103.16 4 0
levelup/go-api/internal/service/profile_service.go:103.16,105.3 1 0
levelup/go-api/internal/service/profile_service.go:106.2,106.67 1 0
levelup/go-api/internal/service/profile_service.go:106.67,108.3 1 0
levelup/go-api/internal/service/profile_service.go:111.2,112.54 2 0
levelup/go-api/internal/service/profile_service.go:112.54,114.3 1 0
levelup/go-api/internal/service/profile_service.go:116.2,116.27 1 0
levelup/go-api/internal/service/profile_service.go:121.79,122.20 1 0
levelup/go-api/internal/service/profile_service.go:122.20,127.3 1 0
levelup/go-api/internal/service/profile_service.go:129.2,132.60 2 0
levelup/go-api/internal/service/profile_service.go:132.60,134.3 1 0
levelup/go-api/internal/service/profile_service.go:136.2,136.35 1 0
levelup/go-api/internal/service/profile_service.go:136.35,138.51 2 0
levelup/go-api/internal/service/profile_service.go:138.51,139.26 1 0
levelup/go-api/internal/service/profile_service.go:139.26,141.5 1 0
levelup/go-api/internal/service/profile_service.go:142.4,142.13 1 0
levelup/go-api/internal/service/profile_service.go:147.2,148.50 2 0
levelup/go-api/internal/service/profile_service.go:148.50,150.3 1 0
levelup/go-api/internal/service/profile_service.go:152.2,156.26 2 0
levelup/go-api/internal/service/profile_service.go:156.26,158.3 1 0
levelup/go-api/internal/service/profile_service.go:159.2,159.15 1 0
levelup/go-api/internal/service/season_pass_service.go:22.128,29.2 1 0
levelup/go-api/internal/service/season_pass_service.go:33.107,37.16 3 0
levelup/go-api/internal/service/season_pass_service.go:37.16,48.3 3 0
levelup/go-api/internal/service/season_pass_service.go:50.2,58.24 2 0
levelup/go-api/internal/service/season_pass_service.go:58.24,59.25 1 0
levelup/go-api/internal/service/season_pass_service.go:59.25,61.9 2 0
levelup/go-api/internal/service/season_pass_service.go:64.2,64.22 1 0
levelup/go-api/internal/service/season_pass_service.go:64.22,67.3 2 0
levelup/go-api/internal/service/season_pass_service.go:69.2,69.18 1 0
levelup/go-api/internal/service/session_compare_service.go:30.26,35.2 1 0
levelup/go-api/internal/service/session_compare_service.go:41.42,44.16 2 0
levelup/go-api/internal/service/session_compare_service.go:44.16,46.3 1 0
levelup/go-api/internal/service/session_compare_service.go:47.2,52.28 3 0
levelup/go-api/internal/service/session_compare_service.go:52.28,59.3 1 0
levelup/go-api/internal/service/session_compare_service.go:62.2,81.8 8 0
levelup/go-api/internal/service/session_compare_service.go:88.68,91.28 3 0
levelup/go-api/internal/service/session_compare_service.go:91.28,92.54 1 0
levelup/go-api/internal/service/session_compare_service.go:92.54,95.4 2 0
levelup/go-api/internal/service/session_compare_service.go:98.2,99.15 2 0
levelup/go-api/internal/service/session_compare_service.go:102.58,103.40 1 0
levelup/go-api/internal/service/session_compare_service.go:103.40,105.3 1 0
levelup/go-api/internal/service/session_compare_service.go:106.2,106.22 1 0
levelup/go-api/internal/service/session_compare_service.go:106.22,108.3 1 0
levelup/go-api/internal/service/session_compare_service.go:109.2,109.30 1 0
levelup/go-api/internal/service/session_compare_service.go:112.64,113.40 1 0
levelup/go-api/internal/service/session_compare_service.go:113.40,115.3 1 0
levelup/go-api/internal/service/session_compare_service.go:116.2,116.21 1 0
levelup/go-api/internal/service/session_compare_service.go:116.21,118.3 1 0
levelup/go-api/internal/service/session_compare_service.go:119.2,119.30 1 0
levelup/go-api/internal/service/session_compare_service.go:122.91,123.17 1 0
levelup/go-api/internal/service/session_compare_service.go:123.17,125.3 1 0
levelup/go-api/internal/service/session_compare_service.go:126.2,127.28 2 0
levelup/go-api/internal/service/session_compare_service.go:127.28,128.56 1 0
levelup/go-api/internal/service/session_compare_service.go:128.56,130.4 1 0
levelup/go-api/internal/service/session_compare_service.go:132.2,132.12 1 0
levelup/go-api/internal/service/session_compare_service.go:135.98,136.38 1 0
levelup/go-api/internal/service/session_compare_service.go:136.38,138.3 1 0
levelup/go-api/internal/service/session_compare_service.go:139.2,142.28 4 0
levelup/go-api/internal/service/session_compare_service.go:142.28,143.13 1 0
levelup/go-api/internal/service/session_compare_service.go:143.13,146.4 2 0
levelup/go-api/internal/service/session_compare_service.go:147.3,147.34 1 0
levelup/go-api/internal/service/session_compare_service.go:147.34,149.4 1 0
levelup/go-api/internal/service/session_compare_service.go:150.3,150.33 1 0
levelup/go-api/internal/service/session_compare_service.go:150.33,152.4 1 0
levelup/go-api/internal/service/session_compare_service.go:153.3,153.23 1 0
levelup/go-api/internal/service/session_compare_service.go:153.23,154.41 1 0
levelup/go-api/internal/service/session_compare_service.go:154.41,156.5 1 0
levelup/go-api/internal/service/session_compare_service.go:156.10,156.49 1 0
levelup/go-api/internal/service/session_compare_service.go:156.49,158.5 1 0
levelup/go-api/internal/service/session_compare_service.go:160.3,161.26 2 0
levelup/go-api/internal/service/session_compare_service.go:164.2,165.21 2 0
levelup/go-api/internal/service/session_compare_service.go:165.21,168.3 2 0
levelup/go-api/internal/service/session_compare_service.go:170.2,183.3 3 0
levelup/go-api/internal/service/session_compare_service.go:186.88,207.30 16 0
levelup/go-api/internal/service/session_compare_service.go:207.30,215.3 1 0
levelup/go-api/internal/service/session_compare_service.go:217.2,217.16 1 0
levelup/go-api/internal/service/session_compare_service.go:220.71,223.32 3 0
levelup/go-api/internal/service/session_compare_service.go:223.32,224.37 1 0
levelup/go-api/internal/service/session_compare_service.go:224.37,225.12 1 0
levelup/go-api/internal/service/session_compare_service.go:227.3,228.36 2 0
levelup/go-api/internal/service/session_compare_service.go:230.2,230.16 1 0
levelup/go-api/internal/service/session_compare_service.go:230.16,232.3 1 0
levelup/go-api/internal/service/session_compare_service.go:233.2,234.15 2 0
levelup/go-api/internal/service/session_compare_service.go:237.73,239.20 2 0
levelup/go-api/internal/service/session_compare_service.go:239.20,241.3 1 0
levelup/go-api/internal/service/session_compare_service.go:242.2,242.18 1 0
levelup/go-api/internal/service/session_compare_service.go:245.69,246.23 1 0
levelup/go-api/internal/service/session_compare_service.go:246.23,248.3 1 0
levelup/go-api/internal/service/session_compare_service.go:249.2,250.32 2 0
levelup/go-api/internal/service/session_compare_service.go:250.32,253.3 2 0
levelup/go-api/internal/service/session_compare_service.go:254.2,256.35 3 0
levelup/go-api/internal/service/session_compare_service.go:256.35,257.24 1 0
levelup/go-api/internal/service/session_compare_service.go:257.24,260.4 2 0
levelup/go-api/internal/service/session_compare_service.go:262.2,262.18 1 0
levelup/go-api/internal/service/session_compare_service.go:265.59,266.23 1 0
levelup/go-api/internal/service/session_compare_service.go:266.23,268.3 1 0
levelup/go-api/internal/service/session_compare_service.go:269.2,270.32 2 0
levelup/go-api/internal/service/session_compare_service.go:270.32,271.21 1 0
levelup/go-api/internal/service/session_compare_service.go:271.21,273.4 1 0
levelup/go-api/internal/service/session_compare_service.go:275.2,275.33 1 0
levelup/go-api/internal/service/session_compare_service.go:278.65,280.9 2 0
levelup/go-api/internal/service/session_compare_service.go:281.44,282.21 1 0
levelup/go-api/internal/service/session_compare_service.go:283.97,284.18 1 0
levelup/go-api/internal/service/session_compare_service.go:285.77,286.15 1 0
levelup/go-api/internal/service/session_compare_service.go:287.10,288.17 1 0
levelup/go-api/internal/service/session_compare_service.go:292.56,293.22 1 0
levelup/go-api/internal/service/session_compare_service.go:293.22,295.3 1 0
levelup/go-api/internal/service/session_compare_service.go:296.2,296.23 1 0
levelup/go-api/internal/service/session_compare_service.go:296.23,299.3 2 0
levelup/go-api/internal/service/session_compare_service.go:300.2,301.15 2 0
levelup/go-api/internal/service/session_compare_service.go:304.43,305.18 1 0
levelup/go-api/internal/service/session_compare_service.go:305.18,307.3 1 0
levelup/go-api/internal/service/session_compare_service.go:308.2,308.15 1 0
levelup/go-api/internal/service/session_compare_service.go:311.54,312.23 1 0
levelup/go-api/internal/service/session_compare_service.go:312.23,314.3 1 0
levelup/go-api/internal/service/session_compare_service.go:315.2,316.28 2 0
levelup/go-api/internal/service/session_compare_service.go:316.28,317.60 1 0
levelup/go-api/internal/service/session_compare_service.go:317.60,319.4 1 0
levelup/go-api/internal/service/session_compare_service.go:321.2,321.52 1 0
levelup/go-api/internal/service/session_compare_service.go:324.52,325.23 1 0
levelup/go-api/internal/service/session_compare_service.go:325.23,327.3 1 0
levelup/go-api/internal/service/session_compare_service.go:328.2,329.28 2 0
levelup/go-api/internal/service/session_compare_service.go:329.28,332.3 2 0
levelup/go-api/internal/service/session_compare_service.go:333.2,333.12 1 0
levelup/go-api/internal/service/session_compare_service.go:333.12,335.3 1 0
levelup/go-api/internal/service/session_compare_service.go:336.2,336.32 1 0
levelup/go-api/internal/service/session_compare_service.go:339.59,340.23 1 0
levelup/go-api/internal/service/session_compare_service.go:340.23,342.3 1 0
levelup/go-api/internal/service/session_compare_service.go:343.2,344.28 2 0
levelup/go-api/internal/service/session_compare_service.go:344.28,346.3 1 0
levelup/go-api/internal/service/session_compare_service.go:347.2,347.47 1 0
levelup/go-api/internal/service/session_compare_service.go:350.60,351.23 1 0
levelup/go-api/internal/service/session_compare_service.go:351.23,353.3 1 0
levelup/go-api/internal/service/session_compare_service.go:354.2,355.28 2 0
levelup/go-api/internal/service/session_compare_service.go:355.28,357.3 1 0
levelup/go-api/internal/service/session_compare_service.go:358.2,358.47 1 0
levelup/go-api/internal/service/session_compare_service.go:361.99,370.2 5 0
levelup/go-api/internal/service/session_compare_service.go:372.106,381.2 5 0
levelup/go-api/internal/service/session_compare_service.go:383.44,385.29 2 0
levelup/go-api/internal/service/session_compare_service.go:385.29,388.3 2 0
levelup/go-api/internal/service/session_compare_service.go:389.2,389.11 1 0
levelup/go-api/internal/service/session_compare_service.go:389.11,392.3 2 0
levelup/go-api/internal/service/session_compare_service.go:393.2,394.11 2 0
levelup/go-api/internal/service/session_page_service.go:21.80,23.2 1 0
levelup/go-api/internal/service/session_page_service.go:29.39,30.39 1 0
levelup/go-api/internal/service/session_page_service.go:30.39,32.3 1 0
levelup/go-api/internal/service/session_page_service.go:34.2,35.16 2 0
levelup/go-api/internal/service/session_page_service.go:35.16,37.3 1 0
levelup/go-api/internal/service/session_page_service.go:39.2,41.22 3 0
levelup/go-api/internal/service/session_page_service.go:41.22,48.3 2 0
levelup/go-api/internal/service/session_page_service.go:50.2,53.25 4 0
levelup/go-api/internal/service/session_page_service.go:53.25,63.3 2 0
levelup/go-api/internal/service/session_page_service.go:65.2,78.20 5 0
levelup/go-api/internal/service/session_page_service.go:78.20,81.33 3 0
levelup/go-api/internal/service/session_page_service.go:81.33,83.4 1 0
levelup/go-api/internal/service/session_page_service.go:83.9,89.4 2 0
levelup/go-api/internal/service/session_page_service.go:92.2,102.18 2 0
levelup/go-api/internal/service/session_page_service.go:117.43,119.24 2 0
levelup/go-api/internal/service/session_page_service.go:119.24,121.3 1 0
levelup/go-api/internal/service/session_page_service.go:123.2,129.41 6 0
levelup/go-api/internal/service/session_page_service.go:129.41,132.27 3 0
levelup/go-api/internal/service/session_page_service.go:132.27,133.12 1 0
levelup/go-api/internal/service/session_page_service.go:135.3,137.24 3 0
levelup/go-api/internal/service/session_page_service.go:137.24,140.4 2 0
levelup/go-api/internal/service/session_page_service.go:143.2,143.25 1 0
levelup/go-api/internal/service/session_page_service.go:143.25,145.3 1 0
levelup/go-api/internal/service/session_page_service.go:147.2,148.76 2 0
levelup/go-api/internal/service/session_page_service.go:148.76,150.34 2 0
levelup/go-api/internal/service/session_page_service.go:150.34,152.4 1 0
levelup/go-api/internal/service/session_page_service.go:155.2,159.19 1 0
levelup/go-api/internal/service/session_page_service.go:165.34,167.27 2 0
levelup/go-api/internal/service/session_page_service.go:167.27,187.3 1 0
levelup/go-api/internal/service/session_page_service.go:188.2,188.12 1 0
levelup/go-api/internal/service/session_page_service.go:191.98,199.2 1 0
levelup/go-api/internal/service/session_page_service.go:201.69,203.44 2 0
levelup/go-api/internal/service/session_page_service.go:203.44,205.3 1 0
levelup/go-api/internal/service/session_page_service.go:206.2,206.44 1 0
levelup/go-api/internal/service/session_page_service.go:206.44,208.3 1 0
levelup/go-api/internal/service/session_page_service.go:209.2,210.9 2 0
levelup/go-api/internal/service/session_page_service.go:211.17,212.13 1 0
levelup/go-api/internal/service/session_page_service.go:213.17,214.13 1 0
levelup/go-api/internal/service/session_page_service.go:215.17,216.13 1 0
levelup/go-api/internal/service/session_page_service.go:217.17,218.13 1 0
levelup/go-api/internal/service/session_page_service.go:220.2,221.19 2 0
levelup/go-api/internal/service/session_page_service.go:221.19,223.3 1 0
levelup/go-api/internal/service/session_page_service.go:223.8,223.26 1 0
levelup/go-api/internal/service/session_page_service.go:223.26,225.3 1 0
levelup/go-api/internal/service/session_page_service.go:226.2,226.14 1 0
levelup/go-api/internal/service/session_page_service.go:229.72,231.44 2 0
levelup/go-api/internal/service/session_page_service.go:231.44,233.3 1 0
levelup/go-api/internal/service/session_page_service.go:234.2,234.44 1 0
levelup/go-api/internal/service/session_page_service.go:234.44,235.25 1 0
levelup/go-api/internal/service/session_page_service.go:235.25,237.4 1 0
levelup/go-api/internal/service/session_page_service.go:237.9,239.4 1 0
levelup/go-api/internal/service/session_page_service.go:241.2,242.15 2 0
levelup/go-api/internal/service/session_page_service.go:242.15,244.3 1 0
levelup/go-api/internal/service/session_page_service.go:244.8,246.3 1 0
levelup/go-api/internal/service/session_page_service.go:247.2,247.21 1 0
levelup/go-api/internal/service/session_page_service.go:247.21,249.3 1 0
levelup/go-api/internal/service/session_page_service.go:250.2,250.36 1 0
levelup/go-api/internal/service/session_page_service.go:256.10,257.70 1 0
levelup/go-api/internal/service/session_page_service.go:257.70,259.3 1 0
levelup/go-api/internal/service/session_page_service.go:260.2,260.23 1 0
levelup/go-api/internal/service/session_page_service.go:260.23,262.3 1 0
levelup/go-api/internal/service/session_page_service.go:263.2,263.32 1 0
levelup/go-api/internal/service/session_page_service.go:266.65,267.14 1 0
levelup/go-api/internal/service/session_page_service.go:267.14,269.3 1 0
levelup/go-api/internal/service/session_page_service.go:270.2,270.23 1 0
levelup/go-api/internal/service/session_page_service.go:273.40,274.18 1 0
levelup/go-api/internal/service/session_page_service.go:274.18,276.3 1 0
levelup/go-api/internal/service/session_page_service.go:277.2,277.15 1 0
levelup/go-api/internal/service/session_page_service.go:280.62,281.35 1 0
levelup/go-api/internal/service/session_page_service.go:281.35,282.22 1 0
levelup/go-api/internal/service/session_page_service.go:282.22,284.4 1 0
levelup/go-api/internal/service/session_page_service.go:286.2,286.11 1 0
levelup/go-api/internal/service/session_page_service.go:289.28,290.15 1 0
levelup/go-api/internal/service/session_page_service.go:290.15,292.3 1 0
levelup/go-api/internal/service/session_page_service.go:293.2,293.14 1 0
levelup/go-api/internal/service/sessions_service.go:22.72,24.2 1 0
levelup/go-api/internal/service/sessions_service.go:30.36,32.16 2 0
levelup/go-api/internal/service/sessions_service.go:32.16,34.3 1 0
levelup/go-api/internal/service/sessions_service.go:35.2,35.20 1 0
levelup/go-api/internal/service/sessions_service.go:35.20,40.3 1 0
levelup/go-api/internal/service/sessions_service.go:43.2,44.19 2 0
levelup/go-api/internal/service/sessions_service.go:45.29,46.64 1 0
levelup/go-api/internal/service/sessions_service.go:47.10,48.64 1 0
levelup/go-api/internal/service/sessions_service.go:52.2,64.8 5 0
levelup/go-api/internal/service/sessions_service.go:68.62,69.20 1 0
levelup/go-api/internal/service/sessions_service.go:69.20,71.3 1 0
levelup/go-api/internal/service/sessions_service.go:72.2,73.25 2 0
levelup/go-api/internal/service/sessions_service.go:73.25,74.13 1 0
levelup/go-api/internal/service/sessions_service.go:74.13,77.12 3 0
levelup/go-api/internal/service/sessions_service.go:79.3,79.32 1 0
levelup/go-api/internal/service/sessions_service.go:79.32,81.4 1 0
levelup/go-api/internal/service/sessions_service.go:82.3,82.30 1 0
levelup/go-api/internal/service/sessions_service.go:82.30,84.4 1 0
levelup/go-api/internal/service/sessions_service.go:86.2,86.39 1 0
levelup/go-api/internal/service/social_service.go:17.66,19.2 1 0
levelup/go-api/internal/service/social_service.go:22.105,24.2 1 0
levelup/go-api/internal/service/squad_service.go:18.63,20.2 1 0
levelup/go-api/internal/service/squad_service.go:26.38,28.16 2 0
levelup/go-api/internal/service/squad_service.go:28.16,30.3 1 0
levelup/go-api/internal/service/squad_service.go:31.2,33.24 2 0
levelup/go-api/internal/service/squad_service.go:33.24,35.3 1 0
levelup/go-api/internal/service/squad_service.go:37.2,38.16 2 0
levelup/go-api/internal/service/squad_service.go:38.16,40.3 1 0
levelup/go-api/internal/service/squad_service.go:41.2,42.16 2 0
levelup/go-api/internal/service/squad_service.go:42.16,44.3 1 0
levelup/go-api/internal/service/squad_service.go:46.2,60.30 11 0
levelup/go-api/internal/service/squad_service.go:60.30,61.22 1 0
levelup/go-api/internal/service/squad_service.go:61.22,63.4 1 0
levelup/go-api/internal/service/squad_service.go:63.9,65.4 1 0
levelup/go-api/internal/service/squad_service.go:68.2,86.8 3 0
levelup/go-api/internal/service/squad_service.go:94.42,97.16 2 0
levelup/go-api/internal/service/squad_service.go:97.16,99.3 1 0
levelup/go-api/internal/service/squad_service.go:101.2,115.8 6 0
levelup/go-api/internal/service/squad_service.go:122.75,124.25 2 0
levelup/go-api/internal/service/squad_service.go:124.25,134.3 1 0
levelup/go-api/internal/service/squad_service.go:135.2,135.15 1 0
levelup/go-api/internal/service/squad_service.go:138.76,139.25 1 0
levelup/go-api/internal/service/squad_service.go:139.25,140.21 1 0
levelup/go-api/internal/service/squad_service.go:140.21,142.4 1 0
levelup/go-api/internal/service/squad_service.go:144.2,144.13 1 0
levelup/go-api/internal/service/squad_service.go:147.60,149.25 2 0
levelup/go-api/internal/service/squad_service.go:149.25,151.3 1 0
levelup/go-api/internal/service/squad_service.go:152.2,152.12 1 0
levelup/go-api/internal/service/squad_service.go:155.85,158.24 3 0
levelup/go-api/internal/service/squad_service.go:158.24,160.3 1 0
levelup/go-api/internal/service/squad_service.go:161.2,161.24 1 0
levelup/go-api/internal/service/squad_service.go:161.24,163.3 1 0
levelup/go-api/internal/service/squad_service.go:164.2,164.22 1 0
levelup/go-api/internal/service/squad_service.go:164.22,166.3 1 0
levelup/go-api/internal/service/squad_service.go:167.2,167.15 1 0
levelup/go-api/internal/service/squad_service.go:173.76,177.27 4 0
levelup/go-api/internal/service/squad_service.go:177.27,179.39 2 0
levelup/go-api/internal/service/squad_service.go:179.39,181.22 2 0
levelup/go-api/internal/service/squad_service.go:181.22,183.5 1 0
levelup/go-api/internal/service/squad_service.go:185.3,185.19 1 0
levelup/go-api/internal/service/squad_service.go:185.19,188.4 2 0
levelup/go-api/internal/service/squad_service.go:189.3,189.42 1 0
levelup/go-api/internal/service/squad_service.go:191.2,191.15 1 0
levelup/go-api/internal/service/squad_service.go:191.15,193.3 1 0
levelup/go-api/internal/service/squad_service.go:194.2,194.14 1 0
levelup/go-api/internal/service/squad_service.go:194.14,196.3 1 0
levelup/go-api/internal/service/squad_service.go:197.2,199.27 3 0
levelup/go-api/internal/service/squad_service.go:199.27,200.21 1 0
levelup/go-api/internal/service/squad_service.go:200.21,203.4 2 0
levelup/go-api/internal/service/squad_service.go:205.2,205.16 1 0
levelup/go-api/internal/service/squad_service.go:205.16,207.3 1 0
levelup/go-api/internal/service/squad_service.go:208.2,208.8 1 0
levelup/go-api/internal/service/stats_filters.go:6.108,8.25 2 0
levelup/go-api/internal/service/stats_filters.go:8.25,18.3 1 0
levelup/go-api/internal/service/stats_filters.go:20.2,22.31 3 0
levelup/go-api/internal/service/stats_filters.go:22.31,24.3 1 0
levelup/go-api/internal/service/stats_filters.go:26.2,27.27 2 0
levelup/go-api/internal/service/stats_filters.go:27.27,28.40 1 0
levelup/go-api/internal/service/stats_filters.go:28.40,30.4 1 0
levelup/go-api/internal/service/stats_filters.go:32.2,32.12 1 0
levelup/go-api/internal/service/stats_service.go:30.63,32.2 1 0
levelup/go-api/internal/service/stats_service.go:35.82,38.2 2 0
levelup/go-api/internal/service/stats_service.go:44.37,46.16 2 0
levelup/go-api/internal/service/stats_service.go:46.16,48.3 1 0
levelup/go-api/internal/service/stats_service.go:50.2,56.23 3 0
levelup/go-api/internal/service/stats_service.go:56.23,58.3 1 0
levelup/go-api/internal/service/stats_service.go:60.2,60.17 1 0
levelup/go-api/internal/service/stats_service.go:61.22,63.22 2 0
levelup/go-api/internal/service/stats_service.go:64.18,66.23 2 0
levelup/go-api/internal/service/stats_service.go:67.19,69.24 2 0
levelup/go-api/internal/service/stats_service.go:70.14,72.19 2 0
levelup/go-api/internal/service/stats_service.go:73.14,75.17 2 0
levelup/go-api/internal/service/stats_service.go:75.17,77.4 1 0
levelup/go-api/internal/service/stats_service.go:78.3,78.19 1 0
levelup/go-api/internal/service/stats_service.go:79.13,85.17 6 0
levelup/go-api/internal/service/stats_service.go:85.17,87.4 1 0
levelup/go-api/internal/service/stats_service.go:88.3,92.18 5 0
levelup/go-api/internal/service/stats_service.go:96.2,98.18 2 0
levelup/go-api/internal/service/stats_service.go:103.80,115.28 10 0
levelup/go-api/internal/service/stats_service.go:115.28,117.23 2 0
levelup/go-api/internal/service/stats_service.go:117.23,119.4 1 0
levelup/go-api/internal/service/stats_service.go:120.3,125.37 2 0
levelup/go-api/internal/service/stats_service.go:125.37,127.4 1 0
levelup/go-api/internal/service/stats_service.go:130.3,138.29 3 0
levelup/go-api/internal/service/stats_service.go:138.29,140.4 1 0
levelup/go-api/internal/service/stats_service.go:141.3,149.42 3 0
levelup/go-api/internal/service/stats_service.go:149.42,151.4 1 0
levelup/go-api/internal/service/stats_service.go:152.3,153.36 2 0
levelup/go-api/internal/service/stats_service.go:153.36,154.32 1 0
levelup/go-api/internal/service/stats_service.go:154.32,156.5 1 0
levelup/go-api/internal/service/stats_service.go:158.3,158.89 1 0
levelup/go-api/internal/service/stats_service.go:161.2,162.22 2 0
levelup/go-api/internal/service/stats_service.go:162.22,164.3 1 0
levelup/go-api/internal/service/stats_service.go:166.2,173.3 1 0
levelup/go-api/internal/service/stats_service.go:178.82,184.28 5 0
levelup/go-api/internal/service/stats_service.go:184.28,185.24 1 0
levelup/go-api/internal/service/stats_service.go:185.24,192.4 3 0
levelup/go-api/internal/service/stats_service.go:193.3,193.87 1 0
levelup/go-api/internal/service/stats_service.go:193.87,196.4 2 0
levelup/go-api/internal/service/stats_service.go:199.2,200.15 2 0
levelup/go-api/internal/service/stats_service.go:200.15,202.3 1 0
levelup/go-api/internal/service/stats_service.go:204.2,209.3 1 0
levelup/go-api/internal/service/stats_service.go:214.84,220.28 5 0
levelup/go-api/internal/service/stats_service.go:220.28,227.29 3 0
levelup/go-api/internal/service/stats_service.go:227.29,230.4 2 0
levelup/go-api/internal/service/stats_service.go:233.2,234.22 2 0
levelup/go-api/internal/service/stats_service.go:234.22,236.3 1 0
levelup/go-api/internal/service/stats_service.go:238.2,243.3 1 0
levelup/go-api/internal/service/stats_service.go:248.74,254.28 5 0
levelup/go-api/internal/service/stats_service.go:254.28,256.45 2 0
levelup/go-api/internal/service/stats_service.go:256.45,258.4 1 0
levelup/go-api/internal/service/stats_service.go:259.3,259.19 1 0
levelup/go-api/internal/service/stats_service.go:259.19,262.4 2 0
levelup/go-api/internal/service/stats_service.go:263.3,267.4 1 0
levelup/go-api/internal/service/stats_service.go:270.2,271.15 2 0
levelup/go-api/internal/service/stats_service.go:271.15,274.3 2 0
levelup/go-api/internal/service/stats_service.go:276.2,280.3 1 0
levelup/go-api/internal/service/stats_service.go:288.35,291.16 2 0
levelup/go-api/internal/service/stats_service.go:291.16,293.3 1 0
levelup/go-api/internal/service/stats_service.go:295.2,297.28 3 0
levelup/go-api/internal/service/stats_service.go:297.28,304.3 1 0
levelup/go-api/internal/service/stats_service.go:306.2,307.21 2 0
levelup/go-api/internal/service/stats_service.go:307.21,310.3 2 0
levelup/go-api/internal/service/stats_service.go:312.2,316.8 1 0
levelup/go-api/internal/service/stats_service.go:322.85,323.23 1 0
levelup/go-api/internal/service/stats_service.go:323.23,325.3 1 0
levelup/go-api/internal/service/stats_service.go:326.2,328.28 3 0
levelup/go-api/internal/service/stats_service.go:328.28,329.32 1 0
levelup/go-api/internal/service/stats_service.go:329.32,331.4 1 0
levelup/go-api/internal/service/stats_service.go:332.3,332.30 1 0
levelup/go-api/internal/service/stats_service.go:332.30,334.4 1 0
levelup/go-api/internal/service/stats_service.go:336.2,337.37 2 0
levelup/go-api/internal/service/stats_service.go:343.94,344.23 1 0
levelup/go-api/internal/service/stats_service.go:344.23,346.3 1 0
levelup/go-api/internal/service/stats_service.go:347.2,348.33 2 0
levelup/go-api/internal/service/stats_service.go:348.33,350.3 1 0
levelup/go-api/internal/service/stats_service.go:351.2,351.52 1 0
levelup/go-api/internal/service/synthesis_service.go:25.75,27.2 1 0
levelup/go-api/internal/service/synthesis_service.go:35.44,37.18 2 0
levelup/go-api/internal/service/synthesis_service.go:37.18,39.3 1 0
levelup/go-api/internal/service/synthesis_service.go:41.2,42.16 2 0
levelup/go-api/internal/service/synthesis_service.go:42.16,44.3 1 0
levelup/go-api/internal/service/synthesis_service.go:47.2,88.8 14 0
levelup/go-api/internal/service/synthesis_service.go:101.52,108.16 5 0
levelup/go-api/internal/service/synthesis_service.go:109.12,112.64 3 0
levelup/go-api/internal/service/synthesis_service.go:113.12,116.64 3 0
levelup/go-api/internal/service/synthesis_service.go:117.12,120.64 3 0
levelup/go-api/internal/service/synthesis_service.go:121.12,124.64 3 0
levelup/go-api/internal/service/synthesis_service.go:125.10,125.10 0 0
levelup/go-api/internal/service/synthesis_service.go:129.2,129.19 1 0
levelup/go-api/internal/service/synthesis_service.go:129.19,131.3 1 0
levelup/go-api/internal/service/synthesis_service.go:133.2,134.25 2 0
levelup/go-api/internal/service/synthesis_service.go:134.25,135.35 1 0
levelup/go-api/internal/service/synthesis_service.go:135.35,137.4 1 0
levelup/go-api/internal/service/synthesis_service.go:139.2,139.35 1 0
levelup/go-api/internal/service/synthesis_service.go:143.118,149.25 5 0
levelup/go-api/internal/service/synthesis_service.go:149.25,152.21 3 0
levelup/go-api/internal/service/synthesis_service.go:152.21,155.29 3 0
levelup/go-api/internal/service/synthesis_service.go:155.29,157.5 1 0
levelup/go-api/internal/service/synthesis_service.go:158.9,161.4 2 0
levelup/go-api/internal/service/synthesis_service.go:162.3,162.26 1 0
levelup/go-api/internal/service/synthesis_service.go:162.26,164.4 1 0
levelup/go-api/internal/service/synthesis_service.go:165.3,165.39 1 0
levelup/go-api/internal/service/synthesis_service.go:165.39,167.4 1 0
levelup/go-api/internal/service/synthesis_service.go:170.2,180.29 3 0
levelup/go-api/internal/service/synthesis_service.go:180.29,182.3 1 0
levelup/go-api/internal/service/synthesis_service.go:183.2,183.11 1 0
levelup/go-api/internal/service/synthesis_service.go:183.11,188.3 4 0
levelup/go-api/internal/service/synthesis_service.go:189.2,189.38 1 0
levelup/go-api/internal/service/synthesis_service.go:189.38,191.3 1 0
levelup/go-api/internal/service/synthesis_service.go:192.2,192.19 1 0
levelup/go-api/internal/service/synthesis_service.go:192.19,194.3 1 0
levelup/go-api/internal/service/synthesis_service.go:195.2,195.17 1 0
levelup/go-api/internal/service/synthesis_service.go:195.17,197.3 1 0
levelup/go-api/internal/service/synthesis_service.go:198.2,198.11 1 0
levelup/go-api/internal/service/synthesis_service.go:201.66,210.9 3 0
levelup/go-api/internal/service/synthesis_service.go:210.9,212.3 1 0
levelup/go-api/internal/service/synthesis_service.go:213.2,213.59 1 0
levelup/go-api/internal/service/synthesis_service.go:224.96,225.20 1 0
levelup/go-api/internal/service/synthesis_service.go:225.20,227.3 1 0
levelup/go-api/internal/service/synthesis_service.go:228.2,228.81 1 0
levelup/go-api/internal/service/synthesis_service.go:228.81,237.3 1 0
levelup/go-api/internal/service/synthesis_service.go:239.2,239.89 1 0
levelup/go-api/internal/service/synthesis_service.go:239.89,241.3 1 0
levelup/go-api/internal/service/synthesis_service.go:242.2,242.87 1 0
levelup/go-api/internal/service/synthesis_service.go:242.87,244.19 2 0
levelup/go-api/internal/service/synthesis_service.go:244.19,246.4 1 0
levelup/go-api/internal/service/synthesis_service.go:247.3,248.19 2 0
levelup/go-api/internal/service/synthesis_service.go:248.19,250.4 1 0
levelup/go-api/internal/service/synthesis_service.go:251.3,251.17 1 0
levelup/go-api/internal/service/synthesis_service.go:253.2,253.92 1 0
levelup/go-api/internal/service/synthesis_service.go:253.92,255.3 1 0
levelup/go-api/internal/service/synthesis_service.go:257.2,257.83 1 0
levelup/go-api/internal/service/synthesis_service.go:257.83,259.25 2 0
levelup/go-api/internal/service/synthesis_service.go:259.25,261.4 1 0
levelup/go-api/internal/service/synthesis_service.go:262.3,262.13 1 0
levelup/go-api/internal/service/synthesis_service.go:264.2,268.3 1 0
levelup/go-api/internal/service/synthesis_service.go:272.131,276.40 3 0
levelup/go-api/internal/service/synthesis_service.go:276.40,278.36 2 0
levelup/go-api/internal/service/synthesis_service.go:278.36,279.31 1 0
levelup/go-api/internal/service/synthesis_service.go:279.31,281.5 1 0
levelup/go-api/internal/service/synthesis_service.go:283.3,283.40 1 0
levelup/go-api/internal/service/synthesis_service.go:285.2,285.17 1 0
levelup/go-api/internal/service/synthesis_service.go:285.17,287.3 1 0
levelup/go-api/internal/service/synthesis_service.go:288.2,288.15 1 0
levelup/go-api/internal/service/synthesis_service.go:292.92,293.20 1 0
levelup/go-api/internal/service/synthesis_service.go:293.20,295.3 1 0
levelup/go-api/internal/service/synthesis_service.go:296.2,296.79 1 0
levelup/go-api/internal/service/synthesis_service.go:296.79,305.3 1 0
levelup/go-api/internal/service/synthesis_service.go:307.2,308.25 2 0
levelup/go-api/internal/service/synthesis_service.go:308.25,309.31 1 0
levelup/go-api/internal/service/synthesis_service.go:309.31,311.4 1 0
levelup/go-api/internal/service/synthesis_service.go:311.9,313.4 1 0
levelup/go-api/internal/service/synthesis_service.go:314.3,314.47 1 0
levelup/go-api/internal/service/synthesis_service.go:314.47,315.9 1 0
levelup/go-api/internal/service/synthesis_service.go:318.2,318.24 1 0
levelup/go-api/internal/service/synthesis_service.go:318.24,320.3 1 0
levelup/go-api/internal/service/synthesis_service.go:321.2,321.22 1 0
levelup/go-api/internal/service/synthesis_service.go:321.22,323.3 1 0
levelup/go-api/internal/service/synthesis_service.go:324.2,328.3 1 0
levelup/go-api/internal/service/synthesis_service.go:332.84,333.20 1 0
levelup/go-api/internal/service/synthesis_service.go:333.20,335.3 1 0
levelup/go-api/internal/service/synthesis_service.go:337.2,339.25 3 0
levelup/go-api/internal/service/synthesis_service.go:339.25,349.3 8 0
levelup/go-api/internal/service/synthesis_service.go:351.2,352.30 2 0
levelup/go-api/internal/service/synthesis_service.go:352.30,354.15 2 0
levelup/go-api/internal/service/synthesis_service.go:354.15,356.4 1 0
levelup/go-api/internal/service/synthesis_service.go:357.3,362.5 1 0
levelup/go-api/internal/service/synthesis_service.go:364.2,365.31 2 0
levelup/go-api/internal/service/synthesis_service.go:365.31,367.15 2 0
levelup/go-api/internal/service/synthesis_service.go:367.15,369.4 1 0
levelup/go-api/internal/service/synthesis_service.go:370.3,375.5 1 0
levelup/go-api/internal/service/synthesis_service.go:378.2,380.26 3 0
levelup/go-api/internal/service/synthesis_service.go:380.26,382.3 1 0
levelup/go-api/internal/service/synthesis_service.go:383.2,383.27 1 0
levelup/go-api/internal/service/synthesis_service.go:383.27,385.3 1 0
levelup/go-api/internal/service/synthesis_service.go:386.2,386.79 1 0
levelup/go-api/internal/service/synthesis_service.go:389.51,390.32 1 0
levelup/go-api/internal/service/synthesis_service.go:390.32,391.35 1 0
levelup/go-api/internal/service/synthesis_service.go:391.35,392.41 1 0
levelup/go-api/internal/service/synthesis_service.go:392.41,394.5 1 0
levelup/go-api/internal/service/synthesis_service.go:399.53,400.32 1 0
levelup/go-api/internal/service/synthesis_service.go:400.32,401.35 1 0
levelup/go-api/internal/service/synthesis_service.go:401.35,402.41 1 0
levelup/go-api/internal/service/synthesis_service.go:402.41,404.5 1 0
levelup/go-api/internal/service/teammates_service.go:25.71,27.2 1 0
levelup/go-api/internal/service/teammates_service.go:34.41,36.16 2 0
levelup/go-api/internal/service/teammates_service.go:36.16,38.3 1 0
levelup/go-api/internal/service/teammates_service.go:41.2,45.16 3 0
levelup/go-api/internal/service/teammates_service.go:45.16,47.3 1 0
levelup/go-api/internal/service/teammates_service.go:50.2,63.43 8 0
levelup/go-api/internal/service/teammates_service.go:63.43,65.17 2 0
levelup/go-api/internal/service/teammates_service.go:65.17,67.12 2 0
levelup/go-api/internal/service/teammates_service.go:69.3,69.17 1 0
levelup/go-api/internal/service/teammates_service.go:69.17,73.4 3 0
levelup/go-api/internal/service/teammates_service.go:77.2,79.27 3 0
levelup/go-api/internal/service/teammates_service.go:79.27,82.3 2 0
levelup/go-api/internal/service/teammates_service.go:84.2,93.8 1 0
levelup/go-api/internal/service/teammates_service.go:97.97,100.28 3 0
levelup/go-api/internal/service/teammates_service.go:100.28,101.53 1 0
levelup/go-api/internal/service/teammates_service.go:101.53,102.12 1 0
levelup/go-api/internal/service/teammates_service.go:104.3,104.22 1 0
levelup/go-api/internal/service/teammates_service.go:104.22,106.4 1 0
levelup/go-api/internal/service/teammates_service.go:106.9,108.4 1 0
levelup/go-api/internal/service/teammates_service.go:110.2,111.25 2 0
levelup/go-api/internal/service/teammates_service.go:111.25,113.3 1 0
levelup/go-api/internal/service/teammates_service.go:114.2,115.26 2 0
levelup/go-api/internal/service/teammates_service.go:115.26,117.3 1 0
levelup/go-api/internal/service/teammates_service.go:118.2,118.59 1 0
levelup/go-api/internal/service/teammates_service.go:129.30,130.45 1 0
levelup/go-api/internal/service/teammates_service.go:130.45,132.3 1 0
levelup/go-api/internal/service/teammates_service.go:133.2,134.28 2 0
levelup/go-api/internal/service/teammates_service.go:134.28,136.28 2 0
levelup/go-api/internal/service/teammates_service.go:136.28,138.4 1 0
levelup/go-api/internal/service/teammates_service.go:139.3,139.68 1 0
levelup/go-api/internal/service/teammates_service.go:139.68,141.12 2 0
levelup/go-api/internal/service/teammates_service.go:143.3,143.69 1 0
levelup/go-api/internal/service/teammates_service.go:143.69,145.4 1 0
levelup/go-api/internal/service/teammates_service.go:147.2,147.17 1 0
levelup/go-api/internal/service/teammates_service.go:151.81,153.25 2 0
levelup/go-api/internal/service/teammates_service.go:153.25,160.3 2 0
levelup/go-api/internal/service/teammates_service.go:161.2,161.13 1 0
levelup/go-api/internal/service/teammates_service.go:170.56,174.28 3 0
levelup/go-api/internal/service/teammates_service.go:174.28,175.29 1 0
levelup/go-api/internal/service/teammates_service.go:175.29,178.9 3 0
levelup/go-api/internal/service/teammates_service.go:181.2,181.24 1 0
levelup/go-api/internal/service/teammates_service.go:181.24,183.3 1 0
levelup/go-api/internal/service/teammates_service.go:186.2,187.16 2 0
levelup/go-api/internal/service/teammates_service.go:187.16,189.3 1 0
levelup/go-api/internal/service/teammates_service.go:191.2,195.33 3 0
levelup/go-api/internal/service/teammates_service.go:195.33,197.3 1 0
levelup/go-api/internal/service/teammates_service.go:198.2,202.27 4 0
levelup/go-api/internal/service/teammates_service.go:202.27,204.34 2 0
levelup/go-api/internal/service/teammates_service.go:204.34,205.28 1 0
levelup/go-api/internal/service/teammates_service.go:205.28,207.5 1 0
levelup/go-api/internal/service/teammates_service.go:209.3,209.16 1 0
levelup/go-api/internal/service/teammates_service.go:212.2,219.22 1 0
levelup/go-api/internal/service/teammates_service.go:223.86,225.12 2 0
levelup/go-api/internal/service/teammates_service.go:225.12,227.3 1 0
levelup/go-api/internal/service/teammates_service.go:228.2,232.28 5 0
levelup/go-api/internal/service/teammates_service.go:232.28,233.39 1 0
levelup/go-api/internal/service/teammates_service.go:233.39,235.4 1 0
levelup/go-api/internal/service/teammates_service.go:236.3,241.24 6 0
levelup/go-api/internal/service/teammates_service.go:241.24,244.4 2 0
levelup/go-api/internal/service/teammates_service.go:246.2,252.18 7 0
levelup/go-api/internal/service/teammates_service.go:252.18,255.3 2 0
levelup/go-api/internal/service/teammates_service.go:256.2,266.3 1 0
levelup/go-api/internal/service/teammates_service.go:273.23,275.28 2 0
levelup/go-api/internal/service/teammates_service.go:275.28,276.26 1 0
levelup/go-api/internal/service/teammates_service.go:276.26,278.4 1 0
levelup/go-api/internal/service/teammates_service.go:280.2,281.12 2 0
levelup/go-api/internal/service/teammates_service.go:281.12,283.3 1 0
levelup/go-api/internal/service/teammates_service.go:284.2,286.29 3 0
levelup/go-api/internal/service/teammates_service.go:286.29,287.39 1 0
levelup/go-api/internal/service/teammates_service.go:287.39,289.4 1 0
levelup/go-api/internal/service/teammates_service.go:290.3,291.26 2 0
levelup/go-api/internal/service/teammates_service.go:293.2,301.3 3 0
levelup/go-api/internal/service/teammates_service.go:305.84,307.28 2 0
levelup/go-api/internal/service/teammates_service.go:307.28,308.23 1 0
levelup/go-api/internal/service/teammates_service.go:308.23,310.4 1 0
levelup/go-api/internal/service/teammates_service.go:312.2,312.20 1 0
levelup/go-api/internal/service/teammates_service.go:312.20,314.3 1 0
levelup/go-api/internal/service/teammates_service.go:315.2,316.14 2 0
levelup/go-api/internal/service/teammates_service.go:319.36,320.12 1 0
levelup/go-api/internal/service/teammates_service.go:320.12,322.3 1 0
levelup/go-api/internal/service/teammates_service.go:323.2,323.22 1 0
levelup/go-api/internal/service/teammates_service.go:326.32,328.2 1 0
levelup/go-api/internal/service/teammates_service.go:331.83,334.28 3 0
levelup/go-api/internal/service/teammates_service.go:334.28,336.16 2 0
levelup/go-api/internal/service/teammates_service.go:336.16,338.4 1 0
levelup/go-api/internal/service/teammates_service.go:339.3,339.27 1 0
levelup/go-api/internal/service/teammates_service.go:339.27,341.4 1 0
levelup/go-api/internal/service/teammates_service.go:342.3,343.39 2 0
levelup/go-api/internal/service/teammates_service.go:343.39,345.4 1 0
levelup/go-api/internal/service/teammates_service.go:347.2,348.26 2 0
levelup/go-api/internal/service/teammates_service.go:348.26,354.3 1 0
levelup/go-api/internal/service/teammates_service.go:355.2,355.15 1 0
levelup/go-api/internal/service/teammates_service.go:359.86,361.28 2 0
levelup/go-api/internal/service/teammates_service.go:361.28,370.3 1 0
levelup/go-api/internal/service/teammates_service.go:371.2,371.15 1 0
levelup/go-api/internal/service/timeseries_service.go:30.73,32.2 1 0
levelup/go-api/internal/service/timeseries_service.go:38.42,40.16 2 0
levelup/go-api/internal/service/timeseries_service.go:40.16,43.3 2 0
levelup/go-api/internal/service/timeseries_service.go:45.2,61.18 4 0
levelup/go-api/internal/service/timeseries_service.go:68.92,71.12 3 0
levelup/go-api/internal/service/timeseries_service.go:71.12,73.3 1 0
levelup/go-api/internal/service/timeseries_service.go:75.2,77.28 3 0
levelup/go-api/internal/service/timeseries_service.go:77.28,78.60 1 0
levelup/go-api/internal/service/timeseries_service.go:78.60,80.4 1 0
levelup/go-api/internal/service/timeseries_service.go:81.3,83.24 3 0
levelup/go-api/internal/service/timeseries_service.go:83.24,86.4 2 0
levelup/go-api/internal/service/timeseries_service.go:89.2,91.21 3 0
levelup/go-api/internal/service/timeseries_service.go:91.21,93.3 1 0
levelup/go-api/internal/service/timeseries_service.go:95.2,102.14 2 0
levelup/go-api/internal/service/timeseries_service.go:102.14,107.3 2 0
levelup/go-api/internal/service/timeseries_service.go:109.2,109.53 1 0
levelup/go-api/internal/service/timeseries_service.go:116.78,118.12 2 0
levelup/go-api/internal/service/timeseries_service.go:118.12,120.3 1 0
levelup/go-api/internal/service/timeseries_service.go:122.2,129.28 6 0
levelup/go-api/internal/service/timeseries_service.go:129.28,134.22 4 0
levelup/go-api/internal/service/timeseries_service.go:134.22,136.4 1 0
levelup/go-api/internal/service/timeseries_service.go:137.3,149.16 6 0
levelup/go-api/internal/service/timeseries_service.go:149.16,151.4 1 0
levelup/go-api/internal/service/timeseries_service.go:152.3,153.31 2 0
levelup/go-api/internal/service/timeseries_service.go:153.31,156.4 2 0
levelup/go-api/internal/service/timeseries_service.go:157.3,158.13 2 0
levelup/go-api/internal/service/timeseries_service.go:158.13,160.4 1 0
levelup/go-api/internal/service/timeseries_service.go:161.3,163.5 1 0
levelup/go-api/internal/service/timeseries_service.go:166.2,170.3 1 0
levelup/go-api/internal/service/timeseries_service.go:177.86,185.28 5 0
levelup/go-api/internal/service/timeseries_service.go:185.28,187.19 2 0
levelup/go-api/internal/service/timeseries_service.go:187.19,189.4 1 0
levelup/go-api/internal/service/timeseries_service.go:190.3,190.13 1 0
levelup/go-api/internal/service/timeseries_service.go:190.13,192.4 1 0
levelup/go-api/internal/service/timeseries_service.go:192.9,194.4 1 0
levelup/go-api/internal/service/timeseries_service.go:195.3,198.5 1 0
levelup/go-api/internal/service/timeseries_service.go:201.2,204.3 1 0
levelup/go-api/internal/service/timeseries_service.go:208.94,212.21 3 0
levelup/go-api/internal/service/timeseries_service.go:212.21,214.3 1 0
levelup/go-api/internal/service/timeseries_service.go:217.2,219.28 3 0
levelup/go-api/internal/service/timeseries_service.go:219.28,221.19 2 0
levelup/go-api/internal/service/timeseries_service.go:221.19,223.4 1 0
levelup/go-api/internal/service/timeseries_service.go:224.3,229.10 6 0
levelup/go-api/internal/service/timeseries_service.go:232.2,232.25 1 0
levelup/go-api/internal/service/timeseries_service.go:232.25,234.3 1 0
levelup/go-api/internal/service/timeseries_service.go:236.2,238.16 3 0
levelup/go-api/internal/service/timeseries_service.go:238.16,240.3 1 0
levelup/go-api/internal/service/timeseries_service.go:242.2,248.28 5 0
levelup/go-api/internal/service/timeseries_service.go:248.28,250.19 2 0
levelup/go-api/internal/service/timeseries_service.go:250.19,252.4 1 0
levelup/go-api/internal/service/timeseries_service.go:253.3,255.39 3 0
levelup/go-api/internal/service/timeseries_service.go:258.2,259.15 2 0
levelup/go-api/internal/service/timeseries_service.go:259.15,262.3 2 0
levelup/go-api/internal/service/timeseries_service.go:264.2,268.29 3 0
levelup/go-api/internal/service/timeseries_service.go:268.29,271.3 2 0
levelup/go-api/internal/service/timeseries_service.go:271.8,271.22 1 0
levelup/go-api/internal/service/timeseries_service.go:271.22,274.3 2 0
levelup/go-api/internal/service/timeseries_service.go:274.8,277.3 2 0
levelup/go-api/internal/service/timeseries_service.go:279.2,284.3 1 0
levelup/go-api/internal/service/timeseries_service.go:292.86,293.23 1 0
levelup/go-api/internal/service/timeseries_service.go:293.23,298.3 1 0
levelup/go-api/internal/service/timeseries_service.go:301.2,308.28 4 0
levelup/go-api/internal/service/timeseries_service.go:308.28,315.10 6 0
levelup/go-api/internal/service/timeseries_service.go:315.10,318.4 2 0
levelup/go-api/internal/service/timeseries_service.go:319.3,325.87 5 0
levelup/go-api/internal/service/timeseries_service.go:325.87,327.4 1 0
levelup/go-api/internal/service/timeseries_service.go:328.3,331.5 1 0
levelup/go-api/internal/service/timeseries_service.go:334.2,335.30 2 0
levelup/go-api/internal/service/timeseries_service.go:335.30,337.19 2 0
levelup/go-api/internal/service/timeseries_service.go:337.19,339.4 1 0
levelup/go-api/internal/service/timeseries_service.go:340.3,345.5 1 0
levelup/go-api/internal/service/timeseries_service.go:348.2,351.3 1 0
levelup/go-api/internal/service/timeseries_service.go:359.94,360.23 1 0
levelup/go-api/internal/service/timeseries_service.go:360.23,370.3 1 0
levelup/go-api/internal/service/timeseries_service.go:372.2,380.3 1 0
levelup/go-api/internal/service/timeseries_service.go:384.82,392.28 4 0
levelup/go-api/internal/service/timeseries_service.go:392.28,394.19 2 0
levelup/go-api/internal/service/timeseries_service.go:394.19,396.4 1 0
levelup/go-api/internal/service/timeseries_service.go:397.3,398.21 2 0
levelup/go-api/internal/service/timeseries_service.go:398.21,400.4 1 0
levelup/go-api/internal/service/timeseries_service.go:401.3,401.16 1 0
levelup/go-api/internal/service/timeseries_service.go:404.2,405.27 2 0
levelup/go-api/internal/service/timeseries_service.go:405.27,406.13 1 0
levelup/go-api/internal/service/timeseries_service.go:406.13,407.12 1 0
levelup/go-api/internal/service/timeseries_service.go:409.3,411.19 3 0
levelup/go-api/internal/service/timeseries_service.go:411.19,413.4 1 0
levelup/go-api/internal/service/timeseries_service.go:414.3,418.5 1 0
levelup/go-api/internal/service/timeseries_service.go:420.2,420.16 1 0
levelup/go-api/internal/service/timeseries_service.go:424.84,427.28 3 0
levelup/go-api/internal/service/timeseries_service.go:427.28,428.25 1 0
levelup/go-api/internal/service/timeseries_service.go:428.25,430.4 1 0
levelup/go-api/internal/service/timeseries_service.go:432.2,435.28 3 0
levelup/go-api/internal/service/timeseries_service.go:435.28,437.20 2 0
levelup/go-api/internal/service/timeseries_service.go:437.20,439.4 1 0
levelup/go-api/internal/service/timeseries_service.go:440.3,440.16 1 0
levelup/go-api/internal/service/timeseries_service.go:443.2,444.27 2 0
levelup/go-api/internal/service/timeseries_service.go:444.27,445.13 1 0
levelup/go-api/internal/service/timeseries_service.go:445.13,446.12 1 0
levelup/go-api/internal/service/timeseries_service.go:448.3,454.5 3 0
levelup/go-api/internal/service/timeseries_service.go:456.2,456.16 1 0
levelup/go-api/internal/service/timeseries_service.go:460.90,462.28 2 0
levelup/go-api/internal/service/timeseries_service.go:462.28,464.19 2 0
levelup/go-api/internal/service/timeseries_service.go:464.19,466.4 1 0
levelup/go-api/internal/service/timeseries_service.go:468.3,469.61 2 0
levelup/go-api/internal/service/timeseries_service.go:469.61,471.4 1 0
levelup/go-api/internal/service/timeseries_service.go:474.3,482.40 3 0
levelup/go-api/internal/service/timeseries_service.go:482.40,486.4 1 0
levelup/go-api/internal/service/timeseries_service.go:488.3,496.44 3 0
levelup/go-api/internal/service/timeseries_service.go:496.44,500.4 1 0
levelup/go-api/internal/service/timeseries_service.go:502.2,502.15 1 0
levelup/go-api/internal/service/timeseries_service.go:510.81,512.28 2 0
levelup/go-api/internal/service/timeseries_service.go:512.28,530.3 1 0
levelup/go-api/internal/service/timeseries_service.go:531.2,531.13 1 0
levelup/go-api/internal/service/timeseries_service.go:539.87,543.28 3 0
levelup/go-api/internal/service/timeseries_service.go:543.28,544.24 1 0
levelup/go-api/internal/service/timeseries_service.go:544.24,545.12 1 0
levelup/go-api/internal/service/timeseries_service.go:547.3,549.25 3 0
levelup/go-api/internal/service/timeseries_service.go:549.25,551.4 1 0
levelup/go-api/internal/service/timeseries_service.go:552.3,552.16 1 0
levelup/go-api/internal/service/timeseries_service.go:555.2,556.27 2 0
levelup/go-api/internal/service/timeseries_service.go:556.27,557.13 1 0
levelup/go-api/internal/service/timeseries_service.go:557.13,558.12 1 0
levelup/go-api/internal/service/timeseries_service.go:560.3,563.5 2 0
levelup/go-api/internal/service/timeseries_service.go:565.2,565.16 1 0
levelup/go-api/internal/service/timeseries_service.go:569.90,573.28 3 0
levelup/go-api/internal/service/timeseries_service.go:573.28,574.88 1 0
levelup/go-api/internal/service/timeseries_service.go:574.88,575.12 1 0
levelup/go-api/internal/service/timeseries_service.go:577.3,579.16 3 0
levelup/go-api/internal/service/timeseries_service.go:582.2,583.29 2 0
levelup/go-api/internal/service/timeseries_service.go:583.29,588.3 2 0
levelup/go-api/internal/service/timeseries_service.go:589.2,589.42 1 0
levelup/go-api/internal/service/timeseries_service.go:589.42,589.94 1 0
levelup/go-api/internal/service/timeseries_service.go:590.2,590.16 1 0
levelup/go-api/internal/service/timeseries_service.go:594.88,601.25 3 0
levelup/go-api/internal/service/timeseries_service.go:601.25,603.16 2 0
levelup/go-api/internal/service/timeseries_service.go:603.16,605.4 1 0
levelup/go-api/internal/service/timeseries_service.go:606.3,607.31 2 0
levelup/go-api/internal/service/timeseries_service.go:607.31,608.79 1 0
levelup/go-api/internal/service/timeseries_service.go:608.79,610.5 1 0
levelup/go-api/internal/service/timeseries_service.go:612.3,615.25 4 0
levelup/go-api/internal/service/timeseries_service.go:615.25,617.4 1 0
levelup/go-api/internal/service/timeseries_service.go:618.3,618.16 1 0
levelup/go-api/internal/service/timeseries_service.go:621.2,622.27 2 0
levelup/go-api/internal/service/timeseries_service.go:622.27,623.13 1 0
levelup/go-api/internal/service/timeseries_service.go:623.13,624.12 1 0
levelup/go-api/internal/service/timeseries_service.go:626.3,629.5 2 0
levelup/go-api/internal/service/timeseries_service.go:631.2,631.16 1 0
