# hexdump payload KEYFRAME type-2 de 000d5950 (chunk_02 inflate)
# taille payload = 142695 octets ; format : OFFSET_HEX: 16 octets hex
00000000: a0 00 00 00 00 00 00 0b 7f ff ff ff 98 00 00 00
00000010: 00 60 00 00 00 67 ab d4 2a 01 00 00 00 04 00 00
00000020: 00 89 00 00 00 04 c0 00 00 00 00 00 00 01 9a 00
00000030: 00 20 0f ff ff ff ff c0 00 00 00 00 00 00 00 00
00000040: 00 00 00 00 00 0f ff ff ff f0 00 00 00 00 00 00
00000050: 00 00 00 00 00 0f ff ff ff f0 00 00 00 00 00 00
00000060: 00 00 00 00 00 0f ff ff ff f0 00 00 00 00 00 00
00000070: 00 00 00 00 00 0f ff ff ff f0 00 00 00 00 00 00
00000080: 00 00 00 00 00 0b ff ff ff fc 00 00 00 00 00 00
00000090: 00 00 00 00 00 03 ff ff ff ff ff ff ff fe 07 ff
000000a0: ff ff f8 1f ff ff ff f0 5f ff ff ff e0 ff ff ff
000000b0: ff c2 7f ff ff ff 85 ff ff ff ff 0d ff ff ff fe
000000c0: 1f ff ff ff fd ff ff ff ff 7f ff ff ff df ff ff
000000d0: ff f7 ff ff ff fd ff ff ff ff 7f ff ff ff df ff
000000e0: ff ff f7 ff ff ff fd ff ff ff ff 7f ff ff ff df
000000f0: ff ff ff f7 ff ff ff fd ff ff ff ff 7f ff ff ff
00000100: df ff ff ff f7 ff ff ff fd ff ff ff ff 7f ff ff
00000110: ff df ff ff ff f7 ff ff ff fd ff ff ff ff 7f ff
00000120: ff ff df ff ff ff f7 ff ff ff fd ff ff ff fe 00
00000130: 00 00 00 00 00 00 00 00 00 00 00 00 00 00 00 01
00000140: 24 92 49 24 92 49 24 92 49 24 92 49 ff ff ff ff
00000150: 7f ff ff ff ff ff ff ff df ff ff ff ff ff ff ff
00000160: f7 ff ff ff ff ff ff ff fd ff ff ff ff ff ff ff
00000170: ff 7f ff ff ff ff ff ff ff df ff ff ff ff ff ff
00000180: ff f7 ff ff ff ff ff ff ff fd ff ff ff ff ff ff
00000190: ff ff 7f ff ff ff ff ff ff ff df ff ff ff ff ff
000001a0: ff ff f7 ff ff ff ff ff ff ff fd ff ff ff ff ff
000001b0: ff ff ff 7f ff ff ff ff ff ff ff df ff ff ff ff
000001c0: ff ff ff f7 ff ff ff ff ff ff ff fd ff ff ff ff
000001d0: ff ff ff ff 7f ff ff ff ff ff ff ff df ff ff ff
000001e0: ff ff ff ff f7 ff ff ff ff ff ff ff fd ff ff ff
000001f0: ff ff ff ff ff 7f ff ff ff ff ff ff ff df ff ff
00000200: ff ff ff ff ff f7 ff ff ff ff ff ff ff fd ff ff
00000210: ff ff ff ff ff ff 7f ff ff ff ff ff ff ff df ff
00000220: ff ff ff ff ff ff f7 ff ff ff ff ff ff ff fd ff
00000230: ff ff ff ff ff ff ff 7f ff ff ff ff ff ff ff df
00000240: ff ff ff ff ff ff ff f7 ff ff ff ff ff ff ff fd
00000250: ff ff ff ff ff ff ff fe 00 40 00 00 02 00 00 00
00000260: 02 ff ff ff ff 30 00 00 00 00 00 00 00 a9 80 30
00000270: 1b ff fc 0c 0c 48 d1 59 e0 00 00 00 00 00 00 00
00000280: 00 80 05 1f 05 1f 08 0a 40 0a 40 40 00 00 00 02
00000290: 03 e8 0f f9 00 00 04 01 00 00 04 01 00 00 02 01
000002a0: 00 00 02 01 00 00 01 01 00 00 01 01 00 00 00 81
000002b0: 00 00 00 81 00 00 00 41 00 00 00 41 00 00 00 21
000002c0: 00 00 00 21 00 00 00 11 00 00 00 11 00 00 00 09
000002d0: 00 00 00 09 00 00 07 f9 00 00 07 f9 00 00 07 ff
000002e0: ff ff ff ff ff ff ff ff ff ff ff ff ff ff f8 00
000002f0: 00 00 04 c0 14 00 00 00 3e 00 01 00 00 80 00 40
00000300: 00 00 00 00 00 00 00 00 00 e0 00 00 00 00 c0 00
00000310: 00 00 01 00 02 40 00 00 03 00 00 00 06 00 00 00
00000320: 00 30 00 00 00 00 40 00 00 07 b6 00 00 00 00 00
00000330: 00 00 00 00 00 00 00 00 00 00 00 40 00 00 00 00
00000340: 00 00 00 00 20 00 00 00 00 00 00 00 00 04 00 00
00000350: 00 00 00 00 00 00 00 00 00 00 00 00 00 00 00 00
00000360: 00 00 00 00 00 00 01 00 00 00 00 00 00 00 00 00
00000370: 40 00 00 00 00 00 00 00 00 00 00 00 00 00 00 00
00000380: 00 00 00 00 00 00 00 00 00 00 00 00 00 00 00 00
00000390: 00 00 00 00 00 00 00 00 00 00 00 00 00 00 00 00
000003a0: 00 00 00 00 00 00 00 00 00 00 00 00 00 00 00 00
000003b0: 00 00 00 00 00 00 00 00 00 00 00 00 00 00 00 00
000003c0: 00 00 00 00 00 00 00 00 00 00 00 00 00 00 00 00
000003d0: 00 00 00 00 00 00 00 00 00 00 00 00 00 00 00 00
000003e0: 00 00 00 00 00 00 00 00 00 00 00 00 00 00 00 00
000003f0: 00 00 00 00 00 00 00 00 00 00 00 00 00 00 00 00
00000400: 00 00 00 00 00 00 00 00 00 00 00 00 00 00 00 00
00000410: 00 00 00 00 00 00 00 00 00 0f ff f0 00 00 14 00
00000420: 00 00 40 00 00 00 60 00 00 00 13 00 00 00 00 04
00000430: 04 00 00 7b 60 00 00 00 00 00 00 00 00 00 00 00
00000440: 00 00 00 00 04 00 00 00 00 00 00 00 00 02 00 00
00000450: 00 00 00 00 00 00 00 40 00 00 00 00 00 00 00 00
00000460: 00 00 00 00 00 00 00 00 00 00 00 00 00 00 00 00
00000470: 10 00 00 00 00 00 00 00 00 04 00 00 00 00 00 00
00000480: 00 00 00 00 00 00 00 00 00 00 00 00 00 00 00 00
00000490: 00 00 00 00 00 00 00 00 00 00 00 00 00 00 00 00
000004a0: 00 00 00 00 00 00 00 00 00 00 00 00 00 00 00 00
000004b0: 00 00 00 00 00 00 00 00 00 00 00 00 00 00 00 00
000004c0: 00 00 00 00 00 00 00 00 00 00 00 00 00 00 00 00
000004d0: 00 00 00 00 00 00 00 00 00 00 00 00 00 00 00 00
000004e0: 00 00 00 00 00 00 00 00 00 00 00 00 00 00 00 00
000004f0: 00 00 00 00 00 00 00 00 00 00 00 00 00 00 00 00
00000500: 00 00 00 00 00 00 00 00 00 00 00 00 00 00 00 00
00000510: 00 00 00 00 00 00 00 00 00 00 00 00 00 00 00 00
00000520: 00 00 00 ff ff 00 01 01 40 00 00 05 00 00 00 06
00000530: 00 00 00 02 30 00 00 00 00 40 80 00 07 b6 00 00
00000540: 00 00 00 00 00 00 00 00 00 00 00 00 00 00 40 00
00000550: 00 00 00 00 00 00 00 20 00 00 00 00 00 00 00 00
00000560: 04 00 00 00 00 00 00 00 00 00 00 00 00 00 00 00
00000570: 00 00 00 00 00 00 00 00 00 01 00 00 00 00 00 00
00000580: 00 00 00 40 00 00 00 00 00 00 00 00 00 00 00 00
00000590: 00 00 00 00 00 00 00 00 00 00 00 00 00 00 00 00
000005a0: 00 00 00 00 00 00 00 00 00 00 00 00 00 00 00 00
000005b0: 00 00 00 00 00 00 00 00 00 00 00 00 00 00 00 00
000005c0: 00 00 00 00 00 00 00 00 00 00 00 00 00 00 00 00
000005d0: 00 00 00 00 00 00 00 00 00 00 00 00 00 00 00 00
000005e0: 00 00 00 00 00 00 00 00 00 00 00 00 00 00 00 00
000005f0: 00 00 00 00 00 00 00 00 00 00 00 00 00 00 00 00
00000600: 00 00 00 00 00 00 00 00 00 00 00 00 00 00 00 00
00000610: 00 00 00 00 00 00 00 00 00 00 00 00 00 00 00 00
00000620: 00 00 00 00 00 00 00 00 00 00 00 00 00 00 00 00
00000630: 00 04 00 00 00 60 00 00 00 60 00 00 00 33 00 00
00000640: 00 00 04 0c 00 00 7b 60 00 00 00 00 00 00 00 00
00000650: 00 00 00 00 00 00 00 04 00 00 00 00 00 00 00 00
00000660: 02 00 00 00 00 00 00 00 00 00 40 00 00 00 00 00
00000670: 00 00 00 00 00 00 00 00 00 00 00 00 00 00 00 00
00000680: 00 00 00 10 00 00 00 00 00 00 00 00 04 00 00 00
00000690: 00 00 00 00 00 00 00 00 00 00 00 00 00 00 00 00
000006a0: 00 00 00 00 00 00 00 00 00 00 00 00 00 00 00 00
000006b0: 00 00 00 00 00 00 00 00 00 00 00 00 00 00 00 00
000006c0: 00 00 00 00 00 00 00 00 00 00 00 00 00 00 00 00
000006d0: 00 00 00 00 00 00 00 00 00 00 00 00 00 00 00 00
000006e0: 00 00 00 00 00 00 00 00 00 00 00 00 00 00 00 00
000006f0: 00 00 00 00 00 00 00 00 00 00 00 00 00 00 00 00
00000700: 00 00 00 00 00 00 00 00 00 00 00 00 00 00 00 00
00000710: 00 00 00 00 00 00 00 00 00 00 00 00 00 00 00 00
00000720: 00 00 00 00 00 00 00 00 00 00 00 00 00 00 00 00
00000730: 00 00 00 00 00 00 00 01 00 01 00 40 00 00 07 00
00000740: 00 00 06 00 00 00 04 30 00 00 00 00 41 00 00 07
00000750: b6 00 00 00 00 00 00 00 00 00 00 00 00 00 00 00
00000760: 00 40 00 00 00 00 00 00 00 00 20 00 00 00 00 00
00000770: 00 00 00 04 00 00 00 00 00 00 00 00 00 00 00 00
00000780: 00 00 00 00 00 00 00 00 00 00 00 00 01 00 00 00
00000790: 00 00 00 00 00 00 40 00 00 00 00 00 00 00 00 00
000007a0: 00 00 00 00 00 00 00 00 00 00 00 00 00 00 00 00
000007b0: 00 00 00 00 00 00 00 00 00 00 00 00 00 00 00 00
000007c0: 00 00 00 00 00 00 00 00 00 00 00 00 00 00 00 00
000007d0: 00 00 00 00 00 00 00 00 00 00 00 00 00 00 00 00
000007e0: 00 00 00 00 00 00 00 00 00 00 00 00 00 00 00 00
000007f0: 00 00 00 00 00 00 00 00 00 00 00 00 00 00 00 00
00000800: 00 00 00 00 00 00 00 00 00 00 00 00 00 00 00 00
00000810: 00 00 00 00 00 00 00 00 00 00 00 00 00 00 00 00
00000820: 00 00 00 00 00 00 00 00 00 00 00 00 00 00 00 00
00000830: 00 00 00 00 00 00 00 00 00 00 00 00 00 00 00 00
00000840: 00 20 00 00 04 00 00 00 80 00 00 00 60 00 00 00
00000850: 53 00 00 00 00 04 14 00 00 7b 60 00 00 00 00 00
00000860: 00 00 00 00 00 00 00 00 00 00 04 00 00 00 00 00
00000870: 00 00 00 02 00 00 00 00 00 00 00 00 00 40 00 00
00000880: 00 00 00 00 00 00 00 00 00 00 00 00 00 00 00 00
00000890: 00 00 00 00 00 00 10 00 00 00 00 00 00 00 00 04
000008a0: 00 00 00 00 00 00 00 00 00 00 00 00 00 00 00 00
000008b0: 00 00 00 00 00 00 00 00 00 00 00 00 00 00 00 00
000008c0: 00 00 00 00 00 00 00 00 00 00 00 00 00 00 00 00
000008d0: 00 00 00 00 00 00 00 00 00 00 00 00 00 00 00 00
000008e0: 00 00 00 00 00 00 00 00 00 00 00 00 00 00 00 00
000008f0: 00 00 00 00 00 00 00 00 00 00 00 00 00 00 00 00
00000900: 00 00 00 00 00 00 00 00 00 00 00 00 00 00 00 00
00000910: 00 00 00 00 00 00 00 00 00 00 00 00 00 00 00 00
00000920: 00 00 00 00 00 00 00 00 00 00 00 00 00 00 00 00
00000930: 00 00 00 00 00 00 00 00 00 00 00 00 00 00 00 00
00000940: 00 00 00 00 00 00 00 00 00 00 03 00 00 00 40 00
00000950: 00 09 00 00 00 06 00 00 00 06 30 00 00 00 00 41
00000960: 80 00 07 b6 00 00 00 00 00 00 00 00 00 00 00 00
00000970: 00 00 00 00 40 00 00 00 00 00 00 00 00 20 00 00
00000980: 00 00 00 00 00 00 04 00 00 00 00 00 00 00 00 00
00000990: 00 00 00 00 00 00 00 00 00 00 00 00 00 00 00 01
000009a0: 00 00 00 00 00 00 00 00 00 40 00 00 00 00 00 00
000009b0: 00 00 00 00 00 00 00 00 00 00 00 00 00 00 00 00
000009c0: 00 00 00 00 00 00 00 00 00 00 00 00 00 00 00 00
000009d0: 00 00 00 00 00 00 00 00 00 00 00 00 00 00 00 00
000009e0: 00 00 00 00 00 00 00 00 00 00 00 00 00 00 00 00
000009f0: 00 00 00 00 00 00 00 00 00 00 00 00 00 00 00 00
00000a00: 00 00 00 00 00 00 00 00 00 00 00 00 00 00 00 00
00000a10: 00 00 00 00 00 00 00 00 00 00 00 00 00 00 00 00
00000a20: 00 00 00 00 00 00 00 00 00 00 00 00 00 00 00 00
00000a30: 00 00 00 00 00 00 00 00 00 00 00 00 00 00 00 00
00000a40: 00 00 00 00 00 00 00 00 00 00 00 00 00 00 00 00
00000a50: 00 00 00 00 40 00 10 04 00 00 00 a0 00 00 00 60
00000a60: 00 00 00 73 00 00 00 00 04 1c 00 00 7b 60 00 00
00000a70: 00 00 00 00 00 00 00 00 00 00 00 00 00 04 00 00
00000a80: 00 00 00 00 00 00 02 00 00 00 00 00 00 00 00 00
00000a90: 40 00 00 00 00 00 00 00 00 00 00 00 00 00 00 00
00000aa0: 00 00 00 00 00 00 00 00 00 10 00 00 00 00 00 00
00000ab0: 00 00 04 00 00 00 00 00 00 00 00 00 00 00 00 00
00000ac0: 00 00 00 00 00 00 00 00 00 00 00 00 00 00 00 00
00000ad0: 00 00 00 00 00 00 00 00 00 00 00 00 00 00 00 00
00000ae0: 00 00 00 00 00 00 00 00 00 00 00 00 00 00 00 00
00000af0: 00 00 00 00 00 00 00 00 00 00 00 00 00 00 00 00
00000b00: 00 00 00 00 00 00 00 00 00 00 00 00 00 00 00 00
00000b10: 00 00 00 00 00 00 00 00 00 00 00 00 00 00 00 00
00000b20: 00 00 00 00 00 00 00 00 00 00 00 00 00 00 00 00
00000b30: 00 00 00 00 00 00 00 00 00 00 00 00 00 00 00 00
00000b40: 00 00 00 00 00 00 00 00 00 00 00 00 00 00 00 00
00000b50: 00 00 00 00 00 00 00 00 00 00 00 00 00 05 00 01
00000b60: 00 40 00 00 0b 00 00 00 06 00 00 00 08 30 00 00
00000b70: 00 00 42 00 00 07 b6 00 00 00 00 00 00 00 00 00
00000b80: 00 00 00 00 00 00 00 40 00 00 00 00 00 00 00 00
00000b90: 20 00 00 00 00 00 00 00 00 04 00 00 00 00 00 00
00000ba0: 00 00 00 00 00 00 00 00 00 00 00 00 00 00 00 00
00000bb0: 00 00 01 00 00 00 00 00 00 00 00 00 40 00 00 00
00000bc0: 00 00 00 00 00 00 00 00 00 00 00 00 00 00 00 00
00000bd0: 00 00 00 00 00 00 00 00 00 00 00 00 00 00 00 00
00000be0: 00 00 00 00 00 00 00 00 00 00 00 00 00 00 00 00
00000bf0: 00 00 00 00 00 00 00 00 00 00 00 00 00 00 00 00
00000c00: 00 00 00 00 00 00 00 00 00 00 00 00 00 00 00 00
00000c10: 00 00 00 00 00 00 00 00 00 00 00 00 00 00 00 00
00000c20: 00 00 00 00 00 00 00 00 00 00 00 00 00 00 00 00
00000c30: 00 00 00 00 00 00 00 00 00 00 00 00 00 00 00 00
00000c40: 00 00 00 00 00 00 00 00 00 00 00 00 00 00 00 00
00000c50: 00 00 00 00 00 00 00 00 00 00 00 00 00 00 00 00
00000c60: 00 00 00 00 00 00 00 60 00 10 04 00 00 00 c0 00
00000c70: 00 00 60 00 00 00 93 00 00 00 00 04 24 00 00 7b
00000c80: 60 00 00 00 00 00 00 00 00 00 00 00 00 00 00 00
00000c90: 04 00 00 00 00 00 00 00 00 02 00 00 00 00 00 00
00000ca0: 00 00 00 40 00 00 00 00 00 00 00 00 00 00 00 00
00000cb0: 00 00 00 00 00 00 00 00 00 00 00 00 10 00 00 00
00000cc0: 00 00 00 00 00 04 00 00 00 00 00 00 00 00 00 00
00000cd0: 00 00 00 00 00 00 00 00 00 00 00 00 00 00 00 00
00000ce0: 00 00 00 00 00 00 00 00 00 00 00 00 00 00 00 00
00000cf0: 00 00 00 00 00 00 00 00 00 00 00 00 00 00 00 00
00000d00: 00 00 00 00 00 00 00 00 00 00 00 00 00 00 00 00
00000d10: 00 00 00 00 00 00 00 00 00 00 00 00 00 00 00 00
00000d20: 00 00 00 00 00 00 00 00 00 00 00 00 00 00 00 00
00000d30: 00 00 00 00 00 00 00 00 00 00 00 00 00 00 00 00
00000d40: 00 00 00 00 00 00 00 00 00 00 00 00 00 00 00 00
00000d50: 00 00 00 00 00 00 00 00 00 00 00 00 00 00 00 00
00000d60: 00 00 00 00 00 00 00 00 00 00 00 00 00 00 00 00
00000d70: 07 00 00 00 40 00 00 0d 00 00 00 06 00 00 00 0a
00000d80: 30 00 00 00 00 42 80 00 07 b6 00 00 00 00 00 00
00000d90: 00 00 00 00 00 00 00 00 00 00 40 00 00 00 00 00
00000da0: 00 00 00 20 00 00 00 00 00 00 00 00 04 00 00 00
00000db0: 00 00 00 00 00 00 00 00 00 00 00 00 00 00 00 00
00000dc0: 00 00 00 00 00 01 00 00 00 00 00 00 00 00 00 40
00000dd0: 00 00 00 00 00 00 00 00 00 00 00 00 00 00 00 00
00000de0: 00 00 00 00 00 00 00 00 00 00 00 00 00 00 00 00
00000df0: 00 00 00 00 00 00 00 00 00 00 00 00 00 00 00 00
00000e00: 00 00 00 00 00 00 00 00 00 00 00 00 00 00 00 00
00000e10: 00 00 00 00 00 00 00 00 00 00 00 00 00 00 00 00
00000e20: 00 00 00 00 00 00 00 00 00 00 00 00 00 00 00 00
00000e30: 00 00 00 00 00 00 00 00 00 00 00 00 00 00 00 00
00000e40: 00 00 00 00 00 00 00 00 00 00 00 00 00 00 00 00
00000e50: 00 00 00 00 00 00 00 00 00 00 00 00 00 00 00 00
00000e60: 00 00 00 00 00 00 00 00 00 00 00 00 00 00 00 00
00000e70: 00 00 00 00 00 00 00 00 0f ff ff ff ff f4 00 00
00000e80: 00 e0 00 00 00 60 00 00 00 b3 00 00 00 00 04 2c
00000e90: 00 00 7b 60 00 00 00 00 00 00 00 00 00 00 00 00
00000ea0: 00 00 00 04 00 00 00 00 00 00 00 00 02 00 00 00
00000eb0: 00 00 00 00 00 00 40 00 00 00 00 00 00 00 00 00
00000ec0: 00 00 00 00 00 00 00 00 00 00 00 00 00 00 00 10
00000ed0: 00 00 00 00 00 00 00 00 04 00 00 00 00 00 00 00
00000ee0: 00 00 00 00 00 00 00 00 00 00 00 00 00 00 00 00
00000ef0: 00 00 00 00 00 00 00 00 00 00 00 00 00 00 00 00
00000f00: 00 00 00 00 00 00 00 00 00 00 00 00 00 00 00 00
00000f10: 00 00 00 00 00 00 00 00 00 00 00 00 00 00 00 00
00000f20: 00 00 00 00 00 00 00 00 00 00 00 00 00 00 00 00
00000f30: 00 00 00 00 00 00 00 00 00 00 00 00 00 00 00 00
00000f40: 00 00 00 00 00 00 00 00 00 00 00 00 00 00 00 00
00000f50: 00 00 00 00 00 00 00 00 00 00 00 00 00 00 00 00
00000f60: 00 00 00 00 00 00 00 00 00 00 00 00 00 00 00 00
00000f70: 00 00 00 00 00 00 00 00 00 00 00 00 00 00 00 00
00000f80: 00 00 ff ff ff ff ff 40 00 00 0f 00 00 00 06 00
00000f90: 00 00 0c 30 00 00 00 00 43 00 00 07 b6 00 00 00
00000fa0: 00 00 00 00 00 00 00 00 00 00 00 00 00 40 00 00
00000fb0: 00 00 00 00 00 00 20 00 00 00 00 00 00 00 00 04
00000fc0: 00 00 00 00 00 00 00 00 00 00 00 00 00 00 00 00
00000fd0: 00 00 00 00 00 00 00 00 01 00 00 00 00 00 00 00
00000fe0: 00 00 40 00 00 00 00 00 00 00 00 00 00 00 00 00
00000ff0: 00 00 00 00 00 00 00 00 00 00 00 00 00 00 00 00
00001000: 00 00 00 00 00 00 00 00 00 00 00 00 00 00 00 00
00001010: 00 00 00 00 00 00 00 00 00 00 00 00 00 00 00 00
00001020: 00 00 00 00 00 00 00 00 00 00 00 00 00 00 00 00
00001030: 00 00 00 00 00 00 00 00 00 00 00 00 00 00 00 00
00001040: 00 00 00 00 00 00 00 00 00 00 00 00 00 00 00 00
00001050: 00 00 00 00 00 00 00 00 00 00 00 00 00 00 00 00
00001060: 00 00 00 00 00 00 00 00 00 00 00 00 00 00 00 00
00001070: 00 00 00 00 00 00 00 00 00 00 00 00 00 00 00 00
00001080: 00 00 00 00 00 00 00 00 00 00 00 0f ff ff ff ff
00001090: f4 00 00 01 00 00 00 00 60 00 00 00 d3 00 00 00
000010a0: 00 04 34 00 00 7b 60 00 00 00 00 00 00 00 00 00
000010b0: 00 00 00 00 00 00 04 00 00 00 00 00 00 00 00 02
000010c0: 00 00 00 00 00 00 00 00 00 40 00 00 00 00 00 00
000010d0: 00 00 00 00 00 00 00 00 00 00 00 00 00 00 00 00
000010e0: 00 00 10 00 00 00 00 00 00 00 00 04 00 00 00 00
000010f0: 00 00 00 00 00 00 00 00 00 00 00 00 00 00 00 00
00001100: 00 00 00 00 00 00 00 00 00 00 00 00 00 00 00 00
00001110: 00 00 00 00 00 00 00 00 00 00 00 00 00 00 00 00
00001120: 00 00 00 00 00 00 00 00 00 00 00 00 00 00 00 00
00001130: 00 00 00 00 00 00 00 00 00 00 00 00 00 00 00 00
00001140: 00 00 00 00 00 00 00 00 00 00 00 00 00 00 00 00
00001150: 00 00 00 00 00 00 00 00 00 00 00 00 00 00 00 00
00001160: 00 00 00 00 00 00 00 00 00 00 00 00 00 00 00 00
00001170: 00 00 00 00 00 00 00 00 00 00 00 00 00 00 00 00
00001180: 00 00 00 00 00 00 00 00 00 00 00 00 00 00 00 00
00001190: 00 00 00 00 00 ff ff ff ff ff 40 00 00 11 00 00
000011a0: 00 06 00 00 00 0e 30 00 00 00 00 43 80 00 07 b6
000011b0: 00 00 00 00 00 00 00 00 00 00 00 00 00 00 00 00
000011c0: 40 00 00 00 00 00 00 00 00 20 00 00 00 00 00 00
000011d0: 00 00 04 00 00 00 00 00 00 00 00 00 00 00 00 00
000011e0: 00 00 00 00 00 00 00 00 00 00 00 01 00 00 00 00
000011f0: 00 00 00 00 00 40 00 00 00 00 00 00 00 00 00 00
00001200: 00 00 00 00 00 00 00 00 00 00 00 00 00 00 00 00
00001210: 00 00 00 00 00 00 00 00 00 00 00 00 00 00 00 00
00001220: 00 00 00 00 00 00 00 00 00 00 00 00 00 00 00 00
00001230: 00 00 00 00 00 00 00 00 00 00 00 00 00 00 00 00
00001240: 00 00 00 00 00 00 00 00 00 00 00 00 00 00 00 00
00001250: 00 00 00 00 00 00 00 00 00 00 00 00 00 00 00 00
00001260: 00 00 00 00 00 00 00 00 00 00 00 00 00 00 00 00
00001270: 00 00 00 00 00 00 00 00 00 00 00 00 00 00 00 00
00001280: 00 00 00 00 00 00 00 00 00 00 00 00 00 00 00 00
00001290: 00 00 00 00 00 00 00 00 00 00 00 00 00 00 0f ff
000012a0: ff ff ff f4 00 00 01 20 00 00 00 60 00 00 00 f3
000012b0: 00 00 00 00 04 3c 00 00 7b 60 00 00 00 00 00 00
000012c0: 00 00 00 00 00 00 00 00 00 04 00 00 00 00 00 00
000012d0: 00 00 02 00 00 00 00 00 00 00 00 00 40 00 00 00
000012e0: 00 00 00 00 00 00 00 00 00 00 00 00 00 00 00 00
000012f0: 00 00 00 00 00 10 00 00 00 00 00 00 00 00 04 00
00001300: 00 00 00 00 00 00 00 00 00 00 00 00 00 00 00 00
00001310: 00 00 00 00 00 00 00 00 00 00 00 00 00 00 00 00
00001320: 00 00 00 00 00 00 00 00 00 00 00 00 00 00 00 00
00001330: 00 00 00 00 00 00 00 00 00 00 00 00 00 00 00 00
00001340: 00 00 00 00 00 00 00 00 00 00 00 00 00 00 00 00
00001350: 00 00 00 00 00 00 00 00 00 00 00 00 00 00 00 00
00001360: 00 00 00 00 00 00 00 00 00 00 00 00 00 00 00 00
00001370: 00 00 00 00 00 00 00 00 00 00 00 00 00 00 00 00
00001380: 00 00 00 00 00 00 00 00 00 00 00 00 00 00 00 00
00001390: 00 00 00 00 00 00 00 00 00 00 00 00 00 00 00 00
000013a0: 00 00 00 00 00 00 00 00 ff ff ff ff ff 40 00 00
000013b0: 13 00 00 00 06 00 00 00 10 30 00 00 00 00 44 00
000013c0: 00 07 b6 00 00 00 00 00 00 00 00 00 00 00 00 00
000013d0: 00 00 00 40 00 00 00 00 00 00 00 00 20 00 00 00
000013e0: 00 00 00 00 00 04 00 00 00 00 00 00 00 00 00 00
000013f0: 00 00 00 00 00 00 00 00 00 00 00 00 00 00 01 00
00001400: 00 00 00 00 00 00 00 00 40 00 00 00 00 00 00 00
00001410: 00 00 00 00 00 00 00 00 00 00 00 00 00 00 00 00
00001420: 00 00 00 00 00 00 00 00 00 00 00 00 00 00 00 00
00001430: 00 00 00 00 00 00 00 00 00 00 00 00 00 00 00 00
00001440: 00 00 00 00 00 00 00 00 00 00 00 00 00 00 00 00
00001450: 00 00 00 00 00 00 00 00 00 00 00 00 00 00 00 00
00001460: 00 00 00 00 00 00 00 00 00 00 00 00 00 00 00 00
00001470: 00 00 00 00 00 00 00 00 00 00 00 00 00 00 00 00
00001480: 00 00 00 00 00 00 00 00 00 00 00 00 00 00 00 00
00001490: 00 00 00 00 00 00 00 00 00 00 00 00 00 00 00 00
000014a0: 00 00 00 00 00 00 00 00 00 00 00 00 00 00 00 00
000014b0: 00 0f ff ff ff ff f4 00 00 01 40 00 00 00 60 00
000014c0: 00 01 13 00 00 00 00 04 44 00 00 7b 60 00 00 00
000014d0: 00 00 00 00 00 00 00 00 00 00 00 00 04 00 00 00
000014e0: 00 00 00 00 00 02 00 00 00 00 00 00 00 00 00 40
000014f0: 00 00 00 00 00 00 00 00 00 00 00 00 00 00 00 00
00001500: 00 00 00 00 00 00 00 00 10 00 00 00 00 00 00 00
00001510: 00 04 00 00 00 00 00 00 00 00 00 00 00 00 00 00
00001520: 00 00 00 00 00 00 00 00 00 00 00 00 00 00 00 00
00001530: 00 00 00 00 00 00 00 00 00 00 00 00 00 00 00 00
00001540: 00 00 00 00 00 00 00 00 00 00 00 00 00 00 00 00
00001550: 00 00 00 00 00 00 00 00 00 00 00 00 00 00 00 00
00001560: 00 00 00 00 00 00 00 00 00 00 00 00 00 00 00 00
00001570: 00 00 00 00 00 00 00 00 00 00 00 00 00 00 00 00
00001580: 00 00 00 00 00 00 00 00 00 00 00 00 00 00 00 00
00001590: 00 00 00 00 00 00 00 00 00 00 00 00 00 00 00 00
000015a0: 00 00 00 00 00 00 00 00 00 00 00 00 00 00 00 00
000015b0: 00 00 00 00 00 00 00 00 00 00 00 ff ff ff ff ff
000015c0: 40 00 00 15 00 00 00 06 00 00 00 12 30 00 00 00
000015d0: 00 44 80 00 07 b6 00 00 00 00 00 00 00 00 00 00
000015e0: 00 00 00 00 00 00 40 00 00 00 00 00 00 00 00 20
000015f0: 00 00 00 00 00 00 00 00 04 00 00 00 00 00 00 00
00001600: 00 00 00 00 00 00 00 00 00 00 00 00 00 00 00 00
00001610: 00 01 00 00 00 00 00 00 00 00 00 40 00 00 00 00
00001620: 00 00 00 00 00 00 00 00 00 00 00 00 00 00 00 00
00001630: 00 00 00 00 00 00 00 00 00 00 00 00 00 00 00 00
00001640: 00 00 00 00 00 00 00 00 00 00 00 00 00 00 00 00
00001650: 00 00 00 00 00 00 00 00 00 00 00 00 00 00 00 00
00001660: 00 00 00 00 00 00 00 00 00 00 00 00 00 00 00 00
00001670: 00 00 00 00 00 00 00 00 00 00 00 00 00 00 00 00
00001680: 00 00 00 00 00 00 00 00 00 00 00 00 00 00 00 00
00001690: 00 00 00 00 00 00 00 00 00 00 00 00 00 00 00 00
000016a0: 00 00 00 00 00 00 00 00 00 00 00 00 00 00 00 00
000016b0: 00 00 00 00 00 00 00 00 00 00 00 00 00 00 00 00
000016c0: 00 00 00 00 0f ff ff ff ff f4 00 00 01 60 00 00
000016d0: 00 60 00 00 01 33 00 00 00 00 04 4c 00 00 7b 60
000016e0: 00 00 00 00 00 00 00 00 00 00 00 00 00 00 00 04
000016f0: 00 00 00 00 00 00 00 00 02 00 00 00 00 00 00 00
00001700: 00 00 40 00 00 00 00 00 00 00 00 00 00 00 00 00
00001710: 00 00 00 00 00 00 00 00 00 00 00 10 00 00 00 00
00001720: 00 00 00 00 04 00 00 00 00 00 00 00 00 00 00 00
00001730: 00 00 00 00 00 00 00 00 00 00 00 00 00 00 00 00
00001740: 00 00 00 00 00 00 00 00 00 00 00 00 00 00 00 00
00001750: 00 00 00 00 00 00 00 00 00 00 00 00 00 00 00 00
00001760: 00 00 00 00 00 00 00 00 00 00 00 00 00 00 00 00
00001770: 00 00 00 00 00 00 00 00 00 00 00 00 00 00 00 00
00001780: 00 00 00 00 00 00 00 00 00 00 00 00 00 00 00 00
00001790: 00 00 00 00 00 00 00 00 00 00 00 00 00 00 00 00
000017a0: 00 00 00 00 00 00 00 00 00 00 00 00 00 00 00 00
000017b0: 00 00 00 00 00 00 00 00 00 00 00 00 00 00 00 00
000017c0: 00 00 00 00 00 00 00 00 00 00 00 00 00 00 ff ff
000017d0: ff ff ff 40 00 00 17 00 00 00 06 00 00 00 14 30
000017e0: 00 00 00 00 45 00 00 07 b6 00 00 00 00 00 00 00
000017f0: 00 00 00 00 00 00 00 00 00 40 00 00 00 00 00 00
00001800: 00 00 20 00 00 00 00 00 00 00 00 04 00 00 00 00
00001810: 00 00 00 00 00 00 00 00 00 00 00 00 00 00 00 00
00001820: 00 00 00 00 01 00 00 00 00 00 00 00 00 00 40 00
00001830: 00 00 00 00 00 00 00 00 00 00 00 00 00 00 00 00
00001840: 00 00 00 00 00 00 00 00 00 00 00 00 00 00 00 00
00001850: 00 00 00 00 00 00 00 00 00 00 00 00 00 00 00 00
00001860: 00 00 00 00 00 00 00 00 00 00 00 00 00 00 00 00
00001870: 00 00 00 00 00 00 00 00 00 00 00 00 00 00 00 00
00001880: 00 00 00 00 00 00 00 00 00 00 00 00 00 00 00 00
00001890: 00 00 00 00 00 00 00 00 00 00 00 00 00 00 00 00
000018a0: 00 00 00 00 00 00 00 00 00 00 00 00 00 00 00 00
000018b0: 00 00 00 00 00 00 00 00 00 00 00 00 00 00 00 00
000018c0: 00 00 00 00 00 00 00 00 00 00 00 00 00 00 00 00
000018d0: 00 00 00 00 00 00 00 0f ff ff ff ff f4 00 00 01
000018e0: 80 00 00 00 60 00 00 01 53 00 00 00 00 04 54 00
000018f0: 00 7b 60 00 00 00 00 00 00 00 00 00 00 00 00 00
00001900: 00 00 04 00 00 00 00 00 00 00 00 02 00 00 00 00
00001910: 00 00 00 00 00 40 00 00 00 00 00 00 00 00 00 00
00001920: 00 00 00 00 00 00 00 00 00 00 00 00 00 00 10 00
00001930: 00 00 00 00 00 00 00 04 00 00 00 00 00 00 00 00
00001940: 00 00 00 00 00 00 00 00 00 00 00 00 00 00 00 00
00001950: 00 00 00 00 00 00 00 00 00 00 00 00 00 00 00 00
00001960: 00 00 00 00 00 00 00 00 00 00 00 00 00 00 00 00
00001970: 00 00 00 00 00 00 00 00 00 00 00 00 00 00 00 00
00001980: 00 00 00 00 00 00 00 00 00 00 00 00 00 00 00 00
00001990: 00 00 00 00 00 00 00 00 00 00 00 00 00 00 00 00
000019a0: 00 00 00 00 00 00 00 00 00 00 00 00 00 00 00 00
000019b0: 00 00 00 00 00 00 00 00 00 00 00 00 00 00 00 00
000019c0: 00 00 00 00 00 00 00 00 00 00 00 00 00 00 00 00
000019d0: 00 00 00 00 00 00 00 00 00 00 00 00 00 00 00 00
000019e0: 00 ff ff ff ff ff 40 00 00 19 00 00 00 06 00 00
000019f0: 00 16 30 00 00 00 00 45 80 00 07 b6 00 00 00 00
00001a00: 00 00 00 00 00 00 00 00 00 00 00 00 40 00 00 00
00001a10: 00 00 00 00 00 20 00 00 00 00 00 00 00 00 04 00
00001a20: 00 00 00 00 00 00 00 00 00 00 00 00 00 00 00 00
00001a30: 00 00 00 00 00 00 00 01 00 00 00 00 00 00 00 00
00001a40: 00 40 00 00 00 00 00 00 00 00 00 00 00 00 00 00
00001a50: 00 00 00 00 00 00 00 00 00 00 00 00 00 00 00 00
00001a60: 00 00 00 00 00 00 00 00 00 00 00 00 00 00 00 00
00001a70: 00 00 00 00 00 00 00 00 00 00 00 00 00 00 00 00
00001a80: 00 00 00 00 00 00 00 00 00 00 00 00 00 00 00 00
00001a90: 00 00 00 00 00 00 00 00 00 00 00 00 00 00 00 00
00001aa0: 00 00 00 00 00 00 00 00 00 00 00 00 00 00 00 00
00001ab0: 00 00 00 00 00 00 00 00 00 00 00 00 00 00 00 00
00001ac0: 00 00 00 00 00 00 00 00 00 00 00 00 00 00 00 00
00001ad0: 00 00 00 00 00 00 00 00 00 00 00 00 00 00 00 00
00001ae0: 00 00 00 00 00 00 00 00 00 00 0f ff ff ff ff f4
00001af0: 00 00 01 a0 00 00 00 60 00 00 01 73 00 00 00 00
00001b00: 04 5c 00 00 7b 60 00 00 00 00 00 00 00 00 00 00
00001b10: 00 00 00 00 00 04 00 00 00 00 00 00 00 00 02 00
00001b20: 00 00 00 00 00 00 00 00 40 00 00 00 00 00 00 00
00001b30: 00 00 00 00 00 00 00 00 00 00 00 00 00 00 00 00
00001b40: 00 10 00 00 00 00 00 00 00 00 04 00 00 00 00 00
00001b50: 00 00 00 00 00 00 00 00 00 00 00 00 00 00 00 00
00001b60: 00 00 00 00 00 00 00 00 00 00 00 00 00 00 00 00
00001b70: 00 00 00 00 00 00 00 00 00 00 00 00 00 00 00 00
00001b80: 00 00 00 00 00 00 00 00 00 00 00 00 00 00 00 00
00001b90: 00 00 00 00 00 00 00 00 00 00 00 00 00 00 00 00
00001ba0: 00 00 00 00 00 00 00 00 00 00 00 00 00 00 00 00
00001bb0: 00 00 00 00 00 00 00 00 00 00 00 00 00 00 00 00
00001bc0: 00 00 00 00 00 00 00 00 00 00 00 00 00 00 00 00
00001bd0: 00 00 00 00 00 00 00 00 00 00 00 00 00 00 00 00
00001be0: 00 00 00 00 00 00 00 00 00 00 00 00 00 00 00 00
00001bf0: 00 00 00 00 ff ff ff ff ff 40 00 00 1b 00 00 00
00001c00: 06 00 00 00 18 30 00 00 00 00 46 00 00 07 b6 00
00001c10: 00 00 00 00 00 00 00 00 00 00 00 00 00 00 00 40
00001c20: 00 00 00 00 00 00 00 00 20 00 00 00 00 00 00 00
00001c30: 00 04 00 00 00 00 00 00 00 00 00 00 00 00 00 00
00001c40: 00 00 00 00 00 00 00 00 00 00 01 00 00 00 00 00
00001c50: 00 00 00 00 40 00 00 00 00 00 00 00 00 00 00 00
00001c60: 00 00 00 00 00 00 00 00 00 00 00 00 00 00 00 00
00001c70: 00 00 00 00 00 00 00 00 00 00 00 00 00 00 00 00
00001c80: 00 00 00 00 00 00 00 00 00 00 00 00 00 00 00 00
00001c90: 00 00 00 00 00 00 00 00 00 00 00 00 00 00 00 00
00001ca0: 00 00 00 00 00 00 00 00 00 00 00 00 00 00 00 00
00001cb0: 00 00 00 00 00 00 00 00 00 00 00 00 00 00 00 00
00001cc0: 00 00 00 00 00 00 00 00 00 00 00 00 00 00 00 00
00001cd0: 00 00 00 00 00 00 00 00 00 00 00 00 00 00 00 00
00001ce0: 00 00 00 00 00 00 00 00 00 00 00 00 00 00 00 00
00001cf0: 00 00 00 00 00 00 00 00 00 00 00 00 00 0f ff ff
00001d00: ff ff f4 00 00 01 c0 00 00 00 60 00 00 01 93 00
00001d10: 00 00 00 04 64 00 00 7b 60 00 00 00 00 00 00 00
00001d20: 00 00 00 00 00 00 00 00 04 00 00 00 00 00 00 00
00001d30: 00 02 00 00 00 00 00 00 00 00 00 40 00 00 00 00
00001d40: 00 00 00 00 00 00 00 00 00 00 00 00 00 00 00 00
00001d50: 00 00 00 00 10 00 00 00 00 00 00 00 00 04 00 00
00001d60: 00 00 00 00 00 00 00 00 00 00 00 00 00 00 00 00
00001d70: 00 00 00 00 00 00 00 00 00 00 00 00 00 00 00 00
00001d80: 00 00 00 00 00 00 00 00 00 00 00 00 00 00 00 00
00001d90: 00 00 00 00 00 00 00 00 00 00 00 00 00 00 00 00
00001da0: 00 00 00 00 00 00 00 00 00 00 00 00 00 00 00 00
00001db0: 00 00 00 00 00 00 00 00 00 00 00 00 00 00 00 00
00001dc0: 00 00 00 00 00 00 00 00 00 00 00 00 00 00 00 00
00001dd0: 00 00 00 00 00 00 00 00 00 00 00 00 00 00 00 00
00001de0: 00 00 00 00 00 00 00 00 00 00 00 00 00 00 00 00
00001df0: 00 00 00 00 00 00 00 00 00 00 00 00 00 00 00 00
00001e00: 00 00 00 00 00 00 00 ff ff ff ff ff 40 00 00 1d
00001e10: 00 00 00 06 00 00 00 1a 30 00 00 00 00 46 80 00
00001e20: 07 b6 00 00 00 00 00 00 00 00 00 00 00 00 00 00
00001e30: 00 00 40 00 00 00 00 00 00 00 00 20 00 00 00 00
00001e40: 00 00 00 00 04 00 00 00 00 00 00 00 00 00 00 00
00001e50: 00 00 00 00 00 00 00 00 00 00 00 00 00 01 00 00
00001e60: 00 00 00 00 00 00 00 40 00 00 00 00 00 00 00 00
00001e70: 00 00 00 00 00 00 00 00 00 00 00 00 00 00 00 00
00001e80: 00 00 00 00 00 00 00 00 00 00 00 00 00 00 00 00
00001e90: 00 00 00 00 00 00 00 00 00 00 00 00 00 00 00 00
00001ea0: 00 00 00 00 00 00 00 00 00 00 00 00 00 00 00 00
00001eb0: 00 00 00 00 00 00 00 00 00 00 00 00 00 00 00 00
00001ec0: 00 00 00 00 00 00 00 00 00 00 00 00 00 00 00 00
00001ed0: 00 00 00 00 00 00 00 00 00 00 00 00 00 00 00 00
00001ee0: 00 00 00 00 00 00 00 00 00 00 00 00 00 00 00 00
00001ef0: 00 00 00 00 00 00 00 00 00 00 00 00 00 00 00 00
00001f00: 00 00 00 00 00 00 00 00 00 00 00 00 00 00 00 00
00001f10: 0f ff ff ff ff f4 00 00 01 e0 00 00 00 60 00 00
00001f20: 01 b3 00 00 00 00 04 6c 00 00 7b 60 00 00 00 00
00001f30: 00 00 00 00 00 00 00 00 00 00 00 04 00 00 00 00
00001f40: 00 00 00 00 02 00 00 00 00 00 00 00 00 00 40 00
00001f50: 00 00 00 00 00 00 00 00 00 00 00 00 00 00 00 00
00001f60: 00 00 00 00 00 00 00 10 00 00 00 00 00 00 00 00
00001f70: 04 00 00 00 00 00 00 00 00 00 00 00 00 00 00 00
00001f80: 00 00 00 00 00 00 00 00 00 00 00 00 00 00 00 00
00001f90: 00 00 00 00 00 00 00 00 00 00 00 00 00 00 00 00
00001fa0: 00 00 00 00 00 00 00 00 00 00 00 00 00 00 00 00
00001fb0: 00 00 00 00 00 00 00 00 00 00 00 00 00 00 00 00
00001fc0: 00 00 00 00 00 00 00 00 00 00 00 00 00 00 00 00
00001fd0: 00 00 00 00 00 00 00 00 00 00 00 00 00 00 00 00
00001fe0: 00 00 00 00 00 00 00 00 00 00 00 00 00 00 00 00
00001ff0: 00 00 00 00 00 00 00 00 00 00 00 00 00 00 00 00
00002000: 00 00 00 00 00 00 00 00 00 00 00 00 00 00 00 00
00002010: 00 00 00 00 00 00 00 00 00 00 ff ff ff ff ff 40
00002020: 00 00 1f 00 00 00 06 00 00 00 1c 30 00 00 00 00
00002030: 47 00 00 07 b6 00 00 00 00 00 00 00 00 00 00 00
00002040: 00 00 00 00 00 40 00 00 00 00 00 00 00 00 20 00
00002050: 00 00 00 00 00 00 00 04 00 00 00 00 00 00 00 00
00002060: 00 00 00 00 00 00 00 00 00 00 00 00 00 00 00 00
00002070: 01 00 00 00 00 00 00 00 00 00 40 00 00 00 00 00
00002080: 00 00 00 00 00 00 00 00 00 00 00 00 00 00 00 00
00002090: 00 00 00 00 00 00 00 00 00 00 00 00 00 00 00 00
000020a0: 00 00 00 00 00 00 00 00 00 00 00 00 00 00 00 00
000020b0: 00 00 00 00 00 00 00 00 00 00 00 00 00 00 00 00
000020c0: 00 00 00 00 00 00 00 00 00 00 00 00 00 00 00 00
000020d0: 00 00 00 00 00 00 00 00 00 00 00 00 00 00 00 00
000020e0: 00 00 00 00 00 00 00 00 00 00 00 00 00 00 00 00
000020f0: 00 00 00 00 00 00 00 00 00 00 00 00 00 00 00 00
00002100: 00 00 00 00 00 00 00 00 00 00 00 00 00 00 00 00
00002110: 00 00 00 00 00 00 00 00 00 00 00 00 00 00 00 00
00002120: 00 00 00 0f ff ff ff ff f4 00 00 02 00 00 00 00
00002130: 60 00 00 01 d3 00 00 00 00 04 74 00 00 7b 60 00
00002140: 00 00 00 00 00 00 00 00 00 00 00 00 00 00 04 00
00002150: 00 00 00 00 00 00 00 02 00 00 00 00 00 00 00 00
00002160: 00 40 00 00 00 00 00 00 00 00 00 00 00 00 00 00
00002170: 00 00 00 00 00 00 00 00 00 00 10 00 00 00 00 00
00002180: 00 00 00 04 00 00 00 00 00 00 00 00 00 00 00 00
00002190: 00 00 00 00 00 00 00 00 00 00 00 00 00 00 00 00
000021a0: 00 00 00 00 00 00 00 00 00 00 00 00 00 00 00 00
000021b0: 00 00 00 00 00 00 00 00 00 00 00 00 00 00 00 00
000021c0: 00 00 00 00 00 00 00 00 00 00 00 00 00 00 00 00
000021d0: 00 00 00 00 00 00 00 00 00 00 00 00 00 00 00 00
000021e0: 00 00 00 00 00 00 00 00 00 00 00 00 00 00 00 00
000021f0: 00 00 00 00 00 00 00 00 00 00 00 00 00 00 00 00
00002200: 00 00 00 00 00 00 00 00 00 00 00 00 00 00 00 00
00002210: 00 00 00 00 00 00 00 00 00 00 00 00 00 00 00 00
00002220: 00 00 00 00 00 00 00 00 00 00 00 00 00 ff ff ff
00002230: ff ff 40 00 00 21 00 00 00 06 00 00 00 1e 30 00
00002240: 00 00 00 47 80 00 07 b6 00 00 00 00 00 00 00 00
00002250: 00 00 00 00 00 00 00 00 40 00 00 00 00 00 00 00
00002260: 00 20 00 00 00 00 00 00 00 00 04 00 00 00 00 00
00002270: 00 00 00 00 00 00 00 00 00 00 00 00 00 00 00 00
00002280: 00 00 00 01 00 00 00 00 00 00 00 00 00 40 00 00
00002290: 00 00 00 00 00 00 00 00 00 00 00 00 00 00 00 00
000022a0: 00 00 00 00 00 00 00 00 00 00 00 00 00 00 00 00
000022b0: 00 00 00 00 00 00 00 00 00 00 00 00 00 00 00 00
000022c0: 00 00 00 00 00 00 00 00 00 00 00 00 00 00 00 00
000022d0: 00 00 00 00 00 00 00 00 00 00 00 00 00 00 00 00
000022e0: 00 00 00 00 00 00 00 00 00 00 00 00 00 00 00 00
000022f0: 00 00 00 00 00 00 00 00 00 00 00 00 00 00 00 00
00002300: 00 00 00 00 00 00 00 00 00 00 00 00 00 00 00 00
00002310: 00 00 00 00 00 00 00 00 00 00 00 00 00 00 00 00
00002320: 00 00 00 00 00 00 00 00 00 00 00 00 00 00 00 00
00002330: 00 00 00 00 00 00 0f ff ff ff ff f4 00 00 02 20
00002340: 00 00 00 60 00 00 01 f3 00 00 00 00 04 7c 00 00
00002350: 7b 60 00 00 00 00 00 00 00 00 00 00 00 00 00 00
00002360: 00 04 00 00 00 00 00 00 00 00 02 00 00 00 00 00
00002370: 00 00 00 00 40 00 00 00 00 00 00 00 00 00 00 00
00002380: 00 00 00 00 00 00 00 00 00 00 00 00 00 10 00 00
00002390: 00 00 00 00 00 00 04 00 00 00 00 00 00 00 00 00
000023a0: 00 00 00 00 00 00 00 00 00 00 00 00 00 00 00 00
000023b0: 00 00 00 00 00 00 00 00 00 00 00 00 00 00 00 00
000023c0: 00 00 00 00 00 00 00 00 00 00 00 00 00 00 00 00
000023d0: 00 00 00 00 00 00 00 00 00 00 00 00 00 00 00 00
000023e0: 00 00 00 00 00 00 00 00 00 00 00 00 00 00 00 00
000023f0: 00 00 00 00 00 00 00 00 00 00 00 00 00 00 00 00
00002400: 00 00 00 00 00 00 00 00 00 00 00 00 00 00 00 00
00002410: 00 00 00 00 00 00 00 00 00 00 00 00 00 00 00 00
00002420: 00 00 00 00 00 00 00 00 00 00 00 00 00 00 00 00
00002430: 00 00 00 00 00 00 00 00 00 00 00 00 00 00 00 00
00002440: ff ff ff ff ff 40 00 00 23 00 00 00 06 00 00 00
00002450: 20 30 00 00 00 00 48 00 00 07 b6 00 00 00 00 00
00002460: 00 00 00 00 00 00 00 00 00 00 00 40 00 00 00 00
00002470: 00 00 00 00 20 00 00 00 00 00 00 00 00 04 00 00
00002480: 00 00 00 00 00 00 00 00 00 00 00 00 00 00 00 00
00002490: 00 00 00 00 00 00 01 00 00 00 00 00 00 00 00 00
000024a0: 40 00 00 00 00 00 00 00 00 00 00 00 00 00 00 00
000024b0: 00 00 00 00 00 00 00 00 00 00 00 00 00 00 00 00
000024c0: 00 00 00 00 00 00 00 00 00 00 00 00 00 00 00 00
000024d0: 00 00 00 00 00 00 00 00 00 00 00 00 00 00 00 00
000024e0: 00 00 00 00 00 00 00 00 00 00 00 00 00 00 00 00
000024f0: 00 00 00 00 00 00 00 00 00 00 00 00 00 00 00 00
00002500: 00 00 00 00 00 00 00 00 00 00 00 00 00 00 00 00
00002510: 00 00 00 00 00 00 00 00 00 00 00 00 00 00 00 00
00002520: 00 00 00 00 00 00 00 00 00 00 00 00 00 00 00 00
00002530: 00 00 00 00 00 00 00 00 00 00 00 00 00 00 00 00
00002540: 00 00 00 00 00 00 00 00 00 0f ff ff ff ff f4 00
00002550: 00 02 40 00 00 00 60 00 00 02 13 00 00 00 00 04
00002560: 84 00 00 7b 60 00 00 00 00 00 00 00 00 00 00 00
00002570: 00 00 00 00 04 00 00 00 00 00 00 00 00 02 00 00
00002580: 00 00 00 00 00 00 00 40 00 00 00 00 00 00 00 00
00002590: 00 00 00 00 00 00 00 00 00 00 00 00 00 00 00 00
000025a0: 10 00 00 00 00 00 00 00 00 04 00 00 00 00 00 00
000025b0: 00 00 00 00 00 00 00 00 00 00 00 00 00 00 00 00
000025c0: 00 00 00 00 00 00 00 00 00 00 00 00 00 00 00 00
000025d0: 00 00 00 00 00 00 00 00 00 00 00 00 00 00 00 00
000025e0: 00 00 00 00 00 00 00 00 00 00 00 00 00 00 00 00
000025f0: 00 00 00 00 00 00 00 00 00 00 00 00 00 00 00 00
00002600: 00 00 00 00 00 00 00 00 00 00 00 00 00 00 00 00
00002610: 00 00 00 00 00 00 00 00 00 00 00 00 00 00 00 00
00002620: 00 00 00 00 00 00 00 00 00 00 00 00 00 00 00 00
00002630: 00 00 00 00 00 00 00 00 00 00 00 00 00 00 00 00
00002640: 00 00 00 00 00 00 00 00 00 00 00 00 00 00 00 00
00002650: 00 00 00 ff ff ff ff ff 40 00 00 25 00 00 00 06
00002660: 00 00 00 22 30 00 00 00 00 48 80 00 07 b6 00 00
00002670: 00 00 00 00 00 00 00 00 00 00 00 00 00 00 40 00
00002680: 00 00 00 00 00 00 00 20 00 00 00 00 00 00 00 00
00002690: 04 00 00 00 00 00 00 00 00 00 00 00 00 00 00 00
000026a0: 00 00 00 00 00 00 00 00 00 01 00 00 00 00 00 00
000026b0: 00 00 00 40 00 00 00 00 00 00 00 00 00 00 00 00
000026c0: 00 00 00 00 00 00 00 00 00 00 00 00 00 00 00 00
000026d0: 00 00 00 00 00 00 00 00 00 00 00 00 00 00 00 00
000026e0: 00 00 00 00 00 00 00 00 00 00 00 00 00 00 00 00
000026f0: 00 00 00 00 00 00 00 00 00 00 00 00 00 00 00 00
00002700: 00 00 00 00 00 00 00 00 00 00 00 00 00 00 00 00
00002710: 00 00 00 00 00 00 00 00 00 00 00 00 00 00 00 00
00002720: 00 00 00 00 00 00 00 00 00 00 00 00 00 00 00 00
00002730: 00 00 00 00 00 00 00 00 00 00 00 00 00 00 00 00
00002740: 00 00 00 00 00 00 00 00 00 00 00 00 00 00 00 00
00002750: 00 00 00 00 00 00 00 00 00 00 00 00 0f ff ff ff
00002760: ff f4 00 00 02 60 00 00 00 60 00 00 02 33 00 00
00002770: 00 00 04 8c 00 00 7b 60 00 00 00 00 00 00 00 00
00002780: 00 00 00 00 00 00 00 04 00 00 00 00 00 00 00 00
00002790: 02 00 00 00 00 00 00 00 00 00 40 00 00 00 00 00
000027a0: 00 00 00 00 00 00 00 00 00 00 00 00 00 00 00 00
000027b0: 00 00 00 10 00 00 00 00 00 00 00 00 04 00 00 00
000027c0: 00 00 00 00 00 00 00 00 00 00 00 00 00 00 00 00
000027d0: 00 00 00 00 00 00 00 00 00 00 00 00 00 00 00 00
000027e0: 00 00 00 00 00 00 00 00 00 00 00 00 00 00 00 00
000027f0: 00 00 00 00 00 00 00 00 00 00 00 00 00 00 00 00
00002800: 00 00 00 00 00 00 00 00 00 00 00 00 00 00 00 00
00002810: 00 00 00 00 00 00 00 00 00 00 00 00 00 00 00 00
00002820: 00 00 00 00 00 00 00 00 00 00 00 00 00 00 00 00
00002830: 00 00 00 00 00 00 00 00 00 00 00 00 00 00 00 00
00002840: 00 00 00 00 00 00 00 00 00 00 00 00 00 00 00 00
00002850: 00 00 00 00 00 00 00 00 00 00 00 00 00 00 00 00
00002860: 00 00 00 00 00 00 ff ff ff ff ff 40 00 00 27 00
00002870: 00 00 06 00 00 00 24 30 00 00 00 00 49 00 00 07
00002880: b6 00 00 00 00 00 00 00 00 00 00 00 00 00 00 00
00002890: 00 40 00 00 00 00 00 00 00 00 20 00 00 00 00 00
000028a0: 00 00 00 04 00 00 00 00 00 00 00 00 00 00 00 00
000028b0: 00 00 00 00 00 00 00 00 00 00 00 00 01 00 00 00
000028c0: 00 00 00 00 00 00 40 00 00 00 00 00 00 00 00 00
000028d0: 00 00 00 00 00 00 00 00 00 00 00 00 00 00 00 00
000028e0: 00 00 00 00 00 00 00 00 00 00 00 00 00 00 00 00
000028f0: 00 00 00 00 00 00 00 00 00 00 00 00 00 00 00 00
00002900: 00 00 00 00 00 00 00 00 00 00 00 00 00 00 00 00
00002910: 00 00 00 00 00 00 00 00 00 00 00 00 00 00 00 00
00002920: 00 00 00 00 00 00 00 00 00 00 00 00 00 00 00 00
00002930: 00 00 00 00 00 00 00 00 00 00 00 00 00 00 00 00
00002940: 00 00 00 00 00 00 00 00 00 00 00 00 00 00 00 00
00002950: 00 00 00 00 00 00 00 00 00 00 00 00 00 00 00 00
00002960: 00 00 00 00 00 00 00 00 00 00 00 00 00 00 00 0f
00002970: ff ff ff ff f4 00 00 02 80 00 00 00 60 00 00 02
00002980: 53 00 00 00 00 04 94 00 00 7b 60 00 00 00 00 00
00002990: 00 00 00 00 00 00 00 00 00 00 04 00 00 00 00 00
000029a0: 00 00 00 02 00 00 00 00 00 00 00 00 00 40 00 00
000029b0: 00 00 00 00 00 00 00 00 00 00 00 00 00 00 00 00
000029c0: 00 00 00 00 00 00 10 00 00 00 00 00 00 00 00 04
000029d0: 00 00 00 00 00 00 00 00 00 00 00 00 00 00 00 00
000029e0: 00 00 00 00 00 00 00 00 00 00 00 00 00 00 00 00
000029f0: 00 00 00 00 00 00 00 00 00 00 00 00 00 00 00 00
00002a00: 00 00 00 00 00 00 00 00 00 00 00 00 00 00 00 00
00002a10: 00 00 00 00 00 00 00 00 00 00 00 00 00 00 00 00
00002a20: 00 00 00 00 00 00 00 00 00 00 00 00 00 00 00 00
00002a30: 00 00 00 00 00 00 00 00 00 00 00 00 00 00 00 00
00002a40: 00 00 00 00 00 00 00 00 00 00 00 00 00 00 00 00
00002a50: 00 00 00 00 00 00 00 00 00 00 00 00 00 00 00 00
00002a60: 00 00 00 00 00 00 00 00 00 00 00 00 00 00 00 00
00002a70: 00 00 00 00 00 00 00 00 00 ff ff ff ff ff 40 00
00002a80: 00 29 00 00 00 06 00 00 00 26 30 00 00 00 00 49
00002a90: 80 00 07 b6 00 00 00 00 00 00 00 00 00 00 00 00
00002aa0: 00 00 00 00 40 00 00 00 00 00 00 00 00 20 00 00
00002ab0: 00 00 00 00 00 00 04 00 00 00 00 00 00 00 00 00
00002ac0: 00 00 00 00 00 00 00 00 00 00 00 00 00 00 00 01
00002ad0: 00 00 00 00 00 00 00 00 00 40 00 00 00 00 00 00
00002ae0: 00 00 00 00 00 00 00 00 00 00 00 00 00 00 00 00
00002af0: 00 00 00 00 00 00 00 00 00 00 00 00 00 00 00 00
00002b00: 00 00 00 00 00 00 00 00 00 00 00 00 00 00 00 00
00002b10: 00 00 00 00 00 00 00 00 00 00 00 00 00 00 00 00
00002b20: 00 00 00 00 00 00 00 00 00 00 00 00 00 00 00 00
00002b30: 00 00 00 00 00 00 00 00 00 00 00 00 00 00 00 00
00002b40: 00 00 00 00 00 00 00 00 00 00 00 00 00 00 00 00
00002b50: 00 00 00 00 00 00 00 00 00 00 00 00 00 00 00 00
00002b60: 00 00 00 00 00 00 00 00 00 00 00 00 00 00 00 00
00002b70: 00 00 00 00 00 00 00 00 00 00 00 00 00 00 00 00
00002b80: 00 00 0f ff ff ff ff f4 00 00 02 a0 00 00 00 60
00002b90: 00 00 02 73 00 00 00 00 04 9c 00 00 7b 60 00 00
00002ba0: 00 00 00 00 00 00 00 00 00 00 00 00 00 04 00 00
00002bb0: 00 00 00 00 00 00 02 00 00 00 00 00 00 00 00 00
00002bc0: 40 00 00 00 00 00 00 00 00 00 00 00 00 00 00 00
00002bd0: 00 00 00 00 00 00 00 00 00 10 00 00 00 00 00 00
00002be0: 00 00 04 00 00 00 00 00 00 00 00 00 00 00 00 00
00002bf0: 00 00 00 00 00 00 00 00 00 00 00 00 00 00 00 00
00002c00: 00 00 00 00 00 00 00 00 00 00 00 00 00 00 00 00
00002c10: 00 00 00 00 00 00 00 00 00 00 00 00 00 00 00 00
00002c20: 00 00 00 00 00 00 00 00 00 00 00 00 00 00 00 00
00002c30: 00 00 00 00 00 00 00 00 00 00 00 00 00 00 00 00
00002c40: 00 00 00 00 00 00 00 00 00 00 00 00 00 00 00 00
00002c50: 00 00 00 00 00 00 00 00 00 00 00 00 00 00 00 00
00002c60: 00 00 00 00 00 00 00 00 00 00 00 00 00 00 00 00
00002c70: 00 00 00 00 00 00 00 00 00 00 00 00 00 00 00 00
00002c80: 00 00 00 00 00 00 00 00 00 00 00 00 ff ff ff ff
00002c90: ff 40 00 00 2b 00 00 00 06 00 00 00 28 30 00 00
00002ca0: 00 00 4a 00 00 07 b6 00 00 00 00 00 00 00 00 00
00002cb0: 00 00 00 00 00 00 00 40 00 00 00 00 00 00 00 00
00002cc0: 20 00 00 00 00 00 00 00 00 04 00 00 00 00 00 00
00002cd0: 00 00 00 00 00 00 00 00 00 00 00 00 00 00 00 00
00002ce0: 00 00 01 00 00 00 00 00 00 00 00 00 40 00 00 00
00002cf0: 00 00 00 00 00 00 00 00 00 00 00 00 00 00 00 00
00002d00: 00 00 00 00 00 00 00 00 00 00 00 00 00 00 00 00
00002d10: 00 00 00 00 00 00 00 00 00 00 00 00 00 00 00 00
00002d20: 00 00 00 00 00 00 00 00 00 00 00 00 00 00 00 00
00002d30: 00 00 00 00 00 00 00 00 00 00 00 00 00 00 00 00
00002d40: 00 00 00 00 00 00 00 00 00 00 00 00 00 00 00 00
00002d50: 00 00 00 00 00 00 00 00 00 00 00 00 00 00 00 00
00002d60: 00 00 00 00 00 00 00 00 00 00 00 00 00 00 00 00
00002d70: 00 00 00 00 00 00 00 00 00 00 00 00 00 00 00 00
00002d80: 00 00 00 00 00 00 00 00 00 00 00 00 00 00 00 00
00002d90: 00 00 00 00 00 0f ff ff ff ff f4 00 00 02 c0 00
00002da0: 00 00 60 00 00 02 93 00 00 00 00 04 a4 00 00 7b
00002db0: 60 00 00 00 00 00 00 00 00 00 00 00 00 00 00 00
00002dc0: 04 00 00 00 00 00 00 00 00 02 00 00 00 00 00 00
00002dd0: 00 00 00 40 00 00 00 00 00 00 00 00 00 00 00 00
00002de0: 00 00 00 00 00 00 00 00 00 00 00 00 10 00 00 00
00002df0: 00 00 00 00 00 04 00 00 00 00 00 00 00 00 00 00
00002e00: 00 00 00 00 00 00 00 00 00 00 00 00 00 00 00 00
00002e10: 00 00 00 00 00 00 00 00 00 00 00 00 00 00 00 00
00002e20: 00 00 00 00 00 00 00 00 00 00 00 00 00 00 00 00
00002e30: 00 00 00 00 00 00 00 00 00 00 00 00 00 00 00 00
00002e40: 00 00 00 00 00 00 00 00 00 00 00 00 00 00 00 00
00002e50: 00 00 00 00 00 00 00 00 00 00 00 00 00 00 00 00
00002e60: 00 00 00 00 00 00 00 00 00 00 00 00 00 00 00 00
00002e70: 00 00 00 00 00 00 00 00 00 00 00 00 00 00 00 00
00002e80: 00 00 00 00 00 00 00 00 00 00 00 00 00 00 00 00
00002e90: 00 00 00 00 00 00 00 00 00 00 00 00 00 00 00 ff
00002ea0: ff ff ff ff 40 00 00 2d 00 00 00 06 00 00 00 2a
00002eb0: 30 00 00 00 00 4a 80 00 07 b6 00 00 00 00 00 00
00002ec0: 00 00 00 00 00 00 00 00 00 00 40 00 00 00 00 00
00002ed0: 00 00 00 20 00 00 00 00 00 00 00 00 04 00 00 00
00002ee0: 00 00 00 00 00 00 00 00 00 00 00 00 00 00 00 00
00002ef0: 00 00 00 00 00 01 00 00 00 00 00 00 00 00 00 40
00002f00: 00 00 00 00 00 00 00 00 00 00 00 00 00 00 00 00
00002f10: 00 00 00 00 00 00 00 00 00 00 00 00 00 00 00 00
00002f20: 00 00 00 00 00 00 00 00 00 00 00 00 00 00 00 00
00002f30: 00 00 00 00 00 00 00 00 00 00 00 00 00 00 00 00
00002f40: 00 00 00 00 00 00 00 00 00 00 00 00 00 00 00 00
00002f50: 00 00 00 00 00 00 00 00 00 00 00 00 00 00 00 00
00002f60: 00 00 00 00 00 00 00 00 00 00 00 00 00 00 00 00
00002f70: 00 00 00 00 00 00 00 00 00 00 00 00 00 00 00 00
00002f80: 00 00 00 00 00 00 00 00 00 00 00 00 00 00 00 00
00002f90: 00 00 00 00 00 00 00 00 00 00 00 00 00 00 00 00
00002fa0: 00 00 00 00 00 00 00 00 0f ff ff ff ff f4 00 00
00002fb0: 02 e0 00 00 00 60 00 00 02 b3 00 00 00 00 04 ac
00002fc0: 00 00 7b 60 00 00 00 00 00 00 00 00 00 00 00 00
00002fd0: 00 00 00 04 00 00 00 00 00 00 00 00 02 00 00 00
00002fe0: 00 00 00 00 00 00 40 00 00 00 00 00 00 00 00 00
00002ff0: 00 00 00 00 00 00 00 00 00 00 00 00 00 00 00 10
00003000: 00 00 00 00 00 00 00 00 04 00 00 00 00 00 00 00
00003010: 00 00 00 00 00 00 00 00 00 00 00 00 00 00 00 00
00003020: 00 00 00 00 00 00 00 00 00 00 00 00 00 00 00 00
00003030: 00 00 00 00 00 00 00 00 00 00 00 00 00 00 00 00
00003040: 00 00 00 00 00 00 00 00 00 00 00 00 00 00 00 00
00003050: 00 00 00 00 00 00 00 00 00 00 00 00 00 00 00 00
00003060: 00 00 00 00 00 00 00 00 00 00 00 00 00 00 00 00
00003070: 00 00 00 00 00 00 00 00 00 00 00 00 00 00 00 00
00003080: 00 00 00 00 00 00 00 00 00 00 00 00 00 00 00 00
00003090: 00 00 00 00 00 00 00 00 00 00 00 00 00 00 00 00
000030a0: 00 00 00 00 00 00 00 00 00 00 00 00 00 00 00 00
000030b0: 00 00 ff ff ff ff ff 40 00 00 2f 00 00 00 06 00
000030c0: 00 00 2c 30 00 00 00 00 4b 00 00 07 b6 00 00 00
000030d0: 00 00 00 00 00 00 00 00 00 00 00 00 00 40 00 00
000030e0: 00 00 00 00 00 00 20 00 00 00 00 00 00 00 00 04
000030f0: 00 00 00 00 00 00 00 00 00 00 00 00 00 00 00 00
00003100: 00 00 00 00 00 00 00 00 01 00 00 00 00 00 00 00
00003110: 00 00 40 00 00 00 00 00 00 00 00 00 00 00 00 00
00003120: 00 00 00 00 00 00 00 00 00 00 00 00 00 00 00 00
00003130: 00 00 00 00 00 00 00 00 00 00 00 00 00 00 00 00
00003140: 00 00 00 00 00 00 00 00 00 00 00 00 00 00 00 00
00003150: 00 00 00 00 00 00 00 00 00 00 00 00 00 00 00 00
00003160: 00 00 00 00 00 00 00 00 00 00 00 00 00 00 00 00
00003170: 00 00 00 00 00 00 00 00 00 00 00 00 00 00 00 00
00003180: 00 00 00 00 00 00 00 00 00 00 00 00 00 00 00 00
00003190: 00 00 00 00 00 00 00 00 00 00 00 00 00 00 00 00
000031a0: 00 00 00 00 00 00 00 00 00 00 00 00 00 00 00 00
000031b0: 00 00 00 00 00 00 00 00 00 00 00 0f ff ff ff ff
000031c0: f4 00 00 03 00 00 00 00 60 00 00 02 d3 00 00 00
000031d0: 00 04 b4 00 00 7b 60 00 00 00 00 00 00 00 00 00
000031e0: 00 00 00 00 00 00 04 00 00 00 00 00 00 00 00 02
000031f0: 00 00 00 00 00 00 00 00 00 40 00 00 00 00 00 00
00003200: 00 00 00 00 00 00 00 00 00 00 00 00 00 00 00 00
00003210: 00 00 10 00 00 00 00 00 00 00 00 04 00 00 00 00
00003220: 00 00 00 00 00 00 00 00 00 00 00 00 00 00 00 00
00003230: 00 00 00 00 00 00 00 00 00 00 00 00 00 00 00 00
00003240: 00 00 00 00 00 00 00 00 00 00 00 00 00 00 00 00
00003250: 00 00 00 00 00 00 00 00 00 00 00 00 00 00 00 00
00003260: 00 00 00 00 00 00 00 00 00 00 00 00 00 00 00 00
00003270: 00 00 00 00 00 00 00 00 00 00 00 00 00 00 00 00
00003280: 00 00 00 00 00 00 00 00 00 00 00 00 00 00 00 00
00003290: 00 00 00 00 00 00 00 00 00 00 00 00 00 00 00 00
000032a0: 00 00 00 00 00 00 00 00 00 00 00 00 00 00 00 00
000032b0: 00 00 00 00 00 00 00 00 00 00 00 00 00 00 00 00
000032c0: 00 00 00 00 00 ff ff ff ff ff 40 00 00 31 00 00
000032d0: 00 06 00 00 00 2e 30 00 00 00 00 4b 80 00 07 b6
000032e0: 00 00 00 00 00 00 00 00 00 00 00 00 00 00 00 00
000032f0: 40 00 00 00 00 00 00 00 00 20 00 00 00 00 00 00
00003300: 00 00 04 00 00 00 00 00 00 00 00 00 00 00 00 00
00003310: 00 00 00 00 00 00 00 00 00 00 00 01 00 00 00 00
00003320: 00 00 00 00 00 40 00 00 00 00 00 00 00 00 00 00
00003330: 00 00 00 00 00 00 00 00 00 00 00 00 00 00 00 00
00003340: 00 00 00 00 00 00 00 00 00 00 00 00 00 00 00 00
00003350: 00 00 00 00 00 00 00 00 00 00 00 00 00 00 00 00
00003360: 00 00 00 00 00 00 00 00 00 00 00 00 00 00 00 00
00003370: 00 00 00 00 00 00 00 00 00 00 00 00 00 00 00 00
00003380: 00 00 00 00 00 00 00 00 00 00 00 00 00 00 00 00
00003390: 00 00 00 00 00 00 00 00 00 00 00 00 00 00 00 00
000033a0: 00 00 00 00 00 00 00 00 00 00 00 00 00 00 00 00
000033b0: 00 00 00 00 00 00 00 00 00 00 00 00 00 00 00 00
000033c0: 00 00 00 00 00 00 00 00 00 00 00 00 00 00 0f ff
000033d0: ff ff ff f4 00 00 03 20 00 00 00 60 00 00 02 f3
000033e0: 00 00 00 00 04 bc 00 00 7b 60 00 00 00 00 00 00
000033f0: 00 00 00 00 00 00 00 00 00 04 00 00 00 00 00 00
00003400: 00 00 02 00 00 00 00 00 00 00 00 00 40 00 00 00
00003410: 00 00 00 00 00 00 00 00 00 00 00 00 00 00 00 00
00003420: 00 00 00 00 00 10 00 00 00 00 00 00 00 00 04 00
00003430: 00 00 00 00 00 00 00 00 00 00 00 00 00 00 00 00
00003440: 00 00 00 00 00 00 00 00 00 00 00 00 00 00 00 00
00003450: 00 00 00 00 00 00 00 00 00 00 00 00 00 00 00 00
00003460: 00 00 00 00 00 00 00 00 00 00 00 00 00 00 00 00
00003470: 00 00 00 00 00 00 00 00 00 00 00 00 00 00 00 00
00003480: 00 00 00 00 00 00 00 00 00 00 00 00 00 00 00 00
00003490: 00 00 00 00 00 00 00 00 00 00 00 00 00 00 00 00
000034a0: 00 00 00 00 00 00 00 00 00 00 00 00 00 00 00 00
000034b0: 00 00 00 00 00 00 00 00 00 00 00 00 00 00 00 00
000034c0: 00 00 00 00 00 00 00 00 00 00 00 00 00 00 00 00
000034d0: 00 00 00 00 00 00 00 00 ff ff ff ff ff 40 00 00
000034e0: 33 00 00 00 0f ff ff ff ff 30 00 00 00 00 00 00
000034f0: 00 2b 40 40 00 00 34 00 00 00 05 00 00 00 00 30
00003500: 00 00 00 00 20 00 00 00 1f 80 00 00 1f f8 40 02
00003510: 30 00 00 00 00 ff ff ff ff ff ff ff 40 04 00 00
00003520: 00 00 00 00 00 00 00 2a 0f bf 1d e9 8e d6 6a 8a
00003530: 54 52 5a c6 1d af 68 00 00 00 00 0e c8 ca c5 7a
00003540: 92 00 01 28 48 00 00 40 00 00 35 00 00 00 05 00
00003550: 00 00 01 30 00 00 00 00 20 20 00 00 1f 80 00 00
00003560: 1f f8 40 02 30 00 00 00 00 ff ff ff ff ff ff ff
00003570: 40 04 00 00 00 00 00 00 00 00 00 2a 0f bf 1d e9
00003580: 8e d6 6a 8a 54 52 5a c6 1d af 68 00 00 00 00 0e
00003590: c8 ca c5 7a 92 00 01 28 48 00 00 40 00 00 36 00
000035a0: 00 00 05 00 00 00 02 30 00 00 00 00 20 40 00 00
000035b0: 1f 80 00 00 1f f8 40 02 30 00 00 00 00 ff ff ff
000035c0: ff ff ff ff 40 04 00 00 00 00 00 00 00 00 00 2a
000035d0: 0f bf 1d e9 8e d6 6a 8a 54 52 5a c6 1d af 68 00
000035e0: 00 00 00 0e c8 ca c5 7a b2 00 00 95 24 00 00 20
000035f0: 00 00 1b 80 00 00 02 80 00 00 01 98 00 00 00 00
00003600: 10 30 00 00 0f c0 00 00 0f fc 20 01 18 00 00 00
00003610: 00 7f ff ff ff ff ff ff a0 02 00 00 00 00 00 00
00003620: 00 00 00 15 07 df 8e f4 c7 6b 35 45 2a 29 2d 63
00003630: 0e d7 b4 00 00 00 00 07 64 65 62 bd 69 00 00 25
00003640: 89 00 00 08 00 00 07 00 00 00 00 a0 00 00 00 86
00003650: 00 00 00 00 04 10 00 00 03 f0 00 00 03 ff 08 00
00003660: 46 00 00 00 00 1f ff ff ff ff ff ff e8 00 80 00
00003670: 00 00 00 00 00 00 00 05 41 f7 e3 bd 31 da cd 51
00003680: 4a 8a 4b 58 c3 b5 ed 00 00 00 00 01 d9 19 58 af
00003690: 52 40 00 25 09 00 00 08 00 00 07 20 00 00 00 a0
000036a0: 00 00 00 a6 00 00 00 00 04 14 00 00 03 f0 00 00
000036b0: 03 ff 08 00 46 00 00 00 00 1f ff ff ff ff ff ff
000036c0: e8 00 80 00 00 00 00 00 00 00 00 05 41 f7 e3 bd
000036d0: 31 da cd 51 4a 8a 4b 58 c3 b5 ed 00 00 00 00 01
000036e0: d9 19 58 af 4e 40 00 49 92 00 00 10 00 00 0e 80
000036f0: 00 00 01 40 00 00 01 8c 00 00 00 00 08 30 00 00
00003700: 07 e0 00 00 07 fe 10 00 8c 00 00 00 00 3f ff ff
00003710: ff ff ff ff d0 01 00 00 00 00 00 00 00 00 00 0a
00003720: 83 ef c7 7a 63 b5 9a a2 95 14 96 b1 87 6b da 00
00003730: 00 00 00 03 b2 32 b1 5e ac 80 00 25 49 00 00 08
00003740: 00 00 07 60 00 00 00 a0 00 00 00 e6 00 00 00 00
00003750: 04 1c 00 00 03 f0 00 00 03 ff 08 00 46 00 00 00
00003760: 00 1f ff ff ff ff ff ff e8 00 80 00 00 00 00 00
00003770: 00 00 00 05 41 f7 e3 bd 31 da cd 51 4a 8a 4b 58
00003780: c3 b5 ed 00 00 00 00 01 d9 19 58 af 56 40 00 12
00003790: a4 80 00 04 00 00 03 c0 00 00 00 50 00 00 00 83
000037a0: 00 00 00 00 02 10 00 00 01 f8 20 00 01 ff 80 00
000037b0: 00 00 00 00 00 00 00 00 00 00 00 00 00 00 00 00
000037c0: 00 00 00 00 00 00 10 02 a0 f8 e0 58 00 00 00 00
000037d0: 00 00 00 00 04 90 00 00 80 00 00 7a 00 00 00 0a
000037e0: 00 00 00 12 60 00 00 00 00 42 40 00 00 3f 04 00
000037f0: 00 3f f0 00 00 00 00 00 00 00 00 00 00 00 00 00
00003800: 00 00 00 00 00 00 00 00 00 00 02 00 54 1f 1c 0b
00003810: 00 00 00 00 00 00 00 00 00 92 00 00 10 00 00 0f
00003820: 80 00 00 01 40 00 00 02 8c 00 00 00 00 08 50 00
00003830: 00 07 e0 80 00 07 fe 00 00 00 00 00 00 00 00 00
00003840: 00 00 00 00 00 00 00 00 00 00 00 00 00 00 00 40
00003850: 0a 83 e3 81 60 00 00 00 00 00 00 00 00 12 40 00
00003860: 02 00 00 01 f8 00 00 00 28 00 00 00 59 80 00 00
00003870: 00 01 0b 00 00 00 fc 10 00 00 ff c0 00 00 00 00
00003880: 00 00 00 00 00 00 00 00 00 00 00 00 00 00 00 00
00003890: 00 00 00 08 01 50 7c 70 2c 00 00 00 00 00 00 00
000038a0: 00 02 48 00 00 40 00 00 40 00 00 00 05 00 00 00
000038b0: 0c 30 00 00 00 00 21 80 00 00 1f 82 00 00 1f f8
000038c0: 00 00 00 00 00 00 00 00 00 00 00 00 00 00 00 00
000038d0: 00 00 00 00 00 00 00 01 00 2a 0f 8e 05 80 00 00
000038e0: 00 00 00 00 00 00 49 00 00 08 00 00 08 20 00 00
000038f0: 00 a0 00 00 01 a6 00 00 00 00 04 34 00 00 03 f0
00003900: 40 00 03 ff 00 00 00 00 00 00 00 00 00 00 00 00
00003910: 00 00 00 00 00 00 00 00 00 00 00 00 20 05 41 f1
00003920: c0 b0 00 00 00 00 00 00 00 00 09 20 00 01 00 00
00003930: 01 08 00 00 00 14 00 00 00 38 c0 00 00 00 00 87
00003940: 00 00 00 7e 08 00 00 7f e0 00 00 00 00 00 00 00
00003950: 00 00 00 00 00 00 00 00 00 00 00 00 00 00 00 00
00003960: 04 00 a8 3e 38 16 00 00 00 00 00 00 00 00 01 24
00003970: 00 00 20 00 00 21 80 00 00 02 80 00 00 07 98 00
00003980: 00 00 00 10 f0 00 00 0f c1 00 00 0f fc 00 00 00
00003990: 00 00 00 00 00 00 00 00 00 00 00 00 00 00 00 00
000039a0: 00 00 00 00 00 80 15 07 c7 02 c0 00 00 00 00 00
000039b0: 00 00 00 24 80 00 04 00 00 04 40 00 00 00 50 00
000039c0: 00 01 03 00 00 00 00 02 20 00 00 01 f8 20 00 01
000039d0: ff 80 00 00 00 00 00 00 00 00 00 00 00 00 00 00
000039e0: 00 00 00 00 00 00 00 00 00 10 02 a0 f8 e0 58 00
000039f0: 00 00 00 00 00 00 00 04 90 00 00 80 00 00 8a 00
00003a00: 00 00 0a 00 00 00 22 60 00 00 00 00 44 40 00 00
00003a10: 3f 04 00 00 3f f0 00 00 00 00 00 00 00 00 00 00
00003a20: 00 00 00 00 00 00 00 00 00 00 00 00 00 02 00 54
00003a30: 1f 1c 0b 00 00 00 00 00 00 00 00 00 92 00 00 10
00003a40: 00 00 11 80 00 00 01 40 00 00 04 8c 00 00 00 00
00003a50: 08 90 00 00 07 e0 80 00 07 fe 00 00 00 00 00 00
00003a60: 00 00 00 00 00 00 00 00 00 00 00 00 00 00 00 00
00003a70: 00 00 40 0a 83 e3 81 60 00 00 00 00 00 00 00 00
00003a80: 12 40 00 02 00 00 02 38 00 00 00 28 00 00 00 99
00003a90: 80 00 00 00 01 13 00 00 00 fc 10 00 00 ff c0 00
00003aa0: 00 00 00 00 00 00 00 00 00 00 00 00 00 00 00 00
00003ab0: 00 00 00 00 00 00 08 01 50 7c 70 2c 00 00 00 00
00003ac0: 00 00 00 00 02 48 00 00 40 00 00 48 00 00 00 05
00003ad0: 00 00 00 14 30 00 00 00 00 22 80 00 00 1f 82 00
00003ae0: 00 1f f8 00 00 00 00 00 00 00 00 00 00 00 00 00
00003af0: 00 00 00 00 00 00 00 00 00 00 01 00 2a 0f 8e 05
00003b00: 80 00 00 00 00 00 00 00 00 49 00 00 08 00 00 09
00003b10: 20 00 00 00 a0 00 00 02 a6 00 00 00 00 04 54 00
00003b20: 00 03 f0 40 00 03 ff 00 00 00 00 00 00 00 00 00
00003b30: 00 00 00 00 00 00 00 00 00 00 00 00 00 00 00 20
00003b40: 05 41 f1 c0 b0 00 00 00 00 00 00 00 00 09 20 00
00003b50: 01 00 00 01 28 00 00 00 14 00 00 00 58 c0 00 00
00003b60: 00 00 8b 00 00 00 7e 08 00 00 7f e0 00 00 00 00
00003b70: 00 00 00 00 00 00 00 00 00 00 00 00 00 00 00 00
00003b80: 00 00 00 04 00 a8 3e 38 16 00 00 00 00 00 00 00
00003b90: 00 01 24 00 00 20 00 00 25 80 00 00 02 80 00 00
00003ba0: 0b 98 00 00 00 00 11 70 00 00 0f c1 00 00 0f fc
00003bb0: 00 00 00 00 00 00 00 00 00 00 00 00 00 00 00 00
00003bc0: 00 00 00 00 00 00 00 00 80 15 07 c7 02 c0 00 00
00003bd0: 00 00 00 00 00 00 24 80 00 04 00 00 04 c0 00 00
00003be0: 00 50 00 00 01 83 00 00 00 00 02 30 00 00 01 f8
00003bf0: 20 00 01 ff 80 00 00 00 00 00 00 00 00 00 00 00
00003c00: 00 00 00 00 00 00 00 00 00 00 00 00 10 02 a0 f8
00003c10: e0 58 00 00 00 00 00 00 00 00 04 90 00 00 80 00
00003c20: 00 9a 00 00 00 0a 00 00 00 32 60 00 00 00 00 46
00003c30: 40 00 00 3f 04 00 00 3f f0 00 00 00 00 00 00 00
00003c40: 00 00 00 00 00 00 00 00 00 00 00 00 00 00 00 00
00003c50: 02 00 54 1f 1c 0b 00 00 00 00 00 00 00 00 00 92
00003c60: 00 00 10 00 00 13 80 00 00 01 40 00 00 06 8c 00
00003c70: 00 00 00 08 d0 00 00 07 e0 80 00 07 fe 00 00 00
00003c80: 00 00 00 00 00 00 00 00 00 00 00 00 00 00 00 00
00003c90: 00 00 00 00 00 40 0a 83 e3 81 60 00 00 00 00 00
00003ca0: 00 00 00 12 40 00 02 00 00 02 78 00 00 00 28 00
00003cb0: 00 00 d9 80 00 00 00 01 1b 00 00 00 fc 10 00 00
00003cc0: ff c0 00 00 00 00 00 00 00 00 00 00 00 00 00 00
00003cd0: 00 00 00 00 00 00 00 00 00 08 01 50 7c 70 2c 00
00003ce0: 00 00 00 00 00 00 00 02 48 00 00 40 00 00 50 00
00003cf0: 00 00 05 00 00 00 1c 30 00 00 00 00 23 80 00 00
00003d00: 1f 82 00 00 1f f8 00 00 00 00 00 00 00 00 00 00
00003d10: 00 00 00 00 00 00 00 00 00 00 00 00 00 01 00 2a
00003d20: 0f 8e 05 80 00 00 00 00 00 00 00 00 49 00 00 08
00003d30: 00 00 0a 20 00 00 00 a0 00 00 03 a6 00 00 00 00
00003d40: 04 74 00 00 03 f0 40 00 03 ff 00 00 00 00 00 00
00003d50: 00 00 00 00 00 00 00 00 00 00 00 00 00 00 00 00
00003d60: 00 00 20 05 41 f1 c0 b0 00 00 00 00 00 00 00 00
00003d70: 09 20 00 01 00 00 01 48 00 00 00 14 00 00 00 78
00003d80: c0 00 00 00 00 8f 00 00 00 7e 08 00 00 7f e0 00
00003d90: 00 00 00 00 00 00 00 00 00 00 00 00 00 00 00 00
00003da0: 00 00 00 00 00 00 04 00 a8 3e 38 16 00 00 00 00
00003db0: 00 00 00 00 01 24 00 00 20 00 00 29 80 00 00 02
00003dc0: 80 00 00 0f 98 00 00 00 00 11 f0 00 00 0f c1 00
00003dd0: 00 0f fc 00 00 00 00 00 00 00 00 00 00 00 00 00
00003de0: 00 00 00 00 00 00 00 00 00 00 00 80 15 07 c7 02
00003df0: c0 00 00 00 00 00 00 00 00 24 80 00 04 00 00 05
00003e00: 40 00 00 01 10 00 00 00 03 00 00 00 00 04 00 00
00003e10: 00 01 b0 ff ff ff ff 00 00 00 00 00 00 00 00 00
00003e20: 00 00 00 02 00 00 02 a8 00 00 00 88 00 00 00 09
00003e30: 80 00 00 00 02 00 80 00 00 d8 7f ff ff ff 80 00
00003e40: 00 00 00 00 00 00 00 00 00 00 01 00 00 01 58 00
00003e50: 00 00 44 00 00 00 08 c0 00 00 00 01 00 80 00 00
00003e60: 6c 3f ff ff ff c0 00 00 00 00 00 00 00 00 00 00
00003e70: 00 00 80 00 00 ae 00 00 00 22 00 00 00 06 60 00
00003e80: 00 00 00 80 60 00 00 36 1f ff ff ff e0 00 00 00
00003e90: 00 00 00 00 00 00 00 00 00 40 00 00 58 00 00 00
00003ea0: 11 00 00 00 04 30 00 00 00 00 40 40 00 00 1b 0f
00003eb0: ff ff ff f0 00 00 00 00 00 00 00 00 00 00 00 00
00003ec0: 20 00 00 2c 80 00 00 08 80 00 00 02 98 00 00 00
00003ed0: 00 20 28 00 00 0d 87 ff ff ff f8 00 00 00 00 00
00003ee0: 00 00 00 00 00 00 00 10 00 00 16 80 00 00 04 40
00003ef0: 00 00 01 8c 00 00 00 00 10 18 00 00 06 c3 ff ff
00003f00: ff fc 00 00 00 00 00 00 00 00 00 00 00 00 08 00
00003f10: 00 0b 60 00 00 02 20 00 00 00 e6 00 00 00 00 08
00003f20: 0e 00 00 03 61 ff ff ff fe 00 00 00 00 00 00 00
00003f30: 00 00 00 00 00 04 00 00 05 c0 00 00 01 10 00 00
00003f40: 00 83 00 00 00 00 04 08 00 00 01 b0 ff ff ff ff
00003f50: 00 00 00 00 00 00 00 00 00 00 00 00 02 00 00 02
00003f60: e8 00 00 00 88 00 00 00 49 80 00 00 00 02 04 80
00003f70: 00 00 d8 7f ff ff ff 80 00 00 00 00 00 00 00 00
00003f80: 00 00 00 01 00 00 01 78 00 00 00 44 00 00 00 28
00003f90: c0 00 00 00 01 02 80 00 00 6c 3f ff ff ff c0 00
00003fa0: 00 00 00 00 00 00 00 00 00 00 00 80 00 00 be 00
00003fb0: 00 00 22 00 00 00 16 60 00 00 00 00 81 60 00 00
00003fc0: 36 1f ff ff ff e0 00 00 00 00 00 00 00 00 00 00
00003fd0: 00 00 40 00 00 60 00 00 00 11 00 00 00 0c 30 00
00003fe0: 00 00 00 40 c0 00 00 1b 0f ff ff ff f0 00 00 00
00003ff0: 00 00 00 00 00 00 00 00 00 20 00 00 30 80 00 00
00004000: 08 80 00 00 06 98 00 00 00 00 20 68 00 00 0d 87
00004010: ff ff ff f8 00 00 00 00 00 00 00 00 00 00 00 00
00004020: 10 00 00 18 80 00 00 04 40 00 00 03 8c 00 00 00
00004030: 00 10 38 00 00 06 c3 ff ff ff fc 00 00 00 00 00
00004040: 00 00 00 00 00 00 00 08 00 00 0c 60 00 00 02 20
00004050: 00 00 01 e6 00 00 00 00 08 1e 00 00 03 61 ff ff
00004060: ff fe 00 00 00 00 00 00 00 00 00 00 00 00 04 00
00004070: 00 06 40 00 00 01 10 00 00 01 03 00 00 00 00 04
00004080: 10 00 00 01 b0 ff ff ff ff 00 00 00 00 00 00 00
00004090: 00 00 00 00 00 02 00 00 03 28 00 00 00 88 00 00
000040a0: 00 89 80 00 00 00 02 08 80 00 00 d8 7f ff ff ff
000040b0: 80 00 00 00 00 00 00 00 00 00 00 00 01 00 00 01
000040c0: 98 00 00 00 44 00 00 00 48 c0 00 00 00 01 04 80
000040d0: 00 00 6c 3f ff ff ff c0 00 00 00 00 00 00 00 00
000040e0: 00 00 00 00 80 00 00 ce 00 00 00 22 00 00 00 26
000040f0: 60 00 00 00 00 82 60 00 00 36 1f ff ff ff e0 00
00004100: 00 00 00 00 00 00 00 00 00 00 00 40 00 00 68 00
00004110: 00 00 11 00 00 00 14 30 00 00 00 00 41 40 00 00
00004120: 1b 0f ff ff ff f0 00 00 00 00 00 00 00 00 00 00
00004130: 00 00 20 00 00 34 80 00 00 08 80 00 00 0a 98 00
00004140: 00 00 00 20 a8 00 00 0d 87 ff ff ff f8 00 00 00
00004150: 00 00 00 00 00 00 00 00 00 10 00 00 1a 80 00 00
00004160: 04 40 00 00 05 8c 00 00 00 00 10 58 00 00 06 c3
00004170: ff ff ff fc 00 00 00 00 00 00 00 00 00 00 00 00
00004180: 08 00 00 0d 60 00 00 02 20 00 00 02 e6 00 00 00
00004190: 00 08 2e 00 00 03 61 ff ff ff fe 00 00 00 00 00
000041a0: 00 00 00 00 00 00 00 04 00 00 06 c0 00 00 01 10
000041b0: 00 00 01 83 00 00 00 00 04 18 00 00 01 b0 ff ff
000041c0: ff ff 00 00 00 00 00 00 00 00 00 00 00 00 02 00
000041d0: 00 03 68 00 00 00 88 00 00 00 c9 80 00 00 00 02
000041e0: 0c 80 00 00 d8 7f ff ff ff 80 00 00 00 00 00 00
000041f0: 00 00 00 00 00 01 00 00 01 b8 00 00 00 44 00 00
00004200: 00 68 c0 00 00 00 01 06 80 00 00 6c 3f ff ff ff
00004210: c0 00 00 00 00 00 00 00 00 00 00 00 00 80 00 00
00004220: de 00 00 00 22 00 00 00 36 60 00 00 00 00 83 60
00004230: 00 00 36 1f ff ff ff e0 00 00 00 00 00 00 00 00
00004240: 00 00 00 00 40 00 00 70 00 00 00 11 00 00 00 1c
00004250: 30 00 00 00 00 41 c0 00 00 1b 0f ff ff ff f0 00
00004260: 00 00 00 00 00 00 00 00 00 00 00 20 00 00 38 80
00004270: 00 00 08 80 00 00 0e 98 00 00 00 00 20 e8 00 00
00004280: 0d 87 ff ff ff f8 00 00 00 00 00 00 00 00 00 00
00004290: 00 00 10 00 00 1c 80 00 00 04 40 00 00 07 8c 00
000042a0: 00 00 00 10 78 00 00 06 c3 ff ff ff fc 00 00 00
000042b0: 00 00 00 00 00 00 00 00 00 08 00 00 0e 60 00 00
000042c0: 02 20 00 00 03 e6 00 00 00 00 08 3e 00 00 03 61
000042d0: ff ff ff fe 00 00 00 00 00 00 00 00 00 00 00 00
000042e0: 04 00 00 07 40 00 00 01 10 00 00 02 03 00 00 00
000042f0: 00 04 20 00 00 01 b0 ff ff ff ff 00 00 00 00 00
00004300: 00 00 00 00 00 00 00 02 00 00 03 a8 00 00 00 97
00004310: ff ff ff f9 80 00 00 00 00 00 00 01 c0 00 00 00
00004320: 00 00 00 00 00 00 00 00 00 00 00 00 00 00 00 00
00004330: 00 00 00 00 00 00 00 00 00 00 00 00 00 00 00 00
00004340: 00 00 00 00 00 00 00 00 00 00 00 00 00 00 00 00
00004350: 00 00 00 00 00 00 00 00 00 00 00 00 00 00 00 00
00004360: 00 00 00 00 00 00 00 00 00 00 00 00 00 00 00 00
00004370: 00 00 00 00 00 00 00 00 00 00 00 00 00 00 00 00
00004380: 00 00 00 00 00 00 00 00 00 00 00 00 00 00 00 00
00004390: 00 00 00 00 00 00 00 00 00 00 00 00 00 00 00 00
000043a0: 00 00 00 00 00 00 00 00 00 20 00 00 3b 00 00 00
000043b0: 09 ff ff ff ff 98 00 00 00 00 00 00 00 08 05 55
000043c0: 55 55 55 55 55 55 52 00 00 03 b8 00 00 00 ca 00
000043d0: 00 03 b9 80 00 00 00 00 00 00 02 44 00 80 00 00
000043e0: f0 00 00 00 34 80 00 00 f0 60 00 00 00 00 00 00
000043f0: 00 10 80 00 00 00 00 00 00 00 00 20 00 00 3c 80
00004400: 00 00 0d a0 00 00 3c 98 00 00 00 00 00 00 00 08
00004410: 00 00 00 00 00 00 00 00 00 00 00 00 00 00 00 00
00004420: 00 00 00 00 00 00 00 00 00 00 00 00 00 00 00 00
00004430: 00 00 00 00 00 00 00 00 00 00 00 00 00 00 00 00
00004440: 00 00 00 00 00 00 00 00 00 00 00 00 00 00 00 00
00004450: 00 00 00 00 00 00 00 00 00 00 00 00 00 00 00 00
00004460: 00 00 00 00 00 00 00 00 00 00 00 00 00 00 00 00
00004470: 00 00 00 00 00 00 00 00 00 00 00 00 00 00 00 00
00004480: 00 00 00 00 00 00 00 00 00 00 00 00 00 00 00 00
00004490: 00 00 00 00 00 00 00 00 00 00 00 00 00 00 00 00
000044a0: 00 00 00 00 00 00 00 00 00 00 00 00 00 00 00 00
000044b0: 00 00 00 00 00 00 00 00 00 00 00 00 00 00 00 00
000044c0: 00 00 00 00 00 00 00 00 00 00 00 00 00 00 00 00
000044d0: 00 00 00 00 00 00 00 00 00 00 00 00 00 00 00 00
000044e0: 00 00 00 00 00 00 00 00 00 00 00 00 00 00 00 00
000044f0: 00 00 00 00 00 00 00 00 00 00 00 00 00 00 00 00
00004500: 00 00 00 00 00 00 00 00 00 00 00 00 00 00 00 00
00004510: 02 00 00 03 d0 00 00 01 6a 00 00 03 d1 80 00 00
00004520: 00 00 00 00 00 0e 68 00 00 00 00 00 00 00 06 79
00004530: 8d 50 ae 79 8e c7 af fe 80 00 00 f6 00 00 00 08
00004540: e8 d2 da ca 60 00 00 00 00 00 00 00 00 50 48 00
00004550: 00 0f 80 00 00 02 b0 00 00 00 06 00 00 00 00 08
00004560: 00 00 00 00 00 7a 5f 8e 61 ec 11 2c 95 dc 10 e2
00004570: e4 d4 1b f1 cc 3d 82 25 92 bb 82 1c 5c 9a 83 00
00004580: 00 00 00 00 00 00 00 00 00 00 00 00 00 00 00 00
00004590: 00 00 00 00 00 00 00 00 00 00 00 00 00 00 00 00
000045a0: 00 00 00 00 00 00 00 00 00 00 00 00 00 00 00 00
000045b0: 00 00 00 00 00 00 00 00 00 00 00 00 00 00 00 00
000045c0: 00 00 00 00 00 00 00 00 00 00 00 00 00 00 00 00
000045d0: 00 00 00 00 00 00 00 00 00 00 00 00 00 00 00 00
000045e0: 00 00 2f c0 02 5b 0a 19 00 43 9a 3c f8 e2 e0 d1
000045f0: 00 50 00 00 1f 40 00 00 05 60 00 40 00 4c 00 00
00004600: 00 00 10 00 01 00 00 00 f4 af dc 43 d8 2b ea ab
00004610: 58 39 2c 29 a8 35 fb 88 7b 05 7d 55 6b 07 25 85
00004620: 35 06 00 00 00 00 00 00 00 00 00 00 00 00 00 00
00004630: 00 00 00 00 00 00 00 00 00 00 00 00 00 00 00 00
00004640: 00 00 00 00 00 00 00 00 00 00 00 00 00 00 00 00
00004650: 00 00 00 00 00 00 00 00 00 00 00 00 00 00 00 00
00004660: 00 00 00 00 00 00 00 00 00 00 00 00 00 00 00 00
00004670: 00 00 00 00 00 00 00 00 00 00 00 00 00 00 00 00
00004680: 00 00 00 00 00 5f 80 04 5e 5c 32 04 22 e7 f1 f1
00004690: 1c 39 aa 00 a0 00 00 3f 00 00 00 0a c0 01 00 01
000046a0: 18 00 00 00 00 20 00 04 00 00 01 e9 6c 81 d7 70
000046b0: 54 1c ac 70 50 2a 84 d0 6d 90 3a ee 0a 83 95 8e
000046c0: 0a 05 50 9a 0c 00 00 00 00 00 00 00 00 00 00 00
000046d0: 00 00 00 00 00 00 00 00 00 00 00 00 00 00 00 00
000046e0: 00 00 00 00 00 00 00 00 00 00 00 00 00 00 00 00
000046f0: 00 00 00 00 00 00 00 00 00 00 00 00 00 00 00 00
00004700: 00 00 00 00 00 00 00 00 00 00 00 00 00 00 00 00
00004710: 00 00 00 00 00 00 00 00 00 00 00 00 00 00 00 00
00004720: 00 00 00 00 00 00 00 00 be 00 02 01 2a 83 e5 d9
00004730: c0 0c 10 15 c4 5b f1 40 00 00 7f 00 00 00 15 80
00004740: 03 00 03 30 00 00 00 00 40 00 0c 00 00 03 d2 83
00004750: 75 66 e0 58 8d 0e a0 d9 7b 8f a0 d0 6e ac dc 0b
00004760: 11 a1 d4 1b 2f 71 f4 18 00 00 00 00 00 00 00 00
00004770: 00 00 00 00 00 00 00 00 00 00 00 00 00 00 00 00
00004780: 00 00 00 00 00 00 00 00 00 00 00 00 00 00 00 00
00004790: 00 00 00 00 00 00 00 00 00 00 00 00 00 00 00 00
000047a0: 00 00 00 00 00 00 00 00 00 00 00 00 00 00 00 00
000047b0: 00 00 00 00 00 00 00 00 00 00 00 00 00 00 00 00
000047c0: 00 00 00 00 00 00 00 00 00 00 01 80 00 10 14 de
000047d0: c8 0f 56 37 e8 20 1d 00 97 62 80 00 01 00 00 00
000047e0: 00 2b 00 08 00 08 60 00 00 00 00 80 00 20 00 00
000047f0: 07 a5 9f c8 31 c1 6b ba 0f 41 b1 15 13 41 b3 f9
00004800: 06 38 2d 77 41 e8 36 22 a2 68 30 00 00 00 00 00
00004810: 00 00 00 00 00 00 00 00 00 00 00 00 00 00 00 00
00004820: 00 00 00 00 00 00 00 00 00 00 00 00 00 00 00 00
00004830: 00 00 00 00 00 00 00 00 00 00 00 00 00 00 00 00
00004840: 00 00 00 00 00 00 00 00 00 00 00 00 00 00 00 00
00004850: 00 00 00 00 00 00 00 00 00 00 00 00 00 00 00 00
00004860: 00 00 00 00 00 00 00 00 00 00 00 00 00 03 00 00
00004870: 24 3f 90 50 15 c0 6e 50 7d 29 13 af c5 00 00 02
00004880: 04 00 00 00 56 00 14 00 14 c0 00 00 00 01 00 00
00004890: 50 00 00 0f 4a d1 6f 7f 81 64 df 4e 83 7a 1a 02
000048a0: 83 5a 2d ef f0 2c 9b e9 d0 6f 43 40 50 60 00 00
000048b0: 00 00 00 00 00 00 00 00 00 00 00 00 00 00 00 00
000048c0: 00 00 00 00 00 00 00 00 00 00 00 00 00 00 00 00
000048d0: 00 00 00 00 00 00 00 00 00 00 00 00 00 00 00 00
000048e0: 00 00 00 00 00 00 00 00 00 00 00 00 00 00 00 00
000048f0: 00 00 00 00 00 00 00 00 00 00 00 00 00 00 00 00
00004900: 00 00 00 00 00 00 00 00 00 00 00 00 00 00 00 00
00004910: 05 f8 00 47 b6 01 20 f5 24 86 21 0b 49 7b df 8a
00004920: 00 00 04 10 00 00 00 ac 00 30 00 31 80 00 00 00
00004930: 02 00 00 c0 00 00 1e 97 2b 02 25 04 0d a5 35 07
00004940: d8 cc c9 06 e5 60 44 a0 81 b4 a6 a0 fb 19 99 20
00004950: c0 00 00 00 00 00 00 00 00 00 00 00 00 00 00 00
00004960: 00 00 00 00 00 00 00 00 00 00 00 00 00 00 00 00
00004970: 00 00 00 00 00 00 00 00 00 00 00 00 00 00 00 00
00004980: 00 00 00 00 00 00 00 00 00 00 00 00 00 00 00 00
00004990: 00 00 00 00 00 00 00 00 00 00 00 00 00 00 00 00
000049a0: 00 00 00 00 00 00 00 00 00 00 00 00 00 00 00 00
000049b0: 00 00 00 0b f0 00 ec e4 fa 41 a3 d8 d7 41 b2 9f
000049c0: 91 3f 14 00 00 08 30 00 00 01 58 00 70 00 73 00
000049d0: 00 00 00 04 00 01 c0 00 00 3d 2c 40 bc 52 0e bc
000049e0: 4a da 0c 62 39 9a 0d 88 17 8a 41 d7 89 5b 41 8c
000049f0: 47 33 41 80 00 00 00 00 00 00 00 00 00 00 00 00
00004a00: 00 00 00 00 00 00 00 00 00 00 00 00 00 00 00 00
00004a10: 00 00 00 00 00 00 00 00 00 00 00 00 00 00 00 00
00004a20: 00 00 00 00 00 00 00 00 00 00 00 00 00 00 00 00
00004a30: 00 00 00 00 00 00 00 00 00 00 00 00 00 00 00 00
00004a40: 00 00 00 00 00 00 00 00 00 00 00 00 00 00 00 00
00004a50: 00 00 00 00 00 00 17 e0 01 52 77 f6 82 1b d3 bc
00004a60: 82 c2 79 34 7e 3f ff ff ff ff ff ff ff ff ff ff
00004a70: ff e0 01 ff ff ff ff ff ff ff ff ff ff ff fe 00
00004a80: 1f ff ff ff ff ff ff ff ff ff ff ff e0 01 ff ff
00004a90: ff ff ff ff ff ff ff ff ff fe 00 1f ff ff ff ff
00004aa0: ff ff ff ff ff ff ff e0 01 ff ff ff ff ff ff ff
00004ab0: ff ff ff ff fe 00 1f ff ff ff ff ff ff ff ff ff
00004ac0: ff ff e0 01 ff ff ff ff ff ff ff ff ff ff ff fe
00004ad0: 00 1f ff ff ff ff ff ff ff ff ff ff ff e0 01 ff
00004ae0: ff ff ff ff ff ff ff ff ff ff fe 00 1f ff ff ff
00004af0: ff ff ff ff ff ff ff ff e0 01 ff ff ff ff ff ff
00004b00: ff ff ff ff ff fe 00 1f ff ff ff ff ff ff ff ff
00004b10: ff ff ff e0 01 ff ff ff ff ff ff ff ff ff ff ff
00004b20: fe 00 1f ff ff ff ff ff ff ff ff ff ff ff e0 01
00004b30: ff ff ff ff ff ff ff ff ff ff ff fe 00 1f ff ff
00004b40: ff ff ff ff ff ff ff ff ff e0 01 ff ff ff ff ff
00004b50: ff ff ff ff ff ff fe 00 1f ff ff ff ff ff ff ff
00004b60: ff ff ff ff e0 01 ff ff ff ff ff ff ff ff ff ff
00004b70: ff fe 00 1f ff ff ff ff ff ff ff ff ff ff ff e0
00004b80: 01 ff ff ff ff ff ff ff ff ff ff ff fe 00 1f ff
00004b90: ff ff ff ff ff ff ff ff ff ff e0 01 ff ff ff ff
00004ba0: ff ff ff ff ff ff ff fe 00 1f ff ff ff ff ff ff
00004bb0: ff ff ff ff ff e0 01 ff ff ff ff ff ff ff ff ff
00004bc0: ff ff fe 00 1f ff ff ff ff ff ff ff ff ff ff ff
00004bd0: e0 01 ff ff ff ff ff ff ff ff ff ff ff fe 00 1f
00004be0: ff ff ff ff ff ff ff ff ff ff ff e0 01 ff ff ff
00004bf0: ff ff ff ff ff ff ff ff fe 00 1f ff ff ff ff ff
00004c00: ff ff ff ff ff ff e0 01 ff ff ff ff ff ff ff ff
00004c10: ff ff ff fe 00 1f ff ff ff ff ff ff ff ff ff ff
00004c20: ff e0 01 ff ff ff ff ff ff ff ff ff ff ff fe 00
00004c30: 1f ff ff ff ff ff ff ff ff ff ff ff e0 01 ff ff
00004c40: ff ff ff ff ff ff ff ff ff fe 00 1f ff ff ff ff
00004c50: ff ff ff ff ff ff ff e0 01 ff ff ff ff ff ff ff
00004c60: ff ff ff ff fe 00 1f ff ff ff ff ff ff ff ff ff
00004c70: ff ff e0 01 ff ff ff ff ff ff ff ff ff ff ff fe
00004c80: 00 1f ff ff ff ff ff ff ff ff ff ff ff e0 01 ff
00004c90: ff ff ff ff ff ff ff ff ff ff fe 00 1f ff ff ff
00004ca0: ff ff ff ff ff ff ff ff e0 01 ff ff ff ff ff ff
00004cb0: ff ff ff ff ff fe 00 1f ff ff ff ff ff ff ff ff
00004cc0: ff ff ff e0 01 ff ff ff ff ff ff ff ff ff ff ff
00004cd0: fe 00 1f ff ff ff ff ff ff ff ff ff ff ff e0 01
00004ce0: ff ff ff ff ff ff ff ff ff ff ff fe 00 1f ff ff
00004cf0: ff ff ff ff ff ff ff ff ff e0 01 ff ff ff ff ff
00004d00: ff ff ff ff ff ff fe 00 1f ff ff ff ff ff ff ff
00004d10: ff ff ff ff e0 01 ff ff ff ff ff ff ff ff ff ff
00004d20: ff fe 00 1f ff ff ff ff ff ff ff ff ff ff ff e0
00004d30: 01 ff ff ff ff ff ff ff ff ff ff ff fe 00 1f ff
00004d40: ff ff ff ff ff ff ff ff ff ff e0 01 ff ff ff ff
00004d50: ff ff ff ff ff ff ff fe 00 1f ff ff ff ff ff ff
00004d60: ff ff ff ff ff e0 01 ff ff ff ff ff ff ff ff ff
00004d70: ff ff fe 00 1f ff ff ff ff ff ff ff ff ff ff ff
00004d80: e0 01 ff ff ff ff ff ff ff ff ff ff ff fe 00 1f
00004d90: ff ff ff ff ff ff ff ff ff ff ff e0 01 ff ff ff
00004da0: ff ff ff ff ff ff ff ff fe 00 1f ff ff ff ff ff
00004db0: ff ff ff ff ff ff e0 01 ff ff ff ff ff ff ff ff
00004dc0: ff ff ff fe 00 1f ff ff ff ff ff ff ff ff ff ff
00004dd0: ff e0 01 ff ff ff ff ff ff ff ff ff ff ff fe 00
00004de0: 1f ff ff ff ff ff ff ff ff ff ff ff e0 01 ff ff
00004df0: ff ff ff ff ff ff ff ff ff fe 00 1f ff ff ff ff
00004e00: ff ff ff ff ff ff ff e0 01 ff ff ff ff ff ff ff
00004e10: ff ff ff ff fe 00 1f ff ff ff ff ff ff ff ff ff
00004e20: ff ff e0 01 ff ff ff ff ff ff ff ff ff ff ff fe
00004e30: 00 1f ff ff ff ff ff ff ff ff ff ff ff e0 01 ff
00004e40: ff ff ff ff ff ff ff ff ff ff fe 00 1f ff ff ff
00004e50: ff ff ff ff ff ff ff ff e0 01 ff ff ff ff ff ff
00004e60: ff ff ff ff ff fe 00 1f ff ff ff ff ff ff ff ff
00004e70: ff ff ff e0 01 ff ff ff ff ff ff ff ff ff ff ff
00004e80: fe 00 1f ff ff ff ff ff ff ff ff ff ff ff e0 01
00004e90: ff ff ff ff ff ff ff ff ff ff ff fe 00 1f ff ff
00004ea0: ff ff ff ff ff ff ff ff ff e0 01 ff ff ff ff ff
00004eb0: ff ff ff ff ff ff fe 00 1f ff ff ff ff ff ff ff
00004ec0: ff ff ff ff e0 01 ff ff ff ff ff ff ff ff ff ff
00004ed0: ff fe 00 1f ff ff ff ff ff ff ff ff ff ff ff e0
00004ee0: 01 ff ff ff ff ff ff ff ff ff ff ff fe 00 1f ff
00004ef0: ff ff ff ff ff ff ff ff ff ff e0 01 ff ff ff ff
00004f00: ff ff ff ff ff ff ff fe 00 1f ff ff ff ff ff ff
00004f10: ff ff ff ff ff e0 01 ff ff ff ff ff ff ff ff ff
00004f20: ff ff fe 00 1f ff ff ff ff ff ff ff ff ff ff ff
00004f30: e0 01 ff ff ff ff ff ff ff ff ff ff ff fe 00 1f
00004f40: ff ff ff ff ff ff ff ff ff ff ff e0 01 ff ff ff
00004f50: ff ff ff ff ff ff ff ff fe 00 1f ff ff ff ff ff
00004f60: ff ff ff ff ff ff e0 01 ff ff ff ff ff ff ff ff
00004f70: ff ff ff fe 00 1f ff ff ff ff ff ff ff ff ff ff
00004f80: ff e0 01 ff ff ff ff ff ff ff ff ff ff ff fe 00
00004f90: 1f ff ff ff ff ff ff ff ff ff ff ff e0 01 ff ff
00004fa0: ff ff ff ff ff ff ff ff ff fe 00 1f ff ff ff ff
00004fb0: ff ff ff ff ff ff ff e0 01 ff ff ff ff ff ff ff
00004fc0: ff ff ff ff fe 00 1f ff ff ff ff ff ff ff ff ff
00004fd0: ff ff e0 01 ff ff ff ff ff ff ff ff ff ff ff fe
00004fe0: 00 1f ff ff ff ff ff ff ff ff ff ff ff e0 01 ff
00004ff0: ff ff ff ff ff ff ff ff ff ff fe 00 1f ff ff ff
00005000: ff ff ff ff ff ff ff ff e0 01 ff ff ff ff ff ff
00005010: ff ff ff ff ff fe 00 1f ff ff ff ff ff ff ff ff
00005020: ff ff ff e0 01 ff ff ff ff ff ff ff ff ff ff ff
00005030: fe 00 1f ff ff ff ff ff ff ff ff ff ff ff e0 01
00005040: ff ff ff ff ff ff ff ff ff ff ff fe 00 1f ff ff
00005050: ff ff ff ff ff ff ff ff ff e0 01 ff ff ff ff ff
00005060: ff ff ff ff ff ff fe 00 1f ff ff ff ff ff ff ff
00005070: ff ff ff ff e0 01 ff ff ff ff ff ff ff ff ff ff
00005080: ff fe 00 1f ff ff ff ff ff ff ff ff ff ff ff e0
00005090: 01 ff ff ff ff ff ff ff ff ff ff ff fe 00 1f ff
000050a0: ff ff ff ff ff ff ff ff ff ff e0 01 ff ff ff ff
000050b0: ff ff ff ff ff ff ff fe 00 1f ff ff ff ff ff ff
000050c0: ff ff ff ff ff e0 01 ff ff ff ff ff ff ff ff ff
000050d0: ff ff fe 00 1f ff ff ff ff ff ff ff ff ff ff ff
000050e0: e0 01 ff ff ff ff ff ff ff ff ff ff ff fe 00 1f
000050f0: ff ff ff ff ff ff ff ff ff ff ff e0 01 ff ff ff
00005100: ff ff ff ff ff ff ff ff fe 00 1f ff ff ff ff ff
00005110: ff ff ff ff ff ff e0 01 ff ff ff ff ff ff ff ff
00005120: ff ff ff fe 00 1f ff ff ff ff ff ff ff ff ff ff
00005130: ff e0 01 ff ff ff ff ff ff ff ff ff ff ff fe 00
00005140: 1f ff ff ff ff ff ff ff ff ff ff ff e0 01 ff ff
00005150: ff ff ff ff ff ff ff ff ff fe 00 1f ff ff ff ff
00005160: ff ff ff ff ff ff ff e0 01 ff ff ff ff ff ff ff
00005170: ff ff ff ff fe 00 1f ff ff ff ff ff ff ff ff ff
00005180: ff ff e0 01 ff ff ff ff ff ff ff ff ff ff ff fe
00005190: 00 1f ff ff ff ff ff ff ff ff ff ff ff e0 01 ff
000051a0: ff ff ff ff ff ff ff ff ff ff fe 00 1f ff ff ff
000051b0: ff ff ff ff ff ff ff ff e0 01 ff ff ff ff ff ff
000051c0: ff ff ff ff ff fe 00 1f ff ff ff ff ff ff ff ff
000051d0: ff ff ff e0 01 ff ff ff ff ff ff ff ff ff ff ff
000051e0: fe 00 1f ff ff ff ff ff ff ff ff ff ff ff e0 01
000051f0: ff ff ff ff ff ff ff ff ff ff ff fe 00 1f ff ff
00005200: ff ff ff ff ff ff ff ff ff e0 01 ff ff ff ff ff
00005210: ff ff ff ff ff ff fe 00 1f ff ff ff ff ff ff ff
00005220: ff ff ff ff e0 01 ff ff ff ff ff ff ff ff ff ff
00005230: ff fe 00 1f ff ff ff ff ff ff ff ff ff ff ff e0
00005240: 01 ff ff ff ff ff ff ff ff ff ff ff fe 00 1f ff
00005250: ff ff ff ff ff ff ff ff ff ff e0 01 ff ff ff ff
00005260: ff ff ff ff ff ff ff fe 00 1f ff ff ff ff ff ff
00005270: ff ff ff ff ff e0 01 ff ff ff ff ff ff ff ff ff
00005280: ff ff fe 00 1f ff ff ff ff ff ff ff ff ff ff ff
00005290: e0 01 ff ff ff ff ff ff ff ff ff ff ff fe 00 1f
000052a0: ff ff ff ff ff ff ff ff ff ff ff e0 01 ff ff ff
000052b0: ff ff ff ff ff ff ff ff fe 00 1f ff ff ff ff ff
000052c0: ff ff ff ff ff ff e0 01 ff ff ff ff ff ff ff ff
000052d0: ff ff ff fe 00 1f ff ff ff ff ff ff ff ff ff ff
000052e0: ff e0 01 ff ff ff ff ff ff ff ff ff ff ff fe 00
000052f0: 1f ff ff ff ff ff ff ff ff ff ff ff e0 01 ff ff
00005300: ff ff ff ff ff ff ff ff ff fe 00 1f ff ff ff ff
00005310: ff ff ff ff ff ff ff e0 01 ff ff ff ff ff ff ff
00005320: ff ff ff ff fe 00 1f ff ff ff ff ff ff ff ff ff
00005330: ff ff e0 01 ff ff ff ff ff ff ff ff ff ff ff fe
00005340: 00 1f ff ff ff ff ff ff ff ff ff ff ff e0 01 ff
00005350: ff ff ff ff ff ff ff ff ff ff fe 00 1f ff ff ff
00005360: ff ff ff ff ff ff ff ff e0 01 ff ff ff ff ff ff
00005370: ff ff ff ff ff fe 00 1f ff ff ff ff ff ff ff ff
00005380: ff ff ff e0 01 ff ff ff ff ff ff ff ff ff ff ff
00005390: fe 00 1f ff ff ff ff ff ff ff ff ff ff ff e0 01
000053a0: ff ff ff ff ff ff ff ff ff ff ff fe 00 1f ff ff
000053b0: ff ff ff ff ff ff ff ff ff e0 01 ff ff ff ff ff
000053c0: ff ff ff ff ff ff fe 00 1f ff ff ff ff ff ff ff
000053d0: ff ff ff ff e0 01 ff ff ff ff ff ff ff ff ff ff
000053e0: ff fe 00 1f ff ff ff ff ff ff ff ff ff ff ff e0
000053f0: 01 ff ff ff ff ff ff ff ff ff ff ff fe 00 1f ff
00005400: ff ff ff ff ff ff ff ff ff ff e0 01 ff ff ff ff
00005410: ff ff ff ff ff ff ff fe 00 1f ff ff ff ff ff ff
00005420: ff ff ff ff ff e0 01 ff ff ff ff ff ff ff ff ff
00005430: ff ff fe 00 1f ff ff ff ff ff ff ff ff ff ff ff
00005440: e0 01 ff ff ff ff ff ff ff ff ff ff ff fe 00 1f
00005450: ff ff ff ff ff ff ff ff ff ff ff e0 01 ff ff ff
00005460: ff ff ff ff ff ff ff ff fe 00 1f ff ff ff ff ff
00005470: ff ff ff ff ff ff e0 01 ff ff ff ff ff ff ff ff
00005480: ff ff ff fe 00 1f ff ff ff ff ff ff ff ff ff ff
00005490: ff e0 01 ff ff ff ff ff ff ff ff ff ff ff fe 00
000054a0: 1f ff ff ff ff ff ff ff ff ff ff ff e0 01 ff ff
000054b0: ff ff ff ff ff ff ff ff ff fe 00 1f ff ff ff ff
000054c0: ff ff ff ff ff ff ff e0 01 ff ff ff ff ff ff ff
000054d0: ff ff ff ff fe 00 1f ff ff ff ff ff ff ff ff ff
000054e0: ff ff e0 01 ff ff ff ff ff ff ff ff ff ff ff fe
000054f0: 00 1f ff ff ff ff ff ff ff ff ff ff ff e0 01 ff
00005500: ff ff ff ff ff ff ff ff ff ff fe 00 1f ff ff ff
00005510: ff ff ff ff ff ff ff ff e0 01 ff ff ff ff ff ff
00005520: ff ff ff ff ff fe 00 1f ff ff ff ff ff ff ff ff
00005530: ff ff ff e0 01 ff ff ff ff ff ff ff ff ff ff ff
00005540: fe 00 1f ff ff ff ff ff ff ff ff ff ff ff e0 01
00005550: ff ff ff ff ff ff ff ff ff ff ff fe 00 1f ff ff
00005560: ff ff ff ff ff ff ff ff ff e0 01 ff ff ff ff ff
00005570: ff ff ff ff ff ff fe 00 1f ff ff ff ff ff ff ff
00005580: ff ff ff ff e0 01 ff ff ff ff ff ff ff ff ff ff
00005590: ff fe 00 1f ff ff ff ff ff ff ff ff ff ff ff e0
000055a0: 01 ff ff ff ff ff ff ff ff ff ff ff fe 00 1f ff
000055b0: ff ff ff ff ff ff ff ff ff ff e0 01 ff ff ff ff
000055c0: ff ff ff ff ff ff ff fe 00 1f ff ff ff ff ff ff
000055d0: ff ff ff ff ff e0 01 ff ff ff ff ff ff ff ff ff
000055e0: ff ff fe 00 1f ff ff ff ff ff ff ff ff ff ff ff
000055f0: e0 01 ff ff ff ff ff ff ff ff ff ff ff fe 00 1f
00005600: ff ff ff ff ff ff ff ff ff ff ff e0 01 ff ff ff
00005610: ff ff ff ff ff ff ff ff fe 00 1f ff ff ff ff ff
00005620: ff ff ff ff ff ff e0 01 ff ff ff ff ff ff ff ff
00005630: ff ff ff fe 00 1f ff ff ff ff ff ff ff ff ff ff
00005640: ff e0 01 ff ff ff ff ff ff ff ff ff ff ff fe 00
00005650: 1f ff ff ff ff ff ff ff ff ff ff ff e0 01 ff ff
00005660: ff ff ff ff ff ff ff ff ff fe 00 1f ff ff ff ff
00005670: ff ff ff ff ff ff ff e0 01 ff ff ff ff ff ff ff
00005680: ff ff ff ff fe 00 1f ff ff ff ff ff ff ff ff ff
00005690: ff ff e0 01 ff ff ff ff ff ff ff ff ff ff ff fe
000056a0: 00 1f ff ff ff ff ff ff ff ff ff ff ff e0 01 ff
000056b0: ff ff ff ff ff ff ff ff ff ff fe 00 1f ff ff ff
000056c0: ff ff ff ff ff ff ff ff e0 01 ff ff ff ff ff ff
000056d0: ff ff ff ff ff fe 00 1f ff ff ff ff ff ff ff ff
000056e0: ff ff ff e0 01 ff ff ff ff ff ff ff ff ff ff ff
000056f0: fe 00 1f ff ff ff ff ff ff ff ff ff ff ff e0 01
00005700: ff ff ff ff ff ff ff ff ff ff ff fe 00 1f ff ff
00005710: ff ff ff ff ff ff ff ff ff e0 01 ff ff ff ff ff
00005720: ff ff ff ff ff ff fe 00 1f ff ff ff ff ff ff ff
00005730: ff ff ff ff e0 01 ff ff ff ff ff ff ff ff ff ff
00005740: ff fe 00 1f ff ff ff ff ff ff ff ff ff ff ff e0
00005750: 01 ff ff ff ff ff ff ff ff ff ff ff fe 00 1f ff
00005760: ff ff ff ff ff ff ff ff ff ff e0 01 ff ff ff ff
00005770: ff ff ff ff ff ff ff fe 00 1f ff ff ff ff ff ff
00005780: ff ff ff ff ff e0 01 ff ff ff ff ff ff ff ff ff
00005790: ff ff fe 00 1f ff ff ff ff ff ff ff ff ff ff ff
000057a0: e0 01 ff ff ff ff ff ff ff ff ff ff ff fe 00 1f
000057b0: ff ff ff ff ff ff ff ff ff ff ff e0 01 ff ff ff
000057c0: ff ff ff ff ff ff ff ff fe 00 1f ff ff ff ff ff
000057d0: ff ff ff ff ff ff e0 01 ff ff ff ff ff ff ff ff
000057e0: ff ff ff fe 00 1f ff ff ff ff ff ff ff ff ff ff
000057f0: ff e0 01 ff ff ff ff ff ff ff ff ff ff ff fe 00
00005800: 1f ff ff ff ff ff ff ff ff ff ff ff e0 01 ff ff
00005810: ff ff ff ff ff ff ff ff ff fe 00 1f ff ff ff ff
00005820: ff ff ff ff ff ff ff e0 01 ff ff ff ff ff ff ff
00005830: ff ff ff ff fe 00 1f ff ff ff ff ff ff ff ff ff
00005840: ff ff e0 01 ff ff ff ff ff ff ff ff ff ff ff fe
00005850: 00 1f ff ff ff ff ff ff ff ff ff ff ff e0 01 ff
00005860: ff ff ff ff ff ff ff ff ff ff fe 00 1f ff ff ff
00005870: ff ff ff ff ff ff ff ff e0 01 ff ff ff ff ff ff
00005880: ff ff ff ff ff fe 00 1f ff ff ff ff ff ff ff ff
00005890: ff ff ff e0 01 ff ff ff ff ff ff ff ff ff ff ff
000058a0: fe 00 1f ff ff ff ff ff ff ff ff ff ff ff e0 01
000058b0: ff ff ff ff ff ff ff ff ff ff ff fe 00 1f ff ff
000058c0: ff ff ff ff ff ff ff ff ff e0 01 ff ff ff ff ff
000058d0: ff ff ff ff ff ff fe 00 1f ff ff ff ff ff ff ff
000058e0: ff ff ff ff e0 01 ff ff ff ff ff ff ff ff ff ff
000058f0: ff fe 00 1f ff ff ff ff ff ff ff ff ff ff ff e0
00005900: 01 ff ff ff ff ff ff ff ff ff ff ff fe 00 1f ff
00005910: ff ff ff ff ff ff ff ff ff ff e0 01 ff ff ff ff
00005920: ff ff ff ff ff ff ff fe 00 1f ff ff ff ff ff ff
00005930: ff ff ff ff ff e0 01 ff ff ff ff ff ff ff ff ff
00005940: ff ff fe 00 1f ff ff ff ff ff ff ff ff ff ff ff
00005950: e0 01 ff ff ff ff ff ff ff ff ff ff ff fe 00 1f
00005960: ff ff ff ff ff ff ff ff ff ff ff e0 01 ff ff ff
00005970: ff ff ff ff ff ff ff ff fe 00 1f ff ff ff ff ff
00005980: ff ff ff ff ff ff e0 01 ff ff ff ff ff ff ff ff
00005990: ff ff ff fe 00 1f ff ff ff ff ff ff ff ff ff ff
000059a0: ff e0 01 ff ff ff ff ff ff ff ff ff ff ff fe 00
000059b0: 1f ff ff ff ff ff ff ff ff ff ff ff e0 01 ff ff
000059c0: ff ff ff ff ff ff ff ff ff fe 00 1f ff ff ff ff
000059d0: ff ff ff ff ff ff ff e0 01 ff ff ff ff ff ff ff
000059e0: ff ff ff ff fe 00 1f ff ff ff ff ff ff ff ff ff
000059f0: ff ff e0 01 ff ff ff ff ff ff ff ff ff ff ff fe
00005a00: 00 1f ff ff ff ff ff ff ff ff ff ff ff e0 01 ff
00005a10: ff ff ff ff ff ff ff ff ff ff fe 00 1f ff ff ff
00005a20: ff ff ff ff ff ff ff ff e0 01 ff ff ff ff ff ff
00005a30: ff ff ff ff ff fe 00 1f ff ff ff ff ff ff ff ff
00005a40: ff ff ff e0 01 ff ff ff ff ff ff ff ff ff ff ff
00005a50: fe 00 1f ff ff ff ff ff ff ff ff ff ff ff e0 01
00005a60: ff ff ff ff ff ff ff ff ff ff ff fe 00 1f ff ff
00005a70: ff ff ff ff ff ff ff ff ff e0 01 ff ff ff ff ff
00005a80: ff ff ff ff ff ff fe 00 1f ff ff ff ff ff ff ff
00005a90: ff ff ff ff e0 01 ff ff ff ff ff ff ff ff ff ff
00005aa0: ff fe 00 1f ff ff ff ff ff ff ff ff ff ff ff e0
00005ab0: 01 ff ff ff ff ff ff ff ff ff ff ff fe 00 1f ff
00005ac0: ff ff ff ff ff ff ff ff ff ff e0 01 ff ff ff ff
00005ad0: ff ff ff ff ff ff ff fe 00 1f ff ff ff ff ff ff
00005ae0: ff ff ff ff ff e0 01 ff ff ff ff ff ff ff ff ff
00005af0: ff ff fe 00 1f ff ff ff ff ff ff ff ff ff ff ff
00005b00: e0 01 ff ff ff ff ff ff ff ff ff ff ff fe 00 1f
00005b10: ff ff ff ff ff ff ff ff ff ff ff e0 01 ff ff ff
00005b20: ff ff ff ff ff ff ff ff fe 00 1f ff ff ff ff ff
00005b30: ff ff ff ff ff ff e0 01 ff ff ff ff ff ff ff ff
00005b40: ff ff ff fe 00 1f ff ff ff ff ff ff ff ff ff ff
00005b50: ff e0 01 ff ff ff ff ff ff ff ff ff ff ff fe 00
00005b60: 1f ff ff ff ff ff ff ff ff ff ff ff e0 01 ff ff
00005b70: ff ff ff ff ff ff ff ff ff fe 00 1f ff ff ff ff
00005b80: ff ff ff ff ff ff ff e0 01 ff ff ff ff ff ff ff
00005b90: ff ff ff ff fe 00 1f ff ff ff ff ff ff ff ff ff
00005ba0: ff ff e0 01 ff ff ff ff ff ff ff ff ff ff ff fe
00005bb0: 00 1f ff ff ff ff ff ff ff ff ff ff ff e0 01 ff
00005bc0: ff ff ff ff ff ff ff ff ff ff fe 00 1f ff ff ff
00005bd0: ff ff ff ff ff ff ff ff e0 01 ff ff ff ff ff ff
00005be0: ff ff ff ff ff fe 00 1f ff ff ff ff ff ff ff ff
00005bf0: ff ff ff e0 01 ff ff ff ff ff ff ff ff ff ff ff
00005c00: fe 00 1f ff ff ff ff ff ff ff ff ff ff ff e0 01
00005c10: ff ff ff ff ff ff ff ff ff ff ff fe 00 1f ff ff
00005c20: ff ff ff ff ff ff ff ff ff e0 01 ff ff ff ff ff
00005c30: ff ff ff ff ff ff fe 00 1f ff ff ff ff ff ff ff
00005c40: ff ff ff ff e0 01 ff ff ff ff ff ff ff ff ff ff
00005c50: ff fe 00 1f ff ff ff ff ff ff ff ff ff ff ff e0
00005c60: 01 ff ff ff ff ff ff ff ff ff ff ff fe 00 1f ff
00005c70: ff ff ff ff ff ff ff ff ff ff e0 01 ff ff ff ff
00005c80: ff ff ff ff ff ff ff fe 00 1f ff ff ff ff ff ff
00005c90: ff ff ff ff ff e0 01 ff ff ff ff ff ff ff ff ff
00005ca0: ff ff fe 00 1f ff ff ff ff ff ff ff ff ff ff ff
00005cb0: e0 01 ff ff ff ff ff ff ff ff ff ff ff fe 00 1f
00005cc0: ff ff ff ff ff ff ff ff ff ff ff e0 01 ff ff ff
00005cd0: ff ff ff ff ff ff ff ff fe 00 1f ff ff ff ff ff
00005ce0: ff ff ff ff ff ff e0 01 ff ff ff ff ff ff ff ff
00005cf0: ff ff ff fe 00 1f ff ff ff ff ff ff ff ff ff ff
00005d00: ff e0 01 ff ff ff ff ff ff ff ff ff ff ff fe 00
00005d10: 1f ff ff ff ff ff ff ff ff ff ff ff e0 01 ff ff
00005d20: ff ff ff ff ff ff ff ff ff fe 00 1f ff ff ff ff
00005d30: ff ff ff ff ff ff ff e0 01 ff ff ff ff ff ff ff
00005d40: ff ff ff ff fe 00 1f ff ff ff ff ff ff ff ff ff
00005d50: ff ff e0 01 ff ff ff ff ff ff ff ff ff ff ff fe
00005d60: 00 1f ff ff ff ff ff ff ff ff ff ff ff e0 01 ff
00005d70: ff ff ff ff ff ff ff ff ff ff fe 00 1f ff ff ff
00005d80: ff ff ff ff ff ff ff ff e0 01 ff ff ff ff ff ff
00005d90: ff ff ff ff ff fe 00 1f ff ff ff ff ff ff ff ff
00005da0: ff ff ff e0 01 ff ff ff ff ff ff ff ff ff ff ff
00005db0: fe 00 1f ff ff ff ff ff ff ff ff ff ff ff e0 01
00005dc0: ff ff ff ff ff ff ff ff ff ff ff fe 00 1f ff ff
00005dd0: ff ff ff ff ff ff ff ff ff e0 01 ff ff ff ff ff
00005de0: ff ff ff ff ff ff fe 00 1f ff ff ff ff ff ff ff
00005df0: ff ff ff ff e0 01 ff ff ff ff ff ff ff ff ff ff
00005e00: ff fe 00 1f ff ff ff ff ff ff ff ff ff ff ff e0
00005e10: 01 ff ff ff ff ff ff ff ff ff ff ff fe 00 1f ff
00005e20: ff ff ff ff ff ff ff ff ff ff e0 01 ff ff ff ff
00005e30: ff ff ff ff ff ff ff fe 00 1f ff ff ff ff ff ff
00005e40: ff ff ff ff ff e0 01 ff ff ff ff ff ff ff ff ff
00005e50: ff ff fe 00 1f ff ff ff ff ff ff ff ff ff ff ff
00005e60: e0 01 ff ff ff ff ff ff ff ff ff ff ff fe 00 08
00005e70: 00 00 40 00 00 00 04 7c 6d 80 31 46 00 00 00 01
00005e80: 31 0d 8c 3b 5e d0 00 00 ce 80 90 21 80 01 00 93
00005e90: 29 eb fa de b8 e0 00 00 9f 00 95 6c 2e 42 34 56
00005ea0: 06 41 f7 ff 00 3f 18 1f fa 20 00 00 02 d8 00 00
00005eb0: 00 00 00 00 00 00 00 00 38 04 40 80 1c 0b 01 40
00005ec0: 00 58 12 00 01 00 bc 00 01 42 30 00 00 03 01 50
00005ed0: 00 14 15 80 00 34 04 00 00 01 3f c0 00 3f c0 00
00005ee0: 3f c0 00 3f c0 00 00 09 40 5a 50 5e 80 40 06 50
00005ef0: 68 08 06 10 78 08 01 5a 50 70 5a 50 38 85 f5 e4
00005f00: 95 e8 10 06 10 68 08 06 58 c2 50 21 50 08 00 00
00005f10: 00 00 06 00 01 00 04 73 40 32 80 09 bf ff ff f8
00005f20: 18 01 d9 19 58 af 52 40 00 25 09 20 20 04 54 1f
00005f30: 20 00 00 00 00 00 00 00 00 00 00 18 38 80 08 00
00005f40: 00 04 00 00 30 00 03 56 a6 3b 64 00 00 00 00 01
00005f50: 40 00 00 68 06 00 60 00 01 80 00 06 00 00 1d 6e
00005f60: cf b7 2d a8 59 2c f3 e1 8e 06 00 90 58 0b 4d 8a
00005f70: d2 ad 73 c8 7f 24 01 d7 08 35 8b cb b1 a0 f9 42
00005f80: 19 01 60 09 dc 7d 19 17 ee 69 e3 42 03 c9 00 75
00005f90: 80 00 3e 54 a1 64 b3 cf 86 50 14 49 2e a7 51 1d
00005fa0: 28 c0 00 07 d7 4e 64 03 75 cc 72 cc 00 1f 85 f8
00005fb0: 00 01 00 00 00 00 00 00 00 00 00 00 00 00 00 00
00005fc0: 00 00 00 00 00 00 00 00 00 00 00 04 00 00 20 10
00005fd0: 00 00 02 3e 37 20 19 63 00 00 00 00 98 86 c6 1d
00005fe0: af 68 01 00 67 40 48 10 89 ac c0 4a c0 00 82 10
00005ff0: 1d 25 fd 6f 5c 70 00 00 4f 80 0f 24 c5 60 70 6d
00006000: c4 20 e3 f8 4d df 8e 53 fd 10 00 00 01 6c 00 00
00006010: 00 00 00 00 00 00 00 00 63 82 60 58 2c 06 01 c0
00006020: 00 2e 09 81 60 79 22 00 01 20 80 00 00 01 a0 a0
00006030: 14 09 12 00 00 0c 08 80 00 00 9f e0 00 1f e0 00
00006040: 1f e0 00 1f e0 00 00 04 a0 2d 28 2f 40 20 0b 28
00006050: 34 04 03 08 3c 04 00 ad 28 38 2d 28 1c 43 5a 12
00006060: 63 ac 10 03 08 34 04 03 2c 61 28 10 a8 04 00 00
00006070: 00 00 03 00 00 80 02 39 a0 2d f0 08 df ff ff fc
00006080: 0c 00 ec 8c ac 57 a9 20 00 12 84 90 90 02 2a 0f
00006090: 90 00 00 00 00 00 00 00 00 00 00 08 a0 40 04 00
000060a0: 02 00 00 00 18 00 01 1f 53 1d d2 00 00 00 00 00
000060b0: a0 00 00 7c 0f 00 30 00 00 c0 00 03 00 00 0e b9
000060c0: 38 7a 8b 94 2c 96 79 f0 cd 03 00 8f 85 be 92 dd
000060d0: c8 8b 93 04 2f 24 05 d7 08 35 8b cb b1 a0 f9 42
000060e0: 19 c1 60 11 dc 7d 19 17 ee 69 e3 42 03 c9 01 75
000060f0: 80 00 3e 54 a1 64 b3 cf 86 80 14 49 2e a7 50 95
00006100: 28 c0 00 05 ef 36 47 5a 31 8f 35 b4 00 1f 85 f8
00006110: 00 01 00 00 00 00 00 00 00 00 00 00 00 00 00 00
00006120: 00 00 00 00 00 00 00 00 00 00 00 04 00 00 20 20
00006130: 00 00 02 3e 37 80 1a 23 00 00 00 00 98 86 c6 1d
00006140: af 68 02 00 67 40 48 10 c0 00 80 4a 4c b5 fd 6f
00006150: 5c 70 00 00 4f 80 59 99 17 a1 26 72 87 a0 fb ff
00006160: 80 1f 8c 03 fd 10 00 00 01 6c 00 00 00 00 00 00
00006170: 00 00 00 00 08 02 00 40 0e 06 80 a0 00 2c 09 00
00006180: 00 90 5e 00 00 a0 58 00 00 01 80 a8 00 0b 0a c0
00006190: 00 1a 06 00 00 00 9f e0 00 1f e0 00 1f e0 00 1f
000061a0: e0 00 00 04 a0 2d 28 2f 40 20 03 28 34 04 03 08
000061b0: 3c 04 00 ad 28 38 2d 28 1c 42 fa f2 4a f4 08 03
000061c0: 08 34 04 03 2c 61 28 10 a8 04 00 00 00 00 03 00
000061d0: 00 80 02 39 a0 19 b0 04 df ff ff fc 0c 00 ec 8c
000061e0: ac 57 ab 20 00 09 52 48 88 01 15 07 c8 00 00 00
000061f0: 00 00 00 00 00 00 00 06 02 e0 02 01 00 00 00 00
00006200: 0c 00 00 d7 29 8e f9 00 00 00 00 00 50 00 00 0a
00006210: 00 80 00 88 08 00 60 00 01 80 00 07 5b 8d 58 51
00006220: 62 16 4b 3c f8 69 81 80 24 fb 31 11 16 36 f4 b6
00006230: 00 17 92 04 eb 2a c9 c2 ff 42 c9 67 9f 0d 40 30
00006240: 04 93 e3 8a 82 ec 1f 20 fa 02 f2 40 9d 60 00 0f
00006250: 95 28 59 2c f3 e1 ac 05 12 4b a9 d4 13 4a b0 00
00006260: 01 7b 06 90 25 6b de 5c f9 00 07 e1 7e 00 00 40
00006270: 00 00 00 00 00 00 00 00 00 00 00 00 00 00 00 00
00006280: 00 00 00 00 00 00 00 00 01 00 00 08 0c 00 00 00
00006290: 8f 8d f8 06 b8 c0 00 00 00 26 21 b1 87 6b da 00
000062a0: c0 19 d0 12 04 30 00 20 12 ae bd 7f 5b d7 1c 00
000062b0: 00 13 e0 16 66 45 e8 4a 95 a3 28 3e ff e0 07 e3
000062c0: ff ff 44 00 00 00 5b 00 00 00 00 00 00 00 00 00
000062d0: 00 18 60 88 10 03 81 60 28 00 0b 02 40 00 62 2e
000062e0: 80 00 28 46 00 00 00 60 2a 00 06 a4 00 00 06 80
000062f0: 80 00 00 27 f8 00 07 f8 00 07 f8 00 07 f8 00 00
00006300: 01 28 0b 4a 0b d0 08 00 ca 0d 01 00 c2 0f 01 00
00006310: 2b 4a 0e 0b 4a 07 10 be bc 92 bd 02 00 c2 0d 01
00006320: 00 cb 18 4a 04 2a 01 00 00 00 00 00 c0 00 20 00
00006330: 8e 68 07 e4 01 37 ff ff ff 03 00 3b 23 2b 15 eb
00006340: 48 00 01 2c 49 19 00 22 a0 f9 00 00 00 00 00 00
00006350: 00 00 00 00 00 bf a4 00 40 00 00 00 20 01 80 00
00006360: 1a f6 51 e1 b1 e3 20 00 00 00 00 0a 00 00 04 40
00006370: 80 03 00 00 0c 00 00 30 00 00 eb 80 97 7b a5 42
00006380: c9 67 9f 0d 90 30 04 db ea 27 15 4f a4 cb 7b 42
00006390: f2 40 dd 78 61 b0 f8 e8 59 2c f3 e1 b4 06 00 9f
000063a0: ea c4 ab 5c 9d 02 65 10 5e 48 1b ac 00 01 f2 a5
000063b0: 0b 25 9e 7c 37 80 a2 49 75 3a 91 29 66 00 00 2f
000063c0: 79 b2 3a d1 8c 79 ad a0 00 fc 2f c0 00 08 00 00
000063d0: 00 00 00 00 00 00 00 00 00 00 00 00 00 00 00 00
000063e0: 00 00 00 00 00 00 00 20 00 01 02 00 00 00 11 f1
000063f0: c3 00 df 18 00 00 00 04 c4 36 30 ed 7b 40 20 03
00006400: 3a 02 40 86 00 04 10 63 0d 2f eb 7a e3 80 00 02
00006410: 7c 01 6d b1 bf 02 be 8a 15 06 90 52 72 fc 70 ff
00006420: e8 80 00 00 0b 60 00 00 00 00 00 00 00 00 00 00
00006430: ac 0e 04 00 d0 60 11 00 00 f0 50 00 01 05 50 00
00006440: 02 01 90 40 00 03 05 80 00 10 79 00 00 20 1d 04
00006450: 00 04 ff 00 00 ff 00 00 ff 00 00 ff 00 00 00 25
00006460: 01 69 41 7a 01 00 59 41 a0 20 18 41 e0 20 05 69
00006470: 41 c1 69 40 e2 17 d7 92 57 a0 40 18 41 a0 20 19
00006480: 63 09 40 85 40 20 00 00 00 00 18 00 04 00 11 cd
00006490: 00 ee 00 46 ff ff ff e0 60 07 64 65 62 bd 49 00
000064a0: 00 94 24 90 80 11 50 7c 80 00 00 00 00 00 00 00
000064b0: 00 00 00 41 ce 00 20 00 10 00 00 00 c0 00 09 2a
000064c0: 98 f2 10 00 00 00 00 05 00 00 06 61 2c 00 07 80
000064d0: e0 06 00 00 18 00 00 75 a4 60 ce 96 a1 64 b3 cf
000064e0: 87 08 18 04 59 ea 74 f7 25 1e ff 09 21 fc 90 47
000064f0: 5c 25 e9 4f 6a 16 4b 3c f8 71 81 80 44 4c 5e fe
00006500: 57 02 db b5 22 1f c9 04 75 80 00 3e 54 a1 64 b3
00006510: cf 87 28 14 49 2e a7 50 95 28 c0 00 05 ef 36 47
00006520: 5a 31 8f 35 b4 00 1f 85 f8 00 01 00 00 00 00 00
00006530: 00 00 00 00 00 00 00 00 00 00 00 00 00 00 00 00
00006540: 00 00 00 00 04 00 00 20 50 00 00 02 3e 38 d0 1c
00006550: c3 00 00 00 00 98 86 c6 1d af 68 05 00 67 40 48
00006560: 10 c0 00 82 0c 05 c5 fd 6f 5c 70 00 00 4f 80 26
00006570: 91 b5 60 52 ed c0 20 fc 93 4e 5f 8e 17 fd 10 00
00006580: 00 01 6c 00 00 00 00 00 00 00 00 00 00 45 82 e0
00006590: 20 10 02 00 c0 00 22 0d 80 01 50 4a 00 02 80 f0
000065a0: 00 00 00 e0 e8 00 17 09 00 00 2e 10 80 00 00 9f
000065b0: e0 00 1f e0 00 1f e0 00 1f e0 00 00 04 a0 2d 28
000065c0: 2f 40 20 0b 28 34 04 03 08 3c 04 00 ad 28 38 2d
000065d0: 28 1c 42 93 3e 72 3c 0c 03 08 34 04 03 2c 61 28
000065e0: 10 a8 04 00 00 00 00 03 00 00 80 02 39 a0 10 80
000065f0: 08 df ff ff fc 0c 00 ec 8c ac 57 a7 20 00 24 c9
00006600: 25 20 04 54 1f 20 00 00 00 00 00 00 00 00 00 00
00006610: 10 5c 80 08 00 00 04 00 00 30 00 02 fa ca 3c c6
00006620: 3d 04 00 00 00 00 01 40 00 00 88 10 00 00 60 0c
00006630: 01 80 00 06 00 00 1d 70 12 ef 74 a8 59 2c f3 e2
00006640: 2c 06 01 1b 7d 44 e2 a9 f4 99 6f 68 5e 48 2b ac
00006650: 34 83 11 a5 0b 25 9e 7c 45 c0 c0 22 2a 80 fd d5
00006660: f2 40 f0 9c 07 92 5d 60 00 0f 95 28 59 2c f3 e2
00006670: 36 05 12 4b a9 d4 47 49 b0 00 01 5b d4 6c a1 50
00006680: e3 57 0c 00 07 e1 7e 00 00 40 00 00 00 00 00 00
00006690: 00 00 00 00 00 00 00 00 00 00 00 00 00 00 00 00
000066a0: 00 00 01 00 00 08 18 00 00 00 8f 8e 54 08 e0 c0
000066b0: 00 00 00 26 21 b1 87 6b da 01 80 19 d0 12 04 30
000066c0: 00 20 82 20 59 7f 5b d7 1c 00 00 13 e0 1a 5c 90
000066d0: 38 1f 53 2f 08 31 66 f3 97 e3 78 ff 44 00 00 00
000066e0: 5b 00 00 00 00 00 00 00 00 00 00 0b 80 b0 08 07
000066f0: 00 60 08 00 08 83 60 00 54 12 80 00 a0 40 00 00
00006700: 00 38 3a 00 05 c2 40 00 0b 84 00 00 00 27 f8 00
00006710: 07 f8 00 07 f8 00 07 f8 00 00 01 28 0b 4a 0b d0
00006720: 08 02 ca 0d 01 00 c2 0f 01 00 2b 4a 0e 0b 4a 07
00006730: 10 a4 cf 9c 8f 03 00 c2 0d 01 00 cb 18 4a 04 2a
00006740: 01 00 00 00 00 00 c0 00 20 00 8e 68 05 00 02 37
00006750: ff ff ff 03 00 3b 23 2b 15 ea c8 00 02 54 92 62
00006760: 00 45 41 f2 00 00 00 00 00 00 00 00 00 00 01 f8
00006770: 48 00 80 00 00 40 00 03 00 00 2f 8a 63 d2 40 00
00006780: 00 00 00 14 00 00 06 80 60 00 3e 07 80 18 00 00
00006790: 60 00 01 d6 46 08 8f 62 85 92 cf 3e 23 c0 60 11
000067a0: bc b3 e1 cf 80 5e c8 37 07 f2 41 9d 72 70 f5 17
000067b0: 28 59 2c f3 e2 3e 06 01 1f 0b 7d 25 bb 91 17 26
000067c0: 08 5e 48 33 ac 00 01 f2 a5 0b 25 9e 7c 48 40 a2
000067d0: 49 75 3a 88 e9 56 00 00 2f 60 d2 04 ad 7b cb 9f
000067e0: 20 00 fc 2f c0 00 08 00 00 00 00 00 00 00 00 00
000067f0: 00 00 00 00 00 00 00 00 00 00 00 00 00 00 00 00
00006800: 20 00 01 03 80 00 00 11 f1 cd 81 22 18 00 00 00
00006810: 04 c4 36 30 ed 7b 40 38 03 3a 02 40 86 00 04 02
00006820: 5b 95 af eb 7a e3 80 00 02 7c 02 97 3c b9 09 d0
00006830: f0 8d 07 df fc 00 fc 7f 9f e8 80 00 00 0b 60 00
00006840: 00 00 00 00 00 00 00 00 00 90 07 02 40 20 54 0d
00006850: 00 00 60 1c 00 00 44 d0 00 04 05 40 00 00 09 02
00006860: 40 00 04 71 00 00 a0 58 00 00 04 ff 00 00 ff 00
00006870: 00 ff 00 00 ff 00 00 00 25 01 69 41 7a 01 00 19
00006880: 41 a0 20 18 41 e0 20 05 69 41 c1 69 40 e2 1d d9
00006890: b2 5b a0 60 18 41 a0 20 19 63 09 40 85 40 20 00
000068a0: 00 00 00 18 00 04 00 11 cd 00 f7 00 26 ff ff ff
000068b0: e0 60 07 64 65 62 bd 59 00 00 4a 92 4e 40 08 a8
000068c0: 3e 40 00 00 00 00 00 00 00 00 00 00 2f 8f 00 10
000068d0: 08 00 00 00 00 60 00 06 cd 4c 7a e8 00 00 00 00
000068e0: 02 80 00 01 90 18 00 01 40 10 03 00 00 0c 00 00
000068f0: 3a ed 86 76 12 90 b2 59 e7 c4 90 0c 01 26 a1 7c
00006900: 57 73 94 40 e7 10 fe 48 3b ad c6 ac 28 b1 0b 25
00006910: 9e 7c 49 40 c0 12 7d 98 88 8b 1b 7a 5b 00 0b c9
00006920: 07 75 80 00 3e 54 a1 64 b3 cf 89 38 14 49 2e a7
00006930: 50 4d 2a c0 00 07 d7 4e 64 03 75 cc 72 cc 00 1f
00006940: 85 f8 00 01 00 00 00 00 00 00 00 00 00 00 00 00
00006950: 00 00 00 00 00 00 00 00 00 00 00 00 00 0f ff ff
00006960: ff ff ff ff ff ff ff ff ff f0 00 ff ff ff ff ff
00006970: ff ff ff ff ff ff ff 00 0f ff ff ff ff ff ff ff
00006980: ff ff ff ff f0 00 ff ff ff ff ff ff ff ff ff ff
00006990: ff ff 00 0f ff ff ff ff ff ff ff ff ff ff ff f0
000069a0: 00 ff ff ff ff ff ff ff ff ff ff ff ff 00 0f ff
000069b0: ff ff ff ff ff ff ff ff ff ff f0 00 ff ff ff ff
000069c0: ff ff ff ff ff ff ff ff 00 0f ff ff ff ff ff ff
000069d0: ff ff ff ff ff f0 00 ff ff ff ff ff ff ff ff ff
000069e0: ff ff ff 00 0f ff ff ff ff ff ff ff ff ff ff ff
000069f0: f0 00 ff ff ff ff ff ff ff ff ff ff ff ff 00 0f
00006a00: ff ff ff ff ff ff ff ff ff ff ff f0 00 ff ff ff
00006a10: ff ff ff ff ff ff ff ff ff 00 0f ff ff ff ff ff
00006a20: ff ff ff ff ff ff f0 00 ff ff ff ff ff ff ff ff
00006a30: ff ff ff ff 00 0f ff ff ff ff ff ff ff ff ff ff
00006a40: ff f0 00 ff ff ff ff ff ff ff ff ff ff ff ff 00
00006a50: 0f ff ff ff ff ff ff ff ff ff ff ff f0 00 ff ff
00006a60: ff ff ff ff ff ff ff ff ff ff 00 0f ff ff ff ff
00006a70: ff ff ff ff ff ff ff f0 00 ff ff ff ff ff ff ff
00006a80: ff ff ff ff ff 00 0f ff ff ff ff ff ff ff ff ff
00006a90: ff ff f0 00 ff ff ff ff ff ff ff ff ff ff ff ff
00006aa0: 00 0f ff ff ff ff ff ff ff ff ff ff ff f0 00 ff
00006ab0: ff ff ff ff ff ff ff ff ff ff ff 00 0f ff ff ff
00006ac0: ff ff ff ff ff ff ff ff f0 00 ff ff ff ff ff ff
00006ad0: ff ff ff ff ff ff 00 0f ff ff ff ff ff ff ff ff
00006ae0: ff ff ff f0 00 ff ff ff ff ff ff ff ff ff ff ff
00006af0: ff 00 0f ff ff ff ff ff ff ff ff ff ff ff f0 00
00006b00: ff ff ff ff ff ff ff ff ff ff ff ff 00 0f ff ff
00006b10: ff ff ff ff ff ff ff ff ff f0 00 ff ff ff ff ff
00006b20: ff ff ff ff ff ff ff 00 0f ff ff ff ff ff ff ff
00006b30: ff ff ff ff f0 00 ff ff ff ff ff ff ff ff ff ff
00006b40: ff ff 00 0f ff ff ff ff ff ff ff ff ff ff ff f0
00006b50: 00 ff ff ff ff ff ff ff ff ff ff ff ff 00 0f ff
00006b60: ff ff ff ff ff ff ff ff ff ff f0 00 ff ff ff ff
00006b70: ff ff ff ff ff ff ff ff 00 0f ff ff ff ff ff ff
00006b80: ff ff ff ff ff f0 00 ff ff ff ff ff ff ff ff ff
00006b90: ff ff ff 00 0f ff ff ff ff ff ff ff ff ff ff ff
00006ba0: f0 00 ff ff ff ff ff ff ff ff ff ff ff ff 00 0f
00006bb0: ff ff ff ff ff ff ff ff ff ff ff f0 00 ff ff ff
00006bc0: ff ff ff ff ff ff ff ff ff 00 0f ff ff ff ff ff
00006bd0: ff ff ff ff ff ff f0 00 ff ff ff ff ff ff ff ff
00006be0: ff ff ff ff 00 0f ff ff ff ff ff ff ff ff ff ff
00006bf0: ff f0 00 ff ff ff ff ff ff ff ff ff ff ff ff 00
00006c00: 0f ff ff ff ff ff ff ff ff ff ff ff f0 00 ff ff
00006c10: ff ff ff ff ff ff ff ff ff ff 00 0f ff ff ff ff
00006c20: ff ff ff ff ff ff ff f0 00 ff ff ff ff ff ff ff
00006c30: ff ff ff ff ff 00 0f ff ff ff ff ff ff ff ff ff
00006c40: ff ff f0 00 ff ff ff ff ff ff ff ff ff ff ff ff
00006c50: 00 0f ff ff ff ff ff ff ff ff ff ff ff f0 00 ff
00006c60: ff ff ff ff ff ff ff ff ff ff ff 00 0f ff ff ff
00006c70: ff ff ff ff ff ff ff ff f0 00 ff ff ff ff ff ff
00006c80: ff ff ff ff ff ff 00 0f ff ff ff ff ff ff ff ff
00006c90: ff ff ff f0 00 ff ff ff ff ff ff ff ff ff ff ff
00006ca0: ff 00 0f ff ff ff ff ff ff ff ff ff ff ff f0 00
00006cb0: ff ff ff ff ff ff ff ff ff ff ff ff 00 0f ff ff
00006cc0: ff ff ff ff ff ff ff ff ff f0 00 ff ff ff ff ff
00006cd0: ff ff ff ff ff ff ff 00 0f ff ff ff ff ff ff ff
00006ce0: ff ff ff ff f0 00 ff ff ff ff ff ff ff ff ff ff
00006cf0: ff ff 00 0f ff ff ff ff ff ff ff ff ff ff ff f0
00006d00: 00 ff ff ff ff ff ff ff ff ff ff ff ff 00 0f ff
00006d10: ff ff ff ff ff ff ff ff ff ff f0 00 ff ff ff ff
00006d20: ff ff ff ff ff ff ff ff 00 0f ff ff ff ff ff ff
00006d30: ff ff ff ff ff f0 00 ff ff ff ff ff ff ff ff ff
00006d40: ff ff ff 00 0f ff ff ff ff ff ff ff ff ff ff ff
00006d50: f0 00 ff ff ff ff ff ff ff ff ff ff ff ff 00 0f
00006d60: ff ff ff ff ff ff ff ff ff ff ff f0 00 ff ff ff
00006d70: ff ff ff ff ff ff ff ff ff 00 0f ff ff ff ff ff
00006d80: ff ff ff ff ff ff f0 00 ff ff ff ff ff ff ff ff
00006d90: ff ff ff ff 00 0f ff ff ff ff ff ff ff ff ff ff
00006da0: ff f0 00 ff ff ff ff ff ff ff ff ff ff ff ff 00
00006db0: 0f ff ff ff ff ff ff ff ff ff ff ff f0 00 ff ff
00006dc0: ff ff ff ff ff ff ff ff ff ff 00 0f ff ff ff ff
00006dd0: ff ff ff ff ff ff ff f0 00 ff ff ff ff ff ff ff
00006de0: ff ff ff ff ff 00 0f ff ff ff ff ff ff ff ff ff
00006df0: ff ff f0 00 ff ff ff ff ff ff ff ff ff ff ff ff
00006e00: 00 0f ff ff ff ff ff ff ff ff ff ff ff f0 00 ff
00006e10: ff ff ff ff ff ff ff ff ff ff ff 00 0f ff ff ff
00006e20: ff ff ff ff ff ff ff ff f0 00 ff ff ff ff ff ff
00006e30: ff ff ff ff ff ff 00 0f ff ff ff ff ff ff ff ff
00006e40: ff ff ff f0 00 ff ff ff ff ff ff ff ff ff ff ff
00006e50: ff 00 0f ff ff ff ff ff ff ff ff ff ff ff f0 00
00006e60: ff ff ff ff ff ff ff ff ff ff ff ff 00 0f ff ff
00006e70: ff ff ff ff ff ff ff ff ff f0 00 ff ff ff ff ff
00006e80: ff ff ff ff ff ff ff 00 0f ff ff ff ff ff ff ff
00006e90: ff ff ff ff f0 00 ff ff ff ff ff ff ff ff ff ff
00006ea0: ff ff 00 0f ff ff ff ff ff ff ff ff ff ff ff f0
00006eb0: 00 ff ff ff ff ff ff ff ff ff ff ff ff 00 0f ff
00006ec0: ff ff ff ff ff ff ff ff ff ff f0 00 ff ff ff ff
00006ed0: ff ff ff ff ff ff ff ff 00 0f ff ff ff ff ff ff
00006ee0: ff ff ff ff ff f0 00 ff ff ff ff ff ff ff ff ff
00006ef0: ff ff ff 00 0f ff ff ff ff ff ff ff ff ff ff ff
00006f00: f0 00 ff ff ff ff ff ff ff ff ff ff ff ff 00 0f
00006f10: ff ff ff ff ff ff ff ff ff ff ff f0 00 ff ff ff
00006f20: ff ff ff ff ff ff ff ff ff 00 0f ff ff ff ff ff
00006f30: ff ff ff ff ff ff f0 00 ff ff ff ff ff ff ff ff
00006f40: ff ff ff ff 00 0f ff ff ff ff ff ff ff ff ff ff
00006f50: ff f0 00 ff ff ff ff ff ff ff ff ff ff ff ff 00
00006f60: 0f ff ff ff ff ff ff ff ff ff ff ff f0 00 ff ff
00006f70: ff ff ff ff ff ff ff ff ff ff 00 0f ff ff ff ff
00006f80: ff ff ff ff ff ff ff f0 00 ff ff ff ff ff ff ff
00006f90: ff ff ff ff ff 00 0f ff ff ff ff ff ff ff ff ff
00006fa0: ff ff f0 00 ff ff ff ff ff ff ff ff ff ff ff ff
00006fb0: 00 0f ff ff ff ff ff ff ff ff ff ff ff f0 00 ff
00006fc0: ff ff ff ff ff ff ff ff ff ff ff 00 0f ff ff ff
00006fd0: ff ff ff ff ff ff ff ff f0 00 ff ff ff ff ff ff
00006fe0: ff ff ff ff ff ff 00 0f ff ff ff ff ff ff ff ff
00006ff0: ff ff ff f0 00 ff ff ff ff ff ff ff ff ff ff ff
00007000: ff 00 0f ff ff ff ff ff ff ff ff ff ff ff f0 00
00007010: ff ff ff ff ff ff ff ff ff ff ff ff 00 0f ff ff
00007020: ff ff ff ff ff ff ff ff ff f0 00 ff ff ff ff ff
00007030: ff ff ff ff ff ff ff 00 0f ff ff ff ff ff ff ff
00007040: ff ff ff ff f0 00 ff ff ff ff ff ff ff ff ff ff
00007050: ff ff 00 0f ff ff ff ff ff ff ff ff ff ff ff f0
00007060: 00 ff ff ff ff ff ff ff ff ff ff ff ff 00 0f ff
00007070: ff ff ff ff ff ff ff ff ff ff f0 00 ff ff ff ff
00007080: ff ff ff ff ff ff ff ff 00 0f ff ff ff ff ff ff
00007090: ff ff ff ff ff f0 00 ff ff ff ff ff ff ff ff ff
000070a0: ff ff ff 00 0f ff ff ff ff ff ff ff ff ff ff ff
000070b0: f0 00 ff ff ff ff ff ff ff ff ff ff ff ff 00 0f
000070c0: ff ff ff ff ff ff ff ff ff ff ff f0 00 ff ff ff
000070d0: ff ff ff ff ff ff ff ff ff 00 0f ff ff ff ff ff
000070e0: ff ff ff ff ff ff f0 00 ff ff ff ff ff ff ff ff
000070f0: ff ff ff ff 00 0f ff ff ff ff ff ff ff ff ff ff
00007100: ff f0 00 ff ff ff ff ff ff ff ff ff ff ff ff 00
00007110: 0f ff ff ff ff ff ff ff ff ff ff ff f0 00 ff ff
00007120: ff ff ff ff ff ff ff ff ff ff 00 0f ff ff ff ff
00007130: ff ff ff ff ff ff ff f0 00 ff ff ff ff ff ff ff
00007140: ff ff ff ff ff 00 0f ff ff ff ff ff ff ff ff ff
00007150: ff ff f0 00 ff ff ff ff ff ff ff ff ff ff ff ff
00007160: 00 0f ff ff ff ff ff ff ff ff ff ff ff f0 00 ff
00007170: ff ff ff ff ff ff ff ff ff ff ff 00 0f ff ff ff
00007180: ff ff ff ff ff ff ff ff f0 00 ff ff ff ff ff ff
00007190: ff ff ff ff ff ff 00 0f ff ff ff ff ff ff ff ff
000071a0: ff ff ff f0 00 ff ff ff ff ff ff ff ff ff ff ff
000071b0: ff 00 0f ff ff ff ff ff ff ff ff ff ff ff f0 00
000071c0: ff ff ff ff ff ff ff ff ff ff ff ff 00 0f ff ff
000071d0: ff ff ff ff ff ff ff ff ff f0 00 ff ff ff ff ff
000071e0: ff ff ff ff ff ff ff 00 0f ff ff ff ff ff ff ff
000071f0: ff ff ff ff f0 00 ff ff ff ff ff ff ff ff ff ff
00007200: ff ff 00 0f ff ff ff ff ff ff ff ff ff ff ff f0
00007210: 00 ff ff ff ff ff ff ff ff ff ff ff ff 00 0f ff
00007220: ff ff ff ff ff ff ff ff ff ff f0 00 ff ff ff ff
00007230: ff ff ff ff ff ff ff ff 00 0f ff ff ff ff ff ff
00007240: ff ff ff ff ff f0 00 ff ff ff ff ff ff ff ff ff
00007250: ff ff ff 00 0f ff ff ff ff ff ff ff ff ff ff ff
00007260: f0 00 ff ff ff ff ff ff ff ff ff ff ff ff 00 0f
00007270: ff ff ff ff ff ff ff ff ff ff ff f0 00 ff ff ff
00007280: ff ff ff ff ff ff ff ff ff 00 0f ff ff ff ff ff
00007290: ff ff ff ff ff ff f0 00 ff ff ff ff ff ff ff ff
000072a0: ff ff ff ff 00 0f ff ff ff ff ff ff ff ff ff ff
000072b0: ff f0 00 ff ff ff ff ff ff ff ff ff ff ff ff 00
000072c0: 0f ff ff ff ff ff ff ff ff ff ff ff f0 00 ff ff
000072d0: ff ff ff ff ff ff ff ff ff ff 00 0f ff ff ff ff
000072e0: ff ff ff ff ff ff ff f0 00 ff ff ff ff ff ff ff
000072f0: ff ff ff ff ff 00 0f ff ff ff ff ff ff ff ff ff
00007300: ff ff f0 00 ff ff ff ff ff ff ff ff ff ff ff ff
00007310: 00 0f ff ff ff ff ff ff ff ff ff ff ff f0 00 ff
00007320: ff ff ff ff ff ff ff ff ff ff ff 00 0f ff ff ff
00007330: ff ff ff ff ff ff ff ff f0 00 ff ff ff ff ff ff
00007340: ff ff ff ff ff ff 00 0f ff ff ff ff ff ff ff ff
00007350: ff ff ff f0 00 ff ff ff ff ff ff ff ff ff ff ff
00007360: ff 00 0f ff ff ff ff ff ff ff ff ff ff ff f0 00
00007370: ff ff ff ff ff ff ff ff ff ff ff ff 00 0f ff ff
00007380: ff ff ff ff ff ff ff ff ff f0 00 ff ff ff ff ff
00007390: ff ff ff ff ff ff ff 00 0f ff ff ff ff ff ff ff
000073a0: ff ff ff ff f0 00 ff ff ff ff ff ff ff ff ff ff
000073b0: ff ff 00 0f ff ff ff ff ff ff ff ff ff ff ff f0
000073c0: 00 ff ff ff ff ff ff ff ff ff ff ff ff 00 0f ff
000073d0: ff ff ff ff ff ff ff ff ff ff f0 00 ff ff ff ff
000073e0: ff ff ff ff ff ff ff ff 00 0f ff ff ff ff ff ff
000073f0: ff ff ff ff ff f0 00 ff ff ff ff ff ff ff ff ff
00007400: ff ff ff 00 0f ff ff ff ff ff ff ff ff ff ff ff
00007410: f0 00 ff ff ff ff ff ff ff ff ff ff ff ff 00 0f
00007420: ff ff ff ff ff ff ff ff ff ff ff f0 00 ff ff ff
00007430: ff ff ff ff ff ff ff ff ff 00 0f ff ff ff ff ff
00007440: ff ff ff ff ff ff f0 00 ff ff ff ff ff ff ff ff
00007450: ff ff ff ff 00 0f ff ff ff ff ff ff ff ff ff ff
00007460: ff f0 00 ff ff ff ff ff ff ff ff ff ff ff ff 00
00007470: 0f ff ff ff ff ff ff ff ff ff ff ff f0 00 ff ff
00007480: ff ff ff ff ff ff ff ff ff ff 00 0f ff ff ff ff
00007490: ff ff ff ff ff ff ff f0 00 ff ff ff ff ff ff ff
000074a0: ff ff ff ff ff 00 0f ff ff ff ff ff ff ff ff ff
000074b0: ff ff f0 00 ff ff ff ff ff ff ff ff ff ff ff ff
000074c0: 00 0f ff ff ff ff ff ff ff ff ff ff ff f0 00 ff
000074d0: ff ff ff ff ff ff ff ff ff ff ff 00 0f ff ff ff
000074e0: ff ff ff ff ff ff ff ff f0 00 ff ff ff ff ff ff
000074f0: ff ff ff ff ff ff 00 0f ff ff ff ff ff ff ff ff
00007500: ff ff ff f0 00 ff ff ff ff ff ff ff ff ff ff ff
00007510: ff 00 0f ff ff ff ff ff ff ff ff ff ff ff f0 00
00007520: ff ff ff ff ff ff ff ff ff ff ff ff 00 0f ff ff
00007530: ff ff ff ff ff ff ff ff ff f0 00 ff ff ff ff ff
00007540: ff ff ff ff ff ff ff 00 0f ff ff ff ff ff ff ff
00007550: ff ff ff ff f0 00 ff ff ff ff ff ff ff ff ff ff
00007560: ff ff 00 0f ff ff ff ff ff ff ff ff ff ff ff f0
00007570: 00 ff ff ff ff ff ff ff ff ff ff ff ff 00 0f ff
00007580: ff ff ff ff ff ff ff ff ff ff f0 00 ff ff ff ff
00007590: ff ff ff ff ff ff ff ff 00 0f ff ff ff ff ff ff
000075a0: ff ff ff ff ff f0 00 ff ff ff ff ff ff ff ff ff
000075b0: ff ff ff 00 0f ff ff ff ff ff ff ff ff ff ff ff
000075c0: f0 00 ff ff ff ff ff ff ff ff ff ff ff ff 00 0f
000075d0: ff ff ff ff ff ff ff ff ff ff ff f0 00 ff ff ff
000075e0: ff ff ff ff ff ff ff ff ff 00 0f ff ff ff ff ff
000075f0: ff ff ff ff ff ff f0 00 ff ff ff ff ff ff ff ff
00007600: ff ff ff ff 00 0f ff ff ff ff ff ff ff ff ff ff
00007610: ff f0 00 ff ff ff ff ff ff ff ff ff ff ff ff 00
00007620: 0f ff ff ff ff ff ff ff ff ff ff ff f0 00 ff ff
00007630: ff ff ff ff ff ff ff ff ff ff 00 0f ff ff ff ff
00007640: ff ff ff ff ff ff ff f0 00 ff ff ff ff ff ff ff
00007650: ff ff ff ff ff 00 0f ff ff ff ff ff ff ff ff ff
00007660: ff ff f0 00 ff ff ff ff ff ff ff ff ff ff ff ff
00007670: 00 0f ff ff ff ff ff ff ff ff ff ff ff f0 00 ff
00007680: ff ff ff ff ff ff ff ff ff ff ff 00 0f ff ff ff
00007690: ff ff ff ff ff ff ff ff f0 00 ff ff ff ff ff ff
000076a0: ff ff ff ff ff ff 00 0f ff ff ff ff ff ff ff ff
000076b0: ff ff ff f0 00 ff ff ff ff ff ff ff ff ff ff ff
000076c0: ff 00 0f ff ff ff ff ff ff ff ff ff ff ff f0 00
000076d0: ff ff ff ff ff ff ff ff ff ff ff ff 00 0f ff ff
000076e0: ff ff ff ff ff ff ff ff ff f0 00 ff ff ff ff ff
000076f0: ff ff ff ff ff ff ff 00 0f ff ff ff ff ff ff ff
00007700: ff ff ff ff f0 00 ff ff ff ff ff ff ff ff ff ff
00007710: ff ff 00 0f ff ff ff ff ff ff ff ff ff ff ff f0
00007720: 00 ff ff ff ff ff ff ff ff ff ff ff ff 00 0f ff
00007730: ff ff ff ff ff ff ff ff ff ff f0 00 ff ff ff ff
00007740: ff ff ff ff ff ff ff ff 00 0f ff ff ff ff ff ff
00007750: ff ff ff ff ff f0 00 ff ff ff ff ff ff ff ff ff
00007760: ff ff ff 00 0f ff ff ff ff ff ff ff ff ff ff ff
00007770: f0 00 ff ff ff ff ff ff ff ff ff ff ff ff 00 0f
00007780: ff ff ff ff ff ff ff ff ff ff ff f0 00 ff ff ff
00007790: ff ff ff ff ff ff ff ff ff 00 0f ff ff ff ff ff
000077a0: ff ff ff ff ff ff f0 00 ff ff ff ff ff ff ff ff
000077b0: ff ff ff ff 00 0f ff ff ff ff ff ff ff ff ff ff
000077c0: ff f0 00 ff ff ff ff ff ff ff ff ff ff ff ff 00
000077d0: 0f ff ff ff ff ff ff ff ff ff ff ff f0 00 ff ff
000077e0: ff ff ff ff ff ff ff ff ff ff 00 0f ff ff ff ff
000077f0: ff ff ff ff ff ff ff f0 00 ff ff ff ff ff ff ff
00007800: ff ff ff ff ff 00 0f ff ff ff ff ff ff ff ff ff
00007810: ff ff f0 00 ff ff ff ff ff ff ff ff ff ff ff ff
00007820: 00 0f ff ff ff ff ff ff ff ff ff ff ff f0 00 ff
00007830: ff ff ff ff ff ff ff ff ff ff ff 00 0f ff ff ff
00007840: ff ff ff ff ff ff ff ff f0 00 ff ff ff ff ff ff
00007850: ff ff ff ff ff ff 00 0f ff ff ff ff ff ff ff ff
00007860: ff ff ff f0 00 ff ff ff ff ff ff ff ff ff ff ff
00007870: ff 00 0f ff ff ff ff ff ff ff ff ff ff ff f0 00
00007880: ff ff ff ff ff ff ff ff ff ff ff ff 00 0f ff ff
00007890: ff ff ff ff ff ff ff ff ff f0 00 ff ff ff ff ff
000078a0: ff ff ff ff ff ff ff 00 0f ff ff ff ff ff ff ff
000078b0: ff ff ff ff f0 00 ff ff ff ff ff ff ff ff ff ff
000078c0: ff ff 00 0f ff ff ff ff ff ff ff ff ff ff ff f0
000078d0: 00 ff ff ff ff ff ff ff ff ff ff ff ff 00 0f ff
000078e0: ff ff ff ff ff ff ff ff ff ff f0 00 ff ff ff ff
000078f0: ff ff ff ff ff ff ff ff 00 0f ff ff ff ff ff ff
00007900: ff ff ff ff ff f0 00 ff ff ff ff ff ff ff ff ff
00007910: ff ff ff 00 0f ff ff ff ff ff ff ff ff ff ff ff
00007920: f0 00 ff ff ff ff ff ff ff ff ff ff ff ff 00 0f
00007930: ff ff ff ff ff ff ff ff ff ff ff f0 00 ff ff ff
00007940: ff ff ff ff ff ff ff ff ff 00 0f ff ff ff ff ff
00007950: ff ff ff ff ff ff f0 00 ff ff ff ff ff ff ff ff
00007960: ff ff ff ff 00 0f ff ff ff ff ff ff ff ff ff ff
00007970: ff f0 00 ff ff ff ff ff ff ff ff ff ff ff ff 00
00007980: 0f ff ff ff ff ff ff ff ff ff ff ff f0 00 ff ff
00007990: ff ff ff ff ff ff ff ff ff ff 00 0f ff ff ff ff
000079a0: ff ff ff ff ff ff ff f0 00 ff ff ff ff ff ff ff
000079b0: ff ff ff ff ff 00 0f ff ff ff ff ff ff ff ff ff
000079c0: ff ff f0 00 ff ff ff ff ff ff ff ff ff ff ff ff
000079d0: 00 0f ff ff ff ff ff ff ff ff ff ff ff f0 00 ff
000079e0: ff ff ff ff ff ff ff ff ff ff ff 00 0f ff ff ff
000079f0: ff ff ff ff ff ff ff ff f0 00 ff ff ff ff ff ff
00007a00: ff ff ff ff ff ff 00 0f ff ff ff ff ff ff ff ff
00007a10: ff ff ff f0 00 ff ff ff ff ff ff ff ff ff ff ff
00007a20: ff 00 0f ff ff ff ff ff ff ff ff ff ff ff f0 00
00007a30: ff ff ff ff ff ff ff ff ff ff ff ff 00 0f ff ff
00007a40: ff ff ff ff ff ff ff ff ff f0 00 ff ff ff ff ff
00007a50: ff ff ff ff ff ff ff 00 0f ff ff ff ff ff ff ff
00007a60: ff ff ff ff f0 00 ff ff ff ff ff ff ff ff ff ff
00007a70: ff ff 00 0f ff ff ff ff ff ff ff ff ff ff ff f0
00007a80: 00 ff ff ff ff ff ff ff ff ff ff ff ff 00 0f ff
00007a90: ff ff ff ff ff ff ff ff ff ff f0 00 ff ff ff ff
00007aa0: ff ff ff ff ff ff ff ff 00 0f ff ff ff ff ff ff
00007ab0: ff ff ff ff ff f0 00 ff ff ff ff ff ff ff ff ff
00007ac0: ff ff ff 00 0f ff ff ff ff ff ff ff ff ff ff ff
00007ad0: f0 00 ff ff ff ff ff ff ff ff ff ff ff ff 00 0f
00007ae0: ff ff ff ff ff ff ff ff ff ff ff f0 00 ff ff ff
00007af0: ff ff ff ff ff ff ff ff ff 00 0f ff ff ff ff ff
00007b00: ff ff ff ff ff ff f0 00 ff ff ff ff ff ff ff ff
00007b10: ff ff ff ff 00 0f ff ff ff ff ff ff ff ff ff ff
00007b20: ff f0 00 ff ff ff ff ff ff ff ff ff ff ff ff 00
00007b30: 0f ff ff ff ff ff ff ff ff ff ff ff f0 00 ff ff
00007b40: ff ff ff ff ff ff ff ff ff ff 00 0f ff ff ff ff
00007b50: ff ff ff ff ff ff ff f0 00 ff ff ff ff ff ff ff
00007b60: ff ff ff ff ff 00 0f ff ff ff ff ff ff ff ff ff
00007b70: ff ff f0 00 ff ff ff ff ff ff ff ff ff ff ff ff
00007b80: 00 0f ff ff ff ff ff ff ff ff ff ff ff f0 00 ff
00007b90: ff ff ff ff ff ff ff ff ff ff ff 00 0f ff ff ff
00007ba0: ff ff ff ff ff ff ff ff f0 00 ff ff ff ff ff ff
00007bb0: ff ff ff ff ff ff 00 0f ff ff ff ff ff ff ff ff
00007bc0: ff ff ff f0 00 ff ff ff ff ff ff ff ff ff ff ff
00007bd0: ff 00 0f ff ff ff ff ff ff ff ff ff ff ff f0 00
00007be0: ff ff ff ff ff ff ff ff ff ff ff ff 00 0f ff ff
00007bf0: ff ff ff ff ff ff ff ff ff f0 00 ff ff ff ff ff
00007c00: ff ff ff ff ff ff ff 00 0f ff ff ff ff ff ff ff
00007c10: ff ff ff ff f0 00 ff ff ff ff ff ff ff ff ff ff
00007c20: ff ff 00 0f ff ff ff ff ff ff ff ff ff ff ff f0
00007c30: 00 ff ff ff ff ff ff ff ff ff ff ff ff 00 0f ff
00007c40: ff ff ff ff ff ff ff ff ff ff f0 00 ff ff ff ff
00007c50: ff ff ff ff ff ff ff ff 00 0f ff ff ff ff ff ff
00007c60: ff ff ff ff ff f0 00 ff ff ff ff ff ff ff ff ff
00007c70: ff ff ff 00 0f ff ff ff ff ff ff ff ff ff ff ff
00007c80: f0 00 ff ff ff ff ff ff ff ff ff ff ff ff 00 0f
00007c90: ff ff ff ff ff ff ff ff ff ff ff f0 00 ff ff ff
00007ca0: ff ff ff ff ff ff ff ff ff 00 0f ff ff ff ff ff
00007cb0: ff ff ff ff ff ff f0 00 ff ff ff ff ff ff ff ff
00007cc0: ff ff ff ff 00 0f ff ff ff ff ff ff ff ff ff ff
00007cd0: ff f0 00 ff ff ff ff ff ff ff ff ff ff ff ff 00
00007ce0: 0f ff ff ff ff ff ff ff ff ff ff ff f0 00 ff ff
00007cf0: ff ff ff ff ff ff ff ff ff ff 00 0f ff ff ff ff
00007d00: ff ff ff ff ff ff ff f0 00 ff ff ff ff ff ff ff
00007d10: ff ff ff ff ff 00 0f ff ff ff ff ff ff ff ff ff
00007d20: ff ff f0 00 ff ff ff ff ff ff ff ff ff ff ff ff
00007d30: 00 0f ff ff ff ff ff ff ff ff ff ff ff f0 00 ff
00007d40: ff ff ff ff ff ff ff ff ff ff ff 00 0f ff ff ff
00007d50: ff ff ff ff ff ff ff ff f0 00 ff ff ff ff ff ff
00007d60: ff ff ff ff ff ff 00 0f ff ff ff ff ff ff ff ff
00007d70: ff ff ff f0 00 ff ff ff ff ff ff ff ff ff ff ff
00007d80: ff 00 0f ff ff ff ff ff ff ff ff ff ff ff f0 00
00007d90: ff ff ff ff ff ff ff ff ff ff ff ff 00 0f ff ff
00007da0: ff ff ff ff ff ff ff ff ff f0 00 ff ff ff ff ff
00007db0: ff ff ff ff ff ff ff 00 0f ff ff ff ff ff ff ff
00007dc0: ff ff ff ff f0 00 ff ff ff ff ff ff ff ff ff ff
00007dd0: ff ff 00 0f ff ff ff ff ff ff ff ff ff ff ff f0
00007de0: 00 ff ff ff ff ff ff ff ff ff ff ff ff 00 0f ff
00007df0: ff ff ff ff ff ff ff ff ff ff f0 00 ff ff ff ff
00007e00: ff ff ff ff ff ff ff ff 00 0f ff ff ff ff ff ff
00007e10: ff ff ff ff ff f0 00 ff ff ff ff ff ff ff ff ff
00007e20: ff ff ff 00 0f ff ff ff ff ff ff ff ff ff ff ff
00007e30: f0 00 ff ff ff ff ff ff ff ff ff ff ff ff 00 0f
00007e40: ff ff ff ff ff ff ff ff ff ff ff f0 00 ff ff ff
00007e50: ff ff ff ff ff ff ff ff ff 00 0f ff ff ff ff ff
00007e60: ff ff ff ff ff ff f0 00 ff ff ff ff ff ff ff ff
00007e70: ff ff ff ff 00 0f ff ff ff ff ff ff ff ff ff ff
00007e80: ff f0 00 ff ff ff ff ff ff ff ff ff ff ff ff 00
00007e90: 0f ff ff ff ff ff ff ff ff ff ff ff f0 00 ff ff
00007ea0: ff ff ff ff ff ff ff ff ff ff 00 0f ff ff ff ff
00007eb0: ff ff ff ff ff ff ff f0 00 ff ff ff ff ff ff ff
00007ec0: ff ff ff ff ff 00 0f ff ff ff ff ff ff ff ff ff
00007ed0: ff ff f0 00 ff ff ff ff ff ff ff ff ff ff ff ff
00007ee0: 00 0f ff ff ff ff ff ff ff ff ff ff ff f0 00 ff
00007ef0: ff ff ff ff ff ff ff ff ff ff ff 00 0f ff ff ff
00007f00: ff ff ff ff ff ff ff ff f0 00 ff ff ff ff ff ff
00007f10: ff ff ff ff ff ff 00 0f ff ff ff ff ff ff ff ff
00007f20: ff ff ff f0 00 ff ff ff ff ff ff ff ff ff ff ff
00007f30: ff 00 0f ff ff ff ff ff ff ff ff ff ff ff f0 00
00007f40: ff ff ff ff ff ff ff ff ff ff ff ff 00 0f ff ff
00007f50: ff ff ff ff ff ff ff ff ff f0 00 ff ff ff ff ff
00007f60: ff ff ff ff ff ff ff 00 0f ff ff ff ff ff ff ff
00007f70: ff ff ff ff f0 00 ff ff ff ff ff ff ff ff ff ff
00007f80: ff ff 00 0f ff ff ff ff ff ff ff ff ff ff ff f0
00007f90: 00 ff ff ff ff ff ff ff ff ff ff ff ff 00 0f ff
00007fa0: ff ff ff ff ff ff ff ff ff ff f0 00 ff ff ff ff
00007fb0: ff ff ff ff ff ff ff ff 00 0f ff ff ff ff ff ff
00007fc0: ff ff ff ff ff f0 00 ff ff ff ff ff ff ff ff ff
00007fd0: ff ff ff 00 0f ff ff ff ff ff ff ff ff ff ff ff
00007fe0: f0 00 ff ff ff ff ff ff ff ff ff ff ff ff 00 0f
00007ff0: ff ff ff ff ff ff ff ff ff ff ff f0 00 ff ff ff
00008000: ff ff ff ff ff ff ff ff ff 00 0f ff ff ff ff ff
00008010: ff ff ff ff ff ff f0 00 ff ff ff ff ff ff ff ff
00008020: ff ff ff ff 00 0f ff ff ff ff ff ff ff ff ff ff
00008030: ff f0 00 ff ff ff ff ff ff ff ff ff ff ff ff 00
00008040: 0f ff ff ff ff ff ff ff ff ff ff ff f0 00 ff ff
00008050: ff ff ff ff ff ff ff ff ff ff 00 0f ff ff ff ff
00008060: ff ff ff ff ff ff ff f0 00 ff ff ff ff ff ff ff
00008070: ff ff ff ff ff 00 0f ff ff ff ff ff ff ff ff ff
00008080: ff ff f0 00 ff ff ff ff ff ff ff ff ff ff ff ff
00008090: 00 0f ff ff ff ff ff ff ff ff ff ff ff f0 00 ff
000080a0: ff ff ff ff ff ff ff ff ff ff ff 00 0f ff ff ff
000080b0: ff ff ff ff ff ff ff ff f0 00 ff ff ff ff ff ff
000080c0: ff ff ff ff ff ff 00 0f ff ff ff ff ff ff ff ff
000080d0: ff ff ff f0 00 ff ff ff ff ff ff ff ff ff ff ff
000080e0: ff 00 0f ff ff ff ff ff ff ff ff ff ff ff f0 00
000080f0: ff ff ff ff ff ff ff ff ff ff ff ff 00 0f ff ff
00008100: ff ff ff ff ff ff ff ff ff f0 00 ff ff ff ff ff
00008110: ff ff ff ff ff ff ff 00 0f ff ff ff ff ff ff ff
00008120: ff ff ff ff f0 00 ff ff ff ff ff ff ff ff ff ff
00008130: ff ff 00 0f ff ff ff ff ff ff ff ff ff ff ff f0
00008140: 00 ff ff ff ff ff ff ff ff ff ff ff ff 00 0f ff
00008150: ff ff ff ff ff ff ff ff ff ff f0 00 ff ff ff ff
00008160: ff ff ff ff ff ff ff ff 00 0f ff ff ff ff ff ff
00008170: ff ff ff ff ff f0 00 ff ff ff ff ff ff ff ff ff
00008180: ff ff ff 00 0f ff ff ff ff ff ff ff ff ff ff ff
00008190: f0 00 ff ff ff ff ff ff ff ff ff ff ff ff 00 0f
000081a0: ff ff ff ff ff ff ff ff ff ff ff f0 00 ff ff ff
000081b0: ff ff ff ff ff ff ff ff ff 00 0f ff ff ff ff ff
000081c0: ff ff ff ff ff ff f0 00 ff ff ff ff ff ff ff ff
000081d0: ff ff ff ff 00 0f ff ff ff ff ff ff ff ff ff ff
000081e0: ff f0 00 ff ff ff ff ff ff ff ff ff ff ff ff 00
000081f0: 0f ff ff ff ff ff ff ff ff ff ff ff f0 00 ff ff
00008200: ff ff ff ff ff ff ff ff ff ff 00 0f ff ff ff ff
00008210: ff ff ff ff ff ff ff f0 00 ff ff ff ff ff ff ff
00008220: ff ff ff ff ff 00 0f ff ff ff ff ff ff ff ff ff
00008230: ff ff f0 00 ff ff ff ff ff ff ff ff ff ff ff ff
00008240: 00 0f ff ff ff ff ff ff ff ff ff ff ff f0 00 ff
00008250: ff ff ff ff ff ff ff ff ff ff ff 00 0f ff ff ff
00008260: ff ff ff ff ff ff ff ff f0 00 ff ff ff ff ff ff
00008270: ff ff ff ff ff ff 00 0f ff ff ff ff ff ff ff ff
00008280: ff ff ff f0 00 ff ff ff ff ff ff ff ff ff ff ff
00008290: ff 00 0f ff ff ff ff ff ff ff ff ff ff ff f0 00
000082a0: ff ff ff ff ff ff ff ff ff ff ff ff 00 0f ff ff
000082b0: ff ff ff ff ff ff ff ff ff f0 00 ff ff ff ff ff
000082c0: ff ff ff ff ff ff ff 00 0f ff ff ff ff ff ff ff
000082d0: ff ff ff ff f0 00 ff ff ff ff ff ff ff ff ff ff
000082e0: ff ff 00 0f ff ff ff ff ff ff ff ff ff ff ff f0
000082f0: 00 ff ff ff ff ff ff ff ff ff ff ff ff 00 0f ff
00008300: ff ff ff ff ff ff ff ff ff ff f0 00 ff ff ff ff
00008310: ff ff ff ff ff ff ff ff 00 0f ff ff ff ff ff ff
00008320: ff ff ff ff ff f0 00 ff ff ff ff ff ff ff ff ff
00008330: ff ff ff 00 0f ff ff ff ff ff ff ff ff ff ff ff
00008340: f0 00 ff ff ff ff ff ff ff ff ff ff ff ff 00 0f
00008350: ff ff ff ff ff ff ff ff ff ff ff f0 00 ff ff ff
00008360: ff ff ff ff ff ff ff ff ff 00 0f ff ff ff ff ff
00008370: ff ff ff ff ff ff f0 00 ff ff ff ff ff ff ff ff
00008380: ff ff ff ff 00 0f ff ff ff ff ff ff ff ff ff ff
00008390: ff f0 00 ff ff ff ff ff ff ff ff ff ff ff ff 00
000083a0: 0f ff ff ff ff ff ff ff ff ff ff ff f0 00 ff ff
000083b0: ff ff ff ff ff ff ff ff ff ff 00 0f ff ff ff ff
000083c0: ff ff ff ff ff ff ff f0 00 ff ff ff ff ff ff ff
000083d0: ff ff ff ff ff 00 0f ff ff ff ff ff ff ff ff ff
000083e0: ff ff f0 00 ff ff ff ff ff ff ff ff ff ff ff ff
000083f0: 00 0f ff ff ff ff ff ff ff ff ff ff ff f0 00 ff
00008400: ff ff ff ff ff ff ff ff ff ff ff 00 0f ff ff ff
00008410: ff ff ff ff ff ff ff ff f0 00 ff ff ff ff ff ff
00008420: ff ff ff ff ff ff 00 0f ff ff ff ff ff ff ff ff
00008430: ff ff ff f0 00 ff ff ff ff ff ff ff ff ff ff ff
00008440: ff 00 0f ff ff ff ff ff ff ff ff ff ff ff f0 00
00008450: ff ff ff ff ff ff ff ff ff ff ff ff 00 0f ff ff
00008460: ff ff ff ff ff ff ff ff ff f0 00 ff ff ff ff ff
00008470: ff ff ff ff ff ff ff 00 0f ff ff ff ff ff ff ff
00008480: ff ff ff ff f0 00 ff ff ff ff ff ff ff ff ff ff
00008490: ff ff 00 0f ff ff ff ff ff ff ff ff ff ff ff f0
000084a0: 00 ff ff ff ff ff ff ff ff ff ff ff ff 00 0f ff
000084b0: ff ff ff ff ff ff ff ff ff ff f0 00 ff ff ff ff
000084c0: ff ff ff ff ff ff ff ff 00 0f ff ff ff ff ff ff
000084d0: ff ff ff ff ff f0 00 ff ff ff ff ff ff ff ff ff
000084e0: ff ff ff 00 0f ff ff ff ff ff ff ff ff ff ff ff
000084f0: f0 00 ff ff ff ff ff ff ff ff ff ff ff ff 00 0f
00008500: ff ff ff ff ff ff ff ff ff ff ff f0 00 ff ff ff
00008510: ff ff ff ff ff ff ff ff ff 00 0f ff ff ff ff ff
00008520: ff ff ff ff ff ff f0 00 ff ff ff ff ff ff ff ff
00008530: ff ff ff ff 00 0f ff ff ff ff ff ff ff ff ff ff
00008540: ff f0 00 ff ff ff ff ff ff ff ff ff ff ff ff 00
00008550: 0f ff ff ff ff ff ff ff ff ff ff ff f0 00 ff ff
00008560: ff ff ff ff ff ff ff ff ff ff 00 0f ff ff ff ff
00008570: ff ff ff ff ff ff ff f0 00 ff ff ff ff ff ff ff
00008580: ff ff ff ff ff 00 0f ff ff ff ff ff ff ff ff ff
00008590: ff ff f0 00 ff ff ff ff ff ff ff ff ff ff ff ff
000085a0: 00 0f ff ff ff ff ff ff ff ff ff ff ff f0 00 ff
000085b0: ff ff ff ff ff ff ff ff ff ff ff 00 0f ff ff ff
000085c0: ff ff ff ff ff ff ff ff f0 00 ff ff ff ff ff ff
000085d0: ff ff ff ff ff ff 00 0f ff ff ff ff ff ff ff ff
000085e0: ff ff ff f0 00 ff ff ff ff ff ff ff ff ff ff ff
000085f0: ff 00 0f ff ff ff ff ff ff ff ff ff ff ff f0 00
00008600: ff ff ff ff ff ff ff ff ff ff ff ff 00 0f ff ff
00008610: ff ff ff ff ff ff ff ff ff f0 00 ff ff ff ff ff
00008620: ff ff ff ff ff ff ff 00 0f ff ff ff ff ff ff ff
00008630: ff ff ff ff f0 00 ff ff ff ff ff ff ff ff ff ff
00008640: ff ff 00 0f ff ff ff ff ff ff ff ff ff ff ff f0
00008650: 00 ff ff ff ff ff ff ff ff ff ff ff ff 00 0f ff
00008660: ff ff ff ff ff ff ff ff ff ff f0 00 ff ff ff ff
00008670: ff ff ff ff ff ff ff ff 00 0f ff ff ff ff ff ff
00008680: ff ff ff ff ff f0 00 ff ff ff ff ff ff ff ff ff
00008690: ff ff ff 00 0f ff ff ff ff ff ff ff ff ff ff ff
000086a0: f0 00 ff ff ff ff ff ff ff ff ff ff ff ff 00 0f
000086b0: ff ff ff ff ff ff ff ff ff ff ff f0 00 ff ff ff
000086c0: ff ff ff ff ff ff ff ff ff 00 0f ff ff ff ff ff
000086d0: ff ff ff ff ff ff f0 00 ff ff ff ff ff ff ff ff
000086e0: ff ff ff ff 00 0f ff ff ff ff ff ff ff ff ff ff
000086f0: ff f0 00 ff ff ff ff ff ff ff ff ff ff ff ff 00
00008700: 0f ff ff ff ff ff ff ff ff ff ff ff f0 00 ff ff
00008710: ff ff ff ff ff ff ff ff ff ff 00 0f ff ff ff ff
00008720: ff ff ff ff ff ff ff f0 00 ff ff ff ff ff ff ff
00008730: ff ff ff ff ff 00 0f ff ff ff ff ff ff ff ff ff
00008740: ff ff f0 00 ff ff ff ff ff ff ff ff ff ff ff ff
00008750: 00 0f ff ff ff ff ff ff ff ff ff ff ff f0 00 ff
00008760: ff ff ff ff ff ff ff ff ff ff ff 00 0f ff ff ff
00008770: ff ff ff ff ff ff ff ff f0 00 ff ff ff ff ff ff
00008780: ff ff ff ff ff ff 00 0f ff ff ff ff ff ff ff ff
00008790: ff ff ff f0 00 ff ff ff ff ff ff ff ff ff ff ff
000087a0: ff 00 0f ff ff ff ff ff ff ff ff ff ff ff f0 00
000087b0: ff ff ff ff ff ff ff ff ff ff ff ff 00 0f ff ff
000087c0: ff ff ff ff ff ff ff ff ff f0 00 ff ff ff ff ff
000087d0: ff ff ff ff ff ff ff 00 0f ff ff ff ff ff ff ff
000087e0: ff ff ff ff f0 00 ff ff ff ff ff ff ff ff ff ff
000087f0: ff ff 00 0f ff ff ff ff ff ff ff ff ff ff ff f0
00008800: 00 ff ff ff ff ff ff ff ff ff ff ff ff 00 0f ff
00008810: ff ff ff ff ff ff ff ff ff ff f0 00 ff ff ff ff
00008820: ff ff ff ff ff ff ff ff 00 0f ff ff ff ff ff ff
00008830: ff ff ff ff ff f0 00 ff ff ff ff ff ff ff ff ff
00008840: ff ff ff 00 0f ff ff ff ff ff ff ff ff ff ff ff
00008850: f0 00 ff ff ff ff ff ff ff ff ff ff ff ff 00 0f
00008860: ff ff ff ff ff ff ff ff ff ff ff f0 00 ff ff ff
00008870: ff ff ff ff ff ff ff ff ff 00 0f ff ff ff ff ff
00008880: ff ff ff ff ff ff f0 00 ff ff ff ff ff ff ff ff
00008890: ff ff ff ff 00 0f ff ff ff ff ff ff ff ff ff ff
000088a0: ff f0 00 ff ff ff ff ff ff ff ff ff ff ff ff 00
000088b0: 0f ff ff ff ff ff ff ff ff ff ff ff f0 00 ff ff
000088c0: ff ff ff ff ff ff ff ff ff ff 00 0f ff ff ff ff
000088d0: ff ff ff ff ff ff ff f0 00 ff ff ff ff ff ff ff
000088e0: ff ff ff ff ff 00 0f ff ff ff ff ff ff ff ff ff
000088f0: ff ff f0 00 ff ff ff ff ff ff ff ff ff ff ff ff
00008900: 00 0f ff ff ff ff ff ff ff ff ff ff ff f0 00 ff
00008910: ff ff ff ff ff ff ff ff ff ff ff 00 0f ff ff ff
00008920: ff ff ff ff ff ff ff ff f0 00 ff ff ff ff ff ff
00008930: ff ff ff ff ff ff 00 0f ff ff ff ff ff ff ff ff
00008940: ff ff ff f0 00 ff ff ff ff ff ff ff ff ff ff ff
00008950: ff 00 0f ff ff ff ff ff ff ff ff ff ff ff f0 00
00008960: ff ff ff ff ff ff ff ff ff ff ff ff 00 0f ff ff
00008970: ff ff ff ff ff ff ff ff ff f0 00 ff ff ff ff ff
00008980: ff ff ff ff ff ff ff 00 0f ff ff ff ff ff ff ff
00008990: ff ff ff ff f0 00 ff ff ff ff ff ff ff ff ff ff
000089a0: ff ff 00 0f ff ff ff ff ff ff ff ff ff ff ff f0
000089b0: 00 ff ff ff ff ff ff ff ff ff ff ff ff 00 0f ff
000089c0: ff ff ff ff ff ff ff ff ff ff f0 00 ff ff ff ff
000089d0: ff ff ff ff ff ff ff ff 00 0f ff ff ff ff ff ff
000089e0: ff ff ff ff ff f0 00 ff ff ff ff ff ff ff ff ff
000089f0: ff ff ff 00 0f ff ff ff ff ff ff ff ff ff ff ff
00008a00: f0 00 ff ff ff ff ff ff ff ff ff ff ff ff 00 0f
00008a10: ff ff ff ff ff ff ff ff ff ff ff f0 00 ff ff ff
00008a20: ff ff ff ff ff ff ff ff ff 00 0f ff ff ff ff ff
00008a30: ff ff ff ff ff ff f0 00 ff ff ff ff ff ff ff ff
00008a40: ff ff ff ff 00 0f ff ff ff ff ff ff ff ff ff ff
00008a50: ff f0 00 ff ff ff ff ff ff ff ff ff ff ff ff 00
00008a60: 0f ff ff ff ff ff ff ff ff ff ff ff f0 00 ff ff
00008a70: ff ff ff ff ff ff ff ff ff ff 00 0f ff ff ff ff
00008a80: ff ff ff ff ff ff ff f0 00 ff ff ff ff ff ff ff
00008a90: ff ff ff ff ff 00 0f ff ff ff ff ff ff ff ff ff
00008aa0: ff ff f0 00 ff ff ff ff ff ff ff ff ff ff ff ff
00008ab0: 00 0f ff ff ff ff ff ff ff ff ff ff ff f0 00 ff
00008ac0: ff ff ff ff ff ff ff ff ff ff ff 00 0f ff ff ff
00008ad0: ff ff ff ff ff ff ff ff f0 00 ff ff ff ff ff ff
00008ae0: ff ff ff ff ff ff 00 0f ff ff ff ff ff ff ff ff
00008af0: ff ff ff f0 00 ff ff ff ff ff ff ff ff ff ff ff
00008b00: ff 00 0f ff ff ff ff ff ff ff ff ff ff ff f0 00
00008b10: ff ff ff ff ff ff ff ff ff ff ff ff 00 0f ff ff
00008b20: ff ff ff ff ff ff ff ff ff f0 00 ff ff ff ff ff
00008b30: ff ff ff ff ff ff ff 00 0f ff ff ff ff ff ff ff
00008b40: ff ff ff ff f0 00 ff ff ff ff ff ff ff ff ff ff
00008b50: ff ff 00 0f ff ff ff ff ff ff ff ff ff ff ff f0
00008b60: 00 ff ff ff ff ff ff ff ff ff ff ff ff 00 0f ff
00008b70: ff ff ff ff ff ff ff ff ff ff f0 00 ff ff ff ff
00008b80: ff ff ff ff ff ff ff ff 00 0f ff ff ff ff ff ff
00008b90: ff ff ff ff ff f0 00 ff ff ff ff ff ff ff ff ff
00008ba0: ff ff ff 00 0f ff ff ff ff ff ff ff ff ff ff ff
00008bb0: f0 00 ff ff ff ff ff ff ff ff ff ff ff ff 00 0f
00008bc0: ff ff ff ff ff ff ff ff ff ff ff f0 00 ff ff ff
00008bd0: ff ff ff ff ff ff ff ff ff 00 0f ff ff ff ff ff
00008be0: ff ff ff ff ff ff f0 00 ff ff ff ff ff ff ff ff
00008bf0: ff ff ff ff 00 0f ff ff ff ff ff ff ff ff ff ff
00008c00: ff f0 00 ff ff ff ff ff ff ff ff ff ff ff ff 00
00008c10: 0f ff ff ff ff ff ff ff ff ff ff ff f0 00 ff ff
00008c20: ff ff ff ff ff ff ff ff ff ff 00 0f ff ff ff ff
00008c30: ff ff ff ff ff ff ff f0 00 ff ff ff ff ff ff ff
00008c40: ff ff ff ff ff 00 0f ff ff ff ff ff ff ff ff ff
00008c50: ff ff f0 00 ff ff ff ff ff ff ff ff ff ff ff ff
00008c60: 00 0f ff ff ff ff ff ff ff ff ff ff ff f0 00 ff
00008c70: ff ff ff ff ff ff ff ff ff ff ff 00 0f ff ff ff
00008c80: ff ff ff ff ff ff ff ff f0 00 ff ff ff ff ff ff
00008c90: ff ff ff ff ff ff 00 0f ff ff ff ff ff ff ff ff
00008ca0: ff ff ff f0 00 ff ff ff ff ff ff ff ff ff ff ff
00008cb0: ff 00 0f ff ff ff ff ff ff ff ff ff ff ff f0 00
00008cc0: ff ff ff ff ff ff ff ff ff ff ff ff 00 0f ff ff
00008cd0: ff ff ff ff ff ff ff ff ff f0 00 ff ff ff ff ff
00008ce0: ff ff ff ff ff ff ff 00 0f ff ff ff ff ff ff ff
00008cf0: ff ff ff ff f0 00 ff ff ff ff ff ff ff ff ff ff
00008d00: ff ff 00 0f ff ff ff ff ff ff ff ff ff ff ff f0
00008d10: 00 ff ff ff ff ff ff ff ff ff ff ff ff 00 0f ff
00008d20: ff ff ff ff ff ff ff ff ff ff f0 00 ff ff ff ff
00008d30: ff ff ff ff ff ff ff ff 00 0f ff ff ff ff ff ff
00008d40: ff ff ff ff ff f0 00 ff ff ff ff ff ff ff ff ff
00008d50: ff ff ff 00 0f ff ff ff ff ff ff ff ff ff ff ff
00008d60: f0 00 ff ff ff ff ff ff ff ff ff ff ff ff 00 0f
00008d70: ff ff ff ff ff ff ff ff ff ff ff f0 00 ff ff ff
00008d80: ff ff ff ff ff ff ff ff ff 00 0f ff ff ff ff ff
00008d90: ff ff ff ff ff ff f0 00 ff ff ff ff ff ff ff ff
00008da0: ff ff ff ff 00 0f ff ff ff ff ff ff ff ff ff ff
00008db0: ff f0 00 ff ff ff ff ff ff ff ff ff ff ff ff 00
00008dc0: 0f ff ff ff ff ff ff ff ff ff ff ff f0 00 ff ff
00008dd0: ff ff ff ff ff ff ff ff ff ff 00 0f ff ff ff ff
00008de0: ff ff ff ff ff ff ff f0 00 ff ff ff ff ff ff ff
00008df0: ff ff ff ff ff 00 0f ff ff ff ff ff ff ff ff ff
00008e00: ff ff f0 00 ff ff ff ff ff ff ff ff ff ff ff ff
00008e10: 00 0f ff ff ff ff ff ff ff ff ff ff ff f0 00 ff
00008e20: ff ff ff ff ff ff ff ff ff ff ff 00 0f ff ff ff
00008e30: ff ff ff ff ff ff ff ff f0 00 ff ff ff ff ff ff
00008e40: ff ff ff ff ff ff 00 0f ff ff ff ff ff ff ff ff
00008e50: ff ff ff f0 00 ff ff ff ff ff ff ff ff ff ff ff
00008e60: ff 00 0f ff ff ff ff ff ff ff ff ff ff ff f0 00
00008e70: ff ff ff ff ff ff ff ff ff ff ff ff 00 0f ff ff
00008e80: ff ff ff ff ff ff ff ff ff f0 00 ff ff ff ff ff
00008e90: ff ff ff ff ff ff ff 00 0f ff ff ff ff ff ff ff
00008ea0: ff ff ff ff f0 00 ff ff ff ff ff ff ff ff ff ff
00008eb0: ff ff 00 0f ff ff ff ff ff ff ff ff ff ff ff f0
00008ec0: 00 ff ff ff ff ff ff ff ff ff ff ff ff 00 0f ff
00008ed0: ff ff ff ff ff ff ff ff ff ff f0 00 ff ff ff ff
00008ee0: ff ff ff ff ff ff ff ff 00 0f ff ff ff ff ff ff
00008ef0: ff ff ff ff ff f0 00 ff ff ff ff ff ff ff ff ff
00008f00: ff ff ff 00 0f ff ff ff ff ff ff ff ff ff ff ff
00008f10: f0 00 ff ff ff ff ff ff ff ff ff ff ff ff 00 0f
00008f20: ff ff ff ff ff ff ff ff ff ff ff f0 00 ff ff ff
00008f30: ff ff ff ff ff ff ff ff ff 00 0f ff ff ff ff ff
00008f40: ff ff ff ff ff ff f0 00 ff ff ff ff ff ff ff ff
00008f50: ff ff ff ff 00 0f ff ff ff ff ff ff ff ff ff ff
00008f60: ff f0 00 ff ff ff ff ff ff ff ff ff ff ff ff 00
00008f70: 0f ff ff ff ff ff ff ff ff ff ff ff f0 00 ff ff
00008f80: ff ff ff ff ff ff ff ff ff ff 00 0f ff ff ff ff
00008f90: ff ff ff ff ff ff ff f0 00 ff ff ff ff ff ff ff
00008fa0: ff ff ff ff ff 00 0f ff ff ff ff ff ff ff ff ff
00008fb0: ff ff f0 00 ff ff ff ff ff ff ff ff ff ff ff ff
00008fc0: 00 0f ff ff ff ff ff ff ff ff ff ff ff f0 00 ff
00008fd0: ff ff ff ff ff ff ff ff ff ff ff 00 0f ff ff ff
00008fe0: ff ff ff ff ff ff ff ff f0 00 ff ff ff ff ff ff
00008ff0: ff ff ff ff ff ff 00 0f ff ff ff ff ff ff ff ff
00009000: ff ff ff f0 00 ff ff ff ff ff ff ff ff ff ff ff
00009010: ff 00 0f ff ff ff ff ff ff ff ff ff ff ff f0 00
00009020: ff ff ff ff ff ff ff ff ff ff ff ff 00 0f ff ff
00009030: ff ff ff ff ff ff ff ff ff f0 00 ff ff ff ff ff
00009040: ff ff ff ff ff ff ff 00 0f ff ff ff ff ff ff ff
00009050: ff ff ff ff f0 00 ff ff ff ff ff ff ff ff ff ff
00009060: ff ff 00 0f ff ff ff ff ff ff ff ff ff ff ff f0
00009070: 00 ff ff ff ff ff ff ff ff ff ff ff ff 00 0f ff
00009080: ff ff ff ff ff ff ff ff ff ff f0 00 ff ff ff ff
00009090: ff ff ff ff ff ff ff ff 00 0f ff ff ff ff ff ff
000090a0: ff ff ff ff ff f0 00 ff ff ff ff ff ff ff ff ff
000090b0: ff ff ff 00 0f ff ff ff ff ff ff ff ff ff ff ff
000090c0: f0 00 ff ff ff ff ff ff ff ff ff ff ff ff 00 0f
000090d0: ff ff ff ff ff ff ff ff ff ff ff f0 00 ff ff ff
000090e0: ff ff ff ff ff ff ff ff ff 00 0f ff ff ff ff ff
000090f0: ff ff ff ff ff ff f0 00 ff ff ff ff ff ff ff ff
00009100: ff ff ff ff 00 0f ff ff ff ff ff ff ff ff ff ff
00009110: ff f0 00 ff ff ff ff ff ff ff ff ff ff ff ff 00
00009120: 0f ff ff ff ff ff ff ff ff ff ff ff f0 00 ff ff
00009130: ff ff ff ff ff ff ff ff ff ff 00 0f ff ff ff ff
00009140: ff ff ff ff ff ff ff f0 00 ff ff ff ff ff ff ff
00009150: ff ff ff ff ff 00 0f ff ff ff ff ff ff ff ff ff
00009160: ff ff f0 00 ff ff ff ff ff ff ff ff ff ff ff ff
00009170: 00 04 00 00 50 00 00 00 02 6e 25 00 00 23 00 00
00009180: 00 00 68 81 90 0c ff db 05 88 59 2c f3 f0 00 00
00009190: 00 00 00 00 6e 40 69 86 9e 00 14 c5 6a 07 17 e8
000091a0: 46 01 18 3f f4 00 00 00 00 20 01 ff 00 00 00 24
000091b0: 01 69 40 e6 00 99 41 a0 20 00 05 69 41 41 69 40
000091c0: 62 00 00 18 41 a0 20 19 63 09 40 85 40 20 00 00
000091d0: 01 0c d0 0a 88 00 00 08 00 92 00 00 00 00 10 00
000091e0: 01 40 40 00 00 09 b8 94 40 01 0c 00 00 00 01 a2
000091f0: 06 40 33 ff 6c 16 21 64 b3 cf c0 00 10 00 00 00
00009200: 01 b9 00 0e 2a 48 2b 21 dc 28 39 63 05 d8 04 6c
00009210: ff d0 00 00 00 00 80 07 fc 00 00 00 92 05 a5 03
00009220: 98 02 65 06 80 80 00 15 a5 07 05 a5 03 88 5f 4f
00009230: 65 d6 04 00 61 06 80 80 65 8c 25 02 15 00 80 00
00009240: 00 04 33 40 3d 80 00 00 20 02 48 00 00 00 00 40
00009250: 00 05 02 00 00 00 26 e2 52 00 06 30 00 00 00 06
00009260: 88 19 00 cf fd b0 58 85 92 cf 3f 00 00 80 00 00
00009270: 00 06 e4 78 46 c7 20 f0 ed ee 20 f6 0b 8f e0 11
00009280: b3 ff 40 00 00 00 02 00 1f f0 00 00 02 40 16 94
00009290: 0e 60 09 94 1a 02 00 00 56 94 14 16 94 06 20 00
000092a0: 01 84 1a 02 01 96 30 94 08 54 02 00 00 00 10 cd
000092b0: 00 c1 00 00 00 80 09 20 00 00 00 01 00 00 14 0c
000092c0: 00 00 00 9b 89 4c 00 20 c0 00 00 00 1a 20 64 0a
000092d0: ef 6b 67 92 16 4b 3c fc 00 03 00 00 00 00 1b 90
000092e0: b4 86 f0 82 ea 05 70 83 1c 36 29 80 42 4d cd 80
000092f0: 7f a0 00 00 00 01 80 01 ff 00 00 00 24 01 69 40
00009300: e6 00 99 41 a0 20 00 05 69 41 41 69 40 62 00 00
00009310: 18 41 a0 20 19 63 09 40 85 40 20 00 00 01 0c d0
00009320: 09 e0 00 00 08 00 92 00 00 00 00 10 00 01 41 00
00009330: 00 00 09 b8 95 00 02 8c 00 00 00 01 a2 06 40 33
00009340: ff 6c 16 21 64 b3 cf c0 00 40 00 00 00 01 b9 10
00009350: de 8f 48 3d 2e 94 b8 26 96 3a 17 e4 1a a0 6f 0f
00009360: fa 00 00 00 00 10 00 ff 80 00 00 12 00 b4 a0 73
00009370: 00 4c a0 d0 10 00 02 b4 a0 a0 b4 a0 31 00 00 0c
00009380: 20 d0 10 0c b1 84 a0 42 a0 10 00 00 00 86 68 05
00009390: dc 00 00 04 00 49 00 00 00 00 08 00 00 a0 a0 00
000093a0: 00 04 dc 4a a0 01 86 00 00 00 00 d1 03 20 57 7b
000093b0: 5b 3c 90 b2 59 e7 e0 00 28 00 00 00 00 dc 8f 5e
000093c0: d6 24 18 41 1b dc 1b f6 6b 1b f2 12 9c 5c 03 fd
000093d0: 00 00 00 00 0c 00 0f f8 00 00 01 20 0b 4a 07 30
000093e0: 04 ca 0d 01 00 00 2b 4a 0a 0b 4a 03 10 00 00 c2
000093f0: 0d 01 00 cb 18 4a 04 2a 01 00 00 00 08 66 80 5d
00009400: c0 00 00 40 04 90 00 00 00 00 80 00 0a 0c 00 00
00009410: 00 4d c4 ac 00 1c 60 00 00 00 0d 10 32 01 9f fb
00009420: 60 b1 0b 25 9e 7e 00 03 00 00 00 00 0d c8 b4 6c
00009430: 23 42 0f 6b 6e 41 fc 69 8d 3f 22 81 fe 80 00 00
00009440: 00 04 00 3f e0 00 00 04 80 2d 28 1c c0 13 28 34
00009450: 04 00 00 ad 28 28 2d 28 0c 40 00 03 08 34 04 03
00009460: 2c 61 28 10 a8 04 00 00 00 21 9a 01 b3 00 00 01
00009470: 00 12 40 00 00 00 02 00 00 28 38 00 00 01 5f 12
00009480: e0 00 d1 80 00 00 00 30 08 00 bb fc 35 8f 6a e6
00009490: dc 28 00 00 00 00 00 00 72 07 f6 58 12 11 39 8b
000094a0: da 00 e5 1f b5 f9 18 0b fc 00 00 00 00 10 00 21
000094b0: 04 d0 08 28 00 00 0e 80 12 41 de 19 f7 22 a9 40
000094c0: 00 00 00 00 00 00 00 00 00 00 00 00 00 00 00 00
000094d0: 00 00 00 00 00 00 00 00 00 00 00 00 00 00 00 00
000094e0: 00 00 00 00 03 ff ff ff c0 1f ff ff ff ff ff ff
000094f0: ff e0 48 00 00 04 00 00 00 00 40 00 00 00 00 11
00009500: 12 00 00 40 00 05 08 00 00 00 2b e2 5d 00 1c 30
00009510: 00 00 00 06 01 03 61 ac 5e bd f6 43 21 fd 00 00
00009520: 40 00 00 00 0e 40 68 85 93 41 70 ac a3 c1 30 63
00009530: 46 c0 23 01 7f 80 00 00 00 02 00 04 20 9a 01 db
00009540: 00 00 01 d0 02 49 cc 6b 3e e4 55 28 00 00 00 00
00009550: 00 00 00 00 00 00 00 00 00 00 00 00 00 00 00 00
00009560: 00 00 00 00 00 00 00 00 00 00 00 00 00 00 00 00
00009570: 00 7f ff ff f8 03 ff ff ff ff ff ff ff fc 09 00
00009580: 00 00 80 00 00 00 08 00 00 00 00 00 da 80 00 08
00009590: 00 00 a1 20 00 00 04 dc 4b c0 03 c6 00 00 00 00
000095a0: d1 03 20 67 b5 96 8e 10 b2 59 e7 e0 00 50 00 00
000095b0: 00 00 dc 87 67 88 eb fd fb 96 24 1e d0 c5 dc 02
000095c0: 0d 1d e8 8a ff 00 00 00 00 04 00 00 47 82 d2 81
000095d0: 72 83 40 40 00 0a d2 82 82 d2 80 c4 00 00 30 83
000095e0: 40 40 32 c6 12 81 0a 80 40 00 00 02 09 a0 12 00
000095f0: 00 00 10 01 24 00 00 00 00 20 00 02 85 00 00 00
00009600: 13 71 2f 80 10 18 00 00 00 03 44 0c 81 9e d6 5a
00009610: 38 67 0a 99 ab 80 04 a0 00 00 00 03 72 34 42 20
00009620: 10 7c c7 35 50 44 27 94 30 08 a8 5f e0 00 00 00
00009630: 00 80 00 09 10 5a 50 2e 50 68 08 00 01 5a 50 70
00009640: 5a 50 38 86 b7 36 a7 80 60 06 10 68 08 06 58 c2
00009650: 50 21 50 08 00 00 00 41 34 05 74 00 00 02 00 24
00009660: 80 00 00 00 04 00 00 50 b0 00 00 02 6e 26 00 02
00009670: 23 00 00 00 00 68 81 90 33 da cb 47 08 59 2c f3
00009680: f0 00 e0 00 00 00 00 6e 42 76 c4 aa 0e 0e 05 c6
00009690: 08 a2 4a 3e 01 18 7b fc 00 00 00 00 10 00 01 1e
000096a0: 0b 4a 05 ca 0d 01 00 00 2b 4a 0a 0b 4a 03 10 00
000096b0: 00 c2 0d 01 00 cb 18 4a 04 2a 01 00 00 00 08 26
000096c0: 80 4c 40 00 00 40 04 90 00 00 00 00 80 00 0a 18
000096d0: 00 00 00 4d c4 c2 00 48 60 00 00 00 0d 10 32 03
000096e0: 7b 35 86 36 00 24 00 00 00 00 0d c8 ce 8d 9f 41
000096f0: 0f 46 c7 c1 14 b1 69 bf 23 47 7f 80 00 00 00 02
00009700: 00 04 20 9a 00 55 00 00 01 00 12 40 00 00 00 02
00009710: 00 00 28 68 00 00 01 37 13 10 01 31 80 00 00 00
00009720: 34 40 c8 0c 06 45 d8 64 2c 96 79 f8 00 f6 00 00
00009730: 00 00 37 20 42 3c b5 0a 86 3b 09 07 ea 2c 0c fc
00009740: 8c 05 fe 00 00 00 00 08 00 00 8f 05 a5 02 e5 06
00009750: 80 80 00 15 a5 05 05 a5 01 88 00 00 61 06 80 80
00009760: 65 8c 25 02 15 00 80 00 00 04 13 40 2f 40 00 00
00009770: 20 02 48 00 00 00 00 40 00 05 0e 00 00 00 26 e2
00009780: 63 00 28 30 00 00 00 06 88 19 01 80 c8 bb 0c 85
00009790: 92 cf 3f 00 1f 00 00 00 00 06 e4 0c eb 92 a1 00
000097a0: 4d 16 20 cf 50 83 9f 91 80 bf c0 00 00 00 01 00
000097b0: 00 11 e0 b4 a0 5c a0 d0 10 00 02 b4 a0 a0 b4 a0
000097c0: 31 00 00 0c 20 d0 10 0c b1 84 a0 42 a0 10 00 00
000097d0: 00 82 68 04 e8 00 00 04 00 49 00 00 00 00 08 00
000097e0: 00 a1 e0 00 00 04 dc 4c 80 05 46 00 00 00 00 d1
000097f0: 03 20 67 b5 96 8e 19 c2 a6 6a e0 04 38 00 00 00
00009800: 00 dc 86 50 f3 24 27 37 ba c4 11 36 c0 83 f2 2e
00009810: 77 f8 00 00 00 00 20 00 02 44 16 94 0b 94 1a 02
00009820: 00 00 56 94 1c 16 94 0e 21 ad cd a9 e0 18 01 84
00009830: 1a 02 01 96 30 94 08 54 02 00 00 00 10 4d 01 30
00009840: 80 00 00 80 09 20 00 00 00 01 00 00 14 40 00 00
00009850: 00 9b 89 94 00 b0 c0 00 00 00 1a 20 64 0e 5f 60
00009860: 7c 94 f5 6e af 54 00 93 00 00 00 00 1b 91 b5 e6
00009870: d0 82 38 17 42 82 c7 fb 75 7e 45 0a ff 00 00 00
00009880: 00 04 00 00 49 02 d2 81 cc 01 32 83 40 40 00 0a
00009890: d2 83 82 d2 81 c4 2a ea 24 65 43 00 30 83 40 40
000098a0: 32 c6 12 81 0a 80 40 00 00 02 09 a0 b2 90 00 3c
000098b0: 00 a0 01 01 e8 01 24 00 00 00 00 20 00 02 88 80
000098c0: 00 00 04 80 00 00 00 18 00 00 00 00 60 00 00 00
000098d0: 00 11 03 fc fe fe ff fc fe fe fe 1f ff ff ff ff
000098e0: ff ff ff df ff ff ff df ff ff ff ff ff ff ff e0
000098f0: 00 00 00 00 02 00 00 28 90 00 00 01 7f 0a 80 00
00009900: 01 80 00 00 00 02 00 00 00 01 f8 04 32 5d 03 25
00009910: c5 ff ff ff ff a0 00 02 89 80 00 00 04 80 00 00
00009920: 00 98 00 00 00 00 60 10 00 00 00 11 05 fc fe fe
00009930: ff fc fe fe fe 1f ff ff ff ff ff ff ff df ff ff
00009940: ff df ff ff ff ff ff ff ff e0 00 00 00 00 02 00
00009950: 00 28 a0 00 00 01 7f 0a 88 00 11 80 00 00 00 02
00009960: 02 00 00 01 f8 04 32 5d 03 25 c5 ff ff ff ff a0
00009970: 00 02 8a 80 00 00 04 80 00 00 01 18 00 00 00 00
00009980: 60 20 00 00 00 11 03 fc fe fe ff fc fe fe fe 1f
00009990: ff ff ff ff ff ff ff df ff ff ff df ff ff ff ff
000099a0: ff ff ff e0 00 00 00 00 02 00 00 28 b0 00 00 01
000099b0: 7f 0a 90 00 21 80 00 00 00 02 04 00 00 01 f8 04
000099c0: 32 5d 03 25 c5 ff ff ff ff a0 00 02 8b 80 00 00
000099d0: 04 80 00 00 01 98 00 00 00 00 60 30 00 00 00 11
000099e0: 03 fc fe fe ff fc fe fe fe 1f ff ff ff ff ff ff
000099f0: ff df ff ff ff df ff ff ff ff ff ff ff e0 00 00
00009a00: 00 00 02 00 00 28 c0 00 00 01 7f 0a 98 00 31 80
00009a10: 00 00 00 02 06 00 00 01 f8 04 32 5d 03 25 c5 ff
00009a20: ff ff ff a0 00 02 8c 80 00 00 04 80 00 00 02 18
00009a30: 00 00 00 00 60 40 00 00 00 11 05 fc fe fe ff fc
00009a40: fe fe fe 1f ff ff ff ff ff ff ff df ff ff ff df
00009a50: ff ff ff ff ff ff ff e0 00 00 00 00 02 00 00 28
00009a60: d0 00 00 01 7f 0a a0 00 41 80 00 00 00 02 08 00
00009a70: 00 01 f8 04 32 5d 03 25 c5 ff ff ff ff a0 00 02
00009a80: 8d 80 00 00 04 80 00 00 02 98 00 00 00 00 60 50
00009a90: 00 00 00 11 05 fc fe fe ff fc fe fe fe 1f ff ff
00009aa0: ff ff ff ff ff df ff ff ff df ff ff ff ff ff ff
00009ab0: ff e0 00 00 00 00 02 00 00 28 e0 00 00 01 7f 0a
00009ac0: a8 00 51 80 00 00 00 02 0a 00 00 01 f8 04 32 5d
00009ad0: 03 25 c5 ff ff ff ff a0 00 02 8e 80 00 00 04 80
00009ae0: 00 00 03 18 00 00 00 00 60 60 00 00 00 11 05 fc
00009af0: fe fe ff fc fe fe fe 1f ff ff ff ff ff ff ff df
00009b00: ff ff ff df ff ff ff ff ff ff ff e0 00 00 00 00
00009b10: 02 00 00 28 f0 00 00 01 7f 0a b0 00 61 80 00 00
00009b20: 00 02 0c 00 00 01 f8 04 32 5d 03 25 c5 ff ff ff
00009b30: ff a0 00 02 8f 80 00 00 04 80 00 00 03 98 00 00
00009b40: 00 00 60 70 00 00 00 11 03 fc fe fe ff fc fe fe
00009b50: fe 1f ff ff ff ff ff ff ff df ff ff ff df ff ff
00009b60: ff ff ff ff ff e0 00 00 00 00 02 00 00 29 00 00
00009b70: 00 01 7f 0a b8 00 71 80 00 00 00 02 0e 00 00 01
00009b80: f8 04 32 5d 03 25 c5 ff ff ff ff a0 00 02 90 80
00009b90: 00 00 07 00 00 00 00 18 00 00 00 00 20 00 00 00
00009ba0: 03 80 00 40 00 05 22 00 00 00 0e 00 00 00 01 30
00009bb0: 00 00 00 00 40 40 00 00 07 00 00 80 00 0a 46 00
00009bc0: 00 00 1c 00 00 00 04 60 00 00 00 00 81 00 00 00
00009bd0: 0e 00 01 00 00 14 90 00 00 00 38 00 00 00 0c c0
00009be0: 00 00 00 01 03 00 00 00 1c 00 02 00 00 29 28 00
00009bf0: 00 00 70 00 00 00 21 80 00 00 00 02 08 00 00 00
00009c00: 38 00 04 00 00 52 60 00 00 00 e0 00 00 00 53 00
00009c10: 00 00 00 04 14 00 00 00 70 00 08 00 00 a4 e0 00
00009c20: 00 01 c0 00 00 00 c6 00 00 00 00 08 30 00 00 00
00009c30: e0 00 10 00 01 4a 00 00 00 03 80 00 00 01 cc 00
00009c40: 00 00 00 10 70 00 00 01 c0 00 20 00 02 94 80 00
00009c50: 00 07 00 00 00 04 18 00 00 00 00 21 00 00 00 03
00009c60: 80 00 40 00 05 2a 00 00 00 0e 00 00 00 09 30 00
00009c70: 00 00 00 42 40 00 00 07 00 00 80 00 0a 56 00 00
00009c80: 00 1c 00 00 00 14 60 00 00 00 00 85 00 00 00 0e
00009c90: 00 01 00 00 14 b0 00 00 00 38 00 00 00 2c c0 00
00009ca0: 00 00 01 0b 00 00 00 1c 00 02 00 00 29 68 00 00
00009cb0: 00 70 00 00 00 61 80 00 00 00 02 18 00 00 00 38
00009cc0: 00 04 00 00 52 e0 00 00 00 e0 00 00 00 d3 00 00
00009cd0: 00 00 04 34 00 00 00 70 00 08 00 00 a5 e0 00 00
00009ce0: 01 c0 00 00 01 c6 00 00 00 00 08 70 00 00 00 e0
00009cf0: 00 10 00 01 4c 00 00 00 03 80 00 00 03 cc 00 00
00009d00: 00 00 10 f0 00 00 01 c0 00 20 00 02 98 80 00 00
00009d10: 07 00 00 00 08 18 00 00 00 00 22 00 00 00 03 80
00009d20: 00 40 00 05 32 00 00 00 0e 00 00 00 11 30 00 00
00009d30: 00 00 44 40 00 00 07 00 00 80 00 0a 66 00 00 00
00009d40: 1c 00 00 00 24 60 00 00 00 00 89 00 00 00 0e 00
00009d50: 01 00 00 14 d0 00 00 00 38 00 00 00 4c c0 00 00
00009d60: 00 01 13 00 00 00 1c 00 02 00 00 29 a8 00 00 00
00009d70: 70 00 00 00 a1 80 00 00 00 02 28 00 00 00 38 00
00009d80: 04 00 00 53 60 00 00 00 e0 00 00 01 53 00 00 00
00009d90: 00 04 54 00 00 00 70 00 08 00 00 a6 e0 00 00 01
00009da0: c0 00 00 02 c6 00 00 00 00 08 b0 00 00 00 e0 00
00009db0: 10 00 01 4e 00 00 00 03 80 00 00 05 cc 00 00 00
00009dc0: 00 11 70 00 00 01 c0 00 20 00 02 9c 80 00 00 07
00009dd0: 00 00 00 0c 18 00 00 00 00 23 00 00 00 03 80 00
00009de0: 40 00 05 3a 00 00 00 0e 00 00 00 19 30 00 00 00
00009df0: 00 46 40 00 00 07 00 00 80 00 0a 76 00 00 00 1c
00009e00: 00 00 00 34 60 00 00 00 00 8d 00 00 00 0e 00 01
00009e10: 00 00 14 f0 00 00 00 38 00 00 00 6c c0 00 00 00
00009e20: 01 1b 00 00 00 1c 00 02 00 00 29 e8 00 00 00 70
00009e30: 00 00 00 e1 80 00 00 00 02 38 00 00 00 38 00 04
00009e40: 00 00 53 e0 00 00 00 e0 00 00 01 d3 00 00 00 00
00009e50: 04 74 00 00 00 70 00 08 00 00 a7 e0 00 00 01 c0
00009e60: 00 00 03 c6 00 00 00 00 08 f0 00 00 00 e0 00 10
00009e70: 00 01 50 00 00 00 03 80 00 00 07 cc 00 00 00 00
00009e80: 11 f0 00 00 01 c0 00 20 00 02 a0 80 00 00 0e 80
00009e90: 00 00 00 98 00 00 00 00 08 00 00 04 03 ff ff ff
00009ea0: ff ff ff ff ff ff ff ff ff ff ff ff ff ff ff ff
00009eb0: ff ff ff ff ff ff ff ff ff ff ff ff ff ff ff ff
00009ec0: ff ff ff ff ff ff ff ff ff ff ff ff ff ff ff ff
00009ed0: ff ff ff ff ff ff ff ff ff ff ff ff ff ff ff ff
00009ee0: ff ff ff ff ff ff ff ff ff ff ff ff ff ff ff ff
00009ef0: ff ff ff ff ff ff ff ff ff ff ff ff ff ff ff ff
00009f00: ff ff ff ff ff ff ff ff ff ff ff ff ff ff ff ff
00009f10: ff ff ff ff ff ff ff ff ff ff ff ff ff ff ff ff
00009f20: fd 00 00 15 08 00 00 00 ab 8b 38 03 f8 c0 00 00
00009f30: 00 2a 20 40 07 4f 3f fb ca c5 64 c5 b1 04 f0 00
00009f40: 03 f8 02 00 00 0a a0 84 97 b1 41 20 e9 93 c1 ad
00009f50: 6a 46 c0 38 0f f4 00 00 00 00 10 5f f8 00 07 f8
00009f60: 00 07 f8 00 07 f8 00 07 f8 00 07 f8 00 07 f8 00
00009f70: 07 f8 00 07 f8 00 07 f8 00 07 f8 00 00 01 54 0b
00009f80: 4a 2e 0b 4a 26 10 04 2a 01 00 4a 01 00 6a 01 00
00009f90: 8a 01 00 aa 05 10 80 80 04 00 ca 06 01 00 ca 07
00009fa0: 05 10 80 80 04 00 ca 08 01 00 00 ca 0d 01 00 00
00009fb0: 2b 4a 0d 0b 4a 07 10 a7 ba b6 ea 09 00 84 78 00
00009fc0: cb 18 4a 0e 10 02 2a 07 10 c5 f0 e6 88 0a 00 50
00009fd0: 04 00 00 01 5c 30 66 80 d4 80 00 00 c0 0a e4 66
00009fe0: bf 48 3c 91 00 00 00 00 80 00 0a 86 00 00 00 55
00009ff0: c5 9e 02 00 60 00 00 00 15 10 20 03 a7 9f fd e5
0000a000: 62 b2 62 d8 82 7c 00 02 00 01 00 00 05 50 5b 79
0000a010: ca a0 bd af 5d 60 93 4b b3 5f 9c 07 fa 00 00 00
0000a020: 00 08 2f fc 00 03 fc 00 03 fc 00 03 fc 00 03 fc
0000a030: 00 03 fc 00 03 fc 00 03 fc 00 03 fc 00 03 fc 00
0000a040: 03 fc 00 00 00 aa 05 a5 17 05 a5 13 08 02 15 00
0000a050: 80 25 00 80 35 00 80 45 00 80 55 02 88 40 40 02
0000a060: 00 65 03 00 80 65 03 82 88 40 40 02 00 65 04 00
0000a070: 80 00 65 06 80 80 00 15 a5 06 85 a5 03 88 53 dd
0000a080: 5b 75 04 80 42 3c 00 65 8c 25 07 08 01 15 03 88
0000a090: 62 f8 73 44 05 00 28 02 00 00 00 ae 18 33 40 64
0000a0a0: 20 00 00 60 05 72 33 5f a4 1e 48 80 00 00 00 40
0000a0b0: 00 05 44 00 00 00 2a e2 d0 01 02 30 00 00 00 0a
0000a0c0: 88 10 01 d3 cf fe f2 b1 59 31 6c 41 40 00 01 02
0000a0d0: 00 80 00 02 a8 3e 02 aa 50 37 6b 79 d0 67 fa 6f
0000a0e0: ef c9 37 a6 dd ff a0 00 00 00 00 82 ff c0 00 3f
0000a0f0: c0 00 3f c0 00 3f c0 00 3f c0 00 3f c0 00 3f c0
0000a100: 00 3f c0 00 3f c0 00 3f c0 00 3f c0 00 00 0a a0
0000a110: 5a 51 70 5a 51 30 80 21 50 08 02 50 08 03 50 08
0000a120: 04 50 08 05 50 28 84 04 00 20 06 50 30 08 06 50
0000a130: 38 28 84 04 00 20 06 50 40 08 00 06 50 68 08 00
0000a140: 01 5a 50 68 5a 50 38 85 3d d5 b7 50 48 04 23 c0
0000a150: 06 58 c2 50 70 80 11 50 38 86 2f 87 34 40 50 02
0000a160: 80 20 00 00 0a e1 83 34 06 80 00 00 06 00 57 23
0000a170: 35 fa 41 e4 88 00 00 00 04 00 00 54 50 00 00 02
0000a180: ae 2d 10 10 43 00 00 00 00 a8 81 00 1d 3c ff ef
0000a190: 2b 15 93 16 c4 14 20 00 10 40 08 00 00 2a 83 1b
0000a1a0: be b9 06 44 13 71 04 8b f9 37 00 9a a0 2b 2f fa
0000a1b0: 00 00 00 00 08 2f fc 00 03 fc 00 03 fc 00 03 fc
0000a1c0: 00 03 fc 00 03 fc 00 03 fc 00 03 fc 00 03 fc 00
0000a1d0: 03 fc 00 03 fc 00 00 00 aa 05 a5 17 05 a5 13 08
0000a1e0: 02 15 00 80 25 00 80 35 00 80 45 00 80 55 02 88
0000a1f0: 40 40 02 00 65 03 00 80 65 03 82 88 40 40 02 00
0000a200: 65 04 00 80 00 65 06 80 80 00 15 a5 06 85 a5 03
0000a210: 88 53 dd 5b 75 04 80 42 3c 00 65 8c 25 07 08 01
0000a220: 15 03 88 62 f8 73 44 05 00 28 02 00 00 00 ae 18
0000a230: 33 40 7d 80 00 00 60 05 72 33 5f a4 1e 48 80 00
0000a240: 00 00 40 00 05 46 00 00 00 26 e2 d3 01 08 30 00
0000a250: 00 00 06 88 18 00 25 e4 d6 22 00 00 00 00 1b 91
0000a260: 3f 29 3a 83 08 09 1a 7e b3 a2 19 80 46 02 ff 00
0000a270: 00 00 00 04 00 00 48 02 d2 81 cc 01 32 83 40 40
0000a280: 00 0a d2 82 82 d2 80 c4 00 00 30 83 40 40 32 c6
0000a290: 12 81 0a 80 40 00 00 21 a3 a0 00 0a 00 02 00 02
0000a2a0: 55 57 00 10 4d 00 02 80 00 40 80 09 20 00 00 00
0000a2b0: 01 00 00 15 1c 00 00 00 9b 8b 48 04 18 c0 00 00
0000a2c0: 00 1a 20 60 03 69 96 3e e2 16 4b 3c fa 0b 90 00
0000a2d0: 00 00 03 72 27 e5 27 50 61 01 23 4f d6 74 43 30
0000a2e0: 09 c0 00 00 01 7f 80 00 00 00 02 00 00 2f 41 69
0000a2f0: 4a c1 69 45 c2 00 85 40 20 09 40 20 0d 40 20 11
0000a300: 40 20 15 40 a2 16 5c c5 00 19 40 c0 a2 10 10 09
0000a310: 00 19 40 e0 a2 10 10 02 00 19 41 00 a2 10 10 00
0000a320: 80 00 06 00 9a 01 00 19 61 31 40 e2 18 55 1d 75
0000a330: 01 40 00 e2 18 55 1d 75 01 40 00 e2 18 55 1d 75
0000a340: 01 40 19 41 a0 20 00 05 69 41 61 69 40 e2 17 d3
0000a350: d9 75 81 00 00 19 63 09 41 c2 00 45 40 e2 19 90
0000a360: 58 70 61 40 0a 00 80 00 01 04 d0 0c c8 02 57 ff
0000a370: ff c0 80 09 20 00 00 00 01 00 00 15 20 00 00 00
0000a380: 9b 8b 54 04 30 c0 00 00 00 1a 20 60 00 97 93 58
0000a390: 88 00 00 00 00 6e 46 ed e6 5e 06 49 6c 22 03 99
0000a3a0: 46 cd f9 18 0b fc 00 00 00 00 10 00 01 20 0b 4a
0000a3b0: 07 30 04 ca 0d 01 00 00 2b 4a 0a 0b 4a 03 10 00
0000a3c0: 00 c2 0d 01 00 cb 18 4a 04 2a 01 00 00 00 86 92
0000a3d0: 80 00 28 00 08 00 09 55 5c 00 41 34 01 f0 00 01
0000a3e0: 02 00 24 80 00 00 00 04 00 00 54 90 00 00 02 6e
0000a3f0: 2d 40 10 a3 00 00 00 00 68 81 80 0d a6 58 fb 88
0000a400: 59 2c f3 e8 2e 80 00 00 00 0d c8 dd bc cb c0 c9
0000a410: 2d 84 40 73 28 d9 bf 27 08 8e 62 05 fe 00 00 00
0000a420: 00 08 00 00 b9 05 a5 27 05 a5 17 08 03 15 00 80
0000a430: 25 00 80 35 00 80 45 00 80 55 02 88 65 75 17 80
0000a440: 65 03 02 88 40 40 24 00 65 03 82 88 40 40 08 00
0000a450: 65 04 02 88 40 40 08 00 00 18 02 68 04 00 65 84
0000a460: b5 03 88 61 54 75 d4 05 00 03 88 61 54 75 d4 05
0000a470: 00 65 06 80 80 00 15 a5 05 85 a5 03 88 5f 4f 65
0000a480: d6 04 00 00 65 8c 25 07 08 01 15 03 88 66 41 61
0000a490: c1 85 00 28 02 00 00 04 13 40 23 c0 09 5f ff ff
0000a4a0: 02 00 24 80 00 00 00 04 00 00 54 a0 00 00 02 6e
0000a4b0: 2d 70 11 03 00 00 00 00 68 81 80 02 5e 4d 62 20
0000a4c0: 00 00 00 01 b9 10 39 d3 88 3f 4f 14 b8 23 25 24
0000a4d0: 18 04 60 2f f0 00 00 00 00 40 00 04 80 2d 28 1c
0000a4e0: c0 13 28 34 04 00 00 ad 28 28 2d 28 0c 40 00 03
0000a4f0: 08 34 04 03 2c 61 28 10 a8 04 00 00 02 1a 5a 00
0000a500: 00 a0 00 20 00 25 55 70 01 04 d0 00 40 00 04 08
0000a510: 00 92 00 00 00 00 10 00 01 52 c0 00 00 09 b8 b5
0000a520: 80 43 8c 00 00 00 01 a2 06 00 36 99 63 ee 21 64
0000a530: b3 cf a0 bb 00 00 00 00 37 22 07 3a 71 07 e9 e2
0000a540: 97 04 64 a4 83 00 9c 00 00 00 17 f8 00 00 00 00
0000a550: 20 00 02 e4 16 94 9c 16 94 5c 20 0c 54 02 00 94
0000a560: 02 00 d4 02 01 14 02 01 54 0a 21 01 00 60 01 94
0000a570: 0c 0a 21 01 00 50 01 94 0e 0a 21 01 00 20 01 94
0000a580: 10 0a 21 01 00 20 00 00 60 09 a0 10 01 96 12 d4
0000a590: 0e 21 85 51 d7 50 14 00 0e 21 85 51 d7 50 14 01
0000a5a0: 94 1a 02 00 00 56 94 16 16 94 0e 21 7d 3d 97 58
0000a5b0: 10 00 01 96 30 94 1c 20 04 54 0e 21 99 05 87 06
0000a5c0: 14 00 a0 08 00 00 10 4d 00 e9 80 25 7f ff fc 08
0000a5d0: 00 92 00 00 00 00 10 00 01 53 00 00 00 09 b8 b6
0000a5e0: 40 45 0c 00 00 00 01 a2 06 00 09 79 35 88 80 00
0000a5f0: 00 00 06 e4 16 8d 47 20 d7 64 73 20 ac a7 a3 60
0000a600: 11 80 bf c0 00 00 00 01 00 00 12 00 b4 a0 73 00
0000a610: 4c a0 d0 10 00 02 b4 a0 a0 b4 a0 31 00 00 0c 20
0000a620: d0 10 0c b1 84 a0 42 a0 10 00 00 08 69 a8 00 02
0000a630: 80 00 80 00 95 55 c0 04 13 40 13 40 00 10 20 02
0000a640: 48 00 00 00 00 40 00 05 4d 00 00 00 26 e2 d8 01
0000a650: 12 30 00 00 00 06 88 18 00 da 65 8f b8 85 92 cf
0000a660: 3e 82 f0 00 00 00 00 dc 82 d1 a8 e4 1a ec 8e 64
0000a670: 15 94 f4 6c 02 6e 38 e3 90 5f e0 00 00 00 00 80
0000a680: 00 0b 90 5a 52 70 5a 51 70 80 31 50 08 02 50 08
0000a690: 03 50 08 04 50 08 05 50 28 85 96 62 88 06 50 30
0000a6a0: 28 87 d6 11 08 06 50 38 28 84 04 00 80 06 50 40
0000a6b0: 28 84 04 00 80 00 01 80 26 80 40 06 58 4b 50 38
0000a6c0: 86 15 47 5d 40 50 00 38 86 15 47 5d 40 50 06 50
0000a6d0: 68 08 00 01 5a 50 58 5a 50 38 85 f4 f6 5d 60 40
0000a6e0: 00 06 58 c2 50 70 80 11 50 38 86 64 16 1c 18 50
0000a6f0: 02 80 20 00 00 41 34 02 78 00 95 ff ff f0 20 02
0000a700: 48 00 00 00 00 40 00 05 4e 00 00 00 26 e2 db 01
0000a710: 18 30 00 00 00 06 88 18 00 25 e4 d6 22 00 00 00
0000a720: 00 1b 91 b3 34 56 84 a9 98 68 83 34 02 98 7e 46
0000a730: 02 ff 00 00 00 00 04 00 00 48 02 d2 81 cc 01 32
0000a740: 83 40 40 00 0a d2 82 82 d2 80 c4 00 00 30 83 40
0000a750: 40 32 c6 12 81 0a 80 40 00 00 21 a7 a0 00 0a 00
0000a760: 02 00 02 55 57 00 10 4d 00 0b 00 00 40 80 09 20
0000a770: 00 00 00 01 00 00 15 3c 00 00 00 9b 8b 68 04 58
0000a780: c0 00 00 00 1a 20 60 03 69 96 3e e2 16 4b 3c fa
0000a790: 0b d0 00 00 00 03 72 36 66 8a d0 95 33 0d 10 66
0000a7a0: 80 53 0f c9 a0 00 00 01 7f 80 00 00 00 02 00 00
0000a7b0: 2e 41 69 49 c1 69 45 c2 00 c5 40 20 09 40 20 0d
0000a7c0: 40 20 11 40 20 15 40 a2 10 10 05 00 19 40 c0 a2
0000a7d0: 10 10 05 00 19 40 e0 a2 10 10 02 00 19 41 00 a2
0000a7e0: 10 10 02 00 00 06 00 9a 01 00 19 61 2d 40 e2 18
0000a7f0: 55 1d 75 01 40 00 e2 18 55 1d 75 01 40 19 41 a0
0000a800: 20 00 05 69 41 61 69 40 e2 17 d3 d9 75 81 00 00
0000a810: 19 63 09 41 c2 00 45 40 e2 19 90 58 70 61 40 0a
0000a820: 00 80 00 01 04 d0 0c a8 02 57 ff ff c0 80 09 20
0000a830: 00 00 00 01 00 00 15 40 00 00 00 9b 8b b0 04 e8
0000a840: c0 00 00 00 1a 20 64 0d 13 7a a6 ca 1d 50 00 00
0000a850: 00 03 72 26 b1 5b 30 06 8c 60 d0 6c f9 e6 ef c9
0000a860: c3 3e c6 81 7f 80 00 00 00 02 00 00 26 e1 69 43
0000a870: 46 00 99 61 2d 40 e2 11 18 55 9a e0 60 00 e2 1c
0000a880: b7 72 fa a0 80 19 41 a0 20 00 05 69 41 41 69 40
0000a890: 62 00 00 18 41 a0 20 19 63 09 41 02 00 45 40 20
0000a8a0: 0a 00 80 00 01 04 d0 07 08 00 04 08 00 92 00 00
0000a8b0: 00 00 10 00 01 54 40 00 00 09 b8 bc 80 51 8c 00
0000a8c0: 00 00 01 a2 06 40 d1 37 aa 6c a1 db 00 00 00 00
0000a8d0: 37 22 cc c8 bd 09 53 24 51 06 6b 20 00 fc 9f ff
0000a8e0: ff f8 17 f8 00 00 00 00 20 00 02 5e 16 94 24 60
0000a8f0: 09 96 12 94 0e 21 cb 77 2f aa 08 01 94 1a 02 00
0000a900: 00 56 94 14 16 94 06 20 00 01 84 1a 02 01 96 30
0000a910: 94 10 20 04 54 02 00 a0 08 00 00 10 4d 00 39 00
0000a920: 00 40 80 09 20 00 00 00 01 00 00 15 48 00 00 00
0000a930: 9b 8b e0 05 48 c0 00 00 00 1a 20 64 0d 13 7a a6
0000a940: ca 1e 10 00 00 00 03 72 2c da 46 90 af a8 a0 50
0000a950: 66 98 42 4f c9 ff ff ff 81 7f 80 00 00 00 02 00
0000a960: 00 25 e1 69 42 46 00 99 61 29 40 e2 1c b7 72 fa
0000a970: a0 80 19 41 a0 20 00 05 69 41 41 69 40 62 00 00
0000a980: 18 41 a0 20 19 63 09 41 02 00 45 40 20 0a 00 80
0000a990: 00 01 04 d0 02 e8 00 04 08 00 92 00 00 00 00 10
0000a9a0: 00 01 54 c0 00 00 09 b8 bf 80 57 8c 00 00 00 01
0000a9b0: a2 06 40 d1 37 aa 6c a1 e7 00 00 00 00 37 23 e4
0000a9c0: 18 c1 08 bb f6 dd 06 69 84 24 fc 9f ff ff f8 17
0000a9d0: f8 00 00 00 00 20 00 02 5e 16 94 24 60 09 96 12
0000a9e0: 94 0e 21 cb 77 2f aa 08 01 94 1a 02 00 00 56 94
0000a9f0: 14 16 94 06 20 00 01 84 1a 02 01 96 30 94 10 20
0000aa00: 04 54 02 00 a0 08 00 00 10 4d 00 67 00 00 40 80
0000aa10: 09 20 00 00 00 01 00 00 15 50 00 00 00 9b 8c 10
0000aa20: 05 a8 c0 00 00 00 1a 20 64 0d 13 7a a6 ca 1e d0
0000aa30: 00 00 00 03 72 09 4c f2 30 3f 2c 95 50 6c f9 e6
0000aa40: ef c9 a3 3e c7 01 7f 80 00 00 00 02 00 00 25 e1
0000aa50: 69 42 46 00 99 61 29 40 e2 1c b7 72 fa a0 80 19
0000aa60: 41 a0 20 00 05 69 41 41 69 40 62 00 00 18 41 a0
0000aa70: 20 19 63 09 41 02 00 45 40 20 0a 00 80 00 01 04
0000aa80: d0 04 30 00 04 08 00 92 00 00 00 00 10 00 01 55
0000aa90: 40 00 00 09 b8 c2 80 5d 8c 00 00 00 01 a2 06 40
0000aaa0: d1 37 aa 6c a1 f3 00 00 00 00 37 23 17 a3 57 01
0000aab0: d9 36 09 07 9b d4 a6 fc 9b 33 ec 70 17 f8 00 00
0000aac0: 00 00 20 00 02 5e 16 94 24 60 09 96 12 94 0e 21
0000aad0: cb 77 2f aa 08 01 94 1a 02 00 00 56 94 14 16 94
0000aae0: 06 20 00 01 84 1a 02 01 96 30 94 10 20 04 54 02
0000aaf0: 00 a0 08 00 00 10 4d 00 7f 00 00 40 80 09 20 00
0000ab00: 00 00 03 ff ff ff ff ff ff ff ff ff ff ff fc 00
0000ab10: 3f ff ff ff ff ff ff ff ff ff ff ff c0 03 ff ff
0000ab20: ff ff ff ff ff ff ff ff ff fc 00 3f ff ff ff ff
0000ab30: ff ff ff ff ff ff ff c0 03 ff ff ff ff ff ff ff
0000ab40: ff ff ff ff fc 00 3f ff ff ff ff ff ff ff ff ff
0000ab50: ff ff c0 03 ff ff ff ff ff ff ff ff ff ff ff fc
0000ab60: 00 3f ff ff ff ff ff ff ff ff ff ff ff c0 03 ff
0000ab70: ff ff ff ff ff ff ff ff ff ff fc 00 3f ff ff ff
0000ab80: ff ff ff ff ff ff ff ff c0 03 ff ff ff ff ff ff
0000ab90: ff ff ff ff ff fc 00 3f ff ff ff ff ff ff ff ff
0000aba0: ff ff ff c0 03 ff ff ff ff ff ff ff ff ff ff ff
0000abb0: fc 00 3f ff ff ff ff ff ff ff ff ff ff ff c0 03
0000abc0: ff ff ff ff ff ff ff ff ff ff ff fc 00 3f ff ff
0000abd0: ff ff ff ff ff ff ff ff ff c0 03 ff ff ff ff ff
0000abe0: ff ff ff ff ff ff fc 00 3f ff ff ff ff ff ff ff
0000abf0: ff ff ff ff c0 03 ff ff ff ff ff ff ff ff ff ff
0000ac00: ff fc 00 3f ff ff ff ff ff ff ff ff ff ff ff c0
0000ac10: 03 ff ff ff ff ff ff ff ff ff ff ff fc 00 3f ff
0000ac20: ff ff ff ff ff ff ff ff ff ff c0 03 ff ff ff ff
0000ac30: ff ff ff ff ff ff ff fc 00 3f ff ff ff ff ff ff
0000ac40: ff ff ff ff ff c0 03 ff ff ff ff ff ff ff ff ff
0000ac50: ff ff fc 00 3f ff ff ff ff ff ff ff ff ff ff ff
0000ac60: c0 03 ff ff ff ff ff ff ff ff ff ff ff fc 00 3f
0000ac70: ff ff ff ff ff ff ff ff ff ff ff c0 03 ff ff ff
0000ac80: ff ff ff ff ff ff ff ff fc 00 3f ff ff ff ff ff
0000ac90: ff ff ff ff ff ff c0 03 ff ff ff ff ff ff ff ff
0000aca0: ff ff ff fc 00 3f ff ff ff ff ff ff ff ff ff ff
0000acb0: ff c0 03 ff ff ff ff ff ff ff ff ff ff ff fc 00
0000acc0: 3f ff ff ff ff ff ff ff ff ff ff ff c0 03 ff ff
0000acd0: ff ff ff ff ff ff ff ff ff fc 00 3f ff ff ff ff
0000ace0: ff ff ff ff ff ff ff c0 03 ff ff ff ff ff ff ff
0000acf0: ff ff ff ff fc 00 3f ff ff ff ff ff ff ff ff ff
0000ad00: ff ff c0 03 ff ff ff ff ff ff ff ff ff ff ff fc
0000ad10: 00 3f ff ff ff ff ff ff ff ff ff ff ff c0 03 ff
0000ad20: ff ff ff ff ff ff ff ff ff ff fc 00 3f ff ff ff
0000ad30: ff ff ff ff ff ff ff ff c0 01 00 00 16 00 00 00
0000ad40: 00 9b 8c d8 07 38 c0 00 00 00 1a 20 64 0c a6 1d
0000ad50: 33 d2 16 4b 3c fc 00 09 00 00 00 00 1b 90 ea 8d
0000ad60: 93 81 01 2a e7 7e 4e a9 db 7e 46 02 ff 00 00 00
0000ad70: 00 04 00 00 47 82 d2 81 72 83 40 40 00 0a d2 82
0000ad80: 82 d2 80 c4 00 00 30 83 40 40 32 c6 12 81 0a 80
0000ad90: 40 00 00 02 09 a0 19 d0 00 00 10 01 24 00 00 00
0000ada0: 00 20 00 02 c0 80 00 00 13 71 9b 80 e8 18 00 00
0000adb0: 00 03 44 0c 81 94 c3 a6 7a 42 c9 67 9f 80 01 60
0000adc0: 00 00 00 03 72 20 92 0e 6f e1 d8 d9 50 4a c6 17
0000add0: b0 08 35 41 83 fb fc 00 00 00 00 10 00 01 1e 0b
0000ade0: 4a 05 ca 0d 01 00 00 2b 4a 0a 0b 4a 03 10 00 00
0000adf0: c2 0d 01 00 cb 18 4a 04 2a 01 00 00 00 08 26 80
0000ae00: 4b 80 00 00 40 04 90 00 00 00 00 80 00 0b 04 00
0000ae10: 00 00 4d c6 70 03 a4 60 00 00 00 0d 10 32 04 7c
0000ae20: 7b ed a9 0b 25 9e 7e 00 09 80 00 00 00 0d c8 63
0000ae30: ec 07 c1 31 5c 09 c0 98 1e e4 bf 20 d5 df e0 2f
0000ae40: f0 00 00 00 00 40 00 04 78 2d 28 17 28 34 04 00
0000ae50: 00 ad 28 28 2d 28 0c 40 00 03 08 34 04 03 2c 61
0000ae60: 28 10 a8 04 00 00 00 20 9a 01 22 00 00 01 00 12
0000ae70: 40 00 00 00 02 00 00 2c 18 00 00 01 37 19 c8 0e
0000ae80: a1 80 00 00 00 34 40 c8 11 f1 ef b6 a4 2c 96 79
0000ae90: f8 00 28 00 00 00 00 37 22 35 b4 1f 06 b9 fc 77
0000aea0: 00 c4 63 8e fc 83 56 7b 72 bf c0 00 00 00 01 00
0000aeb0: 00 11 e0 b4 a0 5c a0 d0 10 00 02 b4 a0 a0 b4 a0
0000aec0: 31 00 00 0c 20 d0 10 0c b1 84 a0 42 a0 10 00 00
0000aed0: 00 82 68 06 8c 00 00 04 00 49 00 00 00 00 08 00
0000aee0: 00 b0 80 00 00 04 dc 67 40 3a c6 00 00 00 00 d1
0000aef0: 03 20 76 90 fb fc 10 b2 59 e7 e0 00 d0 00 00 00
0000af00: 00 dc 80 ce f0 3c 1f 9e a8 44 19 9b 50 1b f2 2c
0000af10: 97 f8 00 00 00 00 20 00 02 3c 16 94 0b 94 1a 02
0000af20: 00 00 56 94 14 16 94 06 20 00 01 84 1a 02 01 96
0000af30: 30 94 08 54 02 00 00 00 10 4d 00 9d 00 00 00 80
0000af40: 09 20 00 00 00 01 00 00 16 14 00 00 00 9b 8c ec
0000af50: 07 60 c0 00 00 00 1a 20 64 0e d2 1f 7f 82 16 4b
0000af60: 3c fc 00 1b 00 00 00 00 1b 91 ec c2 0b 82 b0 8f
0000af70: 08 83 21 b6 05 7e 45 7e ff 00 00 00 00 04 00 00
0000af80: 47 82 d2 81 72 83 40 40 00 0a d2 82 82 d2 80 c4
0000af90: 00 00 30 83 40 40 32 c6 12 81 0a 80 40 00 00 02
0000afa0: 09 a0 16 50 00 00 10 01 24 00 00 00 00 20 00 02
0000afb0: c3 00 00 00 13 71 9e 00 ed 18 00 00 00 03 44 0c
0000afc0: 81 da 43 ef f0 42 c9 67 9f 80 03 80 00 00 00 03
0000afd0: 72 25 b2 6f 70 01 65 28 50 73 b8 4a ef c8 b2 df
0000afe0: e0 00 00 00 00 80 00 08 f0 5a 50 2e 50 68 08 00
0000aff0: 01 5a 50 50 5a 50 18 80 00 06 10 68 08 06 58 c2
0000b000: 50 21 50 08 00 00 00 41 34 02 5e 00 00 02 00 24
0000b010: 80 00 00 00 04 00 00 58 70 00 00 02 6e 33 d0 1d
0000b020: c3 00 00 00 00 68 81 90 3b 48 7d fe 08 59 2c f3
0000b030: f0 00 74 00 00 00 00 6e 46 a3 95 ce 01 e2 b5 12
0000b040: 0a 58 49 65 f9 17 bb fc 00 00 00 00 10 00 01 1e
0000b050: 0b 4a 05 ca 0d 01 00 00 2b 4a 0a 0b 4a 03 10 00
0000b060: 00 c2 0d 01 00 cb 18 4a 04 2a 01 00 00 00 08 26
0000b070: 80 5a 00 00 00 40 04 90 00 00 00 00 80 00 0b 10
0000b080: 00 00 00 4d c6 7c 03 bc 60 00 00 00 0d 10 32 07
0000b090: 69 0f bf c1 0b 25 9e 7e 00 0f 00 00 00 00 0d c8
0000b0a0: bf 6d 08 c1 ed e8 82 41 be f7 28 bf 22 75 7f 80
0000b0b0: 00 00 00 02 00 00 23 c1 69 40 b9 41 a0 20 00 05
0000b0c0: 69 41 41 69 40 62 00 00 18 41 a0 20 19 63 09 40
0000b0d0: 85 40 20 00 00 01 04 d0 0a 08 00 00 08 00 92 00
0000b0e0: 00 00 00 10 00 01 62 40 00 00 09 b8 cf c0 78 0c
0000b0f0: 00 00 00 01 a2 06 40 ed 21 f7 f8 21 64 b3 cf c0
0000b100: 01 f0 00 00 00 01 b9 05 5b 17 d8 1b d9 d3 e8 28
0000b110: 58 63 b7 e4 2b f0 c2 05 fe 00 00 00 00 08 00 00
0000b120: 8f 05 a5 02 e5 06 80 80 00 15 a5 05 05 a5 01 88
0000b130: 00 00 61 06 80 80 65 8c 25 02 15 00 80 00 00 04
0000b140: 13 40 26 a0 00 00 20 02 48 00 00 00 00 40 00 05
0000b150: 8a 00 00 00 26 e3 40 01 e2 30 00 00 00 06 88 19
0000b160: 02 3e 3d f6 d4 85 92 cf 3f 00 08 00 00 00 00 06
0000b170: e4 26 03 02 e0 b5 b7 c2 20 dd 7b 94 5f 91 5b bf
0000b180: c0 00 00 00 01 00 00 11 e0 b4 a0 5c a0 d0 10 00
0000b190: 02 b4 a0 a0 b4 a0 31 00 00 0c 20 d0 10 0c b1 84
0000b1a0: a0 42 a0 10 00 00 00 82 68 05 70 00 00 04 00 49
0000b1b0: 00 00 00 00 08 00 00 b1 60 00 00 04 dc 68 20 3c
0000b1c0: 86 00 00 00 00 d1 03 20 47 c7 be da 90 b2 59 e7
0000b1d0: e0 01 08 00 00 00 00 dc 83 05 e9 0c 0f e1 58 34
0000b1e0: 1a f1 39 cb f2 32 b7 f8 00 00 00 00 20 00 02 3c
0000b1f0: 16 94 0b 94 1a 02 00 00 56 94 14 16 94 06 20 00
0000b200: 01 84 1a 02 01 96 30 94 08 54 02 00 00 00 10 4d
0000b210: 00 84 00 00 00 80 09 20 00 00 00 01 00 00 16 30
0000b220: 00 00 00 9b 8d 08 07 98 c0 00 00 00 1a 20 64 08
0000b230: f8 f7 db 52 16 4b 3c fc 00 22 00 00 00 00 1b 91
0000b240: ea 72 23 82 71 36 0e 83 16 ec 25 80 41 ae 12 bc
0000b250: df e0 00 00 00 00 80 00 08 f0 5a 50 2e 50 68 08
0000b260: 00 01 5a 50 50 5a 50 18 80 00 06 10 68 08 06 58
0000b270: c2 50 21 50 08 00 00 00 41 34 03 00 00 00 02 00
0000b280: 24 80 00 00 00 04 00 00 58 d0 00 00 02 6e 34 30
0000b290: 1e 83 00 00 00 00 68 81 90 32 98 74 cf 48 59 2c
0000b2a0: f3 f0 00 8c 00 00 00 00 6e 44 d9 04 86 07 5a 24
0000b2b0: 1a 0a a3 ac 45 f9 17 eb fc 00 00 00 00 10 00 01
0000b2c0: 1e 0b 4a 05 ca 0d 01 00 00 2b 4a 0a 0b 4a 03 10
0000b2d0: 00 00 c2 0d 01 00 cb 18 4a 04 2a 01 00 00 00 08
0000b2e0: 26 80 60 c0 00 00 40 04 90 00 00 00 00 80 00 0b
0000b2f0: 1c 00 00 00 4d c6 88 03 d4 60 00 00 00 0d 10 32
0000b300: 04 04 c7 a8 41 0b 25 9e 7e 00 12 00 00 00 00 0d
0000b310: c8 26 56 11 c1 b4 d8 07 41 97 bf 08 c0 20 d7 09
0000b320: 5c ef f0 00 00 00 00 40 00 04 78 2d 28 17 28 34
0000b330: 04 00 00 ad 28 28 2d 28 0c 40 00 03 08 34 04 03
0000b340: 2c 61 28 10 a8 04 00 00 00 20 9a 01 ac 00 00 01
0000b350: 00 12 40 00 00 00 02 00 00 2c 78 00 00 01 37 1a
0000b360: 28 0f 61 80 00 00 00 34 40 c8 10 13 1e a1 01 ae
0000b370: f9 5d 28 00 4c 00 00 00 00 37 22 c4 e2 01 05 9c
0000b380: 7f 55 05 77 65 0b 00 8d bd fe 00 00 00 00 08 00
0000b390: 00 91 05 a5 02 e5 06 80 80 00 15 a5 07 05 a5 03
0000b3a0: 88 52 6b fe 57 01 80 61 06 80 80 65 8c 25 02 15
0000b3b0: 00 80 00 00 04 13 40 78 a0 00 00 20 02 48 00 00
0000b3c0: 00 00 40 00 05 90 00 00 00 26 e3 46 01 ee 30 00
0000b3d0: 00 00 06 88 19 02 e1 49 33 58 85 92 cf 3f 00 0e
0000b3e0: 40 00 00 00 06 e4 0c db dc 20 e0 09 d3 e0 cb 53
0000b3f0: a3 e0 11 80 bf c0 00 00 00 01 00 00 12 00 b4 a0
0000b400: 73 00 4c a0 d0 10 00 02 b4 a0 a0 b4 a0 31 00 00
0000b410: 0c 20 d0 10 0c b1 84 a0 42 a0 10 00 00 00 82 68
0000b420: 06 3c 00 00 04 00 49 00 00 00 00 08 00 00 b2 20
0000b430: 00 00 04 dc 68 e0 3e 06 00 00 00 00 d1 03 20 40
0000b440: 4c 7a 84 10 b2 59 e7 e0 01 d0 00 00 00 00 dc 86
0000b450: ee fb 84 1d 0b aa 7c 10 11 93 ac 02 30 17 f8 00
0000b460: 00 00 00 20 00 02 3c 16 94 0b 94 1a 02 00 00 56
0000b470: 94 14 16 94 06 20 00 01 84 1a 02 01 96 30 94 08
0000b480: 54 02 00 00 00 10 4d 00 ee 00 00 00 80 09 20 00
0000b490: 00 00 01 00 00 16 48 00 00 00 9b 8d 20 07 c8 c0
0000b4a0: 00 00 00 1a 20 64 08 09 8f 50 82 16 4b 3c fc 00
0000b4b0: 3b 00 00 00 00 1b 90 92 21 72 82 79 69 4f 83 9b
0000b4c0: 4c 6b 80 46 16 ff 00 00 00 00 04 00 00 47 82 d2
0000b4d0: 81 72 83 40 40 00 0a d2 82 82 d2 80 c4 00 00 30
0000b4e0: 83 40 40 32 c6 12 81 0a 80 40 00 00 02 09 a0 15
0000b4f0: 40 00 00 10 01 24 00 00 00 00 20 00 02 c9 80 00
0000b500: 00 13 71 a4 80 fa 18 00 00 00 03 44 0c 81 01 31
0000b510: ea 10 42 c9 67 9f 80 07 80 00 00 00 03 72 37 49
0000b520: ae 10 49 24 e9 70 6b 08 8e b0 08 a8 df e0 00 00
0000b530: 00 00 80 00 08 f0 5a 50 2e 50 68 08 00 01 5a 50
0000b540: 50 5a 50 18 80 00 06 10 68 08 06 58 c2 50 21 50
0000b550: 08 00 00 00 41 34 03 dc 00 00 02 00 24 80 00 00
0000b560: 00 04 00 00 59 40 00 00 02 6e 34 a0 1f 63 00 00
0000b570: 00 00 68 81 90 04 b6 e4 df 08 59 2c f3 f0 00 fc
0000b580: 00 00 00 00 6e 40 04 85 52 0f 47 1c a6 0c ad 3a
0000b590: 3e 01 17 0b fc 00 00 00 00 10 00 01 1e 0b 4a 05
0000b5a0: ca 0d 01 00 00 2b 4a 0a 0b 4a 03 10 00 00 c2 0d
0000b5b0: 01 00 cb 18 4a 04 2a 01 00 00 00 08 26 80 4d 00
0000b5c0: 00 00 40 04 90 00 00 00 00 80 00 0b 2a 00 00 00
0000b5d0: 4d c6 96 03 f0 60 00 00 00 0d 10 32 04 04 c7 a8
0000b5e0: 41 0b 25 9e 7e 00 20 00 00 00 00 0d c8 1c 1d 96
0000b5f0: 41 72 f2 b7 c1 57 c7 39 c0 23 01 7f 80 00 00 00
0000b600: 02 00 00 23 c1 69 40 b9 41 a0 20 00 05 69 41 41
0000b610: 69 40 62 00 00 18 41 a0 20 19 63 09 40 85 40 20
0000b620: 00 00 01 04 d0 0c 70 00 00 08 00 92 00 00 00 00
0000b630: 10 00 01 65 80 00 00 09 b8 d3 00 7e 8c 00 00 00
0000b640: 01 a2 06 40 b8 52 4c d6 03 74 a9 e5 c0 05 00 00
0000b650: 00 00 01 b9 0e 06 e6 28 45 b3 14 28 34 00 40 c7
0000b660: e4 61 af f0 00 00 00 00 40 00 04 8c 2d 28 1c c0
0000b670: 13 28 34 04 00 00 ad 28 34 2d 28 18 42 5b 3f 29
0000b680: b8 03 08 34 04 03 2c 61 28 10 a8 04 00 00 00 20
0000b690: 9a 07 c1 00 00 01 00 12 40 00 00 00 02 00 00 2c
0000b6a0: b8 00 00 01 37 1a 68 0f e1 80 00 00 00 34 40 c8
0000b6b0: 17 0a 49 9a c0 6e 95 3c b8 00 a2 00 00 00 00 37
0000b6c0: 22 a8 18 b5 09 c4 46 4d 07 92 b0 00 fc 8a a5 fe
0000b6d0: 00 00 00 00 08 00 00 91 85 a5 03 98 02 65 06 80
0000b6e0: 80 00 15 a5 06 85 a5 03 08 4b 67 e5 37 00 61 06
0000b6f0: 80 80 65 8c 25 02 15 00 80 00 00 04 13 40 e2 a0
0000b700: 00 00 20 02 48 00 00 00 00 40 00 05 98 00 00 00
0000b710: 26 e3 4e 01 fe 30 00 00 00 06 88 19 00 4b 6e 4d
0000b720: f0 0d d2 a7 97 00 15 00 00 00 00 06 e4 2d f7 98
0000b730: a1 5b 2d 00 20 a7 49 02 1f 91 35 bf c0 00 00 00
0000b740: 01 00 00 12 10 b4 a0 5c a0 d0 10 00 02 b4 a0 d0
0000b750: b4 a0 61 09 6c fc a6 e0 0c 20 d0 10 0c b1 84 a0
0000b760: 42 a0 10 00 00 00 82 68 1c 08 00 00 04 00 49 00
0000b770: 00 00 00 08 00 00 b3 20 00 00 04 dc 69 e0 40 06
0000b780: 00 00 00 00 d1 03 20 76 90 fb fc 01 ba 54 f2 e0
0000b790: 02 a8 00 00 00 00 dc 89 9a c3 24 27 5b 2f b4 0e
0000b7a0: 66 b0 83 f2 25 57 f8 00 00 00 00 20 00 02 42 16
0000b7b0: 94 0b 94 1a 02 00 00 56 94 1a 16 94 0c 21 2d 9f
0000b7c0: 94 dc 01 84 1a 02 01 96 30 94 08 54 02 00 00 00
0000b7d0: 10 4d 03 fd 80 00 00 80 09 20 00 00 00 01 00 00
0000b7e0: 16 68 00 00 00 9b 8d 40 08 08 c0 00 00 00 1a 20
0000b7f0: 64 0e d2 1f 7f 80 37 4a 9e 5c 00 56 00 00 00 00
0000b800: 1b 91 5f 08 62 84 c8 30 8e 83 21 d8 0a 7e 47 36
0000b810: ff 00 00 00 00 04 00 00 48 42 d2 81 72 83 40 40
0000b820: 00 0a d2 83 42 d2 81 84 25 b3 f2 9b 80 30 83 40
0000b830: 40 32 c6 12 81 0a 80 40 00 00 02 09 a0 7d 80 00
0000b840: 00 10 01 24 00 00 00 00 20 00 02 cd 80 00 00 13
0000b850: 71 a8 81 02 18 00 00 00 03 44 0c 81 da 43 ef f0
0000b860: 06 e9 53 cb 80 0a e0 00 00 00 03 72 01 ed 8b 50
0000b870: 88 1a 24 d0 6a 47 4d 8f c8 95 df e0 00 00 00 00
0000b880: 80 00 09 08 5a 50 2e 50 68 08 00 01 5a 50 68 5a
0000b890: 50 30 84 b6 7e 53 70 06 10 68 08 06 58 c2 50 21
0000b8a0: 50 08 00 00 00 41 34 0f 00 00 00 02 00 24 80 00
0000b8b0: 00 00 04 00 00 59 c0 00 00 02 6e 35 20 20 63 00
0000b8c0: 00 00 00 68 81 90 04 b6 e4 df 00 dd 2a 79 70 01
0000b8d0: 60 00 00 00 00 6e 41 87 b9 82 17 ba 5c ca 08 a6
0000b8e0: 88 29 f9 10 db fc 00 00 00 00 10 00 01 21 0b 4a
0000b8f0: 05 ca 0d 01 00 00 2b 4a 0d 0b 4a 06 10 96 cf ca
0000b900: 6e 00 c2 0d 01 00 cb 18 4a 04 2a 01 00 00 00 08
0000b910: 26 81 d0 80 00 00 40 04 90 00 00 00 00 80 00 0b
0000b920: 3a 00 00 00 4d c6 a6 04 10 60 00 00 00 0d 10 32
0000b930: 00 96 dc 9b e0 1b a5 4f 2e 00 2c 80 00 00 00 0d
0000b940: c8 0e 08 2e 42 ad 60 96 41 7a 8a 22 3f 21 41 07
0000b950: 60 2f f0 00 00 00 00 40 00 04 84 2d 28 17 28 34
0000b960: 04 00 00 ad 28 34 2d 28 18 42 5b 3f 29 b8 03 08
0000b970: 34 04 03 2c 61 28 10 a8 04 00 00 00 20 9a 07 2a
0000b980: 00 00 01 00 12 40 00 00 00 02 00 00 2c f0 00 00
0000b990: 01 37 1a a0 10 51 80 00 00 00 34 40 c8 1d a4 3e
0000b9a0: ff 00 6e 95 3c b8 00 b6 00 00 00 00 37 23 39 04
0000b9b0: b1 09 cf 0b 11 06 60 08 20 fc 8a 55 fe 00 00 00
0000b9c0: 00 08 00 00 90 85 a5 02 e5 06 80 80 00 15 a5 06
0000b9d0: 85 a5 03 08 4b 67 e5 37 00 61 06 80 80 65 8c 25
0000b9e0: 02 15 00 80 00 00 04 13 40 ef a0 00 00 20 02 48
0000b9f0: 00 00 00 00 40 00 05 9f 00 00 00 26 e3 55 02 0c
0000ba00: 30 00 00 00 06 88 19 03 b4 87 df e0 0d d2 a7 97
0000ba10: 00 17 00 00 00 00 06 e4 44 6b 09 21 65 72 99 a0
0000ba20: 9d 41 82 9f 91 e1 bf c0 00 00 00 01 00 00 12 10
0000ba30: b4 a0 5c a0 d0 10 00 02 b4 a0 d0 b4 a0 61 09 6c
0000ba40: fc a6 e0 0c 20 d0 10 0c b1 84 a0 42 a0 10 00 00
0000ba50: 00 82 68 1f 78 00 00 04 00 49 00 00 00 00 08 00
0000ba60: 00 b4 00 00 00 04 dc 6a c0 41 c6 00 00 00 00 d1
0000ba70: 03 20 09 6d c9 be 01 ba 54 f2 e0 02 e8 00 00 00
0000ba80: 00 dc 8b da 41 14 2b 6b 63 24 13 88 30 53 f2 26
0000ba90: b7 f8 00 00 00 00 20 00 02 42 16 94 0b 94 1a 02
0000baa0: 00 00 56 94 1a 16 94 0c 21 2d 9f 94 dc 01 84 1a
0000bab0: 02 01 96 30 94 08 54 02 00 00 00 10 4d 03 8a 80
0000bac0: 00 00 80 09 20 00 00 00 01 00 00 16 84 00 00 00
0000bad0: 9b 8d 5c 08 40 c0 00 00 00 1a 20 64 0e d2 1f 7f
0000bae0: 80 37 4a 9e 5c 00 5e 00 00 00 00 1b 90 b5 40 3a
0000baf0: 85 0d 89 90 81 48 04 45 7e 44 3a ff 00 00 00 00
0000bb00: 04 00 00 48 42 d2 81 72 83 40 40 00 0a d2 83 42
0000bb10: d2 81 84 25 b3 f2 9b 80 30 83 40 40 32 c6 12 81
0000bb20: 0a 80 40 00 00 02 09 a0 7a 00 00 00 10 01 24 00
0000bb30: 00 00 00 20 00 02 d1 00 00 00 13 71 ac 01 09 18
0000bb40: 00 00 00 03 44 0c 81 da 43 ef f0 06 e9 53 cb 80
0000bb50: 0b e0 00 00 00 03 72 2b f8 c7 90 84 fe 31 50 2f
0000bb60: e6 c5 2f c8 17 29 d4 0b fc 00 00 00 00 10 00 01
0000bb70: 21 0b 4a 05 ca 0d 01 00 00 2b 4a 0d 0b 4a 06 10
0000bb80: 96 cf ca 6e 00 c2 0d 01 00 cb 18 4a 04 2a 01 00
0000bb90: 00 00 08 26 81 d6 00 00 00 40 04 90 00 00 00 00
0000bba0: 80 00 0b 46 00 00 00 4d c6 b2 04 28 60 00 00 00
0000bbb0: 0d 10 32 04 04 c7 a8 43 91 ed 3e fe 00 3b 80 00
0000bbc0: 00 00 0d c8 3c 57 31 42 cb eb a0 41 1d 9e 3a 3f
0000bbd0: 20 d4 b9 cc af f0 00 00 00 00 40 00 04 88 2d 28
0000bbe0: 17 28 34 04 00 00 ad 28 38 2d 28 1c 42 07 06 96
0000bbf0: e0 0c 03 08 34 04 03 2c 61 28 10 a8 04 00 00 00
0000bc00: 20 9a 06 3d 00 00 01 00 12 40 00 00 00 02 00 00
0000bc10: 2d 20 00 00 01 37 1a d0 10 b1 80 00 00 00 34 40
0000bc20: c8 10 13 1e a1 0e 47 b4 fb f8 00 f0 00 00 00 00
0000bc30: 37 22 c8 44 ad 09 57 0f 09 06 dc 24 00 fc 83 52
0000bc40: e7 f5 bf c0 00 00 00 01 00 00 12 20 b4 a0 5c a0
0000bc50: d0 10 00 02 b4 a0 e0 b4 a0 71 08 1c 1a 5b 80 30
0000bc60: 0c 20 d0 10 0c b1 84 a0 42 a0 10 00 00 00 82 68
0000bc70: 1b 60 00 00 04 00 49 00 00 00 00 08 00 00 b4 a0
0000bc80: 00 00 04 dc 6b 60 43 06 00 00 00 00 d1 03 20 40
0000bc90: 4c 7a 84 39 1e d3 ef e0 03 c8 00 00 00 00 dc 8b
0000bca0: 21 12 b4 25 5c 3c 24 15 2a e1 03 f2 27 97 f8 00
0000bcb0: 00 00 00 20 00 02 44 16 94 0b 94 1a 02 00 00 56
0000bcc0: 94 1c 16 94 0e 21 03 83 4b 70 06 01 84 1a 02 01
0000bcd0: 96 30 94 08 54 02 00 00 00 10 4d 03 37 80 00 00
0000bce0: 80 09 20 00 00 00 01 00 00 16 98 00 00 00 9b 8d
0000bcf0: 70 08 68 c0 00 00 00 1a 20 64 08 09 8f 50 87 23
0000bd00: da 7d fc 00 80 00 00 00 00 1b 90 68 80 4e 84 87
0000bd10: bc 32 82 77 12 28 7e 44 0a ff 00 00 00 00 04 00
0000bd20: 00 48 82 d2 81 72 83 40 40 00 0a d2 83 82 d2 81
0000bd30: c4 20 70 69 6e 00 c0 30 83 40 40 32 c6 12 81 0a
0000bd40: 80 40 00 00 02 09 a0 6d 50 00 00 10 01 24 00 00
0000bd50: 00 00 20 00 02 d3 80 00 00 13 71 ae 81 0e 18 00
0000bd60: 00 00 03 44 0c 81 01 31 ea 10 e4 7b 4f bf 80 10
0000bd70: 20 00 00 00 03 72 0d 10 09 d0 90 f7 86 50 68 39
0000bd80: 00 cf c8 35 1c 2f bb fc 00 00 00 00 10 00 01 22
0000bd90: 0b 4a 05 ca 0d 01 00 00 2b 4a 0e 0b 4a 07 10 81
0000bda0: c1 a5 b8 03 00 c2 0d 01 00 cb 18 4a 04 2a 01 00
0000bdb0: 00 00 08 26 81 8e 40 00 00 40 04 90 00 00 00 00
0000bdc0: 80 00 0b 50 00 00 00 4d c6 bc 04 3c 60 00 00 00
0000bdd0: 0d 10 32 07 69 0f bf c0 1b a5 4f 2e 00 41 00 00
0000bde0: 00 00 0d c8 84 3e 27 42 ed 8c 15 41 70 8e 04 3f
0000bdf0: 22 47 7f 80 00 00 00 02 00 00 24 21 69 40 b9 41
0000be00: a0 20 00 05 69 41 a1 69 40 c2 12 d9 f9 4d c0 18
0000be10: 41 a0 20 19 63 09 40 85 40 20 00 00 01 04 d0 3e
0000be20: 40 00 00 08 00 92 00 00 00 00 10 00 01 6a 40 00
0000be30: 00 09 b8 d7 c0 88 0c 00 00 00 01 a2 06 40 80 98
0000be40: f5 08 72 3d a7 df c0 08 40 00 00 00 01 b9 1e 16
0000be50: 46 08 5e 9d b2 a8 3f f6 d4 c7 e4 4b 2f f0 00 00
0000be60: 00 00 40 00 04 88 2d 28 17 28 34 04 00 00 ad 28
0000be70: 38 2d 28 1c 42 07 06 96 e0 0c 03 08 34 04 03 2c
0000be80: 61 28 10 a8 04 00 00 00 20 9a 06 8d 00 00 01 00
0000be90: 12 40 00 00 00 02 00 00 2d 50 00 00 01 37 1b 00
0000bea0: 11 11 80 00 00 00 34 40 c8 02 5b 72 6f 80 6e 95
0000beb0: 3c b8 01 0a 00 00 00 00 37 22 4a d8 c1 0a c6 c3
0000bec0: 2d 03 83 b8 18 fc 8d ed fe 00 00 00 00 08 00 00
0000bed0: 90 85 a5 02 e5 06 80 80 00 15 a5 06 85 a5 03 08
0000bee0: 4b 67 e5 37 00 61 06 80 80 65 8c 25 02 15 00 80
0000bef0: 00 00 04 13 40 ed 40 00 00 20 02 48 00 00 00 00
0000bf00: 40 00 05 ab 00 00 00 26 e3 61 02 24 30 00 00 00
0000bf10: 06 88 19 03 b4 87 df e0 0d d2 a7 97 00 21 80 00
0000bf20: 00 00 06 e4 5f 86 18 a1 23 f8 e6 20 5b 82 a2 9f
0000bf30: 90 87 64 78 17 f8 00 00 00 00 20 00 02 42 16 94
0000bf40: 0b 94 1a 02 00 00 56 94 1a 16 94 0c 21 2d 9f 94
0000bf50: dc 01 84 1a 02 01 96 30 94 08 54 02 00 00 00 10
0000bf60: 4d 03 bb 80 00 00 80 09 20 00 00 00 01 00 00 16
0000bf70: b0 00 00 00 9b 8d 88 08 98 c0 00 00 00 1a 20 64
0000bf80: 08 f8 f7 db 50 37 4a 9e 5c 00 88 00 00 00 00 1b
0000bf90: 90 ee 30 5c 84 de 35 88 82 81 6e 06 7e 41 ae 12
0000bfa0: bc df e0 00 00 00 00 80 00 09 08 5a 50 2e 50 68
0000bfb0: 08 00 01 5a 50 68 5a 50 30 84 b6 7e 53 70 06 10
0000bfc0: 68 08 06 58 c2 50 21 50 08 00 00 00 41 34 0f ce
0000bfd0: 00 00 02 00 24 80 00 00 00 04 00 00 5a d0 00 00
0000bfe0: 02 6e 36 30 22 83 00 00 00 00 68 81 90 23 e3 df
0000bff0: 6d 40 dd 2a 79 70 02 24 00 00 00 00 6e 47 f4 d9
0000c000: 6a 12 31 74 ca 0c 5b e0 19 f9 1d 1b fc 00 00 00
0000c010: 00 10 00 01 21 0b 4a 05 ca 0d 01 00 00 2b 4a 0d
0000c020: 0b 4a 06 10 96 cf ca 6e 00 c2 0d 01 00 cb 18 4a
0000c030: 04 2a 01 00 00 00 08 26 81 d9 c0 00 00 40 04 90
0000c040: 00 00 00 00 80 00 0b 5c 00 00 00 1b 00 00 00 00
0000c050: 60 00 00 00 11 10 28 dd bb a2 0c 00 00 00 00 40
0000c060: 00 00 00 04 00 00 00 00 40 00 00 00 04 00 00 00
0000c070: 00 40 00 00 00 04 00 00 00 00 40 00 00 00 04 00
0000c080: 00 00 00 40 00 00 00 04 00 00 00 00 40 00 00 00
0000c090: 04 00 00 00 00 40 00 00 00 04 00 00 00 00 40 00
0000c0a0: 00 00 04 00 00 00 00 40 00 00 00 04 00 00 00 00
0000c0b0: 40 00 00 00 04 00 00 00 00 40 00 00 00 04 00 00
0000c0c0: 00 00 40 00 00 00 04 00 00 00 00 40 00 00 00 04
0000c0d0: 00 00 00 00 40 00 00 00 04 00 00 00 00 40 00 00
0000c0e0: 00 04 00 00 00 00 40 00 00 00 00 00 00 04 44 6e
0000c0f0: dd d1 04 40 00 00 00 04 00 00 00 00 40 00 00 00
0000c100: 04 00 00 00 00 40 00 00 00 04 00 00 00 00 40 00
0000c110: 00 00 04 00 00 00 00 40 00 00 00 04 00 00 00 00
0000c120: 40 00 00 00 04 00 00 00 00 40 00 00 00 04 00 00
0000c130: 00 00 40 00 00 00 04 00 00 00 00 40 00 00 00 04
0000c140: 00 00 00 00 40 00 00 00 04 00 00 00 00 40 00 00
0000c150: 00 04 00 00 00 00 40 00 00 00 04 00 00 00 00 40
0000c160: 00 00 00 04 00 00 00 00 40 00 00 00 04 00 00 00
0000c170: 00 40 00 00 00 04 00 00 00 00 40 00 00 00 04 00
0000c180: 00 00 00 20 00 02 d7 80 00 00 06 c0 00 80 00 98
0000c190: 00 00 00 04 44 08 a5 14 c8 57 00 00 00 00 30 00
0000c1a0: 00 00 03 00 00 00 00 30 00 00 00 03 00 00 00 00
0000c1b0: 30 00 00 00 03 00 00 00 00 30 00 00 00 03 00 00
0000c1c0: 00 00 30 00 00 00 03 00 00 00 00 30 00 00 00 03
0000c1d0: 00 00 00 00 30 00 00 00 03 00 00 00 00 30 00 00
0000c1e0: 00 03 00 00 00 00 30 00 00 00 03 00 00 00 00 30
0000c1f0: 00 00 00 03 00 00 00 00 30 00 00 00 03 00 00 00
0000c200: 00 30 00 00 00 03 00 00 00 00 30 00 00 00 03 00
0000c210: 00 00 00 30 00 00 00 03 00 00 00 00 30 00 00 00
0000c220: 03 00 00 00 00 30 00 00 00 02 00 00 01 10 52 8a
0000c230: 64 2b 10 00 00 00 03 00 00 00 00 30 00 00 00 03
0000c240: 00 00 00 00 30 00 00 00 03 00 00 00 00 30 00 00
0000c250: 00 03 00 00 00 00 30 00 00 00 03 00 00 00 00 30
0000c260: 00 00 00 03 00 00 00 00 30 00 00 00 03 00 00 00
0000c270: 00 30 00 00 00 03 00 00 00 00 30 00 00 00 03 00
0000c280: 00 00 00 30 00 00 00 03 00 00 00 00 30 00 00 00
0000c290: 03 00 00 00 00 30 00 00 00 03 00 00 00 00 30 00
0000c2a0: 00 00 03 00 00 00 00 30 00 00 00 03 00 00 00 00
0000c2b0: 30 00 00 00 03 00 00 00 00 30 00 00 00 03 00 00
0000c2c0: 00 00 28 00 00 b6 00 00 00 01 b0 00 40 00 46 00
0000c2d0: 00 00 01 11 02 ea d2 e9 6c c0 00 00 00 04 00 00
0000c2e0: 00 00 40 00 00 00 04 00 00 00 00 40 00 00 00 04
0000c2f0: 00 00 00 00 40 00 00 00 04 00 00 00 00 40 00 00
0000c300: 00 04 00 00 00 00 40 00 00 00 04 00 00 00 00 40
0000c310: 00 00 00 04 00 00 00 00 40 00 00 00 04 00 00 00
0000c320: 00 40 00 00 00 04 00 00 00 00 40 00 00 00 04 00
0000c330: 00 00 00 40 00 00 00 04 00 00 00 00 40 00 00 00
0000c340: 04 00 00 00 00 40 00 00 00 04 00 00 00 00 40 00
0000c350: 00 00 04 00 00 00 00 40 00 00 00 04 00 00 00 00
0000c360: 40 00 00 00 04 00 00 00 00 00 00 00 44 75 69 74
0000c370: b6 44 00 00 00 00 40 00 00 00 04 00 00 00 00 40
0000c380: 00 00 00 04 00 00 00 00 40 00 00 00 04 00 00 00
0000c390: 00 40 00 00 00 04 00 00 00 00 40 00 00 00 04 00
0000c3a0: 00 00 00 40 00 00 00 04 00 00 00 00 40 00 00 00
0000c3b0: 04 00 00 00 00 40 00 00 00 04 00 00 00 00 40 00
0000c3c0: 00 00 04 00 00 00 00 40 00 00 00 04 00 00 00 00
0000c3d0: 40 00 00 00 04 00 00 00 00 40 00 00 00 04 00 00
0000c3e0: 00 00 40 00 00 00 04 00 00 00 00 40 00 00 00 04
0000c3f0: 00 00 00 00 40 00 00 00 04 00 00 00 00 40 00 00
0000c400: 00 02 00 00 2d 88 00 00 00 6c 00 18 00 19 80 00
0000c410: 00 00 44 40 a7 3b 4e 68 b0 00 00 00 03 00 00 00
0000c420: 00 30 00 00 00 03 00 00 00 00 30 00 00 00 03 00
0000c430: 00 00 00 30 00 00 00 03 00 00 00 00 30 00 00 00
0000c440: 03 00 00 00 00 30 00 00 00 03 00 00 00 00 30 00
0000c450: 00 00 03 00 00 00 00 30 00 00 00 03 00 00 00 00
0000c460: 30 00 00 00 03 00 00 00 00 30 00 00 00 03 00 00
0000c470: 00 00 30 00 00 00 03 00 00 00 00 30 00 00 00 03
0000c480: 00 00 00 00 30 00 00 00 03 00 00 00 00 30 00 00
0000c490: 00 03 00 00 00 00 30 00 00 00 03 00 00 00 00 30
0000c4a0: 00 00 00 03 00 00 00 00 20 00 00 11 13 9d a7 34
0000c4b0: 51 00 00 00 00 30 00 00 00 03 00 00 00 00 30 00
0000c4c0: 00 00 03 00 00 00 00 30 00 00 00 03 00 00 00 00
0000c4d0: 30 00 00 00 03 00 00 00 00 30 00 00 00 03 00 00
0000c4e0: 00 00 30 00 00 00 03 00 00 00 00 30 00 00 00 03
0000c4f0: 00 00 00 00 30 00 00 00 03 00 00 00 00 30 00 00
0000c500: 00 03 00 00 00 00 30 00 00 00 03 00 00 00 00 30
0000c510: 00 00 00 03 00 00 00 00 30 00 00 00 03 00 00 00
0000c520: 00 30 00 00 00 03 00 00 00 00 30 00 00 00 03 00
0000c530: 00 00 00 30 00 00 00 03 00 00 00 00 30 00 00 00
0000c540: 02 80 00 0b 64 00 00 00 1b 00 08 00 08 60 00 00
0000c550: 00 11 10 21 af b4 fe f1 00 00 00 22 06 be d3 fb
0000c560: c8 44 44 44 44 44 44 44 44 44 44 44 44 44 44 44
0000c570: 44 80 00 0b 66 00 00 00 1b 00 0a 00 0a 60 00 00
0000c580: 00 11 10 2e 31 77 3a 52 8c 99 06 6b 00 00 00 44
0000c590: 71 8b b9 d2 a8 c9 90 66 b2 aa aa aa aa aa aa aa
0000c5a0: aa aa aa aa aa aa aa aa aa 00 00 2d a0 00 00 00
0000c5b0: 6c 00 30 00 31 80 00 00 00 44 40 8a 41 27 ad 0a
0000c5c0: 93 be 91 02 00 00 01 10 52 09 3d 68 a9 3b e9 10
0000c5d0: 2a aa aa aa aa aa aa aa aa aa aa aa aa aa aa aa
0000c5e0: a8 00 00 b6 a0 00 00 01 b0 00 e0 00 e6 00 00 00
0000c5f0: 01 11 02 7d 56 30 7e 2b dc b6 51 70 00 00 04 43
0000c600: ea b1 83 f2 bd cb 65 17 2a aa aa aa aa aa aa aa
0000c610: aa aa aa aa aa aa aa aa a0 00 02 db 00 00 00 12
0000c620: f1 b6 80 c6 18 00 00 00 03 40 40 a5 3c d1 43 80
0000c630: 01 8c a1 19 b0 80 00 02 d8 00 00 00 00 00 00 00
0000c640: 00 00 00 00 00 0e 02 ff 00 00 00 00 04 00 0e 00
0000c650: 40 00 04 00 04 00 04 00 06 00 20 1a 80 a2 00 00
0000c660: 01 00 12 4c 00 ff fe 00 00 7f 81 00 7f ff ff ff
0000c670: ff ff ff ff ff ff ff ff 80 07 ff ff ff ff ff ff
0000c680: ff ff ff ff ff f8 00 7f ff ff ff ff ff ff ff ff
0000c690: ff ff ff 80 02 00 00 2d d0 00 00 01 2f 1b 98 0c
0000c6a0: c1 80 00 00 00 34 04 0a 53 cd 14 38 00 18 ca 11
0000c6b0: 9b 08 00 00 2d 80 00 00 00 00 00 00 00 00 00 00
0000c6c0: 00 00 e0 2f f0 00 00 00 00 40 00 e0 14 00 00 40
0000c6d0: 00 40 00 40 00 60 02 01 a8 07 a0 00 00 10 01 24
0000c6e0: c0 0f ff e0 00 07 f8 10 07 ff ff ff ff ff ff ff
0000c6f0: ff ff ff ff f8 00 7f ff ff ff ff ff ff ff ff ff
0000c700: ff ff 80 07 ff ff ff ff ff ff ff ff ff ff ff f8
0000c710: 00 20 00 02 df 00 00 00 12 f1 bc 80 d2 18 00 00
0000c720: 00 03 40 40 a5 3c d1 43 80 01 8c a1 19 b0 80 00
0000c730: 02 d8 00 00 00 00 00 00 00 00 00 00 00 00 0e 02
0000c740: ff 00 00 00 00 04 00 0e 02 40 00 04 00 04 00 04
0000c750: 00 06 00 20 1a 80 2f 00 00 01 00 12 4c 00 ff fe
0000c760: 00 00 7f 81 01 7f ff ff ff ff ff ff ff ff ff ff
0000c770: ff 80 07 ff ff ff ff ff ff ff ff ff ff ff f8 00
0000c780: 20 00 02 e0 80 00 00 13 71 be 00 d5 18 00 00 00
0000c790: 03 44 0c 80 fc 6e 40 0a 42 c9 67 9f 00 00 00 00
0000c7a0: 0d c8 00 00 00 00 00 00 00 00 00 00 00 00 23 01
0000c7b0: 7f 80 00 00 00 02 00 07 01 20 00 69 fe 9d ba 62
0000c7c0: 00 00 7f 64 d0 02 09 a0 10 70 04 00 10 01 24 00
0000c7d0: 00 00 00 7f ff ff ff ff ff ff ff ff ff ff ff 80
0000c7e0: 02 00 00 2e 18 00 00 01 2f 1b f8 0d 81 80 00 00
0000c7f0: 00 34 04 0a 53 cd 14 38 00 18 ca 11 9b 08 00 00
0000c800: 2d 80 00 00 00 00 00 00 00 00 00 00 00 00 e0 2f
0000c810: f0 00 00 00 00 40 00 e0 34 00 00 40 00 40 00 40
0000c820: 00 60 02 01 a8 01 b0 00 00 10 01 24 c0 0f ff e0
0000c830: 00 07 f8 10 17 ff ff ff ff ff ff ff ff ff ff ff
0000c840: f8 00 7f ff ff ff ff ff ff ff ff ff ff ff 80 02
0000c850: 00 00 2e 30 00 00 01 2f 1c 20 0d d1 80 00 00 00
0000c860: 34 04 04 d0 1d 90 f0 00 00 00 00 00 1e 97 e1 45
0000c870: 30 00 00 2d 80 00 00 00 00 00 00 00 00 00 00 00
0000c880: 00 e0 2f f0 00 00 00 00 40 00 05 1c 2d 28 a8 2d
0000c890: 28 88 40 08 a8 04 01 28 04 01 a8 04 02 28 04 02
0000c8a0: a8 14 42 02 00 60 03 28 18 04 03 28 1c 04 03 28
0000c8b0: 20 04 00 03 28 34 04 00 00 ad 28 38 2d 28 1c 42
0000c8c0: c7 2e bf 10 1c 03 08 34 04 03 2c 61 28 10 a8 04
0000c8d0: 00 00 03 01 a0 03 e1 ff f2 00 06 06 b0 2a 0e 20
0000c8e0: 02 01 a8 00 d0 00 00 30 01 24 c0 0f ff e0 00 07
0000c8f0: f8 10 17 ff ff ff ff ff ff ff ff ff ff ff f8 00
0000c900: 20 00 02 e4 00 00 00 12 f1 c3 80 e0 18 00 00 00
0000c910: 03 40 40 a5 3c d1 43 80 01 8c a1 19 b0 80 00 02
0000c920: d8 00 00 00 00 00 00 00 00 00 00 00 00 0e 02 ff
0000c930: 00 00 00 00 04 00 0e 04 40 00 04 00 04 00 04 00
0000c940: 06 00 20 1a 80 30 00 00 01 00 12 4c 00 ff fe 00
0000c950: 00 7f 81 00 7f ff ff ff ff ff ff ff ff ff ff ff
0000c960: 80 07 ff ff ff ff ff ff ff ff ff ff ff f8 00 7f
0000c970: ff ff ff ff ff ff ff ff ff ff ff 80 02 00 00 2e
0000c980: 60 00 00 01 2f 1c 70 11 51 80 00 00 00 34 04 0a
0000c990: 53 cd 14 38 00 18 ca 11 9b 08 00 00 2d 80 00 00
0000c9a0: 00 00 00 00 00 00 00 00 00 00 e0 2f f0 00 00 00
0000c9b0: 00 40 00 e0 54 00 00 40 00 40 00 40 00 60 02 01
0000c9c0: a8 0e 70 00 00 10 01 24 c0 0f ff e0 00 07 f8 10
0000c9d0: 17 ff ff ff ff ff ff ff ff ff ff ff f8 00 7f ff
0000c9e0: ff ff ff ff ff ff ff ff ff ff 80 02 00 00 2e 78
0000c9f0: 00 00 01 37 1c 90 11 91 80 00 00 00 34 40 c8 16
0000ca00: c5 87 a1 24 2c 96 79 f0 00 00 00 00 dc 80 00 00
0000ca10: 00 00 00 00 00 00 00 00 00 02 30 17 f8 00 00 00
0000ca20: 00 20 00 70 2a 00 06 9f e9 db a6 1f ff c7 f6 4d
0000ca30: 00 20 9a 01 53 00 80 01 00 12 40 00 00 00 02 00
0000ca40: 00 2e 80 00 00 01 2f 1c 98 11 a1 80 00 00 00 34
0000ca50: 04 03 7c 87 a1 30 00 00 00 00 00 1e 97 e1 45 30
0000ca60: 00 00 2d 80 00 00 00 00 00 00 00 00 00 00 00 00
0000ca70: e0 2f f0 00 00 00 00 40 00 05 1c 2d 28 a8 2d 28
0000ca80: 88 40 08 a8 04 01 28 04 01 a8 04 02 28 04 02 a8
0000ca90: 14 42 02 00 60 03 28 18 04 03 28 1c 04 03 28 20
0000caa0: 04 00 03 28 34 04 00 00 ad 28 38 2d 28 1c 42 c7
0000cab0: 2e bf 10 1c 03 08 34 04 03 2c 61 28 10 a8 04 00
0000cac0: 00 03 02 a0 03 e1 ff f2 00 06 06 b0 2a 0e 20 02
0000cad0: 01 a8 0b d0 00 00 10 01 24 c0 0f ff e0 00 07 f8
0000cae0: 10 17 ff ff ff ff ff ff ff ff ff ff ff f8 00 20
0000caf0: 00 02 e9 00 00 00 12 f1 cb 01 1d 18 00 00 00 03
0000cb00: 40 40 a5 3c d1 43 80 01 8c a1 19 b0 80 00 02 d8
0000cb10: 00 00 00 00 00 00 00 00 00 00 00 00 0e 02 ff 00
0000cb20: 00 00 00 04 00 0e 06 40 00 04 00 04 00 04 00 06
0000cb30: 00 20 1a 80 51 00 00 01 00 12 4c 00 ff fe 00 00
0000cb40: 7f 81 01 7f ff ff ff ff ff ff ff ff ff ff ff 80
0000cb50: 07 ff ff ff ff ff ff ff ff ff ff ff f8 00 20 00
0000cb60: 02 ea 80 00 00 13 71 cc 81 20 18 00 00 00 03 44
0000cb70: 0c 80 fc 6e 40 0a 42 c9 67 9f 00 00 00 00 0d c8
0000cb80: 00 00 00 00 00 00 00 00 00 00 00 00 23 01 7f 80
0000cb90: 00 00 00 02 00 07 03 20 00 69 fe 9d ba 62 00 00
0000cba0: 7f 64 d0 02 09 a0 10 b0 08 00 10 01 24 00 00 00
0000cbb0: 00 7f ff ff ff ff ff ff ff ff ff ff ff 80 02 00
0000cbc0: 00 2e b8 00 00 01 2f 1c e0 12 31 80 00 00 00 34
0000cbd0: 04 0a 53 cd 14 38 00 18 ca 11 9b 08 00 00 2d 80
0000cbe0: 00 00 00 00 00 00 00 00 00 00 00 00 e0 2f f0 00
0000cbf0: 00 00 00 40 00 e0 74 00 00 40 00 40 00 40 00 60
0000cc00: 02 01 a8 08 f0 00 00 10 01 24 c0 0f ff e0 00 07
0000cc10: f8 10 07 ff ff ff ff ff ff ff ff ff ff ff f8 00
0000cc20: 7f ff ff ff ff ff ff ff ff ff ff ff 80 02 00 00
0000cc30: 2e d0 00 00 01 37 1c f8 12 61 80 00 00 00 34 40
0000cc40: c8 0f c6 e4 00 a4 2c 96 79 f0 00 00 00 00 dc 80
0000cc50: 00 00 00 00 00 00 00 00 00 00 00 02 30 17 f8 00
0000cc60: 00 00 00 20 00 70 3a 00 06 9f e9 db a6 20 00 07
0000cc70: f6 4d 00 20 9a 01 77 00 40 01 00 12 40 00 00 00
0000cc80: 07 ff ff ff ff ff ff ff ff ff ff ff f8 00 7f ff
0000cc90: ff ff ff ff ff ff ff ff ff ff 80 07 ff ff ff ff
0000cca0: ff ff ff ff ff ff ff f8 00 7f ff ff ff ff ff ff
0000ccb0: ff ff ff ff ff 80 07 ff ff ff ff ff ff ff ff ff
0000ccc0: ff ff f8 00 7f ff ff ff ff ff ff ff ff ff ff ff
0000ccd0: 80 07 ff ff ff ff ff ff ff ff ff ff ff f8 00 7f
0000cce0: ff ff ff ff ff ff ff ff ff ff ff 80 07 ff ff ff
0000ccf0: ff ff ff ff ff ff ff ff f8 00 7f ff ff ff ff ff
0000cd00: ff ff ff ff ff ff 80 07 ff ff ff ff ff ff ff ff
0000cd10: ff ff ff f8 00 7f ff ff ff ff ff ff ff ff ff ff
0000cd20: ff 80 07 ff ff ff ff ff ff ff ff ff ff ff f8 00
0000cd30: 7f ff ff ff ff ff ff ff ff ff ff ff 80 07 ff ff
0000cd40: ff ff ff ff ff ff ff ff ff f8 00 7f ff ff ff ff
0000cd50: ff ff ff ff ff ff ff 80 07 ff ff ff ff ff ff ff
0000cd60: ff ff ff ff f8 00 7f ff ff ff ff ff ff ff ff ff
0000cd70: ff ff 80 07 ff ff ff ff ff ff ff ff ff ff ff f8
0000cd80: 00 7f ff ff ff ff ff ff ff ff ff ff ff 80 07 ff
0000cd90: ff ff ff ff ff ff ff ff ff ff f8 00 7f ff ff ff
0000cda0: ff ff ff ff ff ff ff ff 80 07 ff ff ff ff ff ff
0000cdb0: ff ff ff ff ff f8 00 7f ff ff ff ff ff ff ff ff
0000cdc0: ff ff ff 80 07 ff ff ff ff ff ff ff ff ff ff ff
0000cdd0: f8 00 7f ff ff ff ff ff ff ff ff ff ff ff 80 07
0000cde0: ff ff ff ff ff ff ff ff ff ff ff f8 00 7f ff ff
0000cdf0: ff ff ff ff ff ff ff ff ff 80 07 ff ff ff ff ff
0000ce00: ff ff ff ff ff ff f8 00 7f ff ff ff ff ff ff ff
0000ce10: ff ff ff ff 80 07 ff ff ff ff ff ff ff ff ff ff
0000ce20: ff f8 00 7f ff ff ff ff ff ff ff ff ff ff ff 80
0000ce30: 07 ff ff ff ff ff ff ff ff ff ff ff f8 00 7f ff
0000ce40: ff ff ff ff ff ff ff ff ff ff 80 07 ff ff ff ff
0000ce50: ff ff ff ff ff ff ff f8 00 7f ff ff ff ff ff ff
0000ce60: ff ff ff ff ff 80 07 ff ff ff ff ff ff ff ff ff
0000ce70: ff ff f8 00 7f ff ff ff ff ff ff ff ff ff ff ff
0000ce80: 80 07 ff ff ff ff ff ff ff ff ff ff ff f8 00 7f
0000ce90: ff ff ff ff ff ff ff ff ff ff ff 80 07 ff ff ff
0000cea0: ff ff ff ff ff ff ff ff f8 00 7f ff ff ff ff ff
0000ceb0: ff ff ff ff ff ff 80 07 ff ff ff ff ff ff ff ff
0000cec0: ff ff ff f8 00 7f ff ff ff ff ff ff ff ff ff ff
0000ced0: ff 80 07 ff ff ff ff ff ff ff ff ff ff ff f8 00
0000cee0: 7f ff ff ff ff ff ff ff ff ff ff ff 80 07 ff ff
0000cef0: ff ff ff ff ff ff ff ff ff f8 00 7f ff ff ff ff
0000cf00: ff ff ff ff ff ff ff 80 07 ff ff ff ff ff ff ff
0000cf10: ff ff ff ff f8 00 7f ff ff ff ff ff ff ff ff ff
0000cf20: ff ff 80 07 ff ff ff ff ff ff ff ff ff ff ff f8
0000cf30: 00 7f ff ff ff ff ff ff ff ff ff ff ff 80 07 ff
0000cf40: ff ff ff ff ff ff ff ff ff ff f8 00 7f ff ff ff
0000cf50: ff ff ff ff ff ff ff ff 80 07 ff ff ff ff ff ff
0000cf60: ff ff ff ff ff f8 00 7f ff ff ff ff ff ff ff ff
0000cf70: ff ff ff 80 07 ff ff ff ff ff ff ff ff ff ff ff
0000cf80: f8 00 7f ff ff ff ff ff ff ff ff ff ff ff 80 07
0000cf90: ff ff ff ff ff ff ff ff ff ff ff f8 00 7f ff ff
0000cfa0: ff ff ff ff ff ff ff ff ff 80 07 ff ff ff ff ff
0000cfb0: ff ff ff ff ff ff f8 00 7f ff ff ff ff ff ff ff
0000cfc0: ff ff ff ff 80 07 ff ff ff ff ff ff ff ff ff ff
0000cfd0: ff f8 00 7f ff ff ff ff ff ff ff ff ff ff ff 80
0000cfe0: 07 ff ff ff ff ff ff ff ff ff ff ff f8 00 7f ff
0000cff0: ff ff ff ff ff ff ff ff ff ff 80 07 ff ff ff ff
0000d000: ff ff ff ff ff ff ff f8 00 7f ff ff ff ff ff ff
0000d010: ff ff ff ff ff 80 07 ff ff ff ff ff ff ff ff ff
0000d020: ff ff f8 00 7f ff ff ff ff ff ff ff ff ff ff ff
0000d030: 80 07 ff ff ff ff ff ff ff ff ff ff ff f8 00 7f
0000d040: ff ff ff ff ff ff ff ff ff ff ff 80 07 ff ff ff
0000d050: ff ff ff ff ff ff ff ff f8 00 7f ff ff ff ff ff
0000d060: ff ff ff ff ff ff 80 07 ff ff ff ff ff ff ff ff
0000d070: ff ff ff f8 00 7f ff ff ff ff ff ff ff ff ff ff
0000d080: ff 80 07 ff ff ff ff ff ff ff ff ff ff ff f8 00
0000d090: 7f ff ff ff ff ff ff ff ff ff ff ff 80 07 ff ff
0000d0a0: ff ff ff ff ff ff ff ff ff f8 00 7f ff ff ff ff
0000d0b0: ff ff ff ff ff ff ff 80 07 ff ff ff ff ff ff ff
0000d0c0: ff ff ff ff f8 00 7f ff ff ff ff ff ff ff ff ff
0000d0d0: ff ff 80 07 ff ff ff ff ff ff ff ff ff ff ff f8
0000d0e0: 00 7f ff ff ff ff ff ff ff ff ff ff ff 80 07 ff
0000d0f0: ff ff ff ff ff ff ff ff ff ff f8 00 7f ff ff ff
0000d100: ff ff ff ff ff ff ff ff 80 07 ff ff ff ff ff ff
0000d110: ff ff ff ff ff f8 00 7f ff ff ff ff ff ff ff ff
0000d120: ff ff ff 80 07 ff ff ff ff ff ff ff ff ff ff ff
0000d130: f8 00 7f ff ff ff ff ff ff ff ff ff ff ff 80 07
0000d140: ff ff ff ff ff ff ff ff ff ff ff f8 00 7f ff ff
0000d150: ff ff ff ff ff ff ff ff ff 80 07 ff ff ff ff ff
0000d160: ff ff ff ff ff ff f8 00 7f ff ff ff ff ff ff ff
0000d170: ff ff ff ff 80 07 ff ff ff ff ff ff ff ff ff ff
0000d180: ff f8 00 7f ff ff ff ff ff ff ff ff ff ff ff 80
0000d190: 07 ff ff ff ff ff ff ff ff ff ff ff f8 00 7f ff
0000d1a0: ff ff ff ff ff ff ff ff ff ff 80 07 ff ff ff ff
0000d1b0: ff ff ff ff ff ff ff f8 00 7f ff ff ff ff ff ff
0000d1c0: ff ff ff ff ff 80 07 ff ff ff ff ff ff ff ff ff
0000d1d0: ff ff f8 00 7f ff ff ff ff ff ff ff ff ff ff ff
0000d1e0: 80 07 ff ff ff ff ff ff ff ff ff ff ff f8 00 7f
0000d1f0: ff ff ff ff ff ff ff ff ff ff ff 80 07 ff ff ff
0000d200: ff ff ff ff ff ff ff ff f8 00 7f ff ff ff ff ff
0000d210: ff ff ff ff ff ff 80 07 ff ff ff ff ff ff ff ff
0000d220: ff ff ff f8 00 7f ff ff ff ff ff ff ff ff ff ff
0000d230: ff 80 07 ff ff ff ff ff ff ff ff ff ff ff f8 00
0000d240: 7f ff ff ff ff ff ff ff ff ff ff ff 80 07 ff ff
0000d250: ff ff ff ff ff ff ff ff ff f8 00 7f ff ff ff ff
0000d260: ff ff ff ff ff ff ff 80 07 ff ff ff ff ff ff ff
0000d270: ff ff ff ff f8 00 7f ff ff ff ff ff ff ff ff ff
0000d280: ff ff 80 07 ff ff ff ff ff ff ff ff ff ff ff f8
0000d290: 00 7f ff ff ff ff ff ff ff ff ff ff ff 80 07 ff
0000d2a0: ff ff ff ff ff ff ff ff ff ff f8 00 7f ff ff ff
0000d2b0: ff ff ff ff ff ff ff ff 80 07 ff ff ff ff ff ff
0000d2c0: ff ff ff ff ff f8 00 7f ff ff ff ff ff ff ff ff
0000d2d0: ff ff ff 80 07 ff ff ff ff ff ff ff ff ff ff ff
0000d2e0: f8 00 7f ff ff ff ff ff ff ff ff ff ff ff 80 07
0000d2f0: ff ff ff ff ff ff ff ff ff ff ff f8 00 7f ff ff
0000d300: ff ff ff ff ff ff ff ff ff 80 07 ff ff ff ff ff
0000d310: ff ff ff ff ff ff f8 00 7f ff ff ff ff ff ff ff
0000d320: ff ff ff ff 80 07 ff ff ff ff ff ff ff ff ff ff
0000d330: ff f8 00 7f ff ff ff ff ff ff ff ff ff ff ff 80
0000d340: 07 ff ff ff ff ff ff ff ff ff ff ff f8 00 7f ff
0000d350: ff ff ff ff ff ff ff ff ff ff 80 07 ff ff ff ff
0000d360: ff ff ff ff ff ff ff f8 00 7f ff ff ff ff ff ff
0000d370: ff ff ff ff ff 80 07 ff ff ff ff ff ff ff ff ff
0000d380: ff ff f8 00 7f ff ff ff ff ff ff ff ff ff ff ff
0000d390: 80 07 ff ff ff ff ff ff ff ff ff ff ff f8 00 7f
0000d3a0: ff ff ff ff ff ff ff ff ff ff ff 80 07 ff ff ff
0000d3b0: ff ff ff ff ff ff ff ff f8 00 7f ff ff ff ff ff
0000d3c0: ff ff ff ff ff ff 80 07 ff ff ff ff ff ff ff ff
0000d3d0: ff ff ff f8 00 7f ff ff ff ff ff ff ff ff ff ff
0000d3e0: ff 80 07 ff ff ff ff ff ff ff ff ff ff ff f8 00
0000d3f0: 7f ff ff ff ff ff ff ff ff ff ff ff 80 07 ff ff
0000d400: ff ff ff ff ff ff ff ff ff f8 00 7f ff ff ff ff
0000d410: ff ff ff ff ff ff ff 80 07 ff ff ff ff ff ff ff
0000d420: ff ff ff ff f8 00 7f ff ff ff ff ff ff ff ff ff
0000d430: ff ff 80 07 ff ff ff ff ff ff ff ff ff ff ff f8
0000d440: 00 7f ff ff ff ff ff ff ff ff ff ff ff 80 07 ff
0000d450: ff ff ff ff ff ff ff ff ff ff f8 00 7f ff ff ff
0000d460: ff ff ff ff ff ff ff ff 80 07 ff ff ff ff ff ff
0000d470: ff ff ff ff ff f8 00 7f ff ff ff ff ff ff ff ff
0000d480: ff ff ff 80 07 ff ff ff ff ff ff ff ff ff ff ff
0000d490: f8 00 7f ff ff ff ff ff ff ff ff ff ff ff 80 07
0000d4a0: ff ff ff ff ff ff ff ff ff ff ff f8 00 7f ff ff
0000d4b0: ff ff ff ff ff ff ff ff ff 80 07 ff ff ff ff ff
0000d4c0: ff ff ff ff ff ff f8 00 7f ff ff ff ff ff ff ff
0000d4d0: ff ff ff ff 80 07 ff ff ff ff ff ff ff ff ff ff
0000d4e0: ff f8 00 7f ff ff ff ff ff ff ff ff ff ff ff 80
0000d4f0: 07 ff ff ff ff ff ff ff ff ff ff ff f8 00 7f ff
0000d500: ff ff ff ff ff ff ff ff ff ff 80 07 ff ff ff ff
0000d510: ff ff ff ff ff ff ff f8 00 7f ff ff ff ff ff ff
0000d520: ff ff ff ff ff 80 07 ff ff ff ff ff ff ff ff ff
0000d530: ff ff f8 00 7f ff ff ff ff ff ff ff ff ff ff ff
0000d540: 80 07 ff ff ff ff ff ff ff ff ff ff ff f8 00 7f
0000d550: ff ff ff ff ff ff ff ff ff ff ff 80 07 ff ff ff
0000d560: ff ff ff ff ff ff ff ff f8 00 7f ff ff ff ff ff
0000d570: ff ff ff ff ff ff 80 07 ff ff ff ff ff ff ff ff
0000d580: ff ff ff f8 00 7f ff ff ff ff ff ff ff ff ff ff
0000d590: ff 80 07 ff ff ff ff ff ff ff ff ff ff ff f8 00
0000d5a0: 7f ff ff ff ff ff ff ff ff ff ff ff 80 07 ff ff
0000d5b0: ff ff ff ff ff ff ff ff ff f8 00 7f ff ff ff ff
0000d5c0: ff ff ff ff ff ff ff 80 07 ff ff ff ff ff ff ff
0000d5d0: ff ff ff ff f8 00 7f ff ff ff ff ff ff ff ff ff
0000d5e0: ff ff 80 07 ff ff ff ff ff ff ff ff ff ff ff f8
0000d5f0: 00 7f ff ff ff ff ff ff ff ff ff ff ff 80 07 ff
0000d600: ff ff ff ff ff ff ff ff ff ff f8 00 7f ff ff ff
0000d610: ff ff ff ff ff ff ff ff 80 07 ff ff ff ff ff ff
0000d620: ff ff ff ff ff f8 00 7f ff ff ff ff ff ff ff ff
0000d630: ff ff ff 80 07 ff ff ff ff ff ff ff ff ff ff ff
0000d640: f8 00 7f ff ff ff ff ff ff ff ff ff ff ff 80 07
0000d650: ff ff ff ff ff ff ff ff ff ff ff f8 00 7f ff ff
0000d660: ff ff ff ff ff ff ff ff ff 80 07 ff ff ff ff ff
0000d670: ff ff ff ff ff ff f8 00 7f ff ff ff ff ff ff ff
0000d680: ff ff ff ff 80 07 ff ff ff ff ff ff ff ff ff ff
0000d690: ff f8 00 7f ff ff ff ff ff ff ff ff ff ff ff 80
0000d6a0: 07 ff ff ff ff ff ff ff ff ff ff ff f8 00 7f ff
0000d6b0: ff ff ff ff ff ff ff ff ff ff 80 07 ff ff ff ff
0000d6c0: ff ff ff ff ff ff ff f8 00 7f ff ff ff ff ff ff
0000d6d0: ff ff ff ff ff 80 07 ff ff ff ff ff ff ff ff ff
0000d6e0: ff ff f8 00 7f ff ff ff ff ff ff ff ff ff ff ff
0000d6f0: 80 07 ff ff ff ff ff ff ff ff ff ff ff f8 00 7f
0000d700: ff ff ff ff ff ff ff ff ff ff ff 80 07 ff ff ff
0000d710: ff ff ff ff ff ff ff ff f8 00 7f ff ff ff ff ff
0000d720: ff ff ff ff ff ff 80 07 ff ff ff ff ff ff ff ff
0000d730: ff ff ff f8 00 7f ff ff ff ff ff ff ff ff ff ff
0000d740: ff 80 07 ff ff ff ff ff ff ff ff ff ff ff f8 00
0000d750: 7f ff ff ff ff ff ff ff ff ff ff ff 80 07 ff ff
0000d760: ff ff ff ff ff ff ff ff ff f8 00 7f ff ff ff ff
0000d770: ff ff ff ff ff ff ff 80 07 ff ff ff ff ff ff ff
0000d780: ff ff ff ff f8 00 7f ff ff ff ff ff ff ff ff ff
0000d790: ff ff 80 07 ff ff ff ff ff ff ff ff ff ff ff f8
0000d7a0: 00 7f ff ff ff ff ff ff ff ff ff ff ff 80 07 ff
0000d7b0: ff ff ff ff ff ff ff ff ff ff f8 00 7f ff ff ff
0000d7c0: ff ff ff ff ff ff ff ff 80 07 ff ff ff ff ff ff
0000d7d0: ff ff ff ff ff f8 00 7f ff ff ff ff ff ff ff ff
0000d7e0: ff ff ff 80 07 ff ff ff ff ff ff ff ff ff ff ff
0000d7f0: f8 00 7f ff ff ff ff ff ff ff ff ff ff ff 80 07
0000d800: ff ff ff ff ff ff ff ff ff ff ff f8 00 7f ff ff
0000d810: ff ff ff ff ff ff ff ff ff 80 07 ff ff ff ff ff
0000d820: ff ff ff ff ff ff f8 00 7f ff ff ff ff ff ff ff
0000d830: ff ff ff ff 80 07 ff ff ff ff ff ff ff ff ff ff
0000d840: ff f8 00 7f ff ff ff ff ff ff ff ff ff ff ff 80
0000d850: 07 ff ff ff ff ff ff ff ff ff ff ff f8 00 7f ff
0000d860: ff ff ff ff ff ff ff ff ff ff 80 07 ff ff ff ff
0000d870: ff ff ff ff ff ff ff f8 00 7f ff ff ff ff ff ff
0000d880: ff ff ff ff ff 80 07 ff ff ff ff ff ff ff ff ff
0000d890: ff ff f8 00 7f ff ff ff ff ff ff ff ff ff ff ff
0000d8a0: 80 07 ff ff ff ff ff ff ff ff ff ff ff f8 00 7f
0000d8b0: ff ff ff ff ff ff ff ff ff ff ff 80 07 ff ff ff
0000d8c0: ff ff ff ff ff ff ff ff f8 00 7f ff ff ff ff ff
0000d8d0: ff ff ff ff ff ff 80 07 ff ff ff ff ff ff ff ff
0000d8e0: ff ff ff f8 00 7f ff ff ff ff ff ff ff ff ff ff
0000d8f0: ff 80 07 ff ff ff ff ff ff ff ff ff ff ff f8 00
0000d900: 7f ff ff ff ff ff ff ff ff ff ff ff 80 07 ff ff
0000d910: ff ff ff ff ff ff ff ff ff f8 00 7f ff ff ff ff
0000d920: ff ff ff ff ff ff ff 80 07 ff ff ff ff ff ff ff
0000d930: ff ff ff ff f8 00 7f ff ff ff ff ff ff ff ff ff
0000d940: ff ff 80 07 ff ff ff ff ff ff ff ff ff ff ff f8
0000d950: 00 7f ff ff ff ff ff ff ff ff ff ff ff 80 07 ff
0000d960: ff ff ff ff ff ff ff ff ff ff f8 00 7f ff ff ff
0000d970: ff ff ff ff ff ff ff ff 80 07 ff ff ff ff ff ff
0000d980: ff ff ff ff ff f8 00 7f ff ff ff ff ff ff ff ff
0000d990: ff ff ff 80 07 ff ff ff ff ff ff ff ff ff ff ff
0000d9a0: f8 00 7f ff ff ff ff ff ff ff ff ff ff ff 80 07
0000d9b0: ff ff ff ff ff ff ff ff ff ff ff f8 00 7f ff ff
0000d9c0: ff ff ff ff ff ff ff ff ff 80 07 ff ff ff ff ff
0000d9d0: ff ff ff ff ff ff f8 00 7f ff ff ff ff ff ff ff
0000d9e0: ff ff ff ff 80 07 ff ff ff ff ff ff ff ff ff ff
0000d9f0: ff f8 00 7f ff ff ff ff ff ff ff ff ff ff ff 80
0000da00: 07 ff ff ff ff ff ff ff ff ff ff ff f8 00 7f ff
0000da10: ff ff ff ff ff ff ff ff ff ff 80 07 ff ff ff ff
0000da20: ff ff ff ff ff ff ff f8 00 7f ff ff ff ff ff ff
0000da30: ff ff ff ff ff 80 07 ff ff ff ff ff ff ff ff ff
0000da40: ff ff f8 00 7f ff ff ff ff ff ff ff ff ff ff ff
0000da50: 80 07 ff ff ff ff ff ff ff ff ff ff ff f8 00 7f
0000da60: ff ff ff ff ff ff ff ff ff ff ff 80 07 ff ff ff
0000da70: ff ff ff ff ff ff ff ff f8 00 7f ff ff ff ff ff
0000da80: ff ff ff ff ff ff 80 07 ff ff ff ff ff ff ff ff
0000da90: ff ff ff f8 00 7f ff ff ff ff ff ff ff ff ff ff
0000daa0: ff 80 07 ff ff ff ff ff ff ff ff ff ff ff f8 00
0000dab0: 7f ff ff ff ff ff ff ff ff ff ff ff 80 07 ff ff
0000dac0: ff ff ff ff ff ff ff ff ff f8 00 7f ff ff ff ff
0000dad0: ff ff ff ff ff ff ff 80 07 ff ff ff ff ff ff ff
0000dae0: ff ff ff ff f8 00 7f ff ff ff ff ff ff ff ff ff
0000daf0: ff ff 80 07 ff ff ff ff ff ff ff ff ff ff ff f8
0000db00: 00 7f ff ff ff ff ff ff ff ff ff ff ff 80 07 ff
0000db10: ff ff ff ff ff ff ff ff ff ff f8 00 7f ff ff ff
0000db20: ff ff ff ff ff ff ff ff 80 07 ff ff ff ff ff ff
0000db30: ff ff ff ff ff f8 00 7f ff ff ff ff ff ff ff ff
0000db40: ff ff ff 80 07 ff ff ff ff ff ff ff ff ff ff ff
0000db50: f8 00 7f ff ff ff ff ff ff ff ff ff ff ff 80 07
0000db60: ff ff ff ff ff ff ff ff ff ff ff f8 00 7f ff ff
0000db70: ff ff ff ff ff ff ff ff ff 80 07 ff ff ff ff ff
0000db80: ff ff ff ff ff ff f8 00 7f ff ff ff ff ff ff ff
0000db90: ff ff ff ff 80 07 ff ff ff ff ff ff ff ff ff ff
0000dba0: ff f8 00 7f ff ff ff ff ff ff ff ff ff ff ff 80
0000dbb0: 07 ff ff ff ff ff ff ff ff ff ff ff f8 00 7f ff
0000dbc0: ff ff ff ff ff ff ff ff ff ff 80 07 ff ff ff ff
0000dbd0: ff ff ff ff ff ff ff f8 00 7f ff ff ff ff ff ff
0000dbe0: ff ff ff ff ff 80 07 ff ff ff ff ff ff ff ff ff
0000dbf0: ff ff f8 00 7f ff ff ff ff ff ff ff ff ff ff ff
0000dc00: 80 07 ff ff ff ff ff ff ff ff ff ff ff f8 00 7f
0000dc10: ff ff ff ff ff ff ff ff ff ff ff 80 07 ff ff ff
0000dc20: ff ff ff ff ff ff ff ff f8 00 7f ff ff ff ff ff
0000dc30: ff ff ff ff ff ff 80 07 ff ff ff ff ff ff ff ff
0000dc40: ff ff ff f8 00 7f ff ff ff ff ff ff ff ff ff ff
0000dc50: ff 80 07 ff ff ff ff ff ff ff ff ff ff ff f8 00
0000dc60: 7f ff ff ff ff ff ff ff ff ff ff ff 80 07 ff ff
0000dc70: ff ff ff ff ff ff ff ff ff f8 00 7f ff ff ff ff
0000dc80: ff ff ff ff ff ff ff 80 07 ff ff ff ff ff ff ff
0000dc90: ff ff ff ff f8 00 7f ff ff ff ff ff ff ff ff ff
0000dca0: ff ff 80 07 ff ff ff ff ff ff ff ff ff ff ff f8
0000dcb0: 00 7f ff ff ff ff ff ff ff ff ff ff ff 80 07 ff
0000dcc0: ff ff ff ff ff ff ff ff ff ff f8 00 7f ff ff ff
0000dcd0: ff ff ff ff ff ff ff ff 80 07 ff ff ff ff ff ff
0000dce0: ff ff ff ff ff f8 00 7f ff ff ff ff ff ff ff ff
0000dcf0: ff ff ff 80 07 ff ff ff ff ff ff ff ff ff ff ff
0000dd00: f8 00 7f ff ff ff ff ff ff ff ff ff ff ff 80 07
0000dd10: ff ff ff ff ff ff ff ff ff ff ff f8 00 7f ff ff
0000dd20: ff ff ff ff ff ff ff ff ff 80 07 ff ff ff ff ff
0000dd30: ff ff ff ff ff ff f8 00 7f ff ff ff ff ff ff ff
0000dd40: ff ff ff ff 80 07 ff ff ff ff ff ff ff ff ff ff
0000dd50: ff f8 00 7f ff ff ff ff ff ff ff ff ff ff ff 80
0000dd60: 07 ff ff ff ff ff ff ff ff ff ff ff f8 00 7f ff
0000dd70: ff ff ff ff ff ff ff ff ff ff 80 07 ff ff ff ff
0000dd80: ff ff ff ff ff ff ff f8 00 7f ff ff ff ff ff ff
0000dd90: ff ff ff ff ff 80 07 ff ff ff ff ff ff ff ff ff
0000dda0: ff ff f8 00 7f ff ff ff ff ff ff ff ff ff ff ff
0000ddb0: 80 07 ff ff ff ff ff ff ff ff ff ff ff f8 00 7f
0000ddc0: ff ff ff ff ff ff ff ff ff ff ff 80 07 ff ff ff
0000ddd0: ff ff ff ff ff ff ff ff f8 00 7f ff ff ff ff ff
0000dde0: ff ff ff ff ff ff 80 07 ff ff ff ff ff ff ff ff
0000ddf0: ff ff ff f8 00 7f ff ff ff ff ff ff ff ff ff ff
0000de00: ff 80 07 ff ff ff ff ff ff ff ff ff ff ff f8 00
0000de10: 7f ff ff ff ff ff ff ff ff ff ff ff 80 07 ff ff
0000de20: ff ff ff ff ff ff ff ff ff f8 00 7f ff ff ff ff
0000de30: ff ff ff ff ff ff ff 80 07 ff ff ff ff ff ff ff
0000de40: ff ff ff ff f8 00 7f ff ff ff ff ff ff ff ff ff
0000de50: ff ff 80 07 ff ff ff ff ff ff ff ff ff ff ff f8
0000de60: 00 7f ff ff ff ff ff ff ff ff ff ff ff 80 07 ff
0000de70: ff ff ff ff ff ff ff ff ff ff f8 00 7f ff ff ff
0000de80: ff ff ff ff ff ff ff ff 80 07 ff ff ff ff ff ff
0000de90: ff ff ff ff ff f8 00 7f ff ff ff ff ff ff ff ff
0000dea0: ff ff ff 80 07 ff ff ff ff ff ff ff ff ff ff ff
0000deb0: f8 00 7f ff ff ff ff ff ff ff ff ff ff ff 80 07
0000dec0: ff ff ff ff ff ff ff ff ff ff ff f8 00 7f ff ff
0000ded0: ff ff ff ff ff ff ff ff ff 80 07 ff ff ff ff ff
0000dee0: ff ff ff ff ff ff f8 00 7f ff ff ff ff ff ff ff
0000def0: ff ff ff ff 80 07 ff ff ff ff ff ff ff ff ff ff
0000df00: ff f8 00 7f ff ff ff ff ff ff ff ff ff ff ff 80
0000df10: 07 ff ff ff ff ff ff ff ff ff ff ff f8 00 7f ff
0000df20: ff ff ff ff ff ff ff ff ff ff 80 07 ff ff ff ff
0000df30: ff ff ff ff ff ff ff f8 00 7f ff ff ff ff ff ff
0000df40: ff ff ff ff ff 80 07 ff ff ff ff ff ff ff ff ff
0000df50: ff ff f8 00 7f ff ff ff ff ff ff ff ff ff ff ff
0000df60: 80 07 ff ff ff ff ff ff ff ff ff ff ff f8 00 7f
0000df70: ff ff ff ff ff ff ff ff ff ff ff 80 07 ff ff ff
0000df80: ff ff ff ff ff ff ff ff f8 00 7f ff ff ff ff ff
0000df90: ff ff ff ff ff ff 80 07 ff ff ff ff ff ff ff ff
0000dfa0: ff ff ff f8 00 7f ff ff ff ff ff ff ff ff ff ff
0000dfb0: ff 80 07 ff ff ff ff ff ff ff ff ff ff ff f8 00
0000dfc0: 7f ff ff ff ff ff ff ff ff ff ff ff 80 07 ff ff
0000dfd0: ff ff ff ff ff ff ff ff ff f8 00 7f ff ff ff ff
0000dfe0: ff ff ff ff ff ff ff 80 07 ff ff ff ff ff ff ff
0000dff0: ff ff ff ff f8 00 7f ff ff ff ff ff ff ff ff ff
0000e000: ff ff 80 07 ff ff ff ff ff ff ff ff ff ff ff f8
0000e010: 00 7f ff ff ff ff ff ff ff ff ff ff ff 80 07 ff
0000e020: ff ff ff ff ff ff ff ff ff ff f8 00 7f ff ff ff
0000e030: ff ff ff ff ff ff ff ff 80 07 ff ff ff ff ff ff
0000e040: ff ff ff ff ff f8 00 7f ff ff ff ff ff ff ff ff
0000e050: ff ff ff 80 07 ff ff ff ff ff ff ff ff ff ff ff
0000e060: f8 00 7f ff ff ff ff ff ff ff ff ff ff ff 80 07
0000e070: ff ff ff ff ff ff ff ff ff ff ff f8 00 7f ff ff
0000e080: ff ff ff ff ff ff ff ff ff 80 07 ff ff ff ff ff
0000e090: ff ff ff ff ff ff f8 00 7f ff ff ff ff ff ff ff
0000e0a0: ff ff ff ff 80 07 ff ff ff ff ff ff ff ff ff ff
0000e0b0: ff f8 00 7f ff ff ff ff ff ff ff ff ff ff ff 80
0000e0c0: 07 ff ff ff ff ff ff ff ff ff ff ff f8 00 7f ff
0000e0d0: ff ff ff ff ff ff ff ff ff ff 80 07 ff ff ff ff
0000e0e0: ff ff ff ff ff ff ff f8 00 7f ff ff ff ff ff ff
0000e0f0: ff ff ff ff ff 80 07 ff ff ff ff ff ff ff ff ff
0000e100: ff ff f8 00 7f ff ff ff ff ff ff ff ff ff ff ff
0000e110: 80 07 ff ff ff ff ff ff ff ff ff ff ff f8 00 7f
0000e120: ff ff ff ff ff ff ff ff ff ff ff 80 07 ff ff ff
0000e130: ff ff ff ff ff ff ff ff f8 00 7f ff ff ff ff ff
0000e140: ff ff ff ff ff ff 80 07 ff ff ff ff ff ff ff ff
0000e150: ff ff ff f8 00 7f ff ff ff ff ff ff ff ff ff ff
0000e160: ff 80 07 ff ff ff ff ff ff ff ff ff ff ff f8 00
0000e170: 7f ff ff ff ff ff ff ff ff ff ff ff 80 07 ff ff
0000e180: ff ff ff ff ff ff ff ff ff f8 00 7f ff ff ff ff
0000e190: ff ff ff ff ff ff ff 80 07 ff ff ff ff ff ff ff
0000e1a0: ff ff ff ff f8 00 7f ff ff ff ff ff ff ff ff ff
0000e1b0: ff ff 80 07 ff ff ff ff ff ff ff ff ff ff ff f8
0000e1c0: 00 7f ff ff ff ff ff ff ff ff ff ff ff 80 07 ff
0000e1d0: ff ff ff ff ff ff ff ff ff ff f8 00 7f ff ff ff
0000e1e0: ff ff ff ff ff ff ff ff 80 07 ff ff ff ff ff ff
0000e1f0: ff ff ff ff ff f8 00 7f ff ff ff ff ff ff ff ff
0000e200: ff ff ff 80 07 ff ff ff ff ff ff ff ff ff ff ff
0000e210: f8 00 7f ff ff ff ff ff ff ff ff ff ff ff 80 07
0000e220: ff ff ff ff ff ff ff ff ff ff ff f8 00 7f ff ff
0000e230: ff ff ff ff ff ff ff ff ff 80 07 ff ff ff ff ff
0000e240: ff ff ff ff ff ff f8 00 7f ff ff ff ff ff ff ff
0000e250: ff ff ff ff 80 07 ff ff ff ff ff ff ff ff ff ff
0000e260: ff f8 00 7f ff ff ff ff ff ff ff ff ff ff ff 80
0000e270: 07 ff ff ff ff ff ff ff ff ff ff ff f8 00 7f ff
0000e280: ff ff ff ff ff ff ff ff ff ff 80 07 ff ff ff ff
0000e290: ff ff ff ff ff ff ff f8 00 7f ff ff ff ff ff ff
0000e2a0: ff ff ff ff ff 80 07 ff ff ff ff ff ff ff ff ff
0000e2b0: ff ff f8 00 7f ff ff ff ff ff ff ff ff ff ff ff
0000e2c0: 80 07 ff ff ff ff ff ff ff ff ff ff ff f8 00 7f
0000e2d0: ff ff ff ff ff ff ff ff ff ff ff 80 07 ff ff ff
0000e2e0: ff ff ff ff ff ff ff ff f8 00 7f ff ff ff ff ff
0000e2f0: ff ff ff ff ff ff 80 07 ff ff ff ff ff ff ff ff
0000e300: ff ff ff f8 00 7f ff ff ff ff ff ff ff ff ff ff
0000e310: ff 80 07 ff ff ff ff ff ff ff ff ff ff ff f8 00
0000e320: 7f ff ff ff ff ff ff ff ff ff ff ff 80 07 ff ff
0000e330: ff ff ff ff ff ff ff ff ff f8 00 7f ff ff ff ff
0000e340: ff ff ff ff ff ff ff 80 07 ff ff ff ff ff ff ff
0000e350: ff ff ff ff f8 00 7f ff ff ff ff ff ff ff ff ff
0000e360: ff ff 80 07 ff ff ff ff ff ff ff ff ff ff ff f8
0000e370: 00 7f ff ff ff ff ff ff ff ff ff ff ff 80 07 ff
0000e380: ff ff ff ff ff ff ff ff ff ff f8 00 7f ff ff ff
0000e390: ff ff ff ff ff ff ff ff 80 07 ff ff ff ff ff ff
0000e3a0: ff ff ff ff ff f8 00 7f ff ff ff ff ff ff ff ff
0000e3b0: ff ff ff 80 07 ff ff ff ff ff ff ff ff ff ff ff
0000e3c0: f8 00 7f ff ff ff ff ff ff ff ff ff ff ff 80 07
0000e3d0: ff ff ff ff ff ff ff ff ff ff ff f8 00 7f ff ff
0000e3e0: ff ff ff ff ff ff ff ff ff 80 07 ff ff ff ff ff
0000e3f0: ff ff ff ff ff ff f8 00 7f ff ff ff ff ff ff ff
0000e400: ff ff ff ff 80 07 ff ff ff ff ff ff ff ff ff ff
0000e410: ff f8 00 7f ff ff ff ff ff ff ff ff ff ff ff 80
0000e420: 07 ff ff ff ff ff ff ff ff ff ff ff f8 00 7f ff
0000e430: ff ff ff ff ff ff ff ff ff ff 80 07 ff ff ff ff
0000e440: ff ff ff ff ff ff ff f8 00 7f ff ff ff ff ff ff
0000e450: ff ff ff ff ff 80 07 ff ff ff ff ff ff ff ff ff
0000e460: ff ff f8 00 7f ff ff ff ff ff ff ff ff ff ff ff
0000e470: 80 07 ff ff ff ff ff ff ff ff ff ff ff f8 00 7f
0000e480: ff ff ff ff ff ff ff ff ff ff ff 80 07 ff ff ff
0000e490: ff ff ff ff ff ff ff ff f8 00 7f ff ff ff ff ff
0000e4a0: ff ff ff ff ff ff 80 07 ff ff ff ff ff ff ff ff
0000e4b0: ff ff ff f8 00 7f ff ff ff ff ff ff ff ff ff ff
0000e4c0: ff 80 07 ff ff ff ff ff ff ff ff ff ff ff f8 00
0000e4d0: 7f ff ff ff ff ff ff ff ff ff ff ff 80 07 ff ff
0000e4e0: ff ff ff ff ff ff ff ff ff f8 00 7f ff ff ff ff
0000e4f0: ff ff ff ff ff ff ff 80 07 ff ff ff ff ff ff ff
0000e500: ff ff ff ff f8 00 7f ff ff ff ff ff ff ff ff ff
0000e510: ff ff 80 07 ff ff ff ff ff ff ff ff ff ff ff f8
0000e520: 00 7f ff ff ff ff ff ff ff ff ff ff ff 80 07 ff
0000e530: ff ff ff ff ff ff ff ff ff ff f8 00 7f ff ff ff
0000e540: ff ff ff ff ff ff ff ff 80 07 ff ff ff ff ff ff
0000e550: ff ff ff ff ff f8 00 7f ff ff ff ff ff ff ff ff
0000e560: ff ff ff 80 07 ff ff ff ff ff ff ff ff ff ff ff
0000e570: f8 00 7f ff ff ff ff ff ff ff ff ff ff ff 80 07
0000e580: ff ff ff ff ff ff ff ff ff ff ff f8 00 7f ff ff
0000e590: ff ff ff ff ff ff ff ff ff 80 07 ff ff ff ff ff
0000e5a0: ff ff ff ff ff ff f8 00 7f ff ff ff ff ff ff ff
0000e5b0: ff ff ff ff 80 07 ff ff ff ff ff ff ff ff ff ff
0000e5c0: ff f8 00 7f ff ff ff ff ff ff ff ff ff ff ff 80
0000e5d0: 07 ff ff ff ff ff ff ff ff ff ff ff f8 00 7f ff
0000e5e0: ff ff ff ff ff ff ff ff ff ff 80 07 ff ff ff ff
0000e5f0: ff ff ff ff ff ff ff f8 00 7f ff ff ff ff ff ff
0000e600: ff ff ff ff ff 80 07 ff ff ff ff ff ff ff ff ff
0000e610: ff ff f8 00 7f ff ff ff ff ff ff ff ff ff ff ff
0000e620: 80 07 ff ff ff ff ff ff ff ff ff ff ff f8 00 7f
0000e630: ff ff ff ff ff ff ff ff ff ff ff 80 07 ff ff ff
0000e640: ff ff ff ff ff ff ff ff f8 00 7f ff ff ff ff ff
0000e650: ff ff ff ff ff ff 80 07 ff ff ff ff ff ff ff ff
0000e660: ff ff ff f8 00 7f ff ff ff ff ff ff ff ff ff ff
0000e670: ff 80 07 ff ff ff ff ff ff ff ff ff ff ff f8 00
0000e680: 7f ff ff ff ff ff ff ff ff ff ff ff 80 07 ff ff
0000e690: ff ff ff ff ff ff ff ff ff f8 00 7f ff ff ff ff
0000e6a0: ff ff ff ff ff ff ff 80 07 ff ff ff ff ff ff ff
0000e6b0: ff ff ff ff f8 00 7f ff ff ff ff ff ff ff ff ff
0000e6c0: ff ff 80 07 ff ff ff ff ff ff ff ff ff ff ff f8
0000e6d0: 00 7f ff ff ff ff ff ff ff ff ff ff ff 80 07 ff
0000e6e0: ff ff ff ff ff ff ff ff ff ff f8 00 7f ff ff ff
0000e6f0: ff ff ff ff ff ff ff ff 80 07 ff ff ff ff ff ff
0000e700: ff ff ff ff ff f8 00 7f ff ff ff ff ff ff ff ff
0000e710: ff ff ff 80 07 ff ff ff ff ff ff ff ff ff ff ff
0000e720: f8 00 7f ff ff ff ff ff ff ff ff ff ff ff 80 07
0000e730: ff ff ff ff ff ff ff ff ff ff ff f8 00 7f ff ff
0000e740: ff ff ff ff ff ff ff ff ff 80 07 ff ff ff ff ff
0000e750: ff ff ff ff ff ff f8 00 7f ff ff ff ff ff ff ff
0000e760: ff ff ff ff 80 07 ff ff ff ff ff ff ff ff ff ff
0000e770: ff f8 00 7f ff ff ff ff ff ff ff ff ff ff ff 80
0000e780: 07 ff ff ff ff ff ff ff ff ff ff ff f8 00 7f ff
0000e790: ff ff ff ff ff ff ff ff ff ff 80 07 ff ff ff ff
0000e7a0: ff ff ff ff ff ff ff f8 00 7f ff ff ff ff ff ff
0000e7b0: ff ff ff ff ff 80 07 ff ff ff ff ff ff ff ff ff
0000e7c0: ff ff f8 00 7f ff ff ff ff ff ff ff ff ff ff ff
0000e7d0: 80 07 ff ff ff ff ff ff ff ff ff ff ff f8 00 7f
0000e7e0: ff ff ff ff ff ff ff ff ff ff ff 80 07 ff ff ff
0000e7f0: ff ff ff ff ff ff ff ff f8 00 7f ff ff ff ff ff
0000e800: ff ff ff ff ff ff 80 07 ff ff ff ff ff ff ff ff
0000e810: ff ff ff f8 00 7f ff ff ff ff ff ff ff ff ff ff
0000e820: ff 80 07 ff ff ff ff ff ff ff ff ff ff ff f8 00
0000e830: 7f ff ff ff ff ff ff ff ff ff ff ff 80 07 ff ff
0000e840: ff ff ff ff ff ff ff ff ff f8 00 7f ff ff ff ff
0000e850: ff ff ff ff ff ff ff 80 07 ff ff ff ff ff ff ff
0000e860: ff ff ff ff f8 00 7f ff ff ff ff ff ff ff ff ff
0000e870: ff ff 80 07 ff ff ff ff ff ff ff ff ff ff ff f8
0000e880: 00 7f ff ff ff ff ff ff ff ff ff ff ff 80 07 ff
0000e890: ff ff ff ff ff ff ff ff ff ff f8 00 7f ff ff ff
0000e8a0: ff ff ff ff ff ff ff ff 80 07 ff ff ff ff ff ff
0000e8b0: ff ff ff ff ff f8 00 7f ff ff ff ff ff ff ff ff
0000e8c0: ff ff ff 80 07 ff ff ff ff ff ff ff ff ff ff ff
0000e8d0: f8 00 7f ff ff ff ff ff ff ff ff ff ff ff 80 07
0000e8e0: ff ff ff ff ff ff ff ff ff ff ff f8 00 7f ff ff
0000e8f0: ff ff ff ff ff ff ff ff ff 80 07 ff ff ff ff ff
0000e900: ff ff ff ff ff ff f8 00 7f ff ff ff ff ff ff ff
0000e910: ff ff ff ff 80 07 ff ff ff ff ff ff ff ff ff ff
0000e920: ff f8 00 7f ff ff ff ff ff ff ff ff ff ff ff 80
0000e930: 07 ff ff ff ff ff ff ff ff ff ff ff f8 00 7f ff
0000e940: ff ff ff ff ff ff ff ff ff ff 80 07 ff ff ff ff
0000e950: ff ff ff ff ff ff ff f8 00 7f ff ff ff ff ff ff
0000e960: ff ff ff ff ff 80 07 ff ff ff ff ff ff ff ff ff
0000e970: ff ff f8 00 7f ff ff ff ff ff ff ff ff ff ff ff
0000e980: 80 07 ff ff ff ff ff ff ff ff ff ff ff f8 00 7f
0000e990: ff ff ff ff ff ff ff ff ff ff ff 80 07 ff ff ff
0000e9a0: ff ff ff ff ff ff ff ff f8 00 7f ff ff ff ff ff
0000e9b0: ff ff ff ff ff ff 80 07 ff ff ff ff ff ff ff ff
0000e9c0: ff ff ff f8 00 7f ff ff ff ff ff ff ff ff ff ff
0000e9d0: ff 80 07 ff ff ff ff ff ff ff ff ff ff ff f8 00
0000e9e0: 7f ff ff ff ff ff ff ff ff ff ff ff 80 07 ff ff
0000e9f0: ff ff ff ff ff ff ff ff ff f8 00 7f ff ff ff ff
0000ea00: ff ff ff ff ff ff ff 80 07 ff ff ff ff ff ff ff
0000ea10: ff ff ff ff f8 00 7f ff ff ff ff ff ff ff ff ff
0000ea20: ff ff 80 07 ff ff ff ff ff ff ff ff ff ff ff f8
0000ea30: 00 7f ff ff ff ff ff ff ff ff ff ff ff 80 07 ff
0000ea40: ff ff ff ff ff ff ff ff ff ff f8 00 7f ff ff ff
0000ea50: ff ff ff ff ff ff ff ff 80 07 ff ff ff ff ff ff
0000ea60: ff ff ff ff ff f8 00 7f ff ff ff ff ff ff ff ff
0000ea70: ff ff ff 80 07 ff ff ff ff ff ff ff ff ff ff ff
0000ea80: f8 00 7f ff ff ff ff ff ff ff ff ff ff ff 80 07
0000ea90: ff ff ff ff ff ff ff ff ff ff ff f8 00 7f ff ff
0000eaa0: ff ff ff ff ff ff ff ff ff 80 07 ff ff ff ff ff
0000eab0: ff ff ff ff ff ff f8 00 7f ff ff ff ff ff ff ff
0000eac0: ff ff ff ff 80 07 ff ff ff ff ff ff ff ff ff ff
0000ead0: ff f8 00 7f ff ff ff ff ff ff ff ff ff ff ff 80
0000eae0: 07 ff ff ff ff ff ff ff ff ff ff ff f8 00 7f ff
0000eaf0: ff ff ff ff ff ff ff ff ff ff 80 07 ff ff ff ff
0000eb00: ff ff ff ff ff ff ff f8 00 7f ff ff ff ff ff ff
0000eb10: ff ff ff ff ff 80 07 ff ff ff ff ff ff ff ff ff
0000eb20: ff ff f8 00 7f ff ff ff ff ff ff ff ff ff ff ff
0000eb30: 80 07 ff ff ff ff ff ff ff ff ff ff ff f8 00 7f
0000eb40: ff ff ff ff ff ff ff ff ff ff ff 80 07 ff ff ff
0000eb50: ff ff ff ff ff ff ff ff f8 00 7f ff ff ff ff ff
0000eb60: ff ff ff ff ff ff 80 07 ff ff ff ff ff ff ff ff
0000eb70: ff ff ff f8 00 7f ff ff ff ff ff ff ff ff ff ff
0000eb80: ff 80 07 ff ff ff ff ff ff ff ff ff ff ff f8 00
0000eb90: 7f ff ff ff ff ff ff ff ff ff ff ff 80 07 ff ff
0000eba0: ff ff ff ff ff ff ff ff ff f8 00 7f ff ff ff ff
0000ebb0: ff ff ff ff ff ff ff 80 07 ff ff ff ff ff ff ff
0000ebc0: ff ff ff ff f8 00 7f ff ff ff ff ff ff ff ff ff
0000ebd0: ff ff 80 07 ff ff ff ff ff ff ff ff ff ff ff f8
0000ebe0: 00 7f ff ff ff ff ff ff ff ff ff ff ff 80 07 ff
0000ebf0: ff ff ff ff ff ff ff ff ff ff f8 00 7f ff ff ff
0000ec00: ff ff ff ff ff ff ff ff 80 07 ff ff ff ff ff ff
0000ec10: ff ff ff ff ff f8 00 7f ff ff ff ff ff ff ff ff
0000ec20: ff ff ff 80 07 ff ff ff ff ff ff ff ff ff ff ff
0000ec30: f8 00 7f ff ff ff ff ff ff ff ff ff ff ff 80 07
0000ec40: ff ff ff ff ff ff ff ff ff ff ff f8 00 7f ff ff
0000ec50: ff ff ff ff ff ff ff ff ff 80 07 ff ff ff ff ff
0000ec60: ff ff ff ff ff ff f8 00 7f ff ff ff ff ff ff ff
0000ec70: ff ff ff ff 80 07 ff ff ff ff ff ff ff ff ff ff
0000ec80: ff f8 00 7f ff ff ff ff ff ff ff ff ff ff ff 80
0000ec90: 07 ff ff ff ff ff ff ff ff ff ff ff f8 00 7f ff
0000eca0: ff ff ff ff ff ff ff ff ff ff 80 07 ff ff ff ff
0000ecb0: ff ff ff ff ff ff ff f8 00 7f ff ff ff ff ff ff
0000ecc0: ff ff ff ff ff 80 07 ff ff ff ff ff ff ff ff ff
0000ecd0: ff ff f8 00 7f ff ff ff ff ff ff ff ff ff ff ff
0000ece0: 80 07 ff ff ff ff ff ff ff ff ff ff ff f8 00 7f
0000ecf0: ff ff ff ff ff ff ff ff ff ff ff 80 07 ff ff ff
0000ed00: ff ff ff ff ff ff ff ff f8 00 7f ff ff ff ff ff
0000ed10: ff ff ff ff ff ff 80 07 ff ff ff ff ff ff ff ff
0000ed20: ff ff ff f8 00 7f ff ff ff ff ff ff ff ff ff ff
0000ed30: ff 80 07 ff ff ff ff ff ff ff ff ff ff ff f8 00
0000ed40: 7f ff ff ff ff ff ff ff ff ff ff ff 80 07 ff ff
0000ed50: ff ff ff ff ff ff ff ff ff f8 00 7f ff ff ff ff
0000ed60: ff ff ff ff ff ff ff 80 07 ff ff ff ff ff ff ff
0000ed70: ff ff ff ff f8 00 7f ff ff ff ff ff ff ff ff ff
0000ed80: ff ff 80 07 ff ff ff ff ff ff ff ff ff ff ff f8
0000ed90: 00 7f ff ff ff ff ff ff ff ff ff ff ff 80 07 ff
0000eda0: ff ff ff ff ff ff ff ff ff ff f8 00 7f ff ff ff
0000edb0: ff ff ff ff ff ff ff ff 80 07 ff ff ff ff ff ff
0000edc0: ff ff ff ff ff f8 00 7f ff ff ff ff ff ff ff ff
0000edd0: ff ff ff 80 07 ff ff ff ff ff ff ff ff ff ff ff
0000ede0: f8 00 7f ff ff ff ff ff ff ff ff ff ff ff 80 07
0000edf0: ff ff ff ff ff ff ff ff ff ff ff f8 00 7f ff ff
0000ee00: ff ff ff ff ff ff ff ff ff 80 07 ff ff ff ff ff
0000ee10: ff ff ff ff ff ff f8 00 7f ff ff ff ff ff ff ff
0000ee20: ff ff ff ff 80 07 ff ff ff ff ff ff ff ff ff ff
0000ee30: ff f8 00 7f ff ff ff ff ff ff ff ff ff ff ff 80
0000ee40: 07 ff ff ff ff ff ff ff ff ff ff ff f8 00 7f ff
0000ee50: ff ff ff ff ff ff ff ff ff ff 80 07 ff ff ff ff
0000ee60: ff ff ff ff ff ff ff f8 00 7f ff ff ff ff ff ff
0000ee70: ff ff ff ff ff 80 07 ff ff ff ff ff ff ff ff ff
0000ee80: ff ff f8 00 7f ff ff ff ff ff ff ff ff ff ff ff
0000ee90: 80 07 ff ff ff ff ff ff ff ff ff ff ff f8 00 7f
0000eea0: ff ff ff ff ff ff ff ff ff ff ff 80 07 ff ff ff
0000eeb0: ff ff ff ff ff ff ff ff f8 00 7f ff ff ff ff ff
0000eec0: ff ff ff ff ff ff 80 07 ff ff ff ff ff ff ff ff
0000eed0: ff ff ff f8 00 7f ff ff ff ff ff ff ff ff ff ff
0000eee0: ff 80 07 ff ff ff ff ff ff ff ff ff ff ff f8 00
0000eef0: 7f ff ff ff ff ff ff ff ff ff ff ff 80 07 ff ff
0000ef00: ff ff ff ff ff ff ff ff ff f8 00 7f ff ff ff ff
0000ef10: ff ff ff ff ff ff ff 80 07 ff ff ff ff ff ff ff
0000ef20: ff ff ff ff f8 00 7f ff ff ff ff ff ff ff ff ff
0000ef30: ff ff 80 07 ff ff ff ff ff ff ff ff ff ff ff f8
0000ef40: 00 7f ff ff ff ff ff ff ff ff ff ff ff 80 07 ff
0000ef50: ff ff ff ff ff ff ff ff ff ff f8 00 7f ff ff ff
0000ef60: ff ff ff ff ff ff ff ff 80 07 ff ff ff ff ff ff
0000ef70: ff ff ff ff ff f8 00 7f ff ff ff ff ff ff ff ff
0000ef80: ff ff ff 80 07 ff ff ff ff ff ff ff ff ff ff ff
0000ef90: f8 00 7f ff ff ff ff ff ff ff ff ff ff ff 80 07
0000efa0: ff ff ff ff ff ff ff ff ff ff ff f8 00 7f ff ff
0000efb0: ff ff ff ff ff ff ff ff ff 80 07 ff ff ff ff ff
0000efc0: ff ff ff ff ff ff f8 00 7f ff ff ff ff ff ff ff
0000efd0: ff ff ff ff 80 07 ff ff ff ff ff ff ff ff ff ff
0000efe0: ff f8 00 7f ff ff ff ff ff ff ff ff ff ff ff 80
0000eff0: 07 ff ff ff ff ff ff ff ff ff ff ff f8 00 7f ff
0000f000: ff ff ff ff ff ff ff ff ff ff 80 07 ff ff ff ff
0000f010: ff ff ff ff ff ff ff f8 00 7f ff ff ff ff ff ff
0000f020: ff ff ff ff ff 80 07 ff ff ff ff ff ff ff ff ff
0000f030: ff ff f8 00 7f ff ff ff ff ff ff ff ff ff ff ff
0000f040: 80 07 ff ff ff ff ff ff ff ff ff ff ff f8 00 7f
0000f050: ff ff ff ff ff ff ff ff ff ff ff 80 07 ff ff ff
0000f060: ff ff ff ff ff ff ff ff f8 00 7f ff ff ff ff ff
0000f070: ff ff ff ff ff ff 80 07 ff ff ff ff ff ff ff ff
0000f080: ff ff ff f8 00 7f ff ff ff ff ff ff ff ff ff ff
0000f090: ff 80 07 ff ff ff ff ff ff ff ff ff ff ff f8 00
0000f0a0: 7f ff ff ff ff ff ff ff ff ff ff ff 80 07 ff ff
0000f0b0: ff ff ff ff ff ff ff ff ff f8 00 7f ff ff ff ff
0000f0c0: ff ff ff ff ff ff ff 80 07 ff ff ff ff ff ff ff
0000f0d0: ff ff ff ff f8 00 7f ff ff ff ff ff ff ff ff ff
0000f0e0: ff ff 80 07 ff ff ff ff ff ff ff ff ff ff ff f8
0000f0f0: 00 7f ff ff ff ff ff ff ff ff ff ff ff 80 07 ff
0000f100: ff ff ff ff ff ff ff ff ff ff f8 00 7f ff ff ff
0000f110: ff ff ff ff ff ff ff ff 80 07 ff ff ff ff ff ff
0000f120: ff ff ff ff ff f8 00 7f ff ff ff ff ff ff ff ff
0000f130: ff ff ff 80 07 ff ff ff ff ff ff ff ff ff ff ff
0000f140: f8 00 7f ff ff ff ff ff ff ff ff ff ff ff 80 07
0000f150: ff ff ff ff ff ff ff ff ff ff ff f8 00 7f ff ff
0000f160: ff ff ff ff ff ff ff ff ff 80 07 ff ff ff ff ff
0000f170: ff ff ff ff ff ff f8 00 7f ff ff ff ff ff ff ff
0000f180: ff ff ff ff 80 07 ff ff ff ff ff ff ff ff ff ff
0000f190: ff f8 00 7f ff ff ff ff ff ff ff ff ff ff ff 80
0000f1a0: 07 ff ff ff ff ff ff ff ff ff ff ff f8 00 7f ff
0000f1b0: ff ff ff ff ff ff ff ff ff ff 80 07 ff ff ff ff
0000f1c0: ff ff ff ff ff ff ff f8 00 7f ff ff ff ff ff ff
0000f1d0: ff ff ff ff ff 80 07 ff ff ff ff ff ff ff ff ff
0000f1e0: ff ff f8 00 7f ff ff ff ff ff ff ff ff ff ff ff
0000f1f0: 80 07 ff ff ff ff ff ff ff ff ff ff ff f8 00 7f
0000f200: ff ff ff ff ff ff ff ff ff ff ff 80 07 ff ff ff
0000f210: ff ff ff ff ff ff ff ff f8 00 7f ff ff ff ff ff
0000f220: ff ff ff ff ff ff 80 07 ff ff ff ff ff ff ff ff
0000f230: ff ff ff f8 00 7f ff ff ff ff ff ff ff ff ff ff
0000f240: ff 80 07 ff ff ff ff ff ff ff ff ff ff ff f8 00
0000f250: 7f ff ff ff ff ff ff ff ff ff ff ff 80 07 ff ff
0000f260: ff ff ff ff ff ff ff ff ff f8 00 7f ff ff ff ff
0000f270: ff ff ff ff ff ff ff 80 07 ff ff ff ff ff ff ff
0000f280: ff ff ff ff f8 00 7f ff ff ff ff ff ff ff ff ff
0000f290: ff ff 80 07 ff ff ff ff ff ff ff ff ff ff ff f8
0000f2a0: 00 7f ff ff ff ff ff ff ff ff ff ff ff 80 07 ff
0000f2b0: ff ff ff ff ff ff ff ff ff ff f8 00 7f ff ff ff
0000f2c0: ff ff ff ff ff ff ff ff 80 07 ff ff ff ff ff ff
0000f2d0: ff ff ff ff ff f8 00 7f ff ff ff ff ff ff ff ff
0000f2e0: ff ff ff 80 07 ff ff ff ff ff ff ff ff ff ff ff
0000f2f0: f8 00 7f ff ff ff ff ff ff ff ff ff ff ff 80 07
0000f300: ff ff ff ff ff ff ff ff ff ff ff f8 00 7f ff ff
0000f310: ff ff ff ff ff ff ff ff ff 80 07 ff ff ff ff ff
0000f320: ff ff ff ff ff ff f8 00 7f ff ff ff ff ff ff ff
0000f330: ff ff ff ff 80 07 ff ff ff ff ff ff ff ff ff ff
0000f340: ff f8 00 7f ff ff ff ff ff ff ff ff ff ff ff 80
0000f350: 07 ff ff ff ff ff ff ff ff ff ff ff f8 00 7f ff
0000f360: ff ff ff ff ff ff ff ff ff ff 80 07 ff ff ff ff
0000f370: ff ff ff ff ff ff ff f8 00 7f ff ff ff ff ff ff
0000f380: ff ff ff ff ff 80 07 ff ff ff ff ff ff ff ff ff
0000f390: ff ff f8 00 7f ff ff ff ff ff ff ff ff ff ff ff
0000f3a0: 80 07 ff ff ff ff ff ff ff ff ff ff ff f8 00 7f
0000f3b0: ff ff ff ff ff ff ff ff ff ff ff 80 07 ff ff ff
0000f3c0: ff ff ff ff ff ff ff ff f8 00 7f ff ff ff ff ff
0000f3d0: ff ff ff ff ff ff 80 07 ff ff ff ff ff ff ff ff
0000f3e0: ff ff ff f8 00 7f ff ff ff ff ff ff ff ff ff ff
0000f3f0: ff 80 07 ff ff ff ff ff ff ff ff ff ff ff f8 00
0000f400: 7f ff ff ff ff ff ff ff ff ff ff ff 80 07 ff ff
0000f410: ff ff ff ff ff ff ff ff ff f8 00 7f ff ff ff ff
0000f420: ff ff ff ff ff ff ff 80 07 ff ff ff ff ff ff ff
0000f430: ff ff ff ff f8 00 7f ff ff ff ff ff ff ff ff ff
0000f440: ff ff 80 07 ff ff ff ff ff ff ff ff ff ff ff f8
0000f450: 00 7f ff ff ff ff ff ff ff ff ff ff ff 80 07 ff
0000f460: ff ff ff ff ff ff ff ff ff ff f8 00 7f ff ff ff
0000f470: ff ff ff ff ff ff ff ff 80 07 ff ff ff ff ff ff
0000f480: ff ff ff ff ff f8 00 7f ff ff ff ff ff ff ff ff
0000f490: ff ff ff 80 07 ff ff ff ff ff ff ff ff ff ff ff
0000f4a0: f8 00 7f ff ff ff ff ff ff ff ff ff ff ff 80 07
0000f4b0: ff ff ff ff ff ff ff ff ff ff ff f8 00 7f ff ff
0000f4c0: ff ff ff ff ff ff ff ff ff 80 07 ff ff ff ff ff
0000f4d0: ff ff ff ff ff ff f8 00 7f ff ff ff ff ff ff ff
0000f4e0: ff ff ff ff 80 07 ff ff ff ff ff ff ff ff ff ff
0000f4f0: ff f8 00 7f ff ff ff ff ff ff ff ff ff ff ff 80
0000f500: 07 ff ff ff ff ff ff ff ff ff ff ff f8 00 7f ff
0000f510: ff ff ff ff ff ff ff ff ff ff 80 07 ff ff ff ff
0000f520: ff ff ff ff ff ff ff f8 00 7f ff ff ff ff ff ff
0000f530: ff ff ff ff ff 80 07 ff ff ff ff ff ff ff ff ff
0000f540: ff ff f8 00 7f ff ff ff ff ff ff ff ff ff ff ff
0000f550: 80 07 ff ff ff ff ff ff ff ff ff ff ff f8 00 7f
0000f560: ff ff ff ff ff ff ff ff ff ff ff 80 07 ff ff ff
0000f570: ff ff ff ff ff ff ff ff f8 00 7f ff ff ff ff ff
0000f580: ff ff ff ff ff ff 80 07 ff ff ff ff ff ff ff ff
0000f590: ff ff ff f8 00 7f ff ff ff ff ff ff ff ff ff ff
0000f5a0: ff 80 07 ff ff ff ff ff ff ff ff ff ff ff f8 00
0000f5b0: 7f ff ff ff ff ff ff ff ff ff ff ff 80 07 ff ff
0000f5c0: ff ff ff ff ff ff ff ff ff f8 00 7f ff ff ff ff
0000f5d0: ff ff ff ff ff ff ff 80 07 ff ff ff ff ff ff ff
0000f5e0: ff ff ff ff f8 00 7f ff ff ff ff ff ff ff ff ff
0000f5f0: ff ff 80 07 ff ff ff ff ff ff ff ff ff ff ff f8
0000f600: 00 7f ff ff ff ff ff ff ff ff ff ff ff 80 07 ff
0000f610: ff ff ff ff ff ff ff ff ff ff f8 00 7f ff ff ff
0000f620: ff ff ff ff ff ff ff ff 80 07 ff ff ff ff ff ff
0000f630: ff ff ff ff ff f8 00 7f ff ff ff ff ff ff ff ff
0000f640: ff ff ff 80 07 ff ff ff ff ff ff ff ff ff ff ff
0000f650: f8 00 7f ff ff ff ff ff ff ff ff ff ff ff 80 07
0000f660: ff ff ff ff ff ff ff ff ff ff ff f8 00 7f ff ff
0000f670: ff ff ff ff ff ff ff ff ff 80 07 ff ff ff ff ff
0000f680: ff ff ff ff ff ff f8 00 7f ff ff ff ff ff ff ff
0000f690: ff ff ff ff 80 07 ff ff ff ff ff ff ff ff ff ff
0000f6a0: ff f8 00 7f ff ff ff ff ff ff ff ff ff ff ff 80
0000f6b0: 07 ff ff ff ff ff ff ff ff ff ff ff f8 00 7f ff
0000f6c0: ff ff ff ff ff ff ff ff ff ff 80 07 ff ff ff ff
0000f6d0: ff ff ff ff ff ff ff f8 00 7f ff ff ff ff ff ff
0000f6e0: ff ff ff ff ff 80 07 ff ff ff ff ff ff ff ff ff
0000f6f0: ff ff f8 00 7f ff ff ff ff ff ff ff ff ff ff ff
0000f700: 80 07 ff ff ff ff ff ff ff ff ff ff ff f8 00 7f
0000f710: ff ff ff ff ff ff ff ff ff ff ff 80 07 ff ff ff
0000f720: ff ff ff ff ff ff ff ff f8 00 7f ff ff ff ff ff
0000f730: ff ff ff ff ff ff 80 07 ff ff ff ff ff ff ff ff
0000f740: ff ff ff f8 00 7f ff ff ff ff ff ff ff ff ff ff
0000f750: ff 80 07 ff ff ff ff ff ff ff ff ff ff ff f8 00
0000f760: 7f ff ff ff ff ff ff ff ff ff ff ff 80 07 ff ff
0000f770: ff ff ff ff ff ff ff ff ff f8 00 7f ff ff ff ff
0000f780: ff ff ff ff ff ff ff 80 07 ff ff ff ff ff ff ff
0000f790: ff ff ff ff f8 00 7f ff ff ff ff ff ff ff ff ff
0000f7a0: ff ff 80 07 ff ff ff ff ff ff ff ff ff ff ff f8
0000f7b0: 00 7f ff ff ff ff ff ff ff ff ff ff ff 80 07 ff
0000f7c0: ff ff ff ff ff ff ff ff ff ff f8 00 7f ff ff ff
0000f7d0: ff ff ff ff ff ff ff ff 80 07 ff ff ff ff ff ff
0000f7e0: ff ff ff ff ff f8 00 7f ff ff ff ff ff ff ff ff
0000f7f0: ff ff ff 80 07 ff ff ff ff ff ff ff ff ff ff ff
0000f800: f8 00 7f ff ff ff ff ff ff ff ff ff ff ff 80 07
0000f810: ff ff ff ff ff ff ff ff ff ff ff f8 00 7f ff ff
0000f820: ff ff ff ff ff ff ff ff ff 80 07 ff ff ff ff ff
0000f830: ff ff ff ff ff ff f8 00 7f ff ff ff ff ff ff ff
0000f840: ff ff ff ff 80 07 ff ff ff ff ff ff ff ff ff ff
0000f850: ff f8 00 7f ff ff ff ff ff ff ff ff ff ff ff 80
0000f860: 07 ff ff ff ff ff ff ff ff ff ff ff f8 00 7f ff
0000f870: ff ff ff ff ff ff ff ff ff ff 80 07 ff ff ff ff
0000f880: ff ff ff ff ff ff ff f8 00 7f ff ff ff ff ff ff
0000f890: ff ff ff ff ff 80 07 ff ff ff ff ff ff ff ff ff
0000f8a0: ff ff f8 00 7f ff ff ff ff ff ff ff ff ff ff ff
0000f8b0: 80 07 ff ff ff ff ff ff ff ff ff ff ff f8 00 7f
0000f8c0: ff ff ff ff ff ff ff ff ff ff ff 80 07 ff ff ff
0000f8d0: ff ff ff ff ff ff ff ff f8 00 7f ff ff ff ff ff
0000f8e0: ff ff ff ff ff ff 80 07 ff ff ff ff ff ff ff ff
0000f8f0: ff ff ff f8 00 7f ff ff ff ff ff ff ff ff ff ff
0000f900: ff 80 07 ff ff ff ff ff ff ff ff ff ff ff f8 00
0000f910: 7f ff ff ff ff ff ff ff ff ff ff ff 80 07 ff ff
0000f920: ff ff ff ff ff ff ff ff ff f8 00 7f ff ff ff ff
0000f930: ff ff ff ff ff ff ff 80 07 ff ff ff ff ff ff ff
0000f940: ff ff ff ff f8 00 7f ff ff ff ff ff ff ff ff ff
0000f950: ff ff 80 07 ff ff ff ff ff ff ff ff ff ff ff f8
0000f960: 00 7f ff ff ff ff ff ff ff ff ff ff ff 80 07 ff
0000f970: ff ff ff ff ff ff ff ff ff ff f8 00 7f ff ff ff
0000f980: ff ff ff ff ff ff ff ff 80 07 ff ff ff ff ff ff
0000f990: ff ff ff ff ff f8 00 7f ff ff ff ff ff ff ff ff
0000f9a0: ff ff ff 80 07 ff ff ff ff ff ff ff ff ff ff ff
0000f9b0: f8 00 7f ff ff ff ff ff ff ff ff ff ff ff 80 07
0000f9c0: ff ff ff ff ff ff ff ff ff ff ff f8 00 7f ff ff
0000f9d0: ff ff ff ff ff ff ff ff ff 80 07 ff ff ff ff ff
0000f9e0: ff ff ff ff ff ff f8 00 7f ff ff ff ff ff ff ff
0000f9f0: ff ff ff ff 80 07 ff ff ff ff ff ff ff ff ff ff
0000fa00: ff f8 00 7f ff ff ff ff ff ff ff ff ff ff ff 80
0000fa10: 07 ff ff ff ff ff ff ff ff ff ff ff f8 00 7f ff
0000fa20: ff ff ff ff ff ff ff ff ff ff 80 07 ff ff ff ff
0000fa30: ff ff ff ff ff ff ff f8 00 7f ff ff ff ff ff ff
0000fa40: ff ff ff ff ff 80 07 ff ff ff ff ff ff ff ff ff
0000fa50: ff ff f8 00 7f ff ff ff ff ff ff ff ff ff ff ff
0000fa60: 80 07 ff ff ff ff ff ff ff ff ff ff ff f8 00 7f
0000fa70: ff ff ff ff ff ff ff ff ff ff ff 80 07 ff ff ff
0000fa80: ff ff ff ff ff ff ff ff f8 00 7f ff ff ff ff ff
0000fa90: ff ff ff ff ff ff 80 07 ff ff ff ff ff ff ff ff
0000faa0: ff ff ff f8 00 7f ff ff ff ff ff ff ff ff ff ff
0000fab0: ff 80 07 ff ff ff ff ff ff ff ff ff ff ff f8 00
0000fac0: 7f ff ff ff ff ff ff ff ff ff ff ff 80 07 ff ff
0000fad0: ff ff ff ff ff ff ff ff ff f8 00 7f ff ff ff ff
0000fae0: ff ff ff ff ff ff ff 80 07 ff ff ff ff ff ff ff
0000faf0: ff ff ff ff f8 00 7f ff ff ff ff ff ff ff ff ff
0000fb00: ff ff 80 07 ff ff ff ff ff ff ff ff ff ff ff f8
0000fb10: 00 7f ff ff ff ff ff ff ff ff ff ff ff 80 07 ff
0000fb20: ff ff ff ff ff ff ff ff ff ff f8 00 7f ff ff ff
0000fb30: ff ff ff ff ff ff ff ff 80 07 ff ff ff ff ff ff
0000fb40: ff ff ff ff ff f8 00 7f ff ff ff ff ff ff ff ff
0000fb50: ff ff ff 80 07 ff ff ff ff ff ff ff ff ff ff ff
0000fb60: f8 00 7f ff ff ff ff ff ff ff ff ff ff ff 80 07
0000fb70: ff ff ff ff ff ff ff ff ff ff ff f8 00 7f ff ff
0000fb80: ff ff ff ff ff ff ff ff ff 80 07 ff ff ff ff ff
0000fb90: ff ff ff ff ff ff f8 00 7f ff ff ff ff ff ff ff
0000fba0: ff ff ff ff 80 07 ff ff ff ff ff ff ff ff ff ff
0000fbb0: ff f8 00 7f ff ff ff ff ff ff ff ff ff ff ff 80
0000fbc0: 07 ff ff ff ff ff ff ff ff ff ff ff f8 00 7f ff
0000fbd0: ff ff ff ff ff ff ff ff ff ff 80 07 ff ff ff ff
0000fbe0: ff ff ff ff ff ff ff f8 00 7f ff ff ff ff ff ff
0000fbf0: ff ff ff ff ff 80 07 ff ff ff ff ff ff ff ff ff
0000fc00: ff ff f8 00 7f ff ff ff ff ff ff ff ff ff ff ff
0000fc10: 80 07 ff ff ff ff ff ff ff ff ff ff ff f8 00 7f
0000fc20: ff ff ff ff ff ff ff ff ff ff ff 80 07 ff ff ff
0000fc30: ff ff ff ff ff ff ff ff f8 00 7f ff ff ff ff ff
0000fc40: ff ff ff ff ff ff 80 07 ff ff ff ff ff ff ff ff
0000fc50: ff ff ff f8 00 7f ff ff ff ff ff ff ff ff ff ff
0000fc60: ff 80 07 ff ff ff ff ff ff ff ff ff ff ff f8 00
0000fc70: 7f ff ff ff ff ff ff ff ff ff ff ff 80 07 ff ff
0000fc80: ff ff ff ff ff ff ff ff ff f8 00 7f ff ff ff ff
0000fc90: ff ff ff ff ff ff ff 80 07 ff ff ff ff ff ff ff
0000fca0: ff ff ff ff f8 00 7f ff ff ff ff ff ff ff ff ff
0000fcb0: ff ff 80 07 ff ff ff ff ff ff ff ff ff ff ff f8
0000fcc0: 00 7f ff ff ff ff ff ff ff ff ff ff ff 80 07 ff
0000fcd0: ff ff ff ff ff ff ff ff ff ff f8 00 7f ff ff ff
0000fce0: ff ff ff ff ff ff ff ff 80 07 ff ff ff ff ff ff
0000fcf0: ff ff ff ff ff f8 00 7f ff ff ff ff ff ff ff ff
0000fd00: ff ff ff 80 07 ff ff ff ff ff ff ff ff ff ff ff
0000fd10: f8 00 7f ff ff ff ff ff ff ff ff ff ff ff 80 07
0000fd20: ff ff ff ff ff ff ff ff ff ff ff f8 00 7f ff ff
0000fd30: ff ff ff ff ff ff ff ff ff 80 07 ff ff ff ff ff
0000fd40: ff ff ff ff ff ff f8 00 7f ff ff ff ff ff ff ff
0000fd50: ff ff ff ff 80 07 ff ff ff ff ff ff ff ff ff ff
0000fd60: ff f8 00 7f ff ff ff ff ff ff ff ff ff ff ff 80
0000fd70: 07 ff ff ff ff ff ff ff ff ff ff ff f8 00 7f ff
0000fd80: ff ff ff ff ff ff ff ff ff ff 80 07 ff ff ff ff
0000fd90: ff ff ff ff ff ff ff f8 00 7f ff ff ff ff ff ff
0000fda0: ff ff ff ff ff 80 07 ff ff ff ff ff ff ff ff ff
0000fdb0: ff ff f8 00 7f ff ff ff ff ff ff ff ff ff ff ff
0000fdc0: 80 07 ff ff ff ff ff ff ff ff ff ff ff f8 00 7f
0000fdd0: ff ff ff ff ff ff ff ff ff ff ff 80 07 ff ff ff
0000fde0: ff ff ff ff ff ff ff ff f8 00 7f ff ff ff ff ff
0000fdf0: ff ff ff ff ff ff 80 07 ff ff ff ff ff ff ff ff
0000fe00: ff ff ff f8 00 7f ff ff ff ff ff ff ff ff ff ff
0000fe10: ff 80 07 ff ff ff ff ff ff ff ff ff ff ff f8 00
0000fe20: 7f ff ff ff ff ff ff ff ff ff ff ff 80 07 ff ff
0000fe30: ff ff ff ff ff ff ff ff ff f8 00 7f ff ff ff ff
0000fe40: ff ff ff ff ff ff ff 80 07 ff ff ff ff ff ff ff
0000fe50: ff ff ff ff f8 00 7f ff ff ff ff ff ff ff ff ff
0000fe60: ff ff 80 07 ff ff ff ff ff ff ff ff ff ff ff f8
0000fe70: 00 7f ff ff ff ff ff ff ff ff ff ff ff 80 07 ff
0000fe80: ff ff ff ff ff ff ff ff ff ff f8 00 7f ff ff ff
0000fe90: ff ff ff ff ff ff ff ff 80 07 ff ff ff ff ff ff
0000fea0: ff ff ff ff ff f8 00 7f ff ff ff ff ff ff ff ff
0000feb0: ff ff ff 80 07 ff ff ff ff ff ff ff ff ff ff ff
0000fec0: f8 00 7f ff ff ff ff ff ff ff ff ff ff ff 80 07
0000fed0: ff ff ff ff ff ff ff ff ff ff ff f8 00 7f ff ff
0000fee0: ff ff ff ff ff ff ff ff ff 80 07 ff ff ff ff ff
0000fef0: ff ff ff ff ff ff f8 00 7f ff ff ff ff ff ff ff
0000ff00: ff ff ff ff 80 07 ff ff ff ff ff ff ff ff ff ff
0000ff10: ff f8 00 7f ff ff ff ff ff ff ff ff ff ff ff 80
0000ff20: 07 ff ff ff ff ff ff ff ff ff ff ff f8 00 7f ff
0000ff30: ff ff ff ff ff ff ff ff ff ff 80 07 ff ff ff ff
0000ff40: ff ff ff ff ff ff ff f8 00 7f ff ff ff ff ff ff
0000ff50: ff ff ff ff ff 80 07 ff ff ff ff ff ff ff ff ff
0000ff60: ff ff f8 00 7f ff ff ff ff ff ff ff ff ff ff ff
0000ff70: 80 07 ff ff ff ff ff ff ff ff ff ff ff f8 00 7f
0000ff80: ff ff ff ff ff ff ff ff ff ff ff 80 07 ff ff ff
0000ff90: ff ff ff ff ff ff ff ff f8 00 7f ff ff ff ff ff
0000ffa0: ff ff ff ff ff ff 80 07 ff ff ff ff ff ff ff ff
0000ffb0: ff ff ff f8 00 7f ff ff ff ff ff ff ff ff ff ff
0000ffc0: ff 80 07 ff ff ff ff ff ff ff ff ff ff ff f8 00
0000ffd0: 7f ff ff ff ff ff ff ff ff ff ff ff 80 07 ff ff
0000ffe0: ff ff ff ff ff ff ff ff ff f8 00 7f ff ff ff ff
0000fff0: ff ff ff ff ff ff ff 80 07 ff ff ff ff ff ff ff
00010000: ff ff ff ff f8 00 7f ff ff ff ff ff ff ff ff ff
00010010: ff ff 80 07 ff ff ff ff ff ff ff ff ff ff ff f8
00010020: 00 7f ff ff ff ff ff ff ff ff ff ff ff 80 07 ff
00010030: ff ff ff ff ff ff ff ff ff ff f8 00 7f ff ff ff
00010040: ff ff ff ff ff ff ff ff 80 07 ff ff ff ff ff ff
00010050: ff ff ff ff ff f8 00 7f ff ff ff ff ff ff ff ff
00010060: ff ff ff 80 07 ff ff ff ff ff ff ff ff ff ff ff
00010070: f8 00 7f ff ff ff ff ff ff ff ff ff ff ff 80 07
00010080: ff ff ff ff ff ff ff ff ff ff ff f8 00 7f ff ff
00010090: ff ff ff ff ff ff ff ff ff 80 07 ff ff ff ff ff
000100a0: ff ff ff ff ff ff f8 00 7f ff ff ff ff ff ff ff
000100b0: ff ff ff ff 80 07 ff ff ff ff ff ff ff ff ff ff
000100c0: ff f8 00 7f ff ff ff ff ff ff ff ff ff ff ff 80
000100d0: 07 ff ff ff ff ff ff ff ff ff ff ff f8 00 7f ff
000100e0: ff ff ff ff ff ff ff ff ff ff 80 07 ff ff ff ff
000100f0: ff ff ff ff ff ff ff f8 00 7f ff ff ff ff ff ff
00010100: ff ff ff ff ff 80 07 ff ff ff ff ff ff ff ff ff
00010110: ff ff f8 00 7f ff ff ff ff ff ff ff ff ff ff ff
00010120: 80 07 ff ff ff ff ff ff ff ff ff ff ff f8 00 7f
00010130: ff ff ff ff ff ff ff ff ff ff ff 80 07 ff ff ff
00010140: ff ff ff ff ff ff ff ff f8 00 7f ff ff ff ff ff
00010150: ff ff ff ff ff ff 80 07 ff ff ff ff ff ff ff ff
00010160: ff ff ff f8 00 7f ff ff ff ff ff ff ff ff ff ff
00010170: ff 80 07 ff ff ff ff ff ff ff ff ff ff ff f8 00
00010180: 7f ff ff ff ff ff ff ff ff ff ff ff 80 07 ff ff
00010190: ff ff ff ff ff ff ff ff ff f8 00 7f ff ff ff ff
000101a0: ff ff ff ff ff ff ff 80 07 ff ff ff ff ff ff ff
000101b0: ff ff ff ff f8 00 7f ff ff ff ff ff ff ff ff ff
000101c0: ff ff 80 07 ff ff ff ff ff ff ff ff ff ff ff f8
000101d0: 00 7f ff ff ff ff ff ff ff ff ff ff ff 80 07 ff
000101e0: ff ff ff ff ff ff ff ff ff ff f8 00 7f ff ff ff
000101f0: ff ff ff ff ff ff ff ff 80 07 ff ff ff ff ff ff
00010200: ff ff ff ff ff f8 00 7f ff ff ff ff ff ff ff ff
00010210: ff ff ff 80 07 ff ff ff ff ff ff ff ff ff ff ff
00010220: f8 00 7f ff ff ff ff ff ff ff ff ff ff ff 80 07
00010230: ff ff ff ff ff ff ff ff ff ff ff f8 00 7f ff ff
00010240: ff ff ff ff ff ff ff ff ff 80 07 ff ff ff ff ff
00010250: ff ff ff ff ff ff f8 00 7f ff ff ff ff ff ff ff
00010260: ff ff ff ff 80 07 ff ff ff ff ff ff ff ff ff ff
00010270: ff f8 00 7f ff ff ff ff ff ff ff ff ff ff ff 80
00010280: 07 ff ff ff ff ff ff ff ff ff ff ff f8 00 7f ff
00010290: ff ff ff ff ff ff ff ff ff ff 80 07 ff ff ff ff
000102a0: ff ff ff ff ff ff ff f8 00 7f ff ff ff ff ff ff
000102b0: ff ff ff ff ff 80 07 ff ff ff ff ff ff ff ff ff
000102c0: ff ff f8 00 7f ff ff ff ff ff ff ff ff ff ff ff
000102d0: 80 07 ff ff ff ff ff ff ff ff ff ff ff f8 00 7f
000102e0: ff ff ff ff ff ff ff ff ff ff ff 80 07 ff ff ff
000102f0: ff ff ff ff ff ff ff ff f8 00 7f ff ff ff ff ff
00010300: ff ff ff ff ff ff 80 07 ff ff ff ff ff ff ff ff
00010310: ff ff ff f8 00 7f ff ff ff ff ff ff ff ff ff ff
00010320: ff 80 07 ff ff ff ff ff ff ff ff ff ff ff f8 00
00010330: 7f ff ff ff ff ff ff ff ff ff ff ff 80 07 ff ff
00010340: ff ff ff ff ff ff ff ff ff f8 00 7f ff ff ff ff
00010350: ff ff ff ff ff ff ff 80 07 ff ff ff ff ff ff ff
00010360: ff ff ff ff f8 00 7f ff ff ff ff ff ff ff ff ff
00010370: ff ff 80 07 ff ff ff ff ff ff ff ff ff ff ff f8
00010380: 00 7f ff ff ff ff ff ff ff ff ff ff ff 80 07 ff
00010390: ff ff ff ff ff ff ff ff ff ff f8 00 7f ff ff ff
000103a0: ff ff ff ff ff ff ff ff 80 07 ff ff ff ff ff ff
000103b0: ff ff ff ff ff f8 00 7f ff ff ff ff ff ff ff ff
000103c0: ff ff ff 80 07 ff ff ff ff ff ff ff ff ff ff ff
000103d0: f8 00 7f ff ff ff ff ff ff ff ff ff ff ff 80 07
000103e0: ff ff ff ff ff ff ff ff ff ff ff f8 00 7f ff ff
000103f0: ff ff ff ff ff ff ff ff ff 80 07 ff ff ff ff ff
00010400: ff ff ff ff ff ff f8 00 7f ff ff ff ff ff ff ff
00010410: ff ff ff ff 80 07 ff ff ff ff ff ff ff ff ff ff
00010420: ff f8 00 7f ff ff ff ff ff ff ff ff ff ff ff 80
00010430: 07 ff ff ff ff ff ff ff ff ff ff ff f8 00 7f ff
00010440: ff ff ff ff ff ff ff ff ff ff 80 07 ff ff ff ff
00010450: ff ff ff ff ff ff ff f8 00 7f ff ff ff ff ff ff
00010460: ff ff ff ff ff 80 07 ff ff ff ff ff ff ff ff ff
00010470: ff ff f8 00 7f ff ff ff ff ff ff ff ff ff ff ff
00010480: 80 07 ff ff ff ff ff ff ff ff ff ff ff f8 00 7f
00010490: ff ff ff ff ff ff ff ff ff ff ff 80 07 ff ff ff
000104a0: ff ff ff ff ff ff ff ff f8 00 7f ff ff ff ff ff
000104b0: ff ff ff ff ff ff 80 07 ff ff ff ff ff ff ff ff
000104c0: ff ff ff f8 00 7f ff ff ff ff ff ff ff ff ff ff
000104d0: ff 80 07 ff ff ff ff ff ff ff ff ff ff ff f8 00
000104e0: 7f ff ff ff ff ff ff ff ff ff ff ff 80 07 ff ff
000104f0: ff ff ff ff ff ff ff ff ff f8 00 7f ff ff ff ff
00010500: ff ff ff ff ff ff ff 80 07 ff ff ff ff ff ff ff
00010510: ff ff ff ff f8 00 7f ff ff ff ff ff ff ff ff ff
00010520: ff ff 80 07 ff ff ff ff ff ff ff ff ff ff ff f8
00010530: 00 7f ff ff ff ff ff ff ff ff ff ff ff 80 07 ff
00010540: ff ff ff ff ff ff ff ff ff ff f8 00 7f ff ff ff
00010550: ff ff ff ff ff ff ff ff 80 07 ff ff ff ff ff ff
00010560: ff ff ff ff ff f8 00 7f ff ff ff ff ff ff ff ff
00010570: ff ff ff 80 07 ff ff ff ff ff ff ff ff ff ff ff
00010580: f8 00 7f ff ff ff ff ff ff ff ff ff ff ff 80 07
00010590: ff ff ff ff ff ff ff ff ff ff ff f8 00 7f ff ff
000105a0: ff ff ff ff ff ff ff ff ff 80 07 ff ff ff ff ff
000105b0: ff ff ff ff ff ff f8 00 7f ff ff ff ff ff ff ff
000105c0: ff ff ff ff 80 07 ff ff ff ff ff ff ff ff ff ff
000105d0: ff f8 00 7f ff ff ff ff ff ff ff ff ff ff ff 80
000105e0: 07 ff ff ff ff ff ff ff ff ff ff ff f8 00 7f ff
000105f0: ff ff ff ff ff ff ff ff ff ff 80 07 ff ff ff ff
00010600: ff ff ff ff ff ff ff f8 00 7f ff ff ff ff ff ff
00010610: ff ff ff ff ff 80 07 ff ff ff ff ff ff ff ff ff
00010620: ff ff f8 00 7f ff ff ff ff ff ff ff ff ff ff ff
00010630: 80 07 ff ff ff ff ff ff ff ff ff ff ff f8 00 7f
00010640: ff ff ff ff ff ff ff ff ff ff ff 80 07 ff ff ff
00010650: ff ff ff ff ff ff ff ff f8 00 7f ff ff ff ff ff
00010660: ff ff ff ff ff ff 80 07 ff ff ff ff ff ff ff ff
00010670: ff ff ff f8 00 7f ff ff ff ff ff ff ff ff ff ff
00010680: ff 80 07 ff ff ff ff ff ff ff ff ff ff ff f8 00
00010690: 7f ff ff ff ff ff ff ff ff ff ff ff 80 07 ff ff
000106a0: ff ff ff ff ff ff ff ff ff f8 00 7f ff ff ff ff
000106b0: ff ff ff ff ff ff ff 80 07 ff ff ff ff ff ff ff
000106c0: ff ff ff ff f8 00 7f ff ff ff ff ff ff ff ff ff
000106d0: ff ff 80 07 ff ff ff ff ff ff ff ff ff ff ff f8
000106e0: 00 7f ff ff ff ff ff ff ff ff ff ff ff 80 07 ff
000106f0: ff ff ff ff ff ff ff ff ff ff f8 00 7f ff ff ff
00010700: ff ff ff ff ff ff ff ff 80 07 ff ff ff ff ff ff
00010710: ff ff ff ff ff f8 00 7f ff ff ff ff ff ff ff ff
00010720: ff ff ff 80 07 ff ff ff ff ff ff ff ff ff ff ff
00010730: f8 00 7f ff ff ff ff ff ff ff ff ff ff ff 80 07
00010740: ff ff ff ff ff ff ff ff ff ff ff f8 00 7f ff ff
00010750: ff ff ff ff ff ff ff ff ff 80 07 ff ff ff ff ff
00010760: ff ff ff ff ff ff f8 00 7f ff ff ff ff ff ff ff
00010770: ff ff ff ff 80 07 ff ff ff ff ff ff ff ff ff ff
00010780: ff f8 00 7f ff ff ff ff ff ff ff ff ff ff ff 80
00010790: 07 ff ff ff ff ff ff ff ff ff ff ff f8 00 7f ff
000107a0: ff ff ff ff ff ff ff ff ff ff 80 07 ff ff ff ff
000107b0: ff ff ff ff ff ff ff f8 00 7f ff ff ff ff ff ff
000107c0: ff ff ff ff ff 80 07 ff ff ff ff ff ff ff ff ff
000107d0: ff ff f8 00 7f ff ff ff ff ff ff ff ff ff ff ff
000107e0: 80 07 ff ff ff ff ff ff ff ff ff ff ff f8 00 7f
000107f0: ff ff ff ff ff ff ff ff ff ff ff 80 07 ff ff ff
00010800: ff ff ff ff ff ff ff ff f8 00 7f ff ff ff ff ff
00010810: ff ff ff ff ff ff 80 07 ff ff ff ff ff ff ff ff
00010820: ff ff ff f8 00 7f ff ff ff ff ff ff ff ff ff ff
00010830: ff 80 07 ff ff ff ff ff ff ff ff ff ff ff f8 00
00010840: 7f ff ff ff ff ff ff ff ff ff ff ff 80 07 ff ff
00010850: ff ff ff ff ff ff ff ff ff f8 00 7f ff ff ff ff
00010860: ff ff ff ff ff ff ff 80 07 ff ff ff ff ff ff ff
00010870: ff ff ff ff f8 00 7f ff ff ff ff ff ff ff ff ff
00010880: ff ff 80 07 ff ff ff ff ff ff ff ff ff ff ff f8
00010890: 00 7f ff ff ff ff ff ff ff ff ff ff ff 80 07 ff
000108a0: ff ff ff ff ff ff ff ff ff ff f8 00 7f ff ff ff
000108b0: ff ff ff ff ff ff ff ff 80 07 ff ff ff ff ff ff
000108c0: ff ff ff ff ff f8 00 7f ff ff ff ff ff ff ff ff
000108d0: ff ff ff 80 07 ff ff ff ff ff ff ff ff ff ff ff
000108e0: f8 00 7f ff ff ff ff ff ff ff ff ff ff ff 80 07
000108f0: ff ff ff ff ff ff ff ff ff ff ff f8 00 7f ff ff
00010900: ff ff ff ff ff ff ff ff ff 80 07 ff ff ff ff ff
00010910: ff ff ff ff ff ff f8 00 7f ff ff ff ff ff ff ff
00010920: ff ff ff ff 80 07 ff ff ff ff ff ff ff ff ff ff
00010930: ff f8 00 7f ff ff ff ff ff ff ff ff ff ff ff 80
00010940: 07 ff ff ff ff ff ff ff ff ff ff ff f8 00 7f ff
00010950: ff ff ff ff ff ff ff ff ff ff 80 07 ff ff ff ff
00010960: ff ff ff ff ff ff ff f8 00 7f ff ff ff ff ff ff
00010970: ff ff ff ff ff 80 07 ff ff ff ff ff ff ff ff ff
00010980: ff ff f8 00 7f ff ff ff ff ff ff ff ff ff ff ff
00010990: 80 07 ff ff ff ff ff ff ff ff ff ff ff f8 00 7f
000109a0: ff ff ff ff ff ff ff ff ff ff ff 80 07 ff ff ff
000109b0: ff ff ff ff ff ff ff ff f8 00 7f ff ff ff ff ff
000109c0: ff ff ff ff ff ff 80 07 ff ff ff ff ff ff ff ff
000109d0: ff ff ff f8 00 7f ff ff ff ff ff ff ff ff ff ff
000109e0: ff 80 07 ff ff ff ff ff ff ff ff ff ff ff f8 00
000109f0: 7f ff ff ff ff ff ff ff ff ff ff ff 80 07 ff ff
00010a00: ff ff ff ff ff ff ff ff ff f8 00 7f ff ff ff ff
00010a10: ff ff ff ff ff ff ff 80 07 ff ff ff ff ff ff ff
00010a20: ff ff ff ff f8 00 7f ff ff ff ff ff ff ff ff ff
00010a30: ff ff 80 07 ff ff ff ff ff ff ff ff ff ff ff f8
00010a40: 00 7f ff ff ff ff ff ff ff ff ff ff ff 80 07 ff
00010a50: ff ff ff ff ff ff ff ff ff ff f8 00 7f ff ff ff
00010a60: ff ff ff ff ff ff ff ff 80 07 ff ff ff ff ff ff
00010a70: ff ff ff ff ff f8 00 7f ff ff ff ff ff ff ff ff
00010a80: ff ff ff 80 07 ff ff ff ff ff ff ff ff ff ff ff
00010a90: f8 00 7f ff ff ff ff ff ff ff ff ff ff ff 80 07
00010aa0: ff ff ff ff ff ff ff ff ff ff ff f8 00 7f ff ff
00010ab0: ff ff ff ff ff ff ff ff ff 80 07 ff ff ff ff ff
00010ac0: ff ff ff ff ff ff f8 00 7f ff ff ff ff ff ff ff
00010ad0: ff ff ff ff 80 07 ff ff ff ff ff ff ff ff ff ff
00010ae0: ff f8 00 7f ff ff ff ff ff ff ff ff ff ff ff 80
00010af0: 07 ff ff ff ff ff ff ff ff ff ff ff f8 00 7f ff
00010b00: ff ff ff ff ff ff ff ff ff ff 80 07 ff ff ff ff
00010b10: ff ff ff ff ff ff ff f8 00 7f ff ff ff ff ff ff
00010b20: ff ff ff ff ff 80 07 ff ff ff ff ff ff ff ff ff
00010b30: ff ff f8 00 7f ff ff ff ff ff ff ff ff ff ff ff
00010b40: 80 07 ff ff ff ff ff ff ff ff ff ff ff f8 00 7f
00010b50: ff ff ff ff ff ff ff ff ff ff ff 80 07 ff ff ff
00010b60: ff ff ff ff ff ff ff ff f8 00 7f ff ff ff ff ff
00010b70: ff ff ff ff ff ff 80 07 ff ff ff ff ff ff ff ff
00010b80: ff ff ff f8 00 7f ff ff ff ff ff ff ff ff ff ff
00010b90: ff 80 07 ff ff ff ff ff ff ff ff ff ff ff f8 00
00010ba0: 7f ff ff ff ff ff ff ff ff ff ff ff 80 07 ff ff
00010bb0: ff ff ff ff ff ff ff ff ff f8 00 7f ff ff ff ff
00010bc0: ff ff ff ff ff ff ff 80 07 ff ff ff ff ff ff ff
00010bd0: ff ff ff ff f8 00 7f ff ff ff ff ff ff ff ff ff
00010be0: ff ff 80 07 ff ff ff ff ff ff ff ff ff ff ff f8
00010bf0: 00 7f ff ff ff ff ff ff ff ff ff ff ff 80 07 ff
00010c00: ff ff ff ff ff ff ff ff ff ff f8 00 7f ff ff ff
00010c10: ff ff ff ff ff ff ff ff 80 07 ff ff ff ff ff ff
00010c20: ff ff ff ff ff f8 00 7f ff ff ff ff ff ff ff ff
00010c30: ff ff ff 80 07 ff ff ff ff ff ff ff ff ff ff ff
00010c40: f8 00 7f ff ff ff ff ff ff ff ff ff ff ff 80 07
00010c50: ff ff ff ff ff ff ff ff ff ff ff f8 00 7f ff ff
00010c60: ff ff ff ff ff ff ff ff ff 80 07 ff ff ff ff ff
00010c70: ff ff ff ff ff ff f8 00 7f ff ff ff ff ff ff ff
00010c80: ff ff ff ff 80 07 ff ff ff ff ff ff ff ff ff ff
00010c90: ff f8 00 7f ff ff ff ff ff ff ff ff ff ff ff 80
00010ca0: 07 ff ff ff ff ff ff ff ff ff ff ff f8 00 7f ff
00010cb0: ff ff ff ff ff ff ff ff ff ff 80 07 ff ff ff ff
00010cc0: ff ff ff ff ff ff ff f8 00 7f ff ff ff ff ff ff
00010cd0: ff ff ff ff ff 80 07 ff ff ff ff ff ff ff ff ff
00010ce0: ff ff f8 00 7f ff ff ff ff ff ff ff ff ff ff ff
00010cf0: 80 07 ff ff ff ff ff ff ff ff ff ff ff f8 00 7f
00010d00: ff ff ff ff ff ff ff ff ff ff ff 80 07 ff ff ff
00010d10: ff ff ff ff ff ff ff ff f8 00 7f ff ff ff ff ff
00010d20: ff ff ff ff ff ff 80 07 ff ff ff ff ff ff ff ff
00010d30: ff ff ff f8 00 7f ff ff ff ff ff ff ff ff ff ff
00010d40: ff 80 07 ff ff ff ff ff ff ff ff ff ff ff f8 00
00010d50: 7f ff ff ff ff ff ff ff ff ff ff ff 80 07 ff ff
00010d60: ff ff ff ff ff ff ff ff ff f8 00 7f ff ff ff ff
00010d70: ff ff ff ff ff ff ff 80 07 ff ff ff ff ff ff ff
00010d80: ff ff ff ff f8 00 7f ff ff ff ff ff ff ff ff ff
00010d90: ff ff 80 07 ff ff ff ff ff ff ff ff ff ff ff f8
00010da0: 00 7f ff ff ff ff ff ff ff ff ff ff ff 80 07 ff
00010db0: ff ff ff ff ff ff ff ff ff ff f8 00 7f ff ff ff
00010dc0: ff ff ff ff ff ff ff ff 80 07 ff ff ff ff ff ff
00010dd0: ff ff ff ff ff f8 00 7f ff ff ff ff ff ff ff ff
00010de0: ff ff ff 80 07 ff ff ff ff ff ff ff ff ff ff ff
00010df0: f8 00 7f ff ff ff ff ff ff ff ff ff ff ff 80 07
00010e00: ff ff ff ff ff ff ff ff ff ff ff f8 00 7f ff ff
00010e10: ff ff ff ff ff ff ff ff ff 80 07 ff ff ff ff ff
00010e20: ff ff ff ff ff ff f8 00 7f ff ff ff ff ff ff ff
00010e30: ff ff ff ff 80 07 ff ff ff ff ff ff ff ff ff ff
00010e40: ff f8 00 7f ff ff ff ff ff ff ff ff ff ff ff 80
00010e50: 07 ff ff ff ff ff ff ff ff ff ff ff f8 00 7f ff
00010e60: ff ff ff ff ff ff ff ff ff ff 80 07 ff ff ff ff
00010e70: ff ff ff ff ff ff ff f8 00 7f ff ff ff ff ff ff
00010e80: ff ff ff ff ff 80 07 ff ff ff ff ff ff ff ff ff
00010e90: ff ff f8 00 7f ff ff ff ff ff ff ff ff ff ff ff
00010ea0: 80 07 ff ff ff ff ff ff ff ff ff ff ff f8 00 7f
00010eb0: ff ff ff ff ff ff ff ff ff ff ff 80 07 ff ff ff
00010ec0: ff ff ff ff ff ff ff ff f8 00 7f ff ff ff ff ff
00010ed0: ff ff ff ff ff ff 80 07 ff ff ff ff ff ff ff ff
00010ee0: ff ff ff f8 00 7f ff ff ff ff ff ff ff ff ff ff
00010ef0: ff 80 07 ff ff ff ff ff ff ff ff ff ff ff f8 00
00010f00: 7f ff ff ff ff ff ff ff ff ff ff ff 80 07 ff ff
00010f10: ff ff ff ff ff ff ff ff ff f8 00 7f ff ff ff ff
00010f20: ff ff ff ff ff ff ff 80 07 ff ff ff ff ff ff ff
00010f30: ff ff ff ff f8 00 7f ff ff ff ff ff ff ff ff ff
00010f40: ff ff 80 07 ff ff ff ff ff ff ff ff ff ff ff f8
00010f50: 00 7f ff ff ff ff ff ff ff ff ff ff ff 80 07 ff
00010f60: ff ff ff ff ff ff ff ff ff ff f8 00 7f ff ff ff
00010f70: ff ff ff ff ff ff ff ff 80 07 ff ff ff ff ff ff
00010f80: ff ff ff ff ff f8 00 7f ff ff ff ff ff ff ff ff
00010f90: ff ff ff 80 07 ff ff ff ff ff ff ff ff ff ff ff
00010fa0: f8 00 7f ff ff ff ff ff ff ff ff ff ff ff 80 07
00010fb0: ff ff ff ff ff ff ff ff ff ff ff f8 00 7f ff ff
00010fc0: ff ff ff ff ff ff ff ff ff 80 07 ff ff ff ff ff
00010fd0: ff ff ff ff ff ff f8 00 7f ff ff ff ff ff ff ff
00010fe0: ff ff ff ff 80 07 ff ff ff ff ff ff ff ff ff ff
00010ff0: ff f8 00 7f ff ff ff ff ff ff ff ff ff ff ff 80
00011000: 07 ff ff ff ff ff ff ff ff ff ff ff f8 00 7f ff
00011010: ff ff ff ff ff ff ff ff ff ff 80 07 ff ff ff ff
00011020: ff ff ff ff ff ff ff f8 00 7f ff ff ff ff ff ff
00011030: ff ff ff ff ff 80 07 ff ff ff ff ff ff ff ff ff
00011040: ff ff f8 00 7f ff ff ff ff ff ff ff ff ff ff ff
00011050: 80 07 ff ff ff ff ff ff ff ff ff ff ff f8 00 7f
00011060: ff ff ff ff ff ff ff ff ff ff ff 80 07 ff ff ff
00011070: ff ff ff ff ff ff ff ff f8 00 7f ff ff ff ff ff
00011080: ff ff ff ff ff ff 80 07 ff ff ff ff ff ff ff ff
00011090: ff ff ff f8 00 7f ff ff ff ff ff ff ff ff ff ff
000110a0: ff 80 07 ff ff ff ff ff ff ff ff ff ff ff f8 00
000110b0: 7f ff ff ff ff ff ff ff ff ff ff ff 80 07 ff ff
000110c0: ff ff ff ff ff ff ff ff ff f8 00 7f ff ff ff ff
000110d0: ff ff ff ff ff ff ff 80 07 ff ff ff ff ff ff ff
000110e0: ff ff ff ff f8 00 7f ff ff ff ff ff ff ff ff ff
000110f0: ff ff 80 07 ff ff ff ff ff ff ff ff ff ff ff f8
00011100: 00 7f ff ff ff ff ff ff ff ff ff ff ff 80 07 ff
00011110: ff ff ff ff ff ff ff ff ff ff f8 00 7f ff ff ff
00011120: ff ff ff ff ff ff ff ff 80 07 ff ff ff ff ff ff
00011130: ff ff ff ff ff f8 00 7f ff ff ff ff ff ff ff ff
00011140: ff ff ff 80 07 ff ff ff ff ff ff ff ff ff ff ff
00011150: f8 00 7f ff ff ff ff ff ff ff ff ff ff ff 80 07
00011160: ff ff ff ff ff ff ff ff ff ff ff f8 00 7f ff ff
00011170: ff ff ff ff ff ff ff ff ff 80 07 ff ff ff ff ff
00011180: ff ff ff ff ff ff f8 00 7f ff ff ff ff ff ff ff
00011190: ff ff ff ff 80 07 ff ff ff ff ff ff ff ff ff ff
000111a0: ff f8 00 7f ff ff ff ff ff ff ff ff ff ff ff 80
000111b0: 07 ff ff ff ff ff ff ff ff ff ff ff f8 00 7f ff
000111c0: ff ff ff ff ff ff ff ff ff ff 80 07 ff ff ff ff
000111d0: ff ff ff ff ff ff ff f8 00 7f ff ff ff ff ff ff
000111e0: ff ff ff ff ff 80 07 ff ff ff ff ff ff ff ff ff
000111f0: ff ff f8 00 7f ff ff ff ff ff ff ff ff ff ff ff
00011200: 80 07 ff ff ff ff ff ff ff ff ff ff ff f8 00 7f
00011210: ff ff ff ff ff ff ff ff ff ff ff 80 07 ff ff ff
00011220: ff ff ff ff ff ff ff ff f8 00 7f ff ff ff ff ff
00011230: ff ff ff ff ff ff 80 07 ff ff ff ff ff ff ff ff
00011240: ff ff ff f8 00 7f ff ff ff ff ff ff ff ff ff ff
00011250: ff 80 07 ff ff ff ff ff ff ff ff ff ff ff f8 00
00011260: 7f ff ff ff ff ff ff ff ff ff ff ff 80 07 ff ff
00011270: ff ff ff ff ff ff ff ff ff f8 00 7f ff ff ff ff
00011280: ff ff ff ff ff ff ff 80 07 ff ff ff ff ff ff ff
00011290: ff ff ff ff f8 00 7f ff ff ff ff ff ff ff ff ff
000112a0: ff ff 80 07 ff ff ff ff ff ff ff ff ff ff ff f8
000112b0: 00 7f ff ff ff ff ff ff ff ff ff ff ff 80 07 ff
000112c0: ff ff ff ff ff ff ff ff ff ff f8 00 7f ff ff ff
000112d0: ff ff ff ff ff ff ff ff 80 07 ff ff ff ff ff ff
000112e0: ff ff ff ff ff f8 00 7f ff ff ff ff ff ff ff ff
000112f0: ff ff ff 80 07 ff ff ff ff ff ff ff ff ff ff ff
00011300: f8 00 7f ff ff ff ff ff ff ff ff ff ff ff 80 07
00011310: ff ff ff ff ff ff ff ff ff ff ff f8 00 7f ff ff
00011320: ff ff ff ff ff ff ff ff ff 80 07 ff ff ff ff ff
00011330: ff ff ff ff ff ff f8 00 7f ff ff ff ff ff ff ff
00011340: ff ff ff ff 80 07 ff ff ff ff ff ff ff ff ff ff
00011350: ff f8 00 7f ff ff ff ff ff ff ff ff ff ff ff 80
00011360: 07 ff ff ff ff ff ff ff ff ff ff ff f8 00 7f ff
00011370: ff ff ff ff ff ff ff ff ff ff 80 07 ff ff ff ff
00011380: ff ff ff ff ff ff ff f8 00 7f ff ff ff ff ff ff
00011390: ff ff ff ff ff 80 07 ff ff ff ff ff ff ff ff ff
000113a0: ff ff f8 00 7f ff ff ff ff ff ff ff ff ff ff ff
000113b0: 80 07 ff ff ff ff ff ff ff ff ff ff ff f8 00 7f
000113c0: ff ff ff ff ff ff ff ff ff ff ff 80 07 ff ff ff
000113d0: ff ff ff ff ff ff ff ff f8 00 7f ff ff ff ff ff
000113e0: ff ff ff ff ff ff 80 07 ff ff ff ff ff ff ff ff
000113f0: ff ff ff f8 00 7f ff ff ff ff ff ff ff ff ff ff
00011400: ff 80 07 ff ff ff ff ff ff ff ff ff ff ff f8 00
00011410: 7f ff ff ff ff ff ff ff ff ff ff ff 80 07 ff ff
00011420: ff ff ff ff ff ff ff ff ff f8 00 7f ff ff ff ff
00011430: ff ff ff ff ff ff ff 80 07 ff ff ff ff ff ff ff
00011440: ff ff ff ff f8 00 7f ff ff ff ff ff ff ff ff ff
00011450: ff ff 80 07 ff ff ff ff ff ff ff ff ff ff ff f8
00011460: 00 7f ff ff ff ff ff ff ff ff ff ff ff 80 07 ff
00011470: ff ff ff ff ff ff ff ff ff ff f8 00 7f ff ff ff
00011480: ff ff ff ff ff ff ff ff 80 07 ff ff ff ff ff ff
00011490: ff ff ff ff ff f8 00 7f ff ff ff ff ff ff ff ff
000114a0: ff ff ff 80 07 ff ff ff ff ff ff ff ff ff ff ff
000114b0: f8 00 7f ff ff ff ff ff ff ff ff ff ff ff 80 07
000114c0: ff ff ff ff ff ff ff ff ff ff ff f8 00 7f ff ff
000114d0: ff ff ff ff ff ff ff ff ff 80 07 ff ff ff ff ff
000114e0: ff ff ff ff ff ff f8 00 7f ff ff ff ff ff ff ff
000114f0: ff ff ff ff 80 07 ff ff ff ff ff ff ff ff ff ff
00011500: ff f8 00 7f ff ff ff ff ff ff ff ff ff ff ff 80
00011510: 07 ff ff ff ff ff ff ff ff ff ff ff f8 00 7f ff
00011520: ff ff ff ff ff ff ff ff ff ff 80 07 ff ff ff ff
00011530: ff ff ff ff ff ff ff f8 00 7f ff ff ff ff ff ff
00011540: ff ff ff ff ff 80 07 ff ff ff ff ff ff ff ff ff
00011550: ff ff f8 00 7f ff ff ff ff ff ff ff ff ff ff ff
00011560: 80 07 ff ff ff ff ff ff ff ff ff ff ff f8 00 7f
00011570: ff ff ff ff ff ff ff ff ff ff ff 80 07 ff ff ff
00011580: ff ff ff ff ff ff ff ff f8 00 7f ff ff ff ff ff
00011590: ff ff ff ff ff ff 80 07 ff ff ff ff ff ff ff ff
000115a0: ff ff ff f8 00 7f ff ff ff ff ff ff ff ff ff ff
000115b0: ff 80 07 ff ff ff ff ff ff ff ff ff ff ff f8 00
000115c0: 7f ff ff ff ff ff ff ff ff ff ff ff 80 07 ff ff
000115d0: ff ff ff ff ff ff ff ff ff f8 00 7f ff ff ff ff
000115e0: ff ff ff ff ff ff ff 80 07 ff ff ff ff ff ff ff
000115f0: ff ff ff ff f8 00 7f ff ff ff ff ff ff ff ff ff
00011600: ff ff 80 07 ff ff ff ff ff ff ff ff ff ff ff f8
00011610: 00 7f ff ff ff ff ff ff ff ff ff ff ff 80 07 ff
00011620: ff ff ff ff ff ff ff ff ff ff f8 00 7f ff ff ff
00011630: ff ff ff ff ff ff ff ff 80 07 ff ff ff ff ff ff
00011640: ff ff ff ff ff f8 00 7f ff ff ff ff ff ff ff ff
00011650: ff ff ff 80 07 ff ff ff ff ff ff ff ff ff ff ff
00011660: f8 00 7f ff ff ff ff ff ff ff ff ff ff ff 80 07
00011670: ff ff ff ff ff ff ff ff ff ff ff f8 00 7f ff ff
00011680: ff ff ff ff ff ff ff ff ff 80 07 ff ff ff ff ff
00011690: ff ff ff ff ff ff f8 00 7f ff ff ff ff ff ff ff
000116a0: ff ff ff ff 80 07 ff ff ff ff ff ff ff ff ff ff
000116b0: ff f8 00 7f ff ff ff ff ff ff ff ff ff ff ff 80
000116c0: 07 ff ff ff ff ff ff ff ff ff ff ff f8 00 7f ff
000116d0: ff ff ff ff ff ff ff ff ff ff 80 07 ff ff ff ff
000116e0: ff ff ff ff ff ff ff f8 00 7f ff ff ff ff ff ff
000116f0: ff ff ff ff ff 80 07 ff ff ff ff ff ff ff ff ff
00011700: ff ff f8 00 7f ff ff ff ff ff ff ff ff ff ff ff
00011710: 80 07 ff ff ff ff ff ff ff ff ff ff ff f8 00 7f
00011720: ff ff ff ff ff ff ff ff ff ff ff 80 07 ff ff ff
00011730: ff ff ff ff ff ff ff ff f8 00 7f ff ff ff ff ff
00011740: ff ff ff ff ff ff 80 07 ff ff ff ff ff ff ff ff
00011750: ff ff ff f8 00 7f ff ff ff ff ff ff ff ff ff ff
00011760: ff 80 07 ff ff ff ff ff ff ff ff ff ff ff f8 00
00011770: 7f ff ff ff ff ff ff ff ff ff ff ff 80 07 ff ff
00011780: ff ff ff ff ff ff ff ff ff f8 00 7f ff ff ff ff
00011790: ff ff ff ff ff ff ff 80 07 ff ff ff ff ff ff ff
000117a0: ff ff ff ff f8 00 7f ff ff ff ff ff ff ff ff ff
000117b0: ff ff 80 07 ff ff ff ff ff ff ff ff ff ff ff f8
000117c0: 00 7f ff ff ff ff ff ff ff ff ff ff ff 80 07 ff
000117d0: ff ff ff ff ff ff ff ff ff ff f8 00 7f ff ff ff
000117e0: ff ff ff ff ff ff ff ff 80 07 ff ff ff ff ff ff
000117f0: ff ff ff ff ff f8 00 7f ff ff ff ff ff ff ff ff
00011800: ff ff ff 80 07 ff ff ff ff ff ff ff ff ff ff ff
00011810: f8 00 7f ff ff ff ff ff ff ff ff ff ff ff 80 07
00011820: ff ff ff ff ff ff ff ff ff ff ff f8 00 7f ff ff
00011830: ff ff ff ff ff ff ff ff ff 80 07 ff ff ff ff ff
00011840: ff ff ff ff ff ff f8 00 7f ff ff ff ff ff ff ff
00011850: ff ff ff ff 80 07 ff ff ff ff ff ff ff ff ff ff
00011860: ff f8 00 7f ff ff ff ff ff ff ff ff ff ff ff 80
00011870: 07 ff ff ff ff ff ff ff ff ff ff ff f8 00 7f ff
00011880: ff ff ff ff ff ff ff ff ff ff 80 07 ff ff ff ff
00011890: ff ff ff ff ff ff ff f8 00 7f ff ff ff ff ff ff
000118a0: ff ff ff ff ff 80 07 ff ff ff ff ff ff ff ff ff
000118b0: ff ff f8 00 7f ff ff ff ff ff ff ff ff ff ff ff
000118c0: 80 07 ff ff ff ff ff ff ff ff ff ff ff f8 00 7f
000118d0: ff ff ff ff ff ff ff ff ff ff ff 80 07 ff ff ff
000118e0: ff ff ff ff ff ff ff ff f8 00 7f ff ff ff ff ff
000118f0: ff ff ff ff ff ff 80 07 ff ff ff ff ff ff ff ff
00011900: ff ff ff f8 00 7f ff ff ff ff ff ff ff ff ff ff
00011910: ff 80 07 ff ff ff ff ff ff ff ff ff ff ff f8 00
00011920: 7f ff ff ff ff ff ff ff ff ff ff ff 80 07 ff ff
00011930: ff ff ff ff ff ff ff ff ff f8 00 7f ff ff ff ff
00011940: ff ff ff ff ff ff ff 80 07 ff ff ff ff ff ff ff
00011950: ff ff ff ff f8 00 7f ff ff ff ff ff ff ff ff ff
00011960: ff ff 80 07 ff ff ff ff ff ff ff ff ff ff ff f8
00011970: 00 7f ff ff ff ff ff ff ff ff ff ff ff 80 07 ff
00011980: ff ff ff ff ff ff ff ff ff ff f8 00 7f ff ff ff
00011990: ff ff ff ff ff ff ff ff 80 07 ff ff ff ff ff ff
000119a0: ff ff ff ff ff f8 00 7f ff ff ff ff ff ff ff ff
000119b0: ff ff ff 80 07 ff ff ff ff ff ff ff ff ff ff ff
000119c0: f8 00 7f ff ff ff ff ff ff ff ff ff ff ff 80 07
000119d0: ff ff ff ff ff ff ff ff ff ff ff f8 00 7f ff ff
000119e0: ff ff ff ff ff ff ff ff ff 80 07 ff ff ff ff ff
000119f0: ff ff ff ff ff ff f8 00 7f ff ff ff ff ff ff ff
00011a00: ff ff ff ff 80 07 ff ff ff ff ff ff ff ff ff ff
00011a10: ff f8 00 7f ff ff ff ff ff ff ff ff ff ff ff 80
00011a20: 07 ff ff ff ff ff ff ff ff ff ff ff f8 00 7f ff
00011a30: ff ff ff ff ff ff ff ff ff ff 80 07 ff ff ff ff
00011a40: ff ff ff ff ff ff ff f8 00 7f ff ff ff ff ff ff
00011a50: ff ff ff ff ff 80 07 ff ff ff ff ff ff ff ff ff
00011a60: ff ff f8 00 7f ff ff ff ff ff ff ff ff ff ff ff
00011a70: 80 07 ff ff ff ff ff ff ff ff ff ff ff f8 00 7f
00011a80: ff ff ff ff ff ff ff ff ff ff ff 80 07 ff ff ff
00011a90: ff ff ff ff ff ff ff ff f8 00 7f ff ff ff ff ff
00011aa0: ff ff ff ff ff ff 80 07 ff ff ff ff ff ff ff ff
00011ab0: ff ff ff f8 00 7f ff ff ff ff ff ff ff ff ff ff
00011ac0: ff 80 07 ff ff ff ff ff ff ff ff ff ff ff f8 00
00011ad0: 7f ff ff ff ff ff ff ff ff ff ff ff 80 07 ff ff
00011ae0: ff ff ff ff ff ff ff ff ff f8 00 7f ff ff ff ff
00011af0: ff ff ff ff ff ff ff 80 07 ff ff ff ff ff ff ff
00011b00: ff ff ff ff f8 00 7f ff ff ff ff ff ff ff ff ff
00011b10: ff ff 80 07 ff ff ff ff ff ff ff ff ff ff ff f8
00011b20: 00 7f ff ff ff ff ff ff ff ff ff ff ff 80 07 ff
00011b30: ff ff ff ff ff ff ff ff ff ff f8 00 7f ff ff ff
00011b40: ff ff ff ff ff ff ff ff 80 07 ff ff ff ff ff ff
00011b50: ff ff ff ff ff f8 00 7f ff ff ff ff ff ff ff ff
00011b60: ff ff ff 80 07 ff ff ff ff ff ff ff ff ff ff ff
00011b70: f8 00 7f ff ff ff ff ff ff ff ff ff ff ff 80 07
00011b80: ff ff ff ff ff ff ff ff ff ff ff f8 00 7f ff ff
00011b90: ff ff ff ff ff ff ff ff ff 80 07 ff ff ff ff ff
00011ba0: ff ff ff ff ff ff f8 00 7f ff ff ff ff ff ff ff
00011bb0: ff ff ff ff 80 07 ff ff ff ff ff ff ff ff ff ff
00011bc0: ff f8 00 7f ff ff ff ff ff ff ff ff ff ff ff 80
00011bd0: 07 ff ff ff ff ff ff ff ff ff ff ff f8 00 7f ff
00011be0: ff ff ff ff ff ff ff ff ff ff 80 07 ff ff ff ff
00011bf0: ff ff ff ff ff ff ff f8 00 7f ff ff ff ff ff ff
00011c00: ff ff ff ff ff 80 07 ff ff ff ff ff ff ff ff ff
00011c10: ff ff f8 00 7f ff ff ff ff ff ff ff ff ff ff ff
00011c20: 80 07 ff ff ff ff ff ff ff ff ff ff ff f8 00 7f
00011c30: ff ff ff ff ff ff ff ff ff ff ff 80 07 ff ff ff
00011c40: ff ff ff ff ff ff ff ff f8 00 7f ff ff ff ff ff
00011c50: ff ff ff ff ff ff 80 07 ff ff ff ff ff ff ff ff
00011c60: ff ff ff f8 00 7f ff ff ff ff ff ff ff ff ff ff
00011c70: ff 80 07 ff ff ff ff ff ff ff ff ff ff ff f8 00
00011c80: 7f ff ff ff ff ff ff ff ff ff ff ff 80 07 ff ff
00011c90: ff ff ff ff ff ff ff ff ff f8 00 7f ff ff ff ff
00011ca0: ff ff ff ff ff ff ff 80 07 ff ff ff ff ff ff ff
00011cb0: ff ff ff ff f8 00 7f ff ff ff ff ff ff ff ff ff
00011cc0: ff ff 80 07 ff ff ff ff ff ff ff ff ff ff ff f8
00011cd0: 00 7f ff ff ff ff ff ff ff ff ff ff ff 80 07 ff
00011ce0: ff ff ff ff ff ff ff ff ff ff f8 00 7f ff ff ff
00011cf0: ff ff ff ff ff ff ff ff 80 07 ff ff ff ff ff ff
00011d00: ff ff ff ff ff f8 00 7f ff ff ff ff ff ff ff ff
00011d10: ff ff ff 80 07 ff ff ff ff ff ff ff ff ff ff ff
00011d20: f8 00 7f ff ff ff ff ff ff ff ff ff ff ff 80 07
00011d30: ff ff ff ff ff ff ff ff ff ff ff f8 00 7f ff ff
00011d40: ff ff ff ff ff ff ff ff ff 80 07 ff ff ff ff ff
00011d50: ff ff ff ff ff ff f8 00 7f ff ff ff ff ff ff ff
00011d60: ff ff ff ff 80 07 ff ff ff ff ff ff ff ff ff ff
00011d70: ff f8 00 7f ff ff ff ff ff ff ff ff ff ff ff 80
00011d80: 07 ff ff ff ff ff ff ff ff ff ff ff f8 00 7f ff
00011d90: ff ff ff ff ff ff ff ff ff ff 80 07 ff ff ff ff
00011da0: ff ff ff ff ff ff ff f8 00 7f ff ff ff ff ff ff
00011db0: ff ff ff ff ff 80 07 ff ff ff ff ff ff ff ff ff
00011dc0: ff ff f8 00 7f ff ff ff ff ff ff ff ff ff ff ff
00011dd0: 80 07 ff ff ff ff ff ff ff ff ff ff ff f8 00 7f
00011de0: ff ff ff ff ff ff ff ff ff ff ff 80 07 ff ff ff
00011df0: ff ff ff ff ff ff ff ff f8 00 7f ff ff ff ff ff
00011e00: ff ff ff ff ff ff 80 07 ff ff ff ff ff ff ff ff
00011e10: ff ff ff f8 00 7f ff ff ff ff ff ff ff ff ff ff
00011e20: ff 80 07 ff ff ff ff ff ff ff ff ff ff ff f8 00
00011e30: 7f ff ff ff ff ff ff ff ff ff ff ff 80 07 ff ff
00011e40: ff ff ff ff ff ff ff ff ff f8 00 7f ff ff ff ff
00011e50: ff ff ff ff ff ff ff 80 07 ff ff ff ff ff ff ff
00011e60: ff ff ff ff f8 00 7f ff ff ff ff ff ff ff ff ff
00011e70: ff ff 80 07 ff ff ff ff ff ff ff ff ff ff ff f8
00011e80: 00 7f ff ff ff ff ff ff ff ff ff ff ff 80 07 ff
00011e90: ff ff ff ff ff ff ff ff ff ff f8 00 7f ff ff ff
00011ea0: ff ff ff ff ff ff ff ff 80 07 ff ff ff ff ff ff
00011eb0: ff ff ff ff ff f8 00 7f ff ff ff ff ff ff ff ff
00011ec0: ff ff ff 80 07 ff ff ff ff ff ff ff ff ff ff ff
00011ed0: f8 00 7f ff ff ff ff ff ff ff ff ff ff ff 80 07
00011ee0: ff ff ff ff ff ff ff ff ff ff ff f8 00 7f ff ff
00011ef0: ff ff ff ff ff ff ff ff ff 80 07 ff ff ff ff ff
00011f00: ff ff ff ff ff ff f8 00 7f ff ff ff ff ff ff ff
00011f10: ff ff ff ff 80 07 ff ff ff ff ff ff ff ff ff ff
00011f20: ff f8 00 7f ff ff ff ff ff ff ff ff ff ff ff 80
00011f30: 07 ff ff ff ff ff ff ff ff ff ff ff f8 00 7f ff
00011f40: ff ff ff ff ff ff ff ff ff ff 80 07 ff ff ff ff
00011f50: ff ff ff ff ff ff ff f8 00 7f ff ff ff ff ff ff
00011f60: ff ff ff ff ff 80 07 ff ff ff ff ff ff ff ff ff
00011f70: ff ff f8 00 7f ff ff ff ff ff ff ff ff ff ff ff
00011f80: 80 07 ff ff ff ff ff ff ff ff ff ff ff f8 00 7f
00011f90: ff ff ff ff ff ff ff ff ff ff ff 80 07 ff ff ff
00011fa0: ff ff ff ff ff ff ff ff f8 00 7f ff ff ff ff ff
00011fb0: ff ff ff ff ff ff 80 07 ff ff ff ff ff ff ff ff
00011fc0: ff ff ff f8 00 7f ff ff ff ff ff ff ff ff ff ff
00011fd0: ff 80 07 ff ff ff ff ff ff ff ff ff ff ff f8 00
00011fe0: 7f ff ff ff ff ff ff ff ff ff ff ff 80 07 ff ff
00011ff0: ff ff ff ff ff ff ff ff ff f8 00 7f ff ff ff ff
00012000: ff ff ff ff ff ff ff 80 07 ff ff ff ff ff ff ff
00012010: ff ff ff ff f8 00 7f ff ff ff ff ff ff ff ff ff
00012020: ff ff 80 07 ff ff ff ff ff ff ff ff ff ff ff f8
00012030: 00 7f ff ff ff ff ff ff ff ff ff ff ff 80 07 ff
00012040: ff ff ff ff ff ff ff ff ff ff f8 00 7f ff ff ff
00012050: ff ff ff ff ff ff ff ff 80 07 ff ff ff ff ff ff
00012060: ff ff ff ff ff f8 00 7f ff ff ff ff ff ff ff ff
00012070: ff ff ff 80 07 ff ff ff ff ff ff ff ff ff ff ff
00012080: f8 00 7f ff ff ff ff ff ff ff ff ff ff ff 80 07
00012090: ff ff ff ff ff ff ff ff ff ff ff f8 00 7f ff ff
000120a0: ff ff ff ff ff ff ff ff ff 80 07 ff ff ff ff ff
000120b0: ff ff ff ff ff ff f8 00 7f ff ff ff ff ff ff ff
000120c0: ff ff ff ff 80 07 ff ff ff ff ff ff ff ff ff ff
000120d0: ff f8 00 7f ff ff ff ff ff ff ff ff ff ff ff 80
000120e0: 07 ff ff ff ff ff ff ff ff ff ff ff f8 00 7f ff
000120f0: ff ff ff ff ff ff ff ff ff ff 80 07 ff ff ff ff
00012100: ff ff ff ff ff ff ff f8 00 7f ff ff ff ff ff ff
00012110: ff ff ff ff ff 80 07 ff ff ff ff ff ff ff ff ff
00012120: ff ff f8 00 7f ff ff ff ff ff ff ff ff ff ff ff
00012130: 80 07 ff ff ff ff ff ff ff ff ff ff ff f8 00 7f
00012140: ff ff ff ff ff ff ff ff ff ff ff 80 07 ff ff ff
00012150: ff ff ff ff ff ff ff ff f8 00 7f ff ff ff ff ff
00012160: ff ff ff ff ff ff 80 07 ff ff ff ff ff ff ff ff
00012170: ff ff ff f8 00 7f ff ff ff ff ff ff ff ff ff ff
00012180: ff 80 07 ff ff ff ff ff ff ff ff ff ff ff f8 00
00012190: 7f ff ff ff ff ff ff ff ff ff ff ff 80 07 ff ff
000121a0: ff ff ff ff ff ff ff ff ff f8 00 7f ff ff ff ff
000121b0: ff ff ff ff ff ff ff 80 07 ff ff ff ff ff ff ff
000121c0: ff ff ff ff f8 00 7f ff ff ff ff ff ff ff ff ff
000121d0: ff ff 80 07 ff ff ff ff ff ff ff ff ff ff ff f8
000121e0: 00 7f ff ff ff ff ff ff ff ff ff ff ff 80 07 ff
000121f0: ff ff ff ff ff ff ff ff ff ff f8 00 7f ff ff ff
00012200: ff ff ff ff ff ff ff ff 80 07 ff ff ff ff ff ff
00012210: ff ff ff ff ff f8 00 7f ff ff ff ff ff ff ff ff
00012220: ff ff ff 80 07 ff ff ff ff ff ff ff ff ff ff ff
00012230: f8 00 7f ff ff ff ff ff ff ff ff ff ff ff 80 07
00012240: ff ff ff ff ff ff ff ff ff ff ff f8 00 7f ff ff
00012250: ff ff ff ff ff ff ff ff ff 80 07 ff ff ff ff ff
00012260: ff ff ff ff ff ff f8 00 7f ff ff ff ff ff ff ff
00012270: ff ff ff ff 80 07 ff ff ff ff ff ff ff ff ff ff
00012280: ff f8 00 7f ff ff ff ff ff ff ff ff ff ff ff 80
00012290: 07 ff ff ff ff ff ff ff ff ff ff ff f8 00 7f ff
000122a0: ff ff ff ff ff ff ff ff ff ff 80 07 ff ff ff ff
000122b0: ff ff ff ff ff ff ff f8 00 7f ff ff ff ff ff ff
000122c0: ff ff ff ff ff 80 07 ff ff ff ff ff ff ff ff ff
000122d0: ff ff f8 00 7f ff ff ff ff ff ff ff ff ff ff ff
000122e0: 80 07 ff ff ff ff ff ff ff ff ff ff ff f8 00 7f
000122f0: ff ff ff ff ff ff ff ff ff ff ff 80 07 ff ff ff
00012300: ff ff ff ff ff ff ff ff f8 00 7f ff ff ff ff ff
00012310: ff ff ff ff ff ff 80 07 ff ff ff ff ff ff ff ff
00012320: ff ff ff f8 00 7f ff ff ff ff ff ff ff ff ff ff
00012330: ff 80 07 ff ff ff ff ff ff ff ff ff ff ff f8 00
00012340: 7f ff ff ff ff ff ff ff ff ff ff ff 80 07 ff ff
00012350: ff ff ff ff ff ff ff ff ff f8 00 7f ff ff ff ff
00012360: ff ff ff ff ff ff ff 80 07 ff ff ff ff ff ff ff
00012370: ff ff ff ff f8 00 7f ff ff ff ff ff ff ff ff ff
00012380: ff ff 80 07 ff ff ff ff ff ff ff ff ff ff ff f8
00012390: 00 7f ff ff ff ff ff ff ff ff ff ff ff 80 07 ff
000123a0: ff ff ff ff ff ff ff ff ff ff f8 00 7f ff ff ff
000123b0: ff ff ff ff ff ff ff ff 80 07 ff ff ff ff ff ff
000123c0: ff ff ff ff ff f8 00 7f ff ff ff ff ff ff ff ff
000123d0: ff ff ff 80 07 ff ff ff ff ff ff ff ff ff ff ff
000123e0: f8 00 7f ff ff ff ff ff ff ff ff ff ff ff 80 07
000123f0: ff ff ff ff ff ff ff ff ff ff ff f8 00 7f ff ff
00012400: ff ff ff ff ff ff ff ff ff 80 07 ff ff ff ff ff
00012410: ff ff ff ff ff ff f8 00 7f ff ff ff ff ff ff ff
00012420: ff ff ff ff 80 07 ff ff ff ff ff ff ff ff ff ff
00012430: ff f8 00 7f ff ff ff ff ff ff ff ff ff ff ff 80
00012440: 07 ff ff ff ff ff ff ff ff ff ff ff f8 00 7f ff
00012450: ff ff ff ff ff ff ff ff ff ff 80 07 ff ff ff ff
00012460: ff ff ff ff ff ff ff f8 00 7f ff ff ff ff ff ff
00012470: ff ff ff ff ff 80 07 ff ff ff ff ff ff ff ff ff
00012480: ff ff f8 00 7f ff ff ff ff ff ff ff ff ff ff ff
00012490: 80 07 ff ff ff ff ff ff ff ff ff ff ff f8 00 7f
000124a0: ff ff ff ff ff ff ff ff ff ff ff 80 07 ff ff ff
000124b0: ff ff ff ff ff ff ff ff f8 00 7f ff ff ff ff ff
000124c0: ff ff ff ff ff ff 80 07 ff ff ff ff ff ff ff ff
000124d0: ff ff ff f8 00 7f ff ff ff ff ff ff ff ff ff ff
000124e0: ff 80 07 ff ff ff ff ff ff ff ff ff ff ff f8 00
000124f0: 7f ff ff ff ff ff ff ff ff ff ff ff 80 07 ff ff
00012500: ff ff ff ff ff ff ff ff ff f8 00 7f ff ff ff ff
00012510: ff ff ff ff ff ff ff 80 07 ff ff ff ff ff ff ff
00012520: ff ff ff ff f8 00 7f ff ff ff ff ff ff ff ff ff
00012530: ff ff 80 07 ff ff ff ff ff ff ff ff ff ff ff f8
00012540: 00 7f ff ff ff ff ff ff ff ff ff ff ff 80 07 ff
00012550: ff ff ff ff ff ff ff ff ff ff f8 00 7f ff ff ff
00012560: ff ff ff ff ff ff ff ff 80 07 ff ff ff ff ff ff
00012570: ff ff ff ff ff f8 00 7f ff ff ff ff ff ff ff ff
00012580: ff ff ff 80 07 ff ff ff ff ff ff ff ff ff ff ff
00012590: f8 00 7f ff ff ff ff ff ff ff ff ff ff ff 80 07
000125a0: ff ff ff ff ff ff ff ff ff ff ff f8 00 7f ff ff
000125b0: ff ff ff ff ff ff ff ff ff 80 07 ff ff ff ff ff
000125c0: ff ff ff ff ff ff f8 00 7f ff ff ff ff ff ff ff
000125d0: ff ff ff ff 80 07 ff ff ff ff ff ff ff ff ff ff
000125e0: ff f8 00 7f ff ff ff ff ff ff ff ff ff ff ff 80
000125f0: 07 ff ff ff ff ff ff ff ff ff ff ff f8 00 7f ff
00012600: ff ff ff ff ff ff ff ff ff ff 80 07 ff ff ff ff
00012610: ff ff ff ff ff ff ff f8 00 7f ff ff ff ff ff ff
00012620: ff ff ff ff ff 80 07 ff ff ff ff ff ff ff ff ff
00012630: ff ff f8 00 7f ff ff ff ff ff ff ff ff ff ff ff
00012640: 80 07 ff ff ff ff ff ff ff ff ff ff ff f8 00 7f
00012650: ff ff ff ff ff ff ff ff ff ff ff 80 07 ff ff ff
00012660: ff ff ff ff ff ff ff ff f8 00 7f ff ff ff ff ff
00012670: ff ff ff ff ff ff 80 07 ff ff ff ff ff ff ff ff
00012680: ff ff ff f8 00 7f ff ff ff ff ff ff ff ff ff ff
00012690: ff 80 07 ff ff ff ff ff ff ff ff ff ff ff f8 00
000126a0: 7f ff ff ff ff ff ff ff ff ff ff ff 80 07 ff ff
000126b0: ff ff ff ff ff ff ff ff ff f8 00 7f ff ff ff ff
000126c0: ff ff ff ff ff ff ff 80 07 ff ff ff ff ff ff ff
000126d0: ff ff ff ff f8 00 7f ff ff ff ff ff ff ff ff ff
000126e0: ff ff 80 07 ff ff ff ff ff ff ff ff ff ff ff f8
000126f0: 00 7f ff ff ff ff ff ff ff ff ff ff ff 80 07 ff
00012700: ff ff ff ff ff ff ff ff ff ff f8 00 7f ff ff ff
00012710: ff ff ff ff ff ff ff ff 80 07 ff ff ff ff ff ff
00012720: ff ff ff ff ff f8 00 7f ff ff ff ff ff ff ff ff
00012730: ff ff ff 80 07 ff ff ff ff ff ff ff ff ff ff ff
00012740: f8 00 7f ff ff ff ff ff ff ff ff ff ff ff 80 07
00012750: ff ff ff ff ff ff ff ff ff ff ff f8 00 7f ff ff
00012760: ff ff ff ff ff ff ff ff ff 80 07 ff ff ff ff ff
00012770: ff ff ff ff ff ff f8 00 7f ff ff ff ff ff ff ff
00012780: ff ff ff ff 80 07 ff ff ff ff ff ff ff ff ff ff
00012790: ff f8 00 7f ff ff ff ff ff ff ff ff ff ff ff 80
000127a0: 07 ff ff ff ff ff ff ff ff ff ff ff f8 00 7f ff
000127b0: ff ff ff ff ff ff ff ff ff ff 80 07 ff ff ff ff
000127c0: ff ff ff ff ff ff ff f8 00 7f ff ff ff ff ff ff
000127d0: ff ff ff ff ff 80 07 ff ff ff ff ff ff ff ff ff
000127e0: ff ff f8 00 7f ff ff ff ff ff ff ff ff ff ff ff
000127f0: 80 07 ff ff ff ff ff ff ff ff ff ff ff f8 00 7f
00012800: ff ff ff ff ff ff ff ff ff ff ff 80 07 ff ff ff
00012810: ff ff ff ff ff ff ff ff f8 00 7f ff ff ff ff ff
00012820: ff ff ff ff ff ff 80 07 ff ff ff ff ff ff ff ff
00012830: ff ff ff f8 00 7f ff ff ff ff ff ff ff ff ff ff
00012840: ff 80 07 ff ff ff ff ff ff ff ff ff ff ff f8 00
00012850: 7f ff ff ff ff ff ff ff ff ff ff ff 80 07 ff ff
00012860: ff ff ff ff ff ff ff ff ff f8 00 7f ff ff ff ff
00012870: ff ff ff ff ff ff ff 80 07 ff ff ff ff ff ff ff
00012880: ff ff ff ff f8 00 7f ff ff ff ff ff ff ff ff ff
00012890: ff ff 80 07 ff ff ff ff ff ff ff ff ff ff ff f8
000128a0: 00 7f ff ff ff ff ff ff ff ff ff ff ff 80 07 ff
000128b0: ff ff ff ff ff ff ff ff ff ff f8 00 7f ff ff ff
000128c0: ff ff ff ff ff ff ff ff 80 07 ff ff ff ff ff ff
000128d0: ff ff ff ff ff f8 00 7f ff ff ff ff ff ff ff ff
000128e0: ff ff ff 80 07 ff ff ff ff ff ff ff ff ff ff ff
000128f0: f8 00 7f ff ff ff ff ff ff ff ff ff ff ff 80 07
00012900: ff ff ff ff ff ff ff ff ff ff ff f8 00 7f ff ff
00012910: ff ff ff ff ff ff ff ff ff 80 07 ff ff ff ff ff
00012920: ff ff ff ff ff ff f8 00 7f ff ff ff ff ff ff ff
00012930: ff ff ff ff 80 07 ff ff ff ff ff ff ff ff ff ff
00012940: ff f8 00 7f ff ff ff ff ff ff ff ff ff ff ff 80
00012950: 07 ff ff ff ff ff ff ff ff ff ff ff f8 00 7f ff
00012960: ff ff ff ff ff ff ff ff ff ff 80 07 ff ff ff ff
00012970: ff ff ff ff ff ff ff f8 00 7f ff ff ff ff ff ff
00012980: ff ff ff ff ff 80 07 ff ff ff ff ff ff ff ff ff
00012990: ff ff f8 00 7f ff ff ff ff ff ff ff ff ff ff ff
000129a0: 80 07 ff ff ff ff ff ff ff ff ff ff ff f8 00 7f
000129b0: ff ff ff ff ff ff ff ff ff ff ff 80 07 ff ff ff
000129c0: ff ff ff ff ff ff ff ff f8 00 7f ff ff ff ff ff
000129d0: ff ff ff ff ff ff 80 07 ff ff ff ff ff ff ff ff
000129e0: ff ff ff f8 00 7f ff ff ff ff ff ff ff ff ff ff
000129f0: ff 80 07 ff ff ff ff ff ff ff ff ff ff ff f8 00
00012a00: 7f ff ff ff ff ff ff ff ff ff ff ff 80 07 ff ff
00012a10: ff ff ff ff ff ff ff ff ff f8 00 7f ff ff ff ff
00012a20: ff ff ff ff ff ff ff 80 07 ff ff ff ff ff ff ff
00012a30: ff ff ff ff f8 00 7f ff ff ff ff ff ff ff ff ff
00012a40: ff ff 80 07 ff ff ff ff ff ff ff ff ff ff ff f8
00012a50: 00 7f ff ff ff ff ff ff ff ff ff ff ff 80 07 ff
00012a60: ff ff ff ff ff ff ff ff ff ff f8 00 7f ff ff ff
00012a70: ff ff ff ff ff ff ff ff 80 07 ff ff ff ff ff ff
00012a80: ff ff ff ff ff f8 00 7f ff ff ff ff ff ff ff ff
00012a90: ff ff ff 80 07 ff ff ff ff ff ff ff ff ff ff ff
00012aa0: f8 00 7f ff ff ff ff ff ff ff ff ff ff ff 80 07
00012ab0: ff ff ff ff ff ff ff ff ff ff ff f8 00 7f ff ff
00012ac0: ff ff ff ff ff ff ff ff ff 80 07 ff ff ff ff ff
00012ad0: ff ff ff ff ff ff f8 00 7f ff ff ff ff ff ff ff
00012ae0: ff ff ff ff 80 07 ff ff ff ff ff ff ff ff ff ff
00012af0: ff f8 00 7f ff ff ff ff ff ff ff ff ff ff ff 80
00012b00: 07 ff ff ff ff ff ff ff ff ff ff ff f8 00 7f ff
00012b10: ff ff ff ff ff ff ff ff ff ff 80 07 ff ff ff ff
00012b20: ff ff ff ff ff ff ff f8 00 7f ff ff ff ff ff ff
00012b30: ff ff ff ff ff 80 07 ff ff ff ff ff ff ff ff ff
00012b40: ff ff f8 00 7f ff ff ff ff ff ff ff ff ff ff ff
00012b50: 80 07 ff ff ff ff ff ff ff ff ff ff ff f8 00 7f
00012b60: ff ff ff ff ff ff ff ff ff ff ff 80 07 ff ff ff
00012b70: ff ff ff ff ff ff ff ff f8 00 7f ff ff ff ff ff
00012b80: ff ff ff ff ff ff 80 07 ff ff ff ff ff ff ff ff
00012b90: ff ff ff f8 00 7f ff ff ff ff ff ff ff ff ff ff
00012ba0: ff 80 07 ff ff ff ff ff ff ff ff ff ff ff f8 00
00012bb0: 7f ff ff ff ff ff ff ff ff ff ff ff 80 07 ff ff
00012bc0: ff ff ff ff ff ff ff ff ff f8 00 7f ff ff ff ff
00012bd0: ff ff ff ff ff ff ff 80 07 ff ff ff ff ff ff ff
00012be0: ff ff ff ff f8 00 7f ff ff ff ff ff ff ff ff ff
00012bf0: ff ff 80 07 ff ff ff ff ff ff ff ff ff ff ff f8
00012c00: 00 7f ff ff ff ff ff ff ff ff ff ff ff 80 07 ff
00012c10: ff ff ff ff ff ff ff ff ff ff f8 00 7f ff ff ff
00012c20: ff ff ff ff ff ff ff ff 80 07 ff ff ff ff ff ff
00012c30: ff ff ff ff ff f8 00 7f ff ff ff ff ff ff ff ff
00012c40: ff ff ff 80 07 ff ff ff ff ff ff ff ff ff ff ff
00012c50: f8 00 7f ff ff ff ff ff ff ff ff ff ff ff 80 07
00012c60: ff ff ff ff ff ff ff ff ff ff ff f8 00 7f ff ff
00012c70: ff ff ff ff ff ff ff ff ff 80 07 ff ff ff ff ff
00012c80: ff ff ff ff ff ff f8 00 7f ff ff ff ff ff ff ff
00012c90: ff ff ff ff 80 07 ff ff ff ff ff ff ff ff ff ff
00012ca0: ff f8 00 7f ff ff ff ff ff ff ff ff ff ff ff 80
00012cb0: 07 ff ff ff ff ff ff ff ff ff ff ff f8 00 7f ff
00012cc0: ff ff ff ff ff ff ff ff ff ff 80 07 ff ff ff ff
00012cd0: ff ff ff ff ff ff ff f8 00 7f ff ff ff ff ff ff
00012ce0: ff ff ff ff ff 80 07 ff ff ff ff ff ff ff ff ff
00012cf0: ff ff f8 00 7f ff ff ff ff ff ff ff ff ff ff ff
00012d00: 80 07 ff ff ff ff ff ff ff ff ff ff ff f8 00 7f
00012d10: ff ff ff ff ff ff ff ff ff ff ff 80 07 ff ff ff
00012d20: ff ff ff ff ff ff ff ff f8 00 7f ff ff ff ff ff
00012d30: ff ff ff ff ff ff 80 07 ff ff ff ff ff ff ff ff
00012d40: ff ff ff f8 00 7f ff ff ff ff ff ff ff ff ff ff
00012d50: ff 80 07 ff ff ff ff ff ff ff ff ff ff ff f8 00
00012d60: 7f ff ff ff ff ff ff ff ff ff ff ff 80 07 ff ff
00012d70: ff ff ff ff ff ff ff ff ff f8 00 7f ff ff ff ff
00012d80: ff ff ff ff ff ff ff 80 07 ff ff ff ff ff ff ff
00012d90: ff ff ff ff f8 00 7f ff ff ff ff ff ff ff ff ff
00012da0: ff ff 80 07 ff ff ff ff ff ff ff ff ff ff ff f8
00012db0: 00 7f ff ff ff ff ff ff ff ff ff ff ff 80 07 ff
00012dc0: ff ff ff ff ff ff ff ff ff ff f8 00 7f ff ff ff
00012dd0: ff ff ff ff ff ff ff ff 80 07 ff ff ff ff ff ff
00012de0: ff ff ff ff ff f8 00 7f ff ff ff ff ff ff ff ff
00012df0: ff ff ff 80 07 ff ff ff ff ff ff ff ff ff ff ff
00012e00: f8 00 7f ff ff ff ff ff ff ff ff ff ff ff 80 07
00012e10: ff ff ff ff ff ff ff ff ff ff ff f8 00 7f ff ff
00012e20: ff ff ff ff ff ff ff ff ff 80 07 ff ff ff ff ff
00012e30: ff ff ff ff ff ff f8 00 7f ff ff ff ff ff ff ff
00012e40: ff ff ff ff 80 07 ff ff ff ff ff ff ff ff ff ff
00012e50: ff f8 00 7f ff ff ff ff ff ff ff ff ff ff ff 80
00012e60: 07 ff ff ff ff ff ff ff ff ff ff ff f8 00 7f ff
00012e70: ff ff ff ff ff ff ff ff ff ff 80 07 ff ff ff ff
00012e80: ff ff ff ff ff ff ff f8 00 7f ff ff ff ff ff ff
00012e90: ff ff ff ff ff 80 07 ff ff ff ff ff ff ff ff ff
00012ea0: ff ff f8 00 7f ff ff ff ff ff ff ff ff ff ff ff
00012eb0: 80 07 ff ff ff ff ff ff ff ff ff ff ff f8 00 7f
00012ec0: ff ff ff ff ff ff ff ff ff ff ff 80 07 ff ff ff
00012ed0: ff ff ff ff ff ff ff ff f8 00 7f ff ff ff ff ff
00012ee0: ff ff ff ff ff ff 80 07 ff ff ff ff ff ff ff ff
00012ef0: ff ff ff f8 00 7f ff ff ff ff ff ff ff ff ff ff
00012f00: ff 80 07 ff ff ff ff ff ff ff ff ff ff ff f8 00
00012f10: 7f ff ff ff ff ff ff ff ff ff ff ff 80 07 ff ff
00012f20: ff ff ff ff ff ff ff ff ff f8 00 7f ff ff ff ff
00012f30: ff ff ff ff ff ff ff 80 07 ff ff ff ff ff ff ff
00012f40: ff ff ff ff f8 00 7f ff ff ff ff ff ff ff ff ff
00012f50: ff ff 80 07 ff ff ff ff ff ff ff ff ff ff ff f8
00012f60: 00 7f ff ff ff ff ff ff ff ff ff ff ff 80 07 ff
00012f70: ff ff ff ff ff ff ff ff ff ff f8 00 7f ff ff ff
00012f80: ff ff ff ff ff ff ff ff 80 07 ff ff ff ff ff ff
00012f90: ff ff ff ff ff f8 00 7f ff ff ff ff ff ff ff ff
00012fa0: ff ff ff 80 07 ff ff ff ff ff ff ff ff ff ff ff
00012fb0: f8 00 7f ff ff ff ff ff ff ff ff ff ff ff 80 07
00012fc0: ff ff ff ff ff ff ff ff ff ff ff f8 00 7f ff ff
00012fd0: ff ff ff ff ff ff ff ff ff 80 07 ff ff ff ff ff
00012fe0: ff ff ff ff ff ff f8 00 7f ff ff ff ff ff ff ff
00012ff0: ff ff ff ff 80 07 ff ff ff ff ff ff ff ff ff ff
00013000: ff f8 00 7f ff ff ff ff ff ff ff ff ff ff ff 80
00013010: 07 ff ff ff ff ff ff ff ff ff ff ff f8 00 7f ff
00013020: ff ff ff ff ff ff ff ff ff ff 80 07 ff ff ff ff
00013030: ff ff ff ff ff ff ff f8 00 7f ff ff ff ff ff ff
00013040: ff ff ff ff ff 80 07 ff ff ff ff ff ff ff ff ff
00013050: ff ff f8 00 7f ff ff ff ff ff ff ff ff ff ff ff
00013060: 80 07 ff ff ff ff ff ff ff ff ff ff ff f8 00 7f
00013070: ff ff ff ff ff ff ff ff ff ff ff 80 07 ff ff ff
00013080: ff ff ff ff ff ff ff ff f8 00 7f ff ff ff ff ff
00013090: ff ff ff ff ff ff 80 07 ff ff ff ff ff ff ff ff
000130a0: ff ff ff f8 00 7f ff ff ff ff ff ff ff ff ff ff
000130b0: ff 80 07 ff ff ff ff ff ff ff ff ff ff ff f8 00
000130c0: 7f ff ff ff ff ff ff ff ff ff ff ff 80 07 ff ff
000130d0: ff ff ff ff ff ff ff ff ff f8 00 7f ff ff ff ff
000130e0: ff ff ff ff ff ff ff 80 07 ff ff ff ff ff ff ff
000130f0: ff ff ff ff f8 00 7f ff ff ff ff ff ff ff ff ff
00013100: ff ff 80 07 ff ff ff ff ff ff ff ff ff ff ff f8
00013110: 00 7f ff ff ff ff ff ff ff ff ff ff ff 80 07 ff
00013120: ff ff ff ff ff ff ff ff ff ff f8 00 7f ff ff ff
00013130: ff ff ff ff ff ff ff ff 80 07 ff ff ff ff ff ff
00013140: ff ff ff ff ff f8 00 7f ff ff ff ff ff ff ff ff
00013150: ff ff ff 80 07 ff ff ff ff ff ff ff ff ff ff ff
00013160: f8 00 7f ff ff ff ff ff ff ff ff ff ff ff 80 07
00013170: ff ff ff ff ff ff ff ff ff ff ff f8 00 7f ff ff
00013180: ff ff ff ff ff ff ff ff ff 80 07 ff ff ff ff ff
00013190: ff ff ff ff ff ff f8 00 7f ff ff ff ff ff ff ff
000131a0: ff ff ff ff 80 07 ff ff ff ff ff ff ff ff ff ff
000131b0: ff f8 00 7f ff ff ff ff ff ff ff ff ff ff ff 80
000131c0: 07 ff ff ff ff ff ff ff ff ff ff ff f8 00 7f ff
000131d0: ff ff ff ff ff ff ff ff ff ff 80 07 ff ff ff ff
000131e0: ff ff ff ff ff ff ff f8 00 7f ff ff ff ff ff ff
000131f0: ff ff ff ff ff 80 07 ff ff ff ff ff ff ff ff ff
00013200: ff ff f8 00 7f ff ff ff ff ff ff ff ff ff ff ff
00013210: 80 07 ff ff ff ff ff ff ff ff ff ff ff f8 00 7f
00013220: ff ff ff ff ff ff ff ff ff ff ff 80 07 ff ff ff
00013230: ff ff ff ff ff ff ff ff f8 00 7f ff ff ff ff ff
00013240: ff ff ff ff ff ff 80 07 ff ff ff ff ff ff ff ff
00013250: ff ff ff f8 00 7f ff ff ff ff ff ff ff ff ff ff
00013260: ff 80 07 ff ff ff ff ff ff ff ff ff ff ff f8 00
00013270: 7f ff ff ff ff ff ff ff ff ff ff ff 80 07 ff ff
00013280: ff ff ff ff ff ff ff ff ff f8 00 7f ff ff ff ff
00013290: ff ff ff ff ff ff ff 80 07 ff ff ff ff ff ff ff
000132a0: ff ff ff ff f8 00 7f ff ff ff ff ff ff ff ff ff
000132b0: ff ff 80 07 ff ff ff ff ff ff ff ff ff ff ff f8
000132c0: 00 7f ff ff ff ff ff ff ff ff ff ff ff 80 07 ff
000132d0: ff ff ff ff ff ff ff ff ff ff f8 00 7f ff ff ff
000132e0: ff ff ff ff ff ff ff ff 80 07 ff ff ff ff ff ff
000132f0: ff ff ff ff ff f8 00 7f ff ff ff ff ff ff ff ff
00013300: ff ff ff 80 07 ff ff ff ff ff ff ff ff ff ff ff
00013310: f8 00 7f ff ff ff ff ff ff ff ff ff ff ff 80 07
00013320: ff ff ff ff ff ff ff ff ff ff ff f8 00 7f ff ff
00013330: ff ff ff ff ff ff ff ff ff 80 07 ff ff ff ff ff
00013340: ff ff ff ff ff ff f8 00 7f ff ff ff ff ff ff ff
00013350: ff ff ff ff 80 07 ff ff ff ff ff ff ff ff ff ff
00013360: ff f8 00 7f ff ff ff ff ff ff ff ff ff ff ff 80
00013370: 07 ff ff ff ff ff ff ff ff ff ff ff f8 00 7f ff
00013380: ff ff ff ff ff ff ff ff ff ff 80 07 ff ff ff ff
00013390: ff ff ff ff ff ff ff f8 00 7f ff ff ff ff ff ff
000133a0: ff ff ff ff ff 80 07 ff ff ff ff ff ff ff ff ff
000133b0: ff ff f8 00 7f ff ff ff ff ff ff ff ff ff ff ff
000133c0: 80 07 ff ff ff ff ff ff ff ff ff ff ff f8 00 7f
000133d0: ff ff ff ff ff ff ff ff ff ff ff 80 07 ff ff ff
000133e0: ff ff ff ff ff ff ff ff f8 00 7f ff ff ff ff ff
000133f0: ff ff ff ff ff ff 80 07 ff ff ff ff ff ff ff ff
00013400: ff ff ff f8 00 7f ff ff ff ff ff ff ff ff ff ff
00013410: ff 80 07 ff ff ff ff ff ff ff ff ff ff ff f8 00
00013420: 7f ff ff ff ff ff ff ff ff ff ff ff 80 07 ff ff
00013430: ff ff ff ff ff ff ff ff ff f8 00 7f ff ff ff ff
00013440: ff ff ff ff ff ff ff 80 07 ff ff ff ff ff ff ff
00013450: ff ff ff ff f8 00 7f ff ff ff ff ff ff ff ff ff
00013460: ff ff 80 07 ff ff ff ff ff ff ff ff ff ff ff f8
00013470: 00 7f ff ff ff ff ff ff ff ff ff ff ff 80 07 ff
00013480: ff ff ff ff ff ff ff ff ff ff f8 00 7f ff ff ff
00013490: ff ff ff ff ff ff ff ff 80 07 ff ff ff ff ff ff
000134a0: ff ff ff ff ff f8 00 7f ff ff ff ff ff ff ff ff
000134b0: ff ff ff 80 07 ff ff ff ff ff ff ff ff ff ff ff
000134c0: f8 00 7f ff ff ff ff ff ff ff ff ff ff ff 80 07
000134d0: ff ff ff ff ff ff ff ff ff ff ff f8 00 7f ff ff
000134e0: ff ff ff ff ff ff ff ff ff 80 07 ff ff ff ff ff
000134f0: ff ff ff ff ff ff f8 00 7f ff ff ff ff ff ff ff
00013500: ff ff ff ff 80 07 ff ff ff ff ff ff ff ff ff ff
00013510: ff f8 00 7f ff ff ff ff ff ff ff ff ff ff ff 80
00013520: 07 ff ff ff ff ff ff ff ff ff ff ff f8 00 7f ff
00013530: ff ff ff ff ff ff ff ff ff ff 80 07 ff ff ff ff
00013540: ff ff ff ff ff ff ff f8 00 7f ff ff ff ff ff ff
00013550: ff ff ff ff ff 80 07 ff ff ff ff ff ff ff ff ff
00013560: ff ff f8 00 7f ff ff ff ff ff ff ff ff ff ff ff
00013570: 80 07 ff ff ff ff ff ff ff ff ff ff ff f8 00 7f
00013580: ff ff ff ff ff ff ff ff ff ff ff 80 07 ff ff ff
00013590: ff ff ff ff ff ff ff ff f8 00 7f ff ff ff ff ff
000135a0: ff ff ff ff ff ff 80 07 ff ff ff ff ff ff ff ff
000135b0: ff ff ff f8 00 7f ff ff ff ff ff ff ff ff ff ff
000135c0: ff 80 07 ff ff ff ff ff ff ff ff ff ff ff f8 00
000135d0: 7f ff ff ff ff ff ff ff ff ff ff ff 80 07 ff ff
000135e0: ff ff ff ff ff ff ff ff ff f8 00 7f ff ff ff ff
000135f0: ff ff ff ff ff ff ff 80 07 ff ff ff ff ff ff ff
00013600: ff ff ff ff f8 00 7f ff ff ff ff ff ff ff ff ff
00013610: ff ff 80 07 ff ff ff ff ff ff ff ff ff ff ff f8
00013620: 00 7f ff ff ff ff ff ff ff ff ff ff ff 80 07 ff
00013630: ff ff ff ff ff ff ff ff ff ff f8 00 7f ff ff ff
00013640: ff ff ff ff ff ff ff ff 80 07 ff ff ff ff ff ff
00013650: ff ff ff ff ff f8 00 7f ff ff ff ff ff ff ff ff
00013660: ff ff ff 80 07 ff ff ff ff ff ff ff ff ff ff ff
00013670: f8 00 7f ff ff ff ff ff ff ff ff ff ff ff 80 07
00013680: ff ff ff ff ff ff ff ff ff ff ff f8 00 7f ff ff
00013690: ff ff ff ff ff ff ff ff ff 80 07 ff ff ff ff ff
000136a0: ff ff ff ff ff ff f8 00 7f ff ff ff ff ff ff ff
000136b0: ff ff ff ff 80 07 ff ff ff ff ff ff ff ff ff ff
000136c0: ff f8 00 7f ff ff ff ff ff ff ff ff ff ff ff 80
000136d0: 07 ff ff ff ff ff ff ff ff ff ff ff f8 00 7f ff
000136e0: ff ff ff ff ff ff ff ff ff ff 80 07 ff ff ff ff
000136f0: ff ff ff ff ff ff ff f8 00 7f ff ff ff ff ff ff
00013700: ff ff ff ff ff 80 07 ff ff ff ff ff ff ff ff ff
00013710: ff ff f8 00 7f ff ff ff ff ff ff ff ff ff ff ff
00013720: 80 07 ff ff ff ff ff ff ff ff ff ff ff f8 00 7f
00013730: ff ff ff ff ff ff ff ff ff ff ff 80 07 ff ff ff
00013740: ff ff ff ff ff ff ff ff f8 00 7f ff ff ff ff ff
00013750: ff ff ff ff ff ff 80 07 ff ff ff ff ff ff ff ff
00013760: ff ff ff f8 00 7f ff ff ff ff ff ff ff ff ff ff
00013770: ff 80 07 ff ff ff ff ff ff ff ff ff ff ff f8 00
00013780: 7f ff ff ff ff ff ff ff ff ff ff ff 80 07 ff ff
00013790: ff ff ff ff ff ff ff ff ff f8 00 7f ff ff ff ff
000137a0: ff ff ff ff ff ff ff 80 07 ff ff ff ff ff ff ff
000137b0: ff ff ff ff f8 00 7f ff ff ff ff ff ff ff ff ff
000137c0: ff ff 80 07 ff ff ff ff ff ff ff ff ff ff ff f8
000137d0: 00 7f ff ff ff ff ff ff ff ff ff ff ff 80 07 ff
000137e0: ff ff ff ff ff ff ff ff ff ff f8 00 7f ff ff ff
000137f0: ff ff ff ff ff ff ff ff 80 07 ff ff ff ff ff ff
00013800: ff ff ff ff ff f8 00 7f ff ff ff ff ff ff ff ff
00013810: ff ff ff 80 07 ff ff ff ff ff ff ff ff ff ff ff
00013820: f8 00 7f ff ff ff ff ff ff ff ff ff ff ff 80 07
00013830: ff ff ff ff ff ff ff ff ff ff ff f8 00 7f ff ff
00013840: ff ff ff ff ff ff ff ff ff 80 07 ff ff ff ff ff
00013850: ff ff ff ff ff ff f8 00 7f ff ff ff ff ff ff ff
00013860: ff ff ff ff 80 07 ff ff ff ff ff ff ff ff ff ff
00013870: ff f8 00 7f ff ff ff ff ff ff ff ff ff ff ff 80
00013880: 07 ff ff ff ff ff ff ff ff ff ff ff f8 00 7f ff
00013890: ff ff ff ff ff ff ff ff ff ff 80 07 ff ff ff ff
000138a0: ff ff ff ff ff ff ff f8 00 7f ff ff ff ff ff ff
000138b0: ff ff ff ff ff 80 07 ff ff ff ff ff ff ff ff ff
000138c0: ff ff f8 00 7f ff ff ff ff ff ff ff ff ff ff ff
000138d0: 80 07 ff ff ff ff ff ff ff ff ff ff ff f8 00 7f
000138e0: ff ff ff ff ff ff ff ff ff ff ff 80 07 ff ff ff
000138f0: ff ff ff ff ff ff ff ff f8 00 7f ff ff ff ff ff
00013900: ff ff ff ff ff ff 80 07 ff ff ff ff ff ff ff ff
00013910: ff ff ff f8 00 7f ff ff ff ff ff ff ff ff ff ff
00013920: ff 80 07 ff ff ff ff ff ff ff ff ff ff ff f8 00
00013930: 7f ff ff ff ff ff ff ff ff ff ff ff 80 07 ff ff
00013940: ff ff ff ff ff ff ff ff ff f8 00 7f ff ff ff ff
00013950: ff ff ff ff ff ff ff 80 07 ff ff ff ff ff ff ff
00013960: ff ff ff ff f8 00 7f ff ff ff ff ff ff ff ff ff
00013970: ff ff 80 07 ff ff ff ff ff ff ff ff ff ff ff f8
00013980: 00 7f ff ff ff ff ff ff ff ff ff ff ff 80 07 ff
00013990: ff ff ff ff ff ff ff ff ff ff f8 00 7f ff ff ff
000139a0: ff ff ff ff ff ff ff ff 80 07 ff ff ff ff ff ff
000139b0: ff ff ff ff ff f8 00 7f ff ff ff ff ff ff ff ff
000139c0: ff ff ff 80 07 ff ff ff ff ff ff ff ff ff ff ff
000139d0: f8 00 7f ff ff ff ff ff ff ff ff ff ff ff 80 07
000139e0: ff ff ff ff ff ff ff ff ff ff ff f8 00 7f ff ff
000139f0: ff ff ff ff ff ff ff ff ff 80 07 ff ff ff ff ff
00013a00: ff ff ff ff ff ff f8 00 7f ff ff ff ff ff ff ff
00013a10: ff ff ff ff 80 07 ff ff ff ff ff ff ff ff ff ff
00013a20: ff f8 00 7f ff ff ff ff ff ff ff ff ff ff ff 80
00013a30: 07 ff ff ff ff ff ff ff ff ff ff ff f8 00 7f ff
00013a40: ff ff ff ff ff ff ff ff ff ff 80 07 ff ff ff ff
00013a50: ff ff ff ff ff ff ff f8 00 7f ff ff ff ff ff ff
00013a60: ff ff ff ff ff 80 07 ff ff ff ff ff ff ff ff ff
00013a70: ff ff f8 00 7f ff ff ff ff ff ff ff ff ff ff ff
00013a80: 80 07 ff ff ff ff ff ff ff ff ff ff ff f8 00 7f
00013a90: ff ff ff ff ff ff ff ff ff ff ff 80 07 ff ff ff
00013aa0: ff ff ff ff ff ff ff ff f8 00 7f ff ff ff ff ff
00013ab0: ff ff ff ff ff ff 80 07 ff ff ff ff ff ff ff ff
00013ac0: ff ff ff f8 00 7f ff ff ff ff ff ff ff ff ff ff
00013ad0: ff 80 07 ff ff ff ff ff ff ff ff ff ff ff f8 00
00013ae0: 7f ff ff ff ff ff ff ff ff ff ff ff 80 07 ff ff
00013af0: ff ff ff ff ff ff ff ff ff f8 00 7f ff ff ff ff
00013b00: ff ff ff ff ff ff ff 80 07 ff ff ff ff ff ff ff
00013b10: ff ff ff ff f8 00 7f ff ff ff ff ff ff ff ff ff
00013b20: ff ff 80 07 ff ff ff ff ff ff ff ff ff ff ff f8
00013b30: 00 7f ff ff ff ff ff ff ff ff ff ff ff 80 07 ff
00013b40: ff ff ff ff ff ff ff ff ff ff f8 00 7f ff ff ff
00013b50: ff ff ff ff ff ff ff ff 80 07 ff ff ff ff ff ff
00013b60: ff ff ff ff ff f8 00 7f ff ff ff ff ff ff ff ff
00013b70: ff ff ff 80 07 ff ff ff ff ff ff ff ff ff ff ff
00013b80: f8 00 7f ff ff ff ff ff ff ff ff ff ff ff 80 07
00013b90: ff ff ff ff ff ff ff ff ff ff ff f8 00 7f ff ff
00013ba0: ff ff ff ff ff ff ff ff ff 80 07 ff ff ff ff ff
00013bb0: ff ff ff ff ff ff f8 00 7f ff ff ff ff ff ff ff
00013bc0: ff ff ff ff 80 07 ff ff ff ff ff ff ff ff ff ff
00013bd0: ff f8 00 7f ff ff ff ff ff ff ff ff ff ff ff 80
00013be0: 07 ff ff ff ff ff ff ff ff ff ff ff f8 00 7f ff
00013bf0: ff ff ff ff ff ff ff ff ff ff 80 07 ff ff ff ff
00013c00: ff ff ff ff ff ff ff f8 00 7f ff ff ff ff ff ff
00013c10: ff ff ff ff ff 80 07 ff ff ff ff ff ff ff ff ff
00013c20: ff ff f8 00 7f ff ff ff ff ff ff ff ff ff ff ff
00013c30: 80 07 ff ff ff ff ff ff ff ff ff ff ff f8 00 7f
00013c40: ff ff ff ff ff ff ff ff ff ff ff 80 07 ff ff ff
00013c50: ff ff ff ff ff ff ff ff f8 00 7f ff ff ff ff ff
00013c60: ff ff ff ff ff ff 80 07 ff ff ff ff ff ff ff ff
00013c70: ff ff ff f8 00 7f ff ff ff ff ff ff ff ff ff ff
00013c80: ff 80 07 ff ff ff ff ff ff ff ff ff ff ff f8 00
00013c90: 7f ff ff ff ff ff ff ff ff ff ff ff 80 07 ff ff
00013ca0: ff ff ff ff ff ff ff ff ff f8 00 7f ff ff ff ff
00013cb0: ff ff ff ff ff ff ff 80 07 ff ff ff ff ff ff ff
00013cc0: ff ff ff ff f8 00 7f ff ff ff ff ff ff ff ff ff
00013cd0: ff ff 80 07 ff ff ff ff ff ff ff ff ff ff ff f8
00013ce0: 00 7f ff ff ff ff ff ff ff ff ff ff ff 80 07 ff
00013cf0: ff ff ff ff ff ff ff ff ff ff f8 00 7f ff ff ff
00013d00: ff ff ff ff ff ff ff ff 80 07 ff ff ff ff ff ff
00013d10: ff ff ff ff ff f8 00 7f ff ff ff ff ff ff ff ff
00013d20: ff ff ff 80 07 ff ff ff ff ff ff ff ff ff ff ff
00013d30: f8 00 7f ff ff ff ff ff ff ff ff ff ff ff 80 07
00013d40: ff ff ff ff ff ff ff ff ff ff ff f8 00 7f ff ff
00013d50: ff ff ff ff ff ff ff ff ff 80 07 ff ff ff ff ff
00013d60: ff ff ff ff ff ff f8 00 7f ff ff ff ff ff ff ff
00013d70: ff ff ff ff 80 07 ff ff ff ff ff ff ff ff ff ff
00013d80: ff f8 00 7f ff ff ff ff ff ff ff ff ff ff ff 80
00013d90: 07 ff ff ff ff ff ff ff ff ff ff ff f8 00 7f ff
00013da0: ff ff ff ff ff ff ff ff ff ff 80 07 ff ff ff ff
00013db0: ff ff ff ff ff ff ff f8 00 7f ff ff ff ff ff ff
00013dc0: ff ff ff ff ff 80 07 ff ff ff ff ff ff ff ff ff
00013dd0: ff ff f8 00 7f ff ff ff ff ff ff ff ff ff ff ff
00013de0: 80 07 ff ff ff ff ff ff ff ff ff ff ff f8 00 7f
00013df0: ff ff ff ff ff ff ff ff ff ff ff 80 07 ff ff ff
00013e00: ff ff ff ff ff ff ff ff f8 00 7f ff ff ff ff ff
00013e10: ff ff ff ff ff ff 80 07 ff ff ff ff ff ff ff ff
00013e20: ff ff ff f8 00 7f ff ff ff ff ff ff ff ff ff ff
00013e30: ff 80 07 ff ff ff ff ff ff ff ff ff ff ff f8 00
00013e40: 7f ff ff ff ff ff ff ff ff ff ff ff 80 07 ff ff
00013e50: ff ff ff ff ff ff ff ff ff f8 00 7f ff ff ff ff
00013e60: ff ff ff ff ff ff ff 80 07 ff ff ff ff ff ff ff
00013e70: ff ff ff ff f8 00 7f ff ff ff ff ff ff ff ff ff
00013e80: ff ff 80 07 ff ff ff ff ff ff ff ff ff ff ff f8
00013e90: 00 7f ff ff ff ff ff ff ff ff ff ff ff 80 07 ff
00013ea0: ff ff ff ff ff ff ff ff ff ff f8 00 7f ff ff ff
00013eb0: ff ff ff ff ff ff ff ff 80 07 ff ff ff ff ff ff
00013ec0: ff ff ff ff ff f8 00 7f ff ff ff ff ff ff ff ff
00013ed0: ff ff ff 80 07 ff ff ff ff ff ff ff ff ff ff ff
00013ee0: f8 00 7f ff ff ff ff ff ff ff ff ff ff ff 80 07
00013ef0: ff ff ff ff ff ff ff ff ff ff ff f8 00 7f ff ff
00013f00: ff ff ff ff ff ff ff ff ff 80 07 ff ff ff ff ff
00013f10: ff ff ff ff ff ff f8 00 7f ff ff ff ff ff ff ff
00013f20: ff ff ff ff 80 07 ff ff ff ff ff ff ff ff ff ff
00013f30: ff f8 00 7f ff ff ff ff ff ff ff ff ff ff ff 80
00013f40: 07 ff ff ff ff ff ff ff ff ff ff ff f8 00 7f ff
00013f50: ff ff ff ff ff ff ff ff ff ff 80 07 ff ff ff ff
00013f60: ff ff ff ff ff ff ff f8 00 7f ff ff ff ff ff ff
00013f70: ff ff ff ff ff 80 07 ff ff ff ff ff ff ff ff ff
00013f80: ff ff f8 00 7f ff ff ff ff ff ff ff ff ff ff ff
00013f90: 80 07 ff ff ff ff ff ff ff ff ff ff ff f8 00 7f
00013fa0: ff ff ff ff ff ff ff ff ff ff ff 80 07 ff ff ff
00013fb0: ff ff ff ff ff ff ff ff f8 00 7f ff ff ff ff ff
00013fc0: ff ff ff ff ff ff 80 07 ff ff ff ff ff ff ff ff
00013fd0: ff ff ff f8 00 7f ff ff ff ff ff ff ff ff ff ff
00013fe0: ff 80 07 ff ff ff ff ff ff ff ff ff ff ff f8 00
00013ff0: 7f ff ff ff ff ff ff ff ff ff ff ff 80 07 ff ff
00014000: ff ff ff ff ff ff ff ff ff f8 00 7f ff ff ff ff
00014010: ff ff ff ff ff ff ff 80 07 ff ff ff ff ff ff ff
00014020: ff ff ff ff f8 00 7f ff ff ff ff ff ff ff ff ff
00014030: ff ff 80 07 ff ff ff ff ff ff ff ff ff ff ff f8
00014040: 00 7f ff ff ff ff ff ff ff ff ff ff ff 80 07 ff
00014050: ff ff ff ff ff ff ff ff ff ff f8 00 7f ff ff ff
00014060: ff ff ff ff ff ff ff ff 80 07 ff ff ff ff ff ff
00014070: ff ff ff ff ff f8 00 7f ff ff ff ff ff ff ff ff
00014080: ff ff ff 80 07 ff ff ff ff ff ff ff ff ff ff ff
00014090: f8 00 7f ff ff ff ff ff ff ff ff ff ff ff 80 07
000140a0: ff ff ff ff ff ff ff ff ff ff ff f8 00 7f ff ff
000140b0: ff ff ff ff ff ff ff ff ff 80 07 ff ff ff ff ff
000140c0: ff ff ff ff ff ff f8 00 7f ff ff ff ff ff ff ff
000140d0: ff ff ff ff 80 07 ff ff ff ff ff ff ff ff ff ff
000140e0: ff f8 00 7f ff ff ff ff ff ff ff ff ff ff ff 80
000140f0: 07 ff ff ff ff ff ff ff ff ff ff ff f8 00 7f ff
00014100: ff ff ff ff ff ff ff ff ff ff 80 07 ff ff ff ff
00014110: ff ff ff ff ff ff ff f8 00 7f ff ff ff ff ff ff
00014120: ff ff ff ff ff 80 07 ff ff ff ff ff ff ff ff ff
00014130: ff ff f8 00 7f ff ff ff ff ff ff ff ff ff ff ff
00014140: 80 07 ff ff ff ff ff ff ff ff ff ff ff f8 00 7f
00014150: ff ff ff ff ff ff ff ff ff ff ff 80 07 ff ff ff
00014160: ff ff ff ff ff ff ff ff f8 00 7f ff ff ff ff ff
00014170: ff ff ff ff ff ff 80 07 ff ff ff ff ff ff ff ff
00014180: ff ff ff f8 00 7f ff ff ff ff ff ff ff ff ff ff
00014190: ff 80 07 ff ff ff ff ff ff ff ff ff ff ff f8 00
000141a0: 7f ff ff ff ff ff ff ff ff ff ff ff 80 07 ff ff
000141b0: ff ff ff ff ff ff ff ff ff f8 00 7f ff ff ff ff
000141c0: ff ff ff ff ff ff ff 80 07 ff ff ff ff ff ff ff
000141d0: ff ff ff ff f8 00 7f ff ff ff ff ff ff ff ff ff
000141e0: ff ff 80 07 ff ff ff ff ff ff ff ff ff ff ff f8
000141f0: 00 7f ff ff ff ff ff ff ff ff ff ff ff 80 07 ff
00014200: ff ff ff ff ff ff ff ff ff ff f8 00 7f ff ff ff
00014210: ff ff ff ff ff ff ff ff 80 07 ff ff ff ff ff ff
00014220: ff ff ff ff ff f8 00 7f ff ff ff ff ff ff ff ff
00014230: ff ff ff 80 07 ff ff ff ff ff ff ff ff ff ff ff
00014240: f8 00 7f ff ff ff ff ff ff ff ff ff ff ff 80 07
00014250: ff ff ff ff ff ff ff ff ff ff ff f8 00 7f ff ff
00014260: ff ff ff ff ff ff ff ff ff 80 07 ff ff ff ff ff
00014270: ff ff ff ff ff ff f8 00 7f ff ff ff ff ff ff ff
00014280: ff ff ff ff 80 07 ff ff ff ff ff ff ff ff ff ff
00014290: ff f8 00 7f ff ff ff ff ff ff ff ff ff ff ff 80
000142a0: 07 ff ff ff ff ff ff ff ff ff ff ff f8 00 7f ff
000142b0: ff ff ff ff ff ff ff ff ff ff 80 07 ff ff ff ff
000142c0: ff ff ff ff ff ff ff f8 00 7f ff ff ff ff ff ff
000142d0: ff ff ff ff ff 80 07 ff ff ff ff ff ff ff ff ff
000142e0: ff ff f8 00 7f ff ff ff ff ff ff ff ff ff ff ff
000142f0: 80 07 ff ff ff ff ff ff ff ff ff ff ff f8 00 7f
00014300: ff ff ff ff ff ff ff ff ff ff ff 80 07 ff ff ff
00014310: ff ff ff ff ff ff ff ff f8 00 7f ff ff ff ff ff
00014320: ff ff ff ff ff ff 80 07 ff ff ff ff ff ff ff ff
00014330: ff ff ff f8 00 7f ff ff ff ff ff ff ff ff ff ff
00014340: ff 80 07 ff ff ff ff ff ff ff ff ff ff ff f8 00
00014350: 7f ff ff ff ff ff ff ff ff ff ff ff 80 07 ff ff
00014360: ff ff ff ff ff ff ff ff ff f8 00 7f ff ff ff ff
00014370: ff ff ff ff ff ff ff 80 07 ff ff ff ff ff ff ff
00014380: ff ff ff ff f8 00 7f ff ff ff ff ff ff ff ff ff
00014390: ff ff 80 07 ff ff ff ff ff ff ff ff ff ff ff f8
000143a0: 00 7f ff ff ff ff ff ff ff ff ff ff ff 80 07 ff
000143b0: ff ff ff ff ff ff ff ff ff ff f8 00 7f ff ff ff
000143c0: ff ff ff ff ff ff ff ff 80 07 ff ff ff ff ff ff
000143d0: ff ff ff ff ff f8 00 7f ff ff ff ff ff ff ff ff
000143e0: ff ff ff 80 07 ff ff ff ff ff ff ff ff ff ff ff
000143f0: f8 00 7f ff ff ff ff ff ff ff ff ff ff ff 80 07
00014400: ff ff ff ff ff ff ff ff ff ff ff f8 00 7f ff ff
00014410: ff ff ff ff ff ff ff ff ff 80 07 ff ff ff ff ff
00014420: ff ff ff ff ff ff f8 00 7f ff ff ff ff ff ff ff
00014430: ff ff ff ff 80 07 ff ff ff ff ff ff ff ff ff ff
00014440: ff f8 00 7f ff ff ff ff ff ff ff ff ff ff ff 80
00014450: 07 ff ff ff ff ff ff ff ff ff ff ff f8 00 7f ff
00014460: ff ff ff ff ff ff ff ff ff ff 80 07 ff ff ff ff
00014470: ff ff ff ff ff ff ff f8 00 7f ff ff ff ff ff ff
00014480: ff ff ff ff ff 80 07 ff ff ff ff ff ff ff ff ff
00014490: ff ff f8 00 7f ff ff ff ff ff ff ff ff ff ff ff
000144a0: 80 07 ff ff ff ff ff ff ff ff ff ff ff f8 00 7f
000144b0: ff ff ff ff ff ff ff ff ff ff ff 80 07 ff ff ff
000144c0: ff ff ff ff ff ff ff ff f8 00 7f ff ff ff ff ff
000144d0: ff ff ff ff ff ff 80 07 ff ff ff ff ff ff ff ff
000144e0: ff ff ff f8 00 7f ff ff ff ff ff ff ff ff ff ff
000144f0: ff 80 07 ff ff ff ff ff ff ff ff ff ff ff f8 00
00014500: 7f ff ff ff ff ff ff ff ff ff ff ff 80 07 ff ff
00014510: ff ff ff ff ff ff ff ff ff f8 00 7f ff ff ff ff
00014520: ff ff ff ff ff ff ff 80 07 ff ff ff ff ff ff ff
00014530: ff ff ff ff f8 00 7f ff ff ff ff ff ff ff ff ff
00014540: ff ff 80 07 ff ff ff ff ff ff ff ff ff ff ff f8
00014550: 00 7f ff ff ff ff ff ff ff ff ff ff ff 80 07 ff
00014560: ff ff ff ff ff ff ff ff ff ff f8 00 7f ff ff ff
00014570: ff ff ff ff ff ff ff ff 80 07 ff ff ff ff ff ff
00014580: ff ff ff ff ff f8 00 7f ff ff ff ff ff ff ff ff
00014590: ff ff ff 80 07 ff ff ff ff ff ff ff ff ff ff ff
000145a0: f8 00 7f ff ff ff ff ff ff ff ff ff ff ff 80 07
000145b0: ff ff ff ff ff ff ff ff ff ff ff f8 00 7f ff ff
000145c0: ff ff ff ff ff ff ff ff ff 80 07 ff ff ff ff ff
000145d0: ff ff ff ff ff ff f8 00 7f ff ff ff ff ff ff ff
000145e0: ff ff ff ff 80 07 ff ff ff ff ff ff ff ff ff ff
000145f0: ff f8 00 7f ff ff ff ff ff ff ff ff ff ff ff 80
00014600: 07 ff ff ff ff ff ff ff ff ff ff ff f8 00 7f ff
00014610: ff ff ff ff ff ff ff ff ff ff 80 07 ff ff ff ff
00014620: ff ff ff ff ff ff ff f8 00 7f ff ff ff ff ff ff
00014630: ff ff ff ff ff 80 07 ff ff ff ff ff ff ff ff ff
00014640: ff ff f8 00 7f ff ff ff ff ff ff ff ff ff ff ff
00014650: 80 07 ff ff ff ff ff ff ff ff ff ff ff f8 00 7f
00014660: ff ff ff ff ff ff ff ff ff ff ff 80 07 ff ff ff
00014670: ff ff ff ff ff ff ff ff f8 00 7f ff ff ff ff ff
00014680: ff ff ff ff ff ff 80 07 ff ff ff ff ff ff ff ff
00014690: ff ff ff f8 00 7f ff ff ff ff ff ff ff ff ff ff
000146a0: ff 80 07 ff ff ff ff ff ff ff ff ff ff ff f8 00
000146b0: 7f ff ff ff ff ff ff ff ff ff ff ff 80 07 ff ff
000146c0: ff ff ff ff ff ff ff ff ff f8 00 7f ff ff ff ff
000146d0: ff ff ff ff ff ff ff 80 07 ff ff ff ff ff ff ff
000146e0: ff ff ff ff f8 00 7f ff ff ff ff ff ff ff ff ff
000146f0: ff ff 80 07 ff ff ff ff ff ff ff ff ff ff ff f8
00014700: 00 7f ff ff ff ff ff ff ff ff ff ff ff 80 07 ff
00014710: ff ff ff ff ff ff ff ff ff ff f8 00 7f ff ff ff
00014720: ff ff ff ff ff ff ff ff 80 07 ff ff ff ff ff ff
00014730: ff ff ff ff ff f8 00 7f ff ff ff ff ff ff ff ff
00014740: ff ff ff 80 07 ff ff ff ff ff ff ff ff ff ff ff
00014750: f8 00 7f ff ff ff ff ff ff ff ff ff ff ff 80 07
00014760: ff ff ff ff ff ff ff ff ff ff ff f8 00 7f ff ff
00014770: ff ff ff ff ff ff ff ff ff 80 07 ff ff ff ff ff
00014780: ff ff ff ff ff ff f8 00 7f ff ff ff ff ff ff ff
00014790: ff ff ff ff 80 07 ff ff ff ff ff ff ff ff ff ff
000147a0: ff f8 00 7f ff ff ff ff ff ff ff ff ff ff ff 80
000147b0: 07 ff ff ff ff ff ff ff ff ff ff ff f8 00 7f ff
000147c0: ff ff ff ff ff ff ff ff ff ff 80 07 ff ff ff ff
000147d0: ff ff ff ff ff ff ff f8 00 7f ff ff ff ff ff ff
000147e0: ff ff ff ff ff 80 07 ff ff ff ff ff ff ff ff ff
000147f0: ff ff f8 00 7f ff ff ff ff ff ff ff ff ff ff ff
00014800: 80 07 ff ff ff ff ff ff ff ff ff ff ff f8 00 7f
00014810: ff ff ff ff ff ff ff ff ff ff ff 80 07 ff ff ff
00014820: ff ff ff ff ff ff ff ff f8 00 7f ff ff ff ff ff
00014830: ff ff ff ff ff ff 80 07 ff ff ff ff ff ff ff ff
00014840: ff ff ff f8 00 7f ff ff ff ff ff ff ff ff ff ff
00014850: ff 80 07 ff ff ff ff ff ff ff ff ff ff ff f8 00
00014860: 7f ff ff ff ff ff ff ff ff ff ff ff 80 07 ff ff
00014870: ff ff ff ff ff ff ff ff ff f8 00 7f ff ff ff ff
00014880: ff ff ff ff ff ff ff 80 07 ff ff ff ff ff ff ff
00014890: ff ff ff ff f8 00 7f ff ff ff ff ff ff ff ff ff
000148a0: ff ff 80 07 ff ff ff ff ff ff ff ff ff ff ff f8
000148b0: 00 7f ff ff ff ff ff ff ff ff ff ff ff 80 07 ff
000148c0: ff ff ff ff ff ff ff ff ff ff f8 00 7f ff ff ff
000148d0: ff ff ff ff ff ff ff ff 80 07 ff ff ff ff ff ff
000148e0: ff ff ff ff ff f8 00 7f ff ff ff ff ff ff ff ff
000148f0: ff ff ff 80 07 ff ff ff ff ff ff ff ff ff ff ff
00014900: f8 00 7f ff ff ff ff ff ff ff ff ff ff ff 80 07
00014910: ff ff ff ff ff ff ff ff ff ff ff f8 00 7f ff ff
00014920: ff ff ff ff ff ff ff ff ff 80 07 ff ff ff ff ff
00014930: ff ff ff ff ff ff f8 00 7f ff ff ff ff ff ff ff
00014940: ff ff ff ff 80 07 ff ff ff ff ff ff ff ff ff ff
00014950: ff f8 00 7f ff ff ff ff ff ff ff ff ff ff ff 80
00014960: 07 ff ff ff ff ff ff ff ff ff ff ff f8 00 7f ff
00014970: ff ff ff ff ff ff ff ff ff ff 80 07 ff ff ff ff
00014980: ff ff ff ff ff ff ff f8 00 7f ff ff ff ff ff ff
00014990: ff ff ff ff ff 80 07 ff ff ff ff ff ff ff ff ff
000149a0: ff ff f8 00 7f ff ff ff ff ff ff ff ff ff ff ff
000149b0: 80 07 ff ff ff ff ff ff ff ff ff ff ff f8 00 7f
000149c0: ff ff ff ff ff ff ff ff ff ff ff 80 07 ff ff ff
000149d0: ff ff ff ff ff ff ff ff f8 00 7f ff ff ff ff ff
000149e0: ff ff ff ff ff ff 80 07 ff ff ff ff ff ff ff ff
000149f0: ff ff ff f8 00 7f ff ff ff ff ff ff ff ff ff ff
00014a00: ff 80 07 ff ff ff ff ff ff ff ff ff ff ff f8 00
00014a10: 7f ff ff ff ff ff ff ff ff ff ff ff 80 07 ff ff
00014a20: ff ff ff ff ff ff ff ff ff f8 00 7f ff ff ff ff
00014a30: ff ff ff ff ff ff ff 80 07 ff ff ff ff ff ff ff
00014a40: ff ff ff ff f8 00 7f ff ff ff ff ff ff ff ff ff
00014a50: ff ff 80 07 ff ff ff ff ff ff ff ff ff ff ff f8
00014a60: 00 7f ff ff ff ff ff ff ff ff ff ff ff 80 07 ff
00014a70: ff ff ff ff ff ff ff ff ff ff f8 00 7f ff ff ff
00014a80: ff ff ff ff ff ff ff ff 80 07 ff ff ff ff ff ff
00014a90: ff ff ff ff ff f8 00 7f ff ff ff ff ff ff ff ff
00014aa0: ff ff ff 80 07 ff ff ff ff ff ff ff ff ff ff ff
00014ab0: f8 00 7f ff ff ff ff ff ff ff ff ff ff ff 80 07
00014ac0: ff ff ff ff ff ff ff ff ff ff ff f8 00 7f ff ff
00014ad0: ff ff ff ff ff ff ff ff ff 80 07 ff ff ff ff ff
00014ae0: ff ff ff ff ff ff f8 00 7f ff ff ff ff ff ff ff
00014af0: ff ff ff ff 80 07 ff ff ff ff ff ff ff ff ff ff
00014b00: ff f8 00 7f ff ff ff ff ff ff ff ff ff ff ff 80
00014b10: 07 ff ff ff ff ff ff ff ff ff ff ff f8 00 7f ff
00014b20: ff ff ff ff ff ff ff ff ff ff 80 07 ff ff ff ff
00014b30: ff ff ff ff ff ff ff f8 00 7f ff ff ff ff ff ff
00014b40: ff ff ff ff ff 80 07 ff ff ff ff ff ff ff ff ff
00014b50: ff ff f8 00 7f ff ff ff ff ff ff ff ff ff ff ff
00014b60: 80 07 ff ff ff ff ff ff ff ff ff ff ff f8 00 7f
00014b70: ff ff ff ff ff ff ff ff ff ff ff 80 07 ff ff ff
00014b80: ff ff ff ff ff ff ff ff f8 00 7f ff ff ff ff ff
00014b90: ff ff ff ff ff ff 80 07 ff ff ff ff ff ff ff ff
00014ba0: ff ff ff f8 00 7f ff ff ff ff ff ff ff ff ff ff
00014bb0: ff 80 07 ff ff ff ff ff ff ff ff ff ff ff f8 00
00014bc0: 7f ff ff ff ff ff ff ff ff ff ff ff 80 07 ff ff
00014bd0: ff ff ff ff ff ff ff ff ff f8 00 7f ff ff ff ff
00014be0: ff ff ff ff ff ff ff 80 07 ff ff ff ff ff ff ff
00014bf0: ff ff ff ff f8 00 7f ff ff ff ff ff ff ff ff ff
00014c00: ff ff 80 07 ff ff ff ff ff ff ff ff ff ff ff f8
00014c10: 00 7f ff ff ff ff ff ff ff ff ff ff ff 80 07 ff
00014c20: ff ff ff ff ff ff ff ff ff ff f8 00 7f ff ff ff
00014c30: ff ff ff ff ff ff ff ff 80 07 ff ff ff ff ff ff
00014c40: ff ff ff ff ff f8 00 7f ff ff ff ff ff ff ff ff
00014c50: ff ff ff 80 07 ff ff ff ff ff ff ff ff ff ff ff
00014c60: f8 00 7f ff ff ff ff ff ff ff ff ff ff ff 80 07
00014c70: ff ff ff ff ff ff ff ff ff ff ff f8 00 7f ff ff
00014c80: ff ff ff ff ff ff ff ff ff 80 07 ff ff ff ff ff
00014c90: ff ff ff ff ff ff f8 00 7f ff ff ff ff ff ff ff
00014ca0: ff ff ff ff 80 07 ff ff ff ff ff ff ff ff ff ff
00014cb0: ff f8 00 7f ff ff ff ff ff ff ff ff ff ff ff 80
00014cc0: 07 ff ff ff ff ff ff ff ff ff ff ff f8 00 7f ff
00014cd0: ff ff ff ff ff ff ff ff ff ff 80 07 ff ff ff ff
00014ce0: ff ff ff ff ff ff ff f8 00 7f ff ff ff ff ff ff
00014cf0: ff ff ff ff ff 80 07 ff ff ff ff ff ff ff ff ff
00014d00: ff ff f8 00 7f ff ff ff ff ff ff ff ff ff ff ff
00014d10: 80 07 ff ff ff ff ff ff ff ff ff ff ff f8 00 7f
00014d20: ff ff ff ff ff ff ff ff ff ff ff 80 07 ff ff ff
00014d30: ff ff ff ff ff ff ff ff f8 00 7f ff ff ff ff ff
00014d40: ff ff ff ff ff ff 80 07 ff ff ff ff ff ff ff ff
00014d50: ff ff ff f8 00 7f ff ff ff ff ff ff ff ff ff ff
00014d60: ff 80 07 ff ff ff ff ff ff ff ff ff ff ff f8 00
00014d70: 7f ff ff ff ff ff ff ff ff ff ff ff 80 07 ff ff
00014d80: ff ff ff ff ff ff ff ff ff f8 00 7f ff ff ff ff
00014d90: ff ff ff ff ff ff ff 80 07 ff ff ff ff ff ff ff
00014da0: ff ff ff ff f8 00 7f ff ff ff ff ff ff ff ff ff
00014db0: ff ff 80 07 ff ff ff ff ff ff ff ff ff ff ff f8
00014dc0: 00 7f ff ff ff ff ff ff ff ff ff ff ff 80 07 ff
00014dd0: ff ff ff ff ff ff ff ff ff ff f8 00 7f ff ff ff
00014de0: ff ff ff ff ff ff ff ff 80 07 ff ff ff ff ff ff
00014df0: ff ff ff ff ff f8 00 7f ff ff ff ff ff ff ff ff
00014e00: ff ff ff 80 07 ff ff ff ff ff ff ff ff ff ff ff
00014e10: f8 00 7f ff ff ff ff ff ff ff ff ff ff ff 80 07
00014e20: ff ff ff ff ff ff ff ff ff ff ff f8 00 7f ff ff
00014e30: ff ff ff ff ff ff ff ff ff 80 07 ff ff ff ff ff
00014e40: ff ff ff ff ff ff f8 00 7f ff ff ff ff ff ff ff
00014e50: ff ff ff ff 80 07 ff ff ff ff ff ff ff ff ff ff
00014e60: ff f8 00 7f ff ff ff ff ff ff ff ff ff ff ff 80
00014e70: 07 ff ff ff ff ff ff ff ff ff ff ff f8 00 7f ff
00014e80: ff ff ff ff ff ff ff ff ff ff 80 07 ff ff ff ff
00014e90: ff ff ff ff ff ff ff f8 00 7f ff ff ff ff ff ff
00014ea0: ff ff ff ff ff 80 07 ff ff ff ff ff ff ff ff ff
00014eb0: ff ff f8 00 7f ff ff ff ff ff ff ff ff ff ff ff
00014ec0: 80 07 ff ff ff ff ff ff ff ff ff ff ff f8 00 7f
00014ed0: ff ff ff ff ff ff ff ff ff ff ff 80 07 ff ff ff
00014ee0: ff ff ff ff ff ff ff ff f8 00 7f ff ff ff ff ff
00014ef0: ff ff ff ff ff ff 80 07 ff ff ff ff ff ff ff ff
00014f00: ff ff ff f8 00 7f ff ff ff ff ff ff ff ff ff ff
00014f10: ff 80 07 ff ff ff ff ff ff ff ff ff ff ff f8 00
00014f20: 7f ff ff ff ff ff ff ff ff ff ff ff 80 07 ff ff
00014f30: ff ff ff ff ff ff ff ff ff f8 00 7f ff ff ff ff
00014f40: ff ff ff ff ff ff ff 80 07 ff ff ff ff ff ff ff
00014f50: ff ff ff ff f8 00 7f ff ff ff ff ff ff ff ff ff
00014f60: ff ff 80 07 ff ff ff ff ff ff ff ff ff ff ff f8
00014f70: 00 7f ff ff ff ff ff ff ff ff ff ff ff 80 07 ff
00014f80: ff ff ff ff ff ff ff ff ff ff f8 00 7f ff ff ff
00014f90: ff ff ff ff ff ff ff ff 80 07 ff ff ff ff ff ff
00014fa0: ff ff ff ff ff f8 00 7f ff ff ff ff ff ff ff ff
00014fb0: ff ff ff 80 07 ff ff ff ff ff ff ff ff ff ff ff
00014fc0: f8 00 7f ff ff ff ff ff ff ff ff ff ff ff 80 07
00014fd0: ff ff ff ff ff ff ff ff ff ff ff f8 00 7f ff ff
00014fe0: ff ff ff ff ff ff ff ff ff 80 07 ff ff ff ff ff
00014ff0: ff ff ff ff ff ff f8 00 7f ff ff ff ff ff ff ff
00015000: ff ff ff ff 80 07 ff ff ff ff ff ff ff ff ff ff
00015010: ff f8 00 7f ff ff ff ff ff ff ff ff ff ff ff 80
00015020: 07 ff ff ff ff ff ff ff ff ff ff ff f8 00 7f ff
00015030: ff ff ff ff ff ff ff ff ff ff 80 07 ff ff ff ff
00015040: ff ff ff ff ff ff ff f8 00 7f ff ff ff ff ff ff
00015050: ff ff ff ff ff 80 07 ff ff ff ff ff ff ff ff ff
00015060: ff ff f8 00 7f ff ff ff ff ff ff ff ff ff ff ff
00015070: 80 07 ff ff ff ff ff ff ff ff ff ff ff f8 00 7f
00015080: ff ff ff ff ff ff ff ff ff ff ff 80 07 ff ff ff
00015090: ff ff ff ff ff ff ff ff f8 00 7f ff ff ff ff ff
000150a0: ff ff ff ff ff ff 80 07 ff ff ff ff ff ff ff ff
000150b0: ff ff ff f8 00 7f ff ff ff ff ff ff ff ff ff ff
000150c0: ff 80 07 ff ff ff ff ff ff ff ff ff ff ff f8 00
000150d0: 7f ff ff ff ff ff ff ff ff ff ff ff 80 07 ff ff
000150e0: ff ff ff ff ff ff ff ff ff f8 00 7f ff ff ff ff
000150f0: ff ff ff ff ff ff ff 80 07 ff ff ff ff ff ff ff
00015100: ff ff ff ff f8 00 7f ff ff ff ff ff ff ff ff ff
00015110: ff ff 80 07 ff ff ff ff ff ff ff ff ff ff ff f8
00015120: 00 7f ff ff ff ff ff ff ff ff ff ff ff 80 07 ff
00015130: ff ff ff ff ff ff ff ff ff ff f8 00 7f ff ff ff
00015140: ff ff ff ff ff ff ff ff 80 07 ff ff ff ff ff ff
00015150: ff ff ff ff ff f8 00 7f ff ff ff ff ff ff ff ff
00015160: ff ff ff 80 07 ff ff ff ff ff ff ff ff ff ff ff
00015170: f8 00 7f ff ff ff ff ff ff ff ff ff ff ff 80 07
00015180: ff ff ff ff ff ff ff ff ff ff ff f8 00 7f ff ff
00015190: ff ff ff ff ff ff ff ff ff 80 07 ff ff ff ff ff
000151a0: ff ff ff ff ff ff f8 00 7f ff ff ff ff ff ff ff
000151b0: ff ff ff ff 80 07 ff ff ff ff ff ff ff ff ff ff
000151c0: ff f8 00 7f ff ff ff ff ff ff ff ff ff ff ff 80
000151d0: 07 ff ff ff ff ff ff ff ff ff ff ff f8 00 7f ff
000151e0: ff ff ff ff ff ff ff ff ff ff 80 07 ff ff ff ff
000151f0: ff ff ff ff ff ff ff f8 00 7f ff ff ff ff ff ff
00015200: ff ff ff ff ff 80 07 ff ff ff ff ff ff ff ff ff
00015210: ff ff f8 00 7f ff ff ff ff ff ff ff ff ff ff ff
00015220: 80 07 ff ff ff ff ff ff ff ff ff ff ff f8 00 7f
00015230: ff ff ff ff ff ff ff ff ff ff ff 80 07 ff ff ff
00015240: ff ff ff ff ff ff ff ff f8 00 7f ff ff ff ff ff
00015250: ff ff ff ff ff ff 80 07 ff ff ff ff ff ff ff ff
00015260: ff ff ff f8 00 7f ff ff ff ff ff ff ff ff ff ff
00015270: ff 80 07 ff ff ff ff ff ff ff ff ff ff ff f8 00
00015280: 7f ff ff ff ff ff ff ff ff ff ff ff 80 07 ff ff
00015290: ff ff ff ff ff ff ff ff ff f8 00 7f ff ff ff ff
000152a0: ff ff ff ff ff ff ff 80 07 ff ff ff ff ff ff ff
000152b0: ff ff ff ff f8 00 7f ff ff ff ff ff ff ff ff ff
000152c0: ff ff 80 07 ff ff ff ff ff ff ff ff ff ff ff f8
000152d0: 00 7f ff ff ff ff ff ff ff ff ff ff ff 80 07 ff
000152e0: ff ff ff ff ff ff ff ff ff ff f8 00 7f ff ff ff
000152f0: ff ff ff ff ff ff ff ff 80 07 ff ff ff ff ff ff
00015300: ff ff ff ff ff f8 00 7f ff ff ff ff ff ff ff ff
00015310: ff ff ff 80 07 ff ff ff ff ff ff ff ff ff ff ff
00015320: f8 00 7f ff ff ff ff ff ff ff ff ff ff ff 80 07
00015330: ff ff ff ff ff ff ff ff ff ff ff f8 00 7f ff ff
00015340: ff ff ff ff ff ff ff ff ff 80 07 ff ff ff ff ff
00015350: ff ff ff ff ff ff f8 00 7f ff ff ff ff ff ff ff
00015360: ff ff ff ff 80 07 ff ff ff ff ff ff ff ff ff ff
00015370: ff f8 00 7f ff ff ff ff ff ff ff ff ff ff ff 80
00015380: 07 ff ff ff ff ff ff ff ff ff ff ff f8 00 7f ff
00015390: ff ff ff ff ff ff ff ff ff ff 80 07 ff ff ff ff
000153a0: ff ff ff ff ff ff ff f8 00 7f ff ff ff ff ff ff
000153b0: ff ff ff ff ff 80 07 ff ff ff ff ff ff ff ff ff
000153c0: ff ff f8 00 7f ff ff ff ff ff ff ff ff ff ff ff
000153d0: 80 07 ff ff ff ff ff ff ff ff ff ff ff f8 00 7f
000153e0: ff ff ff ff ff ff ff ff ff ff ff 80 07 ff ff ff
000153f0: ff ff ff ff ff ff ff ff f8 00 7f ff ff ff ff ff
00015400: ff ff ff ff ff ff 80 07 ff ff ff ff ff ff ff ff
00015410: ff ff ff f8 00 7f ff ff ff ff ff ff ff ff ff ff
00015420: ff 80 07 ff ff ff ff ff ff ff ff ff ff ff f8 00
00015430: 7f ff ff ff ff ff ff ff ff ff ff ff 80 07 ff ff
00015440: ff ff ff ff ff ff ff ff ff f8 00 7f ff ff ff ff
00015450: ff ff ff ff ff ff ff 80 07 ff ff ff ff ff ff ff
00015460: ff ff ff ff f8 00 7f ff ff ff ff ff ff ff ff ff
00015470: ff ff 80 07 ff ff ff ff ff ff ff ff ff ff ff f8
00015480: 00 7f ff ff ff ff ff ff ff ff ff ff ff 80 07 ff
00015490: ff ff ff ff ff ff ff ff ff ff f8 00 7f ff ff ff
000154a0: ff ff ff ff ff ff ff ff 80 07 ff ff ff ff ff ff
000154b0: ff ff ff ff ff f8 00 7f ff ff ff ff ff ff ff ff
000154c0: ff ff ff 80 07 ff ff ff ff ff ff ff ff ff ff ff
000154d0: f8 00 7f ff ff ff ff ff ff ff ff ff ff ff 80 07
000154e0: ff ff ff ff ff ff ff ff ff ff ff f8 00 7f ff ff
000154f0: ff ff ff ff ff ff ff ff ff 80 07 ff ff ff ff ff
00015500: ff ff ff ff ff ff f8 00 7f ff ff ff ff ff ff ff
00015510: ff ff ff ff 80 07 ff ff ff ff ff ff ff ff ff ff
00015520: ff f8 00 7f ff ff ff ff ff ff ff ff ff ff ff 80
00015530: 07 ff ff ff ff ff ff ff ff ff ff ff f8 00 7f ff
00015540: ff ff ff ff ff ff ff ff ff ff 80 07 ff ff ff ff
00015550: ff ff ff ff ff ff ff f8 00 7f ff ff ff ff ff ff
00015560: ff ff ff ff ff 80 07 ff ff ff ff ff ff ff ff ff
00015570: ff ff f8 00 7f ff ff ff ff ff ff ff ff ff ff ff
00015580: 80 07 ff ff ff ff ff ff ff ff ff ff ff f8 00 7f
00015590: ff ff ff ff ff ff ff ff ff ff ff 80 07 ff ff ff
000155a0: ff ff ff ff ff ff ff ff f8 00 7f ff ff ff ff ff
000155b0: ff ff ff ff ff ff 80 07 ff ff ff ff ff ff ff ff
000155c0: ff ff ff f8 00 7f ff ff ff ff ff ff ff ff ff ff
000155d0: ff 80 07 ff ff ff ff ff ff ff ff ff ff ff f8 00
000155e0: 7f ff ff ff ff ff ff ff ff ff ff ff 80 07 ff ff
000155f0: ff ff ff ff ff ff ff ff ff f8 00 7f ff ff ff ff
00015600: ff ff ff ff ff ff ff 80 07 ff ff ff ff ff ff ff
00015610: ff ff ff ff f8 00 7f ff ff ff ff ff ff ff ff ff
00015620: ff ff 80 07 ff ff ff ff ff ff ff ff ff ff ff f8
00015630: 00 7f ff ff ff ff ff ff ff ff ff ff ff 80 07 ff
00015640: ff ff ff ff ff ff ff ff ff ff f8 00 7f ff ff ff
00015650: ff ff ff ff ff ff ff ff 80 07 ff ff ff ff ff ff
00015660: ff ff ff ff ff f8 00 7f ff ff ff ff ff ff ff ff
00015670: ff ff ff 80 07 ff ff ff ff ff ff ff ff ff ff ff
00015680: f8 00 7f ff ff ff ff ff ff ff ff ff ff ff 80 07
00015690: ff ff ff ff ff ff ff ff ff ff ff f8 00 7f ff ff
000156a0: ff ff ff ff ff ff ff ff ff 80 07 ff ff ff ff ff
000156b0: ff ff ff ff ff ff f8 00 7f ff ff ff ff ff ff ff
000156c0: ff ff ff ff 80 07 ff ff ff ff ff ff ff ff ff ff
000156d0: ff f8 00 7f ff ff ff ff ff ff ff ff ff ff ff 80
000156e0: 07 ff ff ff ff ff ff ff ff ff ff ff f8 00 7f ff
000156f0: ff ff ff ff ff ff ff ff ff ff 80 07 ff ff ff ff
00015700: ff ff ff ff ff ff ff f8 00 7f ff ff ff ff ff ff
00015710: ff ff ff ff ff 80 07 ff ff ff ff ff ff ff ff ff
00015720: ff ff f8 00 7f ff ff ff ff ff ff ff ff ff ff ff
00015730: 80 07 ff ff ff ff ff ff ff ff ff ff ff f8 00 7f
00015740: ff ff ff ff ff ff ff ff ff ff ff 80 07 ff ff ff
00015750: ff ff ff ff ff ff ff ff f8 00 7f ff ff ff ff ff
00015760: ff ff ff ff ff ff 80 07 ff ff ff ff ff ff ff ff
00015770: ff ff ff f8 00 7f ff ff ff ff ff ff ff ff ff ff
00015780: ff 80 07 ff ff ff ff ff ff ff ff ff ff ff f8 00
00015790: 7f ff ff ff ff ff ff ff ff ff ff ff 80 07 ff ff
000157a0: ff ff ff ff ff ff ff ff ff f8 00 7f ff ff ff ff
000157b0: ff ff ff ff ff ff ff 80 07 ff ff ff ff ff ff ff
000157c0: ff ff ff ff f8 00 7f ff ff ff ff ff ff ff ff ff
000157d0: ff ff 80 07 ff ff ff ff ff ff ff ff ff ff ff f8
000157e0: 00 7f ff ff ff ff ff ff ff ff ff ff ff 80 07 ff
000157f0: ff ff ff ff ff ff ff ff ff ff f8 00 7f ff ff ff
00015800: ff ff ff ff ff ff ff ff 80 07 ff ff ff ff ff ff
00015810: ff ff ff ff ff f8 00 7f ff ff ff ff ff ff ff ff
00015820: ff ff ff 80 07 ff ff ff ff ff ff ff ff ff ff ff
00015830: f8 00 7f ff ff ff ff ff ff ff ff ff ff ff 80 07
00015840: ff ff ff ff ff ff ff ff ff ff ff f8 00 7f ff ff
00015850: ff ff ff ff ff ff ff ff ff 80 07 ff ff ff ff ff
00015860: ff ff ff ff ff ff f8 00 7f ff ff ff ff ff ff ff
00015870: ff ff ff ff 80 07 ff ff ff ff ff ff ff ff ff ff
00015880: ff f8 00 7f ff ff ff ff ff ff ff ff ff ff ff 80
00015890: 07 ff ff ff ff ff ff ff ff ff ff ff f8 00 7f ff
000158a0: ff ff ff ff ff ff ff ff ff ff 80 07 ff ff ff ff
000158b0: ff ff ff ff ff ff ff f8 00 7f ff ff ff ff ff ff
000158c0: ff ff ff ff ff 80 07 ff ff ff ff ff ff ff ff ff
000158d0: ff ff f8 00 7f ff ff ff ff ff ff ff ff ff ff ff
000158e0: 80 07 ff ff ff ff ff ff ff ff ff ff ff f8 00 7f
000158f0: ff ff ff ff ff ff ff ff ff ff ff 80 07 ff ff ff
00015900: ff ff ff ff ff ff ff ff f8 00 7f ff ff ff ff ff
00015910: ff ff ff ff ff ff 80 07 ff ff ff ff ff ff ff ff
00015920: ff ff ff f8 00 7f ff ff ff ff ff ff ff ff ff ff
00015930: ff 80 07 ff ff ff ff ff ff ff ff ff ff ff f8 00
00015940: 7f ff ff ff ff ff ff ff ff ff ff ff 80 07 ff ff
00015950: ff ff ff ff ff ff ff ff ff f8 00 7f ff ff ff ff
00015960: ff ff ff ff ff ff ff 80 07 ff ff ff ff ff ff ff
00015970: ff ff ff ff f8 00 7f ff ff ff ff ff ff ff ff ff
00015980: ff ff 80 07 ff ff ff ff ff ff ff ff ff ff ff f8
00015990: 00 7f ff ff ff ff ff ff ff ff ff ff ff 80 07 ff
000159a0: ff ff ff ff ff ff ff ff ff ff f8 00 7f ff ff ff
000159b0: ff ff ff ff ff ff ff ff 80 07 ff ff ff ff ff ff
000159c0: ff ff ff ff ff f8 00 7f ff ff ff ff ff ff ff ff
000159d0: ff ff ff 80 07 ff ff ff ff ff ff ff ff ff ff ff
000159e0: f8 00 7f ff ff ff ff ff ff ff ff ff ff ff 80 07
000159f0: ff ff ff ff ff ff ff ff ff ff ff f8 00 7f ff ff
00015a00: ff ff ff ff ff ff ff ff ff 80 07 ff ff ff ff ff
00015a10: ff ff ff ff ff ff f8 00 7f ff ff ff ff ff ff ff
00015a20: ff ff ff ff 80 07 ff ff ff ff ff ff ff ff ff ff
00015a30: ff f8 00 7f ff ff ff ff ff ff ff ff ff ff ff 80
00015a40: 07 ff ff ff ff ff ff ff ff ff ff ff f8 00 7f ff
00015a50: ff ff ff ff ff ff ff ff ff ff 80 07 ff ff ff ff
00015a60: ff ff ff ff ff ff ff f8 00 7f ff ff ff ff ff ff
00015a70: ff ff ff ff ff 80 07 ff ff ff ff ff ff ff ff ff
00015a80: ff ff f8 00 7f ff ff ff ff ff ff ff ff ff ff ff
00015a90: 80 07 ff ff ff ff ff ff ff ff ff ff ff f8 00 7f
00015aa0: ff ff ff ff ff ff ff ff ff ff ff 80 07 ff ff ff
00015ab0: ff ff ff ff ff ff ff ff f8 00 7f ff ff ff ff ff
00015ac0: ff ff ff ff ff ff 80 07 ff ff ff ff ff ff ff ff
00015ad0: ff ff ff f8 00 7f ff ff ff ff ff ff ff ff ff ff
00015ae0: ff 80 07 ff ff ff ff ff ff ff ff ff ff ff f8 00
00015af0: 7f ff ff ff ff ff ff ff ff ff ff ff 80 07 ff ff
00015b00: ff ff ff ff ff ff ff ff ff f8 00 7f ff ff ff ff
00015b10: ff ff ff ff ff ff ff 80 07 ff ff ff ff ff ff ff
00015b20: ff ff ff ff f8 00 7f ff ff ff ff ff ff ff ff ff
00015b30: ff ff 80 07 ff ff ff ff ff ff ff ff ff ff ff f8
00015b40: 00 7f ff ff ff ff ff ff ff ff ff ff ff 80 07 ff
00015b50: ff ff ff ff ff ff ff ff ff ff f8 00 7f ff ff ff
00015b60: ff ff ff ff ff ff ff ff 80 07 ff ff ff ff ff ff
00015b70: ff ff ff ff ff f8 00 7f ff ff ff ff ff ff ff ff
00015b80: ff ff ff 80 07 ff ff ff ff ff ff ff ff ff ff ff
00015b90: f8 00 7f ff ff ff ff ff ff ff ff ff ff ff 80 07
00015ba0: ff ff ff ff ff ff ff ff ff ff ff f8 00 7f ff ff
00015bb0: ff ff ff ff ff ff ff ff ff 80 07 ff ff ff ff ff
00015bc0: ff ff ff ff ff ff f8 00 7f ff ff ff ff ff ff ff
00015bd0: ff ff ff ff 80 07 ff ff ff ff ff ff ff ff ff ff
00015be0: ff f8 00 7f ff ff ff ff ff ff ff ff ff ff ff 80
00015bf0: 07 ff ff ff ff ff ff ff ff ff ff ff f8 00 7f ff
00015c00: ff ff ff ff ff ff ff ff ff ff 80 07 ff ff ff ff
00015c10: ff ff ff ff ff ff ff f8 00 7f ff ff ff ff ff ff
00015c20: ff ff ff ff ff 80 07 ff ff ff ff ff ff ff ff ff
00015c30: ff ff f8 00 7f ff ff ff ff ff ff ff ff ff ff ff
00015c40: 80 07 ff ff ff ff ff ff ff ff ff ff ff f8 00 7f
00015c50: ff ff ff ff ff ff ff ff ff ff ff 80 07 ff ff ff
00015c60: ff ff ff ff ff ff ff ff f8 00 7f ff ff ff ff ff
00015c70: ff ff ff ff ff ff 80 07 ff ff ff ff ff ff ff ff
00015c80: ff ff ff f8 00 7f ff ff ff ff ff ff ff ff ff ff
00015c90: ff 80 07 ff ff ff ff ff ff ff ff ff ff ff f8 00
00015ca0: 7f ff ff ff ff ff ff ff ff ff ff ff 80 07 ff ff
00015cb0: ff ff ff ff ff ff ff ff ff f8 00 7f ff ff ff ff
00015cc0: ff ff ff ff ff ff ff 80 07 ff ff ff ff ff ff ff
00015cd0: ff ff ff ff f8 00 7f ff ff ff ff ff ff ff ff ff
00015ce0: ff ff 80 07 ff ff ff ff ff ff ff ff ff ff ff f8
00015cf0: 00 7f ff ff ff ff ff ff ff ff ff ff ff 80 07 ff
00015d00: ff ff ff ff ff ff ff ff ff ff f8 00 7f ff ff ff
00015d10: ff ff ff ff ff ff ff ff 80 07 ff ff ff ff ff ff
00015d20: ff ff ff ff ff f8 00 7f ff ff ff ff ff ff ff ff
00015d30: ff ff ff 80 07 ff ff ff ff ff ff ff ff ff ff ff
00015d40: f8 00 7f ff ff ff ff ff ff ff ff ff ff ff 80 07
00015d50: ff ff ff ff ff ff ff ff ff ff ff f8 00 7f ff ff
00015d60: ff ff ff ff ff ff ff ff ff 80 07 ff ff ff ff ff
00015d70: ff ff ff ff ff ff f8 00 7f ff ff ff ff ff ff ff
00015d80: ff ff ff ff 80 07 ff ff ff ff ff ff ff ff ff ff
00015d90: ff f8 00 7f ff ff ff ff ff ff ff ff ff ff ff 80
00015da0: 07 ff ff ff ff ff ff ff ff ff ff ff f8 00 7f ff
00015db0: ff ff ff ff ff ff ff ff ff ff 80 07 ff ff ff ff
00015dc0: ff ff ff ff ff ff ff f8 00 7f ff ff ff ff ff ff
00015dd0: ff ff ff ff ff 80 07 ff ff ff ff ff ff ff ff ff
00015de0: ff ff f8 00 7f ff ff ff ff ff ff ff ff ff ff ff
00015df0: 80 07 ff ff ff ff ff ff ff ff ff ff ff f8 00 7f
00015e00: ff ff ff ff ff ff ff ff ff ff ff 80 07 ff ff ff
00015e10: ff ff ff ff ff ff ff ff f8 00 7f ff ff ff ff ff
00015e20: ff ff ff ff ff ff 80 07 ff ff ff ff ff ff ff ff
00015e30: ff ff ff f8 00 7f ff ff ff ff ff ff ff ff ff ff
00015e40: ff 80 07 ff ff ff ff ff ff ff ff ff ff ff f8 00
00015e50: 7f ff ff ff ff ff ff ff ff ff ff ff 80 07 ff ff
00015e60: ff ff ff ff ff ff ff ff ff f8 00 7f ff ff ff ff
00015e70: ff ff ff ff ff ff ff 80 07 ff ff ff ff ff ff ff
00015e80: ff ff ff ff f8 00 7f ff ff ff ff ff ff ff ff ff
00015e90: ff ff 80 07 ff ff ff ff ff ff ff ff ff ff ff f8
00015ea0: 00 7f ff ff ff ff ff ff ff ff ff ff ff 80 07 ff
00015eb0: ff ff ff ff ff ff ff ff ff ff f8 00 7f ff ff ff
00015ec0: ff ff ff ff ff ff ff ff 80 07 ff ff ff ff ff ff
00015ed0: ff ff ff ff ff f8 00 7f ff ff ff ff ff ff ff ff
00015ee0: ff ff ff 80 07 ff ff ff ff ff ff ff ff ff ff ff
00015ef0: f8 00 7f ff ff ff ff ff ff ff ff ff ff ff 80 07
00015f00: ff ff ff ff ff ff ff ff ff ff ff f8 00 7f ff ff
00015f10: ff ff ff ff ff ff ff ff ff 80 07 ff ff ff ff ff
00015f20: ff ff ff ff ff ff f8 00 7f ff ff ff ff ff ff ff
00015f30: ff ff ff ff 80 07 ff ff ff ff ff ff ff ff ff ff
00015f40: ff f8 00 7f ff ff ff ff ff ff ff ff ff ff ff 80
00015f50: 07 ff ff ff ff ff ff ff ff ff ff ff f8 00 7f ff
00015f60: ff ff ff ff ff ff ff ff ff ff 80 07 ff ff ff ff
00015f70: ff ff ff ff ff ff ff f8 00 7f ff ff ff ff ff ff
00015f80: ff ff ff ff ff 80 07 ff ff ff ff ff ff ff ff ff
00015f90: ff ff f8 00 7f ff ff ff ff ff ff ff ff ff ff ff
00015fa0: 80 07 ff ff ff ff ff ff ff ff ff ff ff f8 00 7f
00015fb0: ff ff ff ff ff ff ff ff ff ff ff 80 07 ff ff ff
00015fc0: ff ff ff ff ff ff ff ff f8 00 7f ff ff ff ff ff
00015fd0: ff ff ff ff ff ff 80 07 ff ff ff ff ff ff ff ff
00015fe0: ff ff ff f8 00 7f ff ff ff ff ff ff ff ff ff ff
00015ff0: ff 80 07 ff ff ff ff ff ff ff ff ff ff ff f8 00
00016000: 7f ff ff ff ff ff ff ff ff ff ff ff 80 07 ff ff
00016010: ff ff ff ff ff ff ff ff ff f8 00 7f ff ff ff ff
00016020: ff ff ff ff ff ff ff 80 07 ff ff ff ff ff ff ff
00016030: ff ff ff ff f8 00 7f ff ff ff ff ff ff ff ff ff
00016040: ff ff 80 07 ff ff ff ff ff ff ff ff ff ff ff f8
00016050: 00 7f ff ff ff ff ff ff ff ff ff ff ff 80 07 ff
00016060: ff ff ff ff ff ff ff ff ff ff f8 00 7f ff ff ff
00016070: ff ff ff ff ff ff ff ff 80 07 ff ff ff ff ff ff
00016080: ff ff ff ff ff f8 00 7f ff ff ff ff ff ff ff ff
00016090: ff ff ff 80 07 ff ff ff ff ff ff ff ff ff ff ff
000160a0: f8 00 7f ff ff ff ff ff ff ff ff ff ff ff 80 07
000160b0: ff ff ff ff ff ff ff ff ff ff ff f8 00 7f ff ff
000160c0: ff ff ff ff ff ff ff ff ff 80 07 ff ff ff ff ff
000160d0: ff ff ff ff ff ff f8 00 7f ff ff ff ff ff ff ff
000160e0: ff ff ff ff 80 07 ff ff ff ff ff ff ff ff ff ff
000160f0: ff f8 00 7f ff ff ff ff ff ff ff ff ff ff ff 80
00016100: 07 ff ff ff ff ff ff ff ff ff ff ff f8 00 7f ff
00016110: ff ff ff ff ff ff ff ff ff ff 80 07 ff ff ff ff
00016120: ff ff ff ff ff ff ff f8 00 7f ff ff ff ff ff ff
00016130: ff ff ff ff ff 80 07 ff ff ff ff ff ff ff ff ff
00016140: ff ff f8 00 7f ff ff ff ff ff ff ff ff ff ff ff
00016150: 80 07 ff ff ff ff ff ff ff ff ff ff ff f8 00 7f
00016160: ff ff ff ff ff ff ff ff ff ff ff 80 07 ff ff ff
00016170: ff ff ff ff ff ff ff ff f8 00 7f ff ff ff ff ff
00016180: ff ff ff ff ff ff 80 07 ff ff ff ff ff ff ff ff
00016190: ff ff ff f8 00 7f ff ff ff ff ff ff ff ff ff ff
000161a0: ff 80 07 ff ff ff ff ff ff ff ff ff ff ff f8 00
000161b0: 7f ff ff ff ff ff ff ff ff ff ff ff 80 07 ff ff
000161c0: ff ff ff ff ff ff ff ff ff f8 00 7f ff ff ff ff
000161d0: ff ff ff ff ff ff ff 80 07 ff ff ff ff ff ff ff
000161e0: ff ff ff ff f8 00 7f ff ff ff ff ff ff ff ff ff
000161f0: ff ff 80 07 ff ff ff ff ff ff ff ff ff ff ff f8
00016200: 00 7f ff ff ff ff ff ff ff ff ff ff ff 80 07 ff
00016210: ff ff ff ff ff ff ff ff ff ff f8 00 7f ff ff ff
00016220: ff ff ff ff ff ff ff ff 80 07 ff ff ff ff ff ff
00016230: ff ff ff ff ff f8 00 7f ff ff ff ff ff ff ff ff
00016240: ff ff ff 80 07 ff ff ff ff ff ff ff ff ff ff ff
00016250: f8 00 7f ff ff ff ff ff ff ff ff ff ff ff 80 07
00016260: ff ff ff ff ff ff ff ff ff ff ff f8 00 7f ff ff
00016270: ff ff ff ff ff ff ff ff ff 80 07 ff ff ff ff ff
00016280: ff ff ff ff ff ff f8 00 7f ff ff ff ff ff ff ff
00016290: ff ff ff ff 80 07 ff ff ff ff ff ff ff ff ff ff
000162a0: ff f8 00 7f ff ff ff ff ff ff ff ff ff ff ff 80
000162b0: 07 ff ff ff ff ff ff ff ff ff ff ff f8 00 7f ff
000162c0: ff ff ff ff ff ff ff ff ff ff 80 07 ff ff ff ff
000162d0: ff ff ff ff ff ff ff f8 00 7f ff ff ff ff ff ff
000162e0: ff ff ff ff ff 80 07 ff ff ff ff ff ff ff ff ff
000162f0: ff ff f8 00 7f ff ff ff ff ff ff ff ff ff ff ff
00016300: 80 07 ff ff ff ff ff ff ff ff ff ff ff f8 00 7f
00016310: ff ff ff ff ff ff ff ff ff ff ff 80 07 ff ff ff
00016320: ff ff ff ff ff ff ff ff f8 00 7f ff ff ff ff ff
00016330: ff ff ff ff ff ff 80 07 ff ff ff ff ff ff ff ff
00016340: ff ff ff f8 00 7f ff ff ff ff ff ff ff ff ff ff
00016350: ff 80 07 ff ff ff ff ff ff ff ff ff ff ff f8 00
00016360: 7f ff ff ff ff ff ff ff ff ff ff ff 80 07 ff ff
00016370: ff ff ff ff ff ff ff ff ff f8 00 7f ff ff ff ff
00016380: ff ff ff ff ff ff ff 80 07 ff ff ff ff ff ff ff
00016390: ff ff ff ff f8 00 7f ff ff ff ff ff ff ff ff ff
000163a0: ff ff 80 07 ff ff ff ff ff ff ff ff ff ff ff f8
000163b0: 00 7f ff ff ff ff ff ff ff ff ff ff ff 80 07 ff
000163c0: ff ff ff ff ff ff ff ff ff ff f8 00 7f ff ff ff
000163d0: ff ff ff ff ff ff ff ff 80 07 ff ff ff ff ff ff
000163e0: ff ff ff ff ff f8 00 7f ff ff ff ff ff ff ff ff
000163f0: ff ff ff 80 07 ff ff ff ff ff ff ff ff ff ff ff
00016400: f8 00 7f ff ff ff ff ff ff ff ff ff ff ff 80 07
00016410: ff ff ff ff ff ff ff ff ff ff ff f8 00 7f ff ff
00016420: ff ff ff ff ff ff ff ff ff 80 07 ff ff ff ff ff
00016430: ff ff ff ff ff ff f8 00 7f ff ff ff ff ff ff ff
00016440: ff ff ff ff 80 07 ff ff ff ff ff ff ff ff ff ff
00016450: ff f8 00 7f ff ff ff ff ff ff ff ff ff ff ff 80
00016460: 07 ff ff ff ff ff ff ff ff ff ff ff f8 00 7f ff
00016470: ff ff ff ff ff ff ff ff ff ff 80 07 ff ff ff ff
00016480: ff ff ff ff ff ff ff f8 00 7f ff ff ff ff ff ff
00016490: ff ff ff ff ff 80 07 ff ff ff ff ff ff ff ff ff
000164a0: ff ff f8 00 7f ff ff ff ff ff ff ff ff ff ff ff
000164b0: 80 07 ff ff ff ff ff ff ff ff ff ff ff f8 00 7f
000164c0: ff ff ff ff ff ff ff ff ff ff ff 80 07 ff ff ff
000164d0: ff ff ff ff ff ff ff ff f8 00 7f ff ff ff ff ff
000164e0: ff ff ff ff ff ff 80 07 ff ff ff ff ff ff ff ff
000164f0: ff ff ff f8 00 7f ff ff ff ff ff ff ff ff ff ff
00016500: ff 80 07 ff ff ff ff ff ff ff ff ff ff ff f8 00
00016510: 7f ff ff ff ff ff ff ff ff ff ff ff 80 07 ff ff
00016520: ff ff ff ff ff ff ff ff ff f8 00 7f ff ff ff ff
00016530: ff ff ff ff ff ff ff 80 07 ff ff ff ff ff ff ff
00016540: ff ff ff ff f8 00 7f ff ff ff ff ff ff ff ff ff
00016550: ff ff 80 07 ff ff ff ff ff ff ff ff ff ff ff f8
00016560: 00 7f ff ff ff ff ff ff ff ff ff ff ff 80 07 ff
00016570: ff ff ff ff ff ff ff ff ff ff f8 00 7f ff ff ff
00016580: ff ff ff ff ff ff ff ff 80 07 ff ff ff ff ff ff
00016590: ff ff ff ff ff f8 00 7f ff ff ff ff ff ff ff ff
000165a0: ff ff ff 80 07 ff ff ff ff ff ff ff ff ff ff ff
000165b0: f8 00 7f ff ff ff ff ff ff ff ff ff ff ff 80 07
000165c0: ff ff ff ff ff ff ff ff ff ff ff f8 00 7f ff ff
000165d0: ff ff ff ff ff ff ff ff ff 80 07 ff ff ff ff ff
000165e0: ff ff ff ff ff ff f8 00 7f ff ff ff ff ff ff ff
000165f0: ff ff ff ff 80 07 ff ff ff ff ff ff ff ff ff ff
00016600: ff f8 00 7f ff ff ff ff ff ff ff ff ff ff ff 80
00016610: 07 ff ff ff ff ff ff ff ff ff ff ff f8 00 7f ff
00016620: ff ff ff ff ff ff ff ff ff ff 80 07 ff ff ff ff
00016630: ff ff ff ff ff ff ff f8 00 7f ff ff ff ff ff ff
00016640: ff ff ff ff ff 80 07 ff ff ff ff ff ff ff ff ff
00016650: ff ff f8 00 7f ff ff ff ff ff ff ff ff ff ff ff
00016660: 80 07 ff ff ff ff ff ff ff ff ff ff ff f8 00 7f
00016670: ff ff ff ff ff ff ff ff ff ff ff 80 07 ff ff ff
00016680: ff ff ff ff ff ff ff ff f8 00 7f ff ff ff ff ff
00016690: ff ff ff ff ff ff 80 07 ff ff ff ff ff ff ff ff
000166a0: ff ff ff f8 00 7f ff ff ff ff ff ff ff ff ff ff
000166b0: ff 80 07 ff ff ff ff ff ff ff ff ff ff ff f8 00
000166c0: 7f ff ff ff ff ff ff ff ff ff ff ff 80 07 ff ff
000166d0: ff ff ff ff ff ff ff ff ff f8 00 7f ff ff ff ff
000166e0: ff ff ff ff ff ff ff 80 07 ff ff ff ff ff ff ff
000166f0: ff ff ff ff f8 00 7f ff ff ff ff ff ff ff ff ff
00016700: ff ff 80 07 ff ff ff ff ff ff ff ff ff ff ff f8
00016710: 00 7f ff ff ff ff ff ff ff ff ff ff ff 80 07 ff
00016720: ff ff ff ff ff ff ff ff ff ff f8 00 7f ff ff ff
00016730: ff ff ff ff ff ff ff ff 80 07 ff ff ff ff ff ff
00016740: ff ff ff ff ff f8 00 7f ff ff ff ff ff ff ff ff
00016750: ff ff ff 80 07 ff ff ff ff ff ff ff ff ff ff ff
00016760: f8 00 7f ff ff ff ff ff ff ff ff ff ff ff 80 07
00016770: ff ff ff ff ff ff ff ff ff ff ff f8 00 7f ff ff
00016780: ff ff ff ff ff ff ff ff ff 80 07 ff ff ff ff ff
00016790: ff ff ff ff ff ff f8 00 7f ff ff ff ff ff ff ff
000167a0: ff ff ff ff 80 07 ff ff ff ff ff ff ff ff ff ff
000167b0: ff f8 00 7f ff ff ff ff ff ff ff ff ff ff ff 80
000167c0: 07 ff ff ff ff ff ff ff ff ff ff ff f8 00 7f ff
000167d0: ff ff ff ff ff ff ff ff ff ff 80 07 ff ff ff ff
000167e0: ff ff ff ff ff ff ff f8 00 7f ff ff ff ff ff ff
000167f0: ff ff ff ff ff 80 07 ff ff ff ff ff ff ff ff ff
00016800: ff ff f8 00 7f ff ff ff ff ff ff ff ff ff ff ff
00016810: 80 07 ff ff ff ff ff ff ff ff ff ff ff f8 00 7f
00016820: ff ff ff ff ff ff ff ff ff ff ff 80 07 ff ff ff
00016830: ff ff ff ff ff ff ff ff f8 00 7f ff ff ff ff ff
00016840: ff ff ff ff ff ff 80 07 ff ff ff ff ff ff ff ff
00016850: ff ff ff f8 00 7f ff ff ff ff ff ff ff ff ff ff
00016860: ff 80 07 ff ff ff ff ff ff ff ff ff ff ff f8 00
00016870: 7f ff ff ff ff ff ff ff ff ff ff ff 80 07 ff ff
00016880: ff ff ff ff ff ff ff ff ff f8 00 7f ff ff ff ff
00016890: ff ff ff ff ff ff ff 80 07 ff ff ff ff ff ff ff
000168a0: ff ff ff ff f8 00 7f ff ff ff ff ff ff ff ff ff
000168b0: ff ff 80 07 ff ff ff ff ff ff ff ff ff ff ff f8
000168c0: 00 7f ff ff ff ff ff ff ff ff ff ff ff 80 07 ff
000168d0: ff ff ff ff ff ff ff ff ff ff f8 00 7f ff ff ff
000168e0: ff ff ff ff ff ff ff ff 80 07 ff ff ff ff ff ff
000168f0: ff ff ff ff ff f8 00 7f ff ff ff ff ff ff ff ff
00016900: ff ff ff 80 07 ff ff ff ff ff ff ff ff ff ff ff
00016910: f8 00 7f ff ff ff ff ff ff ff ff ff ff ff 80 07
00016920: ff ff ff ff ff ff ff ff ff ff ff f8 00 7f ff ff
00016930: ff ff ff ff ff ff ff ff ff 80 07 ff ff ff ff ff
00016940: ff ff ff ff ff ff f8 00 7f ff ff ff ff ff ff ff
00016950: ff ff ff ff 80 07 ff ff ff ff ff ff ff ff ff ff
00016960: ff f8 00 7f ff ff ff ff ff ff ff ff ff ff ff 80
00016970: 07 ff ff ff ff ff ff ff ff ff ff ff f8 00 7f ff
00016980: ff ff ff ff ff ff ff ff ff ff 80 07 ff ff ff ff
00016990: ff ff ff ff ff ff ff f8 00 7f ff ff ff ff ff ff
000169a0: ff ff ff ff ff 80 07 ff ff ff ff ff ff ff ff ff
000169b0: ff ff f8 00 7f ff ff ff ff ff ff ff ff ff ff ff
000169c0: 80 07 ff ff ff ff ff ff ff ff ff ff ff f8 00 7f
000169d0: ff ff ff ff ff ff ff ff ff ff ff 80 07 ff ff ff
000169e0: ff ff ff ff ff ff ff ff f8 00 7f ff ff ff ff ff
000169f0: ff ff ff ff ff ff 80 07 ff ff ff ff ff ff ff ff
00016a00: ff ff ff f8 00 7f ff ff ff ff ff ff ff ff ff ff
00016a10: ff 80 07 ff ff ff ff ff ff ff ff ff ff ff f8 00
00016a20: 7f ff ff ff ff ff ff ff ff ff ff ff 80 07 ff ff
00016a30: ff ff ff ff ff ff ff ff ff f8 00 7f ff ff ff ff
00016a40: ff ff ff ff ff ff ff 80 07 ff ff ff ff ff ff ff
00016a50: ff ff ff ff f8 00 7f ff ff ff ff ff ff ff ff ff
00016a60: ff ff 80 07 ff ff ff ff ff ff ff ff ff ff ff f8
00016a70: 00 7f ff ff ff ff ff ff ff ff ff ff ff 80 07 ff
00016a80: ff ff ff ff ff ff ff ff ff ff f8 00 7f ff ff ff
00016a90: ff ff ff ff ff ff ff ff 80 07 ff ff ff ff ff ff
00016aa0: ff ff ff ff ff f8 00 7f ff ff ff ff ff ff ff ff
00016ab0: ff ff ff 80 07 ff ff ff ff ff ff ff ff ff ff ff
00016ac0: f8 00 7f ff ff ff ff ff ff ff ff ff ff ff 80 07
00016ad0: ff ff ff ff ff ff ff ff ff ff ff f8 00 7f ff ff
00016ae0: ff ff ff ff ff ff ff ff ff 80 07 ff ff ff ff ff
00016af0: ff ff ff ff ff ff f8 00 7f ff ff ff ff ff ff ff
00016b00: ff ff ff ff 80 07 ff ff ff ff ff ff ff ff ff ff
00016b10: ff f8 00 7f ff ff ff ff ff ff ff ff ff ff ff 80
00016b20: 07 ff ff ff ff ff ff ff ff ff ff ff f8 00 7f ff
00016b30: ff ff ff ff ff ff ff ff ff ff 80 07 ff ff ff ff
00016b40: ff ff ff ff ff ff ff f8 00 7f ff ff ff ff ff ff
00016b50: ff ff ff ff ff 80 07 ff ff ff ff ff ff ff ff ff
00016b60: ff ff f8 00 7f ff ff ff ff ff ff ff ff ff ff ff
00016b70: 80 07 ff ff ff ff ff ff ff ff ff ff ff f8 00 7f
00016b80: ff ff ff ff ff ff ff ff ff ff ff 80 07 ff ff ff
00016b90: ff ff ff ff ff ff ff ff f8 00 7f ff ff ff ff ff
00016ba0: ff ff ff ff ff ff 80 07 ff ff ff ff ff ff ff ff
00016bb0: ff ff ff f8 00 7f ff ff ff ff ff ff ff ff ff ff
00016bc0: ff 80 07 ff ff ff ff ff ff ff ff ff ff ff f8 00
00016bd0: 7f ff ff ff ff ff ff ff ff ff ff ff 80 07 ff ff
00016be0: ff ff ff ff ff ff ff ff ff f8 00 7f ff ff ff ff
00016bf0: ff ff ff ff ff ff ff 80 07 ff ff ff ff ff ff ff
00016c00: ff ff ff ff f8 00 7f ff ff ff ff ff ff ff ff ff
00016c10: ff ff 80 07 ff ff ff ff ff ff ff ff ff ff ff f8
00016c20: 00 7f ff ff ff ff ff ff ff ff ff ff ff 80 07 ff
00016c30: ff ff ff ff ff ff ff ff ff ff f8 00 7f ff ff ff
00016c40: ff ff ff ff ff ff ff ff 80 07 ff ff ff ff ff ff
00016c50: ff ff ff ff ff f8 00 7f ff ff ff ff ff ff ff ff
00016c60: ff ff ff 80 07 ff ff ff ff ff ff ff ff ff ff ff
00016c70: f8 00 7f ff ff ff ff ff ff ff ff ff ff ff 80 07
00016c80: ff ff ff ff ff ff ff ff ff ff ff f8 00 7f ff ff
00016c90: ff ff ff ff ff ff ff ff ff 80 07 ff ff ff ff ff
00016ca0: ff ff ff ff ff ff f8 00 7f ff ff ff ff ff ff ff
00016cb0: ff ff ff ff 80 07 ff ff ff ff ff ff ff ff ff ff
00016cc0: ff f8 00 7f ff ff ff ff ff ff ff ff ff ff ff 80
00016cd0: 07 ff ff ff ff ff ff ff ff ff ff ff f8 00 7f ff
00016ce0: ff ff ff ff ff ff ff ff ff ff 80 07 ff ff ff ff
00016cf0: ff ff ff ff ff ff ff f8 00 7f ff ff ff ff ff ff
00016d00: ff ff ff ff ff 80 07 ff ff ff ff ff ff ff ff ff
00016d10: ff ff f8 00 7f ff ff ff ff ff ff ff ff ff ff ff
00016d20: 80 07 ff ff ff ff ff ff ff ff ff ff ff f8 00 7f
00016d30: ff ff ff ff ff ff ff ff ff ff ff 80 07 ff ff ff
00016d40: ff ff ff ff ff ff ff ff f8 00 7f ff ff ff ff ff
00016d50: ff ff ff ff ff ff 80 07 ff ff ff ff ff ff ff ff
00016d60: ff ff ff f8 00 7f ff ff ff ff ff ff ff ff ff ff
00016d70: ff 80 07 ff ff ff ff ff ff ff ff ff ff ff f8 00
00016d80: 7f ff ff ff ff ff ff ff ff ff ff ff 80 07 ff ff
00016d90: ff ff ff ff ff ff ff ff ff f8 00 7f ff ff ff ff
00016da0: ff ff ff ff ff ff ff 80 07 ff ff ff ff ff ff ff
00016db0: ff ff ff ff f8 00 7f ff ff ff ff ff ff ff ff ff
00016dc0: ff ff 80 07 ff ff ff ff ff ff ff ff ff ff ff f8
00016dd0: 00 7f ff ff ff ff ff ff ff ff ff ff ff 80 07 ff
00016de0: ff ff ff ff ff ff ff ff ff ff f8 00 7f ff ff ff
00016df0: ff ff ff ff ff ff ff ff 80 07 ff ff ff ff ff ff
00016e00: ff ff ff ff ff f8 00 7f ff ff ff ff ff ff ff ff
00016e10: ff ff ff 80 07 ff ff ff ff ff ff ff ff ff ff ff
00016e20: f8 00 7f ff ff ff ff ff ff ff ff ff ff ff 80 07
00016e30: ff ff ff ff ff ff ff ff ff ff ff f8 00 7f ff ff
00016e40: ff ff ff ff ff ff ff ff ff 80 07 ff ff ff ff ff
00016e50: ff ff ff ff ff ff f8 00 7f ff ff ff ff ff ff ff
00016e60: ff ff ff ff 80 07 ff ff ff ff ff ff ff ff ff ff
00016e70: ff f8 00 7f ff ff ff ff ff ff ff ff ff ff ff 80
00016e80: 07 ff ff ff ff ff ff ff ff ff ff ff f8 00 7f ff
00016e90: ff ff ff ff ff ff ff ff ff ff 80 07 ff ff ff ff
00016ea0: ff ff ff ff ff ff ff f8 00 7f ff ff ff ff ff ff
00016eb0: ff ff ff ff ff 80 07 ff ff ff ff ff ff ff ff ff
00016ec0: ff ff f8 00 7f ff ff ff ff ff ff ff ff ff ff ff
00016ed0: 80 07 ff ff ff ff ff ff ff ff ff ff ff f8 00 7f
00016ee0: ff ff ff ff ff ff ff ff ff ff ff 80 07 ff ff ff
00016ef0: ff ff ff ff ff ff ff ff f8 00 7f ff ff ff ff ff
00016f00: ff ff ff ff ff ff 80 07 ff ff ff ff ff ff ff ff
00016f10: ff ff ff f8 00 7f ff ff ff ff ff ff ff ff ff ff
00016f20: ff 80 07 ff ff ff ff ff ff ff ff ff ff ff f8 00
00016f30: 7f ff ff ff ff ff ff ff ff ff ff ff 80 07 ff ff
00016f40: ff ff ff ff ff ff ff ff ff f8 00 7f ff ff ff ff
00016f50: ff ff ff ff ff ff ff 80 07 ff ff ff ff ff ff ff
00016f60: ff ff ff ff f8 00 7f ff ff ff ff ff ff ff ff ff
00016f70: ff ff 80 07 ff ff ff ff ff ff ff ff ff ff ff f8
00016f80: 00 7f ff ff ff ff ff ff ff ff ff ff ff 80 07 ff
00016f90: ff ff ff ff ff ff ff ff ff ff f8 00 7f ff ff ff
00016fa0: ff ff ff ff ff ff ff ff 80 07 ff ff ff ff ff ff
00016fb0: ff ff ff ff ff f8 00 7f ff ff ff ff ff ff ff ff
00016fc0: ff ff ff 80 07 ff ff ff ff ff ff ff ff ff ff ff
00016fd0: f8 00 7f ff ff ff ff ff ff ff ff ff ff ff 80 07
00016fe0: ff ff ff ff ff ff ff ff ff ff ff f8 00 7f ff ff
00016ff0: ff ff ff ff ff ff ff ff ff 80 07 ff ff ff ff ff
00017000: ff ff ff ff ff ff f8 00 7f ff ff ff ff ff ff ff
00017010: ff ff ff ff 80 07 ff ff ff ff ff ff ff ff ff ff
00017020: ff f8 00 7f ff ff ff ff ff ff ff ff ff ff ff 80
00017030: 07 ff ff ff ff ff ff ff ff ff ff ff f8 00 7f ff
00017040: ff ff ff ff ff ff ff ff ff ff 80 07 ff ff ff ff
00017050: ff ff ff ff ff ff ff f8 00 7f ff ff ff ff ff ff
00017060: ff ff ff ff ff 80 07 ff ff ff ff ff ff ff ff ff
00017070: ff ff f8 00 7f ff ff ff ff ff ff ff ff ff ff ff
00017080: 80 07 ff ff ff ff ff ff ff ff ff ff ff f8 00 7f
00017090: ff ff ff ff ff ff ff ff ff ff ff 80 07 ff ff ff
000170a0: ff ff ff ff ff ff ff ff f8 00 7f ff ff ff ff ff
000170b0: ff ff ff ff ff ff 80 07 ff ff ff ff ff ff ff ff
000170c0: ff ff ff f8 00 7f ff ff ff ff ff ff ff ff ff ff
000170d0: ff 80 07 ff ff ff ff ff ff ff ff ff ff ff f8 00
000170e0: 7f ff ff ff ff ff ff ff ff ff ff ff 80 07 ff ff
000170f0: ff ff ff ff ff ff ff ff ff f8 00 7f ff ff ff ff
00017100: ff ff ff ff ff ff ff 80 07 ff ff ff ff ff ff ff
00017110: ff ff ff ff f8 00 7f ff ff ff ff ff ff ff ff ff
00017120: ff ff 80 07 ff ff ff ff ff ff ff ff ff ff ff f8
00017130: 00 7f ff ff ff ff ff ff ff ff ff ff ff 80 07 ff
00017140: ff ff ff ff ff ff ff ff ff ff f8 00 7f ff ff ff
00017150: ff ff ff ff ff ff ff ff 80 07 ff ff ff ff ff ff
00017160: ff ff ff ff ff f8 00 7f ff ff ff ff ff ff ff ff
00017170: ff ff ff 80 07 ff ff ff ff ff ff ff ff ff ff ff
00017180: f8 00 7f ff ff ff ff ff ff ff ff ff ff ff 80 07
00017190: ff ff ff ff ff ff ff ff ff ff ff f8 00 7f ff ff
000171a0: ff ff ff ff ff ff ff ff ff 80 07 ff ff ff ff ff
000171b0: ff ff ff ff ff ff f8 00 7f ff ff ff ff ff ff ff
000171c0: ff ff ff ff 80 07 ff ff ff ff ff ff ff ff ff ff
000171d0: ff f8 00 7f ff ff ff ff ff ff ff ff ff ff ff 80
000171e0: 07 ff ff ff ff ff ff ff ff ff ff ff f8 00 7f ff
000171f0: ff ff ff ff ff ff ff ff ff ff 80 07 ff ff ff ff
00017200: ff ff ff ff ff ff ff f8 00 7f ff ff ff ff ff ff
00017210: ff ff ff ff ff 80 07 ff ff ff ff ff ff ff ff ff
00017220: ff ff f8 00 7f ff ff ff ff ff ff ff ff ff ff ff
00017230: 80 07 ff ff ff ff ff ff ff ff ff ff ff f8 00 7f
00017240: ff ff ff ff ff ff ff ff ff ff ff 80 07 ff ff ff
00017250: ff ff ff ff ff ff ff ff f8 00 7f ff ff ff ff ff
00017260: ff ff ff ff ff ff 80 07 ff ff ff ff ff ff ff ff
00017270: ff ff ff f8 00 7f ff ff ff ff ff ff ff ff ff ff
00017280: ff 80 07 ff ff ff ff ff ff ff ff ff ff ff f8 00
00017290: 7f ff ff ff ff ff ff ff ff ff ff ff 80 07 ff ff
000172a0: ff ff ff ff ff ff ff ff ff f8 00 7f ff ff ff ff
000172b0: ff ff ff ff ff ff ff 80 07 ff ff ff ff ff ff ff
000172c0: ff ff ff ff f8 00 7f ff ff ff ff ff ff ff ff ff
000172d0: ff ff 80 07 ff ff ff ff ff ff ff ff ff ff ff f8
000172e0: 00 7f ff ff ff ff ff ff ff ff ff ff ff 80 07 ff
000172f0: ff ff ff ff ff ff ff ff ff ff f8 00 7f ff ff ff
00017300: ff ff ff ff ff ff ff ff 80 07 ff ff ff ff ff ff
00017310: ff ff ff ff ff f8 00 7f ff ff ff ff ff ff ff ff
00017320: ff ff ff 80 07 ff ff ff ff ff ff ff ff ff ff ff
00017330: f8 00 7f ff ff ff ff ff ff ff ff ff ff ff 80 07
00017340: ff ff ff ff ff ff ff ff ff ff ff f8 00 7f ff ff
00017350: ff ff ff ff ff ff ff ff ff 80 07 ff ff ff ff ff
00017360: ff ff ff ff ff ff f8 00 7f ff ff ff ff ff ff ff
00017370: ff ff ff ff 80 07 ff ff ff ff ff ff ff ff ff ff
00017380: ff f8 00 7f ff ff ff ff ff ff ff ff ff ff ff 80
00017390: 07 ff ff ff ff ff ff ff ff ff ff ff f8 00 7f ff
000173a0: ff ff ff ff ff ff ff ff ff ff 80 07 ff ff ff ff
000173b0: ff ff ff ff ff ff ff f8 00 7f ff ff ff ff ff ff
000173c0: ff ff ff ff ff 80 07 ff ff ff ff ff ff ff ff ff
000173d0: ff ff f8 00 7f ff ff ff ff ff ff ff ff ff ff ff
000173e0: 80 07 ff ff ff ff ff ff ff ff ff ff ff f8 00 7f
000173f0: ff ff ff ff ff ff ff ff ff ff ff 80 07 ff ff ff
00017400: ff ff ff ff ff ff ff ff f8 00 7f ff ff ff ff ff
00017410: ff ff ff ff ff ff 80 07 ff ff ff ff ff ff ff ff
00017420: ff ff ff f8 00 7f ff ff ff ff ff ff ff ff ff ff
00017430: ff 80 07 ff ff ff ff ff ff ff ff ff ff ff f8 00
00017440: 7f ff ff ff ff ff ff ff ff ff ff ff 80 07 ff ff
00017450: ff ff ff ff ff ff ff ff ff f8 00 7f ff ff ff ff
00017460: ff ff ff ff ff ff ff 80 07 ff ff ff ff ff ff ff
00017470: ff ff ff ff f8 00 7f ff ff ff ff ff ff ff ff ff
00017480: ff ff 80 07 ff ff ff ff ff ff ff ff ff ff ff f8
00017490: 00 7f ff ff ff ff ff ff ff ff ff ff ff 80 07 ff
000174a0: ff ff ff ff ff ff ff ff ff ff f8 00 7f ff ff ff
000174b0: ff ff ff ff ff ff ff ff 80 07 ff ff ff ff ff ff
000174c0: ff ff ff ff ff f8 00 7f ff ff ff ff ff ff ff ff
000174d0: ff ff ff 80 07 ff ff ff ff ff ff ff ff ff ff ff
000174e0: f8 00 7f ff ff ff ff ff ff ff ff ff ff ff 80 07
000174f0: ff ff ff ff ff ff ff ff ff ff ff f8 00 7f ff ff
00017500: ff ff ff ff ff ff ff ff ff 80 07 ff ff ff ff ff
00017510: ff ff ff ff ff ff f8 00 7f ff ff ff ff ff ff ff
00017520: ff ff ff ff 80 07 ff ff ff ff ff ff ff ff ff ff
00017530: ff f8 00 7f ff ff ff ff ff ff ff ff ff ff ff 80
00017540: 07 ff ff ff ff ff ff ff ff ff ff ff f8 00 7f ff
00017550: ff ff ff ff ff ff ff ff ff ff 80 07 ff ff ff ff
00017560: ff ff ff ff ff ff ff f8 00 7f ff ff ff ff ff ff
00017570: ff ff ff ff ff 80 07 ff ff ff ff ff ff ff ff ff
00017580: ff ff f8 00 7f ff ff ff ff ff ff ff ff ff ff ff
00017590: 80 07 ff ff ff ff ff ff ff ff ff ff ff f8 00 7f
000175a0: ff ff ff ff ff ff ff ff ff ff ff 80 07 ff ff ff
000175b0: ff ff ff ff ff ff ff ff f8 00 7f ff ff ff ff ff
000175c0: ff ff ff ff ff ff 80 07 ff ff ff ff ff ff ff ff
000175d0: ff ff ff f8 00 7f ff ff ff ff ff ff ff ff ff ff
000175e0: ff 80 07 ff ff ff ff ff ff ff ff ff ff ff f8 00
000175f0: 7f ff ff ff ff ff ff ff ff ff ff ff 80 07 ff ff
00017600: ff ff ff ff ff ff ff ff ff f8 00 7f ff ff ff ff
00017610: ff ff ff ff ff ff ff 80 07 ff ff ff ff ff ff ff
00017620: ff ff ff ff f8 00 7f ff ff ff ff ff ff ff ff ff
00017630: ff ff 80 07 ff ff ff ff ff ff ff ff ff ff ff f8
00017640: 00 7f ff ff ff ff ff ff ff ff ff ff ff 80 07 ff
00017650: ff ff ff ff ff ff ff ff ff ff f8 00 7f ff ff ff
00017660: ff ff ff ff ff ff ff ff 80 07 ff ff ff ff ff ff
00017670: ff ff ff ff ff f8 00 7f ff ff ff ff ff ff ff ff
00017680: ff ff ff 80 07 ff ff ff ff ff ff ff ff ff ff ff
00017690: f8 00 7f ff ff ff ff ff ff ff ff ff ff ff 80 07
000176a0: ff ff ff ff ff ff ff ff ff ff ff f8 00 7f ff ff
000176b0: ff ff ff ff ff ff ff ff ff 80 07 ff ff ff ff ff
000176c0: ff ff ff ff ff ff f8 00 7f ff ff ff ff ff ff ff
000176d0: ff ff ff ff 80 07 ff ff ff ff ff ff ff ff ff ff
000176e0: ff f8 00 7f ff ff ff ff ff ff ff ff ff ff ff 80
000176f0: 07 ff ff ff ff ff ff ff ff ff ff ff f8 00 7f ff
00017700: ff ff ff ff ff ff ff ff ff ff 80 07 ff ff ff ff
00017710: ff ff ff ff ff ff ff f8 00 7f ff ff ff ff ff ff
00017720: ff ff ff ff ff 80 07 ff ff ff ff ff ff ff ff ff
00017730: ff ff f8 00 7f ff ff ff ff ff ff ff ff ff ff ff
00017740: 80 07 ff ff ff ff ff ff ff ff ff ff ff f8 00 7f
00017750: ff ff ff ff ff ff ff ff ff ff ff 80 07 ff ff ff
00017760: ff ff ff ff ff ff ff ff f8 00 7f ff ff ff ff ff
00017770: ff ff ff ff ff ff 80 07 ff ff ff ff ff ff ff ff
00017780: ff ff ff f8 00 7f ff ff ff ff ff ff ff ff ff ff
00017790: ff 80 07 ff ff ff ff ff ff ff ff ff ff ff f8 00
000177a0: 7f ff ff ff ff ff ff ff ff ff ff ff 80 07 ff ff
000177b0: ff ff ff ff ff ff ff ff ff f8 00 7f ff ff ff ff
000177c0: ff ff ff ff ff ff ff 80 07 ff ff ff ff ff ff ff
000177d0: ff ff ff ff f8 00 7f ff ff ff ff ff ff ff ff ff
000177e0: ff ff 80 07 ff ff ff ff ff ff ff ff ff ff ff f8
000177f0: 00 7f ff ff ff ff ff ff ff ff ff ff ff 80 07 ff
00017800: ff ff ff ff ff ff ff ff ff ff f8 00 7f ff ff ff
00017810: ff ff ff ff ff ff ff ff 80 07 ff ff ff ff ff ff
00017820: ff ff ff ff ff f8 00 7f ff ff ff ff ff ff ff ff
00017830: ff ff ff 80 07 ff ff ff ff ff ff ff ff ff ff ff
00017840: f8 00 7f ff ff ff ff ff ff ff ff ff ff ff 80 07
00017850: ff ff ff ff ff ff ff ff ff ff ff f8 00 7f ff ff
00017860: ff ff ff ff ff ff ff ff ff 80 07 ff ff ff ff ff
00017870: ff ff ff ff ff ff f8 00 7f ff ff ff ff ff ff ff
00017880: ff ff ff ff 80 07 ff ff ff ff ff ff ff ff ff ff
00017890: ff f8 00 7f ff ff ff ff ff ff ff ff ff ff ff 80
000178a0: 07 ff ff ff ff ff ff ff ff ff ff ff f8 00 7f ff
000178b0: ff ff ff ff ff ff ff ff ff ff 80 07 ff ff ff ff
000178c0: ff ff ff ff ff ff ff f8 00 7f ff ff ff ff ff ff
000178d0: ff ff ff ff ff 80 07 ff ff ff ff ff ff ff ff ff
000178e0: ff ff f8 00 7f ff ff ff ff ff ff ff ff ff ff ff
000178f0: 80 07 ff ff ff ff ff ff ff ff ff ff ff f8 00 7f
00017900: ff ff ff ff ff ff ff ff ff ff ff 80 07 ff ff ff
00017910: ff ff ff ff ff ff ff ff f8 00 7f ff ff ff ff ff
00017920: ff ff ff ff ff ff 80 07 ff ff ff ff ff ff ff ff
00017930: ff ff ff f8 00 7f ff ff ff ff ff ff ff ff ff ff
00017940: ff 80 07 ff ff ff ff ff ff ff ff ff ff ff f8 00
00017950: 7f ff ff ff ff ff ff ff ff ff ff ff 80 07 ff ff
00017960: ff ff ff ff ff ff ff ff ff f8 00 7f ff ff ff ff
00017970: ff ff ff ff ff ff ff 80 07 ff ff ff ff ff ff ff
00017980: ff ff ff ff f8 00 7f ff ff ff ff ff ff ff ff ff
00017990: ff ff 80 07 ff ff ff ff ff ff ff ff ff ff ff f8
000179a0: 00 7f ff ff ff ff ff ff ff ff ff ff ff 80 07 ff
000179b0: ff ff ff ff ff ff ff ff ff ff f8 00 7f ff ff ff
000179c0: ff ff ff ff ff ff ff ff 80 07 ff ff ff ff ff ff
000179d0: ff ff ff ff ff f8 00 7f ff ff ff ff ff ff ff ff
000179e0: ff ff ff 80 07 ff ff ff ff ff ff ff ff ff ff ff
000179f0: f8 00 7f ff ff ff ff ff ff ff ff ff ff ff 80 07
00017a00: ff ff ff ff ff ff ff ff ff ff ff f8 00 7f ff ff
00017a10: ff ff ff ff ff ff ff ff ff 80 07 ff ff ff ff ff
00017a20: ff ff ff ff ff ff f8 00 7f ff ff ff ff ff ff ff
00017a30: ff ff ff ff 80 07 ff ff ff ff ff ff ff ff ff ff
00017a40: ff f8 00 7f ff ff ff ff ff ff ff ff ff ff ff 80
00017a50: 07 ff ff ff ff ff ff ff ff ff ff ff f8 00 7f ff
00017a60: ff ff ff ff ff ff ff ff ff ff 80 07 ff ff ff ff
00017a70: ff ff ff ff ff ff ff f8 00 7f ff ff ff ff ff ff
00017a80: ff ff ff ff ff 80 07 ff ff ff ff ff ff ff ff ff
00017a90: ff ff f8 00 7f ff ff ff ff ff ff ff ff ff ff ff
00017aa0: 80 07 ff ff ff ff ff ff ff ff ff ff ff f8 00 7f
00017ab0: ff ff ff ff ff ff ff ff ff ff ff 80 07 ff ff ff
00017ac0: ff ff ff ff ff ff ff ff f8 00 7f ff ff ff ff ff
00017ad0: ff ff ff ff ff ff 80 07 ff ff ff ff ff ff ff ff
00017ae0: ff ff ff f8 00 7f ff ff ff ff ff ff ff ff ff ff
00017af0: ff 80 07 ff ff ff ff ff ff ff ff ff ff ff f8 00
00017b00: 7f ff ff ff ff ff ff ff ff ff ff ff 80 07 ff ff
00017b10: ff ff ff ff ff ff ff ff ff f8 00 7f ff ff ff ff
00017b20: ff ff ff ff ff ff ff 80 07 ff ff ff ff ff ff ff
00017b30: ff ff ff ff f8 00 7f ff ff ff ff ff ff ff ff ff
00017b40: ff ff 80 07 ff ff ff ff ff ff ff ff ff ff ff f8
00017b50: 00 7f ff ff ff ff ff ff ff ff ff ff ff 80 07 ff
00017b60: ff ff ff ff ff ff ff ff ff ff f8 00 7f ff ff ff
00017b70: ff ff ff ff ff ff ff ff 80 07 ff ff ff ff ff ff
00017b80: ff ff ff ff ff f8 00 7f ff ff ff ff ff ff ff ff
00017b90: ff ff ff 80 07 ff ff ff ff ff ff ff ff ff ff ff
00017ba0: f8 00 7f ff ff ff ff ff ff ff ff ff ff ff 80 07
00017bb0: ff ff ff ff ff ff ff ff ff ff ff f8 00 7f ff ff
00017bc0: ff ff ff ff ff ff ff ff ff 80 07 ff ff ff ff ff
00017bd0: ff ff ff ff ff ff f8 00 7f ff ff ff ff ff ff ff
00017be0: ff ff ff ff 80 07 ff ff ff ff ff ff ff ff ff ff
00017bf0: ff f8 00 7f ff ff ff ff ff ff ff ff ff ff ff 80
00017c00: 07 ff ff ff ff ff ff ff ff ff ff ff f8 00 7f ff
00017c10: ff ff ff ff ff ff ff ff ff ff 80 07 ff ff ff ff
00017c20: ff ff ff ff ff ff ff f8 00 7f ff ff ff ff ff ff
00017c30: ff ff ff ff ff 80 07 ff ff ff ff ff ff ff ff ff
00017c40: ff ff f8 00 7f ff ff ff ff ff ff ff ff ff ff ff
00017c50: 80 07 ff ff ff ff ff ff ff ff ff ff ff f8 00 7f
00017c60: ff ff ff ff ff ff ff ff ff ff ff 80 07 ff ff ff
00017c70: ff ff ff ff ff ff ff ff f8 00 7f ff ff ff ff ff
00017c80: ff ff ff ff ff ff 80 07 ff ff ff ff ff ff ff ff
00017c90: ff ff ff f8 00 7f ff ff ff ff ff ff ff ff ff ff
00017ca0: ff 80 07 ff ff ff ff ff ff ff ff ff ff ff f8 00
00017cb0: 7f ff ff ff ff ff ff ff ff ff ff ff 80 07 ff ff
00017cc0: ff ff ff ff ff ff ff ff ff f8 00 7f ff ff ff ff
00017cd0: ff ff ff ff ff ff ff 80 07 ff ff ff ff ff ff ff
00017ce0: ff ff ff ff f8 00 7f ff ff ff ff ff ff ff ff ff
00017cf0: ff ff 80 07 ff ff ff ff ff ff ff ff ff ff ff f8
00017d00: 00 7f ff ff ff ff ff ff ff ff ff ff ff 80 07 ff
00017d10: ff ff ff ff ff ff ff ff ff ff f8 00 7f ff ff ff
00017d20: ff ff ff ff ff ff ff ff 80 07 ff ff ff ff ff ff
00017d30: ff ff ff ff ff f8 00 7f ff ff ff ff ff ff ff ff
00017d40: ff ff ff 80 07 ff ff ff ff ff ff ff ff ff ff ff
00017d50: f8 00 7f ff ff ff ff ff ff ff ff ff ff ff 80 07
00017d60: ff ff ff ff ff ff ff ff ff ff ff f8 00 7f ff ff
00017d70: ff ff ff ff ff ff ff ff ff 80 07 ff ff ff ff ff
00017d80: ff ff ff ff ff ff f8 00 7f ff ff ff ff ff ff ff
00017d90: ff ff ff ff 80 07 ff ff ff ff ff ff ff ff ff ff
00017da0: ff f8 00 7f ff ff ff ff ff ff ff ff ff ff ff 80
00017db0: 07 ff ff ff ff ff ff ff ff ff ff ff f8 00 7f ff
00017dc0: ff ff ff ff ff ff ff ff ff ff 80 07 ff ff ff ff
00017dd0: ff ff ff ff ff ff ff f8 00 7f ff ff ff ff ff ff
00017de0: ff ff ff ff ff 80 07 ff ff ff ff ff ff ff ff ff
00017df0: ff ff f8 00 7f ff ff ff ff ff ff ff ff ff ff ff
00017e00: 80 07 ff ff ff ff ff ff ff ff ff ff ff f8 00 7f
00017e10: ff ff ff ff ff ff ff ff ff ff ff 80 07 ff ff ff
00017e20: ff ff ff ff ff ff ff ff f8 00 7f ff ff ff ff ff
00017e30: ff ff ff ff ff ff 80 07 ff ff ff ff ff ff ff ff
00017e40: ff ff ff f8 00 7f ff ff ff ff ff ff ff ff ff ff
00017e50: ff 80 07 ff ff ff ff ff ff ff ff ff ff ff f8 00
00017e60: 7f ff ff ff ff ff ff ff ff ff ff ff 80 07 ff ff
00017e70: ff ff ff ff ff ff ff ff ff f8 00 7f ff ff ff ff
00017e80: ff ff ff ff ff ff ff 80 07 ff ff ff ff ff ff ff
00017e90: ff ff ff ff f8 00 7f ff ff ff ff ff ff ff ff ff
00017ea0: ff ff 80 07 ff ff ff ff ff ff ff ff ff ff ff f8
00017eb0: 00 7f ff ff ff ff ff ff ff ff ff ff ff 80 07 ff
00017ec0: ff ff ff ff ff ff ff ff ff ff f8 00 7f ff ff ff
00017ed0: ff ff ff ff ff ff ff ff 80 07 ff ff ff ff ff ff
00017ee0: ff ff ff ff ff f8 00 7f ff ff ff ff ff ff ff ff
00017ef0: ff ff ff 80 07 ff ff ff ff ff ff ff ff ff ff ff
00017f00: f8 00 7f ff ff ff ff ff ff ff ff ff ff ff 80 07
00017f10: ff ff ff ff ff ff ff ff ff ff ff f8 00 7f ff ff
00017f20: ff ff ff ff ff ff ff ff ff 80 07 ff ff ff ff ff
00017f30: ff ff ff ff ff ff f8 00 7f ff ff ff ff ff ff ff
00017f40: ff ff ff ff 80 07 ff ff ff ff ff ff ff ff ff ff
00017f50: ff f8 00 7f ff ff ff ff ff ff ff ff ff ff ff 80
00017f60: 07 ff ff ff ff ff ff ff ff ff ff ff f8 00 7f ff
00017f70: ff ff ff ff ff ff ff ff ff ff 80 07 ff ff ff ff
00017f80: ff ff ff ff ff ff ff f8 00 7f ff ff ff ff ff ff
00017f90: ff ff ff ff ff 80 07 ff ff ff ff ff ff ff ff ff
00017fa0: ff ff f8 00 7f ff ff ff ff ff ff ff ff ff ff ff
00017fb0: 80 07 ff ff ff ff ff ff ff ff ff ff ff f8 00 7f
00017fc0: ff ff ff ff ff ff ff ff ff ff ff 80 07 ff ff ff
00017fd0: ff ff ff ff ff ff ff ff f8 00 7f ff ff ff ff ff
00017fe0: ff ff ff ff ff ff 80 07 ff ff ff ff ff ff ff ff
00017ff0: ff ff ff f8 00 7f ff ff ff ff ff ff ff ff ff ff
00018000: ff 80 07 ff ff ff ff ff ff ff ff ff ff ff f8 00
00018010: 7f ff ff ff ff ff ff ff ff ff ff ff 80 07 ff ff
00018020: ff ff ff ff ff ff ff ff ff f8 00 7f ff ff ff ff
00018030: ff ff ff ff ff ff ff 80 07 ff ff ff ff ff ff ff
00018040: ff ff ff ff f8 00 7f ff ff ff ff ff ff ff ff ff
00018050: ff ff 80 07 ff ff ff ff ff ff ff ff ff ff ff f8
00018060: 00 7f ff ff ff ff ff ff ff ff ff ff ff 80 07 ff
00018070: ff ff ff ff ff ff ff ff ff ff f8 00 7f ff ff ff
00018080: ff ff ff ff ff ff ff ff 80 07 ff ff ff ff ff ff
00018090: ff ff ff ff ff f8 00 7f ff ff ff ff ff ff ff ff
000180a0: ff ff ff 80 07 ff ff ff ff ff ff ff ff ff ff ff
000180b0: f8 00 7f ff ff ff ff ff ff ff ff ff ff ff 80 07
000180c0: ff ff ff ff ff ff ff ff ff ff ff f8 00 7f ff ff
000180d0: ff ff ff ff ff ff ff ff ff 80 07 ff ff ff ff ff
000180e0: ff ff ff ff ff ff f8 00 7f ff ff ff ff ff ff ff
000180f0: ff ff ff ff 80 07 ff ff ff ff ff ff ff ff ff ff
00018100: ff f8 00 7f ff ff ff ff ff ff ff ff ff ff ff 80
00018110: 07 ff ff ff ff ff ff ff ff ff ff ff f8 00 7f ff
00018120: ff ff ff ff ff ff ff ff ff ff 80 07 ff ff ff ff
00018130: ff ff ff ff ff ff ff f8 00 7f ff ff ff ff ff ff
00018140: ff ff ff ff ff 80 07 ff ff ff ff ff ff ff ff ff
00018150: ff ff f8 00 7f ff ff ff ff ff ff ff ff ff ff ff
00018160: 80 07 ff ff ff ff ff ff ff ff ff ff ff f8 00 7f
00018170: ff ff ff ff ff ff ff ff ff ff ff 80 07 ff ff ff
00018180: ff ff ff ff ff ff ff ff f8 00 7f ff ff ff ff ff
00018190: ff ff ff ff ff ff 80 07 ff ff ff ff ff ff ff ff
000181a0: ff ff ff f8 00 7f ff ff ff ff ff ff ff ff ff ff
000181b0: ff 80 07 ff ff ff ff ff ff ff ff ff ff ff f8 00
000181c0: 7f ff ff ff ff ff ff ff ff ff ff ff 80 07 ff ff
000181d0: ff ff ff ff ff ff ff ff ff f8 00 7f ff ff ff ff
000181e0: ff ff ff ff ff ff ff 80 07 ff ff ff ff ff ff ff
000181f0: ff ff ff ff f8 00 7f ff ff ff ff ff ff ff ff ff
00018200: ff ff 80 07 ff ff ff ff ff ff ff ff ff ff ff f8
00018210: 00 7f ff ff ff ff ff ff ff ff ff ff ff 80 07 ff
00018220: ff ff ff ff ff ff ff ff ff ff f8 00 7f ff ff ff
00018230: ff ff ff ff ff ff ff ff 80 07 ff ff ff ff ff ff
00018240: ff ff ff ff ff f8 00 7f ff ff ff ff ff ff ff ff
00018250: ff ff ff 80 07 ff ff ff ff ff ff ff ff ff ff ff
00018260: f8 00 7f ff ff ff ff ff ff ff ff ff ff ff 80 07
00018270: ff ff ff ff ff ff ff ff ff ff ff f8 00 7f ff ff
00018280: ff ff ff ff ff ff ff ff ff 80 07 ff ff ff ff ff
00018290: ff ff ff ff ff ff f8 00 7f ff ff ff ff ff ff ff
000182a0: ff ff ff ff 80 07 ff ff ff ff ff ff ff ff ff ff
000182b0: ff f8 00 7f ff ff ff ff ff ff ff ff ff ff ff 80
000182c0: 07 ff ff ff ff ff ff ff ff ff ff ff f8 00 7f ff
000182d0: ff ff ff ff ff ff ff ff ff ff 80 07 ff ff ff ff
000182e0: ff ff ff ff ff ff ff f8 00 7f ff ff ff ff ff ff
000182f0: ff ff ff ff ff 80 07 ff ff ff ff ff ff ff ff ff
00018300: ff ff f8 00 7f ff ff ff ff ff ff ff ff ff ff ff
00018310: 80 07 ff ff ff ff ff ff ff ff ff ff ff f8 00 7f
00018320: ff ff ff ff ff ff ff ff ff ff ff 80 07 ff ff ff
00018330: ff ff ff ff ff ff ff ff f8 00 7f ff ff ff ff ff
00018340: ff ff ff ff ff ff 80 07 ff ff ff ff ff ff ff ff
00018350: ff ff ff f8 00 7f ff ff ff ff ff ff ff ff ff ff
00018360: ff 80 07 ff ff ff ff ff ff ff ff ff ff ff f8 00
00018370: 7f ff ff ff ff ff ff ff ff ff ff ff 80 07 ff ff
00018380: ff ff ff ff ff ff ff ff ff f8 00 7f ff ff ff ff
00018390: ff ff ff ff ff ff ff 80 07 ff ff ff ff ff ff ff
000183a0: ff ff ff ff f8 00 7f ff ff ff ff ff ff ff ff ff
000183b0: ff ff 80 07 ff ff ff ff ff ff ff ff ff ff ff f8
000183c0: 00 7f ff ff ff ff ff ff ff ff ff ff ff 80 07 ff
000183d0: ff ff ff ff ff ff ff ff ff ff f8 00 7f ff ff ff
000183e0: ff ff ff ff ff ff ff ff 80 07 ff ff ff ff ff ff
000183f0: ff ff ff ff ff f8 00 7f ff ff ff ff ff ff ff ff
00018400: ff ff ff 80 07 ff ff ff ff ff ff ff ff ff ff ff
00018410: f8 00 7f ff ff ff ff ff ff ff ff ff ff ff 80 07
00018420: ff ff ff ff ff ff ff ff ff ff ff f8 00 7f ff ff
00018430: ff ff ff ff ff ff ff ff ff 80 07 ff ff ff ff ff
00018440: ff ff ff ff ff ff f8 00 7f ff ff ff ff ff ff ff
00018450: ff ff ff ff 80 07 ff ff ff ff ff ff ff ff ff ff
00018460: ff f8 00 7f ff ff ff ff ff ff ff ff ff ff ff 80
00018470: 07 ff ff ff ff ff ff ff ff ff ff ff f8 00 7f ff
00018480: ff ff ff ff ff ff ff ff ff ff 80 07 ff ff ff ff
00018490: ff ff ff ff ff ff ff f8 00 7f ff ff ff ff ff ff
000184a0: ff ff ff ff ff 80 07 ff ff ff ff ff ff ff ff ff
000184b0: ff ff f8 00 7f ff ff ff ff ff ff ff ff ff ff ff
000184c0: 80 07 ff ff ff ff ff ff ff ff ff ff ff f8 00 7f
000184d0: ff ff ff ff ff ff ff ff ff ff ff 80 07 ff ff ff
000184e0: ff ff ff ff ff ff ff ff f8 00 7f ff ff ff ff ff
000184f0: ff ff ff ff ff ff 80 07 ff ff ff ff ff ff ff ff
00018500: ff ff ff f8 00 7f ff ff ff ff ff ff ff ff ff ff
00018510: ff 80 07 ff ff ff ff ff ff ff ff ff ff ff f8 00
00018520: 7f ff ff ff ff ff ff ff ff ff ff ff 80 07 ff ff
00018530: ff ff ff ff ff ff ff ff ff f8 00 7f ff ff ff ff
00018540: ff ff ff ff ff ff ff 80 07 ff ff ff ff ff ff ff
00018550: ff ff ff ff f8 00 7f ff ff ff ff ff ff ff ff ff
00018560: ff ff 80 07 ff ff ff ff ff ff ff ff ff ff ff f8
00018570: 00 7f ff ff ff ff ff ff ff ff ff ff ff 80 07 ff
00018580: ff ff ff ff ff ff ff ff ff ff f8 00 7f ff ff ff
00018590: ff ff ff ff ff ff ff ff 80 07 ff ff ff ff ff ff
000185a0: ff ff ff ff ff f8 00 7f ff ff ff ff ff ff ff ff
000185b0: ff ff ff 80 07 ff ff ff ff ff ff ff ff ff ff ff
000185c0: f8 00 7f ff ff ff ff ff ff ff ff ff ff ff 80 07
000185d0: ff ff ff ff ff ff ff ff ff ff ff f8 00 7f ff ff
000185e0: ff ff ff ff ff ff ff ff ff 80 07 ff ff ff ff ff
000185f0: ff ff ff ff ff ff f8 00 7f ff ff ff ff ff ff ff
00018600: ff ff ff ff 80 07 ff ff ff ff ff ff ff ff ff ff
00018610: ff f8 00 7f ff ff ff ff ff ff ff ff ff ff ff 80
00018620: 07 ff ff ff ff ff ff ff ff ff ff ff f8 00 7f ff
00018630: ff ff ff ff ff ff ff ff ff ff 80 07 ff ff ff ff
00018640: ff ff ff ff ff ff ff f8 00 7f ff ff ff ff ff ff
00018650: ff ff ff ff ff 80 07 ff ff ff ff ff ff ff ff ff
00018660: ff ff f8 00 7f ff ff ff ff ff ff ff ff ff ff ff
00018670: 80 07 ff ff ff ff ff ff ff ff ff ff ff f8 00 7f
00018680: ff ff ff ff ff ff ff ff ff ff ff 80 07 ff ff ff
00018690: ff ff ff ff ff ff ff ff f8 00 7f ff ff ff ff ff
000186a0: ff ff ff ff ff ff 80 07 ff ff ff ff ff ff ff ff
000186b0: ff ff ff f8 00 7f ff ff ff ff ff ff ff ff ff ff
000186c0: ff 80 07 ff ff ff ff ff ff ff ff ff ff ff f8 00
000186d0: 7f ff ff ff ff ff ff ff ff ff ff ff 80 07 ff ff
000186e0: ff ff ff ff ff ff ff ff ff f8 00 7f ff ff ff ff
000186f0: ff ff ff ff ff ff ff 80 07 ff ff ff ff ff ff ff
00018700: ff ff ff ff f8 00 7f ff ff ff ff ff ff ff ff ff
00018710: ff ff 80 07 ff ff ff ff ff ff ff ff ff ff ff f8
00018720: 00 7f ff ff ff ff ff ff ff ff ff ff ff 80 07 ff
00018730: ff ff ff ff ff ff ff ff ff ff f8 00 7f ff ff ff
00018740: ff ff ff ff ff ff ff ff 80 07 ff ff ff ff ff ff
00018750: ff ff ff ff ff f8 00 7f ff ff ff ff ff ff ff ff
00018760: ff ff ff 80 07 ff ff ff ff ff ff ff ff ff ff ff
00018770: f8 00 7f ff ff ff ff ff ff ff ff ff ff ff 80 07
00018780: ff ff ff ff ff ff ff ff ff ff ff f8 00 7f ff ff
00018790: ff ff ff ff ff ff ff ff ff 80 07 ff ff ff ff ff
000187a0: ff ff ff ff ff ff f8 00 7f ff ff ff ff ff ff ff
000187b0: ff ff ff ff 80 07 ff ff ff ff ff ff ff ff ff ff
000187c0: ff f8 00 7f ff ff ff ff ff ff ff ff ff ff ff 80
000187d0: 07 ff ff ff ff ff ff ff ff ff ff ff f8 00 7f ff
000187e0: ff ff ff ff ff ff ff ff ff ff 80 07 ff ff ff ff
000187f0: ff ff ff ff ff ff ff f8 00 7f ff ff ff ff ff ff
00018800: ff ff ff ff ff 80 07 ff ff ff ff ff ff ff ff ff
00018810: ff ff f8 00 7f ff ff ff ff ff ff ff ff ff ff ff
00018820: 80 07 ff ff ff ff ff ff ff ff ff ff ff f8 00 7f
00018830: ff ff ff ff ff ff ff ff ff ff ff 80 07 ff ff ff
00018840: ff ff ff ff ff ff ff ff f8 00 7f ff ff ff ff ff
00018850: ff ff ff ff ff ff 80 07 ff ff ff ff ff ff ff ff
00018860: ff ff ff f8 00 7f ff ff ff ff ff ff ff ff ff ff
00018870: ff 80 07 ff ff ff ff ff ff ff ff ff ff ff f8 00
00018880: 7f ff ff ff ff ff ff ff ff ff ff ff 80 07 ff ff
00018890: ff ff ff ff ff ff ff ff ff f8 00 7f ff ff ff ff
000188a0: ff ff ff ff ff ff ff 80 07 ff ff ff ff ff ff ff
000188b0: ff ff ff ff f8 00 7f ff ff ff ff ff ff ff ff ff
000188c0: ff ff 80 07 ff ff ff ff ff ff ff ff ff ff ff f8
000188d0: 00 7f ff ff ff ff ff ff ff ff ff ff ff 80 07 ff
000188e0: ff ff ff ff ff ff ff ff ff ff f8 00 7f ff ff ff
000188f0: ff ff ff ff ff ff ff ff 80 07 ff ff ff ff ff ff
00018900: ff ff ff ff ff f8 00 7f ff ff ff ff ff ff ff ff
00018910: ff ff ff 80 07 ff ff ff ff ff ff ff ff ff ff ff
00018920: f8 00 7f ff ff ff ff ff ff ff ff ff ff ff 80 07
00018930: ff ff ff ff ff ff ff ff ff ff ff f8 00 7f ff ff
00018940: ff ff ff ff ff ff ff ff ff 80 07 ff ff ff ff ff
00018950: ff ff ff ff ff ff f8 00 7f ff ff ff ff ff ff ff
00018960: ff ff ff ff 80 07 ff ff ff ff ff ff ff ff ff ff
00018970: ff f8 00 7f ff ff ff ff ff ff ff ff ff ff ff 80
00018980: 07 ff ff ff ff ff ff ff ff ff ff ff f8 00 7f ff
00018990: ff ff ff ff ff ff ff ff ff ff 80 07 ff ff ff ff
000189a0: ff ff ff ff ff ff ff f8 00 7f ff ff ff ff ff ff
000189b0: ff ff ff ff ff 80 07 ff ff ff ff ff ff ff ff ff
000189c0: ff ff f8 00 7f ff ff ff ff ff ff ff ff ff ff ff
000189d0: 80 07 ff ff ff ff ff ff ff ff ff ff ff f8 00 7f
000189e0: ff ff ff ff ff ff ff ff ff ff ff 80 07 ff ff ff
000189f0: ff ff ff ff ff ff ff ff f8 00 7f ff ff ff ff ff
00018a00: ff ff ff ff ff ff 80 07 ff ff ff ff ff ff ff ff
00018a10: ff ff ff f8 00 7f ff ff ff ff ff ff ff ff ff ff
00018a20: ff 80 07 ff ff ff ff ff ff ff ff ff ff ff f8 00
00018a30: 7f ff ff ff ff ff ff ff ff ff ff ff 80 07 ff ff
00018a40: ff ff ff ff ff ff ff ff ff f8 00 7f ff ff ff ff
00018a50: ff ff ff ff ff ff ff 80 07 ff ff ff ff ff ff ff
00018a60: ff ff ff ff f8 00 7f ff ff ff ff ff ff ff ff ff
00018a70: ff ff 80 07 ff ff ff ff ff ff ff ff ff ff ff f8
00018a80: 00 7f ff ff ff ff ff ff ff ff ff ff ff 80 07 ff
00018a90: ff ff ff ff ff ff ff ff ff ff f8 00 7f ff ff ff
00018aa0: ff ff ff ff ff ff ff ff 80 07 ff ff ff ff ff ff
00018ab0: ff ff ff ff ff f8 00 7f ff ff ff ff ff ff ff ff
00018ac0: ff ff ff 80 07 ff ff ff ff ff ff ff ff ff ff ff
00018ad0: f8 00 7f ff ff ff ff ff ff ff ff ff ff ff 80 07
00018ae0: ff ff ff ff ff ff ff ff ff ff ff f8 00 7f ff ff
00018af0: ff ff ff ff ff ff ff ff ff 80 07 ff ff ff ff ff
00018b00: ff ff ff ff ff ff f8 00 7f ff ff ff ff ff ff ff
00018b10: ff ff ff ff 80 07 ff ff ff ff ff ff ff ff ff ff
00018b20: ff f8 00 7f ff ff ff ff ff ff ff ff ff ff ff 80
00018b30: 07 ff ff ff ff ff ff ff ff ff ff ff f8 00 7f ff
00018b40: ff ff ff ff ff ff ff ff ff ff 80 07 ff ff ff ff
00018b50: ff ff ff ff ff ff ff f8 00 7f ff ff ff ff ff ff
00018b60: ff ff ff ff ff 80 07 ff ff ff ff ff ff ff ff ff
00018b70: ff ff f8 00 7f ff ff ff ff ff ff ff ff ff ff ff
00018b80: 80 07 ff ff ff ff ff ff ff ff ff ff ff f8 00 7f
00018b90: ff ff ff ff ff ff ff ff ff ff ff 80 07 ff ff ff
00018ba0: ff ff ff ff ff ff ff ff f8 00 7f ff ff ff ff ff
00018bb0: ff ff ff ff ff ff 80 07 ff ff ff ff ff ff ff ff
00018bc0: ff ff ff f8 00 7f ff ff ff ff ff ff ff ff ff ff
00018bd0: ff 80 07 ff ff ff ff ff ff ff ff ff ff ff f8 00
00018be0: 7f ff ff ff ff ff ff ff ff ff ff ff 80 07 ff ff
00018bf0: ff ff ff ff ff ff ff ff ff f8 00 7f ff ff ff ff
00018c00: ff ff ff ff ff ff ff 80 07 ff ff ff ff ff ff ff
00018c10: ff ff ff ff f8 00 7f ff ff ff ff ff ff ff ff ff
00018c20: ff ff 80 07 ff ff ff ff ff ff ff ff ff ff ff f8
00018c30: 00 7f ff ff ff ff ff ff ff ff ff ff ff 80 07 ff
00018c40: ff ff ff ff ff ff ff ff ff ff f8 00 7f ff ff ff
00018c50: ff ff ff ff ff ff ff ff 80 07 ff ff ff ff ff ff
00018c60: ff ff ff ff ff f8 00 7f ff ff ff ff ff ff ff ff
00018c70: ff ff ff 80 07 ff ff ff ff ff ff ff ff ff ff ff
00018c80: f8 00 7f ff ff ff ff ff ff ff ff ff ff ff 80 07
00018c90: ff ff ff ff ff ff ff ff ff ff ff f8 00 7f ff ff
00018ca0: ff ff ff ff ff ff ff ff ff 80 07 ff ff ff ff ff
00018cb0: ff ff ff ff ff ff f8 00 7f ff ff ff ff ff ff ff
00018cc0: ff ff ff ff 80 07 ff ff ff ff ff ff ff ff ff ff
00018cd0: ff f8 00 7f ff ff ff ff ff ff ff ff ff ff ff 80
00018ce0: 07 ff ff ff ff ff ff ff ff ff ff ff f8 00 7f ff
00018cf0: ff ff ff ff ff ff ff ff ff ff 80 07 ff ff ff ff
00018d00: ff ff ff ff ff ff ff f8 00 7f ff ff ff ff ff ff
00018d10: ff ff ff ff ff 80 07 ff ff ff ff ff ff ff ff ff
00018d20: ff ff f8 00 7f ff ff ff ff ff ff ff ff ff ff ff
00018d30: 80 07 ff ff ff ff ff ff ff ff ff ff ff f8 00 7f
00018d40: ff ff ff ff ff ff ff ff ff ff ff 80 07 ff ff ff
00018d50: ff ff ff ff ff ff ff ff f8 00 7f ff ff ff ff ff
00018d60: ff ff ff ff ff ff 80 07 ff ff ff ff ff ff ff ff
00018d70: ff ff ff f8 00 7f ff ff ff ff ff ff ff ff ff ff
00018d80: ff 80 07 ff ff ff ff ff ff ff ff ff ff ff f8 00
00018d90: 7f ff ff ff ff ff ff ff ff ff ff ff 80 07 ff ff
00018da0: ff ff ff ff ff ff ff ff ff f8 00 7f ff ff ff ff
00018db0: ff ff ff ff ff ff ff 80 07 ff ff ff ff ff ff ff
00018dc0: ff ff ff ff f8 00 7f ff ff ff ff ff ff ff ff ff
00018dd0: ff ff 80 07 ff ff ff ff ff ff ff ff ff ff ff f8
00018de0: 00 7f ff ff ff ff ff ff ff ff ff ff ff 80 07 ff
00018df0: ff ff ff ff ff ff ff ff ff ff f8 00 7f ff ff ff
00018e00: ff ff ff ff ff ff ff ff 80 07 ff ff ff ff ff ff
00018e10: ff ff ff ff ff f8 00 7f ff ff ff ff ff ff ff ff
00018e20: ff ff ff 80 07 ff ff ff ff ff ff ff ff ff ff ff
00018e30: f8 00 7f ff ff ff ff ff ff ff ff ff ff ff 80 07
00018e40: ff ff ff ff ff ff ff ff ff ff ff f8 00 7f ff ff
00018e50: ff ff ff ff ff ff ff ff ff 80 07 ff ff ff ff ff
00018e60: ff ff ff ff ff ff f8 00 7f ff ff ff ff ff ff ff
00018e70: ff ff ff ff 80 07 ff ff ff ff ff ff ff ff ff ff
00018e80: ff f8 00 7f ff ff ff ff ff ff ff ff ff ff ff 80
00018e90: 07 ff ff ff ff ff ff ff ff ff ff ff f8 00 7f ff
00018ea0: ff ff ff ff ff ff ff ff ff ff 80 07 ff ff ff ff
00018eb0: ff ff ff ff ff ff ff f8 00 7f ff ff ff ff ff ff
00018ec0: ff ff ff ff ff 80 07 ff ff ff ff ff ff ff ff ff
00018ed0: ff ff f8 00 7f ff ff ff ff ff ff ff ff ff ff ff
00018ee0: 80 07 ff ff ff ff ff ff ff ff ff ff ff f8 00 7f
00018ef0: ff ff ff ff ff ff ff ff ff ff ff 80 07 ff ff ff
00018f00: ff ff ff ff ff ff ff ff f8 00 7f ff ff ff ff ff
00018f10: ff ff ff ff ff ff 80 07 ff ff ff ff ff ff ff ff
00018f20: ff ff ff f8 00 7f ff ff ff ff ff ff ff ff ff ff
00018f30: ff 80 07 ff ff ff ff ff ff ff ff ff ff ff f8 00
00018f40: 7f ff ff ff ff ff ff ff ff ff ff ff 80 07 ff ff
00018f50: ff ff ff ff ff ff ff ff ff f8 00 7f ff ff ff ff
00018f60: ff ff ff ff ff ff ff 80 07 ff ff ff ff ff ff ff
00018f70: ff ff ff ff f8 00 7f ff ff ff ff ff ff ff ff ff
00018f80: ff ff 80 07 ff ff ff ff ff ff ff ff ff ff ff f8
00018f90: 00 7f ff ff ff ff ff ff ff ff ff ff ff 80 07 ff
00018fa0: ff ff ff ff ff ff ff ff ff ff f8 00 7f ff ff ff
00018fb0: ff ff ff ff ff ff ff ff 80 07 ff ff ff ff ff ff
00018fc0: ff ff ff ff ff f8 00 7f ff ff ff ff ff ff ff ff
00018fd0: ff ff ff 80 07 ff ff ff ff ff ff ff ff ff ff ff
00018fe0: f8 00 7f ff ff ff ff ff ff ff ff ff ff ff 80 07
00018ff0: ff ff ff ff ff ff ff ff ff ff ff f8 00 7f ff ff
00019000: ff ff ff ff ff ff ff ff ff 80 07 ff ff ff ff ff
00019010: ff ff ff ff ff ff f8 00 7f ff ff ff ff ff ff ff
00019020: ff ff ff ff 80 07 ff ff ff ff ff ff ff ff ff ff
00019030: ff f8 00 7f ff ff ff ff ff ff ff ff ff ff ff 80
00019040: 07 ff ff ff ff ff ff ff ff ff ff ff f8 00 7f ff
00019050: ff ff ff ff ff ff ff ff ff ff 80 07 ff ff ff ff
00019060: ff ff ff ff ff ff ff f8 00 7f ff ff ff ff ff ff
00019070: ff ff ff ff ff 80 07 ff ff ff ff ff ff ff ff ff
00019080: ff ff f8 00 7f ff ff ff ff ff ff ff ff ff ff ff
00019090: 80 07 ff ff ff ff ff ff ff ff ff ff ff f8 00 7f
000190a0: ff ff ff ff ff ff ff ff ff ff ff 80 07 ff ff ff
000190b0: ff ff ff ff ff ff ff ff f8 00 7f ff ff ff ff ff
000190c0: ff ff ff ff ff ff 80 07 ff ff ff ff ff ff ff ff
000190d0: ff ff ff f8 00 7f ff ff ff ff ff ff ff ff ff ff
000190e0: ff 80 07 ff ff ff ff ff ff ff ff ff ff ff f8 00
000190f0: 7f ff ff ff ff ff ff ff ff ff ff ff 80 07 ff ff
00019100: ff ff ff ff ff ff ff ff ff f8 00 7f ff ff ff ff
00019110: ff ff ff ff ff ff ff 80 07 ff ff ff ff ff ff ff
00019120: ff ff ff ff f8 00 7f ff ff ff ff ff ff ff ff ff
00019130: ff ff 80 07 ff ff ff ff ff ff ff ff ff ff ff f8
00019140: 00 7f ff ff ff ff ff ff ff ff ff ff ff 80 07 ff
00019150: ff ff ff ff ff ff ff ff ff ff f8 00 7f ff ff ff
00019160: ff ff ff ff ff ff ff ff 80 07 ff ff ff ff ff ff
00019170: ff ff ff ff ff f8 00 7f ff ff ff ff ff ff ff ff
00019180: ff ff ff 80 07 ff ff ff ff ff ff ff ff ff ff ff
00019190: f8 00 7f ff ff ff ff ff ff ff ff ff ff ff 80 07
000191a0: ff ff ff ff ff ff ff ff ff ff ff f8 00 7f ff ff
000191b0: ff ff ff ff ff ff ff ff ff 80 07 ff ff ff ff ff
000191c0: ff ff ff ff ff ff f8 00 7f ff ff ff ff ff ff ff
000191d0: ff ff ff ff 80 07 ff ff ff ff ff ff ff ff ff ff
000191e0: ff f8 00 7f ff ff ff ff ff ff ff ff ff ff ff 80
000191f0: 07 ff ff ff ff ff ff ff ff ff ff ff f8 00 7f ff
00019200: ff ff ff ff ff ff ff ff ff ff 80 07 ff ff ff ff
00019210: ff ff ff ff ff ff ff f8 00 7f ff ff ff ff ff ff
00019220: ff ff ff ff ff 80 07 ff ff ff ff ff ff ff ff ff
00019230: ff ff f8 00 7f ff ff ff ff ff ff ff ff ff ff ff
00019240: 80 07 ff ff ff ff ff ff ff ff ff ff ff f8 00 7f
00019250: ff ff ff ff ff ff ff ff ff ff ff 80 07 ff ff ff
00019260: ff ff ff ff ff ff ff ff f8 00 7f ff ff ff ff ff
00019270: ff ff ff ff ff ff 80 07 ff ff ff ff ff ff ff ff
00019280: ff ff ff f8 00 7f ff ff ff ff ff ff ff ff ff ff
00019290: ff 80 07 ff ff ff ff ff ff ff ff ff ff ff f8 00
000192a0: 7f ff ff ff ff ff ff ff ff ff ff ff 80 07 ff ff
000192b0: ff ff ff ff ff ff ff ff ff f8 00 7f ff ff ff ff
000192c0: ff ff ff ff ff ff ff 80 07 ff ff ff ff ff ff ff
000192d0: ff ff ff ff f8 00 7f ff ff ff ff ff ff ff ff ff
000192e0: ff ff 80 07 ff ff ff ff ff ff ff ff ff ff ff f8
000192f0: 00 7f ff ff ff ff ff ff ff ff ff ff ff 80 07 ff
00019300: ff ff ff ff ff ff ff ff ff ff f8 00 7f ff ff ff
00019310: ff ff ff ff ff ff ff ff 80 07 ff ff ff ff ff ff
00019320: ff ff ff ff ff f8 00 7f ff ff ff ff ff ff ff ff
00019330: ff ff ff 80 07 ff ff ff ff ff ff ff ff ff ff ff
00019340: f8 00 7f ff ff ff ff ff ff ff ff ff ff ff 80 07
00019350: ff ff ff ff ff ff ff ff ff ff ff f8 00 7f ff ff
00019360: ff ff ff ff ff ff ff ff ff 80 07 ff ff ff ff ff
00019370: ff ff ff ff ff ff f8 00 7f ff ff ff ff ff ff ff
00019380: ff ff ff ff 80 07 ff ff ff ff ff ff ff ff ff ff
00019390: ff f8 00 7f ff ff ff ff ff ff ff ff ff ff ff 80
000193a0: 07 ff ff ff ff ff ff ff ff ff ff ff f8 00 7f ff
000193b0: ff ff ff ff ff ff ff ff ff ff 80 07 ff ff ff ff
000193c0: ff ff ff ff ff ff ff f8 00 7f ff ff ff ff ff ff
000193d0: ff ff ff ff ff 80 07 ff ff ff ff ff ff ff ff ff
000193e0: ff ff f8 00 7f ff ff ff ff ff ff ff ff ff ff ff
000193f0: 80 07 ff ff ff ff ff ff ff ff ff ff ff f8 00 7f
00019400: ff ff ff ff ff ff ff ff ff ff ff 80 07 ff ff ff
00019410: ff ff ff ff ff ff ff ff f8 00 7f ff ff ff ff ff
00019420: ff ff ff ff ff ff 80 07 ff ff ff ff ff ff ff ff
00019430: ff ff ff f8 00 7f ff ff ff ff ff ff ff ff ff ff
00019440: ff 80 07 ff ff ff ff ff ff ff ff ff ff ff f8 00
00019450: 7f ff ff ff ff ff ff ff ff ff ff ff 80 07 ff ff
00019460: ff ff ff ff ff ff ff ff ff f8 00 7f ff ff ff ff
00019470: ff ff ff ff ff ff ff 80 07 ff ff ff ff ff ff ff
00019480: ff ff ff ff f8 00 7f ff ff ff ff ff ff ff ff ff
00019490: ff ff 80 07 ff ff ff ff ff ff ff ff ff ff ff f8
000194a0: 00 7f ff ff ff ff ff ff ff ff ff ff ff 80 07 ff
000194b0: ff ff ff ff ff ff ff ff ff ff f8 00 7f ff ff ff
000194c0: ff ff ff ff ff ff ff ff 80 07 ff ff ff ff ff ff
000194d0: ff ff ff ff ff f8 00 7f ff ff ff ff ff ff ff ff
000194e0: ff ff ff 80 07 ff ff ff ff ff ff ff ff ff ff ff
000194f0: f8 00 7f ff ff ff ff ff ff ff ff ff ff ff 80 07
00019500: ff ff ff ff ff ff ff ff ff ff ff f8 00 7f ff ff
00019510: ff ff ff ff ff ff ff ff ff 80 07 ff ff ff ff ff
00019520: ff ff ff ff ff ff f8 00 7f ff ff ff ff ff ff ff
00019530: ff ff ff ff 80 07 ff ff ff ff ff ff ff ff ff ff
00019540: ff f8 00 7f ff ff ff ff ff ff ff ff ff ff ff 80
00019550: 07 ff ff ff ff ff ff ff ff ff ff ff f8 00 7f ff
00019560: ff ff ff ff ff ff ff ff ff ff 80 07 ff ff ff ff
00019570: ff ff ff ff ff ff ff f8 00 7f ff ff ff ff ff ff
00019580: ff ff ff ff ff 80 07 ff ff ff ff ff ff ff ff ff
00019590: ff ff f8 00 7f ff ff ff ff ff ff ff ff ff ff ff
000195a0: 80 07 ff ff ff ff ff ff ff ff ff ff ff f8 00 7f
000195b0: ff ff ff ff ff ff ff ff ff ff ff 80 07 ff ff ff
000195c0: ff ff ff ff ff ff ff ff f8 00 7f ff ff ff ff ff
000195d0: ff ff ff ff ff ff 80 07 ff ff ff ff ff ff ff ff
000195e0: ff ff ff f8 00 7f ff ff ff ff ff ff ff ff ff ff
000195f0: ff 80 07 ff ff ff ff ff ff ff ff ff ff ff f8 00
00019600: 7f ff ff ff ff ff ff ff ff ff ff ff 80 07 ff ff
00019610: ff ff ff ff ff ff ff ff ff f8 00 7f ff ff ff ff
00019620: ff ff ff ff ff ff ff 80 07 ff ff ff ff ff ff ff
00019630: ff ff ff ff f8 00 7f ff ff ff ff ff ff ff ff ff
00019640: ff ff 80 07 ff ff ff ff ff ff ff ff ff ff ff f8
00019650: 00 7f ff ff ff ff ff ff ff ff ff ff ff 80 07 ff
00019660: ff ff ff ff ff ff ff ff ff ff f8 00 7f ff ff ff
00019670: ff ff ff ff ff ff ff ff 80 07 ff ff ff ff ff ff
00019680: ff ff ff ff ff f8 00 7f ff ff ff ff ff ff ff ff
00019690: ff ff ff 80 07 ff ff ff ff ff ff ff ff ff ff ff
000196a0: f8 00 7f ff ff ff ff ff ff ff ff ff ff ff 80 07
000196b0: ff ff ff ff ff ff ff ff ff ff ff f8 00 7f ff ff
000196c0: ff ff ff ff ff ff ff ff ff 80 07 ff ff ff ff ff
000196d0: ff ff ff ff ff ff f8 00 7f ff ff ff ff ff ff ff
000196e0: ff ff ff ff 80 07 ff ff ff ff ff ff ff ff ff ff
000196f0: ff f8 00 7f ff ff ff ff ff ff ff ff ff ff ff 80
00019700: 07 ff ff ff ff ff ff ff ff ff ff ff f8 00 7f ff
00019710: ff ff ff ff ff ff ff ff ff ff 80 07 ff ff ff ff
00019720: ff ff ff ff ff ff ff f8 00 7f ff ff ff ff ff ff
00019730: ff ff ff ff ff 80 07 ff ff ff ff ff ff ff ff ff
00019740: ff ff f8 00 7f ff ff ff ff ff ff ff ff ff ff ff
00019750: 80 07 ff ff ff ff ff ff ff ff ff ff ff f8 00 7f
00019760: ff ff ff ff ff ff ff ff ff ff ff 80 07 ff ff ff
00019770: ff ff ff ff ff ff ff ff f8 00 7f ff ff ff ff ff
00019780: ff ff ff ff ff ff 80 07 ff ff ff ff ff ff ff ff
00019790: ff ff ff f8 00 7f ff ff ff ff ff ff ff ff ff ff
000197a0: ff 80 07 ff ff ff ff ff ff ff ff ff ff ff f8 00
000197b0: 7f ff ff ff ff ff ff ff ff ff ff ff 80 07 ff ff
000197c0: ff ff ff ff ff ff ff ff ff f8 00 7f ff ff ff ff
000197d0: ff ff ff ff ff ff ff 80 07 ff ff ff ff ff ff ff
000197e0: ff ff ff ff f8 00 7f ff ff ff ff ff ff ff ff ff
000197f0: ff ff 80 07 ff ff ff ff ff ff ff ff ff ff ff f8
00019800: 00 7f ff ff ff ff ff ff ff ff ff ff ff 80 07 ff
00019810: ff ff ff ff ff ff ff ff ff ff f8 00 7f ff ff ff
00019820: ff ff ff ff ff ff ff ff 80 07 ff ff ff ff ff ff
00019830: ff ff ff ff ff f8 00 7f ff ff ff ff ff ff ff ff
00019840: ff ff ff 80 07 ff ff ff ff ff ff ff ff ff ff ff
00019850: f8 00 7f ff ff ff ff ff ff ff ff ff ff ff 80 07
00019860: ff ff ff ff ff ff ff ff ff ff ff f8 00 7f ff ff
00019870: ff ff ff ff ff ff ff ff ff 80 07 ff ff ff ff ff
00019880: ff ff ff ff ff ff f8 00 7f ff ff ff ff ff ff ff
00019890: ff ff ff ff 80 07 ff ff ff ff ff ff ff ff ff ff
000198a0: ff f8 00 7f ff ff ff ff ff ff ff ff ff ff ff 80
000198b0: 07 ff ff ff ff ff ff ff ff ff ff ff f8 00 7f ff
000198c0: ff ff ff ff ff ff ff ff ff ff 80 07 ff ff ff ff
000198d0: ff ff ff ff ff ff ff f8 00 7f ff ff ff ff ff ff
000198e0: ff ff ff ff ff 80 07 ff ff ff ff ff ff ff ff ff
000198f0: ff ff f8 00 7f ff ff ff ff ff ff ff ff ff ff ff
00019900: 80 07 ff ff ff ff ff ff ff ff ff ff ff f8 00 7f
00019910: ff ff ff ff ff ff ff ff ff ff ff 80 07 ff ff ff
00019920: ff ff ff ff ff ff ff ff f8 00 7f ff ff ff ff ff
00019930: ff ff ff ff ff ff 80 07 ff ff ff ff ff ff ff ff
00019940: ff ff ff f8 00 7f ff ff ff ff ff ff ff ff ff ff
00019950: ff 80 07 ff ff ff ff ff ff ff ff ff ff ff f8 00
00019960: 7f ff ff ff ff ff ff ff ff ff ff ff 80 07 ff ff
00019970: ff ff ff ff ff ff ff ff ff f8 00 7f ff ff ff ff
00019980: ff ff ff ff ff ff ff 80 07 ff ff ff ff ff ff ff
00019990: ff ff ff ff f8 00 7f ff ff ff ff ff ff ff ff ff
000199a0: ff ff 80 07 ff ff ff ff ff ff ff ff ff ff ff f8
000199b0: 00 7f ff ff ff ff ff ff ff ff ff ff ff 80 07 ff
000199c0: ff ff ff ff ff ff ff ff ff ff f8 00 7f ff ff ff
000199d0: ff ff ff ff ff ff ff ff 80 07 ff ff ff ff ff ff
000199e0: ff ff ff ff ff f8 00 7f ff ff ff ff ff ff ff ff
000199f0: ff ff ff 80 07 ff ff ff ff ff ff ff ff ff ff ff
00019a00: f8 00 7f ff ff ff ff ff ff ff ff ff ff ff 80 07
00019a10: ff ff ff ff ff ff ff ff ff ff ff f8 00 7f ff ff
00019a20: ff ff ff ff ff ff ff ff ff 80 07 ff ff ff ff ff
00019a30: ff ff ff ff ff ff f8 00 7f ff ff ff ff ff ff ff
00019a40: ff ff ff ff 80 07 ff ff ff ff ff ff ff ff ff ff
00019a50: ff f8 00 7f ff ff ff ff ff ff ff ff ff ff ff 80
00019a60: 07 ff ff ff ff ff ff ff ff ff ff ff f8 00 7f ff
00019a70: ff ff ff ff ff ff ff ff ff ff 80 07 ff ff ff ff
00019a80: ff ff ff ff ff ff ff f8 00 7f ff ff ff ff ff ff
00019a90: ff ff ff ff ff 80 07 ff ff ff ff ff ff ff ff ff
00019aa0: ff ff f8 00 7f ff ff ff ff ff ff ff ff ff ff ff
00019ab0: 80 07 ff ff ff ff ff ff ff ff ff ff ff f8 00 7f
00019ac0: ff ff ff ff ff ff ff ff ff ff ff 80 07 ff ff ff
00019ad0: ff ff ff ff ff ff ff ff f8 00 7f ff ff ff ff ff
00019ae0: ff ff ff ff ff ff 80 07 ff ff ff ff ff ff ff ff
00019af0: ff ff ff f8 00 7f ff ff ff ff ff ff ff ff ff ff
00019b00: ff 80 07 ff ff ff ff ff ff ff ff ff ff ff f8 00
00019b10: 7f ff ff ff ff ff ff ff ff ff ff ff 80 07 ff ff
00019b20: ff ff ff ff ff ff ff ff ff f8 00 7f ff ff ff ff
00019b30: ff ff ff ff ff ff ff 80 07 ff ff ff ff ff ff ff
00019b40: ff ff ff ff f8 00 7f ff ff ff ff ff ff ff ff ff
00019b50: ff ff 80 07 ff ff ff ff ff ff ff ff ff ff ff f8
00019b60: 00 7f ff ff ff ff ff ff ff ff ff ff ff 80 07 ff
00019b70: ff ff ff ff ff ff ff ff ff ff f8 00 7f ff ff ff
00019b80: ff ff ff ff ff ff ff ff 80 07 ff ff ff ff ff ff
00019b90: ff ff ff ff ff f8 00 7f ff ff ff ff ff ff ff ff
00019ba0: ff ff ff 80 07 ff ff ff ff ff ff ff ff ff ff ff
00019bb0: f8 00 7f ff ff ff ff ff ff ff ff ff ff ff 80 07
00019bc0: ff ff ff ff ff ff ff ff ff ff ff f8 00 7f ff ff
00019bd0: ff ff ff ff ff ff ff ff ff 80 07 ff ff ff ff ff
00019be0: ff ff ff ff ff ff f8 00 7f ff ff ff ff ff ff ff
00019bf0: ff ff ff ff 80 07 ff ff ff ff ff ff ff ff ff ff
00019c00: ff f8 00 7f ff ff ff ff ff ff ff ff ff ff ff 80
00019c10: 07 ff ff ff ff ff ff ff ff ff ff ff f8 00 7f ff
00019c20: ff ff ff ff ff ff ff ff ff ff 80 07 ff ff ff ff
00019c30: ff ff ff ff ff ff ff f8 00 7f ff ff ff ff ff ff
00019c40: ff ff ff ff ff 80 07 ff ff ff ff ff ff ff ff ff
00019c50: ff ff f8 00 7f ff ff ff ff ff ff ff ff ff ff ff
00019c60: 80 07 ff ff ff ff ff ff ff ff ff ff ff f8 00 7f
00019c70: ff ff ff ff ff ff ff ff ff ff ff 80 07 ff ff ff
00019c80: ff ff ff ff ff ff ff ff f8 00 7f ff ff ff ff ff
00019c90: ff ff ff ff ff ff 80 07 ff ff ff ff ff ff ff ff
00019ca0: ff ff ff f8 00 7f ff ff ff ff ff ff ff ff ff ff
00019cb0: ff 80 07 ff ff ff ff ff ff ff ff ff ff ff f8 00
00019cc0: 7f ff ff ff ff ff ff ff ff ff ff ff 80 07 ff ff
00019cd0: ff ff ff ff ff ff ff ff ff f8 00 7f ff ff ff ff
00019ce0: ff ff ff ff ff ff ff 80 07 ff ff ff ff ff ff ff
00019cf0: ff ff ff ff f8 00 7f ff ff ff ff ff ff ff ff ff
00019d00: ff ff 80 07 ff ff ff ff ff ff ff ff ff ff ff f8
00019d10: 00 7f ff ff ff ff ff ff ff ff ff ff ff 80 07 ff
00019d20: ff ff ff ff ff ff ff ff ff ff f8 00 7f ff ff ff
00019d30: ff ff ff ff ff ff ff ff 80 07 ff ff ff ff ff ff
00019d40: ff ff ff ff ff f8 00 7f ff ff ff ff ff ff ff ff
00019d50: ff ff ff 80 07 ff ff ff ff ff ff ff ff ff ff ff
00019d60: f8 00 7f ff ff ff ff ff ff ff ff ff ff ff 80 07
00019d70: ff ff ff ff ff ff ff ff ff ff ff f8 00 7f ff ff
00019d80: ff ff ff ff ff ff ff ff ff 80 07 ff ff ff ff ff
00019d90: ff ff ff ff ff ff f8 00 7f ff ff ff ff ff ff ff
00019da0: ff ff ff ff 80 07 ff ff ff ff ff ff ff ff ff ff
00019db0: ff f8 00 7f ff ff ff ff ff ff ff ff ff ff ff 80
00019dc0: 07 ff ff ff ff ff ff ff ff ff ff ff f8 00 7f ff
00019dd0: ff ff ff ff ff ff ff ff ff ff 80 07 ff ff ff ff
00019de0: ff ff ff ff ff ff ff f8 00 7f ff ff ff ff ff ff
00019df0: ff ff ff ff ff 80 07 ff ff ff ff ff ff ff ff ff
00019e00: ff ff f8 00 7f ff ff ff ff ff ff ff ff ff ff ff
00019e10: 80 07 ff ff ff ff ff ff ff ff ff ff ff f8 00 7f
00019e20: ff ff ff ff ff ff ff ff ff ff ff 80 07 ff ff ff
00019e30: ff ff ff ff ff ff ff ff f8 00 7f ff ff ff ff ff
00019e40: ff ff ff ff ff ff 80 07 ff ff ff ff ff ff ff ff
00019e50: ff ff ff f8 00 7f ff ff ff ff ff ff ff ff ff ff
00019e60: ff 80 07 ff ff ff ff ff ff ff ff ff ff ff f8 00
00019e70: 7f ff ff ff ff ff ff ff ff ff ff ff 80 07 ff ff
00019e80: ff ff ff ff ff ff ff ff ff f8 00 7f ff ff ff ff
00019e90: ff ff ff ff ff ff ff 80 07 ff ff ff ff ff ff ff
00019ea0: ff ff ff ff f8 00 7f ff ff ff ff ff ff ff ff ff
00019eb0: ff ff 80 07 ff ff ff ff ff ff ff ff ff ff ff f8
00019ec0: 00 7f ff ff ff ff ff ff ff ff ff ff ff 80 07 ff
00019ed0: ff ff ff ff ff ff ff ff ff ff f8 00 7f ff ff ff
00019ee0: ff ff ff ff ff ff ff ff 80 07 ff ff ff ff ff ff
00019ef0: ff ff ff ff ff f8 00 7f ff ff ff ff ff ff ff ff
00019f00: ff ff ff 80 07 ff ff ff ff ff ff ff ff ff ff ff
00019f10: f8 00 7f ff ff ff ff ff ff ff ff ff ff ff 80 07
00019f20: ff ff ff ff ff ff ff ff ff ff ff f8 00 7f ff ff
00019f30: ff ff ff ff ff ff ff ff ff 80 07 ff ff ff ff ff
00019f40: ff ff ff ff ff ff f8 00 7f ff ff ff ff ff ff ff
00019f50: ff ff ff ff 80 07 ff ff ff ff ff ff ff ff ff ff
00019f60: ff f8 00 7f ff ff ff ff ff ff ff ff ff ff ff 80
00019f70: 07 ff ff ff ff ff ff ff ff ff ff ff f8 00 7f ff
00019f80: ff ff ff ff ff ff ff ff ff ff 80 07 ff ff ff ff
00019f90: ff ff ff ff ff ff ff f8 00 7f ff ff ff ff ff ff
00019fa0: ff ff ff ff ff 80 07 ff ff ff ff ff ff ff ff ff
00019fb0: ff ff f8 00 7f ff ff ff ff ff ff ff ff ff ff ff
00019fc0: 80 07 ff ff ff ff ff ff ff ff ff ff ff f8 00 7f
00019fd0: ff ff ff ff ff ff ff ff ff ff ff 80 07 ff ff ff
00019fe0: ff ff ff ff ff ff ff ff f8 00 7f ff ff ff ff ff
00019ff0: ff ff ff ff ff ff 80 07 ff ff ff ff ff ff ff ff
0001a000: ff ff ff f8 00 7f ff ff ff ff ff ff ff ff ff ff
0001a010: ff 80 07 ff ff ff ff ff ff ff ff ff ff ff f8 00
0001a020: 7f ff ff ff ff ff ff ff ff ff ff ff 80 07 ff ff
0001a030: ff ff ff ff ff ff ff ff ff f8 00 7f ff ff ff ff
0001a040: ff ff ff ff ff ff ff 80 07 ff ff ff ff ff ff ff
0001a050: ff ff ff ff f8 00 7f ff ff ff ff ff ff ff ff ff
0001a060: ff ff 80 07 ff ff ff ff ff ff ff ff ff ff ff f8
0001a070: 00 7f ff ff ff ff ff ff ff ff ff ff ff 80 07 ff
0001a080: ff ff ff ff ff ff ff ff ff ff f8 00 7f ff ff ff
0001a090: ff ff ff ff ff ff ff ff 80 07 ff ff ff ff ff ff
0001a0a0: ff ff ff ff ff f8 00 7f ff ff ff ff ff ff ff ff
0001a0b0: ff ff ff 80 07 ff ff ff ff ff ff ff ff ff ff ff
0001a0c0: f8 00 7f ff ff ff ff ff ff ff ff ff ff ff 80 07
0001a0d0: ff ff ff ff ff ff ff ff ff ff ff f8 00 7f ff ff
0001a0e0: ff ff ff ff ff ff ff ff ff 80 07 ff ff ff ff ff
0001a0f0: ff ff ff ff ff ff f8 00 7f ff ff ff ff ff ff ff
0001a100: ff ff ff ff 80 07 ff ff ff ff ff ff ff ff ff ff
0001a110: ff f8 00 7f ff ff ff ff ff ff ff ff ff ff ff 80
0001a120: 07 ff ff ff ff ff ff ff ff ff ff ff f8 00 7f ff
0001a130: ff ff ff ff ff ff ff ff ff ff 80 07 ff ff ff ff
0001a140: ff ff ff ff ff ff ff f8 00 7f ff ff ff ff ff ff
0001a150: ff ff ff ff ff 80 07 ff ff ff ff ff ff ff ff ff
0001a160: ff ff f8 00 7f ff ff ff ff ff ff ff ff ff ff ff
0001a170: 80 07 ff ff ff ff ff ff ff ff ff ff ff f8 00 7f
0001a180: ff ff ff ff ff ff ff ff ff ff ff 80 07 ff ff ff
0001a190: ff ff ff ff ff ff ff ff f8 00 7f ff ff ff ff ff
0001a1a0: ff ff ff ff ff ff 80 07 ff ff ff ff ff ff ff ff
0001a1b0: ff ff ff f8 00 7f ff ff ff ff ff ff ff ff ff ff
0001a1c0: ff 80 07 ff ff ff ff ff ff ff ff ff ff ff f8 00
0001a1d0: 7f ff ff ff ff ff ff ff ff ff ff ff 80 07 ff ff
0001a1e0: ff ff ff ff ff ff ff ff ff f8 00 7f ff ff ff ff
0001a1f0: ff ff ff ff ff ff ff 80 07 ff ff ff ff ff ff ff
0001a200: ff ff ff ff f8 00 7f ff ff ff ff ff ff ff ff ff
0001a210: ff ff 80 07 ff ff ff ff ff ff ff ff ff ff ff f8
0001a220: 00 7f ff ff ff ff ff ff ff ff ff ff ff 80 07 ff
0001a230: ff ff ff ff ff ff ff ff ff ff f8 00 7f ff ff ff
0001a240: ff ff ff ff ff ff ff ff 80 07 ff ff ff ff ff ff
0001a250: ff ff ff ff ff f8 00 7f ff ff ff ff ff ff ff ff
0001a260: ff ff ff 80 07 ff ff ff ff ff ff ff ff ff ff ff
0001a270: f8 00 7f ff ff ff ff ff ff ff ff ff ff ff 80 07
0001a280: ff ff ff ff ff ff ff ff ff ff ff f8 00 7f ff ff
0001a290: ff ff ff ff ff ff ff ff ff 80 07 ff ff ff ff ff
0001a2a0: ff ff ff ff ff ff f8 00 7f ff ff ff ff ff ff ff
0001a2b0: ff ff ff ff 80 07 ff ff ff ff ff ff ff ff ff ff
0001a2c0: ff f8 00 7f ff ff ff ff ff ff ff ff ff ff ff 80
0001a2d0: 07 ff ff ff ff ff ff ff ff ff ff ff f8 00 7f ff
0001a2e0: ff ff ff ff ff ff ff ff ff ff 80 07 ff ff ff ff
0001a2f0: ff ff ff ff ff ff ff f8 00 7f ff ff ff ff ff ff
0001a300: ff ff ff ff ff 80 07 ff ff ff ff ff ff ff ff ff
0001a310: ff ff f8 00 7f ff ff ff ff ff ff ff ff ff ff ff
0001a320: 80 07 ff ff ff ff ff ff ff ff ff ff ff f8 00 7f
0001a330: ff ff ff ff ff ff ff ff ff ff ff 80 07 ff ff ff
0001a340: ff ff ff ff ff ff ff ff f8 00 7f ff ff ff ff ff
0001a350: ff ff ff ff ff ff 80 07 ff ff ff ff ff ff ff ff
0001a360: ff ff ff f8 00 7f ff ff ff ff ff ff ff ff ff ff
0001a370: ff 80 07 ff ff ff ff ff ff ff ff ff ff ff f8 00
0001a380: 7f ff ff ff ff ff ff ff ff ff ff ff 80 07 ff ff
0001a390: ff ff ff ff ff ff ff ff ff f8 00 7f ff ff ff ff
0001a3a0: ff ff ff ff ff ff ff 80 07 ff ff ff ff ff ff ff
0001a3b0: ff ff ff ff f8 00 7f ff ff ff ff ff ff ff ff ff
0001a3c0: ff ff 80 07 ff ff ff ff ff ff ff ff ff ff ff f8
0001a3d0: 00 7f ff ff ff ff ff ff ff ff ff ff ff 80 07 ff
0001a3e0: ff ff ff ff ff ff ff ff ff ff f8 00 7f ff ff ff
0001a3f0: ff ff ff ff ff ff ff ff 80 07 ff ff ff ff ff ff
0001a400: ff ff ff ff ff f8 00 7f ff ff ff ff ff ff ff ff
0001a410: ff ff ff 80 07 ff ff ff ff ff ff ff ff ff ff ff
0001a420: f8 00 7f ff ff ff ff ff ff ff ff ff ff ff 80 07
0001a430: ff ff ff ff ff ff ff ff ff ff ff f8 00 7f ff ff
0001a440: ff ff ff ff ff ff ff ff ff 80 07 ff ff ff ff ff
0001a450: ff ff ff ff ff ff f8 00 7f ff ff ff ff ff ff ff
0001a460: ff ff ff ff 80 07 ff ff ff ff ff ff ff ff ff ff
0001a470: ff f8 00 7f ff ff ff ff ff ff ff ff ff ff ff 80
0001a480: 07 ff ff ff ff ff ff ff ff ff ff ff f8 00 7f ff
0001a490: ff ff ff ff ff ff ff ff ff ff 80 07 ff ff ff ff
0001a4a0: ff ff ff ff ff ff ff f8 00 7f ff ff ff ff ff ff
0001a4b0: ff ff ff ff ff 80 07 ff ff ff ff ff ff ff ff ff
0001a4c0: ff ff f8 00 7f ff ff ff ff ff ff ff ff ff ff ff
0001a4d0: 80 07 ff ff ff ff ff ff ff ff ff ff ff f8 00 7f
0001a4e0: ff ff ff ff ff ff ff ff ff ff ff 80 07 ff ff ff
0001a4f0: ff ff ff ff ff ff ff ff f8 00 7f ff ff ff ff ff
0001a500: ff ff ff ff ff ff 80 07 ff ff ff ff ff ff ff ff
0001a510: ff ff ff f8 00 7f ff ff ff ff ff ff ff ff ff ff
0001a520: ff 80 07 ff ff ff ff ff ff ff ff ff ff ff f8 00
0001a530: 7f ff ff ff ff ff ff ff ff ff ff ff 80 07 ff ff
0001a540: ff ff ff ff ff ff ff ff ff f8 00 7f ff ff ff ff
0001a550: ff ff ff ff ff ff ff 80 07 ff ff ff ff ff ff ff
0001a560: ff ff ff ff f8 00 7f ff ff ff ff ff ff ff ff ff
0001a570: ff ff 80 07 ff ff ff ff ff ff ff ff ff ff ff f8
0001a580: 00 7f ff ff ff ff ff ff ff ff ff ff ff 80 07 ff
0001a590: ff ff ff ff ff ff ff ff ff ff f8 00 7f ff ff ff
0001a5a0: ff ff ff ff ff ff ff ff 80 07 ff ff ff ff ff ff
0001a5b0: ff ff ff ff ff f8 00 7f ff ff ff ff ff ff ff ff
0001a5c0: ff ff ff 80 07 ff ff ff ff ff ff ff ff ff ff ff
0001a5d0: f8 00 7f ff ff ff ff ff ff ff ff ff ff ff 80 07
0001a5e0: ff ff ff ff ff ff ff ff ff ff ff f8 00 7f ff ff
0001a5f0: ff ff ff ff ff ff ff ff ff 80 07 ff ff ff ff ff
0001a600: ff ff ff ff ff ff f8 00 7f ff ff ff ff ff ff ff
0001a610: ff ff ff ff 80 07 ff ff ff ff ff ff ff ff ff ff
0001a620: ff f8 00 7f ff ff ff ff ff ff ff ff ff ff ff 80
0001a630: 07 ff ff ff ff ff ff ff ff ff ff ff f8 00 7f ff
0001a640: ff ff ff ff ff ff ff ff ff ff 80 07 ff ff ff ff
0001a650: ff ff ff ff ff ff ff f8 00 7f ff ff ff ff ff ff
0001a660: ff ff ff ff ff 80 07 ff ff ff ff ff ff ff ff ff
0001a670: ff ff f8 00 7f ff ff ff ff ff ff ff ff ff ff ff
0001a680: 80 07 ff ff ff ff ff ff ff ff ff ff ff f8 00 7f
0001a690: ff ff ff ff ff ff ff ff ff ff ff 80 07 ff ff ff
0001a6a0: ff ff ff ff ff ff ff ff f8 00 7f ff ff ff ff ff
0001a6b0: ff ff ff ff ff ff 80 07 ff ff ff ff ff ff ff ff
0001a6c0: ff ff ff f8 00 7f ff ff ff ff ff ff ff ff ff ff
0001a6d0: ff 80 07 ff ff ff ff ff ff ff ff ff ff ff f8 00
0001a6e0: 7f ff ff ff ff ff ff ff ff ff ff ff 80 07 ff ff
0001a6f0: ff ff ff ff ff ff ff ff ff f8 00 7f ff ff ff ff
0001a700: ff ff ff ff ff ff ff 80 07 ff ff ff ff ff ff ff
0001a710: ff ff ff ff f8 00 7f ff ff ff ff ff ff ff ff ff
0001a720: ff ff 80 07 ff ff ff ff ff ff ff ff ff ff ff f8
0001a730: 00 7f ff ff ff ff ff ff ff ff ff ff ff 80 07 ff
0001a740: ff ff ff ff ff ff ff ff ff ff f8 00 7f ff ff ff
0001a750: ff ff ff ff ff ff ff ff 80 07 ff ff ff ff ff ff
0001a760: ff ff ff ff ff f8 00 7f ff ff ff ff ff ff ff ff
0001a770: ff ff ff 80 07 ff ff ff ff ff ff ff ff ff ff ff
0001a780: f8 00 7f ff ff ff ff ff ff ff ff ff ff ff 80 07
0001a790: ff ff ff ff ff ff ff ff ff ff ff f8 00 7f ff ff
0001a7a0: ff ff ff ff ff ff ff ff ff 80 07 ff ff ff ff ff
0001a7b0: ff ff ff ff ff ff f8 00 7f ff ff ff ff ff ff ff
0001a7c0: ff ff ff ff 80 07 ff ff ff ff ff ff ff ff ff ff
0001a7d0: ff f8 00 7f ff ff ff ff ff ff ff ff ff ff ff 80
0001a7e0: 07 ff ff ff ff ff ff ff ff ff ff ff f8 00 7f ff
0001a7f0: ff ff ff ff ff ff ff ff ff ff 80 07 ff ff ff ff
0001a800: ff ff ff ff ff ff ff f8 00 7f ff ff ff ff ff ff
0001a810: ff ff ff ff ff 80 07 ff ff ff ff ff ff ff ff ff
0001a820: ff ff f8 00 7f ff ff ff ff ff ff ff ff ff ff ff
0001a830: 80 07 ff ff ff ff ff ff ff ff ff ff ff f8 00 7f
0001a840: ff ff ff ff ff ff ff ff ff ff ff 80 07 ff ff ff
0001a850: ff ff ff ff ff ff ff ff f8 00 7f ff ff ff ff ff
0001a860: ff ff ff ff ff ff 80 07 ff ff ff ff ff ff ff ff
0001a870: ff ff ff f8 00 7f ff ff ff ff ff ff ff ff ff ff
0001a880: ff 80 07 ff ff ff ff ff ff ff ff ff ff ff f8 00
0001a890: 7f ff ff ff ff ff ff ff ff ff ff ff 80 07 ff ff
0001a8a0: ff ff ff ff ff ff ff ff ff f8 00 7f ff ff ff ff
0001a8b0: ff ff ff ff ff ff ff 80 07 ff ff ff ff ff ff ff
0001a8c0: ff ff ff ff f8 00 7f ff ff ff ff ff ff ff ff ff
0001a8d0: ff ff 80 07 ff ff ff ff ff ff ff ff ff ff ff f8
0001a8e0: 00 7f ff ff ff ff ff ff ff ff ff ff ff 80 07 ff
0001a8f0: ff ff ff ff ff ff ff ff ff ff f8 00 7f ff ff ff
0001a900: ff ff ff ff ff ff ff ff 80 07 ff ff ff ff ff ff
0001a910: ff ff ff ff ff f8 00 7f ff ff ff ff ff ff ff ff
0001a920: ff ff ff 80 07 ff ff ff ff ff ff ff ff ff ff ff
0001a930: f8 00 7f ff ff ff ff ff ff ff ff ff ff ff 80 07
0001a940: ff ff ff ff ff ff ff ff ff ff ff f8 00 7f ff ff
0001a950: ff ff ff ff ff ff ff ff ff 80 07 ff ff ff ff ff
0001a960: ff ff ff ff ff ff f8 00 7f ff ff ff ff ff ff ff
0001a970: ff ff ff ff 80 07 ff ff ff ff ff ff ff ff ff ff
0001a980: ff f8 00 7f ff ff ff ff ff ff ff ff ff ff ff 80
0001a990: 07 ff ff ff ff ff ff ff ff ff ff ff f8 00 7f ff
0001a9a0: ff ff ff ff ff ff ff ff ff ff 80 07 ff ff ff ff
0001a9b0: ff ff ff ff ff ff ff f8 00 7f ff ff ff ff ff ff
0001a9c0: ff ff ff ff ff 80 07 ff ff ff ff ff ff ff ff ff
0001a9d0: ff ff f8 00 7f ff ff ff ff ff ff ff ff ff ff ff
0001a9e0: 80 07 ff ff ff ff ff ff ff ff ff ff ff f8 00 7f
0001a9f0: ff ff ff ff ff ff ff ff ff ff ff 80 07 ff ff ff
0001aa00: ff ff ff ff ff ff ff ff f8 00 7f ff ff ff ff ff
0001aa10: ff ff ff ff ff ff 80 07 ff ff ff ff ff ff ff ff
0001aa20: ff ff ff f8 00 7f ff ff ff ff ff ff ff ff ff ff
0001aa30: ff 80 07 ff ff ff ff ff ff ff ff ff ff ff f8 00
0001aa40: 7f ff ff ff ff ff ff ff ff ff ff ff 80 07 ff ff
0001aa50: ff ff ff ff ff ff ff ff ff f8 00 7f ff ff ff ff
0001aa60: ff ff ff ff ff ff ff 80 07 ff ff ff ff ff ff ff
0001aa70: ff ff ff ff f8 00 7f ff ff ff ff ff ff ff ff ff
0001aa80: ff ff 80 07 ff ff ff ff ff ff ff ff ff ff ff f8
0001aa90: 00 7f ff ff ff ff ff ff ff ff ff ff ff 80 07 ff
0001aaa0: ff ff ff ff ff ff ff ff ff ff f8 00 7f ff ff ff
0001aab0: ff ff ff ff ff ff ff ff 80 07 ff ff ff ff ff ff
0001aac0: ff ff ff ff ff f8 00 7f ff ff ff ff ff ff ff ff
0001aad0: ff ff ff 80 07 ff ff ff ff ff ff ff ff ff ff ff
0001aae0: f8 00 7f ff ff ff ff ff ff ff ff ff ff ff 80 07
0001aaf0: ff ff ff ff ff ff ff ff ff ff ff f8 00 7f ff ff
0001ab00: ff ff ff ff ff ff ff ff ff 80 07 ff ff ff ff ff
0001ab10: ff ff ff ff ff ff f8 00 7f ff ff ff ff ff ff ff
0001ab20: ff ff ff ff 80 07 ff ff ff ff ff ff ff ff ff ff
0001ab30: ff f8 00 7f ff ff ff ff ff ff ff ff ff ff ff 80
0001ab40: 07 ff ff ff ff ff ff ff ff ff ff ff f8 00 7f ff
0001ab50: ff ff ff ff ff ff ff ff ff ff 80 07 ff ff ff ff
0001ab60: ff ff ff ff ff ff ff f8 00 7f ff ff ff ff ff ff
0001ab70: ff ff ff ff ff 80 07 ff ff ff ff ff ff ff ff ff
0001ab80: ff ff f8 00 7f ff ff ff ff ff ff ff ff ff ff ff
0001ab90: 80 07 ff ff ff ff ff ff ff ff ff ff ff f8 00 7f
0001aba0: ff ff ff ff ff ff ff ff ff ff ff 80 07 ff ff ff
0001abb0: ff ff ff ff ff ff ff ff f8 00 7f ff ff ff ff ff
0001abc0: ff ff ff ff ff ff 80 07 ff ff ff ff ff ff ff ff
0001abd0: ff ff ff f8 00 7f ff ff ff ff ff ff ff ff ff ff
0001abe0: ff 80 07 ff ff ff ff ff ff ff ff ff ff ff f8 00
0001abf0: 7f ff ff ff ff ff ff ff ff ff ff ff 80 07 ff ff
0001ac00: ff ff ff ff ff ff ff ff ff f8 00 7f ff ff ff ff
0001ac10: ff ff ff ff ff ff ff 80 07 ff ff ff ff ff ff ff
0001ac20: ff ff ff ff f8 00 7f ff ff ff ff ff ff ff ff ff
0001ac30: ff ff 80 07 ff ff ff ff ff ff ff ff ff ff ff f8
0001ac40: 00 7f ff ff ff ff ff ff ff ff ff ff ff 80 07 ff
0001ac50: ff ff ff ff ff ff ff ff ff ff f8 00 7f ff ff ff
0001ac60: ff ff ff ff ff ff ff ff 80 07 ff ff ff ff ff ff
0001ac70: ff ff ff ff ff f8 00 7f ff ff ff ff ff ff ff ff
0001ac80: ff ff ff 80 07 ff ff ff ff ff ff ff ff ff ff ff
0001ac90: f8 00 7f ff ff ff ff ff ff ff ff ff ff ff 80 07
0001aca0: ff ff ff ff ff ff ff ff ff ff ff f8 00 7f ff ff
0001acb0: ff ff ff ff ff ff ff ff ff 80 07 ff ff ff ff ff
0001acc0: ff ff ff ff ff ff f8 00 7f ff ff ff ff ff ff ff
0001acd0: ff ff ff ff 80 07 ff ff ff ff ff ff ff ff ff ff
0001ace0: ff f8 00 7f ff ff ff ff ff ff ff ff ff ff ff 80
0001acf0: 07 ff ff ff ff ff ff ff ff ff ff ff f8 00 7f ff
0001ad00: ff ff ff ff ff ff ff ff ff ff 80 07 ff ff ff ff
0001ad10: ff ff ff ff ff ff ff f8 00 7f ff ff ff ff ff ff
0001ad20: ff ff ff ff ff 80 07 ff ff ff ff ff ff ff ff ff
0001ad30: ff ff f8 00 7f ff ff ff ff ff ff ff ff ff ff ff
0001ad40: 80 07 ff ff ff ff ff ff ff ff ff ff ff f8 00 7f
0001ad50: ff ff ff ff ff ff ff ff ff ff ff 80 07 ff ff ff
0001ad60: ff ff ff ff ff ff ff ff f8 00 7f ff ff ff ff ff
0001ad70: ff ff ff ff ff ff 80 07 ff ff ff ff ff ff ff ff
0001ad80: ff ff ff f8 00 7f ff ff ff ff ff ff ff ff ff ff
0001ad90: ff 80 07 ff ff ff ff ff ff ff ff ff ff ff f8 00
0001ada0: 7f ff ff ff ff ff ff ff ff ff ff ff 80 07 ff ff
0001adb0: ff ff ff ff ff ff ff ff ff f8 00 7f ff ff ff ff
0001adc0: ff ff ff ff ff ff ff 80 07 ff ff ff ff ff ff ff
0001add0: ff ff ff ff f8 00 7f ff ff ff ff ff ff ff ff ff
0001ade0: ff ff 80 07 ff ff ff ff ff ff ff ff ff ff ff f8
0001adf0: 00 7f ff ff ff ff ff ff ff ff ff ff ff 80 07 ff
0001ae00: ff ff ff ff ff ff ff ff ff ff f8 00 7f ff ff ff
0001ae10: ff ff ff ff ff ff ff ff 80 07 ff ff ff ff ff ff
0001ae20: ff ff ff ff ff f8 00 7f ff ff ff ff ff ff ff ff
0001ae30: ff ff ff 80 07 ff ff ff ff ff ff ff ff ff ff ff
0001ae40: f8 00 7f ff ff ff ff ff ff ff ff ff ff ff 80 07
0001ae50: ff ff ff ff ff ff ff ff ff ff ff f8 00 7f ff ff
0001ae60: ff ff ff ff ff ff ff ff ff 80 07 ff ff ff ff ff
0001ae70: ff ff ff ff ff ff f8 00 7f ff ff ff ff ff ff ff
0001ae80: ff ff ff ff 80 07 ff ff ff ff ff ff ff ff ff ff
0001ae90: ff f8 00 7f ff ff ff ff ff ff ff ff ff ff ff 80
0001aea0: 07 ff ff ff ff ff ff ff ff ff ff ff f8 00 7f ff
0001aeb0: ff ff ff ff ff ff ff ff ff ff 80 07 ff ff ff ff
0001aec0: ff ff ff ff ff ff ff f8 00 7f ff ff ff ff ff ff
0001aed0: ff ff ff ff ff 80 07 ff ff ff ff ff ff ff ff ff
0001aee0: ff ff f8 00 7f ff ff ff ff ff ff ff ff ff ff ff
0001aef0: 80 07 ff ff ff ff ff ff ff ff ff ff ff f8 00 7f
0001af00: ff ff ff ff ff ff ff ff ff ff ff 80 07 ff ff ff
0001af10: ff ff ff ff ff ff ff ff f8 00 7f ff ff ff ff ff
0001af20: ff ff ff ff ff ff 80 07 ff ff ff ff ff ff ff ff
0001af30: ff ff ff f8 00 7f ff ff ff ff ff ff ff ff ff ff
0001af40: ff 80 07 ff ff ff ff ff ff ff ff ff ff ff f8 00
0001af50: 7f ff ff ff ff ff ff ff ff ff ff ff 80 07 ff ff
0001af60: ff ff ff ff ff ff ff ff ff f8 00 7f ff ff ff ff
0001af70: ff ff ff ff ff ff ff 80 07 ff ff ff ff ff ff ff
0001af80: ff ff ff ff f8 00 7f ff ff ff ff ff ff ff ff ff
0001af90: ff ff 80 07 ff ff ff ff ff ff ff ff ff ff ff f8
0001afa0: 00 7f ff ff ff ff ff ff ff ff ff ff ff 80 07 ff
0001afb0: ff ff ff ff ff ff ff ff ff ff f8 00 7f ff ff ff
0001afc0: ff ff ff ff ff ff ff ff 80 07 ff ff ff ff ff ff
0001afd0: ff ff ff ff ff f8 00 7f ff ff ff ff ff ff ff ff
0001afe0: ff ff ff 80 07 ff ff ff ff ff ff ff ff ff ff ff
0001aff0: f8 00 7f ff ff ff ff ff ff ff ff ff ff ff 80 07
0001b000: ff ff ff ff ff ff ff ff ff ff ff f8 00 7f ff ff
0001b010: ff ff ff ff ff ff ff ff ff 80 07 ff ff ff ff ff
0001b020: ff ff ff ff ff ff f8 00 7f ff ff ff ff ff ff ff
0001b030: ff ff ff ff 80 07 ff ff ff ff ff ff ff ff ff ff
0001b040: ff f8 00 7f ff ff ff ff ff ff ff ff ff ff ff 80
0001b050: 07 ff ff ff ff ff ff ff ff ff ff ff f8 00 7f ff
0001b060: ff ff ff ff ff ff ff ff ff ff 80 07 ff ff ff ff
0001b070: ff ff ff ff ff ff ff f8 00 7f ff ff ff ff ff ff
0001b080: ff ff ff ff ff 80 07 ff ff ff ff ff ff ff ff ff
0001b090: ff ff f8 00 7f ff ff ff ff ff ff ff ff ff ff ff
0001b0a0: 80 07 ff ff ff ff ff ff ff ff ff ff ff f8 00 7f
0001b0b0: ff ff ff ff ff ff ff ff ff ff ff 80 07 ff ff ff
0001b0c0: ff ff ff ff ff ff ff ff f8 00 7f ff ff ff ff ff
0001b0d0: ff ff ff ff ff ff 80 07 ff ff ff ff ff ff ff ff
0001b0e0: ff ff ff f8 00 7f ff ff ff ff ff ff ff ff ff ff
0001b0f0: ff 80 07 ff ff ff ff ff ff ff ff ff ff ff f8 00
0001b100: 7f ff ff ff ff ff ff ff ff ff ff ff 80 07 ff ff
0001b110: ff ff ff ff ff ff ff ff ff f8 00 7f ff ff ff ff
0001b120: ff ff ff ff ff ff ff 80 07 ff ff ff ff ff ff ff
0001b130: ff ff ff ff f8 00 7f ff ff ff ff ff ff ff ff ff
0001b140: ff ff 80 07 ff ff ff ff ff ff ff ff ff ff ff f8
0001b150: 00 7f ff ff ff ff ff ff ff ff ff ff ff 80 07 ff
0001b160: ff ff ff ff ff ff ff ff ff ff f8 00 7f ff ff ff
0001b170: ff ff ff ff ff ff ff ff 80 07 ff ff ff ff ff ff
0001b180: ff ff ff ff ff f8 00 7f ff ff ff ff ff ff ff ff
0001b190: ff ff ff 80 07 ff ff ff ff ff ff ff ff ff ff ff
0001b1a0: f8 00 7f ff ff ff ff ff ff ff ff ff ff ff 80 07
0001b1b0: ff ff ff ff ff ff ff ff ff ff ff f8 00 7f ff ff
0001b1c0: ff ff ff ff ff ff ff ff ff 80 07 ff ff ff ff ff
0001b1d0: ff ff ff ff ff ff f8 00 7f ff ff ff ff ff ff ff
0001b1e0: ff ff ff ff 80 07 ff ff ff ff ff ff ff ff ff ff
0001b1f0: ff f8 00 7f ff ff ff ff ff ff ff ff ff ff ff 80
0001b200: 07 ff ff ff ff ff ff ff ff ff ff ff f8 00 7f ff
0001b210: ff ff ff ff ff ff ff ff ff ff 80 07 ff ff ff ff
0001b220: ff ff ff ff ff ff ff f8 00 7f ff ff ff ff ff ff
0001b230: ff ff ff ff ff 80 07 ff ff ff ff ff ff ff ff ff
0001b240: ff ff f8 00 7f ff ff ff ff ff ff ff ff ff ff ff
0001b250: 80 07 ff ff ff ff ff ff ff ff ff ff ff f8 00 7f
0001b260: ff ff ff ff ff ff ff ff ff ff ff 80 07 ff ff ff
0001b270: ff ff ff ff ff ff ff ff f8 00 7f ff ff ff ff ff
0001b280: ff ff ff ff ff ff 80 07 ff ff ff ff ff ff ff ff
0001b290: ff ff ff f8 00 7f ff ff ff ff ff ff ff ff ff ff
0001b2a0: ff 80 07 ff ff ff ff ff ff ff ff ff ff ff f8 00
0001b2b0: 7f ff ff ff ff ff ff ff ff ff ff ff 80 07 ff ff
0001b2c0: ff ff ff ff ff ff ff ff ff f8 00 7f ff ff ff ff
0001b2d0: ff ff ff ff ff ff ff 80 07 ff ff ff ff ff ff ff
0001b2e0: ff ff ff ff f8 00 7f ff ff ff ff ff ff ff ff ff
0001b2f0: ff ff 80 07 ff ff ff ff ff ff ff ff ff ff ff f8
0001b300: 00 7f ff ff ff ff ff ff ff ff ff ff ff 80 07 ff
0001b310: ff ff ff ff ff ff ff ff ff ff f8 00 7f ff ff ff
0001b320: ff ff ff ff ff ff ff ff 80 07 ff ff ff ff ff ff
0001b330: ff ff ff ff ff f8 00 7f ff ff ff ff ff ff ff ff
0001b340: ff ff ff 80 07 ff ff ff ff ff ff ff ff ff ff ff
0001b350: f8 00 7f ff ff ff ff ff ff ff ff ff ff ff 80 07
0001b360: ff ff ff ff ff ff ff ff ff ff ff f8 00 7f ff ff
0001b370: ff ff ff ff ff ff ff ff ff 80 07 ff ff ff ff ff
0001b380: ff ff ff ff ff ff f8 00 7f ff ff ff ff ff ff ff
0001b390: ff ff ff ff 80 07 ff ff ff ff ff ff ff ff ff ff
0001b3a0: ff f8 00 7f ff ff ff ff ff ff ff ff ff ff ff 80
0001b3b0: 07 ff ff ff ff ff ff ff ff ff ff ff f8 00 7f ff
0001b3c0: ff ff ff ff ff ff ff ff ff ff 80 07 ff ff ff ff
0001b3d0: ff ff ff ff ff ff ff f8 00 7f ff ff ff ff ff ff
0001b3e0: ff ff ff ff ff 80 07 ff ff ff ff ff ff ff ff ff
0001b3f0: ff ff f8 00 7f ff ff ff ff ff ff ff ff ff ff ff
0001b400: 80 07 ff ff ff ff ff ff ff ff ff ff ff f8 00 7f
0001b410: ff ff ff ff ff ff ff ff ff ff ff 80 07 ff ff ff
0001b420: ff ff ff ff ff ff ff ff f8 00 7f ff ff ff ff ff
0001b430: ff ff ff ff ff ff 80 07 ff ff ff ff ff ff ff ff
0001b440: ff ff ff f8 00 7f ff ff ff ff ff ff ff ff ff ff
0001b450: ff 80 07 ff ff ff ff ff ff ff ff ff ff ff f8 00
0001b460: 7f ff ff ff ff ff ff ff ff ff ff ff 80 07 ff ff
0001b470: ff ff ff ff ff ff ff ff ff f8 00 7f ff ff ff ff
0001b480: ff ff ff ff ff ff ff 80 07 ff ff ff ff ff ff ff
0001b490: ff ff ff ff f8 00 7f ff ff ff ff ff ff ff ff ff
0001b4a0: ff ff 80 07 ff ff ff ff ff ff ff ff ff ff ff f8
0001b4b0: 00 7f ff ff ff ff ff ff ff ff ff ff ff 80 07 ff
0001b4c0: ff ff ff ff ff ff ff ff ff ff f8 00 7f ff ff ff
0001b4d0: ff ff ff ff ff ff ff ff 80 07 ff ff ff ff ff ff
0001b4e0: ff ff ff ff ff f8 00 7f ff ff ff ff ff ff ff ff
0001b4f0: ff ff ff 80 07 ff ff ff ff ff ff ff ff ff ff ff
0001b500: f8 00 7f ff ff ff ff ff ff ff ff ff ff ff 80 07
0001b510: ff ff ff ff ff ff ff ff ff ff ff f8 00 7f ff ff
0001b520: ff ff ff ff ff ff ff ff ff 80 07 ff ff ff ff ff
0001b530: ff ff ff ff ff ff f8 00 7f ff ff ff ff ff ff ff
0001b540: ff ff ff ff 80 07 ff ff ff ff ff ff ff ff ff ff
0001b550: ff f8 00 7f ff ff ff ff ff ff ff ff ff ff ff 80
0001b560: 07 ff ff ff ff ff ff ff ff ff ff ff f8 00 7f ff
0001b570: ff ff ff ff ff ff ff ff ff ff 80 07 ff ff ff ff
0001b580: ff ff ff ff ff ff ff f8 00 7f ff ff ff ff ff ff
0001b590: ff ff ff ff ff 80 07 ff ff ff ff ff ff ff ff ff
0001b5a0: ff ff f8 00 7f ff ff ff ff ff ff ff ff ff ff ff
0001b5b0: 80 07 ff ff ff ff ff ff ff ff ff ff ff f8 00 7f
0001b5c0: ff ff ff ff ff ff ff ff ff ff ff 80 07 ff ff ff
0001b5d0: ff ff ff ff ff ff ff ff f8 00 7f ff ff ff ff ff
0001b5e0: ff ff ff ff ff ff 80 07 ff ff ff ff ff ff ff ff
0001b5f0: ff ff ff f8 00 7f ff ff ff ff ff ff ff ff ff ff
0001b600: ff 80 07 ff ff ff ff ff ff ff ff ff ff ff f8 00
0001b610: 7f ff ff ff ff ff ff ff ff ff ff ff 80 07 ff ff
0001b620: ff ff ff ff ff ff ff ff ff f8 00 7f ff ff ff ff
0001b630: ff ff ff ff ff ff ff 80 07 ff ff ff ff ff ff ff
0001b640: ff ff ff ff f8 00 7f ff ff ff ff ff ff ff ff ff
0001b650: ff ff 80 07 ff ff ff ff ff ff ff ff ff ff ff f8
0001b660: 00 7f ff ff ff ff ff ff ff ff ff ff ff 80 07 ff
0001b670: ff ff ff ff ff ff ff ff ff ff f8 00 7f ff ff ff
0001b680: ff ff ff ff ff ff ff ff 80 07 ff ff ff ff ff ff
0001b690: ff ff ff ff ff f8 00 7f ff ff ff ff ff ff ff ff
0001b6a0: ff ff ff 80 07 ff ff ff ff ff ff ff ff ff ff ff
0001b6b0: f8 00 7f ff ff ff ff ff ff ff ff ff ff ff 80 07
0001b6c0: ff ff ff ff ff ff ff ff ff ff ff f8 00 7f ff ff
0001b6d0: ff ff ff ff ff ff ff ff ff 80 07 ff ff ff ff ff
0001b6e0: ff ff ff ff ff ff f8 00 7f ff ff ff ff ff ff ff
0001b6f0: ff ff ff ff 80 07 ff ff ff ff ff ff ff ff ff ff
0001b700: ff f8 00 7f ff ff ff ff ff ff ff ff ff ff ff 80
0001b710: 07 ff ff ff ff ff ff ff ff ff ff ff f8 00 7f ff
0001b720: ff ff ff ff ff ff ff ff ff ff 80 07 ff ff ff ff
0001b730: ff ff ff ff ff ff ff f8 00 7f ff ff ff ff ff ff
0001b740: ff ff ff ff ff 80 07 ff ff ff ff ff ff ff ff ff
0001b750: ff ff f8 00 7f ff ff ff ff ff ff ff ff ff ff ff
0001b760: 80 07 ff ff ff ff ff ff ff ff ff ff ff f8 00 7f
0001b770: ff ff ff ff ff ff ff ff ff ff ff 80 07 ff ff ff
0001b780: ff ff ff ff ff ff ff ff f8 00 7f ff ff ff ff ff
0001b790: ff ff ff ff ff ff 80 07 ff ff ff ff ff ff ff ff
0001b7a0: ff ff ff f8 00 7f ff ff ff ff ff ff ff ff ff ff
0001b7b0: ff 80 07 ff ff ff ff ff ff ff ff ff ff ff f8 00
0001b7c0: 7f ff ff ff ff ff ff ff ff ff ff ff 80 07 ff ff
0001b7d0: ff ff ff ff ff ff ff ff ff f8 00 7f ff ff ff ff
0001b7e0: ff ff ff ff ff ff ff 80 07 ff ff ff ff ff ff ff
0001b7f0: ff ff ff ff f8 00 7f ff ff ff ff ff ff ff ff ff
0001b800: ff ff 80 07 ff ff ff ff ff ff ff ff ff ff ff f8
0001b810: 00 7f ff ff ff ff ff ff ff ff ff ff ff 80 07 ff
0001b820: ff ff ff ff ff ff ff ff ff ff f8 00 7f ff ff ff
0001b830: ff ff ff ff ff ff ff ff 80 07 ff ff ff ff ff ff
0001b840: ff ff ff ff ff f8 00 7f ff ff ff ff ff ff ff ff
0001b850: ff ff ff 80 07 ff ff ff ff ff ff ff ff ff ff ff
0001b860: f8 00 7f ff ff ff ff ff ff ff ff ff ff ff 80 07
0001b870: ff ff ff ff ff ff ff ff ff ff ff f8 00 7f ff ff
0001b880: ff ff ff ff ff ff ff ff ff 80 07 ff ff ff ff ff
0001b890: ff ff ff ff ff ff f8 00 7f ff ff ff ff ff ff ff
0001b8a0: ff ff ff ff 80 07 ff ff ff ff ff ff ff ff ff ff
0001b8b0: ff f8 00 7f ff ff ff ff ff ff ff ff ff ff ff 80
0001b8c0: 07 ff ff ff ff ff ff ff ff ff ff ff f8 00 7f ff
0001b8d0: ff ff ff ff ff ff ff ff ff ff 80 07 ff ff ff ff
0001b8e0: ff ff ff ff ff ff ff f8 00 7f ff ff ff ff ff ff
0001b8f0: ff ff ff ff ff 80 07 ff ff ff ff ff ff ff ff ff
0001b900: ff ff f8 00 7f ff ff ff ff ff ff ff ff ff ff ff
0001b910: 80 07 ff ff ff ff ff ff ff ff ff ff ff f8 00 7f
0001b920: ff ff ff ff ff ff ff ff ff ff ff 80 07 ff ff ff
0001b930: ff ff ff ff ff ff ff ff f8 00 7f ff ff ff ff ff
0001b940: ff ff ff ff ff ff 80 07 ff ff ff ff ff ff ff ff
0001b950: ff ff ff f8 00 7f ff ff ff ff ff ff ff ff ff ff
0001b960: ff 80 07 ff ff ff ff ff ff ff ff ff ff ff f8 00
0001b970: 7f ff ff ff ff ff ff ff ff ff ff ff 80 07 ff ff
0001b980: ff ff ff ff ff ff ff ff ff f8 00 7f ff ff ff ff
0001b990: ff ff ff ff ff ff ff 80 07 ff ff ff ff ff ff ff
0001b9a0: ff ff ff ff f8 00 7f ff ff ff ff ff ff ff ff ff
0001b9b0: ff ff 80 07 ff ff ff ff ff ff ff ff ff ff ff f8
0001b9c0: 00 7f ff ff ff ff ff ff ff ff ff ff ff 80 07 ff
0001b9d0: ff ff ff ff ff ff ff ff ff ff f8 00 7f ff ff ff
0001b9e0: ff ff ff ff ff ff ff ff 80 07 ff ff ff ff ff ff
0001b9f0: ff ff ff ff ff f8 00 7f ff ff ff ff ff ff ff ff
0001ba00: ff ff ff 80 07 ff ff ff ff ff ff ff ff ff ff ff
0001ba10: f8 00 7f ff ff ff ff ff ff ff ff ff ff ff 80 07
0001ba20: ff ff ff ff ff ff ff ff ff ff ff f8 00 7f ff ff
0001ba30: ff ff ff ff ff ff ff ff ff 80 07 ff ff ff ff ff
0001ba40: ff ff ff ff ff ff f8 00 7f ff ff ff ff ff ff ff
0001ba50: ff ff ff ff 80 07 ff ff ff ff ff ff ff ff ff ff
0001ba60: ff f8 00 7f ff ff ff ff ff ff ff ff ff ff ff 80
0001ba70: 07 ff ff ff ff ff ff ff ff ff ff ff f8 00 7f ff
0001ba80: ff ff ff ff ff ff ff ff ff ff 80 07 ff ff ff ff
0001ba90: ff ff ff ff ff ff ff f8 00 7f ff ff ff ff ff ff
0001baa0: ff ff ff ff ff 80 07 ff ff ff ff ff ff ff ff ff
0001bab0: ff ff f8 00 7f ff ff ff ff ff ff ff ff ff ff ff
0001bac0: 80 07 ff ff ff ff ff ff ff ff ff ff ff f8 00 7f
0001bad0: ff ff ff ff ff ff ff ff ff ff ff 80 07 ff ff ff
0001bae0: ff ff ff ff ff ff ff ff f8 00 7f ff ff ff ff ff
0001baf0: ff ff ff ff ff ff 80 07 ff ff ff ff ff ff ff ff
0001bb00: ff ff ff f8 00 7f ff ff ff ff ff ff ff ff ff ff
0001bb10: ff 80 07 ff ff ff ff ff ff ff ff ff ff ff f8 00
0001bb20: 7f ff ff ff ff ff ff ff ff ff ff ff 80 07 ff ff
0001bb30: ff ff ff ff ff ff ff ff ff f8 00 7f ff ff ff ff
0001bb40: ff ff ff ff ff ff ff 80 07 ff ff ff ff ff ff ff
0001bb50: ff ff ff ff f8 00 7f ff ff ff ff ff ff ff ff ff
0001bb60: ff ff 80 07 ff ff ff ff ff ff ff ff ff ff ff f8
0001bb70: 00 7f ff ff ff ff ff ff ff ff ff ff ff 80 07 ff
0001bb80: ff ff ff ff ff ff ff ff ff ff f8 00 7f ff ff ff
0001bb90: ff ff ff ff ff ff ff ff 80 07 ff ff ff ff ff ff
0001bba0: ff ff ff ff ff f8 00 7f ff ff ff ff ff ff ff ff
0001bbb0: ff ff ff 80 07 ff ff ff ff ff ff ff ff ff ff ff
0001bbc0: f8 00 7f ff ff ff ff ff ff ff ff ff ff ff 80 07
0001bbd0: ff ff ff ff ff ff ff ff ff ff ff f8 00 7f ff ff
0001bbe0: ff ff ff ff ff ff ff ff ff 80 07 ff ff ff ff ff
0001bbf0: ff ff ff ff ff ff f8 00 7f ff ff ff ff ff ff ff
0001bc00: ff ff ff ff 80 07 ff ff ff ff ff ff ff ff ff ff
0001bc10: ff f8 00 7f ff ff ff ff ff ff ff ff ff ff ff 80
0001bc20: 07 ff ff ff ff ff ff ff ff ff ff ff f8 00 7f ff
0001bc30: ff ff ff ff ff ff ff ff ff ff 80 07 ff ff ff ff
0001bc40: ff ff ff ff ff ff ff f8 00 7f ff ff ff ff ff ff
0001bc50: ff ff ff ff ff 80 07 ff ff ff ff ff ff ff ff ff
0001bc60: ff ff f8 00 7f ff ff ff ff ff ff ff ff ff ff ff
0001bc70: 80 07 ff ff ff ff ff ff ff ff ff ff ff f8 00 7f
0001bc80: ff ff ff ff ff ff ff ff ff ff ff 80 07 ff ff ff
0001bc90: ff ff ff ff ff ff ff ff f8 00 7f ff ff ff ff ff
0001bca0: ff ff ff ff ff ff 80 07 ff ff ff ff ff ff ff ff
0001bcb0: ff ff ff f8 00 7f ff ff ff ff ff ff ff ff ff ff
0001bcc0: ff 80 07 ff ff ff ff ff ff ff ff ff ff ff f8 00
0001bcd0: 7f ff ff ff ff ff ff ff ff ff ff ff 80 07 ff ff
0001bce0: ff ff ff ff ff ff ff ff ff f8 00 7f ff ff ff ff
0001bcf0: ff ff ff ff ff ff ff 80 07 ff ff ff ff ff ff ff
0001bd00: ff ff ff ff f8 00 7f ff ff ff ff ff ff ff ff ff
0001bd10: ff ff 80 07 ff ff ff ff ff ff ff ff ff ff ff f8
0001bd20: 00 7f ff ff ff ff ff ff ff ff ff ff ff 80 07 ff
0001bd30: ff ff ff ff ff ff ff ff ff ff f8 00 7f ff ff ff
0001bd40: ff ff ff ff ff ff ff ff 80 07 ff ff ff ff ff ff
0001bd50: ff ff ff ff ff f8 00 7f ff ff ff ff ff ff ff ff
0001bd60: ff ff ff 80 07 ff ff ff ff ff ff ff ff ff ff ff
0001bd70: f8 00 7f ff ff ff ff ff ff ff ff ff ff ff 80 07
0001bd80: ff ff ff ff ff ff ff ff ff ff ff f8 00 7f ff ff
0001bd90: ff ff ff ff ff ff ff ff ff 80 07 ff ff ff ff ff
0001bda0: ff ff ff ff ff ff f8 00 7f ff ff ff ff ff ff ff
0001bdb0: ff ff ff ff 80 07 ff ff ff ff ff ff ff ff ff ff
0001bdc0: ff f8 00 7f ff ff ff ff ff ff ff ff ff ff ff 80
0001bdd0: 07 ff ff ff ff ff ff ff ff ff ff ff f8 00 7f ff
0001bde0: ff ff ff ff ff ff ff ff ff ff 80 07 ff ff ff ff
0001bdf0: ff ff ff ff ff ff ff f8 00 7f ff ff ff ff ff ff
0001be00: ff ff ff ff ff 80 07 ff ff ff ff ff ff ff ff ff
0001be10: ff ff f8 00 7f ff ff ff ff ff ff ff ff ff ff ff
0001be20: 80 07 ff ff ff ff ff ff ff ff ff ff ff f8 00 7f
0001be30: ff ff ff ff ff ff ff ff ff ff ff 80 07 ff ff ff
0001be40: ff ff ff ff ff ff ff ff f8 00 7f ff ff ff ff ff
0001be50: ff ff ff ff ff ff 80 07 ff ff ff ff ff ff ff ff
0001be60: ff ff ff f8 00 7f ff ff ff ff ff ff ff ff ff ff
0001be70: ff 80 07 ff ff ff ff ff ff ff ff ff ff ff f8 00
0001be80: 7f ff ff ff ff ff ff ff ff ff ff ff 80 07 ff ff
0001be90: ff ff ff ff ff ff ff ff ff f8 00 7f ff ff ff ff
0001bea0: ff ff ff ff ff ff ff 80 07 ff ff ff ff ff ff ff
0001beb0: ff ff ff ff f8 00 7f ff ff ff ff ff ff ff ff ff
0001bec0: ff ff 80 07 ff ff ff ff ff ff ff ff ff ff ff f8
0001bed0: 00 7f ff ff ff ff ff ff ff ff ff ff ff 80 07 ff
0001bee0: ff ff ff ff ff ff ff ff ff ff f8 00 7f ff ff ff
0001bef0: ff ff ff ff ff ff ff ff 80 07 ff ff ff ff ff ff
0001bf00: ff ff ff ff ff f8 00 7f ff ff ff ff ff ff ff ff
0001bf10: ff ff ff 80 07 ff ff ff ff ff ff ff ff ff ff ff
0001bf20: f8 00 7f ff ff ff ff ff ff ff ff ff ff ff 80 07
0001bf30: ff ff ff ff ff ff ff ff ff ff ff f8 00 7f ff ff
0001bf40: ff ff ff ff ff ff ff ff ff 80 07 ff ff ff ff ff
0001bf50: ff ff ff ff ff ff f8 00 7f ff ff ff ff ff ff ff
0001bf60: ff ff ff ff 80 07 ff ff ff ff ff ff ff ff ff ff
0001bf70: ff f8 00 7f ff ff ff ff ff ff ff ff ff ff ff 80
0001bf80: 07 ff ff ff ff ff ff ff ff ff ff ff f8 00 7f ff
0001bf90: ff ff ff ff ff ff ff ff ff ff 80 07 ff ff ff ff
0001bfa0: ff ff ff ff ff ff ff f8 00 7f ff ff ff ff ff ff
0001bfb0: ff ff ff ff ff 80 07 ff ff ff ff ff ff ff ff ff
0001bfc0: ff ff f8 00 7f ff ff ff ff ff ff ff ff ff ff ff
0001bfd0: 80 07 ff ff ff ff ff ff ff ff ff ff ff f8 00 7f
0001bfe0: ff ff ff ff ff ff ff ff ff ff ff 80 07 ff ff ff
0001bff0: ff ff ff ff ff ff ff ff f8 00 7f ff ff ff ff ff
0001c000: ff ff ff ff ff ff 80 07 ff ff ff ff ff ff ff ff
0001c010: ff ff ff f8 00 7f ff ff ff ff ff ff ff ff ff ff
0001c020: ff 80 07 ff ff ff ff ff ff ff ff ff ff ff f8 00
0001c030: 7f ff ff ff ff ff ff ff ff ff ff ff 80 07 ff ff
0001c040: ff ff ff ff ff ff ff ff ff f8 00 7f ff ff ff ff
0001c050: ff ff ff ff ff ff ff 80 07 ff ff ff ff ff ff ff
0001c060: ff ff ff ff f8 00 7f ff ff ff ff ff ff ff ff ff
0001c070: ff ff 80 07 ff ff ff ff ff ff ff ff ff ff ff f8
0001c080: 00 7f ff ff ff ff ff ff ff ff ff ff ff 80 07 ff
0001c090: ff ff ff ff ff ff ff ff ff ff f8 00 7f ff ff ff
0001c0a0: ff ff ff ff ff ff ff ff 80 07 ff ff ff ff ff ff
0001c0b0: ff ff ff ff ff f8 00 7f ff ff ff ff ff ff ff ff
0001c0c0: ff ff ff 80 07 ff ff ff ff ff ff ff ff ff ff ff
0001c0d0: f8 00 7f ff ff ff ff ff ff ff ff ff ff ff 80 07
0001c0e0: ff ff ff ff ff ff ff ff ff ff ff f8 00 7f ff ff
0001c0f0: ff ff ff ff ff ff ff ff ff 80 07 ff ff ff ff ff
0001c100: ff ff ff ff ff ff f8 00 7f ff ff ff ff ff ff ff
0001c110: ff ff ff ff 80 07 ff ff ff ff ff ff ff ff ff ff
0001c120: ff f8 00 7f ff ff ff ff ff ff ff ff ff ff ff 80
0001c130: 07 ff ff ff ff ff ff ff ff ff ff ff f8 00 7f ff
0001c140: ff ff ff ff ff ff ff ff ff ff 80 07 ff ff ff ff
0001c150: ff ff ff ff ff ff ff f8 00 7f ff ff ff ff ff ff
0001c160: ff ff ff ff ff 80 07 ff ff ff ff ff ff ff ff ff
0001c170: ff ff f8 00 7f ff ff ff ff ff ff ff ff ff ff ff
0001c180: 80 07 ff ff ff ff ff ff ff ff ff ff ff f8 00 7f
0001c190: ff ff ff ff ff ff ff ff ff ff ff 80 07 ff ff ff
0001c1a0: ff ff ff ff ff ff ff ff f8 00 7f ff ff ff ff ff
0001c1b0: ff ff ff ff ff ff 80 07 ff ff ff ff ff ff ff ff
0001c1c0: ff ff ff f8 00 7f ff ff ff ff ff ff ff ff ff ff
0001c1d0: ff 80 07 ff ff ff ff ff ff ff ff ff ff ff f8 00
0001c1e0: 7f ff ff ff ff ff ff ff ff ff ff ff 80 07 ff ff
0001c1f0: ff ff ff ff ff ff ff ff ff f8 00 7f ff ff ff ff
0001c200: ff ff ff ff ff ff ff 80 07 ff ff ff ff ff ff ff
0001c210: ff ff ff ff f8 00 7f ff ff ff ff ff ff ff ff ff
0001c220: ff ff 80 07 ff ff ff ff ff ff ff ff ff ff ff f8
0001c230: 00 7f ff ff ff ff ff ff ff ff ff ff ff 80 07 ff
0001c240: ff ff ff ff ff ff ff ff ff ff f8 00 7f ff ff ff
0001c250: ff ff ff ff ff ff ff ff 80 07 ff ff ff ff ff ff
0001c260: ff ff ff ff ff f8 00 7f ff ff ff ff ff ff ff ff
0001c270: ff ff ff 80 07 ff ff ff ff ff ff ff ff ff ff ff
0001c280: f8 00 7f ff ff ff ff ff ff ff ff ff ff ff 80 07
0001c290: ff ff ff ff ff ff ff ff ff ff ff f8 00 7f ff ff
0001c2a0: ff ff ff ff ff ff ff ff ff 80 07 ff ff ff ff ff
0001c2b0: ff ff ff ff ff ff f8 00 7f ff ff ff ff ff ff ff
0001c2c0: ff ff ff ff 80 07 ff ff ff ff ff ff ff ff ff ff
0001c2d0: ff f8 00 7f ff ff ff ff ff ff ff ff ff ff ff 80
0001c2e0: 07 ff ff ff ff ff ff ff ff ff ff ff f8 00 7f ff
0001c2f0: ff ff ff ff ff ff ff ff ff ff 80 07 ff ff ff ff
0001c300: ff ff ff ff ff ff ff f8 00 7f ff ff ff ff ff ff
0001c310: ff ff ff ff ff 80 07 ff ff ff ff ff ff ff ff ff
0001c320: ff ff f8 00 7f ff ff ff ff ff ff ff ff ff ff ff
0001c330: 80 07 ff ff ff ff ff ff ff ff ff ff ff f8 00 7f
0001c340: ff ff ff ff ff ff ff ff ff ff ff 80 07 ff ff ff
0001c350: ff ff ff ff ff ff ff ff f8 00 7f ff ff ff ff ff
0001c360: ff ff ff ff ff ff 80 07 ff ff ff ff ff ff ff ff
0001c370: ff ff ff f8 00 7f ff ff ff ff ff ff ff ff ff ff
0001c380: ff 80 07 ff ff ff ff ff ff ff ff ff ff ff f8 00
0001c390: 7f ff ff ff ff ff ff ff ff ff ff ff 80 07 ff ff
0001c3a0: ff ff ff ff ff ff ff ff ff f8 00 7f ff ff ff ff
0001c3b0: ff ff ff ff ff ff ff 80 07 ff ff ff ff ff ff ff
0001c3c0: ff ff ff ff f8 00 7f ff ff ff ff ff ff ff ff ff
0001c3d0: ff ff 80 07 ff ff ff ff ff ff ff ff ff ff ff f8
0001c3e0: 00 7f ff ff ff ff ff ff ff ff ff ff ff 80 07 ff
0001c3f0: ff ff ff ff ff ff ff ff ff ff f8 00 7f ff ff ff
0001c400: ff ff ff ff ff ff ff ff 80 07 ff ff ff ff ff ff
0001c410: ff ff ff ff ff f8 00 7f ff ff ff ff ff ff ff ff
0001c420: ff ff ff 80 07 ff ff ff ff ff ff ff ff ff ff ff
0001c430: f8 00 7f ff ff ff ff ff ff ff ff ff ff ff 80 07
0001c440: ff ff ff ff ff ff ff ff ff ff ff f8 00 7f ff ff
0001c450: ff ff ff ff ff ff ff ff ff 80 07 ff ff ff ff ff
0001c460: ff ff ff ff ff ff f8 00 7f ff ff ff ff ff ff ff
0001c470: ff ff ff ff 80 07 ff ff ff ff ff ff ff ff ff ff
0001c480: ff f8 00 7f ff ff ff ff ff ff ff ff ff ff ff 80
0001c490: 07 ff ff ff ff ff ff ff ff ff ff ff f8 00 7f ff
0001c4a0: ff ff ff ff ff ff ff ff ff ff 80 07 ff ff ff ff
0001c4b0: ff ff ff ff ff ff ff f8 00 7f ff ff ff ff ff ff
0001c4c0: ff ff ff ff ff 80 07 ff ff ff ff ff ff ff ff ff
0001c4d0: ff ff f8 00 7f ff ff ff ff ff ff ff ff ff ff ff
0001c4e0: 80 07 ff ff ff ff ff ff ff ff ff ff ff f8 00 7f
0001c4f0: ff ff ff ff ff ff ff ff ff ff ff 80 07 ff ff ff
0001c500: ff ff ff ff ff ff ff ff f8 00 7f ff ff ff ff ff
0001c510: ff ff ff ff ff ff 80 07 ff ff ff ff ff ff ff ff
0001c520: ff ff ff f8 00 7f ff ff ff ff ff ff ff ff ff ff
0001c530: ff 80 07 ff ff ff ff ff ff ff ff ff ff ff f8 00
0001c540: 7f ff ff ff ff ff ff ff ff ff ff ff 80 07 ff ff
0001c550: ff ff ff ff ff ff ff ff ff f8 00 7f ff ff ff ff
0001c560: ff ff ff ff ff ff ff 80 07 ff ff ff ff ff ff ff
0001c570: ff ff ff ff f8 00 7f ff ff ff ff ff ff ff ff ff
0001c580: ff ff 80 07 ff ff ff ff ff ff ff ff ff ff ff f8
0001c590: 00 7f ff ff ff ff ff ff ff ff ff ff ff 80 07 ff
0001c5a0: ff ff ff ff ff ff ff ff ff ff f8 00 7f ff ff ff
0001c5b0: ff ff ff ff ff ff ff ff 80 07 ff ff ff ff ff ff
0001c5c0: ff ff ff ff ff f8 00 7f ff ff ff ff ff ff ff ff
0001c5d0: ff ff ff 80 07 ff ff ff ff ff ff ff ff ff ff ff
0001c5e0: f8 00 7f ff ff ff ff ff ff ff ff ff ff ff 80 07
0001c5f0: ff ff ff ff ff ff ff ff ff ff ff f8 00 7f ff ff
0001c600: ff ff ff ff ff ff ff ff ff 80 07 ff ff ff ff ff
0001c610: ff ff ff ff ff ff f8 00 7f ff ff ff ff ff ff ff
0001c620: ff ff ff ff 80 07 ff ff ff ff ff ff ff ff ff ff
0001c630: ff f8 00 7f ff ff ff ff ff ff ff ff ff ff ff 80
0001c640: 07 ff ff ff ff ff ff ff ff ff ff ff f8 00 7f ff
0001c650: ff ff ff ff ff ff ff ff ff ff 80 07 ff ff ff ff
0001c660: ff ff ff ff ff ff ff f8 00 7f ff ff ff ff ff ff
0001c670: ff ff ff ff ff 80 07 ff ff ff ff ff ff ff ff ff
0001c680: ff ff f8 00 7f ff ff ff ff ff ff ff ff ff ff ff
0001c690: 80 07 ff ff ff ff ff ff ff ff ff ff ff f8 00 7f
0001c6a0: ff ff ff ff ff ff ff ff ff ff ff 80 07 ff ff ff
0001c6b0: ff ff ff ff ff ff ff ff f8 00 7f ff ff ff ff ff
0001c6c0: ff ff ff ff ff ff 80 07 ff ff ff ff ff ff ff ff
0001c6d0: ff ff ff f8 00 7f ff ff ff ff ff ff ff ff ff ff
0001c6e0: ff 80 07 ff ff ff ff ff ff ff ff ff ff ff f8 00
0001c6f0: 7f ff ff ff ff ff ff ff ff ff ff ff 80 07 ff ff
0001c700: ff ff ff ff ff ff ff ff ff f8 00 7f ff ff ff ff
0001c710: ff ff ff ff ff ff ff 80 07 ff ff ff ff ff ff ff
0001c720: ff ff ff ff f8 00 7f ff ff ff ff ff ff ff ff ff
0001c730: ff ff 80 07 ff ff ff ff ff ff ff ff ff ff ff f8
0001c740: 00 7f ff ff ff ff ff ff ff ff ff ff ff 80 07 ff
0001c750: ff ff ff ff ff ff ff ff ff ff f8 00 7f ff ff ff
0001c760: ff ff ff ff ff ff ff ff 80 07 ff ff ff ff ff ff
0001c770: ff ff ff ff ff f8 00 7f ff ff ff ff ff ff ff ff
0001c780: ff ff ff 80 07 ff ff ff ff ff ff ff ff ff ff ff
0001c790: f8 00 7f ff ff ff ff ff ff ff ff ff ff ff 80 07
0001c7a0: ff ff ff ff ff ff ff ff ff ff ff f8 00 7f ff ff
0001c7b0: ff ff ff ff ff ff ff ff ff 80 07 ff ff ff ff ff
0001c7c0: ff ff ff ff ff ff f8 00 7f ff ff ff ff ff ff ff
0001c7d0: ff ff ff ff 80 07 ff ff ff ff ff ff ff ff ff ff
0001c7e0: ff f8 00 7f ff ff ff ff ff ff ff ff ff ff ff 80
0001c7f0: 07 ff ff ff ff ff ff ff ff ff ff ff f8 00 7f ff
0001c800: ff ff ff ff ff ff ff ff ff ff 80 07 ff ff ff ff
0001c810: ff ff ff ff ff ff ff f8 00 7f ff ff ff ff ff ff
0001c820: ff ff ff ff ff 80 07 ff ff ff ff ff ff ff ff ff
0001c830: ff ff f8 00 7f ff ff ff ff ff ff ff ff ff ff ff
0001c840: 80 07 ff ff ff ff ff ff ff ff ff ff ff f8 00 7f
0001c850: ff ff ff ff ff ff ff ff ff ff ff 80 07 ff ff ff
0001c860: ff ff ff ff ff ff ff ff f8 00 7f ff ff ff ff ff
0001c870: ff ff ff ff ff ff 80 07 ff ff ff ff ff ff ff ff
0001c880: ff ff ff f8 00 7f ff ff ff ff ff ff ff ff ff ff
0001c890: ff 80 07 ff ff ff ff ff ff ff ff ff ff ff f8 00
0001c8a0: 7f ff ff ff ff ff ff ff ff ff ff ff 80 07 ff ff
0001c8b0: ff ff ff ff ff ff ff ff ff f8 00 7f ff ff ff ff
0001c8c0: ff ff ff ff ff ff ff 80 07 ff ff ff ff ff ff ff
0001c8d0: ff ff ff ff f8 00 7f ff ff ff ff ff ff ff ff ff
0001c8e0: ff ff 80 07 ff ff ff ff ff ff ff ff ff ff ff f8
0001c8f0: 00 7f ff ff ff ff ff ff ff ff ff ff ff 80 07 ff
0001c900: ff ff ff ff ff ff ff ff ff ff f8 00 7f ff ff ff
0001c910: ff ff ff ff ff ff ff ff 80 07 ff ff ff ff ff ff
0001c920: ff ff ff ff ff f8 00 7f ff ff ff ff ff ff ff ff
0001c930: ff ff ff 80 07 ff ff ff ff ff ff ff ff ff ff ff
0001c940: f8 00 7f ff ff ff ff ff ff ff ff ff ff ff 80 07
0001c950: ff ff ff ff ff ff ff ff ff ff ff f8 00 7f ff ff
0001c960: ff ff ff ff ff ff ff ff ff 80 07 ff ff ff ff ff
0001c970: ff ff ff ff ff ff f8 00 7f ff ff ff ff ff ff ff
0001c980: ff ff ff ff 80 07 ff ff ff ff ff ff ff ff ff ff
0001c990: ff f8 00 7f ff ff ff ff ff ff ff ff ff ff ff 80
0001c9a0: 07 ff ff ff ff ff ff ff ff ff ff ff f8 00 7f ff
0001c9b0: ff ff ff ff ff ff ff ff ff ff 80 07 ff ff ff ff
0001c9c0: ff ff ff ff ff ff ff f8 00 7f ff ff ff ff ff ff
0001c9d0: ff ff ff ff ff 80 07 ff ff ff ff ff ff ff ff ff
0001c9e0: ff ff f8 00 7f ff ff ff ff ff ff ff ff ff ff ff
0001c9f0: 80 07 ff ff ff ff ff ff ff ff ff ff ff f8 00 7f
0001ca00: ff ff ff ff ff ff ff ff ff ff ff 80 07 ff ff ff
0001ca10: ff ff ff ff ff ff ff ff f8 00 7f ff ff ff ff ff
0001ca20: ff ff ff ff ff ff 80 07 ff ff ff ff ff ff ff ff
0001ca30: ff ff ff f8 00 7f ff ff ff ff ff ff ff ff ff ff
0001ca40: ff 80 07 ff ff ff ff ff ff ff ff ff ff ff f8 00
0001ca50: 7f ff ff ff ff ff ff ff ff ff ff ff 80 07 ff ff
0001ca60: ff ff ff ff ff ff ff ff ff f8 00 7f ff ff ff ff
0001ca70: ff ff ff ff ff ff ff 80 07 ff ff ff ff ff ff ff
0001ca80: ff ff ff ff f8 00 7f ff ff ff ff ff ff ff ff ff
0001ca90: ff ff 80 07 ff ff ff ff ff ff ff ff ff ff ff f8
0001caa0: 00 7f ff ff ff ff ff ff ff ff ff ff ff 80 07 ff
0001cab0: ff ff ff ff ff ff ff ff ff ff f8 00 7f ff ff ff
0001cac0: ff ff ff ff ff ff ff ff 80 07 ff ff ff ff ff ff
0001cad0: ff ff ff ff ff f8 00 7f ff ff ff ff ff ff ff ff
0001cae0: ff ff ff 80 07 ff ff ff ff ff ff ff ff ff ff ff
0001caf0: f8 00 7f ff ff ff ff ff ff ff ff ff ff ff 80 07
0001cb00: ff ff ff ff ff ff ff ff ff ff ff f8 00 7f ff ff
0001cb10: ff ff ff ff ff ff ff ff ff 80 07 ff ff ff ff ff
0001cb20: ff ff ff ff ff ff f8 00 7f ff ff ff ff ff ff ff
0001cb30: ff ff ff ff 80 07 ff ff ff ff ff ff ff ff ff ff
0001cb40: ff f8 00 7f ff ff ff ff ff ff ff ff ff ff ff 80
0001cb50: 07 ff ff ff ff ff ff ff ff ff ff ff f8 00 7f ff
0001cb60: ff ff ff ff ff ff ff ff ff ff 80 07 ff ff ff ff
0001cb70: ff ff ff ff ff ff ff f8 00 7f ff ff ff ff ff ff
0001cb80: ff ff ff ff ff 80 07 ff ff ff ff ff ff ff ff ff
0001cb90: ff ff f8 00 7f ff ff ff ff ff ff ff ff ff ff ff
0001cba0: 80 07 ff ff ff ff ff ff ff ff ff ff ff f8 00 7f
0001cbb0: ff ff ff ff ff ff ff ff ff ff ff 80 07 ff ff ff
0001cbc0: ff ff ff ff ff ff ff ff f8 00 7f ff ff ff ff ff
0001cbd0: ff ff ff ff ff ff 80 07 ff ff ff ff ff ff ff ff
0001cbe0: ff ff ff f8 00 7f ff ff ff ff ff ff ff ff ff ff
0001cbf0: ff 80 07 ff ff ff ff ff ff ff ff ff ff ff f8 00
0001cc00: 7f ff ff ff ff ff ff ff ff ff ff ff 80 07 ff ff
0001cc10: ff ff ff ff ff ff ff ff ff f8 00 7f ff ff ff ff
0001cc20: ff ff ff ff ff ff ff 80 07 ff ff ff ff ff ff ff
0001cc30: ff ff ff ff f8 00 7f ff ff ff ff ff ff ff ff ff
0001cc40: ff ff 80 07 ff ff ff ff ff ff ff ff ff ff ff f8
0001cc50: 00 7f ff ff ff ff ff ff ff ff ff ff ff 80 07 ff
0001cc60: ff ff ff ff ff ff ff ff ff ff f8 00 7f ff ff ff
0001cc70: ff ff ff ff ff ff ff ff 80 07 ff ff ff ff ff ff
0001cc80: ff ff ff ff ff f8 00 7f ff ff ff ff ff ff ff ff
0001cc90: ff ff ff 80 07 ff ff ff ff ff ff ff ff ff ff ff
0001cca0: f8 00 7f ff ff ff ff ff ff ff ff ff ff ff 80 07
0001ccb0: ff ff ff ff ff ff ff ff ff ff ff f8 00 7f ff ff
0001ccc0: ff ff ff ff ff ff ff ff ff 80 07 ff ff ff ff ff
0001ccd0: ff ff ff ff ff ff f8 00 7f ff ff ff ff ff ff ff
0001cce0: ff ff ff ff 80 07 ff ff ff ff ff ff ff ff ff ff
0001ccf0: ff f8 00 7f ff ff ff ff ff ff ff ff ff ff ff 80
0001cd00: 07 ff ff ff ff ff ff ff ff ff ff ff f8 00 7f ff
0001cd10: ff ff ff ff ff ff ff ff ff ff 80 07 ff ff ff ff
0001cd20: ff ff ff ff ff ff ff f8 00 7f ff ff ff ff ff ff
0001cd30: ff ff ff ff ff 80 07 ff ff ff ff ff ff ff ff ff
0001cd40: ff ff f8 00 7f ff ff ff ff ff ff ff ff ff ff ff
0001cd50: 80 07 ff ff ff ff ff ff ff ff ff ff ff f8 00 7f
0001cd60: ff ff ff ff ff ff ff ff ff ff ff 80 07 ff ff ff
0001cd70: ff ff ff ff ff ff ff ff f8 00 7f ff ff ff ff ff
0001cd80: ff ff ff ff ff ff 80 07 ff ff ff ff ff ff ff ff
0001cd90: ff ff ff f8 00 7f ff ff ff ff ff ff ff ff ff ff
0001cda0: ff 80 07 ff ff ff ff ff ff ff ff ff ff ff f8 00
0001cdb0: 7f ff ff ff ff ff ff ff ff ff ff ff 80 07 ff ff
0001cdc0: ff ff ff ff ff ff ff ff ff f8 00 7f ff ff ff ff
0001cdd0: ff ff ff ff ff ff ff 80 07 ff ff ff ff ff ff ff
0001cde0: ff ff ff ff f8 00 7f ff ff ff ff ff ff ff ff ff
0001cdf0: ff ff 80 07 ff ff ff ff ff ff ff ff ff ff ff f8
0001ce00: 00 7f ff ff ff ff ff ff ff ff ff ff ff 80 07 ff
0001ce10: ff ff ff ff ff ff ff ff ff ff f8 00 7f ff ff ff
0001ce20: ff ff ff ff ff ff ff ff 80 07 ff ff ff ff ff ff
0001ce30: ff ff ff ff ff f8 00 7f ff ff ff ff ff ff ff ff
0001ce40: ff ff ff 80 07 ff ff ff ff ff ff ff ff ff ff ff
0001ce50: f8 00 7f ff ff ff ff ff ff ff ff ff ff ff 80 07
0001ce60: ff ff ff ff ff ff ff ff ff ff ff f8 00 7f ff ff
0001ce70: ff ff ff ff ff ff ff ff ff 80 07 ff ff ff ff ff
0001ce80: ff ff ff ff ff ff f8 00 7f ff ff ff ff ff ff ff
0001ce90: ff ff ff ff 80 07 ff ff ff ff ff ff ff ff ff ff
0001cea0: ff f8 00 7f ff ff ff ff ff ff ff ff ff ff ff 80
0001ceb0: 07 ff ff ff ff ff ff ff ff ff ff ff f8 00 7f ff
0001cec0: ff ff ff ff ff ff ff ff ff ff 80 07 ff ff ff ff
0001ced0: ff ff ff ff ff ff ff f8 00 7f ff ff ff ff ff ff
0001cee0: ff ff ff ff ff 80 07 ff ff ff ff ff ff ff ff ff
0001cef0: ff ff f8 00 7f ff ff ff ff ff ff ff ff ff ff ff
0001cf00: 80 07 ff ff ff ff ff ff ff ff ff ff ff f8 00 7f
0001cf10: ff ff ff ff ff ff ff ff ff ff ff 80 07 ff ff ff
0001cf20: ff ff ff ff ff ff ff ff f8 00 7f ff ff ff ff ff
0001cf30: ff ff ff ff ff ff 80 07 ff ff ff ff ff ff ff ff
0001cf40: ff ff ff f8 00 7f ff ff ff ff ff ff ff ff ff ff
0001cf50: ff 80 07 ff ff ff ff ff ff ff ff ff ff ff f8 00
0001cf60: 7f ff ff ff ff ff ff ff ff ff ff ff 80 07 ff ff
0001cf70: ff ff ff ff ff ff ff ff ff f8 00 7f ff ff ff ff
0001cf80: ff ff ff ff ff ff ff 80 07 ff ff ff ff ff ff ff
0001cf90: ff ff ff ff f8 00 7f ff ff ff ff ff ff ff ff ff
0001cfa0: ff ff 80 07 ff ff ff ff ff ff ff ff ff ff ff f8
0001cfb0: 00 7f ff ff ff ff ff ff ff ff ff ff ff 80 07 ff
0001cfc0: ff ff ff ff ff ff ff ff ff ff f8 00 7f ff ff ff
0001cfd0: ff ff ff ff ff ff ff ff 80 07 ff ff ff ff ff ff
0001cfe0: ff ff ff ff ff f8 00 7f ff ff ff ff ff ff ff ff
0001cff0: ff ff ff 80 07 ff ff ff ff ff ff ff ff ff ff ff
0001d000: f8 00 7f ff ff ff ff ff ff ff ff ff ff ff 80 07
0001d010: ff ff ff ff ff ff ff ff ff ff ff f8 00 7f ff ff
0001d020: ff ff ff ff ff ff ff ff ff 80 07 ff ff ff ff ff
0001d030: ff ff ff ff ff ff f8 00 7f ff ff ff ff ff ff ff
0001d040: ff ff ff ff 80 07 ff ff ff ff ff ff ff ff ff ff
0001d050: ff f8 00 7f ff ff ff ff ff ff ff ff ff ff ff 80
0001d060: 07 ff ff ff ff ff ff ff ff ff ff ff f8 00 7f ff
0001d070: ff ff ff ff ff ff ff ff ff ff 80 07 ff ff ff ff
0001d080: ff ff ff ff ff ff ff f8 00 7f ff ff ff ff ff ff
0001d090: ff ff ff ff ff 80 07 ff ff ff ff ff ff ff ff ff
0001d0a0: ff ff f8 00 7f ff ff ff ff ff ff ff ff ff ff ff
0001d0b0: 80 07 ff ff ff ff ff ff ff ff ff ff ff f8 00 7f
0001d0c0: ff ff ff ff ff ff ff ff ff ff ff 80 07 ff ff ff
0001d0d0: ff ff ff ff ff ff ff ff f8 00 7f ff ff ff ff ff
0001d0e0: ff ff ff ff ff ff 80 07 ff ff ff ff ff ff ff ff
0001d0f0: ff ff ff f8 00 7f ff ff ff ff ff ff ff ff ff ff
0001d100: ff 80 07 ff ff ff ff ff ff ff ff ff ff ff f8 00
0001d110: 7f ff ff ff ff ff ff ff ff ff ff ff 80 07 ff ff
0001d120: ff ff ff ff ff ff ff ff ff f8 00 7f ff ff ff ff
0001d130: ff ff ff ff ff ff ff 80 07 ff ff ff ff ff ff ff
0001d140: ff ff ff ff f8 00 7f ff ff ff ff ff ff ff ff ff
0001d150: ff ff 80 07 ff ff ff ff ff ff ff ff ff ff ff f8
0001d160: 00 7f ff ff ff ff ff ff ff ff ff ff ff 80 07 ff
0001d170: ff ff ff ff ff ff ff ff ff ff f8 00 7f ff ff ff
0001d180: ff ff ff ff ff ff ff ff 80 07 ff ff ff ff ff ff
0001d190: ff ff ff ff ff f8 00 7f ff ff ff ff ff ff ff ff
0001d1a0: ff ff ff 80 07 ff ff ff ff ff ff ff ff ff ff ff
0001d1b0: f8 00 7f ff ff ff ff ff ff ff ff ff ff ff 80 07
0001d1c0: ff ff ff ff ff ff ff ff ff ff ff f8 00 7f ff ff
0001d1d0: ff ff ff ff ff ff ff ff ff 80 07 ff ff ff ff ff
0001d1e0: ff ff ff ff ff ff f8 00 7f ff ff ff ff ff ff ff
0001d1f0: ff ff ff ff 80 07 ff ff ff ff ff ff ff ff ff ff
0001d200: ff f8 00 7f ff ff ff ff ff ff ff ff ff ff ff 80
0001d210: 07 ff ff ff ff ff ff ff ff ff ff ff f8 00 7f ff
0001d220: ff ff ff ff ff ff ff ff ff ff 80 07 ff ff ff ff
0001d230: ff ff ff ff ff ff ff f8 00 7f ff ff ff ff ff ff
0001d240: ff ff ff ff ff 80 07 ff ff ff ff ff ff ff ff ff
0001d250: ff ff f8 00 7f ff ff ff ff ff ff ff ff ff ff ff
0001d260: 80 07 ff ff ff ff ff ff ff ff ff ff ff f8 00 7f
0001d270: ff ff ff ff ff ff ff ff ff ff ff 80 07 ff ff ff
0001d280: ff ff ff ff ff ff ff ff f8 00 7f ff ff ff ff ff
0001d290: ff ff ff ff ff ff 80 07 ff ff ff ff ff ff ff ff
0001d2a0: ff ff ff f8 00 7f ff ff ff ff ff ff ff ff ff ff
0001d2b0: ff 80 07 ff ff ff ff ff ff ff ff ff ff ff f8 00
0001d2c0: 7f ff ff ff ff ff ff ff ff ff ff ff 80 07 ff ff
0001d2d0: ff ff ff ff ff ff ff ff ff f8 00 7f ff ff ff ff
0001d2e0: ff ff ff ff ff ff ff 80 07 ff ff ff ff ff ff ff
0001d2f0: ff ff ff ff f8 00 7f ff ff ff ff ff ff ff ff ff
0001d300: ff ff 80 07 ff ff ff ff ff ff ff ff ff ff ff f8
0001d310: 00 7f ff ff ff ff ff ff ff ff ff ff ff 80 07 ff
0001d320: ff ff ff ff ff ff ff ff ff ff f8 00 7f ff ff ff
0001d330: ff ff ff ff ff ff ff ff 80 07 ff ff ff ff ff ff
0001d340: ff ff ff ff ff f8 00 7f ff ff ff ff ff ff ff ff
0001d350: ff ff ff 80 07 ff ff ff ff ff ff ff ff ff ff ff
0001d360: f8 00 7f ff ff ff ff ff ff ff ff ff ff ff 80 07
0001d370: ff ff ff ff ff ff ff ff ff ff ff f8 00 7f ff ff
0001d380: ff ff ff ff ff ff ff ff ff 80 07 ff ff ff ff ff
0001d390: ff ff ff ff ff ff f8 00 7f ff ff ff ff ff ff ff
0001d3a0: ff ff ff ff 80 07 ff ff ff ff ff ff ff ff ff ff
0001d3b0: ff f8 00 7f ff ff ff ff ff ff ff ff ff ff ff 80
0001d3c0: 07 ff ff ff ff ff ff ff ff ff ff ff f8 00 7f ff
0001d3d0: ff ff ff ff ff ff ff ff ff ff 80 07 ff ff ff ff
0001d3e0: ff ff ff ff ff ff ff f8 00 7f ff ff ff ff ff ff
0001d3f0: ff ff ff ff ff 80 07 ff ff ff ff ff ff ff ff ff
0001d400: ff ff f8 00 7f ff ff ff ff ff ff ff ff ff ff ff
0001d410: 80 07 ff ff ff ff ff ff ff ff ff ff ff f8 00 7f
0001d420: ff ff ff ff ff ff ff ff ff ff ff 80 07 ff ff ff
0001d430: ff ff ff ff ff ff ff ff f8 00 7f ff ff ff ff ff
0001d440: ff ff ff ff ff ff 80 07 ff ff ff ff ff ff ff ff
0001d450: ff ff ff f8 00 7f ff ff ff ff ff ff ff ff ff ff
0001d460: ff 80 07 ff ff ff ff ff ff ff ff ff ff ff f8 00
0001d470: 7f ff ff ff ff ff ff ff ff ff ff ff 80 07 ff ff
0001d480: ff ff ff ff ff ff ff ff ff f8 00 7f ff ff ff ff
0001d490: ff ff ff ff ff ff ff 80 07 ff ff ff ff ff ff ff
0001d4a0: ff ff ff ff f8 00 7f ff ff ff ff ff ff ff ff ff
0001d4b0: ff ff 80 07 ff ff ff ff ff ff ff ff ff ff ff f8
0001d4c0: 00 7f ff ff ff ff ff ff ff ff ff ff ff 80 07 ff
0001d4d0: ff ff ff ff ff ff ff ff ff ff f8 00 7f ff ff ff
0001d4e0: ff ff ff ff ff ff ff ff 80 07 ff ff ff ff ff ff
0001d4f0: ff ff ff ff ff f8 00 7f ff ff ff ff ff ff ff ff
0001d500: ff ff ff 80 07 ff ff ff ff ff ff ff ff ff ff ff
0001d510: f8 00 7f ff ff ff ff ff ff ff ff ff ff ff 80 07
0001d520: ff ff ff ff ff ff ff ff ff ff ff f8 00 7f ff ff
0001d530: ff ff ff ff ff ff ff ff ff 80 07 ff ff ff ff ff
0001d540: ff ff ff ff ff ff f8 00 7f ff ff ff ff ff ff ff
0001d550: ff ff ff ff 80 07 ff ff ff ff ff ff ff ff ff ff
0001d560: ff f8 00 7f ff ff ff ff ff ff ff ff ff ff ff 80
0001d570: 07 ff ff ff ff ff ff ff ff ff ff ff f8 00 7f ff
0001d580: ff ff ff ff ff ff ff ff ff ff 80 07 ff ff ff ff
0001d590: ff ff ff ff ff ff ff f8 00 7f ff ff ff ff ff ff
0001d5a0: ff ff ff ff ff 80 07 ff ff ff ff ff ff ff ff ff
0001d5b0: ff ff f8 00 7f ff ff ff ff ff ff ff ff ff ff ff
0001d5c0: 80 07 ff ff ff ff ff ff ff ff ff ff ff f8 00 7f
0001d5d0: ff ff ff ff ff ff ff ff ff ff ff 80 07 ff ff ff
0001d5e0: ff ff ff ff ff ff ff ff f8 00 7f ff ff ff ff ff
0001d5f0: ff ff ff ff ff ff 80 07 ff ff ff ff ff ff ff ff
0001d600: ff ff ff f8 00 7f ff ff ff ff ff ff ff ff ff ff
0001d610: ff 80 07 ff ff ff ff ff ff ff ff ff ff ff f8 00
0001d620: 7f ff ff ff ff ff ff ff ff ff ff ff 80 07 ff ff
0001d630: ff ff ff ff ff ff ff ff ff f8 00 7f ff ff ff ff
0001d640: ff ff ff ff ff ff ff 80 07 ff ff ff ff ff ff ff
0001d650: ff ff ff ff f8 00 7f ff ff ff ff ff ff ff ff ff
0001d660: ff ff 80 07 ff ff ff ff ff ff ff ff ff ff ff f8
0001d670: 00 7f ff ff ff ff ff ff ff ff ff ff ff 80 07 ff
0001d680: ff ff ff ff ff ff ff ff ff ff f8 00 7f ff ff ff
0001d690: ff ff ff ff ff ff ff ff 80 07 ff ff ff ff ff ff
0001d6a0: ff ff ff ff ff f8 00 7f ff ff ff ff ff ff ff ff
0001d6b0: ff ff ff 80 07 ff ff ff ff ff ff ff ff ff ff ff
0001d6c0: f8 00 7f ff ff ff ff ff ff ff ff ff ff ff 80 07
0001d6d0: ff ff ff ff ff ff ff ff ff ff ff f8 00 7f ff ff
0001d6e0: ff ff ff ff ff ff ff ff ff 80 07 ff ff ff ff ff
0001d6f0: ff ff ff ff ff ff f8 00 7f ff ff ff ff ff ff ff
0001d700: ff ff ff ff 80 07 ff ff ff ff ff ff ff ff ff ff
0001d710: ff f8 00 7f ff ff ff ff ff ff ff ff ff ff ff 80
0001d720: 07 ff ff ff ff ff ff ff ff ff ff ff f8 00 7f ff
0001d730: ff ff ff ff ff ff ff ff ff ff 80 07 ff ff ff ff
0001d740: ff ff ff ff ff ff ff f8 00 7f ff ff ff ff ff ff
0001d750: ff ff ff ff ff 80 07 ff ff ff ff ff ff ff ff ff
0001d760: ff ff f8 00 7f ff ff ff ff ff ff ff ff ff ff ff
0001d770: 80 07 ff ff ff ff ff ff ff ff ff ff ff f8 00 7f
0001d780: ff ff ff ff ff ff ff ff ff ff ff 80 07 ff ff ff
0001d790: ff ff ff ff ff ff ff ff f8 00 7f ff ff ff ff ff
0001d7a0: ff ff ff ff ff ff 80 07 ff ff ff ff ff ff ff ff
0001d7b0: ff ff ff f8 00 7f ff ff ff ff ff ff ff ff ff ff
0001d7c0: ff 80 07 ff ff ff ff ff ff ff ff ff ff ff f8 00
0001d7d0: 7f ff ff ff ff ff ff ff ff ff ff ff 80 07 ff ff
0001d7e0: ff ff ff ff ff ff ff ff ff f8 00 7f ff ff ff ff
0001d7f0: ff ff ff ff ff ff ff 80 07 ff ff ff ff ff ff ff
0001d800: ff ff ff ff f8 00 7f ff ff ff ff ff ff ff ff ff
0001d810: ff ff 80 07 ff ff ff ff ff ff ff ff ff ff ff f8
0001d820: 00 7f ff ff ff ff ff ff ff ff ff ff ff 80 07 ff
0001d830: ff ff ff ff ff ff ff ff ff ff f8 00 7f ff ff ff
0001d840: ff ff ff ff ff ff ff ff 80 07 ff ff ff ff ff ff
0001d850: ff ff ff ff ff f8 00 7f ff ff ff ff ff ff ff ff
0001d860: ff ff ff 80 07 ff ff ff ff ff ff ff ff ff ff ff
0001d870: f8 00 7f ff ff ff ff ff ff ff ff ff ff ff 80 07
0001d880: ff ff ff ff ff ff ff ff ff ff ff f8 00 7f ff ff
0001d890: ff ff ff ff ff ff ff ff ff 80 07 ff ff ff ff ff
0001d8a0: ff ff ff ff ff ff f8 00 7f ff ff ff ff ff ff ff
0001d8b0: ff ff ff ff 80 07 ff ff ff ff ff ff ff ff ff ff
0001d8c0: ff f8 00 7f ff ff ff ff ff ff ff ff ff ff ff 80
0001d8d0: 07 ff ff ff ff ff ff ff ff ff ff ff f8 00 7f ff
0001d8e0: ff ff ff ff ff ff ff ff ff ff 80 07 ff ff ff ff
0001d8f0: ff ff ff ff ff ff ff f8 00 7f ff ff ff ff ff ff
0001d900: ff ff ff ff ff 80 07 ff ff ff ff ff ff ff ff ff
0001d910: ff ff f8 00 7f ff ff ff ff ff ff ff ff ff ff ff
0001d920: 80 07 ff ff ff ff ff ff ff ff ff ff ff f8 00 7f
0001d930: ff ff ff ff ff ff ff ff ff ff ff 80 07 ff ff ff
0001d940: ff ff ff ff ff ff ff ff f8 00 7f ff ff ff ff ff
0001d950: ff ff ff ff ff ff 80 07 ff ff ff ff ff ff ff ff
0001d960: ff ff ff f8 00 7f ff ff ff ff ff ff ff ff ff ff
0001d970: ff 80 07 ff ff ff ff ff ff ff ff ff ff ff f8 00
0001d980: 7f ff ff ff ff ff ff ff ff ff ff ff 80 07 ff ff
0001d990: ff ff ff ff ff ff ff ff ff f8 00 7f ff ff ff ff
0001d9a0: ff ff ff ff ff ff ff 80 07 ff ff ff ff ff ff ff
0001d9b0: ff ff ff ff f8 00 7f ff ff ff ff ff ff ff ff ff
0001d9c0: ff ff 80 07 ff ff ff ff ff ff ff ff ff ff ff f8
0001d9d0: 00 7f ff ff ff ff ff ff ff ff ff ff ff 80 07 ff
0001d9e0: ff ff ff ff ff ff ff ff ff ff f8 00 7f ff ff ff
0001d9f0: ff ff ff ff ff ff ff ff 80 07 ff ff ff ff ff ff
0001da00: ff ff ff ff ff f8 00 7f ff ff ff ff ff ff ff ff
0001da10: ff ff ff 80 07 ff ff ff ff ff ff ff ff ff ff ff
0001da20: f8 00 7f ff ff ff ff ff ff ff ff ff ff ff 80 07
0001da30: ff ff ff ff ff ff ff ff ff ff ff f8 00 7f ff ff
0001da40: ff ff ff ff ff ff ff ff ff 80 07 ff ff ff ff ff
0001da50: ff ff ff ff ff ff f8 00 7f ff ff ff ff ff ff ff
0001da60: ff ff ff ff 80 07 ff ff ff ff ff ff ff ff ff ff
0001da70: ff f8 00 7f ff ff ff ff ff ff ff ff ff ff ff 80
0001da80: 07 ff ff ff ff ff ff ff ff ff ff ff f8 00 7f ff
0001da90: ff ff ff ff ff ff ff ff ff ff 80 07 ff ff ff ff
0001daa0: ff ff ff ff ff ff ff f8 00 7f ff ff ff ff ff ff
0001dab0: ff ff ff ff ff 80 07 ff ff ff ff ff ff ff ff ff
0001dac0: ff ff f8 00 7f ff ff ff ff ff ff ff ff ff ff ff
0001dad0: 80 07 ff ff ff ff ff ff ff ff ff ff ff f8 00 7f
0001dae0: ff ff ff ff ff ff ff ff ff ff ff 80 07 ff ff ff
0001daf0: ff ff ff ff ff ff ff ff f8 00 7f ff ff ff ff ff
0001db00: ff ff ff ff ff ff 80 07 ff ff ff ff ff ff ff ff
0001db10: ff ff ff f8 00 7f ff ff ff ff ff ff ff ff ff ff
0001db20: ff 80 07 ff ff ff ff ff ff ff ff ff ff ff f8 00
0001db30: 7f ff ff ff ff ff ff ff ff ff ff ff 80 07 ff ff
0001db40: ff ff ff ff ff ff ff ff ff f8 00 7f ff ff ff ff
0001db50: ff ff ff ff ff ff ff 80 07 ff ff ff ff ff ff ff
0001db60: ff ff ff ff f8 00 7f ff ff ff ff ff ff ff ff ff
0001db70: ff ff 80 07 ff ff ff ff ff ff ff ff ff ff ff f8
0001db80: 00 7f ff ff ff ff ff ff ff ff ff ff ff 80 07 ff
0001db90: ff ff ff ff ff ff ff ff ff ff f8 00 7f ff ff ff
0001dba0: ff ff ff ff ff ff ff ff 80 07 ff ff ff ff ff ff
0001dbb0: ff ff ff ff ff f8 00 7f ff ff ff ff ff ff ff ff
0001dbc0: ff ff ff 80 07 ff ff ff ff ff ff ff ff ff ff ff
0001dbd0: f8 00 7f ff ff ff ff ff ff ff ff ff ff ff 80 07
0001dbe0: ff ff ff ff ff ff ff ff ff ff ff f8 00 7f ff ff
0001dbf0: ff ff ff ff ff ff ff ff ff 80 07 ff ff ff ff ff
0001dc00: ff ff ff ff ff ff f8 00 7f ff ff ff ff ff ff ff
0001dc10: ff ff ff ff 80 07 ff ff ff ff ff ff ff ff ff ff
0001dc20: ff f8 00 7f ff ff ff ff ff ff ff ff ff ff ff 80
0001dc30: 07 ff ff ff ff ff ff ff ff ff ff ff f8 00 7f ff
0001dc40: ff ff ff ff ff ff ff ff ff ff 80 07 ff ff ff ff
0001dc50: ff ff ff ff ff ff ff f8 00 7f ff ff ff ff ff ff
0001dc60: ff ff ff ff ff 80 07 ff ff ff ff ff ff ff ff ff
0001dc70: ff ff f8 00 7f ff ff ff ff ff ff ff ff ff ff ff
0001dc80: 80 07 ff ff ff ff ff ff ff ff ff ff ff f8 00 7f
0001dc90: ff ff ff ff ff ff ff ff ff ff ff 80 07 ff ff ff
0001dca0: ff ff ff ff ff ff ff ff f8 00 7f ff ff ff ff ff
0001dcb0: ff ff ff ff ff ff 80 07 ff ff ff ff ff ff ff ff
0001dcc0: ff ff ff f8 00 7f ff ff ff ff ff ff ff ff ff ff
0001dcd0: ff 80 07 ff ff ff ff ff ff ff ff ff ff ff f8 00
0001dce0: 7f ff ff ff ff ff ff ff ff ff ff ff 80 07 ff ff
0001dcf0: ff ff ff ff ff ff ff ff ff f8 00 7f ff ff ff ff
0001dd00: ff ff ff ff ff ff ff 80 07 ff ff ff ff ff ff ff
0001dd10: ff ff ff ff f8 00 7f ff ff ff ff ff ff ff ff ff
0001dd20: ff ff 80 07 ff ff ff ff ff ff ff ff ff ff ff f8
0001dd30: 00 7f ff ff ff ff ff ff ff ff ff ff ff 80 07 ff
0001dd40: ff ff ff ff ff ff ff ff ff ff f8 00 7f ff ff ff
0001dd50: ff ff ff ff ff ff ff ff 80 07 ff ff ff ff ff ff
0001dd60: ff ff ff ff ff f8 00 7f ff ff ff ff ff ff ff ff
0001dd70: ff ff ff 80 07 ff ff ff ff ff ff ff ff ff ff ff
0001dd80: f8 00 7f ff ff ff ff ff ff ff ff ff ff ff 80 07
0001dd90: ff ff ff ff ff ff ff ff ff ff ff f8 00 7f ff ff
0001dda0: ff ff ff ff ff ff ff ff ff 80 07 ff ff ff ff ff
0001ddb0: ff ff ff ff ff ff f8 00 7f ff ff ff ff ff ff ff
0001ddc0: ff ff ff ff 80 07 ff ff ff ff ff ff ff ff ff ff
0001ddd0: ff f8 00 7f ff ff ff ff ff ff ff ff ff ff ff 80
0001dde0: 07 ff ff ff ff ff ff ff ff ff ff ff f8 00 7f ff
0001ddf0: ff ff ff ff ff ff ff ff ff ff 80 07 ff ff ff ff
0001de00: ff ff ff ff ff ff ff f8 00 7f ff ff ff ff ff ff
0001de10: ff ff ff ff ff 80 07 ff ff ff ff ff ff ff ff ff
0001de20: ff ff f8 00 7f ff ff ff ff ff ff ff ff ff ff ff
0001de30: 80 07 ff ff ff ff ff ff ff ff ff ff ff f8 00 7f
0001de40: ff ff ff ff ff ff ff ff ff ff ff 80 07 ff ff ff
0001de50: ff ff ff ff ff ff ff ff f8 00 7f ff ff ff ff ff
0001de60: ff ff ff ff ff ff 80 07 ff ff ff ff ff ff ff ff
0001de70: ff ff ff f8 00 7f ff ff ff ff ff ff ff ff ff ff
0001de80: ff 80 07 ff ff ff ff ff ff ff ff ff ff ff f8 00
0001de90: 7f ff ff ff ff ff ff ff ff ff ff ff 80 07 ff ff
0001dea0: ff ff ff ff ff ff ff ff ff f8 00 7f ff ff ff ff
0001deb0: ff ff ff ff ff ff ff 80 07 ff ff ff ff ff ff ff
0001dec0: ff ff ff ff f8 00 7f ff ff ff ff ff ff ff ff ff
0001ded0: ff ff 80 07 ff ff ff ff ff ff ff ff ff ff ff f8
0001dee0: 00 7f ff ff ff ff ff ff ff ff ff ff ff 80 07 ff
0001def0: ff ff ff ff ff ff ff ff ff ff f8 00 7f ff ff ff
0001df00: ff ff ff ff ff ff ff ff 80 07 ff ff ff ff ff ff
0001df10: ff ff ff ff ff f8 00 7f ff ff ff ff ff ff ff ff
0001df20: ff ff ff 80 07 ff ff ff ff ff ff ff ff ff ff ff
0001df30: f8 00 7f ff ff ff ff ff ff ff ff ff ff ff 80 07
0001df40: ff ff ff ff ff ff ff ff ff ff ff f8 00 7f ff ff
0001df50: ff ff ff ff ff ff ff ff ff 80 07 ff ff ff ff ff
0001df60: ff ff ff ff ff ff f8 00 7f ff ff ff ff ff ff ff
0001df70: ff ff ff ff 80 07 ff ff ff ff ff ff ff ff ff ff
0001df80: ff f8 00 7f ff ff ff ff ff ff ff ff ff ff ff 80
0001df90: 07 ff ff ff ff ff ff ff ff ff ff ff f8 00 7f ff
0001dfa0: ff ff ff ff ff ff ff ff ff ff 80 07 ff ff ff ff
0001dfb0: ff ff ff ff ff ff ff f8 00 7f ff ff ff ff ff ff
0001dfc0: ff ff ff ff ff 80 07 ff ff ff ff ff ff ff ff ff
0001dfd0: ff ff f8 00 7f ff ff ff ff ff ff ff ff ff ff ff
0001dfe0: 80 07 ff ff ff ff ff ff ff ff ff ff ff f8 00 7f
0001dff0: ff ff ff ff ff ff ff ff ff ff ff 80 07 ff ff ff
0001e000: ff ff ff ff ff ff ff ff f8 00 7f ff ff ff ff ff
0001e010: ff ff ff ff ff ff 80 07 ff ff ff ff ff ff ff ff
0001e020: ff ff ff f8 00 7f ff ff ff ff ff ff ff ff ff ff
0001e030: ff 80 07 ff ff ff ff ff ff ff ff ff ff ff f8 00
0001e040: 7f ff ff ff ff ff ff ff ff ff ff ff 80 07 ff ff
0001e050: ff ff ff ff ff ff ff ff ff f8 00 7f ff ff ff ff
0001e060: ff ff ff ff ff ff ff 80 07 ff ff ff ff ff ff ff
0001e070: ff ff ff ff f8 00 7f ff ff ff ff ff ff ff ff ff
0001e080: ff ff 80 07 ff ff ff ff ff ff ff ff ff ff ff f8
0001e090: 00 7f ff ff ff ff ff ff ff ff ff ff ff 80 07 ff
0001e0a0: ff ff ff ff ff ff ff ff ff ff f8 00 7f ff ff ff
0001e0b0: ff ff ff ff ff ff ff ff 80 07 ff ff ff ff ff ff
0001e0c0: ff ff ff ff ff f8 00 7f ff ff ff ff ff ff ff ff
0001e0d0: ff ff ff 80 07 ff ff ff ff ff ff ff ff ff ff ff
0001e0e0: f8 00 7f ff ff ff ff ff ff ff ff ff ff ff 80 07
0001e0f0: ff ff ff ff ff ff ff ff ff ff ff f8 00 7f ff ff
0001e100: ff ff ff ff ff ff ff ff ff 80 07 ff ff ff ff ff
0001e110: ff ff ff ff ff ff f8 00 7f ff ff ff ff ff ff ff
0001e120: ff ff ff ff 80 07 ff ff ff ff ff ff ff ff ff ff
0001e130: ff f8 00 7f ff ff ff ff ff ff ff ff ff ff ff 80
0001e140: 07 ff ff ff ff ff ff ff ff ff ff ff f8 00 7f ff
0001e150: ff ff ff ff ff ff ff ff ff ff 80 07 ff ff ff ff
0001e160: ff ff ff ff ff ff ff f8 00 7f ff ff ff ff ff ff
0001e170: ff ff ff ff ff 80 07 ff ff ff ff ff ff ff ff ff
0001e180: ff ff f8 00 7f ff ff ff ff ff ff ff ff ff ff ff
0001e190: 80 07 ff ff ff ff ff ff ff ff ff ff ff f8 00 7f
0001e1a0: ff ff ff ff ff ff ff ff ff ff ff 80 07 ff ff ff
0001e1b0: ff ff ff ff ff ff ff ff f8 00 7f ff ff ff ff ff
0001e1c0: ff ff ff ff ff ff 80 07 ff ff ff ff ff ff ff ff
0001e1d0: ff ff ff f8 00 7f ff ff ff ff ff ff ff ff ff ff
0001e1e0: ff 80 07 ff ff ff ff ff ff ff ff ff ff ff f8 00
0001e1f0: 7f ff ff ff ff ff ff ff ff ff ff ff 80 07 ff ff
0001e200: ff ff ff ff ff ff ff ff ff f8 00 7f ff ff ff ff
0001e210: ff ff ff ff ff ff ff 80 07 ff ff ff ff ff ff ff
0001e220: ff ff ff ff f8 00 7f ff ff ff ff ff ff ff ff ff
0001e230: ff ff 80 07 ff ff ff ff ff ff ff ff ff ff ff f8
0001e240: 00 7f ff ff ff ff ff ff ff ff ff ff ff 80 07 ff
0001e250: ff ff ff ff ff ff ff ff ff ff f8 00 7f ff ff ff
0001e260: ff ff ff ff ff ff ff ff 80 07 ff ff ff ff ff ff
0001e270: ff ff ff ff ff f8 00 7f ff ff ff ff ff ff ff ff
0001e280: ff ff ff 80 07 ff ff ff ff ff ff ff ff ff ff ff
0001e290: f8 00 7f ff ff ff ff ff ff ff ff ff ff ff 80 07
0001e2a0: ff ff ff ff ff ff ff ff ff ff ff f8 00 7f ff ff
0001e2b0: ff ff ff ff ff ff ff ff ff 80 07 ff ff ff ff ff
0001e2c0: ff ff ff ff ff ff f8 00 7f ff ff ff ff ff ff ff
0001e2d0: ff ff ff ff 80 07 ff ff ff ff ff ff ff ff ff ff
0001e2e0: ff f8 00 7f ff ff ff ff ff ff ff ff ff ff ff 80
0001e2f0: 07 ff ff ff ff ff ff ff ff ff ff ff f8 00 7f ff
0001e300: ff ff ff ff ff ff ff ff ff ff 80 07 ff ff ff ff
0001e310: ff ff ff ff ff ff ff f8 00 7f ff ff ff ff ff ff
0001e320: ff ff ff ff ff 80 07 ff ff ff ff ff ff ff ff ff
0001e330: ff ff f8 00 7f ff ff ff ff ff ff ff ff ff ff ff
0001e340: 80 07 ff ff ff ff ff ff ff ff ff ff ff f8 00 7f
0001e350: ff ff ff ff ff ff ff ff ff ff ff 80 07 ff ff ff
0001e360: ff ff ff ff ff ff ff ff f8 00 7f ff ff ff ff ff
0001e370: ff ff ff ff ff ff 80 07 ff ff ff ff ff ff ff ff
0001e380: ff ff ff f8 00 7f ff ff ff ff ff ff ff ff ff ff
0001e390: ff 80 07 ff ff ff ff ff ff ff ff ff ff ff f8 00
0001e3a0: 7f ff ff ff ff ff ff ff ff ff ff ff 80 07 ff ff
0001e3b0: ff ff ff ff ff ff ff ff ff f8 00 7f ff ff ff ff
0001e3c0: ff ff ff ff ff ff ff 80 07 ff ff ff ff ff ff ff
0001e3d0: ff ff ff ff f8 00 7f ff ff ff ff ff ff ff ff ff
0001e3e0: ff ff 80 07 ff ff ff ff ff ff ff ff ff ff ff f8
0001e3f0: 00 7f ff ff ff ff ff ff ff ff ff ff ff 80 07 ff
0001e400: ff ff ff ff ff ff ff ff ff ff f8 00 7f ff ff ff
0001e410: ff ff ff ff ff ff ff ff 80 07 ff ff ff ff ff ff
0001e420: ff ff ff ff ff f8 00 7f ff ff ff ff ff ff ff ff
0001e430: ff ff ff 80 07 ff ff ff ff ff ff ff ff ff ff ff
0001e440: f8 00 7f ff ff ff ff ff ff ff ff ff ff ff 80 07
0001e450: ff ff ff ff ff ff ff ff ff ff ff f8 00 7f ff ff
0001e460: ff ff ff ff ff ff ff ff ff 80 07 ff ff ff ff ff
0001e470: ff ff ff ff ff ff f8 00 7f ff ff ff ff ff ff ff
0001e480: ff ff ff ff 80 07 ff ff ff ff ff ff ff ff ff ff
0001e490: ff f8 00 7f ff ff ff ff ff ff ff ff ff ff ff 80
0001e4a0: 07 ff ff ff ff ff ff ff ff ff ff ff f8 00 7f ff
0001e4b0: ff ff ff ff ff ff ff ff ff ff 80 07 ff ff ff ff
0001e4c0: ff ff ff ff ff ff ff f8 00 7f ff ff ff ff ff ff
0001e4d0: ff ff ff ff ff 80 07 ff ff ff ff ff ff ff ff ff
0001e4e0: ff ff f8 00 7f ff ff ff ff ff ff ff ff ff ff ff
0001e4f0: 80 07 ff ff ff ff ff ff ff ff ff ff ff f8 00 7f
0001e500: ff ff ff ff ff ff ff ff ff ff ff 80 07 ff ff ff
0001e510: ff ff ff ff ff ff ff ff f8 00 7f ff ff ff ff ff
0001e520: ff ff ff ff ff ff 80 07 ff ff ff ff ff ff ff ff
0001e530: ff ff ff f8 00 7f ff ff ff ff ff ff ff ff ff ff
0001e540: ff 80 07 ff ff ff ff ff ff ff ff ff ff ff f8 00
0001e550: 7f ff ff ff ff ff ff ff ff ff ff ff 80 07 ff ff
0001e560: ff ff ff ff ff ff ff ff ff f8 00 7f ff ff ff ff
0001e570: ff ff ff ff ff ff ff 80 07 ff ff ff ff ff ff ff
0001e580: ff ff ff ff f8 00 7f ff ff ff ff ff ff ff ff ff
0001e590: ff ff 80 07 ff ff ff ff ff ff ff ff ff ff ff f8
0001e5a0: 00 7f ff ff ff ff ff ff ff ff ff ff ff 80 07 ff
0001e5b0: ff ff ff ff ff ff ff ff ff ff f8 00 7f ff ff ff
0001e5c0: ff ff ff ff ff ff ff ff 80 07 ff ff ff ff ff ff
0001e5d0: ff ff ff ff ff f8 00 7f ff ff ff ff ff ff ff ff
0001e5e0: ff ff ff 80 07 ff ff ff ff ff ff ff ff ff ff ff
0001e5f0: f8 00 7f ff ff ff ff ff ff ff ff ff ff ff 80 07
0001e600: ff ff ff ff ff ff ff ff ff ff ff f8 00 7f ff ff
0001e610: ff ff ff ff ff ff ff ff ff 80 07 ff ff ff ff ff
0001e620: ff ff ff ff ff ff f8 00 7f ff ff ff ff ff ff ff
0001e630: ff ff ff ff 80 07 ff ff ff ff ff ff ff ff ff ff
0001e640: ff f8 00 7f ff ff ff ff ff ff ff ff ff ff ff 80
0001e650: 07 ff ff ff ff ff ff ff ff ff ff ff f8 00 7f ff
0001e660: ff ff ff ff ff ff ff ff ff ff 80 07 ff ff ff ff
0001e670: ff ff ff ff ff ff ff f8 00 7f ff ff ff ff ff ff
0001e680: ff ff ff ff ff 80 07 ff ff ff ff ff ff ff ff ff
0001e690: ff ff f8 00 7f ff ff ff ff ff ff ff ff ff ff ff
0001e6a0: 80 07 ff ff ff ff ff ff ff ff ff ff ff f8 00 7f
0001e6b0: ff ff ff ff ff ff ff ff ff ff ff 80 07 ff ff ff
0001e6c0: ff ff ff ff ff ff ff ff f8 00 7f ff ff ff ff ff
0001e6d0: ff ff ff ff ff ff 80 07 ff ff ff ff ff ff ff ff
0001e6e0: ff ff ff f8 00 7f ff ff ff ff ff ff ff ff ff ff
0001e6f0: ff 80 07 ff ff ff ff ff ff ff ff ff ff ff f8 00
0001e700: 7f ff ff ff ff ff ff ff ff ff ff ff 80 07 ff ff
0001e710: ff ff ff ff ff ff ff ff ff f8 00 7f ff ff ff ff
0001e720: ff ff ff ff ff ff ff 80 07 ff ff ff ff ff ff ff
0001e730: ff ff ff ff f8 00 7f ff ff ff ff ff ff ff ff ff
0001e740: ff ff 80 07 ff ff ff ff ff ff ff ff ff ff ff f8
0001e750: 00 7f ff ff ff ff ff ff ff ff ff ff ff 80 07 ff
0001e760: ff ff ff ff ff ff ff ff ff ff f8 00 7f ff ff ff
0001e770: ff ff ff ff ff ff ff ff 80 07 ff ff ff ff ff ff
0001e780: ff ff ff ff ff f8 00 7f ff ff ff ff ff ff ff ff
0001e790: ff ff ff 80 07 ff ff ff ff ff ff ff ff ff ff ff
0001e7a0: f8 00 7f ff ff ff ff ff ff ff ff ff ff ff 80 07
0001e7b0: ff ff ff ff ff ff ff ff ff ff ff f8 00 7f ff ff
0001e7c0: ff ff ff ff ff ff ff ff ff 80 07 ff ff ff ff ff
0001e7d0: ff ff ff ff ff ff f8 00 7f ff ff ff ff ff ff ff
0001e7e0: ff ff ff ff 80 07 ff ff ff ff ff ff ff ff ff ff
0001e7f0: ff f8 00 7f ff ff ff ff ff ff ff ff ff ff ff 80
0001e800: 07 ff ff ff ff ff ff ff ff ff ff ff f8 00 7f ff
0001e810: ff ff ff ff ff ff ff ff ff ff 80 07 ff ff ff ff
0001e820: ff ff ff ff ff ff ff f8 00 7f ff ff ff ff ff ff
0001e830: ff ff ff ff ff 80 07 ff ff ff ff ff ff ff ff ff
0001e840: ff ff f8 00 7f ff ff ff ff ff ff ff ff ff ff ff
0001e850: 80 07 ff ff ff ff ff ff ff ff ff ff ff f8 00 7f
0001e860: ff ff ff ff ff ff ff ff ff ff ff 80 07 ff ff ff
0001e870: ff ff ff ff ff ff ff ff f8 00 7f ff ff ff ff ff
0001e880: ff ff ff ff ff ff 80 07 ff ff ff ff ff ff ff ff
0001e890: ff ff ff f8 00 7f ff ff ff ff ff ff ff ff ff ff
0001e8a0: ff 80 07 ff ff ff ff ff ff ff ff ff ff ff f8 00
0001e8b0: 7f ff ff ff ff ff ff ff ff ff ff ff 80 07 ff ff
0001e8c0: ff ff ff ff ff ff ff ff ff f8 00 7f ff ff ff ff
0001e8d0: ff ff ff ff ff ff ff 80 07 ff ff ff ff ff ff ff
0001e8e0: ff ff ff ff f8 00 7f ff ff ff ff ff ff ff ff ff
0001e8f0: ff ff 80 07 ff ff ff ff ff ff ff ff ff ff ff f8
0001e900: 00 7f ff ff ff ff ff ff ff ff ff ff ff 80 07 ff
0001e910: ff ff ff ff ff ff ff ff ff ff f8 00 7f ff ff ff
0001e920: ff ff ff ff ff ff ff ff 80 07 ff ff ff ff ff ff
0001e930: ff ff ff ff ff f8 00 7f ff ff ff ff ff ff ff ff
0001e940: ff ff ff 80 07 ff ff ff ff ff ff ff ff ff ff ff
0001e950: f8 00 7f ff ff ff ff ff ff ff ff ff ff ff 80 07
0001e960: ff ff ff ff ff ff ff ff ff ff ff f8 00 7f ff ff
0001e970: ff ff ff ff ff ff ff ff ff 80 07 ff ff ff ff ff
0001e980: ff ff ff ff ff ff f8 00 7f ff ff ff ff ff ff ff
0001e990: ff ff ff ff 80 07 ff ff ff ff ff ff ff ff ff ff
0001e9a0: ff f8 00 7f ff ff ff ff ff ff ff ff ff ff ff 80
0001e9b0: 07 ff ff ff ff ff ff ff ff ff ff ff f8 00 7f ff
0001e9c0: ff ff ff ff ff ff ff ff ff ff 80 07 ff ff ff ff
0001e9d0: ff ff ff ff ff ff ff f8 00 7f ff ff ff ff ff ff
0001e9e0: ff ff ff ff ff 80 07 ff ff ff ff ff ff ff ff ff
0001e9f0: ff ff f8 00 7f ff ff ff ff ff ff ff ff ff ff ff
0001ea00: 80 07 ff ff ff ff ff ff ff ff ff ff ff f8 00 7f
0001ea10: ff ff ff ff ff ff ff ff ff ff ff 80 07 ff ff ff
0001ea20: ff ff ff ff ff ff ff ff f8 00 7f ff ff ff ff ff
0001ea30: ff ff ff ff ff ff 80 07 ff ff ff ff ff ff ff ff
0001ea40: ff ff ff f8 00 7f ff ff ff ff ff ff ff ff ff ff
0001ea50: ff 80 07 ff ff ff ff ff ff ff ff ff ff ff f8 00
0001ea60: 7f ff ff ff ff ff ff ff ff ff ff ff 80 07 ff ff
0001ea70: ff ff ff ff ff ff ff ff ff f8 00 7f ff ff ff ff
0001ea80: ff ff ff ff ff ff ff 80 07 ff ff ff ff ff ff ff
0001ea90: ff ff ff ff f8 00 7f ff ff ff ff ff ff ff ff ff
0001eaa0: ff ff 80 07 ff ff ff ff ff ff ff ff ff ff ff f8
0001eab0: 00 7f ff ff ff ff ff ff ff ff ff ff ff 80 07 ff
0001eac0: ff ff ff ff ff ff ff ff ff ff f8 00 7f ff ff ff
0001ead0: ff ff ff ff ff ff ff ff 80 07 ff ff ff ff ff ff
0001eae0: ff ff ff ff ff f8 00 7f ff ff ff ff ff ff ff ff
0001eaf0: ff ff ff 80 07 ff ff ff ff ff ff ff ff ff ff ff
0001eb00: f8 00 7f ff ff ff ff ff ff ff ff ff ff ff 80 07
0001eb10: ff ff ff ff ff ff ff ff ff ff ff f8 00 7f ff ff
0001eb20: ff ff ff ff ff ff ff ff ff 80 07 ff ff ff ff ff
0001eb30: ff ff ff ff ff ff f8 00 7f ff ff ff ff ff ff ff
0001eb40: ff ff ff ff 80 07 ff ff ff ff ff ff ff ff ff ff
0001eb50: ff f8 00 7f ff ff ff ff ff ff ff ff ff ff ff 80
0001eb60: 07 ff ff ff ff ff ff ff ff ff ff ff f8 00 7f ff
0001eb70: ff ff ff ff ff ff ff ff ff ff 80 07 ff ff ff ff
0001eb80: ff ff ff ff ff ff ff f8 00 7f ff ff ff ff ff ff
0001eb90: ff ff ff ff ff 80 07 ff ff ff ff ff ff ff ff ff
0001eba0: ff ff f8 00 7f ff ff ff ff ff ff ff ff ff ff ff
0001ebb0: 80 07 ff ff ff ff ff ff ff ff ff ff ff f8 00 7f
0001ebc0: ff ff ff ff ff ff ff ff ff ff ff 80 07 ff ff ff
0001ebd0: ff ff ff ff ff ff ff ff f8 00 7f ff ff ff ff ff
0001ebe0: ff ff ff ff ff ff 80 07 ff ff ff ff ff ff ff ff
0001ebf0: ff ff ff f8 00 7f ff ff ff ff ff ff ff ff ff ff
0001ec00: ff 80 07 ff ff ff ff ff ff ff ff ff ff ff f8 00
0001ec10: 7f ff ff ff ff ff ff ff ff ff ff ff 80 07 ff ff
0001ec20: ff ff ff ff ff ff ff ff ff f8 00 7f ff ff ff ff
0001ec30: ff ff ff ff ff ff ff 80 07 ff ff ff ff ff ff ff
0001ec40: ff ff ff ff f8 00 7f ff ff ff ff ff ff ff ff ff
0001ec50: ff ff 80 07 ff ff ff ff ff ff ff ff ff ff ff f8
0001ec60: 00 7f ff ff ff ff ff ff ff ff ff ff ff 80 07 ff
0001ec70: ff ff ff ff ff ff ff ff ff ff f8 00 7f ff ff ff
0001ec80: ff ff ff ff ff ff ff ff 80 07 ff ff ff ff ff ff
0001ec90: ff ff ff ff ff f8 00 7f ff ff ff ff ff ff ff ff
0001eca0: ff ff ff 80 07 ff ff ff ff ff ff ff ff ff ff ff
0001ecb0: f8 00 7f ff ff ff ff ff ff ff ff ff ff ff 80 07
0001ecc0: ff ff ff ff ff ff ff ff ff ff ff f8 00 7f ff ff
0001ecd0: ff ff ff ff ff ff ff ff ff 80 07 ff ff ff ff ff
0001ece0: ff ff ff ff ff ff f8 00 7f ff ff ff ff ff ff ff
0001ecf0: ff ff ff ff 80 07 ff ff ff ff ff ff ff ff ff ff
0001ed00: ff f8 00 7f ff ff ff ff ff ff ff ff ff ff ff 80
0001ed10: 07 ff ff ff ff ff ff ff ff ff ff ff f8 00 7f ff
0001ed20: ff ff ff ff ff ff ff ff ff ff 80 07 ff ff ff ff
0001ed30: ff ff ff ff ff ff ff f8 00 7f ff ff ff ff ff ff
0001ed40: ff ff ff ff ff 80 07 ff ff ff ff ff ff ff ff ff
0001ed50: ff ff f8 00 7f ff ff ff ff ff ff ff ff ff ff ff
0001ed60: 80 07 ff ff ff ff ff ff ff ff ff ff ff f8 00 7f
0001ed70: ff ff ff ff ff ff ff ff ff ff ff 80 07 ff ff ff
0001ed80: ff ff ff ff ff ff ff ff f8 00 7f ff ff ff ff ff
0001ed90: ff ff ff ff ff ff 80 07 ff ff ff ff ff ff ff ff
0001eda0: ff ff ff f8 00 7f ff ff ff ff ff ff ff ff ff ff
0001edb0: ff 80 07 ff ff ff ff ff ff ff ff ff ff ff f8 00
0001edc0: 7f ff ff ff ff ff ff ff ff ff ff ff 80 07 ff ff
0001edd0: ff ff ff ff ff ff ff ff ff f8 00 7f ff ff ff ff
0001ede0: ff ff ff ff ff ff ff 80 07 ff ff ff ff ff ff ff
0001edf0: ff ff ff ff f8 00 7f ff ff ff ff ff ff ff ff ff
0001ee00: ff ff 80 07 ff ff ff ff ff ff ff ff ff ff ff f8
0001ee10: 00 7f ff ff ff ff ff ff ff ff ff ff ff 80 07 ff
0001ee20: ff ff ff ff ff ff ff ff ff ff f8 00 7f ff ff ff
0001ee30: ff ff ff ff ff ff ff ff 80 07 ff ff ff ff ff ff
0001ee40: ff ff ff ff ff f8 00 7f ff ff ff ff ff ff ff ff
0001ee50: ff ff ff 80 07 ff ff ff ff ff ff ff ff ff ff ff
0001ee60: f8 00 7f ff ff ff ff ff ff ff ff ff ff ff 80 07
0001ee70: ff ff ff ff ff ff ff ff ff ff ff f8 00 7f ff ff
0001ee80: ff ff ff ff ff ff ff ff ff 80 07 ff ff ff ff ff
0001ee90: ff ff ff ff ff ff f8 00 7f ff ff ff ff ff ff ff
0001eea0: ff ff ff ff 80 07 ff ff ff ff ff ff ff ff ff ff
0001eeb0: ff f8 00 7f ff ff ff ff ff ff ff ff ff ff ff 80
0001eec0: 07 ff ff ff ff ff ff ff ff ff ff ff f8 00 7f ff
0001eed0: ff ff ff ff ff ff ff ff ff ff 80 07 ff ff ff ff
0001eee0: ff ff ff ff ff ff ff f8 00 7f ff ff ff ff ff ff
0001eef0: ff ff ff ff ff 80 07 ff ff ff ff ff ff ff ff ff
0001ef00: ff ff f8 00 7f ff ff ff ff ff ff ff ff ff ff ff
0001ef10: 80 07 ff ff ff ff ff ff ff ff ff ff ff f8 00 7f
0001ef20: ff ff ff ff ff ff ff ff ff ff ff 80 07 ff ff ff
0001ef30: ff ff ff ff ff ff ff ff f8 00 7f ff ff ff ff ff
0001ef40: ff ff ff ff ff ff 80 07 ff ff ff ff ff ff ff ff
0001ef50: ff ff ff f8 00 7f ff ff ff ff ff ff ff ff ff ff
0001ef60: ff 80 07 ff ff ff ff ff ff ff ff ff ff ff f8 00
0001ef70: 7f ff ff ff ff ff ff ff ff ff ff ff 80 07 ff ff
0001ef80: ff ff ff ff ff ff ff ff ff f8 00 7f ff ff ff ff
0001ef90: ff ff ff ff ff ff ff 80 07 ff ff ff ff ff ff ff
0001efa0: ff ff ff ff f8 00 7f ff ff ff ff ff ff ff ff ff
0001efb0: ff ff 80 07 ff ff ff ff ff ff ff ff ff ff ff f8
0001efc0: 00 7f ff ff ff ff ff ff ff ff ff ff ff 80 07 ff
0001efd0: ff ff ff ff ff ff ff ff ff ff f8 00 7f ff ff ff
0001efe0: ff ff ff ff ff ff ff ff 80 07 ff ff ff ff ff ff
0001eff0: ff ff ff ff ff f8 00 7f ff ff ff ff ff ff ff ff
0001f000: ff ff ff 80 07 ff ff ff ff ff ff ff ff ff ff ff
0001f010: f8 00 7f ff ff ff ff ff ff ff ff ff ff ff 80 07
0001f020: ff ff ff ff ff ff ff ff ff ff ff f8 00 7f ff ff
0001f030: ff ff ff ff ff ff ff ff ff 80 07 ff ff ff ff ff
0001f040: ff ff ff ff ff ff f8 00 7f ff ff ff ff ff ff ff
0001f050: ff ff ff ff 80 07 ff ff ff ff ff ff ff ff ff ff
0001f060: ff f8 00 7f ff ff ff ff ff ff ff ff ff ff ff 80
0001f070: 07 ff ff ff ff ff ff ff ff ff ff ff f8 00 7f ff
0001f080: ff ff ff ff ff ff ff ff ff ff 80 07 ff ff ff ff
0001f090: ff ff ff ff ff ff ff f8 00 7f ff ff ff ff ff ff
0001f0a0: ff ff ff ff ff 80 07 ff ff ff ff ff ff ff ff ff
0001f0b0: ff ff f8 00 7f ff ff ff ff ff ff ff ff ff ff ff
0001f0c0: 80 07 ff ff ff ff ff ff ff ff ff ff ff f8 00 7f
0001f0d0: ff ff ff ff ff ff ff ff ff ff ff 80 07 ff ff ff
0001f0e0: ff ff ff ff ff ff ff ff f8 00 7f ff ff ff ff ff
0001f0f0: ff ff ff ff ff ff 80 07 ff ff ff ff ff ff ff ff
0001f100: ff ff ff f8 00 7f ff ff ff ff ff ff ff ff ff ff
0001f110: ff 80 07 ff ff ff ff ff ff ff ff ff ff ff f8 00
0001f120: 7f ff ff ff ff ff ff ff ff ff ff ff 80 07 ff ff
0001f130: ff ff ff ff ff ff ff ff ff f8 00 7f ff ff ff ff
0001f140: ff ff ff ff ff ff ff 80 07 ff ff ff ff ff ff ff
0001f150: ff ff ff ff f8 00 7f ff ff ff ff ff ff ff ff ff
0001f160: ff ff 80 07 ff ff ff ff ff ff ff ff ff ff ff f8
0001f170: 00 7f ff ff ff ff ff ff ff ff ff ff ff 80 07 ff
0001f180: ff ff ff ff ff ff ff ff ff ff f8 00 7f ff ff ff
0001f190: ff ff ff ff ff ff ff ff 80 07 ff ff ff ff ff ff
0001f1a0: ff ff ff ff ff f8 00 7f ff ff ff ff ff ff ff ff
0001f1b0: ff ff ff 80 07 ff ff ff ff ff ff ff ff ff ff ff
0001f1c0: f8 00 7f ff ff ff ff ff ff ff ff ff ff ff 80 07
0001f1d0: ff ff ff ff ff ff ff ff ff ff ff f8 00 7f ff ff
0001f1e0: ff ff ff ff ff ff ff ff ff 80 07 ff ff ff ff ff
0001f1f0: ff ff ff ff ff ff f8 00 7f ff ff ff ff ff ff ff
0001f200: ff ff ff ff 80 07 ff ff ff ff ff ff ff ff ff ff
0001f210: ff f8 00 7f ff ff ff ff ff ff ff ff ff ff ff 80
0001f220: 07 ff ff ff ff ff ff ff ff ff ff ff f8 00 7f ff
0001f230: ff ff ff ff ff ff ff ff ff ff 80 07 ff ff ff ff
0001f240: ff ff ff ff ff ff ff f8 00 7f ff ff ff ff ff ff
0001f250: ff ff ff ff ff 80 07 ff ff ff ff ff ff ff ff ff
0001f260: ff ff f8 00 7f ff ff ff ff ff ff ff ff ff ff ff
0001f270: 80 07 ff ff ff ff ff ff ff ff ff ff ff f8 00 7f
0001f280: ff ff ff ff ff ff ff ff ff ff ff 80 07 ff ff ff
0001f290: ff ff ff ff ff ff ff ff f8 00 7f ff ff ff ff ff
0001f2a0: ff ff ff ff ff ff 80 07 ff ff ff ff ff ff ff ff
0001f2b0: ff ff ff f8 00 7f ff ff ff ff ff ff ff ff ff ff
0001f2c0: ff 80 07 ff ff ff ff ff ff ff ff ff ff ff f8 00
0001f2d0: 7f ff ff ff ff ff ff ff ff ff ff ff 80 07 ff ff
0001f2e0: ff ff ff ff ff ff ff ff ff f8 00 7f ff ff ff ff
0001f2f0: ff ff ff ff ff ff ff 80 07 ff ff ff ff ff ff ff
0001f300: ff ff ff ff f8 00 7f ff ff ff ff ff ff ff ff ff
0001f310: ff ff 80 07 ff ff ff ff ff ff ff ff ff ff ff f8
0001f320: 00 7f ff ff ff ff ff ff ff ff ff ff ff 80 07 ff
0001f330: ff ff ff ff ff ff ff ff ff ff f8 00 7f ff ff ff
0001f340: ff ff ff ff ff ff ff ff 80 07 ff ff ff ff ff ff
0001f350: ff ff ff ff ff f8 00 7f ff ff ff ff ff ff ff ff
0001f360: ff ff ff 80 07 ff ff ff ff ff ff ff ff ff ff ff
0001f370: f8 00 7f ff ff ff ff ff ff ff ff ff ff ff 80 07
0001f380: ff ff ff ff ff ff ff ff ff ff ff f8 00 7f ff ff
0001f390: ff ff ff ff ff ff ff ff ff 80 07 ff ff ff ff ff
0001f3a0: ff ff ff ff ff ff f8 00 7f ff ff ff ff ff ff ff
0001f3b0: ff ff ff ff 80 07 ff ff ff ff ff ff ff ff ff ff
0001f3c0: ff f8 00 7f ff ff ff ff ff ff ff ff ff ff ff 80
0001f3d0: 07 ff ff ff ff ff ff ff ff ff ff ff f8 00 7f ff
0001f3e0: ff ff ff ff ff ff ff ff ff ff 80 07 ff ff ff ff
0001f3f0: ff ff ff ff ff ff ff f8 00 7f ff ff ff ff ff ff
0001f400: ff ff ff ff ff 80 07 ff ff ff ff ff ff ff ff ff
0001f410: ff ff f8 00 7f ff ff ff ff ff ff ff ff ff ff ff
0001f420: 80 07 ff ff ff ff ff ff ff ff ff ff ff f8 00 7f
0001f430: ff ff ff ff ff ff ff ff ff ff ff 80 07 ff ff ff
0001f440: ff ff ff ff ff ff ff ff f8 00 7f ff ff ff ff ff
0001f450: ff ff ff ff ff ff 80 07 ff ff ff ff ff ff ff ff
0001f460: ff ff ff f8 00 7f ff ff ff ff ff ff ff ff ff ff
0001f470: ff 80 07 ff ff ff ff ff ff ff ff ff ff ff f8 00
0001f480: 7f ff ff ff ff ff ff ff ff ff ff ff 80 07 ff ff
0001f490: ff ff ff ff ff ff ff ff ff f8 00 7f ff ff ff ff
0001f4a0: ff ff ff ff ff ff ff 80 07 ff ff ff ff ff ff ff
0001f4b0: ff ff ff ff f8 00 7f ff ff ff ff ff ff ff ff ff
0001f4c0: ff ff 80 07 ff ff ff ff ff ff ff ff ff ff ff f8
0001f4d0: 00 7f ff ff ff ff ff ff ff ff ff ff ff 80 07 ff
0001f4e0: ff ff ff ff ff ff ff ff ff ff f8 00 7f ff ff ff
0001f4f0: ff ff ff ff ff ff ff ff 80 07 ff ff ff ff ff ff
0001f500: ff ff ff ff ff f8 00 7f ff ff ff ff ff ff ff ff
0001f510: ff ff ff 80 07 ff ff ff ff ff ff ff ff ff ff ff
0001f520: f8 00 7f ff ff ff ff ff ff ff ff ff ff ff 80 07
0001f530: ff ff ff ff ff ff ff ff ff ff ff f8 00 7f ff ff
0001f540: ff ff ff ff ff ff ff ff ff 80 07 ff ff ff ff ff
0001f550: ff ff ff ff ff ff f8 00 7f ff ff ff ff ff ff ff
0001f560: ff ff ff ff 80 07 ff ff ff ff ff ff ff ff ff ff
0001f570: ff f8 00 7f ff ff ff ff ff ff ff ff ff ff ff 80
0001f580: 07 ff ff ff ff ff ff ff ff ff ff ff f8 00 7f ff
0001f590: ff ff ff ff ff ff ff ff ff ff 80 07 ff ff ff ff
0001f5a0: ff ff ff ff ff ff ff f8 00 7f ff ff ff ff ff ff
0001f5b0: ff ff ff ff ff 80 07 ff ff ff ff ff ff ff ff ff
0001f5c0: ff ff f8 00 7f ff ff ff ff ff ff ff ff ff ff ff
0001f5d0: 80 07 ff ff ff ff ff ff ff ff ff ff ff f8 00 7f
0001f5e0: ff ff ff ff ff ff ff ff ff ff ff 80 07 ff ff ff
0001f5f0: ff ff ff ff ff ff ff ff f8 00 7f ff ff ff ff ff
0001f600: ff ff ff ff ff ff 80 07 ff ff ff ff ff ff ff ff
0001f610: ff ff ff f8 00 7f ff ff ff ff ff ff ff ff ff ff
0001f620: ff 80 07 ff ff ff ff ff ff ff ff ff ff ff f8 00
0001f630: 7f ff ff ff ff ff ff ff ff ff ff ff 80 07 ff ff
0001f640: ff ff ff ff ff ff ff ff ff f8 00 7f ff ff ff ff
0001f650: ff ff ff ff ff ff ff 80 07 ff ff ff ff ff ff ff
0001f660: ff ff ff ff f8 00 7f ff ff ff ff ff ff ff ff ff
0001f670: ff ff 80 07 ff ff ff ff ff ff ff ff ff ff ff f8
0001f680: 00 7f ff ff ff ff ff ff ff ff ff ff ff 80 07 ff
0001f690: ff ff ff ff ff ff ff ff ff ff f8 00 7f ff ff ff
0001f6a0: ff ff ff ff ff ff ff ff 80 07 ff ff ff ff ff ff
0001f6b0: ff ff ff ff ff f8 00 7f ff ff ff ff ff ff ff ff
0001f6c0: ff ff ff 80 07 ff ff ff ff ff ff ff ff ff ff ff
0001f6d0: f8 00 7f ff ff ff ff ff ff ff ff ff ff ff 80 07
0001f6e0: ff ff ff ff ff ff ff ff ff ff ff f8 00 7f ff ff
0001f6f0: ff ff ff ff ff ff ff ff ff 80 07 ff ff ff ff ff
0001f700: ff ff ff ff ff ff f8 00 7f ff ff ff ff ff ff ff
0001f710: ff ff ff ff 80 07 ff ff ff ff ff ff ff ff ff ff
0001f720: ff f8 00 7f ff ff ff ff ff ff ff ff ff ff ff 80
0001f730: 07 ff ff ff ff ff ff ff ff ff ff ff f8 00 7f ff
0001f740: ff ff ff ff ff ff ff ff ff ff 80 07 ff ff ff ff
0001f750: ff ff ff ff ff ff ff f8 00 7f ff ff ff ff ff ff
0001f760: ff ff ff ff ff 80 07 ff ff ff ff ff ff ff ff ff
0001f770: ff ff f8 00 7f ff ff ff ff ff ff ff ff ff ff ff
0001f780: 80 07 ff ff ff ff ff ff ff ff ff ff ff f8 00 7f
0001f790: ff ff ff ff ff ff ff ff ff ff ff 80 07 ff ff ff
0001f7a0: ff ff ff ff ff ff ff ff f8 00 7f ff ff ff ff ff
0001f7b0: ff ff ff ff ff ff 80 07 ff ff ff ff ff ff ff ff
0001f7c0: ff ff ff f8 00 7f ff ff ff ff ff ff ff ff ff ff
0001f7d0: ff 80 07 ff ff ff ff ff ff ff ff ff ff ff f8 00
0001f7e0: 7f ff ff ff ff ff ff ff ff ff ff ff 80 07 ff ff
0001f7f0: ff ff ff ff ff ff ff ff ff f8 00 7f ff ff ff ff
0001f800: ff ff ff ff ff ff ff 80 07 ff ff ff ff ff ff ff
0001f810: ff ff ff ff f8 00 7f ff ff ff ff ff ff ff ff ff
0001f820: ff ff 80 07 ff ff ff ff ff ff ff ff ff ff ff f8
0001f830: 00 7f ff ff ff ff ff ff ff ff ff ff ff 80 07 ff
0001f840: ff ff ff ff ff ff ff ff ff ff f8 00 7f ff ff ff
0001f850: ff ff ff ff ff ff ff ff 80 07 ff ff ff ff ff ff
0001f860: ff ff ff ff ff f8 00 7f ff ff ff ff ff ff ff ff
0001f870: ff ff ff 80 07 ff ff ff ff ff ff ff ff ff ff ff
0001f880: f8 00 7f ff ff ff ff ff ff ff ff ff ff ff 80 07
0001f890: ff ff ff ff ff ff ff ff ff ff ff f8 00 7f ff ff
0001f8a0: ff ff ff ff ff ff ff ff ff 80 07 ff ff ff ff ff
0001f8b0: ff ff ff ff ff ff f8 00 7f ff ff ff ff ff ff ff
0001f8c0: ff ff ff ff 80 07 ff ff ff ff ff ff ff ff ff ff
0001f8d0: ff f8 00 7f ff ff ff ff ff ff ff ff ff ff ff 80
0001f8e0: 07 ff ff ff ff ff ff ff ff ff ff ff f8 00 7f ff
0001f8f0: ff ff ff ff ff ff ff ff ff ff 80 07 ff ff ff ff
0001f900: ff ff ff ff ff ff ff f8 00 7f ff ff ff ff ff ff
0001f910: ff ff ff ff ff 80 07 ff ff ff ff ff ff ff ff ff
0001f920: ff ff f8 00 7f ff ff ff ff ff ff ff ff ff ff ff
0001f930: 80 07 ff ff ff ff ff ff ff ff ff ff ff f8 00 7f
0001f940: ff ff ff ff ff ff ff ff ff ff ff 80 07 ff ff ff
0001f950: ff ff ff ff ff ff ff ff f8 00 7f ff ff ff ff ff
0001f960: ff ff ff ff ff ff 80 07 ff ff ff ff ff ff ff ff
0001f970: ff ff ff f8 00 7f ff ff ff ff ff ff ff ff ff ff
0001f980: ff 80 07 ff ff ff ff ff ff ff ff ff ff ff f8 00
0001f990: 7f ff ff ff ff ff ff ff ff ff ff ff 80 07 ff ff
0001f9a0: ff ff ff ff ff ff ff ff ff f8 00 7f ff ff ff ff
0001f9b0: ff ff ff ff ff ff ff 80 07 ff ff ff ff ff ff ff
0001f9c0: ff ff ff ff f8 00 7f ff ff ff ff ff ff ff ff ff
0001f9d0: ff ff 80 07 ff ff ff ff ff ff ff ff ff ff ff f8
0001f9e0: 00 7f ff ff ff ff ff ff ff ff ff ff ff 80 07 ff
0001f9f0: ff ff ff ff ff ff ff ff ff ff f8 00 7f ff ff ff
0001fa00: ff ff ff ff ff ff ff ff 80 07 ff ff ff ff ff ff
0001fa10: ff ff ff ff ff f8 00 7f ff ff ff ff ff ff ff ff
0001fa20: ff ff ff 80 07 ff ff ff ff ff ff ff ff ff ff ff
0001fa30: f8 00 7f ff ff ff ff ff ff ff ff ff ff ff 80 07
0001fa40: ff ff ff ff ff ff ff ff ff ff ff f8 00 7f ff ff
0001fa50: ff ff ff ff ff ff ff ff ff 80 07 ff ff ff ff ff
0001fa60: ff ff ff ff ff ff f8 00 7f ff ff ff ff ff ff ff
0001fa70: ff ff ff ff 80 07 ff ff ff ff ff ff ff ff ff ff
0001fa80: ff f8 00 7f ff ff ff ff ff ff ff ff ff ff ff 80
0001fa90: 07 ff ff ff ff ff ff ff ff ff ff ff f8 00 7f ff
0001faa0: ff ff ff ff ff ff ff ff ff ff 80 07 ff ff ff ff
0001fab0: ff ff ff ff ff ff ff f8 00 7f ff ff ff ff ff ff
0001fac0: ff ff ff ff ff 80 07 ff ff ff ff ff ff ff ff ff
0001fad0: ff ff f8 00 7f ff ff ff ff ff ff ff ff ff ff ff
0001fae0: 80 07 ff ff ff ff ff ff ff ff ff ff ff f8 00 7f
0001faf0: ff ff ff ff ff ff ff ff ff ff ff 80 07 ff ff ff
0001fb00: ff ff ff ff ff ff ff ff f8 00 7f ff ff ff ff ff
0001fb10: ff ff ff ff ff ff 80 07 ff ff ff ff ff ff ff ff
0001fb20: ff ff ff f8 00 7f ff ff ff ff ff ff ff ff ff ff
0001fb30: ff 80 07 ff ff ff ff ff ff ff ff ff ff ff f8 00
0001fb40: 7f ff ff ff ff ff ff ff ff ff ff ff 80 07 ff ff
0001fb50: ff ff ff ff ff ff ff ff ff f8 00 7f ff ff ff ff
0001fb60: ff ff ff ff ff ff ff 80 07 ff ff ff ff ff ff ff
0001fb70: ff ff ff ff f8 00 7f ff ff ff ff ff ff ff ff ff
0001fb80: ff ff 80 07 ff ff ff ff ff ff ff ff ff ff ff f8
0001fb90: 00 7f ff ff ff ff ff ff ff ff ff ff ff 80 07 ff
0001fba0: ff ff ff ff ff ff ff ff ff ff f8 00 7f ff ff ff
0001fbb0: ff ff ff ff ff ff ff ff 80 07 ff ff ff ff ff ff
0001fbc0: ff ff ff ff ff f8 00 7f ff ff ff ff ff ff ff ff
0001fbd0: ff ff ff 80 07 ff ff ff ff ff ff ff ff ff ff ff
0001fbe0: f8 00 7f ff ff ff ff ff ff ff ff ff ff ff 80 07
0001fbf0: ff ff ff ff ff ff ff ff ff ff ff f8 00 7f ff ff
0001fc00: ff ff ff ff ff ff ff ff ff 80 07 ff ff ff ff ff
0001fc10: ff ff ff ff ff ff f8 00 7f ff ff ff ff ff ff ff
0001fc20: ff ff ff ff 80 07 ff ff ff ff ff ff ff ff ff ff
0001fc30: ff f8 00 7f ff ff ff ff ff ff ff ff ff ff ff 80
0001fc40: 07 ff ff ff ff ff ff ff ff ff ff ff f8 00 7f ff
0001fc50: ff ff ff ff ff ff ff ff ff ff 80 07 ff ff ff ff
0001fc60: ff ff ff ff ff ff ff f8 00 7f ff ff ff ff ff ff
0001fc70: ff ff ff ff ff 80 07 ff ff ff ff ff ff ff ff ff
0001fc80: ff ff f8 00 7f ff ff ff ff ff ff ff ff ff ff ff
0001fc90: 80 07 ff ff ff ff ff ff ff ff ff ff ff f8 00 7f
0001fca0: ff ff ff ff ff ff ff ff ff ff ff 80 07 ff ff ff
0001fcb0: ff ff ff ff ff ff ff ff f8 00 7f ff ff ff ff ff
0001fcc0: ff ff ff ff ff ff 80 07 ff ff ff ff ff ff ff ff
0001fcd0: ff ff ff f8 00 7f ff ff ff ff ff ff ff ff ff ff
0001fce0: ff 80 07 ff ff ff ff ff ff ff ff ff ff ff f8 00
0001fcf0: 7f ff ff ff ff ff ff ff ff ff ff ff 80 07 ff ff
0001fd00: ff ff ff ff ff ff ff ff ff f8 00 7f ff ff ff ff
0001fd10: ff ff ff ff ff ff ff 80 07 ff ff ff ff ff ff ff
0001fd20: ff ff ff ff f8 00 7f ff ff ff ff ff ff ff ff ff
0001fd30: ff ff 80 07 ff ff ff ff ff ff ff ff ff ff ff f8
0001fd40: 00 7f ff ff ff ff ff ff ff ff ff ff ff 80 07 ff
0001fd50: ff ff ff ff ff ff ff ff ff ff f8 00 7f ff ff ff
0001fd60: ff ff ff ff ff ff ff ff 80 07 ff ff ff ff ff ff
0001fd70: ff ff ff ff ff f8 00 7f ff ff ff ff ff ff ff ff
0001fd80: ff ff ff 80 07 ff ff ff ff ff ff ff ff ff ff ff
0001fd90: f8 00 7f ff ff ff ff ff ff ff ff ff ff ff 80 07
0001fda0: ff ff ff ff ff ff ff ff ff ff ff f8 00 7f ff ff
0001fdb0: ff ff ff ff ff ff ff ff ff 80 07 ff ff ff ff ff
0001fdc0: ff ff ff ff ff ff f8 00 7f ff ff ff ff ff ff ff
0001fdd0: ff ff ff ff 80 07 ff ff ff ff ff ff ff ff ff ff
0001fde0: ff f8 00 7f ff ff ff ff ff ff ff ff ff ff ff 80
0001fdf0: 07 ff ff ff ff ff ff ff ff ff ff ff f8 00 7f ff
0001fe00: ff ff ff ff ff ff ff ff ff ff 80 07 ff ff ff ff
0001fe10: ff ff ff ff ff ff ff f8 00 7f ff ff ff ff ff ff
0001fe20: ff ff ff ff ff 80 07 ff ff ff ff ff ff ff ff ff
0001fe30: ff ff f8 00 7f ff ff ff ff ff ff ff ff ff ff ff
0001fe40: 80 07 ff ff ff ff ff ff ff ff ff ff ff f8 00 7f
0001fe50: ff ff ff ff ff ff ff ff ff ff ff 80 07 ff ff ff
0001fe60: ff ff ff ff ff ff ff ff f8 00 7f ff ff ff ff ff
0001fe70: ff ff ff ff ff ff 80 07 ff ff ff ff ff ff ff ff
0001fe80: ff ff ff f8 00 7f ff ff ff ff ff ff ff ff ff ff
0001fe90: ff 80 07 ff ff ff ff ff ff ff ff ff ff ff f8 00
0001fea0: 7f ff ff ff ff ff ff ff ff ff ff ff 80 07 ff ff
0001feb0: ff ff ff ff ff ff ff ff ff f8 00 7f ff ff ff ff
0001fec0: ff ff ff ff ff ff ff 80 07 ff ff ff ff ff ff ff
0001fed0: ff ff ff ff f8 00 7f ff ff ff ff ff ff ff ff ff
0001fee0: ff ff 80 07 ff ff ff ff ff ff ff ff ff ff ff f8
0001fef0: 00 7f ff ff ff ff ff ff ff ff ff ff ff 80 07 ff
0001ff00: ff ff ff ff ff ff ff ff ff ff f8 00 7f ff ff ff
0001ff10: ff ff ff ff ff ff ff ff 80 07 ff ff ff ff ff ff
0001ff20: ff ff ff ff ff f8 00 7f ff ff ff ff ff ff ff ff
0001ff30: ff ff ff 80 07 ff ff ff ff ff ff ff ff ff ff ff
0001ff40: f8 00 7f ff ff ff ff ff ff ff ff ff ff ff 80 07
0001ff50: ff ff ff ff ff ff ff ff ff ff ff f8 00 7f ff ff
0001ff60: ff ff ff ff ff ff ff ff ff 80 07 ff ff ff ff ff
0001ff70: ff ff ff ff ff ff f8 00 7f ff ff ff ff ff ff ff
0001ff80: ff ff ff ff 80 07 ff ff ff ff ff ff ff ff ff ff
0001ff90: ff f8 00 7f ff ff ff ff ff ff ff ff ff ff ff 80
0001ffa0: 07 ff ff ff ff ff ff ff ff ff ff ff f8 00 7f ff
0001ffb0: ff ff ff ff ff ff ff ff ff ff 80 07 ff ff ff ff
0001ffc0: ff ff ff ff ff ff ff f8 00 7f ff ff ff ff ff ff
0001ffd0: ff ff ff ff ff 80 07 ff ff ff ff ff ff ff ff ff
0001ffe0: ff ff f8 00 7f ff ff ff ff ff ff ff ff ff ff ff
0001fff0: 80 07 ff ff ff ff ff ff ff ff ff ff ff f8 00 7f
00020000: ff ff ff ff ff ff ff ff ff ff ff 80 07 ff ff ff
00020010: ff ff ff ff ff ff ff ff f8 00 7f ff ff ff ff ff
00020020: ff ff ff ff ff ff 80 07 ff ff ff ff ff ff ff ff
00020030: ff ff ff f8 00 7f ff ff ff ff ff ff ff ff ff ff
00020040: ff 80 07 ff ff ff ff ff ff ff ff ff ff ff f8 00
00020050: 7f ff ff ff ff ff ff ff ff ff ff ff 80 07 ff ff
00020060: ff ff ff ff ff ff ff ff ff f8 00 7f ff ff ff ff
00020070: ff ff ff ff ff ff ff 80 07 ff ff ff ff ff ff ff
00020080: ff ff ff ff f8 00 7f ff ff ff ff ff ff ff ff ff
00020090: ff ff 80 07 ff ff ff ff ff ff ff ff ff ff ff f8
000200a0: 00 7f ff ff ff ff ff ff ff ff ff ff ff 80 07 ff
000200b0: ff ff ff ff ff ff ff ff ff ff f8 00 7f ff ff ff
000200c0: ff ff ff ff ff ff ff ff 80 07 ff ff ff ff ff ff
000200d0: ff ff ff ff ff f8 00 7f ff ff ff ff ff ff ff ff
000200e0: ff ff ff 80 07 ff ff ff ff ff ff ff ff ff ff ff
000200f0: f8 00 7f ff ff ff ff ff ff ff ff ff ff ff 80 07
00020100: ff ff ff ff ff ff ff ff ff ff ff f8 00 7f ff ff
00020110: ff ff ff ff ff ff ff ff ff 80 07 ff ff ff ff ff
00020120: ff ff ff ff ff ff f8 00 7f ff ff ff ff ff ff ff
00020130: ff ff ff ff 80 07 ff ff ff ff ff ff ff ff ff ff
00020140: ff f8 00 7f ff ff ff ff ff ff ff ff ff ff ff 80
00020150: 07 ff ff ff ff ff ff ff ff ff ff ff f8 00 7f ff
00020160: ff ff ff ff ff ff ff ff ff ff 80 07 ff ff ff ff
00020170: ff ff ff ff ff ff ff f8 00 7f ff ff ff ff ff ff
00020180: ff ff ff ff ff 80 07 ff ff ff ff ff ff ff ff ff
00020190: ff ff f8 00 7f ff ff ff ff ff ff ff ff ff ff ff
000201a0: 80 07 ff ff ff ff ff ff ff ff ff ff ff f8 00 7f
000201b0: ff ff ff ff ff ff ff ff ff ff ff 80 07 ff ff ff
000201c0: ff ff ff ff ff ff ff ff f8 00 7f ff ff ff ff ff
000201d0: ff ff ff ff ff ff 80 07 ff ff ff ff ff ff ff ff
000201e0: ff ff ff f8 00 7f ff ff ff ff ff ff ff ff ff ff
000201f0: ff 80 07 ff ff ff ff ff ff ff ff ff ff ff f8 00
00020200: 7f ff ff ff ff ff ff ff ff ff ff ff 80 07 ff ff
00020210: ff ff ff ff ff ff ff ff ff f8 00 7f ff ff ff ff
00020220: ff ff ff ff ff ff ff 80 07 ff ff ff ff ff ff ff
00020230: ff ff ff ff f8 00 7f ff ff ff ff ff ff ff ff ff
00020240: ff ff 80 07 ff ff ff ff ff ff ff ff ff ff ff f8
00020250: 00 7f ff ff ff ff ff ff ff ff ff ff ff 80 07 ff
00020260: ff ff ff ff ff ff ff ff ff ff f8 00 7f ff ff ff
00020270: ff ff ff ff ff ff ff ff 80 07 ff ff ff ff ff ff
00020280: ff ff ff ff ff f8 00 7f ff ff ff ff ff ff ff ff
00020290: ff ff ff 80 07 ff ff ff ff ff ff ff ff ff ff ff
000202a0: f8 00 7f ff ff ff ff ff ff ff ff ff ff ff 80 07
000202b0: ff ff ff ff ff ff ff ff ff ff ff f8 00 7f ff ff
000202c0: ff ff ff ff ff ff ff ff ff 80 07 ff ff ff ff ff
000202d0: ff ff ff ff ff ff f8 00 7f ff ff ff ff ff ff ff
000202e0: ff ff ff ff 80 07 ff ff ff ff ff ff ff ff ff ff
000202f0: ff f8 00 7f ff ff ff ff ff ff ff ff ff ff ff 80
00020300: 07 ff ff ff ff ff ff ff ff ff ff ff f8 00 7f ff
00020310: ff ff ff ff ff ff ff ff ff ff 80 07 ff ff ff ff
00020320: ff ff ff ff ff ff ff f8 00 7f ff ff ff ff ff ff
00020330: ff ff ff ff ff 80 07 ff ff ff ff ff ff ff ff ff
00020340: ff ff f8 00 7f ff ff ff ff ff ff ff ff ff ff ff
00020350: 80 07 ff ff ff ff ff ff ff ff ff ff ff f8 00 7f
00020360: ff ff ff ff ff ff ff ff ff ff ff 80 07 ff ff ff
00020370: ff ff ff ff ff ff ff ff f8 00 7f ff ff ff ff ff
00020380: ff ff ff ff ff ff 80 07 ff ff ff ff ff ff ff ff
00020390: ff ff ff f8 00 7f ff ff ff ff ff ff ff ff ff ff
000203a0: ff 80 07 ff ff ff ff ff ff ff ff ff ff ff f8 00
000203b0: 7f ff ff ff ff ff ff ff ff ff ff ff 80 07 ff ff
000203c0: ff ff ff ff ff ff ff ff ff f8 00 7f ff ff ff ff
000203d0: ff ff ff ff ff ff ff 80 07 ff ff ff ff ff ff ff
000203e0: ff ff ff ff f8 00 7f ff ff ff ff ff ff ff ff ff
000203f0: ff ff 80 07 ff ff ff ff ff ff ff ff ff ff ff f8
00020400: 00 7f ff ff ff ff ff ff ff ff ff ff ff 80 07 ff
00020410: ff ff ff ff ff ff ff ff ff ff f8 00 7f ff ff ff
00020420: ff ff ff ff ff ff ff ff 80 07 ff ff ff ff ff ff
00020430: ff ff ff ff ff f8 00 7f ff ff ff ff ff ff ff ff
00020440: ff ff ff 80 07 ff ff ff ff ff ff ff ff ff ff ff
00020450: f8 00 7f ff ff ff ff ff ff ff ff ff ff ff 80 07
00020460: ff ff ff ff ff ff ff ff ff ff ff f8 00 7f ff ff
00020470: ff ff ff ff ff ff ff ff ff 80 07 ff ff ff ff ff
00020480: ff ff ff ff ff ff f8 00 7f ff ff ff ff ff ff ff
00020490: ff ff ff ff 80 07 ff ff ff ff ff ff ff ff ff ff
000204a0: ff f8 00 7f ff ff ff ff ff ff ff ff ff ff ff 80
000204b0: 07 ff ff ff ff ff ff ff ff ff ff ff f8 00 7f ff
000204c0: ff ff ff ff ff ff ff ff ff ff 80 07 ff ff ff ff
000204d0: ff ff ff ff ff ff ff f8 00 7f ff ff ff ff ff ff
000204e0: ff ff ff ff ff 80 07 ff ff ff ff ff ff ff ff ff
000204f0: ff ff f8 00 7f ff ff ff ff ff ff ff ff ff ff ff
00020500: 80 07 ff ff ff ff ff ff ff ff ff ff ff f8 00 7f
00020510: ff ff ff ff ff ff ff ff ff ff ff 80 07 ff ff ff
00020520: ff ff ff ff ff ff ff ff f8 00 7f ff ff ff ff ff
00020530: ff ff ff ff ff ff 80 07 ff ff ff ff ff ff ff ff
00020540: ff ff ff f8 00 7f ff ff ff ff ff ff ff ff ff ff
00020550: ff 80 07 ff ff ff ff ff ff ff ff ff ff ff f8 00
00020560: 7f ff ff ff ff ff ff ff ff ff ff ff 80 07 ff ff
00020570: ff ff ff ff ff ff ff ff ff f8 00 7f ff ff ff ff
00020580: ff ff ff ff ff ff ff 80 07 ff ff ff ff ff ff ff
00020590: ff ff ff ff f8 00 7f ff ff ff ff ff ff ff ff ff
000205a0: ff ff 80 07 ff ff ff ff ff ff ff ff ff ff ff f8
000205b0: 00 7f ff ff ff ff ff ff ff ff ff ff ff 80 07 ff
000205c0: ff ff ff ff ff ff ff ff ff ff f8 00 7f ff ff ff
000205d0: ff ff ff ff ff ff ff ff 80 07 ff ff ff ff ff ff
000205e0: ff ff ff ff ff f8 00 7f ff ff ff ff ff ff ff ff
000205f0: ff ff ff 80 07 ff ff ff ff ff ff ff ff ff ff ff
00020600: f8 00 7f ff ff ff ff ff ff ff ff ff ff ff 80 07
00020610: ff ff ff ff ff ff ff ff ff ff ff f8 00 7f ff ff
00020620: ff ff ff ff ff ff ff ff ff 80 07 ff ff ff ff ff
00020630: ff ff ff ff ff ff f8 00 7f ff ff ff ff ff ff ff
00020640: ff ff ff ff 80 07 ff ff ff ff ff ff ff ff ff ff
00020650: ff f8 00 7f ff ff ff ff ff ff ff ff ff ff ff 80
00020660: 07 ff ff ff ff ff ff ff ff ff ff ff f8 00 7f ff
00020670: ff ff ff ff ff ff ff ff ff ff 80 07 ff ff ff ff
00020680: ff ff ff ff ff ff ff f8 00 7f ff ff ff ff ff ff
00020690: ff ff ff ff ff 80 07 ff ff ff ff ff ff ff ff ff
000206a0: ff ff f8 00 7f ff ff ff ff ff ff ff ff ff ff ff
000206b0: 80 07 ff ff ff ff ff ff ff ff ff ff ff f8 00 7f
000206c0: ff ff ff ff ff ff ff ff ff ff ff 80 07 ff ff ff
000206d0: ff ff ff ff ff ff ff ff f8 00 7f ff ff ff ff ff
000206e0: ff ff ff ff ff ff 80 07 ff ff ff ff ff ff ff ff
000206f0: ff ff ff f8 00 7f ff ff ff ff ff ff ff ff ff ff
00020700: ff 80 07 ff ff ff ff ff ff ff ff ff ff ff f8 00
00020710: 7f ff ff ff ff ff ff ff ff ff ff ff 80 07 ff ff
00020720: ff ff ff ff ff ff ff ff ff f8 00 7f ff ff ff ff
00020730: ff ff ff ff ff ff ff 80 07 ff ff ff ff ff ff ff
00020740: ff ff ff ff f8 00 7f ff ff ff ff ff ff ff ff ff
00020750: ff ff 80 07 ff ff ff ff ff ff ff ff ff ff ff f8
00020760: 00 7f ff ff ff ff ff ff ff ff ff ff ff 80 07 ff
00020770: ff ff ff ff ff ff ff ff ff ff f8 00 7f ff ff ff
00020780: ff ff ff ff ff ff ff ff 80 07 ff ff ff ff ff ff
00020790: ff ff ff ff ff f8 00 7f ff ff ff ff ff ff ff ff
000207a0: ff ff ff 80 07 ff ff ff ff ff ff ff ff ff ff ff
000207b0: f8 00 7f ff ff ff ff ff ff ff ff ff ff ff 80 07
000207c0: ff ff ff ff ff ff ff ff ff ff ff f8 00 7f ff ff
000207d0: ff ff ff ff ff ff ff ff ff 80 07 ff ff ff ff ff
000207e0: ff ff ff ff ff ff f8 00 7f ff ff ff ff ff ff ff
000207f0: ff ff ff ff 80 07 ff ff ff ff ff ff ff ff ff ff
00020800: ff f8 00 7f ff ff ff ff ff ff ff ff ff ff ff 80
00020810: 07 ff ff ff ff ff ff ff ff ff ff ff f8 00 7f ff
00020820: ff ff ff ff ff ff ff ff ff ff 80 07 ff ff ff ff
00020830: ff ff ff ff ff ff ff f8 00 7f ff ff ff ff ff ff
00020840: ff ff ff ff ff 80 07 ff ff ff ff ff ff ff ff ff
00020850: ff ff f8 00 7f ff ff ff ff ff ff ff ff ff ff ff
00020860: 80 07 ff ff ff ff ff ff ff ff ff ff ff f8 00 7f
00020870: ff ff ff ff ff ff ff ff ff ff ff 80 07 ff ff ff
00020880: ff ff ff ff ff ff ff ff f8 00 7f ff ff ff ff ff
00020890: ff ff ff ff ff ff 80 07 ff ff ff ff ff ff ff ff
000208a0: ff ff ff f8 00 7f ff ff ff ff ff ff ff ff ff ff
000208b0: ff 80 07 ff ff ff ff ff ff ff ff ff ff ff f8 00
000208c0: 7f ff ff ff ff ff ff ff ff ff ff ff 80 07 ff ff
000208d0: ff ff ff ff ff ff ff ff ff f8 00 7f ff ff ff ff
000208e0: ff ff ff ff ff ff ff 80 07 ff ff ff ff ff ff ff
000208f0: ff ff ff ff f8 00 7f ff ff ff ff ff ff ff ff ff
00020900: ff ff 80 07 ff ff ff ff ff ff ff ff ff ff ff f8
00020910: 00 7f ff ff ff ff ff ff ff ff ff ff ff 80 07 ff
00020920: ff ff ff ff ff ff ff ff ff ff f8 00 7f ff ff ff
00020930: ff ff ff ff ff ff ff ff 80 07 ff ff ff ff ff ff
00020940: ff ff ff ff ff f8 00 7f ff ff ff ff ff ff ff ff
00020950: ff ff ff 80 07 ff ff ff ff ff ff ff ff ff ff ff
00020960: f8 00 7f ff ff ff ff ff ff ff ff ff ff ff 80 07
00020970: ff ff ff ff ff ff ff ff ff ff ff f8 00 7f ff ff
00020980: ff ff ff ff ff ff ff ff ff 80 07 ff ff ff ff ff
00020990: ff ff ff ff ff ff f8 00 7f ff ff ff ff ff ff ff
000209a0: ff ff ff ff 80 07 ff ff ff ff ff ff ff ff ff ff
000209b0: ff f8 00 7f ff ff ff ff ff ff ff ff ff ff ff 80
000209c0: 07 ff ff ff ff ff ff ff ff ff ff ff f8 00 7f ff
000209d0: ff ff ff ff ff ff ff ff ff ff 80 07 ff ff ff ff
000209e0: ff ff ff ff ff ff ff f8 00 7f ff ff ff ff ff ff
000209f0: ff ff ff ff ff 80 07 ff ff ff ff ff ff ff ff ff
00020a00: ff ff f8 00 7f ff ff ff ff ff ff ff ff ff ff ff
00020a10: 80 07 ff ff ff ff ff ff ff ff ff ff ff f8 00 7f
00020a20: ff ff ff ff ff ff ff ff ff ff ff 80 07 ff ff ff
00020a30: ff ff ff ff ff ff ff ff f8 00 7f ff ff ff ff ff
00020a40: ff ff ff ff ff ff 80 07 ff ff ff ff ff ff ff ff
00020a50: ff ff ff f8 00 7f ff ff ff ff ff ff ff ff ff ff
00020a60: ff 80 07 ff ff ff ff ff ff ff ff ff ff ff f8 00
00020a70: 7f ff ff ff ff ff ff ff ff ff ff ff 80 07 ff ff
00020a80: ff ff ff ff ff ff ff ff ff f8 00 7f ff ff ff ff
00020a90: ff ff ff ff ff ff ff 80 07 ff ff ff ff ff ff ff
00020aa0: ff ff ff ff f8 00 7f ff ff ff ff ff ff ff ff ff
00020ab0: ff ff 80 07 ff ff ff ff ff ff ff ff ff ff ff f8
00020ac0: 00 7f ff ff ff ff ff ff ff ff ff ff ff 80 07 ff
00020ad0: ff ff ff ff ff ff ff ff ff ff f8 00 7f ff ff ff
00020ae0: ff ff ff ff ff ff ff ff 80 07 ff ff ff ff ff ff
00020af0: ff ff ff ff ff f8 00 7f ff ff ff ff ff ff ff ff
00020b00: ff ff ff 80 07 ff ff ff ff ff ff ff ff ff ff ff
00020b10: f8 00 7f ff ff ff ff ff ff ff ff ff ff ff 80 07
00020b20: ff ff ff ff ff ff ff ff ff ff ff f8 00 7f ff ff
00020b30: ff ff ff ff ff ff ff ff ff 80 07 ff ff ff ff ff
00020b40: ff ff ff ff ff ff f8 00 7f ff ff ff ff ff ff ff
00020b50: ff ff ff ff 80 07 ff ff ff ff ff ff ff ff ff ff
00020b60: ff f8 00 7f ff ff ff ff ff ff ff ff ff ff ff 80
00020b70: 07 ff ff ff ff ff ff ff ff ff ff ff f8 00 7f ff
00020b80: ff ff ff ff ff ff ff ff ff ff 80 07 ff ff ff ff
00020b90: ff ff ff ff ff ff ff f8 00 7f ff ff ff ff ff ff
00020ba0: ff ff ff ff ff 80 07 ff ff ff ff ff ff ff ff ff
00020bb0: ff ff f8 00 7f ff ff ff ff ff ff ff ff ff ff ff
00020bc0: 80 07 ff ff ff ff ff ff ff ff ff ff ff f8 00 7f
00020bd0: ff ff ff ff ff ff ff ff ff ff ff 80 07 ff ff ff
00020be0: ff ff ff ff ff ff ff ff f8 00 7f ff ff ff ff ff
00020bf0: ff ff ff ff ff ff 80 07 ff ff ff ff ff ff ff ff
00020c00: ff ff ff f8 00 7f ff ff ff ff ff ff ff ff ff ff
00020c10: ff 80 07 ff ff ff ff ff ff ff ff ff ff ff f8 00
00020c20: 7f ff ff ff ff ff ff ff ff ff ff ff 80 07 ff ff
00020c30: ff ff ff ff ff ff ff ff ff f8 00 7f ff ff ff ff
00020c40: ff ff ff ff ff ff ff 80 07 ff ff ff ff ff ff ff
00020c50: ff ff ff ff f8 00 7f ff ff ff ff ff ff ff ff ff
00020c60: ff ff 80 07 ff ff ff ff ff ff ff ff ff ff ff f8
00020c70: 00 7f ff ff ff ff ff ff ff ff ff ff ff 80 07 ff
00020c80: ff ff ff ff ff ff ff ff ff ff f8 00 7f ff ff ff
00020c90: ff ff ff ff ff ff ff ff 80 07 ff ff ff ff ff ff
00020ca0: ff ff ff ff ff f8 00 7f ff ff ff ff ff ff ff ff
00020cb0: ff ff ff 80 07 ff ff ff ff ff ff ff ff ff ff ff
00020cc0: f8 00 7f ff ff ff ff ff ff ff ff ff ff ff 80 07
00020cd0: ff ff ff ff ff ff ff ff ff ff ff f8 00 7f ff ff
00020ce0: ff ff ff ff ff ff ff ff ff 80 07 ff ff ff ff ff
00020cf0: ff ff ff ff ff ff f8 00 7f ff ff ff ff ff ff ff
00020d00: ff ff ff ff 80 07 ff ff ff ff ff ff ff ff ff ff
00020d10: ff f8 00 7f ff ff ff ff ff ff ff ff ff ff ff 80
00020d20: 07 ff ff ff ff ff ff ff ff ff ff ff f8 00 7f ff
00020d30: ff ff ff ff ff ff ff ff ff ff 80 07 ff ff ff ff
00020d40: ff ff ff ff ff ff ff f8 00 7f ff ff ff ff ff ff
00020d50: ff ff ff ff ff 80 07 ff ff ff ff ff ff ff ff ff
00020d60: ff ff f8 00 7f ff ff ff ff ff ff ff ff ff ff ff
00020d70: 80 07 ff ff ff ff ff ff ff ff ff ff ff f8 00 7f
00020d80: ff ff ff ff ff ff ff ff ff ff ff 80 07 ff ff ff
00020d90: ff ff ff ff ff ff ff ff f8 00 7f ff ff ff ff ff
00020da0: ff ff ff ff ff ff 80 07 ff ff ff ff ff ff ff ff
00020db0: ff ff ff f8 00 7f ff ff ff ff ff ff ff ff ff ff
00020dc0: ff 80 07 ff ff ff ff ff ff ff ff ff ff ff f8 00
00020dd0: 7f ff ff ff ff ff ff ff ff ff ff ff 80 07 ff ff
00020de0: ff ff ff ff ff ff ff ff ff f8 00 7f ff ff ff ff
00020df0: ff ff ff ff ff ff ff 80 07 ff ff ff ff ff ff ff
00020e00: ff ff ff ff f8 00 7f ff ff ff ff ff ff ff ff ff
00020e10: ff ff 80 07 ff ff ff ff ff ff ff ff ff ff ff f8
00020e20: 00 7f ff ff ff ff ff ff ff ff ff ff ff 80 07 ff
00020e30: ff ff ff ff ff ff ff ff ff ff f8 00 7f ff ff ff
00020e40: ff ff ff ff ff ff ff ff 80 07 ff ff ff ff ff ff
00020e50: ff ff ff ff ff f8 00 7f ff ff ff ff ff ff ff ff
00020e60: ff ff ff 80 07 ff ff ff ff ff ff ff ff ff ff ff
00020e70: f8 00 7f ff ff ff ff ff ff ff ff ff ff ff 80 07
00020e80: ff ff ff ff ff ff ff ff ff ff ff f8 00 7f ff ff
00020e90: ff ff ff ff ff ff ff ff ff 80 07 ff ff ff ff ff
00020ea0: ff ff ff ff ff ff f8 00 7f ff ff ff ff ff ff ff
00020eb0: ff ff ff ff 80 07 ff ff ff ff ff ff ff ff ff ff
00020ec0: ff f8 00 7f ff ff ff ff ff ff ff ff ff ff ff 80
00020ed0: 07 ff ff ff ff ff ff ff ff ff ff ff f8 00 7f ff
00020ee0: ff ff ff ff ff ff ff ff ff ff 80 07 ff ff ff ff
00020ef0: ff ff ff ff ff ff ff f8 00 7f ff ff ff ff ff ff
00020f00: ff ff ff ff ff 80 07 ff ff ff ff ff ff ff ff ff
00020f10: ff ff f8 00 7f ff ff ff ff ff ff ff ff ff ff ff
00020f20: 80 07 ff ff ff ff ff ff ff ff ff ff ff f8 00 7f
00020f30: ff ff ff ff ff ff ff ff ff ff ff 80 07 ff ff ff
00020f40: ff ff ff ff ff ff ff ff f8 00 7f ff ff ff ff ff
00020f50: ff ff ff ff ff ff 80 07 ff ff ff ff ff ff ff ff
00020f60: ff ff ff f8 00 7f ff ff ff ff ff ff ff ff ff ff
00020f70: ff 80 07 ff ff ff ff ff ff ff ff ff ff ff f8 00
00020f80: 7f ff ff ff ff ff ff ff ff ff ff ff 80 07 ff ff
00020f90: ff ff ff ff ff ff ff ff ff f8 00 7f ff ff ff ff
00020fa0: ff ff ff ff ff ff ff 80 07 ff ff ff ff ff ff ff
00020fb0: ff ff ff ff f8 00 7f ff ff ff ff ff ff ff ff ff
00020fc0: ff ff 80 07 ff ff ff ff ff ff ff ff ff ff ff f8
00020fd0: 00 7f ff ff ff ff ff ff ff ff ff ff ff 80 07 ff
00020fe0: ff ff ff ff ff ff ff ff ff ff f8 00 7f ff ff ff
00020ff0: ff ff ff ff ff ff ff ff 80 07 ff ff ff ff ff ff
00021000: ff ff ff ff ff f8 00 7f ff ff ff ff ff ff ff ff
00021010: ff ff ff 80 07 ff ff ff ff ff ff ff ff ff ff ff
00021020: f8 00 7f ff ff ff ff ff ff ff ff ff ff ff 80 07
00021030: ff ff ff ff ff ff ff ff ff ff ff f8 00 7f ff ff
00021040: ff ff ff ff ff ff ff ff ff 80 07 ff ff ff ff ff
00021050: ff ff ff ff ff ff f8 00 7f ff ff ff ff ff ff ff
00021060: ff ff ff ff 80 07 ff ff ff ff ff ff ff ff ff ff
00021070: ff f8 00 7f ff ff ff ff ff ff ff ff ff ff ff 80
00021080: 07 ff ff ff ff ff ff ff ff ff ff ff f8 00 7f ff
00021090: ff ff ff ff ff ff ff ff ff ff 80 07 ff ff ff ff
000210a0: ff ff ff ff ff ff ff f8 00 7f ff ff ff ff ff ff
000210b0: ff ff ff ff ff 80 07 ff ff ff ff ff ff ff ff ff
000210c0: ff ff f8 00 7f ff ff ff ff ff ff ff ff ff ff ff
000210d0: 80 07 ff ff ff ff ff ff ff ff ff ff ff f8 00 7f
000210e0: ff ff ff ff ff ff ff ff ff ff ff 80 07 ff ff ff
000210f0: ff ff ff ff ff ff ff ff f8 00 7f ff ff ff ff ff
00021100: ff ff ff ff ff ff 80 07 ff ff ff ff ff ff ff ff
00021110: ff ff ff f8 00 7f ff ff ff ff ff ff ff ff ff ff
00021120: ff 80 07 ff ff ff ff ff ff ff ff ff ff ff f8 00
00021130: 7f ff ff ff ff ff ff ff ff ff ff ff 80 07 ff ff
00021140: ff ff ff ff ff ff ff ff ff f8 00 7f ff ff ff ff
00021150: ff ff ff ff ff ff ff 80 07 ff ff ff ff ff ff ff
00021160: ff ff ff ff f8 00 7f ff ff ff ff ff ff ff ff ff
00021170: ff ff 80 07 ff ff ff ff ff ff ff ff ff ff ff f8
00021180: 00 7f ff ff ff ff ff ff ff ff ff ff ff 80 07 ff
00021190: ff ff ff ff ff ff ff ff ff ff f8 00 7f ff ff ff
000211a0: ff ff ff ff ff ff ff ff 80 07 ff ff ff ff ff ff
000211b0: ff ff ff ff ff f8 00 7f ff ff ff ff ff ff ff ff
000211c0: ff ff ff 80 07 ff ff ff ff ff ff ff ff ff ff ff
000211d0: f8 00 7f ff ff ff ff ff ff ff ff ff ff ff 80 07
000211e0: ff ff ff ff ff ff ff ff ff ff ff f8 00 7f ff ff
000211f0: ff ff ff ff ff ff ff ff ff 80 07 ff ff ff ff ff
00021200: ff ff ff ff ff ff f8 00 7f ff ff ff ff ff ff ff
00021210: ff ff ff ff 80 07 ff ff ff ff ff ff ff ff ff ff
00021220: ff f8 00 7f ff ff ff ff ff ff ff ff ff ff ff 80
00021230: 07 ff ff ff ff ff ff ff ff ff ff ff f8 00 7f ff
00021240: ff ff ff ff ff ff ff ff ff ff 80 07 ff ff ff ff
00021250: ff ff ff ff ff ff ff f8 00 7f ff ff ff ff ff ff
00021260: ff ff ff ff ff 80 07 ff ff ff ff ff ff ff ff ff
00021270: ff ff f8 00 7f ff ff ff ff ff ff ff ff ff ff ff
00021280: 80 07 ff ff ff ff ff ff ff ff ff ff ff f8 00 7f
00021290: ff ff ff ff ff ff ff ff ff ff ff 80 07 ff ff ff
000212a0: ff ff ff ff ff ff ff ff f8 00 7f ff ff ff ff ff
000212b0: ff ff ff ff ff ff 80 07 ff ff ff ff ff ff ff ff
000212c0: ff ff ff f8 00 7f ff ff ff ff ff ff ff ff ff ff
000212d0: ff 80 07 ff ff ff ff ff ff ff ff ff ff ff f8 00
000212e0: 7f ff ff ff ff ff ff ff ff ff ff ff 80 07 ff ff
000212f0: ff ff ff ff ff ff ff ff ff f8 00 7f ff ff ff ff
00021300: ff ff ff ff ff ff ff 80 07 ff ff ff ff ff ff ff
00021310: ff ff ff ff f8 00 7f ff ff ff ff ff ff ff ff ff
00021320: ff ff 80 07 ff ff ff ff ff ff ff ff ff ff ff f8
00021330: 00 7f ff ff ff ff ff ff ff ff ff ff ff 80 07 ff
00021340: ff ff ff ff ff ff ff ff ff ff f8 00 7f ff ff ff
00021350: ff ff ff ff ff ff ff ff 80 07 ff ff ff ff ff ff
00021360: ff ff ff ff ff f8 00 7f ff ff ff ff ff ff ff ff
00021370: ff ff ff 80 07 ff ff ff ff ff ff ff ff ff ff ff
00021380: f8 00 7f ff ff ff ff ff ff ff ff ff ff ff 80 07
00021390: ff ff ff ff ff ff ff ff ff ff ff f8 00 7f ff ff
000213a0: ff ff ff ff ff ff ff ff ff 80 07 ff ff ff ff ff
000213b0: ff ff ff ff ff ff f8 00 7f ff ff ff ff ff ff ff
000213c0: ff ff ff ff 80 07 ff ff ff ff ff ff ff ff ff ff
000213d0: ff f8 00 7f ff ff ff ff ff ff ff ff ff ff ff 80
000213e0: 07 ff ff ff ff ff ff ff ff ff ff ff f8 00 7f ff
000213f0: ff ff ff ff ff ff ff ff ff ff 80 07 ff ff ff ff
00021400: ff ff ff ff ff ff ff f8 00 7f ff ff ff ff ff ff
00021410: ff ff ff ff ff 80 07 ff ff ff ff ff ff ff ff ff
00021420: ff ff f8 00 7f ff ff ff ff ff ff ff ff ff ff ff
00021430: 80 07 ff ff ff ff ff ff ff ff ff ff ff f8 00 7f
00021440: ff ff ff ff ff ff ff ff ff ff ff 80 07 ff ff ff
00021450: ff ff ff ff ff ff ff ff f8 00 7f ff ff ff ff ff
00021460: ff ff ff ff ff ff 80 07 ff ff ff ff ff ff ff ff
00021470: ff ff ff f8 00 7f ff ff ff ff ff ff ff ff ff ff
00021480: ff 80 07 ff ff ff ff ff ff ff ff ff ff ff f8 00
00021490: 7f ff ff ff ff ff ff ff ff ff ff ff 80 07 ff ff
000214a0: ff ff ff ff ff ff ff ff ff f8 00 7f ff ff ff ff
000214b0: ff ff ff ff ff ff ff 80 07 ff ff ff ff ff ff ff
000214c0: ff ff ff ff f8 00 7f ff ff ff ff ff ff ff ff ff
000214d0: ff ff 80 07 ff ff ff ff ff ff ff ff ff ff ff f8
000214e0: 00 7f ff ff ff ff ff ff ff ff ff ff ff 80 07 ff
000214f0: ff ff ff ff ff ff ff ff ff ff f8 00 7f ff ff ff
00021500: ff ff ff ff ff ff ff ff 80 07 ff ff ff ff ff ff
00021510: ff ff ff ff ff f8 00 7f ff ff ff ff ff ff ff ff
00021520: ff ff ff 80 07 ff ff ff ff ff ff ff ff ff ff ff
00021530: f8 00 7f ff ff ff ff ff ff ff ff ff ff ff 80 07
00021540: ff ff ff ff ff ff ff ff ff ff ff f8 00 7f ff ff
00021550: ff ff ff ff ff ff ff ff ff 80 07 ff ff ff ff ff
00021560: ff ff ff ff ff ff f8 00 7f ff ff ff ff ff ff ff
00021570: ff ff ff ff 80 07 ff ff ff ff ff ff ff ff ff ff
00021580: ff f8 00 7f ff ff ff ff ff ff ff ff ff ff ff 80
00021590: 07 ff ff ff ff ff ff ff ff ff ff ff f8 00 7f ff
000215a0: ff ff ff ff ff ff ff ff ff ff 80 07 ff ff ff ff
000215b0: ff ff ff ff ff ff ff f8 00 7f ff ff ff ff ff ff
000215c0: ff ff ff ff ff 80 07 ff ff ff ff ff ff ff ff ff
000215d0: ff ff f8 00 7f ff ff ff ff ff ff ff ff ff ff ff
000215e0: 80 07 ff ff ff ff ff ff ff ff ff ff ff f8 00 7f
000215f0: ff ff ff ff ff ff ff ff ff ff ff 80 07 ff ff ff
00021600: ff ff ff ff ff ff ff ff f8 00 7f ff ff ff ff ff
00021610: ff ff ff ff ff ff 80 07 ff ff ff ff ff ff ff ff
00021620: ff ff ff f8 00 7f ff ff ff ff ff ff ff ff ff ff
00021630: ff 80 07 ff ff ff ff ff ff ff ff ff ff ff f8 00
00021640: 7f ff ff ff ff ff ff ff ff ff ff ff 80 07 ff ff
00021650: ff ff ff ff ff ff ff ff ff f8 00 7f ff ff ff ff
00021660: ff ff ff ff ff ff ff 80 07 ff ff ff ff ff ff ff
00021670: ff ff ff ff f8 00 7f ff ff ff ff ff ff ff ff ff
00021680: ff ff 80 07 ff ff ff ff ff ff ff ff ff ff ff f8
00021690: 00 7f ff ff ff ff ff ff ff ff ff ff ff 80 07 ff
000216a0: ff ff ff ff ff ff ff ff ff ff f8 00 7f ff ff ff
000216b0: ff ff ff ff ff ff ff ff 80 07 ff ff ff ff ff ff
000216c0: ff ff ff ff ff f8 00 7f ff ff ff ff ff ff ff ff
000216d0: ff ff ff 80 07 ff ff ff ff ff ff ff ff ff ff ff
000216e0: f8 00 7f ff ff ff ff ff ff ff ff ff ff ff 80 07
000216f0: ff ff ff ff ff ff ff ff ff ff ff f8 00 7f ff ff
00021700: ff ff ff ff ff ff ff ff ff 80 07 ff ff ff ff ff
00021710: ff ff ff ff ff ff f8 00 7f ff ff ff ff ff ff ff
00021720: ff ff ff ff 80 07 ff ff ff ff ff ff ff ff ff ff
00021730: ff f8 00 7f ff ff ff ff ff ff ff ff ff ff ff 80
00021740: 07 ff ff ff ff ff ff ff ff ff ff ff f8 00 7f ff
00021750: ff ff ff ff ff ff ff ff ff ff 80 07 ff ff ff ff
00021760: ff ff ff ff ff ff ff f8 00 7f ff ff ff ff ff ff
00021770: ff ff ff ff ff 80 07 ff ff ff ff ff ff ff ff ff
00021780: ff ff f8 00 7f ff ff ff ff ff ff ff ff ff ff ff
00021790: 80 07 ff ff ff ff ff ff ff ff ff ff ff f8 00 7f
000217a0: ff ff ff ff ff ff ff ff ff ff ff 80 07 ff ff ff
000217b0: ff ff ff ff ff ff ff ff f8 00 7f ff ff ff ff ff
000217c0: ff ff ff ff ff ff 80 07 ff ff ff ff ff ff ff ff
000217d0: ff ff ff f8 00 7f ff ff ff ff ff ff ff ff ff ff
000217e0: ff 80 07 ff ff ff ff ff ff ff ff ff ff ff f8 00
000217f0: 7f ff ff ff ff ff ff ff ff ff ff ff 80 07 ff ff
00021800: ff ff ff ff ff ff ff ff ff f8 00 7f ff ff ff ff
00021810: ff ff ff ff ff ff ff 80 07 ff ff ff ff ff ff ff
00021820: ff ff ff ff f8 00 7f ff ff ff ff ff ff ff ff ff
00021830: ff ff 80 07 ff ff ff ff ff ff ff ff ff ff ff f8
00021840: 00 7f ff ff ff ff ff ff ff ff ff ff ff 80 07 ff
00021850: ff ff ff ff ff ff ff ff ff ff f8 00 7f ff ff ff
00021860: ff ff ff ff ff ff ff ff 80 07 ff ff ff ff ff ff
00021870: ff ff ff ff ff f8 00 7f ff ff ff ff ff ff ff ff
00021880: ff ff ff 80 07 ff ff ff ff ff ff ff ff ff ff ff
00021890: f8 00 7f ff ff ff ff ff ff ff ff ff ff ff 80 07
000218a0: ff ff ff ff ff ff ff ff ff ff ff f8 00 7f ff ff
000218b0: ff ff ff ff ff ff ff ff ff 80 07 ff ff ff ff ff
000218c0: ff ff ff ff ff ff f8 00 7f ff ff ff ff ff ff ff
000218d0: ff ff ff ff 80 07 ff ff ff ff ff ff ff ff ff ff
000218e0: ff f8 00 7f ff ff ff ff ff ff ff ff ff ff ff 80
000218f0: 07 ff ff ff ff ff ff ff ff ff ff ff f8 00 7f ff
00021900: ff ff ff ff ff ff ff ff ff ff 80 07 ff ff ff ff
00021910: ff ff ff ff ff ff ff f8 00 7f ff ff ff ff ff ff
00021920: ff ff ff ff ff 80 07 ff ff ff ff ff ff ff ff ff
00021930: ff ff f8 00 7f ff ff ff ff ff ff ff ff ff ff ff
00021940: 80 07 ff ff ff ff ff ff ff ff ff ff ff f8 00 7f
00021950: ff ff ff ff ff ff ff ff ff ff ff 80 07 ff ff ff
00021960: ff ff ff ff ff ff ff ff f8 00 7f ff ff ff ff ff
00021970: ff ff ff ff ff ff 80 07 ff ff ff ff ff ff ff ff
00021980: ff ff ff f8 00 7f ff ff ff ff ff ff ff ff ff ff
00021990: ff 80 07 ff ff ff ff ff ff ff ff ff ff ff f8 00
000219a0: 7f ff ff ff ff ff ff ff ff ff ff ff 80 07 ff ff
000219b0: ff ff ff ff ff ff ff ff ff f8 00 7f ff ff ff ff
000219c0: ff ff ff ff ff ff ff 80 07 ff ff ff ff ff ff ff
000219d0: ff ff ff ff f8 00 7f ff ff ff ff ff ff ff ff ff
000219e0: ff ff 80 07 ff ff ff ff ff ff ff ff ff ff ff f8
000219f0: 00 7f ff ff ff ff ff ff ff ff ff ff ff 80 07 ff
00021a00: ff ff ff ff ff ff ff ff ff ff f8 00 7f ff ff ff
00021a10: ff ff ff ff ff ff ff ff 80 07 ff ff ff ff ff ff
00021a20: ff ff ff ff ff f8 00 7f ff ff ff ff ff ff ff ff
00021a30: ff ff ff 80 07 ff ff ff ff ff ff ff ff ff ff ff
00021a40: f8 00 7f ff ff ff ff ff ff ff ff ff ff ff 80 07
00021a50: ff ff ff ff ff ff ff ff ff ff ff f8 00 7f ff ff
00021a60: ff ff ff ff ff ff ff ff ff 80 07 ff ff ff ff ff
00021a70: ff ff ff ff ff ff f8 00 7f ff ff ff ff ff ff ff
00021a80: ff ff ff ff 80 07 ff ff ff ff ff ff ff ff ff ff
00021a90: ff f8 00 7f ff ff ff ff ff ff ff ff ff ff ff 80
00021aa0: 07 ff ff ff ff ff ff ff ff ff ff ff f8 00 7f ff
00021ab0: ff ff ff ff ff ff ff ff ff ff 80 07 ff ff ff ff
00021ac0: ff ff ff ff ff ff ff f8 00 7f ff ff ff ff ff ff
00021ad0: ff ff ff ff ff 80 07 ff ff ff ff ff ff ff ff ff
00021ae0: ff ff f8 00 7f ff ff ff ff ff ff ff ff ff ff ff
00021af0: 80 07 ff ff ff ff ff ff ff ff ff ff ff f8 00 7f
00021b00: ff ff ff ff ff ff ff ff ff ff ff 80 07 ff ff ff
00021b10: ff ff ff ff ff ff ff ff f8 00 7f ff ff ff ff ff
00021b20: ff ff ff ff ff ff 80 07 ff ff ff ff ff ff ff ff
00021b30: ff ff ff f8 00 7f ff ff ff ff ff ff ff ff ff ff
00021b40: ff 80 07 ff ff ff ff ff ff ff ff ff ff ff f8 00
00021b50: 7f ff ff ff ff ff ff ff ff ff ff ff 80 07 ff ff
00021b60: ff ff ff ff ff ff ff ff ff f8 00 7f ff ff ff ff
00021b70: ff ff ff ff ff ff ff 80 07 ff ff ff ff ff ff ff
00021b80: ff ff ff ff f8 00 7f ff ff ff ff ff ff ff ff ff
00021b90: ff ff 80 07 ff ff ff ff ff ff ff ff ff ff ff f8
00021ba0: 00 7f ff ff ff ff ff ff ff ff ff ff ff 80 07 ff
00021bb0: ff ff ff ff ff ff ff ff ff ff f8 00 7f ff ff ff
00021bc0: ff ff ff ff ff ff ff ff 80 07 ff ff ff ff ff ff
00021bd0: ff ff ff ff ff f8 00 7f ff ff ff ff ff ff ff ff
00021be0: ff ff ff 80 07 ff ff ff ff ff ff ff ff ff ff ff
00021bf0: f8 00 7f ff ff ff ff ff ff ff ff ff ff ff 80 07
00021c00: ff ff ff ff ff ff ff ff ff ff ff f8 00 7f ff ff
00021c10: ff ff ff ff ff ff ff ff ff 80 07 ff ff ff ff ff
00021c20: ff ff ff ff ff ff f8 00 7f ff ff ff ff ff ff ff
00021c30: ff ff ff ff 80 07 ff ff ff ff ff ff ff ff ff ff
00021c40: ff f8 00 7f ff ff ff ff ff ff ff ff ff ff ff 80
00021c50: 07 ff ff ff ff ff ff ff ff ff ff ff f8 00 7f ff
00021c60: ff ff ff ff ff ff ff ff ff ff 80 07 ff ff ff ff
00021c70: ff ff ff ff ff ff ff f8 00 7f ff ff ff ff ff ff
00021c80: ff ff ff ff ff 80 07 ff ff ff ff ff ff ff ff ff
00021c90: ff ff f8 00 7f ff ff ff ff ff ff ff ff ff ff ff
00021ca0: 80 07 ff ff ff ff ff ff ff ff ff ff ff f8 00 7f
00021cb0: ff ff ff ff ff ff ff ff ff ff ff 80 07 ff ff ff
00021cc0: ff ff ff ff ff ff ff ff f8 00 7f ff ff ff ff ff
00021cd0: ff ff ff ff ff ff 80 07 ff ff ff ff ff ff ff ff
00021ce0: ff ff ff f8 00 7f ff ff ff ff ff ff ff ff ff ff
00021cf0: ff 80 07 ff ff ff ff ff ff ff ff ff ff ff f8 00
00021d00: 7f ff ff ff ff ff ff ff ff ff ff ff 80 07 ff ff
00021d10: ff ff ff ff ff ff ff ff ff f8 00 7f ff ff ff ff
00021d20: ff ff ff ff ff ff ff 80 07 ff ff ff ff ff ff ff
00021d30: ff ff ff ff f8 00 7f ff ff ff ff ff ff ff ff ff
00021d40: ff ff 80 07 ff ff ff ff ff ff ff ff ff ff ff f8
00021d50: 00 7f ff ff ff ff ff ff ff ff ff ff ff 80 07 ff
00021d60: ff ff ff ff ff ff ff ff ff ff f8 00 7f ff ff ff
00021d70: ff ff ff ff ff ff ff ff 80 07 ff ff ff ff ff ff
00021d80: ff ff ff ff ff f8 00 7f ff ff ff ff ff ff ff ff
00021d90: ff ff ff 80 07 ff ff ff ff ff ff ff ff ff ff ff
00021da0: f8 00 7f ff ff ff ff ff ff ff ff ff ff ff 80 07
00021db0: ff ff ff ff ff ff ff ff ff ff ff f8 00 7f ff ff
00021dc0: ff ff ff ff ff ff ff ff ff 80 07 ff ff ff ff ff
00021dd0: ff ff ff ff ff ff f8 00 7f ff ff ff ff ff ff ff
00021de0: ff ff ff ff 80 07 ff ff ff ff ff ff ff ff ff ff
00021df0: ff f8 00 7f ff ff ff ff ff ff ff ff ff ff ff 80
00021e00: 07 ff ff ff ff ff ff ff ff ff ff ff f8 00 7f ff
00021e10: ff ff ff ff ff ff ff ff ff ff 80 07 ff ff ff ff
00021e20: ff ff ff ff ff ff ff f8 00 7f ff ff ff ff ff ff
00021e30: ff ff ff ff ff 80 07 ff ff ff ff ff ff ff ff ff
00021e40: ff ff f8 00 7f ff ff ff ff ff ff ff ff ff ff ff
00021e50: 80 07 ff ff ff ff ff ff ff ff ff ff ff f8 00 7f
00021e60: ff ff ff ff ff ff ff ff ff ff ff 80 07 ff ff ff
00021e70: ff ff ff ff ff ff ff ff f8 00 7f ff ff ff ff ff
00021e80: ff ff ff ff ff ff 80 07 ff ff ff ff ff ff ff ff
00021e90: ff ff ff f8 00 7f ff ff ff ff ff ff ff ff ff ff
00021ea0: ff 80 07 ff ff ff ff ff ff ff ff ff ff ff f8 00
00021eb0: 7f ff ff ff ff ff ff ff ff ff ff ff 80 07 ff ff
00021ec0: ff ff ff ff ff ff ff ff ff f8 00 7f ff ff ff ff
00021ed0: ff ff ff ff ff ff ff 80 07 ff ff ff ff ff ff ff
00021ee0: ff ff ff ff f8 00 7f ff ff ff ff ff ff ff ff ff
00021ef0: ff ff 80 07 ff ff ff ff ff ff ff ff ff ff ff f8
00021f00: 00 7f ff ff ff ff ff ff ff ff ff ff ff 80 07 ff
00021f10: ff ff ff ff ff ff ff ff ff ff f8 00 7f ff ff ff
00021f20: ff ff ff ff ff ff ff ff 80 07 ff ff ff ff ff ff
00021f30: ff ff ff ff ff f8 00 7f ff ff ff ff ff ff ff ff
00021f40: ff ff ff 80 07 ff ff ff ff ff ff ff ff ff ff ff
00021f50: f8 00 7f ff ff ff ff ff ff ff ff ff ff ff 80 07
00021f60: ff ff ff ff ff ff ff ff ff ff ff f8 00 7f ff ff
00021f70: ff ff ff ff ff ff ff ff ff 80 07 ff ff ff ff ff
00021f80: ff ff ff ff ff ff f8 00 7f ff ff ff ff ff ff ff
00021f90: ff ff ff ff 80 07 ff ff ff ff ff ff ff ff ff ff
00021fa0: ff f8 00 7f ff ff ff ff ff ff ff ff ff ff ff 80
00021fb0: 07 ff ff ff ff ff ff ff ff ff ff ff f8 00 7f ff
00021fc0: ff ff ff ff ff ff ff ff ff ff 80 07 ff ff ff ff
00021fd0: ff ff ff ff ff ff ff f8 00 7f ff ff ff ff ff ff
00021fe0: ff ff ff ff ff 80 07 ff ff ff ff ff ff ff ff ff
00021ff0: ff ff f8 00 7f ff ff ff ff ff ff ff ff ff ff ff
00022000: 80 07 ff ff ff ff ff ff ff ff ff ff ff f8 00 7f
00022010: ff ff ff ff ff ff ff ff ff ff ff 80 07 ff ff ff
00022020: ff ff ff ff ff ff ff ff f8 00 7f ff ff ff ff ff
00022030: ff ff ff ff ff ff 80 07 ff ff ff ff ff ff ff ff
00022040: ff ff ff f8 00 7f ff ff ff ff ff ff ff ff ff ff
00022050: ff 80 07 ff ff ff ff ff ff ff ff ff ff ff f8 00
00022060: 7f ff ff ff ff ff ff ff ff ff ff ff 80 07 ff ff
00022070: ff ff ff ff ff ff ff ff ff f8 00 7f ff ff ff ff
00022080: ff ff ff ff ff ff ff 80 07 ff ff ff ff ff ff ff
00022090: ff ff ff ff f8 00 7f ff ff ff ff ff ff ff ff ff
000220a0: ff ff 80 07 ff ff ff ff ff ff ff ff ff ff ff f8
000220b0: 00 7f ff ff ff ff ff ff ff ff ff ff ff 80 07 ff
000220c0: ff ff ff ff ff ff ff ff ff ff f8 00 7f ff ff ff
000220d0: ff ff ff ff ff ff ff ff 80 07 ff ff ff ff ff ff
000220e0: ff ff ff ff ff f8 00 7f ff ff ff ff ff ff ff ff
000220f0: ff ff ff 80 07 ff ff ff ff ff ff ff ff ff ff ff
00022100: f8 00 7f ff ff ff ff ff ff ff ff ff ff ff 80 07
00022110: ff ff ff ff ff ff ff ff ff ff ff f8 00 7f ff ff
00022120: ff ff ff ff ff ff ff ff ff 80 07 ff ff ff ff ff
00022130: ff ff ff ff ff ff f8 00 7f ff ff ff ff ff ff ff
00022140: ff ff ff ff 80 07 ff ff ff ff ff ff ff ff ff ff
00022150: ff f8 00 7f ff ff ff ff ff ff ff ff ff ff ff 80
00022160: 07 ff ff ff ff ff ff ff ff ff ff ff f8 00 7f ff
00022170: ff ff ff ff ff ff ff ff ff ff 80 07 ff ff ff ff
00022180: ff ff ff ff ff ff ff f8 00 7f ff ff ff ff ff ff
00022190: ff ff ff ff ff 80 07 ff ff ff ff ff ff ff ff ff
000221a0: ff ff f8 00 7f ff ff ff ff ff ff ff ff ff ff ff
000221b0: 80 07 ff ff ff ff ff ff ff ff ff ff ff f8 00 7f
000221c0: ff ff ff ff ff ff ff ff ff ff ff 80 07 ff ff ff
000221d0: ff ff ff ff ff ff ff ff f8 00 7f ff ff ff ff ff
000221e0: ff ff ff ff ff ff 80 07 ff ff ff ff ff ff ff ff
000221f0: ff ff ff f8 00 7f ff ff ff ff ff ff ff ff ff ff
00022200: ff 80 07 ff ff ff ff ff ff ff ff ff ff ff f8 00
00022210: 7f ff ff ff ff ff ff ff ff ff ff ff 80 07 ff ff
00022220: ff ff ff ff ff ff ff ff ff f8 00 7f ff ff ff ff
00022230: ff ff ff ff ff ff ff 80 07 ff ff ff ff ff ff ff
00022240: ff ff ff ff f8 00 7f ff ff ff ff ff ff ff ff ff
00022250: ff ff 80 07 ff ff ff ff ff ff ff ff ff ff ff f8
00022260: 00 7f ff ff ff ff ff ff ff ff ff ff ff 80 07 ff
00022270: ff ff ff ff ff ff ff ff ff ff f8 00 7f ff ff ff
00022280: ff ff ff ff ff ff ff ff 80 07 ff ff ff ff ff ff
00022290: ff ff ff ff ff f8 00 7f ff ff ff ff ff ff ff ff
000222a0: ff ff ff 80 07 ff ff ff ff ff ff ff ff ff ff ff
000222b0: f8 00 7f ff ff ff ff ff ff ff ff ff ff ff 80 07
000222c0: ff ff ff ff ff ff ff ff ff ff ff f8 00 7f ff ff
000222d0: ff ff ff ff ff ff ff ff ff 80 07 ff ff ff ff ff
000222e0: ff ff ff ff ff ff f8 00 7f ff ff ff ff ff ff ff
000222f0: ff ff ff ff 80 07 ff ff ff ff ff ff ff ff ff ff
00022300: ff f8 00 7f ff ff ff ff ff ff ff ff ff ff ff 80
00022310: 07 ff ff ff ff ff ff ff ff ff ff ff f8 00 7f ff
00022320: ff ff ff ff ff ff ff ff ff ff 80 07 ff ff ff ff
00022330: ff ff ff ff ff ff ff f8 00 7f ff ff ff ff ff ff
00022340: ff ff ff ff ff 80 07 ff ff ff ff ff ff ff ff ff
00022350: ff ff f8 00 7f ff ff ff ff ff ff ff ff ff ff ff
00022360: 80 07 ff ff ff ff ff ff ff ff ff ff ff f8 00 7f
00022370: ff ff ff ff ff ff ff ff ff ff ff 80 07 ff ff ff
00022380: ff ff ff ff ff ff ff ff f8 00 7f ff ff ff ff ff
00022390: ff ff ff ff ff ff 80 07 ff ff ff ff ff ff ff ff
000223a0: ff ff ff f8 00 7f ff ff ff ff ff ff ff ff ff ff
000223b0: ff 80 07 ff ff ff ff ff ff ff ff ff ff ff f8 00
000223c0: 7f ff ff ff ff ff ff ff ff ff ff ff 80 07 ff ff
000223d0: ff ff ff ff ff ff ff ff ff f8 00 7f ff ff ff ff
000223e0: ff ff ff ff ff ff ff 80 07 ff ff ff ff ff ff ff
000223f0: ff ff ff ff f8 00 7f ff ff ff ff ff ff ff ff ff
00022400: ff ff 80 07 ff ff ff ff ff ff ff ff ff ff ff f8
00022410: 00 7f ff ff ff ff ff ff ff ff ff ff ff 80 07 ff
00022420: ff ff ff ff ff ff ff ff ff ff f8 00 7f ff ff ff
00022430: ff ff ff ff ff ff ff ff 80 07 ff ff ff ff ff ff
00022440: ff ff ff ff ff f8 00 7f ff ff ff ff ff ff ff ff
00022450: ff ff ff 80 07 ff ff ff ff ff ff ff ff ff ff ff
00022460: f8 00 7f ff ff ff ff ff ff ff ff ff ff ff 80 07
00022470: ff ff ff ff ff ff ff ff ff ff ff f8 00 7f ff ff
00022480: ff ff ff ff ff ff ff ff ff 80 07 ff ff ff ff ff
00022490: ff ff ff ff ff ff f8 00 7f ff ff ff ff ff ff ff
000224a0: ff ff ff ff 80 07 ff ff ff ff ff ff ff ff ff ff
000224b0: ff f8 00 7f ff ff ff ff ff ff ff ff ff ff ff 80
000224c0: 07 ff ff ff ff ff ff ff ff ff ff ff f8 00 7f ff
000224d0: ff ff ff ff ff ff ff ff ff ff 80 07 ff ff ff ff
000224e0: ff ff ff ff ff ff ff f8 00 7f ff ff ff ff ff ff
000224f0: ff ff ff ff ff 80 07 ff ff ff ff ff ff ff ff ff
00022500: ff ff f8 00 7f ff ff ff ff ff ff ff ff ff ff ff
00022510: 80 07 ff ff ff ff ff ff ff ff ff ff ff f8 00 7f
00022520: ff ff ff ff ff ff ff ff ff ff ff 80 07 ff ff ff
00022530: ff ff ff ff ff ff ff ff f8 00 7f ff ff ff ff ff
00022540: ff ff ff ff ff ff 80 07 ff ff ff ff ff ff ff ff
00022550: ff ff ff f8 00 7f ff ff ff ff ff ff ff ff ff ff
00022560: ff 80 07 ff ff ff ff ff ff ff ff ff ff ff f8 00
00022570: 7f ff ff ff ff ff ff ff ff ff ff ff 80 07 ff ff
00022580: ff ff ff ff ff ff ff ff ff f8 00 7f ff ff ff ff
00022590: ff ff ff ff ff ff ff 80 07 ff ff ff ff ff ff ff
000225a0: ff ff ff ff f8 00 7f ff ff ff ff ff ff ff ff ff
000225b0: ff ff 80 07 ff ff ff ff ff ff ff ff ff ff ff f8
000225c0: 00 7f ff ff ff ff ff ff ff ff ff ff ff 80 07 ff
000225d0: ff ff ff ff ff ff ff ff ff ff f8 00 7f ff ff ff
000225e0: ff ff ff ff ff ff ff ff 80 07 ff ff ff ff ff ff
000225f0: ff ff ff ff ff f8 00 7f ff ff ff ff ff ff ff ff
00022600: ff ff ff 80 07 ff ff ff ff ff ff ff ff ff ff ff
00022610: f8 00 7f ff ff ff ff ff ff ff ff ff ff ff 80 07
00022620: ff ff ff ff ff ff ff ff ff ff ff f8 00 7f ff ff
00022630: ff ff ff ff ff ff ff ff ff 80 07 ff ff ff ff ff
00022640: ff ff ff ff ff ff f8 00 7f ff ff ff ff ff ff ff
00022650: ff ff ff ff 80 07 ff ff ff ff ff ff ff ff ff ff
00022660: ff f8 00 7f ff ff ff ff ff ff ff ff ff ff ff 80
00022670: 07 ff ff ff ff ff ff ff ff ff ff ff f8 00 7f ff
00022680: ff ff ff ff ff ff ff ff ff ff 80 07 ff ff ff ff
00022690: ff ff ff ff ff ff ff f8 00 7f ff ff ff ff ff ff
000226a0: ff ff ff ff ff 80 07 ff ff ff ff ff ff ff ff ff
000226b0: ff ff f8 00 7f ff ff ff ff ff ff ff ff ff ff ff
000226c0: 80 07 ff ff ff ff ff ff ff ff ff ff ff f8 00 7f
000226d0: ff ff ff ff ff ff ff ff ff ff ff 80 07 ff ff ff
000226e0: ff ff ff ff ff ff ff ff f8 00 7f ff ff ff ff ff
000226f0: ff ff ff ff ff ff 80 07 ff ff ff ff ff ff ff ff
00022700: ff ff ff f8 00 7f ff ff ff ff ff ff ff ff ff ff
00022710: ff 80 07 ff ff ff ff ff ff ff ff ff ff ff f8 00
00022720: 7f ff ff ff ff ff ff ff ff ff ff ff 80 07 ff ff
00022730: ff ff ff ff ff ff ff ff ff f8 00 7f ff ff ff ff
00022740: ff ff ff ff ff ff ff 80 07 ff ff ff ff ff ff ff
00022750: ff ff ff ff f8 00 7f ff ff ff ff ff ff ff ff ff
00022760: ff ff 80 07 ff ff ff ff ff ff ff ff ff ff ff f8
00022770: 00 7f ff ff ff ff ff ff ff ff ff ff ff 80 07 ff
00022780: ff ff ff ff ff ff ff ff ff ff f8 00 7f ff ff ff
00022790: ff ff ff ff ff ff ff ff 80 07 ff ff ff ff ff ff
000227a0: ff ff ff ff ff f8 00 7f ff ff ff ff ff ff ff ff
000227b0: ff ff ff 80 07 ff ff ff ff ff ff ff ff ff ff ff
000227c0: f8 00 7f ff ff ff ff ff ff ff ff ff ff ff 80 07
000227d0: ff ff ff ff ff ff ff ff ff ff ff f8 00 7f ff ff
000227e0: ff ff ff ff ff ff ff ff ff 80 07 ff ff ff ff ff
000227f0: ff ff ff ff ff ff f8 00 7f ff ff ff ff ff ff ff
00022800: ff ff ff ff 80 07 ff ff ff ff ff ff ff ff ff ff
00022810: ff f8 00 7f ff ff ff ff ff ff ff ff ff ff ff 80
00022820: 07 ff ff ff ff ff ff ff ff ff ff ff f8 00 7f ff
00022830: ff ff ff ff ff ff ff ff ff ff 80 07 ff ff ff ff
00022840: ff ff ff ff ff ff ff f8 00 7f ff ff ff ff ff ff
00022850: ff ff ff ff ff 80 07 ff ff ff ff ff ff ff ff ff
00022860: ff ff f8 00 7f ff ff ff ff ff ff ff ff ff ff ff
00022870: 80 07 ff ff ff ff ff ff ff ff ff ff ff f8 00 7f
00022880: ff ff ff ff ff ff ff ff ff ff ff 80 07 ff ff ff
00022890: ff ff ff ff ff ff ff ff f8 00 7f ff ff ff ff ff
000228a0: ff ff ff ff ff ff 80 07 ff ff ff ff ff ff ff ff
000228b0: ff ff ff f8 00 7f ff ff ff ff ff ff ff ff ff ff
000228c0: ff 80 07 ff ff ff ff ff ff ff ff ff ff ff f8 00
000228d0: 7f ff ff ff ff ff ff ff ff ff ff ff 80 07 ff ff
000228e0: ff ff ff ff ff ff ff ff ff f8 00 7f ff ff ff ff
000228f0: ff ff ff ff ff ff ff 80 07 ff ff ff ff ff ff ff
00022900: ff ff ff ff f8 00 7f ff ff ff ff ff ff ff ff ff
00022910: ff ff 80 07 ff ff ff ff ff ff ff ff ff ff ff f8
00022920: 00 7f ff ff ff ff ff ff ff ff ff ff ff 80 07 ff
00022930: ff ff ff ff ff ff ff ff ff ff f8 00 7f ff ff ff
00022940: ff ff ff ff ff ff ff ff 80 07 ff ff ff ff ff ff
00022950: ff ff ff ff ff f8 00 7f ff ff ff ff ff ff ff ff
00022960: ff ff ff 80 07 ff ff ff ff ff ff ff ff ff ff ff
00022970: f8 00 7f ff ff ff ff ff ff ff ff ff ff ff 80 07
00022980: ff ff ff ff ff ff ff ff ff ff ff f8 00 7f ff ff
00022990: ff ff ff ff ff ff ff ff ff 80 07 ff ff ff ff ff
000229a0: ff ff ff ff ff ff f8 00 7f ff ff ff ff ff ff ff
000229b0: ff ff ff ff 80 07 ff ff ff ff ff ff ff ff ff ff
000229c0: ff f8 00 7f ff ff ff ff ff ff ff ff ff ff ff 80
000229d0: 07 ff ff ff ff ff ff ff ff ff ff ff f8 00 7f ff
000229e0: ff ff ff ff ff ff ff ff ff ff 80 07 ff ff ff ff
000229f0: ff ff ff ff ff ff ff f8 00 7f ff ff ff ff ff ff
00022a00: ff ff ff ff ff 80 07 ff ff ff ff ff ff ff ff ff
00022a10: ff ff f8 00 7f ff ff ff ff ff ff ff ff ff ff ff
00022a20: 80 07 ff ff ff ff ff ff ff ff ff ff ff f8 00 7f
00022a30: ff ff ff ff ff ff ff ff ff ff ff 80 07 ff ff ff
00022a40: ff ff ff ff ff ff ff ff f8 00 7f ff ff ff ff ff
00022a50: ff ff ff ff ff ff 80 07 ff ff ff ff ff ff ff ff
00022a60: ff ff ff f8 00 7f ff ff ff ff ff ff ff ff ff ff
00022a70: ff 80 07 ff ff ff ff ff ff ff ff ff ff ff f8 00
00022a80: 7f ff ff ff ff ff ff ff ff ff ff ff 80 07 ff ff
00022a90: ff ff ff ff ff ff ff ff ff f8 00 7f ff ff ff ff
00022aa0: ff ff ff ff ff ff ff 80 07 ff ff ff ff ff ff ff
00022ab0: ff ff ff ff f8 00 7f ff ff ff ff ff ff ff ff ff
00022ac0: ff ff 80 07 ff ff ff ff ff ff ff ff ff ff ff f8
00022ad0: 00 7f ff ff ff ff ff ff ff ff ff ff ff 80 07 ff
00022ae0: ff ff ff ff ff ff ff ff ff ff f8 00 7f ff ff ff
00022af0: ff ff ff ff ff ff ff ff 80 07 ff ff ff ff ff ff
00022b00: ff ff ff ff ff f8 00 7f ff ff ff ff ff ff ff ff
00022b10: ff ff ff 80 07 ff ff ff ff ff ff ff ff ff ff ff
00022b20: f8 00 7f ff ff ff ff ff ff ff ff ff ff ff 80 07
00022b30: ff ff ff ff ff ff ff ff ff ff ff f8 00 7f ff ff
00022b40: ff ff ff ff ff ff ff ff ff 80 07 ff ff ff ff ff
00022b50: ff ff ff ff ff ff f8 00 7f ff ff ff ff ff ff ff
00022b60: ff ff ff ff 80 07 ff ff ff ff ff ff ff ff ff ff
00022b70: ff f8 00 7f ff ff ff ff ff ff ff ff ff ff ff 80
00022b80: 07 ff ff ff ff ff ff ff ff ff ff ff f8 00 7f ff
00022b90: ff ff ff ff ff ff ff ff ff ff 80 07 ff ff ff ff
00022ba0: ff ff ff ff ff ff ff f8 00 7f ff ff ff ff ff ff
00022bb0: ff ff ff ff ff 80 07 ff ff ff ff ff ff ff ff ff
00022bc0: ff ff f8 00 7f ff ff ff ff ff ff ff ff ff ff ff
00022bd0: 80 07 ff ff ff ff ff ff ff ff ff ff ff f8 00 7f
00022be0: ff ff ff ff ff ff ff ff ff ff ff 80 07 ff ff ff
00022bf0: ff ff ff ff ff ff ff ff f8 00 7f ff ff ff ff ff
00022c00: ff ff ff ff ff ff 80 07 ff ff ff ff ff ff ff ff
00022c10: ff ff ff f8 00 7f ff ff ff ff ff ff ff ff ff ff
00022c20: ff 80 07 ff ff ff ff ff ff ff ff ff ff ff f8 00
00022c30: 7f ff ff ff ff ff ff ff ff ff ff ff 80 07 ff ff
00022c40: ff ff ff ff ff ff ff ff ff f8 00 7f ff ff ff ff
00022c50: ff ff ff ff ff ff ff 80 07 ff ff ff ff ff ff ff
00022c60: ff ff ff ff f8 00 7f ff ff ff ff ff ff ff ff ff
00022c70: ff ff 80 07 ff ff ff ff ff ff ff ff ff ff ff f8
00022c80: 00 7f ff ff ff ff ff ff ff ff ff ff ff 80 07 ff
00022c90: ff ff ff ff ff ff ff ff ff ff f8 00 7f ff ff ff
00022ca0: ff ff ff ff ff ff ff ff 80 07 ff ff ff ff ff ff
00022cb0: ff ff ff ff ff f8 00 7f ff ff ff ff ff ff ff ff
00022cc0: ff ff ff 80 07 ff ff ff ff ff ff ff ff ff ff ff
00022cd0: f8 00 7f ff ff ff ff ff ff ff ff ff ff ff 80 07
00022ce0: ff ff ff ff ff ff ff ff ff ff ff f8 00 7f ff ff
00022cf0: ff ff ff ff ff ff ff ff ff 80 07 ff ff ff ff ff
00022d00: ff ff ff ff ff ff f8 00 7f ff ff ff ff ff ff ff
00022d10: ff ff ff ff 80 07 ff ff ff ff ff ff ff ff ff ff
00022d20: ff f8 00 7f ff ff ff ff ff ff ff ff ff ff ff 80
00022d30: 07 ff ff ff ff ff ff ff ff ff ff ff f8 00 7f ff
00022d40: ff ff ff ff ff ff ff ff ff ff 80 07 ff ff ff ff
00022d50: ff ff ff ff ff ff ff f8 00 7f ff ff ff ff ff ff
00022d60: ff ff ff ff ff 80 00
