variante	film	temps_ms	victime	voie	origine	tag	statut	credit
ref	0797ce72	32985	The1baldKing	marche	les deux verites concordent	130c4b61	SOUS_RESERVE	N0TCH0S
ref	0797ce72	33552	N0TCH0S	marche	les deux verites concordent	00404748	VALIDE	The1baldKing
ref	0797ce72	35540	Just1nBurn3y	marche	les deux verites concordent	fc1ca9c2	SOUS_RESERVE	Madina97294
ref	0797ce72	39942	JGtm	marche	les deux verites concordent	4a555df8	SOUS_RESERVE	Edjld
ref	0797ce72	45049	Madina97294	marche	les deux verites concordent	877da252	SOUS_RESERVE	HizaroMne4262
ref	0797ce72	60180	N0TCH0S	marche	les deux verites concordent	877da252	SOUS_RESERVE	HizaroMne4262
ref	0797ce72	60863	Madina97294	marche	les deux verites concordent	67db304a	SOUS_RESERVE	The1baldKing
ref	0797ce72	61914	HizaroMne4262	marche	les deux verites concordent	ba5ac78e	SOUS_RESERVE	JGtm
ref	0797ce72	63449	JGtm	marche	les deux verites concordent	4a555df8	SOUS_RESERVE	Edjld
ref	0797ce72	67604	Edjld	marche	les deux verites concordent	0c64b43f	SOUS_RESERVE	TinyGungan
ref	0797ce72	72042	TinyGungan	marche	les deux verites concordent	17d6bd23	SOUS_RESERVE	The1baldKing
ref	0797ce72	77498	Madina97294	marche	les deux verites concordent	ba5ac78e	SOUS_RESERVE	HizaroMne4262
ref	0797ce72	82853	Just1nBurn3y	marche	les deux verites concordent	59255106	VALIDE	JGtm
ref	0797ce72	84854	HizaroMne4262	marche	les deux verites concordent	ffebe84e	SOUS_RESERVE	JGtm
ref	0797ce72	86123	N0TCH0S	marche	les deux verites concordent	82709a1e	SOUS_RESERVE	The1baldKing
ref	0797ce72	94482	The1baldKing	marche	les deux verites concordent	f81f1a01	SOUS_RESERVE	Madina97294
ref	0797ce72	99403	Just1nBurn3y	marche	les deux verites concordent	17d6bd23	SOUS_RESERVE	JGtm
ref	0797ce72	105059	N0TCH0S	marche	les deux verites concordent	69fd30b9	SOUS_RESERVE	HizaroMne4262
ref	0797ce72	105062	HizaroMne4262	marche	les deux verites concordent	daa03c35	VALIDE	N0TCH0S
ref	0797ce72	110518	Edjld	scan	les deux verites concordent	877da252	SOUS_RESERVE	Madina97294
ref	0797ce72	113354	JGtm	marche	les deux verites concordent	003ce738	SOUS_RESERVE	Edjld
ref	0797ce72	114757	The1baldKing	marche	les deux verites concordent	f81f1a01	SOUS_RESERVE	Madina97294
ref	0797ce72	115457	Just1nBurn3y	marche	les deux verites concordent	877da252	SOUS_RESERVE	TinyGungan
ref	0797ce72	117909	TinyGungan	marche	les deux verites concordent	17d6bd23	SOUS_RESERVE	HizaroMne4262
ref	0797ce72	123448	HizaroMne4262	marche	les deux verites concordent	877da252	SOUS_RESERVE	Madina97294
ref	0797ce72	125082	Madina97294	marche	les deux verites concordent	00404748	VALIDE	HizaroMne4262
ref	0797ce72	132139	Just1nBurn3y	marche	les deux verites concordent	4a555df8	SOUS_RESERVE	JGtm
ref	0797ce72	136777	Edjld	marche	les deux verites concordent	59255106	VALIDE	N0TCH0S
ref	0797ce72	141517	The1baldKing	marche	les deux verites concordent	fc1ca9c2	SOUS_RESERVE	N0TCH0S
ref	0797ce72	142717	Madina97294	marche	les deux verites concordent	59255106	VALIDE	HizaroMne4262
ref	0797ce72	154429	JGtm	scan	les deux verites concordent	eea85c26	SOUS_RESERVE	Just1nBurn3y
ref	0797ce72	161102	Madina97294	marche	les deux verites concordent	0e7eac6d	SOUS_RESERVE	Edjld
ref	0797ce72	169294	N0TCH0S	marche	les deux verites concordent	17d6bd23	SOUS_RESERVE	The1baldKing
ref	0797ce72	173881	The1baldKing	marche	les deux verites concordent	eea85c26	SOUS_RESERVE	TinyGungan
ref	0797ce72	175334	TinyGungan	marche	les deux verites concordent	877da252	SOUS_RESERVE	Edjld
ref	0797ce72	178336	Edjld	marche	les deux verites concordent	fc1ca9c2	SOUS_RESERVE	Madina97294
ref	0797ce72	179087	HizaroMne4262	marche	les deux verites concordent	fc1ca9c2	SOUS_RESERVE	Madina97294
ref	0797ce72	192616	Madina97294	marche	les deux verites concordent	59255106	VALIDE	HizaroMne4262
ref	0797ce72	193918	JGtm	marche	les deux verites concordent	59255106	VALIDE	HizaroMne4262
ref	0797ce72	195671	HizaroMne4262	scan	les deux verites concordent	82709a1e	SOUS_RESERVE	TinyGungan
ref	0797ce72	199674	Edjld	marche	les deux verites concordent	82709a1e	SOUS_RESERVE	TinyGungan
ref	0797ce72	200759	TinyGungan	marche	les deux verites concordent	877da252	SOUS_RESERVE	The1baldKing
ref	0797ce72	202843	N0TCH0S	marche	les deux verites concordent	eea85c26	SOUS_RESERVE	Just1nBurn3y
ref	0797ce72	210184	Madina97294	marche	les deux verites concordent	eea85c26	SOUS_RESERVE	Just1nBurn3y
ref	0797ce72	213787	Just1nBurn3y	marche	les deux verites concordent	4a555df8	SOUS_RESERVE	JGtm
ref	0797ce72	213971	HizaroMne4262	marche	les deux verites concordent	4a555df8	SOUS_RESERVE	JGtm
ref	0797ce72	216257	JGtm	marche	les deux verites concordent	82709a1e	SOUS_RESERVE	The1baldKing
ref	0797ce72	220744	The1baldKing	marche	les deux verites concordent	eea85c26	SOUS_RESERVE	N0TCH0S
ref	0797ce72	230557	Madina97294	marche	les deux verites concordent	17d6bd23	SOUS_RESERVE	Edjld
ref	0797ce72	248375	HizaroMne4262	marche	les deux verites concordent	69fd30b9	SOUS_RESERVE	TinyGungan
ref	0797ce72	252178	Madina97294	marche	les deux verites concordent	69fd30b9	SOUS_RESERVE	Edjld
ref	0797ce72	253079	TinyGungan	marche	les deux verites concordent	7d012346	SOUS_RESERVE	Just1nBurn3y
ref	0797ce72	258218	N0TCH0S	marche	les deux verites concordent	fc1ca9c2	SOUS_RESERVE	The1baldKing
ref	0797ce72	265006	Edjld	marche	les deux verites concordent	1b6370f9	SOUS_RESERVE	TinyGungan
ref	0797ce72	265791	Madina97294	marche	les deux verites concordent	17d6bd23	SOUS_RESERVE	HizaroMne4262
ref	0797ce72	267194	JGtm	marche	les deux verites concordent	fc1ca9c2	SOUS_RESERVE	The1baldKing
ref	0797ce72	268945	TinyGungan	marche	les deux verites concordent	17d6bd23	SOUS_RESERVE	HizaroMne4262
ref	0797ce72	272148	The1baldKing	marche	les deux verites concordent	59255106	VALIDE	N0TCH0S
ref	0797ce72	288081	The1baldKing	marche	les deux verites concordent	2f9b7b5f	SOUS_RESERVE	N0TCH0S
ref	0797ce72	288932	N0TCH0S	marche	les deux verites concordent	69fd30b9	SOUS_RESERVE	Just1nBurn3y
ref	0797ce72	290866	HizaroMne4262	marche	les deux verites concordent	2d2cdd58	SOUS_RESERVE	TinyGungan
ref	0797ce72	295872	Edjld	marche	les deux verites concordent	4fbad006	SOUS_RESERVE	Madina97294
ref	0797ce72	305547	TinyGungan	marche	les deux verites concordent	ba5ac78e	SOUS_RESERVE	HizaroMne4262
ref	0797ce72	309167	HizaroMne4262	marche	les deux verites concordent	bebe70df	SOUS_RESERVE	Madina97294
ref	0797ce72	310769	JGtm	marche	les deux verites concordent	166ba62b	SOUS_RESERVE	The1baldKing
ref	0797ce72	310853	The1baldKing	marche	les deux verites concordent	594095ac	SOUS_RESERVE	JGtm
ref	0797ce72	322765	Madina97294	marche	les deux verites concordent	69fd30b9	SOUS_RESERVE	Just1nBurn3y
ref	0797ce72	333793	TinyGungan	marche	les deux verites concordent	7d012346	SOUS_RESERVE	Just1nBurn3y
ref	0797ce72	338179	JGtm	marche	les deux verites concordent	ba5ac78e	SOUS_RESERVE	HizaroMne4262
ref	0797ce72	344104	Madina97294	marche	les deux verites concordent	69fd30b9	SOUS_RESERVE	Just1nBurn3y
ref	0797ce72	347857	TinyGungan	marche	les deux verites concordent	69fd30b9	SOUS_RESERVE	Just1nBurn3y
ref	0797ce72	353880	N0TCH0S	marche	les deux verites concordent	2ff92041	VALIDE	Edjld
ref	0797ce72	353881	Edjld	marche	les deux verites concordent	2ff92041	VALIDE	N0TCH0S
ref	0797ce72	368995	HizaroMne4262	marche	les deux verites concordent	17d6bd23	SOUS_RESERVE	JGtm
ref	0797ce72	369279	N0TCH0S	marche	les deux verites concordent	69fd30b9	SOUS_RESERVE	The1baldKing
ref	0797ce72	370130	JGtm	marche	les deux verites concordent	69fd30b9	SOUS_RESERVE	Just1nBurn3y
ref	0797ce72	370179	The1baldKing	marche	les deux verites concordent	0000d627	VALIDE	N0TCH0S
ref	0797ce72	377186	TinyGungan	marche	les deux verites concordent	69fd30b9	SOUS_RESERVE	Just1nBurn3y
ref	0797ce72	382075	Edjld	marche	les deux verites concordent	fc1ca9c2	SOUS_RESERVE	Madina97294
ref	0797ce72	383743	N0TCH0S	scan	les deux verites concordent	17d6bd23	SOUS_RESERVE	The1baldKing
ref	0797ce72	385213	Madina97294	marche	les deux verites concordent	69fd30b9	SOUS_RESERVE	Just1nBurn3y
ref	0797ce72	388414	The1baldKing	marche	les deux verites concordent	17d6bd23	SOUS_RESERVE	JGtm
ref	0797ce72	392701	HizaroMne4262	marche	les deux verites concordent	8c1a1ef4	SOUS_RESERVE	TinyGungan
ref	0797ce72	392768	TinyGungan	marche	les deux verites concordent	69fd30b9	SOUS_RESERVE	Just1nBurn3y
ref	0797ce72	404129	Edjld	marche	les deux verites concordent	0000d580	SOUS_RESERVE	Madina97294
ref	0797ce72	407868	Just1nBurn3y	marche	les deux verites concordent	17d6bd23	SOUS_RESERVE	JGtm
ref	0797ce72	409185	Madina97294	marche	les deux verites concordent	0000d580	SOUS_RESERVE	The1baldKing
ref	0797ce72	413373	The1baldKing	marche	les deux verites concordent	7fe3cedc	SOUS_RESERVE	N0TCH0S
ref	0797ce72	422215	Edjld	marche	les deux verites concordent	82709a1e	SOUS_RESERVE	TinyGungan
ref	0797ce72	422665	JGtm	marche	les deux verites concordent	eea85c26	SOUS_RESERVE	HizaroMne4262
ref	0797ce72	429940	Madina97294	marche	les deux verites concordent	17d6bd23	SOUS_RESERVE	The1baldKing
ref	0797ce72	433043	N0TCH0S	marche	les deux verites concordent	17d6bd23	SOUS_RESERVE	The1baldKing
ref	084a804d	61124	xB3N M4Rt1Nx	marche	les deux verites concordent	0bece71e	VALIDE	AX3L SANT1
ref	084a804d	65964	FusedCabbage283	marche	les deux verites concordent	0bece71e	VALIDE	AX3L SANT1
ref	084a804d	66001	DavidGoggin8369	marche	les deux verites concordent	0000b29c	SOUS_RESERVE	Naija Nightmare
ref	084a804d	68235	sneaky lizard99	marche	les deux verites concordent	0000b238	SOUS_RESERVE	Dr Wafflcopter
ref	084a804d	69335	TOKY SAN8781	marche	les deux verites concordent	7d012346	SOUS_RESERVE	Prime IK
ref	084a804d	70172	John Wick7648	marche	les deux verites concordent	0bece71e	VALIDE	The Juicy Jules
ref	084a804d	73306	willson93	marche	les deux verites concordent	0000b29c	SOUS_RESERVE	Madina97294
ref	084a804d	77377	x K i R i l L x	marche	les deux verites concordent	0000b29c	SOUS_RESERVE	FRONTLINE242494
ref	084a804d	77643	EvilestSand791	marche	les deux verites concordent	0000b29c	SOUS_RESERVE	IRageQuitMyJob
ref	084a804d	77812	FRONTLINE242494	marche	les deux verites concordent	eea85c26	SOUS_RESERVE	x K i R i l L x
ref	084a804d	82314	xB3N M4Rt1Nx	marche	les deux verites concordent	0000b29c	SOUS_RESERVE	Naija Nightmare
ref	084a804d	84820	Madina97294	marche	les deux verites concordent	0bece71e	VALIDE	The Juicy Jules
ref	084a804d	86621	Naija Nightmare	marche	les deux verites concordent	0bece71e	VALIDE	The Juicy Jules
ref	084a804d	89318	RapidTundra	marche	les deux verites concordent	00426796	VALIDE	sneaky lizard99
ref	084a804d	94761	TOKY SAN8781	marche	les deux verites concordent	7d012346	SOUS_RESERVE	Prime IK
ref	084a804d	94961	BalerionI	marche	les deux verites concordent	0000b29c	SOUS_RESERVE	Dr Wafflcopter
ref	084a804d	97602	sneaky lizard99	marche	les deux verites concordent	0bece71e	VALIDE	The Juicy Jules
ref	084a804d	99001	willson93	marche	les deux verites concordent	7d012346	SOUS_RESERVE	Prime IK
ref	084a804d	99135	SimpleJack2008	marche	les deux verites concordent	0000b29c	SOUS_RESERVE	FRONTLINE242494
ref	084a804d	100970	Madina97294	marche	les deux verites concordent	7d012346	SOUS_RESERVE	xAssazzinx23x
ref	084a804d	102406	China6777	marche	les deux verites concordent	53b1e6c5	VALIDE	GamingDragon27
ref	084a804d	104067	xAssazzinx23x	marche	les deux verites concordent	0bece71e	VALIDE	AX3L SANT1
ref	084a804d	104201	Prime IK	marche	les deux verites concordent	00426796	VALIDE	xB3N M4Rt1Nx
ref	084a804d	104371	AX3L SANT1	marche	les deux verites concordent	0000b29c	SOUS_RESERVE	Dr Wafflcopter
ref	084a804d	112942	Dr Wafflcopter	marche	les deux verites concordent	130c4b61	SOUS_RESERVE	IRageQuitMyJob
ref	084a804d	116416	Naija Nightmare	marche	les deux verites concordent	0000b29c	SOUS_RESERVE	EvilestSand791
ref	084a804d	120360	Madina97294	marche	les deux verites concordent	0000005f	INCONNU	GamingDragon27
ref	084a804d	124724	EvilestSand791	marche	les deux verites concordent	0000b29c	SOUS_RESERVE	John Wick7648
ref	084a804d	125161	AX3L SANT1	scan	les deux verites concordent	53b1e6c5	VALIDE	GamingDragon27
ref	084a804d	125163	Prime IK	scan	les deux verites concordent	53b1e6c5	VALIDE	GamingDragon27
ref	084a804d	125356	GamingDragon27	scan	les deux verites concordent	130c4b61	SOUS_RESERVE	IRageQuitMyJob
ref	084a804d	125522	John Wick7648	marche	les deux verites concordent	0000d57f	SOUS_RESERVE	EvilestSand791
ref	084a804d	135274	Madina97294	marche	les deux verites concordent	0000005f	INCONNU	FusedCabbage283
ref	084a804d	136633	LordSiBaSiBa	scan	les deux verites concordent	19bd6810	VALIDE	The Juicy Jules
ref	084a804d	139742	SimpleJack2008	marche	les deux verites concordent	f712c64a	VALIDE	FusedCabbage283
ref	084a804d	150088	Naija Nightmare	marche	les deux verites concordent	003ce738	SOUS_RESERVE	GamingDragon27
ref	084a804d	150914	TOKY SAN8781	scan	les deux verites concordent	0bece71e	VALIDE	AX3L SANT1
ref	084a804d	151315	xAssazzinx23x	marche	les deux verites concordent	ab06203c	VALIDE	sneaky lizard99
ref	084a804d	151849	China6777	marche	les deux verites concordent	d2ffec3f	VALIDE	The Juicy Jules
ref	084a804d	152420	EvilestSand791	marche	les deux verites concordent	0000b29c	SOUS_RESERVE	x K i R i l L x
ref	084a804d	161226	FusedCabbage283	scan	les deux verites concordent	19bd6810	VALIDE	AX3L SANT1
ref	084a804d	171037	SimpleJack2008	marche	les deux verites concordent	0000b238	SOUS_RESERVE	willson93
ref	084a804d	171472	willson93	marche	les deux verites concordent	0000b29c	SOUS_RESERVE	Naija Nightmare
ref	084a804d	181582	DavidGoggin8369	marche	les deux verites concordent	0000b29c	SOUS_RESERVE	Prime IK
ref	084a804d	183288	GamingDragon27	marche	les deux verites concordent	13ff7bdf	SOUS_RESERVE	x K i R i l L x
ref	084a804d	183788	John Wick7648	marche	les deux verites concordent	eea85c26	SOUS_RESERVE	xAssazzinx23x
ref	084a804d	184085	x K i R i l L x	marche	les deux verites concordent	0000b238	SOUS_RESERVE	Dr Wafflcopter
ref	084a804d	184421	xAssazzinx23x	marche	les deux verites concordent	0000d627	VALIDE	John Wick7648
ref	084a804d	186350	Dr Wafflcopter	marche	les deux verites concordent	59255106	VALIDE	x K i R i l L x
ref	084a804d	187455	Naija Nightmare	marche	les deux verites concordent	0000b29c	SOUS_RESERVE	The Juicy Jules
ref	084a804d	191827	willson93	marche	les deux verites concordent	f712c64a	VALIDE	LordSiBaSiBa
ref	084a804d	193189	FRONTLINE242494	marche	les deux verites concordent	ab06203c	VALIDE	sneaky lizard99
ref	084a804d	197270	EvilestSand791	marche	les deux verites concordent	f712c64a	VALIDE	LordSiBaSiBa
ref	084a804d	200938	FusedCabbage283	marche	les deux verites concordent	f81f1a01	SOUS_RESERVE	AX3L SANT1
ref	084a804d	205776	AX3L SANT1	marche	les deux verites concordent	0000b29c	SOUS_RESERVE	xAssazzinx23x
ref	084a804d	211953	The Juicy Jules	marche	les deux verites concordent	f712c64a	VALIDE	LordSiBaSiBa
ref	084a804d	216057	DavidGoggin8369	marche	les deux verites concordent	ab06203c	VALIDE	sneaky lizard99
ref	084a804d	228529	xB3N M4Rt1Nx	marche	les deux verites concordent	f712c64a	VALIDE	LordSiBaSiBa
ref	084a804d	230735	Prime IK	marche	les deux verites concordent	0000b29c	SOUS_RESERVE	xAssazzinx23x
ref	084a804d	231767	sneaky lizard99	marche	les deux verites concordent	acd1cff4	SOUS_RESERVE	Dr Wafflcopter
ref	084a804d	237275	SimpleJack2008	marche	les deux verites concordent	0000b29c	SOUS_RESERVE	EvilestSand791
ref	084a804d	238205	IRageQuitMyJob	marche	les deux verites concordent	130c4b61	SOUS_RESERVE	The Juicy Jules
ref	084a804d	238276	TOKY SAN8781	marche	les deux verites concordent	7d012346	SOUS_RESERVE	John Wick7648
ref	084a804d	241112	RapidTundra	marche	les deux verites concordent	0000b238	SOUS_RESERVE	x K i R i l L x
ref	084a804d	241348	willson93	marche	les deux verites concordent	f712c64a	VALIDE	LordSiBaSiBa
ref	084a804d	242242	BLAZER5Parrish	marche	les deux verites concordent	acd1cff4	SOUS_RESERVE	Dr Wafflcopter
ref	084a804d	243714	Naija Nightmare	marche	les deux verites concordent	0000b29c	SOUS_RESERVE	xAssazzinx23x
ref	084a804d	247217	EvilestSand791	marche	les deux verites concordent	0000b238	SOUS_RESERVE	Prime IK
ref	084a804d	247250	China6777	marche	les deux verites concordent	daa03c35	VALIDE	EvilestSand791
ref	084a804d	254922	GamingDragon27	marche	les deux verites concordent	f712c64a	VALIDE	LordSiBaSiBa
ref	084a804d	261168	LordSiBaSiBa	marche	les deux verites concordent	130c4b61	SOUS_RESERVE	The Juicy Jules
ref	084a804d	262236	Madina97294	marche	les deux verites concordent	acd1cff4	SOUS_RESERVE	Dr Wafflcopter
ref	084a804d	266438	SimpleJack2008	marche	les deux verites concordent	0000b29c	SOUS_RESERVE	Dr Wafflcopter
ref	084a804d	271609	Dr Wafflcopter	marche	les deux verites concordent	0000b29c	SOUS_RESERVE	x K i R i l L x
ref	084a804d	272506	China6777	marche	les deux verites concordent	7d012346	SOUS_RESERVE	The Juicy Jules
ref	084a804d	277782	x K i R i l L x	marche	les deux verites concordent	0000b29c	SOUS_RESERVE	DavidGoggin8369
ref	084a804d	280855	BLAZER5Parrish	marche	les deux verites concordent	7d012346	SOUS_RESERVE	The Juicy Jules
ref	084a804d	282220	xB3N M4Rt1Nx	marche	les deux verites concordent	7d012346	SOUS_RESERVE	John Wick7648
ref	084a804d	284157	DavidGoggin8369	marche	les deux verites concordent	0000d627	VALIDE	John Wick7648
ref	084a804d	284656	willson93	marche	les deux verites concordent	0000b29c	SOUS_RESERVE	Naija Nightmare
ref	084a804d	287324	John Wick7648	marche	les deux verites concordent	0000b29c	SOUS_RESERVE	EvilestSand791
ref	084a804d	287888	Madina97294	marche	les deux verites concordent	7d012346	SOUS_RESERVE	The Juicy Jules
ref	084a804d	289323	sneaky lizard99	marche	les deux verites concordent	fa4fad21	VALIDE	FusedCabbage283
ref	084a804d	296467	RapidTundra	marche	les deux verites concordent	0000b29c	SOUS_RESERVE	Prime IK
ref	084a804d	300168	China6777	marche	les deux verites concordent	da3b5ba4	VALIDE	FRONTLINE242494
ref	084a804d	303905	LordSiBaSiBa	marche	les deux verites concordent	130c4b61	SOUS_RESERVE	The Juicy Jules
ref	084a804d	314252	FRONTLINE242494	marche	les deux verites concordent	0000b29c	SOUS_RESERVE	Madina97294
ref	084a804d	316555	DavidGoggin8369	scan	les deux verites concordent	7d012346	SOUS_RESERVE	Prime IK
ref	084a804d	320158	TOKY SAN8781	marche	les deux verites concordent	0000b29c	SOUS_RESERVE	x K i R i l L x
ref	084a804d	321926	China6777	marche	les deux verites concordent	0000005f	INCONNU	FusedCabbage283
ref	084a804d	324196	SimpleJack2008	marche	les deux verites concordent	038ad14c	SOUS_RESERVE	xAssazzinx23x
ref	084a804d	325926	EvilestSand791	marche	les deux verites concordent	f712c64a	VALIDE	Naija Nightmare
ref	084a804d	326998	Madina97294	marche	les deux verites concordent	7d012346	SOUS_RESERVE	The Juicy Jules
ref	084a804d	334202	Naija Nightmare	marche	les deux verites concordent	ab06203c	VALIDE	GamingDragon27
ref	084a804d	337611	LordSiBaSiBa	marche	les deux verites concordent	7d012346	SOUS_RESERVE	The Juicy Jules
ref	084a804d	341878	Dr Wafflcopter	marche	les deux verites concordent	c14e9cea	VALIDE	x K i R i l L x
ref	084a804d	343483	xAssazzinx23x	marche	les deux verites concordent	2ff92041	VALIDE	Prime IK
ref	084a804d	346052	DavidGoggin8369	marche	les deux verites concordent	2ff92041	VALIDE	BLAZER5Parrish
ref	084a804d	346054	BLAZER5Parrish	marche	les deux verites concordent	2ff92041	VALIDE	DavidGoggin8369
ref	084a804d	346984	sneaky lizard99	marche	les deux verites concordent	130c4b61	SOUS_RESERVE	The Juicy Jules
ref	084a804d	347253	Prime IK	marche	les deux verites concordent	0000b238	SOUS_RESERVE	willson93
ref	084a804d	350261	x K i R i l L x	marche	les deux verites concordent	ab06203c	VALIDE	GamingDragon27
ref	084a804d	353893	Madina97294	marche	les deux verites concordent	0000b238	SOUS_RESERVE	willson93
ref	084a804d	354794	Lionforce117	marche	les deux verites concordent	daa03c35	VALIDE	The Juicy Jules
ref	084a804d	357397	willson93	marche	les deux verites concordent	0000b238	SOUS_RESERVE	SimpleJack2008
ref	084a804d	359137	China6777	marche	les deux verites concordent	003f582d	VALIDE	RapidTundra
ref	084a804d	364772	xB3N M4Rt1Nx	marche	les deux verites concordent	0bece71e	VALIDE	AX3L SANT1
ref	084a804d	367340	EvilestSand791	marche	les deux verites concordent	0000b29c	SOUS_RESERVE	Naija Nightmare
ref	084a804d	367403	FusedCabbage283	marche	les deux verites concordent	0bece71e	VALIDE	AX3L SANT1
ref	084a804d	370810	LordSiBaSiBa	marche	les deux verites concordent	0000b29c	SOUS_RESERVE	The Juicy Jules
ref	084a804d	379686	sneaky lizard99	marche	les deux verites concordent	003f582d	VALIDE	RapidTundra
ref	084a804d	382355	John Wick7648	marche	les deux verites concordent	0000b29c	SOUS_RESERVE	Dr Wafflcopter
ref	084a804d	386626	FRONTLINE242494	scan	les deux verites concordent	0000b29c	SOUS_RESERVE	Naija Nightmare
ref	084a804d	389393	GamingDragon27	marche	les deux verites concordent	f712c64a	VALIDE	LordSiBaSiBa
ref	084a804d	392434	BLAZER5Parrish	marche	les deux verites concordent	0bece71e	VALIDE	xAssazzinx23x
ref	084a804d	392702	Madina97294	marche	les deux verites concordent	00426796	VALIDE	xB3N M4Rt1Nx
ref	084a804d	394801	Naija Nightmare	marche	les deux verites concordent	0000b29c	SOUS_RESERVE	Dr Wafflcopter
ref	084a804d	395570	RapidTundra	marche	les deux verites concordent	0000b29c	SOUS_RESERVE	Lionforce117
ref	084a804d	396536	China6777	marche	les deux verites concordent	0000b29c	SOUS_RESERVE	The Juicy Jules
ref	084a804d	399638	x K i R i l L x	marche	les deux verites concordent	0000b29c	SOUS_RESERVE	The Juicy Jules
ref	084a804d	401244	LordSiBaSiBa	marche	les deux verites concordent	acd1cff4	SOUS_RESERVE	DavidGoggin8369
ref	084a804d	404545	AX3L SANT1	marche	les deux verites concordent	0000b29c	SOUS_RESERVE	The Juicy Jules
ref	084a804d	409082	xB3N M4Rt1Nx	marche	les deux verites concordent	daa03c35	VALIDE	John Wick7648
ref	084a804d	409850	John Wick7648	marche	les deux verites concordent	0000b29c	SOUS_RESERVE	EvilestSand791
ref	084a804d	411422	Lionforce117	marche	les deux verites concordent	0bece71e	VALIDE	xAssazzinx23x
ref	084a804d	414821	EvilestSand791	marche	les deux verites concordent	0000b29c	SOUS_RESERVE	Madina97294
ref	084a804d	415019	Prime IK	marche	les deux verites concordent	130c4b61	SOUS_RESERVE	The Juicy Jules
ref	084a804d	418355	Naija Nightmare	marche	les deux verites concordent	0c64b43f	SOUS_RESERVE	DavidGoggin8369
ref	084a804d	419657	sneaky lizard99	marche	les deux verites concordent	19bd6810	VALIDE	xAssazzinx23x
ref	084a804d	421425	China6777	marche	les deux verites concordent	acd1cff4	SOUS_RESERVE	DavidGoggin8369
ref	084a804d	421797	x K i R i l L x	marche	les deux verites concordent	0000b29c	SOUS_RESERVE	Dr Wafflcopter
ref	084a804d	421897	DavidGoggin8369	marche	les deux verites concordent	0000b238	SOUS_RESERVE	LordSiBaSiBa
ref	084a804d	424695	BLAZER5Parrish	marche	les deux verites concordent	0bece71e	VALIDE	xAssazzinx23x
ref	084a804d	425635	Madina97294	marche	les deux verites concordent	0000b29c	SOUS_RESERVE	Dr Wafflcopter
ref	084a804d	426563	TOKY SAN8781	marche	les deux verites concordent	e9941862	SOUS_RESERVE	SimpleJack2008
ref	084a804d	427971	LordSiBaSiBa	marche	les deux verites concordent	0000b29c	SOUS_RESERVE	Dr Wafflcopter
ref	084a804d	428231	AX3L SANT1	marche	les deux verites concordent	0bece71e	VALIDE	xAssazzinx23x
ref	084a804d	437577	xB3N M4Rt1Nx	marche	les deux verites concordent	0000b29c	SOUS_RESERVE	Naija Nightmare
ref	084a804d	440150	Naija Nightmare	marche	les deux verites concordent	7d012346	SOUS_RESERVE	The Juicy Jules
ref	084a804d	442416	The Juicy Jules	marche	les deux verites concordent	daa03c35	VALIDE	John Wick7648
ref	084a804d	448818	sneaky lizard99	marche	les deux verites concordent	f712c64a	VALIDE	FusedCabbage283
ref	084a804d	457497	LordSiBaSiBa	marche	les deux verites concordent	0000b238	SOUS_RESERVE	TOKY SAN8781
ref	084a804d	458465	DavidGoggin8369	marche	les deux verites concordent	0000b29c	SOUS_RESERVE	Prime IK
ref	084a804d	458995	EvilestSand791	marche	les deux verites concordent	00404748	VALIDE	LordSiBaSiBa
ref	084a804d	464037	FRONTLINE242494	marche	les deux verites concordent	0000b29c	SOUS_RESERVE	John Wick7648
ref	084a804d	468642	John Wick7648	marche	les deux verites concordent	0000b29c	SOUS_RESERVE	Dr Wafflcopter
ref	084a804d	469876	willson93	marche	les deux verites concordent	0000b238	SOUS_RESERVE	Lionforce117
ref	084a804d	470143	RapidTundra	marche	les deux verites concordent	0000b29c	SOUS_RESERVE	Prime IK
ref	084a804d	473079	Madina97294	marche	les deux verites concordent	0000b29c	SOUS_RESERVE	TOKY SAN8781
ref	084a804d	473113	TOKY SAN8781	marche	les deux verites concordent	f3c1f9a8	SOUS_RESERVE	Madina97294
ref	084a804d	473743	Prime IK	marche	les deux verites concordent	53b1e6c5	VALIDE	GamingDragon27
ref	084a804d	488595	Naija Nightmare	marche	les deux verites concordent	f81f1a01	SOUS_RESERVE	xAssazzinx23x
ref	084a804d	488659	FusedCabbage283	marche	les deux verites concordent	0000b29c	SOUS_RESERVE	Naija Nightmare
ref	084a804d	491792	BLAZER5Parrish	marche	les deux verites concordent	f81f1a01	SOUS_RESERVE	xAssazzinx23x
ref	084a804d	493131	Lionforce117	marche	les deux verites concordent	0000b29c	SOUS_RESERVE	willson93
ref	084a804d	495603	LordSiBaSiBa	marche	les deux verites concordent	fa4fad21	VALIDE	GamingDragon27
ref	084a804d	503441	John Wick7648	marche	les deux verites concordent	7d012346	SOUS_RESERVE	The Juicy Jules
ref	084a804d	507847	GamingDragon27	marche	les deux verites concordent	0ff7b934	SOUS_RESERVE	SimpleJack2008
ref	084a804d	509082	AX3L SANT1	marche	les deux verites concordent	0000b29c	SOUS_RESERVE	xAssazzinx23x
ref	084a804d	513547	Madina97294	marche	les deux verites concordent	ffebe84e	SOUS_RESERVE	Dr Wafflcopter
ref	084a804d	517555	willson93	marche	les deux verites concordent	daa03c35	VALIDE	BLAZER5Parrish
ref	084a804d	519687	Prime IK	marche	les deux verites concordent	acd1cff4	SOUS_RESERVE	TOKY SAN8781
ref	084a804d	519693	Dr Wafflcopter	marche	les deux verites concordent	0000b29c	SOUS_RESERVE	Prime IK
ref	084a804d	521158	sneaky lizard99	marche	les deux verites concordent	0000b29c	SOUS_RESERVE	xAssazzinx23x
ref	084a804d	528533	EvilestSand791	marche	les deux verites concordent	2ff92041	VALIDE	BLAZER5Parrish
ref	084a804d	528667	John Wick7648	marche	les deux verites concordent	7d012346	SOUS_RESERVE	xAssazzinx23x
ref	084a804d	529837	Naija Nightmare	marche	les deux verites concordent	acd1cff4	SOUS_RESERVE	The Juicy Jules
ref	084a804d	529870	xAssazzinx23x	marche	les deux verites concordent	0000d627	VALIDE	John Wick7648
ref	084a804d	531502	The Juicy Jules	marche	les deux verites concordent	f81f1a01	SOUS_RESERVE	x K i R i l L x
ref	084a804d	532803	LordSiBaSiBa	marche	les deux verites concordent	0000b29c	SOUS_RESERVE	FRONTLINE242494
ref	084a804d	541646	BLAZER5Parrish	marche	les deux verites concordent	acd1cff4	SOUS_RESERVE	TOKY SAN8781
ref	084a804d	542117	China6777	marche	les deux verites concordent	0000b29c	SOUS_RESERVE	willson93
ref	084a804d	545587	RapidTundra	marche	les deux verites concordent	0000b29c	SOUS_RESERVE	SimpleJack2008
ref	084a804d	552228	willson93	marche	les deux verites concordent	daa03c35	VALIDE	Lionforce117
ref	084a804d	553424	FusedCabbage283	marche	les deux verites concordent	acd1cff4	SOUS_RESERVE	x K i R i l L x
ref	084a804d	556831	Lionforce117	marche	les deux verites concordent	0000b238	SOUS_RESERVE	Dr Wafflcopter
ref	084a804d	559635	SimpleJack2008	marche	les deux verites concordent	ab06203c	VALIDE	GamingDragon27
ref	084a804d	563674	China6777	marche	les deux verites concordent	ab06203c	VALIDE	GamingDragon27
ref	084a804d	569940	BLAZER5Parrish	marche	les deux verites concordent	ffebe84e	SOUS_RESERVE	xAssazzinx23x
ref	084a804d	570512	The Juicy Jules	marche	les deux verites concordent	0000b238	SOUS_RESERVE	Prime IK
ref	084a804d	571977	sneaky lizard99	marche	les deux verites concordent	0c64b43f	SOUS_RESERVE	TOKY SAN8781
ref	084a804d	573683	Prime IK	marche	les deux verites concordent	0000b29c	SOUS_RESERVE	FRONTLINE242494
ref	084a804d	575184	DavidGoggin8369	marche	les deux verites concordent	130c4b61	SOUS_RESERVE	AX3L SANT1
ref	084a804d	575187	xB3N M4Rt1Nx	marche	les deux verites concordent	130c4b61	SOUS_RESERVE	AX3L SANT1
ref	084a804d	576921	EvilestSand791	marche	les deux verites concordent	0000b29c	SOUS_RESERVE	Madina97294
ref	084a804d	578515	Lionforce117	marche	les deux verites concordent	ab06203c	VALIDE	GamingDragon27
ref	084a804d	579120	LordSiBaSiBa	marche	les deux verites concordent	0000b29c	SOUS_RESERVE	FRONTLINE242494
ref	084a804d	579649	FusedCabbage283	marche	les deux verites concordent	da3b5ba4	VALIDE	LordSiBaSiBa
ref	084a804d	580121	Dr Wafflcopter	marche	les deux verites concordent	59255106	VALIDE	x K i R i l L x
ref	084a804d	581484	AX3L SANT1	marche	les deux verites concordent	ab06203c	VALIDE	GamingDragon27
ref	084a804d	582890	x K i R i l L x	marche	les deux verites concordent	0000b29c	SOUS_RESERVE	FRONTLINE242494
ref	084a804d	590661	John Wick7648	marche	les deux verites concordent	0000b29c	SOUS_RESERVE	xAssazzinx23x
ref	084a804d	592537	Madina97294	marche	les deux verites concordent	0000b29c	SOUS_RESERVE	FRONTLINE242494
ref	084a804d	595207	Lionforce117	marche	les deux verites concordent	99d98aef	VALIDE	GamingDragon27
ref	084a804d	599478	GamingDragon27	marche	les deux verites concordent	f712c64a	VALIDE	sneaky lizard99
ref	084a804d	601910	SimpleJack2008	marche	les deux verites concordent	0000b29c	SOUS_RESERVE	The Juicy Jules
ref	084a804d	603245	China6777	marche	les deux verites concordent	0000b29c	SOUS_RESERVE	The Juicy Jules
ref	084a804d	617292	Prime IK	marche	les deux verites concordent	7d012346	SOUS_RESERVE	xAssazzinx23x
ref	084a804d	618864	Madina97294	marche	les deux verites concordent	5a4450e4	VALIDE	FusedCabbage283
ref	084a804d	619932	BLAZER5Parrish	marche	les deux verites concordent	7d012346	SOUS_RESERVE	The Juicy Jules
ref	084a804d	622902	xB3N M4Rt1Nx	marche	les deux verites concordent	0bece71e	VALIDE	AX3L SANT1
ref	084a804d	622905	FusedCabbage283	marche	les deux verites concordent	0bece71e	VALIDE	AX3L SANT1
ref	084a804d	625033	xAssazzinx23x	marche	les deux verites concordent	0000b238	SOUS_RESERVE	Lionforce117
ref	084a804d	626234	EvilestSand791	marche	les deux verites concordent	0000b29c	SOUS_RESERVE	x K i R i l L x
ref	084a804d	634405	sneaky lizard99	marche	les deux verites concordent	e9941862	SOUS_RESERVE	GamingDragon27
ref	084a804d	635072	TOKY SAN8781	marche	les deux verites concordent	da3b5ba4	VALIDE	Naija Nightmare
ref	084a804d	636815	China6777	marche	les deux verites concordent	7d012346	SOUS_RESERVE	The Juicy Jules
ref	084a804d	639147	DavidGoggin8369	marche	les deux verites concordent	0bece71e	VALIDE	AX3L SANT1
ref	084a804d	651061	xB3N M4Rt1Nx	marche	les deux verites concordent	f712c64a	VALIDE	Prime IK
ref	084a804d	651589	The Juicy Jules	marche	les deux verites concordent	acd1cff4	SOUS_RESERVE	x K i R i l L x
ref	084a804d	653091	Naija Nightmare	marche	les deux verites concordent	0bece71e	VALIDE	xAssazzinx23x
ref	084a804d	661036	John Wick7648	marche	les deux verites concordent	0000b29c	SOUS_RESERVE	EvilestSand791
ref	084a804d	664072	FRONTLINE242494	marche	les deux verites concordent	0000b29c	SOUS_RESERVE	BLAZER5Parrish
ref	084a804d	665069	willson93	marche	les deux verites concordent	0bece71e	VALIDE	AX3L SANT1
ref	084a804d	669377	BLAZER5Parrish	marche	les deux verites concordent	2ff92041	VALIDE	EvilestSand791
ref	084a804d	671342	TOKY SAN8781	marche	les deux verites concordent	f712c64a	VALIDE	Prime IK
ref	084a804d	671547	EvilestSand791	marche	les deux verites concordent	0000b29c	SOUS_RESERVE	SimpleJack2008
ref	084a804d	672551	DavidGoggin8369	marche	les deux verites concordent	f712c64a	VALIDE	Prime IK
ref	084a804d	675054	Naija Nightmare	marche	les deux verites concordent	0bece71e	VALIDE	xAssazzinx23x
ref	084a804d	677215	China6777	marche	les deux verites concordent	003ce738	SOUS_RESERVE	GamingDragon27
ref	084a804d	682760	AX3L SANT1	scan	les deux verites concordent	19bd6810	VALIDE	xAssazzinx23x
ref	084a804d	686825	John Wick7648	marche	les deux verites concordent	0bece71e	VALIDE	xAssazzinx23x
ref	084a804d	691469	BLAZER5Parrish	marche	les deux verites concordent	0bece71e	VALIDE	xAssazzinx23x
ref	084a804d	691566	Madina97294	marche	les deux verites concordent	daa03c35	VALIDE	GamingDragon27
ref	084a804d	694137	Prime IK	marche	les deux verites concordent	0000b29c	SOUS_RESERVE	The Juicy Jules
ref	084a804d	694732	AX3L SANT1	marche	les deux verites concordent	0bece71e	VALIDE	xAssazzinx23x
ref	084a804d	696667	China6777	marche	les deux verites concordent	0bece71e	VALIDE	xAssazzinx23x
ref	084a804d	699203	xAssazzinx23x	marche	les deux verites concordent	130c4b61	SOUS_RESERVE	LordSiBaSiBa
ref	084a804d	702444	Naija Nightmare	marche	les deux verites concordent	0000b29c	SOUS_RESERVE	DavidGoggin8369
ref	084a804d	712259	Prime IK	scan	les deux verites concordent	00426796	VALIDE	xB3N M4Rt1Nx
ref	084a804d	712688	SimpleJack2008	scan	les deux verites concordent	0000b29c	SOUS_RESERVE	RapidTundra
ref	084a804d	713154	TOKY SAN8781	scan	les deux verites concordent	0000b29c	SOUS_RESERVE	Madina97294
ref	084a804d	715860	Dr Wafflcopter	scan	les deux verites concordent	da3b5ba4	VALIDE	BLAZER5Parrish
ref	084a804d	716190	John Wick7648	scan	les deux verites concordent	0000b238	SOUS_RESERVE	FusedCabbage283
ref	084a804d	716590	EvilestSand791	scan	les deux verites concordent	0000b29c	SOUS_RESERVE	Madina97294
ref	084a804d	720725	xB3N M4Rt1Nx	marche	les deux verites concordent	59255106	VALIDE	AX3L SANT1
ref	084a804d	721803	FRONTLINE242494	marche	les deux verites concordent	0000005f	INCONNU	Lionforce117
ref	084a804d	724098	Madina97294	scan	les deux verites concordent	2ff92041	VALIDE	FusedCabbage283
ref	084a804d	724099	FusedCabbage283	scan	les deux verites concordent	2ff92041	VALIDE	Madina97294
ref	084a804d	728336	The Juicy Jules	scan	les deux verites concordent	0000b29c	SOUS_RESERVE	Lionforce117
ref	084a804d	739848	DavidGoggin8369	scan	les deux verites concordent	0000b29c	SOUS_RESERVE	AX3L SANT1
ref	084a804d	740585	TOKY SAN8781	scan	les deux verites concordent	eea85c26	SOUS_RESERVE	x K i R i l L x
ref	084a804d	740782	Prime IK	marche	les deux verites concordent	0000005f	INCONNU	GamingDragon27
ref	084a804d	743084	RapidTundra	marche	les deux verites concordent	0000b29c	SOUS_RESERVE	BLAZER5Parrish
ref	084a804d	743484	x K i R i l L x	marche	les deux verites concordent	0000b29c	SOUS_RESERVE	EvilestSand791
ref	084a804d	746587	Dr Wafflcopter	marche	les deux verites concordent	0000b238	SOUS_RESERVE	AX3L SANT1
ref	084a804d	756098	EvilestSand791	marche	les deux verites concordent	daa03c35	VALIDE	BLAZER5Parrish
ref	084a804d	759871	xB3N M4Rt1Nx	marche	les deux verites concordent	f712c64a	VALIDE	Naija Nightmare
ref	084a804d	760268	AX3L SANT1	scan	les deux verites concordent	1f11df6b	SOUS_RESERVE	The Juicy Jules
ref	084a804d	760598	Madina97294	marche	les deux verites concordent	5a4450e4	VALIDE	FusedCabbage283
ref	084a804d	762136	FusedCabbage283	marche	les deux verites concordent	0000b29c	SOUS_RESERVE	LordSiBaSiBa
ref	084a804d	763338	BLAZER5Parrish	marche	les deux verites concordent	0000b29c	SOUS_RESERVE	xAssazzinx23x
ref	084a804d	764005	Lionforce117	marche	les deux verites concordent	fa4fad21	VALIDE	GamingDragon27
ref	084a804d	766512	China6777	marche	les deux verites concordent	0000b29c	SOUS_RESERVE	The Juicy Jules
ref	084a804d	777024	RapidTundra	marche	les deux verites concordent	0000b29c	SOUS_RESERVE	Naija Nightmare
ref	084a804d	781127	John Wick7648	marche	les deux verites concordent	0000b29c	SOUS_RESERVE	The Juicy Jules
ref	084a804d	781193	Prime IK	marche	les deux verites concordent	0ff7b934	SOUS_RESERVE	Dr Wafflcopter
ref	084a804d	781462	GamingDragon27	marche	les deux verites concordent	eea85c26	SOUS_RESERVE	John Wick7648
ref	084a804d	783657	DavidGoggin8369	marche	les deux verites concordent	130c4b61	SOUS_RESERVE	LordSiBaSiBa
ref	084a804d	786697	LordSiBaSiBa	marche	les deux verites concordent	daa03c35	VALIDE	Dr Wafflcopter
ref	084a804d	789700	x K i R i l L x	marche	les deux verites concordent	130c4b61	SOUS_RESERVE	The Juicy Jules
ref	084a804d	794872	The Juicy Jules	scan	les deux verites concordent	0000b29c	SOUS_RESERVE	Madina97294
ref	084a804d	798576	Naija Nightmare	marche	les deux verites concordent	0000b29c	SOUS_RESERVE	EvilestSand791
ref	084a804d	802113	AX3L SANT1	marche	les deux verites concordent	daa03c35	VALIDE	xAssazzinx23x
ref	084a804d	804618	xB3N M4Rt1Nx	marche	les deux verites concordent	130c4b61	SOUS_RESERVE	BLAZER5Parrish
ref	084a804d	805652	TOKY SAN8781	marche	source appartenant a la victime	00403594	VALIDE	SimpleJack2008
ref	084a804d	807685	Lionforce117	marche	les deux verites concordent	0000b29c	SOUS_RESERVE	Dr Wafflcopter
ref	084a804d	810688	Dr Wafflcopter	marche	les deux verites concordent	0000b29c	SOUS_RESERVE	Prime IK
ref	084a804d	813221	Prime IK	marche	les deux verites concordent	acd1cff4	SOUS_RESERVE	FusedCabbage283
ref	084a804d	816524	xAssazzinx23x	marche	les deux verites concordent	15cdba9d	VALIDE	x K i R i l L x
ref	084a804d	819263	Madina97294	scan	les deux verites concordent	f3c1f9a8	SOUS_RESERVE	DavidGoggin8369
ref	084a804d	819430	FusedCabbage283	marche	les deux verites concordent	130c4b61	SOUS_RESERVE	BLAZER5Parrish
ref	084a804d	832043	John Wick7648	marche	les deux verites concordent	0000b29c	SOUS_RESERVE	The Juicy Jules
ref	084a804d	834012	GamingDragon27	marche	les deux verites concordent	0000b29c	SOUS_RESERVE	Prime IK
ref	084a804d	838686	Naija Nightmare	marche	les deux verites concordent	f712c64a	VALIDE	xAssazzinx23x
ref	084a804d	839150	EvilestSand791	marche	les deux verites concordent	0000b238	SOUS_RESERVE	x K i R i l L x
ref	084a804d	842553	LordSiBaSiBa	marche	les deux verites concordent	0000b29c	SOUS_RESERVE	The Juicy Jules
ref	084a804d	844689	China6777	marche	les deux verites concordent	0000b238	SOUS_RESERVE	Dr Wafflcopter
ref	084a804d	853998	x K i R i l L x	marche	les deux verites concordent	0000b29c	SOUS_RESERVE	DavidGoggin8369
ref	084a804d	855363	RapidTundra	marche	les deux verites concordent	acd1cff4	SOUS_RESERVE	BLAZER5Parrish
ref	084a804d	859270	Madina97294	marche	les deux verites concordent	0000b29c	SOUS_RESERVE	xAssazzinx23x
ref	084a804d	867879	EvilestSand791	scan	les deux verites concordent	daa03c35	VALIDE	John Wick7648
ref	084a804d	868076	Naija Nightmare	marche	les deux verites concordent	f712c64a	VALIDE	xB3N M4Rt1Nx
ref	084a804d	868082	BLAZER5Parrish	marche	les deux verites concordent	daa03c35	VALIDE	DavidGoggin8369
ref	084a804d	868414	The Juicy Jules	marche	les deux verites concordent	59255106	VALIDE	LordSiBaSiBa
ref	084a804d	871549	Prime IK	marche	les deux verites concordent	0000b29c	SOUS_RESERVE	xAssazzinx23x
ref	084a804d	876524	RapidTundra	scan	les deux verites concordent	acd1cff4	SOUS_RESERVE	SimpleJack2008
ref	084a804d	883799	AX3L SANT1	marche	les deux verites concordent	0000b29c	SOUS_RESERVE	Dr Wafflcopter
ref	084a804d	889202	sneaky lizard99	scan	les deux verites concordent	0ff7b934	SOUS_RESERVE	xAssazzinx23x
ref	084a804d	894636	China6777	marche	les deux verites concordent	53b1e6c5	VALIDE	GamingDragon27
ref	084a804d	896638	Madina97294	marche	les deux verites concordent	53b1e6c5	VALIDE	GamingDragon27
ref	084a804d	900845	Naija Nightmare	marche	les deux verites concordent	0000b29c	SOUS_RESERVE	Dr Wafflcopter
ref	084a804d	901480	TOKY SAN8781	marche	les deux verites concordent	0000b238	SOUS_RESERVE	LordSiBaSiBa
ref	084a804d	903217	EvilestSand791	marche	les deux verites concordent	13ff7bdf	SOUS_RESERVE	x K i R i l L x
ref	084a804d	911924	DavidGoggin8369	marche	les deux verites concordent	7d012346	SOUS_RESERVE	Lionforce117
ref	084a804d	911987	LordSiBaSiBa	marche	les deux verites concordent	a21bf18a	VALIDE	GamingDragon27
ref	084a804d	914993	x K i R i l L x	marche	les deux verites concordent	0000b29c	SOUS_RESERVE	The Juicy Jules
ref	084a804d	923435	BLAZER5Parrish	marche	les deux verites concordent	0000005f	INCONNU	GamingDragon27
ref	084a804d	924202	Madina97294	marche	les deux verites concordent	0000b29c	SOUS_RESERVE	xAssazzinx23x
ref	084a804d	925770	John Wick7648	marche	les deux verites concordent	0000005f	INCONNU	GamingDragon27
ref	084a804d	930576	SimpleJack2008	marche	les deux verites concordent	0000b29c	SOUS_RESERVE	xAssazzinx23x
ref	084a804d	932110	Dr Wafflcopter	marche	les deux verites concordent	7d012346	SOUS_RESERVE	Lionforce117
ref	084a804d	937582	TOKY SAN8781	marche	les deux verites concordent	0000b29c	SOUS_RESERVE	Naija Nightmare
ref	084a804d	942924	China6777	scan	les deux verites concordent	e9941862	SOUS_RESERVE	FusedCabbage283
ref	084a804d	946361	xAssazzinx23x	marche	les deux verites concordent	da3b5ba4	VALIDE	LordSiBaSiBa
ref	084a804d	947322	AX3L SANT1	marche	les deux verites concordent	acd1cff4	SOUS_RESERVE	FusedCabbage283
ref	084a804d	947458	RapidTundra	marche	les deux verites concordent	0000b29c	SOUS_RESERVE	Madina97294
ref	084a804d	950432	Prime IK	marche	les deux verites concordent	53b1e6c5	VALIDE	GamingDragon27
ref	084a804d	954800	Naija Nightmare	marche	les deux verites concordent	15cdba9d	VALIDE	FRONTLINE242494
ref	084a804d	958974	sneaky lizard99	marche	les deux verites concordent	fa4fad21	VALIDE	GamingDragon27
ref	084a804d	960538	John Wick7648	marche	les deux verites concordent	0000005f	INCONNU	xB3N M4Rt1Nx
ref	084a804d	960706	The Juicy Jules	marche	les deux verites concordent	7d012346	SOUS_RESERVE	x K i R i l L x
ref	084a804d	965311	xB3N M4Rt1Nx	marche	les deux verites concordent	7d012346	SOUS_RESERVE	x K i R i l L x
ref	084a804d	974890	GamingDragon27	marche	les deux verites concordent	366522a6	VALIDE	SimpleJack2008
ref	084a804d	975955	EvilestSand791	marche	les deux verites concordent	0000b238	SOUS_RESERVE	Madina97294
ref	084a804d	979160	Lionforce117	marche	les deux verites concordent	ab06203c	VALIDE	xAssazzinx23x
ref	084a804d	982290	John Wick7648	marche	les deux verites concordent	ab06203c	VALIDE	xAssazzinx23x
ref	084a804d	984129	RapidTundra	marche	les deux verites concordent	0000b238	SOUS_RESERVE	AX3L SANT1
ref	084a804d	984599	xAssazzinx23x	marche	les deux verites concordent	e9941862	SOUS_RESERVE	SimpleJack2008
ref	084a804d	989005	BLAZER5Parrish	marche	les deux verites concordent	0bece71e	VALIDE	Dr Wafflcopter
ref	084a804d	990507	Madina97294	marche	les deux verites concordent	acd1cff4	SOUS_RESERVE	FusedCabbage283
ref	084a804d	995841	sneaky lizard99	marche	les deux verites concordent	0000b29c	SOUS_RESERVE	FRONTLINE242494
ref	084a804d	1004217	TOKY SAN8781	marche	les deux verites concordent	038ad14c	SOUS_RESERVE	LordSiBaSiBa
ref	084a804d	1008054	Dr Wafflcopter	marche	les deux verites concordent	7d012346	SOUS_RESERVE	x K i R i l L x
ref	084a804d	1011887	EvilestSand791	marche	les deux verites concordent	e9941862	SOUS_RESERVE	SimpleJack2008
ref	084a804d	1016095	x K i R i l L x	marche	les deux verites concordent	038ad14c	SOUS_RESERVE	xAssazzinx23x
ref	084a804d	1017058	Madina97294	marche	les deux verites concordent	00426796	VALIDE	xB3N M4Rt1Nx
ref	084a804d	1018900	AX3L SANT1	marche	les deux verites concordent	acd1cff4	SOUS_RESERVE	FusedCabbage283
ref	084a804d	1020670	FusedCabbage283	marche	les deux verites concordent	7d012346	SOUS_RESERVE	LordSiBaSiBa
ref	084a804d	1021738	John Wick7648	marche	les deux verites concordent	0bece71e	VALIDE	The Juicy Jules
ref	084a804d	1022163	China6777	marche	les deux verites concordent	7d012346	SOUS_RESERVE	xAssazzinx23x
ref	084a804d	1023602	FRONTLINE242494	marche	les deux verites concordent	0000b29c	SOUS_RESERVE	Naija Nightmare
ref	084a804d	1023868	BLAZER5Parrish	marche	les deux verites concordent	003f582d	VALIDE	GamingDragon27
ref	084a804d	1026767	SimpleJack2008	marche	les deux verites concordent	7d012346	SOUS_RESERVE	xAssazzinx23x
ref	084a804d	1029011	xB3N M4Rt1Nx	marche	les deux verites concordent	00426796	VALIDE	sneaky lizard99
ref	084a804d	1030041	sneaky lizard99	marche	les deux verites concordent	daa03c35	VALIDE	GamingDragon27
ref	084a804d	1031543	Prime IK	marche	les deux verites concordent	0000b29c	SOUS_RESERVE	RapidTundra
ref	084a804d	1031576	GamingDragon27	marche	les deux verites concordent	0000b29c	SOUS_RESERVE	x K i R i l L x
ref	084a804d	1034947	LordSiBaSiBa	scan	les deux verites concordent	0000b29c	SOUS_RESERVE	RapidTundra
ref	084a804d	1039353	RapidTundra	marche	les deux verites concordent	0000b238	SOUS_RESERVE	Naija Nightmare
ref	084a804d	1043387	DavidGoggin8369	scan	les deux verites concordent	59255106	VALIDE	John Wick7648
ref	084a804d	1045489	China6777	marche	les deux verites concordent	f81f1a01	SOUS_RESERVE	xAssazzinx23x
ref	084a804d	1049461	Lionforce117	marche	les deux verites concordent	0bece71e	VALIDE	The Juicy Jules
ref	084a804d	1051566	TOKY SAN8781	marche	les deux verites concordent	0000b29c	SOUS_RESERVE	John Wick7648
ref	084a804d	1053171	Prime IK	scan	les deux verites concordent	f81f1a01	SOUS_RESERVE	xAssazzinx23x
ref	084a804d	1056609	EvilestSand791	marche	les deux verites concordent	0000005f	INCONNU	BLAZER5Parrish
ref	084a804d	1058372	John Wick7648	marche	les deux verites concordent	f81f1a01	SOUS_RESERVE	xAssazzinx23x
ref	084a804d	1060174	Dr Wafflcopter	marche	les deux verites concordent	0000b238	SOUS_RESERVE	Naija Nightmare
ref	084a804d	1063777	xAssazzinx23x	marche	les deux verites concordent	0000b29c	SOUS_RESERVE	x K i R i l L x
ref	084a804d	1067481	FusedCabbage283	marche	les deux verites concordent	0000b29c	SOUS_RESERVE	Naija Nightmare
ref	084a804d	1069847	x K i R i l L x	marche	les deux verites concordent	0bece71e	VALIDE	The Juicy Jules
ref	111fa685	89437	LuckierWolf2133	marche	les deux verites concordent	e9941862	SOUS_RESERVE	Clawed624
ref	111fa685	92837	LotusGrahamB	marche	les deux verites concordent	da3b5ba4	VALIDE	Malafama517
ref	111fa685	93073	Malafama517	marche	les deux verites concordent	7654f890	SOUS_RESERVE	RullandeAska
ref	111fa685	93407	Wolfspirit4376	marche	les deux verites concordent	7654f890	SOUS_RESERVE	PepeLePewPew216
ref	111fa685	99412	Csicronos9116	marche	les deux verites concordent	daa03c35	VALIDE	Ix Lutvi xI
ref	111fa685	101078	RullandeAska	marche	les deux verites concordent	ab06203c	VALIDE	DaintierCanoe61
ref	111fa685	102919	FlexedJam542233	marche	les deux verites concordent	bb1a095b	SOUS_RESERVE	kyle the miner7
ref	111fa685	104751	Fireleg29	marche	les deux verites concordent	7ff0849c	SOUS_RESERVE	NIKIVANMO1012
ref	111fa685	108189	SparedRaptor	marche	les deux verites concordent	ab06203c	VALIDE	DaintierCanoe61
ref	111fa685	109954	Malafama517	marche	les deux verites concordent	d468178e	SOUS_RESERVE	AromaticSugar50
ref	111fa685	112323	kyle the miner7	marche	les deux verites concordent	ec919da5	SOUS_RESERVE	PepeLePewPew216
ref	111fa685	113126	PepeLePewPew216	marche	les deux verites concordent	ab06203c	VALIDE	DaintierCanoe61
ref	111fa685	118061	LuckierWolf2133	marche	les deux verites concordent	d468178e	SOUS_RESERVE	AromaticSugar50
ref	111fa685	118564	AromaticSugar50	marche	les deux verites concordent	8b1f83ee	SOUS_RESERVE	Klu6Paradise
ref	111fa685	124570	Wolfspirit4376	marche	les deux verites concordent	daa03c35	VALIDE	Clawed624
ref	111fa685	125139	RullandeAska	marche	les deux verites concordent	35e75533	SOUS_RESERVE	Csicronos9116
ref	111fa685	125975	NIKIVANMO1012	marche	les deux verites concordent	8add9998	SOUS_RESERVE	Madina97294
ref	111fa685	131547	X44 YetiSav	marche	les deux verites concordent	d468178e	SOUS_RESERVE	Clawed624
ref	111fa685	133981	Csicronos9116	marche	les deux verites concordent	daa03c35	VALIDE	PepeLePewPew216
ref	111fa685	135952	Madina97294	marche	les deux verites concordent	8add9998	SOUS_RESERVE	kyle the miner7
ref	111fa685	138054	SparedRaptor	marche	les deux verites concordent	e1f38ea2	SOUS_RESERVE	Malafama517
ref	111fa685	140420	F Bondurant	marche	les deux verites concordent	daa03c35	VALIDE	Clawed624
ref	111fa685	141593	Clawed624	marche	les deux verites concordent	8b1f83ee	SOUS_RESERVE	Klu6Paradise
ref	111fa685	141653	EvilBunny6234	marche	les deux verites concordent	a0a6ed31	VALIDE	DaintierCanoe61
ref	111fa685	157741	RullandeAska	marche	les deux verites concordent	8add9998	SOUS_RESERVE	kyle the miner7
ref	111fa685	157938	LuckierWolf2133	marche	les deux verites concordent	bb1a095b	SOUS_RESERVE	AromaticSugar50
ref	111fa685	159041	PepeLePewPew216	marche	les deux verites concordent	d468178e	SOUS_RESERVE	NIKIVANMO1012
ref	111fa685	159671	Fireleg29	marche	les deux verites concordent	d468178e	SOUS_RESERVE	NIKIVANMO1012
ref	111fa685	161344	LotusGrahamB	marche	les deux verites concordent	ab06203c	VALIDE	DaintierCanoe61
ref	111fa685	162709	NIKIVANMO1012	marche	les deux verites concordent	daa03c35	VALIDE	SparedRaptor
ref	111fa685	163977	Klu6Paradise	marche	les deux verites concordent	7ff0849c	SOUS_RESERVE	Madina97294
ref	111fa685	166848	FlexedJam542233	marche	les deux verites concordent	ab06203c	VALIDE	DaintierCanoe61
ref	111fa685	171419	X44 YetiSav	marche	les deux verites concordent	7ff0849c	SOUS_RESERVE	Madina97294
ref	111fa685	174621	SparedRaptor	scan	les deux verites concordent	8add9998	SOUS_RESERVE	Csicronos9116
ref	111fa685	177888	kyle the miner7	marche	les deux verites concordent	d468178e	SOUS_RESERVE	AromaticSugar50
ref	111fa685	179028	AromaticSugar50	marche	les deux verites concordent	0000d57f	SOUS_RESERVE	Klu6Paradise
ref	111fa685	179190	Wolfspirit4376	marche	les deux verites concordent	d468178e	SOUS_RESERVE	AromaticSugar50
ref	111fa685	179192	LuckierWolf2133	scan	les deux verites concordent	d468178e	SOUS_RESERVE	AromaticSugar50
ref	111fa685	183331	LotusGrahamB	marche	les deux verites concordent	e1f38ea2	SOUS_RESERVE	JoooZzzeAavalos
ref	111fa685	189333	RullandeAska	marche	les deux verites concordent	8add9998	SOUS_RESERVE	Csicronos9116
ref	111fa685	191735	EvilBunny6234	marche	les deux verites concordent	e1f38ea2	SOUS_RESERVE	JoooZzzeAavalos
ref	111fa685	193809	Madina97294	marche	les deux verites concordent	d468178e	SOUS_RESERVE	Klu6Paradise
ref	111fa685	196110	JoooZzzeAavalos	marche	les deux verites concordent	d468178e	SOUS_RESERVE	Clawed624
ref	111fa685	199279	Klu6Paradise	marche	les deux verites concordent	59255106	VALIDE	AromaticSugar50
ref	111fa685	200016	DaintierCanoe61	marche	les deux verites concordent	e9941862	SOUS_RESERVE	Fireleg29
ref	111fa685	204254	AromaticSugar50	marche	les deux verites concordent	e1f38ea2	SOUS_RESERVE	kyle the miner7
ref	111fa685	205419	NIKIVANMO1012	marche	les deux verites concordent	2ff92041	VALIDE	Clawed624
ref	111fa685	205421	Clawed624	marche	les deux verites concordent	2ff92041	VALIDE	NIKIVANMO1012
ref	111fa685	206952	Csicronos9116	marche	les deux verites concordent	e1f38ea2	SOUS_RESERVE	PepeLePewPew216
ref	111fa685	208289	Malafama517	marche	les deux verites concordent	698aacdb	SOUS_RESERVE	FlexedJam542233
ref	111fa685	210826	FlexedJam542233	marche	les deux verites concordent	e1f38ea2	SOUS_RESERVE	kyle the miner7
ref	111fa685	211763	X44 YetiSav	marche	les deux verites concordent	8b1f83ee	SOUS_RESERVE	Madina97294
ref	111fa685	216596	Sree baby	marche	les deux verites concordent	bb1a095b	SOUS_RESERVE	Madina97294
ref	111fa685	221836	Madina97294	marche	les deux verites concordent	1f11df6b	SOUS_RESERVE	NIKIVANMO1012
ref	111fa685	222336	kyle the miner7	marche	les deux verites concordent	bb1a095b	SOUS_RESERVE	Ix Lutvi xI
ref	111fa685	228909	SparedRaptor	marche	les deux verites concordent	ef5d9e6c	SOUS_RESERVE	DaintierCanoe61
ref	111fa685	232783	Malafama517	scan	les deux verites concordent	130c4b61	SOUS_RESERVE	AromaticSugar50
ref	111fa685	235349	RullandeAska	marche	les deux verites concordent	ef5d9e6c	SOUS_RESERVE	Wolfspirit4376
ref	111fa685	236448	LotusGrahamB	marche	les deux verites concordent	6a761168	SOUS_RESERVE	JoooZzzeAavalos
ref	111fa685	240184	PepeLePewPew216	marche	les deux verites concordent	e1f38ea2	SOUS_RESERVE	DaintierCanoe61
ref	111fa685	250797	SparedRaptor	marche	les deux verites concordent	daa03c35	VALIDE	DaintierCanoe61
ref	111fa685	253236	Klu6Paradise	marche	les deux verites concordent	e1f38ea2	SOUS_RESERVE	Fireleg29
ref	111fa685	254899	FlexedJam542233	marche	les deux verites concordent	7e6a7461	SOUS_RESERVE	Klu6Paradise
ref	111fa685	254906	Madina97294	marche	les deux verites concordent	ef5d9e6c	SOUS_RESERVE	Wolfspirit4376
ref	111fa685	255102	X44 YetiSav	marche	les deux verites concordent	7654f890	SOUS_RESERVE	Ix Lutvi xI
ref	111fa685	257802	Wolfspirit4376	marche	les deux verites concordent	0000d57f	SOUS_RESERVE	Fireleg29
ref	111fa685	259804	Clawed624	marche	les deux verites concordent	e9941862	SOUS_RESERVE	JoooZzzeAavalos
ref	111fa685	260605	Ix Lutvi xI	marche	les deux verites concordent	130c4b61	SOUS_RESERVE	kyle the miner7
ref	111fa685	260710	LotusGrahamB	marche	les deux verites concordent	d468178e	SOUS_RESERVE	DaintierCanoe61
ref	111fa685	261876	EvilBunny6234	marche	les deux verites concordent	daa03c35	VALIDE	Sree baby
ref	111fa685	262307	Csicronos9116	marche	les deux verites concordent	130c4b61	SOUS_RESERVE	AromaticSugar50
ref	111fa685	262776	LuckierWolf2133	scan	les deux verites concordent	1f11df6b	SOUS_RESERVE	RullandeAska
ref	111fa685	263912	Sree baby	marche	les deux verites concordent	7e6a7461	SOUS_RESERVE	EvilBunny6234
ref	111fa685	265313	Fireleg29	marche	les deux verites concordent	d468178e	SOUS_RESERVE	DaintierCanoe61
ref	111fa685	268817	RullandeAska	marche	les deux verites concordent	d468178e	SOUS_RESERVE	DaintierCanoe61
ref	111fa685	269650	PepeLePewPew216	marche	les deux verites concordent	8add9998	SOUS_RESERVE	kyle the miner7
ref	111fa685	274923	FlexedJam542233	marche	les deux verites concordent	0000b29c	SOUS_RESERVE	X44 YetiSav
ref	111fa685	279396	Klu6Paradise	marche	les deux verites concordent	e1f38ea2	SOUS_RESERVE	Madina97294
ref	111fa685	280826	Madina97294	marche	les deux verites concordent	130c4b61	SOUS_RESERVE	kyle the miner7
ref	111fa685	286800	EvilBunny6234	marche	les deux verites concordent	daa03c35	VALIDE	kyle the miner7
ref	111fa685	289304	SparedRaptor	marche	les deux verites concordent	e1f38ea2	SOUS_RESERVE	NIKIVANMO1012
ref	111fa685	293738	F Bondurant	marche	les deux verites concordent	d468178e	SOUS_RESERVE	PepeLePewPew216
ref	111fa685	293808	LotusGrahamB	marche	les deux verites concordent	ef5d9e6c	SOUS_RESERVE	DaintierCanoe61
ref	111fa685	300682	Ix Lutvi xI	marche	les deux verites concordent	ef5d9e6c	SOUS_RESERVE	DaintierCanoe61
ref	111fa685	303251	kyle the miner7	marche	les deux verites concordent	7ff0849c	SOUS_RESERVE	RullandeAska
ref	111fa685	303818	Clawed624	marche	les deux verites concordent	0000b29c	SOUS_RESERVE	X44 YetiSav
ref	111fa685	305755	Malafama517	marche	les deux verites concordent	5eaa815c	SOUS_RESERVE	AromaticSugar50
ref	111fa685	305853	FlexedJam542233	marche	les deux verites concordent	ef5d9e6c	SOUS_RESERVE	DaintierCanoe61
ref	111fa685	306585	Fireleg29	marche	les deux verites concordent	5eaa815c	SOUS_RESERVE	Klu6Paradise
ref	111fa685	312290	JoooZzzeAavalos	marche	les deux verites concordent	d7314bef	SOUS_RESERVE	AromaticSugar50
ref	111fa685	314629	RullandeAska	marche	les deux verites concordent	35e75533	SOUS_RESERVE	LuckierWolf2133
ref	111fa685	316430	Madina97294	marche	les deux verites concordent	ef5d9e6c	SOUS_RESERVE	DaintierCanoe61
ref	111fa685	317499	DaintierCanoe61	marche	les deux verites concordent	0000b29c	SOUS_RESERVE	AromaticSugar50
ref	111fa685	317996	Csicronos9116	marche	les deux verites concordent	59255106	VALIDE	SparedRaptor
ref	111fa685	320301	X44 YetiSav	marche	les deux verites concordent	0000b29c	SOUS_RESERVE	AromaticSugar50
ref	111fa685	321869	kyle the miner7	marche	les deux verites concordent	130c4b61	SOUS_RESERVE	Clawed624
ref	111fa685	322272	EvilBunny6234	marche	les deux verites concordent	5eaa815c	SOUS_RESERVE	Klu6Paradise
ref	111fa685	324676	AromaticSugar50	marche	les deux verites concordent	d468178e	SOUS_RESERVE	Malafama517
ref	111fa685	328407	Malafama517	marche	les deux verites concordent	130c4b61	SOUS_RESERVE	FlexedJam542233
ref	111fa685	331346	Fireleg29	marche	les deux verites concordent	2ff92041	VALIDE	F Bondurant
ref	111fa685	340456	Clawed624	marche	les deux verites concordent	7ff0849c	SOUS_RESERVE	LuckierWolf2133
ref	111fa685	347900	F Bondurant	marche	les deux verites concordent	7ff0849c	SOUS_RESERVE	Madina97294
ref	111fa685	350529	themaninblack42	marche	les deux verites concordent	59255106	VALIDE	Sree baby
ref	111fa685	351767	Madina97294	marche	les deux verites concordent	2ff92041	VALIDE	Wolfspirit4376
ref	111fa685	351864	RullandeAska	marche	les deux verites concordent	5eaa815c	SOUS_RESERVE	Klu6Paradise
ref	111fa685	356801	NIKIVANMO1012	scan	les deux verites concordent	130c4b61	SOUS_RESERVE	AromaticSugar50
ref	111fa685	360711	Malafama517	marche	les deux verites concordent	130c4b61	SOUS_RESERVE	AromaticSugar50
ref	111fa685	361673	JoooZzzeAavalos	marche	les deux verites concordent	e1f38ea2	SOUS_RESERVE	Ix Lutvi xI
ref	111fa685	366615	AromaticSugar50	marche	les deux verites concordent	ef5d9e6c	SOUS_RESERVE	kyle the miner7
ref	111fa685	366882	SparedRaptor	marche	les deux verites concordent	0000b238	SOUS_RESERVE	Sree baby
ref	111fa685	369483	Madina97294	scan	les deux verites concordent	ef5d9e6c	SOUS_RESERVE	kyle the miner7
ref	111fa685	373685	kyle the miner7	marche	les deux verites concordent	d468178e	SOUS_RESERVE	Clawed624
ref	111fa685	375859	F Bondurant	marche	les deux verites concordent	130c4b61	SOUS_RESERVE	RullandeAska
ref	111fa685	376157	NIKIVANMO1012	scan	les deux verites concordent	13ff7bdf	SOUS_RESERVE	themaninblack42
ref	111fa685	380763	Clawed624	marche	les deux verites concordent	7ff0849c	SOUS_RESERVE	LuckierWolf2133
ref	111fa685	382564	SparedRaptor	marche	les deux verites concordent	ef5d9e6c	SOUS_RESERVE	Malafama517
ref	111fa685	383164	themaninblack42	marche	les deux verites concordent	698aacdb	SOUS_RESERVE	Csicronos9116
ref	111fa685	389906	Sree baby	marche	les deux verites concordent	130c4b61	SOUS_RESERVE	RullandeAska
ref	111fa685	390203	Klu6Paradise	marche	les deux verites concordent	5eaa815c	SOUS_RESERVE	FlexedJam542233
ref	111fa685	393911	DaintierCanoe61	marche	les deux verites concordent	130c4b61	SOUS_RESERVE	RullandeAska
ref	111fa685	394044	Csicronos9116	marche	les deux verites concordent	7654f890	SOUS_RESERVE	AromaticSugar50
ref	111fa685	394406	Wolfspirit4376	marche	les deux verites concordent	e9941862	SOUS_RESERVE	PepeLePewPew216
ref	111fa685	399784	RullandeAska	marche	les deux verites concordent	ef5d9e6c	SOUS_RESERVE	Malafama517
ref	111fa685	400553	NIKIVANMO1012	marche	les deux verites concordent	003f582d	VALIDE	themaninblack42
ref	111fa685	402119	LuckierWolf2133	marche	les deux verites concordent	e1f38ea2	SOUS_RESERVE	Ix Lutvi xI
ref	111fa685	407924	F Bondurant	marche	les deux verites concordent	7654f890	SOUS_RESERVE	AromaticSugar50
ref	111fa685	412798	X44 YetiSav	marche	les deux verites concordent	7654f890	SOUS_RESERVE	AromaticSugar50
ref	111fa685	413325	kyle the miner7	marche	les deux verites concordent	00426796	VALIDE	FlexedJam542233
ref	111fa685	417433	themaninblack42	marche	les deux verites concordent	59255106	VALIDE	Klu6Paradise
ref	111fa685	418297	RullandeAska	scan	les deux verites concordent	59255106	VALIDE	Klu6Paradise
ref	111fa685	418334	Wolfspirit4376	marche	les deux verites concordent	7654f890	SOUS_RESERVE	AromaticSugar50
ref	111fa685	420202	Madina97294	marche	les deux verites concordent	ef5d9e6c	SOUS_RESERVE	Malafama517
ref	111fa685	423171	Csicronos9116	marche	les deux verites concordent	7ff0849c	SOUS_RESERVE	EvilBunny6234
ref	111fa685	430479	AromaticSugar50	marche	les deux verites concordent	038ad14c	SOUS_RESERVE	Sree baby
ref	111fa685	430876	FlexedJam542233	marche	les deux verites concordent	d468178e	SOUS_RESERVE	JoooZzzeAavalos
ref	111fa685	436118	Malafama517	marche	les deux verites concordent	038ad14c	SOUS_RESERVE	Clawed624
ref	111fa685	440123	kyle the miner7	marche	les deux verites concordent	d468178e	SOUS_RESERVE	RullandeAska
ref	111fa685	441690	PepeLePewPew216	marche	les deux verites concordent	ef5d9e6c	SOUS_RESERVE	DaintierCanoe61
ref	111fa685	446796	Sree baby	marche	les deux verites concordent	daa03c35	VALIDE	Madina97294
ref	111fa685	447065	LuckierWolf2133	marche	les deux verites concordent	d468178e	SOUS_RESERVE	RullandeAska
ref	111fa685	448066	EvilBunny6234	marche	les deux verites concordent	cf2285af	SOUS_RESERVE	Wolfspirit4376
ref	111fa685	448097	Fireleg29	marche	les deux verites concordent	0000b238	SOUS_RESERVE	Klu6Paradise
ref	111fa685	450763	NIKIVANMO1012	marche	les deux verites concordent	0000d57f	SOUS_RESERVE	SparedRaptor
ref	111fa685	451233	Klu6Paradise	marche	les deux verites concordent	8b1f83ee	SOUS_RESERVE	FlexedJam542233
ref	111fa685	455470	Madina97294	marche	les deux verites concordent	62ea636f	SOUS_RESERVE	F Bondurant
ref	111fa685	463112	DaintierCanoe61	marche	les deux verites concordent	bb1a095b	SOUS_RESERVE	RullandeAska
ref	111fa685	466482	JoooZzzeAavalos	marche	les deux verites concordent	2ff92041	VALIDE	AromaticSugar50
ref	111fa685	466484	AromaticSugar50	marche	les deux verites concordent	daa03c35	VALIDE	JoooZzzeAavalos
ref	111fa685	470385	FlexedJam542233	marche	les deux verites concordent	2ff92041	VALIDE	F Bondurant
ref	111fa685	471719	RullandeAska	marche	les deux verites concordent	7654f890	SOUS_RESERVE	Sree baby
ref	111fa685	476060	F Bondurant	marche	les deux verites concordent	5eaa815c	SOUS_RESERVE	themaninblack42
ref	111fa685	477964	NIKIVANMO1012	marche	les deux verites concordent	382cafaf	VALIDE	LotusGrahamB
ref	111fa685	479596	themaninblack42	marche	les deux verites concordent	daa03c35	VALIDE	kyle the miner7
ref	111fa685	481295	LuckierWolf2133	marche	les deux verites concordent	daa03c35	VALIDE	Madina97294
ref	111fa685	482497	SparedRaptor	marche	les deux verites concordent	daa03c35	VALIDE	kyle the miner7
ref	111fa685	483196	kyle the miner7	marche	les deux verites concordent	0000d627	VALIDE	SparedRaptor
ref	111fa685	483637	EvilBunny6234	marche	les deux verites concordent	d468178e	SOUS_RESERVE	X44 YetiSav
ref	111fa685	483642	LotusGrahamB	marche	les deux verites concordent	d468178e	SOUS_RESERVE	X44 YetiSav
ref	111fa685	484869	Wolfspirit4376	marche	les deux verites concordent	038ad14c	SOUS_RESERVE	Fireleg29
ref	111fa685	489502	AromaticSugar50	marche	les deux verites concordent	e1f38ea2	SOUS_RESERVE	Malafama517
ref	111fa685	496344	DaintierCanoe61	marche	les deux verites concordent	35e75533	SOUS_RESERVE	Madina97294
ref	111fa685	498647	RullandeAska	marche	les deux verites concordent	59255106	VALIDE	Sree baby
ref	111fa685	500153	Ix Lutvi xI	marche	les deux verites concordent	59255106	VALIDE	JoooZzzeAavalos
ref	111fa685	506488	Klu6Paradise	marche	les deux verites concordent	038ad14c	SOUS_RESERVE	Clawed624
ref	111fa685	506521	X44 YetiSav	marche	les deux verites concordent	35e75533	SOUS_RESERVE	Madina97294
ref	111fa685	507927	F Bondurant	marche	les deux verites concordent	59255106	VALIDE	PepeLePewPew216
ref	111fa685	516030	Malafama517	marche	les deux verites concordent	ef5d9e6c	SOUS_RESERVE	EvilBunny6234
ref	111fa685	517397	Csicronos9116	marche	les deux verites concordent	0000d57f	SOUS_RESERVE	themaninblack42
ref	111fa685	521269	Wolfspirit4376	marche	les deux verites concordent	ef5d9e6c	SOUS_RESERVE	Fireleg29
ref	111fa685	524072	Fireleg29	marche	les deux verites concordent	0000b238	SOUS_RESERVE	NIKIVANMO1012
ref	111fa685	525209	PepeLePewPew216	marche	les deux verites concordent	d468178e	SOUS_RESERVE	kyle the miner7
ref	111fa685	526875	Sree baby	marche	les deux verites concordent	038ad14c	SOUS_RESERVE	Clawed624
ref	111fa685	528009	Clawed624	marche	les deux verites concordent	f3c1f9a8	SOUS_RESERVE	Klu6Paradise
ref	111fa685	529675	Madina97294	scan	les deux verites concordent	0000d57f	SOUS_RESERVE	DaintierCanoe61
ref	111fa685	530278	FlexedJam542233	marche	les deux verites concordent	698aacdb	SOUS_RESERVE	JoooZzzeAavalos
ref	111fa685	534749	RullandeAska	marche	les deux verites concordent	f3c1f9a8	SOUS_RESERVE	Klu6Paradise
ref	111fa685	535819	SparedRaptor	marche	les deux verites concordent	5eaa815c	SOUS_RESERVE	DaintierCanoe61
ref	111fa685	535821	themaninblack42	marche	les deux verites concordent	d7314bef	SOUS_RESERVE	DaintierCanoe61
ref	111fa685	538317	LuckierWolf2133	marche	les deux verites concordent	d468178e	SOUS_RESERVE	AromaticSugar50
ref	111fa685	539018	AromaticSugar50	marche	les deux verites concordent	cf2285af	SOUS_RESERVE	kyle the miner7
ref	111fa685	541325	DaintierCanoe61	marche	les deux verites concordent	cf2285af	SOUS_RESERVE	PepeLePewPew216
ref	111fa685	545128	Ix Lutvi xI	marche	les deux verites concordent	d468178e	SOUS_RESERVE	kyle the miner7
ref	111fa685	545130	EvilBunny6234	marche	les deux verites concordent	d468178e	SOUS_RESERVE	kyle the miner7
ref	111fa685	546193	PepeLePewPew216	marche	les deux verites concordent	0000b238	SOUS_RESERVE	NIKIVANMO1012
ref	111fa685	548966	NIKIVANMO1012	marche	les deux verites concordent	e1f38ea2	SOUS_RESERVE	Madina97294
ref	111fa685	550465	kyle the miner7	marche	les deux verites concordent	1f11df6b	SOUS_RESERVE	FlexedJam542233
ref	111fa685	554035	Fireleg29	marche	les deux verites concordent	f3c1f9a8	SOUS_RESERVE	Klu6Paradise
ref	111fa685	560277	Csicronos9116	marche	les deux verites concordent	d468178e	SOUS_RESERVE	RullandeAska
ref	111fa685	560342	Sree baby	marche	les deux verites concordent	f3c1f9a8	SOUS_RESERVE	themaninblack42
ref	111fa685	560609	Madina97294	marche	les deux verites concordent	f3c1f9a8	SOUS_RESERVE	Klu6Paradise
ref	111fa685	566549	SparedRaptor	marche	les deux verites concordent	ef5d9e6c	SOUS_RESERVE	F Bondurant
ref	11de8353	119367	Jr Alan4358	marche	les deux verites concordent	d468178e	SOUS_RESERVE	FolkPluto704956
ref	11de8353	134854	The Chuggly 773	marche	les deux verites concordent	d468178e	SOUS_RESERVE	FolkPluto704956
ref	11de8353	138558	Madina97294	marche	les deux verites concordent	d468178e	SOUS_RESERVE	FolkPluto704956
ref	11de8353	140159	BreadCrum69	marche	les deux verites concordent	003ce738	SOUS_RESERVE	Sacharmsss
ref	11de8353	140222	FolkPluto704956	marche	les deux verites concordent	0d203522	VALIDE	El Fafa117
ref	11de8353	149568	FeastyOwl	marche	les deux verites concordent	038ad14c	SOUS_RESERVE	SilentxSerenade
ref	11de8353	150904	SilentxSerenade	marche	les deux verites concordent	7ff0849c	SOUS_RESERVE	Butt3rb0y8747
ref	11de8353	155073	D1bum8841	marche	les deux verites concordent	003ce738	SOUS_RESERVE	cejos
ref	11de8353	155443	Jr Alan4358	marche	les deux verites concordent	e1f38ea2	SOUS_RESERVE	Sneakierfour42
ref	11de8353	155811	LLoner554	marche	les deux verites concordent	13ff7bdf	SOUS_RESERVE	SonicBlast3359
ref	11de8353	159514	El Fafa117	marche	les deux verites concordent	2ff92041	VALIDE	NobleLuna19
ref	11de8353	163054	Madina97294	marche	les deux verites concordent	daa03c35	VALIDE	FolkPluto704956
ref	11de8353	165054	Sneakierfour42	marche	les deux verites concordent	0000d57f	SOUS_RESERVE	SharpByStriking
ref	11de8353	165088	SharpByStriking	scan	les deux verites concordent	f01d60e9	SOUS_RESERVE	nusuns
ref	11de8353	168492	The Chuggly 773	marche	les deux verites concordent	ef5d9e6c	SOUS_RESERVE	SonicBlast3359
ref	11de8353	169126	cejos	marche	les deux verites concordent	1f11df6b	SOUS_RESERVE	Arsenat3
ref	11de8353	180306	SeAnFaWn17	marche	les deux verites concordent	ef5d9e6c	SOUS_RESERVE	Sacharmsss
ref	11de8353	184544	Sacharmsss	marche	les deux verites concordent	130c4b61	SOUS_RESERVE	cejos
ref	11de8353	184845	Butt3rb0y8747	marche	les deux verites concordent	f01d60e9	SOUS_RESERVE	nusuns
ref	11de8353	185045	FeastyOwl	marche	les deux verites concordent	ef5d9e6c	SOUS_RESERVE	Arsenat3
ref	11de8353	188379	Arsenat3	marche	les deux verites concordent	130c4b61	SOUS_RESERVE	cejos
ref	11de8353	190250	CJOPS24	marche	les deux verites concordent	0000b238	SOUS_RESERVE	LLoner554
ref	11de8353	196489	LLoner554	marche	les deux verites concordent	daa03c35	VALIDE	SilentxSerenade
ref	11de8353	197390	D1bum8841	marche	les deux verites concordent	f3c1f9a8	SOUS_RESERVE	Splendrick
ref	11de8353	201795	ElBicho0707	marche	les deux verites concordent	35e75533	SOUS_RESERVE	El Fafa117
ref	11de8353	203530	FolkPluto704956	marche	les deux verites concordent	ef5d9e6c	SOUS_RESERVE	Splendrick
ref	11de8353	209669	BreadCrum69	marche	les deux verites concordent	0000005f	INCONNU	NobleLuna19
ref	11de8353	213673	QuanDuhDon7276	marche	les deux verites concordent	daa03c35	VALIDE	El Fafa117
ref	11de8353	214174	cejos	marche	les deux verites concordent	ef5d9e6c	SOUS_RESERVE	SonicBlast3359
ref	11de8353	217477	El Fafa117	marche	les deux verites concordent	166ba62b	SOUS_RESERVE	nusuns
ref	11de8353	220113	nusuns	marche	les deux verites concordent	daa03c35	VALIDE	SharpByStriking
ref	11de8353	222882	CJOPS24	marche	les deux verites concordent	ef5d9e6c	SOUS_RESERVE	Splendrick
ref	11de8353	227787	Butt3rb0y8747	marche	les deux verites concordent	8b1f83ee	SOUS_RESERVE	FolkPluto704956
ref	11de8353	231193	ElBicho0707	marche	les deux verites concordent	1f11df6b	SOUS_RESERVE	The Chuggly 773
ref	11de8353	231860	Sacharmsss	marche	les deux verites concordent	ef5d9e6c	SOUS_RESERVE	Splendrick
ref	11de8353	233996	SeAnFaWn17	marche	les deux verites concordent	557a2b6c	VALIDE	ElBicho0707
ref	11de8353	236197	SharpByStriking	marche	les deux verites concordent	35e75533	SOUS_RESERVE	Arsenat3
ref	11de8353	236697	BreadCrum69	marche	les deux verites concordent	ef5d9e6c	SOUS_RESERVE	SonicBlast3359
ref	11de8353	241341	Jr Alan4358	marche	les deux verites concordent	0000005f	INCONNU	Sneakierfour42
ref	11de8353	241766	Madina97294	marche	les deux verites concordent	00404748	VALIDE	Sneakierfour42
ref	11de8353	241800	FeastyOwl	marche	les deux verites concordent	3584ae71	SOUS_RESERVE	QuanDuhDon7276
ref	11de8353	242738	Sneakierfour42	marche	les deux verites concordent	2ff92041	VALIDE	El Fafa117
ref	11de8353	243468	cejos	marche	les deux verites concordent	0000d57f	SOUS_RESERVE	SilentxSerenade
ref	11de8353	253283	LLoner554	marche	les deux verites concordent	13eca53f	VALIDE	Arsenat3
ref	11de8353	254382	Sacharmsss	scan	les deux verites concordent	ef5d9e6c	SOUS_RESERVE	SharpByStriking
ref	11de8353	257184	Butt3rb0y8747	marche	les deux verites concordent	ef5d9e6c	SOUS_RESERVE	QuanDuhDon7276
ref	11de8353	258819	SharpByStriking	marche	les deux verites concordent	f01d60e9	SOUS_RESERVE	FolkPluto704956
ref	11de8353	260991	D1bum8841	marche	les deux verites concordent	0000005f	INCONNU	The Chuggly 773
ref	11de8353	263323	SeAnFaWn17	marche	les deux verites concordent	ef5d9e6c	SOUS_RESERVE	SonicBlast3359
ref	11de8353	263957	SonicBlast3359	marche	les deux verites concordent	7654f890	SOUS_RESERVE	BreadCrum69
ref	11de8353	265156	FeastyOwl	marche	les deux verites concordent	13eca53f	VALIDE	Arsenat3
ref	11de8353	266328	FolkPluto704956	marche	les deux verites concordent	7654f890	SOUS_RESERVE	BreadCrum69
ref	11de8353	267858	BreadCrum69	marche	les deux verites concordent	0000d57f	SOUS_RESERVE	ElBicho0707
ref	11de8353	274000	ElBicho0707	marche	les deux verites concordent	2ff92041	VALIDE	El Fafa117
ref	11de8353	284883	El Fafa117	marche	les deux verites concordent	bb1a095b	SOUS_RESERVE	Arsenat3
ref	11de8353	288822	Madina97294	marche	les deux verites concordent	ef5d9e6c	SOUS_RESERVE	Sacharmsss
ref	11de8353	288917	Butt3rb0y8747	marche	les deux verites concordent	deffdc6b	VALIDE	QuanDuhDon7276
ref	11de8353	291319	Jr Alan4358	marche	les deux verites concordent	deffdc6b	VALIDE	QuanDuhDon7276
ref	11de8353	295661	The Chuggly 773	marche	les deux verites concordent	f3c1f9a8	SOUS_RESERVE	NobleLuna19
ref	11de8353	298429	Splendrick	marche	les deux verites concordent	ef5d9e6c	SOUS_RESERVE	Sacharmsss
ref	11de8353	303100	SilentxSerenade	marche	les deux verites concordent	daa03c35	VALIDE	SharpByStriking
ref	11de8353	304004	cejos	marche	les deux verites concordent	7c4f8a28	VALIDE	QuanDuhDon7276
ref	11de8353	308407	FeastyOwl	marche	les deux verites concordent	7654f890	SOUS_RESERVE	Sneakierfour42
ref	11de8353	319251	BreadCrum69	marche	les deux verites concordent	d468178e	SOUS_RESERVE	D1bum8841
ref	11de8353	319254	Madina97294	marche	les deux verites concordent	d468178e	SOUS_RESERVE	D1bum8841
ref	11de8353	320849	D1bum8841	marche	les deux verites concordent	d468178e	SOUS_RESERVE	El Fafa117
ref	11de8353	320958	SeAnFaWn17	marche	les deux verites concordent	59255106	VALIDE	Sacharmsss
ref	11de8353	321720	Butt3rb0y8747	marche	les deux verites concordent	0000b29c	SOUS_RESERVE	Sacharmsss
ref	11de8353	321959	El Fafa117	marche	les deux verites concordent	59255106	VALIDE	Sacharmsss
ref	11de8353	324858	SharpByStriking	marche	les deux verites concordent	deffdc6b	VALIDE	QuanDuhDon7276
ref	11de8353	325791	SonicBlast3359	marche	les deux verites concordent	0000b29c	SOUS_RESERVE	Splendrick
ref	11de8353	326925	QuanDuhDon7276	marche	les deux verites concordent	f3c1f9a8	SOUS_RESERVE	Javi9496
ref	11de8353	329725	The Chuggly 773	marche	les deux verites concordent	62ea636f	SOUS_RESERVE	FolkPluto704956
ref	11de8353	336568	BreadCrum69	marche	les deux verites concordent	bb1a095b	SOUS_RESERVE	NobleLuna19
ref	11de8353	339438	Jr Alan4358	scan	les deux verites concordent	ef5d9e6c	SOUS_RESERVE	Sacharmsss
ref	11de8353	340806	Javi9496	marche	les deux verites concordent	166ba62b	SOUS_RESERVE	SilentxSerenade
ref	11de8353	346077	cejos	marche	les deux verites concordent	bb1a095b	SOUS_RESERVE	Arsenat3
ref	11de8353	356322	Splendrick	marche	les deux verites concordent	130c4b61	SOUS_RESERVE	CJOPS24
ref	11de8353	356757	SharpByStriking	marche	les deux verites concordent	7654f890	SOUS_RESERVE	SilentxSerenade
ref	11de8353	359627	Javi9496	scan	les deux verites concordent	7654f890	SOUS_RESERVE	SilentxSerenade
ref	11de8353	361963	The Chuggly 773	marche	les deux verites concordent	8add9998	SOUS_RESERVE	Sacharmsss
ref	11de8353	371143	SonicBlast3359	marche	les deux verites concordent	00426796	VALIDE	BreadCrum69
ref	11de8353	376213	QuanDuhDon7276	marche	les deux verites concordent	2ff92041	VALIDE	cejos
ref	11de8353	376780	Butt3rb0y8747	marche	les deux verites concordent	7654f890	SOUS_RESERVE	Sneakierfour42
ref	11de8353	377715	nusuns	marche	les deux verites concordent	2ff92041	VALIDE	SeAnFaWn17
ref	11de8353	377717	SeAnFaWn17	marche	les deux verites concordent	2ff92041	VALIDE	nusuns
ref	11de8353	379986	D1bum8841	marche	les deux verites concordent	00426796	VALIDE	BreadCrum69
ref	11de8353	383287	Jr Alan4358	marche	les deux verites concordent	f3c1f9a8	SOUS_RESERVE	FolkPluto704956
ref	11de8353	384219	El Fafa117	marche	les deux verites concordent	0000d57f	SOUS_RESERVE	ElBicho0707
ref	11de8353	387027	NobleLuna19	marche	les deux verites concordent	62ea636f	SOUS_RESERVE	cejos
ref	11de8353	391196	Splendrick	marche	les deux verites concordent	f3c1f9a8	SOUS_RESERVE	FolkPluto704956
ref	11de8353	391963	cejos	marche	les deux verites concordent	8add9998	SOUS_RESERVE	Sacharmsss
ref	11de8353	392466	ElBicho0707	marche	les deux verites concordent	d468178e	SOUS_RESERVE	Javi9496
ref	11de8353	395465	Sacharmsss	marche	les deux verites concordent	00426796	VALIDE	BreadCrum69
ref	11de8353	397165	FolkPluto704956	marche	les deux verites concordent	d468178e	SOUS_RESERVE	Javi9496
ref	11de8353	398236	FeastyOwl	marche	les deux verites concordent	35e75533	SOUS_RESERVE	CJOPS24
ref	11de8353	404713	Sneakierfour42	marche	les deux verites concordent	8b1f83ee	SOUS_RESERVE	GenesisA1011
ref	11de8353	406847	GenesisA1011	marche	les deux verites concordent	f01d60e9	SOUS_RESERVE	SilentxSerenade
ref	11de8353	408149	CJOPS24	marche	les deux verites concordent	d468178e	SOUS_RESERVE	Butt3rb0y8747
ref	11de8353	411581	SilentxSerenade	marche	les deux verites concordent	d468178e	SOUS_RESERVE	Butt3rb0y8747
ref	11de8353	416123	QuanDuhDon7276	marche	les deux verites concordent	d468178e	SOUS_RESERVE	Javi9496
ref	11de8353	416356	SonicBlast3359	marche	les deux verites concordent	d468178e	SOUS_RESERVE	The Chuggly 773
ref	11de8353	416585	BreadCrum69	marche	les deux verites concordent	0000d57f	SOUS_RESERVE	SonicBlast3359
ref	11de8353	423796	NobleLuna19	marche	les deux verites concordent	f3c1f9a8	SOUS_RESERVE	The Chuggly 773
ref	11de8353	423970	D1bum8841	marche	les deux verites concordent	366522a6	VALIDE	cejos
ref	11de8353	423997	Butt3rb0y8747	scan	les deux verites concordent	1f11df6b	SOUS_RESERVE	Arsenat3
ref	11de8353	424060	SeAnFaWn17	marche	les deux verites concordent	ee2d686d	VALIDE	NobleLuna19
ref	11de8353	426662	Sneakierfour42	marche	les deux verites concordent	3584ae71	SOUS_RESERVE	Javi9496
ref	11de8353	427069	The Chuggly 773	marche	les deux verites concordent	e1f38ea2	SOUS_RESERVE	Sacharmsss
ref	11de8353	427933	Javi9496	marche	les deux verites concordent	59255106	VALIDE	Arsenat3
ref	11de8353	433039	GenesisA1011	marche	les deux verites concordent	35e75533	SOUS_RESERVE	ElBicho0707
ref	11de8353	441880	FeastyOwl	marche	les deux verites concordent	ef5d9e6c	SOUS_RESERVE	SilentxSerenade
ref	11de8353	442282	BreadCrum69	marche	les deux verites concordent	13ff7bdf	SOUS_RESERVE	FolkPluto704956
ref	11de8353	443248	Arsenat3	marche	les deux verites concordent	35e75533	SOUS_RESERVE	Splendrick
ref	11de8353	443646	Splendrick	marche	les deux verites concordent	e1f38ea2	SOUS_RESERVE	ElBicho0707
ref	11de8353	453759	SeAnFaWn17	marche	les deux verites concordent	ef5d9e6c	SOUS_RESERVE	SilentxSerenade
ref	11de8353	454995	Jr Alan4358	marche	les deux verites concordent	f01d60e9	SOUS_RESERVE	NobleLuna19
ref	11de8353	455126	CJOPS24	marche	les deux verites concordent	0000b29c	SOUS_RESERVE	Javi9496
ref	11de8353	455225	Butt3rb0y8747	marche	les deux verites concordent	13ff7bdf	SOUS_RESERVE	FolkPluto704956
ref	11de8353	461868	Arsenat3	marche	les deux verites concordent	130c4b61	SOUS_RESERVE	El Fafa117
ref	11de8353	462101	FolkPluto704956	marche	les deux verites concordent	8b1f83ee	SOUS_RESERVE	cejos
ref	11de8353	463568	cejos	marche	les deux verites concordent	698aacdb	SOUS_RESERVE	NobleLuna19
ref	11de8353	468010	Sacharmsss	marche	les deux verites concordent	8b1f83ee	SOUS_RESERVE	GenesisA1011
ref	11de8353	468139	ElBicho0707	marche	les deux verites concordent	0000b29c	SOUS_RESERVE	Javi9496
ref	11de8353	469909	Javi9496	marche	les deux verites concordent	daa03c35	VALIDE	QuanDuhDon7276
ref	11de8353	471610	El Fafa117	marche	les deux verites concordent	ef5d9e6c	SOUS_RESERVE	SilentxSerenade
ref	11de8353	479085	Jr Alan4358	marche	les deux verites concordent	ef5d9e6c	SOUS_RESERVE	SilentxSerenade
ref	11de8353	479251	cejos	marche	les deux verites concordent	e1f38ea2	SOUS_RESERVE	nusuns
ref	11de8353	480186	FeastyOwl	marche	les deux verites concordent	0000dcb1	SOUS_RESERVE	SonicBlast3359
ref	11de8353	486524	GenesisA1011	marche	les deux verites concordent	bb1a095b	SOUS_RESERVE	QuanDuhDon7276
ref	11de8353	489134	SilentxSerenade	marche	les deux verites concordent	8add9998	SOUS_RESERVE	Javi9496
ref	11de8353	500139	SonicBlast3359	marche	les deux verites concordent	d468178e	SOUS_RESERVE	Butt3rb0y8747
ref	11de8353	503175	Arsenat3	marche	les deux verites concordent	8add9998	SOUS_RESERVE	Javi9496
ref	11de8353	505381	Butt3rb0y8747	marche	les deux verites concordent	8b1f83ee	SOUS_RESERVE	FolkPluto704956
ref	11de8353	507646	FolkPluto704956	marche	les deux verites concordent	35e75533	SOUS_RESERVE	Splendrick
ref	11de8353	508880	The Chuggly 773	marche	les deux verites concordent	f01d60e9	SOUS_RESERVE	NobleLuna19
ref	11de8353	509548	Splendrick	marche	les deux verites concordent	35e75533	SOUS_RESERVE	QuanDuhDon7276
ref	11de8353	513082	CJOPS24	marche	les deux verites concordent	53b1e6c5	VALIDE	cejos
ref	11de8353	517958	QuanDuhDon7276	marche	les deux verites concordent	ef5d9e6c	SOUS_RESERVE	Javi9496
ref	11de8353	521295	cejos	marche	les deux verites concordent	7654f890	SOUS_RESERVE	Arsenat3
ref	11de8353	521929	Sacharmsss	marche	les deux verites concordent	62ea636f	SOUS_RESERVE	FeastyOwl
ref	11de8353	522230	GenesisA1011	marche	les deux verites concordent	d468178e	SOUS_RESERVE	Sacharmsss
ref	11de8353	523964	D1bum8841	marche	les deux verites concordent	ef5d9e6c	SOUS_RESERVE	Javi9496
ref	11de8353	527900	Javi9496	marche	les deux verites concordent	35e75533	SOUS_RESERVE	SonicBlast3359
ref	11de8353	529101	FeastyOwl	marche	les deux verites concordent	038ad14c	SOUS_RESERVE	nusuns
ref	11de8353	541579	ElBicho0707	marche	les deux verites concordent	daa03c35	VALIDE	BreadCrum69
ref	11de8353	544551	The Chuggly 773	marche	les deux verites concordent	7ff0849c	SOUS_RESERVE	Sacharmsss
ref	11de8353	544951	Butt3rb0y8747	marche	les deux verites concordent	daa03c35	VALIDE	FolkPluto704956
ref	11de8353	545283	Arsenat3	marche	les deux verites concordent	daa03c35	VALIDE	cejos
ref	11de8353	551190	GenesisA1011	marche	les deux verites concordent	35e75533	SOUS_RESERVE	CJOPS24
ref	11de8353	551792	CJOPS24	marche	les deux verites concordent	7e6a7461	SOUS_RESERVE	GenesisA1011
ref	11de8353	555327	Splendrick	marche	les deux verites concordent	bb1a095b	SOUS_RESERVE	FolkPluto704956
ref	11de8353	556361	Sacharmsss	marche	les deux verites concordent	1f11df6b	SOUS_RESERVE	Javi9496
ref	11de8353	564868	NobleLuna19	marche	les deux verites concordent	130c4b61	SOUS_RESERVE	GenesisA1011
ref	11de8353	576849	The Chuggly 773	marche	les deux verites concordent	7654f890	SOUS_RESERVE	FolkPluto704956
ref	11de8353	578551	QuanDuhDon7276	marche	les deux verites concordent	35e75533	SOUS_RESERVE	cejos
ref	11de8353	581520	Sneakierfour42	marche	les deux verites concordent	382cafaf	VALIDE	BreadCrum69
ref	11de8353	583893	BreadCrum69	scan	les deux verites concordent	0c64b43f	SOUS_RESERVE	nusuns
ref	11de8353	586358	ElBicho0707	marche	les deux verites concordent	ef5d9e6c	SOUS_RESERVE	Javi9496
ref	11de8353	586593	cejos	marche	les deux verites concordent	d468178e	SOUS_RESERVE	nusuns
ref	11de8353	586595	nusuns	marche	source appartenant a la victime	d468178e	SOUS_RESERVE	cejos
ref	11de8353	587958	GenesisA1011	marche	les deux verites concordent	13ff7bdf	SOUS_RESERVE	CJOPS24
ref	11de8353	589526	CJOPS24	marche	les deux verites concordent	59255106	VALIDE	GenesisA1011
ref	11de8353	593630	Butt3rb0y8747	marche	les deux verites concordent	e9941862	SOUS_RESERVE	NobleLuna19
ref	396cfc92	39039	XxDaemonGamerxX	marche	les deux verites concordent	f3c1f9a8	SOUS_RESERVE	StevenW5318
ref	396cfc92	54604	Chocoboflor	marche	les deux verites concordent	0000b238	SOUS_RESERVE	G MONEY 2123
ref	396cfc92	62846	StevenW5318	marche	les deux verites concordent	01bc8b0b	SOUS_RESERVE	JGtm
ref	396cfc92	62980	JGtm	marche	les deux verites concordent	bb1a095b	SOUS_RESERVE	G MONEY 2123
ref	396cfc92	83033	G MONEY 2123	marche	les deux verites concordent	bb1a095b	SOUS_RESERVE	JGtm
ref	396cfc92	88036	XxDaemonGamerxX	marche	les deux verites concordent	f3c1f9a8	SOUS_RESERVE	StevenW5318
ref	396cfc92	99865	JGtm	marche	les deux verites concordent	da3b5ba4	VALIDE	StevenW5318
ref	396cfc92	104788	biOly goLab1054	marche	les deux verites concordent	0000b238	SOUS_RESERVE	Chocoboflor
ref	396cfc92	124041	StevenW5318	marche	les deux verites concordent	0000b238	SOUS_RESERVE	Chocoboflor
ref	396cfc92	137288	JGtm	marche	les deux verites concordent	177a79ee	SOUS_RESERVE	biOly goLab1054
ref	396cfc92	147130	XxDaemonGamerxX	marche	les deux verites concordent	bb1a095b	SOUS_RESERVE	StevenW5318
ref	396cfc92	153386	StevenW5318	marche	les deux verites concordent	f01d60e9	SOUS_RESERVE	Madina97294
ref	396cfc92	154071	Madina97294	marche	les deux verites concordent	0000b238	SOUS_RESERVE	CrumblyDonut617
ref	396cfc92	158491	JGtm	marche	les deux verites concordent	da3b5ba4	VALIDE	G MONEY 2123
ref	396cfc92	163130	Chocoboflor	marche	les deux verites concordent	f01d60e9	SOUS_RESERVE	biOly goLab1054
ref	396cfc92	175326	Madina97294	marche	les deux verites concordent	0000b238	SOUS_RESERVE	StevenW5318
ref	396cfc92	186971	biOly goLab1054	marche	les deux verites concordent	bb1a095b	SOUS_RESERVE	Chocoboflor
ref	396cfc92	192058	CrumblyDonut617	marche	les deux verites concordent	7654f890	SOUS_RESERVE	Madina97294
ref	396cfc92	195512	StevenW5318	marche	les deux verites concordent	bb1a095b	SOUS_RESERVE	Chocoboflor
ref	396cfc92	204120	Madina97294	marche	les deux verites concordent	f01d60e9	SOUS_RESERVE	biOly goLab1054
ref	396cfc92	206789	CrumblyDonut617	marche	les deux verites concordent	7654f890	SOUS_RESERVE	JGtm
ref	396cfc92	227111	StevenW5318	marche	les deux verites concordent	0000b238	SOUS_RESERVE	Chocoboflor
ref	396cfc92	232498	Chocoboflor	marche	les deux verites concordent	59255106	VALIDE	G MONEY 2123
ref	396cfc92	237405	CrumblyDonut617	marche	les deux verites concordent	bb1a095b	SOUS_RESERVE	JGtm
ref	396cfc92	237605	XxDaemonGamerxX	marche	les deux verites concordent	f01d60e9	SOUS_RESERVE	biOly goLab1054
ref	396cfc92	246080	Chocoboflor	marche	les deux verites concordent	7654f890	SOUS_RESERVE	biOly goLab1054
ref	396cfc92	250268	biOly goLab1054	marche	les deux verites concordent	daa03c35	VALIDE	Madina97294
ref	396cfc92	261663	XxDaemonGamerxX	marche	les deux verites concordent	daa03c35	VALIDE	G MONEY 2123
ref	396cfc92	270004	JGtm	marche	les deux verites concordent	2ff92041	VALIDE	biOly goLab1054
ref	396cfc92	270006	biOly goLab1054	marche	les deux verites concordent	2ff92041	VALIDE	JGtm
ref	396cfc92	277862	Chocoboflor	marche	les deux verites concordent	01bc8b0b	SOUS_RESERVE	StevenW5318
ref	396cfc92	284452	XxDaemonGamerxX	marche	les deux verites concordent	bb1a095b	SOUS_RESERVE	G MONEY 2123
ref	396cfc92	293228	JGtm	marche	les deux verites concordent	f3c1f9a8	SOUS_RESERVE	biOly goLab1054
ref	396cfc92	297981	XxDaemonGamerxX	marche	les deux verites concordent	7654f890	SOUS_RESERVE	CrumblyDonut617
ref	396cfc92	321890	Chocoboflor	marche	les deux verites concordent	7654f890	SOUS_RESERVE	CrumblyDonut617
ref	396cfc92	322758	StevenW5318	marche	les deux verites concordent	bb1a095b	SOUS_RESERVE	JGtm
ref	396cfc92	324359	JGtm	marche	les deux verites concordent	f3c1f9a8	SOUS_RESERVE	biOly goLab1054
ref	396cfc92	338756	biOly goLab1054	marche	les deux verites concordent	bb1a095b	SOUS_RESERVE	Madina97294
ref	396cfc92	347265	StevenW5318	marche	les deux verites concordent	bb1a095b	SOUS_RESERVE	JGtm
ref	396cfc92	352287	Chocoboflor	marche	les deux verites concordent	daa03c35	VALIDE	G MONEY 2123
ref	396cfc92	355373	CrumblyDonut617	marche	les deux verites concordent	7654f890	SOUS_RESERVE	Madina97294
ref	396cfc92	362112	G MONEY 2123	marche	les deux verites concordent	da3b5ba4	VALIDE	Madina97294
ref	396cfc92	365267	biOly goLab1054	marche	les deux verites concordent	bb1a095b	SOUS_RESERVE	JGtm
ref	396cfc92	375844	CrumblyDonut617	marche	les deux verites concordent	bb1a095b	SOUS_RESERVE	Madina97294
ref	396cfc92	381850	StevenW5318	marche	les deux verites concordent	bb1a095b	SOUS_RESERVE	Chocoboflor
ref	396cfc92	389156	Chocoboflor	marche	les deux verites concordent	da3b5ba4	VALIDE	G MONEY 2123
ref	396cfc92	401787	biOly goLab1054	marche	les deux verites concordent	bb1a095b	SOUS_RESERVE	JGtm
ref	396cfc92	422258	XxDaemonGamerxX	marche	les deux verites concordent	f01d60e9	SOUS_RESERVE	biOly goLab1054
ref	396cfc92	424659	Chocoboflor	marche	les deux verites concordent	59255106	VALIDE	G MONEY 2123
ref	396cfc92	424743	JGtm	marche	les deux verites concordent	59255106	VALIDE	G MONEY 2123
ref	396cfc92	430731	Madina97294	marche	les deux verites concordent	bb1a095b	SOUS_RESERVE	StevenW5318
ref	396cfc92	440559	JGtm	marche	les deux verites concordent	166ba62b	SOUS_RESERVE	biOly goLab1054
ref	396cfc92	442394	biOly goLab1054	scan	les deux verites concordent	2ff92041	VALIDE	Chocoboflor
ref	396cfc92	442396	Chocoboflor	scan	les deux verites concordent	166ba62b	SOUS_RESERVE	biOly goLab1054
ref	396cfc92	456308	CrumblyDonut617	marche	les deux verites concordent	bb1a095b	SOUS_RESERVE	Madina97294
ref	396cfc92	456476	Madina97294	marche	les deux verites concordent	f3c1f9a8	SOUS_RESERVE	biOly goLab1054
ref	396cfc92	460613	G MONEY 2123	marche	les deux verites concordent	7654f890	SOUS_RESERVE	XxDaemonGamerxX
ref	396cfc92	482051	StevenW5318	marche	les deux verites concordent	0000b238	SOUS_RESERVE	Chocoboflor
ref	396cfc92	483970	G MONEY 2123	marche	les deux verites concordent	bb1a095b	SOUS_RESERVE	Madina97294
ref	396cfc92	487023	JGtm	marche	les deux verites concordent	0000b238	SOUS_RESERVE	biOly goLab1054
ref	396cfc92	489291	XxDaemonGamerxX	marche	les deux verites concordent	f3c1f9a8	SOUS_RESERVE	biOly goLab1054
ref	396cfc92	497884	CrumblyDonut617	marche	les deux verites concordent	bb1a095b	SOUS_RESERVE	Chocoboflor
ref	396cfc92	498935	biOly goLab1054	marche	les deux verites concordent	bb1a095b	SOUS_RESERVE	Madina97294
ref	396cfc92	512649	JGtm	marche	les deux verites concordent	bb1a095b	SOUS_RESERVE	biOly goLab1054
ref	396cfc92	517454	Madina97294	marche	les deux verites concordent	bb1a095b	SOUS_RESERVE	CrumblyDonut617
ref	396cfc92	519422	CrumblyDonut617	marche	les deux verites concordent	bb1a095b	SOUS_RESERVE	XxDaemonGamerxX
ref	396cfc92	521141	XxDaemonGamerxX	marche	les deux verites concordent	15dcdfe3	SOUS_RESERVE	G MONEY 2123
ref	4f77afc1	136435	AJM002	marche	les deux verites concordent	d468178e	SOUS_RESERVE	Madina97294
ref	4f77afc1	138868	Rabbitzo3	marche	les deux verites concordent	0000b238	SOUS_RESERVE	Shiloh0209
ref	4f77afc1	139032	Jermoe Jr	marche	les deux verites concordent	5eaa815c	SOUS_RESERVE	Rabbitzo3
ref	4f77afc1	139035	XN3RDXD3VILX	marche	les deux verites concordent	28907150	VALIDE	Rabbitzo3
ref	4f77afc1	151047	Tupacamaru9556	marche	les deux verites concordent	7654f890	SOUS_RESERVE	MiniScotsMin
ref	4f77afc1	153781	Shiloh0209	marche	les deux verites concordent	674a7d69	VALIDE	CU3RV0187
ref	4f77afc1	157820	CU3RV0187	marche	les deux verites concordent	f3c1f9a8	SOUS_RESERVE	AJM002
ref	4f77afc1	158324	GUCCIGUAP1103	marche	les deux verites concordent	674a7d69	VALIDE	CU3RV0187
ref	4f77afc1	169730	BLADERUNNER3141	marche	les deux verites concordent	acd1cff4	SOUS_RESERVE	Rabbitzo3
ref	4f77afc1	169733	XN3RDXD3VILX	marche	les deux verites concordent	acd1cff4	SOUS_RESERVE	Rabbitzo3
ref	4f77afc1	173435	Shiloh0209	marche	les deux verites concordent	acd1cff4	SOUS_RESERVE	Rabbitzo3
ref	4f77afc1	174602	Madina97294	marche	les deux verites concordent	deffdc6b	VALIDE	macattackfin
ref	4f77afc1	174638	SKR DRAAK	marche	les deux verites concordent	7654f890	SOUS_RESERVE	MiniScotsMin
ref	4f77afc1	174838	Dafar8423	scan	les deux verites concordent	daa03c35	VALIDE	nerdpuncher
ref	4f77afc1	177070	Rabbitzo3	marche	les deux verites concordent	deffdc6b	VALIDE	macattackfin
ref	4f77afc1	180974	Yessireezy	marche	les deux verites concordent	7c4f8a28	VALIDE	macattackfin
ref	4f77afc1	191958	macattackfin	marche	les deux verites concordent	7654f890	SOUS_RESERVE	nerdpuncher
ref	4f77afc1	192089	Prose94	marche	les deux verites concordent	0000b238	SOUS_RESERVE	GUCCIGUAP1103
ref	4f77afc1	197627	GUCCIGUAP1103	marche	les deux verites concordent	0000b238	SOUS_RESERVE	King Kai 198070
ref	4f77afc1	201797	Shiloh0209	marche	les deux verites concordent	ef5d9e6c	SOUS_RESERVE	Tupacamaru9556
ref	4f77afc1	202132	BLADERUNNER3141	marche	les deux verites concordent	f3c1f9a8	SOUS_RESERVE	King Kai 198070
ref	4f77afc1	204902	Tupacamaru9556	marche	les deux verites concordent	f3c1f9a8	SOUS_RESERVE	AJM002
ref	4f77afc1	215818	macattackfin	marche	les deux verites concordent	0000005f	INCONNU	CU3RV0187
ref	4f77afc1	216547	AJM002	marche	les deux verites concordent	f3c1f9a8	SOUS_RESERVE	King Kai 198070
ref	4f77afc1	219017	Reapers Protege	marche	les deux verites concordent	daa03c35	VALIDE	King Kai 198070
ref	4f77afc1	220856	Shiloh0209	marche	les deux verites concordent	77a61ef5	VALIDE	JGtm
ref	4f77afc1	223787	JGtm	marche	les deux verites concordent	038ad14c	SOUS_RESERVE	Dafar8423
ref	4f77afc1	224890	Madina97294	marche	les deux verites concordent	5eaa815c	SOUS_RESERVE	MiniScotsMin
ref	4f77afc1	226355	XN3RDXD3VILX	scan	les deux verites concordent	f3c1f9a8	SOUS_RESERVE	King Kai 198070
ref	4f77afc1	228691	Dafar8423	marche	les deux verites concordent	f3c1f9a8	SOUS_RESERVE	King Kai 198070
ref	4f77afc1	229564	SKR DRAAK	marche	les deux verites concordent	da3b5ba4	VALIDE	GUCCIGUAP1103
ref	4f77afc1	229691	CU3RV0187	marche	les deux verites concordent	da3b5ba4	VALIDE	BLADERUNNER3141
ref	4f77afc1	235365	King Kai 198070	marche	les deux verites concordent	f3c1f9a8	SOUS_RESERVE	GUCCIGUAP1103
ref	4f77afc1	243073	DUGValidus	marche	les deux verites concordent	f3c1f9a8	SOUS_RESERVE	MiniScotsMin
ref	4f77afc1	245944	Rabbitzo3	marche	les deux verites concordent	0000b238	SOUS_RESERVE	GUCCIGUAP1103
ref	4f77afc1	250447	Madina97294	marche	les deux verites concordent	f3c1f9a8	SOUS_RESERVE	MiniScotsMin
ref	4f77afc1	252717	Prose94	marche	les deux verites concordent	0000b238	SOUS_RESERVE	GUCCIGUAP1103
ref	4f77afc1	253986	343 Doomfruit [bot]	scan	mort de bot (absente du kill-feed)	0000b238	SOUS_RESERVE	Shiloh0209
ref	4f77afc1	259791	Yessireezy	marche	les deux verites concordent	f3c1f9a8	SOUS_RESERVE	MiniScotsMin
ref	4f77afc1	264701	NoahChnce4u2	marche	les deux verites concordent	0000005f	INCONNU	CU3RV0187
ref	4f77afc1	269876	AJM002	marche	les deux verites concordent	5a4450e4	VALIDE	JGtm
ref	4f77afc1	270101	King Kai 198070	marche	les deux verites concordent	daa03c35	VALIDE	MiniScotsMin
ref	4f77afc1	276575	BLADERUNNER3141	marche	les deux verites concordent	0000b29c	SOUS_RESERVE	DUGValidus
ref	4f77afc1	278277	GUCCIGUAP1103	marche	les deux verites concordent	0000b29c	SOUS_RESERVE	DUGValidus
ref	4f77afc1	282284	nerdpuncher	marche	les deux verites concordent	7654f890	SOUS_RESERVE	Jermoe Jr
ref	4f77afc1	291459	E3D	marche	les deux verites concordent	7c4f8a28	VALIDE	Tupacamaru9556
ref	4f77afc1	291521	Reapers Protege	marche	les deux verites concordent	d2ffec3f	VALIDE	JGtm
ref	4f77afc1	294289	macattackfin	marche	les deux verites concordent	5a4450e4	VALIDE	JGtm
ref	4f77afc1	295828	MiniScotsMin	marche	source appartenant a la victime	fca02b3c	VALIDE	Rabbitzo3
ref	4f77afc1	297229	Rabbitzo3	marche	les deux verites concordent	f3c1f9a8	SOUS_RESERVE	Shiloh0209
ref	4f77afc1	298936	Prose94	marche	les deux verites concordent	deffdc6b	VALIDE	XN3RDXD3VILX
ref	4f77afc1	316116	JGtm	marche	les deux verites concordent	f3c1f9a8	SOUS_RESERVE	MiniScotsMin
ref	4f77afc1	323191	DUGValidus	marche	les deux verites concordent	deffdc6b	VALIDE	XN3RDXD3VILX
ref	4f77afc1	326738	Madina97294	marche	les deux verites concordent	0000b29c	SOUS_RESERVE	MiniScotsMin
ref	4f77afc1	328977	CU3RV0187	marche	les deux verites concordent	0000b29c	SOUS_RESERVE	MiniScotsMin
ref	4f77afc1	332045	XN3RDXD3VILX	marche	les deux verites concordent	ebcbab64	SOUS_RESERVE	King Kai 198070
ref	4f77afc1	332048	King Kai 198070	marche	source appartenant a la victime	64498648	INCONNU	MiniScotsMin
ref	4f77afc1	342954	Rabbitzo3	marche	les deux verites concordent	f3c1f9a8	SOUS_RESERVE	Shiloh0209
ref	4f77afc1	344827	BLADERUNNER3141	marche	les deux verites concordent	0000d627	VALIDE	JGtm
ref	4f77afc1	344831	GUCCIGUAP1103	marche	les deux verites concordent	0000d627	VALIDE	JGtm
ref	4f77afc1	351530	Dafar8423	scan	les deux verites concordent	0000b29c	SOUS_RESERVE	Madina97294
ref	4f77afc1	355035	NoahChnce4u2	marche	les deux verites concordent	7c4f8a28	VALIDE	Tupacamaru9556
ref	4f77afc1	356766	Tupacamaru9556	marche	les deux verites concordent	5eaa815c	SOUS_RESERVE	Shiloh0209
ref	4f77afc1	356798	CU3RV0187	marche	les deux verites concordent	acd1cff4	SOUS_RESERVE	MiniScotsMin
ref	4f77afc1	358666	Shiloh0209	marche	les deux verites concordent	3c7560e0	VALIDE	SKR DRAAK
ref	4f77afc1	366949	macattackfin	marche	les deux verites concordent	0000b29c	SOUS_RESERVE	Madina97294
ref	4f77afc1	376586	GUCCIGUAP1103	marche	les deux verites concordent	674a7d69	VALIDE	nerdpuncher
ref	4f77afc1	379425	BLADERUNNER3141	marche	les deux verites concordent	f3c1f9a8	SOUS_RESERVE	Madina97294
ref	4f77afc1	385660	E3D	marche	les deux verites concordent	674a7d69	VALIDE	nerdpuncher
ref	4f77afc1	388898	SKR DRAAK	marche	les deux verites concordent	15cdba9d	VALIDE	Shiloh0209
ref	4f77afc1	392001	nerdpuncher	scan	les deux verites concordent	deffdc6b	VALIDE	Feelgood Joker
ref	4f77afc1	392004	King Kai 198070	scan	les deux verites concordent	deffdc6b	VALIDE	Feelgood Joker
ref	4f77afc1	392008	CU3RV0187	scan	les deux verites concordent	deffdc6b	VALIDE	Feelgood Joker
ref	4f77afc1	392839	XN3RDXD3VILX	marche	les deux verites concordent	0000b29c	SOUS_RESERVE	Madina97294
ref	4f77afc1	404987	Madina97294	marche	les deux verites concordent	5eaa815c	SOUS_RESERVE	macattackfin
ref	4f77afc1	406588	Jermoe Jr	marche	les deux verites concordent	7654f890	SOUS_RESERVE	DUGValidus
ref	4f77afc1	409625	JGtm	marche	les deux verites concordent	5eaa815c	SOUS_RESERVE	macattackfin
ref	4f77afc1	409691	NoahChnce4u2	marche	les deux verites concordent	0000b29c	SOUS_RESERVE	DUGValidus
ref	4f77afc1	410726	Prose94	marche	les deux verites concordent	5eaa815c	SOUS_RESERVE	macattackfin
ref	4f77afc1	414424	Tupacamaru9556	marche	les deux verites concordent	003ce738	SOUS_RESERVE	MiniScotsMin
ref	4f77afc1	418894	Rabbitzo3	marche	les deux verites concordent	d7314bef	SOUS_RESERVE	MiniScotsMin
ref	4f77afc1	420939	King Kai 198070	marche	les deux verites concordent	003ce738	SOUS_RESERVE	macattackfin
ref	4f77afc1	425239	DUGValidus	marche	les deux verites concordent	f3c1f9a8	SOUS_RESERVE	Shiloh0209
ref	4f77afc1	428170	SKR DRAAK	marche	les deux verites concordent	5eaa815c	SOUS_RESERVE	MiniScotsMin
ref	4f77afc1	433712	JGtm	scan	les deux verites concordent	003ce738	SOUS_RESERVE	Shiloh0209
ref	4f77afc1	433715	CU3RV0187	scan	les deux verites concordent	003ce738	SOUS_RESERVE	Shiloh0209
ref	4f77afc1	436683	Shiloh0209	marche	les deux verites concordent	0000b29c	SOUS_RESERVE	nerdpuncher
ref	4f77afc1	436952	Madina97294	marche	les deux verites concordent	f3c1f9a8	SOUS_RESERVE	XN3RDXD3VILX
ref	4f77afc1	450137	BLADERUNNER3141	marche	les deux verites concordent	15cdba9d	VALIDE	King Kai 198070
ref	4f77afc1	450369	GUCCIGUAP1103	marche	les deux verites concordent	0000b29c	SOUS_RESERVE	nerdpuncher
ref	4f77afc1	450436	Rabbitzo3	marche	les deux verites concordent	003ce738	SOUS_RESERVE	MiniScotsMin
ref	4f77afc1	450439	Tupacamaru9556	marche	les deux verites concordent	003ce738	SOUS_RESERVE	MiniScotsMin
ref	4f77afc1	452002	MiniScotsMin	marche	les deux verites concordent	d468178e	SOUS_RESERVE	Yessireezy
ref	4f77afc1	464444	macattackfin	marche	les deux verites concordent	0000b238	SOUS_RESERVE	King Kai 198070
ref	4f77afc1	466481	Prose94	scan	les deux verites concordent	038ad14c	SOUS_RESERVE	Dafar8423
ref	4f77afc1	478428	NoahChnce4u2	marche	les deux verites concordent	ba5ac78e	SOUS_RESERVE	SKR DRAAK
ref	4f77afc1	478430	Dafar8423	marche	les deux verites concordent	ba5ac78e	SOUS_RESERVE	SKR DRAAK
ref	4f77afc1	483932	JGtm	marche	les deux verites concordent	7654f890	SOUS_RESERVE	MiniScotsMin
ref	4f77afc1	489237	Feelgood Joker	marche	les deux verites concordent	f3c1f9a8	SOUS_RESERVE	CU3RV0187
ref	4f77afc1	489873	CU3RV0187	marche	les deux verites concordent	15dcdfe3	SOUS_RESERVE	XN3RDXD3VILX
ref	4f77afc1	497980	macattackfin	marche	les deux verites concordent	f3c1f9a8	SOUS_RESERVE	King Kai 198070
ref	4f77afc1	499016	King Kai 198070	scan	les deux verites concordent	deffdc6b	VALIDE	E3D
ref	4f77afc1	502618	Madina97294	marche	les deux verites concordent	0000b29c	SOUS_RESERVE	MiniScotsMin
ref	4f77afc1	509356	Jermoe Jr	marche	les deux verites concordent	28907150	VALIDE	Rabbitzo3
ref	4f77afc1	509454	BLADERUNNER3141	marche	les deux verites concordent	f712c64a	VALIDE	Yessireezy
ref	4f77afc1	510822	GUCCIGUAP1103	marche	les deux verites concordent	da3b5ba4	VALIDE	Prose94
ref	4f77afc1	526844	Reapers Protege	marche	les deux verites concordent	b4681db6	INCONNU	Prose94
ref	4f77afc1	527579	Rabbitzo3	marche	les deux verites concordent	acd1cff4	SOUS_RESERVE	MiniScotsMin
ref	4f77afc1	528677	nerdpuncher	marche	les deux verites concordent	f3c1f9a8	SOUS_RESERVE	Shiloh0209
ref	4f77afc1	529982	DUGValidus	marche	les deux verites concordent	7654f890	SOUS_RESERVE	MiniScotsMin
ref	4f77afc1	530379	NoahChnce4u2	marche	les deux verites concordent	7654f890	SOUS_RESERVE	Tupacamaru9556
ref	4f77afc1	538322	JGtm	marche	les deux verites concordent	00426796	VALIDE	macattackfin
ref	4f77afc1	540822	E3D	marche	les deux verites concordent	f3c1f9a8	SOUS_RESERVE	Prose94
ref	4f77afc1	543361	CU3RV0187	marche	les deux verites concordent	130c4b61	SOUS_RESERVE	Feelgood Joker
ref	4f77afc1	546630	Madina97294	marche	les deux verites concordent	7654f890	SOUS_RESERVE	MiniScotsMin
ref	4f77afc1	547267	macattackfin	marche	les deux verites concordent	ba5ac78e	SOUS_RESERVE	SKR DRAAK
ref	4f77afc1	555092	Rabbitzo3	marche	les deux verites concordent	7654f890	SOUS_RESERVE	MiniScotsMin
ref	4f77afc1	561235	Dafar8423	marche	les deux verites concordent	674a7d69	VALIDE	DUGValidus
ref	4f77afc1	569807	JGtm	marche	les deux verites concordent	f3c1f9a8	SOUS_RESERVE	Reapers Protege
ref	4f77afc1	572774	Reapers Protege	marche	les deux verites concordent	00426796	VALIDE	SKR DRAAK
ref	4f77afc1	578013	Prose94	scan	les deux verites concordent	382cafaf	VALIDE	macattackfin
ref	4f77afc1	580117	Feelgood Joker	marche	les deux verites concordent	0000b29c	SOUS_RESERVE	King Kai 198070
ref	4f77afc1	582391	BLADERUNNER3141	marche	les deux verites concordent	5eaa815c	SOUS_RESERVE	Yessireezy
ref	4f77afc1	586991	Tupacamaru9556	marche	les deux verites concordent	f3c1f9a8	SOUS_RESERVE	Shiloh0209
ref	4f77afc1	588594	XN3RDXD3VILX	marche	les deux verites concordent	0000b29c	SOUS_RESERVE	DUGValidus
ref	4f77afc1	594733	Reapers Protege	marche	les deux verites concordent	0000b29c	SOUS_RESERVE	DUGValidus
ref	4f77afc1	596066	Rabbitzo3	marche	les deux verites concordent	daa03c35	VALIDE	Shiloh0209
ref	4f77afc1	597198	macattackfin	marche	les deux verites concordent	3c7560e0	VALIDE	CU3RV0187
ref	4f77afc1	598766	NoahChnce4u2	marche	les deux verites concordent	5eaa815c	SOUS_RESERVE	Yessireezy
ref	4f77afc1	598774	DUGValidus	marche	les deux verites concordent	0000b29c	SOUS_RESERVE	MiniScotsMin
ref	4f77afc1	601405	Yessireezy	marche	les deux verites concordent	f3c1f9a8	SOUS_RESERVE	Shiloh0209
ref	4f77afc1	604175	MiniScotsMin	marche	les deux verites concordent	f3c1f9a8	SOUS_RESERVE	King Kai 198070
ref	4f77afc1	616354	Feelgood Joker	marche	les deux verites concordent	0000b29c	SOUS_RESERVE	King Kai 198070
ref	4f77afc1	617586	Dafar8423	scan	les deux verites concordent	3b3b3d40	VALIDE	Rabbitzo3
ref	4f77afc1	618793	GUCCIGUAP1103	marche	les deux verites concordent	003ce738	SOUS_RESERVE	Yessireezy
ref	4f77afc1	624897	NoahChnce4u2	marche	les deux verites concordent	0000b29c	SOUS_RESERVE	King Kai 198070
ref	4f77afc1	625063	Prose94	marche	les deux verites concordent	15cdba9d	VALIDE	MiniScotsMin
ref	4f77afc1	631703	King Kai 198070	scan	les deux verites concordent	0000b29c	SOUS_RESERVE	MiniScotsMin
ref	4f77afc1	642615	Rabbitzo3	marche	les deux verites concordent	7654f890	SOUS_RESERVE	MiniScotsMin
ref	4f77afc1	651453	Reapers Protege	marche	les deux verites concordent	deffdc6b	VALIDE	Tupacamaru9556
ref	4f77afc1	654591	XN3RDXD3VILX	marche	les deux verites concordent	5eaa815c	SOUS_RESERVE	Yessireezy
ref	4f77afc1	657131	Madina97294	marche	les deux verites concordent	5eaa815c	SOUS_RESERVE	Shiloh0209
ref	4f77afc1	658960	Shiloh0209	marche	les deux verites concordent	deffdc6b	VALIDE	Tupacamaru9556
ref	4f77afc1	659099	JGtm	marche	les deux verites concordent	0000b29c	SOUS_RESERVE	MiniScotsMin
ref	4f77afc1	664539	Tupacamaru9556	marche	les deux verites concordent	7654f890	SOUS_RESERVE	MiniScotsMin
ref	4f77afc1	668739	Dafar8423	scan	les deux verites concordent	2ff92041	VALIDE	Rabbitzo3
ref	4f77afc1	668742	Rabbitzo3	scan	les deux verites concordent	2ff92041	VALIDE	Dafar8423
ref	4f77afc1	673177	NoahChnce4u2	marche	les deux verites concordent	f3c1f9a8	SOUS_RESERVE	King Kai 198070
ref	4f77afc1	676982	King Kai 198070	marche	les deux verites concordent	0000b29c	SOUS_RESERVE	MiniScotsMin
ref	4f77afc1	690000	Prose94	marche	les deux verites concordent	0000b29c	SOUS_RESERVE	Feelgood Joker
ref	4f77afc1	699873	Reapers Protege	marche	les deux verites concordent	0000b238	SOUS_RESERVE	Madina97294
ref	4f77afc1	702108	Shiloh0209	marche	les deux verites concordent	f3c1f9a8	SOUS_RESERVE	Madina97294
ref	4f77afc1	711884	GUCCIGUAP1103	marche	les deux verites concordent	0000b29c	SOUS_RESERVE	DUGValidus
ref	4f77afc1	715924	JGtm	marche	les deux verites concordent	f3c1f9a8	SOUS_RESERVE	macattackfin
ref	4f77afc1	716285	BLADERUNNER3141	marche	les deux verites concordent	003ce738	SOUS_RESERVE	SKR DRAAK
ref	4f77afc1	716296	Madina97294	marche	les deux verites concordent	deffdc6b	VALIDE	MiniScotsMin
ref	4f77afc1	720222	Rabbitzo3	marche	les deux verites concordent	deffdc6b	VALIDE	MiniScotsMin
ref	4f77afc1	723392	nerdpuncher	marche	les deux verites concordent	deffdc6b	VALIDE	MiniScotsMin
ref	4f77afc1	726402	343 Hollis [bot]	scan	mort de bot (absente du kill-feed)	003ce738	SOUS_RESERVE	macattackfin
ref	4f77afc1	731139	Tupacamaru9556	marche	les deux verites concordent	7654f890	SOUS_RESERVE	Shiloh0209
ref	4f77afc1	734242	Prose94	marche	les deux verites concordent	003ce738	SOUS_RESERVE	macattackfin
ref	4f77afc1	735909	CU3RV0187	marche	les deux verites concordent	7654f890	SOUS_RESERVE	Shiloh0209
ref	4f77afc1	738074	Dafar8423	marche	les deux verites concordent	d468178e	SOUS_RESERVE	SKR DRAAK
ref	4f77afc1	738377	SKR DRAAK	marche	les deux verites concordent	7654f890	SOUS_RESERVE	Shiloh0209
ref	4f77afc1	739479	macattackfin	scan	les deux verites concordent	0000b29c	SOUS_RESERVE	DUGValidus
ref	4f77afc1	740049	DUGValidus	marche	les deux verites concordent	0000b29c	SOUS_RESERVE	Feelgood Joker
ref	4f77afc1	741649	NoahChnce4u2	marche	les deux verites concordent	7654f890	SOUS_RESERVE	King Kai 198070
ref	4f77afc1	746552	Yessireezy	marche	les deux verites concordent	f3c1f9a8	SOUS_RESERVE	Shiloh0209
ref	4f77afc1	749587	Reapers Protege	marche	les deux verites concordent	f3c1f9a8	SOUS_RESERVE	Madina97294
ref	4f77afc1	757432	Tupacamaru9556	marche	les deux verites concordent	7c4f8a28	VALIDE	MiniScotsMin
ref	4f77afc1	763599	Madina97294	marche	les deux verites concordent	003ce738	SOUS_RESERVE	Feelgood Joker
ref	4f77afc1	765567	JGtm	marche	les deux verites concordent	deffdc6b	VALIDE	MiniScotsMin
ref	4f77afc1	772147	nerdpuncher	marche	les deux verites concordent	0000b29c	SOUS_RESERVE	XN3RDXD3VILX
ref	4f77afc1	772242	MiniScotsMin	marche	les deux verites concordent	0000d627	VALIDE	nerdpuncher
ref	4f77afc1	775278	Rabbitzo3	scan	les deux verites concordent	d468178e	SOUS_RESERVE	Shiloh0209
ref	4f77afc1	780355	Prose94	marche	les deux verites concordent	003ce738	SOUS_RESERVE	Feelgood Joker
ref	4f77afc1	781194	Shiloh0209	marche	mort infligee par un bot (kill absent du kill-feed)	f3c1f9a8	SOUS_RESERVE	343 Hollis [bot]
ref	4f77afc1	782389	Dafar8423	marche	les deux verites concordent	f3c1f9a8	SOUS_RESERVE	Madina97294
ref	4f77afc1	786759	GUCCIGUAP1103	marche	les deux verites concordent	f3c1f9a8	SOUS_RESERVE	DUGValidus
ref	4f77afc1	786989	BLADERUNNER3141	marche	les deux verites concordent	da3b5ba4	VALIDE	JGtm
ref	4f77afc1	789160	Yessireezy	marche	les deux verites concordent	0000b29c	SOUS_RESERVE	Feelgood Joker
ref	4f77afc1	791698	Feelgood Joker	marche	les deux verites concordent	7654f890	SOUS_RESERVE	King Kai 198070
ref	4f77afc1	796669	Reapers Protege	scan	les deux verites concordent	0000b29c	SOUS_RESERVE	Madina97294
ref	4f77afc1	797470	NoahChnce4u2	marche	les deux verites concordent	0000b29c	SOUS_RESERVE	Madina97294
ref	4f77afc1	806045	macattackfin	marche	les deux verites concordent	7654f890	SOUS_RESERVE	King Kai 198070
ref	4f77afc1	812585	SKR DRAAK	marche	les deux verites concordent	f3c1f9a8	SOUS_RESERVE	GUCCIGUAP1103
ref	4f77afc1	816064	XN3RDXD3VILX	marche	les deux verites concordent	5eaa815c	SOUS_RESERVE	King Kai 198070
ref	4f77afc1	816753	JGtm	marche	les deux verites concordent	f712c64a	VALIDE	Shiloh0209
ref	4f77afc1	819925	DUGValidus	marche	les deux verites concordent	f3c1f9a8	SOUS_RESERVE	MiniScotsMin
ref	4f77afc1	823062	CU3RV0187	marche	les deux verites concordent	0000b238	SOUS_RESERVE	macattackfin
ref	4f77afc1	825198	Reapers Protege	marche	les deux verites concordent	f3c1f9a8	SOUS_RESERVE	Madina97294
ref	4f77afc1	836542	MiniScotsMin	marche	les deux verites concordent	f3c1f9a8	SOUS_RESERVE	Tupacamaru9556
ref	4f77afc1	838613	Madina97294	marche	les deux verites concordent	0000b29c	SOUS_RESERVE	Feelgood Joker
ref	4f77afc1	848988	Feelgood Joker	marche	les deux verites concordent	0000b238	SOUS_RESERVE	Yessireezy
ref	4f77afc1	852262	Yessireezy	scan	les deux verites concordent	7654f890	SOUS_RESERVE	MiniScotsMin
ref	4f77afc1	855361	Prose94	marche	les deux verites concordent	0000005f	INCONNU	Shiloh0209
ref	4f77afc1	858069	nerdpuncher	marche	les deux verites concordent	7654f890	SOUS_RESERVE	MiniScotsMin
ref	4f77afc1	884792	E3D	marche	les deux verites concordent	f3c1f9a8	SOUS_RESERVE	Madina97294
ref	4f77afc1	887093	MiniScotsMin	marche	les deux verites concordent	0000b29c	SOUS_RESERVE	Tupacamaru9556
ref	4f77afc1	887594	Reapers Protege	marche	les deux verites concordent	daa03c35	VALIDE	nerdpuncher
ref	4f77afc1	888992	NoahChnce4u2	marche	les deux verites concordent	674a7d69	VALIDE	DUGValidus
ref	4f77afc1	891332	nerdpuncher	marche	les deux verites concordent	f3c1f9a8	SOUS_RESERVE	Shiloh0209
ref	4f77afc1	893470	Yessireezy	marche	les deux verites concordent	674a7d69	VALIDE	Feelgood Joker
ref	4f77afc1	894100	Madina97294	marche	les deux verites concordent	f3c1f9a8	SOUS_RESERVE	macattackfin
ref	4f77afc1	894398	Shiloh0209	marche	les deux verites concordent	c278a727	INCONNU	Prose94
ref	4f77afc1	894870	Dafar8423	marche	les deux verites concordent	003ce738	SOUS_RESERVE	Yessireezy
ref	4f77afc1	894875	Feelgood Joker	marche	les deux verites concordent	003ce738	SOUS_RESERVE	Yessireezy
ref	4f77afc1	900443	E3D	marche	les deux verites concordent	0000b29c	SOUS_RESERVE	Tupacamaru9556
ref	4f77afc1	903008	Prose94	marche	les deux verites concordent	f3c1f9a8	SOUS_RESERVE	BLADERUNNER3141
ref	4f77afc1	911883	SKR DRAAK	marche	les deux verites concordent	7c4f8a28	VALIDE	GUCCIGUAP1103
ref	4f77afc1	911887	GUCCIGUAP1103	marche	les deux verites concordent	674a7d69	VALIDE	DUGValidus
ref	4f77afc1	915822	nerdpuncher	marche	les deux verites concordent	0000b29c	SOUS_RESERVE	BLADERUNNER3141
ref	4f77afc1	915886	BLADERUNNER3141	marche	les deux verites concordent	1ed34604	SOUS_RESERVE	nerdpuncher
ref	4f77afc1	919459	Tupacamaru9556	marche	les deux verites concordent	35e75533	SOUS_RESERVE	MiniScotsMin
ref	4f77afc1	921164	Feelgood Joker	marche	mort infligee par un bot (kill absent du kill-feed)	d468178e	SOUS_RESERVE	343 Hollis [bot]
ref	4f77afc1	929535	343 Hollis [bot]	scan	mort de bot (absente du kill-feed)	35e75533	SOUS_RESERVE	MiniScotsMin
ref	4f77afc1	934378	Madina97294	scan	les deux verites concordent	7654f890	SOUS_RESERVE	MiniScotsMin
ref	4f77afc1	934414	Reapers Protege	marche	les deux verites concordent	deffdc6b	VALIDE	JGtm
ref	4f77afc1	934417	NoahChnce4u2	marche	les deux verites concordent	deffdc6b	VALIDE	JGtm
ref	4f77afc1	934509	Rabbitzo3	marche	les deux verites concordent	0000b29c	SOUS_RESERVE	Shiloh0209
ref	4f77afc1	936806	King Kai 198070	marche	les deux verites concordent	003ce738	SOUS_RESERVE	macattackfin
ref	4f77afc1	938978	Yessireezy	marche	les deux verites concordent	7654f890	SOUS_RESERVE	MiniScotsMin
ref	4f77afc1	940783	GUCCIGUAP1103	marche	les deux verites concordent	674a7d69	VALIDE	DUGValidus
ref	4f77afc1	944253	Shiloh0209	marche	les deux verites concordent	1ed34604	SOUS_RESERVE	SKR DRAAK
ref	4f77afc1	945318	SKR DRAAK	marche	les deux verites concordent	0000b238	SOUS_RESERVE	MiniScotsMin
ref	4f77afc1	957260	MiniScotsMin	scan	les deux verites concordent	f712c64a	VALIDE	Tupacamaru9556
ref	4f77afc1	959636	macattackfin	scan	les deux verites concordent	674a7d69	VALIDE	DUGValidus
ref	4f77afc1	965168	Reapers Protege	marche	les deux verites concordent	f712c64a	VALIDE	Tupacamaru9556
ref	4f77afc1	967379	NoahChnce4u2	scan	les deux verites concordent	d2ffec3f	VALIDE	Madina97294
ref	4f77afc1	967644	JGtm	scan	les deux verites concordent	7654f890	SOUS_RESERVE	Feelgood Joker
ref	4f77afc1	972276	King Kai 198070	scan	les deux verites concordent	deffdc6b	VALIDE	Shiloh0209
ref	4f77afc1	972278	Prose94	scan	les deux verites concordent	deffdc6b	VALIDE	Shiloh0209
ref	4f77afc1	983327	Madina97294	scan	les deux verites concordent	0000b29c	SOUS_RESERVE	MiniScotsMin
ref	4f77afc1	984227	E3D	scan	les deux verites concordent	f712c64a	VALIDE	Tupacamaru9556
ref	4f77afc1	984822	Dafar8423	scan	les deux verites concordent	674a7d69	VALIDE	DUGValidus
ref	4f77afc1	986492	Rabbitzo3	marche	les deux verites concordent	daa03c35	VALIDE	BLADERUNNER3141
ref	4f77afc1	987062	Yessireezy	marche	les deux verites concordent	0000b29c	SOUS_RESERVE	XN3RDXD3VILX
ref	4f77afc1	987363	NoahChnce4u2	marche	les deux verites concordent	f712c64a	VALIDE	Tupacamaru9556
ref	4f77afc1	987424	SKR DRAAK	marche	les deux verites concordent	deffdc6b	VALIDE	Shiloh0209
ref	4f77afc1	989532	BLADERUNNER3141	scan	les deux verites concordent	674a7d69	VALIDE	DUGValidus
ref	4f77afc1	993497	GUCCIGUAP1103	marche	mort infligee par un bot (kill absent du kill-feed)	28907150	VALIDE	343 Hollis [bot]
ref	4f77afc1	993563	Reapers Protege	marche	les deux verites concordent	f712c64a	VALIDE	Tupacamaru9556
ref	4f77afc1	997642	DUGValidus	scan	les deux verites concordent	0000b29c	SOUS_RESERVE	Feelgood Joker
ref	4f77afc1	1003681	Prose94	marche	les deux verites concordent	deffdc6b	VALIDE	Shiloh0209
ref	4f77afc1	1003684	JGtm	marche	les deux verites concordent	deffdc6b	VALIDE	Shiloh0209
ref	4f77afc1	1005584	King Kai 198070	marche	les deux verites concordent	0000b29c	SOUS_RESERVE	Feelgood Joker
ref	4f77afc1	1006180	XN3RDXD3VILX	scan	les deux verites concordent	daa03c35	VALIDE	Madina97294
ref	4f77afc1	1006312	Madina97294	marche	les deux verites concordent	daa03c35	VALIDE	XN3RDXD3VILX
ref	4f77afc1	1009353	macattackfin	marche	mort infligee par un bot (kill absent du kill-feed)	5eaa815c	SOUS_RESERVE	343 Hollis [bot]
ref	4f77afc1	1009587	Yessireezy	marche	les deux verites concordent	0000005f	INCONNU	Shiloh0209
ref	4f77afc1	1011321	NoahChnce4u2	marche	les deux verites concordent	f712c64a	VALIDE	Tupacamaru9556
ref	4f77afc1	1016187	GUCCIGUAP1103	scan	les deux verites concordent	f712c64a	VALIDE	Tupacamaru9556
ref	4f77afc1	1018428	E3D	marche	les deux verites concordent	f712c64a	VALIDE	Tupacamaru9556
ref	4f77afc1	1019794	Shiloh0209	marche	les deux verites concordent	f3c1f9a8	SOUS_RESERVE	DUGValidus
ref	4f77afc1	1025930	Reapers Protege	marche	les deux verites concordent	f712c64a	VALIDE	Tupacamaru9556
ref	4f77afc1	1028967	Prose94	marche	les deux verites concordent	003ce738	SOUS_RESERVE	Feelgood Joker
ref	4f77afc1	1031072	Tupacamaru9556	scan	les deux verites concordent	0000b238	SOUS_RESERVE	XN3RDXD3VILX
ref	4f77afc1	1048718	Feelgood Joker	scan	les deux verites concordent	d1e01803	SOUS_RESERVE	Rabbitzo3
ref	4f77afc1	1049258	Madina97294	marche	les deux verites concordent	0000b29c	SOUS_RESERVE	MiniScotsMin
ref	4f77afc1	1056003	nerdpuncher	scan	les deux verites concordent	5a4450e4	VALIDE	XN3RDXD3VILX
ref	4f77afc1	1059332	SKR DRAAK	scan	les deux verites concordent	003ce738	SOUS_RESERVE	MiniScotsMin
ref	4f77afc1	1059341	GUCCIGUAP1103	scan	les deux verites concordent	0000b238	SOUS_RESERVE	Yessireezy
ref	4f77afc1	1059536	Yessireezy	marche	les deux verites concordent	da3b5ba4	VALIDE	macattackfin
ref	4f77afc1	1068108	Reapers Protege	marche	les deux verites concordent	f3c1f9a8	SOUS_RESERVE	Prose94
ref	4f77afc1	1071151	MiniScotsMin	marche	les deux verites concordent	674a7d69	VALIDE	DUGValidus
ref	4f77afc1	1075182	E3D	marche	les deux verites concordent	f3c1f9a8	SOUS_RESERVE	Tupacamaru9556
ref	4f77afc1	1077284	343 Hollis [bot]	scan	mort de bot (absente du kill-feed)	daa03c35	VALIDE	XN3RDXD3VILX
ref	4f77afc1	1079892	CU3RV0187	scan	les deux verites concordent	7654f890	SOUS_RESERVE	Feelgood Joker
ref	4f77afc1	1080223	macattackfin	marche	les deux verites concordent	f3c1f9a8	SOUS_RESERVE	Tupacamaru9556
ref	4f77afc1	1084791	DUGValidus	marche	les deux verites concordent	7654f890	SOUS_RESERVE	Feelgood Joker
ref	4f77afc1	1092667	Tupacamaru9556	marche	les deux verites concordent	15dcdfe3	SOUS_RESERVE	Shiloh0209
ref	4f77afc1	1100444	JGtm	marche	les deux verites concordent	0000b29c	SOUS_RESERVE	MiniScotsMin
ref	4f77afc1	1100474	Madina97294	marche	les deux verites concordent	daa03c35	VALIDE	XN3RDXD3VILX
ref	4f77afc1	1103377	Reapers Protege	marche	les deux verites concordent	7654f890	SOUS_RESERVE	King Kai 198070
ref	4f77afc1	1104642	Prose94	marche	les deux verites concordent	7654f890	SOUS_RESERVE	Feelgood Joker
ref	4f77afc1	1107248	macattackfin	marche	les deux verites concordent	f3c1f9a8	SOUS_RESERVE	DUGValidus
ref	4f77afc1	1107549	Rabbitzo3	marche	les deux verites concordent	15dcdfe3	SOUS_RESERVE	Shiloh0209
ref	4f77afc1	1108648	NoahChnce4u2	marche	les deux verites concordent	7654f890	SOUS_RESERVE	King Kai 198070
ref	4f77afc1	1111523	Shiloh0209	marche	les deux verites concordent	f3c1f9a8	SOUS_RESERVE	Tupacamaru9556
ref	4f77afc1	1112589	nerdpuncher	marche	les deux verites concordent	f3c1f9a8	SOUS_RESERVE	XN3RDXD3VILX
ref	4f77afc1	1115559	Dafar8423	marche	les deux verites concordent	f3c1f9a8	SOUS_RESERVE	Tupacamaru9556
ref	4f77afc1	1116459	GUCCIGUAP1103	marche	mort infligee par un bot (kill absent du kill-feed)	f3c1f9a8	SOUS_RESERVE	343 Hollis [bot]
ref	4f77afc1	1124832	Tupacamaru9556	marche	les deux verites concordent	acd1cff4	SOUS_RESERVE	MiniScotsMin
ref	4f77afc1	1129478	DUGValidus	marche	les deux verites concordent	acd1cff4	SOUS_RESERVE	MiniScotsMin
ref	4f77afc1	1135216	Rabbitzo3	marche	les deux verites concordent	acd1cff4	SOUS_RESERVE	MiniScotsMin
ref	4f77afc1	1137882	nerdpuncher	scan	les deux verites concordent	0000b29c	SOUS_RESERVE	MiniScotsMin
ref	4f77afc1	1150496	Prose94	marche	les deux verites concordent	f712c64a	VALIDE	Feelgood Joker
ref	4f77afc1	1153497	macattackfin	marche	les deux verites concordent	f3c1f9a8	SOUS_RESERVE	JGtm
ref	4f77afc1	1155433	MiniScotsMin	marche	les deux verites concordent	f3c1f9a8	SOUS_RESERVE	Tupacamaru9556
ref	4f77afc1	1169145	DUGValidus	marche	les deux verites concordent	a859230a	VALIDE	Shiloh0209
ref	4f77afc1	1171282	NoahChnce4u2	marche	les deux verites concordent	f3c1f9a8	SOUS_RESERVE	Tupacamaru9556
ref	4f77afc1	1176455	XN3RDXD3VILX	marche	les deux verites concordent	0000b238	SOUS_RESERVE	SKR DRAAK
ref	4f77afc1	1179227	Reapers Protege	marche	les deux verites concordent	00426796	VALIDE	King Kai 198070
ref	4f77afc1	1184533	Madina97294	marche	les deux verites concordent	0000b29c	SOUS_RESERVE	MiniScotsMin
ref	4f77afc1	1187060	SKR DRAAK	marche	les deux verites concordent	f712c64a	VALIDE	Feelgood Joker
ref	4f77afc1	1188100	JGtm	marche	les deux verites concordent	0000b29c	SOUS_RESERVE	MiniScotsMin
ref	50247b26	70420	RogueCyrax001	marche	les deux verites concordent	130c4b61	SOUS_RESERVE	BlargMcNarg
ref	50247b26	79161	Matej8586	marche	les deux verites concordent	f712c64a	VALIDE	BlargMcNarg
ref	50247b26	86912	BatClogs	scan	les deux verites concordent	0000b29c	SOUS_RESERVE	Madina97294
ref	50247b26	88778	Madina97294	marche	les deux verites concordent	daa03c35	VALIDE	HAL0s GH0ST
ref	50247b26	91573	LuckyFox1759	marche	les deux verites concordent	130c4b61	SOUS_RESERVE	BlargMcNarg
ref	50247b26	98830	RaringDust19181	marche	les deux verites concordent	7ff0849c	SOUS_RESERVE	Sayanz Slayz
ref	50247b26	109498	RogueCyrax001	marche	source appartenant a la victime	0d203522	VALIDE	Meehanics
ref	50247b26	114837	Madina97294	marche	les deux verites concordent	d468178e	SOUS_RESERVE	HAL0s GH0ST
ref	50247b26	121370	SeaMonkey117	marche	les deux verites concordent	382cafaf	VALIDE	MonoNein
ref	50247b26	122277	Matej8586	marche	les deux verites concordent	daa03c35	VALIDE	BlargMcNarg
ref	50247b26	123105	Kukovec	marche	les deux verites concordent	d468178e	SOUS_RESERVE	HAL0s GH0ST
ref	50247b26	124409	Sayanz Slayz	marche	les deux verites concordent	7ff0849c	SOUS_RESERVE	Dinkleberg9242
ref	50247b26	131586	RogueCyrax001	marche	les deux verites concordent	130c4b61	SOUS_RESERVE	BlargMcNarg
ref	50247b26	140589	Madina97294	marche	les deux verites concordent	382cafaf	VALIDE	Meehanics
ref	50247b26	147730	Sillian Rail	scan	les deux verites concordent	382cafaf	VALIDE	Meehanics
ref	50247b26	149498	RogueCyrax001	marche	les deux verites concordent	382cafaf	VALIDE	Meehanics
ref	50247b26	151912	Sayanz Slayz	scan	les deux verites concordent	7ff0849c	SOUS_RESERVE	Dinkleberg9242
ref	50247b26	152175	Kukovec	marche	les deux verites concordent	382cafaf	VALIDE	MonoNein
ref	50247b26	153839	LuckyFox1759	marche	les deux verites concordent	f3c1f9a8	SOUS_RESERVE	BlargMcNarg
ref	50247b26	154309	HAL0s GH0ST	marche	les deux verites concordent	e1f38ea2	SOUS_RESERVE	SeaMonkey117
ref	50247b26	159375	Matej8586	marche	les deux verites concordent	382cafaf	VALIDE	Meehanics
ref	50247b26	166182	BlargMcNarg	marche	les deux verites concordent	e1f38ea2	SOUS_RESERVE	SeaMonkey117
ref	50247b26	170123	Sillian Rail	marche	les deux verites concordent	7ff0849c	SOUS_RESERVE	Dinkleberg9242
ref	50247b26	170561	Madina97294	marche	les deux verites concordent	382cafaf	VALIDE	Meehanics
ref	50247b26	172029	RaringDust19181	marche	les deux verites concordent	daa03c35	VALIDE	RogueCyrax001
ref	50247b26	173523	AzraelDoom	marche	les deux verites concordent	698aacdb	SOUS_RESERVE	AliAydinli
ref	50247b26	175235	Kukovec	marche	les deux verites concordent	7ff0849c	SOUS_RESERVE	Dinkleberg9242
ref	50247b26	180773	BatClogs	marche	les deux verites concordent	f3c1f9a8	SOUS_RESERVE	RogueCyrax001
ref	50247b26	184978	Matej8586	marche	les deux verites concordent	f3c1f9a8	SOUS_RESERVE	HAL0s GH0ST
ref	50247b26	187847	HAL0s GH0ST	marche	les deux verites concordent	f3c1f9a8	SOUS_RESERVE	Madina97294
ref	50247b26	188211	AzraelDoom	marche	les deux verites concordent	382cafaf	VALIDE	MonoNein
ref	50247b26	205288	BlargMcNarg	marche	les deux verites concordent	f3c1f9a8	SOUS_RESERVE	LuckyFox1759
ref	50247b26	206589	RaringDust19181	marche	les deux verites concordent	f712c64a	VALIDE	EminentSauce294
ref	50247b26	213336	AliAydinli	marche	les deux verites concordent	daa03c35	VALIDE	Sayanz Slayz
ref	50247b26	215731	AzraelDoom	marche	les deux verites concordent	ab06203c	VALIDE	Dinkleberg9242
ref	50247b26	234788	BatClogs	marche	les deux verites concordent	f3c1f9a8	SOUS_RESERVE	Madina97294
ref	50247b26	234921	Loudgru974	marche	les deux verites concordent	0000b29c	SOUS_RESERVE	VoicingGalaxy80
ref	50247b26	235692	EminentSauce294	marche	les deux verites concordent	ab06203c	VALIDE	Dinkleberg9242
ref	50247b26	237187	HAL0s GH0ST	marche	les deux verites concordent	13ff7bdf	SOUS_RESERVE	SeaMonkey117
ref	50247b26	242292	SeaMonkey117	marche	les deux verites concordent	00426796	VALIDE	VoicingGalaxy80
ref	50247b26	250244	VoicingGalaxy80	marche	les deux verites concordent	f3c1f9a8	SOUS_RESERVE	RogueCyrax001
ref	50247b26	254605	Kukovec	marche	les deux verites concordent	5e389b5d	VALIDE	AliAydinli
ref	50247b26	256006	LuckyFox1759	marche	les deux verites concordent	99d98aef	VALIDE	Dinkleberg9242
ref	50247b26	256139	EminentSauce294	marche	les deux verites concordent	f712c64a	VALIDE	BlargMcNarg
ref	50247b26	263153	AliAydinli	marche	les deux verites concordent	698aacdb	SOUS_RESERVE	Sayanz Slayz
ref	50247b26	263156	Sayanz Slayz	marche	les deux verites concordent	daa03c35	VALIDE	AliAydinli
ref	50247b26	266750	Matej8586	marche	les deux verites concordent	99d98aef	VALIDE	Dinkleberg9242
ref	50247b26	270524	Tine1903	scan	les deux verites concordent	f3c1f9a8	SOUS_RESERVE	SeaMonkey117
ref	50247b26	271528	Madina97294	marche	les deux verites concordent	f712c64a	VALIDE	BlargMcNarg
ref	50247b26	274158	HAL0s GH0ST	marche	source appartenant a la victime	5e389b5d	VALIDE	RogueCyrax001
ref	50247b26	276627	LuckyFox1759	marche	les deux verites concordent	99d98aef	VALIDE	Dinkleberg9242
ref	50247b26	276773	RogueCyrax001	marche	les deux verites concordent	f712c64a	VALIDE	BlargMcNarg
ref	50247b26	280874	SeaMonkey117	marche	les deux verites concordent	0000b29c	SOUS_RESERVE	BatClogs
ref	50247b26	281835	AzraelDoom	marche	les deux verites concordent	382cafaf	VALIDE	Meehanics
ref	50247b26	285243	EminentSauce294	marche	les deux verites concordent	99d98aef	VALIDE	Dinkleberg9242
ref	50247b26	287482	Matej8586	marche	les deux verites concordent	382cafaf	VALIDE	Meehanics
ref	50247b26	294653	Dinkleberg9242	marche	les deux verites concordent	130c4b61	SOUS_RESERVE	SeaMonkey117
ref	50247b26	295312	RogueCyrax001	marche	les deux verites concordent	f712c64a	VALIDE	VoicingGalaxy80
ref	50247b26	299282	LuckyFox1759	marche	les deux verites concordent	f712c64a	VALIDE	VoicingGalaxy80
ref	50247b26	300427	Madina97294	marche	les deux verites concordent	382cafaf	VALIDE	MonoNein
ref	50247b26	300458	Kukovec	marche	les deux verites concordent	557a2b6c	VALIDE	MonoNein
ref	50247b26	303820	Sayanz Slayz	scan	les deux verites concordent	382cafaf	VALIDE	MonoNein
ref	50247b26	307533	RaringDust19181	marche	les deux verites concordent	f3c1f9a8	SOUS_RESERVE	AzraelDoom
ref	50247b26	307964	XGENETHESZ	marche	source appartenant a la victime	da3b5ba4	VALIDE	SeaMonkey117
ref	50247b26	312907	SeaMonkey117	marche	les deux verites concordent	5e389b5d	VALIDE	AliAydinli
ref	50247b26	316866	Matej8586	marche	les deux verites concordent	f712c64a	VALIDE	VoicingGalaxy80
ref	50247b26	320010	EminentSauce294	marche	les deux verites concordent	f712c64a	VALIDE	BlargMcNarg
ref	50247b26	322979	AzraelDoom	marche	les deux verites concordent	382cafaf	VALIDE	Meehanics
ref	50247b26	323983	Tine1903	marche	les deux verites concordent	f3c1f9a8	SOUS_RESERVE	Madina97294
ref	50247b26	329423	Madina97294	marche	les deux verites concordent	0000b29c	SOUS_RESERVE	BatClogs
ref	50247b26	330914	LuckyFox1759	marche	les deux verites concordent	00404748	VALIDE	AliAydinli
ref	50247b26	332188	AliAydinli	marche	les deux verites concordent	da3b5ba4	VALIDE	LuckyFox1759
ref	50247b26	332758	Kukovec	marche	les deux verites concordent	f3c1f9a8	SOUS_RESERVE	BlargMcNarg
ref	50247b26	334925	Sayanz Slayz	marche	les deux verites concordent	d468178e	SOUS_RESERVE	HAL0s GH0ST
ref	50247b26	337197	SeaMonkey117	marche	les deux verites concordent	382cafaf	VALIDE	Meehanics
ref	50247b26	337390	Dinkleberg9242	marche	les deux verites concordent	f3c1f9a8	SOUS_RESERVE	RogueCyrax001
ref	50247b26	351012	LuckyFox1759	marche	les deux verites concordent	0000b238	SOUS_RESERVE	BlargMcNarg
ref	50247b26	355843	XGENETHESZ	marche	les deux verites concordent	0000b238	SOUS_RESERVE	AzraelDoom
ref	50247b26	362189	RaringDust19181	marche	les deux verites concordent	f3c1f9a8	SOUS_RESERVE	RogueCyrax001
ref	50247b26	364219	BlargMcNarg	marche	les deux verites concordent	f3c1f9a8	SOUS_RESERVE	Madina97294
ref	50247b26	374525	Tine1903	marche	les deux verites concordent	daa03c35	VALIDE	SeaMonkey117
ref	50247b26	377503	RogueCyrax001	marche	les deux verites concordent	13ff7bdf	SOUS_RESERVE	AliAydinli
ref	50247b26	377904	AliAydinli	marche	les deux verites concordent	daa03c35	VALIDE	SeaMonkey117
ref	50247b26	384306	HAL0s GH0ST	marche	les deux verites concordent	0000b29c	SOUS_RESERVE	Sayanz Slayz
ref	50247b26	385173	VoicingGalaxy80	scan	les deux verites concordent	0000005f	INCONNU	AzraelDoom
ref	50247b26	390085	BatClogs	marche	les deux verites concordent	f3c1f9a8	SOUS_RESERVE	SeaMonkey117
ref	50247b26	395781	EminentSauce294	scan	les deux verites concordent	382cafaf	VALIDE	Dinkleberg9242
ref	50247b26	400454	Dinkleberg9242	marche	les deux verites concordent	130c4b61	SOUS_RESERVE	SeaMonkey117
ref	50247b26	401155	Matej8586	marche	les deux verites concordent	382cafaf	VALIDE	Meehanics
ref	50247b26	405464	BlargMcNarg	marche	les deux verites concordent	0000b29c	SOUS_RESERVE	Sayanz Slayz
ref	50247b26	408700	Meehanics	marche	les deux verites concordent	f3c1f9a8	SOUS_RESERVE	RogueCyrax001
ref	50247b26	410945	Hen Grill	marche	les deux verites concordent	f3c1f9a8	SOUS_RESERVE	Madina97294
ref	50247b26	411579	XGENETHESZ	marche	les deux verites concordent	f3c1f9a8	SOUS_RESERVE	Madina97294
ref	50247b26	414740	RaringDust19181	marche	les deux verites concordent	130c4b61	SOUS_RESERVE	SeaMonkey117
ref	50247b26	415674	Tine1903	marche	les deux verites concordent	f3c1f9a8	SOUS_RESERVE	LuckyFox1759
ref	50247b26	416947	Kukovec	marche	les deux verites concordent	f3c1f9a8	SOUS_RESERVE	Dinkleberg9242
ref	50247b26	436803	SeaMonkey117	marche	les deux verites concordent	d468178e	SOUS_RESERVE	BlargMcNarg
ref	50247b26	437582	Madina97294	marche	les deux verites concordent	d468178e	SOUS_RESERVE	HAL0s GH0ST
ref	50247b26	438745	BlargMcNarg	scan	les deux verites concordent	5e389b5d	VALIDE	EminentSauce294
ref	50247b26	441444	EminentSauce294	marche	les deux verites concordent	d468178e	SOUS_RESERVE	HAL0s GH0ST
ref	50247b26	453303	Kukovec	marche	les deux verites concordent	f3c1f9a8	SOUS_RESERVE	VoicingGalaxy80
ref	50247b26	457762	LuckyFox1759	marche	les deux verites concordent	ab06203c	VALIDE	AliAydinli
ref	50247b26	461266	SeaMonkey117	marche	les deux verites concordent	00426796	VALIDE	VoicingGalaxy80
ref	50247b26	461542	Matej8586	marche	les deux verites concordent	d468178e	SOUS_RESERVE	HAL0s GH0ST
ref	50247b26	462809	AzraelDoom	scan	les deux verites concordent	382cafaf	VALIDE	Hen Grill
ref	50247b26	462875	Sayanz Slayz	marche	les deux verites concordent	13ff7bdf	SOUS_RESERVE	BatClogs
ref	50247b26	464243	RogueCyrax001	marche	les deux verites concordent	130c4b61	SOUS_RESERVE	BlargMcNarg
ref	50247b26	464936	Madina97294	marche	les deux verites concordent	698aacdb	SOUS_RESERVE	HAL0s GH0ST
ref	50247b26	476294	LuckyFox1759	marche	les deux verites concordent	382cafaf	VALIDE	Hen Grill
ref	50247b26	477115	Matej8586	marche	les deux verites concordent	382cafaf	VALIDE	Hen Grill
ref	50247b26	479894	SeaMonkey117	marche	les deux verites concordent	382cafaf	VALIDE	Hen Grill
ref	50247b26	488972	RaringDust19181	marche	les deux verites concordent	f3c1f9a8	SOUS_RESERVE	RogueCyrax001
ref	50247b26	496014	Kukovec	marche	les deux verites concordent	d2ffec3f	VALIDE	XGENETHESZ
ref	50247b26	498313	MonoNein	scan	les deux verites concordent	daa03c35	VALIDE	AzraelDoom
ref	50247b26	501711	LuckyFox1759	marche	les deux verites concordent	f3c1f9a8	SOUS_RESERVE	Dinkleberg9242
ref	50247b26	504113	Dinkleberg9242	marche	les deux verites concordent	f3c1f9a8	SOUS_RESERVE	AzraelDoom
ref	50247b26	504209	RogueCyrax001	marche	les deux verites concordent	00426796	VALIDE	XGENETHESZ
ref	50247b26	504977	BatClogs	marche	les deux verites concordent	2ff92041	VALIDE	Madina97294
ref	50247b26	504980	Madina97294	marche	les deux verites concordent	daa03c35	VALIDE	BatClogs
ref	50247b26	505088	AzraelDoom	marche	les deux verites concordent	382cafaf	VALIDE	Hen Grill
ref	50247b26	513988	Tine1903	marche	les deux verites concordent	0000b238	SOUS_RESERVE	Sayanz Slayz
ref	50247b26	515895	SeaMonkey117	marche	les deux verites concordent	382cafaf	VALIDE	Hen Grill
ref	50247b26	520763	RogueCyrax001	marche	les deux verites concordent	0000005f	INCONNU	Meehanics
ref	50247b26	525834	LuckyFox1759	marche	les deux verites concordent	382cafaf	VALIDE	Hen Grill
ref	50247b26	532276	AzraelDoom	scan	les deux verites concordent	382cafaf	VALIDE	Hen Grill
ref	50247b26	533875	Matej8586	marche	les deux verites concordent	f3c1f9a8	SOUS_RESERVE	MonoNein
ref	50247b26	536242	Sayanz Slayz	marche	les deux verites concordent	00426796	VALIDE	VoicingGalaxy80
ref	50247b26	536409	AliAydinli	marche	les deux verites concordent	130c4b61	SOUS_RESERVE	EminentSauce294
ref	50247b26	537986	Madina97294	scan	les deux verites concordent	f3c1f9a8	SOUS_RESERVE	BlargMcNarg
ref	50247b26	538610	EminentSauce294	marche	les deux verites concordent	00426796	VALIDE	XGENETHESZ
ref	50247b26	554134	Matej8586	marche	les deux verites concordent	00426796	VALIDE	XGENETHESZ
ref	50247b26	560533	SeaMonkey117	marche	les deux verites concordent	f712c64a	VALIDE	Dinkleberg9242
ref	50247b26	562222	Hen Grill	scan	les deux verites concordent	f3c1f9a8	SOUS_RESERVE	Madina97294
ref	50247b26	568884	AzraelDoom	scan	les deux verites concordent	130c4b61	SOUS_RESERVE	BlargMcNarg
ref	50247b26	571928	HAL0s GH0ST	marche	les deux verites concordent	daa03c35	VALIDE	EminentSauce294
ref	50247b26	578738	VoicingGalaxy80	marche	les deux verites concordent	f3c1f9a8	SOUS_RESERVE	Madina97294
ref	50247b26	581332	Meehanics	scan	les deux verites concordent	f3c1f9a8	SOUS_RESERVE	SeaMonkey117
ref	50247b26	581640	SeaMonkey117	marche	les deux verites concordent	0000b238	SOUS_RESERVE	Dinkleberg9242
ref	50247b26	584138	Madina97294	marche	les deux verites concordent	382cafaf	VALIDE	XGENETHESZ
ref	50247b26	585602	RogueCyrax001	marche	les deux verites concordent	0000b238	SOUS_RESERVE	Dinkleberg9242
ref	51ebbc0f	71348	DriftingGnat636	marche	les deux verites concordent	0d203522	VALIDE	Chocoboflor
ref	51ebbc0f	74302	MajinChief306	marche	les deux verites concordent	0000b238	SOUS_RESERVE	Alejandro51500
ref	51ebbc0f	76588	Alejandro51500	marche	les deux verites concordent	7654f890	SOUS_RESERVE	FlyingPhrogg
ref	51ebbc0f	79740	Chocoboflor	marche	les deux verites concordent	7654f890	SOUS_RESERVE	Foggiest Lizard
ref	51ebbc0f	83745	Fingtitt	scan	les deux verites concordent	7654f890	SOUS_RESERVE	FlyingPhrogg
ref	51ebbc0f	91987	Foggiest Lizard	scan	les deux verites concordent	bb1a095b	SOUS_RESERVE	Slowpoke6743
ref	51ebbc0f	99644	FlyingPhrogg	marche	les deux verites concordent	bb1a095b	SOUS_RESERVE	Alejandro51500
ref	51ebbc0f	104966	MajinChief306	marche	les deux verites concordent	bb1a095b	SOUS_RESERVE	DriftingGnat636
ref	51ebbc0f	122883	DriftingGnat636	marche	source appartenant a la victime	00403594	VALIDE	Slowpoke6743
ref	51ebbc0f	130626	Chocoboflor	scan	les deux verites concordent	bb1a095b	SOUS_RESERVE	Fingtitt
ref	51ebbc0f	135313	Foggiest Lizard	marche	les deux verites concordent	daa03c35	VALIDE	Slowpoke6743
ref	51ebbc0f	141236	Alejandro51500	marche	les deux verites concordent	0000b238	SOUS_RESERVE	Slowpoke6743
ref	51ebbc0f	142104	MajinChief306	scan	les deux verites concordent	000027cc	VALIDE	Fingtitt
ref	51ebbc0f	148326	DriftingGnat636	scan	les deux verites concordent	bb1a095b	SOUS_RESERVE	FlyingPhrogg
ref	51ebbc0f	156383	Fingtitt	marche	les deux verites concordent	0d203522	VALIDE	Slowpoke6743
ref	51ebbc0f	156735	FlyingPhrogg	scan	les deux verites concordent	0d203522	VALIDE	Foggiest Lizard
ref	51ebbc0f	162574	Foggiest Lizard	marche	les deux verites concordent	bb1a095b	SOUS_RESERVE	Chocoboflor
ref	51ebbc0f	169982	DriftingGnat636	scan	les deux verites concordent	daa03c35	VALIDE	Chocoboflor
ref	51ebbc0f	170315	Chocoboflor	marche	les deux verites concordent	bb1a095b	SOUS_RESERVE	Fingtitt
ref	51ebbc0f	177021	MajinChief306	marche	les deux verites concordent	daa03c35	VALIDE	Alejandro51500
ref	51ebbc0f	189936	Alejandro51500	scan	les deux verites concordent	bb1a095b	SOUS_RESERVE	FlyingPhrogg
ref	51ebbc0f	197743	Foggiest Lizard	marche	les deux verites concordent	0000b238	SOUS_RESERVE	FlyingPhrogg
ref	51ebbc0f	208187	DriftingGnat636	scan	les deux verites concordent	0000b29c	SOUS_RESERVE	MajinChief306
ref	51ebbc0f	208737	Fingtitt	marche	les deux verites concordent	bb1a095b	SOUS_RESERVE	Chocoboflor
ref	51ebbc0f	211891	Chocoboflor	scan	les deux verites concordent	0000b238	SOUS_RESERVE	Alejandro51500
ref	51ebbc0f	217146	Alejandro51500	marche	les deux verites concordent	daa03c35	VALIDE	Slowpoke6743
ref	51ebbc0f	224870	Foggiest Lizard	scan	les deux verites concordent	daa03c35	VALIDE	Slowpoke6743
ref	51ebbc0f	228555	FlyingPhrogg	marche	les deux verites concordent	da3b5ba4	VALIDE	Fingtitt
ref	51ebbc0f	232662	Fingtitt	scan	les deux verites concordent	0000b238	SOUS_RESERVE	Chocoboflor
ref	51ebbc0f	239034	Chocoboflor	marche	les deux verites concordent	7654f890	SOUS_RESERVE	DriftingGnat636
ref	51ebbc0f	247675	Alejandro51500	scan	les deux verites concordent	0d203522	VALIDE	Slowpoke6743
ref	51ebbc0f	279475	DriftingGnat636	scan	les deux verites concordent	7654f890	SOUS_RESERVE	FlyingPhrogg
ref	51ebbc0f	280343	Chocoboflor	scan	les deux verites concordent	0000b238	SOUS_RESERVE	Fingtitt
ref	51ebbc0f	297476	Chocoboflor	scan	les deux verites concordent	daa03c35	VALIDE	Foggiest Lizard
ref	51ebbc0f	303650	MajinChief306	scan	les deux verites concordent	daa03c35	VALIDE	Foggiest Lizard
ref	51ebbc0f	305719	Foggiest Lizard	scan	les deux verites concordent	0d203522	VALIDE	Slowpoke6743
ref	51ebbc0f	305835	FlyingPhrogg	scan	les deux verites concordent	0000b238	SOUS_RESERVE	DriftingGnat636
ref	51ebbc0f	307918	Fingtitt	scan	les deux verites concordent	00404748	VALIDE	FlyingPhrogg
ref	51ebbc0f	316779	Alejandro51500	scan	les deux verites concordent	daa03c35	VALIDE	Slowpoke6743
ref	51ebbc0f	320466	DriftingGnat636	scan	les deux verites concordent	0000b238	SOUS_RESERVE	Slowpoke6743
ref	51ebbc0f	325737	Slowpoke6743	scan	les deux verites concordent	daa03c35	VALIDE	Foggiest Lizard
ref	51ebbc0f	326104	Foggiest Lizard	scan	les deux verites concordent	0000b238	SOUS_RESERVE	Chocoboflor
ref	51ebbc0f	331043	Fingtitt	scan	les deux verites concordent	daa03c35	VALIDE	Chocoboflor
ref	51ebbc0f	343487	FlyingPhrogg	scan	les deux verites concordent	bb1a095b	SOUS_RESERVE	Alejandro51500
ref	51ebbc0f	348511	Slowpoke6743	scan	les deux verites concordent	0000b238	SOUS_RESERVE	DriftingGnat636
ref	51ebbc0f	351462	Chocoboflor	scan	les deux verites concordent	da3b5ba4	VALIDE	Alejandro51500
ref	51ebbc0f	354901	MajinChief306	scan	les deux verites concordent	0000b29c	SOUS_RESERVE	Foggiest Lizard
ref	51ebbc0f	376023	Chocoboflor	scan	les deux verites concordent	0000b238	SOUS_RESERVE	DriftingGnat636
ref	51ebbc0f	384765	MajinChief306	scan	les deux verites concordent	0000b238	SOUS_RESERVE	Fingtitt
ref	51ebbc0f	397877	Alejandro51500	scan	les deux verites concordent	bb1a095b	SOUS_RESERVE	Chocoboflor
ref	51ebbc0f	398595	FlyingPhrogg	scan	les deux verites concordent	bb1a095b	SOUS_RESERVE	Fingtitt
ref	51ebbc0f	401712	Foggiest Lizard	scan	les deux verites concordent	da3b5ba4	VALIDE	Slowpoke6743
ref	51ebbc0f	401981	Fingtitt	scan	les deux verites concordent	0000b238	SOUS_RESERVE	Slowpoke6743
ref	51ebbc0f	405935	Chocoboflor	scan	les deux verites concordent	0000b238	SOUS_RESERVE	DriftingGnat636
ref	51ebbc0f	418680	DriftingGnat636	scan	source appartenant a la victime	00403594	VALIDE	Slowpoke6743
ref	51ebbc0f	421318	MajinChief306	scan	les deux verites concordent	bb1a095b	SOUS_RESERVE	Fingtitt
ref	51ebbc0f	422534	Foggiest Lizard	scan	les deux verites concordent	0000b238	SOUS_RESERVE	Chocoboflor
ref	51ebbc0f	428158	Chocoboflor	scan	les deux verites concordent	0000b238	SOUS_RESERVE	Fingtitt
ref	51ebbc0f	445225	Fingtitt	scan	les deux verites concordent	7654f890	SOUS_RESERVE	FlyingPhrogg
ref	51ebbc0f	445809	MajinChief306	scan	les deux verites concordent	bb1a095b	SOUS_RESERVE	Foggiest Lizard
ref	51ebbc0f	456720	DriftingGnat636	scan	les deux verites concordent	0000b238	SOUS_RESERVE	Chocoboflor
ref	51ebbc0f	459190	Chocoboflor	scan	les deux verites concordent	0000b238	SOUS_RESERVE	Alejandro51500
ref	51ebbc0f	462425	Alejandro51500	scan	les deux verites concordent	0000b238	SOUS_RESERVE	MajinChief306
ref	51ebbc0f	464561	Foggiest Lizard	scan	les deux verites concordent	7654f890	SOUS_RESERVE	FlyingPhrogg
ref	51ebbc0f	468148	Fingtitt	scan	les deux verites concordent	0000b238	SOUS_RESERVE	Slowpoke6743
ref	51ebbc0f	473167	Slowpoke6743	scan	source appartenant a la victime	00403594	VALIDE	DriftingGnat636
ref	51ebbc0f	482512	Foggiest Lizard	scan	les deux verites concordent	7654f890	SOUS_RESERVE	FlyingPhrogg
ref	51ebbc0f	484579	MajinChief306	scan	les deux verites concordent	bb1a095b	SOUS_RESERVE	Fingtitt
ref	51ebbc0f	491555	Fingtitt	scan	les deux verites concordent	7654f890	SOUS_RESERVE	FlyingPhrogg
ref	51ebbc0f	492072	Alejandro51500	scan	les deux verites concordent	0000b238	SOUS_RESERVE	Chocoboflor
ref	60ae07c4	42115	xToo Frosty	marche	les deux verites concordent	f3c1f9a8	SOUS_RESERVE	Noddy1314
ref	60ae07c4	47036	Mims5268	marche	les deux verites concordent	f3c1f9a8	SOUS_RESERVE	STCYYR
ref	60ae07c4	52575	DavidSuomi	marche	les deux verites concordent	7654f890	SOUS_RESERVE	MarcooN1414
ref	60ae07c4	59615	Madina97294	marche	les deux verites concordent	f3c1f9a8	SOUS_RESERVE	xToo Frosty
ref	60ae07c4	68875	Noddy1314	marche	les deux verites concordent	f3c1f9a8	SOUS_RESERVE	Matyus89
ref	60ae07c4	68975	Matyus89	marche	les deux verites concordent	f3c1f9a8	SOUS_RESERVE	Noddy1314
ref	60ae07c4	71627	MarcooN1414	marche	les deux verites concordent	f3c1f9a8	SOUS_RESERVE	Mims5268
ref	60ae07c4	80636	Madina97294	marche	les deux verites concordent	f3c1f9a8	SOUS_RESERVE	DavidSuomi
ref	60ae07c4	81854	DavidSuomi	marche	les deux verites concordent	f3c1f9a8	SOUS_RESERVE	STCYYR
ref	60ae07c4	93967	Mims5268	marche	les deux verites concordent	f3c1f9a8	SOUS_RESERVE	STCYYR
ref	60ae07c4	93983	STCYYR	marche	les deux verites concordent	daa03c35	VALIDE	Mims5268
ref	60ae07c4	97636	xToo Frosty	marche	les deux verites concordent	daa03c35	VALIDE	Noddy1314
ref	60ae07c4	107580	STCYYR	marche	les deux verites concordent	f3c1f9a8	SOUS_RESERVE	Mims5268
ref	60ae07c4	112234	MarcooN1414	marche	les deux verites concordent	1f11df6b	SOUS_RESERVE	Matyus89
ref	60ae07c4	116206	Madina97294	marche	les deux verites concordent	f3c1f9a8	SOUS_RESERVE	Mims5268
ref	60ae07c4	123562	Noddy1314	marche	source appartenant a la victime	00403594	VALIDE	DavidSuomi
ref	60ae07c4	124897	Mims5268	marche	les deux verites concordent	f3c1f9a8	SOUS_RESERVE	STCYYR
ref	60ae07c4	136843	STCYYR	marche	les deux verites concordent	f3c1f9a8	SOUS_RESERVE	xToo Frosty
ref	60ae07c4	141831	MarcooN1414	marche	les deux verites concordent	daa03c35	VALIDE	xToo Frosty
ref	60ae07c4	144401	Noddy1314	marche	les deux verites concordent	f3c1f9a8	SOUS_RESERVE	DavidSuomi
ref	60ae07c4	145218	Madina97294	marche	les deux verites concordent	daa03c35	VALIDE	Matyus89
ref	60ae07c4	162969	Noddy1314	marche	les deux verites concordent	f3c1f9a8	SOUS_RESERVE	DavidSuomi
ref	60ae07c4	169176	xToo Frosty	marche	les deux verites concordent	f3c1f9a8	SOUS_RESERVE	MarcooN1414
ref	60ae07c4	170160	Madina97294	marche	les deux verites concordent	f3c1f9a8	SOUS_RESERVE	DavidSuomi
ref	60ae07c4	170193	DavidSuomi	marche	les deux verites concordent	f3c1f9a8	SOUS_RESERVE	Madina97294
ref	60ae07c4	170843	Mims5268	marche	les deux verites concordent	da3b5ba4	VALIDE	MarcooN1414
ref	60ae07c4	178768	Matyus89	marche	les deux verites concordent	f3c1f9a8	SOUS_RESERVE	MarcooN1414
ref	60ae07c4	188745	STCYYR	marche	les deux verites concordent	f3c1f9a8	SOUS_RESERVE	Mims5268
ref	60ae07c4	189896	xToo Frosty	marche	les deux verites concordent	f3c1f9a8	SOUS_RESERVE	Noddy1314
ref	60ae07c4	198906	Noddy1314	marche	les deux verites concordent	f3c1f9a8	SOUS_RESERVE	Mims5268
ref	60ae07c4	205412	DavidSuomi	marche	les deux verites concordent	000027cc	VALIDE	Madina97294
ref	60ae07c4	208099	Madina97294	marche	les deux verites concordent	f3c1f9a8	SOUS_RESERVE	xToo Frosty
ref	60ae07c4	213357	MarcooN1414	marche	les deux verites concordent	daa03c35	VALIDE	Mims5268
ref	60ae07c4	218146	Mims5268	marche	les deux verites concordent	f3c1f9a8	SOUS_RESERVE	STCYYR
ref	60ae07c4	228408	Madina97294	marche	les deux verites concordent	da3b5ba4	VALIDE	DavidSuomi
ref	60ae07c4	229660	DavidSuomi	marche	les deux verites concordent	f3c1f9a8	SOUS_RESERVE	Noddy1314
ref	60ae07c4	231213	STCYYR	marche	les deux verites concordent	f3c1f9a8	SOUS_RESERVE	Matyus89
ref	60ae07c4	239571	MarcooN1414	marche	les deux verites concordent	daa03c35	VALIDE	Mims5268
ref	60ae07c4	248730	Madina97294	marche	les deux verites concordent	f3c1f9a8	SOUS_RESERVE	Matyus89
ref	60ae07c4	249865	STCYYR	marche	les deux verites concordent	f3c1f9a8	SOUS_RESERVE	Mims5268
ref	60ae07c4	259858	MarcooN1414	marche	les deux verites concordent	daa03c35	VALIDE	Matyus89
ref	60ae07c4	262494	Noddy1314	marche	les deux verites concordent	f3c1f9a8	SOUS_RESERVE	xToo Frosty
ref	60ae07c4	263061	xToo Frosty	marche	les deux verites concordent	f3c1f9a8	SOUS_RESERVE	STCYYR
ref	60ae07c4	267415	Matyus89	marche	les deux verites concordent	daa03c35	VALIDE	STCYYR
ref	60ae07c4	269450	Madina97294	marche	les deux verites concordent	f3c1f9a8	SOUS_RESERVE	Mims5268
ref	60ae07c4	280312	DavidSuomi	marche	les deux verites concordent	f3c1f9a8	SOUS_RESERVE	STCYYR
ref	60ae07c4	282148	STCYYR	marche	les deux verites concordent	f3c1f9a8	SOUS_RESERVE	Mims5268
ref	60ae07c4	285051	Mims5268	marche	les deux verites concordent	f3c1f9a8	SOUS_RESERVE	Noddy1314
ref	60ae07c4	287469	Noddy1314	marche	les deux verites concordent	2ff92041	VALIDE	xToo Frosty
ref	60ae07c4	290555	MarcooN1414	marche	les deux verites concordent	f3c1f9a8	SOUS_RESERVE	Matyus89
ref	60ae07c4	301366	Matyus89	marche	les deux verites concordent	f3c1f9a8	SOUS_RESERVE	STCYYR
ref	60ae07c4	303168	DavidSuomi	marche	les deux verites concordent	f3c1f9a8	SOUS_RESERVE	Madina97294
ref	60ae07c4	303284	Madina97294	marche	les deux verites concordent	daa03c35	VALIDE	DavidSuomi
ref	60ae07c4	304636	Mims5268	marche	les deux verites concordent	f3c1f9a8	SOUS_RESERVE	STCYYR
ref	60ae07c4	304669	STCYYR	marche	les deux verites concordent	f3c1f9a8	SOUS_RESERVE	Mims5268
ref	60ae07c4	326025	STCYYR	marche	les deux verites concordent	f3c1f9a8	SOUS_RESERVE	Mims5268
ref	60ae07c4	334983	Noddy1314	marche	les deux verites concordent	daa03c35	VALIDE	Matyus89
ref	60ae07c4	335950	MarcooN1414	marche	les deux verites concordent	daa03c35	VALIDE	Mims5268
ref	60ae07c4	340371	Madina97294	marche	les deux verites concordent	f3c1f9a8	SOUS_RESERVE	DavidSuomi
ref	60ae07c4	345161	Mims5268	marche	les deux verites concordent	f3c1f9a8	SOUS_RESERVE	STCYYR
ref	60ae07c4	355254	xToo Frosty	marche	les deux verites concordent	daa03c35	VALIDE	STCYYR
ref	60ae07c4	358958	STCYYR	marche	les deux verites concordent	f3c1f9a8	SOUS_RESERVE	Mims5268
ref	60ae07c4	366566	DavidSuomi	marche	les deux verites concordent	f3c1f9a8	SOUS_RESERVE	Noddy1314
ref	60ae07c4	367817	MarcooN1414	marche	les deux verites concordent	f3c1f9a8	SOUS_RESERVE	Mims5268
ref	60ae07c4	371454	Noddy1314	marche	les deux verites concordent	f3c1f9a8	SOUS_RESERVE	Matyus89
ref	60ae07c4	374906	Matyus89	marche	les deux verites concordent	da3b5ba4	VALIDE	Madina97294
ref	60ae07c4	376742	Mims5268	marche	les deux verites concordent	f3c1f9a8	SOUS_RESERVE	Madina97294
ref	60ae07c4	380797	Madina97294	marche	les deux verites concordent	f3c1f9a8	SOUS_RESERVE	xToo Frosty
ref	60ae07c4	382015	STCYYR	marche	les deux verites concordent	f3c1f9a8	SOUS_RESERVE	DavidSuomi
ref	60ae07c4	395995	DavidSuomi	marche	les deux verites concordent	f3c1f9a8	SOUS_RESERVE	Noddy1314
ref	60ae07c4	398248	Noddy1314	marche	les deux verites concordent	2ff92041	VALIDE	Mims5268
ref	60ae07c4	401184	xToo Frosty	marche	les deux verites concordent	f3c1f9a8	SOUS_RESERVE	STCYYR
ref	60ae07c4	402068	MarcooN1414	marche	les deux verites concordent	f3c1f9a8	SOUS_RESERVE	Matyus89
ref	60ae07c4	402418	Matyus89	marche	les deux verites concordent	f3c1f9a8	SOUS_RESERVE	Madina97294
ref	60ae07c4	421320	MarcooN1414	marche	les deux verites concordent	f3c1f9a8	SOUS_RESERVE	DavidSuomi
ref	60ae07c4	423857	DavidSuomi	marche	les deux verites concordent	f3c1f9a8	SOUS_RESERVE	STCYYR
ref	60ae07c4	425809	Matyus89	marche	les deux verites concordent	f3c1f9a8	SOUS_RESERVE	Noddy1314
ref	60ae07c4	429262	Noddy1314	marche	les deux verites concordent	f3c1f9a8	SOUS_RESERVE	Mims5268
ref	60ae07c4	452220	STCYYR	scan	les deux verites concordent	da3b5ba4	VALIDE	Matyus89
ref	60ae07c4	454273	Mims5268	scan	les deux verites concordent	f3c1f9a8	SOUS_RESERVE	Madina97294
ref	60ae07c4	454840	Noddy1314	scan	les deux verites concordent	f3c1f9a8	SOUS_RESERVE	xToo Frosty
ref	60ae07c4	462631	xToo Frosty	scan	les deux verites concordent	f3c1f9a8	SOUS_RESERVE	Madina97294
ref	60ae07c4	468671	Madina97294	scan	les deux verites concordent	f3c1f9a8	SOUS_RESERVE	DavidSuomi
ref	60ae07c4	473242	Matyus89	scan	les deux verites concordent	f3c1f9a8	SOUS_RESERVE	MarcooN1414
ref	60ae07c4	478164	DavidSuomi	scan	les deux verites concordent	f3c1f9a8	SOUS_RESERVE	STCYYR
ref	60ae07c4	483603	Madina97294	scan	les deux verites concordent	f3c1f9a8	SOUS_RESERVE	xToo Frosty
ref	60ae07c4	485555	xToo Frosty	scan	les deux verites concordent	f3c1f9a8	SOUS_RESERVE	STCYYR
ref	60ae07c4	486422	Mims5268	scan	les deux verites concordent	f3c1f9a8	SOUS_RESERVE	Noddy1314
ref	60ae07c4	491677	STCYYR	scan	les deux verites concordent	f3c1f9a8	SOUS_RESERVE	Matyus89
ref	60ae07c4	499635	DavidSuomi	scan	les deux verites concordent	f3c1f9a8	SOUS_RESERVE	Noddy1314
ref	60ae07c4	499719	Noddy1314	scan	les deux verites concordent	f3c1f9a8	SOUS_RESERVE	DavidSuomi
ref	60ae07c4	502455	MarcooN1414	scan	les deux verites concordent	f3c1f9a8	SOUS_RESERVE	Matyus89
ref	60ae07c4	508494	Matyus89	scan	les deux verites concordent	f3c1f9a8	SOUS_RESERVE	Madina97294
ref	60ae07c4	513633	STCYYR	scan	les deux verites concordent	f3c1f9a8	SOUS_RESERVE	Mims5268
ref	60ae07c4	514466	xToo Frosty	scan	les deux verites concordent	da3b5ba4	VALIDE	STCYYR
ref	60ae07c4	516402	Madina97294	scan	les deux verites concordent	f3c1f9a8	SOUS_RESERVE	DavidSuomi
ref	60ae07c4	522175	Noddy1314	scan	les deux verites concordent	f3c1f9a8	SOUS_RESERVE	Mims5268
ref	60ae07c4	535388	Mims5268	scan	les deux verites concordent	f3c1f9a8	SOUS_RESERVE	STCYYR
ref	60ae07c4	540944	STCYYR	scan	les deux verites concordent	f3c1f9a8	SOUS_RESERVE	Matyus89
ref	60ae07c4	541945	xToo Frosty	scan	les deux verites concordent	f3c1f9a8	SOUS_RESERVE	Madina97294
ref	60ae07c4	545497	DavidSuomi	scan	les deux verites concordent	da3b5ba4	VALIDE	MarcooN1414
ref	60ae07c4	554824	Mims5268	scan	les deux verites concordent	f3c1f9a8	SOUS_RESERVE	Noddy1314
ref	60ae07c4	556660	Madina97294	scan	les deux verites concordent	f3c1f9a8	SOUS_RESERVE	Matyus89
ref	60ae07c4	559462	MarcooN1414	scan	les deux verites concordent	f3c1f9a8	SOUS_RESERVE	xToo Frosty
ref	60ae07c4	560930	xToo Frosty	scan	les deux verites concordent	f3c1f9a8	SOUS_RESERVE	STCYYR
ref	60ae07c4	563666	DavidSuomi	scan	les deux verites concordent	f3c1f9a8	SOUS_RESERVE	STCYYR
ref	60ae07c4	565100	STCYYR	scan	les deux verites concordent	da3b5ba4	VALIDE	DavidSuomi
ref	60ae07c4	573376	Matyus89	scan	les deux verites concordent	f3c1f9a8	SOUS_RESERVE	Noddy1314
ref	60ae07c4	581384	Noddy1314	scan	les deux verites concordent	f3c1f9a8	SOUS_RESERVE	Mims5268
ref	60ae07c4	585839	STCYYR	scan	les deux verites concordent	f3c1f9a8	SOUS_RESERVE	DavidSuomi
ref	60ae07c4	596349	Mims5268	scan	les deux verites concordent	f3c1f9a8	SOUS_RESERVE	Noddy1314
ref	60ae07c4	599019	Matyus89	scan	les deux verites concordent	f3c1f9a8	SOUS_RESERVE	STCYYR
ref	60ae07c4	600787	xToo Frosty	scan	les deux verites concordent	f3c1f9a8	SOUS_RESERVE	Noddy1314
ref	60ae07c4	602038	MarcooN1414	scan	les deux verites concordent	f3c1f9a8	SOUS_RESERVE	DavidSuomi
ref	60ae07c4	605509	DavidSuomi	scan	les deux verites concordent	f3c1f9a8	SOUS_RESERVE	STCYYR
ref	60ae07c4	621593	Mims5268	scan	les deux verites concordent	f3c1f9a8	SOUS_RESERVE	MarcooN1414
ref	60ae07c4	622027	xToo Frosty	scan	les deux verites concordent	f3c1f9a8	SOUS_RESERVE	STCYYR
ref	60ae07c4	626864	STCYYR	scan	les deux verites concordent	da3b5ba4	VALIDE	Matyus89
ref	60ae07c4	632254	Matyus89	scan	les deux verites concordent	f3c1f9a8	SOUS_RESERVE	MarcooN1414
ref	60ae07c4	638943	xToo Frosty	scan	les deux verites concordent	f3c1f9a8	SOUS_RESERVE	MarcooN1414
ref	60ae07c4	643714	Madina97294	scan	les deux verites concordent	da3b5ba4	VALIDE	Mims5268
ref	60ae07c4	649721	MarcooN1414	scan	les deux verites concordent	f3c1f9a8	SOUS_RESERVE	DavidSuomi
ref	60ae07c4	652757	Noddy1314	scan	les deux verites concordent	daa03c35	VALIDE	Mims5268
ref	60ae07c4	656128	Matyus89	scan	les deux verites concordent	f3c1f9a8	SOUS_RESERVE	STCYYR
ref	60ae07c4	656344	STCYYR	scan	les deux verites concordent	f3c1f9a8	SOUS_RESERVE	DavidSuomi
ref	60ae07c4	674478	Madina97294	scan	les deux verites concordent	da3b5ba4	VALIDE	DavidSuomi
ref	60ae07c4	680168	Noddy1314	scan	les deux verites concordent	f3c1f9a8	SOUS_RESERVE	Matyus89
ref	60ae07c4	683521	Mims5268	scan	les deux verites concordent	daa03c35	VALIDE	STCYYR
ref	60ae07c4	684255	STCYYR	scan	les deux verites concordent	f3c1f9a8	SOUS_RESERVE	Matyus89
ref	60ae07c4	695083	DavidSuomi	scan	les deux verites concordent	f3c1f9a8	SOUS_RESERVE	Madina97294
ref	60ae07c4	701273	Noddy1314	scan	les deux verites concordent	daa03c35	VALIDE	Matyus89
ref	60ae07c4	701873	Matyus89	scan	les deux verites concordent	f3c1f9a8	SOUS_RESERVE	STCYYR
ref	60ae07c4	704409	Mims5268	scan	les deux verites concordent	f3c1f9a8	SOUS_RESERVE	STCYYR
ref	60ae07c4	711583	xToo Frosty	scan	les deux verites concordent	f3c1f9a8	SOUS_RESERVE	STCYYR
ref	60ae07c4	717689	DavidSuomi	scan	les deux verites concordent	f3c1f9a8	SOUS_RESERVE	Madina97294
ref	60ae07c4	720609	Noddy1314	scan	les deux verites concordent	f3c1f9a8	SOUS_RESERVE	Matyus89
ref	60ae07c4	720675	Matyus89	scan	les deux verites concordent	f3c1f9a8	SOUS_RESERVE	STCYYR
ref	60ae07c4	728900	xToo Frosty	scan	les deux verites concordent	f3c1f9a8	SOUS_RESERVE	MarcooN1414
ref	60ae07c4	731786	Mims5268	scan	les deux verites concordent	f3c1f9a8	SOUS_RESERVE	Madina97294
ref	60ae07c4	743347	Madina97294	scan	les deux verites concordent	00404748	VALIDE	Matyus89
ref	60ae07c4	748420	Noddy1314	scan	les deux verites concordent	f3c1f9a8	SOUS_RESERVE	Mims5268
ref	60ae07c4	752040	DavidSuomi	scan	les deux verites concordent	f3c1f9a8	SOUS_RESERVE	MarcooN1414
ref	60ae07c4	755894	xToo Frosty	scan	les deux verites concordent	f3c1f9a8	SOUS_RESERVE	MarcooN1414
ref	60ae07c4	756761	STCYYR	scan	les deux verites concordent	f3c1f9a8	SOUS_RESERVE	Mims5268
ref	60ae07c4	760482	MarcooN1414	scan	les deux verites concordent	f3c1f9a8	SOUS_RESERVE	Mims5268
ref	60ae07c4	767072	Matyus89	scan	les deux verites concordent	f3c1f9a8	SOUS_RESERVE	Madina97294
ref	60ae07c4	771442	Madina97294	scan	les deux verites concordent	daa03c35	VALIDE	DavidSuomi
ref	60ae07c4	773028	Mims5268	scan	les deux verites concordent	f3c1f9a8	SOUS_RESERVE	STCYYR
ref	60ae07c4	774480	STCYYR	scan	les deux verites concordent	f3c1f9a8	SOUS_RESERVE	xToo Frosty
ref	60ae07c4	779935	DavidSuomi	scan	les deux verites concordent	f3c1f9a8	SOUS_RESERVE	Noddy1314
ref	60ae07c4	782504	Noddy1314	scan	les deux verites concordent	daa03c35	VALIDE	xToo Frosty
ref	60ae07c4	789828	Mims5268	scan	les deux verites concordent	f3c1f9a8	SOUS_RESERVE	STCYYR
ref	60ae07c4	794499	Madina97294	scan	les deux verites concordent	f3c1f9a8	SOUS_RESERVE	Matyus89
ref	60ae07c4	799604	Matyus89	scan	les deux verites concordent	f3c1f9a8	SOUS_RESERVE	STCYYR
ref	60ae07c4	809081	STCYYR	scan	les deux verites concordent	f3c1f9a8	SOUS_RESERVE	DavidSuomi
ref	60ae07c4	810599	DavidSuomi	scan	les deux verites concordent	f3c1f9a8	SOUS_RESERVE	Noddy1314
ref	60ae07c4	810765	Noddy1314	scan	les deux verites concordent	f3c1f9a8	SOUS_RESERVE	Mims5268
ref	60ae07c4	811416	xToo Frosty	scan	les deux verites concordent	daa03c35	VALIDE	MarcooN1414
ref	6b0e6f0f	65728	Mephisto5274	scan	les deux verites concordent	382cafaf	VALIDE	Typhus Drak
ref	6b0e6f0f	66929	UNR Swrvos	marche	les deux verites concordent	f3c1f9a8	SOUS_RESERVE	BigJohn S117
ref	6b0e6f0f	67877	GUTHIKO17	scan	les deux verites concordent	382cafaf	VALIDE	Typhus Drak
ref	6b0e6f0f	70666	UNR Rubie	marche	les deux verites concordent	35e75533	SOUS_RESERVE	SSDC5492
ref	6b0e6f0f	75755	BigJohn S117	marche	les deux verites concordent	674a7d69	VALIDE	UNR Walkure
ref	6b0e6f0f	81710	Korend6849	marche	les deux verites concordent	f3c1f9a8	SOUS_RESERVE	RaceulSlurr
ref	6b0e6f0f	84027	Mephisto5274	marche	les deux verites concordent	674a7d69	VALIDE	UNR Walkure
ref	6b0e6f0f	95108	Punkwolfe	marche	les deux verites concordent	f3c1f9a8	SOUS_RESERVE	UNR Rubie
ref	6b0e6f0f	99679	UNR Walkure	marche	les deux verites concordent	f3c1f9a8	SOUS_RESERVE	Nuzzles
ref	6b0e6f0f	104533	Mephisto5274	marche	les deux verites concordent	f3c1f9a8	SOUS_RESERVE	Typhus Drak
ref	6b0e6f0f	106502	Typhus Drak	marche	les deux verites concordent	f3c1f9a8	SOUS_RESERVE	Blue DSP
ref	6b0e6f0f	109387	Zevazover	marche	les deux verites concordent	35e75533	SOUS_RESERVE	Blue DSP
ref	6b0e6f0f	116962	UNR Rubie	marche	les deux verites concordent	f3c1f9a8	SOUS_RESERVE	BigJohn S117
ref	6b0e6f0f	123769	UNR Cole	marche	les deux verites concordent	35e75533	SOUS_RESERVE	Blue DSP
ref	6b0e6f0f	126305	UNR Swrvos	marche	les deux verites concordent	daa03c35	VALIDE	SSDC5492
ref	6b0e6f0f	126839	RaceulSlurr	marche	les deux verites concordent	166ba62b	SOUS_RESERVE	Nuzzles
ref	6b0e6f0f	129157	BigJohn S117	marche	les deux verites concordent	f3c1f9a8	SOUS_RESERVE	Typhus Drak
ref	6b0e6f0f	133345	Zevazover	marche	les deux verites concordent	f01d60e9	SOUS_RESERVE	Nuzzles
ref	6b0e6f0f	133894	Nuzzles	marche	les deux verites concordent	da3b5ba4	VALIDE	Zevazover
ref	6b0e6f0f	137099	GUTHIKO17	marche	les deux verites concordent	f3c1f9a8	SOUS_RESERVE	UNR Walkure
ref	6b0e6f0f	143489	Mephisto5274	marche	les deux verites concordent	0d203522	VALIDE	RaceulSlurr
ref	6b0e6f0f	149045	Korend6849	marche	les deux verites concordent	f3c1f9a8	SOUS_RESERVE	UNR Walkure
ref	6b0e6f0f	149629	RaceulSlurr	marche	les deux verites concordent	59255106	VALIDE	SSDC5492
ref	6b0e6f0f	153519	SSDC5492	marche	les deux verites concordent	f3c1f9a8	SOUS_RESERVE	UNR Walkure
ref	6b0e6f0f	154500	Zevazover	marche	les deux verites concordent	35e75533	SOUS_RESERVE	BigJohn S117
ref	6b0e6f0f	156602	UNR Cole	marche	les deux verites concordent	35e75533	SOUS_RESERVE	Blue DSP
ref	6b0e6f0f	164144	RaceulSlurr	marche	les deux verites concordent	f3c1f9a8	SOUS_RESERVE	BigJohn S117
ref	6b0e6f0f	168447	Nuzzles	marche	les deux verites concordent	f3c1f9a8	SOUS_RESERVE	Typhus Drak
ref	6b0e6f0f	171868	Mephisto5274	marche	les deux verites concordent	f3c1f9a8	SOUS_RESERVE	UNR Rubie
ref	6b0e6f0f	172402	GUTHIKO17	marche	les deux verites concordent	f3c1f9a8	SOUS_RESERVE	UNR Walkure
ref	6b0e6f0f	184881	SSDC5492	marche	les deux verites concordent	daa03c35	VALIDE	Typhus Drak
ref	6b0e6f0f	188050	Punkwolfe	marche	les deux verites concordent	f3c1f9a8	SOUS_RESERVE	Typhus Drak
ref	6b0e6f0f	190935	Zevazover	marche	les deux verites concordent	177a79ee	SOUS_RESERVE	Nuzzles
ref	6b0e6f0f	200530	Blue DSP	marche	les deux verites concordent	f3c1f9a8	SOUS_RESERVE	UNR Rubie
ref	6b0e6f0f	203750	Typhus Drak	marche	les deux verites concordent	13ff7bdf	SOUS_RESERVE	Nuzzles
ref	6b0e6f0f	219317	UNR Cole	marche	les deux verites concordent	f3c1f9a8	SOUS_RESERVE	Korend6849
ref	6b0e6f0f	219749	Mephisto5274	marche	les deux verites concordent	8b1f83ee	SOUS_RESERVE	UNR Rubie
ref	6b0e6f0f	220634	Korend6849	marche	les deux verites concordent	35e75533	SOUS_RESERVE	Zevazover
ref	6b0e6f0f	223536	Punkwolfe	marche	les deux verites concordent	35e75533	SOUS_RESERVE	UNR Walkure
ref	6b0e6f0f	234782	RaceulSlurr	marche	les deux verites concordent	7654f890	SOUS_RESERVE	BigJohn S117
ref	6b0e6f0f	253634	Nuzzles	marche	les deux verites concordent	8b1f83ee	SOUS_RESERVE	UNR Rubie
ref	6b0e6f0f	259104	Typhus Drak	marche	les deux verites concordent	da3b5ba4	VALIDE	BigJohn S117
ref	6b0e6f0f	260225	Mephisto5274	marche	les deux verites concordent	2ff92041	VALIDE	UNR Rubie
ref	6b0e6f0f	267616	GUTHIKO17	marche	source appartenant a la victime	15cdba9d	VALIDE	UNR Rubie
ref	6b0e6f0f	270650	Korend6849	marche	les deux verites concordent	f01d60e9	SOUS_RESERVE	UNR Swrvos
ref	6b0e6f0f	270652	UNR Swrvos	marche	les deux verites concordent	f01d60e9	SOUS_RESERVE	Korend6849
ref	6b0e6f0f	280310	UNR Cole	marche	les deux verites concordent	35e75533	SOUS_RESERVE	SSDC5492
ref	6b0e6f0f	324207	Blue DSP	scan	les deux verites concordent	166ba62b	SOUS_RESERVE	Typhus Drak
ref	6b0e6f0f	329195	Korend6849	scan	les deux verites concordent	f3c1f9a8	SOUS_RESERVE	RaceulSlurr
ref	6b0e6f0f	331931	Punkwolfe	scan	les deux verites concordent	01bc8b0b	SOUS_RESERVE	UNR Rubie
ref	6b0e6f0f	338535	UNR Walkure	scan	les deux verites concordent	674a7d69	VALIDE	SSDC5492
ref	6b0e6f0f	340838	UNR Rubie	scan	les deux verites concordent	130c4b61	SOUS_RESERVE	Nuzzles
ref	6b0e6f0f	341692	GUTHIKO17	scan	les deux verites concordent	35e75533	SOUS_RESERVE	UNR Cole
ref	6b0e6f0f	345845	UNR Cole	scan	les deux verites concordent	f3c1f9a8	SOUS_RESERVE	BigJohn S117
ref	6b0e6f0f	357057	UNR Walkure	scan	les deux verites concordent	f3c1f9a8	SOUS_RESERVE	Nuzzles
ref	6b0e6f0f	360928	Nuzzles	scan	les deux verites concordent	f3c1f9a8	SOUS_RESERVE	UNR Rubie
ref	6b0e6f0f	364798	SSDC5492	scan	les deux verites concordent	f3c1f9a8	SOUS_RESERVE	UNR Swrvos
ref	6b0e6f0f	368568	Typhus Drak	scan	les deux verites concordent	35e75533	SOUS_RESERVE	Blue DSP
ref	6b0e6f0f	371354	RaceulSlurr	scan	les deux verites concordent	35e75533	SOUS_RESERVE	BigJohn S117
ref	6b0e6f0f	385819	Nuzzles	scan	les deux verites concordent	f3c1f9a8	SOUS_RESERVE	UNR Walkure
ref	6b0e6f0f	390124	GUTHIKO17	scan	les deux verites concordent	003f582d	VALIDE	UNR Cole
ref	6b0e6f0f	391458	UNR Rubie	scan	les deux verites concordent	35e75533	SOUS_RESERVE	Blue DSP
ref	6b0e6f0f	403855	Zevazover	scan	les deux verites concordent	f3c1f9a8	SOUS_RESERVE	Blue DSP
ref	6b0e6f0f	408309	RaceulSlurr	scan	les deux verites concordent	f3c1f9a8	SOUS_RESERVE	Blue DSP
ref	6b0e6f0f	426361	SSDC5492	scan	les deux verites concordent	003f582d	VALIDE	UNR Cole
ref	6b0e6f0f	426794	UNR Rubie	scan	les deux verites concordent	35e75533	SOUS_RESERVE	Blue DSP
ref	6b0e6f0f	428146	UNR Swrvos	scan	les deux verites concordent	f3c1f9a8	SOUS_RESERVE	BigJohn S117
ref	6b0e6f0f	430531	RaceulSlurr	scan	les deux verites concordent	f3c1f9a8	SOUS_RESERVE	Blue DSP
ref	6b0e6f0f	430748	UNR Cole	scan	les deux verites concordent	f3c1f9a8	SOUS_RESERVE	Punkwolfe
ref	6b0e6f0f	436203	Zevazover	scan	les deux verites concordent	f3c1f9a8	SOUS_RESERVE	BigJohn S117
ref	6b0e6f0f	444979	UNR Rubie	scan	les deux verites concordent	f3c1f9a8	SOUS_RESERVE	Blue DSP
ref	6b0e6f0f	454354	UNR Walkure	scan	les deux verites concordent	daa03c35	VALIDE	Mephisto5274
ref	6b0e6f0f	458025	UNR Cole	scan	les deux verites concordent	f3c1f9a8	SOUS_RESERVE	BigJohn S117
ref	6b0e6f0f	465116	Korend6849	scan	les deux verites concordent	f3c1f9a8	SOUS_RESERVE	RaceulSlurr
ref	6b0e6f0f	467751	UNR Rubie	scan	les deux verites concordent	f3c1f9a8	SOUS_RESERVE	BigJohn S117
ref	6b0e6f0f	480281	GUTHIKO17	scan	les deux verites concordent	f3c1f9a8	SOUS_RESERVE	UNR Walkure
ref	6b0e6f0f	485870	BigJohn S117	scan	les deux verites concordent	f3c1f9a8	SOUS_RESERVE	RaceulSlurr
ref	6b0e6f0f	489424	Zevazover	scan	les deux verites concordent	daa03c35	VALIDE	SSDC5492
ref	6b0e6f0f	492793	RaceulSlurr	scan	les deux verites concordent	166ba62b	SOUS_RESERVE	Nuzzles
ref	6b0e6f0f	493025	Nuzzles	scan	les deux verites concordent	0000d627	VALIDE	RaceulSlurr
ref	6b0e6f0f	503769	BigJohn S117	scan	les deux verites concordent	f01d60e9	SOUS_RESERVE	UNR Swrvos
ref	6b0e6f0f	517903	Nuzzles	scan	les deux verites concordent	15dcdfe3	SOUS_RESERVE	Typhus Drak
ref	6b0e6f0f	519671	Punkwolfe	scan	les deux verites concordent	f3c1f9a8	SOUS_RESERVE	UNR Walkure
ref	6b0e6f0f	519704	Typhus Drak	scan	les deux verites concordent	35e75533	SOUS_RESERVE	SSDC5492
ref	6b0e6f0f	522106	BigJohn S117	scan	les deux verites concordent	f3c1f9a8	SOUS_RESERVE	UNR Walkure
ref	6b0e6f0f	523290	UNR Cole	scan	les deux verites concordent	8b1f83ee	SOUS_RESERVE	Mephisto5274
ref	6b0e6f0f	523925	Mephisto5274	scan	les deux verites concordent	f01d60e9	SOUS_RESERVE	UNR Swrvos
ref	6b0e6f0f	526111	UNR Swrvos	scan	les deux verites concordent	f3c1f9a8	SOUS_RESERVE	Blue DSP
ref	6b0e6f0f	534269	UNR Walkure	scan	les deux verites concordent	f3c1f9a8	SOUS_RESERVE	Blue DSP
ref	6b0e6f0f	534433	Blue DSP	scan	les deux verites concordent	0000d627	VALIDE	UNR Walkure
ref	6b0e6f0f	537756	Zevazover	scan	les deux verites concordent	01bc8b0b	SOUS_RESERVE	Nuzzles
ref	6b0e6f0f	538389	Mephisto5274	scan	les deux verites concordent	f3c1f9a8	SOUS_RESERVE	Typhus Drak
ref	6b0e6f0f	547466	UNR Rubie	scan	les deux verites concordent	f3c1f9a8	SOUS_RESERVE	BigJohn S117
ref	6b0e6f0f	549134	UNR Walkure	scan	les deux verites concordent	f3c1f9a8	SOUS_RESERVE	Nuzzles
ref	6b0e6f0f	550919	UNR Cole	scan	les deux verites concordent	f3c1f9a8	SOUS_RESERVE	Blue DSP
ref	6b0e6f0f	551485	RaceulSlurr	scan	les deux verites concordent	f3c1f9a8	SOUS_RESERVE	BigJohn S117
ref	6b0e6f0f	553120	SSDC5492	scan	les deux verites concordent	f3c1f9a8	SOUS_RESERVE	Typhus Drak
ref	6b0e6f0f	555089	GUTHIKO17	scan	les deux verites concordent	f3c1f9a8	SOUS_RESERVE	Typhus Drak
ref	6b0e6f0f	555958	UNR Swrvos	scan	les deux verites concordent	f3c1f9a8	SOUS_RESERVE	Blue DSP
ref	6b0e6f0f	558393	Typhus Drak	scan	les deux verites concordent	f3c1f9a8	SOUS_RESERVE	Blue DSP
ref	6b0e6f0f	560294	Zevazover	scan	les deux verites concordent	177a79ee	SOUS_RESERVE	Punkwolfe
ref	6b0e6f0f	593814	UNR Rubie	scan	les deux verites concordent	7654f890	SOUS_RESERVE	Blue DSP
ref	6b0e6f0f	597834	SSDC5492	scan	les deux verites concordent	f3c1f9a8	SOUS_RESERVE	UNR Swrvos
ref	6b0e6f0f	600668	GUTHIKO17	scan	les deux verites concordent	da3b5ba4	VALIDE	RaceulSlurr
ref	6b0e6f0f	601004	UNR Cole	scan	les deux verites concordent	7654f890	SOUS_RESERVE	Blue DSP
ref	6b0e6f0f	602489	Typhus Drak	scan	les deux verites concordent	f3c1f9a8	SOUS_RESERVE	BigJohn S117
ref	6b0e6f0f	606593	RaceulSlurr	scan	les deux verites concordent	f3c1f9a8	SOUS_RESERVE	BigJohn S117
ref	6b0e6f0f	609126	Zevazover	scan	les deux verites concordent	382cafaf	VALIDE	Punkwolfe
ref	6b0e6f0f	614101	Korend6849	scan	les deux verites concordent	f3c1f9a8	SOUS_RESERVE	UNR Rubie
ref	6b0e6f0f	618936	Typhus Drak	scan	les deux verites concordent	382cafaf	VALIDE	Punkwolfe
ref	6b0e6f0f	619739	UNR Rubie	scan	les deux verites concordent	f01d60e9	SOUS_RESERVE	Nuzzles
ref	6b0e6f0f	619903	UNR Swrvos	scan	source appartenant a la victime	00403594	VALIDE	BigJohn S117
ref	6b0e6f0f	627280	Mephisto5274	scan	les deux verites concordent	daa03c35	VALIDE	UNR Cole
ref	6b0e6f0f	628998	UNR Cole	scan	les deux verites concordent	f3c1f9a8	SOUS_RESERVE	Blue DSP
ref	6b0e6f0f	630166	UNR Walkure	scan	les deux verites concordent	f3c1f9a8	SOUS_RESERVE	BigJohn S117
ref	6b0e6f0f	644031	GUTHIKO17	scan	les deux verites concordent	daa03c35	VALIDE	Typhus Drak
ref	6b0e6f0f	644481	Typhus Drak	scan	les deux verites concordent	f3c1f9a8	SOUS_RESERVE	Blue DSP
ref	6b0e6f0f	648668	Mephisto5274	scan	les deux verites concordent	35e75533	SOUS_RESERVE	RaceulSlurr
ref	6b0e6f0f	649417	Punkwolfe	scan	les deux verites concordent	382cafaf	VALIDE	Zevazover
ref	6b0e6f0f	658878	SSDC5492	scan	les deux verites concordent	f3c1f9a8	SOUS_RESERVE	UNR Rubie
ref	6b0e6f0f	660213	GUTHIKO17	scan	les deux verites concordent	0000005f	INCONNU	UNR Swrvos
ref	6b0e6f0f	665685	Blue DSP	scan	les deux verites concordent	f3c1f9a8	SOUS_RESERVE	UNR Walkure
ref	6b0e6f0f	674845	UNR Cole	scan	les deux verites concordent	35e75533	SOUS_RESERVE	Mephisto5274
ref	6b0e6f0f	674876	Punkwolfe	scan	les deux verites concordent	382cafaf	VALIDE	Zevazover
ref	6b0e6f0f	679132	RaceulSlurr	scan	les deux verites concordent	f3c1f9a8	SOUS_RESERVE	Nuzzles
ref	6b0e6f0f	686707	UNR Rubie	scan	les deux verites concordent	15dcdfe3	SOUS_RESERVE	Nuzzles
ref	6b0e6f0f	686840	Korend6849	scan	les deux verites concordent	f3c1f9a8	SOUS_RESERVE	UNR Walkure
ref	6b0e6f0f	689059	GUTHIKO17	scan	les deux verites concordent	382cafaf	VALIDE	Zevazover
ref	6b0e6f0f	691326	Zevazover	scan	les deux verites concordent	f3c1f9a8	SOUS_RESERVE	Blue DSP
ref	6b0e6f0f	698635	SSDC5492	scan	les deux verites concordent	f3c1f9a8	SOUS_RESERVE	Typhus Drak
ref	6b0e6f0f	701238	UNR Swrvos	scan	les deux verites concordent	f3c1f9a8	SOUS_RESERVE	BigJohn S117
ref	6b0e6f0f	704342	Nuzzles	scan	les deux verites concordent	f3c1f9a8	SOUS_RESERVE	UNR Rubie
ref	6b0e6f0f	704943	UNR Walkure	scan	les deux verites concordent	f3c1f9a8	SOUS_RESERVE	Blue DSP
ref	6b0e6f0f	713100	BigJohn S117	scan	les deux verites concordent	166ba62b	SOUS_RESERVE	Typhus Drak
ref	6b0e6f0f	725248	Punkwolfe	scan	les deux verites concordent	f3c1f9a8	SOUS_RESERVE	UNR Rubie
ref	6b0e6f0f	728368	Korend6849	scan	les deux verites concordent	f3c1f9a8	SOUS_RESERVE	RaceulSlurr
ref	6b0e6f0f	730486	Typhus Drak	scan	les deux verites concordent	f3c1f9a8	SOUS_RESERVE	Blue DSP
ref	6b0e6f0f	732238	Nuzzles	scan	les deux verites concordent	35e75533	SOUS_RESERVE	UNR Rubie
ref	6b0e6f0f	734474	RaceulSlurr	scan	les deux verites concordent	daa03c35	VALIDE	SSDC5492
ref	6b0e6f0f	744117	UNR Cole	scan	les deux verites concordent	35e75533	SOUS_RESERVE	SSDC5492
ref	6b0e6f0f	744701	Blue DSP	scan	les deux verites concordent	35e75533	SOUS_RESERVE	UNR Walkure
ref	6b0e6f0f	747788	GUTHIKO17	scan	les deux verites concordent	f3c1f9a8	SOUS_RESERVE	Zevazover
ref	6b0e6f0f	748903	UNR Walkure	scan	les deux verites concordent	e9941862	SOUS_RESERVE	Mephisto5274
ref	6b0e6f0f	755096	SSDC5492	scan	les deux verites concordent	15dcdfe3	SOUS_RESERVE	Zevazover
ref	6b0e6f0f	756461	Zevazover	scan	les deux verites concordent	da3b5ba4	VALIDE	SSDC5492
ref	6b0e6f0f	762820	Mephisto5274	scan	les deux verites concordent	35e75533	SOUS_RESERVE	UNR Rubie
ref	6b0e6f0f	782037	UNR Cole	scan	les deux verites concordent	13ff7bdf	SOUS_RESERVE	Nuzzles
ref	6b0e6f0f	785759	Typhus Drak	scan	les deux verites concordent	f3c1f9a8	SOUS_RESERVE	Blue DSP
ref	6b0e6f0f	788162	Punkwolfe	scan	les deux verites concordent	b258262f	SOUS_RESERVE	RaceulSlurr
ref	6b0e6f0f	790815	BigJohn S117	scan	les deux verites concordent	f3c1f9a8	SOUS_RESERVE	UNR Walkure
ref	6b0e6f0f	796837	SSDC5492	scan	les deux verites concordent	daa03c35	VALIDE	Zevazover
ref	6b0e6f0f	796971	UNR Walkure	scan	les deux verites concordent	7654f890	SOUS_RESERVE	Nuzzles
ref	6b0e6f0f	797605	Korend6849	scan	les deux verites concordent	b258262f	SOUS_RESERVE	RaceulSlurr
ref	6b0e6f0f	798055	UNR Cole	scan	les deux verites concordent	f3c1f9a8	SOUS_RESERVE	Blue DSP
ref	6b0e6f0f	803427	Typhus Drak	scan	les deux verites concordent	f3c1f9a8	SOUS_RESERVE	Blue DSP
ref	6b0e6f0f	811236	Zevazover	scan	les deux verites concordent	daa03c35	VALIDE	Nuzzles
ref	6b0e6f0f	818978	UNR Rubie	scan	les deux verites concordent	f3c1f9a8	SOUS_RESERVE	Blue DSP
ref	6b0e6f0f	848325	Punkwolfe	scan	les deux verites concordent	f3c1f9a8	SOUS_RESERVE	Typhus Drak
ref	6b0e6f0f	849577	UNR Swrvos	scan	les deux verites concordent	f3c1f9a8	SOUS_RESERVE	Korend6849
ref	6b0e6f0f	849894	Typhus Drak	scan	les deux verites concordent	f3c1f9a8	SOUS_RESERVE	Nuzzles
ref	6b0e6f0f	850161	UNR Cole	scan	les deux verites concordent	f3c1f9a8	SOUS_RESERVE	BigJohn S117
ref	6b0e6f0f	852596	UNR Walkure	scan	les deux verites concordent	f3c1f9a8	SOUS_RESERVE	Korend6849
ref	6b0e6f0f	872781	UNR Cole	scan	les deux verites concordent	674a7d69	VALIDE	Korend6849
ref	6b0e6f0f	873434	Typhus Drak	scan	les deux verites concordent	f3c1f9a8	SOUS_RESERVE	BigJohn S117
ref	6b0e6f0f	874869	BigJohn S117	scan	les deux verites concordent	35e75533	SOUS_RESERVE	UNR Walkure
ref	6b0e6f0f	877038	UNR Swrvos	scan	les deux verites concordent	f3c1f9a8	SOUS_RESERVE	Blue DSP
ref	6b0e6f0f	878821	SSDC5492	scan	les deux verites concordent	d60cb047	SOUS_RESERVE	UNR Rubie
ref	6b0e6f0f	878824	Korend6849	scan	les deux verites concordent	d60cb047	SOUS_RESERVE	UNR Rubie
ref	6b0e6f0f	882510	UNR Walkure	scan	les deux verites concordent	f3c1f9a8	SOUS_RESERVE	Blue DSP
ref	6b0e6f0f	893805	GUTHIKO17	scan	les deux verites concordent	f3c1f9a8	SOUS_RESERVE	UNR Rubie
ref	6b0e6f0f	898776	UNR Cole	scan	les deux verites concordent	f3c1f9a8	SOUS_RESERVE	Mephisto5274
ref	6b0e6f0f	902230	Blue DSP	scan	les deux verites concordent	f3c1f9a8	SOUS_RESERVE	Typhus Drak
ref	6b0e6f0f	903497	RaceulSlurr	scan	les deux verites concordent	f3c1f9a8	SOUS_RESERVE	Nuzzles
ref	6b0e6f0f	908352	Korend6849	scan	les deux verites concordent	f3c1f9a8	SOUS_RESERVE	UNR Walkure
ref	6b0e6f0f	910721	UNR Walkure	scan	les deux verites concordent	f3c1f9a8	SOUS_RESERVE	SSDC5492
ref	6b0e6f0f	921299	SSDC5492	scan	les deux verites concordent	8add9998	SOUS_RESERVE	Typhus Drak
ref	6b0e6f0f	926287	Typhus Drak	scan	les deux verites concordent	f3c1f9a8	SOUS_RESERVE	Blue DSP
ref	6b0e6f0f	927005	Nuzzles	scan	les deux verites concordent	f3c1f9a8	SOUS_RESERVE	RaceulSlurr
ref	6b0e6f0f	932227	Mephisto5274	scan	les deux verites concordent	35e75533	SOUS_RESERVE	UNR Cole
ref	6b0e6f0f	941835	GUTHIKO17	scan	les deux verites concordent	f3c1f9a8	SOUS_RESERVE	UNR Rubie
ref	6b0e6f0f	942536	UNR Walkure	scan	les deux verites concordent	f3c1f9a8	SOUS_RESERVE	BigJohn S117
ref	6b0e6f0f	944186	Korend6849	scan	les deux verites concordent	f712c64a	VALIDE	UNR Swrvos
ref	6b0e6f0f	946657	UNR Swrvos	scan	les deux verites concordent	f3c1f9a8	SOUS_RESERVE	BigJohn S117
ref	6b0e6f0f	951828	Mephisto5274	scan	les deux verites concordent	f3c1f9a8	SOUS_RESERVE	UNR Rubie
ref	6b0e6f0f	957869	UNR Cole	scan	les deux verites concordent	f3c1f9a8	SOUS_RESERVE	Nuzzles
ref	6b0e6f0f	970813	Mephisto5274	scan	les deux verites concordent	177a79ee	SOUS_RESERVE	Typhus Drak
ref	6b0e6f0f	979340	GUTHIKO17	scan	les deux verites concordent	177a79ee	SOUS_RESERVE	Typhus Drak
ref	6b0e6f0f	980624	Nuzzles	scan	les deux verites concordent	35e75533	SOUS_RESERVE	UNR Rubie
ref	6b0e6f0f	980908	UNR Rubie	scan	les deux verites concordent	177a79ee	SOUS_RESERVE	Korend6849
ref	6b0e6f0f	981659	RaceulSlurr	scan	les deux verites concordent	2ff92041	VALIDE	Korend6849
ref	6b0e6f0f	982891	UNR Cole	scan	les deux verites concordent	f712c64a	VALIDE	Blue DSP
ref	6b0e6f0f	983308	BigJohn S117	scan	les deux verites concordent	00404748	VALIDE	UNR Walkure
ref	6b0e6f0f	987346	UNR Swrvos	scan	les deux verites concordent	f712c64a	VALIDE	Blue DSP
ref	6b0e6f0f	987949	Korend6849	scan	les deux verites concordent	177a79ee	SOUS_RESERVE	Typhus Drak
ref	6b0e6f0f	988515	UNR Walkure	scan	les deux verites concordent	35e75533	SOUS_RESERVE	SSDC5492
ref	6b0e6f0f	1004048	Typhus Drak	scan	les deux verites concordent	f3c1f9a8	SOUS_RESERVE	BigJohn S117
ref	6b0e6f0f	1011239	Mephisto5274	scan	les deux verites concordent	f3c1f9a8	SOUS_RESERVE	UNR Rubie
ref	6b0e6f0f	1020528	UNR Swrvos	scan	les deux verites concordent	f3c1f9a8	SOUS_RESERVE	BigJohn S117
ref	6b0e6f0f	1025016	UNR Rubie	scan	les deux verites concordent	daa03c35	VALIDE	SSDC5492
ref	6b0e6f0f	1029204	BigJohn S117	scan	les deux verites concordent	166ba62b	SOUS_RESERVE	Typhus Drak
ref	6b0e6f0f	1030537	Mephisto5274	scan	les deux verites concordent	f3c1f9a8	SOUS_RESERVE	RaceulSlurr
ref	6b0e6f0f	1042650	UNR Swrvos	scan	les deux verites concordent	35e75533	SOUS_RESERVE	Blue DSP
ref	6b0e6f0f	1044252	Typhus Drak	scan	les deux verites concordent	daa03c35	VALIDE	Blue DSP
ref	6b0e6f0f	1048421	BigJohn S117	scan	les deux verites concordent	674a7d69	VALIDE	UNR Walkure
ref	6b0e6f0f	1051240	GUTHIKO17	scan	les deux verites concordent	a859230a	VALIDE	UNR Walkure
ref	6b0e6f0f	1060818	Korend6849	scan	les deux verites concordent	daa03c35	VALIDE	UNR Rubie
ref	6b0e6f0f	1065474	RaceulSlurr	scan	les deux verites concordent	daa03c35	VALIDE	SSDC5492
ref	6b0e6f0f	1067407	SSDC5492	scan	les deux verites concordent	674a7d69	VALIDE	UNR Walkure
ref	6b0e6f0f	1067559	UNR Rubie	scan	les deux verites concordent	35e75533	SOUS_RESERVE	Mephisto5274
ref	6b0e6f0f	1071511	UNR Walkure	scan	les deux verites concordent	28907150	VALIDE	Blue DSP
ref	6b0e6f0f	1071514	Typhus Drak	scan	les deux verites concordent	28907150	VALIDE	Blue DSP
ref	6b0e6f0f	1071516	UNR Cole	scan	les deux verites concordent	e9941862	SOUS_RESERVE	Blue DSP
ref	6b0e6f0f	1079522	Mephisto5274	scan	les deux verites concordent	f01d60e9	SOUS_RESERVE	UNR Swrvos
ref	6b0e6f0f	1112124	UNR Cole	scan	les deux verites concordent	7654f890	SOUS_RESERVE	Blue DSP
ref	6b0e6f0f	1114142	GUTHIKO17	scan	les deux verites concordent	f3c1f9a8	SOUS_RESERVE	UNR Swrvos
ref	6b0e6f0f	1114526	UNR Swrvos	scan	les deux verites concordent	7654f890	SOUS_RESERVE	Blue DSP
ref	6b0e6f0f	1118313	Korend6849	scan	les deux verites concordent	f3c1f9a8	SOUS_RESERVE	Typhus Drak
ref	6b0e6f0f	1123985	UNR Walkure	scan	les deux verites concordent	7654f890	SOUS_RESERVE	Blue DSP
ref	6b0e6f0f	1130675	Nuzzles	scan	les deux verites concordent	daa03c35	VALIDE	Typhus Drak
ref	6b0e6f0f	1133929	UNR Cole	scan	les deux verites concordent	7654f890	SOUS_RESERVE	Blue DSP
ref	6b0e6f0f	1142171	BigJohn S117	scan	les deux verites concordent	35e75533	SOUS_RESERVE	RaceulSlurr
ref	6b0e6f0f	1142337	GUTHIKO17	scan	les deux verites concordent	35e75533	SOUS_RESERVE	Typhus Drak
ref	6b0e6f0f	1146659	UNR Walkure	scan	les deux verites concordent	7654f890	SOUS_RESERVE	Blue DSP
ref	6b0e6f0f	1165244	Typhus Drak	scan	les deux verites concordent	f3c1f9a8	SOUS_RESERVE	Blue DSP
ref	6b0e6f0f	1168346	RaceulSlurr	scan	les deux verites concordent	35e75533	SOUS_RESERVE	BigJohn S117
ref	6b0e6f0f	1169465	UNR Cole	scan	les deux verites concordent	2ff92041	VALIDE	Blue DSP
ref	6b0e6f0f	1169467	Blue DSP	scan	les deux verites concordent	2ff92041	VALIDE	UNR Cole
ref	6b0e6f0f	1178357	UNR Rubie	scan	les deux verites concordent	0d203522	VALIDE	Nuzzles
ref	6b0e6f0f	1180142	UNR Walkure	scan	les deux verites concordent	35e75533	SOUS_RESERVE	BigJohn S117
ref	6b0e6f0f	1183095	Korend6849	scan	les deux verites concordent	15dcdfe3	SOUS_RESERVE	Typhus Drak
ref	6b0e6f0f	1186917	Mephisto5274	scan	les deux verites concordent	15dcdfe3	SOUS_RESERVE	Typhus Drak
ref	6b0e6f0f	1194657	GUTHIKO17	scan	les deux verites concordent	f3c1f9a8	SOUS_RESERVE	RaceulSlurr
ref	6b0e6f0f	1197711	SSDC5492	scan	les deux verites concordent	f3c1f9a8	SOUS_RESERVE	UNR Rubie
ref	6b0e6f0f	1199344	UNR Cole	scan	les deux verites concordent	f3c1f9a8	SOUS_RESERVE	BigJohn S117
ref	6b0e6f0f	1204417	Typhus Drak	scan	les deux verites concordent	f01d60e9	SOUS_RESERVE	Nuzzles
ref	6b0e6f0f	1204767	Nuzzles	scan	les deux verites concordent	f3c1f9a8	SOUS_RESERVE	UNR Rubie
ref	6b0e6f0f	1205918	BigJohn S117	scan	les deux verites concordent	f3c1f9a8	SOUS_RESERVE	RaceulSlurr
ref	6b0e6f0f	1227107	UNR Walkure	scan	les deux verites concordent	f3c1f9a8	SOUS_RESERVE	Blue DSP
ref	6b0e6f0f	1231561	UNR Swrvos	scan	les deux verites concordent	f3c1f9a8	SOUS_RESERVE	BigJohn S117
ref	6b0e6f0f	1242522	Korend6849	scan	les deux verites concordent	f3c1f9a8	SOUS_RESERVE	UNR Rubie
ref	6b0e6f0f	1245508	Blue DSP	scan	les deux verites concordent	f3c1f9a8	SOUS_RESERVE	Typhus Drak
ref	6b0e6f0f	1249278	UNR Cole	scan	les deux verites concordent	f3c1f9a8	SOUS_RESERVE	BigJohn S117
ref	6b0e6f0f	1259238	Typhus Drak	scan	les deux verites concordent	f3c1f9a8	SOUS_RESERVE	BigJohn S117
ref	6b0e6f0f	1262341	SSDC5492	scan	les deux verites concordent	f3c1f9a8	SOUS_RESERVE	RaceulSlurr
ref	6b0e6f0f	1269764	RaceulSlurr	scan	les deux verites concordent	da3b5ba4	VALIDE	Mephisto5274
ref	6b0e6f0f	1271682	Mephisto5274	scan	les deux verites concordent	00404748	VALIDE	UNR Rubie
ref	6b0e6f0f	1273654	UNR Cole	scan	les deux verites concordent	f3c1f9a8	SOUS_RESERVE	BigJohn S117
ref	6b0e6f0f	1275288	UNR Walkure	scan	les deux verites concordent	f3c1f9a8	SOUS_RESERVE	Blue DSP
ref	6b0e6f0f	1275505	BigJohn S117	scan	les deux verites concordent	daa03c35	VALIDE	UNR Rubie
ref	6b0e6f0f	1276339	Korend6849	scan	les deux verites concordent	f3c1f9a8	SOUS_RESERVE	Typhus Drak
ref	6b0e6f0f	1277356	UNR Swrvos	scan	les deux verites concordent	35e75533	SOUS_RESERVE	Nuzzles
ref	6b0e6f0f	1281327	Typhus Drak	scan	les deux verites concordent	35e75533	SOUS_RESERVE	Nuzzles
ref	6b0e6f0f	1283646	Nuzzles	scan	les deux verites concordent	daa03c35	VALIDE	UNR Rubie
ref	6b0e6f0f	1288682	GUTHIKO17	scan	les deux verites concordent	f712c64a	VALIDE	UNR Rubie
ref	6b0e6f0f	1290019	SSDC5492	scan	les deux verites concordent	0000005f	INCONNU	UNR Rubie
ref	72b0a25e	54523	Jakku5300	marche	les deux verites concordent	bb1a095b	SOUS_RESERVE	SpctreLC
ref	72b0a25e	55606	blackspartan765	marche	les deux verites concordent	bb1a095b	SOUS_RESERVE	Madina97294
ref	72b0a25e	63266	SpctreLC	scan	les deux verites concordent	0d203522	VALIDE	JGtm
ref	72b0a25e	66951	blackspartan765	marche	les deux verites concordent	7654f890	SOUS_RESERVE	Madina97294
ref	72b0a25e	84000	iDrifteRz v1	marche	les deux verites concordent	d468178e	SOUS_RESERVE	JGtm
ref	72b0a25e	84536	SpctreLC	marche	les deux verites concordent	bb1a095b	SOUS_RESERVE	Chocoboflor
ref	72b0a25e	89725	Chocoboflor	scan	les deux verites concordent	0000b238	SOUS_RESERVE	blackspartan765
ref	72b0a25e	91875	blackspartan765	marche	les deux verites concordent	d468178e	SOUS_RESERVE	JGtm
ref	72b0a25e	100867	Patatasxd3526	marche	les deux verites concordent	d468178e	SOUS_RESERVE	JGtm
ref	72b0a25e	100869	SpctreLC	marche	les deux verites concordent	d468178e	SOUS_RESERVE	JGtm
ref	72b0a25e	100871	iDrifteRz v1	marche	les deux verites concordent	d468178e	SOUS_RESERVE	JGtm
ref	72b0a25e	114066	blackspartan765	scan	les deux verites concordent	daa03c35	VALIDE	JGtm
ref	72b0a25e	128514	JGtm	marche	les deux verites concordent	bb1a095b	SOUS_RESERVE	Patatasxd3526
ref	72b0a25e	136522	Patatasxd3526	scan	les deux verites concordent	7654f890	SOUS_RESERVE	Madina97294
ref	72b0a25e	138357	Chocoboflor	scan	les deux verites concordent	0000b238	SOUS_RESERVE	SpctreLC
ref	72b0a25e	143314	SpctreLC	scan	les deux verites concordent	bb1a095b	SOUS_RESERVE	Madina97294
ref	72b0a25e	144835	Madina97294	scan	les deux verites concordent	0000b238	SOUS_RESERVE	blackspartan765
ref	72b0a25e	151620	Jakku5300	marche	les deux verites concordent	daa03c35	VALIDE	blackspartan765
ref	72b0a25e	154223	blackspartan765	marche	les deux verites concordent	f3c1f9a8	SOUS_RESERVE	Chocoboflor
ref	72b0a25e	156542	iDrifteRz v1	scan	les deux verites concordent	f3c1f9a8	SOUS_RESERVE	Chocoboflor
ref	72b0a25e	172324	Madina97294	marche	les deux verites concordent	bb1a095b	SOUS_RESERVE	Patatasxd3526
ref	72b0a25e	175375	Patatasxd3526	marche	les deux verites concordent	59255106	VALIDE	Chocoboflor
ref	72b0a25e	178398	Jakku5300	scan	les deux verites concordent	daa03c35	VALIDE	SpctreLC
ref	72b0a25e	189692	blackspartan765	marche	les deux verites concordent	2ff92041	VALIDE	Chocoboflor
ref	72b0a25e	189694	Chocoboflor	marche	les deux verites concordent	2ff92041	VALIDE	blackspartan765
ref	72b0a25e	196549	SpctreLC	scan	les deux verites concordent	bb1a095b	SOUS_RESERVE	JGtm
ref	72b0a25e	203656	Patatasxd3526	scan	les deux verites concordent	0000b238	SOUS_RESERVE	Chocoboflor
ref	72b0a25e	212313	blackspartan765	scan	les deux verites concordent	da3b5ba4	VALIDE	Jakku5300
ref	72b0a25e	212682	iDrifteRz v1	scan	les deux verites concordent	daa03c35	VALIDE	JGtm
ref	72b0a25e	217037	SpctreLC	scan	les deux verites concordent	177a79ee	SOUS_RESERVE	Jakku5300
ref	72b0a25e	221108	Chocoboflor	scan	les deux verites concordent	bb1a095b	SOUS_RESERVE	Patatasxd3526
ref	72b0a25e	224494	Patatasxd3526	scan	les deux verites concordent	daa03c35	VALIDE	Madina97294
ref	72b0a25e	234502	iDrifteRz v1	scan	les deux verites concordent	d468178e	SOUS_RESERVE	JGtm
ref	72b0a25e	239909	JGtm	marche	les deux verites concordent	0000b238	SOUS_RESERVE	SpctreLC
ref	72b0a25e	240191	SpctreLC	scan	les deux verites concordent	d468178e	SOUS_RESERVE	JGtm
ref	72b0a25e	252006	SpctreLC	marche	les deux verites concordent	0d203522	VALIDE	Chocoboflor
ref	72b0a25e	254459	Jakku5300	scan	les deux verites concordent	bb1a095b	SOUS_RESERVE	iDrifteRz v1
ref	72b0a25e	258829	iDrifteRz v1	marche	les deux verites concordent	0000b238	SOUS_RESERVE	Chocoboflor
ref	72b0a25e	272444	SpctreLC	marche	les deux verites concordent	daa03c35	VALIDE	Madina97294
ref	72b0a25e	272477	blackspartan765	marche	les deux verites concordent	0000b238	SOUS_RESERVE	Chocoboflor
ref	72b0a25e	280801	iDrifteRz v1	scan	les deux verites concordent	daa03c35	VALIDE	Madina97294
ref	72b0a25e	281203	Jakku5300	marche	les deux verites concordent	f3c1f9a8	SOUS_RESERVE	Patatasxd3526
ref	72b0a25e	287075	SpctreLC	scan	les deux verites concordent	7654f890	SOUS_RESERVE	Madina97294
ref	72b0a25e	289278	blackspartan765	marche	les deux verites concordent	2ff92041	VALIDE	Madina97294
ref	72b0a25e	289280	Madina97294	marche	les deux verites concordent	2ff92041	VALIDE	blackspartan765
ref	72b0a25e	302422	iDrifteRz v1	marche	les deux verites concordent	0d203522	VALIDE	Chocoboflor
ref	72b0a25e	303942	SpctreLC	scan	les deux verites concordent	0000b238	SOUS_RESERVE	JGtm
ref	72b0a25e	305258	Chocoboflor	scan	les deux verites concordent	59255106	VALIDE	SpctreLC
ref	72b0a25e	307996	Patatasxd3526	marche	les deux verites concordent	bb1a095b	SOUS_RESERVE	Madina97294
ref	72b0a25e	317756	blackspartan765	scan	les deux verites concordent	177a79ee	SOUS_RESERVE	Jakku5300
ref	72b0a25e	323278	Jakku5300	marche	les deux verites concordent	f3c1f9a8	SOUS_RESERVE	SpctreLC
ref	72b0a25e	326731	JGtm	marche	les deux verites concordent	daa03c35	VALIDE	iDrifteRz v1
ref	72b0a25e	327166	SpctreLC	marche	les deux verites concordent	f01d60e9	SOUS_RESERVE	Madina97294
ref	72b0a25e	330885	iDrifteRz v1	scan	les deux verites concordent	bb1a095b	SOUS_RESERVE	Madina97294
ref	72b0a25e	331103	Patatasxd3526	marche	les deux verites concordent	7654f890	SOUS_RESERVE	Chocoboflor
ref	72b0a25e	341480	blackspartan765	marche	les deux verites concordent	f01d60e9	SOUS_RESERVE	Madina97294
ref	72b0a25e	351772	iDrifteRz v1	marche	les deux verites concordent	0d203522	VALIDE	JGtm
ref	72b0a25e	353957	Madina97294	marche	les deux verites concordent	bb1a095b	SOUS_RESERVE	SpctreLC
ref	72b0a25e	356461	Chocoboflor	marche	les deux verites concordent	bb1a095b	SOUS_RESERVE	Patatasxd3526
ref	72b0a25e	360415	SpctreLC	marche	les deux verites concordent	bb1a095b	SOUS_RESERVE	JGtm
ref	72b0a25e	362017	JGtm	scan	les deux verites concordent	bb1a095b	SOUS_RESERVE	Patatasxd3526
ref	72b0a25e	372311	Patatasxd3526	marche	les deux verites concordent	bb1a095b	SOUS_RESERVE	Madina97294
ref	72b0a25e	373646	Madina97294	scan	les deux verites concordent	2ff92041	VALIDE	blackspartan765
ref	72b0a25e	379718	JGtm	scan	les deux verites concordent	f3c1f9a8	SOUS_RESERVE	SpctreLC
ref	72b0a25e	382571	Jakku5300	marche	les deux verites concordent	daa03c35	VALIDE	blackspartan765
ref	72b0a25e	385556	Chocoboflor	marche	les deux verites concordent	daa03c35	VALIDE	blackspartan765
ref	72b0a25e	386958	blackspartan765	scan	les deux verites concordent	bb1a095b	SOUS_RESERVE	Madina97294
ref	72b0a25e	391997	iDrifteRz v1	marche	les deux verites concordent	0000b238	SOUS_RESERVE	Madina97294
ref	72b0a25e	400423	blackspartan765	scan	les deux verites concordent	bb1a095b	SOUS_RESERVE	Chocoboflor
ref	72b0a25e	401688	Chocoboflor	marche	source appartenant a la victime	00403594	VALIDE	blackspartan765
ref	72b0a25e	406579	Patatasxd3526	marche	les deux verites concordent	f3c1f9a8	SOUS_RESERVE	JGtm
ref	72b0a25e	409449	Jakku5300	marche	les deux verites concordent	2ff92041	VALIDE	SpctreLC
ref	72b0a25e	409451	SpctreLC	marche	les deux verites concordent	2ff92041	VALIDE	Jakku5300
ref	72b0a25e	417806	Madina97294	marche	les deux verites concordent	0000b238	SOUS_RESERVE	blackspartan765
ref	72b0a25e	426081	blackspartan765	scan	les deux verites concordent	daa03c35	VALIDE	JGtm
ref	72b0a25e	427833	JGtm	scan	les deux verites concordent	daa03c35	VALIDE	iDrifteRz v1
ref	72b0a25e	433640	iDrifteRz v1	scan	les deux verites concordent	0000b238	SOUS_RESERVE	Chocoboflor
ref	72b0a25e	436240	Chocoboflor	scan	les deux verites concordent	d468178e	SOUS_RESERVE	SpctreLC
ref	72b0a25e	440161	Madina97294	scan	les deux verites concordent	d468178e	SOUS_RESERVE	SpctreLC
ref	72b0a25e	446750	SpctreLC	scan	source appartenant a la victime	d468178e	SOUS_RESERVE	JGtm
ref	72b0a25e	446752	JGtm	scan	les deux verites concordent	d468178e	SOUS_RESERVE	SpctreLC
ref	8f7f5806	34024	Jasbino	marche	les deux verites concordent	f3c1f9a8	SOUS_RESERVE	Itzz Inferno
ref	8f7f5806	35425	Sniper Slays	marche	les deux verites concordent	f3c1f9a8	SOUS_RESERVE	Nuzzles
ref	8f7f5806	36175	Nuzzles	marche	les deux verites concordent	da3b5ba4	VALIDE	Primewars6911
ref	8f7f5806	38611	Primewars6911	marche	les deux verites concordent	f3c1f9a8	SOUS_RESERVE	Itzz Inferno
ref	8f7f5806	43182	Gungnir1810	marche	les deux verites concordent	f3c1f9a8	SOUS_RESERVE	Itzz Inferno
ref	8f7f5806	52425	o Yatagarasu	marche	les deux verites concordent	f3c1f9a8	SOUS_RESERVE	Sniper Slays
ref	8f7f5806	64871	Nuzzles	marche	les deux verites concordent	f3c1f9a8	SOUS_RESERVE	Jasbino
ref	8f7f5806	66005	Gungnir1810	marche	les deux verites concordent	f3c1f9a8	SOUS_RESERVE	flipflex
ref	8f7f5806	66122	flipflex	marche	les deux verites concordent	f3c1f9a8	SOUS_RESERVE	Sniper Slays
ref	8f7f5806	79802	Jasbino	marche	les deux verites concordent	2ff92041	VALIDE	Itzz Inferno
ref	8f7f5806	82055	Gungnir1810	marche	les deux verites concordent	f3c1f9a8	SOUS_RESERVE	Nuzzles
ref	8f7f5806	92582	Sniper Slays	marche	les deux verites concordent	ee2d686d	VALIDE	flipflex
ref	8f7f5806	94301	Itzz Inferno	marche	les deux verites concordent	f3c1f9a8	SOUS_RESERVE	Primewars6911
ref	8f7f5806	102625	flipflex	marche	les deux verites concordent	f3c1f9a8	SOUS_RESERVE	Jasbino
ref	8f7f5806	105461	Jasbino	marche	les deux verites concordent	f3c1f9a8	SOUS_RESERVE	Nuzzles
ref	8f7f5806	106196	o Yatagarasu	marche	les deux verites concordent	f3c1f9a8	SOUS_RESERVE	Gungnir1810
ref	8f7f5806	106580	Nuzzles	marche	les deux verites concordent	f3c1f9a8	SOUS_RESERVE	Sniper Slays
ref	8f7f5806	123947	Nuzzles	marche	les deux verites concordent	daa03c35	VALIDE	Primewars6911
ref	8f7f5806	126933	Sniper Slays	marche	les deux verites concordent	f3c1f9a8	SOUS_RESERVE	flipflex
ref	8f7f5806	133790	Gungnir1810	marche	les deux verites concordent	000027cc	VALIDE	flipflex
ref	8f7f5806	135109	Itzz Inferno	marche	les deux verites concordent	f3c1f9a8	SOUS_RESERVE	Jasbino
ref	8f7f5806	136927	o Yatagarasu	marche	les deux verites concordent	f3c1f9a8	SOUS_RESERVE	Primewars6911
ref	8f7f5806	138078	Jasbino	marche	les deux verites concordent	f3c1f9a8	SOUS_RESERVE	Nuzzles
ref	8f7f5806	151743	o Yatagarasu	marche	les deux verites concordent	f3c1f9a8	SOUS_RESERVE	Jasbino
ref	8f7f5806	152911	Primewars6911	marche	les deux verites concordent	f3c1f9a8	SOUS_RESERVE	flipflex
ref	8f7f5806	157097	Jasbino	marche	les deux verites concordent	da3b5ba4	VALIDE	Itzz Inferno
ref	8f7f5806	157381	flipflex	scan	les deux verites concordent	2ff92041	VALIDE	Sniper Slays
ref	8f7f5806	157383	Sniper Slays	scan	les deux verites concordent	2ff92041	VALIDE	flipflex
ref	8f7f5806	177218	o Yatagarasu	marche	les deux verites concordent	f3c1f9a8	SOUS_RESERVE	Primewars6911
ref	8f7f5806	181456	flipflex	marche	les deux verites concordent	f3c1f9a8	SOUS_RESERVE	Jasbino
ref	8f7f5806	189163	Jasbino	marche	les deux verites concordent	f3c1f9a8	SOUS_RESERVE	Itzz Inferno
ref	8f7f5806	192834	Itzz Inferno	marche	les deux verites concordent	f3c1f9a8	SOUS_RESERVE	Primewars6911
ref	8f7f5806	193567	Primewars6911	marche	les deux verites concordent	daa03c35	VALIDE	Nuzzles
ref	8f7f5806	201659	o Yatagarasu	marche	les deux verites concordent	f3c1f9a8	SOUS_RESERVE	Gungnir1810
ref	8f7f5806	205848	Itzz Inferno	marche	les deux verites concordent	f3c1f9a8	SOUS_RESERVE	Jasbino
ref	8f7f5806	214405	Gungnir1810	marche	les deux verites concordent	daa03c35	VALIDE	Nuzzles
ref	8f7f5806	220178	Jasbino	marche	les deux verites concordent	2ff92041	VALIDE	flipflex
ref	8f7f5806	221212	Nuzzles	marche	les deux verites concordent	daa03c35	VALIDE	Primewars6911
ref	8f7f5806	224032	Sniper Slays	marche	les deux verites concordent	f3c1f9a8	SOUS_RESERVE	flipflex
ref	8f7f5806	230304	Gungnir1810	marche	les deux verites concordent	daa03c35	VALIDE	flipflex
ref	8f7f5806	231839	Primewars6911	marche	les deux verites concordent	f3c1f9a8	SOUS_RESERVE	Itzz Inferno
ref	8f7f5806	241533	Itzz Inferno	marche	les deux verites concordent	f3c1f9a8	SOUS_RESERVE	Sniper Slays
ref	8f7f5806	244885	Jasbino	marche	les deux verites concordent	da3b5ba4	VALIDE	Nuzzles
ref	8f7f5806	245570	Sniper Slays	marche	les deux verites concordent	f3c1f9a8	SOUS_RESERVE	Nuzzles
ref	8f7f5806	248790	flipflex	marche	les deux verites concordent	f3c1f9a8	SOUS_RESERVE	Gungnir1810
ref	8f7f5806	252477	Nuzzles	marche	les deux verites concordent	f3c1f9a8	SOUS_RESERVE	Gungnir1810
ref	8f7f5806	258683	Gungnir1810	marche	les deux verites concordent	f3c1f9a8	SOUS_RESERVE	Itzz Inferno
ref	8f7f5806	263922	Itzz Inferno	marche	les deux verites concordent	f3c1f9a8	SOUS_RESERVE	Primewars6911
ref	8f7f5806	276151	o Yatagarasu	marche	les deux verites concordent	f3c1f9a8	SOUS_RESERVE	Sniper Slays
ref	8f7f5806	278236	flipflex	marche	les deux verites concordent	f3c1f9a8	SOUS_RESERVE	Jasbino
ref	8f7f5806	292368	o Yatagarasu	marche	les deux verites concordent	f3c1f9a8	SOUS_RESERVE	Primewars6911
ref	8f7f5806	293802	Gungnir1810	marche	les deux verites concordent	f3c1f9a8	SOUS_RESERVE	Itzz Inferno
ref	8f7f5806	293902	Itzz Inferno	marche	les deux verites concordent	f3c1f9a8	SOUS_RESERVE	Jasbino
ref	8f7f5806	303244	Primewars6911	marche	les deux verites concordent	f3c1f9a8	SOUS_RESERVE	flipflex
ref	8f7f5806	305230	Nuzzles	marche	les deux verites concordent	f3c1f9a8	SOUS_RESERVE	Jasbino
ref	8f7f5806	313672	Sniper Slays	marche	les deux verites concordent	f3c1f9a8	SOUS_RESERVE	Itzz Inferno
ref	8f7f5806	314922	Gungnir1810	marche	source appartenant a la victime	da3b5ba4	VALIDE	flipflex
ref	8f7f5806	315138	Itzz Inferno	marche	source appartenant a la victime	000162eb	VALIDE	Gungnir1810
ref	8f7f5806	328454	Primewars6911	marche	les deux verites concordent	f3c1f9a8	SOUS_RESERVE	flipflex
ref	8f7f5806	333158	Nuzzles	marche	les deux verites concordent	f3c1f9a8	SOUS_RESERVE	Sniper Slays
ref	8f7f5806	359473	Itzz Inferno	scan	les deux verites concordent	f3c1f9a8	SOUS_RESERVE	Gungnir1810
ref	8f7f5806	360372	flipflex	scan	les deux verites concordent	119861b4	VALIDE	Sniper Slays
ref	8f7f5806	361441	Gungnir1810	scan	les deux verites concordent	f3c1f9a8	SOUS_RESERVE	Nuzzles
ref	8f7f5806	363876	Sniper Slays	scan	les deux verites concordent	f3c1f9a8	SOUS_RESERVE	Nuzzles
ref	8f7f5806	378591	o Yatagarasu	scan	les deux verites concordent	f3c1f9a8	SOUS_RESERVE	Primewars6911
ref	8f7f5806	379392	Primewars6911	scan	les deux verites concordent	f3c1f9a8	SOUS_RESERVE	Itzz Inferno
ref	8f7f5806	382378	Jasbino	scan	les deux verites concordent	f3c1f9a8	SOUS_RESERVE	flipflex
ref	8f7f5806	387633	Nuzzles	scan	les deux verites concordent	f3c1f9a8	SOUS_RESERVE	Gungnir1810
ref	8f7f5806	391220	Gungnir1810	scan	les deux verites concordent	f3c1f9a8	SOUS_RESERVE	flipflex
ref	8f7f5806	400980	o Yatagarasu	scan	les deux verites concordent	da3b5ba4	VALIDE	Jasbino
ref	8f7f5806	405235	flipflex	scan	les deux verites concordent	f3c1f9a8	SOUS_RESERVE	Primewars6911
ref	8f7f5806	406536	Primewars6911	scan	les deux verites concordent	f3c1f9a8	SOUS_RESERVE	Itzz Inferno
ref	8f7f5806	408271	Itzz Inferno	scan	les deux verites concordent	daa03c35	VALIDE	Sniper Slays
ref	8f7f5806	414444	o Yatagarasu	scan	les deux verites concordent	f3c1f9a8	SOUS_RESERVE	Gungnir1810
ref	8f7f5806	419265	Nuzzles	scan	les deux verites concordent	da3b5ba4	VALIDE	Gungnir1810
ref	8f7f5806	421335	Sniper Slays	scan	les deux verites concordent	f3c1f9a8	SOUS_RESERVE	Itzz Inferno
ref	8f7f5806	434047	Primewars6911	scan	les deux verites concordent	daa03c35	VALIDE	flipflex
ref	8f7f5806	434198	o Yatagarasu	scan	les deux verites concordent	f3c1f9a8	SOUS_RESERVE	Gungnir1810
ref	8f7f5806	435583	Gungnir1810	scan	les deux verites concordent	f3c1f9a8	SOUS_RESERVE	Itzz Inferno
ref	8f7f5806	450364	Jasbino	scan	les deux verites concordent	7654f890	SOUS_RESERVE	Itzz Inferno
ref	8f7f5806	453167	Itzz Inferno	scan	les deux verites concordent	daa03c35	VALIDE	Primewars6911
ref	8f7f5806	456670	Sniper Slays	scan	les deux verites concordent	f3c1f9a8	SOUS_RESERVE	Nuzzles
ref	8f7f5806	457670	Gungnir1810	scan	les deux verites concordent	daa03c35	VALIDE	o Yatagarasu
ref	8f7f5806	477674	flipflex	scan	les deux verites concordent	f3c1f9a8	SOUS_RESERVE	Primewars6911
ref	8f7f5806	481828	Jasbino	scan	les deux verites concordent	f3c1f9a8	SOUS_RESERVE	Nuzzles
ref	8f7f5806	482329	o Yatagarasu	scan	les deux verites concordent	daa03c35	VALIDE	Sniper Slays
ref	8f7f5806	485348	Itzz Inferno	scan	les deux verites concordent	daa03c35	VALIDE	Gungnir1810
ref	8f7f5806	498078	flipflex	scan	les deux verites concordent	119861b4	VALIDE	Primewars6911
ref	8f7f5806	501648	Gungnir1810	scan	les deux verites concordent	f3c1f9a8	SOUS_RESERVE	Nuzzles
ref	8f7f5806	506720	Primewars6911	scan	les deux verites concordent	f3c1f9a8	SOUS_RESERVE	Nuzzles
ref	8f7f5806	507838	o Yatagarasu	scan	les deux verites concordent	f3c1f9a8	SOUS_RESERVE	Jasbino
ref	8f7f5806	508637	Nuzzles	scan	source appartenant a la victime	00403594	VALIDE	Sniper Slays
ref	8f7f5806	515245	Sniper Slays	scan	les deux verites concordent	daa03c35	VALIDE	Itzz Inferno
ref	8f7f5806	521385	Gungnir1810	scan	les deux verites concordent	f3c1f9a8	SOUS_RESERVE	flipflex
ref	8f7f5806	526623	Primewars6911	scan	les deux verites concordent	f3c1f9a8	SOUS_RESERVE	Nuzzles
ref	8f7f5806	530695	Jasbino	scan	les deux verites concordent	f3c1f9a8	SOUS_RESERVE	Itzz Inferno
ref	8f7f5806	538936	Gungnir1810	scan	les deux verites concordent	f3c1f9a8	SOUS_RESERVE	flipflex
ref	8f7f5806	545075	Nuzzles	scan	les deux verites concordent	f3c1f9a8	SOUS_RESERVE	Jasbino
ref	8f7f5806	548228	flipflex	scan	les deux verites concordent	f3c1f9a8	SOUS_RESERVE	Sniper Slays
ref	8f7f5806	548245	Sniper Slays	scan	les deux verites concordent	f3c1f9a8	SOUS_RESERVE	flipflex
ref	8f7f5806	558054	Itzz Inferno	scan	les deux verites concordent	f3c1f9a8	SOUS_RESERVE	Gungnir1810
ref	8f7f5806	565346	Gungnir1810	scan	les deux verites concordent	f3c1f9a8	SOUS_RESERVE	o Yatagarasu
ref	8f7f5806	565513	flipflex	scan	les deux verites concordent	f3c1f9a8	SOUS_RESERVE	Sniper Slays
ref	8f7f5806	568682	o Yatagarasu	scan	les deux verites concordent	f3c1f9a8	SOUS_RESERVE	Jasbino
ref	8f7f5806	577691	Itzz Inferno	scan	les deux verites concordent	f3c1f9a8	SOUS_RESERVE	Gungnir1810
ref	8f7f5806	590104	flipflex	scan	les deux verites concordent	f3c1f9a8	SOUS_RESERVE	Gungnir1810
ref	8f7f5806	594993	Sniper Slays	scan	les deux verites concordent	f3c1f9a8	SOUS_RESERVE	Nuzzles
ref	8f7f5806	596961	Itzz Inferno	scan	les deux verites concordent	f3c1f9a8	SOUS_RESERVE	Gungnir1810
ref	8f7f5806	599580	o Yatagarasu	scan	les deux verites concordent	daa03c35	VALIDE	Gungnir1810
ref	8f7f5806	602099	Jasbino	scan	les deux verites concordent	f3c1f9a8	SOUS_RESERVE	Nuzzles
ref	8f7f5806	614679	Nuzzles	scan	les deux verites concordent	0000b29c	SOUS_RESERVE	Jasbino
ref	8f7f5806	616330	Primewars6911	scan	les deux verites concordent	f3c1f9a8	SOUS_RESERVE	Itzz Inferno
ref	8f7f5806	620984	Gungnir1810	scan	les deux verites concordent	daa03c35	VALIDE	Itzz Inferno
ref	8f7f5806	623404	Itzz Inferno	scan	les deux verites concordent	0000b29c	SOUS_RESERVE	Jasbino
ref	8f7f5806	626941	Jasbino	scan	les deux verites concordent	f3c1f9a8	SOUS_RESERVE	flipflex
ref	8f7f5806	640171	Itzz Inferno	scan	les deux verites concordent	f3c1f9a8	SOUS_RESERVE	Primewars6911
ref	8f7f5806	643108	Sniper Slays	scan	les deux verites concordent	f3c1f9a8	SOUS_RESERVE	o Yatagarasu
ref	8f7f5806	651799	flipflex	scan	les deux verites concordent	f3c1f9a8	SOUS_RESERVE	Jasbino
ref	8f7f5806	660175	Primewars6911	scan	les deux verites concordent	f3c1f9a8	SOUS_RESERVE	Nuzzles
ref	8f7f5806	663361	Itzz Inferno	scan	les deux verites concordent	f3c1f9a8	SOUS_RESERVE	Sniper Slays
ref	8f7f5806	664829	Jasbino	scan	les deux verites concordent	f3c1f9a8	SOUS_RESERVE	flipflex
ref	8f7f5806	670568	Sniper Slays	scan	les deux verites concordent	2ff92041	VALIDE	o Yatagarasu
ref	8f7f5806	670570	o Yatagarasu	scan	les deux verites concordent	2ff92041	VALIDE	Sniper Slays
ref	8f7f5806	673037	flipflex	scan	les deux verites concordent	f3c1f9a8	SOUS_RESERVE	Gungnir1810
ref	8f7f5806	673070	Gungnir1810	scan	les deux verites concordent	f3c1f9a8	SOUS_RESERVE	flipflex
ref	8f7f5806	687653	flipflex	scan	les deux verites concordent	f3c1f9a8	SOUS_RESERVE	Gungnir1810
ref	8f7f5806	694492	Itzz Inferno	scan	les deux verites concordent	f3c1f9a8	SOUS_RESERVE	Primewars6911
ref	8f7f5806	695293	Sniper Slays	scan	les deux verites concordent	f3c1f9a8	SOUS_RESERVE	o Yatagarasu
ref	8f7f5806	696177	o Yatagarasu	scan	les deux verites concordent	f3c1f9a8	SOUS_RESERVE	Gungnir1810
ref	8f7f5806	699614	Gungnir1810	scan	les deux verites concordent	0000b29c	SOUS_RESERVE	Nuzzles
ref	8f7f5806	706119	Jasbino	scan	les deux verites concordent	00404748	VALIDE	Nuzzles
ref	8f7f5806	708455	Primewars6911	scan	les deux verites concordent	daa03c35	VALIDE	flipflex
ref	8f7f5806	717499	Gungnir1810	scan	les deux verites concordent	f3c1f9a8	SOUS_RESERVE	Nuzzles
ref	8f7f5806	721002	Nuzzles	scan	les deux verites concordent	f3c1f9a8	SOUS_RESERVE	Sniper Slays
ref	8f7f5806	727591	flipflex	scan	les deux verites concordent	da3b5ba4	VALIDE	Jasbino
ref	8f7f5806	727758	Sniper Slays	scan	les deux verites concordent	119861b4	VALIDE	o Yatagarasu
ref	8f7f5806	730195	Jasbino	scan	les deux verites concordent	7654f890	SOUS_RESERVE	Itzz Inferno
ref	8f7f5806	741523	Gungnir1810	scan	les deux verites concordent	7654f890	SOUS_RESERVE	Itzz Inferno
ref	8f7f5806	742791	Itzz Inferno	scan	les deux verites concordent	f3c1f9a8	SOUS_RESERVE	Primewars6911
ref	8f7f5806	745744	Primewars6911	scan	les deux verites concordent	f3c1f9a8	SOUS_RESERVE	o Yatagarasu
ref	8f7f5806	752004	flipflex	scan	les deux verites concordent	f3c1f9a8	SOUS_RESERVE	Jasbino
ref	8f7f5806	754090	Nuzzles	scan	les deux verites concordent	f3c1f9a8	SOUS_RESERVE	Sniper Slays
ref	8f7f5806	764551	Itzz Inferno	scan	les deux verites concordent	f3c1f9a8	SOUS_RESERVE	Sniper Slays
ref	8f7f5806	767553	Gungnir1810	scan	les deux verites concordent	daa03c35	VALIDE	flipflex
ref	8f7f5806	767803	o Yatagarasu	scan	les deux verites concordent	f3c1f9a8	SOUS_RESERVE	Primewars6911
ref	8f7f5806	768954	flipflex	scan	les deux verites concordent	f3c1f9a8	SOUS_RESERVE	Jasbino
ref	8f7f5806	776612	Jasbino	scan	les deux verites concordent	f3c1f9a8	SOUS_RESERVE	Nuzzles
ref	8f7f5806	780232	Nuzzles	scan	les deux verites concordent	daa03c35	VALIDE	Sniper Slays
ref	8f7f5806	782936	o Yatagarasu	scan	les deux verites concordent	f3c1f9a8	SOUS_RESERVE	Sniper Slays
ref	8f7f5806	784603	Primewars6911	scan	les deux verites concordent	f3c1f9a8	SOUS_RESERVE	Itzz Inferno
ref	8f7f5806	785721	Sniper Slays	scan	les deux verites concordent	f3c1f9a8	SOUS_RESERVE	Itzz Inferno
ref	8f7f5806	786989	flipflex	scan	les deux verites concordent	f3c1f9a8	SOUS_RESERVE	Gungnir1810
ref	8f7f5806	821530	Nuzzles	scan	les deux verites concordent	f3c1f9a8	SOUS_RESERVE	Jasbino
ref	8f7f5806	824232	o Yatagarasu	scan	les deux verites concordent	f3c1f9a8	SOUS_RESERVE	Gungnir1810
ref	8f7f5806	824683	Primewars6911	scan	les deux verites concordent	000027cc	VALIDE	flipflex
ref	8f7f5806	825684	flipflex	scan	les deux verites concordent	f3c1f9a8	SOUS_RESERVE	Gungnir1810
ref	8f7f5806	830155	Itzz Inferno	scan	les deux verites concordent	f3c1f9a8	SOUS_RESERVE	Sniper Slays
ref	8f7f5806	842917	Sniper Slays	scan	les deux verites concordent	da3b5ba4	VALIDE	o Yatagarasu
ref	8f7f5806	843452	o Yatagarasu	scan	les deux verites concordent	f3c1f9a8	SOUS_RESERVE	Gungnir1810
ref	8f7f5806	844703	Gungnir1810	scan	les deux verites concordent	f3c1f9a8	SOUS_RESERVE	Itzz Inferno
ref	8f7f5806	856532	Primewars6911	scan	les deux verites concordent	daa03c35	VALIDE	Nuzzles
ref	8f7f5806	858233	Nuzzles	scan	les deux verites concordent	daa03c35	VALIDE	Jasbino
ref	8f7f5806	859351	flipflex	scan	les deux verites concordent	f3c1f9a8	SOUS_RESERVE	Gungnir1810
ref	8f7f5806	861803	o Yatagarasu	scan	les deux verites concordent	f3c1f9a8	SOUS_RESERVE	Sniper Slays
ref	8f7f5806	864189	Itzz Inferno	scan	les deux verites concordent	f3c1f9a8	SOUS_RESERVE	Gungnir1810
ref	8f7f5806	876735	flipflex	scan	les deux verites concordent	f3c1f9a8	SOUS_RESERVE	Jasbino
ref	8f7f5806	881105	Jasbino	scan	les deux verites concordent	da3b5ba4	VALIDE	Nuzzles
ref	8f7f5806	882325	Itzz Inferno	scan	les deux verites concordent	f3c1f9a8	SOUS_RESERVE	Gungnir1810
ref	8f7f5806	886645	o Yatagarasu	scan	les deux verites concordent	f3c1f9a8	SOUS_RESERVE	Gungnir1810
ref	8f7f5806	888147	Primewars6911	scan	les deux verites concordent	f3c1f9a8	SOUS_RESERVE	Nuzzles
ref	8f7f5806	896889	Nuzzles	scan	les deux verites concordent	2ff92041	VALIDE	Sniper Slays
ref	8f7f5806	896891	Sniper Slays	scan	les deux verites concordent	2ff92041	VALIDE	Nuzzles
ref	8f7f5806	904347	Jasbino	scan	les deux verites concordent	daa03c35	VALIDE	flipflex
ref	8f7f5806	906015	Itzz Inferno	scan	les deux verites concordent	f3c1f9a8	SOUS_RESERVE	Primewars6911
ref	8f7f5806	906098	o Yatagarasu	scan	les deux verites concordent	f3c1f9a8	SOUS_RESERVE	Gungnir1810
ref	8f7f5806	919045	Gungnir1810	scan	les deux verites concordent	2ff92041	VALIDE	flipflex
ref	8f7f5806	919046	flipflex	scan	les deux verites concordent	2ff92041	VALIDE	Gungnir1810
ref	8f7f5806	923883	Primewars6911	scan	les deux verites concordent	f3c1f9a8	SOUS_RESERVE	Nuzzles
ref	8f7f5806	925101	Jasbino	scan	les deux verites concordent	f3c1f9a8	SOUS_RESERVE	Nuzzles
ref	8f7f5806	925218	Itzz Inferno	scan	les deux verites concordent	daa03c35	VALIDE	Sniper Slays
ref	8f7f5806	930056	Sniper Slays	scan	les deux verites concordent	f3c1f9a8	SOUS_RESERVE	Nuzzles
ref	8f7f5806	938764	o Yatagarasu	scan	les deux verites concordent	f3c1f9a8	SOUS_RESERVE	Gungnir1810
ref	8f7f5806	943670	Gungnir1810	scan	les deux verites concordent	f3c1f9a8	SOUS_RESERVE	Nuzzles
ref	8f7f5806	954914	Sniper Slays	scan	les deux verites concordent	f3c1f9a8	SOUS_RESERVE	flipflex
ref	8f7f5806	965775	o Yatagarasu	scan	les deux verites concordent	daa03c35	VALIDE	Jasbino
ref	8f7f5806	967177	Jasbino	scan	les deux verites concordent	f3c1f9a8	SOUS_RESERVE	flipflex
ref	8f7f5806	968378	Itzz Inferno	scan	les deux verites concordent	daa03c35	VALIDE	Gungnir1810
ref	8f7f5806	977086	Gungnir1810	scan	les deux verites concordent	daa03c35	VALIDE	flipflex
ref	8f7f5806	984644	flipflex	scan	les deux verites concordent	f3c1f9a8	SOUS_RESERVE	Sniper Slays
ref	8f7f5806	987130	o Yatagarasu	scan	les deux verites concordent	f3c1f9a8	SOUS_RESERVE	Jasbino
ref	8f7f5806	988732	Primewars6911	scan	les deux verites concordent	f3c1f9a8	SOUS_RESERVE	Nuzzles
ref	8f7f5806	989449	Nuzzles	scan	les deux verites concordent	f3c1f9a8	SOUS_RESERVE	Sniper Slays
ref	8f7f5806	992719	Jasbino	scan	les deux verites concordent	f3c1f9a8	SOUS_RESERVE	Itzz Inferno
ref	8f7f5806	1007267	Gungnir1810	scan	les deux verites concordent	f3c1f9a8	SOUS_RESERVE	o Yatagarasu
ref	8f7f5806	1009836	Itzz Inferno	scan	les deux verites concordent	7654f890	SOUS_RESERVE	Sniper Slays
ref	8f7f5806	1011238	Primewars6911	scan	les deux verites concordent	daa03c35	VALIDE	Nuzzles
ref	8f7f5806	1011438	Nuzzles	scan	les deux verites concordent	daa03c35	VALIDE	Primewars6911
ref	8f7f5806	1014808	Jasbino	scan	les deux verites concordent	f3c1f9a8	SOUS_RESERVE	flipflex
ref	8f7f5806	1015875	flipflex	scan	les deux verites concordent	f3c1f9a8	SOUS_RESERVE	Sniper Slays
ref	8f7f5806	1030858	flipflex	scan	les deux verites concordent	f3c1f9a8	SOUS_RESERVE	Primewars6911
ref	8f7f5806	1032543	o Yatagarasu	scan	les deux verites concordent	f3c1f9a8	SOUS_RESERVE	Gungnir1810
ref	8f7f5806	1034778	Sniper Slays	scan	les deux verites concordent	f3c1f9a8	SOUS_RESERVE	Itzz Inferno
ref	8f7f5806	1040217	Jasbino	scan	les deux verites concordent	f3c1f9a8	SOUS_RESERVE	Itzz Inferno
ref	8f7f5806	1045504	Gungnir1810	scan	les deux verites concordent	da3b5ba4	VALIDE	Itzz Inferno
ref	8f7f5806	1050127	Itzz Inferno	scan	les deux verites concordent	f3c1f9a8	SOUS_RESERVE	Primewars6911
ref	8f7f5806	1051229	Nuzzles	scan	les deux verites concordent	f3c1f9a8	SOUS_RESERVE	Sniper Slays
ref	8f7f5806	1058235	Sniper Slays	scan	les deux verites concordent	f3c1f9a8	SOUS_RESERVE	flipflex
ref	8f7f5806	1060954	o Yatagarasu	scan	les deux verites concordent	f3c1f9a8	SOUS_RESERVE	Jasbino
ref	8f7f5806	1068846	flipflex	scan	les deux verites concordent	f3c1f9a8	SOUS_RESERVE	Jasbino
ref	8f7f5806	1073684	Jasbino	scan	les deux verites concordent	f3c1f9a8	SOUS_RESERVE	Nuzzles
ref	8f7f5806	1074619	o Yatagarasu	scan	les deux verites concordent	f3c1f9a8	SOUS_RESERVE	Primewars6911
ref	8f7f5806	1084095	Sniper Slays	scan	les deux verites concordent	daa03c35	VALIDE	Nuzzles
ref	8f7f5806	1089233	Primewars6911	scan	les deux verites concordent	f3c1f9a8	SOUS_RESERVE	Itzz Inferno
ref	8f7f5806	1091719	Gungnir1810	scan	les deux verites concordent	f3c1f9a8	SOUS_RESERVE	Nuzzles
ref	8f7f5806	1096156	Jasbino	scan	les deux verites concordent	2ff92041	VALIDE	flipflex
ref	8f7f5806	1104665	flipflex	scan	les deux verites concordent	f3c1f9a8	SOUS_RESERVE	Primewars6911
ref	8f7f5806	1105233	o Yatagarasu	scan	les deux verites concordent	f3c1f9a8	SOUS_RESERVE	Sniper Slays
ref	8f7f5806	1112840	Sniper Slays	scan	les deux verites concordent	f3c1f9a8	SOUS_RESERVE	Itzz Inferno
ref	8f7f5806	1113524	Itzz Inferno	scan	les deux verites concordent	f3c1f9a8	SOUS_RESERVE	Primewars6911
ref	8f7f5806	1127472	Gungnir1810	scan	les deux verites concordent	f3c1f9a8	SOUS_RESERVE	Nuzzles
ref	8f7f5806	1130441	flipflex	scan	les deux verites concordent	f3c1f9a8	SOUS_RESERVE	Jasbino
ref	8f7f5806	1130824	Nuzzles	scan	les deux verites concordent	da3b5ba4	VALIDE	Sniper Slays
ref	8f7f5806	1132460	o Yatagarasu	scan	les deux verites concordent	f3c1f9a8	SOUS_RESERVE	Sniper Slays
ref	8f7f5806	1134696	Itzz Inferno	scan	les deux verites concordent	f3c1f9a8	SOUS_RESERVE	Sniper Slays
ref	8f7f5806	1151079	o Yatagarasu	scan	les deux verites concordent	daa03c35	VALIDE	Sniper Slays
ref	8f7f5806	1151846	Sniper Slays	scan	les deux verites concordent	119861b4	VALIDE	o Yatagarasu
ref	9c0ec856	31516	Satoru JZ	marche	les deux verites concordent	f3c1f9a8	SOUS_RESERVE	NolispU9697
ref	9c0ec856	33000	Nuzzles	marche	les deux verites concordent	f3c1f9a8	SOUS_RESERVE	NolispU9697
ref	9c0ec856	37622	Froggit Exodus	marche	les deux verites concordent	f3c1f9a8	SOUS_RESERVE	SSunflxwers
ref	9c0ec856	52905	TRR Sleeker	marche	les deux verites concordent	f3c1f9a8	SOUS_RESERVE	Young Papi zK
ref	9c0ec856	52971	Nuzzles	marche	les deux verites concordent	f3c1f9a8	SOUS_RESERVE	SSunflxwers
ref	9c0ec856	54923	zRiiv3ra	marche	les deux verites concordent	f3c1f9a8	SOUS_RESERVE	Froggit Exodus
ref	9c0ec856	58810	Young Papi zK	marche	les deux verites concordent	f3c1f9a8	SOUS_RESERVE	Froggit Exodus
ref	9c0ec856	61780	NolispU9697	marche	les deux verites concordent	f3c1f9a8	SOUS_RESERVE	Satoru JZ
ref	9c0ec856	62413	Satoru JZ	marche	les deux verites concordent	f3c1f9a8	SOUS_RESERVE	SSunflxwers
ref	9c0ec856	66268	Froggit Exodus	marche	les deux verites concordent	f3c1f9a8	SOUS_RESERVE	SSunflxwers
ref	9c0ec856	69204	TRR Sleeker	marche	les deux verites concordent	daa03c35	VALIDE	SSunflxwers
ref	9c0ec856	70253	SSunflxwers	marche	les deux verites concordent	0000d627	VALIDE	TRR Sleeker
ref	9c0ec856	71707	Nuzzles	marche	les deux verites concordent	f3c1f9a8	SOUS_RESERVE	zRiiv3ra
ref	9c0ec856	82333	zRiiv3ra	marche	les deux verites concordent	f3c1f9a8	SOUS_RESERVE	Froggit Exodus
ref	9c0ec856	82667	Satoru JZ	marche	les deux verites concordent	f3c1f9a8	SOUS_RESERVE	Young Papi zK
ref	9c0ec856	84769	Froggit Exodus	marche	les deux verites concordent	f3c1f9a8	SOUS_RESERVE	NolispU9697
ref	9c0ec856	87289	SSunflxwers	marche	les deux verites concordent	f3c1f9a8	SOUS_RESERVE	TRR Sleeker
ref	9c0ec856	101502	NolispU9697	marche	les deux verites concordent	2ff92041	VALIDE	Nuzzles
ref	9c0ec856	101504	Nuzzles	marche	les deux verites concordent	2ff92041	VALIDE	NolispU9697
ref	9c0ec856	106240	zRiiv3ra	marche	source appartenant a la victime	da3b5ba4	VALIDE	TRR Sleeker
ref	9c0ec856	109828	Young Papi zK	marche	les deux verites concordent	f3c1f9a8	SOUS_RESERVE	Satoru JZ
ref	9c0ec856	113047	TRR Sleeker	marche	les deux verites concordent	f3c1f9a8	SOUS_RESERVE	SSunflxwers
ref	9c0ec856	118253	Satoru JZ	marche	les deux verites concordent	f3c1f9a8	SOUS_RESERVE	NolispU9697
ref	9c0ec856	119554	SSunflxwers	marche	les deux verites concordent	f3c1f9a8	SOUS_RESERVE	Froggit Exodus
ref	9c0ec856	124976	Froggit Exodus	marche	les deux verites concordent	f3c1f9a8	SOUS_RESERVE	NolispU9697
ref	9c0ec856	128947	Nuzzles	marche	les deux verites concordent	f3c1f9a8	SOUS_RESERVE	NolispU9697
ref	9c0ec856	133084	zRiiv3ra	marche	les deux verites concordent	f3c1f9a8	SOUS_RESERVE	TRR Sleeker
ref	9c0ec856	134202	NolispU9697	marche	les deux verites concordent	f3c1f9a8	SOUS_RESERVE	TRR Sleeker
ref	9c0ec856	137238	SSunflxwers	marche	les deux verites concordent	f3c1f9a8	SOUS_RESERVE	Satoru JZ
ref	9c0ec856	148317	zRiiv3ra	marche	les deux verites concordent	f3c1f9a8	SOUS_RESERVE	Froggit Exodus
ref	9c0ec856	149985	Nuzzles	marche	les deux verites concordent	f3c1f9a8	SOUS_RESERVE	Young Papi zK
ref	9c0ec856	154239	Satoru JZ	marche	les deux verites concordent	f3c1f9a8	SOUS_RESERVE	Young Papi zK
ref	9c0ec856	156875	Young Papi zK	marche	les deux verites concordent	f3c1f9a8	SOUS_RESERVE	Froggit Exodus
ref	9c0ec856	161564	Froggit Exodus	marche	les deux verites concordent	f3c1f9a8	SOUS_RESERVE	SSunflxwers
ref	9c0ec856	165751	TRR Sleeker	marche	les deux verites concordent	daa03c35	VALIDE	SSunflxwers
ref	9c0ec856	168053	Nuzzles	marche	les deux verites concordent	f3c1f9a8	SOUS_RESERVE	zRiiv3ra
ref	9c0ec856	172308	Satoru JZ	marche	les deux verites concordent	f3c1f9a8	SOUS_RESERVE	Young Papi zK
ref	9c0ec856	177680	Young Papi zK	marche	les deux verites concordent	f3c1f9a8	SOUS_RESERVE	Froggit Exodus
ref	9c0ec856	180399	Froggit Exodus	marche	les deux verites concordent	f3c1f9a8	SOUS_RESERVE	SSunflxwers
ref	9c0ec856	193412	SSunflxwers	marche	les deux verites concordent	f3c1f9a8	SOUS_RESERVE	Froggit Exodus
ref	9c0ec856	195881	TRR Sleeker	marche	les deux verites concordent	f3c1f9a8	SOUS_RESERVE	zRiiv3ra
ref	9c0ec856	196248	NolispU9697	marche	les deux verites concordent	f3c1f9a8	SOUS_RESERVE	Satoru JZ
ref	9c0ec856	197049	Young Papi zK	marche	les deux verites concordent	f3c1f9a8	SOUS_RESERVE	Nuzzles
ref	9c0ec856	202203	zRiiv3ra	marche	les deux verites concordent	0000d627	VALIDE	Satoru JZ
ref	9c0ec856	202206	Satoru JZ	scan	source appartenant a la victime	00404748	VALIDE	zRiiv3ra
ref	9c0ec856	210246	Young Papi zK	marche	les deux verites concordent	7ff0849c	SOUS_RESERVE	Nuzzles
ref	9c0ec856	226696	TRR Sleeker	marche	les deux verites concordent	f3c1f9a8	SOUS_RESERVE	Young Papi zK
ref	9c0ec856	229815	Satoru JZ	marche	les deux verites concordent	f3c1f9a8	SOUS_RESERVE	SSunflxwers
ref	9c0ec856	231968	Nuzzles	marche	les deux verites concordent	f3c1f9a8	SOUS_RESERVE	Young Papi zK
ref	9c0ec856	233103	Froggit Exodus	marche	les deux verites concordent	f3c1f9a8	SOUS_RESERVE	Young Papi zK
ref	9c0ec856	245598	Young Papi zK	marche	les deux verites concordent	f3c1f9a8	SOUS_RESERVE	Nuzzles
ref	9c0ec856	251338	Nuzzles	marche	les deux verites concordent	f3c1f9a8	SOUS_RESERVE	SSunflxwers
ref	9c0ec856	264835	SSunflxwers	marche	les deux verites concordent	f3c1f9a8	SOUS_RESERVE	Satoru JZ
ref	9c0ec856	269706	Young Papi zK	marche	les deux verites concordent	daa03c35	VALIDE	Satoru JZ
ref	9c0ec856	273543	zRiiv3ra	marche	les deux verites concordent	f3c1f9a8	SOUS_RESERVE	TRR Sleeker
ref	9c0ec856	273676	Nuzzles	marche	les deux verites concordent	daa03c35	VALIDE	NolispU9697
ref	9c0ec856	276029	Froggit Exodus	marche	les deux verites concordent	f3c1f9a8	SOUS_RESERVE	NolispU9697
ref	9c0ec856	288024	Satoru JZ	marche	les deux verites concordent	f3c1f9a8	SOUS_RESERVE	NolispU9697
ref	9c0ec856	292963	Nuzzles	marche	les deux verites concordent	f3c1f9a8	SOUS_RESERVE	SSunflxwers
ref	9c0ec856	294330	Young Papi zK	marche	les deux verites concordent	f3c1f9a8	SOUS_RESERVE	Froggit Exodus
ref	9c0ec856	295932	TRR Sleeker	marche	les deux verites concordent	f3c1f9a8	SOUS_RESERVE	NolispU9697
ref	9c0ec856	298601	SSunflxwers	marche	les deux verites concordent	f3c1f9a8	SOUS_RESERVE	Froggit Exodus
ref	9c0ec856	305090	Satoru JZ	marche	les deux verites concordent	0000d627	VALIDE	NolispU9697
ref	9c0ec856	308778	Froggit Exodus	marche	les deux verites concordent	f3c1f9a8	SOUS_RESERVE	zRiiv3ra
ref	9c0ec856	309662	NolispU9697	marche	les deux verites concordent	f3c1f9a8	SOUS_RESERVE	Nuzzles
ref	9c0ec856	313266	TRR Sleeker	marche	les deux verites concordent	f3c1f9a8	SOUS_RESERVE	Young Papi zK
ref	9c0ec856	319973	Young Papi zK	marche	les deux verites concordent	f3c1f9a8	SOUS_RESERVE	Satoru JZ
ref	9c0ec856	325561	Nuzzles	marche	les deux verites concordent	daa03c35	VALIDE	zRiiv3ra
ref	9c0ec856	337090	zRiiv3ra	marche	les deux verites concordent	f3c1f9a8	SOUS_RESERVE	Froggit Exodus
ref	9c0ec856	341645	Nuzzles	marche	les deux verites concordent	f3c1f9a8	SOUS_RESERVE	Young Papi zK
ref	9c0ec856	341911	Froggit Exodus	marche	les deux verites concordent	f3c1f9a8	SOUS_RESERVE	NolispU9697
ref	9c0ec856	346549	NolispU9697	marche	les deux verites concordent	f3c1f9a8	SOUS_RESERVE	Satoru JZ
ref	9c0ec856	347701	TRR Sleeker	marche	les deux verites concordent	f3c1f9a8	SOUS_RESERVE	Young Papi zK
ref	9c0ec856	368840	Satoru JZ	scan	les deux verites concordent	f3c1f9a8	SOUS_RESERVE	SSunflxwers
ref	9c0ec856	368907	TRR Sleeker	scan	les deux verites concordent	f3c1f9a8	SOUS_RESERVE	Young Papi zK
ref	9c0ec856	374079	Nuzzles	scan	les deux verites concordent	f3c1f9a8	SOUS_RESERVE	NolispU9697
ref	9c0ec856	374696	SSunflxwers	scan	les deux verites concordent	f3c1f9a8	SOUS_RESERVE	Froggit Exodus
ref	9c0ec856	376265	Froggit Exodus	scan	les deux verites concordent	f3c1f9a8	SOUS_RESERVE	zRiiv3ra
ref	9c0ec856	392515	zRiiv3ra	scan	les deux verites concordent	f3c1f9a8	SOUS_RESERVE	Satoru JZ
ref	9c0ec856	399622	Young Papi zK	scan	les deux verites concordent	f3c1f9a8	SOUS_RESERVE	TRR Sleeker
ref	9c0ec856	404610	SSunflxwers	scan	les deux verites concordent	f3c1f9a8	SOUS_RESERVE	Satoru JZ
ref	9c0ec856	405962	TRR Sleeker	scan	les deux verites concordent	f3c1f9a8	SOUS_RESERVE	NolispU9697
ref	9c0ec856	406379	Satoru JZ	scan	les deux verites concordent	f3c1f9a8	SOUS_RESERVE	zRiiv3ra
ref	9c0ec856	409832	Nuzzles	scan	les deux verites concordent	f3c1f9a8	SOUS_RESERVE	zRiiv3ra
ref	9c0ec856	425848	Satoru JZ	scan	les deux verites concordent	f3c1f9a8	SOUS_RESERVE	Young Papi zK
ref	9c0ec856	429986	TRR Sleeker	scan	les deux verites concordent	f3c1f9a8	SOUS_RESERVE	SSunflxwers
ref	9c0ec856	432806	zRiiv3ra	scan	les deux verites concordent	f3c1f9a8	SOUS_RESERVE	Froggit Exodus
ref	9c0ec856	432808	Young Papi zK	scan	les deux verites concordent	daa03c35	VALIDE	Nuzzles
ref	9c0ec856	436142	Nuzzles	scan	les deux verites concordent	f3c1f9a8	SOUS_RESERVE	SSunflxwers
ref	9c0ec856	436225	SSunflxwers	scan	les deux verites concordent	da3b5ba4	VALIDE	Nuzzles
ref	9c0ec856	450607	zRiiv3ra	scan	les deux verites concordent	daa03c35	VALIDE	TRR Sleeker
ref	9c0ec856	455095	Satoru JZ	scan	les deux verites concordent	f3c1f9a8	SOUS_RESERVE	SSunflxwers
ref	9c0ec856	456463	Nuzzles	scan	les deux verites concordent	2ff92041	VALIDE	NolispU9697
ref	9c0ec856	456466	NolispU9697	scan	les deux verites concordent	2ff92041	VALIDE	Nuzzles
ref	9c0ec856	457046	TRR Sleeker	scan	les deux verites concordent	daa03c35	VALIDE	SSunflxwers
ref	9c0ec856	473548	Nuzzles	scan	les deux verites concordent	f3c1f9a8	SOUS_RESERVE	SSunflxwers
ref	9c0ec856	473648	SSunflxwers	scan	les deux verites concordent	f3c1f9a8	SOUS_RESERVE	TRR Sleeker
ref	9c0ec856	486527	TRR Sleeker	scan	les deux verites concordent	f3c1f9a8	SOUS_RESERVE	Young Papi zK
ref	9c0ec856	512988	TRR Sleeker	scan	les deux verites concordent	f3c1f9a8	SOUS_RESERVE	SSunflxwers
ref	9c0ec856	535494	TRR Sleeker	scan	les deux verites concordent	f3c1f9a8	SOUS_RESERVE	zRiiv3ra
ref	a349fea8	67839	SenseiSnickers	marche	les deux verites concordent	382cafaf	VALIDE	NthDynasty
ref	a349fea8	73949	TheodenKonig	marche	les deux verites concordent	382cafaf	VALIDE	NthDynasty
ref	a349fea8	75654	NthDynasty	scan	les deux verites concordent	deffdc6b	VALIDE	Calabrese957145
ref	a349fea8	75915	funkydonut321	marche	les deux verites concordent	3c7560e0	VALIDE	Fro9249
ref	a349fea8	82863	Whatty	marche	les deux verites concordent	0bece71e	VALIDE	Denal111
ref	a349fea8	87668	Calabrese957145	scan	les deux verites concordent	0bece71e	VALIDE	xXskyvinXx
ref	a349fea8	90564	Fro9249	marche	les deux verites concordent	19bd6810	VALIDE	xXskyvinXx
ref	a349fea8	95977	niikon	marche	les deux verites concordent	7c4f8a28	VALIDE	fanatiking
ref	a349fea8	98439	SenseiSnickers	marche	les deux verites concordent	0bece71e	VALIDE	xXskyvinXx
ref	a349fea8	104885	Draxeer	marche	les deux verites concordent	130c4b61	SOUS_RESERVE	arminalisk
ref	a349fea8	107391	TheodenKonig	marche	les deux verites concordent	0000b29c	SOUS_RESERVE	Madina97294
ref	a349fea8	108314	Mik2302	marche	les deux verites concordent	0bece71e	VALIDE	xXskyvinXx
ref	a349fea8	111221	WinterPlains241	marche	les deux verites concordent	038ad14c	SOUS_RESERVE	Denal111
ref	a349fea8	113756	Punkosd	marche	les deux verites concordent	7654f890	SOUS_RESERVE	Madina97294
ref	a349fea8	123664	NthDynasty	marche	source appartenant a la victime	d468178e	SOUS_RESERVE	Denal111
ref	a349fea8	123666	Denal111	marche	les deux verites concordent	d468178e	SOUS_RESERVE	NthDynasty
ref	a349fea8	126337	xXskyvinXx	marche	les deux verites concordent	7ff0849c	SOUS_RESERVE	Calabrese957145
ref	a349fea8	129136	fanatiking	marche	les deux verites concordent	88f1034c	AMBIGU	Whatty
ref	a349fea8	141283	Mik2302	marche	source appartenant a la victime	64498648	INCONNU	Whatty
ref	a349fea8	141285	Whatty	marche	les deux verites concordent	557a2b6c	VALIDE	Mik2302
ref	a349fea8	147356	Fro9249	marche	les deux verites concordent	0000b29c	SOUS_RESERVE	xXskyvinXx
ref	a349fea8	152564	Calabrese957145	scan	les deux verites concordent	7654f890	SOUS_RESERVE	Madina97294
ref	a349fea8	157540	TheodenKonig	scan	les deux verites concordent	0000b29c	SOUS_RESERVE	xXskyvinXx
ref	a349fea8	160810	Punkosd	marche	les deux verites concordent	130c4b61	SOUS_RESERVE	Vz Loz zV
ref	a349fea8	161110	Madina97294	marche	les deux verites concordent	daa03c35	VALIDE	fanatiking
ref	a349fea8	164947	Denal111	marche	les deux verites concordent	d468178e	SOUS_RESERVE	Dark Soldier04
ref	a349fea8	167207	xXskyvinXx	marche	les deux verites concordent	130c4b61	SOUS_RESERVE	arminalisk
ref	a349fea8	172680	Calabrese957145	marche	les deux verites concordent	d468178e	SOUS_RESERVE	Draxeer
ref	a349fea8	177092	TWO NiCoMaNia	scan	les deux verites concordent	130c4b61	SOUS_RESERVE	arminalisk
ref	a349fea8	180899	arminalisk	marche	les deux verites concordent	0000b29c	SOUS_RESERVE	Madina97294
ref	a349fea8	186927	tomn2o	marche	les deux verites concordent	daa03c35	VALIDE	Draxeer
ref	a349fea8	187365	SenseiSnickers	marche	les deux verites concordent	0000b238	SOUS_RESERVE	NthDynasty
ref	a349fea8	190209	WoodE gb	marche	les deux verites concordent	0000b29c	SOUS_RESERVE	TheodenKonig
ref	a349fea8	191673	Fro9249	marche	les deux verites concordent	003ce738	SOUS_RESERVE	funkydonut321
ref	a349fea8	193108	Mik2302	marche	les deux verites concordent	d468178e	SOUS_RESERVE	Draxeer
ref	a349fea8	200011	Calabrese957145	marche	les deux verites concordent	038ad14c	SOUS_RESERVE	Dark Soldier04
ref	a349fea8	206858	Denal111	marche	les deux verites concordent	daa03c35	VALIDE	funkydonut321
ref	a349fea8	207190	Whatty	scan	les deux verites concordent	daa03c35	VALIDE	OWL WAD
ref	a349fea8	208660	fanatiking	marche	les deux verites concordent	2ff92041	VALIDE	NthDynasty
ref	a349fea8	214292	SenseiSnickers	marche	les deux verites concordent	0000005f	INCONNU	TWO NiCoMaNia
ref	a349fea8	216065	funkydonut321	marche	les deux verites concordent	119861b4	VALIDE	SenseiSnickers
ref	a349fea8	218795	Punkosd	marche	les deux verites concordent	d468178e	SOUS_RESERVE	Dark Soldier04
ref	a349fea8	219168	TheodenKonig	marche	les deux verites concordent	f712c64a	VALIDE	niikon
ref	a349fea8	220865	Dark Soldier04	marche	les deux verites concordent	0000b29c	SOUS_RESERVE	tomn2o
ref	a349fea8	224365	Mik2302	marche	les deux verites concordent	0000b29c	SOUS_RESERVE	xXskyvinXx
ref	a349fea8	233443	TWO NiCoMaNia	marche	les deux verites concordent	acd1cff4	SOUS_RESERVE	OWL WAD
ref	a349fea8	234977	Fro9249	marche	les deux verites concordent	0000b29c	SOUS_RESERVE	xXskyvinXx
ref	a349fea8	236087	xXskyvinXx	marche	les deux verites concordent	daa03c35	VALIDE	Calabrese957145
ref	a349fea8	244457	tomn2o	marche	les deux verites concordent	0000b29c	SOUS_RESERVE	niikon
ref	a349fea8	245458	Calabrese957145	marche	les deux verites concordent	0000b29c	SOUS_RESERVE	Dark Soldier04
ref	a349fea8	247902	NthDynasty	marche	les deux verites concordent	038ad14c	SOUS_RESERVE	Denal111
ref	a349fea8	252673	WoodE gb	marche	les deux verites concordent	038ad14c	SOUS_RESERVE	Denal111
ref	a349fea8	256807	Denal111	scan	les deux verites concordent	daa03c35	VALIDE	WinterPlains241
ref	a349fea8	258375	TheodenKonig	marche	les deux verites concordent	d468178e	SOUS_RESERVE	Dark Soldier04
ref	a349fea8	259146	Whatty	marche	les deux verites concordent	0000b238	SOUS_RESERVE	SenseiSnickers
ref	a349fea8	259180	WinterPlains241	marche	les deux verites concordent	0000b238	SOUS_RESERVE	fanatiking
ref	a349fea8	259277	OWL WAD	marche	les deux verites concordent	0000b29c	SOUS_RESERVE	funkydonut321
ref	a349fea8	269222	SenseiSnickers	marche	les deux verites concordent	0000b29c	SOUS_RESERVE	funkydonut321
ref	a349fea8	270160	Draxeer	marche	les deux verites concordent	0000b238	SOUS_RESERVE	arminalisk
ref	a349fea8	281059	arminalisk	marche	les deux verites concordent	d468178e	SOUS_RESERVE	Dark Soldier04
ref	a349fea8	284664	Calabrese957145	marche	les deux verites concordent	e9941862	SOUS_RESERVE	niikon
ref	a349fea8	295445	Punkosd	marche	les deux verites concordent	e9941862	SOUS_RESERVE	niikon
ref	a349fea8	296487	niikon	marche	les deux verites concordent	deffdc6b	VALIDE	Punkosd
ref	a349fea8	298693	Mik2302	marche	les deux verites concordent	0000005f	INCONNU	xXskyvinXx
ref	a349fea8	300883	tomn2o	marche	les deux verites concordent	deffdc6b	VALIDE	xXskyvinXx
ref	a349fea8	302685	fanatiking	marche	les deux verites concordent	deffdc6b	VALIDE	xXskyvinXx
ref	a349fea8	304196	xXskyvinXx	marche	les deux verites concordent	da3b5ba4	VALIDE	SenseiSnickers
ref	a349fea8	307231	Whatty	marche	les deux verites concordent	daa03c35	VALIDE	TheodenKonig
ref	a349fea8	308158	NthDynasty	scan	les deux verites concordent	19bd6810	VALIDE	OWL WAD
ref	a349fea8	311094	WinterPlains241	marche	les deux verites concordent	2ff92041	VALIDE	TheodenKonig
ref	a349fea8	311096	TheodenKonig	marche	les deux verites concordent	2ff92041	VALIDE	WinterPlains241
ref	a349fea8	316165	Madina97294	marche	les deux verites concordent	0bece71e	VALIDE	OWL WAD
ref	a349fea8	318976	WoodE gb	marche	les deux verites concordent	d468178e	SOUS_RESERVE	Calabrese957145
ref	a349fea8	328212	xXskyvinXx	scan	les deux verites concordent	7c4f8a28	VALIDE	Fro9249
ref	a349fea8	329955	Denal111	marche	les deux verites concordent	d468178e	SOUS_RESERVE	Vz Loz zV
ref	a349fea8	330383	Vz Loz zV	scan	les deux verites concordent	0000b238	SOUS_RESERVE	SenseiSnickers
ref	a349fea8	331085	SenseiSnickers	scan	les deux verites concordent	0000b29c	SOUS_RESERVE	niikon
ref	a349fea8	331114	Draxeer	marche	les deux verites concordent	deffdc6b	VALIDE	Fro9249
ref	a349fea8	333750	niikon	marche	les deux verites concordent	0bece71e	VALIDE	OWL WAD
ref	a349fea8	339523	Fro9249	marche	les deux verites concordent	88f1034c	AMBIGU	funkydonut321
ref	a349fea8	339926	Calabrese957145	marche	les deux verites concordent	0000b29c	SOUS_RESERVE	WinterPlains241
ref	a349fea8	341758	funkydonut321	marche	les deux verites concordent	382cafaf	VALIDE	Punkosd
ref	a349fea8	342630	Whatty	marche	les deux verites concordent	0000b29c	SOUS_RESERVE	arminalisk
ref	a349fea8	343465	arminalisk	marche	les deux verites concordent	0000b29c	SOUS_RESERVE	Madina97294
ref	a349fea8	346707	NthDynasty	marche	les deux verites concordent	0000b238	SOUS_RESERVE	fanatiking
ref	a349fea8	348075	fanatiking	marche	les deux verites concordent	0000b238	SOUS_RESERVE	Madina97294
ref	a349fea8	352381	Madina97294	marche	les deux verites concordent	0000b238	SOUS_RESERVE	TheodenKonig
ref	a349fea8	356573	Dark Soldier04	marche	les deux verites concordent	da3b5ba4	VALIDE	TheodenKonig
ref	a349fea8	360844	TheodenKonig	marche	les deux verites concordent	d1e01803	SOUS_RESERVE	Vz Loz zV
ref	a349fea8	361119	WinterPlains241	marche	les deux verites concordent	19bd6810	VALIDE	OWL WAD
ref	a349fea8	363558	SenseiSnickers	marche	les deux verites concordent	d468178e	SOUS_RESERVE	xXskyvinXx
ref	a349fea8	367484	niikon	marche	les deux verites concordent	0bece71e	VALIDE	OWL WAD
ref	a349fea8	370123	Calabrese957145	scan	les deux verites concordent	d468178e	SOUS_RESERVE	xXskyvinXx
ref	a349fea8	374646	Mik2302	scan	les deux verites concordent	0000b29c	SOUS_RESERVE	Dark Soldier04
ref	a349fea8	375099	TWO NiCoMaNia	marche	les deux verites concordent	deffdc6b	VALIDE	Punkosd
ref	a349fea8	381515	Madina97294	marche	les deux verites concordent	7c4f8a28	VALIDE	Punkosd
ref	a349fea8	388922	Punkosd	marche	les deux verites concordent	88f1034c	AMBIGU	NthDynasty
ref	a349fea8	390370	Draxeer	marche	source appartenant a la victime	da3b5ba4	VALIDE	tomn2o
ref	a349fea8	391009	xXskyvinXx	marche	les deux verites concordent	0000b29c	SOUS_RESERVE	Denal111
ref	a349fea8	392997	Vz Loz zV	marche	les deux verites concordent	d468178e	SOUS_RESERVE	arminalisk
ref	a349fea8	399417	BrainDeadLiam	marche	les deux verites concordent	0000b29c	SOUS_RESERVE	NthDynasty
ref	a349fea8	400529	Whatty	scan	les deux verites concordent	d468178e	SOUS_RESERVE	arminalisk
ref	a349fea8	404634	Mik2302	scan	les deux verites concordent	0000b29c	SOUS_RESERVE	funkydonut321
ref	a349fea8	405470	Dark Soldier04	marche	les deux verites concordent	19bd6810	VALIDE	OWL WAD
ref	a349fea8	406766	funkydonut321	marche	les deux verites concordent	d468178e	SOUS_RESERVE	arminalisk
ref	a349fea8	413288	TWO NiCoMaNia	marche	les deux verites concordent	0bece71e	VALIDE	OWL WAD
ref	a349fea8	415318	arminalisk	marche	les deux verites concordent	0000b29c	SOUS_RESERVE	niikon
ref	a349fea8	416857	niikon	marche	les deux verites concordent	0000d627	VALIDE	arminalisk
ref	a349fea8	418588	WinterPlains241	marche	les deux verites concordent	8b1f83ee	SOUS_RESERVE	Punkosd
ref	a349fea8	420861	Vz Loz zV	marche	les deux verites concordent	19bd6810	VALIDE	OWL WAD
ref	a349fea8	426038	OWL WAD	scan	les deux verites concordent	00404748	VALIDE	Madina97294
ref	a349fea8	427597	Draxeer	marche	les deux verites concordent	7654f890	SOUS_RESERVE	tomn2o
ref	a349fea8	429299	Whatty	scan	les deux verites concordent	0000d57f	SOUS_RESERVE	TheodenKonig
ref	a349fea8	435622	tomn2o	marche	les deux verites concordent	0000b29c	SOUS_RESERVE	NthDynasty
ref	a349fea8	439659	SenseiSnickers	marche	les deux verites concordent	0000b238	SOUS_RESERVE	NthDynasty
ref	a349fea8	442451	Mik2302	marche	les deux verites concordent	0bece71e	VALIDE	xXskyvinXx
ref	a349fea8	442685	Fro9249	marche	les deux verites concordent	d468178e	SOUS_RESERVE	WoodE gb
ref	a349fea8	445196	NthDynasty	marche	les deux verites concordent	877da252	SOUS_RESERVE	Denal111
ref	a349fea8	446929	WoodE gb	marche	les deux verites concordent	877da252	SOUS_RESERVE	Denal111
ref	a349fea8	448369	TWO NiCoMaNia	marche	les deux verites concordent	003f582d	VALIDE	fanatiking
ref	a349fea8	448724	Madina97294	marche	les deux verites concordent	877da252	SOUS_RESERVE	Denal111
ref	a349fea8	453798	Dark Soldier04	scan	les deux verites concordent	00404748	VALIDE	Punkosd
ref	a349fea8	453811	funkydonut321	scan	les deux verites concordent	0000d627	VALIDE	Punkosd
ref	a349fea8	456283	Denal111	marche	les deux verites concordent	daa03c35	VALIDE	Whatty
ref	a349fea8	460324	fanatiking	marche	les deux verites concordent	0bece71e	VALIDE	xXskyvinXx
ref	a349fea8	460327	TheodenKonig	marche	les deux verites concordent	0bece71e	VALIDE	xXskyvinXx
ref	a349fea8	460852	xXskyvinXx	marche	les deux verites concordent	00426796	VALIDE	SenseiSnickers
ref	a349fea8	464873	arminalisk	marche	les deux verites concordent	0000b29c	SOUS_RESERVE	niikon
ref	a349fea8	466740	Calabrese957145	marche	les deux verites concordent	88f1034c	AMBIGU	Vz Loz zV
ref	a349fea8	487567	Fro9249	marche	les deux verites concordent	0000b29c	SOUS_RESERVE	NthDynasty
ref	a349fea8	488365	TWO NiCoMaNia	marche	les deux verites concordent	deffdc6b	VALIDE	Mik2302
ref	a349fea8	490737	Calabrese957145	marche	les deux verites concordent	0000b29c	SOUS_RESERVE	NthDynasty
ref	a349fea8	492000	Whatty	scan	les deux verites concordent	deffdc6b	VALIDE	Mik2302
ref	a349fea8	492471	TheodenKonig	marche	les deux verites concordent	0000b29c	SOUS_RESERVE	niikon
ref	a349fea8	492538	NthDynasty	marche	les deux verites concordent	0000b29c	SOUS_RESERVE	Punkosd
ref	a349fea8	493340	Madina97294	marche	les deux verites concordent	003f582d	VALIDE	tomn2o
ref	a349fea8	501313	Dark Soldier04	marche	les deux verites concordent	00426796	VALIDE	SenseiSnickers
ref	a349fea8	504083	BrainDeadLiam	marche	les deux verites concordent	557a2b6c	VALIDE	Dark Soldier04
ref	a349fea8	509851	Punkosd	marche	les deux verites concordent	0000b238	SOUS_RESERVE	niikon
ref	a349fea8	510849	Mik2302	marche	les deux verites concordent	daa03c35	VALIDE	Draxeer
ref	a349fea8	517453	SenseiSnickers	marche	les deux verites concordent	0000b238	SOUS_RESERVE	niikon
ref	a349fea8	518452	Vz Loz zV	marche	les deux verites concordent	d468178e	SOUS_RESERVE	arminalisk
ref	a349fea8	523060	WoodE gb	marche	les deux verites concordent	7ff0849c	SOUS_RESERVE	Denal111
ref	a349fea8	524385	Madina97294	marche	les deux verites concordent	0000b29c	SOUS_RESERVE	arminalisk
ref	a349fea8	524825	Calabrese957145	marche	les deux verites concordent	d468178e	SOUS_RESERVE	TWO NiCoMaNia
ref	a349fea8	532271	Draxeer	marche	les deux verites concordent	003f582d	VALIDE	tomn2o
ref	a349fea8	533102	TheodenKonig	marche	les deux verites concordent	0000b238	SOUS_RESERVE	niikon
ref	a349fea8	534847	Mik2302	marche	les deux verites concordent	7654f890	SOUS_RESERVE	funkydonut321
ref	a349fea8	539209	arminalisk	marche	les deux verites concordent	d468178e	SOUS_RESERVE	TWO NiCoMaNia
ref	a349fea8	541614	niikon	marche	les deux verites concordent	0000b29c	SOUS_RESERVE	Fro9249
ref	a349fea8	546280	NthDynasty	marche	les deux verites concordent	0000b29c	SOUS_RESERVE	Denal111
ref	a349fea8	555626	Fro9249	marche	les deux verites concordent	7654f890	SOUS_RESERVE	TWO NiCoMaNia
ref	a349fea8	557057	tomn2o	marche	les deux verites concordent	0000b238	SOUS_RESERVE	Draxeer
ref	a349fea8	557592	Whatty	marche	les deux verites concordent	003f582d	VALIDE	Punkosd
ref	a349fea8	558401	Calabrese957145	marche	les deux verites concordent	0000b29c	SOUS_RESERVE	ELb0w Mac
ref	a349fea8	560795	SenseiSnickers	marche	les deux verites concordent	7654f890	SOUS_RESERVE	funkydonut321
ref	a349fea8	562459	fanatiking	marche	les deux verites concordent	0000d627	VALIDE	ELb0w Mac
ref	a349fea8	562638	ELb0w Mac	marche	les deux verites concordent	7654f890	SOUS_RESERVE	OWL WAD
ref	a349fea8	570512	NthDynasty	marche	les deux verites concordent	003f582d	VALIDE	Punkosd
ref	a349fea8	570567	BrainDeadLiam	marche	les deux verites concordent	d468178e	SOUS_RESERVE	Madina97294
ref	a349fea8	573015	TWO NiCoMaNia	marche	les deux verites concordent	003f582d	VALIDE	Punkosd
ref	a349fea8	573471	Fro9249	marche	les deux verites concordent	d468178e	SOUS_RESERVE	Madina97294
ref	a349fea8	575210	Mik2302	scan	les deux verites concordent	7654f890	SOUS_RESERVE	funkydonut321
ref	a349fea8	576582	Madina97294	marche	les deux verites concordent	0000d57f	SOUS_RESERVE	Punkosd
ref	a349fea8	576618	Punkosd	marche	les deux verites concordent	0000b29c	SOUS_RESERVE	niikon
ref	a349fea8	576677	Vz Loz zV	marche	les deux verites concordent	0000b29c	SOUS_RESERVE	arminalisk
ref	a349fea8	576781	arminalisk	marche	les deux verites concordent	d468178e	SOUS_RESERVE	Vz Loz zV
ref	a349fea8	582046	TheodenKonig	marche	les deux verites concordent	2ff92041	VALIDE	funkydonut321
ref	a349fea8	582048	funkydonut321	marche	les deux verites concordent	2ff92041	VALIDE	TheodenKonig
ref	a349fea8	582458	WoodE gb	marche	les deux verites concordent	0000b29c	SOUS_RESERVE	OWL WAD
ref	a349fea8	584956	Denal111	marche	les deux verites concordent	53b1e6c5	VALIDE	Dark Soldier04
ref	a349fea8	589600	Dark Soldier04	marche	les deux verites concordent	7654f890	SOUS_RESERVE	SenseiSnickers
ref	a349fea8	591941	tomn2o	marche	les deux verites concordent	0000b29c	SOUS_RESERVE	niikon
ref	a349fea8	593801	OWL WAD	marche	les deux verites concordent	d468178e	SOUS_RESERVE	Whatty
ref	a349fea8	600009	Calabrese957145	marche	les deux verites concordent	daa03c35	VALIDE	WinterPlains241
ref	a349fea8	602593	WinterPlains241	marche	les deux verites concordent	7654f890	SOUS_RESERVE	SenseiSnickers
ref	a349fea8	607198	TheodenKonig	marche	les deux verites concordent	0000b29c	SOUS_RESERVE	Madina97294
ref	a349fea8	610532	Draxeer	marche	les deux verites concordent	0000b29c	SOUS_RESERVE	arminalisk
ref	a349fea8	610737	SenseiSnickers	marche	les deux verites concordent	d468178e	SOUS_RESERVE	NthDynasty
ref	a349fea8	612571	Madina97294	marche	les deux verites concordent	deffdc6b	VALIDE	Fro9249
ref	a349fea8	612574	NthDynasty	marche	les deux verites concordent	deffdc6b	VALIDE	Fro9249
ref	a349fea8	619191	arminalisk	marche	les deux verites concordent	0000b238	SOUS_RESERVE	niikon
ref	a349fea8	621668	funkydonut321	marche	les deux verites concordent	0000b29c	SOUS_RESERVE	tomn2o
ref	a349fea8	627141	TWO NiCoMaNia	marche	les deux verites concordent	19bd6810	VALIDE	fanatiking
ref	a349fea8	629241	Calabrese957145	marche	les deux verites concordent	0000b238	SOUS_RESERVE	niikon
ref	a349fea8	630099	Dark Soldier04	marche	les deux verites concordent	00015cd1	VALIDE	OWL WAD
ref	a349fea8	630342	WinterPlains241	marche	les deux verites concordent	0bece71e	VALIDE	fanatiking
ref	a349fea8	634237	ELb0w Mac	marche	les deux verites concordent	130c4b61	SOUS_RESERVE	Denal111
ref	a349fea8	636380	Vz Loz zV	marche	les deux verites concordent	19bd6810	VALIDE	fanatiking
ref	a349fea8	637978	WoodE gb	marche	les deux verites concordent	7ff0849c	SOUS_RESERVE	Punkosd
ref	a349fea8	642983	Denal111	marche	les deux verites concordent	0000b238	SOUS_RESERVE	Draxeer
ref	a349fea8	645222	Madina97294	marche	les deux verites concordent	0bece71e	VALIDE	fanatiking
ref	a349fea8	649023	Calabrese957145	marche	les deux verites concordent	0000b29c	SOUS_RESERVE	niikon
ref	a349fea8	657339	tomn2o	scan	les deux verites concordent	0000b29c	SOUS_RESERVE	NthDynasty
ref	a349fea8	658231	WinterPlains241	marche	les deux verites concordent	0000b238	SOUS_RESERVE	TheodenKonig
ref	a349fea8	661735	TheodenKonig	marche	les deux verites concordent	0000b238	SOUS_RESERVE	Draxeer
ref	a349fea8	663300	ELb0w Mac	marche	les deux verites concordent	19bd6810	VALIDE	fanatiking
ref	a349fea8	663599	SenseiSnickers	marche	les deux verites concordent	da3b5ba4	VALIDE	TWO NiCoMaNia
ref	a349fea8	665105	BrainDeadLiam	marche	les deux verites concordent	0000b29c	SOUS_RESERVE	TWO NiCoMaNia
ref	a349fea8	667704	funkydonut321	marche	les deux verites concordent	d468178e	SOUS_RESERVE	arminalisk
ref	a349fea8	669352	Draxeer	marche	les deux verites concordent	0000b29c	SOUS_RESERVE	Denal111
ref	a349fea8	671240	NthDynasty	marche	les deux verites concordent	0000b29c	SOUS_RESERVE	Denal111
ref	a349fea8	673476	TWO NiCoMaNia	scan	les deux verites concordent	d468178e	SOUS_RESERVE	arminalisk
ref	a349fea8	675959	Punkosd	marche	les deux verites concordent	0000b29c	SOUS_RESERVE	niikon
ref	a349fea8	676446	Vz Loz zV	marche	les deux verites concordent	0bece71e	VALIDE	fanatiking
ref	a349fea8	678585	Dark Soldier04	marche	les deux verites concordent	00015cd1	VALIDE	OWL WAD
ref	a349fea8	683398	niikon	marche	les deux verites concordent	003f582d	VALIDE	Denal111
ref	a349fea8	684190	Madina97294	marche	les deux verites concordent	0000b29c	SOUS_RESERVE	arminalisk
ref	a349fea8	690436	WinterPlains241	marche	les deux verites concordent	1538c906	VALIDE	arminalisk
ref	a349fea8	696078	ELb0w Mac	marche	les deux verites concordent	0bece71e	VALIDE	fanatiking
ref	a349fea8	707185	Fro9249	marche	les deux verites concordent	fa4fad21	VALIDE	Whatty
ref	a349fea8	721730	Whatty	marche	les deux verites concordent	003f582d	VALIDE	SenseiSnickers
ref	a349fea8	724100	SenseiSnickers	marche	les deux verites concordent	0000b29c	SOUS_RESERVE	niikon
ref	a349fea8	727677	Denal111	marche	les deux verites concordent	0000b238	SOUS_RESERVE	niikon
ref	a349fea8	728412	Draxeer	marche	les deux verites concordent	8add9998	SOUS_RESERVE	Punkosd
ref	a349fea8	732874	Madina97294	marche	les deux verites concordent	0000005f	INCONNU	arminalisk
ref	a349fea8	734473	TheodenKonig	marche	les deux verites concordent	0bece71e	VALIDE	TWO NiCoMaNia
ref	a349fea8	737787	niikon	marche	les deux verites concordent	0000b29c	SOUS_RESERVE	Punkosd
ref	a349fea8	737812	NthDynasty	marche	les deux verites concordent	0000005f	INCONNU	arminalisk
ref	a349fea8	740924	arminalisk	marche	les deux verites concordent	19bd6810	VALIDE	TWO NiCoMaNia
ref	a349fea8	747176	Calabrese957145	marche	les deux verites concordent	0000b29c	SOUS_RESERVE	funkydonut321
ref	a349fea8	747331	Mik2302	marche	les deux verites concordent	0000b29c	SOUS_RESERVE	ELb0w Mac
ref	a349fea8	750242	WoodE gb	marche	les deux verites concordent	0000b29c	SOUS_RESERVE	Punkosd
ref	a349fea8	752727	ELb0w Mac	marche	les deux verites concordent	003f582d	VALIDE	tomn2o
ref	a349fea8	756358	Fro9249	marche	les deux verites concordent	7654f890	SOUS_RESERVE	funkydonut321
ref	a349fea8	756885	tomn2o	scan	les deux verites concordent	0000b29c	SOUS_RESERVE	Madina97294
ref	a349fea8	757352	SenseiSnickers	scan	les deux verites concordent	19bd6810	VALIDE	TWO NiCoMaNia
ref	a349fea8	767663	Denal111	scan	les deux verites concordent	daa03c35	VALIDE	NthDynasty
ref	a349fea8	774679	Calabrese957145	marche	les deux verites concordent	daa03c35	VALIDE	Draxeer
ref	a349fea8	774841	Mik2302	marche	les deux verites concordent	7654f890	SOUS_RESERVE	funkydonut321
ref	a349fea8	775773	Draxeer	scan	les deux verites concordent	d468178e	SOUS_RESERVE	arminalisk
ref	a349fea8	777983	TheodenKonig	scan	les deux verites concordent	0bece71e	VALIDE	TWO NiCoMaNia
ref	a349fea8	778445	fanatiking	scan	les deux verites concordent	0000b238	SOUS_RESERVE	Madina97294
ref	a349fea8	784523	arminalisk	marche	les deux verites concordent	7654f890	SOUS_RESERVE	Vz Loz zV
ref	a349fea8	792432	Vz Loz zV	scan	les deux verites concordent	7654f890	SOUS_RESERVE	BrainDeadLiam
ref	a349fea8	796639	funkydonut321	scan	les deux verites concordent	0000b238	SOUS_RESERVE	SenseiSnickers
ref	a349fea8	799443	Fro9249	marche	les deux verites concordent	0000b29c	SOUS_RESERVE	Madina97294
ref	a349fea8	804047	TheodenKonig	marche	les deux verites concordent	0000b29c	SOUS_RESERVE	Madina97294
ref	a349fea8	806638	tomn2o	scan	les deux verites concordent	003f582d	VALIDE	Draxeer
ref	a349fea8	813783	Madina97294	scan	les deux verites concordent	0000b29c	SOUS_RESERVE	Punkosd
ref	a349fea8	814923	OWL WAD	scan	les deux verites concordent	130c4b61	SOUS_RESERVE	Whatty
ref	a349fea8	818519	Dark Soldier04	scan	les deux verites concordent	d468178e	SOUS_RESERVE	Punkosd
ref	a349fea8	818521	Punkosd	scan	source appartenant a la victime	d468178e	SOUS_RESERVE	Dark Soldier04
ref	a349fea8	820455	arminalisk	marche	les deux verites concordent	2ff92041	VALIDE	NthDynasty
ref	a349fea8	828176	Denal111	marche	les deux verites concordent	038ad14c	SOUS_RESERVE	NthDynasty
ref	a349fea8	834945	Fro9249	marche	les deux verites concordent	daa03c35	VALIDE	NthDynasty
ref	a349fea8	837150	TheodenKonig	marche	les deux verites concordent	130c4b61	SOUS_RESERVE	Whatty
ref	a349fea8	837275	funkydonut321	marche	les deux verites concordent	0000b238	SOUS_RESERVE	SenseiSnickers
ref	a349fea8	842013	SenseiSnickers	marche	les deux verites concordent	0000b238	SOUS_RESERVE	Vz Loz zV
ref	a349fea8	844692	NthDynasty	marche	les deux verites concordent	003f582d	VALIDE	fanatiking
ref	a349fea8	845957	Whatty	scan	les deux verites concordent	003f582d	VALIDE	Punkosd
ref	a349fea8	851624	Calabrese957145	marche	les deux verites concordent	0bece71e	VALIDE	TWO NiCoMaNia
ref	a349fea8	857608	Dark Soldier04	marche	les deux verites concordent	0000005f	INCONNU	tomn2o
ref	a349fea8	859984	tomn2o	marche	les deux verites concordent	19bd6810	VALIDE	TWO NiCoMaNia
ref	a349fea8	864893	Vz Loz zV	marche	les deux verites concordent	003f582d	VALIDE	fanatiking
ref	a349fea8	868027	ELb0w Mac	marche	les deux verites concordent	e1f38ea2	SOUS_RESERVE	Punkosd
ref	a349fea8	870702	Mik2302	marche	les deux verites concordent	0000b29c	SOUS_RESERVE	NthDynasty
ref	a349fea8	871621	Madina97294	marche	les deux verites concordent	da3b5ba4	VALIDE	Denal111
ref	a349fea8	872805	TheodenKonig	marche	les deux verites concordent	0000b29c	SOUS_RESERVE	niikon
ref	a349fea8	873496	NthDynasty	marche	les deux verites concordent	0000b29c	SOUS_RESERVE	Punkosd
ref	a349fea8	877708	Punkosd	scan	les deux verites concordent	0000b29c	SOUS_RESERVE	niikon
ref	a349fea8	877900	Draxeer	marche	les deux verites concordent	0000b238	SOUS_RESERVE	Fro9249
ref	a349fea8	884484	Calabrese957145	marche	les deux verites concordent	0000b29c	SOUS_RESERVE	niikon
ref	a349fea8	891845	Denal111	marche	les deux verites concordent	0bece71e	VALIDE	TWO NiCoMaNia
ref	a349fea8	892312	Mik2302	marche	les deux verites concordent	0000d57f	SOUS_RESERVE	Whatty
ref	a349fea8	894623	SenseiSnickers	scan	les deux verites concordent	0bece71e	VALIDE	TWO NiCoMaNia
ref	a349fea8	894651	Dark Soldier04	marche	les deux verites concordent	0000b29c	SOUS_RESERVE	Fro9249
ref	a349fea8	895018	Whatty	marche	les deux verites concordent	003f582d	VALIDE	tomn2o
ref	a349fea8	899115	WoodE gb	marche	les deux verites concordent	0000b238	SOUS_RESERVE	arminalisk
ref	a349fea8	905763	fanatiking	marche	les deux verites concordent	bb1a095b	SOUS_RESERVE	Madina97294
ref	a349fea8	909072	niikon	scan	les deux verites concordent	acd1cff4	SOUS_RESERVE	OWL WAD
ref	a349fea8	911371	TheodenKonig	marche	les deux verites concordent	038ad14c	SOUS_RESERVE	Vz Loz zV
ref	a349fea8	914602	Calabrese957145	scan	les deux verites concordent	daa03c35	VALIDE	WinterPlains241
ref	a349fea8	915480	OWL WAD	marche	les deux verites concordent	0bece71e	VALIDE	TWO NiCoMaNia
ref	a349fea8	916751	Fro9249	marche	les deux verites concordent	0000b29c	SOUS_RESERVE	NthDynasty
ref	a349fea8	917321	funkydonut321	marche	les deux verites concordent	0000b238	SOUS_RESERVE	Punkosd
ref	a349fea8	918487	WinterPlains241	scan	les deux verites concordent	0000b238	SOUS_RESERVE	Mik2302
ref	a349fea8	920523	tomn2o	marche	les deux verites concordent	038ad14c	SOUS_RESERVE	Vz Loz zV
ref	a349fea8	922293	BrainDeadLiam	scan	les deux verites concordent	daa03c35	VALIDE	Dark Soldier04
ref	a349fea8	923916	Whatty	marche	les deux verites concordent	5e389b5d	VALIDE	arminalisk
ref	a349fea8	931534	Mik2302	scan	les deux verites concordent	bb1a095b	SOUS_RESERVE	Madina97294
ref	a349fea8	933217	SenseiSnickers	marche	les deux verites concordent	003f582d	VALIDE	niikon
ref	a349fea8	934807	Punkosd	marche	les deux verites concordent	daa03c35	VALIDE	Dark Soldier04
ref	a349fea8	935508	Draxeer	marche	source appartenant a la victime	d2ffec3f	VALIDE	SenseiSnickers
ref	a349fea8	936846	Denal111	scan	les deux verites concordent	038ad14c	SOUS_RESERVE	Vz Loz zV
ref	a349fea8	937442	Dark Soldier04	marche	les deux verites concordent	da3b5ba4	VALIDE	Denal111
ref	a349fea8	937445	Vz Loz zV	marche	les deux verites concordent	da3b5ba4	VALIDE	Denal111
ref	a349fea8	944385	TheodenKonig	marche	les deux verites concordent	0bece71e	VALIDE	TWO NiCoMaNia
ref	a349fea8	950696	Fro9249	marche	les deux verites concordent	0000b29c	SOUS_RESERVE	niikon
ref	a521164d	70996	GET FREE NOW	marche	les deux verites concordent	7c4f8a28	VALIDE	UndatedLamb92
ref	a521164d	76609	JisGaming8	marche	les deux verites concordent	2ff92041	VALIDE	DenimDude6035
ref	a521164d	80174	HALODAN12	scan	les deux verites concordent	00015cd1	VALIDE	Leepaton420
ref	a521164d	87148	DenimDude6035	marche	les deux verites concordent	0000b29c	SOUS_RESERVE	SpooneyBread998
ref	a521164d	91228	SpooneyBread998	marche	les deux verites concordent	0000b29c	SOUS_RESERVE	Madina97294
ref	a521164d	92019	UndatedLamb92	marche	les deux verites concordent	deffdc6b	VALIDE	Holzkopf9
ref	a521164d	92189	Holzkopf9	marche	les deux verites concordent	deffdc6b	VALIDE	UndatedLamb92
ref	a521164d	92193	DeviousVix	marche	les deux verites concordent	deffdc6b	VALIDE	UndatedLamb92
ref	a521164d	92641	DaniyalBrolaigh	scan	les deux verites concordent	0bece71e	VALIDE	Twinblade103610
ref	a521164d	93162	Twinblade103610	scan	les deux verites concordent	88f1034c	AMBIGU	DaniyalBrolaigh
ref	a521164d	97751	Marrero1987	marche	les deux verites concordent	0bece71e	VALIDE	GET FREE NOW
ref	a521164d	98819	AndrewCA117	marche	les deux verites concordent	19bd6810	VALIDE	OVERLORDsdlg
ref	a521164d	99609	Commander Neko	marche	les deux verites concordent	da3b5ba4	VALIDE	doc frosty1
ref	a521164d	104229	Madina97294	marche	les deux verites concordent	0bece71e	VALIDE	OVERLORDsdlg
ref	a521164d	108828	HALODAN12	marche	les deux verites concordent	0bece71e	VALIDE	OVERLORDsdlg
ref	a521164d	119561	MS 82 gamer	marche	les deux verites concordent	19bd6810	VALIDE	GET FREE NOW
ref	a521164d	120061	CmdData123	marche	les deux verites concordent	0000b29c	SOUS_RESERVE	OVERLORDsdlg
ref	a521164d	122209	Jaydeniscool338	scan	les deux verites concordent	0000b29c	SOUS_RESERVE	UndatedLamb92
ref	a521164d	127772	doc frosty1	marche	les deux verites concordent	daa03c35	VALIDE	DenimDude6035
ref	a521164d	128039	INDUS GAMER	marche	les deux verites concordent	e1f38ea2	SOUS_RESERVE	Hernandocon
ref	a521164d	130710	JisGaming8	scan	les deux verites concordent	daa03c35	VALIDE	DenimDude6035
ref	a521164d	130818	Commander Neko	marche	les deux verites concordent	7654f890	SOUS_RESERVE	DeviousVix
ref	a521164d	133091	Madina97294	marche	les deux verites concordent	0000b29c	SOUS_RESERVE	DaniyalBrolaigh
ref	a521164d	133423	UndatedLamb92	marche	les deux verites concordent	0000b29c	SOUS_RESERVE	OVERLORDsdlg
ref	a521164d	133654	Leepaton420	marche	les deux verites concordent	daa03c35	VALIDE	Hernandocon
ref	a521164d	134091	Holzkopf9	marche	les deux verites concordent	382cafaf	VALIDE	AndrewCA117
ref	a521164d	137333	AndrewCA117	marche	les deux verites concordent	7654f890	SOUS_RESERVE	DeviousVix
ref	a521164d	138754	Twinblade103610	marche	les deux verites concordent	da3b5ba4	VALIDE	OVERLORDsdlg
ref	a521164d	139996	DaniyalBrolaigh	marche	les deux verites concordent	0000b29c	SOUS_RESERVE	HALODAN12
ref	a521164d	141928	Marrero1987	marche	les deux verites concordent	0000b29c	SOUS_RESERVE	SpooneyBread998
ref	a521164d	142758	DenimDude6035	marche	les deux verites concordent	003f582d	VALIDE	Pabloluis20
ref	a521164d	144604	SpooneyBread998	marche	les deux verites concordent	0000b29c	SOUS_RESERVE	HALODAN12
ref	a521164d	145160	GET FREE NOW	marche	les deux verites concordent	daa03c35	VALIDE	Hernandocon
ref	a521164d	153677	DeviousVix	marche	les deux verites concordent	daa03c35	VALIDE	Commander Neko
ref	a521164d	153913	HALODAN12	marche	les deux verites concordent	0000b29c	SOUS_RESERVE	OVERLORDsdlg
ref	a521164d	164157	OVERLORDsdlg	marche	les deux verites concordent	7654f890	SOUS_RESERVE	Commander Neko
ref	a521164d	171256	DenimDude6035	scan	les deux verites concordent	e9941862	SOUS_RESERVE	doc frosty1
ref	a521164d	171964	INDUS GAMER	marche	les deux verites concordent	e1f38ea2	SOUS_RESERVE	Hernandocon
ref	a521164d	177608	Hernandocon	marche	les deux verites concordent	0000b29c	SOUS_RESERVE	Holzkopf9
ref	a521164d	177764	SpooneyBread998	scan	les deux verites concordent	119861b4	VALIDE	AndrewCA117
ref	a521164d	179578	Twinblade103610	marche	les deux verites concordent	0000b29c	SOUS_RESERVE	GET FREE NOW
ref	a521164d	185166	UndatedLamb92	marche	les deux verites concordent	003f582d	VALIDE	Pabloluis20
ref	a521164d	188793	Madina97294	marche	les deux verites concordent	0000b29c	SOUS_RESERVE	Holzkopf9
ref	a521164d	190430	AndrewCA117	marche	les deux verites concordent	0000b29c	SOUS_RESERVE	DaniyalBrolaigh
ref	a521164d	196388	JisGaming8	marche	les deux verites concordent	13ff7bdf	SOUS_RESERVE	Commander Neko
ref	a521164d	196649	DenimDude6035	marche	les deux verites concordent	0000b29c	SOUS_RESERVE	DeviousVix
ref	a521164d	197283	Commander Neko	marche	les deux verites concordent	0000b29c	SOUS_RESERVE	Holzkopf9
ref	a521164d	201571	Marrero1987	marche	les deux verites concordent	0000b29c	SOUS_RESERVE	Leepaton420
ref	a521164d	208273	doc frosty1	marche	les deux verites concordent	382cafaf	VALIDE	Twinblade103610
ref	a521164d	214555	UndatedLamb92	scan	les deux verites concordent	ab2302e0	VALIDE	DeviousVix
ref	a521164d	216516	DeviousVix	scan	les deux verites concordent	6a761168	SOUS_RESERVE	Hernandocon
ref	a521164d	221707	HALODAN12	marche	les deux verites concordent	7654f890	SOUS_RESERVE	ItsWindlol
ref	a521164d	222427	Twinblade103610	marche	les deux verites concordent	382cafaf	VALIDE	Leepaton420
ref	a521164d	226750	INDUS GAMER	scan	les deux verites concordent	0000d627	VALIDE	Hernandocon
ref	a521164d	226753	Leepaton420	scan	les deux verites concordent	00404748	VALIDE	Hernandocon
ref	a521164d	229845	SpooneyBread998	marche	les deux verites concordent	0000b29c	SOUS_RESERVE	Madina97294
ref	a521164d	236172	Commander Neko	marche	les deux verites concordent	0000b29c	SOUS_RESERVE	OVERLORDsdlg
ref	a521164d	238289	Madina97294	marche	les deux verites concordent	003f582d	VALIDE	Pabloluis20
ref	a521164d	238887	MS 82 gamer	marche	les deux verites concordent	0000b29c	SOUS_RESERVE	DeviousVix
ref	a521164d	241596	Hernandocon	marche	les deux verites concordent	003f582d	VALIDE	Pabloluis20
ref	a521164d	241893	Pabloluis20	marche	les deux verites concordent	e9941862	SOUS_RESERVE	Hernandocon
ref	a521164d	243598	Twinblade103610	marche	les deux verites concordent	0000b29c	SOUS_RESERVE	DeviousVix
ref	a521164d	245021	DeviousVix	marche	les deux verites concordent	003f582d	VALIDE	Marrero1987
ref	a521164d	254133	OVERLORDsdlg	scan	les deux verites concordent	deffdc6b	VALIDE	AndrewCA117
ref	a521164d	255937	AndrewCA117	marche	les deux verites concordent	deffdc6b	VALIDE	JisGaming8
ref	a521164d	257982	SpooneyBread998	scan	les deux verites concordent	d468178e	SOUS_RESERVE	HALODAN12
ref	a521164d	259041	HALODAN12	marche	les deux verites concordent	deffdc6b	VALIDE	JisGaming8
ref	a521164d	262059	doc frosty1	marche	les deux verites concordent	0000b29c	SOUS_RESERVE	Commander Neko
ref	a521164d	264128	DenimDude6035	scan	les deux verites concordent	deffdc6b	VALIDE	JisGaming8
ref	a521164d	268328	Marrero1987	marche	les deux verites concordent	0000b29c	SOUS_RESERVE	DeviousVix
ref	a521164d	273175	Twinblade103610	marche	les deux verites concordent	7c4f8a28	VALIDE	JisGaming8
ref	a521164d	278825	AndrewCA117	marche	les deux verites concordent	0000b29c	SOUS_RESERVE	DeviousVix
ref	a521164d	281656	DaniyalBrolaigh	marche	les deux verites concordent	0000b29c	SOUS_RESERVE	Madina97294
ref	a521164d	285224	Pabloluis20	marche	les deux verites concordent	0000b29c	SOUS_RESERVE	Commander Neko
ref	a521164d	285394	SpooneyBread998	marche	les deux verites concordent	0000b29c	SOUS_RESERVE	HALODAN12
ref	a521164d	287063	MS 82 gamer	marche	les deux verites concordent	0000b29c	SOUS_RESERVE	DeviousVix
ref	a521164d	295736	U2 Sam Fisher	scan	les deux verites concordent	da3b5ba4	VALIDE	doc frosty1
ref	a521164d	296037	HALODAN12	marche	les deux verites concordent	ef5d9e6c	SOUS_RESERVE	Leepaton420
ref	a521164d	296603	OVERLORDsdlg	marche	les deux verites concordent	d468178e	SOUS_RESERVE	Madina97294
ref	a521164d	301160	DenimDude6035	marche	les deux verites concordent	0000b238	SOUS_RESERVE	DeviousVix
ref	a521164d	305355	GET FREE NOW	marche	les deux verites concordent	0000b29c	SOUS_RESERVE	Commander Neko
ref	a521164d	306395	Madina97294	scan	les deux verites concordent	7c4f8a28	VALIDE	JisGaming8
ref	a521164d	306424	Twinblade103610	marche	les deux verites concordent	0000b29c	SOUS_RESERVE	Holzkopf9
ref	a521164d	307425	Holzkopf9	marche	les deux verites concordent	0000b29c	SOUS_RESERVE	Brauhausmann
ref	a521164d	310328	Commander Neko	marche	les deux verites concordent	0000b29c	SOUS_RESERVE	DaniyalBrolaigh
ref	a521164d	316620	AndrewCA117	marche	les deux verites concordent	557a2b6c	VALIDE	JisGaming8
ref	a521164d	317824	HALODAN12	marche	les deux verites concordent	19bd6810	VALIDE	DeviousVix
ref	a521164d	321056	Madina97294	marche	les deux verites concordent	0bece71e	VALIDE	DeviousVix
ref	a521164d	325839	Marrero1987	marche	les deux verites concordent	0000b29c	SOUS_RESERVE	DaniyalBrolaigh
ref	a521164d	326800	JisGaming8	marche	les deux verites concordent	88f1034c	AMBIGU	DenimDude6035
ref	a521164d	332469	DeviousVix	marche	les deux verites concordent	7654f890	SOUS_RESERVE	Brauhausmann
ref	a521164d	332613	SpooneyBread998	marche	les deux verites concordent	0000b238	SOUS_RESERVE	Commander Neko
ref	a521164d	334356	Twinblade103610	marche	les deux verites concordent	0000b29c	SOUS_RESERVE	Pabloluis20
ref	a521164d	336471	HALODAN12	marche	les deux verites concordent	ebcbab64	SOUS_RESERVE	ItsWindlol
ref	a521164d	340590	ItsWindlol	marche	les deux verites concordent	038ad14c	SOUS_RESERVE	Hernandocon
ref	a521164d	344269	Madina97294	marche	les deux verites concordent	da3b5ba4	VALIDE	Pabloluis20
ref	a521164d	353430	MS 82 gamer	marche	les deux verites concordent	0000005f	INCONNU	DaniyalBrolaigh
ref	a521164d	354089	Holzkopf9	marche	les deux verites concordent	038ad14c	SOUS_RESERVE	Hernandocon
ref	a521164d	354264	Hernandocon	marche	les deux verites concordent	daa03c35	VALIDE	DeviousVix
ref	a521164d	356730	DaniyalBrolaigh	marche	les deux verites concordent	0bece71e	VALIDE	U2 Sam Fisher
ref	a521164d	356745	Marrero1987	marche	les deux verites concordent	53b1e6c5	VALIDE	OVERLORDsdlg
ref	a765f61d	32155	Necrotixxx	marche	les deux verites concordent	da3b5ba4	VALIDE	Nuzzles
ref	a765f61d	38329	SniperMcSniper2	marche	les deux verites concordent	f3c1f9a8	SOUS_RESERVE	Froggit Exodus
ref	a765f61d	41933	epicgoomby	marche	les deux verites concordent	f3c1f9a8	SOUS_RESERVE	Froggit Exodus
ref	a765f61d	47421	Satoru JZ	marche	les deux verites concordent	f3c1f9a8	SOUS_RESERVE	Necrotixxx
ref	a765f61d	59883	SniperMcSniper2	marche	les deux verites concordent	da3b5ba4	VALIDE	Froggit Exodus
ref	a765f61d	65806	TRR Sleeker	marche	les deux verites concordent	f3c1f9a8	SOUS_RESERVE	N i n j a 1 8 0
ref	a765f61d	66974	Froggit Exodus	marche	les deux verites concordent	f3c1f9a8	SOUS_RESERVE	epicgoomby
ref	a765f61d	71211	Satoru JZ	marche	les deux verites concordent	f3c1f9a8	SOUS_RESERVE	Necrotixxx
ref	a765f61d	80054	Nuzzles	marche	les deux verites concordent	7654f890	SOUS_RESERVE	Necrotixxx
ref	a765f61d	80604	TRR Sleeker	marche	les deux verites concordent	f3c1f9a8	SOUS_RESERVE	epicgoomby
ref	a765f61d	84508	Froggit Exodus	marche	les deux verites concordent	daa03c35	VALIDE	epicgoomby
ref	a765f61d	92817	Nuzzles	marche	les deux verites concordent	7654f890	SOUS_RESERVE	Necrotixxx
ref	a765f61d	96620	Satoru JZ	marche	les deux verites concordent	f3c1f9a8	SOUS_RESERVE	Necrotixxx
ref	a765f61d	101325	TRR Sleeker	marche	les deux verites concordent	daa03c35	VALIDE	Necrotixxx
ref	a765f61d	106330	Necrotixxx	marche	les deux verites concordent	f3c1f9a8	SOUS_RESERVE	Nuzzles
ref	a765f61d	116624	epicgoomby	marche	les deux verites concordent	daa03c35	VALIDE	Nuzzles
ref	a765f61d	117608	TRR Sleeker	marche	les deux verites concordent	f3c1f9a8	SOUS_RESERVE	N i n j a 1 8 0
ref	a765f61d	122396	Satoru JZ	marche	les deux verites concordent	000027cc	VALIDE	SniperMcSniper2
ref	a765f61d	122480	N i n j a 1 8 0	marche	les deux verites concordent	f3c1f9a8	SOUS_RESERVE	Froggit Exodus
ref	a765f61d	122996	SniperMcSniper2	marche	les deux verites concordent	da3b5ba4	VALIDE	Froggit Exodus
ref	a765f61d	128770	Necrotixxx	marche	les deux verites concordent	f3c1f9a8	SOUS_RESERVE	Nuzzles
ref	a765f61d	136730	Satoru JZ	marche	les deux verites concordent	f3c1f9a8	SOUS_RESERVE	SniperMcSniper2
ref	a765f61d	139050	epicgoomby	marche	les deux verites concordent	f3c1f9a8	SOUS_RESERVE	Nuzzles
ref	a765f61d	144555	Nuzzles	marche	les deux verites concordent	f3c1f9a8	SOUS_RESERVE	Necrotixxx
ref	a765f61d	147691	Froggit Exodus	marche	les deux verites concordent	f3c1f9a8	SOUS_RESERVE	N i n j a 1 8 0
ref	a765f61d	152546	TRR Sleeker	marche	les deux verites concordent	f3c1f9a8	SOUS_RESERVE	SniperMcSniper2
ref	a765f61d	160687	N i n j a 1 8 0	marche	les deux verites concordent	f3c1f9a8	SOUS_RESERVE	Satoru JZ
ref	a765f61d	164175	Satoru JZ	marche	les deux verites concordent	f3c1f9a8	SOUS_RESERVE	SniperMcSniper2
ref	a765f61d	170580	Necrotixxx	marche	les deux verites concordent	f3c1f9a8	SOUS_RESERVE	Froggit Exodus
ref	a765f61d	176170	SniperMcSniper2	marche	les deux verites concordent	daa03c35	VALIDE	Nuzzles
ref	a765f61d	178689	TRR Sleeker	marche	les deux verites concordent	f3c1f9a8	SOUS_RESERVE	N i n j a 1 8 0
ref	a765f61d	179539	Nuzzles	marche	les deux verites concordent	000027cc	VALIDE	epicgoomby
ref	a765f61d	183259	epicgoomby	marche	les deux verites concordent	da3b5ba4	VALIDE	Satoru JZ
ref	a765f61d	189384	Satoru JZ	marche	les deux verites concordent	f3c1f9a8	SOUS_RESERVE	N i n j a 1 8 0
ref	a765f61d	195506	SniperMcSniper2	marche	les deux verites concordent	f3c1f9a8	SOUS_RESERVE	Froggit Exodus
ref	a765f61d	195889	N i n j a 1 8 0	marche	les deux verites concordent	f3c1f9a8	SOUS_RESERVE	TRR Sleeker
ref	a765f61d	201228	Nuzzles	marche	les deux verites concordent	f3c1f9a8	SOUS_RESERVE	Necrotixxx
ref	a765f61d	203147	epicgoomby	marche	les deux verites concordent	f3c1f9a8	SOUS_RESERVE	TRR Sleeker
ref	a765f61d	208068	TRR Sleeker	marche	les deux verites concordent	f3c1f9a8	SOUS_RESERVE	Necrotixxx
ref	a765f61d	215610	N i n j a 1 8 0	marche	les deux verites concordent	f3c1f9a8	SOUS_RESERVE	Nuzzles
ref	a765f61d	217161	SniperMcSniper2	marche	les deux verites concordent	7654f890	SOUS_RESERVE	Satoru JZ
ref	a765f61d	220514	epicgoomby	marche	les deux verites concordent	f3c1f9a8	SOUS_RESERVE	Satoru JZ
ref	a765f61d	232643	Necrotixxx	marche	les deux verites concordent	f3c1f9a8	SOUS_RESERVE	Nuzzles
ref	a765f61d	234729	SniperMcSniper2	marche	les deux verites concordent	f3c1f9a8	SOUS_RESERVE	Froggit Exodus
ref	a765f61d	244605	N i n j a 1 8 0	marche	les deux verites concordent	f3c1f9a8	SOUS_RESERVE	Satoru JZ
ref	a765f61d	248842	TRR Sleeker	marche	les deux verites concordent	da3b5ba4	VALIDE	Necrotixxx
ref	a765f61d	251563	Froggit Exodus	scan	les deux verites concordent	f3c1f9a8	SOUS_RESERVE	epicgoomby
ref	a765f61d	251565	epicgoomby	scan	les deux verites concordent	f3c1f9a8	SOUS_RESERVE	Froggit Exodus
ref	a765f61d	256549	Nuzzles	marche	les deux verites concordent	1f80502a	SOUS_RESERVE	Necrotixxx
ref	a765f61d	257935	Satoru JZ	marche	les deux verites concordent	f3c1f9a8	SOUS_RESERVE	SniperMcSniper2
ref	a765f61d	277471	TRR Sleeker	marche	les deux verites concordent	2ff92041	VALIDE	epicgoomby
ref	a765f61d	278072	epicgoomby	marche	les deux verites concordent	f3c1f9a8	SOUS_RESERVE	Nuzzles
ref	a765f61d	283077	Satoru JZ	marche	les deux verites concordent	da3b5ba4	VALIDE	SniperMcSniper2
ref	a765f61d	283744	SniperMcSniper2	marche	les deux verites concordent	f3c1f9a8	SOUS_RESERVE	Nuzzles
ref	a765f61d	284763	Froggit Exodus	marche	les deux verites concordent	2ff92041	VALIDE	N i n j a 1 8 0
ref	a765f61d	284962	N i n j a 1 8 0	marche	les deux verites concordent	f3c1f9a8	SOUS_RESERVE	Nuzzles
ref	a765f61d	289650	Necrotixxx	scan	les deux verites concordent	2ff92041	VALIDE	Nuzzles
ref	a765f61d	289651	Nuzzles	scan	les deux verites concordent	2ff92041	VALIDE	Necrotixxx
ref	a765f61d	302429	TRR Sleeker	marche	les deux verites concordent	da3b5ba4	VALIDE	SniperMcSniper2
ref	a765f61d	304232	Necrotixxx	marche	les deux verites concordent	f3c1f9a8	SOUS_RESERVE	Satoru JZ
ref	a765f61d	307018	N i n j a 1 8 0	marche	les deux verites concordent	daa03c35	VALIDE	Satoru JZ
ref	a765f61d	311640	epicgoomby	marche	les deux verites concordent	f3c1f9a8	SOUS_RESERVE	Froggit Exodus
ref	a765f61d	317578	Froggit Exodus	marche	les deux verites concordent	f3c1f9a8	SOUS_RESERVE	SniperMcSniper2
ref	a765f61d	318012	SniperMcSniper2	marche	les deux verites concordent	f3c1f9a8	SOUS_RESERVE	Nuzzles
ref	a765f61d	335330	Froggit Exodus	marche	les deux verites concordent	f3c1f9a8	SOUS_RESERVE	epicgoomby
ref	a765f61d	340317	epicgoomby	marche	les deux verites concordent	daa03c35	VALIDE	TRR Sleeker
ref	a765f61d	341385	Nuzzles	marche	les deux verites concordent	00404748	VALIDE	epicgoomby
ref	a765f61d	341386	TRR Sleeker	marche	les deux verites concordent	0000d627	VALIDE	epicgoomby
ref	a765f61d	343622	Necrotixxx	marche	les deux verites concordent	f3c1f9a8	SOUS_RESERVE	Satoru JZ
ref	a765f61d	349177	Satoru JZ	scan	les deux verites concordent	2ff92041	VALIDE	N i n j a 1 8 0
ref	a765f61d	349180	N i n j a 1 8 0	scan	les deux verites concordent	2ff92041	VALIDE	Satoru JZ
ref	a765f61d	362825	Nuzzles	marche	les deux verites concordent	f3c1f9a8	SOUS_RESERVE	Necrotixxx
ref	a765f61d	364609	epicgoomby	marche	les deux verites concordent	f3c1f9a8	SOUS_RESERVE	Froggit Exodus
ref	a765f61d	367528	SniperMcSniper2	marche	les deux verites concordent	daa03c35	VALIDE	TRR Sleeker
ref	a765f61d	371516	Satoru JZ	marche	les deux verites concordent	f3c1f9a8	SOUS_RESERVE	Necrotixxx
ref	a765f61d	376872	N i n j a 1 8 0	marche	les deux verites concordent	f3c1f9a8	SOUS_RESERVE	Froggit Exodus
ref	a765f61d	377507	TRR Sleeker	marche	les deux verites concordent	f3c1f9a8	SOUS_RESERVE	epicgoomby
ref	a765f61d	382127	Necrotixxx	marche	les deux verites concordent	f3c1f9a8	SOUS_RESERVE	Froggit Exodus
ref	a765f61d	385613	Froggit Exodus	marche	les deux verites concordent	f3c1f9a8	SOUS_RESERVE	epicgoomby
ref	a765f61d	388866	Nuzzles	marche	les deux verites concordent	f3c1f9a8	SOUS_RESERVE	SniperMcSniper2
ref	a765f61d	410576	Necrotixxx	scan	les deux verites concordent	f3c1f9a8	SOUS_RESERVE	Nuzzles
ref	a765f61d	414863	TRR Sleeker	scan	les deux verites concordent	f3c1f9a8	SOUS_RESERVE	N i n j a 1 8 0
ref	a765f61d	416648	Satoru JZ	scan	les deux verites concordent	f3c1f9a8	SOUS_RESERVE	epicgoomby
ref	a765f61d	418034	epicgoomby	scan	les deux verites concordent	f3c1f9a8	SOUS_RESERVE	Froggit Exodus
ref	a765f61d	430463	SniperMcSniper2	scan	les deux verites concordent	f3c1f9a8	SOUS_RESERVE	Nuzzles
ref	a765f61d	433949	epicgoomby	scan	les deux verites concordent	f3c1f9a8	SOUS_RESERVE	Satoru JZ
ref	a765f61d	436835	Nuzzles	scan	les deux verites concordent	f3c1f9a8	SOUS_RESERVE	N i n j a 1 8 0
ref	a765f61d	437135	Froggit Exodus	scan	les deux verites concordent	f3c1f9a8	SOUS_RESERVE	Necrotixxx
ref	a765f61d	446228	Necrotixxx	scan	les deux verites concordent	f3c1f9a8	SOUS_RESERVE	Satoru JZ
ref	a765f61d	449480	Satoru JZ	scan	les deux verites concordent	da3b5ba4	VALIDE	N i n j a 1 8 0
ref	a765f61d	451867	TRR Sleeker	scan	les deux verites concordent	daa03c35	VALIDE	epicgoomby
ref	a765f61d	458239	SniperMcSniper2	scan	les deux verites concordent	da3b5ba4	VALIDE	Froggit Exodus
ref	a765f61d	461009	Froggit Exodus	scan	les deux verites concordent	da3b5ba4	VALIDE	Necrotixxx
ref	a765f61d	465948	epicgoomby	scan	les deux verites concordent	f3c1f9a8	SOUS_RESERVE	Nuzzles
ref	a765f61d	466816	Necrotixxx	scan	les deux verites concordent	f3c1f9a8	SOUS_RESERVE	TRR Sleeker
ref	a765f61d	473372	N i n j a 1 8 0	scan	les deux verites concordent	f3c1f9a8	SOUS_RESERVE	Satoru JZ
ref	a765f61d	479979	Satoru JZ	scan	les deux verites concordent	f3c1f9a8	SOUS_RESERVE	SniperMcSniper2
ref	a765f61d	482849	Necrotixxx	scan	les deux verites concordent	f3c1f9a8	SOUS_RESERVE	Nuzzles
ref	a765f61d	490290	Froggit Exodus	scan	les deux verites concordent	f3c1f9a8	SOUS_RESERVE	N i n j a 1 8 0
ref	a765f61d	491440	SniperMcSniper2	scan	les deux verites concordent	f3c1f9a8	SOUS_RESERVE	Nuzzles
ref	a765f61d	500701	N i n j a 1 8 0	scan	les deux verites concordent	f3c1f9a8	SOUS_RESERVE	Satoru JZ
ref	a765f61d	505371	Nuzzles	scan	les deux verites concordent	f3c1f9a8	SOUS_RESERVE	Necrotixxx
ref	a765f61d	507023	Satoru JZ	scan	les deux verites concordent	f3c1f9a8	SOUS_RESERVE	SniperMcSniper2
ref	a765f61d	508091	Necrotixxx	scan	les deux verites concordent	f3c1f9a8	SOUS_RESERVE	Froggit Exodus
ref	a765f61d	510377	epicgoomby	scan	les deux verites concordent	f3c1f9a8	SOUS_RESERVE	Froggit Exodus
ref	a765f61d	521121	TRR Sleeker	scan	les deux verites concordent	f3c1f9a8	SOUS_RESERVE	SniperMcSniper2
ref	a765f61d	522555	SniperMcSniper2	scan	les deux verites concordent	da3b5ba4	VALIDE	Froggit Exodus
ref	a765f61d	529945	Froggit Exodus	scan	les deux verites concordent	da3b5ba4	VALIDE	N i n j a 1 8 0
ref	a765f61d	531114	epicgoomby	scan	les deux verites concordent	f3c1f9a8	SOUS_RESERVE	Nuzzles
ref	a765f61d	532465	Satoru JZ	scan	les deux verites concordent	f3c1f9a8	SOUS_RESERVE	Necrotixxx
ref	a765f61d	537921	TRR Sleeker	scan	les deux verites concordent	f3c1f9a8	SOUS_RESERVE	N i n j a 1 8 0
ref	a765f61d	542126	Nuzzles	scan	les deux verites concordent	f3c1f9a8	SOUS_RESERVE	SniperMcSniper2
ref	a765f61d	548530	Froggit Exodus	scan	les deux verites concordent	da3b5ba4	VALIDE	Necrotixxx
ref	a765f61d	551919	N i n j a 1 8 0	scan	les deux verites concordent	f3c1f9a8	SOUS_RESERVE	Satoru JZ
ref	a765f61d	555238	Necrotixxx	scan	les deux verites concordent	f3c1f9a8	SOUS_RESERVE	TRR Sleeker
ref	a765f61d	562579	epicgoomby	scan	les deux verites concordent	f3c1f9a8	SOUS_RESERVE	Satoru JZ
ref	a765f61d	569002	N i n j a 1 8 0	scan	les deux verites concordent	f3c1f9a8	SOUS_RESERVE	Nuzzles
ref	a765f61d	571205	SniperMcSniper2	scan	les deux verites concordent	f3c1f9a8	SOUS_RESERVE	Froggit Exodus
ref	a765f61d	578812	Nuzzles	scan	les deux verites concordent	f3c1f9a8	SOUS_RESERVE	Necrotixxx
ref	a765f61d	579663	Necrotixxx	scan	les deux verites concordent	f3c1f9a8	SOUS_RESERVE	Satoru JZ
ref	a765f61d	583601	Satoru JZ	scan	les deux verites concordent	f3c1f9a8	SOUS_RESERVE	epicgoomby
ref	a765f61d	585486	Froggit Exodus	scan	les deux verites concordent	f3c1f9a8	SOUS_RESERVE	N i n j a 1 8 0
ref	a765f61d	588805	N i n j a 1 8 0	scan	les deux verites concordent	f3c1f9a8	SOUS_RESERVE	TRR Sleeker
ref	a765f61d	591174	TRR Sleeker	scan	les deux verites concordent	f3c1f9a8	SOUS_RESERVE	SniperMcSniper2
ref	a765f61d	594894	epicgoomby	scan	les deux verites concordent	da3b5ba4	VALIDE	Nuzzles
ref	a765f61d	601702	Necrotixxx	scan	les deux verites concordent	daa03c35	VALIDE	Froggit Exodus
ref	a765f61d	607158	SniperMcSniper2	scan	les deux verites concordent	f3c1f9a8	SOUS_RESERVE	Satoru JZ
ref	a765f61d	615849	N i n j a 1 8 0	scan	les deux verites concordent	f3c1f9a8	SOUS_RESERVE	TRR Sleeker
ref	a765f61d	617268	Froggit Exodus	scan	les deux verites concordent	f3c1f9a8	SOUS_RESERVE	Necrotixxx
ref	a765f61d	617435	TRR Sleeker	scan	les deux verites concordent	f3c1f9a8	SOUS_RESERVE	epicgoomby
ref	a765f61d	621255	epicgoomby	scan	les deux verites concordent	f3c1f9a8	SOUS_RESERVE	Satoru JZ
ref	a765f61d	631631	Nuzzles	scan	les deux verites concordent	daa03c35	VALIDE	SniperMcSniper2
ref	a765f61d	636721	Froggit Exodus	scan	les deux verites concordent	f3c1f9a8	SOUS_RESERVE	N i n j a 1 8 0
ref	a765f61d	647115	Nuzzles	scan	les deux verites concordent	f3c1f9a8	SOUS_RESERVE	N i n j a 1 8 0
ref	a765f61d	647798	TRR Sleeker	scan	les deux verites concordent	daa03c35	VALIDE	epicgoomby
ref	a765f61d	651618	Necrotixxx	scan	les deux verites concordent	2ff92041	VALIDE	Satoru JZ
ref	a765f61d	655373	N i n j a 1 8 0	scan	les deux verites concordent	f3c1f9a8	SOUS_RESERVE	Satoru JZ
ref	a765f61d	657674	Froggit Exodus	scan	les deux verites concordent	f3c1f9a8	SOUS_RESERVE	epicgoomby
ref	a765f61d	667935	Satoru JZ	scan	les deux verites concordent	f3c1f9a8	SOUS_RESERVE	SniperMcSniper2
ref	a765f61d	673542	N i n j a 1 8 0	scan	les deux verites concordent	f3c1f9a8	SOUS_RESERVE	TRR Sleeker
ref	a765f61d	675159	Nuzzles	scan	les deux verites concordent	f3c1f9a8	SOUS_RESERVE	epicgoomby
ref	a765f61d	680699	Froggit Exodus	scan	les deux verites concordent	f3c1f9a8	SOUS_RESERVE	Necrotixxx
ref	a765f61d	684819	Satoru JZ	scan	les deux verites concordent	f3c1f9a8	SOUS_RESERVE	epicgoomby
ref	a765f61d	685319	TRR Sleeker	scan	les deux verites concordent	f3c1f9a8	SOUS_RESERVE	Necrotixxx
ref	a765f61d	700834	Necrotixxx	scan	les deux verites concordent	c8681ecf	VALIDE	Froggit Exodus
ref	a765f61d	701452	epicgoomby	scan	les deux verites concordent	f3c1f9a8	SOUS_RESERVE	Froggit Exodus
ref	a765f61d	702570	Nuzzles	scan	les deux verites concordent	f3c1f9a8	SOUS_RESERVE	SniperMcSniper2
ref	a765f61d	703555	SniperMcSniper2	scan	les deux verites concordent	f3c1f9a8	SOUS_RESERVE	Froggit Exodus
ref	a765f61d	703755	Froggit Exodus	scan	les deux verites concordent	f3c1f9a8	SOUS_RESERVE	N i n j a 1 8 0
ref	a765f61d	706324	N i n j a 1 8 0	scan	les deux verites concordent	f3c1f9a8	SOUS_RESERVE	TRR Sleeker
ref	a765f61d	723892	Necrotixxx	scan	les deux verites concordent	daa03c35	VALIDE	Satoru JZ
ref	a765f61d	726227	Nuzzles	scan	les deux verites concordent	f3c1f9a8	SOUS_RESERVE	SniperMcSniper2
ref	a765f61d	727895	TRR Sleeker	scan	les deux verites concordent	f3c1f9a8	SOUS_RESERVE	N i n j a 1 8 0
ref	a765f61d	729447	SniperMcSniper2	scan	les deux verites concordent	f3c1f9a8	SOUS_RESERVE	Froggit Exodus
ref	a765f61d	732700	Froggit Exodus	scan	les deux verites concordent	f3c1f9a8	SOUS_RESERVE	epicgoomby
ref	a765f61d	738408	epicgoomby	scan	les deux verites concordent	f3c1f9a8	SOUS_RESERVE	Satoru JZ
ref	a765f61d	743395	N i n j a 1 8 0	scan	les deux verites concordent	f3c1f9a8	SOUS_RESERVE	Nuzzles
ref	a765f61d	752403	Necrotixxx	scan	les deux verites concordent	da3b5ba4	VALIDE	Froggit Exodus
ref	a765f61d	753138	SniperMcSniper2	scan	les deux verites concordent	f3c1f9a8	SOUS_RESERVE	Nuzzles
ref	a765f61d	756024	Nuzzles	scan	les deux verites concordent	da3b5ba4	VALIDE	epicgoomby
ref	a765f61d	756943	epicgoomby	scan	les deux verites concordent	f3c1f9a8	SOUS_RESERVE	TRR Sleeker
ref	a765f61d	773993	N i n j a 1 8 0	scan	les deux verites concordent	f3c1f9a8	SOUS_RESERVE	TRR Sleeker
ref	a765f61d	775462	TRR Sleeker	scan	les deux verites concordent	f3c1f9a8	SOUS_RESERVE	Necrotixxx
ref	a765f61d	779616	SniperMcSniper2	scan	les deux verites concordent	f3c1f9a8	SOUS_RESERVE	Nuzzles
ref	a765f61d	779632	Nuzzles	scan	les deux verites concordent	f3c1f9a8	SOUS_RESERVE	SniperMcSniper2
ref	a765f61d	783736	epicgoomby	scan	les deux verites concordent	f3c1f9a8	SOUS_RESERVE	Satoru JZ
ref	a765f61d	785404	Necrotixxx	scan	les deux verites concordent	f3c1f9a8	SOUS_RESERVE	Satoru JZ
ref	a765f61d	794931	epicgoomby	scan	les deux verites concordent	7654f890	SOUS_RESERVE	Satoru JZ
ref	a765f61d	798786	N i n j a 1 8 0	scan	les deux verites concordent	f3c1f9a8	SOUS_RESERVE	TRR Sleeker
ref	a765f61d	805541	Froggit Exodus	scan	les deux verites concordent	f3c1f9a8	SOUS_RESERVE	SniperMcSniper2
ref	a765f61d	806759	SniperMcSniper2	scan	les deux verites concordent	f3c1f9a8	SOUS_RESERVE	Satoru JZ
ref	a765f61d	809529	Necrotixxx	scan	les deux verites concordent	f3c1f9a8	SOUS_RESERVE	TRR Sleeker
ref	a765f61d	820556	N i n j a 1 8 0	scan	les deux verites concordent	f3c1f9a8	SOUS_RESERVE	Froggit Exodus
ref	a765f61d	823209	epicgoomby	scan	les deux verites concordent	f3c1f9a8	SOUS_RESERVE	Nuzzles
ref	a765f61d	826413	Froggit Exodus	scan	les deux verites concordent	f3c1f9a8	SOUS_RESERVE	Necrotixxx
ref	a765f61d	828899	SniperMcSniper2	scan	les deux verites concordent	f3c1f9a8	SOUS_RESERVE	Nuzzles
ref	a765f61d	830884	Necrotixxx	scan	les deux verites concordent	f3c1f9a8	SOUS_RESERVE	TRR Sleeker
ref	a765f61d	840794	N i n j a 1 8 0	scan	les deux verites concordent	f3c1f9a8	SOUS_RESERVE	Satoru JZ
ref	a765f61d	843130	epicgoomby	scan	les deux verites concordent	f3c1f9a8	SOUS_RESERVE	Froggit Exodus
ref	a765f61d	867492	Satoru JZ	scan	les deux verites concordent	f3c1f9a8	SOUS_RESERVE	N i n j a 1 8 0
ref	a765f61d	870211	Necrotixxx	scan	les deux verites concordent	f3c1f9a8	SOUS_RESERVE	Nuzzles
ref	a765f61d	871930	Froggit Exodus	scan	les deux verites concordent	f3c1f9a8	SOUS_RESERVE	SniperMcSniper2
ref	a765f61d	876400	TRR Sleeker	scan	les deux verites concordent	f3c1f9a8	SOUS_RESERVE	SniperMcSniper2
ref	a765f61d	878419	N i n j a 1 8 0	scan	les deux verites concordent	2ff92041	VALIDE	Nuzzles
ref	a765f61d	879153	Nuzzles	scan	les deux verites concordent	f3c1f9a8	SOUS_RESERVE	SniperMcSniper2
ref	a765f61d	894118	Necrotixxx	scan	les deux verites concordent	f3c1f9a8	SOUS_RESERVE	Satoru JZ
ref	a765f61d	896337	SniperMcSniper2	scan	les deux verites concordent	f3c1f9a8	SOUS_RESERVE	Nuzzles
ref	a765f61d	898640	TRR Sleeker	scan	les deux verites concordent	f3c1f9a8	SOUS_RESERVE	N i n j a 1 8 0
ref	a765f61d	908583	Froggit Exodus	scan	les deux verites concordent	000027cc	VALIDE	epicgoomby
ref	a765f61d	911819	epicgoomby	scan	les deux verites concordent	7654f890	SOUS_RESERVE	Satoru JZ
ref	a765f61d	913088	Satoru JZ	scan	les deux verites concordent	f3c1f9a8	SOUS_RESERVE	Necrotixxx
ref	a765f61d	913988	N i n j a 1 8 0	scan	les deux verites concordent	f3c1f9a8	SOUS_RESERVE	TRR Sleeker
ref	a765f61d	915222	Necrotixxx	scan	les deux verites concordent	f3c1f9a8	SOUS_RESERVE	Nuzzles
ref	a765f61d	925100	SniperMcSniper2	scan	les deux verites concordent	f3c1f9a8	SOUS_RESERVE	Froggit Exodus
ref	a765f61d	934692	epicgoomby	scan	les deux verites concordent	f3c1f9a8	SOUS_RESERVE	TRR Sleeker
ref	a765f61d	936594	TRR Sleeker	scan	les deux verites concordent	daa03c35	VALIDE	N i n j a 1 8 0
ref	a765f61d	943101	Necrotixxx	scan	les deux verites concordent	f3c1f9a8	SOUS_RESERVE	Froggit Exodus
ref	a765f61d	945553	Nuzzles	scan	les deux verites concordent	f3c1f9a8	SOUS_RESERVE	SniperMcSniper2
ref	a765f61d	951174	Froggit Exodus	scan	les deux verites concordent	0000d627	VALIDE	N i n j a 1 8 0
ref	a765f61d	953728	Satoru JZ	scan	les deux verites concordent	2ff92041	VALIDE	N i n j a 1 8 0
ref	a765f61d	954612	N i n j a 1 8 0	scan	les deux verites concordent	f3c1f9a8	SOUS_RESERVE	TRR Sleeker
ref	a765f61d	966541	TRR Sleeker	scan	les deux verites concordent	f3c1f9a8	SOUS_RESERVE	SniperMcSniper2
ref	a765f61d	967643	Nuzzles	scan	les deux verites concordent	f3c1f9a8	SOUS_RESERVE	Necrotixxx
ref	a765f61d	968477	SniperMcSniper2	scan	les deux verites concordent	f3c1f9a8	SOUS_RESERVE	Froggit Exodus
ref	a765f61d	973048	epicgoomby	scan	les deux verites concordent	f3c1f9a8	SOUS_RESERVE	Satoru JZ
ref	a765f61d	973298	Satoru JZ	scan	les deux verites concordent	f3c1f9a8	SOUS_RESERVE	Necrotixxx
ref	a765f61d	980822	N i n j a 1 8 0	scan	les deux verites concordent	f3c1f9a8	SOUS_RESERVE	Froggit Exodus
ref	a765f61d	997273	Satoru JZ	scan	les deux verites concordent	177a79ee	SOUS_RESERVE	epicgoomby
ref	a765f61d	1000391	Necrotixxx	scan	les deux verites concordent	daa03c35	VALIDE	Nuzzles
ref	a765f61d	1000408	epicgoomby	scan	les deux verites concordent	f3c1f9a8	SOUS_RESERVE	Froggit Exodus
ref	a765f61d	1011586	Nuzzles	scan	les deux verites concordent	f3c1f9a8	SOUS_RESERVE	SniperMcSniper2
ref	a765f61d	1012036	SniperMcSniper2	scan	les deux verites concordent	f3c1f9a8	SOUS_RESERVE	Satoru JZ
ref	a765f61d	1014973	N i n j a 1 8 0	scan	les deux verites concordent	f3c1f9a8	SOUS_RESERVE	Satoru JZ
ref	a765f61d	1016458	Froggit Exodus	scan	les deux verites concordent	f3c1f9a8	SOUS_RESERVE	Necrotixxx
ref	a765f61d	1022497	Necrotixxx	scan	les deux verites concordent	f3c1f9a8	SOUS_RESERVE	Satoru JZ
ref	a765f61d	1029754	TRR Sleeker	scan	les deux verites concordent	daa03c35	VALIDE	epicgoomby
ref	a765f61d	1033909	Satoru JZ	scan	les deux verites concordent	f3c1f9a8	SOUS_RESERVE	SniperMcSniper2
ref	a765f61d	1037629	Froggit Exodus	scan	les deux verites concordent	f3c1f9a8	SOUS_RESERVE	N i n j a 1 8 0
ref	a765f61d	1039681	N i n j a 1 8 0	scan	les deux verites concordent	f3c1f9a8	SOUS_RESERVE	Nuzzles
ref	a765f61d	1039981	Nuzzles	scan	les deux verites concordent	f3c1f9a8	SOUS_RESERVE	Necrotixxx
ref	a765f61d	1044236	TRR Sleeker	scan	les deux verites concordent	f3c1f9a8	SOUS_RESERVE	epicgoomby
ref	a765f61d	1056064	N i n j a 1 8 0	scan	les deux verites concordent	f3c1f9a8	SOUS_RESERVE	Nuzzles
ref	a765f61d	1060336	Satoru JZ	scan	les deux verites concordent	f3c1f9a8	SOUS_RESERVE	epicgoomby
ref	a765f61d	1061937	epicgoomby	scan	les deux verites concordent	f3c1f9a8	SOUS_RESERVE	Froggit Exodus
ref	a765f61d	1064055	TRR Sleeker	scan	les deux verites concordent	daa03c35	VALIDE	Necrotixxx
ref	a765f61d	1067609	Necrotixxx	scan	les deux verites concordent	f3c1f9a8	SOUS_RESERVE	Nuzzles
ref	a765f61d	1068977	SniperMcSniper2	scan	les deux verites concordent	f3c1f9a8	SOUS_RESERVE	Froggit Exodus
ref	a765f61d	1077638	Nuzzles	scan	les deux verites concordent	f3c1f9a8	SOUS_RESERVE	epicgoomby
ref	a765f61d	1079188	Froggit Exodus	scan	les deux verites concordent	f3c1f9a8	SOUS_RESERVE	epicgoomby
ref	a765f61d	1082808	epicgoomby	scan	les deux verites concordent	f3c1f9a8	SOUS_RESERVE	TRR Sleeker
ref	a765f61d	1083291	N i n j a 1 8 0	scan	les deux verites concordent	f3c1f9a8	SOUS_RESERVE	Satoru JZ
ref	a765f61d	1087112	TRR Sleeker	scan	les deux verites concordent	f3c1f9a8	SOUS_RESERVE	SniperMcSniper2
ref	a765f61d	1090365	SniperMcSniper2	scan	les deux verites concordent	f3c1f9a8	SOUS_RESERVE	Nuzzles
ref	a765f61d	1093151	Necrotixxx	scan	les deux verites concordent	f3c1f9a8	SOUS_RESERVE	Nuzzles
ref	a765f61d	1100125	N i n j a 1 8 0	scan	les deux verites concordent	daa03c35	VALIDE	Nuzzles
ref	a765f61d	1104597	TRR Sleeker	scan	les deux verites concordent	f3c1f9a8	SOUS_RESERVE	epicgoomby
ref	a765f61d	1104664	epicgoomby	scan	les deux verites concordent	f3c1f9a8	SOUS_RESERVE	Nuzzles
ref	a765f61d	1106681	Nuzzles	scan	les deux verites concordent	da3b5ba4	VALIDE	SniperMcSniper2
ref	a765f61d	1115524	Satoru JZ	scan	les deux verites concordent	f3c1f9a8	SOUS_RESERVE	N i n j a 1 8 0
ref	a765f61d	1126852	TRR Sleeker	scan	les deux verites concordent	f3c1f9a8	SOUS_RESERVE	epicgoomby
ref	a765f61d	1130990	SniperMcSniper2	scan	les deux verites concordent	f3c1f9a8	SOUS_RESERVE	Satoru JZ
ref	a765f61d	1135844	epicgoomby	scan	les deux verites concordent	f3c1f9a8	SOUS_RESERVE	Satoru JZ
ref	a765f61d	1136613	Froggit Exodus	scan	les deux verites concordent	f3c1f9a8	SOUS_RESERVE	Necrotixxx
ref	a765f61d	1140099	Nuzzles	scan	les deux verites concordent	2ff92041	VALIDE	Necrotixxx
ref	a765f61d	1142602	Necrotixxx	scan	les deux verites concordent	f3c1f9a8	SOUS_RESERVE	Satoru JZ
ref	a765f61d	1143535	N i n j a 1 8 0	scan	les deux verites concordent	f3c1f9a8	SOUS_RESERVE	Satoru JZ
ref	a765f61d	1154597	SniperMcSniper2	scan	les deux verites concordent	f3c1f9a8	SOUS_RESERVE	Satoru JZ
ref	a765f61d	1155131	epicgoomby	scan	les deux verites concordent	f3c1f9a8	SOUS_RESERVE	Froggit Exodus
ref	a765f61d	1160002	Necrotixxx	scan	les deux verites concordent	f3c1f9a8	SOUS_RESERVE	Froggit Exodus
ref	a765f61d	1169562	Nuzzles	scan	les deux verites concordent	f3c1f9a8	SOUS_RESERVE	N i n j a 1 8 0
ref	a765f61d	1169612	N i n j a 1 8 0	scan	les deux verites concordent	f3c1f9a8	SOUS_RESERVE	Nuzzles
ref	a765f61d	1174501	Froggit Exodus	scan	les deux verites concordent	f3c1f9a8	SOUS_RESERVE	SniperMcSniper2
ref	a765f61d	1174934	SniperMcSniper2	scan	les deux verites concordent	f3c1f9a8	SOUS_RESERVE	Satoru JZ
ref	a765f61d	1179972	Satoru JZ	scan	les deux verites concordent	f3c1f9a8	SOUS_RESERVE	Necrotixxx
ref	a765f61d	1185428	TRR Sleeker	scan	les deux verites concordent	f3c1f9a8	SOUS_RESERVE	N i n j a 1 8 0
ref	a765f61d	1195488	SniperMcSniper2	scan	les deux verites concordent	f3c1f9a8	SOUS_RESERVE	Nuzzles
ref	a765f61d	1198708	Froggit Exodus	scan	les deux verites concordent	f3c1f9a8	SOUS_RESERVE	N i n j a 1 8 0
ref	a765f61d	1199192	Necrotixxx	scan	les deux verites concordent	f3c1f9a8	SOUS_RESERVE	Satoru JZ
ref	a765f61d	1200477	Satoru JZ	scan	les deux verites concordent	f3c1f9a8	SOUS_RESERVE	epicgoomby
ref	a765f61d	1208501	Nuzzles	scan	les deux verites concordent	f3c1f9a8	SOUS_RESERVE	N i n j a 1 8 0
ref	a765f61d	1209986	N i n j a 1 8 0	scan	les deux verites concordent	2ff92041	VALIDE	TRR Sleeker
ref	a765f61d	1212639	TRR Sleeker	scan	les deux verites concordent	f3c1f9a8	SOUS_RESERVE	epicgoomby
ref	a765f61d	1217428	Froggit Exodus	scan	les deux verites concordent	f3c1f9a8	SOUS_RESERVE	Necrotixxx
ref	a765f61d	1222516	SniperMcSniper2	scan	les deux verites concordent	f3c1f9a8	SOUS_RESERVE	Satoru JZ
ref	a765f61d	1224068	Satoru JZ	scan	les deux verites concordent	f3c1f9a8	SOUS_RESERVE	epicgoomby
ref	af3af607	43455	Spec1aLisT	marche	les deux verites concordent	f3c1f9a8	SOUS_RESERVE	Creure
ref	af3af607	44089	iPredatorLss263	marche	les deux verites concordent	f3c1f9a8	SOUS_RESERVE	Kinguui
ref	af3af607	49411	Kinguui	marche	les deux verites concordent	f3c1f9a8	SOUS_RESERVE	Creure
ref	af3af607	57002	Rs0tt	marche	les deux verites concordent	f3c1f9a8	SOUS_RESERVE	Spec1aLisT
ref	af3af607	61690	iPredatorLss263	marche	les deux verites concordent	7654f890	SOUS_RESERVE	ForGetAboutIt69
ref	af3af607	69148	ForGetAboutIt69	marche	les deux verites concordent	f3c1f9a8	SOUS_RESERVE	Creure
ref	af3af607	72685	GTB Beast	marche	les deux verites concordent	f3c1f9a8	SOUS_RESERVE	Spec1aLisT
ref	af3af607	89335	Rs0tt	marche	les deux verites concordent	daa03c35	VALIDE	Spec1aLisT
ref	af3af607	94373	iPredatorLss263	marche	les deux verites concordent	f3c1f9a8	SOUS_RESERVE	Spec1aLisT
ref	af3af607	106502	Rs0tt	marche	les deux verites concordent	f3c1f9a8	SOUS_RESERVE	Spec1aLisT
ref	af3af607	107719	Creure	marche	les deux verites concordent	daa03c35	VALIDE	Nuzzles
ref	af3af607	118513	GTB Beast	marche	les deux verites concordent	f3c1f9a8	SOUS_RESERVE	ForGetAboutIt69
ref	af3af607	124435	iPredatorLss263	marche	les deux verites concordent	f3c1f9a8	SOUS_RESERVE	ForGetAboutIt69
ref	af3af607	127488	Kinguui	marche	les deux verites concordent	f3c1f9a8	SOUS_RESERVE	Creure
ref	af3af607	130692	Rs0tt	marche	les deux verites concordent	f3c1f9a8	SOUS_RESERVE	Spec1aLisT
ref	af3af607	145790	ForGetAboutIt69	marche	les deux verites concordent	daa03c35	VALIDE	GTB Beast
ref	af3af607	147325	Spec1aLisT	marche	les deux verites concordent	0000b29c	SOUS_RESERVE	GTB Beast
ref	af3af607	149728	GTB Beast	marche	les deux verites concordent	f3c1f9a8	SOUS_RESERVE	Nuzzles
ref	af3af607	152630	Creure	marche	les deux verites concordent	f3c1f9a8	SOUS_RESERVE	Nuzzles
ref	af3af607	153297	iPredatorLss263	marche	les deux verites concordent	f3c1f9a8	SOUS_RESERVE	Kinguui
ref	af3af607	160421	Rs0tt	marche	les deux verites concordent	f3c1f9a8	SOUS_RESERVE	Nuzzles
ref	af3af607	169581	Creure	scan	les deux verites concordent	f3c1f9a8	SOUS_RESERVE	Spec1aLisT
ref	af3af607	170648	Spec1aLisT	marche	les deux verites concordent	f3c1f9a8	SOUS_RESERVE	GTB Beast
ref	af3af607	174669	Kinguui	marche	les deux verites concordent	f3c1f9a8	SOUS_RESERVE	GTB Beast
ref	af3af607	174902	GTB Beast	marche	les deux verites concordent	f3c1f9a8	SOUS_RESERVE	Nuzzles
ref	af3af607	180041	Nuzzles	marche	les deux verites concordent	f3c1f9a8	SOUS_RESERVE	iPredatorLss263
ref	af3af607	186865	Rs0tt	marche	les deux verites concordent	f3c1f9a8	SOUS_RESERVE	Spec1aLisT
ref	af3af607	186931	Spec1aLisT	scan	les deux verites concordent	f3c1f9a8	SOUS_RESERVE	Rs0tt
ref	af3af607	189301	Kinguui	scan	les deux verites concordent	f3c1f9a8	SOUS_RESERVE	iPredatorLss263
ref	af3af607	196960	iPredatorLss263	marche	les deux verites concordent	f3c1f9a8	SOUS_RESERVE	Nuzzles
ref	af3af607	197458	ForGetAboutIt69	marche	les deux verites concordent	f3c1f9a8	SOUS_RESERVE	GTB Beast
ref	af3af607	202564	Rs0tt	marche	les deux verites concordent	f3c1f9a8	SOUS_RESERVE	Kinguui
ref	af3af607	204866	Nuzzles	marche	les deux verites concordent	f3c1f9a8	SOUS_RESERVE	GTB Beast
ref	af3af607	206451	Kinguui	marche	les deux verites concordent	f3c1f9a8	SOUS_RESERVE	Creure
ref	af3af607	214926	Spec1aLisT	marche	les deux verites concordent	f3c1f9a8	SOUS_RESERVE	iPredatorLss263
ref	af3af607	218714	Nuzzles	marche	les deux verites concordent	f3c1f9a8	SOUS_RESERVE	iPredatorLss263
ref	af3af607	221050	iPredatorLss263	marche	les deux verites concordent	f3c1f9a8	SOUS_RESERVE	ForGetAboutIt69
ref	af3af607	223969	ForGetAboutIt69	marche	les deux verites concordent	f3c1f9a8	SOUS_RESERVE	GTB Beast
ref	af3af607	224219	Creure	marche	les deux verites concordent	f3c1f9a8	SOUS_RESERVE	Kinguui
ref	af3af607	231026	Rs0tt	marche	les deux verites concordent	f3c1f9a8	SOUS_RESERVE	Spec1aLisT
ref	af3af607	237783	Spec1aLisT	marche	les deux verites concordent	f3c1f9a8	SOUS_RESERVE	iPredatorLss263
ref	af3af607	239701	ForGetAboutIt69	marche	les deux verites concordent	f3c1f9a8	SOUS_RESERVE	Creure
ref	af3af607	239968	iPredatorLss263	marche	les deux verites concordent	f3c1f9a8	SOUS_RESERVE	Kinguui
ref	af3af607	246225	GTB Beast	marche	les deux verites concordent	f3c1f9a8	SOUS_RESERVE	Nuzzles
ref	af3af607	252781	Creure	marche	les deux verites concordent	f3c1f9a8	SOUS_RESERVE	ForGetAboutIt69
ref	af3af607	254066	Kinguui	marche	les deux verites concordent	f3c1f9a8	SOUS_RESERVE	Rs0tt
ref	af3af607	254833	Spec1aLisT	marche	les deux verites concordent	f3c1f9a8	SOUS_RESERVE	iPredatorLss263
ref	af3af607	256268	Rs0tt	marche	les deux verites concordent	f3c1f9a8	SOUS_RESERVE	ForGetAboutIt69
ref	af3af607	268079	ForGetAboutIt69	marche	les deux verites concordent	f3c1f9a8	SOUS_RESERVE	iPredatorLss263
ref	af3af607	268847	GTB Beast	marche	les deux verites concordent	f3c1f9a8	SOUS_RESERVE	Kinguui
ref	af3af607	269465	iPredatorLss263	marche	les deux verites concordent	f3c1f9a8	SOUS_RESERVE	Spec1aLisT
ref	af3af607	274203	Rs0tt	marche	les deux verites concordent	f3c1f9a8	SOUS_RESERVE	Nuzzles
ref	af3af607	281727	Creure	marche	les deux verites concordent	7654f890	SOUS_RESERVE	Nuzzles
ref	af3af607	288767	GTB Beast	marche	les deux verites concordent	f3c1f9a8	SOUS_RESERVE	Spec1aLisT
ref	af3af607	290352	Spec1aLisT	marche	les deux verites concordent	f3c1f9a8	SOUS_RESERVE	Rs0tt
ref	af3af607	291070	iPredatorLss263	marche	les deux verites concordent	f3c1f9a8	SOUS_RESERVE	Kinguui
ref	af3af607	306051	Spec1aLisT	scan	les deux verites concordent	f3c1f9a8	SOUS_RESERVE	GTB Beast
ref	af3af607	308571	Kinguui	marche	les deux verites concordent	f3c1f9a8	SOUS_RESERVE	Rs0tt
ref	af3af607	314126	iPredatorLss263	marche	les deux verites concordent	7654f890	SOUS_RESERVE	Nuzzles
ref	af3af607	324570	ForGetAboutIt69	marche	les deux verites concordent	f3c1f9a8	SOUS_RESERVE	Rs0tt
ref	af3af607	325304	Nuzzles	marche	les deux verites concordent	daa03c35	VALIDE	GTB Beast
ref	af3af607	329691	GTB Beast	marche	les deux verites concordent	f3c1f9a8	SOUS_RESERVE	Spec1aLisT
ref	af3af607	330559	Spec1aLisT	marche	les deux verites concordent	f3c1f9a8	SOUS_RESERVE	Creure
ref	af3af607	333344	Kinguui	marche	les deux verites concordent	da3b5ba4	VALIDE	iPredatorLss263
ref	af3af607	344207	ForGetAboutIt69	marche	les deux verites concordent	f3c1f9a8	SOUS_RESERVE	iPredatorLss263
ref	af3af607	348327	Spec1aLisT	scan	les deux verites concordent	f3c1f9a8	SOUS_RESERVE	iPredatorLss263
ref	af3af607	349512	Nuzzles	marche	les deux verites concordent	f3c1f9a8	SOUS_RESERVE	Rs0tt
ref	af3af607	349896	GTB Beast	marche	les deux verites concordent	f3c1f9a8	SOUS_RESERVE	Kinguui
ref	af3af607	360439	ForGetAboutIt69	marche	les deux verites concordent	f3c1f9a8	SOUS_RESERVE	iPredatorLss263
ref	af3af607	364910	iPredatorLss263	marche	les deux verites concordent	f3c1f9a8	SOUS_RESERVE	Nuzzles
ref	af3af607	365745	Rs0tt	marche	les deux verites concordent	f3c1f9a8	SOUS_RESERVE	Kinguui
ref	af3af607	368865	GTB Beast	marche	les deux verites concordent	f3c1f9a8	SOUS_RESERVE	Nuzzles
ref	af3af607	376004	Creure	scan	source appartenant a la victime	00404748	VALIDE	Spec1aLisT
ref	af3af607	376006	Nuzzles	scan	les deux verites concordent	0000d627	VALIDE	Creure
ref	af3af607	384898	Rs0tt	marche	les deux verites concordent	f3c1f9a8	SOUS_RESERVE	ForGetAboutIt69
ref	af3af607	386466	GTB Beast	marche	les deux verites concordent	f3c1f9a8	SOUS_RESERVE	Kinguui
ref	af3af607	403132	Kinguui	marche	les deux verites concordent	daa03c35	VALIDE	Creure
ref	af3af607	404951	Rs0tt	marche	les deux verites concordent	f3c1f9a8	SOUS_RESERVE	Nuzzles
ref	af3af607	406486	GTB Beast	marche	les deux verites concordent	f3c1f9a8	SOUS_RESERVE	Spec1aLisT
ref	af3af607	411407	Nuzzles	marche	les deux verites concordent	f3c1f9a8	SOUS_RESERVE	iPredatorLss263
ref	af3af607	413743	iPredatorLss263	marche	les deux verites concordent	f3c1f9a8	SOUS_RESERVE	ForGetAboutIt69
ref	af3af607	417914	ForGetAboutIt69	marche	les deux verites concordent	7654f890	SOUS_RESERVE	Creure
ref	af3af607	423102	Spec1aLisT	marche	les deux verites concordent	f3c1f9a8	SOUS_RESERVE	Rs0tt
ref	af3af607	430509	Kinguui	marche	les deux verites concordent	f3c1f9a8	SOUS_RESERVE	Rs0tt
ref	af3af607	432462	iPredatorLss263	marche	les deux verites concordent	f3c1f9a8	SOUS_RESERVE	Nuzzles
ref	af3af607	440837	GTB Beast	marche	les deux verites concordent	f3c1f9a8	SOUS_RESERVE	Spec1aLisT
ref	af3af607	443339	Rs0tt	marche	les deux verites concordent	f3c1f9a8	SOUS_RESERVE	Spec1aLisT
ref	af3af607	449078	iPredatorLss263	scan	les deux verites concordent	f3c1f9a8	SOUS_RESERVE	Kinguui
ref	af3af607	452465	Creure	marche	les deux verites concordent	f3c1f9a8	SOUS_RESERVE	Kinguui
ref	af3af607	458356	GTB Beast	marche	les deux verites concordent	f3c1f9a8	SOUS_RESERVE	Spec1aLisT
ref	af3af607	458672	Rs0tt	marche	les deux verites concordent	f3c1f9a8	SOUS_RESERVE	Kinguui
ref	af3af607	468500	Spec1aLisT	scan	les deux verites concordent	f3c1f9a8	SOUS_RESERVE	iPredatorLss263
ref	af3af607	468502	Nuzzles	scan	les deux verites concordent	f3c1f9a8	SOUS_RESERVE	Creure
ref	af3af607	493188	Rs0tt	scan	les deux verites concordent	f3c1f9a8	SOUS_RESERVE	Kinguui
ref	af3af607	494039	Kinguui	scan	les deux verites concordent	f3c1f9a8	SOUS_RESERVE	GTB Beast
ref	af3af607	498159	GTB Beast	scan	les deux verites concordent	f3c1f9a8	SOUS_RESERVE	Spec1aLisT
ref	af3af607	502831	ForGetAboutIt69	scan	les deux verites concordent	f3c1f9a8	SOUS_RESERVE	Creure
ref	af3af607	504883	Creure	scan	les deux verites concordent	f3c1f9a8	SOUS_RESERVE	Spec1aLisT
ref	af3af607	515861	Nuzzles	scan	les deux verites concordent	f3c1f9a8	SOUS_RESERVE	Rs0tt
ref	af3af607	518330	Spec1aLisT	scan	les deux verites concordent	7654f890	SOUS_RESERVE	iPredatorLss263
ref	af3af607	521517	ForGetAboutIt69	scan	les deux verites concordent	f3c1f9a8	SOUS_RESERVE	Creure
ref	af3af607	527790	Kinguui	scan	les deux verites concordent	f3c1f9a8	SOUS_RESERVE	Rs0tt
ref	af3af607	537383	ForGetAboutIt69	scan	les deux verites concordent	f3c1f9a8	SOUS_RESERVE	Creure
ref	af3af607	542638	Rs0tt	scan	les deux verites concordent	f3c1f9a8	SOUS_RESERVE	Kinguui
ref	af3af607	547509	Creure	scan	les deux verites concordent	f3c1f9a8	SOUS_RESERVE	Kinguui
ref	af3af607	549028	Nuzzles	scan	les deux verites concordent	7654f890	SOUS_RESERVE	iPredatorLss263
ref	af3af607	550079	GTB Beast	scan	les deux verites concordent	f3c1f9a8	SOUS_RESERVE	Spec1aLisT
ref	af3af607	553265	Spec1aLisT	scan	les deux verites concordent	7654f890	SOUS_RESERVE	iPredatorLss263
ref	af3af607	557252	iPredatorLss263	scan	les deux verites concordent	f3c1f9a8	SOUS_RESERVE	Kinguui
ref	af3af607	565978	Rs0tt	scan	les deux verites concordent	f3c1f9a8	SOUS_RESERVE	ForGetAboutIt69
ref	af3af607	567980	GTB Beast	scan	les deux verites concordent	daa03c35	VALIDE	Kinguui
ref	af3af607	569465	Creure	scan	les deux verites concordent	f3c1f9a8	SOUS_RESERVE	Nuzzles
ref	af3af607	581310	GTB Beast	scan	les deux verites concordent	f3c1f9a8	SOUS_RESERVE	Kinguui
ref	af3af607	585746	Spec1aLisT	scan	les deux verites concordent	da3b5ba4	VALIDE	Rs0tt
ref	af3af607	589702	ForGetAboutIt69	scan	les deux verites concordent	f3c1f9a8	SOUS_RESERVE	Rs0tt
ref	af3af607	594189	Nuzzles	scan	les deux verites concordent	f3c1f9a8	SOUS_RESERVE	iPredatorLss263
ref	af3af607	599093	Kinguui	scan	les deux verites concordent	da3b5ba4	VALIDE	iPredatorLss263
ref	af3af607	602398	Spec1aLisT	scan	les deux verites concordent	f3c1f9a8	SOUS_RESERVE	iPredatorLss263
ref	af3af607	611624	ForGetAboutIt69	scan	les deux verites concordent	f3c1f9a8	SOUS_RESERVE	GTB Beast
ref	af3af607	611857	iPredatorLss263	scan	les deux verites concordent	f3c1f9a8	SOUS_RESERVE	Nuzzles
ref	af3af607	618496	Nuzzles	scan	les deux verites concordent	f3c1f9a8	SOUS_RESERVE	GTB Beast
ref	af3af607	619731	GTB Beast	scan	les deux verites concordent	f3c1f9a8	SOUS_RESERVE	Spec1aLisT
ref	af3af607	630976	Rs0tt	scan	les deux verites concordent	f3c1f9a8	SOUS_RESERVE	Spec1aLisT
ref	af3af607	632745	Creure	scan	les deux verites concordent	f3c1f9a8	SOUS_RESERVE	Kinguui
ref	af3af607	635546	ForGetAboutIt69	scan	les deux verites concordent	da3b5ba4	VALIDE	GTB Beast
ref	af3af607	640302	Nuzzles	scan	les deux verites concordent	f3c1f9a8	SOUS_RESERVE	iPredatorLss263
ref	af3af607	644840	Kinguui	scan	les deux verites concordent	f3c1f9a8	SOUS_RESERVE	iPredatorLss263
ref	af3af607	649261	iPredatorLss263	scan	les deux verites concordent	f3c1f9a8	SOUS_RESERVE	Spec1aLisT
ref	af3af607	649394	ForGetAboutIt69	scan	les deux verites concordent	f3c1f9a8	SOUS_RESERVE	Rs0tt
ref	af3af607	653031	GTB Beast	scan	les deux verites concordent	f3c1f9a8	SOUS_RESERVE	Spec1aLisT
ref	af3af607	653515	Spec1aLisT	scan	les deux verites concordent	f3c1f9a8	SOUS_RESERVE	Creure
ref	af3af607	668047	ForGetAboutIt69	scan	les deux verites concordent	f3c1f9a8	SOUS_RESERVE	Rs0tt
ref	af3af607	670182	Rs0tt	scan	les deux verites concordent	f3c1f9a8	SOUS_RESERVE	Kinguui
ref	af3af607	671884	iPredatorLss263	scan	les deux verites concordent	f3c1f9a8	SOUS_RESERVE	Spec1aLisT
ref	af3af607	672201	Spec1aLisT	scan	les deux verites concordent	f3c1f9a8	SOUS_RESERVE	GTB Beast
ref	af3af607	676738	Creure	scan	les deux verites concordent	f3c1f9a8	SOUS_RESERVE	Kinguui
ref	af3af607	685397	Nuzzles	scan	les deux verites concordent	f3c1f9a8	SOUS_RESERVE	Rs0tt
ref	af3af607	690102	Spec1aLisT	scan	les deux verites concordent	f3c1f9a8	SOUS_RESERVE	iPredatorLss263
ref	af3af607	697526	ForGetAboutIt69	scan	les deux verites concordent	f3c1f9a8	SOUS_RESERVE	Rs0tt
ref	af3af607	699645	GTB Beast	scan	les deux verites concordent	f3c1f9a8	SOUS_RESERVE	Kinguui
ref	af3af607	702448	Kinguui	scan	les deux verites concordent	f3c1f9a8	SOUS_RESERVE	iPredatorLss263
ref	af3af607	703800	Nuzzles	scan	les deux verites concordent	f3c1f9a8	SOUS_RESERVE	Creure
ref	af3af607	713242	Creure	scan	les deux verites concordent	f3c1f9a8	SOUS_RESERVE	Spec1aLisT
ref	af3af607	716863	Spec1aLisT	scan	les deux verites concordent	f3c1f9a8	SOUS_RESERVE	iPredatorLss263
ref	af3af607	720716	iPredatorLss263	scan	les deux verites concordent	f3c1f9a8	SOUS_RESERVE	Nuzzles
ref	af3af607	727223	Kinguui	scan	les deux verites concordent	f3c1f9a8	SOUS_RESERVE	Rs0tt
ref	af3af607	729442	ForGetAboutIt69	scan	les deux verites concordent	f3c1f9a8	SOUS_RESERVE	Creure
ref	af3af607	729542	Creure	scan	les deux verites concordent	f3c1f9a8	SOUS_RESERVE	Spec1aLisT
ref	af3af607	735447	Nuzzles	scan	les deux verites concordent	daa03c35	VALIDE	GTB Beast
ref	af3af607	737900	GTB Beast	scan	les deux verites concordent	2ff92041	VALIDE	Spec1aLisT
ref	af3af607	739018	Spec1aLisT	scan	les deux verites concordent	f3c1f9a8	SOUS_RESERVE	Rs0tt
ref	af3af607	744858	Kinguui	scan	les deux verites concordent	f3c1f9a8	SOUS_RESERVE	Creure
ref	af3af607	749996	ForGetAboutIt69	scan	les deux verites concordent	f3c1f9a8	SOUS_RESERVE	Rs0tt
ref	af3af607	757003	Spec1aLisT	scan	les deux verites concordent	f3c1f9a8	SOUS_RESERVE	iPredatorLss263
ref	af3af607	760873	Nuzzles	scan	les deux verites concordent	f3c1f9a8	SOUS_RESERVE	Creure
ref	af3af607	760875	GTB Beast	scan	les deux verites concordent	f3c1f9a8	SOUS_RESERVE	Kinguui
ref	af3af607	774921	Creure	scan	les deux verites concordent	f3c1f9a8	SOUS_RESERVE	Nuzzles
ref	af3af607	776506	Spec1aLisT	scan	les deux verites concordent	f3c1f9a8	SOUS_RESERVE	iPredatorLss263
ref	af3af607	780826	iPredatorLss263	scan	les deux verites concordent	f3c1f9a8	SOUS_RESERVE	Kinguui
ref	af3af607	783980	Rs0tt	scan	les deux verites concordent	f3c1f9a8	SOUS_RESERVE	Kinguui
ref	af3af607	790019	GTB Beast	scan	les deux verites concordent	2ff92041	VALIDE	Nuzzles
ref	af3af607	790020	Nuzzles	scan	les deux verites concordent	2ff92041	VALIDE	GTB Beast
ref	af3af607	796292	iPredatorLss263	scan	les deux verites concordent	f3c1f9a8	SOUS_RESERVE	Kinguui
ref	af3af607	797009	Kinguui	scan	les deux verites concordent	f3c1f9a8	SOUS_RESERVE	Creure
ref	af3af607	797777	ForGetAboutIt69	scan	les deux verites concordent	f3c1f9a8	SOUS_RESERVE	Rs0tt
ref	af3af607	800380	Spec1aLisT	scan	les deux verites concordent	f3c1f9a8	SOUS_RESERVE	Rs0tt
ref	af3af607	809121	Rs0tt	scan	les deux verites concordent	f3c1f9a8	SOUS_RESERVE	Kinguui
ref	af3af607	814862	ForGetAboutIt69	scan	les deux verites concordent	f3c1f9a8	SOUS_RESERVE	Creure
ref	af3af607	819816	iPredatorLss263	scan	les deux verites concordent	f3c1f9a8	SOUS_RESERVE	Spec1aLisT
ref	af3af607	820099	Nuzzles	scan	les deux verites concordent	f3c1f9a8	SOUS_RESERVE	GTB Beast
ref	af3af607	831779	Kinguui	scan	les deux verites concordent	f3c1f9a8	SOUS_RESERVE	Creure
ref	af3af607	837884	Rs0tt	scan	les deux verites concordent	f3c1f9a8	SOUS_RESERVE	Nuzzles
ref	af3af607	838618	Creure	scan	les deux verites concordent	daa03c35	VALIDE	ForGetAboutIt69
ref	af3af607	840386	GTB Beast	scan	les deux verites concordent	f3c1f9a8	SOUS_RESERVE	ForGetAboutIt69
ref	af3af607	840703	Nuzzles	scan	les deux verites concordent	f3c1f9a8	SOUS_RESERVE	iPredatorLss263
ref	af3af607	851931	iPredatorLss263	scan	les deux verites concordent	f3c1f9a8	SOUS_RESERVE	Kinguui
ref	af3af607	855803	Kinguui	scan	les deux verites concordent	f3c1f9a8	SOUS_RESERVE	Creure
ref	af3af607	863593	Rs0tt	scan	les deux verites concordent	daa03c35	VALIDE	Spec1aLisT
ref	af3af607	864194	ForGetAboutIt69	scan	les deux verites concordent	f3c1f9a8	SOUS_RESERVE	Creure
ref	af3af607	867214	GTB Beast	scan	les deux verites concordent	f3c1f9a8	SOUS_RESERVE	Nuzzles
ref	af3af607	887313	iPredatorLss263	scan	les deux verites concordent	f3c1f9a8	SOUS_RESERVE	Spec1aLisT
ref	af3af607	893319	Creure	scan	les deux verites concordent	f3c1f9a8	SOUS_RESERVE	Kinguui
ref	af3af607	893468	Nuzzles	scan	les deux verites concordent	f3c1f9a8	SOUS_RESERVE	GTB Beast
ref	af3af607	894203	Rs0tt	scan	les deux verites concordent	f3c1f9a8	SOUS_RESERVE	Spec1aLisT
ref	af3af607	899141	GTB Beast	scan	les deux verites concordent	7654f890	SOUS_RESERVE	Spec1aLisT
ref	af3af607	907149	iPredatorLss263	scan	les deux verites concordent	f3c1f9a8	SOUS_RESERVE	Spec1aLisT
ref	af3af607	917143	ForGetAboutIt69	scan	les deux verites concordent	f3c1f9a8	SOUS_RESERVE	Rs0tt
ref	af3af607	919279	GTB Beast	scan	les deux verites concordent	f3c1f9a8	SOUS_RESERVE	Nuzzles
ref	af3af607	921214	Kinguui	scan	les deux verites concordent	f3c1f9a8	SOUS_RESERVE	iPredatorLss263
ref	af3af607	924950	Creure	scan	les deux verites concordent	daa03c35	VALIDE	Spec1aLisT
ref	af3af607	935997	Rs0tt	scan	les deux verites concordent	f3c1f9a8	SOUS_RESERVE	ForGetAboutIt69
ref	af3af607	938198	Nuzzles	scan	les deux verites concordent	f3c1f9a8	SOUS_RESERVE	GTB Beast
ref	af3af607	943453	Spec1aLisT	scan	les deux verites concordent	f3c1f9a8	SOUS_RESERVE	GTB Beast
ref	af3af607	947940	Kinguui	scan	les deux verites concordent	f3c1f9a8	SOUS_RESERVE	GTB Beast
ref	af3af607	952327	ForGetAboutIt69	scan	source appartenant a la victime	da3b5ba4	VALIDE	Creure
ref	af3af607	958201	Nuzzles	scan	les deux verites concordent	daa03c35	VALIDE	Rs0tt
ref	af3af607	965241	iPredatorLss263	scan	les deux verites concordent	f3c1f9a8	SOUS_RESERVE	Kinguui
ref	af3af607	972065	Kinguui	scan	les deux verites concordent	f3c1f9a8	SOUS_RESERVE	Rs0tt
ref	af3af607	976436	Spec1aLisT	scan	les deux verites concordent	f3c1f9a8	SOUS_RESERVE	Creure
ref	af3af607	981741	ForGetAboutIt69	scan	les deux verites concordent	f3c1f9a8	SOUS_RESERVE	GTB Beast
ref	af3af607	983076	GTB Beast	scan	les deux verites concordent	f3c1f9a8	SOUS_RESERVE	Nuzzles
ref	af3af607	985178	Nuzzles	scan	les deux verites concordent	f3c1f9a8	SOUS_RESERVE	Rs0tt
ref	af3af607	985428	Kinguui	scan	les deux verites concordent	f3c1f9a8	SOUS_RESERVE	iPredatorLss263
ref	af3af607	1001061	Nuzzles	scan	les deux verites concordent	f3c1f9a8	SOUS_RESERVE	iPredatorLss263
ref	af3af607	1006933	Creure	scan	les deux verites concordent	f3c1f9a8	SOUS_RESERVE	Spec1aLisT
ref	af3af607	1012373	Spec1aLisT	scan	les deux verites concordent	f3c1f9a8	SOUS_RESERVE	GTB Beast
ref	af3af607	1018629	Nuzzles	scan	les deux verites concordent	f3c1f9a8	SOUS_RESERVE	Creure
ref	af3af607	1028739	GTB Beast	scan	les deux verites concordent	f3c1f9a8	SOUS_RESERVE	Spec1aLisT
ref	af3af607	1032260	iPredatorLss263	scan	les deux verites concordent	f3c1f9a8	SOUS_RESERVE	Kinguui
ref	af3af607	1039317	Creure	scan	les deux verites concordent	f3c1f9a8	SOUS_RESERVE	Nuzzles
ref	af3af607	1044571	Rs0tt	scan	les deux verites concordent	f3c1f9a8	SOUS_RESERVE	Nuzzles
ref	af3af607	1052646	ForGetAboutIt69	scan	les deux verites concordent	f3c1f9a8	SOUS_RESERVE	Creure
ref	af3af607	1053931	iPredatorLss263	scan	les deux verites concordent	f3c1f9a8	SOUS_RESERVE	Nuzzles
ref	af3af607	1061622	Kinguui	scan	les deux verites concordent	f3c1f9a8	SOUS_RESERVE	Rs0tt
ref	af3af607	1061989	Rs0tt	scan	les deux verites concordent	f3c1f9a8	SOUS_RESERVE	Nuzzles
ref	af3af607	1072517	iPredatorLss263	scan	les deux verites concordent	2ff92041	VALIDE	ForGetAboutIt69
ref	af3af607	1072519	ForGetAboutIt69	scan	les deux verites concordent	2ff92041	VALIDE	iPredatorLss263
ref	af3af607	1074451	Nuzzles	scan	les deux verites concordent	f3c1f9a8	SOUS_RESERVE	Rs0tt
ref	af3af607	1074585	GTB Beast	scan	les deux verites concordent	f3c1f9a8	SOUS_RESERVE	Spec1aLisT
ref	af3af607	1077588	Rs0tt	scan	les deux verites concordent	f3c1f9a8	SOUS_RESERVE	Kinguui
ref	af3af607	1083994	Creure	scan	les deux verites concordent	f3c1f9a8	SOUS_RESERVE	Spec1aLisT
ref	af3af607	1089517	iPredatorLss263	scan	les deux verites concordent	f3c1f9a8	SOUS_RESERVE	Kinguui
ref	af3af607	1092870	Kinguui	scan	les deux verites concordent	f3c1f9a8	SOUS_RESERVE	GTB Beast
ref	af3af607	1096357	Creure	scan	les deux verites concordent	f3c1f9a8	SOUS_RESERVE	Spec1aLisT
ref	af3af607	1105800	Spec1aLisT	scan	les deux verites concordent	f3c1f9a8	SOUS_RESERVE	Rs0tt
ref	af3af607	1111989	iPredatorLss263	scan	les deux verites concordent	f3c1f9a8	SOUS_RESERVE	Kinguui
ref	af3af607	1112073	Nuzzles	scan	les deux verites concordent	f3c1f9a8	SOUS_RESERVE	Rs0tt
ref	af3af607	1112991	ForGetAboutIt69	scan	les deux verites concordent	f3c1f9a8	SOUS_RESERVE	GTB Beast
ref	af3af607	1121783	Kinguui	scan	les deux verites concordent	f3c1f9a8	SOUS_RESERVE	Rs0tt
ref	af3af607	1131877	iPredatorLss263	scan	les deux verites concordent	f3c1f9a8	SOUS_RESERVE	Nuzzles
ref	af3af607	1132027	Creure	scan	les deux verites concordent	2ff92041	VALIDE	ForGetAboutIt69
ref	af3af607	1132029	ForGetAboutIt69	scan	les deux verites concordent	2ff92041	VALIDE	Creure
ref	af3af607	1139433	Rs0tt	scan	les deux verites concordent	daa03c35	VALIDE	Nuzzles
ref	af3af607	1142837	GTB Beast	scan	les deux verites concordent	f3c1f9a8	SOUS_RESERVE	Kinguui
ref	af3af607	1149677	Creure	scan	les deux verites concordent	f3c1f9a8	SOUS_RESERVE	ForGetAboutIt69
ref	af3af607	1152697	ForGetAboutIt69	scan	les deux verites concordent	f3c1f9a8	SOUS_RESERVE	iPredatorLss263
ref	af3af607	1154333	Kinguui	scan	les deux verites concordent	f3c1f9a8	SOUS_RESERVE	Rs0tt
ref	af3af607	1157403	Nuzzles	scan	les deux verites concordent	f3c1f9a8	SOUS_RESERVE	iPredatorLss263
ref	af3af607	1166128	GTB Beast	scan	les deux verites concordent	f3c1f9a8	SOUS_RESERVE	Kinguui
ref	af3af607	1167963	Rs0tt	scan	les deux verites concordent	f3c1f9a8	SOUS_RESERVE	Spec1aLisT
ref	af3af607	1172801	Creure	scan	les deux verites concordent	f3c1f9a8	SOUS_RESERVE	Nuzzles
ref	af3af607	1173051	iPredatorLss263	scan	les deux verites concordent	f3c1f9a8	SOUS_RESERVE	Spec1aLisT
ref	af3af607	1189433	ForGetAboutIt69	scan	les deux verites concordent	da3b5ba4	VALIDE	Rs0tt
ref	af3af607	1197726	Creure	scan	les deux verites concordent	f3c1f9a8	SOUS_RESERVE	Kinguui
ref	af3af607	1198627	Spec1aLisT	scan	les deux verites concordent	f3c1f9a8	SOUS_RESERVE	Rs0tt
ref	af3af607	1202429	GTB Beast	scan	les deux verites concordent	da3b5ba4	VALIDE	Nuzzles
ref	af3af607	1202748	Nuzzles	scan	les deux verites concordent	f3c1f9a8	SOUS_RESERVE	iPredatorLss263
ref	af3af607	1205434	iPredatorLss263	scan	les deux verites concordent	f3c1f9a8	SOUS_RESERVE	Kinguui
ref	af3af607	1215594	Rs0tt	scan	les deux verites concordent	f3c1f9a8	SOUS_RESERVE	Kinguui
ref	af3af607	1224136	Creure	scan	les deux verites concordent	f3c1f9a8	SOUS_RESERVE	Kinguui
ref	af3af607	1227573	Nuzzles	scan	les deux verites concordent	f3c1f9a8	SOUS_RESERVE	iPredatorLss263
ref	af3af607	1229157	GTB Beast	scan	les deux verites concordent	f3c1f9a8	SOUS_RESERVE	Spec1aLisT
ref	af3af607	1234501	Rs0tt	scan	les deux verites concordent	f3c1f9a8	SOUS_RESERVE	Kinguui
ref	af3af607	1240202	ForGetAboutIt69	scan	les deux verites concordent	daa03c35	VALIDE	iPredatorLss263
ref	af3af607	1242438	Creure	scan	les deux verites concordent	f3c1f9a8	SOUS_RESERVE	Spec1aLisT
ref	af3af607	1244089	Spec1aLisT	scan	les deux verites concordent	f3c1f9a8	SOUS_RESERVE	iPredatorLss263
ref	af3af607	1246909	iPredatorLss263	scan	les deux verites concordent	f3c1f9a8	SOUS_RESERVE	Nuzzles
ref	af3af607	1248710	GTB Beast	scan	les deux verites concordent	f3c1f9a8	SOUS_RESERVE	Nuzzles
ref	af3af607	1251729	Nuzzles	scan	les deux verites concordent	da3b5ba4	VALIDE	Rs0tt
ref	af3af607	1252764	Kinguui	scan	les deux verites concordent	f3c1f9a8	SOUS_RESERVE	Rs0tt
ref	af3af607	1262625	Rs0tt	scan	les deux verites concordent	f3c1f9a8	SOUS_RESERVE	Spec1aLisT
ref	af3af607	1264761	ForGetAboutIt69	scan	les deux verites concordent	f3c1f9a8	SOUS_RESERVE	GTB Beast
ref	af3af607	1265795	Spec1aLisT	scan	les deux verites concordent	f3c1f9a8	SOUS_RESERVE	iPredatorLss263
ref	af3af607	1268948	Creure	scan	les deux verites concordent	f3c1f9a8	SOUS_RESERVE	Kinguui
ref	af3af607	1269714	Kinguui	scan	les deux verites concordent	da3b5ba4	VALIDE	GTB Beast
ref	af3af607	1272867	iPredatorLss263	scan	les deux verites concordent	f3c1f9a8	SOUS_RESERVE	Nuzzles
ref	af3af607	1275637	GTB Beast	scan	les deux verites concordent	f3c1f9a8	SOUS_RESERVE	Nuzzles
ref	af3af607	1278724	Nuzzles	scan	les deux verites concordent	f3c1f9a8	SOUS_RESERVE	Rs0tt
ref	af3af607	1281260	ForGetAboutIt69	scan	les deux verites concordent	2ff92041	VALIDE	Rs0tt
ref	af3af607	1281262	Rs0tt	scan	les deux verites concordent	2ff92041	VALIDE	ForGetAboutIt69
ref	bcb6d393	48610	J 2025118	marche	les deux verites concordent	bb1a095b	SOUS_RESERVE	Madina97294
ref	bcb6d393	65861	Gsasph	marche	les deux verites concordent	038ad14c	SOUS_RESERVE	RavenBL00D
ref	bcb6d393	70715	Madina97294	marche	les deux verites concordent	bb1a095b	SOUS_RESERVE	KidLeo67
ref	bcb6d393	70732	KidLeo67	scan	les deux verites concordent	bb1a095b	SOUS_RESERVE	Madina97294
ref	bcb6d393	77839	Chocoboflor	marche	les deux verites concordent	bb1a095b	SOUS_RESERVE	J 2025118
ref	bcb6d393	82177	J 2025118	marche	les deux verites concordent	7654f890	SOUS_RESERVE	Gsasph
ref	bcb6d393	83678	JGtm	marche	les deux verites concordent	038ad14c	SOUS_RESERVE	RavenBL00D
ref	bcb6d393	90251	Madina97294	marche	les deux verites concordent	daa03c35	VALIDE	RavenBL00D
ref	bcb6d393	101396	KidLeo67	marche	les deux verites concordent	bb1a095b	SOUS_RESERVE	JGtm
ref	bcb6d393	104349	Gsasph	marche	les deux verites concordent	daa03c35	VALIDE	RavenBL00D
ref	bcb6d393	115161	Madina97294	marche	les deux verites concordent	15dcdfe3	SOUS_RESERVE	J 2025118
ref	bcb6d393	118564	KidLeo67	marche	les deux verites concordent	0000b238	SOUS_RESERVE	Chocoboflor
ref	bcb6d393	120565	Gsasph	marche	les deux verites concordent	0000b238	SOUS_RESERVE	RavenBL00D
ref	bcb6d393	126505	Chocoboflor	marche	les deux verites concordent	f01d60e9	SOUS_RESERVE	FrankDaTank1313
ref	bcb6d393	132244	JGtm	marche	les deux verites concordent	15dcdfe3	SOUS_RESERVE	J 2025118
ref	bcb6d393	139934	Gsasph	marche	les deux verites concordent	8b1f83ee	SOUS_RESERVE	KidLeo67
ref	bcb6d393	145257	KidLeo67	marche	les deux verites concordent	daa03c35	VALIDE	Chocoboflor
ref	bcb6d393	147092	Chocoboflor	marche	les deux verites concordent	15dcdfe3	SOUS_RESERVE	J 2025118
ref	bcb6d393	159738	J 2025118	marche	les deux verites concordent	bb1a095b	SOUS_RESERVE	JGtm
ref	bcb6d393	171683	FrankDaTank1313	marche	les deux verites concordent	59255106	VALIDE	Madina97294
ref	bcb6d393	172485	Chocoboflor	marche	les deux verites concordent	038ad14c	SOUS_RESERVE	RavenBL00D
ref	bcb6d393	175521	JGtm	marche	les deux verites concordent	daa03c35	VALIDE	RavenBL00D
ref	bcb6d393	176388	RavenBL00D	marche	les deux verites concordent	daa03c35	VALIDE	Gsasph
ref	bcb6d393	179124	KidLeo67	marche	les deux verites concordent	bb1a095b	SOUS_RESERVE	Madina97294
ref	bcb6d393	200446	Chocoboflor	marche	les deux verites concordent	0000b238	SOUS_RESERVE	RavenBL00D
ref	bcb6d393	202062	RavenBL00D	marche	les deux verites concordent	59255106	VALIDE	Gsasph
ref	bcb6d393	202264	FrankDaTank1313	marche	les deux verites concordent	177a79ee	SOUS_RESERVE	Madina97294
ref	bcb6d393	220953	RavenBL00D	marche	les deux verites concordent	0000b238	SOUS_RESERVE	Chocoboflor
ref	bcb6d393	221052	Chocoboflor	marche	les deux verites concordent	bb1a095b	SOUS_RESERVE	FrankDaTank1313
ref	bcb6d393	223688	Steedlan	marche	les deux verites concordent	bb1a095b	SOUS_RESERVE	Madina97294
ref	bcb6d393	231179	brkn8174	marche	les deux verites concordent	7654f890	SOUS_RESERVE	Gsasph
ref	bcb6d393	236485	FrankDaTank1313	marche	les deux verites concordent	bb1a095b	SOUS_RESERVE	JGtm
ref	bcb6d393	243491	RavenBL00D	marche	les deux verites concordent	0000b238	SOUS_RESERVE	Chocoboflor
ref	bcb6d393	254636	brkn8174	marche	les deux verites concordent	bb1a095b	SOUS_RESERVE	Madina97294
ref	bcb6d393	264163	FrankDaTank1313	marche	les deux verites concordent	bb1a095b	SOUS_RESERVE	Madina97294
ref	bcb6d393	269401	Madina97294	marche	les deux verites concordent	0000b238	SOUS_RESERVE	RavenBL00D
ref	bcb6d393	274489	Chocoboflor	marche	les deux verites concordent	daa03c35	VALIDE	xNeuromancer
ref	bcb6d393	286751	Madina97294	marche	les deux verites concordent	daa03c35	VALIDE	RavenBL00D
ref	bcb6d393	287619	RavenBL00D	marche	les deux verites concordent	bb1a095b	SOUS_RESERVE	JGtm
ref	bcb6d393	291590	Chocoboflor	marche	les deux verites concordent	177a79ee	SOUS_RESERVE	brkn8174
ref	bcb6d393	297112	xNeuromancer	marche	les deux verites concordent	b258262f	SOUS_RESERVE	Gsasph
ref	bcb6d393	306305	brkn8174	marche	les deux verites concordent	15dcdfe3	SOUS_RESERVE	Gsasph
ref	bcb6d393	311410	FrankDaTank1313	marche	les deux verites concordent	b258262f	SOUS_RESERVE	Gsasph
ref	bcb6d393	321855	brkn8174	marche	les deux verites concordent	bb1a095b	SOUS_RESERVE	Madina97294
ref	bcb6d393	323973	xNeuromancer	marche	les deux verites concordent	0000b238	SOUS_RESERVE	Chocoboflor
ref	bcb6d393	326408	343 Hollis [bot]	scan	mort de bot (absente du kill-feed)	bb1a095b	SOUS_RESERVE	Madina97294
ref	bcb6d393	342773	brkn8174	marche	les deux verites concordent	da3b5ba4	VALIDE	Madina97294
ref	bcb6d393	347529	Madina97294	marche	les deux verites concordent	0000b238	SOUS_RESERVE	xNeuromancer
ref	bcb6d393	351216	xNeuromancer	marche	les deux verites concordent	0000b238	SOUS_RESERVE	Chocoboflor
ref	bf15f7ab	60271	Mastertronic	marche	source appartenant a la victime	da3b5ba4	VALIDE	CPXUK6101
ref	bf15f7ab	88785	Blackwardevil1	marche	les deux verites concordent	f01d60e9	SOUS_RESERVE	Outatime12
ref	bf15f7ab	91471	Mastertronic	marche	les deux verites concordent	166ba62b	SOUS_RESERVE	Outatime12
ref	bf15f7ab	94240	plyer5091	marche	les deux verites concordent	da3b5ba4	VALIDE	Outatime12
ref	bf15f7ab	103784	Blackwardevil1	marche	les deux verites concordent	f01d60e9	SOUS_RESERVE	Outatime12
ref	bf15f7ab	107836	plyer5091	marche	les deux verites concordent	0000d57f	SOUS_RESERVE	Chocoboflor
ref	bf15f7ab	122121	JGtm	marche	les deux verites concordent	f01d60e9	SOUS_RESERVE	Fennec87607
ref	bf15f7ab	124490	Fennec87607	marche	les deux verites concordent	daa03c35	VALIDE	CPXUK6101
ref	bf15f7ab	126761	CPXUK6101	marche	les deux verites concordent	0000b238	SOUS_RESERVE	Blackwardevil1
ref	bf15f7ab	127558	Mastertronic	marche	les deux verites concordent	0000d57f	SOUS_RESERVE	Chocoboflor
ref	bf15f7ab	130946	Chocoboflor	marche	les deux verites concordent	0000b238	SOUS_RESERVE	Blackwardevil1
ref	bf15f7ab	146745	Blackwardevil1	marche	les deux verites concordent	166ba62b	SOUS_RESERVE	Outatime12
ref	bf15f7ab	148447	JGtm	marche	les deux verites concordent	0000b238	SOUS_RESERVE	Fennec87607
ref	bf15f7ab	149315	Fennec87607	marche	les deux verites concordent	daa03c35	VALIDE	CPXUK6101
ref	bf15f7ab	154069	plyer5091	marche	les deux verites concordent	0000b238	SOUS_RESERVE	CPXUK6101
ref	bf15f7ab	154270	CPXUK6101	marche	les deux verites concordent	daa03c35	VALIDE	Mastertronic
ref	bf15f7ab	155070	Mastertronic	marche	les deux verites concordent	bb1a095b	SOUS_RESERVE	Chocoboflor
ref	bf15f7ab	171620	Blackwardevil1	marche	les deux verites concordent	130c4b61	SOUS_RESERVE	CPXUK6101
ref	bf15f7ab	177110	Fennec87607	marche	les deux verites concordent	2ff92041	VALIDE	Chocoboflor
ref	bf15f7ab	177228	plyer5091	marche	les deux verites concordent	59255106	VALIDE	JGtm
ref	bf15f7ab	194578	Blackwardevil1	marche	les deux verites concordent	bb1a095b	SOUS_RESERVE	Chocoboflor
ref	bf15f7ab	195529	Mastertronic	marche	les deux verites concordent	0000b29c	SOUS_RESERVE	JGtm
ref	bf15f7ab	196029	plyer5091	marche	les deux verites concordent	166ba62b	SOUS_RESERVE	Outatime12
ref	bf15f7ab	200532	Fennec87607	marche	les deux verites concordent	130c4b61	SOUS_RESERVE	CPXUK6101
ref	bf15f7ab	213011	Blackwardevil1	marche	les deux verites concordent	0000d627	VALIDE	JGtm
ref	bf15f7ab	213161	plyer5091	marche	les deux verites concordent	0000d57f	SOUS_RESERVE	Chocoboflor
ref	bf15f7ab	213165	Chocoboflor	marche	les deux verites concordent	daa03c35	VALIDE	plyer5091
ref	bf15f7ab	216314	JGtm	marche	les deux verites concordent	da3b5ba4	VALIDE	Mastertronic
ref	bf15f7ab	224925	Mastertronic	marche	les deux verites concordent	bb1a095b	SOUS_RESERVE	CPXUK6101
ref	bf15f7ab	238057	Mastertronic	marche	les deux verites concordent	2ff92041	VALIDE	Chocoboflor
ref	bf15f7ab	238059	Chocoboflor	marche	les deux verites concordent	2ff92041	VALIDE	Mastertronic
ref	bf15f7ab	260896	Fennec87607	marche	source appartenant a la victime	00403594	VALIDE	CPXUK6101
ref	bf15f7ab	261098	JGtm	marche	les deux verites concordent	daa03c35	VALIDE	Mastertronic
ref	bf15f7ab	291229	Fennec87607	marche	les deux verites concordent	bb1a095b	SOUS_RESERVE	Chocoboflor
ref	bf15f7ab	294748	Chocoboflor	marche	les deux verites concordent	0000b238	SOUS_RESERVE	Mastertronic
ref	bf15f7ab	297402	JGtm	marche	les deux verites concordent	0000b238	SOUS_RESERVE	Mastertronic
ref	bf15f7ab	305076	Outatime12	marche	les deux verites concordent	daa03c35	VALIDE	Mastertronic
ref	bf15f7ab	307511	Fennec87607	marche	les deux verites concordent	130c4b61	SOUS_RESERVE	CPXUK6101
ref	bf15f7ab	307945	Mastertronic	marche	les deux verites concordent	2ff92041	VALIDE	Chocoboflor
ref	bf15f7ab	308962	Chocoboflor	marche	les deux verites concordent	0000b238	SOUS_RESERVE	Blackwardevil1
ref	bf15f7ab	310713	CPXUK6101	marche	les deux verites concordent	0000d57f	SOUS_RESERVE	plyer5091
ref	bf15f7ab	338109	Mastertronic	marche	les deux verites concordent	daa03c35	VALIDE	JGtm
ref	bf15f7ab	338442	plyer5091	marche	les deux verites concordent	daa03c35	VALIDE	Chocoboflor
ref	bf15f7ab	339427	CPXUK6101	marche	les deux verites concordent	2ff92041	VALIDE	Fennec87607
ref	bf15f7ab	346784	Chocoboflor	marche	les deux verites concordent	0000b238	SOUS_RESERVE	Blackwardevil1
ref	bf15f7ab	350955	Fennec87607	marche	les deux verites concordent	bb1a095b	SOUS_RESERVE	JGtm
ref	bf15f7ab	362899	Mastertronic	marche	les deux verites concordent	da3b5ba4	VALIDE	Outatime12
ref	bf15f7ab	363168	Outatime12	marche	les deux verites concordent	daa03c35	VALIDE	Blackwardevil1
ref	bf15f7ab	364970	plyer5091	marche	les deux verites concordent	bb1a095b	SOUS_RESERVE	Chocoboflor
ref	bf15f7ab	368356	JGtm	marche	les deux verites concordent	0000b238	SOUS_RESERVE	Blackwardevil1
ref	bf15f7ab	373394	Blackwardevil1	marche	les deux verites concordent	daa03c35	VALIDE	Chocoboflor
ref	bf15f7ab	375311	Chocoboflor	marche	les deux verites concordent	ec919da5	SOUS_RESERVE	Fennec87607
ref	bf15f7ab	381269	Fennec87607	marche	les deux verites concordent	bb1a095b	SOUS_RESERVE	JGtm
ref	bf15f7ab	388141	Mastertronic	marche	les deux verites concordent	0000d57f	SOUS_RESERVE	CPXUK6101
ref	bf15f7ab	396067	plyer5091	marche	les deux verites concordent	bb1a095b	SOUS_RESERVE	JGtm
ref	bf15f7ab	401906	Fennec87607	marche	les deux verites concordent	daa03c35	VALIDE	CPXUK6101
ref	bf15f7ab	404725	JGtm	marche	les deux verites concordent	da3b5ba4	VALIDE	Mastertronic
ref	bf15f7ab	409046	Mastertronic	marche	les deux verites concordent	0000d57f	SOUS_RESERVE	CPXUK6101
ref	bf15f7ab	413134	Blackwardevil1	marche	les deux verites concordent	daa03c35	VALIDE	Outatime12
ref	bf15f7ab	420759	Fennec87607	marche	les deux verites concordent	daa03c35	VALIDE	Chocoboflor
ref	bf15f7ab	423544	Mastertronic	marche	les deux verites concordent	2ff92041	VALIDE	Chocoboflor
ref	bf15f7ab	428933	plyer5091	marche	les deux verites concordent	daa03c35	VALIDE	CPXUK6101
ref	bf15f7ab	429316	Chocoboflor	marche	les deux verites concordent	da3b5ba4	VALIDE	plyer5091
ref	bf15f7ab	445315	Mastertronic	marche	les deux verites concordent	130c4b61	SOUS_RESERVE	CPXUK6101
ref	bf15f7ab	447386	Fennec87607	marche	les deux verites concordent	2ff92041	VALIDE	Outatime12
ref	bf15f7ab	461000	Mastertronic	marche	les deux verites concordent	bb1a095b	SOUS_RESERVE	Chocoboflor
ref	bf15f7ab	463936	Chocoboflor	marche	les deux verites concordent	0000b238	SOUS_RESERVE	Blackwardevil1
ref	bf15f7ab	464236	Fennec87607	marche	les deux verites concordent	130c4b61	SOUS_RESERVE	CPXUK6101
ref	bf15f7ab	467989	Blackwardevil1	marche	les deux verites concordent	daa03c35	VALIDE	JGtm
ref	bf15f7ab	470409	JGtm	marche	les deux verites concordent	166ba62b	SOUS_RESERVE	plyer5091
ref	bf15f7ab	479201	Outatime12	marche	les deux verites concordent	da3b5ba4	VALIDE	Mastertronic
ref	bf15f7ab	485492	CPXUK6101	marche	les deux verites concordent	daa03c35	VALIDE	Mastertronic
ref	bf15f7ab	487559	Mastertronic	marche	les deux verites concordent	59255106	VALIDE	JGtm
ref	bf15f7ab	490164	Fennec87607	marche	les deux verites concordent	59255106	VALIDE	JGtm
ref	bf15f7ab	505544	Mastertronic	marche	les deux verites concordent	0000d627	VALIDE	Outatime12
ref	bfecd02b	51406	MEK1906	marche	les deux verites concordent	0000b29c	SOUS_RESERVE	SHN Lups99
ref	bfecd02b	52842	Tataaannn	marche	les deux verites concordent	0000b29c	SOUS_RESERVE	Madina97294
ref	bfecd02b	55260	Chocoboflor	marche	les deux verites concordent	0000b29c	SOUS_RESERVE	Draconewt
ref	bfecd02b	71109	Madina97294	marche	les deux verites concordent	daa03c35	VALIDE	indahoopty8751
ref	bfecd02b	72027	Tataaannn	scan	les deux verites concordent	0000b29c	SOUS_RESERVE	MEK1906
ref	bfecd02b	73228	Chocoboflor	marche	les deux verites concordent	0000b29c	SOUS_RESERVE	Draconewt
ref	bfecd02b	74593	indahoopty8751	marche	les deux verites concordent	f712c64a	VALIDE	JGtm
ref	bfecd02b	80000	MEK1906	marche	les deux verites concordent	0000b29c	SOUS_RESERVE	Draconewt
ref	bfecd02b	88140	Tataaannn	marche	les deux verites concordent	f712c64a	VALIDE	JGtm
ref	bfecd02b	89227	JGtm	marche	les deux verites concordent	0000b29c	SOUS_RESERVE	indahoopty8751
ref	bfecd02b	100539	MEK1906	marche	les deux verites concordent	daa03c35	VALIDE	SHN Lups99
ref	bfecd02b	106278	indahoopty8751	marche	les deux verites concordent	0000b29c	SOUS_RESERVE	Chocoboflor
ref	bfecd02b	110615	Chocoboflor	marche	les deux verites concordent	0000b29c	SOUS_RESERVE	Tataaannn
ref	bfecd02b	122811	MEK1906	marche	les deux verites concordent	0000b29c	SOUS_RESERVE	Draconewt
ref	bfecd02b	128817	indahoopty8751	marche	les deux verites concordent	0000b29c	SOUS_RESERVE	JGtm
ref	bfecd02b	135190	Tataaannn	marche	les deux verites concordent	0000b238	SOUS_RESERVE	Madina97294
ref	bfecd02b	138043	Draconewt	marche	les deux verites concordent	0000b29c	SOUS_RESERVE	MEK1906
ref	bfecd02b	141813	indahoopty8751	marche	les deux verites concordent	0000b29c	SOUS_RESERVE	Chocoboflor
ref	bfecd02b	150857	Draconewt	marche	les deux verites concordent	0000b29c	SOUS_RESERVE	Madina97294
ref	bfecd02b	154006	Tataaannn	marche	les deux verites concordent	f712c64a	VALIDE	JGtm
ref	bfecd02b	159998	Madina97294	marche	les deux verites concordent	0000b29c	SOUS_RESERVE	indahoopty8751
ref	bfecd02b	161247	indahoopty8751	marche	les deux verites concordent	f712c64a	VALIDE	JGtm
ref	bfecd02b	170878	Chocoboflor	marche	les deux verites concordent	5e389b5d	VALIDE	Draconewt
ref	bfecd02b	174213	SHN Lups99	marche	les deux verites concordent	0000b29c	SOUS_RESERVE	Madina97294
ref	bfecd02b	178784	Tataaannn	marche	les deux verites concordent	0000b29c	SOUS_RESERVE	Madina97294
ref	bfecd02b	185543	indahoopty8751	marche	les deux verites concordent	0000b29c	SOUS_RESERVE	Madina97294
ref	bfecd02b	187177	MEK1906	marche	les deux verites concordent	0000b29c	SOUS_RESERVE	SHN Lups99
ref	bfecd02b	202359	SHN Lups99	marche	les deux verites concordent	0000b238	SOUS_RESERVE	MEK1906
ref	bfecd02b	202776	MEK1906	marche	les deux verites concordent	daa03c35	VALIDE	Tataaannn
ref	bfecd02b	210750	indahoopty8751	marche	les deux verites concordent	0000b29c	SOUS_RESERVE	Madina97294
ref	bfecd02b	215703	Tataaannn	marche	les deux verites concordent	f712c64a	VALIDE	JGtm
ref	bfecd02b	221446	Madina97294	marche	les deux verites concordent	7ff0849c	SOUS_RESERVE	Draconewt
ref	bfecd02b	234807	Tataaannn	scan	les deux verites concordent	daa03c35	VALIDE	Madina97294
ref	bfecd02b	236043	SHN Lups99	marche	les deux verites concordent	59255106	VALIDE	MEK1906
ref	bfecd02b	236493	Madina97294	marche	les deux verites concordent	7ff0849c	SOUS_RESERVE	Draconewt
ref	bfecd02b	251525	MEK1906	marche	les deux verites concordent	7ff0849c	SOUS_RESERVE	Draconewt
ref	bfecd02b	254078	indahoopty8751	marche	les deux verites concordent	0000b29c	SOUS_RESERVE	Madina97294
ref	bfecd02b	254659	Chocoboflor	marche	les deux verites concordent	0000d627	VALIDE	indahoopty8751
ref	bfecd02b	256979	Madina97294	marche	les deux verites concordent	0000b29c	SOUS_RESERVE	SHN Lups99
ref	bfecd02b	268008	Chocoboflor	marche	les deux verites concordent	7ff0849c	SOUS_RESERVE	SHN Lups99
ref	bfecd02b	282606	Madina97294	marche	les deux verites concordent	7ff0849c	SOUS_RESERVE	Draconewt
ref	bfecd02b	284375	indahoopty8751	marche	les deux verites concordent	daa03c35	VALIDE	MEK1906
ref	bfecd02b	285125	MEK1906	marche	les deux verites concordent	0000b29c	SOUS_RESERVE	SHN Lups99
ref	bfecd02b	301891	JGtm	marche	les deux verites concordent	0000b29c	SOUS_RESERVE	indahoopty8751
ref	bfecd02b	303594	Chocoboflor	marche	les deux verites concordent	0000b29c	SOUS_RESERVE	Tataaannn
ref	bfecd02b	306478	MEK1906	marche	les deux verites concordent	0000b29c	SOUS_RESERVE	Tataaannn
ref	bfecd02b	315122	Draconewt	marche	les deux verites concordent	0000b29c	SOUS_RESERVE	Chocoboflor
ref	bfecd02b	324012	indahoopty8751	marche	les deux verites concordent	0000b29c	SOUS_RESERVE	Chocoboflor
ref	bfecd02b	336127	JGtm	marche	les deux verites concordent	7ff0849c	SOUS_RESERVE	SHN Lups99
ref	bfecd02b	336293	Draconewt	marche	les deux verites concordent	0000b29c	SOUS_RESERVE	Chocoboflor
ref	bfecd02b	336343	SHN Lups99	marche	les deux verites concordent	daa03c35	VALIDE	Madina97294
ref	bfecd02b	350475	indahoopty8751	marche	les deux verites concordent	0000b29c	SOUS_RESERVE	Madina97294
ref	bfecd02b	351408	JGtm	marche	les deux verites concordent	0000b29c	SOUS_RESERVE	Draconewt
ref	bfecd02b	352025	Chocoboflor	marche	les deux verites concordent	0000b29c	SOUS_RESERVE	Draconewt
ref	bfecd02b	354678	Madina97294	marche	les deux verites concordent	0000b29c	SOUS_RESERVE	Draconewt
ref	bfecd02b	356563	Draconewt	marche	les deux verites concordent	1f11df6b	SOUS_RESERVE	MEK1906
ref	bfecd02b	360650	MEK1906	marche	les deux verites concordent	0000b29c	SOUS_RESERVE	SHN Lups99
ref	bfecd02b	368592	indahoopty8751	marche	les deux verites concordent	0000b29c	SOUS_RESERVE	Madina97294
ref	bfecd02b	373814	MEK1906	marche	les deux verites concordent	7ff0849c	SOUS_RESERVE	Draconewt
ref	bfecd02b	380254	JGtm	marche	les deux verites concordent	0000b29c	SOUS_RESERVE	Tataaannn
ref	bfecd02b	381105	Chocoboflor	marche	les deux verites concordent	0000b29c	SOUS_RESERVE	Draconewt
ref	bfecd02b	384956	Draconewt	marche	les deux verites concordent	0000d57f	SOUS_RESERVE	Madina97294
ref	bfecd02b	397721	indahoopty8751	marche	les deux verites concordent	0000b29c	SOUS_RESERVE	Chocoboflor
ref	bfecd02b	399222	JGtm	marche	les deux verites concordent	0000005f	INCONNU	Tataaannn
ref	bfecd02b	399673	MEK1906	marche	les deux verites concordent	0000005f	INCONNU	Tataaannn
ref	bfecd02b	400891	Madina97294	marche	les deux verites concordent	0000b29c	SOUS_RESERVE	Draconewt
ref	bfecd02b	401723	Chocoboflor	marche	les deux verites concordent	f712c64a	VALIDE	Tataaannn
ref	bfecd02b	419260	MEK1906	marche	les deux verites concordent	0000b29c	SOUS_RESERVE	indahoopty8751
ref	bfecd02b	438929	JGtm	marche	les deux verites concordent	177a79ee	SOUS_RESERVE	indahoopty8751
ref	bfecd02b	442614	Chocoboflor	marche	les deux verites concordent	f712c64a	VALIDE	Tataaannn
ref	bfecd02b	445836	Madina97294	marche	les deux verites concordent	177a79ee	SOUS_RESERVE	indahoopty8751
ref	bfecd02b	449938	MEK1906	marche	les deux verites concordent	f712c64a	VALIDE	Tataaannn
ref	bfecd02b	459097	JGtm	marche	les deux verites concordent	0000b29c	SOUS_RESERVE	SHN Lups99
ref	bfecd02b	462620	Madina97294	marche	les deux verites concordent	0000b29c	SOUS_RESERVE	indahoopty8751
ref	bfecd02b	466940	MEK1906	marche	les deux verites concordent	0000b29c	SOUS_RESERVE	indahoopty8751
ref	bfecd02b	476300	SHN Lups99	marche	les deux verites concordent	0000b29c	SOUS_RESERVE	Madina97294
ref	bfecd02b	478434	JGtm	marche	les deux verites concordent	f712c64a	VALIDE	Tataaannn
ref	bfecd02b	490179	Chocoboflor	marche	les deux verites concordent	f712c64a	VALIDE	Tataaannn
ref	bfecd02b	490315	MEK1906	marche	les deux verites concordent	0000b238	SOUS_RESERVE	indahoopty8751
ref	bfecd02b	493918	Madina97294	marche	les deux verites concordent	daa03c35	VALIDE	SHN Lups99
ref	bfecd02b	495051	JGtm	marche	les deux verites concordent	f712c64a	VALIDE	Tataaannn
ref	bfecd02b	508268	MEK1906	marche	les deux verites concordent	7ff0849c	SOUS_RESERVE	Draconewt
ref	c46ef9d1	35253	Constrictor Dog	marche	les deux verites concordent	f3c1f9a8	SOUS_RESERVE	xATHENEUZ
ref	c46ef9d1	39674	Satoru JZ	marche	les deux verites concordent	f3c1f9a8	SOUS_RESERVE	Chisco V1
ref	c46ef9d1	42110	AphexTwinnnn	marche	les deux verites concordent	7ff0849c	SOUS_RESERVE	F4NTXY
ref	c46ef9d1	44663	F4NTXY	marche	les deux verites concordent	f3c1f9a8	SOUS_RESERVE	AbsoChad
ref	c46ef9d1	53255	AbsoChad	marche	les deux verites concordent	f3c1f9a8	SOUS_RESERVE	Nuzzles
ref	c46ef9d1	54621	xATHENEUZ	marche	les deux verites concordent	da3b5ba4	VALIDE	Constrictor Dog
ref	c46ef9d1	56108	Constrictor Dog	marche	les deux verites concordent	f3c1f9a8	SOUS_RESERVE	Chisco V1
ref	c46ef9d1	57876	Satoru JZ	marche	les deux verites concordent	daa03c35	VALIDE	AphexTwinnnn
ref	c46ef9d1	66168	Nuzzles	marche	les deux verites concordent	f3c1f9a8	SOUS_RESERVE	Chisco V1
ref	c46ef9d1	67670	AphexTwinnnn	marche	les deux verites concordent	f3c1f9a8	SOUS_RESERVE	F4NTXY
ref	c46ef9d1	71524	F4NTXY	marche	les deux verites concordent	2ff92041	VALIDE	AbsoChad
ref	c46ef9d1	76196	AbsoChad	marche	les deux verites concordent	f3c1f9a8	SOUS_RESERVE	Satoru JZ
ref	c46ef9d1	76861	Satoru JZ	marche	les deux verites concordent	2ff92041	VALIDE	Chisco V1
ref	c46ef9d1	88607	AphexTwinnnn	marche	les deux verites concordent	f3c1f9a8	SOUS_RESERVE	F4NTXY
ref	c46ef9d1	90008	F4NTXY	marche	les deux verites concordent	f3c1f9a8	SOUS_RESERVE	AbsoChad
ref	c46ef9d1	92994	Chisco V1	marche	les deux verites concordent	f3c1f9a8	SOUS_RESERVE	Satoru JZ
ref	c46ef9d1	98500	Satoru JZ	marche	les deux verites concordent	f3c1f9a8	SOUS_RESERVE	AbsoChad
ref	c46ef9d1	100502	AbsoChad	marche	les deux verites concordent	f3c1f9a8	SOUS_RESERVE	Nuzzles
ref	c46ef9d1	102954	Nuzzles	marche	les deux verites concordent	f3c1f9a8	SOUS_RESERVE	xATHENEUZ
ref	c46ef9d1	103655	xATHENEUZ	marche	les deux verites concordent	f3c1f9a8	SOUS_RESERVE	Constrictor Dog
ref	c46ef9d1	105958	F4NTXY	scan	les deux verites concordent	f3c1f9a8	SOUS_RESERVE	AphexTwinnnn
ref	c46ef9d1	116018	AbsoChad	marche	les deux verites concordent	f3c1f9a8	SOUS_RESERVE	Satoru JZ
ref	c46ef9d1	116068	Constrictor Dog	marche	les deux verites concordent	f3c1f9a8	SOUS_RESERVE	Chisco V1
ref	c46ef9d1	119738	Satoru JZ	marche	les deux verites concordent	da3b5ba4	VALIDE	AphexTwinnnn
ref	c46ef9d1	125611	Chisco V1	marche	les deux verites concordent	f3c1f9a8	SOUS_RESERVE	F4NTXY
ref	c46ef9d1	130716	xATHENEUZ	marche	les deux verites concordent	f3c1f9a8	SOUS_RESERVE	Nuzzles
ref	c46ef9d1	142779	AbsoChad	marche	les deux verites concordent	f3c1f9a8	SOUS_RESERVE	Nuzzles
ref	c46ef9d1	143279	F4NTXY	marche	les deux verites concordent	f3c1f9a8	SOUS_RESERVE	Chisco V1
ref	c46ef9d1	147399	Nuzzles	marche	les deux verites concordent	daa03c35	VALIDE	Chisco V1
ref	c46ef9d1	152671	Constrictor Dog	marche	les deux verites concordent	daa03c35	VALIDE	Chisco V1
ref	c46ef9d1	155491	Chisco V1	marche	les deux verites concordent	f3c1f9a8	SOUS_RESERVE	Satoru JZ
ref	c46ef9d1	159110	F4NTXY	marche	les deux verites concordent	da3b5ba4	VALIDE	xATHENEUZ
ref	c46ef9d1	164417	AphexTwinnnn	marche	les deux verites concordent	f3c1f9a8	SOUS_RESERVE	Satoru JZ
ref	c46ef9d1	174778	xATHENEUZ	marche	les deux verites concordent	f3c1f9a8	SOUS_RESERVE	Satoru JZ
ref	c46ef9d1	179664	Nuzzles	marche	les deux verites concordent	da3b5ba4	VALIDE	AbsoChad
ref	c46ef9d1	180583	F4NTXY	marche	les deux verites concordent	f3c1f9a8	SOUS_RESERVE	AphexTwinnnn
ref	c46ef9d1	188491	Satoru JZ	marche	les deux verites concordent	f3c1f9a8	SOUS_RESERVE	AbsoChad
ref	c46ef9d1	199502	Constrictor Dog	marche	les deux verites concordent	2ff92041	VALIDE	Chisco V1
ref	c46ef9d1	200987	F4NTXY	marche	les deux verites concordent	2ff92041	VALIDE	AphexTwinnnn
ref	c46ef9d1	200988	AphexTwinnnn	marche	les deux verites concordent	2ff92041	VALIDE	F4NTXY
ref	c46ef9d1	207560	Nuzzles	marche	les deux verites concordent	f3c1f9a8	SOUS_RESERVE	Chisco V1
ref	c46ef9d1	214066	AbsoChad	marche	les deux verites concordent	f3c1f9a8	SOUS_RESERVE	Constrictor Dog
ref	c46ef9d1	219622	Satoru JZ	marche	les deux verites concordent	f3c1f9a8	SOUS_RESERVE	Chisco V1
ref	c46ef9d1	226463	AphexTwinnnn	marche	les deux verites concordent	0000d627	VALIDE	Constrictor Dog
ref	c46ef9d1	231635	AbsoChad	marche	les deux verites concordent	daa03c35	VALIDE	Nuzzles
ref	c46ef9d1	241095	Constrictor Dog	marche	les deux verites concordent	f3c1f9a8	SOUS_RESERVE	xATHENEUZ
ref	c46ef9d1	243331	xATHENEUZ	marche	les deux verites concordent	f3c1f9a8	SOUS_RESERVE	F4NTXY
ref	c46ef9d1	244248	Satoru JZ	marche	les deux verites concordent	f3c1f9a8	SOUS_RESERVE	Chisco V1
ref	c46ef9d1	246784	Chisco V1	marche	les deux verites concordent	f3c1f9a8	SOUS_RESERVE	Nuzzles
ref	c46ef9d1	246934	Nuzzles	marche	les deux verites concordent	f3c1f9a8	SOUS_RESERVE	AphexTwinnnn
ref	c46ef9d1	260782	Constrictor Dog	marche	les deux verites concordent	f3c1f9a8	SOUS_RESERVE	AbsoChad
ref	c46ef9d1	266471	F4NTXY	marche	les deux verites concordent	f3c1f9a8	SOUS_RESERVE	Chisco V1
ref	c46ef9d1	270291	Nuzzles	marche	les deux verites concordent	f3c1f9a8	SOUS_RESERVE	AbsoChad
ref	c46ef9d1	277882	Constrictor Dog	marche	les deux verites concordent	2ff92041	VALIDE	AphexTwinnnn
ref	c46ef9d1	278249	Satoru JZ	marche	les deux verites concordent	daa03c35	VALIDE	AbsoChad
ref	c46ef9d1	279049	Chisco V1	marche	les deux verites concordent	da3b5ba4	VALIDE	Satoru JZ
ref	c46ef9d1	282387	AphexTwinnnn	marche	les deux verites concordent	f3c1f9a8	SOUS_RESERVE	Nuzzles
ref	c46ef9d1	289711	F4NTXY	marche	les deux verites concordent	f3c1f9a8	SOUS_RESERVE	AbsoChad
ref	c46ef9d1	295834	xATHENEUZ	marche	les deux verites concordent	f3c1f9a8	SOUS_RESERVE	Nuzzles
ref	c46ef9d1	299470	Chisco V1	marche	les deux verites concordent	2ff92041	VALIDE	Constrictor Dog
ref	c46ef9d1	299787	AbsoChad	marche	les deux verites concordent	f3c1f9a8	SOUS_RESERVE	Nuzzles
ref	c46ef9d1	308212	AphexTwinnnn	marche	les deux verites concordent	f3c1f9a8	SOUS_RESERVE	Satoru JZ
ref	c46ef9d1	311132	Satoru JZ	marche	les deux verites concordent	f3c1f9a8	SOUS_RESERVE	xATHENEUZ
ref	c46ef9d1	314635	xATHENEUZ	marche	les deux verites concordent	f3c1f9a8	SOUS_RESERVE	Nuzzles
ref	c46ef9d1	315586	AbsoChad	marche	les deux verites concordent	f3c1f9a8	SOUS_RESERVE	Constrictor Dog
ref	c46ef9d1	315669	Chisco V1	marche	les deux verites concordent	da3b5ba4	VALIDE	F4NTXY
ref	c46ef9d1	328700	F4NTXY	marche	les deux verites concordent	f3c1f9a8	SOUS_RESERVE	AphexTwinnnn
ref	c46ef9d1	330935	AphexTwinnnn	marche	les deux verites concordent	f3c1f9a8	SOUS_RESERVE	Satoru JZ
ref	c46ef9d1	331653	Satoru JZ	marche	les deux verites concordent	f3c1f9a8	SOUS_RESERVE	xATHENEUZ
ref	c46ef9d1	340411	Nuzzles	marche	les deux verites concordent	f3c1f9a8	SOUS_RESERVE	AbsoChad
ref	c46ef9d1	345583	Chisco V1	marche	les deux verites concordent	daa03c35	VALIDE	F4NTXY
ref	c46ef9d1	349404	F4NTXY	marche	les deux verites concordent	f3c1f9a8	SOUS_RESERVE	xATHENEUZ
ref	c46ef9d1	350338	AbsoChad	marche	les deux verites concordent	f3c1f9a8	SOUS_RESERVE	Satoru JZ
ref	c46ef9d1	351222	Satoru JZ	marche	les deux verites concordent	f3c1f9a8	SOUS_RESERVE	AphexTwinnnn
ref	c46ef9d1	367055	AphexTwinnnn	marche	les deux verites concordent	0000b29c	SOUS_RESERVE	Constrictor Dog
ref	c46ef9d1	367388	Satoru JZ	scan	les deux verites concordent	daa03c35	VALIDE	AbsoChad
ref	c46ef9d1	367606	Chisco V1	marche	les deux verites concordent	0000b29c	SOUS_RESERVE	Constrictor Dog
ref	c46ef9d1	369374	F4NTXY	marche	les deux verites concordent	f3c1f9a8	SOUS_RESERVE	AbsoChad
ref	c46ef9d1	373912	Nuzzles	marche	les deux verites concordent	f3c1f9a8	SOUS_RESERVE	AbsoChad
ref	c46ef9d1	378600	Constrictor Dog	marche	les deux verites concordent	f3c1f9a8	SOUS_RESERVE	xATHENEUZ
ref	c46ef9d1	398388	Chisco V1	scan	les deux verites concordent	da3b5ba4	VALIDE	F4NTXY
ref	c46ef9d1	404546	Satoru JZ	scan	les deux verites concordent	f3c1f9a8	SOUS_RESERVE	AphexTwinnnn
ref	c46ef9d1	407131	AphexTwinnnn	scan	les deux verites concordent	f3c1f9a8	SOUS_RESERVE	F4NTXY
ref	c46ef9d1	416591	AbsoChad	scan	les deux verites concordent	f3c1f9a8	SOUS_RESERVE	Nuzzles
ref	c46ef9d1	418059	Constrictor Dog	scan	les deux verites concordent	daa03c35	VALIDE	xATHENEUZ
ref	c46ef9d1	422614	Chisco V1	scan	les deux verites concordent	2ff92041	VALIDE	Nuzzles
ref	c46ef9d1	423030	F4NTXY	scan	les deux verites concordent	2ff92041	VALIDE	xATHENEUZ
ref	c46ef9d1	423032	xATHENEUZ	scan	les deux verites concordent	2ff92041	VALIDE	F4NTXY
ref	c46ef9d1	430471	Satoru JZ	scan	les deux verites concordent	f3c1f9a8	SOUS_RESERVE	AphexTwinnnn
ref	c46ef9d1	439447	F4NTXY	scan	les deux verites concordent	daa03c35	VALIDE	AbsoChad
ref	c46ef9d1	442600	Chisco V1	scan	les deux verites concordent	0000b29c	SOUS_RESERVE	Nuzzles
ref	c46ef9d1	445503	Nuzzles	scan	les deux verites concordent	f3c1f9a8	SOUS_RESERVE	xATHENEUZ
ref	c46ef9d1	450124	AbsoChad	scan	les deux verites concordent	f3c1f9a8	SOUS_RESERVE	Satoru JZ
ref	c46ef9d1	452430	Constrictor Dog	scan	les deux verites concordent	f3c1f9a8	SOUS_RESERVE	AphexTwinnnn
ref	c46ef9d1	458416	xATHENEUZ	scan	les deux verites concordent	f3c1f9a8	SOUS_RESERVE	Satoru JZ
ref	c46ef9d1	461469	Satoru JZ	scan	les deux verites concordent	f3c1f9a8	SOUS_RESERVE	AphexTwinnnn
ref	c46ef9d1	469061	F4NTXY	scan	les deux verites concordent	f3c1f9a8	SOUS_RESERVE	AbsoChad
ref	c46ef9d1	469077	AphexTwinnnn	scan	les deux verites concordent	f3c1f9a8	SOUS_RESERVE	F4NTXY
ref	c46ef9d1	473615	Chisco V1	scan	les deux verites concordent	f3c1f9a8	SOUS_RESERVE	Nuzzles
ref	c46ef9d1	473715	Nuzzles	scan	les deux verites concordent	f3c1f9a8	SOUS_RESERVE	Chisco V1
ref	c46ef9d1	475667	AbsoChad	scan	les deux verites concordent	daa03c35	VALIDE	Constrictor Dog
ref	c46ef9d1	487964	AphexTwinnnn	scan	les deux verites concordent	f3c1f9a8	SOUS_RESERVE	F4NTXY
ref	c46ef9d1	491600	xATHENEUZ	scan	les deux verites concordent	daa03c35	VALIDE	Satoru JZ
ref	c46ef9d1	496122	Nuzzles	scan	les deux verites concordent	f3c1f9a8	SOUS_RESERVE	Chisco V1
ref	c46ef9d1	496756	F4NTXY	scan	les deux verites concordent	f3c1f9a8	SOUS_RESERVE	AbsoChad
ref	c46ef9d1	497723	Chisco V1	scan	les deux verites concordent	f3c1f9a8	SOUS_RESERVE	Satoru JZ
ref	c46ef9d1	503812	Satoru JZ	scan	les deux verites concordent	f3c1f9a8	SOUS_RESERVE	AbsoChad
ref	c46ef9d1	519094	Chisco V1	scan	les deux verites concordent	f3c1f9a8	SOUS_RESERVE	F4NTXY
ref	c46ef9d1	522348	F4NTXY	scan	les deux verites concordent	f3c1f9a8	SOUS_RESERVE	xATHENEUZ
ref	c46ef9d1	524049	xATHENEUZ	scan	les deux verites concordent	da3b5ba4	VALIDE	Nuzzles
ref	c46ef9d1	524200	AbsoChad	scan	les deux verites concordent	f3c1f9a8	SOUS_RESERVE	Satoru JZ
ref	c46ef9d1	530289	AphexTwinnnn	scan	les deux verites concordent	f3c1f9a8	SOUS_RESERVE	Satoru JZ
ref	c46ef9d1	542502	Chisco V1	scan	les deux verites concordent	f3c1f9a8	SOUS_RESERVE	Satoru JZ
ref	c46ef9d1	543136	F4NTXY	scan	les deux verites concordent	f3c1f9a8	SOUS_RESERVE	xATHENEUZ
ref	c46ef9d1	553580	AbsoChad	scan	les deux verites concordent	f3c1f9a8	SOUS_RESERVE	Constrictor Dog
ref	c46ef9d1	554581	Constrictor Dog	scan	les deux verites concordent	f3c1f9a8	SOUS_RESERVE	AphexTwinnnn
ref	c46ef9d1	555899	Satoru JZ	scan	les deux verites concordent	f3c1f9a8	SOUS_RESERVE	xATHENEUZ
ref	c46ef9d1	569696	xATHENEUZ	scan	les deux verites concordent	f3c1f9a8	SOUS_RESERVE	Nuzzles
ref	c46ef9d1	572566	Satoru JZ	scan	les deux verites concordent	f3c1f9a8	SOUS_RESERVE	Chisco V1
ref	c46ef9d1	575502	F4NTXY	scan	les deux verites concordent	f3c1f9a8	SOUS_RESERVE	AphexTwinnnn
ref	c46ef9d1	577287	AbsoChad	scan	les deux verites concordent	f3c1f9a8	SOUS_RESERVE	Nuzzles
ref	c46ef9d1	584595	Chisco V1	scan	les deux verites concordent	f3c1f9a8	SOUS_RESERVE	Satoru JZ
ref	c46ef9d1	586130	Nuzzles	scan	les deux verites concordent	f3c1f9a8	SOUS_RESERVE	xATHENEUZ
ref	c46ef9d1	588949	AphexTwinnnn	scan	les deux verites concordent	f3c1f9a8	SOUS_RESERVE	Satoru JZ
ref	c46ef9d1	590451	F4NTXY	scan	les deux verites concordent	f3c1f9a8	SOUS_RESERVE	xATHENEUZ
ref	c46ef9d1	595154	xATHENEUZ	scan	les deux verites concordent	da3b5ba4	VALIDE	Constrictor Dog
ref	c46ef9d1	597558	Satoru JZ	scan	les deux verites concordent	f3c1f9a8	SOUS_RESERVE	AbsoChad
ref	c46ef9d1	605966	AbsoChad	scan	les deux verites concordent	f3c1f9a8	SOUS_RESERVE	Constrictor Dog
ref	c46ef9d1	609637	Constrictor Dog	scan	les deux verites concordent	f3c1f9a8	SOUS_RESERVE	Chisco V1
ref	c46ef9d1	609719	xATHENEUZ	scan	les deux verites concordent	daa03c35	VALIDE	F4NTXY
ref	c46ef9d1	614491	Nuzzles	scan	les deux verites concordent	f3c1f9a8	SOUS_RESERVE	AphexTwinnnn
ref	c46ef9d1	617761	Satoru JZ	scan	les deux verites concordent	f3c1f9a8	SOUS_RESERVE	Chisco V1
ref	c46ef9d1	622633	Chisco V1	scan	les deux verites concordent	f3c1f9a8	SOUS_RESERVE	F4NTXY
ref	c46ef9d1	625903	F4NTXY	scan	les deux verites concordent	f3c1f9a8	SOUS_RESERVE	AbsoChad
ref	c46ef9d1	630658	AbsoChad	scan	les deux verites concordent	f3c1f9a8	SOUS_RESERVE	Nuzzles
ref	c46ef9d1	631976	xATHENEUZ	scan	les deux verites concordent	f3c1f9a8	SOUS_RESERVE	Satoru JZ
ref	c46ef9d1	642003	AphexTwinnnn	scan	les deux verites concordent	da3b5ba4	VALIDE	Constrictor Dog
ref	c46ef9d1	646239	Constrictor Dog	scan	les deux verites concordent	f3c1f9a8	SOUS_RESERVE	Chisco V1
ref	c46ef9d1	651745	Satoru JZ	scan	les deux verites concordent	f3c1f9a8	SOUS_RESERVE	Chisco V1
ref	c46ef9d1	658502	Nuzzles	scan	les deux verites concordent	f3c1f9a8	SOUS_RESERVE	xATHENEUZ
ref	c46ef9d1	665509	F4NTXY	scan	les deux verites concordent	f3c1f9a8	SOUS_RESERVE	xATHENEUZ
ref	c46ef9d1	674269	AphexTwinnnn	scan	les deux verites concordent	f3c1f9a8	SOUS_RESERVE	Nuzzles
ref	c46ef9d1	679257	Chisco V1	scan	les deux verites concordent	2ff92041	VALIDE	Satoru JZ
ref	c46ef9d1	681726	xATHENEUZ	scan	les deux verites concordent	f3c1f9a8	SOUS_RESERVE	Constrictor Dog
ref	c46ef9d1	692237	AbsoChad	scan	les deux verites concordent	f3c1f9a8	SOUS_RESERVE	Nuzzles
ref	c46ef9d1	695990	Nuzzles	scan	les deux verites concordent	f3c1f9a8	SOUS_RESERVE	AphexTwinnnn
ref	c46ef9d1	699711	Chisco V1	scan	les deux verites concordent	f3c1f9a8	SOUS_RESERVE	F4NTXY
ref	c46ef9d1	701428	F4NTXY	scan	les deux verites concordent	00404748	VALIDE	AphexTwinnnn
ref	c46ef9d1	702897	AphexTwinnnn	scan	les deux verites concordent	f3c1f9a8	SOUS_RESERVE	Constrictor Dog
ref	c46ef9d1	711172	Satoru JZ	scan	les deux verites concordent	f3c1f9a8	SOUS_RESERVE	xATHENEUZ
ref	c46ef9d1	716711	xATHENEUZ	scan	les deux verites concordent	daa03c35	VALIDE	Constrictor Dog
ref	c46ef9d1	723017	Chisco V1	scan	les deux verites concordent	f3c1f9a8	SOUS_RESERVE	Constrictor Dog
ref	c46ef9d1	723752	Nuzzles	scan	les deux verites concordent	f3c1f9a8	SOUS_RESERVE	AbsoChad
ref	c46ef9d1	728357	AbsoChad	scan	les deux verites concordent	f3c1f9a8	SOUS_RESERVE	Constrictor Dog
ref	c46ef9d1	733596	AphexTwinnnn	scan	les deux verites concordent	f3c1f9a8	SOUS_RESERVE	F4NTXY
ref	c46ef9d1	733612	F4NTXY	scan	les deux verites concordent	daa03c35	VALIDE	AphexTwinnnn
ref	c46ef9d1	735129	Satoru JZ	scan	les deux verites concordent	f3c1f9a8	SOUS_RESERVE	xATHENEUZ
ref	c46ef9d1	745223	Constrictor Dog	scan	les deux verites concordent	daa03c35	VALIDE	xATHENEUZ
ref	c46ef9d1	745740	xATHENEUZ	scan	les deux verites concordent	f3c1f9a8	SOUS_RESERVE	Nuzzles
ref	c46ef9d1	754416	Satoru JZ	scan	les deux verites concordent	f3c1f9a8	SOUS_RESERVE	AbsoChad
ref	c46ef9d1	755934	AphexTwinnnn	scan	les deux verites concordent	f3c1f9a8	SOUS_RESERVE	F4NTXY
ref	c46ef9d1	757336	F4NTXY	scan	les deux verites concordent	f3c1f9a8	SOUS_RESERVE	AbsoChad
ref	c46ef9d1	778323	Constrictor Dog	scan	les deux verites concordent	f3c1f9a8	SOUS_RESERVE	AbsoChad
ref	c46ef9d1	779241	Chisco V1	scan	les deux verites concordent	da3b5ba4	VALIDE	Satoru JZ
ref	c46ef9d1	783896	AbsoChad	scan	les deux verites concordent	f3c1f9a8	SOUS_RESERVE	F4NTXY
ref	c46ef9d1	788434	AphexTwinnnn	scan	les deux verites concordent	f3c1f9a8	SOUS_RESERVE	Satoru JZ
ref	c46ef9d1	796692	xATHENEUZ	scan	les deux verites concordent	daa03c35	VALIDE	Constrictor Dog
ref	c46ef9d1	797309	Constrictor Dog	scan	les deux verites concordent	0000d627	VALIDE	xATHENEUZ
ref	c46ef9d1	802549	Chisco V1	scan	les deux verites concordent	f3c1f9a8	SOUS_RESERVE	Satoru JZ
ref	c46ef9d1	805835	AbsoChad	scan	les deux verites concordent	f3c1f9a8	SOUS_RESERVE	F4NTXY
ref	c46ef9d1	815945	xATHENEUZ	scan	les deux verites concordent	daa03c35	VALIDE	Nuzzles
ref	c46ef9d1	826189	AbsoChad	scan	les deux verites concordent	daa03c35	VALIDE	Satoru JZ
ref	c46ef9d1	830376	F4NTXY	scan	les deux verites concordent	f3c1f9a8	SOUS_RESERVE	xATHENEUZ
ref	c46ef9d1	831610	Constrictor Dog	scan	les deux verites concordent	daa03c35	VALIDE	Chisco V1
ref	c46ef9d1	833279	Chisco V1	scan	les deux verites concordent	f3c1f9a8	SOUS_RESERVE	Satoru JZ
ref	c46ef9d1	840520	xATHENEUZ	scan	les deux verites concordent	000027cc	VALIDE	Nuzzles
ref	c46ef9d1	843523	Satoru JZ	scan	les deux verites concordent	f3c1f9a8	SOUS_RESERVE	AbsoChad
ref	c46ef9d1	846575	Nuzzles	scan	les deux verites concordent	daa03c35	VALIDE	AphexTwinnnn
ref	c46ef9d1	846642	AphexTwinnnn	scan	les deux verites concordent	daa03c35	VALIDE	Nuzzles
ref	c46ef9d1	857537	Chisco V1	scan	les deux verites concordent	f3c1f9a8	SOUS_RESERVE	F4NTXY
ref	c46ef9d1	862441	AbsoChad	scan	les deux verites concordent	daa03c35	VALIDE	F4NTXY
ref	c46ef9d1	866746	AphexTwinnnn	scan	les deux verites concordent	2ff92041	VALIDE	Constrictor Dog
ref	c46ef9d1	866996	xATHENEUZ	scan	les deux verites concordent	daa03c35	VALIDE	Nuzzles
ref	c46ef9d1	879108	Chisco V1	scan	les deux verites concordent	f3c1f9a8	SOUS_RESERVE	Nuzzles
ref	c46ef9d1	881011	Nuzzles	scan	les deux verites concordent	f3c1f9a8	SOUS_RESERVE	AbsoChad
ref	c46ef9d1	885464	Constrictor Dog	scan	les deux verites concordent	da3b5ba4	VALIDE	AphexTwinnnn
ref	c46ef9d1	891087	Satoru JZ	scan	les deux verites concordent	f3c1f9a8	SOUS_RESERVE	AphexTwinnnn
ref	c46ef9d1	896176	AbsoChad	scan	les deux verites concordent	f3c1f9a8	SOUS_RESERVE	F4NTXY
ref	c46ef9d1	897994	F4NTXY	scan	les deux verites concordent	f3c1f9a8	SOUS_RESERVE	AphexTwinnnn
ref	c46ef9d1	900931	xATHENEUZ	scan	les deux verites concordent	f3c1f9a8	SOUS_RESERVE	Nuzzles
ref	c46ef9d1	908271	AphexTwinnnn	scan	les deux verites concordent	f3c1f9a8	SOUS_RESERVE	Constrictor Dog
ref	c46ef9d1	915312	AbsoChad	scan	les deux verites concordent	f3c1f9a8	SOUS_RESERVE	Constrictor Dog
ref	c46ef9d1	917064	Constrictor Dog	scan	les deux verites concordent	f3c1f9a8	SOUS_RESERVE	Chisco V1
ref	c46ef9d1	919266	Nuzzles	scan	les deux verites concordent	f3c1f9a8	SOUS_RESERVE	xATHENEUZ
ref	c46ef9d1	920200	Chisco V1	scan	les deux verites concordent	2ff92041	VALIDE	Satoru JZ
ref	c46ef9d1	921885	xATHENEUZ	scan	les deux verites concordent	f3c1f9a8	SOUS_RESERVE	F4NTXY
ref	c46ef9d1	924904	Satoru JZ	scan	les deux verites concordent	f3c1f9a8	SOUS_RESERVE	AphexTwinnnn
ref	c46ef9d1	938518	Nuzzles	scan	les deux verites concordent	f3c1f9a8	SOUS_RESERVE	AbsoChad
ref	c46ef9d1	941705	Chisco V1	scan	les deux verites concordent	f3c1f9a8	SOUS_RESERVE	Constrictor Dog
ref	c46ef9d1	947027	AphexTwinnnn	scan	les deux verites concordent	f3c1f9a8	SOUS_RESERVE	F4NTXY
ref	c46ef9d1	948145	AbsoChad	scan	les deux verites concordent	f3c1f9a8	SOUS_RESERVE	Satoru JZ
ref	c46ef9d1	957703	xATHENEUZ	scan	les deux verites concordent	daa03c35	VALIDE	Nuzzles
ref	c46ef9d1	966630	F4NTXY	scan	les deux verites concordent	2ff92041	VALIDE	AphexTwinnnn
ref	c46ef9d1	968048	Satoru JZ	scan	les deux verites concordent	f3c1f9a8	SOUS_RESERVE	Chisco V1
ref	c46ef9d1	974938	Chisco V1	scan	les deux verites concordent	f3c1f9a8	SOUS_RESERVE	Constrictor Dog
ref	c46ef9d1	978458	Nuzzles	scan	les deux verites concordent	daa03c35	VALIDE	xATHENEUZ
ref	c46ef9d1	985966	F4NTXY	scan	les deux verites concordent	f3c1f9a8	SOUS_RESERVE	AbsoChad
ref	c46ef9d1	992655	xATHENEUZ	scan	les deux verites concordent	f3c1f9a8	SOUS_RESERVE	Satoru JZ
ref	c46ef9d1	992739	Satoru JZ	scan	les deux verites concordent	f3c1f9a8	SOUS_RESERVE	AphexTwinnnn
ref	c46ef9d1	999130	Nuzzles	scan	les deux verites concordent	f3c1f9a8	SOUS_RESERVE	AphexTwinnnn
ref	c46ef9d1	1000848	AbsoChad	scan	les deux verites concordent	7ff0849c	SOUS_RESERVE	Constrictor Dog
ref	c46ef9d1	1003383	F4NTXY	scan	les deux verites concordent	f3c1f9a8	SOUS_RESERVE	AphexTwinnnn
ref	c46ef9d1	1009090	Constrictor Dog	scan	les deux verites concordent	f3c1f9a8	SOUS_RESERVE	AphexTwinnnn
ref	c46ef9d1	1013976	Satoru JZ	scan	les deux verites concordent	da3b5ba4	VALIDE	AphexTwinnnn
ref	c46ef9d1	1017097	xATHENEUZ	scan	les deux verites concordent	f3c1f9a8	SOUS_RESERVE	F4NTXY
ref	c46ef9d1	1020418	Nuzzles	scan	les deux verites concordent	f3c1f9a8	SOUS_RESERVE	AphexTwinnnn
ref	c46ef9d1	1027591	AbsoChad	scan	les deux verites concordent	f3c1f9a8	SOUS_RESERVE	F4NTXY
ref	c46ef9d1	1030077	F4NTXY	scan	les deux verites concordent	f3c1f9a8	SOUS_RESERVE	AphexTwinnnn
ref	c46ef9d1	1038753	xATHENEUZ	scan	les deux verites concordent	f3c1f9a8	SOUS_RESERVE	Constrictor Dog
ref	c46ef9d1	1039803	Satoru JZ	scan	les deux verites concordent	f3c1f9a8	SOUS_RESERVE	AphexTwinnnn
ref	c46ef9d1	1041220	AphexTwinnnn	scan	les deux verites concordent	da3b5ba4	VALIDE	Satoru JZ
ref	c46ef9d1	1041872	Chisco V1	scan	les deux verites concordent	daa03c35	VALIDE	Constrictor Dog
ref	c46ef9d1	1055436	F4NTXY	scan	les deux verites concordent	f3c1f9a8	SOUS_RESERVE	xATHENEUZ
ref	c46ef9d1	1057354	Satoru JZ	scan	les deux verites concordent	f3c1f9a8	SOUS_RESERVE	AphexTwinnnn
ref	c46ef9d1	1062593	AbsoChad	scan	les deux verites concordent	f3c1f9a8	SOUS_RESERVE	Constrictor Dog
ref	c46ef9d1	1065666	Nuzzles	scan	les deux verites concordent	f3c1f9a8	SOUS_RESERVE	AphexTwinnnn
ref	c46ef9d1	1071054	xATHENEUZ	scan	les deux verites concordent	f3c1f9a8	SOUS_RESERVE	F4NTXY
ref	c46ef9d1	1072907	F4NTXY	scan	les deux verites concordent	f3c1f9a8	SOUS_RESERVE	AphexTwinnnn
ref	c46ef9d1	1076043	Chisco V1	scan	les deux verites concordent	daa03c35	VALIDE	Constrictor Dog
ref	c46ef9d1	1079313	Satoru JZ	scan	les deux verites concordent	f3c1f9a8	SOUS_RESERVE	AbsoChad
ref	c46ef9d1	1081282	AphexTwinnnn	scan	les deux verites concordent	daa03c35	VALIDE	Nuzzles
ref	c46ef9d1	1085018	AbsoChad	scan	les deux verites concordent	daa03c35	VALIDE	Nuzzles
ref	c46ef9d1	1085435	Nuzzles	scan	les deux verites concordent	f3c1f9a8	SOUS_RESERVE	xATHENEUZ
ref	c46ef9d1	1091993	xATHENEUZ	scan	les deux verites concordent	f3c1f9a8	SOUS_RESERVE	F4NTXY
ref	c46ef9d1	1101753	Chisco V1	scan	les deux verites concordent	f3c1f9a8	SOUS_RESERVE	Constrictor Dog
ref	c46ef9d1	1106291	AbsoChad	scan	les deux verites concordent	2ff92041	VALIDE	Constrictor Dog
ref	c46ef9d1	1106293	Constrictor Dog	scan	les deux verites concordent	2ff92041	VALIDE	AbsoChad
ref	c46ef9d1	1113098	AphexTwinnnn	scan	les deux verites concordent	f3c1f9a8	SOUS_RESERVE	F4NTXY
ref	c46ef9d1	1113147	F4NTXY	scan	les deux verites concordent	f3c1f9a8	SOUS_RESERVE	AphexTwinnnn
ref	c46ef9d1	1123208	xATHENEUZ	scan	les deux verites concordent	f3c1f9a8	SOUS_RESERVE	Nuzzles
ref	c46ef9d1	1124825	Chisco V1	scan	les deux verites concordent	f3c1f9a8	SOUS_RESERVE	Nuzzles
ref	c46ef9d1	1128196	Satoru JZ	scan	les deux verites concordent	f3c1f9a8	SOUS_RESERVE	AbsoChad
ref	c46ef9d1	1138473	AbsoChad	scan	les deux verites concordent	f3c1f9a8	SOUS_RESERVE	Constrictor Dog
ref	c46ef9d1	1142911	xATHENEUZ	scan	les deux verites concordent	f3c1f9a8	SOUS_RESERVE	Satoru JZ
ref	c46ef9d1	1151903	Chisco V1	scan	les deux verites concordent	f3c1f9a8	SOUS_RESERVE	Nuzzles
ref	c46ef9d1	1154172	Constrictor Dog	scan	les deux verites concordent	daa03c35	VALIDE	AphexTwinnnn
ref	c46ef9d1	1158576	Nuzzles	scan	les deux verites concordent	f3c1f9a8	SOUS_RESERVE	AphexTwinnnn
ref	c46ef9d1	1161830	Satoru JZ	scan	les deux verites concordent	f3c1f9a8	SOUS_RESERVE	AphexTwinnnn
ref	c46ef9d1	1164165	F4NTXY	scan	les deux verites concordent	f3c1f9a8	SOUS_RESERVE	xATHENEUZ
ref	c46ef9d1	1179664	AphexTwinnnn	scan	les deux verites concordent	daa03c35	VALIDE	Nuzzles
ref	c46ef9d1	1183018	Nuzzles	scan	les deux verites concordent	f3c1f9a8	SOUS_RESERVE	xATHENEUZ
ref	c46ef9d1	1183868	xATHENEUZ	scan	les deux verites concordent	f3c1f9a8	SOUS_RESERVE	Satoru JZ
ref	c46ef9d1	1186471	AbsoChad	scan	les deux verites concordent	f3c1f9a8	SOUS_RESERVE	F4NTXY
ref	c46ef9d1	1187672	Chisco V1	scan	les deux verites concordent	f3c1f9a8	SOUS_RESERVE	Satoru JZ
ref	c46ef9d1	1187689	Satoru JZ	scan	les deux verites concordent	f3c1f9a8	SOUS_RESERVE	Chisco V1
ref	c46ef9d1	1203372	xATHENEUZ	scan	les deux verites concordent	f3c1f9a8	SOUS_RESERVE	Satoru JZ
ref	c46ef9d1	1208676	Chisco V1	scan	les deux verites concordent	daa03c35	VALIDE	F4NTXY
ref	c46ef9d1	1208893	AbsoChad	scan	les deux verites concordent	0000b29c	SOUS_RESERVE	Constrictor Dog
ref	c46ef9d1	1209828	F4NTXY	scan	les deux verites concordent	f3c1f9a8	SOUS_RESERVE	AphexTwinnnn
ref	c75f33b8	82450	Mr Painvoll	scan	les deux verites concordent	15cdba9d	VALIDE	vittelalter
ref	c75f33b8	82452	DinoR00	scan	les deux verites concordent	15cdba9d	VALIDE	vittelalter
ref	c75f33b8	86202	Hunger Hill3333	marche	source appartenant a la victime	d468178e	SOUS_RESERVE	LadyJezz
ref	c75f33b8	93912	scuderiasven	scan	les deux verites concordent	2ff92041	VALIDE	Ticsicfief
ref	c75f33b8	93914	Ticsicfief	scan	les deux verites concordent	2ff92041	VALIDE	scuderiasven
ref	c75f33b8	105705	DinoR00	marche	les deux verites concordent	d468178e	SOUS_RESERVE	LadyJezz
ref	c75f33b8	107157	Hunger Hill3333	marche	les deux verites concordent	daa03c35	VALIDE	HyperFiero078
ref	c75f33b8	108691	Ticsicfief	marche	les deux verites concordent	d468178e	SOUS_RESERVE	LadyJezz
ref	c75f33b8	135071	Mr Painvoll	scan	les deux verites concordent	15cdba9d	VALIDE	LadyJezz
ref	c75f33b8	138491	LadyJezz	scan	les deux verites concordent	da3b5ba4	VALIDE	Hunger Hill3333
ref	c75f33b8	142330	DinoR00	scan	les deux verites concordent	0000b238	SOUS_RESERVE	scuderiasven
ref	c75f33b8	154073	Hunger Hill3333	scan	les deux verites concordent	da3b5ba4	VALIDE	vittelalter
ref	c75f33b8	155075	Mr Painvoll	scan	les deux verites concordent	0000b238	SOUS_RESERVE	LadyJezz
ref	c75f33b8	175313	LadyJezz	scan	les deux verites concordent	0000b238	SOUS_RESERVE	Hunger Hill3333
ref	c75f33b8	179717	scuderiasven	scan	les deux verites concordent	0000b238	SOUS_RESERVE	Hunger Hill3333
ref	c75f33b8	183288	HyperFiero078	scan	les deux verites concordent	bb1a095b	SOUS_RESERVE	Mr Painvoll
ref	c75f33b8	187291	Hunger Hill3333	scan	les deux verites concordent	bb1a095b	SOUS_RESERVE	vittelalter
ref	c75f33b8	187341	vittelalter	scan	les deux verites concordent	bb1a095b	SOUS_RESERVE	Hunger Hill3333
ref	c75f33b8	194849	scuderiasven	scan	les deux verites concordent	000027cc	VALIDE	Sierra16Delta
ref	c75f33b8	202757	DinoR00	scan	les deux verites concordent	bb1a095b	SOUS_RESERVE	HyperFiero078
ref	c75f33b8	207577	Mr Painvoll	scan	les deux verites concordent	d468178e	SOUS_RESERVE	LadyJezz
ref	c75f33b8	207578	Sierra16Delta	scan	les deux verites concordent	d468178e	SOUS_RESERVE	LadyJezz
ref	c75f33b8	213017	HyperFiero078	scan	les deux verites concordent	0000b238	SOUS_RESERVE	Hunger Hill3333
ref	c75f33b8	219890	scuderiasven	scan	les deux verites concordent	da3b5ba4	VALIDE	DinoR00
ref	c75f33b8	221643	Hunger Hill3333	scan	les deux verites concordent	0000b238	SOUS_RESERVE	LadyJezz
ref	c75f33b8	224846	LadyJezz	scan	les deux verites concordent	2ff92041	VALIDE	DinoR00
ref	c75f33b8	224849	DinoR00	scan	les deux verites concordent	2ff92041	VALIDE	LadyJezz
ref	c75f33b8	237192	Mr Painvoll	scan	les deux verites concordent	0000b238	SOUS_RESERVE	HyperFiero078
ref	c75f33b8	244951	HyperFiero078	scan	les deux verites concordent	bb1a095b	SOUS_RESERVE	DinoR00
ref	c75f33b8	246402	Hunger Hill3333	scan	les deux verites concordent	0000b238	SOUS_RESERVE	scuderiasven
ref	c75f33b8	251540	DinoR00	scan	les deux verites concordent	15cdba9d	VALIDE	vittelalter
ref	c75f33b8	254159	Sierra16Delta	scan	les deux verites concordent	d468178e	SOUS_RESERVE	LadyJezz
ref	c75f33b8	267724	Mr Painvoll	scan	les deux verites concordent	0000b238	SOUS_RESERVE	HyperFiero078
ref	c75f33b8	271476	DinoR00	scan	les deux verites concordent	d468178e	SOUS_RESERVE	LadyJezz
ref	c75f33b8	272943	Sierra16Delta	scan	les deux verites concordent	d468178e	SOUS_RESERVE	LadyJezz
ref	c75f33b8	273394	LadyJezz	scan	les deux verites concordent	15cdba9d	VALIDE	Hunger Hill3333
ref	c75f33b8	285306	HyperFiero078	scan	les deux verites concordent	d468178e	SOUS_RESERVE	Hunger Hill3333
ref	c75f33b8	289379	Hunger Hill3333	scan	les deux verites concordent	0000b238	SOUS_RESERVE	scuderiasven
ref	c75f33b8	292949	scuderiasven	scan	les deux verites concordent	0000b238	SOUS_RESERVE	Mr Painvoll
ref	c75f33b8	293032	DinoR00	scan	les deux verites concordent	177a79ee	SOUS_RESERVE	vittelalter
ref	c75f33b8	308815	Mr Painvoll	scan	les deux verites concordent	177a79ee	SOUS_RESERVE	vittelalter
ref	c75f33b8	313036	HyperFiero078	scan	les deux verites concordent	daa03c35	VALIDE	Sierra16Delta
ref	c75f33b8	316423	Hunger Hill3333	scan	les deux verites concordent	0000b238	SOUS_RESERVE	LadyJezz
ref	c75f33b8	326884	DinoR00	scan	les deux verites concordent	bb1a095b	SOUS_RESERVE	LadyJezz
ref	c75f33b8	344668	LadyJezz	scan	les deux verites concordent	0000b238	SOUS_RESERVE	Sierra16Delta
ref	c75f33b8	345052	Hunger Hill3333	scan	les deux verites concordent	daa03c35	VALIDE	HyperFiero078
ref	c75f33b8	345419	HyperFiero078	scan	les deux verites concordent	daa03c35	VALIDE	DinoR00
ref	c75f33b8	353276	scuderiasven	scan	les deux verites concordent	2ff92041	VALIDE	DinoR00
ref	c75f33b8	353278	DinoR00	scan	les deux verites concordent	2ff92041	VALIDE	scuderiasven
ref	c75f33b8	367074	Sierra16Delta	scan	les deux verites concordent	daa03c35	VALIDE	LadyJezz
ref	c75f33b8	370528	scuderiasven	scan	les deux verites concordent	000027cc	VALIDE	Mr Painvoll
ref	c75f33b8	371928	Mr Painvoll	scan	les deux verites concordent	15cdba9d	VALIDE	vittelalter
ref	c75f33b8	374230	DinoR00	scan	les deux verites concordent	d468178e	SOUS_RESERVE	LadyJezz
ref	c75f33b8	377334	Hunger Hill3333	scan	les deux verites concordent	177a79ee	SOUS_RESERVE	HyperFiero078
ref	c75f33b8	388996	Mr Painvoll	scan	les deux verites concordent	177a79ee	SOUS_RESERVE	vittelalter
ref	c75f33b8	416959	Hunger Hill3333	scan	les deux verites concordent	15cdba9d	VALIDE	vittelalter
ref	c75f33b8	420831	Sierra16Delta	scan	les deux verites concordent	bb1a095b	SOUS_RESERVE	vittelalter
ref	c75f33b8	421982	Mr Painvoll	scan	les deux verites concordent	d468178e	SOUS_RESERVE	LadyJezz
ref	c75f33b8	424450	JGtm	scan	les deux verites concordent	d468178e	SOUS_RESERVE	LadyJezz
ref	c75f33b8	436512	Mr Painvoll	scan	les deux verites concordent	d468178e	SOUS_RESERVE	LadyJezz
ref	c75f33b8	447691	343 Robot Hoida [bot]	scan	mort de bot (absente du kill-feed)	0000b238	SOUS_RESERVE	LadyJezz
ref	d1a18847	49935	slash snack	marche	les deux verites concordent	2d2cdd58	SOUS_RESERVE	Diegox32323702
ref	d1a18847	52605	XxDarklordTxX	marche	les deux verites concordent	2d2cdd58	SOUS_RESERVE	Diegox32323702
ref	d1a18847	57393	SilentDeath8120	marche	les deux verites concordent	83225b95	SOUS_RESERVE	JGtm
ref	d1a18847	65168	XxDarklordTxX	marche	les deux verites concordent	2f9b7b5f	SOUS_RESERVE	Diegox32323702
ref	d1a18847	67886	slash snack	marche	les deux verites concordent	130c4b61	SOUS_RESERVE	xDevSERHANx
ref	d1a18847	72024	KING BRON7207	marche	les deux verites concordent	4a555df8	SOUS_RESERVE	MajinDustin
ref	d1a18847	72208	SilentDeath8120	marche	les deux verites concordent	2f9b7b5f	SOUS_RESERVE	Diegox32323702
ref	d1a18847	80432	XxDarklordTxX	marche	les deux verites concordent	2d2cdd58	SOUS_RESERVE	Diegox32323702
ref	d1a18847	86555	KING BRON7207	marche	les deux verites concordent	4a555df8	SOUS_RESERVE	MajinDustin
ref	d1a18847	88574	xDevSERHANx	marche	les deux verites concordent	eea85c26	SOUS_RESERVE	SilentDeath8120
ref	d1a18847	90426	MajinDustin	marche	les deux verites concordent	acd1cff4	SOUS_RESERVE	slash snack
ref	d1a18847	90428	Diegox32323702	marche	les deux verites concordent	acd1cff4	SOUS_RESERVE	slash snack
ref	d1a18847	95130	slash snack	marche	les deux verites concordent	4a555df8	SOUS_RESERVE	JGtm
ref	d1a18847	100571	JGtm	marche	les deux verites concordent	69fd30b9	SOUS_RESERVE	XxDarklordTxX
ref	d1a18847	100603	XxDarklordTxX	marche	les deux verites concordent	4a555df8	SOUS_RESERVE	JGtm
ref	d1a18847	103723	KING BRON7207	marche	les deux verites concordent	594095ac	SOUS_RESERVE	Diegox32323702
ref	d1a18847	115102	XxDarklordTxX	marche	les deux verites concordent	594095ac	SOUS_RESERVE	Diegox32323702
ref	d1a18847	116586	Diegox32323702	marche	les deux verites concordent	7d012346	SOUS_RESERVE	slash snack
ref	d1a18847	121341	slash snack	marche	les deux verites concordent	ba5ac78e	SOUS_RESERVE	JGtm
ref	d1a18847	126314	SilentDeath8120	marche	les deux verites concordent	f81f1a01	SOUS_RESERVE	MajinDustin
ref	d1a18847	126629	MajinDustin	marche	les deux verites concordent	eea85c26	SOUS_RESERVE	SilentDeath8120
ref	d1a18847	135722	slash snack	marche	les deux verites concordent	eea85c26	SOUS_RESERVE	Diegox32323702
ref	d1a18847	136590	Diegox32323702	marche	les deux verites concordent	594095ac	SOUS_RESERVE	KING BRON7207
ref	d1a18847	138708	JGtm	marche	les deux verites concordent	4a555df8	SOUS_RESERVE	XxDarklordTxX
ref	d1a18847	140143	KING BRON7207	marche	les deux verites concordent	4fbad006	SOUS_RESERVE	MajinDustin
ref	d1a18847	142211	MajinDustin	marche	les deux verites concordent	4a555df8	SOUS_RESERVE	XxDarklordTxX
ref	d1a18847	148553	SilentDeath8120	marche	les deux verites concordent	2f9b7b5f	SOUS_RESERVE	Diegox32323702
ref	d1a18847	153189	JGtm	marche	les deux verites concordent	4a555df8	SOUS_RESERVE	XxDarklordTxX
ref	d1a18847	155692	XxDarklordTxX	marche	les deux verites concordent	4a555df8	SOUS_RESERVE	MajinDustin
ref	d1a18847	157845	KING BRON7207	marche	les deux verites concordent	2f9b7b5f	SOUS_RESERVE	Diegox32323702
ref	d1a18847	158278	slash snack	marche	les deux verites concordent	4a555df8	SOUS_RESERVE	MajinDustin
ref	d1a18847	169455	Diegox32323702	marche	les deux verites concordent	da3b5ba4	VALIDE	XxDarklordTxX
ref	d1a18847	169924	JGtm	marche	les deux verites concordent	fc1ca9c2	SOUS_RESERVE	slash snack
ref	d1a18847	171109	XxDarklordTxX	marche	les deux verites concordent	67db304a	SOUS_RESERVE	MajinDustin
ref	d1a18847	174744	xDevSERHANx	marche	source appartenant a la victime	acd1cff4	SOUS_RESERVE	slash snack
ref	d1a18847	174746	KING BRON7207	marche	les deux verites concordent	acd1cff4	SOUS_RESERVE	xDevSERHANx
ref	d1a18847	176146	MajinDustin	marche	les deux verites concordent	bebe70df	SOUS_RESERVE	SilentDeath8120
ref	d1a18847	187308	SilentDeath8120	marche	les deux verites concordent	83225b95	SOUS_RESERVE	JGtm
ref	d1a18847	193748	xDevSERHANx	marche	les deux verites concordent	fc1ca9c2	SOUS_RESERVE	slash snack
ref	d1a18847	195416	XxDarklordTxX	marche	les deux verites concordent	7d012346	SOUS_RESERVE	MajinDustin
ref	d1a18847	198685	MajinDustin	marche	les deux verites concordent	7d012346	SOUS_RESERVE	SilentDeath8120
ref	d1a18847	208112	SilentDeath8120	marche	les deux verites concordent	7d012346	SOUS_RESERVE	JGtm
ref	d1a18847	213500	XxDarklordTxX	marche	les deux verites concordent	acd1cff4	SOUS_RESERVE	Diegox32323702
ref	d1a18847	214268	Diegox32323702	marche	les deux verites concordent	fc1ca9c2	SOUS_RESERVE	slash snack
ref	d1a18847	223711	Asesino noble	marche	les deux verites concordent	0000d627	VALIDE	MajinDustin
ref	d1a18847	224295	MajinDustin	marche	les deux verites concordent	fc1ca9c2	SOUS_RESERVE	slash snack
ref	d1a18847	225947	SilentDeath8120	marche	les deux verites concordent	7d012346	SOUS_RESERVE	JGtm
ref	d1a18847	227382	slash snack	marche	les deux verites concordent	594095ac	SOUS_RESERVE	Diegox32323702
ref	d1a18847	230584	Diegox32323702	marche	les deux verites concordent	acd1cff4	SOUS_RESERVE	XxDarklordTxX
ref	d1a18847	233270	XxDarklordTxX	marche	les deux verites concordent	59255106	VALIDE	JGtm
ref	d1a18847	239261	MajinDustin	marche	les deux verites concordent	fc1ca9c2	SOUS_RESERVE	Asesino noble
ref	d1a18847	239359	JGtm	marche	les deux verites concordent	d8cea1aa	VALIDE	Asesino noble
ref	d1a18847	242646	slash snack	marche	les deux verites concordent	2d2cdd58	SOUS_RESERVE	Diegox32323702
ref	d1a18847	250287	XxDarklordTxX	marche	les deux verites concordent	2d2cdd58	SOUS_RESERVE	Diegox32323702
ref	d1a18847	257145	slash snack	marche	les deux verites concordent	67db304a	SOUS_RESERVE	Diegox32323702
ref	d1a18847	259881	SilentDeath8120	marche	les deux verites concordent	17d6bd23	SOUS_RESERVE	JGtm
ref	d1a18847	261717	Diegox32323702	marche	les deux verites concordent	594095ac	SOUS_RESERVE	Asesino noble
ref	d1a18847	262650	Asesino noble	marche	les deux verites concordent	0000d627	VALIDE	Diegox32323702
ref	d1a18847	274345	MajinDustin	marche	les deux verites concordent	c8681ecf	VALIDE	slash snack
ref	d1a18847	276633	Diegox32323702	marche	les deux verites concordent	4fbad006	SOUS_RESERVE	Asesino noble
ref	d1a18847	290528	SilentDeath8120	marche	les deux verites concordent	da3b5ba4	VALIDE	MajinDustin
ref	d1a18847	294616	MajinDustin	marche	les deux verites concordent	17d6bd23	SOUS_RESERVE	XxDarklordTxX
ref	d1a18847	295250	Asesino noble	marche	les deux verites concordent	eea85c26	SOUS_RESERVE	Diegox32323702
ref	d1a18847	305961	SilentDeath8120	marche	les deux verites concordent	594095ac	SOUS_RESERVE	Diegox32323702
ref	d1a18847	313452	Diegox32323702	marche	les deux verites concordent	67db304a	SOUS_RESERVE	slash snack
ref	d1a18847	316220	xDevSERHANx	marche	les deux verites concordent	4a555df8	SOUS_RESERVE	Asesino noble
ref	d1a18847	317956	Asesino noble	marche	les deux verites concordent	17d6bd23	SOUS_RESERVE	JGtm
ref	d1a18847	329835	MajinDustin	marche	les deux verites concordent	594095ac	SOUS_RESERVE	Asesino noble
ref	d1a18847	332470	JGtm	marche	les deux verites concordent	13ff7bdf	SOUS_RESERVE	SilentDeath8120
ref	d1a18847	336542	Diegox32323702	marche	les deux verites concordent	594095ac	SOUS_RESERVE	Asesino noble
ref	d1a18847	344383	xDevSERHANx	marche	les deux verites concordent	594095ac	SOUS_RESERVE	Asesino noble
ref	d1a18847	346150	JGtm	marche	les deux verites concordent	4a555df8	SOUS_RESERVE	XxDarklordTxX
ref	d1a18847	348353	XxDarklordTxX	marche	les deux verites concordent	8c1a1ef4	SOUS_RESERVE	Diegox32323702
ref	d1a18847	348621	Asesino noble	marche	les deux verites concordent	67db304a	SOUS_RESERVE	MajinDustin
ref	d1a18847	349622	SilentDeath8120	marche	les deux verites concordent	f81f1a01	SOUS_RESERVE	Diegox32323702
ref	d1a18847	360682	Asesino noble	marche	les deux verites concordent	2d2cdd58	SOUS_RESERVE	Diegox32323702
ref	d1a18847	361650	Diegox32323702	marche	les deux verites concordent	17d6bd23	SOUS_RESERVE	slash snack
ref	d1a18847	365237	XxDarklordTxX	marche	les deux verites concordent	594095ac	SOUS_RESERVE	MajinDustin
ref	d1a18847	370075	MajinDustin	marche	les deux verites concordent	daa03c35	VALIDE	SilentDeath8120
ref	d1a18847	378103	JGtm	marche	les deux verites concordent	7d012346	SOUS_RESERVE	SilentDeath8120
ref	d1a18847	385975	SilentDeath8120	marche	les deux verites concordent	594095ac	SOUS_RESERVE	Diegox32323702
ref	d1a18847	390880	slash snack	marche	les deux verites concordent	594095ac	SOUS_RESERVE	Diegox32323702
ref	d1a18847	391379	Diegox32323702	marche	mort infligee par un bot (kill absent du kill-feed)	67db304a	SOUS_RESERVE	343 Nando [bot]
ref	d1a18847	396386	JGtm	marche	les deux verites concordent	17d6bd23	SOUS_RESERVE	XxDarklordTxX
ref	d1a18847	396869	343 Nando [bot]	scan	mort de bot (absente du kill-feed)	f81f1a01	SOUS_RESERVE	xDevSERHANx
ref	d1a18847	401524	xDevSERHANx	marche	les deux verites concordent	877da252	SOUS_RESERVE	SilentDeath8120
ref	d1a18847	403476	MajinDustin	marche	les deux verites concordent	17d6bd23	SOUS_RESERVE	XxDarklordTxX
ref	d1a18847	410649	Diegox32323702	marche	les deux verites concordent	bebe70df	SOUS_RESERVE	slash snack
ref	d1a18847	410852	slash snack	marche	les deux verites concordent	64ab85c4	VALIDE	Diegox32323702
ref	d1a18847	413168	JGtm	marche	les deux verites concordent	13ff7bdf	SOUS_RESERVE	XxDarklordTxX
ref	d1a18847	417973	XxDarklordTxX	marche	les deux verites concordent	594095ac	SOUS_RESERVE	MajinDustin
ref	d9781168	53577	EvilestSmile946	marche	les deux verites concordent	0000b238	SOUS_RESERVE	LadyJezz
ref	d9781168	53877	LadyJezz	marche	les deux verites concordent	bb1a095b	SOUS_RESERVE	JGtm
ref	d9781168	56480	OFB4203689	marche	les deux verites concordent	bb1a095b	SOUS_RESERVE	JGtm
ref	d9781168	61701	L0UDEN13	marche	les deux verites concordent	0000b238	SOUS_RESERVE	scuderiasven
ref	d9781168	63954	JGtm	marche	les deux verites concordent	daa03c35	VALIDE	scuderiasven
ref	d9781168	75649	DinoR00	marche	les deux verites concordent	0000b238	SOUS_RESERVE	LadyJezz
ref	d9781168	76834	EvilestSmile946	marche	les deux verites concordent	7654f890	SOUS_RESERVE	SHROOM GOD3261
ref	d9781168	86460	L0UDEN13	marche	les deux verites concordent	0000b238	SOUS_RESERVE	LadyJezz
ref	d9781168	94402	DinoR00	marche	les deux verites concordent	7654f890	SOUS_RESERVE	SHROOM GOD3261
ref	d9781168	96170	OFB4203689	marche	les deux verites concordent	bb1a095b	SOUS_RESERVE	JGtm
ref	d9781168	101641	JGtm	marche	les deux verites concordent	d468178e	SOUS_RESERVE	LadyJezz
ref	d9781168	104393	LadyJezz	marche	les deux verites concordent	da3b5ba4	VALIDE	L0UDEN13
ref	d9781168	104461	EvilestSmile946	marche	les deux verites concordent	166ba62b	SOUS_RESERVE	SHROOM GOD3261
ref	d9781168	116040	SHROOM GOD3261	scan	les deux verites concordent	2ff92041	VALIDE	DinoR00
ref	d9781168	116042	DinoR00	scan	les deux verites concordent	166ba62b	SOUS_RESERVE	SHROOM GOD3261
ref	d9781168	120926	scuderiasven	marche	source appartenant a la victime	00403594	VALIDE	JGtm
ref	d9781168	123481	OFB4203689	marche	les deux verites concordent	bb1a095b	SOUS_RESERVE	EvilestSmile946
ref	d9781168	127918	LadyJezz	marche	les deux verites concordent	bb1a095b	SOUS_RESERVE	JGtm
ref	d9781168	130187	SHROOM GOD3261	marche	les deux verites concordent	bb1a095b	SOUS_RESERVE	L0UDEN13
ref	d9781168	139030	DinoR00	marche	les deux verites concordent	0000b238	SOUS_RESERVE	scuderiasven
ref	d9781168	139496	scuderiasven	marche	les deux verites concordent	0000b238	SOUS_RESERVE	EvilestSmile946
ref	d9781168	147504	EvilestSmile946	marche	les deux verites concordent	f01d60e9	SOUS_RESERVE	SHROOM GOD3261
ref	d9781168	150692	OFB4203689	marche	les deux verites concordent	000027cc	VALIDE	L0UDEN13
ref	d9781168	151209	JGtm	marche	les deux verites concordent	0000b238	SOUS_RESERVE	LadyJezz
ref	d9781168	154145	L0UDEN13	marche	les deux verites concordent	166ba62b	SOUS_RESERVE	SHROOM GOD3261
ref	d9781168	159150	scuderiasven	marche	les deux verites concordent	177a79ee	SOUS_RESERVE	DinoR00
ref	d9781168	168142	LadyJezz	marche	les deux verites concordent	0000b238	SOUS_RESERVE	EvilestSmile946
ref	d9781168	172447	OFB4203689	marche	les deux verites concordent	bb1a095b	SOUS_RESERVE	JGtm
ref	d9781168	173414	EvilestSmile946	marche	les deux verites concordent	f01d60e9	SOUS_RESERVE	SHROOM GOD3261
ref	d9781168	174916	scuderiasven	marche	les deux verites concordent	f3c1f9a8	SOUS_RESERVE	L0UDEN13
ref	d9781168	175149	SHROOM GOD3261	marche	les deux verites concordent	daa03c35	VALIDE	JGtm
ref	d9781168	181889	L0UDEN13	marche	les deux verites concordent	0000b238	SOUS_RESERVE	LadyJezz
ref	d9781168	187996	LadyJezz	marche	les deux verites concordent	bb1a095b	SOUS_RESERVE	JGtm
ref	d9781168	190514	JGtm	marche	les deux verites concordent	0000b238	SOUS_RESERVE	OFB4203689
ref	d9781168	193267	OFB4203689	marche	les deux verites concordent	0000b238	SOUS_RESERVE	EvilestSmile946
ref	d9781168	196671	SHROOM GOD3261	marche	les deux verites concordent	0000b238	SOUS_RESERVE	EvilestSmile946
ref	d9781168	208717	L0UDEN13	marche	les deux verites concordent	0000b238	SOUS_RESERVE	scuderiasven
ref	d9781168	209617	EvilestSmile946	marche	les deux verites concordent	daa03c35	VALIDE	LadyJezz
ref	d9781168	217025	DinoR00	marche	les deux verites concordent	0000b238	SOUS_RESERVE	scuderiasven
ref	d9781168	245200	LadyJezz	scan	les deux verites concordent	bb1a095b	SOUS_RESERVE	JGtm
ref	d9781168	247585	OFB4203689	scan	les deux verites concordent	bb1a095b	SOUS_RESERVE	JGtm
ref	d9781168	249370	JGtm	scan	les deux verites concordent	0000b238	SOUS_RESERVE	scuderiasven
ref	d9781168	252857	scuderiasven	scan	les deux verites concordent	f3c1f9a8	SOUS_RESERVE	L0UDEN13
ref	d9781168	271376	EvilestSmile946	scan	les deux verites concordent	daa03c35	VALIDE	scuderiasven
ref	d9781168	274195	JGtm	scan	les deux verites concordent	0000b238	SOUS_RESERVE	SHROOM GOD3261
ref	d9781168	276414	L0UDEN13	scan	les deux verites concordent	daa03c35	VALIDE	SHROOM GOD3261
ref	d9781168	280536	SHROOM GOD3261	scan	les deux verites concordent	7654f890	SOUS_RESERVE	DinoR00
ref	d9781168	283888	scuderiasven	scan	les deux verites concordent	daa03c35	VALIDE	DinoR00
ref	d9781168	284821	DinoR00	scan	les deux verites concordent	d468178e	SOUS_RESERVE	LadyJezz
ref	d9781168	291729	OFB4203689	scan	les deux verites concordent	0000b238	SOUS_RESERVE	EvilestSmile946
ref	d9781168	292579	EvilestSmile946	scan	les deux verites concordent	d468178e	SOUS_RESERVE	LadyJezz
ref	d9781168	303775	LadyJezz	scan	les deux verites concordent	0000b238	SOUS_RESERVE	L0UDEN13
ref	d9781168	308113	scuderiasven	scan	les deux verites concordent	bb1a095b	SOUS_RESERVE	JGtm
ref	d9781168	316488	L0UDEN13	scan	les deux verites concordent	daa03c35	VALIDE	SHROOM GOD3261
ref	d9781168	319907	SHROOM GOD3261	scan	les deux verites concordent	c8681ecf	VALIDE	JGtm
ref	d9781168	321410	OFB4203689	scan	les deux verites concordent	0000b238	SOUS_RESERVE	EvilestSmile946
ref	d9781168	330986	JGtm	scan	les deux verites concordent	0000b238	SOUS_RESERVE	LadyJezz
ref	d9781168	333039	LadyJezz	scan	les deux verites concordent	177a79ee	SOUS_RESERVE	L0UDEN13
ref	d9781168	338811	OFB4203689	scan	les deux verites concordent	2ff92041	VALIDE	L0UDEN13
ref	d9781168	338828	scuderiasven	scan	les deux verites concordent	0000b238	SOUS_RESERVE	EvilestSmile946
ref	d9781168	342480	EvilestSmile946	scan	les deux verites concordent	d468178e	SOUS_RESERVE	SHROOM GOD3261
ref	d9781168	345935	SHROOM GOD3261	scan	les deux verites concordent	f01d60e9	SOUS_RESERVE	DinoR00
ref	d9781168	365421	scuderiasven	scan	les deux verites concordent	0000b238	SOUS_RESERVE	EvilestSmile946
ref	d9781168	367071	EvilestSmile946	scan	les deux verites concordent	da3b5ba4	VALIDE	scuderiasven
ref	d9781168	374147	OFB4203689	scan	les deux verites concordent	bb1a095b	SOUS_RESERVE	JGtm
ref	d9781168	378885	LadyJezz	scan	les deux verites concordent	177a79ee	SOUS_RESERVE	L0UDEN13
ref	d9781168	380652	SHROOM GOD3261	scan	les deux verites concordent	0000d57f	SOUS_RESERVE	DinoR00
ref	d9781168	396669	scuderiasven	scan	les deux verites concordent	daa03c35	VALIDE	DinoR00
ref	d9781168	402441	L0UDEN13	scan	les deux verites concordent	0000b238	SOUS_RESERVE	LadyJezz
ref	d9781168	407964	LadyJezz	scan	les deux verites concordent	f01d60e9	SOUS_RESERVE	DinoR00
ref	d9781168	408498	JGtm	scan	les deux verites concordent	daa03c35	VALIDE	OFB4203689
ref	d9781168	408682	OFB4203689	scan	les deux verites concordent	daa03c35	VALIDE	EvilestSmile946
ref	d9781168	412535	EvilestSmile946	scan	les deux verites concordent	0000b238	SOUS_RESERVE	SHROOM GOD3261
ref	d9781168	419909	SHROOM GOD3261	scan	les deux verites concordent	166ba62b	SOUS_RESERVE	DinoR00
ref	d9781168	421610	scuderiasven	scan	les deux verites concordent	bb1a095b	SOUS_RESERVE	JGtm
ref	d9781168	426432	LadyJezz	scan	les deux verites concordent	177a79ee	SOUS_RESERVE	L0UDEN13
ref	d9781168	430637	JGtm	scan	les deux verites concordent	daa03c35	VALIDE	OFB4203689
ref	d9781168	431487	OFB4203689	scan	les deux verites concordent	daa03c35	VALIDE	EvilestSmile946
ref	d9781168	457210	scuderiasven	scan	les deux verites concordent	f3c1f9a8	SOUS_RESERVE	L0UDEN13
ref	d9781168	458962	OFB4203689	scan	les deux verites concordent	0000b238	SOUS_RESERVE	EvilestSmile946
ref	d9781168	460780	LadyJezz	scan	les deux verites concordent	bb1a095b	SOUS_RESERVE	JGtm
ref	d9781168	464599	SHROOM GOD3261	scan	les deux verites concordent	f01d60e9	SOUS_RESERVE	DinoR00
ref	d9781168	481799	scuderiasven	scan	les deux verites concordent	f01d60e9	SOUS_RESERVE	DinoR00
ref	d9781168	487189	JGtm	scan	les deux verites concordent	0000b238	SOUS_RESERVE	OFB4203689
ref	d9781168	491627	OFB4203689	scan	les deux verites concordent	f01d60e9	SOUS_RESERVE	DinoR00
ref	d9781168	494795	L0UDEN13	scan	source appartenant a la victime	00403594	VALIDE	LadyJezz
ref	d9781168	496681	LadyJezz	scan	les deux verites concordent	d468178e	SOUS_RESERVE	EvilestSmile946
ref	d9781168	500953	SHROOM GOD3261	scan	les deux verites concordent	166ba62b	SOUS_RESERVE	DinoR00
ref	d9781168	500955	DinoR00	scan	les deux verites concordent	2ff92041	VALIDE	SHROOM GOD3261
ref	d9781168	504472	scuderiasven	scan	les deux verites concordent	0c64b43f	SOUS_RESERVE	EvilestSmile946
ref	d9781168	512314	JGtm	scan	les deux verites concordent	0000b238	SOUS_RESERVE	LadyJezz
ref	d9781168	514050	EvilestSmile946	scan	les deux verites concordent	bb1a095b	SOUS_RESERVE	SHROOM GOD3261
ref	d9781168	520239	L0UDEN13	scan	les deux verites concordent	daa03c35	VALIDE	LadyJezz
ref	d9781168	524010	OFB4203689	scan	les deux verites concordent	bb1a095b	SOUS_RESERVE	DinoR00
ref	d9781168	525646	DinoR00	scan	les deux verites concordent	0000b238	SOUS_RESERVE	SHROOM GOD3261
ref	d9781168	534638	LadyJezz	scan	les deux verites concordent	bb1a095b	SOUS_RESERVE	JGtm
ref	d9781168	534722	JGtm	scan	les deux verites concordent	daa03c35	VALIDE	scuderiasven
ref	d9781168	548751	OFB4203689	scan	les deux verites concordent	bb1a095b	SOUS_RESERVE	DinoR00
ref	d9781168	551371	JGtm	scan	les deux verites concordent	0000b238	SOUS_RESERVE	LadyJezz
ref	d9781168	551703	LadyJezz	scan	les deux verites concordent	bb1a095b	SOUS_RESERVE	DinoR00
ref	d9781168	555191	DinoR00	scan	les deux verites concordent	0000b238	SOUS_RESERVE	scuderiasven
ref	d9781168	560596	EvilestSmile946	scan	les deux verites concordent	f01d60e9	SOUS_RESERVE	SHROOM GOD3261
ref	d9781168	568689	OFB4203689	scan	les deux verites concordent	bb1a095b	SOUS_RESERVE	DinoR00
ref	d9781168	571873	L0UDEN13	scan	source appartenant a la victime	00403594	VALIDE	scuderiasven
ref	d9781168	580901	JGtm	scan	les deux verites concordent	0000b238	SOUS_RESERVE	LadyJezz
ref	d9781168	584738	EvilestSmile946	scan	les deux verites concordent	daa03c35	VALIDE	LadyJezz
ref	d9781168	590044	OFB4203689	scan	les deux verites concordent	bb1a095b	SOUS_RESERVE	DinoR00
ref	d9781168	591143	DinoR00	scan	les deux verites concordent	d468178e	SOUS_RESERVE	LadyJezz
ref	d9781168	592546	LadyJezz	scan	les deux verites concordent	7654f890	SOUS_RESERVE	L0UDEN13
ref	d9781168	608096	JGtm	scan	les deux verites concordent	f01d60e9	SOUS_RESERVE	SHROOM GOD3261
ref	d9781168	614318	L0UDEN13	scan	les deux verites concordent	166ba62b	SOUS_RESERVE	SHROOM GOD3261
ref	d9781168	618907	EvilestSmile946	scan	les deux verites concordent	166ba62b	SOUS_RESERVE	SHROOM GOD3261
ref	d9781168	618909	SHROOM GOD3261	scan	les deux verites concordent	2ff92041	VALIDE	EvilestSmile946
ref	d9781168	619441	OFB4203689	scan	les deux verites concordent	bb1a095b	SOUS_RESERVE	DinoR00
ref	d9781168	628781	JGtm	scan	les deux verites concordent	d468178e	SOUS_RESERVE	LadyJezz
ref	d9781168	634505	LadyJezz	scan	les deux verites concordent	7654f890	SOUS_RESERVE	L0UDEN13
ref	d9781168	634639	DinoR00	scan	les deux verites concordent	bb1a095b	SOUS_RESERVE	SHROOM GOD3261
ref	d9781168	636857	scuderiasven	scan	les deux verites concordent	daa03c35	VALIDE	L0UDEN13
ref	d9781168	636860	L0UDEN13	scan	les deux verites concordent	000027cc	VALIDE	scuderiasven
ref	d9781168	645166	OFB4203689	scan	les deux verites concordent	0000b238	SOUS_RESERVE	EvilestSmile946
ref	d9781168	649520	JGtm	scan	les deux verites concordent	0000b238	SOUS_RESERVE	SHROOM GOD3261
ref	d9781168	649653	SHROOM GOD3261	scan	les deux verites concordent	0000b238	SOUS_RESERVE	EvilestSmile946
ref	d9781168	651689	scuderiasven	scan	les deux verites concordent	daa03c35	VALIDE	DinoR00
ref	d9781168	655759	L0UDEN13	scan	les deux verites concordent	bb1a095b	SOUS_RESERVE	LadyJezz
ref	d9781168	659163	EvilestSmile946	scan	les deux verites concordent	daa03c35	VALIDE	LadyJezz
ref	d9781168	659165	LadyJezz	scan	les deux verites concordent	000027cc	VALIDE	EvilestSmile946
ref	d9781168	660832	OFB4203689	scan	les deux verites concordent	f01d60e9	SOUS_RESERVE	DinoR00
ref	d9781168	663868	DinoR00	scan	les deux verites concordent	0000b238	SOUS_RESERVE	SHROOM GOD3261
ref	d9781168	668088	SHROOM GOD3261	scan	les deux verites concordent	da3b5ba4	VALIDE	JGtm
ref	d9781168	671325	JGtm	scan	les deux verites concordent	0000b238	SOUS_RESERVE	scuderiasven
ref	d9781168	672710	scuderiasven	scan	les deux verites concordent	0000b238	SOUS_RESERVE	L0UDEN13
ref	d9781168	677331	EvilestSmile946	scan	les deux verites concordent	0000b238	SOUS_RESERVE	OFB4203689
ref	d9781168	682269	OFB4203689	scan	les deux verites concordent	f01d60e9	SOUS_RESERVE	DinoR00
ref	d9781168	685388	L0UDEN13	scan	source appartenant a la victime	00403594	VALIDE	LadyJezz
ref	d9781168	692730	EvilestSmile946	scan	les deux verites concordent	0000b238	SOUS_RESERVE	LadyJezz
ref	d9781168	695250	scuderiasven	scan	les deux verites concordent	bb1a095b	SOUS_RESERVE	JGtm
ref	d9781168	697569	JGtm	scan	les deux verites concordent	0000b238	SOUS_RESERVE	LadyJezz
ref	d9781168	698184	LadyJezz	scan	les deux verites concordent	0000d627	VALIDE	DinoR00
ref	d9781168	705358	L0UDEN13	scan	source appartenant a la victime	da3b5ba4	VALIDE	SHROOM GOD3261
ref	d9781168	709129	DinoR00	scan	les deux verites concordent	0000d57f	SOUS_RESERVE	SHROOM GOD3261
ref	d9781168	713835	scuderiasven	scan	les deux verites concordent	0000b238	SOUS_RESERVE	EvilestSmile946
ref	d9781168	713851	EvilestSmile946	scan	les deux verites concordent	0000b238	SOUS_RESERVE	LadyJezz
ref	e5adf7b2	64430	Goldenarrow5208	marche	les deux verites concordent	7654f890	SOUS_RESERVE	MAREZ7781
ref	e5adf7b2	69235	Madina97294	marche	les deux verites concordent	ef5d9e6c	SOUS_RESERVE	angieTV8825
ref	e5adf7b2	70838	CruelWhale57	marche	les deux verites concordent	f3c1f9a8	SOUS_RESERVE	dgaither91
ref	e5adf7b2	71304	TeemingTag76799	marche	les deux verites concordent	59255106	VALIDE	CruelWhale57
ref	e5adf7b2	72238	angieTV8825	marche	les deux verites concordent	f3c1f9a8	SOUS_RESERVE	dgaither91
ref	e5adf7b2	73840	dgaither91	marche	les deux verites concordent	8b1f83ee	SOUS_RESERVE	Haritosdcbolla
ref	e5adf7b2	73842	Jol 7792	marche	les deux verites concordent	ef5d9e6c	SOUS_RESERVE	Trippi Arts
ref	e5adf7b2	75073	Haritosdcbolla	marche	les deux verites concordent	daa03c35	VALIDE	HugoSykes117
ref	e5adf7b2	77774	LOCUTU5	marche	les deux verites concordent	130c4b61	SOUS_RESERVE	HardCandy79
ref	e5adf7b2	78648	PndTwnXpress	marche	les deux verites concordent	5e389b5d	VALIDE	MasterSkeetr
ref	e5adf7b2	81612	SAMURAY8929	marche	les deux verites concordent	00404748	VALIDE	MAREZ7781
ref	e5adf7b2	89920	EvilIiJokevc	scan	les deux verites concordent	59255106	VALIDE	Rancid v5or6
ref	e5adf7b2	94729	HardCandy79	marche	les deux verites concordent	d468178e	SOUS_RESERVE	Madina97294
ref	e5adf7b2	95362	YELDARB55	marche	les deux verites concordent	1f11df6b	SOUS_RESERVE	Rancid v5or6
ref	e5adf7b2	97227	Goldenarrow5208	marche	les deux verites concordent	0000d57f	SOUS_RESERVE	CruelWhale57
ref	e5adf7b2	97728	Haritosdcbolla	marche	les deux verites concordent	d468178e	SOUS_RESERVE	HugoSykes117
ref	e5adf7b2	97730	CruelWhale57	marche	les deux verites concordent	d468178e	SOUS_RESERVE	HugoSykes117
ref	e5adf7b2	98164	angieTV8825	marche	les deux verites concordent	7ff0849c	SOUS_RESERVE	MasterSkeetr
ref	e5adf7b2	113380	Lamuerte28976	marche	les deux verites concordent	35e75533	SOUS_RESERVE	EvilIiJokevc
ref	e5adf7b2	115921	EvilIiJokevc	marche	les deux verites concordent	59255106	VALIDE	SAMURAY8929
ref	e5adf7b2	116922	MAREZ7781	marche	les deux verites concordent	59255106	VALIDE	SAMURAY8929
ref	e5adf7b2	117284	HardCandy79	marche	les deux verites concordent	ef5d9e6c	SOUS_RESERVE	LogisticSnow520
ref	e5adf7b2	117548	PndTwnXpress	marche	les deux verites concordent	59255106	VALIDE	SAMURAY8929
ref	e5adf7b2	117686	Jol 7792	marche	les deux verites concordent	ef5d9e6c	SOUS_RESERVE	Trippi Arts
ref	e5adf7b2	118752	Haritosdcbolla	marche	les deux verites concordent	7ff0849c	SOUS_RESERVE	MasterSkeetr
ref	e5adf7b2	119717	LogisticSnow520	marche	les deux verites concordent	d468178e	SOUS_RESERVE	YELDARB55
ref	e5adf7b2	122023	angieTV8825	marche	les deux verites concordent	7ff0849c	SOUS_RESERVE	MasterSkeetr
ref	e5adf7b2	123056	ART THECLOWN394	marche	les deux verites concordent	8b1f83ee	SOUS_RESERVE	SAMURAY8929
ref	e5adf7b2	124526	Trippi Arts	marche	les deux verites concordent	e1f38ea2	SOUS_RESERVE	LOCUTU5
ref	e5adf7b2	135967	TeemingTag76799	marche	les deux verites concordent	8add9998	SOUS_RESERVE	HardCandy79
ref	e5adf7b2	136839	CruelWhale57	scan	les deux verites concordent	d468178e	SOUS_RESERVE	TeemingTag76799
ref	e5adf7b2	137474	JunkGlobe569691	marche	les deux verites concordent	d468178e	SOUS_RESERVE	HugoSykes117
ref	e5adf7b2	137941	Goldenarrow5208	marche	les deux verites concordent	d468178e	SOUS_RESERVE	YELDARB55
ref	e5adf7b2	144513	SAMURAY8929	marche	les deux verites concordent	d468178e	SOUS_RESERVE	YELDARB55
ref	e5adf7b2	145613	YELDARB55	scan	les deux verites concordent	bb1a095b	SOUS_RESERVE	Madina97294
ref	e5adf7b2	146044	LogisticSnow520	marche	les deux verites concordent	130c4b61	SOUS_RESERVE	PndTwnXpress
ref	e5adf7b2	146517	Haritosdcbolla	marche	les deux verites concordent	d468178e	SOUS_RESERVE	HugoSykes117
ref	e5adf7b2	147248	AGROZON	marche	les deux verites concordent	1f11df6b	SOUS_RESERVE	MasterSkeetr
ref	e5adf7b2	148582	dgaither91	marche	les deux verites concordent	35e75533	SOUS_RESERVE	EvilIiJokevc
ref	e5adf7b2	151952	MAREZ7781	marche	les deux verites concordent	bb1a095b	SOUS_RESERVE	Madina97294
ref	e5adf7b2	153851	MasterSkeetr	marche	les deux verites concordent	f01d60e9	SOUS_RESERVE	ART THECLOWN394
ref	e5adf7b2	158326	LOCUTU5	marche	les deux verites concordent	0000b238	SOUS_RESERVE	Trippi Arts
ref	e5adf7b2	158456	Jol 7792	marche	les deux verites concordent	d468178e	SOUS_RESERVE	HardCandy79
ref	e5adf7b2	160095	Madina97294	marche	les deux verites concordent	35e75533	SOUS_RESERVE	EvilIiJokevc
ref	e5adf7b2	165931	Rancid v5or6	marche	les deux verites concordent	130c4b61	SOUS_RESERVE	AGROZON
ref	e5adf7b2	168838	EvilIiJokevc	marche	les deux verites concordent	d468178e	SOUS_RESERVE	HugoSykes117
ref	e5adf7b2	171688	TeemingTag76799	marche	les deux verites concordent	698aacdb	SOUS_RESERVE	ART THECLOWN394
ref	e5adf7b2	174321	HugoSykes117	marche	les deux verites concordent	5eaa815c	SOUS_RESERVE	YELDARB55
ref	e5adf7b2	178965	MasterSkeetr	marche	les deux verites concordent	5eaa815c	SOUS_RESERVE	YELDARB55
ref	e5adf7b2	184067	Trippi Arts	marche	les deux verites concordent	7654f890	SOUS_RESERVE	Madina97294
ref	e5adf7b2	184431	dgaither91	marche	les deux verites concordent	5eaa815c	SOUS_RESERVE	YELDARB55
ref	e5adf7b2	189442	LogisticSnow520	marche	les deux verites concordent	8add9998	SOUS_RESERVE	HardCandy79
ref	e5adf7b2	196279	SAMURAY8929	marche	les deux verites concordent	ef5d9e6c	SOUS_RESERVE	ART THECLOWN394
ref	e5adf7b2	197582	Jol 7792	marche	les deux verites concordent	7ff0849c	SOUS_RESERVE	PndTwnXpress
ref	e5adf7b2	199650	Lamuerte28976	marche	les deux verites concordent	daa03c35	VALIDE	MAREZ7781
ref	e5adf7b2	203153	Rancid v5or6	marche	les deux verites concordent	0000b238	SOUS_RESERVE	JunkGlobe569691
ref	e5adf7b2	205059	LOCUTU5	marche	les deux verites concordent	e1f38ea2	SOUS_RESERVE	MAREZ7781
ref	e5adf7b2	205455	Goldenarrow5208	marche	les deux verites concordent	ef5d9e6c	SOUS_RESERVE	ART THECLOWN394
ref	e5adf7b2	207287	TeemingTag76799	marche	les deux verites concordent	cf2285af	SOUS_RESERVE	Haritosdcbolla
ref	e5adf7b2	210524	MasterSkeetr	marche	les deux verites concordent	5eaa815c	SOUS_RESERVE	YELDARB55
ref	e5adf7b2	210927	Madina97294	marche	les deux verites concordent	8b1f83ee	SOUS_RESERVE	AGROZON
ref	e5adf7b2	215562	HugoSykes117	marche	les deux verites concordent	5eaa815c	SOUS_RESERVE	YELDARB55
ref	e5adf7b2	215598	YELDARB55	scan	les deux verites concordent	13ff7bdf	SOUS_RESERVE	HugoSykes117
ref	e5adf7b2	219938	ART THECLOWN394	marche	les deux verites concordent	7654f890	SOUS_RESERVE	SAMURAY8929
ref	e5adf7b2	226084	PndTwnXpress	marche	les deux verites concordent	5eaa815c	SOUS_RESERVE	Rancid v5or6
ref	e5adf7b2	226550	Rancid v5or6	marche	les deux verites concordent	ef5d9e6c	SOUS_RESERVE	MAREZ7781
ref	e5adf7b2	227084	CruelWhale57	marche	les deux verites concordent	15dcdfe3	SOUS_RESERVE	Lamuerte28976
ref	e5adf7b2	228084	LogisticSnow520	marche	les deux verites concordent	ef5d9e6c	SOUS_RESERVE	MAREZ7781
ref	e5adf7b2	234391	angieTV8825	marche	les deux verites concordent	f01d60e9	SOUS_RESERVE	LOCUTU5
ref	e5adf7b2	236928	Madina97294	marche	les deux verites concordent	130c4b61	SOUS_RESERVE	AGROZON
ref	e5adf7b2	237700	Trippi Arts	marche	les deux verites concordent	5e389b5d	VALIDE	HugoSykes117
ref	e5adf7b2	238296	Haritosdcbolla	marche	les deux verites concordent	15dcdfe3	SOUS_RESERVE	Lamuerte28976
ref	e5adf7b2	247471	HardCandy79	marche	les deux verites concordent	15dcdfe3	SOUS_RESERVE	Lamuerte28976
ref	e5adf7b2	248506	Rancid v5or6	marche	les deux verites concordent	ef5d9e6c	SOUS_RESERVE	MAREZ7781
ref	e5adf7b2	250108	Jol 7792	marche	les deux verites concordent	7ff0849c	SOUS_RESERVE	ART THECLOWN394
ref	e5adf7b2	251145	LOCUTU5	scan	les deux verites concordent	130c4b61	SOUS_RESERVE	PndTwnXpress
ref	e5adf7b2	251676	LogisticSnow520	marche	les deux verites concordent	ef5d9e6c	SOUS_RESERVE	MAREZ7781
ref	e5adf7b2	254575	dgaither91	marche	les deux verites concordent	130c4b61	SOUS_RESERVE	PndTwnXpress
ref	e5adf7b2	254711	CruelWhale57	marche	les deux verites concordent	b258262f	SOUS_RESERVE	Lamuerte28976
ref	e5adf7b2	256213	ART THECLOWN394	marche	les deux verites concordent	698aacdb	SOUS_RESERVE	Goldenarrow5208
ref	e5adf7b2	258284	Goldenarrow5208	marche	les deux verites concordent	5a4450e4	VALIDE	YELDARB55
ref	e5adf7b2	261719	YELDARB55	marche	les deux verites concordent	f3c1f9a8	SOUS_RESERVE	MasterSkeetr
ref	e5adf7b2	263520	SAMURAY8929	marche	les deux verites concordent	698aacdb	SOUS_RESERVE	JunkGlobe569691
ref	e5adf7b2	267390	JunkGlobe569691	marche	les deux verites concordent	f3c1f9a8	SOUS_RESERVE	MasterSkeetr
ref	e5adf7b2	268692	HugoSykes117	marche	les deux verites concordent	ef5d9e6c	SOUS_RESERVE	MAREZ7781
ref	e5adf7b2	268759	HardCandy79	marche	les deux verites concordent	7654f890	SOUS_RESERVE	Madina97294
ref	e5adf7b2	270660	ART THECLOWN394	marche	les deux verites concordent	7654f890	SOUS_RESERVE	Madina97294
ref	e5adf7b2	270828	LOCUTU5	marche	les deux verites concordent	7ff0849c	SOUS_RESERVE	EvilIiJokevc
ref	e5adf7b2	273628	MasterSkeetr	marche	les deux verites concordent	e1f38ea2	SOUS_RESERVE	MAREZ7781
ref	e5adf7b2	273769	Haritosdcbolla	marche	les deux verites concordent	59255106	VALIDE	Lamuerte28976
ref	e5adf7b2	276430	CruelWhale57	marche	les deux verites concordent	cf2285af	SOUS_RESERVE	Madina97294
ref	e5adf7b2	288346	Madina97294	marche	les deux verites concordent	ef5d9e6c	SOUS_RESERVE	YELDARB55
ref	e5adf7b2	288713	TeemingTag76799	marche	les deux verites concordent	130c4b61	SOUS_RESERVE	PndTwnXpress
ref	e5adf7b2	295249	angieTV8825	marche	les deux verites concordent	72230737	VALIDE	HugoSykes117
ref	e5adf7b2	297489	Rancid v5or6	marche	les deux verites concordent	15dcdfe3	SOUS_RESERVE	JunkGlobe569691
ref	e5adf7b2	298857	Goldenarrow5208	marche	les deux verites concordent	ef5d9e6c	SOUS_RESERVE	MAREZ7781
ref	e5adf7b2	299991	Lamuerte28976	marche	les deux verites concordent	ef5d9e6c	SOUS_RESERVE	YELDARB55
ref	e5adf7b2	304629	EvilIiJokevc	marche	les deux verites concordent	5f4f28f1	SOUS_RESERVE	LogisticSnow520
ref	e5adf7b2	319708	MasterSkeetr	marche	les deux verites concordent	59255106	VALIDE	ART THECLOWN394
ref	e5adf7b2	320145	CruelWhale57	marche	les deux verites concordent	5f4f28f1	SOUS_RESERVE	LogisticSnow520
ref	e5adf7b2	328386	EvilIiJokevc	marche	les deux verites concordent	b258262f	SOUS_RESERVE	LogisticSnow520
ref	e5adf7b2	329251	Madina97294	marche	les deux verites concordent	e1f38ea2	SOUS_RESERVE	MAREZ7781
ref	e5adf7b2	331154	dgaither91	marche	les deux verites concordent	ee2d686d	VALIDE	angieTV8825
ref	e5adf7b2	333760	ART THECLOWN394	marche	les deux verites concordent	0000b238	SOUS_RESERVE	Rancid v5or6
ref	e5adf7b2	334894	Goldenarrow5208	marche	les deux verites concordent	0000b29c	SOUS_RESERVE	angieTV8825
ref	e5adf7b2	335328	AGROZON	marche	les deux verites concordent	daa03c35	VALIDE	HugoSykes117
ref	e5adf7b2	338466	JunkGlobe569691	marche	les deux verites concordent	b258262f	SOUS_RESERVE	LogisticSnow520
ref	e5adf7b2	338698	SAMURAY8929	marche	les deux verites concordent	ef5d9e6c	SOUS_RESERVE	YELDARB55
ref	e5adf7b2	343836	angieTV8825	marche	les deux verites concordent	daa03c35	VALIDE	HugoSykes117
ref	e5adf7b2	348474	Haritosdcbolla	marche	les deux verites concordent	0000b29c	SOUS_RESERVE	HugoSykes117
ref	e5adf7b2	349976	AGROZON	scan	les deux verites concordent	7ff0849c	SOUS_RESERVE	Rancid v5or6
ref	e5adf7b2	350173	TeemingTag76799	marche	les deux verites concordent	e1f38ea2	SOUS_RESERVE	MAREZ7781
ref	e5adf7b2	358882	MasterSkeetr	marche	les deux verites concordent	5eaa815c	SOUS_RESERVE	ART THECLOWN394
ref	e5adf7b2	359452	ART THECLOWN394	marche	les deux verites concordent	7654f890	SOUS_RESERVE	LogisticSnow520
ref	e5adf7b2	361452	dgaither91	marche	les deux verites concordent	00404748	VALIDE	MAREZ7781
ref	e5adf7b2	362352	YELDARB55	marche	les deux verites concordent	00426796	VALIDE	Goldenarrow5208
ref	e5adf7b2	364426	angieTV8825	marche	les deux verites concordent	19bd6810	VALIDE	Lamuerte28976
ref	e5adf7b2	366195	SAMURAY8929	marche	les deux verites concordent	e1f38ea2	SOUS_RESERVE	PndTwnXpress
ref	e5adf7b2	369229	DutyClock945	marche	les deux verites concordent	daa03c35	VALIDE	HugoSykes117
ref	e5adf7b2	370567	HugoSykes117	marche	les deux verites concordent	0000d57f	SOUS_RESERVE	HardCandy79
ref	e5adf7b2	375402	AGROZON	marche	les deux verites concordent	7654f890	SOUS_RESERVE	LogisticSnow520
ref	e5adf7b2	377004	Haritosdcbolla	marche	les deux verites concordent	0000b238	SOUS_RESERVE	Madina97294
ref	e5adf7b2	378135	MAREZ7781	marche	les deux verites concordent	59255106	VALIDE	Sergio98666
ref	e5adf7b2	378370	Goldenarrow5208	marche	les deux verites concordent	e1f38ea2	SOUS_RESERVE	PndTwnXpress
ref	e5adf7b2	380006	JunkGlobe569691	marche	les deux verites concordent	0000b238	SOUS_RESERVE	Rancid v5or6
ref	e5adf7b2	382809	LogisticSnow520	marche	les deux verites concordent	15dcdfe3	SOUS_RESERVE	ART THECLOWN394
ref	e5adf7b2	382813	ART THECLOWN394	marche	les deux verites concordent	15dcdfe3	SOUS_RESERVE	LogisticSnow520
ref	e5adf7b2	384107	EvilIiJokevc	marche	les deux verites concordent	130c4b61	SOUS_RESERVE	Sergio98666
ref	e5adf7b2	394157	HardCandy79	marche	source appartenant a la victime	5eaa815c	SOUS_RESERVE	TeemingTag76799
ref	e5adf7b2	395855	angieTV8825	marche	les deux verites concordent	0000b238	SOUS_RESERVE	Rancid v5or6
ref	e5adf7b2	398826	Madina97294	marche	les deux verites concordent	0000b29c	SOUS_RESERVE	Haritosdcbolla
ref	e5adf7b2	400894	MAREZ7781	marche	les deux verites concordent	7ff0849c	SOUS_RESERVE	Rancid v5or6
ref	e5adf7b2	405231	dgaither91	marche	les deux verites concordent	698aacdb	SOUS_RESERVE	Haritosdcbolla
ref	e5adf7b2	405334	ART THECLOWN394	marche	les deux verites concordent	0bece71e	VALIDE	Lamuerte28976
ref	e5adf7b2	406533	TeemingTag76799	marche	les deux verites concordent	698aacdb	SOUS_RESERVE	PndTwnXpress
ref	e5adf7b2	407901	PndTwnXpress	marche	les deux verites concordent	5e389b5d	VALIDE	HugoSykes117
ref	e5adf7b2	408334	MasterSkeetr	marche	les deux verites concordent	ef5d9e6c	SOUS_RESERVE	DutyClock945
ref	e5adf7b2	410837	DutyClock945	marche	les deux verites concordent	0000b238	SOUS_RESERVE	Rancid v5or6
ref	e5adf7b2	421949	JunkGlobe569691	marche	les deux verites concordent	7654f890	SOUS_RESERVE	HugoSykes117
ref	e5adf7b2	423419	HardCandy79	marche	les deux verites concordent	19bd6810	VALIDE	Lamuerte28976
ref	e5adf7b2	427257	LOCUTU5	marche	les deux verites concordent	e1f38ea2	SOUS_RESERVE	EvilIiJokevc
ref	e5adf7b2	428021	Madina97294	marche	les deux verites concordent	ef5d9e6c	SOUS_RESERVE	angieTV8825
ref	e5adf7b2	428755	MAREZ7781	marche	les deux verites concordent	35e75533	SOUS_RESERVE	Goldenarrow5208
ref	e5adf7b2	429389	Goldenarrow5208	marche	les deux verites concordent	35e75533	SOUS_RESERVE	Haritosdcbolla
ref	e5adf7b2	434460	Rancid v5or6	scan	les deux verites concordent	1f11df6b	SOUS_RESERVE	AGROZON
ref	e5adf7b2	434891	ART THECLOWN394	marche	les deux verites concordent	0bece71e	VALIDE	Lamuerte28976
ref	e5adf7b2	439700	angieTV8825	marche	les deux verites concordent	7654f890	SOUS_RESERVE	HugoSykes117
ref	e5adf7b2	440402	YELDARB55	marche	les deux verites concordent	d468178e	SOUS_RESERVE	LogisticSnow520
ref	e5adf7b2	441371	EvilIiJokevc	marche	les deux verites concordent	0bece71e	VALIDE	Lamuerte28976
ref	e5adf7b2	446103	JunkGlobe569691	marche	les deux verites concordent	0bece71e	VALIDE	Lamuerte28976
ref	e5adf7b2	454784	DutyClock945	marche	les deux verites concordent	0bece71e	VALIDE	Lamuerte28976
ref	e5adf7b2	458952	PndTwnXpress	scan	les deux verites concordent	35e75533	SOUS_RESERVE	LogisticSnow520
ref	e5adf7b2	461225	TeemingTag76799	marche	les deux verites concordent	8b1f83ee	SOUS_RESERVE	MAREZ7781
ref	e5adf7b2	462823	LOCUTU5	marche	les deux verites concordent	35e75533	SOUS_RESERVE	Haritosdcbolla
ref	e5adf7b2	462921	MAREZ7781	marche	les deux verites concordent	130c4b61	SOUS_RESERVE	Sergio98666
ref	e5adf7b2	462923	HardCandy79	marche	les deux verites concordent	19bd6810	VALIDE	Lamuerte28976
ref	e5adf7b2	464026	ART THECLOWN394	marche	source appartenant a la victime	00403594	VALIDE	MasterSkeetr
ref	e5adf7b2	469499	Lamuerte28976	marche	les deux verites concordent	130c4b61	SOUS_RESERVE	angieTV8825
ref	e5adf7b2	474568	Sergio98666	marche	les deux verites concordent	698aacdb	SOUS_RESERVE	Haritosdcbolla
ref	e5adf7b2	477606	Goldenarrow5208	marche	les deux verites concordent	f3c1f9a8	SOUS_RESERVE	DutyClock945
ref	e5adf7b2	478807	Haritosdcbolla	marche	les deux verites concordent	0000b29c	SOUS_RESERVE	dgaither91
ref	e5adf7b2	479103	Madina97294	marche	les deux verites concordent	59255106	VALIDE	AGROZON
ref	e5adf7b2	481742	Rancid v5or6	marche	les deux verites concordent	daa03c35	VALIDE	EvilIiJokevc
ref	e5adf7b2	482878	DutyClock945	marche	les deux verites concordent	e1f38ea2	SOUS_RESERVE	SAMURAY8929
ref	e5adf7b2	484513	SAMURAY8929	marche	les deux verites concordent	f01d60e9	SOUS_RESERVE	PndTwnXpress
ref	e5adf7b2	486177	YELDARB55	marche	les deux verites concordent	003ce738	SOUS_RESERVE	MasterSkeetr
ref	e5adf7b2	494989	angieTV8825	marche	les deux verites concordent	daa03c35	VALIDE	LOCUTU5
ref	e5adf7b2	496655	JunkGlobe569691	marche	les deux verites concordent	003ce738	SOUS_RESERVE	MasterSkeetr
ref	e5adf7b2	497422	MasterSkeetr	marche	les deux verites concordent	130c4b61	SOUS_RESERVE	MAREZ7781
ref	e5adf7b2	498629	HugoSykes117	marche	les deux verites concordent	5eaa815c	SOUS_RESERVE	PndTwnXpress
ref	e5adf7b2	499193	TeemingTag76799	marche	les deux verites concordent	1f11df6b	SOUS_RESERVE	AGROZON
ref	e5adf7b2	499967	EvilIiJokevc	marche	les deux verites concordent	8b1f83ee	SOUS_RESERVE	Rancid v5or6
ref	e5adf7b2	500700	Sergio98666	marche	les deux verites concordent	5eaa815c	SOUS_RESERVE	ART THECLOWN394
ref	e5adf7b2	503594	dgaither91	marche	les deux verites concordent	5eaa815c	SOUS_RESERVE	PndTwnXpress
ref	e5adf7b2	504434	Goldenarrow5208	marche	les deux verites concordent	e1f38ea2	SOUS_RESERVE	ART THECLOWN394
ref	e5adf7b2	506102	LOCUTU5	marche	les deux verites concordent	5eaa815c	SOUS_RESERVE	PndTwnXpress
ref	e5adf7b2	506499	ART THECLOWN394	marche	les deux verites concordent	8b1f83ee	SOUS_RESERVE	Rancid v5or6
ref	e5adf7b2	508635	LogisticSnow520	marche	les deux verites concordent	130c4b61	SOUS_RESERVE	MAREZ7781
ref	e5adf7b2	513974	SAMURAY8929	marche	les deux verites concordent	130c4b61	SOUS_RESERVE	MAREZ7781
ref	e5adf7b2	515273	Madina97294	marche	les deux verites concordent	e1f38ea2	SOUS_RESERVE	HardCandy79
ref	e5adf7b2	520884	angieTV8825	marche	les deux verites concordent	e1f38ea2	SOUS_RESERVE	Rancid v5or6
ref	e5adf7b2	521983	MAREZ7781	scan	les deux verites concordent	15dcdfe3	SOUS_RESERVE	Lamuerte28976
ref	e5adf7b2	524050	PndTwnXpress	marche	les deux verites concordent	8b1f83ee	SOUS_RESERVE	HugoSykes117
ref	e5adf7b2	526553	Rancid v5or6	marche	les deux verites concordent	f3c1f9a8	SOUS_RESERVE	DutyClock945
ref	e5adf7b2	527185	Lamuerte28976	marche	les deux verites concordent	0000d57f	SOUS_RESERVE	YELDARB55
ref	e5adf7b2	527621	Goldenarrow5208	marche	les deux verites concordent	ef5d9e6c	SOUS_RESERVE	AGROZON
ref	e5adf7b2	529592	HugoSykes117	marche	les deux verites concordent	5eaa815c	SOUS_RESERVE	HardCandy79
ref	e5adf7b2	532323	AGROZON	marche	les deux verites concordent	ab06203c	VALIDE	LogisticSnow520
ref	e5adf7b2	537495	HardCandy79	marche	les deux verites concordent	d468178e	SOUS_RESERVE	LOCUTU5
ref	e5adf7b2	540265	MAREZ7781	marche	les deux verites concordent	d468178e	SOUS_RESERVE	MasterSkeetr
ref	e5adf7b2	540268	ART THECLOWN394	marche	les deux verites concordent	d468178e	SOUS_RESERVE	MasterSkeetr
ref	e5adf7b2	542433	Sergio98666	marche	les deux verites concordent	5eaa815c	SOUS_RESERVE	YELDARB55
ref	e5adf7b2	544306	LOCUTU5	scan	les deux verites concordent	5eaa815c	SOUS_RESERVE	YELDARB55
ref	e5adf7b2	545937	DutyClock945	marche	les deux verites concordent	d468178e	SOUS_RESERVE	MasterSkeetr
ref	e5adf7b2	548075	YELDARB55	marche	les deux verites concordent	1f11df6b	SOUS_RESERVE	dgaither91
ref	e5adf7b2	548172	MasterSkeetr	marche	les deux verites concordent	5eaa815c	SOUS_RESERVE	PndTwnXpress
ref	e5adf7b2	548239	dgaither91	marche	les deux verites concordent	0000d57f	SOUS_RESERVE	YELDARB55
ref	e60aaf06	45515	Biggreenstik	scan	les deux verites concordent	0000b238	SOUS_RESERVE	Chocoboflor
ref	e60aaf06	45546	Chocoboflor	scan	les deux verites concordent	d468178e	SOUS_RESERVE	Biggreenstik
ref	e60aaf06	49202	Random373	scan	les deux verites concordent	bb1a095b	SOUS_RESERVE	Madina97294
ref	e60aaf06	54107	Sam 0uray	marche	les deux verites concordent	bb1a095b	SOUS_RESERVE	Madina97294
ref	e60aaf06	63298	Madina97294	marche	les deux verites concordent	daa03c35	VALIDE	Obliter8r99
ref	e60aaf06	68371	Obliter8r99	marche	les deux verites concordent	daa03c35	VALIDE	Chocoboflor
ref	e60aaf06	69205	XxDaemonGamerxX	scan	les deux verites concordent	0000b238	SOUS_RESERVE	Biggreenstik
ref	e60aaf06	73610	Chocoboflor	scan	les deux verites concordent	bb1a095b	SOUS_RESERVE	Sam 0uray
ref	e60aaf06	76896	Biggreenstik	marche	les deux verites concordent	2ff92041	VALIDE	JGtm
ref	e60aaf06	86322	Random373	marche	les deux verites concordent	bb1a095b	SOUS_RESERVE	Madina97294
ref	e60aaf06	87191	XxDaemonGamerxX	marche	les deux verites concordent	0000b238	SOUS_RESERVE	Obliter8r99
ref	e60aaf06	90178	Obliter8r99	scan	les deux verites concordent	bb1a095b	SOUS_RESERVE	Chocoboflor
ref	e60aaf06	91496	JGtm	marche	les deux verites concordent	2ff92041	VALIDE	Sam 0uray
ref	e60aaf06	95149	Biggreenstik	marche	les deux verites concordent	bb1a095b	SOUS_RESERVE	Madina97294
ref	e60aaf06	96801	Sam 0uray	marche	les deux verites concordent	7654f890	SOUS_RESERVE	Madina97294
ref	e60aaf06	109898	Madina97294	scan	les deux verites concordent	bb1a095b	SOUS_RESERVE	Random373
ref	e60aaf06	110483	Chocoboflor	scan	les deux verites concordent	0000b238	SOUS_RESERVE	Biggreenstik
ref	e60aaf06	126512	Sam 0uray	marche	les deux verites concordent	da3b5ba4	VALIDE	Chocoboflor
ref	e60aaf06	133056	XxDaemonGamerxX	scan	les deux verites concordent	0000b238	SOUS_RESERVE	Biggreenstik
ref	e60aaf06	134130	Madina97294	scan	les deux verites concordent	0000b238	SOUS_RESERVE	Obliter8r99
ref	e60aaf06	136293	Obliter8r99	scan	les deux verites concordent	bb1a095b	SOUS_RESERVE	Madina97294
ref	e60aaf06	144168	JGtm	scan	les deux verites concordent	daa03c35	VALIDE	Biggreenstik
ref	e60aaf06	149433	Chocoboflor	scan	les deux verites concordent	bb1a095b	SOUS_RESERVE	Random373
ref	e60aaf06	164281	Biggreenstik	marche	les deux verites concordent	daa03c35	VALIDE	Chocoboflor
ref	e60aaf06	174584	Random373	marche	les deux verites concordent	bb1a095b	SOUS_RESERVE	Chocoboflor
ref	e60aaf06	184799	Obliter8r99	marche	les deux verites concordent	f3c1f9a8	SOUS_RESERVE	Madina97294
ref	e60aaf06	188284	JGtm	marche	les deux verites concordent	0d203522	VALIDE	Biggreenstik
ref	e60aaf06	188971	Biggreenstik	scan	les deux verites concordent	0000b238	SOUS_RESERVE	Chocoboflor
ref	e60aaf06	193974	Madina97294	marche	les deux verites concordent	0000b29c	SOUS_RESERVE	Sam 0uray
ref	e60aaf06	199364	XxDaemonGamerxX	marche	les deux verites concordent	daa03c35	VALIDE	Random373
ref	e60aaf06	201615	Chocoboflor	scan	les deux verites concordent	0000b238	SOUS_RESERVE	Obliter8r99
ref	e60aaf06	204318	Sam 0uray	scan	les deux verites concordent	0000b238	SOUS_RESERVE	JGtm
ref	e60aaf06	204886	JGtm	scan	les deux verites concordent	bb1a095b	SOUS_RESERVE	Random373
ref	e60aaf06	210107	Random373	scan	les deux verites concordent	0000b238	SOUS_RESERVE	Madina97294
ref	e60aaf06	225188	Madina97294	scan	les deux verites concordent	d468178e	SOUS_RESERVE	Biggreenstik
ref	e60aaf06	225190	Chocoboflor	scan	les deux verites concordent	d468178e	SOUS_RESERVE	Biggreenstik
ref	e60aaf06	231444	XxDaemonGamerxX	marche	les deux verites concordent	62ea636f	SOUS_RESERVE	Sam 0uray
ref	e60aaf06	239669	JGtm	marche	les deux verites concordent	d468178e	SOUS_RESERVE	Biggreenstik
ref	e60aaf06	241190	Biggreenstik	scan	les deux verites concordent	bb1a095b	SOUS_RESERVE	Chocoboflor
ref	e60aaf06	244442	Sam 0uray	marche	les deux verites concordent	ee2d686d	VALIDE	Chocoboflor
ref	e60aaf06	244693	Chocoboflor	scan	les deux verites concordent	0000b238	SOUS_RESERVE	Obliter8r99
ref	e60aaf06	248080	Obliter8r99	marche	les deux verites concordent	bb1a095b	SOUS_RESERVE	Madina97294
ref	e60aaf06	255455	JGtm	scan	les deux verites concordent	7654f890	SOUS_RESERVE	Random373
ref	e60aaf06	259459	Random373	marche	les deux verites concordent	bb1a095b	SOUS_RESERVE	Madina97294
ref	e60aaf06	267783	Madina97294	scan	les deux verites concordent	0000b238	SOUS_RESERVE	Biggreenstik
ref	e60aaf06	269034	XxDaemonGamerxX	scan	les deux verites concordent	0000b238	SOUS_RESERVE	Obliter8r99
ref	e60aaf06	276725	Chocoboflor	scan	les deux verites concordent	daa03c35	VALIDE	Obliter8r99
ref	e60aaf06	283088	JGtm	scan	les deux verites concordent	0000b238	SOUS_RESERVE	Biggreenstik
ref	e60aaf06	299437	Chocoboflor	scan	les deux verites concordent	0000b238	SOUS_RESERVE	Biggreenstik
ref	e60aaf06	302140	Biggreenstik	scan	les deux verites concordent	bb1a095b	SOUS_RESERVE	Madina97294
ref	e60aaf06	306475	JGtm	marche	les deux verites concordent	bb1a095b	SOUS_RESERVE	Random373
ref	e60aaf06	310131	XxDaemonGamerxX	scan	les deux verites concordent	bb1a095b	SOUS_RESERVE	Random373
ref	e60aaf06	321759	Sam 0uray	marche	les deux verites concordent	bb1a095b	SOUS_RESERVE	JGtm
ref	e60aaf06	323061	Biggreenstik	marche	les deux verites concordent	bb1a095b	SOUS_RESERVE	Madina97294
ref	e60aaf06	323064	JGtm	marche	les deux verites concordent	daa03c35	VALIDE	Obliter8r99
ref	e60aaf06	323176	Madina97294	scan	les deux verites concordent	0d203522	VALIDE	Biggreenstik
ref	e60aaf06	325414	Chocoboflor	scan	les deux verites concordent	0000b238	SOUS_RESERVE	Obliter8r99
ref	e60aaf06	340713	Obliter8r99	marche	les deux verites concordent	bb1a095b	SOUS_RESERVE	Madina97294
ref	e60aaf06	345066	XxDaemonGamerxX	scan	les deux verites concordent	0000b238	SOUS_RESERVE	Sam 0uray
ref	e60aaf06	350054	Random373	marche	les deux verites concordent	f3c1f9a8	SOUS_RESERVE	Madina97294
ref	e60aaf06	352858	Biggreenstik	scan	les deux verites concordent	bb1a095b	SOUS_RESERVE	Madina97294
ref	e60aaf06	369091	Random373	scan	les deux verites concordent	7654f890	SOUS_RESERVE	Madina97294
ref	e60aaf06	370425	Obliter8r99	scan	les deux verites concordent	daa03c35	VALIDE	JGtm
ref	e60aaf06	375581	Madina97294	marche	les deux verites concordent	0000b238	SOUS_RESERVE	Biggreenstik
ref	e60aaf06	376915	Biggreenstik	scan	les deux verites concordent	bb1a095b	SOUS_RESERVE	JGtm
ref	e60aaf06	382786	XxDaemonGamerxX	marche	les deux verites concordent	d468178e	SOUS_RESERVE	Sam 0uray
ref	e60aaf06	388494	Sam 0uray	marche	les deux verites concordent	bb1a095b	SOUS_RESERVE	JGtm
ref	e60aaf06	389078	JGtm	scan	les deux verites concordent	bb1a095b	SOUS_RESERVE	Random373
ref	e60aaf06	395098	Chocoboflor	marche	les deux verites concordent	d468178e	SOUS_RESERVE	Obliter8r99
ref	e60aaf06	407450	Random373	marche	les deux verites concordent	0000b238	SOUS_RESERVE	Madina97294
ref	e60aaf06	409735	JGtm	marche	les deux verites concordent	0000b238	SOUS_RESERVE	Obliter8r99
ref	e60aaf06	411037	Madina97294	scan	les deux verites concordent	0000b238	SOUS_RESERVE	Biggreenstik
ref	f75e7053	50726	R I C K6734	marche	les deux verites concordent	f3c1f9a8	SOUS_RESERVE	Nuzzles
ref	f75e7053	51910	Mirzge	marche	les deux verites concordent	f3c1f9a8	SOUS_RESERVE	c6lin
ref	f75e7053	59051	c6lin	marche	les deux verites concordent	f3c1f9a8	SOUS_RESERVE	King is Evil
ref	f75e7053	62805	Sefdy	marche	les deux verites concordent	daa03c35	VALIDE	Nuzzles
ref	f75e7053	67359	Thaidume	marche	les deux verites concordent	f3c1f9a8	SOUS_RESERVE	Mirzge
ref	f75e7053	74416	c6lin	marche	les deux verites concordent	f3c1f9a8	SOUS_RESERVE	Yet
ref	f75e7053	79521	R I C K6734	marche	les deux verites concordent	daa03c35	VALIDE	Nuzzles
ref	f75e7053	89381	Thaidume	marche	les deux verites concordent	f3c1f9a8	SOUS_RESERVE	King is Evil
ref	f75e7053	92418	R I C K6734	marche	les deux verites concordent	f3c1f9a8	SOUS_RESERVE	Nuzzles
ref	f75e7053	93368	Yet	marche	les deux verites concordent	f3c1f9a8	SOUS_RESERVE	c6lin
ref	f75e7053	94887	King is Evil	marche	les deux verites concordent	f3c1f9a8	SOUS_RESERVE	Sefdy
ref	f75e7053	98974	Mirzge	marche	les deux verites concordent	f3c1f9a8	SOUS_RESERVE	c6lin
ref	f75e7053	112387	Nuzzles	marche	les deux verites concordent	f3c1f9a8	SOUS_RESERVE	R I C K6734
ref	f75e7053	118678	c6lin	marche	les deux verites concordent	f3c1f9a8	SOUS_RESERVE	Yet
ref	f75e7053	118845	Thaidume	marche	les deux verites concordent	f3c1f9a8	SOUS_RESERVE	Mirzge
ref	f75e7053	124066	Mirzge	marche	les deux verites concordent	f3c1f9a8	SOUS_RESERVE	Sefdy
ref	f75e7053	127202	R I C K6734	marche	les deux verites concordent	f3c1f9a8	SOUS_RESERVE	Yet
ref	f75e7053	128706	Sefdy	marche	les deux verites concordent	f3c1f9a8	SOUS_RESERVE	Nuzzles
ref	f75e7053	133876	Yet	marche	les deux verites concordent	f3c1f9a8	SOUS_RESERVE	c6lin
ref	f75e7053	138964	Thaidume	marche	les deux verites concordent	f3c1f9a8	SOUS_RESERVE	King is Evil
ref	f75e7053	143368	Sefdy	marche	les deux verites concordent	f3c1f9a8	SOUS_RESERVE	Nuzzles
ref	f75e7053	144720	Nuzzles	marche	les deux verites concordent	f3c1f9a8	SOUS_RESERVE	R I C K6734
ref	f75e7053	147923	c6lin	marche	les deux verites concordent	f3c1f9a8	SOUS_RESERVE	King is Evil
ref	f75e7053	148773	Mirzge	marche	les deux verites concordent	f3c1f9a8	SOUS_RESERVE	R I C K6734
ref	f75e7053	165841	Thaidume	marche	les deux verites concordent	f3c1f9a8	SOUS_RESERVE	King is Evil
ref	f75e7053	168627	Yet	marche	les deux verites concordent	f3c1f9a8	SOUS_RESERVE	R I C K6734
ref	f75e7053	169227	R I C K6734	marche	les deux verites concordent	0000d627	VALIDE	Nuzzles
ref	f75e7053	177053	Nuzzles	marche	les deux verites concordent	f3c1f9a8	SOUS_RESERVE	Sefdy
ref	f75e7053	177069	Sefdy	marche	les deux verites concordent	f3c1f9a8	SOUS_RESERVE	Mirzge
ref	f75e7053	192368	King is Evil	marche	les deux verites concordent	f3c1f9a8	SOUS_RESERVE	R I C K6734
ref	f75e7053	194687	R I C K6734	marche	les deux verites concordent	2ff92041	VALIDE	Mirzge
ref	f75e7053	194688	Mirzge	marche	les deux verites concordent	2ff92041	VALIDE	R I C K6734
ref	f75e7053	199576	Yet	marche	les deux verites concordent	f3c1f9a8	SOUS_RESERVE	c6lin
ref	f75e7053	199892	c6lin	marche	les deux verites concordent	f3c1f9a8	SOUS_RESERVE	Nuzzles
ref	f75e7053	212722	Nuzzles	marche	les deux verites concordent	daa03c35	VALIDE	Sefdy
ref	f75e7053	214958	Thaidume	marche	les deux verites concordent	f3c1f9a8	SOUS_RESERVE	Mirzge
ref	f75e7053	220412	Mirzge	marche	les deux verites concordent	f3c1f9a8	SOUS_RESERVE	c6lin
ref	f75e7053	222448	King is Evil	marche	les deux verites concordent	f3c1f9a8	SOUS_RESERVE	R I C K6734
ref	f75e7053	227287	Yet	marche	les deux verites concordent	f3c1f9a8	SOUS_RESERVE	Sefdy
ref	f75e7053	230523	Sefdy	marche	les deux verites concordent	f3c1f9a8	SOUS_RESERVE	Nuzzles
ref	f75e7053	232241	Nuzzles	marche	les deux verites concordent	f3c1f9a8	SOUS_RESERVE	R I C K6734
ref	f75e7053	239599	Mirzge	marche	les deux verites concordent	f3c1f9a8	SOUS_RESERVE	R I C K6734
ref	f75e7053	239632	R I C K6734	marche	les deux verites concordent	f3c1f9a8	SOUS_RESERVE	Mirzge
ref	f75e7053	263790	Sefdy	marche	les deux verites concordent	f3c1f9a8	SOUS_RESERVE	Mirzge
ref	f75e7053	265259	c6lin	marche	les deux verites concordent	f3c1f9a8	SOUS_RESERVE	Nuzzles
ref	f75e7053	268278	King is Evil	marche	les deux verites concordent	f3c1f9a8	SOUS_RESERVE	Thaidume
ref	f75e7053	277020	Thaidume	marche	les deux verites concordent	f3c1f9a8	SOUS_RESERVE	Yet
ref	f75e7053	280173	Yet	marche	les deux verites concordent	f3c1f9a8	SOUS_RESERVE	R I C K6734
ref	f75e7053	280206	R I C K6734	marche	les deux verites concordent	daa03c35	VALIDE	Nuzzles
ref	f75e7053	286596	c6lin	marche	les deux verites concordent	7ff0849c	SOUS_RESERVE	Nuzzles
ref	f75e7053	303046	R I C K6734	marche	les deux verites concordent	f3c1f9a8	SOUS_RESERVE	Yet
ref	f75e7053	306433	c6lin	marche	les deux verites concordent	f3c1f9a8	SOUS_RESERVE	Yet
ref	f75e7053	309085	Thaidume	marche	les deux verites concordent	f3c1f9a8	SOUS_RESERVE	Nuzzles
ref	f75e7053	313723	Sefdy	marche	les deux verites concordent	f3c1f9a8	SOUS_RESERVE	Mirzge
ref	f75e7053	324134	c6lin	marche	les deux verites concordent	f3c1f9a8	SOUS_RESERVE	Yet
ref	f75e7053	330841	Yet	marche	les deux verites concordent	f3c1f9a8	SOUS_RESERVE	Sefdy
ref	f75e7053	331691	Sefdy	marche	les deux verites concordent	f3c1f9a8	SOUS_RESERVE	Nuzzles
ref	f75e7053	332625	R I C K6734	marche	les deux verites concordent	f3c1f9a8	SOUS_RESERVE	Mirzge
ref	f75e7053	336094	Nuzzles	marche	les deux verites concordent	da3b5ba4	VALIDE	Thaidume
ref	f75e7053	343520	Mirzge	marche	les deux verites concordent	f3c1f9a8	SOUS_RESERVE	Sefdy
ref	f75e7053	347524	c6lin	marche	les deux verites concordent	f3c1f9a8	SOUS_RESERVE	Yet
ref	f75e7053	349242	Yet	marche	les deux verites concordent	daa03c35	VALIDE	Sefdy
ref	f75e7053	349676	Thaidume	marche	les deux verites concordent	f3c1f9a8	SOUS_RESERVE	King is Evil
ref	f75e7053	353847	Sefdy	marche	les deux verites concordent	f3c1f9a8	SOUS_RESERVE	Nuzzles
ref	f75e7053	356182	R I C K6734	marche	les deux verites concordent	f3c1f9a8	SOUS_RESERVE	Nuzzles
ref	f75e7053	362389	c6lin	marche	les deux verites concordent	f3c1f9a8	SOUS_RESERVE	Mirzge
ref	f75e7053	362522	Nuzzles	marche	les deux verites concordent	f3c1f9a8	SOUS_RESERVE	Thaidume
ref	f75e7053	376536	R I C K6734	marche	les deux verites concordent	f3c1f9a8	SOUS_RESERVE	Yet
ref	f75e7053	378956	Sefdy	marche	les deux verites concordent	f3c1f9a8	SOUS_RESERVE	Nuzzles
ref	f75e7053	382059	Thaidume	marche	les deux verites concordent	f3c1f9a8	SOUS_RESERVE	Mirzge
ref	f75e7053	383960	c6lin	marche	les deux verites concordent	f3c1f9a8	SOUS_RESERVE	Yet
ref	f75e7053	399876	R I C K6734	marche	les deux verites concordent	daa03c35	VALIDE	Mirzge
ref	f75e7053	404714	Thaidume	marche	les deux verites concordent	f3c1f9a8	SOUS_RESERVE	Mirzge
ref	f75e7053	411204	c6lin	marche	les deux verites concordent	f3c1f9a8	SOUS_RESERVE	Yet
ref	f75e7053	411371	Sefdy	marche	les deux verites concordent	f3c1f9a8	SOUS_RESERVE	Mirzge
ref	f75e7053	420464	Thaidume	marche	les deux verites concordent	f3c1f9a8	SOUS_RESERVE	Mirzge
ref	f75e7053	420698	R I C K6734	marche	les deux verites concordent	f3c1f9a8	SOUS_RESERVE	Nuzzles
ref	f75e7053	427471	c6lin	marche	les deux verites concordent	7ff0849c	SOUS_RESERVE	King is Evil
ref	f75e7053	444338	King is Evil	marche	les deux verites concordent	f3c1f9a8	SOUS_RESERVE	R I C K6734
ref	f75e7053	449226	R I C K6734	marche	les deux verites concordent	f3c1f9a8	SOUS_RESERVE	Mirzge
ref	f75e7053	450695	Thaidume	marche	les deux verites concordent	f3c1f9a8	SOUS_RESERVE	Mirzge
ref	f75e7053	454030	c6lin	marche	les deux verites concordent	f3c1f9a8	SOUS_RESERVE	Yet
ref	fb1a1a72	63356	Fennec87607	scan	les deux verites concordent	d468178e	SOUS_RESERVE	Mastertronic
ref	fb1a1a72	66128	Chocoboflor	marche	les deux verites concordent	0000b238	SOUS_RESERVE	TheGeronix52189
ref	fb1a1a72	74933	Mastertronic	marche	source appartenant a la victime	d468178e	SOUS_RESERVE	TheGeronix52189
ref	fb1a1a72	76137	Blackwardevil1	scan	les deux verites concordent	bb1a095b	SOUS_RESERVE	plyer5091
ref	fb1a1a72	76570	plyer5091	scan	les deux verites concordent	daa03c35	VALIDE	JGtm
ref	fb1a1a72	80923	TheGeronix52189	marche	les deux verites concordent	bb1a095b	SOUS_RESERVE	JGtm
ref	fb1a1a72	92420	Fennec87607	scan	les deux verites concordent	0d203522	VALIDE	Chocoboflor
ref	fb1a1a72	97391	JGtm	marche	les deux verites concordent	2ff92041	VALIDE	plyer5091
ref	fb1a1a72	103629	Blackwardevil1	marche	les deux verites concordent	0d203522	VALIDE	TheGeronix52189
ref	fb1a1a72	104615	TheGeronix52189	marche	les deux verites concordent	daa03c35	VALIDE	Chocoboflor
ref	fb1a1a72	112540	Fennec87607	marche	les deux verites concordent	2ff92041	VALIDE	Mastertronic
ref	fb1a1a72	112542	Mastertronic	marche	les deux verites concordent	2ff92041	VALIDE	Fennec87607
ref	fb1a1a72	112656	JGtm	marche	les deux verites concordent	0000b238	SOUS_RESERVE	Avingo256
ref	fb1a1a72	121348	plyer5091	scan	les deux verites concordent	daa03c35	VALIDE	Chocoboflor
ref	fb1a1a72	122100	Chocoboflor	scan	les deux verites concordent	0000b29c	SOUS_RESERVE	TheGeronix52189
ref	fb1a1a72	123284	Avingo256	scan	les deux verites concordent	0000b238	SOUS_RESERVE	Blackwardevil1
ref	fb1a1a72	146155	Mastertronic	marche	les deux verites concordent	00404748	VALIDE	TheGeronix52189
ref	fb1a1a72	146873	TheGeronix52189	marche	les deux verites concordent	da3b5ba4	VALIDE	Mastertronic
ref	fb1a1a72	150729	Fennec87607	scan	les deux verites concordent	bb1a095b	SOUS_RESERVE	Chocoboflor
ref	fb1a1a72	153965	Chocoboflor	scan	les deux verites concordent	0000b238	SOUS_RESERVE	Avingo256
ref	fb1a1a72	158420	Avingo256	scan	les deux verites concordent	0000b29c	SOUS_RESERVE	JGtm
ref	fb1a1a72	163257	Blackwardevil1	scan	les deux verites concordent	daa03c35	VALIDE	TheGeronix52189
ref	fb1a1a72	171947	JGtm	scan	les deux verites concordent	da3b5ba4	VALIDE	TheGeronix52189
ref	fb1a1a72	173485	Mastertronic	scan	les deux verites concordent	0000b238	SOUS_RESERVE	plyer5091
ref	fb1a1a72	173899	TheGeronix52189	scan	les deux verites concordent	da3b5ba4	VALIDE	Mastertronic
ref	fb1a1a72	174969	Fennec87607	scan	les deux verites concordent	0000b238	SOUS_RESERVE	Chocoboflor
ref	fb1a1a72	182977	Avingo256	scan	les deux verites concordent	0000b238	SOUS_RESERVE	Chocoboflor
ref	fb1a1a72	190385	Fennec87607	scan	les deux verites concordent	0000b238	SOUS_RESERVE	Blackwardevil1
ref	fb1a1a72	196325	Mastertronic	scan	les deux verites concordent	7654f890	SOUS_RESERVE	TheGeronix52189
ref	fb1a1a72	205000	Blackwardevil1	scan	les deux verites concordent	0000b238	SOUS_RESERVE	Fennec87607
ref	fb1a1a72	209771	JGtm	marche	les deux verites concordent	bb1a095b	SOUS_RESERVE	TheGeronix52189
ref	fb1a1a72	213826	plyer5091	scan	les deux verites concordent	daa03c35	VALIDE	Mastertronic
ref	fb1a1a72	219180	Chocoboflor	marche	les deux verites concordent	0000b238	SOUS_RESERVE	Avingo256
ref	fb1a1a72	227639	Mastertronic	scan	les deux verites concordent	daa03c35	VALIDE	Fennec87607
ref	fb1a1a72	238134	Blackwardevil1	marche	les deux verites concordent	7654f890	SOUS_RESERVE	TheGeronix52189
ref	fb1a1a72	241921	plyer5091	scan	les deux verites concordent	bb1a095b	SOUS_RESERVE	Chocoboflor
ref	fb1a1a72	246660	Fennec87607	scan	les deux verites concordent	bb1a095b	SOUS_RESERVE	Chocoboflor
ref	fb1a1a72	250996	Mastertronic	marche	les deux verites concordent	0000b238	SOUS_RESERVE	Avingo256
ref	fb1a1a72	256986	Avingo256	scan	les deux verites concordent	0d203522	VALIDE	JGtm
ref	fb1a1a72	259288	Chocoboflor	marche	les deux verites concordent	daa03c35	VALIDE	Fennec87607
ref	fb1a1a72	259636	JGtm	scan	les deux verites concordent	d468178e	SOUS_RESERVE	TheGeronix52189
ref	fb1a1a72	265862	plyer5091	scan	les deux verites concordent	0000b238	SOUS_RESERVE	Blackwardevil1
ref	fb1a1a72	274270	TheGeronix52189	marche	les deux verites concordent	0000b238	SOUS_RESERVE	Chocoboflor
ref	fb1a1a72	274568	Chocoboflor	marche	les deux verites concordent	d468178e	SOUS_RESERVE	TheGeronix52189
ref	fb1a1a72	275371	Blackwardevil1	scan	les deux verites concordent	2ff92041	VALIDE	Fennec87607
ref	fb1a1a72	275373	Fennec87607	scan	les deux verites concordent	2ff92041	VALIDE	Blackwardevil1
ref	fb1a1a72	283112	Avingo256	marche	les deux verites concordent	daa03c35	VALIDE	Mastertronic
ref	fb1a1a72	285813	Mastertronic	marche	les deux verites concordent	0d203522	VALIDE	plyer5091
ref	fb1a1a72	301232	Blackwardevil1	scan	les deux verites concordent	0000b29c	SOUS_RESERVE	Avingo256
ref	fb1a1a72	305222	plyer5091	marche	les deux verites concordent	bb1a095b	SOUS_RESERVE	Chocoboflor
ref	fb1a1a72	307690	JGtm	scan	les deux verites concordent	177a79ee	SOUS_RESERVE	TheGeronix52189
ref	fb1a1a72	326326	Blackwardevil1	scan	les deux verites concordent	0000b238	SOUS_RESERVE	plyer5091
ref	fb1a1a72	329028	JGtm	marche	les deux verites concordent	0000b29c	SOUS_RESERVE	Avingo256
ref	fb1a1a72	336271	Chocoboflor	marche	les deux verites concordent	daa03c35	VALIDE	plyer5091
ref	fb1a1a72	345430	Avingo256	marche	les deux verites concordent	bb1a095b	SOUS_RESERVE	JGtm
ref	fb1a1a72	346548	plyer5091	scan	les deux verites concordent	0000b238	SOUS_RESERVE	Mastertronic
ref	fb1a1a72	347065	Mastertronic	marche	les deux verites concordent	7654f890	SOUS_RESERVE	TheGeronix52189
ref	fb1a1a72	353838	Fennec87607	scan	les deux verites concordent	0000b238	SOUS_RESERVE	Blackwardevil1
ref	fb1a1a72	361444	Avingo256	scan	source appartenant a la victime	da3b5ba4	VALIDE	Chocoboflor
ref	fb1a1a72	361963	TheGeronix52189	scan	les deux verites concordent	bb1a095b	SOUS_RESERVE	JGtm
ref	fb1a1a72	362729	JGtm	scan	les deux verites concordent	119861b4	VALIDE	TheGeronix52189
ref	fb1a1a72	369996	plyer5091	marche	les deux verites concordent	0000b238	SOUS_RESERVE	Chocoboflor
ref	fb1a1a72	374200	Chocoboflor	scan	les deux verites concordent	0000b238	SOUS_RESERVE	Fennec87607
ref	fb1a1a72	377587	Blackwardevil1	marche	les deux verites concordent	0000b238	SOUS_RESERVE	TheGeronix52189
ref	fb1a1a72	380523	Fennec87607	marche	les deux verites concordent	daa03c35	VALIDE	Mastertronic
ref	fb1a1a72	381941	Mastertronic	marche	les deux verites concordent	0000b238	SOUS_RESERVE	TheGeronix52189
ref	fb1a1a72	407700	Mastertronic	marche	les deux verites concordent	177a79ee	SOUS_RESERVE	TheGeronix52189
ref	fb1a1a72	409350	TheGeronix52189	marche	les deux verites concordent	da3b5ba4	VALIDE	Mastertronic
ref	fb1a1a72	409536	Fennec87607	scan	les deux verites concordent	0000b238	SOUS_RESERVE	Blackwardevil1
ref	fb1a1a72	410436	Blackwardevil1	marche	les deux verites concordent	0000b238	SOUS_RESERVE	plyer5091
ref	fb1a1a72	420648	Chocoboflor	scan	source appartenant a la victime	0d203522	VALIDE	plyer5091
ref	fb1a1a72	428438	Blackwardevil1	scan	les deux verites concordent	daa03c35	VALIDE	Avingo256
ref	fb1a1a72	432993	JGtm	marche	les deux verites concordent	2ff92041	VALIDE	Fennec87607
ref	fb1a1a72	435045	Fennec87607	scan	les deux verites concordent	bb1a095b	SOUS_RESERVE	Chocoboflor
ref	fb1a1a72	437631	Chocoboflor	scan	les deux verites concordent	daa03c35	VALIDE	Avingo256
ref	fb1a1a72	439115	TheGeronix52189	marche	les deux verites concordent	0000b238	SOUS_RESERVE	Mastertronic
ref	fb1a1a72	448875	JGtm	marche	les deux verites concordent	daa03c35	VALIDE	Avingo256
ref	fb1a1a72	450308	Fennec87607	marche	les deux verites concordent	d468178e	SOUS_RESERVE	Mastertronic
ref	fb1a1a72	450494	plyer5091	scan	les deux verites concordent	0000b238	SOUS_RESERVE	Chocoboflor
ref	fb1a1a72	454414	Avingo256	marche	les deux verites concordent	bb1a095b	SOUS_RESERVE	Chocoboflor
ref	fb1a1a72	466577	TheGeronix52189	marche	les deux verites concordent	0000b238	SOUS_RESERVE	Chocoboflor
ref	fb1a1a72	468212	Blackwardevil1	scan	les deux verites concordent	daa03c35	VALIDE	plyer5091
ref	fb1a1a72	474790	Mastertronic	scan	les deux verites concordent	0000b29c	SOUS_RESERVE	Avingo256
ref	fb1a1a72	476991	Avingo256	marche	les deux verites concordent	bb1a095b	SOUS_RESERVE	Chocoboflor
ref	fb1a1a72	480696	TheGeronix52189	scan	les deux verites concordent	bb1a095b	SOUS_RESERVE	Chocoboflor
ref	fb1a1a72	482714	Chocoboflor	scan	les deux verites concordent	daa03c35	VALIDE	Fennec87607
ref	fb1a1a72	484884	plyer5091	scan	les deux verites concordent	2ff92041	VALIDE	JGtm
ref	fb1a1a72	484886	JGtm	scan	les deux verites concordent	2ff92041	VALIDE	plyer5091
ref	fb1a1a72	501717	Avingo256	marche	les deux verites concordent	0000b238	SOUS_RESERVE	Blackwardevil1
ref	fb1a1a72	502100	Mastertronic	marche	les deux verites concordent	0000b238	SOUS_RESERVE	Fennec87607
ref	fb1a1a72	505338	Chocoboflor	scan	les deux verites concordent	bb1a095b	SOUS_RESERVE	plyer5091
ref	fb1a1a72	508324	TheGeronix52189	marche	les deux verites concordent	bb1a095b	SOUS_RESERVE	JGtm
ref	fb1a1a72	516013	plyer5091	marche	les deux verites concordent	da3b5ba4	VALIDE	JGtm
ref	fb1a1a72	518517	JGtm	scan	les deux verites concordent	0000b238	SOUS_RESERVE	Avingo256
ref	fb1a1a72	521905	Blackwardevil1	scan	les deux verites concordent	bb1a095b	SOUS_RESERVE	Avingo256
ref	fb1a1a72	545029	Mastertronic	marche	les deux verites concordent	2ff92041	VALIDE	plyer5091
ref	fb1a1a72	547080	Fennec87607	marche	les deux verites concordent	0000b238	SOUS_RESERVE	Blackwardevil1
ref	fb1a1a72	562278	TheGeronix52189	scan	les deux verites concordent	daa03c35	VALIDE	JGtm
ref	fb1a1a72	563094	JGtm	scan	les deux verites concordent	0000d627	VALIDE	TheGeronix52189
ref	fb1a1a72	563847	Mastertronic	marche	les deux verites concordent	2ff92041	VALIDE	Avingo256
ref	fb1a1a72	563849	Avingo256	marche	les deux verites concordent	2ff92041	VALIDE	Mastertronic
ref	fb1a1a72	572492	Blackwardevil1	marche	les deux verites concordent	daa03c35	VALIDE	plyer5091
ref	fb1a1a72	576297	Chocoboflor	scan	les deux verites concordent	2ff92041	VALIDE	Fennec87607
ref	fb1a1a72	576311	Fennec87607	marche	les deux verites concordent	ee2d686d	VALIDE	Chocoboflor
ref	fb1a1a72	586772	TheGeronix52189	marche	les deux verites concordent	bb1a095b	SOUS_RESERVE	JGtm
ref	fb1a1a72	588455	JGtm	scan	les deux verites concordent	d468178e	SOUS_RESERVE	Avingo256
ref	fb1a1a72	605910	Avingo256	scan	les deux verites concordent	0000b238	SOUS_RESERVE	Mastertronic
ref	fb1a1a72	609814	Blackwardevil1	scan	les deux verites concordent	daa03c35	VALIDE	plyer5091
ref	fb1a1a72	624627	plyer5091	marche	les deux verites concordent	0d203522	VALIDE	JGtm
ref	fb1a1a72	630384	Mastertronic	marche	les deux verites concordent	bb1a095b	SOUS_RESERVE	TheGeronix52189
ref	fb1a1a72	631653	TheGeronix52189	scan	les deux verites concordent	bb1a095b	SOUS_RESERVE	Chocoboflor
ref	fb1a1a72	649720	Blackwardevil1	marche	les deux verites concordent	0000b238	SOUS_RESERVE	Fennec87607
ref	fb1a1a72	657879	TheGeronix52189	scan	les deux verites concordent	0000b238	SOUS_RESERVE	Mastertronic
ref	fb1a1a72	674515	Fennec87607	scan	les deux verites concordent	daa03c35	VALIDE	Mastertronic
ref	fb1a1a72	678385	Avingo256	marche	les deux verites concordent	daa03c35	VALIDE	JGtm
ref	fb1a1a72	681589	plyer5091	scan	les deux verites concordent	0000b238	SOUS_RESERVE	Blackwardevil1
ref	fb1a1a72	687912	Mastertronic	marche	les deux verites concordent	0000b238	SOUS_RESERVE	TheGeronix52189
ref	fb1a1a72	690798	Blackwardevil1	marche	les deux verites concordent	0000b238	SOUS_RESERVE	Fennec87607
ref	fb1a1a72	704663	Avingo256	marche	les deux verites concordent	daa03c35	VALIDE	JGtm
ref	fb1a1a72	708400	Chocoboflor	scan	les deux verites concordent	2ff92041	VALIDE	plyer5091
ref	fb1a1a72	708403	plyer5091	scan	les deux verites concordent	2ff92041	VALIDE	Chocoboflor
ref	fb1a1a72	709151	Fennec87607	marche	les deux verites concordent	daa03c35	VALIDE	JGtm
ref	fb1a1a72	711018	TheGeronix52189	scan	les deux verites concordent	0000b238	SOUS_RESERVE	Mastertronic
ref	fb1a1a72	721562	Mastertronic	scan	les deux verites concordent	2ff92041	VALIDE	Fennec87607
ref	fb1a1a72	721565	Fennec87607	scan	les deux verites concordent	2ff92041	VALIDE	Mastertronic
ref	fb1a1a72	737062	Blackwardevil1	marche	les deux verites concordent	0000b238	SOUS_RESERVE	Fennec87607
ref	fb1a1a72	737160	Avingo256	scan	les deux verites concordent	7654f890	SOUS_RESERVE	JGtm
ref	fb1a1a72	747823	plyer5091	scan	les deux verites concordent	7654f890	SOUS_RESERVE	JGtm
ref	fb1a1a72	750025	JGtm	marche	les deux verites concordent	bb1a095b	SOUS_RESERVE	TheGeronix52189
ref	fb1a1a72	750106	Fennec87607	marche	les deux verites concordent	d468178e	SOUS_RESERVE	Chocoboflor
ref	fb1a1a72	761803	Chocoboflor	scan	les deux verites concordent	0000b238	SOUS_RESERVE	Avingo256
ref	fb1a1a72	764974	JGtm	marche	les deux verites concordent	bb1a095b	SOUS_RESERVE	Avingo256
ref	fb1a1a72	771982	Blackwardevil1	marche	les deux verites concordent	bb1a095b	SOUS_RESERVE	TheGeronix52189
ref	fb1a1a72	772214	plyer5091	marche	les deux verites concordent	2ff92041	VALIDE	Mastertronic
ref	fb1a1a72	772215	Mastertronic	marche	les deux verites concordent	2ff92041	VALIDE	plyer5091
ref	fb1a1a72	774283	TheGeronix52189	marche	les deux verites concordent	bb1a095b	SOUS_RESERVE	Chocoboflor
ref	fb1a1a72	791199	Avingo256	marche	les deux verites concordent	bb1a095b	SOUS_RESERVE	JGtm
ref	fb1a1a72	792602	JGtm	marche	les deux verites concordent	0000b238	SOUS_RESERVE	TheGeronix52189
ref	fb1a1a72	795254	plyer5091	marche	les deux verites concordent	0000b238	SOUS_RESERVE	Chocoboflor
ref	fb1a1a72	795772	TheGeronix52189	marche	les deux verites concordent	bb1a095b	SOUS_RESERVE	Mastertronic
ls	0797ce72	32985	The1baldKing	marche	les deux verites concordent	130c4b61	SOUS_RESERVE	N0TCH0S
ls	0797ce72	33552	N0TCH0S	marche	les deux verites concordent	00404748	VALIDE	The1baldKing
ls	0797ce72	35540	Just1nBurn3y	marche	les deux verites concordent	fc1ca9c2	SOUS_RESERVE	Madina97294
ls	0797ce72	39942	JGtm	marche	les deux verites concordent	4a555df8	SOUS_RESERVE	Edjld
ls	0797ce72	45049	Madina97294	marche	les deux verites concordent	877da252	SOUS_RESERVE	HizaroMne4262
ls	0797ce72	60180	N0TCH0S	marche	les deux verites concordent	877da252	SOUS_RESERVE	HizaroMne4262
ls	0797ce72	60863	Madina97294	marche	les deux verites concordent	67db304a	SOUS_RESERVE	The1baldKing
ls	0797ce72	61914	HizaroMne4262	marche	les deux verites concordent	ba5ac78e	SOUS_RESERVE	JGtm
ls	0797ce72	63449	JGtm	marche	les deux verites concordent	4a555df8	SOUS_RESERVE	Edjld
ls	0797ce72	67604	Edjld	marche	les deux verites concordent	0c64b43f	SOUS_RESERVE	TinyGungan
ls	0797ce72	72042	TinyGungan	marche	les deux verites concordent	17d6bd23	SOUS_RESERVE	The1baldKing
ls	0797ce72	77498	Madina97294	marche	les deux verites concordent	ba5ac78e	SOUS_RESERVE	HizaroMne4262
ls	0797ce72	82853	Just1nBurn3y	marche	les deux verites concordent	59255106	VALIDE	JGtm
ls	0797ce72	84854	HizaroMne4262	marche	les deux verites concordent	ffebe84e	SOUS_RESERVE	JGtm
ls	0797ce72	86123	N0TCH0S	marche	les deux verites concordent	82709a1e	SOUS_RESERVE	The1baldKing
ls	0797ce72	94482	The1baldKing	marche	les deux verites concordent	f81f1a01	SOUS_RESERVE	Madina97294
ls	0797ce72	99403	Just1nBurn3y	marche	les deux verites concordent	17d6bd23	SOUS_RESERVE	JGtm
ls	0797ce72	105059	N0TCH0S	marche	les deux verites concordent	69fd30b9	SOUS_RESERVE	HizaroMne4262
ls	0797ce72	105062	HizaroMne4262	marche	les deux verites concordent	daa03c35	VALIDE	N0TCH0S
ls	0797ce72	110518	Edjld	scan	les deux verites concordent	877da252	SOUS_RESERVE	Madina97294
ls	0797ce72	113354	JGtm	marche	les deux verites concordent	003ce738	SOUS_RESERVE	Edjld
ls	0797ce72	114757	The1baldKing	marche	les deux verites concordent	f81f1a01	SOUS_RESERVE	Madina97294
ls	0797ce72	115457	Just1nBurn3y	marche	les deux verites concordent	877da252	SOUS_RESERVE	TinyGungan
ls	0797ce72	117909	TinyGungan	marche	les deux verites concordent	17d6bd23	SOUS_RESERVE	HizaroMne4262
ls	0797ce72	123448	HizaroMne4262	marche	les deux verites concordent	877da252	SOUS_RESERVE	Madina97294
ls	0797ce72	125082	Madina97294	marche	les deux verites concordent	00404748	VALIDE	HizaroMne4262
ls	0797ce72	132139	Just1nBurn3y	marche	les deux verites concordent	4a555df8	SOUS_RESERVE	JGtm
ls	0797ce72	136777	Edjld	marche	les deux verites concordent	59255106	VALIDE	N0TCH0S
ls	0797ce72	141517	The1baldKing	marche	les deux verites concordent	fc1ca9c2	SOUS_RESERVE	N0TCH0S
ls	0797ce72	142717	Madina97294	marche	les deux verites concordent	59255106	VALIDE	HizaroMne4262
ls	0797ce72	154429	JGtm	scan	les deux verites concordent	eea85c26	SOUS_RESERVE	Just1nBurn3y
ls	0797ce72	161102	Madina97294	marche	les deux verites concordent	0e7eac6d	SOUS_RESERVE	Edjld
ls	0797ce72	169294	N0TCH0S	marche	les deux verites concordent	17d6bd23	SOUS_RESERVE	The1baldKing
ls	0797ce72	173881	The1baldKing	marche	les deux verites concordent	eea85c26	SOUS_RESERVE	TinyGungan
ls	0797ce72	175334	TinyGungan	marche	les deux verites concordent	877da252	SOUS_RESERVE	Edjld
ls	0797ce72	178336	Edjld	marche	les deux verites concordent	fc1ca9c2	SOUS_RESERVE	Madina97294
ls	0797ce72	179087	HizaroMne4262	marche	les deux verites concordent	fc1ca9c2	SOUS_RESERVE	Madina97294
ls	0797ce72	192616	Madina97294	marche	les deux verites concordent	59255106	VALIDE	HizaroMne4262
ls	0797ce72	193918	JGtm	marche	les deux verites concordent	59255106	VALIDE	HizaroMne4262
ls	0797ce72	195671	HizaroMne4262	scan	les deux verites concordent	82709a1e	SOUS_RESERVE	TinyGungan
ls	0797ce72	199674	Edjld	marche	les deux verites concordent	82709a1e	SOUS_RESERVE	TinyGungan
ls	0797ce72	200759	TinyGungan	marche	les deux verites concordent	877da252	SOUS_RESERVE	The1baldKing
ls	0797ce72	202843	N0TCH0S	marche	les deux verites concordent	eea85c26	SOUS_RESERVE	Just1nBurn3y
ls	0797ce72	210184	Madina97294	marche	les deux verites concordent	eea85c26	SOUS_RESERVE	Just1nBurn3y
ls	0797ce72	213787	Just1nBurn3y	marche	les deux verites concordent	4a555df8	SOUS_RESERVE	JGtm
ls	0797ce72	213971	HizaroMne4262	marche	les deux verites concordent	4a555df8	SOUS_RESERVE	JGtm
ls	0797ce72	216257	JGtm	marche	les deux verites concordent	82709a1e	SOUS_RESERVE	The1baldKing
ls	0797ce72	220744	The1baldKing	marche	les deux verites concordent	eea85c26	SOUS_RESERVE	N0TCH0S
ls	0797ce72	230557	Madina97294	marche	les deux verites concordent	17d6bd23	SOUS_RESERVE	Edjld
ls	0797ce72	248375	HizaroMne4262	marche	les deux verites concordent	69fd30b9	SOUS_RESERVE	TinyGungan
ls	0797ce72	252178	Madina97294	marche	les deux verites concordent	69fd30b9	SOUS_RESERVE	Edjld
ls	0797ce72	253079	TinyGungan	marche	les deux verites concordent	7d012346	SOUS_RESERVE	Just1nBurn3y
ls	0797ce72	258218	N0TCH0S	marche	les deux verites concordent	fc1ca9c2	SOUS_RESERVE	The1baldKing
ls	0797ce72	265006	Edjld	marche	les deux verites concordent	1b6370f9	SOUS_RESERVE	TinyGungan
ls	0797ce72	265791	Madina97294	marche	les deux verites concordent	17d6bd23	SOUS_RESERVE	HizaroMne4262
ls	0797ce72	267194	JGtm	marche	les deux verites concordent	fc1ca9c2	SOUS_RESERVE	The1baldKing
ls	0797ce72	268945	TinyGungan	marche	les deux verites concordent	17d6bd23	SOUS_RESERVE	HizaroMne4262
ls	0797ce72	272148	The1baldKing	marche	les deux verites concordent	59255106	VALIDE	N0TCH0S
ls	0797ce72	288081	The1baldKing	marche	les deux verites concordent	2f9b7b5f	SOUS_RESERVE	N0TCH0S
ls	0797ce72	288932	N0TCH0S	marche	les deux verites concordent	69fd30b9	SOUS_RESERVE	Just1nBurn3y
ls	0797ce72	290866	HizaroMne4262	marche	les deux verites concordent	2d2cdd58	SOUS_RESERVE	TinyGungan
ls	0797ce72	295872	Edjld	marche	les deux verites concordent	4fbad006	SOUS_RESERVE	Madina97294
ls	0797ce72	305547	TinyGungan	marche	les deux verites concordent	ba5ac78e	SOUS_RESERVE	HizaroMne4262
ls	0797ce72	309167	HizaroMne4262	marche	les deux verites concordent	bebe70df	SOUS_RESERVE	Madina97294
ls	0797ce72	310769	JGtm	marche	les deux verites concordent	166ba62b	SOUS_RESERVE	The1baldKing
ls	0797ce72	310853	The1baldKing	marche	les deux verites concordent	594095ac	SOUS_RESERVE	JGtm
ls	0797ce72	322765	Madina97294	marche	les deux verites concordent	69fd30b9	SOUS_RESERVE	Just1nBurn3y
ls	0797ce72	333793	TinyGungan	marche	les deux verites concordent	7d012346	SOUS_RESERVE	Just1nBurn3y
ls	0797ce72	338179	JGtm	marche	les deux verites concordent	ba5ac78e	SOUS_RESERVE	HizaroMne4262
ls	0797ce72	344104	Madina97294	marche	les deux verites concordent	69fd30b9	SOUS_RESERVE	Just1nBurn3y
ls	0797ce72	347857	TinyGungan	marche	les deux verites concordent	69fd30b9	SOUS_RESERVE	Just1nBurn3y
ls	0797ce72	353880	N0TCH0S	marche	les deux verites concordent	2ff92041	VALIDE	Edjld
ls	0797ce72	353881	Edjld	marche	les deux verites concordent	2ff92041	VALIDE	N0TCH0S
ls	0797ce72	368995	HizaroMne4262	marche	les deux verites concordent	17d6bd23	SOUS_RESERVE	JGtm
ls	0797ce72	369279	N0TCH0S	marche	les deux verites concordent	69fd30b9	SOUS_RESERVE	The1baldKing
ls	0797ce72	370130	JGtm	marche	les deux verites concordent	69fd30b9	SOUS_RESERVE	Just1nBurn3y
ls	0797ce72	370179	The1baldKing	marche	les deux verites concordent	0000d627	VALIDE	N0TCH0S
ls	0797ce72	377186	TinyGungan	marche	les deux verites concordent	69fd30b9	SOUS_RESERVE	Just1nBurn3y
ls	0797ce72	382075	Edjld	marche	les deux verites concordent	fc1ca9c2	SOUS_RESERVE	Madina97294
ls	0797ce72	383743	N0TCH0S	scan	les deux verites concordent	17d6bd23	SOUS_RESERVE	The1baldKing
ls	0797ce72	385213	Madina97294	marche	les deux verites concordent	69fd30b9	SOUS_RESERVE	Just1nBurn3y
ls	0797ce72	388414	The1baldKing	marche	les deux verites concordent	17d6bd23	SOUS_RESERVE	JGtm
ls	0797ce72	392701	HizaroMne4262	marche	les deux verites concordent	8c1a1ef4	SOUS_RESERVE	TinyGungan
ls	0797ce72	392768	TinyGungan	marche	les deux verites concordent	69fd30b9	SOUS_RESERVE	Just1nBurn3y
ls	0797ce72	404129	Edjld	marche	les deux verites concordent	0000d580	SOUS_RESERVE	Madina97294
ls	0797ce72	407868	Just1nBurn3y	marche	les deux verites concordent	17d6bd23	SOUS_RESERVE	JGtm
ls	0797ce72	409185	Madina97294	marche	les deux verites concordent	0000d580	SOUS_RESERVE	The1baldKing
ls	0797ce72	413373	The1baldKing	marche	les deux verites concordent	7fe3cedc	SOUS_RESERVE	N0TCH0S
ls	0797ce72	422215	Edjld	marche	les deux verites concordent	82709a1e	SOUS_RESERVE	TinyGungan
ls	0797ce72	422665	JGtm	marche	les deux verites concordent	eea85c26	SOUS_RESERVE	HizaroMne4262
ls	0797ce72	429940	Madina97294	marche	les deux verites concordent	17d6bd23	SOUS_RESERVE	The1baldKing
ls	0797ce72	433043	N0TCH0S	marche	les deux verites concordent	17d6bd23	SOUS_RESERVE	The1baldKing
ls	084a804d	61124	xB3N M4Rt1Nx	marche	les deux verites concordent	0bece71e	VALIDE	AX3L SANT1
ls	084a804d	65964	FusedCabbage283	marche	les deux verites concordent	0bece71e	VALIDE	AX3L SANT1
ls	084a804d	66001	DavidGoggin8369	marche	les deux verites concordent	0000b29c	SOUS_RESERVE	Naija Nightmare
ls	084a804d	68235	sneaky lizard99	marche	les deux verites concordent	0000b238	SOUS_RESERVE	Dr Wafflcopter
ls	084a804d	69335	TOKY SAN8781	marche	les deux verites concordent	7d012346	SOUS_RESERVE	Prime IK
ls	084a804d	70172	John Wick7648	marche	les deux verites concordent	0bece71e	VALIDE	The Juicy Jules
ls	084a804d	73306	willson93	marche	les deux verites concordent	0000b29c	SOUS_RESERVE	Madina97294
ls	084a804d	77377	x K i R i l L x	marche	les deux verites concordent	0000b29c	SOUS_RESERVE	FRONTLINE242494
ls	084a804d	77643	EvilestSand791	marche	les deux verites concordent	0000b29c	SOUS_RESERVE	IRageQuitMyJob
ls	084a804d	77812	FRONTLINE242494	marche	les deux verites concordent	eea85c26	SOUS_RESERVE	x K i R i l L x
ls	084a804d	82314	xB3N M4Rt1Nx	marche	les deux verites concordent	0000b29c	SOUS_RESERVE	Naija Nightmare
ls	084a804d	84820	Madina97294	marche	les deux verites concordent	0bece71e	VALIDE	The Juicy Jules
ls	084a804d	86621	Naija Nightmare	marche	les deux verites concordent	0bece71e	VALIDE	The Juicy Jules
ls	084a804d	89318	RapidTundra	marche	les deux verites concordent	00426796	VALIDE	sneaky lizard99
ls	084a804d	94761	TOKY SAN8781	marche	les deux verites concordent	7d012346	SOUS_RESERVE	Prime IK
ls	084a804d	94961	BalerionI	marche	les deux verites concordent	0000b29c	SOUS_RESERVE	Dr Wafflcopter
ls	084a804d	97602	sneaky lizard99	marche	les deux verites concordent	0bece71e	VALIDE	The Juicy Jules
ls	084a804d	99001	willson93	marche	les deux verites concordent	7d012346	SOUS_RESERVE	Prime IK
ls	084a804d	99135	SimpleJack2008	marche	les deux verites concordent	0000b29c	SOUS_RESERVE	FRONTLINE242494
ls	084a804d	100970	Madina97294	marche	les deux verites concordent	7d012346	SOUS_RESERVE	xAssazzinx23x
ls	084a804d	102406	China6777	marche	les deux verites concordent	53b1e6c5	VALIDE	GamingDragon27
ls	084a804d	104067	xAssazzinx23x	marche	les deux verites concordent	0bece71e	VALIDE	AX3L SANT1
ls	084a804d	104201	Prime IK	marche	les deux verites concordent	00426796	VALIDE	xB3N M4Rt1Nx
ls	084a804d	104371	AX3L SANT1	marche	les deux verites concordent	0000b29c	SOUS_RESERVE	Dr Wafflcopter
ls	084a804d	112942	Dr Wafflcopter	marche	les deux verites concordent	130c4b61	SOUS_RESERVE	IRageQuitMyJob
ls	084a804d	116416	Naija Nightmare	marche	les deux verites concordent	0000b29c	SOUS_RESERVE	EvilestSand791
ls	084a804d	120360	Madina97294	marche	les deux verites concordent	0000005f	INCONNU	GamingDragon27
ls	084a804d	124724	EvilestSand791	marche	les deux verites concordent	0000b29c	SOUS_RESERVE	John Wick7648
ls	084a804d	125161	AX3L SANT1	scan	les deux verites concordent	53b1e6c5	VALIDE	GamingDragon27
ls	084a804d	125163	Prime IK	scan	les deux verites concordent	53b1e6c5	VALIDE	GamingDragon27
ls	084a804d	125356	GamingDragon27	scan	les deux verites concordent	130c4b61	SOUS_RESERVE	IRageQuitMyJob
ls	084a804d	125522	John Wick7648	marche	les deux verites concordent	0000d57f	SOUS_RESERVE	EvilestSand791
ls	084a804d	135274	Madina97294	marche	les deux verites concordent	0000005f	INCONNU	FusedCabbage283
ls	084a804d	136633	LordSiBaSiBa	scan	les deux verites concordent	19bd6810	VALIDE	The Juicy Jules
ls	084a804d	139742	SimpleJack2008	marche	les deux verites concordent	f712c64a	VALIDE	FusedCabbage283
ls	084a804d	150088	Naija Nightmare	marche	les deux verites concordent	003ce738	SOUS_RESERVE	GamingDragon27
ls	084a804d	150914	TOKY SAN8781	scan	les deux verites concordent	0bece71e	VALIDE	AX3L SANT1
ls	084a804d	151315	xAssazzinx23x	marche	les deux verites concordent	ab06203c	VALIDE	sneaky lizard99
ls	084a804d	151849	China6777	marche	les deux verites concordent	d2ffec3f	VALIDE	The Juicy Jules
ls	084a804d	152420	EvilestSand791	marche	les deux verites concordent	0000b29c	SOUS_RESERVE	x K i R i l L x
ls	084a804d	161226	FusedCabbage283	scan	les deux verites concordent	19bd6810	VALIDE	AX3L SANT1
ls	084a804d	171037	SimpleJack2008	marche	les deux verites concordent	0000b238	SOUS_RESERVE	willson93
ls	084a804d	171472	willson93	marche	les deux verites concordent	0000b29c	SOUS_RESERVE	Naija Nightmare
ls	084a804d	181582	DavidGoggin8369	marche	les deux verites concordent	0000b29c	SOUS_RESERVE	Prime IK
ls	084a804d	183288	GamingDragon27	marche	les deux verites concordent	13ff7bdf	SOUS_RESERVE	x K i R i l L x
ls	084a804d	183788	John Wick7648	marche	les deux verites concordent	eea85c26	SOUS_RESERVE	xAssazzinx23x
ls	084a804d	184085	x K i R i l L x	marche	les deux verites concordent	0000b238	SOUS_RESERVE	Dr Wafflcopter
ls	084a804d	184421	xAssazzinx23x	marche	les deux verites concordent	0000d627	VALIDE	John Wick7648
ls	084a804d	186350	Dr Wafflcopter	marche	les deux verites concordent	59255106	VALIDE	x K i R i l L x
ls	084a804d	187455	Naija Nightmare	marche	les deux verites concordent	0000b29c	SOUS_RESERVE	The Juicy Jules
ls	084a804d	191827	willson93	marche	les deux verites concordent	f712c64a	VALIDE	LordSiBaSiBa
ls	084a804d	193189	FRONTLINE242494	marche	les deux verites concordent	ab06203c	VALIDE	sneaky lizard99
ls	084a804d	197270	EvilestSand791	marche	les deux verites concordent	f712c64a	VALIDE	LordSiBaSiBa
ls	084a804d	200938	FusedCabbage283	marche	les deux verites concordent	f81f1a01	SOUS_RESERVE	AX3L SANT1
ls	084a804d	205776	AX3L SANT1	marche	les deux verites concordent	0000b29c	SOUS_RESERVE	xAssazzinx23x
ls	084a804d	211953	The Juicy Jules	marche	les deux verites concordent	f712c64a	VALIDE	LordSiBaSiBa
ls	084a804d	216057	DavidGoggin8369	marche	les deux verites concordent	ab06203c	VALIDE	sneaky lizard99
ls	084a804d	228529	xB3N M4Rt1Nx	marche	les deux verites concordent	f712c64a	VALIDE	LordSiBaSiBa
ls	084a804d	230735	Prime IK	marche	les deux verites concordent	0000b29c	SOUS_RESERVE	xAssazzinx23x
ls	084a804d	231767	sneaky lizard99	marche	les deux verites concordent	acd1cff4	SOUS_RESERVE	Dr Wafflcopter
ls	084a804d	237275	SimpleJack2008	marche	les deux verites concordent	0000b29c	SOUS_RESERVE	EvilestSand791
ls	084a804d	238205	IRageQuitMyJob	marche	les deux verites concordent	130c4b61	SOUS_RESERVE	The Juicy Jules
ls	084a804d	238276	TOKY SAN8781	marche	les deux verites concordent	7d012346	SOUS_RESERVE	John Wick7648
ls	084a804d	241112	RapidTundra	marche	les deux verites concordent	0000b238	SOUS_RESERVE	x K i R i l L x
ls	084a804d	241348	willson93	marche	les deux verites concordent	f712c64a	VALIDE	LordSiBaSiBa
ls	084a804d	242242	BLAZER5Parrish	marche	les deux verites concordent	acd1cff4	SOUS_RESERVE	Dr Wafflcopter
ls	084a804d	243714	Naija Nightmare	marche	les deux verites concordent	0000b29c	SOUS_RESERVE	xAssazzinx23x
ls	084a804d	247217	EvilestSand791	marche	les deux verites concordent	0000b238	SOUS_RESERVE	Prime IK
ls	084a804d	247250	China6777	marche	les deux verites concordent	daa03c35	VALIDE	EvilestSand791
ls	084a804d	254922	GamingDragon27	marche	les deux verites concordent	f712c64a	VALIDE	LordSiBaSiBa
ls	084a804d	261168	LordSiBaSiBa	marche	les deux verites concordent	130c4b61	SOUS_RESERVE	The Juicy Jules
ls	084a804d	262236	Madina97294	marche	les deux verites concordent	acd1cff4	SOUS_RESERVE	Dr Wafflcopter
ls	084a804d	266438	SimpleJack2008	marche	les deux verites concordent	0000b29c	SOUS_RESERVE	Dr Wafflcopter
ls	084a804d	271609	Dr Wafflcopter	marche	les deux verites concordent	0000b29c	SOUS_RESERVE	x K i R i l L x
ls	084a804d	272506	China6777	marche	les deux verites concordent	7d012346	SOUS_RESERVE	The Juicy Jules
ls	084a804d	277782	x K i R i l L x	marche	les deux verites concordent	0000b29c	SOUS_RESERVE	DavidGoggin8369
ls	084a804d	280855	BLAZER5Parrish	marche	les deux verites concordent	7d012346	SOUS_RESERVE	The Juicy Jules
ls	084a804d	282220	xB3N M4Rt1Nx	marche	les deux verites concordent	7d012346	SOUS_RESERVE	John Wick7648
ls	084a804d	284157	DavidGoggin8369	marche	les deux verites concordent	0000d627	VALIDE	John Wick7648
ls	084a804d	284656	willson93	marche	les deux verites concordent	0000b29c	SOUS_RESERVE	Naija Nightmare
ls	084a804d	287324	John Wick7648	marche	les deux verites concordent	0000b29c	SOUS_RESERVE	EvilestSand791
ls	084a804d	287888	Madina97294	marche	les deux verites concordent	7d012346	SOUS_RESERVE	The Juicy Jules
ls	084a804d	289323	sneaky lizard99	marche	les deux verites concordent	fa4fad21	VALIDE	FusedCabbage283
ls	084a804d	296467	RapidTundra	marche	les deux verites concordent	0000b29c	SOUS_RESERVE	Prime IK
ls	084a804d	300168	China6777	marche	les deux verites concordent	da3b5ba4	VALIDE	FRONTLINE242494
ls	084a804d	303905	LordSiBaSiBa	marche	les deux verites concordent	130c4b61	SOUS_RESERVE	The Juicy Jules
ls	084a804d	314252	FRONTLINE242494	marche	les deux verites concordent	0000b29c	SOUS_RESERVE	Madina97294
ls	084a804d	316555	DavidGoggin8369	scan	les deux verites concordent	7d012346	SOUS_RESERVE	Prime IK
ls	084a804d	320158	TOKY SAN8781	marche	les deux verites concordent	0000b29c	SOUS_RESERVE	x K i R i l L x
ls	084a804d	321926	China6777	marche	les deux verites concordent	0000005f	INCONNU	FusedCabbage283
ls	084a804d	324196	SimpleJack2008	marche	les deux verites concordent	038ad14c	SOUS_RESERVE	xAssazzinx23x
ls	084a804d	325926	EvilestSand791	marche	les deux verites concordent	f712c64a	VALIDE	Naija Nightmare
ls	084a804d	326998	Madina97294	marche	les deux verites concordent	7d012346	SOUS_RESERVE	The Juicy Jules
ls	084a804d	334202	Naija Nightmare	marche	les deux verites concordent	ab06203c	VALIDE	GamingDragon27
ls	084a804d	337611	LordSiBaSiBa	marche	les deux verites concordent	7d012346	SOUS_RESERVE	The Juicy Jules
ls	084a804d	341878	Dr Wafflcopter	marche	les deux verites concordent	c14e9cea	VALIDE	x K i R i l L x
ls	084a804d	343483	xAssazzinx23x	marche	les deux verites concordent	2ff92041	VALIDE	Prime IK
ls	084a804d	346052	DavidGoggin8369	marche	les deux verites concordent	2ff92041	VALIDE	BLAZER5Parrish
ls	084a804d	346054	BLAZER5Parrish	marche	les deux verites concordent	2ff92041	VALIDE	DavidGoggin8369
ls	084a804d	346984	sneaky lizard99	marche	les deux verites concordent	130c4b61	SOUS_RESERVE	The Juicy Jules
ls	084a804d	347253	Prime IK	marche	les deux verites concordent	0000b238	SOUS_RESERVE	willson93
ls	084a804d	350261	x K i R i l L x	marche	les deux verites concordent	ab06203c	VALIDE	GamingDragon27
ls	084a804d	353893	Madina97294	marche	les deux verites concordent	0000b238	SOUS_RESERVE	willson93
ls	084a804d	354794	Lionforce117	marche	les deux verites concordent	daa03c35	VALIDE	The Juicy Jules
ls	084a804d	357397	willson93	marche	les deux verites concordent	0000b238	SOUS_RESERVE	SimpleJack2008
ls	084a804d	359137	China6777	marche	les deux verites concordent	003f582d	VALIDE	RapidTundra
ls	084a804d	364772	xB3N M4Rt1Nx	marche	les deux verites concordent	0bece71e	VALIDE	AX3L SANT1
ls	084a804d	367340	EvilestSand791	marche	les deux verites concordent	0000b29c	SOUS_RESERVE	Naija Nightmare
ls	084a804d	367403	FusedCabbage283	marche	les deux verites concordent	0bece71e	VALIDE	AX3L SANT1
ls	084a804d	370810	LordSiBaSiBa	marche	les deux verites concordent	0000b29c	SOUS_RESERVE	The Juicy Jules
ls	084a804d	379686	sneaky lizard99	marche	les deux verites concordent	003f582d	VALIDE	RapidTundra
ls	084a804d	382355	John Wick7648	marche	les deux verites concordent	0000b29c	SOUS_RESERVE	Dr Wafflcopter
ls	084a804d	386626	FRONTLINE242494	scan	les deux verites concordent	0000b29c	SOUS_RESERVE	Naija Nightmare
ls	084a804d	389393	GamingDragon27	marche	les deux verites concordent	f712c64a	VALIDE	LordSiBaSiBa
ls	084a804d	392434	BLAZER5Parrish	marche	les deux verites concordent	0bece71e	VALIDE	xAssazzinx23x
ls	084a804d	392702	Madina97294	marche	les deux verites concordent	00426796	VALIDE	xB3N M4Rt1Nx
ls	084a804d	394801	Naija Nightmare	marche	les deux verites concordent	0000b29c	SOUS_RESERVE	Dr Wafflcopter
ls	084a804d	395570	RapidTundra	marche	les deux verites concordent	0000b29c	SOUS_RESERVE	Lionforce117
ls	084a804d	396536	China6777	marche	les deux verites concordent	0000b29c	SOUS_RESERVE	The Juicy Jules
ls	084a804d	399638	x K i R i l L x	marche	les deux verites concordent	0000b29c	SOUS_RESERVE	The Juicy Jules
ls	084a804d	401244	LordSiBaSiBa	marche	les deux verites concordent	acd1cff4	SOUS_RESERVE	DavidGoggin8369
ls	084a804d	404545	AX3L SANT1	marche	les deux verites concordent	0000b29c	SOUS_RESERVE	The Juicy Jules
ls	084a804d	409082	xB3N M4Rt1Nx	marche	les deux verites concordent	daa03c35	VALIDE	John Wick7648
ls	084a804d	409850	John Wick7648	marche	les deux verites concordent	0000b29c	SOUS_RESERVE	EvilestSand791
ls	084a804d	411422	Lionforce117	marche	les deux verites concordent	0bece71e	VALIDE	xAssazzinx23x
ls	084a804d	414821	EvilestSand791	marche	les deux verites concordent	0000b29c	SOUS_RESERVE	Madina97294
ls	084a804d	415019	Prime IK	marche	les deux verites concordent	130c4b61	SOUS_RESERVE	The Juicy Jules
ls	084a804d	418355	Naija Nightmare	marche	les deux verites concordent	0c64b43f	SOUS_RESERVE	DavidGoggin8369
ls	084a804d	419657	sneaky lizard99	marche	les deux verites concordent	19bd6810	VALIDE	xAssazzinx23x
ls	084a804d	421425	China6777	marche	les deux verites concordent	acd1cff4	SOUS_RESERVE	DavidGoggin8369
ls	084a804d	421797	x K i R i l L x	marche	les deux verites concordent	0000b29c	SOUS_RESERVE	Dr Wafflcopter
ls	084a804d	421897	DavidGoggin8369	marche	les deux verites concordent	0000b238	SOUS_RESERVE	LordSiBaSiBa
ls	084a804d	424695	BLAZER5Parrish	marche	les deux verites concordent	0bece71e	VALIDE	xAssazzinx23x
ls	084a804d	425635	Madina97294	marche	les deux verites concordent	0000b29c	SOUS_RESERVE	Dr Wafflcopter
ls	084a804d	426563	TOKY SAN8781	marche	les deux verites concordent	e9941862	SOUS_RESERVE	SimpleJack2008
ls	084a804d	427971	LordSiBaSiBa	marche	les deux verites concordent	0000b29c	SOUS_RESERVE	Dr Wafflcopter
ls	084a804d	428231	AX3L SANT1	marche	les deux verites concordent	0bece71e	VALIDE	xAssazzinx23x
ls	084a804d	437577	xB3N M4Rt1Nx	marche	les deux verites concordent	0000b29c	SOUS_RESERVE	Naija Nightmare
ls	084a804d	440150	Naija Nightmare	marche	les deux verites concordent	7d012346	SOUS_RESERVE	The Juicy Jules
ls	084a804d	442416	The Juicy Jules	marche	les deux verites concordent	daa03c35	VALIDE	John Wick7648
ls	084a804d	448818	sneaky lizard99	marche	les deux verites concordent	f712c64a	VALIDE	FusedCabbage283
ls	084a804d	457497	LordSiBaSiBa	marche	les deux verites concordent	0000b238	SOUS_RESERVE	TOKY SAN8781
ls	084a804d	458465	DavidGoggin8369	marche	les deux verites concordent	0000b29c	SOUS_RESERVE	Prime IK
ls	084a804d	458995	EvilestSand791	marche	les deux verites concordent	00404748	VALIDE	LordSiBaSiBa
ls	084a804d	464037	FRONTLINE242494	marche	les deux verites concordent	0000b29c	SOUS_RESERVE	John Wick7648
ls	084a804d	468642	John Wick7648	marche	les deux verites concordent	0000b29c	SOUS_RESERVE	Dr Wafflcopter
ls	084a804d	469876	willson93	marche	les deux verites concordent	0000b238	SOUS_RESERVE	Lionforce117
ls	084a804d	470143	RapidTundra	marche	les deux verites concordent	0000b29c	SOUS_RESERVE	Prime IK
ls	084a804d	473079	Madina97294	marche	les deux verites concordent	0000b29c	SOUS_RESERVE	TOKY SAN8781
ls	084a804d	473113	TOKY SAN8781	marche	les deux verites concordent	f3c1f9a8	SOUS_RESERVE	Madina97294
ls	084a804d	473743	Prime IK	marche	les deux verites concordent	53b1e6c5	VALIDE	GamingDragon27
ls	084a804d	488595	Naija Nightmare	marche	les deux verites concordent	f81f1a01	SOUS_RESERVE	xAssazzinx23x
ls	084a804d	488659	FusedCabbage283	marche	les deux verites concordent	0000b29c	SOUS_RESERVE	Naija Nightmare
ls	084a804d	491792	BLAZER5Parrish	marche	les deux verites concordent	f81f1a01	SOUS_RESERVE	xAssazzinx23x
ls	084a804d	493131	Lionforce117	marche	les deux verites concordent	0000b29c	SOUS_RESERVE	willson93
ls	084a804d	495603	LordSiBaSiBa	marche	les deux verites concordent	fa4fad21	VALIDE	GamingDragon27
ls	084a804d	503441	John Wick7648	marche	les deux verites concordent	7d012346	SOUS_RESERVE	The Juicy Jules
ls	084a804d	507847	GamingDragon27	marche	les deux verites concordent	0ff7b934	SOUS_RESERVE	SimpleJack2008
ls	084a804d	509082	AX3L SANT1	marche	les deux verites concordent	0000b29c	SOUS_RESERVE	xAssazzinx23x
ls	084a804d	513547	Madina97294	marche	les deux verites concordent	ffebe84e	SOUS_RESERVE	Dr Wafflcopter
ls	084a804d	517555	willson93	marche	les deux verites concordent	daa03c35	VALIDE	BLAZER5Parrish
ls	084a804d	519687	Prime IK	marche	les deux verites concordent	acd1cff4	SOUS_RESERVE	TOKY SAN8781
ls	084a804d	519693	Dr Wafflcopter	marche	les deux verites concordent	0000b29c	SOUS_RESERVE	Prime IK
ls	084a804d	521158	sneaky lizard99	marche	les deux verites concordent	0000b29c	SOUS_RESERVE	xAssazzinx23x
ls	084a804d	528533	EvilestSand791	marche	les deux verites concordent	2ff92041	VALIDE	BLAZER5Parrish
ls	084a804d	528667	John Wick7648	marche	les deux verites concordent	7d012346	SOUS_RESERVE	xAssazzinx23x
ls	084a804d	529837	Naija Nightmare	marche	les deux verites concordent	acd1cff4	SOUS_RESERVE	The Juicy Jules
ls	084a804d	529870	xAssazzinx23x	marche	les deux verites concordent	0000d627	VALIDE	John Wick7648
ls	084a804d	531502	The Juicy Jules	marche	les deux verites concordent	f81f1a01	SOUS_RESERVE	x K i R i l L x
ls	084a804d	532803	LordSiBaSiBa	marche	les deux verites concordent	0000b29c	SOUS_RESERVE	FRONTLINE242494
ls	084a804d	541646	BLAZER5Parrish	marche	les deux verites concordent	acd1cff4	SOUS_RESERVE	TOKY SAN8781
ls	084a804d	542117	China6777	marche	les deux verites concordent	0000b29c	SOUS_RESERVE	willson93
ls	084a804d	545587	RapidTundra	marche	les deux verites concordent	0000b29c	SOUS_RESERVE	SimpleJack2008
ls	084a804d	552228	willson93	marche	les deux verites concordent	daa03c35	VALIDE	Lionforce117
ls	084a804d	553424	FusedCabbage283	marche	les deux verites concordent	acd1cff4	SOUS_RESERVE	x K i R i l L x
ls	084a804d	556831	Lionforce117	marche	les deux verites concordent	0000b238	SOUS_RESERVE	Dr Wafflcopter
ls	084a804d	559635	SimpleJack2008	marche	les deux verites concordent	ab06203c	VALIDE	GamingDragon27
ls	084a804d	563674	China6777	marche	les deux verites concordent	ab06203c	VALIDE	GamingDragon27
ls	084a804d	569940	BLAZER5Parrish	marche	les deux verites concordent	ffebe84e	SOUS_RESERVE	xAssazzinx23x
ls	084a804d	570512	The Juicy Jules	marche	les deux verites concordent	0000b238	SOUS_RESERVE	Prime IK
ls	084a804d	571977	sneaky lizard99	marche	les deux verites concordent	0c64b43f	SOUS_RESERVE	TOKY SAN8781
ls	084a804d	573683	Prime IK	marche	les deux verites concordent	0000b29c	SOUS_RESERVE	FRONTLINE242494
ls	084a804d	575184	DavidGoggin8369	marche	les deux verites concordent	130c4b61	SOUS_RESERVE	AX3L SANT1
ls	084a804d	575187	xB3N M4Rt1Nx	marche	les deux verites concordent	130c4b61	SOUS_RESERVE	AX3L SANT1
ls	084a804d	576921	EvilestSand791	marche	les deux verites concordent	0000b29c	SOUS_RESERVE	Madina97294
ls	084a804d	578515	Lionforce117	marche	les deux verites concordent	ab06203c	VALIDE	GamingDragon27
ls	084a804d	579120	LordSiBaSiBa	marche	les deux verites concordent	0000b29c	SOUS_RESERVE	FRONTLINE242494
ls	084a804d	579649	FusedCabbage283	marche	les deux verites concordent	da3b5ba4	VALIDE	LordSiBaSiBa
ls	084a804d	580121	Dr Wafflcopter	marche	les deux verites concordent	59255106	VALIDE	x K i R i l L x
ls	084a804d	581484	AX3L SANT1	marche	les deux verites concordent	ab06203c	VALIDE	GamingDragon27
ls	084a804d	582890	x K i R i l L x	marche	les deux verites concordent	0000b29c	SOUS_RESERVE	FRONTLINE242494
ls	084a804d	590661	John Wick7648	marche	les deux verites concordent	0000b29c	SOUS_RESERVE	xAssazzinx23x
ls	084a804d	592537	Madina97294	marche	les deux verites concordent	0000b29c	SOUS_RESERVE	FRONTLINE242494
ls	084a804d	595207	Lionforce117	marche	les deux verites concordent	99d98aef	VALIDE	GamingDragon27
ls	084a804d	599478	GamingDragon27	marche	les deux verites concordent	f712c64a	VALIDE	sneaky lizard99
ls	084a804d	601910	SimpleJack2008	marche	les deux verites concordent	0000b29c	SOUS_RESERVE	The Juicy Jules
ls	084a804d	603245	China6777	marche	les deux verites concordent	0000b29c	SOUS_RESERVE	The Juicy Jules
ls	084a804d	617292	Prime IK	marche	les deux verites concordent	7d012346	SOUS_RESERVE	xAssazzinx23x
ls	084a804d	618864	Madina97294	marche	les deux verites concordent	5a4450e4	VALIDE	FusedCabbage283
ls	084a804d	619932	BLAZER5Parrish	marche	les deux verites concordent	7d012346	SOUS_RESERVE	The Juicy Jules
ls	084a804d	622902	xB3N M4Rt1Nx	marche	les deux verites concordent	0bece71e	VALIDE	AX3L SANT1
ls	084a804d	622905	FusedCabbage283	marche	les deux verites concordent	0bece71e	VALIDE	AX3L SANT1
ls	084a804d	625033	xAssazzinx23x	marche	les deux verites concordent	0000b238	SOUS_RESERVE	Lionforce117
ls	084a804d	626234	EvilestSand791	marche	les deux verites concordent	0000b29c	SOUS_RESERVE	x K i R i l L x
ls	084a804d	634405	sneaky lizard99	marche	les deux verites concordent	e9941862	SOUS_RESERVE	GamingDragon27
ls	084a804d	635072	TOKY SAN8781	marche	les deux verites concordent	da3b5ba4	VALIDE	Naija Nightmare
ls	084a804d	636815	China6777	marche	les deux verites concordent	7d012346	SOUS_RESERVE	The Juicy Jules
ls	084a804d	639147	DavidGoggin8369	marche	les deux verites concordent	0bece71e	VALIDE	AX3L SANT1
ls	084a804d	651061	xB3N M4Rt1Nx	marche	les deux verites concordent	f712c64a	VALIDE	Prime IK
ls	084a804d	651589	The Juicy Jules	marche	les deux verites concordent	acd1cff4	SOUS_RESERVE	x K i R i l L x
ls	084a804d	653091	Naija Nightmare	marche	les deux verites concordent	0bece71e	VALIDE	xAssazzinx23x
ls	084a804d	661036	John Wick7648	marche	les deux verites concordent	0000b29c	SOUS_RESERVE	EvilestSand791
ls	084a804d	664072	FRONTLINE242494	marche	les deux verites concordent	0000b29c	SOUS_RESERVE	BLAZER5Parrish
ls	084a804d	665069	willson93	marche	les deux verites concordent	0bece71e	VALIDE	AX3L SANT1
ls	084a804d	669377	BLAZER5Parrish	marche	les deux verites concordent	2ff92041	VALIDE	EvilestSand791
ls	084a804d	671342	TOKY SAN8781	marche	les deux verites concordent	f712c64a	VALIDE	Prime IK
ls	084a804d	671547	EvilestSand791	marche	les deux verites concordent	0000b29c	SOUS_RESERVE	SimpleJack2008
ls	084a804d	672551	DavidGoggin8369	marche	les deux verites concordent	f712c64a	VALIDE	Prime IK
ls	084a804d	675054	Naija Nightmare	marche	les deux verites concordent	0bece71e	VALIDE	xAssazzinx23x
ls	084a804d	677215	China6777	marche	les deux verites concordent	003ce738	SOUS_RESERVE	GamingDragon27
ls	084a804d	682760	AX3L SANT1	scan	les deux verites concordent	19bd6810	VALIDE	xAssazzinx23x
ls	084a804d	686825	John Wick7648	marche	les deux verites concordent	0bece71e	VALIDE	xAssazzinx23x
ls	084a804d	691469	BLAZER5Parrish	marche	les deux verites concordent	0bece71e	VALIDE	xAssazzinx23x
ls	084a804d	691566	Madina97294	marche	les deux verites concordent	daa03c35	VALIDE	GamingDragon27
ls	084a804d	694137	Prime IK	marche	les deux verites concordent	0000b29c	SOUS_RESERVE	The Juicy Jules
ls	084a804d	694732	AX3L SANT1	marche	les deux verites concordent	0bece71e	VALIDE	xAssazzinx23x
ls	084a804d	696667	China6777	marche	les deux verites concordent	0bece71e	VALIDE	xAssazzinx23x
ls	084a804d	699203	xAssazzinx23x	marche	les deux verites concordent	130c4b61	SOUS_RESERVE	LordSiBaSiBa
ls	084a804d	702444	Naija Nightmare	marche	les deux verites concordent	0000b29c	SOUS_RESERVE	DavidGoggin8369
ls	084a804d	712259	Prime IK	scan	les deux verites concordent	00426796	VALIDE	xB3N M4Rt1Nx
ls	084a804d	712688	SimpleJack2008	scan	les deux verites concordent	0000b29c	SOUS_RESERVE	RapidTundra
ls	084a804d	713154	TOKY SAN8781	scan	les deux verites concordent	0000b29c	SOUS_RESERVE	Madina97294
ls	084a804d	715860	Dr Wafflcopter	scan	les deux verites concordent	da3b5ba4	VALIDE	BLAZER5Parrish
ls	084a804d	716190	John Wick7648	scan	les deux verites concordent	0000b238	SOUS_RESERVE	FusedCabbage283
ls	084a804d	716590	EvilestSand791	scan	les deux verites concordent	0000b29c	SOUS_RESERVE	Madina97294
ls	084a804d	720725	xB3N M4Rt1Nx	marche	les deux verites concordent	59255106	VALIDE	AX3L SANT1
ls	084a804d	721803	FRONTLINE242494	marche	les deux verites concordent	0000005f	INCONNU	Lionforce117
ls	084a804d	724098	Madina97294	scan	les deux verites concordent	2ff92041	VALIDE	FusedCabbage283
ls	084a804d	724099	FusedCabbage283	scan	les deux verites concordent	2ff92041	VALIDE	Madina97294
ls	084a804d	728336	The Juicy Jules	scan	les deux verites concordent	0000b29c	SOUS_RESERVE	Lionforce117
ls	084a804d	739848	DavidGoggin8369	scan	les deux verites concordent	0000b29c	SOUS_RESERVE	AX3L SANT1
ls	084a804d	740585	TOKY SAN8781	scan	les deux verites concordent	eea85c26	SOUS_RESERVE	x K i R i l L x
ls	084a804d	740782	Prime IK	marche	les deux verites concordent	0000005f	INCONNU	GamingDragon27
ls	084a804d	743084	RapidTundra	marche	les deux verites concordent	0000b29c	SOUS_RESERVE	BLAZER5Parrish
ls	084a804d	743484	x K i R i l L x	marche	les deux verites concordent	0000b29c	SOUS_RESERVE	EvilestSand791
ls	084a804d	746587	Dr Wafflcopter	marche	les deux verites concordent	0000b238	SOUS_RESERVE	AX3L SANT1
ls	084a804d	756098	EvilestSand791	marche	les deux verites concordent	daa03c35	VALIDE	BLAZER5Parrish
ls	084a804d	759871	xB3N M4Rt1Nx	marche	les deux verites concordent	f712c64a	VALIDE	Naija Nightmare
ls	084a804d	760268	AX3L SANT1	scan	les deux verites concordent	1f11df6b	SOUS_RESERVE	The Juicy Jules
ls	084a804d	760598	Madina97294	marche	les deux verites concordent	5a4450e4	VALIDE	FusedCabbage283
ls	084a804d	762136	FusedCabbage283	marche	les deux verites concordent	0000b29c	SOUS_RESERVE	LordSiBaSiBa
ls	084a804d	763338	BLAZER5Parrish	marche	les deux verites concordent	0000b29c	SOUS_RESERVE	xAssazzinx23x
ls	084a804d	764005	Lionforce117	marche	les deux verites concordent	fa4fad21	VALIDE	GamingDragon27
ls	084a804d	766512	China6777	marche	les deux verites concordent	0000b29c	SOUS_RESERVE	The Juicy Jules
ls	084a804d	777024	RapidTundra	marche	les deux verites concordent	0000b29c	SOUS_RESERVE	Naija Nightmare
ls	084a804d	781127	John Wick7648	marche	les deux verites concordent	0000b29c	SOUS_RESERVE	The Juicy Jules
ls	084a804d	781193	Prime IK	marche	les deux verites concordent	0ff7b934	SOUS_RESERVE	Dr Wafflcopter
ls	084a804d	781462	GamingDragon27	marche	les deux verites concordent	eea85c26	SOUS_RESERVE	John Wick7648
ls	084a804d	783657	DavidGoggin8369	marche	les deux verites concordent	130c4b61	SOUS_RESERVE	LordSiBaSiBa
ls	084a804d	786697	LordSiBaSiBa	marche	les deux verites concordent	daa03c35	VALIDE	Dr Wafflcopter
ls	084a804d	789700	x K i R i l L x	marche	les deux verites concordent	130c4b61	SOUS_RESERVE	The Juicy Jules
ls	084a804d	794872	The Juicy Jules	scan	les deux verites concordent	0000b29c	SOUS_RESERVE	Madina97294
ls	084a804d	798576	Naija Nightmare	marche	les deux verites concordent	0000b29c	SOUS_RESERVE	EvilestSand791
ls	084a804d	802113	AX3L SANT1	marche	les deux verites concordent	daa03c35	VALIDE	xAssazzinx23x
ls	084a804d	804618	xB3N M4Rt1Nx	marche	les deux verites concordent	130c4b61	SOUS_RESERVE	BLAZER5Parrish
ls	084a804d	805652	TOKY SAN8781	marche	source appartenant a la victime	00403594	VALIDE	SimpleJack2008
ls	084a804d	807685	Lionforce117	marche	les deux verites concordent	0000b29c	SOUS_RESERVE	Dr Wafflcopter
ls	084a804d	810688	Dr Wafflcopter	marche	les deux verites concordent	0000b29c	SOUS_RESERVE	Prime IK
ls	084a804d	813221	Prime IK	marche	les deux verites concordent	acd1cff4	SOUS_RESERVE	FusedCabbage283
ls	084a804d	816524	xAssazzinx23x	marche	les deux verites concordent	15cdba9d	VALIDE	x K i R i l L x
ls	084a804d	819263	Madina97294	scan	les deux verites concordent	f3c1f9a8	SOUS_RESERVE	DavidGoggin8369
ls	084a804d	819430	FusedCabbage283	marche	les deux verites concordent	130c4b61	SOUS_RESERVE	BLAZER5Parrish
ls	084a804d	832043	John Wick7648	marche	les deux verites concordent	0000b29c	SOUS_RESERVE	The Juicy Jules
ls	084a804d	834012	GamingDragon27	marche	les deux verites concordent	0000b29c	SOUS_RESERVE	Prime IK
ls	084a804d	838686	Naija Nightmare	marche	les deux verites concordent	f712c64a	VALIDE	xAssazzinx23x
ls	084a804d	839150	EvilestSand791	marche	les deux verites concordent	0000b238	SOUS_RESERVE	x K i R i l L x
ls	084a804d	842553	LordSiBaSiBa	marche	les deux verites concordent	0000b29c	SOUS_RESERVE	The Juicy Jules
ls	084a804d	844689	China6777	marche	les deux verites concordent	0000b238	SOUS_RESERVE	Dr Wafflcopter
ls	084a804d	853998	x K i R i l L x	marche	les deux verites concordent	0000b29c	SOUS_RESERVE	DavidGoggin8369
ls	084a804d	855363	RapidTundra	marche	les deux verites concordent	acd1cff4	SOUS_RESERVE	BLAZER5Parrish
ls	084a804d	859270	Madina97294	marche	les deux verites concordent	0000b29c	SOUS_RESERVE	xAssazzinx23x
ls	084a804d	867879	EvilestSand791	scan	les deux verites concordent	daa03c35	VALIDE	John Wick7648
ls	084a804d	868076	Naija Nightmare	marche	les deux verites concordent	f712c64a	VALIDE	xB3N M4Rt1Nx
ls	084a804d	868082	BLAZER5Parrish	marche	les deux verites concordent	daa03c35	VALIDE	DavidGoggin8369
ls	084a804d	868414	The Juicy Jules	marche	les deux verites concordent	59255106	VALIDE	LordSiBaSiBa
ls	084a804d	871549	Prime IK	marche	les deux verites concordent	0000b29c	SOUS_RESERVE	xAssazzinx23x
ls	084a804d	876524	RapidTundra	scan	les deux verites concordent	acd1cff4	SOUS_RESERVE	SimpleJack2008
ls	084a804d	883799	AX3L SANT1	marche	les deux verites concordent	0000b29c	SOUS_RESERVE	Dr Wafflcopter
ls	084a804d	889202	sneaky lizard99	scan	les deux verites concordent	0ff7b934	SOUS_RESERVE	xAssazzinx23x
ls	084a804d	894636	China6777	marche	les deux verites concordent	53b1e6c5	VALIDE	GamingDragon27
ls	084a804d	896638	Madina97294	marche	les deux verites concordent	53b1e6c5	VALIDE	GamingDragon27
ls	084a804d	900845	Naija Nightmare	marche	les deux verites concordent	0000b29c	SOUS_RESERVE	Dr Wafflcopter
ls	084a804d	901480	TOKY SAN8781	marche	les deux verites concordent	0000b238	SOUS_RESERVE	LordSiBaSiBa
ls	084a804d	903217	EvilestSand791	marche	les deux verites concordent	13ff7bdf	SOUS_RESERVE	x K i R i l L x
ls	084a804d	911924	DavidGoggin8369	marche	les deux verites concordent	7d012346	SOUS_RESERVE	Lionforce117
ls	084a804d	911987	LordSiBaSiBa	marche	les deux verites concordent	a21bf18a	VALIDE	GamingDragon27
ls	084a804d	914993	x K i R i l L x	marche	les deux verites concordent	0000b29c	SOUS_RESERVE	The Juicy Jules
ls	084a804d	923435	BLAZER5Parrish	marche	les deux verites concordent	0000005f	INCONNU	GamingDragon27
ls	084a804d	924202	Madina97294	marche	les deux verites concordent	0000b29c	SOUS_RESERVE	xAssazzinx23x
ls	084a804d	925770	John Wick7648	marche	les deux verites concordent	0000005f	INCONNU	GamingDragon27
ls	084a804d	930576	SimpleJack2008	marche	les deux verites concordent	0000b29c	SOUS_RESERVE	xAssazzinx23x
ls	084a804d	932110	Dr Wafflcopter	marche	les deux verites concordent	7d012346	SOUS_RESERVE	Lionforce117
ls	084a804d	937582	TOKY SAN8781	marche	les deux verites concordent	0000b29c	SOUS_RESERVE	Naija Nightmare
ls	084a804d	942924	China6777	scan	les deux verites concordent	e9941862	SOUS_RESERVE	FusedCabbage283
ls	084a804d	946361	xAssazzinx23x	marche	les deux verites concordent	da3b5ba4	VALIDE	LordSiBaSiBa
ls	084a804d	947322	AX3L SANT1	marche	les deux verites concordent	acd1cff4	SOUS_RESERVE	FusedCabbage283
ls	084a804d	947458	RapidTundra	marche	les deux verites concordent	0000b29c	SOUS_RESERVE	Madina97294
ls	084a804d	950432	Prime IK	marche	les deux verites concordent	53b1e6c5	VALIDE	GamingDragon27
ls	084a804d	954800	Naija Nightmare	marche	les deux verites concordent	15cdba9d	VALIDE	FRONTLINE242494
ls	084a804d	958974	sneaky lizard99	marche	les deux verites concordent	fa4fad21	VALIDE	GamingDragon27
ls	084a804d	960538	John Wick7648	marche	les deux verites concordent	0000005f	INCONNU	xB3N M4Rt1Nx
ls	084a804d	960706	The Juicy Jules	marche	les deux verites concordent	7d012346	SOUS_RESERVE	x K i R i l L x
ls	084a804d	965311	xB3N M4Rt1Nx	marche	les deux verites concordent	7d012346	SOUS_RESERVE	x K i R i l L x
ls	084a804d	974890	GamingDragon27	marche	les deux verites concordent	366522a6	VALIDE	SimpleJack2008
ls	084a804d	975955	EvilestSand791	marche	les deux verites concordent	0000b238	SOUS_RESERVE	Madina97294
ls	084a804d	979160	Lionforce117	marche	les deux verites concordent	ab06203c	VALIDE	xAssazzinx23x
ls	084a804d	982290	John Wick7648	marche	les deux verites concordent	ab06203c	VALIDE	xAssazzinx23x
ls	084a804d	984129	RapidTundra	marche	les deux verites concordent	0000b238	SOUS_RESERVE	AX3L SANT1
ls	084a804d	984599	xAssazzinx23x	marche	les deux verites concordent	e9941862	SOUS_RESERVE	SimpleJack2008
ls	084a804d	989005	BLAZER5Parrish	marche	les deux verites concordent	0bece71e	VALIDE	Dr Wafflcopter
ls	084a804d	990507	Madina97294	marche	les deux verites concordent	acd1cff4	SOUS_RESERVE	FusedCabbage283
ls	084a804d	995841	sneaky lizard99	marche	les deux verites concordent	0000b29c	SOUS_RESERVE	FRONTLINE242494
ls	084a804d	1004217	TOKY SAN8781	marche	les deux verites concordent	038ad14c	SOUS_RESERVE	LordSiBaSiBa
ls	084a804d	1008054	Dr Wafflcopter	marche	les deux verites concordent	7d012346	SOUS_RESERVE	x K i R i l L x
ls	084a804d	1011887	EvilestSand791	marche	les deux verites concordent	e9941862	SOUS_RESERVE	SimpleJack2008
ls	084a804d	1016095	x K i R i l L x	marche	les deux verites concordent	038ad14c	SOUS_RESERVE	xAssazzinx23x
ls	084a804d	1017058	Madina97294	marche	les deux verites concordent	00426796	VALIDE	xB3N M4Rt1Nx
ls	084a804d	1018900	AX3L SANT1	marche	les deux verites concordent	acd1cff4	SOUS_RESERVE	FusedCabbage283
ls	084a804d	1020670	FusedCabbage283	marche	les deux verites concordent	7d012346	SOUS_RESERVE	LordSiBaSiBa
ls	084a804d	1021738	John Wick7648	marche	les deux verites concordent	0bece71e	VALIDE	The Juicy Jules
ls	084a804d	1022163	China6777	marche	les deux verites concordent	7d012346	SOUS_RESERVE	xAssazzinx23x
ls	084a804d	1023602	FRONTLINE242494	marche	les deux verites concordent	0000b29c	SOUS_RESERVE	Naija Nightmare
ls	084a804d	1023868	BLAZER5Parrish	marche	les deux verites concordent	003f582d	VALIDE	GamingDragon27
ls	084a804d	1026767	SimpleJack2008	marche	les deux verites concordent	7d012346	SOUS_RESERVE	xAssazzinx23x
ls	084a804d	1029011	xB3N M4Rt1Nx	marche	les deux verites concordent	00426796	VALIDE	sneaky lizard99
ls	084a804d	1030041	sneaky lizard99	marche	les deux verites concordent	daa03c35	VALIDE	GamingDragon27
ls	084a804d	1031543	Prime IK	marche	les deux verites concordent	0000b29c	SOUS_RESERVE	RapidTundra
ls	084a804d	1031576	GamingDragon27	marche	les deux verites concordent	0000b29c	SOUS_RESERVE	x K i R i l L x
ls	084a804d	1034947	LordSiBaSiBa	scan	les deux verites concordent	0000b29c	SOUS_RESERVE	RapidTundra
ls	084a804d	1039353	RapidTundra	marche	les deux verites concordent	0000b238	SOUS_RESERVE	Naija Nightmare
ls	084a804d	1043387	DavidGoggin8369	scan	les deux verites concordent	59255106	VALIDE	John Wick7648
ls	084a804d	1045489	China6777	marche	les deux verites concordent	f81f1a01	SOUS_RESERVE	xAssazzinx23x
ls	084a804d	1049461	Lionforce117	marche	les deux verites concordent	0bece71e	VALIDE	The Juicy Jules
ls	084a804d	1051566	TOKY SAN8781	marche	les deux verites concordent	0000b29c	SOUS_RESERVE	John Wick7648
ls	084a804d	1053171	Prime IK	scan	les deux verites concordent	f81f1a01	SOUS_RESERVE	xAssazzinx23x
ls	084a804d	1056609	EvilestSand791	marche	les deux verites concordent	0000005f	INCONNU	BLAZER5Parrish
ls	084a804d	1058372	John Wick7648	marche	les deux verites concordent	f81f1a01	SOUS_RESERVE	xAssazzinx23x
ls	084a804d	1060174	Dr Wafflcopter	marche	les deux verites concordent	0000b238	SOUS_RESERVE	Naija Nightmare
ls	084a804d	1063777	xAssazzinx23x	marche	les deux verites concordent	0000b29c	SOUS_RESERVE	x K i R i l L x
ls	084a804d	1067481	FusedCabbage283	marche	les deux verites concordent	0000b29c	SOUS_RESERVE	Naija Nightmare
ls	084a804d	1069847	x K i R i l L x	marche	les deux verites concordent	0bece71e	VALIDE	The Juicy Jules
ls	111fa685	89437	LuckierWolf2133	marche	les deux verites concordent	e9941862	SOUS_RESERVE	Clawed624
ls	111fa685	92837	LotusGrahamB	marche	les deux verites concordent	da3b5ba4	VALIDE	Malafama517
ls	111fa685	93073	Malafama517	marche	les deux verites concordent	7654f890	SOUS_RESERVE	RullandeAska
ls	111fa685	93407	Wolfspirit4376	marche	les deux verites concordent	7654f890	SOUS_RESERVE	PepeLePewPew216
ls	111fa685	99412	Csicronos9116	marche	les deux verites concordent	daa03c35	VALIDE	Ix Lutvi xI
ls	111fa685	101078	RullandeAska	marche	les deux verites concordent	ab06203c	VALIDE	DaintierCanoe61
ls	111fa685	102919	FlexedJam542233	marche	les deux verites concordent	bb1a095b	SOUS_RESERVE	kyle the miner7
ls	111fa685	104751	Fireleg29	marche	les deux verites concordent	7ff0849c	SOUS_RESERVE	NIKIVANMO1012
ls	111fa685	108189	SparedRaptor	marche	les deux verites concordent	ab06203c	VALIDE	DaintierCanoe61
ls	111fa685	109954	Malafama517	marche	les deux verites concordent	d468178e	SOUS_RESERVE	AromaticSugar50
ls	111fa685	112323	kyle the miner7	marche	les deux verites concordent	ec919da5	SOUS_RESERVE	PepeLePewPew216
ls	111fa685	113126	PepeLePewPew216	marche	les deux verites concordent	ab06203c	VALIDE	DaintierCanoe61
ls	111fa685	118061	LuckierWolf2133	marche	les deux verites concordent	d468178e	SOUS_RESERVE	AromaticSugar50
ls	111fa685	118564	AromaticSugar50	marche	les deux verites concordent	8b1f83ee	SOUS_RESERVE	Klu6Paradise
ls	111fa685	124570	Wolfspirit4376	marche	les deux verites concordent	daa03c35	VALIDE	Clawed624
ls	111fa685	125139	RullandeAska	marche	les deux verites concordent	35e75533	SOUS_RESERVE	Csicronos9116
ls	111fa685	125975	NIKIVANMO1012	marche	les deux verites concordent	8add9998	SOUS_RESERVE	Madina97294
ls	111fa685	131547	X44 YetiSav	marche	les deux verites concordent	d468178e	SOUS_RESERVE	Clawed624
ls	111fa685	133981	Csicronos9116	marche	les deux verites concordent	daa03c35	VALIDE	PepeLePewPew216
ls	111fa685	135952	Madina97294	marche	les deux verites concordent	8add9998	SOUS_RESERVE	kyle the miner7
ls	111fa685	138054	SparedRaptor	marche	les deux verites concordent	e1f38ea2	SOUS_RESERVE	Malafama517
ls	111fa685	140420	F Bondurant	marche	les deux verites concordent	daa03c35	VALIDE	Clawed624
ls	111fa685	141593	Clawed624	marche	les deux verites concordent	8b1f83ee	SOUS_RESERVE	Klu6Paradise
ls	111fa685	141653	EvilBunny6234	marche	les deux verites concordent	a0a6ed31	VALIDE	DaintierCanoe61
ls	111fa685	157741	RullandeAska	marche	les deux verites concordent	8add9998	SOUS_RESERVE	kyle the miner7
ls	111fa685	157938	LuckierWolf2133	marche	les deux verites concordent	bb1a095b	SOUS_RESERVE	AromaticSugar50
ls	111fa685	159041	PepeLePewPew216	marche	les deux verites concordent	d468178e	SOUS_RESERVE	NIKIVANMO1012
ls	111fa685	159671	Fireleg29	marche	les deux verites concordent	d468178e	SOUS_RESERVE	NIKIVANMO1012
ls	111fa685	161344	LotusGrahamB	marche	les deux verites concordent	ab06203c	VALIDE	DaintierCanoe61
ls	111fa685	162709	NIKIVANMO1012	marche	les deux verites concordent	daa03c35	VALIDE	SparedRaptor
ls	111fa685	163977	Klu6Paradise	marche	les deux verites concordent	7ff0849c	SOUS_RESERVE	Madina97294
ls	111fa685	166848	FlexedJam542233	marche	les deux verites concordent	ab06203c	VALIDE	DaintierCanoe61
ls	111fa685	171419	X44 YetiSav	marche	les deux verites concordent	7ff0849c	SOUS_RESERVE	Madina97294
ls	111fa685	174621	SparedRaptor	scan	les deux verites concordent	8add9998	SOUS_RESERVE	Csicronos9116
ls	111fa685	177888	kyle the miner7	marche	les deux verites concordent	d468178e	SOUS_RESERVE	AromaticSugar50
ls	111fa685	179028	AromaticSugar50	marche	les deux verites concordent	0000d57f	SOUS_RESERVE	Klu6Paradise
ls	111fa685	179190	Wolfspirit4376	marche	les deux verites concordent	d468178e	SOUS_RESERVE	AromaticSugar50
ls	111fa685	179192	LuckierWolf2133	scan	les deux verites concordent	d468178e	SOUS_RESERVE	AromaticSugar50
ls	111fa685	183331	LotusGrahamB	marche	les deux verites concordent	e1f38ea2	SOUS_RESERVE	JoooZzzeAavalos
ls	111fa685	189333	RullandeAska	marche	les deux verites concordent	8add9998	SOUS_RESERVE	Csicronos9116
ls	111fa685	191735	EvilBunny6234	marche	les deux verites concordent	e1f38ea2	SOUS_RESERVE	JoooZzzeAavalos
ls	111fa685	193809	Madina97294	marche	les deux verites concordent	d468178e	SOUS_RESERVE	Klu6Paradise
ls	111fa685	196110	JoooZzzeAavalos	marche	les deux verites concordent	d468178e	SOUS_RESERVE	Clawed624
ls	111fa685	199279	Klu6Paradise	marche	les deux verites concordent	59255106	VALIDE	AromaticSugar50
ls	111fa685	200016	DaintierCanoe61	marche	les deux verites concordent	e9941862	SOUS_RESERVE	Fireleg29
ls	111fa685	204254	AromaticSugar50	marche	les deux verites concordent	e1f38ea2	SOUS_RESERVE	kyle the miner7
ls	111fa685	205419	NIKIVANMO1012	marche	les deux verites concordent	2ff92041	VALIDE	Clawed624
ls	111fa685	205421	Clawed624	marche	les deux verites concordent	2ff92041	VALIDE	NIKIVANMO1012
ls	111fa685	206952	Csicronos9116	marche	les deux verites concordent	e1f38ea2	SOUS_RESERVE	PepeLePewPew216
ls	111fa685	208289	Malafama517	marche	les deux verites concordent	698aacdb	SOUS_RESERVE	FlexedJam542233
ls	111fa685	210826	FlexedJam542233	marche	les deux verites concordent	e1f38ea2	SOUS_RESERVE	kyle the miner7
ls	111fa685	211763	X44 YetiSav	marche	les deux verites concordent	8b1f83ee	SOUS_RESERVE	Madina97294
ls	111fa685	216596	Sree baby	marche	les deux verites concordent	bb1a095b	SOUS_RESERVE	Madina97294
ls	111fa685	221836	Madina97294	marche	les deux verites concordent	1f11df6b	SOUS_RESERVE	NIKIVANMO1012
ls	111fa685	222336	kyle the miner7	marche	les deux verites concordent	bb1a095b	SOUS_RESERVE	Ix Lutvi xI
ls	111fa685	228909	SparedRaptor	marche	les deux verites concordent	ef5d9e6c	SOUS_RESERVE	DaintierCanoe61
ls	111fa685	232783	Malafama517	scan	les deux verites concordent	130c4b61	SOUS_RESERVE	AromaticSugar50
ls	111fa685	235349	RullandeAska	marche	les deux verites concordent	ef5d9e6c	SOUS_RESERVE	Wolfspirit4376
ls	111fa685	236448	LotusGrahamB	marche	les deux verites concordent	6a761168	SOUS_RESERVE	JoooZzzeAavalos
ls	111fa685	240184	PepeLePewPew216	marche	les deux verites concordent	e1f38ea2	SOUS_RESERVE	DaintierCanoe61
ls	111fa685	250797	SparedRaptor	marche	les deux verites concordent	daa03c35	VALIDE	DaintierCanoe61
ls	111fa685	253236	Klu6Paradise	marche	les deux verites concordent	e1f38ea2	SOUS_RESERVE	Fireleg29
ls	111fa685	254899	FlexedJam542233	marche	les deux verites concordent	7e6a7461	SOUS_RESERVE	Klu6Paradise
ls	111fa685	254906	Madina97294	marche	les deux verites concordent	ef5d9e6c	SOUS_RESERVE	Wolfspirit4376
ls	111fa685	255102	X44 YetiSav	marche	les deux verites concordent	7654f890	SOUS_RESERVE	Ix Lutvi xI
ls	111fa685	257802	Wolfspirit4376	marche	les deux verites concordent	0000d57f	SOUS_RESERVE	Fireleg29
ls	111fa685	259804	Clawed624	marche	les deux verites concordent	e9941862	SOUS_RESERVE	JoooZzzeAavalos
ls	111fa685	260605	Ix Lutvi xI	marche	les deux verites concordent	130c4b61	SOUS_RESERVE	kyle the miner7
ls	111fa685	260710	LotusGrahamB	marche	les deux verites concordent	d468178e	SOUS_RESERVE	DaintierCanoe61
ls	111fa685	261876	EvilBunny6234	marche	les deux verites concordent	daa03c35	VALIDE	Sree baby
ls	111fa685	262307	Csicronos9116	marche	les deux verites concordent	130c4b61	SOUS_RESERVE	AromaticSugar50
ls	111fa685	262776	LuckierWolf2133	scan	les deux verites concordent	1f11df6b	SOUS_RESERVE	RullandeAska
ls	111fa685	263912	Sree baby	marche	les deux verites concordent	7e6a7461	SOUS_RESERVE	EvilBunny6234
ls	111fa685	265313	Fireleg29	marche	les deux verites concordent	d468178e	SOUS_RESERVE	DaintierCanoe61
ls	111fa685	268817	RullandeAska	marche	les deux verites concordent	d468178e	SOUS_RESERVE	DaintierCanoe61
ls	111fa685	269650	PepeLePewPew216	marche	les deux verites concordent	8add9998	SOUS_RESERVE	kyle the miner7
ls	111fa685	274923	FlexedJam542233	marche	les deux verites concordent	0000b29c	SOUS_RESERVE	X44 YetiSav
ls	111fa685	279396	Klu6Paradise	marche	les deux verites concordent	e1f38ea2	SOUS_RESERVE	Madina97294
ls	111fa685	280826	Madina97294	marche	les deux verites concordent	130c4b61	SOUS_RESERVE	kyle the miner7
ls	111fa685	286800	EvilBunny6234	marche	les deux verites concordent	daa03c35	VALIDE	kyle the miner7
ls	111fa685	289304	SparedRaptor	marche	les deux verites concordent	e1f38ea2	SOUS_RESERVE	NIKIVANMO1012
ls	111fa685	293738	F Bondurant	marche	les deux verites concordent	d468178e	SOUS_RESERVE	PepeLePewPew216
ls	111fa685	293808	LotusGrahamB	marche	les deux verites concordent	ef5d9e6c	SOUS_RESERVE	DaintierCanoe61
ls	111fa685	300682	Ix Lutvi xI	marche	les deux verites concordent	ef5d9e6c	SOUS_RESERVE	DaintierCanoe61
ls	111fa685	303251	kyle the miner7	marche	les deux verites concordent	7ff0849c	SOUS_RESERVE	RullandeAska
ls	111fa685	303818	Clawed624	marche	les deux verites concordent	0000b29c	SOUS_RESERVE	X44 YetiSav
ls	111fa685	305755	Malafama517	marche	les deux verites concordent	5eaa815c	SOUS_RESERVE	AromaticSugar50
ls	111fa685	305853	FlexedJam542233	marche	les deux verites concordent	ef5d9e6c	SOUS_RESERVE	DaintierCanoe61
ls	111fa685	306585	Fireleg29	marche	les deux verites concordent	5eaa815c	SOUS_RESERVE	Klu6Paradise
ls	111fa685	312290	JoooZzzeAavalos	marche	les deux verites concordent	d7314bef	SOUS_RESERVE	AromaticSugar50
ls	111fa685	314629	RullandeAska	marche	les deux verites concordent	35e75533	SOUS_RESERVE	LuckierWolf2133
ls	111fa685	316430	Madina97294	marche	les deux verites concordent	ef5d9e6c	SOUS_RESERVE	DaintierCanoe61
ls	111fa685	317499	DaintierCanoe61	marche	les deux verites concordent	0000b29c	SOUS_RESERVE	AromaticSugar50
ls	111fa685	317996	Csicronos9116	marche	les deux verites concordent	59255106	VALIDE	SparedRaptor
ls	111fa685	320301	X44 YetiSav	marche	les deux verites concordent	0000b29c	SOUS_RESERVE	AromaticSugar50
ls	111fa685	321869	kyle the miner7	marche	les deux verites concordent	130c4b61	SOUS_RESERVE	Clawed624
ls	111fa685	322272	EvilBunny6234	marche	les deux verites concordent	5eaa815c	SOUS_RESERVE	Klu6Paradise
ls	111fa685	324676	AromaticSugar50	marche	les deux verites concordent	d468178e	SOUS_RESERVE	Malafama517
ls	111fa685	328407	Malafama517	marche	les deux verites concordent	130c4b61	SOUS_RESERVE	FlexedJam542233
ls	111fa685	331346	Fireleg29	marche	les deux verites concordent	2ff92041	VALIDE	F Bondurant
ls	111fa685	340456	Clawed624	marche	les deux verites concordent	7ff0849c	SOUS_RESERVE	LuckierWolf2133
ls	111fa685	347900	F Bondurant	marche	les deux verites concordent	7ff0849c	SOUS_RESERVE	Madina97294
ls	111fa685	350529	themaninblack42	marche	les deux verites concordent	59255106	VALIDE	Sree baby
ls	111fa685	351767	Madina97294	marche	les deux verites concordent	2ff92041	VALIDE	Wolfspirit4376
ls	111fa685	351864	RullandeAska	marche	les deux verites concordent	5eaa815c	SOUS_RESERVE	Klu6Paradise
ls	111fa685	356801	NIKIVANMO1012	scan	les deux verites concordent	130c4b61	SOUS_RESERVE	AromaticSugar50
ls	111fa685	360711	Malafama517	marche	les deux verites concordent	130c4b61	SOUS_RESERVE	AromaticSugar50
ls	111fa685	361673	JoooZzzeAavalos	marche	les deux verites concordent	e1f38ea2	SOUS_RESERVE	Ix Lutvi xI
ls	111fa685	366615	AromaticSugar50	marche	les deux verites concordent	ef5d9e6c	SOUS_RESERVE	kyle the miner7
ls	111fa685	366882	SparedRaptor	marche	les deux verites concordent	0000b238	SOUS_RESERVE	Sree baby
ls	111fa685	369483	Madina97294	scan	les deux verites concordent	ef5d9e6c	SOUS_RESERVE	kyle the miner7
ls	111fa685	373685	kyle the miner7	marche	les deux verites concordent	d468178e	SOUS_RESERVE	Clawed624
ls	111fa685	375859	F Bondurant	marche	les deux verites concordent	130c4b61	SOUS_RESERVE	RullandeAska
ls	111fa685	376157	NIKIVANMO1012	scan	les deux verites concordent	13ff7bdf	SOUS_RESERVE	themaninblack42
ls	111fa685	380763	Clawed624	marche	les deux verites concordent	7ff0849c	SOUS_RESERVE	LuckierWolf2133
ls	111fa685	382564	SparedRaptor	marche	les deux verites concordent	ef5d9e6c	SOUS_RESERVE	Malafama517
ls	111fa685	383164	themaninblack42	marche	les deux verites concordent	698aacdb	SOUS_RESERVE	Csicronos9116
ls	111fa685	389906	Sree baby	marche	les deux verites concordent	130c4b61	SOUS_RESERVE	RullandeAska
ls	111fa685	390203	Klu6Paradise	marche	les deux verites concordent	5eaa815c	SOUS_RESERVE	FlexedJam542233
ls	111fa685	393911	DaintierCanoe61	marche	les deux verites concordent	130c4b61	SOUS_RESERVE	RullandeAska
ls	111fa685	394044	Csicronos9116	marche	les deux verites concordent	7654f890	SOUS_RESERVE	AromaticSugar50
ls	111fa685	394406	Wolfspirit4376	marche	les deux verites concordent	e9941862	SOUS_RESERVE	PepeLePewPew216
ls	111fa685	399784	RullandeAska	marche	les deux verites concordent	ef5d9e6c	SOUS_RESERVE	Malafama517
ls	111fa685	400553	NIKIVANMO1012	marche	les deux verites concordent	003f582d	VALIDE	themaninblack42
ls	111fa685	402119	LuckierWolf2133	marche	les deux verites concordent	e1f38ea2	SOUS_RESERVE	Ix Lutvi xI
ls	111fa685	407924	F Bondurant	marche	les deux verites concordent	7654f890	SOUS_RESERVE	AromaticSugar50
ls	111fa685	412798	X44 YetiSav	marche	les deux verites concordent	7654f890	SOUS_RESERVE	AromaticSugar50
ls	111fa685	413325	kyle the miner7	marche	les deux verites concordent	00426796	VALIDE	FlexedJam542233
ls	111fa685	417433	themaninblack42	marche	les deux verites concordent	59255106	VALIDE	Klu6Paradise
ls	111fa685	418297	RullandeAska	scan	les deux verites concordent	59255106	VALIDE	Klu6Paradise
ls	111fa685	418334	Wolfspirit4376	marche	les deux verites concordent	7654f890	SOUS_RESERVE	AromaticSugar50
ls	111fa685	420202	Madina97294	marche	les deux verites concordent	ef5d9e6c	SOUS_RESERVE	Malafama517
ls	111fa685	423171	Csicronos9116	marche	les deux verites concordent	7ff0849c	SOUS_RESERVE	EvilBunny6234
ls	111fa685	430479	AromaticSugar50	marche	les deux verites concordent	038ad14c	SOUS_RESERVE	Sree baby
ls	111fa685	430876	FlexedJam542233	marche	les deux verites concordent	d468178e	SOUS_RESERVE	JoooZzzeAavalos
ls	111fa685	436118	Malafama517	marche	les deux verites concordent	038ad14c	SOUS_RESERVE	Clawed624
ls	111fa685	440123	kyle the miner7	marche	les deux verites concordent	d468178e	SOUS_RESERVE	RullandeAska
ls	111fa685	441690	PepeLePewPew216	marche	les deux verites concordent	ef5d9e6c	SOUS_RESERVE	DaintierCanoe61
ls	111fa685	446796	Sree baby	marche	les deux verites concordent	daa03c35	VALIDE	Madina97294
ls	111fa685	447065	LuckierWolf2133	marche	les deux verites concordent	d468178e	SOUS_RESERVE	RullandeAska
ls	111fa685	448066	EvilBunny6234	marche	les deux verites concordent	cf2285af	SOUS_RESERVE	Wolfspirit4376
ls	111fa685	448097	Fireleg29	marche	les deux verites concordent	0000b238	SOUS_RESERVE	Klu6Paradise
ls	111fa685	450763	NIKIVANMO1012	marche	les deux verites concordent	0000d57f	SOUS_RESERVE	SparedRaptor
ls	111fa685	451233	Klu6Paradise	marche	les deux verites concordent	8b1f83ee	SOUS_RESERVE	FlexedJam542233
ls	111fa685	455470	Madina97294	marche	les deux verites concordent	62ea636f	SOUS_RESERVE	F Bondurant
ls	111fa685	463112	DaintierCanoe61	marche	les deux verites concordent	bb1a095b	SOUS_RESERVE	RullandeAska
ls	111fa685	466482	JoooZzzeAavalos	marche	les deux verites concordent	2ff92041	VALIDE	AromaticSugar50
ls	111fa685	466484	AromaticSugar50	marche	les deux verites concordent	daa03c35	VALIDE	JoooZzzeAavalos
ls	111fa685	470385	FlexedJam542233	marche	les deux verites concordent	2ff92041	VALIDE	F Bondurant
ls	111fa685	471719	RullandeAska	marche	les deux verites concordent	7654f890	SOUS_RESERVE	Sree baby
ls	111fa685	476060	F Bondurant	marche	les deux verites concordent	5eaa815c	SOUS_RESERVE	themaninblack42
ls	111fa685	477964	NIKIVANMO1012	marche	les deux verites concordent	382cafaf	VALIDE	LotusGrahamB
ls	111fa685	479596	themaninblack42	marche	les deux verites concordent	daa03c35	VALIDE	kyle the miner7
ls	111fa685	481295	LuckierWolf2133	marche	les deux verites concordent	daa03c35	VALIDE	Madina97294
ls	111fa685	482497	SparedRaptor	marche	les deux verites concordent	daa03c35	VALIDE	kyle the miner7
ls	111fa685	483196	kyle the miner7	marche	les deux verites concordent	0000d627	VALIDE	SparedRaptor
ls	111fa685	483637	EvilBunny6234	marche	les deux verites concordent	d468178e	SOUS_RESERVE	X44 YetiSav
ls	111fa685	483642	LotusGrahamB	marche	les deux verites concordent	d468178e	SOUS_RESERVE	X44 YetiSav
ls	111fa685	484869	Wolfspirit4376	marche	les deux verites concordent	038ad14c	SOUS_RESERVE	Fireleg29
ls	111fa685	489502	AromaticSugar50	marche	les deux verites concordent	e1f38ea2	SOUS_RESERVE	Malafama517
ls	111fa685	496344	DaintierCanoe61	marche	les deux verites concordent	35e75533	SOUS_RESERVE	Madina97294
ls	111fa685	498647	RullandeAska	marche	les deux verites concordent	59255106	VALIDE	Sree baby
ls	111fa685	500153	Ix Lutvi xI	marche	les deux verites concordent	59255106	VALIDE	JoooZzzeAavalos
ls	111fa685	506488	Klu6Paradise	marche	les deux verites concordent	038ad14c	SOUS_RESERVE	Clawed624
ls	111fa685	506521	X44 YetiSav	marche	les deux verites concordent	35e75533	SOUS_RESERVE	Madina97294
ls	111fa685	507927	F Bondurant	marche	les deux verites concordent	59255106	VALIDE	PepeLePewPew216
ls	111fa685	516030	Malafama517	marche	les deux verites concordent	ef5d9e6c	SOUS_RESERVE	EvilBunny6234
ls	111fa685	517397	Csicronos9116	marche	les deux verites concordent	0000d57f	SOUS_RESERVE	themaninblack42
ls	111fa685	521269	Wolfspirit4376	marche	les deux verites concordent	ef5d9e6c	SOUS_RESERVE	Fireleg29
ls	111fa685	524072	Fireleg29	marche	les deux verites concordent	0000b238	SOUS_RESERVE	NIKIVANMO1012
ls	111fa685	525209	PepeLePewPew216	marche	les deux verites concordent	d468178e	SOUS_RESERVE	kyle the miner7
ls	111fa685	526875	Sree baby	marche	les deux verites concordent	038ad14c	SOUS_RESERVE	Clawed624
ls	111fa685	528009	Clawed624	marche	les deux verites concordent	f3c1f9a8	SOUS_RESERVE	Klu6Paradise
ls	111fa685	529675	Madina97294	scan	les deux verites concordent	0000d57f	SOUS_RESERVE	DaintierCanoe61
ls	111fa685	530278	FlexedJam542233	marche	les deux verites concordent	698aacdb	SOUS_RESERVE	JoooZzzeAavalos
ls	111fa685	534749	RullandeAska	marche	les deux verites concordent	f3c1f9a8	SOUS_RESERVE	Klu6Paradise
ls	111fa685	535819	SparedRaptor	marche	les deux verites concordent	5eaa815c	SOUS_RESERVE	DaintierCanoe61
ls	111fa685	535821	themaninblack42	marche	les deux verites concordent	d7314bef	SOUS_RESERVE	DaintierCanoe61
ls	111fa685	538317	LuckierWolf2133	marche	les deux verites concordent	d468178e	SOUS_RESERVE	AromaticSugar50
ls	111fa685	539018	AromaticSugar50	marche	les deux verites concordent	cf2285af	SOUS_RESERVE	kyle the miner7
ls	111fa685	541325	DaintierCanoe61	marche	les deux verites concordent	cf2285af	SOUS_RESERVE	PepeLePewPew216
ls	111fa685	545128	Ix Lutvi xI	marche	les deux verites concordent	d468178e	SOUS_RESERVE	kyle the miner7
ls	111fa685	545130	EvilBunny6234	marche	les deux verites concordent	d468178e	SOUS_RESERVE	kyle the miner7
ls	111fa685	546193	PepeLePewPew216	marche	les deux verites concordent	0000b238	SOUS_RESERVE	NIKIVANMO1012
ls	111fa685	548966	NIKIVANMO1012	marche	les deux verites concordent	e1f38ea2	SOUS_RESERVE	Madina97294
ls	111fa685	550465	kyle the miner7	marche	les deux verites concordent	1f11df6b	SOUS_RESERVE	FlexedJam542233
ls	111fa685	554035	Fireleg29	marche	les deux verites concordent	f3c1f9a8	SOUS_RESERVE	Klu6Paradise
ls	111fa685	560277	Csicronos9116	marche	les deux verites concordent	d468178e	SOUS_RESERVE	RullandeAska
ls	111fa685	560342	Sree baby	marche	les deux verites concordent	f3c1f9a8	SOUS_RESERVE	themaninblack42
ls	111fa685	560609	Madina97294	marche	les deux verites concordent	f3c1f9a8	SOUS_RESERVE	Klu6Paradise
ls	111fa685	566549	SparedRaptor	marche	les deux verites concordent	ef5d9e6c	SOUS_RESERVE	F Bondurant
ls	11de8353	119367	Jr Alan4358	marche	les deux verites concordent	d468178e	SOUS_RESERVE	FolkPluto704956
ls	11de8353	134854	The Chuggly 773	marche	les deux verites concordent	d468178e	SOUS_RESERVE	FolkPluto704956
ls	11de8353	138558	Madina97294	marche	les deux verites concordent	d468178e	SOUS_RESERVE	FolkPluto704956
ls	11de8353	140159	BreadCrum69	marche	les deux verites concordent	003ce738	SOUS_RESERVE	Sacharmsss
ls	11de8353	140222	FolkPluto704956	marche	les deux verites concordent	0d203522	VALIDE	El Fafa117
ls	11de8353	149568	FeastyOwl	marche	les deux verites concordent	038ad14c	SOUS_RESERVE	SilentxSerenade
ls	11de8353	150904	SilentxSerenade	marche	les deux verites concordent	7ff0849c	SOUS_RESERVE	Butt3rb0y8747
ls	11de8353	155073	D1bum8841	marche	les deux verites concordent	003ce738	SOUS_RESERVE	cejos
ls	11de8353	155443	Jr Alan4358	marche	les deux verites concordent	e1f38ea2	SOUS_RESERVE	Sneakierfour42
ls	11de8353	155811	LLoner554	marche	les deux verites concordent	13ff7bdf	SOUS_RESERVE	SonicBlast3359
ls	11de8353	159514	El Fafa117	marche	les deux verites concordent	2ff92041	VALIDE	NobleLuna19
ls	11de8353	163054	Madina97294	marche	les deux verites concordent	daa03c35	VALIDE	FolkPluto704956
ls	11de8353	165054	Sneakierfour42	marche	les deux verites concordent	0000d57f	SOUS_RESERVE	SharpByStriking
ls	11de8353	165088	SharpByStriking	scan	les deux verites concordent	f01d60e9	SOUS_RESERVE	nusuns
ls	11de8353	168492	The Chuggly 773	marche	les deux verites concordent	ef5d9e6c	SOUS_RESERVE	SonicBlast3359
ls	11de8353	169126	cejos	marche	les deux verites concordent	1f11df6b	SOUS_RESERVE	Arsenat3
ls	11de8353	180306	SeAnFaWn17	marche	les deux verites concordent	ef5d9e6c	SOUS_RESERVE	Sacharmsss
ls	11de8353	184544	Sacharmsss	marche	les deux verites concordent	130c4b61	SOUS_RESERVE	cejos
ls	11de8353	184845	Butt3rb0y8747	marche	les deux verites concordent	f01d60e9	SOUS_RESERVE	nusuns
ls	11de8353	185045	FeastyOwl	marche	les deux verites concordent	ef5d9e6c	SOUS_RESERVE	Arsenat3
ls	11de8353	188379	Arsenat3	marche	les deux verites concordent	130c4b61	SOUS_RESERVE	cejos
ls	11de8353	190250	CJOPS24	marche	les deux verites concordent	0000b238	SOUS_RESERVE	LLoner554
ls	11de8353	196489	LLoner554	marche	les deux verites concordent	daa03c35	VALIDE	SilentxSerenade
ls	11de8353	197390	D1bum8841	marche	les deux verites concordent	f3c1f9a8	SOUS_RESERVE	Splendrick
ls	11de8353	201795	ElBicho0707	marche	les deux verites concordent	35e75533	SOUS_RESERVE	El Fafa117
ls	11de8353	203530	FolkPluto704956	marche	les deux verites concordent	ef5d9e6c	SOUS_RESERVE	Splendrick
ls	11de8353	209669	BreadCrum69	marche	les deux verites concordent	0000005f	INCONNU	NobleLuna19
ls	11de8353	213673	QuanDuhDon7276	marche	les deux verites concordent	daa03c35	VALIDE	El Fafa117
ls	11de8353	214174	cejos	marche	les deux verites concordent	ef5d9e6c	SOUS_RESERVE	SonicBlast3359
ls	11de8353	217477	El Fafa117	marche	les deux verites concordent	166ba62b	SOUS_RESERVE	nusuns
ls	11de8353	220113	nusuns	marche	les deux verites concordent	daa03c35	VALIDE	SharpByStriking
ls	11de8353	222882	CJOPS24	marche	les deux verites concordent	ef5d9e6c	SOUS_RESERVE	Splendrick
ls	11de8353	227787	Butt3rb0y8747	marche	les deux verites concordent	8b1f83ee	SOUS_RESERVE	FolkPluto704956
ls	11de8353	231193	ElBicho0707	marche	les deux verites concordent	1f11df6b	SOUS_RESERVE	The Chuggly 773
ls	11de8353	231860	Sacharmsss	marche	les deux verites concordent	ef5d9e6c	SOUS_RESERVE	Splendrick
ls	11de8353	233996	SeAnFaWn17	marche	les deux verites concordent	557a2b6c	VALIDE	ElBicho0707
ls	11de8353	236197	SharpByStriking	marche	les deux verites concordent	35e75533	SOUS_RESERVE	Arsenat3
ls	11de8353	236697	BreadCrum69	marche	les deux verites concordent	ef5d9e6c	SOUS_RESERVE	SonicBlast3359
ls	11de8353	241341	Jr Alan4358	marche	les deux verites concordent	0000005f	INCONNU	Sneakierfour42
ls	11de8353	241766	Madina97294	marche	les deux verites concordent	00404748	VALIDE	Sneakierfour42
ls	11de8353	241800	FeastyOwl	marche	les deux verites concordent	3584ae71	SOUS_RESERVE	QuanDuhDon7276
ls	11de8353	242738	Sneakierfour42	marche	les deux verites concordent	2ff92041	VALIDE	El Fafa117
ls	11de8353	243468	cejos	marche	les deux verites concordent	0000d57f	SOUS_RESERVE	SilentxSerenade
ls	11de8353	253283	LLoner554	marche	les deux verites concordent	13eca53f	VALIDE	Arsenat3
ls	11de8353	254382	Sacharmsss	scan	les deux verites concordent	ef5d9e6c	SOUS_RESERVE	SharpByStriking
ls	11de8353	257184	Butt3rb0y8747	marche	les deux verites concordent	ef5d9e6c	SOUS_RESERVE	QuanDuhDon7276
ls	11de8353	258819	SharpByStriking	marche	les deux verites concordent	f01d60e9	SOUS_RESERVE	FolkPluto704956
ls	11de8353	260991	D1bum8841	marche	les deux verites concordent	0000005f	INCONNU	The Chuggly 773
ls	11de8353	263323	SeAnFaWn17	marche	les deux verites concordent	ef5d9e6c	SOUS_RESERVE	SonicBlast3359
ls	11de8353	263957	SonicBlast3359	marche	les deux verites concordent	7654f890	SOUS_RESERVE	BreadCrum69
ls	11de8353	265156	FeastyOwl	marche	les deux verites concordent	13eca53f	VALIDE	Arsenat3
ls	11de8353	266328	FolkPluto704956	marche	les deux verites concordent	7654f890	SOUS_RESERVE	BreadCrum69
ls	11de8353	267858	BreadCrum69	marche	les deux verites concordent	0000d57f	SOUS_RESERVE	ElBicho0707
ls	11de8353	274000	ElBicho0707	marche	les deux verites concordent	2ff92041	VALIDE	El Fafa117
ls	11de8353	284883	El Fafa117	marche	les deux verites concordent	bb1a095b	SOUS_RESERVE	Arsenat3
ls	11de8353	288822	Madina97294	marche	les deux verites concordent	ef5d9e6c	SOUS_RESERVE	Sacharmsss
ls	11de8353	288917	Butt3rb0y8747	marche	les deux verites concordent	deffdc6b	VALIDE	QuanDuhDon7276
ls	11de8353	291319	Jr Alan4358	marche	les deux verites concordent	deffdc6b	VALIDE	QuanDuhDon7276
ls	11de8353	295661	The Chuggly 773	marche	les deux verites concordent	f3c1f9a8	SOUS_RESERVE	NobleLuna19
ls	11de8353	298429	Splendrick	marche	les deux verites concordent	ef5d9e6c	SOUS_RESERVE	Sacharmsss
ls	11de8353	303100	SilentxSerenade	marche	les deux verites concordent	daa03c35	VALIDE	SharpByStriking
ls	11de8353	304004	cejos	marche	les deux verites concordent	7c4f8a28	VALIDE	QuanDuhDon7276
ls	11de8353	308407	FeastyOwl	marche	les deux verites concordent	7654f890	SOUS_RESERVE	Sneakierfour42
ls	11de8353	319251	BreadCrum69	marche	les deux verites concordent	d468178e	SOUS_RESERVE	D1bum8841
ls	11de8353	319254	Madina97294	marche	les deux verites concordent	d468178e	SOUS_RESERVE	D1bum8841
ls	11de8353	320849	D1bum8841	marche	les deux verites concordent	d468178e	SOUS_RESERVE	El Fafa117
ls	11de8353	320958	SeAnFaWn17	marche	les deux verites concordent	59255106	VALIDE	Sacharmsss
ls	11de8353	321720	Butt3rb0y8747	marche	les deux verites concordent	0000b29c	SOUS_RESERVE	Sacharmsss
ls	11de8353	321959	El Fafa117	marche	les deux verites concordent	59255106	VALIDE	Sacharmsss
ls	11de8353	324858	SharpByStriking	marche	les deux verites concordent	deffdc6b	VALIDE	QuanDuhDon7276
ls	11de8353	325791	SonicBlast3359	marche	les deux verites concordent	0000b29c	SOUS_RESERVE	Splendrick
ls	11de8353	326925	QuanDuhDon7276	marche	les deux verites concordent	f3c1f9a8	SOUS_RESERVE	Javi9496
ls	11de8353	329725	The Chuggly 773	marche	les deux verites concordent	62ea636f	SOUS_RESERVE	FolkPluto704956
ls	11de8353	336568	BreadCrum69	marche	les deux verites concordent	bb1a095b	SOUS_RESERVE	NobleLuna19
ls	11de8353	339438	Jr Alan4358	scan	les deux verites concordent	ef5d9e6c	SOUS_RESERVE	Sacharmsss
ls	11de8353	340806	Javi9496	marche	les deux verites concordent	166ba62b	SOUS_RESERVE	SilentxSerenade
ls	11de8353	346077	cejos	marche	les deux verites concordent	bb1a095b	SOUS_RESERVE	Arsenat3
ls	11de8353	356322	Splendrick	marche	les deux verites concordent	130c4b61	SOUS_RESERVE	CJOPS24
ls	11de8353	356757	SharpByStriking	marche	les deux verites concordent	7654f890	SOUS_RESERVE	SilentxSerenade
ls	11de8353	359627	Javi9496	scan	les deux verites concordent	7654f890	SOUS_RESERVE	SilentxSerenade
ls	11de8353	361963	The Chuggly 773	marche	les deux verites concordent	8add9998	SOUS_RESERVE	Sacharmsss
ls	11de8353	371143	SonicBlast3359	marche	les deux verites concordent	00426796	VALIDE	BreadCrum69
ls	11de8353	376213	QuanDuhDon7276	marche	les deux verites concordent	2ff92041	VALIDE	cejos
ls	11de8353	376780	Butt3rb0y8747	marche	les deux verites concordent	7654f890	SOUS_RESERVE	Sneakierfour42
ls	11de8353	377715	nusuns	marche	les deux verites concordent	2ff92041	VALIDE	SeAnFaWn17
ls	11de8353	377717	SeAnFaWn17	marche	les deux verites concordent	2ff92041	VALIDE	nusuns
ls	11de8353	379986	D1bum8841	marche	les deux verites concordent	00426796	VALIDE	BreadCrum69
ls	11de8353	383287	Jr Alan4358	marche	les deux verites concordent	f3c1f9a8	SOUS_RESERVE	FolkPluto704956
ls	11de8353	384219	El Fafa117	marche	les deux verites concordent	0000d57f	SOUS_RESERVE	ElBicho0707
ls	11de8353	387027	NobleLuna19	marche	les deux verites concordent	62ea636f	SOUS_RESERVE	cejos
ls	11de8353	391196	Splendrick	marche	les deux verites concordent	f3c1f9a8	SOUS_RESERVE	FolkPluto704956
ls	11de8353	391963	cejos	marche	les deux verites concordent	8add9998	SOUS_RESERVE	Sacharmsss
ls	11de8353	392466	ElBicho0707	marche	les deux verites concordent	d468178e	SOUS_RESERVE	Javi9496
ls	11de8353	395465	Sacharmsss	marche	les deux verites concordent	00426796	VALIDE	BreadCrum69
ls	11de8353	397165	FolkPluto704956	marche	les deux verites concordent	d468178e	SOUS_RESERVE	Javi9496
ls	11de8353	398236	FeastyOwl	marche	les deux verites concordent	35e75533	SOUS_RESERVE	CJOPS24
ls	11de8353	404713	Sneakierfour42	marche	les deux verites concordent	8b1f83ee	SOUS_RESERVE	GenesisA1011
ls	11de8353	406847	GenesisA1011	marche	les deux verites concordent	f01d60e9	SOUS_RESERVE	SilentxSerenade
ls	11de8353	408149	CJOPS24	marche	les deux verites concordent	d468178e	SOUS_RESERVE	Butt3rb0y8747
ls	11de8353	411581	SilentxSerenade	marche	les deux verites concordent	d468178e	SOUS_RESERVE	Butt3rb0y8747
ls	11de8353	416123	QuanDuhDon7276	marche	les deux verites concordent	d468178e	SOUS_RESERVE	Javi9496
ls	11de8353	416356	SonicBlast3359	marche	les deux verites concordent	d468178e	SOUS_RESERVE	The Chuggly 773
ls	11de8353	416585	BreadCrum69	marche	les deux verites concordent	0000d57f	SOUS_RESERVE	SonicBlast3359
ls	11de8353	423796	NobleLuna19	marche	les deux verites concordent	f3c1f9a8	SOUS_RESERVE	The Chuggly 773
ls	11de8353	423970	D1bum8841	marche	les deux verites concordent	366522a6	VALIDE	cejos
ls	11de8353	423997	Butt3rb0y8747	scan	les deux verites concordent	1f11df6b	SOUS_RESERVE	Arsenat3
ls	11de8353	424060	SeAnFaWn17	marche	les deux verites concordent	ee2d686d	VALIDE	NobleLuna19
ls	11de8353	426662	Sneakierfour42	marche	les deux verites concordent	3584ae71	SOUS_RESERVE	Javi9496
ls	11de8353	427069	The Chuggly 773	marche	les deux verites concordent	e1f38ea2	SOUS_RESERVE	Sacharmsss
ls	11de8353	427933	Javi9496	marche	les deux verites concordent	59255106	VALIDE	Arsenat3
ls	11de8353	433039	GenesisA1011	marche	les deux verites concordent	35e75533	SOUS_RESERVE	ElBicho0707
ls	11de8353	441880	FeastyOwl	marche	les deux verites concordent	ef5d9e6c	SOUS_RESERVE	SilentxSerenade
ls	11de8353	442282	BreadCrum69	marche	les deux verites concordent	13ff7bdf	SOUS_RESERVE	FolkPluto704956
ls	11de8353	443248	Arsenat3	marche	les deux verites concordent	35e75533	SOUS_RESERVE	Splendrick
ls	11de8353	443646	Splendrick	marche	les deux verites concordent	e1f38ea2	SOUS_RESERVE	ElBicho0707
ls	11de8353	453759	SeAnFaWn17	marche	les deux verites concordent	ef5d9e6c	SOUS_RESERVE	SilentxSerenade
ls	11de8353	454995	Jr Alan4358	marche	les deux verites concordent	f01d60e9	SOUS_RESERVE	NobleLuna19
ls	11de8353	455126	CJOPS24	marche	les deux verites concordent	0000b29c	SOUS_RESERVE	Javi9496
ls	11de8353	455225	Butt3rb0y8747	marche	les deux verites concordent	13ff7bdf	SOUS_RESERVE	FolkPluto704956
ls	11de8353	461868	Arsenat3	marche	les deux verites concordent	130c4b61	SOUS_RESERVE	El Fafa117
ls	11de8353	462101	FolkPluto704956	marche	les deux verites concordent	8b1f83ee	SOUS_RESERVE	cejos
ls	11de8353	463568	cejos	marche	les deux verites concordent	698aacdb	SOUS_RESERVE	NobleLuna19
ls	11de8353	468010	Sacharmsss	marche	les deux verites concordent	8b1f83ee	SOUS_RESERVE	GenesisA1011
ls	11de8353	468139	ElBicho0707	marche	les deux verites concordent	0000b29c	SOUS_RESERVE	Javi9496
ls	11de8353	469909	Javi9496	marche	les deux verites concordent	daa03c35	VALIDE	QuanDuhDon7276
ls	11de8353	471610	El Fafa117	marche	les deux verites concordent	ef5d9e6c	SOUS_RESERVE	SilentxSerenade
ls	11de8353	479085	Jr Alan4358	marche	les deux verites concordent	ef5d9e6c	SOUS_RESERVE	SilentxSerenade
ls	11de8353	479251	cejos	marche	les deux verites concordent	e1f38ea2	SOUS_RESERVE	nusuns
ls	11de8353	480186	FeastyOwl	marche	les deux verites concordent	0000dcb1	SOUS_RESERVE	SonicBlast3359
ls	11de8353	486524	GenesisA1011	marche	les deux verites concordent	bb1a095b	SOUS_RESERVE	QuanDuhDon7276
ls	11de8353	489134	SilentxSerenade	marche	les deux verites concordent	8add9998	SOUS_RESERVE	Javi9496
ls	11de8353	500139	SonicBlast3359	marche	les deux verites concordent	d468178e	SOUS_RESERVE	Butt3rb0y8747
ls	11de8353	503175	Arsenat3	marche	les deux verites concordent	8add9998	SOUS_RESERVE	Javi9496
ls	11de8353	505381	Butt3rb0y8747	marche	les deux verites concordent	8b1f83ee	SOUS_RESERVE	FolkPluto704956
ls	11de8353	507646	FolkPluto704956	marche	les deux verites concordent	35e75533	SOUS_RESERVE	Splendrick
ls	11de8353	508880	The Chuggly 773	marche	les deux verites concordent	f01d60e9	SOUS_RESERVE	NobleLuna19
ls	11de8353	509548	Splendrick	marche	les deux verites concordent	35e75533	SOUS_RESERVE	QuanDuhDon7276
ls	11de8353	513082	CJOPS24	marche	les deux verites concordent	53b1e6c5	VALIDE	cejos
ls	11de8353	517958	QuanDuhDon7276	marche	les deux verites concordent	ef5d9e6c	SOUS_RESERVE	Javi9496
ls	11de8353	521295	cejos	marche	les deux verites concordent	7654f890	SOUS_RESERVE	Arsenat3
ls	11de8353	521929	Sacharmsss	marche	les deux verites concordent	62ea636f	SOUS_RESERVE	FeastyOwl
ls	11de8353	522230	GenesisA1011	marche	les deux verites concordent	d468178e	SOUS_RESERVE	Sacharmsss
ls	11de8353	523964	D1bum8841	marche	les deux verites concordent	ef5d9e6c	SOUS_RESERVE	Javi9496
ls	11de8353	527900	Javi9496	marche	les deux verites concordent	35e75533	SOUS_RESERVE	SonicBlast3359
ls	11de8353	529101	FeastyOwl	marche	les deux verites concordent	038ad14c	SOUS_RESERVE	nusuns
ls	11de8353	541579	ElBicho0707	marche	les deux verites concordent	daa03c35	VALIDE	BreadCrum69
ls	11de8353	544551	The Chuggly 773	marche	les deux verites concordent	7ff0849c	SOUS_RESERVE	Sacharmsss
ls	11de8353	544951	Butt3rb0y8747	marche	les deux verites concordent	daa03c35	VALIDE	FolkPluto704956
ls	11de8353	545283	Arsenat3	marche	les deux verites concordent	daa03c35	VALIDE	cejos
ls	11de8353	551190	GenesisA1011	marche	les deux verites concordent	35e75533	SOUS_RESERVE	CJOPS24
ls	11de8353	551792	CJOPS24	marche	les deux verites concordent	7e6a7461	SOUS_RESERVE	GenesisA1011
ls	11de8353	555327	Splendrick	marche	les deux verites concordent	bb1a095b	SOUS_RESERVE	FolkPluto704956
ls	11de8353	556361	Sacharmsss	marche	les deux verites concordent	1f11df6b	SOUS_RESERVE	Javi9496
ls	11de8353	564868	NobleLuna19	marche	les deux verites concordent	130c4b61	SOUS_RESERVE	GenesisA1011
ls	11de8353	576849	The Chuggly 773	marche	les deux verites concordent	7654f890	SOUS_RESERVE	FolkPluto704956
ls	11de8353	578551	QuanDuhDon7276	marche	les deux verites concordent	35e75533	SOUS_RESERVE	cejos
ls	11de8353	581520	Sneakierfour42	marche	les deux verites concordent	382cafaf	VALIDE	BreadCrum69
ls	11de8353	583893	BreadCrum69	scan	les deux verites concordent	0c64b43f	SOUS_RESERVE	nusuns
ls	11de8353	586358	ElBicho0707	marche	les deux verites concordent	ef5d9e6c	SOUS_RESERVE	Javi9496
ls	11de8353	586593	cejos	marche	les deux verites concordent	d468178e	SOUS_RESERVE	nusuns
ls	11de8353	586595	nusuns	marche	source appartenant a la victime	d468178e	SOUS_RESERVE	cejos
ls	11de8353	587958	GenesisA1011	marche	les deux verites concordent	13ff7bdf	SOUS_RESERVE	CJOPS24
ls	11de8353	589526	CJOPS24	marche	les deux verites concordent	59255106	VALIDE	GenesisA1011
ls	11de8353	593630	Butt3rb0y8747	marche	les deux verites concordent	e9941862	SOUS_RESERVE	NobleLuna19
ls	396cfc92	39039	XxDaemonGamerxX	marche	les deux verites concordent	f3c1f9a8	SOUS_RESERVE	StevenW5318
ls	396cfc92	54604	Chocoboflor	marche	les deux verites concordent	0000b238	SOUS_RESERVE	G MONEY 2123
ls	396cfc92	62846	StevenW5318	marche	les deux verites concordent	01bc8b0b	SOUS_RESERVE	JGtm
ls	396cfc92	62980	JGtm	marche	les deux verites concordent	bb1a095b	SOUS_RESERVE	G MONEY 2123
ls	396cfc92	83033	G MONEY 2123	marche	les deux verites concordent	bb1a095b	SOUS_RESERVE	JGtm
ls	396cfc92	88036	XxDaemonGamerxX	marche	les deux verites concordent	f3c1f9a8	SOUS_RESERVE	StevenW5318
ls	396cfc92	99865	JGtm	marche	les deux verites concordent	da3b5ba4	VALIDE	StevenW5318
ls	396cfc92	104788	biOly goLab1054	marche	les deux verites concordent	0000b238	SOUS_RESERVE	Chocoboflor
ls	396cfc92	124041	StevenW5318	marche	les deux verites concordent	0000b238	SOUS_RESERVE	Chocoboflor
ls	396cfc92	137288	JGtm	marche	les deux verites concordent	177a79ee	SOUS_RESERVE	biOly goLab1054
ls	396cfc92	147130	XxDaemonGamerxX	marche	les deux verites concordent	bb1a095b	SOUS_RESERVE	StevenW5318
ls	396cfc92	153386	StevenW5318	marche	les deux verites concordent	f01d60e9	SOUS_RESERVE	Madina97294
ls	396cfc92	154071	Madina97294	marche	les deux verites concordent	0000b238	SOUS_RESERVE	CrumblyDonut617
ls	396cfc92	158491	JGtm	marche	les deux verites concordent	da3b5ba4	VALIDE	G MONEY 2123
ls	396cfc92	163130	Chocoboflor	marche	les deux verites concordent	f01d60e9	SOUS_RESERVE	biOly goLab1054
ls	396cfc92	175326	Madina97294	marche	les deux verites concordent	0000b238	SOUS_RESERVE	StevenW5318
ls	396cfc92	186971	biOly goLab1054	marche	les deux verites concordent	bb1a095b	SOUS_RESERVE	Chocoboflor
ls	396cfc92	192058	CrumblyDonut617	marche	les deux verites concordent	7654f890	SOUS_RESERVE	Madina97294
ls	396cfc92	195512	StevenW5318	marche	les deux verites concordent	bb1a095b	SOUS_RESERVE	Chocoboflor
ls	396cfc92	204120	Madina97294	marche	les deux verites concordent	f01d60e9	SOUS_RESERVE	biOly goLab1054
ls	396cfc92	206789	CrumblyDonut617	marche	les deux verites concordent	7654f890	SOUS_RESERVE	JGtm
ls	396cfc92	227111	StevenW5318	marche	les deux verites concordent	0000b238	SOUS_RESERVE	Chocoboflor
ls	396cfc92	232498	Chocoboflor	marche	les deux verites concordent	59255106	VALIDE	G MONEY 2123
ls	396cfc92	237405	CrumblyDonut617	marche	les deux verites concordent	bb1a095b	SOUS_RESERVE	JGtm
ls	396cfc92	237605	XxDaemonGamerxX	marche	les deux verites concordent	f01d60e9	SOUS_RESERVE	biOly goLab1054
ls	396cfc92	246080	Chocoboflor	marche	les deux verites concordent	7654f890	SOUS_RESERVE	biOly goLab1054
ls	396cfc92	250268	biOly goLab1054	marche	les deux verites concordent	daa03c35	VALIDE	Madina97294
ls	396cfc92	261663	XxDaemonGamerxX	marche	les deux verites concordent	daa03c35	VALIDE	G MONEY 2123
ls	396cfc92	270004	JGtm	marche	les deux verites concordent	2ff92041	VALIDE	biOly goLab1054
ls	396cfc92	270006	biOly goLab1054	marche	les deux verites concordent	2ff92041	VALIDE	JGtm
ls	396cfc92	277862	Chocoboflor	marche	les deux verites concordent	01bc8b0b	SOUS_RESERVE	StevenW5318
ls	396cfc92	284452	XxDaemonGamerxX	marche	les deux verites concordent	bb1a095b	SOUS_RESERVE	G MONEY 2123
ls	396cfc92	293228	JGtm	marche	les deux verites concordent	f3c1f9a8	SOUS_RESERVE	biOly goLab1054
ls	396cfc92	297981	XxDaemonGamerxX	marche	les deux verites concordent	7654f890	SOUS_RESERVE	CrumblyDonut617
ls	396cfc92	321890	Chocoboflor	marche	les deux verites concordent	7654f890	SOUS_RESERVE	CrumblyDonut617
ls	396cfc92	322758	StevenW5318	marche	les deux verites concordent	bb1a095b	SOUS_RESERVE	JGtm
ls	396cfc92	324359	JGtm	marche	les deux verites concordent	f3c1f9a8	SOUS_RESERVE	biOly goLab1054
ls	396cfc92	338756	biOly goLab1054	marche	les deux verites concordent	bb1a095b	SOUS_RESERVE	Madina97294
ls	396cfc92	347265	StevenW5318	marche	les deux verites concordent	bb1a095b	SOUS_RESERVE	JGtm
ls	396cfc92	352287	Chocoboflor	marche	les deux verites concordent	daa03c35	VALIDE	G MONEY 2123
ls	396cfc92	355373	CrumblyDonut617	marche	les deux verites concordent	7654f890	SOUS_RESERVE	Madina97294
ls	396cfc92	362112	G MONEY 2123	marche	les deux verites concordent	da3b5ba4	VALIDE	Madina97294
ls	396cfc92	365267	biOly goLab1054	marche	les deux verites concordent	bb1a095b	SOUS_RESERVE	JGtm
ls	396cfc92	375844	CrumblyDonut617	marche	les deux verites concordent	bb1a095b	SOUS_RESERVE	Madina97294
ls	396cfc92	381850	StevenW5318	marche	les deux verites concordent	bb1a095b	SOUS_RESERVE	Chocoboflor
ls	396cfc92	389156	Chocoboflor	marche	les deux verites concordent	da3b5ba4	VALIDE	G MONEY 2123
ls	396cfc92	401787	biOly goLab1054	marche	les deux verites concordent	bb1a095b	SOUS_RESERVE	JGtm
ls	396cfc92	422258	XxDaemonGamerxX	marche	les deux verites concordent	f01d60e9	SOUS_RESERVE	biOly goLab1054
ls	396cfc92	424659	Chocoboflor	marche	les deux verites concordent	59255106	VALIDE	G MONEY 2123
ls	396cfc92	424743	JGtm	marche	les deux verites concordent	59255106	VALIDE	G MONEY 2123
ls	396cfc92	430731	Madina97294	marche	les deux verites concordent	bb1a095b	SOUS_RESERVE	StevenW5318
ls	396cfc92	440559	JGtm	marche	les deux verites concordent	166ba62b	SOUS_RESERVE	biOly goLab1054
ls	396cfc92	442394	biOly goLab1054	scan	les deux verites concordent	2ff92041	VALIDE	Chocoboflor
ls	396cfc92	442396	Chocoboflor	scan	les deux verites concordent	166ba62b	SOUS_RESERVE	biOly goLab1054
ls	396cfc92	456308	CrumblyDonut617	marche	les deux verites concordent	bb1a095b	SOUS_RESERVE	Madina97294
ls	396cfc92	456476	Madina97294	marche	les deux verites concordent	f3c1f9a8	SOUS_RESERVE	biOly goLab1054
ls	396cfc92	460613	G MONEY 2123	marche	les deux verites concordent	7654f890	SOUS_RESERVE	XxDaemonGamerxX
ls	396cfc92	482051	StevenW5318	marche	les deux verites concordent	0000b238	SOUS_RESERVE	Chocoboflor
ls	396cfc92	483970	G MONEY 2123	marche	les deux verites concordent	bb1a095b	SOUS_RESERVE	Madina97294
ls	396cfc92	487023	JGtm	marche	les deux verites concordent	0000b238	SOUS_RESERVE	biOly goLab1054
ls	396cfc92	489291	XxDaemonGamerxX	marche	les deux verites concordent	f3c1f9a8	SOUS_RESERVE	biOly goLab1054
ls	396cfc92	497884	CrumblyDonut617	marche	les deux verites concordent	bb1a095b	SOUS_RESERVE	Chocoboflor
ls	396cfc92	498935	biOly goLab1054	marche	les deux verites concordent	bb1a095b	SOUS_RESERVE	Madina97294
ls	396cfc92	512649	JGtm	marche	les deux verites concordent	bb1a095b	SOUS_RESERVE	biOly goLab1054
ls	396cfc92	517454	Madina97294	marche	les deux verites concordent	bb1a095b	SOUS_RESERVE	CrumblyDonut617
ls	396cfc92	519422	CrumblyDonut617	marche	les deux verites concordent	bb1a095b	SOUS_RESERVE	XxDaemonGamerxX
ls	396cfc92	521141	XxDaemonGamerxX	marche	les deux verites concordent	15dcdfe3	SOUS_RESERVE	G MONEY 2123
ls	4f77afc1	136435	AJM002	marche	les deux verites concordent	d468178e	SOUS_RESERVE	Madina97294
ls	4f77afc1	138868	Rabbitzo3	marche	les deux verites concordent	0000b238	SOUS_RESERVE	Shiloh0209
ls	4f77afc1	139032	Jermoe Jr	marche	les deux verites concordent	5eaa815c	SOUS_RESERVE	Rabbitzo3
ls	4f77afc1	139035	XN3RDXD3VILX	marche	les deux verites concordent	28907150	VALIDE	Rabbitzo3
ls	4f77afc1	151047	Tupacamaru9556	marche	les deux verites concordent	7654f890	SOUS_RESERVE	MiniScotsMin
ls	4f77afc1	153781	Shiloh0209	marche	les deux verites concordent	674a7d69	VALIDE	CU3RV0187
ls	4f77afc1	157820	CU3RV0187	marche	les deux verites concordent	f3c1f9a8	SOUS_RESERVE	AJM002
ls	4f77afc1	158324	GUCCIGUAP1103	marche	les deux verites concordent	674a7d69	VALIDE	CU3RV0187
ls	4f77afc1	169730	BLADERUNNER3141	marche	les deux verites concordent	acd1cff4	SOUS_RESERVE	Rabbitzo3
ls	4f77afc1	169733	XN3RDXD3VILX	marche	les deux verites concordent	acd1cff4	SOUS_RESERVE	Rabbitzo3
ls	4f77afc1	173435	Shiloh0209	marche	les deux verites concordent	acd1cff4	SOUS_RESERVE	Rabbitzo3
ls	4f77afc1	174602	Madina97294	marche	les deux verites concordent	deffdc6b	VALIDE	macattackfin
ls	4f77afc1	174638	SKR DRAAK	marche	les deux verites concordent	7654f890	SOUS_RESERVE	MiniScotsMin
ls	4f77afc1	174838	Dafar8423	scan	les deux verites concordent	daa03c35	VALIDE	nerdpuncher
ls	4f77afc1	177070	Rabbitzo3	marche	les deux verites concordent	deffdc6b	VALIDE	macattackfin
ls	4f77afc1	180974	Yessireezy	marche	les deux verites concordent	7c4f8a28	VALIDE	macattackfin
ls	4f77afc1	191958	macattackfin	marche	les deux verites concordent	7654f890	SOUS_RESERVE	nerdpuncher
ls	4f77afc1	192089	Prose94	marche	les deux verites concordent	0000b238	SOUS_RESERVE	GUCCIGUAP1103
ls	4f77afc1	197627	GUCCIGUAP1103	marche	les deux verites concordent	0000b238	SOUS_RESERVE	King Kai 198070
ls	4f77afc1	201797	Shiloh0209	marche	les deux verites concordent	ef5d9e6c	SOUS_RESERVE	Tupacamaru9556
ls	4f77afc1	202132	BLADERUNNER3141	marche	les deux verites concordent	f3c1f9a8	SOUS_RESERVE	King Kai 198070
ls	4f77afc1	204902	Tupacamaru9556	marche	les deux verites concordent	f3c1f9a8	SOUS_RESERVE	AJM002
ls	4f77afc1	215818	macattackfin	marche	les deux verites concordent	0000005f	INCONNU	CU3RV0187
ls	4f77afc1	216547	AJM002	marche	les deux verites concordent	f3c1f9a8	SOUS_RESERVE	King Kai 198070
ls	4f77afc1	219017	Reapers Protege	marche	les deux verites concordent	daa03c35	VALIDE	King Kai 198070
ls	4f77afc1	220856	Shiloh0209	marche	les deux verites concordent	77a61ef5	VALIDE	JGtm
ls	4f77afc1	223787	JGtm	marche	les deux verites concordent	038ad14c	SOUS_RESERVE	Dafar8423
ls	4f77afc1	224890	Madina97294	marche	les deux verites concordent	5eaa815c	SOUS_RESERVE	MiniScotsMin
ls	4f77afc1	226355	XN3RDXD3VILX	scan	les deux verites concordent	f3c1f9a8	SOUS_RESERVE	King Kai 198070
ls	4f77afc1	228691	Dafar8423	marche	les deux verites concordent	f3c1f9a8	SOUS_RESERVE	King Kai 198070
ls	4f77afc1	229564	SKR DRAAK	marche	les deux verites concordent	da3b5ba4	VALIDE	GUCCIGUAP1103
ls	4f77afc1	229691	CU3RV0187	marche	les deux verites concordent	da3b5ba4	VALIDE	BLADERUNNER3141
ls	4f77afc1	235365	King Kai 198070	marche	les deux verites concordent	f3c1f9a8	SOUS_RESERVE	GUCCIGUAP1103
ls	4f77afc1	243073	DUGValidus	marche	les deux verites concordent	f3c1f9a8	SOUS_RESERVE	MiniScotsMin
ls	4f77afc1	245944	Rabbitzo3	marche	les deux verites concordent	0000b238	SOUS_RESERVE	GUCCIGUAP1103
ls	4f77afc1	250447	Madina97294	marche	les deux verites concordent	f3c1f9a8	SOUS_RESERVE	MiniScotsMin
ls	4f77afc1	252717	Prose94	marche	les deux verites concordent	0000b238	SOUS_RESERVE	GUCCIGUAP1103
ls	4f77afc1	253986	343 Doomfruit [bot]	scan	mort de bot (absente du kill-feed)	0000b238	SOUS_RESERVE	Shiloh0209
ls	4f77afc1	259791	Yessireezy	marche	les deux verites concordent	f3c1f9a8	SOUS_RESERVE	MiniScotsMin
ls	4f77afc1	264701	NoahChnce4u2	marche	les deux verites concordent	0000005f	INCONNU	CU3RV0187
ls	4f77afc1	269876	AJM002	marche	les deux verites concordent	5a4450e4	VALIDE	JGtm
ls	4f77afc1	270101	King Kai 198070	marche	les deux verites concordent	daa03c35	VALIDE	MiniScotsMin
ls	4f77afc1	276575	BLADERUNNER3141	marche	les deux verites concordent	0000b29c	SOUS_RESERVE	DUGValidus
ls	4f77afc1	278277	GUCCIGUAP1103	marche	les deux verites concordent	0000b29c	SOUS_RESERVE	DUGValidus
ls	4f77afc1	282284	nerdpuncher	marche	les deux verites concordent	7654f890	SOUS_RESERVE	Jermoe Jr
ls	4f77afc1	291459	E3D	marche	les deux verites concordent	7c4f8a28	VALIDE	Tupacamaru9556
ls	4f77afc1	291521	Reapers Protege	marche	les deux verites concordent	d2ffec3f	VALIDE	JGtm
ls	4f77afc1	294289	macattackfin	marche	les deux verites concordent	5a4450e4	VALIDE	JGtm
ls	4f77afc1	295828	MiniScotsMin	marche	source appartenant a la victime	fca02b3c	VALIDE	Rabbitzo3
ls	4f77afc1	297229	Rabbitzo3	marche	les deux verites concordent	f3c1f9a8	SOUS_RESERVE	Shiloh0209
ls	4f77afc1	298936	Prose94	marche	les deux verites concordent	deffdc6b	VALIDE	XN3RDXD3VILX
ls	4f77afc1	316116	JGtm	marche	les deux verites concordent	f3c1f9a8	SOUS_RESERVE	MiniScotsMin
ls	4f77afc1	323191	DUGValidus	marche	les deux verites concordent	deffdc6b	VALIDE	XN3RDXD3VILX
ls	4f77afc1	326738	Madina97294	marche	les deux verites concordent	0000b29c	SOUS_RESERVE	MiniScotsMin
ls	4f77afc1	328977	CU3RV0187	marche	les deux verites concordent	0000b29c	SOUS_RESERVE	MiniScotsMin
ls	4f77afc1	332045	XN3RDXD3VILX	marche	les deux verites concordent	ebcbab64	SOUS_RESERVE	King Kai 198070
ls	4f77afc1	332048	King Kai 198070	marche	source appartenant a la victime	64498648	INCONNU	MiniScotsMin
ls	4f77afc1	342954	Rabbitzo3	marche	les deux verites concordent	f3c1f9a8	SOUS_RESERVE	Shiloh0209
ls	4f77afc1	344827	BLADERUNNER3141	marche	les deux verites concordent	0000d627	VALIDE	JGtm
ls	4f77afc1	344831	GUCCIGUAP1103	marche	les deux verites concordent	0000d627	VALIDE	JGtm
ls	4f77afc1	351530	Dafar8423	scan	les deux verites concordent	0000b29c	SOUS_RESERVE	Madina97294
ls	4f77afc1	355035	NoahChnce4u2	marche	les deux verites concordent	7c4f8a28	VALIDE	Tupacamaru9556
ls	4f77afc1	356766	Tupacamaru9556	marche	les deux verites concordent	5eaa815c	SOUS_RESERVE	Shiloh0209
ls	4f77afc1	356798	CU3RV0187	marche	les deux verites concordent	acd1cff4	SOUS_RESERVE	MiniScotsMin
ls	4f77afc1	358666	Shiloh0209	marche	les deux verites concordent	3c7560e0	VALIDE	SKR DRAAK
ls	4f77afc1	366949	macattackfin	marche	les deux verites concordent	0000b29c	SOUS_RESERVE	Madina97294
ls	4f77afc1	376586	GUCCIGUAP1103	marche	les deux verites concordent	674a7d69	VALIDE	nerdpuncher
ls	4f77afc1	379425	BLADERUNNER3141	marche	les deux verites concordent	f3c1f9a8	SOUS_RESERVE	Madina97294
ls	4f77afc1	385660	E3D	marche	les deux verites concordent	674a7d69	VALIDE	nerdpuncher
ls	4f77afc1	388898	SKR DRAAK	marche	les deux verites concordent	15cdba9d	VALIDE	Shiloh0209
ls	4f77afc1	392001	nerdpuncher	scan	les deux verites concordent	deffdc6b	VALIDE	Feelgood Joker
ls	4f77afc1	392004	King Kai 198070	scan	les deux verites concordent	deffdc6b	VALIDE	Feelgood Joker
ls	4f77afc1	392008	CU3RV0187	scan	les deux verites concordent	deffdc6b	VALIDE	Feelgood Joker
ls	4f77afc1	392839	XN3RDXD3VILX	marche	les deux verites concordent	0000b29c	SOUS_RESERVE	Madina97294
ls	4f77afc1	404987	Madina97294	marche	les deux verites concordent	5eaa815c	SOUS_RESERVE	macattackfin
ls	4f77afc1	406588	Jermoe Jr	marche	les deux verites concordent	7654f890	SOUS_RESERVE	DUGValidus
ls	4f77afc1	409625	JGtm	marche	les deux verites concordent	5eaa815c	SOUS_RESERVE	macattackfin
ls	4f77afc1	409691	NoahChnce4u2	marche	les deux verites concordent	0000b29c	SOUS_RESERVE	DUGValidus
ls	4f77afc1	410726	Prose94	marche	les deux verites concordent	5eaa815c	SOUS_RESERVE	macattackfin
ls	4f77afc1	414424	Tupacamaru9556	marche	les deux verites concordent	003ce738	SOUS_RESERVE	MiniScotsMin
ls	4f77afc1	418894	Rabbitzo3	marche	les deux verites concordent	d7314bef	SOUS_RESERVE	MiniScotsMin
ls	4f77afc1	420939	King Kai 198070	marche	les deux verites concordent	003ce738	SOUS_RESERVE	macattackfin
ls	4f77afc1	425239	DUGValidus	marche	les deux verites concordent	f3c1f9a8	SOUS_RESERVE	Shiloh0209
ls	4f77afc1	428170	SKR DRAAK	marche	les deux verites concordent	5eaa815c	SOUS_RESERVE	MiniScotsMin
ls	4f77afc1	433712	JGtm	scan	les deux verites concordent	003ce738	SOUS_RESERVE	Shiloh0209
ls	4f77afc1	433715	CU3RV0187	scan	les deux verites concordent	003ce738	SOUS_RESERVE	Shiloh0209
ls	4f77afc1	436683	Shiloh0209	marche	les deux verites concordent	0000b29c	SOUS_RESERVE	nerdpuncher
ls	4f77afc1	436952	Madina97294	marche	les deux verites concordent	f3c1f9a8	SOUS_RESERVE	XN3RDXD3VILX
ls	4f77afc1	450137	BLADERUNNER3141	marche	les deux verites concordent	15cdba9d	VALIDE	King Kai 198070
ls	4f77afc1	450369	GUCCIGUAP1103	marche	les deux verites concordent	0000b29c	SOUS_RESERVE	nerdpuncher
ls	4f77afc1	450436	Rabbitzo3	marche	les deux verites concordent	003ce738	SOUS_RESERVE	MiniScotsMin
ls	4f77afc1	450439	Tupacamaru9556	marche	les deux verites concordent	003ce738	SOUS_RESERVE	MiniScotsMin
ls	4f77afc1	452002	MiniScotsMin	marche	les deux verites concordent	d468178e	SOUS_RESERVE	Yessireezy
ls	4f77afc1	464444	macattackfin	marche	les deux verites concordent	0000b238	SOUS_RESERVE	King Kai 198070
ls	4f77afc1	466481	Prose94	scan	les deux verites concordent	038ad14c	SOUS_RESERVE	Dafar8423
ls	4f77afc1	478428	NoahChnce4u2	marche	les deux verites concordent	ba5ac78e	SOUS_RESERVE	SKR DRAAK
ls	4f77afc1	478430	Dafar8423	marche	les deux verites concordent	ba5ac78e	SOUS_RESERVE	SKR DRAAK
ls	4f77afc1	483932	JGtm	marche	les deux verites concordent	7654f890	SOUS_RESERVE	MiniScotsMin
ls	4f77afc1	489237	Feelgood Joker	marche	les deux verites concordent	f3c1f9a8	SOUS_RESERVE	CU3RV0187
ls	4f77afc1	489873	CU3RV0187	marche	les deux verites concordent	15dcdfe3	SOUS_RESERVE	XN3RDXD3VILX
ls	4f77afc1	497980	macattackfin	marche	les deux verites concordent	f3c1f9a8	SOUS_RESERVE	King Kai 198070
ls	4f77afc1	499016	King Kai 198070	scan	les deux verites concordent	deffdc6b	VALIDE	E3D
ls	4f77afc1	502618	Madina97294	marche	les deux verites concordent	0000b29c	SOUS_RESERVE	MiniScotsMin
ls	4f77afc1	509356	Jermoe Jr	marche	les deux verites concordent	28907150	VALIDE	Rabbitzo3
ls	4f77afc1	509454	BLADERUNNER3141	marche	les deux verites concordent	f712c64a	VALIDE	Yessireezy
ls	4f77afc1	510822	GUCCIGUAP1103	marche	les deux verites concordent	da3b5ba4	VALIDE	Prose94
ls	4f77afc1	526844	Reapers Protege	marche	les deux verites concordent	b4681db6	INCONNU	Prose94
ls	4f77afc1	527579	Rabbitzo3	marche	les deux verites concordent	acd1cff4	SOUS_RESERVE	MiniScotsMin
ls	4f77afc1	528677	nerdpuncher	marche	les deux verites concordent	f3c1f9a8	SOUS_RESERVE	Shiloh0209
ls	4f77afc1	529982	DUGValidus	marche	les deux verites concordent	7654f890	SOUS_RESERVE	MiniScotsMin
ls	4f77afc1	530379	NoahChnce4u2	marche	les deux verites concordent	7654f890	SOUS_RESERVE	Tupacamaru9556
ls	4f77afc1	538322	JGtm	marche	les deux verites concordent	00426796	VALIDE	macattackfin
ls	4f77afc1	540822	E3D	marche	les deux verites concordent	f3c1f9a8	SOUS_RESERVE	Prose94
ls	4f77afc1	543361	CU3RV0187	marche	les deux verites concordent	130c4b61	SOUS_RESERVE	Feelgood Joker
ls	4f77afc1	546630	Madina97294	marche	les deux verites concordent	7654f890	SOUS_RESERVE	MiniScotsMin
ls	4f77afc1	547267	macattackfin	marche	les deux verites concordent	ba5ac78e	SOUS_RESERVE	SKR DRAAK
ls	4f77afc1	555092	Rabbitzo3	marche	les deux verites concordent	7654f890	SOUS_RESERVE	MiniScotsMin
ls	4f77afc1	561235	Dafar8423	marche	les deux verites concordent	674a7d69	VALIDE	DUGValidus
ls	4f77afc1	569807	JGtm	marche	les deux verites concordent	f3c1f9a8	SOUS_RESERVE	Reapers Protege
ls	4f77afc1	572774	Reapers Protege	marche	les deux verites concordent	00426796	VALIDE	SKR DRAAK
ls	4f77afc1	578013	Prose94	scan	les deux verites concordent	382cafaf	VALIDE	macattackfin
ls	4f77afc1	580117	Feelgood Joker	marche	les deux verites concordent	0000b29c	SOUS_RESERVE	King Kai 198070
ls	4f77afc1	582391	BLADERUNNER3141	marche	les deux verites concordent	5eaa815c	SOUS_RESERVE	Yessireezy
ls	4f77afc1	586991	Tupacamaru9556	marche	les deux verites concordent	f3c1f9a8	SOUS_RESERVE	Shiloh0209
ls	4f77afc1	588594	XN3RDXD3VILX	marche	les deux verites concordent	0000b29c	SOUS_RESERVE	DUGValidus
ls	4f77afc1	594733	Reapers Protege	marche	les deux verites concordent	0000b29c	SOUS_RESERVE	DUGValidus
ls	4f77afc1	596066	Rabbitzo3	marche	les deux verites concordent	daa03c35	VALIDE	Shiloh0209
ls	4f77afc1	597198	macattackfin	marche	les deux verites concordent	3c7560e0	VALIDE	CU3RV0187
ls	4f77afc1	598766	NoahChnce4u2	marche	les deux verites concordent	5eaa815c	SOUS_RESERVE	Yessireezy
ls	4f77afc1	598774	DUGValidus	marche	les deux verites concordent	0000b29c	SOUS_RESERVE	MiniScotsMin
ls	4f77afc1	601405	Yessireezy	marche	les deux verites concordent	f3c1f9a8	SOUS_RESERVE	Shiloh0209
ls	4f77afc1	604175	MiniScotsMin	marche	les deux verites concordent	f3c1f9a8	SOUS_RESERVE	King Kai 198070
ls	4f77afc1	616354	Feelgood Joker	marche	les deux verites concordent	0000b29c	SOUS_RESERVE	King Kai 198070
ls	4f77afc1	617586	Dafar8423	scan	les deux verites concordent	3b3b3d40	VALIDE	Rabbitzo3
ls	4f77afc1	618793	GUCCIGUAP1103	marche	les deux verites concordent	003ce738	SOUS_RESERVE	Yessireezy
ls	4f77afc1	624897	NoahChnce4u2	marche	les deux verites concordent	0000b29c	SOUS_RESERVE	King Kai 198070
ls	4f77afc1	625063	Prose94	marche	les deux verites concordent	15cdba9d	VALIDE	MiniScotsMin
ls	4f77afc1	631703	King Kai 198070	scan	les deux verites concordent	0000b29c	SOUS_RESERVE	MiniScotsMin
ls	4f77afc1	642615	Rabbitzo3	marche	les deux verites concordent	7654f890	SOUS_RESERVE	MiniScotsMin
ls	4f77afc1	651453	Reapers Protege	marche	les deux verites concordent	deffdc6b	VALIDE	Tupacamaru9556
ls	4f77afc1	654591	XN3RDXD3VILX	marche	les deux verites concordent	5eaa815c	SOUS_RESERVE	Yessireezy
ls	4f77afc1	657131	Madina97294	marche	les deux verites concordent	5eaa815c	SOUS_RESERVE	Shiloh0209
ls	4f77afc1	658960	Shiloh0209	marche	les deux verites concordent	deffdc6b	VALIDE	Tupacamaru9556
ls	4f77afc1	659099	JGtm	marche	les deux verites concordent	0000b29c	SOUS_RESERVE	MiniScotsMin
ls	4f77afc1	664539	Tupacamaru9556	marche	les deux verites concordent	7654f890	SOUS_RESERVE	MiniScotsMin
ls	4f77afc1	668739	Dafar8423	scan	les deux verites concordent	2ff92041	VALIDE	Rabbitzo3
ls	4f77afc1	668742	Rabbitzo3	scan	les deux verites concordent	2ff92041	VALIDE	Dafar8423
ls	4f77afc1	673177	NoahChnce4u2	marche	les deux verites concordent	f3c1f9a8	SOUS_RESERVE	King Kai 198070
ls	4f77afc1	676982	King Kai 198070	marche	les deux verites concordent	0000b29c	SOUS_RESERVE	MiniScotsMin
ls	4f77afc1	690000	Prose94	marche	les deux verites concordent	0000b29c	SOUS_RESERVE	Feelgood Joker
ls	4f77afc1	699873	Reapers Protege	marche	les deux verites concordent	0000b238	SOUS_RESERVE	Madina97294
ls	4f77afc1	702108	Shiloh0209	marche	les deux verites concordent	f3c1f9a8	SOUS_RESERVE	Madina97294
ls	4f77afc1	711884	GUCCIGUAP1103	marche	les deux verites concordent	0000b29c	SOUS_RESERVE	DUGValidus
ls	4f77afc1	715924	JGtm	marche	les deux verites concordent	f3c1f9a8	SOUS_RESERVE	macattackfin
ls	4f77afc1	716285	BLADERUNNER3141	marche	les deux verites concordent	003ce738	SOUS_RESERVE	SKR DRAAK
ls	4f77afc1	716296	Madina97294	marche	les deux verites concordent	deffdc6b	VALIDE	MiniScotsMin
ls	4f77afc1	720222	Rabbitzo3	marche	les deux verites concordent	deffdc6b	VALIDE	MiniScotsMin
ls	4f77afc1	723392	nerdpuncher	marche	les deux verites concordent	deffdc6b	VALIDE	MiniScotsMin
ls	4f77afc1	726402	343 Hollis [bot]	scan	mort de bot (absente du kill-feed)	003ce738	SOUS_RESERVE	macattackfin
ls	4f77afc1	731139	Tupacamaru9556	marche	les deux verites concordent	7654f890	SOUS_RESERVE	Shiloh0209
ls	4f77afc1	734242	Prose94	marche	les deux verites concordent	003ce738	SOUS_RESERVE	macattackfin
ls	4f77afc1	735909	CU3RV0187	marche	les deux verites concordent	7654f890	SOUS_RESERVE	Shiloh0209
ls	4f77afc1	738074	Dafar8423	marche	les deux verites concordent	d468178e	SOUS_RESERVE	SKR DRAAK
ls	4f77afc1	738377	SKR DRAAK	marche	les deux verites concordent	7654f890	SOUS_RESERVE	Shiloh0209
ls	4f77afc1	739479	macattackfin	scan	les deux verites concordent	0000b29c	SOUS_RESERVE	DUGValidus
ls	4f77afc1	740049	DUGValidus	marche	les deux verites concordent	0000b29c	SOUS_RESERVE	Feelgood Joker
ls	4f77afc1	741649	NoahChnce4u2	marche	les deux verites concordent	7654f890	SOUS_RESERVE	King Kai 198070
ls	4f77afc1	746552	Yessireezy	marche	les deux verites concordent	f3c1f9a8	SOUS_RESERVE	Shiloh0209
ls	4f77afc1	749587	Reapers Protege	marche	les deux verites concordent	f3c1f9a8	SOUS_RESERVE	Madina97294
ls	4f77afc1	757432	Tupacamaru9556	marche	les deux verites concordent	7c4f8a28	VALIDE	MiniScotsMin
ls	4f77afc1	763599	Madina97294	marche	les deux verites concordent	003ce738	SOUS_RESERVE	Feelgood Joker
ls	4f77afc1	765567	JGtm	marche	les deux verites concordent	deffdc6b	VALIDE	MiniScotsMin
ls	4f77afc1	772147	nerdpuncher	marche	les deux verites concordent	0000b29c	SOUS_RESERVE	XN3RDXD3VILX
ls	4f77afc1	772242	MiniScotsMin	marche	les deux verites concordent	0000d627	VALIDE	nerdpuncher
ls	4f77afc1	775278	Rabbitzo3	scan	les deux verites concordent	d468178e	SOUS_RESERVE	Shiloh0209
ls	4f77afc1	780355	Prose94	marche	les deux verites concordent	003ce738	SOUS_RESERVE	Feelgood Joker
ls	4f77afc1	781194	Shiloh0209	marche	mort infligee par un bot (kill absent du kill-feed)	f3c1f9a8	SOUS_RESERVE	343 Hollis [bot]
ls	4f77afc1	782389	Dafar8423	marche	les deux verites concordent	f3c1f9a8	SOUS_RESERVE	Madina97294
ls	4f77afc1	786759	GUCCIGUAP1103	marche	les deux verites concordent	f3c1f9a8	SOUS_RESERVE	DUGValidus
ls	4f77afc1	786989	BLADERUNNER3141	marche	les deux verites concordent	da3b5ba4	VALIDE	JGtm
ls	4f77afc1	789160	Yessireezy	marche	les deux verites concordent	0000b29c	SOUS_RESERVE	Feelgood Joker
ls	4f77afc1	791698	Feelgood Joker	marche	les deux verites concordent	7654f890	SOUS_RESERVE	King Kai 198070
ls	4f77afc1	796669	Reapers Protege	scan	les deux verites concordent	0000b29c	SOUS_RESERVE	Madina97294
ls	4f77afc1	797470	NoahChnce4u2	marche	les deux verites concordent	0000b29c	SOUS_RESERVE	Madina97294
ls	4f77afc1	806045	macattackfin	marche	les deux verites concordent	7654f890	SOUS_RESERVE	King Kai 198070
ls	4f77afc1	812585	SKR DRAAK	marche	les deux verites concordent	f3c1f9a8	SOUS_RESERVE	GUCCIGUAP1103
ls	4f77afc1	816064	XN3RDXD3VILX	marche	les deux verites concordent	5eaa815c	SOUS_RESERVE	King Kai 198070
ls	4f77afc1	816753	JGtm	marche	les deux verites concordent	f712c64a	VALIDE	Shiloh0209
ls	4f77afc1	819925	DUGValidus	marche	les deux verites concordent	f3c1f9a8	SOUS_RESERVE	MiniScotsMin
ls	4f77afc1	823062	CU3RV0187	marche	les deux verites concordent	0000b238	SOUS_RESERVE	macattackfin
ls	4f77afc1	825198	Reapers Protege	marche	les deux verites concordent	f3c1f9a8	SOUS_RESERVE	Madina97294
ls	4f77afc1	836542	MiniScotsMin	marche	les deux verites concordent	f3c1f9a8	SOUS_RESERVE	Tupacamaru9556
ls	4f77afc1	838613	Madina97294	marche	les deux verites concordent	0000b29c	SOUS_RESERVE	Feelgood Joker
ls	4f77afc1	848988	Feelgood Joker	marche	les deux verites concordent	0000b238	SOUS_RESERVE	Yessireezy
ls	4f77afc1	852262	Yessireezy	scan	les deux verites concordent	7654f890	SOUS_RESERVE	MiniScotsMin
ls	4f77afc1	855361	Prose94	marche	les deux verites concordent	0000005f	INCONNU	Shiloh0209
ls	4f77afc1	858069	nerdpuncher	marche	les deux verites concordent	7654f890	SOUS_RESERVE	MiniScotsMin
ls	4f77afc1	884792	E3D	marche	les deux verites concordent	f3c1f9a8	SOUS_RESERVE	Madina97294
ls	4f77afc1	887093	MiniScotsMin	marche	les deux verites concordent	0000b29c	SOUS_RESERVE	Tupacamaru9556
ls	4f77afc1	887594	Reapers Protege	marche	les deux verites concordent	daa03c35	VALIDE	nerdpuncher
ls	4f77afc1	888992	NoahChnce4u2	marche	les deux verites concordent	674a7d69	VALIDE	DUGValidus
ls	4f77afc1	891332	nerdpuncher	marche	les deux verites concordent	f3c1f9a8	SOUS_RESERVE	Shiloh0209
ls	4f77afc1	893470	Yessireezy	marche	les deux verites concordent	674a7d69	VALIDE	Feelgood Joker
ls	4f77afc1	894100	Madina97294	marche	les deux verites concordent	f3c1f9a8	SOUS_RESERVE	macattackfin
ls	4f77afc1	894398	Shiloh0209	marche	les deux verites concordent	c278a727	INCONNU	Prose94
ls	4f77afc1	894870	Dafar8423	marche	les deux verites concordent	003ce738	SOUS_RESERVE	Yessireezy
ls	4f77afc1	894875	Feelgood Joker	marche	les deux verites concordent	003ce738	SOUS_RESERVE	Yessireezy
ls	4f77afc1	900443	E3D	marche	les deux verites concordent	0000b29c	SOUS_RESERVE	Tupacamaru9556
ls	4f77afc1	903008	Prose94	marche	les deux verites concordent	f3c1f9a8	SOUS_RESERVE	BLADERUNNER3141
ls	4f77afc1	911883	SKR DRAAK	marche	les deux verites concordent	7c4f8a28	VALIDE	GUCCIGUAP1103
ls	4f77afc1	911887	GUCCIGUAP1103	marche	les deux verites concordent	674a7d69	VALIDE	DUGValidus
ls	4f77afc1	915822	nerdpuncher	marche	les deux verites concordent	0000b29c	SOUS_RESERVE	BLADERUNNER3141
ls	4f77afc1	915886	BLADERUNNER3141	marche	les deux verites concordent	1ed34604	SOUS_RESERVE	nerdpuncher
ls	4f77afc1	919459	Tupacamaru9556	marche	les deux verites concordent	35e75533	SOUS_RESERVE	MiniScotsMin
ls	4f77afc1	921164	Feelgood Joker	marche	mort infligee par un bot (kill absent du kill-feed)	d468178e	SOUS_RESERVE	343 Hollis [bot]
ls	4f77afc1	929535	343 Hollis [bot]	scan	mort de bot (absente du kill-feed)	35e75533	SOUS_RESERVE	MiniScotsMin
ls	4f77afc1	934378	Madina97294	scan	les deux verites concordent	7654f890	SOUS_RESERVE	MiniScotsMin
ls	4f77afc1	934414	Reapers Protege	marche	les deux verites concordent	deffdc6b	VALIDE	JGtm
ls	4f77afc1	934417	NoahChnce4u2	marche	les deux verites concordent	deffdc6b	VALIDE	JGtm
ls	4f77afc1	934509	Rabbitzo3	marche	les deux verites concordent	0000b29c	SOUS_RESERVE	Shiloh0209
ls	4f77afc1	936806	King Kai 198070	marche	les deux verites concordent	003ce738	SOUS_RESERVE	macattackfin
ls	4f77afc1	938978	Yessireezy	marche	les deux verites concordent	7654f890	SOUS_RESERVE	MiniScotsMin
ls	4f77afc1	940783	GUCCIGUAP1103	marche	les deux verites concordent	674a7d69	VALIDE	DUGValidus
ls	4f77afc1	944253	Shiloh0209	marche	les deux verites concordent	1ed34604	SOUS_RESERVE	SKR DRAAK
ls	4f77afc1	945318	SKR DRAAK	marche	les deux verites concordent	0000b238	SOUS_RESERVE	MiniScotsMin
ls	4f77afc1	957260	MiniScotsMin	scan	les deux verites concordent	f712c64a	VALIDE	Tupacamaru9556
ls	4f77afc1	959636	macattackfin	scan	les deux verites concordent	674a7d69	VALIDE	DUGValidus
ls	4f77afc1	965168	Reapers Protege	marche	les deux verites concordent	f712c64a	VALIDE	Tupacamaru9556
ls	4f77afc1	967379	NoahChnce4u2	scan	les deux verites concordent	d2ffec3f	VALIDE	Madina97294
ls	4f77afc1	967644	JGtm	scan	les deux verites concordent	7654f890	SOUS_RESERVE	Feelgood Joker
ls	4f77afc1	972276	King Kai 198070	scan	les deux verites concordent	deffdc6b	VALIDE	Shiloh0209
ls	4f77afc1	972278	Prose94	scan	les deux verites concordent	deffdc6b	VALIDE	Shiloh0209
ls	4f77afc1	983327	Madina97294	scan	les deux verites concordent	0000b29c	SOUS_RESERVE	MiniScotsMin
ls	4f77afc1	984227	E3D	scan	les deux verites concordent	f712c64a	VALIDE	Tupacamaru9556
ls	4f77afc1	984822	Dafar8423	scan	les deux verites concordent	674a7d69	VALIDE	DUGValidus
ls	4f77afc1	986492	Rabbitzo3	marche	les deux verites concordent	daa03c35	VALIDE	BLADERUNNER3141
ls	4f77afc1	987062	Yessireezy	marche	les deux verites concordent	0000b29c	SOUS_RESERVE	XN3RDXD3VILX
ls	4f77afc1	987363	NoahChnce4u2	marche	les deux verites concordent	f712c64a	VALIDE	Tupacamaru9556
ls	4f77afc1	987424	SKR DRAAK	marche	les deux verites concordent	deffdc6b	VALIDE	Shiloh0209
ls	4f77afc1	989532	BLADERUNNER3141	scan	les deux verites concordent	674a7d69	VALIDE	DUGValidus
ls	4f77afc1	993497	GUCCIGUAP1103	marche	mort infligee par un bot (kill absent du kill-feed)	28907150	VALIDE	343 Hollis [bot]
ls	4f77afc1	993563	Reapers Protege	marche	les deux verites concordent	f712c64a	VALIDE	Tupacamaru9556
ls	4f77afc1	997642	DUGValidus	scan	les deux verites concordent	0000b29c	SOUS_RESERVE	Feelgood Joker
ls	4f77afc1	1003681	Prose94	marche	les deux verites concordent	deffdc6b	VALIDE	Shiloh0209
ls	4f77afc1	1003684	JGtm	marche	les deux verites concordent	deffdc6b	VALIDE	Shiloh0209
ls	4f77afc1	1005584	King Kai 198070	marche	les deux verites concordent	0000b29c	SOUS_RESERVE	Feelgood Joker
ls	4f77afc1	1006180	XN3RDXD3VILX	scan	les deux verites concordent	daa03c35	VALIDE	Madina97294
ls	4f77afc1	1006312	Madina97294	marche	les deux verites concordent	daa03c35	VALIDE	XN3RDXD3VILX
ls	4f77afc1	1009353	macattackfin	marche	mort infligee par un bot (kill absent du kill-feed)	5eaa815c	SOUS_RESERVE	343 Hollis [bot]
ls	4f77afc1	1009587	Yessireezy	marche	les deux verites concordent	0000005f	INCONNU	Shiloh0209
ls	4f77afc1	1011321	NoahChnce4u2	marche	les deux verites concordent	f712c64a	VALIDE	Tupacamaru9556
ls	4f77afc1	1016187	GUCCIGUAP1103	scan	les deux verites concordent	f712c64a	VALIDE	Tupacamaru9556
ls	4f77afc1	1018428	E3D	marche	les deux verites concordent	f712c64a	VALIDE	Tupacamaru9556
ls	4f77afc1	1019794	Shiloh0209	marche	les deux verites concordent	f3c1f9a8	SOUS_RESERVE	DUGValidus
ls	4f77afc1	1025930	Reapers Protege	marche	les deux verites concordent	f712c64a	VALIDE	Tupacamaru9556
ls	4f77afc1	1028967	Prose94	marche	les deux verites concordent	003ce738	SOUS_RESERVE	Feelgood Joker
ls	4f77afc1	1031072	Tupacamaru9556	scan	les deux verites concordent	0000b238	SOUS_RESERVE	XN3RDXD3VILX
ls	4f77afc1	1048718	Feelgood Joker	scan	les deux verites concordent	d1e01803	SOUS_RESERVE	Rabbitzo3
ls	4f77afc1	1049258	Madina97294	marche	les deux verites concordent	0000b29c	SOUS_RESERVE	MiniScotsMin
ls	4f77afc1	1056003	nerdpuncher	scan	les deux verites concordent	5a4450e4	VALIDE	XN3RDXD3VILX
ls	4f77afc1	1059332	SKR DRAAK	scan	les deux verites concordent	003ce738	SOUS_RESERVE	MiniScotsMin
ls	4f77afc1	1059341	GUCCIGUAP1103	scan	les deux verites concordent	0000b238	SOUS_RESERVE	Yessireezy
ls	4f77afc1	1059536	Yessireezy	marche	les deux verites concordent	da3b5ba4	VALIDE	macattackfin
ls	4f77afc1	1068108	Reapers Protege	marche	les deux verites concordent	f3c1f9a8	SOUS_RESERVE	Prose94
ls	4f77afc1	1071151	MiniScotsMin	marche	les deux verites concordent	674a7d69	VALIDE	DUGValidus
ls	4f77afc1	1075182	E3D	marche	les deux verites concordent	f3c1f9a8	SOUS_RESERVE	Tupacamaru9556
ls	4f77afc1	1077284	343 Hollis [bot]	scan	mort de bot (absente du kill-feed)	daa03c35	VALIDE	XN3RDXD3VILX
ls	4f77afc1	1079892	CU3RV0187	scan	les deux verites concordent	7654f890	SOUS_RESERVE	Feelgood Joker
ls	4f77afc1	1080223	macattackfin	marche	les deux verites concordent	f3c1f9a8	SOUS_RESERVE	Tupacamaru9556
ls	4f77afc1	1084791	DUGValidus	marche	les deux verites concordent	7654f890	SOUS_RESERVE	Feelgood Joker
ls	4f77afc1	1092667	Tupacamaru9556	marche	les deux verites concordent	15dcdfe3	SOUS_RESERVE	Shiloh0209
ls	4f77afc1	1100444	JGtm	marche	les deux verites concordent	0000b29c	SOUS_RESERVE	MiniScotsMin
ls	4f77afc1	1100474	Madina97294	marche	les deux verites concordent	daa03c35	VALIDE	XN3RDXD3VILX
ls	4f77afc1	1103377	Reapers Protege	marche	les deux verites concordent	7654f890	SOUS_RESERVE	King Kai 198070
ls	4f77afc1	1104642	Prose94	marche	les deux verites concordent	7654f890	SOUS_RESERVE	Feelgood Joker
ls	4f77afc1	1107248	macattackfin	marche	les deux verites concordent	f3c1f9a8	SOUS_RESERVE	DUGValidus
ls	4f77afc1	1107549	Rabbitzo3	marche	les deux verites concordent	15dcdfe3	SOUS_RESERVE	Shiloh0209
ls	4f77afc1	1108648	NoahChnce4u2	marche	les deux verites concordent	7654f890	SOUS_RESERVE	King Kai 198070
ls	4f77afc1	1111523	Shiloh0209	marche	les deux verites concordent	f3c1f9a8	SOUS_RESERVE	Tupacamaru9556
ls	4f77afc1	1112589	nerdpuncher	marche	les deux verites concordent	f3c1f9a8	SOUS_RESERVE	XN3RDXD3VILX
ls	4f77afc1	1115559	Dafar8423	marche	les deux verites concordent	f3c1f9a8	SOUS_RESERVE	Tupacamaru9556
ls	4f77afc1	1116459	GUCCIGUAP1103	marche	mort infligee par un bot (kill absent du kill-feed)	f3c1f9a8	SOUS_RESERVE	343 Hollis [bot]
ls	4f77afc1	1124832	Tupacamaru9556	marche	les deux verites concordent	acd1cff4	SOUS_RESERVE	MiniScotsMin
ls	4f77afc1	1129478	DUGValidus	marche	les deux verites concordent	acd1cff4	SOUS_RESERVE	MiniScotsMin
ls	4f77afc1	1135216	Rabbitzo3	marche	les deux verites concordent	acd1cff4	SOUS_RESERVE	MiniScotsMin
ls	4f77afc1	1137882	nerdpuncher	scan	les deux verites concordent	0000b29c	SOUS_RESERVE	MiniScotsMin
ls	4f77afc1	1150496	Prose94	marche	les deux verites concordent	f712c64a	VALIDE	Feelgood Joker
ls	4f77afc1	1153497	macattackfin	marche	les deux verites concordent	f3c1f9a8	SOUS_RESERVE	JGtm
ls	4f77afc1	1155433	MiniScotsMin	marche	les deux verites concordent	f3c1f9a8	SOUS_RESERVE	Tupacamaru9556
ls	4f77afc1	1169145	DUGValidus	marche	les deux verites concordent	a859230a	VALIDE	Shiloh0209
ls	4f77afc1	1171282	NoahChnce4u2	marche	les deux verites concordent	f3c1f9a8	SOUS_RESERVE	Tupacamaru9556
ls	4f77afc1	1176455	XN3RDXD3VILX	marche	les deux verites concordent	0000b238	SOUS_RESERVE	SKR DRAAK
ls	4f77afc1	1179227	Reapers Protege	marche	les deux verites concordent	00426796	VALIDE	King Kai 198070
ls	4f77afc1	1184533	Madina97294	marche	les deux verites concordent	0000b29c	SOUS_RESERVE	MiniScotsMin
ls	4f77afc1	1187060	SKR DRAAK	marche	les deux verites concordent	f712c64a	VALIDE	Feelgood Joker
ls	4f77afc1	1188100	JGtm	marche	les deux verites concordent	0000b29c	SOUS_RESERVE	MiniScotsMin
ls	50247b26	70420	RogueCyrax001	marche	les deux verites concordent	130c4b61	SOUS_RESERVE	BlargMcNarg
ls	50247b26	79161	Matej8586	marche	les deux verites concordent	f712c64a	VALIDE	BlargMcNarg
ls	50247b26	86912	BatClogs	scan	les deux verites concordent	0000b29c	SOUS_RESERVE	Madina97294
ls	50247b26	88778	Madina97294	marche	les deux verites concordent	daa03c35	VALIDE	HAL0s GH0ST
ls	50247b26	91573	LuckyFox1759	marche	les deux verites concordent	130c4b61	SOUS_RESERVE	BlargMcNarg
ls	50247b26	98830	RaringDust19181	marche	les deux verites concordent	7ff0849c	SOUS_RESERVE	Sayanz Slayz
ls	50247b26	109498	RogueCyrax001	marche	source appartenant a la victime	0d203522	VALIDE	Meehanics
ls	50247b26	114837	Madina97294	marche	les deux verites concordent	d468178e	SOUS_RESERVE	HAL0s GH0ST
ls	50247b26	121370	SeaMonkey117	marche	les deux verites concordent	382cafaf	VALIDE	MonoNein
ls	50247b26	122277	Matej8586	marche	les deux verites concordent	daa03c35	VALIDE	BlargMcNarg
ls	50247b26	123105	Kukovec	marche	les deux verites concordent	d468178e	SOUS_RESERVE	HAL0s GH0ST
ls	50247b26	124409	Sayanz Slayz	marche	les deux verites concordent	7ff0849c	SOUS_RESERVE	Dinkleberg9242
ls	50247b26	131586	RogueCyrax001	marche	les deux verites concordent	130c4b61	SOUS_RESERVE	BlargMcNarg
ls	50247b26	140589	Madina97294	marche	les deux verites concordent	382cafaf	VALIDE	Meehanics
ls	50247b26	147730	Sillian Rail	scan	les deux verites concordent	382cafaf	VALIDE	Meehanics
ls	50247b26	149498	RogueCyrax001	marche	les deux verites concordent	382cafaf	VALIDE	Meehanics
ls	50247b26	151912	Sayanz Slayz	scan	les deux verites concordent	7ff0849c	SOUS_RESERVE	Dinkleberg9242
ls	50247b26	152175	Kukovec	marche	les deux verites concordent	382cafaf	VALIDE	MonoNein
ls	50247b26	153839	LuckyFox1759	marche	les deux verites concordent	f3c1f9a8	SOUS_RESERVE	BlargMcNarg
ls	50247b26	154309	HAL0s GH0ST	marche	les deux verites concordent	e1f38ea2	SOUS_RESERVE	SeaMonkey117
ls	50247b26	159375	Matej8586	marche	les deux verites concordent	382cafaf	VALIDE	Meehanics
ls	50247b26	166182	BlargMcNarg	marche	les deux verites concordent	e1f38ea2	SOUS_RESERVE	SeaMonkey117
ls	50247b26	170123	Sillian Rail	marche	les deux verites concordent	7ff0849c	SOUS_RESERVE	Dinkleberg9242
ls	50247b26	170561	Madina97294	marche	les deux verites concordent	382cafaf	VALIDE	Meehanics
ls	50247b26	172029	RaringDust19181	marche	les deux verites concordent	daa03c35	VALIDE	RogueCyrax001
ls	50247b26	173523	AzraelDoom	marche	les deux verites concordent	698aacdb	SOUS_RESERVE	AliAydinli
ls	50247b26	175235	Kukovec	marche	les deux verites concordent	7ff0849c	SOUS_RESERVE	Dinkleberg9242
ls	50247b26	180773	BatClogs	marche	les deux verites concordent	f3c1f9a8	SOUS_RESERVE	RogueCyrax001
ls	50247b26	184978	Matej8586	marche	les deux verites concordent	f3c1f9a8	SOUS_RESERVE	HAL0s GH0ST
ls	50247b26	187847	HAL0s GH0ST	marche	les deux verites concordent	f3c1f9a8	SOUS_RESERVE	Madina97294
ls	50247b26	188211	AzraelDoom	marche	les deux verites concordent	382cafaf	VALIDE	MonoNein
ls	50247b26	205288	BlargMcNarg	marche	les deux verites concordent	f3c1f9a8	SOUS_RESERVE	LuckyFox1759
ls	50247b26	206589	RaringDust19181	marche	les deux verites concordent	f712c64a	VALIDE	EminentSauce294
ls	50247b26	213336	AliAydinli	marche	les deux verites concordent	daa03c35	VALIDE	Sayanz Slayz
ls	50247b26	215731	AzraelDoom	marche	les deux verites concordent	ab06203c	VALIDE	Dinkleberg9242
ls	50247b26	234788	BatClogs	marche	les deux verites concordent	f3c1f9a8	SOUS_RESERVE	Madina97294
ls	50247b26	234921	Loudgru974	marche	les deux verites concordent	0000b29c	SOUS_RESERVE	VoicingGalaxy80
ls	50247b26	235692	EminentSauce294	marche	les deux verites concordent	ab06203c	VALIDE	Dinkleberg9242
ls	50247b26	237187	HAL0s GH0ST	marche	les deux verites concordent	13ff7bdf	SOUS_RESERVE	SeaMonkey117
ls	50247b26	242292	SeaMonkey117	marche	les deux verites concordent	00426796	VALIDE	VoicingGalaxy80
ls	50247b26	250244	VoicingGalaxy80	marche	les deux verites concordent	f3c1f9a8	SOUS_RESERVE	RogueCyrax001
ls	50247b26	254605	Kukovec	marche	les deux verites concordent	5e389b5d	VALIDE	AliAydinli
ls	50247b26	256006	LuckyFox1759	marche	les deux verites concordent	99d98aef	VALIDE	Dinkleberg9242
ls	50247b26	256139	EminentSauce294	marche	les deux verites concordent	f712c64a	VALIDE	BlargMcNarg
ls	50247b26	263153	AliAydinli	marche	les deux verites concordent	698aacdb	SOUS_RESERVE	Sayanz Slayz
ls	50247b26	263156	Sayanz Slayz	marche	les deux verites concordent	daa03c35	VALIDE	AliAydinli
ls	50247b26	266750	Matej8586	marche	les deux verites concordent	99d98aef	VALIDE	Dinkleberg9242
ls	50247b26	270524	Tine1903	scan	les deux verites concordent	f3c1f9a8	SOUS_RESERVE	SeaMonkey117
ls	50247b26	271528	Madina97294	marche	les deux verites concordent	f712c64a	VALIDE	BlargMcNarg
ls	50247b26	274158	HAL0s GH0ST	marche	source appartenant a la victime	5e389b5d	VALIDE	RogueCyrax001
ls	50247b26	276627	LuckyFox1759	marche	les deux verites concordent	99d98aef	VALIDE	Dinkleberg9242
ls	50247b26	276773	RogueCyrax001	marche	les deux verites concordent	f712c64a	VALIDE	BlargMcNarg
ls	50247b26	280874	SeaMonkey117	marche	les deux verites concordent	0000b29c	SOUS_RESERVE	BatClogs
ls	50247b26	281835	AzraelDoom	marche	les deux verites concordent	382cafaf	VALIDE	Meehanics
ls	50247b26	285243	EminentSauce294	marche	les deux verites concordent	99d98aef	VALIDE	Dinkleberg9242
ls	50247b26	287482	Matej8586	marche	les deux verites concordent	382cafaf	VALIDE	Meehanics
ls	50247b26	294653	Dinkleberg9242	marche	les deux verites concordent	130c4b61	SOUS_RESERVE	SeaMonkey117
ls	50247b26	295312	RogueCyrax001	marche	les deux verites concordent	f712c64a	VALIDE	VoicingGalaxy80
ls	50247b26	299282	LuckyFox1759	marche	les deux verites concordent	f712c64a	VALIDE	VoicingGalaxy80
ls	50247b26	300427	Madina97294	marche	les deux verites concordent	382cafaf	VALIDE	MonoNein
ls	50247b26	300458	Kukovec	marche	les deux verites concordent	557a2b6c	VALIDE	MonoNein
ls	50247b26	303820	Sayanz Slayz	scan	les deux verites concordent	382cafaf	VALIDE	MonoNein
ls	50247b26	307533	RaringDust19181	marche	les deux verites concordent	f3c1f9a8	SOUS_RESERVE	AzraelDoom
ls	50247b26	307964	XGENETHESZ	marche	source appartenant a la victime	da3b5ba4	VALIDE	SeaMonkey117
ls	50247b26	312907	SeaMonkey117	marche	les deux verites concordent	5e389b5d	VALIDE	AliAydinli
ls	50247b26	316866	Matej8586	marche	les deux verites concordent	f712c64a	VALIDE	VoicingGalaxy80
ls	50247b26	320010	EminentSauce294	marche	les deux verites concordent	f712c64a	VALIDE	BlargMcNarg
ls	50247b26	322979	AzraelDoom	marche	les deux verites concordent	382cafaf	VALIDE	Meehanics
ls	50247b26	323983	Tine1903	marche	les deux verites concordent	f3c1f9a8	SOUS_RESERVE	Madina97294
ls	50247b26	329423	Madina97294	marche	les deux verites concordent	0000b29c	SOUS_RESERVE	BatClogs
ls	50247b26	330914	LuckyFox1759	marche	les deux verites concordent	00404748	VALIDE	AliAydinli
ls	50247b26	332188	AliAydinli	marche	les deux verites concordent	da3b5ba4	VALIDE	LuckyFox1759
ls	50247b26	332758	Kukovec	marche	les deux verites concordent	f3c1f9a8	SOUS_RESERVE	BlargMcNarg
ls	50247b26	334925	Sayanz Slayz	marche	les deux verites concordent	d468178e	SOUS_RESERVE	HAL0s GH0ST
ls	50247b26	337197	SeaMonkey117	marche	les deux verites concordent	382cafaf	VALIDE	Meehanics
ls	50247b26	337390	Dinkleberg9242	marche	les deux verites concordent	f3c1f9a8	SOUS_RESERVE	RogueCyrax001
ls	50247b26	351012	LuckyFox1759	marche	les deux verites concordent	0000b238	SOUS_RESERVE	BlargMcNarg
ls	50247b26	355843	XGENETHESZ	marche	les deux verites concordent	0000b238	SOUS_RESERVE	AzraelDoom
ls	50247b26	362189	RaringDust19181	marche	les deux verites concordent	f3c1f9a8	SOUS_RESERVE	RogueCyrax001
ls	50247b26	364219	BlargMcNarg	marche	les deux verites concordent	f3c1f9a8	SOUS_RESERVE	Madina97294
ls	50247b26	374525	Tine1903	marche	les deux verites concordent	daa03c35	VALIDE	SeaMonkey117
ls	50247b26	377503	RogueCyrax001	marche	les deux verites concordent	13ff7bdf	SOUS_RESERVE	AliAydinli
ls	50247b26	377904	AliAydinli	marche	les deux verites concordent	daa03c35	VALIDE	SeaMonkey117
ls	50247b26	384306	HAL0s GH0ST	marche	les deux verites concordent	0000b29c	SOUS_RESERVE	Sayanz Slayz
ls	50247b26	385173	VoicingGalaxy80	scan	les deux verites concordent	0000005f	INCONNU	AzraelDoom
ls	50247b26	390085	BatClogs	marche	les deux verites concordent	f3c1f9a8	SOUS_RESERVE	SeaMonkey117
ls	50247b26	395781	EminentSauce294	scan	les deux verites concordent	382cafaf	VALIDE	Dinkleberg9242
ls	50247b26	400454	Dinkleberg9242	marche	les deux verites concordent	130c4b61	SOUS_RESERVE	SeaMonkey117
ls	50247b26	401155	Matej8586	marche	les deux verites concordent	382cafaf	VALIDE	Meehanics
ls	50247b26	405464	BlargMcNarg	marche	les deux verites concordent	0000b29c	SOUS_RESERVE	Sayanz Slayz
ls	50247b26	408700	Meehanics	marche	les deux verites concordent	f3c1f9a8	SOUS_RESERVE	RogueCyrax001
ls	50247b26	410945	Hen Grill	marche	les deux verites concordent	f3c1f9a8	SOUS_RESERVE	Madina97294
ls	50247b26	411579	XGENETHESZ	marche	les deux verites concordent	f3c1f9a8	SOUS_RESERVE	Madina97294
ls	50247b26	414740	RaringDust19181	marche	les deux verites concordent	130c4b61	SOUS_RESERVE	SeaMonkey117
ls	50247b26	415674	Tine1903	marche	les deux verites concordent	f3c1f9a8	SOUS_RESERVE	LuckyFox1759
ls	50247b26	416947	Kukovec	marche	les deux verites concordent	f3c1f9a8	SOUS_RESERVE	Dinkleberg9242
ls	50247b26	436803	SeaMonkey117	marche	les deux verites concordent	d468178e	SOUS_RESERVE	BlargMcNarg
ls	50247b26	437582	Madina97294	marche	les deux verites concordent	d468178e	SOUS_RESERVE	HAL0s GH0ST
ls	50247b26	438745	BlargMcNarg	scan	les deux verites concordent	5e389b5d	VALIDE	EminentSauce294
ls	50247b26	441444	EminentSauce294	marche	les deux verites concordent	d468178e	SOUS_RESERVE	HAL0s GH0ST
ls	50247b26	453303	Kukovec	marche	les deux verites concordent	f3c1f9a8	SOUS_RESERVE	VoicingGalaxy80
ls	50247b26	457762	LuckyFox1759	marche	les deux verites concordent	ab06203c	VALIDE	AliAydinli
ls	50247b26	461266	SeaMonkey117	marche	les deux verites concordent	00426796	VALIDE	VoicingGalaxy80
ls	50247b26	461542	Matej8586	marche	les deux verites concordent	d468178e	SOUS_RESERVE	HAL0s GH0ST
ls	50247b26	462809	AzraelDoom	scan	les deux verites concordent	382cafaf	VALIDE	Hen Grill
ls	50247b26	462875	Sayanz Slayz	marche	les deux verites concordent	13ff7bdf	SOUS_RESERVE	BatClogs
ls	50247b26	464243	RogueCyrax001	marche	les deux verites concordent	130c4b61	SOUS_RESERVE	BlargMcNarg
ls	50247b26	464936	Madina97294	marche	les deux verites concordent	698aacdb	SOUS_RESERVE	HAL0s GH0ST
ls	50247b26	476294	LuckyFox1759	marche	les deux verites concordent	382cafaf	VALIDE	Hen Grill
ls	50247b26	477115	Matej8586	marche	les deux verites concordent	382cafaf	VALIDE	Hen Grill
ls	50247b26	479894	SeaMonkey117	marche	les deux verites concordent	382cafaf	VALIDE	Hen Grill
ls	50247b26	488972	RaringDust19181	marche	les deux verites concordent	f3c1f9a8	SOUS_RESERVE	RogueCyrax001
ls	50247b26	496014	Kukovec	marche	les deux verites concordent	d2ffec3f	VALIDE	XGENETHESZ
ls	50247b26	498313	MonoNein	scan	les deux verites concordent	daa03c35	VALIDE	AzraelDoom
ls	50247b26	501711	LuckyFox1759	marche	les deux verites concordent	f3c1f9a8	SOUS_RESERVE	Dinkleberg9242
ls	50247b26	504113	Dinkleberg9242	marche	les deux verites concordent	f3c1f9a8	SOUS_RESERVE	AzraelDoom
ls	50247b26	504209	RogueCyrax001	marche	les deux verites concordent	00426796	VALIDE	XGENETHESZ
ls	50247b26	504977	BatClogs	marche	les deux verites concordent	2ff92041	VALIDE	Madina97294
ls	50247b26	504980	Madina97294	marche	les deux verites concordent	daa03c35	VALIDE	BatClogs
ls	50247b26	505088	AzraelDoom	marche	les deux verites concordent	382cafaf	VALIDE	Hen Grill
ls	50247b26	513988	Tine1903	marche	les deux verites concordent	0000b238	SOUS_RESERVE	Sayanz Slayz
ls	50247b26	515895	SeaMonkey117	marche	les deux verites concordent	382cafaf	VALIDE	Hen Grill
ls	50247b26	520763	RogueCyrax001	marche	les deux verites concordent	0000005f	INCONNU	Meehanics
ls	50247b26	525834	LuckyFox1759	marche	les deux verites concordent	382cafaf	VALIDE	Hen Grill
ls	50247b26	532276	AzraelDoom	scan	les deux verites concordent	382cafaf	VALIDE	Hen Grill
ls	50247b26	533875	Matej8586	marche	les deux verites concordent	f3c1f9a8	SOUS_RESERVE	MonoNein
ls	50247b26	536242	Sayanz Slayz	marche	les deux verites concordent	00426796	VALIDE	VoicingGalaxy80
ls	50247b26	536409	AliAydinli	marche	les deux verites concordent	130c4b61	SOUS_RESERVE	EminentSauce294
ls	50247b26	537986	Madina97294	scan	les deux verites concordent	f3c1f9a8	SOUS_RESERVE	BlargMcNarg
ls	50247b26	538610	EminentSauce294	marche	les deux verites concordent	00426796	VALIDE	XGENETHESZ
ls	50247b26	554134	Matej8586	marche	les deux verites concordent	00426796	VALIDE	XGENETHESZ
ls	50247b26	560533	SeaMonkey117	marche	les deux verites concordent	f712c64a	VALIDE	Dinkleberg9242
ls	50247b26	562222	Hen Grill	scan	les deux verites concordent	f3c1f9a8	SOUS_RESERVE	Madina97294
ls	50247b26	568884	AzraelDoom	scan	les deux verites concordent	130c4b61	SOUS_RESERVE	BlargMcNarg
ls	50247b26	571928	HAL0s GH0ST	marche	les deux verites concordent	daa03c35	VALIDE	EminentSauce294
ls	50247b26	578738	VoicingGalaxy80	marche	les deux verites concordent	f3c1f9a8	SOUS_RESERVE	Madina97294
ls	50247b26	581332	Meehanics	scan	les deux verites concordent	f3c1f9a8	SOUS_RESERVE	SeaMonkey117
ls	50247b26	581640	SeaMonkey117	marche	les deux verites concordent	0000b238	SOUS_RESERVE	Dinkleberg9242
ls	50247b26	584138	Madina97294	marche	les deux verites concordent	382cafaf	VALIDE	XGENETHESZ
ls	50247b26	585602	RogueCyrax001	marche	les deux verites concordent	0000b238	SOUS_RESERVE	Dinkleberg9242
ls	51ebbc0f	71348	DriftingGnat636	marche	les deux verites concordent	0d203522	VALIDE	Chocoboflor
ls	51ebbc0f	74302	MajinChief306	marche	les deux verites concordent	0000b238	SOUS_RESERVE	Alejandro51500
ls	51ebbc0f	76588	Alejandro51500	marche	les deux verites concordent	7654f890	SOUS_RESERVE	FlyingPhrogg
ls	51ebbc0f	79740	Chocoboflor	marche	les deux verites concordent	7654f890	SOUS_RESERVE	Foggiest Lizard
ls	51ebbc0f	83745	Fingtitt	scan	les deux verites concordent	7654f890	SOUS_RESERVE	FlyingPhrogg
ls	51ebbc0f	91987	Foggiest Lizard	scan	les deux verites concordent	bb1a095b	SOUS_RESERVE	Slowpoke6743
ls	51ebbc0f	99644	FlyingPhrogg	marche	les deux verites concordent	bb1a095b	SOUS_RESERVE	Alejandro51500
ls	51ebbc0f	104966	MajinChief306	marche	les deux verites concordent	bb1a095b	SOUS_RESERVE	DriftingGnat636
ls	51ebbc0f	122883	DriftingGnat636	marche	source appartenant a la victime	00403594	VALIDE	Slowpoke6743
ls	51ebbc0f	130626	Chocoboflor	scan	les deux verites concordent	bb1a095b	SOUS_RESERVE	Fingtitt
ls	51ebbc0f	135313	Foggiest Lizard	marche	les deux verites concordent	daa03c35	VALIDE	Slowpoke6743
ls	51ebbc0f	141236	Alejandro51500	marche	les deux verites concordent	0000b238	SOUS_RESERVE	Slowpoke6743
ls	51ebbc0f	142104	MajinChief306	scan	les deux verites concordent	000027cc	VALIDE	Fingtitt
ls	51ebbc0f	148326	DriftingGnat636	scan	les deux verites concordent	bb1a095b	SOUS_RESERVE	FlyingPhrogg
ls	51ebbc0f	156383	Fingtitt	marche	les deux verites concordent	0d203522	VALIDE	Slowpoke6743
ls	51ebbc0f	156735	FlyingPhrogg	scan	les deux verites concordent	0d203522	VALIDE	Foggiest Lizard
ls	51ebbc0f	162574	Foggiest Lizard	marche	les deux verites concordent	bb1a095b	SOUS_RESERVE	Chocoboflor
ls	51ebbc0f	169982	DriftingGnat636	scan	les deux verites concordent	daa03c35	VALIDE	Chocoboflor
ls	51ebbc0f	170315	Chocoboflor	marche	les deux verites concordent	bb1a095b	SOUS_RESERVE	Fingtitt
ls	51ebbc0f	177021	MajinChief306	marche	les deux verites concordent	daa03c35	VALIDE	Alejandro51500
ls	51ebbc0f	189936	Alejandro51500	scan	les deux verites concordent	bb1a095b	SOUS_RESERVE	FlyingPhrogg
ls	51ebbc0f	197743	Foggiest Lizard	marche	les deux verites concordent	0000b238	SOUS_RESERVE	FlyingPhrogg
ls	51ebbc0f	208187	DriftingGnat636	scan	les deux verites concordent	0000b29c	SOUS_RESERVE	MajinChief306
ls	51ebbc0f	208737	Fingtitt	marche	les deux verites concordent	bb1a095b	SOUS_RESERVE	Chocoboflor
ls	51ebbc0f	211891	Chocoboflor	scan	les deux verites concordent	0000b238	SOUS_RESERVE	Alejandro51500
ls	51ebbc0f	217146	Alejandro51500	marche	les deux verites concordent	daa03c35	VALIDE	Slowpoke6743
ls	51ebbc0f	224870	Foggiest Lizard	scan	les deux verites concordent	daa03c35	VALIDE	Slowpoke6743
ls	51ebbc0f	228555	FlyingPhrogg	marche	les deux verites concordent	da3b5ba4	VALIDE	Fingtitt
ls	51ebbc0f	232662	Fingtitt	scan	les deux verites concordent	0000b238	SOUS_RESERVE	Chocoboflor
ls	51ebbc0f	239034	Chocoboflor	marche	les deux verites concordent	7654f890	SOUS_RESERVE	DriftingGnat636
ls	51ebbc0f	247675	Alejandro51500	scan	les deux verites concordent	0d203522	VALIDE	Slowpoke6743
ls	51ebbc0f	279475	DriftingGnat636	scan	les deux verites concordent	7654f890	SOUS_RESERVE	FlyingPhrogg
ls	51ebbc0f	280343	Chocoboflor	scan	les deux verites concordent	0000b238	SOUS_RESERVE	Fingtitt
ls	51ebbc0f	297476	Chocoboflor	scan	les deux verites concordent	daa03c35	VALIDE	Foggiest Lizard
ls	51ebbc0f	303650	MajinChief306	scan	les deux verites concordent	daa03c35	VALIDE	Foggiest Lizard
ls	51ebbc0f	305719	Foggiest Lizard	scan	les deux verites concordent	0d203522	VALIDE	Slowpoke6743
ls	51ebbc0f	305835	FlyingPhrogg	scan	les deux verites concordent	0000b238	SOUS_RESERVE	DriftingGnat636
ls	51ebbc0f	307918	Fingtitt	scan	les deux verites concordent	00404748	VALIDE	FlyingPhrogg
ls	51ebbc0f	316779	Alejandro51500	scan	les deux verites concordent	daa03c35	VALIDE	Slowpoke6743
ls	51ebbc0f	320466	DriftingGnat636	scan	les deux verites concordent	0000b238	SOUS_RESERVE	Slowpoke6743
ls	51ebbc0f	325737	Slowpoke6743	scan	les deux verites concordent	daa03c35	VALIDE	Foggiest Lizard
ls	51ebbc0f	326104	Foggiest Lizard	scan	les deux verites concordent	0000b238	SOUS_RESERVE	Chocoboflor
ls	51ebbc0f	331043	Fingtitt	scan	les deux verites concordent	daa03c35	VALIDE	Chocoboflor
ls	51ebbc0f	343487	FlyingPhrogg	scan	les deux verites concordent	bb1a095b	SOUS_RESERVE	Alejandro51500
ls	51ebbc0f	348511	Slowpoke6743	scan	les deux verites concordent	0000b238	SOUS_RESERVE	DriftingGnat636
ls	51ebbc0f	351462	Chocoboflor	scan	les deux verites concordent	da3b5ba4	VALIDE	Alejandro51500
ls	51ebbc0f	354901	MajinChief306	scan	les deux verites concordent	0000b29c	SOUS_RESERVE	Foggiest Lizard
ls	51ebbc0f	376023	Chocoboflor	scan	les deux verites concordent	0000b238	SOUS_RESERVE	DriftingGnat636
ls	51ebbc0f	384765	MajinChief306	scan	les deux verites concordent	0000b238	SOUS_RESERVE	Fingtitt
ls	51ebbc0f	397877	Alejandro51500	scan	les deux verites concordent	bb1a095b	SOUS_RESERVE	Chocoboflor
ls	51ebbc0f	398595	FlyingPhrogg	scan	les deux verites concordent	bb1a095b	SOUS_RESERVE	Fingtitt
ls	51ebbc0f	401712	Foggiest Lizard	scan	les deux verites concordent	da3b5ba4	VALIDE	Slowpoke6743
ls	51ebbc0f	401981	Fingtitt	scan	les deux verites concordent	0000b238	SOUS_RESERVE	Slowpoke6743
ls	51ebbc0f	405935	Chocoboflor	scan	les deux verites concordent	0000b238	SOUS_RESERVE	DriftingGnat636
ls	51ebbc0f	418680	DriftingGnat636	scan	source appartenant a la victime	00403594	VALIDE	Slowpoke6743
ls	51ebbc0f	421318	MajinChief306	scan	les deux verites concordent	bb1a095b	SOUS_RESERVE	Fingtitt
ls	51ebbc0f	422534	Foggiest Lizard	scan	les deux verites concordent	0000b238	SOUS_RESERVE	Chocoboflor
ls	51ebbc0f	428158	Chocoboflor	scan	les deux verites concordent	0000b238	SOUS_RESERVE	Fingtitt
ls	51ebbc0f	445225	Fingtitt	scan	les deux verites concordent	7654f890	SOUS_RESERVE	FlyingPhrogg
ls	51ebbc0f	445809	MajinChief306	scan	les deux verites concordent	bb1a095b	SOUS_RESERVE	Foggiest Lizard
ls	51ebbc0f	456720	DriftingGnat636	scan	les deux verites concordent	0000b238	SOUS_RESERVE	Chocoboflor
ls	51ebbc0f	459190	Chocoboflor	scan	les deux verites concordent	0000b238	SOUS_RESERVE	Alejandro51500
ls	51ebbc0f	462425	Alejandro51500	scan	les deux verites concordent	0000b238	SOUS_RESERVE	MajinChief306
ls	51ebbc0f	464561	Foggiest Lizard	scan	les deux verites concordent	7654f890	SOUS_RESERVE	FlyingPhrogg
ls	51ebbc0f	468148	Fingtitt	scan	les deux verites concordent	0000b238	SOUS_RESERVE	Slowpoke6743
ls	51ebbc0f	473167	Slowpoke6743	scan	source appartenant a la victime	00403594	VALIDE	DriftingGnat636
ls	51ebbc0f	482512	Foggiest Lizard	scan	les deux verites concordent	7654f890	SOUS_RESERVE	FlyingPhrogg
ls	51ebbc0f	484579	MajinChief306	scan	les deux verites concordent	bb1a095b	SOUS_RESERVE	Fingtitt
ls	51ebbc0f	491555	Fingtitt	scan	les deux verites concordent	7654f890	SOUS_RESERVE	FlyingPhrogg
ls	51ebbc0f	492072	Alejandro51500	scan	les deux verites concordent	0000b238	SOUS_RESERVE	Chocoboflor
ls	60ae07c4	42115	xToo Frosty	marche	les deux verites concordent	f3c1f9a8	SOUS_RESERVE	Noddy1314
ls	60ae07c4	47036	Mims5268	marche	les deux verites concordent	f3c1f9a8	SOUS_RESERVE	STCYYR
ls	60ae07c4	52575	DavidSuomi	marche	les deux verites concordent	7654f890	SOUS_RESERVE	MarcooN1414
ls	60ae07c4	59615	Madina97294	marche	les deux verites concordent	f3c1f9a8	SOUS_RESERVE	xToo Frosty
ls	60ae07c4	68875	Noddy1314	marche	les deux verites concordent	f3c1f9a8	SOUS_RESERVE	Matyus89
ls	60ae07c4	68975	Matyus89	marche	les deux verites concordent	f3c1f9a8	SOUS_RESERVE	Noddy1314
ls	60ae07c4	71627	MarcooN1414	marche	les deux verites concordent	f3c1f9a8	SOUS_RESERVE	Mims5268
ls	60ae07c4	80636	Madina97294	marche	les deux verites concordent	f3c1f9a8	SOUS_RESERVE	DavidSuomi
ls	60ae07c4	81854	DavidSuomi	marche	les deux verites concordent	f3c1f9a8	SOUS_RESERVE	STCYYR
ls	60ae07c4	93967	Mims5268	marche	les deux verites concordent	f3c1f9a8	SOUS_RESERVE	STCYYR
ls	60ae07c4	93983	STCYYR	marche	les deux verites concordent	daa03c35	VALIDE	Mims5268
ls	60ae07c4	97636	xToo Frosty	marche	les deux verites concordent	daa03c35	VALIDE	Noddy1314
ls	60ae07c4	107580	STCYYR	marche	les deux verites concordent	f3c1f9a8	SOUS_RESERVE	Mims5268
ls	60ae07c4	112234	MarcooN1414	marche	les deux verites concordent	1f11df6b	SOUS_RESERVE	Matyus89
ls	60ae07c4	116206	Madina97294	marche	les deux verites concordent	f3c1f9a8	SOUS_RESERVE	Mims5268
ls	60ae07c4	123562	Noddy1314	marche	source appartenant a la victime	00403594	VALIDE	DavidSuomi
ls	60ae07c4	124897	Mims5268	marche	les deux verites concordent	f3c1f9a8	SOUS_RESERVE	STCYYR
ls	60ae07c4	136843	STCYYR	marche	les deux verites concordent	f3c1f9a8	SOUS_RESERVE	xToo Frosty
ls	60ae07c4	141831	MarcooN1414	marche	les deux verites concordent	daa03c35	VALIDE	xToo Frosty
ls	60ae07c4	144401	Noddy1314	marche	les deux verites concordent	f3c1f9a8	SOUS_RESERVE	DavidSuomi
ls	60ae07c4	145218	Madina97294	marche	les deux verites concordent	daa03c35	VALIDE	Matyus89
ls	60ae07c4	162969	Noddy1314	marche	les deux verites concordent	f3c1f9a8	SOUS_RESERVE	DavidSuomi
ls	60ae07c4	169176	xToo Frosty	marche	les deux verites concordent	f3c1f9a8	SOUS_RESERVE	MarcooN1414
ls	60ae07c4	170160	Madina97294	marche	les deux verites concordent	f3c1f9a8	SOUS_RESERVE	DavidSuomi
ls	60ae07c4	170193	DavidSuomi	marche	les deux verites concordent	f3c1f9a8	SOUS_RESERVE	Madina97294
ls	60ae07c4	170843	Mims5268	marche	les deux verites concordent	da3b5ba4	VALIDE	MarcooN1414
ls	60ae07c4	178768	Matyus89	marche	les deux verites concordent	f3c1f9a8	SOUS_RESERVE	MarcooN1414
ls	60ae07c4	188745	STCYYR	marche	les deux verites concordent	f3c1f9a8	SOUS_RESERVE	Mims5268
ls	60ae07c4	189896	xToo Frosty	marche	les deux verites concordent	f3c1f9a8	SOUS_RESERVE	Noddy1314
ls	60ae07c4	198906	Noddy1314	marche	les deux verites concordent	f3c1f9a8	SOUS_RESERVE	Mims5268
ls	60ae07c4	205412	DavidSuomi	marche	les deux verites concordent	000027cc	VALIDE	Madina97294
ls	60ae07c4	208099	Madina97294	marche	les deux verites concordent	f3c1f9a8	SOUS_RESERVE	xToo Frosty
ls	60ae07c4	213357	MarcooN1414	marche	les deux verites concordent	daa03c35	VALIDE	Mims5268
ls	60ae07c4	218146	Mims5268	marche	les deux verites concordent	f3c1f9a8	SOUS_RESERVE	STCYYR
ls	60ae07c4	228408	Madina97294	marche	les deux verites concordent	da3b5ba4	VALIDE	DavidSuomi
ls	60ae07c4	229660	DavidSuomi	marche	les deux verites concordent	f3c1f9a8	SOUS_RESERVE	Noddy1314
ls	60ae07c4	231213	STCYYR	marche	les deux verites concordent	f3c1f9a8	SOUS_RESERVE	Matyus89
ls	60ae07c4	239571	MarcooN1414	marche	les deux verites concordent	daa03c35	VALIDE	Mims5268
ls	60ae07c4	248730	Madina97294	marche	les deux verites concordent	f3c1f9a8	SOUS_RESERVE	Matyus89
ls	60ae07c4	249865	STCYYR	marche	les deux verites concordent	f3c1f9a8	SOUS_RESERVE	Mims5268
ls	60ae07c4	259858	MarcooN1414	marche	les deux verites concordent	daa03c35	VALIDE	Matyus89
ls	60ae07c4	262494	Noddy1314	marche	les deux verites concordent	f3c1f9a8	SOUS_RESERVE	xToo Frosty
ls	60ae07c4	263061	xToo Frosty	marche	les deux verites concordent	f3c1f9a8	SOUS_RESERVE	STCYYR
ls	60ae07c4	267415	Matyus89	marche	les deux verites concordent	daa03c35	VALIDE	STCYYR
ls	60ae07c4	269450	Madina97294	marche	les deux verites concordent	f3c1f9a8	SOUS_RESERVE	Mims5268
ls	60ae07c4	280312	DavidSuomi	marche	les deux verites concordent	f3c1f9a8	SOUS_RESERVE	STCYYR
ls	60ae07c4	282148	STCYYR	marche	les deux verites concordent	f3c1f9a8	SOUS_RESERVE	Mims5268
ls	60ae07c4	285051	Mims5268	marche	les deux verites concordent	f3c1f9a8	SOUS_RESERVE	Noddy1314
ls	60ae07c4	287469	Noddy1314	marche	les deux verites concordent	2ff92041	VALIDE	xToo Frosty
ls	60ae07c4	290555	MarcooN1414	marche	les deux verites concordent	f3c1f9a8	SOUS_RESERVE	Matyus89
ls	60ae07c4	301366	Matyus89	marche	les deux verites concordent	f3c1f9a8	SOUS_RESERVE	STCYYR
ls	60ae07c4	303168	DavidSuomi	marche	les deux verites concordent	f3c1f9a8	SOUS_RESERVE	Madina97294
ls	60ae07c4	303284	Madina97294	marche	les deux verites concordent	daa03c35	VALIDE	DavidSuomi
ls	60ae07c4	304636	Mims5268	marche	les deux verites concordent	f3c1f9a8	SOUS_RESERVE	STCYYR
ls	60ae07c4	304669	STCYYR	marche	les deux verites concordent	f3c1f9a8	SOUS_RESERVE	Mims5268
ls	60ae07c4	326025	STCYYR	marche	les deux verites concordent	f3c1f9a8	SOUS_RESERVE	Mims5268
ls	60ae07c4	334983	Noddy1314	marche	les deux verites concordent	daa03c35	VALIDE	Matyus89
ls	60ae07c4	335950	MarcooN1414	marche	les deux verites concordent	daa03c35	VALIDE	Mims5268
ls	60ae07c4	340371	Madina97294	marche	les deux verites concordent	f3c1f9a8	SOUS_RESERVE	DavidSuomi
ls	60ae07c4	345161	Mims5268	marche	les deux verites concordent	f3c1f9a8	SOUS_RESERVE	STCYYR
ls	60ae07c4	355254	xToo Frosty	marche	les deux verites concordent	daa03c35	VALIDE	STCYYR
ls	60ae07c4	358958	STCYYR	marche	les deux verites concordent	f3c1f9a8	SOUS_RESERVE	Mims5268
ls	60ae07c4	366566	DavidSuomi	marche	les deux verites concordent	f3c1f9a8	SOUS_RESERVE	Noddy1314
ls	60ae07c4	367817	MarcooN1414	marche	les deux verites concordent	f3c1f9a8	SOUS_RESERVE	Mims5268
ls	60ae07c4	371454	Noddy1314	marche	les deux verites concordent	f3c1f9a8	SOUS_RESERVE	Matyus89
ls	60ae07c4	374906	Matyus89	marche	les deux verites concordent	da3b5ba4	VALIDE	Madina97294
ls	60ae07c4	376742	Mims5268	marche	les deux verites concordent	f3c1f9a8	SOUS_RESERVE	Madina97294
ls	60ae07c4	380797	Madina97294	marche	les deux verites concordent	f3c1f9a8	SOUS_RESERVE	xToo Frosty
ls	60ae07c4	382015	STCYYR	marche	les deux verites concordent	f3c1f9a8	SOUS_RESERVE	DavidSuomi
ls	60ae07c4	395995	DavidSuomi	marche	les deux verites concordent	f3c1f9a8	SOUS_RESERVE	Noddy1314
ls	60ae07c4	398248	Noddy1314	marche	les deux verites concordent	2ff92041	VALIDE	Mims5268
ls	60ae07c4	401184	xToo Frosty	marche	les deux verites concordent	f3c1f9a8	SOUS_RESERVE	STCYYR
ls	60ae07c4	402068	MarcooN1414	marche	les deux verites concordent	f3c1f9a8	SOUS_RESERVE	Matyus89
ls	60ae07c4	402418	Matyus89	marche	les deux verites concordent	f3c1f9a8	SOUS_RESERVE	Madina97294
ls	60ae07c4	421320	MarcooN1414	marche	les deux verites concordent	f3c1f9a8	SOUS_RESERVE	DavidSuomi
ls	60ae07c4	423857	DavidSuomi	marche	les deux verites concordent	f3c1f9a8	SOUS_RESERVE	STCYYR
ls	60ae07c4	425809	Matyus89	marche	les deux verites concordent	f3c1f9a8	SOUS_RESERVE	Noddy1314
ls	60ae07c4	429262	Noddy1314	marche	les deux verites concordent	f3c1f9a8	SOUS_RESERVE	Mims5268
ls	60ae07c4	452220	STCYYR	marche	les deux verites concordent	da3b5ba4	VALIDE	Matyus89
ls	60ae07c4	454273	Mims5268	marche	les deux verites concordent	f3c1f9a8	SOUS_RESERVE	Madina97294
ls	60ae07c4	454840	Noddy1314	marche	les deux verites concordent	f3c1f9a8	SOUS_RESERVE	xToo Frosty
ls	60ae07c4	462631	xToo Frosty	marche	les deux verites concordent	f3c1f9a8	SOUS_RESERVE	Madina97294
ls	60ae07c4	468671	Madina97294	marche	les deux verites concordent	f3c1f9a8	SOUS_RESERVE	DavidSuomi
ls	60ae07c4	473242	Matyus89	marche	les deux verites concordent	f3c1f9a8	SOUS_RESERVE	MarcooN1414
ls	60ae07c4	478164	DavidSuomi	marche	les deux verites concordent	f3c1f9a8	SOUS_RESERVE	STCYYR
ls	60ae07c4	483603	Madina97294	marche	les deux verites concordent	f3c1f9a8	SOUS_RESERVE	xToo Frosty
ls	60ae07c4	485555	xToo Frosty	marche	les deux verites concordent	f3c1f9a8	SOUS_RESERVE	STCYYR
ls	60ae07c4	486422	Mims5268	marche	les deux verites concordent	f3c1f9a8	SOUS_RESERVE	Noddy1314
ls	60ae07c4	491677	STCYYR	marche	les deux verites concordent	f3c1f9a8	SOUS_RESERVE	Matyus89
ls	60ae07c4	499635	DavidSuomi	marche	les deux verites concordent	f3c1f9a8	SOUS_RESERVE	Noddy1314
ls	60ae07c4	499719	Noddy1314	marche	les deux verites concordent	f3c1f9a8	SOUS_RESERVE	DavidSuomi
ls	60ae07c4	502455	MarcooN1414	marche	les deux verites concordent	f3c1f9a8	SOUS_RESERVE	Matyus89
ls	60ae07c4	508494	Matyus89	marche	les deux verites concordent	f3c1f9a8	SOUS_RESERVE	Madina97294
ls	60ae07c4	513633	STCYYR	marche	les deux verites concordent	f3c1f9a8	SOUS_RESERVE	Mims5268
ls	60ae07c4	514466	xToo Frosty	marche	les deux verites concordent	da3b5ba4	VALIDE	STCYYR
ls	60ae07c4	516402	Madina97294	marche	les deux verites concordent	f3c1f9a8	SOUS_RESERVE	DavidSuomi
ls	60ae07c4	522175	Noddy1314	marche	les deux verites concordent	f3c1f9a8	SOUS_RESERVE	Mims5268
ls	60ae07c4	535388	Mims5268	marche	les deux verites concordent	f3c1f9a8	SOUS_RESERVE	STCYYR
ls	60ae07c4	540944	STCYYR	marche	les deux verites concordent	f3c1f9a8	SOUS_RESERVE	Matyus89
ls	60ae07c4	541945	xToo Frosty	marche	les deux verites concordent	f3c1f9a8	SOUS_RESERVE	Madina97294
ls	60ae07c4	545497	DavidSuomi	marche	les deux verites concordent	da3b5ba4	VALIDE	MarcooN1414
ls	60ae07c4	554824	Mims5268	marche	les deux verites concordent	f3c1f9a8	SOUS_RESERVE	Noddy1314
ls	60ae07c4	556660	Madina97294	marche	les deux verites concordent	f3c1f9a8	SOUS_RESERVE	Matyus89
ls	60ae07c4	559462	MarcooN1414	marche	les deux verites concordent	f3c1f9a8	SOUS_RESERVE	xToo Frosty
ls	60ae07c4	560930	xToo Frosty	marche	les deux verites concordent	f3c1f9a8	SOUS_RESERVE	STCYYR
ls	60ae07c4	563666	DavidSuomi	marche	les deux verites concordent	f3c1f9a8	SOUS_RESERVE	STCYYR
ls	60ae07c4	565100	STCYYR	marche	les deux verites concordent	da3b5ba4	VALIDE	DavidSuomi
ls	60ae07c4	573376	Matyus89	marche	les deux verites concordent	f3c1f9a8	SOUS_RESERVE	Noddy1314
ls	60ae07c4	581384	Noddy1314	marche	les deux verites concordent	f3c1f9a8	SOUS_RESERVE	Mims5268
ls	60ae07c4	585839	STCYYR	marche	les deux verites concordent	f3c1f9a8	SOUS_RESERVE	DavidSuomi
ls	60ae07c4	596349	Mims5268	marche	les deux verites concordent	f3c1f9a8	SOUS_RESERVE	Noddy1314
ls	60ae07c4	599019	Matyus89	scan	les deux verites concordent	f3c1f9a8	SOUS_RESERVE	STCYYR
ls	60ae07c4	600787	xToo Frosty	marche	les deux verites concordent	f3c1f9a8	SOUS_RESERVE	Noddy1314
ls	60ae07c4	602038	MarcooN1414	marche	les deux verites concordent	f3c1f9a8	SOUS_RESERVE	DavidSuomi
ls	60ae07c4	605509	DavidSuomi	marche	les deux verites concordent	f3c1f9a8	SOUS_RESERVE	STCYYR
ls	60ae07c4	621593	Mims5268	marche	les deux verites concordent	f3c1f9a8	SOUS_RESERVE	MarcooN1414
ls	60ae07c4	622027	xToo Frosty	marche	les deux verites concordent	f3c1f9a8	SOUS_RESERVE	STCYYR
ls	60ae07c4	626864	STCYYR	marche	les deux verites concordent	da3b5ba4	VALIDE	Matyus89
ls	60ae07c4	632254	Matyus89	marche	les deux verites concordent	f3c1f9a8	SOUS_RESERVE	MarcooN1414
ls	60ae07c4	638943	xToo Frosty	marche	les deux verites concordent	f3c1f9a8	SOUS_RESERVE	MarcooN1414
ls	60ae07c4	643714	Madina97294	marche	les deux verites concordent	da3b5ba4	VALIDE	Mims5268
ls	60ae07c4	649721	MarcooN1414	marche	les deux verites concordent	f3c1f9a8	SOUS_RESERVE	DavidSuomi
ls	60ae07c4	652757	Noddy1314	marche	les deux verites concordent	daa03c35	VALIDE	Mims5268
ls	60ae07c4	656128	Matyus89	marche	les deux verites concordent	f3c1f9a8	SOUS_RESERVE	STCYYR
ls	60ae07c4	656344	STCYYR	marche	les deux verites concordent	f3c1f9a8	SOUS_RESERVE	DavidSuomi
ls	60ae07c4	674478	Madina97294	scan	les deux verites concordent	da3b5ba4	VALIDE	DavidSuomi
ls	60ae07c4	680168	Noddy1314	marche	les deux verites concordent	f3c1f9a8	SOUS_RESERVE	Matyus89
ls	60ae07c4	683521	Mims5268	marche	les deux verites concordent	daa03c35	VALIDE	STCYYR
ls	60ae07c4	684255	STCYYR	marche	les deux verites concordent	f3c1f9a8	SOUS_RESERVE	Matyus89
ls	60ae07c4	695083	DavidSuomi	marche	les deux verites concordent	f3c1f9a8	SOUS_RESERVE	Madina97294
ls	60ae07c4	701273	Noddy1314	marche	les deux verites concordent	daa03c35	VALIDE	Matyus89
ls	60ae07c4	701873	Matyus89	marche	les deux verites concordent	f3c1f9a8	SOUS_RESERVE	STCYYR
ls	60ae07c4	704409	Mims5268	marche	les deux verites concordent	f3c1f9a8	SOUS_RESERVE	STCYYR
ls	60ae07c4	711583	xToo Frosty	marche	les deux verites concordent	f3c1f9a8	SOUS_RESERVE	STCYYR
ls	60ae07c4	717689	DavidSuomi	marche	les deux verites concordent	f3c1f9a8	SOUS_RESERVE	Madina97294
ls	60ae07c4	720609	Noddy1314	marche	les deux verites concordent	f3c1f9a8	SOUS_RESERVE	Matyus89
ls	60ae07c4	720675	Matyus89	marche	les deux verites concordent	f3c1f9a8	SOUS_RESERVE	STCYYR
ls	60ae07c4	728900	xToo Frosty	marche	les deux verites concordent	f3c1f9a8	SOUS_RESERVE	MarcooN1414
ls	60ae07c4	731786	Mims5268	marche	les deux verites concordent	f3c1f9a8	SOUS_RESERVE	Madina97294
ls	60ae07c4	743347	Madina97294	marche	les deux verites concordent	00404748	VALIDE	Matyus89
ls	60ae07c4	748420	Noddy1314	marche	les deux verites concordent	f3c1f9a8	SOUS_RESERVE	Mims5268
ls	60ae07c4	752040	DavidSuomi	marche	les deux verites concordent	f3c1f9a8	SOUS_RESERVE	MarcooN1414
ls	60ae07c4	755894	xToo Frosty	marche	les deux verites concordent	f3c1f9a8	SOUS_RESERVE	MarcooN1414
ls	60ae07c4	756761	STCYYR	marche	les deux verites concordent	f3c1f9a8	SOUS_RESERVE	Mims5268
ls	60ae07c4	760482	MarcooN1414	marche	les deux verites concordent	f3c1f9a8	SOUS_RESERVE	Mims5268
ls	60ae07c4	767072	Matyus89	marche	les deux verites concordent	f3c1f9a8	SOUS_RESERVE	Madina97294
ls	60ae07c4	771442	Madina97294	marche	les deux verites concordent	daa03c35	VALIDE	DavidSuomi
ls	60ae07c4	773028	Mims5268	marche	les deux verites concordent	f3c1f9a8	SOUS_RESERVE	STCYYR
ls	60ae07c4	774480	STCYYR	marche	les deux verites concordent	f3c1f9a8	SOUS_RESERVE	xToo Frosty
ls	60ae07c4	779935	DavidSuomi	marche	les deux verites concordent	f3c1f9a8	SOUS_RESERVE	Noddy1314
ls	60ae07c4	782504	Noddy1314	marche	les deux verites concordent	daa03c35	VALIDE	xToo Frosty
ls	60ae07c4	789828	Mims5268	marche	les deux verites concordent	f3c1f9a8	SOUS_RESERVE	STCYYR
ls	60ae07c4	794499	Madina97294	marche	les deux verites concordent	f3c1f9a8	SOUS_RESERVE	Matyus89
ls	60ae07c4	799604	Matyus89	marche	les deux verites concordent	f3c1f9a8	SOUS_RESERVE	STCYYR
ls	60ae07c4	809081	STCYYR	marche	les deux verites concordent	f3c1f9a8	SOUS_RESERVE	DavidSuomi
ls	60ae07c4	810599	DavidSuomi	marche	les deux verites concordent	f3c1f9a8	SOUS_RESERVE	Noddy1314
ls	60ae07c4	810765	Noddy1314	marche	les deux verites concordent	f3c1f9a8	SOUS_RESERVE	Mims5268
ls	60ae07c4	811416	xToo Frosty	marche	les deux verites concordent	daa03c35	VALIDE	MarcooN1414
ls	6b0e6f0f	65728	Mephisto5274	scan	les deux verites concordent	382cafaf	VALIDE	Typhus Drak
ls	6b0e6f0f	66929	UNR Swrvos	marche	les deux verites concordent	f3c1f9a8	SOUS_RESERVE	BigJohn S117
ls	6b0e6f0f	67877	GUTHIKO17	scan	les deux verites concordent	382cafaf	VALIDE	Typhus Drak
ls	6b0e6f0f	70666	UNR Rubie	marche	les deux verites concordent	35e75533	SOUS_RESERVE	SSDC5492
ls	6b0e6f0f	75755	BigJohn S117	marche	les deux verites concordent	674a7d69	VALIDE	UNR Walkure
ls	6b0e6f0f	81710	Korend6849	marche	les deux verites concordent	f3c1f9a8	SOUS_RESERVE	RaceulSlurr
ls	6b0e6f0f	84027	Mephisto5274	marche	les deux verites concordent	674a7d69	VALIDE	UNR Walkure
ls	6b0e6f0f	95108	Punkwolfe	marche	les deux verites concordent	f3c1f9a8	SOUS_RESERVE	UNR Rubie
ls	6b0e6f0f	99679	UNR Walkure	marche	les deux verites concordent	f3c1f9a8	SOUS_RESERVE	Nuzzles
ls	6b0e6f0f	104533	Mephisto5274	marche	les deux verites concordent	f3c1f9a8	SOUS_RESERVE	Typhus Drak
ls	6b0e6f0f	106502	Typhus Drak	marche	les deux verites concordent	f3c1f9a8	SOUS_RESERVE	Blue DSP
ls	6b0e6f0f	109387	Zevazover	marche	les deux verites concordent	35e75533	SOUS_RESERVE	Blue DSP
ls	6b0e6f0f	116962	UNR Rubie	marche	les deux verites concordent	f3c1f9a8	SOUS_RESERVE	BigJohn S117
ls	6b0e6f0f	123769	UNR Cole	marche	les deux verites concordent	35e75533	SOUS_RESERVE	Blue DSP
ls	6b0e6f0f	126305	UNR Swrvos	marche	les deux verites concordent	daa03c35	VALIDE	SSDC5492
ls	6b0e6f0f	126839	RaceulSlurr	marche	les deux verites concordent	166ba62b	SOUS_RESERVE	Nuzzles
ls	6b0e6f0f	129157	BigJohn S117	marche	les deux verites concordent	f3c1f9a8	SOUS_RESERVE	Typhus Drak
ls	6b0e6f0f	133345	Zevazover	marche	les deux verites concordent	f01d60e9	SOUS_RESERVE	Nuzzles
ls	6b0e6f0f	133894	Nuzzles	marche	les deux verites concordent	da3b5ba4	VALIDE	Zevazover
ls	6b0e6f0f	137099	GUTHIKO17	marche	les deux verites concordent	f3c1f9a8	SOUS_RESERVE	UNR Walkure
ls	6b0e6f0f	143489	Mephisto5274	marche	les deux verites concordent	0d203522	VALIDE	RaceulSlurr
ls	6b0e6f0f	149045	Korend6849	marche	les deux verites concordent	f3c1f9a8	SOUS_RESERVE	UNR Walkure
ls	6b0e6f0f	149629	RaceulSlurr	marche	les deux verites concordent	59255106	VALIDE	SSDC5492
ls	6b0e6f0f	153519	SSDC5492	marche	les deux verites concordent	f3c1f9a8	SOUS_RESERVE	UNR Walkure
ls	6b0e6f0f	154500	Zevazover	marche	les deux verites concordent	35e75533	SOUS_RESERVE	BigJohn S117
ls	6b0e6f0f	156602	UNR Cole	marche	les deux verites concordent	35e75533	SOUS_RESERVE	Blue DSP
ls	6b0e6f0f	164144	RaceulSlurr	marche	les deux verites concordent	f3c1f9a8	SOUS_RESERVE	BigJohn S117
ls	6b0e6f0f	168447	Nuzzles	marche	les deux verites concordent	f3c1f9a8	SOUS_RESERVE	Typhus Drak
ls	6b0e6f0f	171868	Mephisto5274	marche	les deux verites concordent	f3c1f9a8	SOUS_RESERVE	UNR Rubie
ls	6b0e6f0f	172402	GUTHIKO17	marche	les deux verites concordent	f3c1f9a8	SOUS_RESERVE	UNR Walkure
ls	6b0e6f0f	184881	SSDC5492	marche	les deux verites concordent	daa03c35	VALIDE	Typhus Drak
ls	6b0e6f0f	188050	Punkwolfe	marche	les deux verites concordent	f3c1f9a8	SOUS_RESERVE	Typhus Drak
ls	6b0e6f0f	190935	Zevazover	marche	les deux verites concordent	177a79ee	SOUS_RESERVE	Nuzzles
ls	6b0e6f0f	200530	Blue DSP	marche	les deux verites concordent	f3c1f9a8	SOUS_RESERVE	UNR Rubie
ls	6b0e6f0f	203750	Typhus Drak	marche	les deux verites concordent	13ff7bdf	SOUS_RESERVE	Nuzzles
ls	6b0e6f0f	219317	UNR Cole	marche	les deux verites concordent	f3c1f9a8	SOUS_RESERVE	Korend6849
ls	6b0e6f0f	219749	Mephisto5274	marche	les deux verites concordent	8b1f83ee	SOUS_RESERVE	UNR Rubie
ls	6b0e6f0f	220634	Korend6849	marche	les deux verites concordent	35e75533	SOUS_RESERVE	Zevazover
ls	6b0e6f0f	223536	Punkwolfe	marche	les deux verites concordent	35e75533	SOUS_RESERVE	UNR Walkure
ls	6b0e6f0f	234782	RaceulSlurr	marche	les deux verites concordent	7654f890	SOUS_RESERVE	BigJohn S117
ls	6b0e6f0f	253634	Nuzzles	marche	les deux verites concordent	8b1f83ee	SOUS_RESERVE	UNR Rubie
ls	6b0e6f0f	259104	Typhus Drak	marche	les deux verites concordent	da3b5ba4	VALIDE	BigJohn S117
ls	6b0e6f0f	260225	Mephisto5274	marche	les deux verites concordent	2ff92041	VALIDE	UNR Rubie
ls	6b0e6f0f	267616	GUTHIKO17	marche	source appartenant a la victime	15cdba9d	VALIDE	UNR Rubie
ls	6b0e6f0f	270650	Korend6849	marche	les deux verites concordent	f01d60e9	SOUS_RESERVE	UNR Swrvos
ls	6b0e6f0f	270652	UNR Swrvos	marche	les deux verites concordent	f01d60e9	SOUS_RESERVE	Korend6849
ls	6b0e6f0f	280310	UNR Cole	marche	les deux verites concordent	35e75533	SOUS_RESERVE	SSDC5492
ls	6b0e6f0f	324207	Blue DSP	marche	les deux verites concordent	166ba62b	SOUS_RESERVE	Typhus Drak
ls	6b0e6f0f	329195	Korend6849	marche	les deux verites concordent	f3c1f9a8	SOUS_RESERVE	RaceulSlurr
ls	6b0e6f0f	331931	Punkwolfe	marche	les deux verites concordent	01bc8b0b	SOUS_RESERVE	UNR Rubie
ls	6b0e6f0f	338535	UNR Walkure	marche	les deux verites concordent	674a7d69	VALIDE	SSDC5492
ls	6b0e6f0f	340838	UNR Rubie	marche	les deux verites concordent	130c4b61	SOUS_RESERVE	Nuzzles
ls	6b0e6f0f	341692	GUTHIKO17	marche	les deux verites concordent	35e75533	SOUS_RESERVE	UNR Cole
ls	6b0e6f0f	345845	UNR Cole	marche	les deux verites concordent	f3c1f9a8	SOUS_RESERVE	BigJohn S117
ls	6b0e6f0f	357057	UNR Walkure	scan	les deux verites concordent	f3c1f9a8	SOUS_RESERVE	Nuzzles
ls	6b0e6f0f	360928	Nuzzles	marche	les deux verites concordent	f3c1f9a8	SOUS_RESERVE	UNR Rubie
ls	6b0e6f0f	364798	SSDC5492	marche	les deux verites concordent	f3c1f9a8	SOUS_RESERVE	UNR Swrvos
ls	6b0e6f0f	368568	Typhus Drak	marche	les deux verites concordent	35e75533	SOUS_RESERVE	Blue DSP
ls	6b0e6f0f	371354	RaceulSlurr	scan	les deux verites concordent	35e75533	SOUS_RESERVE	BigJohn S117
ls	6b0e6f0f	385819	Nuzzles	marche	les deux verites concordent	f3c1f9a8	SOUS_RESERVE	UNR Walkure
ls	6b0e6f0f	390124	GUTHIKO17	marche	les deux verites concordent	003f582d	VALIDE	UNR Cole
ls	6b0e6f0f	391458	UNR Rubie	marche	les deux verites concordent	35e75533	SOUS_RESERVE	Blue DSP
ls	6b0e6f0f	403855	Zevazover	marche	les deux verites concordent	f3c1f9a8	SOUS_RESERVE	Blue DSP
ls	6b0e6f0f	408309	RaceulSlurr	marche	les deux verites concordent	f3c1f9a8	SOUS_RESERVE	Blue DSP
ls	6b0e6f0f	426361	SSDC5492	marche	les deux verites concordent	003f582d	VALIDE	UNR Cole
ls	6b0e6f0f	426794	UNR Rubie	marche	les deux verites concordent	35e75533	SOUS_RESERVE	Blue DSP
ls	6b0e6f0f	428146	UNR Swrvos	marche	les deux verites concordent	f3c1f9a8	SOUS_RESERVE	BigJohn S117
ls	6b0e6f0f	430531	RaceulSlurr	marche	les deux verites concordent	f3c1f9a8	SOUS_RESERVE	Blue DSP
ls	6b0e6f0f	430748	UNR Cole	marche	les deux verites concordent	f3c1f9a8	SOUS_RESERVE	Punkwolfe
ls	6b0e6f0f	436203	Zevazover	marche	les deux verites concordent	f3c1f9a8	SOUS_RESERVE	BigJohn S117
ls	6b0e6f0f	444979	UNR Rubie	scan	les deux verites concordent	f3c1f9a8	SOUS_RESERVE	Blue DSP
ls	6b0e6f0f	454354	UNR Walkure	marche	les deux verites concordent	daa03c35	VALIDE	Mephisto5274
ls	6b0e6f0f	458025	UNR Cole	marche	les deux verites concordent	f3c1f9a8	SOUS_RESERVE	BigJohn S117
ls	6b0e6f0f	465116	Korend6849	marche	les deux verites concordent	f3c1f9a8	SOUS_RESERVE	RaceulSlurr
ls	6b0e6f0f	467751	UNR Rubie	marche	les deux verites concordent	f3c1f9a8	SOUS_RESERVE	BigJohn S117
ls	6b0e6f0f	480281	GUTHIKO17	marche	les deux verites concordent	f3c1f9a8	SOUS_RESERVE	UNR Walkure
ls	6b0e6f0f	485870	BigJohn S117	marche	les deux verites concordent	f3c1f9a8	SOUS_RESERVE	RaceulSlurr
ls	6b0e6f0f	489424	Zevazover	marche	les deux verites concordent	daa03c35	VALIDE	SSDC5492
ls	6b0e6f0f	492793	RaceulSlurr	marche	les deux verites concordent	166ba62b	SOUS_RESERVE	Nuzzles
ls	6b0e6f0f	493025	Nuzzles	marche	les deux verites concordent	0000d627	VALIDE	RaceulSlurr
ls	6b0e6f0f	503769	BigJohn S117	marche	les deux verites concordent	f01d60e9	SOUS_RESERVE	UNR Swrvos
ls	6b0e6f0f	517903	Nuzzles	marche	les deux verites concordent	15dcdfe3	SOUS_RESERVE	Typhus Drak
ls	6b0e6f0f	519671	Punkwolfe	marche	les deux verites concordent	f3c1f9a8	SOUS_RESERVE	UNR Walkure
ls	6b0e6f0f	519704	Typhus Drak	marche	les deux verites concordent	35e75533	SOUS_RESERVE	SSDC5492
ls	6b0e6f0f	522106	BigJohn S117	marche	les deux verites concordent	f3c1f9a8	SOUS_RESERVE	UNR Walkure
ls	6b0e6f0f	523290	UNR Cole	marche	les deux verites concordent	8b1f83ee	SOUS_RESERVE	Mephisto5274
ls	6b0e6f0f	523925	Mephisto5274	marche	les deux verites concordent	f01d60e9	SOUS_RESERVE	UNR Swrvos
ls	6b0e6f0f	526111	UNR Swrvos	marche	les deux verites concordent	f3c1f9a8	SOUS_RESERVE	Blue DSP
ls	6b0e6f0f	534269	UNR Walkure	marche	les deux verites concordent	f3c1f9a8	SOUS_RESERVE	Blue DSP
ls	6b0e6f0f	534433	Blue DSP	marche	les deux verites concordent	0000d627	VALIDE	UNR Walkure
ls	6b0e6f0f	537756	Zevazover	marche	les deux verites concordent	01bc8b0b	SOUS_RESERVE	Nuzzles
ls	6b0e6f0f	538389	Mephisto5274	marche	les deux verites concordent	f3c1f9a8	SOUS_RESERVE	Typhus Drak
ls	6b0e6f0f	547466	UNR Rubie	scan	les deux verites concordent	f3c1f9a8	SOUS_RESERVE	BigJohn S117
ls	6b0e6f0f	549134	UNR Walkure	scan	les deux verites concordent	f3c1f9a8	SOUS_RESERVE	Nuzzles
ls	6b0e6f0f	550919	UNR Cole	marche	les deux verites concordent	f3c1f9a8	SOUS_RESERVE	Blue DSP
ls	6b0e6f0f	551485	RaceulSlurr	marche	les deux verites concordent	f3c1f9a8	SOUS_RESERVE	BigJohn S117
ls	6b0e6f0f	553120	SSDC5492	marche	les deux verites concordent	f3c1f9a8	SOUS_RESERVE	Typhus Drak
ls	6b0e6f0f	555089	GUTHIKO17	marche	les deux verites concordent	f3c1f9a8	SOUS_RESERVE	Typhus Drak
ls	6b0e6f0f	555958	UNR Swrvos	marche	les deux verites concordent	f3c1f9a8	SOUS_RESERVE	Blue DSP
ls	6b0e6f0f	558393	Typhus Drak	marche	les deux verites concordent	f3c1f9a8	SOUS_RESERVE	Blue DSP
ls	6b0e6f0f	560294	Zevazover	marche	les deux verites concordent	177a79ee	SOUS_RESERVE	Punkwolfe
ls	6b0e6f0f	593814	UNR Rubie	marche	les deux verites concordent	7654f890	SOUS_RESERVE	Blue DSP
ls	6b0e6f0f	597834	SSDC5492	marche	les deux verites concordent	f3c1f9a8	SOUS_RESERVE	UNR Swrvos
ls	6b0e6f0f	600668	GUTHIKO17	marche	les deux verites concordent	da3b5ba4	VALIDE	RaceulSlurr
ls	6b0e6f0f	601004	UNR Cole	marche	les deux verites concordent	7654f890	SOUS_RESERVE	Blue DSP
ls	6b0e6f0f	602489	Typhus Drak	marche	les deux verites concordent	f3c1f9a8	SOUS_RESERVE	BigJohn S117
ls	6b0e6f0f	606593	RaceulSlurr	marche	les deux verites concordent	f3c1f9a8	SOUS_RESERVE	BigJohn S117
ls	6b0e6f0f	609126	Zevazover	marche	les deux verites concordent	382cafaf	VALIDE	Punkwolfe
ls	6b0e6f0f	614101	Korend6849	marche	les deux verites concordent	f3c1f9a8	SOUS_RESERVE	UNR Rubie
ls	6b0e6f0f	618936	Typhus Drak	marche	les deux verites concordent	382cafaf	VALIDE	Punkwolfe
ls	6b0e6f0f	619739	UNR Rubie	marche	les deux verites concordent	f01d60e9	SOUS_RESERVE	Nuzzles
ls	6b0e6f0f	619903	UNR Swrvos	marche	source appartenant a la victime	00403594	VALIDE	BigJohn S117
ls	6b0e6f0f	627280	Mephisto5274	marche	les deux verites concordent	daa03c35	VALIDE	UNR Cole
ls	6b0e6f0f	628998	UNR Cole	marche	les deux verites concordent	f3c1f9a8	SOUS_RESERVE	Blue DSP
ls	6b0e6f0f	630166	UNR Walkure	marche	les deux verites concordent	f3c1f9a8	SOUS_RESERVE	BigJohn S117
ls	6b0e6f0f	644031	GUTHIKO17	marche	les deux verites concordent	daa03c35	VALIDE	Typhus Drak
ls	6b0e6f0f	644481	Typhus Drak	marche	les deux verites concordent	f3c1f9a8	SOUS_RESERVE	Blue DSP
ls	6b0e6f0f	648668	Mephisto5274	marche	les deux verites concordent	35e75533	SOUS_RESERVE	RaceulSlurr
ls	6b0e6f0f	649417	Punkwolfe	marche	les deux verites concordent	382cafaf	VALIDE	Zevazover
ls	6b0e6f0f	658878	SSDC5492	marche	les deux verites concordent	f3c1f9a8	SOUS_RESERVE	UNR Rubie
ls	6b0e6f0f	660213	GUTHIKO17	marche	les deux verites concordent	0000005f	INCONNU	UNR Swrvos
ls	6b0e6f0f	665685	Blue DSP	marche	les deux verites concordent	f3c1f9a8	SOUS_RESERVE	UNR Walkure
ls	6b0e6f0f	674845	UNR Cole	marche	les deux verites concordent	35e75533	SOUS_RESERVE	Mephisto5274
ls	6b0e6f0f	674876	Punkwolfe	marche	les deux verites concordent	382cafaf	VALIDE	Zevazover
ls	6b0e6f0f	679132	RaceulSlurr	marche	les deux verites concordent	f3c1f9a8	SOUS_RESERVE	Nuzzles
ls	6b0e6f0f	686707	UNR Rubie	marche	les deux verites concordent	15dcdfe3	SOUS_RESERVE	Nuzzles
ls	6b0e6f0f	686840	Korend6849	marche	les deux verites concordent	f3c1f9a8	SOUS_RESERVE	UNR Walkure
ls	6b0e6f0f	689059	GUTHIKO17	scan	les deux verites concordent	382cafaf	VALIDE	Zevazover
ls	6b0e6f0f	691326	Zevazover	marche	les deux verites concordent	f3c1f9a8	SOUS_RESERVE	Blue DSP
ls	6b0e6f0f	698635	SSDC5492	marche	les deux verites concordent	f3c1f9a8	SOUS_RESERVE	Typhus Drak
ls	6b0e6f0f	701238	UNR Swrvos	marche	les deux verites concordent	f3c1f9a8	SOUS_RESERVE	BigJohn S117
ls	6b0e6f0f	704342	Nuzzles	marche	les deux verites concordent	f3c1f9a8	SOUS_RESERVE	UNR Rubie
ls	6b0e6f0f	704943	UNR Walkure	marche	les deux verites concordent	f3c1f9a8	SOUS_RESERVE	Blue DSP
ls	6b0e6f0f	713100	BigJohn S117	marche	les deux verites concordent	166ba62b	SOUS_RESERVE	Typhus Drak
ls	6b0e6f0f	725248	Punkwolfe	marche	les deux verites concordent	f3c1f9a8	SOUS_RESERVE	UNR Rubie
ls	6b0e6f0f	728368	Korend6849	marche	les deux verites concordent	f3c1f9a8	SOUS_RESERVE	RaceulSlurr
ls	6b0e6f0f	730486	Typhus Drak	marche	les deux verites concordent	f3c1f9a8	SOUS_RESERVE	Blue DSP
ls	6b0e6f0f	732238	Nuzzles	marche	les deux verites concordent	35e75533	SOUS_RESERVE	UNR Rubie
ls	6b0e6f0f	734474	RaceulSlurr	marche	les deux verites concordent	daa03c35	VALIDE	SSDC5492
ls	6b0e6f0f	744117	UNR Cole	scan	les deux verites concordent	35e75533	SOUS_RESERVE	SSDC5492
ls	6b0e6f0f	744701	Blue DSP	marche	les deux verites concordent	35e75533	SOUS_RESERVE	UNR Walkure
ls	6b0e6f0f	747788	GUTHIKO17	marche	les deux verites concordent	f3c1f9a8	SOUS_RESERVE	Zevazover
ls	6b0e6f0f	748903	UNR Walkure	marche	les deux verites concordent	e9941862	SOUS_RESERVE	Mephisto5274
ls	6b0e6f0f	755096	SSDC5492	marche	les deux verites concordent	15dcdfe3	SOUS_RESERVE	Zevazover
ls	6b0e6f0f	756461	Zevazover	marche	les deux verites concordent	da3b5ba4	VALIDE	SSDC5492
ls	6b0e6f0f	762820	Mephisto5274	marche	les deux verites concordent	35e75533	SOUS_RESERVE	UNR Rubie
ls	6b0e6f0f	782037	UNR Cole	marche	les deux verites concordent	13ff7bdf	SOUS_RESERVE	Nuzzles
ls	6b0e6f0f	785759	Typhus Drak	scan	les deux verites concordent	f3c1f9a8	SOUS_RESERVE	Blue DSP
ls	6b0e6f0f	788162	Punkwolfe	marche	les deux verites concordent	b258262f	SOUS_RESERVE	RaceulSlurr
ls	6b0e6f0f	790815	BigJohn S117	marche	les deux verites concordent	f3c1f9a8	SOUS_RESERVE	UNR Walkure
ls	6b0e6f0f	796837	SSDC5492	marche	les deux verites concordent	daa03c35	VALIDE	Zevazover
ls	6b0e6f0f	796971	UNR Walkure	marche	les deux verites concordent	7654f890	SOUS_RESERVE	Nuzzles
ls	6b0e6f0f	797605	Korend6849	scan	les deux verites concordent	b258262f	SOUS_RESERVE	RaceulSlurr
ls	6b0e6f0f	798055	UNR Cole	marche	les deux verites concordent	f3c1f9a8	SOUS_RESERVE	Blue DSP
ls	6b0e6f0f	803427	Typhus Drak	marche	les deux verites concordent	f3c1f9a8	SOUS_RESERVE	Blue DSP
ls	6b0e6f0f	811236	Zevazover	marche	les deux verites concordent	daa03c35	VALIDE	Nuzzles
ls	6b0e6f0f	818978	UNR Rubie	marche	les deux verites concordent	f3c1f9a8	SOUS_RESERVE	Blue DSP
ls	6b0e6f0f	848325	Punkwolfe	marche	les deux verites concordent	f3c1f9a8	SOUS_RESERVE	Typhus Drak
ls	6b0e6f0f	849577	UNR Swrvos	scan	les deux verites concordent	f3c1f9a8	SOUS_RESERVE	Korend6849
ls	6b0e6f0f	849894	Typhus Drak	marche	les deux verites concordent	f3c1f9a8	SOUS_RESERVE	Nuzzles
ls	6b0e6f0f	850161	UNR Cole	marche	les deux verites concordent	f3c1f9a8	SOUS_RESERVE	BigJohn S117
ls	6b0e6f0f	852596	UNR Walkure	marche	les deux verites concordent	f3c1f9a8	SOUS_RESERVE	Korend6849
ls	6b0e6f0f	872781	UNR Cole	marche	les deux verites concordent	674a7d69	VALIDE	Korend6849
ls	6b0e6f0f	873434	Typhus Drak	marche	les deux verites concordent	f3c1f9a8	SOUS_RESERVE	BigJohn S117
ls	6b0e6f0f	874869	BigJohn S117	marche	les deux verites concordent	35e75533	SOUS_RESERVE	UNR Walkure
ls	6b0e6f0f	877038	UNR Swrvos	marche	les deux verites concordent	f3c1f9a8	SOUS_RESERVE	Blue DSP
ls	6b0e6f0f	878821	SSDC5492	marche	les deux verites concordent	d60cb047	SOUS_RESERVE	UNR Rubie
ls	6b0e6f0f	878824	Korend6849	marche	les deux verites concordent	d60cb047	SOUS_RESERVE	UNR Rubie
ls	6b0e6f0f	882510	UNR Walkure	marche	les deux verites concordent	f3c1f9a8	SOUS_RESERVE	Blue DSP
ls	6b0e6f0f	893805	GUTHIKO17	marche	les deux verites concordent	f3c1f9a8	SOUS_RESERVE	UNR Rubie
ls	6b0e6f0f	898776	UNR Cole	marche	les deux verites concordent	f3c1f9a8	SOUS_RESERVE	Mephisto5274
ls	6b0e6f0f	902230	Blue DSP	marche	les deux verites concordent	f3c1f9a8	SOUS_RESERVE	Typhus Drak
ls	6b0e6f0f	903497	RaceulSlurr	marche	les deux verites concordent	f3c1f9a8	SOUS_RESERVE	Nuzzles
ls	6b0e6f0f	908352	Korend6849	marche	les deux verites concordent	f3c1f9a8	SOUS_RESERVE	UNR Walkure
ls	6b0e6f0f	910721	UNR Walkure	scan	les deux verites concordent	f3c1f9a8	SOUS_RESERVE	SSDC5492
ls	6b0e6f0f	921299	SSDC5492	scan	les deux verites concordent	8add9998	SOUS_RESERVE	Typhus Drak
ls	6b0e6f0f	926287	Typhus Drak	scan	les deux verites concordent	f3c1f9a8	SOUS_RESERVE	Blue DSP
ls	6b0e6f0f	927005	Nuzzles	scan	les deux verites concordent	f3c1f9a8	SOUS_RESERVE	RaceulSlurr
ls	6b0e6f0f	932227	Mephisto5274	scan	les deux verites concordent	35e75533	SOUS_RESERVE	UNR Cole
ls	6b0e6f0f	941835	GUTHIKO17	marche	les deux verites concordent	f3c1f9a8	SOUS_RESERVE	UNR Rubie
ls	6b0e6f0f	942536	UNR Walkure	marche	les deux verites concordent	f3c1f9a8	SOUS_RESERVE	BigJohn S117
ls	6b0e6f0f	944186	Korend6849	marche	les deux verites concordent	f712c64a	VALIDE	UNR Swrvos
ls	6b0e6f0f	946657	UNR Swrvos	scan	les deux verites concordent	f3c1f9a8	SOUS_RESERVE	BigJohn S117
ls	6b0e6f0f	951828	Mephisto5274	scan	les deux verites concordent	f3c1f9a8	SOUS_RESERVE	UNR Rubie
ls	6b0e6f0f	957869	UNR Cole	marche	les deux verites concordent	f3c1f9a8	SOUS_RESERVE	Nuzzles
ls	6b0e6f0f	970813	Mephisto5274	scan	les deux verites concordent	177a79ee	SOUS_RESERVE	Typhus Drak
ls	6b0e6f0f	979340	GUTHIKO17	marche	les deux verites concordent	177a79ee	SOUS_RESERVE	Typhus Drak
ls	6b0e6f0f	980624	Nuzzles	marche	les deux verites concordent	35e75533	SOUS_RESERVE	UNR Rubie
ls	6b0e6f0f	980908	UNR Rubie	scan	les deux verites concordent	177a79ee	SOUS_RESERVE	Korend6849
ls	6b0e6f0f	981659	RaceulSlurr	marche	les deux verites concordent	2ff92041	VALIDE	Korend6849
ls	6b0e6f0f	982891	UNR Cole	marche	les deux verites concordent	f712c64a	VALIDE	Blue DSP
ls	6b0e6f0f	983308	BigJohn S117	marche	les deux verites concordent	00404748	VALIDE	UNR Walkure
ls	6b0e6f0f	987346	UNR Swrvos	marche	les deux verites concordent	f712c64a	VALIDE	Blue DSP
ls	6b0e6f0f	987949	Korend6849	marche	les deux verites concordent	177a79ee	SOUS_RESERVE	Typhus Drak
ls	6b0e6f0f	988515	UNR Walkure	marche	les deux verites concordent	35e75533	SOUS_RESERVE	SSDC5492
ls	6b0e6f0f	1004048	Typhus Drak	marche	les deux verites concordent	f3c1f9a8	SOUS_RESERVE	BigJohn S117
ls	6b0e6f0f	1011239	Mephisto5274	marche	les deux verites concordent	f3c1f9a8	SOUS_RESERVE	UNR Rubie
ls	6b0e6f0f	1020528	UNR Swrvos	marche	les deux verites concordent	f3c1f9a8	SOUS_RESERVE	BigJohn S117
ls	6b0e6f0f	1025016	UNR Rubie	marche	les deux verites concordent	daa03c35	VALIDE	SSDC5492
ls	6b0e6f0f	1029204	BigJohn S117	marche	les deux verites concordent	166ba62b	SOUS_RESERVE	Typhus Drak
ls	6b0e6f0f	1030537	Mephisto5274	scan	les deux verites concordent	f3c1f9a8	SOUS_RESERVE	RaceulSlurr
ls	6b0e6f0f	1042650	UNR Swrvos	marche	les deux verites concordent	35e75533	SOUS_RESERVE	Blue DSP
ls	6b0e6f0f	1044252	Typhus Drak	marche	les deux verites concordent	daa03c35	VALIDE	Blue DSP
ls	6b0e6f0f	1048421	BigJohn S117	marche	les deux verites concordent	674a7d69	VALIDE	UNR Walkure
ls	6b0e6f0f	1051240	GUTHIKO17	marche	les deux verites concordent	a859230a	VALIDE	UNR Walkure
ls	6b0e6f0f	1060818	Korend6849	marche	les deux verites concordent	daa03c35	VALIDE	UNR Rubie
ls	6b0e6f0f	1065474	RaceulSlurr	marche	les deux verites concordent	daa03c35	VALIDE	SSDC5492
ls	6b0e6f0f	1067407	SSDC5492	marche	les deux verites concordent	674a7d69	VALIDE	UNR Walkure
ls	6b0e6f0f	1067559	UNR Rubie	marche	les deux verites concordent	35e75533	SOUS_RESERVE	Mephisto5274
ls	6b0e6f0f	1071511	UNR Walkure	scan	les deux verites concordent	28907150	VALIDE	Blue DSP
ls	6b0e6f0f	1071514	Typhus Drak	scan	les deux verites concordent	28907150	VALIDE	Blue DSP
ls	6b0e6f0f	1071516	UNR Cole	scan	les deux verites concordent	e9941862	SOUS_RESERVE	Blue DSP
ls	6b0e6f0f	1079522	Mephisto5274	marche	les deux verites concordent	f01d60e9	SOUS_RESERVE	UNR Swrvos
ls	6b0e6f0f	1112124	UNR Cole	marche	les deux verites concordent	7654f890	SOUS_RESERVE	Blue DSP
ls	6b0e6f0f	1114142	GUTHIKO17	marche	les deux verites concordent	f3c1f9a8	SOUS_RESERVE	UNR Swrvos
ls	6b0e6f0f	1114526	UNR Swrvos	marche	les deux verites concordent	7654f890	SOUS_RESERVE	Blue DSP
ls	6b0e6f0f	1118313	Korend6849	marche	les deux verites concordent	f3c1f9a8	SOUS_RESERVE	Typhus Drak
ls	6b0e6f0f	1123985	UNR Walkure	marche	les deux verites concordent	7654f890	SOUS_RESERVE	Blue DSP
ls	6b0e6f0f	1130675	Nuzzles	marche	les deux verites concordent	daa03c35	VALIDE	Typhus Drak
ls	6b0e6f0f	1133929	UNR Cole	scan	les deux verites concordent	7654f890	SOUS_RESERVE	Blue DSP
ls	6b0e6f0f	1142171	BigJohn S117	marche	les deux verites concordent	35e75533	SOUS_RESERVE	RaceulSlurr
ls	6b0e6f0f	1142337	GUTHIKO17	marche	les deux verites concordent	35e75533	SOUS_RESERVE	Typhus Drak
ls	6b0e6f0f	1146659	UNR Walkure	scan	les deux verites concordent	7654f890	SOUS_RESERVE	Blue DSP
ls	6b0e6f0f	1165244	Typhus Drak	marche	les deux verites concordent	f3c1f9a8	SOUS_RESERVE	Blue DSP
ls	6b0e6f0f	1168346	RaceulSlurr	marche	les deux verites concordent	35e75533	SOUS_RESERVE	BigJohn S117
ls	6b0e6f0f	1169465	UNR Cole	marche	les deux verites concordent	2ff92041	VALIDE	Blue DSP
ls	6b0e6f0f	1169467	Blue DSP	marche	les deux verites concordent	2ff92041	VALIDE	UNR Cole
ls	6b0e6f0f	1178357	UNR Rubie	marche	les deux verites concordent	0d203522	VALIDE	Nuzzles
ls	6b0e6f0f	1180142	UNR Walkure	scan	les deux verites concordent	35e75533	SOUS_RESERVE	BigJohn S117
ls	6b0e6f0f	1183095	Korend6849	marche	les deux verites concordent	15dcdfe3	SOUS_RESERVE	Typhus Drak
ls	6b0e6f0f	1186917	Mephisto5274	marche	les deux verites concordent	15dcdfe3	SOUS_RESERVE	Typhus Drak
ls	6b0e6f0f	1194657	GUTHIKO17	marche	les deux verites concordent	f3c1f9a8	SOUS_RESERVE	RaceulSlurr
ls	6b0e6f0f	1197711	SSDC5492	marche	les deux verites concordent	f3c1f9a8	SOUS_RESERVE	UNR Rubie
ls	6b0e6f0f	1199344	UNR Cole	marche	les deux verites concordent	f3c1f9a8	SOUS_RESERVE	BigJohn S117
ls	6b0e6f0f	1204417	Typhus Drak	marche	les deux verites concordent	f01d60e9	SOUS_RESERVE	Nuzzles
ls	6b0e6f0f	1204767	Nuzzles	marche	les deux verites concordent	f3c1f9a8	SOUS_RESERVE	UNR Rubie
ls	6b0e6f0f	1205918	BigJohn S117	marche	les deux verites concordent	f3c1f9a8	SOUS_RESERVE	RaceulSlurr
ls	6b0e6f0f	1227107	UNR Walkure	marche	les deux verites concordent	f3c1f9a8	SOUS_RESERVE	Blue DSP
ls	6b0e6f0f	1231561	UNR Swrvos	marche	les deux verites concordent	f3c1f9a8	SOUS_RESERVE	BigJohn S117
ls	6b0e6f0f	1242522	Korend6849	scan	les deux verites concordent	f3c1f9a8	SOUS_RESERVE	UNR Rubie
ls	6b0e6f0f	1245508	Blue DSP	marche	les deux verites concordent	f3c1f9a8	SOUS_RESERVE	Typhus Drak
ls	6b0e6f0f	1249278	UNR Cole	marche	les deux verites concordent	f3c1f9a8	SOUS_RESERVE	BigJohn S117
ls	6b0e6f0f	1259238	Typhus Drak	marche	les deux verites concordent	f3c1f9a8	SOUS_RESERVE	BigJohn S117
ls	6b0e6f0f	1262341	SSDC5492	marche	les deux verites concordent	f3c1f9a8	SOUS_RESERVE	RaceulSlurr
ls	6b0e6f0f	1269764	RaceulSlurr	marche	les deux verites concordent	da3b5ba4	VALIDE	Mephisto5274
ls	6b0e6f0f	1271682	Mephisto5274	marche	les deux verites concordent	00404748	VALIDE	UNR Rubie
ls	6b0e6f0f	1273654	UNR Cole	marche	les deux verites concordent	f3c1f9a8	SOUS_RESERVE	BigJohn S117
ls	6b0e6f0f	1275288	UNR Walkure	marche	les deux verites concordent	f3c1f9a8	SOUS_RESERVE	Blue DSP
ls	6b0e6f0f	1275505	BigJohn S117	marche	les deux verites concordent	daa03c35	VALIDE	UNR Rubie
ls	6b0e6f0f	1276339	Korend6849	marche	les deux verites concordent	f3c1f9a8	SOUS_RESERVE	Typhus Drak
ls	6b0e6f0f	1277356	UNR Swrvos	marche	les deux verites concordent	35e75533	SOUS_RESERVE	Nuzzles
ls	6b0e6f0f	1281327	Typhus Drak	marche	les deux verites concordent	35e75533	SOUS_RESERVE	Nuzzles
ls	6b0e6f0f	1283646	Nuzzles	marche	les deux verites concordent	daa03c35	VALIDE	UNR Rubie
ls	6b0e6f0f	1288682	GUTHIKO17	marche	les deux verites concordent	f712c64a	VALIDE	UNR Rubie
ls	6b0e6f0f	1290019	SSDC5492	marche	les deux verites concordent	0000005f	INCONNU	UNR Rubie
ls	72b0a25e	54523	Jakku5300	marche	les deux verites concordent	bb1a095b	SOUS_RESERVE	SpctreLC
ls	72b0a25e	55606	blackspartan765	marche	les deux verites concordent	bb1a095b	SOUS_RESERVE	Madina97294
ls	72b0a25e	63266	SpctreLC	scan	les deux verites concordent	0d203522	VALIDE	JGtm
ls	72b0a25e	66951	blackspartan765	marche	les deux verites concordent	7654f890	SOUS_RESERVE	Madina97294
ls	72b0a25e	84000	iDrifteRz v1	marche	les deux verites concordent	d468178e	SOUS_RESERVE	JGtm
ls	72b0a25e	84536	SpctreLC	marche	les deux verites concordent	bb1a095b	SOUS_RESERVE	Chocoboflor
ls	72b0a25e	89725	Chocoboflor	scan	les deux verites concordent	0000b238	SOUS_RESERVE	blackspartan765
ls	72b0a25e	91875	blackspartan765	marche	les deux verites concordent	d468178e	SOUS_RESERVE	JGtm
ls	72b0a25e	100867	Patatasxd3526	marche	les deux verites concordent	d468178e	SOUS_RESERVE	JGtm
ls	72b0a25e	100869	SpctreLC	marche	les deux verites concordent	d468178e	SOUS_RESERVE	JGtm
ls	72b0a25e	100871	iDrifteRz v1	marche	les deux verites concordent	d468178e	SOUS_RESERVE	JGtm
ls	72b0a25e	114066	blackspartan765	scan	les deux verites concordent	daa03c35	VALIDE	JGtm
ls	72b0a25e	128514	JGtm	marche	les deux verites concordent	bb1a095b	SOUS_RESERVE	Patatasxd3526
ls	72b0a25e	136522	Patatasxd3526	scan	les deux verites concordent	7654f890	SOUS_RESERVE	Madina97294
ls	72b0a25e	138357	Chocoboflor	scan	les deux verites concordent	0000b238	SOUS_RESERVE	SpctreLC
ls	72b0a25e	143314	SpctreLC	scan	les deux verites concordent	bb1a095b	SOUS_RESERVE	Madina97294
ls	72b0a25e	144835	Madina97294	scan	les deux verites concordent	0000b238	SOUS_RESERVE	blackspartan765
ls	72b0a25e	151620	Jakku5300	marche	les deux verites concordent	daa03c35	VALIDE	blackspartan765
ls	72b0a25e	154223	blackspartan765	marche	les deux verites concordent	f3c1f9a8	SOUS_RESERVE	Chocoboflor
ls	72b0a25e	156542	iDrifteRz v1	scan	les deux verites concordent	f3c1f9a8	SOUS_RESERVE	Chocoboflor
ls	72b0a25e	172324	Madina97294	marche	les deux verites concordent	bb1a095b	SOUS_RESERVE	Patatasxd3526
ls	72b0a25e	175375	Patatasxd3526	marche	les deux verites concordent	59255106	VALIDE	Chocoboflor
ls	72b0a25e	178398	Jakku5300	scan	les deux verites concordent	daa03c35	VALIDE	SpctreLC
ls	72b0a25e	189692	blackspartan765	marche	les deux verites concordent	2ff92041	VALIDE	Chocoboflor
ls	72b0a25e	189694	Chocoboflor	marche	les deux verites concordent	2ff92041	VALIDE	blackspartan765
ls	72b0a25e	196549	SpctreLC	scan	les deux verites concordent	bb1a095b	SOUS_RESERVE	JGtm
ls	72b0a25e	203656	Patatasxd3526	scan	les deux verites concordent	0000b238	SOUS_RESERVE	Chocoboflor
ls	72b0a25e	212313	blackspartan765	scan	les deux verites concordent	da3b5ba4	VALIDE	Jakku5300
ls	72b0a25e	212682	iDrifteRz v1	scan	les deux verites concordent	daa03c35	VALIDE	JGtm
ls	72b0a25e	217037	SpctreLC	scan	les deux verites concordent	177a79ee	SOUS_RESERVE	Jakku5300
ls	72b0a25e	221108	Chocoboflor	scan	les deux verites concordent	bb1a095b	SOUS_RESERVE	Patatasxd3526
ls	72b0a25e	224494	Patatasxd3526	scan	les deux verites concordent	daa03c35	VALIDE	Madina97294
ls	72b0a25e	234502	iDrifteRz v1	scan	les deux verites concordent	d468178e	SOUS_RESERVE	JGtm
ls	72b0a25e	239909	JGtm	marche	les deux verites concordent	0000b238	SOUS_RESERVE	SpctreLC
ls	72b0a25e	240191	SpctreLC	scan	les deux verites concordent	d468178e	SOUS_RESERVE	JGtm
ls	72b0a25e	252006	SpctreLC	marche	les deux verites concordent	0d203522	VALIDE	Chocoboflor
ls	72b0a25e	254459	Jakku5300	scan	les deux verites concordent	bb1a095b	SOUS_RESERVE	iDrifteRz v1
ls	72b0a25e	258829	iDrifteRz v1	marche	les deux verites concordent	0000b238	SOUS_RESERVE	Chocoboflor
ls	72b0a25e	272444	SpctreLC	marche	les deux verites concordent	daa03c35	VALIDE	Madina97294
ls	72b0a25e	272477	blackspartan765	marche	les deux verites concordent	0000b238	SOUS_RESERVE	Chocoboflor
ls	72b0a25e	280801	iDrifteRz v1	scan	les deux verites concordent	daa03c35	VALIDE	Madina97294
ls	72b0a25e	281203	Jakku5300	marche	les deux verites concordent	f3c1f9a8	SOUS_RESERVE	Patatasxd3526
ls	72b0a25e	287075	SpctreLC	scan	les deux verites concordent	7654f890	SOUS_RESERVE	Madina97294
ls	72b0a25e	289278	blackspartan765	marche	les deux verites concordent	2ff92041	VALIDE	Madina97294
ls	72b0a25e	289280	Madina97294	marche	les deux verites concordent	2ff92041	VALIDE	blackspartan765
ls	72b0a25e	302422	iDrifteRz v1	marche	les deux verites concordent	0d203522	VALIDE	Chocoboflor
ls	72b0a25e	303942	SpctreLC	scan	les deux verites concordent	0000b238	SOUS_RESERVE	JGtm
ls	72b0a25e	305258	Chocoboflor	scan	les deux verites concordent	59255106	VALIDE	SpctreLC
ls	72b0a25e	307996	Patatasxd3526	marche	les deux verites concordent	bb1a095b	SOUS_RESERVE	Madina97294
ls	72b0a25e	317756	blackspartan765	scan	les deux verites concordent	177a79ee	SOUS_RESERVE	Jakku5300
ls	72b0a25e	323278	Jakku5300	marche	les deux verites concordent	f3c1f9a8	SOUS_RESERVE	SpctreLC
ls	72b0a25e	326731	JGtm	marche	les deux verites concordent	daa03c35	VALIDE	iDrifteRz v1
ls	72b0a25e	327166	SpctreLC	marche	les deux verites concordent	f01d60e9	SOUS_RESERVE	Madina97294
ls	72b0a25e	330885	iDrifteRz v1	scan	les deux verites concordent	bb1a095b	SOUS_RESERVE	Madina97294
ls	72b0a25e	331103	Patatasxd3526	marche	les deux verites concordent	7654f890	SOUS_RESERVE	Chocoboflor
ls	72b0a25e	341480	blackspartan765	marche	les deux verites concordent	f01d60e9	SOUS_RESERVE	Madina97294
ls	72b0a25e	351772	iDrifteRz v1	marche	les deux verites concordent	0d203522	VALIDE	JGtm
ls	72b0a25e	353957	Madina97294	marche	les deux verites concordent	bb1a095b	SOUS_RESERVE	SpctreLC
ls	72b0a25e	356461	Chocoboflor	marche	les deux verites concordent	bb1a095b	SOUS_RESERVE	Patatasxd3526
ls	72b0a25e	360415	SpctreLC	marche	les deux verites concordent	bb1a095b	SOUS_RESERVE	JGtm
ls	72b0a25e	362017	JGtm	scan	les deux verites concordent	bb1a095b	SOUS_RESERVE	Patatasxd3526
ls	72b0a25e	372311	Patatasxd3526	marche	les deux verites concordent	bb1a095b	SOUS_RESERVE	Madina97294
ls	72b0a25e	373646	Madina97294	scan	les deux verites concordent	2ff92041	VALIDE	blackspartan765
ls	72b0a25e	379718	JGtm	scan	les deux verites concordent	f3c1f9a8	SOUS_RESERVE	SpctreLC
ls	72b0a25e	382571	Jakku5300	marche	les deux verites concordent	daa03c35	VALIDE	blackspartan765
ls	72b0a25e	385556	Chocoboflor	marche	les deux verites concordent	daa03c35	VALIDE	blackspartan765
ls	72b0a25e	386958	blackspartan765	scan	les deux verites concordent	bb1a095b	SOUS_RESERVE	Madina97294
ls	72b0a25e	391997	iDrifteRz v1	marche	les deux verites concordent	0000b238	SOUS_RESERVE	Madina97294
ls	72b0a25e	400423	blackspartan765	scan	les deux verites concordent	bb1a095b	SOUS_RESERVE	Chocoboflor
ls	72b0a25e	401688	Chocoboflor	marche	source appartenant a la victime	00403594	VALIDE	blackspartan765
ls	72b0a25e	406579	Patatasxd3526	marche	les deux verites concordent	f3c1f9a8	SOUS_RESERVE	JGtm
ls	72b0a25e	409449	Jakku5300	marche	les deux verites concordent	2ff92041	VALIDE	SpctreLC
ls	72b0a25e	409451	SpctreLC	marche	les deux verites concordent	2ff92041	VALIDE	Jakku5300
ls	72b0a25e	417806	Madina97294	marche	les deux verites concordent	0000b238	SOUS_RESERVE	blackspartan765
ls	72b0a25e	426081	blackspartan765	scan	les deux verites concordent	daa03c35	VALIDE	JGtm
ls	72b0a25e	427833	JGtm	scan	les deux verites concordent	daa03c35	VALIDE	iDrifteRz v1
ls	72b0a25e	433640	iDrifteRz v1	scan	les deux verites concordent	0000b238	SOUS_RESERVE	Chocoboflor
ls	72b0a25e	436240	Chocoboflor	scan	les deux verites concordent	d468178e	SOUS_RESERVE	SpctreLC
ls	72b0a25e	440161	Madina97294	scan	les deux verites concordent	d468178e	SOUS_RESERVE	SpctreLC
ls	72b0a25e	446750	SpctreLC	scan	source appartenant a la victime	d468178e	SOUS_RESERVE	JGtm
ls	72b0a25e	446752	JGtm	scan	les deux verites concordent	d468178e	SOUS_RESERVE	SpctreLC
ls	8f7f5806	34024	Jasbino	marche	les deux verites concordent	f3c1f9a8	SOUS_RESERVE	Itzz Inferno
ls	8f7f5806	35425	Sniper Slays	marche	les deux verites concordent	f3c1f9a8	SOUS_RESERVE	Nuzzles
ls	8f7f5806	36175	Nuzzles	marche	les deux verites concordent	da3b5ba4	VALIDE	Primewars6911
ls	8f7f5806	38611	Primewars6911	marche	les deux verites concordent	f3c1f9a8	SOUS_RESERVE	Itzz Inferno
ls	8f7f5806	43182	Gungnir1810	marche	les deux verites concordent	f3c1f9a8	SOUS_RESERVE	Itzz Inferno
ls	8f7f5806	52425	o Yatagarasu	marche	les deux verites concordent	f3c1f9a8	SOUS_RESERVE	Sniper Slays
ls	8f7f5806	64871	Nuzzles	marche	les deux verites concordent	f3c1f9a8	SOUS_RESERVE	Jasbino
ls	8f7f5806	66005	Gungnir1810	marche	les deux verites concordent	f3c1f9a8	SOUS_RESERVE	flipflex
ls	8f7f5806	66122	flipflex	marche	les deux verites concordent	f3c1f9a8	SOUS_RESERVE	Sniper Slays
ls	8f7f5806	79802	Jasbino	marche	les deux verites concordent	2ff92041	VALIDE	Itzz Inferno
ls	8f7f5806	82055	Gungnir1810	marche	les deux verites concordent	f3c1f9a8	SOUS_RESERVE	Nuzzles
ls	8f7f5806	92582	Sniper Slays	marche	les deux verites concordent	ee2d686d	VALIDE	flipflex
ls	8f7f5806	94301	Itzz Inferno	marche	les deux verites concordent	f3c1f9a8	SOUS_RESERVE	Primewars6911
ls	8f7f5806	102625	flipflex	marche	les deux verites concordent	f3c1f9a8	SOUS_RESERVE	Jasbino
ls	8f7f5806	105461	Jasbino	marche	les deux verites concordent	f3c1f9a8	SOUS_RESERVE	Nuzzles
ls	8f7f5806	106196	o Yatagarasu	marche	les deux verites concordent	f3c1f9a8	SOUS_RESERVE	Gungnir1810
ls	8f7f5806	106580	Nuzzles	marche	les deux verites concordent	f3c1f9a8	SOUS_RESERVE	Sniper Slays
ls	8f7f5806	123947	Nuzzles	marche	les deux verites concordent	daa03c35	VALIDE	Primewars6911
ls	8f7f5806	126933	Sniper Slays	marche	les deux verites concordent	f3c1f9a8	SOUS_RESERVE	flipflex
ls	8f7f5806	133790	Gungnir1810	marche	les deux verites concordent	000027cc	VALIDE	flipflex
ls	8f7f5806	135109	Itzz Inferno	marche	les deux verites concordent	f3c1f9a8	SOUS_RESERVE	Jasbino
ls	8f7f5806	136927	o Yatagarasu	marche	les deux verites concordent	f3c1f9a8	SOUS_RESERVE	Primewars6911
ls	8f7f5806	138078	Jasbino	marche	les deux verites concordent	f3c1f9a8	SOUS_RESERVE	Nuzzles
ls	8f7f5806	151743	o Yatagarasu	marche	les deux verites concordent	f3c1f9a8	SOUS_RESERVE	Jasbino
ls	8f7f5806	152911	Primewars6911	marche	les deux verites concordent	f3c1f9a8	SOUS_RESERVE	flipflex
ls	8f7f5806	157097	Jasbino	marche	les deux verites concordent	da3b5ba4	VALIDE	Itzz Inferno
ls	8f7f5806	157381	flipflex	scan	les deux verites concordent	2ff92041	VALIDE	Sniper Slays
ls	8f7f5806	157383	Sniper Slays	scan	les deux verites concordent	2ff92041	VALIDE	flipflex
ls	8f7f5806	177218	o Yatagarasu	marche	les deux verites concordent	f3c1f9a8	SOUS_RESERVE	Primewars6911
ls	8f7f5806	181456	flipflex	marche	les deux verites concordent	f3c1f9a8	SOUS_RESERVE	Jasbino
ls	8f7f5806	189163	Jasbino	marche	les deux verites concordent	f3c1f9a8	SOUS_RESERVE	Itzz Inferno
ls	8f7f5806	192834	Itzz Inferno	marche	les deux verites concordent	f3c1f9a8	SOUS_RESERVE	Primewars6911
ls	8f7f5806	193567	Primewars6911	marche	les deux verites concordent	daa03c35	VALIDE	Nuzzles
ls	8f7f5806	201659	o Yatagarasu	marche	les deux verites concordent	f3c1f9a8	SOUS_RESERVE	Gungnir1810
ls	8f7f5806	205848	Itzz Inferno	marche	les deux verites concordent	f3c1f9a8	SOUS_RESERVE	Jasbino
ls	8f7f5806	214405	Gungnir1810	marche	les deux verites concordent	daa03c35	VALIDE	Nuzzles
ls	8f7f5806	220178	Jasbino	marche	les deux verites concordent	2ff92041	VALIDE	flipflex
ls	8f7f5806	221212	Nuzzles	marche	les deux verites concordent	daa03c35	VALIDE	Primewars6911
ls	8f7f5806	224032	Sniper Slays	marche	les deux verites concordent	f3c1f9a8	SOUS_RESERVE	flipflex
ls	8f7f5806	230304	Gungnir1810	marche	les deux verites concordent	daa03c35	VALIDE	flipflex
ls	8f7f5806	231839	Primewars6911	marche	les deux verites concordent	f3c1f9a8	SOUS_RESERVE	Itzz Inferno
ls	8f7f5806	241533	Itzz Inferno	marche	les deux verites concordent	f3c1f9a8	SOUS_RESERVE	Sniper Slays
ls	8f7f5806	244885	Jasbino	marche	les deux verites concordent	da3b5ba4	VALIDE	Nuzzles
ls	8f7f5806	245570	Sniper Slays	marche	les deux verites concordent	f3c1f9a8	SOUS_RESERVE	Nuzzles
ls	8f7f5806	248790	flipflex	marche	les deux verites concordent	f3c1f9a8	SOUS_RESERVE	Gungnir1810
ls	8f7f5806	252477	Nuzzles	marche	les deux verites concordent	f3c1f9a8	SOUS_RESERVE	Gungnir1810
ls	8f7f5806	258683	Gungnir1810	marche	les deux verites concordent	f3c1f9a8	SOUS_RESERVE	Itzz Inferno
ls	8f7f5806	263922	Itzz Inferno	marche	les deux verites concordent	f3c1f9a8	SOUS_RESERVE	Primewars6911
ls	8f7f5806	276151	o Yatagarasu	marche	les deux verites concordent	f3c1f9a8	SOUS_RESERVE	Sniper Slays
ls	8f7f5806	278236	flipflex	marche	les deux verites concordent	f3c1f9a8	SOUS_RESERVE	Jasbino
ls	8f7f5806	292368	o Yatagarasu	marche	les deux verites concordent	f3c1f9a8	SOUS_RESERVE	Primewars6911
ls	8f7f5806	293802	Gungnir1810	marche	les deux verites concordent	f3c1f9a8	SOUS_RESERVE	Itzz Inferno
ls	8f7f5806	293902	Itzz Inferno	marche	les deux verites concordent	f3c1f9a8	SOUS_RESERVE	Jasbino
ls	8f7f5806	303244	Primewars6911	marche	les deux verites concordent	f3c1f9a8	SOUS_RESERVE	flipflex
ls	8f7f5806	305230	Nuzzles	marche	les deux verites concordent	f3c1f9a8	SOUS_RESERVE	Jasbino
ls	8f7f5806	313672	Sniper Slays	marche	les deux verites concordent	f3c1f9a8	SOUS_RESERVE	Itzz Inferno
ls	8f7f5806	314922	Gungnir1810	marche	source appartenant a la victime	da3b5ba4	VALIDE	flipflex
ls	8f7f5806	315138	Itzz Inferno	marche	source appartenant a la victime	000162eb	VALIDE	Gungnir1810
ls	8f7f5806	328454	Primewars6911	marche	les deux verites concordent	f3c1f9a8	SOUS_RESERVE	flipflex
ls	8f7f5806	333158	Nuzzles	marche	les deux verites concordent	f3c1f9a8	SOUS_RESERVE	Sniper Slays
ls	8f7f5806	359473	Itzz Inferno	marche	les deux verites concordent	f3c1f9a8	SOUS_RESERVE	Gungnir1810
ls	8f7f5806	360372	flipflex	marche	les deux verites concordent	119861b4	VALIDE	Sniper Slays
ls	8f7f5806	361441	Gungnir1810	marche	les deux verites concordent	f3c1f9a8	SOUS_RESERVE	Nuzzles
ls	8f7f5806	363876	Sniper Slays	marche	les deux verites concordent	f3c1f9a8	SOUS_RESERVE	Nuzzles
ls	8f7f5806	378591	o Yatagarasu	marche	les deux verites concordent	f3c1f9a8	SOUS_RESERVE	Primewars6911
ls	8f7f5806	379392	Primewars6911	marche	les deux verites concordent	f3c1f9a8	SOUS_RESERVE	Itzz Inferno
ls	8f7f5806	382378	Jasbino	marche	les deux verites concordent	f3c1f9a8	SOUS_RESERVE	flipflex
ls	8f7f5806	387633	Nuzzles	marche	les deux verites concordent	f3c1f9a8	SOUS_RESERVE	Gungnir1810
ls	8f7f5806	391220	Gungnir1810	marche	les deux verites concordent	f3c1f9a8	SOUS_RESERVE	flipflex
ls	8f7f5806	400980	o Yatagarasu	marche	les deux verites concordent	da3b5ba4	VALIDE	Jasbino
ls	8f7f5806	405235	flipflex	marche	les deux verites concordent	f3c1f9a8	SOUS_RESERVE	Primewars6911
ls	8f7f5806	406536	Primewars6911	marche	les deux verites concordent	f3c1f9a8	SOUS_RESERVE	Itzz Inferno
ls	8f7f5806	408271	Itzz Inferno	marche	les deux verites concordent	daa03c35	VALIDE	Sniper Slays
ls	8f7f5806	414444	o Yatagarasu	marche	les deux verites concordent	f3c1f9a8	SOUS_RESERVE	Gungnir1810
ls	8f7f5806	419265	Nuzzles	marche	les deux verites concordent	da3b5ba4	VALIDE	Gungnir1810
ls	8f7f5806	421335	Sniper Slays	marche	les deux verites concordent	f3c1f9a8	SOUS_RESERVE	Itzz Inferno
ls	8f7f5806	434047	Primewars6911	marche	les deux verites concordent	daa03c35	VALIDE	flipflex
ls	8f7f5806	434198	o Yatagarasu	scan	les deux verites concordent	f3c1f9a8	SOUS_RESERVE	Gungnir1810
ls	8f7f5806	435583	Gungnir1810	marche	les deux verites concordent	f3c1f9a8	SOUS_RESERVE	Itzz Inferno
ls	8f7f5806	450364	Jasbino	marche	les deux verites concordent	7654f890	SOUS_RESERVE	Itzz Inferno
ls	8f7f5806	453167	Itzz Inferno	marche	les deux verites concordent	daa03c35	VALIDE	Primewars6911
ls	8f7f5806	456670	Sniper Slays	marche	les deux verites concordent	f3c1f9a8	SOUS_RESERVE	Nuzzles
ls	8f7f5806	457670	Gungnir1810	scan	les deux verites concordent	daa03c35	VALIDE	o Yatagarasu
ls	8f7f5806	477674	flipflex	marche	les deux verites concordent	f3c1f9a8	SOUS_RESERVE	Primewars6911
ls	8f7f5806	481828	Jasbino	marche	les deux verites concordent	f3c1f9a8	SOUS_RESERVE	Nuzzles
ls	8f7f5806	482329	o Yatagarasu	marche	les deux verites concordent	daa03c35	VALIDE	Sniper Slays
ls	8f7f5806	485348	Itzz Inferno	marche	les deux verites concordent	daa03c35	VALIDE	Gungnir1810
ls	8f7f5806	498078	flipflex	marche	les deux verites concordent	119861b4	VALIDE	Primewars6911
ls	8f7f5806	501648	Gungnir1810	marche	les deux verites concordent	f3c1f9a8	SOUS_RESERVE	Nuzzles
ls	8f7f5806	506720	Primewars6911	marche	les deux verites concordent	f3c1f9a8	SOUS_RESERVE	Nuzzles
ls	8f7f5806	507838	o Yatagarasu	marche	les deux verites concordent	f3c1f9a8	SOUS_RESERVE	Jasbino
ls	8f7f5806	508637	Nuzzles	marche	source appartenant a la victime	00403594	VALIDE	Sniper Slays
ls	8f7f5806	515245	Sniper Slays	marche	les deux verites concordent	daa03c35	VALIDE	Itzz Inferno
ls	8f7f5806	521385	Gungnir1810	marche	les deux verites concordent	f3c1f9a8	SOUS_RESERVE	flipflex
ls	8f7f5806	526623	Primewars6911	marche	les deux verites concordent	f3c1f9a8	SOUS_RESERVE	Nuzzles
ls	8f7f5806	530695	Jasbino	marche	les deux verites concordent	f3c1f9a8	SOUS_RESERVE	Itzz Inferno
ls	8f7f5806	538936	Gungnir1810	marche	les deux verites concordent	f3c1f9a8	SOUS_RESERVE	flipflex
ls	8f7f5806	545075	Nuzzles	marche	les deux verites concordent	f3c1f9a8	SOUS_RESERVE	Jasbino
ls	8f7f5806	548228	flipflex	marche	les deux verites concordent	f3c1f9a8	SOUS_RESERVE	Sniper Slays
ls	8f7f5806	548245	Sniper Slays	marche	les deux verites concordent	f3c1f9a8	SOUS_RESERVE	flipflex
ls	8f7f5806	558054	Itzz Inferno	marche	les deux verites concordent	f3c1f9a8	SOUS_RESERVE	Gungnir1810
ls	8f7f5806	565346	Gungnir1810	marche	les deux verites concordent	f3c1f9a8	SOUS_RESERVE	o Yatagarasu
ls	8f7f5806	565513	flipflex	marche	les deux verites concordent	f3c1f9a8	SOUS_RESERVE	Sniper Slays
ls	8f7f5806	568682	o Yatagarasu	marche	les deux verites concordent	f3c1f9a8	SOUS_RESERVE	Jasbino
ls	8f7f5806	577691	Itzz Inferno	marche	les deux verites concordent	f3c1f9a8	SOUS_RESERVE	Gungnir1810
ls	8f7f5806	590104	flipflex	marche	les deux verites concordent	f3c1f9a8	SOUS_RESERVE	Gungnir1810
ls	8f7f5806	594993	Sniper Slays	marche	les deux verites concordent	f3c1f9a8	SOUS_RESERVE	Nuzzles
ls	8f7f5806	596961	Itzz Inferno	marche	les deux verites concordent	f3c1f9a8	SOUS_RESERVE	Gungnir1810
ls	8f7f5806	599580	o Yatagarasu	marche	les deux verites concordent	daa03c35	VALIDE	Gungnir1810
ls	8f7f5806	602099	Jasbino	marche	les deux verites concordent	f3c1f9a8	SOUS_RESERVE	Nuzzles
ls	8f7f5806	614679	Nuzzles	marche	les deux verites concordent	0000b29c	SOUS_RESERVE	Jasbino
ls	8f7f5806	616330	Primewars6911	marche	les deux verites concordent	f3c1f9a8	SOUS_RESERVE	Itzz Inferno
ls	8f7f5806	620984	Gungnir1810	marche	les deux verites concordent	daa03c35	VALIDE	Itzz Inferno
ls	8f7f5806	623404	Itzz Inferno	marche	les deux verites concordent	0000b29c	SOUS_RESERVE	Jasbino
ls	8f7f5806	626941	Jasbino	marche	les deux verites concordent	f3c1f9a8	SOUS_RESERVE	flipflex
ls	8f7f5806	640171	Itzz Inferno	marche	les deux verites concordent	f3c1f9a8	SOUS_RESERVE	Primewars6911
ls	8f7f5806	643108	Sniper Slays	marche	les deux verites concordent	f3c1f9a8	SOUS_RESERVE	o Yatagarasu
ls	8f7f5806	651799	flipflex	marche	les deux verites concordent	f3c1f9a8	SOUS_RESERVE	Jasbino
ls	8f7f5806	660175	Primewars6911	marche	les deux verites concordent	f3c1f9a8	SOUS_RESERVE	Nuzzles
ls	8f7f5806	663361	Itzz Inferno	marche	les deux verites concordent	f3c1f9a8	SOUS_RESERVE	Sniper Slays
ls	8f7f5806	664829	Jasbino	marche	les deux verites concordent	f3c1f9a8	SOUS_RESERVE	flipflex
ls	8f7f5806	670568	Sniper Slays	marche	les deux verites concordent	2ff92041	VALIDE	o Yatagarasu
ls	8f7f5806	670570	o Yatagarasu	marche	les deux verites concordent	2ff92041	VALIDE	Sniper Slays
ls	8f7f5806	673037	flipflex	marche	les deux verites concordent	f3c1f9a8	SOUS_RESERVE	Gungnir1810
ls	8f7f5806	673070	Gungnir1810	marche	les deux verites concordent	f3c1f9a8	SOUS_RESERVE	flipflex
ls	8f7f5806	687653	flipflex	marche	les deux verites concordent	f3c1f9a8	SOUS_RESERVE	Gungnir1810
ls	8f7f5806	694492	Itzz Inferno	marche	les deux verites concordent	f3c1f9a8	SOUS_RESERVE	Primewars6911
ls	8f7f5806	695293	Sniper Slays	marche	les deux verites concordent	f3c1f9a8	SOUS_RESERVE	o Yatagarasu
ls	8f7f5806	696177	o Yatagarasu	marche	les deux verites concordent	f3c1f9a8	SOUS_RESERVE	Gungnir1810
ls	8f7f5806	699614	Gungnir1810	marche	les deux verites concordent	0000b29c	SOUS_RESERVE	Nuzzles
ls	8f7f5806	706119	Jasbino	marche	les deux verites concordent	00404748	VALIDE	Nuzzles
ls	8f7f5806	708455	Primewars6911	marche	les deux verites concordent	daa03c35	VALIDE	flipflex
ls	8f7f5806	717499	Gungnir1810	marche	les deux verites concordent	f3c1f9a8	SOUS_RESERVE	Nuzzles
ls	8f7f5806	721002	Nuzzles	marche	les deux verites concordent	f3c1f9a8	SOUS_RESERVE	Sniper Slays
ls	8f7f5806	727591	flipflex	marche	les deux verites concordent	da3b5ba4	VALIDE	Jasbino
ls	8f7f5806	727758	Sniper Slays	marche	les deux verites concordent	119861b4	VALIDE	o Yatagarasu
ls	8f7f5806	730195	Jasbino	marche	les deux verites concordent	7654f890	SOUS_RESERVE	Itzz Inferno
ls	8f7f5806	741523	Gungnir1810	marche	les deux verites concordent	7654f890	SOUS_RESERVE	Itzz Inferno
ls	8f7f5806	742791	Itzz Inferno	marche	les deux verites concordent	f3c1f9a8	SOUS_RESERVE	Primewars6911
ls	8f7f5806	745744	Primewars6911	marche	les deux verites concordent	f3c1f9a8	SOUS_RESERVE	o Yatagarasu
ls	8f7f5806	752004	flipflex	marche	les deux verites concordent	f3c1f9a8	SOUS_RESERVE	Jasbino
ls	8f7f5806	754090	Nuzzles	marche	les deux verites concordent	f3c1f9a8	SOUS_RESERVE	Sniper Slays
ls	8f7f5806	764551	Itzz Inferno	marche	les deux verites concordent	f3c1f9a8	SOUS_RESERVE	Sniper Slays
ls	8f7f5806	767553	Gungnir1810	marche	les deux verites concordent	daa03c35	VALIDE	flipflex
ls	8f7f5806	767803	o Yatagarasu	marche	les deux verites concordent	f3c1f9a8	SOUS_RESERVE	Primewars6911
ls	8f7f5806	768954	flipflex	marche	les deux verites concordent	f3c1f9a8	SOUS_RESERVE	Jasbino
ls	8f7f5806	776612	Jasbino	marche	les deux verites concordent	f3c1f9a8	SOUS_RESERVE	Nuzzles
ls	8f7f5806	780232	Nuzzles	marche	les deux verites concordent	daa03c35	VALIDE	Sniper Slays
ls	8f7f5806	782936	o Yatagarasu	marche	les deux verites concordent	f3c1f9a8	SOUS_RESERVE	Sniper Slays
ls	8f7f5806	784603	Primewars6911	marche	les deux verites concordent	f3c1f9a8	SOUS_RESERVE	Itzz Inferno
ls	8f7f5806	785721	Sniper Slays	marche	les deux verites concordent	f3c1f9a8	SOUS_RESERVE	Itzz Inferno
ls	8f7f5806	786989	flipflex	marche	les deux verites concordent	f3c1f9a8	SOUS_RESERVE	Gungnir1810
ls	8f7f5806	821530	Nuzzles	marche	les deux verites concordent	f3c1f9a8	SOUS_RESERVE	Jasbino
ls	8f7f5806	824232	o Yatagarasu	marche	les deux verites concordent	f3c1f9a8	SOUS_RESERVE	Gungnir1810
ls	8f7f5806	824683	Primewars6911	marche	les deux verites concordent	000027cc	VALIDE	flipflex
ls	8f7f5806	825684	flipflex	marche	les deux verites concordent	f3c1f9a8	SOUS_RESERVE	Gungnir1810
ls	8f7f5806	830155	Itzz Inferno	marche	les deux verites concordent	f3c1f9a8	SOUS_RESERVE	Sniper Slays
ls	8f7f5806	842917	Sniper Slays	marche	les deux verites concordent	da3b5ba4	VALIDE	o Yatagarasu
ls	8f7f5806	843452	o Yatagarasu	marche	les deux verites concordent	f3c1f9a8	SOUS_RESERVE	Gungnir1810
ls	8f7f5806	844703	Gungnir1810	marche	les deux verites concordent	f3c1f9a8	SOUS_RESERVE	Itzz Inferno
ls	8f7f5806	856532	Primewars6911	marche	les deux verites concordent	daa03c35	VALIDE	Nuzzles
ls	8f7f5806	858233	Nuzzles	marche	les deux verites concordent	daa03c35	VALIDE	Jasbino
ls	8f7f5806	859351	flipflex	marche	les deux verites concordent	f3c1f9a8	SOUS_RESERVE	Gungnir1810
ls	8f7f5806	861803	o Yatagarasu	marche	les deux verites concordent	f3c1f9a8	SOUS_RESERVE	Sniper Slays
ls	8f7f5806	864189	Itzz Inferno	marche	les deux verites concordent	f3c1f9a8	SOUS_RESERVE	Gungnir1810
ls	8f7f5806	876735	flipflex	marche	les deux verites concordent	f3c1f9a8	SOUS_RESERVE	Jasbino
ls	8f7f5806	881105	Jasbino	marche	les deux verites concordent	da3b5ba4	VALIDE	Nuzzles
ls	8f7f5806	882325	Itzz Inferno	marche	les deux verites concordent	f3c1f9a8	SOUS_RESERVE	Gungnir1810
ls	8f7f5806	886645	o Yatagarasu	marche	les deux verites concordent	f3c1f9a8	SOUS_RESERVE	Gungnir1810
ls	8f7f5806	888147	Primewars6911	marche	les deux verites concordent	f3c1f9a8	SOUS_RESERVE	Nuzzles
ls	8f7f5806	896889	Nuzzles	scan	les deux verites concordent	2ff92041	VALIDE	Sniper Slays
ls	8f7f5806	896891	Sniper Slays	scan	les deux verites concordent	2ff92041	VALIDE	Nuzzles
ls	8f7f5806	904347	Jasbino	marche	les deux verites concordent	daa03c35	VALIDE	flipflex
ls	8f7f5806	906015	Itzz Inferno	marche	les deux verites concordent	f3c1f9a8	SOUS_RESERVE	Primewars6911
ls	8f7f5806	906098	o Yatagarasu	marche	les deux verites concordent	f3c1f9a8	SOUS_RESERVE	Gungnir1810
ls	8f7f5806	919045	Gungnir1810	scan	les deux verites concordent	2ff92041	VALIDE	flipflex
ls	8f7f5806	919046	flipflex	scan	les deux verites concordent	2ff92041	VALIDE	Gungnir1810
ls	8f7f5806	923883	Primewars6911	marche	les deux verites concordent	f3c1f9a8	SOUS_RESERVE	Nuzzles
ls	8f7f5806	925101	Jasbino	marche	les deux verites concordent	f3c1f9a8	SOUS_RESERVE	Nuzzles
ls	8f7f5806	925218	Itzz Inferno	marche	les deux verites concordent	daa03c35	VALIDE	Sniper Slays
ls	8f7f5806	930056	Sniper Slays	marche	les deux verites concordent	f3c1f9a8	SOUS_RESERVE	Nuzzles
ls	8f7f5806	938764	o Yatagarasu	marche	les deux verites concordent	f3c1f9a8	SOUS_RESERVE	Gungnir1810
ls	8f7f5806	943670	Gungnir1810	marche	les deux verites concordent	f3c1f9a8	SOUS_RESERVE	Nuzzles
ls	8f7f5806	954914	Sniper Slays	marche	les deux verites concordent	f3c1f9a8	SOUS_RESERVE	flipflex
ls	8f7f5806	965775	o Yatagarasu	marche	les deux verites concordent	daa03c35	VALIDE	Jasbino
ls	8f7f5806	967177	Jasbino	marche	les deux verites concordent	f3c1f9a8	SOUS_RESERVE	flipflex
ls	8f7f5806	968378	Itzz Inferno	marche	les deux verites concordent	daa03c35	VALIDE	Gungnir1810
ls	8f7f5806	977086	Gungnir1810	marche	les deux verites concordent	daa03c35	VALIDE	flipflex
ls	8f7f5806	984644	flipflex	marche	les deux verites concordent	f3c1f9a8	SOUS_RESERVE	Sniper Slays
ls	8f7f5806	987130	o Yatagarasu	marche	les deux verites concordent	f3c1f9a8	SOUS_RESERVE	Jasbino
ls	8f7f5806	988732	Primewars6911	marche	les deux verites concordent	f3c1f9a8	SOUS_RESERVE	Nuzzles
ls	8f7f5806	989449	Nuzzles	marche	les deux verites concordent	f3c1f9a8	SOUS_RESERVE	Sniper Slays
ls	8f7f5806	992719	Jasbino	marche	les deux verites concordent	f3c1f9a8	SOUS_RESERVE	Itzz Inferno
ls	8f7f5806	1007267	Gungnir1810	marche	les deux verites concordent	f3c1f9a8	SOUS_RESERVE	o Yatagarasu
ls	8f7f5806	1009836	Itzz Inferno	marche	les deux verites concordent	7654f890	SOUS_RESERVE	Sniper Slays
ls	8f7f5806	1011238	Primewars6911	marche	les deux verites concordent	daa03c35	VALIDE	Nuzzles
ls	8f7f5806	1011438	Nuzzles	marche	les deux verites concordent	daa03c35	VALIDE	Primewars6911
ls	8f7f5806	1014808	Jasbino	marche	les deux verites concordent	f3c1f9a8	SOUS_RESERVE	flipflex
ls	8f7f5806	1015875	flipflex	marche	les deux verites concordent	f3c1f9a8	SOUS_RESERVE	Sniper Slays
ls	8f7f5806	1030858	flipflex	marche	les deux verites concordent	f3c1f9a8	SOUS_RESERVE	Primewars6911
ls	8f7f5806	1032543	o Yatagarasu	marche	les deux verites concordent	f3c1f9a8	SOUS_RESERVE	Gungnir1810
ls	8f7f5806	1034778	Sniper Slays	marche	les deux verites concordent	f3c1f9a8	SOUS_RESERVE	Itzz Inferno
ls	8f7f5806	1040217	Jasbino	marche	les deux verites concordent	f3c1f9a8	SOUS_RESERVE	Itzz Inferno
ls	8f7f5806	1045504	Gungnir1810	marche	les deux verites concordent	da3b5ba4	VALIDE	Itzz Inferno
ls	8f7f5806	1050127	Itzz Inferno	marche	les deux verites concordent	f3c1f9a8	SOUS_RESERVE	Primewars6911
ls	8f7f5806	1051229	Nuzzles	marche	les deux verites concordent	f3c1f9a8	SOUS_RESERVE	Sniper Slays
ls	8f7f5806	1058235	Sniper Slays	marche	les deux verites concordent	f3c1f9a8	SOUS_RESERVE	flipflex
ls	8f7f5806	1060954	o Yatagarasu	marche	les deux verites concordent	f3c1f9a8	SOUS_RESERVE	Jasbino
ls	8f7f5806	1068846	flipflex	marche	les deux verites concordent	f3c1f9a8	SOUS_RESERVE	Jasbino
ls	8f7f5806	1073684	Jasbino	marche	les deux verites concordent	f3c1f9a8	SOUS_RESERVE	Nuzzles
ls	8f7f5806	1074619	o Yatagarasu	marche	les deux verites concordent	f3c1f9a8	SOUS_RESERVE	Primewars6911
ls	8f7f5806	1084095	Sniper Slays	marche	les deux verites concordent	daa03c35	VALIDE	Nuzzles
ls	8f7f5806	1089233	Primewars6911	marche	les deux verites concordent	f3c1f9a8	SOUS_RESERVE	Itzz Inferno
ls	8f7f5806	1091719	Gungnir1810	marche	les deux verites concordent	f3c1f9a8	SOUS_RESERVE	Nuzzles
ls	8f7f5806	1096156	Jasbino	marche	les deux verites concordent	2ff92041	VALIDE	flipflex
ls	8f7f5806	1104665	flipflex	marche	les deux verites concordent	f3c1f9a8	SOUS_RESERVE	Primewars6911
ls	8f7f5806	1105233	o Yatagarasu	marche	les deux verites concordent	f3c1f9a8	SOUS_RESERVE	Sniper Slays
ls	8f7f5806	1112840	Sniper Slays	marche	les deux verites concordent	f3c1f9a8	SOUS_RESERVE	Itzz Inferno
ls	8f7f5806	1113524	Itzz Inferno	marche	les deux verites concordent	f3c1f9a8	SOUS_RESERVE	Primewars6911
ls	8f7f5806	1127472	Gungnir1810	marche	les deux verites concordent	f3c1f9a8	SOUS_RESERVE	Nuzzles
ls	8f7f5806	1130441	flipflex	marche	les deux verites concordent	f3c1f9a8	SOUS_RESERVE	Jasbino
ls	8f7f5806	1130824	Nuzzles	scan	les deux verites concordent	da3b5ba4	VALIDE	Sniper Slays
ls	8f7f5806	1132460	o Yatagarasu	marche	les deux verites concordent	f3c1f9a8	SOUS_RESERVE	Sniper Slays
ls	8f7f5806	1134696	Itzz Inferno	marche	les deux verites concordent	f3c1f9a8	SOUS_RESERVE	Sniper Slays
ls	8f7f5806	1151079	o Yatagarasu	scan	les deux verites concordent	daa03c35	VALIDE	Sniper Slays
ls	8f7f5806	1151846	Sniper Slays	marche	les deux verites concordent	119861b4	VALIDE	o Yatagarasu
ls	9c0ec856	31516	Satoru JZ	marche	les deux verites concordent	f3c1f9a8	SOUS_RESERVE	NolispU9697
ls	9c0ec856	33000	Nuzzles	marche	les deux verites concordent	f3c1f9a8	SOUS_RESERVE	NolispU9697
ls	9c0ec856	37622	Froggit Exodus	marche	les deux verites concordent	f3c1f9a8	SOUS_RESERVE	SSunflxwers
ls	9c0ec856	52905	TRR Sleeker	marche	les deux verites concordent	f3c1f9a8	SOUS_RESERVE	Young Papi zK
ls	9c0ec856	52971	Nuzzles	marche	les deux verites concordent	f3c1f9a8	SOUS_RESERVE	SSunflxwers
ls	9c0ec856	54923	zRiiv3ra	marche	les deux verites concordent	f3c1f9a8	SOUS_RESERVE	Froggit Exodus
ls	9c0ec856	58810	Young Papi zK	marche	les deux verites concordent	f3c1f9a8	SOUS_RESERVE	Froggit Exodus
ls	9c0ec856	61780	NolispU9697	marche	les deux verites concordent	f3c1f9a8	SOUS_RESERVE	Satoru JZ
ls	9c0ec856	62413	Satoru JZ	marche	les deux verites concordent	f3c1f9a8	SOUS_RESERVE	SSunflxwers
ls	9c0ec856	66268	Froggit Exodus	marche	les deux verites concordent	f3c1f9a8	SOUS_RESERVE	SSunflxwers
ls	9c0ec856	69204	TRR Sleeker	marche	les deux verites concordent	daa03c35	VALIDE	SSunflxwers
ls	9c0ec856	70253	SSunflxwers	marche	les deux verites concordent	0000d627	VALIDE	TRR Sleeker
ls	9c0ec856	71707	Nuzzles	marche	les deux verites concordent	f3c1f9a8	SOUS_RESERVE	zRiiv3ra
ls	9c0ec856	82333	zRiiv3ra	marche	les deux verites concordent	f3c1f9a8	SOUS_RESERVE	Froggit Exodus
ls	9c0ec856	82667	Satoru JZ	marche	les deux verites concordent	f3c1f9a8	SOUS_RESERVE	Young Papi zK
ls	9c0ec856	84769	Froggit Exodus	marche	les deux verites concordent	f3c1f9a8	SOUS_RESERVE	NolispU9697
ls	9c0ec856	87289	SSunflxwers	marche	les deux verites concordent	f3c1f9a8	SOUS_RESERVE	TRR Sleeker
ls	9c0ec856	101502	NolispU9697	marche	les deux verites concordent	2ff92041	VALIDE	Nuzzles
ls	9c0ec856	101504	Nuzzles	marche	les deux verites concordent	2ff92041	VALIDE	NolispU9697
ls	9c0ec856	106240	zRiiv3ra	marche	source appartenant a la victime	da3b5ba4	VALIDE	TRR Sleeker
ls	9c0ec856	109828	Young Papi zK	marche	les deux verites concordent	f3c1f9a8	SOUS_RESERVE	Satoru JZ
ls	9c0ec856	113047	TRR Sleeker	marche	les deux verites concordent	f3c1f9a8	SOUS_RESERVE	SSunflxwers
ls	9c0ec856	118253	Satoru JZ	marche	les deux verites concordent	f3c1f9a8	SOUS_RESERVE	NolispU9697
ls	9c0ec856	119554	SSunflxwers	marche	les deux verites concordent	f3c1f9a8	SOUS_RESERVE	Froggit Exodus
ls	9c0ec856	124976	Froggit Exodus	marche	les deux verites concordent	f3c1f9a8	SOUS_RESERVE	NolispU9697
ls	9c0ec856	128947	Nuzzles	marche	les deux verites concordent	f3c1f9a8	SOUS_RESERVE	NolispU9697
ls	9c0ec856	133084	zRiiv3ra	marche	les deux verites concordent	f3c1f9a8	SOUS_RESERVE	TRR Sleeker
ls	9c0ec856	134202	NolispU9697	marche	les deux verites concordent	f3c1f9a8	SOUS_RESERVE	TRR Sleeker
ls	9c0ec856	137238	SSunflxwers	marche	les deux verites concordent	f3c1f9a8	SOUS_RESERVE	Satoru JZ
ls	9c0ec856	148317	zRiiv3ra	marche	les deux verites concordent	f3c1f9a8	SOUS_RESERVE	Froggit Exodus
ls	9c0ec856	149985	Nuzzles	marche	les deux verites concordent	f3c1f9a8	SOUS_RESERVE	Young Papi zK
ls	9c0ec856	154239	Satoru JZ	marche	les deux verites concordent	f3c1f9a8	SOUS_RESERVE	Young Papi zK
ls	9c0ec856	156875	Young Papi zK	marche	les deux verites concordent	f3c1f9a8	SOUS_RESERVE	Froggit Exodus
ls	9c0ec856	161564	Froggit Exodus	marche	les deux verites concordent	f3c1f9a8	SOUS_RESERVE	SSunflxwers
ls	9c0ec856	165751	TRR Sleeker	marche	les deux verites concordent	daa03c35	VALIDE	SSunflxwers
ls	9c0ec856	168053	Nuzzles	marche	les deux verites concordent	f3c1f9a8	SOUS_RESERVE	zRiiv3ra
ls	9c0ec856	172308	Satoru JZ	marche	les deux verites concordent	f3c1f9a8	SOUS_RESERVE	Young Papi zK
ls	9c0ec856	177680	Young Papi zK	marche	les deux verites concordent	f3c1f9a8	SOUS_RESERVE	Froggit Exodus
ls	9c0ec856	180399	Froggit Exodus	marche	les deux verites concordent	f3c1f9a8	SOUS_RESERVE	SSunflxwers
ls	9c0ec856	193412	SSunflxwers	marche	les deux verites concordent	f3c1f9a8	SOUS_RESERVE	Froggit Exodus
ls	9c0ec856	195881	TRR Sleeker	marche	les deux verites concordent	f3c1f9a8	SOUS_RESERVE	zRiiv3ra
ls	9c0ec856	196248	NolispU9697	marche	les deux verites concordent	f3c1f9a8	SOUS_RESERVE	Satoru JZ
ls	9c0ec856	197049	Young Papi zK	marche	les deux verites concordent	f3c1f9a8	SOUS_RESERVE	Nuzzles
ls	9c0ec856	202203	zRiiv3ra	marche	les deux verites concordent	0000d627	VALIDE	Satoru JZ
ls	9c0ec856	202206	Satoru JZ	scan	source appartenant a la victime	00404748	VALIDE	zRiiv3ra
ls	9c0ec856	210246	Young Papi zK	marche	les deux verites concordent	7ff0849c	SOUS_RESERVE	Nuzzles
ls	9c0ec856	226696	TRR Sleeker	marche	les deux verites concordent	f3c1f9a8	SOUS_RESERVE	Young Papi zK
ls	9c0ec856	229815	Satoru JZ	marche	les deux verites concordent	f3c1f9a8	SOUS_RESERVE	SSunflxwers
ls	9c0ec856	231968	Nuzzles	marche	les deux verites concordent	f3c1f9a8	SOUS_RESERVE	Young Papi zK
ls	9c0ec856	233103	Froggit Exodus	marche	les deux verites concordent	f3c1f9a8	SOUS_RESERVE	Young Papi zK
ls	9c0ec856	245598	Young Papi zK	marche	les deux verites concordent	f3c1f9a8	SOUS_RESERVE	Nuzzles
ls	9c0ec856	251338	Nuzzles	marche	les deux verites concordent	f3c1f9a8	SOUS_RESERVE	SSunflxwers
ls	9c0ec856	264835	SSunflxwers	marche	les deux verites concordent	f3c1f9a8	SOUS_RESERVE	Satoru JZ
ls	9c0ec856	269706	Young Papi zK	marche	les deux verites concordent	daa03c35	VALIDE	Satoru JZ
ls	9c0ec856	273543	zRiiv3ra	marche	les deux verites concordent	f3c1f9a8	SOUS_RESERVE	TRR Sleeker
ls	9c0ec856	273676	Nuzzles	marche	les deux verites concordent	daa03c35	VALIDE	NolispU9697
ls	9c0ec856	276029	Froggit Exodus	marche	les deux verites concordent	f3c1f9a8	SOUS_RESERVE	NolispU9697
ls	9c0ec856	288024	Satoru JZ	marche	les deux verites concordent	f3c1f9a8	SOUS_RESERVE	NolispU9697
ls	9c0ec856	292963	Nuzzles	marche	les deux verites concordent	f3c1f9a8	SOUS_RESERVE	SSunflxwers
ls	9c0ec856	294330	Young Papi zK	marche	les deux verites concordent	f3c1f9a8	SOUS_RESERVE	Froggit Exodus
ls	9c0ec856	295932	TRR Sleeker	marche	les deux verites concordent	f3c1f9a8	SOUS_RESERVE	NolispU9697
ls	9c0ec856	298601	SSunflxwers	marche	les deux verites concordent	f3c1f9a8	SOUS_RESERVE	Froggit Exodus
ls	9c0ec856	305090	Satoru JZ	marche	les deux verites concordent	0000d627	VALIDE	NolispU9697
ls	9c0ec856	308778	Froggit Exodus	marche	les deux verites concordent	f3c1f9a8	SOUS_RESERVE	zRiiv3ra
ls	9c0ec856	309662	NolispU9697	marche	les deux verites concordent	f3c1f9a8	SOUS_RESERVE	Nuzzles
ls	9c0ec856	313266	TRR Sleeker	marche	les deux verites concordent	f3c1f9a8	SOUS_RESERVE	Young Papi zK
ls	9c0ec856	319973	Young Papi zK	marche	les deux verites concordent	f3c1f9a8	SOUS_RESERVE	Satoru JZ
ls	9c0ec856	325561	Nuzzles	marche	les deux verites concordent	daa03c35	VALIDE	zRiiv3ra
ls	9c0ec856	337090	zRiiv3ra	marche	les deux verites concordent	f3c1f9a8	SOUS_RESERVE	Froggit Exodus
ls	9c0ec856	341645	Nuzzles	marche	les deux verites concordent	f3c1f9a8	SOUS_RESERVE	Young Papi zK
ls	9c0ec856	341911	Froggit Exodus	marche	les deux verites concordent	f3c1f9a8	SOUS_RESERVE	NolispU9697
ls	9c0ec856	346549	NolispU9697	marche	les deux verites concordent	f3c1f9a8	SOUS_RESERVE	Satoru JZ
ls	9c0ec856	347701	TRR Sleeker	marche	les deux verites concordent	f3c1f9a8	SOUS_RESERVE	Young Papi zK
ls	9c0ec856	368840	Satoru JZ	marche	les deux verites concordent	f3c1f9a8	SOUS_RESERVE	SSunflxwers
ls	9c0ec856	368907	TRR Sleeker	marche	les deux verites concordent	f3c1f9a8	SOUS_RESERVE	Young Papi zK
ls	9c0ec856	374079	Nuzzles	marche	les deux verites concordent	f3c1f9a8	SOUS_RESERVE	NolispU9697
ls	9c0ec856	374696	SSunflxwers	marche	les deux verites concordent	f3c1f9a8	SOUS_RESERVE	Froggit Exodus
ls	9c0ec856	376265	Froggit Exodus	marche	les deux verites concordent	f3c1f9a8	SOUS_RESERVE	zRiiv3ra
ls	9c0ec856	392515	zRiiv3ra	marche	les deux verites concordent	f3c1f9a8	SOUS_RESERVE	Satoru JZ
ls	9c0ec856	399622	Young Papi zK	marche	les deux verites concordent	f3c1f9a8	SOUS_RESERVE	TRR Sleeker
ls	9c0ec856	404610	SSunflxwers	marche	les deux verites concordent	f3c1f9a8	SOUS_RESERVE	Satoru JZ
ls	9c0ec856	405962	TRR Sleeker	marche	les deux verites concordent	f3c1f9a8	SOUS_RESERVE	NolispU9697
ls	9c0ec856	406379	Satoru JZ	marche	les deux verites concordent	f3c1f9a8	SOUS_RESERVE	zRiiv3ra
ls	9c0ec856	409832	Nuzzles	marche	les deux verites concordent	f3c1f9a8	SOUS_RESERVE	zRiiv3ra
ls	9c0ec856	425848	Satoru JZ	marche	les deux verites concordent	f3c1f9a8	SOUS_RESERVE	Young Papi zK
ls	9c0ec856	429986	TRR Sleeker	marche	les deux verites concordent	f3c1f9a8	SOUS_RESERVE	SSunflxwers
ls	9c0ec856	432806	zRiiv3ra	marche	les deux verites concordent	f3c1f9a8	SOUS_RESERVE	Froggit Exodus
ls	9c0ec856	432808	Young Papi zK	marche	les deux verites concordent	daa03c35	VALIDE	Nuzzles
ls	9c0ec856	436142	Nuzzles	marche	les deux verites concordent	f3c1f9a8	SOUS_RESERVE	SSunflxwers
ls	9c0ec856	436225	SSunflxwers	marche	les deux verites concordent	da3b5ba4	VALIDE	Nuzzles
ls	9c0ec856	450607	zRiiv3ra	marche	les deux verites concordent	daa03c35	VALIDE	TRR Sleeker
ls	9c0ec856	455095	Satoru JZ	marche	les deux verites concordent	f3c1f9a8	SOUS_RESERVE	SSunflxwers
ls	9c0ec856	456463	Nuzzles	scan	les deux verites concordent	2ff92041	VALIDE	NolispU9697
ls	9c0ec856	456466	NolispU9697	scan	les deux verites concordent	2ff92041	VALIDE	Nuzzles
ls	9c0ec856	457046	TRR Sleeker	marche	les deux verites concordent	daa03c35	VALIDE	SSunflxwers
ls	9c0ec856	473548	Nuzzles	marche	les deux verites concordent	f3c1f9a8	SOUS_RESERVE	SSunflxwers
ls	9c0ec856	473648	SSunflxwers	marche	les deux verites concordent	f3c1f9a8	SOUS_RESERVE	TRR Sleeker
ls	9c0ec856	486527	TRR Sleeker	marche	les deux verites concordent	f3c1f9a8	SOUS_RESERVE	Young Papi zK
ls	9c0ec856	512988	TRR Sleeker	marche	les deux verites concordent	f3c1f9a8	SOUS_RESERVE	SSunflxwers
ls	9c0ec856	535494	TRR Sleeker	marche	les deux verites concordent	f3c1f9a8	SOUS_RESERVE	zRiiv3ra
ls	a349fea8	67839	SenseiSnickers	marche	les deux verites concordent	382cafaf	VALIDE	NthDynasty
ls	a349fea8	73949	TheodenKonig	marche	les deux verites concordent	382cafaf	VALIDE	NthDynasty
ls	a349fea8	75654	NthDynasty	scan	les deux verites concordent	deffdc6b	VALIDE	Calabrese957145
ls	a349fea8	75915	funkydonut321	marche	les deux verites concordent	3c7560e0	VALIDE	Fro9249
ls	a349fea8	82863	Whatty	marche	les deux verites concordent	0bece71e	VALIDE	Denal111
ls	a349fea8	87668	Calabrese957145	scan	les deux verites concordent	0bece71e	VALIDE	xXskyvinXx
ls	a349fea8	90564	Fro9249	marche	les deux verites concordent	19bd6810	VALIDE	xXskyvinXx
ls	a349fea8	95977	niikon	marche	les deux verites concordent	7c4f8a28	VALIDE	fanatiking
ls	a349fea8	98439	SenseiSnickers	marche	les deux verites concordent	0bece71e	VALIDE	xXskyvinXx
ls	a349fea8	104885	Draxeer	marche	les deux verites concordent	130c4b61	SOUS_RESERVE	arminalisk
ls	a349fea8	107391	TheodenKonig	marche	les deux verites concordent	0000b29c	SOUS_RESERVE	Madina97294
ls	a349fea8	108314	Mik2302	marche	les deux verites concordent	0bece71e	VALIDE	xXskyvinXx
ls	a349fea8	111221	WinterPlains241	marche	les deux verites concordent	038ad14c	SOUS_RESERVE	Denal111
ls	a349fea8	113756	Punkosd	marche	les deux verites concordent	7654f890	SOUS_RESERVE	Madina97294
ls	a349fea8	123664	NthDynasty	marche	source appartenant a la victime	d468178e	SOUS_RESERVE	Denal111
ls	a349fea8	123666	Denal111	marche	les deux verites concordent	d468178e	SOUS_RESERVE	NthDynasty
ls	a349fea8	126337	xXskyvinXx	marche	les deux verites concordent	7ff0849c	SOUS_RESERVE	Calabrese957145
ls	a349fea8	129136	fanatiking	marche	les deux verites concordent	88f1034c	AMBIGU	Whatty
ls	a349fea8	141283	Mik2302	marche	source appartenant a la victime	64498648	INCONNU	Whatty
ls	a349fea8	141285	Whatty	marche	les deux verites concordent	557a2b6c	VALIDE	Mik2302
ls	a349fea8	147356	Fro9249	marche	les deux verites concordent	0000b29c	SOUS_RESERVE	xXskyvinXx
ls	a349fea8	152564	Calabrese957145	scan	les deux verites concordent	7654f890	SOUS_RESERVE	Madina97294
ls	a349fea8	157540	TheodenKonig	scan	les deux verites concordent	0000b29c	SOUS_RESERVE	xXskyvinXx
ls	a349fea8	160810	Punkosd	marche	les deux verites concordent	130c4b61	SOUS_RESERVE	Vz Loz zV
ls	a349fea8	161110	Madina97294	marche	les deux verites concordent	daa03c35	VALIDE	fanatiking
ls	a349fea8	164947	Denal111	marche	les deux verites concordent	d468178e	SOUS_RESERVE	Dark Soldier04
ls	a349fea8	167207	xXskyvinXx	marche	les deux verites concordent	130c4b61	SOUS_RESERVE	arminalisk
ls	a349fea8	172680	Calabrese957145	marche	les deux verites concordent	d468178e	SOUS_RESERVE	Draxeer
ls	a349fea8	177092	TWO NiCoMaNia	scan	les deux verites concordent	130c4b61	SOUS_RESERVE	arminalisk
ls	a349fea8	180899	arminalisk	marche	les deux verites concordent	0000b29c	SOUS_RESERVE	Madina97294
ls	a349fea8	186927	tomn2o	marche	les deux verites concordent	daa03c35	VALIDE	Draxeer
ls	a349fea8	187365	SenseiSnickers	marche	les deux verites concordent	0000b238	SOUS_RESERVE	NthDynasty
ls	a349fea8	190209	WoodE gb	marche	les deux verites concordent	0000b29c	SOUS_RESERVE	TheodenKonig
ls	a349fea8	191673	Fro9249	marche	les deux verites concordent	003ce738	SOUS_RESERVE	funkydonut321
ls	a349fea8	193108	Mik2302	marche	les deux verites concordent	d468178e	SOUS_RESERVE	Draxeer
ls	a349fea8	200011	Calabrese957145	marche	les deux verites concordent	038ad14c	SOUS_RESERVE	Dark Soldier04
ls	a349fea8	206858	Denal111	marche	les deux verites concordent	daa03c35	VALIDE	funkydonut321
ls	a349fea8	207190	Whatty	scan	les deux verites concordent	daa03c35	VALIDE	OWL WAD
ls	a349fea8	208660	fanatiking	marche	les deux verites concordent	2ff92041	VALIDE	NthDynasty
ls	a349fea8	214292	SenseiSnickers	marche	les deux verites concordent	0000005f	INCONNU	TWO NiCoMaNia
ls	a349fea8	216065	funkydonut321	marche	les deux verites concordent	119861b4	VALIDE	SenseiSnickers
ls	a349fea8	218795	Punkosd	marche	les deux verites concordent	d468178e	SOUS_RESERVE	Dark Soldier04
ls	a349fea8	219168	TheodenKonig	marche	les deux verites concordent	f712c64a	VALIDE	niikon
ls	a349fea8	220865	Dark Soldier04	marche	les deux verites concordent	0000b29c	SOUS_RESERVE	tomn2o
ls	a349fea8	224365	Mik2302	marche	les deux verites concordent	0000b29c	SOUS_RESERVE	xXskyvinXx
ls	a349fea8	233443	TWO NiCoMaNia	marche	les deux verites concordent	acd1cff4	SOUS_RESERVE	OWL WAD
ls	a349fea8	234977	Fro9249	marche	les deux verites concordent	0000b29c	SOUS_RESERVE	xXskyvinXx
ls	a349fea8	236087	xXskyvinXx	marche	les deux verites concordent	daa03c35	VALIDE	Calabrese957145
ls	a349fea8	244457	tomn2o	marche	les deux verites concordent	0000b29c	SOUS_RESERVE	niikon
ls	a349fea8	245458	Calabrese957145	marche	les deux verites concordent	0000b29c	SOUS_RESERVE	Dark Soldier04
ls	a349fea8	247902	NthDynasty	marche	les deux verites concordent	038ad14c	SOUS_RESERVE	Denal111
ls	a349fea8	252673	WoodE gb	marche	les deux verites concordent	038ad14c	SOUS_RESERVE	Denal111
ls	a349fea8	256807	Denal111	scan	les deux verites concordent	daa03c35	VALIDE	WinterPlains241
ls	a349fea8	258375	TheodenKonig	marche	les deux verites concordent	d468178e	SOUS_RESERVE	Dark Soldier04
ls	a349fea8	259146	Whatty	marche	les deux verites concordent	0000b238	SOUS_RESERVE	SenseiSnickers
ls	a349fea8	259180	WinterPlains241	marche	les deux verites concordent	0000b238	SOUS_RESERVE	fanatiking
ls	a349fea8	259277	OWL WAD	marche	les deux verites concordent	0000b29c	SOUS_RESERVE	funkydonut321
ls	a349fea8	269222	SenseiSnickers	marche	les deux verites concordent	0000b29c	SOUS_RESERVE	funkydonut321
ls	a349fea8	270160	Draxeer	marche	les deux verites concordent	0000b238	SOUS_RESERVE	arminalisk
ls	a349fea8	281059	arminalisk	marche	les deux verites concordent	d468178e	SOUS_RESERVE	Dark Soldier04
ls	a349fea8	284664	Calabrese957145	marche	les deux verites concordent	e9941862	SOUS_RESERVE	niikon
ls	a349fea8	295445	Punkosd	marche	les deux verites concordent	e9941862	SOUS_RESERVE	niikon
ls	a349fea8	296487	niikon	marche	les deux verites concordent	deffdc6b	VALIDE	Punkosd
ls	a349fea8	298693	Mik2302	marche	les deux verites concordent	0000005f	INCONNU	xXskyvinXx
ls	a349fea8	300883	tomn2o	marche	les deux verites concordent	deffdc6b	VALIDE	xXskyvinXx
ls	a349fea8	302685	fanatiking	marche	les deux verites concordent	deffdc6b	VALIDE	xXskyvinXx
ls	a349fea8	304196	xXskyvinXx	marche	les deux verites concordent	da3b5ba4	VALIDE	SenseiSnickers
ls	a349fea8	307231	Whatty	marche	les deux verites concordent	daa03c35	VALIDE	TheodenKonig
ls	a349fea8	308158	NthDynasty	scan	les deux verites concordent	19bd6810	VALIDE	OWL WAD
ls	a349fea8	311094	WinterPlains241	marche	les deux verites concordent	2ff92041	VALIDE	TheodenKonig
ls	a349fea8	311096	TheodenKonig	marche	les deux verites concordent	2ff92041	VALIDE	WinterPlains241
ls	a349fea8	316165	Madina97294	marche	les deux verites concordent	0bece71e	VALIDE	OWL WAD
ls	a349fea8	318976	WoodE gb	marche	les deux verites concordent	d468178e	SOUS_RESERVE	Calabrese957145
ls	a349fea8	328212	xXskyvinXx	scan	les deux verites concordent	7c4f8a28	VALIDE	Fro9249
ls	a349fea8	329955	Denal111	marche	les deux verites concordent	d468178e	SOUS_RESERVE	Vz Loz zV
ls	a349fea8	330383	Vz Loz zV	scan	les deux verites concordent	0000b238	SOUS_RESERVE	SenseiSnickers
ls	a349fea8	331085	SenseiSnickers	scan	les deux verites concordent	0000b29c	SOUS_RESERVE	niikon
ls	a349fea8	331114	Draxeer	marche	les deux verites concordent	deffdc6b	VALIDE	Fro9249
ls	a349fea8	333750	niikon	marche	les deux verites concordent	0bece71e	VALIDE	OWL WAD
ls	a349fea8	339523	Fro9249	marche	les deux verites concordent	88f1034c	AMBIGU	funkydonut321
ls	a349fea8	339926	Calabrese957145	marche	les deux verites concordent	0000b29c	SOUS_RESERVE	WinterPlains241
ls	a349fea8	341758	funkydonut321	marche	les deux verites concordent	382cafaf	VALIDE	Punkosd
ls	a349fea8	342630	Whatty	marche	les deux verites concordent	0000b29c	SOUS_RESERVE	arminalisk
ls	a349fea8	343465	arminalisk	marche	les deux verites concordent	0000b29c	SOUS_RESERVE	Madina97294
ls	a349fea8	346707	NthDynasty	marche	les deux verites concordent	0000b238	SOUS_RESERVE	fanatiking
ls	a349fea8	348075	fanatiking	marche	les deux verites concordent	0000b238	SOUS_RESERVE	Madina97294
ls	a349fea8	352381	Madina97294	marche	les deux verites concordent	0000b238	SOUS_RESERVE	TheodenKonig
ls	a349fea8	356573	Dark Soldier04	marche	les deux verites concordent	da3b5ba4	VALIDE	TheodenKonig
ls	a349fea8	360844	TheodenKonig	marche	les deux verites concordent	d1e01803	SOUS_RESERVE	Vz Loz zV
ls	a349fea8	361119	WinterPlains241	marche	les deux verites concordent	19bd6810	VALIDE	OWL WAD
ls	a349fea8	363558	SenseiSnickers	marche	les deux verites concordent	d468178e	SOUS_RESERVE	xXskyvinXx
ls	a349fea8	367484	niikon	marche	les deux verites concordent	0bece71e	VALIDE	OWL WAD
ls	a349fea8	370123	Calabrese957145	scan	les deux verites concordent	d468178e	SOUS_RESERVE	xXskyvinXx
ls	a349fea8	374646	Mik2302	scan	les deux verites concordent	0000b29c	SOUS_RESERVE	Dark Soldier04
ls	a349fea8	375099	TWO NiCoMaNia	marche	les deux verites concordent	deffdc6b	VALIDE	Punkosd
ls	a349fea8	381515	Madina97294	marche	les deux verites concordent	7c4f8a28	VALIDE	Punkosd
ls	a349fea8	388922	Punkosd	marche	les deux verites concordent	88f1034c	AMBIGU	NthDynasty
ls	a349fea8	390370	Draxeer	marche	source appartenant a la victime	da3b5ba4	VALIDE	tomn2o
ls	a349fea8	391009	xXskyvinXx	marche	les deux verites concordent	0000b29c	SOUS_RESERVE	Denal111
ls	a349fea8	392997	Vz Loz zV	marche	les deux verites concordent	d468178e	SOUS_RESERVE	arminalisk
ls	a349fea8	399417	BrainDeadLiam	marche	les deux verites concordent	0000b29c	SOUS_RESERVE	NthDynasty
ls	a349fea8	400529	Whatty	scan	les deux verites concordent	d468178e	SOUS_RESERVE	arminalisk
ls	a349fea8	404634	Mik2302	scan	les deux verites concordent	0000b29c	SOUS_RESERVE	funkydonut321
ls	a349fea8	405470	Dark Soldier04	marche	les deux verites concordent	19bd6810	VALIDE	OWL WAD
ls	a349fea8	406766	funkydonut321	marche	les deux verites concordent	d468178e	SOUS_RESERVE	arminalisk
ls	a349fea8	413288	TWO NiCoMaNia	marche	les deux verites concordent	0bece71e	VALIDE	OWL WAD
ls	a349fea8	415318	arminalisk	marche	les deux verites concordent	0000b29c	SOUS_RESERVE	niikon
ls	a349fea8	416857	niikon	marche	les deux verites concordent	0000d627	VALIDE	arminalisk
ls	a349fea8	418588	WinterPlains241	marche	les deux verites concordent	8b1f83ee	SOUS_RESERVE	Punkosd
ls	a349fea8	420861	Vz Loz zV	marche	les deux verites concordent	19bd6810	VALIDE	OWL WAD
ls	a349fea8	426038	OWL WAD	scan	les deux verites concordent	00404748	VALIDE	Madina97294
ls	a349fea8	427597	Draxeer	marche	les deux verites concordent	7654f890	SOUS_RESERVE	tomn2o
ls	a349fea8	429299	Whatty	scan	les deux verites concordent	0000d57f	SOUS_RESERVE	TheodenKonig
ls	a349fea8	435622	tomn2o	marche	les deux verites concordent	0000b29c	SOUS_RESERVE	NthDynasty
ls	a349fea8	439659	SenseiSnickers	marche	les deux verites concordent	0000b238	SOUS_RESERVE	NthDynasty
ls	a349fea8	442451	Mik2302	marche	les deux verites concordent	0bece71e	VALIDE	xXskyvinXx
ls	a349fea8	442685	Fro9249	marche	les deux verites concordent	d468178e	SOUS_RESERVE	WoodE gb
ls	a349fea8	445196	NthDynasty	marche	les deux verites concordent	877da252	SOUS_RESERVE	Denal111
ls	a349fea8	446929	WoodE gb	marche	les deux verites concordent	877da252	SOUS_RESERVE	Denal111
ls	a349fea8	448369	TWO NiCoMaNia	marche	les deux verites concordent	003f582d	VALIDE	fanatiking
ls	a349fea8	448724	Madina97294	marche	les deux verites concordent	877da252	SOUS_RESERVE	Denal111
ls	a349fea8	453798	Dark Soldier04	scan	les deux verites concordent	00404748	VALIDE	Punkosd
ls	a349fea8	453811	funkydonut321	scan	les deux verites concordent	0000d627	VALIDE	Punkosd
ls	a349fea8	456283	Denal111	marche	les deux verites concordent	daa03c35	VALIDE	Whatty
ls	a349fea8	460324	fanatiking	marche	les deux verites concordent	0bece71e	VALIDE	xXskyvinXx
ls	a349fea8	460327	TheodenKonig	marche	les deux verites concordent	0bece71e	VALIDE	xXskyvinXx
ls	a349fea8	460852	xXskyvinXx	marche	les deux verites concordent	00426796	VALIDE	SenseiSnickers
ls	a349fea8	464873	arminalisk	marche	les deux verites concordent	0000b29c	SOUS_RESERVE	niikon
ls	a349fea8	466740	Calabrese957145	marche	les deux verites concordent	88f1034c	AMBIGU	Vz Loz zV
ls	a349fea8	487567	Fro9249	marche	les deux verites concordent	0000b29c	SOUS_RESERVE	NthDynasty
ls	a349fea8	488365	TWO NiCoMaNia	marche	les deux verites concordent	deffdc6b	VALIDE	Mik2302
ls	a349fea8	490737	Calabrese957145	marche	les deux verites concordent	0000b29c	SOUS_RESERVE	NthDynasty
ls	a349fea8	492000	Whatty	scan	les deux verites concordent	deffdc6b	VALIDE	Mik2302
ls	a349fea8	492471	TheodenKonig	marche	les deux verites concordent	0000b29c	SOUS_RESERVE	niikon
ls	a349fea8	492538	NthDynasty	marche	les deux verites concordent	0000b29c	SOUS_RESERVE	Punkosd
ls	a349fea8	493340	Madina97294	marche	les deux verites concordent	003f582d	VALIDE	tomn2o
ls	a349fea8	501313	Dark Soldier04	marche	les deux verites concordent	00426796	VALIDE	SenseiSnickers
ls	a349fea8	504083	BrainDeadLiam	marche	les deux verites concordent	557a2b6c	VALIDE	Dark Soldier04
ls	a349fea8	509851	Punkosd	marche	les deux verites concordent	0000b238	SOUS_RESERVE	niikon
ls	a349fea8	510849	Mik2302	marche	les deux verites concordent	daa03c35	VALIDE	Draxeer
ls	a349fea8	517453	SenseiSnickers	marche	les deux verites concordent	0000b238	SOUS_RESERVE	niikon
ls	a349fea8	518452	Vz Loz zV	marche	les deux verites concordent	d468178e	SOUS_RESERVE	arminalisk
ls	a349fea8	523060	WoodE gb	marche	les deux verites concordent	7ff0849c	SOUS_RESERVE	Denal111
ls	a349fea8	524385	Madina97294	marche	les deux verites concordent	0000b29c	SOUS_RESERVE	arminalisk
ls	a349fea8	524825	Calabrese957145	marche	les deux verites concordent	d468178e	SOUS_RESERVE	TWO NiCoMaNia
ls	a349fea8	532271	Draxeer	marche	les deux verites concordent	003f582d	VALIDE	tomn2o
ls	a349fea8	533102	TheodenKonig	marche	les deux verites concordent	0000b238	SOUS_RESERVE	niikon
ls	a349fea8	534847	Mik2302	marche	les deux verites concordent	7654f890	SOUS_RESERVE	funkydonut321
ls	a349fea8	539209	arminalisk	marche	les deux verites concordent	d468178e	SOUS_RESERVE	TWO NiCoMaNia
ls	a349fea8	541614	niikon	marche	les deux verites concordent	0000b29c	SOUS_RESERVE	Fro9249
ls	a349fea8	546280	NthDynasty	marche	les deux verites concordent	0000b29c	SOUS_RESERVE	Denal111
ls	a349fea8	555626	Fro9249	marche	les deux verites concordent	7654f890	SOUS_RESERVE	TWO NiCoMaNia
ls	a349fea8	557057	tomn2o	marche	les deux verites concordent	0000b238	SOUS_RESERVE	Draxeer
ls	a349fea8	557592	Whatty	marche	les deux verites concordent	003f582d	VALIDE	Punkosd
ls	a349fea8	558401	Calabrese957145	marche	les deux verites concordent	0000b29c	SOUS_RESERVE	ELb0w Mac
ls	a349fea8	560795	SenseiSnickers	marche	les deux verites concordent	7654f890	SOUS_RESERVE	funkydonut321
ls	a349fea8	562459	fanatiking	marche	les deux verites concordent	0000d627	VALIDE	ELb0w Mac
ls	a349fea8	562638	ELb0w Mac	marche	les deux verites concordent	7654f890	SOUS_RESERVE	OWL WAD
ls	a349fea8	570512	NthDynasty	marche	les deux verites concordent	003f582d	VALIDE	Punkosd
ls	a349fea8	570567	BrainDeadLiam	marche	les deux verites concordent	d468178e	SOUS_RESERVE	Madina97294
ls	a349fea8	573015	TWO NiCoMaNia	marche	les deux verites concordent	003f582d	VALIDE	Punkosd
ls	a349fea8	573471	Fro9249	marche	les deux verites concordent	d468178e	SOUS_RESERVE	Madina97294
ls	a349fea8	575210	Mik2302	scan	les deux verites concordent	7654f890	SOUS_RESERVE	funkydonut321
ls	a349fea8	576582	Madina97294	marche	les deux verites concordent	0000d57f	SOUS_RESERVE	Punkosd
ls	a349fea8	576618	Punkosd	marche	les deux verites concordent	0000b29c	SOUS_RESERVE	niikon
ls	a349fea8	576677	Vz Loz zV	marche	les deux verites concordent	0000b29c	SOUS_RESERVE	arminalisk
ls	a349fea8	576781	arminalisk	marche	les deux verites concordent	d468178e	SOUS_RESERVE	Vz Loz zV
ls	a349fea8	582046	TheodenKonig	marche	les deux verites concordent	2ff92041	VALIDE	funkydonut321
ls	a349fea8	582048	funkydonut321	marche	les deux verites concordent	2ff92041	VALIDE	TheodenKonig
ls	a349fea8	582458	WoodE gb	marche	les deux verites concordent	0000b29c	SOUS_RESERVE	OWL WAD
ls	a349fea8	584956	Denal111	marche	les deux verites concordent	53b1e6c5	VALIDE	Dark Soldier04
ls	a349fea8	589600	Dark Soldier04	marche	les deux verites concordent	7654f890	SOUS_RESERVE	SenseiSnickers
ls	a349fea8	591941	tomn2o	marche	les deux verites concordent	0000b29c	SOUS_RESERVE	niikon
ls	a349fea8	593801	OWL WAD	marche	les deux verites concordent	d468178e	SOUS_RESERVE	Whatty
ls	a349fea8	600009	Calabrese957145	marche	les deux verites concordent	daa03c35	VALIDE	WinterPlains241
ls	a349fea8	602593	WinterPlains241	marche	les deux verites concordent	7654f890	SOUS_RESERVE	SenseiSnickers
ls	a349fea8	607198	TheodenKonig	marche	les deux verites concordent	0000b29c	SOUS_RESERVE	Madina97294
ls	a349fea8	610532	Draxeer	marche	les deux verites concordent	0000b29c	SOUS_RESERVE	arminalisk
ls	a349fea8	610737	SenseiSnickers	marche	les deux verites concordent	d468178e	SOUS_RESERVE	NthDynasty
ls	a349fea8	612571	Madina97294	marche	les deux verites concordent	deffdc6b	VALIDE	Fro9249
ls	a349fea8	612574	NthDynasty	marche	les deux verites concordent	deffdc6b	VALIDE	Fro9249
ls	a349fea8	619191	arminalisk	marche	les deux verites concordent	0000b238	SOUS_RESERVE	niikon
ls	a349fea8	621668	funkydonut321	marche	les deux verites concordent	0000b29c	SOUS_RESERVE	tomn2o
ls	a349fea8	627141	TWO NiCoMaNia	marche	les deux verites concordent	19bd6810	VALIDE	fanatiking
ls	a349fea8	629241	Calabrese957145	marche	les deux verites concordent	0000b238	SOUS_RESERVE	niikon
ls	a349fea8	630099	Dark Soldier04	marche	les deux verites concordent	00015cd1	VALIDE	OWL WAD
ls	a349fea8	630342	WinterPlains241	marche	les deux verites concordent	0bece71e	VALIDE	fanatiking
ls	a349fea8	634237	ELb0w Mac	marche	les deux verites concordent	130c4b61	SOUS_RESERVE	Denal111
ls	a349fea8	636380	Vz Loz zV	marche	les deux verites concordent	19bd6810	VALIDE	fanatiking
ls	a349fea8	637978	WoodE gb	marche	les deux verites concordent	7ff0849c	SOUS_RESERVE	Punkosd
ls	a349fea8	642983	Denal111	marche	les deux verites concordent	0000b238	SOUS_RESERVE	Draxeer
ls	a349fea8	645222	Madina97294	marche	les deux verites concordent	0bece71e	VALIDE	fanatiking
ls	a349fea8	649023	Calabrese957145	marche	les deux verites concordent	0000b29c	SOUS_RESERVE	niikon
ls	a349fea8	657339	tomn2o	scan	les deux verites concordent	0000b29c	SOUS_RESERVE	NthDynasty
ls	a349fea8	658231	WinterPlains241	marche	les deux verites concordent	0000b238	SOUS_RESERVE	TheodenKonig
ls	a349fea8	661735	TheodenKonig	marche	les deux verites concordent	0000b238	SOUS_RESERVE	Draxeer
ls	a349fea8	663300	ELb0w Mac	marche	les deux verites concordent	19bd6810	VALIDE	fanatiking
ls	a349fea8	663599	SenseiSnickers	marche	les deux verites concordent	da3b5ba4	VALIDE	TWO NiCoMaNia
ls	a349fea8	665105	BrainDeadLiam	marche	les deux verites concordent	0000b29c	SOUS_RESERVE	TWO NiCoMaNia
ls	a349fea8	667704	funkydonut321	marche	les deux verites concordent	d468178e	SOUS_RESERVE	arminalisk
ls	a349fea8	669352	Draxeer	marche	les deux verites concordent	0000b29c	SOUS_RESERVE	Denal111
ls	a349fea8	671240	NthDynasty	marche	les deux verites concordent	0000b29c	SOUS_RESERVE	Denal111
ls	a349fea8	673476	TWO NiCoMaNia	scan	les deux verites concordent	d468178e	SOUS_RESERVE	arminalisk
ls	a349fea8	675959	Punkosd	marche	les deux verites concordent	0000b29c	SOUS_RESERVE	niikon
ls	a349fea8	676446	Vz Loz zV	marche	les deux verites concordent	0bece71e	VALIDE	fanatiking
ls	a349fea8	678585	Dark Soldier04	marche	les deux verites concordent	00015cd1	VALIDE	OWL WAD
ls	a349fea8	683398	niikon	marche	les deux verites concordent	003f582d	VALIDE	Denal111
ls	a349fea8	684190	Madina97294	marche	les deux verites concordent	0000b29c	SOUS_RESERVE	arminalisk
ls	a349fea8	690436	WinterPlains241	marche	les deux verites concordent	1538c906	VALIDE	arminalisk
ls	a349fea8	696078	ELb0w Mac	marche	les deux verites concordent	0bece71e	VALIDE	fanatiking
ls	a349fea8	707185	Fro9249	marche	les deux verites concordent	fa4fad21	VALIDE	Whatty
ls	a349fea8	721730	Whatty	marche	les deux verites concordent	003f582d	VALIDE	SenseiSnickers
ls	a349fea8	724100	SenseiSnickers	marche	les deux verites concordent	0000b29c	SOUS_RESERVE	niikon
ls	a349fea8	727677	Denal111	marche	les deux verites concordent	0000b238	SOUS_RESERVE	niikon
ls	a349fea8	728412	Draxeer	marche	les deux verites concordent	8add9998	SOUS_RESERVE	Punkosd
ls	a349fea8	732874	Madina97294	marche	les deux verites concordent	0000005f	INCONNU	arminalisk
ls	a349fea8	734473	TheodenKonig	marche	les deux verites concordent	0bece71e	VALIDE	TWO NiCoMaNia
ls	a349fea8	737787	niikon	marche	les deux verites concordent	0000b29c	SOUS_RESERVE	Punkosd
ls	a349fea8	737812	NthDynasty	marche	les deux verites concordent	0000005f	INCONNU	arminalisk
ls	a349fea8	740924	arminalisk	marche	les deux verites concordent	19bd6810	VALIDE	TWO NiCoMaNia
ls	a349fea8	747176	Calabrese957145	marche	les deux verites concordent	0000b29c	SOUS_RESERVE	funkydonut321
ls	a349fea8	747331	Mik2302	marche	les deux verites concordent	0000b29c	SOUS_RESERVE	ELb0w Mac
ls	a349fea8	750242	WoodE gb	marche	les deux verites concordent	0000b29c	SOUS_RESERVE	Punkosd
ls	a349fea8	752727	ELb0w Mac	marche	les deux verites concordent	003f582d	VALIDE	tomn2o
ls	a349fea8	756358	Fro9249	marche	les deux verites concordent	7654f890	SOUS_RESERVE	funkydonut321
ls	a349fea8	756885	tomn2o	scan	les deux verites concordent	0000b29c	SOUS_RESERVE	Madina97294
ls	a349fea8	757352	SenseiSnickers	scan	les deux verites concordent	19bd6810	VALIDE	TWO NiCoMaNia
ls	a349fea8	767663	Denal111	scan	les deux verites concordent	daa03c35	VALIDE	NthDynasty
ls	a349fea8	774679	Calabrese957145	marche	les deux verites concordent	daa03c35	VALIDE	Draxeer
ls	a349fea8	774841	Mik2302	marche	les deux verites concordent	7654f890	SOUS_RESERVE	funkydonut321
ls	a349fea8	775773	Draxeer	scan	les deux verites concordent	d468178e	SOUS_RESERVE	arminalisk
ls	a349fea8	777983	TheodenKonig	scan	les deux verites concordent	0bece71e	VALIDE	TWO NiCoMaNia
ls	a349fea8	778445	fanatiking	scan	les deux verites concordent	0000b238	SOUS_RESERVE	Madina97294
ls	a349fea8	784523	arminalisk	marche	les deux verites concordent	7654f890	SOUS_RESERVE	Vz Loz zV
ls	a349fea8	792432	Vz Loz zV	scan	les deux verites concordent	7654f890	SOUS_RESERVE	BrainDeadLiam
ls	a349fea8	796639	funkydonut321	scan	les deux verites concordent	0000b238	SOUS_RESERVE	SenseiSnickers
ls	a349fea8	799443	Fro9249	marche	les deux verites concordent	0000b29c	SOUS_RESERVE	Madina97294
ls	a349fea8	804047	TheodenKonig	marche	les deux verites concordent	0000b29c	SOUS_RESERVE	Madina97294
ls	a349fea8	806638	tomn2o	scan	les deux verites concordent	003f582d	VALIDE	Draxeer
ls	a349fea8	813783	Madina97294	scan	les deux verites concordent	0000b29c	SOUS_RESERVE	Punkosd
ls	a349fea8	814923	OWL WAD	scan	les deux verites concordent	130c4b61	SOUS_RESERVE	Whatty
ls	a349fea8	818519	Dark Soldier04	scan	les deux verites concordent	d468178e	SOUS_RESERVE	Punkosd
ls	a349fea8	818521	Punkosd	scan	source appartenant a la victime	d468178e	SOUS_RESERVE	Dark Soldier04
ls	a349fea8	820455	arminalisk	marche	les deux verites concordent	2ff92041	VALIDE	NthDynasty
ls	a349fea8	828176	Denal111	marche	les deux verites concordent	038ad14c	SOUS_RESERVE	NthDynasty
ls	a349fea8	834945	Fro9249	marche	les deux verites concordent	daa03c35	VALIDE	NthDynasty
ls	a349fea8	837150	TheodenKonig	marche	les deux verites concordent	130c4b61	SOUS_RESERVE	Whatty
ls	a349fea8	837275	funkydonut321	marche	les deux verites concordent	0000b238	SOUS_RESERVE	SenseiSnickers
ls	a349fea8	842013	SenseiSnickers	marche	les deux verites concordent	0000b238	SOUS_RESERVE	Vz Loz zV
ls	a349fea8	844692	NthDynasty	marche	les deux verites concordent	003f582d	VALIDE	fanatiking
ls	a349fea8	845957	Whatty	scan	les deux verites concordent	003f582d	VALIDE	Punkosd
ls	a349fea8	851624	Calabrese957145	marche	les deux verites concordent	0bece71e	VALIDE	TWO NiCoMaNia
ls	a349fea8	857608	Dark Soldier04	marche	les deux verites concordent	0000005f	INCONNU	tomn2o
ls	a349fea8	859984	tomn2o	marche	les deux verites concordent	19bd6810	VALIDE	TWO NiCoMaNia
ls	a349fea8	864893	Vz Loz zV	marche	les deux verites concordent	003f582d	VALIDE	fanatiking
ls	a349fea8	868027	ELb0w Mac	marche	les deux verites concordent	e1f38ea2	SOUS_RESERVE	Punkosd
ls	a349fea8	870702	Mik2302	marche	les deux verites concordent	0000b29c	SOUS_RESERVE	NthDynasty
ls	a349fea8	871621	Madina97294	marche	les deux verites concordent	da3b5ba4	VALIDE	Denal111
ls	a349fea8	872805	TheodenKonig	marche	les deux verites concordent	0000b29c	SOUS_RESERVE	niikon
ls	a349fea8	873496	NthDynasty	marche	les deux verites concordent	0000b29c	SOUS_RESERVE	Punkosd
ls	a349fea8	877708	Punkosd	scan	les deux verites concordent	0000b29c	SOUS_RESERVE	niikon
ls	a349fea8	877900	Draxeer	marche	les deux verites concordent	0000b238	SOUS_RESERVE	Fro9249
ls	a349fea8	884484	Calabrese957145	marche	les deux verites concordent	0000b29c	SOUS_RESERVE	niikon
ls	a349fea8	891845	Denal111	marche	les deux verites concordent	0bece71e	VALIDE	TWO NiCoMaNia
ls	a349fea8	892312	Mik2302	marche	les deux verites concordent	0000d57f	SOUS_RESERVE	Whatty
ls	a349fea8	894623	SenseiSnickers	scan	les deux verites concordent	0bece71e	VALIDE	TWO NiCoMaNia
ls	a349fea8	894651	Dark Soldier04	marche	les deux verites concordent	0000b29c	SOUS_RESERVE	Fro9249
ls	a349fea8	895018	Whatty	marche	les deux verites concordent	003f582d	VALIDE	tomn2o
ls	a349fea8	899115	WoodE gb	marche	les deux verites concordent	0000b238	SOUS_RESERVE	arminalisk
ls	a349fea8	905763	fanatiking	marche	les deux verites concordent	bb1a095b	SOUS_RESERVE	Madina97294
ls	a349fea8	909072	niikon	scan	les deux verites concordent	acd1cff4	SOUS_RESERVE	OWL WAD
ls	a349fea8	911371	TheodenKonig	marche	les deux verites concordent	038ad14c	SOUS_RESERVE	Vz Loz zV
ls	a349fea8	914602	Calabrese957145	scan	les deux verites concordent	daa03c35	VALIDE	WinterPlains241
ls	a349fea8	915480	OWL WAD	marche	les deux verites concordent	0bece71e	VALIDE	TWO NiCoMaNia
ls	a349fea8	916751	Fro9249	marche	les deux verites concordent	0000b29c	SOUS_RESERVE	NthDynasty
ls	a349fea8	917321	funkydonut321	marche	les deux verites concordent	0000b238	SOUS_RESERVE	Punkosd
ls	a349fea8	918487	WinterPlains241	scan	les deux verites concordent	0000b238	SOUS_RESERVE	Mik2302
ls	a349fea8	920523	tomn2o	marche	les deux verites concordent	038ad14c	SOUS_RESERVE	Vz Loz zV
ls	a349fea8	922293	BrainDeadLiam	scan	les deux verites concordent	daa03c35	VALIDE	Dark Soldier04
ls	a349fea8	923916	Whatty	marche	les deux verites concordent	5e389b5d	VALIDE	arminalisk
ls	a349fea8	931534	Mik2302	scan	les deux verites concordent	bb1a095b	SOUS_RESERVE	Madina97294
ls	a349fea8	933217	SenseiSnickers	marche	les deux verites concordent	003f582d	VALIDE	niikon
ls	a349fea8	934807	Punkosd	marche	les deux verites concordent	daa03c35	VALIDE	Dark Soldier04
ls	a349fea8	935508	Draxeer	marche	source appartenant a la victime	d2ffec3f	VALIDE	SenseiSnickers
ls	a349fea8	936846	Denal111	scan	les deux verites concordent	038ad14c	SOUS_RESERVE	Vz Loz zV
ls	a349fea8	937442	Dark Soldier04	marche	les deux verites concordent	da3b5ba4	VALIDE	Denal111
ls	a349fea8	937445	Vz Loz zV	marche	les deux verites concordent	da3b5ba4	VALIDE	Denal111
ls	a349fea8	944385	TheodenKonig	marche	les deux verites concordent	0bece71e	VALIDE	TWO NiCoMaNia
ls	a349fea8	950696	Fro9249	marche	les deux verites concordent	0000b29c	SOUS_RESERVE	niikon
ls	a521164d	70996	GET FREE NOW	marche	les deux verites concordent	7c4f8a28	VALIDE	UndatedLamb92
ls	a521164d	76609	JisGaming8	marche	les deux verites concordent	2ff92041	VALIDE	DenimDude6035
ls	a521164d	80174	HALODAN12	scan	les deux verites concordent	00015cd1	VALIDE	Leepaton420
ls	a521164d	87148	DenimDude6035	marche	les deux verites concordent	0000b29c	SOUS_RESERVE	SpooneyBread998
ls	a521164d	91228	SpooneyBread998	marche	les deux verites concordent	0000b29c	SOUS_RESERVE	Madina97294
ls	a521164d	92019	UndatedLamb92	marche	les deux verites concordent	deffdc6b	VALIDE	Holzkopf9
ls	a521164d	92189	Holzkopf9	marche	les deux verites concordent	deffdc6b	VALIDE	UndatedLamb92
ls	a521164d	92193	DeviousVix	marche	les deux verites concordent	deffdc6b	VALIDE	UndatedLamb92
ls	a521164d	92641	DaniyalBrolaigh	scan	les deux verites concordent	0bece71e	VALIDE	Twinblade103610
ls	a521164d	93162	Twinblade103610	scan	les deux verites concordent	88f1034c	AMBIGU	DaniyalBrolaigh
ls	a521164d	97751	Marrero1987	marche	les deux verites concordent	0bece71e	VALIDE	GET FREE NOW
ls	a521164d	98819	AndrewCA117	marche	les deux verites concordent	19bd6810	VALIDE	OVERLORDsdlg
ls	a521164d	99609	Commander Neko	marche	les deux verites concordent	da3b5ba4	VALIDE	doc frosty1
ls	a521164d	104229	Madina97294	marche	les deux verites concordent	0bece71e	VALIDE	OVERLORDsdlg
ls	a521164d	108828	HALODAN12	marche	les deux verites concordent	0bece71e	VALIDE	OVERLORDsdlg
ls	a521164d	119561	MS 82 gamer	marche	les deux verites concordent	19bd6810	VALIDE	GET FREE NOW
ls	a521164d	120061	CmdData123	marche	les deux verites concordent	0000b29c	SOUS_RESERVE	OVERLORDsdlg
ls	a521164d	122209	Jaydeniscool338	scan	les deux verites concordent	0000b29c	SOUS_RESERVE	UndatedLamb92
ls	a521164d	127772	doc frosty1	marche	les deux verites concordent	daa03c35	VALIDE	DenimDude6035
ls	a521164d	128039	INDUS GAMER	marche	les deux verites concordent	e1f38ea2	SOUS_RESERVE	Hernandocon
ls	a521164d	130710	JisGaming8	scan	les deux verites concordent	daa03c35	VALIDE	DenimDude6035
ls	a521164d	130818	Commander Neko	marche	les deux verites concordent	7654f890	SOUS_RESERVE	DeviousVix
ls	a521164d	133091	Madina97294	marche	les deux verites concordent	0000b29c	SOUS_RESERVE	DaniyalBrolaigh
ls	a521164d	133423	UndatedLamb92	marche	les deux verites concordent	0000b29c	SOUS_RESERVE	OVERLORDsdlg
ls	a521164d	133654	Leepaton420	marche	les deux verites concordent	daa03c35	VALIDE	Hernandocon
ls	a521164d	134091	Holzkopf9	marche	les deux verites concordent	382cafaf	VALIDE	AndrewCA117
ls	a521164d	137333	AndrewCA117	marche	les deux verites concordent	7654f890	SOUS_RESERVE	DeviousVix
ls	a521164d	138754	Twinblade103610	marche	les deux verites concordent	da3b5ba4	VALIDE	OVERLORDsdlg
ls	a521164d	139996	DaniyalBrolaigh	marche	les deux verites concordent	0000b29c	SOUS_RESERVE	HALODAN12
ls	a521164d	141928	Marrero1987	marche	les deux verites concordent	0000b29c	SOUS_RESERVE	SpooneyBread998
ls	a521164d	142758	DenimDude6035	marche	les deux verites concordent	003f582d	VALIDE	Pabloluis20
ls	a521164d	144604	SpooneyBread998	marche	les deux verites concordent	0000b29c	SOUS_RESERVE	HALODAN12
ls	a521164d	145160	GET FREE NOW	marche	les deux verites concordent	daa03c35	VALIDE	Hernandocon
ls	a521164d	153677	DeviousVix	marche	les deux verites concordent	daa03c35	VALIDE	Commander Neko
ls	a521164d	153913	HALODAN12	marche	les deux verites concordent	0000b29c	SOUS_RESERVE	OVERLORDsdlg
ls	a521164d	164157	OVERLORDsdlg	marche	les deux verites concordent	7654f890	SOUS_RESERVE	Commander Neko
ls	a521164d	171256	DenimDude6035	scan	les deux verites concordent	e9941862	SOUS_RESERVE	doc frosty1
ls	a521164d	171964	INDUS GAMER	marche	les deux verites concordent	e1f38ea2	SOUS_RESERVE	Hernandocon
ls	a521164d	177608	Hernandocon	marche	les deux verites concordent	0000b29c	SOUS_RESERVE	Holzkopf9
ls	a521164d	177764	SpooneyBread998	scan	les deux verites concordent	119861b4	VALIDE	AndrewCA117
ls	a521164d	179578	Twinblade103610	marche	les deux verites concordent	0000b29c	SOUS_RESERVE	GET FREE NOW
ls	a521164d	185166	UndatedLamb92	marche	les deux verites concordent	003f582d	VALIDE	Pabloluis20
ls	a521164d	188793	Madina97294	marche	les deux verites concordent	0000b29c	SOUS_RESERVE	Holzkopf9
ls	a521164d	190430	AndrewCA117	marche	les deux verites concordent	0000b29c	SOUS_RESERVE	DaniyalBrolaigh
ls	a521164d	196388	JisGaming8	marche	les deux verites concordent	13ff7bdf	SOUS_RESERVE	Commander Neko
ls	a521164d	196649	DenimDude6035	marche	les deux verites concordent	0000b29c	SOUS_RESERVE	DeviousVix
ls	a521164d	197283	Commander Neko	marche	les deux verites concordent	0000b29c	SOUS_RESERVE	Holzkopf9
ls	a521164d	201571	Marrero1987	marche	les deux verites concordent	0000b29c	SOUS_RESERVE	Leepaton420
ls	a521164d	208273	doc frosty1	marche	les deux verites concordent	382cafaf	VALIDE	Twinblade103610
ls	a521164d	214555	UndatedLamb92	scan	les deux verites concordent	ab2302e0	VALIDE	DeviousVix
ls	a521164d	216516	DeviousVix	scan	les deux verites concordent	6a761168	SOUS_RESERVE	Hernandocon
ls	a521164d	221707	HALODAN12	marche	les deux verites concordent	7654f890	SOUS_RESERVE	ItsWindlol
ls	a521164d	222427	Twinblade103610	marche	les deux verites concordent	382cafaf	VALIDE	Leepaton420
ls	a521164d	226750	INDUS GAMER	scan	les deux verites concordent	0000d627	VALIDE	Hernandocon
ls	a521164d	226753	Leepaton420	scan	les deux verites concordent	00404748	VALIDE	Hernandocon
ls	a521164d	229845	SpooneyBread998	marche	les deux verites concordent	0000b29c	SOUS_RESERVE	Madina97294
ls	a521164d	236172	Commander Neko	marche	les deux verites concordent	0000b29c	SOUS_RESERVE	OVERLORDsdlg
ls	a521164d	238289	Madina97294	marche	les deux verites concordent	003f582d	VALIDE	Pabloluis20
ls	a521164d	238887	MS 82 gamer	marche	les deux verites concordent	0000b29c	SOUS_RESERVE	DeviousVix
ls	a521164d	241596	Hernandocon	marche	les deux verites concordent	003f582d	VALIDE	Pabloluis20
ls	a521164d	241893	Pabloluis20	marche	les deux verites concordent	e9941862	SOUS_RESERVE	Hernandocon
ls	a521164d	243598	Twinblade103610	marche	les deux verites concordent	0000b29c	SOUS_RESERVE	DeviousVix
ls	a521164d	245021	DeviousVix	marche	les deux verites concordent	003f582d	VALIDE	Marrero1987
ls	a521164d	254133	OVERLORDsdlg	scan	les deux verites concordent	deffdc6b	VALIDE	AndrewCA117
ls	a521164d	255937	AndrewCA117	marche	les deux verites concordent	deffdc6b	VALIDE	JisGaming8
ls	a521164d	257982	SpooneyBread998	scan	les deux verites concordent	d468178e	SOUS_RESERVE	HALODAN12
ls	a521164d	259041	HALODAN12	marche	les deux verites concordent	deffdc6b	VALIDE	JisGaming8
ls	a521164d	262059	doc frosty1	marche	les deux verites concordent	0000b29c	SOUS_RESERVE	Commander Neko
ls	a521164d	264128	DenimDude6035	scan	les deux verites concordent	deffdc6b	VALIDE	JisGaming8
ls	a521164d	268328	Marrero1987	marche	les deux verites concordent	0000b29c	SOUS_RESERVE	DeviousVix
ls	a521164d	273175	Twinblade103610	marche	les deux verites concordent	7c4f8a28	VALIDE	JisGaming8
ls	a521164d	278825	AndrewCA117	marche	les deux verites concordent	0000b29c	SOUS_RESERVE	DeviousVix
ls	a521164d	281656	DaniyalBrolaigh	marche	les deux verites concordent	0000b29c	SOUS_RESERVE	Madina97294
ls	a521164d	285224	Pabloluis20	marche	les deux verites concordent	0000b29c	SOUS_RESERVE	Commander Neko
ls	a521164d	285394	SpooneyBread998	marche	les deux verites concordent	0000b29c	SOUS_RESERVE	HALODAN12
ls	a521164d	287063	MS 82 gamer	marche	les deux verites concordent	0000b29c	SOUS_RESERVE	DeviousVix
ls	a521164d	295736	U2 Sam Fisher	scan	les deux verites concordent	da3b5ba4	VALIDE	doc frosty1
ls	a521164d	296037	HALODAN12	marche	les deux verites concordent	ef5d9e6c	SOUS_RESERVE	Leepaton420
ls	a521164d	296603	OVERLORDsdlg	marche	les deux verites concordent	d468178e	SOUS_RESERVE	Madina97294
ls	a521164d	301160	DenimDude6035	marche	les deux verites concordent	0000b238	SOUS_RESERVE	DeviousVix
ls	a521164d	305355	GET FREE NOW	marche	les deux verites concordent	0000b29c	SOUS_RESERVE	Commander Neko
ls	a521164d	306395	Madina97294	scan	les deux verites concordent	7c4f8a28	VALIDE	JisGaming8
ls	a521164d	306424	Twinblade103610	marche	les deux verites concordent	0000b29c	SOUS_RESERVE	Holzkopf9
ls	a521164d	307425	Holzkopf9	marche	les deux verites concordent	0000b29c	SOUS_RESERVE	Brauhausmann
ls	a521164d	310328	Commander Neko	marche	les deux verites concordent	0000b29c	SOUS_RESERVE	DaniyalBrolaigh
ls	a521164d	316620	AndrewCA117	marche	les deux verites concordent	557a2b6c	VALIDE	JisGaming8
ls	a521164d	317824	HALODAN12	marche	les deux verites concordent	19bd6810	VALIDE	DeviousVix
ls	a521164d	321056	Madina97294	marche	les deux verites concordent	0bece71e	VALIDE	DeviousVix
ls	a521164d	325839	Marrero1987	marche	les deux verites concordent	0000b29c	SOUS_RESERVE	DaniyalBrolaigh
ls	a521164d	326800	JisGaming8	marche	les deux verites concordent	88f1034c	AMBIGU	DenimDude6035
ls	a521164d	332469	DeviousVix	marche	les deux verites concordent	7654f890	SOUS_RESERVE	Brauhausmann
ls	a521164d	332613	SpooneyBread998	marche	les deux verites concordent	0000b238	SOUS_RESERVE	Commander Neko
ls	a521164d	334356	Twinblade103610	marche	les deux verites concordent	0000b29c	SOUS_RESERVE	Pabloluis20
ls	a521164d	336471	HALODAN12	marche	les deux verites concordent	ebcbab64	SOUS_RESERVE	ItsWindlol
ls	a521164d	340590	ItsWindlol	marche	les deux verites concordent	038ad14c	SOUS_RESERVE	Hernandocon
ls	a521164d	344269	Madina97294	marche	les deux verites concordent	da3b5ba4	VALIDE	Pabloluis20
ls	a521164d	353430	MS 82 gamer	marche	les deux verites concordent	0000005f	INCONNU	DaniyalBrolaigh
ls	a521164d	354089	Holzkopf9	marche	les deux verites concordent	038ad14c	SOUS_RESERVE	Hernandocon
ls	a521164d	354264	Hernandocon	marche	les deux verites concordent	daa03c35	VALIDE	DeviousVix
ls	a521164d	356730	DaniyalBrolaigh	marche	les deux verites concordent	0bece71e	VALIDE	U2 Sam Fisher
ls	a521164d	356745	Marrero1987	marche	les deux verites concordent	53b1e6c5	VALIDE	OVERLORDsdlg
ls	a765f61d	32155	Necrotixxx	marche	les deux verites concordent	da3b5ba4	VALIDE	Nuzzles
ls	a765f61d	38329	SniperMcSniper2	marche	les deux verites concordent	f3c1f9a8	SOUS_RESERVE	Froggit Exodus
ls	a765f61d	41933	epicgoomby	marche	les deux verites concordent	f3c1f9a8	SOUS_RESERVE	Froggit Exodus
ls	a765f61d	47421	Satoru JZ	marche	les deux verites concordent	f3c1f9a8	SOUS_RESERVE	Necrotixxx
ls	a765f61d	59883	SniperMcSniper2	marche	les deux verites concordent	da3b5ba4	VALIDE	Froggit Exodus
ls	a765f61d	65806	TRR Sleeker	marche	les deux verites concordent	f3c1f9a8	SOUS_RESERVE	N i n j a 1 8 0
ls	a765f61d	66974	Froggit Exodus	marche	les deux verites concordent	f3c1f9a8	SOUS_RESERVE	epicgoomby
ls	a765f61d	71211	Satoru JZ	marche	les deux verites concordent	f3c1f9a8	SOUS_RESERVE	Necrotixxx
ls	a765f61d	80054	Nuzzles	marche	les deux verites concordent	7654f890	SOUS_RESERVE	Necrotixxx
ls	a765f61d	80604	TRR Sleeker	marche	les deux verites concordent	f3c1f9a8	SOUS_RESERVE	epicgoomby
ls	a765f61d	84508	Froggit Exodus	marche	les deux verites concordent	daa03c35	VALIDE	epicgoomby
ls	a765f61d	92817	Nuzzles	marche	les deux verites concordent	7654f890	SOUS_RESERVE	Necrotixxx
ls	a765f61d	96620	Satoru JZ	marche	les deux verites concordent	f3c1f9a8	SOUS_RESERVE	Necrotixxx
ls	a765f61d	101325	TRR Sleeker	marche	les deux verites concordent	daa03c35	VALIDE	Necrotixxx
ls	a765f61d	106330	Necrotixxx	marche	les deux verites concordent	f3c1f9a8	SOUS_RESERVE	Nuzzles
ls	a765f61d	116624	epicgoomby	marche	les deux verites concordent	daa03c35	VALIDE	Nuzzles
ls	a765f61d	117608	TRR Sleeker	marche	les deux verites concordent	f3c1f9a8	SOUS_RESERVE	N i n j a 1 8 0
ls	a765f61d	122396	Satoru JZ	marche	les deux verites concordent	000027cc	VALIDE	SniperMcSniper2
ls	a765f61d	122480	N i n j a 1 8 0	marche	les deux verites concordent	f3c1f9a8	SOUS_RESERVE	Froggit Exodus
ls	a765f61d	122996	SniperMcSniper2	marche	les deux verites concordent	da3b5ba4	VALIDE	Froggit Exodus
ls	a765f61d	128770	Necrotixxx	marche	les deux verites concordent	f3c1f9a8	SOUS_RESERVE	Nuzzles
ls	a765f61d	136730	Satoru JZ	marche	les deux verites concordent	f3c1f9a8	SOUS_RESERVE	SniperMcSniper2
ls	a765f61d	139050	epicgoomby	marche	les deux verites concordent	f3c1f9a8	SOUS_RESERVE	Nuzzles
ls	a765f61d	144555	Nuzzles	marche	les deux verites concordent	f3c1f9a8	SOUS_RESERVE	Necrotixxx
ls	a765f61d	147691	Froggit Exodus	marche	les deux verites concordent	f3c1f9a8	SOUS_RESERVE	N i n j a 1 8 0
ls	a765f61d	152546	TRR Sleeker	marche	les deux verites concordent	f3c1f9a8	SOUS_RESERVE	SniperMcSniper2
ls	a765f61d	160687	N i n j a 1 8 0	marche	les deux verites concordent	f3c1f9a8	SOUS_RESERVE	Satoru JZ
ls	a765f61d	164175	Satoru JZ	marche	les deux verites concordent	f3c1f9a8	SOUS_RESERVE	SniperMcSniper2
ls	a765f61d	170580	Necrotixxx	marche	les deux verites concordent	f3c1f9a8	SOUS_RESERVE	Froggit Exodus
ls	a765f61d	176170	SniperMcSniper2	marche	les deux verites concordent	daa03c35	VALIDE	Nuzzles
ls	a765f61d	178689	TRR Sleeker	marche	les deux verites concordent	f3c1f9a8	SOUS_RESERVE	N i n j a 1 8 0
ls	a765f61d	179539	Nuzzles	marche	les deux verites concordent	000027cc	VALIDE	epicgoomby
ls	a765f61d	183259	epicgoomby	marche	les deux verites concordent	da3b5ba4	VALIDE	Satoru JZ
ls	a765f61d	189384	Satoru JZ	marche	les deux verites concordent	f3c1f9a8	SOUS_RESERVE	N i n j a 1 8 0
ls	a765f61d	195506	SniperMcSniper2	marche	les deux verites concordent	f3c1f9a8	SOUS_RESERVE	Froggit Exodus
ls	a765f61d	195889	N i n j a 1 8 0	marche	les deux verites concordent	f3c1f9a8	SOUS_RESERVE	TRR Sleeker
ls	a765f61d	201228	Nuzzles	marche	les deux verites concordent	f3c1f9a8	SOUS_RESERVE	Necrotixxx
ls	a765f61d	203147	epicgoomby	marche	les deux verites concordent	f3c1f9a8	SOUS_RESERVE	TRR Sleeker
ls	a765f61d	208068	TRR Sleeker	marche	les deux verites concordent	f3c1f9a8	SOUS_RESERVE	Necrotixxx
ls	a765f61d	215610	N i n j a 1 8 0	marche	les deux verites concordent	f3c1f9a8	SOUS_RESERVE	Nuzzles
ls	a765f61d	217161	SniperMcSniper2	marche	les deux verites concordent	7654f890	SOUS_RESERVE	Satoru JZ
ls	a765f61d	220514	epicgoomby	marche	les deux verites concordent	f3c1f9a8	SOUS_RESERVE	Satoru JZ
ls	a765f61d	232643	Necrotixxx	marche	les deux verites concordent	f3c1f9a8	SOUS_RESERVE	Nuzzles
ls	a765f61d	234729	SniperMcSniper2	marche	les deux verites concordent	f3c1f9a8	SOUS_RESERVE	Froggit Exodus
ls	a765f61d	244605	N i n j a 1 8 0	marche	les deux verites concordent	f3c1f9a8	SOUS_RESERVE	Satoru JZ
ls	a765f61d	248842	TRR Sleeker	marche	les deux verites concordent	da3b5ba4	VALIDE	Necrotixxx
ls	a765f61d	251563	Froggit Exodus	scan	les deux verites concordent	f3c1f9a8	SOUS_RESERVE	epicgoomby
ls	a765f61d	251565	epicgoomby	scan	les deux verites concordent	f3c1f9a8	SOUS_RESERVE	Froggit Exodus
ls	a765f61d	256549	Nuzzles	marche	les deux verites concordent	1f80502a	SOUS_RESERVE	Necrotixxx
ls	a765f61d	257935	Satoru JZ	marche	les deux verites concordent	f3c1f9a8	SOUS_RESERVE	SniperMcSniper2
ls	a765f61d	277471	TRR Sleeker	marche	les deux verites concordent	2ff92041	VALIDE	epicgoomby
ls	a765f61d	278072	epicgoomby	marche	les deux verites concordent	f3c1f9a8	SOUS_RESERVE	Nuzzles
ls	a765f61d	283077	Satoru JZ	marche	les deux verites concordent	da3b5ba4	VALIDE	SniperMcSniper2
ls	a765f61d	283744	SniperMcSniper2	marche	les deux verites concordent	f3c1f9a8	SOUS_RESERVE	Nuzzles
ls	a765f61d	284763	Froggit Exodus	marche	les deux verites concordent	2ff92041	VALIDE	N i n j a 1 8 0
ls	a765f61d	284962	N i n j a 1 8 0	marche	les deux verites concordent	f3c1f9a8	SOUS_RESERVE	Nuzzles
ls	a765f61d	289650	Necrotixxx	scan	les deux verites concordent	2ff92041	VALIDE	Nuzzles
ls	a765f61d	289651	Nuzzles	scan	les deux verites concordent	2ff92041	VALIDE	Necrotixxx
ls	a765f61d	302429	TRR Sleeker	marche	les deux verites concordent	da3b5ba4	VALIDE	SniperMcSniper2
ls	a765f61d	304232	Necrotixxx	marche	les deux verites concordent	f3c1f9a8	SOUS_RESERVE	Satoru JZ
ls	a765f61d	307018	N i n j a 1 8 0	marche	les deux verites concordent	daa03c35	VALIDE	Satoru JZ
ls	a765f61d	311640	epicgoomby	marche	les deux verites concordent	f3c1f9a8	SOUS_RESERVE	Froggit Exodus
ls	a765f61d	317578	Froggit Exodus	marche	les deux verites concordent	f3c1f9a8	SOUS_RESERVE	SniperMcSniper2
ls	a765f61d	318012	SniperMcSniper2	marche	les deux verites concordent	f3c1f9a8	SOUS_RESERVE	Nuzzles
ls	a765f61d	335330	Froggit Exodus	marche	les deux verites concordent	f3c1f9a8	SOUS_RESERVE	epicgoomby
ls	a765f61d	340317	epicgoomby	marche	les deux verites concordent	daa03c35	VALIDE	TRR Sleeker
ls	a765f61d	341385	Nuzzles	marche	les deux verites concordent	00404748	VALIDE	epicgoomby
ls	a765f61d	341386	TRR Sleeker	marche	les deux verites concordent	0000d627	VALIDE	epicgoomby
ls	a765f61d	343622	Necrotixxx	marche	les deux verites concordent	f3c1f9a8	SOUS_RESERVE	Satoru JZ
ls	a765f61d	349177	Satoru JZ	scan	les deux verites concordent	2ff92041	VALIDE	N i n j a 1 8 0
ls	a765f61d	349180	N i n j a 1 8 0	scan	les deux verites concordent	2ff92041	VALIDE	Satoru JZ
ls	a765f61d	362825	Nuzzles	marche	les deux verites concordent	f3c1f9a8	SOUS_RESERVE	Necrotixxx
ls	a765f61d	364609	epicgoomby	marche	les deux verites concordent	f3c1f9a8	SOUS_RESERVE	Froggit Exodus
ls	a765f61d	367528	SniperMcSniper2	marche	les deux verites concordent	daa03c35	VALIDE	TRR Sleeker
ls	a765f61d	371516	Satoru JZ	marche	les deux verites concordent	f3c1f9a8	SOUS_RESERVE	Necrotixxx
ls	a765f61d	376872	N i n j a 1 8 0	marche	les deux verites concordent	f3c1f9a8	SOUS_RESERVE	Froggit Exodus
ls	a765f61d	377507	TRR Sleeker	marche	les deux verites concordent	f3c1f9a8	SOUS_RESERVE	epicgoomby
ls	a765f61d	382127	Necrotixxx	marche	les deux verites concordent	f3c1f9a8	SOUS_RESERVE	Froggit Exodus
ls	a765f61d	385613	Froggit Exodus	marche	les deux verites concordent	f3c1f9a8	SOUS_RESERVE	epicgoomby
ls	a765f61d	388866	Nuzzles	marche	les deux verites concordent	f3c1f9a8	SOUS_RESERVE	SniperMcSniper2
ls	a765f61d	410576	Necrotixxx	marche	les deux verites concordent	f3c1f9a8	SOUS_RESERVE	Nuzzles
ls	a765f61d	414863	TRR Sleeker	marche	les deux verites concordent	f3c1f9a8	SOUS_RESERVE	N i n j a 1 8 0
ls	a765f61d	416648	Satoru JZ	marche	les deux verites concordent	f3c1f9a8	SOUS_RESERVE	epicgoomby
ls	a765f61d	418034	epicgoomby	marche	les deux verites concordent	f3c1f9a8	SOUS_RESERVE	Froggit Exodus
ls	a765f61d	430463	SniperMcSniper2	marche	les deux verites concordent	f3c1f9a8	SOUS_RESERVE	Nuzzles
ls	a765f61d	433949	epicgoomby	marche	les deux verites concordent	f3c1f9a8	SOUS_RESERVE	Satoru JZ
ls	a765f61d	436835	Nuzzles	marche	les deux verites concordent	f3c1f9a8	SOUS_RESERVE	N i n j a 1 8 0
ls	a765f61d	437135	Froggit Exodus	marche	les deux verites concordent	f3c1f9a8	SOUS_RESERVE	Necrotixxx
ls	a765f61d	446228	Necrotixxx	marche	les deux verites concordent	f3c1f9a8	SOUS_RESERVE	Satoru JZ
ls	a765f61d	449480	Satoru JZ	marche	les deux verites concordent	da3b5ba4	VALIDE	N i n j a 1 8 0
ls	a765f61d	451867	TRR Sleeker	marche	les deux verites concordent	daa03c35	VALIDE	epicgoomby
ls	a765f61d	458239	SniperMcSniper2	marche	les deux verites concordent	da3b5ba4	VALIDE	Froggit Exodus
ls	a765f61d	461009	Froggit Exodus	marche	les deux verites concordent	da3b5ba4	VALIDE	Necrotixxx
ls	a765f61d	465948	epicgoomby	marche	les deux verites concordent	f3c1f9a8	SOUS_RESERVE	Nuzzles
ls	a765f61d	466816	Necrotixxx	marche	les deux verites concordent	f3c1f9a8	SOUS_RESERVE	TRR Sleeker
ls	a765f61d	473372	N i n j a 1 8 0	marche	les deux verites concordent	f3c1f9a8	SOUS_RESERVE	Satoru JZ
ls	a765f61d	479979	Satoru JZ	marche	les deux verites concordent	f3c1f9a8	SOUS_RESERVE	SniperMcSniper2
ls	a765f61d	482849	Necrotixxx	marche	les deux verites concordent	f3c1f9a8	SOUS_RESERVE	Nuzzles
ls	a765f61d	490290	Froggit Exodus	marche	les deux verites concordent	f3c1f9a8	SOUS_RESERVE	N i n j a 1 8 0
ls	a765f61d	491440	SniperMcSniper2	marche	les deux verites concordent	f3c1f9a8	SOUS_RESERVE	Nuzzles
ls	a765f61d	500701	N i n j a 1 8 0	marche	les deux verites concordent	f3c1f9a8	SOUS_RESERVE	Satoru JZ
ls	a765f61d	505371	Nuzzles	marche	les deux verites concordent	f3c1f9a8	SOUS_RESERVE	Necrotixxx
ls	a765f61d	507023	Satoru JZ	marche	les deux verites concordent	f3c1f9a8	SOUS_RESERVE	SniperMcSniper2
ls	a765f61d	508091	Necrotixxx	marche	les deux verites concordent	f3c1f9a8	SOUS_RESERVE	Froggit Exodus
ls	a765f61d	510377	epicgoomby	marche	les deux verites concordent	f3c1f9a8	SOUS_RESERVE	Froggit Exodus
ls	a765f61d	521121	TRR Sleeker	marche	les deux verites concordent	f3c1f9a8	SOUS_RESERVE	SniperMcSniper2
ls	a765f61d	522555	SniperMcSniper2	marche	les deux verites concordent	da3b5ba4	VALIDE	Froggit Exodus
ls	a765f61d	529945	Froggit Exodus	marche	les deux verites concordent	da3b5ba4	VALIDE	N i n j a 1 8 0
ls	a765f61d	531114	epicgoomby	marche	les deux verites concordent	f3c1f9a8	SOUS_RESERVE	Nuzzles
ls	a765f61d	532465	Satoru JZ	marche	les deux verites concordent	f3c1f9a8	SOUS_RESERVE	Necrotixxx
ls	a765f61d	537921	TRR Sleeker	scan	les deux verites concordent	f3c1f9a8	SOUS_RESERVE	N i n j a 1 8 0
ls	a765f61d	542126	Nuzzles	marche	les deux verites concordent	f3c1f9a8	SOUS_RESERVE	SniperMcSniper2
ls	a765f61d	548530	Froggit Exodus	marche	les deux verites concordent	da3b5ba4	VALIDE	Necrotixxx
ls	a765f61d	551919	N i n j a 1 8 0	marche	les deux verites concordent	f3c1f9a8	SOUS_RESERVE	Satoru JZ
ls	a765f61d	555238	Necrotixxx	marche	les deux verites concordent	f3c1f9a8	SOUS_RESERVE	TRR Sleeker
ls	a765f61d	562579	epicgoomby	marche	les deux verites concordent	f3c1f9a8	SOUS_RESERVE	Satoru JZ
ls	a765f61d	569002	N i n j a 1 8 0	scan	les deux verites concordent	f3c1f9a8	SOUS_RESERVE	Nuzzles
ls	a765f61d	571205	SniperMcSniper2	marche	les deux verites concordent	f3c1f9a8	SOUS_RESERVE	Froggit Exodus
ls	a765f61d	578812	Nuzzles	marche	les deux verites concordent	f3c1f9a8	SOUS_RESERVE	Necrotixxx
ls	a765f61d	579663	Necrotixxx	marche	les deux verites concordent	f3c1f9a8	SOUS_RESERVE	Satoru JZ
ls	a765f61d	583601	Satoru JZ	marche	les deux verites concordent	f3c1f9a8	SOUS_RESERVE	epicgoomby
ls	a765f61d	585486	Froggit Exodus	marche	les deux verites concordent	f3c1f9a8	SOUS_RESERVE	N i n j a 1 8 0
ls	a765f61d	588805	N i n j a 1 8 0	marche	les deux verites concordent	f3c1f9a8	SOUS_RESERVE	TRR Sleeker
ls	a765f61d	591174	TRR Sleeker	marche	les deux verites concordent	f3c1f9a8	SOUS_RESERVE	SniperMcSniper2
ls	a765f61d	594894	epicgoomby	marche	les deux verites concordent	da3b5ba4	VALIDE	Nuzzles
ls	a765f61d	601702	Necrotixxx	marche	les deux verites concordent	daa03c35	VALIDE	Froggit Exodus
ls	a765f61d	607158	SniperMcSniper2	marche	les deux verites concordent	f3c1f9a8	SOUS_RESERVE	Satoru JZ
ls	a765f61d	615849	N i n j a 1 8 0	marche	les deux verites concordent	f3c1f9a8	SOUS_RESERVE	TRR Sleeker
ls	a765f61d	617268	Froggit Exodus	marche	les deux verites concordent	f3c1f9a8	SOUS_RESERVE	Necrotixxx
ls	a765f61d	617435	TRR Sleeker	marche	les deux verites concordent	f3c1f9a8	SOUS_RESERVE	epicgoomby
ls	a765f61d	621255	epicgoomby	marche	les deux verites concordent	f3c1f9a8	SOUS_RESERVE	Satoru JZ
ls	a765f61d	631631	Nuzzles	marche	les deux verites concordent	daa03c35	VALIDE	SniperMcSniper2
ls	a765f61d	636721	Froggit Exodus	marche	les deux verites concordent	f3c1f9a8	SOUS_RESERVE	N i n j a 1 8 0
ls	a765f61d	647115	Nuzzles	scan	les deux verites concordent	f3c1f9a8	SOUS_RESERVE	N i n j a 1 8 0
ls	a765f61d	647798	TRR Sleeker	marche	les deux verites concordent	daa03c35	VALIDE	epicgoomby
ls	a765f61d	651618	Necrotixxx	marche	les deux verites concordent	2ff92041	VALIDE	Satoru JZ
ls	a765f61d	655373	N i n j a 1 8 0	scan	les deux verites concordent	f3c1f9a8	SOUS_RESERVE	Satoru JZ
ls	a765f61d	657674	Froggit Exodus	marche	les deux verites concordent	f3c1f9a8	SOUS_RESERVE	epicgoomby
ls	a765f61d	667935	Satoru JZ	marche	les deux verites concordent	f3c1f9a8	SOUS_RESERVE	SniperMcSniper2
ls	a765f61d	673542	N i n j a 1 8 0	marche	les deux verites concordent	f3c1f9a8	SOUS_RESERVE	TRR Sleeker
ls	a765f61d	675159	Nuzzles	marche	les deux verites concordent	f3c1f9a8	SOUS_RESERVE	epicgoomby
ls	a765f61d	680699	Froggit Exodus	marche	les deux verites concordent	f3c1f9a8	SOUS_RESERVE	Necrotixxx
ls	a765f61d	684819	Satoru JZ	marche	les deux verites concordent	f3c1f9a8	SOUS_RESERVE	epicgoomby
ls	a765f61d	685319	TRR Sleeker	marche	les deux verites concordent	f3c1f9a8	SOUS_RESERVE	Necrotixxx
ls	a765f61d	700834	Necrotixxx	marche	les deux verites concordent	c8681ecf	VALIDE	Froggit Exodus
ls	a765f61d	701452	epicgoomby	marche	les deux verites concordent	f3c1f9a8	SOUS_RESERVE	Froggit Exodus
ls	a765f61d	702570	Nuzzles	marche	les deux verites concordent	f3c1f9a8	SOUS_RESERVE	SniperMcSniper2
ls	a765f61d	703555	SniperMcSniper2	marche	les deux verites concordent	f3c1f9a8	SOUS_RESERVE	Froggit Exodus
ls	a765f61d	703755	Froggit Exodus	marche	les deux verites concordent	f3c1f9a8	SOUS_RESERVE	N i n j a 1 8 0
ls	a765f61d	706324	N i n j a 1 8 0	marche	les deux verites concordent	f3c1f9a8	SOUS_RESERVE	TRR Sleeker
ls	a765f61d	723892	Necrotixxx	scan	les deux verites concordent	daa03c35	VALIDE	Satoru JZ
ls	a765f61d	726227	Nuzzles	marche	les deux verites concordent	f3c1f9a8	SOUS_RESERVE	SniperMcSniper2
ls	a765f61d	727895	TRR Sleeker	marche	les deux verites concordent	f3c1f9a8	SOUS_RESERVE	N i n j a 1 8 0
ls	a765f61d	729447	SniperMcSniper2	marche	les deux verites concordent	f3c1f9a8	SOUS_RESERVE	Froggit Exodus
ls	a765f61d	732700	Froggit Exodus	marche	les deux verites concordent	f3c1f9a8	SOUS_RESERVE	epicgoomby
ls	a765f61d	738408	epicgoomby	marche	les deux verites concordent	f3c1f9a8	SOUS_RESERVE	Satoru JZ
ls	a765f61d	743395	N i n j a 1 8 0	marche	les deux verites concordent	f3c1f9a8	SOUS_RESERVE	Nuzzles
ls	a765f61d	752403	Necrotixxx	marche	les deux verites concordent	da3b5ba4	VALIDE	Froggit Exodus
ls	a765f61d	753138	SniperMcSniper2	marche	les deux verites concordent	f3c1f9a8	SOUS_RESERVE	Nuzzles
ls	a765f61d	756024	Nuzzles	marche	les deux verites concordent	da3b5ba4	VALIDE	epicgoomby
ls	a765f61d	756943	epicgoomby	marche	les deux verites concordent	f3c1f9a8	SOUS_RESERVE	TRR Sleeker
ls	a765f61d	773993	N i n j a 1 8 0	marche	les deux verites concordent	f3c1f9a8	SOUS_RESERVE	TRR Sleeker
ls	a765f61d	775462	TRR Sleeker	marche	les deux verites concordent	f3c1f9a8	SOUS_RESERVE	Necrotixxx
ls	a765f61d	779616	SniperMcSniper2	marche	les deux verites concordent	f3c1f9a8	SOUS_RESERVE	Nuzzles
ls	a765f61d	779632	Nuzzles	marche	les deux verites concordent	f3c1f9a8	SOUS_RESERVE	SniperMcSniper2
ls	a765f61d	783736	epicgoomby	marche	les deux verites concordent	f3c1f9a8	SOUS_RESERVE	Satoru JZ
ls	a765f61d	785404	Necrotixxx	marche	les deux verites concordent	f3c1f9a8	SOUS_RESERVE	Satoru JZ
ls	a765f61d	794931	epicgoomby	marche	les deux verites concordent	7654f890	SOUS_RESERVE	Satoru JZ
ls	a765f61d	798786	N i n j a 1 8 0	marche	les deux verites concordent	f3c1f9a8	SOUS_RESERVE	TRR Sleeker
ls	a765f61d	805541	Froggit Exodus	marche	les deux verites concordent	f3c1f9a8	SOUS_RESERVE	SniperMcSniper2
ls	a765f61d	806759	SniperMcSniper2	marche	les deux verites concordent	f3c1f9a8	SOUS_RESERVE	Satoru JZ
ls	a765f61d	809529	Necrotixxx	marche	les deux verites concordent	f3c1f9a8	SOUS_RESERVE	TRR Sleeker
ls	a765f61d	820556	N i n j a 1 8 0	marche	les deux verites concordent	f3c1f9a8	SOUS_RESERVE	Froggit Exodus
ls	a765f61d	823209	epicgoomby	marche	les deux verites concordent	f3c1f9a8	SOUS_RESERVE	Nuzzles
ls	a765f61d	826413	Froggit Exodus	marche	les deux verites concordent	f3c1f9a8	SOUS_RESERVE	Necrotixxx
ls	a765f61d	828899	SniperMcSniper2	marche	les deux verites concordent	f3c1f9a8	SOUS_RESERVE	Nuzzles
ls	a765f61d	830884	Necrotixxx	marche	les deux verites concordent	f3c1f9a8	SOUS_RESERVE	TRR Sleeker
ls	a765f61d	840794	N i n j a 1 8 0	marche	les deux verites concordent	f3c1f9a8	SOUS_RESERVE	Satoru JZ
ls	a765f61d	843130	epicgoomby	marche	les deux verites concordent	f3c1f9a8	SOUS_RESERVE	Froggit Exodus
ls	a765f61d	867492	Satoru JZ	marche	les deux verites concordent	f3c1f9a8	SOUS_RESERVE	N i n j a 1 8 0
ls	a765f61d	870211	Necrotixxx	marche	les deux verites concordent	f3c1f9a8	SOUS_RESERVE	Nuzzles
ls	a765f61d	871930	Froggit Exodus	scan	les deux verites concordent	f3c1f9a8	SOUS_RESERVE	SniperMcSniper2
ls	a765f61d	876400	TRR Sleeker	marche	les deux verites concordent	f3c1f9a8	SOUS_RESERVE	SniperMcSniper2
ls	a765f61d	878419	N i n j a 1 8 0	scan	les deux verites concordent	2ff92041	VALIDE	Nuzzles
ls	a765f61d	879153	Nuzzles	marche	les deux verites concordent	f3c1f9a8	SOUS_RESERVE	SniperMcSniper2
ls	a765f61d	894118	Necrotixxx	marche	les deux verites concordent	f3c1f9a8	SOUS_RESERVE	Satoru JZ
ls	a765f61d	896337	SniperMcSniper2	marche	les deux verites concordent	f3c1f9a8	SOUS_RESERVE	Nuzzles
ls	a765f61d	898640	TRR Sleeker	marche	les deux verites concordent	f3c1f9a8	SOUS_RESERVE	N i n j a 1 8 0
ls	a765f61d	908583	Froggit Exodus	marche	les deux verites concordent	000027cc	VALIDE	epicgoomby
ls	a765f61d	911819	epicgoomby	marche	les deux verites concordent	7654f890	SOUS_RESERVE	Satoru JZ
ls	a765f61d	913088	Satoru JZ	marche	les deux verites concordent	f3c1f9a8	SOUS_RESERVE	Necrotixxx
ls	a765f61d	913988	N i n j a 1 8 0	marche	les deux verites concordent	f3c1f9a8	SOUS_RESERVE	TRR Sleeker
ls	a765f61d	915222	Necrotixxx	marche	les deux verites concordent	f3c1f9a8	SOUS_RESERVE	Nuzzles
ls	a765f61d	925100	SniperMcSniper2	marche	les deux verites concordent	f3c1f9a8	SOUS_RESERVE	Froggit Exodus
ls	a765f61d	934692	epicgoomby	marche	les deux verites concordent	f3c1f9a8	SOUS_RESERVE	TRR Sleeker
ls	a765f61d	936594	TRR Sleeker	marche	les deux verites concordent	daa03c35	VALIDE	N i n j a 1 8 0
ls	a765f61d	943101	Necrotixxx	marche	les deux verites concordent	f3c1f9a8	SOUS_RESERVE	Froggit Exodus
ls	a765f61d	945553	Nuzzles	marche	les deux verites concordent	f3c1f9a8	SOUS_RESERVE	SniperMcSniper2
ls	a765f61d	951174	Froggit Exodus	marche	les deux verites concordent	0000d627	VALIDE	N i n j a 1 8 0
ls	a765f61d	953728	Satoru JZ	scan	les deux verites concordent	2ff92041	VALIDE	N i n j a 1 8 0
ls	a765f61d	954612	N i n j a 1 8 0	marche	les deux verites concordent	f3c1f9a8	SOUS_RESERVE	TRR Sleeker
ls	a765f61d	966541	TRR Sleeker	marche	les deux verites concordent	f3c1f9a8	SOUS_RESERVE	SniperMcSniper2
ls	a765f61d	967643	Nuzzles	marche	les deux verites concordent	f3c1f9a8	SOUS_RESERVE	Necrotixxx
ls	a765f61d	968477	SniperMcSniper2	marche	les deux verites concordent	f3c1f9a8	SOUS_RESERVE	Froggit Exodus
ls	a765f61d	973048	epicgoomby	marche	les deux verites concordent	f3c1f9a8	SOUS_RESERVE	Satoru JZ
ls	a765f61d	973298	Satoru JZ	marche	les deux verites concordent	f3c1f9a8	SOUS_RESERVE	Necrotixxx
ls	a765f61d	980822	N i n j a 1 8 0	marche	les deux verites concordent	f3c1f9a8	SOUS_RESERVE	Froggit Exodus
ls	a765f61d	997273	Satoru JZ	marche	les deux verites concordent	177a79ee	SOUS_RESERVE	epicgoomby
ls	a765f61d	1000391	Necrotixxx	marche	les deux verites concordent	daa03c35	VALIDE	Nuzzles
ls	a765f61d	1000408	epicgoomby	marche	les deux verites concordent	f3c1f9a8	SOUS_RESERVE	Froggit Exodus
ls	a765f61d	1011586	Nuzzles	marche	les deux verites concordent	f3c1f9a8	SOUS_RESERVE	SniperMcSniper2
ls	a765f61d	1012036	SniperMcSniper2	marche	les deux verites concordent	f3c1f9a8	SOUS_RESERVE	Satoru JZ
ls	a765f61d	1014973	N i n j a 1 8 0	marche	les deux verites concordent	f3c1f9a8	SOUS_RESERVE	Satoru JZ
ls	a765f61d	1016458	Froggit Exodus	marche	les deux verites concordent	f3c1f9a8	SOUS_RESERVE	Necrotixxx
ls	a765f61d	1022497	Necrotixxx	marche	les deux verites concordent	f3c1f9a8	SOUS_RESERVE	Satoru JZ
ls	a765f61d	1029754	TRR Sleeker	marche	les deux verites concordent	daa03c35	VALIDE	epicgoomby
ls	a765f61d	1033909	Satoru JZ	marche	les deux verites concordent	f3c1f9a8	SOUS_RESERVE	SniperMcSniper2
ls	a765f61d	1037629	Froggit Exodus	marche	les deux verites concordent	f3c1f9a8	SOUS_RESERVE	N i n j a 1 8 0
ls	a765f61d	1039681	N i n j a 1 8 0	marche	les deux verites concordent	f3c1f9a8	SOUS_RESERVE	Nuzzles
ls	a765f61d	1039981	Nuzzles	marche	les deux verites concordent	f3c1f9a8	SOUS_RESERVE	Necrotixxx
ls	a765f61d	1044236	TRR Sleeker	marche	les deux verites concordent	f3c1f9a8	SOUS_RESERVE	epicgoomby
ls	a765f61d	1056064	N i n j a 1 8 0	marche	les deux verites concordent	f3c1f9a8	SOUS_RESERVE	Nuzzles
ls	a765f61d	1060336	Satoru JZ	marche	les deux verites concordent	f3c1f9a8	SOUS_RESERVE	epicgoomby
ls	a765f61d	1061937	epicgoomby	marche	les deux verites concordent	f3c1f9a8	SOUS_RESERVE	Froggit Exodus
ls	a765f61d	1064055	TRR Sleeker	marche	les deux verites concordent	daa03c35	VALIDE	Necrotixxx
ls	a765f61d	1067609	Necrotixxx	marche	les deux verites concordent	f3c1f9a8	SOUS_RESERVE	Nuzzles
ls	a765f61d	1068977	SniperMcSniper2	marche	les deux verites concordent	f3c1f9a8	SOUS_RESERVE	Froggit Exodus
ls	a765f61d	1077638	Nuzzles	marche	les deux verites concordent	f3c1f9a8	SOUS_RESERVE	epicgoomby
ls	a765f61d	1079188	Froggit Exodus	marche	les deux verites concordent	f3c1f9a8	SOUS_RESERVE	epicgoomby
ls	a765f61d	1082808	epicgoomby	marche	les deux verites concordent	f3c1f9a8	SOUS_RESERVE	TRR Sleeker
ls	a765f61d	1083291	N i n j a 1 8 0	marche	les deux verites concordent	f3c1f9a8	SOUS_RESERVE	Satoru JZ
ls	a765f61d	1087112	TRR Sleeker	marche	les deux verites concordent	f3c1f9a8	SOUS_RESERVE	SniperMcSniper2
ls	a765f61d	1090365	SniperMcSniper2	marche	les deux verites concordent	f3c1f9a8	SOUS_RESERVE	Nuzzles
ls	a765f61d	1093151	Necrotixxx	marche	les deux verites concordent	f3c1f9a8	SOUS_RESERVE	Nuzzles
ls	a765f61d	1100125	N i n j a 1 8 0	marche	les deux verites concordent	daa03c35	VALIDE	Nuzzles
ls	a765f61d	1104597	TRR Sleeker	marche	les deux verites concordent	f3c1f9a8	SOUS_RESERVE	epicgoomby
ls	a765f61d	1104664	epicgoomby	scan	les deux verites concordent	f3c1f9a8	SOUS_RESERVE	Nuzzles
ls	a765f61d	1106681	Nuzzles	marche	les deux verites concordent	da3b5ba4	VALIDE	SniperMcSniper2
ls	a765f61d	1115524	Satoru JZ	scan	les deux verites concordent	f3c1f9a8	SOUS_RESERVE	N i n j a 1 8 0
ls	a765f61d	1126852	TRR Sleeker	marche	les deux verites concordent	f3c1f9a8	SOUS_RESERVE	epicgoomby
ls	a765f61d	1130990	SniperMcSniper2	scan	les deux verites concordent	f3c1f9a8	SOUS_RESERVE	Satoru JZ
ls	a765f61d	1135844	epicgoomby	marche	les deux verites concordent	f3c1f9a8	SOUS_RESERVE	Satoru JZ
ls	a765f61d	1136613	Froggit Exodus	scan	les deux verites concordent	f3c1f9a8	SOUS_RESERVE	Necrotixxx
ls	a765f61d	1140099	Nuzzles	marche	les deux verites concordent	2ff92041	VALIDE	Necrotixxx
ls	a765f61d	1142602	Necrotixxx	scan	les deux verites concordent	f3c1f9a8	SOUS_RESERVE	Satoru JZ
ls	a765f61d	1143535	N i n j a 1 8 0	marche	les deux verites concordent	f3c1f9a8	SOUS_RESERVE	Satoru JZ
ls	a765f61d	1154597	SniperMcSniper2	scan	les deux verites concordent	f3c1f9a8	SOUS_RESERVE	Satoru JZ
ls	a765f61d	1155131	epicgoomby	scan	les deux verites concordent	f3c1f9a8	SOUS_RESERVE	Froggit Exodus
ls	a765f61d	1160002	Necrotixxx	scan	les deux verites concordent	f3c1f9a8	SOUS_RESERVE	Froggit Exodus
ls	a765f61d	1169562	Nuzzles	marche	les deux verites concordent	f3c1f9a8	SOUS_RESERVE	N i n j a 1 8 0
ls	a765f61d	1169612	N i n j a 1 8 0	marche	les deux verites concordent	f3c1f9a8	SOUS_RESERVE	Nuzzles
ls	a765f61d	1174501	Froggit Exodus	marche	les deux verites concordent	f3c1f9a8	SOUS_RESERVE	SniperMcSniper2
ls	a765f61d	1174934	SniperMcSniper2	scan	les deux verites concordent	f3c1f9a8	SOUS_RESERVE	Satoru JZ
ls	a765f61d	1179972	Satoru JZ	marche	les deux verites concordent	f3c1f9a8	SOUS_RESERVE	Necrotixxx
ls	a765f61d	1185428	TRR Sleeker	marche	les deux verites concordent	f3c1f9a8	SOUS_RESERVE	N i n j a 1 8 0
ls	a765f61d	1195488	SniperMcSniper2	scan	les deux verites concordent	f3c1f9a8	SOUS_RESERVE	Nuzzles
ls	a765f61d	1198708	Froggit Exodus	scan	les deux verites concordent	f3c1f9a8	SOUS_RESERVE	N i n j a 1 8 0
ls	a765f61d	1199192	Necrotixxx	marche	les deux verites concordent	f3c1f9a8	SOUS_RESERVE	Satoru JZ
ls	a765f61d	1200477	Satoru JZ	marche	les deux verites concordent	f3c1f9a8	SOUS_RESERVE	epicgoomby
ls	a765f61d	1208501	Nuzzles	marche	les deux verites concordent	f3c1f9a8	SOUS_RESERVE	N i n j a 1 8 0
ls	a765f61d	1209986	N i n j a 1 8 0	scan	les deux verites concordent	2ff92041	VALIDE	TRR Sleeker
ls	a765f61d	1212639	TRR Sleeker	marche	les deux verites concordent	f3c1f9a8	SOUS_RESERVE	epicgoomby
ls	a765f61d	1217428	Froggit Exodus	scan	les deux verites concordent	f3c1f9a8	SOUS_RESERVE	Necrotixxx
ls	a765f61d	1222516	SniperMcSniper2	marche	les deux verites concordent	f3c1f9a8	SOUS_RESERVE	Satoru JZ
ls	a765f61d	1224068	Satoru JZ	marche	les deux verites concordent	f3c1f9a8	SOUS_RESERVE	epicgoomby
ls	af3af607	43455	Spec1aLisT	marche	les deux verites concordent	f3c1f9a8	SOUS_RESERVE	Creure
ls	af3af607	44089	iPredatorLss263	marche	les deux verites concordent	f3c1f9a8	SOUS_RESERVE	Kinguui
ls	af3af607	49411	Kinguui	marche	les deux verites concordent	f3c1f9a8	SOUS_RESERVE	Creure
ls	af3af607	57002	Rs0tt	marche	les deux verites concordent	f3c1f9a8	SOUS_RESERVE	Spec1aLisT
ls	af3af607	61690	iPredatorLss263	marche	les deux verites concordent	7654f890	SOUS_RESERVE	ForGetAboutIt69
ls	af3af607	69148	ForGetAboutIt69	marche	les deux verites concordent	f3c1f9a8	SOUS_RESERVE	Creure
ls	af3af607	72685	GTB Beast	marche	les deux verites concordent	f3c1f9a8	SOUS_RESERVE	Spec1aLisT
ls	af3af607	89335	Rs0tt	marche	les deux verites concordent	daa03c35	VALIDE	Spec1aLisT
ls	af3af607	94373	iPredatorLss263	marche	les deux verites concordent	f3c1f9a8	SOUS_RESERVE	Spec1aLisT
ls	af3af607	106502	Rs0tt	marche	les deux verites concordent	f3c1f9a8	SOUS_RESERVE	Spec1aLisT
ls	af3af607	107719	Creure	marche	les deux verites concordent	daa03c35	VALIDE	Nuzzles
ls	af3af607	118513	GTB Beast	marche	les deux verites concordent	f3c1f9a8	SOUS_RESERVE	ForGetAboutIt69
ls	af3af607	124435	iPredatorLss263	marche	les deux verites concordent	f3c1f9a8	SOUS_RESERVE	ForGetAboutIt69
ls	af3af607	127488	Kinguui	marche	les deux verites concordent	f3c1f9a8	SOUS_RESERVE	Creure
ls	af3af607	130692	Rs0tt	marche	les deux verites concordent	f3c1f9a8	SOUS_RESERVE	Spec1aLisT
ls	af3af607	145790	ForGetAboutIt69	marche	les deux verites concordent	daa03c35	VALIDE	GTB Beast
ls	af3af607	147325	Spec1aLisT	marche	les deux verites concordent	0000b29c	SOUS_RESERVE	GTB Beast
ls	af3af607	149728	GTB Beast	marche	les deux verites concordent	f3c1f9a8	SOUS_RESERVE	Nuzzles
ls	af3af607	152630	Creure	marche	les deux verites concordent	f3c1f9a8	SOUS_RESERVE	Nuzzles
ls	af3af607	153297	iPredatorLss263	marche	les deux verites concordent	f3c1f9a8	SOUS_RESERVE	Kinguui
ls	af3af607	160421	Rs0tt	marche	les deux verites concordent	f3c1f9a8	SOUS_RESERVE	Nuzzles
ls	af3af607	169581	Creure	scan	les deux verites concordent	f3c1f9a8	SOUS_RESERVE	Spec1aLisT
ls	af3af607	170648	Spec1aLisT	marche	les deux verites concordent	f3c1f9a8	SOUS_RESERVE	GTB Beast
ls	af3af607	174669	Kinguui	marche	les deux verites concordent	f3c1f9a8	SOUS_RESERVE	GTB Beast
ls	af3af607	174902	GTB Beast	marche	les deux verites concordent	f3c1f9a8	SOUS_RESERVE	Nuzzles
ls	af3af607	180041	Nuzzles	marche	les deux verites concordent	f3c1f9a8	SOUS_RESERVE	iPredatorLss263
ls	af3af607	186865	Rs0tt	marche	les deux verites concordent	f3c1f9a8	SOUS_RESERVE	Spec1aLisT
ls	af3af607	186931	Spec1aLisT	scan	les deux verites concordent	f3c1f9a8	SOUS_RESERVE	Rs0tt
ls	af3af607	189301	Kinguui	scan	les deux verites concordent	f3c1f9a8	SOUS_RESERVE	iPredatorLss263
ls	af3af607	196960	iPredatorLss263	marche	les deux verites concordent	f3c1f9a8	SOUS_RESERVE	Nuzzles
ls	af3af607	197458	ForGetAboutIt69	marche	les deux verites concordent	f3c1f9a8	SOUS_RESERVE	GTB Beast
ls	af3af607	202564	Rs0tt	marche	les deux verites concordent	f3c1f9a8	SOUS_RESERVE	Kinguui
ls	af3af607	204866	Nuzzles	marche	les deux verites concordent	f3c1f9a8	SOUS_RESERVE	GTB Beast
ls	af3af607	206451	Kinguui	marche	les deux verites concordent	f3c1f9a8	SOUS_RESERVE	Creure
ls	af3af607	214926	Spec1aLisT	marche	les deux verites concordent	f3c1f9a8	SOUS_RESERVE	iPredatorLss263
ls	af3af607	218714	Nuzzles	marche	les deux verites concordent	f3c1f9a8	SOUS_RESERVE	iPredatorLss263
ls	af3af607	221050	iPredatorLss263	marche	les deux verites concordent	f3c1f9a8	SOUS_RESERVE	ForGetAboutIt69
ls	af3af607	223969	ForGetAboutIt69	marche	les deux verites concordent	f3c1f9a8	SOUS_RESERVE	GTB Beast
ls	af3af607	224219	Creure	marche	les deux verites concordent	f3c1f9a8	SOUS_RESERVE	Kinguui
ls	af3af607	231026	Rs0tt	marche	les deux verites concordent	f3c1f9a8	SOUS_RESERVE	Spec1aLisT
ls	af3af607	237783	Spec1aLisT	marche	les deux verites concordent	f3c1f9a8	SOUS_RESERVE	iPredatorLss263
ls	af3af607	239701	ForGetAboutIt69	marche	les deux verites concordent	f3c1f9a8	SOUS_RESERVE	Creure
ls	af3af607	239968	iPredatorLss263	marche	les deux verites concordent	f3c1f9a8	SOUS_RESERVE	Kinguui
ls	af3af607	246225	GTB Beast	marche	les deux verites concordent	f3c1f9a8	SOUS_RESERVE	Nuzzles
ls	af3af607	252781	Creure	marche	les deux verites concordent	f3c1f9a8	SOUS_RESERVE	ForGetAboutIt69
ls	af3af607	254066	Kinguui	marche	les deux verites concordent	f3c1f9a8	SOUS_RESERVE	Rs0tt
ls	af3af607	254833	Spec1aLisT	marche	les deux verites concordent	f3c1f9a8	SOUS_RESERVE	iPredatorLss263
ls	af3af607	256268	Rs0tt	marche	les deux verites concordent	f3c1f9a8	SOUS_RESERVE	ForGetAboutIt69
ls	af3af607	268079	ForGetAboutIt69	marche	les deux verites concordent	f3c1f9a8	SOUS_RESERVE	iPredatorLss263
ls	af3af607	268847	GTB Beast	marche	les deux verites concordent	f3c1f9a8	SOUS_RESERVE	Kinguui
ls	af3af607	269465	iPredatorLss263	marche	les deux verites concordent	f3c1f9a8	SOUS_RESERVE	Spec1aLisT
ls	af3af607	274203	Rs0tt	marche	les deux verites concordent	f3c1f9a8	SOUS_RESERVE	Nuzzles
ls	af3af607	281727	Creure	marche	les deux verites concordent	7654f890	SOUS_RESERVE	Nuzzles
ls	af3af607	288767	GTB Beast	marche	les deux verites concordent	f3c1f9a8	SOUS_RESERVE	Spec1aLisT
ls	af3af607	290352	Spec1aLisT	marche	les deux verites concordent	f3c1f9a8	SOUS_RESERVE	Rs0tt
ls	af3af607	291070	iPredatorLss263	marche	les deux verites concordent	f3c1f9a8	SOUS_RESERVE	Kinguui
ls	af3af607	306051	Spec1aLisT	scan	les deux verites concordent	f3c1f9a8	SOUS_RESERVE	GTB Beast
ls	af3af607	308571	Kinguui	marche	les deux verites concordent	f3c1f9a8	SOUS_RESERVE	Rs0tt
ls	af3af607	314126	iPredatorLss263	marche	les deux verites concordent	7654f890	SOUS_RESERVE	Nuzzles
ls	af3af607	324570	ForGetAboutIt69	marche	les deux verites concordent	f3c1f9a8	SOUS_RESERVE	Rs0tt
ls	af3af607	325304	Nuzzles	marche	les deux verites concordent	daa03c35	VALIDE	GTB Beast
ls	af3af607	329691	GTB Beast	marche	les deux verites concordent	f3c1f9a8	SOUS_RESERVE	Spec1aLisT
ls	af3af607	330559	Spec1aLisT	marche	les deux verites concordent	f3c1f9a8	SOUS_RESERVE	Creure
ls	af3af607	333344	Kinguui	marche	les deux verites concordent	da3b5ba4	VALIDE	iPredatorLss263
ls	af3af607	344207	ForGetAboutIt69	marche	les deux verites concordent	f3c1f9a8	SOUS_RESERVE	iPredatorLss263
ls	af3af607	348327	Spec1aLisT	scan	les deux verites concordent	f3c1f9a8	SOUS_RESERVE	iPredatorLss263
ls	af3af607	349512	Nuzzles	marche	les deux verites concordent	f3c1f9a8	SOUS_RESERVE	Rs0tt
ls	af3af607	349896	GTB Beast	marche	les deux verites concordent	f3c1f9a8	SOUS_RESERVE	Kinguui
ls	af3af607	360439	ForGetAboutIt69	marche	les deux verites concordent	f3c1f9a8	SOUS_RESERVE	iPredatorLss263
ls	af3af607	364910	iPredatorLss263	marche	les deux verites concordent	f3c1f9a8	SOUS_RESERVE	Nuzzles
ls	af3af607	365745	Rs0tt	marche	les deux verites concordent	f3c1f9a8	SOUS_RESERVE	Kinguui
ls	af3af607	368865	GTB Beast	marche	les deux verites concordent	f3c1f9a8	SOUS_RESERVE	Nuzzles
ls	af3af607	376004	Creure	scan	source appartenant a la victime	00404748	VALIDE	Spec1aLisT
ls	af3af607	376006	Nuzzles	scan	les deux verites concordent	0000d627	VALIDE	Creure
ls	af3af607	384898	Rs0tt	marche	les deux verites concordent	f3c1f9a8	SOUS_RESERVE	ForGetAboutIt69
ls	af3af607	386466	GTB Beast	marche	les deux verites concordent	f3c1f9a8	SOUS_RESERVE	Kinguui
ls	af3af607	403132	Kinguui	marche	les deux verites concordent	daa03c35	VALIDE	Creure
ls	af3af607	404951	Rs0tt	marche	les deux verites concordent	f3c1f9a8	SOUS_RESERVE	Nuzzles
ls	af3af607	406486	GTB Beast	marche	les deux verites concordent	f3c1f9a8	SOUS_RESERVE	Spec1aLisT
ls	af3af607	411407	Nuzzles	marche	les deux verites concordent	f3c1f9a8	SOUS_RESERVE	iPredatorLss263
ls	af3af607	413743	iPredatorLss263	marche	les deux verites concordent	f3c1f9a8	SOUS_RESERVE	ForGetAboutIt69
ls	af3af607	417914	ForGetAboutIt69	marche	les deux verites concordent	7654f890	SOUS_RESERVE	Creure
ls	af3af607	423102	Spec1aLisT	marche	les deux verites concordent	f3c1f9a8	SOUS_RESERVE	Rs0tt
ls	af3af607	430509	Kinguui	marche	les deux verites concordent	f3c1f9a8	SOUS_RESERVE	Rs0tt
ls	af3af607	432462	iPredatorLss263	marche	les deux verites concordent	f3c1f9a8	SOUS_RESERVE	Nuzzles
ls	af3af607	440837	GTB Beast	marche	les deux verites concordent	f3c1f9a8	SOUS_RESERVE	Spec1aLisT
ls	af3af607	443339	Rs0tt	marche	les deux verites concordent	f3c1f9a8	SOUS_RESERVE	Spec1aLisT
ls	af3af607	449078	iPredatorLss263	scan	les deux verites concordent	f3c1f9a8	SOUS_RESERVE	Kinguui
ls	af3af607	452465	Creure	marche	les deux verites concordent	f3c1f9a8	SOUS_RESERVE	Kinguui
ls	af3af607	458356	GTB Beast	marche	les deux verites concordent	f3c1f9a8	SOUS_RESERVE	Spec1aLisT
ls	af3af607	458672	Rs0tt	marche	les deux verites concordent	f3c1f9a8	SOUS_RESERVE	Kinguui
ls	af3af607	468500	Spec1aLisT	scan	les deux verites concordent	f3c1f9a8	SOUS_RESERVE	iPredatorLss263
ls	af3af607	468502	Nuzzles	scan	les deux verites concordent	f3c1f9a8	SOUS_RESERVE	Creure
ls	af3af607	493188	Rs0tt	marche	les deux verites concordent	f3c1f9a8	SOUS_RESERVE	Kinguui
ls	af3af607	494039	Kinguui	marche	les deux verites concordent	f3c1f9a8	SOUS_RESERVE	GTB Beast
ls	af3af607	498159	GTB Beast	marche	les deux verites concordent	f3c1f9a8	SOUS_RESERVE	Spec1aLisT
ls	af3af607	502831	ForGetAboutIt69	marche	les deux verites concordent	f3c1f9a8	SOUS_RESERVE	Creure
ls	af3af607	504883	Creure	marche	les deux verites concordent	f3c1f9a8	SOUS_RESERVE	Spec1aLisT
ls	af3af607	515861	Nuzzles	marche	les deux verites concordent	f3c1f9a8	SOUS_RESERVE	Rs0tt
ls	af3af607	518330	Spec1aLisT	marche	les deux verites concordent	7654f890	SOUS_RESERVE	iPredatorLss263
ls	af3af607	521517	ForGetAboutIt69	marche	les deux verites concordent	f3c1f9a8	SOUS_RESERVE	Creure
ls	af3af607	527790	Kinguui	marche	les deux verites concordent	f3c1f9a8	SOUS_RESERVE	Rs0tt
ls	af3af607	537383	ForGetAboutIt69	marche	les deux verites concordent	f3c1f9a8	SOUS_RESERVE	Creure
ls	af3af607	542638	Rs0tt	marche	les deux verites concordent	f3c1f9a8	SOUS_RESERVE	Kinguui
ls	af3af607	547509	Creure	marche	les deux verites concordent	f3c1f9a8	SOUS_RESERVE	Kinguui
ls	af3af607	549028	Nuzzles	marche	les deux verites concordent	7654f890	SOUS_RESERVE	iPredatorLss263
ls	af3af607	550079	GTB Beast	marche	les deux verites concordent	f3c1f9a8	SOUS_RESERVE	Spec1aLisT
ls	af3af607	553265	Spec1aLisT	marche	les deux verites concordent	7654f890	SOUS_RESERVE	iPredatorLss263
ls	af3af607	557252	iPredatorLss263	marche	les deux verites concordent	f3c1f9a8	SOUS_RESERVE	Kinguui
ls	af3af607	565978	Rs0tt	marche	les deux verites concordent	f3c1f9a8	SOUS_RESERVE	ForGetAboutIt69
ls	af3af607	567980	GTB Beast	scan	les deux verites concordent	daa03c35	VALIDE	Kinguui
ls	af3af607	569465	Creure	marche	les deux verites concordent	f3c1f9a8	SOUS_RESERVE	Nuzzles
ls	af3af607	581310	GTB Beast	marche	les deux verites concordent	f3c1f9a8	SOUS_RESERVE	Kinguui
ls	af3af607	585746	Spec1aLisT	marche	les deux verites concordent	da3b5ba4	VALIDE	Rs0tt
ls	af3af607	589702	ForGetAboutIt69	marche	les deux verites concordent	f3c1f9a8	SOUS_RESERVE	Rs0tt
ls	af3af607	594189	Nuzzles	marche	les deux verites concordent	f3c1f9a8	SOUS_RESERVE	iPredatorLss263
ls	af3af607	599093	Kinguui	marche	les deux verites concordent	da3b5ba4	VALIDE	iPredatorLss263
ls	af3af607	602398	Spec1aLisT	marche	les deux verites concordent	f3c1f9a8	SOUS_RESERVE	iPredatorLss263
ls	af3af607	611624	ForGetAboutIt69	marche	les deux verites concordent	f3c1f9a8	SOUS_RESERVE	GTB Beast
ls	af3af607	611857	iPredatorLss263	marche	les deux verites concordent	f3c1f9a8	SOUS_RESERVE	Nuzzles
ls	af3af607	618496	Nuzzles	marche	les deux verites concordent	f3c1f9a8	SOUS_RESERVE	GTB Beast
ls	af3af607	619731	GTB Beast	marche	les deux verites concordent	f3c1f9a8	SOUS_RESERVE	Spec1aLisT
ls	af3af607	630976	Rs0tt	marche	les deux verites concordent	f3c1f9a8	SOUS_RESERVE	Spec1aLisT
ls	af3af607	632745	Creure	marche	les deux verites concordent	f3c1f9a8	SOUS_RESERVE	Kinguui
ls	af3af607	635546	ForGetAboutIt69	marche	les deux verites concordent	da3b5ba4	VALIDE	GTB Beast
ls	af3af607	640302	Nuzzles	marche	les deux verites concordent	f3c1f9a8	SOUS_RESERVE	iPredatorLss263
ls	af3af607	644840	Kinguui	marche	les deux verites concordent	f3c1f9a8	SOUS_RESERVE	iPredatorLss263
ls	af3af607	649261	iPredatorLss263	marche	les deux verites concordent	f3c1f9a8	SOUS_RESERVE	Spec1aLisT
ls	af3af607	649394	ForGetAboutIt69	scan	les deux verites concordent	f3c1f9a8	SOUS_RESERVE	Rs0tt
ls	af3af607	653031	GTB Beast	marche	les deux verites concordent	f3c1f9a8	SOUS_RESERVE	Spec1aLisT
ls	af3af607	653515	Spec1aLisT	marche	les deux verites concordent	f3c1f9a8	SOUS_RESERVE	Creure
ls	af3af607	668047	ForGetAboutIt69	marche	les deux verites concordent	f3c1f9a8	SOUS_RESERVE	Rs0tt
ls	af3af607	670182	Rs0tt	marche	les deux verites concordent	f3c1f9a8	SOUS_RESERVE	Kinguui
ls	af3af607	671884	iPredatorLss263	marche	les deux verites concordent	f3c1f9a8	SOUS_RESERVE	Spec1aLisT
ls	af3af607	672201	Spec1aLisT	marche	les deux verites concordent	f3c1f9a8	SOUS_RESERVE	GTB Beast
ls	af3af607	676738	Creure	marche	les deux verites concordent	f3c1f9a8	SOUS_RESERVE	Kinguui
ls	af3af607	685397	Nuzzles	marche	les deux verites concordent	f3c1f9a8	SOUS_RESERVE	Rs0tt
ls	af3af607	690102	Spec1aLisT	marche	les deux verites concordent	f3c1f9a8	SOUS_RESERVE	iPredatorLss263
ls	af3af607	697526	ForGetAboutIt69	marche	les deux verites concordent	f3c1f9a8	SOUS_RESERVE	Rs0tt
ls	af3af607	699645	GTB Beast	marche	les deux verites concordent	f3c1f9a8	SOUS_RESERVE	Kinguui
ls	af3af607	702448	Kinguui	marche	les deux verites concordent	f3c1f9a8	SOUS_RESERVE	iPredatorLss263
ls	af3af607	703800	Nuzzles	marche	les deux verites concordent	f3c1f9a8	SOUS_RESERVE	Creure
ls	af3af607	713242	Creure	marche	les deux verites concordent	f3c1f9a8	SOUS_RESERVE	Spec1aLisT
ls	af3af607	716863	Spec1aLisT	marche	les deux verites concordent	f3c1f9a8	SOUS_RESERVE	iPredatorLss263
ls	af3af607	720716	iPredatorLss263	marche	les deux verites concordent	f3c1f9a8	SOUS_RESERVE	Nuzzles
ls	af3af607	727223	Kinguui	marche	les deux verites concordent	f3c1f9a8	SOUS_RESERVE	Rs0tt
ls	af3af607	729442	ForGetAboutIt69	marche	les deux verites concordent	f3c1f9a8	SOUS_RESERVE	Creure
ls	af3af607	729542	Creure	scan	les deux verites concordent	f3c1f9a8	SOUS_RESERVE	Spec1aLisT
ls	af3af607	735447	Nuzzles	marche	les deux verites concordent	daa03c35	VALIDE	GTB Beast
ls	af3af607	737900	GTB Beast	marche	les deux verites concordent	2ff92041	VALIDE	Spec1aLisT
ls	af3af607	739018	Spec1aLisT	marche	les deux verites concordent	f3c1f9a8	SOUS_RESERVE	Rs0tt
ls	af3af607	744858	Kinguui	marche	les deux verites concordent	f3c1f9a8	SOUS_RESERVE	Creure
ls	af3af607	749996	ForGetAboutIt69	marche	les deux verites concordent	f3c1f9a8	SOUS_RESERVE	Rs0tt
ls	af3af607	757003	Spec1aLisT	marche	les deux verites concordent	f3c1f9a8	SOUS_RESERVE	iPredatorLss263
ls	af3af607	760873	Nuzzles	marche	les deux verites concordent	f3c1f9a8	SOUS_RESERVE	Creure
ls	af3af607	760875	GTB Beast	marche	les deux verites concordent	f3c1f9a8	SOUS_RESERVE	Kinguui
ls	af3af607	774921	Creure	marche	les deux verites concordent	f3c1f9a8	SOUS_RESERVE	Nuzzles
ls	af3af607	776506	Spec1aLisT	marche	les deux verites concordent	f3c1f9a8	SOUS_RESERVE	iPredatorLss263
ls	af3af607	780826	iPredatorLss263	marche	les deux verites concordent	f3c1f9a8	SOUS_RESERVE	Kinguui
ls	af3af607	783980	Rs0tt	marche	les deux verites concordent	f3c1f9a8	SOUS_RESERVE	Kinguui
ls	af3af607	790019	GTB Beast	marche	les deux verites concordent	2ff92041	VALIDE	Nuzzles
ls	af3af607	790020	Nuzzles	marche	les deux verites concordent	2ff92041	VALIDE	GTB Beast
ls	af3af607	796292	iPredatorLss263	marche	les deux verites concordent	f3c1f9a8	SOUS_RESERVE	Kinguui
ls	af3af607	797009	Kinguui	marche	les deux verites concordent	f3c1f9a8	SOUS_RESERVE	Creure
ls	af3af607	797777	ForGetAboutIt69	marche	les deux verites concordent	f3c1f9a8	SOUS_RESERVE	Rs0tt
ls	af3af607	800380	Spec1aLisT	marche	les deux verites concordent	f3c1f9a8	SOUS_RESERVE	Rs0tt
ls	af3af607	809121	Rs0tt	marche	les deux verites concordent	f3c1f9a8	SOUS_RESERVE	Kinguui
ls	af3af607	814862	ForGetAboutIt69	marche	les deux verites concordent	f3c1f9a8	SOUS_RESERVE	Creure
ls	af3af607	819816	iPredatorLss263	marche	les deux verites concordent	f3c1f9a8	SOUS_RESERVE	Spec1aLisT
ls	af3af607	820099	Nuzzles	marche	les deux verites concordent	f3c1f9a8	SOUS_RESERVE	GTB Beast
ls	af3af607	831779	Kinguui	marche	les deux verites concordent	f3c1f9a8	SOUS_RESERVE	Creure
ls	af3af607	837884	Rs0tt	marche	les deux verites concordent	f3c1f9a8	SOUS_RESERVE	Nuzzles
ls	af3af607	838618	Creure	marche	les deux verites concordent	daa03c35	VALIDE	ForGetAboutIt69
ls	af3af607	840386	GTB Beast	marche	les deux verites concordent	f3c1f9a8	SOUS_RESERVE	ForGetAboutIt69
ls	af3af607	840703	Nuzzles	marche	les deux verites concordent	f3c1f9a8	SOUS_RESERVE	iPredatorLss263
ls	af3af607	851931	iPredatorLss263	marche	les deux verites concordent	f3c1f9a8	SOUS_RESERVE	Kinguui
ls	af3af607	855803	Kinguui	marche	les deux verites concordent	f3c1f9a8	SOUS_RESERVE	Creure
ls	af3af607	863593	Rs0tt	marche	les deux verites concordent	daa03c35	VALIDE	Spec1aLisT
ls	af3af607	864194	ForGetAboutIt69	marche	les deux verites concordent	f3c1f9a8	SOUS_RESERVE	Creure
ls	af3af607	867214	GTB Beast	marche	les deux verites concordent	f3c1f9a8	SOUS_RESERVE	Nuzzles
ls	af3af607	887313	iPredatorLss263	marche	les deux verites concordent	f3c1f9a8	SOUS_RESERVE	Spec1aLisT
ls	af3af607	893319	Creure	marche	les deux verites concordent	f3c1f9a8	SOUS_RESERVE	Kinguui
ls	af3af607	893468	Nuzzles	marche	les deux verites concordent	f3c1f9a8	SOUS_RESERVE	GTB Beast
ls	af3af607	894203	Rs0tt	marche	les deux verites concordent	f3c1f9a8	SOUS_RESERVE	Spec1aLisT
ls	af3af607	899141	GTB Beast	marche	les deux verites concordent	7654f890	SOUS_RESERVE	Spec1aLisT
ls	af3af607	907149	iPredatorLss263	marche	les deux verites concordent	f3c1f9a8	SOUS_RESERVE	Spec1aLisT
ls	af3af607	917143	ForGetAboutIt69	marche	les deux verites concordent	f3c1f9a8	SOUS_RESERVE	Rs0tt
ls	af3af607	919279	GTB Beast	marche	les deux verites concordent	f3c1f9a8	SOUS_RESERVE	Nuzzles
ls	af3af607	921214	Kinguui	marche	les deux verites concordent	f3c1f9a8	SOUS_RESERVE	iPredatorLss263
ls	af3af607	924950	Creure	marche	les deux verites concordent	daa03c35	VALIDE	Spec1aLisT
ls	af3af607	935997	Rs0tt	marche	les deux verites concordent	f3c1f9a8	SOUS_RESERVE	ForGetAboutIt69
ls	af3af607	938198	Nuzzles	marche	les deux verites concordent	f3c1f9a8	SOUS_RESERVE	GTB Beast
ls	af3af607	943453	Spec1aLisT	marche	les deux verites concordent	f3c1f9a8	SOUS_RESERVE	GTB Beast
ls	af3af607	947940	Kinguui	marche	les deux verites concordent	f3c1f9a8	SOUS_RESERVE	GTB Beast
ls	af3af607	952327	ForGetAboutIt69	marche	source appartenant a la victime	da3b5ba4	VALIDE	Creure
ls	af3af607	958201	Nuzzles	marche	les deux verites concordent	daa03c35	VALIDE	Rs0tt
ls	af3af607	965241	iPredatorLss263	marche	les deux verites concordent	f3c1f9a8	SOUS_RESERVE	Kinguui
ls	af3af607	972065	Kinguui	marche	les deux verites concordent	f3c1f9a8	SOUS_RESERVE	Rs0tt
ls	af3af607	976436	Spec1aLisT	marche	les deux verites concordent	f3c1f9a8	SOUS_RESERVE	Creure
ls	af3af607	981741	ForGetAboutIt69	marche	les deux verites concordent	f3c1f9a8	SOUS_RESERVE	GTB Beast
ls	af3af607	983076	GTB Beast	marche	les deux verites concordent	f3c1f9a8	SOUS_RESERVE	Nuzzles
ls	af3af607	985178	Nuzzles	marche	les deux verites concordent	f3c1f9a8	SOUS_RESERVE	Rs0tt
ls	af3af607	985428	Kinguui	scan	les deux verites concordent	f3c1f9a8	SOUS_RESERVE	iPredatorLss263
ls	af3af607	1001061	Nuzzles	marche	les deux verites concordent	f3c1f9a8	SOUS_RESERVE	iPredatorLss263
ls	af3af607	1006933	Creure	marche	les deux verites concordent	f3c1f9a8	SOUS_RESERVE	Spec1aLisT
ls	af3af607	1012373	Spec1aLisT	marche	les deux verites concordent	f3c1f9a8	SOUS_RESERVE	GTB Beast
ls	af3af607	1018629	Nuzzles	marche	les deux verites concordent	f3c1f9a8	SOUS_RESERVE	Creure
ls	af3af607	1028739	GTB Beast	marche	les deux verites concordent	f3c1f9a8	SOUS_RESERVE	Spec1aLisT
ls	af3af607	1032260	iPredatorLss263	marche	les deux verites concordent	f3c1f9a8	SOUS_RESERVE	Kinguui
ls	af3af607	1039317	Creure	marche	les deux verites concordent	f3c1f9a8	SOUS_RESERVE	Nuzzles
ls	af3af607	1044571	Rs0tt	marche	les deux verites concordent	f3c1f9a8	SOUS_RESERVE	Nuzzles
ls	af3af607	1052646	ForGetAboutIt69	marche	les deux verites concordent	f3c1f9a8	SOUS_RESERVE	Creure
ls	af3af607	1053931	iPredatorLss263	marche	les deux verites concordent	f3c1f9a8	SOUS_RESERVE	Nuzzles
ls	af3af607	1061622	Kinguui	marche	les deux verites concordent	f3c1f9a8	SOUS_RESERVE	Rs0tt
ls	af3af607	1061989	Rs0tt	marche	les deux verites concordent	f3c1f9a8	SOUS_RESERVE	Nuzzles
ls	af3af607	1072517	iPredatorLss263	scan	les deux verites concordent	2ff92041	VALIDE	ForGetAboutIt69
ls	af3af607	1072519	ForGetAboutIt69	scan	les deux verites concordent	2ff92041	VALIDE	iPredatorLss263
ls	af3af607	1074451	Nuzzles	marche	les deux verites concordent	f3c1f9a8	SOUS_RESERVE	Rs0tt
ls	af3af607	1074585	GTB Beast	marche	les deux verites concordent	f3c1f9a8	SOUS_RESERVE	Spec1aLisT
ls	af3af607	1077588	Rs0tt	marche	les deux verites concordent	f3c1f9a8	SOUS_RESERVE	Kinguui
ls	af3af607	1083994	Creure	marche	les deux verites concordent	f3c1f9a8	SOUS_RESERVE	Spec1aLisT
ls	af3af607	1089517	iPredatorLss263	scan	les deux verites concordent	f3c1f9a8	SOUS_RESERVE	Kinguui
ls	af3af607	1092870	Kinguui	marche	les deux verites concordent	f3c1f9a8	SOUS_RESERVE	GTB Beast
ls	af3af607	1096357	Creure	marche	les deux verites concordent	f3c1f9a8	SOUS_RESERVE	Spec1aLisT
ls	af3af607	1105800	Spec1aLisT	marche	les deux verites concordent	f3c1f9a8	SOUS_RESERVE	Rs0tt
ls	af3af607	1111989	iPredatorLss263	marche	les deux verites concordent	f3c1f9a8	SOUS_RESERVE	Kinguui
ls	af3af607	1112073	Nuzzles	marche	les deux verites concordent	f3c1f9a8	SOUS_RESERVE	Rs0tt
ls	af3af607	1112991	ForGetAboutIt69	marche	les deux verites concordent	f3c1f9a8	SOUS_RESERVE	GTB Beast
ls	af3af607	1121783	Kinguui	marche	les deux verites concordent	f3c1f9a8	SOUS_RESERVE	Rs0tt
ls	af3af607	1131877	iPredatorLss263	marche	les deux verites concordent	f3c1f9a8	SOUS_RESERVE	Nuzzles
ls	af3af607	1132027	Creure	marche	les deux verites concordent	2ff92041	VALIDE	ForGetAboutIt69
ls	af3af607	1132029	ForGetAboutIt69	marche	les deux verites concordent	2ff92041	VALIDE	Creure
ls	af3af607	1139433	Rs0tt	marche	les deux verites concordent	daa03c35	VALIDE	Nuzzles
ls	af3af607	1142837	GTB Beast	marche	les deux verites concordent	f3c1f9a8	SOUS_RESERVE	Kinguui
ls	af3af607	1149677	Creure	scan	les deux verites concordent	f3c1f9a8	SOUS_RESERVE	ForGetAboutIt69
ls	af3af607	1152697	ForGetAboutIt69	marche	les deux verites concordent	f3c1f9a8	SOUS_RESERVE	iPredatorLss263
ls	af3af607	1154333	Kinguui	marche	les deux verites concordent	f3c1f9a8	SOUS_RESERVE	Rs0tt
ls	af3af607	1157403	Nuzzles	marche	les deux verites concordent	f3c1f9a8	SOUS_RESERVE	iPredatorLss263
ls	af3af607	1166128	GTB Beast	scan	les deux verites concordent	f3c1f9a8	SOUS_RESERVE	Kinguui
ls	af3af607	1167963	Rs0tt	scan	les deux verites concordent	f3c1f9a8	SOUS_RESERVE	Spec1aLisT
ls	af3af607	1172801	Creure	scan	les deux verites concordent	f3c1f9a8	SOUS_RESERVE	Nuzzles
ls	af3af607	1173051	iPredatorLss263	scan	les deux verites concordent	f3c1f9a8	SOUS_RESERVE	Spec1aLisT
ls	af3af607	1189433	ForGetAboutIt69	scan	les deux verites concordent	da3b5ba4	VALIDE	Rs0tt
ls	af3af607	1197726	Creure	scan	les deux verites concordent	f3c1f9a8	SOUS_RESERVE	Kinguui
ls	af3af607	1198627	Spec1aLisT	scan	les deux verites concordent	f3c1f9a8	SOUS_RESERVE	Rs0tt
ls	af3af607	1202429	GTB Beast	marche	les deux verites concordent	da3b5ba4	VALIDE	Nuzzles
ls	af3af607	1202748	Nuzzles	marche	les deux verites concordent	f3c1f9a8	SOUS_RESERVE	iPredatorLss263
ls	af3af607	1205434	iPredatorLss263	marche	les deux verites concordent	f3c1f9a8	SOUS_RESERVE	Kinguui
ls	af3af607	1215594	Rs0tt	marche	les deux verites concordent	f3c1f9a8	SOUS_RESERVE	Kinguui
ls	af3af607	1224136	Creure	marche	les deux verites concordent	f3c1f9a8	SOUS_RESERVE	Kinguui
ls	af3af607	1227573	Nuzzles	marche	les deux verites concordent	f3c1f9a8	SOUS_RESERVE	iPredatorLss263
ls	af3af607	1229157	GTB Beast	marche	les deux verites concordent	f3c1f9a8	SOUS_RESERVE	Spec1aLisT
ls	af3af607	1234501	Rs0tt	scan	les deux verites concordent	f3c1f9a8	SOUS_RESERVE	Kinguui
ls	af3af607	1240202	ForGetAboutIt69	scan	les deux verites concordent	daa03c35	VALIDE	iPredatorLss263
ls	af3af607	1242438	Creure	marche	les deux verites concordent	f3c1f9a8	SOUS_RESERVE	Spec1aLisT
ls	af3af607	1244089	Spec1aLisT	marche	les deux verites concordent	f3c1f9a8	SOUS_RESERVE	iPredatorLss263
ls	af3af607	1246909	iPredatorLss263	marche	les deux verites concordent	f3c1f9a8	SOUS_RESERVE	Nuzzles
ls	af3af607	1248710	GTB Beast	marche	les deux verites concordent	f3c1f9a8	SOUS_RESERVE	Nuzzles
ls	af3af607	1251729	Nuzzles	marche	les deux verites concordent	da3b5ba4	VALIDE	Rs0tt
ls	af3af607	1252764	Kinguui	marche	les deux verites concordent	f3c1f9a8	SOUS_RESERVE	Rs0tt
ls	af3af607	1262625	Rs0tt	marche	les deux verites concordent	f3c1f9a8	SOUS_RESERVE	Spec1aLisT
ls	af3af607	1264761	ForGetAboutIt69	marche	les deux verites concordent	f3c1f9a8	SOUS_RESERVE	GTB Beast
ls	af3af607	1265795	Spec1aLisT	marche	les deux verites concordent	f3c1f9a8	SOUS_RESERVE	iPredatorLss263
ls	af3af607	1268948	Creure	marche	les deux verites concordent	f3c1f9a8	SOUS_RESERVE	Kinguui
ls	af3af607	1269714	Kinguui	scan	les deux verites concordent	da3b5ba4	VALIDE	GTB Beast
ls	af3af607	1272867	iPredatorLss263	marche	les deux verites concordent	f3c1f9a8	SOUS_RESERVE	Nuzzles
ls	af3af607	1275637	GTB Beast	marche	les deux verites concordent	f3c1f9a8	SOUS_RESERVE	Nuzzles
ls	af3af607	1278724	Nuzzles	scan	les deux verites concordent	f3c1f9a8	SOUS_RESERVE	Rs0tt
ls	af3af607	1281260	ForGetAboutIt69	scan	les deux verites concordent	2ff92041	VALIDE	Rs0tt
ls	af3af607	1281262	Rs0tt	scan	les deux verites concordent	2ff92041	VALIDE	ForGetAboutIt69
ls	bcb6d393	48610	J 2025118	marche	les deux verites concordent	bb1a095b	SOUS_RESERVE	Madina97294
ls	bcb6d393	65861	Gsasph	marche	les deux verites concordent	038ad14c	SOUS_RESERVE	RavenBL00D
ls	bcb6d393	70715	Madina97294	marche	les deux verites concordent	bb1a095b	SOUS_RESERVE	KidLeo67
ls	bcb6d393	70732	KidLeo67	scan	les deux verites concordent	bb1a095b	SOUS_RESERVE	Madina97294
ls	bcb6d393	77839	Chocoboflor	marche	les deux verites concordent	bb1a095b	SOUS_RESERVE	J 2025118
ls	bcb6d393	82177	J 2025118	marche	les deux verites concordent	7654f890	SOUS_RESERVE	Gsasph
ls	bcb6d393	83678	JGtm	marche	les deux verites concordent	038ad14c	SOUS_RESERVE	RavenBL00D
ls	bcb6d393	90251	Madina97294	marche	les deux verites concordent	daa03c35	VALIDE	RavenBL00D
ls	bcb6d393	101396	KidLeo67	marche	les deux verites concordent	bb1a095b	SOUS_RESERVE	JGtm
ls	bcb6d393	104349	Gsasph	marche	les deux verites concordent	daa03c35	VALIDE	RavenBL00D
ls	bcb6d393	115161	Madina97294	marche	les deux verites concordent	15dcdfe3	SOUS_RESERVE	J 2025118
ls	bcb6d393	118564	KidLeo67	marche	les deux verites concordent	0000b238	SOUS_RESERVE	Chocoboflor
ls	bcb6d393	120565	Gsasph	marche	les deux verites concordent	0000b238	SOUS_RESERVE	RavenBL00D
ls	bcb6d393	126505	Chocoboflor	marche	les deux verites concordent	f01d60e9	SOUS_RESERVE	FrankDaTank1313
ls	bcb6d393	132244	JGtm	marche	les deux verites concordent	15dcdfe3	SOUS_RESERVE	J 2025118
ls	bcb6d393	139934	Gsasph	marche	les deux verites concordent	8b1f83ee	SOUS_RESERVE	KidLeo67
ls	bcb6d393	145257	KidLeo67	marche	les deux verites concordent	daa03c35	VALIDE	Chocoboflor
ls	bcb6d393	147092	Chocoboflor	marche	les deux verites concordent	15dcdfe3	SOUS_RESERVE	J 2025118
ls	bcb6d393	159738	J 2025118	marche	les deux verites concordent	bb1a095b	SOUS_RESERVE	JGtm
ls	bcb6d393	171683	FrankDaTank1313	marche	les deux verites concordent	59255106	VALIDE	Madina97294
ls	bcb6d393	172485	Chocoboflor	marche	les deux verites concordent	038ad14c	SOUS_RESERVE	RavenBL00D
ls	bcb6d393	175521	JGtm	marche	les deux verites concordent	daa03c35	VALIDE	RavenBL00D
ls	bcb6d393	176388	RavenBL00D	marche	les deux verites concordent	daa03c35	VALIDE	Gsasph
ls	bcb6d393	179124	KidLeo67	marche	les deux verites concordent	bb1a095b	SOUS_RESERVE	Madina97294
ls	bcb6d393	200446	Chocoboflor	marche	les deux verites concordent	0000b238	SOUS_RESERVE	RavenBL00D
ls	bcb6d393	202062	RavenBL00D	marche	les deux verites concordent	59255106	VALIDE	Gsasph
ls	bcb6d393	202264	FrankDaTank1313	marche	les deux verites concordent	177a79ee	SOUS_RESERVE	Madina97294
ls	bcb6d393	220953	RavenBL00D	marche	les deux verites concordent	0000b238	SOUS_RESERVE	Chocoboflor
ls	bcb6d393	221052	Chocoboflor	marche	les deux verites concordent	bb1a095b	SOUS_RESERVE	FrankDaTank1313
ls	bcb6d393	223688	Steedlan	marche	les deux verites concordent	bb1a095b	SOUS_RESERVE	Madina97294
ls	bcb6d393	231179	brkn8174	marche	les deux verites concordent	7654f890	SOUS_RESERVE	Gsasph
ls	bcb6d393	236485	FrankDaTank1313	marche	les deux verites concordent	bb1a095b	SOUS_RESERVE	JGtm
ls	bcb6d393	243491	RavenBL00D	marche	les deux verites concordent	0000b238	SOUS_RESERVE	Chocoboflor
ls	bcb6d393	254636	brkn8174	marche	les deux verites concordent	bb1a095b	SOUS_RESERVE	Madina97294
ls	bcb6d393	264163	FrankDaTank1313	marche	les deux verites concordent	bb1a095b	SOUS_RESERVE	Madina97294
ls	bcb6d393	269401	Madina97294	marche	les deux verites concordent	0000b238	SOUS_RESERVE	RavenBL00D
ls	bcb6d393	274489	Chocoboflor	marche	les deux verites concordent	daa03c35	VALIDE	xNeuromancer
ls	bcb6d393	286751	Madina97294	marche	les deux verites concordent	daa03c35	VALIDE	RavenBL00D
ls	bcb6d393	287619	RavenBL00D	marche	les deux verites concordent	bb1a095b	SOUS_RESERVE	JGtm
ls	bcb6d393	291590	Chocoboflor	marche	les deux verites concordent	177a79ee	SOUS_RESERVE	brkn8174
ls	bcb6d393	297112	xNeuromancer	marche	les deux verites concordent	b258262f	SOUS_RESERVE	Gsasph
ls	bcb6d393	306305	brkn8174	marche	les deux verites concordent	15dcdfe3	SOUS_RESERVE	Gsasph
ls	bcb6d393	311410	FrankDaTank1313	marche	les deux verites concordent	b258262f	SOUS_RESERVE	Gsasph
ls	bcb6d393	321855	brkn8174	marche	les deux verites concordent	bb1a095b	SOUS_RESERVE	Madina97294
ls	bcb6d393	323973	xNeuromancer	marche	les deux verites concordent	0000b238	SOUS_RESERVE	Chocoboflor
ls	bcb6d393	326408	343 Hollis [bot]	scan	mort de bot (absente du kill-feed)	bb1a095b	SOUS_RESERVE	Madina97294
ls	bcb6d393	342773	brkn8174	marche	les deux verites concordent	da3b5ba4	VALIDE	Madina97294
ls	bcb6d393	347529	Madina97294	marche	les deux verites concordent	0000b238	SOUS_RESERVE	xNeuromancer
ls	bcb6d393	351216	xNeuromancer	marche	les deux verites concordent	0000b238	SOUS_RESERVE	Chocoboflor
ls	bf15f7ab	60271	Mastertronic	marche	source appartenant a la victime	da3b5ba4	VALIDE	CPXUK6101
ls	bf15f7ab	88785	Blackwardevil1	marche	les deux verites concordent	f01d60e9	SOUS_RESERVE	Outatime12
ls	bf15f7ab	91471	Mastertronic	marche	les deux verites concordent	166ba62b	SOUS_RESERVE	Outatime12
ls	bf15f7ab	94240	plyer5091	marche	les deux verites concordent	da3b5ba4	VALIDE	Outatime12
ls	bf15f7ab	103784	Blackwardevil1	marche	les deux verites concordent	f01d60e9	SOUS_RESERVE	Outatime12
ls	bf15f7ab	107836	plyer5091	marche	les deux verites concordent	0000d57f	SOUS_RESERVE	Chocoboflor
ls	bf15f7ab	122121	JGtm	marche	les deux verites concordent	f01d60e9	SOUS_RESERVE	Fennec87607
ls	bf15f7ab	124490	Fennec87607	marche	les deux verites concordent	daa03c35	VALIDE	CPXUK6101
ls	bf15f7ab	126761	CPXUK6101	marche	les deux verites concordent	0000b238	SOUS_RESERVE	Blackwardevil1
ls	bf15f7ab	127558	Mastertronic	marche	les deux verites concordent	0000d57f	SOUS_RESERVE	Chocoboflor
ls	bf15f7ab	130946	Chocoboflor	marche	les deux verites concordent	0000b238	SOUS_RESERVE	Blackwardevil1
ls	bf15f7ab	146745	Blackwardevil1	marche	les deux verites concordent	166ba62b	SOUS_RESERVE	Outatime12
ls	bf15f7ab	148447	JGtm	marche	les deux verites concordent	0000b238	SOUS_RESERVE	Fennec87607
ls	bf15f7ab	149315	Fennec87607	marche	les deux verites concordent	daa03c35	VALIDE	CPXUK6101
ls	bf15f7ab	154069	plyer5091	marche	les deux verites concordent	0000b238	SOUS_RESERVE	CPXUK6101
ls	bf15f7ab	154270	CPXUK6101	marche	les deux verites concordent	daa03c35	VALIDE	Mastertronic
ls	bf15f7ab	155070	Mastertronic	marche	les deux verites concordent	bb1a095b	SOUS_RESERVE	Chocoboflor
ls	bf15f7ab	171620	Blackwardevil1	marche	les deux verites concordent	130c4b61	SOUS_RESERVE	CPXUK6101
ls	bf15f7ab	177110	Fennec87607	marche	les deux verites concordent	2ff92041	VALIDE	Chocoboflor
ls	bf15f7ab	177228	plyer5091	marche	les deux verites concordent	59255106	VALIDE	JGtm
ls	bf15f7ab	194578	Blackwardevil1	marche	les deux verites concordent	bb1a095b	SOUS_RESERVE	Chocoboflor
ls	bf15f7ab	195529	Mastertronic	marche	les deux verites concordent	0000b29c	SOUS_RESERVE	JGtm
ls	bf15f7ab	196029	plyer5091	marche	les deux verites concordent	166ba62b	SOUS_RESERVE	Outatime12
ls	bf15f7ab	200532	Fennec87607	marche	les deux verites concordent	130c4b61	SOUS_RESERVE	CPXUK6101
ls	bf15f7ab	213011	Blackwardevil1	marche	les deux verites concordent	0000d627	VALIDE	JGtm
ls	bf15f7ab	213161	plyer5091	marche	les deux verites concordent	0000d57f	SOUS_RESERVE	Chocoboflor
ls	bf15f7ab	213165	Chocoboflor	marche	les deux verites concordent	daa03c35	VALIDE	plyer5091
ls	bf15f7ab	216314	JGtm	marche	les deux verites concordent	da3b5ba4	VALIDE	Mastertronic
ls	bf15f7ab	224925	Mastertronic	marche	les deux verites concordent	bb1a095b	SOUS_RESERVE	CPXUK6101
ls	bf15f7ab	238057	Mastertronic	marche	les deux verites concordent	2ff92041	VALIDE	Chocoboflor
ls	bf15f7ab	238059	Chocoboflor	marche	les deux verites concordent	2ff92041	VALIDE	Mastertronic
ls	bf15f7ab	260896	Fennec87607	marche	source appartenant a la victime	00403594	VALIDE	CPXUK6101
ls	bf15f7ab	261098	JGtm	marche	les deux verites concordent	daa03c35	VALIDE	Mastertronic
ls	bf15f7ab	291229	Fennec87607	marche	les deux verites concordent	bb1a095b	SOUS_RESERVE	Chocoboflor
ls	bf15f7ab	294748	Chocoboflor	marche	les deux verites concordent	0000b238	SOUS_RESERVE	Mastertronic
ls	bf15f7ab	297402	JGtm	marche	les deux verites concordent	0000b238	SOUS_RESERVE	Mastertronic
ls	bf15f7ab	305076	Outatime12	marche	les deux verites concordent	daa03c35	VALIDE	Mastertronic
ls	bf15f7ab	307511	Fennec87607	marche	les deux verites concordent	130c4b61	SOUS_RESERVE	CPXUK6101
ls	bf15f7ab	307945	Mastertronic	marche	les deux verites concordent	2ff92041	VALIDE	Chocoboflor
ls	bf15f7ab	308962	Chocoboflor	marche	les deux verites concordent	0000b238	SOUS_RESERVE	Blackwardevil1
ls	bf15f7ab	310713	CPXUK6101	marche	les deux verites concordent	0000d57f	SOUS_RESERVE	plyer5091
ls	bf15f7ab	338109	Mastertronic	marche	les deux verites concordent	daa03c35	VALIDE	JGtm
ls	bf15f7ab	338442	plyer5091	marche	les deux verites concordent	daa03c35	VALIDE	Chocoboflor
ls	bf15f7ab	339427	CPXUK6101	marche	les deux verites concordent	2ff92041	VALIDE	Fennec87607
ls	bf15f7ab	346784	Chocoboflor	marche	les deux verites concordent	0000b238	SOUS_RESERVE	Blackwardevil1
ls	bf15f7ab	350955	Fennec87607	marche	les deux verites concordent	bb1a095b	SOUS_RESERVE	JGtm
ls	bf15f7ab	362899	Mastertronic	marche	les deux verites concordent	da3b5ba4	VALIDE	Outatime12
ls	bf15f7ab	363168	Outatime12	marche	les deux verites concordent	daa03c35	VALIDE	Blackwardevil1
ls	bf15f7ab	364970	plyer5091	marche	les deux verites concordent	bb1a095b	SOUS_RESERVE	Chocoboflor
ls	bf15f7ab	368356	JGtm	marche	les deux verites concordent	0000b238	SOUS_RESERVE	Blackwardevil1
ls	bf15f7ab	373394	Blackwardevil1	marche	les deux verites concordent	daa03c35	VALIDE	Chocoboflor
ls	bf15f7ab	375311	Chocoboflor	marche	les deux verites concordent	ec919da5	SOUS_RESERVE	Fennec87607
ls	bf15f7ab	381269	Fennec87607	marche	les deux verites concordent	bb1a095b	SOUS_RESERVE	JGtm
ls	bf15f7ab	388141	Mastertronic	marche	les deux verites concordent	0000d57f	SOUS_RESERVE	CPXUK6101
ls	bf15f7ab	396067	plyer5091	marche	les deux verites concordent	bb1a095b	SOUS_RESERVE	JGtm
ls	bf15f7ab	401906	Fennec87607	marche	les deux verites concordent	daa03c35	VALIDE	CPXUK6101
ls	bf15f7ab	404725	JGtm	marche	les deux verites concordent	da3b5ba4	VALIDE	Mastertronic
ls	bf15f7ab	409046	Mastertronic	marche	les deux verites concordent	0000d57f	SOUS_RESERVE	CPXUK6101
ls	bf15f7ab	413134	Blackwardevil1	marche	les deux verites concordent	daa03c35	VALIDE	Outatime12
ls	bf15f7ab	420759	Fennec87607	marche	les deux verites concordent	daa03c35	VALIDE	Chocoboflor
ls	bf15f7ab	423544	Mastertronic	marche	les deux verites concordent	2ff92041	VALIDE	Chocoboflor
ls	bf15f7ab	428933	plyer5091	marche	les deux verites concordent	daa03c35	VALIDE	CPXUK6101
ls	bf15f7ab	429316	Chocoboflor	marche	les deux verites concordent	da3b5ba4	VALIDE	plyer5091
ls	bf15f7ab	445315	Mastertronic	marche	les deux verites concordent	130c4b61	SOUS_RESERVE	CPXUK6101
ls	bf15f7ab	447386	Fennec87607	marche	les deux verites concordent	2ff92041	VALIDE	Outatime12
ls	bf15f7ab	461000	Mastertronic	marche	les deux verites concordent	bb1a095b	SOUS_RESERVE	Chocoboflor
ls	bf15f7ab	463936	Chocoboflor	marche	les deux verites concordent	0000b238	SOUS_RESERVE	Blackwardevil1
ls	bf15f7ab	464236	Fennec87607	marche	les deux verites concordent	130c4b61	SOUS_RESERVE	CPXUK6101
ls	bf15f7ab	467989	Blackwardevil1	marche	les deux verites concordent	daa03c35	VALIDE	JGtm
ls	bf15f7ab	470409	JGtm	marche	les deux verites concordent	166ba62b	SOUS_RESERVE	plyer5091
ls	bf15f7ab	479201	Outatime12	marche	les deux verites concordent	da3b5ba4	VALIDE	Mastertronic
ls	bf15f7ab	485492	CPXUK6101	marche	les deux verites concordent	daa03c35	VALIDE	Mastertronic
ls	bf15f7ab	487559	Mastertronic	marche	les deux verites concordent	59255106	VALIDE	JGtm
ls	bf15f7ab	490164	Fennec87607	marche	les deux verites concordent	59255106	VALIDE	JGtm
ls	bf15f7ab	505544	Mastertronic	marche	les deux verites concordent	0000d627	VALIDE	Outatime12
ls	bfecd02b	51406	MEK1906	marche	les deux verites concordent	0000b29c	SOUS_RESERVE	SHN Lups99
ls	bfecd02b	52842	Tataaannn	marche	les deux verites concordent	0000b29c	SOUS_RESERVE	Madina97294
ls	bfecd02b	55260	Chocoboflor	marche	les deux verites concordent	0000b29c	SOUS_RESERVE	Draconewt
ls	bfecd02b	71109	Madina97294	marche	les deux verites concordent	daa03c35	VALIDE	indahoopty8751
ls	bfecd02b	72027	Tataaannn	scan	les deux verites concordent	0000b29c	SOUS_RESERVE	MEK1906
ls	bfecd02b	73228	Chocoboflor	marche	les deux verites concordent	0000b29c	SOUS_RESERVE	Draconewt
ls	bfecd02b	74593	indahoopty8751	marche	les deux verites concordent	f712c64a	VALIDE	JGtm
ls	bfecd02b	80000	MEK1906	marche	les deux verites concordent	0000b29c	SOUS_RESERVE	Draconewt
ls	bfecd02b	88140	Tataaannn	marche	les deux verites concordent	f712c64a	VALIDE	JGtm
ls	bfecd02b	89227	JGtm	marche	les deux verites concordent	0000b29c	SOUS_RESERVE	indahoopty8751
ls	bfecd02b	100539	MEK1906	marche	les deux verites concordent	daa03c35	VALIDE	SHN Lups99
ls	bfecd02b	106278	indahoopty8751	marche	les deux verites concordent	0000b29c	SOUS_RESERVE	Chocoboflor
ls	bfecd02b	110615	Chocoboflor	marche	les deux verites concordent	0000b29c	SOUS_RESERVE	Tataaannn
ls	bfecd02b	122811	MEK1906	marche	les deux verites concordent	0000b29c	SOUS_RESERVE	Draconewt
ls	bfecd02b	128817	indahoopty8751	marche	les deux verites concordent	0000b29c	SOUS_RESERVE	JGtm
ls	bfecd02b	135190	Tataaannn	marche	les deux verites concordent	0000b238	SOUS_RESERVE	Madina97294
ls	bfecd02b	138043	Draconewt	marche	les deux verites concordent	0000b29c	SOUS_RESERVE	MEK1906
ls	bfecd02b	141813	indahoopty8751	marche	les deux verites concordent	0000b29c	SOUS_RESERVE	Chocoboflor
ls	bfecd02b	150857	Draconewt	marche	les deux verites concordent	0000b29c	SOUS_RESERVE	Madina97294
ls	bfecd02b	154006	Tataaannn	marche	les deux verites concordent	f712c64a	VALIDE	JGtm
ls	bfecd02b	159998	Madina97294	marche	les deux verites concordent	0000b29c	SOUS_RESERVE	indahoopty8751
ls	bfecd02b	161247	indahoopty8751	marche	les deux verites concordent	f712c64a	VALIDE	JGtm
ls	bfecd02b	170878	Chocoboflor	marche	les deux verites concordent	5e389b5d	VALIDE	Draconewt
ls	bfecd02b	174213	SHN Lups99	marche	les deux verites concordent	0000b29c	SOUS_RESERVE	Madina97294
ls	bfecd02b	178784	Tataaannn	marche	les deux verites concordent	0000b29c	SOUS_RESERVE	Madina97294
ls	bfecd02b	185543	indahoopty8751	marche	les deux verites concordent	0000b29c	SOUS_RESERVE	Madina97294
ls	bfecd02b	187177	MEK1906	marche	les deux verites concordent	0000b29c	SOUS_RESERVE	SHN Lups99
ls	bfecd02b	202359	SHN Lups99	marche	les deux verites concordent	0000b238	SOUS_RESERVE	MEK1906
ls	bfecd02b	202776	MEK1906	marche	les deux verites concordent	daa03c35	VALIDE	Tataaannn
ls	bfecd02b	210750	indahoopty8751	marche	les deux verites concordent	0000b29c	SOUS_RESERVE	Madina97294
ls	bfecd02b	215703	Tataaannn	marche	les deux verites concordent	f712c64a	VALIDE	JGtm
ls	bfecd02b	221446	Madina97294	marche	les deux verites concordent	7ff0849c	SOUS_RESERVE	Draconewt
ls	bfecd02b	234807	Tataaannn	scan	les deux verites concordent	daa03c35	VALIDE	Madina97294
ls	bfecd02b	236043	SHN Lups99	marche	les deux verites concordent	59255106	VALIDE	MEK1906
ls	bfecd02b	236493	Madina97294	marche	les deux verites concordent	7ff0849c	SOUS_RESERVE	Draconewt
ls	bfecd02b	251525	MEK1906	marche	les deux verites concordent	7ff0849c	SOUS_RESERVE	Draconewt
ls	bfecd02b	254078	indahoopty8751	marche	les deux verites concordent	0000b29c	SOUS_RESERVE	Madina97294
ls	bfecd02b	254659	Chocoboflor	marche	les deux verites concordent	0000d627	VALIDE	indahoopty8751
ls	bfecd02b	256979	Madina97294	marche	les deux verites concordent	0000b29c	SOUS_RESERVE	SHN Lups99
ls	bfecd02b	268008	Chocoboflor	marche	les deux verites concordent	7ff0849c	SOUS_RESERVE	SHN Lups99
ls	bfecd02b	282606	Madina97294	marche	les deux verites concordent	7ff0849c	SOUS_RESERVE	Draconewt
ls	bfecd02b	284375	indahoopty8751	marche	les deux verites concordent	daa03c35	VALIDE	MEK1906
ls	bfecd02b	285125	MEK1906	marche	les deux verites concordent	0000b29c	SOUS_RESERVE	SHN Lups99
ls	bfecd02b	301891	JGtm	marche	les deux verites concordent	0000b29c	SOUS_RESERVE	indahoopty8751
ls	bfecd02b	303594	Chocoboflor	marche	les deux verites concordent	0000b29c	SOUS_RESERVE	Tataaannn
ls	bfecd02b	306478	MEK1906	marche	les deux verites concordent	0000b29c	SOUS_RESERVE	Tataaannn
ls	bfecd02b	315122	Draconewt	marche	les deux verites concordent	0000b29c	SOUS_RESERVE	Chocoboflor
ls	bfecd02b	324012	indahoopty8751	marche	les deux verites concordent	0000b29c	SOUS_RESERVE	Chocoboflor
ls	bfecd02b	336127	JGtm	marche	les deux verites concordent	7ff0849c	SOUS_RESERVE	SHN Lups99
ls	bfecd02b	336293	Draconewt	marche	les deux verites concordent	0000b29c	SOUS_RESERVE	Chocoboflor
ls	bfecd02b	336343	SHN Lups99	marche	les deux verites concordent	daa03c35	VALIDE	Madina97294
ls	bfecd02b	350475	indahoopty8751	marche	les deux verites concordent	0000b29c	SOUS_RESERVE	Madina97294
ls	bfecd02b	351408	JGtm	marche	les deux verites concordent	0000b29c	SOUS_RESERVE	Draconewt
ls	bfecd02b	352025	Chocoboflor	marche	les deux verites concordent	0000b29c	SOUS_RESERVE	Draconewt
ls	bfecd02b	354678	Madina97294	marche	les deux verites concordent	0000b29c	SOUS_RESERVE	Draconewt
ls	bfecd02b	356563	Draconewt	marche	les deux verites concordent	1f11df6b	SOUS_RESERVE	MEK1906
ls	bfecd02b	360650	MEK1906	marche	les deux verites concordent	0000b29c	SOUS_RESERVE	SHN Lups99
ls	bfecd02b	368592	indahoopty8751	marche	les deux verites concordent	0000b29c	SOUS_RESERVE	Madina97294
ls	bfecd02b	373814	MEK1906	marche	les deux verites concordent	7ff0849c	SOUS_RESERVE	Draconewt
ls	bfecd02b	380254	JGtm	marche	les deux verites concordent	0000b29c	SOUS_RESERVE	Tataaannn
ls	bfecd02b	381105	Chocoboflor	marche	les deux verites concordent	0000b29c	SOUS_RESERVE	Draconewt
ls	bfecd02b	384956	Draconewt	marche	les deux verites concordent	0000d57f	SOUS_RESERVE	Madina97294
ls	bfecd02b	397721	indahoopty8751	marche	les deux verites concordent	0000b29c	SOUS_RESERVE	Chocoboflor
ls	bfecd02b	399222	JGtm	marche	les deux verites concordent	0000005f	INCONNU	Tataaannn
ls	bfecd02b	399673	MEK1906	marche	les deux verites concordent	0000005f	INCONNU	Tataaannn
ls	bfecd02b	400891	Madina97294	marche	les deux verites concordent	0000b29c	SOUS_RESERVE	Draconewt
ls	bfecd02b	401723	Chocoboflor	marche	les deux verites concordent	f712c64a	VALIDE	Tataaannn
ls	bfecd02b	419260	MEK1906	marche	les deux verites concordent	0000b29c	SOUS_RESERVE	indahoopty8751
ls	bfecd02b	438929	JGtm	marche	les deux verites concordent	177a79ee	SOUS_RESERVE	indahoopty8751
ls	bfecd02b	442614	Chocoboflor	marche	les deux verites concordent	f712c64a	VALIDE	Tataaannn
ls	bfecd02b	445836	Madina97294	marche	les deux verites concordent	177a79ee	SOUS_RESERVE	indahoopty8751
ls	bfecd02b	449938	MEK1906	marche	les deux verites concordent	f712c64a	VALIDE	Tataaannn
ls	bfecd02b	459097	JGtm	marche	les deux verites concordent	0000b29c	SOUS_RESERVE	SHN Lups99
ls	bfecd02b	462620	Madina97294	marche	les deux verites concordent	0000b29c	SOUS_RESERVE	indahoopty8751
ls	bfecd02b	466940	MEK1906	marche	les deux verites concordent	0000b29c	SOUS_RESERVE	indahoopty8751
ls	bfecd02b	476300	SHN Lups99	marche	les deux verites concordent	0000b29c	SOUS_RESERVE	Madina97294
ls	bfecd02b	478434	JGtm	marche	les deux verites concordent	f712c64a	VALIDE	Tataaannn
ls	bfecd02b	490179	Chocoboflor	marche	les deux verites concordent	f712c64a	VALIDE	Tataaannn
ls	bfecd02b	490315	MEK1906	marche	les deux verites concordent	0000b238	SOUS_RESERVE	indahoopty8751
ls	bfecd02b	493918	Madina97294	marche	les deux verites concordent	daa03c35	VALIDE	SHN Lups99
ls	bfecd02b	495051	JGtm	marche	les deux verites concordent	f712c64a	VALIDE	Tataaannn
ls	bfecd02b	508268	MEK1906	marche	les deux verites concordent	7ff0849c	SOUS_RESERVE	Draconewt
ls	c46ef9d1	35253	Constrictor Dog	marche	les deux verites concordent	f3c1f9a8	SOUS_RESERVE	xATHENEUZ
ls	c46ef9d1	39674	Satoru JZ	marche	les deux verites concordent	f3c1f9a8	SOUS_RESERVE	Chisco V1
ls	c46ef9d1	42110	AphexTwinnnn	marche	les deux verites concordent	7ff0849c	SOUS_RESERVE	F4NTXY
ls	c46ef9d1	44663	F4NTXY	marche	les deux verites concordent	f3c1f9a8	SOUS_RESERVE	AbsoChad
ls	c46ef9d1	53255	AbsoChad	marche	les deux verites concordent	f3c1f9a8	SOUS_RESERVE	Nuzzles
ls	c46ef9d1	54621	xATHENEUZ	marche	les deux verites concordent	da3b5ba4	VALIDE	Constrictor Dog
ls	c46ef9d1	56108	Constrictor Dog	marche	les deux verites concordent	f3c1f9a8	SOUS_RESERVE	Chisco V1
ls	c46ef9d1	57876	Satoru JZ	marche	les deux verites concordent	daa03c35	VALIDE	AphexTwinnnn
ls	c46ef9d1	66168	Nuzzles	marche	les deux verites concordent	f3c1f9a8	SOUS_RESERVE	Chisco V1
ls	c46ef9d1	67670	AphexTwinnnn	marche	les deux verites concordent	f3c1f9a8	SOUS_RESERVE	F4NTXY
ls	c46ef9d1	71524	F4NTXY	marche	les deux verites concordent	2ff92041	VALIDE	AbsoChad
ls	c46ef9d1	76196	AbsoChad	marche	les deux verites concordent	f3c1f9a8	SOUS_RESERVE	Satoru JZ
ls	c46ef9d1	76861	Satoru JZ	marche	les deux verites concordent	2ff92041	VALIDE	Chisco V1
ls	c46ef9d1	88607	AphexTwinnnn	marche	les deux verites concordent	f3c1f9a8	SOUS_RESERVE	F4NTXY
ls	c46ef9d1	90008	F4NTXY	marche	les deux verites concordent	f3c1f9a8	SOUS_RESERVE	AbsoChad
ls	c46ef9d1	92994	Chisco V1	marche	les deux verites concordent	f3c1f9a8	SOUS_RESERVE	Satoru JZ
ls	c46ef9d1	98500	Satoru JZ	marche	les deux verites concordent	f3c1f9a8	SOUS_RESERVE	AbsoChad
ls	c46ef9d1	100502	AbsoChad	marche	les deux verites concordent	f3c1f9a8	SOUS_RESERVE	Nuzzles
ls	c46ef9d1	102954	Nuzzles	marche	les deux verites concordent	f3c1f9a8	SOUS_RESERVE	xATHENEUZ
ls	c46ef9d1	103655	xATHENEUZ	marche	les deux verites concordent	f3c1f9a8	SOUS_RESERVE	Constrictor Dog
ls	c46ef9d1	105958	F4NTXY	scan	les deux verites concordent	f3c1f9a8	SOUS_RESERVE	AphexTwinnnn
ls	c46ef9d1	116018	AbsoChad	marche	les deux verites concordent	f3c1f9a8	SOUS_RESERVE	Satoru JZ
ls	c46ef9d1	116068	Constrictor Dog	marche	les deux verites concordent	f3c1f9a8	SOUS_RESERVE	Chisco V1
ls	c46ef9d1	119738	Satoru JZ	marche	les deux verites concordent	da3b5ba4	VALIDE	AphexTwinnnn
ls	c46ef9d1	125611	Chisco V1	marche	les deux verites concordent	f3c1f9a8	SOUS_RESERVE	F4NTXY
ls	c46ef9d1	130716	xATHENEUZ	marche	les deux verites concordent	f3c1f9a8	SOUS_RESERVE	Nuzzles
ls	c46ef9d1	142779	AbsoChad	marche	les deux verites concordent	f3c1f9a8	SOUS_RESERVE	Nuzzles
ls	c46ef9d1	143279	F4NTXY	marche	les deux verites concordent	f3c1f9a8	SOUS_RESERVE	Chisco V1
ls	c46ef9d1	147399	Nuzzles	marche	les deux verites concordent	daa03c35	VALIDE	Chisco V1
ls	c46ef9d1	152671	Constrictor Dog	marche	les deux verites concordent	daa03c35	VALIDE	Chisco V1
ls	c46ef9d1	155491	Chisco V1	marche	les deux verites concordent	f3c1f9a8	SOUS_RESERVE	Satoru JZ
ls	c46ef9d1	159110	F4NTXY	marche	les deux verites concordent	da3b5ba4	VALIDE	xATHENEUZ
ls	c46ef9d1	164417	AphexTwinnnn	marche	les deux verites concordent	f3c1f9a8	SOUS_RESERVE	Satoru JZ
ls	c46ef9d1	174778	xATHENEUZ	marche	les deux verites concordent	f3c1f9a8	SOUS_RESERVE	Satoru JZ
ls	c46ef9d1	179664	Nuzzles	marche	les deux verites concordent	da3b5ba4	VALIDE	AbsoChad
ls	c46ef9d1	180583	F4NTXY	marche	les deux verites concordent	f3c1f9a8	SOUS_RESERVE	AphexTwinnnn
ls	c46ef9d1	188491	Satoru JZ	marche	les deux verites concordent	f3c1f9a8	SOUS_RESERVE	AbsoChad
ls	c46ef9d1	199502	Constrictor Dog	marche	les deux verites concordent	2ff92041	VALIDE	Chisco V1
ls	c46ef9d1	200987	F4NTXY	marche	les deux verites concordent	2ff92041	VALIDE	AphexTwinnnn
ls	c46ef9d1	200988	AphexTwinnnn	marche	les deux verites concordent	2ff92041	VALIDE	F4NTXY
ls	c46ef9d1	207560	Nuzzles	marche	les deux verites concordent	f3c1f9a8	SOUS_RESERVE	Chisco V1
ls	c46ef9d1	214066	AbsoChad	marche	les deux verites concordent	f3c1f9a8	SOUS_RESERVE	Constrictor Dog
ls	c46ef9d1	219622	Satoru JZ	marche	les deux verites concordent	f3c1f9a8	SOUS_RESERVE	Chisco V1
ls	c46ef9d1	226463	AphexTwinnnn	marche	les deux verites concordent	0000d627	VALIDE	Constrictor Dog
ls	c46ef9d1	231635	AbsoChad	marche	les deux verites concordent	daa03c35	VALIDE	Nuzzles
ls	c46ef9d1	241095	Constrictor Dog	marche	les deux verites concordent	f3c1f9a8	SOUS_RESERVE	xATHENEUZ
ls	c46ef9d1	243331	xATHENEUZ	marche	les deux verites concordent	f3c1f9a8	SOUS_RESERVE	F4NTXY
ls	c46ef9d1	244248	Satoru JZ	marche	les deux verites concordent	f3c1f9a8	SOUS_RESERVE	Chisco V1
ls	c46ef9d1	246784	Chisco V1	marche	les deux verites concordent	f3c1f9a8	SOUS_RESERVE	Nuzzles
ls	c46ef9d1	246934	Nuzzles	marche	les deux verites concordent	f3c1f9a8	SOUS_RESERVE	AphexTwinnnn
ls	c46ef9d1	260782	Constrictor Dog	marche	les deux verites concordent	f3c1f9a8	SOUS_RESERVE	AbsoChad
ls	c46ef9d1	266471	F4NTXY	marche	les deux verites concordent	f3c1f9a8	SOUS_RESERVE	Chisco V1
ls	c46ef9d1	270291	Nuzzles	marche	les deux verites concordent	f3c1f9a8	SOUS_RESERVE	AbsoChad
ls	c46ef9d1	277882	Constrictor Dog	marche	les deux verites concordent	2ff92041	VALIDE	AphexTwinnnn
ls	c46ef9d1	278249	Satoru JZ	marche	les deux verites concordent	daa03c35	VALIDE	AbsoChad
ls	c46ef9d1	279049	Chisco V1	marche	les deux verites concordent	da3b5ba4	VALIDE	Satoru JZ
ls	c46ef9d1	282387	AphexTwinnnn	marche	les deux verites concordent	f3c1f9a8	SOUS_RESERVE	Nuzzles
ls	c46ef9d1	289711	F4NTXY	marche	les deux verites concordent	f3c1f9a8	SOUS_RESERVE	AbsoChad
ls	c46ef9d1	295834	xATHENEUZ	marche	les deux verites concordent	f3c1f9a8	SOUS_RESERVE	Nuzzles
ls	c46ef9d1	299470	Chisco V1	marche	les deux verites concordent	2ff92041	VALIDE	Constrictor Dog
ls	c46ef9d1	299787	AbsoChad	marche	les deux verites concordent	f3c1f9a8	SOUS_RESERVE	Nuzzles
ls	c46ef9d1	308212	AphexTwinnnn	marche	les deux verites concordent	f3c1f9a8	SOUS_RESERVE	Satoru JZ
ls	c46ef9d1	311132	Satoru JZ	marche	les deux verites concordent	f3c1f9a8	SOUS_RESERVE	xATHENEUZ
ls	c46ef9d1	314635	xATHENEUZ	marche	les deux verites concordent	f3c1f9a8	SOUS_RESERVE	Nuzzles
ls	c46ef9d1	315586	AbsoChad	marche	les deux verites concordent	f3c1f9a8	SOUS_RESERVE	Constrictor Dog
ls	c46ef9d1	315669	Chisco V1	marche	les deux verites concordent	da3b5ba4	VALIDE	F4NTXY
ls	c46ef9d1	328700	F4NTXY	marche	les deux verites concordent	f3c1f9a8	SOUS_RESERVE	AphexTwinnnn
ls	c46ef9d1	330935	AphexTwinnnn	marche	les deux verites concordent	f3c1f9a8	SOUS_RESERVE	Satoru JZ
ls	c46ef9d1	331653	Satoru JZ	marche	les deux verites concordent	f3c1f9a8	SOUS_RESERVE	xATHENEUZ
ls	c46ef9d1	340411	Nuzzles	marche	les deux verites concordent	f3c1f9a8	SOUS_RESERVE	AbsoChad
ls	c46ef9d1	345583	Chisco V1	marche	les deux verites concordent	daa03c35	VALIDE	F4NTXY
ls	c46ef9d1	349404	F4NTXY	marche	les deux verites concordent	f3c1f9a8	SOUS_RESERVE	xATHENEUZ
ls	c46ef9d1	350338	AbsoChad	marche	les deux verites concordent	f3c1f9a8	SOUS_RESERVE	Satoru JZ
ls	c46ef9d1	351222	Satoru JZ	marche	les deux verites concordent	f3c1f9a8	SOUS_RESERVE	AphexTwinnnn
ls	c46ef9d1	367055	AphexTwinnnn	marche	les deux verites concordent	0000b29c	SOUS_RESERVE	Constrictor Dog
ls	c46ef9d1	367388	Satoru JZ	scan	les deux verites concordent	daa03c35	VALIDE	AbsoChad
ls	c46ef9d1	367606	Chisco V1	marche	les deux verites concordent	0000b29c	SOUS_RESERVE	Constrictor Dog
ls	c46ef9d1	369374	F4NTXY	marche	les deux verites concordent	f3c1f9a8	SOUS_RESERVE	AbsoChad
ls	c46ef9d1	373912	Nuzzles	marche	les deux verites concordent	f3c1f9a8	SOUS_RESERVE	AbsoChad
ls	c46ef9d1	378600	Constrictor Dog	marche	les deux verites concordent	f3c1f9a8	SOUS_RESERVE	xATHENEUZ
ls	c46ef9d1	398388	Chisco V1	scan	les deux verites concordent	da3b5ba4	VALIDE	F4NTXY
ls	c46ef9d1	404546	Satoru JZ	marche	les deux verites concordent	f3c1f9a8	SOUS_RESERVE	AphexTwinnnn
ls	c46ef9d1	407131	AphexTwinnnn	marche	les deux verites concordent	f3c1f9a8	SOUS_RESERVE	F4NTXY
ls	c46ef9d1	416591	AbsoChad	marche	les deux verites concordent	f3c1f9a8	SOUS_RESERVE	Nuzzles
ls	c46ef9d1	418059	Constrictor Dog	marche	les deux verites concordent	daa03c35	VALIDE	xATHENEUZ
ls	c46ef9d1	422614	Chisco V1	marche	les deux verites concordent	2ff92041	VALIDE	Nuzzles
ls	c46ef9d1	423030	F4NTXY	marche	les deux verites concordent	2ff92041	VALIDE	xATHENEUZ
ls	c46ef9d1	423032	xATHENEUZ	marche	les deux verites concordent	2ff92041	VALIDE	F4NTXY
ls	c46ef9d1	430471	Satoru JZ	marche	les deux verites concordent	f3c1f9a8	SOUS_RESERVE	AphexTwinnnn
ls	c46ef9d1	439447	F4NTXY	marche	les deux verites concordent	daa03c35	VALIDE	AbsoChad
ls	c46ef9d1	442600	Chisco V1	marche	les deux verites concordent	0000b29c	SOUS_RESERVE	Nuzzles
ls	c46ef9d1	445503	Nuzzles	marche	les deux verites concordent	f3c1f9a8	SOUS_RESERVE	xATHENEUZ
ls	c46ef9d1	450124	AbsoChad	marche	les deux verites concordent	f3c1f9a8	SOUS_RESERVE	Satoru JZ
ls	c46ef9d1	452430	Constrictor Dog	marche	les deux verites concordent	f3c1f9a8	SOUS_RESERVE	AphexTwinnnn
ls	c46ef9d1	458416	xATHENEUZ	marche	les deux verites concordent	f3c1f9a8	SOUS_RESERVE	Satoru JZ
ls	c46ef9d1	461469	Satoru JZ	marche	les deux verites concordent	f3c1f9a8	SOUS_RESERVE	AphexTwinnnn
ls	c46ef9d1	469061	F4NTXY	marche	les deux verites concordent	f3c1f9a8	SOUS_RESERVE	AbsoChad
ls	c46ef9d1	469077	AphexTwinnnn	scan	les deux verites concordent	f3c1f9a8	SOUS_RESERVE	F4NTXY
ls	c46ef9d1	473615	Chisco V1	marche	les deux verites concordent	f3c1f9a8	SOUS_RESERVE	Nuzzles
ls	c46ef9d1	473715	Nuzzles	marche	les deux verites concordent	f3c1f9a8	SOUS_RESERVE	Chisco V1
ls	c46ef9d1	475667	AbsoChad	marche	les deux verites concordent	daa03c35	VALIDE	Constrictor Dog
ls	c46ef9d1	487964	AphexTwinnnn	marche	les deux verites concordent	f3c1f9a8	SOUS_RESERVE	F4NTXY
ls	c46ef9d1	491600	xATHENEUZ	marche	les deux verites concordent	daa03c35	VALIDE	Satoru JZ
ls	c46ef9d1	496122	Nuzzles	marche	les deux verites concordent	f3c1f9a8	SOUS_RESERVE	Chisco V1
ls	c46ef9d1	496756	F4NTXY	marche	les deux verites concordent	f3c1f9a8	SOUS_RESERVE	AbsoChad
ls	c46ef9d1	497723	Chisco V1	marche	les deux verites concordent	f3c1f9a8	SOUS_RESERVE	Satoru JZ
ls	c46ef9d1	503812	Satoru JZ	marche	les deux verites concordent	f3c1f9a8	SOUS_RESERVE	AbsoChad
ls	c46ef9d1	519094	Chisco V1	marche	les deux verites concordent	f3c1f9a8	SOUS_RESERVE	F4NTXY
ls	c46ef9d1	522348	F4NTXY	marche	les deux verites concordent	f3c1f9a8	SOUS_RESERVE	xATHENEUZ
ls	c46ef9d1	524049	xATHENEUZ	marche	les deux verites concordent	da3b5ba4	VALIDE	Nuzzles
ls	c46ef9d1	524200	AbsoChad	marche	les deux verites concordent	f3c1f9a8	SOUS_RESERVE	Satoru JZ
ls	c46ef9d1	530289	AphexTwinnnn	marche	les deux verites concordent	f3c1f9a8	SOUS_RESERVE	Satoru JZ
ls	c46ef9d1	542502	Chisco V1	marche	les deux verites concordent	f3c1f9a8	SOUS_RESERVE	Satoru JZ
ls	c46ef9d1	543136	F4NTXY	marche	les deux verites concordent	f3c1f9a8	SOUS_RESERVE	xATHENEUZ
ls	c46ef9d1	553580	AbsoChad	marche	les deux verites concordent	f3c1f9a8	SOUS_RESERVE	Constrictor Dog
ls	c46ef9d1	554581	Constrictor Dog	marche	les deux verites concordent	f3c1f9a8	SOUS_RESERVE	AphexTwinnnn
ls	c46ef9d1	555899	Satoru JZ	marche	les deux verites concordent	f3c1f9a8	SOUS_RESERVE	xATHENEUZ
ls	c46ef9d1	569696	xATHENEUZ	marche	les deux verites concordent	f3c1f9a8	SOUS_RESERVE	Nuzzles
ls	c46ef9d1	572566	Satoru JZ	marche	les deux verites concordent	f3c1f9a8	SOUS_RESERVE	Chisco V1
ls	c46ef9d1	575502	F4NTXY	marche	les deux verites concordent	f3c1f9a8	SOUS_RESERVE	AphexTwinnnn
ls	c46ef9d1	577287	AbsoChad	marche	les deux verites concordent	f3c1f9a8	SOUS_RESERVE	Nuzzles
ls	c46ef9d1	584595	Chisco V1	marche	les deux verites concordent	f3c1f9a8	SOUS_RESERVE	Satoru JZ
ls	c46ef9d1	586130	Nuzzles	marche	les deux verites concordent	f3c1f9a8	SOUS_RESERVE	xATHENEUZ
ls	c46ef9d1	588949	AphexTwinnnn	marche	les deux verites concordent	f3c1f9a8	SOUS_RESERVE	Satoru JZ
ls	c46ef9d1	590451	F4NTXY	marche	les deux verites concordent	f3c1f9a8	SOUS_RESERVE	xATHENEUZ
ls	c46ef9d1	595154	xATHENEUZ	marche	les deux verites concordent	da3b5ba4	VALIDE	Constrictor Dog
ls	c46ef9d1	597558	Satoru JZ	marche	les deux verites concordent	f3c1f9a8	SOUS_RESERVE	AbsoChad
ls	c46ef9d1	605966	AbsoChad	marche	les deux verites concordent	f3c1f9a8	SOUS_RESERVE	Constrictor Dog
ls	c46ef9d1	609637	Constrictor Dog	marche	les deux verites concordent	f3c1f9a8	SOUS_RESERVE	Chisco V1
ls	c46ef9d1	609719	xATHENEUZ	scan	les deux verites concordent	daa03c35	VALIDE	F4NTXY
ls	c46ef9d1	614491	Nuzzles	marche	les deux verites concordent	f3c1f9a8	SOUS_RESERVE	AphexTwinnnn
ls	c46ef9d1	617761	Satoru JZ	marche	les deux verites concordent	f3c1f9a8	SOUS_RESERVE	Chisco V1
ls	c46ef9d1	622633	Chisco V1	marche	les deux verites concordent	f3c1f9a8	SOUS_RESERVE	F4NTXY
ls	c46ef9d1	625903	F4NTXY	marche	les deux verites concordent	f3c1f9a8	SOUS_RESERVE	AbsoChad
ls	c46ef9d1	630658	AbsoChad	marche	les deux verites concordent	f3c1f9a8	SOUS_RESERVE	Nuzzles
ls	c46ef9d1	631976	xATHENEUZ	marche	les deux verites concordent	f3c1f9a8	SOUS_RESERVE	Satoru JZ
ls	c46ef9d1	642003	AphexTwinnnn	marche	les deux verites concordent	da3b5ba4	VALIDE	Constrictor Dog
ls	c46ef9d1	646239	Constrictor Dog	marche	les deux verites concordent	f3c1f9a8	SOUS_RESERVE	Chisco V1
ls	c46ef9d1	651745	Satoru JZ	marche	les deux verites concordent	f3c1f9a8	SOUS_RESERVE	Chisco V1
ls	c46ef9d1	658502	Nuzzles	marche	les deux verites concordent	f3c1f9a8	SOUS_RESERVE	xATHENEUZ
ls	c46ef9d1	665509	F4NTXY	marche	les deux verites concordent	f3c1f9a8	SOUS_RESERVE	xATHENEUZ
ls	c46ef9d1	674269	AphexTwinnnn	marche	les deux verites concordent	f3c1f9a8	SOUS_RESERVE	Nuzzles
ls	c46ef9d1	679257	Chisco V1	scan	les deux verites concordent	2ff92041	VALIDE	Satoru JZ
ls	c46ef9d1	681726	xATHENEUZ	marche	les deux verites concordent	f3c1f9a8	SOUS_RESERVE	Constrictor Dog
ls	c46ef9d1	692237	AbsoChad	marche	les deux verites concordent	f3c1f9a8	SOUS_RESERVE	Nuzzles
ls	c46ef9d1	695990	Nuzzles	marche	les deux verites concordent	f3c1f9a8	SOUS_RESERVE	AphexTwinnnn
ls	c46ef9d1	699711	Chisco V1	marche	les deux verites concordent	f3c1f9a8	SOUS_RESERVE	F4NTXY
ls	c46ef9d1	701428	F4NTXY	marche	les deux verites concordent	00404748	VALIDE	AphexTwinnnn
ls	c46ef9d1	702897	AphexTwinnnn	marche	les deux verites concordent	f3c1f9a8	SOUS_RESERVE	Constrictor Dog
ls	c46ef9d1	711172	Satoru JZ	marche	les deux verites concordent	f3c1f9a8	SOUS_RESERVE	xATHENEUZ
ls	c46ef9d1	716711	xATHENEUZ	marche	les deux verites concordent	daa03c35	VALIDE	Constrictor Dog
ls	c46ef9d1	723017	Chisco V1	marche	les deux verites concordent	f3c1f9a8	SOUS_RESERVE	Constrictor Dog
ls	c46ef9d1	723752	Nuzzles	marche	les deux verites concordent	f3c1f9a8	SOUS_RESERVE	AbsoChad
ls	c46ef9d1	728357	AbsoChad	marche	les deux verites concordent	f3c1f9a8	SOUS_RESERVE	Constrictor Dog
ls	c46ef9d1	733596	AphexTwinnnn	marche	les deux verites concordent	f3c1f9a8	SOUS_RESERVE	F4NTXY
ls	c46ef9d1	733612	F4NTXY	marche	les deux verites concordent	daa03c35	VALIDE	AphexTwinnnn
ls	c46ef9d1	735129	Satoru JZ	scan	les deux verites concordent	f3c1f9a8	SOUS_RESERVE	xATHENEUZ
ls	c46ef9d1	745223	Constrictor Dog	marche	les deux verites concordent	daa03c35	VALIDE	xATHENEUZ
ls	c46ef9d1	745740	xATHENEUZ	marche	les deux verites concordent	f3c1f9a8	SOUS_RESERVE	Nuzzles
ls	c46ef9d1	754416	Satoru JZ	marche	les deux verites concordent	f3c1f9a8	SOUS_RESERVE	AbsoChad
ls	c46ef9d1	755934	AphexTwinnnn	marche	les deux verites concordent	f3c1f9a8	SOUS_RESERVE	F4NTXY
ls	c46ef9d1	757336	F4NTXY	marche	les deux verites concordent	f3c1f9a8	SOUS_RESERVE	AbsoChad
ls	c46ef9d1	778323	Constrictor Dog	marche	les deux verites concordent	f3c1f9a8	SOUS_RESERVE	AbsoChad
ls	c46ef9d1	779241	Chisco V1	marche	les deux verites concordent	da3b5ba4	VALIDE	Satoru JZ
ls	c46ef9d1	783896	AbsoChad	marche	les deux verites concordent	f3c1f9a8	SOUS_RESERVE	F4NTXY
ls	c46ef9d1	788434	AphexTwinnnn	marche	les deux verites concordent	f3c1f9a8	SOUS_RESERVE	Satoru JZ
ls	c46ef9d1	796692	xATHENEUZ	marche	les deux verites concordent	daa03c35	VALIDE	Constrictor Dog
ls	c46ef9d1	797309	Constrictor Dog	marche	les deux verites concordent	0000d627	VALIDE	xATHENEUZ
ls	c46ef9d1	802549	Chisco V1	marche	les deux verites concordent	f3c1f9a8	SOUS_RESERVE	Satoru JZ
ls	c46ef9d1	805835	AbsoChad	marche	les deux verites concordent	f3c1f9a8	SOUS_RESERVE	F4NTXY
ls	c46ef9d1	815945	xATHENEUZ	marche	les deux verites concordent	daa03c35	VALIDE	Nuzzles
ls	c46ef9d1	826189	AbsoChad	marche	les deux verites concordent	daa03c35	VALIDE	Satoru JZ
ls	c46ef9d1	830376	F4NTXY	marche	les deux verites concordent	f3c1f9a8	SOUS_RESERVE	xATHENEUZ
ls	c46ef9d1	831610	Constrictor Dog	marche	les deux verites concordent	daa03c35	VALIDE	Chisco V1
ls	c46ef9d1	833279	Chisco V1	marche	les deux verites concordent	f3c1f9a8	SOUS_RESERVE	Satoru JZ
ls	c46ef9d1	840520	xATHENEUZ	marche	les deux verites concordent	000027cc	VALIDE	Nuzzles
ls	c46ef9d1	843523	Satoru JZ	marche	les deux verites concordent	f3c1f9a8	SOUS_RESERVE	AbsoChad
ls	c46ef9d1	846575	Nuzzles	marche	les deux verites concordent	daa03c35	VALIDE	AphexTwinnnn
ls	c46ef9d1	846642	AphexTwinnnn	marche	les deux verites concordent	daa03c35	VALIDE	Nuzzles
ls	c46ef9d1	857537	Chisco V1	marche	les deux verites concordent	f3c1f9a8	SOUS_RESERVE	F4NTXY
ls	c46ef9d1	862441	AbsoChad	marche	les deux verites concordent	daa03c35	VALIDE	F4NTXY
ls	c46ef9d1	866746	AphexTwinnnn	marche	les deux verites concordent	2ff92041	VALIDE	Constrictor Dog
ls	c46ef9d1	866996	xATHENEUZ	marche	les deux verites concordent	daa03c35	VALIDE	Nuzzles
ls	c46ef9d1	879108	Chisco V1	marche	les deux verites concordent	f3c1f9a8	SOUS_RESERVE	Nuzzles
ls	c46ef9d1	881011	Nuzzles	marche	les deux verites concordent	f3c1f9a8	SOUS_RESERVE	AbsoChad
ls	c46ef9d1	885464	Constrictor Dog	marche	les deux verites concordent	da3b5ba4	VALIDE	AphexTwinnnn
ls	c46ef9d1	891087	Satoru JZ	marche	les deux verites concordent	f3c1f9a8	SOUS_RESERVE	AphexTwinnnn
ls	c46ef9d1	896176	AbsoChad	marche	les deux verites concordent	f3c1f9a8	SOUS_RESERVE	F4NTXY
ls	c46ef9d1	897994	F4NTXY	marche	les deux verites concordent	f3c1f9a8	SOUS_RESERVE	AphexTwinnnn
ls	c46ef9d1	900931	xATHENEUZ	marche	les deux verites concordent	f3c1f9a8	SOUS_RESERVE	Nuzzles
ls	c46ef9d1	908271	AphexTwinnnn	marche	les deux verites concordent	f3c1f9a8	SOUS_RESERVE	Constrictor Dog
ls	c46ef9d1	915312	AbsoChad	marche	les deux verites concordent	f3c1f9a8	SOUS_RESERVE	Constrictor Dog
ls	c46ef9d1	917064	Constrictor Dog	marche	les deux verites concordent	f3c1f9a8	SOUS_RESERVE	Chisco V1
ls	c46ef9d1	919266	Nuzzles	marche	les deux verites concordent	f3c1f9a8	SOUS_RESERVE	xATHENEUZ
ls	c46ef9d1	920200	Chisco V1	marche	les deux verites concordent	2ff92041	VALIDE	Satoru JZ
ls	c46ef9d1	921885	xATHENEUZ	marche	les deux verites concordent	f3c1f9a8	SOUS_RESERVE	F4NTXY
ls	c46ef9d1	924904	Satoru JZ	marche	les deux verites concordent	f3c1f9a8	SOUS_RESERVE	AphexTwinnnn
ls	c46ef9d1	938518	Nuzzles	marche	les deux verites concordent	f3c1f9a8	SOUS_RESERVE	AbsoChad
ls	c46ef9d1	941705	Chisco V1	marche	les deux verites concordent	f3c1f9a8	SOUS_RESERVE	Constrictor Dog
ls	c46ef9d1	947027	AphexTwinnnn	marche	les deux verites concordent	f3c1f9a8	SOUS_RESERVE	F4NTXY
ls	c46ef9d1	948145	AbsoChad	marche	les deux verites concordent	f3c1f9a8	SOUS_RESERVE	Satoru JZ
ls	c46ef9d1	957703	xATHENEUZ	marche	les deux verites concordent	daa03c35	VALIDE	Nuzzles
ls	c46ef9d1	966630	F4NTXY	marche	les deux verites concordent	2ff92041	VALIDE	AphexTwinnnn
ls	c46ef9d1	968048	Satoru JZ	marche	les deux verites concordent	f3c1f9a8	SOUS_RESERVE	Chisco V1
ls	c46ef9d1	974938	Chisco V1	marche	les deux verites concordent	f3c1f9a8	SOUS_RESERVE	Constrictor Dog
ls	c46ef9d1	978458	Nuzzles	marche	les deux verites concordent	daa03c35	VALIDE	xATHENEUZ
ls	c46ef9d1	985966	F4NTXY	marche	les deux verites concordent	f3c1f9a8	SOUS_RESERVE	AbsoChad
ls	c46ef9d1	992655	xATHENEUZ	marche	les deux verites concordent	f3c1f9a8	SOUS_RESERVE	Satoru JZ
ls	c46ef9d1	992739	Satoru JZ	marche	les deux verites concordent	f3c1f9a8	SOUS_RESERVE	AphexTwinnnn
ls	c46ef9d1	999130	Nuzzles	marche	les deux verites concordent	f3c1f9a8	SOUS_RESERVE	AphexTwinnnn
ls	c46ef9d1	1000848	AbsoChad	marche	les deux verites concordent	7ff0849c	SOUS_RESERVE	Constrictor Dog
ls	c46ef9d1	1003383	F4NTXY	marche	les deux verites concordent	f3c1f9a8	SOUS_RESERVE	AphexTwinnnn
ls	c46ef9d1	1009090	Constrictor Dog	marche	les deux verites concordent	f3c1f9a8	SOUS_RESERVE	AphexTwinnnn
ls	c46ef9d1	1013976	Satoru JZ	marche	les deux verites concordent	da3b5ba4	VALIDE	AphexTwinnnn
ls	c46ef9d1	1017097	xATHENEUZ	marche	les deux verites concordent	f3c1f9a8	SOUS_RESERVE	F4NTXY
ls	c46ef9d1	1020418	Nuzzles	marche	les deux verites concordent	f3c1f9a8	SOUS_RESERVE	AphexTwinnnn
ls	c46ef9d1	1027591	AbsoChad	marche	les deux verites concordent	f3c1f9a8	SOUS_RESERVE	F4NTXY
ls	c46ef9d1	1030077	F4NTXY	marche	les deux verites concordent	f3c1f9a8	SOUS_RESERVE	AphexTwinnnn
ls	c46ef9d1	1038753	xATHENEUZ	marche	les deux verites concordent	f3c1f9a8	SOUS_RESERVE	Constrictor Dog
ls	c46ef9d1	1039803	Satoru JZ	marche	les deux verites concordent	f3c1f9a8	SOUS_RESERVE	AphexTwinnnn
ls	c46ef9d1	1041220	AphexTwinnnn	marche	les deux verites concordent	da3b5ba4	VALIDE	Satoru JZ
ls	c46ef9d1	1041872	Chisco V1	marche	les deux verites concordent	daa03c35	VALIDE	Constrictor Dog
ls	c46ef9d1	1055436	F4NTXY	marche	les deux verites concordent	f3c1f9a8	SOUS_RESERVE	xATHENEUZ
ls	c46ef9d1	1057354	Satoru JZ	marche	les deux verites concordent	f3c1f9a8	SOUS_RESERVE	AphexTwinnnn
ls	c46ef9d1	1062593	AbsoChad	marche	les deux verites concordent	f3c1f9a8	SOUS_RESERVE	Constrictor Dog
ls	c46ef9d1	1065666	Nuzzles	marche	les deux verites concordent	f3c1f9a8	SOUS_RESERVE	AphexTwinnnn
ls	c46ef9d1	1071054	xATHENEUZ	marche	les deux verites concordent	f3c1f9a8	SOUS_RESERVE	F4NTXY
ls	c46ef9d1	1072907	F4NTXY	marche	les deux verites concordent	f3c1f9a8	SOUS_RESERVE	AphexTwinnnn
ls	c46ef9d1	1076043	Chisco V1	scan	les deux verites concordent	daa03c35	VALIDE	Constrictor Dog
ls	c46ef9d1	1079313	Satoru JZ	marche	les deux verites concordent	f3c1f9a8	SOUS_RESERVE	AbsoChad
ls	c46ef9d1	1081282	AphexTwinnnn	marche	les deux verites concordent	daa03c35	VALIDE	Nuzzles
ls	c46ef9d1	1085018	AbsoChad	marche	les deux verites concordent	daa03c35	VALIDE	Nuzzles
ls	c46ef9d1	1085435	Nuzzles	marche	les deux verites concordent	f3c1f9a8	SOUS_RESERVE	xATHENEUZ
ls	c46ef9d1	1091993	xATHENEUZ	marche	les deux verites concordent	f3c1f9a8	SOUS_RESERVE	F4NTXY
ls	c46ef9d1	1101753	Chisco V1	marche	les deux verites concordent	f3c1f9a8	SOUS_RESERVE	Constrictor Dog
ls	c46ef9d1	1106291	AbsoChad	marche	les deux verites concordent	2ff92041	VALIDE	Constrictor Dog
ls	c46ef9d1	1106293	Constrictor Dog	marche	les deux verites concordent	2ff92041	VALIDE	AbsoChad
ls	c46ef9d1	1113098	AphexTwinnnn	marche	les deux verites concordent	f3c1f9a8	SOUS_RESERVE	F4NTXY
ls	c46ef9d1	1113147	F4NTXY	marche	les deux verites concordent	f3c1f9a8	SOUS_RESERVE	AphexTwinnnn
ls	c46ef9d1	1123208	xATHENEUZ	scan	les deux verites concordent	f3c1f9a8	SOUS_RESERVE	Nuzzles
ls	c46ef9d1	1124825	Chisco V1	scan	les deux verites concordent	f3c1f9a8	SOUS_RESERVE	Nuzzles
ls	c46ef9d1	1128196	Satoru JZ	scan	les deux verites concordent	f3c1f9a8	SOUS_RESERVE	AbsoChad
ls	c46ef9d1	1138473	AbsoChad	scan	les deux verites concordent	f3c1f9a8	SOUS_RESERVE	Constrictor Dog
ls	c46ef9d1	1142911	xATHENEUZ	marche	les deux verites concordent	f3c1f9a8	SOUS_RESERVE	Satoru JZ
ls	c46ef9d1	1151903	Chisco V1	marche	les deux verites concordent	f3c1f9a8	SOUS_RESERVE	Nuzzles
ls	c46ef9d1	1154172	Constrictor Dog	scan	les deux verites concordent	daa03c35	VALIDE	AphexTwinnnn
ls	c46ef9d1	1158576	Nuzzles	scan	les deux verites concordent	f3c1f9a8	SOUS_RESERVE	AphexTwinnnn
ls	c46ef9d1	1161830	Satoru JZ	marche	les deux verites concordent	f3c1f9a8	SOUS_RESERVE	AphexTwinnnn
ls	c46ef9d1	1164165	F4NTXY	marche	les deux verites concordent	f3c1f9a8	SOUS_RESERVE	xATHENEUZ
ls	c46ef9d1	1179664	AphexTwinnnn	marche	les deux verites concordent	daa03c35	VALIDE	Nuzzles
ls	c46ef9d1	1183018	Nuzzles	marche	les deux verites concordent	f3c1f9a8	SOUS_RESERVE	xATHENEUZ
ls	c46ef9d1	1183868	xATHENEUZ	marche	les deux verites concordent	f3c1f9a8	SOUS_RESERVE	Satoru JZ
ls	c46ef9d1	1186471	AbsoChad	marche	les deux verites concordent	f3c1f9a8	SOUS_RESERVE	F4NTXY
ls	c46ef9d1	1187672	Chisco V1	marche	les deux verites concordent	f3c1f9a8	SOUS_RESERVE	Satoru JZ
ls	c46ef9d1	1187689	Satoru JZ	marche	les deux verites concordent	f3c1f9a8	SOUS_RESERVE	Chisco V1
ls	c46ef9d1	1203372	xATHENEUZ	marche	les deux verites concordent	f3c1f9a8	SOUS_RESERVE	Satoru JZ
ls	c46ef9d1	1208676	Chisco V1	marche	les deux verites concordent	daa03c35	VALIDE	F4NTXY
ls	c46ef9d1	1208893	AbsoChad	marche	les deux verites concordent	0000b29c	SOUS_RESERVE	Constrictor Dog
ls	c46ef9d1	1209828	F4NTXY	marche	les deux verites concordent	f3c1f9a8	SOUS_RESERVE	AphexTwinnnn
ls	c75f33b8	82450	Mr Painvoll	scan	les deux verites concordent	15cdba9d	VALIDE	vittelalter
ls	c75f33b8	82452	DinoR00	scan	les deux verites concordent	15cdba9d	VALIDE	vittelalter
ls	c75f33b8	86202	Hunger Hill3333	marche	source appartenant a la victime	d468178e	SOUS_RESERVE	LadyJezz
ls	c75f33b8	93912	scuderiasven	scan	les deux verites concordent	2ff92041	VALIDE	Ticsicfief
ls	c75f33b8	93914	Ticsicfief	scan	les deux verites concordent	2ff92041	VALIDE	scuderiasven
ls	c75f33b8	105705	DinoR00	marche	les deux verites concordent	d468178e	SOUS_RESERVE	LadyJezz
ls	c75f33b8	107157	Hunger Hill3333	marche	les deux verites concordent	daa03c35	VALIDE	HyperFiero078
ls	c75f33b8	108691	Ticsicfief	marche	les deux verites concordent	d468178e	SOUS_RESERVE	LadyJezz
ls	c75f33b8	135071	Mr Painvoll	scan	les deux verites concordent	15cdba9d	VALIDE	LadyJezz
ls	c75f33b8	138491	LadyJezz	marche	les deux verites concordent	da3b5ba4	VALIDE	Hunger Hill3333
ls	c75f33b8	142330	DinoR00	marche	les deux verites concordent	0000b238	SOUS_RESERVE	scuderiasven
ls	c75f33b8	154073	Hunger Hill3333	marche	les deux verites concordent	da3b5ba4	VALIDE	vittelalter
ls	c75f33b8	155075	Mr Painvoll	marche	les deux verites concordent	0000b238	SOUS_RESERVE	LadyJezz
ls	c75f33b8	175313	LadyJezz	marche	les deux verites concordent	0000b238	SOUS_RESERVE	Hunger Hill3333
ls	c75f33b8	179717	scuderiasven	marche	les deux verites concordent	0000b238	SOUS_RESERVE	Hunger Hill3333
ls	c75f33b8	183288	HyperFiero078	marche	les deux verites concordent	bb1a095b	SOUS_RESERVE	Mr Painvoll
ls	c75f33b8	187291	Hunger Hill3333	marche	les deux verites concordent	bb1a095b	SOUS_RESERVE	vittelalter
ls	c75f33b8	187341	vittelalter	scan	les deux verites concordent	bb1a095b	SOUS_RESERVE	Hunger Hill3333
ls	c75f33b8	194849	scuderiasven	marche	les deux verites concordent	000027cc	VALIDE	Sierra16Delta
ls	c75f33b8	202757	DinoR00	marche	les deux verites concordent	bb1a095b	SOUS_RESERVE	HyperFiero078
ls	c75f33b8	207577	Mr Painvoll	marche	les deux verites concordent	d468178e	SOUS_RESERVE	LadyJezz
ls	c75f33b8	207578	Sierra16Delta	marche	les deux verites concordent	d468178e	SOUS_RESERVE	LadyJezz
ls	c75f33b8	213017	HyperFiero078	marche	les deux verites concordent	0000b238	SOUS_RESERVE	Hunger Hill3333
ls	c75f33b8	219890	scuderiasven	marche	les deux verites concordent	da3b5ba4	VALIDE	DinoR00
ls	c75f33b8	221643	Hunger Hill3333	marche	les deux verites concordent	0000b238	SOUS_RESERVE	LadyJezz
ls	c75f33b8	224846	LadyJezz	marche	les deux verites concordent	2ff92041	VALIDE	DinoR00
ls	c75f33b8	224849	DinoR00	marche	les deux verites concordent	2ff92041	VALIDE	LadyJezz
ls	c75f33b8	237192	Mr Painvoll	marche	les deux verites concordent	0000b238	SOUS_RESERVE	HyperFiero078
ls	c75f33b8	244951	HyperFiero078	marche	les deux verites concordent	bb1a095b	SOUS_RESERVE	DinoR00
ls	c75f33b8	246402	Hunger Hill3333	marche	les deux verites concordent	0000b238	SOUS_RESERVE	scuderiasven
ls	c75f33b8	251540	DinoR00	marche	les deux verites concordent	15cdba9d	VALIDE	vittelalter
ls	c75f33b8	254159	Sierra16Delta	marche	les deux verites concordent	d468178e	SOUS_RESERVE	LadyJezz
ls	c75f33b8	267724	Mr Painvoll	marche	les deux verites concordent	0000b238	SOUS_RESERVE	HyperFiero078
ls	c75f33b8	271476	DinoR00	marche	les deux verites concordent	d468178e	SOUS_RESERVE	LadyJezz
ls	c75f33b8	272943	Sierra16Delta	marche	les deux verites concordent	d468178e	SOUS_RESERVE	LadyJezz
ls	c75f33b8	273394	LadyJezz	scan	les deux verites concordent	15cdba9d	VALIDE	Hunger Hill3333
ls	c75f33b8	285306	HyperFiero078	marche	les deux verites concordent	d468178e	SOUS_RESERVE	Hunger Hill3333
ls	c75f33b8	289379	Hunger Hill3333	marche	les deux verites concordent	0000b238	SOUS_RESERVE	scuderiasven
ls	c75f33b8	292949	scuderiasven	marche	les deux verites concordent	0000b238	SOUS_RESERVE	Mr Painvoll
ls	c75f33b8	293032	DinoR00	marche	les deux verites concordent	177a79ee	SOUS_RESERVE	vittelalter
ls	c75f33b8	308815	Mr Painvoll	marche	les deux verites concordent	177a79ee	SOUS_RESERVE	vittelalter
ls	c75f33b8	313036	HyperFiero078	marche	les deux verites concordent	daa03c35	VALIDE	Sierra16Delta
ls	c75f33b8	316423	Hunger Hill3333	marche	les deux verites concordent	0000b238	SOUS_RESERVE	LadyJezz
ls	c75f33b8	326884	DinoR00	marche	les deux verites concordent	bb1a095b	SOUS_RESERVE	LadyJezz
ls	c75f33b8	344668	LadyJezz	marche	les deux verites concordent	0000b238	SOUS_RESERVE	Sierra16Delta
ls	c75f33b8	345052	Hunger Hill3333	marche	les deux verites concordent	daa03c35	VALIDE	HyperFiero078
ls	c75f33b8	345419	HyperFiero078	marche	les deux verites concordent	daa03c35	VALIDE	DinoR00
ls	c75f33b8	353276	scuderiasven	marche	les deux verites concordent	2ff92041	VALIDE	DinoR00
ls	c75f33b8	353278	DinoR00	marche	les deux verites concordent	2ff92041	VALIDE	scuderiasven
ls	c75f33b8	367074	Sierra16Delta	marche	les deux verites concordent	daa03c35	VALIDE	LadyJezz
ls	c75f33b8	370528	scuderiasven	marche	les deux verites concordent	000027cc	VALIDE	Mr Painvoll
ls	c75f33b8	371928	Mr Painvoll	marche	les deux verites concordent	15cdba9d	VALIDE	vittelalter
ls	c75f33b8	374230	DinoR00	marche	les deux verites concordent	d468178e	SOUS_RESERVE	LadyJezz
ls	c75f33b8	377334	Hunger Hill3333	marche	les deux verites concordent	177a79ee	SOUS_RESERVE	HyperFiero078
ls	c75f33b8	388996	Mr Painvoll	scan	les deux verites concordent	177a79ee	SOUS_RESERVE	vittelalter
ls	c75f33b8	416959	Hunger Hill3333	marche	les deux verites concordent	15cdba9d	VALIDE	vittelalter
ls	c75f33b8	420831	Sierra16Delta	marche	les deux verites concordent	bb1a095b	SOUS_RESERVE	vittelalter
ls	c75f33b8	421982	Mr Painvoll	marche	les deux verites concordent	d468178e	SOUS_RESERVE	LadyJezz
ls	c75f33b8	424450	JGtm	marche	les deux verites concordent	d468178e	SOUS_RESERVE	LadyJezz
ls	c75f33b8	436512	Mr Painvoll	marche	les deux verites concordent	d468178e	SOUS_RESERVE	LadyJezz
ls	c75f33b8	447691	343 Robot Hoida [bot]	scan	mort de bot (absente du kill-feed)	0000b238	SOUS_RESERVE	LadyJezz
ls	d1a18847	49935	slash snack	marche	les deux verites concordent	2d2cdd58	SOUS_RESERVE	Diegox32323702
ls	d1a18847	52605	XxDarklordTxX	marche	les deux verites concordent	2d2cdd58	SOUS_RESERVE	Diegox32323702
ls	d1a18847	57393	SilentDeath8120	marche	les deux verites concordent	83225b95	SOUS_RESERVE	JGtm
ls	d1a18847	65168	XxDarklordTxX	marche	les deux verites concordent	2f9b7b5f	SOUS_RESERVE	Diegox32323702
ls	d1a18847	67886	slash snack	marche	les deux verites concordent	130c4b61	SOUS_RESERVE	xDevSERHANx
ls	d1a18847	72024	KING BRON7207	marche	les deux verites concordent	4a555df8	SOUS_RESERVE	MajinDustin
ls	d1a18847	72208	SilentDeath8120	marche	les deux verites concordent	2f9b7b5f	SOUS_RESERVE	Diegox32323702
ls	d1a18847	80432	XxDarklordTxX	marche	les deux verites concordent	2d2cdd58	SOUS_RESERVE	Diegox32323702
ls	d1a18847	86555	KING BRON7207	marche	les deux verites concordent	4a555df8	SOUS_RESERVE	MajinDustin
ls	d1a18847	88574	xDevSERHANx	marche	les deux verites concordent	eea85c26	SOUS_RESERVE	SilentDeath8120
ls	d1a18847	90426	MajinDustin	marche	les deux verites concordent	acd1cff4	SOUS_RESERVE	slash snack
ls	d1a18847	90428	Diegox32323702	marche	les deux verites concordent	acd1cff4	SOUS_RESERVE	slash snack
ls	d1a18847	95130	slash snack	marche	les deux verites concordent	4a555df8	SOUS_RESERVE	JGtm
ls	d1a18847	100571	JGtm	marche	les deux verites concordent	69fd30b9	SOUS_RESERVE	XxDarklordTxX
ls	d1a18847	100603	XxDarklordTxX	marche	les deux verites concordent	4a555df8	SOUS_RESERVE	JGtm
ls	d1a18847	103723	KING BRON7207	marche	les deux verites concordent	594095ac	SOUS_RESERVE	Diegox32323702
ls	d1a18847	115102	XxDarklordTxX	marche	les deux verites concordent	594095ac	SOUS_RESERVE	Diegox32323702
ls	d1a18847	116586	Diegox32323702	marche	les deux verites concordent	7d012346	SOUS_RESERVE	slash snack
ls	d1a18847	121341	slash snack	marche	les deux verites concordent	ba5ac78e	SOUS_RESERVE	JGtm
ls	d1a18847	126314	SilentDeath8120	marche	les deux verites concordent	f81f1a01	SOUS_RESERVE	MajinDustin
ls	d1a18847	126629	MajinDustin	marche	les deux verites concordent	eea85c26	SOUS_RESERVE	SilentDeath8120
ls	d1a18847	135722	slash snack	marche	les deux verites concordent	eea85c26	SOUS_RESERVE	Diegox32323702
ls	d1a18847	136590	Diegox32323702	marche	les deux verites concordent	594095ac	SOUS_RESERVE	KING BRON7207
ls	d1a18847	138708	JGtm	marche	les deux verites concordent	4a555df8	SOUS_RESERVE	XxDarklordTxX
ls	d1a18847	140143	KING BRON7207	marche	les deux verites concordent	4fbad006	SOUS_RESERVE	MajinDustin
ls	d1a18847	142211	MajinDustin	marche	les deux verites concordent	4a555df8	SOUS_RESERVE	XxDarklordTxX
ls	d1a18847	148553	SilentDeath8120	marche	les deux verites concordent	2f9b7b5f	SOUS_RESERVE	Diegox32323702
ls	d1a18847	153189	JGtm	marche	les deux verites concordent	4a555df8	SOUS_RESERVE	XxDarklordTxX
ls	d1a18847	155692	XxDarklordTxX	marche	les deux verites concordent	4a555df8	SOUS_RESERVE	MajinDustin
ls	d1a18847	157845	KING BRON7207	marche	les deux verites concordent	2f9b7b5f	SOUS_RESERVE	Diegox32323702
ls	d1a18847	158278	slash snack	marche	les deux verites concordent	4a555df8	SOUS_RESERVE	MajinDustin
ls	d1a18847	169455	Diegox32323702	marche	les deux verites concordent	da3b5ba4	VALIDE	XxDarklordTxX
ls	d1a18847	169924	JGtm	marche	les deux verites concordent	fc1ca9c2	SOUS_RESERVE	slash snack
ls	d1a18847	171109	XxDarklordTxX	marche	les deux verites concordent	67db304a	SOUS_RESERVE	MajinDustin
ls	d1a18847	174744	xDevSERHANx	marche	source appartenant a la victime	acd1cff4	SOUS_RESERVE	slash snack
ls	d1a18847	174746	KING BRON7207	marche	les deux verites concordent	acd1cff4	SOUS_RESERVE	xDevSERHANx
ls	d1a18847	176146	MajinDustin	marche	les deux verites concordent	bebe70df	SOUS_RESERVE	SilentDeath8120
ls	d1a18847	187308	SilentDeath8120	marche	les deux verites concordent	83225b95	SOUS_RESERVE	JGtm
ls	d1a18847	193748	xDevSERHANx	marche	les deux verites concordent	fc1ca9c2	SOUS_RESERVE	slash snack
ls	d1a18847	195416	XxDarklordTxX	marche	les deux verites concordent	7d012346	SOUS_RESERVE	MajinDustin
ls	d1a18847	198685	MajinDustin	marche	les deux verites concordent	7d012346	SOUS_RESERVE	SilentDeath8120
ls	d1a18847	208112	SilentDeath8120	marche	les deux verites concordent	7d012346	SOUS_RESERVE	JGtm
ls	d1a18847	213500	XxDarklordTxX	marche	les deux verites concordent	acd1cff4	SOUS_RESERVE	Diegox32323702
ls	d1a18847	214268	Diegox32323702	marche	les deux verites concordent	fc1ca9c2	SOUS_RESERVE	slash snack
ls	d1a18847	223711	Asesino noble	marche	les deux verites concordent	0000d627	VALIDE	MajinDustin
ls	d1a18847	224295	MajinDustin	marche	les deux verites concordent	fc1ca9c2	SOUS_RESERVE	slash snack
ls	d1a18847	225947	SilentDeath8120	marche	les deux verites concordent	7d012346	SOUS_RESERVE	JGtm
ls	d1a18847	227382	slash snack	marche	les deux verites concordent	594095ac	SOUS_RESERVE	Diegox32323702
ls	d1a18847	230584	Diegox32323702	marche	les deux verites concordent	acd1cff4	SOUS_RESERVE	XxDarklordTxX
ls	d1a18847	233270	XxDarklordTxX	marche	les deux verites concordent	59255106	VALIDE	JGtm
ls	d1a18847	239261	MajinDustin	marche	les deux verites concordent	fc1ca9c2	SOUS_RESERVE	Asesino noble
ls	d1a18847	239359	JGtm	marche	les deux verites concordent	d8cea1aa	VALIDE	Asesino noble
ls	d1a18847	242646	slash snack	marche	les deux verites concordent	2d2cdd58	SOUS_RESERVE	Diegox32323702
ls	d1a18847	250287	XxDarklordTxX	marche	les deux verites concordent	2d2cdd58	SOUS_RESERVE	Diegox32323702
ls	d1a18847	257145	slash snack	marche	les deux verites concordent	67db304a	SOUS_RESERVE	Diegox32323702
ls	d1a18847	259881	SilentDeath8120	marche	les deux verites concordent	17d6bd23	SOUS_RESERVE	JGtm
ls	d1a18847	261717	Diegox32323702	marche	les deux verites concordent	594095ac	SOUS_RESERVE	Asesino noble
ls	d1a18847	262650	Asesino noble	marche	les deux verites concordent	0000d627	VALIDE	Diegox32323702
ls	d1a18847	274345	MajinDustin	marche	les deux verites concordent	c8681ecf	VALIDE	slash snack
ls	d1a18847	276633	Diegox32323702	marche	les deux verites concordent	4fbad006	SOUS_RESERVE	Asesino noble
ls	d1a18847	290528	SilentDeath8120	marche	les deux verites concordent	da3b5ba4	VALIDE	MajinDustin
ls	d1a18847	294616	MajinDustin	marche	les deux verites concordent	17d6bd23	SOUS_RESERVE	XxDarklordTxX
ls	d1a18847	295250	Asesino noble	marche	les deux verites concordent	eea85c26	SOUS_RESERVE	Diegox32323702
ls	d1a18847	305961	SilentDeath8120	marche	les deux verites concordent	594095ac	SOUS_RESERVE	Diegox32323702
ls	d1a18847	313452	Diegox32323702	marche	les deux verites concordent	67db304a	SOUS_RESERVE	slash snack
ls	d1a18847	316220	xDevSERHANx	marche	les deux verites concordent	4a555df8	SOUS_RESERVE	Asesino noble
ls	d1a18847	317956	Asesino noble	marche	les deux verites concordent	17d6bd23	SOUS_RESERVE	JGtm
ls	d1a18847	329835	MajinDustin	marche	les deux verites concordent	594095ac	SOUS_RESERVE	Asesino noble
ls	d1a18847	332470	JGtm	marche	les deux verites concordent	13ff7bdf	SOUS_RESERVE	SilentDeath8120
ls	d1a18847	336542	Diegox32323702	marche	les deux verites concordent	594095ac	SOUS_RESERVE	Asesino noble
ls	d1a18847	344383	xDevSERHANx	marche	les deux verites concordent	594095ac	SOUS_RESERVE	Asesino noble
ls	d1a18847	346150	JGtm	marche	les deux verites concordent	4a555df8	SOUS_RESERVE	XxDarklordTxX
ls	d1a18847	348353	XxDarklordTxX	marche	les deux verites concordent	8c1a1ef4	SOUS_RESERVE	Diegox32323702
ls	d1a18847	348621	Asesino noble	marche	les deux verites concordent	67db304a	SOUS_RESERVE	MajinDustin
ls	d1a18847	349622	SilentDeath8120	marche	les deux verites concordent	f81f1a01	SOUS_RESERVE	Diegox32323702
ls	d1a18847	360682	Asesino noble	marche	les deux verites concordent	2d2cdd58	SOUS_RESERVE	Diegox32323702
ls	d1a18847	361650	Diegox32323702	marche	les deux verites concordent	17d6bd23	SOUS_RESERVE	slash snack
ls	d1a18847	365237	XxDarklordTxX	marche	les deux verites concordent	594095ac	SOUS_RESERVE	MajinDustin
ls	d1a18847	370075	MajinDustin	marche	les deux verites concordent	daa03c35	VALIDE	SilentDeath8120
ls	d1a18847	378103	JGtm	marche	les deux verites concordent	7d012346	SOUS_RESERVE	SilentDeath8120
ls	d1a18847	385975	SilentDeath8120	marche	les deux verites concordent	594095ac	SOUS_RESERVE	Diegox32323702
ls	d1a18847	390880	slash snack	marche	les deux verites concordent	594095ac	SOUS_RESERVE	Diegox32323702
ls	d1a18847	391379	Diegox32323702	marche	mort infligee par un bot (kill absent du kill-feed)	67db304a	SOUS_RESERVE	343 Nando [bot]
ls	d1a18847	396386	JGtm	marche	les deux verites concordent	17d6bd23	SOUS_RESERVE	XxDarklordTxX
ls	d1a18847	396869	343 Nando [bot]	scan	mort de bot (absente du kill-feed)	f81f1a01	SOUS_RESERVE	xDevSERHANx
ls	d1a18847	401524	xDevSERHANx	marche	les deux verites concordent	877da252	SOUS_RESERVE	SilentDeath8120
ls	d1a18847	403476	MajinDustin	marche	les deux verites concordent	17d6bd23	SOUS_RESERVE	XxDarklordTxX
ls	d1a18847	410649	Diegox32323702	marche	les deux verites concordent	bebe70df	SOUS_RESERVE	slash snack
ls	d1a18847	410852	slash snack	marche	les deux verites concordent	64ab85c4	VALIDE	Diegox32323702
ls	d1a18847	413168	JGtm	marche	les deux verites concordent	13ff7bdf	SOUS_RESERVE	XxDarklordTxX
ls	d1a18847	417973	XxDarklordTxX	marche	les deux verites concordent	594095ac	SOUS_RESERVE	MajinDustin
ls	d9781168	53577	EvilestSmile946	marche	les deux verites concordent	0000b238	SOUS_RESERVE	LadyJezz
ls	d9781168	53877	LadyJezz	marche	les deux verites concordent	bb1a095b	SOUS_RESERVE	JGtm
ls	d9781168	56480	OFB4203689	marche	les deux verites concordent	bb1a095b	SOUS_RESERVE	JGtm
ls	d9781168	61701	L0UDEN13	marche	les deux verites concordent	0000b238	SOUS_RESERVE	scuderiasven
ls	d9781168	63954	JGtm	marche	les deux verites concordent	daa03c35	VALIDE	scuderiasven
ls	d9781168	75649	DinoR00	marche	les deux verites concordent	0000b238	SOUS_RESERVE	LadyJezz
ls	d9781168	76834	EvilestSmile946	marche	les deux verites concordent	7654f890	SOUS_RESERVE	SHROOM GOD3261
ls	d9781168	86460	L0UDEN13	marche	les deux verites concordent	0000b238	SOUS_RESERVE	LadyJezz
ls	d9781168	94402	DinoR00	marche	les deux verites concordent	7654f890	SOUS_RESERVE	SHROOM GOD3261
ls	d9781168	96170	OFB4203689	marche	les deux verites concordent	bb1a095b	SOUS_RESERVE	JGtm
ls	d9781168	101641	JGtm	marche	les deux verites concordent	d468178e	SOUS_RESERVE	LadyJezz
ls	d9781168	104393	LadyJezz	marche	les deux verites concordent	da3b5ba4	VALIDE	L0UDEN13
ls	d9781168	104461	EvilestSmile946	marche	les deux verites concordent	166ba62b	SOUS_RESERVE	SHROOM GOD3261
ls	d9781168	116040	SHROOM GOD3261	scan	les deux verites concordent	2ff92041	VALIDE	DinoR00
ls	d9781168	116042	DinoR00	scan	les deux verites concordent	166ba62b	SOUS_RESERVE	SHROOM GOD3261
ls	d9781168	120926	scuderiasven	marche	source appartenant a la victime	00403594	VALIDE	JGtm
ls	d9781168	123481	OFB4203689	marche	les deux verites concordent	bb1a095b	SOUS_RESERVE	EvilestSmile946
ls	d9781168	127918	LadyJezz	marche	les deux verites concordent	bb1a095b	SOUS_RESERVE	JGtm
ls	d9781168	130187	SHROOM GOD3261	marche	les deux verites concordent	bb1a095b	SOUS_RESERVE	L0UDEN13
ls	d9781168	139030	DinoR00	marche	les deux verites concordent	0000b238	SOUS_RESERVE	scuderiasven
ls	d9781168	139496	scuderiasven	marche	les deux verites concordent	0000b238	SOUS_RESERVE	EvilestSmile946
ls	d9781168	147504	EvilestSmile946	marche	les deux verites concordent	f01d60e9	SOUS_RESERVE	SHROOM GOD3261
ls	d9781168	150692	OFB4203689	marche	les deux verites concordent	000027cc	VALIDE	L0UDEN13
ls	d9781168	151209	JGtm	marche	les deux verites concordent	0000b238	SOUS_RESERVE	LadyJezz
ls	d9781168	154145	L0UDEN13	marche	les deux verites concordent	166ba62b	SOUS_RESERVE	SHROOM GOD3261
ls	d9781168	159150	scuderiasven	marche	les deux verites concordent	177a79ee	SOUS_RESERVE	DinoR00
ls	d9781168	168142	LadyJezz	marche	les deux verites concordent	0000b238	SOUS_RESERVE	EvilestSmile946
ls	d9781168	172447	OFB4203689	marche	les deux verites concordent	bb1a095b	SOUS_RESERVE	JGtm
ls	d9781168	173414	EvilestSmile946	marche	les deux verites concordent	f01d60e9	SOUS_RESERVE	SHROOM GOD3261
ls	d9781168	174916	scuderiasven	marche	les deux verites concordent	f3c1f9a8	SOUS_RESERVE	L0UDEN13
ls	d9781168	175149	SHROOM GOD3261	marche	les deux verites concordent	daa03c35	VALIDE	JGtm
ls	d9781168	181889	L0UDEN13	marche	les deux verites concordent	0000b238	SOUS_RESERVE	LadyJezz
ls	d9781168	187996	LadyJezz	marche	les deux verites concordent	bb1a095b	SOUS_RESERVE	JGtm
ls	d9781168	190514	JGtm	marche	les deux verites concordent	0000b238	SOUS_RESERVE	OFB4203689
ls	d9781168	193267	OFB4203689	marche	les deux verites concordent	0000b238	SOUS_RESERVE	EvilestSmile946
ls	d9781168	196671	SHROOM GOD3261	marche	les deux verites concordent	0000b238	SOUS_RESERVE	EvilestSmile946
ls	d9781168	208717	L0UDEN13	marche	les deux verites concordent	0000b238	SOUS_RESERVE	scuderiasven
ls	d9781168	209617	EvilestSmile946	marche	les deux verites concordent	daa03c35	VALIDE	LadyJezz
ls	d9781168	217025	DinoR00	marche	les deux verites concordent	0000b238	SOUS_RESERVE	scuderiasven
ls	d9781168	245200	LadyJezz	marche	les deux verites concordent	bb1a095b	SOUS_RESERVE	JGtm
ls	d9781168	247585	OFB4203689	marche	les deux verites concordent	bb1a095b	SOUS_RESERVE	JGtm
ls	d9781168	249370	JGtm	marche	les deux verites concordent	0000b238	SOUS_RESERVE	scuderiasven
ls	d9781168	252857	scuderiasven	marche	les deux verites concordent	f3c1f9a8	SOUS_RESERVE	L0UDEN13
ls	d9781168	271376	EvilestSmile946	marche	les deux verites concordent	daa03c35	VALIDE	scuderiasven
ls	d9781168	274195	JGtm	marche	les deux verites concordent	0000b238	SOUS_RESERVE	SHROOM GOD3261
ls	d9781168	276414	L0UDEN13	marche	les deux verites concordent	daa03c35	VALIDE	SHROOM GOD3261
ls	d9781168	280536	SHROOM GOD3261	marche	les deux verites concordent	7654f890	SOUS_RESERVE	DinoR00
ls	d9781168	283888	scuderiasven	marche	les deux verites concordent	daa03c35	VALIDE	DinoR00
ls	d9781168	284821	DinoR00	marche	les deux verites concordent	d468178e	SOUS_RESERVE	LadyJezz
ls	d9781168	291729	OFB4203689	marche	les deux verites concordent	0000b238	SOUS_RESERVE	EvilestSmile946
ls	d9781168	292579	EvilestSmile946	marche	les deux verites concordent	d468178e	SOUS_RESERVE	LadyJezz
ls	d9781168	303775	LadyJezz	marche	les deux verites concordent	0000b238	SOUS_RESERVE	L0UDEN13
ls	d9781168	308113	scuderiasven	marche	les deux verites concordent	bb1a095b	SOUS_RESERVE	JGtm
ls	d9781168	316488	L0UDEN13	marche	les deux verites concordent	daa03c35	VALIDE	SHROOM GOD3261
ls	d9781168	319907	SHROOM GOD3261	marche	les deux verites concordent	c8681ecf	VALIDE	JGtm
ls	d9781168	321410	OFB4203689	marche	les deux verites concordent	0000b238	SOUS_RESERVE	EvilestSmile946
ls	d9781168	330986	JGtm	marche	les deux verites concordent	0000b238	SOUS_RESERVE	LadyJezz
ls	d9781168	333039	LadyJezz	marche	les deux verites concordent	177a79ee	SOUS_RESERVE	L0UDEN13
ls	d9781168	338811	OFB4203689	marche	les deux verites concordent	2ff92041	VALIDE	L0UDEN13
ls	d9781168	338828	scuderiasven	marche	les deux verites concordent	0000b238	SOUS_RESERVE	EvilestSmile946
ls	d9781168	342480	EvilestSmile946	marche	les deux verites concordent	d468178e	SOUS_RESERVE	SHROOM GOD3261
ls	d9781168	345935	SHROOM GOD3261	marche	les deux verites concordent	f01d60e9	SOUS_RESERVE	DinoR00
ls	d9781168	365421	scuderiasven	marche	les deux verites concordent	0000b238	SOUS_RESERVE	EvilestSmile946
ls	d9781168	367071	EvilestSmile946	marche	les deux verites concordent	da3b5ba4	VALIDE	scuderiasven
ls	d9781168	374147	OFB4203689	marche	les deux verites concordent	bb1a095b	SOUS_RESERVE	JGtm
ls	d9781168	378885	LadyJezz	marche	les deux verites concordent	177a79ee	SOUS_RESERVE	L0UDEN13
ls	d9781168	380652	SHROOM GOD3261	marche	les deux verites concordent	0000d57f	SOUS_RESERVE	DinoR00
ls	d9781168	396669	scuderiasven	marche	les deux verites concordent	daa03c35	VALIDE	DinoR00
ls	d9781168	402441	L0UDEN13	marche	les deux verites concordent	0000b238	SOUS_RESERVE	LadyJezz
ls	d9781168	407964	LadyJezz	marche	les deux verites concordent	f01d60e9	SOUS_RESERVE	DinoR00
ls	d9781168	408498	JGtm	marche	les deux verites concordent	daa03c35	VALIDE	OFB4203689
ls	d9781168	408682	OFB4203689	marche	les deux verites concordent	daa03c35	VALIDE	EvilestSmile946
ls	d9781168	412535	EvilestSmile946	marche	les deux verites concordent	0000b238	SOUS_RESERVE	SHROOM GOD3261
ls	d9781168	419909	SHROOM GOD3261	marche	les deux verites concordent	166ba62b	SOUS_RESERVE	DinoR00
ls	d9781168	421610	scuderiasven	marche	les deux verites concordent	bb1a095b	SOUS_RESERVE	JGtm
ls	d9781168	426432	LadyJezz	marche	les deux verites concordent	177a79ee	SOUS_RESERVE	L0UDEN13
ls	d9781168	430637	JGtm	marche	les deux verites concordent	daa03c35	VALIDE	OFB4203689
ls	d9781168	431487	OFB4203689	marche	les deux verites concordent	daa03c35	VALIDE	EvilestSmile946
ls	d9781168	457210	scuderiasven	marche	les deux verites concordent	f3c1f9a8	SOUS_RESERVE	L0UDEN13
ls	d9781168	458962	OFB4203689	marche	les deux verites concordent	0000b238	SOUS_RESERVE	EvilestSmile946
ls	d9781168	460780	LadyJezz	marche	les deux verites concordent	bb1a095b	SOUS_RESERVE	JGtm
ls	d9781168	464599	SHROOM GOD3261	marche	les deux verites concordent	f01d60e9	SOUS_RESERVE	DinoR00
ls	d9781168	481799	scuderiasven	marche	les deux verites concordent	f01d60e9	SOUS_RESERVE	DinoR00
ls	d9781168	487189	JGtm	marche	les deux verites concordent	0000b238	SOUS_RESERVE	OFB4203689
ls	d9781168	491627	OFB4203689	marche	les deux verites concordent	f01d60e9	SOUS_RESERVE	DinoR00
ls	d9781168	494795	L0UDEN13	marche	source appartenant a la victime	00403594	VALIDE	LadyJezz
ls	d9781168	496681	LadyJezz	marche	les deux verites concordent	d468178e	SOUS_RESERVE	EvilestSmile946
ls	d9781168	500953	SHROOM GOD3261	marche	les deux verites concordent	166ba62b	SOUS_RESERVE	DinoR00
ls	d9781168	500955	DinoR00	marche	les deux verites concordent	2ff92041	VALIDE	SHROOM GOD3261
ls	d9781168	504472	scuderiasven	marche	les deux verites concordent	0c64b43f	SOUS_RESERVE	EvilestSmile946
ls	d9781168	512314	JGtm	marche	les deux verites concordent	0000b238	SOUS_RESERVE	LadyJezz
ls	d9781168	514050	EvilestSmile946	marche	les deux verites concordent	bb1a095b	SOUS_RESERVE	SHROOM GOD3261
ls	d9781168	520239	L0UDEN13	marche	les deux verites concordent	daa03c35	VALIDE	LadyJezz
ls	d9781168	524010	OFB4203689	marche	les deux verites concordent	bb1a095b	SOUS_RESERVE	DinoR00
ls	d9781168	525646	DinoR00	marche	les deux verites concordent	0000b238	SOUS_RESERVE	SHROOM GOD3261
ls	d9781168	534638	LadyJezz	marche	les deux verites concordent	bb1a095b	SOUS_RESERVE	JGtm
ls	d9781168	534722	JGtm	marche	les deux verites concordent	daa03c35	VALIDE	scuderiasven
ls	d9781168	548751	OFB4203689	marche	les deux verites concordent	bb1a095b	SOUS_RESERVE	DinoR00
ls	d9781168	551371	JGtm	marche	les deux verites concordent	0000b238	SOUS_RESERVE	LadyJezz
ls	d9781168	551703	LadyJezz	marche	les deux verites concordent	bb1a095b	SOUS_RESERVE	DinoR00
ls	d9781168	555191	DinoR00	marche	les deux verites concordent	0000b238	SOUS_RESERVE	scuderiasven
ls	d9781168	560596	EvilestSmile946	marche	les deux verites concordent	f01d60e9	SOUS_RESERVE	SHROOM GOD3261
ls	d9781168	568689	OFB4203689	marche	les deux verites concordent	bb1a095b	SOUS_RESERVE	DinoR00
ls	d9781168	571873	L0UDEN13	marche	source appartenant a la victime	00403594	VALIDE	scuderiasven
ls	d9781168	580901	JGtm	marche	les deux verites concordent	0000b238	SOUS_RESERVE	LadyJezz
ls	d9781168	584738	EvilestSmile946	marche	les deux verites concordent	daa03c35	VALIDE	LadyJezz
ls	d9781168	590044	OFB4203689	marche	les deux verites concordent	bb1a095b	SOUS_RESERVE	DinoR00
ls	d9781168	591143	DinoR00	marche	les deux verites concordent	d468178e	SOUS_RESERVE	LadyJezz
ls	d9781168	592546	LadyJezz	marche	les deux verites concordent	7654f890	SOUS_RESERVE	L0UDEN13
ls	d9781168	608096	JGtm	marche	les deux verites concordent	f01d60e9	SOUS_RESERVE	SHROOM GOD3261
ls	d9781168	614318	L0UDEN13	marche	les deux verites concordent	166ba62b	SOUS_RESERVE	SHROOM GOD3261
ls	d9781168	618907	EvilestSmile946	marche	les deux verites concordent	166ba62b	SOUS_RESERVE	SHROOM GOD3261
ls	d9781168	618909	SHROOM GOD3261	marche	les deux verites concordent	2ff92041	VALIDE	EvilestSmile946
ls	d9781168	619441	OFB4203689	marche	les deux verites concordent	bb1a095b	SOUS_RESERVE	DinoR00
ls	d9781168	628781	JGtm	marche	les deux verites concordent	d468178e	SOUS_RESERVE	LadyJezz
ls	d9781168	634505	LadyJezz	marche	les deux verites concordent	7654f890	SOUS_RESERVE	L0UDEN13
ls	d9781168	634639	DinoR00	marche	les deux verites concordent	bb1a095b	SOUS_RESERVE	SHROOM GOD3261
ls	d9781168	636857	scuderiasven	marche	les deux verites concordent	daa03c35	VALIDE	L0UDEN13
ls	d9781168	636860	L0UDEN13	marche	les deux verites concordent	000027cc	VALIDE	scuderiasven
ls	d9781168	645166	OFB4203689	marche	les deux verites concordent	0000b238	SOUS_RESERVE	EvilestSmile946
ls	d9781168	649520	JGtm	marche	les deux verites concordent	0000b238	SOUS_RESERVE	SHROOM GOD3261
ls	d9781168	649653	SHROOM GOD3261	marche	les deux verites concordent	0000b238	SOUS_RESERVE	EvilestSmile946
ls	d9781168	651689	scuderiasven	marche	les deux verites concordent	daa03c35	VALIDE	DinoR00
ls	d9781168	655759	L0UDEN13	marche	les deux verites concordent	bb1a095b	SOUS_RESERVE	LadyJezz
ls	d9781168	659163	EvilestSmile946	marche	les deux verites concordent	daa03c35	VALIDE	LadyJezz
ls	d9781168	659165	LadyJezz	marche	les deux verites concordent	000027cc	VALIDE	EvilestSmile946
ls	d9781168	660832	OFB4203689	marche	les deux verites concordent	f01d60e9	SOUS_RESERVE	DinoR00
ls	d9781168	663868	DinoR00	marche	les deux verites concordent	0000b238	SOUS_RESERVE	SHROOM GOD3261
ls	d9781168	668088	SHROOM GOD3261	marche	les deux verites concordent	da3b5ba4	VALIDE	JGtm
ls	d9781168	671325	JGtm	marche	les deux verites concordent	0000b238	SOUS_RESERVE	scuderiasven
ls	d9781168	672710	scuderiasven	marche	les deux verites concordent	0000b238	SOUS_RESERVE	L0UDEN13
ls	d9781168	677331	EvilestSmile946	marche	les deux verites concordent	0000b238	SOUS_RESERVE	OFB4203689
ls	d9781168	682269	OFB4203689	marche	les deux verites concordent	f01d60e9	SOUS_RESERVE	DinoR00
ls	d9781168	685388	L0UDEN13	marche	source appartenant a la victime	00403594	VALIDE	LadyJezz
ls	d9781168	692730	EvilestSmile946	marche	les deux verites concordent	0000b238	SOUS_RESERVE	LadyJezz
ls	d9781168	695250	scuderiasven	marche	les deux verites concordent	bb1a095b	SOUS_RESERVE	JGtm
ls	d9781168	697569	JGtm	marche	les deux verites concordent	0000b238	SOUS_RESERVE	LadyJezz
ls	d9781168	698184	LadyJezz	marche	les deux verites concordent	0000d627	VALIDE	DinoR00
ls	d9781168	705358	L0UDEN13	marche	source appartenant a la victime	da3b5ba4	VALIDE	SHROOM GOD3261
ls	d9781168	709129	DinoR00	marche	les deux verites concordent	0000d57f	SOUS_RESERVE	SHROOM GOD3261
ls	d9781168	713835	scuderiasven	marche	les deux verites concordent	0000b238	SOUS_RESERVE	EvilestSmile946
ls	d9781168	713851	EvilestSmile946	marche	les deux verites concordent	0000b238	SOUS_RESERVE	LadyJezz
ls	e5adf7b2	64430	Goldenarrow5208	marche	les deux verites concordent	7654f890	SOUS_RESERVE	MAREZ7781
ls	e5adf7b2	69235	Madina97294	marche	les deux verites concordent	ef5d9e6c	SOUS_RESERVE	angieTV8825
ls	e5adf7b2	70838	CruelWhale57	marche	les deux verites concordent	f3c1f9a8	SOUS_RESERVE	dgaither91
ls	e5adf7b2	71304	TeemingTag76799	marche	les deux verites concordent	59255106	VALIDE	CruelWhale57
ls	e5adf7b2	72238	angieTV8825	marche	les deux verites concordent	f3c1f9a8	SOUS_RESERVE	dgaither91
ls	e5adf7b2	73840	dgaither91	marche	les deux verites concordent	8b1f83ee	SOUS_RESERVE	Haritosdcbolla
ls	e5adf7b2	73842	Jol 7792	marche	les deux verites concordent	ef5d9e6c	SOUS_RESERVE	Trippi Arts
ls	e5adf7b2	75073	Haritosdcbolla	marche	les deux verites concordent	daa03c35	VALIDE	HugoSykes117
ls	e5adf7b2	77774	LOCUTU5	marche	les deux verites concordent	130c4b61	SOUS_RESERVE	HardCandy79
ls	e5adf7b2	78648	PndTwnXpress	marche	les deux verites concordent	5e389b5d	VALIDE	MasterSkeetr
ls	e5adf7b2	81612	SAMURAY8929	marche	les deux verites concordent	00404748	VALIDE	MAREZ7781
ls	e5adf7b2	89920	EvilIiJokevc	scan	les deux verites concordent	59255106	VALIDE	Rancid v5or6
ls	e5adf7b2	94729	HardCandy79	marche	les deux verites concordent	d468178e	SOUS_RESERVE	Madina97294
ls	e5adf7b2	95362	YELDARB55	marche	les deux verites concordent	1f11df6b	SOUS_RESERVE	Rancid v5or6
ls	e5adf7b2	97227	Goldenarrow5208	marche	les deux verites concordent	0000d57f	SOUS_RESERVE	CruelWhale57
ls	e5adf7b2	97728	Haritosdcbolla	marche	les deux verites concordent	d468178e	SOUS_RESERVE	HugoSykes117
ls	e5adf7b2	97730	CruelWhale57	marche	les deux verites concordent	d468178e	SOUS_RESERVE	HugoSykes117
ls	e5adf7b2	98164	angieTV8825	marche	les deux verites concordent	7ff0849c	SOUS_RESERVE	MasterSkeetr
ls	e5adf7b2	113380	Lamuerte28976	marche	les deux verites concordent	35e75533	SOUS_RESERVE	EvilIiJokevc
ls	e5adf7b2	115921	EvilIiJokevc	marche	les deux verites concordent	59255106	VALIDE	SAMURAY8929
ls	e5adf7b2	116922	MAREZ7781	marche	les deux verites concordent	59255106	VALIDE	SAMURAY8929
ls	e5adf7b2	117284	HardCandy79	marche	les deux verites concordent	ef5d9e6c	SOUS_RESERVE	LogisticSnow520
ls	e5adf7b2	117548	PndTwnXpress	marche	les deux verites concordent	59255106	VALIDE	SAMURAY8929
ls	e5adf7b2	117686	Jol 7792	marche	les deux verites concordent	ef5d9e6c	SOUS_RESERVE	Trippi Arts
ls	e5adf7b2	118752	Haritosdcbolla	marche	les deux verites concordent	7ff0849c	SOUS_RESERVE	MasterSkeetr
ls	e5adf7b2	119717	LogisticSnow520	marche	les deux verites concordent	d468178e	SOUS_RESERVE	YELDARB55
ls	e5adf7b2	122023	angieTV8825	marche	les deux verites concordent	7ff0849c	SOUS_RESERVE	MasterSkeetr
ls	e5adf7b2	123056	ART THECLOWN394	marche	les deux verites concordent	8b1f83ee	SOUS_RESERVE	SAMURAY8929
ls	e5adf7b2	124526	Trippi Arts	marche	les deux verites concordent	e1f38ea2	SOUS_RESERVE	LOCUTU5
ls	e5adf7b2	135967	TeemingTag76799	marche	les deux verites concordent	8add9998	SOUS_RESERVE	HardCandy79
ls	e5adf7b2	136839	CruelWhale57	scan	les deux verites concordent	d468178e	SOUS_RESERVE	TeemingTag76799
ls	e5adf7b2	137474	JunkGlobe569691	marche	les deux verites concordent	d468178e	SOUS_RESERVE	HugoSykes117
ls	e5adf7b2	137941	Goldenarrow5208	marche	les deux verites concordent	d468178e	SOUS_RESERVE	YELDARB55
ls	e5adf7b2	144513	SAMURAY8929	marche	les deux verites concordent	d468178e	SOUS_RESERVE	YELDARB55
ls	e5adf7b2	145613	YELDARB55	scan	les deux verites concordent	bb1a095b	SOUS_RESERVE	Madina97294
ls	e5adf7b2	146044	LogisticSnow520	marche	les deux verites concordent	130c4b61	SOUS_RESERVE	PndTwnXpress
ls	e5adf7b2	146517	Haritosdcbolla	marche	les deux verites concordent	d468178e	SOUS_RESERVE	HugoSykes117
ls	e5adf7b2	147248	AGROZON	marche	les deux verites concordent	1f11df6b	SOUS_RESERVE	MasterSkeetr
ls	e5adf7b2	148582	dgaither91	marche	les deux verites concordent	35e75533	SOUS_RESERVE	EvilIiJokevc
ls	e5adf7b2	151952	MAREZ7781	marche	les deux verites concordent	bb1a095b	SOUS_RESERVE	Madina97294
ls	e5adf7b2	153851	MasterSkeetr	marche	les deux verites concordent	f01d60e9	SOUS_RESERVE	ART THECLOWN394
ls	e5adf7b2	158326	LOCUTU5	marche	les deux verites concordent	0000b238	SOUS_RESERVE	Trippi Arts
ls	e5adf7b2	158456	Jol 7792	marche	les deux verites concordent	d468178e	SOUS_RESERVE	HardCandy79
ls	e5adf7b2	160095	Madina97294	marche	les deux verites concordent	35e75533	SOUS_RESERVE	EvilIiJokevc
ls	e5adf7b2	165931	Rancid v5or6	marche	les deux verites concordent	130c4b61	SOUS_RESERVE	AGROZON
ls	e5adf7b2	168838	EvilIiJokevc	marche	les deux verites concordent	d468178e	SOUS_RESERVE	HugoSykes117
ls	e5adf7b2	171688	TeemingTag76799	marche	les deux verites concordent	698aacdb	SOUS_RESERVE	ART THECLOWN394
ls	e5adf7b2	174321	HugoSykes117	marche	les deux verites concordent	5eaa815c	SOUS_RESERVE	YELDARB55
ls	e5adf7b2	178965	MasterSkeetr	marche	les deux verites concordent	5eaa815c	SOUS_RESERVE	YELDARB55
ls	e5adf7b2	184067	Trippi Arts	marche	les deux verites concordent	7654f890	SOUS_RESERVE	Madina97294
ls	e5adf7b2	184431	dgaither91	marche	les deux verites concordent	5eaa815c	SOUS_RESERVE	YELDARB55
ls	e5adf7b2	189442	LogisticSnow520	marche	les deux verites concordent	8add9998	SOUS_RESERVE	HardCandy79
ls	e5adf7b2	196279	SAMURAY8929	marche	les deux verites concordent	ef5d9e6c	SOUS_RESERVE	ART THECLOWN394
ls	e5adf7b2	197582	Jol 7792	marche	les deux verites concordent	7ff0849c	SOUS_RESERVE	PndTwnXpress
ls	e5adf7b2	199650	Lamuerte28976	marche	les deux verites concordent	daa03c35	VALIDE	MAREZ7781
ls	e5adf7b2	203153	Rancid v5or6	marche	les deux verites concordent	0000b238	SOUS_RESERVE	JunkGlobe569691
ls	e5adf7b2	205059	LOCUTU5	marche	les deux verites concordent	e1f38ea2	SOUS_RESERVE	MAREZ7781
ls	e5adf7b2	205455	Goldenarrow5208	marche	les deux verites concordent	ef5d9e6c	SOUS_RESERVE	ART THECLOWN394
ls	e5adf7b2	207287	TeemingTag76799	marche	les deux verites concordent	cf2285af	SOUS_RESERVE	Haritosdcbolla
ls	e5adf7b2	210524	MasterSkeetr	marche	les deux verites concordent	5eaa815c	SOUS_RESERVE	YELDARB55
ls	e5adf7b2	210927	Madina97294	marche	les deux verites concordent	8b1f83ee	SOUS_RESERVE	AGROZON
ls	e5adf7b2	215562	HugoSykes117	marche	les deux verites concordent	5eaa815c	SOUS_RESERVE	YELDARB55
ls	e5adf7b2	215598	YELDARB55	scan	les deux verites concordent	13ff7bdf	SOUS_RESERVE	HugoSykes117
ls	e5adf7b2	219938	ART THECLOWN394	marche	les deux verites concordent	7654f890	SOUS_RESERVE	SAMURAY8929
ls	e5adf7b2	226084	PndTwnXpress	marche	les deux verites concordent	5eaa815c	SOUS_RESERVE	Rancid v5or6
ls	e5adf7b2	226550	Rancid v5or6	marche	les deux verites concordent	ef5d9e6c	SOUS_RESERVE	MAREZ7781
ls	e5adf7b2	227084	CruelWhale57	marche	les deux verites concordent	15dcdfe3	SOUS_RESERVE	Lamuerte28976
ls	e5adf7b2	228084	LogisticSnow520	marche	les deux verites concordent	ef5d9e6c	SOUS_RESERVE	MAREZ7781
ls	e5adf7b2	234391	angieTV8825	marche	les deux verites concordent	f01d60e9	SOUS_RESERVE	LOCUTU5
ls	e5adf7b2	236928	Madina97294	marche	les deux verites concordent	130c4b61	SOUS_RESERVE	AGROZON
ls	e5adf7b2	237700	Trippi Arts	marche	les deux verites concordent	5e389b5d	VALIDE	HugoSykes117
ls	e5adf7b2	238296	Haritosdcbolla	marche	les deux verites concordent	15dcdfe3	SOUS_RESERVE	Lamuerte28976
ls	e5adf7b2	247471	HardCandy79	marche	les deux verites concordent	15dcdfe3	SOUS_RESERVE	Lamuerte28976
ls	e5adf7b2	248506	Rancid v5or6	marche	les deux verites concordent	ef5d9e6c	SOUS_RESERVE	MAREZ7781
ls	e5adf7b2	250108	Jol 7792	marche	les deux verites concordent	7ff0849c	SOUS_RESERVE	ART THECLOWN394
ls	e5adf7b2	251145	LOCUTU5	scan	les deux verites concordent	130c4b61	SOUS_RESERVE	PndTwnXpress
ls	e5adf7b2	251676	LogisticSnow520	marche	les deux verites concordent	ef5d9e6c	SOUS_RESERVE	MAREZ7781
ls	e5adf7b2	254575	dgaither91	marche	les deux verites concordent	130c4b61	SOUS_RESERVE	PndTwnXpress
ls	e5adf7b2	254711	CruelWhale57	marche	les deux verites concordent	b258262f	SOUS_RESERVE	Lamuerte28976
ls	e5adf7b2	256213	ART THECLOWN394	marche	les deux verites concordent	698aacdb	SOUS_RESERVE	Goldenarrow5208
ls	e5adf7b2	258284	Goldenarrow5208	marche	les deux verites concordent	5a4450e4	VALIDE	YELDARB55
ls	e5adf7b2	261719	YELDARB55	marche	les deux verites concordent	f3c1f9a8	SOUS_RESERVE	MasterSkeetr
ls	e5adf7b2	263520	SAMURAY8929	marche	les deux verites concordent	698aacdb	SOUS_RESERVE	JunkGlobe569691
ls	e5adf7b2	267390	JunkGlobe569691	marche	les deux verites concordent	f3c1f9a8	SOUS_RESERVE	MasterSkeetr
ls	e5adf7b2	268692	HugoSykes117	marche	les deux verites concordent	ef5d9e6c	SOUS_RESERVE	MAREZ7781
ls	e5adf7b2	268759	HardCandy79	marche	les deux verites concordent	7654f890	SOUS_RESERVE	Madina97294
ls	e5adf7b2	270660	ART THECLOWN394	marche	les deux verites concordent	7654f890	SOUS_RESERVE	Madina97294
ls	e5adf7b2	270828	LOCUTU5	marche	les deux verites concordent	7ff0849c	SOUS_RESERVE	EvilIiJokevc
ls	e5adf7b2	273628	MasterSkeetr	marche	les deux verites concordent	e1f38ea2	SOUS_RESERVE	MAREZ7781
ls	e5adf7b2	273769	Haritosdcbolla	marche	les deux verites concordent	59255106	VALIDE	Lamuerte28976
ls	e5adf7b2	276430	CruelWhale57	marche	les deux verites concordent	cf2285af	SOUS_RESERVE	Madina97294
ls	e5adf7b2	288346	Madina97294	marche	les deux verites concordent	ef5d9e6c	SOUS_RESERVE	YELDARB55
ls	e5adf7b2	288713	TeemingTag76799	marche	les deux verites concordent	130c4b61	SOUS_RESERVE	PndTwnXpress
ls	e5adf7b2	295249	angieTV8825	marche	les deux verites concordent	72230737	VALIDE	HugoSykes117
ls	e5adf7b2	297489	Rancid v5or6	marche	les deux verites concordent	15dcdfe3	SOUS_RESERVE	JunkGlobe569691
ls	e5adf7b2	298857	Goldenarrow5208	marche	les deux verites concordent	ef5d9e6c	SOUS_RESERVE	MAREZ7781
ls	e5adf7b2	299991	Lamuerte28976	marche	les deux verites concordent	ef5d9e6c	SOUS_RESERVE	YELDARB55
ls	e5adf7b2	304629	EvilIiJokevc	marche	les deux verites concordent	5f4f28f1	SOUS_RESERVE	LogisticSnow520
ls	e5adf7b2	319708	MasterSkeetr	marche	les deux verites concordent	59255106	VALIDE	ART THECLOWN394
ls	e5adf7b2	320145	CruelWhale57	marche	les deux verites concordent	5f4f28f1	SOUS_RESERVE	LogisticSnow520
ls	e5adf7b2	328386	EvilIiJokevc	marche	les deux verites concordent	b258262f	SOUS_RESERVE	LogisticSnow520
ls	e5adf7b2	329251	Madina97294	marche	les deux verites concordent	e1f38ea2	SOUS_RESERVE	MAREZ7781
ls	e5adf7b2	331154	dgaither91	marche	les deux verites concordent	ee2d686d	VALIDE	angieTV8825
ls	e5adf7b2	333760	ART THECLOWN394	marche	les deux verites concordent	0000b238	SOUS_RESERVE	Rancid v5or6
ls	e5adf7b2	334894	Goldenarrow5208	marche	les deux verites concordent	0000b29c	SOUS_RESERVE	angieTV8825
ls	e5adf7b2	335328	AGROZON	marche	les deux verites concordent	daa03c35	VALIDE	HugoSykes117
ls	e5adf7b2	338466	JunkGlobe569691	marche	les deux verites concordent	b258262f	SOUS_RESERVE	LogisticSnow520
ls	e5adf7b2	338698	SAMURAY8929	marche	les deux verites concordent	ef5d9e6c	SOUS_RESERVE	YELDARB55
ls	e5adf7b2	343836	angieTV8825	marche	les deux verites concordent	daa03c35	VALIDE	HugoSykes117
ls	e5adf7b2	348474	Haritosdcbolla	marche	les deux verites concordent	0000b29c	SOUS_RESERVE	HugoSykes117
ls	e5adf7b2	349976	AGROZON	scan	les deux verites concordent	7ff0849c	SOUS_RESERVE	Rancid v5or6
ls	e5adf7b2	350173	TeemingTag76799	marche	les deux verites concordent	e1f38ea2	SOUS_RESERVE	MAREZ7781
ls	e5adf7b2	358882	MasterSkeetr	marche	les deux verites concordent	5eaa815c	SOUS_RESERVE	ART THECLOWN394
ls	e5adf7b2	359452	ART THECLOWN394	marche	les deux verites concordent	7654f890	SOUS_RESERVE	LogisticSnow520
ls	e5adf7b2	361452	dgaither91	marche	les deux verites concordent	00404748	VALIDE	MAREZ7781
ls	e5adf7b2	362352	YELDARB55	marche	les deux verites concordent	00426796	VALIDE	Goldenarrow5208
ls	e5adf7b2	364426	angieTV8825	marche	les deux verites concordent	19bd6810	VALIDE	Lamuerte28976
ls	e5adf7b2	366195	SAMURAY8929	marche	les deux verites concordent	e1f38ea2	SOUS_RESERVE	PndTwnXpress
ls	e5adf7b2	369229	DutyClock945	marche	les deux verites concordent	daa03c35	VALIDE	HugoSykes117
ls	e5adf7b2	370567	HugoSykes117	marche	les deux verites concordent	0000d57f	SOUS_RESERVE	HardCandy79
ls	e5adf7b2	375402	AGROZON	marche	les deux verites concordent	7654f890	SOUS_RESERVE	LogisticSnow520
ls	e5adf7b2	377004	Haritosdcbolla	marche	les deux verites concordent	0000b238	SOUS_RESERVE	Madina97294
ls	e5adf7b2	378135	MAREZ7781	marche	les deux verites concordent	59255106	VALIDE	Sergio98666
ls	e5adf7b2	378370	Goldenarrow5208	marche	les deux verites concordent	e1f38ea2	SOUS_RESERVE	PndTwnXpress
ls	e5adf7b2	380006	JunkGlobe569691	marche	les deux verites concordent	0000b238	SOUS_RESERVE	Rancid v5or6
ls	e5adf7b2	382809	LogisticSnow520	marche	les deux verites concordent	15dcdfe3	SOUS_RESERVE	ART THECLOWN394
ls	e5adf7b2	382813	ART THECLOWN394	marche	les deux verites concordent	15dcdfe3	SOUS_RESERVE	LogisticSnow520
ls	e5adf7b2	384107	EvilIiJokevc	marche	les deux verites concordent	130c4b61	SOUS_RESERVE	Sergio98666
ls	e5adf7b2	394157	HardCandy79	marche	source appartenant a la victime	5eaa815c	SOUS_RESERVE	TeemingTag76799
ls	e5adf7b2	395855	angieTV8825	marche	les deux verites concordent	0000b238	SOUS_RESERVE	Rancid v5or6
ls	e5adf7b2	398826	Madina97294	marche	les deux verites concordent	0000b29c	SOUS_RESERVE	Haritosdcbolla
ls	e5adf7b2	400894	MAREZ7781	marche	les deux verites concordent	7ff0849c	SOUS_RESERVE	Rancid v5or6
ls	e5adf7b2	405231	dgaither91	marche	les deux verites concordent	698aacdb	SOUS_RESERVE	Haritosdcbolla
ls	e5adf7b2	405334	ART THECLOWN394	marche	les deux verites concordent	0bece71e	VALIDE	Lamuerte28976
ls	e5adf7b2	406533	TeemingTag76799	marche	les deux verites concordent	698aacdb	SOUS_RESERVE	PndTwnXpress
ls	e5adf7b2	407901	PndTwnXpress	marche	les deux verites concordent	5e389b5d	VALIDE	HugoSykes117
ls	e5adf7b2	408334	MasterSkeetr	marche	les deux verites concordent	ef5d9e6c	SOUS_RESERVE	DutyClock945
ls	e5adf7b2	410837	DutyClock945	marche	les deux verites concordent	0000b238	SOUS_RESERVE	Rancid v5or6
ls	e5adf7b2	421949	JunkGlobe569691	marche	les deux verites concordent	7654f890	SOUS_RESERVE	HugoSykes117
ls	e5adf7b2	423419	HardCandy79	marche	les deux verites concordent	19bd6810	VALIDE	Lamuerte28976
ls	e5adf7b2	427257	LOCUTU5	marche	les deux verites concordent	e1f38ea2	SOUS_RESERVE	EvilIiJokevc
ls	e5adf7b2	428021	Madina97294	marche	les deux verites concordent	ef5d9e6c	SOUS_RESERVE	angieTV8825
ls	e5adf7b2	428755	MAREZ7781	marche	les deux verites concordent	35e75533	SOUS_RESERVE	Goldenarrow5208
ls	e5adf7b2	429389	Goldenarrow5208	marche	les deux verites concordent	35e75533	SOUS_RESERVE	Haritosdcbolla
ls	e5adf7b2	434460	Rancid v5or6	scan	les deux verites concordent	1f11df6b	SOUS_RESERVE	AGROZON
ls	e5adf7b2	434891	ART THECLOWN394	marche	les deux verites concordent	0bece71e	VALIDE	Lamuerte28976
ls	e5adf7b2	439700	angieTV8825	marche	les deux verites concordent	7654f890	SOUS_RESERVE	HugoSykes117
ls	e5adf7b2	440402	YELDARB55	marche	les deux verites concordent	d468178e	SOUS_RESERVE	LogisticSnow520
ls	e5adf7b2	441371	EvilIiJokevc	marche	les deux verites concordent	0bece71e	VALIDE	Lamuerte28976
ls	e5adf7b2	446103	JunkGlobe569691	marche	les deux verites concordent	0bece71e	VALIDE	Lamuerte28976
ls	e5adf7b2	454784	DutyClock945	marche	les deux verites concordent	0bece71e	VALIDE	Lamuerte28976
ls	e5adf7b2	458952	PndTwnXpress	scan	les deux verites concordent	35e75533	SOUS_RESERVE	LogisticSnow520
ls	e5adf7b2	461225	TeemingTag76799	marche	les deux verites concordent	8b1f83ee	SOUS_RESERVE	MAREZ7781
ls	e5adf7b2	462823	LOCUTU5	marche	les deux verites concordent	35e75533	SOUS_RESERVE	Haritosdcbolla
ls	e5adf7b2	462921	MAREZ7781	marche	les deux verites concordent	130c4b61	SOUS_RESERVE	Sergio98666
ls	e5adf7b2	462923	HardCandy79	marche	les deux verites concordent	19bd6810	VALIDE	Lamuerte28976
ls	e5adf7b2	464026	ART THECLOWN394	marche	source appartenant a la victime	00403594	VALIDE	MasterSkeetr
ls	e5adf7b2	469499	Lamuerte28976	marche	les deux verites concordent	130c4b61	SOUS_RESERVE	angieTV8825
ls	e5adf7b2	474568	Sergio98666	marche	les deux verites concordent	698aacdb	SOUS_RESERVE	Haritosdcbolla
ls	e5adf7b2	477606	Goldenarrow5208	marche	les deux verites concordent	f3c1f9a8	SOUS_RESERVE	DutyClock945
ls	e5adf7b2	478807	Haritosdcbolla	marche	les deux verites concordent	0000b29c	SOUS_RESERVE	dgaither91
ls	e5adf7b2	479103	Madina97294	marche	les deux verites concordent	59255106	VALIDE	AGROZON
ls	e5adf7b2	481742	Rancid v5or6	marche	les deux verites concordent	daa03c35	VALIDE	EvilIiJokevc
ls	e5adf7b2	482878	DutyClock945	marche	les deux verites concordent	e1f38ea2	SOUS_RESERVE	SAMURAY8929
ls	e5adf7b2	484513	SAMURAY8929	marche	les deux verites concordent	f01d60e9	SOUS_RESERVE	PndTwnXpress
ls	e5adf7b2	486177	YELDARB55	marche	les deux verites concordent	003ce738	SOUS_RESERVE	MasterSkeetr
ls	e5adf7b2	494989	angieTV8825	marche	les deux verites concordent	daa03c35	VALIDE	LOCUTU5
ls	e5adf7b2	496655	JunkGlobe569691	marche	les deux verites concordent	003ce738	SOUS_RESERVE	MasterSkeetr
ls	e5adf7b2	497422	MasterSkeetr	marche	les deux verites concordent	130c4b61	SOUS_RESERVE	MAREZ7781
ls	e5adf7b2	498629	HugoSykes117	marche	les deux verites concordent	5eaa815c	SOUS_RESERVE	PndTwnXpress
ls	e5adf7b2	499193	TeemingTag76799	marche	les deux verites concordent	1f11df6b	SOUS_RESERVE	AGROZON
ls	e5adf7b2	499967	EvilIiJokevc	marche	les deux verites concordent	8b1f83ee	SOUS_RESERVE	Rancid v5or6
ls	e5adf7b2	500700	Sergio98666	marche	les deux verites concordent	5eaa815c	SOUS_RESERVE	ART THECLOWN394
ls	e5adf7b2	503594	dgaither91	marche	les deux verites concordent	5eaa815c	SOUS_RESERVE	PndTwnXpress
ls	e5adf7b2	504434	Goldenarrow5208	marche	les deux verites concordent	e1f38ea2	SOUS_RESERVE	ART THECLOWN394
ls	e5adf7b2	506102	LOCUTU5	marche	les deux verites concordent	5eaa815c	SOUS_RESERVE	PndTwnXpress
ls	e5adf7b2	506499	ART THECLOWN394	marche	les deux verites concordent	8b1f83ee	SOUS_RESERVE	Rancid v5or6
ls	e5adf7b2	508635	LogisticSnow520	marche	les deux verites concordent	130c4b61	SOUS_RESERVE	MAREZ7781
ls	e5adf7b2	513974	SAMURAY8929	marche	les deux verites concordent	130c4b61	SOUS_RESERVE	MAREZ7781
ls	e5adf7b2	515273	Madina97294	marche	les deux verites concordent	e1f38ea2	SOUS_RESERVE	HardCandy79
ls	e5adf7b2	520884	angieTV8825	marche	les deux verites concordent	e1f38ea2	SOUS_RESERVE	Rancid v5or6
ls	e5adf7b2	521983	MAREZ7781	scan	les deux verites concordent	15dcdfe3	SOUS_RESERVE	Lamuerte28976
ls	e5adf7b2	524050	PndTwnXpress	marche	les deux verites concordent	8b1f83ee	SOUS_RESERVE	HugoSykes117
ls	e5adf7b2	526553	Rancid v5or6	marche	les deux verites concordent	f3c1f9a8	SOUS_RESERVE	DutyClock945
ls	e5adf7b2	527185	Lamuerte28976	marche	les deux verites concordent	0000d57f	SOUS_RESERVE	YELDARB55
ls	e5adf7b2	527621	Goldenarrow5208	marche	les deux verites concordent	ef5d9e6c	SOUS_RESERVE	AGROZON
ls	e5adf7b2	529592	HugoSykes117	marche	les deux verites concordent	5eaa815c	SOUS_RESERVE	HardCandy79
ls	e5adf7b2	532323	AGROZON	marche	les deux verites concordent	ab06203c	VALIDE	LogisticSnow520
ls	e5adf7b2	537495	HardCandy79	marche	les deux verites concordent	d468178e	SOUS_RESERVE	LOCUTU5
ls	e5adf7b2	540265	MAREZ7781	marche	les deux verites concordent	d468178e	SOUS_RESERVE	MasterSkeetr
ls	e5adf7b2	540268	ART THECLOWN394	marche	les deux verites concordent	d468178e	SOUS_RESERVE	MasterSkeetr
ls	e5adf7b2	542433	Sergio98666	marche	les deux verites concordent	5eaa815c	SOUS_RESERVE	YELDARB55
ls	e5adf7b2	544306	LOCUTU5	scan	les deux verites concordent	5eaa815c	SOUS_RESERVE	YELDARB55
ls	e5adf7b2	545937	DutyClock945	marche	les deux verites concordent	d468178e	SOUS_RESERVE	MasterSkeetr
ls	e5adf7b2	548075	YELDARB55	marche	les deux verites concordent	1f11df6b	SOUS_RESERVE	dgaither91
ls	e5adf7b2	548172	MasterSkeetr	marche	les deux verites concordent	5eaa815c	SOUS_RESERVE	PndTwnXpress
ls	e5adf7b2	548239	dgaither91	marche	les deux verites concordent	0000d57f	SOUS_RESERVE	YELDARB55
ls	e60aaf06	45515	Biggreenstik	scan	les deux verites concordent	0000b238	SOUS_RESERVE	Chocoboflor
ls	e60aaf06	45546	Chocoboflor	scan	les deux verites concordent	d468178e	SOUS_RESERVE	Biggreenstik
ls	e60aaf06	49202	Random373	scan	les deux verites concordent	bb1a095b	SOUS_RESERVE	Madina97294
ls	e60aaf06	54107	Sam 0uray	marche	les deux verites concordent	bb1a095b	SOUS_RESERVE	Madina97294
ls	e60aaf06	63298	Madina97294	marche	les deux verites concordent	daa03c35	VALIDE	Obliter8r99
ls	e60aaf06	68371	Obliter8r99	marche	les deux verites concordent	daa03c35	VALIDE	Chocoboflor
ls	e60aaf06	69205	XxDaemonGamerxX	scan	les deux verites concordent	0000b238	SOUS_RESERVE	Biggreenstik
ls	e60aaf06	73610	Chocoboflor	scan	les deux verites concordent	bb1a095b	SOUS_RESERVE	Sam 0uray
ls	e60aaf06	76896	Biggreenstik	marche	les deux verites concordent	2ff92041	VALIDE	JGtm
ls	e60aaf06	86322	Random373	marche	les deux verites concordent	bb1a095b	SOUS_RESERVE	Madina97294
ls	e60aaf06	87191	XxDaemonGamerxX	marche	les deux verites concordent	0000b238	SOUS_RESERVE	Obliter8r99
ls	e60aaf06	90178	Obliter8r99	scan	les deux verites concordent	bb1a095b	SOUS_RESERVE	Chocoboflor
ls	e60aaf06	91496	JGtm	marche	les deux verites concordent	2ff92041	VALIDE	Sam 0uray
ls	e60aaf06	95149	Biggreenstik	marche	les deux verites concordent	bb1a095b	SOUS_RESERVE	Madina97294
ls	e60aaf06	96801	Sam 0uray	marche	les deux verites concordent	7654f890	SOUS_RESERVE	Madina97294
ls	e60aaf06	109898	Madina97294	scan	les deux verites concordent	bb1a095b	SOUS_RESERVE	Random373
ls	e60aaf06	110483	Chocoboflor	scan	les deux verites concordent	0000b238	SOUS_RESERVE	Biggreenstik
ls	e60aaf06	126512	Sam 0uray	marche	les deux verites concordent	da3b5ba4	VALIDE	Chocoboflor
ls	e60aaf06	133056	XxDaemonGamerxX	scan	les deux verites concordent	0000b238	SOUS_RESERVE	Biggreenstik
ls	e60aaf06	134130	Madina97294	scan	les deux verites concordent	0000b238	SOUS_RESERVE	Obliter8r99
ls	e60aaf06	136293	Obliter8r99	scan	les deux verites concordent	bb1a095b	SOUS_RESERVE	Madina97294
ls	e60aaf06	144168	JGtm	scan	les deux verites concordent	daa03c35	VALIDE	Biggreenstik
ls	e60aaf06	149433	Chocoboflor	scan	les deux verites concordent	bb1a095b	SOUS_RESERVE	Random373
ls	e60aaf06	164281	Biggreenstik	marche	les deux verites concordent	daa03c35	VALIDE	Chocoboflor
ls	e60aaf06	174584	Random373	marche	les deux verites concordent	bb1a095b	SOUS_RESERVE	Chocoboflor
ls	e60aaf06	184799	Obliter8r99	marche	les deux verites concordent	f3c1f9a8	SOUS_RESERVE	Madina97294
ls	e60aaf06	188284	JGtm	marche	les deux verites concordent	0d203522	VALIDE	Biggreenstik
ls	e60aaf06	188971	Biggreenstik	scan	les deux verites concordent	0000b238	SOUS_RESERVE	Chocoboflor
ls	e60aaf06	193974	Madina97294	marche	les deux verites concordent	0000b29c	SOUS_RESERVE	Sam 0uray
ls	e60aaf06	199364	XxDaemonGamerxX	marche	les deux verites concordent	daa03c35	VALIDE	Random373
ls	e60aaf06	201615	Chocoboflor	scan	les deux verites concordent	0000b238	SOUS_RESERVE	Obliter8r99
ls	e60aaf06	204318	Sam 0uray	scan	les deux verites concordent	0000b238	SOUS_RESERVE	JGtm
ls	e60aaf06	204886	JGtm	scan	les deux verites concordent	bb1a095b	SOUS_RESERVE	Random373
ls	e60aaf06	210107	Random373	scan	les deux verites concordent	0000b238	SOUS_RESERVE	Madina97294
ls	e60aaf06	225188	Madina97294	scan	les deux verites concordent	d468178e	SOUS_RESERVE	Biggreenstik
ls	e60aaf06	225190	Chocoboflor	scan	les deux verites concordent	d468178e	SOUS_RESERVE	Biggreenstik
ls	e60aaf06	231444	XxDaemonGamerxX	marche	les deux verites concordent	62ea636f	SOUS_RESERVE	Sam 0uray
ls	e60aaf06	239669	JGtm	marche	les deux verites concordent	d468178e	SOUS_RESERVE	Biggreenstik
ls	e60aaf06	241190	Biggreenstik	scan	les deux verites concordent	bb1a095b	SOUS_RESERVE	Chocoboflor
ls	e60aaf06	244442	Sam 0uray	marche	les deux verites concordent	ee2d686d	VALIDE	Chocoboflor
ls	e60aaf06	244693	Chocoboflor	scan	les deux verites concordent	0000b238	SOUS_RESERVE	Obliter8r99
ls	e60aaf06	248080	Obliter8r99	marche	les deux verites concordent	bb1a095b	SOUS_RESERVE	Madina97294
ls	e60aaf06	255455	JGtm	scan	les deux verites concordent	7654f890	SOUS_RESERVE	Random373
ls	e60aaf06	259459	Random373	marche	les deux verites concordent	bb1a095b	SOUS_RESERVE	Madina97294
ls	e60aaf06	267783	Madina97294	scan	les deux verites concordent	0000b238	SOUS_RESERVE	Biggreenstik
ls	e60aaf06	269034	XxDaemonGamerxX	scan	les deux verites concordent	0000b238	SOUS_RESERVE	Obliter8r99
ls	e60aaf06	276725	Chocoboflor	scan	les deux verites concordent	daa03c35	VALIDE	Obliter8r99
ls	e60aaf06	283088	JGtm	scan	les deux verites concordent	0000b238	SOUS_RESERVE	Biggreenstik
ls	e60aaf06	299437	Chocoboflor	scan	les deux verites concordent	0000b238	SOUS_RESERVE	Biggreenstik
ls	e60aaf06	302140	Biggreenstik	scan	les deux verites concordent	bb1a095b	SOUS_RESERVE	Madina97294
ls	e60aaf06	306475	JGtm	marche	les deux verites concordent	bb1a095b	SOUS_RESERVE	Random373
ls	e60aaf06	310131	XxDaemonGamerxX	scan	les deux verites concordent	bb1a095b	SOUS_RESERVE	Random373
ls	e60aaf06	321759	Sam 0uray	marche	les deux verites concordent	bb1a095b	SOUS_RESERVE	JGtm
ls	e60aaf06	323061	Biggreenstik	marche	les deux verites concordent	bb1a095b	SOUS_RESERVE	Madina97294
ls	e60aaf06	323064	JGtm	marche	les deux verites concordent	daa03c35	VALIDE	Obliter8r99
ls	e60aaf06	323176	Madina97294	scan	les deux verites concordent	0d203522	VALIDE	Biggreenstik
ls	e60aaf06	325414	Chocoboflor	scan	les deux verites concordent	0000b238	SOUS_RESERVE	Obliter8r99
ls	e60aaf06	340713	Obliter8r99	marche	les deux verites concordent	bb1a095b	SOUS_RESERVE	Madina97294
ls	e60aaf06	345066	XxDaemonGamerxX	scan	les deux verites concordent	0000b238	SOUS_RESERVE	Sam 0uray
ls	e60aaf06	350054	Random373	marche	les deux verites concordent	f3c1f9a8	SOUS_RESERVE	Madina97294
ls	e60aaf06	352858	Biggreenstik	scan	les deux verites concordent	bb1a095b	SOUS_RESERVE	Madina97294
ls	e60aaf06	369091	Random373	scan	les deux verites concordent	7654f890	SOUS_RESERVE	Madina97294
ls	e60aaf06	370425	Obliter8r99	scan	les deux verites concordent	daa03c35	VALIDE	JGtm
ls	e60aaf06	375581	Madina97294	marche	les deux verites concordent	0000b238	SOUS_RESERVE	Biggreenstik
ls	e60aaf06	376915	Biggreenstik	scan	les deux verites concordent	bb1a095b	SOUS_RESERVE	JGtm
ls	e60aaf06	382786	XxDaemonGamerxX	marche	les deux verites concordent	d468178e	SOUS_RESERVE	Sam 0uray
ls	e60aaf06	388494	Sam 0uray	marche	les deux verites concordent	bb1a095b	SOUS_RESERVE	JGtm
ls	e60aaf06	389078	JGtm	scan	les deux verites concordent	bb1a095b	SOUS_RESERVE	Random373
ls	e60aaf06	395098	Chocoboflor	marche	les deux verites concordent	d468178e	SOUS_RESERVE	Obliter8r99
ls	e60aaf06	407450	Random373	marche	les deux verites concordent	0000b238	SOUS_RESERVE	Madina97294
ls	e60aaf06	409735	JGtm	marche	les deux verites concordent	0000b238	SOUS_RESERVE	Obliter8r99
ls	e60aaf06	411037	Madina97294	scan	les deux verites concordent	0000b238	SOUS_RESERVE	Biggreenstik
ls	f75e7053	50726	R I C K6734	marche	les deux verites concordent	f3c1f9a8	SOUS_RESERVE	Nuzzles
ls	f75e7053	51910	Mirzge	marche	les deux verites concordent	f3c1f9a8	SOUS_RESERVE	c6lin
ls	f75e7053	59051	c6lin	marche	les deux verites concordent	f3c1f9a8	SOUS_RESERVE	King is Evil
ls	f75e7053	62805	Sefdy	marche	les deux verites concordent	daa03c35	VALIDE	Nuzzles
ls	f75e7053	67359	Thaidume	marche	les deux verites concordent	f3c1f9a8	SOUS_RESERVE	Mirzge
ls	f75e7053	74416	c6lin	marche	les deux verites concordent	f3c1f9a8	SOUS_RESERVE	Yet
ls	f75e7053	79521	R I C K6734	marche	les deux verites concordent	daa03c35	VALIDE	Nuzzles
ls	f75e7053	89381	Thaidume	marche	les deux verites concordent	f3c1f9a8	SOUS_RESERVE	King is Evil
ls	f75e7053	92418	R I C K6734	marche	les deux verites concordent	f3c1f9a8	SOUS_RESERVE	Nuzzles
ls	f75e7053	93368	Yet	marche	les deux verites concordent	f3c1f9a8	SOUS_RESERVE	c6lin
ls	f75e7053	94887	King is Evil	marche	les deux verites concordent	f3c1f9a8	SOUS_RESERVE	Sefdy
ls	f75e7053	98974	Mirzge	marche	les deux verites concordent	f3c1f9a8	SOUS_RESERVE	c6lin
ls	f75e7053	112387	Nuzzles	marche	les deux verites concordent	f3c1f9a8	SOUS_RESERVE	R I C K6734
ls	f75e7053	118678	c6lin	marche	les deux verites concordent	f3c1f9a8	SOUS_RESERVE	Yet
ls	f75e7053	118845	Thaidume	marche	les deux verites concordent	f3c1f9a8	SOUS_RESERVE	Mirzge
ls	f75e7053	124066	Mirzge	marche	les deux verites concordent	f3c1f9a8	SOUS_RESERVE	Sefdy
ls	f75e7053	127202	R I C K6734	marche	les deux verites concordent	f3c1f9a8	SOUS_RESERVE	Yet
ls	f75e7053	128706	Sefdy	marche	les deux verites concordent	f3c1f9a8	SOUS_RESERVE	Nuzzles
ls	f75e7053	133876	Yet	marche	les deux verites concordent	f3c1f9a8	SOUS_RESERVE	c6lin
ls	f75e7053	138964	Thaidume	marche	les deux verites concordent	f3c1f9a8	SOUS_RESERVE	King is Evil
ls	f75e7053	143368	Sefdy	marche	les deux verites concordent	f3c1f9a8	SOUS_RESERVE	Nuzzles
ls	f75e7053	144720	Nuzzles	marche	les deux verites concordent	f3c1f9a8	SOUS_RESERVE	R I C K6734
ls	f75e7053	147923	c6lin	marche	les deux verites concordent	f3c1f9a8	SOUS_RESERVE	King is Evil
ls	f75e7053	148773	Mirzge	marche	les deux verites concordent	f3c1f9a8	SOUS_RESERVE	R I C K6734
ls	f75e7053	165841	Thaidume	marche	les deux verites concordent	f3c1f9a8	SOUS_RESERVE	King is Evil
ls	f75e7053	168627	Yet	marche	les deux verites concordent	f3c1f9a8	SOUS_RESERVE	R I C K6734
ls	f75e7053	169227	R I C K6734	marche	les deux verites concordent	0000d627	VALIDE	Nuzzles
ls	f75e7053	177053	Nuzzles	marche	les deux verites concordent	f3c1f9a8	SOUS_RESERVE	Sefdy
ls	f75e7053	177069	Sefdy	marche	les deux verites concordent	f3c1f9a8	SOUS_RESERVE	Mirzge
ls	f75e7053	192368	King is Evil	marche	les deux verites concordent	f3c1f9a8	SOUS_RESERVE	R I C K6734
ls	f75e7053	194687	R I C K6734	marche	les deux verites concordent	2ff92041	VALIDE	Mirzge
ls	f75e7053	194688	Mirzge	marche	les deux verites concordent	2ff92041	VALIDE	R I C K6734
ls	f75e7053	199576	Yet	marche	les deux verites concordent	f3c1f9a8	SOUS_RESERVE	c6lin
ls	f75e7053	199892	c6lin	marche	les deux verites concordent	f3c1f9a8	SOUS_RESERVE	Nuzzles
ls	f75e7053	212722	Nuzzles	marche	les deux verites concordent	daa03c35	VALIDE	Sefdy
ls	f75e7053	214958	Thaidume	marche	les deux verites concordent	f3c1f9a8	SOUS_RESERVE	Mirzge
ls	f75e7053	220412	Mirzge	marche	les deux verites concordent	f3c1f9a8	SOUS_RESERVE	c6lin
ls	f75e7053	222448	King is Evil	marche	les deux verites concordent	f3c1f9a8	SOUS_RESERVE	R I C K6734
ls	f75e7053	227287	Yet	marche	les deux verites concordent	f3c1f9a8	SOUS_RESERVE	Sefdy
ls	f75e7053	230523	Sefdy	marche	les deux verites concordent	f3c1f9a8	SOUS_RESERVE	Nuzzles
ls	f75e7053	232241	Nuzzles	marche	les deux verites concordent	f3c1f9a8	SOUS_RESERVE	R I C K6734
ls	f75e7053	239599	Mirzge	marche	les deux verites concordent	f3c1f9a8	SOUS_RESERVE	R I C K6734
ls	f75e7053	239632	R I C K6734	marche	les deux verites concordent	f3c1f9a8	SOUS_RESERVE	Mirzge
ls	f75e7053	263790	Sefdy	marche	les deux verites concordent	f3c1f9a8	SOUS_RESERVE	Mirzge
ls	f75e7053	265259	c6lin	marche	les deux verites concordent	f3c1f9a8	SOUS_RESERVE	Nuzzles
ls	f75e7053	268278	King is Evil	marche	les deux verites concordent	f3c1f9a8	SOUS_RESERVE	Thaidume
ls	f75e7053	277020	Thaidume	marche	les deux verites concordent	f3c1f9a8	SOUS_RESERVE	Yet
ls	f75e7053	280173	Yet	marche	les deux verites concordent	f3c1f9a8	SOUS_RESERVE	R I C K6734
ls	f75e7053	280206	R I C K6734	marche	les deux verites concordent	daa03c35	VALIDE	Nuzzles
ls	f75e7053	286596	c6lin	marche	les deux verites concordent	7ff0849c	SOUS_RESERVE	Nuzzles
ls	f75e7053	303046	R I C K6734	marche	les deux verites concordent	f3c1f9a8	SOUS_RESERVE	Yet
ls	f75e7053	306433	c6lin	marche	les deux verites concordent	f3c1f9a8	SOUS_RESERVE	Yet
ls	f75e7053	309085	Thaidume	marche	les deux verites concordent	f3c1f9a8	SOUS_RESERVE	Nuzzles
ls	f75e7053	313723	Sefdy	marche	les deux verites concordent	f3c1f9a8	SOUS_RESERVE	Mirzge
ls	f75e7053	324134	c6lin	marche	les deux verites concordent	f3c1f9a8	SOUS_RESERVE	Yet
ls	f75e7053	330841	Yet	marche	les deux verites concordent	f3c1f9a8	SOUS_RESERVE	Sefdy
ls	f75e7053	331691	Sefdy	marche	les deux verites concordent	f3c1f9a8	SOUS_RESERVE	Nuzzles
ls	f75e7053	332625	R I C K6734	marche	les deux verites concordent	f3c1f9a8	SOUS_RESERVE	Mirzge
ls	f75e7053	336094	Nuzzles	marche	les deux verites concordent	da3b5ba4	VALIDE	Thaidume
ls	f75e7053	343520	Mirzge	marche	les deux verites concordent	f3c1f9a8	SOUS_RESERVE	Sefdy
ls	f75e7053	347524	c6lin	marche	les deux verites concordent	f3c1f9a8	SOUS_RESERVE	Yet
ls	f75e7053	349242	Yet	marche	les deux verites concordent	daa03c35	VALIDE	Sefdy
ls	f75e7053	349676	Thaidume	marche	les deux verites concordent	f3c1f9a8	SOUS_RESERVE	King is Evil
ls	f75e7053	353847	Sefdy	marche	les deux verites concordent	f3c1f9a8	SOUS_RESERVE	Nuzzles
ls	f75e7053	356182	R I C K6734	marche	les deux verites concordent	f3c1f9a8	SOUS_RESERVE	Nuzzles
ls	f75e7053	362389	c6lin	marche	les deux verites concordent	f3c1f9a8	SOUS_RESERVE	Mirzge
ls	f75e7053	362522	Nuzzles	marche	les deux verites concordent	f3c1f9a8	SOUS_RESERVE	Thaidume
ls	f75e7053	376536	R I C K6734	marche	les deux verites concordent	f3c1f9a8	SOUS_RESERVE	Yet
ls	f75e7053	378956	Sefdy	marche	les deux verites concordent	f3c1f9a8	SOUS_RESERVE	Nuzzles
ls	f75e7053	382059	Thaidume	marche	les deux verites concordent	f3c1f9a8	SOUS_RESERVE	Mirzge
ls	f75e7053	383960	c6lin	marche	les deux verites concordent	f3c1f9a8	SOUS_RESERVE	Yet
ls	f75e7053	399876	R I C K6734	marche	les deux verites concordent	daa03c35	VALIDE	Mirzge
ls	f75e7053	404714	Thaidume	marche	les deux verites concordent	f3c1f9a8	SOUS_RESERVE	Mirzge
ls	f75e7053	411204	c6lin	marche	les deux verites concordent	f3c1f9a8	SOUS_RESERVE	Yet
ls	f75e7053	411371	Sefdy	marche	les deux verites concordent	f3c1f9a8	SOUS_RESERVE	Mirzge
ls	f75e7053	420464	Thaidume	marche	les deux verites concordent	f3c1f9a8	SOUS_RESERVE	Mirzge
ls	f75e7053	420698	R I C K6734	marche	les deux verites concordent	f3c1f9a8	SOUS_RESERVE	Nuzzles
ls	f75e7053	427471	c6lin	marche	les deux verites concordent	7ff0849c	SOUS_RESERVE	King is Evil
ls	f75e7053	444338	King is Evil	marche	les deux verites concordent	f3c1f9a8	SOUS_RESERVE	R I C K6734
ls	f75e7053	449226	R I C K6734	marche	les deux verites concordent	f3c1f9a8	SOUS_RESERVE	Mirzge
ls	f75e7053	450695	Thaidume	marche	les deux verites concordent	f3c1f9a8	SOUS_RESERVE	Mirzge
ls	f75e7053	454030	c6lin	marche	les deux verites concordent	f3c1f9a8	SOUS_RESERVE	Yet
ls	fb1a1a72	63356	Fennec87607	scan	les deux verites concordent	d468178e	SOUS_RESERVE	Mastertronic
ls	fb1a1a72	66128	Chocoboflor	marche	les deux verites concordent	0000b238	SOUS_RESERVE	TheGeronix52189
ls	fb1a1a72	74933	Mastertronic	marche	source appartenant a la victime	d468178e	SOUS_RESERVE	TheGeronix52189
ls	fb1a1a72	76137	Blackwardevil1	scan	les deux verites concordent	bb1a095b	SOUS_RESERVE	plyer5091
ls	fb1a1a72	76570	plyer5091	scan	les deux verites concordent	daa03c35	VALIDE	JGtm
ls	fb1a1a72	80923	TheGeronix52189	marche	les deux verites concordent	bb1a095b	SOUS_RESERVE	JGtm
ls	fb1a1a72	92420	Fennec87607	scan	les deux verites concordent	0d203522	VALIDE	Chocoboflor
ls	fb1a1a72	97391	JGtm	marche	les deux verites concordent	2ff92041	VALIDE	plyer5091
ls	fb1a1a72	103629	Blackwardevil1	marche	les deux verites concordent	0d203522	VALIDE	TheGeronix52189
ls	fb1a1a72	104615	TheGeronix52189	marche	les deux verites concordent	daa03c35	VALIDE	Chocoboflor
ls	fb1a1a72	112540	Fennec87607	marche	les deux verites concordent	2ff92041	VALIDE	Mastertronic
ls	fb1a1a72	112542	Mastertronic	marche	les deux verites concordent	2ff92041	VALIDE	Fennec87607
ls	fb1a1a72	112656	JGtm	marche	les deux verites concordent	0000b238	SOUS_RESERVE	Avingo256
ls	fb1a1a72	121348	plyer5091	scan	les deux verites concordent	daa03c35	VALIDE	Chocoboflor
ls	fb1a1a72	122100	Chocoboflor	scan	les deux verites concordent	0000b29c	SOUS_RESERVE	TheGeronix52189
ls	fb1a1a72	123284	Avingo256	scan	les deux verites concordent	0000b238	SOUS_RESERVE	Blackwardevil1
ls	fb1a1a72	146155	Mastertronic	marche	les deux verites concordent	00404748	VALIDE	TheGeronix52189
ls	fb1a1a72	146873	TheGeronix52189	marche	les deux verites concordent	da3b5ba4	VALIDE	Mastertronic
ls	fb1a1a72	150729	Fennec87607	scan	les deux verites concordent	bb1a095b	SOUS_RESERVE	Chocoboflor
ls	fb1a1a72	153965	Chocoboflor	scan	les deux verites concordent	0000b238	SOUS_RESERVE	Avingo256
ls	fb1a1a72	158420	Avingo256	scan	les deux verites concordent	0000b29c	SOUS_RESERVE	JGtm
ls	fb1a1a72	163257	Blackwardevil1	scan	les deux verites concordent	daa03c35	VALIDE	TheGeronix52189
ls	fb1a1a72	171947	JGtm	scan	les deux verites concordent	da3b5ba4	VALIDE	TheGeronix52189
ls	fb1a1a72	173485	Mastertronic	scan	les deux verites concordent	0000b238	SOUS_RESERVE	plyer5091
ls	fb1a1a72	173899	TheGeronix52189	scan	les deux verites concordent	da3b5ba4	VALIDE	Mastertronic
ls	fb1a1a72	174969	Fennec87607	scan	les deux verites concordent	0000b238	SOUS_RESERVE	Chocoboflor
ls	fb1a1a72	182977	Avingo256	scan	les deux verites concordent	0000b238	SOUS_RESERVE	Chocoboflor
ls	fb1a1a72	190385	Fennec87607	scan	les deux verites concordent	0000b238	SOUS_RESERVE	Blackwardevil1
ls	fb1a1a72	196325	Mastertronic	scan	les deux verites concordent	7654f890	SOUS_RESERVE	TheGeronix52189
ls	fb1a1a72	205000	Blackwardevil1	scan	les deux verites concordent	0000b238	SOUS_RESERVE	Fennec87607
ls	fb1a1a72	209771	JGtm	marche	les deux verites concordent	bb1a095b	SOUS_RESERVE	TheGeronix52189
ls	fb1a1a72	213826	plyer5091	scan	les deux verites concordent	daa03c35	VALIDE	Mastertronic
ls	fb1a1a72	219180	Chocoboflor	marche	les deux verites concordent	0000b238	SOUS_RESERVE	Avingo256
ls	fb1a1a72	227639	Mastertronic	scan	les deux verites concordent	daa03c35	VALIDE	Fennec87607
ls	fb1a1a72	238134	Blackwardevil1	marche	les deux verites concordent	7654f890	SOUS_RESERVE	TheGeronix52189
ls	fb1a1a72	241921	plyer5091	scan	les deux verites concordent	bb1a095b	SOUS_RESERVE	Chocoboflor
ls	fb1a1a72	246660	Fennec87607	scan	les deux verites concordent	bb1a095b	SOUS_RESERVE	Chocoboflor
ls	fb1a1a72	250996	Mastertronic	marche	les deux verites concordent	0000b238	SOUS_RESERVE	Avingo256
ls	fb1a1a72	256986	Avingo256	scan	les deux verites concordent	0d203522	VALIDE	JGtm
ls	fb1a1a72	259288	Chocoboflor	marche	les deux verites concordent	daa03c35	VALIDE	Fennec87607
ls	fb1a1a72	259636	JGtm	scan	les deux verites concordent	d468178e	SOUS_RESERVE	TheGeronix52189
ls	fb1a1a72	265862	plyer5091	scan	les deux verites concordent	0000b238	SOUS_RESERVE	Blackwardevil1
ls	fb1a1a72	274270	TheGeronix52189	marche	les deux verites concordent	0000b238	SOUS_RESERVE	Chocoboflor
ls	fb1a1a72	274568	Chocoboflor	marche	les deux verites concordent	d468178e	SOUS_RESERVE	TheGeronix52189
ls	fb1a1a72	275371	Blackwardevil1	scan	les deux verites concordent	2ff92041	VALIDE	Fennec87607
ls	fb1a1a72	275373	Fennec87607	scan	les deux verites concordent	2ff92041	VALIDE	Blackwardevil1
ls	fb1a1a72	283112	Avingo256	marche	les deux verites concordent	daa03c35	VALIDE	Mastertronic
ls	fb1a1a72	285813	Mastertronic	marche	les deux verites concordent	0d203522	VALIDE	plyer5091
ls	fb1a1a72	301232	Blackwardevil1	scan	les deux verites concordent	0000b29c	SOUS_RESERVE	Avingo256
ls	fb1a1a72	305222	plyer5091	marche	les deux verites concordent	bb1a095b	SOUS_RESERVE	Chocoboflor
ls	fb1a1a72	307690	JGtm	scan	les deux verites concordent	177a79ee	SOUS_RESERVE	TheGeronix52189
ls	fb1a1a72	326326	Blackwardevil1	scan	les deux verites concordent	0000b238	SOUS_RESERVE	plyer5091
ls	fb1a1a72	329028	JGtm	marche	les deux verites concordent	0000b29c	SOUS_RESERVE	Avingo256
ls	fb1a1a72	336271	Chocoboflor	marche	les deux verites concordent	daa03c35	VALIDE	plyer5091
ls	fb1a1a72	345430	Avingo256	marche	les deux verites concordent	bb1a095b	SOUS_RESERVE	JGtm
ls	fb1a1a72	346548	plyer5091	scan	les deux verites concordent	0000b238	SOUS_RESERVE	Mastertronic
ls	fb1a1a72	347065	Mastertronic	marche	les deux verites concordent	7654f890	SOUS_RESERVE	TheGeronix52189
ls	fb1a1a72	353838	Fennec87607	scan	les deux verites concordent	0000b238	SOUS_RESERVE	Blackwardevil1
ls	fb1a1a72	361444	Avingo256	scan	source appartenant a la victime	da3b5ba4	VALIDE	Chocoboflor
ls	fb1a1a72	361963	TheGeronix52189	scan	les deux verites concordent	bb1a095b	SOUS_RESERVE	JGtm
ls	fb1a1a72	362729	JGtm	scan	les deux verites concordent	119861b4	VALIDE	TheGeronix52189
ls	fb1a1a72	369996	plyer5091	marche	les deux verites concordent	0000b238	SOUS_RESERVE	Chocoboflor
ls	fb1a1a72	374200	Chocoboflor	scan	les deux verites concordent	0000b238	SOUS_RESERVE	Fennec87607
ls	fb1a1a72	377587	Blackwardevil1	marche	les deux verites concordent	0000b238	SOUS_RESERVE	TheGeronix52189
ls	fb1a1a72	380523	Fennec87607	marche	les deux verites concordent	daa03c35	VALIDE	Mastertronic
ls	fb1a1a72	381941	Mastertronic	marche	les deux verites concordent	0000b238	SOUS_RESERVE	TheGeronix52189
ls	fb1a1a72	407700	Mastertronic	marche	les deux verites concordent	177a79ee	SOUS_RESERVE	TheGeronix52189
ls	fb1a1a72	409350	TheGeronix52189	marche	les deux verites concordent	da3b5ba4	VALIDE	Mastertronic
ls	fb1a1a72	409536	Fennec87607	scan	les deux verites concordent	0000b238	SOUS_RESERVE	Blackwardevil1
ls	fb1a1a72	410436	Blackwardevil1	marche	les deux verites concordent	0000b238	SOUS_RESERVE	plyer5091
ls	fb1a1a72	420648	Chocoboflor	scan	source appartenant a la victime	0d203522	VALIDE	plyer5091
ls	fb1a1a72	428438	Blackwardevil1	scan	les deux verites concordent	daa03c35	VALIDE	Avingo256
ls	fb1a1a72	432993	JGtm	marche	les deux verites concordent	2ff92041	VALIDE	Fennec87607
ls	fb1a1a72	435045	Fennec87607	scan	les deux verites concordent	bb1a095b	SOUS_RESERVE	Chocoboflor
ls	fb1a1a72	437631	Chocoboflor	scan	les deux verites concordent	daa03c35	VALIDE	Avingo256
ls	fb1a1a72	439115	TheGeronix52189	marche	les deux verites concordent	0000b238	SOUS_RESERVE	Mastertronic
ls	fb1a1a72	448875	JGtm	marche	les deux verites concordent	daa03c35	VALIDE	Avingo256
ls	fb1a1a72	450308	Fennec87607	marche	les deux verites concordent	d468178e	SOUS_RESERVE	Mastertronic
ls	fb1a1a72	450494	plyer5091	scan	les deux verites concordent	0000b238	SOUS_RESERVE	Chocoboflor
ls	fb1a1a72	454414	Avingo256	marche	les deux verites concordent	bb1a095b	SOUS_RESERVE	Chocoboflor
ls	fb1a1a72	466577	TheGeronix52189	marche	les deux verites concordent	0000b238	SOUS_RESERVE	Chocoboflor
ls	fb1a1a72	468212	Blackwardevil1	scan	les deux verites concordent	daa03c35	VALIDE	plyer5091
ls	fb1a1a72	474790	Mastertronic	scan	les deux verites concordent	0000b29c	SOUS_RESERVE	Avingo256
ls	fb1a1a72	476991	Avingo256	marche	les deux verites concordent	bb1a095b	SOUS_RESERVE	Chocoboflor
ls	fb1a1a72	480696	TheGeronix52189	scan	les deux verites concordent	bb1a095b	SOUS_RESERVE	Chocoboflor
ls	fb1a1a72	482714	Chocoboflor	scan	les deux verites concordent	daa03c35	VALIDE	Fennec87607
ls	fb1a1a72	484884	plyer5091	scan	les deux verites concordent	2ff92041	VALIDE	JGtm
ls	fb1a1a72	484886	JGtm	scan	les deux verites concordent	2ff92041	VALIDE	plyer5091
ls	fb1a1a72	501717	Avingo256	marche	les deux verites concordent	0000b238	SOUS_RESERVE	Blackwardevil1
ls	fb1a1a72	502100	Mastertronic	marche	les deux verites concordent	0000b238	SOUS_RESERVE	Fennec87607
ls	fb1a1a72	505338	Chocoboflor	scan	les deux verites concordent	bb1a095b	SOUS_RESERVE	plyer5091
ls	fb1a1a72	508324	TheGeronix52189	marche	les deux verites concordent	bb1a095b	SOUS_RESERVE	JGtm
ls	fb1a1a72	516013	plyer5091	marche	les deux verites concordent	da3b5ba4	VALIDE	JGtm
ls	fb1a1a72	518517	JGtm	scan	les deux verites concordent	0000b238	SOUS_RESERVE	Avingo256
ls	fb1a1a72	521905	Blackwardevil1	scan	les deux verites concordent	bb1a095b	SOUS_RESERVE	Avingo256
ls	fb1a1a72	545029	Mastertronic	marche	les deux verites concordent	2ff92041	VALIDE	plyer5091
ls	fb1a1a72	547080	Fennec87607	marche	les deux verites concordent	0000b238	SOUS_RESERVE	Blackwardevil1
ls	fb1a1a72	562278	TheGeronix52189	scan	les deux verites concordent	daa03c35	VALIDE	JGtm
ls	fb1a1a72	563094	JGtm	scan	les deux verites concordent	0000d627	VALIDE	TheGeronix52189
ls	fb1a1a72	563847	Mastertronic	marche	les deux verites concordent	2ff92041	VALIDE	Avingo256
ls	fb1a1a72	563849	Avingo256	marche	les deux verites concordent	2ff92041	VALIDE	Mastertronic
ls	fb1a1a72	572492	Blackwardevil1	marche	les deux verites concordent	daa03c35	VALIDE	plyer5091
ls	fb1a1a72	576297	Chocoboflor	scan	les deux verites concordent	2ff92041	VALIDE	Fennec87607
ls	fb1a1a72	576311	Fennec87607	marche	les deux verites concordent	ee2d686d	VALIDE	Chocoboflor
ls	fb1a1a72	586772	TheGeronix52189	marche	les deux verites concordent	bb1a095b	SOUS_RESERVE	JGtm
ls	fb1a1a72	588455	JGtm	scan	les deux verites concordent	d468178e	SOUS_RESERVE	Avingo256
ls	fb1a1a72	605910	Avingo256	scan	les deux verites concordent	0000b238	SOUS_RESERVE	Mastertronic
ls	fb1a1a72	609814	Blackwardevil1	scan	les deux verites concordent	daa03c35	VALIDE	plyer5091
ls	fb1a1a72	624627	plyer5091	marche	les deux verites concordent	0d203522	VALIDE	JGtm
ls	fb1a1a72	630384	Mastertronic	marche	les deux verites concordent	bb1a095b	SOUS_RESERVE	TheGeronix52189
ls	fb1a1a72	631653	TheGeronix52189	scan	les deux verites concordent	bb1a095b	SOUS_RESERVE	Chocoboflor
ls	fb1a1a72	649720	Blackwardevil1	marche	les deux verites concordent	0000b238	SOUS_RESERVE	Fennec87607
ls	fb1a1a72	657879	TheGeronix52189	scan	les deux verites concordent	0000b238	SOUS_RESERVE	Mastertronic
ls	fb1a1a72	674515	Fennec87607	scan	les deux verites concordent	daa03c35	VALIDE	Mastertronic
ls	fb1a1a72	678385	Avingo256	marche	les deux verites concordent	daa03c35	VALIDE	JGtm
ls	fb1a1a72	681589	plyer5091	scan	les deux verites concordent	0000b238	SOUS_RESERVE	Blackwardevil1
ls	fb1a1a72	687912	Mastertronic	marche	les deux verites concordent	0000b238	SOUS_RESERVE	TheGeronix52189
ls	fb1a1a72	690798	Blackwardevil1	marche	les deux verites concordent	0000b238	SOUS_RESERVE	Fennec87607
ls	fb1a1a72	704663	Avingo256	marche	les deux verites concordent	daa03c35	VALIDE	JGtm
ls	fb1a1a72	708400	Chocoboflor	scan	les deux verites concordent	2ff92041	VALIDE	plyer5091
ls	fb1a1a72	708403	plyer5091	scan	les deux verites concordent	2ff92041	VALIDE	Chocoboflor
ls	fb1a1a72	709151	Fennec87607	marche	les deux verites concordent	daa03c35	VALIDE	JGtm
ls	fb1a1a72	711018	TheGeronix52189	scan	les deux verites concordent	0000b238	SOUS_RESERVE	Mastertronic
ls	fb1a1a72	721562	Mastertronic	scan	les deux verites concordent	2ff92041	VALIDE	Fennec87607
ls	fb1a1a72	721565	Fennec87607	scan	les deux verites concordent	2ff92041	VALIDE	Mastertronic
ls	fb1a1a72	737062	Blackwardevil1	marche	les deux verites concordent	0000b238	SOUS_RESERVE	Fennec87607
ls	fb1a1a72	737160	Avingo256	scan	les deux verites concordent	7654f890	SOUS_RESERVE	JGtm
ls	fb1a1a72	747823	plyer5091	scan	les deux verites concordent	7654f890	SOUS_RESERVE	JGtm
ls	fb1a1a72	750025	JGtm	marche	les deux verites concordent	bb1a095b	SOUS_RESERVE	TheGeronix52189
ls	fb1a1a72	750106	Fennec87607	marche	les deux verites concordent	d468178e	SOUS_RESERVE	Chocoboflor
ls	fb1a1a72	761803	Chocoboflor	scan	les deux verites concordent	0000b238	SOUS_RESERVE	Avingo256
ls	fb1a1a72	764974	JGtm	marche	les deux verites concordent	bb1a095b	SOUS_RESERVE	Avingo256
ls	fb1a1a72	771982	Blackwardevil1	marche	les deux verites concordent	bb1a095b	SOUS_RESERVE	TheGeronix52189
ls	fb1a1a72	772214	plyer5091	marche	les deux verites concordent	2ff92041	VALIDE	Mastertronic
ls	fb1a1a72	772215	Mastertronic	marche	les deux verites concordent	2ff92041	VALIDE	plyer5091
ls	fb1a1a72	774283	TheGeronix52189	marche	les deux verites concordent	bb1a095b	SOUS_RESERVE	Chocoboflor
ls	fb1a1a72	791199	Avingo256	marche	les deux verites concordent	bb1a095b	SOUS_RESERVE	JGtm
ls	fb1a1a72	792602	JGtm	marche	les deux verites concordent	0000b238	SOUS_RESERVE	TheGeronix52189
ls	fb1a1a72	795254	plyer5091	marche	les deux verites concordent	0000b238	SOUS_RESERVE	Chocoboflor
ls	fb1a1a72	795772	TheGeronix52189	marche	les deux verites concordent	bb1a095b	SOUS_RESERVE	Mastertronic
