film	build	classe	composant	d	records_fermes	records_candidats
4f77afc1	HI_1_13_0	type1	etat-par-defaut	-12	12	400
4f77afc1	HI_1_13_0	type1	etat-par-defaut	-13	4	400
4f77afc1	HI_1_13_0	type1	etat-par-defaut	-15	4	400
4f77afc1	HI_1_13_0	type1	etat-par-defaut	-16	1	400
4f77afc1	HI_1_13_0	type1	etat-par-defaut	-17	15	400
4f77afc1	HI_1_13_0	type1	etat-par-defaut	-18	11	400
4f77afc1	HI_1_13_0	type1	etat-par-defaut	-19	9	400
4f77afc1	HI_1_13_0	type1	etat-par-defaut	-2	8	400
4f77afc1	HI_1_13_0	type1	etat-par-defaut	-20	10	400
4f77afc1	HI_1_13_0	type1	etat-par-defaut	-21	15	400
4f77afc1	HI_1_13_0	type1	etat-par-defaut	-22	3	400
4f77afc1	HI_1_13_0	type1	etat-par-defaut	-23	17	400
4f77afc1	HI_1_13_0	type1	etat-par-defaut	-25	8	400
4f77afc1	HI_1_13_0	type1	etat-par-defaut	-26	14	400
4f77afc1	HI_1_13_0	type1	etat-par-defaut	-27	1	400
4f77afc1	HI_1_13_0	type1	etat-par-defaut	-28	1	400
4f77afc1	HI_1_13_0	type1	etat-par-defaut	-29	21	400
4f77afc1	HI_1_13_0	type1	etat-par-defaut	-3	1	400
4f77afc1	HI_1_13_0	type1	etat-par-defaut	-30	7	400
4f77afc1	HI_1_13_0	type1	etat-par-defaut	-4	5	400
4f77afc1	HI_1_13_0	type1	etat-par-defaut	-5	1	400
4f77afc1	HI_1_13_0	type1	etat-par-defaut	-6	2	400
4f77afc1	HI_1_13_0	type1	etat-par-defaut	1	4	400
4f77afc1	HI_1_13_0	type1	etat-par-defaut	10	1	400
4f77afc1	HI_1_13_0	type1	etat-par-defaut	11	11	400
4f77afc1	HI_1_13_0	type1	etat-par-defaut	12	18	400
4f77afc1	HI_1_13_0	type1	etat-par-defaut	13	4	400
4f77afc1	HI_1_13_0	type1	etat-par-defaut	14	19	400
4f77afc1	HI_1_13_0	type1	etat-par-defaut	15	9	400
4f77afc1	HI_1_13_0	type1	etat-par-defaut	16	23	400
4f77afc1	HI_1_13_0	type1	etat-par-defaut	17	35	400
4f77afc1	HI_1_13_0	type1	etat-par-defaut	18	4	400
4f77afc1	HI_1_13_0	type1	etat-par-defaut	2	4	400
4f77afc1	HI_1_13_0	type1	etat-par-defaut	22	52	400
4f77afc1	HI_1_13_0	type1	etat-par-defaut	23	20	400
4f77afc1	HI_1_13_0	type1	etat-par-defaut	3	3	400
4f77afc1	HI_1_13_0	type1	etat-par-defaut	30	1	400
4f77afc1	HI_1_13_0	type1	etat-par-defaut	31	1	400
4f77afc1	HI_1_13_0	type1	etat-par-defaut	32	15	400
4f77afc1	HI_1_13_0	type1	etat-par-defaut	4	12	400
4f77afc1	HI_1_13_0	type1	etat-par-defaut	5	25	400
4f77afc1	HI_1_13_0	type1	etat-par-defaut	6	25	400
4f77afc1	HI_1_13_0	type1	etat-par-defaut	7	5	400
4f77afc1	HI_1_13_0	type1	etat-par-defaut	8	15	400
4f77afc1	HI_1_13_0	type1	etat-par-defaut	9	2	400
4f77afc1	HI_1_13_0	type1	i00 object-position-dynamic-precision	-1	2	400
4f77afc1	HI_1_13_0	type1	i00 object-position-dynamic-precision	-10	2	400
4f77afc1	HI_1_13_0	type1	i00 object-position-dynamic-precision	-11	15	400
4f77afc1	HI_1_13_0	type1	i00 object-position-dynamic-precision	-12	22	400
4f77afc1	HI_1_13_0	type1	i00 object-position-dynamic-precision	-13	6	400
4f77afc1	HI_1_13_0	type1	i00 object-position-dynamic-precision	-14	8	400
4f77afc1	HI_1_13_0	type1	i00 object-position-dynamic-precision	-15	17	400
4f77afc1	HI_1_13_0	type1	i00 object-position-dynamic-precision	-16	7	400
4f77afc1	HI_1_13_0	type1	i00 object-position-dynamic-precision	-17	1	400
4f77afc1	HI_1_13_0	type1	i00 object-position-dynamic-precision	-18	17	400
4f77afc1	HI_1_13_0	type1	i00 object-position-dynamic-precision	-19	12	400
4f77afc1	HI_1_13_0	type1	i00 object-position-dynamic-precision	-2	3	400
4f77afc1	HI_1_13_0	type1	i00 object-position-dynamic-precision	-20	17	400
4f77afc1	HI_1_13_0	type1	i00 object-position-dynamic-precision	-21	5	400
4f77afc1	HI_1_13_0	type1	i00 object-position-dynamic-precision	-22	5	400
4f77afc1	HI_1_13_0	type1	i00 object-position-dynamic-precision	-23	10	400
4f77afc1	HI_1_13_0	type1	i00 object-position-dynamic-precision	-24	31	400
4f77afc1	HI_1_13_0	type1	i00 object-position-dynamic-precision	-25	8	400
4f77afc1	HI_1_13_0	type1	i00 object-position-dynamic-precision	-26	14	400
4f77afc1	HI_1_13_0	type1	i00 object-position-dynamic-precision	-27	4	400
4f77afc1	HI_1_13_0	type1	i00 object-position-dynamic-precision	-28	4	400
4f77afc1	HI_1_13_0	type1	i00 object-position-dynamic-precision	-29	47	400
4f77afc1	HI_1_13_0	type1	i00 object-position-dynamic-precision	-3	45	400
4f77afc1	HI_1_13_0	type1	i00 object-position-dynamic-precision	-30	25	400
4f77afc1	HI_1_13_0	type1	i00 object-position-dynamic-precision	-31	25	400
4f77afc1	HI_1_13_0	type1	i00 object-position-dynamic-precision	-32	18	400
4f77afc1	HI_1_13_0	type1	i00 object-position-dynamic-precision	-4	1	400
4f77afc1	HI_1_13_0	type1	i00 object-position-dynamic-precision	-5	1	400
4f77afc1	HI_1_13_0	type1	i00 object-position-dynamic-precision	-6	27	400
4f77afc1	HI_1_13_0	type1	i00 object-position-dynamic-precision	-7	5	400
4f77afc1	HI_1_13_0	type1	i00 object-position-dynamic-precision	-9	8	400
4f77afc1	HI_1_13_0	type1	i00 object-position-dynamic-precision	1	9	400
4f77afc1	HI_1_13_0	type1	i00 object-position-dynamic-precision	10	1	400
4f77afc1	HI_1_13_0	type1	i00 object-position-dynamic-precision	11	3	400
4f77afc1	HI_1_13_0	type1	i00 object-position-dynamic-precision	12	2	400
4f77afc1	HI_1_13_0	type1	i00 object-position-dynamic-precision	13	8	400
4f77afc1	HI_1_13_0	type1	i00 object-position-dynamic-precision	14	11	400
4f77afc1	HI_1_13_0	type1	i00 object-position-dynamic-precision	15	23	400
4f77afc1	HI_1_13_0	type1	i00 object-position-dynamic-precision	16	6	400
4f77afc1	HI_1_13_0	type1	i00 object-position-dynamic-precision	17	1	400
4f77afc1	HI_1_13_0	type1	i00 object-position-dynamic-precision	18	3	400
4f77afc1	HI_1_13_0	type1	i00 object-position-dynamic-precision	2	5	400
4f77afc1	HI_1_13_0	type1	i00 object-position-dynamic-precision	20	2	400
4f77afc1	HI_1_13_0	type1	i00 object-position-dynamic-precision	21	11	400
4f77afc1	HI_1_13_0	type1	i00 object-position-dynamic-precision	22	8	400
4f77afc1	HI_1_13_0	type1	i00 object-position-dynamic-precision	23	34	400
4f77afc1	HI_1_13_0	type1	i00 object-position-dynamic-precision	24	5	400
4f77afc1	HI_1_13_0	type1	i00 object-position-dynamic-precision	26	2	400
4f77afc1	HI_1_13_0	type1	i00 object-position-dynamic-precision	27	13	400
4f77afc1	HI_1_13_0	type1	i00 object-position-dynamic-precision	28	2	400
4f77afc1	HI_1_13_0	type1	i00 object-position-dynamic-precision	29	124	400
4f77afc1	HI_1_13_0	type1	i00 object-position-dynamic-precision	3	21	400
4f77afc1	HI_1_13_0	type1	i00 object-position-dynamic-precision	31	5	400
4f77afc1	HI_1_13_0	type1	i00 object-position-dynamic-precision	32	6	400
4f77afc1	HI_1_13_0	type1	i00 object-position-dynamic-precision	4	20	400
4f77afc1	HI_1_13_0	type1	i00 object-position-dynamic-precision	5	28	400
4f77afc1	HI_1_13_0	type1	i00 object-position-dynamic-precision	6	7	400
4f77afc1	HI_1_13_0	type1	i00 object-position-dynamic-precision	7	8	400
4f77afc1	HI_1_13_0	type1	i00 object-position-dynamic-precision	9	15	400
4f77afc1	HI_1_13_0	type1	i01 object-translational-velocity-dynamic-precision	-1	53	400
4f77afc1	HI_1_13_0	type1	i01 object-translational-velocity-dynamic-precision	-10	15	400
4f77afc1	HI_1_13_0	type1	i01 object-translational-velocity-dynamic-precision	-11	13	400
4f77afc1	HI_1_13_0	type1	i01 object-translational-velocity-dynamic-precision	-12	37	400
4f77afc1	HI_1_13_0	type1	i01 object-translational-velocity-dynamic-precision	-13	4	400
4f77afc1	HI_1_13_0	type1	i01 object-translational-velocity-dynamic-precision	-14	5	400
4f77afc1	HI_1_13_0	type1	i01 object-translational-velocity-dynamic-precision	-15	36	400
4f77afc1	HI_1_13_0	type1	i01 object-translational-velocity-dynamic-precision	-16	24	400
4f77afc1	HI_1_13_0	type1	i01 object-translational-velocity-dynamic-precision	-17	1	400
4f77afc1	HI_1_13_0	type1	i01 object-translational-velocity-dynamic-precision	-18	36	400
4f77afc1	HI_1_13_0	type1	i01 object-translational-velocity-dynamic-precision	-19	10	400
4f77afc1	HI_1_13_0	type1	i01 object-translational-velocity-dynamic-precision	-2	2	400
4f77afc1	HI_1_13_0	type1	i01 object-translational-velocity-dynamic-precision	-20	16	400
4f77afc1	HI_1_13_0	type1	i01 object-translational-velocity-dynamic-precision	-21	4	400
4f77afc1	HI_1_13_0	type1	i01 object-translational-velocity-dynamic-precision	-22	5	400
4f77afc1	HI_1_13_0	type1	i01 object-translational-velocity-dynamic-precision	-23	1	400
4f77afc1	HI_1_13_0	type1	i01 object-translational-velocity-dynamic-precision	-24	11	400
4f77afc1	HI_1_13_0	type1	i01 object-translational-velocity-dynamic-precision	-25	9	400
4f77afc1	HI_1_13_0	type1	i01 object-translational-velocity-dynamic-precision	-26	7	400
4f77afc1	HI_1_13_0	type1	i01 object-translational-velocity-dynamic-precision	-27	9	400
4f77afc1	HI_1_13_0	type1	i01 object-translational-velocity-dynamic-precision	-29	40	400
4f77afc1	HI_1_13_0	type1	i01 object-translational-velocity-dynamic-precision	-3	34	400
4f77afc1	HI_1_13_0	type1	i01 object-translational-velocity-dynamic-precision	-30	14	400
4f77afc1	HI_1_13_0	type1	i01 object-translational-velocity-dynamic-precision	-31	24	400
4f77afc1	HI_1_13_0	type1	i01 object-translational-velocity-dynamic-precision	-32	25	400
4f77afc1	HI_1_13_0	type1	i01 object-translational-velocity-dynamic-precision	-4	1	400
4f77afc1	HI_1_13_0	type1	i01 object-translational-velocity-dynamic-precision	-5	3	400
4f77afc1	HI_1_13_0	type1	i01 object-translational-velocity-dynamic-precision	-6	37	400
4f77afc1	HI_1_13_0	type1	i01 object-translational-velocity-dynamic-precision	-7	3	400
4f77afc1	HI_1_13_0	type1	i01 object-translational-velocity-dynamic-precision	-9	1	400
4f77afc1	HI_1_13_0	type1	i01 object-translational-velocity-dynamic-precision	1	5	400
4f77afc1	HI_1_13_0	type1	i01 object-translational-velocity-dynamic-precision	10	2	400
4f77afc1	HI_1_13_0	type1	i01 object-translational-velocity-dynamic-precision	11	3	400
4f77afc1	HI_1_13_0	type1	i01 object-translational-velocity-dynamic-precision	12	9	400
4f77afc1	HI_1_13_0	type1	i01 object-translational-velocity-dynamic-precision	14	3	400
4f77afc1	HI_1_13_0	type1	i01 object-translational-velocity-dynamic-precision	15	27	400
4f77afc1	HI_1_13_0	type1	i01 object-translational-velocity-dynamic-precision	16	4	400
4f77afc1	HI_1_13_0	type1	i01 object-translational-velocity-dynamic-precision	17	24	400
4f77afc1	HI_1_13_0	type1	i01 object-translational-velocity-dynamic-precision	18	37	400
4f77afc1	HI_1_13_0	type1	i01 object-translational-velocity-dynamic-precision	19	17	400
4f77afc1	HI_1_13_0	type1	i01 object-translational-velocity-dynamic-precision	2	6	400
4f77afc1	HI_1_13_0	type1	i01 object-translational-velocity-dynamic-precision	20	5	400
4f77afc1	HI_1_13_0	type1	i01 object-translational-velocity-dynamic-precision	21	9	400
4f77afc1	HI_1_13_0	type1	i01 object-translational-velocity-dynamic-precision	22	9	400
4f77afc1	HI_1_13_0	type1	i01 object-translational-velocity-dynamic-precision	23	36	400
4f77afc1	HI_1_13_0	type1	i01 object-translational-velocity-dynamic-precision	24	18	400
4f77afc1	HI_1_13_0	type1	i01 object-translational-velocity-dynamic-precision	25	3	400
4f77afc1	HI_1_13_0	type1	i01 object-translational-velocity-dynamic-precision	26	44	400
4f77afc1	HI_1_13_0	type1	i01 object-translational-velocity-dynamic-precision	27	25	400
4f77afc1	HI_1_13_0	type1	i01 object-translational-velocity-dynamic-precision	28	7	400
4f77afc1	HI_1_13_0	type1	i01 object-translational-velocity-dynamic-precision	29	106	400
4f77afc1	HI_1_13_0	type1	i01 object-translational-velocity-dynamic-precision	30	1	400
4f77afc1	HI_1_13_0	type1	i01 object-translational-velocity-dynamic-precision	31	13	400
4f77afc1	HI_1_13_0	type1	i01 object-translational-velocity-dynamic-precision	32	44	400
4f77afc1	HI_1_13_0	type1	i01 object-translational-velocity-dynamic-precision	4	24	400
4f77afc1	HI_1_13_0	type1	i01 object-translational-velocity-dynamic-precision	5	31	400
4f77afc1	HI_1_13_0	type1	i01 object-translational-velocity-dynamic-precision	6	5	400
4f77afc1	HI_1_13_0	type1	i01 object-translational-velocity-dynamic-precision	7	3	400
4f77afc1	HI_1_13_0	type1	i01 object-translational-velocity-dynamic-precision	8	22	400
4f77afc1	HI_1_13_0	type1	i01 object-translational-velocity-dynamic-precision	9	15	400
4f77afc1	HI_1_13_0	type1	i02 object-forward-and-up-dynamic-precision	-1	3	400
4f77afc1	HI_1_13_0	type1	i02 object-forward-and-up-dynamic-precision	-10	19	400
4f77afc1	HI_1_13_0	type1	i02 object-forward-and-up-dynamic-precision	-11	4	400
4f77afc1	HI_1_13_0	type1	i02 object-forward-and-up-dynamic-precision	-12	16	400
4f77afc1	HI_1_13_0	type1	i02 object-forward-and-up-dynamic-precision	-13	4	400
4f77afc1	HI_1_13_0	type1	i02 object-forward-and-up-dynamic-precision	-14	5	400
4f77afc1	HI_1_13_0	type1	i02 object-forward-and-up-dynamic-precision	-15	34	400
4f77afc1	HI_1_13_0	type1	i02 object-forward-and-up-dynamic-precision	-16	15	400
4f77afc1	HI_1_13_0	type1	i02 object-forward-and-up-dynamic-precision	-17	2	400
4f77afc1	HI_1_13_0	type1	i02 object-forward-and-up-dynamic-precision	-18	22	400
4f77afc1	HI_1_13_0	type1	i02 object-forward-and-up-dynamic-precision	-19	12	400
4f77afc1	HI_1_13_0	type1	i02 object-forward-and-up-dynamic-precision	-2	8	400
4f77afc1	HI_1_13_0	type1	i02 object-forward-and-up-dynamic-precision	-20	6	400
4f77afc1	HI_1_13_0	type1	i02 object-forward-and-up-dynamic-precision	-21	12	400
4f77afc1	HI_1_13_0	type1	i02 object-forward-and-up-dynamic-precision	-22	5	400
4f77afc1	HI_1_13_0	type1	i02 object-forward-and-up-dynamic-precision	-23	1	400
4f77afc1	HI_1_13_0	type1	i02 object-forward-and-up-dynamic-precision	-24	12	400
4f77afc1	HI_1_13_0	type1	i02 object-forward-and-up-dynamic-precision	-25	13	400
4f77afc1	HI_1_13_0	type1	i02 object-forward-and-up-dynamic-precision	-26	17	400
4f77afc1	HI_1_13_0	type1	i02 object-forward-and-up-dynamic-precision	-27	6	400
4f77afc1	HI_1_13_0	type1	i02 object-forward-and-up-dynamic-precision	-28	4	400
4f77afc1	HI_1_13_0	type1	i02 object-forward-and-up-dynamic-precision	-29	4	400
4f77afc1	HI_1_13_0	type1	i02 object-forward-and-up-dynamic-precision	-3	6	400
4f77afc1	HI_1_13_0	type1	i02 object-forward-and-up-dynamic-precision	-30	1	400
4f77afc1	HI_1_13_0	type1	i02 object-forward-and-up-dynamic-precision	-31	1	400
4f77afc1	HI_1_13_0	type1	i02 object-forward-and-up-dynamic-precision	-4	24	400
4f77afc1	HI_1_13_0	type1	i02 object-forward-and-up-dynamic-precision	-5	10	400
4f77afc1	HI_1_13_0	type1	i02 object-forward-and-up-dynamic-precision	-6	47	400
4f77afc1	HI_1_13_0	type1	i02 object-forward-and-up-dynamic-precision	-7	9	400
4f77afc1	HI_1_13_0	type1	i02 object-forward-and-up-dynamic-precision	-9	20	400
4f77afc1	HI_1_13_0	type1	i02 object-forward-and-up-dynamic-precision	1	8	400
4f77afc1	HI_1_13_0	type1	i02 object-forward-and-up-dynamic-precision	10	6	400
4f77afc1	HI_1_13_0	type1	i02 object-forward-and-up-dynamic-precision	11	7	400
4f77afc1	HI_1_13_0	type1	i02 object-forward-and-up-dynamic-precision	12	3	400
4f77afc1	HI_1_13_0	type1	i02 object-forward-and-up-dynamic-precision	13	1	400
4f77afc1	HI_1_13_0	type1	i02 object-forward-and-up-dynamic-precision	14	16	400
4f77afc1	HI_1_13_0	type1	i02 object-forward-and-up-dynamic-precision	15	20	400
4f77afc1	HI_1_13_0	type1	i02 object-forward-and-up-dynamic-precision	16	4	400
4f77afc1	HI_1_13_0	type1	i02 object-forward-and-up-dynamic-precision	17	2	400
4f77afc1	HI_1_13_0	type1	i02 object-forward-and-up-dynamic-precision	18	6	400
4f77afc1	HI_1_13_0	type1	i02 object-forward-and-up-dynamic-precision	19	44	400
4f77afc1	HI_1_13_0	type1	i02 object-forward-and-up-dynamic-precision	2	13	400
4f77afc1	HI_1_13_0	type1	i02 object-forward-and-up-dynamic-precision	20	12	400
4f77afc1	HI_1_13_0	type1	i02 object-forward-and-up-dynamic-precision	21	8	400
4f77afc1	HI_1_13_0	type1	i02 object-forward-and-up-dynamic-precision	22	2	400
4f77afc1	HI_1_13_0	type1	i02 object-forward-and-up-dynamic-precision	23	46	400
4f77afc1	HI_1_13_0	type1	i02 object-forward-and-up-dynamic-precision	24	8	400
4f77afc1	HI_1_13_0	type1	i02 object-forward-and-up-dynamic-precision	25	4	400
4f77afc1	HI_1_13_0	type1	i02 object-forward-and-up-dynamic-precision	26	31	400
4f77afc1	HI_1_13_0	type1	i02 object-forward-and-up-dynamic-precision	27	3	400
4f77afc1	HI_1_13_0	type1	i02 object-forward-and-up-dynamic-precision	28	9	400
4f77afc1	HI_1_13_0	type1	i02 object-forward-and-up-dynamic-precision	29	46	400
4f77afc1	HI_1_13_0	type1	i02 object-forward-and-up-dynamic-precision	3	36	400
4f77afc1	HI_1_13_0	type1	i02 object-forward-and-up-dynamic-precision	30	27	400
4f77afc1	HI_1_13_0	type1	i02 object-forward-and-up-dynamic-precision	31	10	400
4f77afc1	HI_1_13_0	type1	i02 object-forward-and-up-dynamic-precision	32	14	400
4f77afc1	HI_1_13_0	type1	i02 object-forward-and-up-dynamic-precision	4	13	400
4f77afc1	HI_1_13_0	type1	i02 object-forward-and-up-dynamic-precision	5	22	400
4f77afc1	HI_1_13_0	type1	i02 object-forward-and-up-dynamic-precision	6	9	400
4f77afc1	HI_1_13_0	type1	i02 object-forward-and-up-dynamic-precision	7	25	400
4f77afc1	HI_1_13_0	type1	i02 object-forward-and-up-dynamic-precision	8	25	400
4f77afc1	HI_1_13_0	type1	i02 object-forward-and-up-dynamic-precision	9	5	400
4f77afc1	HI_1_13_0	type1	i03 object-angular-velocity-dynamic-precision	-1	3	400
4f77afc1	HI_1_13_0	type1	i03 object-angular-velocity-dynamic-precision	-10	6	400
4f77afc1	HI_1_13_0	type1	i03 object-angular-velocity-dynamic-precision	-12	18	400
4f77afc1	HI_1_13_0	type1	i03 object-angular-velocity-dynamic-precision	-13	4	400
4f77afc1	HI_1_13_0	type1	i03 object-angular-velocity-dynamic-precision	-14	5	400
4f77afc1	HI_1_13_0	type1	i03 object-angular-velocity-dynamic-precision	-15	37	400
4f77afc1	HI_1_13_0	type1	i03 object-angular-velocity-dynamic-precision	-16	14	400
4f77afc1	HI_1_13_0	type1	i03 object-angular-velocity-dynamic-precision	-17	4	400
4f77afc1	HI_1_13_0	type1	i03 object-angular-velocity-dynamic-precision	-18	2	400
4f77afc1	HI_1_13_0	type1	i03 object-angular-velocity-dynamic-precision	-19	17	400
4f77afc1	HI_1_13_0	type1	i03 object-angular-velocity-dynamic-precision	-2	33	400
4f77afc1	HI_1_13_0	type1	i03 object-angular-velocity-dynamic-precision	-20	11	400
4f77afc1	HI_1_13_0	type1	i03 object-angular-velocity-dynamic-precision	-21	13	400
4f77afc1	HI_1_13_0	type1	i03 object-angular-velocity-dynamic-precision	-22	2	400
4f77afc1	HI_1_13_0	type1	i03 object-angular-velocity-dynamic-precision	-23	18	400
4f77afc1	HI_1_13_0	type1	i03 object-angular-velocity-dynamic-precision	-24	14	400
4f77afc1	HI_1_13_0	type1	i03 object-angular-velocity-dynamic-precision	-26	1	400
4f77afc1	HI_1_13_0	type1	i03 object-angular-velocity-dynamic-precision	-27	8	400
4f77afc1	HI_1_13_0	type1	i03 object-angular-velocity-dynamic-precision	-28	4	400
4f77afc1	HI_1_13_0	type1	i03 object-angular-velocity-dynamic-precision	-3	6	400
4f77afc1	HI_1_13_0	type1	i03 object-angular-velocity-dynamic-precision	-31	1	400
4f77afc1	HI_1_13_0	type1	i03 object-angular-velocity-dynamic-precision	-32	7	400
4f77afc1	HI_1_13_0	type1	i03 object-angular-velocity-dynamic-precision	-4	1	400
4f77afc1	HI_1_13_0	type1	i03 object-angular-velocity-dynamic-precision	-5	14	400
4f77afc1	HI_1_13_0	type1	i03 object-angular-velocity-dynamic-precision	-6	45	400
4f77afc1	HI_1_13_0	type1	i03 object-angular-velocity-dynamic-precision	-7	18	400
4f77afc1	HI_1_13_0	type1	i03 object-angular-velocity-dynamic-precision	-9	5	400
4f77afc1	HI_1_13_0	type1	i03 object-angular-velocity-dynamic-precision	1	39	400
4f77afc1	HI_1_13_0	type1	i03 object-angular-velocity-dynamic-precision	10	15	400
4f77afc1	HI_1_13_0	type1	i03 object-angular-velocity-dynamic-precision	11	6	400
4f77afc1	HI_1_13_0	type1	i03 object-angular-velocity-dynamic-precision	12	1	400
4f77afc1	HI_1_13_0	type1	i03 object-angular-velocity-dynamic-precision	13	3	400
4f77afc1	HI_1_13_0	type1	i03 object-angular-velocity-dynamic-precision	14	2	400
4f77afc1	HI_1_13_0	type1	i03 object-angular-velocity-dynamic-precision	15	26	400
4f77afc1	HI_1_13_0	type1	i03 object-angular-velocity-dynamic-precision	16	2	400
4f77afc1	HI_1_13_0	type1	i03 object-angular-velocity-dynamic-precision	17	4	400
4f77afc1	HI_1_13_0	type1	i03 object-angular-velocity-dynamic-precision	18	23	400
4f77afc1	HI_1_13_0	type1	i03 object-angular-velocity-dynamic-precision	19	58	400
4f77afc1	HI_1_13_0	type1	i03 object-angular-velocity-dynamic-precision	2	23	400
4f77afc1	HI_1_13_0	type1	i03 object-angular-velocity-dynamic-precision	20	2	400
4f77afc1	HI_1_13_0	type1	i03 object-angular-velocity-dynamic-precision	21	1	400
4f77afc1	HI_1_13_0	type1	i03 object-angular-velocity-dynamic-precision	22	2	400
4f77afc1	HI_1_13_0	type1	i03 object-angular-velocity-dynamic-precision	23	47	400
4f77afc1	HI_1_13_0	type1	i03 object-angular-velocity-dynamic-precision	24	8	400
4f77afc1	HI_1_13_0	type1	i03 object-angular-velocity-dynamic-precision	25	16	400
4f77afc1	HI_1_13_0	type1	i03 object-angular-velocity-dynamic-precision	26	5	400
4f77afc1	HI_1_13_0	type1	i03 object-angular-velocity-dynamic-precision	27	3	400
4f77afc1	HI_1_13_0	type1	i03 object-angular-velocity-dynamic-precision	28	10	400
4f77afc1	HI_1_13_0	type1	i03 object-angular-velocity-dynamic-precision	29	17	400
4f77afc1	HI_1_13_0	type1	i03 object-angular-velocity-dynamic-precision	3	1	400
4f77afc1	HI_1_13_0	type1	i03 object-angular-velocity-dynamic-precision	30	1	400
4f77afc1	HI_1_13_0	type1	i03 object-angular-velocity-dynamic-precision	31	18	400
4f77afc1	HI_1_13_0	type1	i03 object-angular-velocity-dynamic-precision	32	7	400
4f77afc1	HI_1_13_0	type1	i03 object-angular-velocity-dynamic-precision	4	4	400
4f77afc1	HI_1_13_0	type1	i03 object-angular-velocity-dynamic-precision	5	18	400
4f77afc1	HI_1_13_0	type1	i03 object-angular-velocity-dynamic-precision	8	19	400
4f77afc1	HI_1_13_0	type1	i03 object-angular-velocity-dynamic-precision	9	36	400
4f77afc1	HI_1_13_0	type1	i04 object-body-vitality	-1	3	400
4f77afc1	HI_1_13_0	type1	i04 object-body-vitality	-10	6	400
4f77afc1	HI_1_13_0	type1	i04 object-body-vitality	-12	18	400
4f77afc1	HI_1_13_0	type1	i04 object-body-vitality	-13	4	400
4f77afc1	HI_1_13_0	type1	i04 object-body-vitality	-14	5	400
4f77afc1	HI_1_13_0	type1	i04 object-body-vitality	-15	37	400
4f77afc1	HI_1_13_0	type1	i04 object-body-vitality	-16	14	400
4f77afc1	HI_1_13_0	type1	i04 object-body-vitality	-17	4	400
4f77afc1	HI_1_13_0	type1	i04 object-body-vitality	-18	2	400
4f77afc1	HI_1_13_0	type1	i04 object-body-vitality	-19	17	400
4f77afc1	HI_1_13_0	type1	i04 object-body-vitality	-2	33	400
4f77afc1	HI_1_13_0	type1	i04 object-body-vitality	-20	11	400
4f77afc1	HI_1_13_0	type1	i04 object-body-vitality	-21	13	400
4f77afc1	HI_1_13_0	type1	i04 object-body-vitality	-22	2	400
4f77afc1	HI_1_13_0	type1	i04 object-body-vitality	-23	18	400
4f77afc1	HI_1_13_0	type1	i04 object-body-vitality	-24	14	400
4f77afc1	HI_1_13_0	type1	i04 object-body-vitality	-26	1	400
4f77afc1	HI_1_13_0	type1	i04 object-body-vitality	-27	8	400
4f77afc1	HI_1_13_0	type1	i04 object-body-vitality	-28	4	400
4f77afc1	HI_1_13_0	type1	i04 object-body-vitality	-3	6	400
4f77afc1	HI_1_13_0	type1	i04 object-body-vitality	-31	1	400
4f77afc1	HI_1_13_0	type1	i04 object-body-vitality	-32	7	400
4f77afc1	HI_1_13_0	type1	i04 object-body-vitality	-4	1	400
4f77afc1	HI_1_13_0	type1	i04 object-body-vitality	-5	14	400
4f77afc1	HI_1_13_0	type1	i04 object-body-vitality	-6	45	400
4f77afc1	HI_1_13_0	type1	i04 object-body-vitality	-7	18	400
4f77afc1	HI_1_13_0	type1	i04 object-body-vitality	-9	5	400
4f77afc1	HI_1_13_0	type1	i04 object-body-vitality	1	39	400
4f77afc1	HI_1_13_0	type1	i04 object-body-vitality	10	15	400
4f77afc1	HI_1_13_0	type1	i04 object-body-vitality	11	6	400
4f77afc1	HI_1_13_0	type1	i04 object-body-vitality	12	1	400
4f77afc1	HI_1_13_0	type1	i04 object-body-vitality	13	3	400
4f77afc1	HI_1_13_0	type1	i04 object-body-vitality	14	2	400
4f77afc1	HI_1_13_0	type1	i04 object-body-vitality	15	26	400
4f77afc1	HI_1_13_0	type1	i04 object-body-vitality	16	2	400
4f77afc1	HI_1_13_0	type1	i04 object-body-vitality	17	4	400
4f77afc1	HI_1_13_0	type1	i04 object-body-vitality	18	23	400
4f77afc1	HI_1_13_0	type1	i04 object-body-vitality	19	58	400
4f77afc1	HI_1_13_0	type1	i04 object-body-vitality	2	23	400
4f77afc1	HI_1_13_0	type1	i04 object-body-vitality	20	2	400
4f77afc1	HI_1_13_0	type1	i04 object-body-vitality	21	1	400
4f77afc1	HI_1_13_0	type1	i04 object-body-vitality	22	2	400
4f77afc1	HI_1_13_0	type1	i04 object-body-vitality	23	47	400
4f77afc1	HI_1_13_0	type1	i04 object-body-vitality	24	8	400
4f77afc1	HI_1_13_0	type1	i04 object-body-vitality	25	16	400
4f77afc1	HI_1_13_0	type1	i04 object-body-vitality	26	5	400
4f77afc1	HI_1_13_0	type1	i04 object-body-vitality	27	3	400
4f77afc1	HI_1_13_0	type1	i04 object-body-vitality	28	10	400
4f77afc1	HI_1_13_0	type1	i04 object-body-vitality	29	17	400
4f77afc1	HI_1_13_0	type1	i04 object-body-vitality	3	1	400
4f77afc1	HI_1_13_0	type1	i04 object-body-vitality	30	1	400
4f77afc1	HI_1_13_0	type1	i04 object-body-vitality	31	18	400
4f77afc1	HI_1_13_0	type1	i04 object-body-vitality	32	7	400
4f77afc1	HI_1_13_0	type1	i04 object-body-vitality	4	4	400
4f77afc1	HI_1_13_0	type1	i04 object-body-vitality	5	18	400
4f77afc1	HI_1_13_0	type1	i04 object-body-vitality	8	19	400
4f77afc1	HI_1_13_0	type1	i04 object-body-vitality	9	36	400
4f77afc1	HI_1_13_0	type1	i05 object-shield-vitality	-1	2	400
4f77afc1	HI_1_13_0	type1	i05 object-shield-vitality	-10	2	400
4f77afc1	HI_1_13_0	type1	i05 object-shield-vitality	-12	7	400
4f77afc1	HI_1_13_0	type1	i05 object-shield-vitality	-14	4	400
4f77afc1	HI_1_13_0	type1	i05 object-shield-vitality	-15	32	400
4f77afc1	HI_1_13_0	type1	i05 object-shield-vitality	-16	16	400
4f77afc1	HI_1_13_0	type1	i05 object-shield-vitality	-17	2	400
4f77afc1	HI_1_13_0	type1	i05 object-shield-vitality	-18	1	400
4f77afc1	HI_1_13_0	type1	i05 object-shield-vitality	-19	5	400
4f77afc1	HI_1_13_0	type1	i05 object-shield-vitality	-2	34	400
4f77afc1	HI_1_13_0	type1	i05 object-shield-vitality	-20	12	400
4f77afc1	HI_1_13_0	type1	i05 object-shield-vitality	-21	13	400
4f77afc1	HI_1_13_0	type1	i05 object-shield-vitality	-23	17	400
4f77afc1	HI_1_13_0	type1	i05 object-shield-vitality	-24	16	400
4f77afc1	HI_1_13_0	type1	i05 object-shield-vitality	-25	1	400
4f77afc1	HI_1_13_0	type1	i05 object-shield-vitality	-26	1	400
4f77afc1	HI_1_13_0	type1	i05 object-shield-vitality	-27	4	400
4f77afc1	HI_1_13_0	type1	i05 object-shield-vitality	-29	5	400
4f77afc1	HI_1_13_0	type1	i05 object-shield-vitality	-3	6	400
4f77afc1	HI_1_13_0	type1	i05 object-shield-vitality	-31	4	400
4f77afc1	HI_1_13_0	type1	i05 object-shield-vitality	-32	6	400
4f77afc1	HI_1_13_0	type1	i05 object-shield-vitality	-4	1	400
4f77afc1	HI_1_13_0	type1	i05 object-shield-vitality	-5	18	400
4f77afc1	HI_1_13_0	type1	i05 object-shield-vitality	-6	32	400
4f77afc1	HI_1_13_0	type1	i05 object-shield-vitality	-7	6	400
4f77afc1	HI_1_13_0	type1	i05 object-shield-vitality	-9	4	400
4f77afc1	HI_1_13_0	type1	i05 object-shield-vitality	1	45	400
4f77afc1	HI_1_13_0	type1	i05 object-shield-vitality	10	15	400
4f77afc1	HI_1_13_0	type1	i05 object-shield-vitality	11	3	400
4f77afc1	HI_1_13_0	type1	i05 object-shield-vitality	12	1	400
4f77afc1	HI_1_13_0	type1	i05 object-shield-vitality	13	3	400
4f77afc1	HI_1_13_0	type1	i05 object-shield-vitality	14	1	400
4f77afc1	HI_1_13_0	type1	i05 object-shield-vitality	16	5	400
4f77afc1	HI_1_13_0	type1	i05 object-shield-vitality	17	9	400
4f77afc1	HI_1_13_0	type1	i05 object-shield-vitality	18	17	400
4f77afc1	HI_1_13_0	type1	i05 object-shield-vitality	19	63	400
4f77afc1	HI_1_13_0	type1	i05 object-shield-vitality	2	26	400
4f77afc1	HI_1_13_0	type1	i05 object-shield-vitality	20	4	400
4f77afc1	HI_1_13_0	type1	i05 object-shield-vitality	21	14	400
4f77afc1	HI_1_13_0	type1	i05 object-shield-vitality	22	3	400
4f77afc1	HI_1_13_0	type1	i05 object-shield-vitality	23	2	400
4f77afc1	HI_1_13_0	type1	i05 object-shield-vitality	24	15	400
4f77afc1	HI_1_13_0	type1	i05 object-shield-vitality	25	25	400
4f77afc1	HI_1_13_0	type1	i05 object-shield-vitality	26	2	400
4f77afc1	HI_1_13_0	type1	i05 object-shield-vitality	27	1	400
4f77afc1	HI_1_13_0	type1	i05 object-shield-vitality	28	12	400
4f77afc1	HI_1_13_0	type1	i05 object-shield-vitality	29	10	400
4f77afc1	HI_1_13_0	type1	i05 object-shield-vitality	3	13	400
4f77afc1	HI_1_13_0	type1	i05 object-shield-vitality	31	13	400
4f77afc1	HI_1_13_0	type1	i05 object-shield-vitality	32	11	400
4f77afc1	HI_1_13_0	type1	i05 object-shield-vitality	4	7	400
4f77afc1	HI_1_13_0	type1	i05 object-shield-vitality	5	1	400
4f77afc1	HI_1_13_0	type1	i05 object-shield-vitality	6	11	400
4f77afc1	HI_1_13_0	type1	i05 object-shield-vitality	7	12	400
4f77afc1	HI_1_13_0	type1	i05 object-shield-vitality	8	20	400
4f77afc1	HI_1_13_0	type1	i05 object-shield-vitality	9	30	400
4f77afc1	HI_1_13_0	type1	i06 object-region-state	-1	12	400
4f77afc1	HI_1_13_0	type1	i06 object-region-state	-10	22	400
4f77afc1	HI_1_13_0	type1	i06 object-region-state	-11	15	400
4f77afc1	HI_1_13_0	type1	i06 object-region-state	-13	23	400
4f77afc1	HI_1_13_0	type1	i06 object-region-state	-15	1	400
4f77afc1	HI_1_13_0	type1	i06 object-region-state	-16	11	400
4f77afc1	HI_1_13_0	type1	i06 object-region-state	-17	11	400
4f77afc1	HI_1_13_0	type1	i06 object-region-state	-18	33	400
4f77afc1	HI_1_13_0	type1	i06 object-region-state	-19	5	400
4f77afc1	HI_1_13_0	type1	i06 object-region-state	-2	18	400
4f77afc1	HI_1_13_0	type1	i06 object-region-state	-21	2	400
4f77afc1	HI_1_13_0	type1	i06 object-region-state	-24	14	400
4f77afc1	HI_1_13_0	type1	i06 object-region-state	-26	34	400
4f77afc1	HI_1_13_0	type1	i06 object-region-state	-27	4	400
4f77afc1	HI_1_13_0	type1	i06 object-region-state	-29	6	400
4f77afc1	HI_1_13_0	type1	i06 object-region-state	-3	13	400
4f77afc1	HI_1_13_0	type1	i06 object-region-state	-30	17	400
4f77afc1	HI_1_13_0	type1	i06 object-region-state	-31	1	400
4f77afc1	HI_1_13_0	type1	i06 object-region-state	-32	1	400
4f77afc1	HI_1_13_0	type1	i06 object-region-state	-5	7	400
4f77afc1	HI_1_13_0	type1	i06 object-region-state	-6	2	400
4f77afc1	HI_1_13_0	type1	i06 object-region-state	1	17	400
4f77afc1	HI_1_13_0	type1	i06 object-region-state	10	42	400
4f77afc1	HI_1_13_0	type1	i06 object-region-state	11	35	400
4f77afc1	HI_1_13_0	type1	i06 object-region-state	12	22	400
4f77afc1	HI_1_13_0	type1	i06 object-region-state	14	15	400
4f77afc1	HI_1_13_0	type1	i06 object-region-state	15	14	400
4f77afc1	HI_1_13_0	type1	i06 object-region-state	16	1	400
4f77afc1	HI_1_13_0	type1	i06 object-region-state	17	2	400
4f77afc1	HI_1_13_0	type1	i06 object-region-state	18	3	400
4f77afc1	HI_1_13_0	type1	i06 object-region-state	19	7	400
4f77afc1	HI_1_13_0	type1	i06 object-region-state	2	40	400
4f77afc1	HI_1_13_0	type1	i06 object-region-state	20	6	400
4f77afc1	HI_1_13_0	type1	i06 object-region-state	21	20	400
4f77afc1	HI_1_13_0	type1	i06 object-region-state	22	34	400
4f77afc1	HI_1_13_0	type1	i06 object-region-state	23	3	400
4f77afc1	HI_1_13_0	type1	i06 object-region-state	24	8	400
4f77afc1	HI_1_13_0	type1	i06 object-region-state	25	7	400
4f77afc1	HI_1_13_0	type1	i06 object-region-state	26	2	400
4f77afc1	HI_1_13_0	type1	i06 object-region-state	27	1	400
4f77afc1	HI_1_13_0	type1	i06 object-region-state	28	4	400
4f77afc1	HI_1_13_0	type1	i06 object-region-state	29	6	400
4f77afc1	HI_1_13_0	type1	i06 object-region-state	3	3	400
4f77afc1	HI_1_13_0	type1	i06 object-region-state	30	35	400
4f77afc1	HI_1_13_0	type1	i06 object-region-state	31	28	400
4f77afc1	HI_1_13_0	type1	i06 object-region-state	32	8	400
4f77afc1	HI_1_13_0	type1	i06 object-region-state	4	1	400
4f77afc1	HI_1_13_0	type1	i06 object-region-state	5	14	400
4f77afc1	HI_1_13_0	type1	i06 object-region-state	6	4	400
4f77afc1	HI_1_13_0	type1	i06 object-region-state	7	8	400
4f77afc1	HI_1_13_0	type1	i06 object-region-state	9	37	400
4f77afc1	HI_1_13_0	type1	i07 object-damage-sections	-1	2	400
4f77afc1	HI_1_13_0	type1	i07 object-damage-sections	-10	4	400
4f77afc1	HI_1_13_0	type1	i07 object-damage-sections	-11	18	400
4f77afc1	HI_1_13_0	type1	i07 object-damage-sections	-13	33	400
4f77afc1	HI_1_13_0	type1	i07 object-damage-sections	-14	11	400
4f77afc1	HI_1_13_0	type1	i07 object-damage-sections	-16	11	400
4f77afc1	HI_1_13_0	type1	i07 object-damage-sections	-17	1	400
4f77afc1	HI_1_13_0	type1	i07 object-damage-sections	-19	18	400
4f77afc1	HI_1_13_0	type1	i07 object-damage-sections	-2	1	400
4f77afc1	HI_1_13_0	type1	i07 object-damage-sections	-21	33	400
4f77afc1	HI_1_13_0	type1	i07 object-damage-sections	-22	14	400
4f77afc1	HI_1_13_0	type1	i07 object-damage-sections	-23	15	400
4f77afc1	HI_1_13_0	type1	i07 object-damage-sections	-24	4	400
4f77afc1	HI_1_13_0	type1	i07 object-damage-sections	-25	1	400
4f77afc1	HI_1_13_0	type1	i07 object-damage-sections	-27	22	400
4f77afc1	HI_1_13_0	type1	i07 object-damage-sections	-29	9	400
4f77afc1	HI_1_13_0	type1	i07 object-damage-sections	-3	30	400
4f77afc1	HI_1_13_0	type1	i07 object-damage-sections	-30	10	400
4f77afc1	HI_1_13_0	type1	i07 object-damage-sections	-32	1	400
4f77afc1	HI_1_13_0	type1	i07 object-damage-sections	-5	12	400
4f77afc1	HI_1_13_0	type1	i07 object-damage-sections	-6	11	400
4f77afc1	HI_1_13_0	type1	i07 object-damage-sections	-8	10	400
4f77afc1	HI_1_13_0	type1	i07 object-damage-sections	-9	1	400
4f77afc1	HI_1_13_0	type1	i07 object-damage-sections	11	1	400
4f77afc1	HI_1_13_0	type1	i07 object-damage-sections	13	1	400
4f77afc1	HI_1_13_0	type1	i07 object-damage-sections	14	2	400
4f77afc1	HI_1_13_0	type1	i07 object-damage-sections	15	15	400
4f77afc1	HI_1_13_0	type1	i07 object-damage-sections	16	1	400
4f77afc1	HI_1_13_0	type1	i07 object-damage-sections	18	1	400
4f77afc1	HI_1_13_0	type1	i07 object-damage-sections	19	1	400
4f77afc1	HI_1_13_0	type1	i07 object-damage-sections	2	15	400
4f77afc1	HI_1_13_0	type1	i07 object-damage-sections	21	2	400
4f77afc1	HI_1_13_0	type1	i07 object-damage-sections	22	2	400
4f77afc1	HI_1_13_0	type1	i07 object-damage-sections	23	1	400
4f77afc1	HI_1_13_0	type1	i07 object-damage-sections	24	8	400
4f77afc1	HI_1_13_0	type1	i07 object-damage-sections	25	15	400
4f77afc1	HI_1_13_0	type1	i07 object-damage-sections	26	3	400
4f77afc1	HI_1_13_0	type1	i07 object-damage-sections	27	6	400
4f77afc1	HI_1_13_0	type1	i07 object-damage-sections	28	1	400
4f77afc1	HI_1_13_0	type1	i07 object-damage-sections	29	25	400
4f77afc1	HI_1_13_0	type1	i07 object-damage-sections	3	1	400
4f77afc1	HI_1_13_0	type1	i07 object-damage-sections	30	11	400
4f77afc1	HI_1_13_0	type1	i07 object-damage-sections	31	15	400
4f77afc1	HI_1_13_0	type1	i07 object-damage-sections	32	23	400
4f77afc1	HI_1_13_0	type1	i07 object-damage-sections	4	13	400
4f77afc1	HI_1_13_0	type1	i07 object-damage-sections	5	11	400
4f77afc1	HI_1_13_0	type1	i07 object-damage-sections	6	2	400
4f77afc1	HI_1_13_0	type1	i07 object-damage-sections	7	1	400
4f77afc1	HI_1_13_0	type1	i08 object-constraint	-1	1	400
4f77afc1	HI_1_13_0	type1	i08 object-constraint	-10	9	400
4f77afc1	HI_1_13_0	type1	i08 object-constraint	-11	16	400
4f77afc1	HI_1_13_0	type1	i08 object-constraint	-14	12	400
4f77afc1	HI_1_13_0	type1	i08 object-constraint	-15	10	400
4f77afc1	HI_1_13_0	type1	i08 object-constraint	-16	6	400
4f77afc1	HI_1_13_0	type1	i08 object-constraint	-18	7	400
4f77afc1	HI_1_13_0	type1	i08 object-constraint	-19	14	400
4f77afc1	HI_1_13_0	type1	i08 object-constraint	-2	1	400
4f77afc1	HI_1_13_0	type1	i08 object-constraint	-22	2	400
4f77afc1	HI_1_13_0	type1	i08 object-constraint	-23	6	400
4f77afc1	HI_1_13_0	type1	i08 object-constraint	-24	4	400
4f77afc1	HI_1_13_0	type1	i08 object-constraint	-26	8	400
4f77afc1	HI_1_13_0	type1	i08 object-constraint	-27	2	400
4f77afc1	HI_1_13_0	type1	i08 object-constraint	-28	4	400
4f77afc1	HI_1_13_0	type1	i08 object-constraint	-3	30	400
4f77afc1	HI_1_13_0	type1	i08 object-constraint	-30	2	400
4f77afc1	HI_1_13_0	type1	i08 object-constraint	-31	6	400
4f77afc1	HI_1_13_0	type1	i08 object-constraint	-4	1	400
4f77afc1	HI_1_13_0	type1	i08 object-constraint	-5	18	400
4f77afc1	HI_1_13_0	type1	i08 object-constraint	-6	11	400
4f77afc1	HI_1_13_0	type1	i08 object-constraint	-8	11	400
4f77afc1	HI_1_13_0	type1	i08 object-constraint	-9	1	400
4f77afc1	HI_1_13_0	type1	i08 object-constraint	1	1	400
4f77afc1	HI_1_13_0	type1	i08 object-constraint	11	11	400
4f77afc1	HI_1_13_0	type1	i08 object-constraint	12	1	400
4f77afc1	HI_1_13_0	type1	i08 object-constraint	13	3	400
4f77afc1	HI_1_13_0	type1	i08 object-constraint	15	4	400
4f77afc1	HI_1_13_0	type1	i08 object-constraint	16	24	400
4f77afc1	HI_1_13_0	type1	i08 object-constraint	17	1	400
4f77afc1	HI_1_13_0	type1	i08 object-constraint	18	2	400
4f77afc1	HI_1_13_0	type1	i08 object-constraint	19	11	400
4f77afc1	HI_1_13_0	type1	i08 object-constraint	2	19	400
4f77afc1	HI_1_13_0	type1	i08 object-constraint	20	4	400
4f77afc1	HI_1_13_0	type1	i08 object-constraint	23	1	400
4f77afc1	HI_1_13_0	type1	i08 object-constraint	24	11	400
4f77afc1	HI_1_13_0	type1	i08 object-constraint	26	3	400
4f77afc1	HI_1_13_0	type1	i08 object-constraint	27	25	400
4f77afc1	HI_1_13_0	type1	i08 object-constraint	28	1	400
4f77afc1	HI_1_13_0	type1	i08 object-constraint	29	11	400
4f77afc1	HI_1_13_0	type1	i08 object-constraint	3	1	400
4f77afc1	HI_1_13_0	type1	i08 object-constraint	32	23	400
4f77afc1	HI_1_13_0	type1	i08 object-constraint	4	13	400
4f77afc1	HI_1_13_0	type1	i08 object-constraint	5	21	400
4f77afc1	HI_1_13_0	type1	i08 object-constraint	7	3	400
4f77afc1	HI_1_13_0	type1	i08 object-constraint	8	10	400
4f77afc1	HI_1_13_0	type1	i08 object-constraint	9	1	400
4f77afc1	HI_1_13_0	type1	i09 object-multiplayer-properties	-1	2	400
4f77afc1	HI_1_13_0	type1	i09 object-multiplayer-properties	-10	7	400
4f77afc1	HI_1_13_0	type1	i09 object-multiplayer-properties	-11	3	400
4f77afc1	HI_1_13_0	type1	i09 object-multiplayer-properties	-12	9	400
4f77afc1	HI_1_13_0	type1	i09 object-multiplayer-properties	-13	11	400
4f77afc1	HI_1_13_0	type1	i09 object-multiplayer-properties	-14	1	400
4f77afc1	HI_1_13_0	type1	i09 object-multiplayer-properties	-15	10	400
4f77afc1	HI_1_13_0	type1	i09 object-multiplayer-properties	-16	15	400
4f77afc1	HI_1_13_0	type1	i09 object-multiplayer-properties	-18	5	400
4f77afc1	HI_1_13_0	type1	i09 object-multiplayer-properties	-19	2	400
4f77afc1	HI_1_13_0	type1	i09 object-multiplayer-properties	-2	2	400
4f77afc1	HI_1_13_0	type1	i09 object-multiplayer-properties	-20	1	400
4f77afc1	HI_1_13_0	type1	i09 object-multiplayer-properties	-21	2	400
4f77afc1	HI_1_13_0	type1	i09 object-multiplayer-properties	-22	1	400
4f77afc1	HI_1_13_0	type1	i09 object-multiplayer-properties	-25	6	400
4f77afc1	HI_1_13_0	type1	i09 object-multiplayer-properties	-27	2	400
4f77afc1	HI_1_13_0	type1	i09 object-multiplayer-properties	-28	20	400
4f77afc1	HI_1_13_0	type1	i09 object-multiplayer-properties	-29	11	400
4f77afc1	HI_1_13_0	type1	i09 object-multiplayer-properties	-3	7	400
4f77afc1	HI_1_13_0	type1	i09 object-multiplayer-properties	-31	8	400
4f77afc1	HI_1_13_0	type1	i09 object-multiplayer-properties	-32	2	400
4f77afc1	HI_1_13_0	type1	i09 object-multiplayer-properties	-5	7	400
4f77afc1	HI_1_13_0	type1	i09 object-multiplayer-properties	-6	1	400
4f77afc1	HI_1_13_0	type1	i09 object-multiplayer-properties	-7	11	400
4f77afc1	HI_1_13_0	type1	i09 object-multiplayer-properties	-8	4	400
4f77afc1	HI_1_13_0	type1	i09 object-multiplayer-properties	-9	1	400
4f77afc1	HI_1_13_0	type1	i09 object-multiplayer-properties	12	4	400
4f77afc1	HI_1_13_0	type1	i09 object-multiplayer-properties	13	12	400
4f77afc1	HI_1_13_0	type1	i09 object-multiplayer-properties	15	1	400
4f77afc1	HI_1_13_0	type1	i09 object-multiplayer-properties	16	15	400
4f77afc1	HI_1_13_0	type1	i09 object-multiplayer-properties	17	1	400
4f77afc1	HI_1_13_0	type1	i09 object-multiplayer-properties	18	3	400
4f77afc1	HI_1_13_0	type1	i09 object-multiplayer-properties	19	1	400
4f77afc1	HI_1_13_0	type1	i09 object-multiplayer-properties	2	4	400
4f77afc1	HI_1_13_0	type1	i09 object-multiplayer-properties	22	3	400
4f77afc1	HI_1_13_0	type1	i09 object-multiplayer-properties	23	1	400
4f77afc1	HI_1_13_0	type1	i09 object-multiplayer-properties	24	2	400
4f77afc1	HI_1_13_0	type1	i09 object-multiplayer-properties	25	2	400
4f77afc1	HI_1_13_0	type1	i09 object-multiplayer-properties	27	15	400
4f77afc1	HI_1_13_0	type1	i09 object-multiplayer-properties	28	2	400
4f77afc1	HI_1_13_0	type1	i09 object-multiplayer-properties	29	10	400
4f77afc1	HI_1_13_0	type1	i09 object-multiplayer-properties	3	11	400
4f77afc1	HI_1_13_0	type1	i09 object-multiplayer-properties	32	3	400
4f77afc1	HI_1_13_0	type1	i09 object-multiplayer-properties	4	16	400
4f77afc1	HI_1_13_0	type1	i09 object-multiplayer-properties	7	1	400
4f77afc1	HI_1_13_0	type1	i09 object-multiplayer-properties	8	11	400
4f77afc1	HI_1_13_0	type1	i09 object-multiplayer-properties	9	1	400
4f77afc1	HI_1_13_0	type1	i10 object-parent-state	-10	6	400
4f77afc1	HI_1_13_0	type1	i10 object-parent-state	-11	1	400
4f77afc1	HI_1_13_0	type1	i10 object-parent-state	-12	1	400
4f77afc1	HI_1_13_0	type1	i10 object-parent-state	-13	2	400
4f77afc1	HI_1_13_0	type1	i10 object-parent-state	-14	4	400
4f77afc1	HI_1_13_0	type1	i10 object-parent-state	-15	8	400
4f77afc1	HI_1_13_0	type1	i10 object-parent-state	-16	9	400
4f77afc1	HI_1_13_0	type1	i10 object-parent-state	-17	1	400
4f77afc1	HI_1_13_0	type1	i10 object-parent-state	-19	3	400
4f77afc1	HI_1_13_0	type1	i10 object-parent-state	-2	4	400
4f77afc1	HI_1_13_0	type1	i10 object-parent-state	-21	1	400
4f77afc1	HI_1_13_0	type1	i10 object-parent-state	-22	1	400
4f77afc1	HI_1_13_0	type1	i10 object-parent-state	-25	6	400
4f77afc1	HI_1_13_0	type1	i10 object-parent-state	-26	1	400
4f77afc1	HI_1_13_0	type1	i10 object-parent-state	-28	7	400
4f77afc1	HI_1_13_0	type1	i10 object-parent-state	-29	11	400
4f77afc1	HI_1_13_0	type1	i10 object-parent-state	-4	7	400
4f77afc1	HI_1_13_0	type1	i10 object-parent-state	-5	6	400
4f77afc1	HI_1_13_0	type1	i10 object-parent-state	-6	9	400
4f77afc1	HI_1_13_0	type1	i10 object-parent-state	-7	11	400
4f77afc1	HI_1_13_0	type1	i10 object-parent-state	-8	2	400
4f77afc1	HI_1_13_0	type1	i10 object-parent-state	-9	7	400
4f77afc1	HI_1_13_0	type1	i10 object-parent-state	1	7	400
4f77afc1	HI_1_13_0	type1	i10 object-parent-state	12	5	400
4f77afc1	HI_1_13_0	type1	i10 object-parent-state	13	11	400
4f77afc1	HI_1_13_0	type1	i10 object-parent-state	14	12	400
4f77afc1	HI_1_13_0	type1	i10 object-parent-state	16	9	400
4f77afc1	HI_1_13_0	type1	i10 object-parent-state	17	2	400
4f77afc1	HI_1_13_0	type1	i10 object-parent-state	18	1	400
4f77afc1	HI_1_13_0	type1	i10 object-parent-state	2	5	400
4f77afc1	HI_1_13_0	type1	i10 object-parent-state	22	3	400
4f77afc1	HI_1_13_0	type1	i10 object-parent-state	23	1	400
4f77afc1	HI_1_13_0	type1	i10 object-parent-state	24	1	400
4f77afc1	HI_1_13_0	type1	i10 object-parent-state	26	9	400
4f77afc1	HI_1_13_0	type1	i10 object-parent-state	27	1	400
4f77afc1	HI_1_13_0	type1	i10 object-parent-state	28	7	400
4f77afc1	HI_1_13_0	type1	i10 object-parent-state	3	11	400
4f77afc1	HI_1_13_0	type1	i10 object-parent-state	30	14	400
4f77afc1	HI_1_13_0	type1	i10 object-parent-state	31	9	400
4f77afc1	HI_1_13_0	type1	i10 object-parent-state	32	1	400
4f77afc1	HI_1_13_0	type1	i10 object-parent-state	4	12	400
4f77afc1	HI_1_13_0	type1	i10 object-parent-state	5	10	400
4f77afc1	HI_1_13_0	type1	i10 object-parent-state	7	1	400
4f77afc1	HI_1_13_0	type1	i10 object-parent-state	8	11	400
4f77afc1	HI_1_13_0	type1	i10 object-parent-state	9	12	400
4f77afc1	HI_1_13_0	type1	i11 object-dead-state	-1	2	400
4f77afc1	HI_1_13_0	type1	i11 object-dead-state	-13	14	400
4f77afc1	HI_1_13_0	type1	i11 object-dead-state	-20	2	400
4f77afc1	HI_1_13_0	type1	i11 object-dead-state	-21	1	400
4f77afc1	HI_1_13_0	type1	i11 object-dead-state	-27	4	400
4f77afc1	HI_1_13_0	type1	i11 object-dead-state	-4	1	400
4f77afc1	HI_1_13_0	type1	i11 object-dead-state	-5	5	400
4f77afc1	HI_1_13_0	type1	i11 object-dead-state	-7	4	400
4f77afc1	HI_1_13_0	type1	i11 object-dead-state	12	2	400
4f77afc1	HI_1_13_0	type1	i11 object-dead-state	15	14	400
4f77afc1	HI_1_13_0	type1	i11 object-dead-state	2	12	400
4f77afc1	HI_1_13_0	type1	i11 object-dead-state	22	1	400
4f77afc1	HI_1_13_0	type1	i11 object-dead-state	24	10	400
4f77afc1	HI_1_13_0	type1	i11 object-dead-state	25	4	400
4f77afc1	HI_1_13_0	type1	i11 object-dead-state	29	14	400
4f77afc1	HI_1_13_0	type1	i11 object-dead-state	30	4	400
4f77afc1	HI_1_13_0	type1	i11 object-dead-state	31	1	400
4f77afc1	HI_1_13_0	type1	i11 object-dead-state	5	9	400
4f77afc1	HI_1_13_0	type1	i11 object-dead-state	8	1	400
4f77afc1	HI_1_13_0	type1	i11 object-dead-state	9	11	400
4f77afc1	HI_1_13_0	type1	i12 object-scale	-1	2	400
4f77afc1	HI_1_13_0	type1	i12 object-scale	-11	9	400
4f77afc1	HI_1_13_0	type1	i12 object-scale	-16	8	400
4f77afc1	HI_1_13_0	type1	i12 object-scale	-20	2	400
4f77afc1	HI_1_13_0	type1	i12 object-scale	-21	1	400
4f77afc1	HI_1_13_0	type1	i12 object-scale	-23	9	400
4f77afc1	HI_1_13_0	type1	i12 object-scale	-29	14	400
4f77afc1	HI_1_13_0	type1	i12 object-scale	-4	2	400
4f77afc1	HI_1_13_0	type1	i12 object-scale	-5	2	400
4f77afc1	HI_1_13_0	type1	i12 object-scale	-7	1	400
4f77afc1	HI_1_13_0	type1	i12 object-scale	11	4	400
4f77afc1	HI_1_13_0	type1	i12 object-scale	12	8	400
4f77afc1	HI_1_13_0	type1	i12 object-scale	13	14	400
4f77afc1	HI_1_13_0	type1	i12 object-scale	14	16	400
4f77afc1	HI_1_13_0	type1	i12 object-scale	2	12	400
4f77afc1	HI_1_13_0	type1	i12 object-scale	24	10	400
4f77afc1	HI_1_13_0	type1	i12 object-scale	25	4	400
4f77afc1	HI_1_13_0	type1	i12 object-scale	27	1	400
4f77afc1	HI_1_13_0	type1	i12 object-scale	28	9	400
4f77afc1	HI_1_13_0	type1	i12 object-scale	30	12	400
4f77afc1	HI_1_13_0	type1	i12 object-scale	31	19	400
4f77afc1	HI_1_13_0	type1	i12 object-scale	9	14	400
4f77afc1	HI_1_13_0	type1	i13 object-maximum-vitalities	-1	2	400
4f77afc1	HI_1_13_0	type1	i13 object-maximum-vitalities	-11	9	400
4f77afc1	HI_1_13_0	type1	i13 object-maximum-vitalities	-14	5	400
4f77afc1	HI_1_13_0	type1	i13 object-maximum-vitalities	-16	8	400
4f77afc1	HI_1_13_0	type1	i13 object-maximum-vitalities	-17	4	400
4f77afc1	HI_1_13_0	type1	i13 object-maximum-vitalities	-23	6	400
4f77afc1	HI_1_13_0	type1	i13 object-maximum-vitalities	-25	14	400
4f77afc1	HI_1_13_0	type1	i13 object-maximum-vitalities	-27	2	400
4f77afc1	HI_1_13_0	type1	i13 object-maximum-vitalities	-29	28	400
4f77afc1	HI_1_13_0	type1	i13 object-maximum-vitalities	-30	2	400
4f77afc1	HI_1_13_0	type1	i13 object-maximum-vitalities	-32	13	400
4f77afc1	HI_1_13_0	type1	i13 object-maximum-vitalities	-4	1	400
4f77afc1	HI_1_13_0	type1	i13 object-maximum-vitalities	-5	3	400
4f77afc1	HI_1_13_0	type1	i13 object-maximum-vitalities	-6	1	400
4f77afc1	HI_1_13_0	type1	i13 object-maximum-vitalities	11	13	400
4f77afc1	HI_1_13_0	type1	i13 object-maximum-vitalities	13	14	400
4f77afc1	HI_1_13_0	type1	i13 object-maximum-vitalities	19	1	400
4f77afc1	HI_1_13_0	type1	i13 object-maximum-vitalities	20	1	400
4f77afc1	HI_1_13_0	type1	i13 object-maximum-vitalities	21	12	400
4f77afc1	HI_1_13_0	type1	i13 object-maximum-vitalities	24	2	400
4f77afc1	HI_1_13_0	type1	i13 object-maximum-vitalities	25	10	400
4f77afc1	HI_1_13_0	type1	i13 object-maximum-vitalities	26	10	400
4f77afc1	HI_1_13_0	type1	i13 object-maximum-vitalities	27	14	400
4f77afc1	HI_1_13_0	type1	i13 object-maximum-vitalities	28	18	400
4f77afc1	HI_1_13_0	type1	i13 object-maximum-vitalities	3	1	400
4f77afc1	HI_1_13_0	type1	i13 object-maximum-vitalities	31	5	400
4f77afc1	HI_1_13_0	type1	i13 object-maximum-vitalities	6	12	400
4f77afc1	HI_1_13_0	type1	i13 object-maximum-vitalities	8	2	400
4f77afc1	HI_1_13_0	type1	i13 object-maximum-vitalities	9	4	400
4f77afc1	HI_1_13_0	type1	i14 object-dissolver	-1	2	400
4f77afc1	HI_1_13_0	type1	i14 object-dissolver	-11	9	400
4f77afc1	HI_1_13_0	type1	i14 object-dissolver	-14	5	400
4f77afc1	HI_1_13_0	type1	i14 object-dissolver	-16	8	400
4f77afc1	HI_1_13_0	type1	i14 object-dissolver	-17	4	400
4f77afc1	HI_1_13_0	type1	i14 object-dissolver	-20	1	400
4f77afc1	HI_1_13_0	type1	i14 object-dissolver	-25	14	400
4f77afc1	HI_1_13_0	type1	i14 object-dissolver	-27	1	400
4f77afc1	HI_1_13_0	type1	i14 object-dissolver	-29	28	400
4f77afc1	HI_1_13_0	type1	i14 object-dissolver	-32	13	400
4f77afc1	HI_1_13_0	type1	i14 object-dissolver	-4	1	400
4f77afc1	HI_1_13_0	type1	i14 object-dissolver	-5	3	400
4f77afc1	HI_1_13_0	type1	i14 object-dissolver	-6	1	400
4f77afc1	HI_1_13_0	type1	i14 object-dissolver	11	13	400
4f77afc1	HI_1_13_0	type1	i14 object-dissolver	13	14	400
4f77afc1	HI_1_13_0	type1	i14 object-dissolver	19	1	400
4f77afc1	HI_1_13_0	type1	i14 object-dissolver	21	12	400
4f77afc1	HI_1_13_0	type1	i14 object-dissolver	25	10	400
4f77afc1	HI_1_13_0	type1	i14 object-dissolver	26	10	400
4f77afc1	HI_1_13_0	type1	i14 object-dissolver	27	14	400
4f77afc1	HI_1_13_0	type1	i14 object-dissolver	28	18	400
4f77afc1	HI_1_13_0	type1	i14 object-dissolver	3	1	400
4f77afc1	HI_1_13_0	type1	i14 object-dissolver	31	5	400
4f77afc1	HI_1_13_0	type1	i14 object-dissolver	6	12	400
4f77afc1	HI_1_13_0	type1	i14 object-dissolver	9	4	400
4f77afc1	HI_1_13_0	type1	i15 object-low-frequency	-14	12	400
4f77afc1	HI_1_13_0	type1	i15 object-low-frequency	-20	12	400
4f77afc1	HI_1_13_0	type1	i15 object-low-frequency	-23	12	400
4f77afc1	HI_1_13_0	type1	i15 object-low-frequency	-27	5	400
4f77afc1	HI_1_13_0	type1	i15 object-low-frequency	-29	12	400
4f77afc1	HI_1_13_0	type1	i15 object-low-frequency	-31	2	400
4f77afc1	HI_1_13_0	type1	i15 object-low-frequency	12	4	400
4f77afc1	HI_1_13_0	type1	i15 object-low-frequency	18	4	400
4f77afc1	HI_1_13_0	type1	i15 object-low-frequency	2	4	400
4f77afc1	HI_1_13_0	type1	i15 object-low-frequency	24	4	400
4f77afc1	HI_1_13_0	type1	i15 object-low-frequency	27	4	400
4f77afc1	HI_1_13_0	type1	i15 object-low-frequency	4	4	400
4f77afc1	HI_1_13_0	type1	i15 object-low-frequency	5	5	400
4f77afc1	HI_1_13_0	type1	i15 object-low-frequency	6	4	400
4f77afc1	HI_1_13_0	type1	i16 object-physics-flags	-14	12	400
4f77afc1	HI_1_13_0	type1	i16 object-physics-flags	-20	12	400
4f77afc1	HI_1_13_0	type1	i16 object-physics-flags	-23	12	400
4f77afc1	HI_1_13_0	type1	i16 object-physics-flags	-27	5	400
4f77afc1	HI_1_13_0	type1	i16 object-physics-flags	-29	12	400
4f77afc1	HI_1_13_0	type1	i16 object-physics-flags	-31	2	400
4f77afc1	HI_1_13_0	type1	i16 object-physics-flags	12	4	400
4f77afc1	HI_1_13_0	type1	i16 object-physics-flags	18	4	400
4f77afc1	HI_1_13_0	type1	i16 object-physics-flags	2	4	400
4f77afc1	HI_1_13_0	type1	i16 object-physics-flags	24	4	400
4f77afc1	HI_1_13_0	type1	i16 object-physics-flags	27	4	400
4f77afc1	HI_1_13_0	type1	i16 object-physics-flags	4	4	400
4f77afc1	HI_1_13_0	type1	i16 object-physics-flags	5	5	400
4f77afc1	HI_1_13_0	type1	i16 object-physics-flags	6	4	400
4f77afc1	HI_1_13_0	type1	i17 object-frame-configuration	-16	4	400
4f77afc1	HI_1_13_0	type1	i17 object-frame-configuration	-25	4	400
4f77afc1	HI_1_13_0	type1	i17 object-frame-configuration	-31	5	400
4f77afc1	HI_1_13_0	type1	i17 object-frame-configuration	-32	12	400
4f77afc1	HI_1_13_0	type1	i17 object-frame-configuration	31	1	400
4f77afc1	HI_1_13_0	type1	i17 object-frame-configuration	6	1	400
4f77afc1	HI_1_13_0	type1	i18 unit-control	-16	4	400
4f77afc1	HI_1_13_0	type1	i18 unit-control	-17	1	400
4f77afc1	HI_1_13_0	type1	i18 unit-control	-25	4	400
4f77afc1	HI_1_13_0	type1	i18 unit-control	-28	2	400
4f77afc1	HI_1_13_0	type1	i18 unit-control	-31	1	400
4f77afc1	HI_1_13_0	type1	i18 unit-control	-32	12	400
4f77afc1	HI_1_13_0	type1	i18 unit-control	15	1	400
4f77afc1	HI_1_13_0	type1	i18 unit-control	6	1	400
4f77afc1	HI_1_13_0	type1	i19 unit-actor-control	-25	1	400
4f77afc1	HI_1_13_0	type1	i19 unit-actor-control	-26	1	400
4f77afc1	HI_1_13_0	type1	i19 unit-actor-control	10	1	400
4f77afc1	HI_1_13_0	type1	i20 unit-actor-state	-25	1	400
4f77afc1	HI_1_13_0	type1	i20 unit-actor-state	-26	1	400
4f77afc1	HI_1_13_0	type1	i20 unit-actor-state	10	1	400
4f77afc1	HI_1_13_0	type1	i21 unit-desired-aiming-vector	-25	1	400
4f77afc1	HI_1_13_0	type1	i21 unit-desired-aiming-vector	-26	1	400
4f77afc1	HI_1_13_0	type1	i22 unit-grenade-counts	-25	1	400
4f77afc1	HI_1_13_0	type1	i22 unit-grenade-counts	-26	1	400
4f77afc1	HI_1_13_0	type1	i22 unit-grenade-counts	2	1	400
4f77afc1	HI_1_13_0	type1	i23 unit-malleable-property	10	1	400
4f77afc1	HI_1_13_0	type1	i23 unit-malleable-property	2	1	400
4f77afc1	HI_1_13_0	type1	i24 unit-low-frequency	10	1	400
4f77afc1	HI_1_13_0	type1	i24 unit-low-frequency	2	1	400
4f77afc1	HI_1_13_0	type1	i25 unit-command-tick	-29	1	400
4f77afc1	HI_1_13_0	type1	i25 unit-command-tick	-30	1	400
4f77afc1	HI_1_13_0	type1	i25 unit-command-tick	2	1	400
4f77afc1	HI_1_13_0	type1	i26 unit-equipment	-29	1	400
4f77afc1	HI_1_13_0	type1	i26 unit-equipment	-30	1	400
4f77afc1	HI_1_13_0	type1	i26 unit-equipment	2	1	400
4f77afc1	HI_1_13_0	type1	i27 unit-stun	-29	1	400
4f77afc1	HI_1_13_0	type1	i27 unit-stun	-30	1	400
4f77afc1	HI_1_13_0	type1	i27 unit-stun	2	1	400
4f77afc1	HI_1_13_0	type1	i28 unit-active-camo-state	15	1	400
4f77afc1	HI_1_13_0	type1	i28 unit-active-camo-state	24	5	400
4f77afc1	HI_1_13_0	type1	i28 unit-active-camo-state	31	1	400
4f77afc1	HI_1_13_0	type1	i28 unit-active-camo-state	32	1	400
4f77afc1	HI_1_13_0	type1	i29 unit-crouch	15	1	400
4f77afc1	HI_1_13_0	type1	i29 unit-crouch	24	5	400
4f77afc1	HI_1_13_0	type1	i29 unit-crouch	31	1	400
4f77afc1	HI_1_13_0	type1	i29 unit-crouch	32	1	400
4f77afc1	HI_1_13_0	type1	i30 vehicle-auto-turret-triggers	15	1	400
4f77afc1	HI_1_13_0	type1	i30 vehicle-auto-turret-triggers	24	5	400
4f77afc1	HI_1_13_0	type1	i30 vehicle-auto-turret-triggers	31	1	400
4f77afc1	HI_1_13_0	type1	i30 vehicle-auto-turret-triggers	32	1	400
4f77afc1	HI_1_13_0	type1	i31 vehicle-auto-turret-aiming-vector	15	1	400
4f77afc1	HI_1_13_0	type1	i31 vehicle-auto-turret-aiming-vector	24	5	400
4f77afc1	HI_1_13_0	type1	i31 vehicle-auto-turret-aiming-vector	31	1	400
4f77afc1	HI_1_13_0	type1	i31 vehicle-auto-turret-aiming-vector	32	1	400
4f77afc1	HI_1_13_0	type1	i32 vehicle-transformed-or-desired-open-state-changed	15	1	400
4f77afc1	HI_1_13_0	type1	i32 vehicle-transformed-or-desired-open-state-changed	24	5	400
4f77afc1	HI_1_13_0	type1	i32 vehicle-transformed-or-desired-open-state-changed	31	1	400
4f77afc1	HI_1_13_0	type1	i32 vehicle-transformed-or-desired-open-state-changed	32	1	400
4f77afc1	HI_1_13_0	type1	i33 vehicle-type-state	15	1	400
4f77afc1	HI_1_13_0	type1	i33 vehicle-type-state	24	5	400
4f77afc1	HI_1_13_0	type1	i33 vehicle-type-state	31	1	400
4f77afc1	HI_1_13_0	type1	i33 vehicle-type-state	32	1	400
4f77afc1	HI_1_13_0	type1	i34 vehicle-type-physics	15	1	400
4f77afc1	HI_1_13_0	type1	i34 vehicle-type-physics	24	5	400
4f77afc1	HI_1_13_0	type1	i34 vehicle-type-physics	31	1	400
4f77afc1	HI_1_13_0	type1	i34 vehicle-type-physics	32	1	400
4f77afc1	HI_1_13_0	type1	i35 vehicle-auto-turret-target	24	5	400
4f77afc1	HI_1_13_0	type1	i35 vehicle-auto-turret-target	31	1	400
4f77afc1	HI_1_13_0	type1	i36 vehicle-sentry-state	24	5	400
4f77afc1	HI_1_13_0	type1	i36 vehicle-sentry-state	31	1	400
4f77afc1	HI_1_13_0	type1	i37 vehicle-emp-timer	24	5	400
4f77afc1	HI_1_13_0	type1	i37 vehicle-emp-timer	31	1	400
4f77afc1	HI_1_13_0	type1	i38 vehicle-weapon-set	24	5	400
4f77afc1	HI_1_13_0	type1	i38 vehicle-weapon-set	31	1	400
4f77afc1	HI_1_13_0	type1	i39 vehicle-auto-turret	24	5	400
4f77afc1	HI_1_13_0	type1	i39 vehicle-auto-turret	31	1	400
4f77afc1	HI_1_13_0	type1	i40 vehicle-equipment-turret-parent	24	5	400
4f77afc1	HI_1_13_0	type1	i41 vehicle-seats-override-pitch	24	5	400
4f77afc1	HI_1_13_0	type1	i42 vehicle-seats-override-yaw	24	5	400
4f77afc1	HI_1_13_0	type1	i43 simulation-state	18	4	400
4f77afc1	HI_1_13_0	type1	i44 simulation-state-playback	-22	2	400
4f77afc1	HI_1_13_0	type1	i45 air-drop-flight	-22	2	400
4f77afc1	HI_1_13_0	type1	i46 warp	-22	2	400
4f77afc1	HI_1_13_0	type1	i47 vehicle-low-frequency	-22	2	400
4f77afc1	HI_1_13_0	type3	etat-par-defaut	-1	1	137
4f77afc1	HI_1_13_0	type3	etat-par-defaut	-10	10	137
4f77afc1	HI_1_13_0	type3	etat-par-defaut	-12	3	137
4f77afc1	HI_1_13_0	type3	etat-par-defaut	-13	19	137
4f77afc1	HI_1_13_0	type3	etat-par-defaut	-14	1	137
4f77afc1	HI_1_13_0	type3	etat-par-defaut	-15	4	137
4f77afc1	HI_1_13_0	type3	etat-par-defaut	-16	1	137
4f77afc1	HI_1_13_0	type3	etat-par-defaut	-17	2	137
4f77afc1	HI_1_13_0	type3	etat-par-defaut	-18	13	137
4f77afc1	HI_1_13_0	type3	etat-par-defaut	-2	6	137
4f77afc1	HI_1_13_0	type3	etat-par-defaut	-21	3	137
4f77afc1	HI_1_13_0	type3	etat-par-defaut	-22	8	137
4f77afc1	HI_1_13_0	type3	etat-par-defaut	-23	7	137
4f77afc1	HI_1_13_0	type3	etat-par-defaut	-24	2	137
4f77afc1	HI_1_13_0	type3	etat-par-defaut	-26	3	137
4f77afc1	HI_1_13_0	type3	etat-par-defaut	-27	10	137
4f77afc1	HI_1_13_0	type3	etat-par-defaut	-3	1	137
4f77afc1	HI_1_13_0	type3	etat-par-defaut	-30	10	137
4f77afc1	HI_1_13_0	type3	etat-par-defaut	-31	12	137
4f77afc1	HI_1_13_0	type3	etat-par-defaut	-5	5	137
4f77afc1	HI_1_13_0	type3	etat-par-defaut	-6	5	137
4f77afc1	HI_1_13_0	type3	etat-par-defaut	-7	2	137
4f77afc1	HI_1_13_0	type3	etat-par-defaut	1	11	137
4f77afc1	HI_1_13_0	type3	etat-par-defaut	10	5	137
4f77afc1	HI_1_13_0	type3	etat-par-defaut	11	7	137
4f77afc1	HI_1_13_0	type3	etat-par-defaut	12	4	137
4f77afc1	HI_1_13_0	type3	etat-par-defaut	13	5	137
4f77afc1	HI_1_13_0	type3	etat-par-defaut	14	1	137
4f77afc1	HI_1_13_0	type3	etat-par-defaut	15	2	137
4f77afc1	HI_1_13_0	type3	etat-par-defaut	16	4	137
4f77afc1	HI_1_13_0	type3	etat-par-defaut	17	11	137
4f77afc1	HI_1_13_0	type3	etat-par-defaut	18	2	137
4f77afc1	HI_1_13_0	type3	etat-par-defaut	19	7	137
4f77afc1	HI_1_13_0	type3	etat-par-defaut	2	1	137
4f77afc1	HI_1_13_0	type3	etat-par-defaut	21	8	137
4f77afc1	HI_1_13_0	type3	etat-par-defaut	22	3	137
4f77afc1	HI_1_13_0	type3	etat-par-defaut	23	6	137
4f77afc1	HI_1_13_0	type3	etat-par-defaut	26	7	137
4f77afc1	HI_1_13_0	type3	etat-par-defaut	29	6	137
4f77afc1	HI_1_13_0	type3	etat-par-defaut	3	7	137
4f77afc1	HI_1_13_0	type3	etat-par-defaut	30	2	137
4f77afc1	HI_1_13_0	type3	etat-par-defaut	31	5	137
4f77afc1	HI_1_13_0	type3	etat-par-defaut	32	11	137
4f77afc1	HI_1_13_0	type3	etat-par-defaut	4	5	137
4f77afc1	HI_1_13_0	type3	etat-par-defaut	5	9	137
4f77afc1	HI_1_13_0	type3	etat-par-defaut	6	3	137
4f77afc1	HI_1_13_0	type3	etat-par-defaut	7	6	137
4f77afc1	HI_1_13_0	type3	etat-par-defaut	8	1	137
4f77afc1	HI_1_13_0	type3	etat-par-defaut	9	3	137
4f77afc1	HI_1_13_0	type3	i00 object-position-dynamic-precision	-1	1	137
4f77afc1	HI_1_13_0	type3	i00 object-position-dynamic-precision	-10	14	137
4f77afc1	HI_1_13_0	type3	i00 object-position-dynamic-precision	-12	1	137
4f77afc1	HI_1_13_0	type3	i00 object-position-dynamic-precision	-13	3	137
4f77afc1	HI_1_13_0	type3	i00 object-position-dynamic-precision	-14	16	137
4f77afc1	HI_1_13_0	type3	i00 object-position-dynamic-precision	-15	8	137
4f77afc1	HI_1_13_0	type3	i00 object-position-dynamic-precision	-16	4	137
4f77afc1	HI_1_13_0	type3	i00 object-position-dynamic-precision	-17	4	137
4f77afc1	HI_1_13_0	type3	i00 object-position-dynamic-precision	-18	10	137
4f77afc1	HI_1_13_0	type3	i00 object-position-dynamic-precision	-19	16	137
4f77afc1	HI_1_13_0	type3	i00 object-position-dynamic-precision	-2	14	137
4f77afc1	HI_1_13_0	type3	i00 object-position-dynamic-precision	-20	6	137
4f77afc1	HI_1_13_0	type3	i00 object-position-dynamic-precision	-21	2	137
4f77afc1	HI_1_13_0	type3	i00 object-position-dynamic-precision	-22	2	137
4f77afc1	HI_1_13_0	type3	i00 object-position-dynamic-precision	-23	10	137
4f77afc1	HI_1_13_0	type3	i00 object-position-dynamic-precision	-24	1	137
4f77afc1	HI_1_13_0	type3	i00 object-position-dynamic-precision	-25	8	137
4f77afc1	HI_1_13_0	type3	i00 object-position-dynamic-precision	-26	10	137
4f77afc1	HI_1_13_0	type3	i00 object-position-dynamic-precision	-27	10	137
4f77afc1	HI_1_13_0	type3	i00 object-position-dynamic-precision	-28	1	137
4f77afc1	HI_1_13_0	type3	i00 object-position-dynamic-precision	-29	16	137
4f77afc1	HI_1_13_0	type3	i00 object-position-dynamic-precision	-3	4	137
4f77afc1	HI_1_13_0	type3	i00 object-position-dynamic-precision	-30	7	137
4f77afc1	HI_1_13_0	type3	i00 object-position-dynamic-precision	-31	11	137
4f77afc1	HI_1_13_0	type3	i00 object-position-dynamic-precision	-32	6	137
4f77afc1	HI_1_13_0	type3	i00 object-position-dynamic-precision	-4	7	137
4f77afc1	HI_1_13_0	type3	i00 object-position-dynamic-precision	-5	6	137
4f77afc1	HI_1_13_0	type3	i00 object-position-dynamic-precision	-6	6	137
4f77afc1	HI_1_13_0	type3	i00 object-position-dynamic-precision	-7	9	137
4f77afc1	HI_1_13_0	type3	i00 object-position-dynamic-precision	-8	3	137
4f77afc1	HI_1_13_0	type3	i00 object-position-dynamic-precision	-9	3	137
4f77afc1	HI_1_13_0	type3	i00 object-position-dynamic-precision	1	1	137
4f77afc1	HI_1_13_0	type3	i00 object-position-dynamic-precision	10	12	137
4f77afc1	HI_1_13_0	type3	i00 object-position-dynamic-precision	11	7	137
4f77afc1	HI_1_13_0	type3	i00 object-position-dynamic-precision	12	7	137
4f77afc1	HI_1_13_0	type3	i00 object-position-dynamic-precision	13	9	137
4f77afc1	HI_1_13_0	type3	i00 object-position-dynamic-precision	14	6	137
4f77afc1	HI_1_13_0	type3	i00 object-position-dynamic-precision	15	1	137
4f77afc1	HI_1_13_0	type3	i00 object-position-dynamic-precision	16	1	137
4f77afc1	HI_1_13_0	type3	i00 object-position-dynamic-precision	17	2	137
4f77afc1	HI_1_13_0	type3	i00 object-position-dynamic-precision	18	13	137
4f77afc1	HI_1_13_0	type3	i00 object-position-dynamic-precision	19	9	137
4f77afc1	HI_1_13_0	type3	i00 object-position-dynamic-precision	2	8	137
4f77afc1	HI_1_13_0	type3	i00 object-position-dynamic-precision	21	20	137
4f77afc1	HI_1_13_0	type3	i00 object-position-dynamic-precision	22	1	137
4f77afc1	HI_1_13_0	type3	i00 object-position-dynamic-precision	23	1	137
4f77afc1	HI_1_13_0	type3	i00 object-position-dynamic-precision	24	5	137
4f77afc1	HI_1_13_0	type3	i00 object-position-dynamic-precision	25	4	137
4f77afc1	HI_1_13_0	type3	i00 object-position-dynamic-precision	26	5	137
4f77afc1	HI_1_13_0	type3	i00 object-position-dynamic-precision	27	1	137
4f77afc1	HI_1_13_0	type3	i00 object-position-dynamic-precision	28	15	137
4f77afc1	HI_1_13_0	type3	i00 object-position-dynamic-precision	29	48	137
4f77afc1	HI_1_13_0	type3	i00 object-position-dynamic-precision	3	2	137
4f77afc1	HI_1_13_0	type3	i00 object-position-dynamic-precision	30	2	137
4f77afc1	HI_1_13_0	type3	i00 object-position-dynamic-precision	31	4	137
4f77afc1	HI_1_13_0	type3	i00 object-position-dynamic-precision	32	1	137
4f77afc1	HI_1_13_0	type3	i00 object-position-dynamic-precision	4	4	137
4f77afc1	HI_1_13_0	type3	i00 object-position-dynamic-precision	5	1	137
4f77afc1	HI_1_13_0	type3	i00 object-position-dynamic-precision	6	1	137
4f77afc1	HI_1_13_0	type3	i00 object-position-dynamic-precision	7	2	137
4f77afc1	HI_1_13_0	type3	i00 object-position-dynamic-precision	8	3	137
4f77afc1	HI_1_13_0	type3	i00 object-position-dynamic-precision	9	3	137
4f77afc1	HI_1_13_0	type3	i01 object-translational-velocity-dynamic-precision	-1	3	137
4f77afc1	HI_1_13_0	type3	i01 object-translational-velocity-dynamic-precision	-10	6	137
4f77afc1	HI_1_13_0	type3	i01 object-translational-velocity-dynamic-precision	-11	8	137
4f77afc1	HI_1_13_0	type3	i01 object-translational-velocity-dynamic-precision	-12	11	137
4f77afc1	HI_1_13_0	type3	i01 object-translational-velocity-dynamic-precision	-13	5	137
4f77afc1	HI_1_13_0	type3	i01 object-translational-velocity-dynamic-precision	-14	20	137
4f77afc1	HI_1_13_0	type3	i01 object-translational-velocity-dynamic-precision	-15	3	137
4f77afc1	HI_1_13_0	type3	i01 object-translational-velocity-dynamic-precision	-16	9	137
4f77afc1	HI_1_13_0	type3	i01 object-translational-velocity-dynamic-precision	-17	9	137
4f77afc1	HI_1_13_0	type3	i01 object-translational-velocity-dynamic-precision	-18	11	137
4f77afc1	HI_1_13_0	type3	i01 object-translational-velocity-dynamic-precision	-19	16	137
4f77afc1	HI_1_13_0	type3	i01 object-translational-velocity-dynamic-precision	-2	14	137
4f77afc1	HI_1_13_0	type3	i01 object-translational-velocity-dynamic-precision	-20	11	137
4f77afc1	HI_1_13_0	type3	i01 object-translational-velocity-dynamic-precision	-21	9	137
4f77afc1	HI_1_13_0	type3	i01 object-translational-velocity-dynamic-precision	-22	4	137
4f77afc1	HI_1_13_0	type3	i01 object-translational-velocity-dynamic-precision	-23	6	137
4f77afc1	HI_1_13_0	type3	i01 object-translational-velocity-dynamic-precision	-24	6	137
4f77afc1	HI_1_13_0	type3	i01 object-translational-velocity-dynamic-precision	-25	5	137
4f77afc1	HI_1_13_0	type3	i01 object-translational-velocity-dynamic-precision	-26	9	137
4f77afc1	HI_1_13_0	type3	i01 object-translational-velocity-dynamic-precision	-27	5	137
4f77afc1	HI_1_13_0	type3	i01 object-translational-velocity-dynamic-precision	-28	1	137
4f77afc1	HI_1_13_0	type3	i01 object-translational-velocity-dynamic-precision	-29	11	137
4f77afc1	HI_1_13_0	type3	i01 object-translational-velocity-dynamic-precision	-3	2	137
4f77afc1	HI_1_13_0	type3	i01 object-translational-velocity-dynamic-precision	-30	7	137
4f77afc1	HI_1_13_0	type3	i01 object-translational-velocity-dynamic-precision	-31	11	137
4f77afc1	HI_1_13_0	type3	i01 object-translational-velocity-dynamic-precision	-32	1	137
4f77afc1	HI_1_13_0	type3	i01 object-translational-velocity-dynamic-precision	-4	14	137
4f77afc1	HI_1_13_0	type3	i01 object-translational-velocity-dynamic-precision	-5	7	137
4f77afc1	HI_1_13_0	type3	i01 object-translational-velocity-dynamic-precision	-6	3	137
4f77afc1	HI_1_13_0	type3	i01 object-translational-velocity-dynamic-precision	-7	6	137
4f77afc1	HI_1_13_0	type3	i01 object-translational-velocity-dynamic-precision	-8	2	137
4f77afc1	HI_1_13_0	type3	i01 object-translational-velocity-dynamic-precision	-9	4	137
4f77afc1	HI_1_13_0	type3	i01 object-translational-velocity-dynamic-precision	10	5	137
4f77afc1	HI_1_13_0	type3	i01 object-translational-velocity-dynamic-precision	11	14	137
4f77afc1	HI_1_13_0	type3	i01 object-translational-velocity-dynamic-precision	12	10	137
4f77afc1	HI_1_13_0	type3	i01 object-translational-velocity-dynamic-precision	13	10	137
4f77afc1	HI_1_13_0	type3	i01 object-translational-velocity-dynamic-precision	14	6	137
4f77afc1	HI_1_13_0	type3	i01 object-translational-velocity-dynamic-precision	15	3	137
4f77afc1	HI_1_13_0	type3	i01 object-translational-velocity-dynamic-precision	16	2	137
4f77afc1	HI_1_13_0	type3	i01 object-translational-velocity-dynamic-precision	17	4	137
4f77afc1	HI_1_13_0	type3	i01 object-translational-velocity-dynamic-precision	18	18	137
4f77afc1	HI_1_13_0	type3	i01 object-translational-velocity-dynamic-precision	19	13	137
4f77afc1	HI_1_13_0	type3	i01 object-translational-velocity-dynamic-precision	2	10	137
4f77afc1	HI_1_13_0	type3	i01 object-translational-velocity-dynamic-precision	20	1	137
4f77afc1	HI_1_13_0	type3	i01 object-translational-velocity-dynamic-precision	21	5	137
4f77afc1	HI_1_13_0	type3	i01 object-translational-velocity-dynamic-precision	22	3	137
4f77afc1	HI_1_13_0	type3	i01 object-translational-velocity-dynamic-precision	23	2	137
4f77afc1	HI_1_13_0	type3	i01 object-translational-velocity-dynamic-precision	24	2	137
4f77afc1	HI_1_13_0	type3	i01 object-translational-velocity-dynamic-precision	25	2	137
4f77afc1	HI_1_13_0	type3	i01 object-translational-velocity-dynamic-precision	26	2	137
4f77afc1	HI_1_13_0	type3	i01 object-translational-velocity-dynamic-precision	27	6	137
4f77afc1	HI_1_13_0	type3	i01 object-translational-velocity-dynamic-precision	28	2	137
4f77afc1	HI_1_13_0	type3	i01 object-translational-velocity-dynamic-precision	29	24	137
4f77afc1	HI_1_13_0	type3	i01 object-translational-velocity-dynamic-precision	3	5	137
4f77afc1	HI_1_13_0	type3	i01 object-translational-velocity-dynamic-precision	30	3	137
4f77afc1	HI_1_13_0	type3	i01 object-translational-velocity-dynamic-precision	31	2	137
4f77afc1	HI_1_13_0	type3	i01 object-translational-velocity-dynamic-precision	4	4	137
4f77afc1	HI_1_13_0	type3	i01 object-translational-velocity-dynamic-precision	5	1	137
4f77afc1	HI_1_13_0	type3	i01 object-translational-velocity-dynamic-precision	6	4	137
4f77afc1	HI_1_13_0	type3	i01 object-translational-velocity-dynamic-precision	7	4	137
4f77afc1	HI_1_13_0	type3	i01 object-translational-velocity-dynamic-precision	8	2	137
4f77afc1	HI_1_13_0	type3	i01 object-translational-velocity-dynamic-precision	9	1	137
4f77afc1	HI_1_13_0	type3	i02 object-forward-and-up-dynamic-precision	-10	5	137
4f77afc1	HI_1_13_0	type3	i02 object-forward-and-up-dynamic-precision	-11	9	137
4f77afc1	HI_1_13_0	type3	i02 object-forward-and-up-dynamic-precision	-12	8	137
4f77afc1	HI_1_13_0	type3	i02 object-forward-and-up-dynamic-precision	-13	3	137
4f77afc1	HI_1_13_0	type3	i02 object-forward-and-up-dynamic-precision	-14	11	137
4f77afc1	HI_1_13_0	type3	i02 object-forward-and-up-dynamic-precision	-15	13	137
4f77afc1	HI_1_13_0	type3	i02 object-forward-and-up-dynamic-precision	-17	12	137
4f77afc1	HI_1_13_0	type3	i02 object-forward-and-up-dynamic-precision	-18	10	137
4f77afc1	HI_1_13_0	type3	i02 object-forward-and-up-dynamic-precision	-19	2	137
4f77afc1	HI_1_13_0	type3	i02 object-forward-and-up-dynamic-precision	-2	2	137
4f77afc1	HI_1_13_0	type3	i02 object-forward-and-up-dynamic-precision	-21	1	137
4f77afc1	HI_1_13_0	type3	i02 object-forward-and-up-dynamic-precision	-22	3	137
4f77afc1	HI_1_13_0	type3	i02 object-forward-and-up-dynamic-precision	-23	2	137
4f77afc1	HI_1_13_0	type3	i02 object-forward-and-up-dynamic-precision	-24	4	137
4f77afc1	HI_1_13_0	type3	i02 object-forward-and-up-dynamic-precision	-26	12	137
4f77afc1	HI_1_13_0	type3	i02 object-forward-and-up-dynamic-precision	-28	20	137
4f77afc1	HI_1_13_0	type3	i02 object-forward-and-up-dynamic-precision	-29	3	137
4f77afc1	HI_1_13_0	type3	i02 object-forward-and-up-dynamic-precision	-3	1	137
4f77afc1	HI_1_13_0	type3	i02 object-forward-and-up-dynamic-precision	-30	1	137
4f77afc1	HI_1_13_0	type3	i02 object-forward-and-up-dynamic-precision	-31	1	137
4f77afc1	HI_1_13_0	type3	i02 object-forward-and-up-dynamic-precision	-32	1	137
4f77afc1	HI_1_13_0	type3	i02 object-forward-and-up-dynamic-precision	-4	16	137
4f77afc1	HI_1_13_0	type3	i02 object-forward-and-up-dynamic-precision	-5	5	137
4f77afc1	HI_1_13_0	type3	i02 object-forward-and-up-dynamic-precision	-6	3	137
4f77afc1	HI_1_13_0	type3	i02 object-forward-and-up-dynamic-precision	-7	4	137
4f77afc1	HI_1_13_0	type3	i02 object-forward-and-up-dynamic-precision	-8	3	137
4f77afc1	HI_1_13_0	type3	i02 object-forward-and-up-dynamic-precision	-9	3	137
4f77afc1	HI_1_13_0	type3	i02 object-forward-and-up-dynamic-precision	1	3	137
4f77afc1	HI_1_13_0	type3	i02 object-forward-and-up-dynamic-precision	10	3	137
4f77afc1	HI_1_13_0	type3	i02 object-forward-and-up-dynamic-precision	11	12	137
4f77afc1	HI_1_13_0	type3	i02 object-forward-and-up-dynamic-precision	12	4	137
4f77afc1	HI_1_13_0	type3	i02 object-forward-and-up-dynamic-precision	13	10	137
4f77afc1	HI_1_13_0	type3	i02 object-forward-and-up-dynamic-precision	14	3	137
4f77afc1	HI_1_13_0	type3	i02 object-forward-and-up-dynamic-precision	15	14	137
4f77afc1	HI_1_13_0	type3	i02 object-forward-and-up-dynamic-precision	16	20	137
4f77afc1	HI_1_13_0	type3	i02 object-forward-and-up-dynamic-precision	17	4	137
4f77afc1	HI_1_13_0	type3	i02 object-forward-and-up-dynamic-precision	18	2	137
4f77afc1	HI_1_13_0	type3	i02 object-forward-and-up-dynamic-precision	19	2	137
4f77afc1	HI_1_13_0	type3	i02 object-forward-and-up-dynamic-precision	20	4	137
4f77afc1	HI_1_13_0	type3	i02 object-forward-and-up-dynamic-precision	21	7	137
4f77afc1	HI_1_13_0	type3	i02 object-forward-and-up-dynamic-precision	22	2	137
4f77afc1	HI_1_13_0	type3	i02 object-forward-and-up-dynamic-precision	23	3	137
4f77afc1	HI_1_13_0	type3	i02 object-forward-and-up-dynamic-precision	24	4	137
4f77afc1	HI_1_13_0	type3	i02 object-forward-and-up-dynamic-precision	25	2	137
4f77afc1	HI_1_13_0	type3	i02 object-forward-and-up-dynamic-precision	27	9	137
4f77afc1	HI_1_13_0	type3	i02 object-forward-and-up-dynamic-precision	28	1	137
4f77afc1	HI_1_13_0	type3	i02 object-forward-and-up-dynamic-precision	29	20	137
4f77afc1	HI_1_13_0	type3	i02 object-forward-and-up-dynamic-precision	3	1	137
4f77afc1	HI_1_13_0	type3	i02 object-forward-and-up-dynamic-precision	30	2	137
4f77afc1	HI_1_13_0	type3	i02 object-forward-and-up-dynamic-precision	4	4	137
4f77afc1	HI_1_13_0	type3	i02 object-forward-and-up-dynamic-precision	6	14	137
4f77afc1	HI_1_13_0	type3	i02 object-forward-and-up-dynamic-precision	7	5	137
4f77afc1	HI_1_13_0	type3	i02 object-forward-and-up-dynamic-precision	8	2	137
4f77afc1	HI_1_13_0	type3	i02 object-forward-and-up-dynamic-precision	9	10	137
4f77afc1	HI_1_13_0	type3	i03 object-angular-velocity-dynamic-precision	-1	9	137
4f77afc1	HI_1_13_0	type3	i03 object-angular-velocity-dynamic-precision	-10	5	137
4f77afc1	HI_1_13_0	type3	i03 object-angular-velocity-dynamic-precision	-11	3	137
4f77afc1	HI_1_13_0	type3	i03 object-angular-velocity-dynamic-precision	-12	11	137
4f77afc1	HI_1_13_0	type3	i03 object-angular-velocity-dynamic-precision	-13	13	137
4f77afc1	HI_1_13_0	type3	i03 object-angular-velocity-dynamic-precision	-14	4	137
4f77afc1	HI_1_13_0	type3	i03 object-angular-velocity-dynamic-precision	-15	17	137
4f77afc1	HI_1_13_0	type3	i03 object-angular-velocity-dynamic-precision	-16	1	137
4f77afc1	HI_1_13_0	type3	i03 object-angular-velocity-dynamic-precision	-17	1	137
4f77afc1	HI_1_13_0	type3	i03 object-angular-velocity-dynamic-precision	-18	3	137
4f77afc1	HI_1_13_0	type3	i03 object-angular-velocity-dynamic-precision	-19	3	137
4f77afc1	HI_1_13_0	type3	i03 object-angular-velocity-dynamic-precision	-2	1	137
4f77afc1	HI_1_13_0	type3	i03 object-angular-velocity-dynamic-precision	-20	1	137
4f77afc1	HI_1_13_0	type3	i03 object-angular-velocity-dynamic-precision	-21	1	137
4f77afc1	HI_1_13_0	type3	i03 object-angular-velocity-dynamic-precision	-22	1	137
4f77afc1	HI_1_13_0	type3	i03 object-angular-velocity-dynamic-precision	-23	2	137
4f77afc1	HI_1_13_0	type3	i03 object-angular-velocity-dynamic-precision	-24	5	137
4f77afc1	HI_1_13_0	type3	i03 object-angular-velocity-dynamic-precision	-25	2	137
4f77afc1	HI_1_13_0	type3	i03 object-angular-velocity-dynamic-precision	-26	3	137
4f77afc1	HI_1_13_0	type3	i03 object-angular-velocity-dynamic-precision	-27	1	137
4f77afc1	HI_1_13_0	type3	i03 object-angular-velocity-dynamic-precision	-28	20	137
4f77afc1	HI_1_13_0	type3	i03 object-angular-velocity-dynamic-precision	-29	3	137
4f77afc1	HI_1_13_0	type3	i03 object-angular-velocity-dynamic-precision	-3	5	137
4f77afc1	HI_1_13_0	type3	i03 object-angular-velocity-dynamic-precision	-31	2	137
4f77afc1	HI_1_13_0	type3	i03 object-angular-velocity-dynamic-precision	-32	1	137
4f77afc1	HI_1_13_0	type3	i03 object-angular-velocity-dynamic-precision	-4	4	137
4f77afc1	HI_1_13_0	type3	i03 object-angular-velocity-dynamic-precision	-5	4	137
4f77afc1	HI_1_13_0	type3	i03 object-angular-velocity-dynamic-precision	-6	4	137
4f77afc1	HI_1_13_0	type3	i03 object-angular-velocity-dynamic-precision	-7	3	137
4f77afc1	HI_1_13_0	type3	i03 object-angular-velocity-dynamic-precision	-8	3	137
4f77afc1	HI_1_13_0	type3	i03 object-angular-velocity-dynamic-precision	-9	8	137
4f77afc1	HI_1_13_0	type3	i03 object-angular-velocity-dynamic-precision	1	9	137
4f77afc1	HI_1_13_0	type3	i03 object-angular-velocity-dynamic-precision	10	3	137
4f77afc1	HI_1_13_0	type3	i03 object-angular-velocity-dynamic-precision	11	2	137
4f77afc1	HI_1_13_0	type3	i03 object-angular-velocity-dynamic-precision	12	5	137
4f77afc1	HI_1_13_0	type3	i03 object-angular-velocity-dynamic-precision	13	11	137
4f77afc1	HI_1_13_0	type3	i03 object-angular-velocity-dynamic-precision	14	3	137
4f77afc1	HI_1_13_0	type3	i03 object-angular-velocity-dynamic-precision	15	15	137
4f77afc1	HI_1_13_0	type3	i03 object-angular-velocity-dynamic-precision	17	1	137
4f77afc1	HI_1_13_0	type3	i03 object-angular-velocity-dynamic-precision	18	2	137
4f77afc1	HI_1_13_0	type3	i03 object-angular-velocity-dynamic-precision	19	4	137
4f77afc1	HI_1_13_0	type3	i03 object-angular-velocity-dynamic-precision	2	1	137
4f77afc1	HI_1_13_0	type3	i03 object-angular-velocity-dynamic-precision	21	6	137
4f77afc1	HI_1_13_0	type3	i03 object-angular-velocity-dynamic-precision	22	3	137
4f77afc1	HI_1_13_0	type3	i03 object-angular-velocity-dynamic-precision	23	4	137
4f77afc1	HI_1_13_0	type3	i03 object-angular-velocity-dynamic-precision	24	3	137
4f77afc1	HI_1_13_0	type3	i03 object-angular-velocity-dynamic-precision	25	2	137
4f77afc1	HI_1_13_0	type3	i03 object-angular-velocity-dynamic-precision	26	1	137
4f77afc1	HI_1_13_0	type3	i03 object-angular-velocity-dynamic-precision	27	5	137
4f77afc1	HI_1_13_0	type3	i03 object-angular-velocity-dynamic-precision	28	10	137
4f77afc1	HI_1_13_0	type3	i03 object-angular-velocity-dynamic-precision	29	4	137
4f77afc1	HI_1_13_0	type3	i03 object-angular-velocity-dynamic-precision	3	2	137
4f77afc1	HI_1_13_0	type3	i03 object-angular-velocity-dynamic-precision	30	2	137
4f77afc1	HI_1_13_0	type3	i03 object-angular-velocity-dynamic-precision	31	3	137
4f77afc1	HI_1_13_0	type3	i03 object-angular-velocity-dynamic-precision	4	1	137
4f77afc1	HI_1_13_0	type3	i03 object-angular-velocity-dynamic-precision	5	10	137
4f77afc1	HI_1_13_0	type3	i03 object-angular-velocity-dynamic-precision	6	4	137
4f77afc1	HI_1_13_0	type3	i03 object-angular-velocity-dynamic-precision	9	8	137
4f77afc1	HI_1_13_0	type3	i04 object-body-vitality	-1	9	137
4f77afc1	HI_1_13_0	type3	i04 object-body-vitality	-10	5	137
4f77afc1	HI_1_13_0	type3	i04 object-body-vitality	-11	3	137
4f77afc1	HI_1_13_0	type3	i04 object-body-vitality	-12	11	137
4f77afc1	HI_1_13_0	type3	i04 object-body-vitality	-13	13	137
4f77afc1	HI_1_13_0	type3	i04 object-body-vitality	-14	4	137
4f77afc1	HI_1_13_0	type3	i04 object-body-vitality	-15	17	137
4f77afc1	HI_1_13_0	type3	i04 object-body-vitality	-16	1	137
4f77afc1	HI_1_13_0	type3	i04 object-body-vitality	-17	1	137
4f77afc1	HI_1_13_0	type3	i04 object-body-vitality	-18	3	137
4f77afc1	HI_1_13_0	type3	i04 object-body-vitality	-19	3	137
4f77afc1	HI_1_13_0	type3	i04 object-body-vitality	-2	1	137
4f77afc1	HI_1_13_0	type3	i04 object-body-vitality	-20	1	137
4f77afc1	HI_1_13_0	type3	i04 object-body-vitality	-21	1	137
4f77afc1	HI_1_13_0	type3	i04 object-body-vitality	-22	1	137
4f77afc1	HI_1_13_0	type3	i04 object-body-vitality	-23	2	137
4f77afc1	HI_1_13_0	type3	i04 object-body-vitality	-24	5	137
4f77afc1	HI_1_13_0	type3	i04 object-body-vitality	-25	2	137
4f77afc1	HI_1_13_0	type3	i04 object-body-vitality	-26	3	137
4f77afc1	HI_1_13_0	type3	i04 object-body-vitality	-27	1	137
4f77afc1	HI_1_13_0	type3	i04 object-body-vitality	-28	20	137
4f77afc1	HI_1_13_0	type3	i04 object-body-vitality	-29	3	137
4f77afc1	HI_1_13_0	type3	i04 object-body-vitality	-3	5	137
4f77afc1	HI_1_13_0	type3	i04 object-body-vitality	-31	2	137
4f77afc1	HI_1_13_0	type3	i04 object-body-vitality	-32	1	137
4f77afc1	HI_1_13_0	type3	i04 object-body-vitality	-4	4	137
4f77afc1	HI_1_13_0	type3	i04 object-body-vitality	-5	4	137
4f77afc1	HI_1_13_0	type3	i04 object-body-vitality	-6	4	137
4f77afc1	HI_1_13_0	type3	i04 object-body-vitality	-7	3	137
4f77afc1	HI_1_13_0	type3	i04 object-body-vitality	-8	3	137
4f77afc1	HI_1_13_0	type3	i04 object-body-vitality	-9	8	137
4f77afc1	HI_1_13_0	type3	i04 object-body-vitality	1	9	137
4f77afc1	HI_1_13_0	type3	i04 object-body-vitality	10	3	137
4f77afc1	HI_1_13_0	type3	i04 object-body-vitality	11	2	137
4f77afc1	HI_1_13_0	type3	i04 object-body-vitality	12	5	137
4f77afc1	HI_1_13_0	type3	i04 object-body-vitality	13	11	137
4f77afc1	HI_1_13_0	type3	i04 object-body-vitality	14	3	137
4f77afc1	HI_1_13_0	type3	i04 object-body-vitality	15	15	137
4f77afc1	HI_1_13_0	type3	i04 object-body-vitality	17	1	137
4f77afc1	HI_1_13_0	type3	i04 object-body-vitality	18	2	137
4f77afc1	HI_1_13_0	type3	i04 object-body-vitality	19	4	137
4f77afc1	HI_1_13_0	type3	i04 object-body-vitality	2	1	137
4f77afc1	HI_1_13_0	type3	i04 object-body-vitality	21	6	137
4f77afc1	HI_1_13_0	type3	i04 object-body-vitality	22	3	137
4f77afc1	HI_1_13_0	type3	i04 object-body-vitality	23	4	137
4f77afc1	HI_1_13_0	type3	i04 object-body-vitality	24	3	137
4f77afc1	HI_1_13_0	type3	i04 object-body-vitality	25	2	137
4f77afc1	HI_1_13_0	type3	i04 object-body-vitality	26	1	137
4f77afc1	HI_1_13_0	type3	i04 object-body-vitality	27	5	137
4f77afc1	HI_1_13_0	type3	i04 object-body-vitality	28	10	137
4f77afc1	HI_1_13_0	type3	i04 object-body-vitality	29	4	137
4f77afc1	HI_1_13_0	type3	i04 object-body-vitality	3	2	137
4f77afc1	HI_1_13_0	type3	i04 object-body-vitality	30	2	137
4f77afc1	HI_1_13_0	type3	i04 object-body-vitality	31	3	137
4f77afc1	HI_1_13_0	type3	i04 object-body-vitality	4	1	137
4f77afc1	HI_1_13_0	type3	i04 object-body-vitality	5	10	137
4f77afc1	HI_1_13_0	type3	i04 object-body-vitality	6	4	137
4f77afc1	HI_1_13_0	type3	i04 object-body-vitality	9	8	137
4f77afc1	HI_1_13_0	type3	i05 object-shield-vitality	-1	9	137
4f77afc1	HI_1_13_0	type3	i05 object-shield-vitality	-10	4	137
4f77afc1	HI_1_13_0	type3	i05 object-shield-vitality	-11	3	137
4f77afc1	HI_1_13_0	type3	i05 object-shield-vitality	-12	10	137
4f77afc1	HI_1_13_0	type3	i05 object-shield-vitality	-13	4	137
4f77afc1	HI_1_13_0	type3	i05 object-shield-vitality	-14	6	137
4f77afc1	HI_1_13_0	type3	i05 object-shield-vitality	-15	9	137
4f77afc1	HI_1_13_0	type3	i05 object-shield-vitality	-16	1	137
4f77afc1	HI_1_13_0	type3	i05 object-shield-vitality	-17	1	137
4f77afc1	HI_1_13_0	type3	i05 object-shield-vitality	-18	1	137
4f77afc1	HI_1_13_0	type3	i05 object-shield-vitality	-19	2	137
4f77afc1	HI_1_13_0	type3	i05 object-shield-vitality	-2	1	137
4f77afc1	HI_1_13_0	type3	i05 object-shield-vitality	-20	3	137
4f77afc1	HI_1_13_0	type3	i05 object-shield-vitality	-21	2	137
4f77afc1	HI_1_13_0	type3	i05 object-shield-vitality	-22	1	137
4f77afc1	HI_1_13_0	type3	i05 object-shield-vitality	-23	1	137
4f77afc1	HI_1_13_0	type3	i05 object-shield-vitality	-24	2	137
4f77afc1	HI_1_13_0	type3	i05 object-shield-vitality	-26	1	137
4f77afc1	HI_1_13_0	type3	i05 object-shield-vitality	-27	2	137
4f77afc1	HI_1_13_0	type3	i05 object-shield-vitality	-29	9	137
4f77afc1	HI_1_13_0	type3	i05 object-shield-vitality	-3	5	137
4f77afc1	HI_1_13_0	type3	i05 object-shield-vitality	-30	2	137
4f77afc1	HI_1_13_0	type3	i05 object-shield-vitality	-31	1	137
4f77afc1	HI_1_13_0	type3	i05 object-shield-vitality	-4	4	137
4f77afc1	HI_1_13_0	type3	i05 object-shield-vitality	-5	2	137
4f77afc1	HI_1_13_0	type3	i05 object-shield-vitality	-6	4	137
4f77afc1	HI_1_13_0	type3	i05 object-shield-vitality	-7	4	137
4f77afc1	HI_1_13_0	type3	i05 object-shield-vitality	-8	7	137
4f77afc1	HI_1_13_0	type3	i05 object-shield-vitality	-9	14	137
4f77afc1	HI_1_13_0	type3	i05 object-shield-vitality	1	10	137
4f77afc1	HI_1_13_0	type3	i05 object-shield-vitality	10	2	137
4f77afc1	HI_1_13_0	type3	i05 object-shield-vitality	11	2	137
4f77afc1	HI_1_13_0	type3	i05 object-shield-vitality	12	3	137
4f77afc1	HI_1_13_0	type3	i05 object-shield-vitality	13	5	137
4f77afc1	HI_1_13_0	type3	i05 object-shield-vitality	14	12	137
4f77afc1	HI_1_13_0	type3	i05 object-shield-vitality	15	5	137
4f77afc1	HI_1_13_0	type3	i05 object-shield-vitality	16	2	137
4f77afc1	HI_1_13_0	type3	i05 object-shield-vitality	17	2	137
4f77afc1	HI_1_13_0	type3	i05 object-shield-vitality	18	2	137
4f77afc1	HI_1_13_0	type3	i05 object-shield-vitality	19	12	137
4f77afc1	HI_1_13_0	type3	i05 object-shield-vitality	2	1	137
4f77afc1	HI_1_13_0	type3	i05 object-shield-vitality	20	4	137
4f77afc1	HI_1_13_0	type3	i05 object-shield-vitality	21	5	137
4f77afc1	HI_1_13_0	type3	i05 object-shield-vitality	22	4	137
4f77afc1	HI_1_13_0	type3	i05 object-shield-vitality	23	4	137
4f77afc1	HI_1_13_0	type3	i05 object-shield-vitality	24	10	137
4f77afc1	HI_1_13_0	type3	i05 object-shield-vitality	25	3	137
4f77afc1	HI_1_13_0	type3	i05 object-shield-vitality	26	10	137
4f77afc1	HI_1_13_0	type3	i05 object-shield-vitality	27	3	137
4f77afc1	HI_1_13_0	type3	i05 object-shield-vitality	28	3	137
4f77afc1	HI_1_13_0	type3	i05 object-shield-vitality	29	4	137
4f77afc1	HI_1_13_0	type3	i05 object-shield-vitality	3	6	137
4f77afc1	HI_1_13_0	type3	i05 object-shield-vitality	31	2	137
4f77afc1	HI_1_13_0	type3	i05 object-shield-vitality	32	6	137
4f77afc1	HI_1_13_0	type3	i05 object-shield-vitality	4	1	137
4f77afc1	HI_1_13_0	type3	i05 object-shield-vitality	5	2	137
4f77afc1	HI_1_13_0	type3	i05 object-shield-vitality	6	4	137
4f77afc1	HI_1_13_0	type3	i05 object-shield-vitality	7	8	137
4f77afc1	HI_1_13_0	type3	i05 object-shield-vitality	9	5	137
4f77afc1	HI_1_13_0	type3	i06 object-region-state	-1	1	137
4f77afc1	HI_1_13_0	type3	i06 object-region-state	-10	2	137
4f77afc1	HI_1_13_0	type3	i06 object-region-state	-11	10	137
4f77afc1	HI_1_13_0	type3	i06 object-region-state	-12	3	137
4f77afc1	HI_1_13_0	type3	i06 object-region-state	-13	2	137
4f77afc1	HI_1_13_0	type3	i06 object-region-state	-14	4	137
4f77afc1	HI_1_13_0	type3	i06 object-region-state	-15	1	137
4f77afc1	HI_1_13_0	type3	i06 object-region-state	-16	9	137
4f77afc1	HI_1_13_0	type3	i06 object-region-state	-17	4	137
4f77afc1	HI_1_13_0	type3	i06 object-region-state	-18	2	137
4f77afc1	HI_1_13_0	type3	i06 object-region-state	-19	3	137
4f77afc1	HI_1_13_0	type3	i06 object-region-state	-2	2	137
4f77afc1	HI_1_13_0	type3	i06 object-region-state	-20	2	137
4f77afc1	HI_1_13_0	type3	i06 object-region-state	-21	1	137
4f77afc1	HI_1_13_0	type3	i06 object-region-state	-22	2	137
4f77afc1	HI_1_13_0	type3	i06 object-region-state	-23	3	137
4f77afc1	HI_1_13_0	type3	i06 object-region-state	-25	1	137
4f77afc1	HI_1_13_0	type3	i06 object-region-state	-26	3	137
4f77afc1	HI_1_13_0	type3	i06 object-region-state	-28	3	137
4f77afc1	HI_1_13_0	type3	i06 object-region-state	-29	7	137
4f77afc1	HI_1_13_0	type3	i06 object-region-state	-30	4	137
4f77afc1	HI_1_13_0	type3	i06 object-region-state	-31	1	137
4f77afc1	HI_1_13_0	type3	i06 object-region-state	-32	4	137
4f77afc1	HI_1_13_0	type3	i06 object-region-state	-5	1	137
4f77afc1	HI_1_13_0	type3	i06 object-region-state	-6	9	137
4f77afc1	HI_1_13_0	type3	i06 object-region-state	-8	5	137
4f77afc1	HI_1_13_0	type3	i06 object-region-state	-9	3	137
4f77afc1	HI_1_13_0	type3	i06 object-region-state	10	16	137
4f77afc1	HI_1_13_0	type3	i06 object-region-state	11	10	137
4f77afc1	HI_1_13_0	type3	i06 object-region-state	12	7	137
4f77afc1	HI_1_13_0	type3	i06 object-region-state	13	2	137
4f77afc1	HI_1_13_0	type3	i06 object-region-state	15	2	137
4f77afc1	HI_1_13_0	type3	i06 object-region-state	17	1	137
4f77afc1	HI_1_13_0	type3	i06 object-region-state	18	8	137
4f77afc1	HI_1_13_0	type3	i06 object-region-state	2	14	137
4f77afc1	HI_1_13_0	type3	i06 object-region-state	21	4	137
4f77afc1	HI_1_13_0	type3	i06 object-region-state	22	1	137
4f77afc1	HI_1_13_0	type3	i06 object-region-state	23	3	137
4f77afc1	HI_1_13_0	type3	i06 object-region-state	24	3	137
4f77afc1	HI_1_13_0	type3	i06 object-region-state	25	3	137
4f77afc1	HI_1_13_0	type3	i06 object-region-state	26	8	137
4f77afc1	HI_1_13_0	type3	i06 object-region-state	27	37	137
4f77afc1	HI_1_13_0	type3	i06 object-region-state	28	37	137
4f77afc1	HI_1_13_0	type3	i06 object-region-state	29	11	137
4f77afc1	HI_1_13_0	type3	i06 object-region-state	3	16	137
4f77afc1	HI_1_13_0	type3	i06 object-region-state	30	1	137
4f77afc1	HI_1_13_0	type3	i06 object-region-state	31	15	137
4f77afc1	HI_1_13_0	type3	i06 object-region-state	32	12	137
4f77afc1	HI_1_13_0	type3	i06 object-region-state	4	14	137
4f77afc1	HI_1_13_0	type3	i06 object-region-state	5	2	137
4f77afc1	HI_1_13_0	type3	i06 object-region-state	6	4	137
4f77afc1	HI_1_13_0	type3	i06 object-region-state	7	7	137
4f77afc1	HI_1_13_0	type3	i06 object-region-state	8	2	137
4f77afc1	HI_1_13_0	type3	i06 object-region-state	9	9	137
4f77afc1	HI_1_13_0	type3	i07 object-damage-sections	-1	1	137
4f77afc1	HI_1_13_0	type3	i07 object-damage-sections	-10	2	137
4f77afc1	HI_1_13_0	type3	i07 object-damage-sections	-11	9	137
4f77afc1	HI_1_13_0	type3	i07 object-damage-sections	-12	9	137
4f77afc1	HI_1_13_0	type3	i07 object-damage-sections	-13	1	137
4f77afc1	HI_1_13_0	type3	i07 object-damage-sections	-14	14	137
4f77afc1	HI_1_13_0	type3	i07 object-damage-sections	-15	16	137
4f77afc1	HI_1_13_0	type3	i07 object-damage-sections	-16	9	137
4f77afc1	HI_1_13_0	type3	i07 object-damage-sections	-17	2	137
4f77afc1	HI_1_13_0	type3	i07 object-damage-sections	-18	5	137
4f77afc1	HI_1_13_0	type3	i07 object-damage-sections	-19	7	137
4f77afc1	HI_1_13_0	type3	i07 object-damage-sections	-20	4	137
4f77afc1	HI_1_13_0	type3	i07 object-damage-sections	-21	1	137
4f77afc1	HI_1_13_0	type3	i07 object-damage-sections	-22	1	137
4f77afc1	HI_1_13_0	type3	i07 object-damage-sections	-24	9	137
4f77afc1	HI_1_13_0	type3	i07 object-damage-sections	-26	11	137
4f77afc1	HI_1_13_0	type3	i07 object-damage-sections	-27	1	137
4f77afc1	HI_1_13_0	type3	i07 object-damage-sections	-28	9	137
4f77afc1	HI_1_13_0	type3	i07 object-damage-sections	-29	1	137
4f77afc1	HI_1_13_0	type3	i07 object-damage-sections	-3	3	137
4f77afc1	HI_1_13_0	type3	i07 object-damage-sections	-30	9	137
4f77afc1	HI_1_13_0	type3	i07 object-damage-sections	-31	9	137
4f77afc1	HI_1_13_0	type3	i07 object-damage-sections	-32	1	137
4f77afc1	HI_1_13_0	type3	i07 object-damage-sections	-4	1	137
4f77afc1	HI_1_13_0	type3	i07 object-damage-sections	-5	2	137
4f77afc1	HI_1_13_0	type3	i07 object-damage-sections	-6	9	137
4f77afc1	HI_1_13_0	type3	i07 object-damage-sections	-8	7	137
4f77afc1	HI_1_13_0	type3	i07 object-damage-sections	-9	3	137
4f77afc1	HI_1_13_0	type3	i07 object-damage-sections	1	6	137
4f77afc1	HI_1_13_0	type3	i07 object-damage-sections	10	6	137
4f77afc1	HI_1_13_0	type3	i07 object-damage-sections	11	1	137
4f77afc1	HI_1_13_0	type3	i07 object-damage-sections	12	8	137
4f77afc1	HI_1_13_0	type3	i07 object-damage-sections	16	1	137
4f77afc1	HI_1_13_0	type3	i07 object-damage-sections	17	2	137
4f77afc1	HI_1_13_0	type3	i07 object-damage-sections	18	6	137
4f77afc1	HI_1_13_0	type3	i07 object-damage-sections	19	1	137
4f77afc1	HI_1_13_0	type3	i07 object-damage-sections	2	17	137
4f77afc1	HI_1_13_0	type3	i07 object-damage-sections	20	1	137
4f77afc1	HI_1_13_0	type3	i07 object-damage-sections	21	1	137
4f77afc1	HI_1_13_0	type3	i07 object-damage-sections	23	1	137
4f77afc1	HI_1_13_0	type3	i07 object-damage-sections	24	1	137
4f77afc1	HI_1_13_0	type3	i07 object-damage-sections	25	8	137
4f77afc1	HI_1_13_0	type3	i07 object-damage-sections	26	1	137
4f77afc1	HI_1_13_0	type3	i07 object-damage-sections	27	1	137
4f77afc1	HI_1_13_0	type3	i07 object-damage-sections	29	18	137
4f77afc1	HI_1_13_0	type3	i07 object-damage-sections	3	4	137
4f77afc1	HI_1_13_0	type3	i07 object-damage-sections	31	2	137
4f77afc1	HI_1_13_0	type3	i07 object-damage-sections	32	2	137
4f77afc1	HI_1_13_0	type3	i07 object-damage-sections	4	11	137
4f77afc1	HI_1_13_0	type3	i07 object-damage-sections	5	9	137
4f77afc1	HI_1_13_0	type3	i07 object-damage-sections	7	2	137
4f77afc1	HI_1_13_0	type3	i07 object-damage-sections	9	18	137
4f77afc1	HI_1_13_0	type3	i08 object-constraint	-10	7	137
4f77afc1	HI_1_13_0	type3	i08 object-constraint	-11	8	137
4f77afc1	HI_1_13_0	type3	i08 object-constraint	-12	5	137
4f77afc1	HI_1_13_0	type3	i08 object-constraint	-13	2	137
4f77afc1	HI_1_13_0	type3	i08 object-constraint	-14	6	137
4f77afc1	HI_1_13_0	type3	i08 object-constraint	-15	8	137
4f77afc1	HI_1_13_0	type3	i08 object-constraint	-16	8	137
4f77afc1	HI_1_13_0	type3	i08 object-constraint	-17	1	137
4f77afc1	HI_1_13_0	type3	i08 object-constraint	-20	8	137
4f77afc1	HI_1_13_0	type3	i08 object-constraint	-21	2	137
4f77afc1	HI_1_13_0	type3	i08 object-constraint	-22	4	137
4f77afc1	HI_1_13_0	type3	i08 object-constraint	-23	8	137
4f77afc1	HI_1_13_0	type3	i08 object-constraint	-24	6	137
4f77afc1	HI_1_13_0	type3	i08 object-constraint	-26	1	137
4f77afc1	HI_1_13_0	type3	i08 object-constraint	-28	10	137
4f77afc1	HI_1_13_0	type3	i08 object-constraint	-29	1	137
4f77afc1	HI_1_13_0	type3	i08 object-constraint	-31	9	137
4f77afc1	HI_1_13_0	type3	i08 object-constraint	-32	1	137
4f77afc1	HI_1_13_0	type3	i08 object-constraint	-4	2	137
4f77afc1	HI_1_13_0	type3	i08 object-constraint	-5	1	137
4f77afc1	HI_1_13_0	type3	i08 object-constraint	-6	21	137
4f77afc1	HI_1_13_0	type3	i08 object-constraint	-7	1	137
4f77afc1	HI_1_13_0	type3	i08 object-constraint	-8	3	137
4f77afc1	HI_1_13_0	type3	i08 object-constraint	-9	3	137
4f77afc1	HI_1_13_0	type3	i08 object-constraint	1	1	137
4f77afc1	HI_1_13_0	type3	i08 object-constraint	10	7	137
4f77afc1	HI_1_13_0	type3	i08 object-constraint	11	1	137
4f77afc1	HI_1_13_0	type3	i08 object-constraint	12	4	137
4f77afc1	HI_1_13_0	type3	i08 object-constraint	13	2	137
4f77afc1	HI_1_13_0	type3	i08 object-constraint	16	2	137
4f77afc1	HI_1_13_0	type3	i08 object-constraint	17	19	137
4f77afc1	HI_1_13_0	type3	i08 object-constraint	18	7	137
4f77afc1	HI_1_13_0	type3	i08 object-constraint	19	2	137
4f77afc1	HI_1_13_0	type3	i08 object-constraint	2	7	137
4f77afc1	HI_1_13_0	type3	i08 object-constraint	21	1	137
4f77afc1	HI_1_13_0	type3	i08 object-constraint	22	1	137
4f77afc1	HI_1_13_0	type3	i08 object-constraint	24	1	137
4f77afc1	HI_1_13_0	type3	i08 object-constraint	25	18	137
4f77afc1	HI_1_13_0	type3	i08 object-constraint	26	2	137
4f77afc1	HI_1_13_0	type3	i08 object-constraint	27	10	137
4f77afc1	HI_1_13_0	type3	i08 object-constraint	28	1	137
4f77afc1	HI_1_13_0	type3	i08 object-constraint	29	1	137
4f77afc1	HI_1_13_0	type3	i08 object-constraint	3	1	137
4f77afc1	HI_1_13_0	type3	i08 object-constraint	30	2	137
4f77afc1	HI_1_13_0	type3	i08 object-constraint	31	1	137
4f77afc1	HI_1_13_0	type3	i08 object-constraint	32	7	137
4f77afc1	HI_1_13_0	type3	i08 object-constraint	4	7	137
4f77afc1	HI_1_13_0	type3	i09 object-multiplayer-properties	-10	7	137
4f77afc1	HI_1_13_0	type3	i09 object-multiplayer-properties	-11	8	137
4f77afc1	HI_1_13_0	type3	i09 object-multiplayer-properties	-12	17	137
4f77afc1	HI_1_13_0	type3	i09 object-multiplayer-properties	-14	5	137
4f77afc1	HI_1_13_0	type3	i09 object-multiplayer-properties	-15	7	137
4f77afc1	HI_1_13_0	type3	i09 object-multiplayer-properties	-16	8	137
4f77afc1	HI_1_13_0	type3	i09 object-multiplayer-properties	-18	11	137
4f77afc1	HI_1_13_0	type3	i09 object-multiplayer-properties	-2	6	137
4f77afc1	HI_1_13_0	type3	i09 object-multiplayer-properties	-20	9	137
4f77afc1	HI_1_13_0	type3	i09 object-multiplayer-properties	-22	6	137
4f77afc1	HI_1_13_0	type3	i09 object-multiplayer-properties	-23	2	137
4f77afc1	HI_1_13_0	type3	i09 object-multiplayer-properties	-24	6	137
4f77afc1	HI_1_13_0	type3	i09 object-multiplayer-properties	-27	1	137
4f77afc1	HI_1_13_0	type3	i09 object-multiplayer-properties	-28	1	137
4f77afc1	HI_1_13_0	type3	i09 object-multiplayer-properties	-30	7	137
4f77afc1	HI_1_13_0	type3	i09 object-multiplayer-properties	-31	2	137
4f77afc1	HI_1_13_0	type3	i09 object-multiplayer-properties	-4	2	137
4f77afc1	HI_1_13_0	type3	i09 object-multiplayer-properties	-5	1	137
4f77afc1	HI_1_13_0	type3	i09 object-multiplayer-properties	-6	8	137
4f77afc1	HI_1_13_0	type3	i09 object-multiplayer-properties	-8	5	137
4f77afc1	HI_1_13_0	type3	i09 object-multiplayer-properties	-9	2	137
4f77afc1	HI_1_13_0	type3	i09 object-multiplayer-properties	10	1	137
4f77afc1	HI_1_13_0	type3	i09 object-multiplayer-properties	14	11	137
4f77afc1	HI_1_13_0	type3	i09 object-multiplayer-properties	17	1	137
4f77afc1	HI_1_13_0	type3	i09 object-multiplayer-properties	18	1	137
4f77afc1	HI_1_13_0	type3	i09 object-multiplayer-properties	19	6	137
4f77afc1	HI_1_13_0	type3	i09 object-multiplayer-properties	2	1	137
4f77afc1	HI_1_13_0	type3	i09 object-multiplayer-properties	20	1	137
4f77afc1	HI_1_13_0	type3	i09 object-multiplayer-properties	21	2	137
4f77afc1	HI_1_13_0	type3	i09 object-multiplayer-properties	23	5	137
4f77afc1	HI_1_13_0	type3	i09 object-multiplayer-properties	25	6	137
4f77afc1	HI_1_13_0	type3	i09 object-multiplayer-properties	26	6	137
4f77afc1	HI_1_13_0	type3	i09 object-multiplayer-properties	27	5	137
4f77afc1	HI_1_13_0	type3	i09 object-multiplayer-properties	28	1	137
4f77afc1	HI_1_13_0	type3	i09 object-multiplayer-properties	29	2	137
4f77afc1	HI_1_13_0	type3	i09 object-multiplayer-properties	3	6	137
4f77afc1	HI_1_13_0	type3	i09 object-multiplayer-properties	32	2	137
4f77afc1	HI_1_13_0	type3	i09 object-multiplayer-properties	4	2	137
4f77afc1	HI_1_13_0	type3	i09 object-multiplayer-properties	8	1	137
4f77afc1	HI_1_13_0	type3	i09 object-multiplayer-properties	9	1	137
4f77afc1	HI_1_13_0	type3	i10 object-parent-state	-10	7	137
4f77afc1	HI_1_13_0	type3	i10 object-parent-state	-12	12	137
4f77afc1	HI_1_13_0	type3	i10 object-parent-state	-14	5	137
4f77afc1	HI_1_13_0	type3	i10 object-parent-state	-15	7	137
4f77afc1	HI_1_13_0	type3	i10 object-parent-state	-16	7	137
4f77afc1	HI_1_13_0	type3	i10 object-parent-state	-2	8	137
4f77afc1	HI_1_13_0	type3	i10 object-parent-state	-20	7	137
4f77afc1	HI_1_13_0	type3	i10 object-parent-state	-22	6	137
4f77afc1	HI_1_13_0	type3	i10 object-parent-state	-23	2	137
4f77afc1	HI_1_13_0	type3	i10 object-parent-state	-26	7	137
4f77afc1	HI_1_13_0	type3	i10 object-parent-state	-27	11	137
4f77afc1	HI_1_13_0	type3	i10 object-parent-state	-28	1	137
4f77afc1	HI_1_13_0	type3	i10 object-parent-state	-30	8	137
4f77afc1	HI_1_13_0	type3	i10 object-parent-state	-31	1	137
4f77afc1	HI_1_13_0	type3	i10 object-parent-state	-4	3	137
4f77afc1	HI_1_13_0	type3	i10 object-parent-state	-5	1	137
4f77afc1	HI_1_13_0	type3	i10 object-parent-state	-8	2	137
4f77afc1	HI_1_13_0	type3	i10 object-parent-state	-9	2	137
4f77afc1	HI_1_13_0	type3	i10 object-parent-state	11	4	137
4f77afc1	HI_1_13_0	type3	i10 object-parent-state	12	2	137
4f77afc1	HI_1_13_0	type3	i10 object-parent-state	16	4	137
4f77afc1	HI_1_13_0	type3	i10 object-parent-state	18	1	137
4f77afc1	HI_1_13_0	type3	i10 object-parent-state	2	1	137
4f77afc1	HI_1_13_0	type3	i10 object-parent-state	20	11	137
4f77afc1	HI_1_13_0	type3	i10 object-parent-state	22	8	137
4f77afc1	HI_1_13_0	type3	i10 object-parent-state	23	1	137
4f77afc1	HI_1_13_0	type3	i10 object-parent-state	24	1	137
4f77afc1	HI_1_13_0	type3	i10 object-parent-state	28	2	137
4f77afc1	HI_1_13_0	type3	i10 object-parent-state	29	2	137
4f77afc1	HI_1_13_0	type3	i10 object-parent-state	3	7	137
4f77afc1	HI_1_13_0	type3	i10 object-parent-state	31	1	137
4f77afc1	HI_1_13_0	type3	i10 object-parent-state	7	1	137
4f77afc1	HI_1_13_0	type3	i10 object-parent-state	8	1	137
4f77afc1	HI_1_13_0	type3	i10 object-parent-state	9	1	137
4f77afc1	HI_1_13_0	type3	i11 object-dead-state	-17	4	137
4f77afc1	HI_1_13_0	type3	i11 object-dead-state	-2	1	137
4f77afc1	HI_1_13_0	type3	i11 object-dead-state	-20	8	137
4f77afc1	HI_1_13_0	type3	i11 object-dead-state	-22	10	137
4f77afc1	HI_1_13_0	type3	i11 object-dead-state	-23	9	137
4f77afc1	HI_1_13_0	type3	i11 object-dead-state	-26	6	137
4f77afc1	HI_1_13_0	type3	i11 object-dead-state	-28	1	137
4f77afc1	HI_1_13_0	type3	i11 object-dead-state	-3	1	137
4f77afc1	HI_1_13_0	type3	i11 object-dead-state	-31	7	137
4f77afc1	HI_1_13_0	type3	i11 object-dead-state	-4	2	137
4f77afc1	HI_1_13_0	type3	i11 object-dead-state	-6	1	137
4f77afc1	HI_1_13_0	type3	i11 object-dead-state	-7	5	137
4f77afc1	HI_1_13_0	type3	i11 object-dead-state	-8	10	137
4f77afc1	HI_1_13_0	type3	i11 object-dead-state	-9	8	137
4f77afc1	HI_1_13_0	type3	i11 object-dead-state	10	1	137
4f77afc1	HI_1_13_0	type3	i11 object-dead-state	11	3	137
4f77afc1	HI_1_13_0	type3	i11 object-dead-state	13	1	137
4f77afc1	HI_1_13_0	type3	i11 object-dead-state	15	12	137
4f77afc1	HI_1_13_0	type3	i11 object-dead-state	18	2	137
4f77afc1	HI_1_13_0	type3	i11 object-dead-state	20	2	137
4f77afc1	HI_1_13_0	type3	i11 object-dead-state	23	6	137
4f77afc1	HI_1_13_0	type3	i11 object-dead-state	26	1	137
4f77afc1	HI_1_13_0	type3	i11 object-dead-state	3	2	137
4f77afc1	HI_1_13_0	type3	i11 object-dead-state	31	1	137
4f77afc1	HI_1_13_0	type3	i11 object-dead-state	4	3	137
4f77afc1	HI_1_13_0	type3	i11 object-dead-state	6	2	137
4f77afc1	HI_1_13_0	type3	i11 object-dead-state	7	11	137
4f77afc1	HI_1_13_0	type3	i11 object-dead-state	8	12	137
4f77afc1	HI_1_13_0	type3	i11 object-dead-state	9	1	137
4f77afc1	HI_1_13_0	type3	i12 object-scale	-12	2	137
4f77afc1	HI_1_13_0	type3	i12 object-scale	-16	1	137
4f77afc1	HI_1_13_0	type3	i12 object-scale	-18	1	137
4f77afc1	HI_1_13_0	type3	i12 object-scale	-19	2	137
4f77afc1	HI_1_13_0	type3	i12 object-scale	-22	10	137
4f77afc1	HI_1_13_0	type3	i12 object-scale	-23	9	137
4f77afc1	HI_1_13_0	type3	i12 object-scale	-24	3	137
4f77afc1	HI_1_13_0	type3	i12 object-scale	-26	2	137
4f77afc1	HI_1_13_0	type3	i12 object-scale	-3	1	137
4f77afc1	HI_1_13_0	type3	i12 object-scale	-4	2	137
4f77afc1	HI_1_13_0	type3	i12 object-scale	-5	2	137
4f77afc1	HI_1_13_0	type3	i12 object-scale	-7	5	137
4f77afc1	HI_1_13_0	type3	i12 object-scale	-8	10	137
4f77afc1	HI_1_13_0	type3	i12 object-scale	-9	3	137
4f77afc1	HI_1_13_0	type3	i12 object-scale	1	1	137
4f77afc1	HI_1_13_0	type3	i12 object-scale	10	1	137
4f77afc1	HI_1_13_0	type3	i12 object-scale	11	2	137
4f77afc1	HI_1_13_0	type3	i12 object-scale	13	1	137
4f77afc1	HI_1_13_0	type3	i12 object-scale	15	12	137
4f77afc1	HI_1_13_0	type3	i12 object-scale	18	2	137
4f77afc1	HI_1_13_0	type3	i12 object-scale	20	2	137
4f77afc1	HI_1_13_0	type3	i12 object-scale	23	6	137
4f77afc1	HI_1_13_0	type3	i12 object-scale	3	2	137
4f77afc1	HI_1_13_0	type3	i12 object-scale	31	1	137
4f77afc1	HI_1_13_0	type3	i12 object-scale	4	1	137
4f77afc1	HI_1_13_0	type3	i12 object-scale	6	1	137
4f77afc1	HI_1_13_0	type3	i12 object-scale	7	12	137
4f77afc1	HI_1_13_0	type3	i12 object-scale	8	11	137
4f77afc1	HI_1_13_0	type3	i13 object-maximum-vitalities	-11	2	137
4f77afc1	HI_1_13_0	type3	i13 object-maximum-vitalities	-13	1	137
4f77afc1	HI_1_13_0	type3	i13 object-maximum-vitalities	-14	3	137
4f77afc1	HI_1_13_0	type3	i13 object-maximum-vitalities	-15	2	137
4f77afc1	HI_1_13_0	type3	i13 object-maximum-vitalities	-18	1	137
4f77afc1	HI_1_13_0	type3	i13 object-maximum-vitalities	-19	2	137
4f77afc1	HI_1_13_0	type3	i13 object-maximum-vitalities	-21	1	137
4f77afc1	HI_1_13_0	type3	i13 object-maximum-vitalities	-22	9	137
4f77afc1	HI_1_13_0	type3	i13 object-maximum-vitalities	-23	9	137
4f77afc1	HI_1_13_0	type3	i13 object-maximum-vitalities	-24	3	137
4f77afc1	HI_1_13_0	type3	i13 object-maximum-vitalities	-26	1	137
4f77afc1	HI_1_13_0	type3	i13 object-maximum-vitalities	-29	1	137
4f77afc1	HI_1_13_0	type3	i13 object-maximum-vitalities	-4	2	137
4f77afc1	HI_1_13_0	type3	i13 object-maximum-vitalities	-5	2	137
4f77afc1	HI_1_13_0	type3	i13 object-maximum-vitalities	-7	9	137
4f77afc1	HI_1_13_0	type3	i13 object-maximum-vitalities	-8	9	137
4f77afc1	HI_1_13_0	type3	i13 object-maximum-vitalities	-9	3	137
4f77afc1	HI_1_13_0	type3	i13 object-maximum-vitalities	1	1	137
4f77afc1	HI_1_13_0	type3	i13 object-maximum-vitalities	11	2	137
4f77afc1	HI_1_13_0	type3	i13 object-maximum-vitalities	13	1	137
4f77afc1	HI_1_13_0	type3	i13 object-maximum-vitalities	15	11	137
4f77afc1	HI_1_13_0	type3	i13 object-maximum-vitalities	16	1	137
4f77afc1	HI_1_13_0	type3	i13 object-maximum-vitalities	19	1	137
4f77afc1	HI_1_13_0	type3	i13 object-maximum-vitalities	25	8	137
4f77afc1	HI_1_13_0	type3	i13 object-maximum-vitalities	27	1	137
4f77afc1	HI_1_13_0	type3	i13 object-maximum-vitalities	3	1	137
4f77afc1	HI_1_13_0	type3	i13 object-maximum-vitalities	30	3	137
4f77afc1	HI_1_13_0	type3	i13 object-maximum-vitalities	31	3	137
4f77afc1	HI_1_13_0	type3	i13 object-maximum-vitalities	32	2	137
4f77afc1	HI_1_13_0	type3	i13 object-maximum-vitalities	4	1	137
4f77afc1	HI_1_13_0	type3	i13 object-maximum-vitalities	6	1	137
4f77afc1	HI_1_13_0	type3	i14 object-dissolver	-11	2	137
4f77afc1	HI_1_13_0	type3	i14 object-dissolver	-13	1	137
4f77afc1	HI_1_13_0	type3	i14 object-dissolver	-14	3	137
4f77afc1	HI_1_13_0	type3	i14 object-dissolver	-15	1	137
4f77afc1	HI_1_13_0	type3	i14 object-dissolver	-18	1	137
4f77afc1	HI_1_13_0	type3	i14 object-dissolver	-19	2	137
4f77afc1	HI_1_13_0	type3	i14 object-dissolver	-21	1	137
4f77afc1	HI_1_13_0	type3	i14 object-dissolver	-22	9	137
4f77afc1	HI_1_13_0	type3	i14 object-dissolver	-23	9	137
4f77afc1	HI_1_13_0	type3	i14 object-dissolver	-24	2	137
4f77afc1	HI_1_13_0	type3	i14 object-dissolver	-26	1	137
4f77afc1	HI_1_13_0	type3	i14 object-dissolver	-29	1	137
4f77afc1	HI_1_13_0	type3	i14 object-dissolver	-3	1	137
4f77afc1	HI_1_13_0	type3	i14 object-dissolver	-4	2	137
4f77afc1	HI_1_13_0	type3	i14 object-dissolver	-5	2	137
4f77afc1	HI_1_13_0	type3	i14 object-dissolver	-7	9	137
4f77afc1	HI_1_13_0	type3	i14 object-dissolver	-8	9	137
4f77afc1	HI_1_13_0	type3	i14 object-dissolver	-9	3	137
4f77afc1	HI_1_13_0	type3	i14 object-dissolver	1	1	137
4f77afc1	HI_1_13_0	type3	i14 object-dissolver	11	2	137
4f77afc1	HI_1_13_0	type3	i14 object-dissolver	13	1	137
4f77afc1	HI_1_13_0	type3	i14 object-dissolver	15	11	137
4f77afc1	HI_1_13_0	type3	i14 object-dissolver	16	1	137
4f77afc1	HI_1_13_0	type3	i14 object-dissolver	19	1	137
4f77afc1	HI_1_13_0	type3	i14 object-dissolver	25	8	137
4f77afc1	HI_1_13_0	type3	i14 object-dissolver	27	1	137
4f77afc1	HI_1_13_0	type3	i14 object-dissolver	3	1	137
4f77afc1	HI_1_13_0	type3	i14 object-dissolver	30	3	137
4f77afc1	HI_1_13_0	type3	i14 object-dissolver	31	2	137
4f77afc1	HI_1_13_0	type3	i14 object-dissolver	32	2	137
4f77afc1	HI_1_13_0	type3	i14 object-dissolver	4	1	137
4f77afc1	HI_1_13_0	type3	i14 object-dissolver	6	1	137
4f77afc1	HI_1_13_0	type3	i15 object-low-frequency	-1	2	137
4f77afc1	HI_1_13_0	type3	i15 object-low-frequency	-11	1	137
4f77afc1	HI_1_13_0	type3	i15 object-low-frequency	-12	1	137
4f77afc1	HI_1_13_0	type3	i15 object-low-frequency	-14	1	137
4f77afc1	HI_1_13_0	type3	i15 object-low-frequency	-17	2	137
4f77afc1	HI_1_13_0	type3	i15 object-low-frequency	-18	5	137
4f77afc1	HI_1_13_0	type3	i15 object-low-frequency	-2	5	137
4f77afc1	HI_1_13_0	type3	i15 object-low-frequency	-20	1	137
4f77afc1	HI_1_13_0	type3	i15 object-low-frequency	-23	2	137
4f77afc1	HI_1_13_0	type3	i15 object-low-frequency	-26	1	137
4f77afc1	HI_1_13_0	type3	i15 object-low-frequency	-29	3	137
4f77afc1	HI_1_13_0	type3	i15 object-low-frequency	-3	2	137
4f77afc1	HI_1_13_0	type3	i15 object-low-frequency	-30	4	137
4f77afc1	HI_1_13_0	type3	i15 object-low-frequency	-32	1	137
4f77afc1	HI_1_13_0	type3	i15 object-low-frequency	-5	3	137
4f77afc1	HI_1_13_0	type3	i15 object-low-frequency	-7	2	137
4f77afc1	HI_1_13_0	type3	i15 object-low-frequency	-8	1	137
4f77afc1	HI_1_13_0	type3	i15 object-low-frequency	-9	2	137
4f77afc1	HI_1_13_0	type3	i15 object-low-frequency	1	3	137
4f77afc1	HI_1_13_0	type3	i15 object-low-frequency	10	6	137
4f77afc1	HI_1_13_0	type3	i15 object-low-frequency	14	2	137
4f77afc1	HI_1_13_0	type3	i15 object-low-frequency	19	6	137
4f77afc1	HI_1_13_0	type3	i15 object-low-frequency	20	1	137
4f77afc1	HI_1_13_0	type3	i15 object-low-frequency	22	6	137
4f77afc1	HI_1_13_0	type3	i15 object-low-frequency	23	4	137
4f77afc1	HI_1_13_0	type3	i15 object-low-frequency	24	8	137
4f77afc1	HI_1_13_0	type3	i15 object-low-frequency	25	1	137
4f77afc1	HI_1_13_0	type3	i15 object-low-frequency	27	7	137
4f77afc1	HI_1_13_0	type3	i15 object-low-frequency	3	1	137
4f77afc1	HI_1_13_0	type3	i15 object-low-frequency	30	1	137
4f77afc1	HI_1_13_0	type3	i15 object-low-frequency	31	8	137
4f77afc1	HI_1_13_0	type3	i15 object-low-frequency	4	3	137
4f77afc1	HI_1_13_0	type3	i15 object-low-frequency	9	6	137
4f77afc1	HI_1_13_0	type3	i16 object-physics-flags	-1	2	137
4f77afc1	HI_1_13_0	type3	i16 object-physics-flags	-11	1	137
4f77afc1	HI_1_13_0	type3	i16 object-physics-flags	-12	1	137
4f77afc1	HI_1_13_0	type3	i16 object-physics-flags	-14	1	137
4f77afc1	HI_1_13_0	type3	i16 object-physics-flags	-17	2	137
4f77afc1	HI_1_13_0	type3	i16 object-physics-flags	-18	5	137
4f77afc1	HI_1_13_0	type3	i16 object-physics-flags	-2	5	137
4f77afc1	HI_1_13_0	type3	i16 object-physics-flags	-20	1	137
4f77afc1	HI_1_13_0	type3	i16 object-physics-flags	-23	2	137
4f77afc1	HI_1_13_0	type3	i16 object-physics-flags	-26	1	137
4f77afc1	HI_1_13_0	type3	i16 object-physics-flags	-29	3	137
4f77afc1	HI_1_13_0	type3	i16 object-physics-flags	-3	2	137
4f77afc1	HI_1_13_0	type3	i16 object-physics-flags	-30	4	137
4f77afc1	HI_1_13_0	type3	i16 object-physics-flags	-32	1	137
4f77afc1	HI_1_13_0	type3	i16 object-physics-flags	-5	3	137
4f77afc1	HI_1_13_0	type3	i16 object-physics-flags	-7	2	137
4f77afc1	HI_1_13_0	type3	i16 object-physics-flags	-8	1	137
4f77afc1	HI_1_13_0	type3	i16 object-physics-flags	-9	2	137
4f77afc1	HI_1_13_0	type3	i16 object-physics-flags	1	3	137
4f77afc1	HI_1_13_0	type3	i16 object-physics-flags	10	6	137
4f77afc1	HI_1_13_0	type3	i16 object-physics-flags	14	2	137
4f77afc1	HI_1_13_0	type3	i16 object-physics-flags	19	6	137
4f77afc1	HI_1_13_0	type3	i16 object-physics-flags	20	1	137
4f77afc1	HI_1_13_0	type3	i16 object-physics-flags	22	6	137
4f77afc1	HI_1_13_0	type3	i16 object-physics-flags	23	4	137
4f77afc1	HI_1_13_0	type3	i16 object-physics-flags	24	8	137
4f77afc1	HI_1_13_0	type3	i16 object-physics-flags	25	1	137
4f77afc1	HI_1_13_0	type3	i16 object-physics-flags	27	7	137
4f77afc1	HI_1_13_0	type3	i16 object-physics-flags	3	1	137
4f77afc1	HI_1_13_0	type3	i16 object-physics-flags	30	1	137
4f77afc1	HI_1_13_0	type3	i16 object-physics-flags	31	8	137
4f77afc1	HI_1_13_0	type3	i16 object-physics-flags	4	3	137
4f77afc1	HI_1_13_0	type3	i16 object-physics-flags	9	6	137
4f77afc1	HI_1_13_0	type3	i17 object-frame-configuration	-11	1	137
4f77afc1	HI_1_13_0	type3	i17 object-frame-configuration	-12	2	137
4f77afc1	HI_1_13_0	type3	i17 object-frame-configuration	-13	2	137
4f77afc1	HI_1_13_0	type3	i17 object-frame-configuration	-14	2	137
4f77afc1	HI_1_13_0	type3	i17 object-frame-configuration	-15	1	137
4f77afc1	HI_1_13_0	type3	i17 object-frame-configuration	-16	2	137
4f77afc1	HI_1_13_0	type3	i17 object-frame-configuration	-17	3	137
4f77afc1	HI_1_13_0	type3	i17 object-frame-configuration	-20	6	137
4f77afc1	HI_1_13_0	type3	i17 object-frame-configuration	-21	1	137
4f77afc1	HI_1_13_0	type3	i17 object-frame-configuration	-25	4	137
4f77afc1	HI_1_13_0	type3	i17 object-frame-configuration	-27	8	137
4f77afc1	HI_1_13_0	type3	i17 object-frame-configuration	-28	4	137
4f77afc1	HI_1_13_0	type3	i17 object-frame-configuration	-29	7	137
4f77afc1	HI_1_13_0	type3	i17 object-frame-configuration	-31	1	137
4f77afc1	HI_1_13_0	type3	i17 object-frame-configuration	-4	2	137
4f77afc1	HI_1_13_0	type3	i17 object-frame-configuration	-5	7	137
4f77afc1	HI_1_13_0	type3	i17 object-frame-configuration	-7	2	137
4f77afc1	HI_1_13_0	type3	i17 object-frame-configuration	-8	2	137
4f77afc1	HI_1_13_0	type3	i17 object-frame-configuration	1	1	137
4f77afc1	HI_1_13_0	type3	i17 object-frame-configuration	11	1	137
4f77afc1	HI_1_13_0	type3	i17 object-frame-configuration	16	7	137
4f77afc1	HI_1_13_0	type3	i17 object-frame-configuration	17	2	137
4f77afc1	HI_1_13_0	type3	i17 object-frame-configuration	19	2	137
4f77afc1	HI_1_13_0	type3	i17 object-frame-configuration	2	2	137
4f77afc1	HI_1_13_0	type3	i17 object-frame-configuration	22	1	137
4f77afc1	HI_1_13_0	type3	i17 object-frame-configuration	23	6	137
4f77afc1	HI_1_13_0	type3	i17 object-frame-configuration	24	1	137
4f77afc1	HI_1_13_0	type3	i17 object-frame-configuration	26	8	137
4f77afc1	HI_1_13_0	type3	i17 object-frame-configuration	27	1	137
4f77afc1	HI_1_13_0	type3	i17 object-frame-configuration	7	2	137
4f77afc1	HI_1_13_0	type3	i17 object-frame-configuration	8	1	137
4f77afc1	HI_1_13_0	type3	i17 object-frame-configuration	9	6	137
4f77afc1	HI_1_13_0	type3	i18 unit-control	-11	1	137
4f77afc1	HI_1_13_0	type3	i18 unit-control	-12	2	137
4f77afc1	HI_1_13_0	type3	i18 unit-control	-13	6	137
4f77afc1	HI_1_13_0	type3	i18 unit-control	-15	2	137
4f77afc1	HI_1_13_0	type3	i18 unit-control	-16	2	137
4f77afc1	HI_1_13_0	type3	i18 unit-control	-17	2	137
4f77afc1	HI_1_13_0	type3	i18 unit-control	-19	1	137
4f77afc1	HI_1_13_0	type3	i18 unit-control	-20	6	137
4f77afc1	HI_1_13_0	type3	i18 unit-control	-21	1	137
4f77afc1	HI_1_13_0	type3	i18 unit-control	-22	1	137
4f77afc1	HI_1_13_0	type3	i18 unit-control	-24	1	137
4f77afc1	HI_1_13_0	type3	i18 unit-control	-25	4	137
4f77afc1	HI_1_13_0	type3	i18 unit-control	-27	8	137
4f77afc1	HI_1_13_0	type3	i18 unit-control	-28	4	137
4f77afc1	HI_1_13_0	type3	i18 unit-control	-29	7	137
4f77afc1	HI_1_13_0	type3	i18 unit-control	-31	1	137
4f77afc1	HI_1_13_0	type3	i18 unit-control	-4	3	137
4f77afc1	HI_1_13_0	type3	i18 unit-control	-5	7	137
4f77afc1	HI_1_13_0	type3	i18 unit-control	-7	2	137
4f77afc1	HI_1_13_0	type3	i18 unit-control	-8	2	137
4f77afc1	HI_1_13_0	type3	i18 unit-control	16	6	137
4f77afc1	HI_1_13_0	type3	i18 unit-control	17	1	137
4f77afc1	HI_1_13_0	type3	i18 unit-control	19	2	137
4f77afc1	HI_1_13_0	type3	i18 unit-control	2	2	137
4f77afc1	HI_1_13_0	type3	i18 unit-control	23	4	137
4f77afc1	HI_1_13_0	type3	i18 unit-control	24	2	137
4f77afc1	HI_1_13_0	type3	i18 unit-control	26	9	137
4f77afc1	HI_1_13_0	type3	i18 unit-control	27	1	137
4f77afc1	HI_1_13_0	type3	i18 unit-control	3	8	137
4f77afc1	HI_1_13_0	type3	i18 unit-control	32	8	137
4f77afc1	HI_1_13_0	type3	i18 unit-control	7	2	137
4f77afc1	HI_1_13_0	type3	i18 unit-control	8	1	137
4f77afc1	HI_1_13_0	type3	i18 unit-control	9	6	137
4f77afc1	HI_1_13_0	type3	i19 unit-actor-control	-14	1	137
4f77afc1	HI_1_13_0	type3	i19 unit-actor-control	-16	1	137
4f77afc1	HI_1_13_0	type3	i19 unit-actor-control	-17	2	137
4f77afc1	HI_1_13_0	type3	i19 unit-actor-control	-23	1	137
4f77afc1	HI_1_13_0	type3	i19 unit-actor-control	-25	3	137
4f77afc1	HI_1_13_0	type3	i19 unit-actor-control	-28	1	137
4f77afc1	HI_1_13_0	type3	i19 unit-actor-control	-32	2	137
4f77afc1	HI_1_13_0	type3	i19 unit-actor-control	-6	1	137
4f77afc1	HI_1_13_0	type3	i19 unit-actor-control	-7	1	137
4f77afc1	HI_1_13_0	type3	i19 unit-actor-control	1	1	137
4f77afc1	HI_1_13_0	type3	i19 unit-actor-control	10	8	137
4f77afc1	HI_1_13_0	type3	i19 unit-actor-control	15	8	137
4f77afc1	HI_1_13_0	type3	i19 unit-actor-control	17	1	137
4f77afc1	HI_1_13_0	type3	i19 unit-actor-control	19	1	137
4f77afc1	HI_1_13_0	type3	i19 unit-actor-control	26	1	137
4f77afc1	HI_1_13_0	type3	i19 unit-actor-control	27	9	137
4f77afc1	HI_1_13_0	type3	i19 unit-actor-control	30	3	137
4f77afc1	HI_1_13_0	type3	i19 unit-actor-control	9	3	137
4f77afc1	HI_1_13_0	type3	i20 unit-actor-state	-16	1	137
4f77afc1	HI_1_13_0	type3	i20 unit-actor-state	-17	1	137
4f77afc1	HI_1_13_0	type3	i20 unit-actor-state	-23	1	137
4f77afc1	HI_1_13_0	type3	i20 unit-actor-state	-25	1	137
4f77afc1	HI_1_13_0	type3	i20 unit-actor-state	-28	1	137
4f77afc1	HI_1_13_0	type3	i20 unit-actor-state	1	1	137
4f77afc1	HI_1_13_0	type3	i20 unit-actor-state	15	4	137
4f77afc1	HI_1_13_0	type3	i20 unit-actor-state	19	1	137
4f77afc1	HI_1_13_0	type3	i20 unit-actor-state	29	1	137
4f77afc1	HI_1_13_0	type3	i20 unit-actor-state	30	4	137
4f77afc1	HI_1_13_0	type3	i20 unit-actor-state	9	2	137
4f77afc1	HI_1_13_0	type3	i21 unit-desired-aiming-vector	-16	1	137
4f77afc1	HI_1_13_0	type3	i21 unit-desired-aiming-vector	-18	1	137
4f77afc1	HI_1_13_0	type3	i21 unit-desired-aiming-vector	-23	1	137
4f77afc1	HI_1_13_0	type3	i21 unit-desired-aiming-vector	-25	1	137
4f77afc1	HI_1_13_0	type3	i21 unit-desired-aiming-vector	-28	1	137
4f77afc1	HI_1_13_0	type3	i21 unit-desired-aiming-vector	-30	1	137
4f77afc1	HI_1_13_0	type3	i21 unit-desired-aiming-vector	15	4	137
4f77afc1	HI_1_13_0	type3	i21 unit-desired-aiming-vector	19	1	137
4f77afc1	HI_1_13_0	type3	i21 unit-desired-aiming-vector	29	1	137
4f77afc1	HI_1_13_0	type3	i21 unit-desired-aiming-vector	30	4	137
4f77afc1	HI_1_13_0	type3	i21 unit-desired-aiming-vector	7	1	137
4f77afc1	HI_1_13_0	type3	i21 unit-desired-aiming-vector	9	2	137
4f77afc1	HI_1_13_0	type3	i22 unit-grenade-counts	-16	1	137
4f77afc1	HI_1_13_0	type3	i22 unit-grenade-counts	-18	1	137
4f77afc1	HI_1_13_0	type3	i22 unit-grenade-counts	-28	1	137
4f77afc1	HI_1_13_0	type3	i22 unit-grenade-counts	-30	1	137
4f77afc1	HI_1_13_0	type3	i22 unit-grenade-counts	29	1	137
4f77afc1	HI_1_13_0	type3	i22 unit-grenade-counts	7	1	137
4f77afc1	HI_1_13_0	type3	i22 unit-grenade-counts	9	1	137
4f77afc1	HI_1_13_0	type3	i23 unit-malleable-property	-10	1	137
4f77afc1	HI_1_13_0	type3	i23 unit-malleable-property	-16	1	137
4f77afc1	HI_1_13_0	type3	i23 unit-malleable-property	-30	1	137
4f77afc1	HI_1_13_0	type3	i23 unit-malleable-property	-5	1	137
4f77afc1	HI_1_13_0	type3	i23 unit-malleable-property	17	1	137
4f77afc1	HI_1_13_0	type3	i23 unit-malleable-property	27	1	137
4f77afc1	HI_1_13_0	type3	i23 unit-malleable-property	9	1	137
4f77afc1	HI_1_13_0	type3	i24 unit-low-frequency	-10	1	137
4f77afc1	HI_1_13_0	type3	i24 unit-low-frequency	-22	2	137
4f77afc1	HI_1_13_0	type3	i24 unit-low-frequency	-23	1	137
4f77afc1	HI_1_13_0	type3	i24 unit-low-frequency	-27	1	137
4f77afc1	HI_1_13_0	type3	i24 unit-low-frequency	-30	1	137
4f77afc1	HI_1_13_0	type3	i24 unit-low-frequency	17	1	137
4f77afc1	HI_1_13_0	type3	i24 unit-low-frequency	24	1	137
4f77afc1	HI_1_13_0	type3	i24 unit-low-frequency	25	2	137
4f77afc1	HI_1_13_0	type3	i24 unit-low-frequency	27	1	137
4f77afc1	HI_1_13_0	type3	i25 unit-command-tick	-18	1	137
4f77afc1	HI_1_13_0	type3	i25 unit-command-tick	-19	1	137
4f77afc1	HI_1_13_0	type3	i25 unit-command-tick	-20	1	137
4f77afc1	HI_1_13_0	type3	i25 unit-command-tick	-22	1	137
4f77afc1	HI_1_13_0	type3	i25 unit-command-tick	-23	1	137
4f77afc1	HI_1_13_0	type3	i25 unit-command-tick	-24	1	137
4f77afc1	HI_1_13_0	type3	i25 unit-command-tick	-25	1	137
4f77afc1	HI_1_13_0	type3	i25 unit-command-tick	-30	1	137
4f77afc1	HI_1_13_0	type3	i25 unit-command-tick	17	1	137
4f77afc1	HI_1_13_0	type3	i25 unit-command-tick	23	1	137
4f77afc1	HI_1_13_0	type3	i25 unit-command-tick	24	1	137
4f77afc1	HI_1_13_0	type3	i25 unit-command-tick	25	2	137
4f77afc1	HI_1_13_0	type3	i25 unit-command-tick	27	1	137
4f77afc1	HI_1_13_0	type3	i26 unit-equipment	-18	1	137
4f77afc1	HI_1_13_0	type3	i26 unit-equipment	-19	1	137
4f77afc1	HI_1_13_0	type3	i26 unit-equipment	-20	1	137
4f77afc1	HI_1_13_0	type3	i26 unit-equipment	-22	1	137
4f77afc1	HI_1_13_0	type3	i26 unit-equipment	-23	1	137
4f77afc1	HI_1_13_0	type3	i26 unit-equipment	-30	1	137
4f77afc1	HI_1_13_0	type3	i26 unit-equipment	-32	1	137
4f77afc1	HI_1_13_0	type3	i26 unit-equipment	23	1	137
4f77afc1	HI_1_13_0	type3	i26 unit-equipment	24	1	137
4f77afc1	HI_1_13_0	type3	i26 unit-equipment	25	2	137
4f77afc1	HI_1_13_0	type3	i27 unit-stun	-18	1	137
4f77afc1	HI_1_13_0	type3	i27 unit-stun	-19	1	137
4f77afc1	HI_1_13_0	type3	i27 unit-stun	-20	1	137
4f77afc1	HI_1_13_0	type3	i27 unit-stun	-22	1	137
4f77afc1	HI_1_13_0	type3	i27 unit-stun	-23	1	137
4f77afc1	HI_1_13_0	type3	i27 unit-stun	-30	1	137
4f77afc1	HI_1_13_0	type3	i27 unit-stun	-32	1	137
4f77afc1	HI_1_13_0	type3	i27 unit-stun	23	1	137
4f77afc1	HI_1_13_0	type3	i27 unit-stun	24	1	137
4f77afc1	HI_1_13_0	type3	i27 unit-stun	25	2	137
4f77afc1	HI_1_13_0	type3	i28 unit-active-camo-state	-30	1	137
4f77afc1	HI_1_13_0	type3	i28 unit-active-camo-state	23	1	137
4f77afc1	HI_1_13_0	type3	i28 unit-active-camo-state	24	1	137
4f77afc1	HI_1_13_0	type3	i28 unit-active-camo-state	25	2	137
4f77afc1	HI_1_13_0	type3	i29 unit-crouch	-30	1	137
4f77afc1	HI_1_13_0	type3	i29 unit-crouch	23	1	137
4f77afc1	HI_1_13_0	type3	i29 unit-crouch	24	1	137
4f77afc1	HI_1_13_0	type3	i29 unit-crouch	25	2	137
4f77afc1	HI_1_13_0	type3	i30 vehicle-auto-turret-triggers	-30	1	137
4f77afc1	HI_1_13_0	type3	i30 vehicle-auto-turret-triggers	23	1	137
4f77afc1	HI_1_13_0	type3	i30 vehicle-auto-turret-triggers	24	1	137
4f77afc1	HI_1_13_0	type3	i30 vehicle-auto-turret-triggers	25	2	137
4f77afc1	HI_1_13_0	type3	i31 vehicle-auto-turret-aiming-vector	-30	1	137
4f77afc1	HI_1_13_0	type3	i31 vehicle-auto-turret-aiming-vector	23	1	137
4f77afc1	HI_1_13_0	type3	i31 vehicle-auto-turret-aiming-vector	24	1	137
4f77afc1	HI_1_13_0	type3	i31 vehicle-auto-turret-aiming-vector	25	2	137
4f77afc1	HI_1_13_0	type3	i32 vehicle-transformed-or-desired-open-state-changed	-30	1	137
4f77afc1	HI_1_13_0	type3	i32 vehicle-transformed-or-desired-open-state-changed	23	1	137
4f77afc1	HI_1_13_0	type3	i32 vehicle-transformed-or-desired-open-state-changed	24	1	137
4f77afc1	HI_1_13_0	type3	i32 vehicle-transformed-or-desired-open-state-changed	25	2	137
4f77afc1	HI_1_13_0	type3	i33 vehicle-type-state	-30	1	137
4f77afc1	HI_1_13_0	type3	i33 vehicle-type-state	23	1	137
4f77afc1	HI_1_13_0	type3	i33 vehicle-type-state	24	1	137
4f77afc1	HI_1_13_0	type3	i33 vehicle-type-state	25	2	137
4f77afc1	HI_1_13_0	type3	i34 vehicle-type-physics	-30	1	137
4f77afc1	HI_1_13_0	type3	i34 vehicle-type-physics	23	1	137
4f77afc1	HI_1_13_0	type3	i34 vehicle-type-physics	24	1	137
4f77afc1	HI_1_13_0	type3	i34 vehicle-type-physics	25	2	137
4f77afc1	HI_1_13_0	type3	i35 vehicle-auto-turret-target	-30	1	137
4f77afc1	HI_1_13_0	type3	i36 vehicle-sentry-state	-30	1	137
4f77afc1	HI_1_13_0	type3	i37 vehicle-emp-timer	-30	1	137
4f77afc1	HI_1_13_0	type3	i38 vehicle-weapon-set	-28	1	137
4f77afc1	HI_1_13_0	type3	i39 vehicle-auto-turret	-28	1	137
4f77afc1	HI_1_13_0	type3	i40 vehicle-equipment-turret-parent	-28	1	137
4f77afc1	HI_1_13_0	type3	i40 vehicle-equipment-turret-parent	19	1	137
4f77afc1	HI_1_13_0	type3	i40 vehicle-equipment-turret-parent	20	1	137
4f77afc1	HI_1_13_0	type3	i40 vehicle-equipment-turret-parent	22	1	137
4f77afc1	HI_1_13_0	type3	i40 vehicle-equipment-turret-parent	28	5	137
4f77afc1	HI_1_13_0	type3	i41 vehicle-seats-override-pitch	-28	1	137
4f77afc1	HI_1_13_0	type3	i41 vehicle-seats-override-pitch	19	1	137
4f77afc1	HI_1_13_0	type3	i41 vehicle-seats-override-pitch	20	1	137
4f77afc1	HI_1_13_0	type3	i41 vehicle-seats-override-pitch	22	1	137
4f77afc1	HI_1_13_0	type3	i41 vehicle-seats-override-pitch	28	5	137
4f77afc1	HI_1_13_0	type3	i42 vehicle-seats-override-yaw	-28	1	137
4f77afc1	HI_1_13_0	type3	i42 vehicle-seats-override-yaw	19	1	137
4f77afc1	HI_1_13_0	type3	i42 vehicle-seats-override-yaw	20	1	137
4f77afc1	HI_1_13_0	type3	i42 vehicle-seats-override-yaw	22	1	137
4f77afc1	HI_1_13_0	type3	i42 vehicle-seats-override-yaw	28	5	137
4f77afc1	HI_1_13_0	type3	i43 simulation-state	-20	1	137
4f77afc1	HI_1_13_0	type3	i43 simulation-state	-5	4	137
4f77afc1	HI_1_13_0	type3	i46 warp	27	1	137
4f77afc1	HI_1_13_0	type3	i46 warp	32	1	137
4f77afc1	HI_1_13_0	type3	i47 vehicle-low-frequency	32	1	137
4f77afc1	HI_1_13_0	type5	etat-par-defaut	-1	1	432
4f77afc1	HI_1_13_0	type5	etat-par-defaut	-10	9	432
4f77afc1	HI_1_13_0	type5	etat-par-defaut	-12	52	432
4f77afc1	HI_1_13_0	type5	etat-par-defaut	-15	19	432
4f77afc1	HI_1_13_0	type5	etat-par-defaut	-16	11	432
4f77afc1	HI_1_13_0	type5	etat-par-defaut	-17	2	432
4f77afc1	HI_1_13_0	type5	etat-par-defaut	-19	14	432
4f77afc1	HI_1_13_0	type5	etat-par-defaut	-2	3	432
4f77afc1	HI_1_13_0	type5	etat-par-defaut	-20	61	432
4f77afc1	HI_1_13_0	type5	etat-par-defaut	-21	40	432
4f77afc1	HI_1_13_0	type5	etat-par-defaut	-22	28	432
4f77afc1	HI_1_13_0	type5	etat-par-defaut	-23	35	432
4f77afc1	HI_1_13_0	type5	etat-par-defaut	-24	269	432
4f77afc1	HI_1_13_0	type5	etat-par-defaut	-25	82	432
4f77afc1	HI_1_13_0	type5	etat-par-defaut	-26	14	432
4f77afc1	HI_1_13_0	type5	etat-par-defaut	-28	9	432
4f77afc1	HI_1_13_0	type5	etat-par-defaut	-29	28	432
4f77afc1	HI_1_13_0	type5	etat-par-defaut	-30	43	432
4f77afc1	HI_1_13_0	type5	etat-par-defaut	-31	12	432
4f77afc1	HI_1_13_0	type5	etat-par-defaut	-32	11	432
4f77afc1	HI_1_13_0	type5	etat-par-defaut	-6	42	432
4f77afc1	HI_1_13_0	type5	etat-par-defaut	-7	16	432
4f77afc1	HI_1_13_0	type5	etat-par-defaut	10	34	432
4f77afc1	HI_1_13_0	type5	etat-par-defaut	12	2	432
4f77afc1	HI_1_13_0	type5	etat-par-defaut	14	5	432
4f77afc1	HI_1_13_0	type5	etat-par-defaut	15	4	432
4f77afc1	HI_1_13_0	type5	etat-par-defaut	16	52	432
4f77afc1	HI_1_13_0	type5	etat-par-defaut	22	71	432
4f77afc1	HI_1_13_0	type5	etat-par-defaut	23	16	432
4f77afc1	HI_1_13_0	type5	etat-par-defaut	24	40	432
4f77afc1	HI_1_13_0	type5	etat-par-defaut	25	48	432
4f77afc1	HI_1_13_0	type5	etat-par-defaut	26	14	432
4f77afc1	HI_1_13_0	type5	etat-par-defaut	28	26	432
4f77afc1	HI_1_13_0	type5	etat-par-defaut	31	10	432
4f77afc1	HI_1_13_0	type5	etat-par-defaut	32	54	432
4f77afc1	HI_1_13_0	type5	etat-par-defaut	4	27	432
4f77afc1	HI_1_13_0	type5	etat-par-defaut	6	1	432
4f77afc1	HI_1_13_0	type5	etat-par-defaut	8	10	432
4f77afc1	HI_1_13_0	type5	i00 object-position-dynamic-precision	-10	9	432
4f77afc1	HI_1_13_0	type5	i00 object-position-dynamic-precision	-11	3	432
4f77afc1	HI_1_13_0	type5	i00 object-position-dynamic-precision	-13	8	432
4f77afc1	HI_1_13_0	type5	i00 object-position-dynamic-precision	-14	2	432
4f77afc1	HI_1_13_0	type5	i00 object-position-dynamic-precision	-16	2	432
4f77afc1	HI_1_13_0	type5	i00 object-position-dynamic-precision	-18	41	432
4f77afc1	HI_1_13_0	type5	i00 object-position-dynamic-precision	-19	14	432
4f77afc1	HI_1_13_0	type5	i00 object-position-dynamic-precision	-2	3	432
4f77afc1	HI_1_13_0	type5	i00 object-position-dynamic-precision	-20	62	432
4f77afc1	HI_1_13_0	type5	i00 object-position-dynamic-precision	-21	61	432
4f77afc1	HI_1_13_0	type5	i00 object-position-dynamic-precision	-23	269	432
4f77afc1	HI_1_13_0	type5	i00 object-position-dynamic-precision	-24	53	432
4f77afc1	HI_1_13_0	type5	i00 object-position-dynamic-precision	-25	14	432
4f77afc1	HI_1_13_0	type5	i00 object-position-dynamic-precision	-28	1	432
4f77afc1	HI_1_13_0	type5	i00 object-position-dynamic-precision	-29	28	432
4f77afc1	HI_1_13_0	type5	i00 object-position-dynamic-precision	-30	1	432
4f77afc1	HI_1_13_0	type5	i00 object-position-dynamic-precision	-31	11	432
4f77afc1	HI_1_13_0	type5	i00 object-position-dynamic-precision	-32	11	432
4f77afc1	HI_1_13_0	type5	i00 object-position-dynamic-precision	-4	7	432
4f77afc1	HI_1_13_0	type5	i00 object-position-dynamic-precision	-5	30	432
4f77afc1	HI_1_13_0	type5	i00 object-position-dynamic-precision	-7	16	432
4f77afc1	HI_1_13_0	type5	i00 object-position-dynamic-precision	12	103	432
4f77afc1	HI_1_13_0	type5	i00 object-position-dynamic-precision	13	2	432
4f77afc1	HI_1_13_0	type5	i00 object-position-dynamic-precision	14	14	432
4f77afc1	HI_1_13_0	type5	i00 object-position-dynamic-precision	15	49	432
4f77afc1	HI_1_13_0	type5	i00 object-position-dynamic-precision	18	3	432
4f77afc1	HI_1_13_0	type5	i00 object-position-dynamic-precision	19	9	432
4f77afc1	HI_1_13_0	type5	i00 object-position-dynamic-precision	20	76	432
4f77afc1	HI_1_13_0	type5	i00 object-position-dynamic-precision	22	71	432
4f77afc1	HI_1_13_0	type5	i00 object-position-dynamic-precision	23	16	432
4f77afc1	HI_1_13_0	type5	i00 object-position-dynamic-precision	24	80	432
4f77afc1	HI_1_13_0	type5	i00 object-position-dynamic-precision	26	1	432
4f77afc1	HI_1_13_0	type5	i00 object-position-dynamic-precision	27	2	432
4f77afc1	HI_1_13_0	type5	i00 object-position-dynamic-precision	28	34	432
4f77afc1	HI_1_13_0	type5	i00 object-position-dynamic-precision	29	26	432
4f77afc1	HI_1_13_0	type5	i00 object-position-dynamic-precision	32	45	432
4f77afc1	HI_1_13_0	type5	i00 object-position-dynamic-precision	4	26	432
4f77afc1	HI_1_13_0	type5	i00 object-position-dynamic-precision	6	1	432
4f77afc1	HI_1_13_0	type5	i00 object-position-dynamic-precision	7	1	432
4f77afc1	HI_1_13_0	type5	i00 object-position-dynamic-precision	8	10	432
4f77afc1	HI_1_13_0	type5	i01 object-translational-velocity-dynamic-precision	-1	70	432
4f77afc1	HI_1_13_0	type5	i01 object-translational-velocity-dynamic-precision	-10	9	432
4f77afc1	HI_1_13_0	type5	i01 object-translational-velocity-dynamic-precision	-11	3	432
4f77afc1	HI_1_13_0	type5	i01 object-translational-velocity-dynamic-precision	-12	38	432
4f77afc1	HI_1_13_0	type5	i01 object-translational-velocity-dynamic-precision	-13	13	432
4f77afc1	HI_1_13_0	type5	i01 object-translational-velocity-dynamic-precision	-15	2	432
4f77afc1	HI_1_13_0	type5	i01 object-translational-velocity-dynamic-precision	-18	13	432
4f77afc1	HI_1_13_0	type5	i01 object-translational-velocity-dynamic-precision	-2	2	432
4f77afc1	HI_1_13_0	type5	i01 object-translational-velocity-dynamic-precision	-20	10	432
4f77afc1	HI_1_13_0	type5	i01 object-translational-velocity-dynamic-precision	-21	10	432
4f77afc1	HI_1_13_0	type5	i01 object-translational-velocity-dynamic-precision	-23	96	432
4f77afc1	HI_1_13_0	type5	i01 object-translational-velocity-dynamic-precision	-25	14	432
4f77afc1	HI_1_13_0	type5	i01 object-translational-velocity-dynamic-precision	-29	22	432
4f77afc1	HI_1_13_0	type5	i01 object-translational-velocity-dynamic-precision	-3	1	432
4f77afc1	HI_1_13_0	type5	i01 object-translational-velocity-dynamic-precision	-30	14	432
4f77afc1	HI_1_13_0	type5	i01 object-translational-velocity-dynamic-precision	-5	70	432
4f77afc1	HI_1_13_0	type5	i01 object-translational-velocity-dynamic-precision	-6	38	432
4f77afc1	HI_1_13_0	type5	i01 object-translational-velocity-dynamic-precision	-7	22	432
4f77afc1	HI_1_13_0	type5	i01 object-translational-velocity-dynamic-precision	-8	1	432
4f77afc1	HI_1_13_0	type5	i01 object-translational-velocity-dynamic-precision	-9	34	432
4f77afc1	HI_1_13_0	type5	i01 object-translational-velocity-dynamic-precision	10	39	432
4f77afc1	HI_1_13_0	type5	i01 object-translational-velocity-dynamic-precision	11	1	432
4f77afc1	HI_1_13_0	type5	i01 object-translational-velocity-dynamic-precision	14	14	432
4f77afc1	HI_1_13_0	type5	i01 object-translational-velocity-dynamic-precision	15	78	432
4f77afc1	HI_1_13_0	type5	i01 object-translational-velocity-dynamic-precision	16	29	432
4f77afc1	HI_1_13_0	type5	i01 object-translational-velocity-dynamic-precision	17	3	432
4f77afc1	HI_1_13_0	type5	i01 object-translational-velocity-dynamic-precision	21	82	432
4f77afc1	HI_1_13_0	type5	i01 object-translational-velocity-dynamic-precision	22	136	432
4f77afc1	HI_1_13_0	type5	i01 object-translational-velocity-dynamic-precision	23	11	432
4f77afc1	HI_1_13_0	type5	i01 object-translational-velocity-dynamic-precision	24	47	432
4f77afc1	HI_1_13_0	type5	i01 object-translational-velocity-dynamic-precision	25	33	432
4f77afc1	HI_1_13_0	type5	i01 object-translational-velocity-dynamic-precision	27	34	432
4f77afc1	HI_1_13_0	type5	i01 object-translational-velocity-dynamic-precision	28	48	432
4f77afc1	HI_1_13_0	type5	i01 object-translational-velocity-dynamic-precision	29	70	432
4f77afc1	HI_1_13_0	type5	i01 object-translational-velocity-dynamic-precision	3	40	432
4f77afc1	HI_1_13_0	type5	i01 object-translational-velocity-dynamic-precision	30	4	432
4f77afc1	HI_1_13_0	type5	i01 object-translational-velocity-dynamic-precision	31	2	432
4f77afc1	HI_1_13_0	type5	i01 object-translational-velocity-dynamic-precision	32	45	432
4f77afc1	HI_1_13_0	type5	i01 object-translational-velocity-dynamic-precision	4	26	432
4f77afc1	HI_1_13_0	type5	i01 object-translational-velocity-dynamic-precision	7	38	432
4f77afc1	HI_1_13_0	type5	i02 object-forward-and-up-dynamic-precision	-1	32	432
4f77afc1	HI_1_13_0	type5	i02 object-forward-and-up-dynamic-precision	-10	19	432
4f77afc1	HI_1_13_0	type5	i02 object-forward-and-up-dynamic-precision	-11	6	432
4f77afc1	HI_1_13_0	type5	i02 object-forward-and-up-dynamic-precision	-12	38	432
4f77afc1	HI_1_13_0	type5	i02 object-forward-and-up-dynamic-precision	-13	14	432
4f77afc1	HI_1_13_0	type5	i02 object-forward-and-up-dynamic-precision	-18	11	432
4f77afc1	HI_1_13_0	type5	i02 object-forward-and-up-dynamic-precision	-19	38	432
4f77afc1	HI_1_13_0	type5	i02 object-forward-and-up-dynamic-precision	-20	11	432
4f77afc1	HI_1_13_0	type5	i02 object-forward-and-up-dynamic-precision	-27	14	432
4f77afc1	HI_1_13_0	type5	i02 object-forward-and-up-dynamic-precision	-3	34	432
4f77afc1	HI_1_13_0	type5	i02 object-forward-and-up-dynamic-precision	-30	1	432
4f77afc1	HI_1_13_0	type5	i02 object-forward-and-up-dynamic-precision	-31	8	432
4f77afc1	HI_1_13_0	type5	i02 object-forward-and-up-dynamic-precision	-32	13	432
4f77afc1	HI_1_13_0	type5	i02 object-forward-and-up-dynamic-precision	-5	10	432
4f77afc1	HI_1_13_0	type5	i02 object-forward-and-up-dynamic-precision	-7	10	432
4f77afc1	HI_1_13_0	type5	i02 object-forward-and-up-dynamic-precision	-9	1	432
4f77afc1	HI_1_13_0	type5	i02 object-forward-and-up-dynamic-precision	10	6	432
4f77afc1	HI_1_13_0	type5	i02 object-forward-and-up-dynamic-precision	14	14	432
4f77afc1	HI_1_13_0	type5	i02 object-forward-and-up-dynamic-precision	15	73	432
4f77afc1	HI_1_13_0	type5	i02 object-forward-and-up-dynamic-precision	16	6	432
4f77afc1	HI_1_13_0	type5	i02 object-forward-and-up-dynamic-precision	2	50	432
4f77afc1	HI_1_13_0	type5	i02 object-forward-and-up-dynamic-precision	20	8	432
4f77afc1	HI_1_13_0	type5	i02 object-forward-and-up-dynamic-precision	21	11	432
4f77afc1	HI_1_13_0	type5	i02 object-forward-and-up-dynamic-precision	23	16	432
4f77afc1	HI_1_13_0	type5	i02 object-forward-and-up-dynamic-precision	24	7	432
4f77afc1	HI_1_13_0	type5	i02 object-forward-and-up-dynamic-precision	25	38	432
4f77afc1	HI_1_13_0	type5	i02 object-forward-and-up-dynamic-precision	27	33	432
4f77afc1	HI_1_13_0	type5	i02 object-forward-and-up-dynamic-precision	28	7	432
4f77afc1	HI_1_13_0	type5	i02 object-forward-and-up-dynamic-precision	29	59	432
4f77afc1	HI_1_13_0	type5	i02 object-forward-and-up-dynamic-precision	30	6	432
4f77afc1	HI_1_13_0	type5	i02 object-forward-and-up-dynamic-precision	32	5	432
4f77afc1	HI_1_13_0	type5	i02 object-forward-and-up-dynamic-precision	4	26	432
4f77afc1	HI_1_13_0	type5	i03 object-angular-velocity-dynamic-precision	-1	32	432
4f77afc1	HI_1_13_0	type5	i03 object-angular-velocity-dynamic-precision	-10	19	432
4f77afc1	HI_1_13_0	type5	i03 object-angular-velocity-dynamic-precision	-11	6	432
4f77afc1	HI_1_13_0	type5	i03 object-angular-velocity-dynamic-precision	-13	14	432
4f77afc1	HI_1_13_0	type5	i03 object-angular-velocity-dynamic-precision	-18	11	432
4f77afc1	HI_1_13_0	type5	i03 object-angular-velocity-dynamic-precision	-19	38	432
4f77afc1	HI_1_13_0	type5	i03 object-angular-velocity-dynamic-precision	-20	11	432
4f77afc1	HI_1_13_0	type5	i03 object-angular-velocity-dynamic-precision	-21	1	432
4f77afc1	HI_1_13_0	type5	i03 object-angular-velocity-dynamic-precision	-22	23	432
4f77afc1	HI_1_13_0	type5	i03 object-angular-velocity-dynamic-precision	-23	2	432
4f77afc1	HI_1_13_0	type5	i03 object-angular-velocity-dynamic-precision	-25	50	432
4f77afc1	HI_1_13_0	type5	i03 object-angular-velocity-dynamic-precision	-27	14	432
4f77afc1	HI_1_13_0	type5	i03 object-angular-velocity-dynamic-precision	-3	34	432
4f77afc1	HI_1_13_0	type5	i03 object-angular-velocity-dynamic-precision	-30	2	432
4f77afc1	HI_1_13_0	type5	i03 object-angular-velocity-dynamic-precision	-31	8	432
4f77afc1	HI_1_13_0	type5	i03 object-angular-velocity-dynamic-precision	-32	11	432
4f77afc1	HI_1_13_0	type5	i03 object-angular-velocity-dynamic-precision	-5	10	432
4f77afc1	HI_1_13_0	type5	i03 object-angular-velocity-dynamic-precision	-7	10	432
4f77afc1	HI_1_13_0	type5	i03 object-angular-velocity-dynamic-precision	-9	1	432
4f77afc1	HI_1_13_0	type5	i03 object-angular-velocity-dynamic-precision	13	2	432
4f77afc1	HI_1_13_0	type5	i03 object-angular-velocity-dynamic-precision	15	40	432
4f77afc1	HI_1_13_0	type5	i03 object-angular-velocity-dynamic-precision	16	12	432
4f77afc1	HI_1_13_0	type5	i03 object-angular-velocity-dynamic-precision	18	13	432
4f77afc1	HI_1_13_0	type5	i03 object-angular-velocity-dynamic-precision	2	59	432
4f77afc1	HI_1_13_0	type5	i03 object-angular-velocity-dynamic-precision	20	8	432
4f77afc1	HI_1_13_0	type5	i03 object-angular-velocity-dynamic-precision	23	5	432
4f77afc1	HI_1_13_0	type5	i03 object-angular-velocity-dynamic-precision	24	7	432
4f77afc1	HI_1_13_0	type5	i03 object-angular-velocity-dynamic-precision	25	38	432
4f77afc1	HI_1_13_0	type5	i03 object-angular-velocity-dynamic-precision	27	33	432
4f77afc1	HI_1_13_0	type5	i03 object-angular-velocity-dynamic-precision	28	1	432
4f77afc1	HI_1_13_0	type5	i03 object-angular-velocity-dynamic-precision	29	40	432
4f77afc1	HI_1_13_0	type5	i03 object-angular-velocity-dynamic-precision	3	7	432
4f77afc1	HI_1_13_0	type5	i03 object-angular-velocity-dynamic-precision	32	8	432
4f77afc1	HI_1_13_0	type5	i03 object-angular-velocity-dynamic-precision	4	26	432
4f77afc1	HI_1_13_0	type5	i03 object-angular-velocity-dynamic-precision	5	5	432
4f77afc1	HI_1_13_0	type5	i04 object-body-vitality	-1	32	432
4f77afc1	HI_1_13_0	type5	i04 object-body-vitality	-10	19	432
4f77afc1	HI_1_13_0	type5	i04 object-body-vitality	-11	6	432
4f77afc1	HI_1_13_0	type5	i04 object-body-vitality	-13	14	432
4f77afc1	HI_1_13_0	type5	i04 object-body-vitality	-18	11	432
4f77afc1	HI_1_13_0	type5	i04 object-body-vitality	-19	38	432
4f77afc1	HI_1_13_0	type5	i04 object-body-vitality	-20	11	432
4f77afc1	HI_1_13_0	type5	i04 object-body-vitality	-21	1	432
4f77afc1	HI_1_13_0	type5	i04 object-body-vitality	-22	23	432
4f77afc1	HI_1_13_0	type5	i04 object-body-vitality	-23	2	432
4f77afc1	HI_1_13_0	type5	i04 object-body-vitality	-25	50	432
4f77afc1	HI_1_13_0	type5	i04 object-body-vitality	-27	14	432
4f77afc1	HI_1_13_0	type5	i04 object-body-vitality	-3	34	432
4f77afc1	HI_1_13_0	type5	i04 object-body-vitality	-30	2	432
4f77afc1	HI_1_13_0	type5	i04 object-body-vitality	-31	8	432
4f77afc1	HI_1_13_0	type5	i04 object-body-vitality	-32	11	432
4f77afc1	HI_1_13_0	type5	i04 object-body-vitality	-5	10	432
4f77afc1	HI_1_13_0	type5	i04 object-body-vitality	-7	10	432
4f77afc1	HI_1_13_0	type5	i04 object-body-vitality	-9	1	432
4f77afc1	HI_1_13_0	type5	i04 object-body-vitality	13	2	432
4f77afc1	HI_1_13_0	type5	i04 object-body-vitality	15	40	432
4f77afc1	HI_1_13_0	type5	i04 object-body-vitality	16	12	432
4f77afc1	HI_1_13_0	type5	i04 object-body-vitality	18	13	432
4f77afc1	HI_1_13_0	type5	i04 object-body-vitality	2	59	432
4f77afc1	HI_1_13_0	type5	i04 object-body-vitality	20	8	432
4f77afc1	HI_1_13_0	type5	i04 object-body-vitality	23	5	432
4f77afc1	HI_1_13_0	type5	i04 object-body-vitality	24	7	432
4f77afc1	HI_1_13_0	type5	i04 object-body-vitality	25	38	432
4f77afc1	HI_1_13_0	type5	i04 object-body-vitality	27	33	432
4f77afc1	HI_1_13_0	type5	i04 object-body-vitality	28	1	432
4f77afc1	HI_1_13_0	type5	i04 object-body-vitality	29	40	432
4f77afc1	HI_1_13_0	type5	i04 object-body-vitality	3	7	432
4f77afc1	HI_1_13_0	type5	i04 object-body-vitality	32	8	432
4f77afc1	HI_1_13_0	type5	i04 object-body-vitality	4	26	432
4f77afc1	HI_1_13_0	type5	i04 object-body-vitality	5	5	432
4f77afc1	HI_1_13_0	type5	i05 object-shield-vitality	-1	32	432
4f77afc1	HI_1_13_0	type5	i05 object-shield-vitality	-10	19	432
4f77afc1	HI_1_13_0	type5	i05 object-shield-vitality	-11	10	432
4f77afc1	HI_1_13_0	type5	i05 object-shield-vitality	-13	14	432
4f77afc1	HI_1_13_0	type5	i05 object-shield-vitality	-18	12	432
4f77afc1	HI_1_13_0	type5	i05 object-shield-vitality	-19	38	432
4f77afc1	HI_1_13_0	type5	i05 object-shield-vitality	-2	32	432
4f77afc1	HI_1_13_0	type5	i05 object-shield-vitality	-20	11	432
4f77afc1	HI_1_13_0	type5	i05 object-shield-vitality	-21	1	432
4f77afc1	HI_1_13_0	type5	i05 object-shield-vitality	-22	23	432
4f77afc1	HI_1_13_0	type5	i05 object-shield-vitality	-25	40	432
4f77afc1	HI_1_13_0	type5	i05 object-shield-vitality	-3	34	432
4f77afc1	HI_1_13_0	type5	i05 object-shield-vitality	-30	2	432
4f77afc1	HI_1_13_0	type5	i05 object-shield-vitality	-31	8	432
4f77afc1	HI_1_13_0	type5	i05 object-shield-vitality	-5	10	432
4f77afc1	HI_1_13_0	type5	i05 object-shield-vitality	-9	1	432
4f77afc1	HI_1_13_0	type5	i05 object-shield-vitality	11	1	432
4f77afc1	HI_1_13_0	type5	i05 object-shield-vitality	13	2	432
4f77afc1	HI_1_13_0	type5	i05 object-shield-vitality	16	12	432
4f77afc1	HI_1_13_0	type5	i05 object-shield-vitality	19	5	432
4f77afc1	HI_1_13_0	type5	i05 object-shield-vitality	2	59	432
4f77afc1	HI_1_13_0	type5	i05 object-shield-vitality	20	8	432
4f77afc1	HI_1_13_0	type5	i05 object-shield-vitality	24	7	432
4f77afc1	HI_1_13_0	type5	i05 object-shield-vitality	25	6	432
4f77afc1	HI_1_13_0	type5	i05 object-shield-vitality	27	33	432
4f77afc1	HI_1_13_0	type5	i05 object-shield-vitality	28	1	432
4f77afc1	HI_1_13_0	type5	i05 object-shield-vitality	29	40	432
4f77afc1	HI_1_13_0	type5	i05 object-shield-vitality	3	7	432
4f77afc1	HI_1_13_0	type5	i05 object-shield-vitality	32	21	432
4f77afc1	HI_1_13_0	type5	i05 object-shield-vitality	4	32	432
4f77afc1	HI_1_13_0	type5	i05 object-shield-vitality	7	1	432
4f77afc1	HI_1_13_0	type5	i05 object-shield-vitality	9	26	432
4f77afc1	HI_1_13_0	type5	i06 object-region-state	-15	12	432
4f77afc1	HI_1_13_0	type5	i06 object-region-state	-19	26	432
4f77afc1	HI_1_13_0	type5	i06 object-region-state	-22	13	432
4f77afc1	HI_1_13_0	type5	i06 object-region-state	-29	10	432
4f77afc1	HI_1_13_0	type5	i06 object-region-state	-3	1	432
4f77afc1	HI_1_13_0	type5	i06 object-region-state	-31	6	432
4f77afc1	HI_1_13_0	type5	i06 object-region-state	-5	10	432
4f77afc1	HI_1_13_0	type5	i06 object-region-state	-7	1	432
4f77afc1	HI_1_13_0	type5	i06 object-region-state	-8	26	432
4f77afc1	HI_1_13_0	type5	i06 object-region-state	12	7	432
4f77afc1	HI_1_13_0	type5	i06 object-region-state	14	26	432
4f77afc1	HI_1_13_0	type5	i06 object-region-state	16	6	432
4f77afc1	HI_1_13_0	type5	i06 object-region-state	18	27	432
4f77afc1	HI_1_13_0	type5	i06 object-region-state	2	19	432
4f77afc1	HI_1_13_0	type5	i06 object-region-state	20	7	432
4f77afc1	HI_1_13_0	type5	i06 object-region-state	22	6	432
4f77afc1	HI_1_13_0	type5	i06 object-region-state	3	6	432
4f77afc1	HI_1_13_0	type5	i06 object-region-state	31	26	432
4f77afc1	HI_1_13_0	type5	i06 object-region-state	4	6	432
4f77afc1	HI_1_13_0	type5	i06 object-region-state	6	26	432
4f77afc1	HI_1_13_0	type5	i07 object-damage-sections	-11	2	432
4f77afc1	HI_1_13_0	type5	i07 object-damage-sections	-13	66	432
4f77afc1	HI_1_13_0	type5	i07 object-damage-sections	-19	32	432
4f77afc1	HI_1_13_0	type5	i07 object-damage-sections	-21	66	432
4f77afc1	HI_1_13_0	type5	i07 object-damage-sections	-23	64	432
4f77afc1	HI_1_13_0	type5	i07 object-damage-sections	-25	20	432
4f77afc1	HI_1_13_0	type5	i07 object-damage-sections	-26	10	432
4f77afc1	HI_1_13_0	type5	i07 object-damage-sections	-3	1	432
4f77afc1	HI_1_13_0	type5	i07 object-damage-sections	-31	10	432
4f77afc1	HI_1_13_0	type5	i07 object-damage-sections	-5	11	432
4f77afc1	HI_1_13_0	type5	i07 object-damage-sections	-7	1	432
4f77afc1	HI_1_13_0	type5	i07 object-damage-sections	-8	27	432
4f77afc1	HI_1_13_0	type5	i07 object-damage-sections	1	2	432
4f77afc1	HI_1_13_0	type5	i07 object-damage-sections	13	26	432
4f77afc1	HI_1_13_0	type5	i07 object-damage-sections	15	10	432
4f77afc1	HI_1_13_0	type5	i07 object-damage-sections	19	20	432
4f77afc1	HI_1_13_0	type5	i07 object-damage-sections	20	10	432
4f77afc1	HI_1_13_0	type5	i07 object-damage-sections	21	36	432
4f77afc1	HI_1_13_0	type5	i07 object-damage-sections	22	1	432
4f77afc1	HI_1_13_0	type5	i07 object-damage-sections	23	20	432
4f77afc1	HI_1_13_0	type5	i07 object-damage-sections	27	26	432
4f77afc1	HI_1_13_0	type5	i07 object-damage-sections	28	11	432
4f77afc1	HI_1_13_0	type5	i07 object-damage-sections	3	14	432
4f77afc1	HI_1_13_0	type5	i07 object-damage-sections	30	1	432
4f77afc1	HI_1_13_0	type5	i07 object-damage-sections	32	2	432
4f77afc1	HI_1_13_0	type5	i07 object-damage-sections	5	33	432
4f77afc1	HI_1_13_0	type5	i07 object-damage-sections	6	1	432
4f77afc1	HI_1_13_0	type5	i07 object-damage-sections	8	1	432
4f77afc1	HI_1_13_0	type5	i07 object-damage-sections	9	14	432
4f77afc1	HI_1_13_0	type5	i08 object-constraint	-1	1	432
4f77afc1	HI_1_13_0	type5	i08 object-constraint	-11	4	432
4f77afc1	HI_1_13_0	type5	i08 object-constraint	-13	14	432
4f77afc1	HI_1_13_0	type5	i08 object-constraint	-17	1	432
4f77afc1	HI_1_13_0	type5	i08 object-constraint	-18	1	432
4f77afc1	HI_1_13_0	type5	i08 object-constraint	-19	6	432
4f77afc1	HI_1_13_0	type5	i08 object-constraint	-2	1	432
4f77afc1	HI_1_13_0	type5	i08 object-constraint	-20	7	432
4f77afc1	HI_1_13_0	type5	i08 object-constraint	-21	10	432
4f77afc1	HI_1_13_0	type5	i08 object-constraint	-25	1	432
4f77afc1	HI_1_13_0	type5	i08 object-constraint	-27	6	432
4f77afc1	HI_1_13_0	type5	i08 object-constraint	-28	7	432
4f77afc1	HI_1_13_0	type5	i08 object-constraint	-29	28	432
4f77afc1	HI_1_13_0	type5	i08 object-constraint	-3	34	432
4f77afc1	HI_1_13_0	type5	i08 object-constraint	-5	21	432
4f77afc1	HI_1_13_0	type5	i08 object-constraint	-9	3	432
4f77afc1	HI_1_13_0	type5	i08 object-constraint	10	19	432
4f77afc1	HI_1_13_0	type5	i08 object-constraint	11	26	432
4f77afc1	HI_1_13_0	type5	i08 object-constraint	12	1	432
4f77afc1	HI_1_13_0	type5	i08 object-constraint	14	5	432
4f77afc1	HI_1_13_0	type5	i08 object-constraint	18	19	432
4f77afc1	HI_1_13_0	type5	i08 object-constraint	19	20	432
4f77afc1	HI_1_13_0	type5	i08 object-constraint	20	3	432
4f77afc1	HI_1_13_0	type5	i08 object-constraint	21	30	432
4f77afc1	HI_1_13_0	type5	i08 object-constraint	24	2	432
4f77afc1	HI_1_13_0	type5	i08 object-constraint	26	2	432
4f77afc1	HI_1_13_0	type5	i08 object-constraint	27	20	432
4f77afc1	HI_1_13_0	type5	i08 object-constraint	28	6	432
4f77afc1	HI_1_13_0	type5	i08 object-constraint	29	19	432
4f77afc1	HI_1_13_0	type5	i08 object-constraint	30	7	432
4f77afc1	HI_1_13_0	type5	i08 object-constraint	31	1	432
4f77afc1	HI_1_13_0	type5	i08 object-constraint	32	2	432
4f77afc1	HI_1_13_0	type5	i08 object-constraint	4	10	432
4f77afc1	HI_1_13_0	type5	i08 object-constraint	5	33	432
4f77afc1	HI_1_13_0	type5	i08 object-constraint	6	1	432
4f77afc1	HI_1_13_0	type5	i08 object-constraint	8	1	432
4f77afc1	HI_1_13_0	type5	i08 object-constraint	9	26	432
4f77afc1	HI_1_13_0	type5	i09 object-multiplayer-properties	-1	2	432
4f77afc1	HI_1_13_0	type5	i09 object-multiplayer-properties	-12	6	432
4f77afc1	HI_1_13_0	type5	i09 object-multiplayer-properties	-13	21	432
4f77afc1	HI_1_13_0	type5	i09 object-multiplayer-properties	-16	1	432
4f77afc1	HI_1_13_0	type5	i09 object-multiplayer-properties	-18	6	432
4f77afc1	HI_1_13_0	type5	i09 object-multiplayer-properties	-19	8	432
4f77afc1	HI_1_13_0	type5	i09 object-multiplayer-properties	-21	13	432
4f77afc1	HI_1_13_0	type5	i09 object-multiplayer-properties	-22	1	432
4f77afc1	HI_1_13_0	type5	i09 object-multiplayer-properties	-23	7	432
4f77afc1	HI_1_13_0	type5	i09 object-multiplayer-properties	-24	20	432
4f77afc1	HI_1_13_0	type5	i09 object-multiplayer-properties	-25	27	432
4f77afc1	HI_1_13_0	type5	i09 object-multiplayer-properties	-26	6	432
4f77afc1	HI_1_13_0	type5	i09 object-multiplayer-properties	-27	1	432
4f77afc1	HI_1_13_0	type5	i09 object-multiplayer-properties	-28	1	432
4f77afc1	HI_1_13_0	type5	i09 object-multiplayer-properties	-31	13	432
4f77afc1	HI_1_13_0	type5	i09 object-multiplayer-properties	-5	1	432
4f77afc1	HI_1_13_0	type5	i09 object-multiplayer-properties	-6	2	432
4f77afc1	HI_1_13_0	type5	i09 object-multiplayer-properties	-7	30	432
4f77afc1	HI_1_13_0	type5	i09 object-multiplayer-properties	-8	1	432
4f77afc1	HI_1_13_0	type5	i09 object-multiplayer-properties	10	10	432
4f77afc1	HI_1_13_0	type5	i09 object-multiplayer-properties	12	30	432
4f77afc1	HI_1_13_0	type5	i09 object-multiplayer-properties	16	30	432
4f77afc1	HI_1_13_0	type5	i09 object-multiplayer-properties	17	32	432
4f77afc1	HI_1_13_0	type5	i09 object-multiplayer-properties	21	26	432
4f77afc1	HI_1_13_0	type5	i09 object-multiplayer-properties	26	26	432
4f77afc1	HI_1_13_0	type5	i09 object-multiplayer-properties	28	7	432
4f77afc1	HI_1_13_0	type5	i09 object-multiplayer-properties	32	26	432
4f77afc1	HI_1_13_0	type5	i09 object-multiplayer-properties	4	2	432
4f77afc1	HI_1_13_0	type5	i09 object-multiplayer-properties	5	30	432
4f77afc1	HI_1_13_0	type5	i09 object-multiplayer-properties	7	1	432
4f77afc1	HI_1_13_0	type5	i09 object-multiplayer-properties	9	1	432
4f77afc1	HI_1_13_0	type5	i10 object-parent-state	-1	2	432
4f77afc1	HI_1_13_0	type5	i10 object-parent-state	-12	20	432
4f77afc1	HI_1_13_0	type5	i10 object-parent-state	-13	11	432
4f77afc1	HI_1_13_0	type5	i10 object-parent-state	-18	1	432
4f77afc1	HI_1_13_0	type5	i10 object-parent-state	-21	2	432
4f77afc1	HI_1_13_0	type5	i10 object-parent-state	-22	3	432
4f77afc1	HI_1_13_0	type5	i10 object-parent-state	-23	20	432
4f77afc1	HI_1_13_0	type5	i10 object-parent-state	-26	6	432
4f77afc1	HI_1_13_0	type5	i10 object-parent-state	-27	1	432
4f77afc1	HI_1_13_0	type5	i10 object-parent-state	-28	1	432
4f77afc1	HI_1_13_0	type5	i10 object-parent-state	-30	10	432
4f77afc1	HI_1_13_0	type5	i10 object-parent-state	-31	21	432
4f77afc1	HI_1_13_0	type5	i10 object-parent-state	-5	1	432
4f77afc1	HI_1_13_0	type5	i10 object-parent-state	-6	2	432
4f77afc1	HI_1_13_0	type5	i10 object-parent-state	-7	20	432
4f77afc1	HI_1_13_0	type5	i10 object-parent-state	-8	1	432
4f77afc1	HI_1_13_0	type5	i10 object-parent-state	1	1	432
4f77afc1	HI_1_13_0	type5	i10 object-parent-state	10	2	432
4f77afc1	HI_1_13_0	type5	i10 object-parent-state	11	2	432
4f77afc1	HI_1_13_0	type5	i10 object-parent-state	12	4	432
4f77afc1	HI_1_13_0	type5	i10 object-parent-state	15	2	432
4f77afc1	HI_1_13_0	type5	i10 object-parent-state	21	27	432
4f77afc1	HI_1_13_0	type5	i10 object-parent-state	26	26	432
4f77afc1	HI_1_13_0	type5	i10 object-parent-state	27	1	432
4f77afc1	HI_1_13_0	type5	i10 object-parent-state	28	7	432
4f77afc1	HI_1_13_0	type5	i10 object-parent-state	3	1	432
4f77afc1	HI_1_13_0	type5	i10 object-parent-state	32	7	432
4f77afc1	HI_1_13_0	type5	i10 object-parent-state	4	10	432
4f77afc1	HI_1_13_0	type5	i10 object-parent-state	5	1	432
4f77afc1	HI_1_13_0	type5	i11 object-dead-state	-1	9	432
4f77afc1	HI_1_13_0	type5	i11 object-dead-state	-10	36	432
4f77afc1	HI_1_13_0	type5	i11 object-dead-state	-11	6	432
4f77afc1	HI_1_13_0	type5	i11 object-dead-state	-12	7	432
4f77afc1	HI_1_13_0	type5	i11 object-dead-state	-14	6	432
4f77afc1	HI_1_13_0	type5	i11 object-dead-state	-15	6	432
4f77afc1	HI_1_13_0	type5	i11 object-dead-state	-19	1	432
4f77afc1	HI_1_13_0	type5	i11 object-dead-state	-2	21	432
4f77afc1	HI_1_13_0	type5	i11 object-dead-state	-20	12	432
4f77afc1	HI_1_13_0	type5	i11 object-dead-state	-21	2	432
4f77afc1	HI_1_13_0	type5	i11 object-dead-state	-22	1	432
4f77afc1	HI_1_13_0	type5	i11 object-dead-state	-25	3	432
4f77afc1	HI_1_13_0	type5	i11 object-dead-state	-26	28	432
4f77afc1	HI_1_13_0	type5	i11 object-dead-state	-28	4	432
4f77afc1	HI_1_13_0	type5	i11 object-dead-state	-29	2	432
4f77afc1	HI_1_13_0	type5	i11 object-dead-state	-3	10	432
4f77afc1	HI_1_13_0	type5	i11 object-dead-state	-31	14	432
4f77afc1	HI_1_13_0	type5	i11 object-dead-state	-4	2	432
4f77afc1	HI_1_13_0	type5	i11 object-dead-state	12	2	432
4f77afc1	HI_1_13_0	type5	i11 object-dead-state	13	1	432
4f77afc1	HI_1_13_0	type5	i11 object-dead-state	17	5	432
4f77afc1	HI_1_13_0	type5	i11 object-dead-state	18	21	432
4f77afc1	HI_1_13_0	type5	i11 object-dead-state	2	26	432
4f77afc1	HI_1_13_0	type5	i11 object-dead-state	20	21	432
4f77afc1	HI_1_13_0	type5	i11 object-dead-state	21	33	432
4f77afc1	HI_1_13_0	type5	i11 object-dead-state	22	27	432
4f77afc1	HI_1_13_0	type5	i11 object-dead-state	24	4	432
4f77afc1	HI_1_13_0	type5	i11 object-dead-state	28	2	432
4f77afc1	HI_1_13_0	type5	i11 object-dead-state	29	10	432
4f77afc1	HI_1_13_0	type5	i11 object-dead-state	31	12	432
4f77afc1	HI_1_13_0	type5	i11 object-dead-state	32	2	432
4f77afc1	HI_1_13_0	type5	i11 object-dead-state	4	2	432
4f77afc1	HI_1_13_0	type5	i11 object-dead-state	6	1	432
4f77afc1	HI_1_13_0	type5	i11 object-dead-state	7	7	432
4f77afc1	HI_1_13_0	type5	i12 object-scale	-1	9	432
4f77afc1	HI_1_13_0	type5	i12 object-scale	-10	11	432
4f77afc1	HI_1_13_0	type5	i12 object-scale	-11	19	432
4f77afc1	HI_1_13_0	type5	i12 object-scale	-12	8	432
4f77afc1	HI_1_13_0	type5	i12 object-scale	-13	6	432
4f77afc1	HI_1_13_0	type5	i12 object-scale	-14	6	432
4f77afc1	HI_1_13_0	type5	i12 object-scale	-15	6	432
4f77afc1	HI_1_13_0	type5	i12 object-scale	-18	20	432
4f77afc1	HI_1_13_0	type5	i12 object-scale	-19	1	432
4f77afc1	HI_1_13_0	type5	i12 object-scale	-2	1	432
4f77afc1	HI_1_13_0	type5	i12 object-scale	-20	14	432
4f77afc1	HI_1_13_0	type5	i12 object-scale	-21	2	432
4f77afc1	HI_1_13_0	type5	i12 object-scale	-22	3	432
4f77afc1	HI_1_13_0	type5	i12 object-scale	-25	3	432
4f77afc1	HI_1_13_0	type5	i12 object-scale	-26	28	432
4f77afc1	HI_1_13_0	type5	i12 object-scale	-27	6	432
4f77afc1	HI_1_13_0	type5	i12 object-scale	-28	3	432
4f77afc1	HI_1_13_0	type5	i12 object-scale	-29	3	432
4f77afc1	HI_1_13_0	type5	i12 object-scale	-3	1	432
4f77afc1	HI_1_13_0	type5	i12 object-scale	-31	20	432
4f77afc1	HI_1_13_0	type5	i12 object-scale	-4	2	432
4f77afc1	HI_1_13_0	type5	i12 object-scale	-9	7	432
4f77afc1	HI_1_13_0	type5	i12 object-scale	12	4	432
4f77afc1	HI_1_13_0	type5	i12 object-scale	15	1	432
4f77afc1	HI_1_13_0	type5	i12 object-scale	16	2	432
4f77afc1	HI_1_13_0	type5	i12 object-scale	17	33	432
4f77afc1	HI_1_13_0	type5	i12 object-scale	18	33	432
4f77afc1	HI_1_13_0	type5	i12 object-scale	19	7	432
4f77afc1	HI_1_13_0	type5	i12 object-scale	2	1	432
4f77afc1	HI_1_13_0	type5	i12 object-scale	20	21	432
4f77afc1	HI_1_13_0	type5	i12 object-scale	21	34	432
4f77afc1	HI_1_13_0	type5	i12 object-scale	22	27	432
4f77afc1	HI_1_13_0	type5	i12 object-scale	29	10	432
4f77afc1	HI_1_13_0	type5	i12 object-scale	31	20	432
4f77afc1	HI_1_13_0	type5	i12 object-scale	4	2	432
4f77afc1	HI_1_13_0	type5	i12 object-scale	8	4	432
4f77afc1	HI_1_13_0	type5	i13 object-maximum-vitalities	-1	2	432
4f77afc1	HI_1_13_0	type5	i13 object-maximum-vitalities	-10	10	432
4f77afc1	HI_1_13_0	type5	i13 object-maximum-vitalities	-11	19	432
4f77afc1	HI_1_13_0	type5	i13 object-maximum-vitalities	-12	15	432
4f77afc1	HI_1_13_0	type5	i13 object-maximum-vitalities	-13	6	432
4f77afc1	HI_1_13_0	type5	i13 object-maximum-vitalities	-14	7	432
4f77afc1	HI_1_13_0	type5	i13 object-maximum-vitalities	-15	6	432
4f77afc1	HI_1_13_0	type5	i13 object-maximum-vitalities	-18	20	432
4f77afc1	HI_1_13_0	type5	i13 object-maximum-vitalities	-19	2	432
4f77afc1	HI_1_13_0	type5	i13 object-maximum-vitalities	-2	10	432
4f77afc1	HI_1_13_0	type5	i13 object-maximum-vitalities	-23	1	432
4f77afc1	HI_1_13_0	type5	i13 object-maximum-vitalities	-26	47	432
4f77afc1	HI_1_13_0	type5	i13 object-maximum-vitalities	-27	6	432
4f77afc1	HI_1_13_0	type5	i13 object-maximum-vitalities	-28	6	432
4f77afc1	HI_1_13_0	type5	i13 object-maximum-vitalities	-29	1	432
4f77afc1	HI_1_13_0	type5	i13 object-maximum-vitalities	-4	2	432
4f77afc1	HI_1_13_0	type5	i13 object-maximum-vitalities	-7	2	432
4f77afc1	HI_1_13_0	type5	i13 object-maximum-vitalities	-8	5	432
4f77afc1	HI_1_13_0	type5	i13 object-maximum-vitalities	-9	43	432
4f77afc1	HI_1_13_0	type5	i13 object-maximum-vitalities	14	13	432
4f77afc1	HI_1_13_0	type5	i13 object-maximum-vitalities	20	2	432
4f77afc1	HI_1_13_0	type5	i13 object-maximum-vitalities	21	20	432
4f77afc1	HI_1_13_0	type5	i13 object-maximum-vitalities	22	1	432
4f77afc1	HI_1_13_0	type5	i13 object-maximum-vitalities	23	5	432
4f77afc1	HI_1_13_0	type5	i13 object-maximum-vitalities	27	3	432
4f77afc1	HI_1_13_0	type5	i13 object-maximum-vitalities	28	29	432
4f77afc1	HI_1_13_0	type5	i13 object-maximum-vitalities	29	13	432
4f77afc1	HI_1_13_0	type5	i13 object-maximum-vitalities	3	26	432
4f77afc1	HI_1_13_0	type5	i13 object-maximum-vitalities	30	30	432
4f77afc1	HI_1_13_0	type5	i13 object-maximum-vitalities	31	20	432
4f77afc1	HI_1_13_0	type5	i13 object-maximum-vitalities	32	6	432
4f77afc1	HI_1_13_0	type5	i13 object-maximum-vitalities	5	10	432
4f77afc1	HI_1_13_0	type5	i13 object-maximum-vitalities	6	14	432
4f77afc1	HI_1_13_0	type5	i13 object-maximum-vitalities	7	33	432
4f77afc1	HI_1_13_0	type5	i13 object-maximum-vitalities	9	47	432
4f77afc1	HI_1_13_0	type5	i14 object-dissolver	-1	1	432
4f77afc1	HI_1_13_0	type5	i14 object-dissolver	-10	10	432
4f77afc1	HI_1_13_0	type5	i14 object-dissolver	-11	25	432
4f77afc1	HI_1_13_0	type5	i14 object-dissolver	-12	14	432
4f77afc1	HI_1_13_0	type5	i14 object-dissolver	-13	12	432
4f77afc1	HI_1_13_0	type5	i14 object-dissolver	-14	8	432
4f77afc1	HI_1_13_0	type5	i14 object-dissolver	-15	6	432
4f77afc1	HI_1_13_0	type5	i14 object-dissolver	-17	6	432
4f77afc1	HI_1_13_0	type5	i14 object-dissolver	-18	14	432
4f77afc1	HI_1_13_0	type5	i14 object-dissolver	-19	1	432
4f77afc1	HI_1_13_0	type5	i14 object-dissolver	-2	11	432
4f77afc1	HI_1_13_0	type5	i14 object-dissolver	-23	1	432
4f77afc1	HI_1_13_0	type5	i14 object-dissolver	-26	41	432
4f77afc1	HI_1_13_0	type5	i14 object-dissolver	-27	6	432
4f77afc1	HI_1_13_0	type5	i14 object-dissolver	-28	6	432
4f77afc1	HI_1_13_0	type5	i14 object-dissolver	-29	1	432
4f77afc1	HI_1_13_0	type5	i14 object-dissolver	-31	6	432
4f77afc1	HI_1_13_0	type5	i14 object-dissolver	-4	1	432
4f77afc1	HI_1_13_0	type5	i14 object-dissolver	-7	2	432
4f77afc1	HI_1_13_0	type5	i14 object-dissolver	-8	11	432
4f77afc1	HI_1_13_0	type5	i14 object-dissolver	-9	43	432
4f77afc1	HI_1_13_0	type5	i14 object-dissolver	14	13	432
4f77afc1	HI_1_13_0	type5	i14 object-dissolver	2	6	432
4f77afc1	HI_1_13_0	type5	i14 object-dissolver	20	2	432
4f77afc1	HI_1_13_0	type5	i14 object-dissolver	21	14	432
4f77afc1	HI_1_13_0	type5	i14 object-dissolver	23	1	432
4f77afc1	HI_1_13_0	type5	i14 object-dissolver	27	3	432
4f77afc1	HI_1_13_0	type5	i14 object-dissolver	28	29	432
4f77afc1	HI_1_13_0	type5	i14 object-dissolver	29	13	432
4f77afc1	HI_1_13_0	type5	i14 object-dissolver	3	26	432
4f77afc1	HI_1_13_0	type5	i14 object-dissolver	30	30	432
4f77afc1	HI_1_13_0	type5	i14 object-dissolver	31	14	432
4f77afc1	HI_1_13_0	type5	i14 object-dissolver	32	6	432
4f77afc1	HI_1_13_0	type5	i14 object-dissolver	4	6	432
4f77afc1	HI_1_13_0	type5	i14 object-dissolver	5	10	432
4f77afc1	HI_1_13_0	type5	i14 object-dissolver	6	13	432
4f77afc1	HI_1_13_0	type5	i14 object-dissolver	7	35	432
4f77afc1	HI_1_13_0	type5	i14 object-dissolver	9	47	432
4f77afc1	HI_1_13_0	type5	i15 object-low-frequency	-1	1	432
4f77afc1	HI_1_13_0	type5	i15 object-low-frequency	-13	2	432
4f77afc1	HI_1_13_0	type5	i15 object-low-frequency	-18	1	432
4f77afc1	HI_1_13_0	type5	i15 object-low-frequency	-24	1	432
4f77afc1	HI_1_13_0	type5	i15 object-low-frequency	-29	1	432
4f77afc1	HI_1_13_0	type5	i15 object-low-frequency	-3	1	432
4f77afc1	HI_1_13_0	type5	i15 object-low-frequency	-7	1	432
4f77afc1	HI_1_13_0	type5	i15 object-low-frequency	-9	1	432
4f77afc1	HI_1_13_0	type5	i15 object-low-frequency	11	2	432
4f77afc1	HI_1_13_0	type5	i15 object-low-frequency	14	1	432
4f77afc1	HI_1_13_0	type5	i15 object-low-frequency	22	1	432
4f77afc1	HI_1_13_0	type5	i15 object-low-frequency	26	1	432
4f77afc1	HI_1_13_0	type5	i15 object-low-frequency	27	1	432
4f77afc1	HI_1_13_0	type5	i15 object-low-frequency	31	1	432
4f77afc1	HI_1_13_0	type5	i15 object-low-frequency	32	1	432
4f77afc1	HI_1_13_0	type5	i15 object-low-frequency	5	1	432
4f77afc1	HI_1_13_0	type5	i15 object-low-frequency	8	1	432
4f77afc1	HI_1_13_0	type5	i16 object-physics-flags	-1	1	432
4f77afc1	HI_1_13_0	type5	i16 object-physics-flags	-13	2	432
4f77afc1	HI_1_13_0	type5	i16 object-physics-flags	-18	1	432
4f77afc1	HI_1_13_0	type5	i16 object-physics-flags	-24	1	432
4f77afc1	HI_1_13_0	type5	i16 object-physics-flags	-29	1	432
4f77afc1	HI_1_13_0	type5	i16 object-physics-flags	-3	1	432
4f77afc1	HI_1_13_0	type5	i16 object-physics-flags	-7	1	432
4f77afc1	HI_1_13_0	type5	i16 object-physics-flags	-9	1	432
4f77afc1	HI_1_13_0	type5	i16 object-physics-flags	11	2	432
4f77afc1	HI_1_13_0	type5	i16 object-physics-flags	14	1	432
4f77afc1	HI_1_13_0	type5	i16 object-physics-flags	22	1	432
4f77afc1	HI_1_13_0	type5	i16 object-physics-flags	26	1	432
4f77afc1	HI_1_13_0	type5	i16 object-physics-flags	27	1	432
4f77afc1	HI_1_13_0	type5	i16 object-physics-flags	31	1	432
4f77afc1	HI_1_13_0	type5	i16 object-physics-flags	32	1	432
4f77afc1	HI_1_13_0	type5	i16 object-physics-flags	5	1	432
4f77afc1	HI_1_13_0	type5	i16 object-physics-flags	8	1	432
4f77afc1	HI_1_13_0	type5	i17 object-frame-configuration	-11	1	432
4f77afc1	HI_1_13_0	type5	i17 object-frame-configuration	-21	1	432
4f77afc1	HI_1_13_0	type5	i17 object-frame-configuration	-5	1	432
4f77afc1	HI_1_13_0	type5	i17 object-frame-configuration	11	1	432
4f77afc1	HI_1_13_0	type5	i17 object-frame-configuration	14	1	432
4f77afc1	HI_1_13_0	type5	i17 object-frame-configuration	19	1	432
4f77afc1	HI_1_13_0	type5	i17 object-frame-configuration	20	1	432
4f77afc1	HI_1_13_0	type5	i17 object-frame-configuration	21	1	432
4f77afc1	HI_1_13_0	type5	i17 object-frame-configuration	4	1	432
4f77afc1	HI_1_13_0	type5	i18 unit-control	-16	1	432
4f77afc1	HI_1_13_0	type5	i18 unit-control	-21	1	432
4f77afc1	HI_1_13_0	type5	i18 unit-control	-5	1	432
4f77afc1	HI_1_13_0	type5	i18 unit-control	11	1	432
4f77afc1	HI_1_13_0	type5	i18 unit-control	19	1	432
4f77afc1	HI_1_13_0	type5	i18 unit-control	20	1	432
4f77afc1	HI_1_13_0	type5	i18 unit-control	21	1	432
4f77afc1	HI_1_13_0	type5	i18 unit-control	4	1	432
4f77afc1	HI_1_13_0	type5	i19 unit-actor-control	-13	1	432
4f77afc1	HI_1_13_0	type5	i19 unit-actor-control	-18	1	432
4f77afc1	HI_1_13_0	type5	i19 unit-actor-control	-6	1	432
4f77afc1	HI_1_13_0	type5	i19 unit-actor-control	11	1	432
4f77afc1	HI_1_13_0	type5	i19 unit-actor-control	19	1	432
4f77afc1	HI_1_13_0	type5	i19 unit-actor-control	20	1	432
4f77afc1	HI_1_13_0	type5	i19 unit-actor-control	21	1	432
4f77afc1	HI_1_13_0	type5	i20 unit-actor-state	-13	1	432
4f77afc1	HI_1_13_0	type5	i20 unit-actor-state	-18	1	432
4f77afc1	HI_1_13_0	type5	i20 unit-actor-state	-6	1	432
4f77afc1	HI_1_13_0	type5	i20 unit-actor-state	11	1	432
4f77afc1	HI_1_13_0	type5	i20 unit-actor-state	19	1	432
4f77afc1	HI_1_13_0	type5	i20 unit-actor-state	20	1	432
4f77afc1	HI_1_13_0	type5	i20 unit-actor-state	21	1	432
4f77afc1	HI_1_13_0	type5	i21 unit-desired-aiming-vector	-13	1	432
4f77afc1	HI_1_13_0	type5	i21 unit-desired-aiming-vector	-18	1	432
4f77afc1	HI_1_13_0	type5	i21 unit-desired-aiming-vector	-6	1	432
4f77afc1	HI_1_13_0	type5	i21 unit-desired-aiming-vector	19	1	432
4f77afc1	HI_1_13_0	type5	i21 unit-desired-aiming-vector	20	1	432
4f77afc1	HI_1_13_0	type5	i21 unit-desired-aiming-vector	21	1	432
4f77afc1	HI_1_13_0	type5	i22 unit-grenade-counts	-18	1	432
4f77afc1	HI_1_13_0	type5	i22 unit-grenade-counts	-6	1	432
4f77afc1	HI_1_13_0	type5	i22 unit-grenade-counts	19	1	432
4f77afc1	HI_1_13_0	type5	i22 unit-grenade-counts	20	1	432
4f77afc1	HI_1_13_0	type5	i22 unit-grenade-counts	21	1	432
4f77afc1	HI_1_13_0	type5	i23 unit-malleable-property	-6	1	432
4f77afc1	HI_1_13_0	type5	i23 unit-malleable-property	19	1	432
4f77afc1	HI_1_13_0	type5	i23 unit-malleable-property	20	1	432
4f77afc1	HI_1_13_0	type5	i23 unit-malleable-property	21	1	432
4f77afc1	HI_1_13_0	type5	i24 unit-low-frequency	-6	1	432
4f77afc1	HI_1_13_0	type5	i24 unit-low-frequency	19	1	432
4f77afc1	HI_1_13_0	type5	i24 unit-low-frequency	2	1	432
4f77afc1	HI_1_13_0	type5	i24 unit-low-frequency	20	1	432
4f77afc1	HI_1_13_0	type5	i24 unit-low-frequency	21	1	432
4f77afc1	HI_1_13_0	type5	i24 unit-low-frequency	22	1	432
4f77afc1	HI_1_13_0	type5	i25 unit-command-tick	-14	1	432
4f77afc1	HI_1_13_0	type5	i25 unit-command-tick	-6	1	432
4f77afc1	HI_1_13_0	type5	i25 unit-command-tick	-8	1	432
4f77afc1	HI_1_13_0	type5	i25 unit-command-tick	12	1	432
4f77afc1	HI_1_13_0	type5	i25 unit-command-tick	13	1	432
4f77afc1	HI_1_13_0	type5	i25 unit-command-tick	14	1	432
4f77afc1	HI_1_13_0	type5	i25 unit-command-tick	18	1	432
4f77afc1	HI_1_13_0	type5	i25 unit-command-tick	19	1	432
4f77afc1	HI_1_13_0	type5	i26 unit-equipment	-6	1	432
4f77afc1	HI_1_13_0	type5	i26 unit-equipment	-8	1	432
4f77afc1	HI_1_13_0	type5	i26 unit-equipment	18	1	432
4f77afc1	HI_1_13_0	type5	i26 unit-equipment	19	1	432
4f77afc1	HI_1_13_0	type5	i26 unit-equipment	6	1	432
4f77afc1	HI_1_13_0	type5	i27 unit-stun	-6	1	432
4f77afc1	HI_1_13_0	type5	i27 unit-stun	-8	1	432
4f77afc1	HI_1_13_0	type5	i27 unit-stun	18	1	432
4f77afc1	HI_1_13_0	type5	i27 unit-stun	19	1	432
4f77afc1	HI_1_13_0	type5	i27 unit-stun	6	1	432
4f77afc1	HI_1_13_0	type5	i28 unit-active-camo-state	-10	1	432
4f77afc1	HI_1_13_0	type5	i28 unit-active-camo-state	-18	1	432
4f77afc1	HI_1_13_0	type5	i28 unit-active-camo-state	-20	1	432
4f77afc1	HI_1_13_0	type5	i28 unit-active-camo-state	-6	1	432
4f77afc1	HI_1_13_0	type5	i28 unit-active-camo-state	-8	1	432
4f77afc1	HI_1_13_0	type5	i29 unit-crouch	-10	1	432
4f77afc1	HI_1_13_0	type5	i29 unit-crouch	-18	1	432
4f77afc1	HI_1_13_0	type5	i29 unit-crouch	-20	1	432
4f77afc1	HI_1_13_0	type5	i29 unit-crouch	-6	1	432
4f77afc1	HI_1_13_0	type5	i29 unit-crouch	-8	1	432
4f77afc1	HI_1_13_0	type5	i30 vehicle-auto-turret-triggers	-10	1	432
4f77afc1	HI_1_13_0	type5	i30 vehicle-auto-turret-triggers	-18	1	432
4f77afc1	HI_1_13_0	type5	i30 vehicle-auto-turret-triggers	-20	1	432
4f77afc1	HI_1_13_0	type5	i30 vehicle-auto-turret-triggers	-6	1	432
4f77afc1	HI_1_13_0	type5	i30 vehicle-auto-turret-triggers	-8	1	432
4f77afc1	HI_1_13_0	type5	i31 vehicle-auto-turret-aiming-vector	-10	1	432
4f77afc1	HI_1_13_0	type5	i31 vehicle-auto-turret-aiming-vector	-18	1	432
4f77afc1	HI_1_13_0	type5	i31 vehicle-auto-turret-aiming-vector	-20	1	432
4f77afc1	HI_1_13_0	type5	i31 vehicle-auto-turret-aiming-vector	-6	1	432
4f77afc1	HI_1_13_0	type5	i31 vehicle-auto-turret-aiming-vector	-8	1	432
4f77afc1	HI_1_13_0	type5	i32 vehicle-transformed-or-desired-open-state-changed	-10	1	432
4f77afc1	HI_1_13_0	type5	i32 vehicle-transformed-or-desired-open-state-changed	-18	1	432
4f77afc1	HI_1_13_0	type5	i32 vehicle-transformed-or-desired-open-state-changed	-20	1	432
4f77afc1	HI_1_13_0	type5	i32 vehicle-transformed-or-desired-open-state-changed	-6	1	432
4f77afc1	HI_1_13_0	type5	i32 vehicle-transformed-or-desired-open-state-changed	-8	1	432
4f77afc1	HI_1_13_0	type5	i33 vehicle-type-state	-10	1	432
4f77afc1	HI_1_13_0	type5	i33 vehicle-type-state	-18	1	432
4f77afc1	HI_1_13_0	type5	i33 vehicle-type-state	-20	1	432
4f77afc1	HI_1_13_0	type5	i33 vehicle-type-state	-6	1	432
4f77afc1	HI_1_13_0	type5	i33 vehicle-type-state	-8	1	432
4f77afc1	HI_1_13_0	type5	i34 vehicle-type-physics	-10	1	432
4f77afc1	HI_1_13_0	type5	i34 vehicle-type-physics	-18	1	432
4f77afc1	HI_1_13_0	type5	i34 vehicle-type-physics	-20	1	432
4f77afc1	HI_1_13_0	type5	i34 vehicle-type-physics	-6	1	432
4f77afc1	HI_1_13_0	type5	i34 vehicle-type-physics	-8	1	432
4f77afc1	HI_1_13_0	type5	i35 vehicle-auto-turret-target	-10	1	432
4f77afc1	HI_1_13_0	type5	i35 vehicle-auto-turret-target	-6	1	432
4f77afc1	HI_1_13_0	type5	i35 vehicle-auto-turret-target	-8	1	432
4f77afc1	HI_1_13_0	type5	i36 vehicle-sentry-state	-10	1	432
4f77afc1	HI_1_13_0	type5	i36 vehicle-sentry-state	-6	1	432
4f77afc1	HI_1_13_0	type5	i36 vehicle-sentry-state	-8	1	432
4f77afc1	HI_1_13_0	type5	i37 vehicle-emp-timer	-10	1	432
4f77afc1	HI_1_13_0	type5	i37 vehicle-emp-timer	-6	1	432
4f77afc1	HI_1_13_0	type5	i37 vehicle-emp-timer	-8	1	432
4f77afc1	HI_1_13_0	type5	i38 vehicle-weapon-set	-6	1	432
4f77afc1	HI_1_13_0	type5	i39 vehicle-auto-turret	-6	1	432
4f77afc1	HI_1_13_0	type5	i40 vehicle-equipment-turret-parent	-21	1	432
4f77afc1	HI_1_13_0	type5	i41 vehicle-seats-override-pitch	-21	1	432
4f77afc1	HI_1_13_0	type5	i42 vehicle-seats-override-yaw	-21	1	432
4f77afc1	HI_1_13_0	type5	i43 simulation-state	-21	1	432
4f77afc1	HI_1_13_0	type5	i44 simulation-state-playback	-21	1	432
4f77afc1	HI_1_13_0	type5	i44 simulation-state-playback	-26	1	432
4f77afc1	HI_1_13_0	type5	i45 air-drop-flight	-21	1	432
4f77afc1	HI_1_13_0	type5	i45 air-drop-flight	-26	1	432
4f77afc1	HI_1_13_0	type5	i46 warp	-21	1	432
4f77afc1	HI_1_13_0	type5	i46 warp	-26	1	432
4f77afc1	HI_1_13_0	type5	i47 vehicle-low-frequency	-26	1	432
4f77afc1	HI_1_13_0	type6	etat-par-defaut	-13	2	71
4f77afc1	HI_1_13_0	type6	etat-par-defaut	-14	7	71
4f77afc1	HI_1_13_0	type6	etat-par-defaut	-17	6	71
4f77afc1	HI_1_13_0	type6	etat-par-defaut	-19	12	71
4f77afc1	HI_1_13_0	type6	etat-par-defaut	-2	1	71
4f77afc1	HI_1_13_0	type6	etat-par-defaut	-23	4	71
4f77afc1	HI_1_13_0	type6	etat-par-defaut	-29	1	71
4f77afc1	HI_1_13_0	type6	etat-par-defaut	-30	2	71
4f77afc1	HI_1_13_0	type6	etat-par-defaut	-4	2	71
4f77afc1	HI_1_13_0	type6	etat-par-defaut	-7	2	71
4f77afc1	HI_1_13_0	type6	etat-par-defaut	-8	1	71
4f77afc1	HI_1_13_0	type6	etat-par-defaut	-9	1	71
4f77afc1	HI_1_13_0	type6	etat-par-defaut	1	1	71
4f77afc1	HI_1_13_0	type6	etat-par-defaut	11	2	71
4f77afc1	HI_1_13_0	type6	etat-par-defaut	12	1	71
4f77afc1	HI_1_13_0	type6	etat-par-defaut	13	2	71
4f77afc1	HI_1_13_0	type6	etat-par-defaut	14	1	71
4f77afc1	HI_1_13_0	type6	etat-par-defaut	15	6	71
4f77afc1	HI_1_13_0	type6	etat-par-defaut	16	6	71
4f77afc1	HI_1_13_0	type6	etat-par-defaut	17	1	71
4f77afc1	HI_1_13_0	type6	etat-par-defaut	21	1	71
4f77afc1	HI_1_13_0	type6	etat-par-defaut	22	1	71
4f77afc1	HI_1_13_0	type6	etat-par-defaut	23	1	71
4f77afc1	HI_1_13_0	type6	etat-par-defaut	26	5	71
4f77afc1	HI_1_13_0	type6	etat-par-defaut	29	6	71
4f77afc1	HI_1_13_0	type6	etat-par-defaut	3	1	71
4f77afc1	HI_1_13_0	type6	etat-par-defaut	32	8	71
4f77afc1	HI_1_13_0	type6	etat-par-defaut	4	1	71
4f77afc1	HI_1_13_0	type6	etat-par-defaut	5	1	71
4f77afc1	HI_1_13_0	type6	etat-par-defaut	8	15	71
4f77afc1	HI_1_13_0	type6	i00 object-position-dynamic-precision	-1	1	71
4f77afc1	HI_1_13_0	type6	i00 object-position-dynamic-precision	-11	1	71
4f77afc1	HI_1_13_0	type6	i00 object-position-dynamic-precision	-14	1	71
4f77afc1	HI_1_13_0	type6	i00 object-position-dynamic-precision	-15	1	71
4f77afc1	HI_1_13_0	type6	i00 object-position-dynamic-precision	-16	2	71
4f77afc1	HI_1_13_0	type6	i00 object-position-dynamic-precision	-17	1	71
4f77afc1	HI_1_13_0	type6	i00 object-position-dynamic-precision	-18	2	71
4f77afc1	HI_1_13_0	type6	i00 object-position-dynamic-precision	-19	5	71
4f77afc1	HI_1_13_0	type6	i00 object-position-dynamic-precision	-20	3	71
4f77afc1	HI_1_13_0	type6	i00 object-position-dynamic-precision	-21	15	71
4f77afc1	HI_1_13_0	type6	i00 object-position-dynamic-precision	-23	4	71
4f77afc1	HI_1_13_0	type6	i00 object-position-dynamic-precision	-24	1	71
4f77afc1	HI_1_13_0	type6	i00 object-position-dynamic-precision	-25	5	71
4f77afc1	HI_1_13_0	type6	i00 object-position-dynamic-precision	-26	15	71
4f77afc1	HI_1_13_0	type6	i00 object-position-dynamic-precision	-27	2	71
4f77afc1	HI_1_13_0	type6	i00 object-position-dynamic-precision	-29	1	71
4f77afc1	HI_1_13_0	type6	i00 object-position-dynamic-precision	-3	1	71
4f77afc1	HI_1_13_0	type6	i00 object-position-dynamic-precision	-30	1	71
4f77afc1	HI_1_13_0	type6	i00 object-position-dynamic-precision	-32	1	71
4f77afc1	HI_1_13_0	type6	i00 object-position-dynamic-precision	-4	1	71
4f77afc1	HI_1_13_0	type6	i00 object-position-dynamic-precision	-6	4	71
4f77afc1	HI_1_13_0	type6	i00 object-position-dynamic-precision	-7	3	71
4f77afc1	HI_1_13_0	type6	i00 object-position-dynamic-precision	-8	9	71
4f77afc1	HI_1_13_0	type6	i00 object-position-dynamic-precision	-9	15	71
4f77afc1	HI_1_13_0	type6	i00 object-position-dynamic-precision	11	1	71
4f77afc1	HI_1_13_0	type6	i00 object-position-dynamic-precision	12	1	71
4f77afc1	HI_1_13_0	type6	i00 object-position-dynamic-precision	14	1	71
4f77afc1	HI_1_13_0	type6	i00 object-position-dynamic-precision	15	14	71
4f77afc1	HI_1_13_0	type6	i00 object-position-dynamic-precision	17	5	71
4f77afc1	HI_1_13_0	type6	i00 object-position-dynamic-precision	18	3	71
4f77afc1	HI_1_13_0	type6	i00 object-position-dynamic-precision	2	1	71
4f77afc1	HI_1_13_0	type6	i00 object-position-dynamic-precision	20	2	71
4f77afc1	HI_1_13_0	type6	i00 object-position-dynamic-precision	21	2	71
4f77afc1	HI_1_13_0	type6	i00 object-position-dynamic-precision	23	3	71
4f77afc1	HI_1_13_0	type6	i00 object-position-dynamic-precision	24	1	71
4f77afc1	HI_1_13_0	type6	i00 object-position-dynamic-precision	25	5	71
4f77afc1	HI_1_13_0	type6	i00 object-position-dynamic-precision	28	1	71
4f77afc1	HI_1_13_0	type6	i00 object-position-dynamic-precision	29	30	71
4f77afc1	HI_1_13_0	type6	i00 object-position-dynamic-precision	3	2	71
4f77afc1	HI_1_13_0	type6	i00 object-position-dynamic-precision	31	1	71
4f77afc1	HI_1_13_0	type6	i00 object-position-dynamic-precision	7	1	71
4f77afc1	HI_1_13_0	type6	i00 object-position-dynamic-precision	8	15	71
4f77afc1	HI_1_13_0	type6	i00 object-position-dynamic-precision	9	9	71
4f77afc1	HI_1_13_0	type6	i01 object-translational-velocity-dynamic-precision	-1	1	71
4f77afc1	HI_1_13_0	type6	i01 object-translational-velocity-dynamic-precision	-10	1	71
4f77afc1	HI_1_13_0	type6	i01 object-translational-velocity-dynamic-precision	-12	4	71
4f77afc1	HI_1_13_0	type6	i01 object-translational-velocity-dynamic-precision	-14	1	71
4f77afc1	HI_1_13_0	type6	i01 object-translational-velocity-dynamic-precision	-16	9	71
4f77afc1	HI_1_13_0	type6	i01 object-translational-velocity-dynamic-precision	-17	1	71
4f77afc1	HI_1_13_0	type6	i01 object-translational-velocity-dynamic-precision	-18	2	71
4f77afc1	HI_1_13_0	type6	i01 object-translational-velocity-dynamic-precision	-19	7	71
4f77afc1	HI_1_13_0	type6	i01 object-translational-velocity-dynamic-precision	-20	3	71
4f77afc1	HI_1_13_0	type6	i01 object-translational-velocity-dynamic-precision	-21	1	71
4f77afc1	HI_1_13_0	type6	i01 object-translational-velocity-dynamic-precision	-22	9	71
4f77afc1	HI_1_13_0	type6	i01 object-translational-velocity-dynamic-precision	-25	1	71
4f77afc1	HI_1_13_0	type6	i01 object-translational-velocity-dynamic-precision	-26	12	71
4f77afc1	HI_1_13_0	type6	i01 object-translational-velocity-dynamic-precision	-27	1	71
4f77afc1	HI_1_13_0	type6	i01 object-translational-velocity-dynamic-precision	-29	1	71
4f77afc1	HI_1_13_0	type6	i01 object-translational-velocity-dynamic-precision	-3	1	71
4f77afc1	HI_1_13_0	type6	i01 object-translational-velocity-dynamic-precision	-32	2	71
4f77afc1	HI_1_13_0	type6	i01 object-translational-velocity-dynamic-precision	-4	1	71
4f77afc1	HI_1_13_0	type6	i01 object-translational-velocity-dynamic-precision	-6	6	71
4f77afc1	HI_1_13_0	type6	i01 object-translational-velocity-dynamic-precision	-7	6	71
4f77afc1	HI_1_13_0	type6	i01 object-translational-velocity-dynamic-precision	-8	13	71
4f77afc1	HI_1_13_0	type6	i01 object-translational-velocity-dynamic-precision	-9	1	71
4f77afc1	HI_1_13_0	type6	i01 object-translational-velocity-dynamic-precision	1	2	71
4f77afc1	HI_1_13_0	type6	i01 object-translational-velocity-dynamic-precision	11	3	71
4f77afc1	HI_1_13_0	type6	i01 object-translational-velocity-dynamic-precision	13	1	71
4f77afc1	HI_1_13_0	type6	i01 object-translational-velocity-dynamic-precision	15	1	71
4f77afc1	HI_1_13_0	type6	i01 object-translational-velocity-dynamic-precision	17	4	71
4f77afc1	HI_1_13_0	type6	i01 object-translational-velocity-dynamic-precision	18	2	71
4f77afc1	HI_1_13_0	type6	i01 object-translational-velocity-dynamic-precision	19	1	71
4f77afc1	HI_1_13_0	type6	i01 object-translational-velocity-dynamic-precision	2	1	71
4f77afc1	HI_1_13_0	type6	i01 object-translational-velocity-dynamic-precision	20	4	71
4f77afc1	HI_1_13_0	type6	i01 object-translational-velocity-dynamic-precision	22	1	71
4f77afc1	HI_1_13_0	type6	i01 object-translational-velocity-dynamic-precision	23	2	71
4f77afc1	HI_1_13_0	type6	i01 object-translational-velocity-dynamic-precision	24	1	71
4f77afc1	HI_1_13_0	type6	i01 object-translational-velocity-dynamic-precision	25	10	71
4f77afc1	HI_1_13_0	type6	i01 object-translational-velocity-dynamic-precision	26	1	71
4f77afc1	HI_1_13_0	type6	i01 object-translational-velocity-dynamic-precision	28	9	71
4f77afc1	HI_1_13_0	type6	i01 object-translational-velocity-dynamic-precision	29	9	71
4f77afc1	HI_1_13_0	type6	i01 object-translational-velocity-dynamic-precision	3	1	71
4f77afc1	HI_1_13_0	type6	i01 object-translational-velocity-dynamic-precision	30	1	71
4f77afc1	HI_1_13_0	type6	i01 object-translational-velocity-dynamic-precision	31	11	71
4f77afc1	HI_1_13_0	type6	i01 object-translational-velocity-dynamic-precision	32	6	71
4f77afc1	HI_1_13_0	type6	i01 object-translational-velocity-dynamic-precision	4	1	71
4f77afc1	HI_1_13_0	type6	i01 object-translational-velocity-dynamic-precision	6	4	71
4f77afc1	HI_1_13_0	type6	i01 object-translational-velocity-dynamic-precision	8	4	71
4f77afc1	HI_1_13_0	type6	i01 object-translational-velocity-dynamic-precision	9	5	71
4f77afc1	HI_1_13_0	type6	i02 object-forward-and-up-dynamic-precision	-1	1	71
4f77afc1	HI_1_13_0	type6	i02 object-forward-and-up-dynamic-precision	-10	10	71
4f77afc1	HI_1_13_0	type6	i02 object-forward-and-up-dynamic-precision	-12	5	71
4f77afc1	HI_1_13_0	type6	i02 object-forward-and-up-dynamic-precision	-14	1	71
4f77afc1	HI_1_13_0	type6	i02 object-forward-and-up-dynamic-precision	-15	2	71
4f77afc1	HI_1_13_0	type6	i02 object-forward-and-up-dynamic-precision	-16	5	71
4f77afc1	HI_1_13_0	type6	i02 object-forward-and-up-dynamic-precision	-17	1	71
4f77afc1	HI_1_13_0	type6	i02 object-forward-and-up-dynamic-precision	-18	1	71
4f77afc1	HI_1_13_0	type6	i02 object-forward-and-up-dynamic-precision	-2	1	71
4f77afc1	HI_1_13_0	type6	i02 object-forward-and-up-dynamic-precision	-21	3	71
4f77afc1	HI_1_13_0	type6	i02 object-forward-and-up-dynamic-precision	-22	7	71
4f77afc1	HI_1_13_0	type6	i02 object-forward-and-up-dynamic-precision	-24	4	71
4f77afc1	HI_1_13_0	type6	i02 object-forward-and-up-dynamic-precision	-25	1	71
4f77afc1	HI_1_13_0	type6	i02 object-forward-and-up-dynamic-precision	-26	10	71
4f77afc1	HI_1_13_0	type6	i02 object-forward-and-up-dynamic-precision	-27	3	71
4f77afc1	HI_1_13_0	type6	i02 object-forward-and-up-dynamic-precision	-3	7	71
4f77afc1	HI_1_13_0	type6	i02 object-forward-and-up-dynamic-precision	-30	2	71
4f77afc1	HI_1_13_0	type6	i02 object-forward-and-up-dynamic-precision	-31	4	71
4f77afc1	HI_1_13_0	type6	i02 object-forward-and-up-dynamic-precision	-4	3	71
4f77afc1	HI_1_13_0	type6	i02 object-forward-and-up-dynamic-precision	-5	1	71
4f77afc1	HI_1_13_0	type6	i02 object-forward-and-up-dynamic-precision	-6	1	71
4f77afc1	HI_1_13_0	type6	i02 object-forward-and-up-dynamic-precision	-7	10	71
4f77afc1	HI_1_13_0	type6	i02 object-forward-and-up-dynamic-precision	-8	11	71
4f77afc1	HI_1_13_0	type6	i02 object-forward-and-up-dynamic-precision	-9	2	71
4f77afc1	HI_1_13_0	type6	i02 object-forward-and-up-dynamic-precision	10	1	71
4f77afc1	HI_1_13_0	type6	i02 object-forward-and-up-dynamic-precision	11	12	71
4f77afc1	HI_1_13_0	type6	i02 object-forward-and-up-dynamic-precision	12	3	71
4f77afc1	HI_1_13_0	type6	i02 object-forward-and-up-dynamic-precision	13	2	71
4f77afc1	HI_1_13_0	type6	i02 object-forward-and-up-dynamic-precision	14	2	71
4f77afc1	HI_1_13_0	type6	i02 object-forward-and-up-dynamic-precision	15	4	71
4f77afc1	HI_1_13_0	type6	i02 object-forward-and-up-dynamic-precision	16	9	71
4f77afc1	HI_1_13_0	type6	i02 object-forward-and-up-dynamic-precision	17	5	71
4f77afc1	HI_1_13_0	type6	i02 object-forward-and-up-dynamic-precision	19	2	71
4f77afc1	HI_1_13_0	type6	i02 object-forward-and-up-dynamic-precision	2	1	71
4f77afc1	HI_1_13_0	type6	i02 object-forward-and-up-dynamic-precision	20	5	71
4f77afc1	HI_1_13_0	type6	i02 object-forward-and-up-dynamic-precision	21	1	71
4f77afc1	HI_1_13_0	type6	i02 object-forward-and-up-dynamic-precision	22	2	71
4f77afc1	HI_1_13_0	type6	i02 object-forward-and-up-dynamic-precision	23	2	71
4f77afc1	HI_1_13_0	type6	i02 object-forward-and-up-dynamic-precision	24	2	71
4f77afc1	HI_1_13_0	type6	i02 object-forward-and-up-dynamic-precision	25	9	71
4f77afc1	HI_1_13_0	type6	i02 object-forward-and-up-dynamic-precision	26	2	71
4f77afc1	HI_1_13_0	type6	i02 object-forward-and-up-dynamic-precision	27	1	71
4f77afc1	HI_1_13_0	type6	i02 object-forward-and-up-dynamic-precision	28	10	71
4f77afc1	HI_1_13_0	type6	i02 object-forward-and-up-dynamic-precision	29	6	71
4f77afc1	HI_1_13_0	type6	i02 object-forward-and-up-dynamic-precision	3	4	71
4f77afc1	HI_1_13_0	type6	i02 object-forward-and-up-dynamic-precision	30	2	71
4f77afc1	HI_1_13_0	type6	i02 object-forward-and-up-dynamic-precision	31	10	71
4f77afc1	HI_1_13_0	type6	i02 object-forward-and-up-dynamic-precision	32	5	71
4f77afc1	HI_1_13_0	type6	i02 object-forward-and-up-dynamic-precision	5	1	71
4f77afc1	HI_1_13_0	type6	i02 object-forward-and-up-dynamic-precision	6	2	71
4f77afc1	HI_1_13_0	type6	i02 object-forward-and-up-dynamic-precision	8	1	71
4f77afc1	HI_1_13_0	type6	i02 object-forward-and-up-dynamic-precision	9	1	71
4f77afc1	HI_1_13_0	type6	i03 object-angular-velocity-dynamic-precision	-1	1	71
4f77afc1	HI_1_13_0	type6	i03 object-angular-velocity-dynamic-precision	-10	9	71
4f77afc1	HI_1_13_0	type6	i03 object-angular-velocity-dynamic-precision	-11	1	71
4f77afc1	HI_1_13_0	type6	i03 object-angular-velocity-dynamic-precision	-13	1	71
4f77afc1	HI_1_13_0	type6	i03 object-angular-velocity-dynamic-precision	-15	1	71
4f77afc1	HI_1_13_0	type6	i03 object-angular-velocity-dynamic-precision	-16	1	71
4f77afc1	HI_1_13_0	type6	i03 object-angular-velocity-dynamic-precision	-17	2	71
4f77afc1	HI_1_13_0	type6	i03 object-angular-velocity-dynamic-precision	-2	2	71
4f77afc1	HI_1_13_0	type6	i03 object-angular-velocity-dynamic-precision	-20	1	71
4f77afc1	HI_1_13_0	type6	i03 object-angular-velocity-dynamic-precision	-21	2	71
4f77afc1	HI_1_13_0	type6	i03 object-angular-velocity-dynamic-precision	-22	3	71
4f77afc1	HI_1_13_0	type6	i03 object-angular-velocity-dynamic-precision	-23	1	71
4f77afc1	HI_1_13_0	type6	i03 object-angular-velocity-dynamic-precision	-24	2	71
4f77afc1	HI_1_13_0	type6	i03 object-angular-velocity-dynamic-precision	-25	3	71
4f77afc1	HI_1_13_0	type6	i03 object-angular-velocity-dynamic-precision	-26	11	71
4f77afc1	HI_1_13_0	type6	i03 object-angular-velocity-dynamic-precision	-27	2	71
4f77afc1	HI_1_13_0	type6	i03 object-angular-velocity-dynamic-precision	-28	1	71
4f77afc1	HI_1_13_0	type6	i03 object-angular-velocity-dynamic-precision	-3	9	71
4f77afc1	HI_1_13_0	type6	i03 object-angular-velocity-dynamic-precision	-30	1	71
4f77afc1	HI_1_13_0	type6	i03 object-angular-velocity-dynamic-precision	-31	2	71
4f77afc1	HI_1_13_0	type6	i03 object-angular-velocity-dynamic-precision	-4	2	71
4f77afc1	HI_1_13_0	type6	i03 object-angular-velocity-dynamic-precision	-5	2	71
4f77afc1	HI_1_13_0	type6	i03 object-angular-velocity-dynamic-precision	-6	7	71
4f77afc1	HI_1_13_0	type6	i03 object-angular-velocity-dynamic-precision	-7	13	71
4f77afc1	HI_1_13_0	type6	i03 object-angular-velocity-dynamic-precision	-8	4	71
4f77afc1	HI_1_13_0	type6	i03 object-angular-velocity-dynamic-precision	-9	1	71
4f77afc1	HI_1_13_0	type6	i03 object-angular-velocity-dynamic-precision	11	5	71
4f77afc1	HI_1_13_0	type6	i03 object-angular-velocity-dynamic-precision	14	2	71
4f77afc1	HI_1_13_0	type6	i03 object-angular-velocity-dynamic-precision	15	2	71
4f77afc1	HI_1_13_0	type6	i03 object-angular-velocity-dynamic-precision	16	9	71
4f77afc1	HI_1_13_0	type6	i03 object-angular-velocity-dynamic-precision	17	5	71
4f77afc1	HI_1_13_0	type6	i03 object-angular-velocity-dynamic-precision	18	1	71
4f77afc1	HI_1_13_0	type6	i03 object-angular-velocity-dynamic-precision	20	3	71
4f77afc1	HI_1_13_0	type6	i03 object-angular-velocity-dynamic-precision	21	3	71
4f77afc1	HI_1_13_0	type6	i03 object-angular-velocity-dynamic-precision	22	1	71
4f77afc1	HI_1_13_0	type6	i03 object-angular-velocity-dynamic-precision	23	3	71
4f77afc1	HI_1_13_0	type6	i03 object-angular-velocity-dynamic-precision	24	2	71
4f77afc1	HI_1_13_0	type6	i03 object-angular-velocity-dynamic-precision	26	3	71
4f77afc1	HI_1_13_0	type6	i03 object-angular-velocity-dynamic-precision	27	1	71
4f77afc1	HI_1_13_0	type6	i03 object-angular-velocity-dynamic-precision	28	2	71
4f77afc1	HI_1_13_0	type6	i03 object-angular-velocity-dynamic-precision	29	1	71
4f77afc1	HI_1_13_0	type6	i03 object-angular-velocity-dynamic-precision	32	2	71
4f77afc1	HI_1_13_0	type6	i03 object-angular-velocity-dynamic-precision	5	1	71
4f77afc1	HI_1_13_0	type6	i03 object-angular-velocity-dynamic-precision	6	1	71
4f77afc1	HI_1_13_0	type6	i03 object-angular-velocity-dynamic-precision	7	2	71
4f77afc1	HI_1_13_0	type6	i03 object-angular-velocity-dynamic-precision	9	1	71
4f77afc1	HI_1_13_0	type6	i04 object-body-vitality	-1	1	71
4f77afc1	HI_1_13_0	type6	i04 object-body-vitality	-10	9	71
4f77afc1	HI_1_13_0	type6	i04 object-body-vitality	-11	1	71
4f77afc1	HI_1_13_0	type6	i04 object-body-vitality	-13	1	71
4f77afc1	HI_1_13_0	type6	i04 object-body-vitality	-15	1	71
4f77afc1	HI_1_13_0	type6	i04 object-body-vitality	-16	1	71
4f77afc1	HI_1_13_0	type6	i04 object-body-vitality	-17	2	71
4f77afc1	HI_1_13_0	type6	i04 object-body-vitality	-2	2	71
4f77afc1	HI_1_13_0	type6	i04 object-body-vitality	-20	1	71
4f77afc1	HI_1_13_0	type6	i04 object-body-vitality	-21	2	71
4f77afc1	HI_1_13_0	type6	i04 object-body-vitality	-22	3	71
4f77afc1	HI_1_13_0	type6	i04 object-body-vitality	-23	1	71
4f77afc1	HI_1_13_0	type6	i04 object-body-vitality	-24	2	71
4f77afc1	HI_1_13_0	type6	i04 object-body-vitality	-25	3	71
4f77afc1	HI_1_13_0	type6	i04 object-body-vitality	-26	11	71
4f77afc1	HI_1_13_0	type6	i04 object-body-vitality	-27	2	71
4f77afc1	HI_1_13_0	type6	i04 object-body-vitality	-28	1	71
4f77afc1	HI_1_13_0	type6	i04 object-body-vitality	-3	9	71
4f77afc1	HI_1_13_0	type6	i04 object-body-vitality	-30	1	71
4f77afc1	HI_1_13_0	type6	i04 object-body-vitality	-31	2	71
4f77afc1	HI_1_13_0	type6	i04 object-body-vitality	-4	2	71
4f77afc1	HI_1_13_0	type6	i04 object-body-vitality	-5	2	71
4f77afc1	HI_1_13_0	type6	i04 object-body-vitality	-6	7	71
4f77afc1	HI_1_13_0	type6	i04 object-body-vitality	-7	13	71
4f77afc1	HI_1_13_0	type6	i04 object-body-vitality	-8	4	71
4f77afc1	HI_1_13_0	type6	i04 object-body-vitality	-9	1	71
4f77afc1	HI_1_13_0	type6	i04 object-body-vitality	11	5	71
4f77afc1	HI_1_13_0	type6	i04 object-body-vitality	14	2	71
4f77afc1	HI_1_13_0	type6	i04 object-body-vitality	15	2	71
4f77afc1	HI_1_13_0	type6	i04 object-body-vitality	16	9	71
4f77afc1	HI_1_13_0	type6	i04 object-body-vitality	17	5	71
4f77afc1	HI_1_13_0	type6	i04 object-body-vitality	18	1	71
4f77afc1	HI_1_13_0	type6	i04 object-body-vitality	20	3	71
4f77afc1	HI_1_13_0	type6	i04 object-body-vitality	21	3	71
4f77afc1	HI_1_13_0	type6	i04 object-body-vitality	22	1	71
4f77afc1	HI_1_13_0	type6	i04 object-body-vitality	23	3	71
4f77afc1	HI_1_13_0	type6	i04 object-body-vitality	24	2	71
4f77afc1	HI_1_13_0	type6	i04 object-body-vitality	26	3	71
4f77afc1	HI_1_13_0	type6	i04 object-body-vitality	27	1	71
4f77afc1	HI_1_13_0	type6	i04 object-body-vitality	28	2	71
4f77afc1	HI_1_13_0	type6	i04 object-body-vitality	29	1	71
4f77afc1	HI_1_13_0	type6	i04 object-body-vitality	32	2	71
4f77afc1	HI_1_13_0	type6	i04 object-body-vitality	5	1	71
4f77afc1	HI_1_13_0	type6	i04 object-body-vitality	6	1	71
4f77afc1	HI_1_13_0	type6	i04 object-body-vitality	7	2	71
4f77afc1	HI_1_13_0	type6	i04 object-body-vitality	9	1	71
4f77afc1	HI_1_13_0	type6	i05 object-shield-vitality	-10	9	71
4f77afc1	HI_1_13_0	type6	i05 object-shield-vitality	-11	1	71
4f77afc1	HI_1_13_0	type6	i05 object-shield-vitality	-16	1	71
4f77afc1	HI_1_13_0	type6	i05 object-shield-vitality	-17	11	71
4f77afc1	HI_1_13_0	type6	i05 object-shield-vitality	-2	2	71
4f77afc1	HI_1_13_0	type6	i05 object-shield-vitality	-20	1	71
4f77afc1	HI_1_13_0	type6	i05 object-shield-vitality	-23	1	71
4f77afc1	HI_1_13_0	type6	i05 object-shield-vitality	-24	4	71
4f77afc1	HI_1_13_0	type6	i05 object-shield-vitality	-26	11	71
4f77afc1	HI_1_13_0	type6	i05 object-shield-vitality	-27	5	71
4f77afc1	HI_1_13_0	type6	i05 object-shield-vitality	-28	1	71
4f77afc1	HI_1_13_0	type6	i05 object-shield-vitality	-29	1	71
4f77afc1	HI_1_13_0	type6	i05 object-shield-vitality	-3	6	71
4f77afc1	HI_1_13_0	type6	i05 object-shield-vitality	-30	2	71
4f77afc1	HI_1_13_0	type6	i05 object-shield-vitality	-4	1	71
4f77afc1	HI_1_13_0	type6	i05 object-shield-vitality	-5	1	71
4f77afc1	HI_1_13_0	type6	i05 object-shield-vitality	-6	7	71
4f77afc1	HI_1_13_0	type6	i05 object-shield-vitality	-7	12	71
4f77afc1	HI_1_13_0	type6	i05 object-shield-vitality	-8	5	71
4f77afc1	HI_1_13_0	type6	i05 object-shield-vitality	1	1	71
4f77afc1	HI_1_13_0	type6	i05 object-shield-vitality	11	2	71
4f77afc1	HI_1_13_0	type6	i05 object-shield-vitality	14	2	71
4f77afc1	HI_1_13_0	type6	i05 object-shield-vitality	15	3	71
4f77afc1	HI_1_13_0	type6	i05 object-shield-vitality	16	9	71
4f77afc1	HI_1_13_0	type6	i05 object-shield-vitality	17	4	71
4f77afc1	HI_1_13_0	type6	i05 object-shield-vitality	18	1	71
4f77afc1	HI_1_13_0	type6	i05 object-shield-vitality	20	4	71
4f77afc1	HI_1_13_0	type6	i05 object-shield-vitality	21	4	71
4f77afc1	HI_1_13_0	type6	i05 object-shield-vitality	23	2	71
4f77afc1	HI_1_13_0	type6	i05 object-shield-vitality	24	3	71
4f77afc1	HI_1_13_0	type6	i05 object-shield-vitality	25	11	71
4f77afc1	HI_1_13_0	type6	i05 object-shield-vitality	26	3	71
4f77afc1	HI_1_13_0	type6	i05 object-shield-vitality	27	1	71
4f77afc1	HI_1_13_0	type6	i05 object-shield-vitality	28	2	71
4f77afc1	HI_1_13_0	type6	i05 object-shield-vitality	29	4	71
4f77afc1	HI_1_13_0	type6	i05 object-shield-vitality	30	2	71
4f77afc1	HI_1_13_0	type6	i05 object-shield-vitality	31	1	71
4f77afc1	HI_1_13_0	type6	i05 object-shield-vitality	32	1	71
4f77afc1	HI_1_13_0	type6	i05 object-shield-vitality	5	2	71
4f77afc1	HI_1_13_0	type6	i05 object-shield-vitality	6	1	71
4f77afc1	HI_1_13_0	type6	i05 object-shield-vitality	7	1	71
4f77afc1	HI_1_13_0	type6	i05 object-shield-vitality	9	3	71
4f77afc1	HI_1_13_0	type6	i06 object-region-state	-1	4	71
4f77afc1	HI_1_13_0	type6	i06 object-region-state	-10	2	71
4f77afc1	HI_1_13_0	type6	i06 object-region-state	-11	1	71
4f77afc1	HI_1_13_0	type6	i06 object-region-state	-14	1	71
4f77afc1	HI_1_13_0	type6	i06 object-region-state	-15	2	71
4f77afc1	HI_1_13_0	type6	i06 object-region-state	-16	4	71
4f77afc1	HI_1_13_0	type6	i06 object-region-state	-17	1	71
4f77afc1	HI_1_13_0	type6	i06 object-region-state	-18	3	71
4f77afc1	HI_1_13_0	type6	i06 object-region-state	-19	1	71
4f77afc1	HI_1_13_0	type6	i06 object-region-state	-20	1	71
4f77afc1	HI_1_13_0	type6	i06 object-region-state	-21	3	71
4f77afc1	HI_1_13_0	type6	i06 object-region-state	-22	4	71
4f77afc1	HI_1_13_0	type6	i06 object-region-state	-23	1	71
4f77afc1	HI_1_13_0	type6	i06 object-region-state	-24	4	71
4f77afc1	HI_1_13_0	type6	i06 object-region-state	-25	2	71
4f77afc1	HI_1_13_0	type6	i06 object-region-state	-26	10	71
4f77afc1	HI_1_13_0	type6	i06 object-region-state	-27	8	71
4f77afc1	HI_1_13_0	type6	i06 object-region-state	-3	3	71
4f77afc1	HI_1_13_0	type6	i06 object-region-state	-30	2	71
4f77afc1	HI_1_13_0	type6	i06 object-region-state	-4	1	71
4f77afc1	HI_1_13_0	type6	i06 object-region-state	-7	2	71
4f77afc1	HI_1_13_0	type6	i06 object-region-state	-8	2	71
4f77afc1	HI_1_13_0	type6	i06 object-region-state	-9	1	71
4f77afc1	HI_1_13_0	type6	i06 object-region-state	1	1	71
4f77afc1	HI_1_13_0	type6	i06 object-region-state	10	1	71
4f77afc1	HI_1_13_0	type6	i06 object-region-state	11	2	71
4f77afc1	HI_1_13_0	type6	i06 object-region-state	12	6	71
4f77afc1	HI_1_13_0	type6	i06 object-region-state	15	2	71
4f77afc1	HI_1_13_0	type6	i06 object-region-state	17	6	71
4f77afc1	HI_1_13_0	type6	i06 object-region-state	18	2	71
4f77afc1	HI_1_13_0	type6	i06 object-region-state	19	1	71
4f77afc1	HI_1_13_0	type6	i06 object-region-state	20	2	71
4f77afc1	HI_1_13_0	type6	i06 object-region-state	21	3	71
4f77afc1	HI_1_13_0	type6	i06 object-region-state	22	1	71
4f77afc1	HI_1_13_0	type6	i06 object-region-state	23	2	71
4f77afc1	HI_1_13_0	type6	i06 object-region-state	24	2	71
4f77afc1	HI_1_13_0	type6	i06 object-region-state	26	2	71
4f77afc1	HI_1_13_0	type6	i06 object-region-state	27	1	71
4f77afc1	HI_1_13_0	type6	i06 object-region-state	28	3	71
4f77afc1	HI_1_13_0	type6	i06 object-region-state	29	1	71
4f77afc1	HI_1_13_0	type6	i06 object-region-state	3	1	71
4f77afc1	HI_1_13_0	type6	i06 object-region-state	30	3	71
4f77afc1	HI_1_13_0	type6	i06 object-region-state	32	2	71
4f77afc1	HI_1_13_0	type6	i06 object-region-state	4	1	71
4f77afc1	HI_1_13_0	type6	i06 object-region-state	5	2	71
4f77afc1	HI_1_13_0	type6	i06 object-region-state	6	2	71
4f77afc1	HI_1_13_0	type6	i06 object-region-state	8	1	71
4f77afc1	HI_1_13_0	type6	i06 object-region-state	9	1	71
4f77afc1	HI_1_13_0	type6	i07 object-damage-sections	-10	2	71
4f77afc1	HI_1_13_0	type6	i07 object-damage-sections	-11	14	71
4f77afc1	HI_1_13_0	type6	i07 object-damage-sections	-12	3	71
4f77afc1	HI_1_13_0	type6	i07 object-damage-sections	-15	1	71
4f77afc1	HI_1_13_0	type6	i07 object-damage-sections	-16	3	71
4f77afc1	HI_1_13_0	type6	i07 object-damage-sections	-19	12	71
4f77afc1	HI_1_13_0	type6	i07 object-damage-sections	-2	2	71
4f77afc1	HI_1_13_0	type6	i07 object-damage-sections	-21	11	71
4f77afc1	HI_1_13_0	type6	i07 object-damage-sections	-22	2	71
4f77afc1	HI_1_13_0	type6	i07 object-damage-sections	-25	8	71
4f77afc1	HI_1_13_0	type6	i07 object-damage-sections	-26	1	71
4f77afc1	HI_1_13_0	type6	i07 object-damage-sections	-3	1	71
4f77afc1	HI_1_13_0	type6	i07 object-damage-sections	-32	1	71
4f77afc1	HI_1_13_0	type6	i07 object-damage-sections	-4	5	71
4f77afc1	HI_1_13_0	type6	i07 object-damage-sections	-5	3	71
4f77afc1	HI_1_13_0	type6	i07 object-damage-sections	-6	2	71
4f77afc1	HI_1_13_0	type6	i07 object-damage-sections	-7	1	71
4f77afc1	HI_1_13_0	type6	i07 object-damage-sections	-8	3	71
4f77afc1	HI_1_13_0	type6	i07 object-damage-sections	-9	1	71
4f77afc1	HI_1_13_0	type6	i07 object-damage-sections	10	2	71
4f77afc1	HI_1_13_0	type6	i07 object-damage-sections	11	1	71
4f77afc1	HI_1_13_0	type6	i07 object-damage-sections	12	3	71
4f77afc1	HI_1_13_0	type6	i07 object-damage-sections	13	2	71
4f77afc1	HI_1_13_0	type6	i07 object-damage-sections	14	1	71
4f77afc1	HI_1_13_0	type6	i07 object-damage-sections	15	1	71
4f77afc1	HI_1_13_0	type6	i07 object-damage-sections	16	6	71
4f77afc1	HI_1_13_0	type6	i07 object-damage-sections	19	2	71
4f77afc1	HI_1_13_0	type6	i07 object-damage-sections	2	2	71
4f77afc1	HI_1_13_0	type6	i07 object-damage-sections	20	2	71
4f77afc1	HI_1_13_0	type6	i07 object-damage-sections	22	1	71
4f77afc1	HI_1_13_0	type6	i07 object-damage-sections	24	3	71
4f77afc1	HI_1_13_0	type6	i07 object-damage-sections	25	1	71
4f77afc1	HI_1_13_0	type6	i07 object-damage-sections	26	1	71
4f77afc1	HI_1_13_0	type6	i07 object-damage-sections	27	8	71
4f77afc1	HI_1_13_0	type6	i07 object-damage-sections	29	1	71
4f77afc1	HI_1_13_0	type6	i07 object-damage-sections	3	10	71
4f77afc1	HI_1_13_0	type6	i07 object-damage-sections	31	3	71
4f77afc1	HI_1_13_0	type6	i07 object-damage-sections	32	1	71
4f77afc1	HI_1_13_0	type6	i07 object-damage-sections	8	3	71
4f77afc1	HI_1_13_0	type6	i08 object-constraint	-10	2	71
4f77afc1	HI_1_13_0	type6	i08 object-constraint	-11	1	71
4f77afc1	HI_1_13_0	type6	i08 object-constraint	-12	4	71
4f77afc1	HI_1_13_0	type6	i08 object-constraint	-15	1	71
4f77afc1	HI_1_13_0	type6	i08 object-constraint	-16	1	71
4f77afc1	HI_1_13_0	type6	i08 object-constraint	-17	1	71
4f77afc1	HI_1_13_0	type6	i08 object-constraint	-19	2	71
4f77afc1	HI_1_13_0	type6	i08 object-constraint	-2	1	71
4f77afc1	HI_1_13_0	type6	i08 object-constraint	-20	4	71
4f77afc1	HI_1_13_0	type6	i08 object-constraint	-21	12	71
4f77afc1	HI_1_13_0	type6	i08 object-constraint	-22	1	71
4f77afc1	HI_1_13_0	type6	i08 object-constraint	-24	2	71
4f77afc1	HI_1_13_0	type6	i08 object-constraint	-25	1	71
4f77afc1	HI_1_13_0	type6	i08 object-constraint	-26	2	71
4f77afc1	HI_1_13_0	type6	i08 object-constraint	-27	1	71
4f77afc1	HI_1_13_0	type6	i08 object-constraint	-29	11	71
4f77afc1	HI_1_13_0	type6	i08 object-constraint	-3	7	71
4f77afc1	HI_1_13_0	type6	i08 object-constraint	-30	2	71
4f77afc1	HI_1_13_0	type6	i08 object-constraint	-32	2	71
4f77afc1	HI_1_13_0	type6	i08 object-constraint	-5	1	71
4f77afc1	HI_1_13_0	type6	i08 object-constraint	-7	1	71
4f77afc1	HI_1_13_0	type6	i08 object-constraint	10	2	71
4f77afc1	HI_1_13_0	type6	i08 object-constraint	11	2	71
4f77afc1	HI_1_13_0	type6	i08 object-constraint	12	6	71
4f77afc1	HI_1_13_0	type6	i08 object-constraint	13	1	71
4f77afc1	HI_1_13_0	type6	i08 object-constraint	15	10	71
4f77afc1	HI_1_13_0	type6	i08 object-constraint	18	2	71
4f77afc1	HI_1_13_0	type6	i08 object-constraint	19	2	71
4f77afc1	HI_1_13_0	type6	i08 object-constraint	20	6	71
4f77afc1	HI_1_13_0	type6	i08 object-constraint	21	1	71
4f77afc1	HI_1_13_0	type6	i08 object-constraint	23	2	71
4f77afc1	HI_1_13_0	type6	i08 object-constraint	26	1	71
4f77afc1	HI_1_13_0	type6	i08 object-constraint	28	1	71
4f77afc1	HI_1_13_0	type6	i08 object-constraint	29	1	71
4f77afc1	HI_1_13_0	type6	i08 object-constraint	3	1	71
4f77afc1	HI_1_13_0	type6	i08 object-constraint	32	2	71
4f77afc1	HI_1_13_0	type6	i08 object-constraint	4	1	71
4f77afc1	HI_1_13_0	type6	i08 object-constraint	5	1	71
4f77afc1	HI_1_13_0	type6	i08 object-constraint	8	1	71
4f77afc1	HI_1_13_0	type6	i08 object-constraint	9	1	71
4f77afc1	HI_1_13_0	type6	i09 object-multiplayer-properties	-10	1	71
4f77afc1	HI_1_13_0	type6	i09 object-multiplayer-properties	-11	1	71
4f77afc1	HI_1_13_0	type6	i09 object-multiplayer-properties	-13	1	71
4f77afc1	HI_1_13_0	type6	i09 object-multiplayer-properties	-20	2	71
4f77afc1	HI_1_13_0	type6	i09 object-multiplayer-properties	-25	2	71
4f77afc1	HI_1_13_0	type6	i09 object-multiplayer-properties	-29	1	71
4f77afc1	HI_1_13_0	type6	i09 object-multiplayer-properties	-30	2	71
4f77afc1	HI_1_13_0	type6	i09 object-multiplayer-properties	-32	1	71
4f77afc1	HI_1_13_0	type6	i09 object-multiplayer-properties	-5	1	71
4f77afc1	HI_1_13_0	type6	i09 object-multiplayer-properties	-6	1	71
4f77afc1	HI_1_13_0	type6	i09 object-multiplayer-properties	10	1	71
4f77afc1	HI_1_13_0	type6	i09 object-multiplayer-properties	12	1	71
4f77afc1	HI_1_13_0	type6	i09 object-multiplayer-properties	22	2	71
4f77afc1	HI_1_13_0	type6	i09 object-multiplayer-properties	24	1	71
4f77afc1	HI_1_13_0	type6	i09 object-multiplayer-properties	30	1	71
4f77afc1	HI_1_13_0	type6	i09 object-multiplayer-properties	31	1	71
4f77afc1	HI_1_13_0	type6	i09 object-multiplayer-properties	5	1	71
4f77afc1	HI_1_13_0	type6	i09 object-multiplayer-properties	6	1	71
4f77afc1	HI_1_13_0	type6	i10 object-parent-state	-10	2	71
4f77afc1	HI_1_13_0	type6	i10 object-parent-state	-15	1	71
4f77afc1	HI_1_13_0	type6	i10 object-parent-state	-20	1	71
4f77afc1	HI_1_13_0	type6	i10 object-parent-state	-25	2	71
4f77afc1	HI_1_13_0	type6	i10 object-parent-state	-30	1	71
4f77afc1	HI_1_13_0	type6	i10 object-parent-state	-32	1	71
4f77afc1	HI_1_13_0	type6	i10 object-parent-state	-5	2	71
4f77afc1	HI_1_13_0	type6	i10 object-parent-state	-6	1	71
4f77afc1	HI_1_13_0	type6	i10 object-parent-state	-9	1	71
4f77afc1	HI_1_13_0	type6	i10 object-parent-state	15	1	71
4f77afc1	HI_1_13_0	type6	i10 object-parent-state	23	1	71
4f77afc1	HI_1_13_0	type6	i10 object-parent-state	25	1	71
4f77afc1	HI_1_13_0	type6	i11 object-dead-state	-31	1	71
4f77afc1	HI_1_13_0	type6	i11 object-dead-state	-32	1	71
4f77afc1	HI_1_13_0	type6	i11 object-dead-state	-4	1	71
4f77afc1	HI_1_13_0	type6	i11 object-dead-state	-8	1	71
4f77afc1	HI_1_13_0	type6	i11 object-dead-state	2	1	71
4f77afc1	HI_1_13_0	type6	i11 object-dead-state	27	1	71
4f77afc1	HI_1_13_0	type6	i11 object-dead-state	28	2	71
4f77afc1	HI_1_13_0	type6	i11 object-dead-state	32	1	71
4f77afc1	HI_1_13_0	type6	i12 object-scale	-1	1	71
4f77afc1	HI_1_13_0	type6	i12 object-scale	-10	1	71
4f77afc1	HI_1_13_0	type6	i12 object-scale	-21	1	71
4f77afc1	HI_1_13_0	type6	i12 object-scale	-28	1	71
4f77afc1	HI_1_13_0	type6	i12 object-scale	-31	1	71
4f77afc1	HI_1_13_0	type6	i12 object-scale	-4	2	71
4f77afc1	HI_1_13_0	type6	i12 object-scale	-8	1	71
4f77afc1	HI_1_13_0	type6	i12 object-scale	-9	1	71
4f77afc1	HI_1_13_0	type6	i12 object-scale	10	1	71
4f77afc1	HI_1_13_0	type6	i12 object-scale	2	1	71
4f77afc1	HI_1_13_0	type6	i12 object-scale	27	1	71
4f77afc1	HI_1_13_0	type6	i12 object-scale	32	1	71
4f77afc1	HI_1_13_0	type6	i12 object-scale	8	1	71
4f77afc1	HI_1_13_0	type6	i13 object-maximum-vitalities	-1	1	71
4f77afc1	HI_1_13_0	type6	i13 object-maximum-vitalities	-11	1	71
4f77afc1	HI_1_13_0	type6	i13 object-maximum-vitalities	-21	1	71
4f77afc1	HI_1_13_0	type6	i13 object-maximum-vitalities	-26	1	71
4f77afc1	HI_1_13_0	type6	i13 object-maximum-vitalities	-27	1	71
4f77afc1	HI_1_13_0	type6	i13 object-maximum-vitalities	-28	1	71
4f77afc1	HI_1_13_0	type6	i13 object-maximum-vitalities	-4	1	71
4f77afc1	HI_1_13_0	type6	i13 object-maximum-vitalities	-5	1	71
4f77afc1	HI_1_13_0	type6	i13 object-maximum-vitalities	10	2	71
4f77afc1	HI_1_13_0	type6	i13 object-maximum-vitalities	11	1	71
4f77afc1	HI_1_13_0	type6	i13 object-maximum-vitalities	17	1	71
4f77afc1	HI_1_13_0	type6	i13 object-maximum-vitalities	2	1	71
4f77afc1	HI_1_13_0	type6	i13 object-maximum-vitalities	25	1	71
4f77afc1	HI_1_13_0	type6	i13 object-maximum-vitalities	32	1	71
4f77afc1	HI_1_13_0	type6	i13 object-maximum-vitalities	8	2	71
4f77afc1	HI_1_13_0	type6	i14 object-dissolver	-11	1	71
4f77afc1	HI_1_13_0	type6	i14 object-dissolver	-26	3	71
4f77afc1	HI_1_13_0	type6	i14 object-dissolver	-27	1	71
4f77afc1	HI_1_13_0	type6	i14 object-dissolver	-4	1	71
4f77afc1	HI_1_13_0	type6	i14 object-dissolver	-5	1	71
4f77afc1	HI_1_13_0	type6	i14 object-dissolver	-8	1	71
4f77afc1	HI_1_13_0	type6	i14 object-dissolver	10	2	71
4f77afc1	HI_1_13_0	type6	i14 object-dissolver	11	2	71
4f77afc1	HI_1_13_0	type6	i14 object-dissolver	17	1	71
4f77afc1	HI_1_13_0	type6	i14 object-dissolver	2	1	71
4f77afc1	HI_1_13_0	type6	i14 object-dissolver	25	1	71
4f77afc1	HI_1_13_0	type6	i14 object-dissolver	32	1	71
4f77afc1	HI_1_13_0	type6	i14 object-dissolver	8	2	71
4f77afc1	HI_1_13_0	type6	i15 object-low-frequency	-1	1	71
4f77afc1	HI_1_13_0	type6	i15 object-low-frequency	-13	1	71
4f77afc1	HI_1_13_0	type6	i15 object-low-frequency	-20	1	71
4f77afc1	HI_1_13_0	type6	i15 object-low-frequency	-22	1	71
4f77afc1	HI_1_13_0	type6	i15 object-low-frequency	-25	1	71
4f77afc1	HI_1_13_0	type6	i15 object-low-frequency	-7	1	71
4f77afc1	HI_1_13_0	type6	i15 object-low-frequency	10	1	71
4f77afc1	HI_1_13_0	type6	i15 object-low-frequency	11	1	71
4f77afc1	HI_1_13_0	type6	i15 object-low-frequency	14	1	71
4f77afc1	HI_1_13_0	type6	i15 object-low-frequency	16	1	71
4f77afc1	HI_1_13_0	type6	i15 object-low-frequency	17	1	71
4f77afc1	HI_1_13_0	type6	i15 object-low-frequency	20	1	71
4f77afc1	HI_1_13_0	type6	i15 object-low-frequency	4	1	71
4f77afc1	HI_1_13_0	type6	i15 object-low-frequency	9	1	71
4f77afc1	HI_1_13_0	type6	i16 object-physics-flags	-1	1	71
4f77afc1	HI_1_13_0	type6	i16 object-physics-flags	-13	1	71
4f77afc1	HI_1_13_0	type6	i16 object-physics-flags	-20	1	71
4f77afc1	HI_1_13_0	type6	i16 object-physics-flags	-22	1	71
4f77afc1	HI_1_13_0	type6	i16 object-physics-flags	-25	1	71
4f77afc1	HI_1_13_0	type6	i16 object-physics-flags	-7	1	71
4f77afc1	HI_1_13_0	type6	i16 object-physics-flags	10	1	71
4f77afc1	HI_1_13_0	type6	i16 object-physics-flags	11	1	71
4f77afc1	HI_1_13_0	type6	i16 object-physics-flags	14	1	71
4f77afc1	HI_1_13_0	type6	i16 object-physics-flags	16	1	71
4f77afc1	HI_1_13_0	type6	i16 object-physics-flags	17	1	71
4f77afc1	HI_1_13_0	type6	i16 object-physics-flags	20	1	71
4f77afc1	HI_1_13_0	type6	i16 object-physics-flags	4	1	71
4f77afc1	HI_1_13_0	type6	i16 object-physics-flags	9	1	71
4f77afc1	HI_1_13_0	type6	i17 object-frame-configuration	-13	1	71
4f77afc1	HI_1_13_0	type6	i17 object-frame-configuration	-19	1	71
4f77afc1	HI_1_13_0	type6	i17 object-frame-configuration	-4	1	71
4f77afc1	HI_1_13_0	type6	i17 object-frame-configuration	-8	1	71
4f77afc1	HI_1_13_0	type6	i17 object-frame-configuration	1	1	71
4f77afc1	HI_1_13_0	type6	i17 object-frame-configuration	16	1	71
4f77afc1	HI_1_13_0	type6	i17 object-frame-configuration	29	1	71
4f77afc1	HI_1_13_0	type6	i18 unit-control	-16	2	71
4f77afc1	HI_1_13_0	type6	i18 unit-control	-25	1	71
4f77afc1	HI_1_13_0	type6	i18 unit-control	-31	1	71
4f77afc1	HI_1_13_0	type6	i18 unit-control	-8	1	71
4f77afc1	HI_1_13_0	type6	i18 unit-control	1	1	71
4f77afc1	HI_1_13_0	type6	i18 unit-control	25	1	71
4f77afc1	HI_1_13_0	type6	i18 unit-control	4	2	71
4f77afc1	HI_1_13_0	type6	i19 unit-actor-control	-11	2	71
4f77afc1	HI_1_13_0	type6	i19 unit-actor-control	-22	1	71
4f77afc1	HI_1_13_0	type6	i19 unit-actor-control	-23	1	71
4f77afc1	HI_1_13_0	type6	i19 unit-actor-control	-27	1	71
4f77afc1	HI_1_13_0	type6	i19 unit-actor-control	-29	2	71
4f77afc1	HI_1_13_0	type6	i19 unit-actor-control	-5	2	71
4f77afc1	HI_1_13_0	type6	i19 unit-actor-control	-6	1	71
4f77afc1	HI_1_13_0	type6	i19 unit-actor-control	13	2	71
4f77afc1	HI_1_13_0	type6	i19 unit-actor-control	21	2	71
4f77afc1	HI_1_13_0	type6	i19 unit-actor-control	23	1	71
4f77afc1	HI_1_13_0	type6	i19 unit-actor-control	3	2	71
4f77afc1	HI_1_13_0	type6	i20 unit-actor-state	-11	2	71
4f77afc1	HI_1_13_0	type6	i20 unit-actor-state	-27	1	71
4f77afc1	HI_1_13_0	type6	i20 unit-actor-state	13	2	71
4f77afc1	HI_1_13_0	type6	i20 unit-actor-state	21	2	71
4f77afc1	HI_1_13_0	type6	i20 unit-actor-state	23	1	71
4f77afc1	HI_1_13_0	type6	i21 unit-desired-aiming-vector	-11	2	71
4f77afc1	HI_1_13_0	type6	i21 unit-desired-aiming-vector	-27	1	71
4f77afc1	HI_1_13_0	type6	i21 unit-desired-aiming-vector	21	2	71
4f77afc1	HI_1_13_0	type6	i21 unit-desired-aiming-vector	23	1	71
4f77afc1	HI_1_13_0	type6	i22 unit-grenade-counts	-27	1	71
4f77afc1	HI_1_13_0	type6	i22 unit-grenade-counts	21	2	71
4f77afc1	HI_1_13_0	type6	i22 unit-grenade-counts	23	1	71
4f77afc1	HI_1_13_0	type6	i23 unit-malleable-property	-26	1	71
4f77afc1	HI_1_13_0	type6	i23 unit-malleable-property	-27	1	71
4f77afc1	HI_1_13_0	type6	i23 unit-malleable-property	21	2	71
4f77afc1	HI_1_13_0	type6	i23 unit-malleable-property	23	1	71
4f77afc1	HI_1_13_0	type6	i24 unit-low-frequency	-26	1	71
4f77afc1	HI_1_13_0	type6	i24 unit-low-frequency	-27	1	71
4f77afc1	HI_1_13_0	type6	i24 unit-low-frequency	21	2	71
4f77afc1	HI_1_13_0	type6	i24 unit-low-frequency	23	1	71
4f77afc1	HI_1_13_0	type6	i24 unit-low-frequency	24	1	71
4f77afc1	HI_1_13_0	type6	i24 unit-low-frequency	28	1	71
4f77afc1	HI_1_13_0	type6	i24 unit-low-frequency	29	1	71
4f77afc1	HI_1_13_0	type6	i25 unit-command-tick	-31	1	71
4f77afc1	HI_1_13_0	type6	i25 unit-command-tick	-32	1	71
4f77afc1	HI_1_13_0	type6	i25 unit-command-tick	18	1	71
4f77afc1	HI_1_13_0	type6	i25 unit-command-tick	19	1	71
4f77afc1	HI_1_13_0	type6	i25 unit-command-tick	23	2	71
4f77afc1	HI_1_13_0	type6	i25 unit-command-tick	24	2	71
4f77afc1	HI_1_13_0	type6	i26 unit-equipment	-31	1	71
4f77afc1	HI_1_13_0	type6	i26 unit-equipment	-32	1	71
4f77afc1	HI_1_13_0	type6	i26 unit-equipment	11	2	71
4f77afc1	HI_1_13_0	type6	i26 unit-equipment	23	2	71
4f77afc1	HI_1_13_0	type6	i26 unit-equipment	24	2	71
4f77afc1	HI_1_13_0	type6	i27 unit-stun	-31	1	71
4f77afc1	HI_1_13_0	type6	i27 unit-stun	-32	1	71
4f77afc1	HI_1_13_0	type6	i27 unit-stun	11	2	71
4f77afc1	HI_1_13_0	type6	i27 unit-stun	23	2	71
4f77afc1	HI_1_13_0	type6	i27 unit-stun	24	2	71
4f77afc1	HI_1_13_0	type6	i28 unit-active-camo-state	-21	1	71
4f77afc1	HI_1_13_0	type6	i28 unit-active-camo-state	-32	1	71
4f77afc1	HI_1_13_0	type6	i28 unit-active-camo-state	11	2	71
4f77afc1	HI_1_13_0	type6	i28 unit-active-camo-state	15	1	71
4f77afc1	HI_1_13_0	type6	i28 unit-active-camo-state	21	1	71
4f77afc1	HI_1_13_0	type6	i28 unit-active-camo-state	27	1	71
4f77afc1	HI_1_13_0	type6	i29 unit-crouch	-21	1	71
4f77afc1	HI_1_13_0	type6	i29 unit-crouch	-32	1	71
4f77afc1	HI_1_13_0	type6	i29 unit-crouch	11	2	71
4f77afc1	HI_1_13_0	type6	i29 unit-crouch	15	1	71
4f77afc1	HI_1_13_0	type6	i29 unit-crouch	21	1	71
4f77afc1	HI_1_13_0	type6	i29 unit-crouch	27	1	71
4f77afc1	HI_1_13_0	type6	i30 vehicle-auto-turret-triggers	-21	1	71
4f77afc1	HI_1_13_0	type6	i30 vehicle-auto-turret-triggers	-32	1	71
4f77afc1	HI_1_13_0	type6	i30 vehicle-auto-turret-triggers	11	2	71
4f77afc1	HI_1_13_0	type6	i30 vehicle-auto-turret-triggers	15	1	71
4f77afc1	HI_1_13_0	type6	i30 vehicle-auto-turret-triggers	21	1	71
4f77afc1	HI_1_13_0	type6	i30 vehicle-auto-turret-triggers	27	1	71
4f77afc1	HI_1_13_0	type6	i31 vehicle-auto-turret-aiming-vector	-21	1	71
4f77afc1	HI_1_13_0	type6	i31 vehicle-auto-turret-aiming-vector	-32	1	71
4f77afc1	HI_1_13_0	type6	i31 vehicle-auto-turret-aiming-vector	11	2	71
4f77afc1	HI_1_13_0	type6	i31 vehicle-auto-turret-aiming-vector	15	1	71
4f77afc1	HI_1_13_0	type6	i31 vehicle-auto-turret-aiming-vector	21	1	71
4f77afc1	HI_1_13_0	type6	i31 vehicle-auto-turret-aiming-vector	27	1	71
4f77afc1	HI_1_13_0	type6	i32 vehicle-transformed-or-desired-open-state-changed	-21	1	71
4f77afc1	HI_1_13_0	type6	i32 vehicle-transformed-or-desired-open-state-changed	-32	1	71
4f77afc1	HI_1_13_0	type6	i32 vehicle-transformed-or-desired-open-state-changed	11	2	71
4f77afc1	HI_1_13_0	type6	i32 vehicle-transformed-or-desired-open-state-changed	15	1	71
4f77afc1	HI_1_13_0	type6	i32 vehicle-transformed-or-desired-open-state-changed	21	1	71
4f77afc1	HI_1_13_0	type6	i32 vehicle-transformed-or-desired-open-state-changed	27	1	71
4f77afc1	HI_1_13_0	type6	i33 vehicle-type-state	-13	1	71
4f77afc1	HI_1_13_0	type6	i33 vehicle-type-state	-27	1	71
4f77afc1	HI_1_13_0	type6	i33 vehicle-type-state	-32	1	71
4f77afc1	HI_1_13_0	type6	i33 vehicle-type-state	11	2	71
4f77afc1	HI_1_13_0	type6	i33 vehicle-type-state	21	1	71
4f77afc1	HI_1_13_0	type6	i33 vehicle-type-state	27	1	71
4f77afc1	HI_1_13_0	type6	i34 vehicle-type-physics	-32	1	71
4f77afc1	HI_1_13_0	type6	i34 vehicle-type-physics	21	1	71
4f77afc1	HI_1_13_0	type6	i34 vehicle-type-physics	27	1	71
4f77afc1	HI_1_13_0	type6	i35 vehicle-auto-turret-target	-10	1	71
4f77afc1	HI_1_13_0	type6	i35 vehicle-auto-turret-target	-28	1	71
4f77afc1	HI_1_13_0	type6	i35 vehicle-auto-turret-target	-30	1	71
4f77afc1	HI_1_13_0	type6	i35 vehicle-auto-turret-target	22	1	71
4f77afc1	HI_1_13_0	type6	i35 vehicle-auto-turret-target	28	1	71
4f77afc1	HI_1_13_0	type6	i35 vehicle-auto-turret-target	29	1	71
4f77afc1	HI_1_13_0	type6	i36 vehicle-sentry-state	-10	1	71
4f77afc1	HI_1_13_0	type6	i36 vehicle-sentry-state	-28	1	71
4f77afc1	HI_1_13_0	type6	i36 vehicle-sentry-state	-30	1	71
4f77afc1	HI_1_13_0	type6	i36 vehicle-sentry-state	22	1	71
4f77afc1	HI_1_13_0	type6	i36 vehicle-sentry-state	28	1	71
4f77afc1	HI_1_13_0	type6	i36 vehicle-sentry-state	29	1	71
4f77afc1	HI_1_13_0	type6	i37 vehicle-emp-timer	-10	1	71
4f77afc1	HI_1_13_0	type6	i37 vehicle-emp-timer	-28	1	71
4f77afc1	HI_1_13_0	type6	i37 vehicle-emp-timer	-30	1	71
4f77afc1	HI_1_13_0	type6	i37 vehicle-emp-timer	22	1	71
4f77afc1	HI_1_13_0	type6	i37 vehicle-emp-timer	28	1	71
4f77afc1	HI_1_13_0	type6	i37 vehicle-emp-timer	29	1	71
4f77afc1	HI_1_13_0	type6	i38 vehicle-weapon-set	-10	1	71
4f77afc1	HI_1_13_0	type6	i38 vehicle-weapon-set	-28	1	71
4f77afc1	HI_1_13_0	type6	i38 vehicle-weapon-set	20	1	71
4f77afc1	HI_1_13_0	type6	i38 vehicle-weapon-set	26	1	71
4f77afc1	HI_1_13_0	type6	i38 vehicle-weapon-set	29	1	71
4f77afc1	HI_1_13_0	type6	i39 vehicle-auto-turret	-10	1	71
4f77afc1	HI_1_13_0	type6	i39 vehicle-auto-turret	-28	1	71
4f77afc1	HI_1_13_0	type6	i39 vehicle-auto-turret	20	1	71
4f77afc1	HI_1_13_0	type6	i39 vehicle-auto-turret	26	1	71
4f77afc1	HI_1_13_0	type6	i39 vehicle-auto-turret	29	1	71
4f77afc1	HI_1_13_0	type6	i40 vehicle-equipment-turret-parent	-10	1	71
4f77afc1	HI_1_13_0	type6	i40 vehicle-equipment-turret-parent	-23	1	71
4f77afc1	HI_1_13_0	type6	i40 vehicle-equipment-turret-parent	-28	1	71
4f77afc1	HI_1_13_0	type6	i40 vehicle-equipment-turret-parent	20	1	71
4f77afc1	HI_1_13_0	type6	i41 vehicle-seats-override-pitch	-10	1	71
4f77afc1	HI_1_13_0	type6	i41 vehicle-seats-override-pitch	-23	1	71
4f77afc1	HI_1_13_0	type6	i41 vehicle-seats-override-pitch	-28	1	71
4f77afc1	HI_1_13_0	type6	i41 vehicle-seats-override-pitch	20	1	71
4f77afc1	HI_1_13_0	type6	i42 vehicle-seats-override-yaw	-10	1	71
4f77afc1	HI_1_13_0	type6	i42 vehicle-seats-override-yaw	-23	1	71
4f77afc1	HI_1_13_0	type6	i42 vehicle-seats-override-yaw	-28	1	71
4f77afc1	HI_1_13_0	type6	i42 vehicle-seats-override-yaw	20	1	71
4f77afc1	HI_1_13_0	type6	i43 simulation-state	18	1	71
4f77afc1	HI_1_13_0	type6	i43 simulation-state	23	1	71
4f77afc1	HI_1_13_0	type6	i43 simulation-state	26	1	71
4f77afc1	HI_1_13_0	type6	i44 simulation-state-playback	-31	1	71
4f77afc1	HI_1_13_0	type6	i44 simulation-state-playback	18	1	71
4f77afc1	HI_1_13_0	type6	i44 simulation-state-playback	23	1	71
4f77afc1	HI_1_13_0	type6	i45 air-drop-flight	-31	1	71
4f77afc1	HI_1_13_0	type6	i45 air-drop-flight	18	1	71
4f77afc1	HI_1_13_0	type6	i45 air-drop-flight	23	1	71
4f77afc1	HI_1_13_0	type6	i46 warp	18	1	71
4f77afc1	HI_1_13_0	type6	i46 warp	23	1	71
4f77afc1	HI_1_13_0	type6	i47 vehicle-low-frequency	18	1	71
4f77afc1	HI_1_13_0	type7	etat-par-defaut	-23	15	26
4f77afc1	HI_1_13_0	type7	etat-par-defaut	-27	4	26
4f77afc1	HI_1_13_0	type7	etat-par-defaut	-9	1	26
4f77afc1	HI_1_13_0	type7	etat-par-defaut	1	1	26
4f77afc1	HI_1_13_0	type7	etat-par-defaut	10	16	26
4f77afc1	HI_1_13_0	type7	etat-par-defaut	17	1	26
4f77afc1	HI_1_13_0	type7	etat-par-defaut	19	2	26
4f77afc1	HI_1_13_0	type7	etat-par-defaut	22	2	26
4f77afc1	HI_1_13_0	type7	etat-par-defaut	23	6	26
4f77afc1	HI_1_13_0	type7	etat-par-defaut	29	22	26
4f77afc1	HI_1_13_0	type7	etat-par-defaut	30	9	26
4f77afc1	HI_1_13_0	type7	etat-par-defaut	32	4	26
4f77afc1	HI_1_13_0	type7	etat-par-defaut	7	1	26
4f77afc1	HI_1_13_0	type7	i00 object-position-dynamic-precision	-10	3	26
4f77afc1	HI_1_13_0	type7	i00 object-position-dynamic-precision	-14	15	26
4f77afc1	HI_1_13_0	type7	i00 object-position-dynamic-precision	-16	15	26
4f77afc1	HI_1_13_0	type7	i00 object-position-dynamic-precision	-19	4	26
4f77afc1	HI_1_13_0	type7	i00 object-position-dynamic-precision	-21	3	26
4f77afc1	HI_1_13_0	type7	i00 object-position-dynamic-precision	-23	1	26
4f77afc1	HI_1_13_0	type7	i00 object-position-dynamic-precision	-26	4	26
4f77afc1	HI_1_13_0	type7	i00 object-position-dynamic-precision	-27	2	26
4f77afc1	HI_1_13_0	type7	i00 object-position-dynamic-precision	-28	2	26
4f77afc1	HI_1_13_0	type7	i00 object-position-dynamic-precision	-29	2	26
4f77afc1	HI_1_13_0	type7	i00 object-position-dynamic-precision	-3	1	26
4f77afc1	HI_1_13_0	type7	i00 object-position-dynamic-precision	-6	3	26
4f77afc1	HI_1_13_0	type7	i00 object-position-dynamic-precision	-8	1	26
4f77afc1	HI_1_13_0	type7	i00 object-position-dynamic-precision	1	1	26
4f77afc1	HI_1_13_0	type7	i00 object-position-dynamic-precision	10	3	26
4f77afc1	HI_1_13_0	type7	i00 object-position-dynamic-precision	11	18	26
4f77afc1	HI_1_13_0	type7	i00 object-position-dynamic-precision	12	11	26
4f77afc1	HI_1_13_0	type7	i00 object-position-dynamic-precision	17	1	26
4f77afc1	HI_1_13_0	type7	i00 object-position-dynamic-precision	20	1	26
4f77afc1	HI_1_13_0	type7	i00 object-position-dynamic-precision	21	17	26
4f77afc1	HI_1_13_0	type7	i00 object-position-dynamic-precision	22	15	26
4f77afc1	HI_1_13_0	type7	i00 object-position-dynamic-precision	23	3	26
4f77afc1	HI_1_13_0	type7	i00 object-position-dynamic-precision	26	9	26
4f77afc1	HI_1_13_0	type7	i00 object-position-dynamic-precision	29	23	26
4f77afc1	HI_1_13_0	type7	i00 object-position-dynamic-precision	30	2	26
4f77afc1	HI_1_13_0	type7	i00 object-position-dynamic-precision	7	1	26
4f77afc1	HI_1_13_0	type7	i00 object-position-dynamic-precision	8	1	26
4f77afc1	HI_1_13_0	type7	i01 object-translational-velocity-dynamic-precision	-1	17	26
4f77afc1	HI_1_13_0	type7	i01 object-translational-velocity-dynamic-precision	-12	18	26
4f77afc1	HI_1_13_0	type7	i01 object-translational-velocity-dynamic-precision	-17	1	26
4f77afc1	HI_1_13_0	type7	i01 object-translational-velocity-dynamic-precision	-21	1	26
4f77afc1	HI_1_13_0	type7	i01 object-translational-velocity-dynamic-precision	-22	1	26
4f77afc1	HI_1_13_0	type7	i01 object-translational-velocity-dynamic-precision	-24	2	26
4f77afc1	HI_1_13_0	type7	i01 object-translational-velocity-dynamic-precision	-26	5	26
4f77afc1	HI_1_13_0	type7	i01 object-translational-velocity-dynamic-precision	-27	2	26
4f77afc1	HI_1_13_0	type7	i01 object-translational-velocity-dynamic-precision	-28	4	26
4f77afc1	HI_1_13_0	type7	i01 object-translational-velocity-dynamic-precision	-29	2	26
4f77afc1	HI_1_13_0	type7	i01 object-translational-velocity-dynamic-precision	-31	1	26
4f77afc1	HI_1_13_0	type7	i01 object-translational-velocity-dynamic-precision	-32	1	26
4f77afc1	HI_1_13_0	type7	i01 object-translational-velocity-dynamic-precision	-8	1	26
4f77afc1	HI_1_13_0	type7	i01 object-translational-velocity-dynamic-precision	-9	1	26
4f77afc1	HI_1_13_0	type7	i01 object-translational-velocity-dynamic-precision	1	1	26
4f77afc1	HI_1_13_0	type7	i01 object-translational-velocity-dynamic-precision	10	3	26
4f77afc1	HI_1_13_0	type7	i01 object-translational-velocity-dynamic-precision	17	1	26
4f77afc1	HI_1_13_0	type7	i01 object-translational-velocity-dynamic-precision	18	3	26
4f77afc1	HI_1_13_0	type7	i01 object-translational-velocity-dynamic-precision	29	20	26
4f77afc1	HI_1_13_0	type7	i01 object-translational-velocity-dynamic-precision	30	2	26
4f77afc1	HI_1_13_0	type7	i01 object-translational-velocity-dynamic-precision	31	2	26
4f77afc1	HI_1_13_0	type7	i01 object-translational-velocity-dynamic-precision	6	8	26
4f77afc1	HI_1_13_0	type7	i01 object-translational-velocity-dynamic-precision	7	5	26
4f77afc1	HI_1_13_0	type7	i02 object-forward-and-up-dynamic-precision	-12	15	26
4f77afc1	HI_1_13_0	type7	i02 object-forward-and-up-dynamic-precision	-16	9	26
4f77afc1	HI_1_13_0	type7	i02 object-forward-and-up-dynamic-precision	-18	2	26
4f77afc1	HI_1_13_0	type7	i02 object-forward-and-up-dynamic-precision	-19	2	26
4f77afc1	HI_1_13_0	type7	i02 object-forward-and-up-dynamic-precision	-22	1	26
4f77afc1	HI_1_13_0	type7	i02 object-forward-and-up-dynamic-precision	-23	3	26
4f77afc1	HI_1_13_0	type7	i02 object-forward-and-up-dynamic-precision	-24	2	26
4f77afc1	HI_1_13_0	type7	i02 object-forward-and-up-dynamic-precision	-25	2	26
4f77afc1	HI_1_13_0	type7	i02 object-forward-and-up-dynamic-precision	-27	2	26
4f77afc1	HI_1_13_0	type7	i02 object-forward-and-up-dynamic-precision	-29	1	26
4f77afc1	HI_1_13_0	type7	i02 object-forward-and-up-dynamic-precision	10	2	26
4f77afc1	HI_1_13_0	type7	i02 object-forward-and-up-dynamic-precision	11	1	26
4f77afc1	HI_1_13_0	type7	i02 object-forward-and-up-dynamic-precision	13	3	26
4f77afc1	HI_1_13_0	type7	i02 object-forward-and-up-dynamic-precision	18	10	26
4f77afc1	HI_1_13_0	type7	i02 object-forward-and-up-dynamic-precision	19	3	26
4f77afc1	HI_1_13_0	type7	i02 object-forward-and-up-dynamic-precision	22	3	26
4f77afc1	HI_1_13_0	type7	i02 object-forward-and-up-dynamic-precision	24	6	26
4f77afc1	HI_1_13_0	type7	i02 object-forward-and-up-dynamic-precision	26	2	26
4f77afc1	HI_1_13_0	type7	i02 object-forward-and-up-dynamic-precision	29	18	26
4f77afc1	HI_1_13_0	type7	i02 object-forward-and-up-dynamic-precision	32	9	26
4f77afc1	HI_1_13_0	type7	i02 object-forward-and-up-dynamic-precision	4	12	26
4f77afc1	HI_1_13_0	type7	i02 object-forward-and-up-dynamic-precision	8	9	26
4f77afc1	HI_1_13_0	type7	i03 object-angular-velocity-dynamic-precision	-12	15	26
4f77afc1	HI_1_13_0	type7	i03 object-angular-velocity-dynamic-precision	-18	2	26
4f77afc1	HI_1_13_0	type7	i03 object-angular-velocity-dynamic-precision	-19	2	26
4f77afc1	HI_1_13_0	type7	i03 object-angular-velocity-dynamic-precision	-22	2	26
4f77afc1	HI_1_13_0	type7	i03 object-angular-velocity-dynamic-precision	-29	1	26
4f77afc1	HI_1_13_0	type7	i03 object-angular-velocity-dynamic-precision	13	3	26
4f77afc1	HI_1_13_0	type7	i03 object-angular-velocity-dynamic-precision	14	1	26
4f77afc1	HI_1_13_0	type7	i03 object-angular-velocity-dynamic-precision	15	3	26
4f77afc1	HI_1_13_0	type7	i03 object-angular-velocity-dynamic-precision	16	3	26
4f77afc1	HI_1_13_0	type7	i03 object-angular-velocity-dynamic-precision	19	3	26
4f77afc1	HI_1_13_0	type7	i03 object-angular-velocity-dynamic-precision	2	17	26
4f77afc1	HI_1_13_0	type7	i03 object-angular-velocity-dynamic-precision	30	2	26
4f77afc1	HI_1_13_0	type7	i03 object-angular-velocity-dynamic-precision	4	15	26
4f77afc1	HI_1_13_0	type7	i04 object-body-vitality	-12	15	26
4f77afc1	HI_1_13_0	type7	i04 object-body-vitality	-18	2	26
4f77afc1	HI_1_13_0	type7	i04 object-body-vitality	-19	2	26
4f77afc1	HI_1_13_0	type7	i04 object-body-vitality	-22	2	26
4f77afc1	HI_1_13_0	type7	i04 object-body-vitality	-29	1	26
4f77afc1	HI_1_13_0	type7	i04 object-body-vitality	13	3	26
4f77afc1	HI_1_13_0	type7	i04 object-body-vitality	14	1	26
4f77afc1	HI_1_13_0	type7	i04 object-body-vitality	15	3	26
4f77afc1	HI_1_13_0	type7	i04 object-body-vitality	16	3	26
4f77afc1	HI_1_13_0	type7	i04 object-body-vitality	19	3	26
4f77afc1	HI_1_13_0	type7	i04 object-body-vitality	2	17	26
4f77afc1	HI_1_13_0	type7	i04 object-body-vitality	30	2	26
4f77afc1	HI_1_13_0	type7	i04 object-body-vitality	4	15	26
4f77afc1	HI_1_13_0	type7	i05 object-shield-vitality	-1	3	26
4f77afc1	HI_1_13_0	type7	i05 object-shield-vitality	-10	2	26
4f77afc1	HI_1_13_0	type7	i05 object-shield-vitality	-14	1	26
4f77afc1	HI_1_13_0	type7	i05 object-shield-vitality	-18	2	26
4f77afc1	HI_1_13_0	type7	i05 object-shield-vitality	-19	2	26
4f77afc1	HI_1_13_0	type7	i05 object-shield-vitality	-22	2	26
4f77afc1	HI_1_13_0	type7	i05 object-shield-vitality	-29	1	26
4f77afc1	HI_1_13_0	type7	i05 object-shield-vitality	1	3	26
4f77afc1	HI_1_13_0	type7	i05 object-shield-vitality	14	1	26
4f77afc1	HI_1_13_0	type7	i05 object-shield-vitality	16	3	26
4f77afc1	HI_1_13_0	type7	i05 object-shield-vitality	18	2	26
4f77afc1	HI_1_13_0	type7	i05 object-shield-vitality	19	3	26
4f77afc1	HI_1_13_0	type7	i05 object-shield-vitality	2	17	26
4f77afc1	HI_1_13_0	type7	i05 object-shield-vitality	30	2	26
4f77afc1	HI_1_13_0	type7	i05 object-shield-vitality	31	3	26
4f77afc1	HI_1_13_0	type7	i05 object-shield-vitality	4	15	26
4f77afc1	HI_1_13_0	type7	i06 object-region-state	-10	3	26
4f77afc1	HI_1_13_0	type7	i06 object-region-state	-22	2	26
4f77afc1	HI_1_13_0	type7	i06 object-region-state	-23	1	26
4f77afc1	HI_1_13_0	type7	i06 object-region-state	-24	3	26
4f77afc1	HI_1_13_0	type7	i06 object-region-state	-26	3	26
4f77afc1	HI_1_13_0	type7	i06 object-region-state	-29	3	26
4f77afc1	HI_1_13_0	type7	i06 object-region-state	-32	1	26
4f77afc1	HI_1_13_0	type7	i06 object-region-state	-4	2	26
4f77afc1	HI_1_13_0	type7	i06 object-region-state	-5	3	26
4f77afc1	HI_1_13_0	type7	i06 object-region-state	12	1	26
4f77afc1	HI_1_13_0	type7	i06 object-region-state	16	1	26
4f77afc1	HI_1_13_0	type7	i06 object-region-state	19	3	26
4f77afc1	HI_1_13_0	type7	i06 object-region-state	2	2	26
4f77afc1	HI_1_13_0	type7	i06 object-region-state	20	2	26
4f77afc1	HI_1_13_0	type7	i06 object-region-state	22	9	26
4f77afc1	HI_1_13_0	type7	i06 object-region-state	5	1	26
4f77afc1	HI_1_13_0	type7	i06 object-region-state	7	3	26
4f77afc1	HI_1_13_0	type7	i06 object-region-state	8	1	26
4f77afc1	HI_1_13_0	type7	i07 object-damage-sections	-1	3	26
4f77afc1	HI_1_13_0	type7	i07 object-damage-sections	-11	3	26
4f77afc1	HI_1_13_0	type7	i07 object-damage-sections	-12	2	26
4f77afc1	HI_1_13_0	type7	i07 object-damage-sections	-17	1	26
4f77afc1	HI_1_13_0	type7	i07 object-damage-sections	-19	3	26
4f77afc1	HI_1_13_0	type7	i07 object-damage-sections	-21	3	26
4f77afc1	HI_1_13_0	type7	i07 object-damage-sections	-22	2	26
4f77afc1	HI_1_13_0	type7	i07 object-damage-sections	-4	2	26
4f77afc1	HI_1_13_0	type7	i07 object-damage-sections	-5	4	26
4f77afc1	HI_1_13_0	type7	i07 object-damage-sections	11	1	26
4f77afc1	HI_1_13_0	type7	i07 object-damage-sections	12	2	26
4f77afc1	HI_1_13_0	type7	i07 object-damage-sections	17	1	26
4f77afc1	HI_1_13_0	type7	i07 object-damage-sections	19	1	26
4f77afc1	HI_1_13_0	type7	i07 object-damage-sections	2	2	26
4f77afc1	HI_1_13_0	type7	i07 object-damage-sections	20	2	26
4f77afc1	HI_1_13_0	type7	i07 object-damage-sections	22	9	26
4f77afc1	HI_1_13_0	type7	i07 object-damage-sections	27	1	26
4f77afc1	HI_1_13_0	type7	i07 object-damage-sections	3	1	26
4f77afc1	HI_1_13_0	type7	i07 object-damage-sections	5	2	26
4f77afc1	HI_1_13_0	type7	i07 object-damage-sections	7	3	26
4f77afc1	HI_1_13_0	type7	i07 object-damage-sections	9	3	26
4f77afc1	HI_1_13_0	type7	i08 object-constraint	-14	2	26
4f77afc1	HI_1_13_0	type7	i08 object-constraint	-15	3	26
4f77afc1	HI_1_13_0	type7	i08 object-constraint	-21	3	26
4f77afc1	HI_1_13_0	type7	i08 object-constraint	-29	3	26
4f77afc1	HI_1_13_0	type7	i08 object-constraint	-6	2	26
4f77afc1	HI_1_13_0	type7	i08 object-constraint	-7	3	26
4f77afc1	HI_1_13_0	type7	i08 object-constraint	1	4	26
4f77afc1	HI_1_13_0	type7	i08 object-constraint	10	2	26
4f77afc1	HI_1_13_0	type7	i08 object-constraint	17	4	26
4f77afc1	HI_1_13_0	type7	i08 object-constraint	18	2	26
4f77afc1	HI_1_13_0	type7	i08 object-constraint	2	2	26
4f77afc1	HI_1_13_0	type7	i08 object-constraint	22	9	26
4f77afc1	HI_1_13_0	type7	i08 object-constraint	23	1	26
4f77afc1	HI_1_13_0	type7	i08 object-constraint	25	3	26
4f77afc1	HI_1_13_0	type7	i08 object-constraint	31	3	26
4f77afc1	HI_1_13_0	type7	i08 object-constraint	7	4	26
4f77afc1	HI_1_13_0	type7	i08 object-constraint	9	4	26
4f77afc1	HI_1_13_0	type7	i09 object-multiplayer-properties	-1	1	26
4f77afc1	HI_1_13_0	type7	i09 object-multiplayer-properties	-17	1	26
4f77afc1	HI_1_13_0	type7	i09 object-multiplayer-properties	-2	2	26
4f77afc1	HI_1_13_0	type7	i09 object-multiplayer-properties	15	1	26
4f77afc1	HI_1_13_0	type7	i09 object-multiplayer-properties	20	1	26
4f77afc1	HI_1_13_0	type7	i09 object-multiplayer-properties	25	1	26
4f77afc1	HI_1_13_0	type7	i09 object-multiplayer-properties	5	1	26
4f77afc1	HI_1_13_0	type7	i09 object-multiplayer-properties	7	3	26
4f77afc1	HI_1_13_0	type7	i10 object-parent-state	-3	2	26
4f77afc1	HI_1_13_0	type7	i10 object-parent-state	12	3	26
4f77afc1	HI_1_13_0	type7	i10 object-parent-state	17	3	26
4f77afc1	HI_1_13_0	type7	i10 object-parent-state	24	2	26
4f77afc1	HI_1_13_0	type7	i10 object-parent-state	7	5	26
4f77afc1	HI_1_13_0	type7	i11 object-dead-state	13	2	26
4f77afc1	HI_1_13_0	type7	i12 object-scale	29	2	26
4f77afc1	HI_1_13_0	type7	i13 object-maximum-vitalities	29	2	26
4f77afc1	HI_1_13_0	type7	i14 object-dissolver	29	2	26
4f77afc1	HI_1_13_0	type7	i20 unit-actor-state	1	2	26
4f77afc1	HI_1_13_0	type7	i20 unit-actor-state	21	2	26
4f77afc1	HI_1_13_0	type7	i20 unit-actor-state	26	2	26
4f77afc1	HI_1_13_0	type7	i21 unit-desired-aiming-vector	1	2	26
4f77afc1	HI_1_13_0	type7	i21 unit-desired-aiming-vector	21	2	26
4f77afc1	HI_1_13_0	type7	i21 unit-desired-aiming-vector	26	2	26
4f77afc1	HI_1_13_0	type7	i22 unit-grenade-counts	17	2	26
4f77afc1	HI_1_13_0	type7	i22 unit-grenade-counts	5	2	26
4f77afc1	HI_1_13_0	type7	i23 unit-malleable-property	30	2	26
4f77afc1	HI_1_13_0	type7	i23 unit-malleable-property	5	2	26
4f77afc1	HI_1_13_0	type7	i24 unit-low-frequency	13	2	26
4f77afc1	HI_1_13_0	type7	i24 unit-low-frequency	30	2	26
4f77afc1	HI_1_13_0	type7	i24 unit-low-frequency	5	2	26
4f77afc1	HI_1_13_0	type7	i25 unit-command-tick	11	2	26
4f77afc1	HI_1_13_0	type7	i25 unit-command-tick	13	2	26
4f77afc1	HI_1_13_0	type7	i25 unit-command-tick	5	2	26
4f77afc1	HI_1_13_0	type7	i26 unit-equipment	11	2	26
4f77afc1	HI_1_13_0	type7	i26 unit-equipment	13	2	26
4f77afc1	HI_1_13_0	type7	i26 unit-equipment	25	2	26
4f77afc1	HI_1_13_0	type7	i27 unit-stun	11	2	26
4f77afc1	HI_1_13_0	type7	i27 unit-stun	13	2	26
4f77afc1	HI_1_13_0	type7	i27 unit-stun	25	2	26
4f77afc1	HI_1_13_0	type7	i28 unit-active-camo-state	11	2	26
4f77afc1	HI_1_13_0	type7	i28 unit-active-camo-state	13	2	26
4f77afc1	HI_1_13_0	type7	i28 unit-active-camo-state	23	2	26
4f77afc1	HI_1_13_0	type7	i28 unit-active-camo-state	25	2	26
4f77afc1	HI_1_13_0	type7	i29 unit-crouch	11	2	26
4f77afc1	HI_1_13_0	type7	i29 unit-crouch	13	2	26
4f77afc1	HI_1_13_0	type7	i29 unit-crouch	23	2	26
4f77afc1	HI_1_13_0	type7	i29 unit-crouch	25	2	26
4f77afc1	HI_1_13_0	type7	i30 vehicle-auto-turret-triggers	11	2	26
4f77afc1	HI_1_13_0	type7	i30 vehicle-auto-turret-triggers	13	2	26
4f77afc1	HI_1_13_0	type7	i30 vehicle-auto-turret-triggers	23	2	26
4f77afc1	HI_1_13_0	type7	i30 vehicle-auto-turret-triggers	25	2	26
4f77afc1	HI_1_13_0	type7	i31 vehicle-auto-turret-aiming-vector	11	2	26
4f77afc1	HI_1_13_0	type7	i31 vehicle-auto-turret-aiming-vector	13	2	26
4f77afc1	HI_1_13_0	type7	i31 vehicle-auto-turret-aiming-vector	23	2	26
4f77afc1	HI_1_13_0	type7	i31 vehicle-auto-turret-aiming-vector	25	2	26
4f77afc1	HI_1_13_0	type7	i32 vehicle-transformed-or-desired-open-state-changed	11	2	26
4f77afc1	HI_1_13_0	type7	i32 vehicle-transformed-or-desired-open-state-changed	13	2	26
4f77afc1	HI_1_13_0	type7	i32 vehicle-transformed-or-desired-open-state-changed	23	2	26
4f77afc1	HI_1_13_0	type7	i32 vehicle-transformed-or-desired-open-state-changed	25	2	26
4f77afc1	HI_1_13_0	type7	i33 vehicle-type-state	11	2	26
4f77afc1	HI_1_13_0	type7	i33 vehicle-type-state	13	2	26
4f77afc1	HI_1_13_0	type7	i33 vehicle-type-state	23	2	26
4f77afc1	HI_1_13_0	type7	i33 vehicle-type-state	25	2	26
4f77afc1	HI_1_13_0	type7	i34 vehicle-type-physics	11	2	26
4f77afc1	HI_1_13_0	type7	i34 vehicle-type-physics	13	2	26
4f77afc1	HI_1_13_0	type7	i34 vehicle-type-physics	23	2	26
4f77afc1	HI_1_13_0	type7	i34 vehicle-type-physics	25	2	26
4f77afc1	HI_1_13_0	type7	i35 vehicle-auto-turret-target	7	2	26
4f77afc1	HI_1_13_0	type7	i35 vehicle-auto-turret-target	9	2	26
4f77afc1	HI_1_13_0	type7	i36 vehicle-sentry-state	7	2	26
4f77afc1	HI_1_13_0	type7	i36 vehicle-sentry-state	9	2	26
4f77afc1	HI_1_13_0	type7	i37 vehicle-emp-timer	7	2	26
4f77afc1	HI_1_13_0	type7	i37 vehicle-emp-timer	9	2	26
4f77afc1	HI_1_13_0	type7	i38 vehicle-weapon-set	7	2	26
4f77afc1	HI_1_13_0	type7	i39 vehicle-auto-turret	7	2	26
4f77afc1	HI_1_13_0	type7	i40 vehicle-equipment-turret-parent	-8	2	26
4f77afc1	HI_1_13_0	type7	i41 vehicle-seats-override-pitch	-8	2	26
4f77afc1	HI_1_13_0	type7	i42 vehicle-seats-override-yaw	-8	2	26
4f77afc1	HI_1_13_0	type7	i43 simulation-state	-8	2	26
4f77afc1	HI_1_13_0	type7	i44 simulation-state-playback	-13	2	26
4f77afc1	HI_1_13_0	type7	i44 simulation-state-playback	-8	2	26
4f77afc1	HI_1_13_0	type7	i45 air-drop-flight	-13	2	26
4f77afc1	HI_1_13_0	type7	i45 air-drop-flight	-8	2	26
4f77afc1	HI_1_13_0	type7	i46 warp	-13	2	26
4f77afc1	HI_1_13_0	type7	i46 warp	-8	2	26
4f77afc1	HI_1_13_0	type7	i47 vehicle-low-frequency	-13	2	26
