carte,col,lig,niveau,composante,x,y,z,h_m,v,e,nb_visibles,d_arme_forte_m,d_arme_m,d_objectif_m,d_couvert_m,r_prox,m_prox,h_n,v_n,e_n,r_n,m_n,score
streets,-5,-40,0,0,-2.25,-19.75,0.90,0.336,0.000,0.000,0,21.77,10.54,5.15,0.00,0.742,1.000,0.540,0.000,0.000,0.696,1.000,0.451
streets,-4,-40,0,0,-1.75,-19.75,0.51,-0.031,0.000,0.000,0,21.59,10.36,4.97,0.00,0.752,1.000,0.322,0.000,0.000,0.710,1.000,0.389
streets,-3,-40,0,0,-1.25,-19.75,0.51,-0.012,0.000,0.000,0,21.47,10.24,4.85,0.00,0.757,1.000,0.334,0.000,0.000,0.718,1.000,0.394
streets,-2,-40,0,0,-0.75,-19.75,0.51,0.004,0.000,0.000,0,21.37,10.12,4.75,0.00,0.763,1.000,0.343,0.000,0.000,0.725,1.000,0.398
streets,-1,-40,0,0,-0.25,-19.75,0.51,0.016,0.000,0.000,0,21.48,10.01,4.87,0.00,0.757,1.000,0.350,0.000,0.000,0.717,1.000,0.398
streets,0,-40,0,0,0.25,-19.75,0.51,0.019,0.000,0.000,0,21.36,9.89,4.76,0.00,0.762,1.000,0.352,0.000,0.000,0.725,1.000,0.401
streets,1,-40,0,0,0.75,-19.75,0.51,0.016,0.000,0.000,0,21.24,9.77,4.64,0.00,0.768,1.000,0.350,0.000,0.000,0.733,1.000,0.402
streets,2,-40,0,0,1.25,-19.75,0.51,0.005,0.000,0.000,0,21.36,9.65,4.76,0.00,0.762,1.000,0.344,0.000,0.000,0.725,1.000,0.398
streets,3,-40,0,0,1.75,-19.75,0.51,-0.014,0.000,0.000,0,21.48,9.77,4.88,0.00,0.756,1.000,0.332,0.000,0.000,0.716,1.000,0.393
streets,-5,-39,0,0,-2.25,-19.25,0.52,-0.021,0.000,0.000,0,21.21,9.98,4.59,0.00,0.771,1.000,0.328,0.000,0.000,0.737,1.000,0.396
streets,-4,-39,0,0,-1.75,-19.25,0.51,-0.014,0.000,0.000,0,21.09,9.86,4.47,0.00,0.777,1.000,0.332,0.000,0.000,0.746,1.000,0.399
streets,-3,-39,0,0,-1.25,-19.25,0.51,0.005,0.000,0.000,0,20.97,9.74,4.35,0.00,0.782,1.000,0.344,0.000,0.000,0.755,1.000,0.404
streets,-2,-39,0,0,-0.75,-19.25,0.51,0.021,0.000,0.000,0,20.87,9.64,4.25,0.00,0.788,1.000,0.353,0.000,0.000,0.762,1.000,0.408
streets,-1,-39,0,0,-0.25,-19.25,0.51,0.032,0.000,0.000,0,20.98,9.51,4.37,0.00,0.782,1.000,0.360,0.000,0.000,0.753,1.000,0.409
streets,0,-39,0,0,0.25,-19.25,0.51,0.034,0.000,0.000,0,20.86,9.39,4.26,0.00,0.787,1.000,0.361,0.000,0.000,0.761,1.000,0.411
streets,1,-39,0,0,0.75,-19.25,0.51,0.031,0.000,0.000,0,20.74,9.27,4.14,0.00,0.793,1.000,0.360,0.000,0.000,0.770,1.000,0.412
streets,2,-39,0,0,1.25,-19.25,0.51,0.019,0.000,0.000,0,20.86,9.15,4.26,0.00,0.787,1.000,0.352,0.000,0.000,0.761,1.000,0.408
streets,3,-39,0,0,1.75,-19.25,0.51,-0.006,0.000,0.000,0,20.98,9.27,4.38,0.00,0.781,1.000,0.337,0.000,0.000,0.753,1.000,0.402
streets,-5,-38,0,0,-2.25,-18.75,0.52,0.002,0.000,0.000,0,20.71,9.48,4.09,0.00,0.796,1.000,0.342,0.000,0.000,0.774,1.000,0.407
streets,-4,-38,0,0,-1.75,-18.75,0.51,0.007,0.000,0.000,0,20.59,9.36,3.97,0.00,0.802,1.000,0.345,0.000,0.000,0.783,1.000,0.410
streets,-3,-38,0,0,-1.25,-18.75,0.51,0.025,0.000,0.000,0,20.47,9.24,3.85,0.00,0.807,1.000,0.356,0.000,0.000,0.791,1.000,0.415
streets,-2,-38,0,0,-0.75,-18.75,0.51,0.038,0.000,0.000,0,20.37,9.14,3.75,0.00,0.813,1.000,0.364,0.000,0.000,0.799,1.000,0.419
streets,-1,-38,0,0,-0.25,-18.75,0.51,0.046,0.000,0.000,0,20.48,9.01,3.87,0.00,0.807,1.000,0.368,0.000,0.000,0.790,1.000,0.418
streets,0,-38,0,0,0.25,-18.75,0.51,0.049,0.000,0.000,0,20.36,8.89,3.76,0.00,0.812,1.000,0.370,0.000,0.000,0.798,1.000,0.421
streets,1,-38,0,0,0.75,-18.75,0.51,0.045,0.000,0.000,0,20.24,8.77,3.64,0.00,0.818,1.000,0.368,0.000,0.000,0.807,1.000,0.422
streets,2,-38,0,0,1.25,-18.75,0.51,0.030,0.000,0.000,0,20.36,8.65,3.76,0.00,0.812,1.000,0.359,0.000,0.000,0.798,1.000,0.417
streets,3,-38,0,0,1.75,-18.75,0.51,0.001,0.000,0.000,0,20.48,8.77,3.88,0.00,0.806,1.000,0.342,0.000,0.000,0.789,1.000,0.410
streets,-14,-37,0,1,-6.75,-18.25,0.90,-0.026,0.034,0.250,26,24.45,12.61,2.74,3.04,0.863,0.747,0.325,0.171,0.310,0.873,0.049,0.267
streets,-13,-37,0,1,-6.25,-18.25,0.90,0.029,0.034,0.250,26,24.34,12.50,2.62,2.54,0.869,0.789,0.358,0.171,0.310,0.882,0.206,0.302
streets,-12,-37,0,1,-5.75,-18.25,0.90,0.073,0.035,0.306,27,24.45,12.61,2.50,1.62,0.875,0.865,0.384,0.178,0.379,0.890,0.493,0.346
streets,-11,-37,0,1,-5.25,-18.25,0.90,0.108,0.031,0.278,24,24.57,12.72,2.62,1.54,0.869,0.872,0.405,0.158,0.345,0.882,0.519,0.355
streets,-10,-37,0,1,-4.75,-18.25,0.90,0.165,0.027,0.222,21,24.69,12.84,2.74,1.04,0.863,0.914,0.439,0.138,0.276,0.873,0.676,0.394
streets,-9,-37,0,1,-4.25,-18.25,0.90,0.226,0.023,0.194,18,24.81,12.96,2.94,0.76,0.853,0.937,0.475,0.118,0.241,0.858,0.762,0.416
streets,-8,-37,0,1,-3.75,-18.25,0.63,-0.005,0.012,0.194,9,25.13,13.28,3.26,7.30,0.837,0.392,0.338,0.059,0.241,0.834,0.000,0.244
streets,-7,-37,0,1,-3.25,-18.25,0.51,-0.083,0.009,0.139,7,25.56,13.71,3.69,7.73,0.815,0.356,0.292,0.046,0.172,0.803,0.000,0.232
streets,-5,-37,0,0,-2.25,-18.25,0.51,-0.001,0.000,0.000,0,20.22,8.99,3.67,0.00,0.816,1.000,0.340,0.000,0.000,0.804,1.000,0.413
streets,-4,-37,0,0,-1.75,-18.25,0.51,0.026,0.000,0.000,0,20.09,8.86,3.47,0.00,0.827,1.000,0.356,0.000,0.000,0.819,1.000,0.421
streets,-3,-37,0,0,-1.25,-18.25,0.51,0.043,0.000,0.000,0,19.97,8.74,3.35,0.00,0.832,1.000,0.366,0.000,0.000,0.828,1.000,0.426
streets,-2,-37,0,0,-0.75,-18.25,0.51,0.055,0.000,0.000,0,19.87,8.64,3.25,0.00,0.838,1.000,0.374,0.000,0.000,0.835,1.000,0.429
streets,-1,-37,0,0,-0.25,-18.25,0.51,0.058,0.000,0.000,0,19.99,8.59,3.37,0.00,0.832,1.000,0.375,0.000,0.000,0.827,1.000,0.428
streets,0,-37,0,0,0.25,-18.25,0.51,0.057,0.000,0.000,0,19.86,8.39,3.26,0.00,0.837,1.000,0.375,0.000,0.000,0.835,1.000,0.429
streets,1,-37,0,0,0.75,-18.25,0.51,0.052,0.000,0.000,0,19.74,8.27,3.14,0.00,0.843,1.000,0.372,0.000,0.000,0.843,1.000,0.430
streets,2,-37,0,0,1.25,-18.25,0.51,0.038,0.000,0.000,0,19.86,8.15,3.26,0.00,0.837,1.000,0.364,0.000,0.000,0.835,1.000,0.426
streets,3,-37,0,0,1.75,-18.25,0.51,0.015,0.000,0.000,0,19.98,8.27,3.47,0.00,0.827,1.000,0.350,0.000,0.000,0.819,1.000,0.419
streets,4,-37,0,0,2.25,-18.25,0.51,0.004,0.000,0.000,0,20.11,8.40,3.67,0.00,0.816,1.000,0.343,0.000,0.000,0.804,1.000,0.414
streets,6,-37,0,0,3.25,-18.25,0.51,-0.037,0.005,0.111,4,22.65,2.99,15.60,5.00,0.220,0.584,0.319,0.026,0.138,0.000,0.000,0.080
streets,7,-37,0,0,3.75,-18.25,0.64,0.073,0.004,0.056,3,22.21,2.56,15.17,4.57,0.242,0.619,0.384,0.020,0.069,0.000,0.000,0.109
streets,8,-37,0,0,4.25,-18.25,0.84,0.248,0.006,0.139,5,21.98,2.12,14.93,1.17,0.253,0.903,0.488,0.033,0.172,0.000,0.635,0.222
streets,9,-37,0,0,4.75,-18.25,0.91,0.271,0.013,0.111,10,21.86,1.83,14.81,0.71,0.259,0.941,0.502,0.066,0.138,0.000,0.777,0.260
streets,-15,-36,0,1,-7.25,-17.75,0.90,-0.128,0.034,0.194,26,24.07,12.22,2.53,3.54,0.873,0.705,0.265,0.171,0.241,0.888,0.000,0.255
streets,-14,-36,0,1,-6.75,-17.75,0.90,-0.064,0.032,0.222,25,23.95,12.11,2.24,2.50,0.888,0.792,0.303,0.164,0.276,0.910,0.217,0.297
streets,-13,-36,0,1,-6.25,-17.75,0.90,0.005,0.034,0.278,26,23.84,12.00,2.12,2.54,0.894,0.789,0.344,0.171,0.345,0.918,0.206,0.300
streets,-12,-36,0,1,-5.75,-17.75,0.90,0.054,0.034,0.278,26,23.95,12.11,2.00,1.50,0.900,0.875,0.373,0.171,0.345,0.927,0.530,0.359
streets,-11,-36,0,1,-5.25,-17.75,0.90,0.093,0.031,0.278,24,24.07,12.22,2.12,1.54,0.894,0.872,0.396,0.158,0.345,0.918,0.519,0.360
streets,-10,-36,0,1,-4.75,-17.75,0.90,0.152,0.026,0.222,20,24.19,12.34,2.24,1.04,0.888,0.914,0.431,0.132,0.276,0.910,0.676,0.397
streets,-9,-36,0,1,-4.25,-17.75,0.90,0.205,0.017,0.167,13,24.39,12.55,2.53,0.57,0.873,0.952,0.463,0.086,0.207,0.888,0.821,0.426
streets,-8,-36,0,1,-3.75,-17.75,0.63,-0.024,0.008,0.111,6,24.84,12.99,2.98,7.01,0.851,0.416,0.327,0.039,0.138,0.855,0.000,0.256
streets,-7,-36,0,1,-3.25,-17.75,0.51,-0.101,0.008,0.083,6,25.35,13.51,3.49,7.52,0.826,0.373,0.281,0.039,0.103,0.818,0.000,0.240
streets,-5,-36,0,0,-2.25,-17.75,0.51,-0.022,0.040,0.250,31,19.73,8.58,3.26,0.50,0.837,0.958,0.328,0.204,0.310,0.834,0.843,0.386
streets,-4,-36,0,0,-1.75,-17.75,0.51,0.024,0.039,0.278,30,19.59,8.36,2.97,0.50,0.852,0.958,0.355,0.197,0.345,0.856,0.843,0.392
streets,-3,-36,0,0,-1.25,-17.75,0.51,0.062,0.043,0.306,33,19.47,8.24,2.85,0.50,0.857,0.958,0.378,0.217,0.379,0.864,0.843,0.399
streets,-2,-36,0,0,-0.75,-17.75,0.51,0.072,0.047,0.333,36,19.37,8.14,2.75,0.50,0.863,0.958,0.383,0.237,0.414,0.872,0.843,0.401
streets,-1,-36,0,0,-0.25,-17.75,0.51,0.073,0.048,0.333,37,19.58,8.18,2.96,0.50,0.852,0.958,0.384,0.243,0.414,0.857,0.843,0.400
streets,0,-36,0,0,0.25,-17.75,0.51,0.068,0.047,0.333,36,19.36,7.89,2.76,0.50,0.862,0.958,0.381,0.237,0.414,0.871,0.843,0.400
streets,1,-36,0,0,0.75,-17.75,0.51,0.062,0.045,0.306,35,19.24,7.77,2.64,0.50,0.868,0.958,0.378,0.230,0.379,0.880,0.843,0.405
streets,2,-36,0,0,1.25,-17.75,0.51,0.053,0.040,0.306,31,19.36,7.65,2.76,0.50,0.862,0.958,0.372,0.204,0.379,0.871,0.843,0.396
streets,3,-36,0,0,1.75,-17.75,0.51,0.041,0.041,0.306,32,19.48,7.77,2.97,0.50,0.852,0.958,0.365,0.211,0.379,0.856,0.843,0.392
streets,4,-36,0,0,2.25,-17.75,0.51,0.031,0.038,0.250,29,19.70,7.99,3.26,0.50,0.837,0.958,0.359,0.191,0.310,0.834,0.843,0.393
streets,6,-36,0,0,3.25,-17.75,0.51,-0.008,0.003,0.028,2,22.53,2.78,15.48,4.88,0.226,0.594,0.336,0.013,0.034,0.000,0.000,0.098
streets,7,-36,0,0,3.75,-17.75,0.64,0.105,0.005,0.083,4,22.01,2.27,14.96,4.36,0.252,0.637,0.403,0.026,0.103,0.000,0.000,0.111
streets,8,-36,0,0,4.25,-17.75,0.84,0.283,0.005,0.111,4,21.48,1.83,14.43,1.05,0.278,0.912,0.509,0.026,0.138,0.017,0.670,0.241
streets,9,-36,0,0,4.75,-17.75,0.91,0.312,0.014,0.139,11,21.36,1.41,14.31,0.50,0.284,0.958,0.526,0.072,0.172,0.025,0.842,0.278
streets,10,-36,0,0,5.25,-17.75,0.91,0.277,0.022,0.056,17,21.45,1.12,14.21,1.00,0.290,0.916,0.505,0.112,0.069,0.033,0.686,0.273
streets,-15,-35,0,1,-7.25,-17.25,0.90,-0.172,0.034,0.278,26,23.57,11.72,2.12,3.65,0.894,0.696,0.239,0.171,0.345,0.918,0.000,0.238
streets,-14,-35,0,1,-6.75,-17.25,0.90,-0.090,0.034,0.333,26,23.45,11.61,1.83,3.15,0.909,0.737,0.287,0.171,0.414,0.940,0.013,0.248
streets,-13,-35,0,1,-6.25,-17.25,0.90,-0.027,0.034,0.306,26,23.34,11.50,1.62,2.65,0.919,0.779,0.325,0.171,0.379,0.955,0.170,0.291
streets,-12,-35,0,1,-5.75,-17.25,0.90,0.020,0.035,0.389,27,23.45,11.61,1.50,1.62,0.925,0.865,0.353,0.178,0.483,0.963,0.493,0.336
streets,-11,-35,0,1,-5.25,-17.25,0.90,0.059,0.031,0.361,24,23.57,11.72,1.62,1.65,0.919,0.862,0.376,0.158,0.448,0.955,0.483,0.340
streets,-10,-35,0,1,-4.75,-17.25,0.90,0.112,0.027,0.306,21,23.69,11.84,1.83,1.15,0.909,0.904,0.408,0.138,0.379,0.940,0.640,0.377
streets,-5,-35,0,0,-2.25,-17.25,0.53,-0.052,0.039,0.333,30,19.23,8.16,2.86,1.00,0.857,0.917,0.310,0.197,0.414,0.864,0.687,0.346
streets,-4,-35,0,0,-1.75,-17.25,0.51,-0.020,0.040,0.361,31,19.10,7.87,2.56,1.00,0.872,0.917,0.329,0.204,0.448,0.886,0.687,0.352
streets,-3,-35,0,0,-1.25,-17.25,0.52,0.042,0.043,0.389,33,18.98,7.76,2.36,1.00,0.882,0.917,0.366,0.217,0.483,0.900,0.687,0.364
streets,-2,-35,0,0,-0.75,-17.25,0.52,0.076,0.048,0.472,37,18.87,7.64,2.25,1.00,0.888,0.917,0.386,0.243,0.586,0.909,0.687,0.361
streets,1,-35,0,0,0.75,-17.25,0.52,0.078,0.045,0.389,35,18.76,7.28,2.15,1.00,0.892,0.917,0.387,0.230,0.483,0.916,0.687,0.376
streets,2,-35,0,0,1.25,-17.25,0.52,0.080,0.041,0.389,32,18.87,7.16,2.35,1.00,0.882,0.917,0.389,0.211,0.483,0.901,0.687,0.369
streets,3,-35,0,0,1.75,-17.25,0.52,0.070,0.041,0.389,32,18.99,7.28,2.56,1.00,0.872,0.917,0.382,0.211,0.483,0.886,0.687,0.364
streets,9,-35,0,0,4.75,-17.25,0.91,0.343,0.016,0.167,12,20.86,1.12,13.81,0.71,0.309,0.941,0.545,0.079,0.207,0.062,0.777,0.277
streets,10,-35,0,0,5.25,-17.25,0.91,0.311,0.023,0.111,18,20.95,0.71,13.71,1.12,0.315,0.907,0.525,0.118,0.138,0.070,0.649,0.272
streets,11,-35,0,0,5.75,-17.25,0.91,0.284,0.023,0.139,18,21.05,0.50,13.81,1.62,0.309,0.865,0.509,0.118,0.172,0.062,0.492,0.237
streets,-15,-34,0,1,-7.25,-16.75,0.90,-0.206,0.034,0.306,26,23.07,11.22,1.83,3.77,0.909,0.686,0.218,0.171,0.379,0.940,0.000,0.231
streets,-14,-34,0,1,-6.75,-16.75,0.90,-0.131,0.032,0.306,25,22.95,11.11,1.41,2.74,0.929,0.772,0.263,0.164,0.379,0.970,0.143,0.270
streets,-13,-34,0,1,-6.25,-16.75,0.90,-0.067,0.034,0.389,26,22.84,11.00,1.12,2.77,0.944,0.769,0.301,0.171,0.483,0.991,0.133,0.270
streets,-12,-34,0,1,-5.75,-16.75,0.90,-0.023,0.034,0.389,26,22.95,11.11,1.00,1.83,0.950,0.848,0.328,0.171,0.483,1.000,0.428,0.324
streets,-11,-34,0,1,-5.25,-16.75,0.90,0.013,0.030,0.361,23,23.07,11.22,1.12,1.86,0.944,0.845,0.349,0.151,0.448,0.991,0.418,0.329
streets,-10,-34,0,1,-4.75,-16.75,0.90,0.070,0.025,0.278,19,23.28,11.43,1.41,1.65,0.929,0.862,0.383,0.125,0.345,0.970,0.483,0.354
streets,-5,-34,0,0,-2.25,-16.75,1.10,0.481,0.039,0.361,30,18.95,8.00,2.81,1.66,0.860,0.862,0.626,0.197,0.448,0.868,0.479,0.406
streets,-4,-34,0,0,-1.75,-16.75,0.18,-0.396,0.040,0.361,31,18.56,7.43,2.12,1.55,0.894,0.871,0.106,0.204,0.448,0.918,0.513,0.266
streets,-3,-34,0,0,-1.25,-16.75,0.36,-0.166,0.043,0.472,33,18.46,7.23,1.84,1.51,0.908,0.874,0.243,0.217,0.586,0.939,0.527,0.295
streets,-1,-34,0,0,-0.25,-16.75,1.24,0.781,0.065,0.472,50,18.63,7.39,1.95,1.73,0.903,0.855,0.804,0.329,0.586,0.931,0.457,0.474
streets,0,-34,0,0,0.25,-16.75,1.25,0.795,0.066,0.500,51,18.55,7.29,1.95,1.74,0.902,0.855,0.812,0.336,0.621,0.930,0.454,0.472
streets,1,-34,0,0,0.75,-16.75,0.36,-0.072,0.045,0.444,35,18.23,6.76,1.63,1.51,0.918,0.874,0.298,0.230,0.552,0.954,0.527,0.322
streets,2,-34,0,0,1.25,-16.75,0.36,-0.060,0.040,0.417,31,18.35,6.64,1.84,1.51,0.908,0.874,0.305,0.204,0.517,0.939,0.527,0.322
streets,9,-34,0,0,4.75,-16.75,0.91,0.353,0.013,0.139,10,20.36,1.00,13.31,1.21,0.334,0.899,0.551,0.066,0.172,0.099,0.621,0.265
streets,10,-34,0,0,5.25,-16.75,0.91,0.323,0.019,0.083,15,20.45,0.50,13.21,1.42,0.340,0.882,0.533,0.099,0.103,0.106,0.556,0.269
streets,11,-34,0,0,5.75,-16.75,0.91,0.304,0.021,0.167,16,20.55,0.00,13.31,1.83,0.334,0.848,0.521,0.105,0.207,0.099,0.427,0.230
streets,-15,-33,0,1,-7.25,-16.25,0.90,-0.237,0.034,0.306,26,22.57,10.72,1.62,3.89,0.919,0.676,0.200,0.171,0.379,0.955,0.000,0.228
streets,-14,-33,0,1,-6.75,-16.25,0.90,-0.166,0.034,0.361,26,22.45,10.61,1.12,3.39,0.944,0.718,0.242,0.171,0.448,0.991,0.000,0.238
streets,-13,-33,0,1,-6.25,-16.25,0.90,-0.110,0.035,0.361,27,22.34,10.50,0.71,2.53,0.965,0.789,0.276,0.178,0.448,1.000,0.207,0.282
streets,-12,-33,0,1,-5.75,-16.25,0.90,-0.065,0.034,0.389,26,22.45,10.61,0.50,2.12,0.975,0.823,0.302,0.171,0.483,1.000,0.335,0.303
streets,-11,-33,0,1,-5.25,-16.25,0.90,-0.011,0.030,0.389,23,22.57,10.72,0.71,2.27,0.965,0.811,0.334,0.151,0.483,1.000,0.289,0.301
streets,-10,-33,0,1,-4.75,-16.25,0.90,0.038,0.026,0.333,20,22.86,11.01,1.12,2.15,0.944,0.821,0.364,0.132,0.414,0.991,0.326,0.321
streets,-5,-33,0,0,-2.25,-16.25,0.97,0.312,0.034,0.361,26,18.43,7.51,2.49,2.09,0.876,0.825,0.526,0.171,0.448,0.891,0.344,0.354
streets,-4,-33,0,0,-1.75,-16.25,0.18,-0.430,0.038,0.333,29,18.06,7.01,1.83,2.05,0.909,0.829,0.086,0.191,0.414,0.940,0.357,0.243
streets,-3,-33,0,0,-1.25,-16.25,0.23,-0.335,0.039,0.444,30,17.95,6.72,1.41,2.03,0.929,0.831,0.142,0.197,0.552,0.970,0.364,0.248
streets,-2,-33,0,0,-0.75,-16.25,0.23,-0.301,0.036,0.472,28,17.83,6.60,1.21,2.04,0.940,0.830,0.162,0.184,0.586,0.985,0.361,0.249
streets,-1,-33,0,0,-0.25,-16.25,1.37,0.868,0.067,0.500,52,18.23,6.99,1.55,2.25,0.923,0.812,0.856,0.342,0.621,0.960,0.295,0.468
streets,0,-33,0,0,0.25,-16.25,1.42,0.936,0.067,0.500,52,18.19,6.91,1.59,2.27,0.921,0.811,0.896,0.342,0.621,0.957,0.289,0.479
streets,1,-33,0,0,0.75,-16.25,0.23,-0.234,0.039,0.444,30,17.72,6.25,1.21,2.03,0.940,0.831,0.202,0.197,0.552,0.985,0.364,0.269
streets,2,-33,0,0,1.25,-16.25,0.23,-0.209,0.040,0.417,31,17.84,6.13,1.41,2.03,0.929,0.831,0.217,0.204,0.517,0.970,0.364,0.277
streets,9,-33,0,0,4.75,-16.25,0.91,0.360,0.013,0.139,10,19.86,1.12,12.81,1.71,0.359,0.857,0.554,0.066,0.172,0.135,0.464,0.250
streets,10,-33,0,0,5.25,-16.25,0.91,0.332,0.022,0.083,17,19.95,0.71,12.71,1.83,0.365,0.848,0.538,0.112,0.103,0.143,0.427,0.261
streets,11,-33,0,0,5.75,-16.25,0.91,0.304,0.022,0.139,17,20.05,0.50,12.81,2.12,0.359,0.823,0.521,0.112,0.172,0.135,0.335,0.230
streets,-15,-32,0,1,-7.25,-15.75,0.90,-0.273,0.035,0.333,27,22.12,10.27,1.50,3.65,0.925,0.696,0.179,0.178,0.414,0.963,0.000,0.220
streets,-14,-32,0,1,-6.75,-15.75,0.90,-0.191,0.031,0.306,24,21.95,10.11,1.00,3.24,0.950,0.730,0.228,0.158,0.379,1.000,0.000,0.243
streets,-13,-32,0,1,-6.25,-15.75,0.90,-0.130,0.034,0.417,26,21.84,10.00,0.50,2.83,0.975,0.764,0.264,0.171,0.517,1.000,0.114,0.253
streets,-12,-32,0,1,-5.75,-15.75,0.90,-0.080,0.035,0.389,27,21.95,10.11,0.00,2.53,1.000,0.789,0.293,0.178,0.483,1.000,0.207,0.282
streets,-11,-32,0,1,-5.25,-15.75,0.90,-0.045,0.030,0.417,23,22.16,10.31,0.50,2.77,0.975,0.769,0.314,0.151,0.517,1.000,0.133,0.267
streets,-10,-32,0,1,-4.75,-15.75,0.90,0.010,0.025,0.306,19,22.42,10.58,1.00,2.65,0.950,0.779,0.347,0.125,0.379,1.000,0.170,0.298
streets,-5,-32,0,0,-2.25,-15.75,0.19,-0.500,0.041,0.417,32,17.68,6.90,2.12,2.67,0.894,0.777,0.044,0.211,0.517,0.918,0.163,0.186
streets,-4,-32,0,0,-1.75,-15.75,0.18,-0.478,0.041,0.417,32,17.56,6.60,1.62,2.55,0.919,0.787,0.057,0.211,0.517,0.955,0.200,0.203
streets,-3,-32,0,0,-1.25,-15.75,0.18,-0.429,0.043,0.500,33,17.45,6.31,1.12,2.53,0.944,0.789,0.087,0.217,0.621,0.991,0.208,0.206
streets,-2,-32,0,0,-0.75,-15.75,0.18,-0.395,0.041,0.500,32,17.33,6.10,0.71,2.54,0.965,0.788,0.107,0.211,0.621,1.000,0.203,0.212
streets,-1,-32,0,0,-0.25,-15.75,0.19,-0.369,0.041,0.556,32,17.22,5.98,0.50,2.94,0.975,0.755,0.122,0.211,0.690,1.000,0.080,0.187
streets,0,-32,0,0,0.25,-15.75,0.20,-0.342,0.040,0.500,31,17.10,5.86,0.50,2.64,0.975,0.780,0.138,0.204,0.621,1.000,0.172,0.215
streets,1,-32,0,0,0.75,-15.75,0.18,-0.331,0.041,0.556,32,17.22,5.74,0.71,2.53,0.965,0.789,0.144,0.211,0.690,1.000,0.208,0.213
streets,2,-32,0,0,1.25,-15.75,0.18,-0.305,0.039,0.444,30,17.33,5.63,1.12,2.53,0.944,0.789,0.160,0.197,0.552,0.991,0.208,0.234
streets,3,-32,0,0,1.75,-15.75,0.18,-0.293,0.041,0.472,32,17.45,5.51,1.62,2.64,0.919,0.780,0.167,0.211,0.586,0.955,0.172,0.221
streets,9,-32,0,0,4.75,-15.75,0.93,0.401,0.014,0.139,11,19.39,1.41,12.34,1.74,0.383,0.855,0.579,0.072,0.172,0.170,0.456,0.265
streets,10,-32,0,0,5.25,-15.75,0.93,0.369,0.018,0.056,14,19.47,1.12,12.23,1.74,0.388,0.855,0.560,0.092,0.069,0.177,0.456,0.280
streets,11,-32,0,0,5.75,-15.75,0.93,0.345,0.021,0.167,16,19.57,1.00,12.34,1.74,0.383,0.855,0.545,0.105,0.207,0.170,0.456,0.256
streets,-15,-31,0,1,-7.25,-15.25,0.90,-0.294,0.034,0.306,26,21.68,9.83,1.62,3.88,0.919,0.677,0.166,0.171,0.379,0.955,0.000,0.218
streets,-14,-31,0,1,-6.75,-15.25,0.90,-0.223,0.032,0.306,25,21.45,9.61,1.12,3.54,0.944,0.705,0.209,0.164,0.379,0.991,0.000,0.237
streets,-13,-31,0,1,-6.25,-15.25,0.90,-0.156,0.034,0.389,26,21.34,9.50,0.71,3.24,0.965,0.730,0.248,0.171,0.483,1.000,0.000,0.236
streets,-12,-31,0,1,-5.75,-15.25,0.90,-0.113,0.038,0.417,29,21.45,9.61,0.50,2.94,0.975,0.755,0.274,0.191,0.517,1.000,0.078,0.254
streets,-11,-31,0,1,-5.25,-15.25,0.90,-0.067,0.030,0.389,23,21.74,9.89,0.71,3.27,0.965,0.728,0.301,0.151,0.483,1.000,0.000,0.248
streets,-10,-31,0,1,-4.75,-15.25,0.90,-0.023,0.026,0.361,20,22.01,10.16,1.12,3.15,0.944,0.737,0.327,0.132,0.448,0.991,0.013,0.258
streets,-5,-31,0,0,-2.25,-15.25,0.19,-0.549,0.040,0.417,31,17.18,6.49,2.00,3.17,0.900,0.736,0.015,0.204,0.517,0.927,0.006,0.154
streets,-4,-31,0,0,-1.75,-15.25,0.18,-0.523,0.038,0.389,29,17.06,6.19,1.50,3.05,0.925,0.746,0.031,0.191,0.483,0.963,0.043,0.174
streets,-3,-31,0,0,-1.25,-15.25,0.18,-0.471,0.041,0.444,32,16.95,5.89,1.00,3.03,0.950,0.748,0.061,0.211,0.552,1.000,0.051,0.185
streets,-2,-31,0,0,-0.75,-15.25,0.18,-0.448,0.041,0.528,32,16.83,5.60,0.50,3.04,0.975,0.747,0.075,0.211,0.655,1.000,0.047,0.174
streets,-1,-31,0,0,-0.25,-15.25,0.19,-0.416,0.041,0.556,32,16.72,5.48,0.00,3.16,1.000,0.737,0.094,0.211,0.690,1.000,0.010,0.169
streets,0,-31,0,0,0.25,-15.25,0.19,-0.399,0.040,0.556,31,16.60,5.36,0.00,3.14,1.000,0.738,0.104,0.204,0.690,1.000,0.016,0.171
streets,1,-31,0,0,0.75,-15.25,0.18,-0.374,0.040,0.556,31,16.72,5.24,0.50,3.03,0.975,0.748,0.119,0.204,0.690,1.000,0.051,0.181
streets,2,-31,0,0,1.25,-15.25,0.18,-0.352,0.041,0.472,32,16.83,5.13,1.00,3.03,0.950,0.748,0.132,0.211,0.586,1.000,0.051,0.202
streets,3,-31,0,0,1.75,-15.25,0.18,-0.334,0.040,0.500,31,16.95,5.01,1.50,3.14,0.925,0.738,0.143,0.204,0.621,0.963,0.015,0.186
streets,9,-31,0,0,4.75,-15.25,1.20,0.692,0.014,0.111,11,18.82,1.86,11.77,1.17,0.412,0.903,0.751,0.072,0.138,0.212,0.633,0.356
streets,10,-31,0,0,5.25,-15.25,1.20,0.659,0.021,0.056,16,18.90,1.66,11.67,1.17,0.417,0.903,0.732,0.105,0.069,0.219,0.633,0.369
streets,11,-31,0,0,5.75,-15.25,1.20,0.627,0.022,0.139,17,19.01,1.54,11.77,1.17,0.412,0.903,0.713,0.112,0.172,0.212,0.633,0.348
streets,-15,-30,0,1,-7.25,-14.75,1.02,-0.199,0.036,0.306,28,21.25,9.40,1.83,3.45,0.908,0.712,0.223,0.184,0.379,0.939,0.000,0.235
streets,-14,-30,0,1,-6.75,-14.75,1.00,-0.136,0.031,0.306,24,20.99,9.15,1.42,3.20,0.929,0.734,0.260,0.158,0.379,0.969,0.000,0.247
streets,-13,-30,0,1,-6.25,-14.75,1.00,-0.074,0.034,0.444,26,20.84,9.00,1.12,3.01,0.944,0.749,0.297,0.171,0.552,0.991,0.056,0.247
streets,-12,-30,0,1,-5.75,-14.75,0.90,-0.117,0.038,0.417,29,21.04,9.19,1.00,3.24,0.950,0.730,0.272,0.191,0.517,1.000,0.000,0.242
streets,-11,-30,0,1,-5.25,-14.75,0.90,-0.073,0.030,0.444,23,21.30,9.46,1.12,3.51,0.944,0.708,0.298,0.151,0.552,0.991,0.000,0.235
streets,-10,-30,0,1,-4.75,-14.75,0.90,-0.023,0.025,0.333,19,21.80,9.96,1.41,3.65,0.929,0.696,0.327,0.125,0.414,0.970,0.000,0.255
streets,-5,-30,0,0,-2.25,-14.75,0.19,-0.581,0.041,0.444,32,16.69,6.08,2.12,3.13,0.894,0.739,0.000,0.211,0.552,0.918,0.019,0.146
streets,-4,-30,0,0,-1.75,-14.75,0.18,-0.555,0.041,0.444,32,16.57,5.78,1.62,3.01,0.919,0.749,0.012,0.211,0.552,0.955,0.056,0.162
streets,-3,-30,0,0,-1.25,-14.75,0.18,-0.510,0.043,0.556,33,16.45,5.48,1.12,3.13,0.944,0.739,0.039,0.217,0.690,0.991,0.020,0.153
streets,-2,-30,0,0,-0.75,-14.75,0.18,-0.481,0.041,0.556,32,16.33,5.19,0.71,3.25,0.965,0.729,0.056,0.211,0.690,1.000,0.000,0.155
streets,-1,-30,0,0,-0.25,-14.75,0.19,-0.455,0.043,0.639,33,16.22,4.98,0.50,3.37,0.975,0.719,0.071,0.217,0.793,1.000,0.000,0.146
streets,0,-30,0,0,0.25,-14.75,0.19,-0.433,0.041,0.583,32,16.10,4.87,0.50,3.64,0.975,0.697,0.084,0.211,0.724,1.000,0.000,0.159
streets,1,-30,0,0,0.75,-14.75,0.18,-0.403,0.040,0.583,31,16.22,4.75,0.71,3.53,0.965,0.706,0.102,0.204,0.724,1.000,0.000,0.163
streets,2,-30,0,0,1.25,-14.75,0.18,-0.389,0.039,0.583,30,16.34,4.63,1.12,3.53,0.944,0.706,0.110,0.197,0.724,0.991,0.000,0.162
streets,3,-30,0,0,1.75,-14.75,0.18,-0.356,0.040,0.528,31,16.45,4.51,1.62,3.34,0.919,0.722,0.130,0.204,0.655,0.955,0.000,0.172
streets,9,-30,0,0,4.75,-14.75,1.54,1.040,0.016,0.139,12,18.22,2.39,11.18,0.57,0.441,0.953,0.958,0.079,0.172,0.255,0.822,0.452
streets,10,-30,0,0,5.25,-14.75,1.54,1.009,0.021,0.056,16,18.30,2.26,11.07,0.57,0.447,0.953,0.939,0.105,0.069,0.263,0.822,0.468
streets,11,-30,0,0,5.75,-14.75,1.54,0.978,0.023,0.167,18,18.42,2.15,11.18,0.57,0.441,0.953,0.921,0.118,0.207,0.255,0.822,0.443
streets,-15,-29,0,1,-7.25,-14.25,1.29,0.067,0.036,0.333,28,20.76,8.92,2.18,3.07,0.891,0.744,0.380,0.184,0.414,0.914,0.038,0.277
streets,-14,-29,0,1,-6.75,-14.25,1.27,0.118,0.036,0.306,28,20.50,8.65,1.88,2.70,0.906,0.775,0.411,0.184,0.379,0.936,0.153,0.313
streets,-13,-29,0,1,-6.25,-14.25,1.27,0.193,0.038,0.444,29,20.28,8.43,1.68,2.45,0.916,0.796,0.455,0.191,0.552,0.950,0.234,0.317
streets,-5,-29,0,0,-2.25,-14.25,0.15,-0.649,0.036,0.361,28,16.18,5.67,2.24,2.63,0.888,0.781,0.000,0.184,0.448,0.909,0.176,0.178
streets,-4,-29,0,0,-1.75,-14.25,0.12,-0.655,0.036,0.389,28,16.06,5.37,1.83,2.51,0.909,0.791,0.000,0.184,0.483,0.939,0.214,0.184
streets,-3,-29,0,0,-1.25,-14.25,0.12,-0.612,0.038,0.444,29,15.94,5.07,1.42,2.62,0.929,0.781,0.000,0.191,0.552,0.970,0.178,0.176
streets,-2,-29,0,0,-0.75,-14.25,0.12,-0.586,0.039,0.528,30,15.83,4.77,1.12,2.74,0.944,0.771,0.000,0.197,0.655,0.991,0.141,0.161
streets,-1,-29,0,0,-0.25,-14.25,0.14,-0.534,0.038,0.556,29,15.72,4.48,1.00,2.95,0.950,0.754,0.024,0.191,0.690,1.000,0.075,0.153
streets,0,-29,0,0,0.25,-14.25,0.14,-0.512,0.041,0.583,32,15.60,4.36,1.00,3.25,0.950,0.729,0.037,0.211,0.724,1.000,0.000,0.145
streets,1,-29,0,0,0.75,-14.25,0.12,-0.497,0.040,0.556,31,15.72,4.24,1.12,3.54,0.944,0.705,0.046,0.204,0.690,0.991,0.000,0.149
streets,2,-29,0,0,1.25,-14.25,0.12,-0.454,0.043,0.528,33,15.83,4.12,1.42,3.13,0.929,0.739,0.072,0.217,0.655,0.970,0.021,0.164
streets,3,-29,0,0,1.75,-14.25,0.12,-0.433,0.043,0.556,33,15.95,4.01,1.83,2.83,0.909,0.764,0.084,0.217,0.690,0.939,0.113,0.170
streets,9,-29,0,0,4.75,-14.25,1.81,1.316,0.000,0.000,0,17.65,2.93,10.61,0.00,0.469,1.000,1.000,0.000,0.000,0.296,1.000,0.509
streets,10,-29,0,0,5.25,-14.25,1.81,1.290,0.000,0.000,0,17.73,2.81,10.50,0.00,0.475,1.000,1.000,0.000,0.000,0.305,1.000,0.511
streets,11,-29,0,0,5.75,-14.25,1.81,1.256,0.000,0.000,0,17.85,2.71,10.61,0.00,0.469,1.000,1.000,0.000,0.000,0.296,1.000,0.509
streets,-15,-28,0,1,-7.25,-13.75,1.57,0.323,0.038,0.333,29,20.40,8.55,2.65,2.79,0.868,0.767,0.532,0.191,0.414,0.879,0.125,0.330
streets,-14,-28,0,1,-6.75,-13.75,1.54,0.365,0.038,0.306,29,20.01,8.17,2.36,2.32,0.882,0.806,0.557,0.191,0.379,0.900,0.272,0.369
streets,-13,-28,0,1,-6.25,-13.75,1.54,0.434,0.039,0.444,30,19.75,7.91,2.25,1.95,0.888,0.837,0.598,0.197,0.552,0.909,0.388,0.376
streets,-5,-28,0,0,-2.25,-13.75,0.01,-0.784,0.041,0.417,32,15.67,5.36,2.54,2.12,0.873,0.823,0.000,0.211,0.517,0.887,0.336,0.192
streets,-4,-28,0,0,-1.75,-13.75,-0.00,-0.777,0.041,0.444,32,15.56,4.95,2.13,2.00,0.893,0.833,0.000,0.211,0.552,0.917,0.373,0.199
streets,-3,-28,0,0,-1.25,-13.75,-0.00,-0.742,0.043,0.528,33,15.44,4.65,1.84,2.12,0.908,0.823,0.000,0.217,0.655,0.939,0.336,0.183
streets,-2,-28,0,0,-0.75,-13.75,-0.00,-0.718,0.041,0.556,32,15.32,4.36,1.63,2.24,0.918,0.814,0.000,0.211,0.690,0.954,0.299,0.174
streets,-1,-28,0,0,-0.25,-13.75,0.01,-0.689,0.043,0.611,33,15.21,4.06,1.52,2.53,0.924,0.789,0.000,0.217,0.759,0.962,0.207,0.153
streets,0,-28,0,0,0.25,-13.75,0.01,-0.669,0.041,0.583,32,15.09,3.85,1.52,2.83,0.924,0.764,0.000,0.211,0.724,0.962,0.114,0.143
streets,1,-28,0,0,0.75,-13.75,-0.00,-0.636,0.043,0.611,33,15.21,3.74,1.63,3.24,0.918,0.730,0.000,0.217,0.759,0.954,0.000,0.120
streets,2,-28,0,0,1.25,-13.75,-0.00,-0.581,0.041,0.500,32,15.33,3.62,1.84,2.83,0.908,0.765,0.000,0.211,0.621,0.939,0.115,0.154
streets,3,-28,0,0,1.75,-13.75,-0.00,-0.547,0.045,0.583,35,15.44,3.50,2.13,2.41,0.893,0.799,0.016,0.230,0.724,0.917,0.244,0.162
streets,9,-28,0,0,4.75,-13.75,2.01,1.521,0.000,0.000,0,17.13,3.47,10.19,0.00,0.491,1.000,1.000,0.000,0.000,0.327,1.000,0.515
streets,10,-28,0,0,5.25,-13.75,2.01,1.500,0.000,0.000,0,17.22,3.35,9.98,0.00,0.501,1.000,1.000,0.000,0.000,0.343,1.000,0.519
streets,-15,-27,0,1,-7.25,-13.25,1.84,0.573,0.040,0.333,31,20.08,8.23,3.13,2.63,0.843,0.781,0.681,0.204,0.414,0.844,0.176,0.378
streets,-14,-27,0,1,-6.75,-13.25,1.81,0.630,0.041,0.306,32,19.67,7.82,2.92,2.13,0.854,0.822,0.715,0.211,0.379,0.860,0.331,0.421
streets,-13,-27,0,1,-6.25,-13.25,1.81,0.710,0.041,0.417,32,19.26,7.41,2.81,1.65,0.859,0.863,0.762,0.211,0.517,0.867,0.483,0.439
streets,-12,-27,0,1,-5.75,-13.25,1.98,0.958,0.051,0.444,39,18.95,7.10,3.00,1.12,0.850,0.907,0.909,0.257,0.552,0.853,0.650,0.509
streets,-11,-27,0,1,-5.25,-13.25,2.37,1.408,0.039,0.417,30,18.79,6.95,3.47,1.10,0.826,0.908,1.000,0.197,0.517,0.819,0.655,0.524
streets,-6,-27,0,0,-2.75,-13.25,0.01,-0.797,0.025,0.222,19,15.47,5.48,3.25,1.83,0.837,0.848,0.000,0.125,0.276,0.835,0.428,0.215
streets,-5,-27,0,0,-2.25,-13.25,0.00,-0.792,0.043,0.389,33,15.17,5.06,2.83,1.62,0.858,0.865,0.000,0.217,0.483,0.866,0.493,0.218
streets,-4,-27,0,0,-1.75,-13.25,-0.00,-0.779,0.041,0.417,32,15.06,4.65,2.54,1.50,0.873,0.875,0.000,0.211,0.517,0.887,0.530,0.221
streets,-3,-27,0,0,-1.25,-13.25,-0.00,-0.745,0.043,0.500,33,14.94,4.24,2.24,1.62,0.888,0.865,0.000,0.217,0.621,0.909,0.493,0.206
streets,-2,-27,0,0,-0.75,-13.25,-0.00,-0.719,0.041,0.500,32,14.82,3.95,2.13,1.83,0.894,0.848,0.000,0.211,0.621,0.917,0.428,0.197
streets,-1,-27,0,0,-0.25,-13.25,-0.00,-0.703,0.043,0.639,33,14.71,3.65,2.01,2.12,0.899,0.823,0.000,0.217,0.793,0.926,0.335,0.160
streets,0,-27,0,0,0.25,-13.25,-0.00,-0.687,0.044,0.611,34,14.59,3.35,2.01,2.53,0.899,0.789,0.000,0.224,0.759,0.926,0.207,0.147
streets,1,-27,0,0,0.75,-13.25,-0.00,-0.641,0.045,0.500,35,14.71,3.24,2.13,2.62,0.894,0.782,0.000,0.230,0.621,0.917,0.180,0.163
streets,2,-27,0,0,1.25,-13.25,-0.00,-0.586,0.045,0.583,35,14.83,3.12,2.24,2.62,0.888,0.782,0.000,0.230,0.724,0.909,0.180,0.146
streets,3,-27,0,0,1.75,-13.25,-0.00,-0.550,0.044,0.528,34,14.94,3.00,2.54,2.12,0.873,0.823,0.015,0.224,0.655,0.887,0.336,0.179
streets,4,-27,0,0,2.25,-13.25,0.00,-0.519,0.045,0.472,35,15.06,3.12,2.83,1.71,0.858,0.858,0.033,0.230,0.586,0.866,0.465,0.211
streets,9,-27,0,0,4.75,-13.25,0.00,-0.480,0.003,0.056,2,16.77,4.65,5.95,1.00,0.702,0.917,0.056,0.013,0.069,0.637,0.687,0.240
streets,9,-27,1,0,4.75,-13.25,2.00,1.522,0.047,0.167,36,16.63,3.95,9.85,0.50,0.508,0.958,1.000,0.237,0.207,0.352,0.843,0.513
streets,10,-27,0,0,5.25,-13.25,-0.00,-0.506,0.003,0.028,2,16.98,4.86,6.07,1.12,0.696,0.907,0.041,0.013,0.034,0.629,0.650,0.233
streets,10,-27,1,0,5.25,-13.25,2.00,1.497,0.048,0.083,37,16.72,3.83,9.48,0.50,0.526,0.958,1.000,0.243,0.103,0.379,0.843,0.536
streets,12,-27,0,0,6.25,-13.25,0.09,-0.506,0.044,0.222,34,18.28,6.15,7.46,1.01,0.627,0.916,0.041,0.224,0.276,0.527,0.685,0.224
streets,13,-27,0,0,6.75,-13.25,0.24,-0.424,0.048,0.278,37,18.50,6.38,7.68,1.23,0.616,0.897,0.089,0.243,0.345,0.511,0.613,0.218
streets,14,-27,0,0,7.25,-13.25,0.38,-0.365,0.057,0.278,44,18.94,6.82,8.12,1.67,0.594,0.861,0.125,0.289,0.345,0.479,0.478,0.211
streets,15,-27,0,0,7.75,-13.25,0.50,-0.316,0.060,0.278,46,19.45,7.33,8.63,2.18,0.568,0.818,0.154,0.303,0.345,0.441,0.317,0.191
streets,16,-27,0,0,8.25,-13.25,0.61,-0.258,0.071,0.333,55,19.96,7.84,9.14,2.30,0.543,0.808,0.188,0.362,0.414,0.404,0.278,0.189
streets,17,-27,0,0,8.75,-13.25,0.68,-0.233,0.080,0.333,62,20.46,8.34,9.65,2.57,0.518,0.786,0.203,0.408,0.414,0.367,0.195,0.183
streets,18,-27,0,0,9.25,-13.25,0.72,-0.245,0.097,0.306,75,20.96,8.84,10.15,2.03,0.493,0.831,0.196,0.493,0.379,0.330,0.364,0.221
streets,19,-27,0,0,9.75,-13.25,0.72,-0.290,0.078,0.306,60,21.46,9.33,10.64,2.02,0.468,0.832,0.169,0.395,0.379,0.294,0.368,0.187
streets,-15,-26,0,1,-7.25,-12.75,2.01,0.742,0.035,0.306,27,19.86,8.01,3.58,2.50,0.821,0.792,0.781,0.178,0.379,0.811,0.217,0.408
streets,-14,-26,0,1,-6.75,-12.75,2.01,0.829,0.035,0.333,27,19.36,7.51,3.46,2.00,0.827,0.833,0.832,0.178,0.414,0.820,0.373,0.443
streets,-13,-26,0,1,-6.25,-12.75,2.01,0.916,0.040,0.444,31,18.95,7.10,3.35,1.50,0.832,0.875,0.884,0.204,0.552,0.828,0.530,0.468
streets,-12,-26,0,1,-5.75,-12.75,2.01,1.003,0.047,0.389,36,18.54,6.69,3.46,1.00,0.827,0.917,0.936,0.237,0.483,0.820,0.687,0.523
streets,-11,-26,0,1,-5.25,-12.75,2.34,1.392,0.036,0.444,28,18.29,6.45,3.80,0.60,0.810,0.950,1.000,0.184,0.552,0.795,0.812,0.535
streets,-10,-26,0,1,-4.75,-12.75,2.01,1.108,0.000,0.000,0,18.12,6.28,4.12,0.00,0.794,1.000,0.998,0.000,0.000,0.771,1.000,0.604
streets,-6,-26,0,0,-2.75,-12.75,0.01,-0.794,0.035,0.250,27,15.06,5.18,3.54,1.41,0.823,0.882,0.000,0.178,0.310,0.814,0.557,0.235
streets,-5,-26,0,0,-2.25,-12.75,0.00,-0.789,0.044,0.361,34,14.76,4.77,3.25,1.12,0.838,0.907,0.000,0.224,0.448,0.836,0.650,0.242
streets,-4,-26,0,0,-1.75,-12.75,-0.00,-0.774,0.043,0.389,33,14.56,4.36,2.95,1.00,0.852,0.917,0.000,0.217,0.483,0.857,0.687,0.245
streets,-3,-26,0,0,-1.25,-12.75,-0.00,-0.740,0.044,0.444,34,14.44,3.95,2.74,1.12,0.863,0.907,0.000,0.224,0.552,0.872,0.650,0.234
streets,-2,-26,0,0,-0.75,-12.75,-0.00,-0.719,0.043,0.444,33,14.32,3.54,2.63,1.41,0.869,0.882,0.000,0.217,0.552,0.881,0.557,0.220
streets,-1,-26,0,0,-0.25,-12.75,-0.00,-0.705,0.047,0.556,36,14.21,3.24,2.51,1.83,0.874,0.848,0.000,0.237,0.690,0.889,0.428,0.186
streets,0,-26,0,0,0.25,-12.75,-0.00,-0.679,0.045,0.500,35,14.09,2.94,2.51,2.00,0.874,0.833,0.000,0.230,0.621,0.889,0.373,0.187
streets,1,-26,0,0,0.75,-12.75,-0.00,-0.634,0.045,0.500,35,14.21,2.74,2.63,2.12,0.869,0.823,0.000,0.230,0.621,0.881,0.336,0.180
streets,2,-26,0,0,1.25,-12.75,-0.00,-0.592,0.044,0.472,34,14.33,2.62,2.74,2.24,0.863,0.814,0.000,0.224,0.586,0.872,0.299,0.176
streets,3,-26,0,0,1.75,-12.75,-0.00,-0.555,0.047,0.500,36,14.44,2.50,2.95,2.50,0.852,0.792,0.012,0.237,0.621,0.857,0.217,0.162
streets,4,-26,0,0,2.25,-12.75,0.00,-0.515,0.044,0.417,34,14.56,2.62,3.25,2.00,0.838,0.833,0.035,0.224,0.517,0.836,0.373,0.201
streets,5,-26,0,0,2.75,-12.75,0.01,-0.488,0.039,0.361,30,14.86,2.74,3.54,1.50,0.823,0.875,0.051,0.197,0.448,0.814,0.530,0.230
streets,6,-26,0,0,3.25,-12.75,0.01,-0.469,0.031,0.222,24,15.15,3.03,3.95,1.00,0.802,0.917,0.063,0.158,0.276,0.784,0.687,0.269
streets,7,-26,0,0,3.75,-12.75,0.01,-0.457,0.023,0.167,18,15.45,3.33,4.45,0.50,0.777,0.958,0.070,0.118,0.207,0.747,0.843,0.289
streets,8,-26,0,0,4.25,-12.75,0.01,-0.449,0.000,0.000,0,15.86,3.74,4.95,0.00,0.752,1.000,0.075,0.000,0.000,0.711,1.000,0.315
streets,9,-26,0,0,4.75,-12.75,0.00,-0.467,0.003,0.056,2,16.27,4.15,5.45,0.50,0.727,0.958,0.064,0.013,0.069,0.674,0.843,0.273
streets,9,-26,1,0,4.75,-12.75,2.00,1.535,0.040,0.222,31,16.13,4.45,9.64,1.00,0.518,0.917,1.000,0.204,0.276,0.367,0.687,0.476
streets,10,-26,0,0,5.25,-12.75,-0.00,-0.498,0.001,0.028,1,16.77,4.65,5.95,1.00,0.702,0.917,0.046,0.007,0.034,0.637,0.687,0.240
streets,10,-26,1,0,5.25,-12.75,2.00,1.505,0.058,0.194,45,16.22,4.33,9.14,1.00,0.543,0.917,1.000,0.296,0.241,0.404,0.687,0.507
streets,11,-26,0,0,5.75,-12.75,-0.00,-0.549,0.003,0.056,2,17.27,5.15,6.45,0.50,0.677,0.958,0.016,0.013,0.069,0.601,0.842,0.243
streets,11,-26,1,0,5.75,-12.75,2.00,1.457,0.063,0.306,49,16.33,4.47,8.96,1.12,0.552,0.907,1.000,0.322,0.379,0.417,0.650,0.488
streets,12,-26,0,0,6.25,-12.75,0.06,-0.540,0.047,0.222,36,17.77,5.65,6.95,0.50,0.652,0.958,0.021,0.237,0.276,0.564,0.842,0.251
streets,13,-26,0,0,6.75,-12.75,0.19,-0.477,0.053,0.278,41,18.29,6.17,7.47,1.02,0.626,0.915,0.058,0.270,0.345,0.526,0.681,0.227
streets,14,-26,0,0,7.25,-12.75,0.33,-0.428,0.058,0.306,45,18.81,6.69,7.99,1.54,0.600,0.872,0.087,0.296,0.379,0.488,0.518,0.204
streets,15,-26,0,0,7.75,-12.75,0.47,-0.376,0.063,0.306,49,19.32,7.20,8.51,2.06,0.575,0.829,0.118,0.322,0.379,0.450,0.356,0.186
streets,16,-26,0,0,8.25,-12.75,0.56,-0.330,0.069,0.278,53,19.83,7.71,9.02,2.16,0.549,0.820,0.145,0.349,0.345,0.413,0.322,0.192
streets,17,-26,0,0,8.75,-12.75,0.63,-0.308,0.083,0.333,64,20.33,8.21,9.52,2.28,0.524,0.810,0.158,0.421,0.414,0.376,0.285,0.188
streets,18,-26,0,0,9.25,-12.75,0.68,-0.308,0.095,0.306,73,20.83,8.71,10.02,1.84,0.499,0.846,0.158,0.480,0.379,0.339,0.422,0.218
streets,19,-26,0,0,9.75,-12.75,0.69,-0.327,0.087,0.278,67,21.29,9.21,10.52,2.02,0.474,0.832,0.147,0.441,0.345,0.303,0.369,0.196
streets,-15,-25,0,1,-7.25,-12.25,2.00,0.732,0.040,0.306,31,19.74,7.90,4.05,2.62,0.797,0.782,0.775,0.204,0.379,0.777,0.180,0.399
streets,-14,-25,0,1,-6.75,-12.25,2.00,0.823,0.038,0.333,29,19.24,7.40,3.94,2.12,0.803,0.823,0.829,0.191,0.414,0.785,0.336,0.432
streets,-13,-25,0,1,-6.25,-12.25,2.00,0.912,0.040,0.417,31,18.74,6.90,3.83,1.62,0.808,0.865,0.882,0.204,0.517,0.793,0.493,0.460
streets,-12,-25,0,1,-5.75,-12.25,2.00,0.988,0.048,0.417,37,18.24,6.40,3.95,1.12,0.803,0.907,0.927,0.243,0.517,0.784,0.650,0.503
streets,-11,-25,0,1,-5.25,-12.25,2.00,1.055,0.047,0.417,36,17.83,5.98,4.12,0.71,0.794,0.941,0.966,0.237,0.517,0.771,0.778,0.531
streets,-10,-25,0,1,-4.75,-12.25,2.00,1.097,0.041,0.361,32,17.62,5.78,4.42,0.50,0.779,0.958,0.991,0.211,0.448,0.750,0.843,0.549
streets,-6,-25,0,0,-2.75,-12.25,0.01,-0.784,0.026,0.222,20,14.85,4.97,3.95,1.21,0.802,0.899,0.000,0.132,0.276,0.784,0.622,0.235
streets,-5,-25,0,0,-2.25,-12.25,0.00,-0.775,0.038,0.361,29,14.35,4.47,3.66,0.71,0.817,0.941,0.000,0.191,0.448,0.805,0.778,0.249
streets,-4,-25,0,0,-1.75,-12.25,-0.00,-0.756,0.038,0.361,29,14.06,4.06,3.36,0.50,0.832,0.958,0.000,0.191,0.448,0.827,0.843,0.263
streets,-3,-25,0,0,-1.25,-12.25,-0.00,-0.711,0.040,0.444,31,13.94,3.65,3.24,0.71,0.838,0.941,0.000,0.204,0.552,0.836,0.778,0.242
streets,-2,-25,0,0,-0.75,-12.25,-0.00,-0.687,0.039,0.500,30,13.82,3.24,3.13,1.12,0.844,0.907,0.000,0.197,0.621,0.844,0.650,0.213
streets,-1,-25,0,0,-0.25,-12.25,-0.00,-0.664,0.041,0.500,32,13.71,2.83,3.01,1.41,0.849,0.882,0.000,0.211,0.621,0.853,0.557,0.203
streets,0,-25,0,0,0.25,-12.25,-0.00,-0.636,0.045,0.583,35,13.59,2.53,3.01,1.50,0.849,0.875,0.000,0.230,0.724,0.853,0.530,0.187
streets,1,-25,0,0,0.75,-12.25,-0.00,-0.596,0.045,0.500,35,13.71,2.24,3.13,1.62,0.844,0.865,0.000,0.230,0.621,0.844,0.493,0.196
streets,2,-25,0,0,1.25,-12.25,-0.00,-0.563,0.047,0.472,36,13.83,2.12,3.24,1.83,0.838,0.848,0.007,0.237,0.586,0.836,0.428,0.193
streets,3,-25,0,0,1.75,-12.25,-0.00,-0.539,0.045,0.444,35,13.94,2.00,3.36,2.12,0.832,0.823,0.021,0.230,0.552,0.827,0.335,0.185
streets,4,-25,0,0,2.25,-12.25,0.00,-0.510,0.047,0.472,36,14.15,2.12,3.66,2.00,0.817,0.833,0.038,0.237,0.586,0.805,0.373,0.188
streets,5,-25,0,0,2.75,-12.25,0.00,-0.484,0.043,0.333,33,14.45,2.33,3.95,1.50,0.802,0.875,0.054,0.217,0.414,0.784,0.530,0.234
streets,6,-25,0,0,3.25,-12.25,0.00,-0.482,0.039,0.333,30,14.74,2.62,4.25,1.00,0.788,0.917,0.055,0.197,0.414,0.762,0.687,0.249
streets,7,-25,0,0,3.75,-12.25,0.00,-0.470,0.031,0.222,24,15.15,3.03,4.66,0.50,0.767,0.958,0.062,0.158,0.276,0.732,0.843,0.282
streets,8,-25,0,0,4.25,-12.25,0.00,-0.460,0.000,0.000,0,15.65,3.53,5.07,0.00,0.746,1.000,0.068,0.000,0.000,0.702,1.000,0.311
streets,9,-25,0,0,4.75,-12.25,0.00,-0.464,0.003,0.056,2,16.15,4.03,5.57,0.50,0.721,0.958,0.066,0.013,0.069,0.665,0.843,0.272
streets,9,-25,1,0,4.75,-12.25,2.00,1.538,0.040,0.306,31,15.63,4.95,9.70,1.50,0.515,0.875,1.000,0.204,0.379,0.363,0.530,0.436
streets,10,-25,0,0,5.25,-12.25,-0.00,-0.494,0.003,0.056,2,16.65,4.53,6.07,1.00,0.696,0.917,0.048,0.013,0.069,0.629,0.687,0.235
streets,10,-25,1,0,5.25,-12.25,2.00,1.508,0.047,0.250,36,15.72,4.83,9.20,1.50,0.540,0.875,1.000,0.237,0.310,0.400,0.530,0.460
streets,11,-25,0,0,5.75,-12.25,-0.00,-0.548,0.003,0.056,2,17.15,5.03,6.57,0.50,0.671,0.958,0.016,0.013,0.069,0.592,0.842,0.242
streets,11,-25,1,0,5.75,-12.25,2.00,1.457,0.065,0.333,50,15.83,4.95,9.02,1.62,0.549,0.865,1.000,0.329,0.414,0.413,0.493,0.460
streets,12,-25,0,0,6.25,-12.25,0.06,-0.552,0.040,0.306,31,17.66,5.53,7.07,0.50,0.646,0.958,0.013,0.204,0.379,0.555,0.842,0.225
streets,13,-25,0,0,6.75,-12.25,0.18,-0.501,0.047,0.333,36,18.17,6.05,7.59,1.02,0.621,0.915,0.044,0.237,0.414,0.518,0.681,0.204
streets,14,-25,0,0,7.25,-12.25,0.29,-0.479,0.054,0.389,42,18.68,6.56,8.10,1.43,0.595,0.881,0.057,0.276,0.483,0.480,0.552,0.179
streets,15,-25,0,0,7.75,-12.25,0.42,-0.427,0.060,0.417,46,19.20,7.08,8.61,1.86,0.569,0.845,0.088,0.303,0.517,0.443,0.418,0.160
streets,16,-25,0,0,8.25,-12.25,0.52,-0.394,0.066,0.417,51,19.71,7.58,9.12,2.28,0.544,0.810,0.107,0.336,0.517,0.405,0.286,0.146
streets,17,-25,0,0,8.75,-12.25,0.61,-0.355,0.082,0.417,63,20.21,8.09,9.63,2.16,0.519,0.820,0.130,0.414,0.517,0.368,0.323,0.166
streets,18,-25,0,0,9.25,-12.25,0.67,-0.341,0.100,0.500,77,20.72,8.59,10.13,1.84,0.493,0.847,0.139,0.507,0.621,0.331,0.424,0.180
streets,19,-25,0,0,9.75,-12.25,0.70,-0.338,0.096,0.389,74,20.79,9.10,10.63,2.25,0.468,0.812,0.141,0.487,0.483,0.295,0.294,0.170
streets,-15,-24,0,1,-7.25,-11.75,2.00,0.746,0.041,0.278,32,19.62,7.78,4.55,2.74,0.772,0.772,0.784,0.211,0.345,0.740,0.143,0.395
streets,-14,-24,0,1,-6.75,-11.75,2.00,0.837,0.040,0.306,31,19.12,7.28,4.44,2.24,0.778,0.814,0.837,0.204,0.379,0.748,0.299,0.430
streets,-13,-24,0,1,-6.25,-11.75,2.00,0.926,0.044,0.361,34,18.62,6.78,4.33,1.83,0.783,0.848,0.890,0.224,0.448,0.756,0.428,0.460
streets,-12,-24,0,1,-5.75,-11.75,2.00,1.001,0.049,0.389,38,18.12,6.28,4.45,1.41,0.778,0.882,0.935,0.250,0.483,0.748,0.557,0.491
streets,-11,-24,0,1,-5.25,-11.75,2.00,1.053,0.049,0.417,38,17.62,5.78,4.58,1.00,0.771,0.917,0.965,0.250,0.517,0.738,0.687,0.513
streets,-10,-24,0,1,-4.75,-11.75,2.00,1.089,0.043,0.361,33,17.12,5.28,4.83,0.50,0.758,0.958,0.987,0.217,0.448,0.720,0.843,0.543
streets,-9,-24,0,1,-4.25,-11.75,2.00,1.139,0.019,0.250,15,16.71,4.87,5.13,0.50,0.744,0.958,1.000,0.099,0.310,0.698,0.843,0.539
streets,-8,-24,0,1,-3.75,-11.75,2.00,1.178,0.000,0.000,0,16.30,4.45,5.63,0.00,0.719,1.000,1.000,0.000,0.000,0.661,1.000,0.582
streets,-7,-24,0,1,-3.25,-11.75,2.00,1.203,0.000,0.000,0,15.89,4.04,6.03,0.00,0.698,1.000,1.000,0.000,0.000,0.632,1.000,0.576
streets,-6,-24,0,0,-2.75,-11.75,0.01,-0.763,0.004,0.083,3,14.06,4.94,5.19,0.71,0.741,0.941,0.000,0.020,0.103,0.693,0.778,0.244
streets,-6,-24,1,1,-2.75,-11.75,2.13,1.356,0.000,0.000,0,15.59,3.74,5.51,0.00,0.724,1.000,1.000,0.000,0.000,0.670,1.000,0.584
streets,-5,-24,0,1,-2.25,-11.75,2.13,1.382,0.000,0.000,0,15.29,3.45,5.31,0.00,0.735,1.000,1.000,0.000,0.000,0.685,1.000,0.587
streets,-4,-24,0,0,-1.75,-11.75,-0.00,-0.725,0.000,0.000,0,13.64,3.85,3.86,0.00,0.807,1.000,0.000,0.000,0.000,0.790,1.000,0.308
streets,-3,-24,0,0,-1.25,-11.75,-0.00,-0.682,0.039,0.389,30,13.44,3.35,3.74,0.50,0.813,0.958,0.000,0.197,0.483,0.799,0.843,0.253
streets,-2,-24,0,0,-0.75,-11.75,-0.00,-0.647,0.039,0.417,30,13.32,2.94,3.63,0.71,0.819,0.941,0.000,0.197,0.517,0.808,0.778,0.240
streets,-1,-24,0,0,-0.25,-11.75,-0.00,-0.621,0.041,0.472,32,13.21,2.53,3.51,1.00,0.824,0.917,0.000,0.211,0.586,0.816,0.687,0.220
streets,0,-24,0,0,0.25,-11.75,-0.00,-0.589,0.044,0.500,34,13.09,2.12,3.51,1.00,0.824,0.917,0.000,0.224,0.621,0.816,0.687,0.218
streets,1,-24,0,0,0.75,-11.75,-0.00,-0.555,0.048,0.444,37,13.21,1.83,3.63,1.12,0.819,0.907,0.012,0.243,0.552,0.808,0.650,0.228
streets,2,-24,0,0,1.25,-11.75,-0.00,-0.526,0.048,0.389,37,13.33,1.62,3.74,1.41,0.813,0.882,0.029,0.243,0.483,0.799,0.557,0.228
streets,3,-24,0,0,1.75,-11.75,-0.00,-0.514,0.049,0.361,38,13.44,1.50,3.86,1.83,0.807,0.848,0.036,0.250,0.448,0.790,0.428,0.216
streets,4,-24,0,0,2.25,-11.75,0.00,-0.498,0.048,0.361,37,13.74,1.62,4.07,1.83,0.797,0.848,0.046,0.243,0.448,0.775,0.428,0.214
streets,5,-24,0,0,2.75,-11.75,0.00,-0.478,0.047,0.278,36,14.04,1.91,4.36,1.41,0.782,0.882,0.057,0.237,0.345,0.754,0.557,0.247
streets,6,-24,0,0,3.25,-11.75,0.00,-0.468,0.041,0.222,32,14.54,2.41,4.66,1.00,0.767,0.917,0.063,0.211,0.276,0.732,0.687,0.269
streets,7,-24,0,0,3.75,-11.75,0.00,-0.470,0.036,0.194,28,15.04,2.91,4.96,0.50,0.752,0.958,0.062,0.184,0.241,0.710,0.843,0.288
streets,8,-24,0,0,4.25,-11.75,0.00,-0.466,0.000,0.000,0,15.54,3.41,5.37,0.00,0.732,1.000,0.065,0.000,0.000,0.680,1.000,0.305
streets,9,-24,0,0,4.75,-11.75,0.00,-0.470,0.003,0.056,2,16.04,3.91,5.78,0.50,0.711,0.958,0.062,0.013,0.069,0.650,0.843,0.267
streets,9,-24,1,0,4.75,-11.75,2.00,1.531,0.039,0.250,30,15.13,5.45,9.82,2.00,0.509,0.833,1.000,0.197,0.310,0.354,0.373,0.420
streets,10,-24,0,0,5.25,-11.75,-0.00,-0.495,0.001,0.028,1,16.54,4.41,6.19,1.00,0.691,0.917,0.047,0.007,0.034,0.620,0.687,0.237
streets,10,-24,1,0,5.25,-11.75,2.00,1.508,0.045,0.222,35,15.22,5.33,9.32,2.00,0.534,0.833,1.000,0.230,0.276,0.391,0.373,0.439
streets,11,-24,0,0,5.75,-11.75,-0.00,-0.547,0.003,0.056,2,17.04,4.91,6.69,0.50,0.666,0.958,0.017,0.013,0.069,0.583,0.842,0.240
streets,11,-24,1,0,5.75,-11.75,2.00,1.459,0.054,0.361,42,15.42,5.45,9.14,2.01,0.543,0.833,1.000,0.276,0.448,0.404,0.371,0.424
streets,12,-24,0,0,6.25,-11.75,0.06,-0.561,0.039,0.250,30,17.54,5.42,7.19,0.50,0.640,0.958,0.008,0.197,0.310,0.547,0.842,0.231
streets,13,-24,0,0,6.75,-11.75,0.18,-0.507,0.049,0.389,38,18.05,5.93,7.70,0.71,0.615,0.940,0.040,0.250,0.483,0.509,0.776,0.208
streets,14,-24,0,0,7.25,-11.75,0.31,-0.466,0.053,0.417,41,18.57,6.45,8.22,1.14,0.589,0.905,0.065,0.270,0.517,0.471,0.642,0.186
streets,15,-24,0,0,7.75,-11.75,0.42,-0.441,0.058,0.417,45,19.08,6.96,8.73,1.65,0.564,0.862,0.079,0.296,0.517,0.434,0.482,0.165
streets,16,-24,0,0,8.25,-11.75,0.52,-0.403,0.061,0.417,47,19.59,7.47,9.24,2.16,0.538,0.820,0.102,0.309,0.517,0.397,0.322,0.142
streets,17,-24,0,0,8.75,-11.75,0.62,-0.360,0.080,0.417,62,20.10,7.98,9.75,1.92,0.513,0.840,0.127,0.408,0.517,0.360,0.397,0.174
streets,18,-24,0,0,9.25,-11.75,0.68,-0.339,0.093,0.389,72,20.30,8.48,10.25,1.64,0.487,0.864,0.140,0.474,0.483,0.323,0.487,0.202
streets,19,-24,0,0,9.75,-11.75,0.74,-0.321,0.093,0.417,72,20.29,8.99,10.75,2.12,0.462,0.823,0.151,0.474,0.517,0.286,0.335,0.170
streets,20,-24,0,0,10.25,-11.75,0.82,-0.278,0.095,0.333,73,20.16,9.49,10.67,2.53,0.466,0.789,0.176,0.480,0.414,0.292,0.206,0.176
streets,-15,-23,0,1,-7.25,-11.25,2.00,0.794,0.041,0.306,32,19.51,7.66,5.05,2.94,0.747,0.755,0.812,0.211,0.379,0.703,0.078,0.381
streets,-14,-23,0,1,-6.75,-11.25,2.00,0.885,0.040,0.333,31,19.01,7.16,4.94,2.53,0.753,0.789,0.866,0.204,0.414,0.712,0.207,0.412
streets,-13,-23,0,1,-6.25,-11.25,2.00,0.965,0.041,0.417,32,18.51,6.66,4.83,2.12,0.758,0.823,0.913,0.211,0.517,0.720,0.336,0.433
streets,-12,-23,0,1,-5.75,-11.25,2.00,1.023,0.047,0.472,36,18.01,6.16,4.95,1.50,0.753,0.875,0.948,0.237,0.586,0.711,0.530,0.465
streets,-11,-23,0,1,-5.25,-11.25,2.00,1.061,0.045,0.500,35,17.51,5.66,5.07,1.00,0.747,0.917,0.970,0.230,0.621,0.702,0.687,0.488
streets,-10,-23,0,1,-4.75,-11.25,2.00,1.105,0.041,0.417,32,17.01,5.16,5.24,0.71,0.738,0.941,0.996,0.211,0.517,0.690,0.778,0.518
streets,-9,-23,0,1,-4.25,-11.25,2.00,1.153,0.022,0.250,17,16.51,4.66,5.54,0.50,0.723,0.958,1.000,0.112,0.310,0.668,0.843,0.536
streets,-8,-23,0,1,-3.75,-11.25,2.00,1.195,0.000,0.000,0,16.01,4.16,5.83,0.00,0.708,1.000,1.000,0.000,0.000,0.646,1.000,0.579
streets,-7,-23,0,1,-3.25,-11.25,2.00,1.227,0.000,0.000,0,15.59,3.75,6.11,0.00,0.695,1.000,1.000,0.000,0.000,0.626,1.000,0.575
streets,-6,-23,0,0,-2.75,-11.25,0.01,-0.733,0.005,0.111,4,13.76,4.74,4.98,0.50,0.751,0.958,0.000,0.026,0.138,0.709,0.843,0.253
streets,-6,-23,1,1,-2.75,-11.25,2.13,1.386,0.000,0.000,0,15.18,3.33,5.92,0.00,0.704,1.000,1.000,0.000,0.000,0.640,1.000,0.578
streets,-5,-23,0,0,-2.25,-11.25,0.00,-0.714,0.000,0.000,0,13.35,4.24,4.48,0.00,0.776,1.000,0.000,0.000,0.000,0.745,1.000,0.299
streets,-5,-23,1,1,-2.25,-11.25,2.13,1.416,0.000,0.000,0,14.88,3.03,5.77,0.00,0.711,1.000,1.000,0.000,0.000,0.651,1.000,0.580
streets,-4,-23,0,1,-1.75,-11.25,2.13,1.445,0.000,0.000,0,14.58,2.74,5.66,0.00,0.717,1.000,1.000,0.000,0.000,0.659,1.000,0.582
streets,-3,-23,0,0,-1.25,-11.25,0.00,-0.641,0.000,0.000,0,12.94,3.24,4.24,0.00,0.788,1.000,0.000,0.000,0.000,0.762,1.000,0.302
streets,-2,-23,0,0,-0.75,-11.25,-0.00,-0.607,0.039,0.389,30,12.82,2.74,4.13,0.50,0.794,0.958,0.000,0.197,0.483,0.771,0.843,0.248
streets,-1,-23,0,0,-0.25,-11.25,-0.00,-0.574,0.040,0.472,31,12.71,2.24,4.01,0.50,0.799,0.958,0.000,0.204,0.586,0.779,0.843,0.235
streets,0,-23,0,0,0.25,-11.25,-0.00,-0.544,0.043,0.472,33,12.59,1.83,4.01,0.71,0.799,0.941,0.018,0.217,0.586,0.779,0.778,0.234
streets,1,-23,0,0,0.75,-11.25,-0.00,-0.508,0.047,0.444,36,12.71,1.41,4.13,0.71,0.794,0.941,0.039,0.237,0.552,0.771,0.778,0.247
streets,2,-23,0,0,1.25,-11.25,0.00,-0.481,0.048,0.417,37,12.83,1.12,4.24,1.12,0.788,0.907,0.056,0.243,0.517,0.762,0.650,0.238
streets,3,-23,0,0,1.75,-11.25,0.00,-0.474,0.048,0.361,37,13.03,1.00,4.36,1.41,0.782,0.882,0.060,0.243,0.448,0.754,0.557,0.234
streets,9,-23,0,0,4.75,-11.25,0.00,-0.483,0.003,0.056,2,16.54,4.41,6.19,1.00,0.691,0.917,0.054,0.013,0.069,0.620,0.687,0.236
streets,9,-23,1,0,4.75,-11.25,2.01,1.526,0.043,0.333,33,14.63,5.95,9.94,2.50,0.503,0.792,1.000,0.217,0.414,0.346,0.217,0.383
streets,10,-23,0,0,5.25,-11.25,-0.00,-0.507,0.003,0.028,2,16.65,4.53,6.49,1.00,0.676,0.916,0.040,0.013,0.034,0.598,0.686,0.232
streets,10,-23,1,0,5.25,-11.25,2.01,1.499,0.043,0.222,33,14.72,5.83,9.44,2.12,0.528,0.823,1.000,0.217,0.276,0.382,0.336,0.429
streets,11,-23,0,0,5.75,-11.25,-0.00,-0.553,0.003,0.056,2,17.15,5.03,6.90,0.51,0.655,0.958,0.013,0.013,0.069,0.568,0.841,0.236
streets,11,-23,1,0,5.75,-11.25,2.00,1.453,0.056,0.389,43,14.95,5.95,9.26,1.99,0.537,0.834,1.000,0.283,0.483,0.395,0.378,0.420
streets,12,-23,0,0,6.25,-11.25,0.08,-0.536,0.023,0.250,18,17.66,5.54,7.31,0.51,0.634,0.958,0.023,0.118,0.310,0.538,0.841,0.218
streets,13,-23,0,0,6.75,-11.25,0.14,-0.558,0.044,0.389,34,18.16,6.04,7.81,1.01,0.609,0.916,0.010,0.224,0.483,0.501,0.684,0.178
streets,14,-23,0,0,7.25,-11.25,0.33,-0.444,0.052,0.472,40,18.69,6.57,8.34,1.03,0.583,0.914,0.078,0.263,0.586,0.462,0.677,0.182
streets,15,-23,0,0,7.75,-11.25,0.44,-0.423,0.053,0.389,41,19.20,7.08,8.85,1.54,0.557,0.871,0.090,0.270,0.483,0.425,0.517,0.171
streets,16,-23,0,0,8.25,-11.25,0.55,-0.384,0.057,0.472,44,19.71,7.59,9.36,2.05,0.532,0.829,0.113,0.289,0.586,0.388,0.356,0.135
streets,17,-23,0,0,8.75,-11.25,0.65,-0.344,0.079,0.500,61,19.93,8.10,9.87,1.62,0.506,0.865,0.137,0.401,0.621,0.351,0.492,0.172
streets,18,-23,0,0,9.25,-11.25,0.75,-0.298,0.097,0.500,75,19.79,8.61,10.38,1.42,0.481,0.882,0.164,0.493,0.621,0.313,0.556,0.201
streets,19,-23,0,0,9.75,-11.25,0.86,-0.241,0.095,0.444,73,19.78,9.12,10.30,1.84,0.485,0.847,0.198,0.480,0.552,0.319,0.425,0.200
streets,20,-23,0,0,10.25,-11.25,0.93,-0.200,0.100,0.472,77,19.65,9.63,10.16,2.25,0.492,0.812,0.222,0.507,0.586,0.329,0.295,0.190
streets,21,-23,0,0,10.75,-11.25,1.07,-0.096,0.097,0.417,75,19.73,10.14,10.24,2.19,0.488,0.817,0.284,0.493,0.517,0.323,0.313,0.218
streets,-15,-22,0,1,-7.25,-10.75,2.00,0.840,0.040,0.333,31,19.62,7.78,5.55,3.24,0.722,0.730,0.839,0.204,0.414,0.667,0.000,0.364
streets,-14,-22,0,1,-6.75,-10.75,2.00,0.928,0.040,0.306,31,19.12,7.28,5.44,2.74,0.728,0.772,0.892,0.204,0.379,0.675,0.143,0.408
streets,-13,-22,0,1,-6.25,-10.75,2.00,0.998,0.041,0.389,32,18.62,6.78,5.33,2.24,0.733,0.814,0.933,0.211,0.483,0.683,0.299,0.431
streets,-12,-22,0,1,-5.75,-10.75,2.00,1.043,0.040,0.417,31,18.12,6.28,5.45,1.83,0.728,0.848,0.959,0.204,0.517,0.674,0.428,0.450
streets,-11,-22,0,1,-5.25,-10.75,2.00,1.085,0.041,0.389,32,17.62,5.78,5.57,1.41,0.722,0.882,0.984,0.211,0.483,0.666,0.557,0.482
streets,-10,-22,0,1,-4.75,-10.75,2.00,1.132,0.038,0.361,29,17.12,5.28,5.70,1.12,0.715,0.907,1.000,0.191,0.448,0.656,0.650,0.500
streets,-9,-22,0,1,-4.25,-10.75,2.00,1.171,0.025,0.250,19,16.71,4.87,5.95,0.71,0.703,0.941,1.000,0.125,0.310,0.638,0.778,0.523
streets,-6,-22,0,0,-2.75,-10.75,0.01,-0.694,0.004,0.083,3,13.56,4.62,5.19,0.50,0.741,0.958,0.000,0.020,0.103,0.693,0.843,0.254
streets,-6,-22,1,1,-2.75,-10.75,2.13,1.425,0.000,0.000,0,14.88,3.03,6.42,0.00,0.679,1.000,1.000,0.000,0.000,0.603,1.000,0.571
streets,-5,-22,0,0,-2.25,-10.75,0.00,-0.674,0.000,0.000,0,13.06,4.12,4.98,0.00,0.751,1.000,0.000,0.000,0.000,0.709,1.000,0.292
streets,-5,-22,1,1,-2.25,-10.75,2.13,1.456,0.000,0.000,0,14.47,2.62,6.27,0.00,0.686,1.000,1.000,0.000,0.000,0.614,1.000,0.573
streets,-4,-22,0,0,-1.75,-10.75,0.00,-0.641,0.000,0.000,0,12.64,3.62,4.86,0.00,0.757,1.000,0.000,0.000,0.000,0.717,1.000,0.293
streets,-4,-22,1,1,-1.75,-10.75,2.13,1.489,0.000,0.000,0,14.17,2.33,6.16,0.00,0.692,1.000,1.000,0.000,0.000,0.623,1.000,0.575
streets,-3,-22,0,1,-1.25,-10.75,2.13,1.533,0.000,0.000,0,13.97,2.12,6.04,0.00,0.698,1.000,1.000,0.000,0.000,0.631,1.000,0.576
streets,-2,-22,0,0,-0.75,-10.75,0.00,-0.560,0.000,0.000,0,12.32,2.62,4.63,0.00,0.769,1.000,0.009,0.000,0.000,0.734,1.000,0.299
streets,-1,-22,0,0,-0.25,-10.75,0.00,-0.521,0.000,0.000,0,12.21,2.12,4.51,0.00,0.774,1.000,0.032,0.000,0.000,0.743,1.000,0.308
streets,0,-22,0,0,0.25,-10.75,0.00,-0.489,0.022,0.194,17,12.09,1.62,4.51,0.50,0.774,0.958,0.051,0.112,0.241,0.743,0.843,0.277
streets,1,-22,0,0,0.75,-10.75,0.00,-0.456,0.041,0.389,32,12.21,1.12,4.63,0.50,0.769,0.958,0.071,0.211,0.483,0.734,0.843,0.264
streets,2,-22,0,0,1.25,-10.75,0.00,-0.439,0.043,0.333,33,12.33,0.71,4.74,0.71,0.763,0.941,0.081,0.217,0.414,0.726,0.778,0.268
streets,3,-22,0,0,1.75,-10.75,0.00,-0.436,0.048,0.333,37,12.62,0.50,4.86,1.12,0.757,0.907,0.082,0.243,0.414,0.717,0.650,0.252
streets,9,-22,0,0,4.75,-10.75,2.01,1.509,0.039,0.306,30,14.32,6.45,10.04,2.44,0.498,0.796,1.000,0.197,0.379,0.339,0.235,0.385
streets,10,-22,0,0,5.25,-10.75,2.00,1.477,0.035,0.167,27,14.43,6.33,9.54,2.23,0.523,0.815,1.000,0.178,0.207,0.375,0.303,0.425
streets,14,-22,0,0,7.25,-10.75,0.42,-0.372,0.039,0.278,30,19.20,7.07,8.85,2.05,0.558,0.830,0.120,0.197,0.345,0.425,0.359,0.163
streets,15,-22,0,0,7.75,-10.75,0.49,-0.389,0.058,0.528,45,19.33,7.21,8.99,1.68,0.551,0.860,0.110,0.296,0.655,0.415,0.475,0.148
streets,16,-22,0,0,8.25,-10.75,0.59,-0.351,0.056,0.528,43,19.58,7.71,9.49,2.18,0.526,0.818,0.133,0.283,0.655,0.378,0.317,0.121
streets,17,-22,0,0,8.75,-10.75,0.71,-0.304,0.076,0.528,59,19.43,8.23,10.00,1.53,0.500,0.873,0.160,0.388,0.655,0.341,0.521,0.174
streets,18,-22,0,0,9.25,-10.75,0.84,-0.242,0.096,0.472,74,19.28,8.74,9.93,1.42,0.503,0.882,0.197,0.487,0.586,0.346,0.556,0.221
streets,19,-22,0,0,9.75,-10.75,0.97,-0.159,0.096,0.472,74,19.27,9.26,9.78,1.83,0.511,0.848,0.247,0.487,0.586,0.357,0.427,0.219
streets,20,-22,0,0,10.25,-10.75,1.06,-0.111,0.098,0.472,76,19.13,9.77,9.65,2.12,0.518,0.823,0.275,0.500,0.586,0.367,0.335,0.218
streets,21,-22,0,0,10.75,-10.75,1.15,-0.076,0.098,0.444,76,19.22,10.28,9.74,1.69,0.513,0.859,0.296,0.500,0.552,0.360,0.470,0.249
streets,22,-22,0,0,11.25,-10.75,1.30,0.026,0.098,0.389,76,19.31,10.80,9.82,1.54,0.509,0.872,0.356,0.500,0.483,0.354,0.518,0.283
streets,-14,-21,0,1,-6.75,-10.25,2.00,0.984,0.040,0.306,31,19.24,7.40,5.94,2.94,0.703,0.755,0.924,0.204,0.379,0.639,0.078,0.401
streets,-13,-21,0,1,-6.25,-10.25,2.00,1.031,0.040,0.333,31,18.74,6.90,5.83,2.53,0.708,0.789,0.952,0.204,0.414,0.646,0.207,0.425
streets,-12,-21,0,1,-5.75,-10.25,2.00,1.076,0.041,0.361,32,18.24,6.40,5.95,2.12,0.703,0.823,0.979,0.211,0.448,0.638,0.335,0.446
streets,-11,-21,0,1,-5.25,-10.25,2.00,1.115,0.038,0.389,29,17.83,5.98,6.07,1.83,0.697,0.848,1.000,0.191,0.483,0.629,0.428,0.456
streets,-10,-21,0,1,-4.75,-10.25,2.00,1.160,0.030,0.306,23,17.42,5.57,6.18,1.41,0.691,0.882,1.000,0.151,0.379,0.621,0.557,0.481
streets,-8,-21,0,1,-3.75,-10.25,2.00,1.242,0.003,0.056,2,17.19,5.35,9.86,1.82,0.507,0.849,1.000,0.013,0.069,0.352,0.431,0.427
streets,-7,-21,0,1,-3.25,-10.25,2.00,1.283,0.003,0.056,2,16.78,4.94,9.38,1.72,0.531,0.857,1.000,0.013,0.069,0.386,0.462,0.439
streets,-5,-21,0,0,-2.25,-10.25,0.00,-0.636,0.000,0.000,0,12.94,4.00,5.48,0.00,0.726,1.000,0.000,0.000,0.000,0.672,1.000,0.284
streets,-5,-21,1,1,-2.25,-10.25,2.13,1.493,0.000,0.000,0,14.17,2.33,6.77,0.00,0.661,1.000,1.000,0.000,0.000,0.577,1.000,0.565
streets,-4,-21,0,0,-1.75,-10.25,0.00,-0.598,0.000,0.000,0,12.44,3.50,5.36,0.00,0.732,1.000,0.000,0.000,0.000,0.681,1.000,0.286
streets,-4,-21,1,1,-1.75,-10.25,2.13,1.532,0.000,0.000,0,13.76,1.92,6.66,0.00,0.667,1.000,1.000,0.000,0.000,0.586,1.000,0.567
streets,-3,-21,0,0,-1.25,-10.25,0.00,-0.547,0.000,0.000,0,11.94,3.00,5.24,0.00,0.738,1.000,0.016,0.000,0.000,0.689,1.000,0.293
streets,-3,-21,1,1,-1.25,-10.25,2.13,1.582,0.000,0.000,0,13.47,1.62,6.54,0.00,0.673,1.000,1.000,0.000,0.000,0.595,1.000,0.569
streets,-2,-21,0,0,-0.75,-10.25,0.00,-0.512,0.000,0.000,0,11.82,2.50,5.13,0.00,0.744,1.000,0.037,0.000,0.000,0.698,1.000,0.301
streets,-2,-21,1,1,-0.75,-10.25,2.13,1.617,0.000,0.000,0,13.35,1.50,6.42,0.00,0.679,1.000,1.000,0.000,0.000,0.603,1.000,0.571
streets,-1,-21,0,0,-0.25,-10.25,0.00,-0.479,0.000,0.000,0,11.71,2.00,5.01,0.00,0.749,1.000,0.057,0.000,0.000,0.706,1.000,0.308
streets,-1,-21,1,1,-0.25,-10.25,2.13,1.651,0.000,0.000,0,13.23,1.71,6.37,0.00,0.682,1.000,1.000,0.000,0.000,0.607,1.000,0.571
streets,0,-21,0,0,0.25,-10.25,0.00,-0.445,0.000,0.000,0,11.59,1.50,5.01,0.00,0.749,1.000,0.077,0.000,0.000,0.706,1.000,0.314
streets,0,-21,1,1,0.25,-10.25,2.13,1.685,0.000,0.000,0,13.18,2.12,6.37,0.00,0.682,1.000,1.000,0.000,0.000,0.607,1.000,0.571
streets,1,-21,0,0,0.75,-10.25,0.00,-0.414,0.000,0.000,0,11.71,1.00,5.13,0.00,0.744,1.000,0.095,0.000,0.000,0.698,1.000,0.318
streets,1,-21,1,1,0.75,-10.25,2.13,1.716,0.000,0.000,0,13.30,2.33,6.42,0.00,0.679,1.000,1.000,0.000,0.000,0.603,1.000,0.571
streets,3,-21,0,0,1.75,-10.25,0.00,-0.396,0.040,0.250,31,12.33,0.00,5.36,1.00,0.732,0.917,0.106,0.204,0.310,0.681,0.687,0.265
streets,9,-21,0,0,4.75,-10.25,1.08,0.586,0.034,0.222,26,13.27,8.20,10.96,1.94,0.452,0.839,0.689,0.171,0.276,0.271,0.394,0.313
streets,15,-21,0,0,7.75,-10.25,0.65,-0.252,0.044,0.333,34,19.30,7.73,9.51,2.20,0.525,0.817,0.192,0.224,0.414,0.377,0.311,0.162
streets,16,-21,0,0,8.25,-10.25,0.69,-0.286,0.054,0.500,42,19.08,7.94,9.72,2.41,0.514,0.799,0.171,0.276,0.621,0.362,0.245,0.123
streets,17,-21,0,0,8.75,-10.25,0.79,-0.261,0.070,0.472,54,18.92,8.37,9.58,1.66,0.521,0.862,0.186,0.355,0.586,0.372,0.480,0.185
streets,18,-21,0,0,9.25,-10.25,0.91,-0.202,0.097,0.528,75,18.78,8.88,9.43,1.12,0.528,0.907,0.221,0.493,0.655,0.383,0.649,0.241
streets,19,-21,0,0,9.75,-10.25,1.06,-0.110,0.098,0.500,76,18.76,9.40,9.28,1.42,0.536,0.882,0.275,0.500,0.621,0.394,0.556,0.252
streets,20,-21,0,0,10.25,-10.25,1.17,-0.050,0.105,0.583,81,18.62,9.91,9.14,1.84,0.543,0.847,0.311,0.533,0.724,0.404,0.424,0.236
streets,21,-21,0,0,10.75,-10.25,1.29,-0.000,0.101,0.500,78,18.70,10.42,9.22,1.54,0.539,0.872,0.341,0.513,0.621,0.398,0.517,0.269
streets,22,-21,0,0,11.25,-10.25,1.38,0.030,0.105,0.500,81,18.80,10.93,9.32,1.03,0.534,0.914,0.359,0.533,0.621,0.391,0.676,0.301
streets,23,-21,0,0,11.75,-10.25,1.54,0.127,0.085,0.278,66,18.90,11.45,9.41,0.51,0.530,0.957,0.416,0.434,0.345,0.384,0.840,0.363
streets,24,-21,0,0,12.25,-10.25,1.64,0.175,0.000,0.000,0,19.09,11.96,9.52,0.00,0.524,1.000,0.445,0.000,0.000,0.376,1.000,0.359
streets,-13,-20,0,1,-6.25,-9.75,2.00,1.089,0.034,0.278,26,18.95,7.10,6.33,2.83,0.683,0.764,0.987,0.171,0.345,0.610,0.114,0.418
streets,-12,-20,0,1,-5.75,-9.75,2.00,1.131,0.031,0.306,24,18.54,6.69,6.45,2.53,0.678,0.789,1.000,0.158,0.379,0.601,0.207,0.426
streets,-11,-20,0,1,-5.25,-9.75,2.00,1.163,0.031,0.306,24,18.13,6.28,6.57,2.12,0.672,0.823,1.000,0.158,0.379,0.593,0.335,0.443
streets,-10,-20,0,1,-4.75,-9.75,2.00,1.203,0.023,0.222,18,17.92,6.07,6.68,1.91,0.666,0.840,1.000,0.118,0.276,0.584,0.400,0.459
streets,-9,-20,0,1,-4.25,-9.75,2.00,1.238,0.003,0.028,2,17.58,5.73,10.15,1.82,0.493,0.849,1.000,0.013,0.034,0.330,0.431,0.428
streets,-8,-20,0,1,-3.75,-9.75,2.00,1.277,0.001,0.028,1,17.08,5.23,9.65,1.01,0.518,0.916,1.000,0.007,0.034,0.367,0.684,0.472
streets,-7,-20,0,1,-3.25,-9.75,2.00,1.314,0.003,0.056,2,16.58,4.74,9.15,1.22,0.543,0.898,1.000,0.013,0.069,0.403,0.618,0.466
streets,-6,-20,0,1,-2.75,-9.75,2.13,1.486,0.001,0.028,1,16.07,4.22,8.99,1.01,0.550,0.916,1.000,0.007,0.034,0.415,0.684,0.482
streets,-4,-20,0,0,-1.75,-9.75,0.00,-0.561,0.004,0.083,3,13.54,5.22,7.46,2.10,0.627,0.825,0.008,0.020,0.103,0.527,0.342,0.148
streets,-4,-20,1,1,-1.75,-9.75,2.13,1.569,0.000,0.000,0,13.47,1.62,7.16,0.00,0.642,1.000,1.000,0.000,0.000,0.549,1.000,0.560
streets,-3,-20,0,0,-1.25,-9.75,0.01,-0.502,0.005,0.111,4,11.44,3.12,5.74,0.50,0.713,0.958,0.043,0.026,0.138,0.653,0.843,0.255
streets,-3,-20,1,1,-1.25,-9.75,2.13,1.617,0.000,0.000,0,13.06,1.21,7.04,0.00,0.648,1.000,1.000,0.000,0.000,0.558,1.000,0.562
streets,-2,-20,0,0,-0.75,-9.75,0.00,-0.472,0.000,0.000,0,11.32,2.62,5.63,0.00,0.719,1.000,0.061,0.000,0.000,0.661,1.000,0.301
streets,-2,-20,1,1,-0.75,-9.75,2.13,1.658,0.000,0.000,0,12.85,1.00,6.92,0.00,0.654,1.000,1.000,0.000,0.000,0.566,1.000,0.563
streets,-1,-20,0,0,-0.25,-9.75,0.00,-0.439,0.000,0.000,0,11.21,2.12,5.51,0.00,0.724,1.000,0.080,0.000,0.000,0.670,1.000,0.308
streets,-1,-20,1,1,-0.25,-9.75,2.13,1.690,0.000,0.000,0,12.73,1.50,6.87,0.00,0.657,1.000,1.000,0.000,0.000,0.570,1.000,0.564
streets,0,-20,0,0,0.25,-9.75,0.00,-0.409,0.000,0.000,0,11.09,1.71,5.51,0.00,0.724,1.000,0.098,0.000,0.000,0.670,1.000,0.313
streets,0,-20,1,1,0.25,-9.75,2.13,1.720,0.000,0.000,0,12.68,1.62,6.87,0.00,0.657,1.000,1.000,0.000,0.000,0.571,1.000,0.564
streets,1,-20,0,0,0.75,-9.75,0.00,-0.382,0.000,0.000,0,11.21,1.50,5.63,0.00,0.719,1.000,0.115,0.000,0.000,0.661,1.000,0.317
streets,1,-20,1,1,0.75,-9.75,2.13,1.748,0.000,0.000,0,12.80,1.91,6.92,0.00,0.654,1.000,1.000,0.000,0.000,0.567,1.000,0.563
streets,9,-20,0,0,4.75,-9.75,-0.17,-0.660,0.021,0.167,16,12.14,8.51,9.83,1.00,0.508,0.917,0.000,0.105,0.207,0.353,0.687,0.164
streets,10,-20,0,0,5.25,-9.75,-0.17,-0.703,0.051,0.139,39,12.26,8.63,9.95,0.50,0.503,0.958,0.000,0.257,0.172,0.345,0.843,0.221
streets,11,-20,0,0,5.75,-9.75,-0.17,-0.772,0.000,0.000,0,12.38,8.75,10.25,0.00,0.488,1.000,0.000,0.000,0.000,0.323,1.000,0.215
streets,15,-20,0,0,7.75,-9.75,0.74,-0.179,0.043,0.389,33,18.86,8.24,9.61,2.71,0.520,0.774,0.235,0.217,0.483,0.370,0.152,0.138
streets,16,-20,0,0,8.25,-9.75,0.75,-0.247,0.049,0.472,38,18.58,8.36,9.32,2.82,0.534,0.765,0.195,0.250,0.586,0.391,0.115,0.116
streets,17,-20,0,0,8.75,-9.75,0.85,-0.219,0.062,0.556,48,18.43,8.67,9.09,3.13,0.545,0.739,0.211,0.316,0.690,0.408,0.018,0.107
streets,18,-20,0,0,9.25,-9.75,1.02,-0.126,0.091,0.556,70,18.27,9.11,8.92,1.04,0.554,0.914,0.266,0.461,0.690,0.420,0.675,0.254
streets,19,-20,0,0,9.75,-9.75,1.16,-0.060,0.097,0.528,75,18.25,9.55,8.77,1.13,0.562,0.905,0.305,0.493,0.655,0.431,0.645,0.275
streets,20,-20,0,0,10.25,-9.75,1.27,-0.012,0.098,0.500,76,18.11,10.05,8.62,1.65,0.569,0.863,0.334,0.500,0.621,0.442,0.484,0.268
streets,21,-20,0,0,10.75,-9.75,1.40,0.044,0.100,0.500,77,18.19,10.57,8.71,1.54,0.565,0.871,0.367,0.507,0.621,0.436,0.517,0.283
streets,22,-20,0,0,11.25,-9.75,1.51,0.082,0.100,0.444,77,18.29,11.08,8.80,1.03,0.560,0.914,0.390,0.507,0.552,0.429,0.677,0.323
streets,23,-20,0,0,11.75,-9.75,1.61,0.115,0.104,0.417,80,18.39,11.59,8.90,0.52,0.555,0.956,0.409,0.526,0.517,0.421,0.836,0.360
streets,24,-20,0,0,12.25,-9.75,1.76,0.208,0.000,0.000,0,18.67,12.11,9.01,0.00,0.550,1.000,0.464,0.000,0.000,0.414,1.000,0.372
streets,-6,-19,0,1,-2.75,-9.25,2.13,1.523,0.003,0.056,2,16.18,4.34,9.49,0.75,0.525,0.937,1.000,0.013,0.069,0.378,0.764,0.483
streets,-3,-19,0,0,-1.25,-9.25,0.01,-0.469,0.000,0.000,0,10.94,3.24,6.24,0.00,0.688,1.000,0.063,0.000,0.000,0.616,1.000,0.292
streets,-2,-19,0,0,-0.75,-9.25,0.00,-0.436,0.003,0.056,2,10.82,2.83,6.13,0.50,0.694,0.958,0.082,0.013,0.069,0.625,0.843,0.268
streets,-2,-19,1,1,-0.75,-9.25,2.13,1.693,0.000,0.000,0,12.35,0.50,7.42,0.00,0.629,1.000,1.000,0.000,0.000,0.530,1.000,0.556
streets,-1,-19,0,0,-0.25,-9.25,0.00,-0.403,0.005,0.111,4,10.71,2.41,6.01,0.50,0.699,0.958,0.102,0.026,0.138,0.633,0.843,0.268
streets,-1,-19,1,1,-0.25,-9.25,2.13,1.726,0.000,0.000,0,12.23,1.00,7.37,0.00,0.632,1.000,1.000,0.000,0.000,0.534,1.000,0.557
streets,0,-19,0,0,0.25,-9.25,0.00,-0.370,0.005,0.111,4,10.59,2.12,6.01,0.50,0.699,0.958,0.122,0.026,0.138,0.633,0.843,0.274
streets,0,-19,1,1,0.25,-9.25,2.13,1.759,0.000,0.000,0,12.19,1.21,7.37,0.00,0.632,1.000,1.000,0.000,0.000,0.534,1.000,0.557
streets,1,-19,0,0,0.75,-9.25,0.00,-0.347,0.000,0.000,0,10.71,2.00,6.13,0.00,0.694,1.000,0.135,0.000,0.000,0.625,1.000,0.315
streets,9,-19,0,0,4.75,-9.25,-0.20,-0.686,0.026,0.194,20,11.64,8.01,9.33,1.12,0.533,0.907,0.000,0.132,0.241,0.390,0.650,0.166
streets,10,-19,0,0,5.25,-9.25,-0.20,-0.755,0.070,0.167,54,11.76,8.13,9.54,0.50,0.523,0.958,0.000,0.355,0.207,0.375,0.843,0.242
streets,15,-19,0,0,7.75,-9.25,0.79,-0.156,0.044,0.389,34,18.46,8.74,9.20,3.21,0.540,0.733,0.248,0.224,0.483,0.400,0.000,0.127
streets,16,-19,0,0,8.25,-9.25,0.83,-0.193,0.043,0.472,33,18.17,8.86,8.91,3.33,0.554,0.723,0.226,0.217,0.586,0.421,0.000,0.108
streets,17,-19,0,0,8.75,-9.25,0.97,-0.129,0.051,0.500,39,17.93,9.10,8.58,3.56,0.571,0.703,0.264,0.257,0.621,0.445,0.000,0.126
streets,18,-19,0,0,9.25,-9.25,1.13,-0.050,0.089,0.528,69,17.76,9.43,8.41,1.05,0.579,0.913,0.311,0.454,0.655,0.457,0.673,0.278
streets,19,-19,0,0,9.75,-9.25,1.27,0.003,0.098,0.556,76,17.74,9.86,8.26,1.05,0.587,0.913,0.343,0.500,0.690,0.469,0.672,0.294
streets,20,-19,0,0,10.25,-9.25,1.39,0.043,0.101,0.583,78,17.60,10.29,8.11,1.56,0.594,0.870,0.366,0.513,0.724,0.479,0.512,0.277
streets,21,-19,0,0,10.75,-9.25,1.50,0.063,0.098,0.472,76,17.68,10.71,8.20,1.52,0.590,0.873,0.378,0.500,0.586,0.473,0.522,0.298
streets,22,-19,0,0,11.25,-9.25,1.61,0.085,0.108,0.528,83,17.78,11.22,8.29,1.01,0.585,0.916,0.391,0.546,0.655,0.466,0.683,0.324
streets,23,-19,0,0,11.75,-9.25,1.69,0.095,0.104,0.417,80,17.97,11.72,8.40,0.51,0.580,0.958,0.398,0.526,0.517,0.458,0.842,0.365
streets,24,-19,0,0,12.25,-9.25,1.77,0.130,0.000,0.000,0,18.25,12.23,8.51,0.00,0.575,1.000,0.418,0.000,0.000,0.450,1.000,0.365
streets,-7,-18,0,0,-3.25,-8.75,0.24,-0.359,0.102,0.306,79,10.98,6.22,8.41,2.18,0.579,0.818,0.128,0.520,0.379,0.457,0.317,0.225
streets,-7,-18,1,1,-3.25,-8.75,2.69,2.095,0.000,0.000,0,17.09,5.24,10.24,0.00,0.488,1.000,1.000,0.000,0.000,0.323,1.000,0.515
streets,-6,-18,0,0,-2.75,-8.75,0.24,-0.325,0.095,0.250,73,10.86,5.72,8.29,1.68,0.585,0.860,0.148,0.480,0.310,0.466,0.474,0.258
streets,-6,-18,1,1,-2.75,-8.75,2.69,2.129,0.000,0.000,0,16.94,5.09,10.14,0.00,0.493,1.000,1.000,0.000,0.000,0.331,1.000,0.516
streets,-5,-18,0,0,-2.25,-8.75,0.24,-0.291,0.093,0.278,72,10.74,5.34,8.17,1.30,0.591,0.892,0.168,0.474,0.345,0.475,0.593,0.277
streets,-5,-18,1,1,-2.25,-8.75,2.69,2.163,0.000,0.000,0,17.09,5.24,10.24,0.00,0.488,1.000,1.000,0.000,0.000,0.323,1.000,0.515
streets,-3,-18,0,1,-1.25,-8.75,1.58,1.140,0.000,0.000,0,14.22,2.37,10.30,0.00,0.485,1.000,1.000,0.000,0.000,0.319,1.000,0.514
streets,-2,-18,0,0,-0.75,-8.75,0.01,-0.397,0.001,0.028,1,10.33,3.12,6.63,0.52,0.669,0.957,0.105,0.007,0.034,0.588,0.837,0.271
streets,-2,-18,1,1,-0.75,-8.75,2.18,1.773,0.000,0.000,0,11.85,0.00,7.92,0.00,0.604,1.000,1.000,0.000,0.000,0.493,1.000,0.549
streets,-1,-18,0,0,-0.25,-8.75,0.01,-0.361,0.004,0.083,3,10.21,2.83,6.51,0.50,0.674,0.958,0.127,0.020,0.103,0.596,0.843,0.272
streets,-1,-18,1,1,-0.25,-8.75,2.18,1.809,0.000,0.000,0,11.73,0.50,7.87,0.00,0.606,1.000,1.000,0.000,0.000,0.497,1.000,0.549
streets,0,-18,0,0,0.25,-8.75,0.01,-0.330,0.004,0.083,3,10.10,2.62,6.51,0.50,0.674,0.958,0.145,0.020,0.103,0.596,0.843,0.278
streets,0,-18,1,1,0.25,-8.75,2.18,1.841,0.000,0.000,0,11.68,1.00,7.87,0.00,0.607,1.000,1.000,0.000,0.000,0.497,1.000,0.549
streets,1,-18,0,0,0.75,-8.75,0.01,-0.313,0.000,0.000,0,10.22,2.50,6.63,0.00,0.669,1.000,0.155,0.000,0.000,0.588,1.000,0.314
streets,3,-18,0,0,1.75,-8.75,0.24,-0.070,0.047,0.250,36,10.52,4.63,7.95,1.12,0.603,0.906,0.299,0.237,0.310,0.491,0.648,0.286
streets,4,-18,0,0,2.25,-8.75,0.24,-0.080,0.098,0.306,76,10.63,4.81,8.06,0.50,0.597,0.958,0.293,0.500,0.379,0.483,0.843,0.354
streets,5,-18,0,0,2.75,-8.75,0.24,-0.091,0.111,0.333,86,10.75,5.19,8.17,1.00,0.591,0.917,0.287,0.566,0.414,0.475,0.687,0.335
streets,6,-18,0,0,3.25,-8.75,0.24,-0.099,0.105,0.278,81,10.86,5.69,8.29,1.50,0.585,0.875,0.282,0.533,0.345,0.466,0.530,0.312
streets,9,-18,0,0,4.75,-8.75,-0.20,-0.697,0.075,0.333,58,11.14,7.51,8.83,0.50,0.558,0.958,0.000,0.382,0.414,0.427,0.843,0.226
streets,10,-18,0,0,5.25,-8.75,-0.20,-0.766,0.098,0.222,76,11.26,7.63,9.13,0.50,0.544,0.958,0.000,0.500,0.276,0.405,0.843,0.266
streets,11,-18,0,0,5.75,-8.75,-0.17,-0.815,0.000,0.000,0,11.55,8.13,9.42,0.00,0.529,1.000,0.000,0.000,0.000,0.383,1.000,0.227
streets,16,-18,0,0,8.25,-8.75,1.05,0.012,0.044,0.361,34,17.70,9.40,8.45,3.87,0.578,0.678,0.348,0.224,0.448,0.455,0.000,0.173
streets,17,-18,0,0,8.75,-8.75,1.14,0.014,0.056,0.500,43,17.40,9.54,8.14,3.68,0.593,0.694,0.349,0.283,0.621,0.477,0.000,0.164
streets,18,-18,0,0,9.25,-8.75,1.27,0.059,0.091,0.556,70,17.24,9.87,7.90,1.02,0.605,0.915,0.376,0.461,0.690,0.495,0.679,0.302
streets,19,-18,0,0,9.75,-8.75,1.39,0.085,0.105,0.583,81,17.23,10.18,7.74,1.20,0.613,0.900,0.391,0.533,0.724,0.506,0.625,0.310
streets,20,-18,0,0,10.25,-8.75,1.50,0.095,0.104,0.528,80,17.09,10.60,7.60,1.54,0.620,0.871,0.398,0.526,0.655,0.517,0.517,0.307
streets,21,-18,0,0,10.75,-8.75,1.61,0.102,0.106,0.528,82,17.17,11.03,7.69,1.63,0.616,0.864,0.401,0.539,0.655,0.511,0.490,0.306
streets,22,-18,0,0,11.25,-8.75,1.71,0.096,0.106,0.500,82,17.27,11.45,7.78,1.12,0.611,0.907,0.398,0.539,0.621,0.503,0.649,0.332
streets,23,-18,0,0,11.75,-8.75,1.77,0.100,0.108,0.472,83,17.55,11.87,7.89,0.71,0.605,0.941,0.400,0.546,0.586,0.495,0.778,0.357
streets,24,-18,0,0,12.25,-8.75,1.81,0.086,0.105,0.361,81,17.84,12.36,8.00,1.21,0.600,0.899,0.392,0.533,0.448,0.487,0.621,0.348
streets,-12,-17,0,0,-5.75,-8.25,1.87,1.155,0.000,0.000,0,12.06,9.77,10.06,0.00,0.497,1.000,1.000,0.000,0.000,0.337,1.000,0.517
streets,-11,-17,0,0,-5.25,-8.25,1.87,1.178,0.000,0.000,0,11.95,9.30,9.93,0.00,0.503,1.000,1.000,0.000,0.000,0.346,1.000,0.519
streets,-10,-17,0,0,-4.75,-8.25,1.87,1.207,0.000,0.000,0,11.85,8.80,9.74,0.00,0.513,1.000,1.000,0.000,0.000,0.360,1.000,0.522
streets,-9,-17,0,0,-4.25,-8.25,-0.16,-0.784,0.080,0.250,62,10.63,7.04,8.42,2.50,0.579,0.792,0.000,0.408,0.310,0.457,0.217,0.159
streets,-8,-17,0,0,-3.75,-8.25,-0.16,-0.745,0.091,0.361,70,10.52,6.54,8.12,2.00,0.594,0.833,0.000,0.461,0.448,0.478,0.373,0.177
streets,-7,-17,0,0,-3.25,-8.25,-0.16,-0.710,0.096,0.278,74,10.40,6.04,7.83,1.50,0.609,0.875,0.000,0.487,0.345,0.500,0.530,0.225
streets,-6,-17,0,0,-2.75,-8.25,-0.16,-0.678,0.100,0.361,77,10.28,5.54,7.71,1.50,0.614,0.875,0.000,0.507,0.448,0.509,0.530,0.215
streets,-5,-17,0,0,-2.25,-8.25,-0.16,-0.644,0.101,0.333,78,10.16,5.04,7.59,1.00,0.620,0.917,0.000,0.513,0.414,0.517,0.687,0.247
streets,-4,-17,0,0,-1.75,-8.25,-0.13,-0.581,0.087,0.278,67,10.05,4.54,7.48,0.50,0.626,0.958,0.000,0.441,0.345,0.526,0.843,0.268
streets,-3,-17,0,0,-1.25,-8.25,-0.13,-0.542,0.000,0.000,0,9.93,4.04,7.36,0.00,0.632,1.000,0.019,0.000,0.000,0.535,1.000,0.263
streets,-2,-17,0,0,-0.75,-8.25,-0.13,-0.498,0.000,0.000,0,9.81,3.54,7.14,0.00,0.643,1.000,0.046,0.000,0.000,0.551,1.000,0.274
streets,-2,-17,1,1,-0.75,-8.25,2.20,1.836,0.000,0.000,0,11.35,0.50,8.42,0.00,0.579,1.000,1.000,0.000,0.000,0.456,1.000,0.541
streets,-1,-17,0,0,-0.25,-8.25,-0.13,-0.464,0.000,0.000,0,9.70,3.24,7.02,0.00,0.649,1.000,0.066,0.000,0.000,0.559,1.000,0.282
streets,-1,-17,1,1,-0.25,-8.25,2.20,1.870,0.000,0.000,0,11.23,0.71,8.37,0.00,0.581,1.000,1.000,0.000,0.000,0.460,1.000,0.542
streets,0,-17,0,0,0.25,-8.25,-0.13,-0.442,0.000,0.000,0,9.58,3.13,7.00,0.00,0.650,1.000,0.079,0.000,0.000,0.560,1.000,0.286
streets,0,-17,1,1,0.25,-8.25,2.20,1.892,0.000,0.000,0,11.18,1.12,8.37,0.00,0.582,1.000,1.000,0.000,0.000,0.461,1.000,0.542
streets,1,-17,0,0,0.75,-8.25,-0.13,-0.421,0.000,0.000,0,9.70,3.01,7.12,0.00,0.644,1.000,0.091,0.000,0.000,0.552,1.000,0.288
streets,2,-17,0,0,1.25,-8.25,-0.13,-0.408,0.000,0.000,0,9.91,3.51,7.33,0.00,0.634,1.000,0.099,0.000,0.000,0.537,1.000,0.287
streets,3,-17,0,0,1.75,-8.25,-0.13,-0.414,0.082,0.333,63,9.93,4.01,7.36,0.50,0.632,0.958,0.096,0.414,0.414,0.535,0.843,0.283
streets,4,-17,0,0,2.25,-8.25,-0.16,-0.446,0.109,0.361,84,10.05,4.51,7.47,0.81,0.626,0.932,0.076,0.553,0.448,0.526,0.746,0.283
streets,5,-17,0,0,2.75,-8.25,-0.16,-0.449,0.117,0.389,90,10.16,5.01,7.59,1.19,0.620,0.901,0.075,0.592,0.483,0.517,0.628,0.266
streets,6,-17,0,0,3.25,-8.25,-0.16,-0.466,0.117,0.444,90,10.28,5.51,7.71,1.69,0.614,0.859,0.065,0.592,0.552,0.509,0.472,0.228
streets,7,-17,0,0,3.75,-8.25,-0.16,-0.513,0.117,0.472,90,10.40,6.01,7.92,1.71,0.604,0.858,0.037,0.592,0.586,0.494,0.465,0.210
streets,8,-17,0,0,4.25,-8.25,-0.16,-0.575,0.119,0.444,92,10.52,6.51,8.12,1.21,0.594,0.899,0.000,0.605,0.552,0.478,0.621,0.227
streets,9,-17,0,0,4.75,-8.25,-0.20,-0.695,0.122,0.444,94,10.64,7.01,8.42,1.00,0.579,0.917,0.000,0.618,0.552,0.457,0.687,0.235
streets,10,-17,0,0,5.25,-8.25,-0.20,-0.772,0.119,0.278,92,10.85,7.51,8.72,0.71,0.564,0.941,0.000,0.605,0.345,0.435,0.778,0.273
streets,17,-17,0,0,8.75,-8.25,1.38,0.222,0.038,0.333,29,16.92,10.10,7.67,3.76,0.617,0.687,0.473,0.191,0.414,0.512,0.000,0.220
streets,18,-17,0,0,9.25,-8.25,1.45,0.198,0.089,0.583,69,16.71,10.31,7.37,0.50,0.632,0.958,0.458,0.454,0.724,0.534,0.842,0.353
streets,19,-17,0,0,9.75,-8.25,1.56,0.222,0.101,0.528,78,16.70,10.62,7.22,1.02,0.639,0.915,0.472,0.513,0.655,0.545,0.682,0.357
streets,20,-17,0,0,10.25,-8.25,1.64,0.207,0.108,0.611,83,16.56,10.93,7.08,1.52,0.646,0.873,0.464,0.546,0.759,0.555,0.523,0.324
streets,21,-17,0,0,10.75,-8.25,1.73,0.167,0.108,0.556,83,16.66,11.28,7.17,1.83,0.641,0.848,0.440,0.546,0.690,0.548,0.428,0.311
streets,22,-17,0,0,11.25,-8.25,1.81,0.121,0.111,0.583,86,16.84,11.47,7.27,1.41,0.636,0.882,0.413,0.566,0.724,0.541,0.557,0.320
streets,23,-17,0,0,11.75,-8.25,1.85,0.087,0.109,0.528,84,17.13,11.76,7.39,1.12,0.631,0.907,0.393,0.553,0.655,0.533,0.649,0.334
streets,24,-17,0,0,12.25,-8.25,1.89,0.083,0.108,0.444,83,17.42,12.05,7.50,1.42,0.625,0.881,0.390,0.546,0.552,0.524,0.554,0.331
streets,-12,-16,0,0,-5.75,-7.75,1.60,0.939,0.000,0.000,0,11.54,9.62,9.55,0.00,0.523,1.000,0.898,0.000,0.000,0.374,1.000,0.494
streets,-11,-16,0,0,-5.25,-7.75,1.60,0.948,0.000,0.000,0,11.38,9.12,9.39,0.00,0.531,1.000,0.903,0.000,0.000,0.386,1.000,0.498
streets,-10,-16,0,0,-4.75,-7.75,-0.19,-0.808,0.000,0.000,0,12.02,9.26,9.91,0.00,0.505,1.000,0.000,0.000,0.000,0.348,1.000,0.220
streets,-10,-16,1,0,-4.75,-7.75,1.60,0.980,0.000,0.000,0,11.28,8.62,9.17,0.00,0.541,1.000,0.922,0.000,0.000,0.402,1.000,0.507
streets,-9,-16,0,0,-4.25,-7.75,-0.19,-0.777,0.095,0.250,73,10.13,7.16,8.01,2.10,0.600,0.825,0.000,0.480,0.310,0.487,0.342,0.198
streets,-8,-16,0,0,-3.75,-7.75,-0.20,-0.742,0.106,0.333,82,10.02,6.66,7.71,2.00,0.614,0.833,0.000,0.539,0.414,0.509,0.373,0.204
streets,-7,-16,0,0,-3.25,-7.75,-0.20,-0.705,0.108,0.361,83,9.90,6.16,7.42,1.62,0.629,0.865,0.000,0.546,0.448,0.530,0.493,0.222
streets,-6,-16,0,0,-2.75,-7.75,-0.20,-0.672,0.102,0.417,79,9.78,5.66,7.21,1.50,0.640,0.875,0.000,0.520,0.517,0.545,0.530,0.215
streets,-5,-16,0,0,-2.25,-7.75,-0.20,-0.641,0.106,0.389,82,9.66,5.16,7.09,1.00,0.645,0.917,0.000,0.539,0.483,0.554,0.687,0.249
streets,-4,-16,0,0,-1.75,-7.75,-0.20,-0.606,0.095,0.333,73,9.54,4.66,6.97,0.50,0.651,0.958,0.000,0.480,0.414,0.563,0.843,0.273
streets,-3,-16,0,0,-1.25,-7.75,-0.20,-0.569,0.000,0.000,0,9.52,4.25,6.94,0.00,0.653,1.000,0.004,0.000,0.000,0.565,1.000,0.264
streets,-3,-16,1,1,-1.25,-7.75,2.60,2.231,0.181,0.500,140,11.16,1.64,8.59,1.14,0.571,0.905,1.000,0.921,0.621,0.444,0.643,0.576
streets,-2,-16,0,0,-0.75,-7.75,-0.20,-0.531,0.000,0.000,0,9.31,3.95,6.74,0.00,0.663,1.000,0.026,0.000,0.000,0.580,1.000,0.274
streets,-2,-16,1,1,-0.75,-7.75,2.20,1.869,0.176,0.500,136,10.85,1.00,8.27,0.50,0.586,0.958,1.000,0.895,0.621,0.468,0.843,0.606
streets,-1,-16,0,0,-0.25,-7.75,-0.20,-0.503,0.000,0.000,0,9.19,3.75,6.62,0.00,0.669,1.000,0.043,0.000,0.000,0.589,1.000,0.281
streets,-1,-16,1,1,-0.25,-7.75,2.20,1.897,0.174,0.500,134,10.73,1.12,8.15,0.50,0.592,0.958,1.000,0.882,0.621,0.476,0.843,0.605
streets,0,-16,0,0,0.25,-7.75,-0.20,-0.475,0.000,0.000,0,9.08,3.63,6.50,0.00,0.675,1.000,0.059,0.000,0.000,0.597,1.000,0.287
streets,0,-16,1,1,0.25,-7.75,2.20,1.925,0.170,0.500,131,10.68,1.41,8.11,0.50,0.595,0.958,1.000,0.862,0.621,0.480,0.843,0.602
streets,1,-16,0,0,0.75,-7.75,-0.20,-0.450,0.000,0.000,0,9.20,3.51,6.62,0.00,0.669,1.000,0.074,0.000,0.000,0.589,1.000,0.290
streets,1,-16,1,1,0.75,-7.75,2.20,1.950,0.170,0.500,131,10.73,1.83,8.15,0.71,0.592,0.941,1.000,0.862,0.621,0.476,0.778,0.591
streets,2,-16,0,0,1.25,-7.75,-0.20,-0.438,0.044,0.250,34,9.49,3.72,6.92,0.50,0.654,0.958,0.081,0.224,0.310,0.567,0.843,0.262
streets,3,-16,0,0,1.75,-7.75,-0.20,-0.441,0.091,0.389,70,9.43,4.13,6.86,0.50,0.657,0.958,0.079,0.461,0.483,0.571,0.843,0.284
streets,4,-16,0,0,2.25,-7.75,-0.20,-0.452,0.113,0.444,87,9.55,4.63,6.97,1.00,0.651,0.917,0.073,0.572,0.552,0.563,0.687,0.269
streets,5,-16,0,0,2.75,-7.75,-0.20,-0.471,0.126,0.500,97,9.66,5.13,7.09,1.48,0.645,0.877,0.061,0.638,0.621,0.554,0.536,0.244
streets,6,-16,0,0,3.25,-7.75,-0.20,-0.490,0.130,0.472,100,9.78,5.63,7.21,1.90,0.640,0.842,0.050,0.658,0.586,0.545,0.406,0.229
streets,7,-16,0,0,3.75,-7.75,-0.20,-0.547,0.132,0.472,102,9.90,6.13,7.51,1.91,0.625,0.840,0.016,0.671,0.586,0.524,0.400,0.216
streets,8,-16,0,0,4.25,-7.75,-0.20,-0.616,0.139,0.528,107,10.02,6.63,7.71,1.62,0.614,0.865,0.000,0.704,0.655,0.509,0.493,0.218
streets,9,-16,0,0,4.75,-7.75,-0.20,-0.703,0.135,0.472,104,10.14,7.13,8.01,1.41,0.600,0.882,0.000,0.684,0.586,0.487,0.557,0.230
streets,10,-16,0,0,5.25,-7.75,-0.20,-0.777,0.131,0.306,101,10.44,7.63,8.31,1.12,0.585,0.907,0.000,0.664,0.379,0.465,0.650,0.266
streets,18,-16,0,0,9.25,-7.75,1.70,0.414,0.071,0.472,55,16.15,10.78,6.89,1.07,0.655,0.911,0.587,0.362,0.586,0.568,0.666,0.374
streets,19,-16,0,0,9.75,-7.75,1.75,0.368,0.101,0.583,78,16.17,10.80,6.68,1.18,0.666,0.902,0.559,0.513,0.724,0.584,0.631,0.373
streets,20,-16,0,0,10.25,-7.75,1.80,0.316,0.104,0.583,80,16.04,10.67,6.56,1.68,0.672,0.860,0.528,0.526,0.724,0.593,0.474,0.345
streets,21,-16,0,0,10.75,-7.75,1.85,0.237,0.113,0.611,87,16.14,10.77,6.66,2.12,0.667,0.823,0.481,0.572,0.759,0.586,0.335,0.312
streets,22,-16,0,0,11.25,-7.75,1.90,0.156,0.111,0.583,86,16.42,11.05,6.77,1.83,0.662,0.848,0.434,0.566,0.724,0.578,0.427,0.314
streets,23,-16,0,0,11.75,-7.75,1.93,0.095,0.109,0.556,84,16.71,11.34,6.88,1.63,0.656,0.864,0.397,0.553,0.690,0.570,0.490,0.314
streets,24,-16,0,0,12.25,-7.75,1.97,0.091,0.108,0.417,83,17.00,11.63,7.00,1.84,0.650,0.847,0.395,0.546,0.517,0.561,0.424,0.326
streets,-12,-15,0,0,-5.75,-7.25,1.33,0.722,0.078,0.333,60,11.05,9.55,9.05,0.57,0.548,0.953,0.769,0.395,0.414,0.411,0.822,0.453
streets,-11,-15,0,0,-5.25,-7.25,1.33,0.734,0.088,0.444,68,10.82,9.05,8.82,0.57,0.559,0.953,0.776,0.447,0.552,0.427,0.823,0.448
streets,-10,-15,0,0,-4.75,-7.25,1.33,0.769,0.100,0.389,77,10.71,8.55,8.71,0.57,0.564,0.953,0.797,0.507,0.483,0.435,0.823,0.478
streets,-9,-15,0,0,-4.25,-7.25,-0.19,-0.727,0.119,0.333,92,9.72,7.28,7.60,1.41,0.620,0.882,0.000,0.605,0.414,0.517,0.557,0.246
streets,-8,-15,0,0,-3.75,-7.25,-0.19,-0.689,0.115,0.417,89,9.52,6.78,7.30,2.12,0.635,0.823,0.000,0.586,0.517,0.539,0.336,0.198
streets,-7,-15,0,0,-3.25,-7.25,-0.20,-0.661,0.128,0.444,99,9.40,6.28,7.01,1.62,0.650,0.865,0.000,0.651,0.552,0.560,0.493,0.234
streets,-6,-15,0,0,-2.75,-7.25,-0.20,-0.627,0.136,0.500,105,9.28,5.78,6.71,1.42,0.664,0.882,0.000,0.691,0.621,0.582,0.556,0.245
streets,-5,-15,0,0,-2.25,-7.25,-0.20,-0.592,0.131,0.472,101,9.16,5.37,6.59,1.12,0.670,0.907,0.000,0.664,0.586,0.591,0.650,0.261
streets,-4,-15,0,0,-1.75,-7.25,-0.20,-0.563,0.119,0.444,92,9.04,4.95,6.47,0.71,0.676,0.941,0.007,0.605,0.552,0.599,0.778,0.277
streets,-3,-15,0,1,-1.25,-7.25,2.60,2.267,0.187,0.639,144,10.83,1.81,8.26,1.31,0.587,0.891,1.000,0.947,0.793,0.468,0.589,0.553
streets,-2,-15,0,0,-0.75,-7.25,-0.20,-0.500,0.000,0.000,0,8.81,4.36,6.24,0.00,0.688,1.000,0.045,0.000,0.000,0.617,1.000,0.287
streets,-2,-15,1,1,-0.75,-7.25,2.20,1.900,0.199,0.722,154,10.35,1.50,7.78,1.00,0.611,0.917,1.000,1.000,0.897,0.504,0.687,0.569
streets,-1,-15,0,0,-0.25,-7.25,-0.20,-0.470,0.000,0.000,0,8.69,4.25,6.12,0.00,0.694,1.000,0.062,0.000,0.000,0.625,1.000,0.294
streets,-1,-15,1,1,-0.25,-7.25,2.20,1.930,0.201,0.806,155,10.23,1.62,7.66,1.00,0.617,0.917,1.000,1.000,1.000,0.513,0.687,0.556
streets,0,-15,0,0,0.25,-7.25,-0.20,-0.440,0.000,0.000,0,8.58,4.13,6.00,0.00,0.700,1.000,0.080,0.000,0.000,0.634,1.000,0.301
streets,0,-15,1,1,0.25,-7.25,2.20,1.960,0.197,0.694,152,10.19,1.83,7.61,1.00,0.620,0.917,1.000,1.000,0.862,0.516,0.687,0.577
streets,1,-15,0,1,0.75,-7.25,2.20,1.985,0.194,0.750,150,10.23,2.12,7.66,1.12,0.617,0.907,1.000,0.987,0.931,0.513,0.650,0.558
streets,3,-15,0,0,1.75,-7.25,-0.20,-0.408,0.111,0.472,86,8.93,4.43,6.36,0.71,0.682,0.941,0.099,0.566,0.586,0.608,0.778,0.293
streets,4,-15,0,0,2.25,-7.25,-0.20,-0.419,0.131,0.528,101,9.05,4.84,6.47,1.12,0.676,0.907,0.092,0.664,0.655,0.599,0.650,0.280
streets,5,-15,0,0,2.75,-7.25,-0.20,-0.444,0.152,0.556,117,9.16,5.25,6.59,1.62,0.670,0.865,0.077,0.770,0.690,0.591,0.493,0.266
streets,6,-15,0,0,3.25,-7.25,-0.20,-0.479,0.157,0.639,121,9.28,5.75,6.80,1.83,0.660,0.848,0.057,0.796,0.793,0.575,0.428,0.237
streets,7,-15,0,0,3.75,-7.25,-0.20,-0.545,0.153,0.583,118,9.40,6.25,7.01,1.83,0.650,0.848,0.018,0.776,0.724,0.560,0.428,0.228
streets,8,-15,0,0,4.25,-7.25,-0.20,-0.627,0.154,0.639,119,9.52,6.75,7.30,1.62,0.635,0.865,0.000,0.783,0.793,0.539,0.493,0.219
streets,9,-15,0,0,4.75,-7.25,-0.20,-0.721,0.150,0.528,116,9.73,7.25,7.60,1.50,0.620,0.875,0.000,0.763,0.655,0.517,0.530,0.237
streets,10,-15,0,0,5.25,-7.25,-0.20,-0.799,0.141,0.361,109,10.03,7.75,7.90,1.62,0.605,0.865,0.000,0.717,0.448,0.495,0.493,0.249
streets,18,-15,0,0,9.25,-7.25,2.00,0.669,0.062,0.472,48,15.57,10.19,6.32,3.32,0.684,0.723,0.738,0.316,0.586,0.610,0.000,0.319
streets,19,-15,0,0,9.75,-7.25,1.91,0.480,0.100,0.556,77,15.73,10.36,6.16,1.55,0.692,0.870,0.626,0.507,0.690,0.622,0.513,0.387
streets,20,-15,0,0,10.25,-7.25,1.96,0.418,0.106,0.556,82,15.51,10.14,6.03,1.54,0.698,0.872,0.589,0.539,0.690,0.632,0.517,0.385
streets,21,-15,0,0,10.75,-7.25,1.98,0.298,0.108,0.639,83,15.71,10.34,6.14,1.74,0.693,0.855,0.517,0.546,0.793,0.623,0.455,0.338
streets,22,-15,0,0,11.25,-7.25,1.99,0.177,0.113,0.611,87,16.00,10.63,6.26,2.14,0.687,0.821,0.446,0.572,0.759,0.615,0.328,0.307
streets,23,-15,0,0,11.75,-7.25,2.00,0.106,0.114,0.528,88,16.29,10.92,6.38,2.13,0.681,0.822,0.404,0.579,0.655,0.606,0.332,0.310
streets,24,-15,0,0,12.25,-7.25,2.06,0.109,0.111,0.500,86,16.70,11.21,6.49,2.26,0.676,0.812,0.405,0.566,0.621,0.598,0.292,0.305
streets,-12,-14,0,0,-5.75,-6.75,1.00,0.475,0.071,0.389,55,10.55,9.41,8.55,1.00,0.572,0.917,0.623,0.362,0.483,0.447,0.687,0.379
streets,-11,-14,0,0,-5.25,-6.75,1.00,0.462,0.093,0.472,72,10.27,8.91,8.27,0.60,0.586,0.950,0.615,0.474,0.586,0.467,0.812,0.406
streets,-10,-14,0,0,-4.75,-6.75,1.00,0.482,0.073,0.417,56,10.12,8.41,8.12,1.00,0.594,0.917,0.627,0.368,0.517,0.478,0.687,0.383
streets,-8,-14,0,0,-3.75,-6.75,-0.20,-0.649,0.131,0.472,101,9.02,6.89,6.89,1.83,0.655,0.848,0.000,0.664,0.586,0.569,0.428,0.223
streets,-7,-14,0,0,-3.25,-6.75,-0.20,-0.620,0.150,0.583,116,8.90,6.48,6.59,1.83,0.670,0.848,0.000,0.763,0.724,0.590,0.428,0.226
streets,-6,-14,0,0,-2.75,-6.75,-0.20,-0.584,0.166,0.528,128,8.78,6.07,6.30,1.41,0.685,0.882,0.000,0.842,0.655,0.612,0.557,0.276
streets,-5,-14,0,0,-2.25,-6.75,-0.20,-0.553,0.183,0.583,141,8.66,5.66,6.09,1.12,0.695,0.907,0.013,0.928,0.724,0.627,0.650,0.304
streets,-4,-14,0,0,-1.75,-6.75,-0.20,-0.525,0.192,0.583,148,8.54,5.45,5.97,1.00,0.701,0.917,0.030,0.974,0.724,0.636,0.687,0.325
streets,-3,-14,0,0,-1.25,-6.75,-0.20,-0.502,0.187,0.500,144,8.43,5.36,5.86,1.00,0.707,0.917,0.043,0.947,0.621,0.645,0.687,0.341
streets,-2,-14,0,0,-0.75,-6.75,-0.20,-0.473,0.193,0.500,149,8.31,4.86,5.74,0.50,0.713,0.958,0.060,0.980,0.621,0.653,0.843,0.378
streets,-1,-14,0,0,-0.25,-6.75,-0.20,-0.447,0.193,0.500,149,8.19,4.75,5.62,0.50,0.719,0.958,0.076,0.980,0.621,0.662,0.843,0.385
streets,0,-14,0,0,0.25,-6.75,-0.20,-0.414,0.183,0.500,141,8.08,4.63,5.50,0.50,0.725,0.958,0.095,0.928,0.621,0.670,0.843,0.382
streets,1,-14,0,0,0.75,-6.75,-0.20,-0.392,0.184,0.500,142,8.20,4.75,5.62,0.71,0.719,0.941,0.108,0.934,0.621,0.662,0.778,0.375
streets,2,-14,0,0,1.25,-6.75,-0.19,-0.366,0.176,0.472,136,8.31,5.25,5.74,1.21,0.713,0.899,0.124,0.895,0.586,0.653,0.622,0.352
streets,3,-14,0,0,1.75,-6.75,-0.20,-0.376,0.185,0.667,143,8.43,4.93,5.86,1.00,0.707,0.917,0.118,0.941,0.828,0.645,0.687,0.331
streets,4,-14,0,0,2.25,-6.75,-0.20,-0.396,0.188,0.667,145,8.55,5.13,5.97,1.12,0.701,0.907,0.106,0.954,0.828,0.636,0.650,0.323
streets,5,-14,0,0,2.75,-6.75,-0.20,-0.427,0.181,0.667,140,8.66,5.54,6.09,1.41,0.695,0.882,0.088,0.921,0.828,0.627,0.557,0.295
streets,6,-14,0,0,3.25,-6.75,-0.20,-0.476,0.172,0.611,133,8.78,5.95,6.39,1.83,0.681,0.848,0.058,0.875,0.759,0.606,0.428,0.264
streets,7,-14,0,0,3.75,-6.75,-0.20,-0.550,0.165,0.667,127,8.90,6.37,6.59,2.24,0.670,0.814,0.015,0.836,0.828,0.590,0.299,0.210
streets,8,-14,0,0,4.25,-6.75,-0.20,-0.646,0.162,0.639,125,9.02,6.87,6.89,2.12,0.655,0.823,0.000,0.822,0.793,0.569,0.336,0.210
streets,9,-14,0,0,4.75,-6.75,-0.20,-0.732,0.163,0.583,126,9.32,7.26,7.19,2.00,0.640,0.833,0.000,0.829,0.724,0.547,0.373,0.223
streets,10,-14,0,0,5.25,-6.75,-0.20,-0.820,0.154,0.444,119,9.61,7.38,7.49,2.12,0.626,0.823,0.000,0.783,0.552,0.525,0.336,0.229
streets,18,-14,0,0,9.25,-6.75,2.31,0.925,0.053,0.444,41,14.98,9.61,5.74,2.74,0.713,0.772,0.890,0.270,0.552,0.653,0.143,0.390
streets,20,-14,0,0,10.25,-6.75,2.11,0.510,0.111,0.639,86,14.99,9.62,5.51,1.02,0.724,0.915,0.643,0.566,0.793,0.670,0.680,0.423
streets,21,-14,0,0,10.75,-6.75,2.11,0.377,0.117,0.639,90,15.29,9.91,5.63,1.52,0.719,0.873,0.565,0.592,0.793,0.661,0.524,0.380
streets,22,-14,0,0,11.25,-6.75,2.11,0.248,0.113,0.639,87,15.58,10.21,5.75,2.02,0.713,0.832,0.488,0.572,0.793,0.653,0.367,0.328
streets,24,-14,0,0,12.25,-6.75,2.17,0.166,0.114,0.500,88,16.39,10.91,5.98,2.13,0.701,0.823,0.439,0.579,0.621,0.636,0.334,0.332
streets,-12,-13,0,0,-5.75,-6.25,0.85,0.391,0.102,0.361,79,10.13,9.53,8.24,1.00,0.588,0.917,0.573,0.520,0.448,0.470,0.687,0.405
streets,-11,-13,0,0,-5.25,-6.25,0.85,0.384,0.122,0.500,94,9.83,9.03,7.83,1.11,0.608,0.907,0.568,0.618,0.621,0.500,0.652,0.399
streets,-10,-13,0,0,-4.75,-6.25,0.85,0.381,0.096,0.417,74,9.60,8.93,7.60,1.11,0.620,0.908,0.567,0.487,0.517,0.517,0.652,0.391
streets,-8,-13,0,0,-3.75,-6.25,-0.20,-0.613,0.148,0.583,114,8.60,7.19,6.48,2.12,0.676,0.823,0.000,0.750,0.724,0.599,0.336,0.212
streets,-7,-13,0,0,-3.25,-6.25,-0.20,-0.582,0.170,0.694,131,8.40,6.78,6.18,1.62,0.691,0.865,0.000,0.862,0.862,0.620,0.493,0.241
streets,-6,-13,0,0,-2.75,-6.25,-0.19,-0.543,0.180,0.694,139,8.28,6.37,5.89,1.62,0.706,0.865,0.019,0.914,0.862,0.642,0.493,0.262
streets,-5,-13,0,0,-2.25,-6.25,-0.20,-0.517,0.187,0.667,144,8.16,6.07,5.59,1.62,0.720,0.865,0.034,0.947,0.828,0.664,0.493,0.282
streets,-4,-13,0,0,-1.75,-6.25,-0.20,-0.492,0.198,0.750,153,8.04,5.95,5.47,1.50,0.726,0.875,0.049,1.000,0.931,0.672,0.530,0.289
streets,-3,-13,0,0,-1.25,-6.25,-0.20,-0.466,0.197,0.694,152,7.93,5.57,5.36,1.21,0.732,0.899,0.065,1.000,0.862,0.681,0.622,0.320
streets,-2,-13,0,0,-0.75,-6.25,-0.21,-0.445,0.201,0.694,155,7.81,5.36,5.24,1.00,0.738,0.917,0.077,1.000,0.862,0.690,0.687,0.335
streets,-1,-13,0,0,-0.25,-6.25,-0.21,-0.421,0.198,0.667,153,7.69,5.25,5.12,1.00,0.744,0.917,0.091,1.000,0.828,0.698,0.687,0.346
streets,0,-13,0,0,0.25,-6.25,-0.21,-0.394,0.197,0.694,152,7.58,5.13,5.00,1.00,0.750,0.917,0.107,1.000,0.862,0.707,0.687,0.347
streets,1,-13,0,0,0.75,-6.25,-0.21,-0.373,0.199,0.722,154,7.70,5.25,5.12,1.12,0.744,0.907,0.120,1.000,0.897,0.698,0.650,0.339
streets,2,-13,0,0,1.25,-6.25,-0.21,-0.352,0.192,0.722,148,7.81,5.46,5.24,1.41,0.738,0.882,0.132,0.974,0.897,0.690,0.557,0.321
streets,3,-13,0,0,1.75,-6.25,-0.20,-0.360,0.188,0.778,145,7.93,5.43,5.36,1.50,0.732,0.875,0.127,0.954,0.966,0.681,0.530,0.300
streets,4,-13,0,0,2.25,-6.25,-0.20,-0.373,0.194,0.750,150,8.05,5.54,5.47,1.62,0.726,0.865,0.120,0.987,0.931,0.672,0.493,0.302
streets,5,-13,0,0,2.75,-6.25,-0.20,-0.410,0.185,0.667,143,8.16,5.84,5.68,1.83,0.716,0.848,0.098,0.941,0.828,0.657,0.428,0.289
streets,6,-13,0,0,3.25,-6.25,-0.20,-0.472,0.180,0.778,139,8.28,6.25,5.89,2.12,0.706,0.823,0.061,0.914,0.966,0.642,0.335,0.235
streets,7,-13,0,0,3.75,-6.25,-0.20,-0.556,0.168,0.750,130,8.40,6.66,6.18,2.24,0.691,0.814,0.011,0.855,0.931,0.620,0.299,0.204
streets,8,-13,0,0,4.25,-6.25,-0.19,-0.652,0.170,0.694,131,8.61,6.87,6.48,2.53,0.676,0.789,0.000,0.862,0.862,0.599,0.207,0.194
streets,9,-13,0,0,4.75,-6.25,-0.19,-0.746,0.163,0.639,126,8.91,6.76,6.78,2.50,0.661,0.792,0.000,0.829,0.793,0.577,0.217,0.195
streets,10,-13,0,0,5.25,-6.25,-0.19,-0.846,0.159,0.472,123,9.23,6.88,7.11,2.62,0.644,0.782,0.000,0.809,0.586,0.552,0.180,0.211
streets,18,-13,0,0,9.25,-6.25,2.31,0.872,0.044,0.333,34,14.57,9.20,5.33,2.33,0.734,0.806,0.858,0.224,0.414,0.683,0.271,0.417
streets,20,-13,0,0,10.25,-6.25,2.19,0.534,0.114,0.667,88,14.57,9.20,5.00,1.01,0.750,0.916,0.657,0.579,0.828,0.707,0.685,0.433
streets,21,-13,0,0,10.75,-6.25,2.20,0.412,0.117,0.694,90,14.87,9.49,5.12,1.51,0.744,0.874,0.585,0.592,0.862,0.698,0.528,0.384
streets,22,-13,0,0,11.25,-6.25,2.21,0.291,0.117,0.694,90,15.28,9.79,5.24,2.01,0.738,0.833,0.514,0.592,0.862,0.690,0.371,0.337
streets,24,-13,0,0,12.25,-6.25,2.28,0.223,0.118,0.611,91,16.10,10.61,5.47,1.62,0.726,0.865,0.473,0.599,0.759,0.673,0.493,0.356
streets,25,-13,0,0,12.75,-6.25,2.30,0.202,0.109,0.528,84,16.60,10.92,5.59,1.50,0.720,0.875,0.461,0.553,0.655,0.664,0.530,0.363
streets,-18,-12,0,0,-8.75,-5.75,0.19,-0.229,0.174,0.306,134,11.74,9.03,10.21,3.63,0.489,0.697,0.205,0.882,0.379,0.326,0.000,0.246
streets,-17,-12,0,0,-8.25,-5.75,0.15,-0.259,0.180,0.389,139,11.33,8.96,9.80,3.13,0.510,0.739,0.188,0.914,0.483,0.356,0.019,0.241
streets,-16,-12,0,0,-7.75,-5.75,0.08,-0.317,0.171,0.389,132,10.98,9.08,9.41,2.65,0.529,0.780,0.153,0.868,0.483,0.384,0.171,0.250
streets,-15,-12,0,0,-7.25,-5.75,0.23,-0.173,0.167,0.444,129,10.70,9.21,9.05,2.13,0.548,0.823,0.238,0.849,0.552,0.411,0.333,0.291
streets,-14,-12,0,0,-6.75,-5.75,0.50,0.106,0.161,0.472,124,10.43,9.38,8.78,2.07,0.561,0.827,0.404,0.816,0.586,0.431,0.351,0.335
streets,-13,-12,0,0,-6.25,-5.75,0.77,0.386,0.155,0.500,120,10.02,9.65,8.36,1.52,0.582,0.873,0.570,0.789,0.621,0.461,0.524,0.407
streets,-12,-12,0,0,-5.75,-5.75,0.85,0.463,0.174,0.583,134,9.71,9.71,7.95,1.01,0.603,0.916,0.616,0.882,0.724,0.492,0.683,0.453
streets,-11,-12,0,0,-5.25,-5.75,0.85,0.457,0.172,0.639,133,9.42,9.34,7.54,0.71,0.623,0.941,0.612,0.875,0.793,0.521,0.778,0.461
streets,-10,-12,0,0,-4.75,-5.75,0.85,0.457,0.172,0.639,133,9.14,8.94,7.15,0.50,0.643,0.958,0.612,0.875,0.793,0.550,0.843,0.476
streets,-9,-12,0,0,-4.25,-5.75,-0.19,-0.564,0.163,0.639,126,8.48,7.90,6.37,2.29,0.682,0.809,0.007,0.829,0.793,0.607,0.283,0.213
streets,-8,-12,0,0,-3.75,-5.75,-0.21,-0.565,0.165,0.694,127,8.18,7.49,6.07,2.24,0.697,0.814,0.006,0.836,0.862,0.629,0.299,0.210
streets,-7,-12,0,0,-3.25,-5.75,-0.22,-0.547,0.174,0.806,134,7.90,7.08,5.77,2.12,0.711,0.823,0.017,0.882,1.000,0.651,0.336,0.212
streets,-6,-12,0,0,-2.75,-5.75,-0.22,-0.517,0.183,0.722,141,7.78,6.78,5.48,2.00,0.726,0.833,0.034,0.928,0.897,0.672,0.373,0.252
streets,-5,-12,0,0,-2.25,-5.75,-0.22,-0.493,0.193,0.833,149,7.66,6.57,5.18,2.12,0.741,0.823,0.049,0.980,1.000,0.694,0.336,0.250
streets,-4,-12,0,0,-1.75,-5.75,-0.22,-0.464,0.201,0.750,155,7.54,6.28,4.97,1.91,0.751,0.840,0.066,1.000,0.931,0.709,0.400,0.282
streets,-3,-12,0,0,-1.25,-5.75,-0.23,-0.452,0.198,0.778,153,7.42,5.98,4.86,1.62,0.757,0.865,0.073,1.000,0.966,0.718,0.493,0.294
streets,-2,-12,0,0,-0.75,-5.75,-0.23,-0.436,0.202,0.750,156,7.31,5.86,4.74,1.50,0.763,0.875,0.082,1.000,0.931,0.726,0.530,0.310
streets,-1,-12,0,0,-0.25,-5.75,-0.23,-0.423,0.201,0.722,155,7.19,5.75,4.62,1.50,0.769,0.875,0.090,1.000,0.897,0.735,0.530,0.319
streets,0,-12,0,0,0.25,-5.75,-0.23,-0.395,0.202,0.722,156,7.08,5.63,4.50,1.50,0.775,0.875,0.107,1.000,0.897,0.744,0.530,0.326
streets,1,-12,0,0,0.75,-5.75,-0.22,-0.363,0.202,0.750,156,7.20,5.75,4.62,1.62,0.769,0.865,0.126,1.000,0.931,0.735,0.493,0.319
streets,2,-12,0,0,1.25,-5.75,-0.22,-0.354,0.194,0.778,150,7.31,5.87,4.74,1.83,0.763,0.848,0.131,0.987,0.966,0.726,0.428,0.301
streets,3,-12,0,0,1.75,-5.75,-0.22,-0.355,0.193,0.833,149,7.43,5.93,4.86,2.00,0.757,0.833,0.130,0.980,1.000,0.718,0.373,0.285
streets,4,-12,0,0,2.25,-5.75,-0.21,-0.376,0.193,0.778,149,7.55,6.04,4.97,2.12,0.751,0.823,0.118,0.980,0.966,0.709,0.336,0.279
streets,5,-12,0,0,2.75,-5.75,-0.21,-0.418,0.187,0.861,144,7.66,6.25,5.27,2.24,0.737,0.814,0.093,0.947,1.000,0.687,0.299,0.250
streets,6,-12,0,0,3.25,-5.75,-0.13,-0.402,0.180,0.778,139,7.78,6.55,5.48,2.12,0.726,0.823,0.102,0.914,0.966,0.672,0.335,0.253
streets,7,-12,0,0,3.75,-5.75,-0.13,-0.517,0.167,0.750,129,7.90,6.47,5.77,2.53,0.711,0.789,0.034,0.849,0.931,0.650,0.206,0.201
streets,8,-12,0,0,4.25,-5.75,-0.13,-0.617,0.166,0.750,128,8.20,6.38,6.07,2.83,0.696,0.764,0.000,0.842,0.931,0.629,0.113,0.171
streets,9,-12,0,0,4.75,-5.75,-0.13,-0.716,0.163,0.667,126,8.52,6.27,6.41,3.00,0.680,0.750,0.000,0.829,0.828,0.604,0.059,0.171
streets,10,-12,0,0,5.25,-5.75,-0.06,-0.752,0.153,0.528,118,8.81,6.37,6.80,3.13,0.660,0.739,0.000,0.776,0.655,0.575,0.020,0.175
streets,19,-12,0,0,9.75,-5.75,2.30,0.686,0.095,0.556,73,13.86,8.49,4.62,1.62,0.769,0.865,0.748,0.480,0.690,0.735,0.493,0.438
streets,20,-12,0,0,10.25,-5.75,2.26,0.529,0.113,0.639,87,14.16,8.79,4.50,1.12,0.775,0.907,0.655,0.572,0.793,0.744,0.649,0.438
streets,21,-12,0,0,10.75,-5.75,2.26,0.421,0.119,0.694,92,14.57,9.08,4.62,1.62,0.769,0.865,0.590,0.605,0.862,0.735,0.493,0.390
streets,22,-12,0,0,11.25,-5.75,2.26,0.300,0.120,0.694,93,14.98,9.49,4.74,2.12,0.763,0.823,0.519,0.612,0.862,0.726,0.336,0.344
streets,23,-12,0,0,11.75,-5.75,2.26,0.225,0.123,0.667,95,15.48,9.90,4.85,2.00,0.757,0.833,0.474,0.625,0.828,0.718,0.373,0.343
streets,24,-12,0,0,12.25,-5.75,2.27,0.173,0.117,0.583,90,15.98,10.21,4.97,1.50,0.751,0.875,0.443,0.592,0.724,0.709,0.530,0.364
streets,25,-12,0,0,12.75,-5.75,2.30,0.148,0.118,0.556,91,16.48,10.51,5.18,1.00,0.741,0.917,0.429,0.599,0.690,0.694,0.687,0.387
streets,26,-12,0,0,13.25,-5.75,2.29,0.110,0.083,0.472,64,16.98,10.92,5.48,1.00,0.726,0.917,0.406,0.421,0.586,0.672,0.687,0.356
streets,27,-12,0,0,13.75,-5.75,2.30,0.090,0.053,0.361,41,17.39,11.33,5.77,1.62,0.711,0.865,0.395,0.270,0.448,0.651,0.493,0.309
streets,28,-12,0,0,14.25,-5.75,2.30,0.060,0.048,0.278,37,17.89,11.74,5.86,1.12,0.707,0.907,0.377,0.243,0.345,0.644,0.650,0.336
streets,29,-12,0,0,14.75,-5.75,2.30,0.031,0.047,0.250,36,18.31,12.15,5.75,0.71,0.713,0.941,0.359,0.237,0.310,0.652,0.778,0.356
streets,30,-12,0,0,15.25,-5.75,2.30,0.006,0.040,0.222,31,18.81,12.56,5.63,0.50,0.719,0.958,0.345,0.204,0.276,0.661,0.843,0.361
streets,31,-12,0,0,15.75,-5.75,2.30,-0.023,0.040,0.194,31,19.31,12.97,5.75,0.50,0.713,0.958,0.328,0.204,0.241,0.652,0.843,0.360
streets,32,-12,0,0,16.25,-5.75,2.30,-0.050,0.039,0.194,30,19.81,13.39,5.86,0.50,0.707,0.958,0.311,0.197,0.241,0.644,0.843,0.352
streets,34,-12,0,0,17.25,-5.75,3.23,0.830,0.005,0.111,4,21.37,14.77,6.54,1.68,0.673,0.860,0.833,0.026,0.138,0.594,0.473,0.424
streets,35,-12,0,0,17.75,-5.75,3.24,0.828,0.009,0.167,7,21.66,15.06,6.79,1.97,0.661,0.836,0.832,0.046,0.207,0.576,0.382,0.400
streets,36,-12,0,0,18.25,-5.75,2.30,-0.117,0.026,0.111,20,21.81,15.21,6.79,0.50,0.661,0.958,0.271,0.132,0.138,0.576,0.843,0.329
streets,37,-12,0,0,18.75,-5.75,2.30,-0.111,0.026,0.139,20,22.31,15.71,7.20,0.71,0.640,0.941,0.275,0.132,0.172,0.546,0.778,0.309
streets,39,-12,0,0,19.75,-5.75,2.30,-0.105,0.000,0.000,0,23.69,17.09,8.32,0.00,0.584,1.000,0.279,0.000,0.000,0.464,1.000,0.326
streets,40,-12,0,0,20.25,-5.75,2.30,-0.098,0.000,0.000,0,23.90,17.30,8.53,0.00,0.574,1.000,0.283,0.000,0.000,0.449,1.000,0.325
streets,41,-12,0,0,20.75,-5.75,2.29,-0.094,0.000,0.000,0,24.31,17.71,8.94,0.00,0.553,1.000,0.285,0.000,0.000,0.419,1.000,0.319
streets,43,-12,0,0,21.75,-5.75,2.29,-0.093,0.003,0.056,2,25.69,19.09,10.32,0.50,0.484,0.958,0.286,0.013,0.069,0.318,0.843,0.268
streets,44,-12,0,0,22.25,-5.75,2.29,-0.084,0.000,0.000,0,25.81,19.21,10.44,0.00,0.478,1.000,0.291,0.000,0.000,0.309,1.000,0.299
streets,45,-12,0,0,22.75,-5.75,2.29,-0.081,0.004,0.083,3,26.69,20.09,11.32,1.12,0.434,0.907,0.293,0.020,0.103,0.244,0.650,0.223
streets,46,-12,0,0,23.25,-5.75,2.29,-0.075,0.012,0.111,9,26.90,20.30,11.53,0.50,0.424,0.958,0.297,0.059,0.138,0.229,0.843,0.252
streets,47,-12,0,0,23.75,-5.75,2.30,-0.053,0.016,0.111,12,27.31,20.71,11.94,0.71,0.403,0.941,0.310,0.079,0.138,0.199,0.778,0.245
streets,-19,-11,0,0,-9.25,-5.25,0.19,-0.218,0.144,0.250,111,11.86,8.62,10.48,3.15,0.476,0.738,0.211,0.730,0.310,0.306,0.015,0.226
streets,-18,-11,0,0,-8.75,-5.25,0.19,-0.186,0.181,0.472,140,11.45,8.53,9.98,3.26,0.501,0.728,0.230,0.921,0.586,0.343,0.000,0.234
streets,-17,-11,0,0,-8.25,-5.25,0.15,-0.209,0.184,0.500,142,11.04,8.46,9.50,3.24,0.525,0.730,0.217,0.934,0.621,0.377,0.000,0.234
streets,-16,-11,0,0,-7.75,-5.25,0.08,-0.271,0.180,0.556,139,10.62,8.58,9.10,2.76,0.545,0.770,0.180,0.914,0.690,0.407,0.137,0.235
streets,-15,-11,0,0,-7.25,-5.25,0.23,-0.110,0.174,0.583,134,10.25,8.72,8.69,2.24,0.566,0.813,0.276,0.882,0.724,0.437,0.298,0.283
streets,-14,-11,0,0,-6.75,-5.25,0.50,0.156,0.168,0.639,130,9.94,8.98,8.29,1.67,0.586,0.861,0.434,0.855,0.793,0.466,0.477,0.347
streets,-13,-11,0,0,-6.25,-5.25,0.77,0.433,0.166,0.611,128,9.67,9.26,8.02,1.72,0.599,0.856,0.598,0.842,0.759,0.486,0.460,0.400
streets,-12,-11,0,0,-5.75,-5.25,0.85,0.523,0.172,0.694,133,9.31,9.31,7.65,1.41,0.617,0.882,0.651,0.875,0.862,0.513,0.557,0.427
streets,-11,-11,0,0,-5.25,-5.25,0.85,0.530,0.174,0.806,134,9.03,9.03,7.26,1.12,0.637,0.907,0.655,0.882,1.000,0.542,0.650,0.429
streets,-10,-11,0,0,-4.75,-5.25,0.85,0.533,0.174,0.778,134,8.75,8.75,6.86,1.00,0.657,0.917,0.657,0.882,0.966,0.571,0.687,0.446
streets,-9,-11,0,0,-4.25,-5.25,-0.20,-0.507,0.168,0.806,130,8.07,8.07,6.07,2.58,0.697,0.785,0.040,0.855,1.000,0.629,0.191,0.187
streets,-8,-11,0,0,-3.75,-5.25,-0.22,-0.504,0.162,0.778,125,7.77,7.77,5.66,2.74,0.717,0.772,0.042,0.822,0.966,0.659,0.143,0.185
streets,-7,-11,0,0,-3.25,-5.25,-0.26,-0.529,0.171,0.861,132,7.48,7.48,5.36,2.53,0.732,0.789,0.027,0.868,1.000,0.681,0.206,0.199
streets,-6,-11,0,0,-2.75,-5.25,-0.26,-0.509,0.174,0.806,134,7.28,7.19,5.07,2.50,0.747,0.791,0.039,0.882,1.000,0.702,0.216,0.211
streets,-5,-11,0,0,-2.25,-5.25,-0.26,-0.488,0.192,0.861,148,7.16,6.99,4.77,2.50,0.762,0.791,0.051,0.974,1.000,0.724,0.216,0.237
streets,-4,-11,0,0,-1.75,-5.25,-0.27,-0.472,0.203,0.889,157,7.04,6.69,4.47,2.33,0.776,0.806,0.061,1.000,1.000,0.746,0.271,0.258
streets,-3,-11,0,0,-1.25,-5.25,-0.27,-0.457,0.206,0.889,159,6.92,6.48,4.35,2.12,0.782,0.823,0.070,1.000,1.000,0.754,0.336,0.272
streets,-2,-11,0,0,-0.75,-5.25,-0.27,-0.457,0.210,0.833,162,6.81,6.37,4.24,2.00,0.788,0.833,0.070,1.000,1.000,0.763,0.373,0.279
streets,-1,-11,0,0,-0.25,-5.25,-0.27,-0.439,0.202,0.833,156,6.69,6.25,4.12,2.00,0.794,0.833,0.081,1.000,1.000,0.772,0.373,0.284
streets,0,-11,0,0,0.25,-5.25,-0.27,-0.411,0.206,0.806,159,6.58,6.13,4.00,2.00,0.800,0.833,0.097,1.000,1.000,0.780,0.373,0.291
streets,1,-11,0,0,0.75,-5.25,-0.26,-0.389,0.206,0.861,159,6.69,6.25,4.12,2.12,0.794,0.823,0.110,1.000,1.000,0.772,0.336,0.288
streets,2,-11,0,0,1.25,-5.25,-0.26,-0.379,0.198,0.861,153,6.81,6.37,4.24,2.24,0.788,0.814,0.116,1.000,1.000,0.763,0.299,0.282
streets,3,-11,0,0,1.75,-5.25,-0.26,-0.382,0.199,0.861,154,6.93,6.43,4.35,2.50,0.782,0.792,0.114,1.000,1.000,0.754,0.216,0.268
streets,4,-11,0,0,2.25,-5.25,-0.26,-0.417,0.198,0.806,153,7.04,6.54,4.56,2.62,0.772,0.782,0.094,1.000,1.000,0.739,0.179,0.253
streets,5,-11,0,0,2.75,-5.25,-0.21,-0.416,0.189,0.833,146,7.16,6.27,4.77,2.74,0.762,0.772,0.094,0.961,1.000,0.724,0.143,0.236
streets,6,-11,0,0,3.25,-5.25,-0.13,-0.422,0.181,0.806,140,7.28,6.11,5.07,2.53,0.747,0.789,0.091,0.921,1.000,0.702,0.206,0.233
streets,7,-11,0,0,3.75,-5.25,0.06,-0.326,0.167,0.833,129,7.50,5.96,5.38,2.85,0.731,0.762,0.148,0.849,1.000,0.679,0.106,0.216
streets,8,-11,0,0,4.25,-5.25,0.06,-0.423,0.168,0.694,130,7.79,5.84,5.68,3.26,0.716,0.728,0.090,0.855,0.862,0.658,0.000,0.200
streets,9,-11,0,0,4.75,-5.25,0.06,-0.532,0.162,0.694,125,8.09,5.73,6.10,3.53,0.695,0.706,0.025,0.822,0.862,0.627,0.000,0.168
streets,10,-11,0,0,5.25,-5.25,0.12,-0.594,0.158,0.556,122,8.40,5.84,6.52,3.66,0.674,0.695,0.000,0.803,0.690,0.596,0.000,0.176
streets,18,-11,0,0,9.25,-5.25,2.31,0.743,0.058,0.333,45,13.24,7.87,4.24,1.50,0.788,0.875,0.782,0.296,0.414,0.763,0.530,0.464
streets,19,-11,0,0,9.75,-5.25,2.31,0.627,0.092,0.639,71,13.45,8.08,4.12,1.21,0.794,0.899,0.713,0.467,0.793,0.772,0.622,0.436
streets,20,-11,0,0,10.25,-5.25,2.28,0.481,0.115,0.750,89,13.86,8.37,4.00,1.62,0.800,0.865,0.626,0.586,0.931,0.780,0.493,0.395
streets,21,-11,0,0,10.75,-5.25,2.28,0.376,0.124,0.694,96,14.36,8.78,4.12,1.50,0.794,0.875,0.564,0.632,0.862,0.772,0.530,0.400
streets,22,-11,0,0,11.25,-5.25,2.28,0.282,0.127,0.694,98,14.86,9.20,4.24,2.00,0.788,0.833,0.508,0.645,0.862,0.763,0.373,0.361
streets,23,-11,0,0,11.75,-5.25,2.28,0.204,0.132,0.667,102,15.36,9.50,4.35,1.83,0.782,0.848,0.462,0.671,0.828,0.754,0.428,0.364
streets,24,-11,0,0,12.25,-5.25,2.28,0.137,0.133,0.611,103,15.86,9.80,4.47,1.62,0.776,0.865,0.422,0.678,0.759,0.746,0.493,0.371
streets,25,-11,0,0,12.75,-5.25,2.28,0.081,0.127,0.639,98,16.27,10.21,4.77,1.12,0.762,0.907,0.389,0.645,0.793,0.724,0.650,0.369
streets,26,-11,0,0,13.25,-5.25,2.28,0.055,0.100,0.611,77,16.77,10.62,5.06,1.12,0.747,0.907,0.374,0.507,0.759,0.702,0.650,0.338
streets,27,-11,0,0,13.75,-5.25,2.28,0.031,0.080,0.417,62,17.19,11.03,5.36,1.50,0.732,0.875,0.359,0.408,0.517,0.681,0.530,0.327
streets,28,-11,0,0,14.25,-5.25,2.28,0.007,0.065,0.361,50,17.69,11.44,5.36,1.00,0.732,0.917,0.345,0.329,0.448,0.680,0.687,0.341
streets,29,-11,0,0,14.75,-5.25,2.28,-0.016,0.061,0.333,47,18.19,11.86,5.25,0.50,0.738,0.958,0.331,0.309,0.414,0.689,0.843,0.363
streets,30,-11,0,0,15.25,-5.25,2.28,-0.043,0.000,0.000,0,18.69,12.27,5.13,0.00,0.744,1.000,0.316,0.000,0.000,0.698,1.000,0.384
streets,31,-11,0,0,15.75,-5.25,2.28,-0.066,0.003,0.056,2,19.19,12.68,5.25,0.50,0.738,0.958,0.302,0.013,0.069,0.689,0.843,0.347
streets,32,-11,0,0,16.25,-5.25,2.28,-0.090,0.000,0.000,0,19.69,13.09,5.36,0.00,0.732,1.000,0.288,0.000,0.000,0.680,1.000,0.372
streets,33,-11,0,0,16.75,-5.25,2.28,-0.111,0.006,0.111,5,20.19,13.59,5.49,0.50,0.725,0.958,0.275,0.033,0.138,0.671,0.843,0.329
streets,34,-11,0,0,17.25,-5.25,2.28,-0.132,0.010,0.222,8,20.69,14.09,5.79,1.00,0.711,0.917,0.263,0.053,0.276,0.650,0.687,0.281
streets,35,-11,0,0,17.75,-5.25,2.32,-0.102,0.009,0.167,7,21.19,14.59,6.08,1.50,0.696,0.875,0.280,0.046,0.207,0.628,0.530,0.267
streets,36,-11,0,0,18.25,-5.25,2.28,-0.142,0.013,0.222,10,21.69,15.09,6.49,1.50,0.675,0.875,0.256,0.066,0.276,0.598,0.530,0.248
streets,37,-11,0,0,18.75,-5.25,2.28,-0.139,0.018,0.250,14,22.19,15.59,6.90,1.00,0.655,0.917,0.259,0.092,0.310,0.568,0.687,0.266
streets,38,-11,0,0,19.25,-5.25,2.29,-0.122,0.018,0.222,14,22.69,16.09,7.32,0.50,0.634,0.958,0.269,0.092,0.276,0.537,0.843,0.292
streets,39,-11,0,0,19.75,-5.25,2.29,-0.122,0.000,0.000,0,23.19,16.59,7.82,0.00,0.609,1.000,0.269,0.000,0.000,0.501,1.000,0.331
streets,40,-11,0,0,20.25,-5.25,2.30,-0.112,0.001,0.028,1,23.69,17.09,8.32,0.50,0.584,0.958,0.275,0.007,0.034,0.464,0.843,0.298
streets,41,-11,0,0,20.75,-5.25,2.30,-0.103,0.005,0.056,4,24.19,17.59,8.82,0.50,0.559,0.958,0.280,0.026,0.069,0.427,0.843,0.291
streets,42,-11,0,0,21.25,-5.25,2.30,-0.097,0.004,0.083,3,24.69,18.09,9.32,0.50,0.534,0.958,0.283,0.020,0.103,0.391,0.843,0.278
streets,43,-11,0,0,21.75,-5.25,2.30,-0.090,0.003,0.056,2,25.19,18.59,9.82,0.71,0.509,0.941,0.287,0.013,0.069,0.354,0.778,0.266
streets,44,-11,0,0,22.25,-5.25,2.30,-0.083,0.016,0.111,12,25.69,19.09,10.32,0.50,0.484,0.958,0.292,0.079,0.138,0.318,0.843,0.273
streets,45,-11,0,0,22.75,-5.25,2.30,-0.076,0.014,0.111,11,26.19,19.59,10.82,0.50,0.459,0.958,0.296,0.072,0.138,0.281,0.843,0.265
streets,46,-11,0,0,23.25,-5.25,2.29,-0.061,0.021,0.139,16,26.69,20.09,11.32,0.50,0.434,0.958,0.305,0.105,0.172,0.244,0.843,0.262
streets,47,-11,0,0,23.75,-5.25,2.29,-0.050,0.028,0.194,22,27.19,20.59,11.82,0.50,0.409,0.958,0.311,0.145,0.241,0.208,0.843,0.254
streets,48,-11,0,0,24.25,-5.25,2.29,-0.043,0.000,0.000,0,27.69,21.09,12.32,0.00,0.384,1.000,0.316,0.000,0.000,0.171,1.000,0.279
streets,-19,-10,0,0,-9.25,-4.75,0.22,-0.184,0.201,0.444,155,11.66,8.12,10.16,2.64,0.492,0.780,0.232,1.000,0.552,0.330,0.171,0.278
streets,-18,-10,0,0,-8.75,-4.75,0.21,-0.160,0.199,0.500,154,11.16,8.03,9.86,2.85,0.507,0.762,0.246,1.000,0.621,0.351,0.107,0.267
streets,-17,-10,0,0,-8.25,-4.75,0.15,-0.186,0.206,0.583,159,10.74,7.96,9.36,3.15,0.532,0.737,0.231,1.000,0.724,0.388,0.012,0.240
streets,-16,-10,0,0,-7.75,-4.75,0.07,-0.242,0.198,0.639,153,10.32,8.08,8.86,2.87,0.557,0.761,0.197,1.000,0.793,0.425,0.101,0.240
streets,-15,-10,0,0,-7.25,-4.75,0.17,-0.142,0.192,0.639,148,9.94,8.22,8.39,2.45,0.581,0.796,0.257,0.974,0.793,0.459,0.232,0.279
streets,-14,-10,0,0,-6.75,-4.75,0.50,0.204,0.190,0.667,147,9.66,8.50,8.03,1.96,0.599,0.837,0.462,0.967,0.828,0.485,0.387,0.363
streets,-13,-10,0,0,-6.25,-4.75,0.77,0.470,0.183,0.750,141,9.40,8.88,7.78,1.62,0.611,0.865,0.620,0.928,0.931,0.504,0.492,0.406
streets,-12,-10,0,0,-5.75,-4.75,0.85,0.568,0.188,0.750,145,9.03,9.03,7.38,1.50,0.631,0.875,0.678,0.954,0.931,0.533,0.530,0.441
streets,-11,-10,0,0,-5.25,-4.75,0.85,0.579,0.187,0.861,144,8.63,8.63,6.98,1.62,0.651,0.865,0.685,0.947,1.000,0.562,0.493,0.431
streets,-10,-10,0,0,-4.75,-4.75,-0.20,-0.457,0.177,0.806,137,7.95,7.95,6.18,3.00,0.691,0.750,0.070,0.901,1.000,0.620,0.060,0.184
streets,-9,-10,0,0,-4.25,-4.75,-0.20,-0.457,0.180,0.889,139,7.66,7.66,5.77,3.08,0.711,0.743,0.070,0.914,1.000,0.651,0.034,0.189
streets,-8,-10,0,0,-3.75,-4.75,-0.24,-0.472,0.176,0.806,136,7.36,7.36,5.36,3.00,0.732,0.750,0.061,0.895,1.000,0.681,0.060,0.192
streets,-7,-10,0,0,-3.25,-4.75,-0.26,-0.471,0.181,0.917,140,7.07,7.07,4.95,2.94,0.752,0.755,0.062,0.921,1.000,0.711,0.078,0.207
streets,-6,-10,0,0,-2.75,-4.75,-0.26,-0.455,0.189,0.917,146,6.78,6.78,4.65,2.74,0.767,0.772,0.071,0.961,1.000,0.732,0.142,0.231
streets,-5,-10,0,0,-2.25,-4.75,-0.26,-0.443,0.198,0.944,153,6.66,6.66,4.36,2.62,0.782,0.782,0.078,1.000,1.000,0.754,0.179,0.251
streets,-4,-10,0,0,-1.75,-4.75,-0.25,-0.429,0.215,0.944,166,6.54,6.54,4.06,2.74,0.797,0.772,0.086,1.000,1.000,0.776,0.143,0.252
streets,-3,-10,0,0,-1.25,-4.75,-0.26,-0.436,0.212,0.944,164,6.42,6.42,3.85,2.62,0.807,0.782,0.082,1.000,1.000,0.791,0.179,0.260
streets,-2,-10,0,0,-0.75,-4.75,-0.26,-0.423,0.218,0.917,168,6.31,6.31,3.74,2.50,0.813,0.792,0.090,1.000,1.000,0.800,0.216,0.269
streets,-1,-10,0,0,-0.25,-4.75,-0.26,-0.413,0.212,0.944,164,6.19,6.19,3.62,2.50,0.819,0.792,0.096,1.000,1.000,0.808,0.216,0.273
streets,0,-10,0,0,0.25,-4.75,-0.26,-0.392,0.214,0.889,165,6.08,6.08,3.50,2.50,0.825,0.792,0.108,1.000,1.000,0.817,0.216,0.278
streets,1,-10,0,0,0.75,-4.75,-0.26,-0.380,0.215,0.944,166,6.19,6.19,3.62,2.62,0.819,0.782,0.115,1.000,1.000,0.808,0.179,0.273
streets,2,-10,0,0,1.25,-4.75,-0.26,-0.375,0.203,0.889,157,6.31,6.31,3.74,2.74,0.813,0.772,0.119,1.000,1.000,0.800,0.142,0.267
streets,3,-10,0,0,1.75,-4.75,-0.26,-0.383,0.209,0.917,161,6.43,6.43,3.85,2.94,0.807,0.755,0.113,1.000,1.000,0.791,0.078,0.254
streets,4,-10,0,0,2.25,-4.75,-0.26,-0.419,0.210,0.861,162,6.54,6.16,4.15,3.12,0.792,0.740,0.092,1.000,1.000,0.769,0.023,0.235
streets,5,-10,0,0,2.75,-4.75,-0.21,-0.432,0.193,0.889,149,6.66,5.86,4.36,2.74,0.782,0.772,0.084,0.980,1.000,0.754,0.143,0.244
streets,6,-10,0,0,3.25,-4.75,-0.13,-0.421,0.179,0.861,138,6.78,5.61,4.66,2.95,0.767,0.755,0.091,0.908,1.000,0.732,0.077,0.217
streets,7,-10,0,0,3.75,-4.75,0.06,-0.319,0.171,0.833,132,7.09,5.46,4.98,3.26,0.751,0.728,0.152,0.868,1.000,0.709,0.000,0.211
streets,8,-10,0,0,4.25,-4.75,0.20,-0.269,0.174,0.778,134,7.39,5.33,5.40,3.57,0.730,0.702,0.181,0.882,0.966,0.678,0.000,0.221
streets,9,-10,0,0,4.75,-4.75,0.20,-0.389,0.167,0.806,129,7.69,5.22,5.81,3.83,0.710,0.681,0.110,0.849,1.000,0.648,0.000,0.182
streets,10,-10,0,0,5.25,-4.75,0.20,-0.516,0.165,0.639,127,7.99,5.34,6.22,3.94,0.689,0.671,0.035,0.836,0.793,0.618,0.000,0.182
streets,11,-10,0,0,5.75,-4.75,0.20,-0.645,0.142,0.528,110,8.40,5.46,6.63,4.06,0.668,0.661,0.000,0.724,0.655,0.588,0.000,0.164
streets,12,-10,0,0,6.25,-4.75,0.20,-0.764,0.100,0.222,77,8.81,5.63,7.05,4.23,0.648,0.647,0.000,0.507,0.276,0.557,0.000,0.171
streets,13,-10,0,0,6.75,-4.75,0.20,-0.894,0.101,0.222,78,9.22,5.75,7.46,4.39,0.627,0.634,0.000,0.513,0.276,0.527,0.000,0.167
streets,15,-10,0,0,7.75,-4.75,2.31,1.005,0.133,0.444,103,11.29,6.84,4.36,2.00,0.782,0.833,0.937,0.678,0.552,0.754,0.373,0.541
streets,16,-10,0,0,8.25,-4.75,2.31,0.892,0.124,0.417,96,11.79,6.96,4.06,1.50,0.797,0.875,0.870,0.632,0.517,0.776,0.530,0.544
streets,17,-10,0,0,8.75,-4.75,2.31,0.791,0.130,0.444,100,12.24,7.07,3.85,1.00,0.807,0.917,0.810,0.658,0.552,0.791,0.687,0.553
streets,18,-10,0,0,9.25,-4.75,2.30,0.665,0.154,0.667,119,12.74,7.37,3.74,0.50,0.813,0.958,0.735,0.783,0.828,0.800,0.843,0.539
streets,19,-10,0,0,9.75,-4.75,2.29,0.540,0.174,0.722,134,13.24,7.67,3.62,0.71,0.819,0.941,0.661,0.882,0.897,0.808,0.778,0.519
streets,20,-10,0,0,10.25,-4.75,2.29,0.425,0.184,0.722,142,13.74,8.08,3.50,0.71,0.825,0.941,0.593,0.934,0.897,0.817,0.778,0.510
streets,21,-10,0,0,10.75,-4.75,2.29,0.333,0.180,0.722,139,14.24,8.49,3.62,1.12,0.819,0.907,0.538,0.914,0.897,0.808,0.650,0.469
streets,22,-10,0,0,11.25,-4.75,2.29,0.254,0.176,0.694,136,14.74,8.80,3.74,1.62,0.813,0.865,0.491,0.895,0.862,0.800,0.493,0.431
streets,23,-10,0,0,11.75,-4.75,2.29,0.186,0.172,0.667,133,15.16,9.09,3.85,1.41,0.807,0.882,0.451,0.875,0.828,0.791,0.557,0.428
streets,24,-10,0,0,12.25,-4.75,2.29,0.116,0.166,0.611,128,15.66,9.50,4.06,1.12,0.797,0.907,0.409,0.842,0.759,0.776,0.650,0.430
streets,25,-10,0,0,12.75,-4.75,2.29,0.056,0.152,0.639,117,16.07,9.92,4.36,1.00,0.782,0.917,0.374,0.770,0.793,0.754,0.686,0.401
streets,26,-10,0,0,13.25,-4.75,2.29,0.029,0.117,0.528,90,16.57,10.33,4.65,1.00,0.767,0.917,0.358,0.592,0.655,0.733,0.686,0.377
streets,27,-10,0,0,13.75,-4.75,2.29,0.006,0.104,0.444,80,17.07,10.74,4.95,1.00,0.752,0.917,0.345,0.526,0.552,0.711,0.687,0.371
streets,28,-10,0,0,14.25,-4.75,2.29,-0.015,0.095,0.306,73,17.57,11.15,4.86,1.00,0.757,0.917,0.332,0.480,0.379,0.717,0.687,0.385
streets,29,-10,0,0,14.75,-4.75,2.29,-0.042,0.076,0.306,59,18.07,11.56,4.75,0.50,0.763,0.958,0.316,0.388,0.379,0.726,0.843,0.387
streets,30,-10,0,0,15.25,-4.75,2.29,-0.063,0.000,0.000,0,18.57,11.97,4.63,0.00,0.769,1.000,0.304,0.000,0.000,0.734,1.000,0.388
streets,31,-10,0,0,15.75,-4.75,2.29,-0.084,0.003,0.056,2,19.07,12.47,4.75,0.50,0.763,0.958,0.291,0.013,0.069,0.726,0.843,0.351
streets,32,-10,0,0,16.25,-4.75,2.29,-0.105,0.000,0.000,0,19.57,12.97,4.86,0.00,0.757,1.000,0.279,0.000,0.000,0.717,1.000,0.377
streets,33,-10,0,0,16.75,-4.75,2.28,-0.122,0.006,0.083,5,20.07,13.47,5.08,0.50,0.746,0.958,0.269,0.033,0.103,0.701,0.843,0.338
streets,34,-10,0,0,17.25,-4.75,2.28,-0.142,0.026,0.139,20,20.57,13.97,5.37,0.50,0.731,0.958,0.257,0.132,0.172,0.680,0.843,0.340
streets,35,-10,0,0,17.75,-4.75,2.28,-0.148,0.028,0.167,22,21.07,14.47,5.79,0.50,0.711,0.958,0.253,0.145,0.207,0.650,0.843,0.330
streets,36,-10,0,0,18.25,-4.75,2.28,-0.149,0.030,0.222,23,21.57,14.97,6.20,0.50,0.690,0.958,0.253,0.151,0.276,0.619,0.843,0.315
streets,37,-10,0,0,18.75,-4.75,2.28,-0.146,0.030,0.194,23,22.07,15.47,6.70,0.50,0.665,0.958,0.254,0.151,0.241,0.583,0.843,0.313
streets,38,-10,0,0,19.25,-4.75,2.29,-0.128,0.028,0.139,22,22.57,15.97,7.20,0.50,0.640,0.958,0.265,0.145,0.172,0.546,0.843,0.318
streets,39,-10,0,0,19.75,-4.75,2.27,-0.149,0.001,0.028,1,23.07,16.47,7.70,0.50,0.615,0.958,0.253,0.007,0.034,0.509,0.843,0.300
streets,40,-10,0,0,20.25,-4.75,2.28,-0.132,0.009,0.028,7,23.57,16.97,8.20,0.50,0.590,0.958,0.262,0.046,0.034,0.473,0.843,0.304
streets,41,-10,0,0,20.75,-4.75,2.29,-0.121,0.017,0.028,13,24.07,17.47,8.70,0.50,0.565,0.958,0.269,0.086,0.034,0.436,0.843,0.306
streets,42,-10,0,0,21.25,-4.75,2.29,-0.115,0.004,0.056,3,24.57,17.97,9.20,0.50,0.540,0.958,0.273,0.020,0.069,0.399,0.843,0.282
streets,43,-10,0,0,21.75,-4.75,2.28,-0.107,0.012,0.083,9,25.07,18.47,9.70,0.50,0.515,0.958,0.278,0.059,0.103,0.363,0.843,0.279
streets,44,-10,0,0,22.25,-4.75,2.28,-0.102,0.018,0.083,14,25.57,18.97,10.20,0.71,0.490,0.941,0.280,0.092,0.103,0.326,0.778,0.269
streets,45,-10,0,0,22.75,-4.75,2.28,-0.099,0.018,0.083,14,26.07,19.47,10.70,0.71,0.465,0.941,0.282,0.092,0.103,0.290,0.779,0.262
streets,46,-10,0,0,23.25,-4.75,2.28,-0.080,0.021,0.083,16,26.57,19.97,11.20,0.71,0.440,0.941,0.294,0.105,0.103,0.253,0.778,0.261
streets,47,-10,0,0,23.75,-4.75,2.29,-0.051,0.030,0.083,23,27.07,20.47,11.70,0.50,0.415,0.958,0.311,0.151,0.103,0.216,0.843,0.278
streets,48,-10,0,0,24.25,-4.75,2.30,-0.039,0.000,0.000,0,27.57,20.97,12.20,0.00,0.390,1.000,0.318,0.000,0.000,0.180,1.000,0.281
streets,-20,-9,0,0,-9.75,-4.25,0.27,-0.186,0.137,0.250,106,12.05,7.73,9.76,2.03,0.512,0.831,0.231,0.697,0.310,0.359,0.365,0.289
streets,-19,-9,0,0,-9.25,-4.25,0.26,-0.164,0.202,0.472,156,11.55,7.62,9.66,2.14,0.517,0.821,0.243,1.000,0.586,0.366,0.328,0.308
streets,-18,-9,0,0,-8.75,-4.25,0.22,-0.161,0.201,0.583,155,11.04,7.53,9.75,2.44,0.513,0.797,0.246,1.000,0.724,0.360,0.235,0.272
streets,-17,-9,0,0,-8.25,-4.25,0.17,-0.180,0.203,0.639,157,10.54,7.46,9.24,2.86,0.538,0.762,0.234,1.000,0.793,0.396,0.105,0.246
streets,-16,-9,0,0,-7.75,-4.25,0.07,-0.246,0.199,0.639,154,10.04,7.59,8.73,3.15,0.563,0.738,0.195,1.000,0.793,0.434,0.013,0.228
streets,-15,-9,0,0,-7.25,-4.25,-0.05,-0.334,0.192,0.694,148,9.61,7.73,8.22,2.85,0.589,0.762,0.143,0.974,0.862,0.471,0.107,0.218
streets,-14,-9,0,0,-6.75,-4.25,-0.18,-0.448,0.189,0.722,146,9.19,7.89,7.71,2.80,0.614,0.767,0.075,0.961,0.897,0.509,0.124,0.201
streets,-13,-9,0,0,-6.25,-4.25,-0.20,-0.455,0.174,0.750,134,8.77,8.12,7.21,2.95,0.639,0.754,0.071,0.882,0.931,0.545,0.076,0.179
streets,-12,-9,0,0,-5.75,-4.25,-0.20,-0.455,0.179,0.778,138,8.36,8.36,6.71,3.25,0.664,0.729,0.071,0.908,0.966,0.582,0.000,0.174
streets,-11,-9,0,0,-5.25,-4.25,-0.20,-0.432,0.179,0.833,138,7.95,7.95,6.30,3.36,0.685,0.720,0.085,0.908,1.000,0.612,0.000,0.179
streets,-10,-9,0,0,-4.75,-4.25,-0.21,-0.424,0.180,0.861,139,7.54,7.54,5.89,3.24,0.706,0.730,0.089,0.914,1.000,0.642,0.000,0.188
streets,-9,-9,0,0,-4.25,-4.25,-0.24,-0.441,0.180,0.861,139,7.24,7.24,5.48,3.12,0.726,0.740,0.079,0.914,1.000,0.672,0.023,0.195
streets,-8,-9,0,0,-3.75,-4.25,-0.26,-0.452,0.171,0.806,132,6.95,6.95,5.07,3.00,0.747,0.750,0.073,0.868,1.000,0.702,0.060,0.195
streets,-7,-9,0,0,-3.25,-4.25,-0.26,-0.430,0.180,0.889,139,6.65,6.65,4.65,3.00,0.767,0.750,0.086,0.914,1.000,0.732,0.060,0.214
streets,-6,-9,0,0,-2.75,-4.25,-0.26,-0.405,0.185,0.861,143,6.36,6.36,4.24,3.12,0.788,0.740,0.101,0.941,1.000,0.763,0.023,0.224
streets,-5,-9,0,0,-2.25,-4.25,-0.25,-0.383,0.198,0.917,153,6.16,6.16,3.95,3.12,0.803,0.740,0.114,1.000,1.000,0.784,0.023,0.244
streets,-4,-9,0,0,-1.75,-4.25,0.34,0.210,0.215,0.889,166,6.19,6.19,3.77,3.39,0.811,0.717,0.466,1.000,1.000,0.797,0.000,0.349
streets,-3,-9,0,0,-1.25,-4.25,-0.26,-0.387,0.214,0.972,165,5.92,5.92,3.35,3.12,0.832,0.740,0.112,1.000,1.000,0.828,0.023,0.252
streets,-2,-9,0,0,-0.75,-4.25,-0.26,-0.383,0.218,0.861,168,5.81,5.81,3.24,3.00,0.838,0.750,0.114,1.000,1.000,0.836,0.060,0.260
streets,-1,-9,0,0,-0.25,-4.25,-0.26,-0.372,0.215,0.972,166,5.69,5.69,3.12,3.00,0.844,0.750,0.120,1.000,1.000,0.845,0.060,0.264
streets,0,-9,0,0,0.25,-4.25,-0.26,-0.369,0.219,0.889,169,5.58,5.58,3.00,3.00,0.850,0.750,0.122,1.000,1.000,0.854,0.060,0.266
streets,1,-9,0,0,0.75,-4.25,-0.26,-0.359,0.219,0.944,169,5.69,5.69,3.12,3.12,0.844,0.740,0.128,1.000,1.000,0.845,0.023,0.261
streets,2,-9,0,0,1.25,-4.25,-0.26,-0.357,0.207,0.917,160,5.81,5.81,3.24,3.24,0.838,0.730,0.129,1.000,1.000,0.836,0.000,0.256
streets,3,-9,0,0,1.75,-4.25,0.33,0.214,0.216,0.889,167,6.07,6.07,3.50,3.16,0.825,0.737,0.468,1.000,1.000,0.817,0.010,0.355
streets,4,-9,0,0,2.25,-4.25,-0.25,-0.416,0.215,0.861,166,6.04,5.86,3.65,3.62,0.817,0.698,0.094,1.000,1.000,0.806,0.000,0.239
streets,5,-9,0,0,2.75,-4.25,-0.21,-0.442,0.193,0.889,149,6.16,5.46,3.95,3.24,0.803,0.730,0.079,0.980,1.000,0.784,0.000,0.227
streets,6,-9,0,0,3.25,-4.25,-0.13,-0.430,0.176,0.861,136,6.37,5.15,4.25,3.36,0.788,0.720,0.086,0.895,1.000,0.762,0.000,0.207
streets,7,-9,0,0,3.75,-4.25,0.06,-0.314,0.168,0.861,130,6.68,4.98,4.68,3.37,0.766,0.719,0.155,0.855,1.000,0.730,0.000,0.214
streets,8,-9,0,0,4.25,-4.25,0.20,-0.266,0.175,0.806,135,6.99,4.83,5.11,3.22,0.745,0.732,0.183,0.888,1.000,0.699,0.000,0.222
streets,9,-9,0,0,4.75,-4.25,0.20,-0.390,0.168,0.806,130,7.28,4.72,5.51,3.33,0.724,0.723,0.109,0.855,1.000,0.670,0.000,0.188
streets,10,-9,0,0,5.25,-4.25,0.20,-0.524,0.162,0.694,125,7.69,4.84,5.93,3.44,0.703,0.713,0.030,0.822,0.862,0.639,0.000,0.172
streets,11,-9,0,0,5.75,-4.25,0.20,-0.664,0.150,0.639,116,8.10,5.03,6.34,3.65,0.683,0.696,0.000,0.763,0.793,0.609,0.000,0.155
streets,12,-9,0,0,6.25,-4.25,0.20,-0.794,0.139,0.417,107,8.51,5.13,6.76,3.84,0.662,0.680,0.000,0.704,0.517,0.578,0.000,0.179
streets,13,-9,0,0,6.75,-4.25,0.20,-0.923,0.126,0.361,97,8.92,5.25,7.24,4.02,0.638,0.665,0.000,0.638,0.448,0.543,0.000,0.169
streets,15,-9,0,0,7.75,-4.25,2.30,0.940,0.153,0.556,118,11.12,6.34,3.95,2.12,0.803,0.823,0.898,0.776,0.690,0.784,0.336,0.529
streets,16,-9,0,0,8.25,-4.25,2.30,0.825,0.145,0.611,112,11.62,6.46,3.65,1.62,0.817,0.865,0.830,0.737,0.759,0.806,0.493,0.518
streets,17,-9,0,0,8.75,-4.25,2.28,0.695,0.153,0.639,118,12.12,6.66,3.35,1.21,0.832,0.899,0.753,0.776,0.793,0.828,0.622,0.521
streets,18,-9,0,0,9.25,-4.25,2.30,0.603,0.165,0.722,127,12.62,6.96,3.24,1.00,0.838,0.917,0.699,0.836,0.897,0.836,0.687,0.512
streets,19,-9,0,0,9.75,-4.25,2.29,0.481,0.179,0.750,138,13.12,7.37,3.12,1.12,0.844,0.907,0.626,0.908,0.931,0.845,0.650,0.496
streets,20,-9,0,0,10.25,-4.25,2.30,0.377,0.190,0.806,147,13.62,7.78,3.00,1.12,0.850,0.907,0.564,0.967,1.000,0.854,0.650,0.481
streets,21,-9,0,0,10.75,-4.25,2.30,0.287,0.185,0.806,143,14.04,8.09,3.12,1.41,0.844,0.882,0.511,0.941,1.000,0.845,0.557,0.444
streets,22,-9,0,0,11.25,-4.25,2.30,0.224,0.183,0.750,141,14.54,8.39,3.24,1.62,0.838,0.865,0.474,0.928,0.931,0.836,0.493,0.429
streets,23,-9,0,0,11.75,-4.25,2.30,0.159,0.179,0.722,138,14.96,8.80,3.35,1.12,0.832,0.907,0.436,0.908,0.897,0.828,0.650,0.441
streets,24,-9,0,0,12.25,-4.25,2.29,0.089,0.174,0.639,134,15.46,9.21,3.65,0.71,0.817,0.941,0.394,0.882,0.793,0.806,0.778,0.453
streets,25,-9,0,0,12.75,-4.25,2.29,0.027,0.132,0.611,102,15.96,9.62,3.95,0.50,0.803,0.958,0.357,0.671,0.759,0.784,0.843,0.411
streets,26,-9,0,0,13.25,-4.25,2.29,-0.001,0.115,0.500,89,16.46,10.03,4.24,0.50,0.788,0.958,0.341,0.586,0.621,0.763,0.843,0.405
streets,27,-9,0,0,13.75,-4.25,2.29,-0.019,0.097,0.361,75,16.96,10.44,4.65,0.50,0.767,0.958,0.330,0.493,0.448,0.732,0.843,0.403
streets,28,-9,0,0,14.25,-4.25,2.29,-0.040,0.095,0.333,73,17.46,10.85,4.46,0.50,0.777,0.958,0.317,0.480,0.414,0.747,0.843,0.405
streets,29,-9,0,0,14.75,-4.25,2.29,-0.062,0.085,0.306,66,17.96,11.35,4.26,0.71,0.787,0.941,0.304,0.434,0.379,0.762,0.778,0.390
streets,30,-9,0,0,15.25,-4.25,2.29,-0.081,0.067,0.250,52,18.46,11.85,4.14,0.50,0.793,0.958,0.293,0.342,0.310,0.770,0.843,0.390
streets,31,-9,0,0,15.75,-4.25,2.29,-0.103,0.056,0.222,43,18.96,12.35,4.26,0.50,0.787,0.958,0.280,0.283,0.276,0.762,0.843,0.378
streets,32,-9,0,0,16.25,-4.25,2.28,-0.121,0.045,0.167,35,19.46,12.85,4.38,0.50,0.781,0.958,0.269,0.230,0.207,0.753,0.843,0.373
streets,33,-9,0,0,16.75,-4.25,2.28,-0.138,0.035,0.167,27,19.96,13.35,4.67,0.50,0.767,0.958,0.259,0.178,0.207,0.731,0.843,0.355
streets,34,-9,0,0,17.25,-4.25,2.28,-0.152,0.035,0.222,27,20.46,13.85,5.08,0.71,0.746,0.941,0.251,0.178,0.276,0.701,0.778,0.326
streets,35,-9,0,0,17.75,-4.25,2.28,-0.160,0.036,0.278,28,20.96,14.35,5.58,0.71,0.721,0.941,0.246,0.184,0.345,0.664,0.778,0.308
streets,36,-9,0,0,18.25,-4.25,2.28,-0.158,0.039,0.250,30,21.46,14.85,6.08,0.50,0.696,0.958,0.247,0.197,0.310,0.628,0.843,0.319
streets,37,-9,0,0,18.75,-4.25,2.28,-0.154,0.035,0.194,27,21.96,15.35,6.58,0.50,0.671,0.958,0.250,0.178,0.241,0.591,0.843,0.319
streets,45,-9,0,0,22.75,-4.25,2.78,0.396,0.005,0.111,4,26.30,19.69,10.92,1.62,0.454,0.865,0.576,0.026,0.138,0.273,0.493,0.286
streets,46,-9,0,0,23.25,-4.25,2.26,-0.107,0.012,0.139,9,26.69,20.09,11.32,0.71,0.434,0.941,0.277,0.059,0.172,0.244,0.778,0.235
streets,47,-9,0,0,23.75,-4.25,2.28,-0.065,0.022,0.167,17,27.19,20.59,11.82,0.50,0.409,0.958,0.303,0.112,0.207,0.208,0.843,0.250
streets,48,-9,0,0,24.25,-4.25,2.30,-0.043,0.000,0.000,0,27.69,21.09,12.32,0.00,0.384,1.000,0.316,0.000,0.000,0.171,1.000,0.279
streets,-20,-8,0,0,-9.75,-3.75,0.35,-0.118,0.199,0.444,154,11.93,7.23,9.25,1.52,0.537,0.873,0.271,1.000,0.552,0.396,0.524,0.356
streets,-19,-8,0,0,-9.25,-3.75,0.34,-0.108,0.207,0.556,160,11.43,7.12,9.15,1.73,0.542,0.856,0.277,1.000,0.690,0.403,0.460,0.329
streets,-18,-8,0,0,-8.75,-3.75,0.28,-0.132,0.202,0.583,156,10.94,7.02,9.28,2.14,0.536,0.822,0.263,1.000,0.724,0.394,0.329,0.298
streets,-17,-8,0,0,-8.25,-3.75,0.19,-0.192,0.203,0.722,157,10.43,6.96,9.13,2.65,0.543,0.779,0.227,1.000,0.897,0.405,0.170,0.240
streets,-16,-8,0,0,-7.75,-3.75,0.06,-0.280,0.197,0.667,152,9.92,7.09,8.62,3.16,0.569,0.736,0.175,1.000,0.828,0.442,0.009,0.218
streets,-15,-8,0,0,-7.25,-3.75,-0.07,-0.378,0.190,0.750,147,9.40,7.24,8.10,3.21,0.595,0.732,0.117,0.967,0.931,0.480,0.000,0.185
streets,-14,-8,0,0,-6.75,-3.75,-0.19,-0.448,0.180,0.750,139,8.89,7.41,7.59,3.17,0.620,0.736,0.075,0.914,0.931,0.517,0.007,0.170
streets,-13,-8,0,0,-6.25,-3.75,-0.20,-0.442,0.171,0.778,132,8.48,7.71,7.09,3.12,0.645,0.740,0.079,0.868,0.966,0.554,0.022,0.167
streets,-12,-8,0,0,-5.75,-3.75,-0.25,-0.464,0.171,0.778,132,8.07,8.02,6.59,3.00,0.670,0.750,0.066,0.868,0.966,0.591,0.059,0.175
streets,-11,-8,0,0,-5.25,-3.75,-0.25,-0.445,0.175,0.917,135,7.66,7.66,6.09,2.94,0.695,0.755,0.077,0.888,1.000,0.627,0.077,0.188
streets,-10,-8,0,0,-4.75,-3.75,-0.25,-0.427,0.176,0.833,136,7.24,7.24,5.59,2.74,0.720,0.772,0.088,0.895,1.000,0.664,0.142,0.209
streets,-9,-8,0,0,-4.25,-3.75,-0.26,-0.427,0.174,0.889,134,6.83,6.83,5.18,2.62,0.741,0.782,0.088,0.882,1.000,0.694,0.179,0.218
streets,-8,-8,0,0,-3.75,-3.75,-0.26,-0.412,0.172,0.833,133,6.54,6.54,4.77,2.50,0.762,0.792,0.097,0.875,1.000,0.724,0.216,0.231
streets,-7,-8,0,0,-3.25,-3.75,-0.26,-0.393,0.177,0.861,137,6.24,6.24,4.36,2.50,0.782,0.792,0.108,0.901,1.000,0.754,0.216,0.246
streets,-6,-8,0,0,-2.75,-3.75,-0.26,-0.378,0.183,0.861,141,5.95,5.95,3.95,2.62,0.803,0.782,0.116,0.928,1.000,0.784,0.179,0.254
streets,-5,-8,0,0,-2.25,-3.75,-0.25,-0.354,0.193,0.917,149,5.66,5.66,3.54,2.74,0.823,0.772,0.131,0.980,1.000,0.814,0.142,0.270
streets,-4,-8,0,0,-1.75,-3.75,0.34,0.241,0.215,0.917,166,5.69,5.69,3.36,3.10,0.832,0.742,0.484,1.000,1.000,0.827,0.030,0.365
streets,-3,-8,0,0,-1.25,-3.75,-0.26,-0.350,0.216,0.917,167,5.42,5.42,2.94,3.24,0.853,0.730,0.133,1.000,1.000,0.858,0.000,0.262
streets,-2,-8,0,0,-0.75,-3.75,-0.26,-0.351,0.220,0.917,170,5.31,5.31,2.74,3.50,0.863,0.708,0.133,1.000,1.000,0.873,0.000,0.264
streets,-1,-8,0,0,-0.25,-3.75,-0.26,-0.344,0.216,0.944,167,5.19,5.19,2.62,3.50,0.869,0.708,0.137,1.000,1.000,0.882,0.000,0.267
streets,0,-8,0,0,0.25,-3.75,-0.26,-0.342,0.214,0.889,165,5.08,5.08,2.50,3.50,0.875,0.708,0.138,1.000,1.000,0.890,0.000,0.269
streets,1,-8,0,0,0.75,-3.75,-0.26,-0.346,0.215,0.944,166,5.19,5.19,2.62,3.62,0.869,0.698,0.136,1.000,1.000,0.882,0.000,0.267
streets,2,-8,0,0,1.25,-3.75,-0.26,-0.352,0.202,0.889,156,5.31,5.31,2.74,3.74,0.863,0.689,0.132,1.000,1.000,0.873,0.000,0.264
streets,3,-8,0,0,1.75,-3.75,0.34,0.228,0.216,0.944,167,5.58,5.58,3.10,3.66,0.845,0.695,0.476,1.000,1.000,0.847,0.000,0.362
streets,4,-8,0,0,2.25,-3.75,-0.24,-0.415,0.207,0.861,160,5.54,5.54,3.24,3.95,0.838,0.670,0.095,1.000,1.000,0.836,0.000,0.246
streets,5,-8,0,0,2.75,-3.75,-0.22,-0.456,0.188,0.889,145,5.66,5.15,3.54,3.54,0.823,0.705,0.070,0.954,1.000,0.814,0.000,0.225
streets,6,-8,0,0,3.25,-3.75,-0.13,-0.438,0.175,0.833,135,5.95,4.75,3.95,3.14,0.802,0.739,0.081,0.888,1.000,0.784,0.017,0.211
streets,7,-8,0,0,3.75,-3.75,0.06,-0.316,0.168,0.861,130,6.27,4.48,4.39,2.87,0.781,0.761,0.154,0.855,1.000,0.752,0.101,0.233
streets,8,-8,0,0,4.25,-3.75,0.20,-0.282,0.172,0.750,133,6.58,4.33,4.82,2.72,0.759,0.773,0.173,0.875,0.931,0.721,0.147,0.254
streets,9,-8,0,0,4.75,-3.75,0.20,-0.399,0.166,0.778,128,6.98,4.22,5.22,2.83,0.739,0.764,0.104,0.842,0.966,0.691,0.114,0.210
streets,10,-8,0,0,5.25,-3.75,0.20,-0.541,0.154,0.639,119,7.39,4.34,5.64,2.94,0.718,0.755,0.020,0.783,0.793,0.660,0.077,0.187
streets,11,-8,0,0,5.75,-3.75,0.20,-0.685,0.144,0.583,111,7.81,4.53,6.13,3.22,0.694,0.731,0.000,0.730,0.724,0.625,0.000,0.162
streets,12,-8,0,0,6.25,-3.75,0.20,-0.837,0.136,0.389,105,8.31,4.63,6.63,3.43,0.669,0.714,0.000,0.691,0.483,0.588,0.000,0.183
streets,13,-8,0,0,6.75,-3.75,0.20,-0.975,0.130,0.361,100,8.75,4.75,7.13,3.63,0.644,0.697,0.000,0.658,0.448,0.552,0.000,0.175
streets,15,-8,0,0,7.75,-3.75,2.30,0.876,0.161,0.611,124,11.01,5.84,3.54,2.00,0.823,0.833,0.861,0.816,0.759,0.814,0.373,0.526
streets,16,-8,0,0,8.25,-3.75,2.30,0.761,0.152,0.611,117,11.51,5.96,3.24,1.91,0.838,0.840,0.793,0.770,0.759,0.836,0.400,0.505
streets,17,-8,0,0,8.75,-3.75,2.30,0.641,0.155,0.611,120,12.01,6.25,2.94,1.62,0.853,0.865,0.721,0.789,0.759,0.858,0.493,0.506
streets,18,-8,0,0,9.25,-3.75,2.30,0.530,0.165,0.694,127,12.51,6.66,2.74,1.50,0.863,0.875,0.655,0.836,0.862,0.873,0.530,0.488
streets,19,-8,0,0,9.75,-3.75,2.30,0.426,0.180,0.667,139,12.92,7.07,2.62,1.50,0.869,0.875,0.594,0.914,0.828,0.882,0.530,0.493
streets,20,-8,0,0,10.25,-3.75,2.30,0.331,0.190,0.750,147,13.42,7.38,2.50,1.62,0.875,0.865,0.537,0.967,0.931,0.890,0.493,0.467
streets,21,-8,0,0,10.75,-3.75,2.30,0.246,0.185,0.722,143,13.84,7.68,2.62,1.83,0.869,0.848,0.487,0.941,0.897,0.882,0.428,0.440
streets,22,-8,0,0,11.25,-3.75,2.30,0.197,0.184,0.722,142,14.34,8.09,2.74,1.50,0.863,0.875,0.458,0.934,0.897,0.873,0.530,0.444
streets,23,-8,0,0,11.75,-3.75,2.30,0.133,0.180,0.694,139,14.84,8.50,2.94,1.00,0.853,0.917,0.420,0.914,0.862,0.858,0.687,0.454
streets,24,-8,0,0,12.25,-3.75,2.33,0.097,0.172,0.611,133,15.34,8.91,3.24,0.50,0.838,0.958,0.399,0.875,0.759,0.836,0.843,0.474
streets,25,-8,0,0,12.75,-3.75,2.32,0.030,0.000,0.000,0,15.84,9.32,3.54,0.00,0.823,1.000,0.359,0.000,0.000,0.814,1.000,0.421
streets,26,-8,0,0,13.25,-3.75,2.32,0.008,0.000,0.000,0,16.34,9.73,3.95,0.00,0.803,1.000,0.346,0.000,0.000,0.784,1.000,0.411
streets,27,-8,0,0,13.75,-3.75,2.32,-0.007,0.000,0.000,0,16.84,10.23,4.45,0.00,0.778,1.000,0.337,0.000,0.000,0.748,1.000,0.401
streets,28,-8,0,0,14.25,-3.75,2.32,-0.026,0.000,0.000,0,17.34,10.73,4.25,0.00,0.788,1.000,0.326,0.000,0.000,0.762,1.000,0.400
streets,29,-8,0,0,14.75,-3.75,2.41,0.048,0.062,0.306,48,17.84,11.24,3.74,0.51,0.813,0.958,0.369,0.316,0.379,0.799,0.841,0.403
streets,30,-8,0,0,15.25,-3.75,2.41,0.031,0.057,0.222,44,18.34,11.74,3.62,0.51,0.819,0.958,0.359,0.289,0.276,0.808,0.841,0.412
streets,31,-8,0,0,15.75,-3.75,2.41,0.013,0.051,0.333,39,18.84,12.24,3.74,0.51,0.813,0.958,0.349,0.257,0.414,0.799,0.841,0.380
streets,32,-8,0,0,16.25,-3.75,2.32,-0.092,0.038,0.167,29,19.35,12.74,3.97,0.50,0.802,0.958,0.287,0.191,0.207,0.783,0.843,0.376
streets,36,-8,0,0,18.25,-3.75,2.32,-0.117,0.004,0.056,3,21.96,15.36,6.59,1.83,0.671,0.848,0.271,0.020,0.069,0.591,0.428,0.257
streets,37,-8,0,0,18.75,-3.75,2.32,-0.117,0.008,0.139,6,22.07,15.47,6.70,0.50,0.665,0.958,0.272,0.039,0.172,0.582,0.843,0.307
streets,45,-8,0,0,22.75,-3.75,3.07,0.685,0.003,0.056,2,26.88,20.27,11.51,1.77,0.425,0.852,0.747,0.013,0.069,0.231,0.445,0.329
streets,47,-8,0,0,23.75,-3.75,2.29,-0.057,0.016,0.111,12,27.40,20.80,12.03,0.50,0.399,0.958,0.307,0.079,0.138,0.193,0.843,0.252
streets,48,-8,0,0,24.25,-3.75,2.30,-0.044,0.000,0.000,0,27.81,21.21,12.44,0.00,0.378,1.000,0.315,0.000,0.000,0.162,1.000,0.277
streets,49,-8,0,0,24.75,-3.75,2.30,-0.028,0.000,0.000,0,28.31,21.71,12.94,0.00,0.353,1.000,0.324,0.000,0.000,0.126,1.000,0.272
streets,-42,-7,0,0,-20.75,-3.25,0.50,-0.083,0.000,0.000,0,22.85,17.04,18.40,0.00,0.080,1.000,0.292,0.000,0.000,0.000,1.000,0.238
streets,-41,-7,0,0,-20.25,-3.25,0.49,-0.090,0.000,0.000,0,22.35,16.54,18.28,0.00,0.086,1.000,0.288,0.000,0.000,0.000,1.000,0.236
streets,-40,-7,0,0,-19.75,-3.25,0.50,-0.098,0.000,0.000,0,21.85,16.04,18.06,0.00,0.097,1.000,0.283,0.000,0.000,0.000,1.000,0.235
streets,-39,-7,0,0,-19.25,-3.25,0.50,-0.088,0.000,0.000,0,21.35,15.54,17.56,0.00,0.122,1.000,0.289,0.000,0.000,0.000,1.000,0.237
streets,-38,-7,0,0,-18.75,-3.25,0.49,-0.095,0.000,0.000,0,20.85,15.04,17.06,0.00,0.147,1.000,0.284,0.000,0.000,0.000,1.000,0.235
streets,-37,-7,0,0,-18.25,-3.25,0.50,-0.071,0.000,0.000,0,20.35,14.54,16.56,0.00,0.172,1.000,0.299,0.000,0.000,0.000,1.000,0.240
streets,-36,-7,0,0,-17.75,-3.25,0.49,-0.075,0.000,0.000,0,19.85,14.04,16.06,0.00,0.197,1.000,0.297,0.000,0.000,0.000,1.000,0.239
streets,-34,-7,0,0,-16.75,-3.25,0.49,-0.049,0.000,0.000,0,18.85,13.04,15.06,0.00,0.247,1.000,0.312,0.000,0.000,0.000,1.000,0.244
streets,-33,-7,0,0,-16.25,-3.25,0.49,-0.037,0.000,0.000,0,18.35,12.54,14.56,0.00,0.272,1.000,0.319,0.000,0.000,0.007,1.000,0.247
streets,-22,-7,0,0,-10.75,-3.25,0.59,0.030,0.053,0.139,41,12.84,7.11,9.14,1.21,0.543,0.899,0.358,0.270,0.172,0.404,0.621,0.310
streets,-21,-7,0,0,-10.25,-3.25,0.46,-0.065,0.162,0.389,125,12.33,6.83,8.86,0.52,0.557,0.957,0.302,0.822,0.483,0.425,0.838,0.393
streets,-20,-7,0,0,-9.75,-3.25,0.43,-0.067,0.201,0.444,155,11.83,6.72,8.75,1.01,0.563,0.916,0.301,1.000,0.552,0.433,0.683,0.397
streets,-19,-7,0,0,-9.25,-3.25,0.40,-0.071,0.207,0.583,160,11.33,6.61,8.65,1.51,0.568,0.874,0.299,1.000,0.724,0.440,0.526,0.348
streets,-18,-7,0,0,-8.75,-3.25,0.31,-0.140,0.207,0.667,160,10.82,6.52,8.78,2.02,0.561,0.832,0.258,1.000,0.828,0.430,0.367,0.294
streets,-17,-7,0,0,-8.25,-3.25,0.16,-0.251,0.209,0.667,161,10.30,6.47,8.93,2.54,0.553,0.788,0.192,1.000,0.828,0.419,0.204,0.248
streets,-16,-7,0,0,-7.75,-3.25,0.05,-0.331,0.201,0.722,155,9.79,6.61,8.50,3.05,0.575,0.746,0.144,1.000,0.897,0.451,0.044,0.206
streets,-15,-7,0,0,-7.25,-3.25,-0.07,-0.423,0.189,0.694,146,9.28,6.76,7.98,3.04,0.601,0.747,0.090,0.961,0.862,0.489,0.047,0.195
streets,-14,-7,0,0,-6.75,-3.25,-0.18,-0.478,0.177,0.806,137,8.77,7.00,7.48,2.74,0.626,0.772,0.058,0.901,1.000,0.526,0.141,0.174
streets,-13,-7,0,0,-6.25,-3.25,-0.21,-0.471,0.167,0.833,129,8.27,7.31,6.97,2.62,0.651,0.781,0.061,0.849,1.000,0.563,0.178,0.177
streets,-12,-7,0,0,-5.75,-3.25,-0.26,-0.478,0.171,0.806,132,7.77,7.65,6.47,2.50,0.676,0.791,0.058,0.868,1.000,0.599,0.215,0.193
streets,-11,-7,0,0,-5.25,-3.25,-0.26,-0.454,0.176,0.861,136,7.36,7.36,5.97,2.50,0.701,0.792,0.072,0.895,1.000,0.636,0.216,0.210
streets,-10,-7,0,0,-4.75,-3.25,-0.26,-0.443,0.174,0.833,134,6.95,6.95,5.47,2.24,0.726,0.814,0.078,0.882,1.000,0.673,0.299,0.229
streets,-9,-7,0,0,-4.25,-3.25,-0.28,-0.435,0.174,0.889,134,6.54,6.54,4.97,2.12,0.751,0.823,0.083,0.882,1.000,0.709,0.336,0.243
streets,-8,-7,0,0,-3.75,-3.25,-0.27,-0.413,0.170,0.806,131,6.13,6.13,4.47,2.00,0.776,0.833,0.096,0.862,1.000,0.746,0.373,0.256
streets,-7,-7,0,0,-3.25,-3.25,-0.26,-0.386,0.170,0.861,131,5.83,5.83,4.06,2.00,0.797,0.833,0.112,0.862,1.000,0.776,0.373,0.267
streets,-6,-7,0,0,-2.75,-3.25,-0.26,-0.380,0.177,0.806,137,5.53,5.53,3.65,2.12,0.817,0.823,0.116,0.901,1.000,0.806,0.336,0.277
streets,-5,-7,0,0,-2.25,-3.25,-0.26,-0.353,0.185,0.889,143,5.24,5.24,3.24,2.24,0.838,0.814,0.132,0.941,1.000,0.836,0.299,0.290
streets,-4,-7,0,0,-1.75,-3.25,-0.26,-0.339,0.210,0.889,162,5.04,5.04,2.83,2.53,0.859,0.789,0.140,1.000,1.000,0.866,0.206,0.296
streets,-3,-7,0,0,-1.25,-3.25,-0.26,-0.330,0.216,0.917,167,4.92,4.92,2.53,2.83,0.873,0.764,0.145,1.000,1.000,0.888,0.114,0.288
streets,-2,-7,0,0,-0.75,-3.25,-0.26,-0.329,0.222,0.917,171,4.81,4.81,2.24,3.24,0.888,0.730,0.146,1.000,1.000,0.909,0.000,0.276
streets,-1,-7,0,0,-0.25,-3.25,-0.26,-0.323,0.212,0.972,164,4.69,4.69,2.12,3.39,0.894,0.718,0.149,1.000,1.000,0.918,0.000,0.278
streets,0,-7,0,0,0.25,-3.25,-0.26,-0.326,0.214,0.889,165,4.58,4.58,2.00,3.68,0.900,0.694,0.147,1.000,1.000,0.927,0.000,0.280
streets,1,-7,0,0,0.75,-3.25,-0.26,-0.335,0.211,0.889,163,4.69,4.69,2.12,3.97,0.894,0.669,0.142,1.000,1.000,0.918,0.000,0.276
streets,2,-7,0,0,1.25,-3.25,-0.26,-0.352,0.203,0.861,157,4.81,4.81,2.24,4.24,0.888,0.647,0.132,1.000,1.000,0.909,0.000,0.272
streets,3,-7,0,0,1.75,-3.25,-0.26,-0.372,0.202,0.917,156,4.93,4.93,2.53,4.25,0.873,0.646,0.120,1.000,1.000,0.888,0.000,0.264
streets,4,-7,0,0,2.25,-3.25,-0.26,-0.444,0.205,0.861,158,5.04,5.04,2.83,3.75,0.859,0.687,0.078,1.000,1.000,0.866,0.000,0.247
streets,5,-7,0,0,2.75,-3.25,-0.21,-0.462,0.179,0.861,138,5.24,4.86,3.24,3.25,0.838,0.729,0.067,0.908,1.000,0.836,0.000,0.219
streets,6,-7,0,0,3.25,-3.25,-0.13,-0.445,0.170,0.833,131,5.54,4.44,3.66,2.83,0.817,0.764,0.077,0.862,1.000,0.805,0.113,0.223
streets,7,-7,0,0,3.75,-3.25,0.06,-0.327,0.166,0.806,128,5.86,4.01,4.10,2.40,0.795,0.800,0.147,0.842,1.000,0.773,0.247,0.254
streets,8,-7,0,0,4.25,-3.25,0.18,-0.316,0.168,0.778,130,6.29,3.85,4.52,2.24,0.774,0.813,0.153,0.855,0.966,0.742,0.298,0.265
streets,9,-7,0,0,4.75,-3.25,0.18,-0.443,0.165,0.806,127,6.69,3.75,5.01,2.35,0.750,0.804,0.078,0.836,1.000,0.707,0.264,0.221
streets,11,-7,0,0,5.75,-3.25,0.20,-0.723,0.145,0.667,112,7.63,4.03,6.01,2.72,0.700,0.773,0.000,0.737,0.828,0.633,0.147,0.172
streets,12,-7,0,0,6.25,-3.25,0.20,-0.880,0.142,0.472,110,8.13,4.13,6.51,3.01,0.675,0.749,0.000,0.724,0.586,0.597,0.055,0.184
streets,13,-7,0,0,6.75,-3.25,0.20,-1.022,0.136,0.444,105,8.63,4.34,7.01,3.22,0.650,0.732,0.000,0.691,0.552,0.560,0.000,0.167
streets,15,-7,0,0,7.75,-3.25,2.30,0.816,0.163,0.556,126,10.89,5.34,3.24,1.50,0.838,0.875,0.825,0.829,0.690,0.836,0.530,0.556
streets,16,-7,0,0,8.25,-3.25,2.31,0.698,0.159,0.583,123,11.39,5.55,2.83,1.50,0.859,0.875,0.755,0.809,0.724,0.866,0.530,0.532
streets,17,-7,0,0,8.75,-3.25,2.30,0.573,0.159,0.667,123,11.80,5.96,2.53,1.62,0.873,0.865,0.681,0.809,0.828,0.888,0.493,0.493
streets,18,-7,0,0,9.25,-3.25,2.30,0.475,0.162,0.667,125,12.30,6.38,2.24,1.83,0.888,0.848,0.623,0.822,0.828,0.910,0.428,0.473
streets,19,-7,0,0,9.75,-3.25,2.30,0.379,0.179,0.667,138,12.72,6.68,2.12,2.00,0.894,0.833,0.565,0.908,0.828,0.918,0.373,0.467
streets,20,-7,0,0,10.25,-3.25,2.30,0.293,0.193,0.694,149,13.22,6.97,2.00,2.00,0.900,0.833,0.515,0.980,0.862,0.927,0.373,0.463
streets,21,-7,0,0,10.75,-3.25,2.30,0.214,0.190,0.722,147,13.72,7.38,2.12,2.12,0.894,0.823,0.468,0.967,0.897,0.918,0.336,0.433
streets,22,-7,0,0,11.25,-3.25,2.30,0.167,0.185,0.694,143,14.22,7.79,2.24,1.62,0.888,0.865,0.440,0.941,0.862,0.910,0.493,0.447
streets,23,-7,0,0,11.75,-3.25,2.30,0.114,0.175,0.667,135,14.72,8.21,2.53,1.12,0.873,0.907,0.409,0.888,0.828,0.888,0.650,0.451
streets,24,-7,0,0,12.25,-3.25,2.32,0.069,0.167,0.528,129,15.22,8.62,2.83,0.71,0.859,0.941,0.382,0.849,0.655,0.866,0.778,0.476
streets,29,-7,0,0,14.75,-3.25,2.50,0.120,0.000,0.000,0,18.35,11.75,3.33,0.00,0.834,1.000,0.412,0.000,0.000,0.830,1.000,0.440
streets,30,-7,0,0,15.25,-3.25,2.50,0.106,0.000,0.000,0,18.55,11.95,3.12,0.00,0.844,1.000,0.404,0.000,0.000,0.845,1.000,0.440
streets,31,-7,0,0,15.75,-3.25,2.50,0.091,0.000,0.000,0,18.96,12.36,3.24,0.00,0.838,1.000,0.395,0.000,0.000,0.836,1.000,0.436
streets,46,-7,0,0,23.25,-3.25,2.29,-0.097,0.018,0.139,14,28.29,21.69,12.92,1.00,0.354,0.917,0.283,0.092,0.172,0.127,0.687,0.206
streets,47,-7,0,0,23.75,-3.25,2.29,-0.067,0.016,0.111,12,27.79,21.19,12.42,0.50,0.379,0.958,0.301,0.079,0.138,0.164,0.843,0.245
streets,48,-7,0,0,24.25,-3.25,2.30,-0.052,0.000,0.000,0,28.11,21.50,12.74,0.00,0.363,1.000,0.310,0.000,0.000,0.141,1.000,0.271
streets,49,-7,0,0,24.75,-3.25,2.30,-0.040,0.000,0.000,0,28.52,21.92,13.15,0.00,0.343,1.000,0.317,0.000,0.000,0.111,1.000,0.267
streets,50,-7,0,0,25.25,-3.25,2.32,-0.008,0.000,0.000,0,28.93,22.33,13.56,0.00,0.322,1.000,0.336,0.000,0.000,0.081,1.000,0.267
streets,51,-7,0,0,25.75,-3.25,2.32,0.017,0.000,0.000,0,29.43,22.83,14.06,0.00,0.297,1.000,0.351,0.000,0.000,0.044,1.000,0.264
streets,-42,-6,0,0,-20.75,-2.75,0.48,-0.151,0.000,0.000,0,22.73,16.92,17.90,0.00,0.105,1.000,0.252,0.000,0.000,0.000,1.000,0.225
streets,-41,-6,0,0,-20.25,-2.75,0.48,-0.163,0.041,0.139,32,22.23,16.42,17.78,0.50,0.111,0.958,0.244,0.211,0.172,0.000,0.843,0.216
streets,-40,-6,0,0,-19.75,-2.75,0.48,-0.158,0.043,0.167,33,21.73,15.92,17.66,0.50,0.117,0.958,0.247,0.217,0.207,0.000,0.843,0.213
streets,-39,-6,0,0,-19.25,-2.75,0.48,-0.154,0.040,0.194,31,21.23,15.42,17.45,0.50,0.128,0.958,0.250,0.204,0.241,0.000,0.843,0.206
streets,-38,-6,0,0,-18.75,-2.75,0.48,-0.149,0.038,0.139,29,20.73,14.92,16.95,0.50,0.153,0.958,0.252,0.191,0.172,0.000,0.843,0.214
streets,-37,-6,0,0,-18.25,-2.75,0.48,-0.151,0.039,0.194,30,20.23,14.42,16.45,0.50,0.178,0.958,0.251,0.197,0.241,0.000,0.843,0.205
streets,-36,-6,0,0,-17.75,-2.75,0.48,-0.149,0.036,0.167,28,19.73,13.92,15.95,0.50,0.203,0.958,0.253,0.184,0.207,0.000,0.843,0.208
streets,-35,-6,0,0,-17.25,-2.75,0.48,-0.128,0.035,0.111,27,19.23,13.42,15.45,0.71,0.228,0.941,0.265,0.178,0.138,0.000,0.778,0.211
streets,-34,-6,0,0,-16.75,-2.75,0.48,-0.114,0.032,0.111,25,18.73,12.92,14.95,0.50,0.253,0.958,0.273,0.164,0.138,0.000,0.843,0.221
streets,-33,-6,0,0,-16.25,-2.75,0.48,-0.090,0.032,0.083,25,18.23,12.42,14.45,0.50,0.278,0.958,0.287,0.164,0.103,0.016,0.843,0.233
streets,-32,-6,0,0,-15.75,-2.75,0.48,-0.079,0.031,0.083,24,17.73,11.92,13.95,0.71,0.303,0.941,0.294,0.158,0.103,0.052,0.778,0.231
streets,-31,-6,0,0,-15.25,-2.75,0.48,-0.076,0.031,0.056,24,17.23,11.42,13.45,1.12,0.328,0.907,0.296,0.158,0.069,0.089,0.650,0.225
streets,-30,-6,0,0,-14.75,-2.75,0.48,-0.090,0.030,0.056,23,16.73,10.92,12.95,0.71,0.353,0.941,0.288,0.151,0.069,0.125,0.778,0.248
streets,-29,-6,0,0,-14.25,-2.75,0.48,-0.146,0.031,0.056,24,16.23,10.42,12.45,0.50,0.378,0.958,0.254,0.158,0.069,0.162,0.843,0.256
streets,-28,-6,0,0,-13.75,-2.75,0.48,-0.183,0.034,0.056,26,15.73,9.92,11.95,0.50,0.403,0.958,0.233,0.171,0.069,0.199,0.843,0.260
streets,-27,-6,0,0,-13.25,-2.75,0.48,-0.189,0.036,0.056,28,15.23,9.42,11.45,0.50,0.428,0.958,0.229,0.184,0.069,0.235,0.843,0.269
streets,-26,-6,0,0,-12.75,-2.75,0.48,-0.182,0.058,0.083,45,14.73,8.92,10.95,0.50,0.453,0.958,0.233,0.296,0.103,0.272,0.843,0.295
streets,-25,-6,0,0,-12.25,-2.75,0.48,-0.188,0.104,0.083,80,14.23,8.42,10.45,0.71,0.478,0.941,0.230,0.526,0.103,0.308,0.778,0.337
streets,-24,-6,0,0,-11.75,-2.75,0.48,-0.165,0.123,0.111,95,13.73,7.92,9.95,0.50,0.503,0.958,0.243,0.625,0.138,0.345,0.843,0.373
streets,-23,-6,0,0,-11.25,-2.75,0.54,-0.085,0.132,0.167,102,13.23,7.42,9.44,0.50,0.528,0.958,0.290,0.671,0.207,0.382,0.843,0.393
streets,-22,-6,0,0,-10.75,-2.75,0.59,-0.008,0.141,0.222,109,12.73,6.92,8.95,0.50,0.553,0.958,0.336,0.717,0.276,0.418,0.843,0.413
streets,-21,-6,0,0,-10.25,-2.75,0.52,-0.035,0.152,0.333,117,12.23,6.42,8.44,0.71,0.578,0.941,0.320,0.770,0.414,0.455,0.778,0.396
streets,-20,-6,0,0,-9.75,-2.75,0.54,0.000,0.207,0.528,160,11.73,6.21,8.24,1.12,0.588,0.907,0.341,1.000,0.655,0.470,0.649,0.396
streets,-19,-6,0,0,-9.25,-2.75,0.48,-0.030,0.225,0.611,174,11.23,6.11,8.14,1.62,0.593,0.865,0.323,1.000,0.759,0.477,0.492,0.352
streets,-18,-6,0,0,-8.75,-2.75,0.35,-0.132,0.219,0.611,169,10.71,6.03,8.29,2.13,0.586,0.822,0.263,1.000,0.759,0.467,0.332,0.308
streets,-17,-6,0,0,-8.25,-2.75,0.28,-0.183,0.222,0.722,171,10.21,5.96,8.42,2.07,0.579,0.828,0.233,1.000,0.897,0.457,0.352,0.279
streets,-16,-6,0,0,-7.75,-2.75,0.13,-0.291,0.214,0.722,165,9.69,6.11,8.29,2.22,0.586,0.815,0.168,1.000,0.897,0.467,0.305,0.255
streets,-15,-6,0,0,-7.25,-2.75,-0.03,-0.425,0.202,0.750,156,9.17,6.28,7.85,2.39,0.607,0.801,0.089,1.000,0.931,0.498,0.250,0.224
streets,-14,-6,0,0,-6.75,-2.75,-0.17,-0.519,0.181,0.750,140,8.65,6.61,7.36,2.33,0.632,0.806,0.033,0.921,0.931,0.535,0.270,0.202
streets,-13,-6,0,0,-6.25,-2.75,-0.21,-0.517,0.176,0.806,136,8.15,6.94,6.86,2.12,0.657,0.823,0.034,0.895,1.000,0.571,0.335,0.204
streets,-12,-6,0,0,-5.75,-2.75,-0.26,-0.520,0.177,0.778,137,7.65,7.36,6.35,2.00,0.682,0.833,0.033,0.901,0.966,0.608,0.372,0.223
streets,-11,-6,0,0,-5.25,-2.75,-0.26,-0.478,0.181,0.833,140,7.15,7.15,5.85,2.00,0.707,0.833,0.057,0.921,1.000,0.645,0.373,0.236
streets,-10,-6,0,0,-4.75,-2.75,-0.27,-0.454,0.181,0.778,140,6.65,6.65,5.35,1.83,0.732,0.848,0.072,0.921,0.966,0.681,0.428,0.261
streets,-9,-6,0,0,-4.25,-2.75,-0.28,-0.441,0.179,0.778,138,6.24,6.24,4.85,1.62,0.757,0.865,0.080,0.908,0.966,0.718,0.493,0.278
streets,-8,-6,0,0,-3.75,-2.75,-0.28,-0.412,0.176,0.806,136,5.83,5.83,4.35,1.50,0.782,0.875,0.097,0.895,1.000,0.754,0.530,0.288
streets,-7,-6,0,0,-3.25,-2.75,-0.27,-0.387,0.175,0.806,135,5.42,5.42,3.85,1.50,0.807,0.875,0.112,0.888,1.000,0.791,0.530,0.299
streets,-6,-6,0,0,-2.75,-2.75,-0.26,-0.358,0.180,0.778,139,5.12,5.12,3.35,1.62,0.832,0.865,0.128,0.914,0.966,0.828,0.493,0.316
streets,-5,-6,0,0,-2.25,-2.75,-0.26,-0.334,0.192,0.861,148,4.83,4.83,2.94,1.83,0.853,0.848,0.143,0.974,1.000,0.858,0.428,0.323
streets,-4,-6,0,0,-1.75,-2.75,-0.26,-0.303,0.216,0.889,167,4.54,4.54,2.53,2.12,0.873,0.823,0.161,1.000,1.000,0.888,0.335,0.326
streets,-3,-6,0,0,-1.25,-2.75,-0.26,-0.303,0.225,0.889,174,4.42,4.42,2.12,2.53,0.894,0.789,0.161,1.000,1.000,0.918,0.206,0.313
streets,-2,-6,0,0,-0.75,-2.75,-0.26,-0.307,0.225,0.861,174,4.31,4.31,1.83,2.77,0.909,0.769,0.159,1.000,1.000,0.940,0.133,0.305
streets,-1,-6,0,0,-0.25,-2.75,-0.26,-0.309,0.223,0.917,172,4.19,4.19,1.62,2.97,0.919,0.752,0.158,1.000,1.000,0.955,0.069,0.299
streets,0,-6,0,0,0.25,-2.75,-0.26,-0.322,0.224,0.889,173,4.08,4.08,1.50,3.26,0.925,0.728,0.150,1.000,1.000,0.963,0.000,0.288
streets,1,-6,0,0,0.75,-2.75,-0.26,-0.334,0.224,0.889,173,4.19,4.19,1.62,3.56,0.919,0.703,0.143,1.000,1.000,0.955,0.000,0.284
streets,2,-6,0,0,1.25,-2.75,-0.26,-0.360,0.209,0.806,161,4.31,4.31,1.83,3.97,0.909,0.669,0.128,1.000,1.000,0.940,0.000,0.276
streets,3,-6,0,0,1.75,-2.75,-0.26,-0.382,0.212,0.861,164,4.43,4.43,2.12,4.13,0.894,0.655,0.115,1.000,1.000,0.918,0.000,0.268
streets,4,-6,0,0,2.25,-2.75,-0.26,-0.448,0.206,0.833,159,4.54,4.54,2.53,3.64,0.873,0.697,0.075,1.000,1.000,0.888,0.000,0.250
streets,5,-6,0,0,2.75,-2.75,-0.21,-0.464,0.177,0.806,137,4.83,4.75,2.95,3.13,0.853,0.739,0.066,0.901,1.000,0.858,0.018,0.224
streets,6,-6,0,0,3.25,-2.75,-0.13,-0.462,0.174,0.806,134,5.13,4.24,3.36,2.63,0.832,0.781,0.067,0.882,1.000,0.827,0.176,0.238
streets,7,-6,0,0,3.75,-2.75,-0.00,-0.418,0.172,0.778,133,5.55,3.72,3.87,2.11,0.806,0.824,0.093,0.875,0.966,0.790,0.338,0.267
streets,8,-6,0,0,4.25,-2.75,0.39,-0.142,0.185,0.806,143,6.09,3.31,4.49,1.70,0.775,0.858,0.257,0.941,1.000,0.744,0.466,0.334
streets,9,-6,0,0,4.75,-2.75,0.39,-0.273,0.174,0.750,134,6.49,3.20,4.95,1.81,0.753,0.849,0.179,0.882,0.931,0.711,0.432,0.297
streets,11,-6,0,0,5.75,-2.75,0.20,-0.766,0.154,0.639,119,7.51,3.53,5.96,2.34,0.702,0.805,0.000,0.783,0.793,0.636,0.266,0.205
streets,12,-6,0,0,6.25,-2.75,0.20,-0.934,0.148,0.444,114,8.01,3.63,6.46,2.51,0.677,0.790,0.000,0.750,0.552,0.600,0.212,0.219
streets,13,-6,0,0,6.75,-2.75,0.20,-1.084,0.144,0.417,111,8.51,3.89,6.81,2.77,0.660,0.769,0.000,0.730,0.517,0.575,0.132,0.203
streets,15,-6,0,0,7.75,-2.75,2.30,0.747,0.167,0.583,129,10.68,4.84,2.94,1.00,0.853,0.917,0.784,0.849,0.724,0.858,0.687,0.571
streets,16,-6,0,0,8.25,-2.75,2.31,0.637,0.158,0.556,122,11.18,5.34,2.53,1.00,0.873,0.917,0.719,0.803,0.690,0.888,0.687,0.553
streets,17,-6,0,0,8.75,-2.75,2.30,0.521,0.161,0.583,124,11.60,5.67,2.12,1.12,0.894,0.907,0.650,0.816,0.724,0.918,0.650,0.531
streets,18,-6,0,0,9.25,-2.75,2.30,0.425,0.162,0.583,125,12.10,5.97,1.83,1.41,0.909,0.882,0.593,0.822,0.724,0.940,0.557,0.505
streets,19,-6,0,0,9.75,-2.75,2.30,0.339,0.177,0.639,137,12.60,6.27,1.62,1.50,0.919,0.875,0.542,0.901,0.793,0.955,0.530,0.494
streets,20,-6,0,0,10.25,-2.75,2.30,0.259,0.192,0.639,148,13.10,6.68,1.50,1.50,0.925,0.875,0.494,0.974,0.793,0.963,0.530,0.496
streets,21,-6,0,0,10.75,-2.75,2.30,0.189,0.187,0.639,144,13.60,7.09,1.62,1.62,0.919,0.865,0.453,0.947,0.793,0.955,0.493,0.471
streets,22,-6,0,0,11.25,-2.75,2.30,0.147,0.177,0.611,137,14.10,7.50,1.83,1.41,0.909,0.882,0.428,0.901,0.759,0.940,0.557,0.466
streets,23,-6,0,0,11.75,-2.75,2.30,0.092,0.174,0.556,134,14.60,8.00,2.12,1.12,0.894,0.907,0.396,0.882,0.690,0.918,0.650,0.473
streets,24,-6,0,0,12.25,-2.75,2.32,0.052,0.165,0.500,127,15.10,8.50,2.53,1.00,0.873,0.917,0.372,0.836,0.621,0.888,0.687,0.466
streets,26,-6,0,0,13.25,-2.75,2.81,0.451,0.000,0.000,0,19.21,12.19,4.15,0.00,0.793,1.000,0.608,0.000,0.000,0.770,1.000,0.486
streets,27,-6,0,0,13.75,-2.75,2.50,0.133,0.000,0.000,0,19.80,12.77,4.73,0.00,0.763,1.000,0.420,0.000,0.000,0.727,1.000,0.421
streets,30,-6,0,0,15.25,-2.75,2.50,0.090,0.005,0.111,4,18.96,12.16,2.62,0.50,0.869,0.958,0.395,0.026,0.138,0.882,0.843,0.406
streets,31,-6,0,0,15.75,-2.75,2.50,0.076,0.006,0.139,5,19.26,12.28,2.74,0.50,0.863,0.958,0.386,0.033,0.172,0.873,0.843,0.398
streets,32,-6,0,0,16.25,-2.75,2.50,0.066,0.004,0.083,3,19.60,12.57,2.94,0.71,0.853,0.941,0.380,0.020,0.103,0.858,0.778,0.391
streets,34,-6,0,0,17.25,-2.75,2.50,0.048,0.000,0.000,0,28.04,20.56,11.04,0.00,0.448,1.000,0.369,0.000,0.000,0.265,1.000,0.314
streets,35,-6,0,0,17.75,-2.75,2.91,0.454,0.000,0.000,0,28.02,20.55,11.02,0.00,0.449,1.000,0.610,0.000,0.000,0.266,1.000,0.386
streets,38,-6,0,0,19.25,-2.75,2.50,0.058,0.001,0.028,1,28.27,20.79,11.27,1.00,0.437,0.917,0.376,0.007,0.034,0.248,0.687,0.261
streets,39,-6,0,0,19.75,-2.75,2.50,0.066,0.004,0.083,3,28.39,20.91,11.39,0.50,0.431,0.958,0.380,0.020,0.103,0.240,0.843,0.277
streets,41,-6,0,0,20.75,-2.75,2.50,0.073,0.000,0.000,0,30.61,23.14,13.61,0.00,0.319,1.000,0.384,0.000,0.000,0.077,1.000,0.281
streets,46,-6,0,0,23.25,-2.75,2.32,-0.073,0.017,0.111,13,28.50,21.90,13.13,0.71,0.344,0.941,0.298,0.086,0.138,0.112,0.778,0.225
streets,47,-6,0,0,23.75,-2.75,2.28,-0.092,0.012,0.056,9,28.29,21.69,12.92,0.50,0.354,0.958,0.287,0.059,0.069,0.127,0.843,0.239
streets,48,-6,0,0,24.25,-2.75,2.29,-0.066,0.000,0.000,0,28.50,21.90,13.13,0.00,0.344,1.000,0.302,0.000,0.000,0.112,1.000,0.263
streets,49,-6,0,0,24.75,-2.75,2.30,-0.047,0.000,0.000,0,28.81,22.21,13.44,0.00,0.328,1.000,0.313,0.000,0.000,0.089,1.000,0.262
streets,50,-6,0,0,25.25,-2.75,2.32,-0.016,0.000,0.000,0,29.23,22.62,13.85,0.00,0.307,1.000,0.331,0.000,0.000,0.059,1.000,0.261
streets,51,-6,0,0,25.75,-2.75,2.32,0.008,0.000,0.000,0,29.64,23.03,14.26,0.00,0.287,1.000,0.346,0.000,0.000,0.029,1.000,0.259
streets,-41,-5,0,0,-20.25,-2.25,0.48,-0.238,0.040,0.222,31,22.35,16.54,17.28,0.50,0.136,0.958,0.200,0.204,0.276,0.000,0.843,0.186
streets,-40,-5,0,0,-19.75,-2.25,0.48,-0.249,0.044,0.250,34,21.85,16.04,17.16,0.50,0.142,0.958,0.193,0.224,0.310,0.000,0.843,0.183
streets,-39,-5,0,0,-19.25,-2.25,1.29,0.563,0.018,0.278,14,21.62,15.80,17.35,0.71,0.132,0.941,0.675,0.092,0.345,0.000,0.778,0.286
streets,-38,-5,0,0,-18.75,-2.25,1.29,0.558,0.017,0.278,13,21.12,15.30,17.26,0.50,0.137,0.958,0.672,0.086,0.345,0.000,0.843,0.293
streets,-37,-5,0,0,-18.25,-2.25,0.48,-0.266,0.039,0.250,30,20.35,14.54,16.56,0.50,0.172,0.958,0.183,0.197,0.310,0.000,0.843,0.174
streets,-29,-5,0,0,-14.25,-2.25,0.48,-0.353,0.000,0.000,0,16.35,10.54,12.56,0.00,0.372,1.000,0.131,0.000,0.000,0.153,1.000,0.220
streets,-28,-5,0,0,-13.75,-2.25,0.48,-0.383,0.000,0.000,0,15.85,10.04,12.06,0.00,0.397,1.000,0.114,0.000,0.000,0.190,1.000,0.222
streets,-27,-5,0,0,-13.25,-2.25,0.48,-0.384,0.000,0.000,0,15.35,9.54,11.56,0.00,0.422,1.000,0.113,0.000,0.000,0.227,1.000,0.229
streets,-26,-5,0,0,-12.75,-2.25,0.48,-0.366,0.000,0.000,0,14.85,9.04,11.07,0.00,0.447,1.000,0.124,0.000,0.000,0.263,1.000,0.240
streets,-24,-5,0,0,-11.75,-2.25,0.48,-0.315,0.000,0.000,0,13.86,8.04,10.07,0.00,0.496,1.000,0.154,0.000,0.000,0.336,1.000,0.263
streets,-23,-5,0,0,-11.25,-2.25,0.54,-0.194,0.000,0.000,0,13.73,7.92,9.94,0.00,0.503,1.000,0.226,0.000,0.000,0.345,1.000,0.287
streets,-20,-5,0,0,-9.75,-2.25,0.64,0.055,0.209,0.472,161,11.65,5.70,7.73,1.63,0.614,0.864,0.373,1.000,0.586,0.508,0.489,0.399
streets,-19,-5,0,0,-9.25,-2.25,0.55,-0.007,0.215,0.556,166,11.14,5.60,7.64,1.83,0.618,0.848,0.337,1.000,0.690,0.514,0.428,0.365
streets,-18,-5,0,0,-8.75,-2.25,0.49,-0.030,0.215,0.667,166,10.64,5.51,7.77,2.10,0.612,0.825,0.323,1.000,0.828,0.505,0.341,0.325
streets,-17,-5,0,0,-8.25,-2.25,0.40,-0.100,0.214,0.667,165,10.13,5.44,7.91,2.15,0.605,0.821,0.282,1.000,0.828,0.494,0.326,0.308
streets,-16,-5,0,0,-7.75,-2.25,0.21,-0.260,0.203,0.750,157,9.60,5.61,8.02,2.31,0.599,0.807,0.187,1.000,0.931,0.486,0.275,0.255
streets,-15,-5,0,0,-7.25,-2.25,-0.01,-0.442,0.194,0.778,150,9.05,5.89,7.56,2.35,0.622,0.804,0.079,0.987,0.966,0.519,0.265,0.220
streets,-14,-5,0,0,-6.75,-2.25,-0.17,-0.558,0.172,0.778,133,8.54,6.24,7.14,1.92,0.643,0.840,0.010,0.875,0.966,0.551,0.399,0.203
streets,-13,-5,0,0,-6.25,-2.25,-0.21,-0.555,0.167,0.750,129,8.03,6.65,6.74,1.62,0.663,0.865,0.012,0.849,0.931,0.580,0.492,0.223
streets,-12,-5,0,0,-5.75,-2.25,-0.26,-0.558,0.174,0.750,134,7.53,7.08,6.24,1.50,0.688,0.875,0.010,0.882,0.931,0.617,0.529,0.242
streets,-11,-5,0,0,-5.25,-2.25,-0.25,-0.516,0.177,0.778,137,7.03,7.03,5.74,1.50,0.713,0.875,0.035,0.901,0.966,0.653,0.530,0.256
streets,-10,-5,0,0,-4.75,-2.25,-0.26,-0.486,0.176,0.750,136,6.53,6.53,5.24,1.41,0.738,0.882,0.053,0.895,0.931,0.690,0.557,0.277
streets,-9,-5,0,0,-4.25,-2.25,-0.27,-0.462,0.168,0.722,130,6.03,6.03,4.74,1.12,0.763,0.907,0.067,0.855,0.897,0.726,0.649,0.299
streets,-8,-5,0,0,-3.75,-2.25,-0.27,-0.422,0.174,0.722,134,5.53,5.53,4.24,1.00,0.788,0.917,0.091,0.882,0.897,0.763,0.686,0.325
streets,-7,-5,0,0,-3.25,-2.25,-0.26,-0.385,0.170,0.722,131,5.12,5.12,3.74,1.00,0.813,0.917,0.113,0.862,0.897,0.800,0.686,0.335
streets,-6,-5,0,0,-2.75,-2.25,-0.26,-0.362,0.174,0.722,134,4.71,4.71,3.24,1.12,0.838,0.907,0.126,0.882,0.897,0.836,0.649,0.344
streets,-5,-5,0,0,-2.25,-2.25,-0.26,-0.338,0.180,0.778,139,4.42,4.42,2.74,1.41,0.863,0.882,0.140,0.914,0.966,0.873,0.557,0.338
streets,-4,-5,0,0,-1.75,-2.25,-0.26,-0.317,0.215,0.861,166,4.13,4.13,2.24,1.83,0.888,0.848,0.153,1.000,1.000,0.909,0.428,0.342
streets,-3,-5,0,0,-1.25,-2.25,-0.26,-0.319,0.225,0.861,174,3.92,3.92,1.83,2.15,0.909,0.821,0.152,1.000,1.000,0.940,0.327,0.332
streets,-2,-5,0,0,-0.75,-2.25,-0.27,-0.326,0.227,0.889,175,3.81,3.81,1.41,2.27,0.929,0.811,0.148,1.000,1.000,0.970,0.290,0.332
streets,-1,-5,0,0,-0.25,-2.25,-0.27,-0.319,0.220,0.889,170,3.69,3.69,1.12,2.56,0.944,0.787,0.152,1.000,1.000,0.991,0.199,0.324
streets,0,-5,0,0,0.25,-2.25,-0.26,-0.324,0.222,0.889,171,3.58,3.58,1.00,2.85,0.950,0.762,0.149,1.000,1.000,1.000,0.106,0.311
streets,1,-5,0,0,0.75,-2.25,-0.26,-0.342,0.223,0.833,172,3.69,3.69,1.12,3.26,0.944,0.728,0.138,1.000,1.000,0.991,0.000,0.290
streets,2,-5,0,0,1.25,-2.25,-0.26,-0.362,0.214,0.806,165,3.81,3.81,1.41,3.67,0.929,0.694,0.126,1.000,1.000,0.970,0.000,0.282
streets,3,-5,0,0,1.75,-2.25,-0.26,-0.387,0.211,0.806,163,3.93,3.93,1.83,4.08,0.909,0.660,0.111,1.000,1.000,0.940,0.000,0.271
streets,4,-5,0,0,2.25,-2.25,-0.26,-0.452,0.199,0.806,154,4.13,4.13,2.24,3.75,0.888,0.687,0.073,1.000,1.000,0.909,0.000,0.254
streets,5,-5,0,0,2.75,-2.25,-0.20,-0.479,0.175,0.778,135,4.42,4.42,2.74,3.25,0.863,0.729,0.057,0.888,0.966,0.873,0.000,0.224
streets,6,-5,0,0,3.25,-2.25,-0.20,-0.563,0.170,0.667,131,4.83,4.46,3.24,2.85,0.838,0.763,0.007,0.862,0.828,0.836,0.109,0.234
streets,7,-5,0,0,3.75,-2.25,-0.17,-0.644,0.170,0.750,131,5.24,4.21,3.74,2.61,0.813,0.783,0.000,0.862,0.931,0.800,0.183,0.220
streets,8,-5,0,0,4.25,-2.25,0.70,0.107,0.183,0.750,141,6.17,2.73,4.58,1.12,0.771,0.907,0.404,0.928,0.931,0.738,0.650,0.412
streets,9,-5,0,0,4.75,-2.25,0.70,-0.029,0.175,0.750,135,6.57,2.62,5.06,1.22,0.747,0.898,0.324,0.888,0.931,0.703,0.616,0.368
streets,11,-5,0,0,5.75,-2.25,0.20,-0.842,0.152,0.528,117,7.63,3.12,6.08,2.04,0.696,0.830,0.000,0.770,0.655,0.628,0.360,0.235
streets,12,-5,0,0,6.25,-2.25,0.20,-0.996,0.152,0.444,117,8.13,3.22,6.35,2.14,0.682,0.822,0.000,0.770,0.552,0.608,0.330,0.242
streets,13,-5,0,0,6.75,-2.25,0.20,-1.149,0.146,0.361,113,8.63,3.48,6.45,2.39,0.677,0.800,0.000,0.743,0.448,0.601,0.250,0.239
streets,15,-5,0,0,7.75,-2.25,2.30,0.685,0.167,0.528,129,10.48,4.64,2.74,0.50,0.863,0.958,0.747,0.849,0.655,0.873,0.843,0.597
streets,16,-5,0,0,8.25,-2.25,2.31,0.578,0.159,0.528,123,10.98,5.06,2.24,0.50,0.888,0.958,0.684,0.809,0.655,0.909,0.843,0.577
streets,17,-5,0,0,8.75,-2.25,2.30,0.470,0.159,0.528,123,11.48,5.26,1.83,0.71,0.909,0.941,0.620,0.809,0.655,0.940,0.778,0.554
streets,18,-5,0,0,9.25,-2.25,2.30,0.382,0.157,0.556,121,11.98,5.56,1.41,1.12,0.929,0.907,0.568,0.796,0.690,0.970,0.650,0.517
streets,19,-5,0,0,9.75,-2.25,2.30,0.305,0.170,0.667,131,12.48,5.97,1.12,1.00,0.944,0.917,0.522,0.862,0.828,0.991,0.687,0.506
streets,20,-5,0,0,10.25,-2.25,2.30,0.229,0.194,0.667,150,12.98,6.38,1.00,1.00,0.950,0.917,0.477,0.987,0.828,1.000,0.687,0.519
streets,21,-5,0,0,10.75,-2.25,2.30,0.164,0.185,0.639,143,13.48,6.88,1.12,1.12,0.944,0.907,0.438,0.941,0.793,0.991,0.650,0.496
streets,22,-5,0,0,11.25,-2.25,2.30,0.127,0.179,0.611,138,13.98,7.38,1.41,1.12,0.929,0.907,0.416,0.908,0.759,0.970,0.650,0.484
streets,23,-5,0,0,11.75,-2.25,2.30,0.070,0.174,0.583,134,14.48,7.88,1.83,0.71,0.909,0.941,0.382,0.882,0.724,0.940,0.778,0.487
streets,30,-5,0,0,15.25,-2.25,2.50,0.080,0.006,0.139,5,18.68,11.66,2.12,1.00,0.894,0.917,0.388,0.033,0.172,0.918,0.687,0.384
streets,31,-5,0,0,15.75,-2.25,2.50,0.070,0.006,0.139,5,18.89,11.87,2.24,1.00,0.888,0.917,0.382,0.033,0.172,0.910,0.687,0.380
streets,32,-5,0,0,16.25,-2.25,2.50,0.062,0.006,0.139,5,19.30,12.28,2.53,0.50,0.873,0.958,0.378,0.033,0.172,0.888,0.843,0.398
streets,33,-5,0,0,16.75,-2.25,2.50,0.052,0.000,0.000,0,19.80,12.78,2.83,0.00,0.859,1.000,0.372,0.000,0.000,0.866,1.000,0.435
streets,34,-5,0,0,17.25,-2.25,2.50,0.041,0.000,0.000,0,27.54,20.06,10.54,0.00,0.473,1.000,0.365,0.000,0.000,0.302,1.000,0.320
streets,35,-5,0,0,17.75,-2.25,2.83,0.359,0.000,0.000,0,27.54,20.06,10.54,0.00,0.473,1.000,0.554,0.000,0.000,0.302,1.000,0.377
streets,37,-5,0,0,18.75,-2.25,2.83,0.373,0.000,0.000,0,27.84,20.36,10.84,0.00,0.458,1.000,0.562,0.000,0.000,0.280,1.000,0.375
streets,38,-5,0,0,19.25,-2.25,2.50,0.056,0.004,0.083,3,27.77,20.29,10.77,0.50,0.462,0.958,0.374,0.020,0.103,0.285,0.843,0.284
streets,39,-5,0,0,19.75,-2.25,2.50,0.059,0.004,0.083,3,27.89,20.41,10.89,0.61,0.456,0.949,0.376,0.020,0.103,0.276,0.810,0.278
streets,41,-5,0,0,20.75,-2.25,2.50,0.066,0.000,0.000,0,30.33,22.85,13.33,0.00,0.334,1.000,0.380,0.000,0.000,0.098,1.000,0.284
streets,46,-5,0,0,23.25,-2.25,2.32,-0.073,0.021,0.167,16,28.91,22.31,13.54,0.50,0.323,0.958,0.298,0.105,0.207,0.082,0.843,0.222
streets,47,-5,0,0,23.75,-2.25,2.27,-0.102,0.005,0.083,4,28.79,22.19,13.42,0.50,0.329,0.958,0.281,0.026,0.103,0.091,0.843,0.219
streets,48,-5,0,0,24.25,-2.25,2.29,-0.074,0.000,0.000,0,28.91,22.31,13.54,0.00,0.323,1.000,0.297,0.000,0.000,0.082,1.000,0.256
streets,49,-5,0,0,24.75,-2.25,2.30,-0.056,0.000,0.000,0,29.21,22.60,13.84,0.00,0.308,1.000,0.308,0.000,0.000,0.060,1.000,0.254
streets,50,-5,0,0,25.25,-2.25,2.32,-0.024,0.000,0.000,0,29.52,22.92,14.15,0.00,0.293,1.000,0.327,0.000,0.000,0.037,1.000,0.255
streets,51,-5,0,0,25.75,-2.25,2.32,0.002,0.000,0.000,0,29.93,23.33,14.56,0.00,0.272,1.000,0.342,0.000,0.000,0.007,1.000,0.254
streets,-41,-4,0,0,-20.25,-1.75,0.48,-0.349,0.014,0.222,11,22.56,16.74,16.78,1.12,0.161,0.907,0.134,0.072,0.276,0.000,0.650,0.111
streets,-40,-4,0,0,-19.75,-1.75,0.48,-0.359,0.017,0.250,13,22.15,16.33,16.66,1.41,0.167,0.882,0.128,0.086,0.310,0.000,0.557,0.093
streets,-39,-4,0,0,-19.25,-1.75,1.29,0.449,0.012,0.250,9,21.73,15.92,16.85,1.79,0.157,0.851,0.607,0.059,0.310,0.000,0.439,0.213
streets,-38,-4,0,0,-18.75,-1.75,1.29,0.466,0.008,0.167,6,21.36,15.55,16.76,1.79,0.162,0.851,0.617,0.039,0.207,0.000,0.439,0.228
streets,-37,-4,0,0,-18.25,-1.75,0.48,-0.360,0.010,0.194,8,20.65,14.83,16.59,1.50,0.171,0.875,0.127,0.053,0.241,0.000,0.530,0.092
streets,-20,-4,0,0,-9.75,-1.75,0.77,0.109,0.210,0.472,162,11.58,5.27,7.21,1.86,0.640,0.845,0.405,1.000,0.586,0.545,0.417,0.405
streets,-19,-4,0,0,-9.25,-1.75,0.68,0.057,0.214,0.583,165,11.07,5.09,7.12,1.68,0.644,0.860,0.375,1.000,0.724,0.552,0.473,0.385
streets,-18,-4,0,0,-8.75,-1.75,0.62,0.042,0.207,0.583,160,10.57,4.99,7.25,1.59,0.637,0.868,0.366,1.000,0.724,0.542,0.502,0.385
streets,-17,-4,0,0,-8.25,-1.75,0.49,-0.059,0.207,0.667,160,10.05,4.93,7.41,1.64,0.630,0.863,0.306,1.000,0.828,0.531,0.485,0.347
streets,-16,-4,0,0,-7.75,-1.75,0.26,-0.262,0.197,0.611,152,9.50,5.13,7.61,1.84,0.620,0.847,0.186,1.000,0.759,0.516,0.424,0.309
streets,-15,-4,0,0,-7.25,-1.75,-0.01,-0.484,0.188,0.667,145,8.94,5.52,7.37,2.15,0.632,0.821,0.054,0.954,0.828,0.534,0.326,0.238
streets,-14,-4,0,0,-6.75,-1.75,-0.18,-0.613,0.159,0.639,123,8.42,5.96,6.84,1.62,0.658,0.865,0.000,0.809,0.793,0.572,0.491,0.231
streets,-13,-4,0,0,-6.25,-1.75,-0.21,-0.609,0.157,0.583,121,7.92,6.46,6.43,1.21,0.679,0.899,0.000,0.796,0.724,0.603,0.620,0.264
streets,-12,-4,0,0,-5.75,-1.75,-0.26,-0.618,0.162,0.611,125,7.42,6.97,6.12,1.00,0.694,0.916,0.000,0.822,0.759,0.625,0.685,0.279
streets,-11,-4,0,0,-5.25,-1.75,-0.26,-0.578,0.166,0.667,128,6.92,6.92,5.62,1.00,0.719,0.916,0.000,0.842,0.828,0.662,0.686,0.280
streets,-10,-4,0,0,-4.75,-1.75,-0.26,-0.532,0.165,0.639,127,6.42,6.42,5.12,1.00,0.744,0.916,0.026,0.836,0.793,0.698,0.686,0.298
streets,-9,-4,0,0,-4.25,-1.75,-0.26,-0.484,0.161,0.639,124,5.92,5.92,4.62,0.71,0.769,0.941,0.054,0.816,0.793,0.735,0.778,0.324
streets,-8,-4,0,0,-3.75,-1.75,-0.26,-0.432,0.161,0.556,124,5.42,5.42,4.12,0.50,0.794,0.958,0.084,0.816,0.690,0.772,0.843,0.366
streets,-7,-4,0,0,-3.25,-1.75,-0.26,-0.396,0.159,0.583,123,4.92,4.92,3.62,0.50,0.819,0.958,0.106,0.809,0.724,0.808,0.843,0.373
streets,-6,-4,0,0,-2.75,-1.75,-0.26,-0.365,0.161,0.611,124,4.42,4.42,3.12,0.71,0.844,0.941,0.125,0.816,0.759,0.845,0.778,0.372
streets,-5,-4,0,0,-2.25,-1.75,-0.26,-0.335,0.165,0.667,127,4.01,4.01,2.62,1.12,0.869,0.907,0.142,0.836,0.828,0.881,0.649,0.359
streets,-4,-4,0,0,-1.75,-1.75,-0.26,-0.307,0.205,0.806,158,3.71,3.71,2.12,1.53,0.894,0.872,0.159,1.000,1.000,0.918,0.519,0.359
streets,-3,-4,0,0,-1.25,-1.75,-0.26,-0.320,0.210,0.750,162,3.42,3.42,1.62,1.65,0.919,0.862,0.151,1.000,0.931,0.955,0.483,0.369
streets,-2,-4,0,0,-0.75,-1.75,-0.27,-0.332,0.211,0.806,163,3.31,3.31,1.12,1.85,0.944,0.846,0.144,1.000,1.000,0.991,0.419,0.354
streets,-1,-4,0,0,-0.25,-1.75,-0.27,-0.340,0.209,0.806,161,3.19,3.19,0.71,2.15,0.965,0.821,0.139,1.000,1.000,1.000,0.327,0.341
streets,0,-4,0,0,0.25,-1.75,-0.27,-0.345,0.206,0.778,159,3.08,3.08,0.50,2.55,0.975,0.787,0.136,1.000,0.966,1.000,0.200,0.326
streets,1,-4,0,0,0.75,-1.75,-0.27,-0.366,0.207,0.778,160,3.20,3.20,0.71,2.96,0.965,0.753,0.124,1.000,0.966,1.000,0.072,0.303
streets,2,-4,0,0,1.25,-1.75,-0.27,-0.380,0.197,0.750,152,3.31,3.31,1.12,3.37,0.944,0.719,0.115,1.000,0.931,0.991,0.000,0.293
streets,3,-4,0,0,1.75,-1.75,-0.26,-0.409,0.198,0.750,153,3.43,3.43,1.62,3.87,0.919,0.677,0.098,1.000,0.931,0.955,0.000,0.281
streets,4,-4,0,0,2.25,-1.75,-0.26,-0.481,0.167,0.694,129,3.71,3.71,2.12,3.70,0.894,0.692,0.056,0.849,0.862,0.918,0.000,0.241
streets,5,-4,0,0,2.75,-1.75,-0.21,-0.529,0.154,0.639,119,4.12,4.12,2.62,3.19,0.869,0.734,0.027,0.783,0.793,0.882,0.001,0.222
streets,8,-4,0,0,4.25,-1.75,0.89,0.223,0.189,0.750,146,6.39,2.20,4.80,1.09,0.760,0.909,0.473,0.961,0.931,0.722,0.659,0.438
streets,9,-4,0,0,4.75,-1.75,0.89,0.079,0.181,0.722,140,6.78,2.09,5.28,1.09,0.736,0.909,0.388,0.921,0.897,0.687,0.659,0.402
streets,11,-4,0,0,5.75,-1.75,0.92,-0.194,0.157,0.694,121,7.71,2.30,5.58,1.47,0.721,0.878,0.226,0.796,0.862,0.665,0.540,0.312
streets,12,-4,0,0,6.25,-1.75,0.92,-0.350,0.146,0.611,113,8.21,2.59,5.48,1.47,0.726,0.878,0.133,0.743,0.759,0.672,0.540,0.290
streets,13,-4,0,0,6.75,-1.75,0.92,-0.498,0.135,0.417,104,8.71,2.86,5.58,1.87,0.721,0.844,0.046,0.684,0.517,0.665,0.415,0.268
streets,15,-4,0,0,7.75,-1.75,2.32,0.641,0.000,0.000,0,10.98,4.44,2.62,0.00,0.869,1.000,0.721,0.000,0.000,0.882,1.000,0.543
streets,16,-4,0,0,8.25,-1.75,2.32,0.539,0.000,0.000,0,11.19,4.55,2.12,0.00,0.894,1.000,0.661,0.000,0.000,0.918,1.000,0.532
streets,17,-4,0,0,8.75,-1.75,2.32,0.444,0.120,0.472,93,11.60,4.85,1.62,0.50,0.919,0.958,0.604,0.612,0.586,0.955,0.843,0.533
streets,18,-4,0,0,9.25,-1.75,2.32,0.359,0.141,0.500,109,12.10,5.26,1.12,0.71,0.944,0.941,0.554,0.717,0.621,0.991,0.778,0.532
streets,19,-4,0,0,9.75,-1.75,2.34,0.306,0.146,0.500,113,12.60,5.76,0.71,0.50,0.965,0.958,0.523,0.743,0.621,1.000,0.843,0.539
streets,20,-4,0,0,10.25,-1.75,2.30,0.204,0.179,0.611,138,13.10,6.26,0.50,1.00,0.975,0.917,0.462,0.908,0.759,1.000,0.687,0.509
streets,21,-4,0,0,10.75,-1.75,2.30,0.147,0.175,0.583,135,13.60,6.76,0.71,1.12,0.965,0.907,0.428,0.888,0.724,1.000,0.650,0.495
streets,22,-4,0,0,11.25,-1.75,2.30,0.110,0.171,0.556,132,14.10,7.23,1.12,1.00,0.944,0.917,0.406,0.868,0.690,0.991,0.687,0.493
streets,23,-4,0,0,11.75,-1.75,2.30,0.049,0.171,0.528,132,14.60,7.64,1.62,0.50,0.919,0.958,0.370,0.868,0.655,0.955,0.843,0.504
streets,24,-4,0,0,12.25,-1.75,2.32,0.009,0.000,0.000,0,15.10,8.14,1.93,0.00,0.904,1.000,0.347,0.000,0.000,0.932,1.000,0.440
streets,26,-4,0,0,13.25,-1.75,2.50,0.124,0.000,0.000,0,16.56,9.54,1.50,0.00,0.925,1.000,0.414,0.000,0.000,0.963,1.000,0.467
streets,27,-4,0,0,13.75,-1.75,2.50,0.108,0.000,0.000,0,16.77,9.75,1.62,0.00,0.919,1.000,0.405,0.000,0.000,0.955,1.000,0.462
streets,28,-4,0,0,14.25,-1.75,2.50,0.095,0.000,0.000,0,17.18,10.16,1.62,0.00,0.919,1.000,0.398,0.000,0.000,0.955,1.000,0.460
streets,29,-4,0,0,14.75,-1.75,2.50,0.083,0.000,0.000,0,17.68,10.66,1.50,0.00,0.925,1.000,0.390,0.000,0.000,0.963,1.000,0.460
streets,30,-4,0,0,15.25,-1.75,2.50,0.074,0.004,0.083,3,18.18,11.16,1.62,0.50,0.919,0.958,0.385,0.020,0.103,0.955,0.843,0.421
streets,31,-4,0,0,15.75,-1.75,2.50,0.063,0.006,0.139,5,18.68,11.66,1.83,0.50,0.909,0.958,0.379,0.033,0.172,0.940,0.843,0.409
streets,32,-4,0,0,16.25,-1.75,2.50,0.055,0.005,0.111,4,19.18,12.16,2.12,0.71,0.894,0.941,0.374,0.026,0.138,0.918,0.778,0.397
streets,34,-4,0,0,17.25,-1.75,2.50,0.038,0.000,0.000,0,27.04,19.56,10.04,0.00,0.498,1.000,0.363,0.000,0.000,0.338,1.000,0.327
streets,35,-4,0,0,17.75,-1.75,2.50,0.028,0.001,0.028,1,26.94,19.47,9.94,0.50,0.503,0.958,0.357,0.007,0.034,0.345,0.843,0.299
streets,36,-4,0,0,18.25,-1.75,2.50,0.031,0.001,0.028,1,27.06,19.58,10.06,0.50,0.497,0.958,0.360,0.007,0.034,0.337,0.843,0.298
streets,38,-4,0,0,19.25,-1.75,2.50,0.050,0.001,0.028,1,27.27,19.79,10.27,0.61,0.487,0.949,0.371,0.007,0.034,0.321,0.810,0.293
streets,39,-4,0,0,19.75,-1.75,2.84,0.397,0.000,0.000,0,27.56,20.08,10.56,0.00,0.472,1.000,0.577,0.000,0.000,0.300,1.000,0.383
streets,41,-4,0,0,20.75,-1.75,2.50,0.061,0.000,0.000,0,29.90,22.42,12.90,0.00,0.355,1.000,0.377,0.000,0.000,0.129,1.000,0.289
streets,46,-4,0,0,23.25,-1.75,2.32,-0.070,0.021,0.167,16,29.41,22.81,14.04,0.71,0.298,0.941,0.299,0.105,0.207,0.045,0.778,0.206
streets,47,-4,0,0,23.75,-1.75,2.28,-0.094,0.016,0.167,12,29.29,22.69,13.92,0.50,0.304,0.958,0.285,0.079,0.207,0.054,0.843,0.208
streets,48,-4,0,0,24.25,-1.75,2.31,-0.050,0.000,0.000,0,29.41,22.81,14.04,0.00,0.298,1.000,0.311,0.000,0.000,0.045,1.000,0.252
streets,49,-4,0,0,24.75,-1.75,2.30,-0.046,0.000,0.000,0,29.62,23.02,14.25,0.00,0.288,1.000,0.314,0.000,0.000,0.030,1.000,0.250
streets,50,-4,0,0,25.25,-1.75,2.32,-0.015,0.000,0.000,0,29.91,23.31,14.54,0.00,0.273,1.000,0.332,0.000,0.000,0.008,1.000,0.251
streets,51,-4,0,0,25.75,-1.75,2.32,-0.004,0.000,0.000,0,30.23,23.63,14.86,0.00,0.257,1.000,0.339,0.000,0.000,0.000,1.000,0.252
streets,-41,-3,0,0,-20.25,-1.25,0.48,-0.434,0.012,0.194,9,22.76,16.95,16.37,1.62,0.182,0.865,0.083,0.059,0.241,0.000,0.493,0.075
streets,-40,-3,0,0,-19.75,-1.25,0.48,-0.440,0.017,0.250,13,22.26,16.45,16.16,1.83,0.192,0.848,0.080,0.086,0.310,0.000,0.428,0.059
streets,-39,-3,0,0,-19.25,-1.25,0.48,-0.445,0.017,0.250,13,21.76,15.95,16.06,1.90,0.197,0.842,0.077,0.086,0.310,0.000,0.405,0.054
streets,-38,-3,0,0,-18.75,-1.25,0.48,-0.402,0.014,0.222,11,21.35,15.54,15.97,2.12,0.202,0.823,0.103,0.072,0.276,0.000,0.336,0.054
streets,-37,-3,0,0,-18.25,-1.25,0.48,-0.408,0.010,0.194,8,21.15,15.33,16.09,2.00,0.196,0.833,0.099,0.053,0.241,0.000,0.373,0.060
streets,-20,-3,0,0,-9.75,-1.25,0.89,0.156,0.211,0.472,163,11.72,4.84,6.70,1.44,0.665,0.880,0.433,1.000,0.586,0.583,0.550,0.441
streets,-19,-3,0,0,-9.25,-1.25,0.82,0.134,0.215,0.556,166,11.22,4.57,6.60,1.16,0.670,0.903,0.420,1.000,0.690,0.590,0.636,0.436
streets,-18,-3,0,0,-8.75,-1.25,0.75,0.100,0.207,0.611,160,10.73,4.47,6.74,1.07,0.663,0.911,0.401,1.000,0.759,0.580,0.664,0.422
streets,-17,-3,0,0,-8.25,-1.25,0.58,-0.024,0.206,0.611,159,10.20,4.43,6.91,1.14,0.654,0.905,0.327,1.000,0.759,0.567,0.644,0.394
streets,-16,-3,0,0,-7.75,-1.25,0.32,-0.247,0.201,0.639,155,9.64,4.74,7.22,1.45,0.639,0.879,0.194,1.000,0.793,0.545,0.546,0.330
streets,-12,-3,0,0,-5.75,-1.25,-0.23,-0.636,0.133,0.333,103,7.53,7.47,5.72,0.71,0.714,0.941,0.000,0.678,0.414,0.654,0.778,0.321
streets,-11,-3,0,0,-5.25,-1.25,-0.22,-0.587,0.163,0.611,126,7.03,7.03,5.61,0.50,0.720,0.958,0.000,0.829,0.759,0.663,0.843,0.311
streets,-10,-3,0,0,-4.75,-1.25,-0.22,-0.537,0.158,0.583,122,6.53,6.53,5.24,0.50,0.738,0.958,0.023,0.803,0.724,0.690,0.843,0.323
streets,-8,-3,0,0,-3.75,-1.25,-0.22,-0.437,0.000,0.000,0,5.53,5.53,4.24,0.00,0.788,1.000,0.082,0.000,0.000,0.763,1.000,0.327
streets,-7,-3,0,0,-3.25,-1.25,-0.22,-0.386,0.000,0.000,0,5.12,5.12,3.74,0.00,0.813,1.000,0.112,0.000,0.000,0.800,1.000,0.343
streets,-4,-3,0,0,-1.75,-1.25,-0.21,-0.257,0.145,0.528,112,3.30,3.30,2.00,1.83,0.900,0.848,0.188,0.737,0.655,0.927,0.427,0.355
streets,-3,-3,0,0,-1.25,-1.25,-0.21,-0.265,0.205,0.750,158,3.01,3.01,1.50,1.15,0.925,0.904,0.184,1.000,0.931,0.963,0.640,0.404
streets,-2,-3,0,0,-0.75,-1.25,-0.22,-0.274,0.206,0.806,159,2.81,2.81,1.00,1.44,0.950,0.880,0.178,1.000,1.000,1.000,0.549,0.386
streets,-1,-3,0,0,-0.25,-1.25,-0.22,-0.286,0.205,0.778,158,2.69,2.69,0.50,1.85,0.975,0.846,0.171,1.000,0.966,1.000,0.422,0.370
streets,0,-3,0,0,0.25,-1.25,-0.23,-0.309,0.201,0.806,155,2.58,2.58,0.00,2.25,1.000,0.812,0.158,1.000,1.000,1.000,0.294,0.341
streets,1,-3,0,0,0.75,-1.25,-0.24,-0.341,0.199,0.778,154,2.69,2.69,0.50,2.75,0.975,0.770,0.139,1.000,0.966,1.000,0.137,0.317
streets,2,-3,0,0,1.25,-1.25,-0.22,-0.357,0.192,0.722,148,2.81,2.81,1.00,3.25,0.950,0.729,0.129,0.974,0.897,1.000,0.000,0.299
streets,3,-3,0,0,1.75,-1.25,-0.21,-0.388,0.188,0.694,145,3.01,3.01,1.50,3.75,0.925,0.688,0.111,0.954,0.862,0.963,0.000,0.287
streets,8,-3,0,0,4.25,-1.25,1.20,0.458,0.102,0.500,79,6.98,1.62,5.38,2.65,0.731,0.779,0.613,0.520,0.621,0.679,0.169,0.356
streets,9,-3,0,0,4.75,-1.25,1.20,0.313,0.137,0.556,106,7.16,1.51,5.57,1.51,0.722,0.875,0.526,0.697,0.690,0.666,0.528,0.406
streets,11,-3,0,0,5.75,-1.25,0.94,-0.245,0.132,0.556,102,7.90,1.88,5.24,1.46,0.738,0.878,0.196,0.671,0.690,0.690,0.543,0.309
streets,12,-3,0,0,6.25,-1.25,1.03,-0.310,0.130,0.556,100,8.41,2.15,5.03,1.44,0.748,0.880,0.157,0.658,0.690,0.705,0.549,0.299
streets,15,-3,0,0,7.75,-1.25,2.32,0.582,0.000,0.000,0,10.96,3.94,2.74,0.00,0.863,1.000,0.686,0.000,0.000,0.873,1.000,0.530
streets,16,-3,0,0,8.25,-1.25,2.32,0.480,0.000,0.000,0,11.17,4.14,2.24,0.00,0.888,1.000,0.626,0.000,0.000,0.909,1.000,0.520
streets,17,-3,0,0,8.75,-1.25,2.32,0.396,0.000,0.000,0,11.58,4.55,2.12,0.00,0.894,1.000,0.576,0.000,0.000,0.918,1.000,0.506
streets,19,-3,0,0,9.75,-1.25,2.32,0.263,0.035,0.167,27,12.93,5.91,0.50,0.50,0.975,0.958,0.497,0.178,0.207,1.000,0.843,0.480
streets,20,-3,0,0,10.25,-1.25,2.30,0.181,0.091,0.472,70,13.14,6.12,0.00,0.50,1.000,0.958,0.449,0.461,0.586,1.000,0.843,0.465
streets,21,-3,0,0,10.75,-1.25,2.30,0.123,0.113,0.583,87,13.55,6.53,0.50,1.00,0.975,0.917,0.414,0.572,0.724,1.000,0.687,0.433
streets,22,-3,0,0,11.25,-1.25,2.30,0.084,0.133,0.556,103,14.05,7.03,1.00,1.00,0.950,0.917,0.391,0.678,0.690,1.000,0.687,0.452
streets,23,-3,0,0,11.75,-1.25,2.30,0.025,0.145,0.500,112,14.55,7.53,1.50,0.50,0.925,0.958,0.356,0.737,0.621,0.963,0.843,0.480
streets,24,-3,0,0,12.25,-1.25,2.32,-0.008,0.000,0.000,0,15.05,8.03,1.43,0.00,0.929,1.000,0.336,0.000,0.000,0.969,1.000,0.445
streets,26,-3,0,0,13.25,-1.25,2.50,0.116,0.008,0.111,6,16.06,9.04,1.00,0.50,0.950,0.958,0.410,0.039,0.138,1.000,0.843,0.437
streets,27,-3,0,0,13.75,-1.25,2.50,0.103,0.005,0.111,4,16.56,9.54,1.12,0.50,0.944,0.958,0.402,0.026,0.138,0.991,0.843,0.430
streets,28,-3,0,0,14.25,-1.25,2.50,0.087,0.005,0.083,4,17.06,10.04,1.12,0.50,0.944,0.958,0.393,0.026,0.103,0.991,0.843,0.432
streets,29,-3,0,0,14.75,-1.25,2.50,0.078,0.004,0.083,3,17.56,10.54,1.00,0.50,0.950,0.958,0.387,0.020,0.103,1.000,0.843,0.431
streets,30,-3,0,0,15.25,-1.25,2.50,0.068,0.005,0.111,4,18.06,11.04,1.12,0.50,0.944,0.958,0.381,0.026,0.138,0.991,0.843,0.424
streets,31,-3,0,0,15.75,-1.25,2.50,0.058,0.006,0.111,5,18.56,11.54,1.41,0.50,0.929,0.958,0.375,0.033,0.138,0.970,0.843,0.419
streets,34,-3,0,0,17.25,-1.25,2.50,0.033,0.000,0.000,0,26.54,19.06,9.54,0.00,0.523,1.000,0.360,0.000,0.000,0.375,1.000,0.333
streets,35,-3,0,0,17.75,-1.25,2.83,0.346,0.000,0.000,0,27.54,20.06,10.54,0.00,0.473,1.000,0.546,0.000,0.000,0.302,1.000,0.374
streets,36,-3,0,0,18.25,-1.25,2.83,0.350,0.000,0.000,0,27.66,20.18,10.66,0.00,0.467,1.000,0.549,0.000,0.000,0.293,1.000,0.373
streets,38,-3,0,0,19.25,-1.25,2.50,0.041,0.003,0.028,2,26.77,19.29,9.77,0.50,0.512,0.958,0.365,0.013,0.034,0.358,0.843,0.305
streets,39,-3,0,0,19.75,-1.25,2.50,0.047,0.003,0.056,2,26.98,19.50,9.98,0.50,0.501,0.958,0.369,0.013,0.069,0.343,0.843,0.298
streets,41,-3,0,0,20.75,-1.25,2.50,0.064,0.000,0.000,0,29.40,21.92,12.40,0.00,0.380,1.000,0.379,0.000,0.000,0.165,1.000,0.297
streets,46,-3,0,0,23.25,-1.25,2.28,-0.107,0.022,0.194,17,29.91,23.31,14.54,1.00,0.273,0.917,0.277,0.112,0.241,0.009,0.687,0.174
streets,47,-3,0,0,23.75,-1.25,2.24,-0.132,0.016,0.167,12,29.79,23.19,14.42,0.50,0.279,0.958,0.262,0.079,0.207,0.017,0.843,0.193
streets,48,-3,0,0,24.25,-1.25,2.26,-0.099,0.000,0.000,0,29.91,23.31,14.54,0.00,0.273,1.000,0.282,0.000,0.000,0.009,1.000,0.236
streets,49,-3,0,0,24.75,-1.25,2.30,-0.038,0.000,0.000,0,30.03,23.43,14.66,0.00,0.267,1.000,0.318,0.000,0.000,0.000,1.000,0.245
streets,50,-3,0,0,25.25,-1.25,2.32,-0.003,0.000,0.000,0,30.33,23.72,14.95,0.00,0.252,1.000,0.339,0.000,0.000,0.000,1.000,0.252
streets,51,-3,0,0,25.75,-1.25,2.32,0.012,0.000,0.000,0,30.62,24.02,15.25,0.00,0.237,1.000,0.348,0.000,0.000,0.000,1.000,0.254
streets,-40,-2,0,0,-19.75,-0.75,0.48,-0.553,0.016,0.222,12,22.47,16.66,15.66,2.24,0.217,0.814,0.013,0.079,0.276,0.000,0.299,0.023
streets,-39,-2,0,0,-19.25,-0.75,0.48,-0.553,0.014,0.278,11,22.06,16.25,15.56,2.53,0.222,0.789,0.013,0.072,0.345,0.000,0.207,-0.002
streets,-38,-2,0,0,-18.75,-0.75,0.48,-0.532,0.010,0.167,8,21.76,15.95,15.47,2.62,0.227,0.782,0.026,0.053,0.207,0.000,0.180,0.014
streets,-37,-2,0,0,-18.25,-0.75,0.48,-0.522,0.009,0.167,7,21.65,15.83,15.68,2.50,0.216,0.792,0.031,0.046,0.207,0.000,0.217,0.020
streets,-20,-2,0,0,-9.75,-0.75,1.01,0.214,0.155,0.444,120,11.87,4.41,6.18,1.63,0.691,0.865,0.468,0.789,0.552,0.621,0.491,0.413
streets,-19,-2,0,0,-9.25,-0.75,0.98,0.220,0.154,0.583,119,11.39,4.13,6.08,1.59,0.696,0.867,0.471,0.783,0.724,0.628,0.502,0.390
streets,-18,-2,0,0,-8.75,-0.75,0.92,0.208,0.133,0.583,103,10.91,3.95,6.21,1.48,0.690,0.877,0.465,0.678,0.724,0.619,0.537,0.371
streets,-17,-2,0,0,-8.25,-0.75,0.79,0.123,0.117,0.611,90,10.49,3.89,6.37,1.35,0.682,0.888,0.414,0.592,0.759,0.607,0.577,0.337
streets,-16,-2,0,0,-7.75,-0.75,1.34,0.726,0.075,0.472,58,10.69,3.64,6.37,2.28,0.682,0.810,0.771,0.382,0.586,0.607,0.285,0.384
streets,-12,-2,0,0,-5.75,-0.75,-0.17,-0.611,0.079,0.278,61,7.65,7.65,5.22,1.00,0.739,0.917,0.000,0.401,0.345,0.691,0.687,0.270
streets,-11,-2,0,0,-5.25,-0.75,-0.19,-0.593,0.076,0.444,59,7.24,7.24,5.12,1.17,0.744,0.903,0.000,0.388,0.552,0.699,0.634,0.230
streets,-10,-2,0,0,-4.75,-0.75,-0.19,-0.548,0.053,0.361,41,7.04,7.04,5.23,1.58,0.738,0.868,0.016,0.270,0.448,0.690,0.504,0.205
streets,-4,-2,0,0,-1.75,-0.75,-0.12,-0.191,0.145,0.528,112,2.88,2.88,2.12,2.34,0.894,0.805,0.227,0.737,0.655,0.918,0.268,0.341
streets,-3,-2,0,0,-1.25,-0.75,-0.11,-0.182,0.162,0.639,125,2.58,2.58,1.62,2.54,0.919,0.788,0.233,0.822,0.793,0.954,0.204,0.337
streets,-2,-2,0,0,-0.75,-0.75,-0.13,-0.212,0.176,0.722,136,2.30,2.30,1.12,2.95,0.944,0.754,0.215,0.895,0.897,0.991,0.076,0.319
streets,-1,-2,0,0,-0.25,-0.75,-0.14,-0.229,0.185,0.750,143,2.18,2.18,0.71,3.36,0.964,0.720,0.205,0.941,0.931,1.000,0.000,0.310
streets,0,-2,0,0,0.25,-0.75,-0.14,-0.268,0.183,0.778,141,2.07,2.07,0.51,3.86,0.975,0.678,0.182,0.928,0.966,1.000,0.000,0.295
streets,1,-2,0,0,0.75,-0.75,-0.15,-0.308,0.183,0.722,141,2.19,2.19,0.71,2.63,0.964,0.781,0.158,0.928,0.897,1.000,0.176,0.325
streets,2,-2,0,0,1.25,-0.75,-0.15,-0.342,0.167,0.611,129,2.30,2.30,1.12,3.13,0.944,0.739,0.138,0.849,0.759,0.991,0.020,0.299
streets,3,-2,0,0,1.75,-0.75,-0.14,-0.378,0.155,0.583,120,2.59,2.59,1.62,3.63,0.919,0.698,0.117,0.789,0.724,0.955,0.000,0.275
streets,8,-2,0,0,4.25,-0.75,1.31,0.506,0.073,0.361,56,7.48,1.12,5.88,2.05,0.706,0.829,0.641,0.368,0.448,0.642,0.359,0.381
streets,9,-2,0,0,4.75,-0.75,1.31,0.369,0.104,0.444,80,7.59,1.00,5.80,2.30,0.710,0.809,0.560,0.526,0.552,0.648,0.280,0.362
streets,10,-2,0,0,5.25,-0.75,1.31,0.228,0.114,0.500,88,7.87,1.12,5.30,2.16,0.735,0.820,0.476,0.579,0.621,0.685,0.322,0.351
streets,11,-2,0,0,5.75,-0.75,1.32,0.084,0.113,0.528,87,8.26,1.41,4.84,1.50,0.758,0.875,0.391,0.572,0.655,0.719,0.530,0.357
streets,12,-2,0,0,6.25,-0.75,1.62,0.231,0.098,0.500,76,8.85,1.87,4.26,1.12,0.787,0.907,0.478,0.500,0.621,0.762,0.650,0.400
streets,13,-2,0,0,6.75,-0.75,1.82,0.286,0.091,0.361,70,9.33,2.34,3.72,0.58,0.814,0.951,0.511,0.461,0.448,0.801,0.817,0.461
streets,14,-2,0,0,7.25,-0.75,2.12,0.456,0.048,0.250,37,9.91,2.89,3.14,0.55,0.843,0.954,0.611,0.243,0.310,0.843,0.828,0.478
streets,15,-2,0,0,7.75,-0.75,2.35,0.551,0.000,0.000,0,10.46,3.44,2.62,0.00,0.869,1.000,0.668,0.000,0.000,0.882,1.000,0.527
streets,16,-2,0,0,8.25,-0.75,2.32,0.436,0.000,0.000,0,10.93,3.91,2.12,0.00,0.894,1.000,0.600,0.000,0.000,0.918,1.000,0.514
streets,17,-2,0,0,8.75,-0.75,2.32,0.360,0.000,0.000,0,11.43,4.41,1.62,0.00,0.919,1.000,0.555,0.000,0.000,0.955,1.000,0.507
streets,18,-2,0,0,9.25,-0.75,2.32,0.298,0.000,0.000,0,11.93,4.91,1.12,0.00,0.944,1.000,0.517,0.000,0.000,0.991,1.000,0.504
streets,19,-2,0,0,9.75,-0.75,2.32,0.241,0.049,0.278,38,12.43,5.41,0.71,0.50,0.965,0.958,0.484,0.250,0.345,1.000,0.843,0.470
streets,20,-2,0,0,10.25,-0.75,2.30,0.155,0.085,0.389,66,12.93,5.91,0.50,0.71,0.975,0.941,0.433,0.434,0.483,1.000,0.778,0.461
streets,21,-2,0,0,10.75,-0.75,2.30,0.100,0.096,0.472,74,13.43,6.41,0.71,1.00,0.965,0.917,0.400,0.487,0.586,1.000,0.687,0.432
streets,22,-2,0,0,11.25,-0.75,2.30,0.062,0.104,0.472,80,13.93,6.91,1.12,1.00,0.944,0.917,0.378,0.526,0.586,0.991,0.687,0.432
streets,23,-2,0,0,11.75,-0.75,2.30,0.006,0.122,0.472,94,14.43,7.41,1.62,0.50,0.919,0.958,0.345,0.618,0.586,0.955,0.843,0.457
streets,24,-2,0,0,12.25,-0.75,2.32,-0.019,0.000,0.000,0,14.93,7.91,1.13,0.00,0.943,1.000,0.329,0.000,0.000,0.990,1.000,0.447
streets,26,-2,0,0,13.25,-0.75,2.50,0.111,0.005,0.083,4,15.95,8.92,0.50,1.00,0.975,0.917,0.407,0.026,0.103,1.000,0.687,0.415
streets,27,-2,0,0,13.75,-0.75,2.50,0.100,0.004,0.083,3,16.45,9.42,0.71,1.00,0.965,0.917,0.400,0.020,0.103,1.000,0.687,0.411
streets,28,-2,0,0,14.25,-0.75,2.50,0.086,0.003,0.056,2,16.95,9.92,0.71,0.71,0.965,0.941,0.392,0.013,0.069,1.000,0.778,0.427
streets,29,-2,0,0,14.75,-0.75,2.50,0.072,0.004,0.056,3,17.45,10.42,0.50,0.50,0.975,0.958,0.384,0.020,0.069,1.000,0.843,0.435
streets,30,-2,0,0,15.25,-0.75,2.50,0.063,0.000,0.000,0,17.95,10.92,0.71,0.00,0.965,1.000,0.378,0.000,0.000,1.000,1.000,0.463
streets,32,-2,0,0,16.25,-0.75,2.50,0.045,0.003,0.056,2,18.95,11.92,1.62,0.50,0.919,0.958,0.368,0.013,0.069,0.955,0.843,0.420
streets,33,-2,0,0,16.75,-0.75,2.50,0.036,0.000,0.000,0,19.45,12.42,2.12,0.00,0.894,1.000,0.362,0.000,0.000,0.918,1.000,0.442
streets,34,-2,0,0,17.25,-0.75,2.50,0.028,0.000,0.000,0,26.04,18.56,9.04,0.00,0.548,1.000,0.357,0.000,0.000,0.411,1.000,0.339
streets,35,-2,0,0,17.75,-0.75,2.50,0.017,0.000,0.000,0,25.94,18.47,8.94,0.00,0.553,1.000,0.351,0.000,0.000,0.419,1.000,0.339
streets,37,-2,0,0,18.75,-0.75,2.50,0.026,0.000,0.000,0,26.15,18.68,9.15,0.00,0.542,1.000,0.356,0.000,0.000,0.403,1.000,0.337
streets,38,-2,0,0,19.25,-0.75,2.50,0.036,0.000,0.000,0,26.27,18.79,9.27,0.00,0.537,1.000,0.362,0.000,0.000,0.395,1.000,0.338
streets,39,-2,0,0,19.75,-0.75,2.50,0.047,0.000,0.000,0,26.56,19.09,9.56,0.00,0.522,1.000,0.369,0.000,0.000,0.373,1.000,0.335
streets,41,-2,0,0,20.75,-0.75,2.50,0.069,0.000,0.000,0,29.12,21.64,12.11,0.00,0.394,1.000,0.382,0.000,0.000,0.186,1.000,0.302
streets,46,-2,0,0,23.25,-0.75,2.27,-0.119,0.021,0.194,16,30.41,23.81,15.04,1.12,0.248,0.907,0.270,0.105,0.241,0.000,0.650,0.163
streets,47,-2,0,0,23.75,-0.75,2.20,-0.171,0.016,0.194,12,30.30,23.69,14.92,0.71,0.254,0.941,0.240,0.079,0.241,0.000,0.778,0.168
streets,48,-2,0,0,24.25,-0.75,2.22,-0.131,0.017,0.139,13,30.41,23.81,15.04,0.50,0.248,0.958,0.263,0.086,0.172,0.000,0.843,0.197
streets,49,-2,0,0,24.75,-0.75,2.30,-0.032,0.000,0.000,0,30.53,23.93,15.16,0.00,0.242,1.000,0.322,0.000,0.000,0.000,1.000,0.247
streets,50,-2,0,0,25.25,-0.75,2.32,0.003,0.000,0.000,0,30.74,24.13,15.36,0.00,0.232,1.000,0.343,0.000,0.000,0.000,1.000,0.253
streets,51,-2,0,0,25.75,-0.75,2.32,0.026,0.000,0.000,0,31.03,24.43,15.66,0.00,0.217,1.000,0.356,0.000,0.000,0.000,1.000,0.257
streets,-40,-1,0,0,-19.75,-0.25,0.49,-0.555,0.017,0.250,13,22.77,16.72,15.16,2.74,0.242,0.772,0.012,0.086,0.310,0.000,0.143,-0.005
streets,-39,-1,0,0,-19.25,-0.25,0.48,-0.571,0.016,0.250,12,22.47,16.62,15.06,2.94,0.247,0.755,0.002,0.079,0.310,0.000,0.078,-0.018
streets,-38,-1,0,0,-18.75,-0.25,0.48,-0.581,0.013,0.194,10,22.26,16.45,14.97,3.12,0.252,0.740,0.000,0.066,0.241,0.000,0.023,-0.020
streets,-20,-1,0,0,-9.75,-0.25,1.16,0.302,0.136,0.444,105,12.05,3.98,5.66,2.01,0.717,0.833,0.520,0.691,0.552,0.659,0.371,0.399
streets,-19,-1,0,0,-9.25,-0.25,1.14,0.332,0.126,0.556,97,11.65,3.69,5.55,1.85,0.723,0.846,0.538,0.638,0.690,0.667,0.419,0.382
streets,-18,-1,0,0,-8.75,-0.25,1.13,0.368,0.105,0.583,81,11.28,3.41,5.67,1.51,0.717,0.874,0.559,0.533,0.724,0.658,0.527,0.376
streets,-17,-1,0,0,-8.25,-0.25,1.12,0.398,0.085,0.556,66,11.02,3.30,5.79,2.60,0.711,0.783,0.577,0.434,0.690,0.649,0.185,0.314
streets,-16,-1,0,0,-7.75,-0.25,1.26,0.574,0.073,0.500,56,11.01,3.15,5.88,2.60,0.706,0.784,0.681,0.368,0.621,0.643,0.187,0.342
streets,-15,-1,0,0,-7.25,-0.25,1.29,0.661,0.047,0.250,36,11.12,3.26,5.99,2.71,0.700,0.774,0.733,0.237,0.310,0.635,0.152,0.370
streets,-12,-1,0,0,-5.75,-0.25,0.01,-0.481,0.056,0.250,43,7.97,7.71,4.69,1.00,0.765,0.917,0.056,0.283,0.310,0.730,0.687,0.276
streets,-11,-1,0,0,-5.25,-0.25,-0.02,-0.464,0.049,0.333,38,7.67,7.67,4.59,1.06,0.770,0.912,0.066,0.250,0.414,0.737,0.669,0.256
streets,-10,-1,0,0,-4.75,-0.25,-0.02,-0.419,0.041,0.278,32,7.55,7.55,4.70,1.06,0.765,0.912,0.093,0.211,0.345,0.729,0.669,0.264
streets,-4,-1,0,0,-1.75,-0.25,0.05,-0.047,0.109,0.472,84,2.56,2.56,2.25,1.74,0.887,0.855,0.313,0.553,0.586,0.908,0.454,0.366
streets,-3,-1,0,0,-1.25,-0.25,0.05,-0.050,0.146,0.611,113,2.15,2.15,1.85,2.97,0.908,0.752,0.311,0.743,0.759,0.938,0.068,0.326
streets,-2,-1,0,0,-0.75,-0.25,0.02,-0.099,0.161,0.722,124,1.86,1.86,1.44,3.26,0.928,0.728,0.282,0.816,0.897,0.968,0.000,0.307
streets,-1,-1,0,0,-0.25,-0.25,0.01,-0.131,0.158,0.750,122,1.67,1.67,1.14,3.67,0.943,0.695,0.263,0.803,0.931,0.989,0.000,0.298
streets,0,-1,0,0,0.25,-0.25,0.01,-0.165,0.162,0.750,125,1.55,1.55,1.03,3.90,0.949,0.675,0.243,0.822,0.931,0.998,0.000,0.297
streets,1,-1,0,0,0.75,-0.25,0.01,-0.207,0.165,0.639,127,1.67,1.67,1.14,2.50,0.943,0.792,0.218,0.836,0.793,0.990,0.217,0.344
streets,2,-1,0,0,1.25,-0.25,0.01,-0.249,0.159,0.639,123,1.87,1.87,1.43,3.00,0.928,0.750,0.193,0.809,0.793,0.968,0.060,0.304
streets,3,-1,0,0,1.75,-0.25,0.01,-0.290,0.141,0.528,109,2.16,2.16,1.84,3.50,0.908,0.708,0.169,0.717,0.655,0.938,0.000,0.284
streets,8,-1,0,0,4.25,-0.25,1.31,0.451,0.070,0.361,54,7.98,0.71,6.38,2.05,0.681,0.829,0.608,0.355,0.448,0.606,0.358,0.361
streets,9,-1,0,0,4.75,-0.25,1.30,0.300,0.082,0.417,63,8.09,0.50,5.91,2.58,0.704,0.785,0.519,0.414,0.517,0.640,0.193,0.318
streets,10,-1,0,0,5.25,-0.25,1.30,0.156,0.087,0.528,67,8.28,0.71,5.41,2.28,0.729,0.810,0.433,0.441,0.655,0.677,0.287,0.298
streets,11,-1,0,0,5.75,-0.25,1.32,0.026,0.087,0.500,67,8.57,1.12,4.95,1.62,0.753,0.865,0.356,0.441,0.621,0.711,0.493,0.318
streets,12,-1,0,0,6.25,-0.25,1.62,0.178,0.078,0.361,60,9.03,1.66,4.36,1.67,0.782,0.861,0.446,0.395,0.448,0.754,0.478,0.368
streets,13,-1,0,0,6.75,-0.25,1.82,0.239,0.087,0.389,67,9.49,2.20,3.84,0.77,0.808,0.936,0.482,0.441,0.483,0.792,0.759,0.433
streets,14,-1,0,0,7.25,-0.25,2.12,0.409,0.074,0.361,57,10.07,2.78,3.25,0.55,0.837,0.954,0.584,0.375,0.448,0.835,0.828,0.474
streets,15,-1,0,0,7.75,-0.25,2.35,0.503,0.000,0.000,0,10.56,3.32,2.74,0.00,0.863,1.000,0.639,0.000,0.000,0.873,1.000,0.516
streets,16,-1,0,0,8.25,-0.25,2.32,0.395,0.000,0.000,0,11.05,3.80,2.24,0.00,0.888,1.000,0.575,0.000,0.000,0.909,1.000,0.504
streets,17,-1,0,0,8.75,-0.25,2.32,0.325,0.000,0.000,0,11.55,4.30,1.83,0.00,0.909,1.000,0.533,0.000,0.000,0.940,1.000,0.498
streets,18,-1,0,0,9.25,-0.25,2.32,0.268,0.000,0.000,0,12.05,4.80,1.41,0.00,0.929,1.000,0.500,0.000,0.000,0.970,1.000,0.494
streets,19,-1,0,0,9.75,-0.25,2.32,0.213,0.054,0.306,42,12.55,5.30,1.12,0.50,0.944,0.958,0.467,0.276,0.379,0.991,0.843,0.463
streets,20,-1,0,0,10.25,-0.25,2.30,0.130,0.091,0.444,70,13.05,5.80,1.00,1.00,0.950,0.917,0.418,0.461,0.552,1.000,0.687,0.438
streets,21,-1,0,0,10.75,-0.25,2.30,0.081,0.098,0.583,76,13.55,6.30,1.12,1.12,0.944,0.907,0.389,0.500,0.724,0.991,0.650,0.404
streets,22,-1,0,0,11.25,-0.25,2.30,0.041,0.104,0.528,80,14.05,6.80,1.41,1.00,0.929,0.917,0.365,0.526,0.655,0.970,0.687,0.413
streets,23,-1,0,0,11.75,-0.25,2.30,-0.009,0.109,0.500,84,14.55,7.30,1.52,0.50,0.924,0.958,0.336,0.553,0.621,0.962,0.843,0.437
streets,24,-1,0,0,12.25,-0.25,2.32,-0.030,0.000,0.000,0,15.05,7.80,1.02,0.00,0.949,1.000,0.323,0.000,0.000,0.999,1.000,0.447
streets,26,-1,0,0,13.25,-0.25,2.50,0.106,0.008,0.139,6,16.06,8.81,0.00,1.02,1.000,0.915,0.404,0.039,0.172,1.000,0.682,0.405
streets,27,-1,0,0,13.75,-0.25,2.50,0.095,0.005,0.083,4,16.56,9.31,0.50,1.00,0.975,0.917,0.398,0.026,0.103,1.000,0.687,0.412
streets,28,-1,0,0,14.25,-0.25,2.50,0.083,0.004,0.083,3,17.06,9.81,0.50,0.50,0.975,0.958,0.390,0.020,0.103,1.000,0.843,0.432
streets,29,-1,0,0,14.75,-0.25,2.50,0.074,0.000,0.000,0,17.56,10.31,0.00,0.00,1.000,1.000,0.385,0.000,0.000,1.000,1.000,0.465
streets,30,-1,0,0,15.25,-0.25,2.50,0.063,0.000,0.000,0,18.06,10.81,0.50,0.00,0.975,1.000,0.378,0.000,0.000,1.000,1.000,0.463
streets,31,-1,0,0,15.75,-0.25,2.50,0.051,0.005,0.111,4,18.56,11.31,1.00,0.50,0.950,0.958,0.371,0.026,0.138,1.000,0.843,0.422
streets,32,-1,0,0,16.25,-0.25,2.50,0.041,0.001,0.028,1,19.06,11.81,1.50,0.50,0.925,0.958,0.365,0.007,0.034,0.963,0.843,0.425
streets,34,-1,0,0,17.25,-0.25,2.50,0.017,0.006,0.028,5,25.54,18.06,8.54,0.50,0.573,0.958,0.351,0.033,0.034,0.448,0.843,0.323
streets,35,-1,0,0,17.75,-0.25,2.83,0.336,0.000,0.000,0,25.40,17.92,8.40,0.00,0.580,1.000,0.540,0.000,0.000,0.458,1.000,0.404
streets,36,-1,0,0,18.25,-0.25,2.83,0.332,0.000,0.000,0,25.52,18.04,8.52,0.00,0.574,1.000,0.538,0.000,0.000,0.450,1.000,0.401
streets,38,-1,0,0,19.25,-0.25,2.50,0.034,0.000,0.000,0,25.86,18.38,8.86,0.00,0.557,1.000,0.361,0.000,0.000,0.425,1.000,0.343
streets,39,-1,0,0,19.75,-0.25,2.84,0.394,0.000,0.000,0,26.35,18.87,9.35,0.00,0.533,1.000,0.575,0.000,0.000,0.389,1.000,0.400
streets,41,-1,0,0,20.75,-0.25,2.50,0.077,0.000,0.000,0,29.00,21.53,12.00,0.00,0.400,1.000,0.386,0.000,0.000,0.194,1.000,0.305
streets,46,-1,0,0,23.25,-0.25,3.53,1.142,0.000,0.000,0,31.50,24.90,16.13,0.00,0.194,1.000,1.000,0.000,0.000,0.000,1.000,0.450
streets,47,-1,0,0,23.75,-0.25,2.16,-0.206,0.017,0.194,13,30.80,24.19,15.43,1.01,0.229,0.916,0.218,0.086,0.241,0.000,0.683,0.149
streets,48,-1,0,0,24.25,-0.25,2.18,-0.165,0.021,0.194,16,30.91,24.31,15.54,0.52,0.223,0.957,0.243,0.105,0.241,0.000,0.839,0.184
streets,49,-1,0,0,24.75,-0.25,2.30,-0.022,0.000,0.000,0,31.03,24.43,15.66,0.00,0.217,1.000,0.328,0.000,0.000,0.000,1.000,0.248
streets,50,-1,0,0,25.25,-0.25,2.32,0.009,0.000,0.000,0,31.15,24.54,15.78,0.00,0.211,1.000,0.346,0.000,0.000,0.000,1.000,0.254
streets,-40,0,0,0,-19.75,0.25,0.49,-0.572,0.017,0.278,13,23.18,16.22,14.66,3.20,0.267,0.734,0.002,0.086,0.345,0.000,0.000,-0.034
streets,-39,0,0,0,-19.25,0.25,0.48,-0.599,0.017,0.333,13,22.88,16.12,14.56,3.20,0.272,0.733,0.000,0.086,0.414,0.007,0.000,-0.044
streets,-38,0,0,0,-18.75,0.25,0.48,-0.614,0.013,0.194,10,22.76,16.03,14.47,3.42,0.277,0.715,0.000,0.066,0.241,0.014,0.000,-0.020
streets,-20,0,0,0,-9.75,0.25,1.30,0.394,0.110,0.417,85,12.38,3.56,5.14,1.53,0.743,0.873,0.575,0.559,0.517,0.697,0.521,0.424
streets,-19,0,0,0,-9.25,0.25,1.30,0.425,0.108,0.528,83,11.99,3.26,5.03,1.65,0.749,0.863,0.593,0.546,0.655,0.705,0.484,0.402
streets,-18,0,0,0,-8.75,0.25,1.30,0.471,0.085,0.500,66,11.72,2.97,5.14,1.94,0.743,0.839,0.620,0.434,0.621,0.697,0.393,0.378
streets,-17,0,0,0,-8.25,0.25,1.35,0.564,0.082,0.500,63,11.57,2.75,5.25,2.34,0.737,0.805,0.676,0.414,0.621,0.689,0.268,0.370
streets,-16,0,0,0,-7.75,0.25,1.35,0.598,0.067,0.417,52,11.52,2.64,5.37,2.75,0.732,0.771,0.696,0.342,0.517,0.680,0.140,0.357
streets,-15,0,0,0,-7.25,0.25,1.38,0.684,0.053,0.361,41,11.63,2.75,5.49,3.21,0.726,0.732,0.747,0.270,0.448,0.672,0.000,0.345
streets,-12,0,0,0,-5.75,0.25,0.18,-0.356,0.045,0.222,35,8.41,7.18,4.16,0.72,0.792,0.940,0.130,0.230,0.276,0.768,0.775,0.314
streets,-11,0,0,0,-5.25,0.25,0.14,-0.342,0.043,0.250,33,8.20,7.30,4.06,0.53,0.797,0.956,0.138,0.217,0.310,0.776,0.835,0.319
streets,-10,0,0,0,-4.75,0.25,0.14,-0.292,0.036,0.222,28,8.08,7.41,4.17,0.53,0.791,0.956,0.167,0.184,0.276,0.768,0.835,0.324
streets,-4,0,0,0,-1.75,0.25,0.19,0.062,0.122,0.500,94,2.25,2.25,2.57,2.67,0.888,0.777,0.378,0.618,0.621,0.909,0.163,0.350
streets,-3,0,0,0,-1.25,0.25,0.19,0.057,0.133,0.583,103,1.84,1.84,2.16,3.49,0.908,0.709,0.375,0.678,0.724,0.939,0.000,0.327
streets,-2,0,0,0,-0.75,0.25,0.18,0.012,0.141,0.639,109,1.43,1.43,1.87,3.69,0.928,0.692,0.348,0.717,0.793,0.968,0.000,0.322
streets,-1,0,0,0,-0.25,0.25,0.16,-0.027,0.148,0.639,114,1.14,1.14,1.67,3.76,0.943,0.687,0.325,0.750,0.793,0.990,0.000,0.326
streets,0,0,0,0,0.25,0.25,0.15,-0.075,0.149,0.611,115,1.03,1.03,1.55,3.47,0.948,0.711,0.296,0.757,0.759,0.998,0.000,0.326
streets,1,0,0,0,0.75,0.25,0.15,-0.118,0.154,0.583,119,1.15,1.15,1.66,2.62,0.943,0.781,0.271,0.783,0.724,0.989,0.178,0.354
streets,2,0,0,0,1.25,0.25,0.15,-0.167,0.141,0.556,109,1.44,1.44,1.86,3.12,0.928,0.740,0.242,0.717,0.690,0.968,0.021,0.309
streets,3,0,0,0,1.75,0.25,0.15,-0.214,0.132,0.472,102,1.84,1.84,2.16,3.03,0.908,0.748,0.214,0.671,0.586,0.938,0.051,0.306
streets,8,0,0,0,4.25,0.25,1.31,0.402,0.065,0.278,50,8.48,0.50,6.53,2.05,0.674,0.829,0.579,0.329,0.345,0.595,0.358,0.361
streets,9,0,0,0,4.75,0.25,1.30,0.243,0.074,0.361,57,8.59,0.00,6.03,2.86,0.699,0.761,0.485,0.375,0.448,0.632,0.103,0.295
streets,10,0,0,0,5.25,0.25,1.30,0.098,0.079,0.389,61,8.70,0.50,5.53,2.39,0.724,0.801,0.399,0.401,0.483,0.669,0.252,0.299
streets,11,0,0,0,5.75,0.25,1.32,-0.031,0.082,0.417,63,8.99,1.00,5.06,1.99,0.747,0.834,0.323,0.414,0.517,0.703,0.376,0.299
streets,12,0,0,0,6.25,0.25,1.62,0.127,0.080,0.361,62,9.32,1.55,4.48,1.50,0.776,0.875,0.416,0.408,0.448,0.745,0.530,0.368
streets,13,0,0,0,6.75,0.25,1.82,0.189,0.084,0.361,65,9.76,2.09,3.96,1.13,0.802,0.906,0.453,0.428,0.448,0.784,0.646,0.408
streets,14,0,0,0,7.25,0.25,2.12,0.363,0.078,0.306,60,10.25,2.67,3.37,0.55,0.831,0.954,0.556,0.395,0.379,0.826,0.828,0.478
streets,15,0,0,0,7.75,0.25,2.35,0.457,0.001,0.028,1,10.72,3.22,2.94,0.50,0.853,0.958,0.612,0.007,0.034,0.858,0.843,0.478
streets,16,0,0,0,8.25,0.25,2.32,0.349,0.005,0.028,4,11.21,3.69,2.53,0.50,0.873,0.958,0.548,0.026,0.034,0.888,0.843,0.469
streets,17,0,0,0,8.75,0.25,2.32,0.288,0.000,0.000,0,11.68,4.19,2.12,0.00,0.894,1.000,0.512,0.000,0.000,0.918,1.000,0.487
streets,18,0,0,0,9.25,0.25,2.32,0.232,0.000,0.000,0,12.17,4.69,1.83,0.00,0.909,1.000,0.479,0.000,0.000,0.940,1.000,0.481
streets,19,0,0,0,9.75,0.25,2.32,0.184,0.056,0.306,43,12.67,5.19,1.62,0.50,0.919,0.958,0.450,0.283,0.379,0.955,0.843,0.452
streets,20,0,0,0,10.25,0.25,2.30,0.108,0.098,0.500,76,13.17,5.69,1.50,1.00,0.925,0.917,0.405,0.500,0.621,0.963,0.687,0.424
streets,21,0,0,0,10.75,0.25,2.30,0.063,0.111,0.472,86,13.67,6.19,1.62,1.00,0.919,0.917,0.378,0.566,0.586,0.955,0.687,0.433
streets,22,0,0,0,11.25,0.25,2.30,0.023,0.120,0.500,93,14.17,6.69,1.83,1.00,0.909,0.917,0.354,0.612,0.621,0.940,0.687,0.426
streets,23,0,0,0,11.75,0.25,2.30,-0.021,0.127,0.500,98,14.67,7.19,1.63,0.50,0.918,0.958,0.329,0.645,0.621,0.954,0.843,0.452
streets,24,0,0,0,12.25,0.25,2.32,-0.038,0.000,0.000,0,15.17,7.69,1.13,0.00,0.943,1.000,0.318,0.000,0.000,0.990,1.000,0.444
streets,26,0,0,0,13.25,0.25,2.50,0.102,0.009,0.139,7,16.18,8.70,0.50,1.00,0.975,0.917,0.401,0.046,0.172,1.000,0.687,0.407
streets,27,0,0,0,13.75,0.25,2.50,0.089,0.010,0.167,8,16.68,9.20,0.71,0.71,0.965,0.941,0.394,0.053,0.207,1.000,0.778,0.414
streets,28,0,0,0,14.25,0.25,2.50,0.076,0.009,0.167,7,17.18,9.70,0.71,0.50,0.965,0.958,0.386,0.046,0.207,1.000,0.843,0.420
streets,29,0,0,0,14.75,0.25,2.50,0.069,0.008,0.111,6,17.68,10.20,0.50,0.50,0.975,0.958,0.382,0.039,0.138,1.000,0.843,0.428
streets,30,0,0,0,15.25,0.25,2.50,0.060,0.006,0.111,5,18.18,10.70,0.71,0.50,0.965,0.958,0.376,0.033,0.138,1.000,0.843,0.425
streets,31,0,0,0,15.75,0.25,2.50,0.050,0.012,0.194,9,18.68,11.20,1.12,0.50,0.944,0.958,0.371,0.059,0.241,0.991,0.843,0.412
streets,32,0,0,0,16.25,0.25,2.50,0.040,0.006,0.083,5,19.18,11.70,1.62,0.50,0.919,0.958,0.364,0.033,0.103,0.955,0.843,0.418
streets,34,0,0,0,17.25,0.25,2.50,0.014,0.005,0.028,4,25.04,17.57,8.04,0.50,0.598,0.958,0.349,0.026,0.034,0.484,0.843,0.328
streets,35,0,0,0,17.75,0.25,2.50,-0.001,0.001,0.028,1,24.94,17.47,7.94,0.50,0.603,0.958,0.340,0.007,0.034,0.492,0.843,0.323
streets,36,0,0,0,18.25,0.25,2.71,0.208,0.000,0.000,0,25.02,17.54,8.01,0.00,0.599,1.000,0.464,0.000,0.000,0.486,1.000,0.387
streets,37,0,0,0,18.75,0.25,2.50,0.022,0.003,0.056,2,25.15,17.68,8.15,0.50,0.592,0.958,0.354,0.013,0.069,0.476,0.843,0.320
streets,38,0,0,0,19.25,0.25,2.50,0.036,0.000,0.000,0,25.45,17.97,8.44,0.00,0.578,1.000,0.362,0.000,0.000,0.455,1.000,0.350
streets,39,0,0,0,19.75,0.25,2.50,0.052,0.000,0.000,0,25.74,18.26,8.74,0.00,0.563,1.000,0.372,0.000,0.000,0.433,1.000,0.348
streets,41,0,0,0,20.75,0.25,2.50,0.078,0.000,0.000,0,28.72,21.24,11.72,0.00,0.414,1.000,0.387,0.000,0.000,0.215,1.000,0.309
streets,47,0,0,0,23.75,0.25,2.12,-0.242,0.016,0.222,12,31.30,24.70,15.93,1.02,0.204,0.915,0.197,0.079,0.276,0.000,0.681,0.136
streets,48,0,0,0,24.25,0.25,2.14,-0.197,0.017,0.167,13,31.41,24.81,16.04,0.53,0.198,0.956,0.224,0.086,0.207,0.000,0.835,0.178
streets,49,0,0,0,24.75,0.25,2.30,-0.016,0.000,0.000,0,31.53,24.93,16.16,0.00,0.192,1.000,0.331,0.000,0.000,0.000,1.000,0.249
streets,-40,1,0,0,-19.75,0.75,0.49,-0.587,0.018,0.250,14,23.59,15.72,14.16,2.70,0.292,0.775,0.000,0.092,0.310,0.036,0.155,0.002
streets,-39,1,0,0,-19.25,0.75,0.48,-0.606,0.017,0.278,13,23.38,15.62,14.06,2.80,0.297,0.767,0.000,0.086,0.345,0.044,0.122,-0.008
streets,-38,1,0,0,-18.75,0.75,0.48,-0.625,0.014,0.194,11,23.26,15.53,13.97,2.00,0.302,0.833,0.000,0.072,0.241,0.051,0.373,0.044
streets,-20,1,0,0,-9.75,0.75,1.43,0.460,0.106,0.472,82,12.71,3.25,4.63,1.01,0.769,0.916,0.614,0.539,0.586,0.734,0.683,0.453
streets,-19,1,0,0,-9.25,0.75,1.44,0.505,0.093,0.500,72,12.43,2.84,4.51,1.22,0.775,0.899,0.640,0.474,0.621,0.743,0.619,0.435
streets,-18,1,0,0,-8.75,0.75,1.44,0.555,0.088,0.500,68,12.18,2.54,4.63,1.62,0.769,0.865,0.670,0.447,0.621,0.734,0.491,0.418
streets,-17,1,0,0,-8.25,0.75,1.45,0.606,0.078,0.528,60,12.07,2.24,4.74,2.12,0.763,0.823,0.701,0.395,0.655,0.726,0.335,0.386
streets,-16,1,0,0,-7.75,0.75,1.47,0.662,0.066,0.444,51,12.04,2.12,4.86,2.62,0.757,0.782,0.734,0.336,0.552,0.717,0.179,0.375
streets,-15,1,0,0,-7.25,0.75,1.48,0.735,0.057,0.417,44,12.14,2.24,4.98,3.12,0.751,0.740,0.777,0.289,0.517,0.709,0.023,0.358
streets,-12,1,0,0,-5.75,0.75,0.36,-0.233,0.027,0.139,21,8.43,6.65,3.65,0.50,0.818,0.958,0.203,0.138,0.172,0.806,0.843,0.350
streets,-11,1,0,0,-5.25,0.75,0.31,-0.220,0.000,0.000,0,8.15,6.77,3.53,0.00,0.823,1.000,0.210,0.000,0.000,0.814,1.000,0.376
streets,-10,1,0,0,-4.75,0.75,0.31,-0.169,0.013,0.056,10,8.04,6.89,3.65,0.50,0.817,0.958,0.241,0.066,0.069,0.806,0.843,0.363
streets,-4,1,0,0,-1.75,0.75,0.35,0.174,0.114,0.528,88,2.12,2.12,2.89,3.51,0.894,0.707,0.444,0.579,0.655,0.918,0.000,0.334
streets,-3,1,0,0,-1.25,0.75,0.35,0.172,0.124,0.528,96,1.62,1.62,2.60,3.63,0.919,0.698,0.443,0.632,0.655,0.955,0.000,0.352
streets,-2,1,0,0,-0.75,0.75,0.33,0.127,0.133,0.694,103,1.12,1.12,2.31,3.74,0.944,0.688,0.416,0.678,0.862,0.991,0.000,0.329
streets,-1,1,0,0,-0.25,0.75,0.33,0.089,0.139,0.611,107,0.71,0.71,2.19,3.33,0.964,0.722,0.394,0.704,0.759,1.000,0.000,0.345
streets,0,1,0,0,0.25,0.75,0.32,0.050,0.140,0.694,108,0.51,0.51,2.08,3.03,0.975,0.747,0.371,0.711,0.862,1.000,0.049,0.331
streets,1,1,0,0,0.75,0.75,0.32,-0.006,0.140,0.639,108,0.71,0.71,2.19,2.74,0.964,0.772,0.338,0.711,0.793,1.000,0.142,0.346
streets,2,1,0,0,1.25,0.75,0.31,-0.063,0.130,0.556,100,1.12,1.12,2.30,2.62,0.944,0.782,0.304,0.658,0.690,0.991,0.179,0.344
streets,3,1,0,0,1.75,0.75,0.31,-0.125,0.122,0.500,94,1.62,1.62,2.59,2.50,0.919,0.791,0.267,0.618,0.621,0.955,0.215,0.334
streets,15,1,0,0,7.75,0.75,2.32,0.400,0.000,0.000,0,11.22,3.72,3.24,0.00,0.838,1.000,0.578,0.000,0.000,0.836,1.000,0.491
streets,16,1,0,0,8.25,0.75,2.32,0.312,0.000,0.000,0,11.43,3.92,2.83,0.00,0.859,1.000,0.526,0.000,0.000,0.866,1.000,0.481
streets,17,1,0,0,8.75,0.75,2.32,0.251,0.000,0.000,0,11.84,4.34,2.53,0.00,0.873,1.000,0.490,0.000,0.000,0.888,1.000,0.475
streets,19,1,0,0,9.75,0.75,2.32,0.162,0.056,0.333,43,13.17,5.69,2.12,1.00,0.894,0.917,0.437,0.283,0.414,0.918,0.687,0.412
streets,20,1,0,0,10.25,0.75,2.30,0.091,0.085,0.389,66,13.37,5.90,2.00,1.21,0.900,0.899,0.395,0.434,0.483,0.927,0.622,0.412
streets,21,1,0,0,10.75,0.75,2.30,0.049,0.101,0.500,78,13.78,6.31,2.12,1.50,0.894,0.875,0.370,0.513,0.621,0.918,0.530,0.384
streets,22,1,0,0,11.25,0.75,2.30,0.010,0.117,0.500,90,14.28,6.81,2.24,1.00,0.888,0.917,0.347,0.592,0.621,0.910,0.687,0.414
streets,23,1,0,0,11.75,0.75,2.30,-0.030,0.123,0.472,95,14.78,7.31,1.84,0.50,0.908,0.958,0.323,0.625,0.586,0.939,0.843,0.448
streets,24,1,0,0,12.25,0.75,2.32,-0.042,0.000,0.000,0,15.28,7.81,1.43,0.00,0.929,1.000,0.316,0.000,0.000,0.969,1.000,0.439
streets,26,1,0,0,13.25,0.75,2.50,0.098,0.012,0.222,9,16.30,8.82,1.00,1.02,0.950,0.915,0.399,0.059,0.276,1.000,0.682,0.392
streets,27,1,0,0,13.75,0.75,2.50,0.085,0.010,0.167,8,16.80,9.32,1.12,1.12,0.944,0.907,0.392,0.053,0.207,0.991,0.650,0.393
streets,28,1,0,0,14.25,0.75,2.50,0.073,0.010,0.194,8,17.30,9.82,1.12,1.00,0.944,0.917,0.384,0.053,0.241,0.991,0.687,0.391
streets,29,1,0,0,14.75,0.75,2.50,0.061,0.009,0.167,7,17.80,10.32,1.00,1.00,0.950,0.917,0.377,0.046,0.207,1.000,0.687,0.394
streets,30,1,0,0,15.25,0.75,2.50,0.052,0.009,0.194,7,18.30,10.82,1.12,1.00,0.944,0.917,0.372,0.046,0.241,0.991,0.687,0.386
streets,31,1,0,0,15.75,0.75,2.50,0.042,0.009,0.167,7,18.80,11.32,1.41,1.00,0.929,0.917,0.366,0.046,0.207,0.970,0.687,0.385
streets,32,1,0,0,16.25,0.75,2.50,0.031,0.008,0.167,6,19.30,11.82,1.83,0.50,0.909,0.958,0.359,0.039,0.207,0.940,0.843,0.399
streets,33,1,0,0,16.75,0.75,2.50,0.018,0.000,0.000,0,19.80,12.32,2.24,0.00,0.888,1.000,0.352,0.000,0.000,0.910,1.000,0.437
streets,34,1,0,0,17.25,0.75,2.50,0.005,0.006,0.056,5,24.54,17.07,7.54,0.56,0.623,0.954,0.344,0.033,0.069,0.521,0.826,0.327
streets,35,1,0,0,17.75,0.75,2.74,0.228,0.000,0.000,0,24.40,16.92,7.40,0.00,0.630,1.000,0.476,0.000,0.000,0.532,1.000,0.399
streets,36,1,0,0,18.25,0.75,2.71,0.202,0.000,0.000,0,24.52,17.04,7.51,0.00,0.624,1.000,0.461,0.000,0.000,0.523,1.000,0.393
streets,37,1,0,0,18.75,0.75,2.83,0.346,0.000,0.000,0,24.73,17.26,7.73,0.00,0.613,1.000,0.546,0.000,0.000,0.507,1.000,0.415
streets,38,1,0,0,19.25,0.75,2.50,0.038,0.000,0.000,0,25.04,17.56,8.04,0.00,0.598,1.000,0.363,0.000,0.000,0.485,1.000,0.356
streets,39,1,0,0,19.75,0.75,2.50,0.052,0.000,0.000,0,25.45,17.97,8.45,0.00,0.578,1.000,0.372,0.000,0.000,0.455,1.000,0.353
streets,41,1,0,0,20.75,0.75,2.50,0.081,0.000,0.000,0,28.43,20.96,11.43,0.00,0.428,1.000,0.389,0.000,0.000,0.236,1.000,0.314
streets,47,1,0,0,23.75,0.75,2.09,-0.262,0.017,0.222,13,31.80,25.20,16.43,1.02,0.179,0.915,0.186,0.086,0.276,0.000,0.680,0.133
streets,48,1,0,0,24.25,0.75,2.10,-0.228,0.021,0.222,16,31.92,25.31,16.55,0.54,0.173,0.955,0.206,0.105,0.276,0.000,0.831,0.166
streets,49,1,0,0,24.75,0.75,2.30,-0.006,0.000,0.000,0,32.03,25.43,16.66,0.00,0.167,1.000,0.338,0.000,0.000,0.000,1.000,0.251
streets,-40,2,0,0,-19.75,1.25,0.49,-0.617,0.017,0.222,13,24.00,15.22,13.66,2.20,0.317,0.817,0.000,0.086,0.276,0.073,0.312,0.037
streets,-39,2,0,0,-19.25,1.25,0.48,-0.647,0.018,0.306,14,23.88,15.12,13.56,2.30,0.322,0.808,0.000,0.092,0.379,0.080,0.279,0.019
streets,-38,2,0,0,-18.75,1.25,0.48,-0.664,0.014,0.194,11,23.76,15.03,13.47,2.00,0.327,0.833,0.000,0.072,0.241,0.087,0.373,0.052
streets,-21,2,0,0,-10.25,1.25,1.57,0.472,0.000,0.000,0,12.93,3.36,4.24,0.00,0.788,1.000,0.621,0.000,0.000,0.763,1.000,0.489
streets,-20,2,0,0,-9.75,1.25,1.54,0.489,0.096,0.389,74,12.52,2.94,4.12,0.50,0.794,0.958,0.631,0.487,0.483,0.772,0.843,0.495
streets,-19,2,0,0,-9.25,1.25,1.52,0.505,0.096,0.528,74,12.22,2.53,4.00,1.00,0.800,0.917,0.640,0.487,0.655,0.780,0.686,0.450
streets,-18,2,0,0,-8.75,1.25,1.52,0.542,0.085,0.528,66,11.93,2.12,4.12,1.50,0.794,0.875,0.662,0.434,0.655,0.772,0.530,0.421
streets,-17,2,0,0,-8.25,1.25,1.52,0.582,0.078,0.500,60,11.81,1.83,4.24,2.00,0.788,0.833,0.686,0.395,0.621,0.763,0.373,0.400
streets,-16,2,0,0,-7.75,1.25,1.55,0.658,0.067,0.472,52,11.69,1.62,4.35,2.50,0.782,0.792,0.731,0.342,0.586,0.754,0.216,0.383
streets,-15,2,0,0,-7.25,1.25,1.58,0.755,0.060,0.417,46,11.81,1.83,4.47,3.00,0.776,0.750,0.789,0.303,0.517,0.746,0.059,0.378
streets,-12,2,0,0,-5.75,1.25,0.53,-0.116,0.000,0.000,0,8.12,6.12,3.12,0.00,0.844,1.000,0.272,0.000,0.000,0.845,1.000,0.401
streets,-11,2,0,0,-5.25,1.25,0.48,-0.110,0.000,0.000,0,7.71,6.24,3.01,0.00,0.850,1.000,0.276,0.000,0.000,0.853,1.000,0.403
streets,-10,2,0,0,-4.75,1.25,0.48,-0.050,0.008,0.028,6,7.51,6.36,3.12,0.50,0.844,0.958,0.312,0.039,0.034,0.844,0.843,0.392
streets,-4,2,0,0,-1.75,1.25,0.40,0.164,0.118,0.500,91,2.00,2.00,2.83,3.01,0.900,0.749,0.438,0.599,0.621,0.927,0.057,0.352
streets,-3,2,0,0,-1.25,1.25,0.40,0.168,0.127,0.583,98,1.50,1.50,2.53,3.13,0.925,0.739,0.441,0.645,0.724,0.963,0.020,0.348
streets,-2,2,0,0,-0.75,1.25,0.40,0.145,0.132,0.611,102,1.00,1.00,2.24,3.25,0.950,0.729,0.427,0.671,0.759,1.000,0.000,0.349
streets,-1,2,0,0,-0.25,1.25,0.40,0.104,0.140,0.611,108,0.50,0.50,2.12,3.03,0.975,0.747,0.403,0.711,0.759,1.000,0.050,0.357
streets,0,2,0,0,0.25,1.25,0.40,0.062,0.140,0.667,108,0.00,0.00,2.00,2.62,1.000,0.782,0.378,0.711,0.828,1.000,0.179,0.358
streets,1,2,0,0,0.75,1.25,0.40,0.009,0.140,0.611,108,0.50,0.50,2.12,2.33,0.975,0.806,0.346,0.711,0.759,1.000,0.271,0.373
streets,2,2,0,0,1.25,1.25,0.40,-0.047,0.126,0.556,97,1.00,1.00,2.24,2.12,0.950,0.823,0.313,0.638,0.690,1.000,0.336,0.369
streets,3,2,0,0,1.75,1.25,0.40,-0.118,0.120,0.500,93,1.50,1.50,2.53,2.00,0.925,0.833,0.271,0.612,0.621,0.963,0.373,0.359
streets,15,2,0,0,7.75,1.25,2.32,0.351,0.000,0.000,0,11.72,4.22,3.54,0.00,0.823,1.000,0.549,0.000,0.000,0.814,1.000,0.478
streets,16,2,0,0,8.25,1.25,2.32,0.269,0.000,0.000,0,11.84,4.34,3.24,0.00,0.838,1.000,0.501,0.000,0.000,0.836,1.000,0.467
streets,17,2,0,0,8.75,1.25,2.32,0.212,0.000,0.000,0,12.14,4.63,3.03,0.00,0.848,1.000,0.467,0.000,0.000,0.851,1.000,0.460
streets,18,2,0,0,9.25,1.25,2.32,0.174,0.000,0.000,0,12.64,5.13,3.12,0.00,0.844,1.000,0.444,0.000,0.000,0.845,1.000,0.452
streets,19,2,0,0,9.75,1.25,2.32,0.139,0.057,0.306,44,13.14,5.63,2.62,0.50,0.869,0.958,0.423,0.289,0.379,0.882,0.843,0.431
streets,20,2,0,0,10.25,1.25,2.30,0.073,0.083,0.361,64,13.52,6.13,2.50,1.00,0.875,0.917,0.384,0.421,0.448,0.890,0.687,0.413
streets,21,2,0,0,10.75,1.25,2.30,0.037,0.097,0.472,75,13.94,6.60,2.62,1.41,0.869,0.882,0.363,0.493,0.586,0.882,0.557,0.380
streets,22,2,0,0,11.25,1.25,2.30,0.001,0.100,0.444,77,14.35,7.01,2.54,1.00,0.873,0.917,0.342,0.507,0.552,0.887,0.687,0.401
streets,23,2,0,0,11.75,1.25,2.30,-0.029,0.118,0.472,91,14.85,7.42,2.13,0.50,0.893,0.958,0.324,0.599,0.586,0.917,0.843,0.439
streets,24,2,0,0,12.25,1.25,2.32,-0.035,0.000,0.000,0,15.35,7.92,1.93,0.00,0.904,1.000,0.320,0.000,0.000,0.932,1.000,0.432
streets,29,2,0,0,14.75,1.25,2.50,0.058,0.006,0.111,5,18.30,10.82,1.50,0.50,0.925,0.958,0.375,0.033,0.138,0.963,0.843,0.418
streets,30,2,0,0,15.25,1.25,2.50,0.049,0.010,0.194,8,18.42,10.94,1.62,1.00,0.919,0.917,0.370,0.053,0.241,0.955,0.687,0.379
streets,31,2,0,0,15.75,1.25,2.50,0.034,0.012,0.194,9,18.92,11.44,1.83,0.71,0.909,0.941,0.361,0.059,0.241,0.940,0.778,0.389
streets,32,2,0,0,16.25,1.25,2.50,0.022,0.006,0.139,5,19.42,11.94,2.12,0.50,0.894,0.958,0.354,0.033,0.172,0.918,0.843,0.397
streets,34,2,0,0,17.25,1.25,2.50,-0.002,0.006,0.083,5,24.06,16.58,7.06,0.50,0.647,0.958,0.340,0.033,0.103,0.557,0.843,0.331
streets,35,2,0,0,17.75,1.25,2.50,-0.026,0.003,0.056,2,23.94,16.47,6.94,0.54,0.653,0.955,0.326,0.013,0.069,0.565,0.832,0.328
streets,36,2,0,0,18.25,1.25,2.69,0.189,0.000,0.000,0,24.02,16.54,7.02,0.00,0.649,1.000,0.453,0.000,0.000,0.559,1.000,0.398
streets,37,2,0,0,18.75,1.25,2.69,0.214,0.000,0.000,0,24.31,16.84,7.31,0.00,0.634,1.000,0.468,0.000,0.000,0.538,1.000,0.398
streets,38,2,0,0,19.25,1.25,2.50,0.051,0.000,0.000,0,24.75,17.27,7.74,0.00,0.613,1.000,0.371,0.000,0.000,0.506,1.000,0.363
streets,39,2,0,0,19.75,1.25,2.84,0.414,0.000,0.000,0,25.66,18.19,8.66,0.00,0.567,1.000,0.587,0.000,0.000,0.439,1.000,0.414
streets,41,2,0,0,20.75,1.25,2.50,0.102,0.000,0.000,0,28.32,20.84,11.32,0.00,0.434,1.000,0.401,0.000,0.000,0.244,1.000,0.319
streets,47,2,0,0,23.75,1.25,2.05,-0.280,0.016,0.222,12,32.30,25.70,16.93,1.15,0.154,0.904,0.175,0.079,0.276,0.000,0.641,0.123
streets,48,2,0,0,24.25,1.25,2.06,-0.256,0.018,0.167,14,32.42,25.82,17.05,1.04,0.148,0.913,0.189,0.092,0.207,0.000,0.673,0.145
streets,-40,3,0,0,-19.75,1.75,0.50,-0.621,0.018,0.222,14,23.98,14.90,13.35,1.86,0.333,0.845,0.000,0.092,0.276,0.096,0.418,0.059
streets,-39,3,0,0,-19.25,1.75,0.48,-0.659,0.016,0.250,12,23.89,14.82,13.26,2.01,0.337,0.833,0.000,0.079,0.310,0.102,0.371,0.045
streets,-38,3,0,0,-18.75,1.75,0.49,-0.667,0.016,0.194,12,23.75,14.68,13.12,2.28,0.344,0.810,0.000,0.079,0.241,0.113,0.287,0.045
streets,-21,3,0,0,-10.25,1.75,1.60,0.412,0.000,0.000,0,12.63,3.24,3.74,0.00,0.813,1.000,0.585,0.000,0.000,0.800,1.000,0.486
streets,-20,3,0,0,-9.75,1.75,1.57,0.435,0.100,0.472,77,12.22,2.74,3.62,0.50,0.819,0.958,0.599,0.507,0.586,0.808,0.843,0.481
streets,-19,3,0,0,-9.25,1.75,1.57,0.466,0.093,0.556,72,11.81,2.24,3.50,1.00,0.825,0.917,0.618,0.474,0.690,0.817,0.687,0.443
streets,-18,3,0,0,-8.75,1.75,1.57,0.500,0.087,0.556,67,11.52,1.83,3.62,1.50,0.819,0.875,0.638,0.441,0.690,0.808,0.530,0.417
streets,-17,3,0,0,-8.25,1.75,1.57,0.536,0.076,0.556,59,11.31,1.42,3.74,2.00,0.813,0.833,0.659,0.388,0.690,0.800,0.373,0.388
streets,-16,3,0,0,-7.75,1.75,1.57,0.579,0.070,0.500,54,11.19,1.12,3.85,2.50,0.807,0.792,0.684,0.355,0.621,0.791,0.217,0.374
streets,-12,3,0,0,-5.75,1.75,0.61,-0.131,0.000,0.000,0,7.82,5.62,2.62,0.00,0.869,1.000,0.263,0.000,0.000,0.882,1.000,0.405
streets,-11,3,0,0,-5.25,1.75,0.61,-0.075,0.000,0.000,0,7.41,5.74,2.50,0.00,0.875,1.000,0.296,0.000,0.000,0.890,1.000,0.417
streets,-10,3,0,0,-4.75,1.75,0.61,-0.021,0.000,0.000,0,7.00,5.85,2.62,0.00,0.869,1.000,0.328,0.000,0.000,0.882,1.000,0.425
streets,-4,3,0,0,-1.75,1.75,0.40,0.084,0.128,0.528,99,2.12,2.12,2.53,2.51,0.894,0.791,0.391,0.651,0.655,0.918,0.213,0.365
streets,-3,3,0,0,-1.25,1.75,0.40,0.105,0.131,0.556,101,1.62,1.62,2.12,2.63,0.919,0.781,0.403,0.664,0.690,0.955,0.177,0.368
streets,-2,3,0,0,-0.75,1.75,0.40,0.083,0.136,0.667,105,1.12,1.12,1.83,2.75,0.944,0.771,0.390,0.691,0.828,0.991,0.140,0.350
streets,-1,3,0,0,-0.25,1.75,0.40,0.043,0.135,0.667,104,0.71,0.71,1.62,2.74,0.965,0.772,0.366,0.684,0.828,1.000,0.143,0.344
streets,0,3,0,0,0.25,1.75,0.40,-0.006,0.142,0.694,110,0.50,0.50,1.50,2.33,0.975,0.806,0.337,0.724,0.862,1.000,0.271,0.357
streets,1,3,0,0,0.75,1.75,0.40,-0.062,0.135,0.611,104,0.71,0.71,1.62,1.91,0.965,0.840,0.304,0.684,0.759,1.000,0.400,0.374
streets,2,3,0,0,1.25,1.75,0.40,-0.122,0.127,0.556,98,1.12,1.12,1.83,1.62,0.944,0.865,0.269,0.645,0.690,0.991,0.493,0.378
streets,3,3,0,0,1.75,1.75,0.40,-0.197,0.120,0.528,93,1.62,1.62,2.12,1.50,0.919,0.875,0.224,0.612,0.655,0.955,0.530,0.362
streets,15,3,0,0,7.75,1.75,2.32,0.329,0.000,0.000,0,11.70,4.72,3.95,0.00,0.803,1.000,0.536,0.000,0.000,0.784,1.000,0.468
streets,16,3,0,0,8.25,1.75,2.32,0.258,0.000,0.000,0,12.20,4.84,3.65,0.00,0.817,1.000,0.494,0.000,0.000,0.806,1.000,0.459
streets,17,3,0,0,8.75,1.75,2.32,0.208,0.000,0.000,0,12.31,5.04,3.53,0.00,0.823,1.000,0.464,0.000,0.000,0.815,1.000,0.452
streets,18,3,0,0,9.25,1.75,2.32,0.170,0.000,0.000,0,12.52,5.34,3.33,0.00,0.834,1.000,0.442,0.000,0.000,0.830,1.000,0.448
streets,19,3,0,0,9.75,1.75,2.32,0.133,0.056,0.333,43,12.82,5.75,3.12,0.50,0.844,0.958,0.420,0.283,0.414,0.845,0.843,0.416
streets,20,3,0,0,10.25,1.75,2.30,0.068,0.084,0.417,65,13.23,6.25,3.00,1.00,0.850,0.917,0.381,0.428,0.517,0.854,0.687,0.396
streets,21,3,0,0,10.75,1.75,2.30,0.030,0.100,0.472,77,13.73,6.75,3.12,1.12,0.844,0.907,0.358,0.507,0.586,0.845,0.650,0.387
streets,22,3,0,0,11.25,1.75,2.30,-0.003,0.101,0.500,78,14.23,7.25,2.84,1.12,0.858,0.907,0.339,0.513,0.621,0.865,0.650,0.382
streets,23,3,0,0,11.75,1.75,2.30,-0.028,0.105,0.472,81,14.73,7.72,2.54,0.71,0.873,0.941,0.324,0.533,0.586,0.887,0.778,0.410
streets,29,3,0,0,14.75,1.75,2.51,0.083,0.000,0.000,0,18.80,11.32,2.00,0.00,0.900,1.000,0.390,0.000,0.000,0.927,1.000,0.452
streets,32,3,0,0,16.25,1.75,2.50,0.021,0.000,0.000,0,19.53,12.06,2.53,0.00,0.873,1.000,0.353,0.000,0.000,0.888,1.000,0.434
streets,34,3,0,0,17.25,1.75,2.50,-0.000,0.006,0.056,5,23.67,16.19,6.67,0.56,0.667,0.953,0.341,0.033,0.069,0.585,0.824,0.339
streets,35,3,0,0,17.75,1.75,2.76,0.235,0.000,0.000,0,23.40,15.92,6.40,0.00,0.680,1.000,0.480,0.000,0.000,0.605,1.000,0.415
streets,36,3,0,0,18.25,1.75,2.71,0.215,0.000,0.000,0,23.61,16.13,6.61,0.00,0.670,1.000,0.469,0.000,0.000,0.589,1.000,0.408
streets,37,3,0,0,18.75,1.75,2.50,0.047,0.004,0.083,3,24.06,16.58,7.06,0.50,0.647,0.958,0.369,0.020,0.103,0.557,0.843,0.337
streets,38,3,0,0,19.25,1.75,2.50,0.076,0.000,0.000,0,24.56,17.08,7.56,0.00,0.622,1.000,0.386,0.000,0.000,0.520,1.000,0.370
streets,39,3,0,0,19.75,1.75,2.50,0.096,0.000,0.000,0,25.06,17.58,8.06,0.00,0.597,1.000,0.398,0.000,0.000,0.483,1.000,0.366
streets,41,3,0,0,20.75,1.75,2.50,0.128,0.000,0.000,0,28.43,20.96,11.43,0.00,0.428,1.000,0.417,0.000,0.000,0.236,1.000,0.322
streets,47,3,0,0,23.75,1.75,2.00,-0.297,0.017,0.222,13,32.31,26.20,17.43,1.65,0.128,0.863,0.165,0.086,0.276,0.000,0.483,0.098
streets,48,3,0,0,24.25,1.75,2.02,-0.268,0.022,0.194,17,32.44,26.32,17.55,1.54,0.123,0.871,0.182,0.112,0.241,0.000,0.516,0.118
streets,-40,4,0,0,-19.75,2.25,1.36,0.225,0.004,0.083,3,22.22,13.15,11.59,3.04,0.420,0.747,0.474,0.020,0.103,0.225,0.047,0.183
streets,-39,4,0,0,-19.25,2.25,1.36,0.199,0.016,0.278,12,22.00,12.93,11.37,0.50,0.431,0.958,0.459,0.079,0.345,0.241,0.843,0.276
streets,-38,4,0,0,-18.75,2.25,1.36,0.183,0.013,0.194,10,21.89,12.81,11.26,1.00,0.437,0.917,0.449,0.066,0.241,0.249,0.687,0.265
streets,-23,4,0,0,-11.25,2.25,1.62,0.210,0.000,0.000,0,13.43,4.12,3.65,0.00,0.817,1.000,0.466,0.000,0.000,0.806,1.000,0.451
streets,-22,4,0,0,-10.75,2.25,1.62,0.280,0.000,0.000,0,12.93,3.62,3.35,0.00,0.832,1.000,0.507,0.000,0.000,0.828,1.000,0.468
streets,-21,4,0,0,-10.25,2.25,1.58,0.305,0.065,0.361,50,12.43,3.12,3.24,0.50,0.838,0.958,0.522,0.329,0.448,0.836,0.843,0.449
streets,-20,4,0,0,-9.75,2.25,1.58,0.352,0.100,0.472,77,11.93,2.62,3.12,0.71,0.844,0.941,0.550,0.507,0.586,0.845,0.778,0.464
streets,-19,4,0,0,-9.25,2.25,1.58,0.386,0.098,0.583,76,11.52,2.12,3.00,1.12,0.850,0.907,0.570,0.500,0.724,0.854,0.650,0.431
streets,-18,4,0,0,-8.75,2.25,1.58,0.408,0.087,0.556,67,11.11,1.62,3.12,1.62,0.844,0.865,0.583,0.441,0.690,0.845,0.493,0.402
streets,-17,4,0,0,-8.25,2.25,1.58,0.434,0.078,0.556,60,10.81,1.12,3.24,2.12,0.838,0.823,0.598,0.395,0.690,0.836,0.336,0.373
streets,-16,4,0,0,-7.75,2.25,1.58,0.476,0.069,0.500,53,10.69,0.71,3.35,2.12,0.832,0.823,0.623,0.349,0.621,0.828,0.336,0.380
streets,-12,4,0,0,-5.75,2.25,0.60,-0.234,0.000,0.000,0,7.52,5.12,2.12,0.00,0.894,1.000,0.202,0.000,0.000,0.918,1.000,0.394
streets,-11,4,0,0,-5.25,2.25,0.60,-0.177,0.000,0.000,0,7.11,5.24,2.00,0.00,0.900,1.000,0.236,0.000,0.000,0.927,1.000,0.406
streets,-10,4,0,0,-4.75,2.25,0.60,-0.126,0.000,0.000,0,6.70,5.44,2.12,0.00,0.894,1.000,0.266,0.000,0.000,0.918,1.000,0.413
streets,-9,4,0,0,-4.25,2.25,0.60,-0.065,0.000,0.000,0,6.29,5.74,2.24,0.00,0.888,1.000,0.302,0.000,0.000,0.910,1.000,0.423
streets,-4,4,0,0,-1.75,2.25,0.40,0.008,0.130,0.500,100,2.24,2.24,2.24,2.01,0.888,0.832,0.345,0.658,0.621,0.910,0.370,0.380
streets,-3,4,0,0,-1.25,2.25,0.40,0.025,0.128,0.556,99,1.83,1.83,1.83,2.13,0.909,0.823,0.356,0.651,0.690,0.940,0.333,0.371
streets,-2,4,0,0,-0.75,2.25,0.40,0.005,0.127,0.611,98,1.41,1.41,1.41,2.34,0.929,0.805,0.344,0.645,0.759,0.970,0.268,0.352
streets,-1,4,0,0,-0.25,2.25,0.40,-0.029,0.133,0.667,103,1.12,1.12,1.12,2.62,0.944,0.782,0.323,0.678,0.828,0.991,0.180,0.334
streets,0,4,0,0,0.25,2.25,0.40,-0.081,0.127,0.611,98,1.00,1.00,1.00,2.12,0.950,0.823,0.293,0.645,0.759,1.000,0.336,0.353
streets,1,4,0,0,0.75,2.25,0.40,-0.142,0.131,0.611,101,1.12,1.12,1.12,1.62,0.944,0.865,0.257,0.664,0.759,0.991,0.493,0.368
streets,2,4,0,0,1.25,2.25,0.40,-0.206,0.118,0.528,91,1.41,1.41,1.41,1.21,0.929,0.899,0.219,0.599,0.655,0.970,0.622,0.374
streets,3,4,0,0,1.75,2.25,0.40,-0.274,0.120,0.500,93,1.83,1.83,1.83,1.00,0.909,0.917,0.178,0.612,0.621,0.940,0.687,0.374
streets,15,4,0,0,7.75,2.25,2.32,0.336,0.001,0.028,1,11.20,5.22,4.36,0.50,0.782,0.958,0.540,0.007,0.034,0.754,0.843,0.435
streets,16,4,0,0,8.25,2.25,2.32,0.275,0.000,0.000,0,11.70,5.34,4.15,0.00,0.792,1.000,0.504,0.000,0.000,0.769,1.000,0.455
streets,17,4,0,0,8.75,2.25,2.32,0.221,0.000,0.000,0,11.81,5.45,4.03,0.00,0.798,1.000,0.472,0.000,0.000,0.778,1.000,0.447
streets,18,4,0,0,9.25,2.25,2.32,0.181,0.000,0.000,0,12.11,5.75,3.74,0.00,0.813,1.000,0.448,0.000,0.000,0.800,1.000,0.444
streets,19,4,0,0,9.75,2.25,2.32,0.142,0.044,0.222,34,12.61,6.05,3.62,0.50,0.819,0.958,0.425,0.224,0.276,0.808,0.843,0.419
streets,20,4,0,0,10.25,2.25,2.30,0.076,0.092,0.444,71,13.11,6.46,3.50,0.50,0.825,0.958,0.386,0.467,0.552,0.817,0.843,0.416
streets,21,4,0,0,10.75,2.25,2.30,0.036,0.098,0.500,76,13.61,6.87,3.55,1.00,0.823,0.917,0.362,0.500,0.621,0.814,0.687,0.381
streets,22,4,0,0,11.25,2.25,2.30,0.010,0.104,0.500,80,14.02,7.37,3.25,1.41,0.837,0.882,0.347,0.526,0.621,0.835,0.557,0.367
streets,23,4,0,0,11.75,2.25,2.30,-0.012,0.102,0.500,79,14.43,7.87,3.04,1.12,0.848,0.907,0.334,0.520,0.621,0.850,0.650,0.379
streets,24,4,0,0,12.25,2.25,2.32,-0.007,0.096,0.417,74,14.93,8.37,2.93,1.00,0.854,0.917,0.337,0.487,0.517,0.859,0.687,0.396
streets,29,4,0,0,14.75,2.25,2.51,0.102,0.000,0.000,0,19.30,11.82,2.50,0.00,0.875,1.000,0.401,0.000,0.000,0.890,1.000,0.448
streets,31,4,0,0,15.75,2.25,2.50,0.051,0.003,0.056,2,19.53,12.06,2.74,0.50,0.863,0.958,0.371,0.013,0.069,0.873,0.843,0.405
streets,32,4,0,0,16.25,2.25,2.50,0.037,0.000,0.000,0,19.83,12.35,2.94,0.00,0.853,1.000,0.363,0.000,0.000,0.858,1.000,0.430
streets,33,4,0,0,16.75,2.25,2.50,0.025,0.000,0.000,0,20.24,12.76,3.24,0.00,0.838,1.000,0.355,0.000,0.000,0.836,1.000,0.424
streets,34,4,0,0,17.25,2.25,2.50,0.011,0.005,0.056,4,23.49,16.01,6.49,0.60,0.676,0.950,0.347,0.026,0.069,0.598,0.813,0.341
streets,35,4,0,0,17.75,2.25,2.83,0.331,0.000,0.000,0,22.89,15.42,5.89,0.00,0.705,1.000,0.537,0.000,0.000,0.642,1.000,0.440
streets,36,4,0,0,18.25,2.25,2.83,0.362,0.000,0.000,0,23.39,15.92,6.39,0.00,0.680,1.000,0.556,0.000,0.000,0.605,1.000,0.438
streets,37,4,0,0,18.75,2.25,2.83,0.401,0.000,0.000,0,23.89,16.42,6.89,0.00,0.655,1.000,0.579,0.000,0.000,0.569,1.000,0.437
streets,38,4,0,0,19.25,2.25,2.50,0.104,0.000,0.000,0,24.75,17.27,7.74,0.00,0.613,1.000,0.402,0.000,0.000,0.506,1.000,0.372
streets,39,4,0,0,19.75,2.25,2.50,0.122,0.000,0.000,0,25.18,17.70,8.17,0.00,0.591,1.000,0.413,0.000,0.000,0.475,1.000,0.369
streets,46,4,0,0,23.25,2.25,3.50,1.208,0.000,0.000,0,32.48,27.53,18.76,0.00,0.062,1.000,1.000,0.000,0.000,0.000,1.000,0.450
streets,47,4,0,0,23.75,2.25,1.96,-0.315,0.012,0.194,9,31.81,26.70,17.93,2.15,0.103,0.821,0.154,0.059,0.241,0.000,0.326,0.071
streets,48,4,0,0,24.25,2.25,1.98,-0.278,0.018,0.111,14,31.94,26.82,18.05,2.05,0.098,0.830,0.176,0.092,0.138,0.000,0.359,0.104
streets,-40,5,0,0,-19.75,2.75,1.54,0.341,0.009,0.167,7,21.98,12.91,11.35,0.53,0.433,0.956,0.543,0.046,0.207,0.242,0.833,0.315
streets,-39,5,0,0,-19.25,2.75,1.54,0.316,0.014,0.194,11,21.49,12.42,10.86,0.73,0.457,0.939,0.528,0.072,0.241,0.278,0.771,0.308
streets,-38,5,0,0,-18.75,2.75,1.54,0.293,0.014,0.194,11,21.36,12.29,10.73,1.13,0.463,0.906,0.515,0.072,0.241,0.287,0.645,0.287
streets,-23,5,0,0,-11.25,2.75,1.58,0.084,0.034,0.194,26,13.31,4.00,3.24,0.50,0.838,0.958,0.391,0.171,0.241,0.836,0.843,0.409
streets,-22,5,0,0,-10.75,2.75,1.58,0.143,0.052,0.361,40,12.81,3.50,2.94,0.50,0.853,0.958,0.426,0.263,0.448,0.858,0.843,0.411
streets,-21,5,0,0,-10.25,2.75,1.58,0.202,0.087,0.444,67,12.31,3.00,2.74,0.71,0.863,0.941,0.461,0.441,0.552,0.873,0.778,0.435
streets,-20,5,0,0,-9.75,2.75,1.58,0.253,0.098,0.500,76,11.81,2.50,2.62,1.00,0.869,0.917,0.491,0.500,0.621,0.882,0.687,0.434
streets,-19,5,0,0,-9.25,2.75,1.58,0.282,0.097,0.583,75,11.31,2.00,2.50,1.41,0.875,0.882,0.508,0.493,0.724,0.890,0.557,0.404
streets,-18,5,0,0,-8.75,2.75,1.58,0.308,0.091,0.611,70,10.81,1.50,2.62,1.83,0.869,0.848,0.523,0.461,0.759,0.882,0.428,0.376
streets,-17,5,0,0,-8.25,2.75,1.58,0.327,0.078,0.500,60,10.40,1.00,2.74,1.83,0.863,0.848,0.535,0.395,0.621,0.873,0.428,0.385
streets,-16,5,0,0,-7.75,2.75,1.58,0.367,0.071,0.500,55,10.19,0.50,2.94,1.62,0.853,0.865,0.559,0.362,0.621,0.858,0.493,0.392
streets,-15,5,0,0,-7.25,2.75,1.63,0.478,0.063,0.472,49,10.07,0.00,3.24,1.50,0.838,0.875,0.624,0.322,0.586,0.836,0.530,0.411
streets,-12,5,0,0,-5.75,2.75,0.60,-0.338,0.000,0.000,0,7.40,4.62,1.62,0.00,0.919,1.000,0.140,0.000,0.000,0.955,1.000,0.383
streets,-11,5,0,0,-5.25,2.75,0.60,-0.269,0.000,0.000,0,6.90,4.74,1.50,0.00,0.925,1.000,0.181,0.000,0.000,0.963,1.000,0.397
streets,-10,5,0,0,-4.75,2.75,0.60,-0.212,0.000,0.000,0,6.41,5.03,1.62,0.00,0.919,1.000,0.215,0.000,0.000,0.955,1.000,0.405
streets,-9,5,0,0,-4.25,2.75,0.60,-0.151,0.000,0.000,0,5.99,5.44,1.83,0.00,0.909,1.000,0.251,0.000,0.000,0.940,1.000,0.413
streets,-8,5,0,0,-3.75,2.75,0.60,-0.089,0.000,0.000,0,5.58,5.58,2.12,0.00,0.894,1.000,0.288,0.000,0.000,0.918,1.000,0.420
streets,-4,5,0,0,-1.75,2.75,0.40,-0.076,0.130,0.500,100,2.53,2.53,2.12,1.51,0.894,0.874,0.296,0.658,0.621,0.918,0.527,0.390
streets,-3,5,0,0,-1.25,2.75,0.40,-0.059,0.124,0.556,96,2.12,2.12,1.62,1.63,0.919,0.864,0.306,0.632,0.690,0.955,0.490,0.379
streets,-2,5,0,0,-0.75,2.75,0.40,-0.074,0.124,0.639,96,1.83,1.83,1.12,1.92,0.944,0.840,0.297,0.632,0.793,0.991,0.397,0.354
streets,-1,5,0,0,-0.25,2.75,0.40,-0.110,0.126,0.611,97,1.62,1.62,0.71,2.34,0.965,0.805,0.276,0.638,0.759,1.000,0.268,0.337
streets,0,5,0,0,0.25,2.75,0.40,-0.164,0.124,0.694,96,1.50,1.50,0.50,2.00,0.975,0.833,0.243,0.632,0.862,1.000,0.373,0.326
streets,1,5,0,0,0.75,2.75,0.40,-0.227,0.122,0.611,94,1.62,1.62,0.71,1.50,0.965,0.875,0.206,0.618,0.759,1.000,0.530,0.351
streets,2,5,0,0,1.25,2.75,0.40,-0.279,0.119,0.556,92,1.83,1.83,1.12,1.00,0.944,0.917,0.176,0.605,0.690,0.991,0.687,0.372
streets,3,5,0,0,1.75,2.75,0.40,-0.332,0.117,0.500,90,2.12,2.12,1.62,0.50,0.919,0.958,0.144,0.592,0.621,0.955,0.843,0.386
streets,4,5,0,0,2.25,2.75,0.42,-0.385,0.000,0.000,0,2.53,2.53,2.12,0.00,0.894,1.000,0.113,0.000,0.000,0.918,1.000,0.367
streets,5,5,0,0,2.75,2.75,0.43,-0.453,0.000,0.000,0,3.03,3.03,2.62,0.00,0.869,1.000,0.072,0.000,0.000,0.882,1.000,0.348
streets,15,5,0,0,7.75,2.75,2.32,0.358,0.000,0.000,0,10.70,5.72,4.77,0.00,0.762,1.000,0.553,0.000,0.000,0.724,1.000,0.461
streets,16,5,0,0,8.25,2.75,2.32,0.300,0.000,0.000,0,11.20,5.84,4.65,0.00,0.767,1.000,0.519,0.000,0.000,0.733,1.000,0.452
streets,17,5,0,0,8.75,2.75,2.32,0.245,0.000,0.000,0,11.40,5.95,4.44,0.00,0.778,1.000,0.486,0.000,0.000,0.748,1.000,0.445
streets,19,5,0,0,9.75,2.75,2.32,0.161,0.028,0.194,22,12.70,6.55,4.12,0.50,0.794,0.958,0.437,0.145,0.241,0.772,0.843,0.405
streets,20,5,0,0,10.25,2.75,2.30,0.097,0.101,0.556,78,12.90,6.75,4.00,0.50,0.800,0.958,0.398,0.513,0.690,0.780,0.843,0.401
streets,21,5,0,0,10.75,2.75,2.30,0.061,0.108,0.611,83,13.31,7.16,3.96,1.00,0.802,0.917,0.377,0.546,0.759,0.783,0.687,0.368
streets,22,5,0,0,11.25,2.75,2.30,0.034,0.108,0.583,83,13.81,7.57,3.66,1.50,0.817,0.875,0.361,0.546,0.724,0.805,0.530,0.350
streets,23,5,0,0,11.75,2.75,2.30,0.016,0.104,0.556,80,14.31,7.99,3.54,1.62,0.823,0.865,0.350,0.526,0.690,0.814,0.493,0.344
streets,24,5,0,0,12.25,2.75,2.30,-0.007,0.098,0.444,76,14.81,8.49,3.43,1.50,0.829,0.875,0.337,0.500,0.552,0.822,0.530,0.362
streets,29,5,0,0,14.75,2.75,2.51,0.127,0.000,0.000,0,19.80,12.32,3.00,0.00,0.850,1.000,0.416,0.000,0.000,0.854,1.000,0.446
streets,30,5,0,0,15.25,2.75,2.52,0.116,0.000,0.000,0,20.01,12.53,3.21,0.00,0.840,1.000,0.410,0.000,0.000,0.838,1.000,0.441
streets,31,5,0,0,15.75,2.75,2.50,0.081,0.003,0.056,2,20.03,12.56,3.24,0.50,0.838,0.958,0.389,0.013,0.069,0.836,0.843,0.403
streets,32,5,0,0,16.25,2.75,2.50,0.067,0.001,0.028,1,20.24,12.76,3.44,0.50,0.828,0.958,0.381,0.007,0.034,0.821,0.843,0.401
streets,34,5,0,0,17.25,2.75,2.50,0.044,0.006,0.056,5,23.67,16.19,6.67,0.78,0.667,0.935,0.367,0.033,0.069,0.585,0.756,0.337
streets,35,5,0,0,17.75,2.75,2.50,0.045,0.005,0.083,4,23.49,16.01,6.49,0.60,0.676,0.950,0.367,0.026,0.103,0.598,0.813,0.342
streets,36,5,0,0,18.25,2.75,2.50,0.071,0.006,0.139,5,23.67,16.19,6.67,0.60,0.667,0.950,0.383,0.033,0.172,0.585,0.813,0.335
streets,38,5,0,0,19.25,2.75,2.50,0.128,0.000,0.000,0,24.67,17.19,7.67,0.00,0.617,1.000,0.417,0.000,0.000,0.512,1.000,0.377
streets,39,5,0,0,19.75,2.75,2.50,0.146,0.000,0.000,0,25.17,17.69,8.17,0.00,0.592,1.000,0.428,0.000,0.000,0.475,1.000,0.373
streets,40,5,0,0,20.25,2.75,2.50,0.164,0.000,0.000,0,25.67,18.19,8.67,0.00,0.567,1.000,0.438,0.000,0.000,0.439,1.000,0.369
streets,41,5,0,0,20.75,2.75,2.50,0.178,0.000,0.000,0,26.17,18.69,9.17,0.00,0.542,1.000,0.446,0.000,0.000,0.402,1.000,0.364
streets,46,5,0,0,23.25,2.75,3.50,1.229,0.000,0.000,0,32.00,28.03,19.26,0.00,0.037,1.000,1.000,0.000,0.000,0.000,1.000,0.450
streets,47,5,0,0,23.75,2.75,1.92,-0.332,0.012,0.167,9,31.31,27.20,18.44,2.65,0.078,0.779,0.144,0.059,0.207,0.000,0.169,0.049
streets,48,5,0,0,24.25,2.75,1.93,-0.302,0.021,0.167,16,31.44,27.32,18.55,2.55,0.072,0.788,0.162,0.105,0.207,0.000,0.202,0.069
streets,-41,6,0,0,-20.25,3.25,1.60,0.330,0.021,0.028,16,22.36,13.29,11.73,0.50,0.413,0.958,0.537,0.105,0.034,0.214,0.843,0.346
streets,-40,6,0,0,-19.75,3.25,1.60,0.307,0.027,0.139,21,21.86,12.79,11.23,0.50,0.438,0.958,0.523,0.138,0.172,0.251,0.842,0.335
streets,-39,6,0,0,-19.25,3.25,1.60,0.266,0.031,0.222,24,21.36,12.29,10.73,0.50,0.463,0.958,0.499,0.158,0.276,0.288,0.842,0.324
streets,-38,6,0,0,-18.75,3.25,1.60,0.236,0.026,0.194,20,20.86,11.79,10.23,1.03,0.488,0.914,0.481,0.132,0.241,0.324,0.678,0.301
streets,-37,6,0,0,-18.25,3.25,2.01,0.619,0.017,0.083,13,20.28,11.21,9.65,0.85,0.518,0.929,0.708,0.086,0.103,0.367,0.734,0.398
streets,-36,6,0,0,-17.75,3.25,2.01,0.603,0.012,0.056,9,19.78,10.71,9.15,1.35,0.543,0.888,0.699,0.059,0.069,0.403,0.578,0.378
streets,-35,6,0,0,-17.25,3.25,1.58,0.163,0.012,0.056,9,19.19,10.12,8.56,1.93,0.572,0.839,0.438,0.059,0.069,0.446,0.394,0.281
streets,-34,6,0,0,-16.75,3.25,1.58,0.135,0.009,0.056,7,18.69,9.62,8.06,2.00,0.597,0.833,0.421,0.046,0.069,0.483,0.373,0.278
streets,-33,6,0,0,-16.25,3.25,1.60,0.111,0.009,0.056,7,18.19,9.12,7.56,1.50,0.622,0.875,0.407,0.046,0.069,0.520,0.530,0.304
streets,-32,6,0,0,-15.75,3.25,1.60,0.068,0.008,0.056,6,17.69,8.62,7.06,1.00,0.647,0.917,0.381,0.039,0.069,0.556,0.687,0.326
streets,-31,6,0,0,-15.25,3.25,1.60,0.079,0.009,0.056,7,17.19,8.12,6.56,0.50,0.672,0.958,0.388,0.046,0.069,0.593,0.843,0.360
streets,-30,6,0,0,-14.75,3.25,1.60,0.043,0.000,0.000,0,16.69,7.62,6.06,0.00,0.697,1.000,0.367,0.000,0.000,0.629,1.000,0.386
streets,-29,6,0,0,-14.25,3.25,3.22,1.615,0.022,0.083,17,17.01,7.99,6.38,1.90,0.681,0.841,1.000,0.112,0.103,0.606,0.403,0.488
streets,-28,6,0,0,-13.75,3.25,1.60,-0.045,0.000,0.000,0,15.69,6.62,5.06,0.00,0.747,1.000,0.314,0.000,0.000,0.703,1.000,0.385
streets,-28,6,1,0,-13.75,3.25,3.22,1.572,0.022,0.083,17,16.51,7.49,5.88,2.28,0.706,0.810,1.000,0.112,0.103,0.642,0.285,0.478
streets,-27,6,0,0,-13.25,3.25,1.60,-0.063,0.000,0.000,0,15.19,6.12,4.56,0.00,0.772,1.000,0.303,0.000,0.000,0.739,1.000,0.389
streets,-27,6,1,0,-13.25,3.25,3.21,1.554,0.018,0.111,14,16.01,6.99,5.38,2.21,0.731,0.816,1.000,0.092,0.138,0.679,0.308,0.480
streets,-26,6,0,0,-12.75,3.25,1.60,-0.069,0.000,0.000,0,14.69,5.62,4.06,0.00,0.797,1.000,0.300,0.000,0.000,0.776,1.000,0.395
streets,-26,6,1,0,-12.75,3.25,3.21,1.547,0.016,0.139,12,15.51,6.49,4.88,2.21,0.756,0.816,1.000,0.079,0.172,0.716,0.309,0.479
streets,-25,6,0,0,-12.25,3.25,1.60,-0.055,0.000,0.000,0,14.19,5.12,3.65,0.00,0.817,1.000,0.308,0.000,0.000,0.806,1.000,0.404
streets,-25,6,1,0,-12.25,3.25,3.21,1.563,0.014,0.111,11,15.05,6.22,4.40,1.66,0.780,0.861,1.000,0.072,0.138,0.751,0.478,0.516
streets,-24,6,0,0,-11.75,3.25,1.63,-0.010,0.041,0.167,32,13.69,4.62,3.24,0.50,0.838,0.958,0.335,0.211,0.207,0.836,0.843,0.405
streets,-23,6,0,0,-11.25,3.25,1.58,-0.013,0.062,0.389,48,13.19,4.12,2.83,1.00,0.859,0.917,0.333,0.316,0.483,0.866,0.687,0.367
streets,-22,6,0,0,-10.75,3.25,1.58,0.038,0.076,0.444,59,12.69,3.62,2.53,0.71,0.873,0.941,0.364,0.388,0.552,0.888,0.778,0.398
streets,-21,6,0,0,-10.25,3.25,1.58,0.094,0.097,0.472,75,12.19,3.12,2.24,1.12,0.888,0.907,0.397,0.493,0.586,0.910,0.650,0.409
streets,-20,6,0,0,-9.75,3.25,1.58,0.144,0.106,0.500,82,11.69,2.62,2.12,1.12,0.894,0.907,0.427,0.539,0.621,0.918,0.650,0.424
streets,-19,6,0,0,-9.25,3.25,1.58,0.180,0.104,0.583,80,11.19,2.12,2.00,1.62,0.900,0.865,0.448,0.526,0.724,0.927,0.493,0.390
streets,-18,6,0,0,-8.75,3.25,1.58,0.204,0.098,0.556,76,10.69,1.62,2.12,2.00,0.894,0.833,0.462,0.500,0.690,0.918,0.373,0.375
streets,-17,6,0,0,-8.25,3.25,1.58,0.229,0.083,0.611,64,10.19,1.12,2.24,1.62,0.888,0.865,0.477,0.421,0.759,0.910,0.493,0.369
streets,-16,6,0,0,-7.75,3.25,1.58,0.263,0.074,0.528,57,9.69,0.71,2.53,1.12,0.873,0.907,0.497,0.375,0.655,0.888,0.650,0.401
streets,-15,6,0,0,-7.25,3.25,1.63,0.368,0.069,0.444,53,9.57,0.50,2.83,1.00,0.859,0.917,0.559,0.349,0.552,0.866,0.686,0.431
streets,-12,6,0,0,-5.75,3.25,0.60,-0.447,0.014,0.139,11,7.28,4.12,1.12,0.50,0.944,0.958,0.076,0.072,0.172,0.991,0.843,0.336
streets,-11,6,0,0,-5.25,3.25,0.60,-0.370,0.018,0.250,14,6.78,4.33,1.00,0.50,0.950,0.958,0.121,0.092,0.310,1.000,0.843,0.335
streets,-10,6,0,0,-4.75,3.25,0.60,-0.306,0.018,0.222,14,6.28,4.74,1.12,0.50,0.944,0.958,0.160,0.092,0.276,0.991,0.843,0.350
streets,-9,6,0,0,-4.25,3.25,0.60,-0.240,0.018,0.222,14,5.78,5.24,1.41,0.50,0.929,0.958,0.198,0.092,0.276,0.970,0.843,0.357
streets,-8,6,0,0,-3.75,3.25,0.60,-0.178,0.000,0.000,0,5.29,5.29,1.83,0.00,0.909,1.000,0.235,0.000,0.000,0.940,1.000,0.408
streets,-7,6,0,0,-3.25,3.25,0.60,-0.119,0.018,0.111,14,4.88,4.88,2.24,0.50,0.888,0.958,0.271,0.092,0.138,0.910,0.843,0.387
streets,-7,6,1,0,-3.25,3.25,2.70,1.977,0.014,0.139,11,5.93,5.93,4.27,1.49,0.786,0.876,1.000,0.072,0.172,0.760,0.533,0.521
streets,-6,6,0,0,-2.75,3.25,2.79,2.129,0.017,0.222,13,5.42,5.42,4.59,1.30,0.770,0.892,1.000,0.086,0.276,0.737,0.592,0.512
streets,-5,6,0,0,-2.25,3.25,1.59,0.986,0.041,0.222,32,4.85,4.85,3.82,1.48,0.809,0.877,0.926,0.211,0.276,0.793,0.536,0.518
streets,-4,6,0,0,-1.75,3.25,0.40,-0.170,0.139,0.500,107,2.83,2.83,2.00,1.01,0.900,0.916,0.240,0.704,0.621,0.927,0.683,0.408
streets,-3,6,0,0,-1.25,3.25,0.40,-0.153,0.144,0.556,111,2.53,2.53,1.50,1.22,0.925,0.899,0.250,0.730,0.690,0.963,0.619,0.403
streets,-2,6,0,0,-0.75,3.25,0.40,-0.168,0.136,0.611,105,2.24,2.24,1.00,1.63,0.950,0.864,0.241,0.691,0.759,1.000,0.490,0.370
streets,-1,6,0,0,-0.25,3.25,0.40,-0.201,0.136,0.694,105,2.12,2.12,0.50,2.12,0.975,0.823,0.222,0.691,0.862,1.000,0.335,0.326
streets,0,6,0,0,0.25,3.25,0.40,-0.257,0.137,0.667,106,2.00,2.00,0.00,2.00,1.000,0.833,0.189,0.697,0.828,1.000,0.373,0.328
streets,1,6,0,0,0.75,3.25,0.40,-0.308,0.137,0.639,106,2.12,2.12,0.50,1.50,0.975,0.875,0.158,0.697,0.793,1.000,0.530,0.348
streets,2,6,0,0,1.25,3.25,0.41,-0.340,0.137,0.583,106,2.24,2.24,1.00,1.00,0.950,0.917,0.139,0.697,0.724,1.000,0.687,0.376
streets,3,6,0,0,1.75,3.25,0.40,-0.382,0.130,0.528,100,2.53,2.53,1.50,0.50,0.925,0.958,0.114,0.658,0.655,0.963,0.843,0.387
streets,4,6,0,0,2.25,3.25,0.42,-0.432,0.063,0.333,49,2.83,2.83,2.00,0.50,0.900,0.958,0.085,0.322,0.414,0.927,0.843,0.340
streets,5,6,0,0,2.75,3.25,0.41,-0.524,0.049,0.222,38,3.24,3.24,2.50,0.50,0.875,0.958,0.030,0.250,0.276,0.890,0.843,0.322
streets,8,6,0,0,4.25,3.25,2.10,0.901,0.023,0.111,18,7.15,7.15,6.23,0.50,0.688,0.958,0.875,0.118,0.138,0.617,0.843,0.515
streets,9,6,0,0,4.75,3.25,2.10,0.778,0.044,0.167,34,7.36,7.36,6.44,0.50,0.678,0.958,0.803,0.224,0.207,0.602,0.843,0.501
streets,10,6,0,0,5.25,3.25,2.10,0.651,0.048,0.167,37,7.77,7.77,6.85,1.00,0.657,0.917,0.727,0.243,0.207,0.572,0.687,0.453
streets,11,6,0,0,5.75,3.25,2.10,0.529,0.049,0.194,38,8.18,8.18,7.27,0.50,0.637,0.958,0.655,0.250,0.241,0.541,0.843,0.445
streets,12,6,0,0,6.25,3.25,2.10,0.405,0.000,0.000,0,8.68,7.73,6.79,0.00,0.661,1.000,0.581,0.000,0.000,0.576,1.000,0.440
streets,14,6,0,0,7.25,3.25,2.22,0.344,0.009,0.083,7,9.69,6.73,5.78,0.72,0.711,0.940,0.545,0.046,0.103,0.650,0.775,0.404
streets,15,6,0,0,7.75,3.25,2.32,0.382,0.040,0.222,31,10.20,6.22,5.27,0.50,0.737,0.958,0.567,0.204,0.276,0.687,0.843,0.434
streets,16,6,0,0,8.25,3.25,2.32,0.324,0.041,0.250,32,10.70,6.34,5.15,0.50,0.742,0.958,0.533,0.211,0.310,0.696,0.843,0.421
streets,17,6,0,0,8.75,3.25,2.32,0.266,0.048,0.361,37,11.20,6.45,4.94,0.50,0.753,0.958,0.499,0.243,0.448,0.711,0.843,0.400
streets,18,6,0,0,9.25,3.25,2.32,0.224,0.052,0.500,40,11.70,6.66,5.12,0.71,0.744,0.941,0.474,0.263,0.621,0.698,0.778,0.358
streets,19,6,0,0,9.75,3.25,2.34,0.199,0.065,0.528,50,12.20,7.05,4.62,0.50,0.769,0.958,0.459,0.329,0.655,0.735,0.843,0.379
streets,20,6,0,0,10.25,3.25,2.30,0.129,0.109,0.583,84,12.70,7.16,4.50,0.71,0.775,0.941,0.417,0.553,0.724,0.744,0.778,0.393
streets,21,6,0,0,10.75,3.25,2.30,0.097,0.119,0.611,92,13.20,7.46,4.37,1.00,0.782,0.917,0.399,0.605,0.759,0.753,0.687,0.381
streets,22,6,0,0,11.25,3.25,2.30,0.073,0.120,0.583,93,13.70,7.87,4.16,1.50,0.792,0.875,0.384,0.612,0.724,0.769,0.530,0.362
streets,23,6,0,0,11.75,3.25,2.30,0.048,0.119,0.556,92,14.20,8.28,4.04,2.00,0.798,0.833,0.369,0.605,0.690,0.777,0.373,0.340
streets,24,6,0,0,12.25,3.25,2.30,0.027,0.106,0.472,82,14.70,8.69,3.93,2.00,0.804,0.833,0.357,0.539,0.586,0.786,0.373,0.340
streets,26,6,0,0,13.25,3.25,2.52,0.206,0.000,0.000,0,21.80,14.32,5.00,0.00,0.750,1.000,0.463,0.000,0.000,0.707,1.000,0.430
streets,27,6,0,0,13.75,3.25,2.52,0.196,0.000,0.000,0,21.30,13.82,4.50,0.00,0.775,1.000,0.457,0.000,0.000,0.744,1.000,0.436
streets,28,6,0,0,14.25,3.25,2.52,0.184,0.000,0.000,0,20.80,13.32,4.00,0.00,0.800,1.000,0.450,0.000,0.000,0.780,1.000,0.441
streets,29,6,0,0,14.75,3.25,2.52,0.171,0.000,0.000,0,20.30,12.82,3.50,0.00,0.825,1.000,0.442,0.000,0.000,0.817,1.000,0.446
streets,34,6,0,0,17.25,3.25,2.50,0.104,0.006,0.083,5,23.89,16.41,6.89,0.60,0.656,0.950,0.403,0.033,0.103,0.569,0.813,0.348
streets,35,6,0,0,17.75,3.25,2.83,0.431,0.000,0.000,0,23.29,15.81,6.29,0.00,0.685,1.000,0.597,0.000,0.000,0.613,1.000,0.451
streets,37,6,0,0,18.75,3.25,2.95,0.602,0.000,0.000,0,24.30,16.82,7.30,0.00,0.635,1.000,0.698,0.000,0.000,0.539,1.000,0.467
streets,38,6,0,0,19.25,3.25,2.50,0.168,0.000,0.000,0,24.79,17.31,7.79,0.00,0.611,1.000,0.441,0.000,0.000,0.503,1.000,0.383
streets,39,6,0,0,19.75,3.25,2.50,0.180,0.000,0.000,0,25.29,17.81,8.29,0.00,0.586,1.000,0.448,0.000,0.000,0.466,1.000,0.378
streets,40,6,0,0,20.25,3.25,2.50,0.191,0.000,0.000,0,25.79,18.31,8.79,0.00,0.561,1.000,0.454,0.000,0.000,0.430,1.000,0.372
streets,41,6,0,0,20.75,3.25,2.50,0.199,0.000,0.000,0,26.29,18.81,9.29,0.00,0.536,1.000,0.459,0.000,0.000,0.393,1.000,0.366
streets,46,6,0,0,23.25,3.25,3.30,1.050,0.019,0.250,15,31.46,27.53,19.67,0.54,0.016,0.955,0.964,0.099,0.310,0.000,0.831,0.387
streets,47,6,0,0,23.75,3.25,1.89,-0.344,0.017,0.278,13,30.81,26.88,18.94,3.15,0.053,0.737,0.137,0.086,0.345,0.000,0.012,0.008
streets,48,6,0,0,24.25,3.25,1.89,-0.315,0.019,0.194,15,30.94,27.01,19.05,2.49,0.047,0.792,0.154,0.099,0.241,0.000,0.220,0.063
streets,-43,7,0,0,-21.25,3.75,3.12,1.833,0.000,0.000,0,25.74,16.67,15.12,0.00,0.244,1.000,1.000,0.000,0.000,0.000,1.000,0.450
streets,-41,7,0,0,-20.25,3.75,1.58,0.309,0.010,0.083,8,22.31,13.24,11.68,1.41,0.416,0.882,0.524,0.053,0.103,0.218,0.557,0.279
streets,-40,7,0,0,-19.75,3.75,1.58,0.276,0.019,0.194,15,21.81,12.74,11.18,0.71,0.441,0.941,0.505,0.099,0.241,0.255,0.778,0.303
streets,-39,7,0,0,-19.25,3.75,1.58,0.230,0.021,0.222,16,21.31,12.24,10.68,1.12,0.466,0.907,0.477,0.105,0.276,0.291,0.650,0.279
streets,-38,7,0,0,-18.75,3.75,1.58,0.198,0.021,0.250,16,20.81,11.74,10.18,1.20,0.491,0.900,0.458,0.105,0.310,0.328,0.625,0.271
streets,-37,7,0,0,-18.25,3.75,1.58,0.180,0.016,0.222,12,20.31,11.24,9.68,2.14,0.516,0.822,0.447,0.079,0.276,0.364,0.329,0.231
streets,-36,7,0,0,-17.75,3.75,1.58,0.127,0.010,0.194,8,19.81,10.74,9.18,1.41,0.541,0.882,0.416,0.053,0.241,0.401,0.557,0.263
streets,-35,7,0,0,-17.25,3.75,1.58,0.111,0.010,0.167,8,19.31,10.24,8.68,1.91,0.566,0.840,0.407,0.053,0.207,0.438,0.400,0.249
streets,-34,7,0,0,-16.75,3.75,1.60,0.095,0.009,0.167,7,18.81,9.74,8.18,2.12,0.591,0.823,0.397,0.046,0.207,0.474,0.336,0.243
streets,-33,7,0,0,-16.25,3.75,1.58,0.031,0.009,0.167,7,18.31,9.24,7.68,1.62,0.616,0.865,0.360,0.046,0.207,0.511,0.493,0.262
streets,-32,7,0,0,-15.75,3.75,1.58,-0.029,0.010,0.167,8,17.81,8.74,7.18,1.12,0.641,0.907,0.323,0.053,0.207,0.547,0.650,0.283
streets,-31,7,0,0,-15.25,3.75,1.58,-0.052,0.010,0.139,8,17.40,8.33,6.77,0.71,0.662,0.941,0.310,0.053,0.172,0.578,0.778,0.310
streets,-28,7,0,0,-13.75,3.75,1.58,-0.160,0.000,0.000,0,15.57,6.74,4.95,0.00,0.753,1.000,0.246,0.000,0.000,0.711,1.000,0.366
streets,-27,7,0,0,-13.25,3.75,1.58,-0.172,0.028,0.139,22,15.07,6.24,4.45,0.50,0.778,0.958,0.239,0.145,0.172,0.748,0.843,0.351
streets,-26,7,0,0,-12.75,3.75,1.58,-0.168,0.031,0.167,24,14.57,5.74,3.95,0.50,0.803,0.958,0.241,0.158,0.207,0.784,0.843,0.356
streets,-25,7,0,0,-12.25,3.75,1.58,-0.160,0.035,0.222,27,14.07,5.24,3.45,0.50,0.828,0.958,0.246,0.178,0.276,0.821,0.843,0.359
streets,-24,7,0,0,-11.75,3.75,1.63,-0.082,0.051,0.389,39,13.57,4.74,2.94,0.71,0.853,0.941,0.292,0.257,0.483,0.858,0.778,0.355
streets,-23,7,0,0,-11.25,3.75,1.58,-0.083,0.075,0.444,58,13.07,4.24,2.53,1.00,0.873,0.917,0.292,0.382,0.552,0.888,0.687,0.362
streets,-22,7,0,0,-10.75,3.75,1.58,-0.034,0.087,0.556,67,12.57,3.74,2.12,1.00,0.894,0.917,0.320,0.441,0.690,0.918,0.687,0.367
streets,-21,7,0,0,-10.25,3.75,1.58,0.012,0.095,0.556,73,12.07,3.24,1.83,1.41,0.909,0.882,0.348,0.480,0.690,0.940,0.557,0.368
streets,-20,7,0,0,-9.75,3.75,1.58,0.061,0.109,0.556,84,11.57,2.74,1.62,1.41,0.919,0.882,0.377,0.553,0.690,0.955,0.557,0.395
streets,-19,7,0,0,-9.25,3.75,1.58,0.103,0.110,0.583,85,11.07,2.24,1.50,1.83,0.925,0.848,0.402,0.559,0.724,0.963,0.428,0.381
streets,-18,7,0,0,-8.75,3.75,1.58,0.136,0.110,0.667,85,10.57,1.83,1.62,2.00,0.919,0.833,0.422,0.559,0.828,0.955,0.373,0.361
streets,-17,7,0,0,-8.25,3.75,1.58,0.163,0.098,0.556,76,10.07,1.41,1.83,1.50,0.909,0.875,0.438,0.500,0.690,0.940,0.530,0.395
streets,-16,7,0,0,-7.75,3.75,1.58,0.194,0.091,0.611,70,9.57,1.12,2.12,1.00,0.894,0.917,0.456,0.461,0.759,0.918,0.687,0.402
streets,-15,7,0,0,-7.25,3.75,1.60,0.263,0.085,0.611,66,9.07,1.00,2.50,1.07,0.875,0.911,0.497,0.434,0.759,0.890,0.664,0.400
streets,-14,7,0,0,-6.75,3.75,1.60,0.320,0.048,0.472,37,8.57,1.21,2.00,0.64,0.900,0.947,0.530,0.243,0.586,0.927,0.801,0.425
streets,-13,7,0,0,-6.25,3.75,1.99,0.782,0.016,0.111,12,8.37,1.84,1.79,0.50,0.911,0.958,0.804,0.079,0.138,0.943,0.843,0.551
streets,-12,7,0,0,-5.75,3.75,0.60,-0.545,0.043,0.306,33,7.16,3.62,0.71,0.50,0.965,0.958,0.018,0.217,0.379,1.000,0.843,0.318
streets,-11,7,0,0,-5.25,3.75,0.60,-0.470,0.039,0.306,30,6.66,4.12,0.50,0.50,0.975,0.958,0.062,0.197,0.379,1.000,0.843,0.328
streets,-10,7,0,0,-4.75,3.75,0.60,-0.397,0.038,0.306,29,6.16,4.62,0.71,0.50,0.965,0.958,0.106,0.191,0.379,1.000,0.843,0.339
streets,-9,7,0,0,-4.25,3.75,0.60,-0.329,0.036,0.278,28,5.66,5.12,1.12,0.50,0.944,0.958,0.146,0.184,0.345,0.991,0.843,0.354
streets,-8,7,0,0,-3.75,3.75,0.60,-0.264,0.040,0.333,31,5.16,5.16,1.62,0.50,0.919,0.958,0.184,0.204,0.414,0.955,0.843,0.351
streets,-7,7,0,0,-3.25,3.75,0.60,-0.203,0.041,0.333,32,4.66,4.66,2.12,0.50,0.894,0.958,0.220,0.211,0.414,0.918,0.843,0.356
streets,-6,7,0,0,-2.75,3.75,0.62,-0.125,0.056,0.417,43,4.17,4.17,2.62,0.71,0.869,0.941,0.267,0.283,0.517,0.882,0.778,0.352
streets,-5,7,0,0,-2.25,3.75,0.50,-0.199,0.069,0.389,53,3.65,3.65,2.62,1.12,0.869,0.906,0.223,0.349,0.483,0.881,0.648,0.338
streets,-4,7,0,0,-1.75,3.75,0.40,-0.254,0.161,0.639,124,3.24,3.24,2.12,0.51,0.894,0.957,0.190,0.816,0.793,0.918,0.840,0.411
streets,-3,7,0,0,-1.25,3.75,0.40,-0.243,0.159,0.639,123,2.94,2.94,1.62,1.01,0.919,0.916,0.197,0.809,0.793,0.955,0.685,0.396
streets,-2,7,0,0,-0.75,3.75,0.40,-0.261,0.149,0.722,115,2.74,2.74,1.12,1.51,0.944,0.875,0.186,0.757,0.897,0.991,0.528,0.350
streets,-1,7,0,0,-0.25,3.75,0.40,-0.289,0.140,0.667,108,2.62,2.62,0.71,2.01,0.965,0.833,0.170,0.711,0.828,1.000,0.372,0.325
streets,0,7,0,0,0.25,3.75,0.41,-0.325,0.136,0.722,105,2.50,2.50,0.50,2.12,0.975,0.823,0.148,0.691,0.897,1.000,0.336,0.299
streets,1,7,0,0,0.75,3.75,0.40,-0.376,0.139,0.667,107,2.62,2.62,0.71,1.62,0.965,0.865,0.118,0.704,0.828,1.000,0.493,0.326
streets,2,7,0,0,1.25,3.75,0.40,-0.401,0.132,0.583,102,2.74,2.74,1.12,1.12,0.944,0.907,0.103,0.671,0.724,0.991,0.650,0.352
streets,3,7,0,0,1.75,3.75,0.40,-0.432,0.130,0.556,100,2.94,2.94,1.62,0.71,0.919,0.941,0.085,0.658,0.690,0.955,0.778,0.361
streets,4,7,0,0,2.25,3.75,0.42,-0.477,0.101,0.444,78,3.24,3.24,2.12,0.71,0.894,0.941,0.058,0.513,0.552,0.918,0.778,0.338
streets,5,7,0,0,2.75,3.75,0.41,-0.559,0.058,0.278,45,3.54,3.54,2.62,1.00,0.869,0.917,0.010,0.296,0.345,0.882,0.687,0.290
streets,7,7,0,0,3.75,3.75,2.60,1.467,0.000,0.000,0,5.94,5.94,5.03,0.00,0.749,1.000,1.000,0.000,0.000,0.705,1.000,0.591
streets,8,7,0,0,4.25,3.75,2.10,0.863,0.036,0.306,28,6.65,6.65,5.73,0.50,0.713,0.958,0.853,0.184,0.379,0.653,0.843,0.493
streets,9,7,0,0,4.75,3.75,2.09,0.742,0.070,0.250,54,7.07,7.07,6.15,0.50,0.693,0.958,0.781,0.355,0.310,0.623,0.843,0.510
streets,10,7,0,0,5.25,3.75,2.10,0.631,0.073,0.250,56,7.57,7.57,6.65,1.00,0.668,0.917,0.715,0.368,0.310,0.586,0.687,0.462
streets,11,7,0,0,5.75,3.75,2.10,0.525,0.069,0.250,53,8.07,8.07,7.15,0.50,0.643,0.958,0.652,0.349,0.310,0.550,0.843,0.455
streets,12,7,0,0,6.25,3.75,2.10,0.423,0.000,0.000,0,8.57,7.85,6.90,0.00,0.655,1.000,0.592,0.000,0.000,0.568,1.000,0.441
streets,13,7,0,0,6.75,3.75,2.10,0.324,0.000,0.000,0,9.07,7.36,6.41,0.00,0.680,1.000,0.533,0.000,0.000,0.604,1.000,0.431
streets,14,7,0,0,7.25,3.75,2.22,0.366,0.036,0.250,28,9.57,6.93,5.98,0.50,0.701,0.958,0.558,0.184,0.310,0.635,0.843,0.411
streets,15,7,0,0,7.75,3.75,2.32,0.406,0.043,0.306,33,10.08,6.72,5.77,0.71,0.712,0.940,0.582,0.217,0.379,0.651,0.776,0.408
streets,16,7,0,0,8.25,3.75,2.32,0.355,0.048,0.361,37,10.58,6.84,5.56,1.00,0.722,0.917,0.551,0.243,0.448,0.666,0.687,0.383
streets,17,7,0,0,8.75,3.75,2.32,0.297,0.057,0.528,44,11.08,6.95,5.44,1.00,0.728,0.917,0.517,0.289,0.655,0.675,0.687,0.353
streets,18,7,0,0,9.25,3.75,2.32,0.251,0.063,0.611,49,11.58,7.07,5.33,1.12,0.734,0.907,0.490,0.322,0.759,0.683,0.650,0.332
streets,19,7,0,0,9.75,3.75,2.30,0.200,0.076,0.583,59,12.08,7.37,5.12,1.00,0.744,0.917,0.459,0.388,0.724,0.699,0.687,0.350
streets,20,7,0,0,10.25,3.75,2.30,0.168,0.118,0.667,91,12.58,7.66,5.00,0.71,0.750,0.941,0.440,0.599,0.828,0.707,0.778,0.386
streets,21,7,0,0,10.75,3.75,2.30,0.138,0.118,0.611,91,13.08,7.87,4.78,1.12,0.761,0.907,0.423,0.599,0.759,0.723,0.650,0.375
streets,22,7,0,0,11.25,3.75,2.30,0.112,0.126,0.667,97,13.58,8.17,4.66,1.62,0.767,0.865,0.407,0.638,0.828,0.732,0.493,0.346
streets,23,7,0,0,11.75,3.75,2.30,0.085,0.124,0.639,96,14.08,8.58,4.54,2.00,0.773,0.833,0.392,0.632,0.793,0.741,0.373,0.329
streets,24,7,0,0,12.25,3.75,2.30,0.058,0.115,0.500,89,14.58,8.99,4.43,2.50,0.779,0.792,0.375,0.586,0.621,0.749,0.217,0.319
streets,26,7,0,0,13.25,3.75,2.50,0.219,0.000,0.000,0,21.92,14.44,5.12,0.00,0.744,1.000,0.471,0.000,0.000,0.698,1.000,0.431
streets,27,7,0,0,13.75,3.75,2.50,0.206,0.004,0.056,3,21.42,13.94,4.62,0.50,0.769,0.958,0.463,0.020,0.069,0.735,0.843,0.406
streets,28,7,0,0,14.25,3.75,2.50,0.198,0.004,0.083,3,21.01,13.53,4.21,0.50,0.790,0.958,0.458,0.020,0.103,0.765,0.843,0.405
streets,29,7,0,0,14.75,3.75,2.50,0.191,0.004,0.083,3,20.80,13.32,4.00,0.50,0.800,0.958,0.454,0.020,0.103,0.780,0.843,0.407
streets,30,7,0,0,15.25,3.75,2.50,0.181,0.004,0.083,3,20.92,13.44,4.12,0.71,0.794,0.941,0.448,0.020,0.103,0.772,0.778,0.394
streets,31,7,0,0,15.75,3.75,2.50,0.175,0.005,0.111,4,21.03,13.56,4.24,1.00,0.788,0.917,0.445,0.026,0.138,0.763,0.687,0.374
streets,32,7,0,0,16.25,3.75,2.50,0.171,0.004,0.083,3,21.15,13.67,4.35,0.50,0.782,0.958,0.442,0.020,0.103,0.754,0.843,0.398
streets,33,7,0,0,16.75,3.75,2.50,0.168,0.000,0.000,0,21.36,13.88,4.56,0.00,0.772,1.000,0.441,0.000,0.000,0.739,1.000,0.430
streets,34,7,0,0,17.25,3.75,2.50,0.171,0.009,0.111,7,24.07,16.59,7.07,0.52,0.647,0.957,0.442,0.046,0.138,0.556,0.837,0.358
streets,35,7,0,0,17.75,3.75,2.64,0.308,0.000,0.000,0,23.82,16.35,6.82,0.00,0.659,1.000,0.523,0.000,0.000,0.574,1.000,0.422
streets,36,7,0,0,18.25,3.75,2.50,0.187,0.008,0.167,6,24.07,16.59,7.07,0.52,0.647,0.957,0.452,0.039,0.207,0.556,0.837,0.349
streets,38,7,0,0,19.25,3.75,2.50,0.210,0.004,0.083,3,25.07,17.59,8.07,0.50,0.597,0.958,0.466,0.020,0.103,0.482,0.843,0.351
streets,39,7,0,0,19.75,3.75,2.50,0.216,0.003,0.056,2,25.50,18.02,8.49,0.50,0.575,0.958,0.469,0.013,0.069,0.451,0.843,0.350
streets,40,7,0,0,20.25,3.75,2.50,0.220,0.003,0.056,2,25.91,18.43,8.91,0.50,0.555,0.958,0.472,0.013,0.069,0.421,0.843,0.344
streets,41,7,0,0,20.75,3.75,2.50,0.229,0.003,0.056,2,26.41,18.93,9.41,0.50,0.530,0.958,0.477,0.013,0.069,0.385,0.843,0.339
streets,46,7,0,0,23.25,3.75,1.88,-0.349,0.013,0.194,10,30.19,26.26,19.94,3.47,0.003,0.711,0.134,0.066,0.241,0.000,0.000,0.017
streets,47,7,0,0,23.75,3.75,1.85,-0.352,0.017,0.250,13,30.31,26.38,19.44,3.60,0.028,0.700,0.132,0.086,0.310,0.000,0.000,0.010
streets,48,7,0,0,24.25,3.75,1.85,-0.322,0.021,0.222,16,30.44,26.51,19.55,2.08,0.022,0.827,0.150,0.105,0.276,0.000,0.349,0.077
streets,-43,8,0,0,-21.25,4.25,3.12,1.780,0.000,0.000,0,25.81,16.74,15.18,0.00,0.241,1.000,1.000,0.000,0.000,0.000,1.000,0.450
streets,-23,8,0,0,-11.25,4.25,1.58,-0.129,0.066,0.417,51,13.16,4.36,2.24,1.12,0.888,0.907,0.264,0.336,0.517,0.910,0.649,0.348
streets,-22,8,0,0,-10.75,4.25,1.58,-0.086,0.084,0.500,65,12.66,3.86,1.83,1.12,0.909,0.907,0.290,0.428,0.621,0.940,0.649,0.365
streets,-21,8,0,0,-10.25,4.25,1.58,-0.044,0.087,0.556,67,12.16,3.36,1.41,1.62,0.929,0.865,0.315,0.441,0.690,0.970,0.493,0.347
streets,-20,8,0,0,-9.75,4.25,1.58,0.007,0.105,0.500,81,11.66,2.94,1.12,1.13,0.944,0.906,0.345,0.533,0.621,0.991,0.645,0.412
streets,-19,8,0,0,-9.25,4.25,1.58,0.043,0.115,0.611,89,11.16,2.53,1.00,1.42,0.950,0.881,0.366,0.586,0.759,1.000,0.554,0.396
streets,-18,8,0,0,-8.75,4.25,1.58,0.069,0.115,0.611,89,10.66,2.12,1.12,1.41,0.944,0.882,0.382,0.586,0.759,0.991,0.557,0.400
streets,-17,8,0,0,-8.25,4.25,1.58,0.092,0.108,0.639,83,10.16,1.83,1.41,1.62,0.929,0.865,0.395,0.546,0.793,0.970,0.493,0.377
streets,-16,8,0,0,-7.75,4.25,1.58,0.125,0.097,0.583,75,9.66,1.62,1.83,1.12,0.909,0.907,0.415,0.493,0.724,0.940,0.650,0.400
streets,-15,8,0,0,-7.25,4.25,1.60,0.191,0.093,0.556,72,9.16,1.50,2.24,0.71,0.888,0.941,0.454,0.474,0.690,0.909,0.778,0.426
streets,-14,8,0,0,-6.75,4.25,1.60,0.245,0.060,0.417,46,8.66,1.62,1.91,0.64,0.904,0.947,0.486,0.303,0.517,0.933,0.801,0.436
streets,-13,8,0,0,-6.25,4.25,1.99,0.697,0.000,0.000,0,8.45,1.96,1.71,0.00,0.914,1.000,0.754,0.000,0.000,0.948,1.000,0.566
streets,-12,8,0,0,-5.75,4.25,0.60,-0.633,0.057,0.278,44,7.28,3.70,0.50,1.00,0.975,0.917,0.000,0.289,0.345,1.000,0.687,0.309
streets,-11,8,0,0,-5.25,4.25,0.60,-0.558,0.051,0.306,39,6.78,4.20,0.00,1.00,1.000,0.917,0.010,0.257,0.379,1.000,0.687,0.300
streets,-10,8,0,0,-4.75,4.25,0.60,-0.478,0.044,0.278,34,6.28,4.70,0.50,1.00,0.975,0.917,0.057,0.224,0.345,1.000,0.687,0.313
streets,-9,8,0,0,-4.25,4.25,0.60,-0.406,0.045,0.250,35,5.78,5.20,1.00,1.00,0.950,0.917,0.100,0.230,0.310,1.000,0.687,0.332
streets,-8,8,0,0,-3.75,4.25,0.60,-0.338,0.045,0.278,35,5.28,5.28,1.50,1.00,0.925,0.917,0.140,0.230,0.345,0.963,0.687,0.332
streets,-7,8,0,0,-3.25,4.25,0.60,-0.282,0.047,0.278,36,4.78,4.78,2.00,1.00,0.900,0.917,0.174,0.237,0.345,0.927,0.687,0.336
streets,-6,8,0,0,-2.75,4.25,0.62,-0.204,0.054,0.333,42,4.37,4.37,2.50,1.12,0.875,0.907,0.220,0.276,0.414,0.890,0.650,0.335
streets,-5,8,0,0,-2.25,4.25,0.50,-0.276,0.074,0.444,57,3.95,3.95,2.74,1.42,0.863,0.882,0.177,0.375,0.552,0.873,0.556,0.303
streets,-4,8,0,0,-1.75,4.25,0.40,-0.342,0.155,0.556,120,3.65,3.65,2.24,0.51,0.888,0.957,0.138,0.789,0.690,0.910,0.840,0.404
streets,-3,8,0,0,-1.25,4.25,0.40,-0.325,0.162,0.611,125,3.35,3.35,1.83,1.01,0.909,0.916,0.148,0.822,0.759,0.940,0.685,0.386
streets,-2,8,0,0,-0.75,4.25,0.40,-0.349,0.153,0.694,118,3.24,3.24,1.41,1.51,0.929,0.875,0.134,0.776,0.862,0.970,0.528,0.339
streets,-1,8,0,0,-0.25,4.25,0.40,-0.366,0.145,0.667,112,3.12,3.12,1.12,2.01,0.944,0.833,0.124,0.737,0.828,0.991,0.372,0.314
streets,0,8,0,0,0.25,4.25,0.40,-0.394,0.137,0.611,106,3.00,3.00,1.00,1.83,0.950,0.847,0.107,0.697,0.759,1.000,0.425,0.322
streets,1,8,0,0,0.75,4.25,0.40,-0.433,0.142,0.583,110,3.12,3.12,1.12,1.63,0.944,0.864,0.084,0.724,0.724,0.991,0.490,0.333
streets,2,8,0,0,1.25,4.25,0.40,-0.448,0.142,0.556,110,3.24,3.24,1.41,1.41,0.929,0.882,0.075,0.724,0.690,0.970,0.557,0.341
streets,3,8,0,0,1.75,4.25,0.40,-0.474,0.133,0.528,103,3.35,3.35,1.83,1.00,0.909,0.917,0.060,0.678,0.655,0.940,0.687,0.346
streets,4,8,0,0,2.25,4.25,0.42,-0.511,0.110,0.389,85,3.65,3.65,2.24,1.00,0.888,0.917,0.038,0.559,0.483,0.909,0.687,0.336
streets,5,8,0,0,2.75,4.25,0.41,-0.582,0.063,0.306,49,3.95,3.95,2.74,1.50,0.863,0.875,0.000,0.322,0.379,0.873,0.530,0.262
streets,8,8,0,0,4.25,4.25,2.10,0.847,0.000,0.000,0,7.15,7.15,6.23,0.00,0.688,1.000,0.843,0.000,0.000,0.617,1.000,0.526
streets,9,8,0,0,4.75,4.25,2.10,0.749,0.052,0.278,40,7.17,7.17,6.25,0.50,0.687,0.958,0.785,0.263,0.345,0.616,0.843,0.486
streets,10,8,0,0,5.25,4.25,2.10,0.644,0.058,0.222,45,7.67,7.67,6.75,0.71,0.662,0.941,0.723,0.296,0.276,0.579,0.778,0.467
streets,11,8,0,0,5.75,4.25,2.10,0.542,0.060,0.250,46,8.17,8.17,7.25,0.50,0.637,0.958,0.663,0.303,0.310,0.542,0.843,0.448
streets,12,8,0,0,6.25,4.25,2.10,0.445,0.000,0.000,0,8.67,8.06,7.11,0.00,0.645,1.000,0.605,0.000,0.000,0.553,1.000,0.442
streets,13,8,0,0,6.75,4.25,2.10,0.350,0.000,0.000,0,9.17,7.65,6.70,0.00,0.665,1.000,0.549,0.000,0.000,0.583,1.000,0.431
streets,14,8,0,0,7.25,4.25,2.22,0.399,0.022,0.167,17,9.68,7.34,6.39,0.52,0.680,0.957,0.577,0.112,0.207,0.605,0.839,0.411
streets,15,8,0,0,7.75,4.25,2.32,0.439,0.044,0.306,34,10.19,7.22,6.27,0.51,0.687,0.958,0.601,0.224,0.379,0.614,0.840,0.417
streets,16,8,0,0,8.25,4.25,2.32,0.385,0.051,0.389,39,10.68,7.34,6.06,1.00,0.697,0.916,0.569,0.257,0.483,0.629,0.685,0.378
streets,17,8,0,0,8.75,4.25,2.32,0.330,0.063,0.528,49,11.18,7.45,5.94,1.50,0.703,0.875,0.537,0.322,0.655,0.638,0.530,0.334
streets,18,8,0,0,9.25,4.25,2.32,0.289,0.073,0.611,56,11.68,7.57,5.74,1.62,0.713,0.865,0.513,0.368,0.759,0.653,0.493,0.318
streets,19,8,0,0,9.75,4.25,2.30,0.235,0.095,0.611,73,12.18,7.78,5.62,1.12,0.719,0.907,0.480,0.480,0.759,0.662,0.650,0.356
streets,20,8,0,0,10.25,4.25,2.30,0.205,0.124,0.611,96,12.68,8.07,5.49,1.00,0.726,0.917,0.462,0.632,0.759,0.672,0.687,0.389
streets,21,8,0,0,10.75,4.25,2.30,0.176,0.122,0.694,94,13.18,8.28,5.28,1.41,0.736,0.882,0.445,0.618,0.862,0.687,0.557,0.349
streets,22,8,0,0,11.25,4.25,2.30,0.149,0.123,0.639,95,13.68,8.58,5.16,1.83,0.742,0.848,0.429,0.625,0.793,0.695,0.428,0.338
streets,23,8,0,0,11.75,4.25,2.30,0.121,0.123,0.694,95,14.18,8.87,5.04,2.24,0.748,0.814,0.412,0.625,0.862,0.704,0.299,0.305
streets,24,8,0,0,12.25,4.25,2.30,0.089,0.114,0.472,88,14.68,9.29,4.93,2.62,0.754,0.782,0.394,0.579,0.586,0.713,0.180,0.315
streets,26,8,0,0,13.25,4.25,2.50,0.246,0.000,0.000,0,22.12,14.65,5.33,0.00,0.734,1.000,0.487,0.000,0.000,0.683,1.000,0.433
streets,27,8,0,0,13.75,4.25,2.50,0.233,0.004,0.028,3,21.71,14.23,4.91,0.50,0.754,0.958,0.479,0.020,0.034,0.713,0.843,0.412
streets,28,8,0,0,14.25,4.25,2.50,0.223,0.003,0.028,2,21.42,13.94,4.62,1.00,0.769,0.917,0.473,0.013,0.034,0.735,0.687,0.389
streets,29,8,0,0,14.75,4.25,2.50,0.219,0.004,0.056,3,21.30,13.82,4.50,1.00,0.775,0.917,0.471,0.020,0.069,0.744,0.687,0.387
streets,30,8,0,0,15.25,4.25,2.50,0.216,0.003,0.056,2,21.42,13.94,4.62,1.12,0.769,0.907,0.469,0.013,0.069,0.735,0.650,0.378
streets,31,8,0,0,15.75,4.25,2.50,0.211,0.005,0.083,4,21.53,14.06,4.74,1.12,0.763,0.907,0.466,0.026,0.103,0.726,0.650,0.372
streets,32,8,0,0,16.25,4.25,2.50,0.206,0.003,0.028,2,21.65,14.17,4.85,0.71,0.757,0.941,0.463,0.013,0.034,0.718,0.778,0.397
streets,34,8,0,0,17.25,4.25,2.50,0.209,0.005,0.028,4,24.46,16.98,7.45,0.60,0.627,0.950,0.465,0.026,0.034,0.527,0.813,0.367
streets,35,8,0,0,17.75,4.25,2.83,0.527,0.000,0.000,0,24.12,16.65,7.29,0.00,0.635,1.000,0.654,0.000,0.000,0.539,1.000,0.454
streets,36,8,0,0,18.25,4.25,2.83,0.548,0.000,0.000,0,24.41,16.93,7.41,0.00,0.630,1.000,0.666,0.000,0.000,0.531,1.000,0.456
streets,38,8,0,0,19.25,4.25,2.50,0.242,0.003,0.056,2,25.19,17.71,8.19,1.00,0.591,0.917,0.485,0.013,0.069,0.474,0.687,0.335
streets,39,8,0,0,19.75,4.25,2.50,0.234,0.005,0.111,4,25.69,18.21,8.69,0.50,0.566,0.958,0.480,0.026,0.138,0.437,0.843,0.342
streets,40,8,0,0,20.25,4.25,2.50,0.244,0.001,0.028,1,26.19,18.71,9.19,1.00,0.541,0.917,0.486,0.007,0.034,0.401,0.687,0.325
streets,41,8,0,0,20.75,4.25,2.50,0.251,0.003,0.028,2,26.61,19.14,9.61,1.00,0.519,0.917,0.490,0.013,0.034,0.369,0.687,0.321
streets,46,8,0,0,23.25,4.25,1.84,-0.359,0.013,0.222,10,29.69,25.76,20.14,3.15,0.000,0.737,0.128,0.066,0.276,0.000,0.012,0.012
streets,47,8,0,0,23.75,4.25,1.81,-0.356,0.018,0.333,14,29.82,25.89,19.94,3.28,0.003,0.726,0.130,0.092,0.414,0.000,0.000,-0.005
streets,48,8,0,0,24.25,4.25,1.81,-0.336,0.021,0.250,16,29.98,26.05,20.06,1.78,0.000,0.852,0.141,0.105,0.310,0.000,0.442,0.083
streets,-43,9,0,0,-21.25,4.75,3.12,1.694,0.000,0.000,0,26.00,16.93,15.37,0.00,0.231,1.000,1.000,0.000,0.000,0.000,1.000,0.450
streets,-42,9,0,0,-20.75,4.75,3.12,1.705,0.000,0.000,0,25.50,16.43,14.87,0.00,0.256,1.000,1.000,0.000,0.000,0.000,1.000,0.450
streets,-41,9,0,0,-20.25,4.75,3.12,1.736,0.000,0.000,0,25.00,15.93,14.37,0.00,0.281,1.000,1.000,0.000,0.000,0.021,1.000,0.454
streets,-40,9,0,0,-19.75,4.75,3.12,1.703,0.000,0.000,0,24.81,15.74,14.18,0.00,0.291,1.000,1.000,0.000,0.000,0.035,1.000,0.457
streets,-39,9,0,0,-19.25,4.75,3.12,1.668,0.000,0.000,0,24.74,15.67,14.12,0.00,0.294,1.000,1.000,0.000,0.000,0.040,1.000,0.458
streets,-23,9,0,0,-11.25,4.75,1.58,-0.172,0.061,0.417,47,13.28,4.47,2.12,1.62,0.894,0.865,0.239,0.309,0.517,0.918,0.493,0.314
streets,-22,9,0,0,-10.75,4.75,1.58,-0.132,0.067,0.444,52,12.78,4.06,1.62,1.62,0.919,0.865,0.263,0.342,0.552,0.955,0.493,0.329
streets,-21,9,0,0,-10.25,4.75,1.58,-0.092,0.079,0.444,61,12.28,3.65,1.12,1.78,0.944,0.851,0.286,0.401,0.552,0.991,0.441,0.348
streets,-20,9,0,0,-9.75,4.75,1.58,-0.050,0.083,0.500,64,11.78,3.24,0.71,1.49,0.965,0.876,0.311,0.421,0.621,1.000,0.534,0.365
streets,-19,9,0,0,-9.25,4.75,1.58,-0.013,0.106,0.556,82,11.28,2.83,0.50,1.13,0.975,0.906,0.333,0.539,0.690,1.000,0.645,0.401
streets,-18,9,0,0,-8.75,4.75,1.58,0.013,0.104,0.611,80,10.78,2.53,0.71,1.63,0.965,0.864,0.349,0.526,0.759,1.000,0.489,0.369
streets,-17,9,0,0,-8.25,4.75,1.58,0.039,0.095,0.583,73,10.28,2.24,1.12,1.62,0.944,0.865,0.364,0.480,0.724,0.991,0.493,0.369
streets,-16,9,0,0,-7.75,4.75,1.58,0.076,0.083,0.528,64,9.78,2.12,1.62,1.12,0.919,0.907,0.386,0.421,0.655,0.955,0.650,0.390
streets,-15,9,0,0,-7.25,4.75,1.60,0.132,0.070,0.472,54,9.66,2.00,2.12,1.12,0.894,0.907,0.419,0.355,0.586,0.918,0.650,0.390
streets,-4,9,0,0,-1.75,4.75,0.40,-0.409,0.114,0.500,88,4.06,4.06,2.53,0.71,0.873,0.940,0.098,0.579,0.621,0.888,0.776,0.346
streets,-3,9,0,0,-1.25,4.75,0.40,-0.391,0.144,0.583,111,3.85,3.85,2.12,1.12,0.894,0.906,0.109,0.730,0.724,0.918,0.648,0.351
streets,-2,9,0,0,-0.75,4.75,0.40,-0.411,0.146,0.667,113,3.74,3.74,1.83,1.62,0.909,0.865,0.097,0.743,0.828,0.940,0.492,0.315
streets,-1,9,0,0,-0.25,4.75,0.40,-0.424,0.137,0.722,106,3.62,3.62,1.62,1.83,0.919,0.847,0.089,0.697,0.897,0.955,0.425,0.286
streets,0,9,0,0,0.25,4.75,0.40,-0.451,0.133,0.694,103,3.50,3.50,1.50,1.42,0.925,0.882,0.073,0.678,0.862,0.963,0.554,0.304
streets,1,9,0,0,0.75,4.75,0.40,-0.477,0.144,0.639,111,3.62,3.62,1.62,1.13,0.919,0.906,0.058,0.730,0.793,0.955,0.647,0.332
streets,2,9,0,0,1.25,4.75,0.40,-0.488,0.140,0.583,108,3.74,3.74,1.83,1.01,0.909,0.916,0.051,0.711,0.724,0.940,0.683,0.339
streets,3,9,0,0,1.75,4.75,0.40,-0.502,0.122,0.472,94,3.85,3.85,2.12,1.12,0.894,0.907,0.043,0.618,0.586,0.918,0.650,0.330
streets,4,9,0,0,2.25,4.75,1.22,0.260,0.097,0.389,75,4.33,4.33,2.75,1.38,0.862,0.885,0.495,0.493,0.483,0.872,0.567,0.434
streets,5,9,0,0,2.75,4.75,1.20,0.186,0.073,0.306,56,4.57,4.57,3.20,1.28,0.840,0.894,0.451,0.368,0.379,0.839,0.600,0.410
streets,9,9,0,0,4.75,4.75,2.10,0.757,0.034,0.222,26,7.67,7.67,6.75,0.71,0.662,0.941,0.790,0.171,0.276,0.579,0.778,0.462
streets,10,9,0,0,5.25,4.75,2.10,0.660,0.044,0.222,34,7.88,7.88,6.96,1.00,0.652,0.917,0.733,0.224,0.276,0.564,0.687,0.439
streets,11,9,0,0,5.75,4.75,2.10,0.565,0.045,0.250,35,8.29,8.29,7.37,0.50,0.632,0.958,0.676,0.230,0.310,0.534,0.843,0.435
streets,12,9,0,0,6.25,4.75,2.10,0.472,0.000,0.000,0,8.79,8.35,7.40,0.00,0.630,1.000,0.621,0.000,0.000,0.531,1.000,0.442
streets,16,9,0,0,8.25,4.75,2.32,0.418,0.056,0.444,43,10.80,7.84,6.56,1.12,0.672,0.906,0.589,0.283,0.552,0.593,0.648,0.366
streets,17,9,0,0,8.75,4.75,2.32,0.364,0.065,0.611,50,11.30,7.95,6.44,1.62,0.678,0.865,0.557,0.329,0.759,0.601,0.493,0.313
streets,18,9,0,0,9.25,4.75,2.32,0.328,0.073,0.667,56,11.80,8.07,6.24,1.62,0.688,0.865,0.535,0.368,0.828,0.617,0.493,0.307
streets,19,9,0,0,9.75,4.75,2.30,0.271,0.095,0.667,73,12.30,8.19,6.12,1.41,0.694,0.882,0.502,0.480,0.828,0.625,0.557,0.331
streets,20,9,0,0,10.25,4.75,2.30,0.243,0.119,0.750,92,12.80,8.49,5.90,1.12,0.705,0.907,0.485,0.605,0.931,0.641,0.650,0.353
streets,21,9,0,0,10.75,4.75,2.30,0.217,0.117,0.639,90,13.30,8.78,5.78,1.50,0.711,0.875,0.470,0.592,0.793,0.650,0.530,0.350
streets,22,9,0,0,11.25,4.75,2.30,0.189,0.115,0.694,89,13.80,8.99,5.66,1.83,0.717,0.848,0.453,0.586,0.862,0.659,0.428,0.320
streets,23,9,0,0,11.75,4.75,2.30,0.158,0.119,0.639,92,14.30,9.29,5.54,2.24,0.723,0.814,0.434,0.605,0.793,0.667,0.299,0.311
streets,24,9,0,0,12.25,4.75,2.30,0.123,0.113,0.528,87,14.80,9.58,5.43,2.74,0.729,0.772,0.414,0.572,0.655,0.676,0.143,0.297
streets,45,9,0,0,22.75,4.75,2.25,0.065,0.009,0.139,7,29.09,25.16,20.96,2.55,0.000,0.787,0.379,0.046,0.172,0.000,0.201,0.127
streets,46,9,0,0,23.25,4.75,1.82,-0.342,0.014,0.222,11,29.19,25.26,20.56,2.65,0.000,0.779,0.138,0.072,0.276,0.000,0.169,0.040
streets,47,9,0,0,23.75,4.75,1.80,-0.330,0.018,0.250,14,29.32,25.39,20.44,2.78,0.000,0.768,0.145,0.092,0.310,0.000,0.128,0.035
streets,48,9,0,0,24.25,4.75,1.81,-0.302,0.022,0.250,17,29.57,25.64,20.56,1.60,0.000,0.867,0.162,0.112,0.310,0.000,0.499,0.099
streets,-23,10,0,0,-11.25,5.25,1.84,0.051,0.070,0.250,54,13.41,4.79,2.02,1.12,0.899,0.907,0.371,0.355,0.310,0.925,0.650,0.418
streets,-22,10,0,0,-10.75,5.25,1.75,-0.003,0.058,0.361,45,12.91,4.37,1.51,1.15,0.924,0.904,0.339,0.296,0.448,0.963,0.639,0.382
streets,-21,10,0,0,-10.25,5.25,1.75,0.035,0.057,0.389,44,12.41,3.96,1.01,1.26,0.949,0.895,0.362,0.289,0.483,0.999,0.607,0.385
streets,-20,10,0,0,-9.75,5.25,1.60,-0.079,0.066,0.389,51,11.90,3.54,0.50,1.78,0.975,0.852,0.294,0.336,0.483,1.000,0.443,0.349
streets,-19,10,0,0,-9.25,5.25,1.58,-0.061,0.095,0.528,73,11.40,3.24,0.00,1.51,1.000,0.874,0.305,0.480,0.655,1.000,0.526,0.368
streets,-18,10,0,0,-8.75,5.25,1.58,-0.032,0.100,0.528,77,10.90,2.94,0.50,1.51,0.975,0.874,0.322,0.507,0.655,1.000,0.525,0.378
streets,-17,10,0,0,-8.25,5.25,1.58,-0.005,0.095,0.528,73,10.48,2.74,1.00,1.83,0.950,0.848,0.338,0.480,0.655,1.000,0.428,0.363
streets,-16,10,0,0,-7.75,5.25,1.60,0.048,0.083,0.444,64,10.28,2.62,1.50,1.62,0.925,0.865,0.369,0.421,0.552,0.963,0.493,0.379
streets,-15,10,0,0,-7.25,5.25,1.60,0.087,0.071,0.417,55,10.16,2.50,2.00,1.62,0.900,0.865,0.392,0.362,0.517,0.927,0.493,0.372
streets,-3,10,0,0,-1.25,5.25,0.42,-0.472,0.145,0.500,112,4.35,4.35,2.53,1.42,0.873,0.882,0.061,0.737,0.621,0.888,0.556,0.334
streets,-2,10,0,0,-0.75,5.25,0.42,-0.485,0.144,0.583,111,4.24,4.24,2.24,1.83,0.888,0.847,0.053,0.730,0.724,0.909,0.427,0.299
streets,-1,10,0,0,-0.25,5.25,0.40,-0.521,0.140,0.667,108,4.12,4.12,2.12,1.63,0.894,0.864,0.032,0.711,0.828,0.918,0.490,0.285
streets,0,10,0,0,0.25,5.25,0.40,-0.546,0.130,0.639,100,4.00,4.00,2.00,1.13,0.900,0.906,0.017,0.658,0.793,0.927,0.647,0.300
streets,1,10,0,0,0.75,5.25,0.40,-0.559,0.139,0.611,107,4.12,4.12,2.12,0.72,0.894,0.940,0.009,0.704,0.759,0.918,0.774,0.330
streets,2,10,0,0,1.25,5.25,0.40,-0.561,0.133,0.556,103,4.24,4.24,2.24,0.52,0.888,0.957,0.008,0.678,0.690,0.910,0.837,0.342
streets,9,10,0,0,4.75,5.25,2.10,0.773,0.031,0.167,24,8.17,8.17,6.99,1.12,0.650,0.907,0.799,0.158,0.207,0.561,0.650,0.450
streets,10,10,0,0,5.25,5.25,2.10,0.679,0.038,0.167,29,8.29,8.29,7.07,1.00,0.646,0.917,0.744,0.191,0.207,0.555,0.687,0.444
streets,11,10,0,0,5.75,5.25,2.10,0.589,0.040,0.250,31,8.58,8.58,7.18,0.50,0.641,0.958,0.690,0.204,0.310,0.547,0.843,0.437
streets,12,10,0,0,6.25,5.25,2.10,0.499,0.000,0.000,0,8.99,8.85,7.30,0.00,0.635,1.000,0.637,0.000,0.000,0.539,1.000,0.449
streets,15,10,0,0,7.75,5.25,2.32,0.506,0.039,0.250,30,11.51,8.54,7.27,0.50,0.637,0.958,0.641,0.197,0.310,0.541,0.843,0.420
streets,16,10,0,0,8.25,5.25,2.32,0.452,0.057,0.472,44,11.30,8.34,7.06,1.00,0.647,0.917,0.609,0.289,0.586,0.556,0.687,0.367
streets,17,10,0,0,8.75,5.25,2.32,0.403,0.070,0.611,54,11.51,8.45,6.85,1.21,0.657,0.899,0.580,0.355,0.759,0.571,0.622,0.339
streets,18,10,0,0,9.25,5.25,2.32,0.376,0.079,0.611,61,11.92,8.57,6.74,1.50,0.663,0.875,0.564,0.401,0.759,0.580,0.530,0.331
streets,19,10,0,0,9.75,5.25,2.30,0.325,0.100,0.694,77,12.42,8.69,6.60,1.12,0.670,0.907,0.534,0.507,0.862,0.590,0.650,0.348
streets,20,10,0,0,10.25,5.25,2.30,0.292,0.118,0.667,91,12.92,8.90,6.40,1.12,0.680,0.907,0.514,0.599,0.828,0.605,0.650,0.368
streets,21,10,0,0,10.75,5.25,2.30,0.265,0.115,0.722,89,13.42,9.19,6.28,1.62,0.686,0.865,0.498,0.586,0.897,0.613,0.493,0.329
streets,22,10,0,0,11.25,5.25,2.30,0.237,0.114,0.639,88,13.92,9.40,6.16,2.00,0.692,0.833,0.481,0.579,0.793,0.622,0.373,0.322
streets,23,10,0,0,11.75,5.25,2.30,0.208,0.117,0.639,90,14.42,9.70,6.04,2.50,0.698,0.792,0.464,0.592,0.793,0.631,0.217,0.297
streets,24,10,0,0,12.25,5.25,2.30,0.175,0.109,0.500,84,14.92,9.99,5.93,2.94,0.704,0.755,0.445,0.553,0.621,0.639,0.078,0.290
streets,45,10,0,0,22.75,5.25,1.99,-0.167,0.010,0.194,8,28.55,24.63,20.42,2.02,0.000,0.832,0.242,0.053,0.241,0.000,0.368,0.102
streets,46,10,0,0,23.25,5.25,1.83,-0.306,0.014,0.222,11,28.71,24.79,20.59,2.18,0.000,0.818,0.160,0.072,0.276,0.000,0.317,0.068
streets,47,10,0,0,23.75,5.25,1.79,-0.311,0.018,0.306,14,28.86,24.94,20.73,2.33,0.000,0.806,0.157,0.092,0.379,0.000,0.271,0.049
streets,48,10,0,0,24.25,5.25,1.80,-0.283,0.021,0.222,16,29.16,25.23,21.03,1.52,0.000,0.873,0.173,0.105,0.276,0.000,0.524,0.110
streets,-23,11,0,0,-11.25,5.75,2.09,0.273,0.044,0.194,34,13.58,4.90,2.18,0.56,0.891,0.953,0.503,0.224,0.241,0.913,0.825,0.466
streets,-22,11,0,0,-10.75,5.75,2.04,0.247,0.053,0.306,41,13.17,4.72,1.78,0.58,0.911,0.952,0.487,0.270,0.379,0.943,0.819,0.455
streets,-18,11,0,0,-8.75,5.75,1.58,-0.061,0.102,0.528,79,11.19,3.36,0.71,1.64,0.965,0.863,0.305,0.520,0.655,1.000,0.486,0.370
streets,-17,11,0,0,-8.25,5.75,1.58,-0.034,0.096,0.528,74,10.90,3.24,1.12,2.13,0.944,0.822,0.321,0.487,0.655,0.991,0.332,0.343
streets,-16,11,0,0,-7.75,5.75,1.58,-0.006,0.092,0.500,71,10.78,3.12,1.62,2.12,0.919,0.823,0.337,0.467,0.621,0.955,0.336,0.343
streets,-15,11,0,0,-7.25,5.75,1.60,0.054,0.074,0.472,57,10.66,3.00,2.12,2.00,0.894,0.833,0.373,0.375,0.586,0.918,0.373,0.339
streets,-3,11,0,0,-1.25,5.75,0.58,-0.403,0.144,0.500,111,4.87,4.87,2.96,1.94,0.852,0.838,0.102,0.730,0.621,0.857,0.391,0.313
streets,-2,11,0,0,-0.75,5.75,0.59,-0.416,0.153,0.583,118,4.75,4.75,2.75,2.00,0.862,0.833,0.094,0.776,0.724,0.872,0.373,0.305
streets,-1,11,0,0,-0.25,5.75,0.55,-0.463,0.146,0.639,113,4.63,4.63,2.63,1.50,0.869,0.875,0.066,0.743,0.793,0.881,0.530,0.305
streets,0,11,0,0,0.25,5.75,0.55,-0.482,0.146,0.611,113,4.51,4.51,2.51,1.00,0.874,0.917,0.055,0.743,0.759,0.889,0.687,0.332
streets,1,11,0,0,0.75,5.75,0.54,-0.495,0.135,0.583,104,4.63,4.63,2.63,0.50,0.869,0.958,0.048,0.684,0.724,0.881,0.843,0.345
streets,2,11,0,0,1.25,5.75,0.55,-0.488,0.000,0.000,0,4.75,4.75,2.75,0.00,0.863,1.000,0.052,0.000,0.000,0.872,1.000,0.340
streets,9,11,0,0,4.75,5.75,2.10,0.784,0.032,0.194,25,8.67,8.67,6.49,1.00,0.675,0.917,0.806,0.164,0.241,0.598,0.687,0.461
streets,10,11,0,0,5.25,5.75,2.10,0.697,0.044,0.194,34,8.79,8.79,6.57,0.71,0.671,0.941,0.754,0.224,0.241,0.592,0.778,0.470
streets,11,11,0,0,5.75,5.75,2.10,0.617,0.040,0.250,31,8.99,8.99,6.68,0.50,0.666,0.958,0.707,0.204,0.310,0.584,0.843,0.450
streets,12,11,0,0,6.25,5.75,2.10,0.534,0.000,0.000,0,9.29,9.29,6.80,0.00,0.660,1.000,0.658,0.000,0.000,0.575,1.000,0.462
streets,15,11,0,0,7.75,5.75,2.32,0.545,0.000,0.000,0,11.92,8.95,7.68,0.00,0.616,1.000,0.664,0.000,0.000,0.511,1.000,0.451
streets,16,11,0,0,8.25,5.75,2.32,0.493,0.063,0.472,49,11.80,8.84,7.56,0.50,0.622,0.958,0.633,0.322,0.586,0.520,0.843,0.397
streets,17,11,0,0,8.75,5.75,2.32,0.454,0.079,0.583,61,11.92,8.95,7.35,1.00,0.632,0.917,0.610,0.401,0.724,0.535,0.687,0.365
streets,18,11,0,0,9.25,5.75,2.44,0.548,0.091,0.667,70,12.22,9.08,7.24,1.51,0.638,0.874,0.666,0.461,0.828,0.543,0.528,0.355
streets,19,11,0,0,9.75,5.75,2.30,0.374,0.102,0.611,79,12.62,9.19,7.02,1.41,0.649,0.882,0.562,0.520,0.759,0.560,0.557,0.354
streets,20,11,0,0,10.25,5.75,2.32,0.363,0.120,0.694,93,13.04,9.31,6.90,1.41,0.655,0.882,0.556,0.612,0.862,0.568,0.557,0.357
streets,21,11,0,0,10.75,5.75,2.32,0.337,0.120,0.694,93,13.54,9.60,6.78,1.62,0.661,0.865,0.541,0.612,0.862,0.577,0.493,0.345
streets,22,11,0,0,11.25,5.75,2.30,0.292,0.117,0.694,90,14.04,9.90,6.66,2.12,0.667,0.823,0.514,0.592,0.862,0.586,0.336,0.311
streets,23,11,0,0,11.75,5.75,2.30,0.258,0.113,0.667,87,14.54,10.11,6.54,2.62,0.673,0.782,0.494,0.572,0.828,0.594,0.180,0.284
streets,24,11,0,0,12.25,5.75,2.30,0.231,0.108,0.472,83,15.04,10.40,6.43,2.73,0.679,0.773,0.478,0.546,0.586,0.603,0.145,0.307
streets,45,11,0,0,22.75,5.75,2.00,-0.115,0.012,0.194,9,28.05,24.13,19.93,1.52,0.004,0.873,0.273,0.059,0.241,0.000,0.524,0.136
streets,46,11,0,0,23.25,5.75,2.03,-0.069,0.022,0.222,17,28.18,24.25,20.05,0.71,0.000,0.941,0.300,0.112,0.276,0.000,0.778,0.188
streets,47,11,0,0,23.75,5.75,1.80,-0.263,0.018,0.250,14,28.45,24.52,20.32,1.91,0.000,0.840,0.185,0.092,0.310,0.000,0.400,0.087
streets,48,11,0,0,24.25,5.75,1.80,-0.233,0.022,0.222,17,28.86,24.93,20.73,1.63,0.000,0.864,0.202,0.112,0.276,0.000,0.488,0.115
streets,-23,12,0,0,-11.25,6.25,2.34,0.510,0.000,0.000,0,13.94,4.36,2.53,0.00,0.873,1.000,0.643,0.000,0.000,0.888,1.000,0.521
streets,-22,12,0,0,-10.75,6.25,2.33,0.518,0.000,0.000,0,13.66,4.24,2.24,0.00,0.888,1.000,0.648,0.000,0.000,0.909,1.000,0.526
streets,-18,12,0,0,-8.75,6.25,1.59,-0.081,0.101,0.472,78,11.60,3.86,1.12,2.13,0.944,0.822,0.293,0.513,0.586,0.991,0.332,0.351
streets,-17,12,0,0,-8.25,6.25,1.58,-0.060,0.098,0.583,76,11.40,3.74,1.41,1.92,0.929,0.840,0.305,0.500,0.724,0.970,0.400,0.337
streets,-16,12,0,0,-7.75,6.25,1.58,-0.033,0.093,0.528,72,11.28,3.62,1.83,1.62,0.909,0.865,0.321,0.474,0.655,0.940,0.493,0.355
streets,-15,12,0,0,-7.25,6.25,1.60,0.023,0.076,0.472,59,11.16,3.50,2.24,1.50,0.888,0.875,0.354,0.388,0.586,0.909,0.530,0.357
streets,-3,12,0,0,-1.25,6.25,0.74,-0.310,0.148,0.472,114,5.39,5.39,3.40,1.54,0.830,0.872,0.157,0.750,0.586,0.824,0.518,0.352
streets,-2,12,0,0,-0.75,6.25,0.75,-0.321,0.159,0.611,123,5.28,5.28,3.28,1.65,0.836,0.862,0.150,0.809,0.759,0.833,0.483,0.332
streets,-1,12,0,0,-0.25,6.25,0.69,-0.390,0.167,0.611,129,5.15,5.15,3.15,1.50,0.843,0.875,0.110,0.849,0.759,0.843,0.530,0.337
streets,0,12,0,0,0.25,6.25,0.69,-0.414,0.162,0.611,125,5.03,5.03,3.03,1.00,0.849,0.917,0.095,0.822,0.759,0.851,0.687,0.353
streets,1,12,0,0,0.75,6.25,0.68,-0.425,0.137,0.528,106,5.15,5.15,3.15,0.50,0.843,0.958,0.089,0.697,0.655,0.843,0.843,0.363
streets,2,12,0,0,1.25,6.25,0.69,-0.415,0.000,0.000,0,5.26,5.26,3.26,0.00,0.837,1.000,0.095,0.000,0.000,0.834,1.000,0.345
streets,9,12,0,0,4.75,6.25,2.10,0.793,0.021,0.222,16,9.17,9.17,5.99,0.50,0.700,0.958,0.811,0.105,0.276,0.634,0.843,0.476
streets,10,12,0,0,5.25,6.25,2.10,0.717,0.026,0.222,20,9.29,9.29,6.07,0.50,0.696,0.958,0.766,0.132,0.276,0.628,0.843,0.467
streets,11,12,0,0,5.75,6.25,2.10,0.642,0.026,0.250,20,9.41,9.41,6.18,0.50,0.691,0.958,0.722,0.132,0.310,0.621,0.843,0.447
streets,12,12,0,0,6.25,6.25,2.10,0.568,0.000,0.000,0,9.70,9.70,6.30,0.00,0.685,1.000,0.678,0.000,0.000,0.612,1.000,0.476
streets,19,12,0,0,9.75,6.25,1.99,0.119,0.104,0.667,80,12.96,9.74,7.39,1.45,0.631,0.879,0.411,0.526,0.828,0.532,0.545,0.293
streets,20,12,0,0,10.25,6.25,2.00,0.104,0.118,0.694,91,13.37,9.85,7.44,1.67,0.628,0.861,0.402,0.599,0.862,0.529,0.478,0.289
streets,21,12,0,0,10.75,6.25,2.00,0.073,0.109,0.722,84,13.78,10.05,7.32,2.15,0.634,0.821,0.384,0.553,0.897,0.537,0.325,0.248
streets,22,12,0,0,11.25,6.25,2.00,0.044,0.110,0.694,85,14.20,10.34,7.20,2.28,0.640,0.810,0.367,0.559,0.862,0.546,0.285,0.245
streets,23,12,0,0,11.75,6.25,1.99,0.003,0.118,0.667,91,14.70,10.56,7.09,2.34,0.646,0.805,0.343,0.599,0.828,0.554,0.267,0.249
streets,24,12,0,0,12.25,6.25,2.00,-0.018,0.119,0.528,92,15.19,10.85,6.97,2.15,0.652,0.821,0.330,0.605,0.655,0.563,0.326,0.283
streets,45,12,0,0,22.75,6.25,1.80,-0.288,0.012,0.167,9,27.53,23.61,19.41,1.00,0.030,0.917,0.170,0.059,0.207,0.000,0.687,0.135
streets,46,12,0,0,23.25,6.25,1.82,-0.231,0.018,0.194,14,27.74,23.82,19.61,1.21,0.019,0.899,0.204,0.092,0.241,0.000,0.622,0.137
streets,47,12,0,0,23.75,6.25,1.80,-0.236,0.018,0.278,14,28.15,24.23,20.02,1.50,0.000,0.875,0.201,0.092,0.345,0.000,0.530,0.106
streets,48,12,0,0,24.25,6.25,1.80,-0.208,0.021,0.222,16,28.56,24.64,20.44,1.62,0.000,0.865,0.217,0.105,0.276,0.000,0.493,0.119
streets,-23,13,0,0,-11.25,6.75,2.41,0.565,0.052,0.167,40,14.35,3.85,2.12,0.50,0.894,0.958,0.676,0.263,0.207,0.918,0.842,0.534
streets,-22,13,0,0,-10.75,6.75,2.40,0.577,0.041,0.194,32,14.03,3.74,1.83,0.50,0.909,0.958,0.683,0.211,0.241,0.940,0.843,0.525
streets,-21,13,0,0,-10.25,6.75,2.40,0.600,0.021,0.250,16,13.53,3.62,1.62,0.50,0.919,0.958,0.697,0.105,0.310,0.955,0.843,0.501
streets,-20,13,0,0,-9.75,6.75,2.39,0.625,0.013,0.167,10,13.03,3.50,1.50,0.50,0.925,0.958,0.712,0.066,0.207,0.963,0.843,0.515
streets,-19,13,0,0,-9.25,6.75,2.39,0.661,0.000,0.000,0,12.53,3.62,1.62,0.00,0.919,1.000,0.733,0.000,0.000,0.955,1.000,0.561
streets,-18,13,0,0,-8.75,6.75,1.59,-0.111,0.118,0.556,91,12.01,4.35,1.62,1.75,0.919,0.854,0.275,0.599,0.690,0.955,0.450,0.357
streets,-17,13,0,0,-8.25,6.75,1.58,-0.084,0.105,0.556,81,11.90,4.24,1.83,2.10,0.909,0.825,0.291,0.533,0.690,0.940,0.341,0.329
streets,-16,13,0,0,-7.75,6.75,1.58,-0.049,0.102,0.556,79,11.78,4.12,2.12,1.21,0.894,0.899,0.312,0.520,0.690,0.918,0.621,0.371
streets,-15,13,0,0,-7.25,6.75,1.60,0.002,0.091,0.472,70,11.66,4.00,2.53,1.00,0.873,0.917,0.342,0.461,0.586,0.888,0.686,0.387
streets,-3,13,0,0,-1.25,6.75,0.91,-0.200,0.145,0.472,112,5.91,5.91,3.91,1.01,0.804,0.915,0.222,0.737,0.586,0.787,0.682,0.386
streets,-2,13,0,0,-0.75,6.75,0.92,-0.206,0.170,0.611,131,5.80,5.80,3.80,1.22,0.810,0.899,0.218,0.862,0.759,0.795,0.619,0.376
streets,-1,13,0,0,-0.25,6.75,0.85,-0.286,0.176,0.667,136,5.67,5.67,3.67,1.50,0.817,0.875,0.171,0.895,0.828,0.805,0.530,0.347
streets,0,13,0,0,0.25,6.75,0.85,-0.297,0.179,0.611,138,5.56,5.56,3.56,1.00,0.822,0.917,0.165,0.908,0.759,0.813,0.687,0.383
streets,1,13,0,0,0.75,6.75,0.85,-0.311,0.168,0.556,130,5.67,5.67,3.67,0.50,0.817,0.958,0.157,0.855,0.690,0.805,0.843,0.402
streets,2,13,0,0,1.25,6.75,0.85,-0.310,0.000,0.000,0,5.79,5.79,3.79,0.00,0.811,1.000,0.157,0.000,0.000,0.796,1.000,0.356
streets,9,13,0,0,4.75,6.75,2.10,0.793,0.000,0.000,0,9.67,9.67,5.49,0.00,0.725,1.000,0.812,0.000,0.000,0.671,1.000,0.528
streets,10,13,0,0,5.25,6.75,2.10,0.732,0.000,0.000,0,9.79,9.79,5.57,0.00,0.721,1.000,0.775,0.000,0.000,0.665,1.000,0.516
streets,11,13,0,0,5.75,6.75,2.10,0.665,0.000,0.000,0,9.91,9.91,5.69,0.00,0.715,1.000,0.735,0.000,0.000,0.656,1.000,0.502
streets,16,13,0,0,8.25,6.75,3.19,1.461,0.060,0.417,46,13.12,10.16,7.33,1.82,0.633,0.848,1.000,0.303,0.517,0.536,0.429,0.455
streets,17,13,0,0,8.75,6.75,3.19,1.424,0.083,0.528,64,13.21,10.25,7.38,1.91,0.631,0.841,1.000,0.421,0.655,0.533,0.400,0.453
streets,18,13,0,0,9.25,6.75,3.22,1.432,0.084,0.583,65,13.35,10.34,7.50,2.14,0.625,0.822,1.000,0.428,0.724,0.524,0.330,0.431
streets,19,13,0,0,9.75,6.75,1.82,0.007,0.100,0.611,77,13.42,10.26,6.87,1.24,0.656,0.897,0.345,0.507,0.759,0.570,0.613,0.297
streets,20,13,0,0,10.25,6.75,1.83,-0.007,0.113,0.667,87,13.68,10.37,7.09,1.64,0.645,0.864,0.337,0.572,0.828,0.554,0.487,0.275
streets,21,13,0,0,10.75,6.75,1.83,-0.029,0.127,0.667,98,14.09,10.53,7.38,1.84,0.631,0.846,0.324,0.645,0.828,0.533,0.422,0.272
streets,22,13,0,0,11.25,6.75,1.82,-0.069,0.131,0.639,101,14.50,10.78,7.73,2.25,0.613,0.812,0.300,0.664,0.793,0.507,0.294,0.249
streets,23,13,0,0,11.75,6.75,1.82,-0.094,0.135,0.583,104,14.91,11.07,7.61,1.91,0.619,0.840,0.285,0.684,0.724,0.516,0.400,0.277
streets,24,13,0,0,12.25,6.75,1.82,-0.123,0.141,0.472,109,15.33,11.29,7.50,1.62,0.625,0.865,0.268,0.717,0.586,0.524,0.493,0.315
streets,38,13,0,0,19.25,6.75,1.82,-0.314,0.000,0.000,0,25.21,21.28,17.08,0.00,0.146,1.000,0.154,0.000,0.000,0.000,1.000,0.196
streets,39,13,0,0,19.75,6.75,1.79,-0.339,0.004,0.056,3,25.09,21.17,16.96,0.50,0.152,0.958,0.140,0.020,0.069,0.000,0.843,0.162
streets,40,13,0,0,20.25,6.75,1.79,-0.332,0.001,0.028,1,25.21,21.28,17.08,0.50,0.146,0.958,0.144,0.007,0.034,0.000,0.843,0.166
streets,41,13,0,0,20.75,6.75,1.79,-0.324,0.000,0.000,0,25.51,21.58,17.38,0.00,0.131,1.000,0.149,0.000,0.000,0.000,1.000,0.195
streets,42,13,0,0,21.25,6.75,1.80,-0.314,0.000,0.000,0,25.80,21.88,17.67,0.00,0.116,1.000,0.155,0.000,0.000,0.000,1.000,0.196
streets,43,13,0,0,21.75,6.75,1.80,-0.294,0.000,0.000,0,26.21,22.29,18.08,0.00,0.096,1.000,0.167,0.000,0.000,0.000,1.000,0.200
streets,44,13,0,0,22.25,6.75,1.80,-0.271,0.000,0.000,0,26.62,22.70,18.50,0.00,0.075,1.000,0.180,0.000,0.000,0.000,1.000,0.204
streets,45,13,0,0,22.75,6.75,1.80,-0.245,0.012,0.194,9,27.03,23.11,18.91,0.50,0.055,0.958,0.195,0.059,0.241,0.000,0.843,0.161
streets,46,13,0,0,23.25,6.75,1.80,-0.222,0.019,0.194,15,27.45,23.52,19.32,1.00,0.034,0.917,0.209,0.099,0.241,0.000,0.687,0.149
streets,47,13,0,0,23.75,6.75,1.80,-0.194,0.021,0.222,16,27.95,24.02,19.82,1.00,0.009,0.917,0.226,0.105,0.276,0.000,0.687,0.150
streets,48,13,0,0,24.25,6.75,1.81,-0.181,0.022,0.222,17,28.45,24.52,20.32,1.12,0.000,0.907,0.233,0.112,0.276,0.000,0.650,0.148
streets,-23,14,0,0,-11.25,7.25,2.41,0.557,0.063,0.222,49,14.64,3.35,1.83,1.00,0.909,0.917,0.672,0.322,0.276,0.940,0.687,0.515
streets,-22,14,0,0,-10.75,7.25,2.39,0.563,0.062,0.250,48,14.14,3.24,1.41,0.50,0.929,0.958,0.675,0.316,0.310,0.970,0.843,0.539
streets,-21,14,0,0,-10.25,7.25,2.39,0.583,0.027,0.361,21,13.64,3.12,1.12,0.50,0.944,0.958,0.687,0.138,0.448,0.991,0.843,0.491
streets,-20,14,0,0,-9.75,7.25,2.39,0.610,0.013,0.194,10,13.23,3.00,1.00,0.50,0.950,0.958,0.703,0.066,0.241,1.000,0.843,0.514
streets,-19,14,0,0,-9.25,7.25,2.39,0.640,0.000,0.000,0,12.98,3.12,1.12,0.00,0.944,1.000,0.720,0.000,0.000,0.991,1.000,0.564
streets,-18,14,0,0,-8.75,7.25,1.59,-0.127,0.176,0.500,136,12.51,4.29,2.12,1.41,0.894,0.882,0.265,0.895,0.621,0.918,0.557,0.433
streets,-17,14,0,0,-8.25,7.25,1.58,-0.108,0.174,0.528,134,12.40,4.50,2.24,1.12,0.888,0.907,0.277,0.882,0.655,0.909,0.650,0.440
streets,-16,14,0,0,-7.75,7.25,1.58,-0.072,0.174,0.556,134,12.28,4.62,2.53,0.71,0.873,0.941,0.298,0.882,0.690,0.888,0.778,0.457
streets,-15,14,0,0,-7.25,7.25,1.60,-0.030,0.183,0.611,141,12.16,4.50,2.83,0.50,0.859,0.958,0.323,0.928,0.759,0.866,0.843,0.468
streets,-14,14,0,0,-6.75,7.25,1.63,0.033,0.131,0.444,101,12.22,5.00,3.33,1.00,0.834,0.917,0.360,0.664,0.552,0.829,0.686,0.427
streets,-12,14,0,0,-5.75,7.25,2.36,0.841,0.127,0.417,98,11.24,6.48,4.90,2.48,0.755,0.793,0.840,0.645,0.517,0.715,0.223,0.480
streets,-11,14,0,0,-5.25,7.25,2.36,0.902,0.128,0.472,99,10.74,6.98,5.31,2.98,0.735,0.752,0.876,0.651,0.586,0.684,0.066,0.452
streets,-10,14,0,0,-4.75,7.25,1.62,0.223,0.131,0.472,101,9.99,7.24,5.57,3.24,0.722,0.730,0.473,0.664,0.586,0.666,0.000,0.320
streets,-9,14,0,0,-4.25,7.25,1.62,0.286,0.135,0.500,104,9.49,7.18,6.07,3.58,0.697,0.702,0.511,0.684,0.621,0.629,0.000,0.323
streets,-8,14,0,0,-3.75,7.25,1.61,0.325,0.133,0.444,103,9.00,7.06,6.57,3.08,0.672,0.743,0.534,0.678,0.552,0.593,0.034,0.336
streets,-7,14,0,0,-3.25,7.25,1.49,0.236,0.132,0.500,102,8.48,6.94,6.48,2.57,0.676,0.786,0.481,0.671,0.621,0.599,0.195,0.334
streets,-6,14,0,0,-2.75,7.25,1.35,0.128,0.128,0.472,99,7.96,7.05,5.96,2.05,0.702,0.829,0.417,0.651,0.586,0.637,0.358,0.348
streets,-5,14,0,0,-2.25,7.25,1.21,0.008,0.135,0.500,104,7.44,7.18,5.44,1.53,0.728,0.872,0.346,0.684,0.621,0.675,0.521,0.360
streets,-4,14,0,0,-1.75,7.25,1.07,-0.104,0.141,0.472,109,6.93,6.93,4.93,1.01,0.754,0.915,0.279,0.717,0.586,0.712,0.682,0.384
streets,-3,14,0,0,-1.25,7.25,1.01,-0.145,0.224,0.667,173,6.43,6.43,4.43,2.20,0.779,0.817,0.255,1.000,0.828,0.749,0.311,0.349
streets,-2,14,0,0,-0.75,7.25,1.01,-0.155,0.238,0.611,184,6.31,6.31,4.31,2.13,0.784,0.823,0.249,1.000,0.759,0.758,0.333,0.362
streets,-1,14,0,0,-0.25,7.25,1.01,-0.165,0.241,0.694,186,6.19,6.19,4.19,1.63,0.790,0.864,0.243,1.000,0.862,0.766,0.489,0.370
streets,0,14,0,0,0.25,7.25,1.01,-0.179,0.245,0.694,189,6.08,6.08,4.08,1.23,0.796,0.898,0.235,1.000,0.862,0.775,0.616,0.388
streets,1,14,0,0,0.75,7.25,1.01,-0.181,0.246,0.694,190,6.19,6.19,4.19,1.03,0.790,0.915,0.234,1.000,0.862,0.766,0.679,0.396
streets,2,14,0,0,1.25,7.25,1.01,-0.175,0.227,0.611,175,6.31,6.31,4.31,1.16,0.784,0.903,0.237,1.000,0.759,0.758,0.635,0.404
streets,3,14,0,0,1.75,7.25,1.01,-0.166,0.165,0.472,127,6.81,6.81,4.81,1.23,0.759,0.898,0.242,0.836,0.586,0.721,0.616,0.388
streets,4,14,0,0,2.25,7.25,1.01,-0.175,0.167,0.500,129,7.31,7.31,5.18,1.73,0.741,0.856,0.237,0.849,0.621,0.694,0.459,0.355
streets,7,14,0,0,3.75,7.25,1.01,-0.215,0.167,0.500,129,9.03,9.03,4.74,3.25,0.763,0.729,0.213,0.849,0.621,0.726,0.000,0.286
streets,8,14,0,0,4.25,7.25,1.01,-0.253,0.163,0.472,126,9.53,9.53,4.62,3.29,0.769,0.726,0.191,0.829,0.586,0.735,0.000,0.282
streets,10,14,0,0,5.25,7.25,1.01,-0.353,0.167,0.528,129,10.53,10.53,4.62,2.29,0.769,0.809,0.132,0.849,0.655,0.735,0.282,0.300
streets,11,14,0,0,5.75,7.25,1.01,-0.408,0.167,0.556,129,11.03,11.03,4.74,2.30,0.763,0.809,0.099,0.849,0.690,0.726,0.281,0.283
streets,12,14,0,0,6.25,7.25,1.01,-0.467,0.158,0.444,122,11.53,11.53,4.85,2.80,0.757,0.767,0.064,0.803,0.552,0.718,0.124,0.259
streets,13,14,0,0,6.75,7.25,1.01,-0.532,0.162,0.444,125,12.03,12.03,4.97,2.53,0.751,0.789,0.026,0.822,0.552,0.709,0.206,0.262
streets,14,14,0,0,7.25,7.25,1.08,-0.510,0.161,0.417,124,12.53,12.53,5.24,2.24,0.738,0.813,0.038,0.816,0.517,0.690,0.298,0.280
streets,16,14,0,0,8.25,7.25,1.49,-0.180,0.133,0.389,103,13.62,12.32,5.57,2.07,0.721,0.828,0.234,0.678,0.483,0.665,0.351,0.319
streets,17,14,0,0,8.75,7.25,1.76,0.059,0.163,0.639,126,14.18,11.76,5.88,1.50,0.706,0.875,0.376,0.829,0.793,0.643,0.530,0.368
streets,18,14,0,0,9.25,7.25,2.04,0.304,0.161,0.639,124,14.47,11.31,6.22,1.05,0.689,0.912,0.521,0.816,0.793,0.618,0.670,0.425
streets,19,14,0,0,9.75,7.25,1.80,0.047,0.180,0.639,139,13.92,10.75,6.37,1.60,0.682,0.866,0.369,0.914,0.793,0.607,0.497,0.371
streets,20,14,0,0,10.25,7.25,1.80,0.025,0.181,0.639,140,14.09,10.87,6.67,1.13,0.667,0.906,0.356,0.921,0.793,0.585,0.645,0.386
streets,21,14,0,0,10.75,7.25,1.80,0.004,0.180,0.667,139,14.39,10.98,7.08,1.43,0.646,0.881,0.343,0.914,0.828,0.555,0.553,0.356
streets,22,14,0,0,11.25,7.25,1.80,-0.016,0.180,0.611,139,14.80,11.19,7.49,1.84,0.626,0.847,0.332,0.914,0.759,0.525,0.425,0.337
streets,23,14,0,0,11.75,7.25,1.80,-0.040,0.177,0.667,137,15.21,11.48,7.90,1.83,0.605,0.848,0.317,0.901,0.828,0.495,0.428,0.314
streets,24,14,0,0,12.25,7.25,1.80,-0.065,0.172,0.472,133,15.62,11.69,7.99,1.21,0.601,0.899,0.302,0.875,0.586,0.488,0.622,0.369
streets,26,14,0,0,13.25,7.25,1.80,-0.138,0.012,0.194,9,17.24,13.31,9.58,2.12,0.521,0.823,0.259,0.059,0.241,0.372,0.336,0.178
streets,27,14,0,0,13.75,7.25,1.80,-0.160,0.019,0.306,15,17.44,13.52,9.70,1.83,0.515,0.848,0.246,0.099,0.379,0.363,0.428,0.174
streets,28,14,0,0,14.25,7.25,1.80,-0.170,0.026,0.250,20,17.85,13.93,10.20,1.00,0.490,0.917,0.240,0.132,0.310,0.327,0.687,0.220
streets,30,14,0,0,15.25,7.25,1.80,-0.203,0.004,0.056,3,19.24,15.31,11.58,2.62,0.421,0.782,0.221,0.020,0.069,0.225,0.180,0.132
streets,39,14,0,0,19.75,7.25,1.79,-0.298,0.004,0.083,3,24.59,20.67,16.46,0.50,0.177,0.958,0.164,0.020,0.103,0.000,0.843,0.164
streets,40,14,0,0,20.25,7.25,1.80,-0.293,0.000,0.000,0,24.80,20.87,16.67,0.00,0.166,1.000,0.167,0.000,0.000,0.000,1.000,0.200
streets,41,14,0,0,20.75,7.25,1.81,-0.282,0.000,0.000,0,25.09,21.17,16.97,0.00,0.152,1.000,0.173,0.000,0.000,0.000,1.000,0.202
streets,42,14,0,0,21.25,7.25,1.80,-0.275,0.000,0.000,0,25.51,21.58,17.38,0.00,0.131,1.000,0.178,0.000,0.000,0.000,1.000,0.203
streets,43,14,0,0,21.75,7.25,1.80,-0.256,0.000,0.000,0,25.92,21.99,17.79,0.00,0.111,1.000,0.189,0.000,0.000,0.000,1.000,0.207
streets,44,14,0,0,22.25,7.25,1.80,-0.233,0.000,0.000,0,26.33,22.40,18.20,0.00,0.090,1.000,0.203,0.000,0.000,0.000,1.000,0.211
streets,45,14,0,0,22.75,7.25,1.80,-0.221,0.013,0.139,10,26.83,22.90,18.70,0.50,0.065,0.958,0.210,0.066,0.172,0.000,0.843,0.177
streets,46,14,0,0,23.25,7.25,1.81,-0.188,0.021,0.139,16,27.33,23.40,19.20,0.50,0.040,0.958,0.230,0.105,0.172,0.000,0.843,0.191
streets,47,14,0,0,23.75,7.25,1.81,-0.171,0.022,0.222,17,27.83,23.90,19.70,0.50,0.015,0.958,0.239,0.112,0.276,0.000,0.843,0.179
streets,48,14,0,0,24.25,7.25,1.81,-0.157,0.021,0.167,16,28.33,24.40,20.20,0.71,0.000,0.941,0.248,0.105,0.207,0.000,0.778,0.181
streets,-23,15,0,0,-11.25,7.75,2.41,0.554,0.080,0.306,62,14.76,2.94,1.62,1.00,0.919,0.917,0.669,0.408,0.379,0.955,0.687,0.519
streets,-22,15,0,0,-10.75,7.75,2.39,0.551,0.065,0.278,50,14.34,2.74,1.12,0.50,0.944,0.958,0.668,0.329,0.345,0.991,0.843,0.539
streets,-21,15,0,0,-10.25,7.75,2.39,0.573,0.028,0.361,22,13.93,2.62,0.71,0.50,0.965,0.958,0.681,0.145,0.448,1.000,0.843,0.492
streets,-20,15,0,0,-9.75,7.75,2.39,0.593,0.017,0.250,13,13.64,2.50,0.50,0.50,0.975,0.958,0.693,0.086,0.310,1.000,0.843,0.505
streets,-19,15,0,0,-9.25,7.75,2.39,0.619,0.000,0.000,0,13.39,2.62,0.71,0.00,0.965,1.000,0.708,0.000,0.000,1.000,1.000,0.562
streets,-18,15,0,0,-8.75,7.75,1.59,-0.152,0.174,0.611,134,13.01,3.80,2.18,1.75,0.891,0.854,0.251,0.882,0.759,0.914,0.453,0.388
streets,-17,15,0,0,-8.25,7.75,1.58,-0.132,0.170,0.611,131,12.90,4.06,2.68,1.41,0.866,0.882,0.262,0.862,0.759,0.877,0.557,0.396
streets,-16,15,0,0,-7.75,7.75,1.58,-0.105,0.166,0.611,128,12.78,4.52,2.94,1.62,0.853,0.865,0.279,0.842,0.759,0.858,0.493,0.384
streets,-15,15,0,0,-7.25,7.75,1.58,-0.079,0.174,0.667,134,12.60,4.93,3.24,1.50,0.838,0.875,0.294,0.882,0.828,0.836,0.530,0.387
streets,-14,15,0,0,-6.75,7.75,1.58,-0.046,0.140,0.778,108,12.10,5.12,3.54,1.12,0.823,0.907,0.314,0.711,0.966,0.814,0.650,0.352
streets,-13,15,0,0,-6.25,7.75,1.58,-0.016,0.128,0.667,99,11.60,5.62,3.95,1.62,0.803,0.865,0.331,0.651,0.828,0.784,0.493,0.336
streets,-12,15,0,0,-5.75,7.75,1.58,0.022,0.126,0.667,97,11.10,6.12,4.45,2.12,0.778,0.823,0.354,0.638,0.828,0.748,0.336,0.310
streets,-11,15,0,0,-5.25,7.75,1.58,0.078,0.128,0.667,99,10.60,6.62,4.95,2.62,0.753,0.782,0.387,0.651,0.828,0.711,0.180,0.291
streets,-10,15,0,0,-4.75,7.75,1.58,0.140,0.130,0.667,100,10.10,6.87,5.45,3.12,0.728,0.740,0.424,0.658,0.828,0.674,0.023,0.273
streets,-9,15,0,0,-4.25,7.75,1.60,0.210,0.130,0.667,100,9.60,6.68,5.95,3.56,0.703,0.704,0.465,0.658,0.828,0.638,0.000,0.275
streets,-8,15,0,0,-3.75,7.75,1.53,0.185,0.131,0.667,101,9.10,6.56,6.45,3.18,0.678,0.735,0.451,0.664,0.828,0.601,0.003,0.265
streets,-7,15,0,0,-3.25,7.75,1.40,0.092,0.128,0.639,99,8.58,6.44,6.58,2.66,0.671,0.778,0.396,0.651,0.793,0.592,0.165,0.273
streets,-6,15,0,0,-2.75,7.75,1.26,-0.016,0.127,0.639,98,8.06,6.56,6.06,2.15,0.697,0.821,0.331,0.645,0.793,0.629,0.327,0.284
streets,-5,15,0,0,-2.25,7.75,1.12,-0.135,0.135,0.694,104,7.55,6.70,5.55,1.63,0.723,0.864,0.261,0.684,0.862,0.667,0.488,0.292
streets,-4,15,0,0,-1.75,7.75,1.00,-0.230,0.145,0.750,112,7.04,7.01,5.04,1.12,0.748,0.907,0.205,0.737,0.931,0.704,0.649,0.307
streets,-3,15,0,0,-1.25,7.75,0.99,-0.211,0.216,0.778,167,6.92,6.92,4.92,2.69,0.754,0.776,0.216,1.000,0.966,0.713,0.156,0.286
streets,-2,15,0,0,-0.75,7.75,0.99,-0.203,0.225,0.750,174,6.80,6.80,4.80,2.26,0.760,0.811,0.220,1.000,0.931,0.722,0.291,0.314
streets,-1,15,0,0,-0.25,7.75,0.99,-0.208,0.238,0.806,184,6.68,6.68,4.68,1.92,0.766,0.840,0.217,1.000,1.000,0.731,0.398,0.321
streets,0,15,0,0,0.25,7.75,0.99,-0.217,0.233,0.778,180,6.57,6.57,4.57,1.42,0.772,0.882,0.212,1.000,0.966,0.739,0.555,0.350
streets,1,15,0,0,0.75,7.75,0.99,-0.215,0.238,0.778,184,6.68,6.68,4.68,1.13,0.766,0.906,0.213,1.000,0.966,0.731,0.647,0.362
streets,2,15,0,0,1.25,7.75,1.00,-0.204,0.222,0.750,171,6.80,6.80,4.80,1.01,0.760,0.916,0.220,1.000,0.931,0.722,0.683,0.373
streets,3,15,0,0,1.75,7.75,1.00,-0.206,0.163,0.667,126,6.91,6.91,4.91,1.13,0.754,0.906,0.219,0.829,0.828,0.713,0.647,0.347
streets,4,15,0,0,2.25,7.75,0.99,-0.212,0.163,0.639,126,7.41,7.41,4.77,1.63,0.762,0.864,0.215,0.829,0.793,0.724,0.490,0.330
streets,5,15,0,0,2.75,7.75,0.99,-0.220,0.163,0.611,126,7.91,7.91,4.47,2.13,0.776,0.823,0.210,0.829,0.759,0.746,0.333,0.314
streets,6,15,0,0,3.25,7.75,0.99,-0.232,0.165,0.639,127,8.41,8.41,4.36,2.63,0.782,0.781,0.203,0.836,0.793,0.754,0.177,0.286
streets,7,15,0,0,3.75,7.75,0.99,-0.256,0.167,0.583,129,8.91,8.91,4.24,3.03,0.788,0.747,0.189,0.849,0.724,0.763,0.049,0.278
streets,8,15,0,0,4.25,7.75,0.99,-0.283,0.167,0.667,129,9.41,9.41,4.12,2.91,0.794,0.758,0.173,0.849,0.828,0.772,0.090,0.265
streets,9,15,0,0,4.75,7.75,0.99,-0.314,0.167,0.694,129,9.91,9.91,4.00,2.60,0.800,0.783,0.155,0.849,0.862,0.780,0.185,0.271
streets,10,15,0,0,5.25,7.75,0.99,-0.357,0.171,0.667,132,10.41,10.41,4.12,2.60,0.794,0.783,0.129,0.868,0.828,0.772,0.185,0.270
streets,11,15,0,0,5.75,7.75,0.99,-0.407,0.168,0.667,130,10.91,10.91,4.24,2.60,0.788,0.784,0.099,0.855,0.828,0.763,0.186,0.257
streets,12,15,0,0,6.25,7.75,0.99,-0.460,0.166,0.667,128,11.41,11.41,4.35,2.53,0.782,0.789,0.068,0.842,0.828,0.754,0.206,0.247
streets,13,15,0,0,6.75,7.75,1.00,-0.503,0.163,0.583,126,11.91,11.91,4.56,2.12,0.772,0.823,0.042,0.829,0.724,0.739,0.335,0.268
streets,14,15,0,0,7.25,7.75,1.01,-0.545,0.161,0.556,124,12.41,12.41,4.74,1.83,0.763,0.848,0.017,0.816,0.690,0.726,0.428,0.274
streets,15,15,0,0,7.75,7.75,1.01,-0.575,0.153,0.583,118,12.91,12.91,4.85,1.62,0.757,0.865,0.000,0.776,0.724,0.718,0.493,0.264
streets,16,15,0,0,8.25,7.75,1.05,-0.561,0.149,0.556,115,13.41,12.54,4.97,1.50,0.751,0.875,0.008,0.757,0.690,0.709,0.530,0.272
streets,17,15,0,0,8.75,7.75,1.33,-0.311,0.132,0.528,102,13.96,11.97,5.30,1.50,0.735,0.875,0.157,0.671,0.655,0.685,0.530,0.299
streets,18,15,0,0,9.25,7.75,1.60,-0.067,0.122,0.528,94,14.53,11.49,5.63,1.24,0.718,0.897,0.301,0.618,0.655,0.661,0.613,0.340
streets,19,15,0,0,9.75,7.75,1.80,0.106,0.177,0.694,137,14.42,11.25,5.97,1.64,0.701,0.864,0.404,0.901,0.862,0.636,0.487,0.372
streets,20,15,0,0,10.25,7.75,1.80,0.081,0.184,0.639,142,14.54,11.37,6.37,1.63,0.681,0.864,0.389,0.934,0.793,0.607,0.488,0.379
streets,21,15,0,0,10.75,7.75,1.79,0.060,0.181,0.667,140,14.80,11.48,6.79,1.84,0.661,0.847,0.377,0.921,0.828,0.576,0.423,0.352
streets,22,15,0,0,11.25,7.75,1.79,0.042,0.179,0.667,138,15.09,11.64,7.20,1.83,0.640,0.848,0.366,0.908,0.828,0.546,0.428,0.341
streets,23,15,0,0,11.75,7.75,1.79,0.019,0.177,0.611,137,15.50,11.90,7.67,1.71,0.617,0.858,0.352,0.901,0.759,0.512,0.465,0.344
streets,24,15,0,0,12.25,7.75,1.79,-0.001,0.175,0.611,135,15.91,12.19,8.08,1.21,0.596,0.899,0.340,0.888,0.759,0.482,0.622,0.355
streets,25,15,0,0,12.75,7.75,1.79,-0.038,0.166,0.611,128,16.33,12.40,8.58,0.71,0.571,0.941,0.318,0.842,0.759,0.445,0.778,0.356
streets,26,15,0,0,13.25,7.75,1.79,-0.077,0.096,0.417,74,16.74,12.81,9.08,0.50,0.546,0.958,0.295,0.487,0.517,0.408,0.843,0.317
streets,27,15,0,0,13.75,7.75,1.79,-0.107,0.089,0.389,69,17.24,13.31,9.58,0.50,0.521,0.958,0.278,0.454,0.483,0.372,0.843,0.302
streets,28,15,0,0,14.25,7.75,1.79,-0.123,0.089,0.333,69,17.74,13.81,10.08,0.50,0.496,0.958,0.268,0.454,0.414,0.335,0.843,0.303
streets,29,15,0,0,14.75,7.75,1.79,-0.137,0.087,0.333,67,18.24,14.31,10.58,0.71,0.471,0.941,0.260,0.441,0.414,0.299,0.778,0.280
streets,30,15,0,0,15.25,7.75,1.78,-0.151,0.089,0.278,69,18.74,14.81,11.08,0.50,0.446,0.958,0.251,0.454,0.345,0.262,0.843,0.293
streets,38,15,0,0,19.25,7.75,1.82,-0.220,0.000,0.000,0,23.97,20.05,15.85,0.00,0.208,1.000,0.210,0.000,0.000,0.000,1.000,0.213
streets,39,15,0,0,19.75,7.75,1.80,-0.248,0.004,0.083,3,24.09,20.17,15.96,0.50,0.202,0.958,0.194,0.020,0.103,0.000,0.843,0.173
streets,40,15,0,0,20.25,7.75,1.80,-0.249,0.000,0.000,0,24.39,20.46,16.26,0.00,0.187,1.000,0.194,0.000,0.000,0.000,1.000,0.208
streets,41,15,0,0,20.75,7.75,1.81,-0.236,0.000,0.000,0,24.80,20.87,16.67,0.00,0.166,1.000,0.201,0.000,0.000,0.000,1.000,0.210
streets,42,15,0,0,21.25,7.75,1.80,-0.234,0.000,0.000,0,25.21,21.28,17.08,0.00,0.146,1.000,0.202,0.000,0.000,0.000,1.000,0.211
streets,45,15,0,0,22.75,7.75,1.82,-0.169,0.000,0.000,0,27.03,23.11,18.91,0.00,0.055,1.000,0.241,0.000,0.000,0.000,1.000,0.222
streets,46,15,0,0,23.25,7.75,1.82,-0.153,0.000,0.000,0,27.45,23.52,19.32,0.00,0.034,1.000,0.250,0.000,0.000,0.000,1.000,0.225
streets,47,15,0,0,23.75,7.75,1.82,-0.140,0.000,0.000,0,27.95,24.02,19.82,0.00,0.009,1.000,0.258,0.000,0.000,0.000,1.000,0.227
streets,-23,16,0,0,-11.25,8.25,2.41,0.541,0.080,0.278,62,15.05,2.53,1.50,0.50,0.925,0.958,0.662,0.408,0.345,0.963,0.843,0.548
streets,-22,16,0,0,-10.75,8.25,2.39,0.547,0.063,0.250,49,14.64,2.24,1.00,0.50,0.950,0.958,0.666,0.322,0.310,1.000,0.843,0.544
streets,-21,16,0,0,-10.25,8.25,2.39,0.561,0.027,0.333,21,14.34,2.12,0.50,0.50,0.975,0.958,0.674,0.138,0.414,1.000,0.843,0.494
streets,-20,16,0,0,-9.75,8.25,2.39,0.579,0.016,0.278,12,14.09,2.00,0.00,0.50,1.000,0.958,0.684,0.079,0.345,1.000,0.843,0.496
streets,-19,16,0,0,-9.25,8.25,2.39,0.603,0.000,0.000,0,13.89,2.12,0.50,0.00,0.975,1.000,0.698,0.000,0.000,1.000,1.000,0.559
streets,-18,16,0,0,-8.75,8.25,1.59,-0.172,0.170,0.583,131,13.51,3.43,2.08,1.75,0.896,0.855,0.239,0.862,0.724,0.921,0.453,0.388
streets,-17,16,0,0,-8.25,8.25,1.58,-0.163,0.170,0.583,131,13.40,3.81,2.58,1.83,0.871,0.848,0.244,0.862,0.724,0.884,0.428,0.378
streets,-16,16,0,0,-7.75,8.25,1.58,-0.138,0.170,0.583,131,13.21,4.30,3.08,1.62,0.846,0.865,0.259,0.862,0.724,0.848,0.493,0.385
streets,-15,16,0,0,-7.25,8.25,1.58,-0.114,0.177,0.694,137,12.71,4.80,3.58,1.50,0.821,0.875,0.273,0.901,0.862,0.811,0.530,0.375
streets,-14,16,0,0,-6.75,8.25,1.58,-0.089,0.152,0.722,117,12.21,5.30,3.95,1.62,0.803,0.865,0.288,0.770,0.897,0.784,0.493,0.337
streets,-13,16,0,0,-6.25,8.25,1.58,-0.056,0.140,0.778,108,11.71,5.80,4.24,1.83,0.788,0.848,0.307,0.711,0.966,0.763,0.428,0.306
streets,-12,16,0,0,-5.75,8.25,1.58,-0.022,0.131,0.722,101,11.21,6.24,4.65,2.24,0.767,0.814,0.328,0.664,0.897,0.733,0.299,0.288
streets,-11,16,0,0,-5.25,8.25,1.58,0.033,0.133,0.722,103,10.71,6.69,5.06,2.74,0.747,0.772,0.361,0.678,0.897,0.702,0.143,0.271
streets,-10,16,0,0,-4.75,8.25,1.58,0.090,0.127,0.667,98,10.21,6.46,5.56,3.24,0.722,0.730,0.394,0.645,0.828,0.666,0.000,0.256
streets,-9,16,0,0,-4.25,8.25,1.60,0.158,0.131,0.722,101,9.71,6.25,6.06,3.12,0.697,0.740,0.435,0.664,0.897,0.629,0.022,0.258
streets,-8,16,0,0,-3.75,8.25,1.53,0.133,0.128,0.694,99,9.21,6.06,6.40,2.94,0.680,0.755,0.420,0.651,0.862,0.605,0.080,0.260
streets,-7,16,0,0,-3.25,8.25,1.40,0.042,0.131,0.722,101,8.70,5.94,6.28,2.79,0.686,0.768,0.366,0.664,0.897,0.614,0.127,0.250
streets,-6,16,0,0,-2.75,8.25,1.25,-0.091,0.126,0.694,97,8.18,6.06,6.18,2.27,0.691,0.811,0.287,0.638,0.862,0.621,0.290,0.252
streets,-5,16,0,0,-2.25,8.25,1.12,-0.189,0.137,0.778,106,7.75,6.29,5.75,1.84,0.712,0.847,0.229,0.697,0.966,0.652,0.424,0.257
streets,-4,16,0,0,-1.75,8.25,1.00,-0.282,0.172,0.722,133,7.54,6.60,5.54,2.15,0.723,0.821,0.174,0.875,0.897,0.668,0.327,0.275
streets,-3,16,0,0,-1.25,8.25,0.99,-0.260,0.210,0.778,162,7.42,7.01,5.42,2.94,0.729,0.755,0.187,1.000,0.966,0.677,0.078,0.258
streets,-2,16,0,0,-0.75,8.25,0.99,-0.250,0.222,0.806,171,7.30,7.30,5.30,2.54,0.735,0.788,0.193,1.000,1.000,0.685,0.204,0.276
streets,-1,16,0,0,-0.25,8.25,0.99,-0.242,0.223,0.778,172,7.18,7.18,5.18,2.13,0.741,0.823,0.198,1.000,0.966,0.694,0.333,0.303
streets,0,16,0,0,0.25,8.25,1.00,-0.232,0.229,0.722,177,7.07,7.07,5.07,1.83,0.747,0.847,0.203,1.000,0.897,0.702,0.425,0.331
streets,1,16,0,0,0.75,8.25,0.99,-0.227,0.231,0.750,178,7.18,7.18,5.18,1.63,0.741,0.864,0.206,1.000,0.931,0.694,0.490,0.335
streets,2,16,0,0,1.25,8.25,1.00,-0.219,0.214,0.722,165,7.30,7.30,5.06,1.51,0.747,0.874,0.211,1.000,0.897,0.702,0.526,0.348
streets,3,16,0,0,1.75,8.25,1.01,-0.204,0.166,0.722,128,7.41,7.41,4.65,1.63,0.767,0.864,0.220,0.842,0.897,0.733,0.490,0.320
streets,4,16,0,0,2.25,8.25,1.02,-0.190,0.165,0.694,127,7.62,7.62,4.36,1.84,0.782,0.847,0.228,0.836,0.862,0.754,0.425,0.321
streets,5,16,0,0,2.75,8.25,1.02,-0.205,0.162,0.694,125,8.03,8.03,4.06,2.12,0.797,0.823,0.220,0.822,0.862,0.776,0.336,0.307
streets,6,16,0,0,3.25,8.25,1.02,-0.219,0.159,0.639,123,8.53,8.53,3.85,2.33,0.807,0.806,0.211,0.809,0.793,0.791,0.271,0.305
streets,7,16,0,0,3.75,8.25,1.02,-0.233,0.161,0.722,124,9.03,9.03,3.74,2.62,0.813,0.781,0.203,0.816,0.897,0.800,0.178,0.276
streets,8,16,0,0,4.25,8.25,1.02,-0.261,0.161,0.750,124,9.53,9.53,3.62,3.03,0.819,0.747,0.186,0.816,0.931,0.808,0.050,0.248
streets,9,16,0,0,4.75,8.25,1.02,-0.294,0.165,0.750,127,10.03,10.03,3.50,3.10,0.825,0.741,0.166,0.836,0.931,0.817,0.028,0.245
streets,10,16,0,0,5.25,8.25,1.02,-0.332,0.165,0.667,127,10.53,10.53,3.62,3.10,0.819,0.741,0.144,0.836,0.828,0.808,0.028,0.252
streets,11,16,0,0,5.75,8.25,1.02,-0.363,0.167,0.750,129,11.03,11.03,3.74,2.74,0.813,0.772,0.126,0.849,0.931,0.800,0.143,0.249
streets,12,16,0,0,6.25,8.25,1.02,-0.415,0.165,0.722,127,11.53,11.53,3.85,2.24,0.807,0.814,0.095,0.836,0.897,0.791,0.299,0.264
streets,13,16,0,0,6.75,8.25,1.01,-0.467,0.161,0.667,124,12.03,12.03,4.12,1.83,0.794,0.848,0.064,0.816,0.828,0.772,0.428,0.277
streets,14,16,0,0,7.25,8.25,1.01,-0.507,0.158,0.528,122,12.53,12.53,4.24,1.42,0.788,0.882,0.040,0.803,0.655,0.763,0.557,0.310
streets,15,16,0,0,7.75,8.25,1.01,-0.526,0.155,0.583,120,13.03,13.03,4.35,1.12,0.782,0.907,0.029,0.789,0.724,0.754,0.649,0.306
streets,16,16,0,0,8.25,8.25,1.06,-0.507,0.150,0.556,116,13.53,12.72,4.56,1.00,0.772,0.917,0.040,0.763,0.690,0.739,0.687,0.312
streets,17,16,0,0,8.75,8.25,1.32,-0.263,0.124,0.556,96,14.07,12.25,4.89,1.00,0.756,0.917,0.185,0.632,0.690,0.715,0.687,0.324
streets,18,16,0,0,9.25,8.25,1.59,-0.014,0.128,0.583,99,14.64,11.89,5.24,1.00,0.738,0.917,0.332,0.651,0.724,0.690,0.687,0.362
streets,19,16,0,0,9.75,8.25,1.80,0.167,0.171,0.583,132,14.92,11.75,5.68,1.14,0.716,0.905,0.440,0.868,0.724,0.657,0.644,0.425
streets,20,16,0,0,10.25,8.25,1.80,0.147,0.174,0.611,134,15.04,11.87,6.08,1.43,0.696,0.881,0.428,0.882,0.759,0.628,0.552,0.399
streets,21,16,0,0,10.75,8.25,1.79,0.128,0.175,0.611,135,15.21,11.98,6.55,1.83,0.672,0.848,0.417,0.888,0.759,0.594,0.428,0.372
streets,22,16,0,0,11.25,8.25,1.79,0.104,0.175,0.583,135,15.50,12.10,6.96,2.12,0.652,0.823,0.403,0.888,0.724,0.563,0.335,0.353
streets,23,16,0,0,11.75,8.25,1.78,0.077,0.176,0.611,136,15.80,12.31,7.46,1.83,0.627,0.848,0.387,0.895,0.759,0.527,0.428,0.351
streets,24,16,0,0,12.25,8.25,1.79,0.059,0.176,0.583,136,16.21,12.60,7.96,1.41,0.602,0.882,0.376,0.895,0.724,0.490,0.557,0.365
streets,25,16,0,0,12.75,8.25,1.79,0.028,0.171,0.583,132,16.62,12.81,8.46,1.12,0.577,0.907,0.357,0.868,0.724,0.454,0.650,0.360
streets,26,16,0,0,13.25,8.25,1.78,-0.012,0.113,0.472,87,17.03,13.11,8.96,1.00,0.552,0.917,0.334,0.572,0.586,0.417,0.687,0.313
streets,27,16,0,0,13.75,8.25,1.77,-0.056,0.105,0.417,81,17.44,13.52,9.46,1.00,0.527,0.917,0.308,0.533,0.517,0.380,0.686,0.300
streets,28,16,0,0,14.25,8.25,1.78,-0.066,0.102,0.389,79,17.85,13.93,9.96,1.00,0.502,0.917,0.302,0.520,0.483,0.344,0.687,0.294
streets,29,16,0,0,14.75,8.25,1.78,-0.078,0.100,0.361,77,18.35,14.43,10.46,1.12,0.477,0.907,0.295,0.507,0.448,0.307,0.650,0.281
streets,30,16,0,0,15.25,8.25,1.78,-0.081,0.097,0.278,75,18.85,14.93,10.96,1.00,0.452,0.917,0.293,0.493,0.345,0.271,0.687,0.292
streets,38,16,0,0,19.25,8.25,1.81,-0.201,0.000,0.000,0,23.47,19.55,15.35,0.00,0.233,1.000,0.222,0.000,0.000,0.000,1.000,0.217
streets,39,16,0,0,19.75,8.25,1.80,-0.201,0.004,0.083,3,23.68,19.76,15.55,0.50,0.222,0.958,0.222,0.020,0.103,0.000,0.843,0.182
streets,40,16,0,0,20.25,8.25,1.80,-0.200,0.003,0.056,2,24.09,20.17,15.96,0.50,0.202,0.958,0.223,0.013,0.069,0.000,0.843,0.186
streets,41,16,0,0,20.75,8.25,1.81,-0.186,0.000,0.000,0,24.59,20.67,16.46,0.00,0.177,1.000,0.231,0.000,0.000,0.000,1.000,0.219
streets,42,16,0,0,21.25,8.25,1.81,-0.194,0.000,0.000,0,25.09,21.17,16.96,0.00,0.152,1.000,0.226,0.000,0.000,0.000,1.000,0.218
streets,-23,17,0,0,-11.25,8.75,2.41,0.540,0.000,0.000,0,15.35,2.12,1.62,0.00,0.919,1.000,0.661,0.000,0.000,0.955,1.000,0.539
streets,-22,17,0,0,-10.75,8.75,2.39,0.542,0.000,0.000,0,15.05,1.83,1.12,0.00,0.944,1.000,0.662,0.000,0.000,0.991,1.000,0.547
streets,-21,17,0,0,-10.25,8.75,2.39,0.559,0.000,0.000,0,14.76,1.62,0.71,0.00,0.965,1.000,0.673,0.000,0.000,1.000,1.000,0.552
streets,-20,17,0,0,-9.75,8.75,2.39,0.575,0.012,0.167,9,14.51,1.50,0.50,0.50,0.975,0.958,0.682,0.059,0.207,1.000,0.843,0.512
streets,-19,17,0,0,-9.25,8.75,2.39,0.587,0.000,0.000,0,14.39,1.62,0.71,0.00,0.965,1.000,0.689,0.000,0.000,1.000,1.000,0.557
streets,-18,17,0,0,-8.75,8.75,1.59,-0.199,0.163,0.583,126,14.01,3.18,2.18,1.75,0.891,0.854,0.223,0.829,0.724,0.914,0.452,0.375
streets,-17,17,0,0,-8.25,8.75,1.58,-0.191,0.168,0.583,130,13.83,3.68,2.68,2.10,0.866,0.825,0.227,0.855,0.724,0.877,0.342,0.357
streets,-16,17,0,0,-7.75,8.75,1.58,-0.169,0.163,0.556,126,13.33,4.18,3.18,2.60,0.841,0.783,0.240,0.829,0.690,0.841,0.185,0.330
streets,-15,17,0,0,-7.25,8.75,1.58,-0.150,0.174,0.694,134,12.83,4.68,3.68,2.00,0.816,0.833,0.252,0.882,0.862,0.804,0.373,0.339
streets,-14,17,0,0,-6.75,8.75,1.58,-0.129,0.149,0.694,115,12.33,5.18,4.18,2.12,0.791,0.823,0.264,0.757,0.862,0.767,0.336,0.305
streets,-13,17,0,0,-6.25,8.75,1.58,-0.106,0.133,0.750,103,11.83,5.58,4.65,2.24,0.767,0.814,0.278,0.678,0.931,0.733,0.299,0.271
streets,-12,17,0,0,-5.75,8.75,1.58,-0.064,0.126,0.722,97,11.33,5.99,4.95,2.53,0.753,0.789,0.303,0.638,0.897,0.711,0.207,0.257
streets,-11,17,0,0,-5.25,8.75,1.58,-0.009,0.127,0.722,98,10.83,6.40,5.36,2.94,0.732,0.755,0.335,0.645,0.897,0.681,0.078,0.243
streets,-10,17,0,0,-4.75,8.75,1.58,0.036,0.119,0.639,92,10.33,6.05,5.77,2.74,0.711,0.772,0.363,0.605,0.793,0.651,0.142,0.262
streets,-9,17,0,0,-4.25,8.75,1.60,0.105,0.122,0.722,94,9.84,5.75,6.09,2.62,0.695,0.782,0.403,0.618,0.897,0.627,0.179,0.262
streets,-8,17,0,0,-3.75,8.75,1.53,0.076,0.120,0.667,93,9.33,5.56,5.90,2.44,0.705,0.797,0.386,0.612,0.828,0.642,0.236,0.278
streets,-7,17,0,0,-3.25,8.75,1.40,-0.023,0.126,0.694,97,8.90,5.44,5.78,2.32,0.711,0.807,0.327,0.638,0.862,0.650,0.274,0.268
streets,-6,17,0,0,-2.75,8.75,1.25,-0.148,0.120,0.667,93,8.47,5.57,5.91,2.56,0.704,0.787,0.253,0.612,0.828,0.640,0.198,0.232
streets,-5,17,0,0,-2.25,8.75,1.12,-0.246,0.128,0.694,99,8.16,5.89,6.16,2.25,0.692,0.813,0.195,0.651,0.862,0.622,0.296,0.228
streets,-4,17,0,0,-1.75,8.75,1.00,-0.337,0.163,0.750,126,8.04,6.30,6.04,2.73,0.698,0.773,0.141,0.829,0.931,0.631,0.145,0.217
streets,-3,17,0,0,-1.25,8.75,0.99,-0.314,0.193,0.778,149,7.91,6.71,5.91,2.53,0.704,0.789,0.155,0.980,0.966,0.640,0.207,0.257
streets,-2,17,0,0,-0.75,8.75,1.00,-0.283,0.197,0.694,152,7.80,7.13,5.80,2.24,0.710,0.814,0.173,1.000,0.862,0.649,0.299,0.297
streets,-1,17,0,0,-0.25,8.75,0.99,-0.267,0.202,0.750,156,7.68,7.47,5.68,2.12,0.716,0.823,0.183,1.000,0.931,0.657,0.336,0.297
streets,0,17,0,0,0.25,8.75,1.00,-0.246,0.199,0.667,154,7.57,7.57,5.57,2.00,0.722,0.833,0.195,1.000,0.828,0.666,0.373,0.323
streets,1,17,0,0,0.75,8.75,1.00,-0.241,0.214,0.722,165,7.68,7.68,5.18,2.00,0.741,0.833,0.198,1.000,0.897,0.694,0.373,0.320
streets,2,17,0,0,1.25,8.75,1.01,-0.233,0.194,0.667,150,7.80,7.80,4.77,1.83,0.762,0.848,0.203,0.987,0.828,0.724,0.428,0.343
streets,3,17,0,0,1.75,8.75,1.02,-0.213,0.161,0.722,124,7.91,7.91,4.36,1.62,0.782,0.865,0.215,0.816,0.897,0.754,0.493,0.318
streets,4,17,0,0,2.25,8.75,1.02,-0.213,0.157,0.694,121,8.03,8.03,3.95,1.50,0.803,0.875,0.215,0.796,0.862,0.784,0.530,0.331
streets,5,17,0,0,2.75,8.75,1.03,-0.203,0.158,0.722,122,8.33,8.33,3.65,1.62,0.817,0.865,0.220,0.803,0.897,0.806,0.493,0.327
streets,6,17,0,0,3.25,8.75,1.03,-0.227,0.153,0.694,118,8.74,8.74,3.35,1.92,0.832,0.840,0.206,0.776,0.862,0.828,0.400,0.313
streets,7,17,0,0,3.75,8.75,1.03,-0.243,0.154,0.722,119,9.15,9.15,3.24,2.33,0.838,0.806,0.197,0.783,0.897,0.836,0.271,0.289
streets,8,17,0,0,4.25,8.75,1.02,-0.272,0.155,0.778,120,9.65,9.65,3.12,2.62,0.844,0.782,0.179,0.789,0.966,0.845,0.179,0.263
streets,9,17,0,0,4.75,8.75,1.01,-0.306,0.161,0.806,124,10.15,10.15,3.00,3.03,0.850,0.747,0.160,0.816,1.000,0.854,0.050,0.239
streets,10,17,0,0,5.25,8.75,1.02,-0.333,0.159,0.722,123,10.65,10.65,3.12,3.12,0.844,0.740,0.144,0.809,0.897,0.845,0.023,0.243
streets,11,17,0,0,5.75,8.75,1.02,-0.363,0.162,0.722,125,11.15,11.15,3.24,2.62,0.838,0.782,0.125,0.822,0.897,0.836,0.180,0.262
streets,12,17,0,0,6.25,8.75,1.02,-0.400,0.162,0.722,125,11.65,11.65,3.44,2.12,0.828,0.823,0.104,0.822,0.897,0.821,0.336,0.276
streets,13,17,0,0,6.75,8.75,1.03,-0.425,0.158,0.667,122,12.15,12.15,3.62,1.62,0.819,0.865,0.089,0.803,0.828,0.808,0.493,0.299
streets,14,17,0,0,7.25,8.75,1.02,-0.456,0.157,0.556,121,12.65,12.65,3.74,1.12,0.813,0.907,0.070,0.796,0.690,0.800,0.650,0.334
streets,15,17,0,0,7.75,8.75,1.01,-0.494,0.154,0.611,119,13.15,13.15,3.85,0.71,0.807,0.941,0.048,0.783,0.759,0.791,0.778,0.332
streets,16,17,0,0,8.25,8.75,1.06,-0.463,0.139,0.583,107,13.65,13.00,4.15,0.50,0.792,0.958,0.067,0.704,0.724,0.769,0.843,0.332
streets,17,17,0,0,8.75,8.75,1.32,-0.219,0.109,0.472,84,14.19,12.64,4.48,0.50,0.776,0.958,0.211,0.553,0.586,0.745,0.843,0.361
streets,18,17,0,0,9.25,8.75,1.59,0.037,0.122,0.528,94,14.76,12.39,4.94,0.50,0.753,0.958,0.363,0.618,0.655,0.711,0.843,0.403
streets,19,17,0,0,9.75,8.75,1.80,0.222,0.162,0.556,125,15.29,12.25,5.44,0.74,0.728,0.939,0.472,0.822,0.690,0.675,0.770,0.453
streets,20,17,0,0,10.25,8.75,1.80,0.206,0.165,0.583,127,15.54,12.37,5.84,1.14,0.708,0.905,0.463,0.836,0.724,0.645,0.644,0.423
streets,21,17,0,0,10.75,8.75,1.79,0.190,0.167,0.611,129,15.65,12.48,6.34,1.64,0.683,0.864,0.453,0.849,0.759,0.609,0.487,0.387
streets,22,17,0,0,11.25,8.75,1.78,0.161,0.165,0.611,127,15.92,12.60,6.84,2.14,0.658,0.822,0.437,0.836,0.759,0.572,0.330,0.348
streets,23,17,0,0,11.75,8.75,1.78,0.134,0.170,0.583,131,16.21,12.76,7.34,1.83,0.633,0.848,0.420,0.862,0.724,0.535,0.428,0.361
streets,24,17,0,0,12.25,8.75,1.79,0.110,0.165,0.556,127,16.51,13.01,7.84,1.41,0.608,0.882,0.406,0.836,0.690,0.499,0.557,0.369
streets,25,17,0,0,12.75,8.75,1.78,0.079,0.162,0.472,125,16.92,13.30,8.34,1.12,0.583,0.907,0.388,0.822,0.586,0.462,0.650,0.383
streets,26,17,0,0,13.25,8.75,1.77,0.047,0.109,0.472,84,17.33,13.52,8.84,1.50,0.558,0.875,0.369,0.553,0.586,0.426,0.530,0.298
streets,27,17,0,0,13.75,8.75,1.76,0.004,0.101,0.389,78,17.74,13.82,9.35,1.50,0.533,0.875,0.344,0.513,0.483,0.389,0.530,0.291
streets,28,17,0,0,14.25,8.75,1.77,-0.006,0.096,0.361,74,18.15,14.23,9.84,1.50,0.508,0.875,0.337,0.487,0.448,0.352,0.530,0.281
streets,29,17,0,0,14.75,8.75,1.78,-0.017,0.092,0.333,71,18.56,14.64,10.35,1.50,0.483,0.875,0.331,0.467,0.414,0.316,0.530,0.273
streets,30,17,0,0,15.25,8.75,1.78,-0.022,0.092,0.306,71,18.97,15.05,10.84,1.00,0.458,0.917,0.328,0.467,0.379,0.279,0.687,0.294
streets,31,17,0,0,15.75,8.75,1.79,-0.015,0.088,0.222,68,19.47,15.55,11.35,0.50,0.433,0.958,0.332,0.447,0.276,0.243,0.843,0.323
streets,32,17,0,0,16.25,8.75,1.79,-0.024,0.027,0.111,21,19.97,16.05,11.85,0.50,0.408,0.958,0.327,0.138,0.138,0.206,0.843,0.273
streets,33,17,0,0,16.75,8.75,1.80,-0.043,0.000,0.000,0,20.47,16.55,12.35,0.00,0.383,1.000,0.316,0.000,0.000,0.169,1.000,0.279
streets,34,17,0,0,17.25,8.75,1.80,-0.070,0.000,0.000,0,20.97,17.05,12.85,0.00,0.358,1.000,0.300,0.000,0.000,0.133,1.000,0.266
streets,35,17,0,0,17.75,8.75,1.79,-0.112,0.000,0.000,0,21.47,17.55,13.35,0.00,0.333,1.000,0.275,0.000,0.000,0.096,1.000,0.252
streets,36,17,0,0,18.25,8.75,1.78,-0.142,0.000,0.000,0,21.97,18.05,13.85,0.00,0.308,1.000,0.257,0.000,0.000,0.060,1.000,0.239
streets,37,17,0,0,18.75,8.75,1.78,-0.163,0.003,0.056,2,22.47,18.55,14.35,0.50,0.283,0.958,0.244,0.013,0.069,0.023,0.843,0.197
streets,38,17,0,0,19.25,8.75,1.79,-0.175,0.004,0.083,3,22.97,19.05,14.85,0.50,0.258,0.958,0.237,0.020,0.103,0.000,0.843,0.186
streets,39,17,0,0,19.75,8.75,1.80,-0.163,0.009,0.139,7,23.47,19.55,15.35,0.50,0.233,0.958,0.244,0.046,0.172,0.000,0.843,0.183
streets,40,17,0,0,20.25,8.75,1.81,-0.147,0.009,0.111,7,23.97,20.05,15.85,0.50,0.208,0.958,0.254,0.046,0.138,0.000,0.843,0.191
streets,41,17,0,0,20.75,8.75,1.81,-0.144,0.000,0.000,0,24.47,20.55,16.35,0.00,0.183,1.000,0.255,0.000,0.000,0.000,1.000,0.227
streets,42,17,0,0,21.25,8.75,1.81,-0.135,0.000,0.000,0,24.97,21.05,16.85,0.00,0.158,1.000,0.261,0.000,0.000,0.000,1.000,0.228
streets,-23,18,0,0,-11.25,9.25,2.41,0.536,0.000,0.000,0,15.76,1.83,1.83,0.00,0.909,1.000,0.659,0.000,0.000,0.940,1.000,0.536
streets,-22,18,0,0,-10.75,9.25,2.39,0.535,0.023,0.167,18,15.46,1.41,1.41,0.50,0.929,0.958,0.658,0.118,0.207,0.970,0.843,0.511
streets,-21,18,0,0,-10.25,9.25,2.39,0.550,0.009,0.194,7,15.21,1.12,1.12,0.50,0.944,0.958,0.667,0.046,0.241,0.991,0.843,0.498
streets,-20,18,0,0,-9.75,9.25,2.39,0.562,0.010,0.167,8,15.01,1.00,1.00,0.71,0.950,0.941,0.674,0.053,0.207,1.000,0.778,0.499
streets,-18,18,0,0,-8.75,9.25,1.59,-0.220,0.158,0.500,122,14.45,3.49,2.43,1.87,0.878,0.844,0.210,0.803,0.621,0.895,0.413,0.371
streets,-17,18,0,0,-8.25,9.25,1.58,-0.216,0.167,0.611,129,13.95,3.81,2.89,2.19,0.856,0.817,0.213,0.849,0.759,0.862,0.313,0.339
streets,-16,18,0,0,-7.75,9.25,1.58,-0.199,0.167,0.639,129,13.45,4.30,3.30,2.62,0.835,0.782,0.223,0.849,0.793,0.832,0.180,0.311
streets,-15,18,0,0,-7.25,9.25,1.58,-0.183,0.177,0.694,137,12.95,4.57,3.80,2.50,0.810,0.792,0.233,0.901,0.862,0.795,0.217,0.312
streets,-14,18,0,0,-6.75,9.25,1.58,-0.167,0.162,0.750,125,12.45,4.87,4.30,2.62,0.785,0.782,0.242,0.822,0.931,0.759,0.180,0.276
streets,-13,18,0,0,-6.25,9.25,1.58,-0.149,0.144,0.750,111,11.95,5.28,4.80,2.74,0.760,0.772,0.253,0.730,0.931,0.722,0.143,0.248
streets,-12,18,0,0,-5.75,9.25,1.58,-0.115,0.132,0.722,102,11.45,5.69,5.30,2.94,0.735,0.755,0.273,0.671,0.897,0.685,0.078,0.230
streets,-11,18,0,0,-5.25,9.25,1.58,-0.062,0.136,0.778,105,10.95,6.10,5.66,2.53,0.717,0.789,0.304,0.691,0.966,0.659,0.206,0.247
streets,-10,18,0,0,-4.75,9.25,1.58,-0.009,0.126,0.750,97,10.45,5.74,6.07,2.24,0.697,0.813,0.336,0.638,0.931,0.629,0.298,0.259
streets,-9,18,0,0,-4.25,9.25,1.60,0.053,0.123,0.722,95,10.04,5.34,5.68,2.22,0.716,0.815,0.372,0.625,0.897,0.657,0.304,0.279
streets,-8,18,0,0,-3.75,9.25,1.53,0.026,0.123,0.722,95,9.62,5.14,5.48,2.02,0.726,0.832,0.356,0.625,0.897,0.672,0.367,0.287
streets,-7,18,0,0,-3.25,9.25,1.40,-0.073,0.124,0.750,96,9.20,4.94,5.28,2.38,0.736,0.802,0.298,0.632,0.931,0.687,0.256,0.252
streets,-6,18,0,0,-2.75,9.25,1.25,-0.194,0.119,0.694,92,8.88,5.17,5.51,2.97,0.725,0.753,0.226,0.605,0.862,0.670,0.071,0.204
streets,-5,18,0,0,-2.25,9.25,1.12,-0.291,0.137,0.750,106,8.66,5.59,5.94,2.75,0.703,0.771,0.168,0.697,0.931,0.638,0.139,0.199
streets,-4,18,0,0,-1.75,9.25,1.00,-0.386,0.172,0.694,133,8.54,6.02,6.43,2.44,0.679,0.797,0.112,0.875,0.862,0.603,0.236,0.235
streets,-3,18,0,0,-1.25,9.25,0.99,-0.356,0.188,0.722,145,8.41,6.47,6.41,2.12,0.679,0.823,0.130,0.954,0.897,0.604,0.335,0.266
streets,-2,18,0,0,-0.75,9.25,1.00,-0.318,0.194,0.694,150,8.30,6.76,6.30,1.83,0.685,0.848,0.152,0.987,0.862,0.612,0.428,0.300
streets,-1,18,0,0,-0.25,9.25,0.99,-0.298,0.194,0.694,150,8.18,7.18,5.97,1.62,0.701,0.865,0.164,0.987,0.862,0.636,0.493,0.318
streets,0,18,0,0,0.25,9.25,0.99,-0.282,0.194,0.667,150,8.07,7.68,5.47,1.50,0.726,0.875,0.174,0.987,0.828,0.673,0.530,0.339
streets,1,18,0,0,0.75,9.25,0.99,-0.268,0.199,0.694,154,8.18,8.18,4.97,1.50,0.751,0.875,0.182,1.000,0.862,0.709,0.530,0.347
streets,2,18,0,0,1.25,9.25,0.99,-0.267,0.188,0.722,145,8.30,8.30,4.47,1.41,0.776,0.882,0.182,0.954,0.897,0.746,0.557,0.344
streets,3,18,0,0,1.75,9.25,1.00,-0.255,0.163,0.722,126,8.41,8.41,4.06,1.12,0.797,0.907,0.190,0.829,0.897,0.776,0.650,0.341
streets,4,18,0,0,2.25,9.25,1.02,-0.238,0.157,0.778,121,8.53,8.53,3.65,1.00,0.817,0.917,0.200,0.796,0.966,0.806,0.687,0.339
streets,5,18,0,0,2.75,9.25,1.02,-0.230,0.152,0.750,117,8.74,8.74,3.24,1.21,0.838,0.899,0.204,0.770,0.931,0.836,0.621,0.336
streets,6,18,0,0,3.25,9.25,1.01,-0.254,0.154,0.750,119,9.04,9.04,2.94,1.62,0.853,0.865,0.190,0.783,0.931,0.858,0.493,0.320
streets,7,18,0,0,3.75,9.25,1.00,-0.275,0.150,0.778,116,9.45,9.45,2.74,1.91,0.863,0.840,0.178,0.763,0.966,0.873,0.400,0.296
streets,8,18,0,0,4.25,9.25,1.01,-0.289,0.150,0.806,116,9.86,9.86,2.62,2.33,0.869,0.806,0.169,0.763,1.000,0.882,0.271,0.270
streets,9,18,0,0,4.75,9.25,1.01,-0.307,0.157,0.806,121,10.27,10.27,2.50,2.74,0.875,0.772,0.159,0.796,1.000,0.890,0.143,0.256
streets,10,18,0,0,5.25,9.25,1.02,-0.331,0.154,0.806,119,10.77,10.77,2.62,3.00,0.869,0.750,0.144,0.783,1.000,0.882,0.060,0.235
streets,11,18,0,0,5.75,9.25,1.01,-0.361,0.157,0.778,121,11.27,11.27,2.74,2.50,0.863,0.792,0.127,0.796,0.966,0.873,0.217,0.259
streets,12,18,0,0,6.25,9.25,1.01,-0.384,0.154,0.778,119,11.77,11.77,3.00,2.00,0.850,0.833,0.113,0.783,0.966,0.854,0.373,0.272
streets,13,18,0,0,6.75,9.25,1.01,-0.395,0.154,0.750,119,12.27,12.27,3.12,1.50,0.844,0.875,0.107,0.783,0.931,0.845,0.530,0.297
streets,14,18,0,0,7.25,9.25,1.03,-0.409,0.152,0.639,117,12.77,12.77,3.24,1.00,0.838,0.917,0.098,0.770,0.793,0.836,0.687,0.335
streets,15,18,0,0,7.75,9.25,1.02,-0.438,0.145,0.667,112,13.27,13.27,3.44,0.50,0.828,0.958,0.081,0.737,0.828,0.821,0.843,0.338
streets,16,18,0,0,8.25,9.25,1.06,-0.415,0.000,0.000,0,13.77,13.40,3.74,0.00,0.813,1.000,0.095,0.000,0.000,0.799,1.000,0.338
streets,17,18,0,0,8.75,9.25,1.33,-0.159,0.000,0.000,0,14.31,13.04,4.19,0.00,0.791,1.000,0.247,0.000,0.000,0.767,1.000,0.377
streets,18,18,0,0,9.25,9.25,1.60,0.092,0.000,0.000,0,14.88,12.89,4.71,0.00,0.765,1.000,0.395,0.000,0.000,0.729,1.000,0.414
streets,19,18,0,0,9.75,9.25,1.80,0.280,0.097,0.417,75,15.41,12.75,5.25,0.54,0.738,0.955,0.507,0.493,0.517,0.689,0.831,0.436
streets,20,18,0,0,10.25,9.25,1.80,0.268,0.108,0.417,83,15.90,12.87,5.73,1.02,0.714,0.915,0.500,0.546,0.517,0.654,0.680,0.414
streets,21,18,0,0,10.75,9.25,1.79,0.248,0.120,0.472,93,16.15,12.98,6.23,1.52,0.689,0.873,0.488,0.612,0.586,0.617,0.523,0.383
streets,22,18,0,0,11.25,9.25,1.79,0.223,0.131,0.500,101,16.33,13.10,6.73,2.02,0.664,0.832,0.473,0.664,0.621,0.581,0.367,0.353
streets,23,18,0,0,11.75,9.25,1.78,0.201,0.137,0.500,106,16.62,13.22,7.23,2.12,0.639,0.823,0.460,0.697,0.621,0.544,0.335,0.344
streets,24,18,0,0,12.25,9.25,1.79,0.185,0.136,0.444,105,16.92,13.43,7.73,1.83,0.614,0.848,0.451,0.691,0.552,0.507,0.428,0.356
streets,25,18,0,0,12.75,9.25,1.79,0.164,0.137,0.444,106,17.21,13.71,8.23,1.41,0.589,0.882,0.438,0.697,0.552,0.471,0.557,0.366
streets,26,18,0,0,13.25,9.25,1.79,0.131,0.091,0.389,70,17.62,13.93,8.73,2.00,0.564,0.833,0.419,0.461,0.483,0.434,0.373,0.288
streets,27,18,0,0,13.75,9.25,1.78,0.104,0.083,0.389,64,18.04,14.23,9.23,2.00,0.539,0.833,0.402,0.421,0.483,0.398,0.373,0.268
streets,28,18,0,0,14.25,9.25,1.78,0.087,0.080,0.306,62,18.45,14.52,9.73,2.00,0.514,0.833,0.393,0.408,0.379,0.361,0.373,0.271
streets,29,18,0,0,14.75,9.25,1.79,0.078,0.078,0.333,60,18.86,14.93,10.23,1.62,0.489,0.865,0.387,0.395,0.414,0.324,0.493,0.272
streets,30,18,0,0,15.25,9.25,1.79,0.062,0.075,0.250,58,19.27,15.34,10.73,1.12,0.464,0.907,0.378,0.382,0.310,0.288,0.650,0.298
streets,31,18,0,0,15.75,9.25,1.79,0.064,0.074,0.222,57,19.68,15.76,11.23,0.71,0.439,0.941,0.379,0.375,0.276,0.251,0.778,0.314
streets,32,18,0,0,16.25,9.25,1.80,0.057,0.073,0.167,56,20.09,16.17,11.73,0.50,0.414,0.958,0.374,0.368,0.207,0.214,0.843,0.324
streets,33,18,0,0,16.75,9.25,1.80,0.049,0.000,0.000,0,20.59,16.67,12.23,0.00,0.389,1.000,0.370,0.000,0.000,0.178,1.000,0.297
streets,34,18,0,0,17.25,9.25,1.80,0.024,0.000,0.000,0,21.09,17.17,12.73,0.00,0.364,1.000,0.355,0.000,0.000,0.141,1.000,0.285
streets,35,18,0,0,17.75,9.25,1.80,-0.014,0.000,0.000,0,21.59,17.67,13.23,0.00,0.339,1.000,0.333,0.000,0.000,0.105,1.000,0.271
streets,36,18,0,0,18.25,9.25,1.79,-0.043,0.000,0.000,0,22.09,18.17,13.73,0.00,0.314,1.000,0.316,0.000,0.000,0.068,1.000,0.258
streets,37,18,0,0,18.75,9.25,1.79,-0.078,0.004,0.056,3,22.59,18.67,14.23,0.50,0.289,0.958,0.295,0.020,0.069,0.031,0.843,0.215
streets,38,18,0,0,19.25,9.25,1.80,-0.093,0.003,0.056,2,23.09,19.17,14.73,1.00,0.264,0.917,0.286,0.013,0.069,0.000,0.687,0.181
streets,39,18,0,0,19.75,9.25,1.81,-0.100,0.009,0.139,7,23.59,19.67,15.23,0.50,0.239,0.958,0.282,0.046,0.172,0.000,0.843,0.194
streets,40,18,0,0,20.25,9.25,1.81,-0.101,0.019,0.083,15,24.09,20.17,15.73,0.50,0.214,0.958,0.281,0.099,0.103,0.000,0.843,0.215
streets,41,18,0,0,20.75,9.25,1.81,-0.090,0.000,0.000,0,24.59,20.67,16.23,0.00,0.189,1.000,0.287,0.000,0.000,0.000,1.000,0.236
streets,42,18,0,0,21.25,9.25,1.81,-0.077,0.000,0.000,0,25.09,21.17,16.73,0.00,0.164,1.000,0.295,0.000,0.000,0.000,1.000,0.239
streets,-23,19,0,0,-11.25,9.75,2.41,0.513,0.000,0.000,0,16.17,1.62,2.12,0.00,0.894,1.000,0.645,0.000,0.000,0.918,1.000,0.527
streets,-22,19,0,0,-10.75,9.75,2.39,0.520,0.013,0.194,10,15.88,1.12,1.83,0.50,0.909,0.958,0.649,0.066,0.241,0.940,0.843,0.486
streets,-21,19,0,0,-10.25,9.75,2.39,0.534,0.013,0.194,10,15.63,0.71,1.62,0.71,0.919,0.941,0.657,0.066,0.241,0.955,0.778,0.482
streets,-20,19,0,0,-9.75,9.75,2.39,0.546,0.010,0.139,8,15.51,0.50,1.50,1.12,0.925,0.907,0.665,0.053,0.172,0.963,0.650,0.474
streets,-17,19,0,0,-8.25,9.75,1.60,-0.220,0.165,0.528,127,14.07,3.75,3.12,2.41,0.844,0.799,0.211,0.836,0.655,0.845,0.243,0.337
streets,-16,19,0,0,-7.75,9.75,1.59,-0.215,0.163,0.583,126,13.57,3.86,3.55,2.12,0.823,0.823,0.213,0.829,0.724,0.813,0.336,0.334
streets,-15,19,0,0,-7.25,9.75,1.59,-0.201,0.175,0.722,135,13.07,4.16,4.00,2.33,0.800,0.806,0.221,0.888,0.897,0.780,0.271,0.306
streets,-14,19,0,0,-6.75,9.75,1.59,-0.189,0.157,0.639,121,12.57,4.57,4.41,2.53,0.779,0.789,0.229,0.796,0.793,0.750,0.207,0.290
streets,-13,19,0,0,-6.25,9.75,1.59,-0.181,0.145,0.750,112,12.07,4.98,4.91,2.95,0.754,0.754,0.233,0.737,0.931,0.713,0.077,0.232
streets,-12,19,0,0,-5.75,9.75,1.59,-0.151,0.132,0.778,102,11.57,5.48,5.41,2.53,0.729,0.789,0.251,0.671,0.966,0.677,0.206,0.231
streets,-11,19,0,0,-5.25,9.75,1.60,-0.092,0.136,0.778,105,11.16,5.86,5.91,2.12,0.704,0.823,0.286,0.691,0.966,0.640,0.335,0.257
streets,-10,19,0,0,-4.75,9.75,1.59,-0.059,0.131,0.722,101,10.74,5.45,5.86,1.83,0.707,0.848,0.306,0.664,0.897,0.644,0.427,0.283
streets,-9,19,0,0,-4.25,9.75,1.59,-0.024,0.130,0.778,100,10.33,5.03,5.44,2.00,0.728,0.833,0.327,0.658,0.966,0.675,0.374,0.276
streets,-8,19,0,0,-3.75,9.75,1.60,0.041,0.123,0.694,95,9.93,4.63,4.97,2.07,0.751,0.827,0.365,0.625,0.862,0.709,0.351,0.300
streets,-7,19,0,0,-3.25,9.75,1.45,-0.082,0.126,0.722,97,9.61,4.43,4.78,1.87,0.761,0.844,0.292,0.638,0.897,0.724,0.413,0.288
streets,-6,19,0,0,-2.75,9.75,1.31,-0.184,0.120,0.639,93,9.30,4.85,5.27,2.94,0.737,0.755,0.232,0.612,0.793,0.688,0.080,0.222
streets,-5,19,0,0,-2.25,9.75,1.18,-0.294,0.141,0.639,109,9.16,5.37,5.76,2.30,0.712,0.809,0.167,0.717,0.793,0.651,0.280,0.247
streets,-4,19,0,0,-1.75,9.75,1.04,-0.400,0.154,0.528,119,9.03,5.76,6.08,2.32,0.696,0.807,0.103,0.783,0.655,0.628,0.275,0.256
streets,-3,19,0,0,-1.25,9.75,0.98,-0.417,0.171,0.583,132,8.91,6.06,6.38,1.91,0.681,0.840,0.094,0.868,0.724,0.606,0.400,0.274
streets,-2,19,0,0,-0.75,9.75,0.98,-0.383,0.174,0.500,134,8.80,6.56,6.35,1.41,0.682,0.882,0.114,0.882,0.621,0.608,0.557,0.323
streets,-1,19,0,0,-0.25,9.75,1.00,-0.334,0.179,0.556,138,8.68,7.06,5.85,1.12,0.707,0.907,0.143,0.908,0.690,0.645,0.650,0.347
streets,0,19,0,0,0.25,9.75,0.99,-0.324,0.176,0.500,136,8.57,7.56,5.35,1.00,0.732,0.917,0.149,0.895,0.621,0.681,0.687,0.370
streets,1,19,0,0,0.75,9.75,0.99,-0.306,0.180,0.556,139,8.68,8.06,4.85,1.00,0.757,0.917,0.160,0.914,0.690,0.718,0.687,0.374
streets,2,19,0,0,1.25,9.75,0.99,-0.296,0.162,0.500,125,8.80,8.56,4.35,1.12,0.782,0.907,0.165,0.822,0.621,0.754,0.650,0.369
streets,3,19,0,0,1.75,9.75,0.99,-0.290,0.161,0.556,124,8.91,8.91,3.85,0.71,0.807,0.941,0.169,0.816,0.690,0.791,0.778,0.385
streets,4,19,0,0,2.25,9.75,0.99,-0.285,0.145,0.639,112,9.03,9.03,3.35,0.50,0.832,0.958,0.172,0.737,0.793,0.828,0.843,0.372
streets,5,19,0,0,2.75,9.75,0.99,-0.281,0.150,0.667,116,9.15,9.15,2.94,1.00,0.853,0.917,0.174,0.763,0.828,0.858,0.687,0.355
streets,6,19,0,0,3.25,9.75,1.00,-0.280,0.149,0.694,115,9.45,9.45,2.53,1.21,0.873,0.899,0.175,0.757,0.862,0.888,0.622,0.345
streets,7,19,0,0,3.75,9.75,0.99,-0.298,0.153,0.778,118,9.74,9.74,2.24,1.62,0.888,0.865,0.164,0.776,0.966,0.909,0.493,0.316
streets,8,19,0,0,4.25,9.75,1.00,-0.309,0.148,0.806,114,10.15,10.15,2.12,2.12,0.894,0.823,0.158,0.750,1.000,0.918,0.336,0.281
streets,9,19,0,0,4.75,9.75,1.01,-0.314,0.157,0.833,121,10.56,10.56,2.00,2.62,0.900,0.782,0.155,0.796,1.000,0.927,0.180,0.268
streets,10,19,0,0,5.25,9.75,1.01,-0.334,0.152,0.750,117,10.98,10.98,2.12,3.12,0.894,0.740,0.143,0.770,0.931,0.918,0.023,0.244
streets,11,19,0,0,5.75,9.75,1.01,-0.348,0.155,0.833,120,11.39,11.39,2.33,2.62,0.884,0.782,0.134,0.789,1.000,0.903,0.180,0.256
streets,12,19,0,0,6.25,9.75,1.00,-0.366,0.155,0.750,120,11.89,11.89,2.50,2.12,0.875,0.823,0.124,0.789,0.931,0.890,0.336,0.284
streets,13,19,0,0,6.75,9.75,1.01,-0.367,0.154,0.722,119,12.39,12.39,2.62,1.62,0.869,0.865,0.123,0.783,0.897,0.882,0.493,0.309
streets,14,19,0,0,7.25,9.75,1.02,-0.372,0.149,0.583,115,12.89,12.89,2.74,1.12,0.863,0.907,0.120,0.757,0.724,0.873,0.650,0.351
streets,15,19,0,0,7.75,9.75,1.00,-0.410,0.140,0.528,108,13.39,13.39,3.03,0.71,0.848,0.941,0.098,0.711,0.655,0.851,0.778,0.360
streets,16,19,0,0,8.25,9.75,1.01,-0.416,0.136,0.444,105,13.89,13.80,3.44,0.50,0.828,0.958,0.094,0.691,0.552,0.821,0.843,0.374
streets,-23,20,0,0,-11.25,10.25,2.41,0.493,0.005,0.028,4,16.58,1.50,2.53,0.50,0.873,0.958,0.633,0.026,0.034,0.888,0.843,0.494
streets,-22,20,0,0,-10.75,10.25,2.39,0.502,0.017,0.167,13,16.33,1.00,2.24,0.50,0.888,0.958,0.639,0.086,0.207,0.910,0.843,0.486
streets,-21,20,0,0,-10.25,10.25,2.39,0.518,0.014,0.194,11,16.12,0.50,2.12,0.50,0.894,0.958,0.648,0.072,0.241,0.918,0.843,0.483
streets,-20,20,0,0,-9.75,10.25,2.39,0.530,0.014,0.194,11,16.01,0.00,2.00,0.50,0.900,0.958,0.656,0.072,0.241,0.927,0.843,0.487
streets,-17,20,0,0,-8.25,10.25,1.62,-0.217,0.124,0.444,96,14.19,3.25,3.62,2.20,0.819,0.817,0.212,0.632,0.552,0.808,0.312,0.316
streets,-16,20,0,0,-7.75,10.25,1.62,-0.208,0.159,0.583,123,13.69,3.45,3.83,2.39,0.809,0.801,0.218,0.809,0.724,0.793,0.252,0.315
streets,-15,20,0,0,-7.25,10.25,1.62,-0.197,0.166,0.694,128,13.19,3.86,4.24,2.75,0.788,0.771,0.224,0.842,0.862,0.763,0.139,0.280
streets,-14,20,0,0,-6.75,10.25,1.62,-0.188,0.159,0.722,123,12.69,4.36,4.67,2.33,0.767,0.806,0.230,0.809,0.897,0.732,0.271,0.283
streets,-13,20,0,0,-6.25,10.25,1.62,-0.179,0.144,0.778,111,12.28,4.86,5.12,2.74,0.744,0.772,0.234,0.730,0.966,0.698,0.142,0.233
streets,-12,20,0,0,-5.75,10.25,1.62,-0.152,0.135,0.806,104,11.86,5.36,5.53,2.77,0.723,0.769,0.251,0.684,1.000,0.668,0.132,0.216
streets,-11,20,0,0,-5.25,10.25,1.62,-0.120,0.136,0.861,105,11.45,5.74,6.03,2.54,0.698,0.789,0.270,0.691,1.000,0.632,0.205,0.226
streets,-10,20,0,0,-4.75,10.25,1.62,-0.091,0.130,0.778,100,11.04,5.24,5.65,2.32,0.718,0.806,0.287,0.658,0.966,0.660,0.272,0.246
streets,-9,20,0,0,-4.25,10.25,1.62,-0.057,0.132,0.806,102,10.63,4.74,5.15,2.12,0.743,0.823,0.307,0.671,1.000,0.696,0.336,0.266
streets,4,20,0,0,2.25,10.25,1.01,-0.289,0.067,0.361,52,9.53,9.53,3.24,1.71,0.838,0.858,0.169,0.342,0.448,0.836,0.465,0.289
streets,5,20,0,0,2.75,10.25,1.01,-0.284,0.149,0.722,115,9.65,9.65,2.74,0.50,0.863,0.958,0.172,0.757,0.897,0.873,0.843,0.370
streets,6,20,0,0,3.25,10.25,1.00,-0.299,0.150,0.778,116,9.86,9.86,2.24,1.00,0.888,0.917,0.164,0.763,0.966,0.909,0.687,0.342
streets,7,20,0,0,3.75,10.25,1.02,-0.290,0.150,0.861,116,10.15,10.15,1.83,1.50,0.909,0.875,0.169,0.763,1.000,0.940,0.530,0.321
streets,8,20,0,0,4.25,10.25,1.02,-0.309,0.150,0.861,116,10.45,10.45,1.62,2.00,0.919,0.833,0.158,0.763,1.000,0.955,0.373,0.297
streets,9,20,0,0,4.75,10.25,1.01,-0.332,0.149,0.889,115,10.86,10.86,1.50,2.50,0.925,0.792,0.144,0.757,1.000,0.963,0.217,0.270
streets,10,20,0,0,5.25,10.25,1.01,-0.329,0.148,0.806,114,11.27,11.27,1.62,2.94,0.919,0.755,0.146,0.750,1.000,0.955,0.078,0.246
streets,11,20,0,0,5.75,10.25,1.01,-0.333,0.153,0.861,118,11.68,11.68,2.12,2.53,0.894,0.789,0.144,0.776,1.000,0.918,0.207,0.263
streets,12,20,0,0,6.25,10.25,1.00,-0.340,0.150,0.833,116,12.09,12.09,2.00,2.12,0.900,0.823,0.139,0.763,1.000,0.927,0.336,0.280
streets,13,20,0,0,6.75,10.25,1.02,-0.329,0.146,0.750,113,12.50,12.50,2.12,1.62,0.894,0.865,0.146,0.743,0.931,0.918,0.493,0.310
streets,14,20,0,0,7.25,10.25,1.03,-0.334,0.137,0.583,106,13.00,12.96,2.33,1.12,0.884,0.907,0.143,0.697,0.724,0.903,0.650,0.352
streets,15,20,0,0,7.75,10.25,1.00,-0.373,0.123,0.500,95,13.50,13.26,2.74,0.71,0.863,0.941,0.119,0.625,0.621,0.873,0.778,0.359
streets,-23,21,0,0,-11.25,10.75,2.41,0.470,0.000,0.000,0,16.99,1.62,2.94,0.00,0.853,1.000,0.619,0.000,0.000,0.858,1.000,0.507
streets,-22,21,0,0,-10.75,10.75,2.39,0.486,0.000,0.000,0,16.74,1.12,2.74,0.00,0.863,1.000,0.629,0.000,0.000,0.873,1.000,0.513
streets,-21,21,0,0,-10.25,10.75,2.39,0.504,0.000,0.000,0,16.55,0.71,2.62,0.00,0.869,1.000,0.640,0.000,0.000,0.882,1.000,0.518
streets,-20,21,0,0,-9.75,10.75,2.39,0.515,0.012,0.139,9,16.05,0.50,2.50,0.50,0.875,0.958,0.646,0.059,0.172,0.890,0.843,0.484
streets,-19,21,0,0,-9.25,10.75,2.39,0.525,0.000,0.000,0,15.55,0.71,2.71,0.00,0.865,1.000,0.652,0.000,0.000,0.875,1.000,0.521
streets,-18,21,0,0,-8.75,10.75,2.39,0.533,0.000,0.000,0,15.05,1.21,3.21,0.00,0.840,1.000,0.657,0.000,0.000,0.838,1.000,0.515
streets,-17,21,0,0,-8.25,10.75,1.62,-0.233,0.119,0.389,92,14.31,2.75,4.12,1.70,0.794,0.859,0.203,0.605,0.483,0.771,0.468,0.334
streets,-16,21,0,0,-7.75,10.75,1.62,-0.224,0.148,0.472,114,13.81,3.25,4.24,2.04,0.788,0.830,0.208,0.750,0.586,0.763,0.361,0.331
streets,-15,21,0,0,-7.25,10.75,1.62,-0.212,0.161,0.556,124,13.39,3.75,4.54,2.54,0.773,0.788,0.215,0.816,0.690,0.741,0.204,0.303
streets,-14,21,0,0,-6.75,10.75,1.62,-0.201,0.150,0.639,116,12.98,4.25,4.95,2.53,0.753,0.789,0.222,0.763,0.793,0.711,0.206,0.273
streets,-13,21,0,0,-6.25,10.75,1.62,-0.187,0.139,0.722,107,12.57,4.75,5.36,2.12,0.732,0.823,0.230,0.704,0.897,0.681,0.335,0.262
streets,-12,21,0,0,-5.75,10.75,1.62,-0.167,0.127,0.722,98,12.15,5.25,5.78,2.66,0.711,0.778,0.242,0.645,0.897,0.650,0.165,0.222
streets,-11,21,0,0,-5.25,10.75,1.62,-0.143,0.122,0.722,94,11.74,5.63,6.04,2.15,0.698,0.821,0.256,0.618,0.897,0.631,0.326,0.241
streets,-10,21,0,0,-4.75,10.75,1.62,-0.121,0.114,0.750,88,11.33,5.13,5.54,2.52,0.723,0.790,0.269,0.579,0.931,0.668,0.210,0.222
streets,-9,21,0,0,-4.25,10.75,1.62,-0.088,0.106,0.722,82,11.03,4.63,5.04,2.64,0.748,0.780,0.289,0.539,0.897,0.705,0.173,0.227
streets,-8,21,0,0,-3.75,10.75,1.70,0.032,0.101,0.722,78,10.75,4.13,4.54,2.37,0.773,0.803,0.360,0.513,0.897,0.741,0.258,0.263
streets,-7,21,0,0,-3.25,10.75,1.93,0.299,0.100,0.694,77,10.57,3.58,3.99,2.14,0.801,0.821,0.518,0.507,0.862,0.781,0.329,0.333
streets,-6,21,0,0,-2.75,10.75,2.14,0.546,0.097,0.611,75,10.59,3.12,3.46,1.60,0.827,0.867,0.665,0.493,0.759,0.820,0.499,0.423
streets,-5,21,0,0,-2.25,10.75,2.39,0.828,0.109,0.583,84,10.73,2.66,2.98,1.04,0.851,0.913,0.832,0.553,0.724,0.855,0.673,0.523
streets,-4,21,0,0,-1.75,10.75,2.64,1.110,0.075,0.472,58,11.00,2.33,2.53,0.50,0.873,0.958,0.999,0.382,0.586,0.888,0.843,0.592
streets,-3,21,0,0,-1.25,10.75,2.69,1.189,0.039,0.278,30,11.20,2.12,2.12,1.62,0.894,0.865,1.000,0.197,0.345,0.918,0.493,0.545
streets,-2,21,0,0,-0.75,10.75,2.69,1.228,0.167,0.611,129,10.70,2.00,1.83,0.50,0.909,0.958,1.000,0.849,0.759,0.940,0.843,0.670
streets,-1,21,0,0,-0.25,10.75,1.01,-0.420,0.019,0.194,15,10.07,8.47,5.62,0.50,0.719,0.958,0.092,0.099,0.241,0.662,0.843,0.270
streets,-1,21,1,0,-0.25,10.75,2.69,1.262,0.170,0.667,131,10.60,2.12,1.62,1.00,0.919,0.917,1.000,0.862,0.828,0.955,0.687,0.642
streets,0,21,0,0,0.25,10.75,1.00,-0.395,0.000,0.000,0,9.57,7.97,5.12,0.00,0.744,1.000,0.107,0.000,0.000,0.699,1.000,0.322
streets,0,21,1,0,0.25,10.75,2.69,1.293,0.181,0.667,140,10.54,2.41,1.50,1.50,0.925,0.875,1.000,0.921,0.828,0.963,0.530,0.632
streets,1,21,0,0,0.75,10.75,1.00,-0.361,0.000,0.000,0,9.68,8.47,4.71,0.00,0.765,1.000,0.127,0.000,0.000,0.729,1.000,0.334
streets,1,21,1,0,0.75,10.75,2.69,1.325,0.184,0.667,142,10.60,2.74,1.62,1.52,0.919,0.873,1.000,0.934,0.828,0.955,0.523,0.632
streets,2,21,0,0,1.25,10.75,1.01,-0.331,0.022,0.194,17,10.18,8.97,4.50,0.50,0.775,0.958,0.145,0.112,0.241,0.744,0.843,0.305
streets,2,21,1,0,1.25,10.75,2.69,1.347,0.163,0.639,126,10.72,3.03,1.83,1.02,0.909,0.915,1.000,0.829,0.793,0.940,0.680,0.637
streets,4,21,0,0,2.25,10.75,2.90,1.575,0.000,0.000,0,11.19,3.76,2.55,0.00,0.873,1.000,1.000,0.000,0.000,0.887,1.000,0.627
streets,5,21,0,0,2.75,10.75,1.01,-0.309,0.109,0.556,84,10.15,10.15,2.62,1.00,0.869,0.917,0.158,0.553,0.690,0.882,0.687,0.334
streets,6,21,0,0,3.25,10.75,0.99,-0.331,0.119,0.722,92,10.27,10.27,2.12,1.21,0.894,0.899,0.145,0.605,0.897,0.918,0.622,0.307
streets,7,21,0,0,3.75,10.75,1.00,-0.331,0.128,0.806,99,10.56,10.56,1.62,1.62,0.919,0.865,0.145,0.651,1.000,0.955,0.493,0.289
streets,8,21,0,0,4.25,10.75,1.01,-0.330,0.135,0.833,104,10.86,10.86,1.12,2.12,0.944,0.823,0.145,0.684,1.000,0.991,0.336,0.279
streets,12,21,0,0,6.25,10.75,1.01,-0.324,0.139,0.778,107,12.39,11.96,1.50,1.83,0.925,0.848,0.149,0.704,0.966,0.963,0.428,0.297
streets,13,21,0,0,6.75,10.75,1.01,-0.319,0.136,0.722,105,12.80,12.26,1.62,1.41,0.919,0.882,0.152,0.691,0.897,0.955,0.557,0.324
streets,14,21,0,0,7.25,10.75,1.02,-0.313,0.133,0.556,103,13.21,12.55,2.12,1.00,0.894,0.917,0.155,0.678,0.690,0.918,0.687,0.365
streets,15,21,0,0,7.75,10.75,1.00,-0.341,0.120,0.472,93,13.62,12.96,2.62,0.50,0.869,0.958,0.139,0.612,0.586,0.882,0.843,0.379
streets,16,21,0,0,8.25,10.75,1.01,-0.340,0.000,0.000,0,14.12,13.37,3.12,0.00,0.844,1.000,0.139,0.000,0.000,0.845,1.000,0.361
streets,21,21,0,2,10.75,10.75,1.20,-0.218,0.003,0.056,2,inf,4.45,4.06,1.00,0.797,0.917,0.211,0.013,0.069,0.776,0.687,0.314
streets,22,21,0,2,11.25,10.75,1.20,-0.227,0.003,0.056,2,inf,4.03,3.85,1.50,0.807,0.875,0.207,0.013,0.069,0.791,0.530,0.292
streets,23,21,0,2,11.75,10.75,1.20,-0.241,0.003,0.056,2,inf,3.83,3.74,1.50,0.813,0.875,0.198,0.013,0.069,0.800,0.530,0.291
streets,26,21,0,2,13.25,10.75,1.64,0.164,0.000,0.000,0,inf,2.68,3.68,0.00,0.816,1.000,0.438,0.000,0.000,0.803,1.000,0.442
streets,27,21,0,2,13.75,10.75,1.73,0.249,0.004,0.056,3,inf,2.61,3.84,0.51,0.808,0.958,0.489,0.020,0.069,0.792,0.840,0.425
streets,-23,22,0,0,-11.25,11.25,2.41,0.441,0.000,0.000,0,17.45,1.83,3.35,0.00,0.832,1.000,0.603,0.000,0.000,0.828,1.000,0.496
streets,-22,22,0,0,-10.75,11.25,2.39,0.466,0.000,0.000,0,17.16,1.41,3.24,0.00,0.838,1.000,0.617,0.000,0.000,0.836,1.000,0.502
streets,-21,22,0,0,-10.25,11.25,2.39,0.490,0.000,0.000,0,16.66,1.12,3.12,0.00,0.844,1.000,0.631,0.000,0.000,0.845,1.000,0.508
streets,-20,22,0,0,-9.75,11.25,2.39,0.503,0.009,0.056,7,16.16,1.00,3.00,0.50,0.850,0.958,0.639,0.046,0.069,0.854,0.843,0.488
streets,-19,22,0,0,-9.25,11.25,2.39,0.510,0.000,0.000,0,15.67,1.12,3.12,0.00,0.844,1.000,0.643,0.000,0.000,0.845,1.000,0.512
streets,-18,22,0,0,-8.75,11.25,2.39,0.519,0.000,0.000,0,15.17,1.41,3.41,0.00,0.829,1.000,0.649,0.000,0.000,0.823,1.000,0.509
streets,-17,22,0,0,-8.25,11.25,1.62,-0.246,0.105,0.361,81,14.51,2.84,4.62,1.70,0.769,0.859,0.195,0.533,0.448,0.735,0.468,0.315
streets,-16,22,0,0,-7.75,11.25,1.62,-0.236,0.139,0.472,107,14.10,3.34,4.74,2.04,0.763,0.830,0.201,0.704,0.586,0.726,0.361,0.313
streets,-15,22,0,0,-7.25,11.25,1.62,-0.222,0.149,0.556,115,13.68,3.84,4.95,2.54,0.753,0.788,0.209,0.757,0.690,0.711,0.204,0.284
streets,-14,22,0,0,-6.75,11.25,1.62,-0.211,0.142,0.611,110,13.27,4.34,5.24,2.55,0.738,0.787,0.216,0.724,0.759,0.689,0.201,0.264
streets,-13,22,0,0,-6.25,11.25,1.62,-0.192,0.133,0.694,103,12.86,4.84,5.65,2.15,0.717,0.821,0.227,0.678,0.862,0.659,0.327,0.255
streets,-12,22,0,0,-5.75,11.25,1.62,-0.176,0.113,0.639,87,12.45,5.34,6.07,2.84,0.697,0.763,0.237,0.572,0.793,0.629,0.109,0.209
streets,-11,22,0,0,-5.25,11.25,1.62,-0.155,0.110,0.694,85,12.04,5.52,5.93,2.96,0.704,0.753,0.249,0.559,0.862,0.639,0.072,0.196
streets,-10,22,0,0,-4.75,11.25,1.62,-0.138,0.096,0.667,74,11.74,5.02,5.43,3.20,0.729,0.733,0.259,0.487,0.828,0.676,0.000,0.186
streets,-9,22,0,0,-4.25,11.25,1.62,-0.105,0.093,0.639,72,11.46,4.52,4.93,3.19,0.754,0.734,0.279,0.474,0.793,0.713,0.001,0.202
streets,-8,22,0,0,-3.75,11.25,1.69,0.006,0.084,0.556,65,11.25,4.02,4.43,2.81,0.778,0.766,0.344,0.428,0.690,0.749,0.121,0.253
streets,-7,22,0,0,-3.25,11.25,1.94,0.275,0.088,0.556,68,11.07,3.46,3.88,2.25,0.806,0.813,0.504,0.447,0.690,0.789,0.296,0.340
streets,-6,22,0,0,-2.75,11.25,2.14,0.512,0.100,0.444,77,11.09,2.93,3.34,1.60,0.833,0.867,0.644,0.507,0.552,0.829,0.498,0.452
streets,-5,22,0,0,-2.25,11.25,2.39,0.793,0.119,0.500,92,11.23,2.37,2.78,0.75,0.861,0.938,0.811,0.605,0.621,0.870,0.765,0.560
streets,-4,22,0,0,-1.75,11.25,2.64,1.072,0.093,0.500,72,11.48,1.92,2.24,0.71,0.888,0.941,0.976,0.474,0.621,0.909,0.778,0.593
streets,-3,22,0,0,-1.25,11.25,2.69,1.158,0.092,0.500,71,11.41,1.62,1.83,0.50,0.909,0.958,1.000,0.467,0.621,0.940,0.843,0.615
streets,-2,22,0,0,-0.75,11.25,2.69,1.193,0.161,0.556,124,11.20,1.50,1.41,0.50,0.929,0.958,1.000,0.816,0.690,0.970,0.843,0.680
streets,-1,22,0,0,-0.25,11.25,1.00,-0.460,0.000,0.000,0,10.27,8.68,5.50,0.00,0.725,1.000,0.068,0.000,0.000,0.671,1.000,0.305
streets,-1,22,1,0,-0.25,11.25,2.69,1.228,0.161,0.639,124,11.10,1.71,1.12,1.00,0.944,0.917,1.000,0.816,0.793,0.991,0.687,0.645
streets,0,22,0,0,0.25,11.25,1.00,-0.431,0.000,0.000,0,10.07,8.47,5.00,0.00,0.750,1.000,0.085,0.000,0.000,0.707,1.000,0.317
streets,0,22,1,0,0.25,11.25,2.69,1.259,0.166,0.611,128,11.04,2.12,1.00,1.50,0.950,0.875,1.000,0.842,0.759,1.000,0.530,0.634
streets,1,22,0,0,0.75,11.25,1.00,-0.398,0.000,0.000,0,10.18,8.68,4.50,0.00,0.775,1.000,0.105,0.000,0.000,0.744,1.000,0.330
streets,1,22,1,0,0.75,11.25,2.69,1.293,0.171,0.639,132,11.10,2.33,1.12,1.53,0.944,0.872,1.000,0.868,0.793,0.991,0.520,0.631
streets,2,22,0,0,1.25,11.25,1.01,-0.361,0.018,0.167,14,10.39,9.09,4.00,0.50,0.800,0.958,0.127,0.092,0.207,0.780,0.843,0.308
streets,2,22,1,0,1.25,11.25,2.69,1.321,0.177,0.611,137,11.22,2.62,1.41,1.03,0.929,0.914,1.000,0.901,0.759,0.970,0.677,0.662
streets,3,22,0,0,1.75,11.25,1.01,-0.346,0.000,0.000,0,10.80,9.59,3.50,0.00,0.825,1.000,0.135,0.000,0.000,0.817,1.000,0.354
streets,4,22,0,0,2.25,11.25,1.01,-0.338,0.000,0.000,0,11.15,10.09,3.00,0.00,0.850,1.000,0.140,0.000,0.000,0.854,1.000,0.363
streets,4,22,1,0,2.25,11.25,2.95,1.601,0.000,0.000,0,11.69,3.47,2.27,0.00,0.887,1.000,1.000,0.000,0.000,0.907,1.000,0.631
streets,5,22,0,0,2.75,11.25,1.01,-0.325,0.092,0.528,71,10.65,10.51,2.50,0.50,0.875,0.958,0.148,0.467,0.655,0.890,0.843,0.344
streets,6,22,0,0,3.25,11.25,0.99,-0.357,0.115,0.667,89,10.77,10.40,2.00,1.00,0.900,0.917,0.129,0.586,0.828,0.927,0.687,0.320
streets,7,22,0,0,3.75,11.25,1.00,-0.347,0.119,0.778,92,10.98,10.52,1.50,1.50,0.925,0.875,0.135,0.605,0.966,0.963,0.530,0.289
streets,8,22,0,0,4.25,11.25,1.01,-0.341,0.122,0.806,94,11.27,10.63,1.00,2.00,0.950,0.833,0.139,0.618,1.000,1.000,0.373,0.271
streets,9,22,0,0,4.75,11.25,1.01,-0.344,0.126,0.806,97,11.57,10.75,0.50,2.50,0.975,0.792,0.137,0.638,1.000,1.000,0.217,0.251
streets,10,22,0,0,5.25,11.25,1.01,-0.334,0.127,0.806,98,11.86,10.96,0.00,2.62,1.000,0.782,0.143,0.645,1.000,1.000,0.180,0.249
streets,11,22,0,0,5.75,11.25,1.01,-0.321,0.131,0.778,101,12.36,11.25,0.50,2.12,0.975,0.823,0.151,0.664,0.966,1.000,0.336,0.284
streets,12,22,0,0,6.25,11.25,1.01,-0.310,0.127,0.778,98,12.86,11.55,1.00,1.62,0.950,0.865,0.157,0.645,0.966,1.000,0.493,0.305
streets,13,22,0,0,6.75,11.25,1.01,-0.302,0.131,0.667,101,13.10,11.84,1.50,1.12,0.925,0.907,0.162,0.664,0.828,0.963,0.650,0.347
streets,14,22,0,0,7.25,11.25,1.01,-0.293,0.127,0.528,98,13.51,12.26,2.00,0.71,0.900,0.941,0.167,0.645,0.655,0.927,0.778,0.383
streets,15,22,0,0,7.75,11.25,1.00,-0.314,0.110,0.417,85,13.92,12.67,2.50,0.50,0.875,0.958,0.155,0.559,0.517,0.890,0.843,0.385
streets,16,22,0,0,8.25,11.25,1.01,-0.308,0.000,0.000,0,14.33,13.08,3.00,0.00,0.850,1.000,0.159,0.000,0.000,0.854,1.000,0.368
streets,21,22,0,2,10.75,11.25,1.20,-0.185,0.003,0.028,2,inf,4.33,3.65,0.50,0.817,0.958,0.231,0.013,0.034,0.806,0.843,0.354
streets,22,22,0,2,11.25,11.25,1.20,-0.201,0.001,0.028,1,inf,3.83,3.35,1.00,0.832,0.917,0.222,0.007,0.034,0.828,0.687,0.331
streets,23,22,0,2,11.75,11.25,1.20,-0.213,0.003,0.056,2,inf,3.33,3.24,1.00,0.838,0.917,0.214,0.013,0.069,0.836,0.687,0.327
streets,24,22,0,2,12.25,11.25,1.20,-0.226,0.001,0.028,1,inf,2.83,3.12,1.00,0.844,0.917,0.207,0.007,0.034,0.845,0.687,0.330
streets,26,22,0,2,13.25,11.25,1.44,-0.003,0.006,0.111,5,inf,2.15,3.15,0.54,0.843,0.955,0.339,0.033,0.138,0.843,0.832,0.381
streets,27,22,0,2,13.75,11.25,1.44,-0.013,0.009,0.139,7,inf,2.03,3.26,0.58,0.837,0.952,0.333,0.046,0.172,0.834,0.819,0.373
streets,-17,23,0,0,-8.25,11.75,1.62,-0.253,0.095,0.306,73,14.80,3.34,5.12,2.20,0.744,0.817,0.191,0.480,0.379,0.698,0.312,0.283
streets,-16,23,0,0,-7.75,11.75,1.62,-0.242,0.123,0.361,95,14.39,3.55,5.24,2.13,0.738,0.822,0.197,0.625,0.448,0.690,0.331,0.304
streets,-15,23,0,0,-7.25,11.75,1.62,-0.233,0.131,0.444,101,13.98,3.96,5.36,2.62,0.732,0.782,0.203,0.664,0.552,0.681,0.179,0.274
streets,-13,23,0,0,-6.25,11.75,1.62,-0.206,0.123,0.639,95,13.16,4.96,5.95,2.96,0.702,0.753,0.218,0.625,0.793,0.638,0.072,0.210
streets,-12,23,0,0,-5.75,11.75,1.62,-0.189,0.111,0.667,86,12.75,5.46,6.36,2.76,0.682,0.770,0.229,0.566,0.828,0.607,0.136,0.199
streets,-11,23,0,0,-5.25,11.75,1.62,-0.168,0.102,0.694,79,12.45,5.63,6.04,2.96,0.698,0.753,0.241,0.520,0.862,0.631,0.072,0.184
streets,-10,23,0,0,-4.75,11.75,1.62,-0.151,0.097,0.694,75,12.15,5.14,5.56,3.14,0.722,0.738,0.251,0.493,0.862,0.667,0.015,0.180
streets,-3,23,0,0,-1.25,11.75,2.71,1.146,0.049,0.306,38,11.82,1.21,1.62,0.71,0.919,0.941,1.000,0.250,0.379,0.955,0.778,0.601
streets,-2,23,0,0,-0.75,11.75,2.69,1.162,0.167,0.528,129,11.70,1.00,1.12,0.50,0.944,0.958,1.000,0.849,0.655,0.991,0.843,0.696
streets,-1,23,0,0,-0.25,11.75,2.69,1.195,0.174,0.667,134,11.60,1.50,0.71,1.00,0.965,0.917,1.000,0.882,0.828,1.000,0.687,0.655
streets,0,23,0,0,0.25,11.75,2.69,1.227,0.177,0.528,137,11.54,1.62,0.50,1.21,0.975,0.899,1.000,0.901,0.655,1.000,0.622,0.675
streets,1,23,0,0,0.75,11.75,2.69,1.260,0.180,0.694,139,11.60,1.91,0.71,1.53,0.965,0.872,1.000,0.914,0.862,1.000,0.520,0.632
streets,2,23,0,0,1.25,11.75,1.01,-0.391,0.019,0.222,15,10.80,9.39,4.12,0.50,0.794,0.958,0.109,0.099,0.276,0.772,0.843,0.292
streets,2,23,1,0,1.25,11.75,2.69,1.287,0.174,0.667,134,11.72,2.33,1.12,1.03,0.944,0.914,1.000,0.882,0.828,0.991,0.677,0.652
streets,3,23,0,0,1.75,11.75,1.01,-0.368,0.000,0.000,0,11.09,9.80,3.62,0.00,0.819,1.000,0.123,0.000,0.000,0.808,1.000,0.348
streets,4,23,0,0,2.25,11.75,1.01,-0.360,0.000,0.000,0,11.27,10.13,3.12,0.00,0.844,1.000,0.127,0.000,0.000,0.845,1.000,0.357
streets,4,23,1,0,2.25,11.75,2.95,1.579,0.000,0.000,0,12.15,3.27,2.15,0.00,0.893,1.000,1.000,0.000,0.000,0.916,1.000,0.633
streets,5,23,0,0,2.75,11.75,1.01,-0.351,0.096,0.528,74,11.15,10.01,2.62,0.50,0.869,0.958,0.133,0.487,0.655,0.882,0.843,0.342
streets,6,23,0,0,3.25,11.75,0.99,-0.371,0.109,0.639,84,11.27,9.90,2.12,1.00,0.894,0.917,0.121,0.553,0.793,0.918,0.687,0.314
streets,7,23,0,0,3.75,11.75,1.00,-0.363,0.115,0.806,89,11.39,10.02,1.62,1.50,0.919,0.875,0.126,0.586,1.000,0.955,0.530,0.275
streets,8,23,0,0,4.25,11.75,1.00,-0.360,0.123,0.833,95,11.68,10.13,1.12,2.00,0.944,0.833,0.127,0.625,1.000,0.991,0.373,0.267
streets,9,23,0,0,4.75,11.75,1.00,-0.354,0.123,0.806,95,11.98,10.25,0.71,2.50,0.965,0.792,0.131,0.625,1.000,1.000,0.217,0.247
streets,10,23,0,0,5.25,11.75,1.01,-0.331,0.124,0.889,96,12.27,10.55,0.50,2.50,0.975,0.792,0.144,0.632,1.000,1.000,0.217,0.252
streets,11,23,0,0,5.75,11.75,1.01,-0.316,0.124,0.806,96,12.57,10.84,0.71,2.00,0.965,0.833,0.154,0.632,1.000,1.000,0.373,0.278
streets,12,23,0,0,6.25,11.75,1.00,-0.309,0.120,0.750,93,12.98,11.14,1.12,1.50,0.944,0.875,0.158,0.612,0.931,0.991,0.530,0.308
streets,13,23,0,0,6.75,11.75,1.01,-0.281,0.123,0.722,95,13.48,11.55,1.62,1.00,0.919,0.917,0.174,0.625,0.897,0.955,0.687,0.337
streets,14,23,0,0,7.25,11.75,1.02,-0.261,0.119,0.556,92,13.80,11.96,2.12,0.50,0.894,0.958,0.186,0.605,0.690,0.918,0.843,0.384
streets,15,23,0,0,7.75,11.75,1.01,-0.288,0.000,0.000,0,14.21,12.37,2.62,0.00,0.869,1.000,0.170,0.000,0.000,0.882,1.000,0.377
streets,16,23,0,0,8.25,11.75,1.01,-0.280,0.080,0.278,62,14.63,12.78,3.12,0.50,0.844,0.958,0.175,0.408,0.345,0.845,0.843,0.378
streets,21,23,0,2,10.75,11.75,1.20,-0.162,0.000,0.000,0,inf,4.12,3.24,0.00,0.838,1.000,0.245,0.000,0.000,0.836,1.000,0.391
streets,26,23,0,2,13.25,11.75,1.24,-0.185,0.013,0.167,10,inf,1.71,2.62,1.08,0.869,0.910,0.231,0.066,0.207,0.881,0.663,0.327
streets,27,23,0,2,13.75,11.75,1.24,-0.198,0.019,0.222,15,inf,1.50,2.74,0.54,0.863,0.955,0.223,0.099,0.276,0.873,0.831,0.345
streets,-14,24,0,0,-6.75,12.25,2.47,0.623,0.126,0.528,97,14.10,5.25,6.35,2.13,0.682,0.822,0.710,0.638,0.655,0.608,0.331,0.414
streets,-13,24,0,0,-6.25,12.25,2.46,0.632,0.118,0.639,91,13.69,5.36,6.60,2.23,0.670,0.814,0.716,0.599,0.793,0.590,0.301,0.379
streets,-12,24,0,0,-5.75,12.25,1.71,-0.109,0.104,0.583,80,13.16,5.67,6.66,3.04,0.667,0.746,0.276,0.526,0.724,0.586,0.046,0.203
streets,-11,24,0,0,-5.25,12.25,1.70,-0.104,0.095,0.667,73,12.86,5.86,6.27,2.75,0.687,0.771,0.279,0.480,0.828,0.614,0.137,0.199
streets,-10,24,0,0,-4.75,12.25,1.70,-0.085,0.082,0.528,63,12.59,5.64,6.05,2.64,0.698,0.780,0.291,0.414,0.655,0.630,0.174,0.224
streets,-2,24,0,0,-0.75,12.25,1.01,-0.540,0.000,0.000,0,13.28,11.69,8.01,0.00,0.599,1.000,0.021,0.000,0.000,0.486,1.000,0.253
streets,-2,24,1,0,-0.75,12.25,2.70,1.151,0.000,0.000,0,12.20,0.50,1.00,0.00,0.950,1.000,1.000,0.000,0.000,1.000,1.000,0.650
streets,-1,24,0,0,-0.25,12.25,1.01,-0.511,0.017,0.250,13,12.78,11.19,7.51,0.50,0.624,0.958,0.038,0.086,0.310,0.523,0.843,0.213
streets,-1,24,1,0,-0.25,12.25,2.69,1.168,0.157,0.500,121,12.10,1.00,0.50,0.50,0.975,0.958,1.000,0.796,0.621,1.000,0.843,0.693
streets,0,24,0,0,0.25,12.25,1.01,-0.482,0.016,0.194,12,12.67,11.07,6.84,2.31,0.658,0.808,0.055,0.079,0.241,0.573,0.277,0.152
streets,0,24,1,0,0.25,12.25,2.69,1.198,0.168,0.528,130,12.04,1.21,0.00,1.00,1.000,0.917,1.000,0.855,0.655,1.000,0.687,0.676
streets,1,24,0,0,0.75,12.25,2.69,1.230,0.170,0.611,131,12.10,1.62,0.50,1.12,0.975,0.907,1.000,0.862,0.759,1.000,0.650,0.656
streets,2,24,0,0,1.25,12.25,1.01,-0.415,0.000,0.000,0,11.30,9.89,4.12,0.00,0.794,1.000,0.095,0.000,0.000,0.772,1.000,0.333
streets,2,24,1,0,1.25,12.25,2.69,1.259,0.158,0.556,122,12.22,2.12,1.00,1.02,0.950,0.915,1.000,0.803,0.690,1.000,0.680,0.659
streets,3,24,0,0,1.75,12.25,1.02,-0.392,0.000,0.000,0,11.50,9.84,3.62,0.00,0.819,1.000,0.109,0.000,0.000,0.808,1.000,0.344
streets,4,24,0,0,2.25,12.25,1.01,-0.384,0.000,0.000,0,11.77,9.63,3.12,0.00,0.844,1.000,0.113,0.000,0.000,0.845,1.000,0.353
streets,4,24,1,0,2.25,12.25,2.90,1.508,0.000,0.000,0,12.65,3.14,2.02,0.00,0.899,1.000,1.000,0.000,0.000,0.925,1.000,0.635
streets,5,24,0,0,2.75,12.25,1.01,-0.373,0.092,0.500,71,11.65,9.51,2.62,0.50,0.869,0.958,0.120,0.467,0.621,0.882,0.843,0.339
streets,6,24,0,0,3.25,12.25,0.99,-0.388,0.097,0.556,75,11.77,9.40,2.12,1.00,0.894,0.917,0.111,0.493,0.690,0.918,0.687,0.315
streets,7,24,0,0,3.75,12.25,0.99,-0.382,0.114,0.722,88,11.89,9.52,1.62,1.50,0.919,0.875,0.114,0.579,0.897,0.955,0.530,0.286
streets,8,24,0,0,4.25,12.25,1.00,-0.369,0.113,0.722,87,12.09,9.63,1.12,2.00,0.944,0.833,0.122,0.572,0.897,0.991,0.373,0.271
streets,9,24,0,0,4.75,12.25,1.00,-0.353,0.118,0.778,91,12.39,9.84,0.71,2.50,0.965,0.792,0.131,0.599,0.966,1.000,0.217,0.247
streets,10,24,0,0,5.25,12.25,1.01,-0.323,0.114,0.778,88,12.69,10.13,0.50,2.50,0.975,0.792,0.149,0.579,0.966,1.000,0.217,0.248
streets,11,24,0,0,5.75,12.25,1.01,-0.294,0.117,0.806,90,12.98,10.43,0.71,2.00,0.965,0.833,0.166,0.592,1.000,1.000,0.373,0.274
streets,12,24,0,0,6.25,12.25,1.00,-0.291,0.114,0.722,88,13.28,10.84,1.12,1.50,0.944,0.875,0.168,0.579,0.897,0.991,0.530,0.310
streets,13,24,0,0,6.75,12.25,1.01,-0.273,0.117,0.722,90,13.69,11.25,1.62,1.00,0.919,0.917,0.179,0.592,0.897,0.955,0.687,0.332
streets,14,24,0,0,7.25,12.25,1.02,-0.255,0.114,0.556,88,14.10,11.66,2.12,0.50,0.894,0.958,0.190,0.579,0.690,0.918,0.843,0.379
streets,15,24,0,0,7.75,12.25,1.00,-0.274,0.045,0.278,35,14.51,12.08,2.62,0.50,0.869,0.958,0.178,0.230,0.345,0.882,0.843,0.351
streets,16,24,0,0,8.25,12.25,1.01,-0.265,0.000,0.000,0,14.92,12.49,3.12,0.00,0.844,1.000,0.184,0.000,0.000,0.845,1.000,0.374
streets,18,24,0,2,9.25,12.25,1.20,-0.099,0.001,0.028,1,inf,5.50,4.06,0.50,0.797,0.958,0.282,0.007,0.034,0.776,0.843,0.362
streets,19,24,0,2,9.75,12.25,1.20,-0.116,0.000,0.000,0,inf,5.00,3.65,0.00,0.817,1.000,0.272,0.000,0.000,0.806,1.000,0.393
streets,20,24,0,2,10.25,12.25,1.20,-0.133,0.026,0.222,20,inf,4.50,3.24,0.50,0.838,0.958,0.262,0.132,0.276,0.836,0.843,0.357
streets,21,24,0,2,10.75,12.25,1.20,-0.144,0.025,0.278,19,inf,4.00,2.83,0.50,0.859,0.958,0.256,0.125,0.345,0.866,0.843,0.350
streets,22,24,0,2,11.25,12.25,1.20,-0.156,0.023,0.250,18,inf,3.50,2.53,0.71,0.873,0.941,0.248,0.118,0.310,0.888,0.778,0.346
streets,23,24,0,2,11.75,12.25,1.20,-0.167,0.023,0.278,18,inf,3.00,2.24,1.00,0.888,0.917,0.242,0.118,0.345,0.910,0.687,0.329
streets,24,24,0,2,12.25,12.25,1.20,-0.186,0.023,0.278,18,inf,2.50,2.12,1.00,0.894,0.917,0.231,0.118,0.345,0.918,0.687,0.328
streets,25,24,0,2,12.75,12.25,1.20,-0.197,0.025,0.306,19,inf,2.00,2.00,0.71,0.900,0.941,0.224,0.125,0.379,0.927,0.778,0.337
streets,26,24,0,2,13.25,12.25,1.20,-0.215,0.022,0.306,17,inf,1.50,2.12,1.03,0.894,0.914,0.213,0.112,0.379,0.918,0.677,0.315
streets,27,24,0,2,13.75,12.25,1.20,-0.235,0.025,0.306,19,inf,1.00,2.24,1.03,0.888,0.914,0.202,0.125,0.379,0.910,0.677,0.312
streets,28,24,0,2,14.25,12.25,1.20,-0.237,0.023,0.250,18,inf,0.50,2.53,1.15,0.873,0.905,0.200,0.118,0.310,0.888,0.641,0.311
streets,29,24,0,2,14.75,12.25,1.20,-0.234,0.025,0.250,19,inf,0.00,2.83,1.62,0.859,0.865,0.202,0.125,0.310,0.866,0.493,0.286
streets,-14,25,0,0,-6.75,12.75,2.44,0.589,0.110,0.472,85,14.38,5.75,6.85,2.13,0.657,0.823,0.691,0.559,0.586,0.572,0.333,0.395
streets,-13,25,0,0,-6.25,12.75,2.41,0.572,0.106,0.556,82,14.07,5.86,7.06,2.90,0.647,0.758,0.680,0.539,0.690,0.556,0.090,0.333
streets,-12,25,0,0,-5.75,12.75,1.90,0.071,0.100,0.611,77,13.59,6.11,7.00,2.62,0.650,0.782,0.383,0.507,0.759,0.561,0.179,0.241
streets,-11,25,0,0,-5.25,12.75,1.89,0.081,0.087,0.556,67,13.30,6.30,6.71,2.33,0.665,0.806,0.389,0.441,0.690,0.582,0.271,0.259
streets,-10,25,0,0,-4.75,12.75,1.89,0.099,0.066,0.500,51,13.12,6.17,6.58,2.12,0.671,0.823,0.400,0.336,0.621,0.591,0.336,0.263
streets,-2,25,0,0,-0.75,12.75,0.96,-0.620,0.000,0.000,0,13.49,11.90,8.22,0.00,0.589,1.000,0.000,0.000,0.000,0.471,1.000,0.244
streets,-2,25,1,0,-0.75,12.75,2.70,1.124,0.000,0.000,0,12.70,0.00,1.12,0.00,0.944,1.000,1.000,0.000,0.000,0.991,1.000,0.648
streets,-1,25,0,0,-0.25,12.75,0.96,-0.587,0.000,0.000,0,13.29,11.69,8.02,0.00,0.599,1.000,0.000,0.000,0.000,0.486,1.000,0.247
streets,-1,25,1,0,-0.25,12.75,2.69,1.141,0.128,0.333,99,12.60,0.50,0.71,0.50,0.965,0.958,1.000,0.651,0.414,1.000,0.843,0.695
streets,0,25,0,0,0.25,12.75,1.01,-0.508,0.017,0.222,13,13.17,11.57,7.13,2.10,0.643,0.825,0.040,0.086,0.276,0.551,0.341,0.149
streets,0,25,1,0,0.25,12.75,2.69,1.173,0.148,0.417,114,12.54,1.00,0.50,0.50,0.975,0.958,1.000,0.750,0.517,1.000,0.843,0.699
streets,1,25,0,0,0.75,12.75,2.69,1.202,0.152,0.500,117,12.60,1.50,0.71,0.71,0.965,0.941,1.000,0.770,0.621,1.000,0.778,0.678
streets,2,25,0,0,1.25,12.75,1.01,-0.448,0.000,0.000,0,11.80,9.84,4.00,0.00,0.800,1.000,0.075,0.000,0.000,0.780,1.000,0.329
streets,2,25,1,0,1.25,12.75,2.70,1.246,0.144,0.444,111,12.72,2.00,1.12,1.12,0.944,0.907,1.000,0.730,0.552,0.991,0.650,0.659
streets,3,25,0,0,1.75,12.75,1.01,-0.423,0.000,0.000,0,11.91,9.43,3.50,0.00,0.825,1.000,0.090,0.000,0.000,0.817,1.000,0.340
streets,4,25,0,0,2.25,12.75,1.01,-0.410,0.000,0.000,0,12.21,9.13,3.00,0.00,0.850,1.000,0.098,0.000,0.000,0.854,1.000,0.350
streets,5,25,0,0,2.75,12.75,1.01,-0.396,0.089,0.556,69,12.15,9.01,2.50,0.50,0.875,0.958,0.106,0.454,0.690,0.890,0.843,0.324
streets,6,25,0,0,3.25,12.75,0.99,-0.406,0.095,0.611,73,12.27,8.90,2.00,1.00,0.900,0.917,0.100,0.480,0.759,0.927,0.687,0.301
streets,7,25,0,0,3.75,12.75,0.99,-0.395,0.101,0.750,78,12.39,9.02,1.50,1.50,0.925,0.875,0.107,0.513,0.931,0.963,0.530,0.267
streets,8,25,0,0,4.25,12.75,0.99,-0.379,0.109,0.750,84,12.50,9.13,1.00,2.00,0.950,0.833,0.116,0.553,0.931,1.000,0.373,0.262
streets,9,25,0,0,4.75,12.75,1.00,-0.361,0.109,0.806,84,12.80,9.43,0.50,2.50,0.975,0.792,0.127,0.553,1.000,1.000,0.217,0.231
streets,10,25,0,0,5.25,12.75,1.00,-0.334,0.114,0.833,88,13.10,9.72,0.00,2.62,1.000,0.782,0.143,0.579,1.000,1.000,0.180,0.236
streets,11,25,0,0,5.75,12.75,1.00,-0.300,0.111,0.778,86,13.39,10.13,0.50,2.12,0.975,0.823,0.163,0.566,0.966,1.000,0.336,0.268
streets,12,25,0,0,6.25,12.75,1.00,-0.277,0.117,0.806,90,13.69,10.55,1.00,1.62,0.950,0.865,0.177,0.592,1.000,1.000,0.493,0.295
streets,13,25,0,0,6.75,12.75,1.00,-0.261,0.114,0.694,88,13.99,10.96,1.50,1.12,0.925,0.907,0.186,0.579,0.862,0.963,0.650,0.332
streets,14,25,0,0,7.25,12.75,1.01,-0.238,0.111,0.556,86,14.40,11.37,2.00,0.71,0.900,0.941,0.200,0.566,0.690,0.927,0.778,0.372
streets,15,25,0,0,7.75,12.75,1.00,-0.251,0.095,0.500,73,14.81,11.83,2.50,0.50,0.875,0.958,0.192,0.480,0.621,0.890,0.843,0.365
streets,16,25,0,0,8.25,12.75,1.10,-0.149,0.000,0.000,0,15.22,12.32,3.00,0.00,0.850,1.000,0.252,0.000,0.000,0.853,1.000,0.396
streets,18,25,0,2,9.25,12.75,1.20,-0.081,0.003,0.056,2,inf,5.62,3.85,0.50,0.807,0.958,0.293,0.013,0.069,0.791,0.843,0.365
streets,19,25,0,2,9.75,12.75,1.20,-0.090,0.000,0.000,0,inf,5.12,3.35,0.00,0.832,1.000,0.288,0.000,0.000,0.828,1.000,0.402
streets,20,25,0,2,10.25,12.75,1.20,-0.105,0.027,0.361,21,inf,4.62,2.94,0.50,0.853,0.958,0.279,0.138,0.448,0.858,0.843,0.342
streets,21,25,0,2,10.75,12.75,1.20,-0.118,0.026,0.333,20,inf,4.12,2.53,1.00,0.873,0.917,0.271,0.132,0.414,0.888,0.687,0.326
streets,22,25,0,2,11.25,12.75,1.20,-0.134,0.026,0.389,20,inf,3.62,2.12,1.12,0.894,0.907,0.261,0.132,0.483,0.918,0.650,0.313
streets,23,25,0,2,11.75,12.75,1.20,-0.152,0.025,0.389,19,inf,3.12,1.83,1.41,0.909,0.882,0.251,0.125,0.483,0.940,0.557,0.299
streets,24,25,0,2,12.25,12.75,1.20,-0.174,0.025,0.417,19,inf,2.62,1.62,1.41,0.919,0.882,0.238,0.125,0.517,0.955,0.557,0.293
streets,25,25,0,2,12.75,12.75,1.20,-0.185,0.025,0.417,19,inf,2.12,1.50,1.12,0.925,0.907,0.231,0.125,0.517,0.963,0.649,0.307
streets,26,25,0,2,13.25,12.75,1.20,-0.204,0.025,0.417,19,inf,1.62,1.62,1.53,0.919,0.872,0.220,0.125,0.517,0.955,0.520,0.282
streets,27,25,0,2,13.75,12.75,1.20,-0.218,0.025,0.333,19,inf,1.12,1.83,1.53,0.909,0.872,0.212,0.125,0.414,0.940,0.520,0.292
streets,28,25,0,2,14.25,12.75,1.20,-0.217,0.026,0.361,20,inf,0.71,2.12,1.41,0.894,0.882,0.212,0.132,0.448,0.918,0.557,0.290
streets,29,25,0,2,14.75,12.75,1.20,-0.215,0.025,0.306,19,inf,0.50,2.53,1.62,0.873,0.865,0.213,0.125,0.379,0.888,0.493,0.284
streets,-14,26,0,0,-6.75,13.25,1.91,0.060,0.091,0.444,70,14.58,6.39,7.50,2.00,0.625,0.833,0.376,0.461,0.552,0.524,0.373,0.283
streets,-13,26,0,0,-6.25,13.25,1.89,0.040,0.105,0.472,81,14.29,6.51,7.61,2.50,0.619,0.792,0.364,0.533,0.586,0.516,0.217,0.264
streets,-12,26,0,0,-5.75,13.25,1.89,0.049,0.092,0.528,71,13.99,6.61,7.40,2.33,0.630,0.806,0.370,0.467,0.655,0.531,0.271,0.253
streets,-11,26,0,0,-5.25,13.25,1.90,0.072,0.078,0.556,60,13.72,6.77,7.18,1.91,0.641,0.840,0.384,0.395,0.690,0.547,0.400,0.260
streets,-10,26,0,0,-4.75,13.25,1.89,0.081,0.069,0.472,53,13.60,6.65,7.07,1.62,0.647,0.865,0.389,0.349,0.586,0.556,0.493,0.284
streets,-2,26,0,0,-0.75,13.25,0.96,-0.648,0.000,0.000,0,13.90,12.31,8.63,0.00,0.568,1.000,0.000,0.000,0.000,0.441,1.000,0.238
streets,-1,26,0,0,-0.25,13.25,0.96,-0.614,0.000,0.000,0,13.79,12.19,8.52,0.00,0.574,1.000,0.000,0.000,0.000,0.450,1.000,0.240
streets,-1,26,1,0,-0.25,13.25,2.69,1.113,0.003,0.028,2,13.10,1.00,1.12,0.50,0.944,0.958,1.000,0.013,0.034,0.991,0.843,0.622
streets,0,26,0,0,0.25,13.25,1.01,-0.532,0.012,0.167,9,13.67,12.07,7.63,2.10,0.618,0.825,0.025,0.059,0.207,0.514,0.341,0.143
streets,0,26,1,0,0.25,13.25,2.69,1.143,0.001,0.028,1,13.04,1.12,1.00,0.50,0.950,0.958,1.000,0.007,0.034,1.000,0.843,0.623
streets,2,26,0,0,1.25,13.25,1.01,-0.478,0.000,0.000,0,12.30,9.63,4.12,0.00,0.794,1.000,0.058,0.000,0.000,0.772,1.000,0.322
streets,3,26,0,0,1.75,13.25,1.01,-0.450,0.000,0.000,0,12.41,9.13,3.62,0.00,0.819,1.000,0.074,0.000,0.000,0.808,1.000,0.334
streets,4,26,0,0,2.25,13.25,1.01,-0.436,0.000,0.000,0,12.62,8.72,3.12,0.00,0.844,1.000,0.082,0.000,0.000,0.845,1.000,0.344
streets,4,26,1,0,2.25,13.25,2.95,1.503,0.000,0.000,0,13.65,3.56,2.44,0.00,0.878,1.000,1.000,0.000,0.000,0.895,1.000,0.629
streets,5,26,0,0,2.75,13.25,1.01,-0.420,0.088,0.528,68,12.65,8.51,2.62,0.50,0.869,0.958,0.092,0.447,0.655,0.882,0.843,0.322
streets,6,26,0,0,3.25,13.25,0.99,-0.429,0.093,0.556,72,12.77,8.40,2.12,1.00,0.894,0.917,0.086,0.474,0.690,0.918,0.687,0.304
streets,7,26,0,0,3.75,13.25,0.99,-0.415,0.097,0.694,75,12.89,8.52,1.62,1.50,0.919,0.875,0.095,0.493,0.862,0.955,0.530,0.268
streets,8,26,0,0,4.25,13.25,0.99,-0.399,0.101,0.722,78,13.00,8.72,1.12,2.00,0.944,0.833,0.104,0.513,0.897,0.991,0.373,0.254
streets,9,26,0,0,4.75,13.25,0.99,-0.380,0.108,0.750,83,13.21,9.02,0.71,2.50,0.965,0.792,0.116,0.546,0.931,1.000,0.217,0.237
streets,10,26,0,0,5.25,13.25,0.99,-0.346,0.102,0.778,79,13.51,9.43,0.50,2.74,0.975,0.772,0.136,0.520,0.966,1.000,0.143,0.221
streets,11,26,0,0,5.75,13.25,0.99,-0.318,0.108,0.806,83,13.80,9.84,0.71,2.24,0.965,0.814,0.152,0.546,1.000,1.000,0.299,0.250
streets,12,26,0,0,6.25,13.25,0.99,-0.285,0.111,0.778,86,14.10,10.25,1.12,1.83,0.944,0.848,0.172,0.566,0.966,0.991,0.428,0.282
streets,13,26,0,0,6.75,13.25,0.99,-0.264,0.114,0.750,88,14.40,10.71,1.62,1.41,0.919,0.882,0.184,0.579,0.931,0.955,0.557,0.306
streets,14,26,0,0,7.25,13.25,1.00,-0.241,0.111,0.583,86,14.69,11.20,2.12,1.00,0.894,0.917,0.198,0.566,0.724,0.918,0.686,0.351
streets,15,26,0,0,7.75,13.25,1.00,-0.241,0.100,0.528,77,15.10,11.62,2.62,0.50,0.869,0.958,0.198,0.507,0.655,0.882,0.843,0.365
streets,16,26,0,0,8.25,13.25,1.04,-0.207,0.000,0.000,0,15.51,12.03,3.12,0.00,0.844,1.000,0.218,0.000,0.000,0.845,1.000,0.384
streets,18,26,0,2,9.25,13.25,1.20,-0.066,0.001,0.028,1,inf,5.74,3.74,0.50,0.813,0.958,0.302,0.007,0.034,0.800,0.843,0.373
streets,19,26,0,2,9.75,13.25,1.20,-0.078,0.000,0.000,0,inf,5.24,3.24,0.00,0.838,1.000,0.295,0.000,0.000,0.836,1.000,0.406
streets,20,26,0,2,10.25,13.25,1.20,-0.091,0.023,0.306,18,inf,4.74,2.74,0.50,0.863,0.958,0.287,0.118,0.379,0.873,0.843,0.354
streets,21,26,0,2,10.75,13.25,1.20,-0.105,0.026,0.389,20,inf,4.24,2.24,1.00,0.888,0.917,0.279,0.132,0.483,0.910,0.687,0.322
streets,22,26,0,2,11.25,13.25,1.20,-0.119,0.025,0.361,19,inf,3.74,1.83,1.50,0.909,0.875,0.270,0.125,0.448,0.940,0.530,0.306
streets,23,26,0,2,11.75,13.25,1.20,-0.136,0.026,0.417,20,inf,3.24,1.41,1.83,0.929,0.848,0.260,0.132,0.517,0.970,0.428,0.285
streets,24,26,0,2,12.25,13.25,1.20,-0.154,0.025,0.417,19,inf,2.74,1.12,1.83,0.944,0.848,0.250,0.125,0.517,0.991,0.428,0.285
streets,25,26,0,2,12.75,13.25,1.20,-0.170,0.025,0.417,19,inf,2.24,1.00,1.62,0.950,0.865,0.240,0.125,0.517,1.000,0.493,0.293
streets,26,26,0,2,13.25,13.25,1.20,-0.185,0.023,0.389,18,inf,1.83,1.12,1.41,0.944,0.882,0.231,0.118,0.483,0.991,0.557,0.302
streets,27,26,0,2,13.75,13.25,1.20,-0.196,0.023,0.361,18,inf,1.41,1.41,1.12,0.929,0.907,0.225,0.118,0.448,0.970,0.650,0.315
streets,28,26,0,2,14.25,13.25,1.20,-0.191,0.022,0.306,17,inf,1.12,1.83,1.00,0.909,0.917,0.228,0.112,0.379,0.940,0.687,0.325
streets,29,26,0,2,14.75,13.25,1.20,-0.186,0.025,0.333,19,inf,1.00,2.24,1.12,0.888,0.907,0.231,0.125,0.414,0.910,0.650,0.312
streets,-14,27,0,0,-6.75,13.75,1.91,0.044,0.083,0.417,64,14.99,6.88,7.98,2.12,0.601,0.823,0.367,0.421,0.517,0.489,0.336,0.265
streets,-13,27,0,0,-6.25,13.75,1.89,0.026,0.101,0.472,78,14.70,6.99,8.10,2.00,0.595,0.833,0.357,0.513,0.586,0.480,0.373,0.274
streets,-12,27,0,0,-5.75,13.75,1.89,0.036,0.091,0.472,70,14.42,7.10,7.82,2.12,0.609,0.823,0.362,0.461,0.586,0.500,0.336,0.263
streets,-11,27,0,0,-5.25,13.75,1.90,0.061,0.078,0.500,60,14.22,7.23,7.68,1.62,0.616,0.865,0.377,0.395,0.621,0.511,0.493,0.275
streets,-10,27,0,0,-4.75,13.75,1.89,0.056,0.073,0.500,56,14.10,7.15,7.57,1.21,0.622,0.899,0.374,0.368,0.621,0.519,0.622,0.290
streets,-9,27,0,0,-4.25,13.75,1.91,0.084,0.065,0.389,50,14.24,7.29,7.70,1.00,0.615,0.917,0.391,0.329,0.483,0.509,0.686,0.315
streets,-2,27,0,0,-0.75,13.75,2.70,1.062,0.012,0.139,9,13.81,1.71,1.83,0.71,0.909,0.941,0.971,0.059,0.172,0.940,0.778,0.582
streets,-1,27,0,0,-0.25,13.75,2.70,1.095,0.009,0.139,7,13.60,1.50,1.62,0.50,0.919,0.958,0.990,0.046,0.172,0.955,0.843,0.598
streets,0,27,0,0,0.25,13.75,2.70,1.123,0.010,0.111,8,13.54,1.62,1.50,0.50,0.925,0.958,1.000,0.053,0.138,0.963,0.843,0.609
streets,4,27,0,0,2.25,13.75,1.01,-0.462,0.022,0.139,17,13.12,8.31,3.24,0.50,0.838,0.958,0.067,0.112,0.172,0.836,0.843,0.310
streets,5,27,0,0,2.75,13.75,1.01,-0.446,0.088,0.556,68,13.15,8.01,2.74,0.50,0.863,0.958,0.076,0.447,0.690,0.873,0.843,0.310
streets,6,27,0,0,3.25,13.75,1.00,-0.442,0.097,0.639,75,13.27,7.90,2.24,1.00,0.888,0.917,0.079,0.493,0.793,0.909,0.687,0.288
streets,7,27,0,0,3.75,13.75,1.00,-0.427,0.098,0.750,76,13.39,8.02,1.83,1.50,0.909,0.875,0.088,0.500,0.931,0.940,0.530,0.254
streets,8,27,0,0,4.25,13.75,1.00,-0.408,0.102,0.778,79,13.50,8.31,1.41,2.00,0.929,0.833,0.099,0.520,0.966,0.970,0.373,0.239
streets,9,27,0,0,4.75,13.75,1.02,-0.369,0.106,0.861,82,13.62,8.72,1.12,2.50,0.944,0.792,0.122,0.539,1.000,0.991,0.217,0.225
streets,10,27,0,0,5.25,13.75,1.00,-0.356,0.108,0.778,83,13.92,9.13,1.00,2.94,0.950,0.755,0.130,0.546,0.966,1.000,0.078,0.215
streets,11,27,0,0,5.75,13.75,1.00,-0.317,0.104,0.806,80,14.21,9.59,1.12,2.53,0.944,0.789,0.153,0.526,1.000,0.991,0.207,0.230
streets,12,27,0,0,6.25,13.75,1.00,-0.280,0.114,0.833,88,14.51,10.08,1.41,2.12,0.929,0.823,0.175,0.579,1.000,0.970,0.336,0.263
streets,13,27,0,0,6.75,13.75,1.00,-0.254,0.111,0.722,86,14.81,10.51,1.83,1.62,0.909,0.865,0.190,0.566,0.897,0.940,0.493,0.298
streets,14,27,0,0,7.25,13.75,1.00,-0.244,0.114,0.611,88,15.10,10.91,2.24,1.12,0.888,0.907,0.196,0.579,0.759,0.909,0.650,0.340
streets,15,27,0,0,7.75,13.75,0.99,-0.257,0.105,0.556,81,15.40,11.41,2.74,0.71,0.863,0.941,0.188,0.533,0.690,0.873,0.778,0.351
streets,20,27,0,2,10.25,13.75,1.20,-0.082,0.022,0.250,17,inf,4.85,2.62,1.00,0.869,0.917,0.292,0.112,0.310,0.882,0.687,0.343
streets,21,27,0,2,10.75,13.75,1.20,-0.093,0.025,0.361,19,inf,4.35,2.12,1.21,0.894,0.899,0.286,0.125,0.448,0.918,0.622,0.320
streets,22,27,0,2,11.25,13.75,1.20,-0.105,0.022,0.333,17,inf,3.85,1.62,1.62,0.919,0.865,0.279,0.112,0.414,0.955,0.493,0.309
streets,23,27,0,2,11.75,13.75,1.19,-0.119,0.023,0.306,18,inf,3.35,1.12,1.94,0.944,0.838,0.270,0.118,0.379,0.991,0.391,0.305
streets,24,27,0,2,12.25,13.75,1.19,-0.132,0.023,0.389,18,inf,2.94,0.71,1.65,0.965,0.863,0.263,0.118,0.483,1.000,0.484,0.303
streets,25,27,0,2,12.75,13.75,1.19,-0.147,0.025,0.361,19,inf,2.53,0.50,1.53,0.975,0.873,0.254,0.125,0.448,1.000,0.521,0.312
streets,26,27,0,2,13.25,13.75,1.19,-0.154,0.022,0.361,17,inf,2.12,0.71,1.21,0.965,0.899,0.249,0.112,0.448,1.000,0.622,0.323
streets,27,27,0,2,13.75,13.75,1.19,-0.165,0.018,0.278,14,inf,1.83,1.12,0.71,0.944,0.941,0.243,0.092,0.345,0.991,0.778,0.355
streets,28,27,0,2,14.25,13.75,1.20,-0.159,0.022,0.306,17,inf,1.62,1.62,0.50,0.919,0.958,0.246,0.112,0.379,0.955,0.843,0.357
streets,29,27,0,2,14.75,13.75,1.20,-0.154,0.023,0.333,18,inf,1.50,2.12,0.71,0.894,0.941,0.249,0.118,0.414,0.918,0.778,0.337
streets,30,27,0,2,15.25,13.75,1.20,-0.157,0.025,0.306,19,inf,1.62,2.62,1.12,0.869,0.907,0.248,0.125,0.379,0.882,0.650,0.316
streets,-14,28,0,0,-6.75,14.25,1.91,0.047,0.071,0.333,55,15.41,7.38,8.48,1.62,0.576,0.865,0.369,0.362,0.414,0.452,0.493,0.285
streets,-13,28,0,0,-6.25,14.25,1.89,0.025,0.101,0.444,78,15.11,7.49,8.52,1.50,0.574,0.875,0.356,0.513,0.552,0.450,0.530,0.296
streets,-12,28,0,0,-5.75,14.25,1.89,0.029,0.084,0.444,65,14.84,7.60,8.30,1.62,0.585,0.865,0.358,0.428,0.552,0.465,0.493,0.277
streets,-11,28,0,0,-5.25,14.25,1.91,0.047,0.082,0.472,63,14.72,7.73,8.18,1.50,0.591,0.875,0.369,0.414,0.586,0.474,0.530,0.280
streets,-10,28,0,0,-4.75,14.25,1.91,0.044,0.074,0.472,57,14.60,7.65,8.07,1.00,0.597,0.917,0.367,0.375,0.586,0.483,0.687,0.297
streets,-9,28,0,0,-4.25,14.25,1.89,0.035,0.067,0.472,52,14.72,7.77,7.99,0.50,0.601,0.958,0.362,0.342,0.586,0.489,0.843,0.313
streets,-8,28,0,0,-3.75,14.25,1.91,0.082,0.027,0.333,21,14.95,7.58,7.69,2.53,0.615,0.789,0.389,0.138,0.414,0.510,0.207,0.215
streets,-2,28,0,0,-0.75,14.25,2.44,0.765,0.017,0.222,13,14.25,2.15,2.26,1.15,0.887,0.905,0.795,0.086,0.276,0.907,0.641,0.492
streets,-1,28,0,0,-0.25,14.25,2.44,0.802,0.075,0.333,58,14.13,2.03,2.15,0.50,0.893,0.958,0.817,0.382,0.414,0.916,0.843,0.569
streets,0,28,0,0,0.25,14.25,2.44,0.835,0.078,0.222,60,14.07,2.14,2.03,0.56,0.899,0.953,0.836,0.395,0.276,0.925,0.824,0.597
streets,4,28,0,0,2.25,14.25,1.01,-0.499,0.032,0.250,25,14.15,7.10,3.15,1.62,0.843,0.865,0.045,0.164,0.310,0.843,0.493,0.242
streets,5,28,0,0,2.75,14.25,1.01,-0.477,0.091,0.528,70,13.65,7.60,2.65,0.50,0.868,0.958,0.058,0.461,0.655,0.879,0.843,0.314
streets,6,28,0,0,3.25,14.25,1.20,-0.267,0.097,0.583,75,13.78,7.38,2.13,1.02,0.893,0.915,0.182,0.493,0.724,0.917,0.681,0.330
streets,7,28,0,0,3.75,14.25,1.20,-0.247,0.102,0.750,79,13.91,7.59,1.63,1.52,0.918,0.873,0.194,0.520,0.931,0.954,0.524,0.292
streets,8,28,0,0,4.25,14.25,1.20,-0.223,0.101,0.750,78,14.02,8.00,1.13,2.02,0.943,0.832,0.209,0.513,0.931,0.990,0.368,0.279
streets,9,28,0,0,4.75,14.25,1.24,-0.163,0.111,0.750,86,14.15,8.45,0.72,2.52,0.964,0.790,0.244,0.566,0.931,1.000,0.211,0.278
streets,10,28,0,0,5.25,14.25,1.20,-0.167,0.113,0.778,87,14.35,8.95,0.53,3.02,0.974,0.748,0.242,0.572,0.966,1.000,0.054,0.250
streets,11,28,0,0,5.75,14.25,1.20,-0.123,0.111,0.750,86,14.64,9.37,0.73,2.75,0.964,0.770,0.268,0.566,0.931,1.000,0.137,0.274
streets,12,28,0,0,6.25,14.25,1.20,-0.081,0.105,0.722,81,14.94,9.77,1.13,2.25,0.943,0.812,0.293,0.533,0.897,0.990,0.294,0.302
streets,13,28,0,0,6.75,14.25,1.20,-0.058,0.114,0.722,88,15.23,10.27,1.63,1.85,0.918,0.846,0.307,0.579,0.897,0.954,0.421,0.327
streets,14,28,0,0,7.25,14.25,1.20,-0.044,0.111,0.583,86,15.53,10.77,2.13,1.42,0.893,0.881,0.315,0.566,0.724,0.917,0.554,0.366
streets,15,28,0,0,7.75,14.25,1.09,-0.153,0.108,0.528,83,15.81,11.28,2.64,1.22,0.868,0.898,0.250,0.546,0.655,0.880,0.618,0.355
streets,16,28,0,0,8.25,14.25,2.88,1.645,0.109,0.444,84,17.04,12.22,3.88,2.69,0.806,0.776,1.000,0.553,0.552,0.789,0.158,0.509
streets,20,28,0,2,10.25,14.25,1.20,-0.073,0.025,0.306,19,inf,4.97,2.50,1.50,0.875,0.875,0.298,0.125,0.379,0.890,0.530,0.315
streets,21,28,0,2,10.75,14.25,1.20,-0.080,0.027,0.444,21,inf,4.47,2.00,1.62,0.900,0.865,0.293,0.138,0.552,0.927,0.493,0.292
streets,22,28,0,2,11.25,14.25,1.20,-0.090,0.026,0.444,20,inf,4.06,1.50,1.91,0.925,0.840,0.288,0.132,0.552,0.963,0.400,0.283
streets,23,28,0,2,11.75,14.25,1.19,-0.100,0.027,0.500,21,inf,3.65,1.00,1.65,0.950,0.863,0.282,0.138,0.621,1.000,0.484,0.292
streets,24,28,0,2,12.25,14.25,1.19,-0.108,0.025,0.361,19,inf,3.24,0.50,1.24,0.975,0.897,0.277,0.125,0.448,1.000,0.613,0.333
streets,25,28,0,2,12.75,14.25,1.19,-0.115,0.026,0.472,20,inf,2.83,0.00,1.03,1.000,0.914,0.273,0.132,0.586,1.000,0.678,0.322
streets,28,28,0,2,14.25,14.25,1.20,-0.131,0.009,0.139,7,inf,2.12,2.12,1.03,0.894,0.914,0.263,0.046,0.172,0.918,0.678,0.348
streets,29,28,0,2,14.75,14.25,1.20,-0.115,0.019,0.306,15,inf,2.00,2.24,0.50,0.888,0.958,0.272,0.099,0.379,0.910,0.843,0.353
streets,30,28,0,2,15.25,14.25,1.20,-0.119,0.022,0.306,17,inf,2.12,2.74,1.00,0.863,0.917,0.270,0.112,0.379,0.873,0.687,0.324
streets,-14,29,0,0,-6.75,14.75,1.91,0.055,0.070,0.361,54,15.82,7.88,8.98,1.12,0.551,0.907,0.373,0.355,0.448,0.415,0.650,0.296
streets,-13,29,0,0,-6.25,14.75,1.89,0.024,0.095,0.361,73,15.54,7.99,8.94,1.00,0.553,0.917,0.355,0.480,0.448,0.419,0.687,0.322
streets,-12,29,0,0,-5.75,14.75,1.88,0.011,0.087,0.444,67,15.34,8.10,8.80,1.21,0.560,0.899,0.348,0.441,0.552,0.429,0.622,0.289
streets,-11,29,0,0,-5.25,14.75,1.90,0.020,0.084,0.472,65,15.22,8.22,8.60,1.50,0.570,0.875,0.353,0.428,0.586,0.444,0.530,0.272
streets,-10,29,0,0,-4.75,14.75,1.91,0.027,0.076,0.417,59,15.10,7.99,8.10,1.12,0.595,0.907,0.357,0.388,0.517,0.480,0.650,0.301
streets,-9,29,0,0,-4.25,14.75,1.91,0.027,0.071,0.444,55,15.22,7.58,7.69,0.71,0.616,0.941,0.357,0.362,0.552,0.510,0.778,0.315
streets,-8,29,0,0,-3.75,14.75,1.89,0.022,0.045,0.417,35,15.36,7.16,7.28,1.91,0.636,0.840,0.354,0.230,0.517,0.540,0.400,0.243
streets,-7,29,0,0,-3.25,14.75,1.91,0.064,0.028,0.278,22,15.66,6.87,6.98,2.12,0.651,0.823,0.379,0.145,0.345,0.562,0.336,0.254
streets,-2,29,0,0,-0.75,14.75,2.18,0.467,0.017,0.250,13,14.81,2.71,2.83,1.54,0.859,0.872,0.618,0.086,0.310,0.866,0.517,0.407
streets,-1,29,0,0,-0.25,14.75,2.18,0.501,0.022,0.278,17,14.70,2.60,2.71,1.13,0.864,0.906,0.638,0.112,0.345,0.875,0.646,0.434
streets,0,29,0,0,0.25,14.75,2.18,0.531,0.025,0.250,19,14.64,2.71,2.60,1.13,0.870,0.906,0.656,0.125,0.310,0.883,0.646,0.449
streets,6,29,0,0,3.25,14.75,1.20,-0.288,0.097,0.556,75,14.28,6.88,2.02,1.13,0.899,0.905,0.170,0.493,0.690,0.926,0.645,0.328
streets,7,29,0,0,3.75,14.75,1.38,-0.091,0.104,0.694,80,14.44,7.32,1.50,1.66,0.925,0.861,0.287,0.526,0.862,0.963,0.479,0.326
streets,8,29,0,0,4.25,14.75,1.38,-0.065,0.108,0.778,83,14.55,7.81,1.00,2.15,0.950,0.821,0.302,0.546,0.966,1.000,0.327,0.304
streets,9,29,0,0,4.75,14.75,1.46,0.045,0.118,0.750,91,14.70,8.22,0.51,2.66,0.975,0.779,0.367,0.599,0.931,1.000,0.168,0.315
streets,10,29,0,0,5.25,14.75,1.38,-0.001,0.115,0.778,89,14.80,8.64,0.00,3.15,1.000,0.738,0.340,0.586,0.966,1.000,0.013,0.276
streets,11,29,0,0,5.75,14.75,1.38,0.046,0.119,0.750,92,15.08,9.14,0.50,2.98,0.975,0.752,0.368,0.605,0.931,1.000,0.066,0.302
streets,12,29,0,0,6.25,14.75,1.38,0.091,0.114,0.722,88,15.37,9.64,1.00,2.56,0.950,0.787,0.395,0.579,0.897,1.000,0.199,0.330
streets,13,29,0,0,6.75,14.75,1.38,0.118,0.113,0.639,87,15.67,10.14,1.50,2.15,0.925,0.821,0.411,0.572,0.793,0.963,0.326,0.360
streets,14,29,0,0,7.25,14.75,1.32,0.072,0.118,0.583,91,15.95,10.64,2.00,1.88,0.900,0.844,0.383,0.599,0.724,0.927,0.412,0.373
streets,21,29,0,2,10.75,14.75,1.20,-0.068,0.022,0.333,17,inf,4.77,2.12,2.12,0.894,0.823,0.301,0.112,0.414,0.918,0.336,0.285
streets,22,29,0,2,11.25,14.75,1.20,-0.073,0.025,0.361,19,inf,4.36,1.62,2.01,0.919,0.832,0.298,0.125,0.448,0.955,0.369,0.293
streets,23,29,0,2,11.75,14.75,1.19,-0.079,0.026,0.389,20,inf,3.95,1.12,1.51,0.944,0.874,0.294,0.132,0.483,0.991,0.525,0.319
streets,24,29,0,2,12.25,14.75,1.19,-0.080,0.025,0.417,19,inf,3.54,0.71,1.01,0.965,0.915,0.294,0.125,0.517,1.000,0.682,0.338
streets,25,29,0,2,12.75,14.75,1.19,-0.083,0.026,0.361,20,inf,3.24,0.50,0.53,0.975,0.956,0.292,0.132,0.448,1.000,0.834,0.372
streets,26,29,0,2,13.25,14.75,1.36,0.090,0.012,0.222,9,inf,3.56,0.73,1.51,0.964,0.874,0.394,0.059,0.276,1.000,0.526,0.368
streets,27,29,0,2,13.75,14.75,1.36,0.083,0.010,0.167,8,inf,3.15,1.23,1.03,0.939,0.914,0.390,0.053,0.207,0.983,0.678,0.395
streets,28,29,0,2,14.25,14.75,1.20,-0.072,0.017,0.250,13,inf,2.62,1.74,0.50,0.913,0.958,0.298,0.086,0.310,0.946,0.843,0.376
streets,29,29,0,2,14.75,14.75,1.20,-0.066,0.018,0.306,14,inf,2.50,2.24,1.62,0.888,0.865,0.302,0.092,0.379,0.909,0.493,0.308
streets,30,29,0,2,15.25,14.75,1.20,-0.068,0.022,0.278,17,inf,2.62,2.74,1.12,0.863,0.907,0.300,0.112,0.345,0.872,0.650,0.333
streets,-13,30,0,0,-6.25,15.25,1.91,0.054,0.100,0.361,77,15.96,8.49,9.42,0.50,0.529,0.958,0.373,0.507,0.448,0.384,0.843,0.349
streets,-12,30,0,0,-5.75,15.25,1.89,0.011,0.100,0.389,77,15.84,8.60,8.98,1.00,0.551,0.917,0.347,0.507,0.483,0.416,0.687,0.319
streets,-11,30,0,0,-5.25,15.25,1.89,-0.006,0.095,0.444,73,15.72,8.37,8.48,1.00,0.576,0.917,0.337,0.480,0.552,0.452,0.687,0.308
streets,-10,30,0,0,-4.75,15.25,1.90,0.005,0.085,0.444,66,15.60,7.87,7.98,1.12,0.601,0.907,0.344,0.434,0.552,0.489,0.650,0.302
streets,-9,30,0,0,-4.25,15.25,1.91,0.004,0.079,0.444,61,15.72,7.37,7.48,1.00,0.626,0.917,0.344,0.401,0.552,0.525,0.687,0.309
streets,-8,30,0,0,-3.75,15.25,1.91,0.002,0.057,0.417,44,15.84,6.87,6.98,0.71,0.651,0.941,0.342,0.289,0.517,0.562,0.778,0.312
streets,-7,30,0,0,-3.25,15.25,1.89,0.000,0.038,0.417,29,16.07,6.46,6.57,1.21,0.671,0.899,0.341,0.191,0.517,0.592,0.622,0.275
streets,-4,30,0,0,-1.75,15.25,1.93,0.117,0.008,0.111,6,16.97,4.87,4.98,2.62,0.751,0.782,0.410,0.039,0.138,0.708,0.179,0.279
streets,-3,30,0,0,-1.25,15.25,1.93,0.138,0.012,0.222,9,16.85,4.75,4.87,1.50,0.757,0.875,0.423,0.059,0.276,0.717,0.529,0.320
streets,-2,30,0,0,-0.75,15.25,1.92,0.171,0.025,0.278,19,15.36,3.26,3.38,1.12,0.831,0.906,0.442,0.125,0.345,0.826,0.648,0.368
streets,-1,30,0,0,-0.25,15.25,1.92,0.204,0.035,0.444,27,15.26,3.16,3.26,0.75,0.837,0.937,0.462,0.178,0.552,0.834,0.765,0.373
streets,0,30,0,0,0.25,15.25,1.93,0.245,0.026,0.333,20,15.19,3.26,3.15,1.41,0.842,0.882,0.486,0.132,0.414,0.842,0.557,0.362
streets,2,30,0,0,1.25,15.25,1.92,0.296,0.009,0.139,7,16.61,4.86,4.40,0.51,0.780,0.958,0.516,0.046,0.172,0.751,0.841,0.415
streets,3,30,0,0,1.75,15.25,1.84,0.243,0.013,0.194,10,16.49,4.98,4.28,0.51,0.786,0.958,0.485,0.066,0.241,0.760,0.841,0.401
streets,4,30,0,0,2.25,15.25,1.72,0.154,0.092,0.444,71,14.97,5.88,3.25,1.01,0.838,0.915,0.432,0.467,0.552,0.836,0.682,0.410
streets,6,30,0,0,3.25,15.25,2.22,0.710,0.104,0.583,80,15.21,6.60,2.32,1.74,0.884,0.855,0.762,0.526,0.724,0.904,0.454,0.474
streets,8,30,0,0,4.25,15.25,1.60,0.142,0.113,0.694,87,15.09,7.50,1.14,2.32,0.943,0.807,0.425,0.572,0.862,0.990,0.273,0.352
streets,9,30,0,0,4.75,15.25,1.60,0.175,0.118,0.750,91,15.21,8.00,0.74,2.80,0.963,0.766,0.445,0.599,0.931,1.000,0.121,0.332
streets,10,30,0,0,5.25,15.25,1.60,0.219,0.123,0.722,95,15.32,8.50,0.55,3.29,0.973,0.726,0.471,0.625,0.897,1.000,0.000,0.332
streets,11,30,0,0,5.75,15.25,1.60,0.266,0.118,0.778,91,15.54,9.00,0.74,3.24,0.963,0.730,0.498,0.599,0.966,1.000,0.000,0.324
streets,12,30,0,0,6.25,15.25,1.60,0.318,0.114,0.694,88,15.82,9.50,1.14,2.74,0.943,0.772,0.530,0.579,0.862,0.990,0.142,0.365
streets,14,30,0,0,7.25,15.25,2.23,0.970,0.115,0.556,89,16.68,10.66,2.32,1.99,0.884,0.834,0.916,0.586,0.690,0.903,0.376,0.526
streets,17,30,0,0,8.75,15.25,1.53,0.286,0.036,0.222,28,18.10,12.00,3.88,1.26,0.806,0.895,0.511,0.184,0.276,0.789,0.605,0.397
streets,18,30,0,0,9.25,15.25,1.26,0.017,0.035,0.167,27,18.56,12.55,4.43,1.00,0.779,0.916,0.351,0.178,0.207,0.749,0.685,0.362
streets,19,30,0,0,9.75,15.25,1.20,-0.047,0.034,0.111,26,19.06,13.05,4.93,0.50,0.754,0.958,0.313,0.171,0.138,0.712,0.843,0.376
streets,21,30,0,2,10.75,15.25,1.20,-0.058,0.023,0.333,18,inf,5.06,2.24,2.62,0.888,0.782,0.306,0.118,0.414,0.910,0.180,0.262
streets,22,30,0,2,11.25,15.25,1.20,-0.059,0.025,0.361,19,inf,4.65,1.83,2.13,0.909,0.822,0.306,0.125,0.448,0.940,0.332,0.287
streets,23,30,0,2,11.75,15.25,1.20,-0.059,0.026,0.417,20,inf,4.24,1.41,1.63,0.929,0.864,0.306,0.132,0.517,0.970,0.489,0.308
streets,24,30,0,2,12.25,15.25,1.20,-0.059,0.025,0.417,19,inf,3.95,1.12,1.13,0.944,0.906,0.306,0.125,0.517,0.991,0.646,0.334
streets,25,30,0,2,12.75,15.25,1.20,-0.056,0.026,0.417,20,inf,3.74,1.00,0.73,0.950,0.939,0.307,0.132,0.517,1.000,0.772,0.357
streets,26,30,0,2,13.25,15.25,1.20,-0.055,0.022,0.389,17,inf,3.74,1.12,0.53,0.944,0.956,0.308,0.112,0.483,0.991,0.835,0.366
streets,27,30,0,2,13.75,15.25,1.20,-0.050,0.021,0.333,16,inf,3.24,1.41,1.12,0.929,0.907,0.311,0.105,0.414,0.970,0.650,0.344
streets,28,30,0,2,14.25,15.25,1.20,-0.032,0.019,0.250,15,inf,3.12,1.86,0.73,0.907,0.939,0.322,0.099,0.310,0.937,0.772,0.373
streets,29,30,0,2,14.75,15.25,1.20,-0.027,0.021,0.278,16,inf,3.00,2.36,1.12,0.882,0.907,0.325,0.105,0.345,0.901,0.650,0.344
streets,-13,31,0,0,-6.25,15.75,1.91,0.046,0.000,0.000,0,16.46,8.99,9.37,0.00,0.532,1.000,0.368,0.000,0.000,0.388,1.000,0.338
streets,-12,31,0,0,-5.75,15.75,1.91,0.038,0.100,0.361,77,16.34,8.75,8.87,0.50,0.557,0.958,0.363,0.507,0.448,0.424,0.843,0.354
streets,-11,31,0,0,-5.25,15.75,1.89,-0.006,0.097,0.389,75,16.22,8.25,8.37,0.50,0.582,0.958,0.337,0.493,0.483,0.461,0.843,0.346
streets,-10,31,0,0,-4.75,15.75,1.89,-0.020,0.091,0.389,70,16.10,7.75,7.87,0.71,0.607,0.941,0.329,0.461,0.483,0.497,0.778,0.335
streets,-9,31,0,0,-4.25,15.75,1.90,-0.025,0.088,0.444,68,16.22,7.25,7.36,1.12,0.632,0.907,0.326,0.447,0.552,0.534,0.650,0.309
streets,-8,31,0,0,-3.75,15.75,1.91,-0.026,0.078,0.417,60,16.34,6.75,6.86,0.71,0.657,0.941,0.325,0.395,0.517,0.571,0.778,0.330
streets,-7,31,0,0,-3.25,15.75,1.91,-0.015,0.062,0.444,48,16.48,6.25,6.36,1.00,0.682,0.917,0.332,0.316,0.552,0.607,0.687,0.304
streets,-6,31,0,0,-2.75,15.75,1.89,-0.012,0.051,0.417,39,16.77,5.75,5.86,1.21,0.707,0.899,0.334,0.257,0.517,0.644,0.621,0.296
streets,-5,31,0,0,-2.25,15.75,1.89,0.006,0.038,0.333,29,17.18,5.25,5.36,0.71,0.732,0.941,0.344,0.191,0.414,0.680,0.778,0.332
streets,-4,31,0,0,-1.75,15.75,1.89,0.037,0.039,0.444,30,16.85,4.75,4.86,0.50,0.757,0.958,0.363,0.197,0.552,0.717,0.843,0.335
streets,-3,31,0,0,-1.25,15.75,1.89,0.068,0.038,0.361,29,16.35,4.25,4.36,0.50,0.782,0.958,0.381,0.191,0.448,0.754,0.843,0.362
streets,-2,31,0,0,-0.75,15.75,1.89,0.091,0.048,0.500,37,15.85,3.75,3.86,0.50,0.807,0.958,0.395,0.243,0.621,0.790,0.843,0.358
streets,-1,31,0,0,-0.25,15.75,1.89,0.121,0.052,0.528,40,15.74,3.64,3.75,0.71,0.812,0.941,0.413,0.263,0.655,0.799,0.778,0.355
streets,0,31,0,0,0.25,15.75,1.88,0.153,0.048,0.417,37,15.68,3.75,3.64,0.50,0.818,0.958,0.432,0.243,0.517,0.807,0.843,0.388
streets,1,31,0,0,0.75,15.75,1.92,0.230,0.043,0.389,33,15.78,3.86,3.74,0.71,0.813,0.941,0.477,0.217,0.483,0.799,0.778,0.391
streets,2,31,0,0,1.25,15.75,1.92,0.266,0.045,0.389,35,16.28,4.36,4.24,0.50,0.788,0.958,0.499,0.230,0.483,0.763,0.843,0.402
streets,3,31,0,0,1.75,15.75,1.84,0.216,0.048,0.417,37,15.99,4.86,3.78,0.50,0.811,0.958,0.469,0.243,0.517,0.796,0.843,0.398
streets,4,31,0,0,2.25,15.75,1.72,0.130,0.108,0.528,83,15.47,5.38,3.27,0.51,0.837,0.957,0.418,0.546,0.655,0.834,0.839,0.429
streets,5,31,0,0,2.75,15.75,1.60,0.035,0.109,0.611,84,15.47,5.89,2.76,1.03,0.862,0.914,0.362,0.553,0.759,0.871,0.678,0.381
streets,6,31,0,0,3.25,15.75,1.60,0.067,0.114,0.583,88,15.36,6.38,2.26,1.52,0.887,0.873,0.381,0.579,0.724,0.908,0.523,0.381
streets,7,31,0,0,3.75,15.75,1.60,0.095,0.114,0.639,88,15.46,6.88,1.85,2.02,0.908,0.832,0.397,0.579,0.793,0.938,0.367,0.359
streets,8,31,0,0,4.25,15.75,1.60,0.128,0.113,0.750,87,15.58,7.38,1.43,2.52,0.928,0.790,0.417,0.572,0.931,0.968,0.210,0.325
streets,9,31,0,0,4.75,15.75,1.60,0.161,0.115,0.667,89,15.69,7.88,1.14,3.02,0.943,0.748,0.436,0.586,0.828,0.990,0.053,0.330
streets,10,31,0,0,5.25,15.75,1.60,0.212,0.117,0.778,90,15.82,8.38,1.02,3.44,0.949,0.713,0.466,0.592,0.966,0.998,0.000,0.313
streets,11,31,0,0,5.75,15.75,1.60,0.265,0.114,0.722,88,15.94,8.88,1.14,3.12,0.943,0.740,0.498,0.579,0.897,0.990,0.022,0.332
streets,12,31,0,0,6.25,15.75,1.60,0.309,0.114,0.722,88,16.22,9.38,1.43,2.62,0.928,0.782,0.524,0.579,0.897,0.968,0.179,0.359
streets,13,31,0,0,6.75,15.75,1.60,0.324,0.113,0.639,87,16.51,9.88,1.85,2.12,0.908,0.823,0.533,0.572,0.793,0.938,0.336,0.393
streets,14,31,0,0,7.25,15.75,1.60,0.335,0.108,0.583,83,16.80,10.38,2.26,1.62,0.887,0.865,0.539,0.546,0.724,0.908,0.492,0.418
streets,15,31,0,0,7.75,15.75,1.60,0.344,0.108,0.556,83,17.10,10.88,2.76,1.12,0.862,0.907,0.545,0.546,0.690,0.871,0.649,0.441
streets,16,31,0,0,8.25,15.75,1.60,0.347,0.108,0.472,83,17.39,11.38,3.26,0.71,0.837,0.941,0.547,0.546,0.586,0.835,0.777,0.469
streets,17,31,0,0,8.75,15.75,1.53,0.274,0.095,0.389,73,17.90,11.89,3.76,0.50,0.812,0.958,0.503,0.480,0.483,0.798,0.843,0.461
streets,18,31,0,0,9.25,15.75,1.26,0.012,0.051,0.250,39,18.45,12.44,4.31,0.50,0.784,0.958,0.348,0.257,0.310,0.757,0.842,0.387
streets,19,31,0,0,9.75,15.75,1.20,-0.054,0.000,0.000,0,18.95,12.94,4.82,0.00,0.759,1.000,0.309,0.000,0.000,0.720,1.000,0.387
streets,21,31,0,2,10.75,15.75,1.20,-0.063,0.021,0.250,16,inf,5.36,2.53,3.12,0.873,0.740,0.303,0.105,0.310,0.888,0.023,0.247
streets,22,31,0,2,11.25,15.75,1.20,-0.063,0.022,0.333,17,inf,4.95,2.12,2.75,0.894,0.771,0.303,0.112,0.414,0.918,0.139,0.256
streets,23,31,0,2,11.75,15.75,1.20,-0.063,0.023,0.389,18,inf,4.65,1.83,2.25,0.909,0.813,0.303,0.118,0.483,0.940,0.295,0.274
streets,24,31,0,2,12.25,15.75,1.20,-0.062,0.026,0.389,20,inf,4.36,1.62,1.42,0.919,0.881,0.304,0.132,0.483,0.955,0.554,0.319
streets,25,31,0,2,12.75,15.75,1.20,-0.060,0.026,0.444,20,inf,4.24,1.50,1.13,0.925,0.906,0.305,0.132,0.552,0.963,0.646,0.325
streets,26,31,0,2,13.25,15.75,1.20,-0.050,0.023,0.389,18,inf,3.94,1.62,1.13,0.919,0.906,0.311,0.118,0.483,0.955,0.646,0.332
streets,27,31,0,2,13.75,15.75,1.20,-0.050,0.023,0.278,18,inf,3.74,1.83,1.01,0.909,0.915,0.311,0.118,0.345,0.940,0.682,0.356
streets,28,31,0,2,14.25,15.75,1.20,-0.031,0.023,0.306,18,inf,3.62,2.12,1.13,0.894,0.906,0.323,0.118,0.379,0.918,0.646,0.344
streets,29,31,0,2,14.75,15.75,1.20,-0.023,0.023,0.333,18,inf,3.50,2.53,1.42,0.873,0.881,0.327,0.118,0.414,0.888,0.554,0.320
streets,-12,32,0,0,-5.75,16.25,1.91,0.042,0.000,0.000,0,16.84,8.87,8.98,0.00,0.551,1.000,0.366,0.000,0.000,0.416,1.000,0.343
streets,-11,32,0,0,-5.25,16.25,1.91,0.026,0.000,0.000,0,16.72,8.37,8.48,0.00,0.576,1.000,0.356,0.000,0.000,0.452,1.000,0.347
streets,-10,32,0,0,-4.75,16.25,1.89,-0.020,0.096,0.361,74,16.60,7.87,7.98,0.50,0.601,0.958,0.329,0.487,0.448,0.489,0.843,0.353
streets,-9,32,0,0,-4.25,16.25,1.89,-0.037,0.093,0.389,72,16.72,7.37,7.48,0.71,0.626,0.941,0.319,0.474,0.483,0.525,0.778,0.340
streets,-8,32,0,0,-3.75,16.25,1.90,-0.037,0.084,0.417,65,16.84,6.87,6.98,1.12,0.651,0.907,0.319,0.428,0.517,0.562,0.650,0.313
streets,-7,32,0,0,-3.25,16.25,1.91,-0.029,0.076,0.417,59,16.96,6.37,6.48,1.00,0.676,0.917,0.323,0.388,0.517,0.599,0.687,0.320
streets,-6,32,0,0,-2.75,16.25,1.91,-0.021,0.060,0.417,46,17.18,5.87,5.98,1.41,0.701,0.882,0.329,0.303,0.517,0.635,0.557,0.292
streets,-5,32,0,0,-2.25,16.25,1.91,0.008,0.056,0.389,43,17.47,5.37,5.48,1.12,0.726,0.907,0.345,0.283,0.483,0.672,0.650,0.320
streets,-4,32,0,0,-1.75,16.25,1.91,0.034,0.044,0.361,34,16.97,4.87,4.98,1.00,0.751,0.917,0.361,0.224,0.448,0.708,0.687,0.330
streets,-3,32,0,0,-1.25,16.25,1.90,0.060,0.043,0.389,33,16.56,4.46,4.57,1.00,0.771,0.917,0.377,0.217,0.483,0.738,0.687,0.335
streets,-2,32,0,0,-0.75,16.25,1.90,0.082,0.051,0.417,39,16.35,4.25,4.36,1.00,0.782,0.917,0.390,0.257,0.517,0.754,0.687,0.344
streets,-1,32,0,0,-0.25,16.25,1.89,0.109,0.056,0.472,43,16.24,4.14,4.25,1.12,0.787,0.907,0.406,0.283,0.586,0.762,0.650,0.340
streets,0,32,0,0,0.25,16.25,1.89,0.133,0.056,0.444,43,16.18,4.25,4.14,1.00,0.793,0.917,0.420,0.283,0.552,0.770,0.686,0.357
streets,1,32,0,0,0.75,16.25,1.92,0.210,0.054,0.500,42,16.28,4.36,4.24,1.12,0.788,0.907,0.466,0.276,0.621,0.763,0.650,0.352
streets,2,32,0,0,1.25,16.25,1.92,0.249,0.057,0.417,44,16.49,4.57,4.40,1.00,0.780,0.917,0.489,0.289,0.517,0.751,0.687,0.380
streets,3,32,0,0,1.75,16.25,1.84,0.201,0.087,0.444,67,16.19,4.98,3.90,1.00,0.805,0.917,0.460,0.441,0.552,0.788,0.687,0.404
streets,4,32,0,0,2.25,16.25,1.72,0.117,0.115,0.500,89,15.97,5.49,3.38,0.72,0.831,0.940,0.411,0.586,0.621,0.826,0.775,0.429
streets,5,32,0,0,2.75,16.25,1.60,0.026,0.110,0.583,85,15.97,6.00,2.97,1.14,0.852,0.905,0.357,0.559,0.724,0.856,0.642,0.378
streets,6,32,0,0,3.25,16.25,1.60,0.054,0.120,0.583,93,15.86,6.50,2.55,1.64,0.873,0.863,0.373,0.612,0.724,0.887,0.487,0.376
streets,7,32,0,0,3.75,16.25,1.60,0.084,0.114,0.639,88,15.96,7.00,2.14,2.14,0.893,0.822,0.391,0.579,0.793,0.917,0.330,0.347
streets,8,32,0,0,4.25,16.25,1.60,0.119,0.106,0.611,82,16.08,7.50,1.85,2.64,0.908,0.780,0.411,0.539,0.759,0.938,0.173,0.331
streets,9,32,0,0,4.75,16.25,1.60,0.163,0.111,0.611,86,16.19,8.00,1.64,3.14,0.918,0.738,0.438,0.566,0.759,0.953,0.017,0.324
streets,10,32,0,0,5.25,16.25,1.60,0.214,0.111,0.667,86,16.32,8.50,1.52,3.64,0.924,0.697,0.468,0.566,0.828,0.962,0.000,0.322
streets,11,32,0,0,5.75,16.25,1.60,0.267,0.110,0.583,85,16.44,9.00,1.64,3.24,0.918,0.730,0.499,0.559,0.724,0.953,0.000,0.344
streets,12,32,0,0,6.25,16.25,1.60,0.304,0.105,0.556,81,16.64,9.50,1.85,2.74,0.908,0.772,0.521,0.533,0.690,0.938,0.142,0.368
streets,13,32,0,0,6.75,16.25,1.60,0.313,0.111,0.556,86,16.92,10.00,2.14,2.24,0.893,0.813,0.527,0.566,0.690,0.917,0.299,0.396
streets,14,32,0,0,7.25,16.25,1.60,0.320,0.106,0.472,82,17.22,10.50,2.55,1.83,0.873,0.848,0.531,0.539,0.586,0.887,0.428,0.421
streets,15,32,0,0,7.75,16.25,1.60,0.331,0.105,0.444,81,17.51,11.00,2.97,1.42,0.852,0.882,0.537,0.533,0.552,0.856,0.556,0.440
streets,16,32,0,0,8.25,16.25,1.60,0.333,0.100,0.417,77,17.80,11.50,3.38,1.12,0.831,0.907,0.539,0.507,0.517,0.826,0.649,0.448
streets,17,32,0,0,8.75,16.25,1.53,0.261,0.102,0.361,79,18.10,12.00,3.88,0.76,0.806,0.937,0.496,0.520,0.448,0.789,0.763,0.458
streets,18,32,0,0,9.25,16.25,1.26,-0.000,0.078,0.222,60,18.56,12.55,4.43,0.50,0.779,0.958,0.341,0.395,0.276,0.749,0.842,0.416
streets,19,32,0,0,9.75,16.25,1.20,-0.063,0.000,0.000,0,19.06,13.06,4.93,0.00,0.753,1.000,0.303,0.000,0.000,0.712,1.000,0.383
streets,21,32,0,2,10.75,16.25,1.20,-0.068,0.023,0.250,18,inf,5.66,2.83,3.37,0.859,0.719,0.300,0.118,0.310,0.866,0.000,0.240
streets,22,32,0,2,11.25,16.25,1.20,-0.070,0.025,0.250,19,inf,5.36,2.53,2.54,0.873,0.788,0.300,0.125,0.310,0.888,0.203,0.276
streets,23,32,0,2,11.75,16.25,1.20,-0.072,0.026,0.306,20,inf,5.06,2.24,2.13,0.888,0.822,0.298,0.132,0.379,0.910,0.332,0.291
streets,24,32,0,2,12.25,16.25,1.20,-0.069,0.023,0.306,18,inf,4.86,2.12,1.84,0.894,0.847,0.300,0.118,0.379,0.918,0.424,0.304
streets,25,32,0,2,12.75,16.25,1.20,-0.066,0.026,0.278,20,inf,4.65,2.00,1.63,0.900,0.864,0.302,0.132,0.345,0.927,0.489,0.324
streets,26,32,0,2,13.25,16.25,1.20,-0.053,0.023,0.306,18,inf,4.35,2.12,1.51,0.894,0.874,0.309,0.118,0.379,0.918,0.526,0.322
streets,27,32,0,2,13.75,16.25,1.20,-0.052,0.025,0.278,19,inf,4.24,2.24,1.51,0.888,0.874,0.310,0.125,0.345,0.910,0.526,0.327
streets,28,32,0,2,14.25,16.25,1.20,-0.032,0.023,0.222,18,inf,4.12,2.53,1.63,0.873,0.864,0.322,0.118,0.276,0.888,0.489,0.330
streets,29,32,0,2,14.75,16.25,1.20,-0.024,0.025,0.250,19,inf,4.00,2.83,1.84,0.859,0.847,0.327,0.125,0.310,0.866,0.424,0.313
streets,-11,33,0,0,-5.25,16.75,1.91,0.016,0.000,0.000,0,17.22,8.49,8.60,0.00,0.570,1.000,0.350,0.000,0.000,0.444,1.000,0.344
streets,-10,33,0,0,-4.75,16.75,1.91,-0.001,0.000,0.000,0,17.10,7.99,8.10,0.00,0.595,1.000,0.340,0.000,0.000,0.480,1.000,0.348
streets,-9,33,0,0,-4.25,16.75,1.89,-0.037,0.092,0.333,71,17.22,7.49,7.60,0.50,0.620,0.958,0.319,0.467,0.414,0.517,0.843,0.357
streets,-8,33,0,0,-3.75,16.75,1.88,-0.050,0.087,0.389,67,17.34,6.99,7.10,0.71,0.645,0.941,0.311,0.441,0.483,0.553,0.778,0.336
streets,-7,33,0,0,-3.25,16.75,1.88,-0.057,0.075,0.389,58,17.46,6.49,6.60,1.12,0.670,0.907,0.307,0.382,0.483,0.590,0.650,0.311
streets,-6,33,0,0,-2.75,16.75,1.88,-0.049,0.065,0.417,50,17.60,5.99,6.10,1.12,0.695,0.907,0.312,0.329,0.517,0.627,0.650,0.305
streets,-5,33,0,0,-2.25,16.75,1.88,-0.028,0.056,0.361,43,17.68,5.58,5.69,1.41,0.715,0.882,0.325,0.283,0.448,0.657,0.557,0.302
streets,-4,33,0,0,-1.75,16.75,1.88,0.004,0.056,0.472,43,17.27,5.16,5.28,1.12,0.736,0.907,0.343,0.283,0.586,0.687,0.650,0.306
streets,-3,33,0,0,-1.25,16.75,1.88,0.032,0.048,0.417,37,16.97,4.87,4.98,1.50,0.751,0.875,0.360,0.243,0.517,0.708,0.530,0.300
streets,-2,33,0,0,-0.75,16.75,1.88,0.060,0.051,0.472,39,16.85,4.75,4.86,1.50,0.757,0.875,0.376,0.257,0.586,0.717,0.530,0.299
streets,-1,33,0,0,-0.25,16.75,1.88,0.102,0.051,0.444,39,16.74,4.64,4.75,1.41,0.762,0.882,0.402,0.257,0.552,0.725,0.557,0.318
streets,0,33,0,0,0.25,16.75,1.88,0.135,0.049,0.417,38,16.68,4.75,4.64,1.50,0.768,0.875,0.421,0.250,0.517,0.734,0.530,0.325
streets,6,33,0,0,3.25,16.75,1.60,0.051,0.106,0.556,82,16.36,6.62,2.85,1.84,0.858,0.847,0.371,0.539,0.690,0.865,0.423,0.352
streets,7,33,0,0,3.75,16.75,1.60,0.086,0.102,0.556,79,16.46,7.12,2.55,2.26,0.873,0.812,0.392,0.520,0.690,0.887,0.291,0.339
streets,8,33,0,0,4.25,16.75,1.60,0.115,0.100,0.611,77,16.58,7.62,2.26,2.76,0.887,0.770,0.409,0.507,0.759,0.908,0.136,0.312
streets,9,33,0,0,4.75,16.75,1.60,0.164,0.101,0.583,78,16.69,8.12,2.14,3.26,0.893,0.729,0.438,0.513,0.724,0.917,0.000,0.309
streets,10,33,0,0,5.25,16.75,1.60,0.215,0.098,0.611,76,16.81,8.62,2.02,3.76,0.899,0.687,0.469,0.500,0.759,0.925,0.000,0.312
streets,11,33,0,0,5.75,16.75,1.60,0.263,0.104,0.583,80,16.94,9.12,2.14,3.36,0.893,0.720,0.497,0.526,0.724,0.917,0.000,0.329
streets,12,33,0,0,6.25,16.75,1.60,0.292,0.105,0.583,81,17.05,9.62,2.26,2.95,0.887,0.755,0.514,0.533,0.724,0.908,0.077,0.345
streets,13,33,0,0,6.75,16.75,1.60,0.298,0.109,0.528,84,17.34,10.12,2.55,2.53,0.873,0.789,0.518,0.553,0.655,0.887,0.206,0.376
streets,14,33,0,0,7.25,16.75,1.60,0.314,0.108,0.472,83,17.63,10.62,2.85,2.12,0.858,0.823,0.527,0.546,0.586,0.865,0.335,0.403
streets,-9,34,0,0,-4.25,17.25,1.91,-0.020,0.030,0.222,23,17.72,7.60,7.72,0.71,0.614,0.941,0.329,0.151,0.276,0.508,0.778,0.306
streets,-8,34,0,0,-3.75,17.25,1.91,-0.022,0.079,0.306,61,17.84,7.10,7.22,0.50,0.639,0.958,0.328,0.401,0.379,0.545,0.843,0.357
streets,-7,34,0,0,-3.25,17.25,1.91,-0.021,0.078,0.333,60,17.96,6.69,6.81,1.00,0.660,0.917,0.329,0.395,0.414,0.575,0.687,0.333
streets,-6,34,0,0,-2.75,17.25,1.91,-0.011,0.067,0.361,52,18.08,6.28,6.40,1.41,0.680,0.882,0.334,0.342,0.448,0.605,0.557,0.306
streets,-5,34,0,0,-2.25,17.25,1.91,0.002,0.058,0.306,45,17.97,5.87,5.99,1.50,0.701,0.875,0.342,0.296,0.379,0.635,0.530,0.311
streets,-4,34,0,0,-1.75,17.25,1.91,0.022,0.052,0.333,40,17.68,5.58,5.69,1.50,0.715,0.875,0.354,0.263,0.414,0.657,0.530,0.308
streets,-3,34,0,0,-1.25,17.25,1.91,0.053,0.052,0.361,40,17.47,5.37,5.48,1.50,0.726,0.875,0.373,0.263,0.448,0.672,0.530,0.311
streets,-2,34,0,0,-0.75,17.25,1.91,0.082,0.051,0.333,39,17.35,5.25,5.36,1.62,0.732,0.865,0.389,0.257,0.414,0.680,0.493,0.316
streets,-1,34,0,0,-0.25,17.25,1.91,0.123,0.044,0.417,34,17.24,5.14,5.25,1.83,0.737,0.848,0.414,0.224,0.517,0.689,0.428,0.293
streets,0,34,0,0,0.25,17.25,1.91,0.152,0.034,0.250,26,17.18,5.25,5.14,2.24,0.743,0.814,0.431,0.171,0.310,0.697,0.299,0.301
streets,6,34,0,0,3.25,17.25,2.22,0.662,0.092,0.333,71,17.04,7.41,3.39,2.64,0.830,0.780,0.734,0.467,0.414,0.825,0.174,0.442
streets,7,34,0,0,3.75,17.25,1.60,0.071,0.096,0.417,74,16.96,7.32,2.96,2.55,0.852,0.788,0.383,0.487,0.517,0.856,0.201,0.336
streets,8,34,0,0,4.25,17.25,1.60,0.112,0.096,0.472,74,17.08,7.74,2.76,2.96,0.862,0.753,0.407,0.487,0.586,0.871,0.073,0.317
streets,9,34,0,0,4.75,17.25,1.60,0.167,0.095,0.472,73,17.19,8.24,2.64,3.38,0.868,0.718,0.440,0.480,0.586,0.880,0.000,0.316
streets,10,34,0,0,5.25,17.25,1.60,0.209,0.095,0.472,73,17.31,8.74,2.52,3.87,0.874,0.677,0.465,0.480,0.586,0.888,0.000,0.325
streets,11,34,0,0,5.75,17.25,1.60,0.246,0.098,0.472,76,17.44,9.24,2.64,3.65,0.868,0.696,0.487,0.500,0.586,0.880,0.000,0.334
streets,12,34,0,0,6.25,17.25,1.60,0.264,0.100,0.472,77,17.55,9.74,2.76,3.24,0.862,0.730,0.497,0.507,0.586,0.871,0.000,0.337
streets,13,34,0,0,6.75,17.25,1.60,0.283,0.102,0.417,79,17.76,10.24,2.96,2.83,0.852,0.764,0.509,0.520,0.517,0.856,0.113,0.367
streets,14,34,0,0,7.25,17.25,1.60,0.290,0.098,0.333,76,18.04,10.74,3.26,2.53,0.837,0.789,0.513,0.500,0.414,0.835,0.206,0.390
